process_id,batch_id,timestamp,batch_size,batch_time_seconds,avg_query_time_seconds,success
5,1,1784808098.1680107,8,0.007000446319580078,0.0008750557899475098,True
5,2,1784808098.1760988,8,0.006885051727294922,0.0008606314659118652,True
5,3,1784808098.1834967,8,0.006144285202026367,0.0007680356502532959,True
5,4,1784808098.190144,8,0.006850719451904297,0.0008563399314880371,True
5,5,1784808098.1980624,8,0.007450580596923828,0.0009313225746154785,True
5,6,1784808098.2059348,8,0.00581669807434082,0.0007270872592926025,True
5,7,1784808098.2125194,8,0.006711244583129883,0.0008389055728912354,True
5,8,1784808098.2196727,8,0.006277799606323242,0.0007847249507904053,True
5,9,1784808098.226602,8,0.006183624267578125,0.0007729530334472656,True
5,10,1784808098.2332766,8,0.0060272216796875,0.0007534027099609375,True
5,11,1784808098.2400072,8,0.006960153579711914,0.0008700191974639893,True
5,12,1784808098.2476966,8,0.0056035518646240234,0.0007004439830780029,True
5,13,1784808098.254215,8,0.007940292358398438,0.0009925365447998047,True
5,14,1784808098.2633948,8,0.006577253341674805,0.0008221566677093506,True
5,15,1784808098.2710345,8,0.006440162658691406,0.0008050203323364258,True
5,16,1784808098.277911,8,0.007483243942260742,0.0009354054927825928,True
5,17,1784808098.2872865,8,0.009039163589477539,0.0011298954486846924,True
5,18,1784808098.297099,8,0.00687718391418457,0.0008596479892730713,True
5,19,1784808098.304845,8,0.008269786834716797,0.0010337233543395996,True
5,20,1784808098.3144858,8,0.007512092590332031,0.0009390115737915039,True
5,21,1784808098.322492,8,0.009086370468139648,0.001135796308517456,True
5,22,1784808098.3320858,8,0.008728742599487305,0.001091092824935913,True
5,23,1784808098.3419013,8,0.007771730422973633,0.0009714663028717041,True
5,24,1784808098.3506649,8,0.007864713668823242,0.0009830892086029053,True
5,25,1784808098.3590782,8,0.007799386978149414,0.0009749233722686768,True
5,26,1784808098.3696592,8,0.007203817367553711,0.0009004771709442139,True
5,27,1784808098.3774424,8,0.008345842361450195,0.0010432302951812744,True
5,28,1784808098.3879123,8,0.008466958999633789,0.0010583698749542236,True
5,29,1784808098.3969166,8,0.009935140609741211,0.0012418925762176514,True
5,30,1784808098.407559,8,0.0070035457611083984,0.0008754432201385498,True
5,31,1784808098.4164996,8,0.007518768310546875,0.0009398460388183594,True
5,32,1784808098.4246283,8,0.009992122650146484,0.0012490153312683105,True
5,33,1784808098.4351678,8,0.008903980255126953,0.0011129975318908691,True
5,34,1784808098.444627,8,0.009777069091796875,0.0012221336364746094,True
5,35,1784808098.4557161,8,0.010408163070678711,0.0013010203838348389,True
5,36,1784808098.4669971,8,0.008819818496704102,0.0011024773120880127,True
5,37,1784808098.478911,8,0.011759757995605469,0.0014699697494506836,True
5,38,1784808098.4913642,8,0.009088993072509766,0.0011361241340637207,True
5,39,1784808098.5014153,8,0.011708259582519531,0.0014635324478149414,True
5,40,1784808098.5135787,8,0.009756326675415039,0.0012195408344268799,True
5,41,1784808098.5267766,8,0.008587837219238281,0.0010734796524047852,True
5,42,1784808098.5357664,8,0.011120080947875977,0.001390010118484497,True
5,43,1784808098.547455,8,0.010425806045532227,0.0013032257556915283,True
5,44,1784808098.5592713,8,0.00851893424987793,0.0010648667812347412,True
5,45,1784808098.576056,8,0.011361360549926758,0.0014201700687408447,True
5,46,1784808098.5924847,8,0.006362199783325195,0.0007952749729156494,True
5,47,1784808098.6052666,8,0.01309967041015625,0.0016374588012695312,True
5,48,1784808098.6261659,8,0.011459112167358398,0.0014323890209197998,True
5,49,1784808098.6384568,8,0.012364625930786133,0.0015455782413482666,True
5,50,1784808098.657346,8,0.00637364387512207,0.0007967054843902588,True
5,51,1784808098.6764953,8,0.010973453521728516,0.0013716816902160645,True
5,52,1784808098.690568,8,0.016581058502197266,0.002072632312774658,True
5,53,1784808098.708868,8,0.012600183486938477,0.0015750229358673096,True
5,54,1784808098.7227497,8,0.015897750854492188,0.0019872188568115234,True
5,55,1784808098.7410176,8,0.012543678283691406,0.0015679597854614258,True
5,56,1784808098.764318,8,0.007882833480834961,0.0009853541851043701,True
5,57,1784808098.7845125,8,0.00850820541381836,0.001063525676727295,True
5,58,1784808098.8076835,8,0.009402275085449219,0.0011752843856811523,True
5,59,1784808098.8283017,8,0.0070269107818603516,0.0008783638477325439,True
5,60,1784808098.8521633,8,0.009825944900512695,0.001228243112564087,True
5,61,1784808098.8733768,8,0.006936311721801758,0.0008670389652252197,True
5,62,1784808098.8998048,8,0.007884979248046875,0.0009856224060058594,True
5,63,1784808098.919643,8,0.0068531036376953125,0.0008566379547119141,True
5,64,1784808098.9419734,8,0.006358146667480469,0.0007947683334350586,True
5,65,1784808098.9582915,8,0.008549928665161133,0.0010687410831451416,True
5,66,1784808098.9837747,8,0.00874018669128418,0.0010925233364105225,True
5,67,1784808099.0009406,8,0.012480020523071289,0.0015600025653839111,True
5,68,1784808099.0252728,8,0.007991313934326172,0.0009989142417907715,True
5,69,1784808099.0487008,8,0.007944583892822266,0.0009930729866027832,True
5,70,1784808099.0722308,8,0.007094144821166992,0.000886768102645874,True
5,71,1784808099.0892966,8,0.008455753326416016,0.001056969165802002,True
5,72,1784808099.1140149,8,0.0065920352935791016,0.0008240044116973877,True
5,73,1784808099.1342168,8,0.00701451301574707,0.0008768141269683838,True
5,74,1784808099.1537337,8,0.006362438201904297,0.0007953047752380371,True
5,75,1784808099.1741145,8,0.008205890655517578,0.0010257363319396973,True
5,76,1784808099.1997783,8,0.01159977912902832,0.00144997239112854,True
5,77,1784808099.2297254,8,0.007549762725830078,0.0009437203407287598,True
5,78,1784808099.2467115,8,0.010708808898925781,0.0013386011123657227,True
5,79,1784808099.2622464,8,0.013584613800048828,0.0016980767250061035,True
5,80,1784808099.277773,8,0.016665220260620117,0.0020831525325775146,True
5,81,1784808099.2954955,8,0.018611431121826172,0.0023264288902282715,True
5,82,1784808099.3152504,8,0.019032716751098633,0.002379089593887329,True
5,83,1784808099.335495,8,0.01817631721496582,0.0022720396518707275,True
5,84,1784808099.3667636,8,0.010930776596069336,0.001366347074508667,True
5,85,1784808099.3808925,8,0.015843629837036133,0.0019804537296295166,True
5,86,1784808099.3979206,8,0.0189816951751709,0.0023727118968963623,True
5,87,1784808099.4181924,8,0.01793813705444336,0.00224226713180542,True
5,88,1784808099.437404,8,0.019229650497436523,0.0024037063121795654,True
5,89,1784808099.4580336,8,0.020134449005126953,0.002516806125640869,True
5,90,1784808099.4788404,8,0.019415855407714844,0.0024269819259643555,True
5,91,1784808099.5001106,8,0.0198822021484375,0.0024852752685546875,True
5,92,1784808099.5289748,8,0.011132478713989258,0.0013915598392486572,True
5,93,1784808099.5548904,8,0.008784770965576172,0.0010980963706970215,True
5,94,1784808099.572388,8,0.00858306884765625,0.0010728836059570312,True
5,95,1784808099.5861363,8,0.017009496688842773,0.0021261870861053467,True
5,96,1784808099.6039126,8,0.023085832595825195,0.0028857290744781494,True
5,97,1784808099.6276538,8,0.018727540969848633,0.002340942621231079,True
5,98,1784808099.6470623,8,0.020003557205200195,0.0025004446506500244,True
5,99,1784808099.6684587,8,0.018739700317382812,0.0023424625396728516,True
5,100,1784808099.6883297,8,0.019908905029296875,0.0024886131286621094,True
5,101,1784808099.708814,8,0.019727706909179688,0.002465963363647461,True
5,102,1784808099.729017,8,0.020188331604003906,0.0025235414505004883,True
5,103,1784808099.750574,8,0.020675182342529297,0.002584397792816162,True
5,104,1784808099.7760468,8,0.017513036727905273,0.002189129590988159,True
5,105,1784808099.7940643,8,0.020194053649902344,0.002524256706237793,True
5,106,1784808099.814979,8,0.021979331970214844,0.0027474164962768555,True
5,107,1784808099.8383002,8,0.016782045364379883,0.0020977556705474854,True
5,108,1784808099.8566992,8,0.020662784576416016,0.002582848072052002,True
5,109,1784808099.8798358,8,0.015112876892089844,0.0018891096115112305,True
5,110,1784808099.8956249,8,0.02288675308227539,0.002860844135284424,True
5,111,1784808099.9193773,8,0.01875925064086914,0.0023449063301086426,True
5,112,1784808099.9386544,8,0.020097017288208008,0.002512127161026001,True
5,113,1784808099.959268,8,0.01948094367980957,0.0024351179599761963,True
5,114,1784808099.9793267,8,0.019899606704711914,0.0024874508380889893,True
5,115,1784808099.9999382,8,0.01952528953552246,0.0024406611919403076,True
5,116,1784808100.020291,8,0.018085718154907227,0.0022607147693634033,True
5,117,1784808100.0403743,8,0.018854141235351562,0.0023567676544189453,True
5,118,1784808100.060013,8,0.019299983978271484,0.0024124979972839355,True
5,119,1784808100.083229,8,0.014775991439819336,0.001846998929977417,True
5,120,1784808100.0985434,8,0.018610715866088867,0.0023263394832611084,True
5,121,1784808100.117707,8,0.02369236946105957,0.0029615461826324463,True
5,122,1784808100.1426156,8,0.019403934478759766,0.0024254918098449707,True
5,123,1784808100.162584,8,0.018950223922729492,0.0023687779903411865,True
5,124,1784808100.1828666,8,0.018129825592041016,0.002266228199005127,True
5,125,1784808100.2016938,8,0.02144169807434082,0.0026802122592926025,True
5,126,1784808100.2236626,8,0.01925969123840332,0.002407461404800415,True
5,127,1784808100.2433684,8,0.01961803436279297,0.002452254295349121,True
5,128,1784808100.263396,8,0.021923065185546875,0.0027403831481933594,True
5,129,1784808100.285619,8,0.023018836975097656,0.002877354621887207,True
5,130,1784808100.3096397,8,0.019176006317138672,0.002397000789642334,True
5,131,1784808100.3294878,8,0.020095348358154297,0.002511918544769287,True
5,132,1784808100.3500562,8,0.020570993423461914,0.0025713741779327393,True
5,133,1784808100.3716292,8,0.018291234970092773,0.0022864043712615967,True
5,134,1784808100.3911183,8,0.019380569458007812,0.0024225711822509766,True
5,135,1784808100.4112403,8,0.02085709571838379,0.0026071369647979736,True
5,136,1784808100.4336498,8,0.018114805221557617,0.002264350652694702,True
5,137,1784808100.4523516,8,0.02024388313293457,0.0025304853916168213,True
5,138,1784808100.4730203,8,0.01802849769592285,0.0022535622119903564,True
5,139,1784808100.4920475,8,0.021055221557617188,0.0026319026947021484,True
5,140,1784808100.5137324,8,0.020430803298950195,0.0025538504123687744,True
5,141,1784808100.534485,8,0.018549203872680664,0.002318650484085083,True
5,142,1784808100.5535614,8,0.022922039031982422,0.0028652548789978027,True
5,143,1784808100.57737,8,0.019011974334716797,0.0023764967918395996,True
5,144,1784808100.5972946,8,0.01912212371826172,0.002390265464782715,True
5,145,1784808100.617846,8,0.019740819931030273,0.002467602491378784,True
5,146,1784808100.6383483,8,0.01783919334411621,0.0022298991680145264,True
5,147,1784808100.6592848,8,0.016973018646240234,0.0021216273307800293,True
5,148,1784808100.6765904,8,0.02035665512084961,0.002544581890106201,True
5,149,1784808100.698238,8,0.021013498306274414,0.0026266872882843018,True
5,150,1784808100.720459,8,0.019395112991333008,0.002424389123916626,True
5,151,1784808100.7405925,8,0.020189523696899414,0.0025236904621124268,True
5,152,1784808100.7613635,8,0.021518707275390625,0.002689838409423828,True
5,153,1784808100.783332,8,0.0199124813079834,0.002489060163497925,True
5,154,1784808100.803741,8,0.02024698257446289,0.0025308728218078613,True
5,155,1784808100.8245423,8,0.022409677505493164,0.0028012096881866455,True
5,156,1784808100.847377,8,0.02132105827331543,0.0026651322841644287,True
5,157,1784808100.8704994,8,0.019285917282104492,0.0024107396602630615,True
5,158,1784808100.8903365,8,0.019191503524780273,0.002398937940597534,True
5,159,1784808100.9103372,8,0.0182650089263916,0.00228312611579895,True
5,160,1784808100.9291217,8,0.018645524978637695,0.002330690622329712,True
5,161,1784808100.948311,8,0.019393205642700195,0.0024241507053375244,True
5,162,1784808100.9680965,8,0.019762516021728516,0.0024703145027160645,True
5,163,1784808100.9881895,8,0.02343273162841797,0.002929091453552246,True
5,164,1784808101.01192,8,0.019093036651611328,0.002386629581451416,True
5,165,1784808101.031691,8,0.019933223724365234,0.0024916529655456543,True
5,166,1784808101.0521867,8,0.020334482192993164,0.0025418102741241455,True
5,167,1784808101.0728984,8,0.02020549774169922,0.0025256872177124023,True
5,168,1784808101.0935972,8,0.019609451293945312,0.002451181411743164,True
5,169,1784808101.113742,8,0.02089691162109375,0.0026121139526367188,True
5,170,1784808101.1356647,8,0.02048802375793457,0.0025610029697418213,True
5,171,1784808101.1566122,8,0.021153926849365234,0.0026442408561706543,True
5,172,1784808101.181015,8,0.01956772804260254,0.0024459660053253174,True
5,173,1784808101.2014747,8,0.020583152770996094,0.0025728940963745117,True
5,174,1784808101.2224038,8,0.01951289176940918,0.0024391114711761475,True
5,175,1784808101.242315,8,0.020517826080322266,0.002564728260040283,True
5,176,1784808101.2635553,8,0.01897430419921875,0.0023717880249023438,True
5,177,1784808101.2834578,8,0.022248506546020508,0.0027810633182525635,True
5,178,1784808101.3067784,8,0.01921534538269043,0.0024019181728363037,True
5,179,1784808101.326486,8,0.02178788185119629,0.002723485231399536,True
5,180,1784808101.3486578,8,0.021330595016479492,0.0026663243770599365,True
5,181,1784808101.3708043,8,0.020139217376708984,0.002517402172088623,True
5,182,1784808101.391676,8,0.021289348602294922,0.0026611685752868652,True
5,183,1784808101.4133854,8,0.019834280014038086,0.0024792850017547607,True
5,184,1784808101.4338262,8,0.020509004592895508,0.0025636255741119385,True
5,185,1784808101.4552279,8,0.02094268798828125,0.0026178359985351562,True
5,186,1784808101.477852,8,0.01929187774658203,0.002411484718322754,True
5,187,1784808101.4979076,8,0.02080225944519043,0.0026002824306488037,True
5,188,1784808101.5197165,8,0.018953561782836914,0.0023691952228546143,True
5,189,1784808101.5389428,8,0.01991581916809082,0.0024894773960113525,True
5,190,1784808101.559585,8,0.02061939239501953,0.0025774240493774414,True
5,191,1784808101.5806668,8,0.023094892501831055,0.002886861562728882,True
5,192,1784808101.609799,8,0.016578197479248047,0.002072274684906006,True
5,193,1784808101.6271727,8,0.020296335220336914,0.0025370419025421143,True
5,194,1784808101.6484065,8,0.01844954490661621,0.0023061931133270264,True
5,195,1784808101.6675534,8,0.017688512802124023,0.002211064100265503,True
5,196,1784808101.6856146,8,0.02277398109436035,0.002846747636795044,True
5,197,1784808101.7087495,8,0.019429683685302734,0.002428710460662842,True
5,198,1784808101.7288277,8,0.020411014556884766,0.0025513768196105957,True
5,199,1784808101.7501395,8,0.020051956176757812,0.0025064945220947266,True
5,200,1784808101.7707365,8,0.01905679702758789,0.0023820996284484863,True
5,201,1784808101.790162,8,0.018628835678100586,0.0023286044597625732,True
5,202,1784808101.81018,8,0.021464109420776367,0.002683013677597046,True
5,203,1784808101.8320777,8,0.018739938735961914,0.0023424923419952393,True
5,204,1784808101.8514118,8,0.020464420318603516,0.0025580525398254395,True
5,205,1784808101.872329,8,0.019486665725708008,0.002435833215713501,True
5,206,1784808101.8935382,8,0.01994609832763672,0.00249326229095459,True
5,207,1784808101.9138603,8,0.01955270767211914,0.0024440884590148926,True
5,208,1784808101.934076,8,0.019866943359375,0.002483367919921875,True
5,209,1784808101.9550977,8,0.02020406723022461,0.002525508403778076,True
5,210,1784808101.977215,8,0.017476320266723633,0.002184540033340454,True
5,211,1784808101.9965699,8,0.01873922348022461,0.002342402935028076,True
5,212,1784808102.019209,8,0.019093036651611328,0.002386629581451416,True
5,213,1784808102.0393403,8,0.021211624145507812,0.0026514530181884766,True
5,214,1784808102.061147,8,0.019383668899536133,0.0024229586124420166,True
5,215,1784808102.0813217,8,0.019273042678833008,0.002409130334854126,True
5,216,1784808102.1010664,8,0.022413253784179688,0.002801656723022461,True
5,217,1784808102.1241305,8,0.018982887268066406,0.0023728609085083008,True
5,218,1784808102.1435397,8,0.019811391830444336,0.002476423978805542,True
5,219,1784808102.1643023,8,0.02010345458984375,0.0025129318237304688,True
5,220,1784808102.185294,8,0.021457672119140625,0.002682209014892578,True
5,221,1784808102.2089455,8,0.015848636627197266,0.001981079578399658,True
5,222,1784808102.2258554,8,0.017515897750854492,0.0021894872188568115,True
5,223,1784808102.2437024,8,0.01915431022644043,0.0023942887783050537,True
5,224,1784808102.2636998,8,0.021907329559326172,0.0027384161949157715,True
5,225,1784808102.2861652,8,0.018838882446289062,0.002354860305786133,True
5,226,1784808102.305641,8,0.0225522518157959,0.0028190314769744873,True
5,227,1784808102.3288395,8,0.01853203773498535,0.002316504716873169,True
5,228,1784808102.348252,8,0.02041029930114746,0.0025512874126434326,True
5,229,1784808102.369098,8,0.019052505493164062,0.002381563186645508,True
5,230,1784808102.388698,8,0.02078723907470703,0.002598404884338379,True
5,231,1784808102.4098144,8,0.02032160758972168,0.00254020094871521,True
5,232,1784808102.4305713,8,0.01992058753967285,0.0024900734424591064,True
5,233,1784808102.452171,8,0.019937992095947266,0.002492249011993408,True
5,234,1784808102.4725432,8,0.01915764808654785,0.0023947060108184814,True
5,235,1784808102.4921007,8,0.01930975914001465,0.002413719892501831,True
5,236,1784808102.5118902,8,0.019233226776123047,0.002404153347015381,True
5,237,1784808102.532008,8,0.018227577209472656,0.002278447151184082,True
5,238,1784808102.5506568,8,0.020244598388671875,0.0025305747985839844,True
5,239,1784808102.571355,8,0.019578218460083008,0.002447277307510376,True
5,240,1784808102.591287,8,0.021405935287475586,0.0026757419109344482,True
5,241,1784808102.613239,8,0.018654823303222656,0.002331852912902832,True
5,242,1784808102.6324117,8,0.019260883331298828,0.0024076104164123535,True
5,243,1784808102.6521726,8,0.019552946090698242,0.0024441182613372803,True
5,244,1784808102.6720178,8,0.02165675163269043,0.0027070939540863037,True
5,245,1784808102.6939714,8,0.01941204071044922,0.0024265050888061523,True
5,246,1784808102.7140446,8,0.020733356475830078,0.0025916695594787598,True
5,247,1784808102.7355297,8,0.01930069923400879,0.0024125874042510986,True
5,248,1784808102.7553368,8,0.02131175994873047,0.0026639699935913086,True
5,249,1784808102.7769613,8,0.019847393035888672,0.002480924129486084,True
5,250,1784808102.7971854,8,0.019731521606445312,0.002466440200805664,True
5,251,1784808102.8174617,8,0.021170616149902344,0.002646327018737793,True
5,252,1784808102.8390648,8,0.021810531616210938,0.002726316452026367,True
5,253,1784808102.8612401,8,0.018964290618896484,0.0023705363273620605,True
5,254,1784808102.880549,8,0.02175140380859375,0.0027189254760742188,True
5,255,1784808102.9046786,8,0.020395517349243164,0.0025494396686553955,True
5,256,1784808102.9256632,8,0.01912379264831543,0.0023904740810394287,True
5,257,1784808102.9451854,8,0.021183013916015625,0.002647876739501953,True
5,258,1784808102.9672759,8,0.021044254302978516,0.0026305317878723145,True
5,259,1784808102.988854,8,0.020273447036743164,0.0025341808795928955,True
5,260,1784808103.0105302,8,0.01975083351135254,0.0024688541889190674,True
5,261,1784808103.030789,8,0.01985335350036621,0.0024816691875457764,True
5,262,1784808103.0512815,8,0.02083277702331543,0.0026040971279144287,True
5,263,1784808103.072778,8,0.021188020706176758,0.0026485025882720947,True
5,264,1784808103.094568,8,0.01973581314086914,0.0024669766426086426,True
5,265,1784808103.1145952,8,0.02188897132873535,0.002736121416091919,True
5,266,1784808103.136859,8,0.019800424575805664,0.002475053071975708,True
5,267,1784808103.15707,8,0.020999908447265625,0.002624988555908203,True
5,268,1784808103.1787553,8,0.019715547561645508,0.0024644434452056885,True
5,269,1784808103.198951,8,0.018230676651000977,0.002278834581375122,True
5,270,1784808103.2178652,8,0.01991105079650879,0.0024888813495635986,True
5,271,1784808103.2380958,8,0.021431446075439453,0.0026789307594299316,True
5,272,1784808103.2599409,8,0.019256591796875,0.002407073974609375,True
5,273,1784808103.279549,8,0.02053093910217285,0.0025663673877716064,True
5,274,1784808103.3005917,8,0.019269466400146484,0.0024086833000183105,True
5,275,1784808103.3203104,8,0.019594430923461914,0.0024493038654327393,True
5,276,1784808103.340342,8,0.020226001739501953,0.002528250217437744,True
5,277,1784808103.3612366,8,0.022222518920898438,0.0027778148651123047,True
5,278,1784808103.3838472,8,0.018115758895874023,0.002264469861984253,True
5,279,1784808103.4023275,8,0.020650863647460938,0.002581357955932617,True
5,280,1784808103.4233851,8,0.01895880699157715,0.0023698508739471436,True
5,281,1784808103.4428174,8,0.019264698028564453,0.0024080872535705566,True
5,282,1784808103.4624398,8,0.019229888916015625,0.002403736114501953,True
5,283,1784808103.482343,8,0.020822525024414062,0.002602815628051758,True
5,284,1784808103.5035162,8,0.01918935775756836,0.002398669719696045,True
5,285,1784808103.5231602,8,0.019833087921142578,0.0024791359901428223,True
5,286,1784808103.5433106,8,0.020351886749267578,0.0025439858436584473,True
5,287,1784808103.5642545,8,0.01851177215576172,0.002313971519470215,True
5,288,1784808103.5831013,8,0.02079463005065918,0.0025993287563323975,True
5,289,1784808103.604219,8,0.019916534423828125,0.0024895668029785156,True
5,290,1784808103.6245105,8,0.020716190338134766,0.0025895237922668457,True
5,291,1784808103.6458719,8,0.019498586654663086,0.0024373233318328857,True
5,292,1784808103.66594,8,0.020151615142822266,0.002518951892852783,True
5,293,1784808103.6864712,8,0.019295692443847656,0.002411961555480957,True
5,294,1784808103.7063878,8,0.02285933494567871,0.002857416868209839,True
5,295,1784808103.7298286,8,0.019797563552856445,0.0024746954441070557,True
5,296,1784808103.750051,8,0.01900935173034668,0.002376168966293335,True
5,297,1784808103.769686,8,0.020367145538330078,0.0025458931922912598,True
5,298,1784808103.7903543,8,0.018411874771118164,0.0023014843463897705,True
5,299,1784808103.8094544,8,0.019148588180541992,0.002393573522567749,True
5,300,1784808103.8290162,8,0.02099156379699707,0.002623945474624634,True
5,301,1784808103.850734,8,0.020742416381835938,0.002592802047729492,True
5,302,1784808103.872118,8,0.01838231086730957,0.0022977888584136963,True
5,303,1784808103.8910866,8,0.019145727157592773,0.0023932158946990967,True
5,304,1784808103.910735,8,0.02133464813232422,0.0026668310165405273,True
5,305,1784808103.933037,8,0.01870560646057129,0.002338200807571411,True
5,306,1784808103.952797,8,0.019535541534423828,0.0024419426918029785,True
5,307,1784808103.9728026,8,0.02007436752319336,0.00250929594039917,True
5,308,1784808103.9939258,8,0.020514726638793945,0.002564340829849243,True
5,309,1784808104.014868,8,0.020429372787475586,0.0025536715984344482,True
5,310,1784808104.035617,8,0.020418882369995117,0.0025523602962493896,True
5,311,1784808104.0563898,8,0.02016162872314453,0.0025202035903930664,True
5,312,1784808104.0768423,8,0.02095627784729004,0.002619534730911255,True
5,313,1784808104.0981164,8,0.01847553253173828,0.002309441566467285,True
5,314,1784808104.1170127,8,0.020034313201904297,0.002504289150238037,True
5,315,1784808104.1374125,8,0.02140951156616211,0.0026761889457702637,True
5,316,1784808104.1592622,8,0.017812013626098633,0.002226501703262329,True
5,317,1784808104.1774292,8,0.01967000961303711,0.0024587512016296387,True
5,318,1784808104.197427,8,0.020934343338012695,0.002616792917251587,True
5,319,1784808104.2187643,8,0.01980280876159668,0.002475351095199585,True
5,320,1784808104.2391262,8,0.020664215087890625,0.002583026885986328,True
5,321,1784808104.2602491,8,0.019671916961669922,0.0024589896202087402,True
5,322,1784808104.2803836,8,0.018598556518554688,0.002324819564819336,True
5,323,1784808104.2992942,8,0.021344661712646484,0.0026680827140808105,True
5,324,1784808104.3209574,8,0.019101858139038086,0.0023877322673797607,True
5,325,1784808104.3403854,8,0.02016925811767578,0.0025211572647094727,True
5,326,1784808104.3609374,8,0.020211219787597656,0.002526402473449707,True
5,327,1784808104.381522,8,0.02003765106201172,0.002504706382751465,True
5,328,1784808104.402111,8,0.019840717315673828,0.0024800896644592285,True
5,329,1784808104.4223166,8,0.021368980407714844,0.0026711225509643555,True
5,330,1784808104.444106,8,0.021118879318237305,0.002639859914779663,True
5,331,1784808104.465817,8,0.02199554443359375,0.0027494430541992188,True
5,332,1784808104.488323,8,0.01723170280456543,0.0021539628505706787,True
5,333,1784808104.505961,8,0.02216029167175293,0.002770036458969116,True
5,334,1784808104.5285141,8,0.01997518539428711,0.0024968981742858887,True
5,335,1784808104.5490713,8,0.020734310150146484,0.0025917887687683105,True
5,336,1784808104.5704792,8,0.019430160522460938,0.002428770065307617,True
5,337,1784808104.590359,8,0.020990848541259766,0.0026238560676574707,True
5,338,1784808104.6117802,8,0.0198972225189209,0.0024871528148651123,True
5,339,1784808104.6321528,8,0.019324302673339844,0.0024155378341674805,True
5,340,1784808104.651923,8,0.02020120620727539,0.002525150775909424,True
5,341,1784808104.6724737,8,0.01919412612915039,0.002399265766143799,True
5,342,1784808104.6923907,8,0.01971125602722168,0.00246390700340271,True
5,343,1784808104.713109,8,0.02074146270751953,0.0025926828384399414,True
5,344,1784808104.7343132,8,0.01948070526123047,0.0024350881576538086,True
5,345,1784808104.7550728,8,0.021304845809936523,0.0026631057262420654,True
5,346,1784808104.7768412,8,0.02072453498840332,0.002590566873550415,True
5,347,1784808104.797845,8,0.020549297332763672,0.002568662166595459,True
5,348,1784808104.8186994,8,0.01946282386779785,0.0024328529834747314,True
5,349,1784808104.8384411,8,0.02169489860534668,0.002711862325668335,True
5,350,1784808104.8606331,8,0.020741701126098633,0.002592712640762329,True
5,351,1784808104.8819506,8,0.019136667251586914,0.0023920834064483643,True
5,352,1784808104.9015296,8,0.02018427848815918,0.0025230348110198975,True
5,353,1784808104.921997,8,0.0189969539642334,0.002374619245529175,True
5,354,1784808104.9420116,8,0.01916360855102539,0.002395451068878174,True
5,355,1784808104.962111,8,0.020667076110839844,0.0025833845138549805,True
5,356,1784808104.983358,8,0.019190073013305664,0.002398759126663208,True
5,357,1784808105.0029156,8,0.022382736206054688,0.002797842025756836,True
5,358,1784808105.0257425,8,0.018489837646484375,0.002311229705810547,True
5,359,1784808105.0446756,8,0.018683910369873047,0.002335488796234131,True
5,360,1784808105.063693,8,0.021309375762939453,0.0026636719703674316,True
5,361,1784808105.0853894,8,0.021063566207885742,0.0026329457759857178,True
5,362,1784808105.107003,8,0.018973827362060547,0.0023717284202575684,True
5,363,1784808105.1263413,8,0.021061420440673828,0.0026326775550842285,True
5,364,1784808105.1478937,8,0.019194364547729492,0.0023992955684661865,True
5,365,1784808105.1675003,8,0.019096851348876953,0.002387106418609619,True
5,366,1784808105.1869323,8,0.01957988739013672,0.00244748592376709,True
5,367,1784808105.2069805,8,0.020366668701171875,0.0025458335876464844,True
5,368,1784808105.2277207,8,0.01959967613220215,0.0024499595165252686,True
5,369,1784808105.2478566,8,0.021559715270996094,0.0026949644088745117,True
5,370,1784808105.269785,8,0.018802165985107422,0.0023502707481384277,True
5,371,1784808105.288979,8,0.018865346908569336,0.002358168363571167,True
5,372,1784808105.308141,8,0.019123077392578125,0.0023903846740722656,True
5,373,1784808105.3276083,8,0.02140069007873535,0.002675086259841919,True
5,374,1784808105.3493795,8,0.020045757293701172,0.0025057196617126465,True
5,375,1784808105.3696945,8,0.020468950271606445,0.0025586187839508057,True
5,376,1784808105.3906815,8,0.020470857620239258,0.0025588572025299072,True
5,377,1784808105.411654,8,0.019196748733520508,0.0023995935916900635,True
5,378,1784808105.4312763,8,0.019914627075195312,0.002489328384399414,True
5,379,1784808105.4515924,8,0.02024245262145996,0.002530306577682495,True
5,380,1784808105.4724104,8,0.020178794860839844,0.0025223493576049805,True
5,381,1784808105.493008,8,0.020479917526245117,0.0025599896907806396,True
5,382,1784808105.5138478,8,0.020920276641845703,0.002615034580230713,True
5,383,1784808105.5351765,8,0.019929170608520508,0.0024911463260650635,True
5,384,1784808105.5555139,8,0.020931243896484375,0.002616405487060547,True
5,385,1784808105.5770504,8,0.01986551284790039,0.002483189105987549,True
5,386,1784808105.5971975,8,0.02055191993713379,0.0025689899921417236,True
5,387,1784808105.6186697,8,0.021755456924438477,0.0027194321155548096,True
5,388,1784808105.6409082,8,0.023296117782592773,0.0029120147228240967,True
5,389,1784808105.6646283,8,0.017779111862182617,0.002222388982772827,True
5,390,1784808105.6828964,8,0.02108931541442871,0.002636164426803589,True
5,391,1784808105.7044132,8,0.020963430404663086,0.0026204288005828857,True
5,392,1784808105.7261193,8,0.021045446395874023,0.002630680799484253,True
5,393,1784808105.7476563,8,0.01989459991455078,0.0024868249893188477,True
5,394,1784808105.7691784,8,0.019124269485473633,0.002390533685684204,True
5,395,1784808105.7887094,8,0.02044224739074707,0.002555280923843384,True
5,396,1784808105.809459,8,0.019037723541259766,0.0023797154426574707,True
5,397,1784808105.8289874,8,0.01965951919555664,0.00245743989944458,True
5,398,1784808105.8490398,8,0.021134138107299805,0.0026417672634124756,True
5,399,1784808105.8706226,8,0.017241477966308594,0.0021551847457885742,True
5,400,1784808105.8881333,8,0.020838260650634766,0.0026047825813293457,True
5,401,1784808105.909322,8,0.019742250442504883,0.0024677813053131104,True
5,402,1784808105.9295511,8,0.020180463790893555,0.0025225579738616943,True
5,403,1784808105.9502764,8,0.018906354904174805,0.0023632943630218506,True
5,404,1784808105.9697964,8,0.019257783889770508,0.0024072229862213135,True
5,405,1784808105.9893436,8,0.020256757736206055,0.002532094717025757,True
5,406,1784808106.0101385,8,0.019834280014038086,0.0024792850017547607,True
5,407,1784808106.030882,8,0.020386457443237305,0.002548307180404663,True
5,408,1784808106.0521216,8,0.019817829132080078,0.0024772286415100098,True
5,409,1784808106.074428,8,0.018245935440063477,0.0022807419300079346,True
5,410,1784808106.0931098,8,0.021747827529907227,0.0027184784412384033,True
5,411,1784808106.1157799,8,0.01945638656616211,0.0024320483207702637,True
5,412,1784808106.1359756,8,0.01984548568725586,0.0024806857109069824,True
5,413,1784808106.1563625,8,0.020292043685913086,0.0025365054607391357,True
5,414,1784808106.177324,8,0.020354032516479492,0.0025442540645599365,True
5,415,1784808106.1983435,8,0.02023911476135254,0.0025298893451690674,True
5,416,1784808106.2192132,8,0.019741535186767578,0.0024676918983459473,True
5,417,1784808106.2398524,8,0.019758939743041992,0.002469867467880249,True
5,418,1784808106.2599165,8,0.022300004959106445,0.0027875006198883057,True
5,419,1784808106.2826552,8,0.0217742919921875,0.0027217864990234375,True
5,420,1784808106.304873,8,0.018959522247314453,0.0023699402809143066,True
5,421,1784808106.3242953,8,0.020191192626953125,0.0025238990783691406,True
5,422,1784808106.3448164,8,0.019974946975708008,0.002496868371963501,True
5,423,1784808106.3651962,8,0.019472360610961914,0.0024340450763702393,True
5,424,1784808106.3856518,8,0.020601987838745117,0.0025752484798431396,True
5,425,1784808106.40672,8,0.018940448760986328,0.002367556095123291,True
5,426,1784808106.426001,8,0.020200252532958984,0.002525031566619873,True
5,427,1784808106.4465282,8,0.02156543731689453,0.0026956796646118164,True
5,428,1784808106.4688709,8,0.018996477127075195,0.0023745596408843994,True
5,429,1784808106.488215,8,0.02238297462463379,0.0027978718280792236,True
5,430,1784808106.5113614,8,0.019730567932128906,0.0024663209915161133,True
5,431,1784808106.5314927,8,0.02054142951965332,0.002567678689956665,True
5,432,1784808106.5526087,8,0.020047903060913086,0.0025059878826141357,True
5,433,1784808106.5730052,8,0.02216792106628418,0.0027709901332855225,True
5,434,1784808106.595443,8,0.021331787109375,0.002666473388671875,True
5,435,1784808106.617219,8,0.02038860321044922,0.0025485754013061523,True
5,436,1784808106.637999,8,0.020074844360351562,0.0025093555450439453,True
5,437,1784808106.6584172,8,0.01959848403930664,0.00244981050491333,True
5,438,1784808106.678669,8,0.019015789031982422,0.0023769736289978027,True
5,439,1784808106.6981194,8,0.021203994750976562,0.0026504993438720703,True
5,440,1784808106.7201955,8,0.019749164581298828,0.0024686455726623535,True
5,441,1784808106.740465,8,0.0199735164642334,0.002496689558029175,True
5,442,1784808106.7615585,8,0.019846439361572266,0.002480804920196533,True
5,443,1784808106.7818706,8,0.021203279495239258,0.0026504099369049072,True
5,444,1784808106.8035643,8,0.019678115844726562,0.0024597644805908203,True
5,445,1784808106.8241754,8,0.020922183990478516,0.0026152729988098145,True
5,446,1784808106.8459203,8,0.019427061080932617,0.002428382635116577,True
5,447,1784808106.8658445,8,0.022693634033203125,0.0028367042541503906,True
5,448,1784808106.8905997,8,0.019674301147460938,0.002459287643432617,True
5,449,1784808106.9107082,8,0.01878499984741211,0.0023481249809265137,True
5,450,1784808106.9300776,8,0.018625736236572266,0.002328217029571533,True
5,451,1784808106.94908,8,0.020347118377685547,0.0025433897972106934,True
5,452,1784808106.9697483,8,0.0206143856048584,0.0025767982006073,True
5,453,1784808106.9907763,8,0.01993727684020996,0.002492159605026245,True
5,454,1784808107.0114985,8,0.019313335418701172,0.0024141669273376465,True
5,455,1784808107.0311124,8,0.02033519744873047,0.0025418996810913086,True
5,456,1784808107.0517416,8,0.01996588706970215,0.0024957358837127686,True
5,457,1784808107.0725327,8,0.020292997360229492,0.0025366246700286865,True
5,458,1784808107.0933163,8,0.01961827278137207,0.002452284097671509,True
5,459,1784808107.1133626,8,0.019104957580566406,0.0023881196975708008,True
5,460,1784808107.1328118,8,0.02133631706237793,0.002667039632797241,True
5,461,1784808107.1551938,8,0.019124507904052734,0.002390563488006592,True
5,462,1784808107.1746051,8,0.02127814292907715,0.0026597678661346436,True
5,463,1784808107.1961877,8,0.019566059112548828,0.0024457573890686035,True
5,464,1784808107.216255,8,0.02060842514038086,0.0025760531425476074,True
5,465,1784808107.2375002,8,0.019781112670898438,0.0024726390838623047,True
5,466,1784808107.258037,8,0.019283771514892578,0.0024104714393615723,True
5,467,1784808107.2776802,8,0.02117300033569336,0.00264662504196167,True
5,468,1784808107.2991827,8,0.018908023834228516,0.0023635029792785645,True
5,469,1784808107.3184497,8,0.02034783363342285,0.0025434792041778564,True
5,470,1784808107.3391957,8,0.019460439682006836,0.0024325549602508545,True
5,471,1784808107.359008,8,0.0194242000579834,0.002428025007247925,True
5,472,1784808107.3788135,8,0.019316673278808594,0.0024145841598510742,True
5,473,1784808107.3984575,8,0.019713163375854492,0.0024641454219818115,True
5,474,1784808107.4186234,8,0.019994735717773438,0.0024993419647216797,True
5,475,1784808107.4389887,8,0.021987199783325195,0.0027483999729156494,True
5,476,1784808107.4614694,8,0.019776105880737305,0.002472013235092163,True
5,477,1784808107.481727,8,0.019996166229248047,0.002499520778656006,True
5,478,1784808107.5020835,8,0.022745609283447266,0.002843201160430908,True
5,479,1784808107.5253508,8,0.0187685489654541,0.0023460686206817627,True
5,480,1784808107.544398,8,0.018552541732788086,0.0023190677165985107,True
5,481,1784808107.5632527,8,0.018718242645263672,0.002339780330657959,True
5,482,1784808107.5822542,8,0.02031421661376953,0.0025392770767211914,True
5,483,1784808107.602956,8,0.021630525588989258,0.0027038156986236572,True
5,484,1784808107.6252499,8,0.019298791885375977,0.002412348985671997,True
5,485,1784808107.644881,8,0.019999027252197266,0.002499878406524658,True
5,486,1784808107.6652434,8,0.02002263069152832,0.00250282883644104,True
5,487,1784808107.6856277,8,0.0190277099609375,0.0023784637451171875,True
5,488,1784808107.7049537,8,0.020446300506591797,0.0025557875633239746,True
5,489,1784808107.7257485,8,0.021665334701538086,0.0027081668376922607,True
5,490,1784808107.7476904,8,0.019662857055664062,0.002457857131958008,True
5,491,1784808107.7677357,8,0.019476652145385742,0.0024345815181732178,True
5,492,1784808107.7875953,8,0.01926422119140625,0.0024080276489257812,True
5,493,1784808107.8071911,8,0.02094268798828125,0.0026178359985351562,True
5,494,1784808107.8284895,8,0.019246816635131836,0.0024058520793914795,True
5,495,1784808107.8480399,8,0.021896839141845703,0.002737104892730713,True
5,496,1784808107.8706229,8,0.019279956817626953,0.002409994602203369,True
5,497,1784808107.8903084,8,0.021461963653564453,0.0026827454566955566,True
5,498,1784808107.9122884,8,0.019507884979248047,0.002438485622406006,True
5,499,1784808107.932498,8,0.020192384719848633,0.002524048089981079,True
5,500,1784808107.9535456,8,0.020467519760131836,0.0025584399700164795,True
5,501,1784808107.974741,8,0.019957304000854492,0.0024946630001068115,True
5,502,1784808107.9956586,8,0.01911187171936035,0.002388983964920044,True
5,503,1784808108.0153606,8,0.022382736206054688,0.002797842025756836,True
5,504,1784808108.0381064,8,0.02037525177001953,0.0025469064712524414,True
5,505,1784808108.0588336,8,0.0195465087890625,0.0024433135986328125,True
5,506,1784808108.07894,8,0.019791603088378906,0.0024739503860473633,True
5,507,1784808108.0995588,8,0.020510196685791016,0.002563774585723877,True
5,508,1784808108.1213326,8,0.020281553268432617,0.002535194158554077,True
5,509,1784808108.1421828,8,0.021416902542114258,0.0026771128177642822,True
5,510,1784808108.1646357,8,0.01917719841003418,0.0023971498012542725,True
5,511,1784808108.18455,8,0.01931476593017578,0.0024143457412719727,True
5,512,1784808108.2043417,8,0.019197463989257812,0.0023996829986572266,True
5,513,1784808108.2238374,8,0.02053236961364746,0.0025665462017059326,True
5,514,1784808108.244716,8,0.019694805145263672,0.002461850643157959,True
5,515,1784808108.2655506,8,0.019019126892089844,0.0023773908615112305,True
5,516,1784808108.284977,8,0.021428585052490234,0.0026785731315612793,True
5,517,1784808108.3069363,8,0.019472837448120117,0.0024341046810150146,True
5,518,1784808108.326846,8,0.01949763298034668,0.002437204122543335,True
5,519,1784808108.346792,8,0.01916360855102539,0.002395451068878174,True
5,520,1784808108.366384,8,0.02032470703125,0.00254058837890625,True
5,521,1784808108.3871872,8,0.018882036209106445,0.0023602545261383057,True
5,522,1784808108.406567,8,0.01851367950439453,0.0023142099380493164,True
5,523,1784808108.4254146,8,0.020692110061645508,0.0025865137577056885,True
5,524,1784808108.4464266,8,0.01990222930908203,0.002487778663635254,True
5,525,1784808108.4678946,8,0.021703004837036133,0.0027128756046295166,True
5,526,1784808108.4900603,8,0.02035999298095703,0.002544999122619629,True
5,527,1784808108.5107944,8,0.01973867416381836,0.002467334270477295,True
5,528,1784808108.5309513,8,0.019324779510498047,0.002415597438812256,True
5,529,1784808108.550663,8,0.02127695083618164,0.002659618854522705,True
5,530,1784808108.572268,8,0.019295930862426758,0.0024119913578033447,True
5,531,1784808108.5918157,8,0.020595312118530273,0.002574414014816284,True
5,532,1784808108.612717,8,0.01976466178894043,0.0024705827236175537,True
5,533,1784808108.632776,8,0.019968509674072266,0.002496063709259033,True
5,534,1784808108.6530511,8,0.020569324493408203,0.0025711655616760254,True
5,535,1784808108.6748853,8,0.018811464309692383,0.002351433038711548,True
5,536,1784808108.6940787,8,0.023587942123413086,0.0029484927654266357,True
5,537,1784808108.71793,8,0.018118619918823242,0.0022648274898529053,True
5,538,1784808108.7364194,8,0.020978212356567383,0.002622276544570923,True
5,539,1784808108.757691,8,0.019198894500732422,0.0023998618125915527,True
5,540,1784808108.7771747,8,0.02198004722595215,0.0027475059032440186,True
5,541,1784808108.7995067,8,0.020041704177856445,0.0025052130222320557,True
5,542,1784808108.8201175,8,0.021130800247192383,0.002641350030899048,True
5,543,1784808108.8418603,8,0.019753456115722656,0.002469182014465332,True
5,544,1784808108.8619857,8,0.021260738372802734,0.002657592296600342,True
5,545,1784808108.8838027,8,0.019304990768432617,0.002413123846054077,True
5,546,1784808108.9037023,8,0.0212249755859375,0.0026531219482421875,True
5,547,1784808108.925507,8,0.020367860794067383,0.002545982599258423,True
5,548,1784808108.946284,8,0.02031683921813965,0.002539604902267456,True
5,549,1784808108.96699,8,0.020794391632080078,0.0025992989540100098,True
5,550,1784808108.9881864,8,0.019365310668945312,0.002420663833618164,True
5,551,1784808109.0080729,8,0.021146297454833984,0.002643287181854248,True
5,552,1784808109.0295963,8,0.02088332176208496,0.00261041522026062,True
5,553,1784808109.0517287,8,0.018410921096801758,0.0023013651371002197,True
5,554,1784808109.0705385,8,0.02094101905822754,0.0026176273822784424,True
5,555,1784808109.092036,8,0.019929885864257812,0.0024912357330322266,True
5,556,1784808109.1124454,8,0.020314455032348633,0.002539306879043579,True
5,557,1784808109.1345892,8,0.020766019821166992,0.002595752477645874,True
5,558,1784808109.15605,8,0.019124746322631836,0.0023905932903289795,True
5,559,1784808109.1755636,8,0.020972728729248047,0.002621591091156006,True
5,560,1784808109.1972117,8,0.021234512329101562,0.0026543140411376953,True
5,561,1784808109.219252,8,0.02196025848388672,0.00274503231048584,True
5,562,1784808109.24159,8,0.01938152313232422,0.0024226903915405273,True
5,563,1784808109.261452,8,0.020209074020385742,0.0025261342525482178,True
5,564,1784808109.282231,8,0.01991438865661621,0.0024892985820770264,True
5,565,1784808109.3025463,8,0.021135330200195312,0.002641916275024414,True
5,566,1784808109.3240676,8,0.018950939178466797,0.0023688673973083496,True
5,567,1784808109.3433065,8,0.018695831298828125,0.0023369789123535156,True
5,568,1784808109.362272,8,0.0200042724609375,0.0025005340576171875,True
5,569,1784808109.3826551,8,0.018677473068237305,0.002334684133529663,True
5,570,1784808109.4029737,8,0.020296573638916016,0.002537071704864502,True
5,571,1784808109.4236555,8,0.019703149795532227,0.0024628937244415283,True
5,572,1784808109.443735,8,0.019197940826416016,0.002399742603302002,True
5,573,1784808109.463259,8,0.018709182739257812,0.0023386478424072266,True
5,574,1784808109.4823687,8,0.019453763961791992,0.002431720495223999,True
5,575,1784808109.5022924,8,0.019509553909301758,0.0024386942386627197,True
5,576,1784808109.522184,8,0.0206143856048584,0.0025767982006073,True
5,577,1784808109.5432463,8,0.019028902053833008,0.002378612756729126,True
5,578,1784808109.5626338,8,0.020417213439941406,0.0025521516799926758,True
5,579,1784808109.5834436,8,0.021049976348876953,0.002631247043609619,True
5,580,1784808109.6048436,8,0.01917576789855957,0.0023969709873199463,True
5,581,1784808109.624541,8,0.0217587947845459,0.0027198493480682373,True
5,582,1784808109.6466863,8,0.019110918045043945,0.002388864755630493,True
5,583,1784808109.6661386,8,0.019956111907958984,0.002494513988494873,True
5,584,1784808109.686693,8,0.018713951110839844,0.0023392438888549805,True
5,585,1784808109.7059183,8,0.01980304718017578,0.0024753808975219727,True
5,586,1784808109.7260504,8,0.022108793258666992,0.002763599157333374,True
5,587,1784808109.7485387,8,0.019348859786987305,0.002418607473373413,True
5,588,1784808109.7683232,8,0.019763708114624023,0.002470463514328003,True
5,589,1784808109.7885718,8,0.019037961959838867,0.0023797452449798584,True
5,590,1784808109.8078618,8,0.020468711853027344,0.002558588981628418,True
5,591,1784808109.8286648,8,0.020487308502197266,0.002560913562774658,True
5,592,1784808109.8496487,8,0.01855921745300293,0.002319902181625366,True
5,593,1784808109.8687418,8,0.020618915557861328,0.002577364444732666,True
5,594,1784808109.889691,8,0.019547224044799805,0.0024434030055999756,True
5,595,1784808109.9096549,8,0.02046656608581543,0.0025583207607269287,True
5,596,1784808109.9310732,8,0.020556211471557617,0.002569526433944702,True
5,597,1784808109.9528105,8,0.018823862075805664,0.002352982759475708,True
5,598,1784808109.9719992,8,0.019201993942260742,0.0024002492427825928,True
5,599,1784808109.991588,8,0.019126415252685547,0.0023908019065856934,True
5,600,1784808110.0111654,8,0.01978278160095215,0.0024728477001190186,True
5,601,1784808110.0316463,8,0.02016925811767578,0.0025211572647094727,True
5,602,1784808110.0522783,8,0.01991438865661621,0.0024892985820770264,True
5,603,1784808110.0725973,8,0.02115345001220703,0.002644181251525879,True
5,604,1784808110.0943224,8,0.020219087600708008,0.002527385950088501,True
5,605,1784808110.1150463,8,0.020682334899902344,0.002585291862487793,True
5,606,1784808110.136117,8,0.020833492279052734,0.002604186534881592,True
5,607,1784808110.1579401,8,0.019866228103637695,0.002483278512954712,True
5,608,1784808110.1782393,8,0.019131898880004883,0.0023914873600006104,True
5,609,1784808110.1980062,8,0.02099299430847168,0.00262412428855896,True
5,610,1784808110.219376,8,0.018840312957763672,0.002355039119720459,True
5,611,1784808110.2385817,8,0.018519878387451172,0.0023149847984313965,True
5,612,1784808110.257649,8,0.019197702407836914,0.0023997128009796143,True
5,613,1784808110.2783952,8,0.020015239715576172,0.0025019049644470215,True
5,614,1784808110.2989047,8,0.019875764846801758,0.0024844706058502197,True
5,615,1784808110.3199112,8,0.022016525268554688,0.002752065658569336,True
5,616,1784808110.3433542,8,0.020334482192993164,0.0025418102741241455,True
5,617,1784808110.3639789,8,0.020708322525024414,0.0025885403156280518,True
5,618,1784808110.384997,8,0.019112825393676758,0.0023891031742095947,True
5,619,1784808110.4044862,8,0.02021932601928711,0.0025274157524108887,True
5,620,1784808110.4249744,8,0.01954197883605957,0.0024427473545074463,True
5,621,1784808110.4449046,8,0.018872499465942383,0.002359062433242798,True
5,622,1784808110.4645405,8,0.019064903259277344,0.002383112907409668,True
5,623,1784808110.4839094,8,0.01857900619506836,0.002322375774383545,True
5,624,1784808110.5028517,8,0.018941402435302734,0.002367675304412842,True
5,625,1784808110.522157,8,0.019883394241333008,0.002485424280166626,True
5,626,1784808110.542362,8,0.02634143829345703,0.003292679786682129,True
5,627,1784808110.5689547,8,0.018866777420043945,0.002358347177505493,True
5,628,1784808110.5881224,8,0.018829345703125,0.002353668212890625,True
5,629,1784808110.6072838,8,0.021035432815551758,0.0026294291019439697,True
5,630,1784808110.6288016,8,0.020741701126098633,0.002592712640762329,True
5,631,1784808110.6498885,8,0.01938652992248535,0.002423316240310669,True
5,632,1784808110.669757,8,0.019871234893798828,0.0024839043617248535,True
5,633,1784808110.6901505,8,0.018466472625732422,0.0023083090782165527,True
5,634,1784808110.7091875,8,0.020044803619384766,0.0025056004524230957,True
5,635,1784808110.729816,8,0.01966571807861328,0.00245821475982666,True
5,636,1784808110.7507806,8,0.019227027893066406,0.0024033784866333008,True
5,637,1784808110.7722495,8,0.01864933967590332,0.002331167459487915,True
5,638,1784808110.791518,8,0.02075338363647461,0.002594172954559326,True
5,639,1784808110.8125556,8,0.01968836784362793,0.002461045980453491,True
5,640,1784808110.8326735,8,0.020200252532958984,0.002525031566619873,True
5,641,1784808110.8531458,8,0.018389225006103516,0.0022986531257629395,True
5,642,1784808110.87261,8,0.020270824432373047,0.002533853054046631,True
5,643,1784808110.8932881,8,0.01938343048095703,0.002422928810119629,True
5,644,1784808110.9131637,8,0.020713090896606445,0.0025891363620758057,True
5,645,1784808110.9347858,8,0.021116018295288086,0.0026395022869110107,True
5,646,1784808110.95645,8,0.01964116096496582,0.0024551451206207275,True
5,647,1784808110.9771562,8,0.018687725067138672,0.002335965633392334,True
5,648,1784808110.9963014,8,0.019846200942993164,0.0024807751178741455,True
5,649,1784808111.016711,8,0.020340442657470703,0.002542555332183838,True
5,650,1784808111.0376284,8,0.019997596740722656,0.002499699592590332,True
5,651,1784808111.0580122,8,0.02077174186706543,0.0025964677333831787,True
5,652,1784808111.0792418,8,0.020298004150390625,0.002537250518798828,True
5,653,1784808111.1009555,8,0.019506454467773438,0.0024383068084716797,True
5,654,1784808111.120881,8,0.019817590713500977,0.002477198839187622,True
5,655,1784808111.1410418,8,0.02184772491455078,0.0027309656143188477,True
5,656,1784808111.163802,8,0.020928621292114258,0.0026160776615142822,True
5,657,1784808111.1852713,8,0.020173072814941406,0.0025216341018676758,True
5,658,1784808111.2060103,8,0.021364212036132812,0.0026705265045166016,True
5,659,1784808111.2277694,8,0.01993846893310547,0.0024923086166381836,True
5,660,1784808111.2484035,8,0.02081918716430664,0.00260239839553833,True
5,661,1784808111.269548,8,0.020215272903442383,0.002526909112930298,True
5,662,1784808111.290533,8,0.01793670654296875,0.0022420883178710938,True
5,663,1784808111.308823,8,0.022523880004882812,0.0028154850006103516,True
5,664,1784808111.331784,8,0.019472599029541016,0.002434074878692627,True
5,665,1784808111.3515346,8,0.019440650939941406,0.0024300813674926758,True
5,666,1784808111.3715024,8,0.01862025260925293,0.002327531576156616,True
5,667,1784808111.3905582,8,0.019977807998657227,0.0024972259998321533,True
5,668,1784808111.4109569,8,0.018021345138549805,0.0022526681423187256,True
5,669,1784808111.4293892,8,0.0213165283203125,0.0026645660400390625,True
5,670,1784808111.4511366,8,0.019710302352905273,0.002463787794113159,True
5,671,1784808111.471154,8,0.019094228744506836,0.0023867785930633545,True
5,672,1784808111.490571,8,0.020386695861816406,0.0025483369827270508,True
5,673,1784808111.5113282,8,0.019850492477416992,0.002481311559677124,True
5,674,1784808111.531465,8,0.01907825469970703,0.002384781837463379,True
5,675,1784808111.5508215,8,0.01948261260986328,0.00243532657623291,True
5,676,1784808111.5706484,8,0.02071666717529297,0.002589583396911621,True
5,677,1784808111.5916507,8,0.020355701446533203,0.0025444626808166504,True
5,678,1784808111.6123688,8,0.01857614517211914,0.0023220181465148926,True
5,679,1784808111.6312764,8,0.020169496536254883,0.0025211870670318604,True
5,680,1784808111.6518188,8,0.020992517471313477,0.0026240646839141846,True
5,681,1784808111.6736848,8,0.019872426986694336,0.002484053373336792,True
5,682,1784808111.6939435,8,0.022676944732666016,0.002834618091583252,True
5,683,1784808111.716972,8,0.019101858139038086,0.0023877322673797607,True
5,684,1784808111.7365844,8,0.019669055938720703,0.002458631992340088,True
5,685,1784808111.7566159,8,0.022200584411621094,0.0027750730514526367,True
5,686,1784808111.7801464,8,0.018351078033447266,0.002293884754180908,True
5,687,1784808111.798823,8,0.019346952438354492,0.0024183690547943115,True
5,688,1784808111.8185773,8,0.020083904266357422,0.0025104880332946777,True
5,689,1784808111.8406572,8,0.020132780075073242,0.0025165975093841553,True
5,690,1784808111.8616958,8,0.021297216415405273,0.002662152051925659,True
5,691,1784808111.883917,8,0.020235061645507812,0.0025293827056884766,True
5,692,1784808111.9044812,8,0.019632577896118164,0.0024540722370147705,True
5,693,1784808111.9247813,8,0.01886439323425293,0.002358049154281616,True
5,694,1784808111.9444077,8,0.019478559494018555,0.0024348199367523193,True
5,695,1784808111.9643788,8,0.021179914474487305,0.002647489309310913,True
5,696,1784808111.986044,8,0.02046370506286621,0.0025579631328582764,True
5,697,1784808112.0076926,8,0.021663427352905273,0.002707928419113159,True
5,698,1784808112.0302517,8,0.01943659782409668,0.002429574728012085,True
5,699,1784808112.050042,8,0.019568920135498047,0.002446115016937256,True
5,700,1784808112.0703459,8,0.019030094146728516,0.0023787617683410645,True
5,701,1784808112.0898328,8,0.020751476287841797,0.0025939345359802246,True
5,702,1784808112.110978,8,0.020572900772094727,0.002571612596511841,True
5,703,1784808112.1320415,8,0.021326065063476562,0.0026657581329345703,True
5,704,1784808112.1538382,8,0.019646644592285156,0.0024558305740356445,True
5,705,1784808112.1743147,8,0.020426034927368164,0.0025532543659210205,True
5,706,1784808112.1951327,8,0.020882368087768555,0.0026102960109710693,True
5,707,1784808112.2164378,8,0.020282506942749023,0.002535313367843628,True
5,708,1784808112.237101,8,0.01909637451171875,0.0023870468139648438,True
5,709,1784808112.2570539,8,0.02057790756225586,0.0025722384452819824,True
5,710,1784808112.278684,8,0.0211336612701416,0.0026417076587677,True
5,711,1784808112.3003402,8,0.020226240158081055,0.002528280019760132,True
5,712,1784808112.3209796,8,0.019385099411010742,0.0024231374263763428,True
5,713,1784808112.3409946,8,0.022516489028930664,0.002814561128616333,True
5,714,1784808112.3639998,8,0.020111560821533203,0.0025139451026916504,True
5,715,1784808112.384663,8,0.019073486328125,0.002384185791015625,True
5,716,1784808112.4046464,8,0.021021366119384766,0.0026276707649230957,True
5,717,1784808112.4261835,8,0.020540475845336914,0.0025675594806671143,True
5,718,1784808112.447207,8,0.020488739013671875,0.0025610923767089844,True
5,719,1784808112.468,8,0.02005171775817871,0.002506464719772339,True
5,720,1784808112.4883983,8,0.02014636993408203,0.002518296241760254,True
5,721,1784808112.509152,8,0.01971268653869629,0.002464085817337036,True
5,722,1784808112.5291524,8,0.019269227981567383,0.002408653497695923,True
5,723,1784808112.5487008,8,0.020471572875976562,0.0025589466094970703,True
5,724,1784808112.5695283,8,0.019802570343017578,0.0024753212928771973,True
5,725,1784808112.5898523,8,0.019963979721069336,0.002495497465133667,True
5,726,1784808112.6101453,8,0.01971721649169922,0.0024646520614624023,True
5,727,1784808112.6307182,8,0.019416093826293945,0.002427011728286743,True
5,728,1784808112.6505213,8,0.020412445068359375,0.002551555633544922,True
5,729,1784808112.6714594,8,0.019517898559570312,0.002439737319946289,True
5,730,1784808112.6913753,8,0.021630048751831055,0.002703756093978882,True
5,731,1784808112.713475,8,0.020657062530517578,0.0025821328163146973,True
5,732,1784808112.734421,8,0.020790815353393555,0.0025988519191741943,True
5,733,1784808112.7559206,8,0.022151470184326172,0.0027689337730407715,True
5,734,1784808112.7784963,8,0.0204622745513916,0.00255778431892395,True
5,735,1784808112.7993162,8,0.020927906036376953,0.002615988254547119,True
5,736,1784808112.8206065,8,0.020804405212402344,0.002600550651550293,True
5,737,1784808112.843015,8,0.018291711807250977,0.002286463975906372,True
5,738,1784808112.8617306,8,0.01997828483581543,0.0024972856044769287,True
5,739,1784808112.882218,8,0.01986241340637207,0.002482801675796509,True
5,740,1784808112.9025412,8,0.020420551300048828,0.0025525689125061035,True
5,741,1784808112.923563,8,0.019749164581298828,0.0024686455726623535,True
5,742,1784808112.9436624,8,0.01943230628967285,0.0024290382862091064,True
5,743,1784808112.9634776,8,0.0221099853515625,0.0027637481689453125,True
5,744,1784808112.9860466,8,0.02124500274658203,0.002655625343322754,True
5,745,1784808113.0079074,8,0.0207979679107666,0.002599745988845825,True
5,746,1784808113.0293515,8,0.02086472511291504,0.00260809063911438,True
5,747,1784808113.0506928,8,0.019651412963867188,0.0024564266204833984,True
5,748,1784808113.0708108,8,0.022075176239013672,0.002759397029876709,True
5,749,1784808113.0934386,8,0.020377635955810547,0.0025472044944763184,True
5,750,1784808113.1141937,8,0.020505666732788086,0.0025632083415985107,True
5,751,1784808113.1353018,8,0.02018904685974121,0.0025236308574676514,True
5,752,1784808113.1558673,8,0.019888639450073242,0.0024860799312591553,True
5,753,1784808113.1763148,8,0.02104353904724121,0.0026304423809051514,True
5,754,1784808113.1978672,8,0.0206606388092041,0.0025825798511505127,True
5,755,1784808113.2192569,8,0.020282268524169922,0.0025352835655212402,True
5,756,1784808113.2401922,8,0.01956343650817871,0.002445429563522339,True
5,757,1784808113.260827,8,0.02066326141357422,0.0025829076766967773,True
5,758,1784808113.2819395,8,0.019820690155029297,0.002477586269378662,True
5,759,1784808113.302656,8,0.019361019134521484,0.0024201273918151855,True
5,760,1784808113.3226402,8,0.02012038230895996,0.002515047788619995,True
5,761,1784808113.3431504,8,0.021973133087158203,0.0027466416358947754,True
5,762,1784808113.365762,8,0.018715381622314453,0.0023394227027893066,True
5,763,1784808113.385081,8,0.02263331413269043,0.0028291642665863037,True
5,764,1784808113.4085588,8,0.019385099411010742,0.0024231374263763428,True
5,765,1784808113.4282641,8,0.020096778869628906,0.0025120973587036133,True
5,766,1784808113.449265,8,0.021149396896362305,0.002643674612045288,True
5,767,1784808113.4708793,8,0.02106785774230957,0.0026334822177886963,True
5,768,1784808113.4924533,8,0.02028656005859375,0.0025358200073242188,True
5,769,1784808113.5135043,8,0.01886153221130371,0.002357691526412964,True
5,770,1784808113.5332932,8,0.021339893341064453,0.0026674866676330566,True
5,771,1784808113.5553367,8,0.02354884147644043,0.0029436051845550537,True
5,772,1784808113.5792131,8,0.019617080688476562,0.0024521350860595703,True
5,773,1784808113.5994835,8,0.02290034294128418,0.0028625428676605225,True
5,774,1784808113.6229246,8,0.019744396209716797,0.0024680495262145996,True
5,775,1784808113.6430032,8,0.021790266036987305,0.002723783254623413,True
5,776,1784808113.6652324,8,0.021247386932373047,0.002655923366546631,True
5,777,1784808113.6869009,8,0.01978158950805664,0.00247269868850708,True
5,778,1784808113.7070565,8,0.02043890953063965,0.002554863691329956,True
5,779,1784808113.7278457,8,0.020863056182861328,0.002607882022857666,True
5,780,1784808113.749161,8,0.019852399826049805,0.0024815499782562256,True
5,781,1784808113.7695606,8,0.01862359046936035,0.002327948808670044,True
5,782,1784808113.7888207,8,0.019254446029663086,0.0024068057537078857,True
5,783,1784808113.808373,8,0.02069234848022461,0.002586543560028076,True
5,784,1784808113.8293898,8,0.019623279571533203,0.0024529099464416504,True
5,785,1784808113.8495085,8,0.019576072692871094,0.0024470090866088867,True
5,786,1784808113.8698719,8,0.020845651626586914,0.0026057064533233643,True
5,787,1784808113.8910112,8,0.020699739456176758,0.0025874674320220947,True
5,788,1784808113.9121041,8,0.01970362663269043,0.0024629533290863037,True
5,789,1784808113.932282,8,0.0198819637298584,0.0024852454662323,True
5,790,1784808113.952848,8,0.02004837989807129,0.002506047487258911,True
5,791,1784808113.9732387,8,0.018549680709838867,0.0023187100887298584,True
5,792,1784808113.9921741,8,0.019517183303833008,0.002439647912979126,True
5,793,1784808114.0121057,8,0.020838260650634766,0.0026047825813293457,True
5,794,1784808114.0336523,8,0.019578218460083008,0.002447277307510376,True
5,795,1784808114.0536282,8,0.02010178565979004,0.002512723207473755,True
5,796,1784808114.0745869,8,0.020870208740234375,0.002608776092529297,True
5,797,1784808114.0965402,8,0.01949930191040039,0.002437412738800049,True
5,798,1784808114.1164114,8,0.01975727081298828,0.002469658851623535,True
5,799,1784808114.136575,8,0.020375728607177734,0.002546966075897217,True
5,800,1784808114.1586044,8,0.019915342330932617,0.002489417791366577,True
5,801,1784808114.1790357,8,0.019351482391357422,0.0024189352989196777,True
5,802,1784808114.1987295,8,0.021008968353271484,0.0026261210441589355,True
5,803,1784808114.220178,8,0.02286815643310547,0.0028585195541381836,True
5,804,1784808114.243947,8,0.021384477615356445,0.0026730597019195557,True
5,805,1784808114.2675083,8,0.019182205200195312,0.002397775650024414,True
5,806,1784808114.2875078,8,0.019629716873168945,0.002453714609146118,True
5,807,1784808114.3078241,8,0.02024555206298828,0.002530694007873535,True
5,808,1784808114.3287544,8,0.02113795280456543,0.0026422441005706787,True
5,809,1784808114.3502984,8,0.019127607345581055,0.002390950918197632,True
5,810,1784808114.3700757,8,0.022073984146118164,0.0027592480182647705,True
5,811,1784808114.3924468,8,0.019872188568115234,0.0024840235710144043,True
5,812,1784808114.4128397,8,0.02015066146850586,0.0025188326835632324,True
5,813,1784808114.4333847,8,0.019099950790405273,0.002387493848800659,True
5,814,1784808114.4527833,8,0.02157139778137207,0.002696424722671509,True
5,815,1784808114.4747274,8,0.019054651260375977,0.002381831407546997,True
5,816,1784808114.494155,8,0.0193636417388916,0.00242045521736145,True
5,817,1784808114.5138059,8,0.020501375198364258,0.0025626718997955322,True
5,818,1784808114.5348322,8,0.020989418029785156,0.0026236772537231445,True
5,819,1784808114.5564477,8,0.01873636245727539,0.002342045307159424,True
5,820,1784808114.5756454,8,0.02112102508544922,0.0026401281356811523,True
5,821,1784808114.5970163,8,0.02006220817565918,0.0025077760219573975,True
5,822,1784808114.6174817,8,0.0203702449798584,0.0025462806224823,True
5,823,1784808114.6382484,8,0.01954364776611328,0.00244295597076416,True
5,824,1784808114.6582518,8,0.019532442092895508,0.0024415552616119385,True
5,825,1784808114.6781843,8,0.019684314727783203,0.0024605393409729004,True
5,826,1784808114.6982892,8,0.019607067108154297,0.002450883388519287,True
5,827,1784808114.7183075,8,0.018805265426635742,0.0023506581783294678,True
5,828,1784808114.737518,8,0.020923614501953125,0.0026154518127441406,True
5,829,1784808114.758793,8,0.02021336555480957,0.0025266706943511963,True
5,830,1784808114.781046,8,0.01967644691467285,0.0024595558643341064,True
5,831,1784808114.8011801,8,0.021539926528930664,0.002692490816116333,True
5,832,1784808114.822968,8,0.01868462562561035,0.002335578203201294,True
5,833,1784808114.8420603,8,0.020611286163330078,0.0025764107704162598,True
5,834,1784808114.8633473,8,0.019255638122558594,0.0024069547653198242,True
5,835,1784808114.8829052,8,0.02113819122314453,0.0026422739028930664,True
5,836,1784808114.9053133,8,0.02094745635986328,0.00261843204498291,True
5,837,1784808114.9268572,8,0.02171802520751953,0.0027147531509399414,True
5,838,1784808114.9489481,8,0.021008014678955078,0.0026260018348693848,True
5,839,1784808114.9716878,8,0.020104646682739258,0.0025130808353424072,True
5,840,1784808114.9923692,8,0.020176410675048828,0.0025220513343811035,True
5,841,1784808115.0137098,8,0.021063804626464844,0.0026329755783081055,True
5,842,1784808115.0356345,8,0.0195310115814209,0.0024413764476776123,True
5,843,1784808115.055805,8,0.020191431045532227,0.0025239288806915283,True
5,844,1784808115.076498,8,0.020030975341796875,0.0025038719177246094,True
5,845,1784808115.0971775,8,0.019895553588867188,0.0024869441986083984,True
5,846,1784808115.1174672,8,0.019440412521362305,0.002430051565170288,True
5,847,1784808115.1373284,8,0.02145218849182129,0.002681523561477661,True
5,848,1784808115.159646,8,0.01910877227783203,0.002388596534729004,True
5,849,1784808115.179086,8,0.019685983657836914,0.0024607479572296143,True
5,850,1784808115.199067,8,0.019090890884399414,0.0023863613605499268,True
5,851,1784808115.218562,8,0.02062702178955078,0.0025783777236938477,True
5,852,1784808115.2397425,8,0.019878149032592773,0.0024847686290740967,True
5,853,1784808115.2601705,8,0.019163131713867188,0.0023953914642333984,True
5,854,1784808115.2796464,8,0.019634246826171875,0.0024542808532714844,True
5,855,1784808115.2997506,8,0.0196688175201416,0.0024586021900177,True
5,856,1784808115.3198414,8,0.018720149993896484,0.0023400187492370605,True
5,857,1784808115.3390749,8,0.021509647369384766,0.0026887059211730957,True
5,858,1784808115.360932,8,0.02639460563659668,0.003299325704574585,True
5,859,1784808115.388052,8,0.01476430892944336,0.00184553861618042,True
5,860,1784808115.4031832,8,0.02097320556640625,0.0026216506958007812,True
5,861,1784808115.4246244,8,0.021500825881958008,0.002687603235244751,True
5,862,1784808115.4469151,8,0.02100086212158203,0.002625107765197754,True
5,863,1784808115.4684892,8,0.020915985107421875,0.0026144981384277344,True
5,864,1784808115.490295,8,0.019988059997558594,0.0024985074996948242,True
5,865,1784808115.5108132,8,0.020501375198364258,0.0025626718997955322,True
5,866,1784808115.5320792,8,0.018796682357788086,0.0023495852947235107,True
5,867,1784808115.5514147,8,0.020082473754882812,0.0025103092193603516,True
5,868,1784808115.573012,8,0.020181894302368164,0.0025227367877960205,True
5,869,1784808115.5939384,8,0.02028679847717285,0.0025358498096466064,True
5,870,1784808115.6148808,8,0.019468307495117188,0.0024335384368896484,True
5,871,1784808115.6354876,8,0.021734237670898438,0.0027167797088623047,True
5,872,1784808115.658034,8,0.018206357955932617,0.002275794744491577,True
5,873,1784808115.6769037,8,0.02220749855041504,0.00277593731880188,True
5,874,1784808115.7005663,8,0.020121335983276367,0.002515166997909546,True
5,875,1784808115.721757,8,0.019368648529052734,0.002421081066131592,True
5,876,1784808115.7419114,8,0.019351720809936523,0.0024189651012420654,True
5,877,1784808115.76179,8,0.019784212112426758,0.0024730265140533447,True
5,878,1784808115.7819421,8,0.020102262496948242,0.0025127828121185303,True
5,879,1784808115.802522,8,0.02086329460144043,0.0026079118251800537,True
5,880,1784808115.8238654,8,0.01972365379333496,0.00246545672416687,True
5,881,1784808115.8439074,8,0.019416093826293945,0.002427011728286743,True
5,882,1784808115.8636189,8,0.02145075798034668,0.002681344747543335,True
5,883,1784808115.8854454,8,0.01926898956298828,0.002408623695373535,True
5,884,1784808115.9049957,8,0.020658254623413086,0.0025822818279266357,True
5,885,1784808115.9261246,8,0.021052837371826172,0.0026316046714782715,True
5,886,1784808115.947851,8,0.01734161376953125,0.0021677017211914062,True
5,887,1784808115.9654915,8,0.019864320755004883,0.0024830400943756104,True
5,888,1784808115.9857213,8,0.020136117935180664,0.002517014741897583,True
5,889,1784808116.006423,8,0.01971578598022461,0.002464473247528076,True
5,890,1784808116.026564,8,0.022346973419189453,0.0027933716773986816,True
5,891,1784808116.0494134,8,0.018500804901123047,0.002312600612640381,True
5,892,1784808116.0681875,8,0.019987821578979492,0.0024984776973724365,True
5,893,1784808116.0884943,8,0.01970982551574707,0.002463728189468384,True
5,894,1784808116.108622,8,0.021241426467895508,0.0026551783084869385,True
5,895,1784808116.1302874,8,0.01816272735595703,0.002270340919494629,True
5,896,1784808116.1487796,8,0.020750045776367188,0.0025937557220458984,True
5,897,1784808116.169921,8,0.01942896842956543,0.0024286210536956787,True
5,898,1784808116.1898324,8,0.01842665672302246,0.0023033320903778076,True
5,899,1784808116.2086415,8,0.019130229949951172,0.0023912787437438965,True
5,900,1784808116.2283194,8,0.019491195678710938,0.002436399459838867,True
5,901,1784808116.248352,8,0.01897883415222168,0.00237235426902771,True
5,902,1784808116.2677457,8,0.021431684494018555,0.0026789605617523193,True
5,903,1784808116.2900672,8,0.01864480972290039,0.002330601215362549,True
5,904,1784808116.3093581,8,0.019812345504760742,0.0024765431880950928,True
5,905,1784808116.3299727,8,0.019361495971679688,0.002420186996459961,True
5,906,1784808116.3497303,8,0.02075791358947754,0.0025947391986846924,True
5,907,1784808116.3709867,8,0.019003629684448242,0.0023754537105560303,True
5,908,1784808116.390434,8,0.023176908493041992,0.002897113561630249,True
5,909,1784808116.4143007,8,0.019440412521362305,0.002430051565170288,True
5,910,1784808116.4341936,8,0.019467830657958984,0.002433478832244873,True
5,911,1784808116.4540737,8,0.02135777473449707,0.002669721841812134,True
5,912,1784808116.4760487,8,0.018804311752319336,0.002350538969039917,True
5,913,1784808116.4955492,8,0.020328283309936523,0.0025410354137420654,True
5,914,1784808116.5162785,8,0.019970178604125977,0.002496272325515747,True
5,915,1784808116.5368207,8,0.020874977111816406,0.0026093721389770508,True
5,916,1784808116.5581868,8,0.02084970474243164,0.002606213092803955,True
5,917,1784808116.5795014,8,0.021140336990356445,0.0026425421237945557,True
5,918,1784808116.601149,8,0.019672632217407227,0.0024590790271759033,True
5,919,1784808116.6224177,8,0.020152807235717773,0.0025191009044647217,True
5,920,1784808116.6429627,8,0.020959138870239258,0.0026198923587799072,True
5,921,1784808116.6646824,8,0.019878864288330078,0.0024848580360412598,True
5,922,1784808116.6852891,8,0.021046161651611328,0.002630770206451416,True
5,923,1784808116.7069836,8,0.021552085876464844,0.0026940107345581055,True
5,924,1784808116.7297633,8,0.021602392196655273,0.002700299024581909,True
5,925,1784808116.751645,8,0.020978212356567383,0.002622276544570923,True
5,926,1784808116.7730465,8,0.02036261558532715,0.0025453269481658936,True
5,927,1784808116.793793,8,0.020445823669433594,0.0025557279586791992,True
5,928,1784808116.8148682,8,0.020776987075805664,0.002597123384475708,True
5,929,1784808116.8360825,8,0.020025253295898438,0.0025031566619873047,True
5,930,1784808116.8564894,8,0.019994020462036133,0.0024992525577545166,True
5,931,1784808116.8769429,8,0.019342422485351562,0.0024178028106689453,True
5,932,1784808116.8966622,8,0.019544363021850586,0.0024430453777313232,True
5,933,1784808116.9169884,8,0.020224571228027344,0.002528071403503418,True
5,934,1784808116.9376333,8,0.020774126052856445,0.0025967657566070557,True
5,935,1784808116.958798,8,0.019406795501708984,0.002425849437713623,True
5,936,1784808116.9785898,8,0.01990222930908203,0.002487778663635254,True
5,937,1784808116.9989076,8,0.020095109939575195,0.0025118887424468994,True
5,938,1784808117.0194376,8,0.019634246826171875,0.0024542808532714844,True
5,939,1784808117.039584,8,0.02206277847290039,0.002757847309112549,True
5,940,1784808117.0631797,8,0.020191669464111328,0.002523958683013916,True
5,941,1784808117.0838583,8,0.02234673500061035,0.002793341875076294,True
5,942,1784808117.1068423,8,0.02169179916381836,0.002711474895477295,True
5,943,1784808117.129287,8,0.02031731605529785,0.0025396645069122314,True
5,944,1784808117.1501405,8,0.02135467529296875,0.0026693344116210938,True
5,945,1784808117.1731744,8,0.02227497100830078,0.0027843713760375977,True
5,946,1784808117.1960537,8,0.0199129581451416,0.0024891197681427,True
5,947,1784808117.216323,8,0.019270658493041992,0.002408832311630249,True
5,948,1784808117.2359452,8,0.019811630249023438,0.0024764537811279297,True
5,949,1784808117.2564833,8,0.018914222717285156,0.0023642778396606445,True
5,950,1784808117.2764757,8,0.020125865936279297,0.002515733242034912,True
5,951,1784808117.2969952,8,0.022001028060913086,0.0027501285076141357,True
5,952,1784808117.3196895,8,0.022480249404907227,0.0028100311756134033,True
5,953,1784808117.3428426,8,0.020128965377807617,0.002516120672225952,True
5,954,1784808117.3634255,8,0.019983291625976562,0.0024979114532470703,True
5,955,1784808117.3840086,8,0.0194399356842041,0.0024299919605255127,True
5,956,1784808117.4037373,8,0.020909547805786133,0.0026136934757232666,True
5,957,1784808117.4252112,8,0.02026987075805664,0.00253373384475708,True
5,958,1784808117.4461417,8,0.02060556411743164,0.002575695514678955,True
5,959,1784808117.467689,8,0.02029895782470703,0.002537369728088379,True
5,960,1784808117.4887567,8,0.020974159240722656,0.002621769905090332,True
5,961,1784808117.5100496,8,0.01931905746459961,0.002414882183074951,True
5,962,1784808117.5297592,8,0.021097183227539062,0.002637147903442383,True
5,963,1784808117.551265,8,0.01926398277282715,0.0024079978466033936,True
5,964,1784808117.570979,8,0.020344257354736328,0.002543032169342041,True
5,965,1784808117.5918581,8,0.020068883895874023,0.002508610486984253,True
5,966,1784808117.613121,8,0.018269777297973633,0.002283722162246704,True
5,967,1784808117.6316895,8,0.021396875381469727,0.002674609422683716,True
5,968,1784808117.6544542,8,0.019040346145629883,0.0023800432682037354,True
5,969,1784808117.674011,8,0.02052760124206543,0.0025659501552581787,True
5,970,1784808117.694883,8,0.02107691764831543,0.0026346147060394287,True
5,971,1784808117.7180119,8,0.01853322982788086,0.0023166537284851074,True
5,972,1784808117.737962,8,0.020951271057128906,0.0026189088821411133,True
5,973,1784808117.7596474,8,0.018908023834228516,0.0023635029792785645,True
5,974,1784808117.7793226,8,0.020588397979736328,0.002573549747467041,True
5,975,1784808117.8002074,8,0.018931150436401367,0.002366393804550171,True
5,976,1784808117.8195124,8,0.019809484481811523,0.0024761855602264404,True
5,977,1784808117.839673,8,0.019147157669067383,0.002393394708633423,True
5,978,1784808117.8593056,8,0.020157337188720703,0.002519667148590088,True
5,979,1784808117.8798494,8,0.019994735717773438,0.0024993419647216797,True
5,980,1784808117.9012215,8,0.020449161529541016,0.002556145191192627,True
5,981,1784808117.9227765,8,0.019305944442749023,0.002413243055343628,True
5,982,1784808117.942439,8,0.02217841148376465,0.002772301435470581,True
5,983,1784808117.9650364,8,0.020546674728393555,0.0025683343410491943,True
5,984,1784808117.9860034,8,0.019133567810058594,0.0023916959762573242,True
5,985,1784808118.007677,8,0.019337892532348633,0.002417236566543579,True
5,986,1784808118.0275097,8,0.019297361373901367,0.002412170171737671,True
5,987,1784808118.0472562,8,0.019133806228637695,0.002391725778579712,True
5,988,1784808118.06711,8,0.018419504165649414,0.0023024380207061768,True
5,989,1784808118.0862513,8,0.021666765213012695,0.002708345651626587,True
5,990,1784808118.1086164,8,0.01935553550720215,0.0024194419384002686,True
5,991,1784808118.128354,8,0.020189762115478516,0.0025237202644348145,True
5,992,1784808118.1491027,8,0.020592212677001953,0.002574026584625244,True
5,993,1784808118.170002,8,0.020154237747192383,0.002519279718399048,True
5,994,1784808118.190593,8,0.020857810974121094,0.0026072263717651367,True
5,995,1784808118.2117348,8,0.020064115524291992,0.002508014440536499,True
5,996,1784808118.2325675,8,0.01875615119934082,0.0023445188999176025,True
5,997,1784808118.2525256,8,0.020009994506835938,0.002501249313354492,True
5,998,1784808118.273347,8,0.019666671752929688,0.002458333969116211,True
5,999,1784808118.2933886,8,0.021456480026245117,0.0026820600032806396,True
5,1000,1784808118.315244,8,0.01989579200744629,0.002486974000930786,True
5,1001,1784808118.3355784,8,0.022556781768798828,0.0028195977210998535,True
5,1002,1784808118.3587072,8,0.021551847457885742,0.0026939809322357178,True
5,1003,1784808118.3809934,8,0.019325971603393555,0.0024157464504241943,True
5,1004,1784808118.4007788,8,0.021811962127685547,0.0027264952659606934,True
5,1005,1784808118.422953,8,0.019849777221679688,0.002481222152709961,True
5,1006,1784808118.4432042,8,0.019392728805541992,0.002424091100692749,True
5,1007,1784808118.4629722,8,0.020994186401367188,0.0026242733001708984,True
5,1008,1784808118.484305,8,0.02032017707824707,0.002540022134780884,True
5,1009,1784808118.5051022,8,0.02080392837524414,0.0026004910469055176,True
5,1010,1784808118.526293,8,0.02063131332397461,0.002578914165496826,True
5,1011,1784808118.5473883,8,0.019028663635253906,0.0023785829544067383,True
5,1012,1784808118.5672479,8,0.020522594451904297,0.002565324306488037,True
5,1013,1784808118.5881793,8,0.020292997360229492,0.0025366246700286865,True
5,1014,1784808118.608958,8,0.02131342887878418,0.0026641786098480225,True
5,1015,1784808118.630599,8,0.019824743270874023,0.002478092908859253,True
5,1016,1784808118.6522734,8,0.01959967613220215,0.0024499595165252686,True
5,1017,1784808118.6724215,8,0.022843360900878906,0.0028554201126098633,True
5,1018,1784808118.6961617,8,0.019776344299316406,0.0024720430374145508,True
5,1019,1784808118.7164843,8,0.02083587646484375,0.0026044845581054688,True
5,1020,1784808118.7380366,8,0.02185678482055664,0.00273209810256958,True
5,1021,1784808118.7602463,8,0.021476268768310547,0.0026845335960388184,True
5,1022,1784808118.782689,8,0.019766569137573242,0.0024708211421966553,True
5,1023,1784808118.8029,8,0.019459009170532227,0.0024323761463165283,True
5,1024,1784808118.8227584,8,0.02060699462890625,0.0025758743286132812,True
5,1025,1784808118.8437142,8,0.018633604049682617,0.002329200506210327,True
5,1026,1784808118.8626924,8,0.019974708557128906,0.0024968385696411133,True
5,1027,1784808118.8830402,8,0.02070784568786621,0.0025884807109832764,True
5,1028,1784808118.9041903,8,0.018817663192749023,0.002352207899093628,True
5,1029,1784808118.9234214,8,0.01974630355834961,0.002468287944793701,True
5,1030,1784808118.9435394,8,0.02334904670715332,0.002918630838394165,True
5,1031,1784808118.9672768,8,0.01962757110595703,0.002453446388244629,True
5,1032,1784808118.9874306,8,0.01795506477355957,0.0022443830966949463,True
5,1033,1784808119.0057757,8,0.021090269088745117,0.0026362836360931396,True
5,1034,1784808119.0273843,8,0.01932215690612793,0.002415269613265991,True
5,1035,1784808119.047113,8,0.020566463470458984,0.002570807933807373,True
5,1036,1784808119.0683248,8,0.01992964744567871,0.002491205930709839,True
5,1037,1784808119.0886161,8,0.019799470901489258,0.0024749338626861572,True
5,1038,1784808119.1086736,8,0.019272327423095703,0.002409040927886963,True
5,1039,1784808119.128263,8,0.020050764083862305,0.002506345510482788,True
5,1040,1784808119.1486247,8,0.019560575485229492,0.0024450719356536865,True
5,1041,1784808119.1686358,8,0.019687652587890625,0.002460956573486328,True
5,1042,1784808119.1886544,8,0.020352840423583984,0.002544105052947998,True
5,1043,1784808119.2097337,8,0.01921367645263672,0.00240170955657959,True
5,1044,1784808119.2296696,8,0.019448518753051758,0.0024310648441314697,True
5,1045,1784808119.2495277,8,0.019893169403076172,0.0024866461753845215,True
5,1046,1784808119.2698135,8,0.019902944564819336,0.002487868070602417,True
5,1047,1784808119.2901752,8,0.018034696578979492,0.0022543370723724365,True
5,1048,1784808119.3095655,8,0.02017951011657715,0.0025224387645721436,True
5,1049,1784808119.3301659,8,0.021134138107299805,0.0026417672634124756,True
5,1050,1784808119.3522966,8,0.019062280654907227,0.0023827850818634033,True
5,1051,1784808119.3716972,8,0.020983457565307617,0.002622932195663452,True
5,1052,1784808119.3931153,8,0.01984119415283203,0.002480149269104004,True
5,1053,1784808119.4135506,8,0.021517276763916016,0.002689659595489502,True
5,1054,1784808119.4354274,8,0.023228168487548828,0.0029035210609436035,True
5,1055,1784808119.4593618,8,0.01898336410522461,0.002372920513153076,True
5,1056,1784808119.4786842,8,0.01957106590270996,0.002446383237838745,True
5,1057,1784808119.498754,8,0.019255399703979492,0.0024069249629974365,True
5,1058,1784808119.5184524,8,0.020417213439941406,0.0025521516799926758,True
5,1059,1784808119.5391662,8,0.02428603172302246,0.0030357539653778076,True
5,1060,1784808119.563838,8,0.020531415939331055,0.002566426992416382,True
5,1061,1784808119.5849078,8,0.019617319107055664,0.002452164888381958,True
5,1062,1784808119.6050084,8,0.020755290985107422,0.0025944113731384277,True
5,1063,1784808119.6261017,8,0.019186019897460938,0.002398252487182617,True
5,1064,1784808119.6455607,8,0.021077632904052734,0.002634704113006592,True
5,1065,1784808119.6670372,8,0.018926620483398438,0.0023658275604248047,True
5,1066,1784808119.6863837,8,0.019685745239257812,0.0024607181549072266,True
5,1067,1784808119.7064126,8,0.019219636917114258,0.0024024546146392822,True
5,1068,1784808119.7260618,8,0.01982402801513672,0.00247800350189209,True
5,1069,1784808119.7464461,8,0.020667314529418945,0.002583414316177368,True
5,1070,1784808119.7674096,8,0.019631147384643555,0.0024538934230804443,True
5,1071,1784808119.7876678,8,0.02151942253112793,0.002689927816390991,True
5,1072,1784808119.8098593,8,0.019757509231567383,0.002469688653945923,True
5,1073,1784808119.8300633,8,0.0225372314453125,0.0028171539306640625,True
5,1074,1784808119.853338,8,0.019651412963867188,0.0024564266204833984,True
5,1075,1784808119.8741844,8,0.018414735794067383,0.002301841974258423,True
5,1076,1784808119.8929226,8,0.02083611488342285,0.0026045143604278564,True
5,1077,1784808119.9140704,8,0.02011418342590332,0.002514272928237915,True
5,1078,1784808119.9345155,8,0.01995396614074707,0.002494245767593384,True
5,1079,1784808119.954806,8,0.020695924758911133,0.0025869905948638916,True
5,1080,1784808119.9759426,8,0.019881486892700195,0.0024851858615875244,True
5,1081,1784808119.9962182,8,0.020737648010253906,0.0025922060012817383,True
5,1082,1784808120.0173173,8,0.01985645294189453,0.0024820566177368164,True
5,1083,1784808120.0376194,8,0.02060246467590332,0.002575308084487915,True
5,1084,1784808120.0588713,8,0.018264293670654297,0.002283036708831787,True
5,1085,1784808120.0775049,8,0.019912242889404297,0.002489030361175537,True
5,1086,1784808120.0976965,8,0.019701719284057617,0.002462714910507202,True
5,1087,1784808120.1177728,8,0.02266073226928711,0.0028325915336608887,True
5,1088,1784808120.1407678,8,0.01883697509765625,0.0023546218872070312,True
5,1089,1784808120.159956,8,0.021538972854614258,0.0026923716068267822,True
5,1090,1784808120.1819615,8,0.020769834518432617,0.002596229314804077,True
5,1091,1784808120.2033231,8,0.019045352935791016,0.002380669116973877,True
5,1092,1784808120.2227192,8,0.018581867218017578,0.0023227334022521973,True
5,1093,1784808120.2416828,8,0.01800060272216797,0.002250075340270996,True
5,1094,1784808120.2605712,8,0.020827770233154297,0.002603471279144287,True
5,1095,1784808120.2818398,8,0.020149946212768555,0.0025187432765960693,True
5,1096,1784808120.3032153,8,0.020102500915527344,0.002512812614440918,True
5,1097,1784808120.3237123,8,0.022940397262573242,0.0028675496578216553,True
5,1098,1784808120.3473477,8,0.020308494567871094,0.0025385618209838867,True
5,1099,1784808120.3681765,8,0.01965618133544922,0.0024570226669311523,True
5,1100,1784808120.3882916,8,0.01890873908996582,0.0023635923862457275,True
5,1101,1784808120.407647,8,0.021361351013183594,0.0026701688766479492,True
5,1102,1784808120.429434,8,0.020624160766601562,0.0025780200958251953,True
5,1103,1784808120.4524004,8,0.018242835998535156,0.0022803544998168945,True
5,1104,1784808120.4709666,8,0.018448591232299805,0.0023060739040374756,True
5,1105,1784808120.4897513,8,0.01971149444580078,0.0024639368057250977,True
5,1106,1784808120.509908,8,0.019852876663208008,0.002481609582901001,True
5,1107,1784808120.5304677,8,0.020030975341796875,0.0025038719177246094,True
5,1108,1784808120.5514202,8,0.0190427303314209,0.0023803412914276123,True
5,1109,1784808120.570827,8,0.021760225296020508,0.0027200281620025635,True
5,1110,1784808120.5930343,8,0.020487070083618164,0.0025608837604522705,True
5,1111,1784808120.6138577,8,0.02115941047668457,0.0026449263095855713,True
5,1112,1784808120.6361363,8,0.02035975456237793,0.002544969320297241,True
5,1113,1784808120.657213,8,0.020587921142578125,0.0025734901428222656,True
5,1114,1784808120.6782687,8,0.020925283432006836,0.0026156604290008545,True
5,1115,1784808120.6995637,8,0.01993870735168457,0.0024923384189605713,True
5,1116,1784808120.7202399,8,0.02532362937927246,0.0031654536724090576,True
5,1117,1784808120.7467728,8,0.018576860427856445,0.0023221075534820557,True
5,1118,1784808120.765646,8,0.020692110061645508,0.0025865137577056885,True
5,1119,1784808120.7866883,8,0.022821903228759766,0.0028527379035949707,True
5,1120,1784808120.8106813,8,0.02110767364501953,0.0026384592056274414,True
5,1121,1784808120.8324127,8,0.02050471305847168,0.00256308913230896,True
5,1122,1784808120.8536339,8,0.019550800323486328,0.002443850040435791,True
5,1123,1784808120.8738747,8,0.021489620208740234,0.0026862025260925293,True
5,1124,1784808120.8961346,8,0.021419525146484375,0.002677440643310547,True
5,1125,1784808120.9180427,8,0.019870996475219727,0.002483874559402466,True
5,1126,1784808120.9390354,8,0.021762609481811523,0.0027203261852264404,True
5,1127,1784808120.9612968,8,0.01880168914794922,0.0023502111434936523,True
5,1128,1784808120.980458,8,0.02055668830871582,0.0025695860385894775,True
5,1129,1784808121.0014856,8,0.020265817642211914,0.0025332272052764893,True
5,1130,1784808121.022092,8,0.020903825759887695,0.002612978219985962,True
5,1131,1784808121.0434942,8,0.021369218826293945,0.002671152353286743,True
5,1132,1784808121.065253,8,0.021100282669067383,0.002637535333633423,True
5,1133,1784808121.0868104,8,0.019199848175048828,0.0023999810218811035,True
5,1134,1784808121.1064093,8,0.020050048828125,0.002506256103515625,True
5,1135,1784808121.12679,8,0.020799636840820312,0.002599954605102539,True
5,1136,1784808121.1481547,8,0.019966840744018555,0.0024958550930023193,True
5,1137,1784808121.1685863,8,0.01934337615966797,0.002417922019958496,True
5,1138,1784808121.1884856,8,0.01866436004638672,0.00233304500579834,True
5,1139,1784808121.207931,8,0.01997661590576172,0.002497076988220215,True
5,1140,1784808121.2290728,8,0.018993139266967773,0.0023741424083709717,True
5,1141,1784808121.2499197,8,0.018898963928222656,0.002362370491027832,True
5,1142,1784808121.2695541,8,0.020776987075805664,0.002597123384475708,True
5,1143,1784808121.2916818,8,0.018337249755859375,0.002292156219482422,True
5,1144,1784808121.3117301,8,0.02205801010131836,0.002757251262664795,True
5,1145,1784808121.334876,8,0.018613576889038086,0.0023266971111297607,True
5,1146,1784808121.3546722,8,0.02142047882080078,0.0026775598526000977,True
5,1147,1784808121.3765268,8,0.021263599395751953,0.002657949924468994,True
5,1148,1784808121.3981316,8,0.020100116729736328,0.002512514591217041,True
5,1149,1784808121.4189725,8,0.019212722778320312,0.002401590347290039,True
5,1150,1784808121.4385753,8,0.019709348678588867,0.0024636685848236084,True
5,1151,1784808121.4587865,8,0.019998788833618164,0.0024998486042022705,True
5,1152,1784808121.4794884,8,0.02168130874633789,0.0027101635932922363,True
5,1153,1784808121.5015132,8,0.019020795822143555,0.0023775994777679443,True
5,1154,1784808121.521835,8,0.019526243209838867,0.0024407804012298584,True
5,1155,1784808121.5418248,8,0.01998162269592285,0.0024977028369903564,True
5,1156,1784808121.5621953,8,0.02035975456237793,0.002544969320297241,True
5,1157,1784808121.582942,8,0.019462108612060547,0.0024327635765075684,True
5,1158,1784808121.602848,8,0.021111726760864258,0.0026389658451080322,True
5,1159,1784808121.6244938,8,0.018520832061767578,0.0023151040077209473,True
5,1160,1784808121.6434927,8,0.02163243293762207,0.002704054117202759,True
5,1161,1784808121.6655877,8,0.01881718635559082,0.0023521482944488525,True
5,1162,1784808121.6846716,8,0.02190542221069336,0.00273817777633667,True
5,1163,1784808121.7069159,8,0.018476486206054688,0.002309560775756836,True
5,1164,1784808121.7258425,8,0.01968550682067871,0.002460688352584839,True
5,1165,1784808121.7460947,8,0.019959688186645508,0.0024949610233306885,True
5,1166,1784808121.766898,8,0.02051997184753418,0.0025649964809417725,True
5,1167,1784808121.788486,8,0.019669055938720703,0.002458631992340088,True
5,1168,1784808121.8085895,8,0.019508838653564453,0.0024386048316955566,True
5,1169,1784808121.8286748,8,0.020415067672729492,0.0025518834590911865,True
5,1170,1784808121.85014,8,0.021054506301879883,0.0026318132877349854,True
5,1171,1784808121.8719943,8,0.021625041961669922,0.0027031302452087402,True
5,1172,1784808121.8951285,8,0.020459651947021484,0.0025574564933776855,True
5,1173,1784808121.916292,8,0.019650697708129883,0.0024563372135162354,True
5,1174,1784808121.9363527,8,0.020240306854248047,0.002530038356781006,True
5,1175,1784808121.9569905,8,0.02158498764038086,0.0026981234550476074,True
5,1176,1784808121.978879,8,0.02018570899963379,0.0025232136249542236,True
5,1177,1784808121.9994552,8,0.02062511444091797,0.002578139305114746,True
5,1178,1784808122.0204868,8,0.021297931671142578,0.0026622414588928223,True
5,1179,1784808122.0425446,8,0.017919540405273438,0.0022399425506591797,True
5,1180,1784808122.060879,8,0.01975083351135254,0.0024688541889190674,True
5,1181,1784808122.0809703,8,0.021554231643676758,0.0026942789554595947,True
5,1182,1784808122.1028695,8,0.020201921463012695,0.002525240182876587,True
5,1183,1784808122.1233878,8,0.020184755325317383,0.002523094415664673,True
5,1184,1784808122.1440308,8,0.02025318145751953,0.0025316476821899414,True
5,1185,1784808122.164568,8,0.020807743072509766,0.0026009678840637207,True
5,1186,1784808122.1857982,8,0.02074909210205078,0.0025936365127563477,True
5,1187,1784808122.2071927,8,0.020323514938354492,0.0025404393672943115,True
5,1188,1784808122.227884,8,0.01954054832458496,0.00244256854057312,True
5,1189,1784808122.2479277,8,0.02175736427307129,0.002719670534133911,True
5,1190,1784808122.2701902,8,0.020044803619384766,0.0025056004524230957,True
5,1191,1784808122.2905078,8,0.022508621215820312,0.002813577651977539,True
5,1192,1784808122.3137224,8,0.020131826400756836,0.0025164783000946045,True
5,1193,1784808122.3344102,8,0.021197080612182617,0.002649635076522827,True
5,1194,1784808122.356181,8,0.02235269546508789,0.0027940869331359863,True
5,1195,1784808122.3789163,8,0.020177602767944336,0.002522200345993042,True
5,1196,1784808122.3998144,8,0.02009415626525879,0.0025117695331573486,True
5,1197,1784808122.4202263,8,0.02119898796081543,0.0026498734951019287,True
5,1198,1784808122.4417818,8,0.02051830291748047,0.0025647878646850586,True
5,1199,1784808122.4631531,8,0.025893449783325195,0.0032366812229156494,True
5,1200,1784808122.4894567,8,0.020685911178588867,0.0025857388973236084,True
5,1201,1784808122.5105214,8,0.0200042724609375,0.0025005340576171875,True
5,1202,1784808122.5309007,8,0.020207881927490234,0.0025259852409362793,True
5,1203,1784808122.5513875,8,0.020418882369995117,0.0025523602962493896,True
5,1204,1784808122.5722682,8,0.019773244857788086,0.0024716556072235107,True
5,1205,1784808122.592371,8,0.021152734756469727,0.002644091844558716,True
5,1206,1784808122.6138575,8,0.020412683486938477,0.0025515854358673096,True
5,1207,1784808122.6346345,8,0.021075963973999023,0.002634495496749878,True
5,1208,1784808122.656385,8,0.021189212799072266,0.002648651599884033,True
5,1209,1784808122.6778789,8,0.02060103416442871,0.002575129270553589,True
5,1210,1784808122.698971,8,0.020954608917236328,0.002619326114654541,True
5,1211,1784808122.7208314,8,0.020882844924926758,0.0026103556156158447,True
5,1212,1784808122.7424872,8,0.020884990692138672,0.002610623836517334,True
5,1213,1784808122.764835,8,0.020316600799560547,0.0025395750999450684,True
5,1214,1784808122.7864892,8,0.020998716354370117,0.0026248395442962646,True
5,1215,1784808122.8087347,8,0.02009105682373047,0.0025113821029663086,True
5,1216,1784808122.829254,8,0.020311832427978516,0.0025389790534973145,True
5,1217,1784808122.8499,8,0.02152848243713379,0.0026910603046417236,True
5,1218,1784808122.872205,8,0.02087855339050293,0.002609819173812866,True
5,1219,1784808122.8935692,8,0.021258831024169922,0.0026573538780212402,True
5,1220,1784808122.9151895,8,0.0203397274017334,0.002542465925216675,True
5,1221,1784808122.9360666,8,0.019814252853393555,0.0024767816066741943,True
5,1222,1784808122.956606,8,0.021738290786743164,0.0027172863483428955,True
5,1223,1784808122.9798472,8,0.020122051239013672,0.002515256404876709,True
5,1224,1784808123.0002618,8,0.022651195526123047,0.002831399440765381,True
5,1225,1784808123.0245159,8,0.01880812644958496,0.00235101580619812,True
5,1226,1784808123.0436597,8,0.02184581756591797,0.002730727195739746,True
5,1227,1784808123.0658672,8,0.01924729347229004,0.002405911684036255,True
5,1228,1784808123.0855508,8,0.019446611404418945,0.002430826425552368,True
5,1229,1784808123.1053183,8,0.021412372589111328,0.002676546573638916,True
5,1230,1784808123.1270974,8,0.01990056037902832,0.00248757004737854,True
5,1231,1784808123.1473656,8,0.019272804260253906,0.0024091005325317383,True
5,1232,1784808123.167086,8,0.02161550521850586,0.0027019381523132324,True
5,1233,1784808123.1890848,8,0.020485877990722656,0.002560734748840332,True
5,1234,1784808123.21015,8,0.01912665367126465,0.002390831708908081,True
5,1235,1784808123.2297263,8,0.018670082092285156,0.0023337602615356445,True
5,1236,1784808123.2487211,8,0.021585464477539062,0.002698183059692383,True
5,1237,1784808123.2706487,8,0.018323659896850586,0.0022904574871063232,True
5,1238,1784808123.289386,8,0.022496938705444336,0.002812117338180542,True
5,1239,1784808123.3122065,8,0.02026510238647461,0.002533137798309326,True
5,1240,1784808123.332763,8,0.02044391632080078,0.0025554895401000977,True
5,1241,1784808123.3535204,8,0.020410776138305664,0.002551347017288208,True
5,1242,1784808123.3749726,8,0.01969170570373535,0.002461463212966919,True
5,1243,1784808123.3951542,8,0.020076751708984375,0.002509593963623047,True
5,1244,1784808123.4161956,8,0.01942276954650879,0.0024278461933135986,True
5,1245,1784808123.4360337,8,0.020451068878173828,0.0025563836097717285,True
5,1246,1784808123.45684,8,0.022011280059814453,0.0027514100074768066,True
5,1247,1784808123.479392,8,0.020153284072875977,0.002519160509109497,True
5,1248,1784808123.4999757,8,0.021750926971435547,0.0027188658714294434,True
5,1249,1784808123.5220053,8,0.021239757537841797,0.0026549696922302246,True
5,1250,1784808123.5435774,8,0.01985931396484375,0.0024824142456054688,True
5,1251,1784808123.5637877,8,0.021996736526489258,0.0027495920658111572,True
5,1252,1784808123.5863853,8,0.02228379249572754,0.0027854740619659424,True
5,1253,1784808123.609151,8,0.02118682861328125,0.0026483535766601562,True
5,1254,1784808123.6306643,8,0.02076554298400879,0.0025956928730010986,True
5,1255,1784808123.651683,8,0.021389484405517578,0.0026736855506896973,True
5,1256,1784808123.6735365,8,0.020531177520751953,0.002566397190093994,True
5,1257,1784808123.6944087,8,0.02044224739074707,0.002555280923843384,True
5,1258,1784808123.7151985,8,0.018877029418945312,0.002359628677368164,True
5,1259,1784808123.7343228,8,0.02293872833251953,0.0028673410415649414,True
5,1260,1784808123.7576525,8,0.02213144302368164,0.002766430377960205,True
5,1261,1784808123.780569,8,0.019304513931274414,0.0024130642414093018,True
5,1262,1784808123.8008988,8,0.02120804786682129,0.002651005983352661,True
5,1263,1784808123.8228393,8,0.022013187408447266,0.002751648426055908,True
5,1264,1784808123.8455355,8,0.020403623580932617,0.002550452947616577,True
5,1265,1784808123.866279,8,0.019528627395629883,0.0024410784244537354,True
5,1266,1784808123.8866997,8,0.02083873748779297,0.002604842185974121,True
5,1267,1784808123.9080415,8,0.020629405975341797,0.0025786757469177246,True
5,1268,1784808123.92928,8,0.020557880401611328,0.002569735050201416,True
5,1269,1784808123.9502635,8,0.02174854278564453,0.0027185678482055664,True
5,1270,1784808123.9725187,8,0.02031850814819336,0.00253981351852417,True
5,1271,1784808123.993431,8,0.02141118049621582,0.0026763975620269775,True
5,1272,1784808124.0152657,8,0.02056431770324707,0.002570539712905884,True
5,1273,1784808124.036983,8,0.020317792892456055,0.002539724111557007,True
5,1274,1784808124.0577462,8,0.0189206600189209,0.0023650825023651123,True
5,1275,1784808124.0771172,8,0.021100282669067383,0.002637535333633423,True
5,1276,1784808124.098586,8,0.018294811248779297,0.002286851406097412,True
5,1277,1784808124.1175718,8,0.021579265594482422,0.0026974081993103027,True
5,1278,1784808124.140234,8,0.020218610763549805,0.0025273263454437256,True
5,1279,1784808124.1615689,8,0.02181243896484375,0.0027265548706054688,True
5,1280,1784808124.1836677,8,0.02159714698791504,0.00269964337348938,True
5,1281,1784808124.2057798,8,0.01964569091796875,0.0024557113647460938,True
5,1282,1784808124.2258427,8,0.019875526428222656,0.002484440803527832,True
5,1283,1784808124.2460485,8,0.020127534866333008,0.002515941858291626,True
5,1284,1784808124.2670162,8,0.02012491226196289,0.0025156140327453613,True
5,1285,1784808124.2875736,8,0.020288705825805664,0.002536088228225708,True
5,1286,1784808124.3083355,8,0.020536422729492188,0.0025670528411865234,True
5,1287,1784808124.3292751,8,0.020880937576293945,0.002610117197036743,True
5,1288,1784808124.350463,8,0.020235776901245117,0.0025294721126556396,True
5,1289,1784808124.3711965,8,0.019615650177001953,0.002451956272125244,True
5,1290,1784808124.3913598,8,0.01952362060546875,0.0024404525756835938,True
5,1291,1784808124.4116604,8,0.019901275634765625,0.002487659454345703,True
5,1292,1784808124.4319732,8,0.021482229232788086,0.0026852786540985107,True
5,1293,1784808124.4539423,8,0.019644737243652344,0.002455592155456543,True
5,1294,1784808124.4739437,8,0.01974630355834961,0.002468287944793701,True
5,1295,1784808124.4940808,8,0.02059769630432129,0.002574712038040161,True
5,1296,1784808124.5151696,8,0.021085262298583984,0.002635657787322998,True
5,1297,1784808124.5366995,8,0.018407583236694336,0.002300947904586792,True
5,1298,1784808124.5555189,8,0.021991491317749023,0.002748936414718628,True
5,1299,1784808124.577856,8,0.02054429054260254,0.0025680363178253174,True
5,1300,1784808124.599062,8,0.019853830337524414,0.0024817287921905518,True
5,1301,1784808124.6197102,8,0.019945383071899414,0.0024931728839874268,True
5,1302,1784808124.6402633,8,0.022132396697998047,0.002766549587249756,True
5,1303,1784808124.6626718,8,0.020710229873657227,0.0025887787342071533,True
5,1304,1784808124.6837263,8,0.020322322845458984,0.002540290355682373,True
5,1305,1784808124.7043715,8,0.01923227310180664,0.00240403413772583,True
5,1306,1784808124.7239733,8,0.019168376922607422,0.0023960471153259277,True
5,1307,1784808124.7436259,8,0.02008843421936035,0.002511054277420044,True
5,1308,1784808124.7644563,8,0.020169734954833984,0.002521216869354248,True
5,1309,1784808124.7851145,8,0.01838397979736328,0.00229799747467041,True
5,1310,1784808124.8041313,8,0.02292919158935547,0.0028661489486694336,True
5,1311,1784808124.827705,8,0.020882606506347656,0.002610325813293457,True
5,1312,1784808124.8498569,8,0.02219533920288086,0.0027744174003601074,True
5,1313,1784808124.87259,8,0.018393516540527344,0.002299189567565918,True
5,1314,1784808124.8913703,8,0.020133495330810547,0.0025166869163513184,True
5,1315,1784808124.9119236,8,0.02128291130065918,0.0026603639125823975,True
5,1316,1784808124.9345086,8,0.02171778678894043,0.0027147233486175537,True
5,1317,1784808124.9568832,8,0.025093555450439453,0.0031366944313049316,True
5,1318,1784808124.9832208,8,0.02125859260559082,0.0026573240756988525,True
5,1319,1784808125.005555,8,0.02157139778137207,0.002696424722671509,True
5,1320,1784808125.027504,8,0.0208585262298584,0.0026073157787323,True
5,1321,1784808125.048912,8,0.021349191665649414,0.0026686489582061768,True
5,1322,1784808125.0707462,8,0.020857810974121094,0.0026072263717651367,True
5,1323,1784808125.0923223,8,0.019350290298461914,0.0024187862873077393,True
5,1324,1784808125.112273,8,0.021405458450317383,0.002675682306289673,True
5,1325,1784808125.1340501,8,0.021007061004638672,0.002625882625579834,True
5,1326,1784808125.1565137,8,0.018807172775268555,0.0023508965969085693,True
5,1327,1784808125.1765354,8,0.018199920654296875,0.0022749900817871094,True
5,1328,1784808125.1958811,8,0.021161794662475586,0.0026452243328094482,True
5,1329,1784808125.21739,8,0.0219881534576416,0.0027485191822052,True
5,1330,1784808125.240335,8,0.020221233367919922,0.0025276541709899902,True
5,1331,1784808125.2612855,8,0.01900935173034668,0.002376168966293335,True
5,1332,1784808125.2809114,8,0.019455432891845703,0.002431929111480713,True
5,1333,1784808125.300708,8,0.020266294479370117,0.0025332868099212646,True
5,1334,1784808125.321696,8,0.020093441009521484,0.0025116801261901855,True
5,1335,1784808125.3423262,8,0.02069401741027832,0.00258675217628479,True
5,1336,1784808125.3635993,8,0.018722057342529297,0.002340257167816162,True
5,1337,1784808125.383321,8,0.020440340042114258,0.0025550425052642822,True
5,1338,1784808125.4041002,8,0.021593809127807617,0.002699226140975952,True
5,1339,1784808125.4271436,8,0.020261287689208984,0.002532660961151123,True
5,1340,1784808125.4480536,8,0.019462108612060547,0.0024327635765075684,True
5,1341,1784808125.4681923,8,0.021403789520263672,0.002675473690032959,True
5,1342,1784808125.490115,8,0.019707202911376953,0.002463400363922119,True
5,1343,1784808125.5102901,8,0.01953411102294922,0.0024417638778686523,True
5,1344,1784808125.5303686,8,0.021064281463623047,0.002633035182952881,True
5,1345,1784808125.5519755,8,0.01928257942199707,0.002410322427749634,True
5,1346,1784808125.5716887,8,0.02056717872619629,0.002570897340774536,True
5,1347,1784808125.592573,8,0.021295547485351562,0.0026619434356689453,True
5,1348,1784808125.6145806,8,0.020045995712280273,0.002505749464035034,True
5,1349,1784808125.635191,8,0.019183874130249023,0.002397984266281128,True
5,1350,1784808125.6547499,8,0.021242380142211914,0.0026552975177764893,True
5,1351,1784808125.6764607,8,0.01943063735961914,0.0024288296699523926,True
5,1352,1784808125.6963432,8,0.020974159240722656,0.002621769905090332,True
5,1353,1784808125.7176635,8,0.01819133758544922,0.0022739171981811523,True
5,1354,1784808125.7363327,8,0.019980907440185547,0.0024976134300231934,True
5,1355,1784808125.7567763,8,0.019147634506225586,0.0023934543132781982,True
5,1356,1784808125.7763455,8,0.01906585693359375,0.0023832321166992188,True
5,1357,1784808125.7957966,8,0.021266460418701172,0.0026583075523376465,True
5,1358,1784808125.8175504,8,0.01960158348083496,0.00245019793510437,True
5,1359,1784808125.8379436,8,0.01990342140197754,0.0024879276752471924,True
5,1360,1784808125.8585923,8,0.02114582061767578,0.0026432275772094727,True
5,1361,1784808125.8806357,8,0.020970582962036133,0.0026213228702545166,True
5,1362,1784808125.9027894,8,0.02111959457397461,0.002639949321746826,True
5,1363,1784808125.9242842,8,0.018589496612548828,0.0023236870765686035,True
5,1364,1784808125.9435213,8,0.02126002311706543,0.0026575028896331787,True
5,1365,1784808125.9654634,8,0.01995563507080078,0.0024944543838500977,True
5,1366,1784808125.9859912,8,0.019080638885498047,0.002385079860687256,True
5,1367,1784808126.0054095,8,0.021378040313720703,0.002672255039215088,True
5,1368,1784808126.0271056,8,0.018872499465942383,0.002359062433242798,True
5,1369,1784808126.0463798,8,0.01939678192138672,0.00242459774017334,True
5,1370,1784808126.06615,8,0.021953105926513672,0.002744138240814209,True
5,1371,1784808126.0884335,8,0.0200197696685791,0.0025024712085723877,True
5,1372,1784808126.108756,8,0.020821332931518555,0.0026026666164398193,True
5,1373,1784808126.1299014,8,0.01946425437927246,0.0024330317974090576,True
5,1374,1784808126.1497712,8,0.020416259765625,0.002552032470703125,True
5,1375,1784808126.1705523,8,0.02239513397216797,0.002799391746520996,True
5,1376,1784808126.19336,8,0.020479679107666016,0.002559959888458252,True
5,1377,1784808126.214356,8,0.01928853988647461,0.002411067485809326,True
5,1378,1784808126.2339826,8,0.019879817962646484,0.0024849772453308105,True
5,1379,1784808126.2544892,8,0.020160198211669922,0.0025200247764587402,True
5,1380,1784808126.2749512,8,0.01896524429321289,0.0023706555366516113,True
5,1381,1784808126.2944338,8,0.020528793334960938,0.002566099166870117,True
5,1382,1784808126.315836,8,0.01978325843811035,0.002472907304763794,True
5,1383,1784808126.3363261,8,0.02153944969177246,0.0026924312114715576,True
5,1384,1784808126.3583333,8,0.018093585968017578,0.0022616982460021973,True
5,1385,1784808126.3768,8,0.022516489028930664,0.002814561128616333,True
5,1386,1784808126.3997564,8,0.019458770751953125,0.0024323463439941406,True
5,1387,1784808126.4198442,8,0.020077943801879883,0.0025097429752349854,True
5,1388,1784808126.4403927,8,0.020164012908935547,0.0025205016136169434,True
5,1389,1784808126.460914,8,0.020345211029052734,0.002543151378631592,True
5,1390,1784808126.4816775,8,0.01960611343383789,0.0024507641792297363,True
5,1391,1784808126.5017447,8,0.020524024963378906,0.0025655031204223633,True
5,1392,1784808126.5227659,8,0.020468473434448242,0.0025585591793060303,True
5,1393,1784808126.5438883,8,0.0198516845703125,0.0024814605712890625,True
5,1394,1784808126.5652208,8,0.020325183868408203,0.0025406479835510254,True
5,1395,1784808126.586077,8,0.019774436950683594,0.0024718046188354492,True
5,1396,1784808126.6063852,8,0.02129530906677246,0.0026619136333465576,True
5,1397,1784808126.6281047,8,0.021934032440185547,0.0027417540550231934,True
5,1398,1784808126.6505241,8,0.01968550682067871,0.002460688352584839,True
5,1399,1784808126.6709917,8,0.019171953201293945,0.002396494150161743,True
5,1400,1784808126.690597,8,0.019422292709350586,0.0024277865886688232,True
5,1401,1784808126.710295,8,0.02057790756225586,0.0025722384452819824,True
5,1402,1784808126.7314804,8,0.019832134246826172,0.0024790167808532715,True
5,1403,1784808126.7516828,8,0.024190425872802734,0.003023803234100342,True
5,1404,1784808126.7761707,8,0.01987314224243164,0.002484142780303955,True
5,1405,1784808126.7969782,8,0.021237611770629883,0.0026547014713287354,True
5,1406,1784808126.8185823,8,0.019934892654418945,0.002491861581802368,True
5,1407,1784808126.838864,8,0.021105051040649414,0.0026381313800811768,True
5,1408,1784808126.8603494,8,0.01973414421081543,0.0024667680263519287,True
5,1409,1784808126.8805,8,0.01940631866455078,0.0024257898330688477,True
5,1410,1784808126.9005287,8,0.020473480224609375,0.002559185028076172,True
5,1411,1784808126.9214432,8,0.020514726638793945,0.002564340829849243,True
5,1412,1784808126.9426215,8,0.021863698959350586,0.0027329623699188232,True
5,1413,1784808126.9647834,8,0.019972562789916992,0.002496570348739624,True
5,1414,1784808126.9852555,8,0.020857572555541992,0.002607196569442749,True
5,1415,1784808127.0064085,8,0.01981210708618164,0.002476513385772705,True
5,1416,1784808127.026735,8,0.019371747970581055,0.002421468496322632,True
5,1417,1784808127.0465395,8,0.020658493041992188,0.0025823116302490234,True
5,1418,1784808127.0675623,8,0.02187657356262207,0.002734571695327759,True
5,1419,1784808127.0897386,8,0.019585132598876953,0.002448141574859619,True
5,1420,1784808127.1096673,8,0.021366119384765625,0.002670764923095703,True
5,1421,1784808127.1313334,8,0.01984548568725586,0.0024806857109069824,True
5,1422,1784808127.1521053,8,0.020780324935913086,0.0025975406169891357,True
5,1423,1784808127.1734245,8,0.01902294158935547,0.0023778676986694336,True
5,1424,1784808127.192745,8,0.02334427833557129,0.002918034791946411,True
5,1425,1784808127.216749,8,0.01863884925842285,0.0023298561573028564,True
5,1426,1784808127.2357757,8,0.023363828659057617,0.002920478582382202,True
5,1427,1784808127.259681,8,0.021973133087158203,0.0027466416358947754,True
5,1428,1784808127.2822917,8,0.020042896270751953,0.002505362033843994,True
5,1429,1784808127.302737,8,0.019377470016479492,0.0024221837520599365,True
5,1430,1784808127.323008,8,0.020493507385253906,0.0025616884231567383,True
5,1431,1784808127.3438258,8,0.02042675018310547,0.0025533437728881836,True
5,1432,1784808127.3646445,8,0.02115345001220703,0.002644181251525879,True
5,1433,1784808127.3863714,8,0.018764972686767578,0.0023456215858459473,True
5,1434,1784808127.4056256,8,0.018742799758911133,0.0023428499698638916,True
5,1435,1784808127.4249587,8,0.020600557327270508,0.0025750696659088135,True
5,1436,1784808127.4459798,8,0.02060246467590332,0.002575308084487915,True
5,1437,1784808127.4669785,8,0.018939733505249023,0.002367466688156128,True
5,1438,1784808127.4863036,8,0.02016472816467285,0.0025205910205841064,True
5,1439,1784808127.506757,8,0.01963973045349121,0.0024549663066864014,True
5,1440,1784808127.5267541,8,0.020700693130493164,0.0025875866413116455,True
5,1441,1784808127.5478413,8,0.021741390228271484,0.0027176737785339355,True
5,1442,1784808127.5698943,8,0.020462751388549805,0.0025578439235687256,True
5,1443,1784808127.59067,8,0.019411802291870117,0.0024264752864837646,True
5,1444,1784808127.6112702,8,0.019919157028198242,0.0024898946285247803,True
5,1445,1784808127.6316512,8,0.01965498924255371,0.002456873655319214,True
5,1446,1784808127.651731,8,0.0194547176361084,0.00243183970451355,True
5,1447,1784808127.6715531,8,0.020392179489135742,0.0025490224361419678,True
5,1448,1784808127.692662,8,0.021060705184936523,0.0026325881481170654,True
5,1449,1784808127.714212,8,0.01945328712463379,0.0024316608905792236,True
5,1450,1784808127.7341125,8,0.02156996726989746,0.0026962459087371826,True
5,1451,1784808127.7560425,8,0.021610260009765625,0.002701282501220703,True
5,1452,1784808127.7780862,8,0.018260478973388672,0.002282559871673584,True
5,1453,1784808127.7967515,8,0.019698381423950195,0.0024622976779937744,True
5,1454,1784808127.8168259,8,0.019506454467773438,0.0024383068084716797,True
5,1455,1784808127.8367167,8,0.020867586135864258,0.0026084482669830322,True
5,1456,1784808127.8579578,8,0.019832611083984375,0.002479076385498047,True
5,1457,1784808127.8781145,8,0.02005624771118164,0.002507030963897705,True
5,1458,1784808127.8989189,8,0.019887208938598633,0.002485901117324829,True
5,1459,1784808127.919096,8,0.0197446346282959,0.0024680793285369873,True
5,1460,1784808127.9391787,8,0.01900935173034668,0.002376168966293335,True
5,1461,1784808127.9585316,8,0.019213438034057617,0.002401679754257202,True
5,1462,1784808127.9781265,8,0.019153356552124023,0.002394169569015503,True
5,1463,1784808127.9977102,8,0.019850492477416992,0.002481311559677124,True
5,1464,1784808128.0179796,8,0.018455028533935547,0.0023068785667419434,True
5,1465,1784808128.0369437,8,0.019028186798095703,0.002378523349761963,True
5,1466,1784808128.0564752,8,0.019541025161743164,0.0024426281452178955,True
5,1467,1784808128.0764952,8,0.020763874053955078,0.0025954842567443848,True
5,1468,1784808128.0975733,8,0.019092321395874023,0.002386540174484253,True
5,1469,1784808128.117085,8,0.01935267448425293,0.002419084310531616,True
5,1470,1784808128.1367614,8,0.020374536514282227,0.0025468170642852783,True
5,1471,1784808128.1576636,8,0.01902914047241211,0.0023786425590515137,True
5,1472,1784808128.1770756,8,0.02004528045654297,0.002505660057067871,True
5,1473,1784808128.1974552,8,0.020267963409423828,0.0025334954261779785,True
5,1474,1784808128.218091,8,0.021294355392456055,0.002661794424057007,True
5,1475,1784808128.2397697,8,0.020973682403564453,0.0026217103004455566,True
5,1476,1784808128.2611568,8,0.01983165740966797,0.002478957176208496,True
5,1477,1784808128.2813735,8,0.021411418914794922,0.0026764273643493652,True
5,1478,1784808128.3031893,8,0.019594907760620117,0.0024493634700775146,True
5,1479,1784808128.3231733,8,0.020318031311035156,0.0025397539138793945,True
5,1480,1784808128.3438776,8,0.020669937133789062,0.002583742141723633,True
5,1481,1784808128.3648908,8,0.02230072021484375,0.0027875900268554688,True
5,1482,1784808128.3876264,8,0.019527673721313477,0.0024409592151641846,True
5,1483,1784808128.4074483,8,0.019957542419433594,0.0024946928024291992,True
5,1484,1784808128.4277787,8,0.019421100616455078,0.0024276375770568848,True
5,1485,1784808128.4476273,8,0.019534826278686523,0.0024418532848358154,True
5,1486,1784808128.467514,8,0.02178192138671875,0.0027227401733398438,True
5,1487,1784808128.4896774,8,0.01818680763244629,0.002273350954055786,True
5,1488,1784808128.5082874,8,0.021907806396484375,0.002738475799560547,True
5,1489,1784808128.5306456,8,0.019938230514526367,0.002492278814315796,True
5,1490,1784808128.5509167,8,0.020789623260498047,0.002598702907562256,True
5,1491,1784808128.5725625,8,0.018614530563354492,0.0023268163204193115,True
5,1492,1784808128.5915174,8,0.019766807556152344,0.002470850944519043,True
5,1493,1784808128.6116793,8,0.01998281478881836,0.002497851848602295,True
5,1494,1784808128.6320384,8,0.019351959228515625,0.002418994903564453,True
5,1495,1784808128.651894,8,0.020766735076904297,0.002595841884613037,True
5,1496,1784808128.6729932,8,0.021868467330932617,0.002733558416366577,True
5,1497,1784808128.6952524,8,0.019583463668823242,0.0024479329586029053,True
5,1498,1784808128.7155776,8,0.019467592239379883,0.0024334490299224854,True
5,1499,1784808128.7353792,8,0.019830942153930664,0.002478867769241333,True
5,1500,1784808128.7556548,8,0.021003007888793945,0.002625375986099243,True
5,1501,1784808128.777055,8,0.021477222442626953,0.002684652805328369,True
5,1502,1784808128.79885,8,0.019127368927001953,0.002390921115875244,True
5,1503,1784808128.8185744,8,0.02033543586730957,0.0025419294834136963,True
5,1504,1784808128.8393295,8,0.02003931999206543,0.0025049149990081787,True
5,1505,1784808128.859718,8,0.01989006996154785,0.0024862587451934814,True
5,1506,1784808128.8800051,8,0.020269393920898438,0.0025336742401123047,True
5,1507,1784808128.9006426,8,0.020603656768798828,0.0025754570960998535,True
5,1508,1784808128.9217644,8,0.02005314826965332,0.002506643533706665,True
5,1509,1784808128.9422162,8,0.019902706146240234,0.0024878382682800293,True
5,1510,1784808128.9623713,8,0.021326065063476562,0.0026657581329345703,True
5,1511,1784808128.9844394,8,0.01981067657470703,0.002476334571838379,True
5,1512,1784808129.0045943,8,0.019258975982666016,0.002407371997833252,True
5,1513,1784808129.0244772,8,0.019755125045776367,0.002469390630722046,True
5,1514,1784808129.0446796,8,0.019086122512817383,0.002385765314102173,True
5,1515,1784808129.0641184,8,0.02221202850341797,0.002776503562927246,True
5,1516,1784808129.086655,8,0.019663333892822266,0.002457916736602783,True
5,1517,1784808129.1066837,8,0.02027750015258789,0.0025346875190734863,True
5,1518,1784808129.1272967,8,0.01957106590270996,0.002446383237838745,True
5,1519,1784808129.1473985,8,0.020374298095703125,0.0025467872619628906,True
5,1520,1784808129.1682196,8,0.020781755447387695,0.002597719430923462,True
5,1521,1784808129.1896338,8,0.01932549476623535,0.002415686845779419,True
5,1522,1784808129.2092605,8,0.020450353622436523,0.0025562942028045654,True
5,1523,1784808129.2300794,8,0.020594358444213867,0.0025742948055267334,True
5,1524,1784808129.2510026,8,0.02066183090209961,0.002582728862762451,True
5,1525,1784808129.2721226,8,0.019546985626220703,0.002443373203277588,True
5,1526,1784808129.2921324,8,0.020363569259643555,0.0025454461574554443,True
5,1527,1784808129.3131754,8,0.019913434982299805,0.0024891793727874756,True
5,1528,1784808129.3338335,8,0.020555496215820312,0.002569437026977539,True
5,1529,1784808129.3547022,8,0.020807743072509766,0.0026009678840637207,True
5,1530,1784808129.375764,8,0.02133035659790039,0.002666294574737549,True
5,1531,1784808129.3975701,8,0.021117448806762695,0.002639681100845337,True
5,1532,1784808129.4192765,8,0.021431922912597656,0.002678990364074707,True
5,1533,1784808129.4413116,8,0.019595623016357422,0.0024494528770446777,True
5,1534,1784808129.4613798,8,0.020502805709838867,0.0025628507137298584,True
5,1535,1784808129.4823344,8,0.01942896842956543,0.0024286210536956787,True
5,1536,1784808129.5021605,8,0.019377946853637695,0.002422243356704712,True
5,1537,1784808129.5225518,8,0.020537137985229492,0.0025671422481536865,True
5,1538,1784808129.5434816,8,0.026914119720458984,0.003364264965057373,True
5,1539,1784808129.5707548,8,0.016228675842285156,0.0020285844802856445,True
5,1540,1784808129.5873306,8,0.021092891693115234,0.0026366114616394043,True
5,1541,1784808129.6087132,8,0.01928234100341797,0.002410292625427246,True
5,1542,1784808129.628423,8,0.021167516708374023,0.002645939588546753,True
5,1543,1784808129.6499553,8,0.019665956497192383,0.002458244562149048,True
5,1544,1784808129.669921,8,0.018723726272583008,0.002340465784072876,True
5,1545,1784808129.689221,8,0.021984100341796875,0.0027480125427246094,True
5,1546,1784808129.7115953,8,0.019451618194580078,0.0024314522743225098,True
5,1547,1784808129.731415,8,0.01965188980102539,0.002456486225128174,True
5,1548,1784808129.7516885,8,0.02025461196899414,0.0025318264961242676,True
5,1549,1784808129.77222,8,0.02001667022705078,0.0025020837783813477,True
5,1550,1784808129.792672,8,0.01989150047302246,0.0024864375591278076,True
5,1551,1784808129.8129387,8,0.019148588180541992,0.002393573522567749,True
5,1552,1784808129.8324378,8,0.021134138107299805,0.0026417672634124756,True
5,1553,1784808129.853883,8,0.01964545249938965,0.002455681562423706,True
5,1554,1784808129.8739545,8,0.022001028060913086,0.0027501285076141357,True
5,1555,1784808129.896388,8,0.018828868865966797,0.0023536086082458496,True
5,1556,1784808129.9155679,8,0.020929813385009766,0.0026162266731262207,True
5,1557,1784808129.9370081,8,0.019786596298217773,0.0024733245372772217,True
5,1558,1784808129.9571836,8,0.020212888717651367,0.002526611089706421,True
5,1559,1784808129.977687,8,0.01997995376586914,0.0024974942207336426,True
5,1560,1784808129.9979858,8,0.021518468856811523,0.0026898086071014404,True
5,1561,1784808130.019794,8,0.020154476165771484,0.0025193095207214355,True
5,1562,1784808130.0403502,8,0.02055644989013672,0.00256955623626709,True
5,1563,1784808130.0616999,8,0.020676374435424805,0.0025845468044281006,True
5,1564,1784808130.0834317,8,0.020260095596313477,0.0025325119495391846,True
5,1565,1784808130.1042416,8,0.020936012268066406,0.0026170015335083008,True
5,1566,1784808130.1257205,8,0.024448633193969727,0.003056079149246216,True
5,1567,1784808130.1508195,8,0.02041172981262207,0.002551466226577759,True
5,1568,1784808130.1716087,8,0.020460844039916992,0.002557605504989624,True
5,1569,1784808130.1926737,8,0.019092798233032227,0.0023865997791290283,True
5,1570,1784808130.2122803,8,0.019402265548706055,0.002425283193588257,True
5,1571,1784808130.2320123,8,0.020656108856201172,0.0025820136070251465,True
5,1572,1784808130.2530634,8,0.02080225944519043,0.0026002824306488037,True
5,1573,1784808130.2746089,8,0.021084308624267578,0.0026355385780334473,True
5,1574,1784808130.2961657,8,0.021320104598999023,0.002665013074874878,True
5,1575,1784808130.317951,8,0.022211313247680664,0.002776414155960083,True
5,1576,1784808130.3406405,8,0.02000117301940918,0.0025001466274261475,True
5,1577,1784808130.3610744,8,0.020140886306762695,0.002517610788345337,True
5,1578,1784808130.381573,8,0.021164417266845703,0.002645552158355713,True
5,1579,1784808130.403181,8,0.01966071128845215,0.0024575889110565186,True
5,1580,1784808130.4231324,8,0.019068241119384766,0.0023835301399230957,True
5,1581,1784808130.4429514,8,0.02171182632446289,0.0027139782905578613,True
5,1582,1784808130.4650474,8,0.020514726638793945,0.002564340829849243,True
5,1583,1784808130.4859252,8,0.01838970184326172,0.002298712730407715,True
5,1584,1784808130.5047317,8,0.020093441009521484,0.0025116801261901855,True
5,1585,1784808130.5252361,8,0.02074909210205078,0.0025936365127563477,True
5,1586,1784808130.5463886,8,0.020023107528686523,0.0025028884410858154,True
5,1587,1784808130.5667617,8,0.019948720932006836,0.0024935901165008545,True
5,1588,1784808130.5871797,8,0.02021956443786621,0.0025274455547332764,True
5,1589,1784808130.607845,8,0.0198214054107666,0.002477675676345825,True
5,1590,1784808130.6281292,8,0.02129340171813965,0.002661675214767456,True
5,1591,1784808130.6497061,8,0.020372390747070312,0.002546548843383789,True
5,1592,1784808130.6704512,8,0.01904606819152832,0.00238075852394104,True
5,1593,1784808130.689943,8,0.02031421661376953,0.0025392770767211914,True
5,1594,1784808130.7108011,8,0.022710084915161133,0.0028387606143951416,True
5,1595,1784808130.7354758,8,0.0193178653717041,0.0024147331714630127,True
5,1596,1784808130.7555175,8,0.01892399787902832,0.00236549973487854,True
5,1597,1784808130.7753456,8,0.022768259048461914,0.0028460323810577393,True
5,1598,1784808130.7985177,8,0.02093815803527832,0.00261726975440979,True
5,1599,1784808130.8198113,8,0.01903080940246582,0.0023788511753082275,True
5,1600,1784808130.839347,8,0.020392179489135742,0.0025490224361419678,True
5,1601,1784808130.8600402,8,0.018952369689941406,0.0023690462112426758,True
5,1602,1784808130.879329,8,0.01927804946899414,0.0024097561836242676,True
5,1603,1784808130.8990674,8,0.019536972045898438,0.0024421215057373047,True
5,1604,1784808130.9190648,8,0.01965022087097168,0.00245627760887146,True
5,1605,1784808130.9390476,8,0.020060062408447266,0.002507507801055908,True
5,1606,1784808130.9594567,8,0.020936250686645508,0.0026170313358306885,True
5,1607,1784808130.980763,8,0.020482301712036133,0.0025602877140045166,True
5,1608,1784808131.001636,8,0.0196988582611084,0.00246235728263855,True
5,1609,1784808131.0215921,8,0.019760847091674805,0.0024701058864593506,True
5,1610,1784808131.0417209,8,0.02180647850036621,0.0027258098125457764,True
5,1611,1784808131.0641267,8,0.01836538314819336,0.00229567289352417,True
5,1612,1784808131.0827923,8,0.02020430564880371,0.002525538206100464,True
5,1613,1784808131.103397,8,0.021907567977905273,0.002738445997238159,True
5,1614,1784808131.1257613,8,0.019793272018432617,0.002474159002304077,True
5,1615,1784808131.1459491,8,0.019214630126953125,0.0024018287658691406,True
5,1616,1784808131.16554,8,0.01942896842956543,0.0024286210536956787,True
5,1617,1784808131.1854095,8,0.020800352096557617,0.002600044012069702,True
5,1618,1784808131.2066596,8,0.018917322158813477,0.0023646652698516846,True
5,1619,1784808131.2260063,8,0.019589900970458984,0.002448737621307373,True
5,1620,1784808131.2459004,8,0.02024698257446289,0.0025308728218078613,True
5,1621,1784808131.2666852,8,0.01963949203491211,0.0024549365043640137,True
5,1622,1784808131.2867143,8,0.01839160919189453,0.0022989511489868164,True
5,1623,1784808131.3056462,8,0.02384662628173828,0.002980828285217285,True
5,1624,1784808131.3300428,8,0.018525362014770508,0.0023156702518463135,True
5,1625,1784808131.3490531,8,0.020337820053100586,0.0025422275066375732,True
5,1626,1784808131.3698065,8,0.019977092742919922,0.0024971365928649902,True
5,1627,1784808131.3902867,8,0.018631696701049805,0.0023289620876312256,True
5,1628,1784808131.4093697,8,0.02075362205505371,0.002594202756881714,True
5,1629,1784808131.4306438,8,0.019687652587890625,0.002460956573486328,True
5,1630,1784808131.45067,8,0.018667221069335938,0.002333402633666992,True
5,1631,1784808131.469699,8,0.02086925506591797,0.002608656883239746,True
5,1632,1784808131.4908314,8,0.021677732467651367,0.002709716558456421,True
5,1633,1784808131.5129516,8,0.020030975341796875,0.0025038719177246094,True
5,1634,1784808131.53339,8,0.02020406723022461,0.002525508403778076,True
5,1635,1784808131.5538898,8,0.019740819931030273,0.002467602491378784,True
5,1636,1784808131.573979,8,0.02033090591430664,0.00254136323928833,True
5,1637,1784808131.5946538,8,0.01828742027282715,0.0022859275341033936,True
5,1638,1784808131.613347,8,0.019899845123291016,0.002487480640411377,True
5,1639,1784808131.6339686,8,0.020092010498046875,0.0025115013122558594,True
5,1640,1784808131.6548376,8,0.017269611358642578,0.0021587014198303223,True
5,1641,1784808131.6726625,8,0.019898176193237305,0.002487272024154663,True
5,1642,1784808131.6930473,8,0.01860785484313965,0.002325981855392456,True
5,1643,1784808131.7121348,8,0.022202730178833008,0.002775341272354126,True
5,1644,1784808131.7347803,8,0.020702123641967773,0.0025877654552459717,True
5,1645,1784808131.7559316,8,0.02065730094909668,0.002582162618637085,True
5,1646,1784808131.7770398,8,0.018239498138427734,0.002279937267303467,True
5,1647,1784808131.7955954,8,0.020289897918701172,0.0025362372398376465,True
5,1648,1784808131.8162408,8,0.01933121681213379,0.0024164021015167236,True
5,1649,1784808131.8359268,8,0.01959061622619629,0.002448827028274536,True
5,1650,1784808131.8558977,8,0.020338058471679688,0.002542257308959961,True
5,1651,1784808131.8766403,8,0.020246505737304688,0.002530813217163086,True
5,1652,1784808131.8973105,8,0.02276158332824707,0.002845197916030884,True
5,1653,1784808131.9207125,8,0.01985335350036621,0.0024816691875457764,True
5,1654,1784808131.9408543,8,0.018386363983154297,0.002298295497894287,True
5,1655,1784808131.959652,8,0.02010345458984375,0.0025129318237304688,True
5,1656,1784808131.9806852,8,0.020030975341796875,0.0025038719177246094,True
5,1657,1784808132.0014858,8,0.019576072692871094,0.0024470090866088867,True
5,1658,1784808132.021524,8,0.019245386123657227,0.0024056732654571533,True
5,1659,1784808132.0411496,8,0.02024054527282715,0.0025300681591033936,True
5,1660,1784808132.0624297,8,0.018930912017822266,0.002366364002227783,True
5,1661,1784808132.081795,8,0.01898670196533203,0.002373337745666504,True
5,1662,1784808132.1016252,8,0.02057337760925293,0.002571672201156616,True
5,1663,1784808132.123138,8,0.021306514739990234,0.0026633143424987793,True
5,1664,1784808132.1448762,8,0.01950836181640625,0.0024385452270507812,True
5,1665,1784808132.1647685,8,0.019899845123291016,0.002487480640411377,True
5,1666,1784808132.1850858,8,0.019820451736450195,0.0024775564670562744,True
5,1667,1784808132.205269,8,0.02146458625793457,0.0026830732822418213,True
5,1668,1784808132.22713,8,0.020194530487060547,0.0025243163108825684,True
5,1669,1784808132.247947,8,0.0194551944732666,0.002431899309158325,True
5,1670,1784808132.2684696,8,0.01805734634399414,0.0022571682929992676,True
5,1671,1784808132.2877693,8,0.018156051635742188,0.0022695064544677734,True
5,1672,1784808132.3064995,8,0.019991397857666016,0.002498924732208252,True
5,1673,1784808132.326799,8,0.02152276039123535,0.002690345048904419,True
5,1674,1784808132.348882,8,0.018711090087890625,0.002338886260986328,True
5,1675,1784808132.3681574,8,0.019109010696411133,0.0023886263370513916,True
5,1676,1784808132.3876786,8,0.020754575729370117,0.0025943219661712646,True
5,1677,1784808132.4088426,8,0.021332979202270508,0.0026666224002838135,True
5,1678,1784808132.43085,8,0.0209195613861084,0.00261494517326355,True
5,1679,1784808132.452175,8,0.020608186721801758,0.0025760233402252197,True
5,1680,1784808132.4736633,8,0.019623994827270508,0.0024529993534088135,True
5,1681,1784808132.4935765,8,0.020414113998413086,0.0025517642498016357,True
5,1682,1784808132.5143418,8,0.02033209800720215,0.0025415122509002686,True
5,1683,1784808132.5349865,8,0.01937556266784668,0.002421945333480835,True
5,1684,1784808132.5549505,8,0.02025604248046875,0.0025320053100585938,True
5,1685,1784808132.5756085,8,0.021888017654418945,0.002736002206802368,True
5,1686,1784808132.5978577,8,0.02182626724243164,0.002728283405303955,True
5,1687,1784808132.6199775,8,0.020243406295776367,0.002530425786972046,True
5,1688,1784808132.6408408,8,0.018573522567749023,0.002321690320968628,True
5,1689,1784808132.6607006,8,0.01960921287536621,0.0024511516094207764,True
5,1690,1784808132.6807628,8,0.020815134048461914,0.0026018917560577393,True
5,1691,1784808132.7020304,8,0.02031683921813965,0.002539604902267456,True
5,1692,1784808132.7226844,8,0.02131962776184082,0.0026649534702301025,True
5,1693,1784808132.7444685,8,0.02086329460144043,0.0026079118251800537,True
5,1694,1784808132.7662544,8,0.01935577392578125,0.0024194717407226562,True
5,1695,1784808132.7859855,8,0.020995378494262695,0.002624422311782837,True
5,1696,1784808132.807268,8,0.020379304885864258,0.0025474131107330322,True
5,1697,1784808132.8279712,8,0.01965951919555664,0.00245743989944458,True
5,1698,1784808132.847975,8,0.019510507583618164,0.0024388134479522705,True
5,1699,1784808132.867843,8,0.02031731605529785,0.0025396645069122314,True
5,1700,1784808132.8885326,8,0.020531654357910156,0.0025664567947387695,True
5,1701,1784808132.9094398,8,0.01973557472229004,0.002466946840286255,True
5,1702,1784808132.9295037,8,0.020071983337402344,0.002508997917175293,True
5,1703,1784808132.9499886,8,0.019398212432861328,0.002424776554107666,True
5,1704,1784808132.969789,8,0.022006511688232422,0.0027508139610290527,True
5,1705,1784808132.992232,8,0.02144145965576172,0.002680182456970215,True
5,1706,1784808133.014101,8,0.02046036720275879,0.0025575459003448486,True
5,1707,1784808133.0350087,8,0.018981456756591797,0.0023726820945739746,True
5,1708,1784808133.0543356,8,0.02438068389892578,0.0030475854873657227,True
5,1709,1784808133.079139,8,0.01913762092590332,0.002392202615737915,True
5,1710,1784808133.098581,8,0.01873922348022461,0.002342402935028076,True
5,1711,1784808133.117772,8,0.01945805549621582,0.0024322569370269775,True
5,1712,1784808133.1381269,8,0.018787622451782227,0.0023484528064727783,True
5,1713,1784808133.1573129,8,0.020128965377807617,0.002516120672225952,True
5,1714,1784808133.1780121,8,0.01961970329284668,0.002452462911605835,True
5,1715,1784808133.197997,8,0.021219491958618164,0.0026524364948272705,True
5,1716,1784808133.2195275,8,0.019166231155395508,0.0023957788944244385,True
5,1717,1784808133.2392218,8,0.01895451545715332,0.002369314432144165,True
5,1718,1784808133.258559,8,0.020861387252807617,0.002607673406600952,True
5,1719,1784808133.2800586,8,0.020119190216064453,0.0025148987770080566,True
5,1720,1784808133.300577,8,0.019716501235961914,0.0024645626544952393,True
5,1721,1784808133.320769,8,0.020694971084594727,0.002586871385574341,True
5,1722,1784808133.3419034,8,0.02118825912475586,0.0026485323905944824,True
5,1723,1784808133.3635716,8,0.019678115844726562,0.0024597644805908203,True
5,1724,1784808133.3839688,8,0.019751548767089844,0.0024689435958862305,True
5,1725,1784808133.404415,8,0.018875837326049805,0.0023594796657562256,True
5,1726,1784808133.4247186,8,0.021179676055908203,0.0026474595069885254,True
5,1727,1784808133.4462926,8,0.021344661712646484,0.0026680827140808105,True
5,1728,1784808133.4685445,8,0.01905059814453125,0.0023813247680664062,True
5,1729,1784808133.487962,8,0.019662857055664062,0.002457857131958008,True
5,1730,1784808133.5081828,8,0.02094864845275879,0.0026185810565948486,True
5,1731,1784808133.5296264,8,0.019159555435180664,0.002394944429397583,True
5,1732,1784808133.5493135,8,0.01992201805114746,0.0024902522563934326,True
5,1733,1784808133.5696545,8,0.020531415939331055,0.002566426992416382,True
5,1734,1784808133.5904903,8,0.019025802612304688,0.002378225326538086,True
5,1735,1784808133.6098154,8,0.01852107048034668,0.002315133810043335,True
5,1736,1784808133.6287508,8,0.02219367027282715,0.0027742087841033936,True
5,1737,1784808133.6512456,8,0.018676280975341797,0.0023345351219177246,True
5,1738,1784808133.6705213,8,0.02144169807434082,0.0026802122592926025,True
5,1739,1784808133.6922631,8,0.01922011375427246,0.0024025142192840576,True
5,1740,1784808133.7117906,8,0.019418001174926758,0.0024272501468658447,True
5,1741,1784808133.731692,8,0.019085168838500977,0.002385646104812622,True
5,1742,1784808133.7510562,8,0.02052021026611328,0.00256502628326416,True
5,1743,1784808133.7719164,8,0.020270824432373047,0.002533853054046631,True
5,1744,1784808133.7925327,8,0.02115035057067871,0.002643793821334839,True
5,1745,1784808133.8141518,8,0.019412994384765625,0.002426624298095703,True
5,1746,1784808133.8339417,8,0.019374370574951172,0.0024217963218688965,True
5,1747,1784808133.8535838,8,0.01732635498046875,0.0021657943725585938,True
5,1748,1784808133.8715286,8,0.018767118453979492,0.0023458898067474365,True
5,1749,1784808133.8905432,8,0.020806074142456055,0.002600759267807007,True
5,1750,1784808133.9116554,8,0.020663976669311523,0.0025829970836639404,True
5,1751,1784808133.9326873,8,0.019692659378051758,0.0024615824222564697,True
5,1752,1784808133.9526224,8,0.02107071876525879,0.0026338398456573486,True
5,1753,1784808133.9740574,8,0.019948482513427734,0.002493560314178467,True
5,1754,1784808133.9944267,8,0.021391868591308594,0.0026739835739135742,True
5,1755,1784808134.0162134,8,0.018408536911010742,0.0023010671138763428,True
5,1756,1784808134.0349889,8,0.020674705505371094,0.0025843381881713867,True
5,1757,1784808134.0560706,8,0.019172191619873047,0.002396523952484131,True
5,1758,1784808134.075582,8,0.020904064178466797,0.0026130080223083496,True
5,1759,1784808134.0969305,8,0.018444299697875977,0.002305537462234497,True
5,1760,1784808134.1156805,8,0.021545886993408203,0.0026932358741760254,True
5,1761,1784808134.1379628,8,0.021086454391479492,0.0026358067989349365,True
5,1762,1784808134.1593828,8,0.020183801651000977,0.002522975206375122,True
5,1763,1784808134.179921,8,0.02182316780090332,0.002727895975112915,True
5,1764,1784808134.2024715,8,0.021519899368286133,0.0026899874210357666,True
5,1765,1784808134.2249434,8,0.021819114685058594,0.0027273893356323242,True
5,1766,1784808134.2472458,8,0.019549846649169922,0.0024437308311462402,True
5,1767,1784808134.2671952,8,0.019718408584594727,0.002464801073074341,True
5,1768,1784808134.287362,8,0.01995253562927246,0.0024940669536590576,True
5,1769,1784808134.3085442,8,0.021071195602416992,0.002633899450302124,True
5,1770,1784808134.32999,8,0.019384384155273438,0.0024230480194091797,True
5,1771,1784808134.3497365,8,0.02057933807373047,0.0025724172592163086,True
5,1772,1784808134.3708992,8,0.021262645721435547,0.0026578307151794434,True
5,1773,1784808134.3926904,8,0.021097421646118164,0.0026371777057647705,True
5,1774,1784808134.4141972,8,0.021369457244873047,0.002671182155609131,True
5,1775,1784808134.4361188,8,0.019804954528808594,0.0024756193161010742,True
5,1776,1784808134.4564285,8,0.021200180053710938,0.002650022506713867,True
5,1777,1784808134.4780161,8,0.02067732810974121,0.0025846660137176514,True
5,1778,1784808134.4994433,8,0.02221846580505371,0.002777308225631714,True
5,1779,1784808134.5219867,8,0.019387483596801758,0.0024234354496002197,True
5,1780,1784808134.5417466,8,0.019860029220581055,0.002482503652572632,True
5,1781,1784808134.5619516,8,0.019341707229614258,0.0024177134037017822,True
5,1782,1784808134.5819457,8,0.020271778106689453,0.0025339722633361816,True
5,1783,1784808134.6026142,8,0.021172285079956055,0.002646535634994507,True
5,1784,1784808134.624259,8,0.020416259765625,0.002552032470703125,True
5,1785,1784808134.6449947,8,0.020697832107543945,0.002587229013442993,True
5,1786,1784808134.6661153,8,0.01794290542602539,0.002242863178253174,True
5,1787,1784808134.684529,8,0.020739316940307617,0.002592414617538452,True
5,1788,1784808134.7057078,8,0.019089698791503906,0.0023862123489379883,True
5,1789,1784808134.7250786,8,0.018598318099975586,0.0023247897624969482,True
5,1790,1784808134.744105,8,0.018568992614746094,0.0023211240768432617,True
5,1791,1784808134.7630415,8,0.019901752471923828,0.0024877190589904785,True
5,1792,1784808134.7833867,8,0.02207326889038086,0.0027591586112976074,True
5,1793,1784808134.8057523,8,0.0185544490814209,0.0023193061351776123,True
5,1794,1784808134.8246815,8,0.02163243293762207,0.002704054117202759,True
5,1795,1784808134.8466268,8,0.02109551429748535,0.002636939287185669,True
5,1796,1784808134.8680513,8,0.019879579544067383,0.002484947443008423,True
5,1797,1784808134.8882937,8,0.02022695541381836,0.002528369426727295,True
5,1798,1784808134.9088967,8,0.019969701766967773,0.0024962127208709717,True
5,1799,1784808134.9292283,8,0.01954793930053711,0.0024434924125671387,True
5,1800,1784808134.9491875,8,0.018407583236694336,0.002300947904586792,True
5,1801,1784808134.96792,8,0.020360708236694336,0.002545088529586792,True
5,1802,1784808134.9888637,8,0.021317720413208008,0.002664715051651001,True
5,1803,1784808135.0106523,8,0.0194094181060791,0.0024261772632598877,True
5,1804,1784808135.030346,8,0.018304824829101562,0.0022881031036376953,True
5,1805,1784808135.0492103,8,0.02121877670288086,0.0026523470878601074,True
5,1806,1784808135.0707479,8,0.020493030548095703,0.002561628818511963,True
5,1807,1784808135.0915217,8,0.019072294235229492,0.0023840367794036865,True
5,1808,1784808135.1109233,8,0.018866777420043945,0.002358347177505493,True
5,1809,1784808135.1301281,8,0.02036118507385254,0.0025451481342315674,True
5,1810,1784808135.1508572,8,0.01791667938232422,0.0022395849227905273,True
5,1811,1784808135.169136,8,0.02003026008605957,0.0025037825107574463,True
5,1812,1784808135.1894484,8,0.01990342140197754,0.0024879276752471924,True
5,1813,1784808135.209731,8,0.020177602767944336,0.002522200345993042,True
5,1814,1784808135.2303205,8,0.019449949264526367,0.002431243658065796,True
5,1815,1784808135.2504995,8,0.019934654235839844,0.0024918317794799805,True
5,1816,1784808135.270842,8,0.021126270294189453,0.0026407837867736816,True
5,1817,1784808135.2923303,8,0.019679784774780273,0.002459973096847534,True
5,1818,1784808135.3123832,8,0.020324230194091797,0.0025405287742614746,True
5,1819,1784808135.3330986,8,0.020608186721801758,0.0025760233402252197,True
5,1820,1784808135.3540943,8,0.020272493362426758,0.0025340616703033447,True
5,1821,1784808135.3746402,8,0.020006895065307617,0.002500861883163452,True
5,1822,1784808135.3949518,8,0.021997928619384766,0.0027497410774230957,True
5,1823,1784808135.4173408,8,0.018889904022216797,0.0023612380027770996,True
5,1824,1784808135.4365754,8,0.018429279327392578,0.0023036599159240723,True
5,1825,1784808135.4553697,8,0.0210416316986084,0.00263020396232605,True
5,1826,1784808135.4766872,8,0.01971268653869629,0.002464085817337036,True
5,1827,1784808135.4967134,8,0.019572734832763672,0.002446591854095459,True
5,1828,1784808135.5169215,8,0.020655393600463867,0.0025819242000579834,True
5,1829,1784808135.5380669,8,0.02190566062927246,0.0027382075786590576,True
5,1830,1784808135.5605586,8,0.021134138107299805,0.0026417672634124756,True
5,1831,1784808135.5821545,8,0.021120786666870117,0.0026400983333587646,True
5,1832,1784808135.6037009,8,0.01898336410522461,0.002372920513153076,True
5,1833,1784808135.6229534,8,0.018777847290039062,0.002347230911254883,True
5,1834,1784808135.6420813,8,0.020644664764404297,0.002580583095550537,True
5,1835,1784808135.6634898,8,0.02155756950378418,0.0026946961879730225,True
5,1836,1784808135.6854856,8,0.01977062225341797,0.002471327781677246,True
5,1837,1784808135.7056825,8,0.020374536514282227,0.0025468170642852783,True
5,1838,1784808135.7264373,8,0.019316673278808594,0.0024145841598510742,True
5,1839,1784808135.7461364,8,0.02149486541748047,0.0026868581771850586,True
5,1840,1784808135.7681792,8,0.01927042007446289,0.0024088025093078613,True
5,1841,1784808135.78791,8,0.01914358139038086,0.0023929476737976074,True
5,1842,1784808135.8073585,8,0.01974654197692871,0.002468317747116089,True
5,1843,1784808135.8275049,8,0.018973350524902344,0.002371668815612793,True
5,1844,1784808135.8469222,8,0.01954483985900879,0.0024431049823760986,True
5,1845,1784808135.8668175,8,0.020268917083740234,0.0025336146354675293,True
5,1846,1784808135.8875222,8,0.02043008804321289,0.0025537610054016113,True
5,1847,1784808135.908298,8,0.019338130950927734,0.002417266368865967,True
5,1848,1784808135.928322,8,0.019492387771606445,0.0024365484714508057,True
5,1849,1784808135.948184,8,0.024289608001708984,0.003036201000213623,True
5,1850,1784808135.9733236,8,0.020033836364746094,0.0025042295455932617,True
5,1851,1784808135.993799,8,0.018852710723876953,0.002356588840484619,True
5,1852,1784808136.0129273,8,0.01923084259033203,0.002403855323791504,True
5,1853,1784808136.0327358,8,0.019577503204345703,0.002447187900543213,True
5,1854,1784808136.0532272,8,0.0216524600982666,0.002706557512283325,True
5,1855,1784808136.0760942,8,0.017998456954956055,0.002249807119369507,True
5,1856,1784808136.094585,8,0.0186002254486084,0.00232502818107605,True
5,1857,1784808136.113678,8,0.0222780704498291,0.0027847588062286377,True
5,1858,1784808136.136518,8,0.02052164077758789,0.0025652050971984863,True
5,1859,1784808136.1575766,8,0.019880056381225586,0.0024850070476531982,True
5,1860,1784808136.1785495,8,0.01989912986755371,0.002487391233444214,True
5,1861,1784808136.1988842,8,0.018965721130371094,0.0023707151412963867,True
5,1862,1784808136.2185013,8,0.020574092864990234,0.0025717616081237793,True
5,1863,1784808136.2396705,8,0.020279884338378906,0.0025349855422973633,True
5,1864,1784808136.2605622,8,0.020538806915283203,0.0025673508644104004,True
5,1865,1784808136.2815175,8,0.02093505859375,0.00261688232421875,True
5,1866,1784808136.3027623,8,0.01956963539123535,0.002446204423904419,True
5,1867,1784808136.3228233,8,0.02234482765197754,0.0027931034564971924,True
5,1868,1784808136.345572,8,0.018755674362182617,0.002344459295272827,True
5,1869,1784808136.3646123,8,0.021399974822998047,0.002674996852874756,True
5,1870,1784808136.386448,8,0.019677162170410156,0.0024596452713012695,True
5,1871,1784808136.4064822,8,0.019394397735595703,0.002424299716949463,True
5,1872,1784808136.426249,8,0.01872992515563965,0.002341240644454956,True
5,1873,1784808136.4454134,8,0.020572423934936523,0.0025715529918670654,True
5,1874,1784808136.4665527,8,0.0194857120513916,0.00243571400642395,True
5,1875,1784808136.4863837,8,0.019518375396728516,0.0024397969245910645,True
5,1876,1784808136.5063212,8,0.02127838134765625,0.0026597976684570312,True
5,1877,1784808136.5280893,8,0.01765131950378418,0.0022064149379730225,True
5,1878,1784808136.5463169,8,0.020148515701293945,0.002518564462661743,True
5,1879,1784808136.567184,8,0.020566701889038086,0.0025708377361297607,True
5,1880,1784808136.5887673,8,0.02010512351989746,0.0025131404399871826,True
5,1881,1784808136.6093245,8,0.018944263458251953,0.002368032932281494,True
5,1882,1784808136.6285567,8,0.019062042236328125,0.0023827552795410156,True
5,1883,1784808136.6485345,8,0.019986391067504883,0.0024982988834381104,True
5,1884,1784808136.668871,8,0.020377397537231445,0.0025471746921539307,True
5,1885,1784808136.6896036,8,0.02092432975769043,0.0026155412197113037,True
5,1886,1784808136.7111866,8,0.020555973052978516,0.0025694966316223145,True
5,1887,1784808136.7329223,8,0.020839214324951172,0.0026049017906188965,True
5,1888,1784808136.7542973,8,0.01997232437133789,0.0024965405464172363,True
5,1889,1784808136.7747924,8,0.02125072479248047,0.0026563405990600586,True
5,1890,1784808136.7966313,8,0.018656015396118164,0.0023320019245147705,True
5,1891,1784808136.8158128,8,0.02044677734375,0.00255584716796875,True
5,1892,1784808136.8365872,8,0.019969940185546875,0.0024962425231933594,True
5,1893,1784808136.8570032,8,0.020663976669311523,0.0025829970836639404,True
5,1894,1784808136.8781142,8,0.020444154739379883,0.0025555193424224854,True
5,1895,1784808136.8990028,8,0.019769668579101562,0.0024712085723876953,True
5,1896,1784808136.9197674,8,0.01951003074645996,0.002438753843307495,True
5,1897,1784808136.9397151,8,0.01872706413269043,0.0023408830165863037,True
5,1898,1784808136.9590983,8,0.019898176193237305,0.002487272024154663,True
5,1899,1784808136.9794905,8,0.018512487411499023,0.002314060926437378,True
5,1900,1784808136.9986086,8,0.021000385284423828,0.0026250481605529785,True
5,1901,1784808137.0199897,8,0.02017974853515625,0.0025224685668945312,True
5,1902,1784808137.040481,8,0.01856684684753418,0.0023208558559417725,True
5,1903,1784808137.059364,8,0.021807432174682617,0.002725929021835327,True
5,1904,1784808137.0815198,8,0.019815921783447266,0.002476990222930908,True
5,1905,1784808137.1017077,8,0.02189183235168457,0.0027364790439605713,True
5,1906,1784808137.1239862,8,0.024635791778564453,0.0030794739723205566,True
5,1907,1784808137.1489444,8,0.018415212631225586,0.0023019015789031982,True
5,1908,1784808137.16771,8,0.02083134651184082,0.0026039183139801025,True
5,1909,1784808137.1888607,8,0.01945662498474121,0.0024320781230926514,True
5,1910,1784808137.2086809,8,0.019422292709350586,0.0024277865886688232,True
5,1911,1784808137.228425,8,0.01930379867553711,0.0024129748344421387,True
5,1912,1784808137.2482393,8,0.020409822463989258,0.0025512278079986572,True
5,1913,1784808137.2691598,8,0.021477460861206055,0.002684682607650757,True
5,1914,1784808137.2910733,8,0.019689083099365234,0.0024611353874206543,True
5,1915,1784808137.3112357,8,0.0199892520904541,0.0024986565113067627,True
5,1916,1784808137.3315685,8,0.019499540328979492,0.0024374425411224365,True
5,1917,1784808137.3516617,8,0.020334482192993164,0.0025418102741241455,True
5,1918,1784808137.372402,8,0.023088455200195312,0.002886056900024414,True
5,1919,1784808137.396677,8,0.02128124237060547,0.0026601552963256836,True
5,1920,1784808137.418397,8,0.020505905151367188,0.0025632381439208984,True
5,1921,1784808137.4397514,8,0.01792764663696289,0.0022409558296203613,True
5,1922,1784808137.4583657,8,0.01971268653869629,0.002464085817337036,True
5,1923,1784808137.4785457,8,0.020281076431274414,0.0025351345539093018,True
5,1924,1784808137.5006654,8,0.01938605308532715,0.0024232566356658936,True
5,1925,1784808137.5205293,8,0.019725561141967773,0.0024656951427459717,True
5,1926,1784808137.5410573,8,0.022032737731933594,0.0027540922164916992,True
5,1927,1784808137.5636725,8,0.02058243751525879,0.0025728046894073486,True
5,1928,1784808137.5847192,8,0.01938176155090332,0.002422720193862915,True
5,1929,1784808137.6048124,8,0.02268385887145996,0.002835482358932495,True
5,1930,1784808137.627933,8,0.02225518226623535,0.002781897783279419,True
5,1931,1784808137.650705,8,0.02044963836669922,0.0025562047958374023,True
5,1932,1784808137.6715891,8,0.018192291259765625,0.002274036407470703,True
5,1933,1784808137.6902359,8,0.020035743713378906,0.0025044679641723633,True
5,1934,1784808137.7107892,8,0.02014756202697754,0.0025184452533721924,True
5,1935,1784808137.7313862,8,0.02234172821044922,0.0027927160263061523,True
5,1936,1784808137.7543135,8,0.019291162490844727,0.002411395311355591,True
5,1937,1784808137.7742207,8,0.01914525032043457,0.0023931562900543213,True
5,1938,1784808137.793802,8,0.02029561996459961,0.002536952495574951,True
5,1939,1784808137.8145792,8,0.01984095573425293,0.002480119466781616,True
5,1940,1784808137.8347418,8,0.02167487144470215,0.0027093589305877686,True
5,1941,1784808137.8573189,8,0.019354581832885742,0.0024193227291107178,True
5,1942,1784808137.8773952,8,0.020960330963134766,0.0026200413703918457,True
5,1943,1784808137.899103,8,0.01996469497680664,0.00249558687210083,True
5,1944,1784808137.9194362,8,0.019453048706054688,0.002431631088256836,True
5,1945,1784808137.9392898,8,0.01853203773498535,0.002316504716873169,True
5,1946,1784808137.9593084,8,0.02130603790283203,0.002663254737854004,True
5,1947,1784808137.9809024,8,0.021255016326904297,0.002656877040863037,True
5,1948,1784808138.0024903,8,0.020209074020385742,0.0025261342525482178,True
5,1949,1784808138.0231,8,0.020686864852905273,0.002585858106613159,True
5,1950,1784808138.0442026,8,0.019934654235839844,0.0024918317794799805,True
5,1951,1784808138.0644248,8,0.019070148468017578,0.0023837685585021973,True
5,1952,1784808138.0838108,8,0.020137310028076172,0.0025171637535095215,True
5,1953,1784808138.1048303,8,0.020612239837646484,0.0025765299797058105,True
5,1954,1784808138.1259854,8,0.018933773040771484,0.0023667216300964355,True
5,1955,1784808138.1452892,8,0.021637678146362305,0.002704709768295288,True
5,1956,1784808138.167378,8,0.01968073844909668,0.002460092306137085,True
5,1957,1784808138.187459,8,0.01830577850341797,0.002288222312927246,True
5,1958,1784808138.2061338,8,0.018918752670288086,0.0023648440837860107,True
5,1959,1784808138.225339,8,0.021097660064697266,0.002637207508087158,True
5,1960,1784808138.2468085,8,0.019870519638061523,0.0024838149547576904,True
5,1961,1784808138.2669382,8,0.02083754539489746,0.0026046931743621826,True
5,1962,1784808138.2881093,8,0.019765853881835938,0.002470731735229492,True
5,1963,1784808138.3082452,8,0.02102947235107422,0.0026286840438842773,True
5,1964,1784808138.329809,8,0.0217134952545166,0.002714186906814575,True
5,1965,1784808138.3518322,8,0.01821112632751465,0.002276390790939331,True
5,1966,1784808138.37066,8,0.018538475036621094,0.0023173093795776367,True
5,1967,1784808138.3895621,8,0.019756078720092773,0.0024695098400115967,True
5,1968,1784808138.4096792,8,0.020280838012695312,0.002535104751586914,True
5,1969,1784808138.430364,8,0.020534992218017578,0.0025668740272521973,True
5,1970,1784808138.451348,8,0.020230770111083984,0.002528846263885498,True
5,1971,1784808138.4720674,8,0.02046990394592285,0.0025587379932403564,True
5,1972,1784808138.492934,8,0.019045114517211914,0.0023806393146514893,True
5,1973,1784808138.51246,8,0.01944422721862793,0.002430528402328491,True
5,1974,1784808138.5324097,8,0.019807100296020508,0.0024758875370025635,True
5,1975,1784808138.5525568,8,0.02391982078552246,0.0029899775981903076,True
5,1976,1784808138.5768096,8,0.019330501556396484,0.0024163126945495605,True
5,1977,1784808138.5965035,8,0.019213199615478516,0.0024016499519348145,True
5,1978,1784808138.6161509,8,0.01958465576171875,0.0024480819702148438,True
5,1979,1784808138.6360412,8,0.02375316619873047,0.0029691457748413086,True
5,1980,1784808138.6601613,8,0.018662214279174805,0.0023327767848968506,True
5,1981,1784808138.6792085,8,0.020851612091064453,0.0026064515113830566,True
5,1982,1784808138.7003627,8,0.019919157028198242,0.0024898946285247803,True
5,1983,1784808138.7205899,8,0.020112276077270508,0.0025140345096588135,True
5,1984,1784808138.7411942,8,0.020051002502441406,0.0025063753128051758,True
5,1985,1784808138.761784,8,0.021484375,0.002685546875,True
5,1986,1784808138.7838054,8,0.019425153732299805,0.0024281442165374756,True
5,1987,1784808138.8036752,8,0.018979549407958984,0.002372443675994873,True
5,1988,1784808138.8230953,8,0.02237534523010254,0.0027969181537628174,True
5,1989,1784808138.845999,8,0.02109551429748535,0.002636939287185669,True
5,1990,1784808138.8675797,8,0.02083277702331543,0.0026040971279144287,True
5,1991,1784808138.8887527,8,0.020196199417114258,0.0025245249271392822,True
5,1992,1784808138.9092197,8,0.019827842712402344,0.002478480339050293,True
5,1993,1784808138.9293873,8,0.02126145362854004,0.002657681703567505,True
5,1994,1784808138.9510183,8,0.022164344787597656,0.002770543098449707,True
5,1995,1784808138.973512,8,0.020310640335083008,0.002538830041885376,True
5,1996,1784808138.9941082,8,0.021387338638305664,0.002673417329788208,True
5,1997,1784808139.0158606,8,0.020883560180664062,0.002610445022583008,True
5,1998,1784808139.0370724,8,0.019268274307250977,0.002408534288406372,True
5,1999,1784808139.0567143,8,0.020076513290405273,0.002509564161300659,True
5,2000,1784808139.077103,8,0.01982712745666504,0.00247839093208313,True
5,2001,1784808139.0972967,8,0.02097296714782715,0.0026216208934783936,True
5,2002,1784808139.1185548,8,0.021291255950927734,0.002661406993865967,True
5,2003,1784808139.140283,8,0.020218372344970703,0.002527296543121338,True
5,2004,1784808139.1608531,8,0.02020120620727539,0.002525150775909424,True
5,2005,1784808139.1814022,8,0.019112825393676758,0.0023891031742095947,True
5,2006,1784808139.2008805,8,0.020032882690429688,0.002504110336303711,True
5,2007,1784808139.2213702,8,0.020242929458618164,0.0025303661823272705,True
5,2008,1784808139.2420204,8,0.018733501434326172,0.0023416876792907715,True
5,2009,1784808139.2613966,8,0.020895719528198242,0.0026119649410247803,True
5,2010,1784808139.2828858,8,0.020959854125976562,0.0026199817657470703,True
5,2011,1784808139.3045437,8,0.019965410232543945,0.002495676279067993,True
5,2012,1784808139.32488,8,0.01973891258239746,0.0024673640727996826,True
5,2013,1784808139.3455088,8,0.019736289978027344,0.002467036247253418,True
5,2014,1784808139.3655355,8,0.01981830596923828,0.002477288246154785,True
5,2015,1784808139.385756,8,0.01973414421081543,0.0024667680263519287,True
5,2016,1784808139.4058418,8,0.020717144012451172,0.0025896430015563965,True
5,2017,1784808139.426882,8,0.020088911056518555,0.0025111138820648193,True
5,2018,1784808139.447868,8,0.019654512405395508,0.0024568140506744385,True
5,2019,1784808139.4679866,8,0.017259836196899414,0.0021574795246124268,True
5,2020,1784808139.4855182,8,0.01853799819946289,0.0023172497749328613,True
5,2021,1784808139.5051916,8,0.019946813583374023,0.002493351697921753,True
5,2022,1784808139.5259342,8,0.020128726959228516,0.0025160908699035645,True
5,2023,1784808139.5464904,8,0.019634008407592773,0.0024542510509490967,True
5,2024,1784808139.5680733,8,0.019446372985839844,0.0024307966232299805,True
5,2025,1784808139.5881217,8,0.020235776901245117,0.0025294721126556396,True
5,2026,1784808139.6093867,8,0.01827836036682129,0.002284795045852661,True
5,2027,1784808139.6281447,8,0.020984411239624023,0.002623051404953003,True
5,2028,1784808139.6495678,8,0.01907634735107422,0.0023845434188842773,True
5,2029,1784808139.6693456,8,0.020000696182250977,0.002500087022781372,True
5,2030,1784808139.689662,8,0.017862796783447266,0.002232849597930908,True
5,2031,1784808139.7078414,8,0.01970648765563965,0.002463310956954956,True
5,2032,1784808139.7280164,8,0.01858043670654297,0.002322554588317871,True
5,2033,1784808139.7470956,8,0.019977092742919922,0.0024971365928649902,True
5,2034,1784808139.7685738,8,0.02095770835876465,0.002619713544845581,True
5,2035,1784808139.7900882,8,0.01951432228088379,0.0024392902851104736,True
5,2036,1784808139.8099697,8,0.019600868225097656,0.002450108528137207,True
5,2037,1784808139.8300438,8,0.019890308380126953,0.002486288547515869,True
5,2038,1784808139.850536,8,0.020282268524169922,0.0025352835655212402,True
5,2039,1784808139.871279,8,0.01929759979248047,0.0024121999740600586,True
5,2040,1784808139.8909545,8,0.02110910415649414,0.0026386380195617676,True
5,2041,1784808139.9123564,8,0.019777774810791016,0.002472221851348877,True
5,2042,1784808139.9325404,8,0.02035236358642578,0.0025440454483032227,True
5,2043,1784808139.9531763,8,0.01936960220336914,0.0024212002754211426,True
5,2044,1784808139.9729037,8,0.019757986068725586,0.0024697482585906982,True
5,2045,1784808139.9930549,8,0.018599987030029297,0.002324998378753662,True
5,2046,1784808140.0121891,8,0.022228717803955078,0.0027785897254943848,True
5,2047,1784808140.0348022,8,0.018418073654174805,0.0023022592067718506,True
5,2048,1784808140.0535228,8,0.01984858512878418,0.0024810731410980225,True
5,2049,1784808140.0739796,8,0.021261930465698242,0.0026577413082122803,True
5,2050,1784808140.0955584,8,0.02144026756286621,0.0026800334453582764,True
5,2051,1784808140.1173573,8,0.02138352394104004,0.002672940492630005,True
5,2052,1784808140.1389914,8,0.018763065338134766,0.0023453831672668457,True
5,2053,1784808140.1581235,8,0.020203351974487305,0.002525418996810913,True
5,2054,1784808140.1787536,8,0.020053625106811523,0.0025067031383514404,True
5,2055,1784808140.1991456,8,0.019312143325805664,0.002414017915725708,True
5,2056,1784808140.2188194,8,0.022162914276123047,0.002770364284515381,True
5,2057,1784808140.2413833,8,0.019588470458984375,0.002448558807373047,True
5,2058,1784808140.2615266,8,0.020409822463989258,0.0025512278079986572,True
5,2059,1784808140.2824976,8,0.021216154098510742,0.0026520192623138428,True
5,2060,1784808140.3041167,8,0.020821571350097656,0.002602696418762207,True
5,2061,1784808140.3253253,8,0.021301984786987305,0.002662748098373413,True
5,2062,1784808140.3477852,8,0.019308090209960938,0.002413511276245117,True
5,2063,1784808140.367555,8,0.01935124397277832,0.00241890549659729,True
5,2064,1784808140.3874788,8,0.02099013328552246,0.0026237666606903076,True
5,2065,1784808140.4087324,8,0.019406795501708984,0.002425849437713623,True
5,2066,1784808140.4284375,8,0.01969170570373535,0.002461463212966919,True
5,2067,1784808140.448415,8,0.020064353942871094,0.0025080442428588867,True
5,2068,1784808140.4687834,8,0.02150416374206543,0.0026880204677581787,True
5,2069,1784808140.4905584,8,0.020206451416015625,0.002525806427001953,True
5,2070,1784808140.5112004,8,0.018001556396484375,0.002250194549560547,True
5,2071,1784808140.5296655,8,0.019690513610839844,0.0024613142013549805,True
5,2072,1784808140.5497117,8,0.0211334228515625,0.0026416778564453125,True
5,2073,1784808140.571224,8,0.01917886734008789,0.0023973584175109863,True
5,2074,1784808140.5906997,8,0.02092146873474121,0.0026151835918426514,True
5,2075,1784808140.6120696,8,0.019500017166137695,0.002437502145767212,True
5,2076,1784808140.631875,8,0.022046566009521484,0.0027558207511901855,True
5,2077,1784808140.654236,8,0.019864559173583984,0.002483069896697998,True
5,2078,1784808140.6746476,8,0.018664836883544922,0.0023331046104431152,True
5,2079,1784808140.6935954,8,0.020581722259521484,0.0025727152824401855,True
5,2080,1784808140.7145565,8,0.021105051040649414,0.0026381313800811768,True
5,2081,1784808140.7361934,8,0.01977705955505371,0.002472132444381714,True
5,2082,1784808140.7562692,8,0.018253087997436523,0.0022816359996795654,True
5,2083,1784808140.774761,8,0.021535634994506836,0.0026919543743133545,True
5,2084,1784808140.7966826,8,0.019678115844726562,0.0024597644805908203,True
5,2085,1784808140.8168433,8,0.018038034439086914,0.0022547543048858643,True
5,2086,1784808140.8352249,8,0.02083301544189453,0.0026041269302368164,True
5,2087,1784808140.8564787,8,0.02024698257446289,0.0025308728218078613,True
5,2088,1784808140.8771448,8,0.019016265869140625,0.002377033233642578,True
5,2089,1784808140.8965898,8,0.02041912078857422,0.0025523900985717773,True
5,2090,1784808140.9173155,8,0.01833939552307129,0.002292424440383911,True
5,2091,1784808140.9363222,8,0.02036881446838379,0.0025461018085479736,True
5,2092,1784808140.957323,8,0.01886916160583496,0.00235864520072937,True
5,2093,1784808140.9765766,8,0.018881797790527344,0.002360224723815918,True
5,2094,1784808140.9957404,8,0.02013397216796875,0.0025167465209960938,True
5,2095,1784808141.016215,8,0.01805877685546875,0.0022573471069335938,True
5,2096,1784808141.0346699,8,0.020408153533935547,0.0025510191917419434,True
5,2097,1784808141.055538,8,0.01969146728515625,0.0024614334106445312,True
5,2098,1784808141.0756085,8,0.019411087036132812,0.0024263858795166016,True
5,2099,1784808141.0953183,8,0.019500017166137695,0.002437502145767212,True
5,2100,1784808141.115271,8,0.02069568634033203,0.002586960792541504,True
5,2101,1784808141.1363206,8,0.020728588104248047,0.002591073513031006,True
5,2102,1784808141.1573906,8,0.022623300552368164,0.0028279125690460205,True
5,2103,1784808141.1804063,8,0.020104408264160156,0.0025130510330200195,True
5,2104,1784808141.2007797,8,0.019658327102661133,0.0024572908878326416,True
5,2105,1784808141.2209435,8,0.0178830623626709,0.0022353827953338623,True
5,2106,1784808141.2392383,8,0.020173311233520508,0.0025216639041900635,True
5,2107,1784808141.259705,8,0.020358562469482422,0.0025448203086853027,True
5,2108,1784808141.2804227,8,0.021840333938598633,0.002730041742324829,True
5,2109,1784808141.3034594,8,0.01995992660522461,0.002494990825653076,True
5,2110,1784808141.3239346,8,0.01960468292236328,0.00245058536529541,True
5,2111,1784808141.3438995,8,0.021213293075561523,0.0026516616344451904,True
5,2112,1784808141.365551,8,0.018991708755493164,0.0023739635944366455,True
5,2113,1784808141.3849976,8,0.022070884704589844,0.0027588605880737305,True
5,2114,1784808141.407468,8,0.018538475036621094,0.0023173093795776367,True
5,2115,1784808141.4273388,8,0.020356416702270508,0.0025445520877838135,True
5,2116,1784808141.4481835,8,0.019085407257080078,0.0023856759071350098,True
5,2117,1784808141.4677658,8,0.020813941955566406,0.0026017427444458008,True
5,2118,1784808141.4897857,8,0.01928544044494629,0.002410680055618286,True
5,2119,1784808141.5094337,8,0.01963949203491211,0.0024549365043640137,True
5,2120,1784808141.5295107,8,0.020215511322021484,0.0025269389152526855,True
5,2121,1784808141.5502834,8,0.019606590270996094,0.0024508237838745117,True
5,2122,1784808141.5703423,8,0.020009756088256836,0.0025012195110321045,True
5,2123,1784808141.5907784,8,0.022591829299926758,0.0028239786624908447,True
5,2124,1784808141.613997,8,0.020218610763549805,0.0025273263454437256,True
5,2125,1784808141.634945,8,0.01910114288330078,0.0023876428604125977,True
5,2126,1784808141.6545289,8,0.020746946334838867,0.0025933682918548584,True
5,2127,1784808141.6760185,8,0.019065141677856445,0.0023831427097320557,True
5,2128,1784808141.695366,8,0.019498825073242188,0.0024373531341552734,True
5,2129,1784808141.715181,8,0.02118682861328125,0.0026483535766601562,True
5,2130,1784808141.7366586,8,0.020866870880126953,0.002608358860015869,True
5,2131,1784808141.7578356,8,0.020701885223388672,0.002587735652923584,True
5,2132,1784808141.7788424,8,0.021398544311523438,0.0026748180389404297,True
5,2133,1784808141.8005717,8,0.01857137680053711,0.0023214221000671387,True
5,2134,1784808141.819461,8,0.02321171760559082,0.0029014647006988525,True
5,2135,1784808141.8434606,8,0.019580602645874023,0.002447575330734253,True
5,2136,1784808141.8636532,8,0.018994808197021484,0.0023743510246276855,True
5,2137,1784808141.8831801,8,0.018251895904541016,0.002281486988067627,True
5,2138,1784808141.9017453,8,0.019737958908081055,0.002467244863510132,True
5,2139,1784808141.9218514,8,0.02042245864868164,0.002552807331085205,True
5,2140,1784808141.9425857,8,0.01917576789855957,0.0023969709873199463,True
5,2141,1784808141.9620807,8,0.02036309242248535,0.002545386552810669,True
5,2142,1784808141.9828048,8,0.0219266414642334,0.002740830183029175,True
5,2143,1784808142.0051157,8,0.019486188888549805,0.0024357736110687256,True
5,2144,1784808142.0251906,8,0.01895284652709961,0.002369105815887451,True
5,2145,1784808142.044602,8,0.0205843448638916,0.00257304310798645,True
5,2146,1784808142.065473,8,0.017326831817626953,0.002165853977203369,True
5,2147,1784808142.0831897,8,0.0193328857421875,0.0024166107177734375,True
5,2148,1784808142.1028545,8,0.020914554595947266,0.002614319324493408,True
5,2149,1784808142.1242025,8,0.02200603485107422,0.0027507543563842773,True
5,2150,1784808142.1465015,8,0.020562171936035156,0.0025702714920043945,True
5,2151,1784808142.1675684,8,0.021083593368530273,0.002635449171066284,True
5,2152,1784808142.1893117,8,0.02076578140258789,0.0025957226753234863,True
5,2153,1784808142.2120128,8,0.019304275512695312,0.002413034439086914,True
5,2154,1784808142.2325842,8,0.021090984344482422,0.0026363730430603027,True
5,2155,1784808142.2540562,8,0.019306421279907227,0.0024133026599884033,True
5,2156,1784808142.2737448,8,0.020917892456054688,0.002614736557006836,True
5,2157,1784808142.2950175,8,0.022634267807006836,0.0028292834758758545,True
5,2158,1784808142.3183672,8,0.018007755279541016,0.002250969409942627,True
5,2159,1784808142.33673,8,0.018933534622192383,0.002366691827774048,True
5,2160,1784808142.3562114,8,0.020071983337402344,0.002508997917175293,True
5,2161,1784808142.3765724,8,0.020679950714111328,0.002584993839263916,True
5,2162,1784808142.3977554,8,0.01937580108642578,0.0024219751358032227,True
5,2163,1784808142.4174738,8,0.019435882568359375,0.002429485321044922,True
5,2164,1784808142.4372828,8,0.020110368728637695,0.002513796091079712,True
5,2165,1784808142.4577577,8,0.021618127822875977,0.002702265977859497,True
5,2166,1784808142.4796612,8,0.020231246948242188,0.0025289058685302734,True
5,2167,1784808142.5003183,8,0.018039226531982422,0.0022549033164978027,True
5,2168,1784808142.5187433,8,0.02028965950012207,0.002536207437515259,True
5,2169,1784808142.5397685,8,0.020923852920532227,0.0026154816150665283,True
5,2170,1784808142.5617452,8,0.02017354965209961,0.002521693706512451,True
5,2171,1784808142.582359,8,0.020655155181884766,0.0025818943977355957,True
5,2172,1784808142.6033072,8,0.019169330596923828,0.0023961663246154785,True
5,2173,1784808142.622825,8,0.024028539657592773,0.0030035674571990967,True
5,2174,1784808142.6472158,8,0.02062225341796875,0.0025777816772460938,True
5,2175,1784808142.6684074,8,0.018328428268432617,0.002291053533554077,True
5,2176,1784808142.6870735,8,0.018853187561035156,0.0023566484451293945,True
5,2177,1784808142.7063522,8,0.01966404914855957,0.0024580061435699463,True
5,2178,1784808142.7263288,8,0.020145654678344727,0.002518206834793091,True
5,2179,1784808142.7468352,8,0.019690275192260742,0.0024612843990325928,True
5,2180,1784808142.7673213,8,0.020241737365722656,0.002530217170715332,True
5,2181,1784808142.788004,8,0.020287752151489258,0.0025359690189361572,True
5,2182,1784808142.8087902,8,0.021963119506835938,0.002745389938354492,True
5,2183,1784808142.8311365,8,0.020746469497680664,0.002593308687210083,True
5,2184,1784808142.8523157,8,0.02078700065612793,0.002598375082015991,True
5,2185,1784808142.873997,8,0.020993709564208984,0.002624213695526123,True
5,2186,1784808142.8954794,8,0.01774907112121582,0.0022186338901519775,True
5,2187,1784808142.9136975,8,0.0210573673248291,0.0026321709156036377,True
5,2188,1784808142.9350986,8,0.018955707550048828,0.0023694634437561035,True
5,2189,1784808142.954373,8,0.021344661712646484,0.0026680827140808105,True
5,2190,1784808142.9762504,8,0.01950860023498535,0.002438575029373169,True
5,2191,1784808142.9960988,8,0.02156805992126465,0.002696007490158081,True
5,2192,1784808143.0180533,8,0.020009279251098633,0.002501159906387329,True
5,2193,1784808143.038353,8,0.020852327346801758,0.0026065409183502197,True
5,2194,1784808143.0595095,8,0.02037978172302246,0.0025474727153778076,True
5,2195,1784808143.0804071,8,0.01979970932006836,0.002474963665008545,True
5,2196,1784808143.1005273,8,0.019734859466552734,0.002466857433319092,True
5,2197,1784808143.1205106,8,0.02027130126953125,0.0025339126586914062,True
5,2198,1784808143.1411088,8,0.019716501235961914,0.0024645626544952393,True
5,2199,1784808143.1612113,8,0.018303871154785156,0.0022879838943481445,True
5,2200,1784808143.1798863,8,0.01969003677368164,0.002461254596710205,True
5,2201,1784808143.1999414,8,0.02129983901977539,0.002662479877471924,True
5,2202,1784808143.221602,8,0.02003645896911621,0.0025045573711395264,True
5,2203,1784808143.2418952,8,0.02150106430053711,0.0026876330375671387,True
5,2204,1784808143.263729,8,0.019873857498168945,0.002484232187271118,True
5,2205,1784808143.283919,8,0.01958942413330078,0.0024486780166625977,True
5,2206,1784808143.303847,8,0.019827842712402344,0.002478480339050293,True
5,2207,1784808143.3239667,8,0.020128965377807617,0.002516120672225952,True
5,2208,1784808143.3443832,8,0.021573305130004883,0.0026966631412506104,True
5,2209,1784808143.3669124,8,0.019012451171875,0.002376556396484375,True
5,2210,1784808143.3862443,8,0.019983530044555664,0.002497941255569458,True
5,2211,1784808143.4066532,8,0.020715713500976562,0.0025894641876220703,True
5,2212,1784808143.427665,8,0.018956661224365234,0.0023695826530456543,True
5,2213,1784808143.4470344,8,0.021358251571655273,0.002669781446456909,True
5,2214,1784808143.4687161,8,0.019830703735351562,0.0024788379669189453,True
5,2215,1784808143.4889014,8,0.02135491371154785,0.0026693642139434814,True
5,2216,1784808143.5105715,8,0.02073979377746582,0.0025924742221832275,True
5,2217,1784808143.5317543,8,0.018216371536254883,0.0022770464420318604,True
5,2218,1784808143.5504303,8,0.01785445213317871,0.002231806516647339,True
5,2219,1784808143.5687273,8,0.01961970329284668,0.002452462911605835,True
5,2220,1784808143.5893142,8,0.019228458404541016,0.002403557300567627,True
5,2221,1784808143.6090162,8,0.01972508430480957,0.0024656355381011963,True
5,2222,1784808143.629427,8,0.01889801025390625,0.0023622512817382812,True
5,2223,1784808143.6487715,8,0.021697521209716797,0.0027121901512145996,True
5,2224,1784808143.6709087,8,0.020267009735107422,0.0025333762168884277,True
5,2225,1784808143.6915054,8,0.019974231719970703,0.002496778964996338,True
5,2226,1784808143.7121856,8,0.019312620162963867,0.0024140775203704834,True
5,2227,1784808143.7317894,8,0.01938605308532715,0.0024232566356658936,True
5,2228,1784808143.7514915,8,0.020986557006835938,0.002623319625854492,True
5,2229,1784808143.77284,8,0.019370079040527344,0.002421259880065918,True
5,2230,1784808143.7925391,8,0.018888235092163086,0.0023610293865203857,True
5,2231,1784808143.8118498,8,0.019697189331054688,0.002462148666381836,True
5,2232,1784808143.8323033,8,0.02192974090576172,0.002741217613220215,True
5,2233,1784808143.8545055,8,0.020280838012695312,0.002535104751586914,True
5,2234,1784808143.8752813,8,0.01815319061279297,0.002269148826599121,True
5,2235,1784808143.8940058,8,0.019607067108154297,0.002450883388519287,True
5,2236,1784808143.9139745,8,0.01984381675720215,0.0024804770946502686,True
5,2237,1784808143.934158,8,0.019675731658935547,0.0024594664573669434,True
5,2238,1784808143.9543674,8,0.019106388092041016,0.002388298511505127,True
5,2239,1784808143.9738493,8,0.020389795303344727,0.002548724412918091,True
5,2240,1784808143.9947798,8,0.0208280086517334,0.002603501081466675,True
5,2241,1784808144.0161216,8,0.019026756286621094,0.0023783445358276367,True
5,2242,1784808144.0354493,8,0.0198361873626709,0.0024795234203338623,True
5,2243,1784808144.0556326,8,0.01824808120727539,0.002281010150909424,True
5,2244,1784808144.074242,8,0.02053236961364746,0.0025665462017059326,True
5,2245,1784808144.0951676,8,0.023754596710205078,0.0029693245887756348,True
5,2246,1784808144.1197267,8,0.02026653289794922,0.0025333166122436523,True
5,2247,1784808144.1402957,8,0.01923227310180664,0.00240403413772583,True
5,2248,1784808144.1599035,8,0.02008342742919922,0.0025104284286499023,True
5,2249,1784808144.1804245,8,0.019946813583374023,0.002493351697921753,True
5,2250,1784808144.2007186,8,0.019535303115844727,0.002441912889480591,True
5,2251,1784808144.2206945,8,0.021213769912719727,0.002651721239089966,True
5,2252,1784808144.2423909,8,0.019087791442871094,0.0023859739303588867,True
5,2253,1784808144.2618048,8,0.021044254302978516,0.0026305317878723145,True
5,2254,1784808144.2832317,8,0.019049406051635742,0.0023811757564544678,True
5,2255,1784808144.3026156,8,0.020769357681274414,0.0025961697101593018,True
5,2256,1784808144.32374,8,0.018701553344726562,0.0023376941680908203,True
5,2257,1784808144.3427436,8,0.02132439613342285,0.0026655495166778564,True
5,2258,1784808144.364404,8,0.01893329620361328,0.00236666202545166,True
5,2259,1784808144.3836508,8,0.02050614356994629,0.002563267946243286,True
5,2260,1784808144.4045022,8,0.021310091018676758,0.0026637613773345947,True
5,2261,1784808144.4261746,8,0.018943071365356445,0.0023678839206695557,True
5,2262,1784808144.445475,8,0.02114081382751465,0.002642601728439331,True
5,2263,1784808144.467099,8,0.020498275756835938,0.002562284469604492,True
5,2264,1784808144.4879546,8,0.020775794982910156,0.0025969743728637695,True
5,2265,1784808144.5090666,8,0.02048659324645996,0.002560824155807495,True
5,2266,1784808144.5298748,8,0.019399166107177734,0.002424895763397217,True
5,2267,1784808144.5497317,8,0.020586252212524414,0.0025732815265655518,True
5,2268,1784808144.5705779,8,0.021900415420532227,0.0027375519275665283,True
5,2269,1784808144.5929608,8,0.019640207290649414,0.0024550259113311768,True
5,2270,1784808144.6132417,8,0.02016925811767578,0.0025211572647094727,True
5,2271,1784808144.634422,8,0.02146291732788086,0.0026828646659851074,True
5,2272,1784808144.6562161,8,0.021646738052368164,0.0027058422565460205,True
5,2273,1784808144.67852,8,0.024859189987182617,0.003107398748397827,True
5,2274,1784808144.7051218,8,0.014440774917602539,0.0018050968647003174,True
5,2275,1784808144.7204206,8,0.019254207611083984,0.002406775951385498,True
5,2276,1784808144.739944,8,0.019983291625976562,0.0024979114532470703,True
5,2277,1784808144.7602594,8,0.020148277282714844,0.0025185346603393555,True
5,2278,1784808144.7807,8,0.020049571990966797,0.0025061964988708496,True
5,2279,1784808144.801093,8,0.021027326583862305,0.002628415822982788,True
5,2280,1784808144.8224854,8,0.019604206085205078,0.0024505257606506348,True
5,2281,1784808144.8423526,8,0.020269393920898438,0.0025336742401123047,True
5,2282,1784808144.862907,8,0.021622180938720703,0.002702772617340088,True
5,2283,1784808144.8849757,8,0.02262711524963379,0.0028283894062042236,True
5,2284,1784808144.9079337,8,0.020212411880493164,0.0025265514850616455,True
5,2285,1784808144.9284518,8,0.02019810676574707,0.002524763345718384,True
5,2286,1784808144.94911,8,0.020204782485961914,0.0025255978107452393,True
5,2287,1784808144.9696052,8,0.02092719078063965,0.002615898847579956,True
5,2288,1784808144.9924455,8,0.021086454391479492,0.0026358067989349365,True
5,2289,1784808145.0146182,8,0.01992654800415039,0.002490818500518799,True
5,2290,1784808145.034909,8,0.020775318145751953,0.002596914768218994,True
5,2291,1784808145.0559916,8,0.020264148712158203,0.0025330185890197754,True
5,2292,1784808145.0766842,8,0.019422054290771484,0.0024277567863464355,True
5,2293,1784808145.0965502,8,0.020597219467163086,0.0025746524333953857,True
5,2294,1784808145.1175382,8,0.01928257942199707,0.002410322427749634,True
5,2295,1784808145.1371474,8,0.020821571350097656,0.002602696418762207,True
5,2296,1784808145.1583226,8,0.021966218948364258,0.0027457773685455322,True
5,2297,1784808145.180705,8,0.020364999771118164,0.0025456249713897705,True
5,2298,1784808145.2013698,8,0.020272254943847656,0.002534031867980957,True
5,2299,1784808145.2226577,8,0.019605398178100586,0.0024506747722625732,True
5,2300,1784808145.243323,8,0.019547462463378906,0.0024434328079223633,True
5,2301,1784808145.2631974,8,0.02049875259399414,0.0025623440742492676,True
5,2302,1784808145.2842717,8,0.02102041244506836,0.002627551555633545,True
5,2303,1784808145.30577,8,0.018899202346801758,0.0023624002933502197,True
5,2304,1784808145.3250825,8,0.019586801528930664,0.002448350191116333,True
5,2305,1784808145.3451154,8,0.020962238311767578,0.0026202797889709473,True
5,2306,1784808145.3663645,8,0.02117776870727539,0.002647221088409424,True
5,2307,1784808145.3883443,8,0.01877140998840332,0.002346426248550415,True
5,2308,1784808145.4074585,8,0.021496057510375977,0.002687007188796997,True
5,2309,1784808145.4293,8,0.019509315490722656,0.002438664436340332,True
5,2310,1784808145.4491618,8,0.02005791664123535,0.002507239580154419,True
5,2311,1784808145.4701414,8,0.020074129104614258,0.0025092661380767822,True
5,2312,1784808145.4906824,8,0.020430564880371094,0.0025538206100463867,True
5,2313,1784808145.5116296,8,0.020731687545776367,0.002591460943222046,True
5,2314,1784808145.5327036,8,0.021056175231933594,0.0026320219039916992,True
5,2315,1784808145.5541496,8,0.018711328506469727,0.002338916063308716,True
5,2316,1784808145.5731578,8,0.020352602005004883,0.0025440752506256104,True
5,2317,1784808145.5947833,8,0.020395755767822266,0.002549469470977783,True
5,2318,1784808145.6156042,8,0.02100062370300293,0.002625077962875366,True
5,2319,1784808145.6374388,8,0.01990199089050293,0.002487748861312866,True
5,2320,1784808145.6577265,8,0.01979851722717285,0.0024748146533966064,True
5,2321,1784808145.6780906,8,0.019748687744140625,0.002468585968017578,True
5,2322,1784808145.6987078,8,0.022098302841186523,0.0027622878551483154,True
5,2323,1784808145.7213025,8,0.01978611946105957,0.0024732649326324463,True
5,2324,1784808145.742303,8,0.01992344856262207,0.002490431070327759,True
5,2325,1784808145.7625694,8,0.019364118576049805,0.0024205148220062256,True
5,2326,1784808145.7825873,8,0.019166231155395508,0.0023957788944244385,True
5,2327,1784808145.8021445,8,0.021580219268798828,0.0026975274085998535,True
5,2328,1784808145.8240407,8,0.021052837371826172,0.0026316046714782715,True
5,2329,1784808145.8455298,8,0.022235393524169922,0.0027794241905212402,True
5,2330,1784808145.8680642,8,0.01892709732055664,0.00236588716506958,True
5,2331,1784808145.8873405,8,0.019772768020629883,0.0024715960025787354,True
5,2332,1784808145.9077497,8,0.019341230392456055,0.002417653799057007,True
5,2333,1784808145.9274724,8,0.01956653594970703,0.002445816993713379,True
5,2334,1784808145.9475164,8,0.020351648330688477,0.0025439560413360596,True
5,2335,1784808145.9686854,8,0.02216815948486328,0.00277101993560791,True
5,2336,1784808145.9913342,8,0.021334409713745117,0.0026668012142181396,True
5,2337,1784808146.013117,8,0.02023768424987793,0.002529710531234741,True
5,2338,1784808146.033805,8,0.02019667625427246,0.0025245845317840576,True
5,2339,1784808146.054476,8,0.019711971282958984,0.002463996410369873,True
5,2340,1784808146.0745869,8,0.020996809005737305,0.002624601125717163,True
5,2341,1784808146.096182,8,0.02187323570251465,0.002734154462814331,True
5,2342,1784808146.1186593,8,0.019812345504760742,0.0024765431880950928,True
5,2343,1784808146.139612,8,0.020841360092163086,0.0026051700115203857,True
5,2344,1784808146.161092,8,0.021043062210083008,0.002630382776260376,True
5,2345,1784808146.1824248,8,0.020232439041137695,0.002529054880142212,True
5,2346,1784808146.2031882,8,0.0206601619720459,0.0025825202465057373,True
5,2347,1784808146.2241929,8,0.019919872283935547,0.0024899840354919434,True
5,2348,1784808146.2448425,8,0.019975662231445312,0.002496957778930664,True
5,2349,1784808146.2651174,8,0.021256208419799805,0.0026570260524749756,True
5,2350,1784808146.2867355,8,0.017745018005371094,0.0022181272506713867,True
5,2351,1784808146.3048806,8,0.02098226547241211,0.0026227831840515137,True
5,2352,1784808146.3263543,8,0.021649837493896484,0.0027062296867370605,True
5,2353,1784808146.348308,8,0.01963949203491211,0.0024549365043640137,True
5,2354,1784808146.3687255,8,0.02073073387145996,0.002591341733932495,True
5,2355,1784808146.389884,8,0.018893003463745117,0.0023616254329681396,True
5,2356,1784808146.4091842,8,0.019257545471191406,0.0024071931838989258,True
5,2357,1784808146.428741,8,0.024703264236450195,0.0030879080295562744,True
5,2358,1784808146.4545512,8,0.017913341522216797,0.0022391676902770996,True
5,2359,1784808146.4728858,8,0.01917123794555664,0.00239640474319458,True
5,2360,1784808146.4932237,8,0.019254207611083984,0.002406775951385498,True
5,2361,1784808146.5132864,8,0.018996477127075195,0.0023745596408843994,True
5,2362,1784808146.5333502,8,0.018111467361450195,0.0022639334201812744,True
5,2363,1784808146.5519824,8,0.02133345603942871,0.002666682004928589,True
5,2364,1784808146.5737104,8,0.018619298934936523,0.0023274123668670654,True
5,2365,1784808146.592874,8,0.020189523696899414,0.0025236904621124268,True
5,2366,1784808146.6133788,8,0.020539283752441406,0.0025674104690551758,True
5,2367,1784808146.6346867,8,0.019639015197753906,0.0024548768997192383,True
5,2368,1784808146.6546285,8,0.021699190139770508,0.0027123987674713135,True
5,2369,1784808146.6785371,8,0.0180814266204834,0.002260178327560425,True
5,2370,1784808146.6969466,8,0.019458293914794922,0.0024322867393493652,True
5,2371,1784808146.7169013,8,0.019012451171875,0.002376556396484375,True
5,2372,1784808146.736374,8,0.019675731658935547,0.0024594664573669434,True
5,2373,1784808146.7564578,8,0.02058696746826172,0.002573370933532715,True
5,2374,1784808146.7776136,8,0.019425153732299805,0.0024281442165374756,True
5,2375,1784808146.7974467,8,0.01985645294189453,0.0024820566177368164,True
5,2376,1784808146.817664,8,0.020177125930786133,0.0025221407413482666,True
5,2377,1784808146.8383164,8,0.02011871337890625,0.0025148391723632812,True
5,2378,1784808146.8587627,8,0.020379066467285156,0.0025473833084106445,True
5,2379,1784808146.8795784,8,0.02022075653076172,0.002527594566345215,True
5,2380,1784808146.9000945,8,0.01840829849243164,0.002301037311553955,True
5,2381,1784808146.9189699,8,0.01909470558166504,0.00238683819770813,True
5,2382,1784808146.9396348,8,0.021577835083007812,0.0026972293853759766,True
5,2383,1784808146.961525,8,0.02091360092163086,0.0026142001152038574,True
5,2384,1784808146.9827461,8,0.02016162872314453,0.0025202035903930664,True
5,2385,1784808147.0032818,8,0.02087879180908203,0.002609848976135254,True
5,2386,1784808147.0246403,8,0.022645235061645508,0.0028306543827056885,True
5,2387,1784808147.0476897,8,0.019044876098632812,0.0023806095123291016,True
5,2388,1784808147.0671256,8,0.020078182220458984,0.002509772777557373,True
5,2389,1784808147.0884216,8,0.01943182945251465,0.002428978681564331,True
5,2390,1784808147.1082718,8,0.019692420959472656,0.002461552619934082,True
5,2391,1784808147.1283314,8,0.021289587020874023,0.002661198377609253,True
5,2392,1784808147.1501272,8,0.02019524574279785,0.0025244057178497314,True
5,2393,1784808147.1706932,8,0.02016758918762207,0.002520948648452759,True
5,2394,1784808147.191204,8,0.0207674503326416,0.0025959312915802,True
5,2395,1784808147.21274,8,0.019011259078979492,0.0023764073848724365,True
5,2396,1784808147.232047,8,0.02124476432800293,0.002655595541000366,True
5,2397,1784808147.2537608,8,0.020021677017211914,0.0025027096271514893,True
5,2398,1784808147.2742789,8,0.020812511444091797,0.0026015639305114746,True
5,2399,1784808147.2953951,8,0.020906925201416016,0.002613365650177002,True
5,2400,1784808147.3167243,8,0.020643949508666992,0.002580493688583374,True
5,2401,1784808147.3376625,8,0.020249605178833008,0.002531200647354126,True
5,2402,1784808147.3582377,8,0.018508195877075195,0.0023135244846343994,True
5,2403,1784808147.377322,8,0.02027606964111328,0.00253450870513916,True
5,2404,1784808147.3982828,8,0.019008159637451172,0.0023760199546813965,True
5,2405,1784808147.4177022,8,0.02025890350341797,0.002532362937927246,True
5,2406,1784808147.4382854,8,0.020580768585205078,0.0025725960731506348,True
5,2407,1784808147.4592152,8,0.02056884765625,0.00257110595703125,True
5,2408,1784808147.4801786,8,0.019918441772460938,0.002489805221557617,True
5,2409,1784808147.5004585,8,0.018920183181762695,0.002365022897720337,True
5,2410,1784808147.5198648,8,0.018655061721801758,0.0023318827152252197,True
5,2411,1784808147.538939,8,0.02111673355102539,0.002639591693878174,True
5,2412,1784808147.5602937,8,0.020484209060668945,0.002560526132583618,True
5,2413,1784808147.5811746,8,0.021268844604492188,0.0026586055755615234,True
5,2414,1784808147.6031368,8,0.0181729793548584,0.0022716224193573,True
5,2415,1784808147.6223655,8,0.021585464477539062,0.002698183059692383,True
5,2416,1784808147.6444979,8,0.02108025550842285,0.0026350319385528564,True
5,2417,1784808147.667035,8,0.020104408264160156,0.0025130510330200195,True
5,2418,1784808147.6874483,8,0.020106077194213867,0.0025132596492767334,True
5,2419,1784808147.7079527,8,0.019425630569458008,0.002428203821182251,True
5,2420,1784808147.7278094,8,0.019600629806518555,0.0024500787258148193,True
5,2421,1784808147.7481008,8,0.02098703384399414,0.0026233792304992676,True
5,2422,1784808147.7700567,8,0.021654605865478516,0.0027068257331848145,True
5,2423,1784808147.792314,8,0.018680810928344727,0.002335101366043091,True
5,2424,1784808147.8114643,8,0.019585132598876953,0.002448141574859619,True
5,2425,1784808147.8316958,8,0.01853156089782715,0.0023164451122283936,True
5,2426,1784808147.8505359,8,0.020119190216064453,0.0025148987770080566,True
5,2427,1784808147.8710957,8,0.019035816192626953,0.002379477024078369,True
5,2428,1784808147.8905253,8,0.01868581771850586,0.0023357272148132324,True
5,2429,1784808147.9095662,8,0.0184786319732666,0.002309828996658325,True
5,2430,1784808147.92837,8,0.019851207733154297,0.002481400966644287,True
5,2431,1784808147.9485478,8,0.01909160614013672,0.00238645076751709,True
5,2432,1784808147.9679666,8,0.020844221115112305,0.002605527639389038,True
5,2433,1784808147.9892733,8,0.02035355567932129,0.002544194459915161,True
5,2434,1784808148.0099037,8,0.01925206184387207,0.002406507730484009,True
5,2435,1784808148.029581,8,0.02068638801574707,0.002585798501968384,True
5,2436,1784808148.0506191,8,0.02073526382446289,0.0025919079780578613,True
5,2437,1784808148.0723984,8,0.0199129581451416,0.0024891197681427,True
5,2438,1784808148.0926247,8,0.01926898956298828,0.002408623695373535,True
5,2439,1784808148.112298,8,0.019823551177978516,0.0024779438972473145,True
5,2440,1784808148.1325753,8,0.018924474716186523,0.0023655593395233154,True
5,2441,1784808148.1518154,8,0.021160364151000977,0.002645045518875122,True
5,2442,1784808148.1733112,8,0.0199434757232666,0.002492934465408325,True
5,2443,1784808148.193618,8,0.019825220108032227,0.0024781525135040283,True
5,2444,1784808148.2138672,8,0.018403291702270508,0.0023004114627838135,True
5,2445,1784808148.2326221,8,0.022448301315307617,0.002806037664413452,True
5,2446,1784808148.255824,8,0.02276325225830078,0.0028454065322875977,True
5,2447,1784808148.2791736,8,0.020127058029174805,0.0025158822536468506,True
5,2448,1784808148.2996304,8,0.01891803741455078,0.0023647546768188477,True
5,2449,1784808148.3192017,8,0.019128799438476562,0.0023910999298095703,True
5,2450,1784808148.3392284,8,0.019512176513671875,0.0024390220642089844,True
5,2451,1784808148.3598342,8,0.020872831344604492,0.0026091039180755615,True
5,2452,1784808148.381132,8,0.020370006561279297,0.002546250820159912,True
5,2453,1784808148.4019933,8,0.02046823501586914,0.0025585293769836426,True
5,2454,1784808148.4238205,8,0.02149200439453125,0.0026865005493164062,True
5,2455,1784808148.4456534,8,0.0182344913482666,0.002279311418533325,True
5,2456,1784808148.4642189,8,0.020516395568847656,0.002564549446105957,True
5,2457,1784808148.4850852,8,0.0197145938873291,0.0024643242359161377,True
5,2458,1784808148.5056105,8,0.020397663116455078,0.0025497078895568848,True
5,2459,1784808148.5268936,8,0.019858598709106445,0.0024823248386383057,True
5,2460,1784808148.5482624,8,0.01848769187927246,0.0023109614849090576,True
5,2461,1784808148.5681639,8,0.020470380783081055,0.002558797597885132,True
5,2462,1784808148.5891361,8,0.02045464515686035,0.002556830644607544,True
5,2463,1784808148.6100442,8,0.0221405029296875,0.0027675628662109375,True
5,2464,1784808148.633305,8,0.02167057991027832,0.00270882248878479,True
5,2465,1784808148.6556625,8,0.020268678665161133,0.0025335848331451416,True
5,2466,1784808148.6765883,8,0.019900083541870117,0.0024875104427337646,True
5,2467,1784808148.6968157,8,0.02110457420349121,0.0026380717754364014,True
5,2468,1784808148.7184277,8,0.018441200256347656,0.002305150032043457,True
5,2469,1784808148.7371778,8,0.02241373062133789,0.0028017163276672363,True
5,2470,1784808148.7599492,8,0.01847982406616211,0.0023099780082702637,True
5,2471,1784808148.7787871,8,0.020094871520996094,0.0025118589401245117,True
5,2472,1784808148.7992666,8,0.01945638656616211,0.0024320483207702637,True
5,2473,1784808148.8191504,8,0.021019697189331055,0.002627462148666382,True
5,2474,1784808148.8405852,8,0.018927812576293945,0.002365976572036743,True
5,2475,1784808148.8598206,8,0.018911123275756836,0.0023638904094696045,True
5,2476,1784808148.8790953,8,0.019833087921142578,0.0024791359901428223,True
5,2477,1784808148.8994567,8,0.0206754207611084,0.00258442759513855,True
5,2478,1784808148.9205527,8,0.019985198974609375,0.002498149871826172,True
5,2479,1784808148.941081,8,0.02054738998413086,0.0025684237480163574,True
5,2480,1784808148.962098,8,0.019573688507080078,0.0024467110633850098,True
5,2481,1784808148.981989,8,0.020058870315551758,0.0025073587894439697,True
5,2482,1784808149.002509,8,0.020310163497924805,0.0025387704372406006,True
5,2483,1784808149.02313,8,0.02010178565979004,0.002512723207473755,True
5,2484,1784808149.0438788,8,0.01995849609375,0.00249481201171875,True
5,2485,1784808149.0648847,8,0.021565675735473633,0.002695709466934204,True
5,2486,1784808149.0869522,8,0.019962072372436523,0.0024952590465545654,True
5,2487,1784808149.1077366,8,0.019845008850097656,0.002480626106262207,True
5,2488,1784808149.1286368,8,0.019365787506103516,0.0024207234382629395,True
5,2489,1784808149.1486526,8,0.020709514617919922,0.0025886893272399902,True
5,2490,1784808149.1697237,8,0.02104496955871582,0.0026306211948394775,True
5,2491,1784808149.1912355,8,0.020440101623535156,0.0025550127029418945,True
5,2492,1784808149.212254,8,0.020435333251953125,0.0025544166564941406,True
5,2493,1784808149.235316,8,0.019865751266479492,0.0024832189083099365,True
5,2494,1784808149.255557,8,0.019307851791381836,0.0024134814739227295,True
5,2495,1784808149.2753735,8,0.019164562225341797,0.0023955702781677246,True
5,2496,1784808149.2950733,8,0.020589351654052734,0.002573668956756592,True
5,2497,1784808149.3159704,8,0.018605947494506836,0.0023257434368133545,True
5,2498,1784808149.3348885,8,0.02707958221435547,0.0033849477767944336,True
5,2499,1784808149.3631008,8,0.020113229751586914,0.0025141537189483643,True
5,2500,1784808149.3836696,8,0.021642684936523438,0.0027053356170654297,True
5,2501,1784808149.4056888,8,0.019639968872070312,0.002454996109008789,True
5,2502,1784808149.4256728,8,0.021477937698364258,0.0026847422122955322,True
5,2503,1784808149.4482741,8,0.023133277893066406,0.0028916597366333008,True
5,2504,1784808149.4717774,8,0.01948404312133789,0.0024355053901672363,True
5,2505,1784808149.4916332,8,0.019410371780395508,0.0024262964725494385,True
5,2506,1784808149.5114598,8,0.018718957901000977,0.002339869737625122,True
5,2507,1784808149.5307431,8,0.02061915397644043,0.0025773942470550537,True
5,2508,1784808149.552526,8,0.02000570297241211,0.0025007128715515137,True
5,2509,1784808149.5729074,8,0.020843505859375,0.002605438232421875,True
5,2510,1784808149.5940874,8,0.020058155059814453,0.0025072693824768066,True
5,2511,1784808149.6145515,8,0.019661903381347656,0.002457737922668457,True
5,2512,1784808149.6346312,8,0.018675804138183594,0.0023344755172729492,True
5,2513,1784808149.6540968,8,0.0197603702545166,0.002470046281814575,True
5,2514,1784808149.6742907,8,0.018877506256103516,0.0023596882820129395,True
5,2515,1784808149.6935456,8,0.018466949462890625,0.002308368682861328,True
5,2516,1784808149.7124286,8,0.023627519607543945,0.002953439950942993,True
5,2517,1784808149.73791,8,0.018052101135253906,0.0022565126419067383,True
5,2518,1784808149.7565026,8,0.020159482955932617,0.002519935369491577,True
5,2519,1784808149.776971,8,0.019657135009765625,0.002457141876220703,True
5,2520,1784808149.79695,8,0.0191805362701416,0.0023975670337677,True
5,2521,1784808149.8165073,8,0.018536806106567383,0.002317100763320923,True
5,2522,1784808149.8353996,8,0.020708799362182617,0.002588599920272827,True
5,2523,1784808149.8564754,8,0.019009828567504883,0.0023762285709381104,True
5,2524,1784808149.875904,8,0.019834041595458984,0.002479255199432373,True
5,2525,1784808149.8960867,8,0.01963043212890625,0.0024538040161132812,True
5,2526,1784808149.9160802,8,0.020792722702026367,0.002599090337753296,True
5,2527,1784808149.9372244,8,0.020466327667236328,0.002558290958404541,True
5,2528,1784808149.9581196,8,0.021202564239501953,0.002650320529937744,True
5,2529,1784808149.9798455,8,0.017260313034057617,0.002157539129257202,True
5,2530,1784808149.9974473,8,0.020090818405151367,0.002511352300643921,True
5,2531,1784808150.0179205,8,0.02233266830444336,0.00279158353805542,True
5,2532,1784808150.0407782,8,0.017849445343017578,0.0022311806678771973,True
5,2533,1784808150.0589917,8,0.01967763900756836,0.002459704875946045,True
5,2534,1784808150.0790496,8,0.018479347229003906,0.0023099184036254883,True
5,2535,1784808150.097891,8,0.021054983139038086,0.0026318728923797607,True
5,2536,1784808150.1195023,8,0.02032303810119629,0.002540379762649536,True
5,2537,1784808150.1401844,8,0.020052671432495117,0.0025065839290618896,True
5,2538,1784808150.1606586,8,0.02004408836364746,0.0025055110454559326,True
5,2539,1784808150.1810532,8,0.019397974014282227,0.0024247467517852783,True
5,2540,1784808150.200789,8,0.02042984962463379,0.0025537312030792236,True
5,2541,1784808150.2216246,8,0.019711017608642578,0.0024638772010803223,True
5,2542,1784808150.241797,8,0.019870758056640625,0.002483844757080078,True
5,2543,1784808150.261995,8,0.019234418869018555,0.0024043023586273193,True
5,2544,1784808150.2815294,8,0.019899606704711914,0.0024874508380889893,True
5,2545,1784808150.3017461,8,0.017551660537719727,0.002193957567214966,True
5,2546,1784808150.3197937,8,0.0200803279876709,0.0025100409984588623,True
5,2547,1784808150.3401504,8,0.019293546676635742,0.0024116933345794678,True
5,2548,1784808150.3597772,8,0.019685029983520508,0.0024606287479400635,True
5,2549,1784808150.3798916,8,0.019594907760620117,0.0024493634700775146,True
5,2550,1784808150.399832,8,0.019298076629638672,0.002412259578704834,True
5,2551,1784808150.4198256,8,0.02044224739074707,0.002555280923843384,True
5,2552,1784808150.441664,8,0.02178049087524414,0.0027225613594055176,True
5,2553,1784808150.464138,8,0.018976449966430664,0.002372056245803833,True
5,2554,1784808150.4840806,8,0.020734310150146484,0.0025917887687683105,True
5,2555,1784808150.5067937,8,0.019390344619750977,0.002423793077468872,True
5,2556,1784808150.526563,8,0.02064371109008789,0.0025804638862609863,True
5,2557,1784808150.547878,8,0.01936173439025879,0.0024202167987823486,True
5,2558,1784808150.56779,8,0.021534442901611328,0.002691805362701416,True
5,2559,1784808150.5897477,8,0.019012451171875,0.002376556396484375,True
5,2560,1784808150.609428,8,0.020350933074951172,0.0025438666343688965,True
5,2561,1784808150.6305861,8,0.020801305770874023,0.002600163221359253,True
5,2562,1784808150.651785,8,0.019777774810791016,0.002472221851348877,True
5,2563,1784808150.6720898,8,0.020041942596435547,0.0025052428245544434,True
5,2564,1784808150.6934178,8,0.02305912971496582,0.0028823912143707275,True
5,2565,1784808150.716856,8,0.01996326446533203,0.002495408058166504,True
5,2566,1784808150.737256,8,0.020383119583129883,0.0025478899478912354,True
5,2567,1784808150.7579522,8,0.01880359649658203,0.002350449562072754,True
5,2568,1784808150.7772038,8,0.01834273338317871,0.002292841672897339,True
5,2569,1784808150.7958555,8,0.021729469299316406,0.0027161836624145508,True
5,2570,1784808150.8182821,8,0.02116084098815918,0.0026451051235198975,True
5,2571,1784808150.839985,8,0.01996302604675293,0.002495378255844116,True
5,2572,1784808150.860374,8,0.02010369300842285,0.0025129616260528564,True
5,2573,1784808150.88087,8,0.01974177360534668,0.002467721700668335,True
5,2574,1784808150.900929,8,0.01944708824157715,0.0024308860301971436,True
5,2575,1784808150.9208531,8,0.020112037658691406,0.0025140047073364258,True
5,2576,1784808150.941416,8,0.02018117904663086,0.0025226473808288574,True
5,2577,1784808150.9619794,8,0.018785476684570312,0.002348184585571289,True
5,2578,1784808150.9810972,8,0.0200350284576416,0.0025043785572052,True
5,2579,1784808151.0015419,8,0.02036571502685547,0.0025457143783569336,True
5,2580,1784808151.0222478,8,0.019351482391357422,0.0024189352989196777,True
5,2581,1784808151.0419466,8,0.02022862434387207,0.002528578042984009,True
5,2582,1784808151.0624852,8,0.02252030372619629,0.002815037965774536,True
5,2583,1784808151.085313,8,0.01926565170288086,0.0024082064628601074,True
5,2584,1784808151.1051564,8,0.01819753646850586,0.0022746920585632324,True
5,2585,1784808151.1237092,8,0.019375324249267578,0.0024219155311584473,True
5,2586,1784808151.1437442,8,0.01917266845703125,0.0023965835571289062,True
5,2587,1784808151.1632588,8,0.020315885543823242,0.0025394856929779053,True
5,2588,1784808151.1838765,8,0.01840519905090332,0.002300649881362915,True
5,2589,1784808151.2026284,8,0.021247386932373047,0.002655923366546631,True
5,2590,1784808151.2255876,8,0.01875138282775879,0.0023439228534698486,True
5,2591,1784808151.2461963,8,0.0194244384765625,0.0024280548095703125,True
5,2592,1784808151.2662485,8,0.020478487014770508,0.0025598108768463135,True
5,2593,1784808151.287223,8,0.019526004791259766,0.0024407505989074707,True
5,2594,1784808151.307047,8,0.020865917205810547,0.0026082396507263184,True
5,2595,1784808151.3284912,8,0.018706321716308594,0.0023382902145385742,True
5,2596,1784808151.347759,8,0.0216827392578125,0.0027103424072265625,True
5,2597,1784808151.3698168,8,0.019505977630615234,0.0024382472038269043,True
5,2598,1784808151.3896008,8,0.02063918113708496,0.00257989764213562,True
5,2599,1784808151.410691,8,0.018618106842041016,0.002327263355255127,True
5,2600,1784808151.4299994,8,0.01946568489074707,0.002433210611343384,True
5,2601,1784808151.451465,8,0.020104169845581055,0.002513021230697632,True
5,2602,1784808151.4722438,8,0.017522335052490234,0.0021902918815612793,True
5,2603,1784808151.4900577,8,0.01894664764404297,0.002368330955505371,True
5,2604,1784808151.509341,8,0.020313024520874023,0.002539128065109253,True
5,2605,1784808151.5299618,8,0.019711017608642578,0.0024638772010803223,True
5,2606,1784808151.5499852,8,0.02117443084716797,0.002646803855895996,True
5,2607,1784808151.5715053,8,0.019888639450073242,0.0024860799312591553,True
5,2608,1784808151.5916698,8,0.0197141170501709,0.0024642646312713623,True
5,2609,1784808151.61221,8,0.021169185638427734,0.002646148204803467,True
5,2610,1784808151.6338885,8,0.018625736236572266,0.002328217029571533,True
5,2611,1784808151.6537852,8,0.019087791442871094,0.0023859739303588867,True
5,2612,1784808151.6734743,8,0.01995372772216797,0.002494215965270996,True
5,2613,1784808151.6938803,8,0.02143073081970215,0.0026788413524627686,True
5,2614,1784808151.715881,8,0.01928997039794922,0.0024112462997436523,True
5,2615,1784808151.7355707,8,0.019826889038085938,0.002478361129760742,True
5,2616,1784808151.7558105,8,0.01835012435913086,0.0022937655448913574,True
5,2617,1784808151.774588,8,0.021080970764160156,0.0026351213455200195,True
5,2618,1784808151.7960467,8,0.020756959915161133,0.0025946199893951416,True
5,2619,1784808151.81719,8,0.01922297477722168,0.00240287184715271,True
5,2620,1784808151.8368082,8,0.021175622940063477,0.0026469528675079346,True
5,2621,1784808151.8583827,8,0.020509004592895508,0.0025636255741119385,True
5,2622,1784808151.8792667,8,0.019273042678833008,0.002409130334854126,True
5,2623,1784808151.8989077,8,0.021352291107177734,0.002669036388397217,True
5,2624,1784808151.9206102,8,0.019832372665405273,0.002479046583175659,True
5,2625,1784808151.9408078,8,0.02094101905822754,0.0026176273822784424,True
5,2626,1784808151.9622223,8,0.01905202865600586,0.0023815035820007324,True
5,2627,1784808151.9816904,8,0.02170538902282715,0.0027131736278533936,True
5,2628,1784808152.003797,8,0.019649505615234375,0.002456188201904297,True
5,2629,1784808152.023888,8,0.021605730056762695,0.002700716257095337,True
5,2630,1784808152.0463107,8,0.019513845443725586,0.0024392306804656982,True
5,2631,1784808152.0661464,8,0.020125865936279297,0.002515733242034912,True
5,2632,1784808152.08655,8,0.01966118812561035,0.002457648515701294,True
5,2633,1784808152.1079419,8,0.0189816951751709,0.0023727118968963623,True
5,2634,1784808152.1273198,8,0.019078969955444336,0.002384871244430542,True
5,2635,1784808152.1467597,8,0.02010631561279297,0.002513289451599121,True
5,2636,1784808152.1672332,8,0.021661758422851562,0.0027077198028564453,True
5,2637,1784808152.1898012,8,0.018939495086669922,0.0023674368858337402,True
5,2638,1784808152.2097406,8,0.02266526222229004,0.002833157777786255,True
5,2639,1784808152.232801,8,0.01956009864807129,0.002445012331008911,True
5,2640,1784808152.2529874,8,0.020330429077148438,0.0025413036346435547,True
5,2641,1784808152.2735968,8,0.019499778747558594,0.0024374723434448242,True
5,2642,1784808152.293438,8,0.020196914672851562,0.0025246143341064453,True
5,2643,1784808152.3139946,8,0.019271373748779297,0.002408921718597412,True
5,2644,1784808152.3336036,8,0.0201876163482666,0.002523452043533325,True
5,2645,1784808152.3541343,8,0.02003955841064453,0.0025049448013305664,True
5,2646,1784808152.374442,8,0.020131826400756836,0.0025164783000946045,True
5,2647,1784808152.394957,8,0.017848730087280273,0.002231091260910034,True
5,2648,1784808152.4132326,8,0.01821589469909668,0.002276986837387085,True
5,2649,1784808152.432217,8,0.01929450035095215,0.0024118125438690186,True
5,2650,1784808152.4518135,8,0.019707918167114258,0.0024634897708892822,True
5,2651,1784808152.4719696,8,0.020014524459838867,0.0025018155574798584,True
5,2652,1784808152.4923518,8,0.020263195037841797,0.0025328993797302246,True
5,2653,1784808152.512945,8,0.020843505859375,0.002605438232421875,True
5,2654,1784808152.5342274,8,0.01831221580505371,0.002289026975631714,True
5,2655,1784808152.553017,8,0.019583940505981445,0.0024479925632476807,True
5,2656,1784808152.5730777,8,0.0191192626953125,0.0023899078369140625,True
5,2657,1784808152.5925546,8,0.021092891693115234,0.0026366114616394043,True
5,2658,1784808152.6140695,8,0.019394397735595703,0.002424299716949463,True
5,2659,1784808152.6338584,8,0.018303632736206055,0.002287954092025757,True
5,2660,1784808152.6527278,8,0.02059459686279297,0.002574324607849121,True
5,2661,1784808152.6736574,8,0.019925355911254883,0.0024906694889068604,True
5,2662,1784808152.693912,8,0.020446300506591797,0.0025557875633239746,True
5,2663,1784808152.7150373,8,0.019202709197998047,0.002400338649749756,True
5,2664,1784808152.7346702,8,0.021982431411743164,0.0027478039264678955,True
5,2665,1784808152.757756,8,0.01938605308532715,0.0024232566356658936,True
5,2666,1784808152.7775114,8,0.0213623046875,0.0026702880859375,True
5,2667,1784808152.7993717,8,0.01989459991455078,0.0024868249893188477,True
5,2668,1784808152.819665,8,0.017992019653320312,0.002249002456665039,True
5,2669,1784808152.8380346,8,0.02068305015563965,0.002585381269454956,True
5,2670,1784808152.8592181,8,0.018486976623535156,0.0023108720779418945,True
5,2671,1784808152.8789408,8,0.02093195915222168,0.00261649489402771,True
5,2672,1784808152.9006112,8,0.019199848175048828,0.0023999810218811035,True
5,2673,1784808152.9202266,8,0.01917433738708496,0.00239679217338562,True
5,2674,1784808152.9398153,8,0.0198514461517334,0.002481430768966675,True
5,2675,1784808152.9600065,8,0.020860910415649414,0.0026076138019561768,True
5,2676,1784808152.9812655,8,0.020375728607177734,0.002546966075897217,True
5,2677,1784808153.0019352,8,0.020613431930541992,0.002576678991317749,True
5,2678,1784808153.0229185,8,0.019189834594726562,0.0023987293243408203,True
5,2679,1784808153.0425906,8,0.019074678421020508,0.0023843348026275635,True
5,2680,1784808153.061959,8,0.018720149993896484,0.0023400187492370605,True
5,2681,1784808153.0810676,8,0.019091367721557617,0.002386420965194702,True
5,2682,1784808153.1006093,8,0.020294904708862305,0.002536863088607788,True
5,2683,1784808153.1213832,8,0.019471406936645508,0.0024339258670806885,True
5,2684,1784808153.1415591,8,0.01837635040283203,0.002297043800354004,True
5,2685,1784808153.160376,8,0.01947641372680664,0.00243455171585083,True
5,2686,1784808153.180267,8,0.01953411102294922,0.0024417638778686523,True
5,2687,1784808153.2002943,8,0.020143747329711914,0.0025179684162139893,True
5,2688,1784808153.2208257,8,0.019693851470947266,0.002461731433868408,True
5,2689,1784808153.240827,8,0.019266366958618164,0.0024082958698272705,True
5,2690,1784808153.2603788,8,0.01939082145690918,0.0024238526821136475,True
5,2691,1784808153.280062,8,0.019551992416381836,0.0024439990520477295,True
5,2692,1784808153.3000762,8,0.02058887481689453,0.0025736093521118164,True
5,2693,1784808153.3209872,8,0.0213015079498291,0.0026626884937286377,True
5,2694,1784808153.3427358,8,0.018590211868286133,0.0023237764835357666,True
5,2695,1784808153.3617978,8,0.020482301712036133,0.0025602877140045166,True
5,2696,1784808153.382706,8,0.0200650691986084,0.00250813364982605,True
5,2697,1784808153.4031234,8,0.019365549087524414,0.0024206936359405518,True
5,2698,1784808153.4227927,8,0.020092487335205078,0.0025115609169006348,True
5,2699,1784808153.4432795,8,0.022727012634277344,0.002840876579284668,True
5,2700,1784808153.4664311,8,0.01931595802307129,0.002414494752883911,True
5,2701,1784808153.4862025,8,0.019089221954345703,0.002386152744293213,True
5,2702,1784808153.5057175,8,0.01992964744567871,0.002491205930709839,True
5,2703,1784808153.526054,8,0.0202786922454834,0.002534836530685425,True
5,2704,1784808153.5466769,8,0.019160985946655273,0.002395123243331909,True
5,2705,1784808153.566208,8,0.02172064781188965,0.002715080976486206,True
5,2706,1784808153.5882654,8,0.01873040199279785,0.0023413002490997314,True
5,2707,1784808153.607604,8,0.0198209285736084,0.00247761607170105,True
5,2708,1784808153.6278188,8,0.020649433135986328,0.002581179141998291,True
5,2709,1784808153.6488748,8,0.01974654197692871,0.002468317747116089,True
5,2710,1784808153.669134,8,0.020816564559936523,0.0026020705699920654,True
5,2711,1784808153.690699,8,0.02036905288696289,0.0025461316108703613,True
5,2712,1784808153.7122445,8,0.01925063133239746,0.0024063289165496826,True
5,2713,1784808153.7320497,8,0.01918339729309082,0.0023979246616363525,True
5,2714,1784808153.752236,8,0.020278215408325195,0.0025347769260406494,True
5,2715,1784808153.7728229,8,0.019331693649291992,0.002416461706161499,True
5,2716,1784808153.7937458,8,0.019533395767211914,0.0024416744709014893,True
5,2717,1784808153.8137343,8,0.01946711540222168,0.00243338942527771,True
5,2718,1784808153.8335,8,0.019565343856811523,0.0024456679821014404,True
5,2719,1784808153.8534014,8,0.01846480369567871,0.002308100461959839,True
5,2720,1784808153.872163,8,0.020823240280151367,0.002602905035018921,True
5,2721,1784808153.8933902,8,0.020856142044067383,0.002607017755508423,True
5,2722,1784808153.9146051,8,0.01950359344482422,0.0024379491806030273,True
5,2723,1784808153.9344254,8,0.01861882209777832,0.00232735276222229,True
5,2724,1784808153.9534438,8,0.01880669593811035,0.002350836992263794,True
5,2725,1784808153.9728003,8,0.020381450653076172,0.0025476813316345215,True
5,2726,1784808153.9935265,8,0.01892566680908203,0.002365708351135254,True
5,2727,1784808154.0128036,8,0.020751237869262695,0.002593904733657837,True
5,2728,1784808154.0338812,8,0.019106388092041016,0.002388298511505127,True
5,2729,1784808154.0537598,8,0.01949620246887207,0.002437025308609009,True
5,2730,1784808154.07367,8,0.018224477767944336,0.002278059720993042,True
5,2731,1784808154.0922945,8,0.01885247230529785,0.0023565590381622314,True
5,2732,1784808154.1115046,8,0.01947164535522461,0.002433955669403076,True
5,2733,1784808154.1313372,8,0.01755833625793457,0.0021947920322418213,True
5,2734,1784808154.149337,8,0.020287275314331055,0.002535909414291382,True
5,2735,1784808154.1700146,8,0.018680095672607422,0.0023350119590759277,True
5,2736,1784808154.1893384,8,0.018245458602905273,0.002280682325363159,True
5,2737,1784808154.2079232,8,0.020313739776611328,0.002539217472076416,True
5,2738,1784808154.228875,8,0.020955801010131836,0.0026194751262664795,True
5,2739,1784808154.250259,8,0.020428895950317383,0.002553611993789673,True
5,2740,1784808154.271052,8,0.01922893524169922,0.0024036169052124023,True
5,2741,1784808154.290539,8,0.019188404083251953,0.002398550510406494,True
5,2742,1784808154.310179,8,0.020899057388305664,0.002612382173538208,True
5,2743,1784808154.3316395,8,0.01900625228881836,0.002375781536102295,True
5,2744,1784808154.351075,8,0.020137310028076172,0.0025171637535095215,True
5,2745,1784808154.371621,8,0.01965785026550293,0.002457231283187866,True
5,2746,1784808154.3916762,8,0.019464969635009766,0.0024331212043762207,True
5,2747,1784808154.4115405,8,0.01914691925048828,0.002393364906311035,True
5,2748,1784808154.4311297,8,0.019364595413208008,0.002420574426651001,True
5,2749,1784808154.4508462,8,0.01991581916809082,0.0024894773960113525,True
5,2750,1784808154.4710875,8,0.0187225341796875,0.0023403167724609375,True
5,2751,1784808154.4901125,8,0.021549224853515625,0.002693653106689453,True
5,2752,1784808154.5120358,8,0.01977086067199707,0.002471357583999634,True
5,2753,1784808154.5321293,8,0.02032184600830078,0.0025402307510375977,True
5,2754,1784808154.552747,8,0.018822669982910156,0.0023528337478637695,True
5,2755,1784808154.5719151,8,0.02024245262145996,0.002530306577682495,True
5,2756,1784808154.5924387,8,0.02032327651977539,0.002540409564971924,True
5,2757,1784808154.6133356,8,0.021267414093017578,0.0026584267616271973,True
5,2758,1784808154.634985,8,0.018795013427734375,0.002349376678466797,True
5,2759,1784808154.6541026,8,0.02018260955810547,0.0025228261947631836,True
5,2760,1784808154.6752934,8,0.018475055694580078,0.0023093819618225098,True
5,2761,1784808154.6943808,8,0.02121567726135254,0.0026519596576690674,True
5,2762,1784808154.7160876,8,0.018824100494384766,0.0023530125617980957,True
5,2763,1784808154.7352808,8,0.020485877990722656,0.002560734748840332,True
5,2764,1784808154.7562244,8,0.01826024055480957,0.0022825300693511963,True
5,2765,1784808154.7748795,8,0.021110057830810547,0.0026387572288513184,True
5,2766,1784808154.7967148,8,0.018841028213500977,0.002355128526687622,True
5,2767,1784808154.8158982,8,0.022095203399658203,0.0027619004249572754,True
5,2768,1784808154.8383389,8,0.018050432205200195,0.0022563040256500244,True
5,2769,1784808154.8568854,8,0.018953323364257812,0.0023691654205322266,True
5,2770,1784808154.8762639,8,0.02093648910522461,0.002617061138153076,True
5,2771,1784808154.8976817,8,0.019730329513549805,0.0024662911891937256,True
5,2772,1784808154.917928,8,0.02261638641357422,0.0028270483016967773,True
5,2773,1784808154.940844,8,0.01925802230834961,0.002407252788543701,True
5,2774,1784808154.9612315,8,0.018850088119506836,0.0023562610149383545,True
5,2775,1784808154.9803536,8,0.019895553588867188,0.0024869441986083984,True
5,2776,1784808155.000533,8,0.02189946174621582,0.0027374327182769775,True
5,2777,1784808155.0227604,8,0.01602029800415039,0.002002537250518799,True
5,2778,1784808155.039141,8,0.021644115447998047,0.002705514430999756,True
5,2779,1784808155.0611997,8,0.01894354820251465,0.002367943525314331,True
5,2780,1784808155.0805082,8,0.020185470581054688,0.002523183822631836,True
5,2781,1784808155.1010919,8,0.019093990325927734,0.002386748790740967,True
5,2782,1784808155.1205056,8,0.019017696380615234,0.0023772120475769043,True
5,2783,1784808155.140237,8,0.020324230194091797,0.0025405287742614746,True
5,2784,1784808155.1611845,8,0.019220352172851562,0.0024025440216064453,True
5,2785,1784808155.1808033,8,0.02044820785522461,0.002556025981903076,True
5,2786,1784808155.202136,8,0.021378517150878906,0.0026723146438598633,True
5,2787,1784808155.2242858,8,0.020302772521972656,0.002537846565246582,True
5,2788,1784808155.2448704,8,0.019347190856933594,0.0024183988571166992,True
5,2789,1784808155.264508,8,0.020054101943969727,0.002506762742996216,True
5,2790,1784808155.2848854,8,0.019119977951049805,0.0023899972438812256,True
5,2791,1784808155.304442,8,0.01907801628112793,0.002384752035140991,True
5,2792,1784808155.3239195,8,0.019823074340820312,0.002477884292602539,True
5,2793,1784808155.3440123,8,0.021711349487304688,0.002713918685913086,True
5,2794,1784808155.3661494,8,0.02039933204650879,0.0025499165058135986,True
5,2795,1784808155.3869417,8,0.020000457763671875,0.0025000572204589844,True
5,2796,1784808155.4074194,8,0.01997685432434082,0.0024971067905426025,True
5,2797,1784808155.4278786,8,0.020114898681640625,0.002514362335205078,True
5,2798,1784808155.4488068,8,0.019855737686157227,0.0024819672107696533,True
5,2799,1784808155.4693854,8,0.018711328506469727,0.002338916063308716,True
5,2800,1784808155.4884713,8,0.019500732421875,0.002437591552734375,True
5,2801,1784808155.5083306,8,0.020053386688232422,0.0025066733360290527,True
5,2802,1784808155.5287051,8,0.020145416259765625,0.002518177032470703,True
5,2803,1784808155.549408,8,0.019865036010742188,0.0024831295013427734,True
5,2804,1784808155.5698688,8,0.020735502243041992,0.002591937780380249,True
5,2805,1784808155.591161,8,0.020403385162353516,0.0025504231452941895,True
5,2806,1784808155.6118882,8,0.019933462142944336,0.002491682767868042,True
5,2807,1784808155.6321628,8,0.019955158233642578,0.0024943947792053223,True
5,2808,1784808155.6525059,8,0.01950550079345703,0.002438187599182129,True
5,2809,1784808155.672436,8,0.019434690475463867,0.0024293363094329834,True
5,2810,1784808155.692284,8,0.02254009246826172,0.002817511558532715,True
5,2811,1784808155.7152715,8,0.018884897232055664,0.002360612154006958,True
5,2812,1784808155.7345922,8,0.019988536834716797,0.0024985671043395996,True
5,2813,1784808155.7549667,8,0.01927351951599121,0.0024091899394989014,True
5,2814,1784808155.775011,8,0.019210338592529297,0.002401292324066162,True
5,2815,1784808155.7948105,8,0.019698381423950195,0.0024622976779937744,True
5,2816,1784808155.8155813,8,0.019710302352905273,0.002463787794113159,True
5,2817,1784808155.835615,8,0.019724607467651367,0.002465575933456421,True
5,2818,1784808155.8557482,8,0.01996016502380371,0.002495020627975464,True
5,2819,1784808155.875986,8,0.01933121681213379,0.0024164021015167236,True
5,2820,1784808155.8955996,8,0.019736051559448242,0.0024670064449310303,True
5,2821,1784808155.9162304,8,0.02035045623779297,0.002543807029724121,True
5,2822,1784808155.9368691,8,0.021300792694091797,0.0026625990867614746,True
5,2823,1784808155.958625,8,0.019181489944458008,0.002397686243057251,True
5,2824,1784808155.9783523,8,0.018837928771972656,0.002354741096496582,True
5,2825,1784808155.9975288,8,0.020743131637573242,0.0025928914546966553,True
5,2826,1784808156.0185432,8,0.01889801025390625,0.0023622512817382812,True
5,2827,1784808156.0377195,8,0.02033209800720215,0.0025415122509002686,True
5,2828,1784808156.0586095,8,0.01845264434814453,0.0023065805435180664,True
5,2829,1784808156.077439,8,0.021811962127685547,0.0027264952659606934,True
5,2830,1784808156.0995405,8,0.01879405975341797,0.002349257469177246,True
5,2831,1784808156.1187313,8,0.021188974380493164,0.0026486217975616455,True
5,2832,1784808156.1401997,8,0.018815994262695312,0.002351999282836914,True
5,2833,1784808156.1594179,8,0.024173974990844727,0.003021746873855591,True
5,2834,1784808156.1839728,8,0.014737367630004883,0.0018421709537506104,True
5,2835,1784808156.1991513,8,0.01963186264038086,0.0024539828300476074,True
5,2836,1784808156.219071,8,0.023479223251342773,0.0029349029064178467,True
5,2837,1784808156.2437031,8,0.01927328109741211,0.0024091601371765137,True
5,2838,1784808156.2634313,8,0.019127845764160156,0.0023909807205200195,True
5,2839,1784808156.283392,8,0.02008795738220215,0.0025109946727752686,True
5,2840,1784808156.303893,8,0.020334720611572266,0.002541840076446533,True
5,2841,1784808156.3246229,8,0.019207000732421875,0.0024008750915527344,True
5,2842,1784808156.34416,8,0.020410537719726562,0.0025513172149658203,True
5,2843,1784808156.3649514,8,0.0215606689453125,0.0026950836181640625,True
5,2844,1784808156.3869267,8,0.01992058753967285,0.0024900734424591064,True
5,2845,1784808156.407205,8,0.01946425437927246,0.0024330317974090576,True
5,2846,1784808156.4272773,8,0.01905655860900879,0.0023820698261260986,True
5,2847,1784808156.4467847,8,0.020302772521972656,0.002537846565246582,True
5,2848,1784808156.4673703,8,0.0207216739654541,0.0025902092456817627,True
5,2849,1784808156.488381,8,0.020481109619140625,0.002560138702392578,True
5,2850,1784808156.5091991,8,0.018736600875854492,0.0023420751094818115,True
5,2851,1784808156.5283177,8,0.01936793327331543,0.0024209916591644287,True
5,2852,1784808156.5483134,8,0.020504474639892578,0.0025630593299865723,True
5,2853,1784808156.5696838,8,0.019855260848999023,0.002481907606124878,True
5,2854,1784808156.5901153,8,0.020901203155517578,0.0026126503944396973,True
5,2855,1784808156.6116076,8,0.01773691177368164,0.002217113971710205,True
5,2856,1784808156.629771,8,0.019838809967041016,0.002479851245880127,True
5,2857,1784808156.6503298,8,0.02150702476501465,0.002688378095626831,True
5,2858,1784808156.6724129,8,0.01972031593322754,0.0024650394916534424,True
5,2859,1784808156.692682,8,0.020677804946899414,0.0025847256183624268,True
5,2860,1784808156.7137725,8,0.01968097686767578,0.0024601221084594727,True
5,2861,1784808156.7337859,8,0.021389007568359375,0.002673625946044922,True
5,2862,1784808156.7554553,8,0.021176576614379883,0.0026470720767974854,True
5,2863,1784808156.7775738,8,0.02288508415222168,0.00286063551902771,True
5,2864,1784808156.8014488,8,0.014226198196411133,0.0017782747745513916,True
5,2865,1784808156.816006,8,0.01898813247680664,0.00237351655960083,True
5,2866,1784808156.8354335,8,0.020149707794189453,0.0025187134742736816,True
5,2867,1784808156.8559866,8,0.018767356872558594,0.0023459196090698242,True
5,2868,1784808156.8750408,8,0.02139592170715332,0.002674490213394165,True
5,2869,1784808156.8967862,8,0.020037174224853516,0.0025046467781066895,True
5,2870,1784808156.9172628,8,0.02073836326599121,0.0025922954082489014,True
5,2871,1784808156.9383032,8,0.020676374435424805,0.0025845468044281006,True
5,2872,1784808156.9594707,8,0.01915431022644043,0.0023942887783050537,True
5,2873,1784808156.9789302,8,0.019239187240600586,0.0024048984050750732,True
5,2874,1784808156.998459,8,0.021213531494140625,0.002651691436767578,True
5,2875,1784808157.0200038,8,0.018778562545776367,0.002347320318222046,True
5,2876,1784808157.0390568,8,0.020087718963623047,0.002510964870452881,True
5,2877,1784808157.0595505,8,0.020004987716674805,0.0025006234645843506,True
5,2878,1784808157.079925,8,0.01992058753967285,0.0024900734424591064,True
5,2879,1784808157.1002486,8,0.02109670639038086,0.0026370882987976074,True
5,2880,1784808157.121778,8,0.021318674087524414,0.0026648342609405518,True
5,2881,1784808157.1435308,8,0.018250226974487305,0.002281278371810913,True
5,2882,1784808157.1620584,8,0.019489765167236328,0.002436220645904541,True
5,2883,1784808157.1818628,8,0.01964092254638672,0.00245511531829834,True
5,2884,1784808157.2019322,8,0.021076679229736328,0.002634584903717041,True
5,2885,1784808157.2233405,8,0.01990222930908203,0.002487778663635254,True
5,2886,1784808157.243537,8,0.017652511596679688,0.002206563949584961,True
5,2887,1784808157.2615607,8,0.0192716121673584,0.0024089515209198,True
5,2888,1784808157.2812,8,0.018650293350219727,0.002331286668777466,True
5,2889,1784808157.3003078,8,0.021230220794677734,0.002653777599334717,True
5,2890,1784808157.321902,8,0.019853591918945312,0.002481698989868164,True
5,2891,1784808157.3421247,8,0.018355846405029297,0.002294480800628662,True
5,2892,1784808157.3607638,8,0.019724607467651367,0.002465575933456421,True
5,2893,1784808157.3808246,8,0.017520666122436523,0.0021900832653045654,True
5,2894,1784808157.398622,8,0.02032017707824707,0.002540022134780884,True
5,2895,1784808157.4199955,8,0.02095627784729004,0.002619534730911255,True
5,2896,1784808157.4412994,8,0.019350767135620117,0.0024188458919525146,True
5,2897,1784808157.4609237,8,0.01981949806213379,0.0024774372577667236,True
5,2898,1784808157.4818857,8,0.019945859909057617,0.002493232488632202,True
5,2899,1784808157.50217,8,0.019900083541870117,0.0024875104427337646,True
5,2900,1784808157.5224552,8,0.02073502540588379,0.0025918781757354736,True
5,2901,1784808157.543498,8,0.018109798431396484,0.0022637248039245605,True
5,2902,1784808157.561866,8,0.01841449737548828,0.002301812171936035,True
5,2903,1784808157.5810742,8,0.019625186920166016,0.002453148365020752,True
5,2904,1784808157.6010923,8,0.018183469772338867,0.0022729337215423584,True
5,2905,1784808157.6197102,8,0.019823789596557617,0.002477973699569702,True
5,2906,1784808157.639968,8,0.018387317657470703,0.002298414707183838,True
5,2907,1784808157.6588848,8,0.01854872703552246,0.0023185908794403076,True
5,2908,1784808157.6778429,8,0.019429445266723633,0.002428680658340454,True
5,2909,1784808157.6978064,8,0.018767356872558594,0.0023459196090698242,True
5,2910,1784808157.71692,8,0.01934361457824707,0.002417951822280884,True
5,2911,1784808157.7366476,8,0.02226710319519043,0.0027833878993988037,True
5,2912,1784808157.7592947,8,0.019551992416381836,0.0024439990520477295,True
5,2913,1784808157.779739,8,0.019278287887573242,0.0024097859859466553,True
5,2914,1784808157.7994611,8,0.02013373374938965,0.002516716718673706,True
5,2915,1784808157.8201675,8,0.019467830657958984,0.002433478832244873,True
5,2916,1784808157.8400881,8,0.018664836883544922,0.0023331046104431152,True
5,2917,1784808157.8592649,8,0.019154071807861328,0.002394258975982666,True
5,2918,1784808157.878812,8,0.024872541427612305,0.003109067678451538,True
5,2919,1784808157.9040904,8,0.016196489334106445,0.0020245611667633057,True
5,2920,1784808157.9206362,8,0.019556283950805664,0.002444535493850708,True
5,2921,1784808157.940649,8,0.01972198486328125,0.0024652481079101562,True
5,2922,1784808157.960857,8,0.01862025260925293,0.002327531576156616,True
5,2923,1784808157.9797604,8,0.018526077270507812,0.0023157596588134766,True
5,2924,1784808157.9987621,8,0.017963886260986328,0.002245485782623291,True
5,2925,1784808158.0170963,8,0.018278121948242188,0.0022847652435302734,True
5,2926,1784808158.0357187,8,0.01936197280883789,0.0024202466011047363,True
5,2927,1784808158.0555508,8,0.017796039581298828,0.0022245049476623535,True
5,2928,1784808158.0737367,8,0.017580509185791016,0.002197563648223877,True
5,2929,1784808158.0916553,8,0.015330076217651367,0.001916259527206421,True
5,2930,1784808158.1075978,8,0.0168154239654541,0.0021019279956817627,True
5,2931,1784808158.1248024,8,0.01731419563293457,0.0021642744541168213,True
5,2932,1784808158.1425414,8,0.017531156539916992,0.002191394567489624,True
5,2933,1784808158.1603746,8,0.014373302459716797,0.0017966628074645996,True
