process_id,batch_id,timestamp,batch_size,batch_time_seconds,avg_query_time_seconds,success
3,1,1784808098.0754943,8,0.00531768798828125,0.0006647109985351562,True
3,2,1784808098.0818975,8,0.005772113800048828,0.0007215142250061035,True
3,3,1784808098.0880675,8,0.005505084991455078,0.0006881356239318848,True
3,4,1784808098.0940175,8,0.00610041618347168,0.00076255202293396,True
3,5,1784808098.1006963,8,0.005322933197021484,0.0006653666496276855,True
3,6,1784808098.1067398,8,0.005097627639770508,0.0006372034549713135,True
3,7,1784808098.1122086,8,0.0060882568359375,0.0007610321044921875,True
3,8,1784808098.1187425,8,0.005349397659301758,0.0006686747074127197,True
3,9,1784808098.124543,8,0.0050508975982666016,0.0006313621997833252,True
3,10,1784808098.130487,8,0.005613803863525391,0.0007017254829406738,True
3,11,1784808098.13734,8,0.0056879520416259766,0.0007109940052032471,True
3,12,1784808098.1434426,8,0.006358146667480469,0.0007947683334350586,True
3,13,1784808098.150403,8,0.006544828414916992,0.000818103551864624,True
3,14,1784808098.1575603,8,0.0059239864349365234,0.0007404983043670654,True
3,15,1784808098.1641867,8,0.005694866180419922,0.0007118582725524902,True
3,16,1784808098.1708255,8,0.006276369094848633,0.0007845461368560791,True
3,17,1784808098.1780512,8,0.006300210952758789,0.0007875263690948486,True
3,18,1784808098.1850297,8,0.00617527961730957,0.0007719099521636963,True
3,19,1784808098.1916893,8,0.0063245296478271484,0.0007905662059783936,True
3,20,1784808098.198383,8,0.007512569427490234,0.0009390711784362793,True
3,21,1784808098.206349,8,0.006682634353637695,0.0008353292942047119,True
3,22,1784808098.2134302,8,0.007297039031982422,0.0009121298789978027,True
3,23,1784808098.2216017,8,0.0072515010833740234,0.0009064376354217529,True
3,24,1784808098.2294474,8,0.00625300407409668,0.000781625509262085,True
3,25,1784808098.2364001,8,0.007155656814575195,0.0008944571018218994,True
3,26,1784808098.2440343,8,0.007465839385986328,0.000933229923248291,True
3,27,1784808098.2522051,8,0.006569623947143555,0.0008212029933929443,True
3,28,1784808098.259423,8,0.007968664169311523,0.0009960830211639404,True
3,29,1784808098.2684736,8,0.007180929183959961,0.0008976161479949951,True
3,30,1784808098.276203,8,0.007299661636352539,0.0009124577045440674,True
3,31,1784808098.2843072,8,0.006436347961425781,0.0008045434951782227,True
3,32,1784808098.2916014,8,0.0059528350830078125,0.0007441043853759766,True
3,33,1784808098.298346,8,0.0069658756256103516,0.0008707344532012939,True
3,34,1784808098.3063636,8,0.008252382278442383,0.0010315477848052979,True
3,35,1784808098.3153818,8,0.007781267166137695,0.0009726583957672119,True
3,36,1784808098.3237803,8,0.0073201656341552734,0.0009150207042694092,True
3,37,1784808098.3317516,8,0.008313417434692383,0.0010391771793365479,True
3,38,1784808098.3408558,8,0.007706642150878906,0.0009633302688598633,True
3,39,1784808098.3514426,8,0.0059108734130859375,0.0007388591766357422,True
3,40,1784808098.3584116,8,0.00800323486328125,0.0010004043579101562,True
3,41,1784808098.3682525,8,0.0060634613037109375,0.0007579326629638672,True
3,42,1784808098.3751805,8,0.007581233978271484,0.0009476542472839355,True
3,43,1784808098.3833668,8,0.008938312530517578,0.0011172890663146973,True
3,44,1784808098.3929973,8,0.008519887924194336,0.001064985990524292,True
3,45,1784808098.4045343,8,0.008666753768920898,0.0010833442211151123,True
3,46,1784808098.413885,8,0.008476495742797852,0.0010595619678497314,True
3,47,1784808098.4240458,8,0.008039236068725586,0.0010049045085906982,True
3,48,1784808098.4330943,8,0.008783817291259766,0.0010979771614074707,True
3,49,1784808098.4428227,8,0.010098457336425781,0.0012623071670532227,True
3,50,1784808098.4542766,8,0.009728670120239258,0.0012160837650299072,True
3,51,1784808098.4650123,8,0.012043237686157227,0.0015054047107696533,True
3,52,1784808098.4775012,8,0.00973653793334961,0.0012170672416687012,True
3,53,1784808098.4877954,8,0.009032487869262695,0.001129060983657837,True
3,54,1784808098.498469,8,0.009777307510375977,0.001222163438796997,True
3,55,1784808098.5098739,8,0.009689569473266602,0.0012111961841583252,True
3,56,1784808098.5201914,8,0.011864423751831055,0.0014830529689788818,True
3,57,1784808098.5332139,8,0.010283708572387695,0.001285463571548462,True
3,58,1784808098.544598,8,0.011965751647949219,0.0014957189559936523,True
3,59,1784808098.5589256,8,0.008263111114501953,0.0010328888893127441,True
3,60,1784808098.575632,8,0.00823521614074707,0.0010294020175933838,True
3,61,1784808098.5846176,8,0.00885772705078125,0.0011072158813476562,True
3,62,1784808098.6030777,8,0.012290239334106445,0.0015362799167633057,True
3,63,1784808098.6218462,8,0.008561372756958008,0.001070171594619751,True
3,64,1784808098.6349344,8,0.011511802673339844,0.0014389753341674805,True
3,65,1784808098.6496098,8,0.009819984436035156,0.0012274980545043945,True
3,66,1784808098.6649625,8,0.009113788604736328,0.001139223575592041,True
3,67,1784808098.681715,8,0.01087498664855957,0.0013593733310699463,True
3,68,1784808098.6935956,8,0.012331724166870117,0.0015414655208587646,True
3,69,1784808098.7074773,8,0.012343883514404297,0.0015429854393005371,True
3,70,1784808098.7214537,8,0.013405561447143555,0.0016756951808929443,True
3,71,1784808098.735731,8,0.01696634292602539,0.002120792865753174,True
3,72,1784808098.764255,8,0.0078887939453125,0.0009860992431640625,True
3,73,1784808098.7823074,8,0.0070111751556396484,0.0008763968944549561,True
3,74,1784808098.8033562,8,0.006307363510131836,0.0007884204387664795,True
3,75,1784808098.8188076,8,0.007718324661254883,0.0009647905826568604,True
3,76,1784808098.8393993,8,0.008796930313110352,0.001099616289138794,True
3,77,1784808098.858482,8,0.007905006408691406,0.0009881258010864258,True
3,78,1784808098.8839357,8,0.008338212966918945,0.0010422766208648682,True
3,79,1784808098.9032483,8,0.009160518646240234,0.0011450648307800293,True
3,80,1784808098.9308698,8,0.008630037307739258,0.0010787546634674072,True
3,81,1784808098.9522724,8,0.010278463363647461,0.0012848079204559326,True
3,82,1784808098.9815981,8,0.008993387222290039,0.0011241734027862549,True
3,83,1784808099.0010636,8,0.013927221298217773,0.0017409026622772217,True
3,84,1784808099.025594,8,0.00726318359375,0.00090789794921875,True
3,85,1784808099.0487845,8,0.008308172225952148,0.0010385215282440186,True
3,86,1784808099.0732496,8,0.008556842803955078,0.0010696053504943848,True
3,87,1784808099.090795,8,0.010218143463134766,0.0012772679328918457,True
3,88,1784808099.1172545,8,0.00726628303527832,0.00090828537940979,True
3,89,1784808099.1393526,8,0.00857996940612793,0.0010724961757659912,True
3,90,1784808099.1609352,8,0.008823394775390625,0.0011029243469238281,True
3,91,1784808099.184364,8,0.006184577941894531,0.0007730722427368164,True
3,92,1784808099.1994946,8,0.010657787322998047,0.0013322234153747559,True
3,93,1784808099.2266927,8,0.006439685821533203,0.0008049607276916504,True
3,94,1784808099.2427585,8,0.008237123489379883,0.0010296404361724854,True
3,95,1784808099.262825,8,0.018261194229125977,0.002282649278640747,True
3,96,1784808099.2826793,8,0.018160343170166016,0.002270042896270752,True
3,97,1784808099.3014424,8,0.02160787582397461,0.002700984477996826,True
3,98,1784808099.323978,8,0.019654035568237305,0.002456754446029663,True
3,99,1784808099.3504004,8,0.015041589736938477,0.0018801987171173096,True
3,100,1784808099.3732085,8,0.013972759246826172,0.0017465949058532715,True
3,101,1784808099.388324,8,0.019969940185546875,0.0024962425231933594,True
3,102,1784808099.40898,8,0.018741369247436523,0.0023426711559295654,True
3,103,1784808099.4293258,8,0.018969297409057617,0.002371162176132202,True
3,104,1784808099.4504032,8,0.018976449966430664,0.002372056245803833,True
3,105,1784808099.4704468,8,0.018131017684936523,0.0022663772106170654,True
3,106,1784808099.4891217,8,0.019561767578125,0.002445220947265625,True
3,107,1784808099.509372,8,0.0216062068939209,0.0027007758617401123,True
3,108,1784808099.5500505,8,0.006745576858520508,0.0008431971073150635,True
3,109,1784808099.5697834,8,0.0099639892578125,0.0012454986572265625,True
3,110,1784808099.584356,8,0.01593756675720215,0.0019921958446502686,True
3,111,1784808099.6009188,8,0.019527912139892578,0.0024409890174865723,True
3,112,1784808099.6217918,8,0.021086931228637695,0.002635866403579712,True
3,113,1784808099.6439483,8,0.020534276962280273,0.002566784620285034,True
3,114,1784808099.6649225,8,0.02004265785217285,0.0025053322315216064,True
3,115,1784808099.685918,8,0.019679784774780273,0.002459973096847534,True
3,116,1784808099.706323,8,0.01965188980102539,0.002456486225128174,True
3,117,1784808099.7264652,8,0.021328449249267578,0.0026660561561584473,True
3,118,1784808099.748306,8,0.017576932907104492,0.0021971166133880615,True
3,119,1784808099.7665408,8,0.019294261932373047,0.002411782741546631,True
3,120,1784808099.7864664,8,0.02031421661376953,0.0025392770767211914,True
3,121,1784808099.8074088,8,0.01980423927307129,0.002475529909133911,True
3,122,1784808099.8277543,8,0.020284175872802734,0.002535521984100342,True
3,123,1784808099.848746,8,0.019455909729003906,0.0024319887161254883,True
3,124,1784808099.8689733,8,0.0196835994720459,0.0024604499340057373,True
3,125,1784808099.88907,8,0.02108931541442871,0.002636164426803589,True
3,126,1784808099.9107027,8,0.02108001708984375,0.0026350021362304688,True
3,127,1784808099.9330974,8,0.01962423324584961,0.002453029155731201,True
3,128,1784808099.9531815,8,0.020020723342895508,0.0025025904178619385,True
3,129,1784808099.9739058,8,0.020741701126098633,0.002592712640762329,True
3,130,1784808099.996014,8,0.017949819564819336,0.002243727445602417,True
3,131,1784808100.0143034,8,0.019772052764892578,0.0024715065956115723,True
3,132,1784808100.034481,8,0.018682479858398438,0.0023353099822998047,True
3,133,1784808100.0535476,8,0.018749237060546875,0.0023436546325683594,True
3,134,1784808100.07367,8,0.0164339542388916,0.00205424427986145,True
3,135,1784808100.092563,8,0.017882108688354492,0.0022352635860443115,True
3,136,1784808100.1109738,8,0.017410755157470703,0.002176344394683838,True
3,137,1784808100.1291587,8,0.019148826599121094,0.0023936033248901367,True
3,138,1784808100.148737,8,0.018748044967651367,0.002343505620956421,True
3,139,1784808100.1682596,8,0.02045130729675293,0.002556413412094116,True
3,140,1784808100.1890433,8,0.01902627944946289,0.0023782849311828613,True
3,141,1784808100.2085302,8,0.01984715461730957,0.0024808943271636963,True
3,142,1784808100.2288482,8,0.020565509796142578,0.0025706887245178223,True
3,143,1784808100.2497892,8,0.019191503524780273,0.002398937940597534,True
3,144,1784808100.2693334,8,0.01804971694946289,0.0022562146186828613,True
3,145,1784808100.2877414,8,0.020707130432128906,0.0025883913040161133,True
3,146,1784808100.3095105,8,0.01802659034729004,0.002253323793411255,True
3,147,1784808100.327832,8,0.019745349884033203,0.0024681687355041504,True
3,148,1784808100.3478935,8,0.01986241340637207,0.002482801675796509,True
3,149,1784808100.368131,8,0.019849777221679688,0.002481222152709961,True
3,150,1784808100.3883512,8,0.022864818572998047,0.002858102321624756,True
3,151,1784808100.4116867,8,0.021364688873291016,0.002670586109161377,True
3,152,1784808100.4336512,8,0.01710677146911621,0.0021383464336395264,True
3,153,1784808100.4511418,8,0.01869344711303711,0.0023366808891296387,True
3,154,1784808100.4702673,8,0.020140886306762695,0.002517610788345337,True
3,155,1784808100.4906929,8,0.021022796630859375,0.002627849578857422,True
3,156,1784808100.5121613,8,0.018533945083618164,0.0023167431354522705,True
3,157,1784808100.5312128,8,0.02016758918762207,0.002520948648452759,True
3,158,1784808100.5519292,8,0.02046370506286621,0.0025579631328582764,True
3,159,1784808100.5727503,8,0.018735885620117188,0.0023419857025146484,True
3,160,1784808100.591838,8,0.0197906494140625,0.0024738311767578125,True
3,161,1784808100.6119852,8,0.01964545249938965,0.002455681562423706,True
3,162,1784808100.634743,8,0.01648259162902832,0.00206032395362854,True
3,163,1784808100.6542294,8,0.016682147979736328,0.002085268497467041,True
3,164,1784808100.6716623,8,0.020330429077148438,0.0025413036346435547,True
3,165,1784808100.6928022,8,0.020426034927368164,0.0025532543659210205,True
3,166,1784808100.7137718,8,0.019281864166259766,0.0024102330207824707,True
3,167,1784808100.7337797,8,0.019826889038085938,0.002478361129760742,True
3,168,1784808100.7546463,8,0.019452810287475586,0.0024316012859344482,True
3,169,1784808100.7745385,8,0.02179408073425293,0.002724260091781616,True
3,170,1784808100.7973413,8,0.018856525421142578,0.0023570656776428223,True
3,171,1784808100.8165817,8,0.0195004940032959,0.0024375617504119873,True
3,172,1784808100.8365128,8,0.02084040641784668,0.002605050802230835,True
3,173,1784808100.8591154,8,0.019118070602416992,0.002389758825302124,True
3,174,1784808100.879104,8,0.019555330276489258,0.0024444162845611572,True
3,175,1784808100.899652,8,0.019196748733520508,0.0023995935916900635,True
3,176,1784808100.9192085,8,0.01953434944152832,0.00244179368019104,True
3,177,1784808100.9391968,8,0.019672870635986328,0.002459108829498291,True
3,178,1784808100.9601262,8,0.019835948944091797,0.0024794936180114746,True
3,179,1784808100.9804027,8,0.020449399948120117,0.0025561749935150146,True
3,180,1784808101.001282,8,0.023510456085205078,0.0029388070106506348,True
3,181,1784808101.026391,8,0.019291162490844727,0.002411395311355591,True
3,182,1784808101.0461094,8,0.0202486515045166,0.002531081438064575,True
3,183,1784808101.0667548,8,0.02166748046875,0.00270843505859375,True
3,184,1784808101.0893128,8,0.0196225643157959,0.0024528205394744873,True
3,185,1784808101.1094022,8,0.019848346710205078,0.0024810433387756348,True
3,186,1784808101.1296878,8,0.02038884162902832,0.00254860520362854,True
3,187,1784808101.1514952,8,0.020987749099731445,0.0026234686374664307,True
3,188,1784808101.1729379,8,0.0185546875,0.0023193359375,True
3,189,1784808101.1918592,8,0.02074456214904785,0.0025930702686309814,True
3,190,1784808101.2131033,8,0.01915884017944336,0.00239485502243042,True
3,191,1784808101.2330198,8,0.018910884857177734,0.002363860607147217,True
3,192,1784808101.2530658,8,0.01770782470703125,0.0022134780883789062,True
3,193,1784808101.2711473,8,0.019591093063354492,0.0024488866329193115,True
3,194,1784808101.2911339,8,0.021281957626342773,0.0026602447032928467,True
3,195,1784808101.314004,8,0.01988959312438965,0.002486199140548706,True
3,196,1784808101.3353734,8,0.020813941955566406,0.0026017427444458008,True
3,197,1784808101.3567395,8,0.019724607467651367,0.002465575933456421,True
3,198,1784808101.376787,8,0.021172523498535156,0.0026465654373168945,True
3,199,1784808101.3986785,8,0.020447731018066406,0.0025559663772583008,True
3,200,1784808101.419605,8,0.018905162811279297,0.002363145351409912,True
3,201,1784808101.4390836,8,0.01982426643371582,0.0024780333042144775,True
3,202,1784808101.4596689,8,0.023661375045776367,0.002957671880722046,True
3,203,1784808101.4844086,8,0.01888895034790039,0.002361118793487549,True
3,204,1784808101.504101,8,0.018388032913208008,0.002298504114151001,True
3,205,1784808101.5229692,8,0.021861791610717773,0.0027327239513397217,True
3,206,1784808101.5451443,8,0.021865367889404297,0.002733170986175537,True
3,207,1784808101.5674548,8,0.02289295196533203,0.002861618995666504,True
3,208,1784808101.591196,8,0.019477128982543945,0.002434641122817993,True
3,209,1784808101.6125746,8,0.01921868324279785,0.0024023354053497314,True
3,210,1784808101.632121,8,0.021722078323364258,0.0027152597904205322,True
3,211,1784808101.6542463,8,0.019812345504760742,0.0024765431880950928,True
3,212,1784808101.6746068,8,0.019465208053588867,0.0024331510066986084,True
3,213,1784808101.6944275,8,0.02062249183654785,0.0025778114795684814,True
3,214,1784808101.7154353,8,0.020526647567749023,0.002565830945968628,True
3,215,1784808101.7365572,8,0.02024388313293457,0.0025304853916168213,True
3,216,1784808101.757179,8,0.019823789596557617,0.002477973699569702,True
3,217,1784808101.7774084,8,0.01920604705810547,0.0024007558822631836,True
3,218,1784808101.7975695,8,0.023404598236083984,0.002925574779510498,True
3,219,1784808101.821409,8,0.018906354904174805,0.0023632943630218506,True
3,220,1784808101.8410196,8,0.019350528717041016,0.002418816089630127,True
3,221,1784808101.8607333,8,0.019745349884033203,0.0024681687355041504,True
3,222,1784808101.8809159,8,0.020353317260742188,0.0025441646575927734,True
3,223,1784808101.9018807,8,0.019825220108032227,0.0024781525135040283,True
3,224,1784808101.9222991,8,0.019620895385742188,0.0024526119232177734,True
3,225,1784808101.9432328,8,0.02015233039855957,0.0025190412998199463,True
3,226,1784808101.9640386,8,0.019469261169433594,0.0024336576461791992,True
3,227,1784808101.9841378,8,0.02200913429260254,0.0027511417865753174,True
3,228,1784808102.0069392,8,0.020502805709838867,0.0025628507137298584,True
3,229,1784808102.0280688,8,0.020891666412353516,0.0026114583015441895,True
3,230,1784808102.0496528,8,0.02087998390197754,0.0026099979877471924,True
3,231,1784808102.0709734,8,0.018944501876831055,0.002368062734603882,True
3,232,1784808102.0905447,8,0.020977258682250977,0.002622157335281372,True
3,233,1784808102.1126153,8,0.019664525985717773,0.0024580657482147217,True
3,234,1784808102.132653,8,0.01954817771911621,0.0024435222148895264,True
3,235,1784808102.1528664,8,0.0192873477935791,0.0024109184741973877,True
3,236,1784808102.1728866,8,0.02440953254699707,0.003051191568374634,True
3,237,1784808102.197828,8,0.01627492904663086,0.0020343661308288574,True
3,238,1784808102.2144523,8,0.019415855407714844,0.0024269819259643555,True
3,239,1784808102.2349873,8,0.019648313522338867,0.0024560391902923584,True
3,240,1784808102.2552252,8,0.02023029327392578,0.0025287866592407227,True
3,241,1784808102.2759752,8,0.0194394588470459,0.0024299323558807373,True
3,242,1784808102.2961738,8,0.020980119705200195,0.0026225149631500244,True
3,243,1784808102.3177226,8,0.02118992805480957,0.0026487410068511963,True
3,244,1784808102.3393488,8,0.020558595657348633,0.002569824457168579,True
3,245,1784808102.360435,8,0.019982099533081055,0.002497762441635132,True
3,246,1784808102.3808181,8,0.020189285278320312,0.002523660659790039,True
3,247,1784808102.4023247,8,0.019113540649414062,0.002389192581176758,True
3,248,1784808102.421928,8,0.02092146873474121,0.0026151835918426514,True
3,249,1784808102.4433484,8,0.018923044204711914,0.0023653805255889893,True
3,250,1784808102.4628518,8,0.020673751831054688,0.002584218978881836,True
3,251,1784808102.483985,8,0.022077322006225586,0.0027596652507781982,True
3,252,1784808102.507137,8,0.018451452255249023,0.002306431531906128,True
3,253,1784808102.5266368,8,0.019791364669799805,0.0024739205837249756,True
3,254,1784808102.547007,8,0.02028203010559082,0.0025352537631988525,True
3,255,1784808102.5675874,8,0.020035982131958008,0.002504497766494751,True
3,256,1784808102.5879097,8,0.02065896987915039,0.002582371234893799,True
3,257,1784808102.6090012,8,0.019822359085083008,0.002477794885635376,True
3,258,1784808102.6292636,8,0.0203704833984375,0.0025463104248046875,True
3,259,1784808102.6500707,8,0.020116806030273438,0.0025146007537841797,True
3,260,1784808102.670738,8,0.021719694137573242,0.0027149617671966553,True
3,261,1784808102.6928618,8,0.019565820693969727,0.002445727586746216,True
3,262,1784808102.712792,8,0.020656585693359375,0.002582073211669922,True
3,263,1784808102.733816,8,0.019788265228271484,0.0024735331535339355,True
3,264,1784808102.753964,8,0.021674633026123047,0.002709329128265381,True
3,265,1784808102.776306,8,0.020667552947998047,0.002583444118499756,True
3,266,1784808102.7974422,8,0.021635770797729492,0.0027044713497161865,True
3,267,1784808102.8196132,8,0.01939558982849121,0.0024244487285614014,True
3,268,1784808102.839479,8,0.020987749099731445,0.0026234686374664307,True
3,269,1784808102.8620765,8,0.021281957626342773,0.0026602447032928467,True
3,270,1784808102.8839588,8,0.01830005645751953,0.0022875070571899414,True
3,271,1784808102.9056172,8,0.019582271575927734,0.002447783946990967,True
3,272,1784808102.9259646,8,0.019361257553100586,0.0024201571941375732,True
3,273,1784808102.9458327,8,0.020611286163330078,0.0025764107704162598,True
3,274,1784808102.9671736,8,0.02161884307861328,0.00270235538482666,True
3,275,1784808102.9894805,8,0.018261432647705078,0.0022826790809631348,True
3,276,1784808103.0080495,8,0.0200958251953125,0.0025119781494140625,True
3,277,1784808103.028539,8,0.021352052688598633,0.002669006586074829,True
3,278,1784808103.0502408,8,0.020412445068359375,0.002551555633544922,True
3,279,1784808103.0716074,8,0.0189969539642334,0.002374619245529175,True
3,280,1784808103.0910075,8,0.02105116844177246,0.0026313960552215576,True
3,281,1784808103.1125598,8,0.0196988582611084,0.00246235728263855,True
3,282,1784808103.1326778,8,0.020224809646606445,0.0025281012058258057,True
3,283,1784808103.1544154,8,0.02094721794128418,0.0026184022426605225,True
3,284,1784808103.1757815,8,0.01934981346130371,0.002418726682662964,True
3,285,1784808103.1955848,8,0.018879175186157227,0.0023598968982696533,True
3,286,1784808103.2152722,8,0.02046942710876465,0.002558678388595581,True
3,287,1784808103.236069,8,0.019570112228393555,0.0024462640285491943,True
3,288,1784808103.2559025,8,0.02092885971069336,0.00261610746383667,True
3,289,1784808103.2772822,8,0.02012014389038086,0.0025150179862976074,True
3,290,1784808103.2978535,8,0.01965498924255371,0.002456873655319214,True
3,291,1784808103.31779,8,0.01921367645263672,0.00240170955657959,True
3,292,1784808103.3374355,8,0.02139115333557129,0.002673894166946411,True
3,293,1784808103.359452,8,0.020334243774414062,0.002541780471801758,True
3,294,1784808103.3802161,8,0.02130579948425293,0.002663224935531616,True
3,295,1784808103.4019728,8,0.01963496208190918,0.0024543702602386475,True
3,296,1784808103.4219024,8,0.020473957061767578,0.0025592446327209473,True
3,297,1784808103.4427557,8,0.020702123641967773,0.0025877654552459717,True
3,298,1784808103.463753,8,0.02125382423400879,0.0026567280292510986,True
3,299,1784808103.485359,8,0.018922805786132812,0.0023653507232666016,True
3,300,1784808103.5046723,8,0.01992058753967285,0.0024900734424591064,True
3,301,1784808103.524974,8,0.01859879493713379,0.0023248493671417236,True
3,302,1784808103.5438817,8,0.020261764526367188,0.0025327205657958984,True
3,303,1784808103.5645397,8,0.01907205581665039,0.002384006977081299,True
3,304,1784808103.5839682,8,0.021379470825195312,0.002672433853149414,True
3,305,1784808103.6058,8,0.019613981246948242,0.0024517476558685303,True
3,306,1784808103.625757,8,0.01888275146484375,0.0023603439331054688,True
3,307,1784808103.645076,8,0.02024984359741211,0.0025312304496765137,True
3,308,1784808103.6658764,8,0.02242445945739746,0.0028030574321746826,True
3,309,1784808103.6885629,8,0.019949913024902344,0.002493739128112793,True
3,310,1784808103.7088835,8,0.021538972854614258,0.0026923716068267822,True
3,311,1784808103.7307086,8,0.01935601234436035,0.002419501543045044,True
3,312,1784808103.7504454,8,0.020758867263793945,0.002594858407974243,True
3,313,1784808103.771484,8,0.020364046096801758,0.0025455057621002197,True
3,314,1784808103.7921576,8,0.01881098747253418,0.0023513734340667725,True
3,315,1784808103.8117824,8,0.01877140998840332,0.002346426248550415,True
3,316,1784808103.8308856,8,0.01999211311340332,0.002499014139175415,True
3,317,1784808103.8511972,8,0.020374774932861328,0.002546846866607666,True
3,318,1784808103.8726614,8,0.02007317543029785,0.0025091469287872314,True
3,319,1784808103.8935463,8,0.025608539581298828,0.0032010674476623535,True
3,320,1784808103.9207706,8,0.017627716064453125,0.0022034645080566406,True
3,321,1784808103.938899,8,0.019832372665405273,0.002479046583175659,True
3,322,1784808103.9590354,8,0.019532442092895508,0.0024415552616119385,True
3,323,1784808103.9789515,8,0.0204164981842041,0.0025520622730255127,True
3,324,1784808103.999758,8,0.019796133041381836,0.0024745166301727295,True
3,325,1784808104.0198307,8,0.020085811614990234,0.0025107264518737793,True
3,326,1784808104.0403383,8,0.020991802215576172,0.0026239752769470215,True
3,327,1784808104.061673,8,0.019790172576904297,0.002473771572113037,True
3,328,1784808104.0817595,8,0.020196199417114258,0.0025245249271392822,True
3,329,1784808104.1024134,8,0.02111196517944336,0.00263899564743042,True
3,330,1784808104.1238174,8,0.019380569458007812,0.0024225711822509766,True
3,331,1784808104.1437442,8,0.019875288009643555,0.0024844110012054443,True
3,332,1784808104.1639185,8,0.02070021629333496,0.00258752703666687,True
3,333,1784808104.184964,8,0.018115997314453125,0.0022644996643066406,True
3,334,1784808104.2034554,8,0.021384716033935547,0.0026730895042419434,True
3,335,1784808104.225196,8,0.019608259201049805,0.0024510324001312256,True
3,336,1784808104.245191,8,0.019147872924804688,0.002393484115600586,True
3,337,1784808104.2648294,8,0.020354747772216797,0.0025443434715270996,True
3,338,1784808104.285592,8,0.02020263671875,0.00252532958984375,True
3,339,1784808104.3061233,8,0.019835233688354492,0.0024794042110443115,True
3,340,1784808104.326311,8,0.018624067306518555,0.0023280084133148193,True
3,341,1784808104.3453023,8,0.01957225799560547,0.0024465322494506836,True
3,342,1784808104.3652332,8,0.021428346633911133,0.0026785433292388916,True
3,343,1784808104.3869872,8,0.021053314208984375,0.002631664276123047,True
3,344,1784808104.408312,8,0.01920008659362793,0.002400010824203491,True
3,345,1784808104.427946,8,0.019433021545410156,0.0024291276931762695,True
3,346,1784808104.4483461,8,0.01996588706970215,0.0024957358837127686,True
3,347,1784808104.4686759,8,0.02385425567626953,0.0029817819595336914,True
3,348,1784808104.4934044,8,0.02039957046508789,0.0025499463081359863,True
3,349,1784808104.5141437,8,0.019955158233642578,0.0024943947792053223,True
3,350,1784808104.534472,8,0.01975250244140625,0.0024690628051757812,True
3,351,1784808104.5547168,8,0.019549846649169922,0.0024437308311462402,True
3,352,1784808104.574581,8,0.020625829696655273,0.002578228712081909,True
3,353,1784808104.595568,8,0.01949596405029297,0.002436995506286621,True
3,354,1784808104.6154833,8,0.01947951316833496,0.00243493914604187,True
3,355,1784808104.635337,8,0.021262407302856445,0.0026578009128570557,True
3,356,1784808104.6569192,8,0.019966840744018555,0.0024958550930023193,True
3,357,1784808104.6775892,8,0.020113706588745117,0.0025142133235931396,True
3,358,1784808104.6985178,8,0.018660306930541992,0.002332538366317749,True
3,359,1784808104.7175524,8,0.019924163818359375,0.002490520477294922,True
3,360,1784808104.7383754,8,0.01918792724609375,0.0023984909057617188,True
3,361,1784808104.7578514,8,0.02033543586730957,0.0025419294834136963,True
3,362,1784808104.7785323,8,0.019683122634887695,0.002460390329360962,True
3,363,1784808104.79978,8,0.020953655242919922,0.0026192069053649902,True
3,364,1784808104.821127,8,0.020218849182128906,0.0025273561477661133,True
3,365,1784808104.8417246,8,0.01854252815246582,0.0023178160190582275,True
3,366,1784808104.8607433,8,0.02032017707824707,0.002540022134780884,True
3,367,1784808104.8814354,8,0.019073486328125,0.002384185791015625,True
3,368,1784808104.900893,8,0.019942045211791992,0.002492755651473999,True
3,369,1784808104.92126,8,0.01857733726501465,0.002322167158126831,True
3,370,1784808104.9404547,8,0.019797086715698242,0.0024746358394622803,True
3,371,1784808104.960539,8,0.020164966583251953,0.002520620822906494,True
3,372,1784808104.981674,8,0.01987171173095703,0.002483963966369629,True
3,373,1784808105.002014,8,0.022165775299072266,0.002770721912384033,True
3,374,1784808105.0250762,8,0.018880605697631836,0.0023600757122039795,True
3,375,1784808105.0445359,8,0.022226333618164062,0.002778291702270508,True
3,376,1784808105.067234,8,0.021390914916992188,0.0026738643646240234,True
3,377,1784808105.0890036,8,0.020661115646362305,0.002582639455795288,True
3,378,1784808105.1102893,8,0.019260644912719727,0.002407580614089966,True
3,379,1784808105.1300693,8,0.01944112777709961,0.002430140972137451,True
3,380,1784808105.1499066,8,0.019735097885131836,0.0024668872356414795,True
3,381,1784808105.1699777,8,0.02022409439086914,0.0025280117988586426,True
3,382,1784808105.1904976,8,0.02033686637878418,0.0025421082973480225,True
3,383,1784808105.211184,8,0.018696069717407227,0.0023370087146759033,True
3,384,1784808105.2302282,8,0.02046823501586914,0.0025585293769836426,True
3,385,1784808105.2510676,8,0.019019603729248047,0.002377450466156006,True
3,386,1784808105.2704144,8,0.02054572105407715,0.0025682151317596436,True
3,387,1784808105.2913918,8,0.018735885620117188,0.0023419857025146484,True
3,388,1784808105.3104854,8,0.02021503448486328,0.00252687931060791,True
3,389,1784808105.3310447,8,0.020792007446289062,0.002599000930786133,True
3,390,1784808105.3524065,8,0.019036531448364258,0.0023795664310455322,True
3,391,1784808105.3717766,8,0.020754098892211914,0.0025942623615264893,True
3,392,1784808105.3928797,8,0.022336483001708984,0.002792060375213623,True
3,393,1784808105.415549,8,0.020235300064086914,0.0025294125080108643,True
3,394,1784808105.4361205,8,0.01979660987854004,0.002474576234817505,True
3,395,1784808105.4562747,8,0.01846003532409668,0.002307504415512085,True
3,396,1784808105.4751356,8,0.019344091415405273,0.002418011426925659,True
3,397,1784808105.4948132,8,0.020827770233154297,0.002603471279144287,True
3,398,1784808105.5160189,8,0.01980280876159668,0.002475351095199585,True
3,399,1784808105.5372367,8,0.01858806610107422,0.0023235082626342773,True
3,400,1784808105.5566452,8,0.01975226402282715,0.0024690330028533936,True
3,401,1784808105.576979,8,0.019209861755371094,0.0024012327194213867,True
3,402,1784808105.596929,8,0.01942610740661621,0.0024282634258270264,True
3,403,1784808105.6169257,8,0.018212318420410156,0.0022765398025512695,True
3,404,1784808105.635424,8,0.020471572875976562,0.0025589466094970703,True
3,405,1784808105.6564934,8,0.02047443389892578,0.0025593042373657227,True
3,406,1784808105.678167,8,0.01893329620361328,0.00236666202545166,True
3,407,1784808105.6975102,8,0.018950700759887695,0.002368837594985962,True
3,408,1784808105.7173686,8,0.020114421844482422,0.0025143027305603027,True
3,409,1784808105.7381296,8,0.020139217376708984,0.002517402172088623,True
3,410,1784808105.758845,8,0.01907801628112793,0.002384752035140991,True
3,411,1784808105.7784717,8,0.01980876922607422,0.0024760961532592773,True
3,412,1784808105.7985861,8,0.020528078079223633,0.002566009759902954,True
3,413,1784808105.8194501,8,0.01919388771057129,0.002399235963821411,True
3,414,1784808105.8390853,8,0.020566463470458984,0.002570807933807373,True
3,415,1784808105.860175,8,0.020144224166870117,0.0025180280208587646,True
3,416,1784808105.88085,8,0.018881797790527344,0.002360224723815918,True
3,417,1784808105.9003327,8,0.020824909210205078,0.0026031136512756348,True
3,418,1784808105.9217956,8,0.020015954971313477,0.0025019943714141846,True
3,419,1784808105.942069,8,0.02034759521484375,0.0025434494018554688,True
3,420,1784808105.9627771,8,0.020646333694458008,0.002580791711807251,True
3,421,1784808105.9839902,8,0.018863677978515625,0.002357959747314453,True
3,422,1784808106.0031996,8,0.019196271896362305,0.002399533987045288,True
3,423,1784808106.0236478,8,0.018906354904174805,0.0023632943630218506,True
3,424,1784808106.0436409,8,0.019930124282836914,0.0024912655353546143,True
3,425,1784808106.064286,8,0.02020859718322754,0.0025260746479034424,True
3,426,1784808106.0855813,8,0.020622968673706055,0.002577871084213257,True
3,427,1784808106.1068168,8,0.019873857498168945,0.002484232187271118,True
3,428,1784808106.1271317,8,0.01961970329284668,0.002452462911605835,True
3,429,1784808106.1479154,8,0.019283056259155273,0.002410382032394409,True
3,430,1784808106.1675994,8,0.020264863967895508,0.0025331079959869385,True
3,431,1784808106.1882696,8,0.01996135711669922,0.0024951696395874023,True
3,432,1784808106.2088976,8,0.021242141723632812,0.0026552677154541016,True
3,433,1784808106.2310472,8,0.01932382583618164,0.002415478229522705,True
3,434,1784808106.250817,8,0.01967310905456543,0.0024591386318206787,True
3,435,1784808106.2709005,8,0.024494171142578125,0.0030617713928222656,True
3,436,1784808106.296877,8,0.017977476119995117,0.0022471845149993896,True
3,437,1784808106.3151567,8,0.020185232162475586,0.0025231540203094482,True
3,438,1784808106.3358476,8,0.0193483829498291,0.0024185478687286377,True
3,439,1784808106.3554935,8,0.0224151611328125,0.0028018951416015625,True
3,440,1784808106.3785229,8,0.018344640731811523,0.0022930800914764404,True
3,441,1784808106.3973055,8,0.02010178565979004,0.002512723207473755,True
3,442,1784808106.4178689,8,0.020830869674682617,0.002603858709335327,True
3,443,1784808106.439326,8,0.0172727108001709,0.0021590888500213623,True
3,444,1784808106.4570115,8,0.022257328033447266,0.002782166004180908,True
3,445,1784808106.4805207,8,0.020153522491455078,0.0025191903114318848,True
3,446,1784808106.5010757,8,0.023413419723510742,0.0029266774654388428,True
3,447,1784808106.5248454,8,0.022097349166870117,0.0027621686458587646,True
3,448,1784808106.5474632,8,0.021157503128051758,0.0026446878910064697,True
3,449,1784808106.5695622,8,0.01886272430419922,0.0023578405380249023,True
3,450,1784808106.59042,8,0.019392728805541992,0.002424091100692749,True
3,451,1784808106.6102014,8,0.018918991088867188,0.0023648738861083984,True
3,452,1784808106.6307564,8,0.022662639617919922,0.0028328299522399902,True
3,453,1784808106.6544294,8,0.019916772842407227,0.0024895966053009033,True
3,454,1784808106.674829,8,0.02226710319519043,0.0027833878993988037,True
3,455,1784808106.6974905,8,0.020681142807006836,0.0025851428508758545,True
3,456,1784808106.7188199,8,0.019706010818481445,0.0024632513523101807,True
3,457,1784808106.7392542,8,0.0193936824798584,0.0024242103099823,True
3,458,1784808106.7593384,8,0.020476341247558594,0.0025595426559448242,True
3,459,1784808106.7808652,8,0.019171953201293945,0.002396494150161743,True
3,460,1784808106.8004425,8,0.021475553512573242,0.0026844441890716553,True
3,461,1784808106.8222783,8,0.020519256591796875,0.0025649070739746094,True
3,462,1784808106.8431087,8,0.01956939697265625,0.0024461746215820312,True
3,463,1784808106.8629882,8,0.024588823318481445,0.0030736029148101807,True
3,464,1784808106.8878655,8,0.01727128028869629,0.002158910036087036,True
3,465,1784808106.9055302,8,0.019799232482910156,0.0024749040603637695,True
3,466,1784808106.9258645,8,0.019716739654541016,0.002464592456817627,True
3,467,1784808106.9461436,8,0.01919865608215332,0.002399832010269165,True
3,468,1784808106.9661002,8,0.020614147186279297,0.002576768398284912,True
3,469,1784808106.9870973,8,0.019504547119140625,0.002438068389892578,True
3,470,1784808107.0072377,8,0.019256591796875,0.002407073974609375,True
3,471,1784808107.0272017,8,0.020334720611572266,0.002541840076446533,True
3,472,1784808107.047947,8,0.020404338836669922,0.0025505423545837402,True
3,473,1784808107.06881,8,0.02053976058959961,0.002567470073699951,True
3,474,1784808107.0911362,8,0.01817941665649414,0.0022724270820617676,True
3,475,1784808107.1101954,8,0.01983928680419922,0.0024799108505249023,True
3,476,1784808107.1308393,8,0.0214996337890625,0.0026874542236328125,True
3,477,1784808107.152846,8,0.01949930191040039,0.002437412738800049,True
3,478,1784808107.1728802,8,0.01855158805847168,0.00231894850730896,True
3,479,1784808107.191864,8,0.019562482833862305,0.002445310354232788,True
3,480,1784808107.2117772,8,0.020366668701171875,0.0025458335876464844,True
3,481,1784808107.23249,8,0.019340991973876953,0.002417623996734619,True
3,482,1784808107.2523558,8,0.019573211669921875,0.0024466514587402344,True
3,483,1784808107.2723348,8,0.01929473876953125,0.0024118423461914062,True
3,484,1784808107.2919707,8,0.019474029541015625,0.002434253692626953,True
3,485,1784808107.311764,8,0.019697189331054688,0.002462148666381836,True
3,486,1784808107.33179,8,0.02043294906616211,0.0025541186332702637,True
3,487,1784808107.352653,8,0.02014946937561035,0.002518683671951294,True
3,488,1784808107.3731487,8,0.01992964744567871,0.002491205930709839,True
3,489,1784808107.3934023,8,0.0191190242767334,0.002389878034591675,True
3,490,1784808107.4130461,8,0.02033090591430664,0.00254136323928833,True
3,491,1784808107.433679,8,0.018781661987304688,0.002347707748413086,True
3,492,1784808107.4532685,8,0.022478103637695312,0.002809762954711914,True
3,493,1784808107.4762359,8,0.020406007766723633,0.002550750970840454,True
3,494,1784808107.4973075,8,0.023755550384521484,0.0029694437980651855,True
3,495,1784808107.521347,8,0.0177156925201416,0.0022144615650177,True
3,496,1784808107.5393054,8,0.02149510383605957,0.0026868879795074463,True
3,497,1784808107.5611424,8,0.0194852352142334,0.002435654401779175,True
3,498,1784808107.5809674,8,0.020278215408325195,0.0025347769260406494,True
3,499,1784808107.60165,8,0.020323991775512695,0.002540498971939087,True
3,500,1784808107.6224372,8,0.019407272338867188,0.0024259090423583984,True
3,501,1784808107.6423156,8,0.019718647003173828,0.0024648308753967285,True
3,502,1784808107.662403,8,0.020671606063842773,0.0025839507579803467,True
3,503,1784808107.6834538,8,0.01918482780456543,0.0023981034755706787,True
3,504,1784808107.702899,8,0.020723819732666016,0.002590477466583252,True
3,505,1784808107.7239287,8,0.021088838577270508,0.0026361048221588135,True
3,506,1784808107.7453418,8,0.019289016723632812,0.0024111270904541016,True
3,507,1784808107.7667606,8,0.019511938095092773,0.0024389922618865967,True
3,508,1784808107.786689,8,0.019217729568481445,0.0024022161960601807,True
3,509,1784808107.8066256,8,0.018857240676879883,0.0023571550846099854,True
3,510,1784808107.826368,8,0.020001649856567383,0.002500206232070923,True
3,511,1784808107.846698,8,0.019730567932128906,0.0024663209915161133,True
3,512,1784808107.8667586,8,0.019522905349731445,0.0024403631687164307,True
3,513,1784808107.8865736,8,0.023056983947753906,0.0028821229934692383,True
3,514,1784808107.9100142,8,0.01891326904296875,0.0023641586303710938,True
3,515,1784808107.9294763,8,0.02069711685180664,0.00258713960647583,True
3,516,1784808107.9505296,8,0.020441293716430664,0.002555161714553833,True
3,517,1784808107.9713323,8,0.021441221237182617,0.002680152654647827,True
3,518,1784808107.9933565,8,0.020206928253173828,0.0025258660316467285,True
3,519,1784808108.0140207,8,0.01949787139892578,0.0024372339248657227,True
3,520,1784808108.0349336,8,0.018025636672973633,0.002253204584121704,True
3,521,1784808108.0540516,8,0.017301082611083984,0.002162635326385498,True
3,522,1784808108.0728002,8,0.021541118621826172,0.0026926398277282715,True
3,523,1784808108.0949848,8,0.023290395736694336,0.002911299467086792,True
3,524,1784808108.1188393,8,0.017134904861450195,0.0021418631076812744,True
3,525,1784808108.1365278,8,0.02072882652282715,0.0025911033153533936,True
3,526,1784808108.157945,8,0.018590927124023438,0.0023238658905029297,True
3,527,1784808108.1771746,8,0.020190000534057617,0.002523750066757202,True
3,528,1784808108.1985345,8,0.018463611602783203,0.0023079514503479004,True
3,529,1784808108.217664,8,0.02034449577331543,0.0025430619716644287,True
3,530,1784808108.2383578,8,0.018613576889038086,0.0023266971111297607,True
3,531,1784808108.2572978,8,0.021067142486572266,0.002633392810821533,True
3,532,1784808108.2787838,8,0.019401073455810547,0.0024251341819763184,True
3,533,1784808108.298594,8,0.021947383880615234,0.0027434229850769043,True
3,534,1784808108.3208442,8,0.019333839416503906,0.0024167299270629883,True
3,535,1784808108.3405588,8,0.020710468292236328,0.002588808536529541,True
3,536,1784808108.3616297,8,0.02143692970275879,0.0026796162128448486,True
3,537,1784808108.38352,8,0.020827770233154297,0.002603471279144287,True
3,538,1784808108.4050355,8,0.01882171630859375,0.0023527145385742188,True
3,539,1784808108.424369,8,0.019821882247924805,0.0024777352809906006,True
3,540,1784808108.4450107,8,0.021348237991333008,0.002668529748916626,True
3,541,1784808108.467099,8,0.019011259078979492,0.0023764073848724365,True
3,542,1784808108.4866333,8,0.019178152084350586,0.0023972690105438232,True
3,543,1784808108.5061557,8,0.01961374282836914,0.0024517178535461426,True
3,544,1784808108.5261533,8,0.020053625106811523,0.0025067031383514404,True
3,545,1784808108.5464883,8,0.01952505111694336,0.00244063138961792,True
3,546,1784808108.5667503,8,0.01880335807800293,0.002350419759750366,True
3,547,1784808108.586328,8,0.018593311309814453,0.0023241639137268066,True
3,548,1784808108.6052697,8,0.020996809005737305,0.002624601125717163,True
3,549,1784808108.6266615,8,0.01996326446533203,0.002495408058166504,True
3,550,1784808108.6469674,8,0.01970052719116211,0.0024625658988952637,True
3,551,1784808108.6671507,8,0.020158052444458008,0.002519756555557251,True
3,552,1784808108.6875715,8,0.021819114685058594,0.0027273893356323242,True
3,553,1784808108.7097328,8,0.019802093505859375,0.002475261688232422,True
3,554,1784808108.729818,8,0.01742076873779297,0.002177596092224121,True
3,555,1784808108.747616,8,0.02054119110107422,0.0025676488876342773,True
3,556,1784808108.76844,8,0.0185091495513916,0.00231364369392395,True
3,557,1784808108.7874665,8,0.02201557159423828,0.002751946449279785,True
3,558,1784808108.8107345,8,0.021076202392578125,0.0026345252990722656,True
3,559,1784808108.8321126,8,0.019066572189331055,0.002383321523666382,True
3,560,1784808108.8515835,8,0.021828889846801758,0.0027286112308502197,True
3,561,1784808108.8737414,8,0.019982576370239258,0.0024978220462799072,True
3,562,1784808108.89436,8,0.019266843795776367,0.002408355474472046,True
3,563,1784808108.9139044,8,0.019115924835205078,0.0023894906044006348,True
3,564,1784808108.9334614,8,0.0198211669921875,0.0024776458740234375,True
3,565,1784808108.9536784,8,0.02172541618347168,0.00271567702293396,True
3,566,1784808108.976167,8,0.019597291946411133,0.0024496614933013916,True
3,567,1784808108.9961872,8,0.020811796188354492,0.0026014745235443115,True
3,568,1784808109.017654,8,0.022795438766479492,0.0028494298458099365,True
3,569,1784808109.0407917,8,0.019256591796875,0.002407073974609375,True
3,570,1784808109.0603943,8,0.0208280086517334,0.002603501081466675,True
3,571,1784808109.0815136,8,0.020768165588378906,0.0025960206985473633,True
3,572,1784808109.1026475,8,0.019611358642578125,0.0024514198303222656,True
3,573,1784808109.1225953,8,0.020984172821044922,0.0026230216026306152,True
3,574,1784808109.1442761,8,0.019228696823120117,0.0024035871028900146,True
3,575,1784808109.1652255,8,0.01712346076965332,0.002140432596206665,True
3,576,1784808109.182668,8,0.01906132698059082,0.0023826658725738525,True
3,577,1784808109.2020836,8,0.024384021759033203,0.0030480027198791504,True
3,578,1784808109.2267892,8,0.019527912139892578,0.0024409890174865723,True
3,579,1784808109.2469826,8,0.01944112777709961,0.002430140972137451,True
3,580,1784808109.2668922,8,0.020320892333984375,0.002540111541748047,True
3,581,1784808109.28831,8,0.020969390869140625,0.002621173858642578,True
3,582,1784808109.3108804,8,0.02004384994506836,0.002505481243133545,True
3,583,1784808109.331489,8,0.02010345458984375,0.0025129318237304688,True
3,584,1784808109.3518887,8,0.021296024322509766,0.0026620030403137207,True
3,585,1784808109.3736846,8,0.01968836784362793,0.002461045980453491,True
3,586,1784808109.3936815,8,0.01913285255432129,0.002391606569290161,True
3,587,1784808109.4130871,8,0.02213597297668457,0.0027669966220855713,True
3,588,1784808109.4356365,8,0.01885390281677246,0.0023567378520965576,True
3,589,1784808109.454964,8,0.019539833068847656,0.002442479133605957,True
3,590,1784808109.4748917,8,0.020174741744995117,0.0025218427181243896,True
3,591,1784808109.4955406,8,0.01995229721069336,0.00249403715133667,True
3,592,1784808109.5159793,8,0.019624948501586914,0.0024531185626983643,True
3,593,1784808109.5358784,8,0.019802570343017578,0.0024753212928771973,True
3,594,1784808109.556331,8,0.0215756893157959,0.0026969611644744873,True
3,595,1784808109.5783458,8,0.019473791122436523,0.0024342238903045654,True
3,596,1784808109.598186,8,0.019666671752929688,0.002458333969116211,True
3,597,1784808109.6188078,8,0.021886110305786133,0.0027357637882232666,True
3,598,1784808109.6411133,8,0.01878809928894043,0.0023485124111175537,True
3,599,1784808109.6604712,8,0.02220320701599121,0.0027754008769989014,True
3,600,1784808109.683209,8,0.020189762115478516,0.0025237202644348145,True
3,601,1784808109.7037866,8,0.021522045135498047,0.002690255641937256,True
3,602,1784808109.7258224,8,0.019344806671142578,0.0024181008338928223,True
3,603,1784808109.745637,8,0.019814491271972656,0.002476811408996582,True
3,604,1784808109.7657442,8,0.020557880401611328,0.002569735050201416,True
3,605,1784808109.7866879,8,0.019084930419921875,0.0023856163024902344,True
3,606,1784808109.806074,8,0.021164655685424805,0.0026455819606781006,True
3,607,1784808109.8283074,8,0.020990610122680664,0.002623826265335083,True
3,608,1784808109.850294,8,0.018741369247436523,0.0023426711559295654,True
3,609,1784808109.8693824,8,0.020948171615600586,0.0026185214519500732,True
3,610,1784808109.8906984,8,0.020015954971313477,0.0025019943714141846,True
3,611,1784808109.9110548,8,0.02246236801147461,0.002807796001434326,True
3,612,1784808109.9340444,8,0.018782854080200195,0.0023478567600250244,True
3,613,1784808109.9531484,8,0.021169185638427734,0.002646148204803467,True
3,614,1784808109.9754615,8,0.019008159637451172,0.0023760199546813965,True
3,615,1784808109.99484,8,0.020429134368896484,0.0025536417961120605,True
3,616,1784808110.0155625,8,0.01855301856994629,0.002319127321243286,True
3,617,1784808110.0346045,8,0.0203549861907959,0.0025443732738494873,True
3,618,1784808110.055872,8,0.01883244514465332,0.002354055643081665,True
3,619,1784808110.074996,8,0.0200803279876709,0.0025100409984588623,True
3,620,1784808110.0954654,8,0.021172046661376953,0.002646505832672119,True
3,621,1784808110.1169326,8,0.019431591033935547,0.0024289488792419434,True
3,622,1784808110.1367736,8,0.019753456115722656,0.002469182014465332,True
3,623,1784808110.1569262,8,0.019939661026000977,0.002492457628250122,True
3,624,1784808110.1773317,8,0.01962113380432129,0.002452641725540161,True
3,625,1784808110.197689,8,0.02043437957763672,0.00255429744720459,True
3,626,1784808110.219278,8,0.019775867462158203,0.0024719834327697754,True
3,627,1784808110.2394538,8,0.019399166107177734,0.002424895763397217,True
3,628,1784808110.2594,8,0.019358158111572266,0.002419769763946533,True
3,629,1784808110.279058,8,0.020026445388793945,0.002503305673599243,True
3,630,1784808110.2993996,8,0.019711732864379883,0.0024639666080474854,True
3,631,1784808110.3197165,8,0.019550561904907227,0.0024438202381134033,True
3,632,1784808110.3395488,8,0.019533395767211914,0.0024416744709014893,True
3,633,1784808110.359363,8,0.019856929779052734,0.002482116222381592,True
3,634,1784808110.3799052,8,0.0201113224029541,0.0025139153003692627,True
3,635,1784808110.400475,8,0.019071340560913086,0.0023839175701141357,True
3,636,1784808110.4199371,8,0.02136063575744629,0.002670079469680786,True
3,637,1784808110.4423962,8,0.020339250564575195,0.0025424063205718994,True
3,638,1784808110.4631538,8,0.02012157440185547,0.0025151968002319336,True
3,639,1784808110.48368,8,0.020683765411376953,0.002585470676422119,True
3,640,1784808110.504672,8,0.020214319229125977,0.002526789903640747,True
3,641,1784808110.5253532,8,0.019205570220947266,0.002400696277618408,True
3,642,1784808110.5450423,8,0.022106409072875977,0.002763301134109497,True
3,643,1784808110.5674977,8,0.018573522567749023,0.002321690320968628,True
3,644,1784808110.5863707,8,0.020051240921020508,0.0025064051151275635,True
3,645,1784808110.6067712,8,0.02306532859802246,0.0028831660747528076,True
3,646,1784808110.6302652,8,0.018454790115356445,0.0023068487644195557,True
3,647,1784808110.6490755,8,0.020467758178710938,0.002558469772338867,True
3,648,1784808110.669872,8,0.01987171173095703,0.002483963966369629,True
3,649,1784808110.6901934,8,0.019218921661376953,0.002402365207672119,True
3,650,1784808110.7096875,8,0.020326852798461914,0.0025408565998077393,True
3,651,1784808110.7304955,8,0.02045154571533203,0.002556443214416504,True
3,652,1784808110.7513905,8,0.019617080688476562,0.0024521350860595703,True
3,653,1784808110.771301,8,0.0193173885345459,0.0024146735668182373,True
3,654,1784808110.7914245,8,0.022688865661621094,0.0028361082077026367,True
3,655,1784808110.8146353,8,0.01979374885559082,0.0024742186069488525,True
3,656,1784808110.834691,8,0.021109342575073242,0.0026386678218841553,True
3,657,1784808110.8561985,8,0.02053070068359375,0.0025663375854492188,True
3,658,1784808110.8771079,8,0.019501686096191406,0.0024377107620239258,True
3,659,1784808110.8969538,8,0.020478010177612305,0.002559751272201538,True
3,660,1784808110.9178827,8,0.019222497940063477,0.0024028122425079346,True
3,661,1784808110.9376462,8,0.02152729034423828,0.002690911293029785,True
3,662,1784808110.9600124,8,0.019495248794555664,0.002436906099319458,True
3,663,1784808110.9798403,8,0.018666982650756836,0.0023333728313446045,True
3,664,1784808110.998938,8,0.019999027252197266,0.002499878406524658,True
3,665,1784808111.0194569,8,0.020000219345092773,0.0025000274181365967,True
3,666,1784808111.0401375,8,0.020138263702392578,0.0025172829627990723,True
3,667,1784808111.0606499,8,0.01952052116394043,0.0024400651454925537,True
3,668,1784808111.0805273,8,0.021045207977294922,0.0026306509971618652,True
3,669,1784808111.1024125,8,0.018594026565551758,0.0023242533206939697,True
3,670,1784808111.1214678,8,0.01865077018737793,0.002331346273422241,True
3,671,1784808111.1404767,8,0.02051711082458496,0.00256463885307312,True
3,672,1784808111.1614702,8,0.019316434860229492,0.0024145543575286865,True
3,673,1784808111.1810691,8,0.01985645294189453,0.0024820566177368164,True
3,674,1784808111.2012043,8,0.019429922103881836,0.0024287402629852295,True
3,675,1784808111.221263,8,0.021292686462402344,0.002661585807800293,True
3,676,1784808111.2430992,8,0.02058720588684082,0.0025734007358551025,True
3,677,1784808111.2640626,8,0.019333362579345703,0.002416670322418213,True
3,678,1784808111.2837873,8,0.018372535705566406,0.0022965669631958008,True
3,679,1784808111.3024752,8,0.021287918090820312,0.002660989761352539,True
3,680,1784808111.3244712,8,0.019978046417236328,0.002497255802154541,True
3,681,1784808111.344776,8,0.01932978630065918,0.0024162232875823975,True
3,682,1784808111.3646505,8,0.020648956298828125,0.0025811195373535156,True
3,683,1784808111.3857536,8,0.01924896240234375,0.0024061203002929688,True
3,684,1784808111.4053383,8,0.019102096557617188,0.0023877620697021484,True
3,685,1784808111.4247615,8,0.01871466636657715,0.0023393332958221436,True
3,686,1784808111.44394,8,0.021250009536743164,0.0026562511920928955,True
3,687,1784808111.4654863,8,0.020093917846679688,0.002511739730834961,True
3,688,1784808111.4860861,8,0.01991128921508789,0.0024889111518859863,True
3,689,1784808111.5064406,8,0.020928144454956055,0.002616018056869507,True
3,690,1784808111.527783,8,0.01838994026184082,0.0022987425327301025,True
3,691,1784808111.5464654,8,0.02110910415649414,0.0026386380195617676,True
3,692,1784808111.5679274,8,0.019646167755126953,0.002455770969390869,True
3,693,1784808111.5878675,8,0.020978689193725586,0.0026223361492156982,True
3,694,1784808111.609222,8,0.02023768424987793,0.002529710531234741,True
3,695,1784808111.629799,8,0.01905965805053711,0.0023824572563171387,True
3,696,1784808111.64928,8,0.022031545639038086,0.0027539432048797607,True
3,697,1784808111.673133,8,0.019194364547729492,0.0023992955684661865,True
3,698,1784808111.69262,8,0.02178192138671875,0.0027227401733398438,True
3,699,1784808111.7147796,8,0.02095794677734375,0.0026197433471679688,True
3,700,1784808111.7361019,8,0.01853036880493164,0.002316296100616455,True
3,701,1784808111.7549765,8,0.021287918090820312,0.002660989761352539,True
3,702,1784808111.7765381,8,0.020742416381835938,0.002592802047729492,True
3,703,1784808111.7976677,8,0.019690990447998047,0.002461373805999756,True
3,704,1784808111.8178015,8,0.020246028900146484,0.0025307536125183105,True
3,705,1784808111.839066,8,0.018243074417114258,0.0022803843021392822,True
3,706,1784808111.8577268,8,0.020572900772094727,0.002571612596511841,True
3,707,1784808111.8787374,8,0.019501447677612305,0.002437680959701538,True
3,708,1784808111.8986957,8,0.020580530166625977,0.002572566270828247,True
3,709,1784808111.9197202,8,0.02029728889465332,0.002537161111831665,True
3,710,1784808111.9403648,8,0.020237445831298828,0.0025296807289123535,True
3,711,1784808111.961166,8,0.021251440048217773,0.0026564300060272217,True
3,712,1784808111.9826987,8,0.019253015518188477,0.0024066269397735596,True
3,713,1784808112.0025282,8,0.019153833389282227,0.0023942291736602783,True
3,714,1784808112.0221138,8,0.020324230194091797,0.0025405287742614746,True
3,715,1784808112.0428474,8,0.019304275512695312,0.002413034439086914,True
3,716,1784808112.0624707,8,0.020595550537109375,0.002574443817138672,True
3,717,1784808112.0835361,8,0.021539926528930664,0.002692490816116333,True
3,718,1784808112.105757,8,0.017867088317871094,0.0022333860397338867,True
3,719,1784808112.1240587,8,0.019168615341186523,0.0023960769176483154,True
3,720,1784808112.143682,8,0.020394325256347656,0.002549290657043457,True
3,721,1784808112.1646295,8,0.02079916000366211,0.0025998950004577637,True
3,722,1784808112.1857657,8,0.02007269859313965,0.002509087324142456,True
3,723,1784808112.2066944,8,0.01986527442932129,0.002483159303665161,True
3,724,1784808112.22704,8,0.018294811248779297,0.002286851406097412,True
3,725,1784808112.2457888,8,0.02013397216796875,0.0025167465209960938,True
3,726,1784808112.2664626,8,0.019582509994506836,0.0024478137493133545,True
3,727,1784808112.2865257,8,0.01937580108642578,0.0024219751358032227,True
3,728,1784808112.3063908,8,0.018901824951171875,0.0023627281188964844,True
3,729,1784808112.325743,8,0.022533416748046875,0.0028166770935058594,True
3,730,1784808112.3486161,8,0.01905059814453125,0.0023813247680664062,True
3,731,1784808112.3685398,8,0.01915597915649414,0.0023944973945617676,True
3,732,1784808112.3880439,8,0.019559621810913086,0.0024449527263641357,True
3,733,1784808112.4078696,8,0.02139735221862793,0.002674669027328491,True
3,734,1784808112.4297488,8,0.019530296325683594,0.0024412870407104492,True
3,735,1784808112.44993,8,0.019877195358276367,0.002484649419784546,True
3,736,1784808112.4702055,8,0.0199737548828125,0.0024967193603515625,True
3,737,1784808112.4905362,8,0.01798415184020996,0.002248018980026245,True
3,738,1784808112.5091465,8,0.02067399024963379,0.0025842487812042236,True
3,739,1784808112.530184,8,0.02061152458190918,0.0025764405727386475,True
3,740,1784808112.5511074,8,0.018577098846435547,0.0023221373558044434,True
3,741,1784808112.5703423,8,0.01909780502319336,0.00238722562789917,True
3,742,1784808112.589979,8,0.021584749221801758,0.0026980936527252197,True
3,743,1784808112.6118867,8,0.019664764404296875,0.0024580955505371094,True
3,744,1784808112.6319063,8,0.021226167678833008,0.002653270959854126,True
3,745,1784808112.6535227,8,0.021445512771606445,0.0026806890964508057,True
3,746,1784808112.6754158,8,0.021561384201049805,0.0026951730251312256,True
3,747,1784808112.6972988,8,0.022490501403808594,0.0028113126754760742,True
3,748,1784808112.7204843,8,0.020787477493286133,0.0025984346866607666,True
3,749,1784808112.741626,8,0.022566795349121094,0.0028208494186401367,True
3,750,1784808112.7653475,8,0.019957780838012695,0.002494722604751587,True
3,751,1784808112.7856688,8,0.020732402801513672,0.002591550350189209,True
3,752,1784808112.806931,8,0.020613908767700195,0.0025767385959625244,True
3,753,1784808112.828102,8,0.020596742630004883,0.0025745928287506104,True
3,754,1784808112.8495429,8,0.01988077163696289,0.0024850964546203613,True
3,755,1784808112.8699033,8,0.0209653377532959,0.0026206672191619873,True
3,756,1784808112.891317,8,0.0205230712890625,0.0025653839111328125,True
3,757,1784808112.9122465,8,0.020462751388549805,0.0025578439235687256,True
3,758,1784808112.9330475,8,0.019854068756103516,0.0024817585945129395,True
3,759,1784808112.9533203,8,0.019591331481933594,0.0024489164352416992,True
3,760,1784808112.9733763,8,0.02267313003540039,0.002834141254425049,True
3,761,1784808112.9963834,8,0.01868438720703125,0.0023355484008789062,True
3,762,1784808113.0159986,8,0.019324302673339844,0.0024155378341674805,True
3,763,1784808113.035773,8,0.02068471908569336,0.00258558988571167,True
3,764,1784808113.0568404,8,0.021449565887451172,0.0026811957359313965,True
3,765,1784808113.0787013,8,0.020895957946777344,0.002611994743347168,True
3,766,1784808113.0999331,8,0.02131342887878418,0.0026641786098480225,True
3,767,1784808113.1217215,8,0.020563125610351562,0.0025703907012939453,True
3,768,1784808113.142694,8,0.0205533504486084,0.00256916880607605,True
3,769,1784808113.1637247,8,0.01896071434020996,0.002370089292526245,True
3,770,1784808113.1830063,8,0.020168781280517578,0.0025210976600646973,True
3,771,1784808113.2034853,8,0.01978278160095215,0.0024728477001190186,True
3,772,1784808113.2244587,8,0.019961833953857422,0.0024952292442321777,True
3,773,1784808113.244881,8,0.01951742172241211,0.0024396777153015137,True
3,774,1784808113.2650084,8,0.02222132682800293,0.002777665853500366,True
3,775,1784808113.2878013,8,0.01973867416381836,0.002467334270477295,True
3,776,1784808113.3080184,8,0.02064657211303711,0.0025808215141296387,True
3,777,1784808113.329052,8,0.020711183547973633,0.002588897943496704,True
3,778,1784808113.3505049,8,0.02131199836730957,0.0026639997959136963,True
3,779,1784808113.3722353,8,0.020292282104492188,0.0025365352630615234,True
3,780,1784808113.393014,8,0.01937723159790039,0.002422153949737549,True
3,781,1784808113.4127562,8,0.019924402236938477,0.0024905502796173096,True
3,782,1784808113.4330738,8,0.023177623748779297,0.002897202968597412,True
3,783,1784808113.4571455,8,0.01949787139892578,0.0024372339248657227,True
3,784,1784808113.4769819,8,0.01856398582458496,0.00232049822807312,True
3,785,1784808113.4965634,8,0.020781755447387695,0.002597719430923462,True
3,786,1784808113.5178888,8,0.020287036895751953,0.002535879611968994,True
3,787,1784808113.5385897,8,0.019312620162963867,0.0024140775203704834,True
3,788,1784808113.5582454,8,0.021689891815185547,0.0027112364768981934,True
3,789,1784808113.580314,8,0.01953434944152832,0.00244179368019104,True
3,790,1784808113.600158,8,0.019066333770751953,0.002383291721343994,True
3,791,1784808113.6199718,8,0.02230095863342285,0.0027876198291778564,True
3,792,1784808113.6427298,8,0.018435001373291016,0.002304375171661377,True
3,793,1784808113.6615553,8,0.019704818725585938,0.002463102340698242,True
3,794,1784808113.6820166,8,0.021398544311523438,0.0026748180389404297,True
3,795,1784808113.7038896,8,0.022582054138183594,0.0028227567672729492,True
3,796,1784808113.72678,8,0.01907205581665039,0.002384006977081299,True
3,797,1784808113.7466438,8,0.020792007446289062,0.002599000930786133,True
3,798,1784808113.767731,8,0.019568443298339844,0.0024460554122924805,True
3,799,1784808113.7876658,8,0.01945328712463379,0.0024316608905792236,True
3,800,1784808113.8074079,8,0.020227670669555664,0.002528458833694458,True
3,801,1784808113.8279202,8,0.01930379867553711,0.0024129748344421387,True
3,802,1784808113.8475404,8,0.020116329193115234,0.0025145411491394043,True
3,803,1784808113.8680904,8,0.01891350746154785,0.0023641884326934814,True
3,804,1784808113.8873138,8,0.019324302673339844,0.0024155378341674805,True
3,805,1784808113.9069443,8,0.019193649291992188,0.0023992061614990234,True
3,806,1784808113.9266148,8,0.02072286605834961,0.002590358257293701,True
3,807,1784808113.9476864,8,0.019095659255981445,0.0023869574069976807,True
3,808,1784808113.967211,8,0.02091526985168457,0.0026144087314605713,True
3,809,1784808113.9884596,8,0.01932239532470703,0.002415299415588379,True
3,810,1784808114.0081525,8,0.020548105239868164,0.0025685131549835205,True
3,811,1784808114.029256,8,0.019405126571655273,0.002425640821456909,True
3,812,1784808114.0501125,8,0.021058082580566406,0.0026322603225708008,True
3,813,1784808114.0718665,8,0.01891636848449707,0.002364546060562134,True
3,814,1784808114.0913708,8,0.01891303062438965,0.002364128828048706,True
3,815,1784808114.1106443,8,0.01955127716064453,0.0024439096450805664,True
3,816,1784808114.130549,8,0.020318269729614258,0.0025397837162017822,True
3,817,1784808114.1512742,8,0.020163297653198242,0.0025204122066497803,True
3,818,1784808114.1719027,8,0.019598960876464844,0.0024498701095581055,True
3,819,1784808114.1920028,8,0.01992344856262207,0.002490431070327759,True
3,820,1784808114.2123437,8,0.021565914154052734,0.002695739269256592,True
3,821,1784808114.2346098,8,0.020219802856445312,0.002527475357055664,True
3,822,1784808114.2553177,8,0.0203249454498291,0.0025406181812286377,True
3,823,1784808114.276171,8,0.01844048500061035,0.002305060625076294,True
3,824,1784808114.2951226,8,0.0200958251953125,0.0025119781494140625,True
3,825,1784808114.315648,8,0.01917099952697754,0.0023963749408721924,True
3,826,1784808114.3351758,8,0.019301414489746094,0.0024126768112182617,True
3,827,1784808114.3553815,8,0.02171492576599121,0.0027143657207489014,True
3,828,1784808114.3775394,8,0.018454551696777344,0.002306818962097168,True
3,829,1784808114.3963192,8,0.01989889144897461,0.002487361431121826,True
3,830,1784808114.4166894,8,0.018913984298706055,0.002364248037338257,True
3,831,1784808114.4362478,8,0.020009279251098633,0.002501159906387329,True
3,832,1784808114.4566648,8,0.020733356475830078,0.0025916695594787598,True
3,833,1784808114.477689,8,0.01876664161682129,0.002345830202102661,True
3,834,1784808114.4967563,8,0.022305965423583984,0.002788245677947998,True
3,835,1784808114.519469,8,0.019014358520507812,0.0023767948150634766,True
3,836,1784808114.5387702,8,0.01941657066345215,0.0024270713329315186,True
3,837,1784808114.5585756,8,0.021398305892944336,0.002674788236618042,True
3,838,1784808114.5804753,8,0.019401073455810547,0.0024251341819763184,True
3,839,1784808114.6003504,8,0.02086162567138672,0.00260770320892334,True
3,840,1784808114.622706,8,0.018749475479125977,0.002343684434890747,True
3,841,1784808114.641766,8,0.019545555114746094,0.0024431943893432617,True
3,842,1784808114.6616619,8,0.02030658721923828,0.002538323402404785,True
3,843,1784808114.682434,8,0.020608186721801758,0.0025760233402252197,True
3,844,1784808114.7038448,8,0.021597623825073242,0.0026997029781341553,True
3,845,1784808114.725783,8,0.018605470657348633,0.002325683832168579,True
3,846,1784808114.74517,8,0.019280195236206055,0.002410024404525757,True
3,847,1784808114.7647834,8,0.022681474685668945,0.002835184335708618,True
3,848,1784808114.7878466,8,0.019395828247070312,0.002424478530883789,True
3,849,1784808114.8076582,8,0.022136449813842773,0.0027670562267303467,True
3,850,1784808114.8301806,8,0.019641399383544922,0.0024551749229431152,True
3,851,1784808114.8501337,8,0.018856048583984375,0.002357006072998047,True
3,852,1784808114.8693717,8,0.019535541534423828,0.0024419426918029785,True
3,853,1784808114.8893178,8,0.019846677780151367,0.002480834722518921,True
3,854,1784808114.909632,8,0.019803524017333984,0.002475440502166748,True
3,855,1784808114.9298158,8,0.02044987678527832,0.00255623459815979,True
3,856,1784808114.950596,8,0.018823623657226562,0.0023529529571533203,True
3,857,1784808114.969832,8,0.019023895263671875,0.0023779869079589844,True
3,858,1784808114.989273,8,0.020525693893432617,0.002565711736679077,True
3,859,1784808115.0101948,8,0.02026844024658203,0.002533555030822754,True
3,860,1784808115.0320933,8,0.0200650691986084,0.00250813364982605,True
3,861,1784808115.0525987,8,0.018946409225463867,0.0023683011531829834,True
3,862,1784808115.0720088,8,0.020259857177734375,0.002532482147216797,True
3,863,1784808115.092619,8,0.019712209701538086,0.0024640262126922607,True
3,864,1784808115.1128733,8,0.019422054290771484,0.0024277567863464355,True
3,865,1784808115.1327648,8,0.021735191345214844,0.0027168989181518555,True
3,866,1784808115.1549716,8,0.020709753036499023,0.002588719129562378,True
3,867,1784808115.1761053,8,0.020444869995117188,0.0025556087493896484,True
3,868,1784808115.196859,8,0.023511886596679688,0.002938985824584961,True
3,869,1784808115.2207434,8,0.020542621612548828,0.0025678277015686035,True
3,870,1784808115.2421153,8,0.01995372772216797,0.002494215965270996,True
3,871,1784808115.2623787,8,0.021077394485473633,0.002634674310684204,True
3,872,1784808115.28374,8,0.019202232360839844,0.0024002790451049805,True
3,873,1784808115.3036513,8,0.02103447914123535,0.002629309892654419,True
3,874,1784808115.3249648,8,0.01862621307373047,0.0023282766342163086,True
3,875,1784808115.3441064,8,0.021491527557373047,0.002686440944671631,True
3,876,1784808115.3659594,8,0.0222017765045166,0.002775222063064575,True
3,877,1784808115.3885567,8,0.01887798309326172,0.002359747886657715,True
3,878,1784808115.4080956,8,0.022022724151611328,0.002752840518951416,True
3,879,1784808115.4310548,8,0.02011847496032715,0.0025148093700408936,True
3,880,1784808115.4516206,8,0.01933002471923828,0.002416253089904785,True
3,881,1784808115.4714806,8,0.020967721939086914,0.0026209652423858643,True
3,882,1784808115.4938273,8,0.021780729293823242,0.0027225911617279053,True
3,883,1784808115.5162551,8,0.020853281021118164,0.0026066601276397705,True
3,884,1784808115.5374498,8,0.0183563232421875,0.0022945404052734375,True
3,885,1784808115.5564528,8,0.019366979598999023,0.002420872449874878,True
3,886,1784808115.5772061,8,0.021840572357177734,0.002730071544647217,True
3,887,1784808115.5998955,8,0.021268367767333984,0.002658545970916748,True
3,888,1784808115.6214826,8,0.019306659698486328,0.002413332462310791,True
3,889,1784808115.641766,8,0.019869089126586914,0.0024836361408233643,True
3,890,1784808115.6619825,8,0.019342422485351562,0.0024178028106689453,True
3,891,1784808115.6816783,8,0.01990795135498047,0.0024884939193725586,True
3,892,1784808115.7019377,8,0.019983291625976562,0.0024979114532470703,True
3,893,1784808115.722273,8,0.020371437072753906,0.0025464296340942383,True
3,894,1784808115.742934,8,0.020354270935058594,0.0025442838668823242,True
3,895,1784808115.7636802,8,0.01889801025390625,0.0023622512817382812,True
3,896,1784808115.7828717,8,0.02158665657043457,0.0026983320713043213,True
3,897,1784808115.8048236,8,0.02087569236755371,0.002609461545944214,True
3,898,1784808115.826205,8,0.019166231155395508,0.0023957788944244385,True
3,899,1784808115.8458278,8,0.02166891098022461,0.002708613872528076,True
3,900,1784808115.8684905,8,0.019427776336669922,0.0024284720420837402,True
3,901,1784808115.888378,8,0.02094554901123047,0.0026181936264038086,True
3,902,1784808115.909735,8,0.019611835479736328,0.002451479434967041,True
3,903,1784808115.929703,8,0.021717071533203125,0.0027146339416503906,True
3,904,1784808115.9518836,8,0.019858121871948242,0.0024822652339935303,True
3,905,1784808115.9721801,8,0.0211794376373291,0.0026474297046661377,True
3,906,1784808115.9941506,8,0.02106761932373047,0.0026334524154663086,True
3,907,1784808116.0155108,8,0.02083420753479004,0.002604275941848755,True
3,908,1784808116.0366874,8,0.01958942413330078,0.0024486780166625977,True
3,909,1784808116.0565672,8,0.01985621452331543,0.0024820268154144287,True
3,910,1784808116.0767293,8,0.0213470458984375,0.0026683807373046875,True
3,911,1784808116.0985317,8,0.02011394500732422,0.0025142431259155273,True
3,912,1784808116.119041,8,0.02033233642578125,0.0025415420532226562,True
3,913,1784808116.1398025,8,0.018976688385009766,0.0023720860481262207,True
3,914,1784808116.1592627,8,0.019620895385742188,0.0024526119232177734,True
3,915,1784808116.1791816,8,0.019481420516967773,0.0024351775646209717,True
3,916,1784808116.199243,8,0.01963067054748535,0.002453833818435669,True
3,917,1784808116.2191572,8,0.020765066146850586,0.0025956332683563232,True
3,918,1784808116.240417,8,0.02078413963317871,0.002598017454147339,True
3,919,1784808116.2621508,8,0.02051520347595215,0.0025644004344940186,True
3,920,1784808116.2830107,8,0.020305871963500977,0.002538233995437622,True
3,921,1784808116.3037581,8,0.02023935317993164,0.002529919147491455,True
3,922,1784808116.3248246,8,0.020850419998168945,0.002606302499771118,True
3,923,1784808116.3460536,8,0.019777774810791016,0.002472221851348877,True
3,924,1784808116.3661494,8,0.020219802856445312,0.002527475357055664,True
3,925,1784808116.3868089,8,0.021034955978393555,0.0026293694972991943,True
3,926,1784808116.4086242,8,0.01985788345336914,0.0024822354316711426,True
3,927,1784808116.4292498,8,0.019999980926513672,0.002499997615814209,True
3,928,1784808116.4501953,8,0.019026517868041992,0.002378314733505249,True
3,929,1784808116.4698713,8,0.02070021629333496,0.00258752703666687,True
3,930,1784808116.491624,8,0.019794225692749023,0.002474278211593628,True
3,931,1784808116.5119243,8,0.021276235580444336,0.002659529447555542,True
3,932,1784808116.5337262,8,0.01831364631652832,0.00228920578956604,True
3,933,1784808116.5524395,8,0.022380352020263672,0.002797544002532959,True
3,934,1784808116.5753193,8,0.018800735473632812,0.0023500919342041016,True
3,935,1784808116.594429,8,0.01973438262939453,0.0024667978286743164,True
3,936,1784808116.6144457,8,0.02011847496032715,0.0025148093700408936,True
3,937,1784808116.6356473,8,0.021265029907226562,0.0026581287384033203,True
3,938,1784808116.6574183,8,0.02006816864013672,0.00250852108001709,True
3,939,1784808116.678671,8,0.020763397216796875,0.0025954246520996094,True
3,940,1784808116.699753,8,0.019716978073120117,0.0024646222591400146,True
3,941,1784808116.72004,8,0.01865220069885254,0.0023315250873565674,True
3,942,1784808116.739185,8,0.020935535430908203,0.0026169419288635254,True
3,943,1784808116.7627265,8,0.0203554630279541,0.0025444328784942627,True
3,944,1784808116.783972,8,0.01940631866455078,0.0024257898330688477,True
3,945,1784808116.8038635,8,0.020698070526123047,0.002587258815765381,True
3,946,1784808116.824937,8,0.02107834815979004,0.002634793519973755,True
3,947,1784808116.8470407,8,0.01905512809753418,0.0023818910121917725,True
3,948,1784808116.8666883,8,0.020754337310791016,0.002594292163848877,True
3,949,1784808116.8886688,8,0.02080845832824707,0.002601057291030884,True
3,950,1784808116.9099154,8,0.020204544067382812,0.0025255680084228516,True
3,951,1784808116.9307816,8,0.01911163330078125,0.0023889541625976562,True
3,952,1784808116.9502003,8,0.021382570266723633,0.002672821283340454,True
3,953,1784808116.972145,8,0.02039051055908203,0.002548813819885254,True
3,954,1784808116.993428,8,0.018996000289916992,0.002374500036239624,True
3,955,1784808117.0128205,8,0.020383596420288086,0.0025479495525360107,True
3,956,1784808117.0335712,8,0.020275354385375977,0.002534419298171997,True
3,957,1784808117.0542371,8,0.020101547241210938,0.002512693405151367,True
3,958,1784808117.07504,8,0.020118236541748047,0.002514779567718506,True
3,959,1784808117.0954025,8,0.02141880989074707,0.002677351236343384,True
3,960,1784808117.117142,8,0.02121734619140625,0.0026521682739257812,True
3,961,1784808117.1386409,8,0.021595239639282227,0.0026994049549102783,True
3,962,1784808117.161833,8,0.019062042236328125,0.0023827552795410156,True
3,963,1784808117.181746,8,0.019826412200927734,0.002478301525115967,True
3,964,1784808117.2018986,8,0.01976466178894043,0.0024705827236175537,True
3,965,1784808117.2228546,8,0.019669771194458008,0.002458721399307251,True
3,966,1784808117.2432666,8,0.01932549476623535,0.002415686845779419,True
3,967,1784808117.2633855,8,0.020333290100097656,0.002541661262512207,True
3,968,1784808117.2840486,8,0.01919388771057129,0.002399235963821411,True
3,969,1784808117.303555,8,0.01995992660522461,0.002494990825653076,True
3,970,1784808117.3238704,8,0.0195159912109375,0.0024394989013671875,True
3,971,1784808117.3437266,8,0.019858598709106445,0.0024823248386383057,True
3,972,1784808117.3639367,8,0.020595073699951172,0.0025743842124938965,True
3,973,1784808117.3849027,8,0.019794940948486328,0.002474367618560791,True
3,974,1784808117.4050875,8,0.01930379867553711,0.0024129748344421387,True
3,975,1784808117.4247217,8,0.01939845085144043,0.0024248063564300537,True
3,976,1784808117.444607,8,0.020647048950195312,0.002580881118774414,True
3,977,1784808117.465721,8,0.01952838897705078,0.0024410486221313477,True
3,978,1784808117.4857006,8,0.019546985626220703,0.002443373203277588,True
3,979,1784808117.5060453,8,0.021593093872070312,0.002699136734008789,True
3,980,1784808117.5282,8,0.019372224807739258,0.0024215281009674072,True
3,981,1784808117.5479512,8,0.0209658145904541,0.0026207268238067627,True
3,982,1784808117.57038,8,0.020978212356567383,0.002622276544570923,True
3,983,1784808117.5918205,8,0.02068638801574707,0.002585798501968384,True
3,984,1784808117.613086,8,0.018848180770874023,0.002356022596359253,True
3,985,1784808117.632447,8,0.019995689392089844,0.0024994611740112305,True
3,986,1784808117.652988,8,0.01996302604675293,0.002495378255844116,True
3,987,1784808117.673382,8,0.019156217575073242,0.0023945271968841553,True
3,988,1784808117.6939166,8,0.018386125564575195,0.0022982656955718994,True
3,989,1784808117.712881,8,0.02052903175354004,0.002566128969192505,True
3,990,1784808117.733663,8,0.020250320434570312,0.002531290054321289,True
3,991,1784808117.7546175,8,0.01948404312133789,0.0024355053901672363,True
3,992,1784808117.7749054,8,0.020015954971313477,0.0025019943714141846,True
3,993,1784808117.7953277,8,0.01927638053894043,0.0024095475673675537,True
3,994,1784808117.815034,8,0.02137923240661621,0.0026724040508270264,True
3,995,1784808117.8368154,8,0.02005600929260254,0.0025070011615753174,True
3,996,1784808117.85744,8,0.019902467727661133,0.0024878084659576416,True
3,997,1784808117.8776798,8,0.021322011947631836,0.0026652514934539795,True
3,998,1784808117.8993495,8,0.01904463768005371,0.002380579710006714,True
3,999,1784808117.9187603,8,0.020149707794189453,0.0025187134742736816,True
3,1000,1784808117.9393086,8,0.018456220626831055,0.002307027578353882,True
3,1001,1784808117.9582744,8,0.022101402282714844,0.0027626752853393555,True
3,1002,1784808117.9807258,8,0.01919078826904297,0.002398848533630371,True
3,1003,1784808118.0002816,8,0.02106499671936035,0.002633124589920044,True
3,1004,1784808118.021741,8,0.019815921783447266,0.002476990222930908,True
3,1005,1784808118.0419416,8,0.01988840103149414,0.0024860501289367676,True
3,1006,1784808118.0623055,8,0.022870540618896484,0.0028588175773620605,True
3,1007,1784808118.085771,8,0.018876075744628906,0.0023595094680786133,True
3,1008,1784808118.1050189,8,0.021567583084106445,0.0026959478855133057,True
3,1009,1784808118.126895,8,0.020833492279052734,0.002604186534881592,True
3,1010,1784808118.1480472,8,0.01958918571472168,0.00244864821434021,True
3,1011,1784808118.1680017,8,0.020060300827026367,0.002507537603378296,True
3,1012,1784808118.1885526,8,0.020853042602539062,0.002606630325317383,True
3,1013,1784808118.2099657,8,0.022734880447387695,0.002841860055923462,True
3,1014,1784808118.2330494,8,0.018940448760986328,0.002367556095123291,True
3,1015,1784808118.2524505,8,0.018851757049560547,0.0023564696311950684,True
3,1016,1784808118.2716067,8,0.01967144012451172,0.002458930015563965,True
3,1017,1784808118.2916317,8,0.02051568031311035,0.002564460039138794,True
3,1018,1784808118.3127048,8,0.01979851722717285,0.0024748146533966064,True
3,1019,1784808118.332972,8,0.020375490188598633,0.002546936273574829,True
3,1020,1784808118.3537865,8,0.019392967224121094,0.0024241209030151367,True
3,1021,1784808118.3734567,8,0.021004915237426758,0.0026256144046783447,True
3,1022,1784808118.3947537,8,0.01972174644470215,0.0024652183055877686,True
3,1023,1784808118.4147575,8,0.019671916961669922,0.0024589896202087402,True
3,1024,1784808118.4348748,8,0.021799564361572266,0.002724945545196533,True
3,1025,1784808118.4573965,8,0.020946502685546875,0.0026183128356933594,True
3,1026,1784808118.4787512,8,0.0194089412689209,0.0024261176586151123,True
3,1027,1784808118.4986084,8,0.020960330963134766,0.0026200413703918457,True
3,1028,1784808118.5202951,8,0.020499706268310547,0.0025624632835388184,True
3,1029,1784808118.541412,8,0.0204007625579834,0.002550095319747925,True
3,1030,1784808118.5623517,8,0.018538475036621094,0.0023173093795776367,True
3,1031,1784808118.5817497,8,0.019538402557373047,0.002442300319671631,True
3,1032,1784808118.6023388,8,0.019632816314697266,0.002454102039337158,True
3,1033,1784808118.622351,8,0.020711660385131836,0.0025889575481414795,True
3,1034,1784808118.6435192,8,0.020363807678222656,0.002545475959777832,True
3,1035,1784808118.664268,8,0.020447969436645508,0.0025559961795806885,True
3,1036,1784808118.6850023,8,0.018630504608154297,0.002328813076019287,True
3,1037,1784808118.7042294,8,0.019773006439208984,0.002471625804901123,True
3,1038,1784808118.7246413,8,0.018584728240966797,0.0023230910301208496,True
3,1039,1784808118.7435358,8,0.01978278160095215,0.0024728477001190186,True
3,1040,1784808118.763639,8,0.019911527633666992,0.002488940954208374,True
3,1041,1784808118.784433,8,0.020830631256103516,0.0026038289070129395,True
3,1042,1784808118.8060985,8,0.021114349365234375,0.002639293670654297,True
3,1043,1784808118.8276434,8,0.020549535751342773,0.0025686919689178467,True
3,1044,1784808118.8489318,8,0.020517826080322266,0.002564728260040283,True
3,1045,1784808118.8698747,8,0.019301176071166992,0.002412647008895874,True
3,1046,1784808118.889515,8,0.020127296447753906,0.0025159120559692383,True
3,1047,1784808118.910391,8,0.02162313461303711,0.0027028918266296387,True
3,1048,1784808118.9330513,8,0.02043747901916504,0.00255468487739563,True
3,1049,1784808118.9538295,8,0.0232999324798584,0.0029124915599823,True
3,1050,1784808118.9782472,8,0.019232511520385742,0.0024040639400482178,True
3,1051,1784808118.9978848,8,0.020997047424316406,0.0026246309280395508,True
3,1052,1784808119.0198276,8,0.01808786392211914,0.0022609829902648926,True
3,1053,1784808119.0382545,8,0.019278764724731445,0.0024098455905914307,True
3,1054,1784808119.057886,8,0.02027440071105957,0.0025343000888824463,True
3,1055,1784808119.0785487,8,0.022031784057617188,0.0027539730072021484,True
3,1056,1784808119.1011248,8,0.01977396011352539,0.002471745014190674,True
3,1057,1784808119.1211996,8,0.019984722137451172,0.0024980902671813965,True
3,1058,1784808119.141492,8,0.019028186798095703,0.002378523349761963,True
3,1059,1784808119.160891,8,0.019277095794677734,0.002409636974334717,True
3,1060,1784808119.1809525,8,0.0202791690826416,0.0025348961353302,True
3,1061,1784808119.2018683,8,0.01930856704711914,0.0024135708808898926,True
3,1062,1784808119.2216294,8,0.020695924758911133,0.0025869905948638916,True
3,1063,1784808119.2426598,8,0.02001643180847168,0.00250205397605896,True
3,1064,1784808119.2629588,8,0.020367860794067383,0.002545982599258423,True
3,1065,1784808119.2836137,8,0.020149707794189453,0.0025187134742736816,True
3,1066,1784808119.3044999,8,0.019040346145629883,0.0023800432682037354,True
3,1067,1784808119.3239155,8,0.01925516128540039,0.002406895160675049,True
3,1068,1784808119.3434794,8,0.020444631576538086,0.0025555789470672607,True
3,1069,1784808119.3647997,8,0.019556045532226562,0.0024445056915283203,True
3,1070,1784808119.3847258,8,0.01921820640563965,0.002402275800704956,True
3,1071,1784808119.4045458,8,0.019752979278564453,0.0024691224098205566,True
3,1072,1784808119.4246829,8,0.02117466926574707,0.002646833658218384,True
3,1073,1784808119.4461884,8,0.018331527709960938,0.002291440963745117,True
3,1074,1784808119.4649696,8,0.019571781158447266,0.002446472644805908,True
3,1075,1784808119.4849908,8,0.0199129581451416,0.0024891197681427,True
3,1076,1784808119.5052614,8,0.01983785629272461,0.002479732036590576,True
3,1077,1784808119.5254705,8,0.01993870735168457,0.0024923384189605713,True
3,1078,1784808119.5457537,8,0.02361297607421875,0.0029516220092773438,True
3,1079,1784808119.569946,8,0.020637989044189453,0.0025797486305236816,True
3,1080,1784808119.5910342,8,0.020689964294433594,0.0025862455368041992,True
3,1081,1784808119.6120703,8,0.021368741989135742,0.0026710927486419678,True
3,1082,1784808119.6337142,8,0.019433259963989258,0.0024291574954986572,True
3,1083,1784808119.653711,8,0.02142810821533203,0.002678513526916504,True
3,1084,1784808119.6757634,8,0.01937556266784668,0.002421945333480835,True
3,1085,1784808119.6954532,8,0.021870851516723633,0.002733856439590454,True
3,1086,1784808119.7181075,8,0.019784212112426758,0.0024730265140533447,True
3,1087,1784808119.738199,8,0.020532608032226562,0.0025665760040283203,True
3,1088,1784808119.7590876,8,0.01949167251586914,0.0024364590644836426,True
3,1089,1784808119.779059,8,0.018941879272460938,0.002367734909057617,True
3,1090,1784808119.7983735,8,0.020361661911010742,0.0025452077388763428,True
3,1091,1784808119.819174,8,0.020942211151123047,0.002617776393890381,True
3,1092,1784808119.840405,8,0.01852726936340332,0.002315908670425415,True
3,1093,1784808119.8593168,8,0.01930522918701172,0.002413153648376465,True
3,1094,1784808119.8793395,8,0.021471261978149414,0.0026839077472686768,True
3,1095,1784808119.901315,8,0.01967597007751465,0.002459496259689331,True
3,1096,1784808119.92135,8,0.0196685791015625,0.0024585723876953125,True
3,1097,1784808119.9414089,8,0.020718812942504883,0.0025898516178131104,True
3,1098,1784808119.9625344,8,0.01981377601623535,0.002476722002029419,True
3,1099,1784808119.9828594,8,0.01914811134338379,0.0023935139179229736,True
3,1100,1784808120.0025141,8,0.022242307662963867,0.0027802884578704834,True
3,1101,1784808120.025567,8,0.018999576568603516,0.0023749470710754395,True
3,1102,1784808120.04493,8,0.019589900970458984,0.002448737621307373,True
3,1103,1784808120.0648897,8,0.020543813705444336,0.002567976713180542,True
3,1104,1784808120.0857263,8,0.020021438598632812,0.0025026798248291016,True
3,1105,1784808120.1060622,8,0.019954681396484375,0.002494335174560547,True
3,1106,1784808120.126456,8,0.02225351333618164,0.002781689167022705,True
3,1107,1784808120.149194,8,0.01971888542175293,0.002464860677719116,True
3,1108,1784808120.1693907,8,0.018876075744628906,0.0023595094680786133,True
3,1109,1784808120.188555,8,0.020088672637939453,0.0025110840797424316,True
3,1110,1784808120.209436,8,0.01981830596923828,0.002477288246154785,True
3,1111,1784808120.2300823,8,0.019957304000854492,0.0024946630001068115,True
3,1112,1784808120.2505097,8,0.020051240921020508,0.0025064051151275635,True
3,1113,1784808120.271313,8,0.02039194107055664,0.00254899263381958,True
3,1114,1784808120.2921717,8,0.019310712814331055,0.002413839101791382,True
3,1115,1784808120.3119202,8,0.020001649856567383,0.002500206232070923,True
3,1116,1784808120.3323355,8,0.020253658294677734,0.002531707286834717,True
3,1117,1784808120.3531325,8,0.020513057708740234,0.0025641322135925293,True
3,1118,1784808120.373927,8,0.02115917205810547,0.0026448965072631836,True
3,1119,1784808120.3955555,8,0.020426273345947266,0.002553284168243408,True
3,1120,1784808120.416495,8,0.020259380340576172,0.0025324225425720215,True
3,1121,1784808120.4374564,8,0.0193479061126709,0.0024184882640838623,True
3,1122,1784808120.4572418,8,0.019234657287597656,0.002404332160949707,True
3,1123,1784808120.4772902,8,0.019951820373535156,0.0024939775466918945,True
3,1124,1784808120.4975393,8,0.020104646682739258,0.0025130808353424072,True
3,1125,1784808120.5180085,8,0.021272659301757812,0.0026590824127197266,True
3,1126,1784808120.5396614,8,0.021591663360595703,0.002698957920074463,True
3,1127,1784808120.561731,8,0.019646644592285156,0.0024558305740356445,True
3,1128,1784808120.5816753,8,0.02070784568786621,0.0025884807109832764,True
3,1129,1784808120.602834,8,0.02184128761291504,0.00273016095161438,True
3,1130,1784808120.6250074,8,0.021575212478637695,0.002696901559829712,True
3,1131,1784808120.6483636,8,0.019068241119384766,0.0023835301399230957,True
3,1132,1784808120.6684105,8,0.022448301315307617,0.002806037664413452,True
3,1133,1784808120.6921654,8,0.019708871841430664,0.002463608980178833,True
3,1134,1784808120.7134225,8,0.02268242835998535,0.002835303544998169,True
3,1135,1784808120.737443,8,0.019269227981567383,0.002408653497695923,True
3,1136,1784808120.757109,8,0.019985675811767578,0.0024982094764709473,True
3,1137,1784808120.7773874,8,0.021993160247802734,0.002749145030975342,True
3,1138,1784808120.799724,8,0.019440412521362305,0.002430051565170288,True
3,1139,1784808120.8198564,8,0.019623756408691406,0.0024529695510864258,True
3,1140,1784808120.8401074,8,0.018750905990600586,0.0023438632488250732,True
3,1141,1784808120.8593745,8,0.019147157669067383,0.002393394708633423,True
3,1142,1784808120.8791332,8,0.022176027297973633,0.002772003412246704,True
3,1143,1784808120.9018428,8,0.019579648971557617,0.002447456121444702,True
3,1144,1784808120.921882,8,0.022194862365722656,0.002774357795715332,True
3,1145,1784808120.9457877,8,0.020972251892089844,0.0026215314865112305,True
3,1146,1784808120.967315,8,0.020142316818237305,0.002517789602279663,True
3,1147,1784808120.9887273,8,0.019062042236328125,0.0023827552795410156,True
3,1148,1784808121.0080912,8,0.02089524269104004,0.002611905336380005,True
3,1149,1784808121.0294113,8,0.01983189582824707,0.002478986978530884,True
3,1150,1784808121.0497015,8,0.021188735961914062,0.002648591995239258,True
3,1151,1784808121.0713556,8,0.018840551376342773,0.0023550689220428467,True
3,1152,1784808121.09063,8,0.02005171775817871,0.002506464719772339,True
3,1153,1784808121.1112423,8,0.01985955238342285,0.0024824440479278564,True
3,1154,1784808121.1315987,8,0.019435882568359375,0.002429485321044922,True
3,1155,1784808121.1515396,8,0.02058887481689453,0.0025736093521118164,True
3,1156,1784808121.172712,8,0.019627809524536133,0.0024534761905670166,True
3,1157,1784808121.193296,8,0.020346403121948242,0.0025433003902435303,True
3,1158,1784808121.214081,8,0.019282817840576172,0.0024103522300720215,True
3,1159,1784808121.2337341,8,0.020041704177856445,0.0025052130222320557,True
3,1160,1784808121.2543826,8,0.02094435691833496,0.00261804461479187,True
3,1161,1784808121.2759478,8,0.019730091094970703,0.002466261386871338,True
3,1162,1784808121.2959833,8,0.020304441452026367,0.002538055181503296,True
3,1163,1784808121.3168793,8,0.022228479385375977,0.002778559923171997,True
3,1164,1784808121.339551,8,0.019454479217529297,0.002431809902191162,True
3,1165,1784808121.359403,8,0.022045373916625977,0.002755671739578247,True
3,1166,1784808121.3818548,8,0.020248889923095703,0.002531111240386963,True
3,1167,1784808121.4024491,8,0.021211624145507812,0.0026514530181884766,True
3,1168,1784808121.4240522,8,0.021188735961914062,0.002648591995239258,True
3,1169,1784808121.4457686,8,0.018719196319580078,0.0023398995399475098,True
3,1170,1784808121.4658275,8,0.018851280212402344,0.002356410026550293,True
3,1171,1784808121.485193,8,0.020422697067260742,0.0025528371334075928,True
3,1172,1784808121.5060499,8,0.02072620391845703,0.002590775489807129,True
3,1173,1784808121.5276697,8,0.020453691482543945,0.002556711435317993,True
3,1174,1784808121.5487578,8,0.020327091217041016,0.002540886402130127,True
3,1175,1784808121.5695808,8,0.019428014755249023,0.002428501844406128,True
3,1176,1784808121.589434,8,0.02089548110961914,0.0026119351387023926,True
3,1177,1784808121.6107724,8,0.01913166046142578,0.0023914575576782227,True
3,1178,1784808121.630531,8,0.020605802536010742,0.0025757253170013428,True
3,1179,1784808121.651523,8,0.02086162567138672,0.00260770320892334,True
3,1180,1784808121.673536,8,0.02027416229248047,0.0025342702865600586,True
3,1181,1784808121.69557,8,0.01975226402282715,0.0024690330028533936,True
3,1182,1784808121.7161682,8,0.0220644474029541,0.0027580559253692627,True
3,1183,1784808121.7385929,8,0.019909381866455078,0.0024886727333068848,True
3,1184,1784808121.7591588,8,0.02048945426940918,0.0025611817836761475,True
3,1185,1784808121.7807217,8,0.020380496978759766,0.0025475621223449707,True
3,1186,1784808121.8015392,8,0.019835710525512695,0.002479463815689087,True
3,1187,1784808121.8217356,8,0.01991748809814453,0.0024896860122680664,True
3,1188,1784808121.8427134,8,0.02112722396850586,0.0026409029960632324,True
3,1189,1784808121.8642895,8,0.02265477180480957,0.0028318464756011963,True
3,1190,1784808121.8876643,8,0.01823258399963379,0.0022790729999542236,True
3,1191,1784808121.9064028,8,0.021372079849243164,0.0026715099811553955,True
3,1192,1784808121.9283805,8,0.020934104919433594,0.0026167631149291992,True
3,1193,1784808121.9499466,8,0.020297765731811523,0.0025372207164764404,True
3,1194,1784808121.9720106,8,0.019179582595825195,0.0023974478244781494,True
3,1195,1784808121.9918344,8,0.01991415023803711,0.0024892687797546387,True
3,1196,1784808122.0122793,8,0.02199268341064453,0.0027490854263305664,True
3,1197,1784808122.0346797,8,0.020938396453857422,0.0026172995567321777,True
3,1198,1784808122.0560563,8,0.02090907096862793,0.002613633871078491,True
3,1199,1784808122.077374,8,0.020100116729736328,0.002512514591217041,True
3,1200,1784808122.09787,8,0.0204770565032959,0.0025596320629119873,True
3,1201,1784808122.1187198,8,0.02106165885925293,0.002632707357406616,True
3,1202,1784808122.140318,8,0.02101278305053711,0.0026265978813171387,True
3,1203,1784808122.1616845,8,0.019891023635864258,0.0024863779544830322,True
3,1204,1784808122.1820726,8,0.019924163818359375,0.002490520477294922,True
3,1205,1784808122.2023258,8,0.019823312759399414,0.0024779140949249268,True
3,1206,1784808122.2224576,8,0.01966381072998047,0.0024579763412475586,True
3,1207,1784808122.2430084,8,0.021490097045898438,0.0026862621307373047,True
3,1208,1784808122.264835,8,0.019941329956054688,0.002492666244506836,True
3,1209,1784808122.2852552,8,0.020465612411499023,0.002558201551437378,True
3,1210,1784808122.3061981,8,0.021520614624023438,0.0026900768280029297,True
3,1211,1784808122.3282871,8,0.020587444305419922,0.0025734305381774902,True
3,1212,1784808122.3492832,8,0.02266693115234375,0.0028333663940429688,True
3,1213,1784808122.3724062,8,0.01983475685119629,0.002479344606399536,True
3,1214,1784808122.392753,8,0.02070474624633789,0.0025880932807922363,True
3,1215,1784808122.413995,8,0.01923990249633789,0.0024049878120422363,True
3,1216,1784808122.4336956,8,0.018858909606933594,0.0023573637008666992,True
3,1217,1784808122.453269,8,0.021135568618774414,0.0026419460773468018,True
3,1218,1784808122.4755256,8,0.024127721786499023,0.003015965223312378,True
3,1219,1784808122.4999554,8,0.019968032836914062,0.002496004104614258,True
3,1220,1784808122.520381,8,0.020496368408203125,0.0025620460510253906,True
3,1221,1784808122.5412562,8,0.019314289093017578,0.0024142861366271973,True
3,1222,1784808122.561086,8,0.020099401473999023,0.002512425184249878,True
3,1223,1784808122.5817122,8,0.020104169845581055,0.002513021230697632,True
3,1224,1784808122.602445,8,0.01798725128173828,0.002248406410217285,True
3,1225,1784808122.620819,8,0.023375272750854492,0.0029219090938568115,True
3,1226,1784808122.6444738,8,0.01894092559814453,0.0023676156997680664,True
3,1227,1784808122.663837,8,0.02015066146850586,0.0025188326835632324,True
3,1228,1784808122.684373,8,0.020448684692382812,0.0025560855865478516,True
3,1229,1784808122.705237,8,0.02233719825744629,0.002792149782180786,True
3,1230,1784808122.7283878,8,0.019236087799072266,0.002404510974884033,True
3,1231,1784808122.7484548,8,0.019921302795410156,0.0024901628494262695,True
3,1232,1784808122.7690544,8,0.019634008407592773,0.0024542510509490967,True
3,1233,1784808122.7892199,8,0.021471738815307617,0.002683967351913452,True
3,1234,1784808122.8115237,8,0.020457029342651367,0.002557128667831421,True
3,1235,1784808122.8326116,8,0.02011418342590332,0.002514272928237915,True
3,1236,1784808122.85315,8,0.020965099334716797,0.0026206374168395996,True
3,1237,1784808122.8746157,8,0.018128633499145508,0.0022660791873931885,True
3,1238,1784808122.8931093,8,0.02264404296875,0.00283050537109375,True
3,1239,1784808122.91627,8,0.0204770565032959,0.0025596320629119873,True
3,1240,1784808122.937375,8,0.01978325843811035,0.002472907304763794,True
3,1241,1784808122.95761,8,0.019657611846923828,0.0024572014808654785,True
3,1242,1784808122.9779274,8,0.02140522003173828,0.002675652503967285,True
3,1243,1784808122.9997525,8,0.022649288177490234,0.0028311610221862793,True
3,1244,1784808123.022718,8,0.021297216415405273,0.002662152051925659,True
3,1245,1784808123.0444741,8,0.021338701248168945,0.002667337656021118,True
3,1246,1784808123.066171,8,0.021132707595825195,0.0026415884494781494,True
3,1247,1784808123.0877357,8,0.01913309097290039,0.002391636371612549,True
3,1248,1784808123.107157,8,0.01978921890258789,0.0024736523628234863,True
3,1249,1784808123.1273677,8,0.021252870559692383,0.002656608819961548,True
3,1250,1784808123.1490438,8,0.020699501037597656,0.002587437629699707,True
3,1251,1784808123.1701796,8,0.02059769630432129,0.002574712038040161,True
3,1252,1784808123.1911514,8,0.020774364471435547,0.0025967955589294434,True
3,1253,1784808123.212384,8,0.02074909210205078,0.0025936365127563477,True
3,1254,1784808123.233591,8,0.02016901969909668,0.002521127462387085,True
3,1255,1784808123.254213,8,0.02133345603942871,0.002666682004928589,True
3,1256,1784808123.2759075,8,0.019317150115966797,0.0024146437644958496,True
3,1257,1784808123.2956126,8,0.021160602569580078,0.0026450753211975098,True
3,1258,1784808123.3171535,8,0.019466876983642578,0.0024333596229553223,True
3,1259,1784808123.3372245,8,0.01914048194885254,0.0023925602436065674,True
3,1260,1784808123.3571649,8,0.020426273345947266,0.002553284168243408,True
3,1261,1784808123.3781643,8,0.020194530487060547,0.0025243163108825684,True
3,1262,1784808123.3990467,8,0.019944429397583008,0.002493053674697876,True
3,1263,1784808123.4193377,8,0.02072882652282715,0.0025911033153533936,True
3,1264,1784808123.4404545,8,0.02048945426940918,0.0025611817836761475,True
3,1265,1784808123.4614618,8,0.01947927474975586,0.0024349093437194824,True
3,1266,1784808123.4816015,8,0.021384716033935547,0.0026730895042419434,True
3,1267,1784808123.5033321,8,0.02130746841430664,0.00266343355178833,True
3,1268,1784808123.5249774,8,0.02095627784729004,0.002619534730911255,True
3,1269,1784808123.5462573,8,0.020111560821533203,0.0025139451026916504,True
3,1270,1784808123.566965,8,0.020378589630126953,0.002547323703765869,True
3,1271,1784808123.5876164,8,0.02106499671936035,0.002633124589920044,True
3,1272,1784808123.6091695,8,0.021585702896118164,0.0026982128620147705,True
3,1273,1784808123.6312003,8,0.019618511199951172,0.0024523138999938965,True
3,1274,1784808123.65119,8,0.022610902786254883,0.0028263628482818604,True
3,1275,1784808123.6741328,8,0.020233154296875,0.002529144287109375,True
3,1276,1784808123.6948638,8,0.02089834213256836,0.002612292766571045,True
3,1277,1784808123.716097,8,0.01973247528076172,0.002466559410095215,True
3,1278,1784808123.7361643,8,0.02036762237548828,0.002545952796936035,True
3,1279,1784808123.75684,8,0.020812034606933594,0.0026015043258666992,True
3,1280,1784808123.7781074,8,0.019367218017578125,0.0024209022521972656,True
3,1281,1784808123.7977803,8,0.020810842514038086,0.0026013553142547607,True
3,1282,1784808123.8190389,8,0.022585630416870117,0.0028232038021087646,True
3,1283,1784808123.8420177,8,0.01903820037841797,0.002379775047302246,True
3,1284,1784808123.8613753,8,0.018819570541381836,0.0023524463176727295,True
3,1285,1784808123.8806028,8,0.02022099494934082,0.0025276243686676025,True
3,1286,1784808123.902389,8,0.020967721939086914,0.0026209652423858643,True
3,1287,1784808123.9241118,8,0.020895004272460938,0.002611875534057617,True
3,1288,1784808123.945404,8,0.020061492919921875,0.0025076866149902344,True
3,1289,1784808123.9659123,8,0.020163297653198242,0.0025204122066497803,True
3,1290,1784808123.9867444,8,0.0201871395111084,0.00252339243888855,True
3,1291,1784808124.007282,8,0.02191019058227539,0.002738773822784424,True
3,1292,1784808124.029519,8,0.021536827087402344,0.002692103385925293,True
3,1293,1784808124.0529442,8,0.018267154693603516,0.0022833943367004395,True
3,1294,1784808124.0718024,8,0.020754575729370117,0.0025943219661712646,True
3,1295,1784808124.0930045,8,0.022127389907836914,0.0027659237384796143,True
3,1296,1784808124.1162155,8,0.020369768142700195,0.0025462210178375244,True
3,1297,1784808124.137118,8,0.02208542823791504,0.00276067852973938,True
3,1298,1784808124.1600173,8,0.019254446029663086,0.0024068057537078857,True
3,1299,1784808124.1801093,8,0.021358489990234375,0.002669811248779297,True
3,1300,1784808124.2019863,8,0.01983928680419922,0.0024799108505249023,True
3,1301,1784808124.2221694,8,0.01962590217590332,0.002453237771987915,True
3,1302,1784808124.2422721,8,0.021194934844970703,0.002649366855621338,True
3,1303,1784808124.264136,8,0.019939899444580078,0.0024924874305725098,True
3,1304,1784808124.2869983,8,0.01986551284790039,0.002483189105987549,True
3,1305,1784808124.3071885,8,0.020746469497680664,0.002593308687210083,True
3,1306,1784808124.3284233,8,0.020293712615966797,0.0025367140769958496,True
3,1307,1784808124.3499782,8,0.021457195281982422,0.0026821494102478027,True
3,1308,1784808124.3719673,8,0.020634889602661133,0.0025793612003326416,True
3,1309,1784808124.3931203,8,0.020229578018188477,0.0025286972522735596,True
3,1310,1784808124.413704,8,0.020978689193725586,0.0026223361492156982,True
3,1311,1784808124.4350986,8,0.019368648529052734,0.002421081066131592,True
3,1312,1784808124.4548051,8,0.01977372169494629,0.002471715211868286,True
3,1313,1784808124.474948,8,0.020101547241210938,0.002512693405151367,True
3,1314,1784808124.4953961,8,0.019762039184570312,0.002470254898071289,True
3,1315,1784808124.515438,8,0.022618770599365234,0.0028273463249206543,True
3,1316,1784808124.5384796,8,0.02128458023071289,0.0026605725288391113,True
3,1317,1784808124.5601487,8,0.019752025604248047,0.002469003200531006,True
3,1318,1784808124.5802636,8,0.019382238388061523,0.0024227797985076904,True
3,1319,1784808124.59996,8,0.019786834716796875,0.0024733543395996094,True
3,1320,1784808124.62062,8,0.020560264587402344,0.002570033073425293,True
3,1321,1784808124.6421766,8,0.021524429321289062,0.002690553665161133,True
3,1322,1784808124.6640878,8,0.0208280086517334,0.002603501081466675,True
3,1323,1784808124.6861186,8,0.021589994430541992,0.002698749303817749,True
3,1324,1784808124.7080798,8,0.018959522247314453,0.0023699402809143066,True
3,1325,1784808124.727641,8,0.019540786743164062,0.002442598342895508,True
3,1326,1784808124.7475362,8,0.01920628547668457,0.0024007856845855713,True
3,1327,1784808124.7671552,8,0.021437883377075195,0.0026797354221343994,True
3,1328,1784808124.7889981,8,0.01824212074279785,0.0022802650928497314,True
3,1329,1784808124.8075855,8,0.023883581161499023,0.002985447645187378,True
3,1330,1784808124.8318133,8,0.018793344497680664,0.002349168062210083,True
3,1331,1784808124.8510442,8,0.022449254989624023,0.002806156873703003,True
3,1332,1784808124.8738341,8,0.019381046295166016,0.002422630786895752,True
3,1333,1784808124.8935652,8,0.022663116455078125,0.0028328895568847656,True
3,1334,1784808124.9165986,8,0.021557331085205078,0.0026946663856506348,True
3,1335,1784808124.9386961,8,0.020154476165771484,0.0025193095207214355,True
3,1336,1784808124.9591846,8,0.019299983978271484,0.0024124979972839355,True
3,1337,1784808124.979474,8,0.018002033233642578,0.0022502541542053223,True
3,1338,1784808124.9977586,8,0.02122664451599121,0.0026533305644989014,True
3,1339,1784808125.0195806,8,0.02035045623779297,0.002543807029724121,True
3,1340,1784808125.0404327,8,0.019884347915649414,0.0024855434894561768,True
3,1341,1784808125.060621,8,0.022510766983032227,0.0028138458728790283,True
3,1342,1784808125.0835073,8,0.018635988235473633,0.002329498529434204,True
3,1343,1784808125.1025915,8,0.020842313766479492,0.0026052892208099365,True
3,1344,1784808125.1237614,8,0.020565032958984375,0.002570629119873047,True
3,1345,1784808125.1448433,8,0.02011728286743164,0.002514660358428955,True
3,1346,1784808125.1655147,8,0.018468618392944336,0.002308577299118042,True
3,1347,1784808125.1843781,8,0.022251129150390625,0.002781391143798828,True
3,1348,1784808125.2071064,8,0.018755674362182617,0.002344459295272827,True
3,1349,1784808125.226234,8,0.018668413162231445,0.0023335516452789307,True
3,1350,1784808125.2452247,8,0.01989459991455078,0.0024868249893188477,True
3,1351,1784808125.265617,8,0.020606040954589844,0.0025757551193237305,True
3,1352,1784808125.2867463,8,0.018810272216796875,0.0023512840270996094,True
3,1353,1784808125.306655,8,0.019804954528808594,0.0024756193161010742,True
3,1354,1784808125.326907,8,0.01960468292236328,0.00245058536529541,True
3,1355,1784808125.3468516,8,0.019572734832763672,0.002446591854095459,True
3,1356,1784808125.3669043,8,0.01943492889404297,0.002429366111755371,True
3,1357,1784808125.3867862,8,0.02149677276611328,0.00268709659576416,True
3,1358,1784808125.4086227,8,0.021279096603393555,0.0026598870754241943,True
3,1359,1784808125.4303765,8,0.019617557525634766,0.0024521946907043457,True
3,1360,1784808125.4503052,8,0.020529985427856445,0.0025662481784820557,True
3,1361,1784808125.4712102,8,0.0204317569732666,0.002553969621658325,True
3,1362,1784808125.491954,8,0.01973438262939453,0.0024667978286743164,True
3,1363,1784808125.5119889,8,0.02378702163696289,0.0029733777046203613,True
3,1364,1784808125.5361435,8,0.01978158950805664,0.00247269868850708,True
3,1365,1784808125.5563622,8,0.02056121826171875,0.0025701522827148438,True
3,1366,1784808125.5774043,8,0.01971745491027832,0.00246468186378479,True
3,1367,1784808125.597655,8,0.020638704299926758,0.0025798380374908447,True
3,1368,1784808125.6187592,8,0.020550966262817383,0.002568870782852173,True
3,1369,1784808125.63969,8,0.021570682525634766,0.0026963353157043457,True
3,1370,1784808125.66161,8,0.021339893341064453,0.0026674866676330566,True
3,1371,1784808125.6832852,8,0.02192974090576172,0.002741217613220215,True
3,1372,1784808125.7058578,8,0.020147085189819336,0.002518385648727417,True
3,1373,1784808125.726585,8,0.02002716064453125,0.0025033950805664062,True
3,1374,1784808125.7471747,8,0.019533634185791016,0.002441704273223877,True
3,1375,1784808125.767116,8,0.019545793533325195,0.0024432241916656494,True
3,1376,1784808125.787008,8,0.020346879959106445,0.0025433599948883057,True
3,1377,1784808125.8076596,8,0.02124166488647461,0.002655208110809326,True
3,1378,1784808125.8293421,8,0.018839597702026367,0.002354949712753296,True
3,1379,1784808125.8484838,8,0.020751476287841797,0.0025939345359802246,True
3,1380,1784808125.86958,8,0.018561840057373047,0.002320230007171631,True
3,1381,1784808125.8884468,8,0.0202486515045166,0.002531081438064575,True
3,1382,1784808125.9090657,8,0.021389484405517578,0.0026736855506896973,True
3,1383,1784808125.9308972,8,0.02017998695373535,0.002522498369216919,True
3,1384,1784808125.9516826,8,0.020718812942504883,0.0025898516178131104,True
3,1385,1784808125.9732015,8,0.017363309860229492,0.0021704137325286865,True
3,1386,1784808125.9909694,8,0.02256488800048828,0.002820611000061035,True
3,1387,1784808126.013877,8,0.020582914352416992,0.002572864294052124,True
3,1388,1784808126.0347698,8,0.021187305450439453,0.0026484131813049316,True
3,1389,1784808126.0563636,8,0.021030426025390625,0.002628803253173828,True
3,1390,1784808126.0778623,8,0.01972222328186035,0.002465277910232544,True
3,1391,1784808126.0982394,8,0.019887447357177734,0.002485930919647217,True
3,1392,1784808126.118496,8,0.024748563766479492,0.0030935704708099365,True
3,1393,1784808126.143814,8,0.020637035369873047,0.002579629421234131,True
3,1394,1784808126.1648295,8,0.020583391189575195,0.0025729238986968994,True
3,1395,1784808126.1857636,8,0.020322084426879883,0.0025402605533599854,True
3,1396,1784808126.2065666,8,0.019724130630493164,0.0024655163288116455,True
3,1397,1784808126.2270627,8,0.021295785903930664,0.002661973237991333,True
3,1398,1784808126.2487438,8,0.020385265350341797,0.0025481581687927246,True
3,1399,1784808126.2696934,8,0.020141124725341797,0.0025176405906677246,True
3,1400,1784808126.2906854,8,0.018867969512939453,0.0023584961891174316,True
3,1401,1784808126.3102474,8,0.021318912506103516,0.0026648640632629395,True
3,1402,1784808126.3323011,8,0.021316051483154297,0.002664506435394287,True
3,1403,1784808126.3550866,8,0.018346071243286133,0.0022932589054107666,True
3,1404,1784808126.3745914,8,0.020406246185302734,0.002550780773162842,True
3,1405,1784808126.3958323,8,0.01952052116394043,0.0024400651454925537,True
3,1406,1784808126.4160159,8,0.021709918975830078,0.0027137398719787598,True
3,1407,1784808126.4380124,8,0.019765138626098633,0.002470642328262329,True
3,1408,1784808126.4582486,8,0.0211484432220459,0.0026435554027557373,True
3,1409,1784808126.4797266,8,0.019516706466674805,0.0024395883083343506,True
3,1410,1784808126.4996297,8,0.020450115203857422,0.0025562644004821777,True
3,1411,1784808126.5209467,8,0.02024364471435547,0.0025304555892944336,True
3,1412,1784808126.541516,8,0.019629955291748047,0.002453744411468506,True
3,1413,1784808126.5615306,8,0.019819021224975586,0.0024773776531219482,True
3,1414,1784808126.5818906,8,0.020411252975463867,0.0025514066219329834,True
3,1415,1784808126.6031232,8,0.021520614624023438,0.0026900768280029297,True
3,1416,1784808126.625107,8,0.02005600929260254,0.0025070011615753174,True
3,1417,1784808126.6457825,8,0.020455598831176758,0.0025569498538970947,True
3,1418,1784808126.6669118,8,0.019412755966186523,0.0024265944957733154,True
3,1419,1784808126.6867356,8,0.021006345748901367,0.002625793218612671,True
3,1420,1784808126.7080603,8,0.019439220428466797,0.0024299025535583496,True
3,1421,1784808126.7278168,8,0.020631074905395508,0.0025788843631744385,True
3,1422,1784808126.7487986,8,0.020960569381713867,0.0026200711727142334,True
3,1423,1784808126.770119,8,0.020488500595092773,0.0025610625743865967,True
3,1424,1784808126.7911153,8,0.019477367401123047,0.002434670925140381,True
3,1425,1784808126.8112125,8,0.020383834838867188,0.0025479793548583984,True
3,1426,1784808126.8319976,8,0.0201876163482666,0.002523452043533325,True
3,1427,1784808126.852584,8,0.020701885223388672,0.002587735652923584,True
3,1428,1784808126.8735962,8,0.02066659927368164,0.002583324909210205,True
3,1429,1784808126.8947656,8,0.020444154739379883,0.0025555193424224854,True
3,1430,1784808126.9159153,8,0.020298480987548828,0.0025373101234436035,True
3,1431,1784808126.9367669,8,0.02183675765991211,0.0027295947074890137,True
3,1432,1784808126.959042,8,0.019215106964111328,0.002401888370513916,True
3,1433,1784808126.979052,8,0.02104496955871582,0.0026306211948394775,True
3,1434,1784808127.0007179,8,0.01968526840209961,0.002460658550262451,True
3,1435,1784808127.0208926,8,0.01965928077697754,0.0024574100971221924,True
3,1436,1784808127.0412424,8,0.018895387649536133,0.0023619234561920166,True
3,1437,1784808127.061237,8,0.02214646339416504,0.00276830792427063,True
3,1438,1784808127.083881,8,0.018114328384399414,0.0022642910480499268,True
3,1439,1784808127.1032395,8,0.022534847259521484,0.0028168559074401855,True
3,1440,1784808127.1261282,8,0.020054340362548828,0.0025067925453186035,True
3,1441,1784808127.1464667,8,0.01940608024597168,0.00242576003074646,True
3,1442,1784808127.1663728,8,0.02053093910217285,0.0025663673877716064,True
3,1443,1784808127.1872506,8,0.0249173641204834,0.003114670515060425,True
3,1444,1784808127.2128735,8,0.017513751983642578,0.0021892189979553223,True
3,1445,1784808127.2311566,8,0.020052194595336914,0.0025065243244171143,True
3,1446,1784808127.2516735,8,0.020798683166503906,0.0025998353958129883,True
3,1447,1784808127.2730405,8,0.02134227752685547,0.0026677846908569336,True
3,1448,1784808127.2947772,8,0.01880335807800293,0.002350419759750366,True
3,1449,1784808127.3140838,8,0.018874406814575195,0.0023593008518218994,True
3,1450,1784808127.333466,8,0.020914316177368164,0.0026142895221710205,True
3,1451,1784808127.3549511,8,0.019778013229370117,0.0024722516536712646,True
3,1452,1784808127.375422,8,0.022112607955932617,0.002764075994491577,True
3,1453,1784808127.3979151,8,0.02035665512084961,0.002544581890106201,True
3,1454,1784808127.4187202,8,0.018149137496948242,0.0022686421871185303,True
3,1455,1784808127.4373055,8,0.01897573471069336,0.00237196683883667,True
3,1456,1784808127.4566548,8,0.01961231231689453,0.0024515390396118164,True
3,1457,1784808127.4766507,8,0.018536806106567383,0.002317100763320923,True
3,1458,1784808127.4965138,8,0.0213470458984375,0.0026683807373046875,True
3,1459,1784808127.5182848,8,0.019322633743286133,0.0024153292179107666,True
3,1460,1784808127.5381136,8,0.01997542381286621,0.0024969279766082764,True
3,1461,1784808127.558895,8,0.01996302604675293,0.002495378255844116,True
3,1462,1784808127.5793378,8,0.019924163818359375,0.002490520477294922,True
3,1463,1784808127.5996866,8,0.02140069007873535,0.002675086259841919,True
3,1464,1784808127.621418,8,0.018798828125,0.002349853515625,True
3,1465,1784808127.640536,8,0.020096778869628906,0.0025120973587036133,True
3,1466,1784808127.6609466,8,0.018914461135864258,0.0023643076419830322,True
3,1467,1784808127.6801887,8,0.01978898048400879,0.0024736225605010986,True
3,1468,1784808127.70087,8,0.019289255142211914,0.0024111568927764893,True
3,1469,1784808127.7209108,8,0.019716501235961914,0.0024645626544952393,True
3,1470,1784808127.7409573,8,0.020824432373046875,0.0026030540466308594,True
3,1471,1784808127.762428,8,0.023741722106933594,0.0029677152633666992,True
3,1472,1784808127.7866569,8,0.02103734016418457,0.0026296675205230713,True
3,1473,1784808127.8081665,8,0.021485090255737305,0.002685636281967163,True
3,1474,1784808127.8299692,8,0.01899123191833496,0.00237390398979187,True
3,1475,1784808127.8492308,8,0.0214996337890625,0.0026874542236328125,True
3,1476,1784808127.871141,8,0.021619319915771484,0.0027024149894714355,True
3,1477,1784808127.8932834,8,0.022228717803955078,0.0027785897254943848,True
3,1478,1784808127.9165392,8,0.020020008087158203,0.0025025010108947754,True
3,1479,1784808127.9371302,8,0.020574569702148438,0.0025718212127685547,True
3,1480,1784808127.9581292,8,0.01955437660217285,0.0024442970752716064,True
3,1481,1784808127.9780796,8,0.020044565200805664,0.002505570650100708,True
3,1482,1784808127.9985166,8,0.021399974822998047,0.002674996852874756,True
3,1483,1784808128.0202694,8,0.020889997482299805,0.0026112496852874756,True
3,1484,1784808128.0415869,8,0.020142555236816406,0.0025178194046020508,True
3,1485,1784808128.0623243,8,0.018663883209228516,0.0023329854011535645,True
3,1486,1784808128.081352,8,0.019327163696289062,0.002415895462036133,True
3,1487,1784808128.1010814,8,0.018442630767822266,0.002305328845977783,True
3,1488,1784808128.1199749,8,0.018883466720581055,0.002360433340072632,True
3,1489,1784808128.1396046,8,0.021067380905151367,0.002633422613143921,True
3,1490,1784808128.1610394,8,0.019688129425048828,0.0024610161781311035,True
3,1491,1784808128.181102,8,0.018984556198120117,0.0023730695247650146,True
3,1492,1784808128.200523,8,0.02030181884765625,0.0025377273559570312,True
3,1493,1784808128.2211392,8,0.020722627639770508,0.0025903284549713135,True
3,1494,1784808128.2422805,8,0.020212888717651367,0.002526611089706421,True
3,1495,1784808128.2628038,8,0.02021479606628418,0.0025268495082855225,True
3,1496,1784808128.2833436,8,0.019586801528930664,0.002448350191116333,True
3,1497,1784808128.3033683,8,0.01893138885498047,0.0023664236068725586,True
3,1498,1784808128.322964,8,0.02018594741821289,0.0025232434272766113,True
3,1499,1784808128.3433962,8,0.01954364776611328,0.00244295597076416,True
3,1500,1784808128.3635147,8,0.021889686584472656,0.002736210823059082,True
3,1501,1784808128.3857958,8,0.01868414878845215,0.0023355185985565186,True
3,1502,1784808128.4048333,8,0.0202944278717041,0.0025368034839630127,True
3,1503,1784808128.425468,8,0.021068334579467773,0.0026335418224334717,True
3,1504,1784808128.446946,8,0.022253036499023438,0.0027816295623779297,True
3,1505,1784808128.4695604,8,0.02058267593383789,0.0025728344917297363,True
3,1506,1784808128.491954,8,0.017299890518188477,0.0021624863147735596,True
3,1507,1784808128.5096338,8,0.019690513610839844,0.0024613142013549805,True
3,1508,1784808128.5297644,8,0.020342350006103516,0.0025427937507629395,True
3,1509,1784808128.5503879,8,0.021175146102905273,0.002646893262863159,True
3,1510,1784808128.5726247,8,0.017830610275268555,0.0022288262844085693,True
3,1511,1784808128.590738,8,0.02176833152770996,0.002721041440963745,True
3,1512,1784808128.6130993,8,0.021205902099609375,0.002650737762451172,True
3,1513,1784808128.634865,8,0.021192312240600586,0.0026490390300750732,True
3,1514,1784808128.6564183,8,0.019766807556152344,0.002470850944519043,True
3,1515,1784808128.6766315,8,0.01949787139892578,0.0024372339248657227,True
3,1516,1784808128.696473,8,0.02041316032409668,0.002551645040512085,True
3,1517,1784808128.7173414,8,0.01977062225341797,0.002471327781677246,True
3,1518,1784808128.7375705,8,0.019531965255737305,0.002441495656967163,True
3,1519,1784808128.7575023,8,0.020392417907714844,0.0025490522384643555,True
3,1520,1784808128.7782805,8,0.02101445198059082,0.0026268064975738525,True
3,1521,1784808128.7996304,8,0.020838260650634766,0.0026047825813293457,True
3,1522,1784808128.8210194,8,0.020833969116210938,0.002604246139526367,True
3,1523,1784808128.8422756,8,0.019226789474487305,0.002403348684310913,True
3,1524,1784808128.8618467,8,0.020311832427978516,0.0025389790534973145,True
3,1525,1784808128.882588,8,0.021897554397583008,0.002737194299697876,True
3,1526,1784808128.905551,8,0.018584728240966797,0.0023230910301208496,True
3,1527,1784808128.9244218,8,0.02044987678527832,0.00255623459815979,True
3,1528,1784808128.9451556,8,0.020315885543823242,0.0025394856929779053,True
3,1529,1784808128.9659262,8,0.021669626235961914,0.0027087032794952393,True
3,1530,1784808128.9879305,8,0.02121710777282715,0.0026521384716033936,True
3,1531,1784808129.0095775,8,0.019847631454467773,0.0024809539318084717,True
3,1532,1784808129.029846,8,0.020681381225585938,0.002585172653198242,True
3,1533,1784808129.0508695,8,0.020479679107666016,0.002559959888458252,True
3,1534,1784808129.0716894,8,0.0199739933013916,0.00249674916267395,True
3,1535,1784808129.0921285,8,0.021030426025390625,0.002628803253173828,True
3,1536,1784808129.1136684,8,0.02100372314453125,0.0026254653930664062,True
3,1537,1784808129.1350095,8,0.022296905517578125,0.0027871131896972656,True
3,1538,1784808129.1577115,8,0.021193742752075195,0.0026492178440093994,True
3,1539,1784808129.179263,8,0.02017974853515625,0.0025224685668945312,True
3,1540,1784808129.1997657,8,0.02207040786743164,0.002758800983428955,True
3,1541,1784808129.2224848,8,0.018293380737304688,0.002286672592163086,True
3,1542,1784808129.2411225,8,0.02141404151916504,0.00267675518989563,True
3,1543,1784808129.2628706,8,0.0195009708404541,0.0024376213550567627,True
3,1544,1784808129.282729,8,0.019470930099487305,0.002433866262435913,True
3,1545,1784808129.3037992,8,0.019010305404663086,0.0023762881755828857,True
3,1546,1784808129.3231368,8,0.022518396377563477,0.0028147995471954346,True
3,1547,1784808129.3462913,8,0.017004728317260742,0.0021255910396575928,True
3,1548,1784808129.3641434,8,0.02000594139099121,0.0025007426738739014,True
3,1549,1784808129.3845549,8,0.01927328109741211,0.0024091601371765137,True
3,1550,1784808129.4042096,8,0.021618127822875977,0.002702265977859497,True
3,1551,1784808129.426397,8,0.020244359970092773,0.0025305449962615967,True
3,1552,1784808129.4470904,8,0.02131366729736328,0.00266420841217041,True
3,1553,1784808129.4687848,8,0.021442174911499023,0.002680271863937378,True
3,1554,1784808129.4905505,8,0.02194046974182129,0.002742558717727661,True
3,1555,1784808129.5128267,8,0.019875526428222656,0.002484440803527832,True
3,1556,1784808129.533248,8,0.0216672420501709,0.0027084052562713623,True
3,1557,1784808129.5555127,8,0.022635936737060547,0.0028294920921325684,True
3,1558,1784808129.578567,8,0.020026206970214844,0.0025032758712768555,True
3,1559,1784808129.599317,8,0.022507667541503906,0.0028134584426879883,True
3,1560,1784808129.6221397,8,0.01978158950805664,0.00247269868850708,True
3,1561,1784808129.642302,8,0.020882606506347656,0.002610325813293457,True
3,1562,1784808129.6635194,8,0.018169641494750977,0.002271205186843872,True
3,1563,1784808129.6823766,8,0.0219118595123291,0.0027389824390411377,True
3,1564,1784808129.7049055,8,0.02039480209350586,0.0025493502616882324,True
3,1565,1784808129.7256577,8,0.019708633422851562,0.0024635791778564453,True
3,1566,1784808129.7457044,8,0.02123737335205078,0.0026546716690063477,True
3,1567,1784808129.7674153,8,0.019380569458007812,0.0024225711822509766,True
3,1568,1784808129.787163,8,0.02061939239501953,0.0025774240493774414,True
3,1569,1784808129.808219,8,0.02010512351989746,0.0025131404399871826,True
3,1570,1784808129.828694,8,0.0204160213470459,0.0025520026683807373,True
3,1571,1784808129.849503,8,0.0198211669921875,0.0024776458740234375,True
3,1572,1784808129.8697915,8,0.02012157440185547,0.0025151968002319336,True
3,1573,1784808129.8902333,8,0.020755767822265625,0.002594470977783203,True
3,1574,1784808129.9113748,8,0.020201444625854492,0.0025251805782318115,True
3,1575,1784808129.9319112,8,0.019873380661010742,0.0024841725826263428,True
3,1576,1784808129.952126,8,0.01990985870361328,0.00248873233795166,True
3,1577,1784808129.9724157,8,0.019907712936401367,0.002488464117050171,True
3,1578,1784808129.992831,8,0.018976449966430664,0.002372056245803833,True
3,1579,1784808130.012115,8,0.019301652908325195,0.0024127066135406494,True
3,1580,1784808130.0316644,8,0.020883798599243164,0.0026104748249053955,True
3,1581,1784808130.0528717,8,0.01995086669921875,0.0024938583374023438,True
3,1582,1784808130.0732598,8,0.018578290939331055,0.002322286367416382,True
3,1583,1784808130.092249,8,0.02011394500732422,0.0025142431259155273,True
3,1584,1784808130.1127343,8,0.020024776458740234,0.0025030970573425293,True
3,1585,1784808130.1332526,8,0.022757291793823242,0.0028446614742279053,True
3,1586,1784808130.1564128,8,0.02071404457092285,0.0025892555713653564,True
3,1587,1784808130.1776636,8,0.02187061309814453,0.0027338266372680664,True
3,1588,1784808130.2004328,8,0.02010035514831543,0.0025125443935394287,True
3,1589,1784808130.2208905,8,0.021944284439086914,0.0027430355548858643,True
3,1590,1784808130.2431552,8,0.020267009735107422,0.0025333762168884277,True
3,1591,1784808130.2637331,8,0.020119190216064453,0.0025148987770080566,True
3,1592,1784808130.2842314,8,0.019041776657104492,0.0023802220821380615,True
3,1593,1784808130.3035862,8,0.02030491828918457,0.0025381147861480713,True
3,1594,1784808130.324242,8,0.02086043357849121,0.0026075541973114014,True
3,1595,1784808130.3454626,8,0.01900172233581543,0.0023752152919769287,True
3,1596,1784808130.3655221,8,0.017972946166992188,0.0022466182708740234,True
3,1597,1784808130.3840456,8,0.02160358428955078,0.0027004480361938477,True
3,1598,1784808130.4065301,8,0.020099639892578125,0.0025124549865722656,True
3,1599,1784808130.426965,8,0.018621444702148438,0.0023276805877685547,True
3,1600,1784808130.4464958,8,0.022999048233032227,0.0028748810291290283,True
3,1601,1784808130.4698708,8,0.016764402389526367,0.002095550298690796,True
3,1602,1784808130.4871998,8,0.018934965133666992,0.002366870641708374,True
3,1603,1784808130.506557,8,0.01914048194885254,0.0023925602436065674,True
3,1604,1784808130.5262563,8,0.020186424255371094,0.0025233030319213867,True
3,1605,1784808130.547173,8,0.02087116241455078,0.0026088953018188477,True
3,1606,1784808130.5684464,8,0.019844770431518555,0.0024805963039398193,True
3,1607,1784808130.5886922,8,0.020228147506713867,0.0025285184383392334,True
3,1608,1784808130.6093569,8,0.021256208419799805,0.0026570260524749756,True
3,1609,1784808130.631438,8,0.0203249454498291,0.0025406181812286377,True
3,1610,1784808130.652197,8,0.019587278366088867,0.0024484097957611084,True
3,1611,1784808130.672379,8,0.019479990005493164,0.0024349987506866455,True
3,1612,1784808130.692269,8,0.01829242706298828,0.002286553382873535,True
3,1613,1784808130.7109084,8,0.02250838279724121,0.0028135478496551514,True
3,1614,1784808130.7344038,8,0.01690506935119629,0.002113133668899536,True
3,1615,1784808130.7518005,8,0.01925969123840332,0.002407461404800415,True
3,1616,1784808130.7715867,8,0.01914048194885254,0.0023925602436065674,True
3,1617,1784808130.7910388,8,0.020017623901367188,0.0025022029876708984,True
3,1618,1784808130.8114915,8,0.019959449768066406,0.0024949312210083008,True
3,1619,1784808130.8318963,8,0.02044391632080078,0.0025554895401000977,True
3,1620,1784808130.8527136,8,0.021105527877807617,0.002638190984725952,True
3,1621,1784808130.8747137,8,0.023253917694091797,0.0029067397117614746,True
3,1622,1784808130.8989441,8,0.019678354263305664,0.002459794282913208,True
3,1623,1784808130.919156,8,0.019633054733276367,0.002454131841659546,True
3,1624,1784808130.9392014,8,0.019361019134521484,0.0024201273918151855,True
3,1625,1784808130.9589481,8,0.018924951553344727,0.002365618944168091,True
3,1626,1784808130.9783156,8,0.021065711975097656,0.002633213996887207,True
3,1627,1784808131.00072,8,0.019499540328979492,0.0024374425411224365,True
3,1628,1784808131.0207694,8,0.02023601531982422,0.0025295019149780273,True
3,1629,1784808131.0414307,8,0.022066354751586914,0.0027582943439483643,True
3,1630,1784808131.0642474,8,0.020383834838867188,0.0025479793548583984,True
3,1631,1784808131.084977,8,0.020639419555664062,0.002579927444458008,True
3,1632,1784808131.1058903,8,0.020850419998168945,0.002606302499771118,True
3,1633,1784808131.1271286,8,0.019472837448120117,0.0024341046810150146,True
3,1634,1784808131.1473866,8,0.02076125144958496,0.00259515643119812,True
3,1635,1784808131.1684513,8,0.021052122116088867,0.0026315152645111084,True
3,1636,1784808131.1898968,8,0.020571470260620117,0.0025714337825775146,True
3,1637,1784808131.2108173,8,0.01917886734008789,0.0023973584175109863,True
3,1638,1784808131.230348,8,0.021561861038208008,0.002695232629776001,True
3,1639,1784808131.2522395,8,0.019719600677490234,0.0024649500846862793,True
3,1640,1784808131.2723694,8,0.01950216293334961,0.002437770366668701,True
3,1641,1784808131.2922106,8,0.02110576629638672,0.00263822078704834,True
3,1642,1784808131.3138044,8,0.023040056228637695,0.002880007028579712,True
3,1643,1784808131.3373556,8,0.021289348602294922,0.0026611685752868652,True
3,1644,1784808131.3593378,8,0.020664691925048828,0.0025830864906311035,True
3,1645,1784808131.380673,8,0.02122020721435547,0.0026525259017944336,True
3,1646,1784808131.402547,8,0.018679141998291016,0.002334892749786377,True
3,1647,1784808131.4219618,8,0.0202333927154541,0.0025291740894317627,True
3,1648,1784808131.4425228,8,0.019801616668701172,0.0024752020835876465,True
3,1649,1784808131.463248,8,0.019521713256835938,0.002440214157104492,True
3,1650,1784808131.4832234,8,0.019118785858154297,0.002389848232269287,True
3,1651,1784808131.5033514,8,0.01923394203186035,0.002404242753982544,True
3,1652,1784808131.522896,8,0.021310806274414062,0.002663850784301758,True
3,1653,1784808131.5446694,8,0.01977372169494629,0.002471715211868286,True
3,1654,1784808131.5652456,8,0.02166891098022461,0.002708613872528076,True
3,1655,1784808131.5873263,8,0.020094871520996094,0.0025118589401245117,True
3,1656,1784808131.6077847,8,0.01913738250732422,0.0023921728134155273,True
3,1657,1784808131.627549,8,0.02123570442199707,0.002654463052749634,True
3,1658,1784808131.649427,8,0.019116878509521484,0.0023896098136901855,True
3,1659,1784808131.6689153,8,0.019351482391357422,0.0024189352989196777,True
3,1660,1784808131.6898868,8,0.0205841064453125,0.0025730133056640625,True
3,1661,1784808131.7112384,8,0.018646240234375,0.002330780029296875,True
3,1662,1784808131.730427,8,0.021455764770507812,0.0026819705963134766,True
3,1663,1784808131.7523265,8,0.019870281219482422,0.0024837851524353027,True
3,1664,1784808131.7730446,8,0.0205078125,0.0025634765625,True
3,1665,1784808131.794056,8,0.019919872283935547,0.0024899840354919434,True
3,1666,1784808131.8146324,8,0.0191650390625,0.0023956298828125,True
3,1667,1784808131.8342838,8,0.02084827423095703,0.002606034278869629,True
3,1668,1784808131.8554752,8,0.021626949310302734,0.002703368663787842,True
3,1669,1784808131.8775206,8,0.021214723587036133,0.0026518404483795166,True
3,1670,1784808131.8991613,8,0.022088289260864258,0.0027610361576080322,True
3,1671,1784808131.9219131,8,0.018869876861572266,0.002358734607696533,True
3,1672,1784808131.9412868,8,0.019567012786865234,0.0024458765983581543,True
3,1673,1784808131.9611912,8,0.021470308303833008,0.002683788537979126,True
3,1674,1784808131.98309,8,0.020695209503173828,0.0025869011878967285,True
3,1675,1784808132.0049777,8,0.020660877227783203,0.0025826096534729004,True
3,1676,1784808132.0260756,8,0.01990509033203125,0.0024881362915039062,True
3,1677,1784808132.0465472,8,0.0189516544342041,0.0023689568042755127,True
3,1678,1784808132.0661008,8,0.020366907119750977,0.002545863389968872,True
3,1679,1784808132.0868516,8,0.0199429988861084,0.00249287486076355,True
3,1680,1784808132.1076844,8,0.020277738571166992,0.002534717321395874,True
3,1681,1784808132.1284645,8,0.02070450782775879,0.0025880634784698486,True
3,1682,1784808132.1496723,8,0.019845962524414062,0.002480745315551758,True
3,1683,1784808132.1702428,8,0.01870894432067871,0.002338618040084839,True
3,1684,1784808132.1894248,8,0.020589828491210938,0.002573728561401367,True
3,1685,1784808132.2104433,8,0.022639989852905273,0.002829998731613159,True
3,1686,1784808132.2334733,8,0.01864457130432129,0.002330571413040161,True
3,1687,1784808132.2535024,8,0.0195615291595459,0.0024451911449432373,True
3,1688,1784808132.274034,8,0.019358158111572266,0.002419769763946533,True
3,1689,1784808132.293802,8,0.020748138427734375,0.002593517303466797,True
3,1690,1784808132.3153155,8,0.02117466926574707,0.002646833658218384,True
3,1691,1784808132.337054,8,0.01924610137939453,0.0024057626724243164,True
3,1692,1784808132.3566463,8,0.018508434295654297,0.002313554286956787,True
3,1693,1784808132.375588,8,0.020428895950317383,0.002553611993789673,True
3,1694,1784808132.3965344,8,0.019771575927734375,0.002471446990966797,True
3,1695,1784808132.4167433,8,0.01988983154296875,0.0024862289428710938,True
3,1696,1784808132.436949,8,0.019974470138549805,0.0024968087673187256,True
3,1697,1784808132.45722,8,0.019443035125732422,0.0024303793907165527,True
3,1698,1784808132.4770482,8,0.019355058670043945,0.002419382333755493,True
3,1699,1784808132.498453,8,0.018624067306518555,0.0023280084133148193,True
3,1700,1784808132.5174575,8,0.021088838577270508,0.0026361048221588135,True
3,1701,1784808132.5390058,8,0.019984006881713867,0.0024980008602142334,True
3,1702,1784808132.5592957,8,0.019263267517089844,0.0024079084396362305,True
3,1703,1784808132.578925,8,0.020287275314331055,0.002535909414291382,True
3,1704,1784808132.5997205,8,0.01965498924255371,0.002456873655319214,True
3,1705,1784808132.6197448,8,0.018028974533081055,0.002253621816635132,True
3,1706,1784808132.6381445,8,0.02137279510498047,0.0026715993881225586,True
3,1707,1784808132.6609614,8,0.019367456436157227,0.0024209320545196533,True
3,1708,1784808132.680769,8,0.018812179565429688,0.002351522445678711,True
3,1709,1784808132.6999743,8,0.019922494888305664,0.002490311861038208,True
3,1710,1784808132.720243,8,0.021170616149902344,0.002646327018737793,True
3,1711,1784808132.7418153,8,0.02073073387145996,0.002591341733932495,True
3,1712,1784808132.7630696,8,0.020318031311035156,0.0025397539138793945,True
3,1713,1784808132.7837386,8,0.021939516067504883,0.0027424395084381104,True
3,1714,1784808132.806005,8,0.019643068313598633,0.002455383539199829,True
3,1715,1784808132.8260956,8,0.021493911743164062,0.002686738967895508,True
3,1716,1784808132.8479836,8,0.020659208297729492,0.0025824010372161865,True
3,1717,1784808132.8690703,8,0.019717931747436523,0.0024647414684295654,True
3,1718,1784808132.8892689,8,0.020611047744750977,0.002576380968093872,True
3,1719,1784808132.9102418,8,0.020778656005859375,0.002597332000732422,True
3,1720,1784808132.9313939,8,0.02055525779724121,0.0025694072246551514,True
3,1721,1784808132.952278,8,0.020859956741333008,0.002607494592666626,True
3,1722,1784808132.9735157,8,0.022771835327148438,0.0028464794158935547,True
3,1723,1784808132.996731,8,0.01974010467529297,0.002467513084411621,True
3,1724,1784808133.0169525,8,0.019499778747558594,0.0024374723434448242,True
3,1725,1784808133.036808,8,0.019809722900390625,0.002476215362548828,True
3,1726,1784808133.0569816,8,0.022388458251953125,0.0027985572814941406,True
3,1727,1784808133.0796888,8,0.021292686462402344,0.002661585807800293,True
3,1728,1784808133.1013775,8,0.019944429397583008,0.002493053674697876,True
3,1729,1784808133.1217585,8,0.019222259521484375,0.002402782440185547,True
3,1730,1784808133.1413684,8,0.01953125,0.00244140625,True
3,1731,1784808133.1612914,8,0.021103858947753906,0.0026379823684692383,True
3,1732,1784808133.1832924,8,0.019950151443481445,0.0024937689304351807,True
3,1733,1784808133.2036686,8,0.019480466842651367,0.002435058355331421,True
3,1734,1784808133.2239742,8,0.01969122886657715,0.0024614036083221436,True
3,1735,1784808133.2439868,8,0.021678686141967773,0.0027098357677459717,True
3,1736,1784808133.266132,8,0.01963949203491211,0.0024549365043640137,True
3,1737,1784808133.2862136,8,0.019545316696166992,0.002443164587020874,True
3,1738,1784808133.3062418,8,0.02053380012512207,0.002566725015640259,True
3,1739,1784808133.3271673,8,0.01997089385986328,0.00249636173248291,True
3,1740,1784808133.3477683,8,0.01974773406982422,0.0024684667587280273,True
3,1741,1784808133.3684244,8,0.019319534301757812,0.0024149417877197266,True
3,1742,1784808133.3881369,8,0.021318912506103516,0.0026648640632629395,True
3,1743,1784808133.4099085,8,0.019034385681152344,0.002379298210144043,True
3,1744,1784808133.4294057,8,0.019455671310424805,0.0024319589138031006,True
3,1745,1784808133.449267,8,0.019589662551879883,0.0024487078189849854,True
3,1746,1784808133.4696894,8,0.021614789962768555,0.0027018487453460693,True
3,1747,1784808133.491649,8,0.018563270568847656,0.002320408821105957,True
3,1748,1784808133.5110111,8,0.021561145782470703,0.002695143222808838,True
3,1749,1784808133.5330179,8,0.019544363021850586,0.0024430453777313232,True
3,1750,1784808133.5529685,8,0.020754575729370117,0.0025943219661712646,True
3,1751,1784808133.5741675,8,0.019337177276611328,0.002417147159576416,True
3,1752,1784808133.593801,8,0.018893718719482422,0.0023617148399353027,True
3,1753,1784808133.6131315,8,0.019606828689575195,0.0024508535861968994,True
3,1754,1784808133.633323,8,0.02359151840209961,0.002948939800262451,True
3,1755,1784808133.6579766,8,0.019857406616210938,0.002482175827026367,True
3,1756,1784808133.6781116,8,0.020695924758911133,0.0025869905948638916,True
3,1757,1784808133.6991968,8,0.023687124252319336,0.002960890531539917,True
3,1758,1784808133.7236416,8,0.020190000534057617,0.002523750066757202,True
3,1759,1784808133.7441425,8,0.02009129524230957,0.0025114119052886963,True
3,1760,1784808133.7646353,8,0.018900394439697266,0.002362549304962158,True
3,1761,1784808133.7838457,8,0.02150106430053711,0.0026876330375671387,True
3,1762,1784808133.8057814,8,0.01960444450378418,0.0024505555629730225,True
3,1763,1784808133.8260362,8,0.019742965698242188,0.0024678707122802734,True
3,1764,1784808133.846215,8,0.018264055252075195,0.0022830069065093994,True
3,1765,1784808133.864908,8,0.01961207389831543,0.0024515092372894287,True
3,1766,1784808133.8848865,8,0.021068096160888672,0.002633512020111084,True
3,1767,1784808133.906428,8,0.02185821533203125,0.0027322769165039062,True
3,1768,1784808133.9288383,8,0.019318103790283203,0.0024147629737854004,True
3,1769,1784808133.948775,8,0.020784616470336914,0.0025980770587921143,True
3,1770,1784808133.97022,8,0.01917886734008789,0.0023973584175109863,True
3,1771,1784808133.9897897,8,0.02251720428466797,0.002814650535583496,True
3,1772,1784808134.012656,8,0.018433094024658203,0.0023041367530822754,True
3,1773,1784808134.0318267,8,0.01923656463623047,0.0024045705795288086,True
3,1774,1784808134.0514312,8,0.01989436149597168,0.00248679518699646,True
3,1775,1784808134.07168,8,0.021132707595825195,0.0026415884494781494,True
3,1776,1784808134.0932186,8,0.019423246383666992,0.002427905797958374,True
3,1777,1784808134.112991,8,0.01985955238342285,0.0024824440479278564,True
3,1778,1784808134.1332579,8,0.019378662109375,0.002422332763671875,True
3,1779,1784808134.1531703,8,0.020802736282348633,0.002600342035293579,True
3,1780,1784808134.174342,8,0.02120375633239746,0.0026504695415496826,True
3,1781,1784808134.1959064,8,0.01961541175842285,0.0024519264698028564,True
3,1782,1784808134.2158241,8,0.022701263427734375,0.002837657928466797,True
3,1783,1784808134.238836,8,0.018660545349121094,0.0023325681686401367,True
3,1784,1784808134.2578304,8,0.021785736083984375,0.002723217010498047,True
3,1785,1784808134.2803648,8,0.018057823181152344,0.002257227897644043,True
3,1786,1784808134.2988186,8,0.02153921127319336,0.00269240140914917,True
3,1787,1784808134.3207407,8,0.019621849060058594,0.0024527311325073242,True
3,1788,1784808134.3406675,8,0.021031856536865234,0.0026289820671081543,True
3,1789,1784808134.362141,8,0.021384716033935547,0.0026730895042419434,True
3,1790,1784808134.3838332,8,0.021895408630371094,0.0027369260787963867,True
3,1791,1784808134.4061527,8,0.019519805908203125,0.0024399757385253906,True
3,1792,1784808134.4260008,8,0.02249002456665039,0.002811253070831299,True
3,1793,1784808134.4492328,8,0.01818251609802246,0.0022728145122528076,True
3,1794,1784808134.4677985,8,0.020804405212402344,0.002600550651550293,True
3,1795,1784808134.4889855,8,0.019548416137695312,0.002443552017211914,True
3,1796,1784808134.5088353,8,0.020031213760375977,0.002503901720046997,True
3,1797,1784808134.5292232,8,0.020165443420410156,0.0025206804275512695,True
3,1798,1784808134.549751,8,0.021146774291992188,0.0026433467864990234,True
3,1799,1784808134.571371,8,0.01955127716064453,0.0024439096450805664,True
3,1800,1784808134.5913293,8,0.019802570343017578,0.0024753212928771973,True
3,1801,1784808134.6116076,8,0.019223690032958984,0.002402961254119873,True
3,1802,1784808134.6313436,8,0.0198514461517334,0.002481430768966675,True
3,1803,1784808134.651464,8,0.021192550659179688,0.002649068832397461,True
3,1804,1784808134.673257,8,0.020970582962036133,0.0026213228702545166,True
3,1805,1784808134.6946187,8,0.019745826721191406,0.0024682283401489258,True
3,1806,1784808134.714882,8,0.021434545516967773,0.0026793181896209717,True
3,1807,1784808134.7368488,8,0.020339012145996094,0.0025423765182495117,True
3,1808,1784808134.757789,8,0.018108606338500977,0.002263575792312622,True
3,1809,1784808134.7763379,8,0.019553422927856445,0.0024441778659820557,True
3,1810,1784808134.7963064,8,0.020786046981811523,0.0025982558727264404,True
3,1811,1784808134.817327,8,0.019979000091552734,0.002497375011444092,True
3,1812,1784808134.8382628,8,0.01908588409423828,0.002385735511779785,True
3,1813,1784808134.8577287,8,0.019205331802368164,0.0024006664752960205,True
3,1814,1784808134.8774333,8,0.021020174026489258,0.0026275217533111572,True
3,1815,1784808134.8988097,8,0.019134998321533203,0.0023918747901916504,True
3,1816,1784808134.9182863,8,0.02158665657043457,0.0026983320713043213,True
3,1817,1784808134.940355,8,0.018851757049560547,0.0023564696311950684,True
3,1818,1784808134.9596615,8,0.020993709564208984,0.002624213695526123,True
3,1819,1784808134.9810464,8,0.018825531005859375,0.002353191375732422,True
3,1820,1784808135.0005007,8,0.018981218338012695,0.002372652292251587,True
3,1821,1784808135.019771,8,0.019806861877441406,0.0024758577346801758,True
3,1822,1784808135.0399776,8,0.022069692611694336,0.002758711576461792,True
3,1823,1784808135.0623636,8,0.020463228225708008,0.002557903528213501,True
3,1824,1784808135.0831163,8,0.020509004592895508,0.0025636255741119385,True
3,1825,1784808135.10391,8,0.01970696449279785,0.0024633705615997314,True
3,1826,1784808135.123984,8,0.020090579986572266,0.002511322498321533,True
3,1827,1784808135.1444545,8,0.018355131149291992,0.002294391393661499,True
3,1828,1784808135.1633723,8,0.02024102210998535,0.002530127763748169,True
3,1829,1784808135.1840162,8,0.01893472671508789,0.0023668408393859863,True
3,1830,1784808135.2033813,8,0.01953911781311035,0.002442389726638794,True
3,1831,1784808135.2233543,8,0.0214688777923584,0.0026836097240448,True
3,1832,1784808135.2451167,8,0.019582748413085938,0.002447843551635742,True
3,1833,1784808135.2650054,8,0.01952362060546875,0.0024404525756835938,True
3,1834,1784808135.2849193,8,0.02153611183166504,0.00269201397895813,True
3,1835,1784808135.3067589,8,0.0194549560546875,0.0024318695068359375,True
3,1836,1784808135.3265498,8,0.01914215087890625,0.0023927688598632812,True
3,1837,1784808135.34599,8,0.019685983657836914,0.0024607479572296143,True
3,1838,1784808135.366208,8,0.018364906311035156,0.0022956132888793945,True
3,1839,1784808135.3849998,8,0.021186113357543945,0.002648264169692993,True
3,1840,1784808135.406494,8,0.01942920684814453,0.0024286508560180664,True
3,1841,1784808135.4263272,8,0.020401954650878906,0.0025502443313598633,True
3,1842,1784808135.4470782,8,0.01958918571472168,0.00244864821434021,True
3,1843,1784808135.4670537,8,0.020423412322998047,0.002552926540374756,True
3,1844,1784808135.487956,8,0.018720388412475586,0.0023400485515594482,True
3,1845,1784808135.5072517,8,0.0185699462890625,0.0023212432861328125,True
3,1846,1784808135.52619,8,0.018934965133666992,0.002366870641708374,True
3,1847,1784808135.545645,8,0.021146535873413086,0.0026433169841766357,True
3,1848,1784808135.5671885,8,0.018935441970825195,0.0023669302463531494,True
3,1849,1784808135.5865593,8,0.019083499908447266,0.002385437488555908,True
3,1850,1784808135.6059883,8,0.02013874053955078,0.0025173425674438477,True
3,1851,1784808135.62643,8,0.021003007888793945,0.002625375986099243,True
3,1852,1784808135.6482801,8,0.019403457641601562,0.0024254322052001953,True
3,1853,1784808135.6681104,8,0.019681453704833984,0.002460181713104248,True
3,1854,1784808135.6886501,8,0.01942610740661621,0.0024282634258270264,True
3,1855,1784808135.7084181,8,0.0189208984375,0.0023651123046875,True
3,1856,1784808135.7276216,8,0.019371509552001953,0.002421438694000244,True
3,1857,1784808135.747818,8,0.019797801971435547,0.0024747252464294434,True
3,1858,1784808135.768164,8,0.020572900772094727,0.002571612596511841,True
3,1859,1784808135.7890487,8,0.021045446395874023,0.002630680799484253,True
3,1860,1784808135.81037,8,0.01970982551574707,0.002463728189468384,True
3,1861,1784808135.8305025,8,0.019977092742919922,0.0024971365928649902,True
3,1862,1784808135.850806,8,0.019077539443969727,0.002384692430496216,True
3,1863,1784808135.8702989,8,0.0208890438079834,0.002611130475997925,True
3,1864,1784808135.8919127,8,0.020452260971069336,0.002556532621383667,True
3,1865,1784808135.9127676,8,0.019307613372802734,0.002413451671600342,True
3,1866,1784808135.9326594,8,0.021056652069091797,0.0026320815086364746,True
3,1867,1784808135.954279,8,0.021639108657836914,0.0027048885822296143,True
3,1868,1784808135.976631,8,0.019206762313842773,0.0024008452892303467,True
3,1869,1784808135.9962022,8,0.01905536651611328,0.00238192081451416,True
3,1870,1784808136.0155861,8,0.023027420043945312,0.002878427505493164,True
3,1871,1784808136.039351,8,0.019802570343017578,0.0024753212928771973,True
3,1872,1784808136.059595,8,0.02037501335144043,0.0025468766689300537,True
3,1873,1784808136.0803025,8,0.019430160522460938,0.002428770065307617,True
3,1874,1784808136.1003854,8,0.019804716110229492,0.0024755895137786865,True
3,1875,1784808136.1205268,8,0.021425485610961914,0.0026781857013702393,True
3,1876,1784808136.1423392,8,0.01972818374633789,0.0024660229682922363,True
3,1877,1784808136.1624477,8,0.022100448608398438,0.0027625560760498047,True
3,1878,1784808136.184911,8,0.02052617073059082,0.0025657713413238525,True
3,1879,1784808136.2059865,8,0.01990532875061035,0.002488166093826294,True
3,1880,1784808136.2262833,8,0.018448829650878906,0.0023061037063598633,True
3,1881,1784808136.2454994,8,0.020088911056518555,0.0025111138820648193,True
3,1882,1784808136.265957,8,0.020337820053100586,0.0025422275066375732,True
3,1883,1784808136.2867944,8,0.020203351974487305,0.002525418996810913,True
3,1884,1784808136.307526,8,0.02161431312561035,0.002701789140701294,True
3,1885,1784808136.3295035,8,0.01984262466430664,0.00248032808303833,True
3,1886,1784808136.3499799,8,0.020364999771118164,0.0025456249713897705,True
3,1887,1784808136.3708448,8,0.01980447769165039,0.002475559711456299,True
3,1888,1784808136.391251,8,0.020170927047729492,0.0025213658809661865,True
3,1889,1784808136.4120162,8,0.02266979217529297,0.002833724021911621,True
3,1890,1784808136.435046,8,0.018576622009277344,0.002322077751159668,True
3,1891,1784808136.4539495,8,0.019440889358520508,0.0024301111698150635,True
3,1892,1784808136.475078,8,0.019720077514648438,0.0024650096893310547,True
3,1893,1784808136.4952672,8,0.0189208984375,0.0023651123046875,True
3,1894,1784808136.5145874,8,0.01867818832397461,0.002334773540496826,True
3,1895,1784808136.533661,8,0.02184581756591797,0.002730727195739746,True
3,1896,1784808136.5559185,8,0.020092248916625977,0.002511531114578247,True
3,1897,1784808136.5763843,8,0.023107051849365234,0.0028883814811706543,True
3,1898,1784808136.600859,8,0.016004323959350586,0.0020005404949188232,True
3,1899,1784808136.6173093,8,0.020443439483642578,0.0025554299354553223,True
3,1900,1784808136.6380634,8,0.019954204559326172,0.0024942755699157715,True
3,1901,1784808136.6584144,8,0.02073073387145996,0.002591341733932495,True
3,1902,1784808136.6795998,8,0.017983436584472656,0.002247929573059082,True
3,1903,1784808136.6979835,8,0.021120548248291016,0.002640068531036377,True
3,1904,1784808136.7198334,8,0.017472028732299805,0.0021840035915374756,True
3,1905,1784808136.7376137,8,0.019095182418823242,0.0023868978023529053,True
3,1906,1784808136.7572367,8,0.018093347549438477,0.0022616684436798096,True
3,1907,1784808136.7756987,8,0.01984119415283203,0.002480149269104004,True
3,1908,1784808136.7965841,8,0.019069671630859375,0.002383708953857422,True
3,1909,1784808136.8160868,8,0.02115345001220703,0.002644181251525879,True
3,1910,1784808136.838102,8,0.020835399627685547,0.0026044249534606934,True
3,1911,1784808136.8593721,8,0.019646644592285156,0.0024558305740356445,True
3,1912,1784808136.8795397,8,0.02072930335998535,0.002591162919998169,True
3,1913,1784808136.900698,8,0.018701791763305664,0.002337723970413208,True
3,1914,1784808136.9199111,8,0.019943952560424805,0.0024929940700531006,True
3,1915,1784808136.9405737,8,0.02117013931274414,0.0026462674140930176,True
3,1916,1784808136.9620798,8,0.019891977310180664,0.002486497163772583,True
3,1917,1784808136.9825692,8,0.02009129524230957,0.0025114119052886963,True
3,1918,1784808137.0033536,8,0.019438505172729492,0.0024298131465911865,True
3,1919,1784808137.023096,8,0.020406723022460938,0.002550840377807617,True
3,1920,1784808137.044066,8,0.019614696502685547,0.0024518370628356934,True
3,1921,1784808137.0639553,8,0.020100831985473633,0.002512603998184204,True
3,1922,1784808137.0843954,8,0.022118568420410156,0.0027648210525512695,True
3,1923,1784808137.106995,8,0.01846146583557129,0.002307683229446411,True
3,1924,1784808137.1259568,8,0.02310633659362793,0.002888292074203491,True
3,1925,1784808137.1494064,8,0.017734527587890625,0.002216815948486328,True
3,1926,1784808137.1675477,8,0.021556377410888672,0.002694547176361084,True
3,1927,1784808137.189462,8,0.019615888595581055,0.002451986074447632,True
3,1928,1784808137.2094655,8,0.0206906795501709,0.0025863349437713623,True
3,1929,1784808137.2305386,8,0.019237041473388672,0.002404630184173584,True
3,1930,1784808137.250081,8,0.018603801727294922,0.0023254752159118652,True
3,1931,1784808137.2691116,8,0.02034735679626465,0.002543419599533081,True
3,1932,1784808137.2898002,8,0.02097487449645996,0.002621859312057495,True
3,1933,1784808137.3112206,8,0.018415451049804688,0.002301931381225586,True
3,1934,1784808137.3300495,8,0.020151853561401367,0.002518981695175171,True
3,1935,1784808137.3506377,8,0.020296812057495117,0.0025371015071868896,True
3,1936,1784808137.3712869,8,0.02171182632446289,0.0027139782905578613,True
3,1937,1784808137.3933299,8,0.019437551498413086,0.0024296939373016357,True
3,1938,1784808137.4131305,8,0.01826763153076172,0.002283453941345215,True
3,1939,1784808137.4317684,8,0.02236199378967285,0.0027952492237091064,True
3,1940,1784808137.4544923,8,0.0191957950592041,0.0023994743824005127,True
3,1941,1784808137.474133,8,0.0205080509185791,0.0025635063648223877,True
3,1942,1784808137.495067,8,0.018420934677124023,0.002302616834640503,True
3,1943,1784808137.5138688,8,0.020275592803955078,0.0025344491004943848,True
3,1944,1784808137.5345588,8,0.021738529205322266,0.002717316150665283,True
3,1945,1784808137.556652,8,0.019808053970336914,0.0024760067462921143,True
3,1946,1784808137.576892,8,0.021322011947631836,0.0026652514934539795,True
3,1947,1784808137.5985787,8,0.01967024803161621,0.0024587810039520264,True
3,1948,1784808137.6185613,8,0.02013254165649414,0.0025165677070617676,True
3,1949,1784808137.6391208,8,0.019983530044555664,0.002497941255569458,True
3,1950,1784808137.659596,8,0.01908278465270996,0.002385348081588745,True
3,1951,1784808137.679044,8,0.02073049545288086,0.0025913119316101074,True
3,1952,1784808137.700299,8,0.019793987274169922,0.0024742484092712402,True
3,1953,1784808137.720625,8,0.01921224594116211,0.0024015307426452637,True
3,1954,1784808137.7402105,8,0.019133329391479492,0.0023916661739349365,True
3,1955,1784808137.759612,8,0.019473552703857422,0.0024341940879821777,True
3,1956,1784808137.7798047,8,0.020105838775634766,0.0025132298469543457,True
3,1957,1784808137.8002167,8,0.019396305084228516,0.0024245381355285645,True
3,1958,1784808137.8199959,8,0.020000696182250977,0.002500087022781372,True
3,1959,1784808137.8407733,8,0.020015954971313477,0.0025019943714141846,True
3,1960,1784808137.8613183,8,0.01946115493774414,0.0024326443672180176,True
3,1961,1784808137.8811262,8,0.019697189331054688,0.002462148666381836,True
3,1962,1784808137.9012003,8,0.020179033279418945,0.002522379159927368,True
3,1963,1784808137.9217196,8,0.018265962600708008,0.002283245325088501,True
3,1964,1784808137.9405808,8,0.020224809646606445,0.0025281012058258057,True
3,1965,1784808137.9618406,8,0.019419431686401367,0.002427428960800171,True
3,1966,1784808137.981712,8,0.019707441329956055,0.002463430166244507,True
3,1967,1784808138.0017734,8,0.018729209899902344,0.002341151237487793,True
3,1968,1784808138.0211663,8,0.0199277400970459,0.0024909675121307373,True
3,1969,1784808138.0414853,8,0.020239830017089844,0.0025299787521362305,True
3,1970,1784808138.0620704,8,0.01990532875061035,0.002488166093826294,True
3,1971,1784808138.0823326,8,0.02097153663635254,0.0026214420795440674,True
3,1972,1784808138.1036773,8,0.0214688777923584,0.0026836097240448,True
3,1973,1784808138.1256301,8,0.018275737762451172,0.0022844672203063965,True
3,1974,1784808138.1443355,8,0.019472599029541016,0.002434074878692627,True
3,1975,1784808138.1642091,8,0.021994829177856445,0.0027493536472320557,True
3,1976,1784808138.1865268,8,0.018121004104614258,0.0022651255130767822,True
3,1977,1784808138.2049918,8,0.019733428955078125,0.0024666786193847656,True
3,1978,1784808138.2250981,8,0.01954817771911621,0.0024435222148895264,True
3,1979,1784808138.244933,8,0.020395278930664062,0.002549409866333008,True
3,1980,1784808138.265614,8,0.018523454666137695,0.002315431833267212,True
3,1981,1784808138.2845252,8,0.01998615264892578,0.0024982690811157227,True
3,1982,1784808138.3048842,8,0.021848440170288086,0.0027310550212860107,True
3,1983,1784808138.3270082,8,0.023432254791259766,0.0029290318489074707,True
3,1984,1784808138.3507578,8,0.02018594741821289,0.0025232434272766113,True
3,1985,1784808138.3713322,8,0.020895719528198242,0.0026119649410247803,True
3,1986,1784808138.392535,8,0.01921391487121582,0.0024017393589019775,True
3,1987,1784808138.4122274,8,0.020757436752319336,0.002594679594039917,True
3,1988,1784808138.4333944,8,0.0211334228515625,0.0026416778564453125,True
3,1989,1784808138.454827,8,0.01851820945739746,0.0023147761821746826,True
3,1990,1784808138.473648,8,0.02073049545288086,0.0025913119316101074,True
3,1991,1784808138.494739,8,0.020024538040161133,0.0025030672550201416,True
3,1992,1784808138.5151224,8,0.0205838680267334,0.002572983503341675,True
3,1993,1784808138.5360746,8,0.019551515579223633,0.002443939447402954,True
3,1994,1784808138.5560722,8,0.023020505905151367,0.002877563238143921,True
3,1995,1784808138.5794594,8,0.020158767700195312,0.002519845962524414,True
3,1996,1784808138.6000988,8,0.019046545028686523,0.0023808181285858154,True
3,1997,1784808138.6194396,8,0.02046513557434082,0.0025581419467926025,True
3,1998,1784808138.6403646,8,0.021729469299316406,0.0027161836624145508,True
3,1999,1784808138.6624703,8,0.020143747329711914,0.0025179684162139893,True
3,2000,1784808138.6829774,8,0.01952648162841797,0.002440810203552246,True
3,2001,1784808138.702848,8,0.020992517471313477,0.0026240646839141846,True
3,2002,1784808138.7241821,8,0.019916534423828125,0.0024895668029785156,True
3,2003,1784808138.744404,8,0.020342588424682617,0.002542823553085327,True
3,2004,1784808138.765115,8,0.020510435104370117,0.0025638043880462646,True
3,2005,1784808138.7858942,8,0.020290136337280273,0.002536267042160034,True
3,2006,1784808138.806494,8,0.0211794376373291,0.0026474297046661377,True
3,2007,1784808138.8281808,8,0.019986629486083984,0.002498328685760498,True
3,2008,1784808138.849237,8,0.020081520080566406,0.0025101900100708008,True
3,2009,1784808138.869689,8,0.019685983657836914,0.0024607479572296143,True
3,2010,1784808138.889704,8,0.020241498947143555,0.0025301873683929443,True
3,2011,1784808138.910378,8,0.02060842514038086,0.0025760531425476074,True
3,2012,1784808138.9313626,8,0.01931309700012207,0.002414137125015259,True
3,2013,1784808138.9510748,8,0.020909786224365234,0.0026137232780456543,True
3,2014,1784808138.9724224,8,0.019250154495239258,0.0024062693119049072,True
3,2015,1784808138.9923675,8,0.019169330596923828,0.0023961663246154785,True
3,2016,1784808139.0119884,8,0.019115447998046875,0.0023894309997558594,True
3,2017,1784808139.0313966,8,0.02039790153503418,0.0025497376918792725,True
3,2018,1784808139.0522602,8,0.021988391876220703,0.002748548984527588,True
3,2019,1784808139.0745847,8,0.018969297409057617,0.002371162176132202,True
3,2020,1784808139.0939882,8,0.020796537399291992,0.002599567174911499,True
3,2021,1784808139.1151192,8,0.018188953399658203,0.0022736191749572754,True
3,2022,1784808139.1338928,8,0.020008563995361328,0.002501070499420166,True
3,2023,1784808139.1543117,8,0.019906282424926758,0.0024882853031158447,True
3,2024,1784808139.174508,8,0.019148588180541992,0.002393573522567749,True
3,2025,1784808139.1944125,8,0.019999980926513672,0.002499997615814209,True
3,2026,1784808139.214688,8,0.019956111907958984,0.002494513988494873,True
3,2027,1784808139.2350156,8,0.02120518684387207,0.002650648355484009,True
3,2028,1784808139.2566602,8,0.019089698791503906,0.0023862123489379883,True
3,2029,1784808139.276205,8,0.019364595413208008,0.002420574426651001,True
3,2030,1784808139.295958,8,0.019672870635986328,0.002459108829498291,True
3,2031,1784808139.3161047,8,0.01946711540222168,0.00243338942527771,True
3,2032,1784808139.3359683,8,0.019939184188842773,0.0024923980236053467,True
3,2033,1784808139.3563209,8,0.021056175231933594,0.0026320219039916992,True
3,2034,1784808139.378064,8,0.01968836784362793,0.002461045980453491,True
3,2035,1784808139.398197,8,0.019481182098388672,0.002435147762298584,True
3,2036,1784808139.4180481,8,0.020261049270629883,0.0025326311588287354,True
3,2037,1784808139.4387877,8,0.019620418548583984,0.002452552318572998,True
3,2038,1784808139.4588912,8,0.01966714859008789,0.0024583935737609863,True
3,2039,1784808139.478932,8,0.02089381217956543,0.0026117265224456787,True
3,2040,1784808139.5002813,8,0.020071744918823242,0.0025089681148529053,True
3,2041,1784808139.5206602,8,0.019698381423950195,0.0024622976779937744,True
3,2042,1784808139.5407388,8,0.020218610763549805,0.0025273263454437256,True
3,2043,1784808139.5622544,8,0.018851280212402344,0.002356410026550293,True
3,2044,1784808139.5816174,8,0.01978754997253418,0.0024734437465667725,True
3,2045,1784808139.6018894,8,0.02097296714782715,0.0026216208934783936,True
3,2046,1784808139.6237817,8,0.02115917205810547,0.0026448965072631836,True
3,2047,1784808139.645264,8,0.020128250122070312,0.002516031265258789,True
3,2048,1784808139.6658123,8,0.019221067428588867,0.0024026334285736084,True
3,2049,1784808139.6854472,8,0.019201040267944336,0.002400130033493042,True
3,2050,1784808139.7050996,8,0.01930546760559082,0.0024131834506988525,True
3,2051,1784808139.7250624,8,0.021169424057006836,0.0026461780071258545,True
3,2052,1784808139.7465067,8,0.01994943618774414,0.0024936795234680176,True
3,2053,1784808139.7667959,8,0.018392324447631836,0.0022990405559539795,True
3,2054,1784808139.7855692,8,0.020110368728637695,0.002513796091079712,True
3,2055,1784808139.8060977,8,0.020025014877319336,0.002503126859664917,True
3,2056,1784808139.8264158,8,0.021514892578125,0.002689361572265625,True
3,2057,1784808139.848309,8,0.01970815658569336,0.00246351957321167,True
3,2058,1784808139.869611,8,0.018187761306762695,0.002273470163345337,True
3,2059,1784808139.888582,8,0.019504308700561523,0.0024380385875701904,True
3,2060,1784808139.9084368,8,0.01981496810913086,0.0024768710136413574,True
3,2061,1784808139.9286335,8,0.019770145416259766,0.0024712681770324707,True
3,2062,1784808139.948835,8,0.020296096801757812,0.0025370121002197266,True
3,2063,1784808139.969607,8,0.018873214721679688,0.002359151840209961,True
3,2064,1784808139.9889581,8,0.020839452743530273,0.002604931592941284,True
3,2065,1784808140.0101624,8,0.022426128387451172,0.0028032660484313965,True
3,2066,1784808140.033886,8,0.018471479415893555,0.0023089349269866943,True
3,2067,1784808140.052697,8,0.01998138427734375,0.0024976730346679688,True
3,2068,1784808140.0729997,8,0.020051956176757812,0.0025064945220947266,True
3,2069,1784808140.093424,8,0.0207059383392334,0.002588242292404175,True
3,2070,1784808140.1144598,8,0.018764495849609375,0.002345561981201172,True
3,2071,1784808140.1335914,8,0.019581079483032227,0.0024476349353790283,True
3,2072,1784808140.1535442,8,0.020701885223388672,0.002587735652923584,True
3,2073,1784808140.1746628,8,0.02088785171508789,0.0026109814643859863,True
3,2074,1784808140.1958802,8,0.018629789352416992,0.002328723669052124,True
3,2075,1784808140.215351,8,0.01849818229675293,0.002312272787094116,True
3,2076,1784808140.2341588,8,0.021383285522460938,0.002672910690307617,True
3,2077,1784808140.25595,8,0.021439075469970703,0.002679884433746338,True
3,2078,1784808140.2784226,8,0.019879579544067383,0.002484947443008423,True
3,2079,1784808140.2986178,8,0.021883249282836914,0.0027354061603546143,True
3,2080,1784808140.3209329,8,0.01997232437133789,0.0024965405464172363,True
3,2081,1784808140.3412418,8,0.021030426025390625,0.002628803253173828,True
3,2082,1784808140.3625839,8,0.020290374755859375,0.002536296844482422,True
3,2083,1784808140.383337,8,0.018343210220336914,0.0022929012775421143,True
3,2084,1784808140.4022014,8,0.020943403244018555,0.0026179254055023193,True
3,2085,1784808140.4235008,8,0.021732330322265625,0.002716541290283203,True
3,2086,1784808140.4456992,8,0.01850748062133789,0.0023134350776672363,True
3,2087,1784808140.4644883,8,0.02094554901123047,0.0026181936264038086,True
3,2088,1784808140.4861226,8,0.019453048706054688,0.002431631088256836,True
3,2089,1784808140.5061696,8,0.019165515899658203,0.0023956894874572754,True
3,2090,1784808140.525926,8,0.022186994552612305,0.002773374319076538,True
3,2091,1784808140.5485194,8,0.019344091415405273,0.002418011426925659,True
3,2092,1784808140.568591,8,0.018903017044067383,0.002362877130508423,True
3,2093,1784808140.5880527,8,0.021483182907104492,0.0026853978633880615,True
3,2094,1784808140.6098382,8,0.017594575881958008,0.002199321985244751,True
3,2095,1784808140.62776,8,0.01995563507080078,0.0024944543838500977,True
3,2096,1784808140.6481202,8,0.021769285202026367,0.002721160650253296,True
3,2097,1784808140.6702852,8,0.020555973052978516,0.0025694966316223145,True
3,2098,1784808140.6912394,8,0.019070863723754883,0.0023838579654693604,True
3,2099,1784808140.710757,8,0.019501209259033203,0.0024376511573791504,True
3,2100,1784808140.7306936,8,0.020703792572021484,0.0025879740715026855,True
3,2101,1784808140.7519135,8,0.01753830909729004,0.002192288637161255,True
3,2102,1784808140.7698681,8,0.019385099411010742,0.0024231374263763428,True
3,2103,1784808140.7898827,8,0.02131509780883789,0.0026643872261047363,True
3,2104,1784808140.8117032,8,0.021026134490966797,0.0026282668113708496,True
3,2105,1784808140.8331602,8,0.018267154693603516,0.0022833943367004395,True
3,2106,1784808140.8518233,8,0.02021956443786621,0.0025274455547332764,True
3,2107,1784808140.8724694,8,0.019943952560424805,0.0024929940700531006,True
3,2108,1784808140.892818,8,0.021356821060180664,0.002669602632522583,True
3,2109,1784808140.914638,8,0.02008223533630371,0.002510279417037964,True
3,2110,1784808140.9350505,8,0.020132064819335938,0.002516508102416992,True
3,2111,1784808140.9555893,8,0.01909637451171875,0.0023870468139648438,True
3,2112,1784808140.9750407,8,0.01843738555908203,0.002304673194885254,True
3,2113,1784808140.9939241,8,0.023532390594482422,0.0029415488243103027,True
3,2114,1784808141.0181034,8,0.02106642723083496,0.00263330340385437,True
3,2115,1784808141.0397751,8,0.018979787826538086,0.0023724734783172607,True
3,2116,1784808141.0593472,8,0.021749019622802734,0.002718627452850342,True
3,2117,1784808141.081423,8,0.019744873046875,0.002468109130859375,True
3,2118,1784808141.1014254,8,0.019833087921142578,0.0024791359901428223,True
3,2119,1784808141.121815,8,0.020501136779785156,0.0025626420974731445,True
3,2120,1784808141.1444113,8,0.01981329917907715,0.0024766623973846436,True
3,2121,1784808141.1645384,8,0.020464420318603516,0.0025580525398254395,True
3,2122,1784808141.185362,8,0.018790721893310547,0.0023488402366638184,True
3,2123,1784808141.2044446,8,0.02108168601989746,0.0026352107524871826,True
3,2124,1784808141.225833,8,0.01996469497680664,0.00249558687210083,True
3,2125,1784808141.2461247,8,0.019770383834838867,0.0024712979793548584,True
3,2126,1784808141.2661614,8,0.02032017707824707,0.002540022134780884,True
3,2127,1784808141.2868536,8,0.020661115646362305,0.002582639455795288,True
3,2128,1784808141.3078787,8,0.021317720413208008,0.002664715051651001,True
3,2129,1784808141.3299088,8,0.019438505172729492,0.0024298131465911865,True
3,2130,1784808141.3497252,8,0.020044326782226562,0.0025055408477783203,True
3,2131,1784808141.3709064,8,0.01982903480529785,0.0024786293506622314,True
3,2132,1784808141.3911557,8,0.01937079429626465,0.002421349287033081,True
3,2133,1784808141.4108355,8,0.019722461700439453,0.0024653077125549316,True
3,2134,1784808141.430853,8,0.019594430923461914,0.0024493038654327393,True
3,2135,1784808141.4509437,8,0.018964529037475586,0.0023705661296844482,True
3,2136,1784808141.4702039,8,0.020544052124023438,0.0025680065155029297,True
3,2137,1784808141.4911716,8,0.018468379974365234,0.0023085474967956543,True
3,2138,1784808141.5099707,8,0.020660400390625,0.002582550048828125,True
3,2139,1784808141.5310066,8,0.019726276397705078,0.0024657845497131348,True
3,2140,1784808141.5515676,8,0.019534826278686523,0.0024418532848358154,True
3,2141,1784808141.5715163,8,0.019799470901489258,0.0024749338626861572,True
3,2142,1784808141.591648,8,0.02194952964782715,0.0027436912059783936,True
3,2143,1784808141.614211,8,0.02064347267150879,0.0025804340839385986,True
3,2144,1784808141.6351902,8,0.018699169158935547,0.0023373961448669434,True
3,2145,1784808141.6542416,8,0.019872665405273438,0.0024840831756591797,True
3,2146,1784808141.6744452,8,0.018480777740478516,0.0023100972175598145,True
3,2147,1784808141.6932685,8,0.019881725311279297,0.002485215663909912,True
3,2148,1784808141.71345,8,0.01963353157043457,0.0024541914463043213,True
3,2149,1784808141.7334118,8,0.021790027618408203,0.0027237534523010254,True
3,2150,1784808141.7556689,8,0.019425630569458008,0.002428203821182251,True
3,2151,1784808141.7757344,8,0.020221471786499023,0.002527683973312378,True
3,2152,1784808141.7964737,8,0.019499540328979492,0.0024374425411224365,True
3,2153,1784808141.8165371,8,0.020054101943969727,0.002506762742996216,True
3,2154,1784808141.8370316,8,0.01987433433532715,0.0024842917919158936,True
3,2155,1784808141.857429,8,0.019817352294921875,0.0024771690368652344,True
3,2156,1784808141.877528,8,0.02023935317993164,0.002529919147491455,True
3,2157,1784808141.8983169,8,0.020702123641967773,0.0025877654552459717,True
3,2158,1784808141.9198356,8,0.02037358283996582,0.0025466978549957275,True
3,2159,1784808141.940668,8,0.019658327102661133,0.0024572908878326416,True
3,2160,1784808141.9607515,8,0.020988941192626953,0.002623617649078369,True
3,2161,1784808141.9821973,8,0.02089715003967285,0.0026121437549591064,True
3,2162,1784808142.0037363,8,0.020400047302246094,0.0025500059127807617,True
3,2163,1784808142.0245197,8,0.018991470336914062,0.002373933792114258,True
3,2164,1784808142.0438635,8,0.02283954620361328,0.00285494327545166,True
3,2165,1784808142.0673668,8,0.01893925666809082,0.0023674070835113525,True
3,2166,1784808142.0867178,8,0.019298076629638672,0.002412259578704834,True
3,2167,1784808142.1064155,8,0.022785663604736328,0.002848207950592041,True
3,2168,1784808142.129623,8,0.01956629753112793,0.002445787191390991,True
3,2169,1784808142.149743,8,0.01975703239440918,0.0024696290493011475,True
3,2170,1784808142.169828,8,0.019160747528076172,0.0023950934410095215,True
3,2171,1784808142.190051,8,0.020231246948242188,0.0025289058685302734,True
3,2172,1784808142.2121456,8,0.018813133239746094,0.0023516416549682617,True
3,2173,1784808142.231643,8,0.01882791519165039,0.002353489398956299,True
3,2174,1784808142.2507699,8,0.01992011070251465,0.002490013837814331,True
3,2175,1784808142.2711012,8,0.02064967155456543,0.0025812089443206787,True
3,2176,1784808142.293034,8,0.02252340316772461,0.002815425395965576,True
3,2177,1784808142.316118,8,0.01959061622619629,0.002448827028274536,True
3,2178,1784808142.3367057,8,0.021050691604614258,0.0026313364505767822,True
3,2179,1784808142.3580613,8,0.020578622817993164,0.0025723278522491455,True
3,2180,1784808142.3790045,8,0.01824951171875,0.00228118896484375,True
3,2181,1784808142.3977304,8,0.01897883415222168,0.00237235426902771,True
3,2182,1784808142.4169912,8,0.020605802536010742,0.0025757253170013428,True
3,2183,1784808142.4379704,8,0.01876044273376465,0.002345055341720581,True
3,2184,1784808142.4571323,8,0.02016925811767578,0.0025211572647094727,True
3,2185,1784808142.4775603,8,0.020137548446655273,0.002517193555831909,True
3,2186,1784808142.4979706,8,0.021895885467529297,0.002736985683441162,True
3,2187,1784808142.5202868,8,0.019185543060302734,0.002398192882537842,True
3,2188,1784808142.5401099,8,0.021184682846069336,0.002648085355758667,True
3,2189,1784808142.5617218,8,0.020194530487060547,0.0025243163108825684,True
3,2190,1784808142.5823803,8,0.02128434181213379,0.0026605427265167236,True
3,2191,1784808142.6040542,8,0.021793365478515625,0.002724170684814453,True
3,2192,1784808142.6262043,8,0.02004718780517578,0.0025058984756469727,True
3,2193,1784808142.6466856,8,0.018974781036376953,0.002371847629547119,True
3,2194,1784808142.666077,8,0.021276235580444336,0.002659529447555542,True
3,2195,1784808142.6877089,8,0.020083189010620117,0.0025103986263275146,True
3,2196,1784808142.7082734,8,0.0203707218170166,0.002546340227127075,True
3,2197,1784808142.729085,8,0.019609451293945312,0.002451181411743164,True
3,2198,1784808142.7489672,8,0.02157306671142578,0.0026966333389282227,True
3,2199,1784808142.770828,8,0.019308090209960938,0.002413511276245117,True
3,2200,1784808142.7904735,8,0.02090620994567871,0.002613276243209839,True
3,2201,1784808142.811892,8,0.018313884735107422,0.0022892355918884277,True
3,2202,1784808142.8311088,8,0.0198516845703125,0.0024814605712890625,True
3,2203,1784808142.8513408,8,0.019266843795776367,0.002408355474472046,True
3,2204,1784808142.87243,8,0.01884770393371582,0.0023559629917144775,True
3,2205,1784808142.8917258,8,0.02141737937927246,0.0026771724224090576,True
3,2206,1784808142.9137936,8,0.02208113670349121,0.0027601420879364014,True
3,2207,1784808142.936181,8,0.02057814598083496,0.00257226824760437,True
3,2208,1784808142.9571214,8,0.018134355545043945,0.002266794443130493,True
3,2209,1784808142.975542,8,0.019937992095947266,0.002492249011993408,True
3,2210,1784808142.9958296,8,0.020883560180664062,0.002610445022583008,True
3,2211,1784808143.0169945,8,0.017916202545166016,0.002239525318145752,True
3,2212,1784808143.0352635,8,0.022580862045288086,0.0028226077556610107,True
3,2213,1784808143.0582263,8,0.018963336944580078,0.0023704171180725098,True
3,2214,1784808143.077568,8,0.020606040954589844,0.0025757551193237305,True
3,2215,1784808143.098529,8,0.018952608108520508,0.0023690760135650635,True
3,2216,1784808143.1177707,8,0.02100348472595215,0.0026254355907440186,True
3,2217,1784808143.1391296,8,0.019365549087524414,0.0024206936359405518,True
3,2218,1784808143.1588845,8,0.01986098289489746,0.0024826228618621826,True
3,2219,1784808143.1791449,8,0.018428802490234375,0.002303600311279297,True
3,2220,1784808143.1980877,8,0.020840167999267578,0.0026050209999084473,True
3,2221,1784808143.2192678,8,0.020499706268310547,0.0025624632835388184,True
3,2222,1784808143.2400658,8,0.02146458625793457,0.0026830732822418213,True
3,2223,1784808143.2617872,8,0.021320104598999023,0.002665013074874878,True
3,2224,1784808143.283468,8,0.01849532127380371,0.002311915159225464,True
3,2225,1784808143.3023834,8,0.021709918975830078,0.0027137398719787598,True
3,2226,1784808143.3243837,8,0.021118640899658203,0.0026398301124572754,True
3,2227,1784808143.3458667,8,0.02050161361694336,0.00256270170211792,True
3,2228,1784808143.3668592,8,0.01827406883239746,0.0022842586040496826,True
3,2229,1784808143.3860118,8,0.021986961364746094,0.0027483701705932617,True
3,2230,1784808143.4085717,8,0.0213620662689209,0.0026702582836151123,True
3,2231,1784808143.430413,8,0.01899886131286621,0.0023748576641082764,True
3,2232,1784808143.4507854,8,0.019811630249023438,0.0024764537811279297,True
3,2233,1784808143.4710655,8,0.019849777221679688,0.002481222152709961,True
3,2234,1784808143.4914277,8,0.020397663116455078,0.0025497078895568848,True
3,2235,1784808143.5120873,8,0.020389318466186523,0.0025486648082733154,True
3,2236,1784808143.5330133,8,0.01992487907409668,0.002490609884262085,True
3,2237,1784808143.5533195,8,0.019113779067993164,0.0023892223834991455,True
3,2238,1784808143.572923,8,0.019379854202270508,0.0024224817752838135,True
3,2239,1784808143.593334,8,0.020801544189453125,0.0026001930236816406,True
3,2240,1784808143.6147945,8,0.02104663848876953,0.0026308298110961914,True
3,2241,1784808143.63623,8,0.019562482833862305,0.002445310354232788,True
3,2242,1784808143.6561835,8,0.01944756507873535,0.002430945634841919,True
3,2243,1784808143.6762836,8,0.021330833435058594,0.0026663541793823242,True
3,2244,1784808143.6980116,8,0.017808198928833008,0.002226024866104126,True
3,2245,1784808143.7161732,8,0.01949453353881836,0.002436816692352295,True
3,2246,1784808143.7359335,8,0.019193649291992188,0.0023992061614990234,True
3,2247,1784808143.7554197,8,0.019811391830444336,0.002476423978805542,True
3,2248,1784808143.7756295,8,0.019755125045776367,0.002469390630722046,True
3,2249,1784808143.7956643,8,0.02034735679626465,0.002543419599533081,True
3,2250,1784808143.8162963,8,0.022531747817993164,0.0028164684772491455,True
3,2251,1784808143.8392496,8,0.018375158309936523,0.0022968947887420654,True
3,2252,1784808143.8581328,8,0.019237518310546875,0.0024046897888183594,True
3,2253,1784808143.878006,8,0.02085137367248535,0.002606421709060669,True
3,2254,1784808143.8991692,8,0.021237850189208984,0.002654731273651123,True
3,2255,1784808143.9206784,8,0.01939082145690918,0.0024238526821136475,True
3,2256,1784808143.940544,8,0.019097566604614258,0.0023871958255767822,True
3,2257,1784808143.9603794,8,0.02189016342163086,0.0027362704277038574,True
3,2258,1784808143.9826105,8,0.019581317901611328,0.002447664737701416,True
3,2259,1784808144.0024886,8,0.0200345516204834,0.002504318952560425,True
3,2260,1784808144.0229006,8,0.017685651779174805,0.0022107064723968506,True
3,2261,1784808144.0413325,8,0.020943164825439453,0.0026178956031799316,True
3,2262,1784808144.0627246,8,0.019022464752197266,0.002377808094024658,True
3,2263,1784808144.0820577,8,0.020783424377441406,0.0025979280471801758,True
3,2264,1784808144.103248,8,0.02135324478149414,0.0026691555976867676,True
3,2265,1784808144.125226,8,0.0202176570892334,0.002527207136154175,True
3,2266,1784808144.1460152,8,0.019754886627197266,0.002469360828399658,True
3,2267,1784808144.166141,8,0.01978611946105957,0.0024732649326324463,True
3,2268,1784808144.186249,8,0.020046472549438477,0.0025058090686798096,True
3,2269,1784808144.2066188,8,0.021851301193237305,0.002731412649154663,True
3,2270,1784808144.2288496,8,0.019917011260986328,0.002489626407623291,True
3,2271,1784808144.2492185,8,0.01991128921508789,0.0024889111518859863,True
3,2272,1784808144.2694182,8,0.02068614959716797,0.002585768699645996,True
3,2273,1784808144.2903512,8,0.0201416015625,0.0025177001953125,True
3,2274,1784808144.3108015,8,0.017998933792114258,0.0022498667240142822,True
3,2275,1784808144.329342,8,0.021554946899414062,0.002694368362426758,True
3,2276,1784808144.3511655,8,0.01963210105895996,0.002454012632369995,True
3,2277,1784808144.3713355,8,0.01918768882751465,0.002398461103439331,True
3,2278,1784808144.3908746,8,0.019387483596801758,0.0024234354496002197,True
3,2279,1784808144.410591,8,0.02102518081665039,0.002628147602081299,True
3,2280,1784808144.4319062,8,0.021111726760864258,0.0026389658451080322,True
3,2281,1784808144.45334,8,0.019374608993530273,0.002421826124191284,True
3,2282,1784808144.472981,8,0.01895904541015625,0.0023698806762695312,True
3,2283,1784808144.4923308,8,0.021666288375854492,0.0027082860469818115,True
3,2284,1784808144.5143917,8,0.02032780647277832,0.00254097580909729,True
3,2285,1784808144.5349832,8,0.020148754119873047,0.002518594264984131,True
3,2286,1784808144.5554354,8,0.0208282470703125,0.0026035308837890625,True
3,2287,1784808144.57669,8,0.019641637802124023,0.002455204725265503,True
3,2288,1784808144.596718,8,0.018912315368652344,0.002364039421081543,True
3,2289,1784808144.6164196,8,0.020318984985351562,0.0025398731231689453,True
3,2290,1784808144.6371403,8,0.020990371704101562,0.0026237964630126953,True
3,2291,1784808144.658675,8,0.01904582977294922,0.0023807287216186523,True
3,2292,1784808144.6783028,8,0.025118589401245117,0.0031398236751556396,True
3,2293,1784808144.704405,8,0.015216827392578125,0.0019021034240722656,True
3,2294,1784808144.7201443,8,0.020911455154418945,0.002613931894302368,True
3,2295,1784808144.7417321,8,0.019403696060180664,0.002425462007522583,True
3,2296,1784808144.7615418,8,0.02024078369140625,0.0025300979614257812,True
3,2297,1784808144.7821763,8,0.022677183151245117,0.0028346478939056396,True
3,2298,1784808144.8058028,8,0.02083420753479004,0.002604275941848755,True
3,2299,1784808144.827321,8,0.017155885696411133,0.0021444857120513916,True
3,2300,1784808144.844845,8,0.02004384994506836,0.002505481243133545,True
3,2301,1784808144.8652382,8,0.019485950469970703,0.002435743808746338,True
3,2302,1784808144.8851051,8,0.01950550079345703,0.002438187599182129,True
3,2303,1784808144.9048824,8,0.020538806915283203,0.0025673508644104004,True
3,2304,1784808144.9257233,8,0.019772768020629883,0.0024715960025787354,True
3,2305,1784808144.945846,8,0.021306514739990234,0.0026633143424987793,True
3,2306,1784808144.967481,8,0.019814729690551758,0.0024768412113189697,True
3,2307,1784808144.9875996,8,0.020861148834228516,0.0026076436042785645,True
3,2308,1784808145.0091608,8,0.020434856414794922,0.0025543570518493652,True
3,2309,1784808145.030158,8,0.020330190658569336,0.002541273832321167,True
3,2310,1784808145.0514274,8,0.020485877990722656,0.002560734748840332,True
3,2311,1784808145.0722702,8,0.019779443740844727,0.002472430467605591,True
3,2312,1784808145.0928586,8,0.020236730575561523,0.0025295913219451904,True
3,2313,1784808145.1134381,8,0.02008533477783203,0.002510666847229004,True
3,2314,1784808145.1340678,8,0.018444061279296875,0.0023055076599121094,True
3,2315,1784808145.1533096,8,0.020655155181884766,0.0025818943977355957,True
3,2316,1784808145.1743414,8,0.022163867950439453,0.0027704834938049316,True
3,2317,1784808145.197103,8,0.020777225494384766,0.0025971531867980957,True
3,2318,1784808145.2195854,8,0.02028179168701172,0.002535223960876465,True
3,2319,1784808145.2403064,8,0.019881010055541992,0.002485126256942749,True
3,2320,1784808145.2605138,8,0.019488811492919922,0.0024361014366149902,True
3,2321,1784808145.2803385,8,0.021466970443725586,0.0026833713054656982,True
3,2322,1784808145.3021472,8,0.020576953887939453,0.0025721192359924316,True
3,2323,1784808145.3232162,8,0.01961207389831543,0.0024515092372894287,True
3,2324,1784808145.3431966,8,0.02030491828918457,0.0025381147861480713,True
3,2325,1784808145.3638563,8,0.019052982330322266,0.002381622791290283,True
3,2326,1784808145.3833225,8,0.021197795867919922,0.0026497244834899902,True
3,2327,1784808145.4051034,8,0.022149085998535156,0.0027686357498168945,True
3,2328,1784808145.4277406,8,0.02187490463256836,0.002734363079071045,True
3,2329,1784808145.4500642,8,0.019008159637451172,0.0023760199546813965,True
3,2330,1784808145.4693892,8,0.020061731338500977,0.002507716417312622,True
3,2331,1784808145.490148,8,0.020473718643188477,0.0025592148303985596,True
3,2332,1784808145.5109925,8,0.020792722702026367,0.002599090337753296,True
3,2333,1784808145.532173,8,0.019405364990234375,0.002425670623779297,True
3,2334,1784808145.5519118,8,0.018853187561035156,0.0023566484451293945,True
3,2335,1784808145.571047,8,0.02218770980834961,0.002773463726043701,True
3,2336,1784808145.5941381,8,0.019401073455810547,0.0024251341819763184,True
3,2337,1784808145.613925,8,0.01998734474182129,0.002498418092727661,True
3,2338,1784808145.6342833,8,0.019059419631958008,0.002382427453994751,True
3,2339,1784808145.6539545,8,0.022592782974243164,0.0028240978717803955,True
3,2340,1784808145.6773694,8,0.018173933029174805,0.0022717416286468506,True
3,2341,1784808145.6959145,8,0.02160787582397461,0.002700984477996826,True
3,2342,1784808145.717844,8,0.020679950714111328,0.002584993839263916,True
3,2343,1784808145.7390094,8,0.02003645896911621,0.0025045573711395264,True
3,2344,1784808145.759392,8,0.020780563354492188,0.0025975704193115234,True
3,2345,1784808145.7805579,8,0.02054286003112793,0.002567857503890991,True
3,2346,1784808145.8014479,8,0.019499540328979492,0.0024374425411224365,True
3,2347,1784808145.8214176,8,0.019779682159423828,0.0024724602699279785,True
3,2348,1784808145.8415706,8,0.02313971519470215,0.0028924643993377686,True
3,2349,1784808145.8652415,8,0.019439697265625,0.002429962158203125,True
3,2350,1784808145.8850157,8,0.021082162857055664,0.002635270357131958,True
3,2351,1784808145.9065232,8,0.018564701080322266,0.002320587635040283,True
3,2352,1784808145.9266183,8,0.018219709396362305,0.002277463674545288,True
3,2353,1784808145.945151,8,0.023125886917114258,0.0028907358646392822,True
3,2354,1784808145.9685583,8,0.020114421844482422,0.0025143027305603027,True
3,2355,1784808145.9890487,8,0.020191669464111328,0.002523958683013916,True
3,2356,1784808146.00965,8,0.020524024963378906,0.0025655031204223633,True
3,2357,1784808146.0304923,8,0.02128005027770996,0.002660006284713745,True
3,2358,1784808146.0520866,8,0.019110679626464844,0.0023888349533081055,True
3,2359,1784808146.072701,8,0.019675016403198242,0.0024593770503997803,True
3,2360,1784808146.0930982,8,0.020346879959106445,0.0025433599948883057,True
3,2361,1784808146.1138897,8,0.020444869995117188,0.0025556087493896484,True
3,2362,1784808146.1354573,8,0.018245220184326172,0.0022806525230407715,True
3,2363,1784808146.1542175,8,0.020740270614624023,0.002592533826828003,True
3,2364,1784808146.175354,8,0.020066499710083008,0.002508312463760376,True
3,2365,1784808146.1961834,8,0.021154165267944336,0.002644270658493042,True
3,2366,1784808146.217793,8,0.020928621292114258,0.0026160776615142822,True
3,2367,1784808146.2391925,8,0.020595788955688477,0.0025744736194610596,True
3,2368,1784808146.260292,8,0.021181344985961914,0.0026476681232452393,True
3,2369,1784808146.2820184,8,0.021379470825195312,0.002672433853149414,True
3,2370,1784808146.3041222,8,0.022452831268310547,0.0028066039085388184,True
3,2371,1784808146.3271341,8,0.019988536834716797,0.0024985671043395996,True
3,2372,1784808146.3475618,8,0.020592212677001953,0.002574026584625244,True
3,2373,1784808146.3685904,8,0.02104640007019043,0.0026308000087738037,True
3,2374,1784808146.3902507,8,0.02109980583190918,0.0026374757289886475,True
3,2375,1784808146.4118588,8,0.019812822341918945,0.002476602792739868,True
3,2376,1784808146.4320786,8,0.02375340461730957,0.0029691755771636963,True
3,2377,1784808146.4566064,8,0.021327495574951172,0.0026659369468688965,True
3,2378,1784808146.479004,8,0.020737171173095703,0.002592146396636963,True
3,2379,1784808146.5003688,8,0.02460956573486328,0.00307619571685791,True
3,2380,1784808146.5259619,8,0.019219160079956055,0.002402395009994507,True
3,2381,1784808146.545446,8,0.02144479751586914,0.0026805996894836426,True
3,2382,1784808146.5673828,8,0.019970417022705078,0.0024963021278381348,True
3,2383,1784808146.587859,8,0.019593000411987305,0.002449125051498413,True
3,2384,1784808146.6082203,8,0.021416664123535156,0.0026770830154418945,True
3,2385,1784808146.6304314,8,0.021466970443725586,0.0026833713054656982,True
3,2386,1784808146.6526082,8,0.02217841148376465,0.002772301435470581,True
3,2387,1784808146.6755493,8,0.01749134063720703,0.002186417579650879,True
3,2388,1784808146.693334,8,0.022379398345947266,0.002797424793243408,True
3,2389,1784808146.716207,8,0.01954936981201172,0.002443671226501465,True
3,2390,1784808146.736188,8,0.020606517791748047,0.002575814723968506,True
3,2391,1784808146.757239,8,0.0200192928314209,0.0025024116039276123,True
3,2392,1784808146.7790754,8,0.0196533203125,0.0024566650390625,True
3,2393,1784808146.799053,8,0.019547700881958008,0.002443462610244751,True
3,2394,1784808146.8192244,8,0.020430803298950195,0.0025538504123687744,True
3,2395,1784808146.8401253,8,0.020162582397460938,0.002520322799682617,True
3,2396,1784808146.8607073,8,0.019632339477539062,0.002454042434692383,True
3,2397,1784808146.8806696,8,0.01941537857055664,0.00242692232131958,True
3,2398,1784808146.900595,8,0.02076435089111328,0.00259554386138916,True
3,2399,1784808146.9219525,8,0.019701480865478516,0.0024626851081848145,True
3,2400,1784808146.942005,8,0.0190126895904541,0.0023765861988067627,True
3,2401,1784808146.9613197,8,0.019605636596679688,0.002450704574584961,True
3,2402,1784808146.9813285,8,0.019931554794311523,0.0024914443492889404,True
3,2403,1784808147.001583,8,0.02141284942626953,0.0026766061782836914,True
3,2404,1784808147.0236769,8,0.02142953872680664,0.00267869234085083,True
3,2405,1784808147.045502,8,0.019801855087280273,0.002475231885910034,True
3,2406,1784808147.0660894,8,0.019454479217529297,0.002431809902191162,True
3,2407,1784808147.0865297,8,0.01976299285888672,0.00247037410736084,True
3,2408,1784808147.1066003,8,0.02057027816772461,0.002571284770965576,True
3,2409,1784808147.1276438,8,0.01956796646118164,0.002445995807647705,True
3,2410,1784808147.1475112,8,0.019413232803344727,0.002426654100418091,True
3,2411,1784808147.1679378,8,0.01993536949157715,0.0024919211864471436,True
3,2412,1784808147.1884077,8,0.021439552307128906,0.0026799440383911133,True
3,2413,1784808147.210871,8,0.020062685012817383,0.002507835626602173,True
3,2414,1784808147.2315593,8,0.020876646041870117,0.0026095807552337646,True
3,2415,1784808147.2531254,8,0.0195465087890625,0.0024433135986328125,True
3,2416,1784808147.2730744,8,0.018605709075927734,0.002325713634490967,True
3,2417,1784808147.2922804,8,0.02168583869934082,0.0027107298374176025,True
3,2418,1784808147.3144276,8,0.01853036880493164,0.002316296100616455,True
3,2419,1784808147.3333268,8,0.01995682716369629,0.002494603395462036,True
3,2420,1784808147.35359,8,0.019839048385620117,0.0024798810482025146,True
3,2421,1784808147.3741498,8,0.01856684684753418,0.0023208558559417725,True
3,2422,1784808147.3945322,8,0.021031856536865234,0.0026289820671081543,True
3,2423,1784808147.4161432,8,0.021152973175048828,0.0026441216468811035,True
3,2424,1784808147.4376657,8,0.020873308181762695,0.002609163522720337,True
3,2425,1784808147.458846,8,0.020055055618286133,0.0025068819522857666,True
3,2426,1784808147.4793696,8,0.021778106689453125,0.0027222633361816406,True
3,2427,1784808147.5018334,8,0.019061803817749023,0.002382725477218628,True
3,2428,1784808147.5212507,8,0.022401809692382812,0.0028002262115478516,True
3,2429,1784808147.5439832,8,0.018971681594848633,0.002371460199356079,True
3,2430,1784808147.5633185,8,0.019630908966064453,0.0024538636207580566,True
3,2431,1784808147.5833364,8,0.02105426788330078,0.0026317834854125977,True
3,2432,1784808147.604792,8,0.021444082260131836,0.0026805102825164795,True
3,2433,1784808147.6266198,8,0.020113468170166016,0.002514183521270752,True
3,2434,1784808147.6471117,8,0.0201418399810791,0.0025177299976348877,True
3,2435,1784808147.6675894,8,0.020950794219970703,0.002618849277496338,True
3,2436,1784808147.6888855,8,0.021922826766967773,0.0027403533458709717,True
3,2437,1784808147.711931,8,0.02033066749572754,0.0025413334369659424,True
3,2438,1784808147.732627,8,0.018908023834228516,0.0023635029792785645,True
3,2439,1784808147.7518656,8,0.02068042755126953,0.0025850534439086914,True
3,2440,1784808147.77288,8,0.020337820053100586,0.0025422275066375732,True
3,2441,1784808147.7936904,8,0.018751144409179688,0.002343893051147461,True
3,2442,1784808147.8127384,8,0.02064347267150879,0.0025804340839385986,True
3,2443,1784808147.8337119,8,0.01937389373779297,0.002421736717224121,True
3,2444,1784808147.853419,8,0.02116680145263672,0.00264585018157959,True
3,2445,1784808147.8750155,8,0.01970672607421875,0.0024633407592773438,True
3,2446,1784808147.8951428,8,0.01989293098449707,0.002486616373062134,True
3,2447,1784808147.915301,8,0.022238969802856445,0.0027798712253570557,True
3,2448,1784808147.9379523,8,0.019229650497436523,0.0024037063121795654,True
3,2449,1784808147.9575222,8,0.02086782455444336,0.00260847806930542,True
3,2450,1784808147.9787686,8,0.020239591598510742,0.0025299489498138428,True
3,2451,1784808147.9993327,8,0.01857304573059082,0.0023216307163238525,True
3,2452,1784808148.0182912,8,0.020104169845581055,0.002513021230697632,True
3,2453,1784808148.0387769,8,0.019098520278930664,0.002387315034866333,True
3,2454,1784808148.0581293,8,0.023627519607543945,0.002953439950942993,True
3,2455,1784808148.0821638,8,0.019071102142333984,0.002383887767791748,True
3,2456,1784808148.1016464,8,0.021053314208984375,0.002631664276123047,True
3,2457,1784808148.1232827,8,0.01935744285583496,0.00241968035697937,True
3,2458,1784808148.1430502,8,0.019761085510253906,0.0024701356887817383,True
3,2459,1784808148.1633625,8,0.019354820251464844,0.0024193525314331055,True
3,2460,1784808148.1831045,8,0.023159027099609375,0.002894878387451172,True
3,2461,1784808148.2066126,8,0.017834186553955078,0.0022292733192443848,True
3,2462,1784808148.2247605,8,0.020126819610595703,0.002515852451324463,True
3,2463,1784808148.245146,8,0.02038717269897461,0.002548396587371826,True
3,2464,1784808148.265871,8,0.020472288131713867,0.0025590360164642334,True
3,2465,1784808148.2870653,8,0.019872188568115234,0.0024840235710144043,True
3,2466,1784808148.3076391,8,0.019743680953979492,0.0024679601192474365,True
3,2467,1784808148.3278105,8,0.02009296417236328,0.00251162052154541,True
3,2468,1784808148.348512,8,0.019706010818481445,0.0024632513523101807,True
3,2469,1784808148.3685637,8,0.020676851272583008,0.002584606409072876,True
3,2470,1784808148.3895862,8,0.019206762313842773,0.0024008452892303467,True
3,2471,1784808148.409173,8,0.02109813690185547,0.0026372671127319336,True
3,2472,1784808148.430722,8,0.020144224166870117,0.0025180280208587646,True
3,2473,1784808148.4519053,8,0.019838571548461914,0.0024798214435577393,True
3,2474,1784808148.4721663,8,0.02033209800720215,0.0025415122509002686,True
3,2475,1784808148.4931371,8,0.01925349235534668,0.002406686544418335,True
3,2476,1784808148.5128145,8,0.01986551284790039,0.002483189105987549,True
3,2477,1784808148.533085,8,0.01837158203125,0.00229644775390625,True
3,2478,1784808148.551816,8,0.01928997039794922,0.0024112462997436523,True
3,2479,1784808148.571525,8,0.019659042358398438,0.0024573802947998047,True
3,2480,1784808148.591694,8,0.018653392791748047,0.002331674098968506,True
3,2481,1784808148.6106763,8,0.019582033157348633,0.002447754144668579,True
3,2482,1784808148.630797,8,0.01908397674560547,0.0023854970932006836,True
3,2483,1784808148.6503544,8,0.019046783447265625,0.002380847930908203,True
3,2484,1784808148.6697297,8,0.02043938636779785,0.0025549232959747314,True
3,2485,1784808148.6905818,8,0.019916534423828125,0.0024895668029785156,True
3,2486,1784808148.710783,8,0.02217555046081543,0.0027719438076019287,True
3,2487,1784808148.733361,8,0.02462291717529297,0.003077864646911621,True
3,2488,1784808148.7584598,8,0.016744613647460938,0.002093076705932617,True
3,2489,1784808148.775562,8,0.018453359603881836,0.0023066699504852295,True
3,2490,1784808148.794348,8,0.020937204360961914,0.0026171505451202393,True
3,2491,1784808148.8157263,8,0.01937413215637207,0.002421766519546509,True
3,2492,1784808148.8354976,8,0.020231246948242188,0.0025289058685302734,True
3,2493,1784808148.8563602,8,0.018694162368774414,0.0023367702960968018,True
3,2494,1784808148.8753886,8,0.020966291427612305,0.002620786428451538,True
3,2495,1784808148.8967028,8,0.01979351043701172,0.002474188804626465,True
3,2496,1784808148.9170089,8,0.020297765731811523,0.0025372207164764404,True
3,2497,1784808148.9381375,8,0.017730712890625,0.002216339111328125,True
3,2498,1784808148.9562678,8,0.02393317222595215,0.0029916465282440186,True
3,2499,1784808148.9805207,8,0.02139139175415039,0.002673923969268799,True
3,2500,1784808149.0026178,8,0.020506620407104492,0.0025633275508880615,True
3,2501,1784808149.0235155,8,0.019768238067626953,0.002471029758453369,True
3,2502,1784808149.0439281,8,0.019669771194458008,0.002458721399307251,True
3,2503,1784808149.0645726,8,0.02158188819885254,0.0026977360248565674,True
3,2504,1784808149.0864303,8,0.02019047737121582,0.0025238096714019775,True
3,2505,1784808149.1069198,8,0.01863241195678711,0.0023290514945983887,True
3,2506,1784808149.1259387,8,0.02028203010559082,0.0025352537631988525,True
3,2507,1784808149.1467836,8,0.02056717872619629,0.002570897340774536,True
3,2508,1784808149.1678832,8,0.020045995712280273,0.002505749464035034,True
3,2509,1784808149.1884985,8,0.020969629287719727,0.002621203660964966,True
3,2510,1784808149.21013,8,0.020523548126220703,0.002565443515777588,True
3,2511,1784808149.2310321,8,0.02126026153564453,0.0026575326919555664,True
3,2512,1784808149.2529562,8,0.019373178482055664,0.002421647310256958,True
3,2513,1784808149.2727983,8,0.02002406120300293,0.002503007650375366,True
3,2514,1784808149.2940018,8,0.01832413673400879,0.0022905170917510986,True
3,2515,1784808149.313116,8,0.018555641174316406,0.0023194551467895508,True
3,2516,1784808149.3321064,8,0.020351171493530273,0.002543896436691284,True
3,2517,1784808149.352818,8,0.02159905433654785,0.0026998817920684814,True
3,2518,1784808149.3747337,8,0.02092766761779785,0.0026159584522247314,True
3,2519,1784808149.3960361,8,0.019350767135620117,0.0024188458919525146,True
3,2520,1784808149.4159846,8,0.01975393295288086,0.0024692416191101074,True
3,2521,1784808149.436534,8,0.01974010467529297,0.002467513084411621,True
3,2522,1784808149.4566805,8,0.020802021026611328,0.002600252628326416,True
3,2523,1784808149.4779303,8,0.02034449577331543,0.0025430619716644287,True
3,2524,1784808149.4989944,8,0.019786834716796875,0.0024733543395996094,True
3,2525,1784808149.5192,8,0.02110433578491211,0.0026380419731140137,True
3,2526,1784808149.5410376,8,0.023367643356323242,0.0029209554195404053,True
3,2527,1784808149.564773,8,0.019799470901489258,0.0024749338626861572,True
3,2528,1784808149.5848649,8,0.018366575241088867,0.0022958219051361084,True
3,2529,1784808149.603645,8,0.019726991653442383,0.002465873956680298,True
3,2530,1784808149.6241474,8,0.019446849822998047,0.002430856227874756,True
3,2531,1784808149.6439037,8,0.018781185150146484,0.0023476481437683105,True
3,2532,1784808149.6631882,8,0.018679380416870117,0.0023349225521087646,True
3,2533,1784808149.6822178,8,0.022698402404785156,0.0028373003005981445,True
3,2534,1784808149.705349,8,0.018547773361206055,0.002318471670150757,True
3,2535,1784808149.7243125,8,0.021173954010009766,0.0026467442512512207,True
3,2536,1784808149.745798,8,0.021363496780395508,0.0026704370975494385,True
3,2537,1784808149.7677455,8,0.021251678466796875,0.0026564598083496094,True
3,2538,1784808149.7894063,8,0.020378589630126953,0.002547323703765869,True
3,2539,1784808149.8109105,8,0.0193026065826416,0.0024128258228302,True
3,2540,1784808149.8306665,8,0.019208431243896484,0.0024010539054870605,True
3,2541,1784808149.8502772,8,0.020961523056030273,0.002620190382003784,True
3,2542,1784808149.8718,8,0.020328283309936523,0.0025410354137420654,True
3,2543,1784808149.8924642,8,0.020395755767822266,0.002549469470977783,True
3,2544,1784808149.9132323,8,0.02051234245300293,0.002564042806625366,True
3,2545,1784808149.9341168,8,0.020762920379638672,0.002595365047454834,True
3,2546,1784808149.9553385,8,0.01950359344482422,0.0024379491806030273,True
3,2547,1784808149.9757485,8,0.018877506256103516,0.0023596882820129395,True
3,2548,1784808149.9952285,8,0.019262075424194336,0.002407759428024292,True
3,2549,1784808150.0148454,8,0.019272804260253906,0.0024091005325317383,True
3,2550,1784808150.034491,8,0.018558263778686523,0.0023197829723358154,True
3,2551,1784808150.053329,8,0.020792007446289062,0.002599000930786133,True
3,2552,1784808150.074421,8,0.01854681968688965,0.002318352460861206,True
3,2553,1784808150.093363,8,0.019614458084106445,0.0024518072605133057,True
3,2554,1784808150.113345,8,0.02126598358154297,0.002658247947692871,True
3,2555,1784808150.1350362,8,0.017811059951782227,0.0022263824939727783,True
3,2556,1784808150.1548567,8,0.02041912078857422,0.0025523900985717773,True
3,2557,1784808150.1757157,8,0.021807193756103516,0.0027258992195129395,True
3,2558,1784808150.1980946,8,0.01960897445678711,0.0024511218070983887,True
3,2559,1784808150.2180123,8,0.018431901931762695,0.002303987741470337,True
3,2560,1784808150.2368083,8,0.019961118698120117,0.0024951398372650146,True
3,2561,1784808150.2571435,8,0.018947362899780273,0.002368420362472534,True
3,2562,1784808150.2766397,8,0.019259929656982422,0.0024074912071228027,True
3,2563,1784808150.2962446,8,0.018808841705322266,0.002351105213165283,True
3,2564,1784808150.3153331,8,0.019652366638183594,0.0024565458297729492,True
3,2565,1784808150.3353658,8,0.01973271369934082,0.0024665892124176025,True
3,2566,1784808150.3554795,8,0.019412755966186523,0.0024265944957733154,True
3,2567,1784808150.3751738,8,0.02111029624938965,0.002638787031173706,True
3,2568,1784808150.396603,8,0.020092487335205078,0.0025115609169006348,True
3,2569,1784808150.4177222,8,0.02099132537841797,0.002623915672302246,True
3,2570,1784808150.4394145,8,0.01960015296936035,0.002450019121170044,True
3,2571,1784808150.459323,8,0.019888877868652344,0.002486109733581543,True
3,2572,1784808150.4795322,8,0.01883673667907715,0.0023545920848846436,True
3,2573,1784808150.4987526,8,0.019669771194458008,0.002458721399307251,True
3,2574,1784808150.5187666,8,0.021132230758666992,0.002641528844833374,True
3,2575,1784808150.5407033,8,0.01593494415283203,0.001991868019104004,True
3,2576,1784808150.5569186,8,0.01905202865600586,0.0023815035820007324,True
3,2577,1784808150.5763323,8,0.020513296127319336,0.002564162015914917,True
3,2578,1784808150.597177,8,0.019288063049316406,0.0024110078811645508,True
3,2579,1784808150.6169834,8,0.021213293075561523,0.0026516616344451904,True
3,2580,1784808150.6387162,8,0.019285917282104492,0.0024107396602630615,True
3,2581,1784808150.6584222,8,0.021845579147338867,0.0027306973934173584,True
3,2582,1784808150.6809547,8,0.018381834030151367,0.002297729253768921,True
3,2583,1784808150.69963,8,0.02153778076171875,0.0026922225952148438,True
3,2584,1784808150.7216368,8,0.01777815818786621,0.0022222697734832764,True
3,2585,1784808150.7400537,8,0.020806550979614258,0.0026008188724517822,True
3,2586,1784808150.761223,8,0.018329620361328125,0.0022912025451660156,True
3,2587,1784808150.7802331,8,0.01903390884399414,0.0023792386054992676,True
3,2588,1784808150.8001442,8,0.018146038055419922,0.0022682547569274902,True
3,2589,1784808150.819106,8,0.019181251525878906,0.0023976564407348633,True
3,2590,1784808150.8387015,8,0.020206212997436523,0.0025257766246795654,True
3,2591,1784808150.8592882,8,0.019931316375732422,0.0024914145469665527,True
3,2592,1784808150.879917,8,0.01933002471923828,0.002416253089904785,True
3,2593,1784808150.9002552,8,0.019085168838500977,0.002385646104812622,True
3,2594,1784808150.9199257,8,0.019610881805419922,0.0024513602256774902,True
3,2595,1784808150.9399316,8,0.020116806030273438,0.0025146007537841797,True
3,2596,1784808150.9604886,8,0.018996477127075195,0.0023745596408843994,True
3,2597,1784808150.9800906,8,0.018982648849487305,0.002372831106185913,True
3,2598,1784808150.9997563,8,0.019525766372680664,0.002440720796585083,True
3,2599,1784808151.019669,8,0.019472837448120117,0.0024341046810150146,True
3,2600,1784808151.0398848,8,0.020181655883789062,0.002522706985473633,True
3,2601,1784808151.0608144,8,0.021023035049438477,0.0026278793811798096,True
3,2602,1784808151.082354,8,0.016994237899780273,0.002124279737472534,True
3,2603,1784808151.0996654,8,0.01955246925354004,0.002444058656692505,True
3,2604,1784808151.1196122,8,0.01967024803161621,0.0024587810039520264,True
3,2605,1784808151.1396556,8,0.022392749786376953,0.002799093723297119,True
3,2606,1784808151.162391,8,0.019017457962036133,0.0023771822452545166,True
3,2607,1784808151.1817498,8,0.021368741989135742,0.0026710927486419678,True
3,2608,1784808151.2035587,8,0.019839763641357422,0.0024799704551696777,True
3,2609,1784808151.2243607,8,0.019588947296142578,0.0024486184120178223,True
3,2610,1784808151.2452881,8,0.018135547637939453,0.0022669434547424316,True
3,2611,1784808151.263717,8,0.020694255828857422,0.0025867819786071777,True
3,2612,1784808151.2847161,8,0.01939082145690918,0.0024238526821136475,True
3,2613,1784808151.3043897,8,0.0184326171875,0.0023040771484375,True
3,2614,1784808151.3231413,8,0.02037191390991211,0.0025464892387390137,True
3,2615,1784808151.3439388,8,0.017991065979003906,0.0022488832473754883,True
3,2616,1784808151.3623388,8,0.019262075424194336,0.002407759428024292,True
3,2617,1784808151.3827126,8,0.01921534538269043,0.0024019181728363037,True
3,2618,1784808151.4022987,8,0.019478321075439453,0.0024347901344299316,True
3,2619,1784808151.4221623,8,0.01816248893737793,0.002270311117172241,True
3,2620,1784808151.4408453,8,0.01970958709716797,0.002463698387145996,True
3,2621,1784808151.4608889,8,0.021344900131225586,0.0026681125164031982,True
3,2622,1784808151.482615,8,0.018174409866333008,0.002271801233291626,True
3,2623,1784808151.5019615,8,0.020927906036376953,0.002615988254547119,True
3,2624,1784808151.523232,8,0.019375085830688477,0.0024218857288360596,True
3,2625,1784808151.54308,8,0.020572662353515625,0.002571582794189453,True
3,2626,1784808151.5640059,8,0.01896047592163086,0.0023700594902038574,True
3,2627,1784808151.5833356,8,0.018752098083496094,0.0023440122604370117,True
3,2628,1784808151.6024363,8,0.02357196807861328,0.00294649600982666,True
3,2629,1784808151.6266487,8,0.019555330276489258,0.0024444162845611572,True
3,2630,1784808151.646523,8,0.020186901092529297,0.002523362636566162,True
3,2631,1784808151.6671646,8,0.020416259765625,0.002552032470703125,True
3,2632,1784808151.6880732,8,0.0193026065826416,0.0024128258228302,True
3,2633,1784808151.707734,8,0.020633459091186523,0.0025791823863983154,True
3,2634,1784808151.7287447,8,0.019762754440307617,0.002470344305038452,True
3,2635,1784808151.74906,8,0.02278304100036621,0.0028478801250457764,True
3,2636,1784808151.7730024,8,0.02033400535583496,0.00254175066947937,True
3,2637,1784808151.793772,8,0.019009828567504883,0.0023762285709381104,True
3,2638,1784808151.813095,8,0.020555496215820312,0.002569437026977539,True
3,2639,1784808151.8340003,8,0.0200498104095459,0.0025062263011932373,True
3,2640,1784808151.854371,8,0.01879143714904785,0.0023489296436309814,True
3,2641,1784808151.8734863,8,0.019865989685058594,0.0024832487106323242,True
3,2642,1784808151.8937933,8,0.02045297622680664,0.00255662202835083,True
3,2643,1784808151.915964,8,0.020852088928222656,0.002606511116027832,True
3,2644,1784808151.9371982,8,0.021455764770507812,0.0026819705963134766,True
3,2645,1784808151.9590905,8,0.019816160202026367,0.002477020025253296,True
3,2646,1784808151.9792511,8,0.01955127716064453,0.0024439096450805664,True
3,2647,1784808151.9991126,8,0.02067422866821289,0.0025842785835266113,True
3,2648,1784808152.0204184,8,0.018526315689086914,0.0023157894611358643,True
3,2649,1784808152.039443,8,0.019208431243896484,0.0024010539054870605,True
3,2650,1784808152.0592196,8,0.020435333251953125,0.0025544166564941406,True
3,2651,1784808152.079978,8,0.020285844802856445,0.0025357306003570557,True
3,2652,1784808152.1006064,8,0.0196535587310791,0.0024566948413848877,True
3,2653,1784808152.120965,8,0.020765066146850586,0.0025956332683563232,True
3,2654,1784808152.1421022,8,0.01884317398071289,0.0023553967475891113,True
3,2655,1784808152.161554,8,0.024083852767944336,0.003010481595993042,True
3,2656,1784808152.1859224,8,0.01666545867919922,0.0020831823348999023,True
3,2657,1784808152.202905,8,0.01763629913330078,0.0022045373916625977,True
3,2658,1784808152.221103,8,0.0190279483795166,0.002378493547439575,True
3,2659,1784808152.240695,8,0.018126964569091797,0.0022658705711364746,True
3,2660,1784808152.2592437,8,0.018689632415771484,0.0023362040519714355,True
3,2661,1784808152.2782555,8,0.019275903701782227,0.0024094879627227783,True
3,2662,1784808152.2978194,8,0.02135014533996582,0.0026687681674957275,True
3,2663,1784808152.3198156,8,0.01776409149169922,0.0022205114364624023,True
3,2664,1784808152.3379962,8,0.019849777221679688,0.002481222152709961,True
3,2665,1784808152.358311,8,0.021883249282836914,0.0027354061603546143,True
3,2666,1784808152.380594,8,0.019118309020996094,0.0023897886276245117,True
3,2667,1784808152.4000556,8,0.02061772346496582,0.0025772154331207275,True
3,2668,1784808152.421064,8,0.019558429718017578,0.0024448037147521973,True
3,2669,1784808152.4410865,8,0.021420001983642578,0.0026775002479553223,True
3,2670,1784808152.4627967,8,0.01854705810546875,0.0023183822631835938,True
3,2671,1784808152.481975,8,0.01838850975036621,0.0022985637187957764,True
3,2672,1784808152.5008004,8,0.019470930099487305,0.002433866262435913,True
3,2673,1784808152.5206985,8,0.01884627342224121,0.0023557841777801514,True
3,2674,1784808152.5398157,8,0.01950550079345703,0.002438187599182129,True
3,2675,1784808152.5595956,8,0.01902914047241211,0.0023786425590515137,True
3,2676,1784808152.578971,8,0.01985907554626465,0.002482384443283081,True
3,2677,1784808152.599809,8,0.019712209701538086,0.0024640262126922607,True
3,2678,1784808152.6199894,8,0.02080845832824707,0.002601057291030884,True
3,2679,1784808152.6411011,8,0.020566225051879883,0.0025707781314849854,True
3,2680,1784808152.6620438,8,0.02002859115600586,0.0025035738945007324,True
3,2681,1784808152.6824102,8,0.019699573516845703,0.002462446689605713,True
3,2682,1784808152.7024982,8,0.019490718841552734,0.002436339855194092,True
3,2683,1784808152.7223132,8,0.020302295684814453,0.0025377869606018066,True
3,2684,1784808152.74296,8,0.02151632308959961,0.002689540386199951,True
3,2685,1784808152.7648144,8,0.018927335739135742,0.0023659169673919678,True
3,2686,1784808152.784557,8,0.018934011459350586,0.0023667514324188232,True
3,2687,1784808152.803787,8,0.021641254425048828,0.0027051568031311035,True
3,2688,1784808152.8259983,8,0.019270896911621094,0.0024088621139526367,True
3,2689,1784808152.8457258,8,0.019748687744140625,0.002468585968017578,True
3,2690,1784808152.866055,8,0.021653413772583008,0.002706676721572876,True
3,2691,1784808152.888073,8,0.01877593994140625,0.0023469924926757812,True
3,2692,1784808152.907156,8,0.020911693572998047,0.002613961696624756,True
3,2693,1784808152.9284394,8,0.019234895706176758,0.0024043619632720947,True
3,2694,1784808152.9484122,8,0.018278121948242188,0.0022847652435302734,True
3,2695,1784808152.9671614,8,0.019583940505981445,0.0024479925632476807,True
3,2696,1784808152.9870343,8,0.019501924514770508,0.0024377405643463135,True
3,2697,1784808153.0069647,8,0.021187543869018555,0.0026484429836273193,True
3,2698,1784808153.0289195,8,0.018277645111083984,0.002284705638885498,True
3,2699,1784808153.047449,8,0.020125389099121094,0.0025156736373901367,True
3,2700,1784808153.0679488,8,0.020165681838989258,0.0025207102298736572,True
3,2701,1784808153.088681,8,0.02053689956665039,0.002567112445831299,True
3,2702,1784808153.1095197,8,0.02125716209411621,0.0026571452617645264,True
3,2703,1784808153.1312249,8,0.01746344566345215,0.0021829307079315186,True
3,2704,1784808153.1494722,8,0.019440889358520508,0.0024301111698150635,True
3,2705,1784808153.1692317,8,0.02083277702331543,0.0026040971279144287,True
3,2706,1784808153.1904876,8,0.019494056701660156,0.0024367570877075195,True
3,2707,1784808153.210495,8,0.019832849502563477,0.0024791061878204346,True
3,2708,1784808153.2306204,8,0.019604921340942383,0.002450615167617798,True
3,2709,1784808153.2505755,8,0.020208120346069336,0.002526015043258667,True
3,2710,1784808153.2712352,8,0.019695520401000977,0.002461940050125122,True
3,2711,1784808153.291294,8,0.01865410804748535,0.002331763505935669,True
3,2712,1784808153.310644,8,0.026460647583007812,0.0033075809478759766,True
3,2713,1784808153.3384025,8,0.015057086944580078,0.0018821358680725098,True
3,2714,1784808153.3537238,8,0.022585153579711914,0.0028231441974639893,True
3,2715,1784808153.376668,8,0.018643617630004883,0.0023304522037506104,True
3,2716,1784808153.395723,8,0.019287824630737305,0.002410978078842163,True
3,2717,1784808153.4154544,8,0.019342422485351562,0.0024178028106689453,True
3,2718,1784808153.4351828,8,0.020091533660888672,0.002511441707611084,True
3,2719,1784808153.4556048,8,0.019378185272216797,0.0024222731590270996,True
3,2720,1784808153.4753513,8,0.0206606388092041,0.0025825798511505127,True
3,2721,1784808153.4963782,8,0.02010369300842285,0.0025129616260528564,True
3,2722,1784808153.5168748,8,0.022075653076171875,0.0027594566345214844,True
3,2723,1784808153.5412328,8,0.0190887451171875,0.0023860931396484375,True
3,2724,1784808153.5606859,8,0.018199443817138672,0.002274930477142334,True
3,2725,1784808153.5792623,8,0.020162582397460938,0.002520322799682617,True
3,2726,1784808153.6000097,8,0.017985105514526367,0.002248138189315796,True
3,2727,1784808153.6184316,8,0.02046799659729004,0.002558499574661255,True
3,2728,1784808153.6393285,8,0.01892876625061035,0.002366095781326294,True
3,2729,1784808153.6585267,8,0.01847362518310547,0.0023092031478881836,True
3,2730,1784808153.6773767,8,0.020326852798461914,0.0025408565998077393,True
3,2731,1784808153.6981444,8,0.018397808074951172,0.0022997260093688965,True
3,2732,1784808153.7168102,8,0.020618438720703125,0.0025773048400878906,True
3,2733,1784808153.7377682,8,0.02114558219909668,0.002643197774887085,True
3,2734,1784808153.759277,8,0.02010035514831543,0.0025125443935394287,True
3,2735,1784808153.779663,8,0.01907038688659668,0.002383798360824585,True
3,2736,1784808153.7992148,8,0.018768787384033203,0.0023460984230041504,True
3,2737,1784808153.8183963,8,0.018584489822387695,0.002323061227798462,True
3,2738,1784808153.8373444,8,0.01891779899597168,0.00236472487449646,True
3,2739,1784808153.8566377,8,0.018979787826538086,0.0023724734783172607,True
3,2740,1784808153.8760107,8,0.023633718490600586,0.0029542148113250732,True
3,2741,1784808153.9005394,8,0.015764713287353516,0.0019705891609191895,True
3,2742,1784808153.9166026,8,0.019531965255737305,0.002441495656967163,True
3,2743,1784808153.936731,8,0.021063804626464844,0.0026329755783081055,True
3,2744,1784808153.958452,8,0.02135157585144043,0.0026689469814300537,True
3,2745,1784808153.980148,8,0.02022719383239746,0.0025283992290496826,True
3,2746,1784808154.0007207,8,0.02023911476135254,0.0025298893451690674,True
3,2747,1784808154.0214381,8,0.019924402236938477,0.0024905502796173096,True
3,2748,1784808154.0418012,8,0.020142555236816406,0.0025178194046020508,True
3,2749,1784808154.06233,8,0.01845550537109375,0.0023069381713867188,True
3,2750,1784808154.0811534,8,0.020882606506347656,0.002610325813293457,True
3,2751,1784808154.1023724,8,0.01871490478515625,0.0023393630981445312,True
3,2752,1784808154.1213744,8,0.021202564239501953,0.002650320529937744,True
3,2753,1784808154.1429033,8,0.01873183250427246,0.0023414790630340576,True
3,2754,1784808154.161949,8,0.020493507385253906,0.0025616884231567383,True
3,2755,1784808154.1829057,8,0.018553733825683594,0.0023192167282104492,True
3,2756,1784808154.2018337,8,0.020892858505249023,0.002611607313156128,True
3,2757,1784808154.2233944,8,0.01928877830505371,0.002411097288131714,True
3,2758,1784808154.2431042,8,0.019028186798095703,0.002378523349761963,True
3,2759,1784808154.2625055,8,0.017838001251220703,0.002229750156402588,True
3,2760,1784808154.2807305,8,0.020137786865234375,0.002517223358154297,True
3,2761,1784808154.3012059,8,0.022096633911132812,0.0027620792388916016,True
3,2762,1784808154.324284,8,0.018423795700073242,0.0023029744625091553,True
3,2763,1784808154.3430958,8,0.02035045623779297,0.002543807029724121,True
3,2764,1784808154.3638923,8,0.019561290740966797,0.0024451613426208496,True
3,2765,1784808154.3852036,8,0.021960735321044922,0.0027450919151306152,True
3,2766,1784808154.407905,8,0.01865100860595703,0.002331376075744629,True
3,2767,1784808154.4269845,8,0.02024388313293457,0.0025304853916168213,True
3,2768,1784808154.4475021,8,0.022727012634277344,0.002840876579284668,True
3,2769,1784808154.4706807,8,0.017213821411132812,0.0021517276763916016,True
3,2770,1784808154.4882257,8,0.021245956420898438,0.0026557445526123047,True
3,2771,1784808154.5098107,8,0.0189056396484375,0.0023632049560546875,True
3,2772,1784808154.5290701,8,0.019907474517822266,0.002488434314727783,True
3,2773,1784808154.549335,8,0.019510746002197266,0.002438843250274658,True
3,2774,1784808154.569942,8,0.01837015151977539,0.002296268939971924,True
3,2775,1784808154.5887527,8,0.020216941833496094,0.0025271177291870117,True
3,2776,1784808154.6095233,8,0.02026820182800293,0.002533525228500366,True
3,2777,1784808154.6301029,8,0.01946854591369629,0.002433568239212036,True
3,2778,1784808154.649948,8,0.019534826278686523,0.0024418532848358154,True
3,2779,1784808154.6698446,8,0.019823312759399414,0.0024779140949249268,True
3,2780,1784808154.6900065,8,0.01912522315979004,0.002390652894973755,True
3,2781,1784808154.7096472,8,0.01915121078491211,0.0023939013481140137,True
3,2782,1784808154.7298355,8,0.020447969436645508,0.0025559961795806885,True
3,2783,1784808154.7505817,8,0.022727489471435547,0.0028409361839294434,True
3,2784,1784808154.7737603,8,0.02003788948059082,0.0025047361850738525,True
3,2785,1784808154.7942336,8,0.01947474479675293,0.002434343099594116,True
3,2786,1784808154.814142,8,0.0201718807220459,0.0025214850902557373,True
3,2787,1784808154.8347,8,0.01965808868408203,0.002457261085510254,True
3,2788,1784808154.855643,8,0.018353700637817383,0.002294212579727173,True
3,2789,1784808154.8750026,8,0.018929243087768555,0.0023661553859710693,True
3,2790,1784808154.8946047,8,0.02020716667175293,0.002525895833969116,True
3,2791,1784808154.915103,8,0.0201263427734375,0.0025157928466796875,True
3,2792,1784808154.9355922,8,0.019507884979248047,0.002438485622406006,True
3,2793,1784808154.9553933,8,0.01954197883605957,0.0024427473545074463,True
3,2794,1784808154.97547,8,0.018247127532958984,0.002280890941619873,True
3,2795,1784808154.9940562,8,0.021602630615234375,0.002700328826904297,True
3,2796,1784808155.0161126,8,0.02190542221069336,0.00273817777633667,True
3,2797,1784808155.038421,8,0.01858830451965332,0.002323538064956665,True
3,2798,1784808155.0573401,8,0.020750761032104492,0.0025938451290130615,True
3,2799,1784808155.0784154,8,0.019558429718017578,0.0024448037147521973,True
3,2800,1784808155.098339,8,0.01921987533569336,0.00240248441696167,True
3,2801,1784808155.1178472,8,0.023508787155151367,0.002938598394393921,True
3,2802,1784808155.1417923,8,0.019056320190429688,0.002382040023803711,True
3,2803,1784808155.1612895,8,0.01963043212890625,0.0024538040161132812,True
3,2804,1784808155.181278,8,0.019284963607788086,0.0024106204509735107,True
3,2805,1784808155.20105,8,0.01969599723815918,0.0024619996547698975,True
3,2806,1784808155.221078,8,0.019974708557128906,0.0024968385696411133,True
3,2807,1784808155.2414136,8,0.020116090774536133,0.0025145113468170166,True
3,2808,1784808155.2618632,8,0.018964767456054688,0.002370595932006836,True
3,2809,1784808155.2813623,8,0.020351171493530273,0.002543896436691284,True
3,2810,1784808155.302176,8,0.020194530487060547,0.0025243163108825684,True
3,2811,1784808155.3226955,8,0.018726587295532227,0.0023408234119415283,True
3,2812,1784808155.341741,8,0.019305706024169922,0.0024132132530212402,True
3,2813,1784808155.3613286,8,0.019276857376098633,0.002409607172012329,True
3,2814,1784808155.3810704,8,0.018620014190673828,0.0023275017738342285,True
3,2815,1784808155.400194,8,0.02030491828918457,0.0025381147861480713,True
3,2816,1784808155.4207752,8,0.02095651626586914,0.0026195645332336426,True
3,2817,1784808155.4422514,8,0.0178070068359375,0.0022258758544921875,True
3,2818,1784808155.4604235,8,0.021621227264404297,0.002702653408050537,True
3,2819,1784808155.482304,8,0.022973060607910156,0.0028716325759887695,True
3,2820,1784808155.5056584,8,0.019940614700317383,0.002492576837539673,True
3,2821,1784808155.5258956,8,0.018397808074951172,0.0022997260093688965,True
3,2822,1784808155.5450861,8,0.020687341690063477,0.0025859177112579346,True
3,2823,1784808155.5663605,8,0.020011186599731445,0.0025013983249664307,True
3,2824,1784808155.5867498,8,0.02015519142150879,0.0025193989276885986,True
3,2825,1784808155.6074126,8,0.020997047424316406,0.0026246309280395508,True
3,2826,1784808155.6286933,8,0.018694400787353516,0.0023368000984191895,True
3,2827,1784808155.6479352,8,0.020251989364624023,0.002531498670578003,True
3,2828,1784808155.6684878,8,0.020083189010620117,0.0025103986263275146,True
3,2829,1784808155.6890395,8,0.01908278465270996,0.002385348081588745,True
3,2830,1784808155.7084615,8,0.01918959617614746,0.0023986995220184326,True
3,2831,1784808155.727914,8,0.020252466201782227,0.0025315582752227783,True
3,2832,1784808155.7485096,8,0.020435571670532227,0.0025544464588165283,True
3,2833,1784808155.769244,8,0.020537853240966797,0.0025672316551208496,True
3,2834,1784808155.7901788,8,0.020006418228149414,0.0025008022785186768,True
3,2835,1784808155.8105817,8,0.01821279525756836,0.002276599407196045,True
3,2836,1784808155.8293266,8,0.02022099494934082,0.0025276243686676025,True
3,2837,1784808155.8507924,8,0.017528057098388672,0.002191007137298584,True
3,2838,1784808155.8688323,8,0.018573522567749023,0.002321690320968628,True
3,2839,1784808155.8878043,8,0.022393226623535156,0.0027991533279418945,True
3,2840,1784808155.9104972,8,0.019942522048950195,0.0024928152561187744,True
3,2841,1784808155.9309065,8,0.019770145416259766,0.0024712681770324707,True
3,2842,1784808155.9513185,8,0.020214080810546875,0.0025267601013183594,True
3,2843,1784808155.9719253,8,0.02060866355895996,0.002576082944869995,True
3,2844,1784808155.9929688,8,0.01984715461730957,0.0024808943271636963,True
3,2845,1784808156.0131776,8,0.019977331161499023,0.002497166395187378,True
3,2846,1784808156.0335045,8,0.019648075103759766,0.0024560093879699707,True
3,2847,1784808156.0536323,8,0.020174264907836914,0.0025217831134796143,True
3,2848,1784808156.074107,8,0.02002859115600586,0.0025035738945007324,True
3,2849,1784808156.0944593,8,0.01958918571472168,0.00244864821434021,True
3,2850,1784808156.1143332,8,0.019687175750732422,0.0024608969688415527,True
3,2851,1784808156.1343951,8,0.021137475967407227,0.0026421844959259033,True
3,2852,1784808156.1559148,8,0.0191802978515625,0.0023975372314453125,True
3,2853,1784808156.1754732,8,0.019509077072143555,0.0024386346340179443,True
3,2854,1784808156.1953244,8,0.02118206024169922,0.0026477575302124023,True
3,2855,1784808156.2168138,8,0.020846843719482422,0.0026058554649353027,True
3,2856,1784808156.23805,8,0.01718425750732422,0.0021480321884155273,True
3,2857,1784808156.2555385,8,0.02066946029663086,0.0025836825370788574,True
3,2858,1784808156.2765758,8,0.019623994827270508,0.0024529993534088135,True
3,2859,1784808156.2967253,8,0.0183258056640625,0.0022907257080078125,True
3,2860,1784808156.3154557,8,0.01885080337524414,0.0023563504219055176,True
3,2861,1784808156.334601,8,0.019863605499267578,0.0024829506874084473,True
3,2862,1784808156.354805,8,0.020370960235595703,0.002546370029449463,True
3,2863,1784808156.3754463,8,0.020011425018310547,0.0025014281272888184,True
3,2864,1784808156.3957696,8,0.020031452178955078,0.0025039315223693848,True
3,2865,1784808156.4161649,8,0.020061254501342773,0.0025076568126678467,True
3,2866,1784808156.4372375,8,0.01975727081298828,0.002469658851623535,True
3,2867,1784808156.4573858,8,0.020180225372314453,0.0025225281715393066,True
3,2868,1784808156.477857,8,0.019124746322631836,0.0023905932903289795,True
3,2869,1784808156.4973192,8,0.01934361457824707,0.002417951822280884,True
3,2870,1784808156.5169518,8,0.019956588745117188,0.0024945735931396484,True
3,2871,1784808156.537275,8,0.020519018173217773,0.0025648772716522217,True
3,2872,1784808156.5589857,8,0.020323514938354492,0.0025404393672943115,True
3,2873,1784808156.579895,8,0.01929497718811035,0.002411872148513794,True
3,2874,1784808156.6000743,8,0.019239187240600586,0.0024048984050750732,True
3,2875,1784808156.6198747,8,0.020046472549438477,0.0025058090686798096,True
3,2876,1784808156.6403642,8,0.018800973892211914,0.0023501217365264893,True
3,2877,1784808156.6595683,8,0.019675254821777344,0.002459406852722168,True
3,2878,1784808156.6795774,8,0.01919078826904297,0.002398848533630371,True
3,2879,1784808156.699222,8,0.0205991268157959,0.0025748908519744873,True
3,2880,1784808156.7202256,8,0.018931865692138672,0.002366483211517334,True
3,2881,1784808156.7395,8,0.022142887115478516,0.0027678608894348145,True
3,2882,1784808156.7619653,8,0.019031286239624023,0.002378910779953003,True
3,2883,1784808156.7813945,8,0.022891759872436523,0.0028614699840545654,True
3,2884,1784808156.8048878,8,0.019071578979492188,0.0023839473724365234,True
3,2885,1784808156.8243778,8,0.0185849666595459,0.0023231208324432373,True
3,2886,1784808156.8433723,8,0.019379854202270508,0.0024224817752838135,True
3,2887,1784808156.8631701,8,0.019570589065551758,0.0024463236331939697,True
3,2888,1784808156.8834422,8,0.017992258071899414,0.0022490322589874268,True
3,2889,1784808156.9016948,8,0.019225120544433594,0.0024031400680541992,True
3,2890,1784808156.9215393,8,0.01913619041442871,0.002392023801803589,True
3,2891,1784808156.941089,8,0.020093917846679688,0.002511739730834961,True
3,2892,1784808156.961585,8,0.018923282623291016,0.002365410327911377,True
3,2893,1784808156.980867,8,0.02026987075805664,0.00253373384475708,True
3,2894,1784808157.001544,8,0.02066969871520996,0.002583712339401245,True
3,2895,1784808157.0226536,8,0.018886327743530273,0.002360790967941284,True
3,2896,1784808157.0419722,8,0.019064664840698242,0.0023830831050872803,True
3,2897,1784808157.0614092,8,0.019720792770385742,0.0024650990962982178,True
3,2898,1784808157.081461,8,0.019438743591308594,0.0024298429489135742,True
3,2899,1784808157.1013327,8,0.01992654800415039,0.002490818500518799,True
3,2900,1784808157.1216533,8,0.021906614303588867,0.0027383267879486084,True
3,2901,1784808157.1438117,8,0.019289255142211914,0.0024111568927764893,True
3,2902,1784808157.1633837,8,0.01984691619873047,0.0024808645248413086,True
3,2903,1784808157.1835272,8,0.020194292068481445,0.0025242865085601807,True
3,2904,1784808157.204143,8,0.018696069717407227,0.0023370087146759033,True
3,2905,1784808157.2231615,8,0.020282506942749023,0.002535313367843628,True
3,2906,1784808157.2438705,8,0.018598079681396484,0.0023247599601745605,True
3,2907,1784808157.263637,8,0.019114971160888672,0.002389371395111084,True
3,2908,1784808157.283131,8,0.01850605010986328,0.00231325626373291,True
3,2909,1784808157.3019345,8,0.019964218139648438,0.0024955272674560547,True
3,2910,1784808157.3222332,8,0.02122044563293457,0.0026525557041168213,True
3,2911,1784808157.3437104,8,0.021553754806518555,0.0026942193508148193,True
3,2912,1784808157.3656204,8,0.02086663246154785,0.0026083290576934814,True
3,2913,1784808157.3868644,8,0.018607139587402344,0.002325892448425293,True
3,2914,1784808157.4057596,8,0.020138263702392578,0.0025172829627990723,True
3,2915,1784808157.4262445,8,0.01945018768310547,0.0024312734603881836,True
3,2916,1784808157.4461176,8,0.019388675689697266,0.002423584461212158,True
3,2917,1784808157.4659176,8,0.01935124397277832,0.00241890549659729,True
3,2918,1784808157.4856036,8,0.019104480743408203,0.0023880600929260254,True
3,2919,1784808157.5050428,8,0.019073486328125,0.002384185791015625,True
3,2920,1784808157.524751,8,0.021288394927978516,0.0026610493659973145,True
3,2921,1784808157.5465684,8,0.02073836326599121,0.0025922954082489014,True
3,2922,1784808157.5675836,8,0.020065784454345703,0.002508223056793213,True
3,2923,1784808157.5881202,8,0.01809859275817871,0.002262324094772339,True
3,2924,1784808157.606852,8,0.018588781356811523,0.0023235976696014404,True
3,2925,1784808157.6259048,8,0.019763708114624023,0.002470463514328003,True
3,2926,1784808157.6460037,8,0.018706083297729492,0.0023382604122161865,True
3,2927,1784808157.6651416,8,0.020905256271362305,0.002613157033920288,True
3,2928,1784808157.6864307,8,0.020353317260742188,0.0025441646575927734,True
3,2929,1784808157.7071617,8,0.018476009368896484,0.0023095011711120605,True
3,2930,1784808157.7260764,8,0.02060699462890625,0.0025758743286132812,True
3,2931,1784808157.7471955,8,0.019336462020874023,0.002417057752609253,True
3,2932,1784808157.766899,8,0.021793365478515625,0.002724170684814453,True
3,2933,1784808157.7890973,8,0.020146846771240234,0.0025183558464050293,True
3,2934,1784808157.8095348,8,0.02005147933959961,0.002506434917449951,True
3,2935,1784808157.8299906,8,0.019542932510375977,0.002442866563796997,True
3,2936,1784808157.8499866,8,0.019201993942260742,0.0024002492427825928,True
3,2937,1784808157.8695447,8,0.01980733871459961,0.002475917339324951,True
3,2938,1784808157.8897092,8,0.020119667053222656,0.002514958381652832,True
3,2939,1784808157.9102476,8,0.018931150436401367,0.002366393804550171,True
3,2940,1784808157.929469,8,0.021492958068847656,0.002686619758605957,True
3,2941,1784808157.951338,8,0.017019033432006836,0.0021273791790008545,True
3,2942,1784808157.9693882,8,0.018246173858642578,0.0022807717323303223,True
3,2943,1784808157.9879363,8,0.019633769989013672,0.002454221248626709,True
3,2944,1784808158.0084236,8,0.017391204833984375,0.002173900604248047,True
3,2945,1784808158.0262482,8,0.019872426986694336,0.002484053373336792,True
3,2946,1784808158.0467415,8,0.017032384872436523,0.0021290481090545654,True
3,2947,1784808158.0641224,8,0.016234159469604492,0.0020292699337005615,True
