process_id,batch_id,timestamp,batch_size,batch_time_seconds,avg_query_time_seconds,success
13,1,1784808098.5389063,8,0.014129638671875,0.001766204833984375,True
13,2,1784808098.5564258,8,0.010053634643554688,0.001256704330444336,True
13,3,1784808098.5753474,8,0.009671926498413086,0.0012089908123016357,True
13,4,1784808098.5862126,8,0.011400699615478516,0.0014250874519348145,True
13,5,1784808098.6038904,8,0.012108087539672852,0.0015135109424591064,True
13,6,1784808098.6224935,8,0.008477449417114258,0.0010596811771392822,True
13,7,1784808098.6355326,8,0.010758399963378906,0.0013447999954223633,True
13,8,1784808098.6497889,8,0.009689092636108398,0.0012111365795135498,True
13,9,1784808098.6694262,8,0.006871223449707031,0.0008589029312133789,True
13,10,1784808098.6827378,8,0.010972738265991211,0.0013715922832489014,True
13,11,1784808098.6947446,8,0.012488126754760742,0.0015610158443450928,True
13,12,1784808098.7091646,8,0.012570619583129883,0.0015713274478912354,True
13,13,1784808098.72241,8,0.013705730438232422,0.0017132163047790527,True
13,14,1784808098.7372942,8,0.01595139503479004,0.001993924379348755,True
13,15,1784808098.763062,8,0.007436990737915039,0.0009296238422393799,True
13,16,1784808098.7827024,8,0.008829832077026367,0.001103729009628296,True
13,17,1784808098.8039474,8,0.008704662322998047,0.0010880827903747559,True
13,18,1784808098.825706,8,0.006266355514526367,0.0007832944393157959,True
13,19,1784808098.8467226,8,0.006507158279418945,0.0008133947849273682,True
13,20,1784808098.8612816,8,0.008931636810302734,0.0011164546012878418,True
13,21,1784808098.8845897,8,0.009076833724975586,0.0011346042156219482,True
13,22,1784808098.910985,8,0.006646156311035156,0.0008307695388793945,True
13,23,1784808098.9349027,8,0.00659489631652832,0.00082436203956604,True
13,24,1784808098.951074,8,0.009063959121704102,0.0011329948902130127,True
13,25,1784808098.9783018,8,0.0075876712799072266,0.0009484589099884033,True
13,26,1784808099.0002508,8,0.011920928955078125,0.0014901161193847656,True
13,27,1784808099.0285115,8,0.007046699523925781,0.0008808374404907227,True
13,28,1784808099.053135,8,0.007962703704833984,0.000995337963104248,True
13,29,1784808099.0696151,8,0.008387565612792969,0.001048445701599121,True
13,30,1784808099.08707,8,0.008144378662109375,0.0010180473327636719,True
13,31,1784808099.1110358,8,0.006780862808227539,0.0008476078510284424,True
13,32,1784808099.1375935,8,0.007668018341064453,0.0009585022926330566,True
13,33,1784808099.1578686,8,0.007511615753173828,0.0009389519691467285,True
13,34,1784808099.1826267,8,0.0062482357025146484,0.0007810294628143311,True
13,35,1784808099.2010996,8,0.010805130004882812,0.0013506412506103516,True
13,36,1784808099.2267194,8,0.00764775276184082,0.0009559690952301025,True
13,37,1784808099.246665,8,0.009838342666625977,0.001229792833328247,True
13,38,1784808099.2627676,8,0.01205134391784668,0.001506417989730835,True
13,39,1784808099.277705,8,0.018153667449951172,0.0022692084312438965,True
13,40,1784808099.2973607,8,0.01886129379272461,0.002357661724090576,True
13,41,1784808099.3176017,8,0.018874168395996094,0.0023592710494995117,True
13,42,1784808099.3381405,8,0.018187284469604492,0.0022734105587005615,True
13,43,1784808099.3686976,8,0.01038980484008789,0.0012987256050109863,True
13,44,1784808099.382366,8,0.016544103622436523,0.0020680129528045654,True
13,45,1784808099.4001162,8,0.01773810386657715,0.0022172629833221436,True
13,46,1784808099.4188774,8,0.01842188835144043,0.0023027360439300537,True
13,47,1784808099.4383454,8,0.01978778839111328,0.00247347354888916,True
13,48,1784808099.458965,8,0.020284652709960938,0.002535581588745117,True
13,49,1784808099.479935,8,0.0206756591796875,0.0025844573974609375,True
13,50,1784808099.5012596,8,0.021437644958496094,0.0026797056198120117,True
13,51,1784808099.5404902,8,0.008316993713378906,0.0010396242141723633,True
13,52,1784808099.5639815,8,0.00880575180053711,0.0011007189750671387,True
13,53,1784808099.582128,8,0.01148223876953125,0.0014352798461914062,True
13,54,1784808099.594299,8,0.01915907859802246,0.0023948848247528076,True
13,55,1784808099.6140382,8,0.019536733627319336,0.002442091703414917,True
13,56,1784808099.633998,8,0.021900177001953125,0.0027375221252441406,True
13,57,1784808099.6566925,8,0.019885778427124023,0.002485722303390503,True
13,58,1784808099.6773198,8,0.02105855941772461,0.002632319927215576,True
13,59,1784808099.6998937,8,0.018430233001708984,0.002303779125213623,True
13,60,1784808099.718917,8,0.0190277099609375,0.0023784637451171875,True
13,61,1784808099.7389154,8,0.019516468048095703,0.002439558506011963,True
13,62,1784808099.759333,8,0.021115779876708984,0.002639472484588623,True
13,63,1784808099.781498,8,0.020020008087158203,0.0025025010108947754,True
13,64,1784808099.8021884,8,0.019301414489746094,0.0024126768112182617,True
13,65,1784808099.8225477,8,0.0211181640625,0.0026397705078125,True
13,66,1784808099.8462539,8,0.01799631118774414,0.0022495388984680176,True
13,67,1784808099.8648958,8,0.019785404205322266,0.002473175525665283,True
13,68,1784808099.8852284,8,0.020726919174194336,0.002590864896774292,True
13,69,1784808099.9074967,8,0.021191120147705078,0.0026488900184631348,True
13,70,1784808099.9298332,8,0.019539833068847656,0.002442479133605957,True
13,71,1784808099.9502115,8,0.019744396209716797,0.0024680495262145996,True
13,72,1784808099.9710531,8,0.020550251007080078,0.0025687813758850098,True
13,73,1784808099.9924061,8,0.019593477249145508,0.0024491846561431885,True
13,74,1784808100.0126767,8,0.023439407348632812,0.0029299259185791016,True
13,75,1784808100.0368676,8,0.018090009689331055,0.002261251211166382,True
13,76,1784808100.0556226,8,0.02065443992614746,0.0025818049907684326,True
13,77,1784808100.0777428,8,0.01988387107849121,0.0024854838848114014,True
13,78,1784808100.0988157,8,0.020043611526489258,0.0025054514408111572,True
13,79,1784808100.1194117,8,0.020249366760253906,0.0025311708450317383,True
13,80,1784808100.140832,8,0.018184185028076172,0.0022730231285095215,True
13,81,1784808100.1596556,8,0.01822042465209961,0.002277553081512451,True
13,82,1784808100.1784568,8,0.019789695739746094,0.0024737119674682617,True
13,83,1784808100.199161,8,0.018552780151367188,0.0023190975189208984,True
13,84,1784808100.2187674,8,0.018858909606933594,0.0023573637008666992,True
13,85,1784808100.2383626,8,0.020159244537353516,0.0025199055671691895,True
13,86,1784808100.2597196,8,0.019849538803100586,0.0024811923503875732,True
13,87,1784808100.2801344,8,0.01982402801513672,0.00247800350189209,True
13,88,1784808100.3010492,8,0.019063949584960938,0.002382993698120117,True
13,89,1784808100.321139,8,0.020079374313354492,0.0025099217891693115,True
13,90,1784808100.343514,8,0.019764184951782227,0.0024705231189727783,True
13,91,1784808100.364158,8,0.019425153732299805,0.0024281442165374756,True
13,92,1784808100.3841634,8,0.02092266082763672,0.00261533260345459,True
13,93,1784808100.4056897,8,0.022011518478393555,0.0027514398097991943,True
13,94,1784808100.4282534,8,0.0177457332611084,0.00221821665763855,True
13,95,1784808100.4467576,8,0.019806385040283203,0.0024757981300354004,True
13,96,1784808100.4675171,8,0.019663095474243164,0.0024578869342803955,True
13,97,1784808100.4877477,8,0.020601272583007812,0.0025751590728759766,True
13,98,1784808100.5100062,8,0.018971681594848633,0.002371460199356079,True
13,99,1784808100.5294402,8,0.019513368606567383,0.002439171075820923,True
13,100,1784808100.5496147,8,0.019947528839111328,0.002493441104888916,True
13,101,1784808100.5701964,8,0.01980137825012207,0.002475172281265259,True
13,102,1784808100.5909503,8,0.01955246925354004,0.002444058656692505,True
13,103,1784808100.6112545,8,0.018659114837646484,0.0023323893547058105,True
13,104,1784808100.6336753,8,0.017253398895263672,0.002156674861907959,True
13,105,1784808100.6570528,8,0.017180919647216797,0.0021476149559020996,True
13,106,1784808100.6762705,8,0.017708539962768555,0.0022135674953460693,True
13,107,1784808100.6947675,8,0.020554304122924805,0.0025692880153656006,True
13,108,1784808100.7167513,8,0.019762039184570312,0.002470254898071289,True
13,109,1784808100.7385461,8,0.020110368728637695,0.002513796091079712,True
13,110,1784808100.7597625,8,0.018955230712890625,0.002369403839111328,True
13,111,1784808100.7805774,8,0.018091440200805664,0.002261430025100708,True
13,112,1784808100.7999654,8,0.017583608627319336,0.002197951078414917,True
13,113,1784808100.8198452,8,0.020195960998535156,0.0025244951248168945,True
13,114,1784808100.8409164,8,0.020313739776611328,0.002539217472076416,True
13,115,1784808100.8636,8,0.018470287322998047,0.002308785915374756,True
13,116,1784808100.884103,8,0.018737316131591797,0.0023421645164489746,True
13,117,1784808100.9035854,8,0.019919872283935547,0.0024899840354919434,True
13,118,1784808100.9245546,8,0.02001953125,0.00250244140625,True
13,119,1784808100.9461534,8,0.019261837005615234,0.0024077296257019043,True
13,120,1784808100.9659622,8,0.01887345314025879,0.0023591816425323486,True
13,121,1784808100.9857228,8,0.024762630462646484,0.0030953288078308105,True
13,122,1784808101.0127082,8,0.01571512222290039,0.001964390277862549,True
13,123,1784808101.0296443,8,0.01928257942199707,0.002410322427749634,True
13,124,1784808101.0499153,8,0.02108454704284668,0.002635568380355835,True
13,125,1784808101.0717804,8,0.020182371139526367,0.002522796392440796,True
13,126,1784808101.0929408,8,0.019690752029418945,0.002461344003677368,True
13,127,1784808101.1130714,8,0.022378921508789062,0.002797365188598633,True
13,128,1784808101.1360958,8,0.021410703659057617,0.002676337957382202,True
13,129,1784808101.1580021,8,0.019718170166015625,0.002464771270751953,True
13,130,1784808101.1808333,8,0.01840519905090332,0.002300649881362915,True
13,131,1784808101.1999114,8,0.01984262466430664,0.00248032808303833,True
13,132,1784808101.2204022,8,0.018584728240966797,0.0023230910301208496,True
13,133,1784808101.2401226,8,0.01961660385131836,0.002452075481414795,True
13,134,1784808101.2603614,8,0.019450664520263672,0.002431333065032959,True
13,135,1784808101.2805057,8,0.019462108612060547,0.0024327635765075684,True
13,136,1784808101.3002713,8,0.02105545997619629,0.002631932497024536,True
13,137,1784808101.3223104,8,0.019877910614013672,0.002484738826751709,True
13,138,1784808101.3431003,8,0.021314620971679688,0.002664327621459961,True
13,139,1784808101.3653445,8,0.018018722534179688,0.002252340316772461,True
13,140,1784808101.3838506,8,0.019463300704956055,0.002432912588119507,True
13,141,1784808101.403757,8,0.022647619247436523,0.0028309524059295654,True
13,142,1784808101.427429,8,0.02127218246459961,0.002659022808074951,True
13,143,1784808101.449415,8,0.01954483985900879,0.0024431049823760986,True
13,144,1784808101.4694202,8,0.020537137985229492,0.0025671422481536865,True
13,145,1784808101.4903667,8,0.02239203453063965,0.002799004316329956,True
13,146,1784808101.5155287,8,0.017098426818847656,0.002137303352355957,True
13,147,1784808101.533167,8,0.020210742950439453,0.0025263428688049316,True
13,148,1784808101.5554361,8,0.018891334533691406,0.0023614168167114258,True
13,149,1784808101.5756629,8,0.02198171615600586,0.0027477145195007324,True
13,150,1784808101.5990644,8,0.019420623779296875,0.0024275779724121094,True
13,151,1784808101.619073,8,0.019633054733276367,0.002454131841659546,True
13,152,1784808101.6391592,8,0.020688533782958984,0.002586066722869873,True
13,153,1784808101.6609042,8,0.021041154861450195,0.0026301443576812744,True
13,154,1784808101.6824021,8,0.019085168838500977,0.002385646104812622,True
13,155,1784808101.7019017,8,0.021078109741210938,0.002634763717651367,True
13,156,1784808101.7241838,8,0.019105195999145508,0.0023881494998931885,True
13,157,1784808101.7445314,8,0.021637439727783203,0.0027046799659729004,True
13,158,1784808101.766642,8,0.019140958786010742,0.0023926198482513428,True
13,159,1784808101.786064,8,0.01987934112548828,0.002484917640686035,True
13,160,1784808101.8063831,8,0.019155025482177734,0.002394378185272217,True
13,161,1784808101.825894,8,0.020099401473999023,0.002512425184249878,True
13,162,1784808101.8471043,8,0.018964767456054688,0.002370595932006836,True
13,163,1784808101.8664997,8,0.019749879837036133,0.0024687349796295166,True
13,164,1784808101.887169,8,0.02060413360595703,0.002575516700744629,True
13,165,1784808101.9081028,8,0.019459009170532227,0.0024323761463165283,True
13,166,1784808101.9281876,8,0.019139528274536133,0.0023924410343170166,True
13,167,1784808101.9477732,8,0.022226810455322266,0.002778351306915283,True
13,168,1784808101.9713326,8,0.01930522918701172,0.002413153648376465,True
13,169,1784808101.9911723,8,0.0207061767578125,0.0025882720947265625,True
13,170,1784808102.012256,8,0.021860361099243164,0.0027325451374053955,True
13,171,1784808102.034597,8,0.019193172454833984,0.002399146556854248,True
13,172,1784808102.054197,8,0.019910097122192383,0.002488762140274048,True
13,173,1784808102.0745826,8,0.019649028778076172,0.0024561285972595215,True
13,174,1784808102.0947335,8,0.021076202392578125,0.0026345252990722656,True
13,175,1784808102.116886,8,0.02025890350341797,0.002532362937927246,True
13,176,1784808102.1382022,8,0.02027416229248047,0.0025342702865600586,True
13,177,1784808102.1588252,8,0.02103590965270996,0.002629488706588745,True
13,178,1784808102.1814208,8,0.01981353759765625,0.0024766921997070312,True
13,179,1784808102.2021203,8,0.020158767700195312,0.002519845962524414,True
13,180,1784808102.2254033,8,0.01920604705810547,0.0024007558822631836,True
13,181,1784808102.2450788,8,0.02132415771484375,0.0026655197143554688,True
13,182,1784808102.2670004,8,0.020066022872924805,0.0025082528591156006,True
13,183,1784808102.2876048,8,0.021309614181518555,0.0026637017726898193,True
13,184,1784808102.3093498,8,0.02227640151977539,0.002784550189971924,True
13,185,1784808102.3323114,8,0.019724369049072266,0.002465546131134033,True
13,186,1784808102.3527653,8,0.020952224731445312,0.002619028091430664,True
13,187,1784808102.3742256,8,0.020078420639038086,0.0025098025798797607,True
13,188,1784808102.394869,8,0.022437334060668945,0.002804666757583618,True
13,189,1784808102.418289,8,0.01936626434326172,0.002420783042907715,True
13,190,1784808102.4379973,8,0.020781755447387695,0.002597719430923462,True
13,191,1784808102.4599314,8,0.019708871841430664,0.002463608980178833,True
13,192,1784808102.481082,8,0.021190404891967773,0.0026488006114959717,True
13,193,1784808102.5025933,8,0.018366575241088867,0.0022958219051361084,True
13,194,1784808102.521872,8,0.019073963165283203,0.0023842453956604004,True
13,195,1784808102.5415883,8,0.018731117248535156,0.0023413896560668945,True
13,196,1784808102.5612292,8,0.021273136138916016,0.002659142017364502,True
13,197,1784808102.583249,8,0.0201416015625,0.0025177001953125,True
13,198,1784808102.603773,8,0.02021956443786621,0.0025274455547332764,True
13,199,1784808102.6243007,8,0.02045464515686035,0.002556830644607544,True
13,200,1784808102.645128,8,0.019126415252685547,0.0023908019065856934,True
13,201,1784808102.6646838,8,0.019825458526611328,0.002478182315826416,True
13,202,1784808102.684847,8,0.019517183303833008,0.002439647912979126,True
13,203,1784808102.705694,8,0.01994013786315918,0.0024925172328948975,True
13,204,1784808102.7267082,8,0.020914793014526367,0.002614349126815796,True
13,205,1784808102.7482314,8,0.021937847137451172,0.0027422308921813965,True
13,206,1784808102.7714944,8,0.017525911331176758,0.0021907389163970947,True
13,207,1784808102.7896976,8,0.020543575286865234,0.0025679469108581543,True
13,208,1784808102.8106527,8,0.020020246505737305,0.002502530813217163,True
13,209,1784808102.8310895,8,0.020087003707885742,0.0025108754634857178,True
13,210,1784808102.8539276,8,0.02044820785522461,0.002556025981903076,True
13,211,1784808102.8750734,8,0.02029728889465332,0.002537161111831665,True
13,212,1784808102.8957548,8,0.02006697654724121,0.0025083720684051514,True
13,213,1784808102.9166605,8,0.02027416229248047,0.0025342702865600586,True
13,214,1784808102.93748,8,0.01908087730407715,0.0023851096630096436,True
13,215,1784808102.9574323,8,0.020787715911865234,0.0025984644889831543,True
13,216,1784808102.9785745,8,0.020498037338256836,0.0025622546672821045,True
13,217,1784808103.0001311,8,0.020777463912963867,0.0025971829891204834,True
13,218,1784808103.0214615,8,0.020003318786621094,0.0025004148483276367,True
13,219,1784808103.0420847,8,0.02005767822265625,0.0025072097778320312,True
13,220,1784808103.0627294,8,0.020776033401489258,0.0025970041751861572,True
13,221,1784808103.08393,8,0.019577741622924805,0.0024472177028656006,True
13,222,1784808103.103941,8,0.020238399505615234,0.0025297999382019043,True
13,223,1784808103.124767,8,0.019193649291992188,0.0023992061614990234,True
13,224,1784808103.1452749,8,0.01812887191772461,0.002266108989715576,True
13,225,1784808103.1638188,8,0.019684791564941406,0.0024605989456176758,True
13,226,1784808103.1839466,8,0.0192720890045166,0.002409011125564575,True
13,227,1784808103.2038867,8,0.01938152313232422,0.0024226903915405273,True
13,228,1784808103.2238984,8,0.020095348358154297,0.002511918544769287,True
13,229,1784808103.2443528,8,0.0193936824798584,0.0024242103099823,True
13,230,1784808103.2643554,8,0.01869988441467285,0.0023374855518341064,True
13,231,1784808103.283802,8,0.02003312110900879,0.0025041401386260986,True
13,232,1784808103.3043811,8,0.020457029342651367,0.002557128667831421,True
13,233,1784808103.3251634,8,0.021028757095336914,0.0026285946369171143,True
13,234,1784808103.3464894,8,0.022210121154785156,0.0027762651443481445,True
13,235,1784808103.3696628,8,0.016386985778808594,0.0020483732223510742,True
13,236,1784808103.3867877,8,0.018788814544677734,0.002348601818084717,True
13,237,1784808103.405946,8,0.01962590217590332,0.002453237771987915,True
13,238,1784808103.4263186,8,0.01967000961303711,0.0024587512016296387,True
13,239,1784808103.446379,8,0.021579504013061523,0.0026974380016326904,True
13,240,1784808103.468361,8,0.021698713302612305,0.002712339162826538,True
13,241,1784808103.4904594,8,0.018694162368774414,0.0023367702960968018,True
13,242,1784808103.5094397,8,0.01904010772705078,0.0023800134658813477,True
13,243,1784808103.5288045,8,0.019426822662353516,0.0024283528327941895,True
13,244,1784808103.5486326,8,0.019819259643554688,0.002477407455444336,True
13,245,1784808103.5687487,8,0.0214993953704834,0.002687424421310425,True
13,246,1784808103.5906508,8,0.01986074447631836,0.002482593059539795,True
13,247,1784808103.6108725,8,0.01934957504272461,0.002418696880340576,True
13,248,1784808103.630533,8,0.019036531448364258,0.0023795664310455322,True
13,249,1784808103.6499171,8,0.0202944278717041,0.0025368034839630127,True
13,250,1784808103.6706724,8,0.0205380916595459,0.0025672614574432373,True
13,251,1784808103.6915164,8,0.020318031311035156,0.0025397539138793945,True
13,252,1784808103.7122056,8,0.021239757537841797,0.0026549696922302246,True
13,253,1784808103.733766,8,0.02080368995666504,0.00260046124458313,True
13,254,1784808103.7555768,8,0.020679950714111328,0.002584993839263916,True
13,255,1784808103.7767496,8,0.020437955856323242,0.0025547444820404053,True
13,256,1784808103.7979085,8,0.02018141746520996,0.002522677183151245,True
13,257,1784808103.8183997,8,0.023113250732421875,0.0028891563415527344,True
13,258,1784808103.8424091,8,0.02026200294494629,0.002532750368118286,True
13,259,1784808103.863898,8,0.02194070816040039,0.002742588520050049,True
13,260,1784808103.8864367,8,0.020228147506713867,0.0025285184383392334,True
13,261,1784808103.9072058,8,0.020143747329711914,0.0025179684162139893,True
13,262,1784808103.9277227,8,0.020514249801635742,0.0025642812252044678,True
13,263,1784808103.9492066,8,0.018648624420166016,0.002331078052520752,True
13,264,1784808103.968372,8,0.0191650390625,0.0023956298828125,True
13,265,1784808103.988536,8,0.01981329917907715,0.0024766623973846436,True
13,266,1784808104.0089567,8,0.020606040954589844,0.0025757551193237305,True
13,267,1784808104.0301912,8,0.020989418029785156,0.0026236772537231445,True
13,268,1784808104.05155,8,0.020322561264038086,0.0025403201580047607,True
13,269,1784808104.0722542,8,0.01967620849609375,0.0024595260620117188,True
13,270,1784808104.0928185,8,0.01917743682861328,0.00239717960357666,True
13,271,1784808104.112854,8,0.020739078521728516,0.0025923848152160645,True
13,272,1784808104.134662,8,0.018964767456054688,0.002370595932006836,True
13,273,1784808104.1543941,8,0.018604755401611328,0.002325594425201416,True
13,274,1784808104.1734412,8,0.02066636085510254,0.0025832951068878174,True
13,275,1784808104.1946194,8,0.018956661224365234,0.0023695826530456543,True
13,276,1784808104.213889,8,0.020699024200439453,0.0025873780250549316,True
13,277,1784808104.2349687,8,0.021440505981445312,0.002680063247680664,True
13,278,1784808104.256742,8,0.0196988582611084,0.00246235728263855,True
13,279,1784808104.2768757,8,0.018909454345703125,0.0023636817932128906,True
13,280,1784808104.296337,8,0.019559860229492188,0.0024449825286865234,True
13,281,1784808104.3168588,8,0.019890546798706055,0.002486318349838257,True
13,282,1784808104.337002,8,0.01994943618774414,0.0024936795234680176,True
13,283,1784808104.357422,8,0.01929497718811035,0.002411872148513794,True
13,284,1784808104.3771904,8,0.020692110061645508,0.0025865137577056885,True
13,285,1784808104.3981407,8,0.019127368927001953,0.002390921115875244,True
13,286,1784808104.417624,8,0.01974964141845703,0.002468705177307129,True
13,287,1784808104.43767,8,0.022116899490356445,0.0027646124362945557,True
13,288,1784808104.460363,8,0.020746707916259766,0.0025933384895324707,True
13,289,1784808104.4814785,8,0.02104640007019043,0.0026308000087738037,True
13,290,1784808104.5028286,8,0.02039361000061035,0.002549201250076294,True
13,291,1784808104.5235622,8,0.020176410675048828,0.0025220513343811035,True
13,292,1784808104.5443258,8,0.022633790969848633,0.002829223871231079,True
13,293,1784808104.5675259,8,0.0208587646484375,0.0026073455810546875,True
13,294,1784808104.5889502,8,0.01964426040649414,0.0024555325508117676,True
13,295,1784808104.609256,8,0.019670486450195312,0.002458810806274414,True
13,296,1784808104.6293378,8,0.021427631378173828,0.0026784539222717285,True
13,297,1784808104.6513085,8,0.01827096939086914,0.0022838711738586426,True
13,298,1784808104.6699204,8,0.02065300941467285,0.0025816261768341064,True
13,299,1784808104.6910608,8,0.018640756607055664,0.002330094575881958,True
13,300,1784808104.710385,8,0.021589279174804688,0.002698659896850586,True
13,301,1784808104.7324195,8,0.019417762756347656,0.002427220344543457,True
13,302,1784808104.7525523,8,0.019771575927734375,0.002471446990966797,True
13,303,1784808104.7731357,8,0.01961827278137207,0.002452284097671509,True
13,304,1784808104.793565,8,0.020351409912109375,0.002543926239013672,True
13,305,1784808104.8144271,8,0.02009129524230957,0.0025114119052886963,True
13,306,1784808104.8349957,8,0.01911187171936035,0.002388983964920044,True
13,307,1784808104.8544514,8,0.020201921463012695,0.002525240182876587,True
13,308,1784808104.8750763,8,0.022916078567504883,0.0028645098209381104,True
13,309,1784808104.8985553,8,0.020125150680541992,0.002515643835067749,True
13,310,1784808104.9191623,8,0.019644498825073242,0.0024555623531341553,True
13,311,1784808104.9390948,8,0.0198667049407959,0.0024833381175994873,True
13,312,1784808104.9592712,8,0.019124984741210938,0.002390623092651367,True
13,313,1784808104.9787436,8,0.02020096778869629,0.002525120973587036,True
13,314,1784808104.9993334,8,0.019022703170776367,0.002377837896347046,True
13,315,1784808105.019291,8,0.02128005027770996,0.002660006284713745,True
13,316,1784808105.0411627,8,0.01956629753112793,0.002445787191390991,True
13,317,1784808105.061345,8,0.022038698196411133,0.0027548372745513916,True
13,318,1784808105.083972,8,0.021638154983520508,0.0027047693729400635,True
13,319,1784808105.106487,8,0.02101278305053711,0.0026265978813171387,True
13,320,1784808105.1281695,8,0.019215822219848633,0.002401977777481079,True
13,321,1784808105.1480463,8,0.02023148536682129,0.002528935670852661,True
13,322,1784808105.1688645,8,0.02019953727722168,0.00252494215965271,True
13,323,1784808105.18945,8,0.019352436065673828,0.0024190545082092285,True
13,324,1784808105.2093408,8,0.021316051483154297,0.002664506435394287,True
13,325,1784808105.2310965,8,0.02046656608581543,0.0025583207607269287,True
13,326,1784808105.2520025,8,0.019587039947509766,0.0024483799934387207,True
13,327,1784808105.272044,8,0.02038407325744629,0.002548009157180786,True
13,328,1784808105.2928512,8,0.01925063133239746,0.0024063289165496826,True
13,329,1784808105.3125355,8,0.020007610321044922,0.0025009512901306152,True
13,330,1784808105.3328702,8,0.020346879959106445,0.0025433599948883057,True
13,331,1784808105.354099,8,0.021904945373535156,0.0027381181716918945,True
13,332,1784808105.3768644,8,0.018067359924316406,0.0022584199905395508,True
13,333,1784808105.3952868,8,0.02060246467590332,0.002575308084487915,True
13,334,1784808105.4164882,8,0.021153926849365234,0.0026442408561706543,True
13,335,1784808105.4381404,8,0.0195767879486084,0.00244709849357605,True
13,336,1784808105.4581075,8,0.0191652774810791,0.0023956596851348877,True
13,337,1784808105.4775655,8,0.020934581756591797,0.0026168227195739746,True
13,338,1784808105.4988399,8,0.019971370697021484,0.0024964213371276855,True
13,339,1784808105.5191922,8,0.02030038833618164,0.002537548542022705,True
13,340,1784808105.5398836,8,0.020081043243408203,0.0025101304054260254,True
13,341,1784808105.5603726,8,0.018567562103271484,0.0023209452629089355,True
13,342,1784808105.579317,8,0.019171476364135742,0.0023964345455169678,True
13,343,1784808105.5987756,8,0.019263505935668945,0.002407938241958618,True
13,344,1784808105.6187189,8,0.018949270248413086,0.0023686587810516357,True
13,345,1784808105.6380682,8,0.02385258674621582,0.0029815733432769775,True
13,346,1784808105.6635792,8,0.018573522567749023,0.002321690320968628,True
13,347,1784808105.6824543,8,0.019520282745361328,0.002440035343170166,True
13,348,1784808105.702289,8,0.021172761917114258,0.0026465952396392822,True
13,349,1784808105.7237725,8,0.020851850509643555,0.0026064813137054443,True
13,350,1784808105.7449853,8,0.01930403709411621,0.0024130046367645264,True
13,351,1784808105.764683,8,0.020465373992919922,0.0025581717491149902,True
13,352,1784808105.7856407,8,0.019461631774902344,0.002432703971862793,True
13,353,1784808105.805694,8,0.020169973373413086,0.0025212466716766357,True
13,354,1784808105.8264105,8,0.019082307815551758,0.0023852884769439697,True
13,355,1784808105.8460207,8,0.021434545516967773,0.0026793181896209717,True
13,356,1784808105.8680642,8,0.019033193588256836,0.0023791491985321045,True
13,357,1784808105.8875608,8,0.01952672004699707,0.002440840005874634,True
13,358,1784808105.907493,8,0.02021002769470215,0.0025262534618377686,True
13,359,1784808105.9284327,8,0.019836902618408203,0.0024796128273010254,True
13,360,1784808105.9489727,8,0.021380901336669922,0.0026726126670837402,True
13,361,1784808105.9711792,8,0.01862812042236328,0.00232851505279541,True
13,362,1784808105.9906726,8,0.01871776580810547,0.0023397207260131836,True
13,363,1784808106.010088,8,0.022495508193969727,0.002811938524246216,True
13,364,1784808106.0331144,8,0.01884603500366211,0.0023557543754577637,True
13,365,1784808106.0528584,8,0.01974201202392578,0.0024677515029907227,True
13,366,1784808106.073288,8,0.018354415893554688,0.002294301986694336,True
13,367,1784808106.092129,8,0.020491600036621094,0.0025614500045776367,True
13,368,1784808106.1134744,8,0.019510746002197266,0.002438843250274658,True
13,369,1784808106.135058,8,0.019068002700805664,0.002383500337600708,True
13,370,1784808106.154527,8,0.02031421661376953,0.0025392770767211914,True
13,371,1784808106.1752682,8,0.018292665481567383,0.002286583185195923,True
13,372,1784808106.1953611,8,0.019206523895263672,0.002400815486907959,True
13,373,1784808106.2152054,8,0.019755125045776367,0.002469390630722046,True
13,374,1784808106.2353756,8,0.021117687225341797,0.0026397109031677246,True
13,375,1784808106.256872,8,0.02025890350341797,0.002532362937927246,True
13,376,1784808106.2775674,8,0.022785663604736328,0.002848207950592041,True
13,377,1784808106.3022113,8,0.020422697067260742,0.0025528371334075928,True
13,378,1784808106.3229136,8,0.01984858512878418,0.0024810731410980225,True
13,379,1784808106.343393,8,0.020058155059814453,0.0025072693824768066,True
13,380,1784808106.3639302,8,0.01958179473876953,0.0024477243423461914,True
13,381,1784808106.3846893,8,0.01955270767211914,0.0024440884590148926,True
13,382,1784808106.4051867,8,0.02008843421936035,0.002511054277420044,True
13,383,1784808106.425579,8,0.020121335983276367,0.002515166997909546,True
13,384,1784808106.446214,8,0.01896214485168457,0.0023702681064605713,True
13,385,1784808106.4655864,8,0.018239974975585938,0.002279996871948242,True
13,386,1784808106.4842715,8,0.022092342376708984,0.002761542797088623,True
13,387,1784808106.506748,8,0.01907634735107422,0.0023845434188842773,True
13,388,1784808106.526574,8,0.020570993423461914,0.0025713741779327393,True
13,389,1784808106.5476983,8,0.02069711685180664,0.00258713960647583,True
13,390,1784808106.5687222,8,0.019254446029663086,0.0024068057537078857,True
13,391,1784808106.588314,8,0.018398523330688477,0.0022998154163360596,True
13,392,1784808106.6071005,8,0.02140951156616211,0.0026761889457702637,True
13,393,1784808106.628789,8,0.019776582717895508,0.0024720728397369385,True
13,394,1784808106.6490583,8,0.019797325134277344,0.002474665641784668,True
13,395,1784808106.6695313,8,0.022171735763549805,0.0027714669704437256,True
13,396,1784808106.6924455,8,0.02045464515686035,0.002556830644607544,True
13,397,1784808106.7137794,8,0.02038717269897461,0.002548396587371826,True
13,398,1784808106.7352684,8,0.01997089385986328,0.00249636173248291,True
13,399,1784808106.755594,8,0.019629955291748047,0.002453744411468506,True
13,400,1784808106.7755573,8,0.021028995513916016,0.002628624439239502,True
13,401,1784808106.797199,8,0.02013087272644043,0.0025163590908050537,True
13,402,1784808106.8177195,8,0.01967620849609375,0.0024595260620117188,True
13,403,1784808106.83776,8,0.019943714141845703,0.002492964267730713,True
13,404,1784808106.8580368,8,0.025194406509399414,0.0031493008136749268,True
13,405,1784808106.883575,8,0.01776909828186035,0.002221137285232544,True
13,406,1784808106.901643,8,0.019704580307006836,0.0024630725383758545,True
13,407,1784808106.9216268,8,0.01965808868408203,0.002457261085510254,True
13,408,1784808106.941987,8,0.021831750869750977,0.002728968858718872,True
13,409,1784808106.9645634,8,0.020168781280517578,0.0025210976600646973,True
13,410,1784808106.985286,8,0.01877760887145996,0.002347201108932495,True
13,411,1784808107.0047398,8,0.020122766494750977,0.002515345811843872,True
13,412,1784808107.0254226,8,0.019293546676635742,0.0024116933345794678,True
13,413,1784808107.0456126,8,0.01976180076599121,0.0024702250957489014,True
13,414,1784808107.0657444,8,0.022012948989868164,0.0027516186237335205,True
13,415,1784808107.0898693,8,0.018705129623413086,0.0023381412029266357,True
13,416,1784808107.109287,8,0.01979207992553711,0.0024740099906921387,True
13,417,1784808107.1296654,8,0.020564556121826172,0.0025705695152282715,True
13,418,1784808107.150552,8,0.02164769172668457,0.0027059614658355713,True
13,419,1784808107.1724873,8,0.01813673973083496,0.00226709246635437,True
13,420,1784808107.1910844,8,0.01977825164794922,0.0024722814559936523,True
13,421,1784808107.2112432,8,0.021871566772460938,0.002733945846557617,True
13,422,1784808107.23349,8,0.019936323165893555,0.0024920403957366943,True
13,423,1784808107.2537796,8,0.02026510238647461,0.002533137798309326,True
13,424,1784808107.2744617,8,0.019273757934570312,0.002409219741821289,True
13,425,1784808107.2940366,8,0.020316362380981445,0.0025395452976226807,True
13,426,1784808107.3150566,8,0.01938772201538086,0.0024234652519226074,True
13,427,1784808107.3348334,8,0.01959681510925293,0.002449601888656616,True
13,428,1784808107.3548224,8,0.019325971603393555,0.0024157464504241943,True
13,429,1784808107.3745067,8,0.0199892520904541,0.0024986565113067627,True
13,430,1784808107.3948193,8,0.0198514461517334,0.002481430768966675,True
13,431,1784808107.4151573,8,0.01993584632873535,0.002491980791091919,True
13,432,1784808107.4355946,8,0.01793527603149414,0.0022419095039367676,True
13,433,1784808107.4537983,8,0.020219802856445312,0.002527475357055664,True
13,434,1784808107.474794,8,0.019429445266723633,0.002428680658340454,True
13,435,1784808107.4946816,8,0.025046348571777344,0.003130793571472168,True
13,436,1784808107.5199978,8,0.01850724220275879,0.0023134052753448486,True
13,437,1784808107.5389142,8,0.019538164138793945,0.002442270517349243,True
13,438,1784808107.5587506,8,0.019782304763793945,0.002472788095474243,True
13,439,1784808107.5787792,8,0.0209808349609375,0.0026226043701171875,True
13,440,1784808107.600127,8,0.019264698028564453,0.0024080872535705566,True
13,441,1784808107.6197548,8,0.018100500106811523,0.0022625625133514404,True
13,442,1784808107.6382236,8,0.01975417137145996,0.002469271421432495,True
13,443,1784808107.65832,8,0.021322965621948242,0.0026653707027435303,True
13,444,1784808107.6799324,8,0.02001500129699707,0.002501875162124634,True
13,445,1784808107.7002392,8,0.01923847198486328,0.00240480899810791,True
13,446,1784808107.7200732,8,0.021846532821655273,0.002730816602706909,True
13,447,1784808107.7423267,8,0.020572900772094727,0.002571612596511841,True
13,448,1784808107.7634823,8,0.0200498104095459,0.0025062263011932373,True
13,449,1784808107.7843175,8,0.021320104598999023,0.002665013074874878,True
13,450,1784808107.8063016,8,0.019128084182739258,0.0023910105228424072,True
13,451,1784808107.8264632,8,0.020611286163330078,0.0025764107704162598,True
13,452,1784808107.8475633,8,0.01980137825012207,0.002475172281265259,True
13,453,1784808107.867865,8,0.019000530242919922,0.0023750662803649902,True
13,454,1784808107.8872657,8,0.02028346061706543,0.0025354325771331787,True
13,455,1784808107.9091477,8,0.019108295440673828,0.0023885369300842285,True
13,456,1784808107.9286165,8,0.022881031036376953,0.002860128879547119,True
13,457,1784808107.9518278,8,0.018604755401611328,0.002325594425201416,True
13,458,1784808107.9709823,8,0.020500898361206055,0.002562612295150757,True
13,459,1784808107.9920669,8,0.019146442413330078,0.0023933053016662598,True
13,460,1784808108.0117073,8,0.020068645477294922,0.0025085806846618652,True
13,461,1784808108.0332718,8,0.01755523681640625,0.0021944046020507812,True
13,462,1784808108.0512002,8,0.020047426223754883,0.0025059282779693604,True
13,463,1784808108.0721333,8,0.018719911575317383,0.002339988946914673,True
13,464,1784808108.0914173,8,0.020471572875976562,0.0025589466094970703,True
13,465,1784808108.1124294,8,0.018365859985351562,0.0022957324981689453,True
13,466,1784808108.1311746,8,0.020323753356933594,0.0025404691696166992,True
13,467,1784808108.1518707,8,0.019829511642456055,0.002478688955307007,True
13,468,1784808108.17218,8,0.018571138381958008,0.002321392297744751,True
13,469,1784808108.1914256,8,0.02141594886779785,0.0026769936084747314,True
13,470,1784808108.2134216,8,0.018669843673706055,0.002333730459213257,True
13,471,1784808108.233039,8,0.019526958465576172,0.0024408698081970215,True
13,472,1784808108.252954,8,0.019810199737548828,0.0024762749671936035,True
13,473,1784808108.2733371,8,0.02004528045654297,0.002505660057067871,True
13,474,1784808108.2938185,8,0.019515037536621094,0.0024393796920776367,True
13,475,1784808108.3137324,8,0.020864486694335938,0.002608060836791992,True
13,476,1784808108.3355896,8,0.019105195999145508,0.0023881494998931885,True
13,477,1784808108.3553765,8,0.023691415786743164,0.0029614269733428955,True
13,478,1784808108.3801723,8,0.018602371215820312,0.002325296401977539,True
13,479,1784808108.399258,8,0.019857406616210938,0.002482175827026367,True
13,480,1784808108.4194608,8,0.01941514015197754,0.0024268925189971924,True
13,481,1784808108.4404812,8,0.019665956497192383,0.002458244562149048,True
13,482,1784808108.4607239,8,0.020342111587524414,0.0025427639484405518,True
13,483,1784808108.481383,8,0.020254850387573242,0.0025318562984466553,True
13,484,1784808108.5023003,8,0.01932668685913086,0.0024158358573913574,True
13,485,1784808108.5227633,8,0.02028679847717285,0.0025358498096466064,True
13,486,1784808108.5434575,8,0.019388437271118164,0.0024235546588897705,True
13,487,1784808108.5635962,8,0.017925500869750977,0.002240687608718872,True
13,488,1784808108.5823586,8,0.019790172576904297,0.002473771572113037,True
13,489,1784808108.6030042,8,0.019980192184448242,0.0024975240230560303,True
13,490,1784808108.6233816,8,0.01921367645263672,0.00240170955657959,True
13,491,1784808108.642998,8,0.019121408462524414,0.0023901760578155518,True
13,492,1784808108.662409,8,0.02002096176147461,0.002502620220184326,True
13,493,1784808108.6827433,8,0.01949286460876465,0.002436608076095581,True
13,494,1784808108.702608,8,0.02105855941772461,0.002632319927215576,True
13,495,1784808108.7241523,8,0.018222570419311523,0.0022778213024139404,True
13,496,1784808108.742658,8,0.019041776657104492,0.0023802220821380615,True
13,497,1784808108.7620142,8,0.020696163177490234,0.0025870203971862793,True
13,498,1784808108.7832143,8,0.019443511962890625,0.002430438995361328,True
13,499,1784808108.803392,8,0.019173860549926758,0.0023967325687408447,True
13,500,1784808108.8231177,8,0.01885986328125,0.00235748291015625,True
13,501,1784808108.842396,8,0.02233099937438965,0.002791374921798706,True
13,502,1784808108.865101,8,0.01978754997253418,0.0024734437465667725,True
13,503,1784808108.885921,8,0.022347211837768555,0.0027934014797210693,True
13,504,1784808108.9089904,8,0.019738197326660156,0.0024672746658325195,True
13,505,1784808108.929273,8,0.01870274543762207,0.002337843179702759,True
13,506,1784808108.948339,8,0.0201566219329834,0.002519577741622925,True
13,507,1784808108.9688382,8,0.020277023315429688,0.002534627914428711,True
13,508,1784808108.989473,8,0.019352197647094727,0.002419024705886841,True
13,509,1784808109.0092723,8,0.019307851791381836,0.0024134814739227295,True
13,510,1784808109.028985,8,0.021298646926879883,0.0026623308658599854,True
13,511,1784808109.0508978,8,0.018786907196044922,0.0023483633995056152,True
13,512,1784808109.0702567,8,0.018948078155517578,0.0023685097694396973,True
13,513,1784808109.0898938,8,0.021880388259887695,0.002735048532485962,True
13,514,1784808109.112287,8,0.021251678466796875,0.0026564598083496094,True
13,515,1784808109.1346843,8,0.020004749298095703,0.002500593662261963,True
13,516,1784808109.155517,8,0.018656015396118164,0.0023320019245147705,True
13,517,1784808109.1747463,8,0.02253127098083496,0.00281640887260437,True
13,518,1784808109.197656,8,0.020056962966918945,0.002507120370864868,True
13,519,1784808109.2182674,8,0.01994466781616211,0.0024930834770202637,True
13,520,1784808109.2385628,8,0.02049708366394043,0.0025621354579925537,True
13,521,1784808109.2597976,8,0.018980741500854492,0.0023725926876068115,True
13,522,1784808109.279122,8,0.019418954849243164,0.0024273693561553955,True
13,523,1784808109.298895,8,0.024452924728393555,0.0030566155910491943,True
13,524,1784808109.3239934,8,0.01977229118347168,0.00247153639793396,True
13,525,1784808109.3441577,8,0.020130157470703125,0.0025162696838378906,True
13,526,1784808109.3646576,8,0.01975083351135254,0.0024688541889190674,True
13,527,1784808109.3847604,8,0.019127845764160156,0.0023909807205200195,True
13,528,1784808109.4042723,8,0.019645214080810547,0.0024556517601013184,True
13,529,1784808109.4243507,8,0.01974654197692871,0.002468317747116089,True
13,530,1784808109.4445314,8,0.019333839416503906,0.0024167299270629883,True
13,531,1784808109.4643688,8,0.019766569137573242,0.0024708211421966553,True
13,532,1784808109.4844756,8,0.020108938217163086,0.0025136172771453857,True
13,533,1784808109.5049822,8,0.02092742919921875,0.0026159286499023438,True
13,534,1784808109.5263135,8,0.019982576370239258,0.0024978220462799072,True
13,535,1784808109.5468085,8,0.02092742919921875,0.0026159286499023438,True
13,536,1784808109.5681286,8,0.020032644271850586,0.0025040805339813232,True
13,537,1784808109.5884888,8,0.020604848861694336,0.002575606107711792,True
13,538,1784808109.6094954,8,0.01851654052734375,0.0023145675659179688,True
13,539,1784808109.6283085,8,0.02089715003967285,0.0026121437549591064,True
13,540,1784808109.6495705,8,0.019757747650146484,0.0024697184562683105,True
13,541,1784808109.6697416,8,0.020013809204101562,0.0025017261505126953,True
13,542,1784808109.6900961,8,0.02097153663635254,0.0026214420795440674,True
13,543,1784808109.7115178,8,0.019615888595581055,0.002451986074447632,True
13,544,1784808109.7317216,8,0.019484519958496094,0.0024355649948120117,True
13,545,1784808109.7515845,8,0.02035832405090332,0.002544790506362915,True
13,546,1784808109.7722917,8,0.018903017044067383,0.002362877130508423,True
13,547,1784808109.7916079,8,0.020294189453125,0.002536773681640625,True
13,548,1784808109.8122082,8,0.019469738006591797,0.0024337172508239746,True
13,549,1784808109.8321216,8,0.020671367645263672,0.002583920955657959,True
13,550,1784808109.8533285,8,0.019922971725463867,0.0024903714656829834,True
13,551,1784808109.8736632,8,0.021006345748901367,0.002625793218612671,True
13,552,1784808109.8952963,8,0.02056288719177246,0.0025703608989715576,True
13,553,1784808109.9168172,8,0.022312641143798828,0.0027890801429748535,True
13,554,1784808109.940063,8,0.020792722702026367,0.002599090337753296,True
13,555,1784808109.9613223,8,0.020891427993774414,0.0026114284992218018,True
13,556,1784808109.9825954,8,0.01887059211730957,0.0023588240146636963,True
13,557,1784808110.0021107,8,0.021061420440673828,0.0026326775550842285,True
13,558,1784808110.023881,8,0.020176172256469727,0.002522021532058716,True
13,559,1784808110.0452018,8,0.020560503005981445,0.0025700628757476807,True
13,560,1784808110.0668674,8,0.018930435180664062,0.002366304397583008,True
13,561,1784808110.0861707,8,0.022158384323120117,0.0027697980403900146,True
13,562,1784808110.1087885,8,0.01947188377380371,0.002433985471725464,True
13,563,1784808110.128577,8,0.019858837127685547,0.0024823546409606934,True
13,564,1784808110.1488214,8,0.020413875579833984,0.002551734447479248,True
13,565,1784808110.1696174,8,0.019167661666870117,0.0023959577083587646,True
13,566,1784808110.189628,8,0.022066116333007812,0.0027582645416259766,True
13,567,1784808110.2122138,8,0.01814579963684082,0.0022682249546051025,True
13,568,1784808110.2306585,8,0.019867420196533203,0.0024834275245666504,True
13,569,1784808110.2511392,8,0.019567489624023438,0.0024459362030029297,True
13,570,1784808110.2711434,8,0.019036054611206055,0.002379506826400757,True
13,571,1784808110.2904851,8,0.0207974910736084,0.00259968638420105,True
13,572,1784808110.3115978,8,0.019818782806396484,0.0024773478507995605,True
13,573,1784808110.3318892,8,0.020064115524291992,0.002508014440536499,True
13,574,1784808110.3524158,8,0.020585298538208008,0.002573162317276001,True
13,575,1784808110.373306,8,0.01949620246887207,0.002437025308609009,True
13,576,1784808110.3933923,8,0.019670486450195312,0.002458810806274414,True
13,577,1784808110.4136982,8,0.02067732810974121,0.0025846660137176514,True
13,578,1784808110.4347527,8,0.01992964744567871,0.002491205930709839,True
13,579,1784808110.4550898,8,0.02022528648376465,0.002528160810470581,True
13,580,1784808110.476689,8,0.018585681915283203,0.0023232102394104004,True
13,581,1784808110.495574,8,0.019278764724731445,0.0024098455905914307,True
13,582,1784808110.5154307,8,0.018951416015625,0.002368927001953125,True
13,583,1784808110.5347962,8,0.018639802932739258,0.0023299753665924072,True
13,584,1784808110.5537772,8,0.022994279861450195,0.0028742849826812744,True
13,585,1784808110.577073,8,0.019181251525878906,0.0023976564407348633,True
13,586,1784808110.5965638,8,0.02151012420654297,0.002688765525817871,True
13,587,1784808110.618559,8,0.018779993057250977,0.002347499132156372,True
13,588,1784808110.6377692,8,0.0194547176361084,0.00243183970451355,True
13,589,1784808110.657514,8,0.021727323532104492,0.0027159154415130615,True
13,590,1784808110.6795075,8,0.020349740982055664,0.002543717622756958,True
13,591,1784808110.7002935,8,0.01914381980895996,0.002392977476119995,True
13,592,1784808110.7196813,8,0.022612333297729492,0.0028265416622161865,True
13,593,1784808110.7426078,8,0.02008056640625,0.00251007080078125,True
13,594,1784808110.7632527,8,0.019324302673339844,0.0024155378341674805,True
13,595,1784808110.7830622,8,0.020851612091064453,0.0026064515113830566,True
13,596,1784808110.8049955,8,0.02053380012512207,0.002566725015640259,True
13,597,1784808110.826014,8,0.020609140396118164,0.0025761425495147705,True
13,598,1784808110.847168,8,0.020423173904418945,0.002552896738052368,True
13,599,1784808110.8692026,8,0.01822185516357422,0.0022777318954467773,True
13,600,1784808110.8878844,8,0.020580291748046875,0.0025725364685058594,True
13,601,1784808110.9087431,8,0.019132614135742188,0.0023915767669677734,True
13,602,1784808110.9284322,8,0.018628597259521484,0.0023285746574401855,True
13,603,1784808110.947364,8,0.018233299255371094,0.0022791624069213867,True
13,604,1784808110.9658859,8,0.02023458480834961,0.002529323101043701,True
13,605,1784808110.986474,8,0.018792390823364258,0.0023490488529205322,True
13,606,1784808111.0062513,8,0.019768953323364258,0.0024711191654205322,True
13,607,1784808111.0268939,8,0.019712448120117188,0.0024640560150146484,True
13,608,1784808111.0469484,8,0.020888566970825195,0.0026110708713531494,True
13,609,1784808111.0685058,8,0.019620180130004883,0.0024525225162506104,True
13,610,1784808111.088653,8,0.020997285842895508,0.0026246607303619385,True
13,611,1784808111.1104748,8,0.018497943878173828,0.0023122429847717285,True
13,612,1784808111.1293547,8,0.020429134368896484,0.0025536417961120605,True
13,613,1784808111.150456,8,0.01737499237060547,0.0021718740463256836,True
13,614,1784808111.1681697,8,0.020192384719848633,0.002524048089981079,True
13,615,1784808111.1888394,8,0.018752098083496094,0.0023440122604370117,True
13,616,1784808111.2081738,8,0.0200197696685791,0.0025024712085723877,True
13,617,1784808111.2285376,8,0.02032184600830078,0.0025402307510375977,True
13,618,1784808111.2492356,8,0.020735979080200195,0.0025919973850250244,True
13,619,1784808111.27037,8,0.019353389739990234,0.0024191737174987793,True
13,620,1784808111.2905927,8,0.0208585262298584,0.0026073157787323,True
13,621,1784808111.3118093,8,0.018921613693237305,0.002365201711654663,True
13,622,1784808111.3310556,8,0.0192873477935791,0.0024109184741973877,True
13,623,1784808111.3507323,8,0.020101308822631836,0.0025126636028289795,True
13,624,1784808111.3713338,8,0.01968097686767578,0.0024601221084594727,True
13,625,1784808111.3913605,8,0.019438505172729492,0.0024298131465911865,True
13,626,1784808111.4113295,8,0.019763469696044922,0.0024704337120056152,True
13,627,1784808111.4317894,8,0.021217823028564453,0.0026522278785705566,True
13,628,1784808111.4536564,8,0.021182537078857422,0.0026478171348571777,True
13,629,1784808111.475133,8,0.0222625732421875,0.0027828216552734375,True
13,630,1784808111.497689,8,0.019406557083129883,0.0024258196353912354,True
13,631,1784808111.517862,8,0.019443750381469727,0.002430468797683716,True
13,632,1784808111.5376642,8,0.021330595016479492,0.0026663243770599365,True
13,633,1784808111.5594754,8,0.020879030227661133,0.0026098787784576416,True
13,634,1784808111.5806675,8,0.02037835121154785,0.0025472939014434814,True
13,635,1784808111.6013672,8,0.01975846290588379,0.0024698078632354736,True
13,636,1784808111.6215065,8,0.019510984420776367,0.002438873052597046,True
13,637,1784808111.6413245,8,0.02070784568786621,0.0025884807109832764,True
13,638,1784808111.6624417,8,0.0210721492767334,0.002634018659591675,True
13,639,1784808111.6843514,8,0.021631240844726562,0.0027039051055908203,True
13,640,1784808111.7062774,8,0.023906469345092773,0.0029883086681365967,True
13,641,1784808111.7305114,8,0.019146442413330078,0.0023933053016662598,True
13,642,1784808111.749981,8,0.020403146743774414,0.0025503933429718018,True
13,643,1784808111.7707846,8,0.019875288009643555,0.0024844110012054443,True
13,644,1784808111.7912636,8,0.02067255973815918,0.0025840699672698975,True
13,645,1784808111.8123567,8,0.01995062828063965,0.002493828535079956,True
13,646,1784808111.8326864,8,0.019827604293823242,0.0024784505367279053,True
13,647,1784808111.8531313,8,0.020056724548339844,0.0025070905685424805,True
13,648,1784808111.8735318,8,0.020256757736206055,0.002532094717025757,True
13,649,1784808111.8944998,8,0.018939971923828125,0.0023674964904785156,True
13,650,1784808111.913777,8,0.019688129425048828,0.0024610161781311035,True
13,651,1784808111.9342833,8,0.019839048385620117,0.0024798810482025146,True
13,652,1784808111.9545422,8,0.02034592628479004,0.002543240785598755,True
13,653,1784808111.9753995,8,0.020072460174560547,0.0025090575218200684,True
13,654,1784808111.9958143,8,0.022269010543823242,0.0027836263179779053,True
13,655,1784808112.0187073,8,0.01856207847595215,0.0023202598094940186,True
13,656,1784808112.037645,8,0.02176833152770996,0.002721041440963745,True
13,657,1784808112.0597289,8,0.021784067153930664,0.002723008394241333,True
13,658,1784808112.0818403,8,0.021546363830566406,0.0026932954788208008,True
13,659,1784808112.103859,8,0.019431591033935547,0.0024289488792419434,True
13,660,1784808112.123631,8,0.01876974105834961,0.002346217632293701,True
13,661,1784808112.1430597,8,0.020757198333740234,0.0025946497917175293,True
13,662,1784808112.1642563,8,0.01954817771911621,0.0024435222148895264,True
13,663,1784808112.1842418,8,0.02064824104309082,0.0025810301303863525,True
13,664,1784808112.2053108,8,0.02118682861328125,0.0026483535766601562,True
13,665,1784808112.2269723,8,0.020636320114135742,0.0025795400142669678,True
13,666,1784808112.2479396,8,0.01865530014038086,0.0023319125175476074,True
13,667,1784808112.267319,8,0.019852876663208008,0.002481609582901001,True
13,668,1784808112.2877698,8,0.020899534225463867,0.0026124417781829834,True
13,669,1784808112.3090942,8,0.022116899490356445,0.0027646124362945557,True
13,670,1784808112.3318498,8,0.023648738861083984,0.002956092357635498,True
13,671,1784808112.3559794,8,0.018904447555541992,0.002363055944442749,True
13,672,1784808112.3761687,8,0.019186973571777344,0.002398371696472168,True
13,673,1784808112.3958867,8,0.02192854881286621,0.0027410686016082764,True
13,674,1784808112.4182389,8,0.018343448638916016,0.002292931079864502,True
13,675,1784808112.4369895,8,0.01971578598022461,0.002464473247528076,True
13,676,1784808112.4572437,8,0.019137859344482422,0.0023922324180603027,True
13,677,1784808112.4767241,8,0.02028632164001465,0.002535790205001831,True
13,678,1784808112.497334,8,0.019533872604370117,0.0024417340755462646,True
13,679,1784808112.517185,8,0.01988697052001953,0.0024858713150024414,True
13,680,1784808112.5374124,8,0.019535064697265625,0.002441883087158203,True
13,681,1784808112.5572705,8,0.020656824111938477,0.0025821030139923096,True
13,682,1784808112.5783648,8,0.019025802612304688,0.002378225326538086,True
13,683,1784808112.597803,8,0.018915414810180664,0.002364426851272583,True
13,684,1784808112.617139,8,0.0213773250579834,0.002672165632247925,True
13,685,1784808112.638946,8,0.019376039505004883,0.0024220049381256104,True
13,686,1784808112.6587334,8,0.02007293701171875,0.0025091171264648438,True
13,687,1784808112.6793983,8,0.019619226455688477,0.0024524033069610596,True
13,688,1784808112.6994202,8,0.020064353942871094,0.0025080442428588867,True
13,689,1784808112.7203348,8,0.021068334579467773,0.0026335418224334717,True
13,690,1784808112.7418072,8,0.02098822593688965,0.002623528242111206,True
13,691,1784808112.7631488,8,0.018562793731689453,0.0023203492164611816,True
13,692,1784808112.7819784,8,0.020242929458618164,0.0025303661823272705,True
13,693,1784808112.8025794,8,0.020568370819091797,0.0025710463523864746,True
13,694,1784808112.8237042,8,0.01967334747314453,0.0024591684341430664,True
13,695,1784808112.8437881,8,0.02071213722229004,0.002589017152786255,True
13,696,1784808112.8648582,8,0.019414663314819336,0.002426832914352417,True
13,697,1784808112.884552,8,0.0221405029296875,0.0027675628662109375,True
13,698,1784808112.9069526,8,0.019343137741088867,0.0024178922176361084,True
13,699,1784808112.9265873,8,0.020003795623779297,0.002500474452972412,True
13,700,1784808112.9469135,8,0.02068781852722168,0.00258597731590271,True
13,701,1784808112.9679358,8,0.022945642471313477,0.0028682053089141846,True
13,702,1784808112.9914944,8,0.01938176155090332,0.002422720193862915,True
13,703,1784808113.0112584,8,0.01728343963623047,0.0021604299545288086,True
13,704,1784808113.029172,8,0.02052617073059082,0.0025657713413238525,True
13,705,1784808113.050496,8,0.02029252052307129,0.002536565065383911,True
13,706,1784808113.0711982,8,0.02080225944519043,0.0026002824306488037,True
13,707,1784808113.0926967,8,0.019704580307006836,0.0024630725383758545,True
13,708,1784808113.1129727,8,0.019975900650024414,0.0024969875812530518,True
13,709,1784808113.1339228,8,0.02047872543334961,0.002559840679168701,True
13,710,1784808113.1547084,8,0.02065420150756836,0.002581775188446045,True
13,711,1784808113.1757607,8,0.020203351974487305,0.002525418996810913,True
13,712,1784808113.1963391,8,0.0199737548828125,0.0024967193603515625,True
13,713,1784808113.2169468,8,0.018383264541625977,0.002297908067703247,True
13,714,1784808113.2356393,8,0.020682096481323242,0.0025852620601654053,True
13,715,1784808113.2566965,8,0.019530296325683594,0.0024412870407104492,True
13,716,1784808113.2766151,8,0.02028799057006836,0.002535998821258545,True
13,717,1784808113.2982788,8,0.019685745239257812,0.0024607181549072266,True
13,718,1784808113.3183734,8,0.019914627075195312,0.002489328384399414,True
13,719,1784808113.3403647,8,0.020098209381103516,0.0025122761726379395,True
13,720,1784808113.3609405,8,0.019896507263183594,0.0024870634078979492,True
13,721,1784808113.3812814,8,0.02044081687927246,0.0025551021099090576,True
13,722,1784808113.4022274,8,0.02223801612854004,0.002779752016067505,True
13,723,1784808113.4247663,8,0.022207975387573242,0.0027759969234466553,True
13,724,1784808113.4473777,8,0.017594337463378906,0.0021992921829223633,True
13,725,1784808113.4657485,8,0.02176499366760254,0.0027206242084503174,True
13,726,1784808113.4884443,8,0.020658016204833984,0.002582252025604248,True
13,727,1784808113.509431,8,0.020394086837768555,0.0025492608547210693,True
13,728,1784808113.5301714,8,0.020512104034423828,0.0025640130043029785,True
13,729,1784808113.551352,8,0.018245458602905273,0.002280682325363159,True
13,730,1784808113.57096,8,0.02061748504638672,0.00257718563079834,True
13,731,1784808113.5929127,8,0.01993727684020996,0.002492159605026245,True
13,732,1784808113.6131663,8,0.022105932235717773,0.0027632415294647217,True
13,733,1784808113.6356647,8,0.01793956756591797,0.002242445945739746,True
13,734,1784808113.6539063,8,0.01988816261291504,0.00248602032661438,True
13,735,1784808113.6742496,8,0.019701480865478516,0.0024626851081848145,True
13,736,1784808113.694355,8,0.019003868103027344,0.002375483512878418,True
13,737,1784808113.7136824,8,0.018773317337036133,0.0023466646671295166,True
13,738,1784808113.732741,8,0.021639585494995117,0.0027049481868743896,True
13,739,1784808113.7549648,8,0.020046234130859375,0.002505779266357422,True
13,740,1784808113.7753673,8,0.02038431167602539,0.002548038959503174,True
13,741,1784808113.796176,8,0.01945948600769043,0.0024324357509613037,True
13,742,1784808113.8159502,8,0.022801876068115234,0.0028502345085144043,True
13,743,1784808113.8392427,8,0.020170211791992188,0.0025212764739990234,True
13,744,1784808113.8597136,8,0.017966508865356445,0.0022458136081695557,True
13,745,1784808113.8779955,8,0.021771907806396484,0.0027214884757995605,True
13,746,1784808113.9000943,8,0.018996238708496094,0.0023745298385620117,True
13,747,1784808113.920254,8,0.02195453643798828,0.002744317054748535,True
13,748,1784808113.943555,8,0.020079374313354492,0.0025099217891693115,True
13,749,1784808113.9641073,8,0.019140958786010742,0.0023926198482513428,True
13,750,1784808113.9835587,8,0.0191805362701416,0.0023975670337677,True
13,751,1784808114.0038052,8,0.0207827091217041,0.0025978386402130127,True
13,752,1784808114.0253077,8,0.02121734619140625,0.0026521682739257812,True
13,753,1784808114.047455,8,0.019817590713500977,0.002477198839187622,True
13,754,1784808114.067896,8,0.020708560943603516,0.0025885701179504395,True
13,755,1784808114.0891838,8,0.01925802230834961,0.002407252788543701,True
13,756,1784808114.108736,8,0.020053625106811523,0.0025067031383514404,True
13,757,1784808114.1291687,8,0.020189285278320312,0.002523660659790039,True
13,758,1784808114.1497602,8,0.019728899002075195,0.0024661123752593994,True
13,759,1784808114.1702662,8,0.02093672752380371,0.002617090940475464,True
13,760,1784808114.1915855,8,0.01997518539428711,0.0024968981742858887,True
13,761,1784808114.2119224,8,0.023248910903930664,0.002906113862991333,True
13,762,1784808114.236091,8,0.02008652687072754,0.0025108158588409424,True
13,763,1784808114.2566051,8,0.01966571807861328,0.00245821475982666,True
13,764,1784808114.2765484,8,0.021158933639526367,0.002644866704940796,True
13,765,1784808114.2981193,8,0.019300460815429688,0.002412557601928711,True
13,766,1784808114.3183281,8,0.020113229751586914,0.0025141537189483643,True
13,767,1784808114.3394852,8,0.01897573471069336,0.00237196683883667,True
13,768,1784808114.3587976,8,0.019791364669799805,0.0024739205837249756,True
13,769,1784808114.3793418,8,0.022235631942749023,0.002779453992843628,True
13,770,1784808114.4027648,8,0.01993417739868164,0.002491772174835205,True
13,771,1784808114.4230866,8,0.01957988739013672,0.00244748592376709,True
13,772,1784808114.443179,8,0.020627498626708984,0.002578437328338623,True
13,773,1784808114.4641879,8,0.02008986473083496,0.00251123309135437,True
13,774,1784808114.484641,8,0.01919865608215332,0.002399832010269165,True
13,775,1784808114.5042896,8,0.020180225372314453,0.0025225281715393066,True
13,776,1784808114.5248141,8,0.020695924758911133,0.0025869905948638916,True
13,777,1784808114.545961,8,0.020736217498779297,0.002592027187347412,True
13,778,1784808114.5670695,8,0.019509553909301758,0.0024386942386627197,True
13,779,1784808114.5875232,8,0.01882767677307129,0.002353459596633911,True
13,780,1784808114.6068285,8,0.019516706466674805,0.0024395883083343506,True
13,781,1784808114.626702,8,0.020876407623291016,0.002609550952911377,True
13,782,1784808114.647912,8,0.019213438034057617,0.002401679754257202,True
13,783,1784808114.6674027,8,0.020642518997192383,0.002580314874649048,True
13,784,1784808114.688416,8,0.01885080337524414,0.0023563504219055176,True
13,785,1784808114.7077131,8,0.0188138484954834,0.002351731061935425,True
13,786,1784808114.727249,8,0.021276473999023438,0.0026595592498779297,True
13,787,1784808114.7488732,8,0.01966261863708496,0.00245782732963562,True
13,788,1784808114.7688756,8,0.019719839096069336,0.002464979887008667,True
13,789,1784808114.7890868,8,0.018700599670410156,0.0023375749588012695,True
13,790,1784808114.8082342,8,0.02356719970703125,0.0029458999633789062,True
13,791,1784808114.8323002,8,0.021862268447875977,0.002732783555984497,True
13,792,1784808114.8546097,8,0.021245718002319336,0.002655714750289917,True
13,793,1784808114.8763113,8,0.020364999771118164,0.0025456249713897705,True
13,794,1784808114.8986099,8,0.020507335662841797,0.0025634169578552246,True
13,795,1784808114.9195783,8,0.018256187438964844,0.0022820234298706055,True
13,796,1784808114.9385843,8,0.020388364791870117,0.0025485455989837646,True
13,797,1784808114.9594555,8,0.020194053649902344,0.002524256706237793,True
13,798,1784808114.9799905,8,0.01990222930908203,0.002487778663635254,True
13,799,1784808115.000504,8,0.01901865005493164,0.002377331256866455,True
13,800,1784808115.019819,8,0.020174264907836914,0.0025217831134796143,True
13,801,1784808115.0404253,8,0.020285844802856445,0.0025357306003570557,True
13,802,1784808115.0611217,8,0.020305156707763672,0.002538144588470459,True
13,803,1784808115.081799,8,0.021147489547729492,0.0026434361934661865,True
13,804,1784808115.103247,8,0.020519018173217773,0.0025648772716522217,True
13,805,1784808115.1241307,8,0.020521163940429688,0.002565145492553711,True
13,806,1784808115.1450205,8,0.02081298828125,0.00260162353515625,True
13,807,1784808115.1661086,8,0.021764516830444336,0.002720564603805542,True
13,808,1784808115.1882708,8,0.019298553466796875,0.0024123191833496094,True
13,809,1784808115.2079127,8,0.019999265670776367,0.002499908208847046,True
13,810,1784808115.228349,8,0.020532846450805664,0.002566605806350708,True
13,811,1784808115.2497191,8,0.019312381744384766,0.0024140477180480957,True
13,812,1784808115.2695978,8,0.02012920379638672,0.00251615047454834,True
13,813,1784808115.2901814,8,0.02042388916015625,0.0025529861450195312,True
13,814,1784808115.3109667,8,0.02084636688232422,0.0026057958602905273,True
13,815,1784808115.332473,8,0.02031707763671875,0.0025396347045898438,True
13,816,1784808115.3532636,8,0.01967477798461914,0.0024593472480773926,True
13,817,1784808115.3733077,8,0.02192378044128418,0.0027404725551605225,True
13,818,1784808115.3956258,8,0.019439697265625,0.002429962158203125,True
13,819,1784808115.4158297,8,0.020006418228149414,0.0025008022785186768,True
13,820,1784808115.4365528,8,0.02025771141052246,0.0025322139263153076,True
13,821,1784808115.4574606,8,0.020141124725341797,0.0025176405906677246,True
13,822,1784808115.478194,8,0.02053070068359375,0.0025663375854492188,True
13,823,1784808115.4998257,8,0.02113056182861328,0.00264132022857666,True
13,824,1784808115.5218816,8,0.019033432006835938,0.002379179000854492,True
13,825,1784808115.542736,8,0.019458532333374023,0.002432316541671753,True
13,826,1784808115.563425,8,0.021503210067749023,0.002687901258468628,True
13,827,1784808115.5852175,8,0.020060062408447266,0.002507507801055908,True
13,828,1784808115.6057198,8,0.021521329879760742,0.0026901662349700928,True
13,829,1784808115.6277218,8,0.02102065086364746,0.0026275813579559326,True
13,830,1784808115.6492796,8,0.018903017044067383,0.002362877130508423,True
13,831,1784808115.6685176,8,0.020713329315185547,0.0025891661643981934,True
13,832,1784808115.6895492,8,0.01932811737060547,0.0024160146713256836,True
13,833,1784808115.709296,8,0.02179265022277832,0.00272408127784729,True
13,834,1784808115.732056,8,0.019246339797973633,0.002405792474746704,True
13,835,1784808115.752257,8,0.019376039505004883,0.0024220049381256104,True
13,836,1784808115.7719867,8,0.018849849700927734,0.002356231212615967,True
13,837,1784808115.7912238,8,0.019947290420532227,0.0024934113025665283,True
13,838,1784808115.811818,8,0.01959228515625,0.00244903564453125,True
13,839,1784808115.8316967,8,0.01895880699157715,0.0023698508739471436,True
13,840,1784808115.851342,8,0.021274328231811523,0.0026592910289764404,True
13,841,1784808115.8730474,8,0.019841909408569336,0.002480238676071167,True
13,842,1784808115.8936415,8,0.02196812629699707,0.002746015787124634,True
13,843,1784808115.9162245,8,0.020156383514404297,0.002519547939300537,True
13,844,1784808115.9367397,8,0.020548343658447266,0.002568542957305908,True
13,845,1784808115.9576404,8,0.02035236358642578,0.0025440454483032227,True
13,846,1784808115.9784877,8,0.019141674041748047,0.002392709255218506,True
13,847,1784808115.9980981,8,0.021707773208618164,0.0027134716510772705,True
13,848,1784808116.0201168,8,0.019884586334228516,0.0024855732917785645,True
13,849,1784808116.0403407,8,0.020379066467285156,0.0025473833084106445,True
13,850,1784808116.061079,8,0.02228713035583496,0.00278589129447937,True
13,851,1784808116.0837572,8,0.01873469352722168,0.00234183669090271,True
13,852,1784808116.1029227,8,0.02042412757873535,0.002553015947341919,True
13,853,1784808116.1239066,8,0.019243240356445312,0.002405405044555664,True
13,854,1784808116.1437557,8,0.02064347267150879,0.0025804340839385986,True
13,855,1784808116.1647134,8,0.019516944885253906,0.0024396181106567383,True
13,856,1784808116.184669,8,0.01983356475830078,0.0024791955947875977,True
13,857,1784808116.2048254,8,0.02016305923461914,0.0025203824043273926,True
13,858,1784808116.22557,8,0.019379377365112305,0.002422422170639038,True
13,859,1784808116.2453651,8,0.019181251525878906,0.0023976564407348633,True
13,860,1784808116.265231,8,0.018985509872436523,0.0023731887340545654,True
13,861,1784808116.2848623,8,0.019674301147460938,0.002459287643432617,True
13,862,1784808116.30537,8,0.018558740615844727,0.002319842576980591,True
13,863,1784808116.3248274,8,0.01911139488220215,0.0023889243602752686,True
13,864,1784808116.3443956,8,0.022493839263916016,0.002811729907989502,True
13,865,1784808116.367513,8,0.020855426788330078,0.0026069283485412598,True
13,866,1784808116.3893297,8,0.01977062225341797,0.002471327781677246,True
13,867,1784808116.40975,8,0.018769025802612305,0.002346128225326538,True
13,868,1784808116.42934,8,0.019942522048950195,0.0024928152561187744,True
13,869,1784808116.4499109,8,0.019171714782714844,0.0023964643478393555,True
13,870,1784808116.469594,8,0.020463228225708008,0.002557903528213501,True
13,871,1784808116.4903996,8,0.02174830436706543,0.0027185380458831787,True
13,872,1784808116.5124047,8,0.0185849666595459,0.0023231208324432373,True
13,873,1784808116.5315225,8,0.0181577205657959,0.0022697150707244873,True
13,874,1784808116.5500739,8,0.022288084030151367,0.002786010503768921,True
13,875,1784808116.5727177,8,0.019671201705932617,0.002458900213241577,True
13,876,1784808116.5928144,8,0.019179821014404297,0.002397477626800537,True
13,877,1784808116.6126652,8,0.019693374633789062,0.002461671829223633,True
13,878,1784808116.6328096,8,0.019643068313598633,0.002455383539199829,True
13,879,1784808116.653858,8,0.023995161056518555,0.0029993951320648193,True
13,880,1784808116.6791093,8,0.020282745361328125,0.0025353431701660156,True
13,881,1784808116.6997778,8,0.019260168075561523,0.0024075210094451904,True
13,882,1784808116.7200112,8,0.020697832107543945,0.002587229013442993,True
13,883,1784808116.741187,8,0.021454811096191406,0.0026818513870239258,True
13,884,1784808116.7634103,8,0.018414735794067383,0.002301841974258423,True
13,885,1784808116.7822323,8,0.0208284854888916,0.00260356068611145,True
13,886,1784808116.8037577,8,0.0199735164642334,0.002496689558029175,True
13,887,1784808116.8245246,8,0.0191650390625,0.0023956298828125,True
13,888,1784808116.8441513,8,0.019930362701416016,0.002491295337677002,True
13,889,1784808116.8645048,8,0.019832134246826172,0.0024790167808532715,True
13,890,1784808116.8849323,8,0.021114349365234375,0.002639293670654297,True
13,891,1784808116.9067194,8,0.019949913024902344,0.002493739128112793,True
13,892,1784808116.9272954,8,0.02223515510559082,0.0027793943881988525,True
13,893,1784808116.9499323,8,0.021800994873046875,0.0027251243591308594,True
13,894,1784808116.973096,8,0.01968526840209961,0.002460658550262451,True
13,895,1784808116.993706,8,0.01830768585205078,0.0022884607315063477,True
13,896,1784808117.0125077,8,0.020387887954711914,0.0025484859943389893,True
13,897,1784808117.0332265,8,0.020838499069213867,0.0026048123836517334,True
13,898,1784808117.0544686,8,0.020082473754882812,0.0025103092193603516,True
13,899,1784808117.0748105,8,0.019733190536499023,0.002466648817062378,True
13,900,1784808117.0950193,8,0.019563674926757812,0.0024454593658447266,True
13,901,1784808117.1153316,8,0.022599458694458008,0.002824932336807251,True
13,902,1784808117.138295,8,0.019285202026367188,0.0024106502532958984,True
13,903,1784808117.1579454,8,0.020095109939575195,0.0025118887424468994,True
13,904,1784808117.1783383,8,0.02053070068359375,0.0025663375854492188,True
13,905,1784808117.2008584,8,0.018319368362426758,0.0022899210453033447,True
13,906,1784808117.219974,8,0.019844770431518555,0.0024805963039398193,True
13,907,1784808117.2401524,8,0.018120765686035156,0.0022650957107543945,True
13,908,1784808117.2587042,8,0.020421981811523438,0.0025527477264404297,True
13,909,1784808117.2795548,8,0.020359277725219727,0.002544909715652466,True
13,910,1784808117.300287,8,0.019503355026245117,0.0024379193782806396,True
13,911,1784808117.3201997,8,0.021747589111328125,0.0027184486389160156,True
13,912,1784808117.3422506,8,0.018853187561035156,0.0023566484451293945,True
13,913,1784808117.3615599,8,0.01875615119934082,0.0023445188999176025,True
13,914,1784808117.3807838,8,0.020707368850708008,0.002588421106338501,True
13,915,1784808117.4018302,8,0.022040843963623047,0.002755105495452881,True
13,916,1784808117.4242876,8,0.018210411071777344,0.002276301383972168,True
13,917,1784808117.4428513,8,0.023426055908203125,0.0029282569885253906,True
13,918,1784808117.4667046,8,0.019196510314941406,0.0023995637893676758,True
13,919,1784808117.4861982,8,0.020247697830200195,0.0025309622287750244,True
13,920,1784808117.5067515,8,0.020160436630249023,0.002520054578781128,True
13,921,1784808117.5272524,8,0.019330501556396484,0.0024163126945495605,True
13,922,1784808117.546966,8,0.019720077514648438,0.0024650096893310547,True
13,923,1784808117.5669847,8,0.01922440528869629,0.002403050661087036,True
13,924,1784808117.586687,8,0.019002199172973633,0.002375274896621704,True
13,925,1784808117.6061056,8,0.018784046173095703,0.002348005771636963,True
13,926,1784808117.6252255,8,0.020815134048461914,0.0026018917560577393,True
13,927,1784808117.6468217,8,0.0214993953704834,0.002687424421310425,True
13,928,1784808117.6690867,8,0.02068924903869629,0.002586156129837036,True
13,929,1784808117.6903331,8,0.020060062408447266,0.002507507801055908,True
13,930,1784808117.7109964,8,0.021797657012939453,0.0027247071266174316,True
13,931,1784808117.7331536,8,0.01822948455810547,0.0022786855697631836,True
13,932,1784808117.7518616,8,0.01981639862060547,0.0024770498275756836,True
13,933,1784808117.772391,8,0.01989150047302246,0.0024864375591278076,True
13,934,1784808117.7928014,8,0.02058720588684082,0.0025734007358551025,True
13,935,1784808117.8136506,8,0.01951909065246582,0.0024398863315582275,True
13,936,1784808117.8336558,8,0.020964622497558594,0.0026205778121948242,True
13,937,1784808117.8550014,8,0.018665790557861328,0.002333223819732666,True
13,938,1784808117.8740158,8,0.02044224739074707,0.002555280923843384,True
13,939,1784808117.8948412,8,0.019518375396728516,0.0024397969245910645,True
13,940,1784808117.9152112,8,0.019174814224243164,0.0023968517780303955,True
13,941,1784808117.9347765,8,0.018854379653930664,0.002356797456741333,True
13,942,1784808117.953928,8,0.020843505859375,0.002605438232421875,True
13,943,1784808117.9751449,8,0.019060373306274414,0.0023825466632843018,True
13,944,1784808117.994649,8,0.01851820945739746,0.0023147761821746826,True
13,945,1784808118.0136802,8,0.021213531494140625,0.002651691436767578,True
13,946,1784808118.0355132,8,0.019614458084106445,0.0024518072605133057,True
13,947,1784808118.0555377,8,0.02063155174255371,0.002578943967819214,True
13,948,1784808118.0765443,8,0.01973128318786621,0.0024664103984832764,True
13,949,1784808118.0966523,8,0.020747900009155273,0.002593487501144409,True
13,950,1784808118.1180031,8,0.019809246063232422,0.0024761557579040527,True
13,951,1784808118.1382058,8,0.019156694412231445,0.0023945868015289307,True
13,952,1784808118.1577544,8,0.020450353622436523,0.0025562942028045654,True
13,953,1784808118.17866,8,0.01894402503967285,0.0023680031299591064,True
13,954,1784808118.1980193,8,0.01999068260192871,0.002498835325241089,True
13,955,1784808118.2183368,8,0.02201080322265625,0.0027513504028320312,True
13,956,1784808118.2419298,8,0.02041935920715332,0.002552419900894165,True
13,957,1784808118.262895,8,0.01839613914489746,0.0022995173931121826,True
13,958,1784808118.2816486,8,0.0200960636138916,0.00251200795173645,True
13,959,1784808118.3021061,8,0.019943714141845703,0.002492964267730713,True
13,960,1784808118.3224833,8,0.021369457244873047,0.002671182155609131,True
13,961,1784808118.3443167,8,0.017841815948486328,0.002230226993560791,True
13,962,1784808118.3625073,8,0.020009756088256836,0.0025012195110321045,True
13,963,1784808118.3829253,8,0.021248579025268555,0.0026560723781585693,True
13,964,1784808118.404594,8,0.019541025161743164,0.0024426281452178955,True
13,965,1784808118.424708,8,0.020609140396118164,0.0025761425495147705,True
13,966,1784808118.4456477,8,0.019936323165893555,0.0024920403957366943,True
13,967,1784808118.4670832,8,0.021436214447021484,0.0026795268058776855,True
13,968,1784808118.4888458,8,0.02188873291015625,0.0027360916137695312,True
13,969,1784808118.5110164,8,0.02008199691772461,0.002510249614715576,True
13,970,1784808118.5314605,8,0.018555164337158203,0.0023193955421447754,True
13,971,1784808118.5506864,8,0.020906925201416016,0.002613365650177002,True
13,972,1784808118.5720782,8,0.019829273223876953,0.002478659152984619,True
13,973,1784808118.5924308,8,0.020771026611328125,0.0025963783264160156,True
13,974,1784808118.6141787,8,0.019489526748657227,0.0024361908435821533,True
13,975,1784808118.634498,8,0.019501209259033203,0.0024376511573791504,True
13,976,1784808118.6543639,8,0.018343687057495117,0.0022929608821868896,True
13,977,1784808118.6732113,8,0.022031068801879883,0.0027538836002349854,True
13,978,1784808118.6958132,8,0.018517732620239258,0.0023147165775299072,True
13,979,1784808118.7153025,8,0.017625093460083008,0.002203136682510376,True
13,980,1784808118.7333558,8,0.01929187774658203,0.002411484718322754,True
13,981,1784808118.7529385,8,0.02147841453552246,0.0026848018169403076,True
13,982,1784808118.7761927,8,0.020019054412841797,0.0025023818016052246,True
13,983,1784808118.7968967,8,0.019306659698486328,0.002413332462310791,True
13,984,1784808118.8164592,8,0.019004106521606445,0.0023755133152008057,True
13,985,1784808118.835896,8,0.020588397979736328,0.002573549747467041,True
13,986,1784808118.856814,8,0.01904010772705078,0.0023800134658813477,True
13,987,1784808118.8771763,8,0.02042245864868164,0.002552807331085205,True
13,988,1784808118.89788,8,0.022250890731811523,0.0027813613414764404,True
13,989,1784808118.9206245,8,0.02054762840270996,0.002568453550338745,True
13,990,1784808118.941488,8,0.021067142486572266,0.002633392810821533,True
13,991,1784808118.9634743,8,0.01697230339050293,0.002121537923812866,True
13,992,1784808118.9808197,8,0.01863551139831543,0.0023294389247894287,True
13,993,1784808119.0005565,8,0.018918752670288086,0.0023648440837860107,True
13,994,1784808119.0199847,8,0.01972675323486328,0.00246584415435791,True
13,995,1784808119.0402246,8,0.019626855850219727,0.002453356981277466,True
13,996,1784808119.060241,8,0.019994020462036133,0.0024992525577545166,True
13,997,1784808119.0808797,8,0.020621061325073242,0.0025776326656341553,True
13,998,1784808119.1019766,8,0.01942300796508789,0.0024278759956359863,True
13,999,1784808119.1216822,8,0.02129650115966797,0.002662062644958496,True
13,1000,1784808119.143681,8,0.019008636474609375,0.002376079559326172,True
13,1001,1784808119.1631021,8,0.022539854049682617,0.002817481756210327,True
13,1002,1784808119.1859467,8,0.019414186477661133,0.0024267733097076416,True
13,1003,1784808119.2057822,8,0.018892288208007812,0.0023615360260009766,True
13,1004,1784808119.2250404,8,0.019225120544433594,0.0024031400680541992,True
13,1005,1784808119.2445345,8,0.01955866813659668,0.002444833517074585,True
13,1006,1784808119.2645357,8,0.019926786422729492,0.0024908483028411865,True
13,1007,1784808119.2850144,8,0.021335124969482422,0.0026668906211853027,True
13,1008,1784808119.3067257,8,0.01998424530029297,0.002498030662536621,True
13,1009,1784808119.3271933,8,0.019068241119384766,0.0023835301399230957,True
13,1010,1784808119.3469286,8,0.018807172775268555,0.0023508965969085693,True
13,1011,1784808119.3663592,8,0.020677804946899414,0.0025847256183624268,True
13,1012,1784808119.3876934,8,0.01922130584716797,0.002402663230895996,True
13,1013,1784808119.407636,8,0.019953250885009766,0.0024941563606262207,True
13,1014,1784808119.428341,8,0.01955389976501465,0.002444237470626831,True
13,1015,1784808119.4488199,8,0.019339561462402344,0.002417445182800293,True
13,1016,1784808119.4685063,8,0.0200650691986084,0.00250813364982605,True
13,1017,1784808119.4889119,8,0.01955103874206543,0.0024438798427581787,True
13,1018,1784808119.509124,8,0.01892709732055664,0.00236588716506958,True
13,1019,1784808119.5290854,8,0.020694255828857422,0.0025867819786071777,True
13,1020,1784808119.5501873,8,0.02164912223815918,0.0027061402797698975,True
13,1021,1784808119.5725183,8,0.018131256103515625,0.002266407012939453,True
13,1022,1784808119.5910537,8,0.020537376403808594,0.0025671720504760742,True
13,1023,1784808119.6119666,8,0.021087169647216797,0.0026358962059020996,True
13,1024,1784808119.6334043,8,0.01970052719116211,0.0024625658988952637,True
13,1025,1784808119.6536944,8,0.018656015396118164,0.0023320019245147705,True
13,1026,1784808119.6726427,8,0.019873857498168945,0.002484232187271118,True
13,1027,1784808119.6929154,8,0.021765708923339844,0.0027207136154174805,True
13,1028,1784808119.715082,8,0.019622087478637695,0.002452760934829712,True
13,1029,1784808119.734979,8,0.022124767303466797,0.0027655959129333496,True
13,1030,1784808119.757442,8,0.020282983779907227,0.0025353729724884033,True
13,1031,1784808119.7785962,8,0.021144866943359375,0.002643108367919922,True
13,1032,1784808119.8005176,8,0.019680261611938477,0.0024600327014923096,True
13,1033,1784808119.8206658,8,0.019773006439208984,0.002471625804901123,True
13,1034,1784808119.8407452,8,0.021113157272338867,0.0026391446590423584,True
13,1035,1784808119.8624706,8,0.018143177032470703,0.002267897129058838,True
13,1036,1784808119.881167,8,0.020436763763427734,0.002554595470428467,True
13,1037,1784808119.9019604,8,0.019352436065673828,0.0024190545082092285,True
13,1038,1784808119.9217067,8,0.021280288696289062,0.002660036087036133,True
13,1039,1784808119.9439354,8,0.018973350524902344,0.002371668815612793,True
13,1040,1784808119.9637542,8,0.020167827606201172,0.0025209784507751465,True
13,1041,1784808119.9842393,8,0.02156233787536621,0.0026952922344207764,True
13,1042,1784808120.0062017,8,0.020637989044189453,0.0025797486305236816,True
13,1043,1784808120.0275855,8,0.019729137420654297,0.002466142177581787,True
13,1044,1784808120.0477486,8,0.02034306526184082,0.0025428831577301025,True
13,1045,1784808120.0683947,8,0.019292593002319336,0.002411574125289917,True
13,1046,1784808120.0882957,8,0.02158522605895996,0.002698153257369995,True
13,1047,1784808120.1104207,8,0.02244734764099121,0.0028059184551239014,True
13,1048,1784808120.1332965,8,0.021505117416381836,0.0026881396770477295,True
13,1049,1784808120.1560125,8,0.017490386962890625,0.002186298370361328,True
13,1050,1784808120.1740549,8,0.0184173583984375,0.0023021697998046875,True
13,1051,1784808120.1927373,8,0.022114992141723633,0.002764374017715454,True
13,1052,1784808120.2152498,8,0.019262075424194336,0.002407759428024292,True
13,1053,1784808120.2353702,8,0.020784378051757812,0.0025980472564697266,True
13,1054,1784808120.2569973,8,0.019645214080810547,0.0024556517601013184,True
13,1055,1784808120.2769725,8,0.01898813247680664,0.00237351655960083,True
13,1056,1784808120.2967026,8,0.020539283752441406,0.0025674104690551758,True
13,1057,1784808120.317826,8,0.020902395248413086,0.0026127994060516357,True
13,1058,1784808120.3390846,8,0.018777847290039062,0.002347230911254883,True
13,1059,1784808120.3582091,8,0.020342111587524414,0.0025427639484405518,True
13,1060,1784808120.3790412,8,0.02221369743347168,0.00277671217918396,True
13,1061,1784808120.4020734,8,0.019479990005493164,0.0024349987506866455,True
13,1062,1784808120.4219992,8,0.019455671310424805,0.0024319589138031006,True
13,1063,1784808120.4417415,8,0.02055954933166504,0.00256994366645813,True
13,1064,1784808120.4626536,8,0.02054142951965332,0.002567678689956665,True
13,1065,1784808120.4835188,8,0.01997685432434082,0.0024971067905426025,True
13,1066,1784808120.503797,8,0.01978278160095215,0.0024728477001190186,True
13,1067,1784808120.5244708,8,0.02176809310913086,0.0027210116386413574,True
13,1068,1784808120.5469394,8,0.021351337432861328,0.002668917179107666,True
13,1069,1784808120.5688493,8,0.019388437271118164,0.0024235546588897705,True
13,1070,1784808120.5887947,8,0.022989273071289062,0.002873659133911133,True
13,1071,1784808120.6123688,8,0.0220339298248291,0.0027542412281036377,True
13,1072,1784808120.6354861,8,0.021118640899658203,0.0026398301124572754,True
13,1073,1784808120.6572819,8,0.019353628158569336,0.002419203519821167,True
13,1074,1784808120.6776617,8,0.018497943878173828,0.0023122429847717285,True
13,1075,1784808120.6965892,8,0.019755125045776367,0.002469390630722046,True
13,1076,1784808120.7176447,8,0.02220010757446289,0.0027750134468078613,True
13,1077,1784808120.7403445,8,0.020862340927124023,0.002607792615890503,True
13,1078,1784808120.7618525,8,0.01943802833557129,0.002429753541946411,True
13,1079,1784808120.7816887,8,0.021648168563842773,0.0027060210704803467,True
13,1080,1784808120.8040383,8,0.019734621047973633,0.002466827630996704,True
13,1081,1784808120.8250163,8,0.020852088928222656,0.002606511116027832,True
13,1082,1784808120.8463578,8,0.019771575927734375,0.002471446990966797,True
13,1083,1784808120.8676844,8,0.019494295120239258,0.0024367868900299072,True
13,1084,1784808120.887704,8,0.020337820053100586,0.0025422275066375732,True
13,1085,1784808120.9084659,8,0.021915197372436523,0.0027393996715545654,True
13,1086,1784808120.930828,8,0.017952442169189453,0.0022440552711486816,True
13,1087,1784808120.949586,8,0.020262479782104492,0.0025328099727630615,True
13,1088,1784808120.9703119,8,0.020205974578857422,0.0025257468223571777,True
13,1089,1784808120.9917476,8,0.02007269859313965,0.002509087324142456,True
13,1090,1784808121.0124867,8,0.01994919776916504,0.00249364972114563,True
13,1091,1784808121.0328436,8,0.020782470703125,0.002597808837890625,True
13,1092,1784808121.0542212,8,0.019060373306274414,0.0023825466632843018,True
13,1093,1784808121.0739362,8,0.019130706787109375,0.002391338348388672,True
13,1094,1784808121.0934916,8,0.019504547119140625,0.002438068389892578,True
13,1095,1784808121.1138952,8,0.019429683685302734,0.002428710460662842,True
13,1096,1784808121.1337152,8,0.019647598266601562,0.0024559497833251953,True
13,1097,1784808121.1538541,8,0.020825624465942383,0.002603203058242798,True
13,1098,1784808121.175353,8,0.019536256790161133,0.0024420320987701416,True
13,1099,1784808121.1955347,8,0.01955270767211914,0.0024440884590148926,True
13,1100,1784808121.2154415,8,0.020011186599731445,0.0025013983249664307,True
13,1101,1784808121.236097,8,0.022241830825805664,0.002780228853225708,True
13,1102,1784808121.258855,8,0.02182626724243164,0.002728283405303955,True
13,1103,1784808121.2816212,8,0.019132375717163086,0.0023915469646453857,True
13,1104,1784808121.3012269,8,0.019145488739013672,0.002393186092376709,True
13,1105,1784808121.3212533,8,0.022029399871826172,0.0027536749839782715,True
13,1106,1784808121.3436682,8,0.019985437393188477,0.0024981796741485596,True
13,1107,1784808121.3640752,8,0.019664287567138672,0.002458035945892334,True
13,1108,1784808121.3841934,8,0.021384239196777344,0.002673029899597168,True
13,1109,1784808121.4061244,8,0.019934415817260742,0.0024918019771575928,True
13,1110,1784808121.426524,8,0.021533727645874023,0.002691715955734253,True
13,1111,1784808121.4485881,8,0.01873612403869629,0.002342015504837036,True
13,1112,1784808121.46769,8,0.02019977569580078,0.0025249719619750977,True
13,1113,1784808121.489164,8,0.019182205200195312,0.002397775650024414,True
13,1114,1784808121.5087793,8,0.019835710525512695,0.002479463815689087,True
13,1115,1784808121.5291615,8,0.018363475799560547,0.0022954344749450684,True
13,1116,1784808121.5481741,8,0.019675254821777344,0.002459406852722168,True
13,1117,1784808121.5681362,8,0.02158188819885254,0.0026977360248565674,True
13,1118,1784808121.590135,8,0.020144224166870117,0.0025180280208587646,True
13,1119,1784808121.6114209,8,0.019129037857055664,0.002391129732131958,True
13,1120,1784808121.630807,8,0.02069544792175293,0.002586930990219116,True
13,1121,1784808121.6517763,8,0.020457983016967773,0.0025572478771209717,True
13,1122,1784808121.6728413,8,0.019047021865844727,0.002380877733230591,True
13,1123,1784808121.6921835,8,0.01976490020751953,0.0024706125259399414,True
13,1124,1784808121.7124698,8,0.019507408142089844,0.0024384260177612305,True
13,1125,1784808121.7326348,8,0.021190166473388672,0.002648770809173584,True
13,1126,1784808121.7543736,8,0.019337892532348633,0.002417236566543579,True
13,1127,1784808121.7742476,8,0.02221083641052246,0.0027763545513153076,True
13,1128,1784808121.7968771,8,0.018794775009155273,0.002349346876144409,True
13,1129,1784808121.8162928,8,0.024004459381103516,0.0030005574226379395,True
13,1130,1784808121.8409781,8,0.020861148834228516,0.0026076436042785645,True
13,1131,1784808121.8622456,8,0.0235288143157959,0.0029411017894744873,True
13,1132,1784808121.887346,8,0.019744157791137695,0.002468019723892212,True
13,1133,1784808121.907755,8,0.0217745304107666,0.002721816301345825,True
13,1134,1784808121.930722,8,0.01882004737854004,0.002352505922317505,True
13,1135,1784808121.950138,8,0.02077174186706543,0.0025964677333831787,True
13,1136,1784808121.9729178,8,0.020633935928344727,0.002579241991043091,True
13,1137,1784808121.9946942,8,0.020055294036865234,0.0025069117546081543,True
13,1138,1784808122.0152352,8,0.01964426040649414,0.0024555325508117676,True
13,1139,1784808122.035352,8,0.019149303436279297,0.002393662929534912,True
13,1140,1784808122.0549946,8,0.021091222763061523,0.0026364028453826904,True
13,1141,1784808122.0764947,8,0.019591808319091797,0.0024489760398864746,True
13,1142,1784808122.0964453,8,0.022353172302246094,0.0027941465377807617,True
13,1143,1784808122.1194608,8,0.020447254180908203,0.0025559067726135254,True
13,1144,1784808122.1402478,8,0.020542383193969727,0.002567797899246216,True
13,1145,1784808122.1611812,8,0.021575450897216797,0.0026969313621520996,True
13,1146,1784808122.1831,8,0.019838333129882812,0.0024797916412353516,True
13,1147,1784808122.2032862,8,0.020711421966552734,0.002588927745819092,True
13,1148,1784808122.2243526,8,0.021015167236328125,0.0026268959045410156,True
13,1149,1784808122.2458866,8,0.020378589630126953,0.002547323703765869,True
13,1150,1784808122.266973,8,0.020360708236694336,0.002545088529586792,True
13,1151,1784808122.2876916,8,0.022919654846191406,0.0028649568557739258,True
13,1152,1784808122.3108888,8,0.020226240158081055,0.002528280019760132,True
13,1153,1784808122.3314278,8,0.019828319549560547,0.0024785399436950684,True
13,1154,1784808122.351602,8,0.020539283752441406,0.0025674104690551758,True
13,1155,1784808122.3725858,8,0.021259307861328125,0.0026574134826660156,True
13,1156,1784808122.394254,8,0.022182941436767578,0.0027728676795959473,True
13,1157,1784808122.4169574,8,0.020996809005737305,0.002624601125717163,True
13,1158,1784808122.438361,8,0.022600650787353516,0.0028250813484191895,True
13,1159,1784808122.461714,8,0.024080991744995117,0.0030101239681243896,True
13,1160,1784808122.4873157,8,0.017412900924682617,0.002176612615585327,True
13,1161,1784808122.505881,8,0.01959967613220215,0.0024499595165252686,True
13,1162,1784808122.5257814,8,0.021196603775024414,0.0026495754718780518,True
13,1163,1784808122.5473342,8,0.021443605422973633,0.002680450677871704,True
13,1164,1784808122.5691273,8,0.020689010620117188,0.0025861263275146484,True
13,1165,1784808122.5906732,8,0.021695375442504883,0.0027119219303131104,True
13,1166,1784808122.6127274,8,0.021459579467773438,0.0026824474334716797,True
13,1167,1784808122.6346045,8,0.020517349243164062,0.002564668655395508,True
13,1168,1784808122.6554615,8,0.02007889747619629,0.002509862184524536,True
13,1169,1784808122.675916,8,0.01934814453125,0.00241851806640625,True
13,1170,1784808122.6957946,8,0.021277427673339844,0.0026596784591674805,True
13,1171,1784808122.7178366,8,0.02017974853515625,0.0025224685668945312,True
13,1172,1784808122.7401607,8,0.020268917083740234,0.0025336146354675293,True
13,1173,1784808122.7607644,8,0.021866559982299805,0.0027333199977874756,True
13,1174,1784808122.7830138,8,0.020112037658691406,0.0025140047073364258,True
13,1175,1784808122.803912,8,0.019202470779418945,0.002400308847427368,True
13,1176,1784808122.8234847,8,0.019933223724365234,0.0024916529655456543,True
13,1177,1784808122.8440707,8,0.022713422775268555,0.0028391778469085693,True
13,1178,1784808122.8673766,8,0.021252155303955078,0.0026565194129943848,True
13,1179,1784808122.8890116,8,0.021318674087524414,0.0026648342609405518,True
13,1180,1784808122.911242,8,0.021281957626342773,0.0026602447032928467,True
13,1181,1784808122.932983,8,0.021132946014404297,0.002641618251800537,True
13,1182,1784808122.954753,8,0.02167797088623047,0.0027097463607788086,True
13,1183,1784808122.9777372,8,0.01873922348022461,0.002342402935028076,True
13,1184,1784808122.996982,8,0.0202329158782959,0.0025291144847869873,True
13,1185,1784808123.0183556,8,0.0215604305267334,0.002695053815841675,True
13,1186,1784808123.0405102,8,0.020594120025634766,0.0025742650032043457,True
13,1187,1784808123.0618014,8,0.021733999252319336,0.002716749906539917,True
13,1188,1784808123.0838897,8,0.019581317901611328,0.002447664737701416,True
13,1189,1784808123.1048958,8,0.019547700881958008,0.002443462610244751,True
13,1190,1784808123.1248386,8,0.020331859588623047,0.002541482448577881,True
13,1191,1784808123.145976,8,0.02024364471435547,0.0025304555892944336,True
13,1192,1784808123.1665337,8,0.021521568298339844,0.0026901960372924805,True
13,1193,1784808123.1883266,8,0.02130270004272461,0.002662837505340576,True
13,1194,1784808123.2102785,8,0.01982259750366211,0.0024778246879577637,True
13,1195,1784808123.230551,8,0.021806955337524414,0.0027258694171905518,True
13,1196,1784808123.252727,8,0.020572900772094727,0.002571612596511841,True
13,1197,1784808123.2737706,8,0.01955890655517578,0.0024448633193969727,True
13,1198,1784808123.2936254,8,0.020502090454101562,0.0025627613067626953,True
13,1199,1784808123.3145134,8,0.0201108455657959,0.0025138556957244873,True
13,1200,1784808123.3350127,8,0.020656347274780273,0.002582043409347534,True
13,1201,1784808123.356009,8,0.020741701126098633,0.002592712640762329,True
13,1202,1784808123.3772004,8,0.0200042724609375,0.0025005340576171875,True
13,1203,1784808123.3979769,8,0.020287275314331055,0.002535909414291382,True
13,1204,1784808123.4189937,8,0.02182173728942871,0.002727717161178589,True
13,1205,1784808123.4415712,8,0.020055294036865234,0.0025069117546081543,True
13,1206,1784808123.4619946,8,0.02123093605041504,0.00265386700630188,True
13,1207,1784808123.4840539,8,0.02013707160949707,0.002517133951187134,True
13,1208,1784808123.5045867,8,0.021895647048950195,0.0027369558811187744,True
13,1209,1784808123.526793,8,0.02189946174621582,0.0027374327182769775,True
13,1210,1784808123.5490563,8,0.02053356170654297,0.002566695213317871,True
13,1211,1784808123.5699952,8,0.022762298583984375,0.002845287322998047,True
13,1212,1784808123.5936322,8,0.021604537963867188,0.0027005672454833984,True
13,1213,1784808123.6158175,8,0.021796464920043945,0.002724558115005493,True
13,1214,1784808123.6379642,8,0.019957304000854492,0.0024946630001068115,True
13,1215,1784808123.6582983,8,0.020815372467041016,0.002601921558380127,True
13,1216,1784808123.6795275,8,0.020762920379638672,0.002595365047454834,True
13,1217,1784808123.701093,8,0.018154144287109375,0.002269268035888672,True
13,1218,1784808123.7204702,8,0.019758939743041992,0.002469867467880249,True
13,1219,1784808123.7405436,8,0.020987749099731445,0.0026234686374664307,True
13,1220,1784808123.761865,8,0.019297361373901367,0.002412170171737671,True
13,1221,1784808123.7815294,8,0.019333362579345703,0.002416670322418213,True
13,1222,1784808123.80126,8,0.019408226013183594,0.0024260282516479492,True
13,1223,1784808123.8211856,8,0.020822763442993164,0.0026028454303741455,True
13,1224,1784808123.8423185,8,0.022156953811645508,0.0027696192264556885,True
13,1225,1784808123.8649104,8,0.019932270050048828,0.0024915337562561035,True
13,1226,1784808123.885228,8,0.02213001251220703,0.002766251564025879,True
13,1227,1784808123.9077897,8,0.018570899963378906,0.0023213624954223633,True
13,1228,1784808123.9266577,8,0.019524812698364258,0.0024406015872955322,True
13,1229,1784808123.9464974,8,0.022954940795898438,0.0028693675994873047,True
13,1230,1784808123.9698257,8,0.020341873168945312,0.002542734146118164,True
13,1231,1784808123.9905071,8,0.02061605453491211,0.0025770068168640137,True
13,1232,1784808124.0117614,8,0.020322084426879883,0.0025402605533599854,True
13,1233,1784808124.0326493,8,0.02048778533935547,0.0025609731674194336,True
13,1234,1784808124.0540013,8,0.018961668014526367,0.002370208501815796,True
13,1235,1784808124.073525,8,0.02123713493347168,0.00265464186668396,True
13,1236,1784808124.095283,8,0.021538972854614258,0.0026923716068267822,True
13,1237,1784808124.1176143,8,0.01939535140991211,0.0024244189262390137,True
13,1238,1784808124.1373432,8,0.02042102813720703,0.002552628517150879,True
13,1239,1784808124.1581101,8,0.019773483276367188,0.0024716854095458984,True
13,1240,1784808124.1782868,8,0.020053386688232422,0.0025066733360290527,True
13,1241,1784808124.1987803,8,0.02200794219970703,0.002750992774963379,True
13,1242,1784808124.2213202,8,0.01988506317138672,0.00248563289642334,True
13,1243,1784808124.2424004,8,0.02263617515563965,0.002829521894454956,True
13,1244,1784808124.266404,8,0.021207809448242188,0.0026509761810302734,True
13,1245,1784808124.2879343,8,0.02011847496032715,0.0025148093700408936,True
13,1246,1784808124.3083892,8,0.021545886993408203,0.0026932358741760254,True
13,1247,1784808124.3303652,8,0.02127814292907715,0.0026597678661346436,True
13,1248,1784808124.3521886,8,0.020926713943481445,0.0026158392429351807,True
13,1249,1784808124.3739135,8,0.0199892520904541,0.0024986565113067627,True
13,1250,1784808124.3944073,8,0.022297143936157227,0.0027871429920196533,True
13,1251,1784808124.4179513,8,0.020912885665893555,0.0026141107082366943,True
13,1252,1784808124.4406357,8,0.01997828483581543,0.0024972856044769287,True
13,1253,1784808124.4615169,8,0.02024984359741211,0.0025312304496765137,True
13,1254,1784808124.4820945,8,0.022000551223754883,0.0027500689029693604,True
13,1255,1784808124.5047972,8,0.019772052764892578,0.0024715065956115723,True
13,1256,1784808124.5249662,8,0.01961231231689453,0.0024515390396118164,True
13,1257,1784808124.544914,8,0.02180194854736328,0.00272524356842041,True
13,1258,1784808124.5672705,8,0.021304607391357422,0.0026630759239196777,True
13,1259,1784808124.5890481,8,0.020052194595336914,0.0025065243244171143,True
13,1260,1784808124.6095526,8,0.021032094955444336,0.002629011869430542,True
13,1261,1784808124.6311824,8,0.019804716110229492,0.0024755895137786865,True
13,1262,1784808124.6516078,8,0.02010202407836914,0.0025127530097961426,True
13,1263,1784808124.6722627,8,0.020603656768798828,0.0025754570960998535,True
13,1264,1784808124.693423,8,0.01903390884399414,0.0023792386054992676,True
13,1265,1784808124.7138739,8,0.021222829818725586,0.0026528537273406982,True
13,1266,1784808124.7354815,8,0.01882767677307129,0.002353459596633911,True
13,1267,1784808124.7545962,8,0.01981377601623535,0.002476722002029419,True
13,1268,1784808124.7751641,8,0.01871514320373535,0.002339392900466919,True
13,1269,1784808124.7941942,8,0.02451777458190918,0.0030647218227386475,True
13,1270,1784808124.8197505,8,0.019335269927978516,0.0024169087409973145,True
13,1271,1784808124.8393812,8,0.020034074783325195,0.0025042593479156494,True
13,1272,1784808124.8597963,8,0.0189516544342041,0.0023689568042755127,True
13,1273,1784808124.8790326,8,0.019693613052368164,0.0024617016315460205,True
13,1274,1784808124.8991702,8,0.020671606063842773,0.0025839507579803467,True
13,1275,1784808124.9201934,8,0.02091217041015625,0.0026140213012695312,True
13,1276,1784808124.9414656,8,0.019862651824951172,0.0024828314781188965,True
13,1277,1784808124.961696,8,0.024682044982910156,0.0030852556228637695,True
13,1278,1784808124.9877512,8,0.020803213119506836,0.0026004016399383545,True
13,1279,1784808125.008913,8,0.020862817764282227,0.0026078522205352783,True
13,1280,1784808125.0306077,8,0.01997065544128418,0.0024963319301605225,True
13,1281,1784808125.051279,8,0.021217823028564453,0.0026522278785705566,True
13,1282,1784808125.0728803,8,0.019563913345336914,0.0024454891681671143,True
13,1283,1784808125.093003,8,0.021410703659057617,0.002676337957382202,True
13,1284,1784808125.1153677,8,0.020911693572998047,0.002613961696624756,True
13,1285,1784808125.137636,8,0.020844459533691406,0.0026055574417114258,True
13,1286,1784808125.1591556,8,0.021189212799072266,0.002648651599884033,True
13,1287,1784808125.1807375,8,0.01922774314880371,0.002403467893600464,True
13,1288,1784808125.200573,8,0.019297122955322266,0.002412140369415283,True
13,1289,1784808125.2206664,8,0.020693540573120117,0.0025866925716400146,True
13,1290,1784808125.2424617,8,0.020876407623291016,0.002609550952911377,True
13,1291,1784808125.2637146,8,0.020986318588256836,0.0026232898235321045,True
13,1292,1784808125.2852285,8,0.02040243148803711,0.0025503039360046387,True
13,1293,1784808125.3068027,8,0.01932692527770996,0.002415865659713745,True
13,1294,1784808125.3269107,8,0.021033763885498047,0.002629220485687256,True
13,1295,1784808125.3482888,8,0.020406246185302734,0.002550780773162842,True
13,1296,1784808125.3692873,8,0.019203662872314453,0.0024004578590393066,True
13,1297,1784808125.3887575,8,0.020646333694458008,0.002580791711807251,True
13,1298,1784808125.409747,8,0.02178335189819336,0.00272291898727417,True
13,1299,1784808125.4320915,8,0.018799543380737305,0.002349942922592163,True
13,1300,1784808125.451489,8,0.02029871940612793,0.002537339925765991,True
13,1301,1784808125.4725726,8,0.022337913513183594,0.0027922391891479492,True
13,1302,1784808125.4953735,8,0.02059626579284668,0.002574533224105835,True
13,1303,1784808125.516603,8,0.021271228790283203,0.0026589035987854004,True
13,1304,1784808125.5383224,8,0.020928382873535156,0.0026160478591918945,True
13,1305,1784808125.5605133,8,0.02105712890625,0.00263214111328125,True
13,1306,1784808125.5821352,8,0.020174503326416016,0.002521812915802002,True
13,1307,1784808125.6029613,8,0.0194857120513916,0.00243571400642395,True
13,1308,1784808125.6230114,8,0.020524263381958008,0.002565532922744751,True
13,1309,1784808125.643853,8,0.019110441207885742,0.0023888051509857178,True
13,1310,1784808125.6633394,8,0.020028114318847656,0.002503514289855957,True
13,1311,1784808125.6837082,8,0.019804716110229492,0.0024755895137786865,True
13,1312,1784808125.704017,8,0.020299673080444336,0.002537459135055542,True
13,1313,1784808125.7247372,8,0.019112586975097656,0.002389073371887207,True
13,1314,1784808125.7441874,8,0.020355939865112305,0.002544492483139038,True
13,1315,1784808125.7649043,8,0.019449472427368164,0.0024311840534210205,True
13,1316,1784808125.7847595,8,0.020891904830932617,0.002611488103866577,True
13,1317,1784808125.8060672,8,0.01991581916809082,0.0024894773960113525,True
13,1318,1784808125.8264973,8,0.020978689193725586,0.0026223361492156982,True
13,1319,1784808125.8477886,8,0.02221822738647461,0.002777278423309326,True
13,1320,1784808125.8704667,8,0.02022242546081543,0.0025278031826019287,True
13,1321,1784808125.8912177,8,0.019565820693969727,0.002445727586746216,True
13,1322,1784808125.9112394,8,0.020709991455078125,0.0025887489318847656,True
13,1323,1784808125.9323814,8,0.020531177520751953,0.002566397190093994,True
13,1324,1784808125.953477,8,0.022101163864135742,0.0027626454830169678,True
13,1325,1784808125.9761567,8,0.019364595413208008,0.002420574426651001,True
13,1326,1784808125.9959438,8,0.02074432373046875,0.0025930404663085938,True
13,1327,1784808126.0169806,8,0.022856712341308594,0.0028570890426635742,True
13,1328,1784808126.0406907,8,0.020261287689208984,0.002532660961151123,True
13,1329,1784808126.06223,8,0.020435094833374023,0.002554386854171753,True
13,1330,1784808126.083385,8,0.01965808868408203,0.002457261085510254,True
13,1331,1784808126.103722,8,0.020705461502075195,0.0025881826877593994,True
13,1332,1784808126.125393,8,0.020316362380981445,0.0025395452976226807,True
13,1333,1784808126.1461415,8,0.020281553268432617,0.002535194158554077,True
13,1334,1784808126.1669452,8,0.02014946937561035,0.002518683671951294,True
13,1335,1784808126.1874356,8,0.01963949203491211,0.0024549365043640137,True
13,1336,1784808126.2075515,8,0.020862817764282227,0.0026078522205352783,True
13,1337,1784808126.229199,8,0.02034592628479004,0.002543240785598755,True
13,1338,1784808126.2498827,8,0.021512746810913086,0.0026890933513641357,True
13,1339,1784808126.2718928,8,0.018192052841186523,0.0022740066051483154,True
13,1340,1784808126.2914805,8,0.020647764205932617,0.002580970525741577,True
13,1341,1784808126.3125937,8,0.019085168838500977,0.002385646104812622,True
13,1342,1784808126.332428,8,0.02068161964416504,0.00258520245552063,True
13,1343,1784808126.3553371,8,0.017670392990112305,0.002208799123764038,True
13,1344,1784808126.373847,8,0.017710447311401367,0.002213805913925171,True
13,1345,1784808126.3919191,8,0.020468473434448242,0.0025585591793060303,True
13,1346,1784808126.412972,8,0.020329952239990234,0.0025412440299987793,True
13,1347,1784808126.4336228,8,0.021259784698486328,0.002657473087310791,True
13,1348,1784808126.4552662,8,0.020002365112304688,0.002500295639038086,True
13,1349,1784808126.4756396,8,0.01984238624572754,0.0024802982807159424,True
13,1350,1784808126.4957633,8,0.020404577255249023,0.002550572156906128,True
13,1351,1784808126.51657,8,0.01937103271484375,0.0024213790893554688,True
13,1352,1784808126.537675,8,0.020783662796020508,0.0025979578495025635,True
13,1353,1784808126.5588522,8,0.020798683166503906,0.0025998353958129883,True
13,1354,1784808126.5800958,8,0.01898646354675293,0.002373307943344116,True
13,1355,1784808126.5994473,8,0.022630691528320312,0.002828836441040039,True
13,1356,1784808126.6224332,8,0.019296646118164062,0.002412080764770508,True
13,1357,1784808126.6422055,8,0.01974344253540039,0.002467930316925049,True
13,1358,1784808126.662396,8,0.02056598663330078,0.0025707483291625977,True
13,1359,1784808126.6833231,8,0.019975900650024414,0.0024969875812530518,True
13,1360,1784808126.7035744,8,0.02041459083557129,0.002551823854446411,True
13,1361,1784808126.7243378,8,0.02048206329345703,0.002560257911682129,True
13,1362,1784808126.7453191,8,0.019858121871948242,0.0024822652339935303,True
13,1363,1784808126.7656786,8,0.020402193069458008,0.002550274133682251,True
13,1364,1784808126.7864716,8,0.021206140518188477,0.0026507675647735596,True
13,1365,1784808126.8086011,8,0.020938634872436523,0.0026173293590545654,True
13,1366,1784808126.8298788,8,0.019385576248168945,0.002423197031021118,True
13,1367,1784808126.8497152,8,0.020007848739624023,0.002500981092453003,True
13,1368,1784808126.8701358,8,0.021102190017700195,0.0026377737522125244,True
13,1369,1784808126.891541,8,0.0193483829498291,0.0024185478687286377,True
13,1370,1784808126.9115915,8,0.02033376693725586,0.0025417208671569824,True
13,1371,1784808126.932215,8,0.021527528762817383,0.002690941095352173,True
13,1372,1784808126.9545662,8,0.020796775817871094,0.0025995969772338867,True
13,1373,1784808126.9758577,8,0.02041459083557129,0.002551823854446411,True
13,1374,1784808126.9971414,8,0.020198822021484375,0.002524852752685547,True
13,1375,1784808127.0177648,8,0.01978278160095215,0.0024728477001190186,True
13,1376,1784808127.0384765,8,0.02069854736328125,0.0025873184204101562,True
13,1377,1784808127.0600462,8,0.02018594741821289,0.0025232434272766113,True
13,1378,1784808127.0806239,8,0.020151615142822266,0.002518951892852783,True
13,1379,1784808127.1013353,8,0.02035069465637207,0.002543836832046509,True
13,1380,1784808127.1222243,8,0.020074129104614258,0.0025092661380767822,True
13,1381,1784808127.1427574,8,0.022574663162231445,0.0028218328952789307,True
13,1382,1784808127.165792,8,0.020138978958129883,0.0025173723697662354,True
13,1383,1784808127.1862512,8,0.0221250057220459,0.0027656257152557373,True
13,1384,1784808127.209293,8,0.017670631408691406,0.0022088289260864258,True
13,1385,1784808127.227291,8,0.01863837242126465,0.002329796552658081,True
13,1386,1784808127.2463121,8,0.020388364791870117,0.0025485455989837646,True
13,1387,1784808127.2673192,8,0.01949763298034668,0.002437204122543335,True
13,1388,1784808127.287259,8,0.02190542221069336,0.00273817777633667,True
13,1389,1784808127.3096633,8,0.02022385597229004,0.002527981996536255,True
13,1390,1784808127.330264,8,0.019828081130981445,0.0024785101413726807,True
13,1391,1784808127.3511534,8,0.017410755157470703,0.002176344394683838,True
13,1392,1784808127.3691776,8,0.02120208740234375,0.0026502609252929688,True
13,1393,1784808127.3907685,8,0.01988697052001953,0.0024858713150024414,True
13,1394,1784808127.411877,8,0.019758224487304688,0.002469778060913086,True
13,1395,1784808127.4320474,8,0.02041172981262207,0.002551466226577759,True
13,1396,1784808127.4533777,8,0.021054983139038086,0.0026318728923797607,True
13,1397,1784808127.4747057,8,0.019941091537475586,0.0024926364421844482,True
13,1398,1784808127.4950433,8,0.017853736877441406,0.0022317171096801758,True
13,1399,1784808127.5135703,8,0.021995067596435547,0.0027493834495544434,True
13,1400,1784808127.5363903,8,0.01910877227783203,0.002388596534729004,True
13,1401,1784808127.555826,8,0.022292137145996094,0.0027865171432495117,True
13,1402,1784808127.5785527,8,0.018332958221435547,0.0022916197776794434,True
13,1403,1784808127.597337,8,0.02190542221069336,0.00273817777633667,True
13,1404,1784808127.619533,8,0.018768787384033203,0.0023460984230041504,True
13,1405,1784808127.638891,8,0.02239704132080078,0.0027996301651000977,True
13,1406,1784808127.661889,8,0.0199739933013916,0.00249674916267395,True
13,1407,1784808127.6822617,8,0.01951885223388672,0.00243985652923584,True
13,1408,1784808127.702143,8,0.019730567932128906,0.0024663209915161133,True
13,1409,1784808127.7226834,8,0.020527124404907227,0.0025658905506134033,True
13,1410,1784808127.7437496,8,0.01832294464111328,0.00229036808013916,True
13,1411,1784808127.7625146,8,0.021623611450195312,0.002702951431274414,True
13,1412,1784808127.7843742,8,0.019083738327026367,0.002385467290878296,True
13,1413,1784808127.803708,8,0.020473718643188477,0.0025592148303985596,True
13,1414,1784808127.8245256,8,0.02051544189453125,0.0025644302368164062,True
13,1415,1784808127.8455436,8,0.020768165588378906,0.0025960206985473633,True
13,1416,1784808127.866541,8,0.020224571228027344,0.002528071403503418,True
13,1417,1784808127.887359,8,0.019199848175048828,0.0023999810218811035,True
13,1418,1784808127.9068916,8,0.019626855850219727,0.002453356981277466,True
13,1419,1784808127.926817,8,0.020463228225708008,0.002557903528213501,True
13,1420,1784808127.9477808,8,0.019940614700317383,0.002492576837539673,True
13,1421,1784808127.9681668,8,0.018980026245117188,0.0023725032806396484,True
13,1422,1784808127.9875724,8,0.020041227340698242,0.0025051534175872803,True
13,1423,1784808128.008476,8,0.018979549407958984,0.002372443675994873,True
13,1424,1784808128.0278225,8,0.020883798599243164,0.0026104748249053955,True
13,1425,1784808128.049144,8,0.01957845687866211,0.0024473071098327637,True
13,1426,1784808128.0691698,8,0.021908044815063477,0.0027385056018829346,True
13,1427,1784808128.0913663,8,0.018718719482421875,0.0023398399353027344,True
13,1428,1784808128.1105008,8,0.02124643325805664,0.00265580415725708,True
13,1429,1784808128.1321013,8,0.02241373062133789,0.0028017163276672363,True
13,1430,1784808128.154809,8,0.018761873245239258,0.0023452341556549072,True
13,1431,1784808128.174174,8,0.019407987594604492,0.0024259984493255615,True
13,1432,1784808128.1940672,8,0.018270254135131836,0.0022837817668914795,True
13,1433,1784808128.21283,8,0.019509315490722656,0.002438664436340332,True
13,1434,1784808128.23267,8,0.019667387008666992,0.002458423376083374,True
13,1435,1784808128.2527015,8,0.021333932876586914,0.0026667416095733643,True
13,1436,1784808128.274632,8,0.018486499786376953,0.002310812473297119,True
13,1437,1784808128.2935433,8,0.020444154739379883,0.0025555193424224854,True
13,1438,1784808128.3143919,8,0.01843881607055664,0.00230485200881958,True
13,1439,1784808128.33314,8,0.0194549560546875,0.0024318695068359375,True
13,1440,1784808128.3529124,8,0.021950960159301758,0.0027438700199127197,True
13,1441,1784808128.3758457,8,0.018280744552612305,0.002285093069076538,True
13,1442,1784808128.3949413,8,0.01958322525024414,0.0024479031562805176,True
13,1443,1784808128.4149983,8,0.02044534683227539,0.002555668354034424,True
13,1444,1784808128.4361565,8,0.021281719207763672,0.002660214900970459,True
13,1445,1784808128.458091,8,0.020483970642089844,0.0025604963302612305,True
13,1446,1784808128.4798958,8,0.01930522918701172,0.002413153648376465,True
13,1447,1784808128.499695,8,0.019922971725463867,0.0024903714656829834,True
13,1448,1784808128.5200129,8,0.019948720932006836,0.0024935901165008545,True
13,1449,1784808128.5408928,8,0.020518064498901367,0.002564758062362671,True
13,1450,1784808128.5618296,8,0.020114421844482422,0.0025143027305603027,True
13,1451,1784808128.5824459,8,0.02152395248413086,0.0026904940605163574,True
13,1452,1784808128.60435,8,0.0208742618560791,0.0026092827320098877,True
13,1453,1784808128.6255147,8,0.021145343780517578,0.0026431679725646973,True
13,1454,1784808128.6471803,8,0.020063400268554688,0.002507925033569336,True
13,1455,1784808128.6676035,8,0.020085573196411133,0.0025106966495513916,True
13,1456,1784808128.6881273,8,0.020143985748291016,0.002517998218536377,True
13,1457,1784808128.7086132,8,0.01963639259338379,0.0024545490741729736,True
13,1458,1784808128.7286386,8,0.01927971839904785,0.0024099647998809814,True
13,1459,1784808128.7483587,8,0.01932072639465332,0.002415090799331665,True
13,1460,1784808128.7681334,8,0.020210981369018555,0.0025263726711273193,True
13,1461,1784808128.7888,8,0.019005298614501953,0.002375662326812744,True
13,1462,1784808128.8081849,8,0.01951313018798828,0.002439141273498535,True
13,1463,1784808128.8281674,8,0.02008652687072754,0.0025108158588409424,True
13,1464,1784808128.8487272,8,0.020557165145874023,0.002569645643234253,True
13,1465,1784808128.8696904,8,0.020100831985473633,0.002512603998184204,True
13,1466,1784808128.8902998,8,0.01942586898803711,0.0024282336235046387,True
13,1467,1784808128.9101655,8,0.02140355110168457,0.0026754438877105713,True
13,1468,1784808128.9318423,8,0.019817113876342773,0.0024771392345428467,True
13,1469,1784808128.952041,8,0.021797657012939453,0.0027247071266174316,True
13,1470,1784808128.974442,8,0.018216848373413086,0.0022771060466766357,True
13,1471,1784808128.9933214,8,0.018795251846313477,0.0023494064807891846,True
13,1472,1784808129.0124695,8,0.020051240921020508,0.0025064051151275635,True
13,1473,1784808129.032821,8,0.020457029342651367,0.002557128667831421,True
13,1474,1784808129.0536754,8,0.02014446258544922,0.0025180578231811523,True
13,1475,1784808129.0742126,8,0.020550012588500977,0.002568751573562622,True
13,1476,1784808129.0952125,8,0.020557403564453125,0.0025696754455566406,True
13,1477,1784808129.1163008,8,0.02046656608581543,0.0025583207607269287,True
13,1478,1784808129.1371436,8,0.019357681274414062,0.002419710159301758,True
13,1479,1784808129.1573286,8,0.018664836883544922,0.0023331046104431152,True
13,1480,1784808129.1764715,8,0.020184755325317383,0.002523094415664673,True
13,1481,1784808129.19717,8,0.019963979721069336,0.002495497465133667,True
13,1482,1784808129.2175639,8,0.02083730697631836,0.002604663372039795,True
13,1483,1784808129.2389472,8,0.0195770263671875,0.0024471282958984375,True
13,1484,1784808129.2590425,8,0.020342588424682617,0.002542823553085327,True
13,1485,1784808129.2797477,8,0.02147197723388672,0.00268399715423584,True
13,1486,1784808129.3031473,8,0.01877903938293457,0.0023473799228668213,True
13,1487,1784808129.3223114,8,0.019446611404418945,0.002430826425552368,True
13,1488,1784808129.3420997,8,0.019230365753173828,0.0024037957191467285,True
13,1489,1784808129.3617785,8,0.018789291381835938,0.002348661422729492,True
13,1490,1784808129.3812723,8,0.021140336990356445,0.0026425421237945557,True
13,1491,1784808129.4030936,8,0.019654273986816406,0.0024567842483520508,True
13,1492,1784808129.4230711,8,0.020395278930664062,0.002549409866333008,True
13,1493,1784808129.443822,8,0.02140021324157715,0.0026750266551971436,True
13,1494,1784808129.4659753,8,0.018922805786132812,0.0023653507232666016,True
13,1495,1784808129.485673,8,0.020848751068115234,0.0026060938835144043,True
13,1496,1784808129.5080369,8,0.020250558853149414,0.0025313198566436768,True
13,1497,1784808129.528855,8,0.019228458404541016,0.002403557300567627,True
13,1498,1784808129.5483692,8,0.022465944290161133,0.0028082430362701416,True
13,1499,1784808129.5718224,8,0.019239425659179688,0.002404928207397461,True
13,1500,1784808129.5916798,8,0.021213054656982422,0.0026516318321228027,True
13,1501,1784808129.6134274,8,0.019870519638061523,0.0024838149547576904,True
13,1502,1784808129.6341145,8,0.02215266227722168,0.00276908278465271,True
13,1503,1784808129.6569014,8,0.02236795425415039,0.002795994281768799,True
13,1504,1784808129.6796396,8,0.0198974609375,0.0024871826171875,True
13,1505,1784808129.6998646,8,0.02047109603881836,0.002558887004852295,True
13,1506,1784808129.7207258,8,0.0204007625579834,0.002550095319747925,True
13,1507,1784808129.7415888,8,0.021136760711669922,0.0026420950889587402,True
13,1508,1784808129.763282,8,0.019315004348754883,0.0024143755435943604,True
13,1509,1784808129.7830756,8,0.020743846893310547,0.0025929808616638184,True
13,1510,1784808129.8041146,8,0.020602941513061523,0.0025753676891326904,True
13,1511,1784808129.8252168,8,0.020917654037475586,0.0026147067546844482,True
13,1512,1784808129.846739,8,0.019591569900512695,0.002448946237564087,True
13,1513,1784808129.8667502,8,0.02074909210205078,0.0025936365127563477,True
13,1514,1784808129.8879552,8,0.01889514923095703,0.002361893653869629,True
13,1515,1784808129.9072204,8,0.022027015686035156,0.0027533769607543945,True
13,1516,1784808129.9295514,8,0.01903557777404785,0.0023794472217559814,True
13,1517,1784808129.9493604,8,0.021570682525634766,0.0026963353157043457,True
13,1518,1784808129.9715014,8,0.02080082893371582,0.0026001036167144775,True
13,1519,1784808129.992864,8,0.020016193389892578,0.0025020241737365723,True
13,1520,1784808130.013285,8,0.020656824111938477,0.0025821030139923096,True
13,1521,1784808130.034349,8,0.021580934524536133,0.0026976168155670166,True
13,1522,1784808130.056239,8,0.018738985061645508,0.0023423731327056885,True
13,1523,1784808130.0754895,8,0.019347190856933594,0.0024183988571166992,True
13,1524,1784808130.0952554,8,0.02043938636779785,0.0025549232959747314,True
13,1525,1784808130.1161017,8,0.020078420639038086,0.0025098025798797607,True
13,1526,1784808130.1365788,8,0.021432161331176758,0.0026790201663970947,True
13,1527,1784808130.158562,8,0.021318912506103516,0.0026648640632629395,True
13,1528,1784808130.1804168,8,0.01874256134033203,0.002342820167541504,True
13,1529,1784808130.2005248,8,0.019583940505981445,0.0024479925632476807,True
13,1530,1784808130.2206483,8,0.019440174102783203,0.0024300217628479004,True
13,1531,1784808130.2407193,8,0.023063182830810547,0.0028828978538513184,True
13,1532,1784808130.2640884,8,0.01952362060546875,0.0024404525756835938,True
13,1533,1784808130.2839632,8,0.01850128173828125,0.0023126602172851562,True
13,1534,1784808130.3028526,8,0.01887655258178711,0.0023595690727233887,True
13,1535,1784808130.3220468,8,0.0204470157623291,0.0025558769702911377,True
13,1536,1784808130.3428972,8,0.01983332633972168,0.00247916579246521,True
13,1537,1784808130.36333,8,0.022017955780029297,0.002752244472503662,True
13,1538,1784808130.3856409,8,0.0206453800201416,0.0025806725025177,True
13,1539,1784808130.4068367,8,0.02136373519897461,0.002670466899871826,True
13,1540,1784808130.4286497,8,0.01904463768005371,0.002380579710006714,True
13,1541,1784808130.448166,8,0.02079629898071289,0.0025995373725891113,True
13,1542,1784808130.4709678,8,0.02064990997314453,0.0025812387466430664,True
13,1543,1784808130.4923074,8,0.01949930191040039,0.002437412738800049,True
13,1544,1784808130.512247,8,0.02120804786682129,0.002651005983352661,True
13,1545,1784808130.5340664,8,0.019622802734375,0.002452850341796875,True
13,1546,1784808130.554518,8,0.021619558334350586,0.0027024447917938232,True
13,1547,1784808130.5779493,8,0.0204770565032959,0.0025596320629119873,True
13,1548,1784808130.598736,8,0.01950979232788086,0.0024387240409851074,True
13,1549,1784808130.61869,8,0.019121646881103516,0.0023902058601379395,True
13,1550,1784808130.6381962,8,0.020356178283691406,0.0025445222854614258,True
13,1551,1784808130.6588328,8,0.021375656127929688,0.002671957015991211,True
13,1552,1784808130.6809502,8,0.019943714141845703,0.002492964267730713,True
13,1553,1784808130.7013361,8,0.023853063583374023,0.002981632947921753,True
13,1554,1784808130.7265787,8,0.01752328872680664,0.00219041109085083,True
13,1555,1784808130.7444158,8,0.020159006118774414,0.0025198757648468018,True
13,1556,1784808130.7648594,8,0.02089524269104004,0.002611905336380005,True
13,1557,1784808130.7861176,8,0.02086186408996582,0.0026077330112457275,True
13,1558,1784808130.807503,8,0.020032882690429688,0.002504110336303711,True
13,1559,1784808130.8278863,8,0.0187990665435791,0.0023498833179473877,True
13,1560,1784808130.847111,8,0.020936012268066406,0.0026170015335083008,True
13,1561,1784808130.86865,8,0.019652366638183594,0.0024565458297729492,True
13,1562,1784808130.8885689,8,0.01886153221130371,0.002357691526412964,True
13,1563,1784808130.9079633,8,0.019295454025268555,0.0024119317531585693,True
13,1564,1784808130.9277337,8,0.020136594772338867,0.0025170743465423584,True
13,1565,1784808130.9482696,8,0.019774913787841797,0.0024718642234802246,True
13,1566,1784808130.9684072,8,0.019884347915649414,0.0024855434894561768,True
13,1567,1784808130.988707,8,0.021671772003173828,0.0027089715003967285,True
13,1568,1784808131.0110998,8,0.02000284194946289,0.0025003552436828613,True
13,1569,1784808131.0317264,8,0.018993854522705078,0.0023742318153381348,True
13,1570,1784808131.0510879,8,0.018152475357055664,0.002269059419631958,True
13,1571,1784808131.0697846,8,0.021205425262451172,0.0026506781578063965,True
13,1572,1784808131.091483,8,0.019137859344482422,0.0023922324180603027,True
13,1573,1784808131.110973,8,0.019411563873291016,0.002426445484161377,True
13,1574,1784808131.1308098,8,0.019025325775146484,0.0023781657218933105,True
13,1575,1784808131.150172,8,0.02040696144104004,0.002550870180130005,True
13,1576,1784808131.171162,8,0.019793272018432617,0.002474159002304077,True
13,1577,1784808131.1912866,8,0.020628690719604492,0.0025785863399505615,True
13,1578,1784808131.2122388,8,0.02418208122253418,0.0030227601528167725,True
13,1579,1784808131.2371957,8,0.020457744598388672,0.002557218074798584,True
13,1580,1784808131.2582211,8,0.01945662498474121,0.0024320781230926514,True
13,1581,1784808131.2780972,8,0.02079463005065918,0.0025993287563323975,True
13,1582,1784808131.2993393,8,0.023194313049316406,0.0028992891311645508,True
13,1583,1784808131.3228652,8,0.017841339111328125,0.0022301673889160156,True
13,1584,1784808131.3410873,8,0.02013230323791504,0.00251653790473938,True
13,1585,1784808131.361643,8,0.020138263702392578,0.0025172829627990723,True
13,1586,1784808131.3822434,8,0.019715070724487305,0.002464383840560913,True
13,1587,1784808131.402385,8,0.021054506301879883,0.0026318132877349854,True
13,1588,1784808131.4241898,8,0.019983768463134766,0.0024979710578918457,True
13,1589,1784808131.4445283,8,0.021759748458862305,0.002719968557357788,True
13,1590,1784808131.466941,8,0.020035982131958008,0.002504497766494751,True
13,1591,1784808131.4873655,8,0.018861770629882812,0.0023577213287353516,True
13,1592,1784808131.5065722,8,0.019422054290771484,0.0024277567863464355,True
13,1593,1784808131.5262985,8,0.020781993865966797,0.0025977492332458496,True
13,1594,1784808131.5478802,8,0.020152807235717773,0.0025191009044647217,True
13,1595,1784808131.568518,8,0.021655797958374023,0.002706974744796753,True
13,1596,1784808131.5906754,8,0.020461320877075195,0.0025576651096343994,True
13,1597,1784808131.6115396,8,0.020598649978637695,0.002574831247329712,True
13,1598,1784808131.632635,8,0.020368576049804688,0.002546072006225586,True
13,1599,1784808131.6534956,8,0.018664121627807617,0.002333015203475952,True
13,1600,1784808131.6728473,8,0.01964592933654785,0.0024557411670684814,True
13,1601,1784808131.6934698,8,0.01898336410522461,0.002372920513153076,True
13,1602,1784808131.712798,8,0.023619890213012695,0.002952486276626587,True
13,1603,1784808131.7370834,8,0.020226001739501953,0.002528250217437744,True
13,1604,1784808131.7577078,8,0.020264148712158203,0.0025330185890197754,True
13,1605,1784808131.7787364,8,0.018311023712158203,0.0022888779640197754,True
13,1606,1784808131.7973976,8,0.019589662551879883,0.0024487078189849854,True
13,1607,1784808131.817448,8,0.020124197006225586,0.0025155246257781982,True
13,1608,1784808131.837943,8,0.01952958106994629,0.002441197633743286,True
13,1609,1784808131.8578126,8,0.018600940704345703,0.002325117588043213,True
13,1610,1784808131.876765,8,0.021009206771850586,0.0026261508464813232,True
13,1611,1784808131.8981633,8,0.02066326141357422,0.0025829076766967773,True
13,1612,1784808131.9192379,8,0.019086837768554688,0.002385854721069336,True
13,1613,1784808131.9387019,8,0.02165842056274414,0.0027073025703430176,True
13,1614,1784808131.960722,8,0.019710302352905273,0.002463787794113159,True
13,1615,1784808131.9808605,8,0.020812511444091797,0.0026015639305114746,True
13,1616,1784808132.002031,8,0.01973581314086914,0.0024669766426086426,True
13,1617,1784808132.0221727,8,0.019692182540893555,0.0024615228176116943,True
13,1618,1784808132.0433795,8,0.018019676208496094,0.0022524595260620117,True
13,1619,1784808132.0625234,8,0.02108025550842285,0.0026350319385528564,True
13,1620,1784808132.0838614,8,0.021025419235229492,0.0026281774044036865,True
13,1621,1784808132.105266,8,0.019618988037109375,0.002452373504638672,True
13,1622,1784808132.1254404,8,0.0193936824798584,0.0024242103099823,True
13,1623,1784808132.1452606,8,0.02070331573486328,0.00258791446685791,True
13,1624,1784808132.16685,8,0.020082950592041016,0.002510368824005127,True
13,1625,1784808132.187327,8,0.021292686462402344,0.002661585807800293,True
13,1626,1784808132.2091923,8,0.021218538284301758,0.0026523172855377197,True
13,1627,1784808132.2308834,8,0.01912379264831543,0.0023904740810394287,True
13,1628,1784808132.2508907,8,0.021735191345214844,0.0027168989181518555,True
13,1629,1784808132.2737257,8,0.022467374801635742,0.0028084218502044678,True
13,1630,1784808132.2966392,8,0.018899917602539062,0.002362489700317383,True
13,1631,1784808132.3160543,8,0.019282817840576172,0.0024103522300720215,True
13,1632,1784808132.3356209,8,0.021787643432617188,0.0027234554290771484,True
13,1633,1784808132.3577511,8,0.020081281661987305,0.002510160207748413,True
13,1634,1784808132.378164,8,0.021677255630493164,0.0027096569538116455,True
13,1635,1784808132.4002388,8,0.02109837532043457,0.0026372969150543213,True
13,1636,1784808132.422779,8,0.0212404727935791,0.0026550590991973877,True
13,1637,1784808132.444432,8,0.019760847091674805,0.0024701058864593506,True
13,1638,1784808132.4648914,8,0.020684480667114258,0.0025855600833892822,True
13,1639,1784808132.4860172,8,0.022938013076782227,0.0028672516345977783,True
13,1640,1784808132.5095303,8,0.01854705810546875,0.0023183822631835938,True
13,1641,1784808132.529462,8,0.020101308822631836,0.0025126636028289795,True
13,1642,1784808132.5499122,8,0.020030736923217773,0.0025038421154022217,True
13,1643,1784808132.5703228,8,0.01861405372619629,0.002326756715774536,True
13,1644,1784808132.5892546,8,0.01935744285583496,0.00241968035697937,True
13,1645,1784808132.6092288,8,0.0205690860748291,0.0025711357593536377,True
13,1646,1784808132.630295,8,0.022580385208129883,0.0028225481510162354,True
13,1647,1784808132.6537716,8,0.019161701202392578,0.0023952126502990723,True
13,1648,1784808132.6737492,8,0.019368886947631836,0.0024211108684539795,True
13,1649,1784808132.693923,8,0.021777629852294922,0.0027222037315368652,True
13,1650,1784808132.7159944,8,0.019736051559448242,0.0024670064449310303,True
13,1651,1784808132.7361004,8,0.020772218704223633,0.002596527338027954,True
13,1652,1784808132.7572396,8,0.01988697052001953,0.0024858713150024414,True
13,1653,1784808132.777626,8,0.017718076705932617,0.002214759588241577,True
13,1654,1784808132.7956693,8,0.019005298614501953,0.002375662326812744,True
13,1655,1784808132.815237,8,0.021027803421020508,0.0026284754276275635,True
13,1656,1784808132.8365347,8,0.020386457443237305,0.002548307180404663,True
13,1657,1784808132.8573565,8,0.01949167251586914,0.0024364590644836426,True
13,1658,1784808132.8772492,8,0.020218372344970703,0.002527296543121338,True
13,1659,1784808132.8977864,8,0.020639657974243164,0.0025799572467803955,True
13,1660,1784808132.9187803,8,0.019624710083007812,0.0024530887603759766,True
13,1661,1784808132.9388037,8,0.019821882247924805,0.0024777352809906006,True
13,1662,1784808132.9589155,8,0.019731998443603516,0.0024664998054504395,True
13,1663,1784808132.9793465,8,0.020230770111083984,0.002528846263885498,True
13,1664,1784808132.9999,8,0.01955866813659668,0.002444833517074585,True
13,1665,1784808133.0197344,8,0.01989150047302246,0.0024864375591278076,True
13,1666,1784808133.0401254,8,0.019614458084106445,0.0024518072605133057,True
13,1667,1784808133.0600948,8,0.02110147476196289,0.0026376843452453613,True
13,1668,1784808133.0817723,8,0.01898336410522461,0.002372920513153076,True
13,1669,1784808133.101184,8,0.018464326858520508,0.0023080408573150635,True
13,1670,1784808133.1199682,8,0.01987910270690918,0.0024848878383636475,True
13,1671,1784808133.1401703,8,0.020865917205810547,0.0026082396507263184,True
13,1672,1784808133.1613507,8,0.020778656005859375,0.002597332000732422,True
13,1673,1784808133.1834042,8,0.020284414291381836,0.0025355517864227295,True
13,1674,1784808133.2040575,8,0.019075632095336914,0.0023844540119171143,True
13,1675,1784808133.2238061,8,0.02156662940979004,0.002695828676223755,True
13,1676,1784808133.2456734,8,0.021436214447021484,0.0026795268058776855,True
13,1677,1784808133.2674475,8,0.018504858016967773,0.0023131072521209717,True
13,1678,1784808133.28671,8,0.019436359405517578,0.0024295449256896973,True
13,1679,1784808133.306527,8,0.02015066146850586,0.0025188326835632324,True
13,1680,1784808133.3272753,8,0.01954174041748047,0.0024427175521850586,True
13,1681,1784808133.3473065,8,0.019853830337524414,0.0024817287921905518,True
13,1682,1784808133.3685932,8,0.020931482315063477,0.0026164352893829346,True
13,1683,1784808133.3899279,8,0.020519018173217773,0.0025648772716522217,True
13,1684,1784808133.4110014,8,0.021121501922607422,0.0026401877403259277,True
13,1685,1784808133.4324932,8,0.0191347599029541,0.0023918449878692627,True
13,1686,1784808133.4520826,8,0.01887226104736328,0.00235903263092041,True
13,1687,1784808133.4713967,8,0.01945781707763672,0.00243222713470459,True
13,1688,1784808133.4914222,8,0.020296812057495117,0.0025371015071868896,True
13,1689,1784808133.5121753,8,0.01866888999938965,0.002333611249923706,True
13,1690,1784808133.531581,8,0.019622802734375,0.002452850341796875,True
13,1691,1784808133.5514803,8,0.020857572555541992,0.002607196569442749,True
13,1692,1784808133.5728097,8,0.018860816955566406,0.0023576021194458008,True
13,1693,1784808133.5921023,8,0.020682811737060547,0.0025853514671325684,True
13,1694,1784808133.6131725,8,0.020867347717285156,0.0026084184646606445,True
13,1695,1784808133.634539,8,0.022525548934936523,0.0028156936168670654,True
13,1696,1784808133.6577718,8,0.01624155044555664,0.00203019380569458,True
13,1697,1784808133.6744893,8,0.01986241340637207,0.002482801675796509,True
13,1698,1784808133.6948807,8,0.020888805389404297,0.002611100673675537,True
13,1699,1784808133.7161233,8,0.02044534683227539,0.002555668354034424,True
13,1700,1784808133.736915,8,0.019604206085205078,0.0024505257606506348,True
13,1701,1784808133.7567937,8,0.02024388313293457,0.0025304853916168213,True
13,1702,1784808133.7773237,8,0.02045154571533203,0.002556443214416504,True
13,1703,1784808133.79815,8,0.020400047302246094,0.0025500059127807617,True
13,1704,1784808133.8190706,8,0.01932215690612793,0.002415269613265991,True
13,1705,1784808133.8386517,8,0.020741701126098633,0.002592712640762329,True
13,1706,1784808133.8598025,8,0.0203096866607666,0.002538710832595825,True
13,1707,1784808133.8804615,8,0.019631624221801758,0.0024539530277252197,True
13,1708,1784808133.9004219,8,0.020328760147094727,0.002541095018386841,True
13,1709,1784808133.9210556,8,0.0200350284576416,0.0025043785572052,True
13,1710,1784808133.9413998,8,0.02083110809326172,0.002603888511657715,True
13,1711,1784808133.9626958,8,0.019129514694213867,0.0023911893367767334,True
13,1712,1784808133.9821837,8,0.019727706909179688,0.002465963363647461,True
13,1713,1784808134.0022306,8,0.021984100341796875,0.0027480125427246094,True
13,1714,1784808134.0246246,8,0.01765131950378418,0.0022064149379730225,True
13,1715,1784808134.0426996,8,0.020226240158081055,0.002528280019760132,True
13,1716,1784808134.0632257,8,0.02101612091064453,0.0026270151138305664,True
13,1717,1784808134.0845096,8,0.02060675621032715,0.0025758445262908936,True
13,1718,1784808134.1053884,8,0.020131826400756836,0.0025164783000946045,True
13,1719,1784808134.1258554,8,0.019489765167236328,0.002436220645904541,True
13,1720,1784808134.1456351,8,0.020259380340576172,0.0025324225425720215,True
13,1721,1784808134.1662903,8,0.021279335021972656,0.002659916877746582,True
13,1722,1784808134.1879663,8,0.018937110900878906,0.0023671388626098633,True
13,1723,1784808134.2073035,8,0.024560213088989258,0.0030700266361236572,True
13,1724,1784808134.2330976,8,0.020806074142456055,0.002600759267807007,True
13,1725,1784808134.2541716,8,0.020356416702270508,0.0025445520877838135,True
13,1726,1784808134.2753549,8,0.01852130889892578,0.0023151636123657227,True
13,1727,1784808134.2942934,8,0.01996588706970215,0.0024957358837127686,True
13,1728,1784808134.31467,8,0.020346641540527344,0.002543330192565918,True
13,1729,1784808134.3356698,8,0.018975496292114258,0.0023719370365142822,True
13,1730,1784808134.3549495,8,0.019186019897460938,0.002398252487182617,True
13,1731,1784808134.3744729,8,0.019800186157226562,0.0024750232696533203,True
13,1732,1784808134.3948495,8,0.020193099975585938,0.002524137496948242,True
13,1733,1784808134.416161,8,0.01970386505126953,0.0024629831314086914,True
13,1734,1784808134.436416,8,0.020998716354370117,0.0026248395442962646,True
13,1735,1784808134.4577162,8,0.02052593231201172,0.002565741539001465,True
13,1736,1784808134.478558,8,0.020328760147094727,0.002541095018386841,True
13,1737,1784808134.5000021,8,0.021146774291992188,0.0026433467864990234,True
13,1738,1784808134.5217543,8,0.020918846130371094,0.0026148557662963867,True
13,1739,1784808134.5441072,8,0.02246689796447754,0.0028083622455596924,True
13,1740,1784808134.567316,8,0.018914461135864258,0.0023643076419830322,True
13,1741,1784808134.586507,8,0.019484519958496094,0.0024355649948120117,True
13,1742,1784808134.6062834,8,0.020922422409057617,0.002615302801132202,True
13,1743,1784808134.627489,8,0.020861387252807617,0.002607673406600952,True
13,1744,1784808134.6487765,8,0.019980907440185547,0.0024976134300231934,True
13,1745,1784808134.6690993,8,0.019621849060058594,0.0024527311325073242,True
13,1746,1784808134.6890028,8,0.020763397216796875,0.0025954246520996094,True
13,1747,1784808134.7104309,8,0.018380165100097656,0.002297520637512207,True
13,1748,1784808134.7291796,8,0.021927595138549805,0.0027409493923187256,True
13,1749,1784808134.751446,8,0.019598007202148438,0.0024497509002685547,True
13,1750,1784808134.771639,8,0.02034163475036621,0.0025427043437957764,True
13,1751,1784808134.7923434,8,0.02327895164489746,0.0029098689556121826,True
13,1752,1784808134.8159263,8,0.019434690475463867,0.0024293363094329834,True
13,1753,1784808134.835784,8,0.021048784255981445,0.0026310980319976807,True
13,1754,1784808134.857317,8,0.019628524780273438,0.0024535655975341797,True
13,1755,1784808134.8774674,8,0.018769264221191406,0.0023461580276489258,True
13,1756,1784808134.8967025,8,0.01954364776611328,0.00244295597076416,True
13,1757,1784808134.9165392,8,0.020898103713989258,0.0026122629642486572,True
13,1758,1784808134.9377024,8,0.02090001106262207,0.002612501382827759,True
13,1759,1784808134.9590368,8,0.01943802833557129,0.002429753541946411,True
13,1760,1784808134.9787896,8,0.021432876586914062,0.002679109573364258,True
13,1761,1784808135.0005977,8,0.020083904266357422,0.0025104880332946777,True
13,1762,1784808135.0210662,8,0.01967000961303711,0.0024587512016296387,True
13,1763,1784808135.0412521,8,0.019244670867919922,0.0024055838584899902,True
13,1764,1784808135.0608845,8,0.020330190658569336,0.002541273832321167,True
13,1765,1784808135.081519,8,0.019937515258789062,0.002492189407348633,True
13,1766,1784808135.101786,8,0.018079280853271484,0.0022599101066589355,True
13,1767,1784808135.1203191,8,0.020272016525268555,0.0025340020656585693,True
13,1768,1784808135.1409287,8,0.019939899444580078,0.0024924874305725098,True
13,1769,1784808135.1612058,8,0.019162654876708984,0.002395331859588623,True
13,1770,1784808135.1806924,8,0.019266366958618164,0.0024082958698272705,True
13,1771,1784808135.200333,8,0.018481016159057617,0.002310127019882202,True
13,1772,1784808135.2203617,8,0.01941680908203125,0.0024271011352539062,True
13,1773,1784808135.2402432,8,0.019251346588134766,0.0024064183235168457,True
13,1774,1784808135.2599056,8,0.019822359085083008,0.002477794885635376,True
13,1775,1784808135.280115,8,0.01824784278869629,0.002280980348587036,True
13,1776,1784808135.2988613,8,0.02092289924621582,0.0026153624057769775,True
13,1777,1784808135.3203402,8,0.019406557083129883,0.0024258196353912354,True
13,1778,1784808135.3403792,8,0.019142866134643555,0.0023928582668304443,True
13,1779,1784808135.3602638,8,0.01836681365966797,0.002295851707458496,True
13,1780,1784808135.3792799,8,0.022110939025878906,0.0027638673782348633,True
13,1781,1784808135.401861,8,0.01865839958190918,0.0023322999477386475,True
13,1782,1784808135.4209616,8,0.020616531372070312,0.002577066421508789,True
13,1783,1784808135.4421084,8,0.02082657814025879,0.0026033222675323486,True
13,1784,1784808135.4632375,8,0.019261837005615234,0.0024077296257019043,True
13,1785,1784808135.4829125,8,0.020908117294311523,0.0026135146617889404,True
13,1786,1784808135.5042574,8,0.019588470458984375,0.002448558807373047,True
13,1787,1784808135.5242085,8,0.019802570343017578,0.0024753212928771973,True
13,1788,1784808135.5444186,8,0.01854562759399414,0.0023182034492492676,True
13,1789,1784808135.5633526,8,0.020264148712158203,0.0025330185890197754,True
13,1790,1784808135.5839849,8,0.018697500228881836,0.0023371875286102295,True
13,1791,1784808135.603091,8,0.020238637924194336,0.002529829740524292,True
13,1792,1784808135.623612,8,0.021730422973632812,0.0027163028717041016,True
13,1793,1784808135.645975,8,0.018897294998168945,0.002362161874771118,True
13,1794,1784808135.665215,8,0.020247697830200195,0.0025309622287750244,True
13,1795,1784808135.6857638,8,0.021022796630859375,0.002627849578857422,True
13,1796,1784808135.707159,8,0.018915891647338867,0.0023644864559173584,True
13,1797,1784808135.7264476,8,0.02005290985107422,0.0025066137313842773,True
13,1798,1784808135.746799,8,0.020795106887817383,0.002599388360977173,True
13,1799,1784808135.7681243,8,0.019563913345336914,0.0024454891681671143,True
13,1800,1784808135.788095,8,0.02123260498046875,0.0026540756225585938,True
13,1801,1784808135.8096523,8,0.019791841506958008,0.002473980188369751,True
13,1802,1784808135.8297129,8,0.019004106521606445,0.0023755133152008057,True
13,1803,1784808135.8491096,8,0.019898176193237305,0.002487272024154663,True
13,1804,1784808135.869399,8,0.021184921264648438,0.0026481151580810547,True
13,1805,1784808135.890955,8,0.01896047592163086,0.0023700594902038574,True
13,1806,1784808135.910733,8,0.020412445068359375,0.002551555633544922,True
13,1807,1784808135.9316344,8,0.02028822898864746,0.0025360286235809326,True
13,1808,1784808135.9531753,8,0.022537708282470703,0.002817213535308838,True
13,1809,1784808135.9765255,8,0.019748687744140625,0.002468585968017578,True
13,1810,1784808135.9965794,8,0.0200808048248291,0.0025101006031036377,True
13,1811,1784808136.0169923,8,0.019538402557373047,0.002442300319671631,True
13,1812,1784808136.03684,8,0.019644498825073242,0.0024555623531341553,True
13,1813,1784808136.0568805,8,0.020697355270385742,0.0025871694087982178,True
13,1814,1784808136.0778854,8,0.018801450729370117,0.0023501813411712646,True
13,1815,1784808136.0969694,8,0.019355058670043945,0.002419382333755493,True
13,1816,1784808136.1166236,8,0.02130270004272461,0.002662837505340576,True
13,1817,1784808136.138305,8,0.020697355270385742,0.0025871694087982178,True
13,1818,1784808136.159529,8,0.02072453498840332,0.002590566873550415,True
13,1819,1784808136.1807377,8,0.018805980682373047,0.002350747585296631,True
13,1820,1784808136.20007,8,0.020191669464111328,0.002523958683013916,True
13,1821,1784808136.2206225,8,0.02136826515197754,0.0026710331439971924,True
13,1822,1784808136.2424746,8,0.01795196533203125,0.0022439956665039062,True
13,1823,1784808136.2608004,8,0.020360231399536133,0.0025450289249420166,True
13,1824,1784808136.2814517,8,0.019246578216552734,0.002405822277069092,True
13,1825,1784808136.3011775,8,0.018567800521850586,0.0023209750652313232,True
13,1826,1784808136.3201628,8,0.021356821060180664,0.002669602632522583,True
13,1827,1784808136.3418584,8,0.020070314407348633,0.002508789300918579,True
13,1828,1784808136.362375,8,0.02049851417541504,0.00256231427192688,True
13,1829,1784808136.383852,8,0.02136683464050293,0.002670854330062866,True
13,1830,1784808136.4055827,8,0.01974034309387207,0.002467542886734009,True
13,1831,1784808136.425782,8,0.01919388771057129,0.002399235963821411,True
13,1832,1784808136.445333,8,0.020813703536987305,0.002601712942123413,True
13,1833,1784808136.4666882,8,0.020586490631103516,0.0025733113288879395,True
13,1834,1784808136.4876287,8,0.019956111907958984,0.002494513988494873,True
13,1835,1784808136.508125,8,0.021338462829589844,0.0026673078536987305,True
13,1836,1784808136.5299287,8,0.01930522918701172,0.002413153648376465,True
13,1837,1784808136.5495481,8,0.018612146377563477,0.0023265182971954346,True
13,1838,1784808136.5684865,8,0.021353960037231445,0.0026692450046539307,True
13,1839,1784808136.590233,8,0.02237415313720703,0.002796769142150879,True
13,1840,1784808136.612978,8,0.01905965805053711,0.0023824572563171387,True
13,1841,1784808136.6324294,8,0.019549846649169922,0.0024437308311462402,True
13,1842,1784808136.652279,8,0.020015716552734375,0.002501964569091797,True
13,1843,1784808136.672568,8,0.01977705955505371,0.002472132444381714,True
13,1844,1784808136.6926498,8,0.01887655258178711,0.0023595690727233887,True
13,1845,1784808136.7118094,8,0.021149158477783203,0.0026436448097229004,True
13,1846,1784808136.733412,8,0.019388437271118164,0.0024235546588897705,True
13,1847,1784808136.7532725,8,0.01989912986755371,0.002487391233444214,True
13,1848,1784808136.7735784,8,0.020911693572998047,0.002613961696624756,True
13,1849,1784808136.7948918,8,0.02066493034362793,0.002583116292953491,True
13,1850,1784808136.8160765,8,0.019226789474487305,0.002403348684310913,True
13,1851,1784808136.8358707,8,0.018907785415649414,0.0023634731769561768,True
13,1852,1784808136.8552203,8,0.01895904541015625,0.0023698806762695312,True
13,1853,1784808136.875444,8,0.019856929779052734,0.002482116222381592,True
13,1854,1784808136.895854,8,0.019992589950561523,0.0024990737438201904,True
13,1855,1784808136.9163113,8,0.019670963287353516,0.0024588704109191895,True
13,1856,1784808136.9363823,8,0.01911139488220215,0.0023889243602752686,True
13,1857,1784808136.9558377,8,0.02399611473083496,0.00299951434135437,True
13,1858,1784808136.98113,8,0.019545555114746094,0.0024431943893432617,True
13,1859,1784808137.0011008,8,0.018821001052856445,0.0023526251316070557,True
13,1860,1784808137.0203147,8,0.020859479904174805,0.0026074349880218506,True
13,1861,1784808137.0415013,8,0.02175307273864746,0.0027191340923309326,True
13,1862,1784808137.0636017,8,0.0187227725982666,0.002340346574783325,True
13,1863,1784808137.0827456,8,0.02259039878845215,0.0028237998485565186,True
13,1864,1784808137.1059496,8,0.018718957901000977,0.002339869737625122,True
13,1865,1784808137.125055,8,0.0225069522857666,0.002813369035720825,True
13,1866,1784808137.1484165,8,0.017696857452392578,0.0022121071815490723,True
13,1867,1784808137.1672242,8,0.02056121826171875,0.0025701522827148438,True
13,1868,1784808137.1883855,8,0.019184589385986328,0.002398073673248291,True
13,1869,1784808137.2082098,8,0.020858049392700195,0.0026072561740875244,True
13,1870,1784808137.2296093,8,0.02046656608581543,0.0025583207607269287,True
13,1871,1784808137.2504206,8,0.021744251251220703,0.002718031406402588,True
13,1872,1784808137.272484,8,0.020030498504638672,0.002503812313079834,True
13,1873,1784808137.2929168,8,0.021813392639160156,0.0027266740798950195,True
13,1874,1784808137.315098,8,0.020049333572387695,0.002506166696548462,True
13,1875,1784808137.335489,8,0.022840261459350586,0.0028550326824188232,True
13,1876,1784808137.3586993,8,0.017896652221679688,0.002237081527709961,True
13,1877,1784808137.3774247,8,0.021779298782348633,0.002722412347793579,True
13,1878,1784808137.399672,8,0.022173404693603516,0.0027716755867004395,True
13,1879,1784808137.422184,8,0.01823282241821289,0.0022791028022766113,True
13,1880,1784808137.4409695,8,0.019669055938720703,0.002458631992340088,True
13,1881,1784808137.46111,8,0.019728899002075195,0.0024661123752593994,True
13,1882,1784808137.481259,8,0.02031111717224121,0.0025388896465301514,True
13,1883,1784808137.5020063,8,0.021116971969604492,0.0026396214962005615,True
13,1884,1784808137.523637,8,0.01747298240661621,0.0021841228008270264,True
13,1885,1784808137.5414782,8,0.021441936492919922,0.0026802420616149902,True
13,1886,1784808137.5633817,8,0.018631696701049805,0.0023289620876312256,True
13,1887,1784808137.582402,8,0.020358562469482422,0.0025448203086853027,True
13,1888,1784808137.6032224,8,0.02013087272644043,0.0025163590908050537,True
13,1889,1784808137.6237898,8,0.01987314224243164,0.002484142780303955,True
13,1890,1784808137.644128,8,0.02130603790283203,0.002663254737854004,True
13,1891,1784808137.665766,8,0.02022385597229004,0.002527981996536255,True
13,1892,1784808137.6865666,8,0.019891738891601562,0.0024864673614501953,True
13,1893,1784808137.7067482,8,0.020046472549438477,0.0025058090686798096,True
13,1894,1784808137.727234,8,0.023540735244750977,0.002942591905593872,True
13,1895,1784808137.7517388,8,0.01834845542907715,0.0022935569286346436,True
13,1896,1784808137.770512,8,0.019607067108154297,0.002450883388519287,True
13,1897,1784808137.791016,8,0.01868128776550293,0.002335160970687866,True
13,1898,1784808137.8099952,8,0.01945805549621582,0.0024322569370269775,True
13,1899,1784808137.8302896,8,0.019725322723388672,0.002465665340423584,True
13,1900,1784808137.850967,8,0.019181013107299805,0.0023976266384124756,True
13,1901,1784808137.870761,8,0.022177934646606445,0.0027722418308258057,True
13,1902,1784808137.8933434,8,0.020740032196044922,0.0025925040245056152,True
13,1903,1784808137.9144442,8,0.019617557525634766,0.0024521946907043457,True
13,1904,1784808137.9343736,8,0.01970982551574707,0.002463728189468384,True
13,1905,1784808137.9543626,8,0.01967906951904297,0.002459883689880371,True
13,1906,1784808137.9744997,8,0.020843029022216797,0.0026053786277770996,True
13,1907,1784808137.9956226,8,0.020544052124023438,0.0025680065155029297,True
13,1908,1784808138.016537,8,0.01968550682067871,0.002460688352584839,True
13,1909,1784808138.0365593,8,0.01885247230529785,0.0023565590381622314,True
13,1910,1784808138.0557852,8,0.019645214080810547,0.0024556517601013184,True
13,1911,1784808138.0757413,8,0.019414424896240234,0.0024268031120300293,True
13,1912,1784808138.0955403,8,0.019992351531982422,0.0024990439414978027,True
13,1913,1784808138.1159456,8,0.021183013916015625,0.002647876739501953,True
13,1914,1784808138.137847,8,0.01869654655456543,0.0023370683193206787,True
13,1915,1784808138.1570363,8,0.019898414611816406,0.0024873018264770508,True
13,1916,1784808138.177299,8,0.020189523696899414,0.0025236904621124268,True
13,1917,1784808138.1978557,8,0.019629240036010742,0.0024536550045013428,True
13,1918,1784808138.2177658,8,0.019931316375732422,0.0024914145469665527,True
13,1919,1784808138.2380447,8,0.019423484802246094,0.0024279356002807617,True
13,1920,1784808138.2578046,8,0.021242618560791016,0.002655327320098877,True
13,1921,1784808138.279631,8,0.019984960556030273,0.002498120069503784,True
13,1922,1784808138.3010705,8,0.02011871337890625,0.0025148391723632812,True
13,1923,1784808138.3221767,8,0.019134998321533203,0.0023918747901916504,True
13,1924,1784808138.34165,8,0.021808147430419922,0.0027260184288024902,True
13,1925,1784808138.363723,8,0.0190889835357666,0.002386122941970825,True
13,1926,1784808138.3831296,8,0.0213625431060791,0.0026703178882598877,True
13,1927,1784808138.4048548,8,0.021054744720458984,0.002631843090057373,True
13,1928,1784808138.4263432,8,0.018797874450683594,0.0023497343063354492,True
13,1929,1784808138.4455895,8,0.02028822898864746,0.0025360286235809326,True
13,1930,1784808138.4661982,8,0.019866466522216797,0.0024833083152770996,True
13,1931,1784808138.4864192,8,0.021892309188842773,0.0027365386486053467,True
13,1932,1784808138.5086162,8,0.018779993057250977,0.002347499132156372,True
13,1933,1784808138.5277264,8,0.019184350967407227,0.0023980438709259033,True
13,1934,1784808138.547252,8,0.021486759185791016,0.002685844898223877,True
13,1935,1784808138.5690134,8,0.020682811737060547,0.0025853514671325684,True
13,1936,1784808138.589991,8,0.02041459083557129,0.002551823854446411,True
13,1937,1784808138.610698,8,0.01981067657470703,0.002476334571838379,True
13,1938,1784808138.6307764,8,0.021185636520385742,0.0026482045650482178,True
13,1939,1784808138.6525626,8,0.020191669464111328,0.002523958683013916,True
13,1940,1784808138.673422,8,0.02116703987121582,0.0026458799839019775,True
13,1941,1784808138.6950026,8,0.020512104034423828,0.0025640130043029785,True
13,1942,1784808138.7159877,8,0.01983165740966797,0.002478957176208496,True
13,1943,1784808138.736164,8,0.022222280502319336,0.002777785062789917,True
13,1944,1784808138.7588394,8,0.021257877349853516,0.0026572346687316895,True
13,1945,1784808138.7806637,8,0.019944429397583008,0.002493053674697876,True
13,1946,1784808138.8012137,8,0.01997065544128418,0.0024963319301605225,True
13,1947,1784808138.821496,8,0.019387483596801758,0.0024234354496002197,True
13,1948,1784808138.8412776,8,0.019042491912841797,0.0023803114891052246,True
13,1949,1784808138.8606462,8,0.021218538284301758,0.0026523172855377197,True
13,1950,1784808138.8822813,8,0.021945953369140625,0.002743244171142578,True
13,1951,1784808138.9046426,8,0.01936173439025879,0.0024202167987823486,True
13,1952,1784808138.924344,8,0.019540786743164062,0.002442598342895508,True
13,1953,1784808138.9442296,8,0.0216829776763916,0.00271037220954895,True
13,1954,1784808138.966266,8,0.020891904830932617,0.002611488103866577,True
13,1955,1784808138.987457,8,0.022826194763183594,0.0028532743453979492,True
13,1956,1784808139.0106611,8,0.020317792892456055,0.002539724111557007,True
13,1957,1784808139.0313473,8,0.020498037338256836,0.0025622546672821045,True
13,1958,1784808139.0522974,8,0.01884627342224121,0.0023557841777801514,True
13,1959,1784808139.0714388,8,0.021127939224243164,0.0026409924030303955,True
13,1960,1784808139.0934665,8,0.01945948600769043,0.0024324357509613037,True
13,1961,1784808139.1134074,8,0.020913362503051758,0.0026141703128814697,True
13,1962,1784808139.1346505,8,0.02017807960510254,0.0025222599506378174,True
13,1963,1784808139.1555626,8,0.020239830017089844,0.0025299787521362305,True
13,1964,1784808139.1761532,8,0.02030634880065918,0.0025382936000823975,True
13,1965,1784808139.1967533,8,0.019293546676635742,0.0024116933345794678,True
13,1966,1784808139.2163672,8,0.018816232681274414,0.0023520290851593018,True
13,1967,1784808139.2359676,8,0.023049354553222656,0.002881169319152832,True
13,1968,1784808139.2593563,8,0.020085573196411133,0.0025106966495513916,True
13,1969,1784808139.279882,8,0.021570444107055664,0.002696305513381958,True
13,1970,1784808139.301799,8,0.018450498580932617,0.002306312322616577,True
13,1971,1784808139.3205626,8,0.021908283233642578,0.0027385354042053223,True
13,1972,1784808139.3428476,8,0.0185089111328125,0.0023136138916015625,True
13,1973,1784808139.3617377,8,0.02039194107055664,0.00254899263381958,True
13,1974,1784808139.3828423,8,0.02102351188659668,0.002627938985824585,True
13,1975,1784808139.4043334,8,0.021089553833007812,0.0026361942291259766,True
13,1976,1784808139.4260933,8,0.01949286460876465,0.002436608076095581,True
13,1977,1784808139.446074,8,0.021333694458007812,0.0026667118072509766,True
13,1978,1784808139.4680011,8,0.020606517791748047,0.002575814723968506,True
13,1979,1784808139.4890683,8,0.02182292938232422,0.0027278661727905273,True
13,1980,1784808139.5113175,8,0.020177841186523438,0.0025222301483154297,True
13,1981,1784808139.5327494,8,0.01822972297668457,0.0022787153720855713,True
13,1982,1784808139.5515058,8,0.021285057067871094,0.0026606321334838867,True
13,1983,1784808139.5732667,8,0.019296646118164062,0.002412080764770508,True
13,1984,1784808139.5939884,8,0.019919633865356445,0.0024899542331695557,True
13,1985,1784808139.6148624,8,0.019687414169311523,0.0024609267711639404,True
13,1986,1784808139.6354988,8,0.0198976993560791,0.0024872124195098877,True
13,1987,1784808139.6559107,8,0.01953291893005371,0.002441614866256714,True
13,1988,1784808139.675832,8,0.021020889282226562,0.0026276111602783203,True
13,1989,1784808139.6972628,8,0.019141197204589844,0.0023926496505737305,True
13,1990,1784808139.7168455,8,0.019343852996826172,0.0024179816246032715,True
13,1991,1784808139.7364948,8,0.0223691463470459,0.0027961432933807373,True
13,1992,1784808139.75924,8,0.01999497413635254,0.0024993717670440674,True
13,1993,1784808139.7795665,8,0.01880931854248047,0.0023511648178100586,True
13,1994,1784808139.798753,8,0.021070480346679688,0.002633810043334961,True
13,1995,1784808139.820177,8,0.020455360412597656,0.002556920051574707,True
13,1996,1784808139.840967,8,0.019430160522460938,0.002428770065307617,True
13,1997,1784808139.860793,8,0.0198667049407959,0.0024833381175994873,True
13,1998,1784808139.8820887,8,0.022230863571166992,0.002778857946395874,True
13,1999,1784808139.9045937,8,0.017467260360717773,0.0021834075450897217,True
13,2000,1784808139.9223864,8,0.020457029342651367,0.002557128667831421,True
13,2001,1784808139.9435813,8,0.020261287689208984,0.002532660961151123,True
13,2002,1784808139.9643836,8,0.020038366317749023,0.002504795789718628,True
13,2003,1784808139.9851391,8,0.01990652084350586,0.0024883151054382324,True
13,2004,1784808140.0053978,8,0.019534587860107422,0.0024418234825134277,True
13,2005,1784808140.0253325,8,0.020731210708618164,0.0025914013385772705,True
13,2006,1784808140.0466962,8,0.01978445053100586,0.0024730563163757324,True
13,2007,1784808140.0667737,8,0.019075632095336914,0.0023844540119171143,True
13,2008,1784808140.086185,8,0.018275022506713867,0.0022843778133392334,True
13,2009,1784808140.104777,8,0.01871490478515625,0.0023393630981445312,True
13,2010,1784808140.1239116,8,0.02019953727722168,0.00252494215965271,True
13,2011,1784808140.1443822,8,0.018800973892211914,0.0023501217365264893,True
13,2012,1784808140.163469,8,0.020287513732910156,0.0025359392166137695,True
13,2013,1784808140.1841793,8,0.02192378044128418,0.0027404725551605225,True
13,2014,1784808140.206414,8,0.019786596298217773,0.0024733245372772217,True
13,2015,1784808140.2265046,8,0.01880812644958496,0.00235101580619812,True
13,2016,1784808140.2460358,8,0.02039623260498047,0.0025495290756225586,True
13,2017,1784808140.266925,8,0.02062201499938965,0.002577751874923706,True
13,2018,1784808140.2879539,8,0.020898103713989258,0.0026122629642486572,True
13,2019,1784808140.3091612,8,0.018985509872436523,0.0023731887340545654,True
13,2020,1784808140.3284862,8,0.020528793334960938,0.002566099166870117,True
13,2021,1784808140.3493898,8,0.019068241119384766,0.0023835301399230957,True
13,2022,1784808140.368889,8,0.019856691360473633,0.002482086420059204,True
13,2023,1784808140.3890803,8,0.020440340042114258,0.0025550425052642822,True
13,2024,1784808140.4098768,8,0.020717382431030273,0.002589672803878784,True
13,2025,1784808140.4309158,8,0.02029252052307129,0.002536565065383911,True
13,2026,1784808140.451482,8,0.019686222076416016,0.002460777759552002,True
13,2027,1784808140.471588,8,0.019980192184448242,0.0024975240230560303,True
13,2028,1784808140.4918458,8,0.02086019515991211,0.0026075243949890137,True
13,2029,1784808140.5131204,8,0.02042675018310547,0.0025533437728881836,True
13,2030,1784808140.5338137,8,0.019978761672973633,0.002497345209121704,True
13,2031,1784808140.554117,8,0.01956796646118164,0.002445995807647705,True
13,2032,1784808140.5740743,8,0.019437551498413086,0.0024296939373016357,True
13,2033,1784808140.5937886,8,0.02062678337097168,0.00257834792137146,True
13,2034,1784808140.6147695,8,0.019882917404174805,0.0024853646755218506,True
13,2035,1784808140.634927,8,0.019604921340942383,0.002450615167617798,True
13,2036,1784808140.6547952,8,0.020815372467041016,0.002601921558380127,True
13,2037,1784808140.6758916,8,0.01906585693359375,0.0023832321166992188,True
13,2038,1784808140.6952543,8,0.018947362899780273,0.002368420362472534,True
13,2039,1784808140.714541,8,0.020377635955810547,0.0025472044944763184,True
13,2040,1784808140.7352312,8,0.02205801010131836,0.002757251262664795,True
13,2041,1784808140.7577126,8,0.021015405654907227,0.0026269257068634033,True
13,2042,1784808140.7790678,8,0.020020484924316406,0.0025025606155395508,True
13,2043,1784808140.8029733,8,0.017766237258911133,0.0022207796573638916,True
13,2044,1784808140.8211224,8,0.020165205001831055,0.002520650625228882,True
13,2045,1784808140.8417103,8,0.017955780029296875,0.0022444725036621094,True
13,2046,1784808140.8602273,8,0.020059585571289062,0.002507448196411133,True
13,2047,1784808140.8806667,8,0.019560813903808594,0.0024451017379760742,True
13,2048,1784808140.9006262,8,0.018859148025512695,0.002357393503189087,True
13,2049,1784808140.9198937,8,0.020032882690429688,0.002504110336303711,True
13,2050,1784808140.9402654,8,0.01954483985900879,0.0024431049823760986,True
13,2051,1784808140.9603655,8,0.02052783966064453,0.0025659799575805664,True
13,2052,1784808140.9813538,8,0.020365238189697266,0.002545654773712158,True
13,2053,1784808141.0026813,8,0.02197885513305664,0.00274735689163208,True
13,2054,1784808141.0250952,8,0.019168853759765625,0.002396106719970703,True
13,2055,1784808141.0446208,8,0.019683361053466797,0.0024604201316833496,True
13,2056,1784808141.0646026,8,0.01934981346130371,0.002418726682662964,True
13,2057,1784808141.0844104,8,0.021849870681762695,0.002731233835220337,True
13,2058,1784808141.10666,8,0.01947760581970215,0.0024347007274627686,True
13,2059,1784808141.1264105,8,0.019912004470825195,0.0024890005588531494,True
13,2060,1784808141.1466122,8,0.019647598266601562,0.0024559497833251953,True
13,2061,1784808141.166537,8,0.02286839485168457,0.0028585493564605713,True
13,2062,1784808141.1897545,8,0.020473241806030273,0.002559155225753784,True
13,2063,1784808141.210574,8,0.020861148834228516,0.0026076436042785645,True
13,2064,1784808141.2319086,8,0.01990222930908203,0.002487778663635254,True
13,2065,1784808141.252167,8,0.020210981369018555,0.0025263726711273193,True
13,2066,1784808141.272866,8,0.02072000503540039,0.002590000629425049,True
13,2067,1784808141.2945921,8,0.018543720245361328,0.002317965030670166,True
13,2068,1784808141.313491,8,0.019733667373657227,0.0024667084217071533,True
13,2069,1784808141.3335936,8,0.020168781280517578,0.0025210976600646973,True
13,2070,1784808141.3541987,8,0.020112276077270508,0.0025140345096588135,True
13,2071,1784808141.3746126,8,0.023306608200073242,0.0029133260250091553,True
13,2072,1784808141.398551,8,0.01872420310974121,0.0023405253887176514,True
13,2073,1784808141.4176495,8,0.0203704833984375,0.0025463104248046875,True
13,2074,1784808141.4385045,8,0.01937580108642578,0.0024219751358032227,True
13,2075,1784808141.45828,8,0.02180337905883789,0.0027254223823547363,True
13,2076,1784808141.480775,8,0.020878314971923828,0.0026097893714904785,True
13,2077,1784808141.5022771,8,0.019108295440673828,0.0023885369300842285,True
13,2078,1784808141.522314,8,0.019481182098388672,0.002435147762298584,True
13,2079,1784808141.5421088,8,0.01935863494873047,0.0024198293685913086,True
13,2080,1784808141.5620508,8,0.020138263702392578,0.0025172829627990723,True
13,2081,1784808141.5825758,8,0.01942896842956543,0.0024286210536956787,True
13,2082,1784808141.6031408,8,0.019056081771850586,0.0023820102214813232,True
13,2083,1784808141.622554,8,0.019147396087646484,0.0023934245109558105,True
13,2084,1784808141.6420197,8,0.02044510841369629,0.002555638551712036,True
13,2085,1784808141.6628227,8,0.019878149032592773,0.0024847686290740967,True
13,2086,1784808141.6834369,8,0.019437313079833984,0.002429664134979248,True
13,2087,1784808141.7033918,8,0.019433259963989258,0.0024291574954986572,True
13,2088,1784808141.7232034,8,0.02044677734375,0.00255584716796875,True
13,2089,1784808141.7442565,8,0.020092248916625977,0.002511531114578247,True
13,2090,1784808141.7646627,8,0.018410444259643555,0.0023013055324554443,True
13,2091,1784808141.7833955,8,0.021043062210083008,0.002630382776260376,True
13,2092,1784808141.8056915,8,0.021970748901367188,0.0027463436126708984,True
13,2093,1784808141.8282902,8,0.0199124813079834,0.002489060163497925,True
13,2094,1784808141.848666,8,0.0198824405670166,0.002485305070877075,True
13,2095,1784808141.868934,8,0.019225597381591797,0.0024031996726989746,True
13,2096,1784808141.8889477,8,0.020246505737304688,0.002530813217163086,True
13,2097,1784808141.909801,8,0.01992964744567871,0.002491205930709839,True
13,2098,1784808141.930152,8,0.02023148536682129,0.002528935670852661,True
13,2099,1784808141.9507632,8,0.018863916397094727,0.002357989549636841,True
13,2100,1784808141.970258,8,0.01957845687866211,0.0024473071098327637,True
13,2101,1784808141.9905183,8,0.020549774169921875,0.0025687217712402344,True
13,2102,1784808142.0115714,8,0.01898956298828125,0.0023736953735351562,True
13,2103,1784808142.0311344,8,0.020407676696777344,0.002550959587097168,True
13,2104,1784808142.0520146,8,0.020075082778930664,0.002509385347366333,True
13,2105,1784808142.0724664,8,0.019964933395385742,0.0024956166744232178,True
13,2106,1784808142.0927474,8,0.01834416389465332,0.002293020486831665,True
13,2107,1784808142.111377,8,0.021867752075195312,0.002733469009399414,True
13,2108,1784808142.1335754,8,0.018934249877929688,0.002366781234741211,True
13,2109,1784808142.152799,8,0.0219113826751709,0.0027389228343963623,True
13,2110,1784808142.1751313,8,0.019741535186767578,0.0024676918983459473,True
13,2111,1784808142.1953878,8,0.01954960823059082,0.0024437010288238525,True
13,2112,1784808142.215329,8,0.020264387130737305,0.002533048391342163,True
13,2113,1784808142.236012,8,0.019650936126708984,0.002456367015838623,True
13,2114,1784808142.2560344,8,0.018702983856201172,0.0023378729820251465,True
13,2115,1784808142.275115,8,0.020271778106689453,0.0025339722633361816,True
13,2116,1784808142.2957425,8,0.021996736526489258,0.0027495920658111572,True
13,2117,1784808142.318464,8,0.018189191818237305,0.002273648977279663,True
13,2118,1784808142.3369782,8,0.018665313720703125,0.0023331642150878906,True
13,2119,1784808142.3561206,8,0.019286155700683594,0.0024107694625854492,True
13,2120,1784808142.375807,8,0.021675586700439453,0.0027094483375549316,True
13,2121,1784808142.3978527,8,0.020064353942871094,0.0025080442428588867,True
13,2122,1784808142.418901,8,0.01991748809814453,0.0024896860122680664,True
13,2123,1784808142.43932,8,0.020420551300048828,0.0025525689125061035,True
13,2124,1784808142.4603379,8,0.0193483829498291,0.0024185478687286377,True
13,2125,1784808142.4804547,8,0.0219571590423584,0.0027446448802948,True
13,2126,1784808142.5027926,8,0.01980137825012207,0.002475172281265259,True
13,2127,1784808142.5228944,8,0.01973557472229004,0.002466946840286255,True
13,2128,1784808142.5429087,8,0.020882844924926758,0.0026103556156158447,True
13,2129,1784808142.5641727,8,0.020267248153686523,0.0025334060192108154,True
13,2130,1784808142.5848556,8,0.018942832946777344,0.002367854118347168,True
13,2131,1784808142.6041737,8,0.019588708877563477,0.0024485886096954346,True
13,2132,1784808142.6240819,8,0.02159714698791504,0.00269964337348938,True
13,2133,1784808142.6459928,8,0.018218517303466797,0.0022773146629333496,True
13,2134,1784808142.6646695,8,0.020260095596313477,0.0025325119495391846,True
13,2135,1784808142.6853106,8,0.020568370819091797,0.0025710463523864746,True
13,2136,1784808142.706344,8,0.01939105987548828,0.002423882484436035,True
13,2137,1784808142.7260747,8,0.018136262893676758,0.0022670328617095947,True
13,2138,1784808142.744666,8,0.0195314884185791,0.0024414360523223877,True
13,2139,1784808142.7645721,8,0.021492719650268555,0.0026865899562835693,True
13,2140,1784808142.786466,8,0.01909947395324707,0.002387434244155884,True
13,2141,1784808142.8058426,8,0.019026756286621094,0.0023783445358276367,True
13,2142,1784808142.8253446,8,0.019075393676757812,0.0023844242095947266,True
13,2143,1784808142.8447661,8,0.020434856414794922,0.0025543570518493652,True
13,2144,1784808142.865524,8,0.02024102210998535,0.002530127763748169,True
13,2145,1784808142.8860686,8,0.019571542739868164,0.0024464428424835205,True
13,2146,1784808142.906081,8,0.022678613662719727,0.002834826707839966,True
13,2147,1784808142.929245,8,0.01762986183166504,0.00220373272895813,True
13,2148,1784808142.9473844,8,0.0213773250579834,0.002672165632247925,True
13,2149,1784808142.969206,8,0.02057623863220215,0.0025720298290252686,True
13,2150,1784808142.99048,8,0.021478891372680664,0.002684861421585083,True
13,2151,1784808143.0122828,8,0.023157119750976562,0.0028946399688720703,True
13,2152,1784808143.0360472,8,0.0199277400970459,0.0024909675121307373,True
13,2153,1784808143.056727,8,0.020929813385009766,0.0026162266731262207,True
13,2154,1784808143.0780413,8,0.02141880989074707,0.002677351236343384,True
13,2155,1784808143.0999558,8,0.020659446716308594,0.0025824308395385742,True
13,2156,1784808143.1211264,8,0.019990205764770508,0.0024987757205963135,True
13,2157,1784808143.1416013,8,0.020066261291503906,0.0025082826614379883,True
13,2158,1784808143.162162,8,0.019652128219604492,0.0024565160274505615,True
13,2159,1784808143.1823335,8,0.020378828048706055,0.002547353506088257,True
13,2160,1784808143.2032485,8,0.01996469497680664,0.00249558687210083,True
13,2161,1784808143.2244897,8,0.019828319549560547,0.0024785399436950684,True
13,2162,1784808143.2447326,8,0.019644975662231445,0.0024556219577789307,True
13,2163,1784808143.2648332,8,0.020441770553588867,0.0025552213191986084,True
13,2164,1784808143.2860508,8,0.019734621047973633,0.002466827630996704,True
13,2165,1784808143.3060622,8,0.021170377731323242,0.0026462972164154053,True
13,2166,1784808143.3275292,8,0.02052760124206543,0.0025659501552581787,True
13,2167,1784808143.3484113,8,0.019347190856933594,0.0024183988571166992,True
13,2168,1784808143.368944,8,0.01866745948791504,0.00233343243598938,True
13,2169,1784808143.3880591,8,0.02101278305053711,0.0026265978813171387,True
13,2170,1784808143.4096007,8,0.0208437442779541,0.0026054680347442627,True
13,2171,1784808143.4308138,8,0.019460678100585938,0.002432584762573242,True
13,2172,1784808143.4514906,8,0.0206301212310791,0.0025787651538848877,True
13,2173,1784808143.472716,8,0.020592927932739258,0.0025741159915924072,True
13,2174,1784808143.4938643,8,0.020883798599243164,0.0026104748249053955,True
13,2175,1784808143.5150433,8,0.021437883377075195,0.0026797354221343994,True
13,2176,1784808143.5368657,8,0.02132105827331543,0.0026651322841644287,True
13,2177,1784808143.558532,8,0.02093338966369629,0.002616673707962036,True
13,2178,1784808143.5798588,8,0.018589496612548828,0.0023236870765686035,True
13,2179,1784808143.5987093,8,0.020024538040161133,0.0025030672550201416,True
13,2180,1784808143.619059,8,0.020058155059814453,0.0025072693824768066,True
13,2181,1784808143.6394572,8,0.020633459091186523,0.0025791823863983154,True
13,2182,1784808143.6604388,8,0.02122211456298828,0.002652764320373535,True
13,2183,1784808143.6819718,8,0.020535707473754883,0.0025669634342193604,True
13,2184,1784808143.7028306,8,0.019638776779174805,0.0024548470973968506,True
13,2185,1784808143.7228847,8,0.02129817008972168,0.00266227126121521,True
13,2186,1784808143.7447562,8,0.021250009536743164,0.0026562511920928955,True
13,2187,1784808143.7666676,8,0.018457412719726562,0.0023071765899658203,True
13,2188,1784808143.7855825,8,0.019597291946411133,0.0024496614933013916,True
13,2189,1784808143.8055756,8,0.021185874938964844,0.0026482343673706055,True
13,2190,1784808143.8271124,8,0.020569324493408203,0.0025711655616760254,True
13,2191,1784808143.847998,8,0.020066022872924805,0.0025082528591156006,True
13,2192,1784808143.8683808,8,0.020525455474853516,0.0025656819343566895,True
13,2193,1784808143.8893044,8,0.019653797149658203,0.0024567246437072754,True
13,2194,1784808143.9095633,8,0.020138025283813477,0.0025172531604766846,True
13,2195,1784808143.9302104,8,0.01986408233642578,0.0024830102920532227,True
13,2196,1784808143.9504647,8,0.01953721046447754,0.0024421513080596924,True
13,2197,1784808143.971275,8,0.01878213882446289,0.0023477673530578613,True
13,2198,1784808143.990431,8,0.020067930221557617,0.002508491277694702,True
13,2199,1784808144.011073,8,0.019805908203125,0.002475738525390625,True
13,2200,1784808144.0312097,8,0.02117633819580078,0.0026470422744750977,True
13,2201,1784808144.0530667,8,0.01934647560119629,0.002418309450149536,True
13,2202,1784808144.0727544,8,0.020312786102294922,0.0025390982627868652,True
13,2203,1784808144.093406,8,0.023810386657714844,0.0029762983322143555,True
13,2204,1784808144.117491,8,0.020646333694458008,0.002580791711807251,True
13,2205,1784808144.1386614,8,0.02191901206970215,0.0027398765087127686,True
13,2206,1784808144.1610205,8,0.020159482955932617,0.002519935369491577,True
13,2207,1784808144.1815603,8,0.020340681076049805,0.0025425851345062256,True
13,2208,1784808144.2024183,8,0.018863201141357422,0.0023579001426696777,True
13,2209,1784808144.2215776,8,0.02033376693725586,0.0025417208671569824,True
13,2210,1784808144.2423334,8,0.019105195999145508,0.0023881494998931885,True
13,2211,1784808144.2618568,8,0.019827604293823242,0.0024784505367279053,True
13,2212,1784808144.2820926,8,0.02056884765625,0.00257110595703125,True
13,2213,1784808144.3039408,8,0.020921945571899414,0.0026152431964874268,True
13,2214,1784808144.3252892,8,0.0191648006439209,0.0023956000804901123,True
13,2215,1784808144.3449903,8,0.020406723022460938,0.002550840377807617,True
13,2216,1784808144.3657117,8,0.02021503448486328,0.00252687931060791,True
13,2217,1784808144.3863628,8,0.019846200942993164,0.0024807751178741455,True
13,2218,1784808144.4065964,8,0.018470048904418945,0.002308756113052368,True
13,2219,1784808144.4253945,8,0.018979787826538086,0.0023724734783172607,True
13,2220,1784808144.4446776,8,0.020646333694458008,0.002580791711807251,True
13,2221,1784808144.46609,8,0.020061731338500977,0.002507716417312622,True
13,2222,1784808144.486585,8,0.01911783218383789,0.0023897290229797363,True
13,2223,1784808144.5061078,8,0.020480632781982422,0.0025600790977478027,True
13,2224,1784808144.52698,8,0.020601511001586914,0.0025751888751983643,True
13,2225,1784808144.5478806,8,0.020211219787597656,0.002526402473449707,True
13,2226,1784808144.5685918,8,0.019337177276611328,0.002417147159576416,True
13,2227,1784808144.5883727,8,0.019443035125732422,0.0024303793907165527,True
13,2228,1784808144.6082954,8,0.020290136337280273,0.002536267042160034,True
13,2229,1784808144.6290183,8,0.022249221801757812,0.0027811527252197266,True
13,2230,1784808144.651885,8,0.020062923431396484,0.0025078654289245605,True
13,2231,1784808144.6722593,8,0.02473759651184082,0.0030921995639801025,True
13,2232,1784808144.6973412,8,0.018148183822631836,0.0022685229778289795,True
13,2233,1784808144.7160597,8,0.019635915756225586,0.0024544894695281982,True
13,2234,1784808144.7360058,8,0.020252704620361328,0.002531588077545166,True
13,2235,1784808144.756542,8,0.019622087478637695,0.002452760934829712,True
13,2236,1784808144.776487,8,0.022642850875854492,0.0028303563594818115,True
13,2237,1784808144.799645,8,0.018403291702270508,0.0023004114627838135,True
13,2238,1784808144.8184648,8,0.0200955867767334,0.002511948347091675,True
13,2239,1784808144.83901,8,0.019408702850341797,0.0024260878562927246,True
13,2240,1784808144.8589432,8,0.0190427303314209,0.0023803412914276123,True
13,2241,1784808144.8782916,8,0.019304752349853516,0.0024130940437316895,True
13,2242,1784808144.8979971,8,0.021111011505126953,0.002638876438140869,True
13,2243,1784808144.9195044,8,0.019213438034057617,0.002401679754257202,True
13,2244,1784808144.939253,8,0.019878149032592773,0.0024847686290740967,True
13,2245,1784808144.9594452,8,0.020263195037841797,0.0025328993797302246,True
13,2246,1784808144.9803746,8,0.020871400833129883,0.0026089251041412354,True
13,2247,1784808145.0022526,8,0.020081520080566406,0.0025101900100708008,True
13,2248,1784808145.0230765,8,0.020069360733032227,0.0025086700916290283,True
13,2249,1784808145.043676,8,0.020839929580688477,0.0026049911975860596,True
13,2250,1784808145.0652137,8,0.019899606704711914,0.0024874508380889893,True
13,2251,1784808145.0853927,8,0.021419048309326172,0.0026773810386657715,True
13,2252,1784808145.1071787,8,0.019738435745239258,0.0024673044681549072,True
13,2253,1784808145.127368,8,0.020047903060913086,0.0025059878826141357,True
13,2254,1784808145.1477904,8,0.01997089385986328,0.00249636173248291,True
13,2255,1784808145.1682174,8,0.023096561431884766,0.0028870701789855957,True
13,2256,1784808145.1917107,8,0.0210418701171875,0.0026302337646484375,True
13,2257,1784808145.2133493,8,0.020684003829956055,0.002585500478744507,True
13,2258,1784808145.2345994,8,0.019979000091552734,0.002497375011444092,True
13,2259,1784808145.2557955,8,0.01890277862548828,0.002362847328186035,True
13,2260,1784808145.2750626,8,0.019191503524780273,0.002398937940597534,True
13,2261,1784808145.2945514,8,0.020715951919555664,0.002589493989944458,True
13,2262,1784808145.3158445,8,0.02055668830871582,0.0025695860385894775,True
13,2263,1784808145.3366666,8,0.020621538162231445,0.0025776922702789307,True
13,2264,1784808145.35761,8,0.01904129981994629,0.002380162477493286,True
13,2265,1784808145.377139,8,0.01922774314880371,0.002403467893600464,True
13,2266,1784808145.397151,8,0.020177364349365234,0.0025221705436706543,True
13,2267,1784808145.4177723,8,0.019451618194580078,0.0024314522743225098,True
13,2268,1784808145.438038,8,0.01967477798461914,0.0024593472480773926,True
13,2269,1784808145.4583902,8,0.020246505737304688,0.002530813217163086,True
13,2270,1784808145.4795225,8,0.02159261703491211,0.0026990771293640137,True
13,2271,1784808145.5023053,8,0.018916845321655273,0.002364605665206909,True
13,2272,1784808145.5215535,8,0.020427465438842773,0.0025534331798553467,True
13,2273,1784808145.5424633,8,0.019430160522460938,0.002428770065307617,True
13,2274,1784808145.562519,8,0.019877910614013672,0.002484738826751709,True
13,2275,1784808145.5827,8,0.020390987396240234,0.0025488734245300293,True
13,2276,1784808145.6035247,8,0.0202791690826416,0.0025348961353302,True
13,2277,1784808145.6242304,8,0.021220684051513672,0.002652585506439209,True
13,2278,1784808145.6458097,8,0.018715381622314453,0.0023394227027893066,True
13,2279,1784808145.6650162,8,0.0209658145904541,0.0026207268238067627,True
13,2280,1784808145.686357,8,0.020563840866088867,0.0025704801082611084,True
13,2281,1784808145.707326,8,0.020184755325317383,0.002523094415664673,True
13,2282,1784808145.7278705,8,0.02049875259399414,0.0025623440742492676,True
13,2283,1784808145.74868,8,0.020868539810180664,0.002608567476272583,True
13,2284,1784808145.77033,8,0.01999497413635254,0.0024993717670440674,True
13,2285,1784808145.7906845,8,0.020475387573242188,0.0025594234466552734,True
13,2286,1784808145.811462,8,0.02031683921813965,0.002539604902267456,True
13,2287,1784808145.8321393,8,0.01989603042602539,0.002487003803253174,True
13,2288,1784808145.852358,8,0.021842241287231445,0.0027302801609039307,True
13,2289,1784808145.8746307,8,0.020691871643066406,0.0025864839553833008,True
13,2290,1784808145.895718,8,0.0183260440826416,0.0022907555103302,True
13,2291,1784808145.9154136,8,0.020009517669677734,0.002501189708709717,True
13,2292,1784808145.9361837,8,0.01897144317626953,0.0023714303970336914,True
13,2293,1784808145.95547,8,0.020534992218017578,0.0025668740272521973,True
13,2294,1784808145.9763937,8,0.020714282989501953,0.002589285373687744,True
13,2295,1784808145.9977894,8,0.021214962005615234,0.0026518702507019043,True
13,2296,1784808146.0193462,8,0.019179821014404297,0.002397477626800537,True
13,2297,1784808146.038827,8,0.020122766494750977,0.002515345811843872,True
13,2298,1784808146.0593107,8,0.02008819580078125,0.0025110244750976562,True
13,2299,1784808146.079714,8,0.019658803939819336,0.002457350492477417,True
13,2300,1784808146.1001294,8,0.019580841064453125,0.0024476051330566406,True
13,2301,1784808146.1203215,8,0.020160675048828125,0.0025200843811035156,True
13,2302,1784808146.1409495,8,0.019393444061279297,0.002424180507659912,True
13,2303,1784808146.1610143,8,0.019517898559570312,0.002439737319946289,True
13,2304,1784808146.1808784,8,0.020803213119506836,0.0026004016399383545,True
13,2305,1784808146.202048,8,0.01906275749206543,0.0023828446865081787,True
13,2306,1784808146.2214918,8,0.02030634880065918,0.0025382936000823975,True
13,2307,1784808146.242098,8,0.018826723098754883,0.0023533403873443604,True
13,2308,1784808146.2613122,8,0.020029783248901367,0.002503722906112671,True
13,2309,1784808146.2817123,8,0.019582271575927734,0.002447783946990967,True
13,2310,1784808146.301635,8,0.021276473999023438,0.0026595592498779297,True
13,2311,1784808146.323253,8,0.021578550338745117,0.0026973187923431396,True
13,2312,1784808146.3457305,8,0.019453048706054688,0.002431631088256836,True
13,2313,1784808146.3655293,8,0.019824981689453125,0.0024781227111816406,True
13,2314,1784808146.385999,8,0.021340608596801758,0.0026675760746002197,True
13,2315,1784808146.4077892,8,0.019712448120117188,0.0024640560150146484,True
13,2316,1784808146.4278758,8,0.02523040771484375,0.0031538009643554688,True
13,2317,1784808146.4550152,8,0.020416259765625,0.002552032470703125,True
13,2318,1784808146.475987,8,0.019988059997558594,0.0024985074996948242,True
13,2319,1784808146.4963548,8,0.02061009407043457,0.0025762617588043213,True
13,2320,1784808146.5175614,8,0.01991128921508789,0.0024889111518859863,True
13,2321,1784808146.5381844,8,0.02060985565185547,0.0025762319564819336,True
13,2322,1784808146.5595434,8,0.020078182220458984,0.002509772777557373,True
13,2323,1784808146.579928,8,0.01981663703918457,0.0024770796298980713,True
13,2324,1784808146.6000419,8,0.02146744728088379,0.0026834309101104736,True
13,2325,1784808146.6221433,8,0.0199129581451416,0.0024891197681427,True
13,2326,1784808146.6426692,8,0.019063472747802734,0.002382934093475342,True
13,2327,1784808146.66232,8,0.02012777328491211,0.0025159716606140137,True
13,2328,1784808146.6841142,8,0.01894688606262207,0.002368360757827759,True
13,2329,1784808146.703623,8,0.018532276153564453,0.0023165345191955566,True
13,2330,1784808146.7227955,8,0.018784523010253906,0.0023480653762817383,True
13,2331,1784808146.7419472,8,0.020360469818115234,0.0025450587272644043,True
13,2332,1784808146.7632196,8,0.01871204376220703,0.002339005470275879,True
13,2333,1784808146.7822368,8,0.019182920455932617,0.002397865056991577,True
13,2334,1784808146.8018436,8,0.019553661346435547,0.0024442076683044434,True
13,2335,1784808146.8217375,8,0.02058267593383789,0.0025728344917297363,True
13,2336,1784808146.8426616,8,0.02008533477783203,0.002510666847229004,True
13,2337,1784808146.8632174,8,0.020029306411743164,0.0025036633014678955,True
13,2338,1784808146.8838031,8,0.019402265548706055,0.002425283193588257,True
13,2339,1784808146.9036539,8,0.020401954650878906,0.0025502443313598633,True
13,2340,1784808146.9244573,8,0.019664287567138672,0.002458035945892334,True
13,2341,1784808146.944462,8,0.019396066665649414,0.0024245083332061768,True
13,2342,1784808146.9641573,8,0.020375728607177734,0.002546966075897217,True
13,2343,1784808146.984873,8,0.019195556640625,0.002399444580078125,True
13,2344,1784808147.0048559,8,0.019503116607666016,0.002437889575958252,True
13,2345,1784808147.0247736,8,0.019985198974609375,0.002498149871826172,True
13,2346,1784808147.0451374,8,0.0192568302154541,0.0024071037769317627,True
13,2347,1784808147.0647283,8,0.021457672119140625,0.002682209014892578,True
13,2348,1784808147.0865388,8,0.019130945205688477,0.0023913681507110596,True
13,2349,1784808147.106076,8,0.019918203353881836,0.0024897754192352295,True
13,2350,1784808147.1262934,8,0.02204608917236328,0.00275576114654541,True
13,2351,1784808147.1487129,8,0.02007460594177246,0.0025093257427215576,True
13,2352,1784808147.16995,8,0.018712282180786133,0.0023390352725982666,True
13,2353,1784808147.1890519,8,0.019502639770507812,0.0024378299713134766,True
13,2354,1784808147.2092452,8,0.018873929977416992,0.002359241247177124,True
13,2355,1784808147.2288065,8,0.020779132843017578,0.0025973916053771973,True
13,2356,1784808147.2498927,8,0.020659685134887695,0.002582460641860962,True
13,2357,1784808147.2709982,8,0.020560264587402344,0.002570033073425293,True
13,2358,1784808147.2919686,8,0.01917290687561035,0.002396613359451294,True
13,2359,1784808147.3115819,8,0.020848751068115234,0.0026060938835144043,True
13,2360,1784808147.3332305,8,0.01947474479675293,0.002434343099594116,True
13,2361,1784808147.3530617,8,0.019299983978271484,0.0024124979972839355,True
13,2362,1784808147.3730416,8,0.01996755599975586,0.0024959444999694824,True
13,2363,1784808147.3948135,8,0.02027130126953125,0.0025339126586914062,True
13,2364,1784808147.4154103,8,0.019240856170654297,0.002405107021331787,True
13,2365,1784808147.4349108,8,0.02013564109802246,0.0025169551372528076,True
13,2366,1784808147.4556148,8,0.018338441848754883,0.0022923052310943604,True
13,2367,1784808147.474336,8,0.021813392639160156,0.0027266740798950195,True
13,2368,1784808147.4964645,8,0.01862359046936035,0.002327948808670044,True
13,2369,1784808147.5154212,8,0.020299911499023438,0.0025374889373779297,True
13,2370,1784808147.536115,8,0.019710779190063477,0.0024638473987579346,True
13,2371,1784808147.5562563,8,0.020693302154541016,0.002586662769317627,True
13,2372,1784808147.5775504,8,0.01935100555419922,0.0024188756942749023,True
13,2373,1784808147.5972593,8,0.02055644989013672,0.00256955623626709,True
13,2374,1784808147.6182065,8,0.0221860408782959,0.0027732551097869873,True
13,2375,1784808147.641221,8,0.019086599349975586,0.0023858249187469482,True
13,2376,1784808147.6606433,8,0.0205838680267334,0.002572983503341675,True
13,2377,1784808147.6816304,8,0.018076419830322266,0.002259552478790283,True
13,2378,1784808147.7001069,8,0.020243406295776367,0.002530425786972046,True
13,2379,1784808147.7208748,8,0.019272327423095703,0.002409040927886963,True
13,2380,1784808147.7405472,8,0.02012181282043457,0.0025152266025543213,True
13,2381,1784808147.7611613,8,0.020969390869140625,0.002621173858642578,True
13,2382,1784808147.7824657,8,0.022369861602783203,0.0027962327003479004,True
13,2383,1784808147.8053079,8,0.01911139488220215,0.0023889243602752686,True
13,2384,1784808147.8248196,8,0.018998384475708008,0.002374798059463501,True
13,2385,1784808147.8442068,8,0.01957988739013672,0.00244748592376709,True
13,2386,1784808147.864119,8,0.020058393478393555,0.0025072991847991943,True
13,2387,1784808147.8845181,8,0.020455121994018555,0.0025568902492523193,True
13,2388,1784808147.9053206,8,0.018071651458740234,0.0022589564323425293,True
13,2389,1784808147.9236698,8,0.020661592483520508,0.0025826990604400635,True
13,2390,1784808147.9446173,8,0.02059769630432129,0.002574712038040161,True
13,2391,1784808147.965965,8,0.019806385040283203,0.0024757981300354004,True
13,2392,1784808147.986117,8,0.021245956420898438,0.0026557445526123047,True
13,2393,1784808148.0076697,8,0.019959449768066406,0.0024949312210083008,True
13,2394,1784808148.028057,8,0.020285367965698242,0.0025356709957122803,True
13,2395,1784808148.0488932,8,0.018619298934936523,0.0023274123668670654,True
13,2396,1784808148.0679028,8,0.01900649070739746,0.0023758113384246826,True
13,2397,1784808148.0880723,8,0.018710613250732422,0.0023388266563415527,True
13,2398,1784808148.1072426,8,0.017830371856689453,0.0022287964820861816,True
13,2399,1784808148.1254582,8,0.018935203552246094,0.0023669004440307617,True
13,2400,1784808148.144907,8,0.01905965805053711,0.0023824572563171387,True
13,2401,1784808148.1643689,8,0.018788814544677734,0.002348601818084717,True
13,2402,1784808148.183515,8,0.024668216705322266,0.003083527088165283,True
13,2403,1784808148.2086337,8,0.017241954803466797,0.0021552443504333496,True
13,2404,1784808148.2262743,8,0.01937127113342285,0.0024214088916778564,True
13,2405,1784808148.2461567,8,0.020664453506469727,0.002583056688308716,True
13,2406,1784808148.2672858,8,0.02071690559387207,0.002589613199234009,True
13,2407,1784808148.2883759,8,0.02037215232849121,0.0025465190410614014,True
13,2408,1784808148.3091083,8,0.02003765106201172,0.002504706382751465,True
13,2409,1784808148.3294458,8,0.02024364471435547,0.0025304555892944336,True
13,2410,1784808148.3502004,8,0.02020859718322754,0.0025260746479034424,True
13,2411,1784808148.370782,8,0.01985454559326172,0.002481818199157715,True
13,2412,1784808148.390974,8,0.021773576736450195,0.0027216970920562744,True
13,2413,1784808148.4139173,8,0.021152496337890625,0.002644062042236328,True
13,2414,1784808148.4353898,8,0.020096778869628906,0.0025120973587036133,True
13,2415,1784808148.4559255,8,0.020750999450683594,0.0025938749313354492,True
13,2416,1784808148.4770002,8,0.02016282081604004,0.002520352602005005,True
13,2417,1784808148.4974542,8,0.021516084671020508,0.0026895105838775635,True
13,2418,1784808148.5194986,8,0.019567489624023438,0.0024459362030029297,True
13,2419,1784808148.5394065,8,0.02072453498840332,0.002590566873550415,True
13,2420,1784808148.5612986,8,0.018543243408203125,0.0023179054260253906,True
13,2421,1784808148.580164,8,0.019253969192504883,0.0024067461490631104,True
13,2422,1784808148.5997865,8,0.021764516830444336,0.002720564603805542,True
13,2423,1784808148.621831,8,0.01999640464782715,0.0024995505809783936,True
13,2424,1784808148.6421757,8,0.020558595657348633,0.002569824457168579,True
13,2425,1784808148.6630623,8,0.020514488220214844,0.0025643110275268555,True
13,2426,1784808148.6839857,8,0.019448518753051758,0.0024310648441314697,True
13,2427,1784808148.7037218,8,0.018842697143554688,0.002355337142944336,True
13,2428,1784808148.722981,8,0.019408702850341797,0.0024260878562927246,True
13,2429,1784808148.7432008,8,0.022572755813598633,0.002821594476699829,True
13,2430,1784808148.7660782,8,0.018619298934936523,0.0023274123668670654,True
13,2431,1784808148.7853305,8,0.020743370056152344,0.002592921257019043,True
13,2432,1784808148.8070736,8,0.022875547409057617,0.002859443426132202,True
13,2433,1784808148.830513,8,0.020624876022338867,0.0025781095027923584,True
13,2434,1784808148.8514504,8,0.01873779296875,0.00234222412109375,True
13,2435,1784808148.870607,8,0.019748926162719727,0.002468615770339966,True
13,2436,1784808148.8909402,8,0.019698619842529297,0.002462327480316162,True
13,2437,1784808148.911214,8,0.01987171173095703,0.002483963966369629,True
13,2438,1784808148.9315028,8,0.020835161209106445,0.0026043951511383057,True
13,2439,1784808148.9530816,8,0.02089524269104004,0.002611905336380005,True
13,2440,1784808148.9744172,8,0.018263578414916992,0.002282947301864624,True
13,2441,1784808148.993131,8,0.021091222763061523,0.0026364028453826904,True
13,2442,1784808149.0145607,8,0.01978278160095215,0.0024728477001190186,True
13,2443,1784808149.0347984,8,0.01900196075439453,0.0023752450942993164,True
13,2444,1784808149.0542145,8,0.01949167251586914,0.0024364590644836426,True
13,2445,1784808149.0741584,8,0.020365476608276367,0.002545684576034546,True
13,2446,1784808149.0950062,8,0.019831418991088867,0.0024789273738861084,True
13,2447,1784808149.1152632,8,0.02164149284362793,0.002705186605453491,True
13,2448,1784808149.1373565,8,0.01968097686767578,0.0024601221084594727,True
13,2449,1784808149.1574817,8,0.020598888397216797,0.0025748610496520996,True
13,2450,1784808149.1785703,8,0.019503116607666016,0.002437889575958252,True
13,2451,1784808149.1984396,8,0.019156455993652344,0.002394556999206543,True
13,2452,1784808149.2179651,8,0.021678447723388672,0.002709805965423584,True
13,2453,1784808149.2404208,8,0.02069830894470215,0.0025872886180877686,True
13,2454,1784808149.261587,8,0.023936986923217773,0.0029921233654022217,True
13,2455,1784808149.2858195,8,0.019950389862060547,0.0024937987327575684,True
13,2456,1784808149.3060958,8,0.019725322723388672,0.002465665340423584,True
13,2457,1784808149.3262658,8,0.01743936538696289,0.0021799206733703613,True
13,2458,1784808149.3442585,8,0.022866249084472656,0.002858281135559082,True
13,2459,1784808149.3679972,8,0.01826620101928711,0.0022832751274108887,True
13,2460,1784808149.3867629,8,0.019185543060302734,0.002398192882537842,True
13,2461,1784808149.4062507,8,0.01915717124938965,0.002394646406173706,True
13,2462,1784808149.425899,8,0.02126288414001465,0.002657860517501831,True
13,2463,1784808149.4475267,8,0.020431041717529297,0.002553880214691162,True
13,2464,1784808149.4683428,8,0.01794886589050293,0.002243608236312866,True
13,2465,1784808149.4866,8,0.018442153930664062,0.002305269241333008,True
13,2466,1784808149.5055497,8,0.019609689712524414,0.0024512112140655518,True
13,2467,1784808149.52558,8,0.019004344940185547,0.0023755431175231934,True
13,2468,1784808149.544956,8,0.019539833068847656,0.002442479133605957,True
13,2469,1784808149.5648425,8,0.02068924903869629,0.002586156129837036,True
13,2470,1784808149.5859487,8,0.02218484878540039,0.002773106098175049,True
13,2471,1784808149.608874,8,0.018640518188476562,0.0023300647735595703,True
13,2472,1784808149.627899,8,0.020037174224853516,0.0025046467781066895,True
13,2473,1784808149.648705,8,0.01849055290222168,0.00231131911277771,True
13,2474,1784808149.667595,8,0.01996469497680664,0.00249558687210083,True
13,2475,1784808149.6879659,8,0.01969623565673828,0.002462029457092285,True
13,2476,1784808149.7080448,8,0.020929813385009766,0.0026162266731262207,True
13,2477,1784808149.7292845,8,0.018374919891357422,0.0022968649864196777,True
13,2478,1784808149.7485762,8,0.01982879638671875,0.0024785995483398438,True
13,2479,1784808149.7693982,8,0.01970815658569336,0.00246351957321167,True
13,2480,1784808149.789486,8,0.019180774688720703,0.002397596836090088,True
13,2481,1784808149.8089662,8,0.019354820251464844,0.0024193525314331055,True
13,2482,1784808149.8286083,8,0.019835233688354492,0.0024794042110443115,True
13,2483,1784808149.8487918,8,0.020041704177856445,0.0025052130222320557,True
13,2484,1784808149.8691914,8,0.019314289093017578,0.0024142861366271973,True
13,2485,1784808149.8891451,8,0.019705533981323242,0.0024631917476654053,True
13,2486,1784808149.9092546,8,0.020302772521972656,0.002537846565246582,True
13,2487,1784808149.9299397,8,0.019968032836914062,0.002496004104614258,True
13,2488,1784808149.9508734,8,0.01689291000366211,0.0021116137504577637,True
13,2489,1784808149.9680521,8,0.021013259887695312,0.002626657485961914,True
13,2490,1784808149.9893463,8,0.019403696060180664,0.002425462007522583,True
13,2491,1784808150.0090852,8,0.019350528717041016,0.002418816089630127,True
13,2492,1784808150.0287335,8,0.0196993350982666,0.002462416887283325,True
13,2493,1784808150.048776,8,0.018207550048828125,0.0022759437561035156,True
13,2494,1784808150.0680144,8,0.019133567810058594,0.0023916959762573242,True
13,2495,1784808150.0876038,8,0.021016597747802734,0.002627074718475342,True
13,2496,1784808150.1091459,8,0.02046799659729004,0.002558499574661255,True
13,2497,1784808150.1312563,8,0.01869511604309082,0.0023368895053863525,True
13,2498,1784808150.150329,8,0.018208026885986328,0.002276003360748291,True
13,2499,1784808150.169104,8,0.0193326473236084,0.00241658091545105,True
13,2500,1784808150.189139,8,0.0194246768951416,0.0024280846118927,True
13,2501,1784808150.2089744,8,0.019494056701660156,0.0024367570877075195,True
13,2502,1784808150.2289672,8,0.018578052520751953,0.002322256565093994,True
13,2503,1784808150.248361,8,0.019791364669799805,0.0024739205837249756,True
13,2504,1784808150.2685866,8,0.0195009708404541,0.0024376213550567627,True
13,2505,1784808150.2886777,8,0.01957249641418457,0.0024465620517730713,True
13,2506,1784808150.308549,8,0.01986527442932129,0.002483159303665161,True
13,2507,1784808150.329122,8,0.020058870315551758,0.0025073587894439697,True
13,2508,1784808150.3496163,8,0.019706249237060547,0.0024632811546325684,True
13,2509,1784808150.3699443,8,0.020846843719482422,0.0026058554649353027,True
13,2510,1784808150.3912349,8,0.019188404083251953,0.002398550510406494,True
13,2511,1784808150.4108744,8,0.018625736236572266,0.002328217029571533,True
13,2512,1784808150.4298139,8,0.020808935165405273,0.002601116895675659,True
13,2513,1784808150.4509199,8,0.019451379776000977,0.002431422472000122,True
13,2514,1784808150.4707427,8,0.020910978317260742,0.0026138722896575928,True
13,2515,1784808150.4920123,8,0.01981496810913086,0.0024768710136413574,True
13,2516,1784808150.5122046,8,0.020388364791870117,0.0025485455989837646,True
13,2517,1784808150.5328703,8,0.021679162979125977,0.002709895372390747,True
13,2518,1784808150.5549974,8,0.020626544952392578,0.0025783181190490723,True
13,2519,1784808150.576005,8,0.01961040496826172,0.002451300621032715,True
13,2520,1784808150.5958986,8,0.020064353942871094,0.0025080442428588867,True
13,2521,1784808150.6164124,8,0.020011186599731445,0.0025013983249664307,True
13,2522,1784808150.6368232,8,0.019456863403320312,0.002432107925415039,True
13,2523,1784808150.6566248,8,0.01992321014404297,0.002490401268005371,True
13,2524,1784808150.676888,8,0.019655466079711914,0.0024569332599639893,True
13,2525,1784808150.6969607,8,0.019194841384887695,0.002399355173110962,True
13,2526,1784808150.7164602,8,0.020221471786499023,0.002527683973312378,True
13,2527,1784808150.7370543,8,0.01824212074279785,0.0022802650928497314,True
13,2528,1784808150.7556348,8,0.021601438522338867,0.0027001798152923584,True
13,2529,1784808150.7777603,8,0.017285585403442383,0.002160698175430298,True
13,2530,1784808150.7954748,8,0.019205093383789062,0.002400636672973633,True
13,2531,1784808150.8149803,8,0.01949286460876465,0.002436608076095581,True
13,2532,1784808150.8351731,8,0.018685579299926758,0.0023356974124908447,True
13,2533,1784808150.8541613,8,0.020267963409423828,0.0025334954261779785,True
13,2534,1784808150.8746908,8,0.01958918571472168,0.00244864821434021,True
13,2535,1784808150.894686,8,0.019060134887695312,0.002382516860961914,True
13,2536,1784808150.91422,8,0.019306659698486328,0.002413332462310791,True
13,2537,1784808150.93384,8,0.020432710647583008,0.002554088830947876,True
13,2538,1784808150.9546578,8,0.01998734474182129,0.002498418092727661,True
13,2539,1784808150.9765143,8,0.02215886116027832,0.00276985764503479,True
13,2540,1784808150.998987,8,0.01844334602355957,0.0023054182529449463,True
13,2541,1784808151.017716,8,0.018518924713134766,0.0023148655891418457,True
13,2542,1784808151.0367641,8,0.021487712860107422,0.0026859641075134277,True
13,2543,1784808151.0589006,8,0.023792505264282227,0.0029740631580352783,True
13,2544,1784808151.0831938,8,0.01629185676574707,0.002036482095718384,True
13,2545,1784808151.1001127,8,0.02138686180114746,0.0026733577251434326,True
13,2546,1784808151.1222212,8,0.019051790237426758,0.0023814737796783447,True
13,2547,1784808151.1416402,8,0.018720149993896484,0.0023400187492370605,True
13,2548,1784808151.1607983,8,0.020619630813598633,0.002577453851699829,True
13,2549,1784808151.1817846,8,0.019375324249267578,0.0024219155311584473,True
13,2550,1784808151.2015061,8,0.01840662956237793,0.002300828695297241,True
13,2551,1784808151.2203279,8,0.01896214485168457,0.0023702681064605713,True
13,2552,1784808151.2395673,8,0.021567821502685547,0.0026959776878356934,True
13,2553,1784808151.2614634,8,0.01999378204345703,0.002499222755432129,True
13,2554,1784808151.28187,8,0.02121710777282715,0.0026521384716033936,True
13,2555,1784808151.3034978,8,0.018351078033447266,0.002293884754180908,True
13,2556,1784808151.3223155,8,0.019742965698242188,0.0024678707122802734,True
13,2557,1784808151.342525,8,0.018848896026611328,0.002356112003326416,True
13,2558,1784808151.3617477,8,0.02043461799621582,0.0025543272495269775,True
13,2559,1784808151.383358,8,0.019272804260253906,0.0024091005325317383,True
13,2560,1784808151.402963,8,0.02060389518737793,0.002575486898422241,True
13,2561,1784808151.4242568,8,0.02309870719909668,0.002887338399887085,True
13,2562,1784808151.4490135,8,0.018604278564453125,0.0023255348205566406,True
13,2563,1784808151.4683578,8,0.017640352249145508,0.0022050440311431885,True
13,2564,1784808151.486424,8,0.021417856216430664,0.002677232027053833,True
13,2565,1784808151.508388,8,0.019085168838500977,0.002385646104812622,True
13,2566,1784808151.5283222,8,0.0205078125,0.0025634765625,True
13,2567,1784808151.5491967,8,0.020272016525268555,0.0025340020656585693,True
13,2568,1784808151.5700517,8,0.02074718475341797,0.002593398094177246,True
13,2569,1784808151.591184,8,0.020114660263061523,0.0025143325328826904,True
13,2570,1784808151.6124916,8,0.02006053924560547,0.0025075674057006836,True
13,2571,1784808151.6328642,8,0.019652128219604492,0.0024565160274505615,True
13,2572,1784808151.6530652,8,0.01916027069091797,0.002395033836364746,True
13,2573,1784808151.672498,8,0.019196033477783203,0.0023995041847229004,True
13,2574,1784808151.6919575,8,0.01966118812561035,0.002457648515701294,True
13,2575,1784808151.7121887,8,0.0214383602142334,0.002679795026779175,True
13,2576,1784808151.733963,8,0.017670392990112305,0.002208799123764038,True
13,2577,1784808151.7520058,8,0.0192410945892334,0.002405136823654175,True
13,2578,1784808151.7717342,8,0.017449140548706055,0.002181142568588257,True
13,2579,1784808151.7895415,8,0.019394874572753906,0.0024243593215942383,True
13,2580,1784808151.8096848,8,0.01971602439880371,0.002464503049850464,True
13,2581,1784808151.8303225,8,0.02127695083618164,0.002659618854522705,True
13,2582,1784808151.852358,8,0.019281387329101562,0.0024101734161376953,True
13,2583,1784808151.8725688,8,0.01783132553100586,0.0022289156913757324,True
13,2584,1784808151.890922,8,0.01953601837158203,0.002442002296447754,True
13,2585,1784808151.9108543,8,0.01979660987854004,0.002474576234817505,True
13,2586,1784808151.9309456,8,0.018021106719970703,0.002252638339996338,True
13,2587,1784808151.949507,8,0.019059181213378906,0.0023823976516723633,True
13,2588,1784808151.9693515,8,0.01796102523803711,0.0022451281547546387,True
13,2589,1784808151.9878318,8,0.020987272262573242,0.0026234090328216553,True
13,2590,1784808152.0092945,8,0.020371198654174805,0.0025463998317718506,True
13,2591,1784808152.0299842,8,0.020151376724243164,0.0025189220905303955,True
13,2592,1784808152.0504677,8,0.018895626068115234,0.0023619532585144043,True
13,2593,1784808152.0697677,8,0.019663572311401367,0.002457946538925171,True
13,2594,1784808152.0897934,8,0.01983046531677246,0.0024788081645965576,True
13,2595,1784808152.1099627,8,0.02011394500732422,0.0025142431259155273,True
13,2596,1784808152.1308024,8,0.019041061401367188,0.0023801326751708984,True
13,2597,1784808152.1501837,8,0.019597291946411133,0.0024496614933013916,True
13,2598,1784808152.1701715,8,0.021906137466430664,0.002738267183303833,True
13,2599,1784808152.1924653,8,0.017864704132080078,0.0022330880165100098,True
13,2600,1784808152.2106824,8,0.022503137588500977,0.002812892198562622,True
13,2601,1784808152.234,8,0.019244670867919922,0.0024055838584899902,True
13,2602,1784808152.2536151,8,0.02003955841064453,0.0025049448013305664,True
13,2603,1784808152.274096,8,0.018643856048583984,0.002330482006072998,True
13,2604,1784808152.293081,8,0.020728349685668945,0.002591043710708618,True
13,2605,1784808152.3141983,8,0.019839763641357422,0.0024799704551696777,True
13,2606,1784808152.3344398,8,0.019680261611938477,0.0024600327014923096,True
13,2607,1784808152.3544443,8,0.019449949264526367,0.002431243658065796,True
13,2608,1784808152.3742864,8,0.02086186408996582,0.0026077330112457275,True
13,2609,1784808152.39545,8,0.018425941467285156,0.0023032426834106445,True
13,2610,1784808152.414339,8,0.019967317581176758,0.0024959146976470947,True
13,2611,1784808152.4347255,8,0.017516374588012695,0.002189546823501587,True
13,2612,1784808152.4525864,8,0.018919706344604492,0.0023649632930755615,True
13,2613,1784808152.4718928,8,0.0232241153717041,0.0029030144214630127,True
13,2614,1784808152.4967678,8,0.020131349563598633,0.002516418695449829,True
13,2615,1784808152.5174892,8,0.020007848739624023,0.002500981092453003,True
13,2616,1784808152.5378892,8,0.01953864097595215,0.0024423301219940186,True
13,2617,1784808152.558001,8,0.019710779190063477,0.0024638473987579346,True
13,2618,1784808152.5779598,8,0.02143692970275879,0.0026796162128448486,True
13,2619,1784808152.59979,8,0.019580364227294922,0.0024475455284118652,True
13,2620,1784808152.619894,8,0.01891946792602539,0.002364933490753174,True
13,2621,1784808152.6391144,8,0.018405437469482422,0.0023006796836853027,True
13,2622,1784808152.6579242,8,0.020214080810546875,0.0025267601013183594,True
13,2623,1784808152.6784601,8,0.018819093704223633,0.002352386713027954,True
13,2624,1784808152.6975453,8,0.020854949951171875,0.0026068687438964844,True
13,2625,1784808152.7187533,8,0.018321752548217773,0.0022902190685272217,True
13,2626,1784808152.737494,8,0.0209805965423584,0.0026225745677948,True
13,2627,1784808152.758817,8,0.018047094345092773,0.0022558867931365967,True
13,2628,1784808152.77714,8,0.020550966262817383,0.002568870782852173,True
13,2629,1784808152.7980652,8,0.0190427303314209,0.0023803412914276123,True
13,2630,1784808152.8173733,8,0.01932239532470703,0.002415299415588379,True
13,2631,1784808152.836974,8,0.020397186279296875,0.0025496482849121094,True
13,2632,1784808152.8577156,8,0.018550395965576172,0.0023187994956970215,True
13,2633,1784808152.8772526,8,0.018606901168823242,0.0023258626461029053,True
13,2634,1784808152.8962362,8,0.01918315887451172,0.002397894859313965,True
13,2635,1784808152.9157517,8,0.02157139778137207,0.002696424722671509,True
13,2636,1784808152.9376895,8,0.018938541412353516,0.0023673176765441895,True
13,2637,1784808152.9570522,8,0.019628047943115234,0.0024535059928894043,True
13,2638,1784808152.9770923,8,0.020316600799560547,0.0025395750999450684,True
13,2639,1784808152.99775,8,0.020615339279174805,0.0025769174098968506,True
13,2640,1784808153.0190446,8,0.018319368362426758,0.0022899210453033447,True
13,2641,1784808153.0377574,8,0.0204927921295166,0.002561599016189575,True
13,2642,1784808153.0588064,8,0.02036905288696289,0.0025461316108703613,True
13,2643,1784808153.0795717,8,0.019193410873413086,0.0023991763591766357,True
13,2644,1784808153.0999162,8,0.020870447158813477,0.0026088058948516846,True
13,2645,1784808153.1214955,8,0.01996636390686035,0.002495795488357544,True
13,2646,1784808153.142003,8,0.019219398498535156,0.0024024248123168945,True
13,2647,1784808153.161584,8,0.020273923873901367,0.002534240484237671,True
13,2648,1784808153.1823516,8,0.019186973571777344,0.002398371696472168,True
13,2649,1784808153.2019243,8,0.019763469696044922,0.0024704337120056152,True
13,2650,1784808153.22219,8,0.017936229705810547,0.0022420287132263184,True
13,2651,1784808153.2407768,8,0.019753694534301758,0.0024692118167877197,True
13,2652,1784808153.260912,8,0.020022869110107422,0.0025028586387634277,True
13,2653,1784808153.2814546,8,0.018788814544677734,0.002348601818084717,True
13,2654,1784808153.3007524,8,0.020534753799438477,0.0025668442249298096,True
13,2655,1784808153.3216121,8,0.020808935165405273,0.002601116895675659,True
13,2656,1784808153.3428154,8,0.0177764892578125,0.0022220611572265625,True
13,2657,1784808153.3610098,8,0.018430709838867188,0.0023038387298583984,True
13,2658,1784808153.3798487,8,0.01865243911743164,0.002331554889678955,True
13,2659,1784808153.3993034,8,0.01982855796813965,0.002478569746017456,True
13,2660,1784808153.4194965,8,0.018762588500976562,0.0023453235626220703,True
13,2661,1784808153.438608,8,0.02074122428894043,0.0025926530361175537,True
13,2662,1784808153.4597337,8,0.01905512809753418,0.0023818910121917725,True
13,2663,1784808153.479102,8,0.018384218215942383,0.002298027276992798,True
13,2664,1784808153.497948,8,0.01995849609375,0.00249481201171875,True
13,2665,1784808153.5183601,8,0.020975112915039062,0.002621889114379883,True
13,2666,1784808153.54044,8,0.01656627655029297,0.002070784568786621,True
13,2667,1784808153.5577364,8,0.020209312438964844,0.0025261640548706055,True
13,2668,1784808153.5787923,8,0.020513534545898438,0.0025641918182373047,True
13,2669,1784808153.6000998,8,0.0205230712890625,0.0025653839111328125,True
13,2670,1784808153.6211195,8,0.018572330474853516,0.0023215413093566895,True
13,2671,1784808153.640519,8,0.019906044006347656,0.002488255500793457,True
13,2672,1784808153.66129,8,0.018180370330810547,0.0022725462913513184,True
13,2673,1784808153.6799164,8,0.02032923698425293,0.002541154623031616,True
13,2674,1784808153.7006874,8,0.019242286682128906,0.0024052858352661133,True
13,2675,1784808153.7203994,8,0.01935720443725586,0.0024196505546569824,True
13,2676,1784808153.7401924,8,0.01926445960998535,0.002408057451248169,True
13,2677,1784808153.7597451,8,0.0199429988861084,0.00249287486076355,True
13,2678,1784808153.7800784,8,0.019403457641601562,0.0024254322052001953,True
13,2679,1784808153.799878,8,0.019509315490722656,0.002438664436340332,True
13,2680,1784808153.819672,8,0.018433809280395508,0.0023042261600494385,True
13,2681,1784808153.8385055,8,0.018831253051757812,0.0023539066314697266,True
13,2682,1784808153.8576667,8,0.020992040634155273,0.002624005079269409,True
13,2683,1784808153.8790574,8,0.02166295051574707,0.002707868814468384,True
13,2684,1784808153.9035547,8,0.017079830169677734,0.002134978771209717,True
13,2685,1784808153.9209614,8,0.018163442611694336,0.002270430326461792,True
13,2686,1784808153.939407,8,0.02129077911376953,0.0026613473892211914,True
13,2687,1784808153.9610121,8,0.019264698028564453,0.0024080872535705566,True
13,2688,1784808153.9805617,8,0.018583297729492188,0.0023229122161865234,True
13,2689,1784808153.9994938,8,0.021231651306152344,0.002653956413269043,True
13,2690,1784808154.021206,8,0.019447803497314453,0.0024309754371643066,True
13,2691,1784808154.0410047,8,0.019356966018676758,0.0024196207523345947,True
13,2692,1784808154.0607424,8,0.0202484130859375,0.0025310516357421875,True
13,2693,1784808154.0813944,8,0.020536422729492188,0.0025670528411865234,True
13,2694,1784808154.1025944,8,0.01949477195739746,0.0024368464946746826,True
13,2695,1784808154.122477,8,0.019509077072143555,0.0024386346340179443,True
13,2696,1784808154.1431077,8,0.019661903381347656,0.002457737922668457,True
13,2697,1784808154.163207,8,0.019626140594482422,0.0024532675743103027,True
13,2698,1784808154.1832044,8,0.020702838897705078,0.0025878548622131348,True
13,2699,1784808154.2047024,8,0.01953125,0.00244140625,True
13,2700,1784808154.2247198,8,0.020957231521606445,0.0026196539402008057,True
13,2701,1784808154.2464564,8,0.01985454559326172,0.002481818199157715,True
13,2702,1784808154.2666366,8,0.018677234649658203,0.0023346543312072754,True
13,2703,1784808154.2855814,8,0.01932072639465332,0.002415090799331665,True
13,2704,1784808154.3052306,8,0.01972198486328125,0.0024652481079101562,True
13,2705,1784808154.325483,8,0.020122766494750977,0.002515345811843872,True
13,2706,1784808154.3460016,8,0.02201080322265625,0.0027513504028320312,True
13,2707,1784808154.368434,8,0.01901555061340332,0.002376943826675415,True
13,2708,1784808154.3878176,8,0.01930069923400879,0.0024125874042510986,True
13,2709,1784808154.4077435,8,0.017180919647216797,0.0021476149559020996,True
13,2710,1784808154.4253118,8,0.01861858367919922,0.0023273229598999023,True
13,2711,1784808154.4442267,8,0.022303104400634766,0.0027878880500793457,True
13,2712,1784808154.4672055,8,0.017700910568237305,0.002212613821029663,True
13,2713,1784808154.485289,8,0.018921852111816406,0.0023652315139770508,True
13,2714,1784808154.504512,8,0.018983840942382812,0.0023729801177978516,True
13,2715,1784808154.5238476,8,0.01977682113647461,0.002472102642059326,True
13,2716,1784808154.5441124,8,0.020331621170043945,0.002541452646255493,True
13,2717,1784808154.564893,8,0.01927661895751953,0.0024095773696899414,True
13,2718,1784808154.5845413,8,0.019591569900512695,0.002448946237564087,True
13,2719,1784808154.6045713,8,0.020183324813842773,0.0025229156017303467,True
13,2720,1784808154.6250954,8,0.018765926361083984,0.002345740795135498,True
13,2721,1784808154.6442487,8,0.02029109001159668,0.002536386251449585,True
13,2722,1784808154.6649725,8,0.020189285278320312,0.002523660659790039,True
13,2723,1784808154.6855583,8,0.018898487091064453,0.0023623108863830566,True
13,2724,1784808154.7052224,8,0.018853187561035156,0.0023566484451293945,True
13,2725,1784808154.7243953,8,0.02234053611755371,0.002792567014694214,True
13,2726,1784808154.7473388,8,0.018323659896850586,0.0022904574871063232,True
13,2727,1784808154.7659543,8,0.020416975021362305,0.002552121877670288,True
13,2728,1784808154.7878969,8,0.02105259895324707,0.002631574869155884,True
13,2729,1784808154.8097372,8,0.018606185913085938,0.002325773239135742,True
13,2730,1784808154.8286862,8,0.020285844802856445,0.0025357306003570557,True
13,2731,1784808154.8494146,8,0.020387649536132812,0.0025484561920166016,True
13,2732,1784808154.8703117,8,0.019639015197753906,0.0024548768997192383,True
13,2733,1784808154.8903022,8,0.020751237869262695,0.002593904733657837,True
13,2734,1784808154.9114704,8,0.02188730239868164,0.002735912799835205,True
13,2735,1784808154.933723,8,0.019739866256713867,0.0024674832820892334,True
13,2736,1784808154.9543767,8,0.02049541473388672,0.00256192684173584,True
13,2737,1784808154.9755719,8,0.020658254623413086,0.0025822818279266357,True
13,2738,1784808154.997302,8,0.019222259521484375,0.002402782440185547,True
13,2739,1784808155.0168831,8,0.0215914249420166,0.002698928117752075,True
13,2740,1784808155.0387347,8,0.019992589950561523,0.0024990737438201904,True
13,2741,1784808155.059055,8,0.018148422241210938,0.002268552780151367,True
13,2742,1784808155.0775063,8,0.019383907318115234,0.0024229884147644043,True
13,2743,1784808155.097187,8,0.018771648406982422,0.0023464560508728027,True
13,2744,1784808155.1162868,8,0.020379066467285156,0.0025473833084106445,True
13,2745,1784808155.1370769,8,0.019528627395629883,0.0024410784244537354,True
13,2746,1784808155.1568825,8,0.018961668014526367,0.002370208501815796,True
13,2747,1784808155.1761682,8,0.017300128936767578,0.0021625161170959473,True
13,2748,1784808155.1939118,8,0.0193784236907959,0.0024223029613494873,True
13,2749,1784808155.2139385,8,0.019795894622802734,0.002474486827850342,True
13,2750,1784808155.2341871,8,0.019922494888305664,0.002490311861038208,True
13,2751,1784808155.2550144,8,0.019989967346191406,0.0024987459182739258,True
13,2752,1784808155.275428,8,0.018796682357788086,0.0023495852947235107,True
13,2753,1784808155.2946408,8,0.019438743591308594,0.0024298429489135742,True
13,2754,1784808155.3144095,8,0.020975828170776367,0.002621978521347046,True
13,2755,1784808155.3357346,8,0.020432710647583008,0.002554088830947876,True
13,2756,1784808155.3564432,8,0.02075338363647461,0.002594172954559326,True
13,2757,1784808155.3775532,8,0.020400524139404297,0.002550065517425537,True
13,2758,1784808155.3983939,8,0.019609689712524414,0.0024512112140655518,True
13,2759,1784808155.4183753,8,0.021974802017211914,0.0027468502521514893,True
13,2760,1784808155.4407122,8,0.01789259910583496,0.00223657488822937,True
13,2761,1784808155.4589908,8,0.020287513732910156,0.0025359392166137695,True
13,2762,1784808155.4795284,8,0.01897454261779785,0.0023718178272247314,True
13,2763,1784808155.4988348,8,0.021301746368408203,0.0026627182960510254,True
13,2764,1784808155.5205066,8,0.01879119873046875,0.0023488998413085938,True
13,2765,1784808155.539691,8,0.01818060874938965,0.002272576093673706,True
13,2766,1784808155.558332,8,0.020639896392822266,0.002579987049102783,True
13,2767,1784808155.5792565,8,0.022637367248535156,0.0028296709060668945,True
13,2768,1784808155.6029286,8,0.019671916961669922,0.0024589896202087402,True
13,2769,1784808155.623044,8,0.020099878311157227,0.0025124847888946533,True
13,2770,1784808155.6435163,8,0.018190383911132812,0.0022737979888916016,True
13,2771,1784808155.6621394,8,0.019417285919189453,0.0024271607398986816,True
13,2772,1784808155.6819196,8,0.018567562103271484,0.0023209452629089355,True
13,2773,1784808155.7014863,8,0.017480850219726562,0.0021851062774658203,True
13,2774,1784808155.7194402,8,0.019516468048095703,0.002439558506011963,True
13,2775,1784808155.739228,8,0.020333528518676758,0.0025416910648345947,True
13,2776,1784808155.7604477,8,0.020859718322753906,0.0026074647903442383,True
13,2777,1784808155.7827342,8,0.019811391830444336,0.002476423978805542,True
13,2778,1784808155.803325,8,0.01916956901550293,0.002396196126937866,True
13,2779,1784808155.8228436,8,0.018628597259521484,0.0023285746574401855,True
13,2780,1784808155.8425376,8,0.01983475685119629,0.002479344606399536,True
13,2781,1784808155.8627968,8,0.019485950469970703,0.002435743808746338,True
13,2782,1784808155.8826795,8,0.020272493362426758,0.0025340616703033447,True
13,2783,1784808155.903941,8,0.018720388412475586,0.0023400485515594482,True
13,2784,1784808155.9232275,8,0.0196075439453125,0.0024509429931640625,True
13,2785,1784808155.9437916,8,0.019496917724609375,0.002437114715576172,True
13,2786,1784808155.963702,8,0.020885705947875977,0.002610713243484497,True
13,2787,1784808155.9852028,8,0.018914222717285156,0.0023642778396606445,True
13,2788,1784808156.0045166,8,0.01882481575012207,0.002353101968765259,True
13,2789,1784808156.024232,8,0.021432161331176758,0.0026790201663970947,True
13,2790,1784808156.0459566,8,0.019196510314941406,0.0023995637893676758,True
13,2791,1784808156.065468,8,0.019663095474243164,0.0024578869342803955,True
13,2792,1784808156.0854304,8,0.020014286041259766,0.0025017857551574707,True
13,2793,1784808156.1059375,8,0.019686222076416016,0.002460777759552002,True
13,2794,1784808156.1260827,8,0.01900339126586914,0.0023754239082336426,True
13,2795,1784808156.145551,8,0.017751216888427734,0.002218902111053467,True
13,2796,1784808156.1636305,8,0.02403426170349121,0.0030042827129364014,True
13,2797,1784808156.188186,8,0.018029451370239258,0.0022536814212799072,True
13,2798,1784808156.2065785,8,0.02062821388244629,0.002578526735305786,True
13,2799,1784808156.2275555,8,0.019931554794311523,0.0024914443492889404,True
13,2800,1784808156.2478678,8,0.01899409294128418,0.0023742616176605225,True
13,2801,1784808156.2672021,8,0.01961207389831543,0.0024515092372894287,True
13,2802,1784808156.2873118,8,0.01983189582824707,0.002478986978530884,True
13,2803,1784808156.3075254,8,0.01980876922607422,0.0024760961532592773,True
13,2804,1784808156.3279705,8,0.0190887451171875,0.0023860931396484375,True
13,2805,1784808156.3475237,8,0.019256114959716797,0.0024070143699645996,True
13,2806,1784808156.3672178,8,0.02093219757080078,0.0026165246963500977,True
13,2807,1784808156.3884683,8,0.019502878189086914,0.0024378597736358643,True
13,2808,1784808156.40868,8,0.021813631057739258,0.0027267038822174072,True
13,2809,1784808156.4308093,8,0.020356178283691406,0.0025445222854614258,True
13,2810,1784808156.4515414,8,0.019176006317138672,0.002397000789642334,True
13,2811,1784808156.4710767,8,0.019901037216186523,0.0024876296520233154,True
13,2812,1784808156.4912856,8,0.01810169219970703,0.002262711524963379,True
13,2813,1784808156.5100996,8,0.018307209014892578,0.0022884011268615723,True
13,2814,1784808156.5287347,8,0.020687103271484375,0.002585887908935547,True
13,2815,1784808156.5496888,8,0.019318819046020508,0.0024148523807525635,True
13,2816,1784808156.569582,8,0.019013166427612305,0.002376645803451538,True
13,2817,1784808156.5889611,8,0.019610881805419922,0.0024513602256774902,True
13,2818,1784808156.6089008,8,0.019032001495361328,0.002379000186920166,True
13,2819,1784808156.628326,8,0.01949477195739746,0.0024368464946746826,True
13,2820,1784808156.6482432,8,0.01975107192993164,0.002468883991241455,True
13,2821,1784808156.668403,8,0.019315719604492188,0.0024144649505615234,True
13,2822,1784808156.6881328,8,0.019484281539916992,0.002435535192489624,True
13,2823,1784808156.7079895,8,0.019118785858154297,0.002389848232269287,True
13,2824,1784808156.727999,8,0.01929616928100586,0.0024120211601257324,True
13,2825,1784808156.7478502,8,0.019472122192382812,0.0024340152740478516,True
13,2826,1784808156.768058,8,0.019142627716064453,0.0023928284645080566,True
13,2827,1784808156.7878776,8,0.019745349884033203,0.0024681687355041504,True
13,2828,1784808156.808005,8,0.020943403244018555,0.0026179254055023193,True
13,2829,1784808156.8292928,8,0.02018904685974121,0.0025236308574676514,True
13,2830,1784808156.8498304,8,0.01963663101196289,0.0024545788764953613,True
13,2831,1784808156.8698432,8,0.021236896514892578,0.0026546120643615723,True
13,2832,1784808156.8915164,8,0.018672943115234375,0.002334117889404297,True
13,2833,1784808156.9104834,8,0.02287006378173828,0.002858757972717285,True
13,2834,1784808156.933703,8,0.019036054611206055,0.002379506826400757,True
13,2835,1784808156.9532452,8,0.02011895179748535,0.002514868974685669,True
13,2836,1784808156.9737244,8,0.018254995346069336,0.002281874418258667,True
13,2837,1784808156.992267,8,0.02071833610534668,0.002589792013168335,True
13,2838,1784808157.0133383,8,0.017599821090698242,0.0021999776363372803,True
13,2839,1784808157.0313382,8,0.020499706268310547,0.0025624632835388184,True
13,2840,1784808157.0521314,8,0.018422365188598633,0.002302795648574829,True
13,2841,1784808157.0708938,8,0.018372297286987305,0.002296537160873413,True
13,2842,1784808157.089885,8,0.018668174743652344,0.002333521842956543,True
13,2843,1784808157.1089811,8,0.02028656005859375,0.0025358200073242188,True
13,2844,1784808157.129595,8,0.0199434757232666,0.002492934465408325,True
13,2845,1784808157.1498432,8,0.01961207389831543,0.0024515092372894287,True
13,2846,1784808157.169931,8,0.018508195877075195,0.0023135244846343994,True
13,2847,1784808157.1887188,8,0.01960611343383789,0.0024507641792297363,True
13,2848,1784808157.2086997,8,0.01864027976989746,0.0023300349712371826,True
13,2849,1784808157.2276356,8,0.0188751220703125,0.0023593902587890625,True
13,2850,1784808157.2469642,8,0.02184271812438965,0.002730339765548706,True
13,2851,1784808157.2691975,8,0.018697500228881836,0.0023371875286102295,True
13,2852,1784808157.2882035,8,0.018108367919921875,0.0022635459899902344,True
13,2853,1784808157.3068347,8,0.025134563446044922,0.0031418204307556152,True
13,2854,1784808157.3326619,8,0.019623994827270508,0.0024529993534088135,True
13,2855,1784808157.352567,8,0.019565105438232422,0.0024456381797790527,True
13,2856,1784808157.372466,8,0.01833319664001465,0.002291649580001831,True
13,2857,1784808157.3910983,8,0.019721031188964844,0.0024651288986206055,True
13,2858,1784808157.4111578,8,0.018778085708618164,0.0023472607135772705,True
13,2859,1784808157.4303336,8,0.0194399356842041,0.0024299919605255127,True
13,2860,1784808157.4501364,8,0.018682479858398438,0.0023353099822998047,True
13,2861,1784808157.4693158,8,0.018997907638549805,0.0023747384548187256,True
13,2862,1784808157.489463,8,0.01930832862854004,0.002413541078567505,True
13,2863,1784808157.5091908,8,0.0195770263671875,0.0024471282958984375,True
13,2864,1784808157.5292897,8,0.01841592788696289,0.0023019909858703613,True
13,2865,1784808157.5479782,8,0.019109249114990234,0.0023886561393737793,True
13,2866,1784808157.5674548,8,0.021320104598999023,0.002665013074874878,True
13,2867,1784808157.5890818,8,0.019350767135620117,0.0024188458919525146,True
13,2868,1784808157.6087575,8,0.02165365219116211,0.0027067065238952637,True
13,2869,1784808157.6306367,8,0.020863056182861328,0.002607882022857666,True
13,2870,1784808157.6518807,8,0.021761655807495117,0.0027202069759368896,True
13,2871,1784808157.6740966,8,0.018212080001831055,0.002276510000228882,True
13,2872,1784808157.6926875,8,0.01834869384765625,0.0022935867309570312,True
13,2873,1784808157.711449,8,0.022205591201782227,0.0027756989002227783,True
13,2874,1784808157.7342923,8,0.017278432846069336,0.002159804105758667,True
13,2875,1784808157.7520478,8,0.019216299057006836,0.0024020373821258545,True
13,2876,1784808157.771699,8,0.022353649139404297,0.002794206142425537,True
13,2877,1784808157.794459,8,0.01745009422302246,0.0021812617778778076,True
13,2878,1784808157.8123283,8,0.02036595344543457,0.0025457441806793213,True
13,2879,1784808157.833115,8,0.019359111785888672,0.002419888973236084,True
13,2880,1784808157.8532417,8,0.01980876922607422,0.0024760961532592773,True
13,2881,1784808157.873493,8,0.020344972610473633,0.002543121576309204,True
13,2882,1784808157.8944693,8,0.026053190231323242,0.0032566487789154053,True
13,2883,1784808157.9215856,8,0.019168853759765625,0.002396106719970703,True
13,2884,1784808157.9412723,8,0.01904463768005371,0.002380579710006714,True
13,2885,1784808157.9607568,8,0.01953434944152832,0.00244179368019104,True
13,2886,1784808157.9807384,8,0.01899862289428711,0.0023748278617858887,True
13,2887,1784808158.0000167,8,0.01694202423095703,0.002117753028869629,True
13,2888,1784808158.0172877,8,0.01945185661315918,0.0024314820766448975,True
13,2889,1784808158.037062,8,0.01811075210571289,0.0022638440132141113,True
13,2890,1784808158.0555866,8,0.01707148551940918,0.0021339356899261475,True
13,2891,1784808158.073195,8,0.016855239868164062,0.002106904983520508,True
13,2892,1784808158.0903363,8,0.01739668846130371,0.002174586057662964,True
13,2893,1784808158.1080499,8,0.015659809112548828,0.0019574761390686035,True
13,2894,1784808158.1240036,8,0.016927480697631836,0.0021159350872039795,True
13,2895,1784808158.14128,8,0.015774250030517578,0.0019717812538146973,True
13,2896,1784808158.1573613,8,0.014340400695800781,0.0017925500869750977,True
13,2897,1784808158.1721506,8,0.014557600021362305,0.001819700002670288,True
13,2898,1784808158.187112,8,0.015035629272460938,0.0018794536590576172,True
13,2899,1784808158.2025008,8,0.013996124267578125,0.0017495155334472656,True
13,2900,1784808158.2167675,8,0.01618647575378418,0.0020233094692230225,True
13,2901,1784808158.2334454,8,0.013141155242919922,0.0016426444053649902,True
13,2902,1784808158.2469711,8,0.013239622116088867,0.0016549527645111084,True
13,2903,1784808158.260495,8,0.014063835144042969,0.001757979393005371,True
13,2904,1784808158.2750463,8,0.012809991836547852,0.0016012489795684814,True
13,2905,1784808158.2882144,8,0.013499736785888672,0.001687467098236084,True
13,2906,1784808158.302046,8,0.013607978820800781,0.0017009973526000977,True
13,2907,1784808158.3160167,8,0.013139486312866211,0.0016424357891082764,True
13,2908,1784808158.3295288,8,0.011531591415405273,0.0014414489269256592,True
13,2909,1784808158.3414094,8,0.010651826858520508,0.0013314783573150635,True
13,2910,1784808158.3523357,8,0.010539770126342773,0.0013174712657928467,True
13,2911,1784808158.3632812,8,0.011138677597045898,0.0013923346996307373,True
13,2912,1784808158.3748822,8,0.010195493698120117,0.0012744367122650146,True
13,2913,1784808158.385425,8,0.010034561157226562,0.0012543201446533203,True
13,2914,1784808158.3958504,8,0.010915517807006836,0.0013644397258758545,True
13,2915,1784808158.4070475,8,0.011793375015258789,0.0014741718769073486,True
13,2916,1784808158.4192448,8,0.010494232177734375,0.0013117790222167969,True
13,2917,1784808158.4300616,8,0.010928153991699219,0.0013660192489624023,True
13,2918,1784808158.4413934,8,0.010714292526245117,0.0013392865657806396,True
13,2919,1784808158.4524603,8,0.011879920959472656,0.001484990119934082,True
13,2920,1784808158.464646,8,0.008774995803833008,0.001096874475479126,True
13,2921,1784808158.4737816,8,0.010753154754638672,0.001344144344329834,True
13,2922,1784808158.4848194,8,0.008529424667358398,0.0010661780834197998,True
13,2923,1784808158.4938219,8,0.010473251342773438,0.0013091564178466797,True
13,2924,1784808158.504614,8,0.008432149887084961,0.0010540187358856201,True
13,2925,1784808158.5135293,8,0.007672786712646484,0.0009590983390808105,True
13,2926,1784808158.5216029,8,0.010237693786621094,0.0012797117233276367,True
13,2927,1784808158.5336385,8,0.013784646987915039,0.0017230808734893799,True
