================================================================================
STREAMING CHECKPOINT LOAD - Byte-Range GETs
================================================================================
Input:       /mnt/pfs/checkpointing/llama3-8b/global_epoch1_step1/zero_pp_rank_1_mp_rank_0_model_states.pt
Backend:     file
Total size:  1.87 GB
Chunk size:  32 MB  (peak RAM = one chunk)
================================================================================
Read chunks: 128 MB × 4 workers  (peak RAM ≤ 512 MB)
================================================================================
================================================================================
STREAMING CHECKPOINT LOAD - Byte-Range GETs
================================================================================
Input:       /mnt/pfs/checkpointing/llama3-8b/global_epoch1_step1/zero_pp_rank_3_mp_rank_0_model_states.pt
Backend:     file
Total size:  1.87 GB
Chunk size:  32 MB  (peak RAM = one chunk)
================================================================================
Read chunks: 128 MB × 4 workers  (peak RAM ≤ 512 MB)
================================================================================
================================================================================
STREAMING CHECKPOINT LOAD - Byte-Range GETs
================================================================================
Input:       /mnt/pfs/checkpointing/llama3-8b/global_epoch1_step1/zero_pp_rank_5_mp_rank_0_model_states.pt
Backend:     file
Total size:  1.87 GB
Chunk size:  32 MB  (peak RAM = one chunk)
================================================================================
Read chunks: 128 MB × 4 workers  (peak RAM ≤ 512 MB)
================================================================================
================================================================================
STREAMING CHECKPOINT LOAD - Byte-Range GETs
================================================================================
Input:       /mnt/pfs/checkpointing/llama3-8b/global_epoch1_step1/zero_pp_rank_7_mp_rank_0_model_states.pt
Backend:     file
Total size:  1.87 GB
Chunk size:  32 MB  (peak RAM = one chunk)
================================================================================
Read chunks: 128 MB × 4 workers  (peak RAM ≤ 512 MB)
================================================================================
[FileReader] path=/mnt/pfs/checkpointing/llama3-8b/global_epoch1_step1/zero_pp_rank_5_mp_rank_0_model_states.pt  fadvise=dontneed
[FileReader] path=/mnt/pfs/checkpointing/llama3-8b/global_epoch1_step1/zero_pp_rank_7_mp_rank_0_model_states.pt  fadvise=dontneed
[FileReader] path=/mnt/pfs/checkpointing/llama3-8b/global_epoch1_step1/zero_pp_rank_1_mp_rank_0_model_states.pt  fadvise=dontneed
[FileReader] path=/mnt/pfs/checkpointing/llama3-8b/global_epoch1_step1/zero_pp_rank_1_mp_rank_0_model_states.pt  fadvise=dontneed
================================================================================
STREAMING CHECKPOINT LOAD - Byte-Range GETs
================================================================================
Input:       /mnt/pfs/checkpointing/llama3-8b/global_epoch1_step1/zero_pp_rank_0_mp_rank_0_model_states.pt
Backend:     file
Total size:  1.87 GB
[FileReader] path=/mnt/pfs/checkpointing/llama3-8b/global_epoch1_step1/zero_pp_rank_3_mp_rank_0_model_states.pt  fadvise=dontneed
[FileReader] path=/mnt/pfs/checkpointing/llama3-8b/global_epoch1_step1/zero_pp_rank_3_mp_rank_0_model_states.pt  fadvise=dontneed
[FileReader] path=/mnt/pfs/checkpointing/llama3-8b/global_epoch1_step1/zero_pp_rank_7_mp_rank_0_model_states.pt  fadvise=dontneed
[FileReader] path=/mnt/pfs/checkpointing/llama3-8b/global_epoch1_step1/zero_pp_rank_7_mp_rank_0_model_states.pt  fadvise=dontneed
[FileReader] path=/mnt/pfs/checkpointing/llama3-8b/global_epoch1_step1/zero_pp_rank_1_mp_rank_0_model_states.pt  fadvise=dontneed
[FileReader] path=/mnt/pfs/checkpointing/llama3-8b/global_epoch1_step1/zero_pp_rank_1_mp_rank_0_model_states.pt  fadvise=dontneed
================================================================================
STREAMING CHECKPOINT LOAD - Byte-Range GETs
================================================================================
Input:       /mnt/pfs/checkpointing/llama3-8b/global_epoch1_step1/zero_pp_rank_2_mp_rank_0_model_states.pt
Backend:     file
Total size:  1.87 GB
Chunk size:  32 MB  (peak RAM = one chunk)
================================================================================
[FileReader] path=/mnt/pfs/checkpointing/llama3-8b/global_epoch1_step1/zero_pp_rank_5_mp_rank_0_model_states.pt  fadvise=dontneed
[FileReader] path=/mnt/pfs/checkpointing/llama3-8b/global_epoch1_step1/zero_pp_rank_5_mp_rank_0_model_states.pt  fadvise=dontneed
[FileReader] path=/mnt/pfs/checkpointing/llama3-8b/global_epoch1_step1/zero_pp_rank_5_mp_rank_0_model_states.pt  fadvise=dontneed
[FileReader] path=/mnt/pfs/checkpointing/llama3-8b/global_epoch1_step1/zero_pp_rank_3_mp_rank_0_model_states.pt  fadvise=dontneed
[FileReader] path=/mnt/pfs/checkpointing/llama3-8b/global_epoch1_step1/zero_pp_rank_3_mp_rank_0_model_states.pt  fadvise=dontneed
[FileReader] path=/mnt/pfs/checkpointing/llama3-8b/global_epoch1_step1/zero_pp_rank_7_mp_rank_0_model_states.pt  fadvise=dontneed
================================================================================
STREAMING CHECKPOINT LOAD - Byte-Range GETs
================================================================================
Input:       /mnt/pfs/checkpointing/llama3-8b/global_epoch1_step1/zero_pp_rank_4_mp_rank_0_model_states.pt
Backend:     file
Total size:  1.87 GB
Chunk size:  32 MB  (peak RAM = one chunk)
================================================================================
================================================================================
STREAMING CHECKPOINT LOAD - Byte-Range GETs
================================================================================
Input:       /mnt/pfs/checkpointing/llama3-8b/global_epoch1_step1/zero_pp_rank_6_mp_rank_0_model_states.pt
Backend:     file
Total size:  1.87 GB
Chunk size:  32 MB  (peak RAM = one chunk)
================================================================================
Chunk size:  32 MB  (peak RAM = one chunk)
================================================================================
Read chunks: 128 MB × 4 workers  (peak RAM ≤ 512 MB)
================================================================================
Read chunks: 128 MB × 4 workers  (peak RAM ≤ 512 MB)
================================================================================
Read chunks: 128 MB × 4 workers  (peak RAM ≤ 512 MB)
================================================================================
Read chunks: 128 MB × 4 workers  (peak RAM ≤ 512 MB)
================================================================================
[FileReader] path=/mnt/pfs/checkpointing/llama3-8b/global_epoch1_step1/zero_pp_rank_4_mp_rank_0_model_states.pt  fadvise=dontneed
[FileReader] path=/mnt/pfs/checkpointing/llama3-8b/global_epoch1_step1/zero_pp_rank_0_mp_rank_0_model_states.pt  fadvise=dontneed
[FileReader] path=/mnt/pfs/checkpointing/llama3-8b/global_epoch1_step1/zero_pp_rank_0_mp_rank_0_model_states.pt  fadvise=dontneed
[FileReader] path=/mnt/pfs/checkpointing/llama3-8b/global_epoch1_step1/zero_pp_rank_2_mp_rank_0_model_states.pt  fadvise=dontneed
[FileReader] path=/mnt/pfs/checkpointing/llama3-8b/global_epoch1_step1/zero_pp_rank_2_mp_rank_0_model_states.pt  fadvise=dontneed
[FileReader] path=/mnt/pfs/checkpointing/llama3-8b/global_epoch1_step1/zero_pp_rank_6_mp_rank_0_model_states.pt  fadvise=dontneed
[FileReader] path=/mnt/pfs/checkpointing/llama3-8b/global_epoch1_step1/zero_pp_rank_6_mp_rank_0_model_states.pt  fadvise=dontneed
[FileReader] path=/mnt/pfs/checkpointing/llama3-8b/global_epoch1_step1/zero_pp_rank_2_mp_rank_0_model_states.pt  fadvise=dontneed
[FileReader] path=/mnt/pfs/checkpointing/llama3-8b/global_epoch1_step1/zero_pp_rank_4_mp_rank_0_model_states.pt  fadvise=dontneed
[FileReader] path=/mnt/pfs/checkpointing/llama3-8b/global_epoch1_step1/zero_pp_rank_4_mp_rank_0_model_states.pt  fadvise=dontneed
[FileReader] path=/mnt/pfs/checkpointing/llama3-8b/global_epoch1_step1/zero_pp_rank_0_mp_rank_0_model_states.pt  fadvise=dontneed
[FileReader] path=/mnt/pfs/checkpointing/llama3-8b/global_epoch1_step1/zero_pp_rank_0_mp_rank_0_model_states.pt  fadvise=dontneed
[FileReader] path=/mnt/pfs/checkpointing/llama3-8b/global_epoch1_step1/zero_pp_rank_6_mp_rank_0_model_states.pt  fadvise=dontneed
[FileReader] path=/mnt/pfs/checkpointing/llama3-8b/global_epoch1_step1/zero_pp_rank_6_mp_rank_0_model_states.pt  fadvise=dontneed
[FileReader] path=/mnt/pfs/checkpointing/llama3-8b/global_epoch1_step1/zero_pp_rank_4_mp_rank_0_model_states.pt  fadvise=dontneed
[FileReader] path=/mnt/pfs/checkpointing/llama3-8b/global_epoch1_step1/zero_pp_rank_2_mp_rank_0_model_states.pt  fadvise=dontneed

================================================================================
LOAD RESULTS
================================================================================
I/O:        0.2346s @ 7.97 GB/s
Total:      0.2375s
Chunks:     16
================================================================================
================================================================================
STREAMING CHECKPOINT LOAD - Byte-Range GETs
================================================================================
Input:       /mnt/pfs/checkpointing/llama3-8b/global_epoch1_step1/zero_pp_rank_1_mp_rank_0_optim_states.pt
Backend:     file
Total size:  11.22 GB
Chunk size:  32 MB  (peak RAM = one chunk)
================================================================================
Read chunks: 128 MB × 4 workers  (peak RAM ≤ 512 MB)
================================================================================
[FileReader] path=/mnt/pfs/checkpointing/llama3-8b/global_epoch1_step1/zero_pp_rank_1_mp_rank_0_optim_states.pt  fadvise=dontneed
[FileReader] path=/mnt/pfs/checkpointing/llama3-8b/global_epoch1_step1/zero_pp_rank_1_mp_rank_0_optim_states.pt  fadvise=dontneed
[FileReader] path=/mnt/pfs/checkpointing/llama3-8b/global_epoch1_step1/zero_pp_rank_1_mp_rank_0_optim_states.pt  fadvise=dontneed
[FileReader] path=/mnt/pfs/checkpointing/llama3-8b/global_epoch1_step1/zero_pp_rank_1_mp_rank_0_optim_states.pt  fadvise=dontneed

================================================================================
LOAD RESULTS
================================================================================
I/O:        0.2302s @ 8.12 GB/s
Total:      0.2384s
Chunks:     16
================================================================================
================================================================================
STREAMING CHECKPOINT LOAD - Byte-Range GETs
================================================================================
Input:       /mnt/pfs/checkpointing/llama3-8b/global_epoch1_step1/zero_pp_rank_5_mp_rank_0_optim_states.pt
Backend:     file
Total size:  11.22 GB
Chunk size:  32 MB  (peak RAM = one chunk)
================================================================================
Read chunks: 128 MB × 4 workers  (peak RAM ≤ 512 MB)
================================================================================
[FileReader] path=/mnt/pfs/checkpointing/llama3-8b/global_epoch1_step1/zero_pp_rank_5_mp_rank_0_optim_states.pt  fadvise=dontneed
[FileReader] path=/mnt/pfs/checkpointing/llama3-8b/global_epoch1_step1/zero_pp_rank_5_mp_rank_0_optim_states.pt  fadvise=dontneed
[FileReader] path=/mnt/pfs/checkpointing/llama3-8b/global_epoch1_step1/zero_pp_rank_5_mp_rank_0_optim_states.pt  fadvise=dontneed
[FileReader] path=/mnt/pfs/checkpointing/llama3-8b/global_epoch1_step1/zero_pp_rank_5_mp_rank_0_optim_states.pt  fadvise=dontneed

================================================================================
LOAD RESULTS
================================================================================
I/O:        0.2302s @ 8.12 GB/s
Total:      0.2384s
Chunks:     16
================================================================================
================================================================================
STREAMING CHECKPOINT LOAD - Byte-Range GETs
================================================================================
Input:       /mnt/pfs/checkpointing/llama3-8b/global_epoch1_step1/zero_pp_rank_2_mp_rank_0_optim_states.pt
Backend:     file
Total size:  11.22 GB
Chunk size:  32 MB  (peak RAM = one chunk)
================================================================================
Read chunks: 128 MB × 4 workers  (peak RAM ≤ 512 MB)
================================================================================
[FileReader] path=/mnt/pfs/checkpointing/llama3-8b/global_epoch1_step1/zero_pp_rank_2_mp_rank_0_optim_states.pt  fadvise=dontneed
[FileReader] path=/mnt/pfs/checkpointing/llama3-8b/global_epoch1_step1/zero_pp_rank_2_mp_rank_0_optim_states.pt  fadvise=dontneed
[FileReader] path=/mnt/pfs/checkpointing/llama3-8b/global_epoch1_step1/zero_pp_rank_2_mp_rank_0_optim_states.pt  fadvise=dontneed
[FileReader] path=/mnt/pfs/checkpointing/llama3-8b/global_epoch1_step1/zero_pp_rank_2_mp_rank_0_optim_states.pt  fadvise=dontneed

================================================================================
LOAD RESULTS
================================================================================
I/O:        0.2371s @ 7.89 GB/s
Total:      0.2438s
Chunks:     16
================================================================================
================================================================================
STREAMING CHECKPOINT LOAD - Byte-Range GETs
================================================================================
Input:       /mnt/pfs/checkpointing/llama3-8b/global_epoch1_step1/zero_pp_rank_7_mp_rank_0_optim_states.pt
Backend:     file
Total size:  11.22 GB
Chunk size:  32 MB  (peak RAM = one chunk)
================================================================================
Read chunks: 128 MB × 4 workers  (peak RAM ≤ 512 MB)
================================================================================
[FileReader] path=/mnt/pfs/checkpointing/llama3-8b/global_epoch1_step1/zero_pp_rank_7_mp_rank_0_optim_states.pt  fadvise=dontneed
[FileReader] path=/mnt/pfs/checkpointing/llama3-8b/global_epoch1_step1/zero_pp_rank_7_mp_rank_0_optim_states.pt  fadvise=dontneed
[FileReader] path=/mnt/pfs/checkpointing/llama3-8b/global_epoch1_step1/zero_pp_rank_7_mp_rank_0_optim_states.pt  fadvise=dontneed
[FileReader] path=/mnt/pfs/checkpointing/llama3-8b/global_epoch1_step1/zero_pp_rank_7_mp_rank_0_optim_states.pt  fadvise=dontneed

================================================================================
LOAD RESULTS
================================================================================
I/O:        0.2419s @ 7.73 GB/s
Total:      0.2452s
Chunks:     16
================================================================================
================================================================================
STREAMING CHECKPOINT LOAD - Byte-Range GETs
================================================================================
Input:       /mnt/pfs/checkpointing/llama3-8b/global_epoch1_step1/zero_pp_rank_6_mp_rank_0_optim_states.pt
Backend:     file
Total size:  11.22 GB
Chunk size:  32 MB  (peak RAM = one chunk)
================================================================================
Read chunks: 128 MB × 4 workers  (peak RAM ≤ 512 MB)
================================================================================
[FileReader] path=/mnt/pfs/checkpointing/llama3-8b/global_epoch1_step1/zero_pp_rank_6_mp_rank_0_optim_states.pt  fadvise=dontneed
[FileReader] path=/mnt/pfs/checkpointing/llama3-8b/global_epoch1_step1/zero_pp_rank_6_mp_rank_0_optim_states.pt  fadvise=dontneed
[FileReader] path=/mnt/pfs/checkpointing/llama3-8b/global_epoch1_step1/zero_pp_rank_6_mp_rank_0_optim_states.pt  fadvise=dontneed
[FileReader] path=/mnt/pfs/checkpointing/llama3-8b/global_epoch1_step1/zero_pp_rank_6_mp_rank_0_optim_states.pt  fadvise=dontneed

================================================================================
LOAD RESULTS
================================================================================
I/O:        0.2422s @ 7.72 GB/s
Total:      0.2488s
Chunks:     16
================================================================================
================================================================================
STREAMING CHECKPOINT LOAD - Byte-Range GETs
================================================================================
Input:       /mnt/pfs/checkpointing/llama3-8b/global_epoch1_step1/zero_pp_rank_0_mp_rank_0_optim_states.pt
Backend:     file
Total size:  11.22 GB
Chunk size:  32 MB  (peak RAM = one chunk)
================================================================================
Read chunks: 128 MB × 4 workers  (peak RAM ≤ 512 MB)
================================================================================
[FileReader] path=/mnt/pfs/checkpointing/llama3-8b/global_epoch1_step1/zero_pp_rank_0_mp_rank_0_optim_states.pt  fadvise=dontneed
[FileReader] path=/mnt/pfs/checkpointing/llama3-8b/global_epoch1_step1/zero_pp_rank_0_mp_rank_0_optim_states.pt  fadvise=dontneed
[FileReader] path=/mnt/pfs/checkpointing/llama3-8b/global_epoch1_step1/zero_pp_rank_0_mp_rank_0_optim_states.pt  fadvise=dontneed
[FileReader] path=/mnt/pfs/checkpointing/llama3-8b/global_epoch1_step1/zero_pp_rank_0_mp_rank_0_optim_states.pt  fadvise=dontneed

================================================================================
LOAD RESULTS
================================================================================
I/O:        0.2432s @ 7.69 GB/s
Total:      0.2514s
Chunks:     16
================================================================================
================================================================================
STREAMING CHECKPOINT LOAD - Byte-Range GETs
================================================================================
Input:       /mnt/pfs/checkpointing/llama3-8b/global_epoch1_step1/zero_pp_rank_4_mp_rank_0_optim_states.pt
Backend:     file
Total size:  11.22 GB
Chunk size:  32 MB  (peak RAM = one chunk)
================================================================================
Read chunks: 128 MB × 4 workers  (peak RAM ≤ 512 MB)
================================================================================
[FileReader] path=/mnt/pfs/checkpointing/llama3-8b/global_epoch1_step1/zero_pp_rank_4_mp_rank_0_optim_states.pt  fadvise=dontneed
[FileReader] path=/mnt/pfs/checkpointing/llama3-8b/global_epoch1_step1/zero_pp_rank_4_mp_rank_0_optim_states.pt  fadvise=dontneed
[FileReader] path=/mnt/pfs/checkpointing/llama3-8b/global_epoch1_step1/zero_pp_rank_4_mp_rank_0_optim_states.pt  fadvise=dontneed
[FileReader] path=/mnt/pfs/checkpointing/llama3-8b/global_epoch1_step1/zero_pp_rank_4_mp_rank_0_optim_states.pt  fadvise=dontneed

================================================================================
LOAD RESULTS
================================================================================
I/O:        0.2598s @ 7.20 GB/s
Total:      0.2608s
Chunks:     16
================================================================================
================================================================================
STREAMING CHECKPOINT LOAD - Byte-Range GETs
================================================================================
Input:       /mnt/pfs/checkpointing/llama3-8b/global_epoch1_step1/zero_pp_rank_3_mp_rank_0_optim_states.pt
Backend:     file
Total size:  11.22 GB
Chunk size:  32 MB  (peak RAM = one chunk)
================================================================================
Read chunks: 128 MB × 4 workers  (peak RAM ≤ 512 MB)
================================================================================
[FileReader] path=/mnt/pfs/checkpointing/llama3-8b/global_epoch1_step1/zero_pp_rank_3_mp_rank_0_optim_states.pt  fadvise=dontneed
[FileReader] path=/mnt/pfs/checkpointing/llama3-8b/global_epoch1_step1/zero_pp_rank_3_mp_rank_0_optim_states.pt  fadvise=dontneed
[FileReader] path=/mnt/pfs/checkpointing/llama3-8b/global_epoch1_step1/zero_pp_rank_3_mp_rank_0_optim_states.pt  fadvise=dontneed
[FileReader] path=/mnt/pfs/checkpointing/llama3-8b/global_epoch1_step1/zero_pp_rank_3_mp_rank_0_optim_states.pt  fadvise=dontneed
[Load w2] 2.00 GB  6.15 GB/s
[Load w1] 2.00 GB  6.04 GB/s
[Load w1] 2.00 GB  6.00 GB/s
[Load w1] 2.00 GB  6.05 GB/s
[Load w3] 2.00 GB  5.93 GB/s
[Load w3] 2.00 GB  6.00 GB/s
[Load w1] 2.00 GB  5.76 GB/s
[Load w0] 2.00 GB  5.66 GB/s
[Load w2] 2.00 GB  5.65 GB/s
[Load w3] 2.00 GB  5.73 GB/s
[Load w0] 2.00 GB  5.53 GB/s
[Load w2] 2.00 GB  5.55 GB/s
[Load w3] 2.00 GB  5.43 GB/s
[Load w1] 2.00 GB  5.62 GB/s
[Load w0] 2.00 GB  5.73 GB/s
[Load w1] 2.00 GB  5.47 GB/s
[Load w0] 2.00 GB  5.28 GB/s
[Load w1] 2.00 GB  5.55 GB/s
[Load w3] 2.00 GB  5.18 GB/s
[Load w0] 2.00 GB  5.23 GB/s
[Load w3] 2.00 GB  5.29 GB/s
[Load w2] 2.00 GB  5.20 GB/s
[Load w0] 2.00 GB  5.24 GB/s
[Load w2] 2.00 GB  5.03 GB/s
[Load w1] 2.00 GB  5.08 GB/s
[Load w0] 2.00 GB  5.06 GB/s
[Load w2] 2.00 GB  5.10 GB/s
[Load w2] 2.00 GB  5.05 GB/s
[Load w2] 2.00 GB  5.13 GB/s
[Load w0] 2.00 GB  4.94 GB/s
[Load w3] 2.00 GB  4.95 GB/s
[Load w3] 2.00 GB  4.78 GB/s

================================================================================
LOAD RESULTS
================================================================================
I/O:        0.5019s @ 22.35 GB/s
Total:      0.5029s
Chunks:     92
================================================================================

================================================================================
LOAD RESULTS
================================================================================
I/O:        0.5164s @ 21.72 GB/s
Total:      0.5174s
Chunks:     92
================================================================================

================================================================================
LOAD RESULTS
================================================================================
I/O:        0.5137s @ 21.84 GB/s
Total:      0.5144s
Chunks:     92
================================================================================

================================================================================
LOAD RESULTS
================================================================================
I/O:        0.5182s @ 21.65 GB/s
Total:      0.5190s
Chunks:     92
================================================================================

================================================================================
LOAD RESULTS
================================================================================
I/O:        0.5031s @ 22.30 GB/s
Total:      0.5042s
Chunks:     92
================================================================================

================================================================================
LOAD RESULTS
================================================================================
I/O:        0.5254s @ 21.35 GB/s
Total:      0.5263s
Chunks:     92
================================================================================

================================================================================
LOAD RESULTS
================================================================================
I/O:        0.5170s @ 21.70 GB/s
Total:      0.5178s
Chunks:     92
================================================================================

================================================================================
LOAD RESULTS
================================================================================
I/O:        0.5225s @ 21.47 GB/s
Total:      0.5234s
Chunks:     92
================================================================================
================================================================================
STREAMING CHECKPOINT LOAD - Byte-Range GETs
================================================================================
Input:       /mnt/pfs/checkpointing/llama3-8b/global_epoch1_step2/zero_pp_rank_5_mp_rank_0_model_states.pt
Backend:     file
================================================================================
STREAMING CHECKPOINT LOAD - Byte-Range GETs
================================================================================
Input:       /mnt/pfs/checkpointing/llama3-8b/global_epoch1_step2/zero_pp_rank_2_mp_rank_0_model_states.pt
Backend:     file
Total size:  1.87 GB
Chunk size:  32 MB  (peak RAM = one chunk)
================================================================================
STREAMING CHECKPOINT LOAD - Byte-Range GETs
================================================================================
Input:       /mnt/pfs/checkpointing/llama3-8b/global_epoch1_step2/zero_pp_rank_3_mp_rank_0_model_states.pt
Backend:     file
Total size:  1.87 GB
================================================================================
STREAMING CHECKPOINT LOAD - Byte-Range GETs
================================================================================
Input:       /mnt/pfs/checkpointing/llama3-8b/global_epoch1_step2/zero_pp_rank_4_mp_rank_0_model_states.pt
Backend:     file
Total size:  1.87 GB
Chunk size:  32 MB  (peak RAM = one chunk)
================================================================================
Read chunks: 128 MB × 4 workers  (peak RAM ≤ 512 MB)
================================================================================
Total size:  1.87 GB
Chunk size:  32 MB  (peak RAM = one chunk)
================================================================================
Read chunks: 128 MB × 4 workers  (peak RAM ≤ 512 MB)
================================================================================
================================================================================
Read chunks: 128 MB × 4 workers  (peak RAM ≤ 512 MB)
================================================================================
Chunk size:  32 MB  (peak RAM = one chunk)
================================================================================
================================================================================
STREAMING CHECKPOINT LOAD - Byte-Range GETs
================================================================================
[FileReader] path=/mnt/pfs/checkpointing/llama3-8b/global_epoch1_step2/zero_pp_rank_5_mp_rank_0_model_states.pt  fadvise=dontneed
Input:       /mnt/pfs/checkpointing/llama3-8b/global_epoch1_step2/zero_pp_rank_6_mp_rank_0_model_states.pt
================================================================================
STREAMING CHECKPOINT LOAD - Byte-Range GETs
================================================================================
Input:       /mnt/pfs/checkpointing/llama3-8b/global_epoch1_step2/zero_pp_rank_7_mp_rank_0_model_states.pt
Backend:     file
Total size:  1.87 GB
Chunk size:  32 MB  (peak RAM = one chunk)
================================================================================
Read chunks: 128 MB × 4 workers  (peak RAM ≤ 512 MB)
================================================================================
[FileReader] path=/mnt/pfs/checkpointing/llama3-8b/global_epoch1_step2/zero_pp_rank_4_mp_rank_0_model_states.pt  fadvise=dontneed
================================================================================
STREAMING CHECKPOINT LOAD - Byte-Range GETs
================================================================================
Input:       /mnt/pfs/checkpointing/llama3-8b/global_epoch1_step2/zero_pp_rank_1_mp_rank_0_model_states.pt
Backend:     file
Total size:  1.87 GB
Chunk size:  32 MB  (peak RAM = one chunk)
================================================================================
Read chunks: 128 MB × 4 workers  (peak RAM ≤ 512 MB)
================================================================================
[FileReader] path=/mnt/pfs/checkpointing/llama3-8b/global_epoch1_step2/zero_pp_rank_5_mp_rank_0_model_states.pt  fadvise=dontneed
[FileReader] path=/mnt/pfs/checkpointing/llama3-8b/global_epoch1_step2/zero_pp_rank_5_mp_rank_0_model_states.pt  fadvise=dontneed
[FileReader] path=/mnt/pfs/checkpointing/llama3-8b/global_epoch1_step2/zero_pp_rank_5_mp_rank_0_model_states.pt  fadvise=dontneed
Read chunks: 128 MB × 4 workers  (peak RAM ≤ 512 MB)
================================================================================
[FileReader] path=/mnt/pfs/checkpointing/llama3-8b/global_epoch1_step2/zero_pp_rank_1_mp_rank_0_model_states.pt  fadvise=dontneed
[FileReader] path=/mnt/pfs/checkpointing/llama3-8b/global_epoch1_step2/zero_pp_rank_1_mp_rank_0_model_states.pt  fadvise=dontneed
[FileReader] path=/mnt/pfs/checkpointing/llama3-8b/global_epoch1_step2/zero_pp_rank_7_mp_rank_0_model_states.pt  fadvise=dontneed
[FileReader] path=/mnt/pfs/checkpointing/llama3-8b/global_epoch1_step2/zero_pp_rank_7_mp_rank_0_model_states.pt  fadvise=dontneed
[FileReader] path=/mnt/pfs/checkpointing/llama3-8b/global_epoch1_step2/zero_pp_rank_3_mp_rank_0_model_states.pt  fadvise=dontneed
[FileReader] path=/mnt/pfs/checkpointing/llama3-8b/global_epoch1_step2/zero_pp_rank_3_mp_rank_0_model_states.pt  fadvise=dontneed
[FileReader] path=/mnt/pfs/checkpointing/llama3-8b/global_epoch1_step2/zero_pp_rank_7_mp_rank_0_model_states.pt  fadvise=dontneed
[FileReader] path=/mnt/pfs/checkpointing/llama3-8b/global_epoch1_step2/zero_pp_rank_7_mp_rank_0_model_states.pt  fadvise=dontneed
[FileReader] path=/mnt/pfs/checkpointing/llama3-8b/global_epoch1_step2/zero_pp_rank_1_mp_rank_0_model_states.pt  fadvise=dontneed
[FileReader] path=/mnt/pfs/checkpointing/llama3-8b/global_epoch1_step2/zero_pp_rank_1_mp_rank_0_model_states.pt  fadvise=dontneed
[FileReader] path=/mnt/pfs/checkpointing/llama3-8b/global_epoch1_step2/zero_pp_rank_3_mp_rank_0_model_states.pt  fadvise=dontneed
[FileReader] path=/mnt/pfs/checkpointing/llama3-8b/global_epoch1_step2/zero_pp_rank_3_mp_rank_0_model_states.pt  fadvise=dontneed
[FileReader] path=/mnt/pfs/checkpointing/llama3-8b/global_epoch1_step2/zero_pp_rank_2_mp_rank_0_model_states.pt  fadvise=dontneed
[FileReader] path=/mnt/pfs/checkpointing/llama3-8b/global_epoch1_step2/zero_pp_rank_2_mp_rank_0_model_states.pt  fadvise=dontneed
Backend:     file
Total size:  1.87 GB
Chunk size:  32 MB  (peak RAM = one chunk)
================================================================================
Read chunks: 128 MB × 4 workers  (peak RAM ≤ 512 MB)
================================================================================
STREAMING CHECKPOINT LOAD - Byte-Range GETs
================================================================================
Input:       /mnt/pfs/checkpointing/llama3-8b/global_epoch1_step2/zero_pp_rank_0_mp_rank_0_model_states.pt
Backend:     file
Total size:  1.87 GB
Chunk size:  32 MB  (peak RAM = one chunk)
================================================================================
Read chunks: 128 MB × 4 workers  (peak RAM ≤ 512 MB)
================================================================================
[FileReader] path=/mnt/pfs/checkpointing/llama3-8b/global_epoch1_step2/zero_pp_rank_2_mp_rank_0_model_states.pt  fadvise=dontneed
[FileReader] path=/mnt/pfs/checkpointing/llama3-8b/global_epoch1_step2/zero_pp_rank_2_mp_rank_0_model_states.pt  fadvise=dontneed
[FileReader] path=/mnt/pfs/checkpointing/llama3-8b/global_epoch1_step2/zero_pp_rank_4_mp_rank_0_model_states.pt  fadvise=dontneed
[FileReader] path=/mnt/pfs/checkpointing/llama3-8b/global_epoch1_step2/zero_pp_rank_4_mp_rank_0_model_states.pt  fadvise=dontneed
[FileReader] path=/mnt/pfs/checkpointing/llama3-8b/global_epoch1_step2/zero_pp_rank_4_mp_rank_0_model_states.pt  fadvise=dontneed
================================================================================
[FileReader] path=/mnt/pfs/checkpointing/llama3-8b/global_epoch1_step2/zero_pp_rank_6_mp_rank_0_model_states.pt  fadvise=dontneed
[FileReader] path=/mnt/pfs/checkpointing/llama3-8b/global_epoch1_step2/zero_pp_rank_0_mp_rank_0_model_states.pt  fadvise=dontneed
[FileReader] path=/mnt/pfs/checkpointing/llama3-8b/global_epoch1_step2/zero_pp_rank_6_mp_rank_0_model_states.pt  fadvise=dontneed
[FileReader] path=/mnt/pfs/checkpointing/llama3-8b/global_epoch1_step2/zero_pp_rank_0_mp_rank_0_model_states.pt  fadvise=dontneed
[FileReader] path=/mnt/pfs/checkpointing/llama3-8b/global_epoch1_step2/zero_pp_rank_0_mp_rank_0_model_states.pt  fadvise=dontneed
[FileReader] path=/mnt/pfs/checkpointing/llama3-8b/global_epoch1_step2/zero_pp_rank_6_mp_rank_0_model_states.pt  fadvise=dontneed
[FileReader] path=/mnt/pfs/checkpointing/llama3-8b/global_epoch1_step2/zero_pp_rank_6_mp_rank_0_model_states.pt  fadvise=dontneed
[FileReader] path=/mnt/pfs/checkpointing/llama3-8b/global_epoch1_step2/zero_pp_rank_0_mp_rank_0_model_states.pt  fadvise=dontneed

================================================================================
LOAD RESULTS
================================================================================
I/O:        0.0882s @ 21.20 GB/s
Total:      0.0888s
Chunks:     16
================================================================================
================================================================================
STREAMING CHECKPOINT LOAD - Byte-Range GETs
================================================================================
Input:       /mnt/pfs/checkpointing/llama3-8b/global_epoch1_step2/zero_pp_rank_3_mp_rank_0_optim_states.pt
Backend:     file
Total size:  11.22 GB
Chunk size:  32 MB  (peak RAM = one chunk)
================================================================================
Read chunks: 128 MB × 4 workers  (peak RAM ≤ 512 MB)
================================================================================
[FileReader] path=/mnt/pfs/checkpointing/llama3-8b/global_epoch1_step2/zero_pp_rank_3_mp_rank_0_optim_states.pt  fadvise=dontneed
[FileReader] path=/mnt/pfs/checkpointing/llama3-8b/global_epoch1_step2/zero_pp_rank_3_mp_rank_0_optim_states.pt  fadvise=dontneed
[FileReader] path=/mnt/pfs/checkpointing/llama3-8b/global_epoch1_step2/zero_pp_rank_3_mp_rank_0_optim_states.pt  fadvise=dontneed
[FileReader] path=/mnt/pfs/checkpointing/llama3-8b/global_epoch1_step2/zero_pp_rank_3_mp_rank_0_optim_states.pt  fadvise=dontneed

================================================================================
LOAD RESULTS
================================================================================
I/O:        0.0909s @ 20.56 GB/s
Total:      0.0920s
Chunks:     16
================================================================================
================================================================================
STREAMING CHECKPOINT LOAD - Byte-Range GETs
================================================================================
Input:       /mnt/pfs/checkpointing/llama3-8b/global_epoch1_step2/zero_pp_rank_4_mp_rank_0_optim_states.pt
Backend:     file
Total size:  11.22 GB
Chunk size:  32 MB  (peak RAM = one chunk)
================================================================================

================================================================================
LOAD RESULTS
================================================================================
Read chunks: 128 MB × 4 workers  (peak RAM ≤ 512 MB)
================================================================================
[FileReader] path=/mnt/pfs/checkpointing/llama3-8b/global_epoch1_step2/zero_pp_rank_4_mp_rank_0_optim_states.pt  fadvise=dontneed
[FileReader] path=/mnt/pfs/checkpointing/llama3-8b/global_epoch1_step2/zero_pp_rank_4_mp_rank_0_optim_states.pt  fadvise=dontneed
[FileReader] path=/mnt/pfs/checkpointing/llama3-8b/global_epoch1_step2/zero_pp_rank_4_mp_rank_0_optim_states.pt  fadvise=dontneed
[FileReader] path=/mnt/pfs/checkpointing/llama3-8b/global_epoch1_step2/zero_pp_rank_4_mp_rank_0_optim_states.pt  fadvise=dontneed
I/O:        0.0913s @ 20.47 GB/s
Total:      0.0923s
Chunks:     16
================================================================================
================================================================================
STREAMING CHECKPOINT LOAD - Byte-Range GETs
================================================================================
Input:       /mnt/pfs/checkpointing/llama3-8b/global_epoch1_step2/zero_pp_rank_7_mp_rank_0_optim_states.pt
Backend:     file
Total size:  11.22 GB
Chunk size:  32 MB  (peak RAM = one chunk)
================================================================================
Read chunks: 128 MB × 4 workers  (peak RAM ≤ 512 MB)
================================================================================
[FileReader] path=/mnt/pfs/checkpointing/llama3-8b/global_epoch1_step2/zero_pp_rank_7_mp_rank_0_optim_states.pt  fadvise=dontneed
[FileReader] path=/mnt/pfs/checkpointing/llama3-8b/global_epoch1_step2/zero_pp_rank_7_mp_rank_0_optim_states.pt  fadvise=dontneed
[FileReader] path=/mnt/pfs/checkpointing/llama3-8b/global_epoch1_step2/zero_pp_rank_7_mp_rank_0_optim_states.pt  fadvise=dontneed
[FileReader] path=/mnt/pfs/checkpointing/llama3-8b/global_epoch1_step2/zero_pp_rank_7_mp_rank_0_optim_states.pt  fadvise=dontneed

================================================================================
LOAD RESULTS
================================================================================
I/O:        0.0924s @ 20.23 GB/s
Total:      0.0936s
Chunks:     16
================================================================================
================================================================================
STREAMING CHECKPOINT LOAD - Byte-Range GETs
================================================================================
Input:       /mnt/pfs/checkpointing/llama3-8b/global_epoch1_step2/zero_pp_rank_6_mp_rank_0_optim_states.pt
Backend:     file
Total size:  11.22 GB
Chunk size:  32 MB  (peak RAM = one chunk)
================================================================================
Read chunks: 128 MB × 4 workers  (peak RAM ≤ 512 MB)
================================================================================
[FileReader] path=/mnt/pfs/checkpointing/llama3-8b/global_epoch1_step2/zero_pp_rank_6_mp_rank_0_optim_states.pt  fadvise=dontneed
[FileReader] path=/mnt/pfs/checkpointing/llama3-8b/global_epoch1_step2/zero_pp_rank_6_mp_rank_0_optim_states.pt  fadvise=dontneed
[FileReader] path=/mnt/pfs/checkpointing/llama3-8b/global_epoch1_step2/zero_pp_rank_6_mp_rank_0_optim_states.pt  fadvise=dontneed
[FileReader] path=/mnt/pfs/checkpointing/llama3-8b/global_epoch1_step2/zero_pp_rank_6_mp_rank_0_optim_states.pt  fadvise=dontneed

================================================================================
LOAD RESULTS
================================================================================
I/O:        0.0936s @ 19.98 GB/s
Total:      0.0942s
Chunks:     16
================================================================================
================================================================================
STREAMING CHECKPOINT LOAD - Byte-Range GETs
================================================================================
Input:       /mnt/pfs/checkpointing/llama3-8b/global_epoch1_step2/zero_pp_rank_2_mp_rank_0_optim_states.pt
Backend:     file
Total size:  11.22 GB
Chunk size:  32 MB  (peak RAM = one chunk)
================================================================================
Read chunks: 128 MB × 4 workers  (peak RAM ≤ 512 MB)
================================================================================
[FileReader] path=/mnt/pfs/checkpointing/llama3-8b/global_epoch1_step2/zero_pp_rank_2_mp_rank_0_optim_states.pt  fadvise=dontneed
[FileReader] path=/mnt/pfs/checkpointing/llama3-8b/global_epoch1_step2/zero_pp_rank_2_mp_rank_0_optim_states.pt  fadvise=dontneed
[FileReader] path=/mnt/pfs/checkpointing/llama3-8b/global_epoch1_step2/zero_pp_rank_2_mp_rank_0_optim_states.pt  fadvise=dontneed
[FileReader] path=/mnt/pfs/checkpointing/llama3-8b/global_epoch1_step2/zero_pp_rank_2_mp_rank_0_optim_states.pt  fadvise=dontneed

================================================================================
LOAD RESULTS
================================================================================
I/O:        0.0958s @ 19.52 GB/s
Total:      0.0968s
Chunks:     16
================================================================================
================================================================================
STREAMING CHECKPOINT LOAD - Byte-Range GETs
================================================================================
Input:       /mnt/pfs/checkpointing/llama3-8b/global_epoch1_step2/zero_pp_rank_5_mp_rank_0_optim_states.pt
Backend:     file
Total size:  11.22 GB
Chunk size:  32 MB  (peak RAM = one chunk)
================================================================================
Read chunks: 128 MB × 4 workers  (peak RAM ≤ 512 MB)
================================================================================
[FileReader] path=/mnt/pfs/checkpointing/llama3-8b/global_epoch1_step2/zero_pp_rank_5_mp_rank_0_optim_states.pt  fadvise=dontneed
[FileReader] path=/mnt/pfs/checkpointing/llama3-8b/global_epoch1_step2/zero_pp_rank_5_mp_rank_0_optim_states.pt  fadvise=dontneed
[FileReader] path=/mnt/pfs/checkpointing/llama3-8b/global_epoch1_step2/zero_pp_rank_5_mp_rank_0_optim_states.pt  fadvise=dontneed
[FileReader] path=/mnt/pfs/checkpointing/llama3-8b/global_epoch1_step2/zero_pp_rank_5_mp_rank_0_optim_states.pt  fadvise=dontneed

================================================================================
LOAD RESULTS
================================================================================
I/O:        0.0971s @ 19.25 GB/s
Total:      0.0983s
Chunks:     16
================================================================================
================================================================================
STREAMING CHECKPOINT LOAD - Byte-Range GETs
================================================================================
Input:       /mnt/pfs/checkpointing/llama3-8b/global_epoch1_step2/zero_pp_rank_1_mp_rank_0_optim_states.pt
Backend:     file
Total size:  11.22 GB
Chunk size:  32 MB  (peak RAM = one chunk)
================================================================================
Read chunks: 128 MB × 4 workers  (peak RAM ≤ 512 MB)
================================================================================
[FileReader] path=/mnt/pfs/checkpointing/llama3-8b/global_epoch1_step2/zero_pp_rank_1_mp_rank_0_optim_states.pt  fadvise=dontneed
[FileReader] path=/mnt/pfs/checkpointing/llama3-8b/global_epoch1_step2/zero_pp_rank_1_mp_rank_0_optim_states.pt  fadvise=dontneed
[FileReader] path=/mnt/pfs/checkpointing/llama3-8b/global_epoch1_step2/zero_pp_rank_1_mp_rank_0_optim_states.pt  fadvise=dontneed
[FileReader] path=/mnt/pfs/checkpointing/llama3-8b/global_epoch1_step2/zero_pp_rank_1_mp_rank_0_optim_states.pt  fadvise=dontneed

================================================================================
LOAD RESULTS
================================================================================
I/O:        0.0990s @ 18.89 GB/s
Total:      0.1000s
Chunks:     16
================================================================================
================================================================================
STREAMING CHECKPOINT LOAD - Byte-Range GETs
================================================================================
Input:       /mnt/pfs/checkpointing/llama3-8b/global_epoch1_step2/zero_pp_rank_0_mp_rank_0_optim_states.pt
Backend:     file
Total size:  11.22 GB
Chunk size:  32 MB  (peak RAM = one chunk)
================================================================================
Read chunks: 128 MB × 4 workers  (peak RAM ≤ 512 MB)
================================================================================
[FileReader] path=/mnt/pfs/checkpointing/llama3-8b/global_epoch1_step2/zero_pp_rank_0_mp_rank_0_optim_states.pt  fadvise=dontneed
[FileReader] path=/mnt/pfs/checkpointing/llama3-8b/global_epoch1_step2/zero_pp_rank_0_mp_rank_0_optim_states.pt  fadvise=dontneed
[FileReader] path=/mnt/pfs/checkpointing/llama3-8b/global_epoch1_step2/zero_pp_rank_0_mp_rank_0_optim_states.pt  fadvise=dontneed
[FileReader] path=/mnt/pfs/checkpointing/llama3-8b/global_epoch1_step2/zero_pp_rank_0_mp_rank_0_optim_states.pt  fadvise=dontneed
[Load w3] 2.00 GB  5.88 GB/s
[Load w1] 2.00 GB  5.81 GB/s
[Load w1] 2.00 GB  5.77 GB/s
[Load w3] 2.00 GB  5.72 GB/s
[Load w3] 2.00 GB  5.59 GB/s
[Load w0] 2.00 GB  5.77 GB/s
[Load w2] 2.00 GB  5.64 GB/s
[Load w2] 2.00 GB  5.58 GB/s
[Load w0] 2.00 GB  5.51 GB/s
[Load w0] 2.00 GB  5.59 GB/s
[Load w1] 2.00 GB  5.48 GB/s
[Load w0] 2.00 GB  5.52 GB/s
[Load w2] 2.00 GB  5.62 GB/s
[Load w0] 2.00 GB  5.52 GB/s
[Load w2] 2.00 GB  5.48 GB/s
[Load w0] 2.00 GB  5.54 GB/s
[Load w0] 2.00 GB  5.49 GB/s
[Load w0] 2.00 GB  5.55 GB/s
[Load w3] 2.00 GB  5.47 GB/s
[Load w3] 2.00 GB  5.55 GB/s
[Load w3] 2.00 GB  5.41 GB/s
[Load w2] 2.00 GB  5.52 GB/s
[Load w1] 2.00 GB  5.52 GB/s
[Load w3] 2.00 GB  5.39 GB/s
[Load w1] 2.00 GB  5.44 GB/s
[Load w2] 2.00 GB  5.31 GB/s
[Load w2] 2.00 GB  5.41 GB/s
[Load w1] 2.00 GB  5.31 GB/s
[Load w2] 2.00 GB  5.29 GB/s
[Load w3] 2.00 GB  5.33 GB/s
[Load w1] 2.00 GB  5.24 GB/s
[Load w1] 2.00 GB  4.96 GB/s

================================================================================
LOAD RESULTS
================================================================================
I/O:        0.5086s @ 22.06 GB/s
Total:      0.5091s
Chunks:     92
================================================================================

================================================================================
LOAD RESULTS
================================================================================
I/O:        0.5028s @ 22.31 GB/s
Total:      0.5037s
Chunks:     92
================================================================================

================================================================================
LOAD RESULTS
================================================================================
I/O:        0.5103s @ 21.99 GB/s
Total:      0.5111s
Chunks:     92
================================================================================

================================================================================
LOAD RESULTS
================================================================================
I/O:        0.5128s @ 21.88 GB/s
Total:      0.5135s
Chunks:     92
================================================================================

================================================================================
LOAD RESULTS
================================================================================
I/O:        0.5072s @ 22.12 GB/s
Total:      0.5078s
Chunks:     92
================================================================================

================================================================================
LOAD RESULTS
================================================================================
I/O:        0.5134s @ 21.85 GB/s
Total:      0.5140s
Chunks:     92
================================================================================

================================================================================
LOAD RESULTS
================================================================================
I/O:        0.5122s @ 21.90 GB/s
Total:      0.5130s
Chunks:     92
================================================================================

================================================================================
LOAD RESULTS
================================================================================
I/O:        0.5162s @ 21.73 GB/s
Total:      0.5168s
Chunks:     92
================================================================================
================================================================================
STREAMING CHECKPOINT LOAD - Byte-Range GETs
================================================================================
Input:       /mnt/pfs/checkpointing/llama3-8b/global_epoch1_step3/zero_pp_rank_4_mp_rank_0_model_states.pt
Backend:     file
Total size:  1.87 GB
Chunk size:  32 MB  (peak RAM = one chunk)
================================================================================
================================================================================
STREAMING CHECKPOINT LOAD - Byte-Range GETs
================================================================================
Input:       /mnt/pfs/checkpointing/llama3-8b/global_epoch1_step3/zero_pp_rank_3_mp_rank_0_model_states.pt
Backend:     file
Total size:  1.87 GB
================================================================================
STREAMING CHECKPOINT LOAD - Byte-Range GETs
================================================================================
Input:       /mnt/pfs/checkpointing/llama3-8b/global_epoch1_step3/zero_pp_rank_5_mp_rank_0_model_states.pt
Backend:     file
Chunk size:  32 MB  (peak RAM = one chunk)
================================================================================
Read chunks: 128 MB × 4 workers  (peak RAM ≤ 512 MB)
================================================================================
Total size:  1.87 GB
Chunk size:  32 MB  (peak RAM = one chunk)
================================================================================
Read chunks: 128 MB × 4 workers  (peak RAM ≤ 512 MB)
================================================================================
================================================================================
STREAMING CHECKPOINT LOAD - Byte-Range GETs
================================================================================
Input:       /mnt/pfs/checkpointing/llama3-8b/global_epoch1_step3/zero_pp_rank_6_mp_rank_0_model_states.pt
Backend:     file
Total size:  1.87 GB
Chunk size:  32 MB  (peak RAM = one chunk)
================================================================================
Read chunks: 128 MB × 4 workers  (peak RAM ≤ 512 MB)
================================================================================
================================================================================
STREAMING CHECKPOINT LOAD - Byte-Range GETs
================================================================================
================================================================================
STREAMING CHECKPOINT LOAD - Byte-Range GETs
================================================================================
Input:       /mnt/pfs/checkpointing/llama3-8b/global_epoch1_step3/zero_pp_rank_7_mp_rank_0_model_states.pt
Backend:     file
Read chunks: 128 MB × 4 workers  (peak RAM ≤ 512 MB)
================================================================================
[FileReader] path=/mnt/pfs/checkpointing/llama3-8b/global_epoch1_step3/zero_pp_rank_4_mp_rank_0_model_states.pt  fadvise=dontneed
================================================================================
STREAMING CHECKPOINT LOAD - Byte-Range GETs
================================================================================
Input:       /mnt/pfs/checkpointing/llama3-8b/global_epoch1_step3/zero_pp_rank_2_mp_rank_0_model_states.pt
Backend:     file
Total size:  1.87 GB
Chunk size:  32 MB  (peak RAM = one chunk)
================================================================================
Read chunks: 128 MB × 4 workers  (peak RAM ≤ 512 MB)
================================================================================
================================================================================
STREAMING CHECKPOINT LOAD - Byte-Range GETs
================================================================================
Input:       /mnt/pfs/checkpointing/llama3-8b/global_epoch1_step3/zero_pp_rank_0_mp_rank_0_model_states.pt
Backend:     file
[FileReader] path=/mnt/pfs/checkpointing/llama3-8b/global_epoch1_step3/zero_pp_rank_5_mp_rank_0_model_states.pt  fadvise=dontneed
Input:       /mnt/pfs/checkpointing/llama3-8b/global_epoch1_step3/zero_pp_rank_1_mp_rank_0_model_states.pt
Backend:     file
Total size:  1.87 GB
Chunk size:  32 MB  (peak RAM = one chunk)
================================================================================
[FileReader] path=/mnt/pfs/checkpointing/llama3-8b/global_epoch1_step3/zero_pp_rank_4_mp_rank_0_model_states.pt  fadvise=dontneed
[FileReader] path=/mnt/pfs/checkpointing/llama3-8b/global_epoch1_step3/zero_pp_rank_4_mp_rank_0_model_states.pt  fadvise=dontneed
[FileReader] path=/mnt/pfs/checkpointing/llama3-8b/global_epoch1_step3/zero_pp_rank_4_mp_rank_0_model_states.pt  fadvise=dontneed
Total size:  1.87 GB
Chunk size:  32 MB  (peak RAM = one chunk)
================================================================================
[FileReader] path=/mnt/pfs/checkpointing/llama3-8b/global_epoch1_step3/zero_pp_rank_6_mp_rank_0_model_states.pt  fadvise=dontneed
[FileReader] path=/mnt/pfs/checkpointing/llama3-8b/global_epoch1_step3/zero_pp_rank_6_mp_rank_0_model_states.pt  fadvise=dontneed
[FileReader] path=/mnt/pfs/checkpointing/llama3-8b/global_epoch1_step3/zero_pp_rank_3_mp_rank_0_model_states.pt  fadvise=dontneed
[FileReader] path=/mnt/pfs/checkpointing/llama3-8b/global_epoch1_step3/zero_pp_rank_3_mp_rank_0_model_states.pt  fadvise=dontneed
Read chunks: 128 MB × 4 workers  (peak RAM ≤ 512 MB)
================================================================================
Read chunks: 128 MB × 4 workers  (peak RAM ≤ 512 MB)
================================================================================
[FileReader] path=/mnt/pfs/checkpointing/llama3-8b/global_epoch1_step3/zero_pp_rank_5_mp_rank_0_model_states.pt  fadvise=dontneed
[FileReader] path=/mnt/pfs/checkpointing/llama3-8b/global_epoch1_step3/zero_pp_rank_5_mp_rank_0_model_states.pt  fadvise=dontneed
[FileReader] path=/mnt/pfs/checkpointing/llama3-8b/global_epoch1_step3/zero_pp_rank_5_mp_rank_0_model_states.pt  fadvise=dontneed
Total size:  1.87 GB
Chunk size:  32 MB  (peak RAM = one chunk)
================================================================================
[FileReader] path=/mnt/pfs/checkpointing/llama3-8b/global_epoch1_step3/zero_pp_rank_3_mp_rank_0_model_states.pt  fadvise=dontneed
[FileReader] path=/mnt/pfs/checkpointing/llama3-8b/global_epoch1_step3/zero_pp_rank_3_mp_rank_0_model_states.pt  fadvise=dontneed
[FileReader] path=/mnt/pfs/checkpointing/llama3-8b/global_epoch1_step3/zero_pp_rank_2_mp_rank_0_model_states.pt  fadvise=dontneed
[FileReader] path=/mnt/pfs/checkpointing/llama3-8b/global_epoch1_step3/zero_pp_rank_2_mp_rank_0_model_states.pt  fadvise=dontneed
[FileReader] path=/mnt/pfs/checkpointing/llama3-8b/global_epoch1_step3/zero_pp_rank_2_mp_rank_0_model_states.pt  fadvise=dontneed
[FileReader] path=/mnt/pfs/checkpointing/llama3-8b/global_epoch1_step3/zero_pp_rank_7_mp_rank_0_model_states.pt  fadvise=dontneed
Read chunks: 128 MB × 4 workers  (peak RAM ≤ 512 MB)
================================================================================
[FileReader] path=/mnt/pfs/checkpointing/llama3-8b/global_epoch1_step3/zero_pp_rank_1_mp_rank_0_model_states.pt  fadvise=dontneed
[FileReader] path=/mnt/pfs/checkpointing/llama3-8b/global_epoch1_step3/zero_pp_rank_6_mp_rank_0_model_states.pt  fadvise=dontneed
[FileReader] path=/mnt/pfs/checkpointing/llama3-8b/global_epoch1_step3/zero_pp_rank_6_mp_rank_0_model_states.pt  fadvise=dontneed
[FileReader] path=/mnt/pfs/checkpointing/llama3-8b/global_epoch1_step3/zero_pp_rank_7_mp_rank_0_model_states.pt  fadvise=dontneed
[FileReader] path=/mnt/pfs/checkpointing/llama3-8b/global_epoch1_step3/zero_pp_rank_2_mp_rank_0_model_states.pt  fadvise=dontneed
[FileReader] path=/mnt/pfs/checkpointing/llama3-8b/global_epoch1_step3/zero_pp_rank_1_mp_rank_0_model_states.pt  fadvise=dontneed
[FileReader] path=/mnt/pfs/checkpointing/llama3-8b/global_epoch1_step3/zero_pp_rank_0_mp_rank_0_model_states.pt  fadvise=dontneed
[FileReader] path=/mnt/pfs/checkpointing/llama3-8b/global_epoch1_step3/zero_pp_rank_7_mp_rank_0_model_states.pt  fadvise=dontneed
[FileReader] path=/mnt/pfs/checkpointing/llama3-8b/global_epoch1_step3/zero_pp_rank_0_mp_rank_0_model_states.pt  fadvise=dontneed
[FileReader] path=/mnt/pfs/checkpointing/llama3-8b/global_epoch1_step3/zero_pp_rank_1_mp_rank_0_model_states.pt  fadvise=dontneed
[FileReader] path=/mnt/pfs/checkpointing/llama3-8b/global_epoch1_step3/zero_pp_rank_0_mp_rank_0_model_states.pt  fadvise=dontneed
[FileReader] path=/mnt/pfs/checkpointing/llama3-8b/global_epoch1_step3/zero_pp_rank_7_mp_rank_0_model_states.pt  fadvise=dontneed
[FileReader] path=/mnt/pfs/checkpointing/llama3-8b/global_epoch1_step3/zero_pp_rank_0_mp_rank_0_model_states.pt  fadvise=dontneed
[FileReader] path=/mnt/pfs/checkpointing/llama3-8b/global_epoch1_step3/zero_pp_rank_1_mp_rank_0_model_states.pt  fadvise=dontneed

================================================================================
LOAD RESULTS
================================================================================
I/O:        0.0846s @ 22.11 GB/s
Total:      0.0854s
Chunks:     16
================================================================================
================================================================================
STREAMING CHECKPOINT LOAD - Byte-Range GETs
================================================================================
Input:       /mnt/pfs/checkpointing/llama3-8b/global_epoch1_step3/zero_pp_rank_2_mp_rank_0_optim_states.pt
Backend:     file
Total size:  11.22 GB
Chunk size:  32 MB  (peak RAM = one chunk)
================================================================================
Read chunks: 128 MB × 4 workers  (peak RAM ≤ 512 MB)
================================================================================
[FileReader] path=/mnt/pfs/checkpointing/llama3-8b/global_epoch1_step3/zero_pp_rank_2_mp_rank_0_optim_states.pt  fadvise=dontneed
[FileReader] path=/mnt/pfs/checkpointing/llama3-8b/global_epoch1_step3/zero_pp_rank_2_mp_rank_0_optim_states.pt  fadvise=dontneed
[FileReader] path=/mnt/pfs/checkpointing/llama3-8b/global_epoch1_step3/zero_pp_rank_2_mp_rank_0_optim_states.pt  fadvise=dontneed
[FileReader] path=/mnt/pfs/checkpointing/llama3-8b/global_epoch1_step3/zero_pp_rank_2_mp_rank_0_optim_states.pt  fadvise=dontneed

================================================================================
LOAD RESULTS
================================================================================
I/O:        0.0864s @ 21.63 GB/s
Total:      0.0869s
Chunks:     16
================================================================================
================================================================================
STREAMING CHECKPOINT LOAD - Byte-Range GETs
================================================================================
Input:       /mnt/pfs/checkpointing/llama3-8b/global_epoch1_step3/zero_pp_rank_3_mp_rank_0_optim_states.pt
Backend:     file
Total size:  11.22 GB
Chunk size:  32 MB  (peak RAM = one chunk)
================================================================================
Read chunks: 128 MB × 4 workers  (peak RAM ≤ 512 MB)
================================================================================
[FileReader] path=/mnt/pfs/checkpointing/llama3-8b/global_epoch1_step3/zero_pp_rank_3_mp_rank_0_optim_states.pt  fadvise=dontneed
[FileReader] path=/mnt/pfs/checkpointing/llama3-8b/global_epoch1_step3/zero_pp_rank_3_mp_rank_0_optim_states.pt  fadvise=dontneed
[FileReader] path=/mnt/pfs/checkpointing/llama3-8b/global_epoch1_step3/zero_pp_rank_3_mp_rank_0_optim_states.pt  fadvise=dontneed
[FileReader] path=/mnt/pfs/checkpointing/llama3-8b/global_epoch1_step3/zero_pp_rank_3_mp_rank_0_optim_states.pt  fadvise=dontneed

================================================================================
LOAD RESULTS
================================================================================
I/O:        0.0865s @ 21.62 GB/s
Total:      0.0875s
Chunks:     16
================================================================================
================================================================================
STREAMING CHECKPOINT LOAD - Byte-Range GETs
================================================================================
Input:       /mnt/pfs/checkpointing/llama3-8b/global_epoch1_step3/zero_pp_rank_4_mp_rank_0_optim_states.pt
Backend:     file
Total size:  11.22 GB
Chunk size:  32 MB  (peak RAM = one chunk)
================================================================================
Read chunks: 128 MB × 4 workers  (peak RAM ≤ 512 MB)
================================================================================
[FileReader] path=/mnt/pfs/checkpointing/llama3-8b/global_epoch1_step3/zero_pp_rank_4_mp_rank_0_optim_states.pt  fadvise=dontneed
[FileReader] path=/mnt/pfs/checkpointing/llama3-8b/global_epoch1_step3/zero_pp_rank_4_mp_rank_0_optim_states.pt  fadvise=dontneed
[FileReader] path=/mnt/pfs/checkpointing/llama3-8b/global_epoch1_step3/zero_pp_rank_4_mp_rank_0_optim_states.pt  fadvise=dontneed
[FileReader] path=/mnt/pfs/checkpointing/llama3-8b/global_epoch1_step3/zero_pp_rank_4_mp_rank_0_optim_states.pt  fadvise=dontneed

================================================================================
LOAD RESULTS
================================================================================
I/O:        0.0880s @ 21.24 GB/s
Total:      0.0888s
Chunks:     16

================================================================================
LOAD RESULTS
================================================================================
================================================================================
I/O:        0.0878s @ 21.29 GB/s
Total:      0.0888s
Chunks:     16
================================================================================
================================================================================
STREAMING CHECKPOINT LOAD - Byte-Range GETs
================================================================================
Input:       /mnt/pfs/checkpointing/llama3-8b/global_epoch1_step3/zero_pp_rank_5_mp_rank_0_optim_states.pt
Backend:     file
Total size:  11.22 GB
Chunk size:  32 MB  (peak RAM = one chunk)
================================================================================
Read chunks: 128 MB × 4 workers  (peak RAM ≤ 512 MB)
================================================================================
================================================================================
STREAMING CHECKPOINT LOAD - Byte-Range GETs
================================================================================
Input:       /mnt/pfs/checkpointing/llama3-8b/global_epoch1_step3/zero_pp_rank_7_mp_rank_0_optim_states.pt
[FileReader] path=/mnt/pfs/checkpointing/llama3-8b/global_epoch1_step3/zero_pp_rank_5_mp_rank_0_optim_states.pt  fadvise=dontneed
Backend:     file
Total size:  11.22 GB
Chunk size:  32 MB  (peak RAM = one chunk)
================================================================================
[FileReader] path=/mnt/pfs/checkpointing/llama3-8b/global_epoch1_step3/zero_pp_rank_5_mp_rank_0_optim_states.pt  fadvise=dontneed
[FileReader] path=/mnt/pfs/checkpointing/llama3-8b/global_epoch1_step3/zero_pp_rank_5_mp_rank_0_optim_states.pt  fadvise=dontneed
Read chunks: 128 MB × 4 workers  (peak RAM ≤ 512 MB)
================================================================================
[FileReader] path=/mnt/pfs/checkpointing/llama3-8b/global_epoch1_step3/zero_pp_rank_5_mp_rank_0_optim_states.pt  fadvise=dontneed
[FileReader] path=/mnt/pfs/checkpointing/llama3-8b/global_epoch1_step3/zero_pp_rank_7_mp_rank_0_optim_states.pt  fadvise=dontneed
[FileReader] path=/mnt/pfs/checkpointing/llama3-8b/global_epoch1_step3/zero_pp_rank_7_mp_rank_0_optim_states.pt  fadvise=dontneed
[FileReader] path=/mnt/pfs/checkpointing/llama3-8b/global_epoch1_step3/zero_pp_rank_7_mp_rank_0_optim_states.pt  fadvise=dontneed
[FileReader] path=/mnt/pfs/checkpointing/llama3-8b/global_epoch1_step3/zero_pp_rank_7_mp_rank_0_optim_states.pt  fadvise=dontneed

================================================================================
LOAD RESULTS
================================================================================
I/O:        0.0893s @ 20.93 GB/s
Total:      0.0900s
Chunks:     16
================================================================================
================================================================================
STREAMING CHECKPOINT LOAD - Byte-Range GETs
================================================================================
Input:       /mnt/pfs/checkpointing/llama3-8b/global_epoch1_step3/zero_pp_rank_1_mp_rank_0_optim_states.pt
Backend:     file
Total size:  11.22 GB
Chunk size:  32 MB  (peak RAM = one chunk)
================================================================================
Read chunks: 128 MB × 4 workers  (peak RAM ≤ 512 MB)
================================================================================
[FileReader] path=/mnt/pfs/checkpointing/llama3-8b/global_epoch1_step3/zero_pp_rank_1_mp_rank_0_optim_states.pt  fadvise=dontneed
[FileReader] path=/mnt/pfs/checkpointing/llama3-8b/global_epoch1_step3/zero_pp_rank_1_mp_rank_0_optim_states.pt  fadvise=dontneed
[FileReader] path=/mnt/pfs/checkpointing/llama3-8b/global_epoch1_step3/zero_pp_rank_1_mp_rank_0_optim_states.pt  fadvise=dontneed
[FileReader] path=/mnt/pfs/checkpointing/llama3-8b/global_epoch1_step3/zero_pp_rank_1_mp_rank_0_optim_states.pt  fadvise=dontneed

================================================================================
LOAD RESULTS
================================================================================
I/O:        0.0899s @ 20.79 GB/s
Total:      0.0904s
Chunks:     16
================================================================================
================================================================================
STREAMING CHECKPOINT LOAD - Byte-Range GETs
================================================================================
Input:       /mnt/pfs/checkpointing/llama3-8b/global_epoch1_step3/zero_pp_rank_0_mp_rank_0_optim_states.pt
Backend:     file
Total size:  11.22 GB
Chunk size:  32 MB  (peak RAM = one chunk)
================================================================================
Read chunks: 128 MB × 4 workers  (peak RAM ≤ 512 MB)
================================================================================
[FileReader] path=/mnt/pfs/checkpointing/llama3-8b/global_epoch1_step3/zero_pp_rank_0_mp_rank_0_optim_states.pt  fadvise=dontneed
[FileReader] path=/mnt/pfs/checkpointing/llama3-8b/global_epoch1_step3/zero_pp_rank_0_mp_rank_0_optim_states.pt  fadvise=dontneed
[FileReader] path=/mnt/pfs/checkpointing/llama3-8b/global_epoch1_step3/zero_pp_rank_0_mp_rank_0_optim_states.pt  fadvise=dontneed
[FileReader] path=/mnt/pfs/checkpointing/llama3-8b/global_epoch1_step3/zero_pp_rank_0_mp_rank_0_optim_states.pt  fadvise=dontneed

================================================================================
LOAD RESULTS
================================================================================
I/O:        0.0985s @ 18.98 GB/s
Total:      0.0996s
Chunks:     16
================================================================================
================================================================================
STREAMING CHECKPOINT LOAD - Byte-Range GETs
================================================================================
Input:       /mnt/pfs/checkpointing/llama3-8b/global_epoch1_step3/zero_pp_rank_6_mp_rank_0_optim_states.pt
Backend:     file
Total size:  11.22 GB
Chunk size:  32 MB  (peak RAM = one chunk)
================================================================================
Read chunks: 128 MB × 4 workers  (peak RAM ≤ 512 MB)
================================================================================
[FileReader] path=/mnt/pfs/checkpointing/llama3-8b/global_epoch1_step3/zero_pp_rank_6_mp_rank_0_optim_states.pt  fadvise=dontneed
[FileReader] path=/mnt/pfs/checkpointing/llama3-8b/global_epoch1_step3/zero_pp_rank_6_mp_rank_0_optim_states.pt  fadvise=dontneed
[FileReader] path=/mnt/pfs/checkpointing/llama3-8b/global_epoch1_step3/zero_pp_rank_6_mp_rank_0_optim_states.pt  fadvise=dontneed
[FileReader] path=/mnt/pfs/checkpointing/llama3-8b/global_epoch1_step3/zero_pp_rank_6_mp_rank_0_optim_states.pt  fadvise=dontneed
[Load w3] 2.00 GB  5.85 GB/s
[Load w1] 2.00 GB  5.74 GB/s
[Load w3] 2.00 GB  5.70 GB/s
[Load w3] 2.00 GB  5.72 GB/s
[Load w3] 2.00 GB  5.68 GB/s
[Load w1] 2.00 GB  5.68 GB/s
[Load w2] 2.00 GB  5.67 GB/s
[Load w2] 2.00 GB  5.64 GB/s
[Load w0] 2.00 GB  5.55 GB/s
[Load w2] 2.00 GB  5.75 GB/s
[Load w3] 2.00 GB  5.53 GB/s
[Load w0] 2.00 GB  5.53 GB/s
[Load w3] 2.00 GB  5.55 GB/s
[Load w2] 2.00 GB  5.48 GB/s
[Load w0] 2.00 GB  5.46 GB/s
[Load w1] 2.00 GB  5.45 GB/s
[Load w0] 2.00 GB  5.52 GB/s
[Load w0] 2.00 GB  5.46 GB/s
[Load w1] 2.00 GB  5.43 GB/s
[Load w1] 2.00 GB  5.40 GB/s
[Load w1] 2.00 GB  5.59 GB/s
[Load w2] 2.00 GB  5.36 GB/s
[Load w2] 2.00 GB  5.41 GB/s
[Load w1] 2.00 GB  5.38 GB/s
[Load w0] 2.00 GB  5.40 GB/s
[Load w1] 2.00 GB  5.38 GB/s
[Load w2] 2.00 GB  5.32 GB/s
[Load w2] 2.00 GB  5.32 GB/s
[Load w3] 2.00 GB  5.45 GB/s
[Load w3] 2.00 GB  5.28 GB/s
[Load w0] 2.00 GB  5.21 GB/s
[Load w0] 2.00 GB  5.33 GB/s

================================================================================
LOAD RESULTS
================================================================================
I/O:        0.5089s @ 22.04 GB/s
Total:      0.5094s
Chunks:     92
================================================================================

================================================================================
LOAD RESULTS
================================================================================
I/O:        0.5099s @ 22.00 GB/s
Total:      0.5106s
Chunks:     92
================================================================================

================================================================================
LOAD RESULTS
================================================================================
I/O:        0.5097s @ 22.01 GB/s
Total:      0.5102s
Chunks:     92
================================================================================

================================================================================
LOAD RESULTS
================================================================================
I/O:        0.5088s @ 22.05 GB/s
Total:      0.5094s
Chunks:     92
================================================================================

================================================================================
LOAD RESULTS
================================================================================
I/O:        0.5100s @ 22.00 GB/s
Total:      0.5109s
Chunks:     92
================================================================================

================================================================================
LOAD RESULTS
================================================================================
I/O:        0.5024s @ 22.33 GB/s
Total:      0.5029s
Chunks:     92
================================================================================

================================================================================
LOAD RESULTS
================================================================================
I/O:        0.5129s @ 21.87 GB/s
Total:      0.5138s
Chunks:     92
================================================================================

================================================================================
LOAD RESULTS
================================================================================
I/O:        0.5148s @ 21.79 GB/s
Total:      0.5154s
Chunks:     92
================================================================================
================================================================================
STREAMING CHECKPOINT LOAD - Byte-Range GETs
================================================================================
Input:       /mnt/pfs/checkpointing/llama3-8b/global_epoch1_step4/zero_pp_rank_4_mp_rank_0_model_states.pt
Backend:     file
Total size:  1.87 GB
Chunk size:  32 MB  (peak RAM = one chunk)
================================================================================
STREAMING CHECKPOINT LOAD - Byte-Range GETs
================================================================================
Input:       /mnt/pfs/checkpointing/llama3-8b/global_epoch1_step4/zero_pp_rank_2_mp_rank_0_model_states.pt
================================================================================
Read chunks: 128 MB × 4 workers  (peak RAM ≤ 512 MB)
================================================================================
================================================================================
STREAMING CHECKPOINT LOAD - Byte-Range GETs
================================================================================
================================================================================
STREAMING CHECKPOINT LOAD - Byte-Range GETs
================================================================================
Input:       /mnt/pfs/checkpointing/llama3-8b/global_epoch1_step4/zero_pp_rank_7_mp_rank_0_model_states.pt
Backend:     file
Total size:  1.87 GB
Chunk size:  32 MB  (peak RAM = one chunk)
================================================================================
================================================================================
STREAMING CHECKPOINT LOAD - Byte-Range GETs
================================================================================
Input:       /mnt/pfs/checkpointing/llama3-8b/global_epoch1_step4/zero_pp_rank_6_mp_rank_0_model_states.pt
Backend:     file
Backend:     file
Total size:  1.87 GB
Chunk size:  32 MB  (peak RAM = one chunk)
================================================================================
Read chunks: 128 MB × 4 workers  (peak RAM ≤ 512 MB)
================================================================================
================================================================================
STREAMING CHECKPOINT LOAD - Byte-Range GETs
================================================================================
Input:       /mnt/pfs/checkpointing/llama3-8b/global_epoch1_step4/zero_pp_rank_3_mp_rank_0_model_states.pt
Backend:     file
[FileReader] path=/mnt/pfs/checkpointing/llama3-8b/global_epoch1_step4/zero_pp_rank_4_mp_rank_0_model_states.pt  fadvise=dontneed
[FileReader] path=/mnt/pfs/checkpointing/llama3-8b/global_epoch1_step4/zero_pp_rank_4_mp_rank_0_model_states.pt  fadvise=dontneed
================================================================================
STREAMING CHECKPOINT LOAD - Byte-Range GETs
================================================================================
Input:       /mnt/pfs/checkpointing/llama3-8b/global_epoch1_step4/zero_pp_rank_1_mp_rank_0_model_states.pt
Backend:     file
Input:       /mnt/pfs/checkpointing/llama3-8b/global_epoch1_step4/zero_pp_rank_0_mp_rank_0_model_states.pt
Backend:     file
Total size:  1.87 GB
Chunk size:  32 MB  (peak RAM = one chunk)
================================================================================
Total size:  1.87 GB
Chunk size:  32 MB  (peak RAM = one chunk)
================================================================================
Read chunks: 128 MB × 4 workers  (peak RAM ≤ 512 MB)
================================================================================
Read chunks: 128 MB × 4 workers  (peak RAM ≤ 512 MB)
================================================================================
[FileReader] path=/mnt/pfs/checkpointing/llama3-8b/global_epoch1_step4/zero_pp_rank_2_mp_rank_0_model_states.pt  fadvise=dontneed
[FileReader] path=/mnt/pfs/checkpointing/llama3-8b/global_epoch1_step4/zero_pp_rank_4_mp_rank_0_model_states.pt  fadvise=dontneed
[FileReader] path=/mnt/pfs/checkpointing/llama3-8b/global_epoch1_step4/zero_pp_rank_4_mp_rank_0_model_states.pt  fadvise=dontneed
[FileReader] path=/mnt/pfs/checkpointing/llama3-8b/global_epoch1_step4/zero_pp_rank_6_mp_rank_0_model_states.pt  fadvise=dontneed
================================================================================
STREAMING CHECKPOINT LOAD - Byte-Range GETs
================================================================================
Input:       /mnt/pfs/checkpointing/llama3-8b/global_epoch1_step4/zero_pp_rank_5_mp_rank_0_model_states.pt
Backend:     file
Total size:  1.87 GB
Chunk size:  32 MB  (peak RAM = one chunk)
================================================================================
Read chunks: 128 MB × 4 workers  (peak RAM ≤ 512 MB)
================================================================================
[FileReader] path=/mnt/pfs/checkpointing/llama3-8b/global_epoch1_step4/zero_pp_rank_2_mp_rank_0_model_states.pt  fadvise=dontneed
[FileReader] path=/mnt/pfs/checkpointing/llama3-8b/global_epoch1_step4/zero_pp_rank_2_mp_rank_0_model_states.pt  fadvise=dontneed
Total size:  1.87 GB
Chunk size:  32 MB  (peak RAM = one chunk)
================================================================================
[FileReader] path=/mnt/pfs/checkpointing/llama3-8b/global_epoch1_step4/zero_pp_rank_0_mp_rank_0_model_states.pt  fadvise=dontneed
[FileReader] path=/mnt/pfs/checkpointing/llama3-8b/global_epoch1_step4/zero_pp_rank_0_mp_rank_0_model_states.pt  fadvise=dontneed
Total size:  1.87 GB
Chunk size:  32 MB  (peak RAM = one chunk)
================================================================================
Read chunks: 128 MB × 4 workers  (peak RAM ≤ 512 MB)
================================================================================
[FileReader] path=/mnt/pfs/checkpointing/llama3-8b/global_epoch1_step4/zero_pp_rank_6_mp_rank_0_model_states.pt  fadvise=dontneed
[FileReader] path=/mnt/pfs/checkpointing/llama3-8b/global_epoch1_step4/zero_pp_rank_2_mp_rank_0_model_states.pt  fadvise=dontneed
[FileReader] path=/mnt/pfs/checkpointing/llama3-8b/global_epoch1_step4/zero_pp_rank_6_mp_rank_0_model_states.pt  fadvise=dontneed
Read chunks: 128 MB × 4 workers  (peak RAM ≤ 512 MB)
================================================================================
[FileReader] path=/mnt/pfs/checkpointing/llama3-8b/global_epoch1_step4/zero_pp_rank_5_mp_rank_0_model_states.pt  fadvise=dontneed
[FileReader] path=/mnt/pfs/checkpointing/llama3-8b/global_epoch1_step4/zero_pp_rank_5_mp_rank_0_model_states.pt  fadvise=dontneed
[FileReader] path=/mnt/pfs/checkpointing/llama3-8b/global_epoch1_step4/zero_pp_rank_0_mp_rank_0_model_states.pt  fadvise=dontneed
[FileReader] path=/mnt/pfs/checkpointing/llama3-8b/global_epoch1_step4/zero_pp_rank_0_mp_rank_0_model_states.pt  fadvise=dontneed
Read chunks: 128 MB × 4 workers  (peak RAM ≤ 512 MB)
================================================================================
[FileReader] path=/mnt/pfs/checkpointing/llama3-8b/global_epoch1_step4/zero_pp_rank_6_mp_rank_0_model_states.pt  fadvise=dontneed
[FileReader] path=/mnt/pfs/checkpointing/llama3-8b/global_epoch1_step4/zero_pp_rank_7_mp_rank_0_model_states.pt  fadvise=dontneed
[FileReader] path=/mnt/pfs/checkpointing/llama3-8b/global_epoch1_step4/zero_pp_rank_7_mp_rank_0_model_states.pt  fadvise=dontneed
[FileReader] path=/mnt/pfs/checkpointing/llama3-8b/global_epoch1_step4/zero_pp_rank_5_mp_rank_0_model_states.pt  fadvise=dontneed
[FileReader] path=/mnt/pfs/checkpointing/llama3-8b/global_epoch1_step4/zero_pp_rank_5_mp_rank_0_model_states.pt  fadvise=dontneed
[FileReader] path=/mnt/pfs/checkpointing/llama3-8b/global_epoch1_step4/zero_pp_rank_7_mp_rank_0_model_states.pt  fadvise=dontneed
[FileReader] path=/mnt/pfs/checkpointing/llama3-8b/global_epoch1_step4/zero_pp_rank_7_mp_rank_0_model_states.pt  fadvise=dontneed
[FileReader] path=/mnt/pfs/checkpointing/llama3-8b/global_epoch1_step4/zero_pp_rank_1_mp_rank_0_model_states.pt  fadvise=dontneed
[FileReader] path=/mnt/pfs/checkpointing/llama3-8b/global_epoch1_step4/zero_pp_rank_1_mp_rank_0_model_states.pt  fadvise=dontneed
[FileReader] path=/mnt/pfs/checkpointing/llama3-8b/global_epoch1_step4/zero_pp_rank_1_mp_rank_0_model_states.pt  fadvise=dontneed
[FileReader] path=/mnt/pfs/checkpointing/llama3-8b/global_epoch1_step4/zero_pp_rank_3_mp_rank_0_model_states.pt  fadvise=dontneed
[FileReader] path=/mnt/pfs/checkpointing/llama3-8b/global_epoch1_step4/zero_pp_rank_3_mp_rank_0_model_states.pt  fadvise=dontneed
[FileReader] path=/mnt/pfs/checkpointing/llama3-8b/global_epoch1_step4/zero_pp_rank_3_mp_rank_0_model_states.pt  fadvise=dontneed
[FileReader] path=/mnt/pfs/checkpointing/llama3-8b/global_epoch1_step4/zero_pp_rank_3_mp_rank_0_model_states.pt  fadvise=dontneed
[FileReader] path=/mnt/pfs/checkpointing/llama3-8b/global_epoch1_step4/zero_pp_rank_1_mp_rank_0_model_states.pt  fadvise=dontneed

================================================================================
LOAD RESULTS
================================================================================
I/O:        0.0836s @ 22.36 GB/s
Total:      0.0847s
Chunks:     16
================================================================================
================================================================================
STREAMING CHECKPOINT LOAD - Byte-Range GETs
================================================================================
Input:       /mnt/pfs/checkpointing/llama3-8b/global_epoch1_step4/zero_pp_rank_4_mp_rank_0_optim_states.pt
Backend:     file
Total size:  11.22 GB
Chunk size:  32 MB  (peak RAM = one chunk)
================================================================================
Read chunks: 128 MB × 4 workers  (peak RAM ≤ 512 MB)
================================================================================
[FileReader] path=/mnt/pfs/checkpointing/llama3-8b/global_epoch1_step4/zero_pp_rank_4_mp_rank_0_optim_states.pt  fadvise=dontneed
[FileReader] path=/mnt/pfs/checkpointing/llama3-8b/global_epoch1_step4/zero_pp_rank_4_mp_rank_0_optim_states.pt  fadvise=dontneed
[FileReader] path=/mnt/pfs/checkpointing/llama3-8b/global_epoch1_step4/zero_pp_rank_4_mp_rank_0_optim_states.pt  fadvise=dontneed
[FileReader] path=/mnt/pfs/checkpointing/llama3-8b/global_epoch1_step4/zero_pp_rank_4_mp_rank_0_optim_states.pt  fadvise=dontneed

================================================================================
LOAD RESULTS
================================================================================
I/O:        0.0851s @ 21.96 GB/s

================================================================================
LOAD RESULTS
================================================================================
Total:      0.0857s
Chunks:     16
================================================================================
================================================================================
STREAMING CHECKPOINT LOAD - Byte-Range GETs
================================================================================
Input:       /mnt/pfs/checkpointing/llama3-8b/global_epoch1_step4/zero_pp_rank_1_mp_rank_0_optim_states.pt
Backend:     file
I/O:        0.0852s @ 21.95 GB/s
Total:      0.0858s
Chunks:     16
================================================================================
Total size:  11.22 GB
Chunk size:  32 MB  (peak RAM = one chunk)
================================================================================
Read chunks: 128 MB × 4 workers  (peak RAM ≤ 512 MB)
================================================================================
================================================================================
STREAMING CHECKPOINT LOAD - Byte-Range GETs
================================================================================
Input:       /mnt/pfs/checkpointing/llama3-8b/global_epoch1_step4/zero_pp_rank_6_mp_rank_0_optim_states.pt
Backend:     file
Total size:  11.22 GB
[FileReader] path=/mnt/pfs/checkpointing/llama3-8b/global_epoch1_step4/zero_pp_rank_1_mp_rank_0_optim_states.pt  fadvise=dontneed
[FileReader] path=/mnt/pfs/checkpointing/llama3-8b/global_epoch1_step4/zero_pp_rank_1_mp_rank_0_optim_states.pt  fadvise=dontneed
Chunk size:  32 MB  (peak RAM = one chunk)
================================================================================
Read chunks: 128 MB × 4 workers  (peak RAM ≤ 512 MB)
================================================================================
[FileReader] path=/mnt/pfs/checkpointing/llama3-8b/global_epoch1_step4/zero_pp_rank_1_mp_rank_0_optim_states.pt  fadvise=dontneed
[FileReader] path=/mnt/pfs/checkpointing/llama3-8b/global_epoch1_step4/zero_pp_rank_1_mp_rank_0_optim_states.pt  fadvise=dontneed
[FileReader] path=/mnt/pfs/checkpointing/llama3-8b/global_epoch1_step4/zero_pp_rank_6_mp_rank_0_optim_states.pt  fadvise=dontneed
[FileReader] path=/mnt/pfs/checkpointing/llama3-8b/global_epoch1_step4/zero_pp_rank_6_mp_rank_0_optim_states.pt  fadvise=dontneed
[FileReader] path=/mnt/pfs/checkpointing/llama3-8b/global_epoch1_step4/zero_pp_rank_6_mp_rank_0_optim_states.pt  fadvise=dontneed
[FileReader] path=/mnt/pfs/checkpointing/llama3-8b/global_epoch1_step4/zero_pp_rank_6_mp_rank_0_optim_states.pt  fadvise=dontneed

================================================================================
LOAD RESULTS
================================================================================
I/O:        0.0898s @ 20.82 GB/s
Total:      0.0909s
Chunks:     16
================================================================================
================================================================================
STREAMING CHECKPOINT LOAD - Byte-Range GETs
================================================================================
Input:       /mnt/pfs/checkpointing/llama3-8b/global_epoch1_step4/zero_pp_rank_7_mp_rank_0_optim_states.pt
Backend:     file
Total size:  11.22 GB
Chunk size:  32 MB  (peak RAM = one chunk)
================================================================================
Read chunks: 128 MB × 4 workers  (peak RAM ≤ 512 MB)
================================================================================
[FileReader] path=/mnt/pfs/checkpointing/llama3-8b/global_epoch1_step4/zero_pp_rank_7_mp_rank_0_optim_states.pt  fadvise=dontneed
[FileReader] path=/mnt/pfs/checkpointing/llama3-8b/global_epoch1_step4/zero_pp_rank_7_mp_rank_0_optim_states.pt  fadvise=dontneed
[FileReader] path=/mnt/pfs/checkpointing/llama3-8b/global_epoch1_step4/zero_pp_rank_7_mp_rank_0_optim_states.pt  fadvise=dontneed
[FileReader] path=/mnt/pfs/checkpointing/llama3-8b/global_epoch1_step4/zero_pp_rank_7_mp_rank_0_optim_states.pt  fadvise=dontneed

================================================================================
LOAD RESULTS
================================================================================
I/O:        0.0919s @ 20.34 GB/s
Total:      0.0927s
Chunks:     16
================================================================================
================================================================================
STREAMING CHECKPOINT LOAD - Byte-Range GETs
================================================================================
Input:       /mnt/pfs/checkpointing/llama3-8b/global_epoch1_step4/zero_pp_rank_0_mp_rank_0_optim_states.pt
Backend:     file
Total size:  11.22 GB
Chunk size:  32 MB  (peak RAM = one chunk)
================================================================================
Read chunks: 128 MB × 4 workers  (peak RAM ≤ 512 MB)
================================================================================

================================================================================
LOAD RESULTS
================================================================================
[FileReader] path=/mnt/pfs/checkpointing/llama3-8b/global_epoch1_step4/zero_pp_rank_0_mp_rank_0_optim_states.pt  fadvise=dontneed
[FileReader] path=/mnt/pfs/checkpointing/llama3-8b/global_epoch1_step4/zero_pp_rank_0_mp_rank_0_optim_states.pt  fadvise=dontneed
[FileReader] path=/mnt/pfs/checkpointing/llama3-8b/global_epoch1_step4/zero_pp_rank_0_mp_rank_0_optim_states.pt  fadvise=dontneed
[FileReader] path=/mnt/pfs/checkpointing/llama3-8b/global_epoch1_step4/zero_pp_rank_0_mp_rank_0_optim_states.pt  fadvise=dontneed
I/O:        0.0919s @ 20.33 GB/s
Total:      0.0929s
Chunks:     16
================================================================================
================================================================================
STREAMING CHECKPOINT LOAD - Byte-Range GETs
================================================================================
Input:       /mnt/pfs/checkpointing/llama3-8b/global_epoch1_step4/zero_pp_rank_3_mp_rank_0_optim_states.pt
Backend:     file
Total size:  11.22 GB

================================================================================
LOAD RESULTS
================================================================================
I/O:        0.0922s @ 20.28 GB/s
Total:      0.0930s
Chunks:     16
================================================================================
================================================================================
STREAMING CHECKPOINT LOAD - Byte-Range GETs
================================================================================
Input:       /mnt/pfs/checkpointing/llama3-8b/global_epoch1_step4/zero_pp_rank_2_mp_rank_0_optim_states.pt
Backend:     file
Chunk size:  32 MB  (peak RAM = one chunk)
================================================================================
Read chunks: 128 MB × 4 workers  (peak RAM ≤ 512 MB)
================================================================================
[FileReader] path=/mnt/pfs/checkpointing/llama3-8b/global_epoch1_step4/zero_pp_rank_3_mp_rank_0_optim_states.pt  fadvise=dontneed
Total size:  11.22 GB
Chunk size:  32 MB  (peak RAM = one chunk)
================================================================================
[FileReader] path=/mnt/pfs/checkpointing/llama3-8b/global_epoch1_step4/zero_pp_rank_3_mp_rank_0_optim_states.pt  fadvise=dontneed
Read chunks: 128 MB × 4 workers  (peak RAM ≤ 512 MB)
================================================================================
[FileReader] path=/mnt/pfs/checkpointing/llama3-8b/global_epoch1_step4/zero_pp_rank_3_mp_rank_0_optim_states.pt  fadvise=dontneed
[FileReader] path=/mnt/pfs/checkpointing/llama3-8b/global_epoch1_step4/zero_pp_rank_2_mp_rank_0_optim_states.pt  fadvise=dontneed
[FileReader] path=/mnt/pfs/checkpointing/llama3-8b/global_epoch1_step4/zero_pp_rank_3_mp_rank_0_optim_states.pt  fadvise=dontneed
[FileReader] path=/mnt/pfs/checkpointing/llama3-8b/global_epoch1_step4/zero_pp_rank_2_mp_rank_0_optim_states.pt  fadvise=dontneed
[FileReader] path=/mnt/pfs/checkpointing/llama3-8b/global_epoch1_step4/zero_pp_rank_2_mp_rank_0_optim_states.pt  fadvise=dontneed
[FileReader] path=/mnt/pfs/checkpointing/llama3-8b/global_epoch1_step4/zero_pp_rank_2_mp_rank_0_optim_states.pt  fadvise=dontneed

================================================================================
LOAD RESULTS
================================================================================
I/O:        0.0988s @ 18.92 GB/s
Total:      0.0994s
Chunks:     16
================================================================================
================================================================================
STREAMING CHECKPOINT LOAD - Byte-Range GETs
================================================================================
Input:       /mnt/pfs/checkpointing/llama3-8b/global_epoch1_step4/zero_pp_rank_5_mp_rank_0_optim_states.pt
Backend:     file
Total size:  11.22 GB
Chunk size:  32 MB  (peak RAM = one chunk)
================================================================================
Read chunks: 128 MB × 4 workers  (peak RAM ≤ 512 MB)
================================================================================
[FileReader] path=/mnt/pfs/checkpointing/llama3-8b/global_epoch1_step4/zero_pp_rank_5_mp_rank_0_optim_states.pt  fadvise=dontneed
[FileReader] path=/mnt/pfs/checkpointing/llama3-8b/global_epoch1_step4/zero_pp_rank_5_mp_rank_0_optim_states.pt  fadvise=dontneed
[FileReader] path=/mnt/pfs/checkpointing/llama3-8b/global_epoch1_step4/zero_pp_rank_5_mp_rank_0_optim_states.pt  fadvise=dontneed
[FileReader] path=/mnt/pfs/checkpointing/llama3-8b/global_epoch1_step4/zero_pp_rank_5_mp_rank_0_optim_states.pt  fadvise=dontneed
[Load w1] 2.00 GB  5.74 GB/s
[Load w1] 2.00 GB  5.73 GB/s
[Load w0] 2.00 GB  5.84 GB/s
[Load w2] 2.00 GB  5.68 GB/s
[Load w1] 2.00 GB  5.63 GB/s
[Load w3] 2.00 GB  5.61 GB/s
[Load w1] 2.00 GB  5.73 GB/s
[Load w3] 2.00 GB  5.70 GB/s
[Load w0] 2.00 GB  5.55 GB/s
[Load w2] 2.00 GB  5.67 GB/s
[Load w0] 2.00 GB  5.54 GB/s
[Load w0] 2.00 GB  5.50 GB/s
[Load w1] 2.00 GB  5.72 GB/s
[Load w2] 2.00 GB  5.48 GB/s
[Load w0] 2.00 GB  5.54 GB/s
[Load w3] 2.00 GB  5.46 GB/s
[Load w0] 2.00 GB  5.54 GB/s
[Load w2] 2.00 GB  5.43 GB/s
[Load w2] 2.00 GB  5.51 GB/s
[Load w3] 2.00 GB  5.52 GB/s
[Load w2] 2.00 GB  5.48 GB/s
[Load w0] 2.00 GB  5.50 GB/s
[Load w3] 2.00 GB  5.39 GB/s
[Load w0] 2.00 GB  5.58 GB/s
[Load w1] 2.00 GB  5.45 GB/s
[Load w3] 2.00 GB  5.44 GB/s
[Load w2] 2.00 GB  5.43 GB/s
[Load w3] 2.00 GB  5.42 GB/s
[Load w3] 2.00 GB  5.46 GB/s
[Load w2] 2.00 GB  5.44 GB/s
[Load w1] 2.00 GB  5.08 GB/s
[Load w1] 2.00 GB  5.05 GB/s

================================================================================
LOAD RESULTS
================================================================================
I/O:        0.5069s @ 22.13 GB/s
Total:      0.5074s
Chunks:     92
================================================================================

================================================================================
LOAD RESULTS
================================================================================
I/O:        0.5019s @ 22.35 GB/s
Total:      0.5026s
Chunks:     92
================================================================================

================================================================================
LOAD RESULTS
================================================================================
I/O:        0.5116s @ 21.93 GB/s
Total:      0.5125s
Chunks:     92
================================================================================

================================================================================
LOAD RESULTS
================================================================================
I/O:        0.5066s @ 22.15 GB/s
Total:      0.5072s
Chunks:     92
================================================================================

================================================================================
LOAD RESULTS
================================================================================
I/O:        0.5010s @ 22.39 GB/s
Total:      0.5019s
Chunks:     92
================================================================================

================================================================================
LOAD RESULTS
================================================================================
I/O:        0.5148s @ 21.79 GB/s
Total:      0.5157s
Chunks:     92
================================================================================

================================================================================
LOAD RESULTS
================================================================================
I/O:        0.5081s @ 22.08 GB/s
Total:      0.5087s
Chunks:     92
================================================================================

================================================================================
LOAD RESULTS
================================================================================
I/O:        0.5126s @ 21.88 GB/s
Total:      0.5132s
Chunks:     92
================================================================================
================================================================================
STREAMING CHECKPOINT LOAD - Byte-Range GETs
================================================================================
Input:       /mnt/pfs/checkpointing/llama3-8b/global_epoch1_step5/zero_pp_rank_5_mp_rank_0_model_states.pt
Backend:     file
Total size:  1.87 GB
Chunk size:  32 MB  (peak RAM = one chunk)
================================================================================
Read chunks: 128 MB × 4 workers  (peak RAM ≤ 512 MB)
================================================================================
================================================================================
STREAMING CHECKPOINT LOAD - Byte-Range GETs
================================================================================
Input:       /mnt/pfs/checkpointing/llama3-8b/global_epoch1_step5/zero_pp_rank_4_mp_rank_0_model_states.pt
Backend:     file
Total size:  1.87 GB
Chunk size:  32 MB  (peak RAM = one chunk)
================================================================================
STREAMING CHECKPOINT LOAD - Byte-Range GETs
================================================================================
Input:       /mnt/pfs/checkpointing/llama3-8b/global_epoch1_step5/zero_pp_rank_7_mp_rank_0_model_states.pt
Backend:     file
Total size:  1.87 GB
Chunk size:  32 MB  (peak RAM = one chunk)
================================================================================
STREAMING CHECKPOINT LOAD - Byte-Range GETs
================================================================================
Input:       /mnt/pfs/checkpointing/llama3-8b/global_epoch1_step5/zero_pp_rank_3_mp_rank_0_model_states.pt
Backend:     file
Total size:  1.87 GB
Chunk size:  32 MB  (peak RAM = one chunk)
================================================================================
================================================================================
Read chunks: 128 MB × 4 workers  (peak RAM ≤ 512 MB)
================================================================================
================================================================================
STREAMING CHECKPOINT LOAD - Byte-Range GETs
================================================================================
Input:       /mnt/pfs/checkpointing/llama3-8b/global_epoch1_step5/zero_pp_rank_1_mp_rank_0_model_states.pt
Backend:     file
Total size:  1.87 GB
Chunk size:  32 MB  (peak RAM = one chunk)
================================================================================
STREAMING CHECKPOINT LOAD - Byte-Range GETs
================================================================================
Input:       /mnt/pfs/checkpointing/llama3-8b/global_epoch1_step5/zero_pp_rank_2_mp_rank_0_model_states.pt
Backend:     file
Total size:  1.87 GB
Chunk size:  32 MB  (peak RAM = one chunk)
================================================================================
Read chunks: 128 MB × 4 workers  (peak RAM ≤ 512 MB)
================================================================================
================================================================================
STREAMING CHECKPOINT LOAD - Byte-Range GETs
================================================================================
Input:       /mnt/pfs/checkpointing/llama3-8b/global_epoch1_step5/zero_pp_rank_6_mp_rank_0_model_states.pt
Backend:     file
Total size:  1.87 GB
Chunk size:  32 MB  (peak RAM = one chunk)
================================================================================
Read chunks: 128 MB × 4 workers  (peak RAM ≤ 512 MB)
================================================================================
[FileReader] path=/mnt/pfs/checkpointing/llama3-8b/global_epoch1_step5/zero_pp_rank_4_mp_rank_0_model_states.pt  fadvise=dontneed
[FileReader] path=/mnt/pfs/checkpointing/llama3-8b/global_epoch1_step5/zero_pp_rank_4_mp_rank_0_model_states.pt  fadvise=dontneed
[FileReader] path=/mnt/pfs/checkpointing/llama3-8b/global_epoch1_step5/zero_pp_rank_4_mp_rank_0_model_states.pt  fadvise=dontneed
[FileReader] path=/mnt/pfs/checkpointing/llama3-8b/global_epoch1_step5/zero_pp_rank_4_mp_rank_0_model_states.pt  fadvise=dontneed
================================================================================
Read chunks: 128 MB × 4 workers  (peak RAM ≤ 512 MB)
================================================================================
================================================================================
Read chunks: 128 MB × 4 workers  (peak RAM ≤ 512 MB)
================================================================================
Read chunks: 128 MB × 4 workers  (peak RAM ≤ 512 MB)
================================================================================
[FileReader] path=/mnt/pfs/checkpointing/llama3-8b/global_epoch1_step5/zero_pp_rank_3_mp_rank_0_model_states.pt  fadvise=dontneed
[FileReader] path=/mnt/pfs/checkpointing/llama3-8b/global_epoch1_step5/zero_pp_rank_7_mp_rank_0_model_states.pt  fadvise=dontneed
================================================================================
STREAMING CHECKPOINT LOAD - Byte-Range GETs
================================================================================
Input:       /mnt/pfs/checkpointing/llama3-8b/global_epoch1_step5/zero_pp_rank_0_mp_rank_0_model_states.pt
Backend:     file
Total size:  1.87 GB
[FileReader] path=/mnt/pfs/checkpointing/llama3-8b/global_epoch1_step5/zero_pp_rank_2_mp_rank_0_model_states.pt  fadvise=dontneed
[FileReader] path=/mnt/pfs/checkpointing/llama3-8b/global_epoch1_step5/zero_pp_rank_2_mp_rank_0_model_states.pt  fadvise=dontneed
[FileReader] path=/mnt/pfs/checkpointing/llama3-8b/global_epoch1_step5/zero_pp_rank_5_mp_rank_0_model_states.pt  fadvise=dontneed
[FileReader] path=/mnt/pfs/checkpointing/llama3-8b/global_epoch1_step5/zero_pp_rank_5_mp_rank_0_model_states.pt  fadvise=dontneed
[FileReader] path=/mnt/pfs/checkpointing/llama3-8b/global_epoch1_step5/zero_pp_rank_5_mp_rank_0_model_states.pt  fadvise=dontneed
[FileReader] path=/mnt/pfs/checkpointing/llama3-8b/global_epoch1_step5/zero_pp_rank_5_mp_rank_0_model_states.pt  fadvise=dontneed
[FileReader] path=/mnt/pfs/checkpointing/llama3-8b/global_epoch1_step5/zero_pp_rank_1_mp_rank_0_model_states.pt  fadvise=dontneed
[FileReader] path=/mnt/pfs/checkpointing/llama3-8b/global_epoch1_step5/zero_pp_rank_1_mp_rank_0_model_states.pt  fadvise=dontneed
Chunk size:  32 MB  (peak RAM = one chunk)
================================================================================
Read chunks: 128 MB × 4 workers  (peak RAM ≤ 512 MB)
================================================================================
[FileReader] path=/mnt/pfs/checkpointing/llama3-8b/global_epoch1_step5/zero_pp_rank_6_mp_rank_0_model_states.pt  fadvise=dontneed
[FileReader] path=/mnt/pfs/checkpointing/llama3-8b/global_epoch1_step5/zero_pp_rank_6_mp_rank_0_model_states.pt  fadvise=dontneed
[FileReader] path=/mnt/pfs/checkpointing/llama3-8b/global_epoch1_step5/zero_pp_rank_7_mp_rank_0_model_states.pt  fadvise=dontneed
[FileReader] path=/mnt/pfs/checkpointing/llama3-8b/global_epoch1_step5/zero_pp_rank_7_mp_rank_0_model_states.pt  fadvise=dontneed
[FileReader] path=/mnt/pfs/checkpointing/llama3-8b/global_epoch1_step5/zero_pp_rank_7_mp_rank_0_model_states.pt  fadvise=dontneed
[FileReader] path=/mnt/pfs/checkpointing/llama3-8b/global_epoch1_step5/zero_pp_rank_3_mp_rank_0_model_states.pt  fadvise=dontneed
[FileReader] path=/mnt/pfs/checkpointing/llama3-8b/global_epoch1_step5/zero_pp_rank_3_mp_rank_0_model_states.pt  fadvise=dontneed
[FileReader] path=/mnt/pfs/checkpointing/llama3-8b/global_epoch1_step5/zero_pp_rank_3_mp_rank_0_model_states.pt  fadvise=dontneed
[FileReader] path=/mnt/pfs/checkpointing/llama3-8b/global_epoch1_step5/zero_pp_rank_2_mp_rank_0_model_states.pt  fadvise=dontneed
[FileReader] path=/mnt/pfs/checkpointing/llama3-8b/global_epoch1_step5/zero_pp_rank_2_mp_rank_0_model_states.pt  fadvise=dontneed
[FileReader] path=/mnt/pfs/checkpointing/llama3-8b/global_epoch1_step5/zero_pp_rank_6_mp_rank_0_model_states.pt  fadvise=dontneed
[FileReader] path=/mnt/pfs/checkpointing/llama3-8b/global_epoch1_step5/zero_pp_rank_6_mp_rank_0_model_states.pt  fadvise=dontneed
[FileReader] path=/mnt/pfs/checkpointing/llama3-8b/global_epoch1_step5/zero_pp_rank_1_mp_rank_0_model_states.pt  fadvise=dontneed
[FileReader] path=/mnt/pfs/checkpointing/llama3-8b/global_epoch1_step5/zero_pp_rank_1_mp_rank_0_model_states.pt  fadvise=dontneed
[FileReader] path=/mnt/pfs/checkpointing/llama3-8b/global_epoch1_step5/zero_pp_rank_0_mp_rank_0_model_states.pt  fadvise=dontneed
[FileReader] path=/mnt/pfs/checkpointing/llama3-8b/global_epoch1_step5/zero_pp_rank_0_mp_rank_0_model_states.pt  fadvise=dontneed
[FileReader] path=/mnt/pfs/checkpointing/llama3-8b/global_epoch1_step5/zero_pp_rank_0_mp_rank_0_model_states.pt  fadvise=dontneed
[FileReader] path=/mnt/pfs/checkpointing/llama3-8b/global_epoch1_step5/zero_pp_rank_0_mp_rank_0_model_states.pt  fadvise=dontneed

================================================================================
LOAD RESULTS
================================================================================
I/O:        0.0850s @ 21.99 GB/s
Total:      0.0861s
Chunks:     16
================================================================================

================================================================================
LOAD RESULTS
================================================================================
I/O:        0.0854s @ 21.90 GB/s
================================================================================
STREAMING CHECKPOINT LOAD - Byte-Range GETs
================================================================================
Input:       /mnt/pfs/checkpointing/llama3-8b/global_epoch1_step5/zero_pp_rank_4_mp_rank_0_optim_states.pt
Backend:     file
Total:      0.0862s
Chunks:     16
================================================================================
================================================================================
STREAMING CHECKPOINT LOAD - Byte-Range GETs
================================================================================
Input:       /mnt/pfs/checkpointing/llama3-8b/global_epoch1_step5/zero_pp_rank_3_mp_rank_0_optim_states.pt
Backend:     file
Total size:  11.22 GB
Total size:  11.22 GB
Chunk size:  32 MB  (peak RAM = one chunk)
================================================================================
Read chunks: 128 MB × 4 workers  (peak RAM ≤ 512 MB)
================================================================================
Chunk size:  32 MB  (peak RAM = one chunk)
================================================================================
Read chunks: 128 MB × 4 workers  (peak RAM ≤ 512 MB)
================================================================================
[FileReader] path=/mnt/pfs/checkpointing/llama3-8b/global_epoch1_step5/zero_pp_rank_4_mp_rank_0_optim_states.pt  fadvise=dontneed
[FileReader] path=/mnt/pfs/checkpointing/llama3-8b/global_epoch1_step5/zero_pp_rank_3_mp_rank_0_optim_states.pt  fadvise=dontneed
[FileReader] path=/mnt/pfs/checkpointing/llama3-8b/global_epoch1_step5/zero_pp_rank_4_mp_rank_0_optim_states.pt  fadvise=dontneed
[FileReader] path=/mnt/pfs/checkpointing/llama3-8b/global_epoch1_step5/zero_pp_rank_4_mp_rank_0_optim_states.pt  fadvise=dontneed
[FileReader] path=/mnt/pfs/checkpointing/llama3-8b/global_epoch1_step5/zero_pp_rank_3_mp_rank_0_optim_states.pt  fadvise=dontneed
[FileReader] path=/mnt/pfs/checkpointing/llama3-8b/global_epoch1_step5/zero_pp_rank_4_mp_rank_0_optim_states.pt  fadvise=dontneed
[FileReader] path=/mnt/pfs/checkpointing/llama3-8b/global_epoch1_step5/zero_pp_rank_3_mp_rank_0_optim_states.pt  fadvise=dontneed
[FileReader] path=/mnt/pfs/checkpointing/llama3-8b/global_epoch1_step5/zero_pp_rank_3_mp_rank_0_optim_states.pt  fadvise=dontneed

================================================================================
LOAD RESULTS
================================================================================
I/O:        0.0863s @ 21.67 GB/s
Total:      0.0873s
Chunks:     16
================================================================================
================================================================================
STREAMING CHECKPOINT LOAD - Byte-Range GETs
================================================================================
Input:       /mnt/pfs/checkpointing/llama3-8b/global_epoch1_step5/zero_pp_rank_7_mp_rank_0_optim_states.pt
Backend:     file

================================================================================
LOAD RESULTS
================================================================================
Total size:  11.22 GB
Chunk size:  32 MB  (peak RAM = one chunk)
================================================================================
Read chunks: 128 MB × 4 workers  (peak RAM ≤ 512 MB)
================================================================================

================================================================================
LOAD RESULTS
================================================================================
I/O:        0.0863s @ 21.66 GB/s
Total:      0.0874s
Chunks:     16
================================================================================
[FileReader] path=/mnt/pfs/checkpointing/llama3-8b/global_epoch1_step5/zero_pp_rank_7_mp_rank_0_optim_states.pt  fadvise=dontneed
[FileReader] path=/mnt/pfs/checkpointing/llama3-8b/global_epoch1_step5/zero_pp_rank_7_mp_rank_0_optim_states.pt  fadvise=dontneed
[FileReader] path=/mnt/pfs/checkpointing/llama3-8b/global_epoch1_step5/zero_pp_rank_7_mp_rank_0_optim_states.pt  fadvise=dontneed
================================================================================
STREAMING CHECKPOINT LOAD - Byte-Range GETs
[FileReader] path=/mnt/pfs/checkpointing/llama3-8b/global_epoch1_step5/zero_pp_rank_7_mp_rank_0_optim_states.pt  fadvise=dontneed
I/O:        0.0869s @ 21.51 GB/s
Total:      0.0875s
Chunks:     16
================================================================================
================================================================================
STREAMING CHECKPOINT LOAD - Byte-Range GETs
================================================================================
Input:       /mnt/pfs/checkpointing/llama3-8b/global_epoch1_step5/zero_pp_rank_6_mp_rank_0_optim_states.pt
Backend:     file
================================================================================
Input:       /mnt/pfs/checkpointing/llama3-8b/global_epoch1_step5/zero_pp_rank_1_mp_rank_0_optim_states.pt
Backend:     file
Total size:  11.22 GB
Chunk size:  32 MB  (peak RAM = one chunk)
================================================================================
Read chunks: 128 MB × 4 workers  (peak RAM ≤ 512 MB)
================================================================================
[FileReader] path=/mnt/pfs/checkpointing/llama3-8b/global_epoch1_step5/zero_pp_rank_1_mp_rank_0_optim_states.pt  fadvise=dontneed
[FileReader] path=/mnt/pfs/checkpointing/llama3-8b/global_epoch1_step5/zero_pp_rank_1_mp_rank_0_optim_states.pt  fadvise=dontneed
[FileReader] path=/mnt/pfs/checkpointing/llama3-8b/global_epoch1_step5/zero_pp_rank_1_mp_rank_0_optim_states.pt  fadvise=dontneed
[FileReader] path=/mnt/pfs/checkpointing/llama3-8b/global_epoch1_step5/zero_pp_rank_1_mp_rank_0_optim_states.pt  fadvise=dontneed
Total size:  11.22 GB
Chunk size:  32 MB  (peak RAM = one chunk)
================================================================================
Read chunks: 128 MB × 4 workers  (peak RAM ≤ 512 MB)
================================================================================
[FileReader] path=/mnt/pfs/checkpointing/llama3-8b/global_epoch1_step5/zero_pp_rank_6_mp_rank_0_optim_states.pt  fadvise=dontneed
[FileReader] path=/mnt/pfs/checkpointing/llama3-8b/global_epoch1_step5/zero_pp_rank_6_mp_rank_0_optim_states.pt  fadvise=dontneed
[FileReader] path=/mnt/pfs/checkpointing/llama3-8b/global_epoch1_step5/zero_pp_rank_6_mp_rank_0_optim_states.pt  fadvise=dontneed
[FileReader] path=/mnt/pfs/checkpointing/llama3-8b/global_epoch1_step5/zero_pp_rank_6_mp_rank_0_optim_states.pt  fadvise=dontneed

================================================================================
LOAD RESULTS
================================================================================
I/O:        0.0879s @ 21.28 GB/s
Total:      0.0884s
Chunks:     16
================================================================================
================================================================================
STREAMING CHECKPOINT LOAD - Byte-Range GETs
================================================================================
Input:       /mnt/pfs/checkpointing/llama3-8b/global_epoch1_step5/zero_pp_rank_5_mp_rank_0_optim_states.pt
Backend:     file
Total size:  11.22 GB
Chunk size:  32 MB  (peak RAM = one chunk)
================================================================================
Read chunks: 128 MB × 4 workers  (peak RAM ≤ 512 MB)
================================================================================
[FileReader] path=/mnt/pfs/checkpointing/llama3-8b/global_epoch1_step5/zero_pp_rank_5_mp_rank_0_optim_states.pt  fadvise=dontneed
[FileReader] path=/mnt/pfs/checkpointing/llama3-8b/global_epoch1_step5/zero_pp_rank_5_mp_rank_0_optim_states.pt  fadvise=dontneed
[FileReader] path=/mnt/pfs/checkpointing/llama3-8b/global_epoch1_step5/zero_pp_rank_5_mp_rank_0_optim_states.pt  fadvise=dontneed
[FileReader] path=/mnt/pfs/checkpointing/llama3-8b/global_epoch1_step5/zero_pp_rank_5_mp_rank_0_optim_states.pt  fadvise=dontneed

================================================================================
LOAD RESULTS
================================================================================
I/O:        0.0931s @ 20.09 GB/s
Total:      0.0941s
Chunks:     16
================================================================================
================================================================================
STREAMING CHECKPOINT LOAD - Byte-Range GETs
================================================================================
Input:       /mnt/pfs/checkpointing/llama3-8b/global_epoch1_step5/zero_pp_rank_0_mp_rank_0_optim_states.pt
Backend:     file
Total size:  11.22 GB
Chunk size:  32 MB  (peak RAM = one chunk)
================================================================================
Read chunks: 128 MB × 4 workers  (peak RAM ≤ 512 MB)
================================================================================
[FileReader] path=/mnt/pfs/checkpointing/llama3-8b/global_epoch1_step5/zero_pp_rank_0_mp_rank_0_optim_states.pt  fadvise=dontneed
[FileReader] path=/mnt/pfs/checkpointing/llama3-8b/global_epoch1_step5/zero_pp_rank_0_mp_rank_0_optim_states.pt  fadvise=dontneed
[FileReader] path=/mnt/pfs/checkpointing/llama3-8b/global_epoch1_step5/zero_pp_rank_0_mp_rank_0_optim_states.pt  fadvise=dontneed
[FileReader] path=/mnt/pfs/checkpointing/llama3-8b/global_epoch1_step5/zero_pp_rank_0_mp_rank_0_optim_states.pt  fadvise=dontneed

================================================================================
LOAD RESULTS
================================================================================
I/O:        0.0941s @ 19.88 GB/s
Total:      0.0952s
Chunks:     16
================================================================================
================================================================================
STREAMING CHECKPOINT LOAD - Byte-Range GETs
================================================================================
Input:       /mnt/pfs/checkpointing/llama3-8b/global_epoch1_step5/zero_pp_rank_2_mp_rank_0_optim_states.pt
Backend:     file
Total size:  11.22 GB
Chunk size:  32 MB  (peak RAM = one chunk)
================================================================================
Read chunks: 128 MB × 4 workers  (peak RAM ≤ 512 MB)
================================================================================
[FileReader] path=/mnt/pfs/checkpointing/llama3-8b/global_epoch1_step5/zero_pp_rank_2_mp_rank_0_optim_states.pt  fadvise=dontneed
[FileReader] path=/mnt/pfs/checkpointing/llama3-8b/global_epoch1_step5/zero_pp_rank_2_mp_rank_0_optim_states.pt  fadvise=dontneed
[FileReader] path=/mnt/pfs/checkpointing/llama3-8b/global_epoch1_step5/zero_pp_rank_2_mp_rank_0_optim_states.pt  fadvise=dontneed
[FileReader] path=/mnt/pfs/checkpointing/llama3-8b/global_epoch1_step5/zero_pp_rank_2_mp_rank_0_optim_states.pt  fadvise=dontneed
[Load w2] 2.00 GB  5.80 GB/s
[Load w1] 2.00 GB  5.68 GB/s
[Load w2] 2.00 GB  5.67 GB/s
[Load w3] 2.00 GB  5.65 GB/s
[Load w2] 2.00 GB  5.64 GB/s
[Load w0] 2.00 GB  5.61 GB/s
[Load w1] 2.00 GB  5.63 GB/s
[Load w0] 2.00 GB  5.58 GB/s
[Load w3] 2.00 GB  5.56 GB/s
[Load w3] 2.00 GB  5.58 GB/s
[Load w1] 2.00 GB  5.56 GB/s
[Load w3] 2.00 GB  5.56 GB/s
[Load w0] 2.00 GB  5.55 GB/s
[Load w0] 2.00 GB  5.56 GB/s
[Load w2] 2.00 GB  5.52 GB/s
[Load w3] 2.00 GB  5.55 GB/s
[Load w1] 2.00 GB  5.44 GB/s
[Load w1] 2.00 GB  5.44 GB/s
[Load w2] 2.00 GB  5.44 GB/s
[Load w3] 2.00 GB  5.52 GB/s
[Load w2] 2.00 GB  5.41 GB/s
[Load w0] 2.00 GB  5.41 GB/s
[Load w1] 2.00 GB  5.51 GB/s
[Load w3] 2.00 GB  5.40 GB/s
[Load w0] 2.00 GB  5.38 GB/s
[Load w1] 2.00 GB  5.35 GB/s
[Load w2] 2.00 GB  5.45 GB/s
[Load w2] 2.00 GB  5.42 GB/s
[Load w1] 2.00 GB  5.41 GB/s
[Load w0] 2.00 GB  5.39 GB/s
[Load w3] 2.00 GB  5.32 GB/s
[Load w0] 2.00 GB  5.23 GB/s

================================================================================
LOAD RESULTS
================================================================================
I/O:        0.5046s @ 22.23 GB/s
Total:      0.5055s
Chunks:     92
================================================================================

================================================================================
LOAD RESULTS
================================================================================
I/O:        0.5072s @ 22.12 GB/s
Total:      0.5076s
Chunks:     92
================================================================================

================================================================================
LOAD RESULTS
================================================================================
I/O:        0.5098s @ 22.01 GB/s
Total:      0.5102s
Chunks:     92
================================================================================

================================================================================
LOAD RESULTS
================================================================================
I/O:        0.5082s @ 22.07 GB/s
Total:      0.5089s
Chunks:     92
================================================================================

================================================================================
LOAD RESULTS
================================================================================
I/O:        0.5111s @ 21.95 GB/s
Total:      0.5115s
Chunks:     92
================================================================================

================================================================================
LOAD RESULTS
================================================================================
I/O:        0.5129s @ 21.87 GB/s
Total:      0.5134s
Chunks:     92
================================================================================

================================================================================
LOAD RESULTS
================================================================================
I/O:        0.5080s @ 22.08 GB/s
Total:      0.5085s
Chunks:     92
================================================================================

================================================================================
LOAD RESULTS
================================================================================
I/O:        0.5073s @ 22.12 GB/s
Total:      0.5077s
Chunks:     92
================================================================================
================================================================================
STREAMING CHECKPOINT LOAD - Byte-Range GETs
================================================================================
Input:       /mnt/pfs/checkpointing/llama3-8b/global_epoch1_step6/zero_pp_rank_4_mp_rank_0_model_states.pt
Backend:     file
================================================================================
STREAMING CHECKPOINT LOAD - Byte-Range GETs
================================================================================
Input:       /mnt/pfs/checkpointing/llama3-8b/global_epoch1_step6/zero_pp_rank_2_mp_rank_0_model_states.pt
Backend:     file
Total size:  1.87 GB
Chunk size:  32 MB  (peak RAM = one chunk)
================================================================================
STREAMING CHECKPOINT LOAD - Byte-Range GETs
================================================================================
Input:       /mnt/pfs/checkpointing/llama3-8b/global_epoch1_step6/zero_pp_rank_1_mp_rank_0_model_states.pt
Backend:     file
Total size:  1.87 GB
================================================================================
Read chunks: 128 MB × 4 workers  (peak RAM ≤ 512 MB)
================================================================================
Total size:  1.87 GB
Chunk size:  32 MB  (peak RAM = one chunk)
================================================================================
Read chunks: 128 MB × 4 workers  (peak RAM ≤ 512 MB)
================================================================================
================================================================================
STREAMING CHECKPOINT LOAD - Byte-Range GETs
================================================================================
Input:       /mnt/pfs/checkpointing/llama3-8b/global_epoch1_step6/zero_pp_rank_7_mp_rank_0_model_states.pt
Backend:     file
Total size:  1.87 GB
Chunk size:  32 MB  (peak RAM = one chunk)
================================================================================
Read chunks: 128 MB × 4 workers  (peak RAM ≤ 512 MB)
================================================================================
================================================================================
STREAMING CHECKPOINT LOAD - Byte-Range GETs
================================================================================
Input:       /mnt/pfs/checkpointing/llama3-8b/global_epoch1_step6/zero_pp_rank_6_mp_rank_0_model_states.pt
Backend:     file
Total size:  1.87 GB
Chunk size:  32 MB  (peak RAM = one chunk)
================================================================================
STREAMING CHECKPOINT LOAD - Byte-Range GETs
================================================================================
Input:       /mnt/pfs/checkpointing/llama3-8b/global_epoch1_step6/zero_pp_rank_0_mp_rank_0_model_states.pt
Backend:     file
Total size:  1.87 GB
================================================================================
STREAMING CHECKPOINT LOAD - Byte-Range GETs
================================================================================
Input:       /mnt/pfs/checkpointing/llama3-8b/global_epoch1_step6/zero_pp_rank_5_mp_rank_0_model_states.pt
Backend:     file
Total size:  1.87 GB
Chunk size:  32 MB  (peak RAM = one chunk)
================================================================================
Read chunks: 128 MB × 4 workers  (peak RAM ≤ 512 MB)
================================================================================
================================================================================
Read chunks: 128 MB × 4 workers  (peak RAM ≤ 512 MB)
================================================================================
[FileReader] path=/mnt/pfs/checkpointing/llama3-8b/global_epoch1_step6/zero_pp_rank_2_mp_rank_0_model_states.pt  fadvise=dontneed
[FileReader] path=/mnt/pfs/checkpointing/llama3-8b/global_epoch1_step6/zero_pp_rank_2_mp_rank_0_model_states.pt  fadvise=dontneed
[FileReader] path=/mnt/pfs/checkpointing/llama3-8b/global_epoch1_step6/zero_pp_rank_4_mp_rank_0_model_states.pt  fadvise=dontneed
[FileReader] path=/mnt/pfs/checkpointing/llama3-8b/global_epoch1_step6/zero_pp_rank_4_mp_rank_0_model_states.pt  fadvise=dontneed
Chunk size:  32 MB  (peak RAM = one chunk)
================================================================================
Read chunks: 128 MB × 4 workers  (peak RAM ≤ 512 MB)
================================================================================
Chunk size:  32 MB  (peak RAM = one chunk)
================================================================================
Read chunks: 128 MB × 4 workers  (peak RAM ≤ 512 MB)
================================================================================
[FileReader] path=/mnt/pfs/checkpointing/llama3-8b/global_epoch1_step6/zero_pp_rank_2_mp_rank_0_model_states.pt  fadvise=dontneed
[FileReader] path=/mnt/pfs/checkpointing/llama3-8b/global_epoch1_step6/zero_pp_rank_2_mp_rank_0_model_states.pt  fadvise=dontneed
[FileReader] path=/mnt/pfs/checkpointing/llama3-8b/global_epoch1_step6/zero_pp_rank_6_mp_rank_0_model_states.pt  fadvise=dontneed
[FileReader] path=/mnt/pfs/checkpointing/llama3-8b/global_epoch1_step6/zero_pp_rank_4_mp_rank_0_model_states.pt  fadvise=dontneed
================================================================================
STREAMING CHECKPOINT LOAD - Byte-Range GETs
================================================================================
Input:       /mnt/pfs/checkpointing/llama3-8b/global_epoch1_step6/zero_pp_rank_3_mp_rank_0_model_states.pt
Backend:     file
Total size:  1.87 GB
Chunk size:  32 MB  (peak RAM = one chunk)
================================================================================
Read chunks: 128 MB × 4 workers  (peak RAM ≤ 512 MB)
================================================================================
[FileReader] path=/mnt/pfs/checkpointing/llama3-8b/global_epoch1_step6/zero_pp_rank_5_mp_rank_0_model_states.pt  fadvise=dontneed
[FileReader] path=/mnt/pfs/checkpointing/llama3-8b/global_epoch1_step6/zero_pp_rank_5_mp_rank_0_model_states.pt  fadvise=dontneed
[FileReader] path=/mnt/pfs/checkpointing/llama3-8b/global_epoch1_step6/zero_pp_rank_7_mp_rank_0_model_states.pt  fadvise=dontneed
[FileReader] path=/mnt/pfs/checkpointing/llama3-8b/global_epoch1_step6/zero_pp_rank_7_mp_rank_0_model_states.pt  fadvise=dontneed
[FileReader] path=/mnt/pfs/checkpointing/llama3-8b/global_epoch1_step6/zero_pp_rank_1_mp_rank_0_model_states.pt  fadvise=dontneed
[FileReader] path=/mnt/pfs/checkpointing/llama3-8b/global_epoch1_step6/zero_pp_rank_1_mp_rank_0_model_states.pt  fadvise=dontneed
[FileReader] path=/mnt/pfs/checkpointing/llama3-8b/global_epoch1_step6/zero_pp_rank_1_mp_rank_0_model_states.pt  fadvise=dontneed
[FileReader] path=/mnt/pfs/checkpointing/llama3-8b/global_epoch1_step6/zero_pp_rank_5_mp_rank_0_model_states.pt  fadvise=dontneed
[FileReader] path=/mnt/pfs/checkpointing/llama3-8b/global_epoch1_step6/zero_pp_rank_5_mp_rank_0_model_states.pt  fadvise=dontneed
[FileReader] path=/mnt/pfs/checkpointing/llama3-8b/global_epoch1_step6/zero_pp_rank_7_mp_rank_0_model_states.pt  fadvise=dontneed
[FileReader] path=/mnt/pfs/checkpointing/llama3-8b/global_epoch1_step6/zero_pp_rank_7_mp_rank_0_model_states.pt  fadvise=dontneed
[FileReader] path=/mnt/pfs/checkpointing/llama3-8b/global_epoch1_step6/zero_pp_rank_6_mp_rank_0_model_states.pt  fadvise=dontneed
[FileReader] path=/mnt/pfs/checkpointing/llama3-8b/global_epoch1_step6/zero_pp_rank_6_mp_rank_0_model_states.pt  fadvise=dontneed
[FileReader] path=/mnt/pfs/checkpointing/llama3-8b/global_epoch1_step6/zero_pp_rank_4_mp_rank_0_model_states.pt  fadvise=dontneed
[FileReader] path=/mnt/pfs/checkpointing/llama3-8b/global_epoch1_step6/zero_pp_rank_3_mp_rank_0_model_states.pt  fadvise=dontneed
[FileReader] path=/mnt/pfs/checkpointing/llama3-8b/global_epoch1_step6/zero_pp_rank_3_mp_rank_0_model_states.pt  fadvise=dontneed
[FileReader] path=/mnt/pfs/checkpointing/llama3-8b/global_epoch1_step6/zero_pp_rank_3_mp_rank_0_model_states.pt  fadvise=dontneed
[FileReader] path=/mnt/pfs/checkpointing/llama3-8b/global_epoch1_step6/zero_pp_rank_3_mp_rank_0_model_states.pt  fadvise=dontneed
[FileReader] path=/mnt/pfs/checkpointing/llama3-8b/global_epoch1_step6/zero_pp_rank_0_mp_rank_0_model_states.pt  fadvise=dontneed
[FileReader] path=/mnt/pfs/checkpointing/llama3-8b/global_epoch1_step6/zero_pp_rank_0_mp_rank_0_model_states.pt  fadvise=dontneed
[FileReader] path=/mnt/pfs/checkpointing/llama3-8b/global_epoch1_step6/zero_pp_rank_1_mp_rank_0_model_states.pt  fadvise=dontneed
[FileReader] path=/mnt/pfs/checkpointing/llama3-8b/global_epoch1_step6/zero_pp_rank_6_mp_rank_0_model_states.pt  fadvise=dontneed
[FileReader] path=/mnt/pfs/checkpointing/llama3-8b/global_epoch1_step6/zero_pp_rank_0_mp_rank_0_model_states.pt  fadvise=dontneed
[FileReader] path=/mnt/pfs/checkpointing/llama3-8b/global_epoch1_step6/zero_pp_rank_0_mp_rank_0_model_states.pt  fadvise=dontneed

================================================================================
LOAD RESULTS
================================================================================
I/O:        0.0828s @ 22.59 GB/s
Total:      0.0834s
Chunks:     16
================================================================================
================================================================================
STREAMING CHECKPOINT LOAD - Byte-Range GETs
================================================================================
Input:       /mnt/pfs/checkpointing/llama3-8b/global_epoch1_step6/zero_pp_rank_3_mp_rank_0_optim_states.pt
Backend:     file
Total size:  11.22 GB
Chunk size:  32 MB  (peak RAM = one chunk)
================================================================================
Read chunks: 128 MB × 4 workers  (peak RAM ≤ 512 MB)
================================================================================
[FileReader] path=/mnt/pfs/checkpointing/llama3-8b/global_epoch1_step6/zero_pp_rank_3_mp_rank_0_optim_states.pt  fadvise=dontneed
[FileReader] path=/mnt/pfs/checkpointing/llama3-8b/global_epoch1_step6/zero_pp_rank_3_mp_rank_0_optim_states.pt  fadvise=dontneed
[FileReader] path=/mnt/pfs/checkpointing/llama3-8b/global_epoch1_step6/zero_pp_rank_3_mp_rank_0_optim_states.pt  fadvise=dontneed
[FileReader] path=/mnt/pfs/checkpointing/llama3-8b/global_epoch1_step6/zero_pp_rank_3_mp_rank_0_optim_states.pt  fadvise=dontneed

================================================================================
LOAD RESULTS
================================================================================
I/O:        0.0849s @ 22.02 GB/s
Total:      0.0858s
Chunks:     16
================================================================================
================================================================================
STREAMING CHECKPOINT LOAD - Byte-Range GETs
================================================================================
Input:       /mnt/pfs/checkpointing/llama3-8b/global_epoch1_step6/zero_pp_rank_2_mp_rank_0_optim_states.pt
Backend:     file
Total size:  11.22 GB
Chunk size:  32 MB  (peak RAM = one chunk)
================================================================================
Read chunks: 128 MB × 4 workers  (peak RAM ≤ 512 MB)
================================================================================
[FileReader] path=/mnt/pfs/checkpointing/llama3-8b/global_epoch1_step6/zero_pp_rank_2_mp_rank_0_optim_states.pt  fadvise=dontneed
[FileReader] path=/mnt/pfs/checkpointing/llama3-8b/global_epoch1_step6/zero_pp_rank_2_mp_rank_0_optim_states.pt  fadvise=dontneed
[FileReader] path=/mnt/pfs/checkpointing/llama3-8b/global_epoch1_step6/zero_pp_rank_2_mp_rank_0_optim_states.pt  fadvise=dontneed
[FileReader] path=/mnt/pfs/checkpointing/llama3-8b/global_epoch1_step6/zero_pp_rank_2_mp_rank_0_optim_states.pt  fadvise=dontneed

================================================================================
LOAD RESULTS
================================================================================
I/O:        0.0861s @ 21.70 GB/s
Total:      0.0869s
Chunks:     16
================================================================================
================================================================================
STREAMING CHECKPOINT LOAD - Byte-Range GETs
================================================================================
Input:       /mnt/pfs/checkpointing/llama3-8b/global_epoch1_step6/zero_pp_rank_7_mp_rank_0_optim_states.pt
Backend:     file
Total size:  11.22 GB
Chunk size:  32 MB  (peak RAM = one chunk)
================================================================================
Read chunks: 128 MB × 4 workers  (peak RAM ≤ 512 MB)
================================================================================
[FileReader] path=/mnt/pfs/checkpointing/llama3-8b/global_epoch1_step6/zero_pp_rank_7_mp_rank_0_optim_states.pt  fadvise=dontneed
[FileReader] path=/mnt/pfs/checkpointing/llama3-8b/global_epoch1_step6/zero_pp_rank_7_mp_rank_0_optim_states.pt  fadvise=dontneed
[FileReader] path=/mnt/pfs/checkpointing/llama3-8b/global_epoch1_step6/zero_pp_rank_7_mp_rank_0_optim_states.pt  fadvise=dontneed
[FileReader] path=/mnt/pfs/checkpointing/llama3-8b/global_epoch1_step6/zero_pp_rank_7_mp_rank_0_optim_states.pt  fadvise=dontneed

================================================================================
LOAD RESULTS
================================================================================
I/O:        0.0867s @ 21.57 GB/s
Total:      0.0874s
Chunks:     16
================================================================================
================================================================================
STREAMING CHECKPOINT LOAD - Byte-Range GETs
================================================================================
Input:       /mnt/pfs/checkpointing/llama3-8b/global_epoch1_step6/zero_pp_rank_6_mp_rank_0_optim_states.pt
Backend:     file
Total size:  11.22 GB
Chunk size:  32 MB  (peak RAM = one chunk)
================================================================================
Read chunks: 128 MB × 4 workers  (peak RAM ≤ 512 MB)
================================================================================
[FileReader] path=/mnt/pfs/checkpointing/llama3-8b/global_epoch1_step6/zero_pp_rank_6_mp_rank_0_optim_states.pt  fadvise=dontneed
[FileReader] path=/mnt/pfs/checkpointing/llama3-8b/global_epoch1_step6/zero_pp_rank_6_mp_rank_0_optim_states.pt  fadvise=dontneed
[FileReader] path=/mnt/pfs/checkpointing/llama3-8b/global_epoch1_step6/zero_pp_rank_6_mp_rank_0_optim_states.pt  fadvise=dontneed
[FileReader] path=/mnt/pfs/checkpointing/llama3-8b/global_epoch1_step6/zero_pp_rank_6_mp_rank_0_optim_states.pt  fadvise=dontneed

================================================================================
LOAD RESULTS
================================================================================
I/O:        0.0887s @ 21.08 GB/s
Total:      0.0895s
Chunks:     16
================================================================================
================================================================================
STREAMING CHECKPOINT LOAD - Byte-Range GETs
================================================================================
Input:       /mnt/pfs/checkpointing/llama3-8b/global_epoch1_step6/zero_pp_rank_4_mp_rank_0_optim_states.pt
Backend:     file
Total size:  11.22 GB
Chunk size:  32 MB  (peak RAM = one chunk)
================================================================================
Read chunks: 128 MB × 4 workers  (peak RAM ≤ 512 MB)
================================================================================
[FileReader] path=/mnt/pfs/checkpointing/llama3-8b/global_epoch1_step6/zero_pp_rank_4_mp_rank_0_optim_states.pt  fadvise=dontneed
[FileReader] path=/mnt/pfs/checkpointing/llama3-8b/global_epoch1_step6/zero_pp_rank_4_mp_rank_0_optim_states.pt  fadvise=dontneed
[FileReader] path=/mnt/pfs/checkpointing/llama3-8b/global_epoch1_step6/zero_pp_rank_4_mp_rank_0_optim_states.pt  fadvise=dontneed
[FileReader] path=/mnt/pfs/checkpointing/llama3-8b/global_epoch1_step6/zero_pp_rank_4_mp_rank_0_optim_states.pt  fadvise=dontneed

================================================================================
LOAD RESULTS
================================================================================
I/O:        0.0942s @ 19.85 GB/s
Total:      0.0950s
Chunks:     16
================================================================================
================================================================================
STREAMING CHECKPOINT LOAD - Byte-Range GETs
================================================================================
Input:       /mnt/pfs/checkpointing/llama3-8b/global_epoch1_step6/zero_pp_rank_5_mp_rank_0_optim_states.pt
Backend:     file
Total size:  11.22 GB
Chunk size:  32 MB  (peak RAM = one chunk)
================================================================================
Read chunks: 128 MB × 4 workers  (peak RAM ≤ 512 MB)
================================================================================
[FileReader] path=/mnt/pfs/checkpointing/llama3-8b/global_epoch1_step6/zero_pp_rank_5_mp_rank_0_optim_states.pt  fadvise=dontneed
[FileReader] path=/mnt/pfs/checkpointing/llama3-8b/global_epoch1_step6/zero_pp_rank_5_mp_rank_0_optim_states.pt  fadvise=dontneed
[FileReader] path=/mnt/pfs/checkpointing/llama3-8b/global_epoch1_step6/zero_pp_rank_5_mp_rank_0_optim_states.pt  fadvise=dontneed
[FileReader] path=/mnt/pfs/checkpointing/llama3-8b/global_epoch1_step6/zero_pp_rank_5_mp_rank_0_optim_states.pt  fadvise=dontneed

================================================================================
LOAD RESULTS
================================================================================
I/O:        0.0947s @ 19.75 GB/s
Total:      0.0954s
Chunks:     16
================================================================================
================================================================================
STREAMING CHECKPOINT LOAD - Byte-Range GETs
================================================================================
Input:       /mnt/pfs/checkpointing/llama3-8b/global_epoch1_step6/zero_pp_rank_1_mp_rank_0_optim_states.pt
Backend:     file
Total size:  11.22 GB
Chunk size:  32 MB  (peak RAM = one chunk)
================================================================================
Read chunks: 128 MB × 4 workers  (peak RAM ≤ 512 MB)
================================================================================
[FileReader] path=/mnt/pfs/checkpointing/llama3-8b/global_epoch1_step6/zero_pp_rank_1_mp_rank_0_optim_states.pt  fadvise=dontneed
[FileReader] path=/mnt/pfs/checkpointing/llama3-8b/global_epoch1_step6/zero_pp_rank_1_mp_rank_0_optim_states.pt  fadvise=dontneed
[FileReader] path=/mnt/pfs/checkpointing/llama3-8b/global_epoch1_step6/zero_pp_rank_1_mp_rank_0_optim_states.pt  fadvise=dontneed
[FileReader] path=/mnt/pfs/checkpointing/llama3-8b/global_epoch1_step6/zero_pp_rank_1_mp_rank_0_optim_states.pt  fadvise=dontneed

================================================================================
LOAD RESULTS
================================================================================
I/O:        0.0965s @ 19.38 GB/s
Total:      0.0974s
Chunks:     16
================================================================================
================================================================================
STREAMING CHECKPOINT LOAD - Byte-Range GETs
================================================================================
Input:       /mnt/pfs/checkpointing/llama3-8b/global_epoch1_step6/zero_pp_rank_0_mp_rank_0_optim_states.pt
Backend:     file
Total size:  11.22 GB
Chunk size:  32 MB  (peak RAM = one chunk)
================================================================================
Read chunks: 128 MB × 4 workers  (peak RAM ≤ 512 MB)
================================================================================
[FileReader] path=/mnt/pfs/checkpointing/llama3-8b/global_epoch1_step6/zero_pp_rank_0_mp_rank_0_optim_states.pt  fadvise=dontneed
[FileReader] path=/mnt/pfs/checkpointing/llama3-8b/global_epoch1_step6/zero_pp_rank_0_mp_rank_0_optim_states.pt  fadvise=dontneed
[FileReader] path=/mnt/pfs/checkpointing/llama3-8b/global_epoch1_step6/zero_pp_rank_0_mp_rank_0_optim_states.pt  fadvise=dontneed
[FileReader] path=/mnt/pfs/checkpointing/llama3-8b/global_epoch1_step6/zero_pp_rank_0_mp_rank_0_optim_states.pt  fadvise=dontneed
[Load w0] 2.00 GB  5.84 GB/s
[Load w0] 2.00 GB  5.76 GB/s
[Load w1] 2.00 GB  5.81 GB/s
[Load w2] 2.00 GB  5.70 GB/s
[Load w0] 2.00 GB  5.69 GB/s
[Load w3] 2.00 GB  5.61 GB/s
[Load w2] 2.00 GB  5.62 GB/s
[Load w1] 2.00 GB  5.58 GB/s
[Load w2] 2.00 GB  5.53 GB/s
[Load w1] 2.00 GB  5.71 GB/s
[Load w2] 2.00 GB  5.70 GB/s
[Load w2] 2.00 GB  5.54 GB/s
[Load w0] 2.00 GB  5.58 GB/s
[Load w0] 2.00 GB  5.51 GB/s
[Load w2] 2.00 GB  5.69 GB/s
[Load w0] 2.00 GB  5.64 GB/s
[Load w3] 2.00 GB  5.55 GB/s
[Load w3] 2.00 GB  5.51 GB/s
[Load w1] 2.00 GB  5.47 GB/s
[Load w2] 2.00 GB  5.42 GB/s
[Load w3] 2.00 GB  5.35 GB/s
[Load w1] 2.00 GB  5.36 GB/s
[Load w3] 2.00 GB  5.48 GB/s
[Load w1] 2.00 GB  5.30 GB/s
[Load w1] 2.00 GB  5.45 GB/s
[Load w2] 2.00 GB  5.43 GB/s
[Load w3] 2.00 GB  5.46 GB/s
[Load w3] 2.00 GB  5.29 GB/s
[Load w3] 2.00 GB  5.40 GB/s
[Load w0] 2.00 GB  5.41 GB/s
[Load w0] 2.00 GB  5.36 GB/s
[Load w1] 2.00 GB  5.14 GB/s

================================================================================
LOAD RESULTS
================================================================================
I/O:        0.4979s @ 22.53 GB/s
Total:      0.4986s
Chunks:     92
================================================================================

================================================================================
LOAD RESULTS
================================================================================
I/O:        0.5046s @ 22.23 GB/s
Total:      0.5054s
Chunks:     92
================================================================================

================================================================================
LOAD RESULTS
================================================================================
I/O:        0.5116s @ 21.93 GB/s
Total:      0.5125s
Chunks:     92
================================================================================

================================================================================
LOAD RESULTS
================================================================================
I/O:        0.5109s @ 21.96 GB/s
Total:      0.5115s
Chunks:     92
================================================================================

================================================================================
LOAD RESULTS
================================================================================
I/O:        0.5110s @ 21.95 GB/s
Total:      0.5118s
Chunks:     92
================================================================================

================================================================================
LOAD RESULTS
================================================================================
I/O:        0.5036s @ 22.28 GB/s
Total:      0.5045s
Chunks:     92
================================================================================

================================================================================
LOAD RESULTS
================================================================================
I/O:        0.5056s @ 22.19 GB/s
Total:      0.5060s
Chunks:     92
================================================================================

================================================================================
LOAD RESULTS
================================================================================
I/O:        0.5067s @ 22.14 GB/s
Total:      0.5073s
Chunks:     92
================================================================================
================================================================================
STREAMING CHECKPOINT LOAD - Byte-Range GETs
================================================================================
Input:       /mnt/pfs/checkpointing/llama3-8b/global_epoch1_step7/zero_pp_rank_4_mp_rank_0_model_states.pt
Backend:     file
Total size:  1.87 GB
Chunk size:  32 MB  (peak RAM = one chunk)
================================================================================
================================================================================
STREAMING CHECKPOINT LOAD - Byte-Range GETs
================================================================================
Input:       /mnt/pfs/checkpointing/llama3-8b/global_epoch1_step7/zero_pp_rank_7_mp_rank_0_model_states.pt
Backend:     file
Total size:  1.87 GB
Chunk size:  32 MB  (peak RAM = one chunk)
================================================================================
================================================================================
STREAMING CHECKPOINT LOAD - Byte-Range GETs
================================================================================
Input:       /mnt/pfs/checkpointing/llama3-8b/global_epoch1_step7/zero_pp_rank_2_mp_rank_0_model_states.pt
Backend:     file
Total size:  1.87 GB
Chunk size:  32 MB  (peak RAM = one chunk)
================================================================================
STREAMING CHECKPOINT LOAD - Byte-Range GETs
================================================================================
Input:       /mnt/pfs/checkpointing/llama3-8b/global_epoch1_step7/zero_pp_rank_3_mp_rank_0_model_states.pt
Backend:     file
Total size:  1.87 GB
Chunk size:  32 MB  (peak RAM = one chunk)
================================================================================
Read chunks: 128 MB × 4 workers  (peak RAM ≤ 512 MB)
================================================================================
[FileReader] path=/mnt/pfs/checkpointing/llama3-8b/global_epoch1_step7/zero_pp_rank_4_mp_rank_0_model_states.pt  fadvise=dontneed
================================================================================
STREAMING CHECKPOINT LOAD - Byte-Range GETs
================================================================================
Input:       /mnt/pfs/checkpointing/llama3-8b/global_epoch1_step7/zero_pp_rank_1_mp_rank_0_model_states.pt
Backend:     file
Total size:  1.87 GB
Chunk size:  32 MB  (peak RAM = one chunk)
================================================================================
================================================================================
Read chunks: 128 MB × 4 workers  (peak RAM ≤ 512 MB)
================================================================================
================================================================================
STREAMING CHECKPOINT LOAD - Byte-Range GETs
================================================================================
Input:       /mnt/pfs/checkpointing/llama3-8b/global_epoch1_step7/zero_pp_rank_6_mp_rank_0_model_states.pt
Backend:     file
================================================================================
STREAMING CHECKPOINT LOAD - Byte-Range GETs
================================================================================
Input:       /mnt/pfs/checkpointing/llama3-8b/global_epoch1_step7/zero_pp_rank_5_mp_rank_0_model_states.pt
Backend:     file
Total size:  1.87 GB
Chunk size:  32 MB  (peak RAM = one chunk)
================================================================================
Read chunks: 128 MB × 4 workers  (peak RAM ≤ 512 MB)
================================================================================
Read chunks: 128 MB × 4 workers  (peak RAM ≤ 512 MB)
================================================================================
[FileReader] path=/mnt/pfs/checkpointing/llama3-8b/global_epoch1_step7/zero_pp_rank_5_mp_rank_0_model_states.pt  fadvise=dontneed
[FileReader] path=/mnt/pfs/checkpointing/llama3-8b/global_epoch1_step7/zero_pp_rank_4_mp_rank_0_model_states.pt  fadvise=dontneed
[FileReader] path=/mnt/pfs/checkpointing/llama3-8b/global_epoch1_step7/zero_pp_rank_4_mp_rank_0_model_states.pt  fadvise=dontneed
[FileReader] path=/mnt/pfs/checkpointing/llama3-8b/global_epoch1_step7/zero_pp_rank_4_mp_rank_0_model_states.pt  fadvise=dontneed
[FileReader] path=/mnt/pfs/checkpointing/llama3-8b/global_epoch1_step7/zero_pp_rank_2_mp_rank_0_model_states.pt  fadvise=dontneed
================================================================================
STREAMING CHECKPOINT LOAD - Byte-Range GETs
================================================================================
Input:       /mnt/pfs/checkpointing/llama3-8b/global_epoch1_step7/zero_pp_rank_0_mp_rank_0_model_states.pt
Backend:     file
Read chunks: 128 MB × 4 workers  (peak RAM ≤ 512 MB)
================================================================================
[FileReader] path=/mnt/pfs/checkpointing/llama3-8b/global_epoch1_step7/zero_pp_rank_1_mp_rank_0_model_states.pt  fadvise=dontneed
Read chunks: 128 MB × 4 workers  (peak RAM ≤ 512 MB)
================================================================================
[FileReader] path=/mnt/pfs/checkpointing/llama3-8b/global_epoch1_step7/zero_pp_rank_7_mp_rank_0_model_states.pt  fadvise=dontneed
[FileReader] path=/mnt/pfs/checkpointing/llama3-8b/global_epoch1_step7/zero_pp_rank_3_mp_rank_0_model_states.pt  fadvise=dontneed
[FileReader] path=/mnt/pfs/checkpointing/llama3-8b/global_epoch1_step7/zero_pp_rank_3_mp_rank_0_model_states.pt  fadvise=dontneed
[FileReader] path=/mnt/pfs/checkpointing/llama3-8b/global_epoch1_step7/zero_pp_rank_7_mp_rank_0_model_states.pt  fadvise=dontneed
[FileReader] path=/mnt/pfs/checkpointing/llama3-8b/global_epoch1_step7/zero_pp_rank_7_mp_rank_0_model_states.pt  fadvise=dontneed
Total size:  1.87 GB
Chunk size:  32 MB  (peak RAM = one chunk)
================================================================================
Read chunks: 128 MB × 4 workers  (peak RAM ≤ 512 MB)
================================================================================
[FileReader] path=/mnt/pfs/checkpointing/llama3-8b/global_epoch1_step7/zero_pp_rank_2_mp_rank_0_model_states.pt  fadvise=dontneed
[FileReader] path=/mnt/pfs/checkpointing/llama3-8b/global_epoch1_step7/zero_pp_rank_2_mp_rank_0_model_states.pt  fadvise=dontneed
[FileReader] path=/mnt/pfs/checkpointing/llama3-8b/global_epoch1_step7/zero_pp_rank_2_mp_rank_0_model_states.pt  fadvise=dontneed
Total size:  1.87 GB
Chunk size:  32 MB  (peak RAM = one chunk)
================================================================================
Read chunks: 128 MB × 4 workers  (peak RAM ≤ 512 MB)
================================================================================
[FileReader] path=/mnt/pfs/checkpointing/llama3-8b/global_epoch1_step7/zero_pp_rank_6_mp_rank_0_model_states.pt  fadvise=dontneed
[FileReader] path=/mnt/pfs/checkpointing/llama3-8b/global_epoch1_step7/zero_pp_rank_6_mp_rank_0_model_states.pt  fadvise=dontneed
[FileReader] path=/mnt/pfs/checkpointing/llama3-8b/global_epoch1_step7/zero_pp_rank_5_mp_rank_0_model_states.pt  fadvise=dontneed
[FileReader] path=/mnt/pfs/checkpointing/llama3-8b/global_epoch1_step7/zero_pp_rank_5_mp_rank_0_model_states.pt  fadvise=dontneed
[FileReader] path=/mnt/pfs/checkpointing/llama3-8b/global_epoch1_step7/zero_pp_rank_5_mp_rank_0_model_states.pt  fadvise=dontneed
[FileReader] path=/mnt/pfs/checkpointing/llama3-8b/global_epoch1_step7/zero_pp_rank_0_mp_rank_0_model_states.pt  fadvise=dontneed
[FileReader] path=/mnt/pfs/checkpointing/llama3-8b/global_epoch1_step7/zero_pp_rank_0_mp_rank_0_model_states.pt  fadvise=dontneed
[FileReader] path=/mnt/pfs/checkpointing/llama3-8b/global_epoch1_step7/zero_pp_rank_1_mp_rank_0_model_states.pt  fadvise=dontneed
[FileReader] path=/mnt/pfs/checkpointing/llama3-8b/global_epoch1_step7/zero_pp_rank_1_mp_rank_0_model_states.pt  fadvise=dontneed
[FileReader] path=/mnt/pfs/checkpointing/llama3-8b/global_epoch1_step7/zero_pp_rank_6_mp_rank_0_model_states.pt  fadvise=dontneed
[FileReader] path=/mnt/pfs/checkpointing/llama3-8b/global_epoch1_step7/zero_pp_rank_3_mp_rank_0_model_states.pt  fadvise=dontneed
[FileReader] path=/mnt/pfs/checkpointing/llama3-8b/global_epoch1_step7/zero_pp_rank_3_mp_rank_0_model_states.pt  fadvise=dontneed
[FileReader] path=/mnt/pfs/checkpointing/llama3-8b/global_epoch1_step7/zero_pp_rank_0_mp_rank_0_model_states.pt  fadvise=dontneed
[FileReader] path=/mnt/pfs/checkpointing/llama3-8b/global_epoch1_step7/zero_pp_rank_0_mp_rank_0_model_states.pt  fadvise=dontneed
[FileReader] path=/mnt/pfs/checkpointing/llama3-8b/global_epoch1_step7/zero_pp_rank_1_mp_rank_0_model_states.pt  fadvise=dontneed
[FileReader] path=/mnt/pfs/checkpointing/llama3-8b/global_epoch1_step7/zero_pp_rank_6_mp_rank_0_model_states.pt  fadvise=dontneed
[FileReader] path=/mnt/pfs/checkpointing/llama3-8b/global_epoch1_step7/zero_pp_rank_7_mp_rank_0_model_states.pt  fadvise=dontneed

================================================================================
LOAD RESULTS
================================================================================
I/O:        0.0816s @ 22.91 GB/s
Total:      0.0826s
Chunks:     16
================================================================================
================================================================================
STREAMING CHECKPOINT LOAD - Byte-Range GETs
================================================================================
Input:       /mnt/pfs/checkpointing/llama3-8b/global_epoch1_step7/zero_pp_rank_7_mp_rank_0_optim_states.pt
Backend:     file
Total size:  11.22 GB
Chunk size:  32 MB  (peak RAM = one chunk)
================================================================================
Read chunks: 128 MB × 4 workers  (peak RAM ≤ 512 MB)
================================================================================
[FileReader] path=/mnt/pfs/checkpointing/llama3-8b/global_epoch1_step7/zero_pp_rank_7_mp_rank_0_optim_states.pt  fadvise=dontneed
[FileReader] path=/mnt/pfs/checkpointing/llama3-8b/global_epoch1_step7/zero_pp_rank_7_mp_rank_0_optim_states.pt  fadvise=dontneed
[FileReader] path=/mnt/pfs/checkpointing/llama3-8b/global_epoch1_step7/zero_pp_rank_7_mp_rank_0_optim_states.pt  fadvise=dontneed
[FileReader] path=/mnt/pfs/checkpointing/llama3-8b/global_epoch1_step7/zero_pp_rank_7_mp_rank_0_optim_states.pt  fadvise=dontneed

================================================================================
LOAD RESULTS
================================================================================
I/O:        0.0845s @ 22.13 GB/s
Total:      0.0854s
Chunks:     16
================================================================================
================================================================================
STREAMING CHECKPOINT LOAD - Byte-Range GETs
================================================================================
Input:       /mnt/pfs/checkpointing/llama3-8b/global_epoch1_step7/zero_pp_rank_2_mp_rank_0_optim_states.pt
Backend:     file
Total size:  11.22 GB
Chunk size:  32 MB  (peak RAM = one chunk)
================================================================================
Read chunks: 128 MB × 4 workers  (peak RAM ≤ 512 MB)
================================================================================
[FileReader] path=/mnt/pfs/checkpointing/llama3-8b/global_epoch1_step7/zero_pp_rank_2_mp_rank_0_optim_states.pt  fadvise=dontneed
[FileReader] path=/mnt/pfs/checkpointing/llama3-8b/global_epoch1_step7/zero_pp_rank_2_mp_rank_0_optim_states.pt  fadvise=dontneed
[FileReader] path=/mnt/pfs/checkpointing/llama3-8b/global_epoch1_step7/zero_pp_rank_2_mp_rank_0_optim_states.pt  fadvise=dontneed
[FileReader] path=/mnt/pfs/checkpointing/llama3-8b/global_epoch1_step7/zero_pp_rank_2_mp_rank_0_optim_states.pt  fadvise=dontneed

================================================================================
LOAD RESULTS
================================================================================
I/O:        0.0849s @ 22.03 GB/s
Total:      0.0861s
Chunks:     16
================================================================================
================================================================================
STREAMING CHECKPOINT LOAD - Byte-Range GETs
================================================================================
Input:       /mnt/pfs/checkpointing/llama3-8b/global_epoch1_step7/zero_pp_rank_6_mp_rank_0_optim_states.pt
Backend:     file
Total size:  11.22 GB
Chunk size:  32 MB  (peak RAM = one chunk)
================================================================================
Read chunks: 128 MB × 4 workers  (peak RAM ≤ 512 MB)
================================================================================
[FileReader] path=/mnt/pfs/checkpointing/llama3-8b/global_epoch1_step7/zero_pp_rank_6_mp_rank_0_optim_states.pt  fadvise=dontneed
[FileReader] path=/mnt/pfs/checkpointing/llama3-8b/global_epoch1_step7/zero_pp_rank_6_mp_rank_0_optim_states.pt  fadvise=dontneed
[FileReader] path=/mnt/pfs/checkpointing/llama3-8b/global_epoch1_step7/zero_pp_rank_6_mp_rank_0_optim_states.pt  fadvise=dontneed
[FileReader] path=/mnt/pfs/checkpointing/llama3-8b/global_epoch1_step7/zero_pp_rank_6_mp_rank_0_optim_states.pt  fadvise=dontneed

================================================================================
LOAD RESULTS
================================================================================
I/O:        0.0875s @ 21.37 GB/s
Total:      0.0886s
Chunks:     16
================================================================================
================================================================================
STREAMING CHECKPOINT LOAD - Byte-Range GETs
================================================================================
Input:       /mnt/pfs/checkpointing/llama3-8b/global_epoch1_step7/zero_pp_rank_3_mp_rank_0_optim_states.pt
Backend:     file
Total size:  11.22 GB
Chunk size:  32 MB  (peak RAM = one chunk)
================================================================================
Read chunks: 128 MB × 4 workers  (peak RAM ≤ 512 MB)
================================================================================
[FileReader] path=/mnt/pfs/checkpointing/llama3-8b/global_epoch1_step7/zero_pp_rank_3_mp_rank_0_optim_states.pt  fadvise=dontneed
[FileReader] path=/mnt/pfs/checkpointing/llama3-8b/global_epoch1_step7/zero_pp_rank_3_mp_rank_0_optim_states.pt  fadvise=dontneed
[FileReader] path=/mnt/pfs/checkpointing/llama3-8b/global_epoch1_step7/zero_pp_rank_3_mp_rank_0_optim_states.pt  fadvise=dontneed
[FileReader] path=/mnt/pfs/checkpointing/llama3-8b/global_epoch1_step7/zero_pp_rank_3_mp_rank_0_optim_states.pt  fadvise=dontneed

================================================================================
LOAD RESULTS
================================================================================
I/O:        0.0880s @ 21.25 GB/s
Total:      0.0891s
Chunks:     16
================================================================================
================================================================================
STREAMING CHECKPOINT LOAD - Byte-Range GETs
================================================================================
Input:       /mnt/pfs/checkpointing/llama3-8b/global_epoch1_step7/zero_pp_rank_0_mp_rank_0_optim_states.pt
Backend:     file
Total size:  11.22 GB
Chunk size:  32 MB  (peak RAM = one chunk)
================================================================================
Read chunks: 128 MB × 4 workers  (peak RAM ≤ 512 MB)
================================================================================
[FileReader] path=/mnt/pfs/checkpointing/llama3-8b/global_epoch1_step7/zero_pp_rank_0_mp_rank_0_optim_states.pt  fadvise=dontneed
[FileReader] path=/mnt/pfs/checkpointing/llama3-8b/global_epoch1_step7/zero_pp_rank_0_mp_rank_0_optim_states.pt  fadvise=dontneed
[FileReader] path=/mnt/pfs/checkpointing/llama3-8b/global_epoch1_step7/zero_pp_rank_0_mp_rank_0_optim_states.pt  fadvise=dontneed
[FileReader] path=/mnt/pfs/checkpointing/llama3-8b/global_epoch1_step7/zero_pp_rank_0_mp_rank_0_optim_states.pt  fadvise=dontneed

================================================================================
LOAD RESULTS
================================================================================
I/O:        0.0890s @ 21.00 GB/s
Total:      0.0901s
Chunks:     16
================================================================================
================================================================================
STREAMING CHECKPOINT LOAD - Byte-Range GETs
================================================================================
Input:       /mnt/pfs/checkpointing/llama3-8b/global_epoch1_step7/zero_pp_rank_5_mp_rank_0_optim_states.pt
Backend:     file
Total size:  11.22 GB
Chunk size:  32 MB  (peak RAM = one chunk)
================================================================================
Read chunks: 128 MB × 4 workers  (peak RAM ≤ 512 MB)
================================================================================
[FileReader] path=/mnt/pfs/checkpointing/llama3-8b/global_epoch1_step7/zero_pp_rank_5_mp_rank_0_optim_states.pt  fadvise=dontneed
[FileReader] path=/mnt/pfs/checkpointing/llama3-8b/global_epoch1_step7/zero_pp_rank_5_mp_rank_0_optim_states.pt  fadvise=dontneed
[FileReader] path=/mnt/pfs/checkpointing/llama3-8b/global_epoch1_step7/zero_pp_rank_5_mp_rank_0_optim_states.pt  fadvise=dontneed
[FileReader] path=/mnt/pfs/checkpointing/llama3-8b/global_epoch1_step7/zero_pp_rank_5_mp_rank_0_optim_states.pt  fadvise=dontneed

================================================================================
LOAD RESULTS
================================================================================
I/O:        0.0903s @ 20.71 GB/s
Total:      0.0912s
Chunks:     16
================================================================================
================================================================================
STREAMING CHECKPOINT LOAD - Byte-Range GETs
================================================================================
Input:       /mnt/pfs/checkpointing/llama3-8b/global_epoch1_step7/zero_pp_rank_1_mp_rank_0_optim_states.pt
Backend:     file
Total size:  11.22 GB
Chunk size:  32 MB  (peak RAM = one chunk)
================================================================================
Read chunks: 128 MB × 4 workers  (peak RAM ≤ 512 MB)
================================================================================
[FileReader] path=/mnt/pfs/checkpointing/llama3-8b/global_epoch1_step7/zero_pp_rank_1_mp_rank_0_optim_states.pt  fadvise=dontneed
[FileReader] path=/mnt/pfs/checkpointing/llama3-8b/global_epoch1_step7/zero_pp_rank_1_mp_rank_0_optim_states.pt  fadvise=dontneed
[FileReader] path=/mnt/pfs/checkpointing/llama3-8b/global_epoch1_step7/zero_pp_rank_1_mp_rank_0_optim_states.pt  fadvise=dontneed
[FileReader] path=/mnt/pfs/checkpointing/llama3-8b/global_epoch1_step7/zero_pp_rank_1_mp_rank_0_optim_states.pt  fadvise=dontneed

================================================================================
LOAD RESULTS
================================================================================
I/O:        0.0917s @ 20.39 GB/s
Total:      0.0927s
Chunks:     16
================================================================================
================================================================================
STREAMING CHECKPOINT LOAD - Byte-Range GETs
================================================================================
Input:       /mnt/pfs/checkpointing/llama3-8b/global_epoch1_step7/zero_pp_rank_4_mp_rank_0_optim_states.pt
Backend:     file
Total size:  11.22 GB
Chunk size:  32 MB  (peak RAM = one chunk)
================================================================================
Read chunks: 128 MB × 4 workers  (peak RAM ≤ 512 MB)
================================================================================
[FileReader] path=/mnt/pfs/checkpointing/llama3-8b/global_epoch1_step7/zero_pp_rank_4_mp_rank_0_optim_states.pt  fadvise=dontneed
[FileReader] path=/mnt/pfs/checkpointing/llama3-8b/global_epoch1_step7/zero_pp_rank_4_mp_rank_0_optim_states.pt  fadvise=dontneed
[FileReader] path=/mnt/pfs/checkpointing/llama3-8b/global_epoch1_step7/zero_pp_rank_4_mp_rank_0_optim_states.pt  fadvise=dontneed
[FileReader] path=/mnt/pfs/checkpointing/llama3-8b/global_epoch1_step7/zero_pp_rank_4_mp_rank_0_optim_states.pt  fadvise=dontneed
[Load w0] 2.00 GB  5.45 GB/s
[Load w3] 2.00 GB  5.05 GB/s
[Load w1] 2.00 GB  5.06 GB/s
[Load w2] 2.00 GB  4.87 GB/s
[Load w2] 2.00 GB  4.88 GB/s
[Load w3] 2.00 GB  4.88 GB/s
[Load w1] 2.00 GB  4.86 GB/s
[Load w1] 2.00 GB  4.86 GB/s
[Load w0] 2.00 GB  4.84 GB/s
[Load w3] 2.00 GB  4.87 GB/s
[Load w1] 2.00 GB  4.87 GB/s
[Load w3] 2.00 GB  4.78 GB/s
[Load w2] 2.00 GB  4.77 GB/s
[Load w2] 2.00 GB  4.84 GB/s
[Load w0] 2.00 GB  4.75 GB/s
[Load w0] 2.00 GB  4.81 GB/s
[Load w3] 2.00 GB  4.84 GB/s
[Load w2] 2.00 GB  4.85 GB/s
[Load w1] 2.00 GB  4.73 GB/s
[Load w1] 2.00 GB  4.80 GB/s
[Load w1] 2.00 GB  4.77 GB/s
[Load w2] 2.00 GB  4.75 GB/s
[Load w0] 2.00 GB  4.72 GB/s
[Load w3] 2.00 GB  4.72 GB/s
[Load w2] 2.00 GB  4.74 GB/s
[Load w2] 2.00 GB  4.70 GB/s
[Load w1] 2.00 GB  4.69 GB/s
[Load w0] 2.00 GB  4.69 GB/s
[Load w0] 2.00 GB  4.66 GB/s
[Load w0] 2.00 GB  4.61 GB/s
[Load w3] 2.00 GB  4.64 GB/s
[Load w3] 2.00 GB  4.53 GB/s

================================================================================
LOAD RESULTS
================================================================================
I/O:        0.5601s @ 20.03 GB/s
Total:      0.5606s
Chunks:     92
================================================================================

================================================================================
LOAD RESULTS
================================================================================
I/O:        0.5588s @ 20.08 GB/s
Total:      0.5594s
Chunks:     92
================================================================================

================================================================================
LOAD RESULTS
================================================================================
I/O:        0.5682s @ 19.74 GB/s
Total:      0.5686s
Chunks:     92
================================================================================

================================================================================
LOAD RESULTS
================================================================================
I/O:        0.5621s @ 19.96 GB/s
Total:      0.5630s
Chunks:     92
================================================================================

================================================================================
LOAD RESULTS
================================================================================
I/O:        0.5670s @ 19.78 GB/s
Total:      0.5675s
Chunks:     92
================================================================================

================================================================================
LOAD RESULTS
================================================================================
I/O:        0.5629s @ 19.93 GB/s
Total:      0.5634s
Chunks:     92
================================================================================

================================================================================
LOAD RESULTS
================================================================================
I/O:        0.5653s @ 19.84 GB/s
Total:      0.5661s
Chunks:     92
================================================================================

================================================================================
LOAD RESULTS
================================================================================
I/O:        0.5625s @ 19.94 GB/s
Total:      0.5634s
Chunks:     92
================================================================================
================================================================================
STREAMING CHECKPOINT LOAD - Byte-Range GETs
================================================================================
Input:       /mnt/pfs/checkpointing/llama3-8b/global_epoch1_step8/zero_pp_rank_4_mp_rank_0_model_states.pt
Backend:     file
Total size:  1.87 GB
Chunk size:  32 MB  (peak RAM = one chunk)
================================================================================
================================================================================
STREAMING CHECKPOINT LOAD - Byte-Range GETs
================================================================================
Input:       /mnt/pfs/checkpointing/llama3-8b/global_epoch1_step8/zero_pp_rank_2_mp_rank_0_model_states.pt
Backend:     file
Total size:  1.87 GB
Chunk size:  32 MB  (peak RAM = one chunk)
================================================================================
STREAMING CHECKPOINT LOAD - Byte-Range GETs
================================================================================
Input:       /mnt/pfs/checkpointing/llama3-8b/global_epoch1_step8/zero_pp_rank_7_mp_rank_0_model_states.pt
Backend:     file
Total size:  1.87 GB
Read chunks: 128 MB × 4 workers  (peak RAM ≤ 512 MB)
================================================================================
================================================================================
STREAMING CHECKPOINT LOAD - Byte-Range GETs
================================================================================
Input:       /mnt/pfs/checkpointing/llama3-8b/global_epoch1_step8/zero_pp_rank_5_mp_rank_0_model_states.pt
Backend:     file
Total size:  1.87 GB
Chunk size:  32 MB  (peak RAM = one chunk)
================================================================================
================================================================================
Read chunks: 128 MB × 4 workers  (peak RAM ≤ 512 MB)
================================================================================
================================================================================
STREAMING CHECKPOINT LOAD - Byte-Range GETs
================================================================================
Input:       /mnt/pfs/checkpointing/llama3-8b/global_epoch1_step8/zero_pp_rank_3_mp_rank_0_model_states.pt
Backend:     file
Total size:  1.87 GB
Chunk size:  32 MB  (peak RAM = one chunk)
================================================================================
STREAMING CHECKPOINT LOAD - Byte-Range GETs
================================================================================
[FileReader] path=/mnt/pfs/checkpointing/llama3-8b/global_epoch1_step8/zero_pp_rank_4_mp_rank_0_model_states.pt  fadvise=dontneed
[FileReader] path=/mnt/pfs/checkpointing/llama3-8b/global_epoch1_step8/zero_pp_rank_4_mp_rank_0_model_states.pt  fadvise=dontneed
[FileReader] path=/mnt/pfs/checkpointing/llama3-8b/global_epoch1_step8/zero_pp_rank_4_mp_rank_0_model_states.pt  fadvise=dontneed
================================================================================
STREAMING CHECKPOINT LOAD - Byte-Range GETs
================================================================================
Input:       /mnt/pfs/checkpointing/llama3-8b/global_epoch1_step8/zero_pp_rank_6_mp_rank_0_model_states.pt
Backend:     file
Total size:  1.87 GB
Chunk size:  32 MB  (peak RAM = one chunk)
================================================================================
Read chunks: 128 MB × 4 workers  (peak RAM ≤ 512 MB)
================================================================================
[FileReader] path=/mnt/pfs/checkpointing/llama3-8b/global_epoch1_step8/zero_pp_rank_2_mp_rank_0_model_states.pt  fadvise=dontneed
[FileReader] path=/mnt/pfs/checkpointing/llama3-8b/global_epoch1_step8/zero_pp_rank_2_mp_rank_0_model_states.pt  fadvise=dontneed
[FileReader] path=/mnt/pfs/checkpointing/llama3-8b/global_epoch1_step8/zero_pp_rank_2_mp_rank_0_model_states.pt  fadvise=dontneed
================================================================================
STREAMING CHECKPOINT LOAD - Byte-Range GETs
================================================================================
Input:       /mnt/pfs/checkpointing/llama3-8b/global_epoch1_step8/zero_pp_rank_0_mp_rank_0_model_states.pt
[FileReader] path=/mnt/pfs/checkpointing/llama3-8b/global_epoch1_step8/zero_pp_rank_4_mp_rank_0_model_states.pt  fadvise=dontneed
[FileReader] path=/mnt/pfs/checkpointing/llama3-8b/global_epoch1_step8/zero_pp_rank_2_mp_rank_0_model_states.pt  fadvise=dontneed
================================================================================
Read chunks: 128 MB × 4 workers  (peak RAM ≤ 512 MB)
================================================================================
Read chunks: 128 MB × 4 workers  (peak RAM ≤ 512 MB)
================================================================================
Chunk size:  32 MB  (peak RAM = one chunk)
================================================================================
Read chunks: 128 MB × 4 workers  (peak RAM ≤ 512 MB)
================================================================================
Input:       /mnt/pfs/checkpointing/llama3-8b/global_epoch1_step8/zero_pp_rank_1_mp_rank_0_model_states.pt
Backend:     file
Total size:  1.87 GB
Chunk size:  32 MB  (peak RAM = one chunk)
================================================================================
[FileReader] path=/mnt/pfs/checkpointing/llama3-8b/global_epoch1_step8/zero_pp_rank_7_mp_rank_0_model_states.pt  fadvise=dontneed
[FileReader] path=/mnt/pfs/checkpointing/llama3-8b/global_epoch1_step8/zero_pp_rank_7_mp_rank_0_model_states.pt  fadvise=dontneed
[FileReader] path=/mnt/pfs/checkpointing/llama3-8b/global_epoch1_step8/zero_pp_rank_3_mp_rank_0_model_states.pt  fadvise=dontneed
[FileReader] path=/mnt/pfs/checkpointing/llama3-8b/global_epoch1_step8/zero_pp_rank_3_mp_rank_0_model_states.pt  fadvise=dontneed
[FileReader] path=/mnt/pfs/checkpointing/llama3-8b/global_epoch1_step8/zero_pp_rank_6_mp_rank_0_model_states.pt  fadvise=dontneed
[FileReader] path=/mnt/pfs/checkpointing/llama3-8b/global_epoch1_step8/zero_pp_rank_5_mp_rank_0_model_states.pt  fadvise=dontneed
[FileReader] path=/mnt/pfs/checkpointing/llama3-8b/global_epoch1_step8/zero_pp_rank_5_mp_rank_0_model_states.pt  fadvise=dontneed
[FileReader] path=/mnt/pfs/checkpointing/llama3-8b/global_epoch1_step8/zero_pp_rank_5_mp_rank_0_model_states.pt  fadvise=dontneed
[FileReader] path=/mnt/pfs/checkpointing/llama3-8b/global_epoch1_step8/zero_pp_rank_5_mp_rank_0_model_states.pt  fadvise=dontneed
Backend:     file
Total size:  1.87 GB
Chunk size:  32 MB  (peak RAM = one chunk)
================================================================================
Read chunks: 128 MB × 4 workers  (peak RAM ≤ 512 MB)
Read chunks: 128 MB × 4 workers  (peak RAM ≤ 512 MB)
================================================================================
[FileReader] path=/mnt/pfs/checkpointing/llama3-8b/global_epoch1_step8/zero_pp_rank_6_mp_rank_0_model_states.pt  fadvise=dontneed
[FileReader] path=/mnt/pfs/checkpointing/llama3-8b/global_epoch1_step8/zero_pp_rank_7_mp_rank_0_model_states.pt  fadvise=dontneed
================================================================================
[FileReader] path=/mnt/pfs/checkpointing/llama3-8b/global_epoch1_step8/zero_pp_rank_3_mp_rank_0_model_states.pt  fadvise=dontneed
[FileReader] path=/mnt/pfs/checkpointing/llama3-8b/global_epoch1_step8/zero_pp_rank_6_mp_rank_0_model_states.pt  fadvise=dontneed
[FileReader] path=/mnt/pfs/checkpointing/llama3-8b/global_epoch1_step8/zero_pp_rank_1_mp_rank_0_model_states.pt  fadvise=dontneed
[FileReader] path=/mnt/pfs/checkpointing/llama3-8b/global_epoch1_step8/zero_pp_rank_1_mp_rank_0_model_states.pt  fadvise=dontneed
[FileReader] path=/mnt/pfs/checkpointing/llama3-8b/global_epoch1_step8/zero_pp_rank_0_mp_rank_0_model_states.pt  fadvise=dontneed
[FileReader] path=/mnt/pfs/checkpointing/llama3-8b/global_epoch1_step8/zero_pp_rank_7_mp_rank_0_model_states.pt  fadvise=dontneed
[FileReader] path=/mnt/pfs/checkpointing/llama3-8b/global_epoch1_step8/zero_pp_rank_6_mp_rank_0_model_states.pt  fadvise=dontneed
[FileReader] path=/mnt/pfs/checkpointing/llama3-8b/global_epoch1_step8/zero_pp_rank_1_mp_rank_0_model_states.pt  fadvise=dontneed
[FileReader] path=/mnt/pfs/checkpointing/llama3-8b/global_epoch1_step8/zero_pp_rank_1_mp_rank_0_model_states.pt  fadvise=dontneed
[FileReader] path=/mnt/pfs/checkpointing/llama3-8b/global_epoch1_step8/zero_pp_rank_0_mp_rank_0_model_states.pt  fadvise=dontneed
[FileReader] path=/mnt/pfs/checkpointing/llama3-8b/global_epoch1_step8/zero_pp_rank_3_mp_rank_0_model_states.pt  fadvise=dontneed
[FileReader] path=/mnt/pfs/checkpointing/llama3-8b/global_epoch1_step8/zero_pp_rank_0_mp_rank_0_model_states.pt  fadvise=dontneed
[FileReader] path=/mnt/pfs/checkpointing/llama3-8b/global_epoch1_step8/zero_pp_rank_0_mp_rank_0_model_states.pt  fadvise=dontneed

================================================================================
LOAD RESULTS
================================================================================
I/O:        0.0829s @ 22.56 GB/s
Total:      0.0839s
Chunks:     16
================================================================================
================================================================================
STREAMING CHECKPOINT LOAD - Byte-Range GETs
================================================================================
Input:       /mnt/pfs/checkpointing/llama3-8b/global_epoch1_step8/zero_pp_rank_6_mp_rank_0_optim_states.pt
Backend:     file
Total size:  11.22 GB
Chunk size:  32 MB  (peak RAM = one chunk)
================================================================================
Read chunks: 128 MB × 4 workers  (peak RAM ≤ 512 MB)
================================================================================
[FileReader] path=/mnt/pfs/checkpointing/llama3-8b/global_epoch1_step8/zero_pp_rank_6_mp_rank_0_optim_states.pt  fadvise=dontneed
[FileReader] path=/mnt/pfs/checkpointing/llama3-8b/global_epoch1_step8/zero_pp_rank_6_mp_rank_0_optim_states.pt  fadvise=dontneed
[FileReader] path=/mnt/pfs/checkpointing/llama3-8b/global_epoch1_step8/zero_pp_rank_6_mp_rank_0_optim_states.pt  fadvise=dontneed
[FileReader] path=/mnt/pfs/checkpointing/llama3-8b/global_epoch1_step8/zero_pp_rank_6_mp_rank_0_optim_states.pt  fadvise=dontneed

================================================================================
LOAD RESULTS
================================================================================
I/O:        0.0845s @ 22.14 GB/s
Total:      0.0850s
Chunks:     16
================================================================================

================================================================================
LOAD RESULTS
================================================================================
================================================================================
STREAMING CHECKPOINT LOAD - Byte-Range GETs
================================================================================
Input:       /mnt/pfs/checkpointing/llama3-8b/global_epoch1_step8/zero_pp_rank_7_mp_rank_0_optim_states.pt
Backend:     file
Total size:  11.22 GB
Chunk size:  32 MB  (peak RAM = one chunk)
I/O:        0.0841s @ 22.23 GB/s
Total:      0.0851s
Chunks:     16
================================================================================
================================================================================
================================================================================
STREAMING CHECKPOINT LOAD - Byte-Range GETs
================================================================================
Input:       /mnt/pfs/checkpointing/llama3-8b/global_epoch1_step8/zero_pp_rank_2_mp_rank_0_optim_states.pt
Read chunks: 128 MB × 4 workers  (peak RAM ≤ 512 MB)
================================================================================
Backend:     file
[FileReader] path=/mnt/pfs/checkpointing/llama3-8b/global_epoch1_step8/zero_pp_rank_7_mp_rank_0_optim_states.pt  fadvise=dontneed
[FileReader] path=/mnt/pfs/checkpointing/llama3-8b/global_epoch1_step8/zero_pp_rank_7_mp_rank_0_optim_states.pt  fadvise=dontneed
[FileReader] path=/mnt/pfs/checkpointing/llama3-8b/global_epoch1_step8/zero_pp_rank_7_mp_rank_0_optim_states.pt  fadvise=dontneed
[FileReader] path=/mnt/pfs/checkpointing/llama3-8b/global_epoch1_step8/zero_pp_rank_7_mp_rank_0_optim_states.pt  fadvise=dontneed
Total size:  11.22 GB
Chunk size:  32 MB  (peak RAM = one chunk)
================================================================================
Read chunks: 128 MB × 4 workers  (peak RAM ≤ 512 MB)
================================================================================
[FileReader] path=/mnt/pfs/checkpointing/llama3-8b/global_epoch1_step8/zero_pp_rank_2_mp_rank_0_optim_states.pt  fadvise=dontneed
[FileReader] path=/mnt/pfs/checkpointing/llama3-8b/global_epoch1_step8/zero_pp_rank_2_mp_rank_0_optim_states.pt  fadvise=dontneed
[FileReader] path=/mnt/pfs/checkpointing/llama3-8b/global_epoch1_step8/zero_pp_rank_2_mp_rank_0_optim_states.pt  fadvise=dontneed
[FileReader] path=/mnt/pfs/checkpointing/llama3-8b/global_epoch1_step8/zero_pp_rank_2_mp_rank_0_optim_states.pt  fadvise=dontneed

================================================================================
LOAD RESULTS
================================================================================
I/O:        0.0846s @ 22.09 GB/s
Total:      0.0856s
Chunks:     16
================================================================================
================================================================================
STREAMING CHECKPOINT LOAD - Byte-Range GETs
================================================================================
Input:       /mnt/pfs/checkpointing/llama3-8b/global_epoch1_step8/zero_pp_rank_5_mp_rank_0_optim_states.pt
Backend:     file
Total size:  11.22 GB
Chunk size:  32 MB  (peak RAM = one chunk)
================================================================================
Read chunks: 128 MB × 4 workers  (peak RAM ≤ 512 MB)
================================================================================
[FileReader] path=/mnt/pfs/checkpointing/llama3-8b/global_epoch1_step8/zero_pp_rank_5_mp_rank_0_optim_states.pt  fadvise=dontneed
[FileReader] path=/mnt/pfs/checkpointing/llama3-8b/global_epoch1_step8/zero_pp_rank_5_mp_rank_0_optim_states.pt  fadvise=dontneed
[FileReader] path=/mnt/pfs/checkpointing/llama3-8b/global_epoch1_step8/zero_pp_rank_5_mp_rank_0_optim_states.pt  fadvise=dontneed
[FileReader] path=/mnt/pfs/checkpointing/llama3-8b/global_epoch1_step8/zero_pp_rank_5_mp_rank_0_optim_states.pt  fadvise=dontneed

================================================================================
LOAD RESULTS
================================================================================
I/O:        0.0897s @ 20.85 GB/s
Total:      0.0907s
Chunks:     16
================================================================================
================================================================================
STREAMING CHECKPOINT LOAD - Byte-Range GETs
================================================================================
Input:       /mnt/pfs/checkpointing/llama3-8b/global_epoch1_step8/zero_pp_rank_1_mp_rank_0_optim_states.pt
Backend:     file
Total size:  11.22 GB
Chunk size:  32 MB  (peak RAM = one chunk)
================================================================================
Read chunks: 128 MB × 4 workers  (peak RAM ≤ 512 MB)
================================================================================
[FileReader] path=/mnt/pfs/checkpointing/llama3-8b/global_epoch1_step8/zero_pp_rank_1_mp_rank_0_optim_states.pt  fadvise=dontneed
[FileReader] path=/mnt/pfs/checkpointing/llama3-8b/global_epoch1_step8/zero_pp_rank_1_mp_rank_0_optim_states.pt  fadvise=dontneed
[FileReader] path=/mnt/pfs/checkpointing/llama3-8b/global_epoch1_step8/zero_pp_rank_1_mp_rank_0_optim_states.pt  fadvise=dontneed
[FileReader] path=/mnt/pfs/checkpointing/llama3-8b/global_epoch1_step8/zero_pp_rank_1_mp_rank_0_optim_states.pt  fadvise=dontneed

================================================================================
LOAD RESULTS
================================================================================
I/O:        0.0905s @ 20.67 GB/s
Total:      0.0915s
Chunks:     16
================================================================================
================================================================================
STREAMING CHECKPOINT LOAD - Byte-Range GETs
================================================================================
Input:       /mnt/pfs/checkpointing/llama3-8b/global_epoch1_step8/zero_pp_rank_4_mp_rank_0_optim_states.pt
Backend:     file
Total size:  11.22 GB
Chunk size:  32 MB  (peak RAM = one chunk)
================================================================================
Read chunks: 128 MB × 4 workers  (peak RAM ≤ 512 MB)
================================================================================
[FileReader] path=/mnt/pfs/checkpointing/llama3-8b/global_epoch1_step8/zero_pp_rank_4_mp_rank_0_optim_states.pt  fadvise=dontneed
[FileReader] path=/mnt/pfs/checkpointing/llama3-8b/global_epoch1_step8/zero_pp_rank_4_mp_rank_0_optim_states.pt  fadvise=dontneed
[FileReader] path=/mnt/pfs/checkpointing/llama3-8b/global_epoch1_step8/zero_pp_rank_4_mp_rank_0_optim_states.pt  fadvise=dontneed
[FileReader] path=/mnt/pfs/checkpointing/llama3-8b/global_epoch1_step8/zero_pp_rank_4_mp_rank_0_optim_states.pt  fadvise=dontneed

================================================================================
LOAD RESULTS
================================================================================
I/O:        0.0910s @ 20.54 GB/s
Total:      0.0921s
Chunks:     16
================================================================================

================================================================================
LOAD RESULTS
================================================================================
I/O:        0.0911s @ 20.53 GB/s
Total:      0.0921s
Chunks:     16
================================================================================
================================================================================
STREAMING CHECKPOINT LOAD - Byte-Range GETs
================================================================================
Input:       /mnt/pfs/checkpointing/llama3-8b/global_epoch1_step8/zero_pp_rank_3_mp_rank_0_optim_states.pt
Backend:     file
Total size:  11.22 GB
Chunk size:  32 MB  (peak RAM = one chunk)
================================================================================
Read chunks: 128 MB × 4 workers  (peak RAM ≤ 512 MB)
================================================================================
================================================================================
STREAMING CHECKPOINT LOAD - Byte-Range GETs
================================================================================
[FileReader] path=/mnt/pfs/checkpointing/llama3-8b/global_epoch1_step8/zero_pp_rank_3_mp_rank_0_optim_states.pt  fadvise=dontneed
Input:       /mnt/pfs/checkpointing/llama3-8b/global_epoch1_step8/zero_pp_rank_0_mp_rank_0_optim_states.pt
[FileReader] path=/mnt/pfs/checkpointing/llama3-8b/global_epoch1_step8/zero_pp_rank_3_mp_rank_0_optim_states.pt  fadvise=dontneed
Backend:     file
Total size:  11.22 GB
Chunk size:  32 MB  (peak RAM = one chunk)
[FileReader] path=/mnt/pfs/checkpointing/llama3-8b/global_epoch1_step8/zero_pp_rank_3_mp_rank_0_optim_states.pt  fadvise=dontneed
[FileReader] path=/mnt/pfs/checkpointing/llama3-8b/global_epoch1_step8/zero_pp_rank_3_mp_rank_0_optim_states.pt  fadvise=dontneed
================================================================================
Read chunks: 128 MB × 4 workers  (peak RAM ≤ 512 MB)
================================================================================
[FileReader] path=/mnt/pfs/checkpointing/llama3-8b/global_epoch1_step8/zero_pp_rank_0_mp_rank_0_optim_states.pt  fadvise=dontneed
[FileReader] path=/mnt/pfs/checkpointing/llama3-8b/global_epoch1_step8/zero_pp_rank_0_mp_rank_0_optim_states.pt  fadvise=dontneed
[FileReader] path=/mnt/pfs/checkpointing/llama3-8b/global_epoch1_step8/zero_pp_rank_0_mp_rank_0_optim_states.pt  fadvise=dontneed
[FileReader] path=/mnt/pfs/checkpointing/llama3-8b/global_epoch1_step8/zero_pp_rank_0_mp_rank_0_optim_states.pt  fadvise=dontneed
[Load w1] 2.00 GB  5.89 GB/s
[Load w3] 2.00 GB  5.80 GB/s
[Load w0] 2.00 GB  5.81 GB/s
[Load w2] 2.00 GB  5.69 GB/s
[Load w3] 2.00 GB  5.61 GB/s
[Load w1] 2.00 GB  5.61 GB/s
[Load w3] 2.00 GB  5.62 GB/s
[Load w0] 2.00 GB  5.69 GB/s
[Load w3] 2.00 GB  5.59 GB/s
[Load w1] 2.00 GB  5.70 GB/s
[Load w0] 2.00 GB  5.55 GB/s
[Load w1] 2.00 GB  5.53 GB/s
[Load w0] 2.00 GB  5.52 GB/s
[Load w2] 2.00 GB  5.60 GB/s
[Load w2] 2.00 GB  5.57 GB/s
[Load w3] 2.00 GB  5.55 GB/s
[Load w2] 2.00 GB  5.53 GB/s
[Load w0] 2.00 GB  5.43 GB/s
[Load w3] 2.00 GB  5.55 GB/s
[Load w1] 2.00 GB  5.54 GB/s
[Load w1] 2.00 GB  5.37 GB/s
[Load w2] 2.00 GB  5.39 GB/s
[Load w2] 2.00 GB  5.36 GB/s
[Load w0] 2.00 GB  5.46 GB/s
[Load w1] 2.00 GB  5.45 GB/s
[Load w3] 2.00 GB  5.42 GB/s
[Load w0] 2.00 GB  5.41 GB/s
[Load w2] 2.00 GB  5.41 GB/s
[Load w2] 2.00 GB  5.29 GB/s
[Load w3] 2.00 GB  5.35 GB/s
[Load w0] 2.00 GB  5.23 GB/s
[Load w1] 2.00 GB  5.23 GB/s

================================================================================
LOAD RESULTS
================================================================================
I/O:        0.5057s @ 22.19 GB/s
Total:      0.5065s
Chunks:     92
================================================================================

================================================================================
LOAD RESULTS
================================================================================
I/O:        0.5043s @ 22.25 GB/s
Total:      0.5051s
Chunks:     92
================================================================================

================================================================================
LOAD RESULTS
================================================================================
I/O:        0.5125s @ 21.89 GB/s
Total:      0.5132s
Chunks:     92
================================================================================

================================================================================
LOAD RESULTS
================================================================================
I/O:        0.5124s @ 21.89 GB/s

================================================================================
LOAD RESULTS
================================================================================
I/O:        0.5068s @ 22.13 GB/s
Total:      0.5073s
Chunks:     92
Total:      0.5131s
Chunks:     92
================================================================================
================================================================================

================================================================================
LOAD RESULTS
================================================================================
I/O:        0.5073s @ 22.11 GB/s
Total:      0.5082s
Chunks:     92
================================================================================

================================================================================
LOAD RESULTS
================================================================================
I/O:        0.5089s @ 22.04 GB/s
Total:      0.5095s
Chunks:     92
================================================================================

================================================================================
LOAD RESULTS
================================================================================
I/O:        0.5177s @ 21.67 GB/s
Total:      0.5181s
Chunks:     92
================================================================================
================================================================================
STREAMING CHECKPOINT LOAD - Byte-Range GETs
================================================================================
Input:       /mnt/pfs/checkpointing/llama3-8b/global_epoch1_step9/zero_pp_rank_4_mp_rank_0_model_states.pt
Backend:     file
Total size:  1.87 GB
Chunk size:  32 MB  (peak RAM = one chunk)
================================================================================
STREAMING CHECKPOINT LOAD - Byte-Range GETs
================================================================================
Input:       /mnt/pfs/checkpointing/llama3-8b/global_epoch1_step9/zero_pp_rank_5_mp_rank_0_model_states.pt
================================================================================
Read chunks: 128 MB × 4 workers  (peak RAM ≤ 512 MB)
================================================================================
================================================================================
STREAMING CHECKPOINT LOAD - Byte-Range GETs
================================================================================
Input:       /mnt/pfs/checkpointing/llama3-8b/global_epoch1_step9/zero_pp_rank_6_mp_rank_0_model_states.pt
Backend:     file
Total size:  1.87 GB
Chunk size:  32 MB  (peak RAM = one chunk)
================================================================================
Read chunks: 128 MB × 4 workers  (peak RAM ≤ 512 MB)
================================================================================
================================================================================
STREAMING CHECKPOINT LOAD - Byte-Range GETs
================================================================================
Input:       /mnt/pfs/checkpointing/llama3-8b/global_epoch1_step9/zero_pp_rank_7_mp_rank_0_model_states.pt
================================================================================
STREAMING CHECKPOINT LOAD - Byte-Range GETs
================================================================================
================================================================================
STREAMING CHECKPOINT LOAD - Byte-Range GETs
================================================================================
Input:       /mnt/pfs/checkpointing/llama3-8b/global_epoch1_step9/zero_pp_rank_2_mp_rank_0_model_states.pt
Backend:     file
Total size:  1.87 GB
Chunk size:  32 MB  (peak RAM = one chunk)
================================================================================
Read chunks: 128 MB × 4 workers  (peak RAM ≤ 512 MB)
================================================================================
================================================================================
STREAMING CHECKPOINT LOAD - Byte-Range GETs
================================================================================
Input:       /mnt/pfs/checkpointing/llama3-8b/global_epoch1_step9/zero_pp_rank_3_mp_rank_0_model_states.pt
Backend:     file
Total size:  1.87 GB
Chunk size:  32 MB  (peak RAM = one chunk)
================================================================================
Read chunks: 128 MB × 4 workers  (peak RAM ≤ 512 MB)
================================================================================
[FileReader] path=/mnt/pfs/checkpointing/llama3-8b/global_epoch1_step9/zero_pp_rank_4_mp_rank_0_model_states.pt  fadvise=dontneed
[FileReader] path=/mnt/pfs/checkpointing/llama3-8b/global_epoch1_step9/zero_pp_rank_4_mp_rank_0_model_states.pt  fadvise=dontneed
================================================================================
STREAMING CHECKPOINT LOAD - Byte-Range GETs
================================================================================
Input:       /mnt/pfs/checkpointing/llama3-8b/global_epoch1_step9/zero_pp_rank_0_mp_rank_0_model_states.pt
Backend:     file
Total size:  1.87 GB
Chunk size:  32 MB  (peak RAM = one chunk)
Input:       /mnt/pfs/checkpointing/llama3-8b/global_epoch1_step9/zero_pp_rank_1_mp_rank_0_model_states.pt
Backend:     file
Total size:  1.87 GB
Chunk size:  32 MB  (peak RAM = one chunk)
================================================================================
[FileReader] path=/mnt/pfs/checkpointing/llama3-8b/global_epoch1_step9/zero_pp_rank_6_mp_rank_0_model_states.pt  fadvise=dontneed
[FileReader] path=/mnt/pfs/checkpointing/llama3-8b/global_epoch1_step9/zero_pp_rank_6_mp_rank_0_model_states.pt  fadvise=dontneed
Backend:     file
Total size:  1.87 GB
Chunk size:  32 MB  (peak RAM = one chunk)
================================================================================
Read chunks: 128 MB × 4 workers  (peak RAM ≤ 512 MB)
================================================================================
[FileReader] path=/mnt/pfs/checkpointing/llama3-8b/global_epoch1_step9/zero_pp_rank_4_mp_rank_0_model_states.pt  fadvise=dontneed
Backend:     file
Total size:  1.87 GB
Chunk size:  32 MB  (peak RAM = one chunk)
================================================================================
Read chunks: 128 MB × 4 workers  (peak RAM ≤ 512 MB)
================================================================================
Read chunks: 128 MB × 4 workers  (peak RAM ≤ 512 MB)
================================================================================
[FileReader] path=/mnt/pfs/checkpointing/llama3-8b/global_epoch1_step9/zero_pp_rank_3_mp_rank_0_model_states.pt  fadvise=dontneed
[FileReader] path=/mnt/pfs/checkpointing/llama3-8b/global_epoch1_step9/zero_pp_rank_3_mp_rank_0_model_states.pt  fadvise=dontneed
[FileReader] path=/mnt/pfs/checkpointing/llama3-8b/global_epoch1_step9/zero_pp_rank_5_mp_rank_0_model_states.pt  fadvise=dontneed
[FileReader] path=/mnt/pfs/checkpointing/llama3-8b/global_epoch1_step9/zero_pp_rank_5_mp_rank_0_model_states.pt  fadvise=dontneed
================================================================================
Read chunks: 128 MB × 4 workers  (peak RAM ≤ 512 MB)
================================================================================
[FileReader] path=/mnt/pfs/checkpointing/llama3-8b/global_epoch1_step9/zero_pp_rank_1_mp_rank_0_model_states.pt  fadvise=dontneed
[FileReader] path=/mnt/pfs/checkpointing/llama3-8b/global_epoch1_step9/zero_pp_rank_1_mp_rank_0_model_states.pt  fadvise=dontneed
[FileReader] path=/mnt/pfs/checkpointing/llama3-8b/global_epoch1_step9/zero_pp_rank_6_mp_rank_0_model_states.pt  fadvise=dontneed
[FileReader] path=/mnt/pfs/checkpointing/llama3-8b/global_epoch1_step9/zero_pp_rank_2_mp_rank_0_model_states.pt  fadvise=dontneed
[FileReader] path=/mnt/pfs/checkpointing/llama3-8b/global_epoch1_step9/zero_pp_rank_2_mp_rank_0_model_states.pt  fadvise=dontneed
[FileReader] path=/mnt/pfs/checkpointing/llama3-8b/global_epoch1_step9/zero_pp_rank_2_mp_rank_0_model_states.pt  fadvise=dontneed
[FileReader] path=/mnt/pfs/checkpointing/llama3-8b/global_epoch1_step9/zero_pp_rank_2_mp_rank_0_model_states.pt  fadvise=dontneed
[FileReader] path=/mnt/pfs/checkpointing/llama3-8b/global_epoch1_step9/zero_pp_rank_6_mp_rank_0_model_states.pt  fadvise=dontneed
[FileReader] path=/mnt/pfs/checkpointing/llama3-8b/global_epoch1_step9/zero_pp_rank_5_mp_rank_0_model_states.pt  fadvise=dontneed
[FileReader] path=/mnt/pfs/checkpointing/llama3-8b/global_epoch1_step9/zero_pp_rank_5_mp_rank_0_model_states.pt  fadvise=dontneed
[FileReader] path=/mnt/pfs/checkpointing/llama3-8b/global_epoch1_step9/zero_pp_rank_7_mp_rank_0_model_states.pt  fadvise=dontneed
[FileReader] path=/mnt/pfs/checkpointing/llama3-8b/global_epoch1_step9/zero_pp_rank_7_mp_rank_0_model_states.pt  fadvise=dontneed
[FileReader] path=/mnt/pfs/checkpointing/llama3-8b/global_epoch1_step9/zero_pp_rank_7_mp_rank_0_model_states.pt  fadvise=dontneed
[FileReader] path=/mnt/pfs/checkpointing/llama3-8b/global_epoch1_step9/zero_pp_rank_7_mp_rank_0_model_states.pt  fadvise=dontneed
[FileReader] path=/mnt/pfs/checkpointing/llama3-8b/global_epoch1_step9/zero_pp_rank_3_mp_rank_0_model_states.pt  fadvise=dontneed
[FileReader] path=/mnt/pfs/checkpointing/llama3-8b/global_epoch1_step9/zero_pp_rank_3_mp_rank_0_model_states.pt  fadvise=dontneed
[FileReader] path=/mnt/pfs/checkpointing/llama3-8b/global_epoch1_step9/zero_pp_rank_1_mp_rank_0_model_states.pt  fadvise=dontneed
[FileReader] path=/mnt/pfs/checkpointing/llama3-8b/global_epoch1_step9/zero_pp_rank_1_mp_rank_0_model_states.pt  fadvise=dontneed
[FileReader] path=/mnt/pfs/checkpointing/llama3-8b/global_epoch1_step9/zero_pp_rank_0_mp_rank_0_model_states.pt  fadvise=dontneed
[FileReader] path=/mnt/pfs/checkpointing/llama3-8b/global_epoch1_step9/zero_pp_rank_0_mp_rank_0_model_states.pt  fadvise=dontneed
[FileReader] path=/mnt/pfs/checkpointing/llama3-8b/global_epoch1_step9/zero_pp_rank_4_mp_rank_0_model_states.pt  fadvise=dontneed
[FileReader] path=/mnt/pfs/checkpointing/llama3-8b/global_epoch1_step9/zero_pp_rank_0_mp_rank_0_model_states.pt  fadvise=dontneed
[FileReader] path=/mnt/pfs/checkpointing/llama3-8b/global_epoch1_step9/zero_pp_rank_0_mp_rank_0_model_states.pt  fadvise=dontneed

================================================================================
LOAD RESULTS
================================================================================
I/O:        0.0817s @ 22.89 GB/s
Total:      0.0826s
Chunks:     16
================================================================================
================================================================================
STREAMING CHECKPOINT LOAD - Byte-Range GETs
================================================================================
Input:       /mnt/pfs/checkpointing/llama3-8b/global_epoch1_step9/zero_pp_rank_7_mp_rank_0_optim_states.pt
Backend:     file
Total size:  11.22 GB
Chunk size:  32 MB  (peak RAM = one chunk)
================================================================================
Read chunks: 128 MB × 4 workers  (peak RAM ≤ 512 MB)
================================================================================
[FileReader] path=/mnt/pfs/checkpointing/llama3-8b/global_epoch1_step9/zero_pp_rank_7_mp_rank_0_optim_states.pt  fadvise=dontneed
[FileReader] path=/mnt/pfs/checkpointing/llama3-8b/global_epoch1_step9/zero_pp_rank_7_mp_rank_0_optim_states.pt  fadvise=dontneed
[FileReader] path=/mnt/pfs/checkpointing/llama3-8b/global_epoch1_step9/zero_pp_rank_7_mp_rank_0_optim_states.pt  fadvise=dontneed
[FileReader] path=/mnt/pfs/checkpointing/llama3-8b/global_epoch1_step9/zero_pp_rank_7_mp_rank_0_optim_states.pt  fadvise=dontneed

================================================================================
LOAD RESULTS
================================================================================
I/O:        0.0858s @ 21.80 GB/s
Total:      0.0868s
Chunks:     16
================================================================================
================================================================================
STREAMING CHECKPOINT LOAD - Byte-Range GETs
================================================================================
Input:       /mnt/pfs/checkpointing/llama3-8b/global_epoch1_step9/zero_pp_rank_4_mp_rank_0_optim_states.pt
Backend:     file
Total size:  11.22 GB
Chunk size:  32 MB  (peak RAM = one chunk)
================================================================================
Read chunks: 128 MB × 4 workers  (peak RAM ≤ 512 MB)
================================================================================
[FileReader] path=/mnt/pfs/checkpointing/llama3-8b/global_epoch1_step9/zero_pp_rank_4_mp_rank_0_optim_states.pt  fadvise=dontneed
[FileReader] path=/mnt/pfs/checkpointing/llama3-8b/global_epoch1_step9/zero_pp_rank_4_mp_rank_0_optim_states.pt  fadvise=dontneed
[FileReader] path=/mnt/pfs/checkpointing/llama3-8b/global_epoch1_step9/zero_pp_rank_4_mp_rank_0_optim_states.pt  fadvise=dontneed
[FileReader] path=/mnt/pfs/checkpointing/llama3-8b/global_epoch1_step9/zero_pp_rank_4_mp_rank_0_optim_states.pt  fadvise=dontneed

================================================================================
LOAD RESULTS
================================================================================
I/O:        0.0862s @ 21.69 GB/s
Total:      0.0873s
Chunks:     16
================================================================================
================================================================================
STREAMING CHECKPOINT LOAD - Byte-Range GETs
================================================================================
Input:       /mnt/pfs/checkpointing/llama3-8b/global_epoch1_step9/zero_pp_rank_6_mp_rank_0_optim_states.pt
Backend:     file
Total size:  11.22 GB
Chunk size:  32 MB  (peak RAM = one chunk)
================================================================================
Read chunks: 128 MB × 4 workers  (peak RAM ≤ 512 MB)
================================================================================

================================================================================
LOAD RESULTS
================================================================================
I/O:        0.0868s @ 21.53 GB/s
Total:      0.0874s
Chunks:     16
================================================================================
[FileReader] path=/mnt/pfs/checkpointing/llama3-8b/global_epoch1_step9/zero_pp_rank_6_mp_rank_0_optim_states.pt  fadvise=dontneed
[FileReader] path=/mnt/pfs/checkpointing/llama3-8b/global_epoch1_step9/zero_pp_rank_6_mp_rank_0_optim_states.pt  fadvise=dontneed

================================================================================
LOAD RESULTS
================================================================================
I/O:        0.0869s @ 21.52 GB/s
Total:      0.0874s
Chunks:     16
[FileReader] path=/mnt/pfs/checkpointing/llama3-8b/global_epoch1_step9/zero_pp_rank_6_mp_rank_0_optim_states.pt  fadvise=dontneed
[FileReader] path=/mnt/pfs/checkpointing/llama3-8b/global_epoch1_step9/zero_pp_rank_6_mp_rank_0_optim_states.pt  fadvise=dontneed
================================================================================
STREAMING CHECKPOINT LOAD - Byte-Range GETs
================================================================================
Input:       /mnt/pfs/checkpointing/llama3-8b/global_epoch1_step9/zero_pp_rank_2_mp_rank_0_optim_states.pt
Backend:     file
Total size:  11.22 GB
================================================================================
Chunk size:  32 MB  (peak RAM = one chunk)
================================================================================
Read chunks: 128 MB × 4 workers  (peak RAM ≤ 512 MB)
================================================================================
[FileReader] path=/mnt/pfs/checkpointing/llama3-8b/global_epoch1_step9/zero_pp_rank_2_mp_rank_0_optim_states.pt  fadvise=dontneed
[FileReader] path=/mnt/pfs/checkpointing/llama3-8b/global_epoch1_step9/zero_pp_rank_2_mp_rank_0_optim_states.pt  fadvise=dontneed
[FileReader] path=/mnt/pfs/checkpointing/llama3-8b/global_epoch1_step9/zero_pp_rank_2_mp_rank_0_optim_states.pt  fadvise=dontneed
[FileReader] path=/mnt/pfs/checkpointing/llama3-8b/global_epoch1_step9/zero_pp_rank_2_mp_rank_0_optim_states.pt  fadvise=dontneed
================================================================================
STREAMING CHECKPOINT LOAD - Byte-Range GETs
================================================================================
Input:       /mnt/pfs/checkpointing/llama3-8b/global_epoch1_step9/zero_pp_rank_0_mp_rank_0_optim_states.pt
Backend:     file
Total size:  11.22 GB
Chunk size:  32 MB  (peak RAM = one chunk)
================================================================================
Read chunks: 128 MB × 4 workers  (peak RAM ≤ 512 MB)
================================================================================
[FileReader] path=/mnt/pfs/checkpointing/llama3-8b/global_epoch1_step9/zero_pp_rank_0_mp_rank_0_optim_states.pt  fadvise=dontneed
[FileReader] path=/mnt/pfs/checkpointing/llama3-8b/global_epoch1_step9/zero_pp_rank_0_mp_rank_0_optim_states.pt  fadvise=dontneed
[FileReader] path=/mnt/pfs/checkpointing/llama3-8b/global_epoch1_step9/zero_pp_rank_0_mp_rank_0_optim_states.pt  fadvise=dontneed
[FileReader] path=/mnt/pfs/checkpointing/llama3-8b/global_epoch1_step9/zero_pp_rank_0_mp_rank_0_optim_states.pt  fadvise=dontneed

================================================================================
LOAD RESULTS
================================================================================
I/O:        0.0874s @ 21.39 GB/s
Total:      0.0885s
Chunks:     16
================================================================================
================================================================================
STREAMING CHECKPOINT LOAD - Byte-Range GETs
================================================================================
Input:       /mnt/pfs/checkpointing/llama3-8b/global_epoch1_step9/zero_pp_rank_5_mp_rank_0_optim_states.pt
Backend:     file
Total size:  11.22 GB
Chunk size:  32 MB  (peak RAM = one chunk)
================================================================================
Read chunks: 128 MB × 4 workers  (peak RAM ≤ 512 MB)
================================================================================
[FileReader] path=/mnt/pfs/checkpointing/llama3-8b/global_epoch1_step9/zero_pp_rank_5_mp_rank_0_optim_states.pt  fadvise=dontneed
[FileReader] path=/mnt/pfs/checkpointing/llama3-8b/global_epoch1_step9/zero_pp_rank_5_mp_rank_0_optim_states.pt  fadvise=dontneed
[FileReader] path=/mnt/pfs/checkpointing/llama3-8b/global_epoch1_step9/zero_pp_rank_5_mp_rank_0_optim_states.pt  fadvise=dontneed
[FileReader] path=/mnt/pfs/checkpointing/llama3-8b/global_epoch1_step9/zero_pp_rank_5_mp_rank_0_optim_states.pt  fadvise=dontneed

================================================================================
LOAD RESULTS
================================================================================
I/O:        0.0936s @ 19.99 GB/s
Total:      0.0941s
Chunks:     16
================================================================================
================================================================================
STREAMING CHECKPOINT LOAD - Byte-Range GETs
================================================================================
Input:       /mnt/pfs/checkpointing/llama3-8b/global_epoch1_step9/zero_pp_rank_1_mp_rank_0_optim_states.pt
Backend:     file
Total size:  11.22 GB
Chunk size:  32 MB  (peak RAM = one chunk)
================================================================================
Read chunks: 128 MB × 4 workers  (peak RAM ≤ 512 MB)
================================================================================
[FileReader] path=/mnt/pfs/checkpointing/llama3-8b/global_epoch1_step9/zero_pp_rank_1_mp_rank_0_optim_states.pt  fadvise=dontneed
[FileReader] path=/mnt/pfs/checkpointing/llama3-8b/global_epoch1_step9/zero_pp_rank_1_mp_rank_0_optim_states.pt  fadvise=dontneed
[FileReader] path=/mnt/pfs/checkpointing/llama3-8b/global_epoch1_step9/zero_pp_rank_1_mp_rank_0_optim_states.pt  fadvise=dontneed
[FileReader] path=/mnt/pfs/checkpointing/llama3-8b/global_epoch1_step9/zero_pp_rank_1_mp_rank_0_optim_states.pt  fadvise=dontneed

================================================================================
LOAD RESULTS
================================================================================
I/O:        0.0950s @ 19.69 GB/s
Total:      0.0958s
Chunks:     16
================================================================================
================================================================================
STREAMING CHECKPOINT LOAD - Byte-Range GETs
================================================================================
Input:       /mnt/pfs/checkpointing/llama3-8b/global_epoch1_step9/zero_pp_rank_3_mp_rank_0_optim_states.pt
Backend:     file
Total size:  11.22 GB
Chunk size:  32 MB  (peak RAM = one chunk)
================================================================================
Read chunks: 128 MB × 4 workers  (peak RAM ≤ 512 MB)
================================================================================
[FileReader] path=/mnt/pfs/checkpointing/llama3-8b/global_epoch1_step9/zero_pp_rank_3_mp_rank_0_optim_states.pt  fadvise=dontneed
[FileReader] path=/mnt/pfs/checkpointing/llama3-8b/global_epoch1_step9/zero_pp_rank_3_mp_rank_0_optim_states.pt  fadvise=dontneed
[FileReader] path=/mnt/pfs/checkpointing/llama3-8b/global_epoch1_step9/zero_pp_rank_3_mp_rank_0_optim_states.pt  fadvise=dontneed
[FileReader] path=/mnt/pfs/checkpointing/llama3-8b/global_epoch1_step9/zero_pp_rank_3_mp_rank_0_optim_states.pt  fadvise=dontneed
[Load w3] 2.00 GB  5.91 GB/s
[Load w3] 2.00 GB  5.74 GB/s
[Load w3] 2.00 GB  5.74 GB/s
[Load w2] 2.00 GB  5.61 GB/s
[Load w3] 2.00 GB  5.69 GB/s
[Load w2] 2.00 GB  5.68 GB/s
[Load w0] 2.00 GB  5.65 GB/s
[Load w0] 2.00 GB  5.58 GB/s
[Load w2] 2.00 GB  5.63 GB/s
[Load w2] 2.00 GB  5.61 GB/s
[Load w0] 2.00 GB  5.53 GB/s
[Load w2] 2.00 GB  5.64 GB/s
[Load w1] 2.00 GB  5.45 GB/s
[Load w3] 2.00 GB  5.51 GB/s
[Load w3] 2.00 GB  5.51 GB/s
[Load w2] 2.00 GB  5.50 GB/s
[Load w1] 2.00 GB  5.50 GB/s
[Load w0] 2.00 GB  5.50 GB/s
[Load w1] 2.00 GB  5.58 GB/s
[Load w2] 2.00 GB  5.48 GB/s
[Load w1] 2.00 GB  5.46 GB/s
[Load w0] 2.00 GB  5.45 GB/s
[Load w3] 2.00 GB  5.54 GB/s
[Load w1] 2.00 GB  5.41 GB/s
[Load w1] 2.00 GB  5.53 GB/s
[Load w1] 2.00 GB  5.41 GB/s
[Load w3] 2.00 GB  5.45 GB/s
[Load w0] 2.00 GB  5.43 GB/s
[Load w2] 2.00 GB  5.43 GB/s
[Load w0] 2.00 GB  5.26 GB/s
[Load w1] 2.00 GB  5.22 GB/s
[Load w0] 2.00 GB  5.29 GB/s

================================================================================
LOAD RESULTS
================================================================================
I/O:        0.5086s @ 22.06 GB/s
Total:      0.5093s
Chunks:     92
================================================================================

================================================================================
LOAD RESULTS
================================================================================
I/O:        0.5043s @ 22.25 GB/s
Total:      0.5050s
Chunks:     92
================================================================================

================================================================================
LOAD RESULTS
================================================================================
I/O:        0.5061s @ 22.17 GB/s
Total:      0.5067s
Chunks:     92
================================================================================

================================================================================
LOAD RESULTS
================================================================================
I/O:        0.5077s @ 22.10 GB/s
Total:      0.5083s
Chunks:     92
================================================================================

================================================================================
LOAD RESULTS
================================================================================
I/O:        0.5039s @ 22.26 GB/s
Total:      0.5045s
Chunks:     92
================================================================================

================================================================================
LOAD RESULTS
================================================================================
I/O:        0.5120s @ 21.91 GB/s
Total:      0.5125s
Chunks:     92
================================================================================

================================================================================
LOAD RESULTS
================================================================================
I/O:        0.5054s @ 22.20 GB/s
Total:      0.5059s
Chunks:     92
================================================================================

================================================================================
LOAD RESULTS
================================================================================
I/O:        0.5146s @ 21.80 GB/s
Total:      0.5152s
Chunks:     92
================================================================================
================================================================================
STREAMING CHECKPOINT LOAD - Byte-Range GETs
================================================================================
Input:       /mnt/pfs/checkpointing/llama3-8b/global_epoch1_step10/zero_pp_rank_4_mp_rank_0_model_states.pt
Backend:     file
Total size:  1.87 GB
Chunk size:  32 MB  (peak RAM = one chunk)
================================================================================
Read chunks: 128 MB × 4 workers  (peak RAM ≤ 512 MB)
================================================================================
================================================================================
STREAMING CHECKPOINT LOAD - Byte-Range GETs
================================================================================
Input:       /mnt/pfs/checkpointing/llama3-8b/global_epoch1_step10/zero_pp_rank_2_mp_rank_0_model_states.pt
Backend:     file
Total size:  1.87 GB
Chunk size:  32 MB  (peak RAM = one chunk)
================================================================================
Read chunks: 128 MB × 4 workers  (peak RAM ≤ 512 MB)
================================================================================
[FileReader] path=/mnt/pfs/checkpointing/llama3-8b/global_epoch1_step10/zero_pp_rank_4_mp_rank_0_model_states.pt  fadvise=dontneed
================================================================================
STREAMING CHECKPOINT LOAD - Byte-Range GETs
================================================================================
Input:       /mnt/pfs/checkpointing/llama3-8b/global_epoch1_step10/zero_pp_rank_7_mp_rank_0_model_states.pt
Backend:     file
Total size:  1.87 GB
Chunk size:  32 MB  (peak RAM = one chunk)
================================================================================
Read chunks: 128 MB × 4 workers  (peak RAM ≤ 512 MB)
================================================================================
================================================================================
STREAMING CHECKPOINT LOAD - Byte-Range GETs
================================================================================
[FileReader] path=/mnt/pfs/checkpointing/llama3-8b/global_epoch1_step10/zero_pp_rank_4_mp_rank_0_model_states.pt  fadvise=dontneed
Input:       /mnt/pfs/checkpointing/llama3-8b/global_epoch1_step10/zero_pp_rank_6_mp_rank_0_model_states.pt
Backend:     file
================================================================================
STREAMING CHECKPOINT LOAD - Byte-Range GETs
================================================================================
Input:       /mnt/pfs/checkpointing/llama3-8b/global_epoch1_step10/zero_pp_rank_5_mp_rank_0_model_states.pt
Backend:     file
Total size:  1.87 GB
Chunk size:  32 MB  (peak RAM = one chunk)
================================================================================
Read chunks: 128 MB × 4 workers  (peak RAM ≤ 512 MB)
================================================================================
[FileReader] path=/mnt/pfs/checkpointing/llama3-8b/global_epoch1_step10/zero_pp_rank_5_mp_rank_0_model_states.pt  fadvise=dontneed
[FileReader] path=/mnt/pfs/checkpointing/llama3-8b/global_epoch1_step10/zero_pp_rank_5_mp_rank_0_model_states.pt  fadvise=dontneed
[FileReader] path=/mnt/pfs/checkpointing/llama3-8b/global_epoch1_step10/zero_pp_rank_5_mp_rank_0_model_states.pt  fadvise=dontneed
[FileReader] path=/mnt/pfs/checkpointing/llama3-8b/global_epoch1_step10/zero_pp_rank_5_mp_rank_0_model_states.pt  fadvise=dontneed
[FileReader] path=/mnt/pfs/checkpointing/llama3-8b/global_epoch1_step10/zero_pp_rank_2_mp_rank_0_model_states.pt  fadvise=dontneed
[FileReader] path=/mnt/pfs/checkpointing/llama3-8b/global_epoch1_step10/zero_pp_rank_4_mp_rank_0_model_states.pt  fadvise=dontneed
[FileReader] path=/mnt/pfs/checkpointing/llama3-8b/global_epoch1_step10/zero_pp_rank_4_mp_rank_0_model_states.pt  fadvise=dontneed
================================================================================
STREAMING CHECKPOINT LOAD - Byte-Range GETs
================================================================================
Input:       /mnt/pfs/checkpointing/llama3-8b/global_epoch1_step10/zero_pp_rank_3_mp_rank_0_model_states.pt
Backend:     file
Total size:  1.87 GB
Chunk size:  32 MB  (peak RAM = one chunk)
================================================================================
Read chunks: 128 MB × 4 workers  (peak RAM ≤ 512 MB)
================================================================================
[FileReader] path=/mnt/pfs/checkpointing/llama3-8b/global_epoch1_step10/zero_pp_rank_7_mp_rank_0_model_states.pt  fadvise=dontneed
[FileReader] path=/mnt/pfs/checkpointing/llama3-8b/global_epoch1_step10/zero_pp_rank_7_mp_rank_0_model_states.pt  fadvise=dontneed
[FileReader] path=/mnt/pfs/checkpointing/llama3-8b/global_epoch1_step10/zero_pp_rank_7_mp_rank_0_model_states.pt  fadvise=dontneed
[FileReader] path=/mnt/pfs/checkpointing/llama3-8b/global_epoch1_step10/zero_pp_rank_7_mp_rank_0_model_states.pt  fadvise=dontneed
================================================================================
STREAMING CHECKPOINT LOAD - Byte-Range GETs
================================================================================
Input:       /mnt/pfs/checkpointing/llama3-8b/global_epoch1_step10/zero_pp_rank_1_mp_rank_0_model_states.pt
Backend:     file
Total size:  1.87 GB
Chunk size:  32 MB  (peak RAM = one chunk)
================================================================================
Read chunks: 128 MB × 4 workers  (peak RAM ≤ 512 MB)
================================================================================
[FileReader] path=/mnt/pfs/checkpointing/llama3-8b/global_epoch1_step10/zero_pp_rank_1_mp_rank_0_model_states.pt  fadvise=dontneed
[FileReader] path=/mnt/pfs/checkpointing/llama3-8b/global_epoch1_step10/zero_pp_rank_1_mp_rank_0_model_states.pt  fadvise=dontneed
[FileReader] path=/mnt/pfs/checkpointing/llama3-8b/global_epoch1_step10/zero_pp_rank_1_mp_rank_0_model_states.pt  fadvise=dontneed
[FileReader] path=/mnt/pfs/checkpointing/llama3-8b/global_epoch1_step10/zero_pp_rank_1_mp_rank_0_model_states.pt  fadvise=dontneed
[FileReader] path=/mnt/pfs/checkpointing/llama3-8b/global_epoch1_step10/zero_pp_rank_2_mp_rank_0_model_states.pt  fadvise=dontneed
[FileReader] path=/mnt/pfs/checkpointing/llama3-8b/global_epoch1_step10/zero_pp_rank_2_mp_rank_0_model_states.pt  fadvise=dontneed
[FileReader] path=/mnt/pfs/checkpointing/llama3-8b/global_epoch1_step10/zero_pp_rank_2_mp_rank_0_model_states.pt  fadvise=dontneed
Total size:  1.87 GB
Chunk size:  32 MB  (peak RAM = one chunk)
================================================================================
Read chunks: 128 MB × 4 workers  (peak RAM ≤ 512 MB)
================================================================================
[FileReader] path=/mnt/pfs/checkpointing/llama3-8b/global_epoch1_step10/zero_pp_rank_3_mp_rank_0_model_states.pt  fadvise=dontneed
[FileReader] path=/mnt/pfs/checkpointing/llama3-8b/global_epoch1_step10/zero_pp_rank_3_mp_rank_0_model_states.pt  fadvise=dontneed
[FileReader] path=/mnt/pfs/checkpointing/llama3-8b/global_epoch1_step10/zero_pp_rank_3_mp_rank_0_model_states.pt  fadvise=dontneed
[FileReader] path=/mnt/pfs/checkpointing/llama3-8b/global_epoch1_step10/zero_pp_rank_3_mp_rank_0_model_states.pt  fadvise=dontneed
================================================================================
STREAMING CHECKPOINT LOAD - Byte-Range GETs
================================================================================
Input:       /mnt/pfs/checkpointing/llama3-8b/global_epoch1_step10/zero_pp_rank_0_mp_rank_0_model_states.pt
Backend:     file
Total size:  1.87 GB
Chunk size:  32 MB  (peak RAM = one chunk)
================================================================================
Read chunks: 128 MB × 4 workers  (peak RAM ≤ 512 MB)
================================================================================
[FileReader] path=/mnt/pfs/checkpointing/llama3-8b/global_epoch1_step10/zero_pp_rank_6_mp_rank_0_model_states.pt  fadvise=dontneed
[FileReader] path=/mnt/pfs/checkpointing/llama3-8b/global_epoch1_step10/zero_pp_rank_6_mp_rank_0_model_states.pt  fadvise=dontneed
[FileReader] path=/mnt/pfs/checkpointing/llama3-8b/global_epoch1_step10/zero_pp_rank_0_mp_rank_0_model_states.pt  fadvise=dontneed
[FileReader] path=/mnt/pfs/checkpointing/llama3-8b/global_epoch1_step10/zero_pp_rank_6_mp_rank_0_model_states.pt  fadvise=dontneed
[FileReader] path=/mnt/pfs/checkpointing/llama3-8b/global_epoch1_step10/zero_pp_rank_6_mp_rank_0_model_states.pt  fadvise=dontneed
[FileReader] path=/mnt/pfs/checkpointing/llama3-8b/global_epoch1_step10/zero_pp_rank_0_mp_rank_0_model_states.pt  fadvise=dontneed
[FileReader] path=/mnt/pfs/checkpointing/llama3-8b/global_epoch1_step10/zero_pp_rank_0_mp_rank_0_model_states.pt  fadvise=dontneed
[FileReader] path=/mnt/pfs/checkpointing/llama3-8b/global_epoch1_step10/zero_pp_rank_0_mp_rank_0_model_states.pt  fadvise=dontneed

================================================================================
LOAD RESULTS
================================================================================
I/O:        0.0832s @ 22.47 GB/s
Total:      0.0842s
Chunks:     16
================================================================================
================================================================================
STREAMING CHECKPOINT LOAD - Byte-Range GETs
================================================================================
Input:       /mnt/pfs/checkpointing/llama3-8b/global_epoch1_step10/zero_pp_rank_4_mp_rank_0_optim_states.pt
Backend:     file
Total size:  11.22 GB
Chunk size:  32 MB  (peak RAM = one chunk)
================================================================================
Read chunks: 128 MB × 4 workers  (peak RAM ≤ 512 MB)
================================================================================
[FileReader] path=/mnt/pfs/checkpointing/llama3-8b/global_epoch1_step10/zero_pp_rank_4_mp_rank_0_optim_states.pt  fadvise=dontneed
[FileReader] path=/mnt/pfs/checkpointing/llama3-8b/global_epoch1_step10/zero_pp_rank_4_mp_rank_0_optim_states.pt  fadvise=dontneed
[FileReader] path=/mnt/pfs/checkpointing/llama3-8b/global_epoch1_step10/zero_pp_rank_4_mp_rank_0_optim_states.pt  fadvise=dontneed
[FileReader] path=/mnt/pfs/checkpointing/llama3-8b/global_epoch1_step10/zero_pp_rank_4_mp_rank_0_optim_states.pt  fadvise=dontneed

================================================================================
LOAD RESULTS
================================================================================
I/O:        0.0851s @ 21.98 GB/s
Total:      0.0858s
Chunks:     16
================================================================================
================================================================================
STREAMING CHECKPOINT LOAD - Byte-Range GETs
================================================================================
Input:       /mnt/pfs/checkpointing/llama3-8b/global_epoch1_step10/zero_pp_rank_5_mp_rank_0_optim_states.pt
Backend:     file
Total size:  11.22 GB
Chunk size:  32 MB  (peak RAM = one chunk)
================================================================================
Read chunks: 128 MB × 4 workers  (peak RAM ≤ 512 MB)
================================================================================
[FileReader] path=/mnt/pfs/checkpointing/llama3-8b/global_epoch1_step10/zero_pp_rank_5_mp_rank_0_optim_states.pt  fadvise=dontneed
[FileReader] path=/mnt/pfs/checkpointing/llama3-8b/global_epoch1_step10/zero_pp_rank_5_mp_rank_0_optim_states.pt  fadvise=dontneed
[FileReader] path=/mnt/pfs/checkpointing/llama3-8b/global_epoch1_step10/zero_pp_rank_5_mp_rank_0_optim_states.pt  fadvise=dontneed
[FileReader] path=/mnt/pfs/checkpointing/llama3-8b/global_epoch1_step10/zero_pp_rank_5_mp_rank_0_optim_states.pt  fadvise=dontneed

================================================================================
LOAD RESULTS
================================================================================
I/O:        0.0856s @ 21.84 GB/s
Total:      0.0862s
Chunks:     16
================================================================================
================================================================================
STREAMING CHECKPOINT LOAD - Byte-Range GETs
================================================================================
Input:       /mnt/pfs/checkpointing/llama3-8b/global_epoch1_step10/zero_pp_rank_6_mp_rank_0_optim_states.pt
Backend:     file
Total size:  11.22 GB
Chunk size:  32 MB  (peak RAM = one chunk)
================================================================================
Read chunks: 128 MB × 4 workers  (peak RAM ≤ 512 MB)
================================================================================
[FileReader] path=/mnt/pfs/checkpointing/llama3-8b/global_epoch1_step10/zero_pp_rank_6_mp_rank_0_optim_states.pt  fadvise=dontneed
[FileReader] path=/mnt/pfs/checkpointing/llama3-8b/global_epoch1_step10/zero_pp_rank_6_mp_rank_0_optim_states.pt  fadvise=dontneed
[FileReader] path=/mnt/pfs/checkpointing/llama3-8b/global_epoch1_step10/zero_pp_rank_6_mp_rank_0_optim_states.pt  fadvise=dontneed
[FileReader] path=/mnt/pfs/checkpointing/llama3-8b/global_epoch1_step10/zero_pp_rank_6_mp_rank_0_optim_states.pt  fadvise=dontneed

================================================================================
LOAD RESULTS
================================================================================
I/O:        0.0862s @ 21.69 GB/s
Total:      0.0867s
Chunks:     16
================================================================================
================================================================================
STREAMING CHECKPOINT LOAD - Byte-Range GETs
================================================================================
Input:       /mnt/pfs/checkpointing/llama3-8b/global_epoch1_step10/zero_pp_rank_0_mp_rank_0_optim_states.pt
Backend:     file
Total size:  11.22 GB
Chunk size:  32 MB  (peak RAM = one chunk)
================================================================================
Read chunks: 128 MB × 4 workers  (peak RAM ≤ 512 MB)
================================================================================
[FileReader] path=/mnt/pfs/checkpointing/llama3-8b/global_epoch1_step10/zero_pp_rank_0_mp_rank_0_optim_states.pt  fadvise=dontneed
[FileReader] path=/mnt/pfs/checkpointing/llama3-8b/global_epoch1_step10/zero_pp_rank_0_mp_rank_0_optim_states.pt  fadvise=dontneed
[FileReader] path=/mnt/pfs/checkpointing/llama3-8b/global_epoch1_step10/zero_pp_rank_0_mp_rank_0_optim_states.pt  fadvise=dontneed
[FileReader] path=/mnt/pfs/checkpointing/llama3-8b/global_epoch1_step10/zero_pp_rank_0_mp_rank_0_optim_states.pt  fadvise=dontneed

================================================================================
LOAD RESULTS
================================================================================
I/O:        0.0864s @ 21.64 GB/s
Total:      0.0872s
Chunks:     16
================================================================================
================================================================================
STREAMING CHECKPOINT LOAD - Byte-Range GETs
================================================================================
Input:       /mnt/pfs/checkpointing/llama3-8b/global_epoch1_step10/zero_pp_rank_3_mp_rank_0_optim_states.pt
Backend:     file
Total size:  11.22 GB
Chunk size:  32 MB  (peak RAM = one chunk)
================================================================================
Read chunks: 128 MB × 4 workers  (peak RAM ≤ 512 MB)
================================================================================
[FileReader] path=/mnt/pfs/checkpointing/llama3-8b/global_epoch1_step10/zero_pp_rank_3_mp_rank_0_optim_states.pt  fadvise=dontneed
[FileReader] path=/mnt/pfs/checkpointing/llama3-8b/global_epoch1_step10/zero_pp_rank_3_mp_rank_0_optim_states.pt  fadvise=dontneed
[FileReader] path=/mnt/pfs/checkpointing/llama3-8b/global_epoch1_step10/zero_pp_rank_3_mp_rank_0_optim_states.pt  fadvise=dontneed
[FileReader] path=/mnt/pfs/checkpointing/llama3-8b/global_epoch1_step10/zero_pp_rank_3_mp_rank_0_optim_states.pt  fadvise=dontneed

================================================================================
LOAD RESULTS
================================================================================
I/O:        0.0871s @ 21.47 GB/s
Total:      0.0880s
Chunks:     16
================================================================================
================================================================================
STREAMING CHECKPOINT LOAD - Byte-Range GETs
================================================================================
Input:       /mnt/pfs/checkpointing/llama3-8b/global_epoch1_step10/zero_pp_rank_7_mp_rank_0_optim_states.pt
Backend:     file
Total size:  11.22 GB
Chunk size:  32 MB  (peak RAM = one chunk)
================================================================================
Read chunks: 128 MB × 4 workers  (peak RAM ≤ 512 MB)
================================================================================
[FileReader] path=/mnt/pfs/checkpointing/llama3-8b/global_epoch1_step10/zero_pp_rank_7_mp_rank_0_optim_states.pt  fadvise=dontneed
[FileReader] path=/mnt/pfs/checkpointing/llama3-8b/global_epoch1_step10/zero_pp_rank_7_mp_rank_0_optim_states.pt  fadvise=dontneed
[FileReader] path=/mnt/pfs/checkpointing/llama3-8b/global_epoch1_step10/zero_pp_rank_7_mp_rank_0_optim_states.pt  fadvise=dontneed
[FileReader] path=/mnt/pfs/checkpointing/llama3-8b/global_epoch1_step10/zero_pp_rank_7_mp_rank_0_optim_states.pt  fadvise=dontneed

================================================================================
LOAD RESULTS
================================================================================
I/O:        0.0910s @ 20.54 GB/s
Total:      0.0920s
Chunks:     16
================================================================================
================================================================================
STREAMING CHECKPOINT LOAD - Byte-Range GETs
================================================================================
Input:       /mnt/pfs/checkpointing/llama3-8b/global_epoch1_step10/zero_pp_rank_1_mp_rank_0_optim_states.pt
Backend:     file
Total size:  11.22 GB
Chunk size:  32 MB  (peak RAM = one chunk)
================================================================================
Read chunks: 128 MB × 4 workers  (peak RAM ≤ 512 MB)
================================================================================
[FileReader] path=/mnt/pfs/checkpointing/llama3-8b/global_epoch1_step10/zero_pp_rank_1_mp_rank_0_optim_states.pt  fadvise=dontneed
[FileReader] path=/mnt/pfs/checkpointing/llama3-8b/global_epoch1_step10/zero_pp_rank_1_mp_rank_0_optim_states.pt  fadvise=dontneed
[FileReader] path=/mnt/pfs/checkpointing/llama3-8b/global_epoch1_step10/zero_pp_rank_1_mp_rank_0_optim_states.pt  fadvise=dontneed
[FileReader] path=/mnt/pfs/checkpointing/llama3-8b/global_epoch1_step10/zero_pp_rank_1_mp_rank_0_optim_states.pt  fadvise=dontneed

================================================================================
LOAD RESULTS
================================================================================
I/O:        0.0930s @ 20.11 GB/s
Total:      0.0937s
Chunks:     16
================================================================================
================================================================================
STREAMING CHECKPOINT LOAD - Byte-Range GETs
================================================================================
Input:       /mnt/pfs/checkpointing/llama3-8b/global_epoch1_step10/zero_pp_rank_2_mp_rank_0_optim_states.pt
Backend:     file
Total size:  11.22 GB
Chunk size:  32 MB  (peak RAM = one chunk)
================================================================================
Read chunks: 128 MB × 4 workers  (peak RAM ≤ 512 MB)
================================================================================
[FileReader] path=/mnt/pfs/checkpointing/llama3-8b/global_epoch1_step10/zero_pp_rank_2_mp_rank_0_optim_states.pt  fadvise=dontneed
[FileReader] path=/mnt/pfs/checkpointing/llama3-8b/global_epoch1_step10/zero_pp_rank_2_mp_rank_0_optim_states.pt  fadvise=dontneed
[FileReader] path=/mnt/pfs/checkpointing/llama3-8b/global_epoch1_step10/zero_pp_rank_2_mp_rank_0_optim_states.pt  fadvise=dontneed
[FileReader] path=/mnt/pfs/checkpointing/llama3-8b/global_epoch1_step10/zero_pp_rank_2_mp_rank_0_optim_states.pt  fadvise=dontneed
[Load w0] 2.00 GB  6.00 GB/s
[Load w3] 2.00 GB  5.86 GB/s
[Load w1] 2.00 GB  5.70 GB/s
[Load w1] 2.00 GB  5.69 GB/s
[Load w2] 2.00 GB  5.62 GB/s
[Load w0] 2.00 GB  5.66 GB/s
[Load w3] 2.00 GB  5.64 GB/s
[Load w0] 2.00 GB  5.61 GB/s
[Load w0] 2.00 GB  5.57 GB/s
[Load w3] 2.00 GB  5.57 GB/s
[Load w3] 2.00 GB  5.58 GB/s
[Load w1] 2.00 GB  5.56 GB/s
[Load w2] 2.00 GB  5.55 GB/s
[Load w0] 2.00 GB  5.54 GB/s
[Load w2] 2.00 GB  5.63 GB/s
[Load w1] 2.00 GB  5.54 GB/s
[Load w2] 2.00 GB  5.52 GB/s
[Load w2] 2.00 GB  5.48 GB/s
[Load w1] 2.00 GB  5.58 GB/s
[Load w2] 2.00 GB  5.45 GB/s
[Load w3] 2.00 GB  5.44 GB/s
[Load w1] 2.00 GB  5.43 GB/s
[Load w2] 2.00 GB  5.36 GB/s
[Load w1] 2.00 GB  5.42 GB/s
[Load w1] 2.00 GB  5.33 GB/s
[Load w3] 2.00 GB  5.43 GB/s
[Load w0] 2.00 GB  5.42 GB/s
[Load w3] 2.00 GB  5.39 GB/s
[Load w2] 2.00 GB  5.32 GB/s
[Load w0] 2.00 GB  5.21 GB/s
[Load w0] 2.00 GB  5.28 GB/s
[Load w3] 2.00 GB  5.17 GB/s

================================================================================
LOAD RESULTS
================================================================================
I/O:        0.5012s @ 22.38 GB/s
Total:      0.5017s
Chunks:     92
================================================================================

================================================================================
LOAD RESULTS
================================================================================
I/O:        0.5047s @ 22.23 GB/s
Total:      0.5055s
Chunks:     92
================================================================================

================================================================================
LOAD RESULTS
================================================================================
I/O:        0.5070s @ 22.13 GB/s
Total:      0.5076s
Chunks:     92
================================================================================

================================================================================
LOAD RESULTS
================================================================================
I/O:        0.5093s @ 22.03 GB/s
Total:      0.5101s
Chunks:     92
================================================================================

================================================================================
LOAD RESULTS
================================================================================
I/O:        0.5043s @ 22.24 GB/s
Total:      0.5049s
Chunks:     92
================================================================================

================================================================================
LOAD RESULTS
================================================================================
I/O:        0.5114s @ 21.94 GB/s
Total:      0.5119s
Chunks:     92
================================================================================

================================================================================
LOAD RESULTS
================================================================================
I/O:        0.5074s @ 22.11 GB/s
Total:      0.5080s
Chunks:     92
================================================================================

================================================================================
LOAD RESULTS
================================================================================
I/O:        0.5119s @ 21.92 GB/s
Total:      0.5128s
Chunks:     92
================================================================================
