
Integrated Multi-User KV Cache Benchmark - MLPerf Edition
Model: Llama 3.1 8B
GPU Memory: 0 GB
Users: 200
Duration: 300s
Seed: 138
Generation Mode: none (0.0ms/token)
Features:
  - Phase-Aware Processing: Enabled
  - Multi-turn Conversations: Enabled
  - Prefix Caching: Enabled
  - RAG Workload: Disabled
  - Autoscaling: Disabled
  - QoS Support: Enabled (Interactive/Responsive/Batch)
  - Trace-Driven (BurstGPT): Disabled
  - ShareGPT Dataset: Disabled
  - Max Concurrent Allocations: 16 (bounds RAM usage)
================================================================================

User Context Length Distribution:
  Min: 567 tokens (70.88MiB)
  Max: 24874 tokens (3109.25MiB)
  Mean: 8676 tokens (1084.49MiB)

QoS Distribution:
  interactive: 29 users
  responsive: 70 users
  batch: 101 users

### MEMORY SAFETY CHECK ###
  Formula: peak = (workers x 2 x mean_entry_bytes) + baseline
         = (200 x 2 x 1000MiB) + 2.5GiB
         = 393.1GiB
  Available RAM: 991.5GiB
  Mean entry size: 1000MiB  (8000 tok x 131,072 B/tok)
  Peak per thread: 2000MiB  (np.load + np.array copy)
  Worker threads: 200
  Safe concurrent readers: ~506  = (available - baseline) / peak_per_thread
  Status: OK

Starting benchmark... Mode: standard (prefill+decode)
--------------------------------------------------------------------------------

================================================================================
BENCHMARK RESULTS - MLPerf KV Cache Storage Benchmark
Generation Mode: none (0.0ms/token)
================================================================================

IMPORTANT: All storage latencies below are measured per KV cache BLOCK,
not per token or per disk page.  Each block holds the full KV state for
one request (all layers, all heads, full sequence length).
  Model KV bytes/token: 131,072 bytes (128.0KiB)
  Entries in cache: 788
  Block size min:   17.8MiB
  Block size mean:  367.6MiB
  Block size P95:   1252.8MiB
  Block size max:   3052.5MiB
  A 200MiB block at 1GiB/s NVMe read = ~200 ms device latency.
  Compare latencies against block sizes, not against 4KiB page I/O.


### OVERALL PERFORMANCE ###
Requests Completed: 778
Total Tokens Generated: 105438
Throughput (wall-clock): 350.77 tokens/sec
Throughput (storage I/O): 6.88 tokens/sec
Requests/sec: 2.59

### END-TO-END LATENCY (Queue Wait + Storage I/O + Generation) ###
  Mean: 186038.02 ms
  P50:  176715.00 ms
  P95:  356600.34 ms
  P99:  369815.33 ms

### PER-REQUEST STORAGE LATENCY (All I/O ops for one request) ###
  Mean: 19688.93 ms
  P50:  13252.33 ms
  P95:  57476.63 ms
  P99:  94634.77 ms
  (= 1 prefill write + N decode reads per request)

### STORAGE PERFORMANCE ###
  Cache Hit Rate: 65.9%
  Total Read: 1813.36GiB
  Total Write: 282.88GiB
  Read/Write Ratio: 6.41
  Storage KV Read Operations/sec: 16.08
  Storage KV Write Operations/sec: 2.63

### CACHE TIER DISTRIBUTION ###
  GPU Entries: 0 (0.00GiB)
  CPU Entries: 0 (0.00GiB)
  Storage Entries: 788

### TIER-SPECIFIC KV BYTES ###
  Storage KV Bytes Written: 282.88GiB
  Storage KV Bytes Read: 1813.36GiB

### STORAGE KV BANDWIDTH ###
  Storage KV Read Bandwidth: 6.03GiB/s
  Storage KV Write Bandwidth: 0.94GiB/s

### TIER-SPECIFIC LATENCIES (Total = Host + Device) ###
  Storage Read P95 (Total): 7774.09 ms
  Storage Write P95 (Total): 4028.87 ms

### STORAGE TIER LATENCY BREAKDOWN (Device = Disk I/O, Host = Serialization) ###
  Storage Read:
    - Device P95 (Disk I/O): 6687.75 ms
    - Host P95 (Serialization): 2562.54 ms
    - Total P95: 7774.09 ms
  Storage Write:
    - Device P95 (Disk I/O): 813.86 ms
    - Host P95 (Serialization): 3715.37 ms
    - Total P95: 4028.87 ms

### CACHE TYPE BREAKDOWNS ###
  System Prompt Hits: 824
  Common Phrase Hits: 0
  User Cache Hits: 3315
  Multi-turn Hits: 686

### PREFIX CACHING ###
  Prefix Hits: 166
  Prefix Misses: 624
  System Prompt Reuse: 166
  Bytes Saved: 0.13GiB

### MULTI-TURN CONVERSATIONS ###
  Multi-turn Cache Hits: 686
  Multi-turn Cache Misses: 2336
  Multi-turn Hit Rate: 22.7%

### QOS LATENCY METRICS (Informational - includes simulated generation) ###

  INTERACTIVE:
    Requests: 635
    Latency P95: 360461.77 ms
    Latency P99: 369979.86 ms
    SLA Met: [X] (compliance: 0.0%)

  RESPONSIVE:
    Requests: 60
    Latency P95: 121416.39 ms
    Latency P99: 153242.22 ms
    SLA Met: [X] (compliance: 0.0%)

  BATCH:
    Requests: 83
    Latency P95: 124253.13 ms
    Latency P99: 187320.57 ms
    SLA Met: [X] (compliance: 0.0%)

================================================================================
NOTES:
  - Pure storage I/O benchmark (no generation simulation)
================================================================================

Integrated Multi-User KV Cache Benchmark - MLPerf Edition
Model: Llama 3.1 8B
GPU Memory: 0 GB
Users: 200
Duration: 300s
Seed: 126
Generation Mode: none (0.0ms/token)
Features:
  - Phase-Aware Processing: Enabled
  - Multi-turn Conversations: Enabled
  - Prefix Caching: Enabled
  - RAG Workload: Disabled
  - Autoscaling: Disabled
  - QoS Support: Enabled (Interactive/Responsive/Batch)
  - Trace-Driven (BurstGPT): Disabled
  - ShareGPT Dataset: Disabled
  - Max Concurrent Allocations: 16 (bounds RAM usage)
================================================================================

User Context Length Distribution:
  Min: 533 tokens (66.62MiB)
  Max: 24458 tokens (3057.25MiB)
  Mean: 8780 tokens (1097.49MiB)

QoS Distribution:
  interactive: 34 users
  responsive: 68 users
  batch: 98 users

### MEMORY SAFETY CHECK ###
  Formula: peak = (workers x 2 x mean_entry_bytes) + baseline
         = (200 x 2 x 1000MiB) + 2.5GiB
         = 393.1GiB
  Available RAM: 990.4GiB
  Mean entry size: 1000MiB  (8000 tok x 131,072 B/tok)
  Peak per thread: 2000MiB  (np.load + np.array copy)
  Worker threads: 200
  Safe concurrent readers: ~505  = (available - baseline) / peak_per_thread
  Status: OK

Starting benchmark... Mode: standard (prefill+decode)
--------------------------------------------------------------------------------

================================================================================
BENCHMARK RESULTS - MLPerf KV Cache Storage Benchmark
Generation Mode: none (0.0ms/token)
================================================================================

IMPORTANT: All storage latencies below are measured per KV cache BLOCK,
not per token or per disk page.  Each block holds the full KV state for
one request (all layers, all heads, full sequence length).
  Model KV bytes/token: 131,072 bytes (128.0KiB)
  Entries in cache: 610
  Block size min:   17.5MiB
  Block size mean:  556.8MiB
  Block size P95:   1620.4MiB
  Block size max:   2783.5MiB
  A 200MiB block at 1GiB/s NVMe read = ~200 ms device latency.
  Compare latencies against block sizes, not against 4KiB page I/O.


### OVERALL PERFORMANCE ###
Requests Completed: 594
Total Tokens Generated: 106468
Throughput (wall-clock): 354.16 tokens/sec
Throughput (storage I/O): 6.51 tokens/sec
Requests/sec: 1.98

### END-TO-END LATENCY (Queue Wait + Storage I/O + Generation) ###
  Mean: 191597.56 ms
  P50:  181450.86 ms
  P95:  362676.84 ms
  P99:  373852.77 ms

### PER-REQUEST STORAGE LATENCY (All I/O ops for one request) ###
  Mean: 27534.67 ms
  P50:  16619.08 ms
  P95:  89186.99 ms
  P99:  134117.55 ms
  (= 1 prefill write + N decode reads per request)

### STORAGE PERFORMANCE ###
  Cache Hit Rate: 79.8%
  Total Read: 1913.87GiB
  Total Write: 331.71GiB
  Read/Write Ratio: 5.77
  Storage KV Read Operations/sec: 12.75
  Storage KV Write Operations/sec: 2.03

### CACHE TIER DISTRIBUTION ###
  GPU Entries: 0 (0.00GiB)
  CPU Entries: 0 (0.00GiB)
  Storage Entries: 610

### TIER-SPECIFIC KV BYTES ###
  Storage KV Bytes Written: 331.71GiB
  Storage KV Bytes Read: 1913.87GiB

### STORAGE KV BANDWIDTH ###
  Storage KV Read Bandwidth: 6.37GiB/s
  Storage KV Write Bandwidth: 1.10GiB/s

### TIER-SPECIFIC LATENCIES (Total = Host + Device) ###
  Storage Read P95 (Total): 12666.57 ms
  Storage Write P95 (Total): 7288.27 ms

### STORAGE TIER LATENCY BREAKDOWN (Device = Disk I/O, Host = Serialization) ###
  Storage Read:
    - Device P95 (Disk I/O): 11536.86 ms
    - Host P95 (Serialization): 3911.62 ms
    - Total P95: 12666.57 ms
  Storage Write:
    - Device P95 (Disk I/O): 960.19 ms
    - Host P95 (Serialization): 7145.75 ms
    - Total P95: 7288.27 ms

### CACHE TYPE BREAKDOWNS ###
  System Prompt Hits: 707
  Common Phrase Hits: 0
  User Cache Hits: 3006
  Multi-turn Hits: 112

### PREFIX CACHING ###
  Prefix Hits: 114
  Prefix Misses: 496
  System Prompt Reuse: 114
  Bytes Saved: 0.09GiB

### MULTI-TURN CONVERSATIONS ###
  Multi-turn Cache Hits: 112
  Multi-turn Cache Misses: 857
  Multi-turn Hit Rate: 11.6%

### QOS LATENCY METRICS (Informational - includes simulated generation) ###

  INTERACTIVE:
    Requests: 443
    Latency P95: 364521.73 ms
    Latency P99: 375479.12 ms
    SLA Met: [X] (compliance: 0.0%)

  RESPONSIVE:
    Requests: 67
    Latency P95: 164823.28 ms
    Latency P99: 310571.01 ms
    SLA Met: [X] (compliance: 0.0%)

  BATCH:
    Requests: 84
    Latency P95: 106633.08 ms
    Latency P99: 178444.64 ms
    SLA Met: [X] (compliance: 0.0%)

================================================================================
NOTES:
  - Pure storage I/O benchmark (no generation simulation)
================================================================================

Integrated Multi-User KV Cache Benchmark - MLPerf Edition
Model: Llama 3.1 8B
GPU Memory: 0 GB
Users: 200
Duration: 300s
Seed: 207
Generation Mode: none (0.0ms/token)
Features:
  - Phase-Aware Processing: Enabled
  - Multi-turn Conversations: Enabled
  - Prefix Caching: Enabled
  - RAG Workload: Disabled
  - Autoscaling: Disabled
  - QoS Support: Enabled (Interactive/Responsive/Batch)
  - Trace-Driven (BurstGPT): Disabled
  - ShareGPT Dataset: Disabled
  - Max Concurrent Allocations: 16 (bounds RAM usage)
================================================================================

User Context Length Distribution:
  Min: 513 tokens (64.12MiB)
  Max: 24933 tokens (3116.62MiB)
  Mean: 9150 tokens (1143.80MiB)

QoS Distribution:
  interactive: 31 users
  responsive: 73 users
  batch: 96 users

### MEMORY SAFETY CHECK ###
  Formula: peak = (workers x 2 x mean_entry_bytes) + baseline
         = (200 x 2 x 1000MiB) + 2.5GiB
         = 393.1GiB
  Available RAM: 989.7GiB
  Mean entry size: 1000MiB  (8000 tok x 131,072 B/tok)
  Peak per thread: 2000MiB  (np.load + np.array copy)
  Worker threads: 200
  Safe concurrent readers: ~505  = (available - baseline) / peak_per_thread
  Status: OK

Starting benchmark... Mode: standard (prefill+decode)
--------------------------------------------------------------------------------

================================================================================
BENCHMARK RESULTS - MLPerf KV Cache Storage Benchmark
Generation Mode: none (0.0ms/token)
================================================================================

IMPORTANT: All storage latencies below are measured per KV cache BLOCK,
not per token or per disk page.  Each block holds the full KV state for
one request (all layers, all heads, full sequence length).
  Model KV bytes/token: 131,072 bytes (128.0KiB)
  Entries in cache: 729
  Block size min:   22.9MiB
  Block size mean:  408.3MiB
  Block size P95:   1390.8MiB
  Block size max:   2780.2MiB
  A 200MiB block at 1GiB/s NVMe read = ~200 ms device latency.
  Compare latencies against block sizes, not against 4KiB page I/O.


### OVERALL PERFORMANCE ###
Requests Completed: 718
Total Tokens Generated: 92515
Throughput (wall-clock): 307.25 tokens/sec
Throughput (storage I/O): 6.34 tokens/sec
Requests/sec: 2.38

### END-TO-END LATENCY (Queue Wait + Storage I/O + Generation) ###
  Mean: 194733.51 ms
  P50:  193138.31 ms
  P95:  364657.84 ms
  P99:  380965.08 ms

### PER-REQUEST STORAGE LATENCY (All I/O ops for one request) ###
  Mean: 20322.44 ms
  P50:  13785.28 ms
  P95:  60399.89 ms
  P99:  111281.46 ms
  (= 1 prefill write + N decode reads per request)

### STORAGE PERFORMANCE ###
  Cache Hit Rate: 90.0%
  Total Read: 1509.89GiB
  Total Write: 290.66GiB
  Read/Write Ratio: 5.19
  Storage KV Read Operations/sec: 12.10
  Storage KV Write Operations/sec: 2.43

### CACHE TIER DISTRIBUTION ###
  GPU Entries: 0 (0.00GiB)
  CPU Entries: 0 (0.00GiB)
  Storage Entries: 729

### TIER-SPECIFIC KV BYTES ###
  Storage KV Bytes Written: 290.66GiB
  Storage KV Bytes Read: 1509.89GiB

### STORAGE KV BANDWIDTH ###
  Storage KV Read Bandwidth: 5.01GiB/s
  Storage KV Write Bandwidth: 0.97GiB/s

### TIER-SPECIFIC LATENCIES (Total = Host + Device) ###
  Storage Read P95 (Total): 10089.30 ms
  Storage Write P95 (Total): 5921.27 ms

### STORAGE TIER LATENCY BREAKDOWN (Device = Disk I/O, Host = Serialization) ###
  Storage Read:
    - Device P95 (Disk I/O): 8750.28 ms
    - Host P95 (Serialization): 3669.27 ms
    - Total P95: 10089.30 ms
  Storage Write:
    - Device P95 (Disk I/O): 871.65 ms
    - Host P95 (Serialization): 5845.83 ms
    - Total P95: 5921.27 ms

### CACHE TYPE BREAKDOWNS ###
  System Prompt Hits: 670
  Common Phrase Hits: 0
  User Cache Hits: 2935
  Multi-turn Hits: 26

### PREFIX CACHING ###
  Prefix Hits: 142
  Prefix Misses: 587
  System Prompt Reuse: 142
  Bytes Saved: 0.11GiB

### MULTI-TURN CONVERSATIONS ###
  Multi-turn Cache Hits: 26
  Multi-turn Cache Misses: 263
  Multi-turn Hit Rate: 9.0%

### QOS LATENCY METRICS (Informational - includes simulated generation) ###

  INTERACTIVE:
    Requests: 563
    Latency P95: 368586.72 ms
    Latency P99: 383741.57 ms
    SLA Met: [X] (compliance: 0.0%)

  RESPONSIVE:
    Requests: 96
    Latency P95: 172298.45 ms
    Latency P99: 218285.53 ms
    SLA Met: [X] (compliance: 0.0%)

  BATCH:
    Requests: 59
    Latency P95: 148418.40 ms
    Latency P99: 185433.09 ms
    SLA Met: [X] (compliance: 0.0%)

================================================================================
NOTES:
  - Pure storage I/O benchmark (no generation simulation)
================================================================================

Integrated Multi-User KV Cache Benchmark - MLPerf Edition
Model: Llama 3.1 8B
GPU Memory: 0 GB
Users: 200
Duration: 300s
Seed: 209
Generation Mode: none (0.0ms/token)
Features:
  - Phase-Aware Processing: Enabled
  - Multi-turn Conversations: Enabled
  - Prefix Caching: Enabled
  - RAG Workload: Disabled
  - Autoscaling: Disabled
  - QoS Support: Enabled (Interactive/Responsive/Batch)
  - Trace-Driven (BurstGPT): Disabled
  - ShareGPT Dataset: Disabled
  - Max Concurrent Allocations: 16 (bounds RAM usage)
================================================================================

User Context Length Distribution:
  Min: 522 tokens (65.25MiB)
  Max: 24074 tokens (3009.25MiB)
  Mean: 8348 tokens (1043.47MiB)

QoS Distribution:
  interactive: 32 users
  responsive: 69 users
  batch: 99 users

### MEMORY SAFETY CHECK ###
  Formula: peak = (workers x 2 x mean_entry_bytes) + baseline
         = (200 x 2 x 1000MiB) + 2.5GiB
         = 393.1GiB
  Available RAM: 990.4GiB
  Mean entry size: 1000MiB  (8000 tok x 131,072 B/tok)
  Peak per thread: 2000MiB  (np.load + np.array copy)
  Worker threads: 200
  Safe concurrent readers: ~505  = (available - baseline) / peak_per_thread
  Status: OK

Starting benchmark... Mode: standard (prefill+decode)
--------------------------------------------------------------------------------

================================================================================
BENCHMARK RESULTS - MLPerf KV Cache Storage Benchmark
Generation Mode: none (0.0ms/token)
================================================================================

IMPORTANT: All storage latencies below are measured per KV cache BLOCK,
not per token or per disk page.  Each block holds the full KV state for
one request (all layers, all heads, full sequence length).
  Model KV bytes/token: 131,072 bytes (128.0KiB)
  Entries in cache: 728
  Block size min:   16.4MiB
  Block size mean:  473.9MiB
  Block size P95:   1615.4MiB
  Block size max:   2761.8MiB
  A 200MiB block at 1GiB/s NVMe read = ~200 ms device latency.
  Compare latencies against block sizes, not against 4KiB page I/O.


### OVERALL PERFORMANCE ###
Requests Completed: 718
Total Tokens Generated: 103765
Throughput (wall-clock): 344.98 tokens/sec
Throughput (storage I/O): 6.78 tokens/sec
Requests/sec: 2.39

### END-TO-END LATENCY (Queue Wait + Storage I/O + Generation) ###
  Mean: 194725.49 ms
  P50:  196934.85 ms
  P95:  366753.86 ms
  P99:  383450.01 ms

### PER-REQUEST STORAGE LATENCY (All I/O ops for one request) ###
  Mean: 21319.33 ms
  P50:  12886.90 ms
  P95:  69813.44 ms
  P99:  107973.48 ms
  (= 1 prefill write + N decode reads per request)

### STORAGE PERFORMANCE ###
  Cache Hit Rate: 83.2%
  Total Read: 1747.92GiB
  Total Write: 336.89GiB
  Read/Write Ratio: 5.19
  Storage KV Read Operations/sec: 12.85
  Storage KV Write Operations/sec: 2.43

### CACHE TIER DISTRIBUTION ###
  GPU Entries: 0 (0.00GiB)
  CPU Entries: 0 (0.00GiB)
  Storage Entries: 728

### TIER-SPECIFIC KV BYTES ###
  Storage KV Bytes Written: 336.89GiB
  Storage KV Bytes Read: 1747.92GiB

### STORAGE KV BANDWIDTH ###
  Storage KV Read Bandwidth: 5.81GiB/s
  Storage KV Write Bandwidth: 1.12GiB/s

### TIER-SPECIFIC LATENCIES (Total = Host + Device) ###
  Storage Read P95 (Total): 10105.29 ms
  Storage Write P95 (Total): 6114.78 ms

### STORAGE TIER LATENCY BREAKDOWN (Device = Disk I/O, Host = Serialization) ###
  Storage Read:
    - Device P95 (Disk I/O): 7854.21 ms
    - Host P95 (Serialization): 3861.30 ms
    - Total P95: 10105.29 ms
  Storage Write:
    - Device P95 (Disk I/O): 1352.85 ms
    - Host P95 (Serialization): 5428.40 ms
    - Total P95: 6114.78 ms

### CACHE TYPE BREAKDOWNS ###
  System Prompt Hits: 796
  Common Phrase Hits: 0
  User Cache Hits: 3004
  Multi-turn Hits: 54

### PREFIX CACHING ###
  Prefix Hits: 158
  Prefix Misses: 570
  System Prompt Reuse: 158
  Bytes Saved: 0.13GiB

### MULTI-TURN CONVERSATIONS ###
  Multi-turn Cache Hits: 54
  Multi-turn Cache Misses: 621
  Multi-turn Hit Rate: 8.0%

### QOS LATENCY METRICS (Informational - includes simulated generation) ###

  INTERACTIVE:
    Requests: 570
    Latency P95: 368510.82 ms
    Latency P99: 384984.11 ms
    SLA Met: [X] (compliance: 0.0%)

  RESPONSIVE:
    Requests: 75
    Latency P95: 159653.51 ms
    Latency P99: 200353.83 ms
    SLA Met: [X] (compliance: 0.0%)

  BATCH:
    Requests: 73
    Latency P95: 172521.19 ms
    Latency P99: 253569.13 ms
    SLA Met: [X] (compliance: 0.0%)

================================================================================
NOTES:
  - Pure storage I/O benchmark (no generation simulation)
================================================================================

Integrated Multi-User KV Cache Benchmark - MLPerf Edition
Model: Llama 3.1 8B
GPU Memory: 0 GB
Users: 200
Duration: 300s
Seed: 147
Generation Mode: none (0.0ms/token)
Features:
  - Phase-Aware Processing: Enabled
  - Multi-turn Conversations: Enabled
  - Prefix Caching: Enabled
  - RAG Workload: Disabled
  - Autoscaling: Disabled
  - QoS Support: Enabled (Interactive/Responsive/Batch)
  - Trace-Driven (BurstGPT): Disabled
  - ShareGPT Dataset: Disabled
  - Max Concurrent Allocations: 16 (bounds RAM usage)
================================================================================

User Context Length Distribution:
  Min: 548 tokens (68.50MiB)
  Max: 24984 tokens (3123.00MiB)
  Mean: 9083 tokens (1135.42MiB)

QoS Distribution:
  interactive: 30 users
  responsive: 63 users
  batch: 107 users

### MEMORY SAFETY CHECK ###
  Formula: peak = (workers x 2 x mean_entry_bytes) + baseline
         = (200 x 2 x 1000MiB) + 2.5GiB
         = 393.1GiB
  Available RAM: 988.7GiB
  Mean entry size: 1000MiB  (8000 tok x 131,072 B/tok)
  Peak per thread: 2000MiB  (np.load + np.array copy)
  Worker threads: 200
  Safe concurrent readers: ~504  = (available - baseline) / peak_per_thread
  Status: OK

Starting benchmark... Mode: standard (prefill+decode)
--------------------------------------------------------------------------------

================================================================================
BENCHMARK RESULTS - MLPerf KV Cache Storage Benchmark
Generation Mode: none (0.0ms/token)
================================================================================

IMPORTANT: All storage latencies below are measured per KV cache BLOCK,
not per token or per disk page.  Each block holds the full KV state for
one request (all layers, all heads, full sequence length).
  Model KV bytes/token: 131,072 bytes (128.0KiB)
  Entries in cache: 582
  Block size min:   46.8MiB
  Block size mean:  639.5MiB
  Block size P95:   1798.4MiB
  Block size max:   2955.6MiB
  A 200MiB block at 1GiB/s NVMe read = ~200 ms device latency.
  Compare latencies against block sizes, not against 4KiB page I/O.


### OVERALL PERFORMANCE ###
Requests Completed: 568
Total Tokens Generated: 98391
Throughput (wall-clock): 327.21 tokens/sec
Throughput (storage I/O): 5.96 tokens/sec
Requests/sec: 1.89

### END-TO-END LATENCY (Queue Wait + Storage I/O + Generation) ###
  Mean: 203719.91 ms
  P50:  206495.62 ms
  P95:  383704.12 ms
  P99:  395941.91 ms

### PER-REQUEST STORAGE LATENCY (All I/O ops for one request) ###
  Mean: 29061.73 ms
  P50:  20329.98 ms
  P95:  86062.86 ms
  P99:  128291.09 ms
  (= 1 prefill write + N decode reads per request)

### STORAGE PERFORMANCE ###
  Cache Hit Rate: 77.6%
  Total Read: 1729.20GiB
  Total Write: 363.44GiB
  Read/Write Ratio: 4.76
  Storage KV Read Operations/sec: 11.17
  Storage KV Write Operations/sec: 1.94

### CACHE TIER DISTRIBUTION ###
  GPU Entries: 0 (0.00GiB)
  CPU Entries: 0 (0.00GiB)
  Storage Entries: 582

### TIER-SPECIFIC KV BYTES ###
  Storage KV Bytes Written: 363.44GiB
  Storage KV Bytes Read: 1729.20GiB

### STORAGE KV BANDWIDTH ###
  Storage KV Read Bandwidth: 5.75GiB/s
  Storage KV Write Bandwidth: 1.21GiB/s

### TIER-SPECIFIC LATENCIES (Total = Host + Device) ###
  Storage Read P95 (Total): 12846.19 ms
  Storage Write P95 (Total): 6798.01 ms

### STORAGE TIER LATENCY BREAKDOWN (Device = Disk I/O, Host = Serialization) ###
  Storage Read:
    - Device P95 (Disk I/O): 11095.71 ms
    - Host P95 (Serialization): 4819.35 ms
    - Total P95: 12846.19 ms
  Storage Write:
    - Device P95 (Disk I/O): 1601.73 ms
    - Host P95 (Serialization): 6573.73 ms
    - Total P95: 6798.01 ms

### CACHE TYPE BREAKDOWNS ###
  System Prompt Hits: 709
  Common Phrase Hits: 0
  User Cache Hits: 2497
  Multi-turn Hits: 145

### PREFIX CACHING ###
  Prefix Hits: 120
  Prefix Misses: 463
  System Prompt Reuse: 120
  Bytes Saved: 0.09GiB

### MULTI-TURN CONVERSATIONS ###
  Multi-turn Cache Hits: 144
  Multi-turn Cache Misses: 848
  Multi-turn Hit Rate: 14.5%

### QOS LATENCY METRICS (Informational - includes simulated generation) ###

  INTERACTIVE:
    Requests: 398
    Latency P95: 387214.49 ms
    Latency P99: 396982.47 ms
    SLA Met: [X] (compliance: 0.0%)

  RESPONSIVE:
    Requests: 65
    Latency P95: 192234.89 ms
    Latency P99: 251935.94 ms
    SLA Met: [X] (compliance: 0.0%)

  BATCH:
    Requests: 105
    Latency P95: 191028.49 ms
    Latency P99: 242744.14 ms
    SLA Met: [X] (compliance: 0.0%)

================================================================================
NOTES:
  - Pure storage I/O benchmark (no generation simulation)
================================================================================

Integrated Multi-User KV Cache Benchmark - MLPerf Edition
Model: Llama 3.1 8B
GPU Memory: 0 GB
Users: 200
Duration: 300s
Seed: 131
Generation Mode: none (0.0ms/token)
Features:
  - Phase-Aware Processing: Enabled
  - Multi-turn Conversations: Enabled
  - Prefix Caching: Enabled
  - RAG Workload: Disabled
  - Autoscaling: Disabled
  - QoS Support: Enabled (Interactive/Responsive/Batch)
  - Trace-Driven (BurstGPT): Disabled
  - ShareGPT Dataset: Disabled
  - Max Concurrent Allocations: 16 (bounds RAM usage)
================================================================================

User Context Length Distribution:
  Min: 592 tokens (74.00MiB)
  Max: 24811 tokens (3101.38MiB)
  Mean: 8410 tokens (1051.22MiB)

QoS Distribution:
  interactive: 27 users
  responsive: 78 users
  batch: 95 users

### MEMORY SAFETY CHECK ###
  Formula: peak = (workers x 2 x mean_entry_bytes) + baseline
         = (200 x 2 x 1000MiB) + 2.5GiB
         = 393.1GiB
  Available RAM: 990.3GiB
  Mean entry size: 1000MiB  (8000 tok x 131,072 B/tok)
  Peak per thread: 2000MiB  (np.load + np.array copy)
  Worker threads: 200
  Safe concurrent readers: ~505  = (available - baseline) / peak_per_thread
  Status: OK

Starting benchmark... Mode: standard (prefill+decode)
--------------------------------------------------------------------------------

================================================================================
BENCHMARK RESULTS - MLPerf KV Cache Storage Benchmark
Generation Mode: none (0.0ms/token)
================================================================================

IMPORTANT: All storage latencies below are measured per KV cache BLOCK,
not per token or per disk page.  Each block holds the full KV state for
one request (all layers, all heads, full sequence length).
  Model KV bytes/token: 131,072 bytes (128.0KiB)
  Entries in cache: 585
  Block size min:   18.6MiB
  Block size mean:  532.1MiB
  Block size P95:   1726.3MiB
  Block size max:   2998.4MiB
  A 200MiB block at 1GiB/s NVMe read = ~200 ms device latency.
  Compare latencies against block sizes, not against 4KiB page I/O.


### OVERALL PERFORMANCE ###
Requests Completed: 567
Total Tokens Generated: 98969
Throughput (wall-clock): 328.07 tokens/sec
Throughput (storage I/O): 5.49 tokens/sec
Requests/sec: 1.88

### END-TO-END LATENCY (Queue Wait + Storage I/O + Generation) ###
  Mean: 202151.76 ms
  P50:  211749.60 ms
  P95:  364297.97 ms
  P99:  389456.47 ms

### PER-REQUEST STORAGE LATENCY (All I/O ops for one request) ###
  Mean: 31802.75 ms
  P50:  22575.43 ms
  P95:  89187.61 ms
  P99:  137515.19 ms
  (= 1 prefill write + N decode reads per request)

### STORAGE PERFORMANCE ###
  Cache Hit Rate: 73.1%
  Total Read: 1974.59GiB
  Total Write: 303.97GiB
  Read/Write Ratio: 6.50
  Storage KV Read Operations/sec: 14.20
  Storage KV Write Operations/sec: 1.95

### CACHE TIER DISTRIBUTION ###
  GPU Entries: 0 (0.00GiB)
  CPU Entries: 0 (0.00GiB)
  Storage Entries: 585

### TIER-SPECIFIC KV BYTES ###
  Storage KV Bytes Written: 303.97GiB
  Storage KV Bytes Read: 1974.59GiB

### STORAGE KV BANDWIDTH ###
  Storage KV Read Bandwidth: 6.55GiB/s
  Storage KV Write Bandwidth: 1.01GiB/s

### TIER-SPECIFIC LATENCIES (Total = Host + Device) ###
  Storage Read P95 (Total): 13340.02 ms
  Storage Write P95 (Total): 6618.35 ms

### STORAGE TIER LATENCY BREAKDOWN (Device = Disk I/O, Host = Serialization) ###
  Storage Read:
    - Device P95 (Disk I/O): 11569.32 ms
    - Host P95 (Serialization): 4086.38 ms
    - Total P95: 13340.02 ms
  Storage Write:
    - Device P95 (Disk I/O): 623.49 ms
    - Host P95 (Serialization): 6215.49 ms
    - Total P95: 6618.35 ms

### CACHE TYPE BREAKDOWNS ###
  System Prompt Hits: 740
  Common Phrase Hits: 0
  User Cache Hits: 2882
  Multi-turn Hits: 637

### PREFIX CACHING ###
  Prefix Hits: 120
  Prefix Misses: 465
  System Prompt Reuse: 120
  Bytes Saved: 0.10GiB

### MULTI-TURN CONVERSATIONS ###
  Multi-turn Cache Hits: 637
  Multi-turn Cache Misses: 1446
  Multi-turn Hit Rate: 30.6%

### QOS LATENCY METRICS (Informational - includes simulated generation) ###

  INTERACTIVE:
    Requests: 405
    Latency P95: 367398.23 ms
    Latency P99: 390668.38 ms
    SLA Met: [X] (compliance: 0.0%)

  RESPONSIVE:
    Requests: 80
    Latency P95: 224517.85 ms
    Latency P99: 270759.20 ms
    SLA Met: [X] (compliance: 0.0%)

  BATCH:
    Requests: 82
    Latency P95: 222658.37 ms
    Latency P99: 295697.96 ms
    SLA Met: [X] (compliance: 0.0%)

================================================================================
NOTES:
  - Pure storage I/O benchmark (no generation simulation)
================================================================================

Integrated Multi-User KV Cache Benchmark - MLPerf Edition
Model: Llama 3.1 8B
GPU Memory: 0 GB
Users: 200
Duration: 300s
Seed: 104
Generation Mode: none (0.0ms/token)
Features:
  - Phase-Aware Processing: Enabled
  - Multi-turn Conversations: Enabled
  - Prefix Caching: Enabled
  - RAG Workload: Disabled
  - Autoscaling: Disabled
  - QoS Support: Enabled (Interactive/Responsive/Batch)
  - Trace-Driven (BurstGPT): Disabled
  - ShareGPT Dataset: Disabled
  - Max Concurrent Allocations: 16 (bounds RAM usage)
================================================================================

User Context Length Distribution:
  Min: 557 tokens (69.62MiB)
  Max: 24891 tokens (3111.38MiB)
  Mean: 9282 tokens (1160.26MiB)

QoS Distribution:
  interactive: 31 users
  responsive: 70 users
  batch: 99 users

### MEMORY SAFETY CHECK ###
  Formula: peak = (workers x 2 x mean_entry_bytes) + baseline
         = (200 x 2 x 1000MiB) + 2.5GiB
         = 393.1GiB
  Available RAM: 990.4GiB
  Mean entry size: 1000MiB  (8000 tok x 131,072 B/tok)
  Peak per thread: 2000MiB  (np.load + np.array copy)
  Worker threads: 200
  Safe concurrent readers: ~505  = (available - baseline) / peak_per_thread
  Status: OK

Starting benchmark... Mode: standard (prefill+decode)
--------------------------------------------------------------------------------

================================================================================
BENCHMARK RESULTS - MLPerf KV Cache Storage Benchmark
Generation Mode: none (0.0ms/token)
================================================================================

IMPORTANT: All storage latencies below are measured per KV cache BLOCK,
not per token or per disk page.  Each block holds the full KV state for
one request (all layers, all heads, full sequence length).
  Model KV bytes/token: 131,072 bytes (128.0KiB)
  Entries in cache: 688
  Block size min:   25.6MiB
  Block size mean:  529.0MiB
  Block size P95:   1927.7MiB
  Block size max:   2976.6MiB
  A 200MiB block at 1GiB/s NVMe read = ~200 ms device latency.
  Compare latencies against block sizes, not against 4KiB page I/O.


### OVERALL PERFORMANCE ###
Requests Completed: 680
Total Tokens Generated: 92080
Throughput (wall-clock): 304.16 tokens/sec
Throughput (storage I/O): 5.91 tokens/sec
Requests/sec: 2.25

### END-TO-END LATENCY (Queue Wait + Storage I/O + Generation) ###
  Mean: 193685.31 ms
  P50:  180951.94 ms
  P95:  390743.80 ms
  P99:  399288.50 ms

### PER-REQUEST STORAGE LATENCY (All I/O ops for one request) ###
  Mean: 22898.03 ms
  P50:  14857.72 ms
  P95:  66937.78 ms
  P99:  117964.18 ms
  (= 1 prefill write + N decode reads per request)

### STORAGE PERFORMANCE ###
  Cache Hit Rate: 83.3%
  Total Read: 1330.70GiB
  Total Write: 355.45GiB
  Read/Write Ratio: 3.74
  Storage KV Read Operations/sec: 10.88
  Storage KV Write Operations/sec: 2.29

### CACHE TIER DISTRIBUTION ###
  GPU Entries: 0 (0.00GiB)
  CPU Entries: 0 (0.00GiB)
  Storage Entries: 688

### TIER-SPECIFIC KV BYTES ###
  Storage KV Bytes Written: 355.45GiB
  Storage KV Bytes Read: 1330.70GiB

### STORAGE KV BANDWIDTH ###
  Storage KV Read Bandwidth: 4.40GiB/s
  Storage KV Write Bandwidth: 1.17GiB/s

### TIER-SPECIFIC LATENCIES (Total = Host + Device) ###
  Storage Read P95 (Total): 11807.43 ms
  Storage Write P95 (Total): 7962.63 ms

### STORAGE TIER LATENCY BREAKDOWN (Device = Disk I/O, Host = Serialization) ###
  Storage Read:
    - Device P95 (Disk I/O): 9424.02 ms
    - Host P95 (Serialization): 4766.34 ms
    - Total P95: 11807.43 ms
  Storage Write:
    - Device P95 (Disk I/O): 997.94 ms
    - Host P95 (Serialization): 7796.18 ms
    - Total P95: 7962.63 ms

### CACHE TYPE BREAKDOWNS ###
  System Prompt Hits: 589
  Common Phrase Hits: 0
  User Cache Hits: 2629
  Multi-turn Hits: 46

### PREFIX CACHING ###
  Prefix Hits: 122
  Prefix Misses: 566
  System Prompt Reuse: 122
  Bytes Saved: 0.10GiB

### MULTI-TURN CONVERSATIONS ###
  Multi-turn Cache Hits: 46
  Multi-turn Cache Misses: 532
  Multi-turn Hit Rate: 8.0%

### QOS LATENCY METRICS (Informational - includes simulated generation) ###

  INTERACTIVE:
    Requests: 535
    Latency P95: 392284.90 ms
    Latency P99: 399549.23 ms
    SLA Met: [X] (compliance: 0.0%)

  RESPONSIVE:
    Requests: 70
    Latency P95: 166245.97 ms
    Latency P99: 199354.33 ms
    SLA Met: [X] (compliance: 0.0%)

  BATCH:
    Requests: 75
    Latency P95: 174369.07 ms
    Latency P99: 233189.47 ms
    SLA Met: [X] (compliance: 0.0%)

================================================================================
NOTES:
  - Pure storage I/O benchmark (no generation simulation)
================================================================================

Integrated Multi-User KV Cache Benchmark - MLPerf Edition
Model: Llama 3.1 8B
GPU Memory: 0 GB
Users: 200
Duration: 300s
Seed: 119
Generation Mode: none (0.0ms/token)
Features:
  - Phase-Aware Processing: Enabled
  - Multi-turn Conversations: Enabled
  - Prefix Caching: Enabled
  - RAG Workload: Disabled
  - Autoscaling: Disabled
  - QoS Support: Enabled (Interactive/Responsive/Batch)
  - Trace-Driven (BurstGPT): Disabled
  - ShareGPT Dataset: Disabled
  - Max Concurrent Allocations: 16 (bounds RAM usage)
================================================================================

User Context Length Distribution:
  Min: 538 tokens (67.25MiB)
  Max: 24669 tokens (3083.62MiB)
  Mean: 8722 tokens (1090.25MiB)

QoS Distribution:
  interactive: 31 users
  responsive: 64 users
  batch: 105 users

### MEMORY SAFETY CHECK ###
  Formula: peak = (workers x 2 x mean_entry_bytes) + baseline
         = (200 x 2 x 1000MiB) + 2.5GiB
         = 393.1GiB
  Available RAM: 991.8GiB
  Mean entry size: 1000MiB  (8000 tok x 131,072 B/tok)
  Peak per thread: 2000MiB  (np.load + np.array copy)
  Worker threads: 200
  Safe concurrent readers: ~506  = (available - baseline) / peak_per_thread
  Status: OK

Starting benchmark... Mode: standard (prefill+decode)
--------------------------------------------------------------------------------

================================================================================
BENCHMARK RESULTS - MLPerf KV Cache Storage Benchmark
Generation Mode: none (0.0ms/token)
================================================================================

IMPORTANT: All storage latencies below are measured per KV cache BLOCK,
not per token or per disk page.  Each block holds the full KV state for
one request (all layers, all heads, full sequence length).
  Model KV bytes/token: 131,072 bytes (128.0KiB)
  Entries in cache: 607
  Block size min:   19.2MiB
  Block size mean:  566.6MiB
  Block size P95:   1665.9MiB
  Block size max:   2784.2MiB
  A 200MiB block at 1GiB/s NVMe read = ~200 ms device latency.
  Compare latencies against block sizes, not against 4KiB page I/O.


### OVERALL PERFORMANCE ###
Requests Completed: 594
Total Tokens Generated: 84584
Throughput (wall-clock): 281.72 tokens/sec
Throughput (storage I/O): 5.31 tokens/sec
Requests/sec: 1.98

### END-TO-END LATENCY (Queue Wait + Storage I/O + Generation) ###
  Mean: 196017.81 ms
  P50:  193060.73 ms
  P95:  374271.56 ms
  P99:  390519.34 ms

### PER-REQUEST STORAGE LATENCY (All I/O ops for one request) ###
  Mean: 26798.79 ms
  P50:  18383.54 ms
  P95:  82245.32 ms
  P99:  122414.73 ms
  (= 1 prefill write + N decode reads per request)

### STORAGE PERFORMANCE ###
  Cache Hit Rate: 71.2%
  Total Read: 1662.68GiB
  Total Write: 335.84GiB
  Read/Write Ratio: 4.95
  Storage KV Read Operations/sec: 10.97
  Storage KV Write Operations/sec: 2.02

### CACHE TIER DISTRIBUTION ###
  GPU Entries: 0 (0.00GiB)
  CPU Entries: 0 (0.00GiB)
  Storage Entries: 607

### TIER-SPECIFIC KV BYTES ###
  Storage KV Bytes Written: 335.84GiB
  Storage KV Bytes Read: 1662.68GiB

### STORAGE KV BANDWIDTH ###
  Storage KV Read Bandwidth: 5.54GiB/s
  Storage KV Write Bandwidth: 1.12GiB/s

### TIER-SPECIFIC LATENCIES (Total = Host + Device) ###
  Storage Read P95 (Total): 13088.20 ms
  Storage Write P95 (Total): 8293.69 ms

### STORAGE TIER LATENCY BREAKDOWN (Device = Disk I/O, Host = Serialization) ###
  Storage Read:
    - Device P95 (Disk I/O): 11275.94 ms
    - Host P95 (Serialization): 5023.82 ms
    - Total P95: 13088.20 ms
  Storage Write:
    - Device P95 (Disk I/O): 1365.59 ms
    - Host P95 (Serialization): 7918.00 ms
    - Total P95: 8293.69 ms

### CACHE TYPE BREAKDOWNS ###
  System Prompt Hits: 635
  Common Phrase Hits: 0
  User Cache Hits: 2490
  Multi-turn Hits: 166

### PREFIX CACHING ###
  Prefix Hits: 125
  Prefix Misses: 486
  System Prompt Reuse: 125
  Bytes Saved: 0.10GiB

### MULTI-TURN CONVERSATIONS ###
  Multi-turn Cache Hits: 164
  Multi-turn Cache Misses: 1205
  Multi-turn Hit Rate: 12.0%

### QOS LATENCY METRICS (Informational - includes simulated generation) ###

  INTERACTIVE:
    Requests: 436
    Latency P95: 376026.72 ms
    Latency P99: 391205.06 ms
    SLA Met: [X] (compliance: 0.0%)

  RESPONSIVE:
    Requests: 85
    Latency P95: 193241.68 ms
    Latency P99: 232760.67 ms
    SLA Met: [X] (compliance: 0.0%)

  BATCH:
    Requests: 73
    Latency P95: 144055.57 ms
    Latency P99: 191133.36 ms
    SLA Met: [X] (compliance: 0.0%)

================================================================================
NOTES:
  - Pure storage I/O benchmark (no generation simulation)
================================================================================

Integrated Multi-User KV Cache Benchmark - MLPerf Edition
Model: Llama 3.1 8B
GPU Memory: 0 GB
Users: 200
Duration: 300s
Seed: 52
Generation Mode: none (0.0ms/token)
Features:
  - Phase-Aware Processing: Enabled
  - Multi-turn Conversations: Enabled
  - Prefix Caching: Enabled
  - RAG Workload: Disabled
  - Autoscaling: Disabled
  - QoS Support: Enabled (Interactive/Responsive/Batch)
  - Trace-Driven (BurstGPT): Disabled
  - ShareGPT Dataset: Disabled
  - Max Concurrent Allocations: 16 (bounds RAM usage)
================================================================================

User Context Length Distribution:
  Min: 523 tokens (65.38MiB)
  Max: 24261 tokens (3032.62MiB)
  Mean: 7921 tokens (990.08MiB)

QoS Distribution:
  interactive: 32 users
  responsive: 75 users
  batch: 93 users

### MEMORY SAFETY CHECK ###
  Formula: peak = (workers x 2 x mean_entry_bytes) + baseline
         = (200 x 2 x 1000MiB) + 2.5GiB
         = 393.1GiB
  Available RAM: 991.9GiB
  Mean entry size: 1000MiB  (8000 tok x 131,072 B/tok)
  Peak per thread: 2000MiB  (np.load + np.array copy)
  Worker threads: 200
  Safe concurrent readers: ~506  = (available - baseline) / peak_per_thread
  Status: OK

Starting benchmark... Mode: standard (prefill+decode)
--------------------------------------------------------------------------------

================================================================================
BENCHMARK RESULTS - MLPerf KV Cache Storage Benchmark
Generation Mode: none (0.0ms/token)
================================================================================

IMPORTANT: All storage latencies below are measured per KV cache BLOCK,
not per token or per disk page.  Each block holds the full KV state for
one request (all layers, all heads, full sequence length).
  Model KV bytes/token: 131,072 bytes (128.0KiB)
  Entries in cache: 673
  Block size min:   27.6MiB
  Block size mean:  477.2MiB
  Block size P95:   1391.3MiB
  Block size max:   2782.8MiB
  A 200MiB block at 1GiB/s NVMe read = ~200 ms device latency.
  Compare latencies against block sizes, not against 4KiB page I/O.


### OVERALL PERFORMANCE ###
Requests Completed: 659
Total Tokens Generated: 94671
Throughput (wall-clock): 314.18 tokens/sec
Throughput (storage I/O): 5.43 tokens/sec
Requests/sec: 2.19

### END-TO-END LATENCY (Queue Wait + Storage I/O + Generation) ###
  Mean: 196666.88 ms
  P50:  197557.03 ms
  P95:  382097.48 ms
  P99:  393143.00 ms

### PER-REQUEST STORAGE LATENCY (All I/O ops for one request) ###
  Mean: 26432.77 ms
  P50:  17990.64 ms
  P95:  74080.81 ms
  P99:  141290.40 ms
  (= 1 prefill write + N decode reads per request)

### STORAGE PERFORMANCE ###
  Cache Hit Rate: 76.2%
  Total Read: 1706.10GiB
  Total Write: 313.62GiB
  Read/Write Ratio: 5.44
  Storage KV Read Operations/sec: 12.68
  Storage KV Write Operations/sec: 2.24

### CACHE TIER DISTRIBUTION ###
  GPU Entries: 0 (0.00GiB)
  CPU Entries: 0 (0.00GiB)
  Storage Entries: 673

### TIER-SPECIFIC KV BYTES ###
  Storage KV Bytes Written: 313.62GiB
  Storage KV Bytes Read: 1706.10GiB

### STORAGE KV BANDWIDTH ###
  Storage KV Read Bandwidth: 5.66GiB/s
  Storage KV Write Bandwidth: 1.04GiB/s

### TIER-SPECIFIC LATENCIES (Total = Host + Device) ###
  Storage Read P95 (Total): 12848.67 ms
  Storage Write P95 (Total): 6407.08 ms

### STORAGE TIER LATENCY BREAKDOWN (Device = Disk I/O, Host = Serialization) ###
  Storage Read:
    - Device P95 (Disk I/O): 10772.56 ms
    - Host P95 (Serialization): 3919.35 ms
    - Total P95: 12848.67 ms
  Storage Write:
    - Device P95 (Disk I/O): 1214.68 ms
    - Host P95 (Serialization): 5892.19 ms
    - Total P95: 6407.08 ms

### CACHE TYPE BREAKDOWNS ###
  System Prompt Hits: 673
  Common Phrase Hits: 0
  User Cache Hits: 2960
  Multi-turn Hits: 172

### PREFIX CACHING ###
  Prefix Hits: 139
  Prefix Misses: 534
  System Prompt Reuse: 139
  Bytes Saved: 0.12GiB

### MULTI-TURN CONVERSATIONS ###
  Multi-turn Cache Hits: 172
  Multi-turn Cache Misses: 1048
  Multi-turn Hit Rate: 14.1%

### QOS LATENCY METRICS (Informational - includes simulated generation) ###

  INTERACTIVE:
    Requests: 517
    Latency P95: 383055.58 ms
    Latency P99: 393598.57 ms
    SLA Met: [X] (compliance: 0.0%)

  RESPONSIVE:
    Requests: 86
    Latency P95: 180952.16 ms
    Latency P99: 224613.23 ms
    SLA Met: [X] (compliance: 0.0%)

  BATCH:
    Requests: 56
    Latency P95: 135293.08 ms
    Latency P99: 265548.67 ms
    SLA Met: [X] (compliance: 0.0%)

================================================================================
NOTES:
  - Pure storage I/O benchmark (no generation simulation)
================================================================================

Integrated Multi-User KV Cache Benchmark - MLPerf Edition
Model: Llama 3.1 8B
GPU Memory: 0 GB
Users: 200
Duration: 300s
Seed: 200
Generation Mode: none (0.0ms/token)
Features:
  - Phase-Aware Processing: Enabled
  - Multi-turn Conversations: Enabled
  - Prefix Caching: Enabled
  - RAG Workload: Disabled
  - Autoscaling: Disabled
  - QoS Support: Enabled (Interactive/Responsive/Batch)
  - Trace-Driven (BurstGPT): Disabled
  - ShareGPT Dataset: Disabled
  - Max Concurrent Allocations: 16 (bounds RAM usage)
================================================================================

User Context Length Distribution:
  Min: 607 tokens (75.88MiB)
  Max: 24776 tokens (3097.00MiB)
  Mean: 8021 tokens (1002.60MiB)

QoS Distribution:
  interactive: 30 users
  responsive: 65 users
  batch: 105 users

### MEMORY SAFETY CHECK ###
  Formula: peak = (workers x 2 x mean_entry_bytes) + baseline
         = (200 x 2 x 1000MiB) + 2.5GiB
         = 393.1GiB
  Available RAM: 989.7GiB
  Mean entry size: 1000MiB  (8000 tok x 131,072 B/tok)
  Peak per thread: 2000MiB  (np.load + np.array copy)
  Worker threads: 200
  Safe concurrent readers: ~505  = (available - baseline) / peak_per_thread
  Status: OK

Starting benchmark... Mode: standard (prefill+decode)
--------------------------------------------------------------------------------

================================================================================
BENCHMARK RESULTS - MLPerf KV Cache Storage Benchmark
Generation Mode: none (0.0ms/token)
================================================================================

IMPORTANT: All storage latencies below are measured per KV cache BLOCK,
not per token or per disk page.  Each block holds the full KV state for
one request (all layers, all heads, full sequence length).
  Model KV bytes/token: 131,072 bytes (128.0KiB)
  Entries in cache: 665
  Block size min:   19.1MiB
  Block size mean:  499.9MiB
  Block size P95:   1531.6MiB
  Block size max:   2851.0MiB
  A 200MiB block at 1GiB/s NVMe read = ~200 ms device latency.
  Compare latencies against block sizes, not against 4KiB page I/O.


### OVERALL PERFORMANCE ###
Requests Completed: 649
Total Tokens Generated: 100182
Throughput (wall-clock): 332.38 tokens/sec
Throughput (storage I/O): 5.92 tokens/sec
Requests/sec: 2.15

### END-TO-END LATENCY (Queue Wait + Storage I/O + Generation) ###
  Mean: 195323.52 ms
  P50:  192958.16 ms
  P95:  371922.64 ms
  P99:  388623.03 ms

### PER-REQUEST STORAGE LATENCY (All I/O ops for one request) ###
  Mean: 26071.64 ms
  P50:  17734.06 ms
  P95:  74748.03 ms
  P99:  122676.85 ms
  (= 1 prefill write + N decode reads per request)

### STORAGE PERFORMANCE ###
  Cache Hit Rate: 87.9%
  Total Read: 1814.39GiB
  Total Write: 324.64GiB
  Read/Write Ratio: 5.59
  Storage KV Read Operations/sec: 12.72
  Storage KV Write Operations/sec: 2.22

### CACHE TIER DISTRIBUTION ###
  GPU Entries: 0 (0.00GiB)
  CPU Entries: 0 (0.00GiB)
  Storage Entries: 665

### TIER-SPECIFIC KV BYTES ###
  Storage KV Bytes Written: 324.64GiB
  Storage KV Bytes Read: 1814.39GiB

### STORAGE KV BANDWIDTH ###
  Storage KV Read Bandwidth: 6.02GiB/s
  Storage KV Write Bandwidth: 1.08GiB/s

### TIER-SPECIFIC LATENCIES (Total = Host + Device) ###
  Storage Read P95 (Total): 11137.96 ms
  Storage Write P95 (Total): 5095.30 ms

### STORAGE TIER LATENCY BREAKDOWN (Device = Disk I/O, Host = Serialization) ###
  Storage Read:
    - Device P95 (Disk I/O): 9619.64 ms
    - Host P95 (Serialization): 3696.40 ms
    - Total P95: 11137.96 ms
  Storage Write:
    - Device P95 (Disk I/O): 982.62 ms
    - Host P95 (Serialization): 4907.87 ms
    - Total P95: 5095.30 ms

### CACHE TYPE BREAKDOWNS ###
  System Prompt Hits: 655
  Common Phrase Hits: 0
  User Cache Hits: 3129
  Multi-turn Hits: 32

### PREFIX CACHING ###
  Prefix Hits: 122
  Prefix Misses: 543
  System Prompt Reuse: 122
  Bytes Saved: 0.10GiB

### MULTI-TURN CONVERSATIONS ###
  Multi-turn Cache Hits: 32
  Multi-turn Cache Misses: 405
  Multi-turn Hit Rate: 7.3%

### QOS LATENCY METRICS (Informational - includes simulated generation) ###

  INTERACTIVE:
    Requests: 477
    Latency P95: 375512.96 ms
    Latency P99: 391817.33 ms
    SLA Met: [X] (compliance: 0.0%)

  RESPONSIVE:
    Requests: 72
    Latency P95: 167562.25 ms
    Latency P99: 257856.50 ms
    SLA Met: [X] (compliance: 0.0%)

  BATCH:
    Requests: 100
    Latency P95: 201903.35 ms
    Latency P99: 314197.48 ms
    SLA Met: [X] (compliance: 0.0%)

================================================================================
NOTES:
  - Pure storage I/O benchmark (no generation simulation)
================================================================================

Integrated Multi-User KV Cache Benchmark - MLPerf Edition
Model: Llama 3.1 8B
GPU Memory: 0 GB
Users: 200
Duration: 300s
Seed: 148
Generation Mode: none (0.0ms/token)
Features:
  - Phase-Aware Processing: Enabled
  - Multi-turn Conversations: Enabled
  - Prefix Caching: Enabled
  - RAG Workload: Disabled
  - Autoscaling: Disabled
  - QoS Support: Enabled (Interactive/Responsive/Batch)
  - Trace-Driven (BurstGPT): Disabled
  - ShareGPT Dataset: Disabled
  - Max Concurrent Allocations: 16 (bounds RAM usage)
================================================================================

User Context Length Distribution:
  Min: 549 tokens (68.62MiB)
  Max: 24649 tokens (3081.12MiB)
  Mean: 8536 tokens (1066.97MiB)

QoS Distribution:
  interactive: 44 users
  responsive: 60 users
  batch: 96 users

### MEMORY SAFETY CHECK ###
  Formula: peak = (workers x 2 x mean_entry_bytes) + baseline
         = (200 x 2 x 1000MiB) + 2.5GiB
         = 393.1GiB
  Available RAM: 990.7GiB
  Mean entry size: 1000MiB  (8000 tok x 131,072 B/tok)
  Peak per thread: 2000MiB  (np.load + np.array copy)
  Worker threads: 200
  Safe concurrent readers: ~505  = (available - baseline) / peak_per_thread
  Status: OK

Starting benchmark... Mode: standard (prefill+decode)
--------------------------------------------------------------------------------

================================================================================
BENCHMARK RESULTS - MLPerf KV Cache Storage Benchmark
Generation Mode: none (0.0ms/token)
================================================================================

IMPORTANT: All storage latencies below are measured per KV cache BLOCK,
not per token or per disk page.  Each block holds the full KV state for
one request (all layers, all heads, full sequence length).
  Model KV bytes/token: 131,072 bytes (128.0KiB)
  Entries in cache: 619
  Block size min:   27.0MiB
  Block size mean:  539.8MiB
  Block size P95:   1773.5MiB
  Block size max:   2994.2MiB
  A 200MiB block at 1GiB/s NVMe read = ~200 ms device latency.
  Compare latencies against block sizes, not against 4KiB page I/O.


### OVERALL PERFORMANCE ###
Requests Completed: 605
Total Tokens Generated: 97937
Throughput (wall-clock): 325.94 tokens/sec
Throughput (storage I/O): 5.52 tokens/sec
Requests/sec: 2.01

### END-TO-END LATENCY (Queue Wait + Storage I/O + Generation) ###
  Mean: 199486.55 ms
  P50:  197504.05 ms
  P95:  389667.10 ms
  P99:  398349.72 ms

### PER-REQUEST STORAGE LATENCY (All I/O ops for one request) ###
  Mean: 29340.26 ms
  P50:  18783.47 ms
  P95:  87625.81 ms
  P99:  157348.78 ms
  (= 1 prefill write + N decode reads per request)

### STORAGE PERFORMANCE ###
  Cache Hit Rate: 88.6%
  Total Read: 1700.28GiB
  Total Write: 326.29GiB
  Read/Write Ratio: 5.21
  Storage KV Read Operations/sec: 11.99
  Storage KV Write Operations/sec: 2.06

### CACHE TIER DISTRIBUTION ###
  GPU Entries: 0 (0.00GiB)
  CPU Entries: 0 (0.00GiB)
  Storage Entries: 619

### TIER-SPECIFIC KV BYTES ###
  Storage KV Bytes Written: 326.29GiB
  Storage KV Bytes Read: 1700.28GiB

### STORAGE KV BANDWIDTH ###
  Storage KV Read Bandwidth: 5.66GiB/s
  Storage KV Write Bandwidth: 1.09GiB/s

### TIER-SPECIFIC LATENCIES (Total = Host + Device) ###
  Storage Read P95 (Total): 12113.20 ms
  Storage Write P95 (Total): 8453.46 ms

### STORAGE TIER LATENCY BREAKDOWN (Device = Disk I/O, Host = Serialization) ###
  Storage Read:
    - Device P95 (Disk I/O): 10685.50 ms
    - Host P95 (Serialization): 4683.74 ms
    - Total P95: 12113.20 ms
  Storage Write:
    - Device P95 (Disk I/O): 1448.82 ms
    - Host P95 (Serialization): 7958.05 ms
    - Total P95: 8453.46 ms

### CACHE TYPE BREAKDOWNS ###
  System Prompt Hits: 783
  Common Phrase Hits: 0
  User Cache Hits: 2790
  Multi-turn Hits: 24

### PREFIX CACHING ###
  Prefix Hits: 126
  Prefix Misses: 493
  System Prompt Reuse: 126
  Bytes Saved: 0.10GiB

### MULTI-TURN CONVERSATIONS ###
  Multi-turn Cache Hits: 24
  Multi-turn Cache Misses: 337
  Multi-turn Hit Rate: 6.6%

### QOS LATENCY METRICS (Informational - includes simulated generation) ###

  INTERACTIVE:
    Requests: 463
    Latency P95: 390836.76 ms
    Latency P99: 402621.29 ms
    SLA Met: [X] (compliance: 0.0%)

  RESPONSIVE:
    Requests: 64
    Latency P95: 213665.15 ms
    Latency P99: 301403.50 ms
    SLA Met: [X] (compliance: 0.0%)

  BATCH:
    Requests: 78
    Latency P95: 149661.63 ms
    Latency P99: 230326.38 ms
    SLA Met: [X] (compliance: 0.0%)

================================================================================
NOTES:
  - Pure storage I/O benchmark (no generation simulation)
================================================================================

Integrated Multi-User KV Cache Benchmark - MLPerf Edition
Model: Llama 3.1 8B
GPU Memory: 0 GB
Users: 200
Duration: 300s
Seed: 152
Generation Mode: none (0.0ms/token)
Features:
  - Phase-Aware Processing: Enabled
  - Multi-turn Conversations: Enabled
  - Prefix Caching: Enabled
  - RAG Workload: Disabled
  - Autoscaling: Disabled
  - QoS Support: Enabled (Interactive/Responsive/Batch)
  - Trace-Driven (BurstGPT): Disabled
  - ShareGPT Dataset: Disabled
  - Max Concurrent Allocations: 16 (bounds RAM usage)
================================================================================

User Context Length Distribution:
  Min: 549 tokens (68.62MiB)
  Max: 24521 tokens (3065.12MiB)
  Mean: 8843 tokens (1105.41MiB)

QoS Distribution:
  interactive: 22 users
  responsive: 79 users
  batch: 99 users

### MEMORY SAFETY CHECK ###
  Formula: peak = (workers x 2 x mean_entry_bytes) + baseline
         = (200 x 2 x 1000MiB) + 2.5GiB
         = 393.1GiB
  Available RAM: 988.8GiB
  Mean entry size: 1000MiB  (8000 tok x 131,072 B/tok)
  Peak per thread: 2000MiB  (np.load + np.array copy)
  Worker threads: 200
  Safe concurrent readers: ~505  = (available - baseline) / peak_per_thread
  Status: OK

Starting benchmark... Mode: standard (prefill+decode)
--------------------------------------------------------------------------------

================================================================================
BENCHMARK RESULTS - MLPerf KV Cache Storage Benchmark
Generation Mode: none (0.0ms/token)
================================================================================

IMPORTANT: All storage latencies below are measured per KV cache BLOCK,
not per token or per disk page.  Each block holds the full KV state for
one request (all layers, all heads, full sequence length).
  Model KV bytes/token: 131,072 bytes (128.0KiB)
  Entries in cache: 594
  Block size min:   18.9MiB
  Block size mean:  483.6MiB
  Block size P95:   1653.3MiB
  Block size max:   2613.2MiB
  A 200MiB block at 1GiB/s NVMe read = ~200 ms device latency.
  Compare latencies against block sizes, not against 4KiB page I/O.


### OVERALL PERFORMANCE ###
Requests Completed: 583
Total Tokens Generated: 84502
Throughput (wall-clock): 276.17 tokens/sec
Throughput (storage I/O): 5.08 tokens/sec
Requests/sec: 1.91

### END-TO-END LATENCY (Queue Wait + Storage I/O + Generation) ###
  Mean: 198775.73 ms
  P50:  194362.55 ms
  P95:  386608.80 ms
  P99:  396892.99 ms

### PER-REQUEST STORAGE LATENCY (All I/O ops for one request) ###
  Mean: 28525.84 ms
  P50:  18780.94 ms
  P95:  82517.69 ms
  P99:  157590.07 ms
  (= 1 prefill write + N decode reads per request)

### STORAGE PERFORMANCE ###
  Cache Hit Rate: 82.2%
  Total Read: 1301.05GiB
  Total Write: 280.55GiB
  Read/Write Ratio: 4.64
  Storage KV Read Operations/sec: 10.32
  Storage KV Write Operations/sec: 1.98

### CACHE TIER DISTRIBUTION ###
  GPU Entries: 0 (0.00GiB)
  CPU Entries: 0 (0.00GiB)
  Storage Entries: 594

### TIER-SPECIFIC KV BYTES ###
  Storage KV Bytes Written: 280.55GiB
  Storage KV Bytes Read: 1301.05GiB

### STORAGE KV BANDWIDTH ###
  Storage KV Read Bandwidth: 4.25GiB/s
  Storage KV Write Bandwidth: 0.92GiB/s

### TIER-SPECIFIC LATENCIES (Total = Host + Device) ###
  Storage Read P95 (Total): 14787.23 ms
  Storage Write P95 (Total): 10202.74 ms

### STORAGE TIER LATENCY BREAKDOWN (Device = Disk I/O, Host = Serialization) ###
  Storage Read:
    - Device P95 (Disk I/O): 12743.59 ms
    - Host P95 (Serialization): 4762.84 ms
    - Total P95: 14787.23 ms
  Storage Write:
    - Device P95 (Disk I/O): 1188.69 ms
    - Host P95 (Serialization): 10116.34 ms
    - Total P95: 10202.74 ms

### CACHE TYPE BREAKDOWNS ###
  System Prompt Hits: 593
  Common Phrase Hits: 0
  User Cache Hits: 2479
  Multi-turn Hits: 23

### PREFIX CACHING ###
  Prefix Hits: 124
  Prefix Misses: 470
  System Prompt Reuse: 124
  Bytes Saved: 0.10GiB

### MULTI-TURN CONVERSATIONS ###
  Multi-turn Cache Hits: 23
  Multi-turn Cache Misses: 547
  Multi-turn Hit Rate: 4.0%

### QOS LATENCY METRICS (Informational - includes simulated generation) ###

  INTERACTIVE:
    Requests: 422
    Latency P95: 389030.74 ms
    Latency P99: 398669.65 ms
    SLA Met: [X] (compliance: 0.0%)

  RESPONSIVE:
    Requests: 96
    Latency P95: 183733.22 ms
    Latency P99: 249508.25 ms
    SLA Met: [X] (compliance: 0.0%)

  BATCH:
    Requests: 65
    Latency P95: 128291.37 ms
    Latency P99: 237284.43 ms
    SLA Met: [X] (compliance: 0.0%)

================================================================================
NOTES:
  - Pure storage I/O benchmark (no generation simulation)
================================================================================

Integrated Multi-User KV Cache Benchmark - MLPerf Edition
Model: Llama 3.1 8B
GPU Memory: 0 GB
Users: 200
Duration: 300s
Seed: 158
Generation Mode: none (0.0ms/token)
Features:
  - Phase-Aware Processing: Enabled
  - Multi-turn Conversations: Enabled
  - Prefix Caching: Enabled
  - RAG Workload: Disabled
  - Autoscaling: Disabled
  - QoS Support: Enabled (Interactive/Responsive/Batch)
  - Trace-Driven (BurstGPT): Disabled
  - ShareGPT Dataset: Disabled
  - Max Concurrent Allocations: 16 (bounds RAM usage)
================================================================================

User Context Length Distribution:
  Min: 533 tokens (66.62MiB)
  Max: 24477 tokens (3059.62MiB)
  Mean: 9310 tokens (1163.75MiB)

QoS Distribution:
  interactive: 28 users
  responsive: 68 users
  batch: 104 users

### MEMORY SAFETY CHECK ###
  Formula: peak = (workers x 2 x mean_entry_bytes) + baseline
         = (200 x 2 x 1000MiB) + 2.5GiB
         = 393.1GiB
  Available RAM: 989.4GiB
  Mean entry size: 1000MiB  (8000 tok x 131,072 B/tok)
  Peak per thread: 2000MiB  (np.load + np.array copy)
  Worker threads: 200
  Safe concurrent readers: ~505  = (available - baseline) / peak_per_thread
  Status: OK

Starting benchmark... Mode: standard (prefill+decode)
--------------------------------------------------------------------------------

================================================================================
BENCHMARK RESULTS - MLPerf KV Cache Storage Benchmark
Generation Mode: none (0.0ms/token)
================================================================================

IMPORTANT: All storage latencies below are measured per KV cache BLOCK,
not per token or per disk page.  Each block holds the full KV state for
one request (all layers, all heads, full sequence length).
  Model KV bytes/token: 131,072 bytes (128.0KiB)
  Entries in cache: 631
  Block size min:   26.0MiB
  Block size mean:  568.0MiB
  Block size P95:   1788.9MiB
  Block size max:   2554.8MiB
  A 200MiB block at 1GiB/s NVMe read = ~200 ms device latency.
  Compare latencies against block sizes, not against 4KiB page I/O.


### OVERALL PERFORMANCE ###
Requests Completed: 615
Total Tokens Generated: 93901
Throughput (wall-clock): 312.73 tokens/sec
Throughput (storage I/O): 5.30 tokens/sec
Requests/sec: 2.05

### END-TO-END LATENCY (Queue Wait + Storage I/O + Generation) ###
  Mean: 190315.57 ms
  P50:  183282.65 ms
  P95:  386511.56 ms
  P99:  394605.87 ms

### PER-REQUEST STORAGE LATENCY (All I/O ops for one request) ###
  Mean: 28797.58 ms
  P50:  18215.89 ms
  P95:  85424.32 ms
  P99:  122799.15 ms
  (= 1 prefill write + N decode reads per request)

### STORAGE PERFORMANCE ###
  Cache Hit Rate: 72.6%
  Total Read: 1682.45GiB
  Total Write: 349.98GiB
  Read/Write Ratio: 4.81
  Storage KV Read Operations/sec: 12.05
  Storage KV Write Operations/sec: 2.10

### CACHE TIER DISTRIBUTION ###
  GPU Entries: 0 (0.00GiB)
  CPU Entries: 0 (0.00GiB)
  Storage Entries: 631

### TIER-SPECIFIC KV BYTES ###
  Storage KV Bytes Written: 349.98GiB
  Storage KV Bytes Read: 1682.45GiB

### STORAGE KV BANDWIDTH ###
  Storage KV Read Bandwidth: 5.60GiB/s
  Storage KV Write Bandwidth: 1.17GiB/s

### TIER-SPECIFIC LATENCIES (Total = Host + Device) ###
  Storage Read P95 (Total): 13473.87 ms
  Storage Write P95 (Total): 7969.83 ms

### STORAGE TIER LATENCY BREAKDOWN (Device = Disk I/O, Host = Serialization) ###
  Storage Read:
    - Device P95 (Disk I/O): 10946.25 ms
    - Host P95 (Serialization): 5159.15 ms
    - Total P95: 13473.87 ms
  Storage Write:
    - Device P95 (Disk I/O): 811.93 ms
    - Host P95 (Serialization): 7681.27 ms
    - Total P95: 7969.83 ms

### CACHE TYPE BREAKDOWNS ###
  System Prompt Hits: 605
  Common Phrase Hits: 0
  User Cache Hits: 2781
  Multi-turn Hits: 230

### PREFIX CACHING ###
  Prefix Hits: 121
  Prefix Misses: 510
  System Prompt Reuse: 121
  Bytes Saved: 0.10GiB

### MULTI-TURN CONVERSATIONS ###
  Multi-turn Cache Hits: 230
  Multi-turn Cache Misses: 1243
  Multi-turn Hit Rate: 15.6%

### QOS LATENCY METRICS (Informational - includes simulated generation) ###

  INTERACTIVE:
    Requests: 448
    Latency P95: 388070.98 ms
    Latency P99: 395487.36 ms
    SLA Met: [X] (compliance: 0.0%)

  RESPONSIVE:
    Requests: 82
    Latency P95: 166321.98 ms
    Latency P99: 187625.97 ms
    SLA Met: [X] (compliance: 0.0%)

  BATCH:
    Requests: 85
    Latency P95: 148343.67 ms
    Latency P99: 184405.67 ms
    SLA Met: [X] (compliance: 0.0%)

================================================================================
NOTES:
  - Pure storage I/O benchmark (no generation simulation)
================================================================================

Integrated Multi-User KV Cache Benchmark - MLPerf Edition
Model: Llama 3.1 8B
GPU Memory: 0 GB
Users: 200
Duration: 300s
Seed: 177
Generation Mode: none (0.0ms/token)
Features:
  - Phase-Aware Processing: Enabled
  - Multi-turn Conversations: Enabled
  - Prefix Caching: Enabled
  - RAG Workload: Disabled
  - Autoscaling: Disabled
  - QoS Support: Enabled (Interactive/Responsive/Batch)
  - Trace-Driven (BurstGPT): Disabled
  - ShareGPT Dataset: Disabled
  - Max Concurrent Allocations: 16 (bounds RAM usage)
================================================================================

User Context Length Distribution:
  Min: 566 tokens (70.75MiB)
  Max: 24582 tokens (3072.75MiB)
  Mean: 9168 tokens (1145.99MiB)

QoS Distribution:
  interactive: 34 users
  responsive: 66 users
  batch: 100 users

### MEMORY SAFETY CHECK ###
  Formula: peak = (workers x 2 x mean_entry_bytes) + baseline
         = (200 x 2 x 1000MiB) + 2.5GiB
         = 393.1GiB
  Available RAM: 991.4GiB
  Mean entry size: 1000MiB  (8000 tok x 131,072 B/tok)
  Peak per thread: 2000MiB  (np.load + np.array copy)
  Worker threads: 200
  Safe concurrent readers: ~506  = (available - baseline) / peak_per_thread
  Status: OK

Starting benchmark... Mode: standard (prefill+decode)
--------------------------------------------------------------------------------

================================================================================
BENCHMARK RESULTS - MLPerf KV Cache Storage Benchmark
Generation Mode: none (0.0ms/token)
================================================================================

IMPORTANT: All storage latencies below are measured per KV cache BLOCK,
not per token or per disk page.  Each block holds the full KV state for
one request (all layers, all heads, full sequence length).
  Model KV bytes/token: 131,072 bytes (128.0KiB)
  Entries in cache: 626
  Block size min:   21.5MiB
  Block size mean:  658.1MiB
  Block size P95:   1810.6MiB
  Block size max:   2906.8MiB
  A 200MiB block at 1GiB/s NVMe read = ~200 ms device latency.
  Compare latencies against block sizes, not against 4KiB page I/O.


### OVERALL PERFORMANCE ###
Requests Completed: 611
Total Tokens Generated: 114646
Throughput (wall-clock): 379.62 tokens/sec
Throughput (storage I/O): 6.51 tokens/sec
Requests/sec: 2.02

### END-TO-END LATENCY (Queue Wait + Storage I/O + Generation) ###
  Mean: 202058.89 ms
  P50:  202006.02 ms
  P95:  379642.47 ms
  P99:  389789.07 ms

### PER-REQUEST STORAGE LATENCY (All I/O ops for one request) ###
  Mean: 28836.02 ms
  P50:  18628.67 ms
  P95:  83258.96 ms
  P99:  123043.54 ms
  (= 1 prefill write + N decode reads per request)

### STORAGE PERFORMANCE ###
  Cache Hit Rate: 82.4%
  Total Read: 2051.35GiB
  Total Write: 402.65GiB
  Read/Write Ratio: 5.09
  Storage KV Read Operations/sec: 12.87
  Storage KV Write Operations/sec: 2.09

### CACHE TIER DISTRIBUTION ###
  GPU Entries: 0 (0.00GiB)
  CPU Entries: 0 (0.00GiB)
  Storage Entries: 626

### TIER-SPECIFIC KV BYTES ###
  Storage KV Bytes Written: 402.32GiB
  Storage KV Bytes Read: 2051.35GiB

### STORAGE KV BANDWIDTH ###
  Storage KV Read Bandwidth: 6.79GiB/s
  Storage KV Write Bandwidth: 1.33GiB/s

### TIER-SPECIFIC LATENCIES (Total = Host + Device) ###
  Storage Read P95 (Total): 11746.17 ms
  Storage Write P95 (Total): 7452.77 ms

### STORAGE TIER LATENCY BREAKDOWN (Device = Disk I/O, Host = Serialization) ###
  Storage Read:
    - Device P95 (Disk I/O): 10450.87 ms
    - Host P95 (Serialization): 4202.58 ms
    - Total P95: 11746.17 ms
  Storage Write:
    - Device P95 (Disk I/O): 909.89 ms
    - Host P95 (Serialization): 6750.34 ms
    - Total P95: 7452.77 ms

### CACHE TYPE BREAKDOWNS ###
  System Prompt Hits: 645
  Common Phrase Hits: 0
  User Cache Hits: 3131
  Multi-turn Hits: 86

### PREFIX CACHING ###
  Prefix Hits: 117
  Prefix Misses: 513
  System Prompt Reuse: 117
  Bytes Saved: 0.09GiB

### MULTI-TURN CONVERSATIONS ###
  Multi-turn Cache Hits: 85
  Multi-turn Cache Misses: 708
  Multi-turn Hit Rate: 10.7%

### QOS LATENCY METRICS (Informational - includes simulated generation) ###

  INTERACTIVE:
    Requests: 454
    Latency P95: 381082.82 ms
    Latency P99: 393487.87 ms
    SLA Met: [X] (compliance: 0.0%)

  RESPONSIVE:
    Requests: 58
    Latency P95: 144272.84 ms
    Latency P99: 214190.65 ms
    SLA Met: [X] (compliance: 0.0%)

  BATCH:
    Requests: 99
    Latency P95: 180717.37 ms
    Latency P99: 241717.09 ms
    SLA Met: [X] (compliance: 0.0%)

================================================================================
NOTES:
  - Pure storage I/O benchmark (no generation simulation)
================================================================================

Integrated Multi-User KV Cache Benchmark - MLPerf Edition
Model: Llama 3.1 8B
GPU Memory: 0 GB
Users: 200
Duration: 300s
Seed: 240
Generation Mode: none (0.0ms/token)
Features:
  - Phase-Aware Processing: Enabled
  - Multi-turn Conversations: Enabled
  - Prefix Caching: Enabled
  - RAG Workload: Disabled
  - Autoscaling: Disabled
  - QoS Support: Enabled (Interactive/Responsive/Batch)
  - Trace-Driven (BurstGPT): Disabled
  - ShareGPT Dataset: Disabled
  - Max Concurrent Allocations: 16 (bounds RAM usage)
================================================================================

User Context Length Distribution:
  Min: 576 tokens (72.00MiB)
  Max: 24982 tokens (3122.75MiB)
  Mean: 8701 tokens (1087.67MiB)

QoS Distribution:
  interactive: 29 users
  responsive: 71 users
  batch: 100 users

### MEMORY SAFETY CHECK ###
  Formula: peak = (workers x 2 x mean_entry_bytes) + baseline
         = (200 x 2 x 1000MiB) + 2.5GiB
         = 393.1GiB
  Available RAM: 990.4GiB
  Mean entry size: 1000MiB  (8000 tok x 131,072 B/tok)
  Peak per thread: 2000MiB  (np.load + np.array copy)
  Worker threads: 200
  Safe concurrent readers: ~505  = (available - baseline) / peak_per_thread
  Status: OK

Starting benchmark... Mode: standard (prefill+decode)
--------------------------------------------------------------------------------

================================================================================
BENCHMARK RESULTS - MLPerf KV Cache Storage Benchmark
Generation Mode: none (0.0ms/token)
================================================================================

IMPORTANT: All storage latencies below are measured per KV cache BLOCK,
not per token or per disk page.  Each block holds the full KV state for
one request (all layers, all heads, full sequence length).
  Model KV bytes/token: 131,072 bytes (128.0KiB)
  Entries in cache: 630
  Block size min:   23.2MiB
  Block size mean:  543.9MiB
  Block size P95:   1682.9MiB
  Block size max:   2728.1MiB
  A 200MiB block at 1GiB/s NVMe read = ~200 ms device latency.
  Compare latencies against block sizes, not against 4KiB page I/O.


### OVERALL PERFORMANCE ###
Requests Completed: 615
Total Tokens Generated: 104121
Throughput (wall-clock): 345.62 tokens/sec
Throughput (storage I/O): 6.27 tokens/sec
Requests/sec: 2.04

### END-TO-END LATENCY (Queue Wait + Storage I/O + Generation) ###
  Mean: 201431.46 ms
  P50:  193574.68 ms
  P95:  382911.98 ms
  P99:  398421.59 ms

### PER-REQUEST STORAGE LATENCY (All I/O ops for one request) ###
  Mean: 27011.59 ms
  P50:  17707.53 ms
  P95:  86379.19 ms
  P99:  125835.94 ms
  (= 1 prefill write + N decode reads per request)

### STORAGE PERFORMANCE ###
  Cache Hit Rate: 88.2%
  Total Read: 1752.46GiB
  Total Write: 334.63GiB
  Read/Write Ratio: 5.24
  Storage KV Read Operations/sec: 12.46
  Storage KV Write Operations/sec: 2.10

### CACHE TIER DISTRIBUTION ###
  GPU Entries: 0 (0.00GiB)
  CPU Entries: 0 (0.00GiB)
  Storage Entries: 630

### TIER-SPECIFIC KV BYTES ###
  Storage KV Bytes Written: 334.63GiB
  Storage KV Bytes Read: 1752.46GiB

### STORAGE KV BANDWIDTH ###
  Storage KV Read Bandwidth: 5.82GiB/s
  Storage KV Write Bandwidth: 1.11GiB/s

### TIER-SPECIFIC LATENCIES (Total = Host + Device) ###
  Storage Read P95 (Total): 12553.14 ms
  Storage Write P95 (Total): 6812.11 ms

### STORAGE TIER LATENCY BREAKDOWN (Device = Disk I/O, Host = Serialization) ###
  Storage Read:
    - Device P95 (Disk I/O): 10907.33 ms
    - Host P95 (Serialization): 4754.69 ms
    - Total P95: 12553.14 ms
  Storage Write:
    - Device P95 (Disk I/O): 934.48 ms
    - Host P95 (Serialization): 6533.92 ms
    - Total P95: 6812.11 ms

### CACHE TYPE BREAKDOWNS ###
  System Prompt Hits: 680
  Common Phrase Hits: 0
  User Cache Hits: 3045
  Multi-turn Hits: 13

### PREFIX CACHING ###
  Prefix Hits: 132
  Prefix Misses: 498
  System Prompt Reuse: 132
  Bytes Saved: 0.11GiB

### MULTI-TURN CONVERSATIONS ###
  Multi-turn Cache Hits: 13
  Multi-turn Cache Misses: 369
  Multi-turn Hit Rate: 3.4%

### QOS LATENCY METRICS (Informational - includes simulated generation) ###

  INTERACTIVE:
    Requests: 455
    Latency P95: 385194.75 ms
    Latency P99: 400437.85 ms
    SLA Met: [X] (compliance: 0.0%)

  RESPONSIVE:
    Requests: 61
    Latency P95: 198168.81 ms
    Latency P99: 233533.82 ms
    SLA Met: [X] (compliance: 0.0%)

  BATCH:
    Requests: 99
    Latency P95: 166439.69 ms
    Latency P99: 195577.98 ms
    SLA Met: [X] (compliance: 0.0%)

================================================================================
NOTES:
  - Pure storage I/O benchmark (no generation simulation)
================================================================================

Integrated Multi-User KV Cache Benchmark - MLPerf Edition
Model: Llama 3.1 8B
GPU Memory: 0 GB
Users: 200
Duration: 300s
Seed: 81
Generation Mode: none (0.0ms/token)
Features:
  - Phase-Aware Processing: Enabled
  - Multi-turn Conversations: Enabled
  - Prefix Caching: Enabled
  - RAG Workload: Disabled
  - Autoscaling: Disabled
  - QoS Support: Enabled (Interactive/Responsive/Batch)
  - Trace-Driven (BurstGPT): Disabled
  - ShareGPT Dataset: Disabled
  - Max Concurrent Allocations: 16 (bounds RAM usage)
================================================================================

User Context Length Distribution:
  Min: 614 tokens (76.75MiB)
  Max: 24723 tokens (3090.38MiB)
  Mean: 9193 tokens (1149.18MiB)

QoS Distribution:
  interactive: 35 users
  responsive: 86 users
  batch: 79 users

### MEMORY SAFETY CHECK ###
  Formula: peak = (workers x 2 x mean_entry_bytes) + baseline
         = (200 x 2 x 1000MiB) + 2.5GiB
         = 393.1GiB
  Available RAM: 989.7GiB
  Mean entry size: 1000MiB  (8000 tok x 131,072 B/tok)
  Peak per thread: 2000MiB  (np.load + np.array copy)
  Worker threads: 200
  Safe concurrent readers: ~505  = (available - baseline) / peak_per_thread
  Status: OK

Starting benchmark... Mode: standard (prefill+decode)
--------------------------------------------------------------------------------

================================================================================
BENCHMARK RESULTS - MLPerf KV Cache Storage Benchmark
Generation Mode: none (0.0ms/token)
================================================================================

IMPORTANT: All storage latencies below are measured per KV cache BLOCK,
not per token or per disk page.  Each block holds the full KV state for
one request (all layers, all heads, full sequence length).
  Model KV bytes/token: 131,072 bytes (128.0KiB)
  Entries in cache: 621
  Block size min:   19.9MiB
  Block size mean:  519.9MiB
  Block size P95:   1533.2MiB
  Block size max:   2829.2MiB
  A 200MiB block at 1GiB/s NVMe read = ~200 ms device latency.
  Compare latencies against block sizes, not against 4KiB page I/O.


### OVERALL PERFORMANCE ###
Requests Completed: 603
Total Tokens Generated: 96579
Throughput (wall-clock): 321.30 tokens/sec
Throughput (storage I/O): 5.82 tokens/sec
Requests/sec: 2.01

### END-TO-END LATENCY (Queue Wait + Storage I/O + Generation) ###
  Mean: 194429.42 ms
  P50:  184629.46 ms
  P95:  383097.27 ms
  P99:  395209.72 ms

### PER-REQUEST STORAGE LATENCY (All I/O ops for one request) ###
  Mean: 27500.60 ms
  P50:  18055.31 ms
  P95:  85797.95 ms
  P99:  141209.80 ms
  (= 1 prefill write + N decode reads per request)

### STORAGE PERFORMANCE ###
  Cache Hit Rate: 88.2%
  Total Read: 1702.38GiB
  Total Write: 315.29GiB
  Read/Write Ratio: 5.40
  Storage KV Read Operations/sec: 11.84
  Storage KV Write Operations/sec: 2.07

### CACHE TIER DISTRIBUTION ###
  GPU Entries: 0 (0.00GiB)
  CPU Entries: 0 (0.00GiB)
  Storage Entries: 621

### TIER-SPECIFIC KV BYTES ###
  Storage KV Bytes Written: 315.29GiB
  Storage KV Bytes Read: 1702.38GiB

### STORAGE KV BANDWIDTH ###
  Storage KV Read Bandwidth: 5.66GiB/s
  Storage KV Write Bandwidth: 1.05GiB/s

### TIER-SPECIFIC LATENCIES (Total = Host + Device) ###
  Storage Read P95 (Total): 13459.82 ms
  Storage Write P95 (Total): 7805.89 ms

### STORAGE TIER LATENCY BREAKDOWN (Device = Disk I/O, Host = Serialization) ###
  Storage Read:
    - Device P95 (Disk I/O): 11744.97 ms
    - Host P95 (Serialization): 4395.63 ms
    - Total P95: 13459.82 ms
  Storage Write:
    - Device P95 (Disk I/O): 1096.30 ms
    - Host P95 (Serialization): 6907.84 ms
    - Total P95: 7805.89 ms

### CACHE TYPE BREAKDOWNS ###
  System Prompt Hits: 780
  Common Phrase Hits: 0
  User Cache Hits: 2749
  Multi-turn Hits: 22

### PREFIX CACHING ###
  Prefix Hits: 144
  Prefix Misses: 477
  System Prompt Reuse: 144
  Bytes Saved: 0.12GiB

### MULTI-TURN CONVERSATIONS ###
  Multi-turn Cache Hits: 22
  Multi-turn Cache Misses: 330
  Multi-turn Hit Rate: 6.2%

### QOS LATENCY METRICS (Informational - includes simulated generation) ###

  INTERACTIVE:
    Requests: 450
    Latency P95: 385173.86 ms
    Latency P99: 396789.10 ms
    SLA Met: [X] (compliance: 0.0%)

  RESPONSIVE:
    Requests: 94
    Latency P95: 160130.77 ms
    Latency P99: 211821.47 ms
    SLA Met: [X] (compliance: 0.0%)

  BATCH:
    Requests: 59
    Latency P95: 206468.01 ms
    Latency P99: 224349.59 ms
    SLA Met: [X] (compliance: 0.0%)

================================================================================
NOTES:
  - Pure storage I/O benchmark (no generation simulation)
================================================================================

Integrated Multi-User KV Cache Benchmark - MLPerf Edition
Model: Llama 3.1 8B
GPU Memory: 0 GB
Users: 200
Duration: 300s
Seed: 80
Generation Mode: none (0.0ms/token)
Features:
  - Phase-Aware Processing: Enabled
  - Multi-turn Conversations: Enabled
  - Prefix Caching: Enabled
  - RAG Workload: Disabled
  - Autoscaling: Disabled
  - QoS Support: Enabled (Interactive/Responsive/Batch)
  - Trace-Driven (BurstGPT): Disabled
  - ShareGPT Dataset: Disabled
  - Max Concurrent Allocations: 16 (bounds RAM usage)
================================================================================

User Context Length Distribution:
  Min: 540 tokens (67.50MiB)
  Max: 24879 tokens (3109.88MiB)
  Mean: 9386 tokens (1173.27MiB)

QoS Distribution:
  interactive: 30 users
  responsive: 82 users
  batch: 88 users

### MEMORY SAFETY CHECK ###
  Formula: peak = (workers x 2 x mean_entry_bytes) + baseline
         = (200 x 2 x 1000MiB) + 2.5GiB
         = 393.1GiB
  Available RAM: 989.7GiB
  Mean entry size: 1000MiB  (8000 tok x 131,072 B/tok)
  Peak per thread: 2000MiB  (np.load + np.array copy)
  Worker threads: 200
  Safe concurrent readers: ~505  = (available - baseline) / peak_per_thread
  Status: OK

Starting benchmark... Mode: standard (prefill+decode)
--------------------------------------------------------------------------------

================================================================================
BENCHMARK RESULTS - MLPerf KV Cache Storage Benchmark
Generation Mode: none (0.0ms/token)
================================================================================

IMPORTANT: All storage latencies below are measured per KV cache BLOCK,
not per token or per disk page.  Each block holds the full KV state for
one request (all layers, all heads, full sequence length).
  Model KV bytes/token: 131,072 bytes (128.0KiB)
  Entries in cache: 599
  Block size min:   17.9MiB
  Block size mean:  582.9MiB
  Block size P95:   1675.7MiB
  Block size max:   2670.0MiB
  A 200MiB block at 1GiB/s NVMe read = ~200 ms device latency.
  Compare latencies against block sizes, not against 4KiB page I/O.


### OVERALL PERFORMANCE ###
Requests Completed: 585
Total Tokens Generated: 104439
Throughput (wall-clock): 347.64 tokens/sec
Throughput (storage I/O): 5.96 tokens/sec
Requests/sec: 1.95

### END-TO-END LATENCY (Queue Wait + Storage I/O + Generation) ###
  Mean: 196910.89 ms
  P50:  190686.63 ms
  P95:  388388.56 ms
  P99:  401439.59 ms

### PER-REQUEST STORAGE LATENCY (All I/O ops for one request) ###
  Mean: 29948.60 ms
  P50:  18374.63 ms
  P95:  86428.88 ms
  P99:  136073.96 ms
  (= 1 prefill write + N decode reads per request)

### STORAGE PERFORMANCE ###
  Cache Hit Rate: 72.7%
  Total Read: 2002.15GiB
  Total Write: 340.99GiB
  Read/Write Ratio: 5.87
  Storage KV Read Operations/sec: 12.87
  Storage KV Write Operations/sec: 2.00

### CACHE TIER DISTRIBUTION ###
  GPU Entries: 0 (0.00GiB)
  CPU Entries: 0 (0.00GiB)
  Storage Entries: 599

### TIER-SPECIFIC KV BYTES ###
  Storage KV Bytes Written: 340.99GiB
  Storage KV Bytes Read: 2002.15GiB

### STORAGE KV BANDWIDTH ###
  Storage KV Read Bandwidth: 6.66GiB/s
  Storage KV Write Bandwidth: 1.14GiB/s

### TIER-SPECIFIC LATENCIES (Total = Host + Device) ###
  Storage Read P95 (Total): 13438.40 ms
  Storage Write P95 (Total): 6268.76 ms

### STORAGE TIER LATENCY BREAKDOWN (Device = Disk I/O, Host = Serialization) ###
  Storage Read:
    - Device P95 (Disk I/O): 11750.04 ms
    - Host P95 (Serialization): 4352.18 ms
    - Total P95: 13438.40 ms
  Storage Write:
    - Device P95 (Disk I/O): 917.79 ms
    - Host P95 (Serialization): 6268.74 ms
    - Total P95: 6268.76 ms

### CACHE TYPE BREAKDOWNS ###
  System Prompt Hits: 768
  Common Phrase Hits: 0
  User Cache Hits: 2810
  Multi-turn Hits: 282

### PREFIX CACHING ###
  Prefix Hits: 119
  Prefix Misses: 481
  System Prompt Reuse: 119
  Bytes Saved: 0.10GiB

### MULTI-TURN CONVERSATIONS ###
  Multi-turn Cache Hits: 281
  Multi-turn Cache Misses: 1331
  Multi-turn Hit Rate: 17.4%

### QOS LATENCY METRICS (Informational - includes simulated generation) ###

  INTERACTIVE:
    Requests: 435
    Latency P95: 389693.63 ms
    Latency P99: 404687.01 ms
    SLA Met: [X] (compliance: 0.0%)

  RESPONSIVE:
    Requests: 113
    Latency P95: 145968.94 ms
    Latency P99: 197400.00 ms
    SLA Met: [X] (compliance: 0.0%)

  BATCH:
    Requests: 37
    Latency P95: 128957.43 ms
    Latency P99: 140258.12 ms
    SLA Met: [X] (compliance: 0.0%)

================================================================================
NOTES:
  - Pure storage I/O benchmark (no generation simulation)
================================================================================

Integrated Multi-User KV Cache Benchmark - MLPerf Edition
Model: Llama 3.1 8B
GPU Memory: 0 GB
Users: 200
Duration: 300s
Seed: 133
Generation Mode: none (0.0ms/token)
Features:
  - Phase-Aware Processing: Enabled
  - Multi-turn Conversations: Enabled
  - Prefix Caching: Enabled
  - RAG Workload: Disabled
  - Autoscaling: Disabled
  - QoS Support: Enabled (Interactive/Responsive/Batch)
  - Trace-Driven (BurstGPT): Disabled
  - ShareGPT Dataset: Disabled
  - Max Concurrent Allocations: 16 (bounds RAM usage)
================================================================================

User Context Length Distribution:
  Min: 519 tokens (64.88MiB)
  Max: 24991 tokens (3123.88MiB)
  Mean: 9177 tokens (1147.14MiB)

QoS Distribution:
  interactive: 32 users
  responsive: 81 users
  batch: 87 users

### MEMORY SAFETY CHECK ###
  Formula: peak = (workers x 2 x mean_entry_bytes) + baseline
         = (200 x 2 x 1000MiB) + 2.5GiB
         = 393.1GiB
  Available RAM: 990.3GiB
  Mean entry size: 1000MiB  (8000 tok x 131,072 B/tok)
  Peak per thread: 2000MiB  (np.load + np.array copy)
  Worker threads: 200
  Safe concurrent readers: ~505  = (available - baseline) / peak_per_thread
  Status: OK

Starting benchmark... Mode: standard (prefill+decode)
--------------------------------------------------------------------------------

================================================================================
BENCHMARK RESULTS - MLPerf KV Cache Storage Benchmark
Generation Mode: none (0.0ms/token)
================================================================================

IMPORTANT: All storage latencies below are measured per KV cache BLOCK,
not per token or per disk page.  Each block holds the full KV state for
one request (all layers, all heads, full sequence length).
  Model KV bytes/token: 131,072 bytes (128.0KiB)
  Entries in cache: 615
  Block size min:   17.1MiB
  Block size mean:  580.8MiB
  Block size P95:   1772.8MiB
  Block size max:   2678.6MiB
  A 200MiB block at 1GiB/s NVMe read = ~200 ms device latency.
  Compare latencies against block sizes, not against 4KiB page I/O.


### OVERALL PERFORMANCE ###
Requests Completed: 597
Total Tokens Generated: 89840
Throughput (wall-clock): 296.49 tokens/sec
Throughput (storage I/O): 5.37 tokens/sec
Requests/sec: 1.97

### END-TO-END LATENCY (Queue Wait + Storage I/O + Generation) ###
  Mean: 200860.68 ms
  P50:  198470.21 ms
  P95:  382921.22 ms
  P99:  391078.83 ms

### PER-REQUEST STORAGE LATENCY (All I/O ops for one request) ###
  Mean: 28025.32 ms
  P50:  17683.31 ms
  P95:  93196.09 ms
  P99:  143165.75 ms
  (= 1 prefill write + N decode reads per request)

### STORAGE PERFORMANCE ###
  Cache Hit Rate: 81.6%
  Total Read: 1608.93GiB
  Total Write: 348.82GiB
  Read/Write Ratio: 4.61
  Storage KV Read Operations/sec: 10.66
  Storage KV Write Operations/sec: 2.05

### CACHE TIER DISTRIBUTION ###
  GPU Entries: 0 (0.00GiB)
  CPU Entries: 0 (0.00GiB)
  Storage Entries: 615

### TIER-SPECIFIC KV BYTES ###
  Storage KV Bytes Written: 348.82GiB
  Storage KV Bytes Read: 1608.93GiB

### STORAGE KV BANDWIDTH ###
  Storage KV Read Bandwidth: 5.31GiB/s
  Storage KV Write Bandwidth: 1.15GiB/s

### TIER-SPECIFIC LATENCIES (Total = Host + Device) ###
  Storage Read P95 (Total): 13409.68 ms
  Storage Write P95 (Total): 7344.86 ms

### STORAGE TIER LATENCY BREAKDOWN (Device = Disk I/O, Host = Serialization) ###
  Storage Read:
    - Device P95 (Disk I/O): 11679.61 ms
    - Host P95 (Serialization): 5556.67 ms
    - Total P95: 13409.68 ms
  Storage Write:
    - Device P95 (Disk I/O): 1024.53 ms
    - Host P95 (Serialization): 7139.23 ms
    - Total P95: 7344.86 ms

### CACHE TYPE BREAKDOWNS ###
  System Prompt Hits: 685
  Common Phrase Hits: 0
  User Cache Hits: 2463
  Multi-turn Hits: 50

### PREFIX CACHING ###
  Prefix Hits: 122
  Prefix Misses: 493
  System Prompt Reuse: 122
  Bytes Saved: 0.10GiB

### MULTI-TURN CONVERSATIONS ###
  Multi-turn Cache Hits: 50
  Multi-turn Cache Misses: 601
  Multi-turn Hit Rate: 7.7%

### QOS LATENCY METRICS (Informational - includes simulated generation) ###

  INTERACTIVE:
    Requests: 440
    Latency P95: 384692.90 ms
    Latency P99: 391779.88 ms
    SLA Met: [X] (compliance: 0.0%)

  RESPONSIVE:
    Requests: 101
    Latency P95: 210536.75 ms
    Latency P99: 306877.63 ms
    SLA Met: [X] (compliance: 0.0%)

  BATCH:
    Requests: 56
    Latency P95: 129484.34 ms
    Latency P99: 190170.06 ms
    SLA Met: [X] (compliance: 0.0%)

================================================================================
NOTES:
  - Pure storage I/O benchmark (no generation simulation)
================================================================================

Integrated Multi-User KV Cache Benchmark - MLPerf Edition
Model: Llama 3.1 8B
GPU Memory: 0 GB
Users: 200
Duration: 300s
Seed: 79
Generation Mode: none (0.0ms/token)
Features:
  - Phase-Aware Processing: Enabled
  - Multi-turn Conversations: Enabled
  - Prefix Caching: Enabled
  - RAG Workload: Disabled
  - Autoscaling: Disabled
  - QoS Support: Enabled (Interactive/Responsive/Batch)
  - Trace-Driven (BurstGPT): Disabled
  - ShareGPT Dataset: Disabled
  - Max Concurrent Allocations: 16 (bounds RAM usage)
================================================================================

User Context Length Distribution:
  Min: 551 tokens (68.88MiB)
  Max: 24385 tokens (3048.12MiB)
  Mean: 8938 tokens (1117.31MiB)

QoS Distribution:
  interactive: 22 users
  responsive: 88 users
  batch: 90 users

### MEMORY SAFETY CHECK ###
  Formula: peak = (workers x 2 x mean_entry_bytes) + baseline
         = (200 x 2 x 1000MiB) + 2.5GiB
         = 393.1GiB
  Available RAM: 990.6GiB
  Mean entry size: 1000MiB  (8000 tok x 131,072 B/tok)
  Peak per thread: 2000MiB  (np.load + np.array copy)
  Worker threads: 200
  Safe concurrent readers: ~505  = (available - baseline) / peak_per_thread
  Status: OK

Starting benchmark... Mode: standard (prefill+decode)
--------------------------------------------------------------------------------

================================================================================
BENCHMARK RESULTS - MLPerf KV Cache Storage Benchmark
Generation Mode: none (0.0ms/token)
================================================================================

IMPORTANT: All storage latencies below are measured per KV cache BLOCK,
not per token or per disk page.  Each block holds the full KV state for
one request (all layers, all heads, full sequence length).
  Model KV bytes/token: 131,072 bytes (128.0KiB)
  Entries in cache: 596
  Block size min:   21.0MiB
  Block size mean:  573.8MiB
  Block size P95:   1981.1MiB
  Block size max:   2841.0MiB
  A 200MiB block at 1GiB/s NVMe read = ~200 ms device latency.
  Compare latencies against block sizes, not against 4KiB page I/O.


### OVERALL PERFORMANCE ###
Requests Completed: 584
Total Tokens Generated: 85662
Throughput (wall-clock): 282.49 tokens/sec
Throughput (storage I/O): 5.17 tokens/sec
Requests/sec: 1.93

### END-TO-END LATENCY (Queue Wait + Storage I/O + Generation) ###
  Mean: 197575.84 ms
  P50:  190640.59 ms
  P95:  381085.23 ms
  P99:  397538.38 ms

### PER-REQUEST STORAGE LATENCY (All I/O ops for one request) ###
  Mean: 28349.20 ms
  P50:  18374.48 ms
  P95:  87861.21 ms
  P99:  125697.67 ms
  (= 1 prefill write + N decode reads per request)

### STORAGE PERFORMANCE ###
  Cache Hit Rate: 68.2%
  Total Read: 1516.54GiB
  Total Write: 334.00GiB
  Read/Write Ratio: 4.54
  Storage KV Read Operations/sec: 11.44
  Storage KV Write Operations/sec: 1.99

### CACHE TIER DISTRIBUTION ###
  GPU Entries: 0 (0.00GiB)
  CPU Entries: 0 (0.00GiB)
  Storage Entries: 596

### TIER-SPECIFIC KV BYTES ###
  Storage KV Bytes Written: 334.00GiB
  Storage KV Bytes Read: 1516.54GiB

### STORAGE KV BANDWIDTH ###
  Storage KV Read Bandwidth: 5.00GiB/s
  Storage KV Write Bandwidth: 1.10GiB/s

### TIER-SPECIFIC LATENCIES (Total = Host + Device) ###
  Storage Read P95 (Total): 12746.34 ms
  Storage Write P95 (Total): 8866.81 ms

### STORAGE TIER LATENCY BREAKDOWN (Device = Disk I/O, Host = Serialization) ###
  Storage Read:
    - Device P95 (Disk I/O): 10790.69 ms
    - Host P95 (Serialization): 4400.58 ms
    - Total P95: 12746.34 ms
  Storage Write:
    - Device P95 (Disk I/O): 1040.68 ms
    - Host P95 (Serialization): 8774.40 ms
    - Total P95: 8866.81 ms

### CACHE TYPE BREAKDOWNS ###
  System Prompt Hits: 577
  Common Phrase Hits: 0
  User Cache Hits: 2494
  Multi-turn Hits: 362

### PREFIX CACHING ###
  Prefix Hits: 132
  Prefix Misses: 469
  System Prompt Reuse: 132
  Bytes Saved: 0.11GiB

### MULTI-TURN CONVERSATIONS ###
  Multi-turn Cache Hits: 359
  Multi-turn Cache Misses: 1471
  Multi-turn Hit Rate: 19.6%

### QOS LATENCY METRICS (Informational - includes simulated generation) ###

  INTERACTIVE:
    Requests: 414
    Latency P95: 385022.12 ms
    Latency P99: 401131.04 ms
    SLA Met: [X] (compliance: 0.0%)

  RESPONSIVE:
    Requests: 88
    Latency P95: 186340.38 ms
    Latency P99: 250640.26 ms
    SLA Met: [X] (compliance: 0.0%)

  BATCH:
    Requests: 82
    Latency P95: 226259.46 ms
    Latency P99: 325221.73 ms
    SLA Met: [X] (compliance: 0.0%)

================================================================================
NOTES:
  - Pure storage I/O benchmark (no generation simulation)
================================================================================

Integrated Multi-User KV Cache Benchmark - MLPerf Edition
Model: Llama 3.1 8B
GPU Memory: 0 GB
Users: 200
Duration: 300s
Seed: 193
Generation Mode: none (0.0ms/token)
Features:
  - Phase-Aware Processing: Enabled
  - Multi-turn Conversations: Enabled
  - Prefix Caching: Enabled
  - RAG Workload: Disabled
  - Autoscaling: Disabled
  - QoS Support: Enabled (Interactive/Responsive/Batch)
  - Trace-Driven (BurstGPT): Disabled
  - ShareGPT Dataset: Disabled
  - Max Concurrent Allocations: 16 (bounds RAM usage)
================================================================================

User Context Length Distribution:
  Min: 523 tokens (65.38MiB)
  Max: 24912 tokens (3114.00MiB)
  Mean: 8666 tokens (1083.23MiB)

QoS Distribution:
  interactive: 23 users
  responsive: 65 users
  batch: 112 users

### MEMORY SAFETY CHECK ###
  Formula: peak = (workers x 2 x mean_entry_bytes) + baseline
         = (200 x 2 x 1000MiB) + 2.5GiB
         = 393.1GiB
  Available RAM: 991.1GiB
  Mean entry size: 1000MiB  (8000 tok x 131,072 B/tok)
  Peak per thread: 2000MiB  (np.load + np.array copy)
  Worker threads: 200
  Safe concurrent readers: ~506  = (available - baseline) / peak_per_thread
  Status: OK

Starting benchmark... Mode: standard (prefill+decode)
--------------------------------------------------------------------------------

================================================================================
BENCHMARK RESULTS - MLPerf KV Cache Storage Benchmark
Generation Mode: none (0.0ms/token)
================================================================================

IMPORTANT: All storage latencies below are measured per KV cache BLOCK,
not per token or per disk page.  Each block holds the full KV state for
one request (all layers, all heads, full sequence length).
  Model KV bytes/token: 131,072 bytes (128.0KiB)
  Entries in cache: 572
  Block size min:   19.5MiB
  Block size mean:  585.3MiB
  Block size P95:   1689.0MiB
  Block size max:   2785.6MiB
  A 200MiB block at 1GiB/s NVMe read = ~200 ms device latency.
  Compare latencies against block sizes, not against 4KiB page I/O.


### OVERALL PERFORMANCE ###
Requests Completed: 552
Total Tokens Generated: 96986
Throughput (wall-clock): 321.12 tokens/sec
Throughput (storage I/O): 5.43 tokens/sec
Requests/sec: 1.83

### END-TO-END LATENCY (Queue Wait + Storage I/O + Generation) ###
  Mean: 195554.44 ms
  P50:  183890.67 ms
  P95:  379140.72 ms
  P99:  388286.86 ms

### PER-REQUEST STORAGE LATENCY (All I/O ops for one request) ###
  Mean: 32343.82 ms
  P50:  22247.95 ms
  P95:  106719.74 ms
  P99:  150971.05 ms
  (= 1 prefill write + N decode reads per request)

### STORAGE PERFORMANCE ###
  Cache Hit Rate: 86.7%
  Total Read: 1770.72GiB
  Total Write: 326.97GiB
  Read/Write Ratio: 5.42
  Storage KV Read Operations/sec: 11.65
  Storage KV Write Operations/sec: 1.91

### CACHE TIER DISTRIBUTION ###
  GPU Entries: 0 (0.00GiB)
  CPU Entries: 0 (0.00GiB)
  Storage Entries: 572

### TIER-SPECIFIC KV BYTES ###
  Storage KV Bytes Written: 326.97GiB
  Storage KV Bytes Read: 1770.72GiB

### STORAGE KV BANDWIDTH ###
  Storage KV Read Bandwidth: 5.86GiB/s
  Storage KV Write Bandwidth: 1.08GiB/s

### TIER-SPECIFIC LATENCIES (Total = Host + Device) ###
  Storage Read P95 (Total): 16063.37 ms
  Storage Write P95 (Total): 7248.12 ms

### STORAGE TIER LATENCY BREAKDOWN (Device = Disk I/O, Host = Serialization) ###
  Storage Read:
    - Device P95 (Disk I/O): 13739.41 ms
    - Host P95 (Serialization): 4946.08 ms
    - Total P95: 16063.37 ms
  Storage Write:
    - Device P95 (Disk I/O): 1504.37 ms
    - Host P95 (Serialization): 6819.33 ms
    - Total P95: 7248.12 ms

### CACHE TYPE BREAKDOWNS ###
  System Prompt Hits: 840
  Common Phrase Hits: 0
  User Cache Hits: 2625
  Multi-turn Hits: 29

### PREFIX CACHING ###
  Prefix Hits: 131
  Prefix Misses: 441
  System Prompt Reuse: 131
  Bytes Saved: 0.10GiB

### MULTI-TURN CONVERSATIONS ###
  Multi-turn Cache Hits: 29
  Multi-turn Cache Misses: 406
  Multi-turn Hit Rate: 6.7%

### QOS LATENCY METRICS (Informational - includes simulated generation) ###

  INTERACTIVE:
    Requests: 384
    Latency P95: 381508.42 ms
    Latency P99: 392724.53 ms
    SLA Met: [X] (compliance: 0.0%)

  RESPONSIVE:
    Requests: 98
    Latency P95: 179980.60 ms
    Latency P99: 302741.45 ms
    SLA Met: [X] (compliance: 0.0%)

  BATCH:
    Requests: 70
    Latency P95: 176247.26 ms
    Latency P99: 251781.48 ms
    SLA Met: [X] (compliance: 0.0%)

================================================================================
NOTES:
  - Pure storage I/O benchmark (no generation simulation)
================================================================================

Integrated Multi-User KV Cache Benchmark - MLPerf Edition
Model: Llama 3.1 8B
GPU Memory: 0 GB
Users: 200
Duration: 300s
Seed: 67
Generation Mode: none (0.0ms/token)
Features:
  - Phase-Aware Processing: Enabled
  - Multi-turn Conversations: Enabled
  - Prefix Caching: Enabled
  - RAG Workload: Disabled
  - Autoscaling: Disabled
  - QoS Support: Enabled (Interactive/Responsive/Batch)
  - Trace-Driven (BurstGPT): Disabled
  - ShareGPT Dataset: Disabled
  - Max Concurrent Allocations: 16 (bounds RAM usage)
================================================================================

User Context Length Distribution:
  Min: 518 tokens (64.75MiB)
  Max: 24954 tokens (3119.25MiB)
  Mean: 8903 tokens (1112.82MiB)

QoS Distribution:
  interactive: 30 users
  responsive: 70 users
  batch: 100 users

### MEMORY SAFETY CHECK ###
  Formula: peak = (workers x 2 x mean_entry_bytes) + baseline
         = (200 x 2 x 1000MiB) + 2.5GiB
         = 393.1GiB
  Available RAM: 989.4GiB
  Mean entry size: 1000MiB  (8000 tok x 131,072 B/tok)
  Peak per thread: 2000MiB  (np.load + np.array copy)
  Worker threads: 200
  Safe concurrent readers: ~505  = (available - baseline) / peak_per_thread
  Status: OK

Starting benchmark... Mode: standard (prefill+decode)
--------------------------------------------------------------------------------

================================================================================
BENCHMARK RESULTS - MLPerf KV Cache Storage Benchmark
Generation Mode: none (0.0ms/token)
================================================================================

IMPORTANT: All storage latencies below are measured per KV cache BLOCK,
not per token or per disk page.  Each block holds the full KV state for
one request (all layers, all heads, full sequence length).
  Model KV bytes/token: 131,072 bytes (128.0KiB)
  Entries in cache: 591
  Block size min:   20.9MiB
  Block size mean:  558.8MiB
  Block size P95:   1648.8MiB
  Block size max:   2977.2MiB
  A 200MiB block at 1GiB/s NVMe read = ~200 ms device latency.
  Compare latencies against block sizes, not against 4KiB page I/O.


### OVERALL PERFORMANCE ###
Requests Completed: 571
Total Tokens Generated: 90957
Throughput (wall-clock): 299.21 tokens/sec
Throughput (storage I/O): 5.36 tokens/sec
Requests/sec: 1.88

### END-TO-END LATENCY (Queue Wait + Storage I/O + Generation) ###
  Mean: 192383.47 ms
  P50:  182760.46 ms
  P95:  377772.69 ms
  P99:  388099.38 ms

### PER-REQUEST STORAGE LATENCY (All I/O ops for one request) ###
  Mean: 29734.85 ms
  P50:  18786.37 ms
  P95:  93186.70 ms
  P99:  138718.09 ms
  (= 1 prefill write + N decode reads per request)

### STORAGE PERFORMANCE ###
  Cache Hit Rate: 68.1%
  Total Read: 1725.26GiB
  Total Write: 322.49GiB
  Read/Write Ratio: 5.35
  Storage KV Read Operations/sec: 11.62
  Storage KV Write Operations/sec: 1.97

### CACHE TIER DISTRIBUTION ###
  GPU Entries: 0 (0.00GiB)
  CPU Entries: 0 (0.00GiB)
  Storage Entries: 591

### TIER-SPECIFIC KV BYTES ###
  Storage KV Bytes Written: 322.49GiB
  Storage KV Bytes Read: 1725.26GiB

### STORAGE KV BANDWIDTH ###
  Storage KV Read Bandwidth: 5.68GiB/s
  Storage KV Write Bandwidth: 1.06GiB/s

### TIER-SPECIFIC LATENCIES (Total = Host + Device) ###
  Storage Read P95 (Total): 14163.36 ms
  Storage Write P95 (Total): 7528.46 ms

### STORAGE TIER LATENCY BREAKDOWN (Device = Disk I/O, Host = Serialization) ###
  Storage Read:
    - Device P95 (Disk I/O): 12983.13 ms
    - Host P95 (Serialization): 4609.95 ms
    - Total P95: 14163.36 ms
  Storage Write:
    - Device P95 (Disk I/O): 1111.91 ms
    - Host P95 (Serialization): 7150.28 ms
    - Total P95: 7528.46 ms

### CACHE TYPE BREAKDOWNS ###
  System Prompt Hits: 666
  Common Phrase Hits: 0
  User Cache Hits: 2501
  Multi-turn Hits: 318

### PREFIX CACHING ###
  Prefix Hits: 121
  Prefix Misses: 473
  System Prompt Reuse: 121
  Bytes Saved: 0.10GiB

### MULTI-TURN CONVERSATIONS ###
  Multi-turn Cache Hits: 317
  Multi-turn Cache Misses: 1510
  Multi-turn Hit Rate: 17.4%

### QOS LATENCY METRICS (Informational - includes simulated generation) ###

  INTERACTIVE:
    Requests: 405
    Latency P95: 380644.68 ms
    Latency P99: 390498.80 ms
    SLA Met: [X] (compliance: 0.0%)

  RESPONSIVE:
    Requests: 61
    Latency P95: 147065.57 ms
    Latency P99: 206924.59 ms
    SLA Met: [X] (compliance: 0.0%)

  BATCH:
    Requests: 105
    Latency P95: 172071.04 ms
    Latency P99: 267188.83 ms
    SLA Met: [X] (compliance: 0.0%)

================================================================================
NOTES:
  - Pure storage I/O benchmark (no generation simulation)
================================================================================

Integrated Multi-User KV Cache Benchmark - MLPerf Edition
Model: Llama 3.1 8B
GPU Memory: 0 GB
Users: 200
Duration: 300s
Seed: 78
Generation Mode: none (0.0ms/token)
Features:
  - Phase-Aware Processing: Enabled
  - Multi-turn Conversations: Enabled
  - Prefix Caching: Enabled
  - RAG Workload: Disabled
  - Autoscaling: Disabled
  - QoS Support: Enabled (Interactive/Responsive/Batch)
  - Trace-Driven (BurstGPT): Disabled
  - ShareGPT Dataset: Disabled
  - Max Concurrent Allocations: 16 (bounds RAM usage)
================================================================================

User Context Length Distribution:
  Min: 604 tokens (75.50MiB)
  Max: 24927 tokens (3115.88MiB)
  Mean: 8828 tokens (1103.55MiB)

QoS Distribution:
  interactive: 26 users
  responsive: 68 users
  batch: 106 users

### MEMORY SAFETY CHECK ###
  Formula: peak = (workers x 2 x mean_entry_bytes) + baseline
         = (200 x 2 x 1000MiB) + 2.5GiB
         = 393.1GiB
  Available RAM: 989.7GiB
  Mean entry size: 1000MiB  (8000 tok x 131,072 B/tok)
  Peak per thread: 2000MiB  (np.load + np.array copy)
  Worker threads: 200
  Safe concurrent readers: ~505  = (available - baseline) / peak_per_thread
  Status: OK

Starting benchmark... Mode: standard (prefill+decode)
--------------------------------------------------------------------------------

================================================================================
BENCHMARK RESULTS - MLPerf KV Cache Storage Benchmark
Generation Mode: none (0.0ms/token)
================================================================================

IMPORTANT: All storage latencies below are measured per KV cache BLOCK,
not per token or per disk page.  Each block holds the full KV state for
one request (all layers, all heads, full sequence length).
  Model KV bytes/token: 131,072 bytes (128.0KiB)
  Entries in cache: 609
  Block size min:   32.4MiB
  Block size mean:  568.3MiB
  Block size P95:   1490.7MiB
  Block size max:   2346.4MiB
  A 200MiB block at 1GiB/s NVMe read = ~200 ms device latency.
  Compare latencies against block sizes, not against 4KiB page I/O.


### OVERALL PERFORMANCE ###
Requests Completed: 595
Total Tokens Generated: 118216
Throughput (wall-clock): 393.39 tokens/sec
Throughput (storage I/O): 5.77 tokens/sec
Requests/sec: 1.98

### END-TO-END LATENCY (Queue Wait + Storage I/O + Generation) ###
  Mean: 199749.56 ms
  P50:  197669.12 ms
  P95:  386163.52 ms
  P99:  399361.78 ms

### PER-REQUEST STORAGE LATENCY (All I/O ops for one request) ###
  Mean: 34450.19 ms
  P50:  21889.98 ms
  P95:  99957.25 ms
  P99:  149911.17 ms
  (= 1 prefill write + N decode reads per request)

### STORAGE PERFORMANCE ###
  Cache Hit Rate: 76.8%
  Total Read: 2455.62GiB
  Total Write: 337.97GiB
  Read/Write Ratio: 7.27
  Storage KV Read Operations/sec: 14.31
  Storage KV Write Operations/sec: 2.03

### CACHE TIER DISTRIBUTION ###
  GPU Entries: 0 (0.00GiB)
  CPU Entries: 0 (0.00GiB)
  Storage Entries: 609

### TIER-SPECIFIC KV BYTES ###
  Storage KV Bytes Written: 337.97GiB
  Storage KV Bytes Read: 2455.62GiB

### STORAGE KV BANDWIDTH ###
  Storage KV Read Bandwidth: 8.17GiB/s
  Storage KV Write Bandwidth: 1.12GiB/s

### TIER-SPECIFIC LATENCIES (Total = Host + Device) ###
  Storage Read P95 (Total): 11985.05 ms
  Storage Write P95 (Total): 5817.09 ms

### STORAGE TIER LATENCY BREAKDOWN (Device = Disk I/O, Host = Serialization) ###
  Storage Read:
    - Device P95 (Disk I/O): 10066.91 ms
    - Host P95 (Serialization): 4362.16 ms
    - Total P95: 11985.05 ms
  Storage Write:
    - Device P95 (Disk I/O): 1642.56 ms
    - Host P95 (Serialization): 5688.04 ms
    - Total P95: 5817.09 ms

### CACHE TYPE BREAKDOWNS ###
  System Prompt Hits: 646
  Common Phrase Hits: 0
  User Cache Hits: 3397
  Multi-turn Hits: 250

### PREFIX CACHING ###
  Prefix Hits: 105
  Prefix Misses: 513
  System Prompt Reuse: 105
  Bytes Saved: 0.08GiB

### MULTI-TURN CONVERSATIONS ###
  Multi-turn Cache Hits: 247
  Multi-turn Cache Misses: 1193
  Multi-turn Hit Rate: 17.2%

### QOS LATENCY METRICS (Informational - includes simulated generation) ###

  INTERACTIVE:
    Requests: 439
    Latency P95: 388733.84 ms
    Latency P99: 400005.32 ms
    SLA Met: [X] (compliance: 0.0%)

  RESPONSIVE:
    Requests: 92
    Latency P95: 233743.38 ms
    Latency P99: 381094.81 ms
    SLA Met: [X] (compliance: 0.0%)

  BATCH:
    Requests: 64
    Latency P95: 162979.54 ms
    Latency P99: 168495.27 ms
    SLA Met: [X] (compliance: 0.0%)

================================================================================
NOTES:
  - Pure storage I/O benchmark (no generation simulation)
================================================================================

Integrated Multi-User KV Cache Benchmark - MLPerf Edition
Model: Llama 3.1 8B
GPU Memory: 0 GB
Users: 200
Duration: 300s
Seed: 212
Generation Mode: none (0.0ms/token)
Features:
  - Phase-Aware Processing: Enabled
  - Multi-turn Conversations: Enabled
  - Prefix Caching: Enabled
  - RAG Workload: Disabled
  - Autoscaling: Disabled
  - QoS Support: Enabled (Interactive/Responsive/Batch)
  - Trace-Driven (BurstGPT): Disabled
  - ShareGPT Dataset: Disabled
  - Max Concurrent Allocations: 16 (bounds RAM usage)
================================================================================

User Context Length Distribution:
  Min: 607 tokens (75.88MiB)
  Max: 24388 tokens (3048.50MiB)
  Mean: 8251 tokens (1031.41MiB)

QoS Distribution:
  interactive: 29 users
  responsive: 70 users
  batch: 101 users

### MEMORY SAFETY CHECK ###
  Formula: peak = (workers x 2 x mean_entry_bytes) + baseline
         = (200 x 2 x 1000MiB) + 2.5GiB
         = 393.1GiB
  Available RAM: 991.0GiB
  Mean entry size: 1000MiB  (8000 tok x 131,072 B/tok)
  Peak per thread: 2000MiB  (np.load + np.array copy)
  Worker threads: 200
  Safe concurrent readers: ~506  = (available - baseline) / peak_per_thread
  Status: OK

Starting benchmark... Mode: standard (prefill+decode)
--------------------------------------------------------------------------------

================================================================================
BENCHMARK RESULTS - MLPerf KV Cache Storage Benchmark
Generation Mode: none (0.0ms/token)
================================================================================

IMPORTANT: All storage latencies below are measured per KV cache BLOCK,
not per token or per disk page.  Each block holds the full KV state for
one request (all layers, all heads, full sequence length).
  Model KV bytes/token: 131,072 bytes (128.0KiB)
  Entries in cache: 609
  Block size min:   26.4MiB
  Block size mean:  596.9MiB
  Block size P95:   1817.4MiB
  Block size max:   2888.2MiB
  A 200MiB block at 1GiB/s NVMe read = ~200 ms device latency.
  Compare latencies against block sizes, not against 4KiB page I/O.


### OVERALL PERFORMANCE ###
Requests Completed: 595
Total Tokens Generated: 87516
Throughput (wall-clock): 290.71 tokens/sec
Throughput (storage I/O): 4.87 tokens/sec
Requests/sec: 1.98

### END-TO-END LATENCY (Queue Wait + Storage I/O + Generation) ###
  Mean: 197761.03 ms
  P50:  195760.53 ms
  P95:  394234.27 ms
  P99:  403843.66 ms

### PER-REQUEST STORAGE LATENCY (All I/O ops for one request) ###
  Mean: 30185.14 ms
  P50:  16728.07 ms
  P95:  104578.80 ms
  P99:  147290.86 ms
  (= 1 prefill write + N decode reads per request)

### STORAGE PERFORMANCE ###
  Cache Hit Rate: 83.7%
  Total Read: 1595.46GiB
  Total Write: 354.98GiB
  Read/Write Ratio: 4.49
  Storage KV Read Operations/sec: 10.46
  Storage KV Write Operations/sec: 2.03

### CACHE TIER DISTRIBUTION ###
  GPU Entries: 0 (0.00GiB)
  CPU Entries: 0 (0.00GiB)
  Storage Entries: 609

### TIER-SPECIFIC KV BYTES ###
  Storage KV Bytes Written: 354.98GiB
  Storage KV Bytes Read: 1595.46GiB

### STORAGE KV BANDWIDTH ###
  Storage KV Read Bandwidth: 5.30GiB/s
  Storage KV Write Bandwidth: 1.18GiB/s

### TIER-SPECIFIC LATENCIES (Total = Host + Device) ###
  Storage Read P95 (Total): 15725.09 ms
  Storage Write P95 (Total): 7890.26 ms

### STORAGE TIER LATENCY BREAKDOWN (Device = Disk I/O, Host = Serialization) ###
  Storage Read:
    - Device P95 (Disk I/O): 14522.33 ms
    - Host P95 (Serialization): 4878.44 ms
    - Total P95: 15725.09 ms
  Storage Write:
    - Device P95 (Disk I/O): 1257.76 ms
    - Host P95 (Serialization): 7644.28 ms
    - Total P95: 7890.26 ms

### CACHE TYPE BREAKDOWNS ###
  System Prompt Hits: 711
  Common Phrase Hits: 0
  User Cache Hits: 2395
  Multi-turn Hits: 31

### PREFIX CACHING ###
  Prefix Hits: 131
  Prefix Misses: 478
  System Prompt Reuse: 131
  Bytes Saved: 0.11GiB

### MULTI-TURN CONVERSATIONS ###
  Multi-turn Cache Hits: 31
  Multi-turn Cache Misses: 482
  Multi-turn Hit Rate: 6.0%

### QOS LATENCY METRICS (Informational - includes simulated generation) ###

  INTERACTIVE:
    Requests: 435
    Latency P95: 396057.32 ms
    Latency P99: 405828.72 ms
    SLA Met: [X] (compliance: 0.0%)

  RESPONSIVE:
    Requests: 74
    Latency P95: 138842.56 ms
    Latency P99: 159990.69 ms
    SLA Met: [X] (compliance: 0.0%)

  BATCH:
    Requests: 86
    Latency P95: 216420.20 ms
    Latency P99: 260172.53 ms
    SLA Met: [X] (compliance: 0.0%)

================================================================================
NOTES:
  - Pure storage I/O benchmark (no generation simulation)
================================================================================

Integrated Multi-User KV Cache Benchmark - MLPerf Edition
Model: Llama 3.1 8B
GPU Memory: 0 GB
Users: 200
Duration: 300s
Seed: 159
Generation Mode: none (0.0ms/token)
Features:
  - Phase-Aware Processing: Enabled
  - Multi-turn Conversations: Enabled
  - Prefix Caching: Enabled
  - RAG Workload: Disabled
  - Autoscaling: Disabled
  - QoS Support: Enabled (Interactive/Responsive/Batch)
  - Trace-Driven (BurstGPT): Disabled
  - ShareGPT Dataset: Disabled
  - Max Concurrent Allocations: 16 (bounds RAM usage)
================================================================================

User Context Length Distribution:
  Min: 521 tokens (65.12MiB)
  Max: 24487 tokens (3060.88MiB)
  Mean: 8466 tokens (1058.28MiB)

QoS Distribution:
  interactive: 25 users
  responsive: 69 users
  batch: 106 users

### MEMORY SAFETY CHECK ###
  Formula: peak = (workers x 2 x mean_entry_bytes) + baseline
         = (200 x 2 x 1000MiB) + 2.5GiB
         = 393.1GiB
  Available RAM: 991.1GiB
  Mean entry size: 1000MiB  (8000 tok x 131,072 B/tok)
  Peak per thread: 2000MiB  (np.load + np.array copy)
  Worker threads: 200
  Safe concurrent readers: ~506  = (available - baseline) / peak_per_thread
  Status: OK

Starting benchmark... Mode: standard (prefill+decode)
--------------------------------------------------------------------------------

================================================================================
BENCHMARK RESULTS - MLPerf KV Cache Storage Benchmark
Generation Mode: none (0.0ms/token)
================================================================================

IMPORTANT: All storage latencies below are measured per KV cache BLOCK,
not per token or per disk page.  Each block holds the full KV state for
one request (all layers, all heads, full sequence length).
  Model KV bytes/token: 131,072 bytes (128.0KiB)
  Entries in cache: 599
  Block size min:   23.8MiB
  Block size mean:  559.0MiB
  Block size P95:   1651.2MiB
  Block size max:   2996.6MiB
  A 200MiB block at 1GiB/s NVMe read = ~200 ms device latency.
  Compare latencies against block sizes, not against 4KiB page I/O.


### OVERALL PERFORMANCE ###
Requests Completed: 584
Total Tokens Generated: 97173
Throughput (wall-clock): 320.18 tokens/sec
Throughput (storage I/O): 5.20 tokens/sec
Requests/sec: 1.92

### END-TO-END LATENCY (Queue Wait + Storage I/O + Generation) ###
  Mean: 198873.01 ms
  P50:  190779.76 ms
  P95:  390416.55 ms
  P99:  403698.49 ms

### PER-REQUEST STORAGE LATENCY (All I/O ops for one request) ###
  Mean: 32013.57 ms
  P50:  22244.43 ms
  P95:  97640.03 ms
  P99:  157509.18 ms
  (= 1 prefill write + N decode reads per request)

### STORAGE PERFORMANCE ###
  Cache Hit Rate: 75.9%
  Total Read: 1840.69GiB
  Total Write: 326.98GiB
  Read/Write Ratio: 5.63
  Storage KV Read Operations/sec: 12.11
  Storage KV Write Operations/sec: 2.00

### CACHE TIER DISTRIBUTION ###
  GPU Entries: 0 (0.00GiB)
  CPU Entries: 0 (0.00GiB)
  Storage Entries: 599

### TIER-SPECIFIC KV BYTES ###
  Storage KV Bytes Written: 326.98GiB
  Storage KV Bytes Read: 1840.69GiB

### STORAGE KV BANDWIDTH ###
  Storage KV Read Bandwidth: 6.07GiB/s
  Storage KV Write Bandwidth: 1.08GiB/s

### TIER-SPECIFIC LATENCIES (Total = Host + Device) ###
  Storage Read P95 (Total): 14672.58 ms
  Storage Write P95 (Total): 6981.13 ms

### STORAGE TIER LATENCY BREAKDOWN (Device = Disk I/O, Host = Serialization) ###
  Storage Read:
    - Device P95 (Disk I/O): 12363.03 ms
    - Host P95 (Serialization): 4954.88 ms
    - Total P95: 14672.58 ms
  Storage Write:
    - Device P95 (Disk I/O): 1221.52 ms
    - Host P95 (Serialization): 6723.38 ms
    - Total P95: 6981.13 ms

### CACHE TYPE BREAKDOWNS ###
  System Prompt Hits: 686
  Common Phrase Hits: 0
  User Cache Hits: 2766
  Multi-turn Hits: 182

### PREFIX CACHING ###
  Prefix Hits: 122
  Prefix Misses: 477
  System Prompt Reuse: 122
  Bytes Saved: 0.10GiB

### MULTI-TURN CONVERSATIONS ###
  Multi-turn Cache Hits: 182
  Multi-turn Cache Misses: 1035
  Multi-turn Hit Rate: 15.0%

### QOS LATENCY METRICS (Informational - includes simulated generation) ###

  INTERACTIVE:
    Requests: 413
    Latency P95: 393123.12 ms
    Latency P99: 405193.23 ms
    SLA Met: [X] (compliance: 0.0%)

  RESPONSIVE:
    Requests: 93
    Latency P95: 192644.19 ms
    Latency P99: 306613.32 ms
    SLA Met: [X] (compliance: 0.0%)

  BATCH:
    Requests: 78
    Latency P95: 217847.96 ms
    Latency P99: 263128.54 ms
    SLA Met: [X] (compliance: 0.0%)

================================================================================
NOTES:
  - Pure storage I/O benchmark (no generation simulation)
================================================================================

Integrated Multi-User KV Cache Benchmark - MLPerf Edition
Model: Llama 3.1 8B
GPU Memory: 0 GB
Users: 200
Duration: 300s
Seed: 129
Generation Mode: none (0.0ms/token)
Features:
  - Phase-Aware Processing: Enabled
  - Multi-turn Conversations: Enabled
  - Prefix Caching: Enabled
  - RAG Workload: Disabled
  - Autoscaling: Disabled
  - QoS Support: Enabled (Interactive/Responsive/Batch)
  - Trace-Driven (BurstGPT): Disabled
  - ShareGPT Dataset: Disabled
  - Max Concurrent Allocations: 16 (bounds RAM usage)
================================================================================

User Context Length Distribution:
  Min: 646 tokens (80.75MiB)
  Max: 24407 tokens (3050.88MiB)
  Mean: 9406 tokens (1175.79MiB)

QoS Distribution:
  interactive: 25 users
  responsive: 91 users
  batch: 84 users

### MEMORY SAFETY CHECK ###
  Formula: peak = (workers x 2 x mean_entry_bytes) + baseline
         = (200 x 2 x 1000MiB) + 2.5GiB
         = 393.1GiB
  Available RAM: 990.4GiB
  Mean entry size: 1000MiB  (8000 tok x 131,072 B/tok)
  Peak per thread: 2000MiB  (np.load + np.array copy)
  Worker threads: 200
  Safe concurrent readers: ~505  = (available - baseline) / peak_per_thread
  Status: OK

Starting benchmark... Mode: standard (prefill+decode)
--------------------------------------------------------------------------------

================================================================================
BENCHMARK RESULTS - MLPerf KV Cache Storage Benchmark
Generation Mode: none (0.0ms/token)
================================================================================

IMPORTANT: All storage latencies below are measured per KV cache BLOCK,
not per token or per disk page.  Each block holds the full KV state for
one request (all layers, all heads, full sequence length).
  Model KV bytes/token: 131,072 bytes (128.0KiB)
  Entries in cache: 582
  Block size min:   21.2MiB
  Block size mean:  665.7MiB
  Block size P95:   1896.1MiB
  Block size max:   2826.2MiB
  A 200MiB block at 1GiB/s NVMe read = ~200 ms device latency.
  Compare latencies against block sizes, not against 4KiB page I/O.


### OVERALL PERFORMANCE ###
Requests Completed: 565
Total Tokens Generated: 106559
Throughput (wall-clock): 354.22 tokens/sec
Throughput (storage I/O): 5.53 tokens/sec
Requests/sec: 1.88

### END-TO-END LATENCY (Queue Wait + Storage I/O + Generation) ###
  Mean: 198224.80 ms
  P50:  182950.82 ms
  P95:  392317.26 ms
  P99:  404920.23 ms

### PER-REQUEST STORAGE LATENCY (All I/O ops for one request) ###
  Mean: 34083.85 ms
  P50:  22368.88 ms
  P95:  102143.33 ms
  P99:  155274.93 ms
  (= 1 prefill write + N decode reads per request)

### STORAGE PERFORMANCE ###
  Cache Hit Rate: 85.0%
  Total Read: 2024.02GiB
  Total Write: 378.35GiB
  Read/Write Ratio: 5.35
  Storage KV Read Operations/sec: 11.95
  Storage KV Write Operations/sec: 1.94

### CACHE TIER DISTRIBUTION ###
  GPU Entries: 0 (0.00GiB)
  CPU Entries: 0 (0.00GiB)
  Storage Entries: 582

### TIER-SPECIFIC KV BYTES ###
  Storage KV Bytes Written: 378.35GiB
  Storage KV Bytes Read: 2024.02GiB

### STORAGE KV BANDWIDTH ###
  Storage KV Read Bandwidth: 6.73GiB/s
  Storage KV Write Bandwidth: 1.26GiB/s

### TIER-SPECIFIC LATENCIES (Total = Host + Device) ###
  Storage Read P95 (Total): 13496.47 ms
  Storage Write P95 (Total): 8586.03 ms

### STORAGE TIER LATENCY BREAKDOWN (Device = Disk I/O, Host = Serialization) ###
  Storage Read:
    - Device P95 (Disk I/O): 11302.66 ms
    - Host P95 (Serialization): 5280.86 ms
    - Total P95: 13496.47 ms
  Storage Write:
    - Device P95 (Disk I/O): 1322.72 ms
    - Host P95 (Serialization): 8172.14 ms
    - Total P95: 8586.03 ms

### CACHE TYPE BREAKDOWNS ###
  System Prompt Hits: 682
  Common Phrase Hits: 0
  User Cache Hits: 2873
  Multi-turn Hits: 29

### PREFIX CACHING ###
  Prefix Hits: 111
  Prefix Misses: 471
  System Prompt Reuse: 111
  Bytes Saved: 0.09GiB

### MULTI-TURN CONVERSATIONS ###
  Multi-turn Cache Hits: 29
  Multi-turn Cache Misses: 520
  Multi-turn Hit Rate: 5.3%

### QOS LATENCY METRICS (Informational - includes simulated generation) ###

  INTERACTIVE:
    Requests: 391
    Latency P95: 394601.73 ms
    Latency P99: 406179.68 ms
    SLA Met: [X] (compliance: 0.0%)

  RESPONSIVE:
    Requests: 102
    Latency P95: 156758.84 ms
    Latency P99: 239007.37 ms
    SLA Met: [X] (compliance: 0.0%)

  BATCH:
    Requests: 72
    Latency P95: 195481.43 ms
    Latency P99: 247416.85 ms
    SLA Met: [X] (compliance: 0.0%)

================================================================================
NOTES:
  - Pure storage I/O benchmark (no generation simulation)
================================================================================

Integrated Multi-User KV Cache Benchmark - MLPerf Edition
Model: Llama 3.1 8B
GPU Memory: 0 GB
Users: 200
Duration: 300s
Seed: 128
Generation Mode: none (0.0ms/token)
Features:
  - Phase-Aware Processing: Enabled
  - Multi-turn Conversations: Enabled
  - Prefix Caching: Enabled
  - RAG Workload: Disabled
  - Autoscaling: Disabled
  - QoS Support: Enabled (Interactive/Responsive/Batch)
  - Trace-Driven (BurstGPT): Disabled
  - ShareGPT Dataset: Disabled
  - Max Concurrent Allocations: 16 (bounds RAM usage)
================================================================================

User Context Length Distribution:
  Min: 548 tokens (68.50MiB)
  Max: 24405 tokens (3050.62MiB)
  Mean: 8560 tokens (1069.97MiB)

QoS Distribution:
  interactive: 26 users
  responsive: 82 users
  batch: 92 users

### MEMORY SAFETY CHECK ###
  Formula: peak = (workers x 2 x mean_entry_bytes) + baseline
         = (200 x 2 x 1000MiB) + 2.5GiB
         = 393.1GiB
  Available RAM: 990.5GiB
  Mean entry size: 1000MiB  (8000 tok x 131,072 B/tok)
  Peak per thread: 2000MiB  (np.load + np.array copy)
  Worker threads: 200
  Safe concurrent readers: ~505  = (available - baseline) / peak_per_thread
  Status: OK

Starting benchmark... Mode: standard (prefill+decode)
--------------------------------------------------------------------------------

================================================================================
BENCHMARK RESULTS - MLPerf KV Cache Storage Benchmark
Generation Mode: none (0.0ms/token)
================================================================================

IMPORTANT: All storage latencies below are measured per KV cache BLOCK,
not per token or per disk page.  Each block holds the full KV state for
one request (all layers, all heads, full sequence length).
  Model KV bytes/token: 131,072 bytes (128.0KiB)
  Entries in cache: 653
  Block size min:   23.5MiB
  Block size mean:  494.8MiB
  Block size P95:   1611.3MiB
  Block size max:   2759.4MiB
  A 200MiB block at 1GiB/s NVMe read = ~200 ms device latency.
  Compare latencies against block sizes, not against 4KiB page I/O.


### OVERALL PERFORMANCE ###
Requests Completed: 646
Total Tokens Generated: 88563
Throughput (wall-clock): 292.85 tokens/sec
Throughput (storage I/O): 5.03 tokens/sec
Requests/sec: 2.14

### END-TO-END LATENCY (Queue Wait + Storage I/O + Generation) ###
  Mean: 196304.58 ms
  P50:  185112.14 ms
  P95:  394038.89 ms
  P99:  408255.73 ms

### PER-REQUEST STORAGE LATENCY (All I/O ops for one request) ###
  Mean: 27275.27 ms
  P50:  19160.13 ms
  P95:  79194.31 ms
  P99:  132993.69 ms
  (= 1 prefill write + N decode reads per request)

### STORAGE PERFORMANCE ###
  Cache Hit Rate: 66.2%
  Total Read: 1587.81GiB
  Total Write: 315.55GiB
  Read/Write Ratio: 5.03
  Storage KV Read Operations/sec: 12.36
  Storage KV Write Operations/sec: 2.18

### CACHE TIER DISTRIBUTION ###
  GPU Entries: 0 (0.00GiB)
  CPU Entries: 0 (0.00GiB)
  Storage Entries: 653

### TIER-SPECIFIC KV BYTES ###
  Storage KV Bytes Written: 315.55GiB
  Storage KV Bytes Read: 1587.81GiB

### STORAGE KV BANDWIDTH ###
  Storage KV Read Bandwidth: 5.25GiB/s
  Storage KV Write Bandwidth: 1.04GiB/s

### TIER-SPECIFIC LATENCIES (Total = Host + Device) ###
  Storage Read P95 (Total): 12921.52 ms
  Storage Write P95 (Total): 7709.81 ms

### STORAGE TIER LATENCY BREAKDOWN (Device = Disk I/O, Host = Serialization) ###
  Storage Read:
    - Device P95 (Disk I/O): 11453.00 ms
    - Host P95 (Serialization): 4633.11 ms
    - Total P95: 12921.52 ms
  Storage Write:
    - Device P95 (Disk I/O): 896.55 ms
    - Host P95 (Serialization): 7666.94 ms
    - Total P95: 7709.81 ms

### CACHE TYPE BREAKDOWNS ###
  System Prompt Hits: 637
  Common Phrase Hits: 0
  User Cache Hits: 2556
  Multi-turn Hits: 516

### PREFIX CACHING ###
  Prefix Hits: 134
  Prefix Misses: 524
  System Prompt Reuse: 134
  Bytes Saved: 0.10GiB

### MULTI-TURN CONVERSATIONS ###
  Multi-turn Cache Hits: 512
  Multi-turn Cache Misses: 1760
  Multi-turn Hit Rate: 22.5%

### QOS LATENCY METRICS (Informational - includes simulated generation) ###

  INTERACTIVE:
    Requests: 487
    Latency P95: 396879.93 ms
    Latency P99: 409505.03 ms
    SLA Met: [X] (compliance: 0.0%)

  RESPONSIVE:
    Requests: 95
    Latency P95: 163503.06 ms
    Latency P99: 197961.13 ms
    SLA Met: [X] (compliance: 0.0%)

  BATCH:
    Requests: 64
    Latency P95: 97927.61 ms
    Latency P99: 145490.75 ms
    SLA Met: [X] (compliance: 0.0%)

================================================================================
NOTES:
  - Pure storage I/O benchmark (no generation simulation)
================================================================================

Integrated Multi-User KV Cache Benchmark - MLPerf Edition
Model: Llama 3.1 8B
GPU Memory: 0 GB
Users: 200
Duration: 300s
Seed: 139
Generation Mode: none (0.0ms/token)
Features:
  - Phase-Aware Processing: Enabled
  - Multi-turn Conversations: Enabled
  - Prefix Caching: Enabled
  - RAG Workload: Disabled
  - Autoscaling: Disabled
  - QoS Support: Enabled (Interactive/Responsive/Batch)
  - Trace-Driven (BurstGPT): Disabled
  - ShareGPT Dataset: Disabled
  - Max Concurrent Allocations: 16 (bounds RAM usage)
================================================================================

User Context Length Distribution:
  Min: 522 tokens (65.25MiB)
  Max: 24992 tokens (3124.00MiB)
  Mean: 8803 tokens (1100.43MiB)

QoS Distribution:
  interactive: 37 users
  responsive: 55 users
  batch: 108 users

### MEMORY SAFETY CHECK ###
  Formula: peak = (workers x 2 x mean_entry_bytes) + baseline
         = (200 x 2 x 1000MiB) + 2.5GiB
         = 393.1GiB
  Available RAM: 991.5GiB
  Mean entry size: 1000MiB  (8000 tok x 131,072 B/tok)
  Peak per thread: 2000MiB  (np.load + np.array copy)
  Worker threads: 200
  Safe concurrent readers: ~506  = (available - baseline) / peak_per_thread
  Status: OK

Starting benchmark... Mode: standard (prefill+decode)
--------------------------------------------------------------------------------

================================================================================
BENCHMARK RESULTS - MLPerf KV Cache Storage Benchmark
Generation Mode: none (0.0ms/token)
================================================================================

IMPORTANT: All storage latencies below are measured per KV cache BLOCK,
not per token or per disk page.  Each block holds the full KV state for
one request (all layers, all heads, full sequence length).
  Model KV bytes/token: 131,072 bytes (128.0KiB)
  Entries in cache: 631
  Block size min:   23.0MiB
  Block size mean:  571.2MiB
  Block size P95:   1907.5MiB
  Block size max:   3068.8MiB
  A 200MiB block at 1GiB/s NVMe read = ~200 ms device latency.
  Compare latencies against block sizes, not against 4KiB page I/O.


### OVERALL PERFORMANCE ###
Requests Completed: 615
Total Tokens Generated: 92491
Throughput (wall-clock): 307.72 tokens/sec
Throughput (storage I/O): 5.42 tokens/sec
Requests/sec: 2.05

### END-TO-END LATENCY (Queue Wait + Storage I/O + Generation) ###
  Mean: 199153.75 ms
  P50:  182034.15 ms
  P95:  397081.14 ms
  P99:  405953.69 ms

### PER-REQUEST STORAGE LATENCY (All I/O ops for one request) ###
  Mean: 27762.66 ms
  P50:  18610.05 ms
  P95:  85442.56 ms
  P99:  147050.51 ms
  (= 1 prefill write + N decode reads per request)

### STORAGE PERFORMANCE ###
  Cache Hit Rate: 66.3%
  Total Read: 1672.21GiB
  Total Write: 352.01GiB
  Read/Write Ratio: 4.75
  Storage KV Read Operations/sec: 11.76
  Storage KV Write Operations/sec: 2.10

### CACHE TIER DISTRIBUTION ###
  GPU Entries: 0 (0.00GiB)
  CPU Entries: 0 (0.00GiB)
  Storage Entries: 631

### TIER-SPECIFIC KV BYTES ###
  Storage KV Bytes Written: 352.01GiB
  Storage KV Bytes Read: 1672.21GiB

### STORAGE KV BANDWIDTH ###
  Storage KV Read Bandwidth: 5.56GiB/s
  Storage KV Write Bandwidth: 1.17GiB/s

### TIER-SPECIFIC LATENCIES (Total = Host + Device) ###
  Storage Read P95 (Total): 13847.41 ms
  Storage Write P95 (Total): 7316.55 ms

### STORAGE TIER LATENCY BREAKDOWN (Device = Disk I/O, Host = Serialization) ###
  Storage Read:
    - Device P95 (Disk I/O): 11307.35 ms
    - Host P95 (Serialization): 5878.79 ms
    - Total P95: 13847.41 ms
  Storage Write:
    - Device P95 (Disk I/O): 1058.35 ms
    - Host P95 (Serialization): 7134.61 ms
    - Total P95: 7316.55 ms

### CACHE TYPE BREAKDOWNS ###
  System Prompt Hits: 668
  Common Phrase Hits: 0
  User Cache Hits: 2540
  Multi-turn Hits: 320

### PREFIX CACHING ###
  Prefix Hits: 125
  Prefix Misses: 509
  System Prompt Reuse: 125
  Bytes Saved: 0.11GiB

### MULTI-TURN CONVERSATIONS ###
  Multi-turn Cache Hits: 318
  Multi-turn Cache Misses: 1668
  Multi-turn Hit Rate: 16.0%

### QOS LATENCY METRICS (Informational - includes simulated generation) ###

  INTERACTIVE:
    Requests: 482
    Latency P95: 398757.80 ms
    Latency P99: 412295.56 ms
    SLA Met: [X] (compliance: 0.0%)

  RESPONSIVE:
    Requests: 65
    Latency P95: 170973.83 ms
    Latency P99: 226943.74 ms
    SLA Met: [X] (compliance: 0.0%)

  BATCH:
    Requests: 68
    Latency P95: 142832.68 ms
    Latency P99: 169080.13 ms
    SLA Met: [X] (compliance: 0.0%)

================================================================================
NOTES:
  - Pure storage I/O benchmark (no generation simulation)
================================================================================

Integrated Multi-User KV Cache Benchmark - MLPerf Edition
Model: Llama 3.1 8B
GPU Memory: 0 GB
Users: 200
Duration: 300s
Seed: 146
Generation Mode: none (0.0ms/token)
Features:
  - Phase-Aware Processing: Enabled
  - Multi-turn Conversations: Enabled
  - Prefix Caching: Enabled
  - RAG Workload: Disabled
  - Autoscaling: Disabled
  - QoS Support: Enabled (Interactive/Responsive/Batch)
  - Trace-Driven (BurstGPT): Disabled
  - ShareGPT Dataset: Disabled
  - Max Concurrent Allocations: 16 (bounds RAM usage)
================================================================================

User Context Length Distribution:
  Min: 527 tokens (65.88MiB)
  Max: 24428 tokens (3053.50MiB)
  Mean: 9334 tokens (1166.73MiB)

QoS Distribution:
  interactive: 21 users
  responsive: 71 users
  batch: 108 users

### MEMORY SAFETY CHECK ###
  Formula: peak = (workers x 2 x mean_entry_bytes) + baseline
         = (200 x 2 x 1000MiB) + 2.5GiB
         = 393.1GiB
  Available RAM: 990.7GiB
  Mean entry size: 1000MiB  (8000 tok x 131,072 B/tok)
  Peak per thread: 2000MiB  (np.load + np.array copy)
  Worker threads: 200
  Safe concurrent readers: ~505  = (available - baseline) / peak_per_thread
  Status: OK

Starting benchmark... Mode: standard (prefill+decode)
--------------------------------------------------------------------------------

================================================================================
BENCHMARK RESULTS - MLPerf KV Cache Storage Benchmark
Generation Mode: none (0.0ms/token)
================================================================================

IMPORTANT: All storage latencies below are measured per KV cache BLOCK,
not per token or per disk page.  Each block holds the full KV state for
one request (all layers, all heads, full sequence length).
  Model KV bytes/token: 131,072 bytes (128.0KiB)
  Entries in cache: 607
  Block size min:   25.1MiB
  Block size mean:  611.5MiB
  Block size P95:   1985.3MiB
  Block size max:   2943.4MiB
  A 200MiB block at 1GiB/s NVMe read = ~200 ms device latency.
  Compare latencies against block sizes, not against 4KiB page I/O.


### OVERALL PERFORMANCE ###
Requests Completed: 592
Total Tokens Generated: 82625
Throughput (wall-clock): 275.19 tokens/sec
Throughput (storage I/O): 5.02 tokens/sec
Requests/sec: 1.97

### END-TO-END LATENCY (Queue Wait + Storage I/O + Generation) ###
  Mean: 200256.57 ms
  P50:  182790.83 ms
  P95:  396466.86 ms
  P99:  404459.42 ms

### PER-REQUEST STORAGE LATENCY (All I/O ops for one request) ###
  Mean: 27797.73 ms
  P50:  18826.20 ms
  P95:  76407.51 ms
  P99:  141529.59 ms
  (= 1 prefill write + N decode reads per request)

### STORAGE PERFORMANCE ###
  Cache Hit Rate: 69.0%
  Total Read: 1480.98GiB
  Total Write: 362.51GiB
  Read/Write Ratio: 4.09
  Storage KV Read Operations/sec: 10.44
  Storage KV Write Operations/sec: 2.02

### CACHE TIER DISTRIBUTION ###
  GPU Entries: 0 (0.00GiB)
  CPU Entries: 0 (0.00GiB)
  Storage Entries: 607

### TIER-SPECIFIC KV BYTES ###
  Storage KV Bytes Written: 362.51GiB
  Storage KV Bytes Read: 1480.98GiB

### STORAGE KV BANDWIDTH ###
  Storage KV Read Bandwidth: 4.93GiB/s
  Storage KV Write Bandwidth: 1.21GiB/s

### TIER-SPECIFIC LATENCIES (Total = Host + Device) ###
  Storage Read P95 (Total): 14329.44 ms
  Storage Write P95 (Total): 8590.22 ms

### STORAGE TIER LATENCY BREAKDOWN (Device = Disk I/O, Host = Serialization) ###
  Storage Read:
    - Device P95 (Disk I/O): 11901.58 ms
    - Host P95 (Serialization): 5945.20 ms
    - Total P95: 14329.44 ms
  Storage Write:
    - Device P95 (Disk I/O): 1297.86 ms
    - Host P95 (Serialization): 8561.59 ms
    - Total P95: 8590.22 ms

### CACHE TYPE BREAKDOWNS ###
  System Prompt Hits: 449
  Common Phrase Hits: 0
  User Cache Hits: 2417
  Multi-turn Hits: 265

### PREFIX CACHING ###
  Prefix Hits: 103
  Prefix Misses: 506
  System Prompt Reuse: 103
  Bytes Saved: 0.08GiB

### MULTI-TURN CONVERSATIONS ###
  Multi-turn Cache Hits: 263
  Multi-turn Cache Misses: 1306
  Multi-turn Hit Rate: 16.8%

### QOS LATENCY METRICS (Informational - includes simulated generation) ###

  INTERACTIVE:
    Requests: 423
    Latency P95: 397719.93 ms
    Latency P99: 406067.43 ms
    SLA Met: [X] (compliance: 0.0%)

  RESPONSIVE:
    Requests: 62
    Latency P95: 171505.59 ms
    Latency P99: 225456.94 ms
    SLA Met: [X] (compliance: 0.0%)

  BATCH:
    Requests: 107
    Latency P95: 181273.87 ms
    Latency P99: 340719.82 ms
    SLA Met: [X] (compliance: 0.0%)

================================================================================
NOTES:
  - Pure storage I/O benchmark (no generation simulation)
================================================================================

Integrated Multi-User KV Cache Benchmark - MLPerf Edition
Model: Llama 3.1 8B
GPU Memory: 0 GB
Users: 200
Duration: 300s
Seed: 151
Generation Mode: none (0.0ms/token)
Features:
  - Phase-Aware Processing: Enabled
  - Multi-turn Conversations: Enabled
  - Prefix Caching: Enabled
  - RAG Workload: Disabled
  - Autoscaling: Disabled
  - QoS Support: Enabled (Interactive/Responsive/Batch)
  - Trace-Driven (BurstGPT): Disabled
  - ShareGPT Dataset: Disabled
  - Max Concurrent Allocations: 16 (bounds RAM usage)
================================================================================

User Context Length Distribution:
  Min: 544 tokens (68.00MiB)
  Max: 24994 tokens (3124.25MiB)
  Mean: 9736 tokens (1216.98MiB)

QoS Distribution:
  interactive: 32 users
  responsive: 62 users
  batch: 106 users

### MEMORY SAFETY CHECK ###
  Formula: peak = (workers x 2 x mean_entry_bytes) + baseline
         = (200 x 2 x 1000MiB) + 2.5GiB
         = 393.1GiB
  Available RAM: 990.6GiB
  Mean entry size: 1000MiB  (8000 tok x 131,072 B/tok)
  Peak per thread: 2000MiB  (np.load + np.array copy)
  Worker threads: 200
  Safe concurrent readers: ~505  = (available - baseline) / peak_per_thread
  Status: OK

Starting benchmark... Mode: standard (prefill+decode)
--------------------------------------------------------------------------------

================================================================================
BENCHMARK RESULTS - MLPerf KV Cache Storage Benchmark
Generation Mode: none (0.0ms/token)
================================================================================

IMPORTANT: All storage latencies below are measured per KV cache BLOCK,
not per token or per disk page.  Each block holds the full KV state for
one request (all layers, all heads, full sequence length).
  Model KV bytes/token: 131,072 bytes (128.0KiB)
  Entries in cache: 605
  Block size min:   26.6MiB
  Block size mean:  629.2MiB
  Block size P95:   2069.2MiB
  Block size max:   3041.1MiB
  A 200MiB block at 1GiB/s NVMe read = ~200 ms device latency.
  Compare latencies against block sizes, not against 4KiB page I/O.


### OVERALL PERFORMANCE ###
Requests Completed: 594
Total Tokens Generated: 92199
Throughput (wall-clock): 300.10 tokens/sec
Throughput (storage I/O): 5.43 tokens/sec
Requests/sec: 1.93

### END-TO-END LATENCY (Queue Wait + Storage I/O + Generation) ###
  Mean: 205784.34 ms
  P50:  191901.38 ms
  P95:  404886.99 ms
  P99:  415765.58 ms

### PER-REQUEST STORAGE LATENCY (All I/O ops for one request) ###
  Mean: 28573.58 ms
  P50:  18217.23 ms
  P95:  92307.28 ms
  P99:  124485.66 ms
  (= 1 prefill write + N decode reads per request)

### STORAGE PERFORMANCE ###
  Cache Hit Rate: 69.9%
  Total Read: 1662.67GiB
  Total Write: 371.73GiB
  Read/Write Ratio: 4.47
  Storage KV Read Operations/sec: 10.64
  Storage KV Write Operations/sec: 2.02

### CACHE TIER DISTRIBUTION ###
  GPU Entries: 0 (0.00GiB)
  CPU Entries: 0 (0.00GiB)
  Storage Entries: 605

### TIER-SPECIFIC KV BYTES ###
  Storage KV Bytes Written: 371.73GiB
  Storage KV Bytes Read: 1662.67GiB

### STORAGE KV BANDWIDTH ###
  Storage KV Read Bandwidth: 5.41GiB/s
  Storage KV Write Bandwidth: 1.21GiB/s

### TIER-SPECIFIC LATENCIES (Total = Host + Device) ###
  Storage Read P95 (Total): 15539.31 ms
  Storage Write P95 (Total): 8098.85 ms

### STORAGE TIER LATENCY BREAKDOWN (Device = Disk I/O, Host = Serialization) ###
  Storage Read:
    - Device P95 (Disk I/O): 11141.07 ms
    - Host P95 (Serialization): 5173.71 ms
    - Total P95: 15539.31 ms
  Storage Write:
    - Device P95 (Disk I/O): 1345.47 ms
    - Host P95 (Serialization): 7426.70 ms
    - Total P95: 8098.85 ms

### CACHE TYPE BREAKDOWNS ###
  System Prompt Hits: 529
  Common Phrase Hits: 0
  User Cache Hits: 2486
  Multi-turn Hits: 176

### PREFIX CACHING ###
  Prefix Hits: 111
  Prefix Misses: 494
  System Prompt Reuse: 111
  Bytes Saved: 0.09GiB

### MULTI-TURN CONVERSATIONS ###
  Multi-turn Cache Hits: 176
  Multi-turn Cache Misses: 1264
  Multi-turn Hit Rate: 12.2%

### QOS LATENCY METRICS (Informational - includes simulated generation) ###

  INTERACTIVE:
    Requests: 474
    Latency P95: 406365.47 ms
    Latency P99: 416420.67 ms
    SLA Met: [X] (compliance: 0.0%)

  RESPONSIVE:
    Requests: 61
    Latency P95: 227359.82 ms
    Latency P99: 271340.70 ms
    SLA Met: [X] (compliance: 0.0%)

  BATCH:
    Requests: 59
    Latency P95: 208479.37 ms
    Latency P99: 243188.73 ms
    SLA Met: [X] (compliance: 0.0%)

================================================================================
NOTES:
  - Pure storage I/O benchmark (no generation simulation)
================================================================================

Integrated Multi-User KV Cache Benchmark - MLPerf Edition
Model: Llama 3.1 8B
GPU Memory: 0 GB
Users: 200
Duration: 300s
Seed: 153
Generation Mode: none (0.0ms/token)
Features:
  - Phase-Aware Processing: Enabled
  - Multi-turn Conversations: Enabled
  - Prefix Caching: Enabled
  - RAG Workload: Disabled
  - Autoscaling: Disabled
  - QoS Support: Enabled (Interactive/Responsive/Batch)
  - Trace-Driven (BurstGPT): Disabled
  - ShareGPT Dataset: Disabled
  - Max Concurrent Allocations: 16 (bounds RAM usage)
================================================================================

User Context Length Distribution:
  Min: 704 tokens (88.00MiB)
  Max: 24779 tokens (3097.38MiB)
  Mean: 9836 tokens (1229.54MiB)

QoS Distribution:
  interactive: 31 users
  responsive: 59 users
  batch: 110 users

### MEMORY SAFETY CHECK ###
  Formula: peak = (workers x 2 x mean_entry_bytes) + baseline
         = (200 x 2 x 1000MiB) + 2.5GiB
         = 393.1GiB
  Available RAM: 990.7GiB
  Mean entry size: 1000MiB  (8000 tok x 131,072 B/tok)
  Peak per thread: 2000MiB  (np.load + np.array copy)
  Worker threads: 200
  Safe concurrent readers: ~505  = (available - baseline) / peak_per_thread
  Status: OK

Starting benchmark... Mode: standard (prefill+decode)
--------------------------------------------------------------------------------

================================================================================
BENCHMARK RESULTS - MLPerf KV Cache Storage Benchmark
Generation Mode: none (0.0ms/token)
================================================================================

IMPORTANT: All storage latencies below are measured per KV cache BLOCK,
not per token or per disk page.  Each block holds the full KV state for
one request (all layers, all heads, full sequence length).
  Model KV bytes/token: 131,072 bytes (128.0KiB)
  Entries in cache: 661
  Block size min:   26.1MiB
  Block size mean:  602.9MiB
  Block size P95:   1644.4MiB
  Block size max:   2777.8MiB
  A 200MiB block at 1GiB/s NVMe read = ~200 ms device latency.
  Compare latencies against block sizes, not against 4KiB page I/O.


### OVERALL PERFORMANCE ###
Requests Completed: 642
Total Tokens Generated: 101013
Throughput (wall-clock): 332.96 tokens/sec
Throughput (storage I/O): 5.78 tokens/sec
Requests/sec: 2.12

### END-TO-END LATENCY (Queue Wait + Storage I/O + Generation) ###
  Mean: 194218.21 ms
  P50:  186922.61 ms
  P95:  396415.35 ms
  P99:  404715.19 ms

### PER-REQUEST STORAGE LATENCY (All I/O ops for one request) ###
  Mean: 27199.67 ms
  P50:  18202.11 ms
  P95:  85794.41 ms
  P99:  127444.50 ms
  (= 1 prefill write + N decode reads per request)

### STORAGE PERFORMANCE ###
  Cache Hit Rate: 88.0%
  Total Read: 1783.91GiB
  Total Write: 389.16GiB
  Read/Write Ratio: 4.58
  Storage KV Read Operations/sec: 11.75
  Storage KV Write Operations/sec: 2.20

### CACHE TIER DISTRIBUTION ###
  GPU Entries: 0 (0.00GiB)
  CPU Entries: 0 (0.00GiB)
  Storage Entries: 661

### TIER-SPECIFIC KV BYTES ###
  Storage KV Bytes Written: 389.16GiB
  Storage KV Bytes Read: 1783.91GiB

### STORAGE KV BANDWIDTH ###
  Storage KV Read Bandwidth: 5.88GiB/s
  Storage KV Write Bandwidth: 1.28GiB/s

### TIER-SPECIFIC LATENCIES (Total = Host + Device) ###
  Storage Read P95 (Total): 13902.22 ms
  Storage Write P95 (Total): 7587.01 ms

### STORAGE TIER LATENCY BREAKDOWN (Device = Disk I/O, Host = Serialization) ###
  Storage Read:
    - Device P95 (Disk I/O): 12627.97 ms
    - Host P95 (Serialization): 4758.67 ms
    - Total P95: 13902.22 ms
  Storage Write:
    - Device P95 (Disk I/O): 1098.57 ms
    - Host P95 (Serialization): 6737.61 ms
    - Total P95: 7587.01 ms

### CACHE TYPE BREAKDOWNS ###
  System Prompt Hits: 657
  Common Phrase Hits: 0
  User Cache Hits: 2846
  Multi-turn Hits: 21

### PREFIX CACHING ###
  Prefix Hits: 141
  Prefix Misses: 520
  System Prompt Reuse: 141
  Bytes Saved: 0.11GiB

### MULTI-TURN CONVERSATIONS ###
  Multi-turn Cache Hits: 21
  Multi-turn Cache Misses: 339
  Multi-turn Hit Rate: 5.8%

### QOS LATENCY METRICS (Informational - includes simulated generation) ###

  INTERACTIVE:
    Requests: 479
    Latency P95: 398215.59 ms
    Latency P99: 406178.46 ms
    SLA Met: [X] (compliance: 0.0%)

  RESPONSIVE:
    Requests: 54
    Latency P95: 158166.45 ms
    Latency P99: 204109.13 ms
    SLA Met: [X] (compliance: 0.0%)

  BATCH:
    Requests: 109
    Latency P95: 168861.25 ms
    Latency P99: 229198.41 ms
    SLA Met: [X] (compliance: 0.0%)

================================================================================
NOTES:
  - Pure storage I/O benchmark (no generation simulation)
================================================================================

Integrated Multi-User KV Cache Benchmark - MLPerf Edition
Model: Llama 3.1 8B
GPU Memory: 0 GB
Users: 200
Duration: 300s
Seed: 201
Generation Mode: none (0.0ms/token)
Features:
  - Phase-Aware Processing: Enabled
  - Multi-turn Conversations: Enabled
  - Prefix Caching: Enabled
  - RAG Workload: Disabled
  - Autoscaling: Disabled
  - QoS Support: Enabled (Interactive/Responsive/Batch)
  - Trace-Driven (BurstGPT): Disabled
  - ShareGPT Dataset: Disabled
  - Max Concurrent Allocations: 16 (bounds RAM usage)
================================================================================

User Context Length Distribution:
  Min: 538 tokens (67.25MiB)
  Max: 24953 tokens (3119.12MiB)
  Mean: 9108 tokens (1138.49MiB)

QoS Distribution:
  interactive: 30 users
  responsive: 67 users
  batch: 103 users

### MEMORY SAFETY CHECK ###
  Formula: peak = (workers x 2 x mean_entry_bytes) + baseline
         = (200 x 2 x 1000MiB) + 2.5GiB
         = 393.1GiB
  Available RAM: 991.3GiB
  Mean entry size: 1000MiB  (8000 tok x 131,072 B/tok)
  Peak per thread: 2000MiB  (np.load + np.array copy)
  Worker threads: 200
  Safe concurrent readers: ~506  = (available - baseline) / peak_per_thread
  Status: OK

Starting benchmark... Mode: standard (prefill+decode)
--------------------------------------------------------------------------------

================================================================================
BENCHMARK RESULTS - MLPerf KV Cache Storage Benchmark
Generation Mode: none (0.0ms/token)
================================================================================

IMPORTANT: All storage latencies below are measured per KV cache BLOCK,
not per token or per disk page.  Each block holds the full KV state for
one request (all layers, all heads, full sequence length).
  Model KV bytes/token: 131,072 bytes (128.0KiB)
  Entries in cache: 660
  Block size min:   18.1MiB
  Block size mean:  549.7MiB
  Block size P95:   1685.2MiB
  Block size max:   2527.6MiB
  A 200MiB block at 1GiB/s NVMe read = ~200 ms device latency.
  Compare latencies against block sizes, not against 4KiB page I/O.


### OVERALL PERFORMANCE ###
Requests Completed: 642
Total Tokens Generated: 103130
Throughput (wall-clock): 342.84 tokens/sec
Throughput (storage I/O): 5.86 tokens/sec
Requests/sec: 2.13

### END-TO-END LATENCY (Queue Wait + Storage I/O + Generation) ###
  Mean: 195595.80 ms
  P50:  183527.29 ms
  P95:  400234.63 ms
  P99:  413067.06 ms

### PER-REQUEST STORAGE LATENCY (All I/O ops for one request) ###
  Mean: 27398.40 ms
  P50:  15986.76 ms
  P95:  84891.43 ms
  P99:  141885.41 ms
  (= 1 prefill write + N decode reads per request)

### STORAGE PERFORMANCE ###
  Cache Hit Rate: 76.7%
  Total Read: 1749.51GiB
  Total Write: 354.29GiB
  Read/Write Ratio: 4.94
  Storage KV Read Operations/sec: 12.38
  Storage KV Write Operations/sec: 2.20

### CACHE TIER DISTRIBUTION ###
  GPU Entries: 0 (0.00GiB)
  CPU Entries: 0 (0.00GiB)
  Storage Entries: 660

### TIER-SPECIFIC KV BYTES ###
  Storage KV Bytes Written: 354.29GiB
  Storage KV Bytes Read: 1749.51GiB

### STORAGE KV BANDWIDTH ###
  Storage KV Read Bandwidth: 5.82GiB/s
  Storage KV Write Bandwidth: 1.18GiB/s

### TIER-SPECIFIC LATENCIES (Total = Host + Device) ###
  Storage Read P95 (Total): 14145.94 ms
  Storage Write P95 (Total): 6775.09 ms

### STORAGE TIER LATENCY BREAKDOWN (Device = Disk I/O, Host = Serialization) ###
  Storage Read:
    - Device P95 (Disk I/O): 11912.23 ms
    - Host P95 (Serialization): 4528.66 ms
    - Total P95: 14145.94 ms
  Storage Write:
    - Device P95 (Disk I/O): 779.62 ms
    - Host P95 (Serialization): 6486.70 ms
    - Total P95: 6775.09 ms

### CACHE TYPE BREAKDOWNS ###
  System Prompt Hits: 793
  Common Phrase Hits: 0
  User Cache Hits: 2804
  Multi-turn Hits: 117

### PREFIX CACHING ###
  Prefix Hits: 129
  Prefix Misses: 531
  System Prompt Reuse: 129
  Bytes Saved: 0.11GiB

### MULTI-TURN CONVERSATIONS ###
  Multi-turn Cache Hits: 117
  Multi-turn Cache Misses: 997
  Multi-turn Hit Rate: 10.5%

### QOS LATENCY METRICS (Informational - includes simulated generation) ###

  INTERACTIVE:
    Requests: 483
    Latency P95: 401483.91 ms
    Latency P99: 415331.89 ms
    SLA Met: [X] (compliance: 0.0%)

  RESPONSIVE:
    Requests: 67
    Latency P95: 148910.94 ms
    Latency P99: 266599.95 ms
    SLA Met: [X] (compliance: 0.0%)

  BATCH:
    Requests: 92
    Latency P95: 165730.56 ms
    Latency P99: 275031.22 ms
    SLA Met: [X] (compliance: 0.0%)

================================================================================
NOTES:
  - Pure storage I/O benchmark (no generation simulation)
================================================================================

Integrated Multi-User KV Cache Benchmark - MLPerf Edition
Model: Llama 3.1 8B
GPU Memory: 0 GB
Users: 200
Duration: 300s
Seed: 172
Generation Mode: none (0.0ms/token)
Features:
  - Phase-Aware Processing: Enabled
  - Multi-turn Conversations: Enabled
  - Prefix Caching: Enabled
  - RAG Workload: Disabled
  - Autoscaling: Disabled
  - QoS Support: Enabled (Interactive/Responsive/Batch)
  - Trace-Driven (BurstGPT): Disabled
  - ShareGPT Dataset: Disabled
  - Max Concurrent Allocations: 16 (bounds RAM usage)
================================================================================

User Context Length Distribution:
  Min: 513 tokens (64.12MiB)
  Max: 24938 tokens (3117.25MiB)
  Mean: 8398 tokens (1049.79MiB)

QoS Distribution:
  interactive: 40 users
  responsive: 64 users
  batch: 96 users

### MEMORY SAFETY CHECK ###
  Formula: peak = (workers x 2 x mean_entry_bytes) + baseline
         = (200 x 2 x 1000MiB) + 2.5GiB
         = 393.1GiB
  Available RAM: 991.2GiB
  Mean entry size: 1000MiB  (8000 tok x 131,072 B/tok)
  Peak per thread: 2000MiB  (np.load + np.array copy)
  Worker threads: 200
  Safe concurrent readers: ~506  = (available - baseline) / peak_per_thread
  Status: OK

Starting benchmark... Mode: standard (prefill+decode)
--------------------------------------------------------------------------------

================================================================================
BENCHMARK RESULTS - MLPerf KV Cache Storage Benchmark
Generation Mode: none (0.0ms/token)
================================================================================

IMPORTANT: All storage latencies below are measured per KV cache BLOCK,
not per token or per disk page.  Each block holds the full KV state for
one request (all layers, all heads, full sequence length).
  Model KV bytes/token: 131,072 bytes (128.0KiB)
  Entries in cache: 592
  Block size min:   19.6MiB
  Block size mean:  580.1MiB
  Block size P95:   1951.7MiB
  Block size max:   2903.2MiB
  A 200MiB block at 1GiB/s NVMe read = ~200 ms device latency.
  Compare latencies against block sizes, not against 4KiB page I/O.


### OVERALL PERFORMANCE ###
Requests Completed: 580
Total Tokens Generated: 96400
Throughput (wall-clock): 316.70 tokens/sec
Throughput (storage I/O): 5.19 tokens/sec
Requests/sec: 1.91

### END-TO-END LATENCY (Queue Wait + Storage I/O + Generation) ###
  Mean: 206096.37 ms
  P50:  202566.18 ms
  P95:  411279.51 ms
  P99:  419508.13 ms

### PER-REQUEST STORAGE LATENCY (All I/O ops for one request) ###
  Mean: 32048.54 ms
  P50:  20367.82 ms
  P95:  104753.52 ms
  P99:  154518.64 ms
  (= 1 prefill write + N decode reads per request)

### STORAGE PERFORMANCE ###
  Cache Hit Rate: 86.0%
  Total Read: 1551.39GiB
  Total Write: 335.39GiB
  Read/Write Ratio: 4.63
  Storage KV Read Operations/sec: 11.09
  Storage KV Write Operations/sec: 1.97

### CACHE TIER DISTRIBUTION ###
  GPU Entries: 0 (0.00GiB)
  CPU Entries: 0 (0.00GiB)
  Storage Entries: 592

### TIER-SPECIFIC KV BYTES ###
  Storage KV Bytes Written: 335.39GiB
  Storage KV Bytes Read: 1551.39GiB

### STORAGE KV BANDWIDTH ###
  Storage KV Read Bandwidth: 5.10GiB/s
  Storage KV Write Bandwidth: 1.10GiB/s

### TIER-SPECIFIC LATENCIES (Total = Host + Device) ###
  Storage Read P95 (Total): 15353.89 ms
  Storage Write P95 (Total): 10608.86 ms

### STORAGE TIER LATENCY BREAKDOWN (Device = Disk I/O, Host = Serialization) ###
  Storage Read:
    - Device P95 (Disk I/O): 12241.92 ms
    - Host P95 (Serialization): 6167.96 ms
    - Total P95: 15353.89 ms
  Storage Write:
    - Device P95 (Disk I/O): 1554.84 ms
    - Host P95 (Serialization): 10205.21 ms
    - Total P95: 10608.86 ms

### CACHE TYPE BREAKDOWNS ###
  System Prompt Hits: 707
  Common Phrase Hits: 0
  User Cache Hits: 2581
  Multi-turn Hits: 40

### PREFIX CACHING ###
  Prefix Hits: 128
  Prefix Misses: 464
  System Prompt Reuse: 128
  Bytes Saved: 0.10GiB

### MULTI-TURN CONVERSATIONS ###
  Multi-turn Cache Hits: 40
  Multi-turn Cache Misses: 413
  Multi-turn Hit Rate: 8.8%

### QOS LATENCY METRICS (Informational - includes simulated generation) ###

  INTERACTIVE:
    Requests: 434
    Latency P95: 413485.82 ms
    Latency P99: 420102.61 ms
    SLA Met: [X] (compliance: 0.0%)

  RESPONSIVE:
    Requests: 63
    Latency P95: 172077.71 ms
    Latency P99: 180399.02 ms
    SLA Met: [X] (compliance: 0.0%)

  BATCH:
    Requests: 83
    Latency P95: 196578.29 ms
    Latency P99: 262408.55 ms
    SLA Met: [X] (compliance: 0.0%)

================================================================================
NOTES:
  - Pure storage I/O benchmark (no generation simulation)
================================================================================

Integrated Multi-User KV Cache Benchmark - MLPerf Edition
Model: Llama 3.1 8B
GPU Memory: 0 GB
Users: 200
Duration: 300s
Seed: 99
Generation Mode: none (0.0ms/token)
Features:
  - Phase-Aware Processing: Enabled
  - Multi-turn Conversations: Enabled
  - Prefix Caching: Enabled
  - RAG Workload: Disabled
  - Autoscaling: Disabled
  - QoS Support: Enabled (Interactive/Responsive/Batch)
  - Trace-Driven (BurstGPT): Disabled
  - ShareGPT Dataset: Disabled
  - Max Concurrent Allocations: 16 (bounds RAM usage)
================================================================================

User Context Length Distribution:
  Min: 535 tokens (66.88MiB)
  Max: 24603 tokens (3075.38MiB)
  Mean: 8967 tokens (1120.82MiB)

QoS Distribution:
  interactive: 31 users
  responsive: 82 users
  batch: 87 users

### MEMORY SAFETY CHECK ###
  Formula: peak = (workers x 2 x mean_entry_bytes) + baseline
         = (200 x 2 x 1000MiB) + 2.5GiB
         = 393.1GiB
  Available RAM: 990.3GiB
  Mean entry size: 1000MiB  (8000 tok x 131,072 B/tok)
  Peak per thread: 2000MiB  (np.load + np.array copy)
  Worker threads: 200
  Safe concurrent readers: ~505  = (available - baseline) / peak_per_thread
  Status: OK

Starting benchmark... Mode: standard (prefill+decode)
--------------------------------------------------------------------------------

================================================================================
BENCHMARK RESULTS - MLPerf KV Cache Storage Benchmark
Generation Mode: none (0.0ms/token)
================================================================================

IMPORTANT: All storage latencies below are measured per KV cache BLOCK,
not per token or per disk page.  Each block holds the full KV state for
one request (all layers, all heads, full sequence length).
  Model KV bytes/token: 131,072 bytes (128.0KiB)
  Entries in cache: 611
  Block size min:   19.6MiB
  Block size mean:  570.7MiB
  Block size P95:   1726.6MiB
  Block size max:   2551.4MiB
  A 200MiB block at 1GiB/s NVMe read = ~200 ms device latency.
  Compare latencies against block sizes, not against 4KiB page I/O.


### OVERALL PERFORMANCE ###
Requests Completed: 590
Total Tokens Generated: 96153
Throughput (wall-clock): 316.62 tokens/sec
Throughput (storage I/O): 5.33 tokens/sec
Requests/sec: 1.94

### END-TO-END LATENCY (Queue Wait + Storage I/O + Generation) ###
  Mean: 207976.06 ms
  P50:  212865.73 ms
  P95:  397718.51 ms
  P99:  407894.93 ms

### PER-REQUEST STORAGE LATENCY (All I/O ops for one request) ###
  Mean: 30601.30 ms
  P50:  19709.14 ms
  P95:  89251.48 ms
  P99:  120829.72 ms
  (= 1 prefill write + N decode reads per request)

### STORAGE PERFORMANCE ###
  Cache Hit Rate: 66.3%
  Total Read: 1877.05GiB
  Total Write: 340.55GiB
  Read/Write Ratio: 5.51
  Storage KV Read Operations/sec: 13.16
  Storage KV Write Operations/sec: 2.04

### CACHE TIER DISTRIBUTION ###
  GPU Entries: 0 (0.00GiB)
  CPU Entries: 0 (0.00GiB)
  Storage Entries: 611

### TIER-SPECIFIC KV BYTES ###
  Storage KV Bytes Written: 340.55GiB
  Storage KV Bytes Read: 1877.05GiB

### STORAGE KV BANDWIDTH ###
  Storage KV Read Bandwidth: 6.18GiB/s
  Storage KV Write Bandwidth: 1.12GiB/s

### TIER-SPECIFIC LATENCIES (Total = Host + Device) ###
  Storage Read P95 (Total): 13528.64 ms
  Storage Write P95 (Total): 7315.62 ms

### STORAGE TIER LATENCY BREAKDOWN (Device = Disk I/O, Host = Serialization) ###
  Storage Read:
    - Device P95 (Disk I/O): 12329.34 ms
    - Host P95 (Serialization): 4676.03 ms
    - Total P95: 13528.64 ms
  Storage Write:
    - Device P95 (Disk I/O): 1099.99 ms
    - Host P95 (Serialization): 7119.14 ms
    - Total P95: 7315.62 ms

### CACHE TYPE BREAKDOWNS ###
  System Prompt Hits: 649
  Common Phrase Hits: 0
  User Cache Hits: 2731
  Multi-turn Hits: 567

### PREFIX CACHING ###
  Prefix Hits: 119
  Prefix Misses: 492
  System Prompt Reuse: 119
  Bytes Saved: 0.09GiB

### MULTI-TURN CONVERSATIONS ###
  Multi-turn Cache Hits: 567
  Multi-turn Cache Misses: 1883
  Multi-turn Hit Rate: 23.1%

### QOS LATENCY METRICS (Informational - includes simulated generation) ###

  INTERACTIVE:
    Requests: 439
    Latency P95: 399927.77 ms
    Latency P99: 411870.60 ms
    SLA Met: [X] (compliance: 0.0%)

  RESPONSIVE:
    Requests: 73
    Latency P95: 179233.75 ms
    Latency P99: 221269.53 ms
    SLA Met: [X] (compliance: 0.0%)

  BATCH:
    Requests: 78
    Latency P95: 172411.08 ms
    Latency P99: 325817.83 ms
    SLA Met: [X] (compliance: 0.0%)

================================================================================
NOTES:
  - Pure storage I/O benchmark (no generation simulation)
================================================================================

Integrated Multi-User KV Cache Benchmark - MLPerf Edition
Model: Llama 3.1 8B
GPU Memory: 0 GB
Users: 200
Duration: 300s
Seed: 141
Generation Mode: none (0.0ms/token)
Features:
  - Phase-Aware Processing: Enabled
  - Multi-turn Conversations: Enabled
  - Prefix Caching: Enabled
  - RAG Workload: Disabled
  - Autoscaling: Disabled
  - QoS Support: Enabled (Interactive/Responsive/Batch)
  - Trace-Driven (BurstGPT): Disabled
  - ShareGPT Dataset: Disabled
  - Max Concurrent Allocations: 16 (bounds RAM usage)
================================================================================

User Context Length Distribution:
  Min: 671 tokens (83.88MiB)
  Max: 24999 tokens (3124.88MiB)
  Mean: 9324 tokens (1165.51MiB)

QoS Distribution:
  interactive: 26 users
  responsive: 72 users
  batch: 102 users

### MEMORY SAFETY CHECK ###
  Formula: peak = (workers x 2 x mean_entry_bytes) + baseline
         = (200 x 2 x 1000MiB) + 2.5GiB
         = 393.1GiB
  Available RAM: 991.5GiB
  Mean entry size: 1000MiB  (8000 tok x 131,072 B/tok)
  Peak per thread: 2000MiB  (np.load + np.array copy)
  Worker threads: 200
  Safe concurrent readers: ~506  = (available - baseline) / peak_per_thread
  Status: OK

Starting benchmark... Mode: standard (prefill+decode)
--------------------------------------------------------------------------------

================================================================================
BENCHMARK RESULTS - MLPerf KV Cache Storage Benchmark
Generation Mode: none (0.0ms/token)
================================================================================

IMPORTANT: All storage latencies below are measured per KV cache BLOCK,
not per token or per disk page.  Each block holds the full KV state for
one request (all layers, all heads, full sequence length).
  Model KV bytes/token: 131,072 bytes (128.0KiB)
  Entries in cache: 652
  Block size min:   34.9MiB
  Block size mean:  589.4MiB
  Block size P95:   1652.9MiB
  Block size max:   3081.9MiB
  A 200MiB block at 1GiB/s NVMe read = ~200 ms device latency.
  Compare latencies against block sizes, not against 4KiB page I/O.


### OVERALL PERFORMANCE ###
Requests Completed: 637
Total Tokens Generated: 96214
Throughput (wall-clock): 319.61 tokens/sec
Throughput (storage I/O): 5.28 tokens/sec
Requests/sec: 2.12

### END-TO-END LATENCY (Queue Wait + Storage I/O + Generation) ###
  Mean: 202052.56 ms
  P50:  189909.38 ms
  P95:  393748.80 ms
  P99:  403042.31 ms

### PER-REQUEST STORAGE LATENCY (All I/O ops for one request) ###
  Mean: 28612.12 ms
  P50:  21199.67 ms
  P95:  80957.03 ms
  P99:  127271.64 ms
  (= 1 prefill write + N decode reads per request)

### STORAGE PERFORMANCE ###
  Cache Hit Rate: 84.7%
  Total Read: 1702.48GiB
  Total Write: 375.31GiB
  Read/Write Ratio: 4.54
  Storage KV Read Operations/sec: 11.90
  Storage KV Write Operations/sec: 2.17

### CACHE TIER DISTRIBUTION ###
  GPU Entries: 0 (0.00GiB)
  CPU Entries: 0 (0.00GiB)
  Storage Entries: 652

### TIER-SPECIFIC KV BYTES ###
  Storage KV Bytes Written: 375.31GiB
  Storage KV Bytes Read: 1702.48GiB

### STORAGE KV BANDWIDTH ###
  Storage KV Read Bandwidth: 5.66GiB/s
  Storage KV Write Bandwidth: 1.25GiB/s

### TIER-SPECIFIC LATENCIES (Total = Host + Device) ###
  Storage Read P95 (Total): 13621.03 ms
  Storage Write P95 (Total): 8595.91 ms

### STORAGE TIER LATENCY BREAKDOWN (Device = Disk I/O, Host = Serialization) ###
  Storage Read:
    - Device P95 (Disk I/O): 10638.89 ms
    - Host P95 (Serialization): 4523.03 ms
    - Total P95: 13621.03 ms
  Storage Write:
    - Device P95 (Disk I/O): 942.65 ms
    - Host P95 (Serialization): 8561.44 ms
    - Total P95: 8595.91 ms

### CACHE TYPE BREAKDOWNS ###
  System Prompt Hits: 672
  Common Phrase Hits: 0
  User Cache Hits: 2854
  Multi-turn Hits: 43

### PREFIX CACHING ###
  Prefix Hits: 128
  Prefix Misses: 524
  System Prompt Reuse: 128
  Bytes Saved: 0.11GiB

### MULTI-TURN CONVERSATIONS ###
  Multi-turn Cache Hits: 43
  Multi-turn Cache Misses: 518
  Multi-turn Hit Rate: 7.7%

### QOS LATENCY METRICS (Informational - includes simulated generation) ###

  INTERACTIVE:
    Requests: 481
    Latency P95: 395910.89 ms
    Latency P99: 403561.95 ms
    SLA Met: [X] (compliance: 0.0%)

  RESPONSIVE:
    Requests: 99
    Latency P95: 165922.62 ms
    Latency P99: 201698.55 ms
    SLA Met: [X] (compliance: 0.0%)

  BATCH:
    Requests: 57
    Latency P95: 130392.05 ms
    Latency P99: 153196.16 ms
    SLA Met: [X] (compliance: 0.0%)

================================================================================
NOTES:
  - Pure storage I/O benchmark (no generation simulation)
================================================================================

Integrated Multi-User KV Cache Benchmark - MLPerf Edition
Model: Llama 3.1 8B
GPU Memory: 0 GB
Users: 200
Duration: 300s
Seed: 132
Generation Mode: none (0.0ms/token)
Features:
  - Phase-Aware Processing: Enabled
  - Multi-turn Conversations: Enabled
  - Prefix Caching: Enabled
  - RAG Workload: Disabled
  - Autoscaling: Disabled
  - QoS Support: Enabled (Interactive/Responsive/Batch)
  - Trace-Driven (BurstGPT): Disabled
  - ShareGPT Dataset: Disabled
  - Max Concurrent Allocations: 16 (bounds RAM usage)
================================================================================

User Context Length Distribution:
  Min: 544 tokens (68.00MiB)
  Max: 24567 tokens (3070.88MiB)
  Mean: 8774 tokens (1096.74MiB)

QoS Distribution:
  interactive: 30 users
  responsive: 63 users
  batch: 107 users

### MEMORY SAFETY CHECK ###
  Formula: peak = (workers x 2 x mean_entry_bytes) + baseline
         = (200 x 2 x 1000MiB) + 2.5GiB
         = 393.1GiB
  Available RAM: 990.0GiB
  Mean entry size: 1000MiB  (8000 tok x 131,072 B/tok)
  Peak per thread: 2000MiB  (np.load + np.array copy)
  Worker threads: 200
  Safe concurrent readers: ~505  = (available - baseline) / peak_per_thread
  Status: OK

Starting benchmark... Mode: standard (prefill+decode)
--------------------------------------------------------------------------------

================================================================================
BENCHMARK RESULTS - MLPerf KV Cache Storage Benchmark
Generation Mode: none (0.0ms/token)
================================================================================

IMPORTANT: All storage latencies below are measured per KV cache BLOCK,
not per token or per disk page.  Each block holds the full KV state for
one request (all layers, all heads, full sequence length).
  Model KV bytes/token: 131,072 bytes (128.0KiB)
  Entries in cache: 627
  Block size min:   16.9MiB
  Block size mean:  560.9MiB
  Block size P95:   1718.7MiB
  Block size max:   2671.0MiB
  A 200MiB block at 1GiB/s NVMe read = ~200 ms device latency.
  Compare latencies against block sizes, not against 4KiB page I/O.


### OVERALL PERFORMANCE ###
Requests Completed: 617
Total Tokens Generated: 89896
Throughput (wall-clock): 299.53 tokens/sec
Throughput (storage I/O): 5.70 tokens/sec
Requests/sec: 2.06

### END-TO-END LATENCY (Queue Wait + Storage I/O + Generation) ###
  Mean: 203363.13 ms
  P50:  203003.35 ms
  P95:  404254.92 ms
  P99:  410153.04 ms

### PER-REQUEST STORAGE LATENCY (All I/O ops for one request) ###
  Mean: 25561.77 ms
  P50:  14892.61 ms
  P95:  92082.34 ms
  P99:  124594.05 ms
  (= 1 prefill write + N decode reads per request)

### STORAGE PERFORMANCE ###
  Cache Hit Rate: 87.1%
  Total Read: 1524.26GiB
  Total Write: 343.45GiB
  Read/Write Ratio: 4.44
  Storage KV Read Operations/sec: 10.23
  Storage KV Write Operations/sec: 2.09

### CACHE TIER DISTRIBUTION ###
  GPU Entries: 0 (0.00GiB)
  CPU Entries: 0 (0.00GiB)
  Storage Entries: 627

### TIER-SPECIFIC KV BYTES ###
  Storage KV Bytes Written: 343.45GiB
  Storage KV Bytes Read: 1524.26GiB

### STORAGE KV BANDWIDTH ###
  Storage KV Read Bandwidth: 5.08GiB/s
  Storage KV Write Bandwidth: 1.14GiB/s

### TIER-SPECIFIC LATENCIES (Total = Host + Device) ###
  Storage Read P95 (Total): 13652.59 ms
  Storage Write P95 (Total): 8131.82 ms

### STORAGE TIER LATENCY BREAKDOWN (Device = Disk I/O, Host = Serialization) ###
  Storage Read:
    - Device P95 (Disk I/O): 11393.99 ms
    - Host P95 (Serialization): 5405.45 ms
    - Total P95: 13652.59 ms
  Storage Write:
    - Device P95 (Disk I/O): 1065.83 ms
    - Host P95 (Serialization): 7609.14 ms
    - Total P95: 8131.82 ms

### CACHE TYPE BREAKDOWNS ###
  System Prompt Hits: 664
  Common Phrase Hits: 0
  User Cache Hits: 2372
  Multi-turn Hits: 34

### PREFIX CACHING ###
  Prefix Hits: 131
  Prefix Misses: 496
  System Prompt Reuse: 131
  Bytes Saved: 0.10GiB

### MULTI-TURN CONVERSATIONS ###
  Multi-turn Cache Hits: 34
  Multi-turn Cache Misses: 324
  Multi-turn Hit Rate: 9.5%

### QOS LATENCY METRICS (Informational - includes simulated generation) ###

  INTERACTIVE:
    Requests: 452
    Latency P95: 405948.07 ms
    Latency P99: 412177.78 ms
    SLA Met: [X] (compliance: 0.0%)

  RESPONSIVE:
    Requests: 67
    Latency P95: 170730.12 ms
    Latency P99: 261789.17 ms
    SLA Met: [X] (compliance: 0.0%)

  BATCH:
    Requests: 98
    Latency P95: 210538.37 ms
    Latency P99: 258226.79 ms
    SLA Met: [X] (compliance: 0.0%)

================================================================================
NOTES:
  - Pure storage I/O benchmark (no generation simulation)
================================================================================

Integrated Multi-User KV Cache Benchmark - MLPerf Edition
Model: Llama 3.1 8B
GPU Memory: 0 GB
Users: 200
Duration: 300s
Seed: 86
Generation Mode: none (0.0ms/token)
Features:
  - Phase-Aware Processing: Enabled
  - Multi-turn Conversations: Enabled
  - Prefix Caching: Enabled
  - RAG Workload: Disabled
  - Autoscaling: Disabled
  - QoS Support: Enabled (Interactive/Responsive/Batch)
  - Trace-Driven (BurstGPT): Disabled
  - ShareGPT Dataset: Disabled
  - Max Concurrent Allocations: 16 (bounds RAM usage)
================================================================================

User Context Length Distribution:
  Min: 590 tokens (73.75MiB)
  Max: 24702 tokens (3087.75MiB)
  Mean: 9192 tokens (1148.98MiB)

QoS Distribution:
  interactive: 24 users
  responsive: 76 users
  batch: 100 users

### MEMORY SAFETY CHECK ###
  Formula: peak = (workers x 2 x mean_entry_bytes) + baseline
         = (200 x 2 x 1000MiB) + 2.5GiB
         = 393.1GiB
  Available RAM: 991.8GiB
  Mean entry size: 1000MiB  (8000 tok x 131,072 B/tok)
  Peak per thread: 2000MiB  (np.load + np.array copy)
  Worker threads: 200
  Safe concurrent readers: ~506  = (available - baseline) / peak_per_thread
  Status: OK

Starting benchmark... Mode: standard (prefill+decode)
--------------------------------------------------------------------------------

================================================================================
BENCHMARK RESULTS - MLPerf KV Cache Storage Benchmark
Generation Mode: none (0.0ms/token)
================================================================================

IMPORTANT: All storage latencies below are measured per KV cache BLOCK,
not per token or per disk page.  Each block holds the full KV state for
one request (all layers, all heads, full sequence length).
  Model KV bytes/token: 131,072 bytes (128.0KiB)
  Entries in cache: 569
  Block size min:   34.5MiB
  Block size mean:  642.3MiB
  Block size P95:   1935.4MiB
  Block size max:   2967.8MiB
  A 200MiB block at 1GiB/s NVMe read = ~200 ms device latency.
  Compare latencies against block sizes, not against 4KiB page I/O.


### OVERALL PERFORMANCE ###
Requests Completed: 557
Total Tokens Generated: 85636
Throughput (wall-clock): 280.20 tokens/sec
Throughput (storage I/O): 4.89 tokens/sec
Requests/sec: 1.82

### END-TO-END LATENCY (Queue Wait + Storage I/O + Generation) ###
  Mean: 208190.71 ms
  P50:  210955.18 ms
  P95:  408590.34 ms
  P99:  416354.88 ms

### PER-REQUEST STORAGE LATENCY (All I/O ops for one request) ###
  Mean: 31453.71 ms
  P50:  18447.56 ms
  P95:  101183.02 ms
  P99:  178710.54 ms
  (= 1 prefill write + N decode reads per request)

### STORAGE PERFORMANCE ###
  Cache Hit Rate: 87.1%
  Total Read: 1406.40GiB
  Total Write: 356.91GiB
  Read/Write Ratio: 3.94
  Storage KV Read Operations/sec: 9.23
  Storage KV Write Operations/sec: 1.90

### CACHE TIER DISTRIBUTION ###
  GPU Entries: 0 (0.00GiB)
  CPU Entries: 0 (0.00GiB)
  Storage Entries: 569

### TIER-SPECIFIC KV BYTES ###
  Storage KV Bytes Written: 356.91GiB
  Storage KV Bytes Read: 1406.40GiB

### STORAGE KV BANDWIDTH ###
  Storage KV Read Bandwidth: 4.60GiB/s
  Storage KV Write Bandwidth: 1.17GiB/s

### TIER-SPECIFIC LATENCIES (Total = Host + Device) ###
  Storage Read P95 (Total): 17155.31 ms
  Storage Write P95 (Total): 11731.35 ms

### STORAGE TIER LATENCY BREAKDOWN (Device = Disk I/O, Host = Serialization) ###
  Storage Read:
    - Device P95 (Disk I/O): 14873.77 ms
    - Host P95 (Serialization): 6017.71 ms
    - Total P95: 17155.31 ms
  Storage Write:
    - Device P95 (Disk I/O): 1772.73 ms
    - Host P95 (Serialization): 11410.35 ms
    - Total P95: 11731.35 ms

### CACHE TYPE BREAKDOWNS ###
  System Prompt Hits: 661
  Common Phrase Hits: 0
  User Cache Hits: 2070
  Multi-turn Hits: 38

### PREFIX CACHING ###
  Prefix Hits: 127
  Prefix Misses: 442
  System Prompt Reuse: 127
  Bytes Saved: 0.10GiB

### MULTI-TURN CONVERSATIONS ###
  Multi-turn Cache Hits: 38
  Multi-turn Cache Misses: 282
  Multi-turn Hit Rate: 11.9%

### QOS LATENCY METRICS (Informational - includes simulated generation) ###

  INTERACTIVE:
    Requests: 400
    Latency P95: 410581.37 ms
    Latency P99: 416916.89 ms
    SLA Met: [X] (compliance: 0.0%)

  RESPONSIVE:
    Requests: 96
    Latency P95: 255757.27 ms
    Latency P99: 333478.71 ms
    SLA Met: [X] (compliance: 0.0%)

  BATCH:
    Requests: 61
    Latency P95: 181167.24 ms
    Latency P99: 224520.62 ms
    SLA Met: [X] (compliance: 0.0%)

================================================================================
NOTES:
  - Pure storage I/O benchmark (no generation simulation)
================================================================================

Integrated Multi-User KV Cache Benchmark - MLPerf Edition
Model: Llama 3.1 8B
GPU Memory: 0 GB
Users: 200
Duration: 300s
Seed: 140
Generation Mode: none (0.0ms/token)
Features:
  - Phase-Aware Processing: Enabled
  - Multi-turn Conversations: Enabled
  - Prefix Caching: Enabled
  - RAG Workload: Disabled
  - Autoscaling: Disabled
  - QoS Support: Enabled (Interactive/Responsive/Batch)
  - Trace-Driven (BurstGPT): Disabled
  - ShareGPT Dataset: Disabled
  - Max Concurrent Allocations: 16 (bounds RAM usage)
================================================================================

User Context Length Distribution:
  Min: 586 tokens (73.25MiB)
  Max: 24364 tokens (3045.50MiB)
  Mean: 8371 tokens (1046.34MiB)

QoS Distribution:
  interactive: 28 users
  responsive: 74 users
  batch: 98 users

### MEMORY SAFETY CHECK ###
  Formula: peak = (workers x 2 x mean_entry_bytes) + baseline
         = (200 x 2 x 1000MiB) + 2.5GiB
         = 393.1GiB
  Available RAM: 991.5GiB
  Mean entry size: 1000MiB  (8000 tok x 131,072 B/tok)
  Peak per thread: 2000MiB  (np.load + np.array copy)
  Worker threads: 200
  Safe concurrent readers: ~506  = (available - baseline) / peak_per_thread
  Status: OK

Starting benchmark... Mode: standard (prefill+decode)
--------------------------------------------------------------------------------

================================================================================
BENCHMARK RESULTS - MLPerf KV Cache Storage Benchmark
Generation Mode: none (0.0ms/token)
================================================================================

IMPORTANT: All storage latencies below are measured per KV cache BLOCK,
not per token or per disk page.  Each block holds the full KV state for
one request (all layers, all heads, full sequence length).
  Model KV bytes/token: 131,072 bytes (128.0KiB)
  Entries in cache: 696
  Block size min:   19.4MiB
  Block size mean:  445.9MiB
  Block size P95:   1288.4MiB
  Block size max:   2893.8MiB
  A 200MiB block at 1GiB/s NVMe read = ~200 ms device latency.
  Compare latencies against block sizes, not against 4KiB page I/O.


### OVERALL PERFORMANCE ###
Requests Completed: 675
Total Tokens Generated: 101882
Throughput (wall-clock): 339.42 tokens/sec
Throughput (storage I/O): 6.34 tokens/sec
Requests/sec: 2.25

### END-TO-END LATENCY (Queue Wait + Storage I/O + Generation) ###
  Mean: 200929.34 ms
  P50:  200539.29 ms
  P95:  383910.18 ms
  P99:  398851.65 ms

### PER-REQUEST STORAGE LATENCY (All I/O ops for one request) ###
  Mean: 23809.40 ms
  P50:  16847.19 ms
  P95:  66938.26 ms
  P99:  116477.58 ms
  (= 1 prefill write + N decode reads per request)

### STORAGE PERFORMANCE ###
  Cache Hit Rate: 91.4%
  Total Read: 1732.04GiB
  Total Write: 303.09GiB
  Read/Write Ratio: 5.71
  Storage KV Read Operations/sec: 13.25
  Storage KV Write Operations/sec: 2.32

### CACHE TIER DISTRIBUTION ###
  GPU Entries: 0 (0.00GiB)
  CPU Entries: 0 (0.00GiB)
  Storage Entries: 696

### TIER-SPECIFIC KV BYTES ###
  Storage KV Bytes Written: 303.09GiB
  Storage KV Bytes Read: 1732.04GiB

### STORAGE KV BANDWIDTH ###
  Storage KV Read Bandwidth: 5.77GiB/s
  Storage KV Write Bandwidth: 1.01GiB/s

### TIER-SPECIFIC LATENCIES (Total = Host + Device) ###
  Storage Read P95 (Total): 11194.90 ms
  Storage Write P95 (Total): 6285.71 ms

### STORAGE TIER LATENCY BREAKDOWN (Device = Disk I/O, Host = Serialization) ###
  Storage Read:
    - Device P95 (Disk I/O): 9361.35 ms
    - Host P95 (Serialization): 4125.21 ms
    - Total P95: 11194.90 ms
  Storage Write:
    - Device P95 (Disk I/O): 1107.98 ms
    - Host P95 (Serialization): 5836.69 ms
    - Total P95: 6285.71 ms

### CACHE TYPE BREAKDOWNS ###
  System Prompt Hits: 661
  Common Phrase Hits: 0
  User Cache Hits: 3294
  Multi-turn Hits: 19

### PREFIX CACHING ###
  Prefix Hits: 125
  Prefix Misses: 571
  System Prompt Reuse: 125
  Bytes Saved: 0.10GiB

### MULTI-TURN CONVERSATIONS ###
  Multi-turn Cache Hits: 19
  Multi-turn Cache Misses: 250
  Multi-turn Hit Rate: 7.1%

### QOS LATENCY METRICS (Informational - includes simulated generation) ###

  INTERACTIVE:
    Requests: 529
    Latency P95: 385596.18 ms
    Latency P99: 399093.78 ms
    SLA Met: [X] (compliance: 0.0%)

  RESPONSIVE:
    Requests: 70
    Latency P95: 194367.86 ms
    Latency P99: 224404.77 ms
    SLA Met: [X] (compliance: 0.0%)

  BATCH:
    Requests: 76
    Latency P95: 162115.25 ms
    Latency P99: 213634.27 ms
    SLA Met: [X] (compliance: 0.0%)

================================================================================
NOTES:
  - Pure storage I/O benchmark (no generation simulation)
================================================================================

Integrated Multi-User KV Cache Benchmark - MLPerf Edition
Model: Llama 3.1 8B
GPU Memory: 0 GB
Users: 200
Duration: 300s
Seed: 206
Generation Mode: none (0.0ms/token)
Features:
  - Phase-Aware Processing: Enabled
  - Multi-turn Conversations: Enabled
  - Prefix Caching: Enabled
  - RAG Workload: Disabled
  - Autoscaling: Disabled
  - QoS Support: Enabled (Interactive/Responsive/Batch)
  - Trace-Driven (BurstGPT): Disabled
  - ShareGPT Dataset: Disabled
  - Max Concurrent Allocations: 16 (bounds RAM usage)
================================================================================

User Context Length Distribution:
  Min: 535 tokens (66.88MiB)
  Max: 24979 tokens (3122.38MiB)
  Mean: 9402 tokens (1175.29MiB)

QoS Distribution:
  interactive: 31 users
  responsive: 73 users
  batch: 96 users

### MEMORY SAFETY CHECK ###
  Formula: peak = (workers x 2 x mean_entry_bytes) + baseline
         = (200 x 2 x 1000MiB) + 2.5GiB
         = 393.1GiB
  Available RAM: 989.7GiB
  Mean entry size: 1000MiB  (8000 tok x 131,072 B/tok)
  Peak per thread: 2000MiB  (np.load + np.array copy)
  Worker threads: 200
  Safe concurrent readers: ~505  = (available - baseline) / peak_per_thread
  Status: OK

Starting benchmark... Mode: standard (prefill+decode)
--------------------------------------------------------------------------------

================================================================================
BENCHMARK RESULTS - MLPerf KV Cache Storage Benchmark
Generation Mode: none (0.0ms/token)
================================================================================

IMPORTANT: All storage latencies below are measured per KV cache BLOCK,
not per token or per disk page.  Each block holds the full KV state for
one request (all layers, all heads, full sequence length).
  Model KV bytes/token: 131,072 bytes (128.0KiB)
  Entries in cache: 702
  Block size min:   18.5MiB
  Block size mean:  592.6MiB
  Block size P95:   1847.7MiB
  Block size max:   2944.1MiB
  A 200MiB block at 1GiB/s NVMe read = ~200 ms device latency.
  Compare latencies against block sizes, not against 4KiB page I/O.


### OVERALL PERFORMANCE ###
Requests Completed: 688
Total Tokens Generated: 98097
Throughput (wall-clock): 325.75 tokens/sec
Throughput (storage I/O): 5.73 tokens/sec
Requests/sec: 2.28

### END-TO-END LATENCY (Queue Wait + Storage I/O + Generation) ###
  Mean: 200297.16 ms
  P50:  198722.63 ms
  P95:  404156.10 ms
  P99:  410960.92 ms

### PER-REQUEST STORAGE LATENCY (All I/O ops for one request) ###
  Mean: 24896.55 ms
  P50:  16119.33 ms
  P95:  73334.67 ms
  P99:  118664.07 ms
  (= 1 prefill write + N decode reads per request)

### STORAGE PERFORMANCE ###
  Cache Hit Rate: 87.5%
  Total Read: 1550.34GiB
  Total Write: 406.26GiB
  Read/Write Ratio: 3.82
  Storage KV Read Operations/sec: 11.25
  Storage KV Write Operations/sec: 2.34

### CACHE TIER DISTRIBUTION ###
  GPU Entries: 0 (0.00GiB)
  CPU Entries: 0 (0.00GiB)
  Storage Entries: 702

### TIER-SPECIFIC KV BYTES ###
  Storage KV Bytes Written: 406.26GiB
  Storage KV Bytes Read: 1550.34GiB

### STORAGE KV BANDWIDTH ###
  Storage KV Read Bandwidth: 5.15GiB/s
  Storage KV Write Bandwidth: 1.35GiB/s

### TIER-SPECIFIC LATENCIES (Total = Host + Device) ###
  Storage Read P95 (Total): 12847.97 ms
  Storage Write P95 (Total): 8097.60 ms

### STORAGE TIER LATENCY BREAKDOWN (Device = Disk I/O, Host = Serialization) ###
  Storage Read:
    - Device P95 (Disk I/O): 10410.87 ms
    - Host P95 (Serialization): 4760.02 ms
    - Total P95: 12847.97 ms
  Storage Write:
    - Device P95 (Disk I/O): 1101.31 ms
    - Host P95 (Serialization): 7843.12 ms
    - Total P95: 8097.60 ms

### CACHE TYPE BREAKDOWNS ###
  System Prompt Hits: 672
  Common Phrase Hits: 0
  User Cache Hits: 2687
  Multi-turn Hits: 16

### PREFIX CACHING ###
  Prefix Hits: 142
  Prefix Misses: 560
  System Prompt Reuse: 142
  Bytes Saved: 0.12GiB

### MULTI-TURN CONVERSATIONS ###
  Multi-turn Cache Hits: 16
  Multi-turn Cache Misses: 340
  Multi-turn Hit Rate: 4.5%

### QOS LATENCY METRICS (Informational - includes simulated generation) ###

  INTERACTIVE:
    Requests: 529
    Latency P95: 405279.15 ms
    Latency P99: 413439.03 ms
    SLA Met: [X] (compliance: 0.0%)

  RESPONSIVE:
    Requests: 86
    Latency P95: 159247.20 ms
    Latency P99: 215753.21 ms
    SLA Met: [X] (compliance: 0.0%)

  BATCH:
    Requests: 73
    Latency P95: 172833.71 ms
    Latency P99: 282046.74 ms
    SLA Met: [X] (compliance: 0.0%)

================================================================================
NOTES:
  - Pure storage I/O benchmark (no generation simulation)
================================================================================

Integrated Multi-User KV Cache Benchmark - MLPerf Edition
Model: Llama 3.1 8B
GPU Memory: 0 GB
Users: 200
Duration: 300s
Seed: 199
Generation Mode: none (0.0ms/token)
Features:
  - Phase-Aware Processing: Enabled
  - Multi-turn Conversations: Enabled
  - Prefix Caching: Enabled
  - RAG Workload: Disabled
  - Autoscaling: Disabled
  - QoS Support: Enabled (Interactive/Responsive/Batch)
  - Trace-Driven (BurstGPT): Disabled
  - ShareGPT Dataset: Disabled
  - Max Concurrent Allocations: 16 (bounds RAM usage)
================================================================================

User Context Length Distribution:
  Min: 566 tokens (70.75MiB)
  Max: 23990 tokens (2998.75MiB)
  Mean: 9232 tokens (1154.04MiB)

QoS Distribution:
  interactive: 25 users
  responsive: 75 users
  batch: 100 users

### MEMORY SAFETY CHECK ###
  Formula: peak = (workers x 2 x mean_entry_bytes) + baseline
         = (200 x 2 x 1000MiB) + 2.5GiB
         = 393.1GiB
  Available RAM: 988.9GiB
  Mean entry size: 1000MiB  (8000 tok x 131,072 B/tok)
  Peak per thread: 2000MiB  (np.load + np.array copy)
  Worker threads: 200
  Safe concurrent readers: ~505  = (available - baseline) / peak_per_thread
  Status: OK

Starting benchmark... Mode: standard (prefill+decode)
--------------------------------------------------------------------------------

================================================================================
BENCHMARK RESULTS - MLPerf KV Cache Storage Benchmark
Generation Mode: none (0.0ms/token)
================================================================================

IMPORTANT: All storage latencies below are measured per KV cache BLOCK,
not per token or per disk page.  Each block holds the full KV state for
one request (all layers, all heads, full sequence length).
  Model KV bytes/token: 131,072 bytes (128.0KiB)
  Entries in cache: 634
  Block size min:   27.8MiB
  Block size mean:  494.1MiB
  Block size P95:   1453.7MiB
  Block size max:   2526.0MiB
  A 200MiB block at 1GiB/s NVMe read = ~200 ms device latency.
  Compare latencies against block sizes, not against 4KiB page I/O.


### OVERALL PERFORMANCE ###
Requests Completed: 616
Total Tokens Generated: 87933
Throughput (wall-clock): 291.79 tokens/sec
Throughput (storage I/O): 4.66 tokens/sec
Requests/sec: 2.04

### END-TO-END LATENCY (Queue Wait + Storage I/O + Generation) ###
  Mean: 192669.19 ms
  P50:  189461.39 ms
  P95:  371137.97 ms
  P99:  395318.18 ms

### PER-REQUEST STORAGE LATENCY (All I/O ops for one request) ###
  Mean: 30643.86 ms
  P50:  21530.23 ms
  P95:  92700.84 ms
  P99:  129526.95 ms
  (= 1 prefill write + N decode reads per request)

### STORAGE PERFORMANCE ###
  Cache Hit Rate: 66.3%
  Total Read: 2019.06GiB
  Total Write: 305.91GiB
  Read/Write Ratio: 6.60
  Storage KV Read Operations/sec: 14.06
  Storage KV Write Operations/sec: 2.11

### CACHE TIER DISTRIBUTION ###
  GPU Entries: 0 (0.00GiB)
  CPU Entries: 0 (0.00GiB)
  Storage Entries: 634

### TIER-SPECIFIC KV BYTES ###
  Storage KV Bytes Written: 305.91GiB
  Storage KV Bytes Read: 2019.06GiB

### STORAGE KV BANDWIDTH ###
  Storage KV Read Bandwidth: 6.70GiB/s
  Storage KV Write Bandwidth: 1.02GiB/s

### TIER-SPECIFIC LATENCIES (Total = Host + Device) ###
  Storage Read P95 (Total): 13537.56 ms
  Storage Write P95 (Total): 6822.70 ms

### STORAGE TIER LATENCY BREAKDOWN (Device = Disk I/O, Host = Serialization) ###
  Storage Read:
    - Device P95 (Disk I/O): 11952.60 ms
    - Host P95 (Serialization): 4491.56 ms
    - Total P95: 13537.56 ms
  Storage Write:
    - Device P95 (Disk I/O): 1175.41 ms
    - Host P95 (Serialization): 6666.82 ms
    - Total P95: 6822.70 ms

### CACHE TYPE BREAKDOWNS ###
  System Prompt Hits: 496
  Common Phrase Hits: 0
  User Cache Hits: 2755
  Multi-turn Hits: 966

### PREFIX CACHING ###
  Prefix Hits: 104
  Prefix Misses: 537
  System Prompt Reuse: 104
  Bytes Saved: 0.09GiB

### MULTI-TURN CONVERSATIONS ###
  Multi-turn Cache Hits: 962
  Multi-turn Cache Misses: 2037
  Multi-turn Hit Rate: 32.1%

### QOS LATENCY METRICS (Informational - includes simulated generation) ###

  INTERACTIVE:
    Requests: 461
    Latency P95: 375763.30 ms
    Latency P99: 400589.26 ms
    SLA Met: [X] (compliance: 0.0%)

  RESPONSIVE:
    Requests: 83
    Latency P95: 221909.16 ms
    Latency P99: 321299.39 ms
    SLA Met: [X] (compliance: 0.0%)

  BATCH:
    Requests: 72
    Latency P95: 181532.24 ms
    Latency P99: 216675.86 ms
    SLA Met: [X] (compliance: 0.0%)

================================================================================
NOTES:
  - Pure storage I/O benchmark (no generation simulation)
================================================================================

Integrated Multi-User KV Cache Benchmark - MLPerf Edition
Model: Llama 3.1 8B
GPU Memory: 0 GB
Users: 200
Duration: 300s
Seed: 102
Generation Mode: none (0.0ms/token)
Features:
  - Phase-Aware Processing: Enabled
  - Multi-turn Conversations: Enabled
  - Prefix Caching: Enabled
  - RAG Workload: Disabled
  - Autoscaling: Disabled
  - QoS Support: Enabled (Interactive/Responsive/Batch)
  - Trace-Driven (BurstGPT): Disabled
  - ShareGPT Dataset: Disabled
  - Max Concurrent Allocations: 16 (bounds RAM usage)
================================================================================

User Context Length Distribution:
  Min: 545 tokens (68.12MiB)
  Max: 24882 tokens (3110.25MiB)
  Mean: 8970 tokens (1121.27MiB)

QoS Distribution:
  interactive: 22 users
  responsive: 70 users
  batch: 108 users

### MEMORY SAFETY CHECK ###
  Formula: peak = (workers x 2 x mean_entry_bytes) + baseline
         = (200 x 2 x 1000MiB) + 2.5GiB
         = 393.1GiB
  Available RAM: 990.4GiB
  Mean entry size: 1000MiB  (8000 tok x 131,072 B/tok)
  Peak per thread: 2000MiB  (np.load + np.array copy)
  Worker threads: 200
  Safe concurrent readers: ~505  = (available - baseline) / peak_per_thread
  Status: OK

Starting benchmark... Mode: standard (prefill+decode)
--------------------------------------------------------------------------------

================================================================================
BENCHMARK RESULTS - MLPerf KV Cache Storage Benchmark
Generation Mode: none (0.0ms/token)
================================================================================

IMPORTANT: All storage latencies below are measured per KV cache BLOCK,
not per token or per disk page.  Each block holds the full KV state for
one request (all layers, all heads, full sequence length).
  Model KV bytes/token: 131,072 bytes (128.0KiB)
  Entries in cache: 573
  Block size min:   39.2MiB
  Block size mean:  534.8MiB
  Block size P95:   1582.0MiB
  Block size max:   2417.9MiB
  A 200MiB block at 1GiB/s NVMe read = ~200 ms device latency.
  Compare latencies against block sizes, not against 4KiB page I/O.


### OVERALL PERFORMANCE ###
Requests Completed: 557
Total Tokens Generated: 86203
Throughput (wall-clock): 284.56 tokens/sec
Throughput (storage I/O): 4.77 tokens/sec
Requests/sec: 1.84

### END-TO-END LATENCY (Queue Wait + Storage I/O + Generation) ###
  Mean: 203188.91 ms
  P50:  208195.37 ms
  P95:  377990.74 ms
  P99:  407606.96 ms

### PER-REQUEST STORAGE LATENCY (All I/O ops for one request) ###
  Mean: 32476.66 ms
  P50:  22859.56 ms
  P95:  88030.83 ms
  P99:  137820.63 ms
  (= 1 prefill write + N decode reads per request)

### STORAGE PERFORMANCE ###
  Cache Hit Rate: 66.4%
  Total Read: 1684.05GiB
  Total Write: 299.25GiB
  Read/Write Ratio: 5.63
  Storage KV Read Operations/sec: 12.24
  Storage KV Write Operations/sec: 1.91

### CACHE TIER DISTRIBUTION ###
  GPU Entries: 0 (0.00GiB)
  CPU Entries: 0 (0.00GiB)
  Storage Entries: 573

### TIER-SPECIFIC KV BYTES ###
  Storage KV Bytes Written: 299.25GiB
  Storage KV Bytes Read: 1684.05GiB

### STORAGE KV BANDWIDTH ###
  Storage KV Read Bandwidth: 5.56GiB/s
  Storage KV Write Bandwidth: 0.99GiB/s

### TIER-SPECIFIC LATENCIES (Total = Host + Device) ###
  Storage Read P95 (Total): 13785.32 ms
  Storage Write P95 (Total): 7448.59 ms

### STORAGE TIER LATENCY BREAKDOWN (Device = Disk I/O, Host = Serialization) ###
  Storage Read:
    - Device P95 (Disk I/O): 11854.84 ms
    - Host P95 (Serialization): 4796.03 ms
    - Total P95: 13785.32 ms
  Storage Write:
    - Device P95 (Disk I/O): 943.95 ms
    - Host P95 (Serialization): 7414.88 ms
    - Total P95: 7448.59 ms

### CACHE TYPE BREAKDOWNS ###
  System Prompt Hits: 579
  Common Phrase Hits: 0
  User Cache Hits: 2460
  Multi-turn Hits: 634

### PREFIX CACHING ###
  Prefix Hits: 109
  Prefix Misses: 469
  System Prompt Reuse: 109
  Bytes Saved: 0.09GiB

### MULTI-TURN CONVERSATIONS ###
  Multi-turn Cache Hits: 632
  Multi-turn Cache Misses: 1750
  Multi-turn Hit Rate: 26.5%

### QOS LATENCY METRICS (Informational - includes simulated generation) ###

  INTERACTIVE:
    Requests: 386
    Latency P95: 388233.06 ms
    Latency P99: 410402.19 ms
    SLA Met: [X] (compliance: 0.0%)

  RESPONSIVE:
    Requests: 69
    Latency P95: 222097.47 ms
    Latency P99: 266595.38 ms
    SLA Met: [X] (compliance: 0.0%)

  BATCH:
    Requests: 102
    Latency P95: 198944.41 ms
    Latency P99: 264834.47 ms
    SLA Met: [X] (compliance: 0.0%)

================================================================================
NOTES:
  - Pure storage I/O benchmark (no generation simulation)
================================================================================

Integrated Multi-User KV Cache Benchmark - MLPerf Edition
Model: Llama 3.1 8B
GPU Memory: 0 GB
Users: 200
Duration: 300s
Seed: 211
Generation Mode: none (0.0ms/token)
Features:
  - Phase-Aware Processing: Enabled
  - Multi-turn Conversations: Enabled
  - Prefix Caching: Enabled
  - RAG Workload: Disabled
  - Autoscaling: Disabled
  - QoS Support: Enabled (Interactive/Responsive/Batch)
  - Trace-Driven (BurstGPT): Disabled
  - ShareGPT Dataset: Disabled
  - Max Concurrent Allocations: 16 (bounds RAM usage)
================================================================================

User Context Length Distribution:
  Min: 628 tokens (78.50MiB)
  Max: 24145 tokens (3018.12MiB)
  Mean: 9080 tokens (1135.04MiB)

QoS Distribution:
  interactive: 30 users
  responsive: 66 users
  batch: 104 users

### MEMORY SAFETY CHECK ###
  Formula: peak = (workers x 2 x mean_entry_bytes) + baseline
         = (200 x 2 x 1000MiB) + 2.5GiB
         = 393.1GiB
  Available RAM: 990.6GiB
  Mean entry size: 1000MiB  (8000 tok x 131,072 B/tok)
  Peak per thread: 2000MiB  (np.load + np.array copy)
  Worker threads: 200
  Safe concurrent readers: ~505  = (available - baseline) / peak_per_thread
  Status: OK

Starting benchmark... Mode: standard (prefill+decode)
--------------------------------------------------------------------------------

================================================================================
BENCHMARK RESULTS - MLPerf KV Cache Storage Benchmark
Generation Mode: none (0.0ms/token)
================================================================================

IMPORTANT: All storage latencies below are measured per KV cache BLOCK,
not per token or per disk page.  Each block holds the full KV state for
one request (all layers, all heads, full sequence length).
  Model KV bytes/token: 131,072 bytes (128.0KiB)
  Entries in cache: 671
  Block size min:   18.9MiB
  Block size mean:  554.7MiB
  Block size P95:   1612.8MiB
  Block size max:   2392.4MiB
  A 200MiB block at 1GiB/s NVMe read = ~200 ms device latency.
  Compare latencies against block sizes, not against 4KiB page I/O.


### OVERALL PERFORMANCE ###
Requests Completed: 661
Total Tokens Generated: 96888
Throughput (wall-clock): 322.96 tokens/sec
Throughput (storage I/O): 5.14 tokens/sec
Requests/sec: 2.20

### END-TO-END LATENCY (Queue Wait + Storage I/O + Generation) ###
  Mean: 197026.31 ms
  P50:  177555.30 ms
  P95:  404492.66 ms
  P99:  415529.58 ms

### PER-REQUEST STORAGE LATENCY (All I/O ops for one request) ###
  Mean: 28542.91 ms
  P50:  22084.56 ms
  P95:  74756.58 ms
  P99:  134580.14 ms
  (= 1 prefill write + N decode reads per request)

### STORAGE PERFORMANCE ###
  Cache Hit Rate: 90.9%
  Total Read: 1597.99GiB
  Total Write: 363.49GiB
  Read/Write Ratio: 4.40
  Storage KV Read Operations/sec: 11.45
  Storage KV Write Operations/sec: 2.24

### CACHE TIER DISTRIBUTION ###
  GPU Entries: 0 (0.00GiB)
  CPU Entries: 0 (0.00GiB)
  Storage Entries: 671

### TIER-SPECIFIC KV BYTES ###
  Storage KV Bytes Written: 363.49GiB
  Storage KV Bytes Read: 1597.99GiB

### STORAGE KV BANDWIDTH ###
  Storage KV Read Bandwidth: 5.33GiB/s
  Storage KV Write Bandwidth: 1.21GiB/s

### TIER-SPECIFIC LATENCIES (Total = Host + Device) ###
  Storage Read P95 (Total): 13550.66 ms
  Storage Write P95 (Total): 7375.50 ms

### STORAGE TIER LATENCY BREAKDOWN (Device = Disk I/O, Host = Serialization) ###
  Storage Read:
    - Device P95 (Disk I/O): 11624.08 ms
    - Host P95 (Serialization): 5105.64 ms
    - Total P95: 13550.66 ms
  Storage Write:
    - Device P95 (Disk I/O): 744.41 ms
    - Host P95 (Serialization): 7328.26 ms
    - Total P95: 7375.50 ms

### CACHE TYPE BREAKDOWNS ###
  System Prompt Hits: 712
  Common Phrase Hits: 0
  User Cache Hits: 2690
  Multi-turn Hits: 32

### PREFIX CACHING ###
  Prefix Hits: 128
  Prefix Misses: 543
  System Prompt Reuse: 128
  Bytes Saved: 0.10GiB

### MULTI-TURN CONVERSATIONS ###
  Multi-turn Cache Hits: 32
  Multi-turn Cache Misses: 215
  Multi-turn Hit Rate: 13.0%

### QOS LATENCY METRICS (Informational - includes simulated generation) ###

  INTERACTIVE:
    Requests: 516
    Latency P95: 406345.26 ms
    Latency P99: 416204.72 ms
    SLA Met: [X] (compliance: 0.0%)

  RESPONSIVE:
    Requests: 87
    Latency P95: 207374.17 ms
    Latency P99: 250856.34 ms
    SLA Met: [X] (compliance: 0.0%)

  BATCH:
    Requests: 58
    Latency P95: 148190.75 ms
    Latency P99: 231852.07 ms
    SLA Met: [X] (compliance: 0.0%)

================================================================================
NOTES:
  - Pure storage I/O benchmark (no generation simulation)
================================================================================

Integrated Multi-User KV Cache Benchmark - MLPerf Edition
Model: Llama 3.1 8B
GPU Memory: 0 GB
Users: 200
Duration: 300s
Seed: 167
Generation Mode: none (0.0ms/token)
Features:
  - Phase-Aware Processing: Enabled
  - Multi-turn Conversations: Enabled
  - Prefix Caching: Enabled
  - RAG Workload: Disabled
  - Autoscaling: Disabled
  - QoS Support: Enabled (Interactive/Responsive/Batch)
  - Trace-Driven (BurstGPT): Disabled
  - ShareGPT Dataset: Disabled
  - Max Concurrent Allocations: 16 (bounds RAM usage)
================================================================================

User Context Length Distribution:
  Min: 600 tokens (75.00MiB)
  Max: 24891 tokens (3111.38MiB)
  Mean: 9350 tokens (1168.78MiB)

QoS Distribution:
  interactive: 30 users
  responsive: 70 users
  batch: 100 users

### MEMORY SAFETY CHECK ###
  Formula: peak = (workers x 2 x mean_entry_bytes) + baseline
         = (200 x 2 x 1000MiB) + 2.5GiB
         = 393.1GiB
  Available RAM: 991.2GiB
  Mean entry size: 1000MiB  (8000 tok x 131,072 B/tok)
  Peak per thread: 2000MiB  (np.load + np.array copy)
  Worker threads: 200
  Safe concurrent readers: ~506  = (available - baseline) / peak_per_thread
  Status: OK

Starting benchmark... Mode: standard (prefill+decode)
--------------------------------------------------------------------------------

================================================================================
BENCHMARK RESULTS - MLPerf KV Cache Storage Benchmark
Generation Mode: none (0.0ms/token)
================================================================================

IMPORTANT: All storage latencies below are measured per KV cache BLOCK,
not per token or per disk page.  Each block holds the full KV state for
one request (all layers, all heads, full sequence length).
  Model KV bytes/token: 131,072 bytes (128.0KiB)
  Entries in cache: 605
  Block size min:   23.8MiB
  Block size mean:  699.5MiB
  Block size P95:   2173.8MiB
  Block size max:   3008.1MiB
  A 200MiB block at 1GiB/s NVMe read = ~200 ms device latency.
  Compare latencies against block sizes, not against 4KiB page I/O.


### OVERALL PERFORMANCE ###
Requests Completed: 595
Total Tokens Generated: 94907
Throughput (wall-clock): 311.00 tokens/sec
Throughput (storage I/O): 5.47 tokens/sec
Requests/sec: 1.95

### END-TO-END LATENCY (Queue Wait + Storage I/O + Generation) ###
  Mean: 199855.32 ms
  P50:  175052.32 ms
  P95:  407764.41 ms
  P99:  419922.19 ms

### PER-REQUEST STORAGE LATENCY (All I/O ops for one request) ###
  Mean: 29166.62 ms
  P50:  17794.04 ms
  P95:  92982.43 ms
  P99:  157838.54 ms
  (= 1 prefill write + N decode reads per request)

### STORAGE PERFORMANCE ###
  Cache Hit Rate: 79.0%
  Total Read: 1372.44GiB
  Total Write: 413.29GiB
  Read/Write Ratio: 3.32
  Storage KV Read Operations/sec: 9.92
  Storage KV Write Operations/sec: 2.02

### CACHE TIER DISTRIBUTION ###
  GPU Entries: 0 (0.00GiB)
  CPU Entries: 0 (0.00GiB)
  Storage Entries: 605

### TIER-SPECIFIC KV BYTES ###
  Storage KV Bytes Written: 413.29GiB
  Storage KV Bytes Read: 1372.44GiB

### STORAGE KV BANDWIDTH ###
  Storage KV Read Bandwidth: 4.50GiB/s
  Storage KV Write Bandwidth: 1.35GiB/s

### TIER-SPECIFIC LATENCIES (Total = Host + Device) ###
  Storage Read P95 (Total): 16113.80 ms
  Storage Write P95 (Total): 9997.91 ms

### STORAGE TIER LATENCY BREAKDOWN (Device = Disk I/O, Host = Serialization) ###
  Storage Read:
    - Device P95 (Disk I/O): 14245.49 ms
    - Host P95 (Serialization): 5615.22 ms
    - Total P95: 16113.80 ms
  Storage Write:
    - Device P95 (Disk I/O): 2003.53 ms
    - Host P95 (Serialization): 9053.59 ms
    - Total P95: 9997.91 ms

### CACHE TYPE BREAKDOWNS ###
  System Prompt Hits: 593
  Common Phrase Hits: 0
  User Cache Hits: 2301
  Multi-turn Hits: 81

### PREFIX CACHING ###
  Prefix Hits: 121
  Prefix Misses: 484
  System Prompt Reuse: 121
  Bytes Saved: 0.10GiB

### MULTI-TURN CONVERSATIONS ###
  Multi-turn Cache Hits: 81
  Multi-turn Cache Misses: 671
  Multi-turn Hit Rate: 10.8%

### QOS LATENCY METRICS (Informational - includes simulated generation) ###

  INTERACTIVE:
    Requests: 440
    Latency P95: 409723.64 ms
    Latency P99: 420065.68 ms
    SLA Met: [X] (compliance: 0.0%)

  RESPONSIVE:
    Requests: 62
    Latency P95: 165776.43 ms
    Latency P99: 231162.55 ms
    SLA Met: [X] (compliance: 0.0%)

  BATCH:
    Requests: 93
    Latency P95: 207452.97 ms
    Latency P99: 327364.62 ms
    SLA Met: [X] (compliance: 0.0%)

================================================================================
NOTES:
  - Pure storage I/O benchmark (no generation simulation)
================================================================================

Integrated Multi-User KV Cache Benchmark - MLPerf Edition
Model: Llama 3.1 8B
GPU Memory: 0 GB
Users: 200
Duration: 300s
Seed: 170
Generation Mode: none (0.0ms/token)
Features:
  - Phase-Aware Processing: Enabled
  - Multi-turn Conversations: Enabled
  - Prefix Caching: Enabled
  - RAG Workload: Disabled
  - Autoscaling: Disabled
  - QoS Support: Enabled (Interactive/Responsive/Batch)
  - Trace-Driven (BurstGPT): Disabled
  - ShareGPT Dataset: Disabled
  - Max Concurrent Allocations: 16 (bounds RAM usage)
================================================================================

User Context Length Distribution:
  Min: 532 tokens (66.50MiB)
  Max: 24487 tokens (3060.88MiB)
  Mean: 8715 tokens (1089.42MiB)

QoS Distribution:
  interactive: 27 users
  responsive: 75 users
  batch: 98 users

### MEMORY SAFETY CHECK ###
  Formula: peak = (workers x 2 x mean_entry_bytes) + baseline
         = (200 x 2 x 1000MiB) + 2.5GiB
         = 393.1GiB
  Available RAM: 988.8GiB
  Mean entry size: 1000MiB  (8000 tok x 131,072 B/tok)
  Peak per thread: 2000MiB  (np.load + np.array copy)
  Worker threads: 200
  Safe concurrent readers: ~504  = (available - baseline) / peak_per_thread
  Status: OK

Starting benchmark... Mode: standard (prefill+decode)
--------------------------------------------------------------------------------

================================================================================
BENCHMARK RESULTS - MLPerf KV Cache Storage Benchmark
Generation Mode: none (0.0ms/token)
================================================================================

IMPORTANT: All storage latencies below are measured per KV cache BLOCK,
not per token or per disk page.  Each block holds the full KV state for
one request (all layers, all heads, full sequence length).
  Model KV bytes/token: 131,072 bytes (128.0KiB)
  Entries in cache: 644
  Block size min:   18.6MiB
  Block size mean:  559.4MiB
  Block size P95:   1738.7MiB
  Block size max:   3012.4MiB
  A 200MiB block at 1GiB/s NVMe read = ~200 ms device latency.
  Compare latencies against block sizes, not against 4KiB page I/O.


### OVERALL PERFORMANCE ###
Requests Completed: 634
Total Tokens Generated: 93456
Throughput (wall-clock): 310.35 tokens/sec
Throughput (storage I/O): 5.16 tokens/sec
Requests/sec: 2.11

### END-TO-END LATENCY (Queue Wait + Storage I/O + Generation) ###
  Mean: 196890.79 ms
  P50:  187516.00 ms
  P95:  402338.24 ms
  P99:  414423.97 ms

### PER-REQUEST STORAGE LATENCY (All I/O ops for one request) ###
  Mean: 28592.39 ms
  P50:  19864.47 ms
  P95:  83924.58 ms
  P99:  119158.37 ms
  (= 1 prefill write + N decode reads per request)

### STORAGE PERFORMANCE ###
  Cache Hit Rate: 76.4%
  Total Read: 1685.91GiB
  Total Write: 351.83GiB
  Read/Write Ratio: 4.79
  Storage KV Read Operations/sec: 11.33
  Storage KV Write Operations/sec: 2.15

### CACHE TIER DISTRIBUTION ###
  GPU Entries: 0 (0.00GiB)
  CPU Entries: 0 (0.00GiB)
  Storage Entries: 644

### TIER-SPECIFIC KV BYTES ###
  Storage KV Bytes Written: 351.83GiB
  Storage KV Bytes Read: 1685.91GiB

### STORAGE KV BANDWIDTH ###
  Storage KV Read Bandwidth: 5.60GiB/s
  Storage KV Write Bandwidth: 1.17GiB/s

### TIER-SPECIFIC LATENCIES (Total = Host + Device) ###
  Storage Read P95 (Total): 15216.45 ms
  Storage Write P95 (Total): 8839.93 ms

### STORAGE TIER LATENCY BREAKDOWN (Device = Disk I/O, Host = Serialization) ###
  Storage Read:
    - Device P95 (Disk I/O): 12498.71 ms
    - Host P95 (Serialization): 4871.20 ms
    - Total P95: 15216.45 ms
  Storage Write:
    - Device P95 (Disk I/O): 1419.15 ms
    - Host P95 (Serialization): 8172.02 ms
    - Total P95: 8839.93 ms

### CACHE TYPE BREAKDOWNS ###
  System Prompt Hits: 598
  Common Phrase Hits: 0
  User Cache Hits: 2682
  Multi-turn Hits: 118

### PREFIX CACHING ###
  Prefix Hits: 130
  Prefix Misses: 515
  System Prompt Reuse: 130
  Bytes Saved: 0.11GiB

### MULTI-TURN CONVERSATIONS ###
  Multi-turn Cache Hits: 117
  Multi-turn Cache Misses: 922
  Multi-turn Hit Rate: 11.3%

### QOS LATENCY METRICS (Informational - includes simulated generation) ###

  INTERACTIVE:
    Requests: 464
    Latency P95: 403917.88 ms
    Latency P99: 416307.10 ms
    SLA Met: [X] (compliance: 0.0%)

  RESPONSIVE:
    Requests: 79
    Latency P95: 203799.43 ms
    Latency P99: 229024.37 ms
    SLA Met: [X] (compliance: 0.0%)

  BATCH:
    Requests: 91
    Latency P95: 133965.47 ms
    Latency P99: 188970.89 ms
    SLA Met: [X] (compliance: 0.0%)

================================================================================
NOTES:
  - Pure storage I/O benchmark (no generation simulation)
================================================================================

Integrated Multi-User KV Cache Benchmark - MLPerf Edition
Model: Llama 3.1 8B
GPU Memory: 0 GB
Users: 200
Duration: 300s
Seed: 244
Generation Mode: none (0.0ms/token)
Features:
  - Phase-Aware Processing: Enabled
  - Multi-turn Conversations: Enabled
  - Prefix Caching: Enabled
  - RAG Workload: Disabled
  - Autoscaling: Disabled
  - QoS Support: Enabled (Interactive/Responsive/Batch)
  - Trace-Driven (BurstGPT): Disabled
  - ShareGPT Dataset: Disabled
  - Max Concurrent Allocations: 16 (bounds RAM usage)
================================================================================

User Context Length Distribution:
  Min: 513 tokens (64.12MiB)
  Max: 24931 tokens (3116.38MiB)
  Mean: 9561 tokens (1195.18MiB)

QoS Distribution:
  interactive: 27 users
  responsive: 63 users
  batch: 110 users

### MEMORY SAFETY CHECK ###
  Formula: peak = (workers x 2 x mean_entry_bytes) + baseline
         = (200 x 2 x 1000MiB) + 2.5GiB
         = 393.1GiB
  Available RAM: 991.1GiB
  Mean entry size: 1000MiB  (8000 tok x 131,072 B/tok)
  Peak per thread: 2000MiB  (np.load + np.array copy)
  Worker threads: 200
  Safe concurrent readers: ~506  = (available - baseline) / peak_per_thread
  Status: OK

Starting benchmark... Mode: standard (prefill+decode)
--------------------------------------------------------------------------------

================================================================================
BENCHMARK RESULTS - MLPerf KV Cache Storage Benchmark
Generation Mode: none (0.0ms/token)
================================================================================

IMPORTANT: All storage latencies below are measured per KV cache BLOCK,
not per token or per disk page.  Each block holds the full KV state for
one request (all layers, all heads, full sequence length).
  Model KV bytes/token: 131,072 bytes (128.0KiB)
  Entries in cache: 547
  Block size min:   28.9MiB
  Block size mean:  650.7MiB
  Block size P95:   1945.3MiB
  Block size max:   2915.5MiB
  A 200MiB block at 1GiB/s NVMe read = ~200 ms device latency.
  Compare latencies against block sizes, not against 4KiB page I/O.


### OVERALL PERFORMANCE ###
Requests Completed: 530
Total Tokens Generated: 94265
Throughput (wall-clock): 312.13 tokens/sec
Throughput (storage I/O): 5.03 tokens/sec
Requests/sec: 1.75

### END-TO-END LATENCY (Queue Wait + Storage I/O + Generation) ###
  Mean: 209052.38 ms
  P50:  210227.21 ms
  P95:  404601.71 ms
  P99:  418123.20 ms

### PER-REQUEST STORAGE LATENCY (All I/O ops for one request) ###
  Mean: 35376.04 ms
  P50:  21603.82 ms
  P95:  110057.78 ms
  P99:  153127.54 ms
  (= 1 prefill write + N decode reads per request)

### STORAGE PERFORMANCE ###
  Cache Hit Rate: 87.5%
  Total Read: 1790.15GiB
  Total Write: 347.59GiB
  Read/Write Ratio: 5.15
  Storage KV Read Operations/sec: 10.84
  Storage KV Write Operations/sec: 1.82

### CACHE TIER DISTRIBUTION ###
  GPU Entries: 0 (0.00GiB)
  CPU Entries: 0 (0.00GiB)
  Storage Entries: 547

### TIER-SPECIFIC KV BYTES ###
  Storage KV Bytes Written: 347.59GiB
  Storage KV Bytes Read: 1790.15GiB

### STORAGE KV BANDWIDTH ###
  Storage KV Read Bandwidth: 5.93GiB/s
  Storage KV Write Bandwidth: 1.15GiB/s

### TIER-SPECIFIC LATENCIES (Total = Host + Device) ###
  Storage Read P95 (Total): 15748.44 ms
  Storage Write P95 (Total): 10049.44 ms

### STORAGE TIER LATENCY BREAKDOWN (Device = Disk I/O, Host = Serialization) ###
  Storage Read:
    - Device P95 (Disk I/O): 13645.04 ms
    - Host P95 (Serialization): 5615.91 ms
    - Total P95: 15748.44 ms
  Storage Write:
    - Device P95 (Disk I/O): 1111.74 ms
    - Host P95 (Serialization): 9592.33 ms
    - Total P95: 10049.44 ms

### CACHE TYPE BREAKDOWNS ###
  System Prompt Hits: 543
  Common Phrase Hits: 0
  User Cache Hits: 2687
  Multi-turn Hits: 22

### PREFIX CACHING ###
  Prefix Hits: 98
  Prefix Misses: 449
  System Prompt Reuse: 98
  Bytes Saved: 0.08GiB

### MULTI-TURN CONVERSATIONS ###
  Multi-turn Cache Hits: 22
  Multi-turn Cache Misses: 366
  Multi-turn Hit Rate: 5.7%

### QOS LATENCY METRICS (Informational - includes simulated generation) ###

  INTERACTIVE:
    Requests: 372
    Latency P95: 407976.20 ms
    Latency P99: 420758.73 ms
    SLA Met: [X] (compliance: 0.0%)

  RESPONSIVE:
    Requests: 85
    Latency P95: 227607.49 ms
    Latency P99: 287135.28 ms
    SLA Met: [X] (compliance: 0.0%)

  BATCH:
    Requests: 73
    Latency P95: 171838.59 ms
    Latency P99: 237007.51 ms
    SLA Met: [X] (compliance: 0.0%)

================================================================================
NOTES:
  - Pure storage I/O benchmark (no generation simulation)
================================================================================

Integrated Multi-User KV Cache Benchmark - MLPerf Edition
Model: Llama 3.1 8B
GPU Memory: 0 GB
Users: 200
Duration: 300s
Seed: 90
Generation Mode: none (0.0ms/token)
Features:
  - Phase-Aware Processing: Enabled
  - Multi-turn Conversations: Enabled
  - Prefix Caching: Enabled
  - RAG Workload: Disabled
  - Autoscaling: Disabled
  - QoS Support: Enabled (Interactive/Responsive/Batch)
  - Trace-Driven (BurstGPT): Disabled
  - ShareGPT Dataset: Disabled
  - Max Concurrent Allocations: 16 (bounds RAM usage)
================================================================================

User Context Length Distribution:
  Min: 690 tokens (86.25MiB)
  Max: 24675 tokens (3084.38MiB)
  Mean: 9203 tokens (1150.40MiB)

QoS Distribution:
  interactive: 27 users
  responsive: 67 users
  batch: 106 users

### MEMORY SAFETY CHECK ###
  Formula: peak = (workers x 2 x mean_entry_bytes) + baseline
         = (200 x 2 x 1000MiB) + 2.5GiB
         = 393.1GiB
  Available RAM: 990.2GiB
  Mean entry size: 1000MiB  (8000 tok x 131,072 B/tok)
  Peak per thread: 2000MiB  (np.load + np.array copy)
  Worker threads: 200
  Safe concurrent readers: ~505  = (available - baseline) / peak_per_thread
  Status: OK

Starting benchmark... Mode: standard (prefill+decode)
--------------------------------------------------------------------------------

================================================================================
BENCHMARK RESULTS - MLPerf KV Cache Storage Benchmark
Generation Mode: none (0.0ms/token)
================================================================================

IMPORTANT: All storage latencies below are measured per KV cache BLOCK,
not per token or per disk page.  Each block holds the full KV state for
one request (all layers, all heads, full sequence length).
  Model KV bytes/token: 131,072 bytes (128.0KiB)
  Entries in cache: 611
  Block size min:   34.1MiB
  Block size mean:  607.5MiB
  Block size P95:   1667.6MiB
  Block size max:   2763.8MiB
  A 200MiB block at 1GiB/s NVMe read = ~200 ms device latency.
  Compare latencies against block sizes, not against 4KiB page I/O.


### OVERALL PERFORMANCE ###
Requests Completed: 592
Total Tokens Generated: 97953
Throughput (wall-clock): 323.70 tokens/sec
Throughput (storage I/O): 5.57 tokens/sec
Requests/sec: 1.96

### END-TO-END LATENCY (Queue Wait + Storage I/O + Generation) ###
  Mean: 198129.00 ms
  P50:  179706.04 ms
  P95:  395608.76 ms
  P99:  409890.54 ms

### PER-REQUEST STORAGE LATENCY (All I/O ops for one request) ###
  Mean: 29686.74 ms
  P50:  20827.94 ms
  P95:  85848.30 ms
  P99:  140017.26 ms
  (= 1 prefill write + N decode reads per request)

### STORAGE PERFORMANCE ###
  Cache Hit Rate: 82.3%
  Total Read: 1739.29GiB
  Total Write: 362.51GiB
  Read/Write Ratio: 4.80
  Storage KV Read Operations/sec: 11.49
  Storage KV Write Operations/sec: 2.04

### CACHE TIER DISTRIBUTION ###
  GPU Entries: 0 (0.00GiB)
  CPU Entries: 0 (0.00GiB)
  Storage Entries: 611

### TIER-SPECIFIC KV BYTES ###
  Storage KV Bytes Written: 362.51GiB
  Storage KV Bytes Read: 1739.29GiB

### STORAGE KV BANDWIDTH ###
  Storage KV Read Bandwidth: 5.75GiB/s
  Storage KV Write Bandwidth: 1.20GiB/s

### TIER-SPECIFIC LATENCIES (Total = Host + Device) ###
  Storage Read P95 (Total): 14525.02 ms
  Storage Write P95 (Total): 10349.57 ms

### STORAGE TIER LATENCY BREAKDOWN (Device = Disk I/O, Host = Serialization) ###
  Storage Read:
    - Device P95 (Disk I/O): 12294.44 ms
    - Host P95 (Serialization): 4433.38 ms
    - Total P95: 14525.02 ms
  Storage Write:
    - Device P95 (Disk I/O): 1253.41 ms
    - Host P95 (Serialization): 10293.66 ms
    - Total P95: 10349.57 ms

### CACHE TYPE BREAKDOWNS ###
  System Prompt Hits: 700
  Common Phrase Hits: 0
  User Cache Hits: 2678
  Multi-turn Hits: 68

### PREFIX CACHING ###
  Prefix Hits: 125
  Prefix Misses: 488
  System Prompt Reuse: 125
  Bytes Saved: 0.10GiB

### MULTI-TURN CONVERSATIONS ###
  Multi-turn Cache Hits: 67
  Multi-turn Cache Misses: 614
  Multi-turn Hit Rate: 9.8%

### QOS LATENCY METRICS (Informational - includes simulated generation) ###

  INTERACTIVE:
    Requests: 447
    Latency P95: 396722.47 ms
    Latency P99: 410675.77 ms
    SLA Met: [X] (compliance: 0.0%)

  RESPONSIVE:
    Requests: 68
    Latency P95: 188560.41 ms
    Latency P99: 291563.26 ms
    SLA Met: [X] (compliance: 0.0%)

  BATCH:
    Requests: 77
    Latency P95: 158111.58 ms
    Latency P99: 193579.10 ms
    SLA Met: [X] (compliance: 0.0%)

================================================================================
NOTES:
  - Pure storage I/O benchmark (no generation simulation)
================================================================================

Integrated Multi-User KV Cache Benchmark - MLPerf Edition
Model: Llama 3.1 8B
GPU Memory: 0 GB
Users: 200
Duration: 300s
Seed: 127
Generation Mode: none (0.0ms/token)
Features:
  - Phase-Aware Processing: Enabled
  - Multi-turn Conversations: Enabled
  - Prefix Caching: Enabled
  - RAG Workload: Disabled
  - Autoscaling: Disabled
  - QoS Support: Enabled (Interactive/Responsive/Batch)
  - Trace-Driven (BurstGPT): Disabled
  - ShareGPT Dataset: Disabled
  - Max Concurrent Allocations: 16 (bounds RAM usage)
================================================================================

User Context Length Distribution:
  Min: 525 tokens (65.62MiB)
  Max: 24995 tokens (3124.38MiB)
  Mean: 9279 tokens (1159.89MiB)

QoS Distribution:
  interactive: 31 users
  responsive: 83 users
  batch: 86 users

### MEMORY SAFETY CHECK ###
  Formula: peak = (workers x 2 x mean_entry_bytes) + baseline
         = (200 x 2 x 1000MiB) + 2.5GiB
         = 393.1GiB
  Available RAM: 990.4GiB
  Mean entry size: 1000MiB  (8000 tok x 131,072 B/tok)
  Peak per thread: 2000MiB  (np.load + np.array copy)
  Worker threads: 200
  Safe concurrent readers: ~505  = (available - baseline) / peak_per_thread
  Status: OK

Starting benchmark... Mode: standard (prefill+decode)
--------------------------------------------------------------------------------

================================================================================
BENCHMARK RESULTS - MLPerf KV Cache Storage Benchmark
Generation Mode: none (0.0ms/token)
================================================================================

IMPORTANT: All storage latencies below are measured per KV cache BLOCK,
not per token or per disk page.  Each block holds the full KV state for
one request (all layers, all heads, full sequence length).
  Model KV bytes/token: 131,072 bytes (128.0KiB)
  Entries in cache: 608
  Block size min:   22.5MiB
  Block size mean:  629.8MiB
  Block size P95:   1880.3MiB
  Block size max:   2848.9MiB
  A 200MiB block at 1GiB/s NVMe read = ~200 ms device latency.
  Compare latencies against block sizes, not against 4KiB page I/O.


### OVERALL PERFORMANCE ###
Requests Completed: 596
Total Tokens Generated: 98910
Throughput (wall-clock): 329.41 tokens/sec
Throughput (storage I/O): 4.89 tokens/sec
Requests/sec: 1.98

### END-TO-END LATENCY (Queue Wait + Storage I/O + Generation) ###
  Mean: 205964.86 ms
  P50:  202635.78 ms
  P95:  409694.58 ms
  P99:  419279.98 ms

### PER-REQUEST STORAGE LATENCY (All I/O ops for one request) ###
  Mean: 33967.69 ms
  P50:  22708.17 ms
  P95:  101743.69 ms
  P99:  157950.55 ms
  (= 1 prefill write + N decode reads per request)

### STORAGE PERFORMANCE ###
  Cache Hit Rate: 73.4%
  Total Read: 1762.50GiB
  Total Write: 373.97GiB
  Read/Write Ratio: 4.71
  Storage KV Read Operations/sec: 11.60
  Storage KV Write Operations/sec: 2.03

### CACHE TIER DISTRIBUTION ###
  GPU Entries: 0 (0.00GiB)
  CPU Entries: 0 (0.00GiB)
  Storage Entries: 608

### TIER-SPECIFIC KV BYTES ###
  Storage KV Bytes Written: 373.97GiB
  Storage KV Bytes Read: 1762.50GiB

### STORAGE KV BANDWIDTH ###
  Storage KV Read Bandwidth: 5.87GiB/s
  Storage KV Write Bandwidth: 1.25GiB/s

### TIER-SPECIFIC LATENCIES (Total = Host + Device) ###
  Storage Read P95 (Total): 17480.46 ms
  Storage Write P95 (Total): 8334.98 ms

### STORAGE TIER LATENCY BREAKDOWN (Device = Disk I/O, Host = Serialization) ###
  Storage Read:
    - Device P95 (Disk I/O): 13129.43 ms
    - Host P95 (Serialization): 6174.14 ms
    - Total P95: 17480.46 ms
  Storage Write:
    - Device P95 (Disk I/O): 1282.79 ms
    - Host P95 (Serialization): 8055.68 ms
    - Total P95: 8334.98 ms

### CACHE TYPE BREAKDOWNS ###
  System Prompt Hits: 687
  Common Phrase Hits: 0
  User Cache Hits: 2601
  Multi-turn Hits: 193

### PREFIX CACHING ###
  Prefix Hits: 123
  Prefix Misses: 485
  System Prompt Reuse: 123
  Bytes Saved: 0.10GiB

### MULTI-TURN CONVERSATIONS ###
  Multi-turn Cache Hits: 193
  Multi-turn Cache Misses: 1136
  Multi-turn Hit Rate: 14.5%

### QOS LATENCY METRICS (Informational - includes simulated generation) ###

  INTERACTIVE:
    Requests: 441
    Latency P95: 411015.23 ms
    Latency P99: 421218.66 ms
    SLA Met: [X] (compliance: 0.0%)

  RESPONSIVE:
    Requests: 88
    Latency P95: 200499.89 ms
    Latency P99: 292172.96 ms
    SLA Met: [X] (compliance: 0.0%)

  BATCH:
    Requests: 67
    Latency P95: 96090.19 ms
    Latency P99: 126653.68 ms
    SLA Met: [X] (compliance: 0.0%)

================================================================================
NOTES:
  - Pure storage I/O benchmark (no generation simulation)
================================================================================

Integrated Multi-User KV Cache Benchmark - MLPerf Edition
Model: Llama 3.1 8B
GPU Memory: 0 GB
Users: 200
Duration: 300s
Seed: 214
Generation Mode: none (0.0ms/token)
Features:
  - Phase-Aware Processing: Enabled
  - Multi-turn Conversations: Enabled
  - Prefix Caching: Enabled
  - RAG Workload: Disabled
  - Autoscaling: Disabled
  - QoS Support: Enabled (Interactive/Responsive/Batch)
  - Trace-Driven (BurstGPT): Disabled
  - ShareGPT Dataset: Disabled
  - Max Concurrent Allocations: 16 (bounds RAM usage)
================================================================================

User Context Length Distribution:
  Min: 690 tokens (86.25MiB)
  Max: 24648 tokens (3081.00MiB)
  Mean: 8539 tokens (1067.40MiB)

QoS Distribution:
  interactive: 26 users
  responsive: 67 users
  batch: 107 users

### MEMORY SAFETY CHECK ###
  Formula: peak = (workers x 2 x mean_entry_bytes) + baseline
         = (200 x 2 x 1000MiB) + 2.5GiB
         = 393.1GiB
  Available RAM: 990.4GiB
  Mean entry size: 1000MiB  (8000 tok x 131,072 B/tok)
  Peak per thread: 2000MiB  (np.load + np.array copy)
  Worker threads: 200
  Safe concurrent readers: ~505  = (available - baseline) / peak_per_thread
  Status: OK

Starting benchmark... Mode: standard (prefill+decode)
--------------------------------------------------------------------------------

================================================================================
BENCHMARK RESULTS - MLPerf KV Cache Storage Benchmark
Generation Mode: none (0.0ms/token)
================================================================================

IMPORTANT: All storage latencies below are measured per KV cache BLOCK,
not per token or per disk page.  Each block holds the full KV state for
one request (all layers, all heads, full sequence length).
  Model KV bytes/token: 131,072 bytes (128.0KiB)
  Entries in cache: 677
  Block size min:   28.0MiB
  Block size mean:  554.2MiB
  Block size P95:   1610.1MiB
  Block size max:   2384.8MiB
  A 200MiB block at 1GiB/s NVMe read = ~200 ms device latency.
  Compare latencies against block sizes, not against 4KiB page I/O.


### OVERALL PERFORMANCE ###
Requests Completed: 663
Total Tokens Generated: 78720
Throughput (wall-clock): 262.32 tokens/sec
Throughput (storage I/O): 4.39 tokens/sec
Requests/sec: 2.21

### END-TO-END LATENCY (Queue Wait + Storage I/O + Generation) ###
  Mean: 197444.54 ms
  P50:  190362.35 ms
  P95:  393602.75 ms
  P99:  410649.07 ms

### PER-REQUEST STORAGE LATENCY (All I/O ops for one request) ###
  Mean: 27069.94 ms
  P50:  18709.63 ms
  P95:  79256.10 ms
  P99:  129884.50 ms
  (= 1 prefill write + N decode reads per request)

### STORAGE PERFORMANCE ###
  Cache Hit Rate: 86.9%
  Total Read: 1340.39GiB
  Total Write: 366.40GiB
  Read/Write Ratio: 3.66
  Storage KV Read Operations/sec: 9.82
  Storage KV Write Operations/sec: 2.26

### CACHE TIER DISTRIBUTION ###
  GPU Entries: 0 (0.00GiB)
  CPU Entries: 0 (0.00GiB)
  Storage Entries: 677

### TIER-SPECIFIC KV BYTES ###
  Storage KV Bytes Written: 366.40GiB
  Storage KV Bytes Read: 1340.39GiB

### STORAGE KV BANDWIDTH ###
  Storage KV Read Bandwidth: 4.47GiB/s
  Storage KV Write Bandwidth: 1.22GiB/s

### TIER-SPECIFIC LATENCIES (Total = Host + Device) ###
  Storage Read P95 (Total): 16370.69 ms
  Storage Write P95 (Total): 8760.03 ms

### STORAGE TIER LATENCY BREAKDOWN (Device = Disk I/O, Host = Serialization) ###
  Storage Read:
    - Device P95 (Disk I/O): 12936.10 ms
    - Host P95 (Serialization): 6739.24 ms
    - Total P95: 16370.69 ms
  Storage Write:
    - Device P95 (Disk I/O): 1546.24 ms
    - Host P95 (Serialization): 7998.72 ms
    - Total P95: 8760.03 ms

### CACHE TYPE BREAKDOWNS ###
  System Prompt Hits: 557
  Common Phrase Hits: 0
  User Cache Hits: 2365
  Multi-turn Hits: 25

### PREFIX CACHING ###
  Prefix Hits: 131
  Prefix Misses: 546
  System Prompt Reuse: 131
  Bytes Saved: 0.11GiB

### MULTI-TURN CONVERSATIONS ###
  Multi-turn Cache Hits: 25
  Multi-turn Cache Misses: 312
  Multi-turn Hit Rate: 7.4%

### QOS LATENCY METRICS (Informational - includes simulated generation) ###

  INTERACTIVE:
    Requests: 512
    Latency P95: 400588.32 ms
    Latency P99: 410982.88 ms
    SLA Met: [X] (compliance: 0.0%)

  RESPONSIVE:
    Requests: 85
    Latency P95: 188827.66 ms
    Latency P99: 265814.43 ms
    SLA Met: [X] (compliance: 0.0%)

  BATCH:
    Requests: 66
    Latency P95: 186827.69 ms
    Latency P99: 272610.40 ms
    SLA Met: [X] (compliance: 0.0%)

================================================================================
NOTES:
  - Pure storage I/O benchmark (no generation simulation)
================================================================================

Integrated Multi-User KV Cache Benchmark - MLPerf Edition
Model: Llama 3.1 8B
GPU Memory: 0 GB
Users: 200
Duration: 300s
Seed: 176
Generation Mode: none (0.0ms/token)
Features:
  - Phase-Aware Processing: Enabled
  - Multi-turn Conversations: Enabled
  - Prefix Caching: Enabled
  - RAG Workload: Disabled
  - Autoscaling: Disabled
  - QoS Support: Enabled (Interactive/Responsive/Batch)
  - Trace-Driven (BurstGPT): Disabled
  - ShareGPT Dataset: Disabled
  - Max Concurrent Allocations: 16 (bounds RAM usage)
================================================================================

User Context Length Distribution:
  Min: 547 tokens (68.38MiB)
  Max: 24649 tokens (3081.12MiB)
  Mean: 8953 tokens (1119.08MiB)

QoS Distribution:
  interactive: 38 users
  responsive: 71 users
  batch: 91 users

### MEMORY SAFETY CHECK ###
  Formula: peak = (workers x 2 x mean_entry_bytes) + baseline
         = (200 x 2 x 1000MiB) + 2.5GiB
         = 393.1GiB
  Available RAM: 991.4GiB
  Mean entry size: 1000MiB  (8000 tok x 131,072 B/tok)
  Peak per thread: 2000MiB  (np.load + np.array copy)
  Worker threads: 200
  Safe concurrent readers: ~506  = (available - baseline) / peak_per_thread
  Status: OK

Starting benchmark... Mode: standard (prefill+decode)
--------------------------------------------------------------------------------

================================================================================
BENCHMARK RESULTS - MLPerf KV Cache Storage Benchmark
Generation Mode: none (0.0ms/token)
================================================================================

IMPORTANT: All storage latencies below are measured per KV cache BLOCK,
not per token or per disk page.  Each block holds the full KV state for
one request (all layers, all heads, full sequence length).
  Model KV bytes/token: 131,072 bytes (128.0KiB)
  Entries in cache: 569
  Block size min:   18.5MiB
  Block size mean:  655.9MiB
  Block size P95:   2079.2MiB
  Block size max:   2777.8MiB
  A 200MiB block at 1GiB/s NVMe read = ~200 ms device latency.
  Compare latencies against block sizes, not against 4KiB page I/O.


### OVERALL PERFORMANCE ###
Requests Completed: 555
Total Tokens Generated: 92866
Throughput (wall-clock): 307.76 tokens/sec
Throughput (storage I/O): 5.15 tokens/sec
Requests/sec: 1.84

### END-TO-END LATENCY (Queue Wait + Storage I/O + Generation) ###
  Mean: 200205.53 ms
  P50:  176088.96 ms
  P95:  406726.02 ms
  P99:  418066.15 ms

### PER-REQUEST STORAGE LATENCY (All I/O ops for one request) ###
  Mean: 32520.51 ms
  P50:  20986.04 ms
  P95:  98683.57 ms
  P99:  169107.85 ms
  (= 1 prefill write + N decode reads per request)

### STORAGE PERFORMANCE ###
  Cache Hit Rate: 66.1%
  Total Read: 1673.03GiB
  Total Write: 364.49GiB
  Read/Write Ratio: 4.59
  Storage KV Read Operations/sec: 11.26
  Storage KV Write Operations/sec: 1.90

### CACHE TIER DISTRIBUTION ###
  GPU Entries: 0 (0.00GiB)
  CPU Entries: 0 (0.00GiB)
  Storage Entries: 569

### TIER-SPECIFIC KV BYTES ###
  Storage KV Bytes Written: 364.49GiB
  Storage KV Bytes Read: 1673.03GiB

### STORAGE KV BANDWIDTH ###
  Storage KV Read Bandwidth: 5.54GiB/s
  Storage KV Write Bandwidth: 1.21GiB/s

### TIER-SPECIFIC LATENCIES (Total = Host + Device) ###
  Storage Read P95 (Total): 14791.48 ms
  Storage Write P95 (Total): 9831.00 ms

### STORAGE TIER LATENCY BREAKDOWN (Device = Disk I/O, Host = Serialization) ###
  Storage Read:
    - Device P95 (Disk I/O): 13224.06 ms
    - Host P95 (Serialization): 6045.89 ms
    - Total P95: 14791.48 ms
  Storage Write:
    - Device P95 (Disk I/O): 1820.75 ms
    - Host P95 (Serialization): 9675.17 ms
    - Total P95: 9831.00 ms

### CACHE TYPE BREAKDOWNS ###
  System Prompt Hits: 684
  Common Phrase Hits: 0
  User Cache Hits: 2340
  Multi-turn Hits: 353

### PREFIX CACHING ###
  Prefix Hits: 114
  Prefix Misses: 455
  System Prompt Reuse: 114
  Bytes Saved: 0.09GiB

### MULTI-TURN CONVERSATIONS ###
  Multi-turn Cache Hits: 353
  Multi-turn Cache Misses: 1619
  Multi-turn Hit Rate: 17.9%

### QOS LATENCY METRICS (Informational - includes simulated generation) ###

  INTERACTIVE:
    Requests: 406
    Latency P95: 407801.86 ms
    Latency P99: 419119.79 ms
    SLA Met: [X] (compliance: 0.0%)

  RESPONSIVE:
    Requests: 74
    Latency P95: 157362.21 ms
    Latency P99: 211973.23 ms
    SLA Met: [X] (compliance: 0.0%)

  BATCH:
    Requests: 75
    Latency P95: 184825.75 ms
    Latency P99: 280076.88 ms
    SLA Met: [X] (compliance: 0.0%)

================================================================================
NOTES:
  - Pure storage I/O benchmark (no generation simulation)
================================================================================

Integrated Multi-User KV Cache Benchmark - MLPerf Edition
Model: Llama 3.1 8B
GPU Memory: 0 GB
Users: 200
Duration: 300s
Seed: 239
Generation Mode: none (0.0ms/token)
Features:
  - Phase-Aware Processing: Enabled
  - Multi-turn Conversations: Enabled
  - Prefix Caching: Enabled
  - RAG Workload: Disabled
  - Autoscaling: Disabled
  - QoS Support: Enabled (Interactive/Responsive/Batch)
  - Trace-Driven (BurstGPT): Disabled
  - ShareGPT Dataset: Disabled
  - Max Concurrent Allocations: 16 (bounds RAM usage)
================================================================================

User Context Length Distribution:
  Min: 520 tokens (65.00MiB)
  Max: 24504 tokens (3063.00MiB)
  Mean: 8625 tokens (1078.12MiB)

QoS Distribution:
  interactive: 27 users
  responsive: 87 users
  batch: 86 users

### MEMORY SAFETY CHECK ###
  Formula: peak = (workers x 2 x mean_entry_bytes) + baseline
         = (200 x 2 x 1000MiB) + 2.5GiB
         = 393.1GiB
  Available RAM: 990.4GiB
  Mean entry size: 1000MiB  (8000 tok x 131,072 B/tok)
  Peak per thread: 2000MiB  (np.load + np.array copy)
  Worker threads: 200
  Safe concurrent readers: ~505  = (available - baseline) / peak_per_thread
  Status: OK

Starting benchmark... Mode: standard (prefill+decode)
--------------------------------------------------------------------------------

================================================================================
BENCHMARK RESULTS - MLPerf KV Cache Storage Benchmark
Generation Mode: none (0.0ms/token)
================================================================================

IMPORTANT: All storage latencies below are measured per KV cache BLOCK,
not per token or per disk page.  Each block holds the full KV state for
one request (all layers, all heads, full sequence length).
  Model KV bytes/token: 131,072 bytes (128.0KiB)
  Entries in cache: 667
  Block size min:   21.6MiB
  Block size mean:  614.8MiB
  Block size P95:   1887.4MiB
  Block size max:   2945.1MiB
  A 200MiB block at 1GiB/s NVMe read = ~200 ms device latency.
  Compare latencies against block sizes, not against 4KiB page I/O.


### OVERALL PERFORMANCE ###
Requests Completed: 650
Total Tokens Generated: 94835
Throughput (wall-clock): 315.39 tokens/sec
Throughput (storage I/O): 5.08 tokens/sec
Requests/sec: 2.16

### END-TO-END LATENCY (Queue Wait + Storage I/O + Generation) ###
  Mean: 198184.86 ms
  P50:  186361.03 ms
  P95:  401061.03 ms
  P99:  416696.58 ms

### PER-REQUEST STORAGE LATENCY (All I/O ops for one request) ###
  Mean: 28709.39 ms
  P50:  19868.92 ms
  P95:  85371.93 ms
  P99:  130024.08 ms
  (= 1 prefill write + N decode reads per request)

### STORAGE PERFORMANCE ###
  Cache Hit Rate: 85.2%
  Total Read: 1636.41GiB
  Total Write: 400.44GiB
  Read/Write Ratio: 4.09
  Storage KV Read Operations/sec: 10.92
  Storage KV Write Operations/sec: 2.22

### CACHE TIER DISTRIBUTION ###
  GPU Entries: 0 (0.00GiB)
  CPU Entries: 0 (0.00GiB)
  Storage Entries: 667

### TIER-SPECIFIC KV BYTES ###
  Storage KV Bytes Written: 400.44GiB
  Storage KV Bytes Read: 1636.41GiB

### STORAGE KV BANDWIDTH ###
  Storage KV Read Bandwidth: 5.44GiB/s
  Storage KV Write Bandwidth: 1.33GiB/s

### TIER-SPECIFIC LATENCIES (Total = Host + Device) ###
  Storage Read P95 (Total): 14668.71 ms
  Storage Write P95 (Total): 8259.65 ms

### STORAGE TIER LATENCY BREAKDOWN (Device = Disk I/O, Host = Serialization) ###
  Storage Read:
    - Device P95 (Disk I/O): 11956.09 ms
    - Host P95 (Serialization): 7401.36 ms
    - Total P95: 14668.71 ms
  Storage Write:
    - Device P95 (Disk I/O): 1354.47 ms
    - Host P95 (Serialization): 7796.94 ms
    - Total P95: 8259.65 ms

### CACHE TYPE BREAKDOWNS ###
  System Prompt Hits: 675
  Common Phrase Hits: 0
  User Cache Hits: 2578
  Multi-turn Hits: 24

### PREFIX CACHING ###
  Prefix Hits: 135
  Prefix Misses: 532
  System Prompt Reuse: 135
  Bytes Saved: 0.11GiB

### MULTI-TURN CONVERSATIONS ###
  Multi-turn Cache Hits: 24
  Multi-turn Cache Misses: 432
  Multi-turn Hit Rate: 5.3%

### QOS LATENCY METRICS (Informational - includes simulated generation) ###

  INTERACTIVE:
    Requests: 496
    Latency P95: 402715.82 ms
    Latency P99: 418965.28 ms
    SLA Met: [X] (compliance: 0.0%)

  RESPONSIVE:
    Requests: 102
    Latency P95: 201677.54 ms
    Latency P99: 228216.11 ms
    SLA Met: [X] (compliance: 0.0%)

  BATCH:
    Requests: 52
    Latency P95: 120484.85 ms
    Latency P99: 164088.15 ms
    SLA Met: [X] (compliance: 0.0%)

================================================================================
NOTES:
  - Pure storage I/O benchmark (no generation simulation)
================================================================================

Integrated Multi-User KV Cache Benchmark - MLPerf Edition
Model: Llama 3.1 8B
GPU Memory: 0 GB
Users: 200
Duration: 300s
Seed: 168
Generation Mode: none (0.0ms/token)
Features:
  - Phase-Aware Processing: Enabled
  - Multi-turn Conversations: Enabled
  - Prefix Caching: Enabled
  - RAG Workload: Disabled
  - Autoscaling: Disabled
  - QoS Support: Enabled (Interactive/Responsive/Batch)
  - Trace-Driven (BurstGPT): Disabled
  - ShareGPT Dataset: Disabled
  - Max Concurrent Allocations: 16 (bounds RAM usage)
================================================================================

User Context Length Distribution:
  Min: 546 tokens (68.25MiB)
  Max: 24547 tokens (3068.38MiB)
  Mean: 8170 tokens (1021.19MiB)

QoS Distribution:
  interactive: 34 users
  responsive: 68 users
  batch: 98 users

### MEMORY SAFETY CHECK ###
  Formula: peak = (workers x 2 x mean_entry_bytes) + baseline
         = (200 x 2 x 1000MiB) + 2.5GiB
         = 393.1GiB
  Available RAM: 991.2GiB
  Mean entry size: 1000MiB  (8000 tok x 131,072 B/tok)
  Peak per thread: 2000MiB  (np.load + np.array copy)
  Worker threads: 200
  Safe concurrent readers: ~506  = (available - baseline) / peak_per_thread
  Status: OK

Starting benchmark... Mode: standard (prefill+decode)
--------------------------------------------------------------------------------

================================================================================
BENCHMARK RESULTS - MLPerf KV Cache Storage Benchmark
Generation Mode: none (0.0ms/token)
================================================================================

IMPORTANT: All storage latencies below are measured per KV cache BLOCK,
not per token or per disk page.  Each block holds the full KV state for
one request (all layers, all heads, full sequence length).
  Model KV bytes/token: 131,072 bytes (128.0KiB)
  Entries in cache: 677
  Block size min:   20.6MiB
  Block size mean:  509.8MiB
  Block size P95:   1449.2MiB
  Block size max:   2856.2MiB
  A 200MiB block at 1GiB/s NVMe read = ~200 ms device latency.
  Compare latencies against block sizes, not against 4KiB page I/O.


### OVERALL PERFORMANCE ###
Requests Completed: 661
Total Tokens Generated: 93787
Throughput (wall-clock): 311.14 tokens/sec
Throughput (storage I/O): 5.48 tokens/sec
Requests/sec: 2.19

### END-TO-END LATENCY (Queue Wait + Storage I/O + Generation) ###
  Mean: 200534.71 ms
  P50:  179103.92 ms
  P95:  404077.27 ms
  P99:  422610.75 ms

### PER-REQUEST STORAGE LATENCY (All I/O ops for one request) ###
  Mean: 25891.05 ms
  P50:  17005.94 ms
  P95:  74830.27 ms
  P99:  126826.08 ms
  (= 1 prefill write + N decode reads per request)

### STORAGE PERFORMANCE ###
  Cache Hit Rate: 88.4%
  Total Read: 1699.04GiB
  Total Write: 337.03GiB
  Read/Write Ratio: 5.04
  Storage KV Read Operations/sec: 11.78
  Storage KV Write Operations/sec: 2.26

### CACHE TIER DISTRIBUTION ###
  GPU Entries: 0 (0.00GiB)
  CPU Entries: 0 (0.00GiB)
  Storage Entries: 677

### TIER-SPECIFIC KV BYTES ###
  Storage KV Bytes Written: 337.03GiB
  Storage KV Bytes Read: 1699.04GiB

### STORAGE KV BANDWIDTH ###
  Storage KV Read Bandwidth: 5.64GiB/s
  Storage KV Write Bandwidth: 1.12GiB/s

### TIER-SPECIFIC LATENCIES (Total = Host + Device) ###
  Storage Read P95 (Total): 14549.78 ms
  Storage Write P95 (Total): 7338.96 ms

### STORAGE TIER LATENCY BREAKDOWN (Device = Disk I/O, Host = Serialization) ###
  Storage Read:
    - Device P95 (Disk I/O): 11687.68 ms
    - Host P95 (Serialization): 4347.71 ms
    - Total P95: 14549.78 ms
  Storage Write:
    - Device P95 (Disk I/O): 877.96 ms
    - Host P95 (Serialization): 6748.41 ms
    - Total P95: 7338.96 ms

### CACHE TYPE BREAKDOWNS ###
  System Prompt Hits: 662
  Common Phrase Hits: 0
  User Cache Hits: 2860
  Multi-turn Hits: 13

### PREFIX CACHING ###
  Prefix Hits: 133
  Prefix Misses: 544
  System Prompt Reuse: 133
  Bytes Saved: 0.11GiB

### MULTI-TURN CONVERSATIONS ###
  Multi-turn Cache Hits: 13
  Multi-turn Cache Misses: 331
  Multi-turn Hit Rate: 3.8%

### QOS LATENCY METRICS (Informational - includes simulated generation) ###

  INTERACTIVE:
    Requests: 506
    Latency P95: 408143.68 ms
    Latency P99: 423314.31 ms
    SLA Met: [X] (compliance: 0.0%)

  RESPONSIVE:
    Requests: 73
    Latency P95: 140689.48 ms
    Latency P99: 187464.43 ms
    SLA Met: [X] (compliance: 0.0%)

  BATCH:
    Requests: 82
    Latency P95: 169417.85 ms
    Latency P99: 242478.55 ms
    SLA Met: [X] (compliance: 0.0%)

================================================================================
NOTES:
  - Pure storage I/O benchmark (no generation simulation)
================================================================================

Integrated Multi-User KV Cache Benchmark - MLPerf Edition
Model: Llama 3.1 8B
GPU Memory: 0 GB
Users: 200
Duration: 300s
Seed: 135
Generation Mode: none (0.0ms/token)
Features:
  - Phase-Aware Processing: Enabled
  - Multi-turn Conversations: Enabled
  - Prefix Caching: Enabled
  - RAG Workload: Disabled
  - Autoscaling: Disabled
  - QoS Support: Enabled (Interactive/Responsive/Batch)
  - Trace-Driven (BurstGPT): Disabled
  - ShareGPT Dataset: Disabled
  - Max Concurrent Allocations: 16 (bounds RAM usage)
================================================================================

User Context Length Distribution:
  Min: 537 tokens (67.12MiB)
  Max: 24574 tokens (3071.75MiB)
  Mean: 9131 tokens (1141.43MiB)

QoS Distribution:
  interactive: 30 users
  responsive: 69 users
  batch: 101 users

### MEMORY SAFETY CHECK ###
  Formula: peak = (workers x 2 x mean_entry_bytes) + baseline
         = (200 x 2 x 1000MiB) + 2.5GiB
         = 393.1GiB
  Available RAM: 989.7GiB
  Mean entry size: 1000MiB  (8000 tok x 131,072 B/tok)
  Peak per thread: 2000MiB  (np.load + np.array copy)
  Worker threads: 200
  Safe concurrent readers: ~505  = (available - baseline) / peak_per_thread
  Status: OK

Starting benchmark... Mode: standard (prefill+decode)
--------------------------------------------------------------------------------

================================================================================
BENCHMARK RESULTS - MLPerf KV Cache Storage Benchmark
Generation Mode: none (0.0ms/token)
================================================================================

IMPORTANT: All storage latencies below are measured per KV cache BLOCK,
not per token or per disk page.  Each block holds the full KV state for
one request (all layers, all heads, full sequence length).
  Model KV bytes/token: 131,072 bytes (128.0KiB)
  Entries in cache: 696
  Block size min:   17.2MiB
  Block size mean:  575.9MiB
  Block size P95:   1773.1MiB
  Block size max:   3004.4MiB
  A 200MiB block at 1GiB/s NVMe read = ~200 ms device latency.
  Compare latencies against block sizes, not against 4KiB page I/O.


### OVERALL PERFORMANCE ###
Requests Completed: 680
Total Tokens Generated: 98138
Throughput (wall-clock): 326.46 tokens/sec
Throughput (storage I/O): 5.91 tokens/sec
Requests/sec: 2.26

### END-TO-END LATENCY (Queue Wait + Storage I/O + Generation) ###
  Mean: 197263.64 ms
  P50:  190443.28 ms
  P95:  400697.93 ms
  P99:  406720.14 ms

### PER-REQUEST STORAGE LATENCY (All I/O ops for one request) ###
  Mean: 24428.32 ms
  P50:  17058.84 ms
  P95:  69478.47 ms
  P99:  131937.18 ms
  (= 1 prefill write + N decode reads per request)

### STORAGE PERFORMANCE ###
  Cache Hit Rate: 84.2%
  Total Read: 1476.94GiB
  Total Write: 391.42GiB
  Read/Write Ratio: 3.77
  Storage KV Read Operations/sec: 10.97
  Storage KV Write Operations/sec: 2.32

### CACHE TIER DISTRIBUTION ###
  GPU Entries: 0 (0.00GiB)
  CPU Entries: 0 (0.00GiB)
  Storage Entries: 696

### TIER-SPECIFIC KV BYTES ###
  Storage KV Bytes Written: 391.42GiB
  Storage KV Bytes Read: 1476.94GiB

### STORAGE KV BANDWIDTH ###
  Storage KV Read Bandwidth: 4.91GiB/s
  Storage KV Write Bandwidth: 1.30GiB/s

### TIER-SPECIFIC LATENCIES (Total = Host + Device) ###
  Storage Read P95 (Total): 13729.53 ms
  Storage Write P95 (Total): 8282.27 ms

### STORAGE TIER LATENCY BREAKDOWN (Device = Disk I/O, Host = Serialization) ###
  Storage Read:
    - Device P95 (Disk I/O): 11414.66 ms
    - Host P95 (Serialization): 5459.96 ms
    - Total P95: 13729.53 ms
  Storage Write:
    - Device P95 (Disk I/O): 1490.90 ms
    - Host P95 (Serialization): 8156.37 ms
    - Total P95: 8282.27 ms

### CACHE TYPE BREAKDOWNS ###
  System Prompt Hits: 626
  Common Phrase Hits: 0
  User Cache Hits: 2630
  Multi-turn Hits: 34

### PREFIX CACHING ###
  Prefix Hits: 135
  Prefix Misses: 561
  System Prompt Reuse: 135
  Bytes Saved: 0.11GiB

### MULTI-TURN CONVERSATIONS ###
  Multi-turn Cache Hits: 34
  Multi-turn Cache Misses: 481
  Multi-turn Hit Rate: 6.6%

### QOS LATENCY METRICS (Informational - includes simulated generation) ###

  INTERACTIVE:
    Requests: 532
    Latency P95: 401979.85 ms
    Latency P99: 409787.35 ms
    SLA Met: [X] (compliance: 0.0%)

  RESPONSIVE:
    Requests: 66
    Latency P95: 172589.37 ms
    Latency P99: 285301.81 ms
    SLA Met: [X] (compliance: 0.0%)

  BATCH:
    Requests: 82
    Latency P95: 157075.79 ms
    Latency P99: 220771.79 ms
    SLA Met: [X] (compliance: 0.0%)

================================================================================
NOTES:
  - Pure storage I/O benchmark (no generation simulation)
================================================================================

Integrated Multi-User KV Cache Benchmark - MLPerf Edition
Model: Llama 3.1 8B
GPU Memory: 0 GB
Users: 200
Duration: 300s
Seed: 185
Generation Mode: none (0.0ms/token)
Features:
  - Phase-Aware Processing: Enabled
  - Multi-turn Conversations: Enabled
  - Prefix Caching: Enabled
  - RAG Workload: Disabled
  - Autoscaling: Disabled
  - QoS Support: Enabled (Interactive/Responsive/Batch)
  - Trace-Driven (BurstGPT): Disabled
  - ShareGPT Dataset: Disabled
  - Max Concurrent Allocations: 16 (bounds RAM usage)
================================================================================

User Context Length Distribution:
  Min: 593 tokens (74.12MiB)
  Max: 24905 tokens (3113.12MiB)
  Mean: 9632 tokens (1204.00MiB)

QoS Distribution:
  interactive: 30 users
  responsive: 64 users
  batch: 106 users

### MEMORY SAFETY CHECK ###
  Formula: peak = (workers x 2 x mean_entry_bytes) + baseline
         = (200 x 2 x 1000MiB) + 2.5GiB
         = 393.1GiB
  Available RAM: 991.2GiB
  Mean entry size: 1000MiB  (8000 tok x 131,072 B/tok)
  Peak per thread: 2000MiB  (np.load + np.array copy)
  Worker threads: 200
  Safe concurrent readers: ~506  = (available - baseline) / peak_per_thread
  Status: OK

Starting benchmark... Mode: standard (prefill+decode)
--------------------------------------------------------------------------------

================================================================================
BENCHMARK RESULTS - MLPerf KV Cache Storage Benchmark
Generation Mode: none (0.0ms/token)
================================================================================

IMPORTANT: All storage latencies below are measured per KV cache BLOCK,
not per token or per disk page.  Each block holds the full KV state for
one request (all layers, all heads, full sequence length).
  Model KV bytes/token: 131,072 bytes (128.0KiB)
  Entries in cache: 617
  Block size min:   36.8MiB
  Block size mean:  552.3MiB
  Block size P95:   1729.0MiB
  Block size max:   2924.5MiB
  A 200MiB block at 1GiB/s NVMe read = ~200 ms device latency.
  Compare latencies against block sizes, not against 4KiB page I/O.


### OVERALL PERFORMANCE ###
Requests Completed: 601
Total Tokens Generated: 91411
Throughput (wall-clock): 303.55 tokens/sec
Throughput (storage I/O): 5.47 tokens/sec
Requests/sec: 2.00

### END-TO-END LATENCY (Queue Wait + Storage I/O + Generation) ###
  Mean: 212776.95 ms
  P50:  210458.68 ms
  P95:  406409.38 ms
  P99:  417302.74 ms

### PER-REQUEST STORAGE LATENCY (All I/O ops for one request) ###
  Mean: 27796.33 ms
  P50:  16545.95 ms
  P95:  96421.04 ms
  P99:  151402.24 ms
  (= 1 prefill write + N decode reads per request)

### STORAGE PERFORMANCE ###
  Cache Hit Rate: 88.5%
  Total Read: 1576.68GiB
  Total Write: 332.78GiB
  Read/Write Ratio: 4.74
  Storage KV Read Operations/sec: 10.77
  Storage KV Write Operations/sec: 2.06

### CACHE TIER DISTRIBUTION ###
  GPU Entries: 0 (0.00GiB)
  CPU Entries: 0 (0.00GiB)
  Storage Entries: 617

### TIER-SPECIFIC KV BYTES ###
  Storage KV Bytes Written: 332.78GiB
  Storage KV Bytes Read: 1576.68GiB

### STORAGE KV BANDWIDTH ###
  Storage KV Read Bandwidth: 5.24GiB/s
  Storage KV Write Bandwidth: 1.11GiB/s

### TIER-SPECIFIC LATENCIES (Total = Host + Device) ###
  Storage Read P95 (Total): 14372.65 ms
  Storage Write P95 (Total): 8354.03 ms

### STORAGE TIER LATENCY BREAKDOWN (Device = Disk I/O, Host = Serialization) ###
  Storage Read:
    - Device P95 (Disk I/O): 12072.35 ms
    - Host P95 (Serialization): 5520.13 ms
    - Total P95: 14372.65 ms
  Storage Write:
    - Device P95 (Disk I/O): 1002.41 ms
    - Host P95 (Serialization): 8296.24 ms
    - Total P95: 8354.03 ms

### CACHE TYPE BREAKDOWNS ###
  System Prompt Hits: 622
  Common Phrase Hits: 0
  User Cache Hits: 2584
  Multi-turn Hits: 24

### PREFIX CACHING ###
  Prefix Hits: 119
  Prefix Misses: 498
  System Prompt Reuse: 119
  Bytes Saved: 0.10GiB

### MULTI-TURN CONVERSATIONS ###
  Multi-turn Cache Hits: 24
  Multi-turn Cache Misses: 300
  Multi-turn Hit Rate: 7.4%

### QOS LATENCY METRICS (Informational - includes simulated generation) ###

  INTERACTIVE:
    Requests: 428
    Latency P95: 409714.22 ms
    Latency P99: 419848.96 ms
    SLA Met: [X] (compliance: 0.0%)

  RESPONSIVE:
    Requests: 61
    Latency P95: 214809.99 ms
    Latency P99: 278155.18 ms
    SLA Met: [X] (compliance: 0.0%)

  BATCH:
    Requests: 112
    Latency P95: 257983.87 ms
    Latency P99: 341913.34 ms
    SLA Met: [X] (compliance: 0.0%)

================================================================================
NOTES:
  - Pure storage I/O benchmark (no generation simulation)
================================================================================

Integrated Multi-User KV Cache Benchmark - MLPerf Edition
Model: Llama 3.1 8B
GPU Memory: 0 GB
Users: 200
Duration: 300s
Seed: 109
Generation Mode: none (0.0ms/token)
Features:
  - Phase-Aware Processing: Enabled
  - Multi-turn Conversations: Enabled
  - Prefix Caching: Enabled
  - RAG Workload: Disabled
  - Autoscaling: Disabled
  - QoS Support: Enabled (Interactive/Responsive/Batch)
  - Trace-Driven (BurstGPT): Disabled
  - ShareGPT Dataset: Disabled
  - Max Concurrent Allocations: 16 (bounds RAM usage)
================================================================================

User Context Length Distribution:
  Min: 557 tokens (69.62MiB)
  Max: 24936 tokens (3117.00MiB)
  Mean: 8410 tokens (1051.26MiB)

QoS Distribution:
  interactive: 40 users
  responsive: 57 users
  batch: 103 users

### MEMORY SAFETY CHECK ###
  Formula: peak = (workers x 2 x mean_entry_bytes) + baseline
         = (200 x 2 x 1000MiB) + 2.5GiB
         = 393.1GiB
  Available RAM: 991.4GiB
  Mean entry size: 1000MiB  (8000 tok x 131,072 B/tok)
  Peak per thread: 2000MiB  (np.load + np.array copy)
  Worker threads: 200
  Safe concurrent readers: ~506  = (available - baseline) / peak_per_thread
  Status: OK

Starting benchmark... Mode: standard (prefill+decode)
--------------------------------------------------------------------------------

================================================================================
BENCHMARK RESULTS - MLPerf KV Cache Storage Benchmark
Generation Mode: none (0.0ms/token)
================================================================================

IMPORTANT: All storage latencies below are measured per KV cache BLOCK,
not per token or per disk page.  Each block holds the full KV state for
one request (all layers, all heads, full sequence length).
  Model KV bytes/token: 131,072 bytes (128.0KiB)
  Entries in cache: 590
  Block size min:   39.0MiB
  Block size mean:  632.3MiB
  Block size P95:   2143.8MiB
  Block size max:   2709.5MiB
  A 200MiB block at 1GiB/s NVMe read = ~200 ms device latency.
  Compare latencies against block sizes, not against 4KiB page I/O.


### OVERALL PERFORMANCE ###
Requests Completed: 578
Total Tokens Generated: 97053
Throughput (wall-clock): 323.16 tokens/sec
Throughput (storage I/O): 5.08 tokens/sec
Requests/sec: 1.92

### END-TO-END LATENCY (Queue Wait + Storage I/O + Generation) ###
  Mean: 205444.81 ms
  P50:  197969.87 ms
  P95:  400008.86 ms
  P99:  424452.40 ms

### PER-REQUEST STORAGE LATENCY (All I/O ops for one request) ###
  Mean: 33021.63 ms
  P50:  21708.23 ms
  P95:  102417.12 ms
  P99:  168248.19 ms
  (= 1 prefill write + N decode reads per request)

### STORAGE PERFORMANCE ###
  Cache Hit Rate: 68.3%
  Total Read: 1809.88GiB
  Total Write: 364.32GiB
  Read/Write Ratio: 4.97
  Storage KV Read Operations/sec: 12.12
  Storage KV Write Operations/sec: 1.97

### CACHE TIER DISTRIBUTION ###
  GPU Entries: 0 (0.00GiB)
  CPU Entries: 0 (0.00GiB)
  Storage Entries: 590

### TIER-SPECIFIC KV BYTES ###
  Storage KV Bytes Written: 364.32GiB
  Storage KV Bytes Read: 1809.88GiB

### STORAGE KV BANDWIDTH ###
  Storage KV Read Bandwidth: 6.03GiB/s
  Storage KV Write Bandwidth: 1.21GiB/s

### TIER-SPECIFIC LATENCIES (Total = Host + Device) ###
  Storage Read P95 (Total): 15403.08 ms
  Storage Write P95 (Total): 7507.03 ms

### STORAGE TIER LATENCY BREAKDOWN (Device = Disk I/O, Host = Serialization) ###
  Storage Read:
    - Device P95 (Disk I/O): 12386.53 ms
    - Host P95 (Serialization): 5458.02 ms
    - Total P95: 15403.08 ms
  Storage Write:
    - Device P95 (Disk I/O): 881.26 ms
    - Host P95 (Serialization): 7177.46 ms
    - Total P95: 7507.03 ms

### CACHE TYPE BREAKDOWNS ###
  System Prompt Hits: 494
  Common Phrase Hits: 0
  User Cache Hits: 2563
  Multi-turn Hits: 580

### PREFIX CACHING ###
  Prefix Hits: 102
  Prefix Misses: 489
  System Prompt Reuse: 102
  Bytes Saved: 0.08GiB

### MULTI-TURN CONVERSATIONS ###
  Multi-turn Cache Hits: 579
  Multi-turn Cache Misses: 1584
  Multi-turn Hit Rate: 26.8%

### QOS LATENCY METRICS (Informational - includes simulated generation) ###

  INTERACTIVE:
    Requests: 429
    Latency P95: 404058.73 ms
    Latency P99: 427617.41 ms
    SLA Met: [X] (compliance: 0.0%)

  RESPONSIVE:
    Requests: 54
    Latency P95: 156314.60 ms
    Latency P99: 205065.45 ms
    SLA Met: [X] (compliance: 0.0%)

  BATCH:
    Requests: 95
    Latency P95: 191468.51 ms
    Latency P99: 254966.94 ms
    SLA Met: [X] (compliance: 0.0%)

================================================================================
NOTES:
  - Pure storage I/O benchmark (no generation simulation)
================================================================================

Integrated Multi-User KV Cache Benchmark - MLPerf Edition
Model: Llama 3.1 8B
GPU Memory: 0 GB
Users: 200
Duration: 300s
Seed: 76
Generation Mode: none (0.0ms/token)
Features:
  - Phase-Aware Processing: Enabled
  - Multi-turn Conversations: Enabled
  - Prefix Caching: Enabled
  - RAG Workload: Disabled
  - Autoscaling: Disabled
  - QoS Support: Enabled (Interactive/Responsive/Batch)
  - Trace-Driven (BurstGPT): Disabled
  - ShareGPT Dataset: Disabled
  - Max Concurrent Allocations: 16 (bounds RAM usage)
================================================================================

User Context Length Distribution:
  Min: 515 tokens (64.38MiB)
  Max: 24908 tokens (3113.50MiB)
  Mean: 9333 tokens (1166.66MiB)

QoS Distribution:
  interactive: 39 users
  responsive: 54 users
  batch: 107 users

### MEMORY SAFETY CHECK ###
  Formula: peak = (workers x 2 x mean_entry_bytes) + baseline
         = (200 x 2 x 1000MiB) + 2.5GiB
         = 393.1GiB
  Available RAM: 991.7GiB
  Mean entry size: 1000MiB  (8000 tok x 131,072 B/tok)
  Peak per thread: 2000MiB  (np.load + np.array copy)
  Worker threads: 200
  Safe concurrent readers: ~506  = (available - baseline) / peak_per_thread
  Status: OK

Starting benchmark... Mode: standard (prefill+decode)
--------------------------------------------------------------------------------

================================================================================
BENCHMARK RESULTS - MLPerf KV Cache Storage Benchmark
Generation Mode: none (0.0ms/token)
================================================================================

IMPORTANT: All storage latencies below are measured per KV cache BLOCK,
not per token or per disk page.  Each block holds the full KV state for
one request (all layers, all heads, full sequence length).
  Model KV bytes/token: 131,072 bytes (128.0KiB)
  Entries in cache: 624
  Block size min:   16.2MiB
  Block size mean:  630.8MiB
  Block size P95:   1715.7MiB
  Block size max:   2803.8MiB
  A 200MiB block at 1GiB/s NVMe read = ~200 ms device latency.
  Compare latencies against block sizes, not against 4KiB page I/O.


### OVERALL PERFORMANCE ###
Requests Completed: 607
Total Tokens Generated: 111263
Throughput (wall-clock): 364.83 tokens/sec
Throughput (storage I/O): 5.92 tokens/sec
Requests/sec: 1.99

### END-TO-END LATENCY (Queue Wait + Storage I/O + Generation) ###
  Mean: 205018.58 ms
  P50:  194118.59 ms
  P95:  404985.92 ms
  P99:  414664.56 ms

### PER-REQUEST STORAGE LATENCY (All I/O ops for one request) ###
  Mean: 30973.88 ms
  P50:  20184.08 ms
  P95:  89914.25 ms
  P99:  137092.73 ms
  (= 1 prefill write + N decode reads per request)

### STORAGE PERFORMANCE ###
  Cache Hit Rate: 90.3%
  Total Read: 1997.18GiB
  Total Write: 384.40GiB
  Read/Write Ratio: 5.20
  Storage KV Read Operations/sec: 12.51
  Storage KV Write Operations/sec: 2.08

### CACHE TIER DISTRIBUTION ###
  GPU Entries: 0 (0.00GiB)
  CPU Entries: 0 (0.00GiB)
  Storage Entries: 624

### TIER-SPECIFIC KV BYTES ###
  Storage KV Bytes Written: 384.40GiB
  Storage KV Bytes Read: 1997.18GiB

### STORAGE KV BANDWIDTH ###
  Storage KV Read Bandwidth: 6.55GiB/s
  Storage KV Write Bandwidth: 1.26GiB/s

### TIER-SPECIFIC LATENCIES (Total = Host + Device) ###
  Storage Read P95 (Total): 12788.70 ms
  Storage Write P95 (Total): 7671.47 ms

### STORAGE TIER LATENCY BREAKDOWN (Device = Disk I/O, Host = Serialization) ###
  Storage Read:
    - Device P95 (Disk I/O): 11430.63 ms
    - Host P95 (Serialization): 4647.54 ms
    - Total P95: 12788.70 ms
  Storage Write:
    - Device P95 (Disk I/O): 1258.88 ms
    - Host P95 (Serialization): 7419.88 ms
    - Total P95: 7671.47 ms

### CACHE TYPE BREAKDOWNS ###
  System Prompt Hits: 757
  Common Phrase Hits: 0
  User Cache Hits: 2980
  Multi-turn Hits: 15

### PREFIX CACHING ###
  Prefix Hits: 131
  Prefix Misses: 493
  System Prompt Reuse: 131
  Bytes Saved: 0.10GiB

### MULTI-TURN CONVERSATIONS ###
  Multi-turn Cache Hits: 15
  Multi-turn Cache Misses: 272
  Multi-turn Hit Rate: 5.2%

### QOS LATENCY METRICS (Informational - includes simulated generation) ###

  INTERACTIVE:
    Requests: 445
    Latency P95: 407243.26 ms
    Latency P99: 422633.33 ms
    SLA Met: [X] (compliance: 0.0%)

  RESPONSIVE:
    Requests: 57
    Latency P95: 120031.69 ms
    Latency P99: 132043.53 ms
    SLA Met: [X] (compliance: 0.0%)

  BATCH:
    Requests: 105
    Latency P95: 159485.48 ms
    Latency P99: 257724.48 ms
    SLA Met: [X] (compliance: 0.0%)

================================================================================
NOTES:
  - Pure storage I/O benchmark (no generation simulation)
================================================================================

Integrated Multi-User KV Cache Benchmark - MLPerf Edition
Model: Llama 3.1 8B
GPU Memory: 0 GB
Users: 200
Duration: 300s
Seed: 44
Generation Mode: none (0.0ms/token)
Features:
  - Phase-Aware Processing: Enabled
  - Multi-turn Conversations: Enabled
  - Prefix Caching: Enabled
  - RAG Workload: Disabled
  - Autoscaling: Disabled
  - QoS Support: Enabled (Interactive/Responsive/Batch)
  - Trace-Driven (BurstGPT): Disabled
  - ShareGPT Dataset: Disabled
  - Max Concurrent Allocations: 16 (bounds RAM usage)
================================================================================

User Context Length Distribution:
  Min: 520 tokens (65.00MiB)
  Max: 24951 tokens (3118.88MiB)
  Mean: 8806 tokens (1100.75MiB)

QoS Distribution:
  interactive: 35 users
  responsive: 66 users
  batch: 99 users

### MEMORY SAFETY CHECK ###
  Formula: peak = (workers x 2 x mean_entry_bytes) + baseline
         = (200 x 2 x 1000MiB) + 2.5GiB
         = 393.1GiB
  Available RAM: 990.3GiB
  Mean entry size: 1000MiB  (8000 tok x 131,072 B/tok)
  Peak per thread: 2000MiB  (np.load + np.array copy)
  Worker threads: 200
  Safe concurrent readers: ~505  = (available - baseline) / peak_per_thread
  Status: OK

Starting benchmark... Mode: standard (prefill+decode)
--------------------------------------------------------------------------------

================================================================================
BENCHMARK RESULTS - MLPerf KV Cache Storage Benchmark
Generation Mode: none (0.0ms/token)
================================================================================

IMPORTANT: All storage latencies below are measured per KV cache BLOCK,
not per token or per disk page.  Each block holds the full KV state for
one request (all layers, all heads, full sequence length).
  Model KV bytes/token: 131,072 bytes (128.0KiB)
  Entries in cache: 582
  Block size min:   17.2MiB
  Block size mean:  579.3MiB
  Block size P95:   1715.6MiB
  Block size max:   2908.0MiB
  A 200MiB block at 1GiB/s NVMe read = ~200 ms device latency.
  Compare latencies against block sizes, not against 4KiB page I/O.


### OVERALL PERFORMANCE ###
Requests Completed: 568
Total Tokens Generated: 99936
Throughput (wall-clock): 333.12 tokens/sec
Throughput (storage I/O): 5.50 tokens/sec
Requests/sec: 1.89

### END-TO-END LATENCY (Queue Wait + Storage I/O + Generation) ###
  Mean: 208913.37 ms
  P50:  217796.07 ms
  P95:  409817.69 ms
  P99:  424583.76 ms

### PER-REQUEST STORAGE LATENCY (All I/O ops for one request) ###
  Mean: 32008.55 ms
  P50:  20307.53 ms
  P95:  91372.14 ms
  P99:  153250.40 ms
  (= 1 prefill write + N decode reads per request)

### STORAGE PERFORMANCE ###
  Cache Hit Rate: 84.5%
  Total Read: 1787.19GiB
  Total Write: 329.27GiB
  Read/Write Ratio: 5.43
  Storage KV Read Operations/sec: 11.89
  Storage KV Write Operations/sec: 1.94

### CACHE TIER DISTRIBUTION ###
  GPU Entries: 0 (0.00GiB)
  CPU Entries: 0 (0.00GiB)
  Storage Entries: 582

### TIER-SPECIFIC KV BYTES ###
  Storage KV Bytes Written: 329.27GiB
  Storage KV Bytes Read: 1787.19GiB

### STORAGE KV BANDWIDTH ###
  Storage KV Read Bandwidth: 5.96GiB/s
  Storage KV Write Bandwidth: 1.10GiB/s

### TIER-SPECIFIC LATENCIES (Total = Host + Device) ###
  Storage Read P95 (Total): 16145.76 ms
  Storage Write P95 (Total): 8375.79 ms

### STORAGE TIER LATENCY BREAKDOWN (Device = Disk I/O, Host = Serialization) ###
  Storage Read:
    - Device P95 (Disk I/O): 13996.77 ms
    - Host P95 (Serialization): 5226.18 ms
    - Total P95: 16145.76 ms
  Storage Write:
    - Device P95 (Disk I/O): 865.14 ms
    - Host P95 (Serialization): 7993.06 ms
    - Total P95: 8375.79 ms

### CACHE TYPE BREAKDOWNS ###
  System Prompt Hits: 663
  Common Phrase Hits: 0
  User Cache Hits: 2873
  Multi-turn Hits: 32

### PREFIX CACHING ###
  Prefix Hits: 107
  Prefix Misses: 475
  System Prompt Reuse: 107
  Bytes Saved: 0.08GiB

### MULTI-TURN CONVERSATIONS ###
  Multi-turn Cache Hits: 32
  Multi-turn Cache Misses: 547
  Multi-turn Hit Rate: 5.5%

### QOS LATENCY METRICS (Informational - includes simulated generation) ###

  INTERACTIVE:
    Requests: 411
    Latency P95: 412280.83 ms
    Latency P99: 429871.06 ms
    SLA Met: [X] (compliance: 0.0%)

  RESPONSIVE:
    Requests: 66
    Latency P95: 205684.21 ms
    Latency P99: 319371.11 ms
    SLA Met: [X] (compliance: 0.0%)

  BATCH:
    Requests: 91
    Latency P95: 148238.25 ms
    Latency P99: 222346.47 ms
    SLA Met: [X] (compliance: 0.0%)

================================================================================
NOTES:
  - Pure storage I/O benchmark (no generation simulation)
================================================================================

Integrated Multi-User KV Cache Benchmark - MLPerf Edition
Model: Llama 3.1 8B
GPU Memory: 0 GB
Users: 200
Duration: 300s
Seed: 136
Generation Mode: none (0.0ms/token)
Features:
  - Phase-Aware Processing: Enabled
  - Multi-turn Conversations: Enabled
  - Prefix Caching: Enabled
  - RAG Workload: Disabled
  - Autoscaling: Disabled
  - QoS Support: Enabled (Interactive/Responsive/Batch)
  - Trace-Driven (BurstGPT): Disabled
  - ShareGPT Dataset: Disabled
  - Max Concurrent Allocations: 16 (bounds RAM usage)
================================================================================

User Context Length Distribution:
  Min: 558 tokens (69.75MiB)
  Max: 24791 tokens (3098.88MiB)
  Mean: 9084 tokens (1135.56MiB)

QoS Distribution:
  interactive: 26 users
  responsive: 78 users
  batch: 96 users

### MEMORY SAFETY CHECK ###
  Formula: peak = (workers x 2 x mean_entry_bytes) + baseline
         = (200 x 2 x 1000MiB) + 2.5GiB
         = 393.1GiB
  Available RAM: 990.4GiB
  Mean entry size: 1000MiB  (8000 tok x 131,072 B/tok)
  Peak per thread: 2000MiB  (np.load + np.array copy)
  Worker threads: 200
  Safe concurrent readers: ~505  = (available - baseline) / peak_per_thread
  Status: OK

Starting benchmark... Mode: standard (prefill+decode)
--------------------------------------------------------------------------------

================================================================================
BENCHMARK RESULTS - MLPerf KV Cache Storage Benchmark
Generation Mode: none (0.0ms/token)
================================================================================

IMPORTANT: All storage latencies below are measured per KV cache BLOCK,
not per token or per disk page.  Each block holds the full KV state for
one request (all layers, all heads, full sequence length).
  Model KV bytes/token: 131,072 bytes (128.0KiB)
  Entries in cache: 592
  Block size min:   21.9MiB
  Block size mean:  628.3MiB
  Block size P95:   1693.5MiB
  Block size max:   2964.1MiB
  A 200MiB block at 1GiB/s NVMe read = ~200 ms device latency.
  Compare latencies against block sizes, not against 4KiB page I/O.


### OVERALL PERFORMANCE ###
Requests Completed: 575
Total Tokens Generated: 94801
Throughput (wall-clock): 312.38 tokens/sec
Throughput (storage I/O): 5.05 tokens/sec
Requests/sec: 1.89

### END-TO-END LATENCY (Queue Wait + Storage I/O + Generation) ###
  Mean: 199931.96 ms
  P50:  201946.15 ms
  P95:  396756.17 ms
  P99:  407491.31 ms

### PER-REQUEST STORAGE LATENCY (All I/O ops for one request) ###
  Mean: 32676.59 ms
  P50:  21166.20 ms
  P95:  101939.18 ms
  P99:  129963.84 ms
  (= 1 prefill write + N decode reads per request)

### STORAGE PERFORMANCE ###
  Cache Hit Rate: 69.0%
  Total Read: 1978.44GiB
  Total Write: 363.24GiB
  Read/Write Ratio: 5.45
  Storage KV Read Operations/sec: 11.95
  Storage KV Write Operations/sec: 1.97

### CACHE TIER DISTRIBUTION ###
  GPU Entries: 0 (0.00GiB)
  CPU Entries: 0 (0.00GiB)
  Storage Entries: 592

### TIER-SPECIFIC KV BYTES ###
  Storage KV Bytes Written: 363.24GiB
  Storage KV Bytes Read: 1978.44GiB

### STORAGE KV BANDWIDTH ###
  Storage KV Read Bandwidth: 6.52GiB/s
  Storage KV Write Bandwidth: 1.20GiB/s

### TIER-SPECIFIC LATENCIES (Total = Host + Device) ###
  Storage Read P95 (Total): 15576.41 ms
  Storage Write P95 (Total): 8050.42 ms

### STORAGE TIER LATENCY BREAKDOWN (Device = Disk I/O, Host = Serialization) ###
  Storage Read:
    - Device P95 (Disk I/O): 13106.25 ms
    - Host P95 (Serialization): 5211.33 ms
    - Total P95: 15576.41 ms
  Storage Write:
    - Device P95 (Disk I/O): 2074.12 ms
    - Host P95 (Serialization): 7685.25 ms
    - Total P95: 8050.42 ms

### CACHE TYPE BREAKDOWNS ###
  System Prompt Hits: 614
  Common Phrase Hits: 0
  User Cache Hits: 2496
  Multi-turn Hits: 474

### PREFIX CACHING ###
  Prefix Hits: 123
  Prefix Misses: 472
  System Prompt Reuse: 123
  Bytes Saved: 0.10GiB

### MULTI-TURN CONVERSATIONS ###
  Multi-turn Cache Hits: 473
  Multi-turn Cache Misses: 1485
  Multi-turn Hit Rate: 24.2%

### QOS LATENCY METRICS (Informational - includes simulated generation) ###

  INTERACTIVE:
    Requests: 409
    Latency P95: 398301.52 ms
    Latency P99: 410146.63 ms
    SLA Met: [X] (compliance: 0.0%)

  RESPONSIVE:
    Requests: 107
    Latency P95: 225976.93 ms
    Latency P99: 344513.54 ms
    SLA Met: [X] (compliance: 0.0%)

  BATCH:
    Requests: 59
    Latency P95: 213773.50 ms
    Latency P99: 252242.87 ms
    SLA Met: [X] (compliance: 0.0%)

================================================================================
NOTES:
  - Pure storage I/O benchmark (no generation simulation)
================================================================================

Integrated Multi-User KV Cache Benchmark - MLPerf Edition
Model: Llama 3.1 8B
GPU Memory: 0 GB
Users: 200
Duration: 300s
Seed: 130
Generation Mode: none (0.0ms/token)
Features:
  - Phase-Aware Processing: Enabled
  - Multi-turn Conversations: Enabled
  - Prefix Caching: Enabled
  - RAG Workload: Disabled
  - Autoscaling: Disabled
  - QoS Support: Enabled (Interactive/Responsive/Batch)
  - Trace-Driven (BurstGPT): Disabled
  - ShareGPT Dataset: Disabled
  - Max Concurrent Allocations: 16 (bounds RAM usage)
================================================================================

User Context Length Distribution:
  Min: 641 tokens (80.12MiB)
  Max: 24993 tokens (3124.12MiB)
  Mean: 9246 tokens (1155.76MiB)

QoS Distribution:
  interactive: 32 users
  responsive: 70 users
  batch: 98 users

### MEMORY SAFETY CHECK ###
  Formula: peak = (workers x 2 x mean_entry_bytes) + baseline
         = (200 x 2 x 1000MiB) + 2.5GiB
         = 393.1GiB
  Available RAM: 990.3GiB
  Mean entry size: 1000MiB  (8000 tok x 131,072 B/tok)
  Peak per thread: 2000MiB  (np.load + np.array copy)
  Worker threads: 200
  Safe concurrent readers: ~505  = (available - baseline) / peak_per_thread
  Status: OK

Starting benchmark... Mode: standard (prefill+decode)
--------------------------------------------------------------------------------

================================================================================
BENCHMARK RESULTS - MLPerf KV Cache Storage Benchmark
Generation Mode: none (0.0ms/token)
================================================================================

IMPORTANT: All storage latencies below are measured per KV cache BLOCK,
not per token or per disk page.  Each block holds the full KV state for
one request (all layers, all heads, full sequence length).
  Model KV bytes/token: 131,072 bytes (128.0KiB)
  Entries in cache: 640
  Block size min:   25.2MiB
  Block size mean:  613.6MiB
  Block size P95:   1822.1MiB
  Block size max:   2891.2MiB
  A 200MiB block at 1GiB/s NVMe read = ~200 ms device latency.
  Compare latencies against block sizes, not against 4KiB page I/O.


### OVERALL PERFORMANCE ###
Requests Completed: 629
Total Tokens Generated: 94679
Throughput (wall-clock): 314.33 tokens/sec
Throughput (storage I/O): 5.24 tokens/sec
Requests/sec: 2.09

### END-TO-END LATENCY (Queue Wait + Storage I/O + Generation) ###
  Mean: 204460.52 ms
  P50:  199100.50 ms
  P95:  410602.23 ms
  P99:  420956.39 ms

### PER-REQUEST STORAGE LATENCY (All I/O ops for one request) ###
  Mean: 28723.66 ms
  P50:  19255.47 ms
  P95:  91814.17 ms
  P99:  151801.59 ms
  (= 1 prefill write + N decode reads per request)

### STORAGE PERFORMANCE ###
  Cache Hit Rate: 83.4%
  Total Read: 1620.49GiB
  Total Write: 383.48GiB
  Read/Write Ratio: 4.23
  Storage KV Read Operations/sec: 10.80
  Storage KV Write Operations/sec: 2.13

### CACHE TIER DISTRIBUTION ###
  GPU Entries: 0 (0.00GiB)
  CPU Entries: 0 (0.00GiB)
  Storage Entries: 640

### TIER-SPECIFIC KV BYTES ###
  Storage KV Bytes Written: 383.48GiB
  Storage KV Bytes Read: 1620.49GiB

### STORAGE KV BANDWIDTH ###
  Storage KV Read Bandwidth: 5.38GiB/s
  Storage KV Write Bandwidth: 1.27GiB/s

### TIER-SPECIFIC LATENCIES (Total = Host + Device) ###
  Storage Read P95 (Total): 13398.62 ms
  Storage Write P95 (Total): 8558.11 ms

### STORAGE TIER LATENCY BREAKDOWN (Device = Disk I/O, Host = Serialization) ###
  Storage Read:
    - Device P95 (Disk I/O): 11827.16 ms
    - Host P95 (Serialization): 5779.35 ms
    - Total P95: 13398.62 ms
  Storage Write:
    - Device P95 (Disk I/O): 862.10 ms
    - Host P95 (Serialization): 8315.67 ms
    - Total P95: 8558.11 ms

### CACHE TYPE BREAKDOWNS ###
  System Prompt Hits: 602
  Common Phrase Hits: 0
  User Cache Hits: 2609
  Multi-turn Hits: 28

### PREFIX CACHING ###
  Prefix Hits: 105
  Prefix Misses: 535
  System Prompt Reuse: 105
  Bytes Saved: 0.09GiB

### MULTI-TURN CONVERSATIONS ###
  Multi-turn Cache Hits: 28
  Multi-turn Cache Misses: 538
  Multi-turn Hit Rate: 4.9%

### QOS LATENCY METRICS (Informational - includes simulated generation) ###

  INTERACTIVE:
    Requests: 468
    Latency P95: 412668.77 ms
    Latency P99: 424996.60 ms
    SLA Met: [X] (compliance: 0.0%)

  RESPONSIVE:
    Requests: 74
    Latency P95: 176017.33 ms
    Latency P99: 261585.20 ms
    SLA Met: [X] (compliance: 0.0%)

  BATCH:
    Requests: 87
    Latency P95: 193726.96 ms
    Latency P99: 238963.08 ms
    SLA Met: [X] (compliance: 0.0%)

================================================================================
NOTES:
  - Pure storage I/O benchmark (no generation simulation)
================================================================================

Integrated Multi-User KV Cache Benchmark - MLPerf Edition
Model: Llama 3.1 8B
GPU Memory: 0 GB
Users: 200
Duration: 300s
Seed: 194
Generation Mode: none (0.0ms/token)
Features:
  - Phase-Aware Processing: Enabled
  - Multi-turn Conversations: Enabled
  - Prefix Caching: Enabled
  - RAG Workload: Disabled
  - Autoscaling: Disabled
  - QoS Support: Enabled (Interactive/Responsive/Batch)
  - Trace-Driven (BurstGPT): Disabled
  - ShareGPT Dataset: Disabled
  - Max Concurrent Allocations: 16 (bounds RAM usage)
================================================================================

User Context Length Distribution:
  Min: 601 tokens (75.12MiB)
  Max: 24691 tokens (3086.38MiB)
  Mean: 9096 tokens (1136.99MiB)

QoS Distribution:
  interactive: 28 users
  responsive: 71 users
  batch: 101 users

### MEMORY SAFETY CHECK ###
  Formula: peak = (workers x 2 x mean_entry_bytes) + baseline
         = (200 x 2 x 1000MiB) + 2.5GiB
         = 393.1GiB
  Available RAM: 990.4GiB
  Mean entry size: 1000MiB  (8000 tok x 131,072 B/tok)
  Peak per thread: 2000MiB  (np.load + np.array copy)
  Worker threads: 200
  Safe concurrent readers: ~505  = (available - baseline) / peak_per_thread
  Status: OK

Starting benchmark... Mode: standard (prefill+decode)
--------------------------------------------------------------------------------

================================================================================
BENCHMARK RESULTS - MLPerf KV Cache Storage Benchmark
Generation Mode: none (0.0ms/token)
================================================================================

IMPORTANT: All storage latencies below are measured per KV cache BLOCK,
not per token or per disk page.  Each block holds the full KV state for
one request (all layers, all heads, full sequence length).
  Model KV bytes/token: 131,072 bytes (128.0KiB)
  Entries in cache: 570
  Block size min:   31.8MiB
  Block size mean:  548.2MiB
  Block size P95:   1773.8MiB
  Block size max:   2862.0MiB
  A 200MiB block at 1GiB/s NVMe read = ~200 ms device latency.
  Compare latencies against block sizes, not against 4KiB page I/O.


### OVERALL PERFORMANCE ###
Requests Completed: 547
Total Tokens Generated: 97083
Throughput (wall-clock): 319.37 tokens/sec
Throughput (storage I/O): 5.31 tokens/sec
Requests/sec: 1.80

### END-TO-END LATENCY (Queue Wait + Storage I/O + Generation) ###
  Mean: 202590.48 ms
  P50:  201868.91 ms
  P95:  399082.31 ms
  P99:  415485.96 ms

### PER-REQUEST STORAGE LATENCY (All I/O ops for one request) ###
  Mean: 33402.86 ms
  P50:  22756.24 ms
  P95:  96604.55 ms
  P99:  144071.47 ms
  (= 1 prefill write + N decode reads per request)

### STORAGE PERFORMANCE ###
  Cache Hit Rate: 78.6%
  Total Read: 1836.61GiB
  Total Write: 305.13GiB
  Read/Write Ratio: 6.02
  Storage KV Read Operations/sec: 12.46
  Storage KV Write Operations/sec: 1.90

### CACHE TIER DISTRIBUTION ###
  GPU Entries: 0 (0.00GiB)
  CPU Entries: 0 (0.00GiB)
  Storage Entries: 570

### TIER-SPECIFIC KV BYTES ###
  Storage KV Bytes Written: 305.13GiB
  Storage KV Bytes Read: 1836.61GiB

### STORAGE KV BANDWIDTH ###
  Storage KV Read Bandwidth: 6.04GiB/s
  Storage KV Write Bandwidth: 1.00GiB/s

### TIER-SPECIFIC LATENCIES (Total = Host + Device) ###
  Storage Read P95 (Total): 15564.81 ms
  Storage Write P95 (Total): 7771.71 ms

### STORAGE TIER LATENCY BREAKDOWN (Device = Disk I/O, Host = Serialization) ###
  Storage Read:
    - Device P95 (Disk I/O): 13437.32 ms
    - Host P95 (Serialization): 5143.62 ms
    - Total P95: 15564.81 ms
  Storage Write:
    - Device P95 (Disk I/O): 1656.98 ms
    - Host P95 (Serialization): 7392.32 ms
    - Total P95: 7771.71 ms

### CACHE TYPE BREAKDOWNS ###
  System Prompt Hits: 718
  Common Phrase Hits: 0
  User Cache Hits: 2840
  Multi-turn Hits: 180

### PREFIX CACHING ###
  Prefix Hits: 112
  Prefix Misses: 461
  System Prompt Reuse: 112
  Bytes Saved: 0.09GiB

### MULTI-TURN CONVERSATIONS ###
  Multi-turn Cache Hits: 179
  Multi-turn Cache Misses: 904
  Multi-turn Hit Rate: 16.5%

### QOS LATENCY METRICS (Informational - includes simulated generation) ###

  INTERACTIVE:
    Requests: 386
    Latency P95: 404374.59 ms
    Latency P99: 420228.11 ms
    SLA Met: [X] (compliance: 0.0%)

  RESPONSIVE:
    Requests: 68
    Latency P95: 234232.83 ms
    Latency P99: 309495.96 ms
    SLA Met: [X] (compliance: 0.0%)

  BATCH:
    Requests: 93
    Latency P95: 197254.90 ms
    Latency P99: 240251.78 ms
    SLA Met: [X] (compliance: 0.0%)

================================================================================
NOTES:
  - Pure storage I/O benchmark (no generation simulation)
================================================================================

Integrated Multi-User KV Cache Benchmark - MLPerf Edition
Model: Llama 3.1 8B
GPU Memory: 0 GB
Users: 200
Duration: 300s
Seed: 57
Generation Mode: none (0.0ms/token)
Features:
  - Phase-Aware Processing: Enabled
  - Multi-turn Conversations: Enabled
  - Prefix Caching: Enabled
  - RAG Workload: Disabled
  - Autoscaling: Disabled
  - QoS Support: Enabled (Interactive/Responsive/Batch)
  - Trace-Driven (BurstGPT): Disabled
  - ShareGPT Dataset: Disabled
  - Max Concurrent Allocations: 16 (bounds RAM usage)
================================================================================

User Context Length Distribution:
  Min: 564 tokens (70.50MiB)
  Max: 24106 tokens (3013.25MiB)
  Mean: 8706 tokens (1088.21MiB)

QoS Distribution:
  interactive: 31 users
  responsive: 73 users
  batch: 96 users

### MEMORY SAFETY CHECK ###
  Formula: peak = (workers x 2 x mean_entry_bytes) + baseline
         = (200 x 2 x 1000MiB) + 2.5GiB
         = 393.1GiB
  Available RAM: 991.8GiB
  Mean entry size: 1000MiB  (8000 tok x 131,072 B/tok)
  Peak per thread: 2000MiB  (np.load + np.array copy)
  Worker threads: 200
  Safe concurrent readers: ~506  = (available - baseline) / peak_per_thread
  Status: OK

Starting benchmark... Mode: standard (prefill+decode)
--------------------------------------------------------------------------------

================================================================================
BENCHMARK RESULTS - MLPerf KV Cache Storage Benchmark
Generation Mode: none (0.0ms/token)
================================================================================

IMPORTANT: All storage latencies below are measured per KV cache BLOCK,
not per token or per disk page.  Each block holds the full KV state for
one request (all layers, all heads, full sequence length).
  Model KV bytes/token: 131,072 bytes (128.0KiB)
  Entries in cache: 603
  Block size min:   24.6MiB
  Block size mean:  572.4MiB
  Block size P95:   1609.3MiB
  Block size max:   2898.4MiB
  A 200MiB block at 1GiB/s NVMe read = ~200 ms device latency.
  Compare latencies against block sizes, not against 4KiB page I/O.


### OVERALL PERFORMANCE ###
Requests Completed: 590
Total Tokens Generated: 101703
Throughput (wall-clock): 324.87 tokens/sec
Throughput (storage I/O): 5.78 tokens/sec
Requests/sec: 1.88

### END-TO-END LATENCY (Queue Wait + Storage I/O + Generation) ###
  Mean: 202276.84 ms
  P50:  182801.25 ms
  P95:  406113.77 ms
  P99:  416435.30 ms

### PER-REQUEST STORAGE LATENCY (All I/O ops for one request) ###
  Mean: 29830.72 ms
  P50:  21285.23 ms
  P95:  85161.13 ms
  P99:  114685.98 ms
  (= 1 prefill write + N decode reads per request)

### STORAGE PERFORMANCE ###
  Cache Hit Rate: 83.7%
  Total Read: 1765.68GiB
  Total Write: 337.06GiB
  Read/Write Ratio: 5.24
  Storage KV Read Operations/sec: 12.01
  Storage KV Write Operations/sec: 2.01

### CACHE TIER DISTRIBUTION ###
  GPU Entries: 0 (0.00GiB)
  CPU Entries: 0 (0.00GiB)
  Storage Entries: 603

### TIER-SPECIFIC KV BYTES ###
  Storage KV Bytes Written: 337.06GiB
  Storage KV Bytes Read: 1765.68GiB

### STORAGE KV BANDWIDTH ###
  Storage KV Read Bandwidth: 5.64GiB/s
  Storage KV Write Bandwidth: 1.08GiB/s

### TIER-SPECIFIC LATENCIES (Total = Host + Device) ###
  Storage Read P95 (Total): 13662.52 ms
  Storage Write P95 (Total): 9367.87 ms

### STORAGE TIER LATENCY BREAKDOWN (Device = Disk I/O, Host = Serialization) ###
  Storage Read:
    - Device P95 (Disk I/O): 11300.51 ms
    - Host P95 (Serialization): 5359.27 ms
    - Total P95: 13662.52 ms
  Storage Write:
    - Device P95 (Disk I/O): 1243.99 ms
    - Host P95 (Serialization): 9126.80 ms
    - Total P95: 9367.87 ms

### CACHE TYPE BREAKDOWNS ###
  System Prompt Hits: 724
  Common Phrase Hits: 0
  User Cache Hits: 2828
  Multi-turn Hits: 51

### PREFIX CACHING ###
  Prefix Hits: 134
  Prefix Misses: 469
  System Prompt Reuse: 134
  Bytes Saved: 0.11GiB

### MULTI-TURN CONVERSATIONS ###
  Multi-turn Cache Hits: 51
  Multi-turn Cache Misses: 568
  Multi-turn Hit Rate: 8.2%

### QOS LATENCY METRICS (Informational - includes simulated generation) ###

  INTERACTIVE:
    Requests: 426
    Latency P95: 407914.39 ms
    Latency P99: 421854.59 ms
    SLA Met: [X] (compliance: 0.0%)

  RESPONSIVE:
    Requests: 70
    Latency P95: 160945.49 ms
    Latency P99: 182008.27 ms
    SLA Met: [X] (compliance: 0.0%)

  BATCH:
    Requests: 94
    Latency P95: 138913.68 ms
    Latency P99: 197074.61 ms
    SLA Met: [X] (compliance: 0.0%)

================================================================================
NOTES:
  - Pure storage I/O benchmark (no generation simulation)
================================================================================

Integrated Multi-User KV Cache Benchmark - MLPerf Edition
Model: Llama 3.1 8B
GPU Memory: 0 GB
Users: 200
Duration: 300s
Seed: 179
Generation Mode: none (0.0ms/token)
Features:
  - Phase-Aware Processing: Enabled
  - Multi-turn Conversations: Enabled
  - Prefix Caching: Enabled
  - RAG Workload: Disabled
  - Autoscaling: Disabled
  - QoS Support: Enabled (Interactive/Responsive/Batch)
  - Trace-Driven (BurstGPT): Disabled
  - ShareGPT Dataset: Disabled
  - Max Concurrent Allocations: 16 (bounds RAM usage)
================================================================================

User Context Length Distribution:
  Min: 527 tokens (65.88MiB)
  Max: 23953 tokens (2994.12MiB)
  Mean: 8281 tokens (1035.06MiB)

QoS Distribution:
  interactive: 27 users
  responsive: 73 users
  batch: 100 users

### MEMORY SAFETY CHECK ###
  Formula: peak = (workers x 2 x mean_entry_bytes) + baseline
         = (200 x 2 x 1000MiB) + 2.5GiB
         = 393.1GiB
  Available RAM: 990.7GiB
  Mean entry size: 1000MiB  (8000 tok x 131,072 B/tok)
  Peak per thread: 2000MiB  (np.load + np.array copy)
  Worker threads: 200
  Safe concurrent readers: ~505  = (available - baseline) / peak_per_thread
  Status: OK

Starting benchmark... Mode: standard (prefill+decode)
--------------------------------------------------------------------------------

================================================================================
BENCHMARK RESULTS - MLPerf KV Cache Storage Benchmark
Generation Mode: none (0.0ms/token)
================================================================================

IMPORTANT: All storage latencies below are measured per KV cache BLOCK,
not per token or per disk page.  Each block holds the full KV state for
one request (all layers, all heads, full sequence length).
  Model KV bytes/token: 131,072 bytes (128.0KiB)
  Entries in cache: 582
  Block size min:   25.6MiB
  Block size mean:  539.8MiB
  Block size P95:   1771.7MiB
  Block size max:   2717.0MiB
  A 200MiB block at 1GiB/s NVMe read = ~200 ms device latency.
  Compare latencies against block sizes, not against 4KiB page I/O.


### OVERALL PERFORMANCE ###
Requests Completed: 567
Total Tokens Generated: 109250
Throughput (wall-clock): 364.16 tokens/sec
Throughput (storage I/O): 5.57 tokens/sec
Requests/sec: 1.89

### END-TO-END LATENCY (Queue Wait + Storage I/O + Generation) ###
  Mean: 195610.88 ms
  P50:  201287.27 ms
  P95:  384677.93 ms
  P99:  414315.59 ms

### PER-REQUEST STORAGE LATENCY (All I/O ops for one request) ###
  Mean: 34587.10 ms
  P50:  20271.25 ms
  P95:  105866.17 ms
  P99:  150824.13 ms
  (= 1 prefill write + N decode reads per request)

### STORAGE PERFORMANCE ###
  Cache Hit Rate: 73.8%
  Total Read: 1897.88GiB
  Total Write: 306.78GiB
  Read/Write Ratio: 6.19
  Storage KV Read Operations/sec: 14.15
  Storage KV Write Operations/sec: 1.94

### CACHE TIER DISTRIBUTION ###
  GPU Entries: 0 (0.00GiB)
  CPU Entries: 0 (0.00GiB)
  Storage Entries: 582

### TIER-SPECIFIC KV BYTES ###
  Storage KV Bytes Written: 306.78GiB
  Storage KV Bytes Read: 1897.88GiB

### STORAGE KV BANDWIDTH ###
  Storage KV Read Bandwidth: 6.33GiB/s
  Storage KV Write Bandwidth: 1.02GiB/s

### TIER-SPECIFIC LATENCIES (Total = Host + Device) ###
  Storage Read P95 (Total): 13890.23 ms
  Storage Write P95 (Total): 8450.29 ms

### STORAGE TIER LATENCY BREAKDOWN (Device = Disk I/O, Host = Serialization) ###
  Storage Read:
    - Device P95 (Disk I/O): 12851.39 ms
    - Host P95 (Serialization): 4620.34 ms
    - Total P95: 13890.23 ms
  Storage Write:
    - Device P95 (Disk I/O): 1438.23 ms
    - Host P95 (Serialization): 7912.29 ms
    - Total P95: 8450.29 ms

### CACHE TYPE BREAKDOWNS ###
  System Prompt Hits: 814
  Common Phrase Hits: 0
  User Cache Hits: 2923
  Multi-turn Hits: 509

### PREFIX CACHING ###
  Prefix Hits: 118
  Prefix Misses: 474
  System Prompt Reuse: 118
  Bytes Saved: 0.10GiB

### MULTI-TURN CONVERSATIONS ###
  Multi-turn Cache Hits: 505
  Multi-turn Cache Misses: 1386
  Multi-turn Hit Rate: 26.7%

### QOS LATENCY METRICS (Informational - includes simulated generation) ###

  INTERACTIVE:
    Requests: 405
    Latency P95: 388739.73 ms
    Latency P99: 419290.75 ms
    SLA Met: [X] (compliance: 0.0%)

  RESPONSIVE:
    Requests: 92
    Latency P95: 189335.76 ms
    Latency P99: 244827.10 ms
    SLA Met: [X] (compliance: 0.0%)

  BATCH:
    Requests: 70
    Latency P95: 140134.60 ms
    Latency P99: 148616.40 ms
    SLA Met: [X] (compliance: 0.0%)

================================================================================
NOTES:
  - Pure storage I/O benchmark (no generation simulation)
================================================================================

Integrated Multi-User KV Cache Benchmark - MLPerf Edition
Model: Llama 3.1 8B
GPU Memory: 0 GB
Users: 200
Duration: 300s
Seed: 187
Generation Mode: none (0.0ms/token)
Features:
  - Phase-Aware Processing: Enabled
  - Multi-turn Conversations: Enabled
  - Prefix Caching: Enabled
  - RAG Workload: Disabled
  - Autoscaling: Disabled
  - QoS Support: Enabled (Interactive/Responsive/Batch)
  - Trace-Driven (BurstGPT): Disabled
  - ShareGPT Dataset: Disabled
  - Max Concurrent Allocations: 16 (bounds RAM usage)
================================================================================

User Context Length Distribution:
  Min: 560 tokens (70.00MiB)
  Max: 24607 tokens (3075.88MiB)
  Mean: 8969 tokens (1121.15MiB)

QoS Distribution:
  interactive: 28 users
  responsive: 72 users
  batch: 100 users

### MEMORY SAFETY CHECK ###
  Formula: peak = (workers x 2 x mean_entry_bytes) + baseline
         = (200 x 2 x 1000MiB) + 2.5GiB
         = 393.1GiB
  Available RAM: 991.4GiB
  Mean entry size: 1000MiB  (8000 tok x 131,072 B/tok)
  Peak per thread: 2000MiB  (np.load + np.array copy)
  Worker threads: 200
  Safe concurrent readers: ~506  = (available - baseline) / peak_per_thread
  Status: OK

Starting benchmark... Mode: standard (prefill+decode)
--------------------------------------------------------------------------------

================================================================================
BENCHMARK RESULTS - MLPerf KV Cache Storage Benchmark
Generation Mode: none (0.0ms/token)
================================================================================

IMPORTANT: All storage latencies below are measured per KV cache BLOCK,
not per token or per disk page.  Each block holds the full KV state for
one request (all layers, all heads, full sequence length).
  Model KV bytes/token: 131,072 bytes (128.0KiB)
  Entries in cache: 584
  Block size min:   17.6MiB
  Block size mean:  606.0MiB
  Block size P95:   1810.0MiB
  Block size max:   2731.4MiB
  A 200MiB block at 1GiB/s NVMe read = ~200 ms device latency.
  Compare latencies against block sizes, not against 4KiB page I/O.


### OVERALL PERFORMANCE ###
Requests Completed: 574
Total Tokens Generated: 84625
Throughput (wall-clock): 277.35 tokens/sec
Throughput (storage I/O): 4.37 tokens/sec
Requests/sec: 1.88

### END-TO-END LATENCY (Queue Wait + Storage I/O + Generation) ###
  Mean: 206013.95 ms
  P50:  193309.19 ms
  P95:  418983.67 ms
  P99:  430420.41 ms

### PER-REQUEST STORAGE LATENCY (All I/O ops for one request) ###
  Mean: 33747.76 ms
  P50:  23937.74 ms
  P95:  97649.79 ms
  P99:  178461.43 ms
  (= 1 prefill write + N decode reads per request)

### STORAGE PERFORMANCE ###
  Cache Hit Rate: 87.4%
  Total Read: 1463.42GiB
  Total Write: 345.62GiB
  Read/Write Ratio: 4.23
  Storage KV Read Operations/sec: 9.85
  Storage KV Write Operations/sec: 1.95

### CACHE TIER DISTRIBUTION ###
  GPU Entries: 0 (0.00GiB)
  CPU Entries: 0 (0.00GiB)
  Storage Entries: 584

### TIER-SPECIFIC KV BYTES ###
  Storage KV Bytes Written: 345.62GiB
  Storage KV Bytes Read: 1463.42GiB

### STORAGE KV BANDWIDTH ###
  Storage KV Read Bandwidth: 4.80GiB/s
  Storage KV Write Bandwidth: 1.13GiB/s

### TIER-SPECIFIC LATENCIES (Total = Host + Device) ###
  Storage Read P95 (Total): 17816.84 ms
  Storage Write P95 (Total): 12177.94 ms

### STORAGE TIER LATENCY BREAKDOWN (Device = Disk I/O, Host = Serialization) ###
  Storage Read:
    - Device P95 (Disk I/O): 13576.78 ms
    - Host P95 (Serialization): 5900.84 ms
    - Total P95: 17816.84 ms
  Storage Write:
    - Device P95 (Disk I/O): 1095.73 ms
    - Host P95 (Serialization): 11543.33 ms
    - Total P95: 12177.94 ms

### CACHE TYPE BREAKDOWNS ###
  System Prompt Hits: 587
  Common Phrase Hits: 0
  User Cache Hits: 2335
  Multi-turn Hits: 32

### PREFIX CACHING ###
  Prefix Hits: 121
  Prefix Misses: 463
  System Prompt Reuse: 121
  Bytes Saved: 0.10GiB

### MULTI-TURN CONVERSATIONS ###
  Multi-turn Cache Hits: 32
  Multi-turn Cache Misses: 303
  Multi-turn Hit Rate: 9.6%

### QOS LATENCY METRICS (Informational - includes simulated generation) ###

  INTERACTIVE:
    Requests: 414
    Latency P95: 421139.24 ms
    Latency P99: 435521.25 ms
    SLA Met: [X] (compliance: 0.0%)

  RESPONSIVE:
    Requests: 99
    Latency P95: 227675.76 ms
    Latency P99: 241517.13 ms
    SLA Met: [X] (compliance: 0.0%)

  BATCH:
    Requests: 61
    Latency P95: 188719.47 ms
    Latency P99: 345720.54 ms
    SLA Met: [X] (compliance: 0.0%)

================================================================================
NOTES:
  - Pure storage I/O benchmark (no generation simulation)
================================================================================

Integrated Multi-User KV Cache Benchmark - MLPerf Edition
Model: Llama 3.1 8B
GPU Memory: 0 GB
Users: 200
Duration: 300s
Seed: 98
Generation Mode: none (0.0ms/token)
Features:
  - Phase-Aware Processing: Enabled
  - Multi-turn Conversations: Enabled
  - Prefix Caching: Enabled
  - RAG Workload: Disabled
  - Autoscaling: Disabled
  - QoS Support: Enabled (Interactive/Responsive/Batch)
  - Trace-Driven (BurstGPT): Disabled
  - ShareGPT Dataset: Disabled
  - Max Concurrent Allocations: 16 (bounds RAM usage)
================================================================================

User Context Length Distribution:
  Min: 521 tokens (65.12MiB)
  Max: 24829 tokens (3103.62MiB)
  Mean: 8837 tokens (1104.65MiB)

QoS Distribution:
  interactive: 22 users
  responsive: 72 users
  batch: 106 users

### MEMORY SAFETY CHECK ###
  Formula: peak = (workers x 2 x mean_entry_bytes) + baseline
         = (200 x 2 x 1000MiB) + 2.5GiB
         = 393.1GiB
  Available RAM: 988.8GiB
  Mean entry size: 1000MiB  (8000 tok x 131,072 B/tok)
  Peak per thread: 2000MiB  (np.load + np.array copy)
  Worker threads: 200
  Safe concurrent readers: ~504  = (available - baseline) / peak_per_thread
  Status: OK

Starting benchmark... Mode: standard (prefill+decode)
--------------------------------------------------------------------------------

================================================================================
BENCHMARK RESULTS - MLPerf KV Cache Storage Benchmark
Generation Mode: none (0.0ms/token)
================================================================================

IMPORTANT: All storage latencies below are measured per KV cache BLOCK,
not per token or per disk page.  Each block holds the full KV state for
one request (all layers, all heads, full sequence length).
  Model KV bytes/token: 131,072 bytes (128.0KiB)
  Entries in cache: 597
  Block size min:   24.5MiB
  Block size mean:  562.2MiB
  Block size P95:   1760.9MiB
  Block size max:   2900.9MiB
  A 200MiB block at 1GiB/s NVMe read = ~200 ms device latency.
  Compare latencies against block sizes, not against 4KiB page I/O.


### OVERALL PERFORMANCE ###
Requests Completed: 580
Total Tokens Generated: 82866
Throughput (wall-clock): 273.85 tokens/sec
Throughput (storage I/O): 5.10 tokens/sec
Requests/sec: 1.92

### END-TO-END LATENCY (Queue Wait + Storage I/O + Generation) ###
  Mean: 201279.41 ms
  P50:  189892.07 ms
  P95:  388157.51 ms
  P99:  414224.28 ms

### PER-REQUEST STORAGE LATENCY (All I/O ops for one request) ###
  Mean: 28008.09 ms
  P50:  19395.82 ms
  P95:  83886.78 ms
  P99:  132001.92 ms
  (= 1 prefill write + N decode reads per request)

### STORAGE PERFORMANCE ###
  Cache Hit Rate: 85.9%
  Total Read: 1467.83GiB
  Total Write: 327.78GiB
  Read/Write Ratio: 4.48
  Storage KV Read Operations/sec: 10.48
  Storage KV Write Operations/sec: 1.99

### CACHE TIER DISTRIBUTION ###
  GPU Entries: 0 (0.00GiB)
  CPU Entries: 0 (0.00GiB)
  Storage Entries: 597

### TIER-SPECIFIC KV BYTES ###
  Storage KV Bytes Written: 327.78GiB
  Storage KV Bytes Read: 1467.83GiB

### STORAGE KV BANDWIDTH ###
  Storage KV Read Bandwidth: 4.85GiB/s
  Storage KV Write Bandwidth: 1.08GiB/s

### TIER-SPECIFIC LATENCIES (Total = Host + Device) ###
  Storage Read P95 (Total): 14759.06 ms
  Storage Write P95 (Total): 9379.76 ms

### STORAGE TIER LATENCY BREAKDOWN (Device = Disk I/O, Host = Serialization) ###
  Storage Read:
    - Device P95 (Disk I/O): 12248.63 ms
    - Host P95 (Serialization): 4971.45 ms
    - Total P95: 14759.06 ms
  Storage Write:
    - Device P95 (Disk I/O): 1380.84 ms
    - Host P95 (Serialization): 8671.28 ms
    - Total P95: 9379.76 ms

### CACHE TYPE BREAKDOWNS ###
  System Prompt Hits: 699
  Common Phrase Hits: 0
  User Cache Hits: 2392
  Multi-turn Hits: 54

### PREFIX CACHING ###
  Prefix Hits: 123
  Prefix Misses: 474
  System Prompt Reuse: 123
  Bytes Saved: 0.10GiB

### MULTI-TURN CONVERSATIONS ###
  Multi-turn Cache Hits: 54
  Multi-turn Cache Misses: 393
  Multi-turn Hit Rate: 12.1%

### QOS LATENCY METRICS (Informational - includes simulated generation) ###

  INTERACTIVE:
    Requests: 400
    Latency P95: 392751.71 ms
    Latency P99: 421269.19 ms
    SLA Met: [X] (compliance: 0.0%)

  RESPONSIVE:
    Requests: 70
    Latency P95: 218302.00 ms
    Latency P99: 271888.07 ms
    SLA Met: [X] (compliance: 0.0%)

  BATCH:
    Requests: 110
    Latency P95: 170998.62 ms
    Latency P99: 306567.52 ms
    SLA Met: [X] (compliance: 0.0%)

================================================================================
NOTES:
  - Pure storage I/O benchmark (no generation simulation)
================================================================================

Integrated Multi-User KV Cache Benchmark - MLPerf Edition
Model: Llama 3.1 8B
GPU Memory: 0 GB
Users: 200
Duration: 300s
Seed: 191
Generation Mode: none (0.0ms/token)
Features:
  - Phase-Aware Processing: Enabled
  - Multi-turn Conversations: Enabled
  - Prefix Caching: Enabled
  - RAG Workload: Disabled
  - Autoscaling: Disabled
  - QoS Support: Enabled (Interactive/Responsive/Batch)
  - Trace-Driven (BurstGPT): Disabled
  - ShareGPT Dataset: Disabled
  - Max Concurrent Allocations: 16 (bounds RAM usage)
================================================================================

User Context Length Distribution:
  Min: 559 tokens (69.88MiB)
  Max: 24794 tokens (3099.25MiB)
  Mean: 9680 tokens (1209.99MiB)

QoS Distribution:
  interactive: 30 users
  responsive: 80 users
  batch: 90 users

### MEMORY SAFETY CHECK ###
  Formula: peak = (workers x 2 x mean_entry_bytes) + baseline
         = (200 x 2 x 1000MiB) + 2.5GiB
         = 393.1GiB
  Available RAM: 991.1GiB
  Mean entry size: 1000MiB  (8000 tok x 131,072 B/tok)
  Peak per thread: 2000MiB  (np.load + np.array copy)
  Worker threads: 200
  Safe concurrent readers: ~506  = (available - baseline) / peak_per_thread
  Status: OK

Starting benchmark... Mode: standard (prefill+decode)
--------------------------------------------------------------------------------

================================================================================
BENCHMARK RESULTS - MLPerf KV Cache Storage Benchmark
Generation Mode: none (0.0ms/token)
================================================================================

IMPORTANT: All storage latencies below are measured per KV cache BLOCK,
not per token or per disk page.  Each block holds the full KV state for
one request (all layers, all heads, full sequence length).
  Model KV bytes/token: 131,072 bytes (128.0KiB)
  Entries in cache: 590
  Block size min:   22.0MiB
  Block size mean:  658.8MiB
  Block size P95:   1743.4MiB
  Block size max:   2999.6MiB
  A 200MiB block at 1GiB/s NVMe read = ~200 ms device latency.
  Compare latencies against block sizes, not against 4KiB page I/O.


### OVERALL PERFORMANCE ###
Requests Completed: 574
Total Tokens Generated: 102246
Throughput (wall-clock): 340.15 tokens/sec
Throughput (storage I/O): 5.09 tokens/sec
Requests/sec: 1.91

### END-TO-END LATENCY (Queue Wait + Storage I/O + Generation) ###
  Mean: 207813.21 ms
  P50:  183987.38 ms
  P95:  415876.99 ms
  P99:  424646.74 ms

### PER-REQUEST STORAGE LATENCY (All I/O ops for one request) ###
  Mean: 35012.00 ms
  P50:  23390.35 ms
  P95:  103469.75 ms
  P99:  155442.83 ms
  (= 1 prefill write + N decode reads per request)

### STORAGE PERFORMANCE ###
  Cache Hit Rate: 85.6%
  Total Read: 1761.15GiB
  Total Write: 379.60GiB
  Read/Write Ratio: 4.64
  Storage KV Read Operations/sec: 11.19
  Storage KV Write Operations/sec: 1.97

### CACHE TIER DISTRIBUTION ###
  GPU Entries: 0 (0.00GiB)
  CPU Entries: 0 (0.00GiB)
  Storage Entries: 590

### TIER-SPECIFIC KV BYTES ###
  Storage KV Bytes Written: 379.60GiB
  Storage KV Bytes Read: 1761.15GiB

### STORAGE KV BANDWIDTH ###
  Storage KV Read Bandwidth: 5.86GiB/s
  Storage KV Write Bandwidth: 1.26GiB/s

### TIER-SPECIFIC LATENCIES (Total = Host + Device) ###
  Storage Read P95 (Total): 16350.78 ms
  Storage Write P95 (Total): 9267.16 ms

### STORAGE TIER LATENCY BREAKDOWN (Device = Disk I/O, Host = Serialization) ###
  Storage Read:
    - Device P95 (Disk I/O): 13644.73 ms
    - Host P95 (Serialization): 6368.49 ms
    - Total P95: 16350.78 ms
  Storage Write:
    - Device P95 (Disk I/O): 1972.55 ms
    - Host P95 (Serialization): 8726.26 ms
    - Total P95: 9267.16 ms

### CACHE TYPE BREAKDOWNS ###
  System Prompt Hits: 730
  Common Phrase Hits: 0
  User Cache Hits: 2589
  Multi-turn Hits: 37

### PREFIX CACHING ###
  Prefix Hits: 131
  Prefix Misses: 459
  System Prompt Reuse: 131
  Bytes Saved: 0.11GiB

### MULTI-TURN CONVERSATIONS ###
  Multi-turn Cache Hits: 37
  Multi-turn Cache Misses: 433
  Multi-turn Hit Rate: 7.9%

### QOS LATENCY METRICS (Informational - includes simulated generation) ###

  INTERACTIVE:
    Requests: 410
    Latency P95: 417991.44 ms
    Latency P99: 425285.89 ms
    SLA Met: [X] (compliance: 0.0%)

  RESPONSIVE:
    Requests: 103
    Latency P95: 162085.94 ms
    Latency P99: 211018.13 ms
    SLA Met: [X] (compliance: 0.0%)

  BATCH:
    Requests: 61
    Latency P95: 163758.71 ms
    Latency P99: 212594.55 ms
    SLA Met: [X] (compliance: 0.0%)

================================================================================
NOTES:
  - Pure storage I/O benchmark (no generation simulation)
================================================================================

Integrated Multi-User KV Cache Benchmark - MLPerf Edition
Model: Llama 3.1 8B
GPU Memory: 0 GB
Users: 200
Duration: 300s
Seed: 71
Generation Mode: none (0.0ms/token)
Features:
  - Phase-Aware Processing: Enabled
  - Multi-turn Conversations: Enabled
  - Prefix Caching: Enabled
  - RAG Workload: Disabled
  - Autoscaling: Disabled
  - QoS Support: Enabled (Interactive/Responsive/Batch)
  - Trace-Driven (BurstGPT): Disabled
  - ShareGPT Dataset: Disabled
  - Max Concurrent Allocations: 16 (bounds RAM usage)
================================================================================

User Context Length Distribution:
  Min: 549 tokens (68.62MiB)
  Max: 24630 tokens (3078.75MiB)
  Mean: 8864 tokens (1108.06MiB)

QoS Distribution:
  interactive: 31 users
  responsive: 70 users
  batch: 99 users

### MEMORY SAFETY CHECK ###
  Formula: peak = (workers x 2 x mean_entry_bytes) + baseline
         = (200 x 2 x 1000MiB) + 2.5GiB
         = 393.1GiB
  Available RAM: 990.1GiB
  Mean entry size: 1000MiB  (8000 tok x 131,072 B/tok)
  Peak per thread: 2000MiB  (np.load + np.array copy)
  Worker threads: 200
  Safe concurrent readers: ~505  = (available - baseline) / peak_per_thread
  Status: OK

Starting benchmark... Mode: standard (prefill+decode)
--------------------------------------------------------------------------------

================================================================================
BENCHMARK RESULTS - MLPerf KV Cache Storage Benchmark
Generation Mode: none (0.0ms/token)
================================================================================

IMPORTANT: All storage latencies below are measured per KV cache BLOCK,
not per token or per disk page.  Each block holds the full KV state for
one request (all layers, all heads, full sequence length).
  Model KV bytes/token: 131,072 bytes (128.0KiB)
  Entries in cache: 629
  Block size min:   19.1MiB
  Block size mean:  528.8MiB
  Block size P95:   1752.7MiB
  Block size max:   2592.6MiB
  A 200MiB block at 1GiB/s NVMe read = ~200 ms device latency.
  Compare latencies against block sizes, not against 4KiB page I/O.


### OVERALL PERFORMANCE ###
Requests Completed: 609
Total Tokens Generated: 93105
Throughput (wall-clock): 309.92 tokens/sec
Throughput (storage I/O): 5.35 tokens/sec
Requests/sec: 2.03

### END-TO-END LATENCY (Queue Wait + Storage I/O + Generation) ###
  Mean: 197472.14 ms
  P50:  186128.78 ms
  P95:  399355.34 ms
  P99:  416188.79 ms

### PER-REQUEST STORAGE LATENCY (All I/O ops for one request) ###
  Mean: 28559.80 ms
  P50:  18785.09 ms
  P95:  78887.76 ms
  P99:  151555.22 ms
  (= 1 prefill write + N decode reads per request)

### STORAGE PERFORMANCE ###
  Cache Hit Rate: 73.0%
  Total Read: 1667.53GiB
  Total Write: 324.85GiB
  Read/Write Ratio: 5.13
  Storage KV Read Operations/sec: 11.86
  Storage KV Write Operations/sec: 2.10

### CACHE TIER DISTRIBUTION ###
  GPU Entries: 0 (0.00GiB)
  CPU Entries: 0 (0.00GiB)
  Storage Entries: 629

### TIER-SPECIFIC KV BYTES ###
  Storage KV Bytes Written: 324.85GiB
  Storage KV Bytes Read: 1667.53GiB

### STORAGE KV BANDWIDTH ###
  Storage KV Read Bandwidth: 5.55GiB/s
  Storage KV Write Bandwidth: 1.08GiB/s

### TIER-SPECIFIC LATENCIES (Total = Host + Device) ###
  Storage Read P95 (Total): 15688.19 ms
  Storage Write P95 (Total): 8543.19 ms

### STORAGE TIER LATENCY BREAKDOWN (Device = Disk I/O, Host = Serialization) ###
  Storage Read:
    - Device P95 (Disk I/O): 13397.93 ms
    - Host P95 (Serialization): 4976.72 ms
    - Total P95: 15688.19 ms
  Storage Write:
    - Device P95 (Disk I/O): 953.04 ms
    - Host P95 (Serialization): 7697.87 ms
    - Total P95: 8543.19 ms

### CACHE TYPE BREAKDOWNS ###
  System Prompt Hits: 623
  Common Phrase Hits: 0
  User Cache Hits: 2740
  Multi-turn Hits: 196

### PREFIX CACHING ###
  Prefix Hits: 128
  Prefix Misses: 501
  System Prompt Reuse: 128
  Bytes Saved: 0.10GiB

### MULTI-TURN CONVERSATIONS ###
  Multi-turn Cache Hits: 196
  Multi-turn Cache Misses: 1189
  Multi-turn Hit Rate: 14.2%

### QOS LATENCY METRICS (Informational - includes simulated generation) ###

  INTERACTIVE:
    Requests: 460
    Latency P95: 401674.91 ms
    Latency P99: 418932.90 ms
    SLA Met: [X] (compliance: 0.0%)

  RESPONSIVE:
    Requests: 71
    Latency P95: 309397.21 ms
    Latency P99: 398523.87 ms
    SLA Met: [X] (compliance: 0.0%)

  BATCH:
    Requests: 78
    Latency P95: 164052.46 ms
    Latency P99: 216687.18 ms
    SLA Met: [X] (compliance: 0.0%)

================================================================================
NOTES:
  - Pure storage I/O benchmark (no generation simulation)
================================================================================

Integrated Multi-User KV Cache Benchmark - MLPerf Edition
Model: Llama 3.1 8B
GPU Memory: 0 GB
Users: 200
Duration: 300s
Seed: 162
Generation Mode: none (0.0ms/token)
Features:
  - Phase-Aware Processing: Enabled
  - Multi-turn Conversations: Enabled
  - Prefix Caching: Enabled
  - RAG Workload: Disabled
  - Autoscaling: Disabled
  - QoS Support: Enabled (Interactive/Responsive/Batch)
  - Trace-Driven (BurstGPT): Disabled
  - ShareGPT Dataset: Disabled
  - Max Concurrent Allocations: 16 (bounds RAM usage)
================================================================================

User Context Length Distribution:
  Min: 551 tokens (68.88MiB)
  Max: 24959 tokens (3119.88MiB)
  Mean: 9291 tokens (1161.35MiB)

QoS Distribution:
  interactive: 36 users
  responsive: 67 users
  batch: 97 users

### MEMORY SAFETY CHECK ###
  Formula: peak = (workers x 2 x mean_entry_bytes) + baseline
         = (200 x 2 x 1000MiB) + 2.5GiB
         = 393.1GiB
  Available RAM: 991.1GiB
  Mean entry size: 1000MiB  (8000 tok x 131,072 B/tok)
  Peak per thread: 2000MiB  (np.load + np.array copy)
  Worker threads: 200
  Safe concurrent readers: ~506  = (available - baseline) / peak_per_thread
  Status: OK

Starting benchmark... Mode: standard (prefill+decode)
--------------------------------------------------------------------------------

================================================================================
BENCHMARK RESULTS - MLPerf KV Cache Storage Benchmark
Generation Mode: none (0.0ms/token)
================================================================================

IMPORTANT: All storage latencies below are measured per KV cache BLOCK,
not per token or per disk page.  Each block holds the full KV state for
one request (all layers, all heads, full sequence length).
  Model KV bytes/token: 131,072 bytes (128.0KiB)
  Entries in cache: 604
  Block size min:   20.8MiB
  Block size mean:  636.7MiB
  Block size P95:   1711.2MiB
  Block size max:   2840.1MiB
  A 200MiB block at 1GiB/s NVMe read = ~200 ms device latency.
  Compare latencies against block sizes, not against 4KiB page I/O.


### OVERALL PERFORMANCE ###
Requests Completed: 589
Total Tokens Generated: 103993
Throughput (wall-clock): 343.60 tokens/sec
Throughput (storage I/O): 5.49 tokens/sec
Requests/sec: 1.95

### END-TO-END LATENCY (Queue Wait + Storage I/O + Generation) ###
  Mean: 198627.29 ms
  P50:  185137.14 ms
  P95:  409167.00 ms
  P99:  416599.41 ms

### PER-REQUEST STORAGE LATENCY (All I/O ops for one request) ###
  Mean: 32152.75 ms
  P50:  22216.72 ms
  P95:  92866.38 ms
  P99:  144990.49 ms
  (= 1 prefill write + N decode reads per request)

### STORAGE PERFORMANCE ###
  Cache Hit Rate: 72.0%
  Total Read: 2107.30GiB
  Total Write: 375.54GiB
  Read/Write Ratio: 5.61
  Storage KV Read Operations/sec: 12.58
  Storage KV Write Operations/sec: 2.01

### CACHE TIER DISTRIBUTION ###
  GPU Entries: 0 (0.00GiB)
  CPU Entries: 0 (0.00GiB)
  Storage Entries: 604

### TIER-SPECIFIC KV BYTES ###
  Storage KV Bytes Written: 375.54GiB
  Storage KV Bytes Read: 2107.30GiB

### STORAGE KV BANDWIDTH ###
  Storage KV Read Bandwidth: 6.96GiB/s
  Storage KV Write Bandwidth: 1.24GiB/s

### TIER-SPECIFIC LATENCIES (Total = Host + Device) ###
  Storage Read P95 (Total): 15825.37 ms
  Storage Write P95 (Total): 9910.79 ms

### STORAGE TIER LATENCY BREAKDOWN (Device = Disk I/O, Host = Serialization) ###
  Storage Read:
    - Device P95 (Disk I/O): 13848.98 ms
    - Host P95 (Serialization): 4492.26 ms
    - Total P95: 15825.37 ms
  Storage Write:
    - Device P95 (Disk I/O): 888.36 ms
    - Host P95 (Serialization): 9664.02 ms
    - Total P95: 9910.79 ms

### CACHE TYPE BREAKDOWNS ###
  System Prompt Hits: 700
  Common Phrase Hits: 0
  User Cache Hits: 2726
  Multi-turn Hits: 347

### PREFIX CACHING ###
  Prefix Hits: 126
  Prefix Misses: 481
  System Prompt Reuse: 126
  Bytes Saved: 0.10GiB

### MULTI-TURN CONVERSATIONS ###
  Multi-turn Cache Hits: 344
  Multi-turn Cache Misses: 1342
  Multi-turn Hit Rate: 20.4%

### QOS LATENCY METRICS (Informational - includes simulated generation) ###

  INTERACTIVE:
    Requests: 446
    Latency P95: 410899.01 ms
    Latency P99: 417292.54 ms
    SLA Met: [X] (compliance: 0.0%)

  RESPONSIVE:
    Requests: 82
    Latency P95: 176701.47 ms
    Latency P99: 251919.88 ms
    SLA Met: [X] (compliance: 0.0%)

  BATCH:
    Requests: 61
    Latency P95: 178146.23 ms
    Latency P99: 221574.86 ms
    SLA Met: [X] (compliance: 0.0%)

================================================================================
NOTES:
  - Pure storage I/O benchmark (no generation simulation)
================================================================================

Integrated Multi-User KV Cache Benchmark - MLPerf Edition
Model: Llama 3.1 8B
GPU Memory: 0 GB
Users: 200
Duration: 300s
Seed: 202
Generation Mode: none (0.0ms/token)
Features:
  - Phase-Aware Processing: Enabled
  - Multi-turn Conversations: Enabled
  - Prefix Caching: Enabled
  - RAG Workload: Disabled
  - Autoscaling: Disabled
  - QoS Support: Enabled (Interactive/Responsive/Batch)
  - Trace-Driven (BurstGPT): Disabled
  - ShareGPT Dataset: Disabled
  - Max Concurrent Allocations: 16 (bounds RAM usage)
================================================================================

User Context Length Distribution:
  Min: 532 tokens (66.50MiB)
  Max: 24880 tokens (3110.00MiB)
  Mean: 9708 tokens (1213.50MiB)

QoS Distribution:
  interactive: 27 users
  responsive: 68 users
  batch: 105 users

### MEMORY SAFETY CHECK ###
  Formula: peak = (workers x 2 x mean_entry_bytes) + baseline
         = (200 x 2 x 1000MiB) + 2.5GiB
         = 393.1GiB
  Available RAM: 989.6GiB
  Mean entry size: 1000MiB  (8000 tok x 131,072 B/tok)
  Peak per thread: 2000MiB  (np.load + np.array copy)
  Worker threads: 200
  Safe concurrent readers: ~505  = (available - baseline) / peak_per_thread
  Status: OK

Starting benchmark... Mode: standard (prefill+decode)
--------------------------------------------------------------------------------

================================================================================
BENCHMARK RESULTS - MLPerf KV Cache Storage Benchmark
Generation Mode: none (0.0ms/token)
================================================================================

IMPORTANT: All storage latencies below are measured per KV cache BLOCK,
not per token or per disk page.  Each block holds the full KV state for
one request (all layers, all heads, full sequence length).
  Model KV bytes/token: 131,072 bytes (128.0KiB)
  Entries in cache: 616
  Block size min:   16.8MiB
  Block size mean:  576.8MiB
  Block size P95:   1639.0MiB
  Block size max:   2517.9MiB
  A 200MiB block at 1GiB/s NVMe read = ~200 ms device latency.
  Compare latencies against block sizes, not against 4KiB page I/O.


### OVERALL PERFORMANCE ###
Requests Completed: 601
Total Tokens Generated: 93686
Throughput (wall-clock): 312.22 tokens/sec
Throughput (storage I/O): 5.21 tokens/sec
Requests/sec: 2.00

### END-TO-END LATENCY (Queue Wait + Storage I/O + Generation) ###
  Mean: 199681.37 ms
  P50:  184308.34 ms
  P95:  396605.85 ms
  P99:  424413.62 ms

### PER-REQUEST STORAGE LATENCY (All I/O ops for one request) ###
  Mean: 29941.26 ms
  P50:  18140.04 ms
  P95:  90977.76 ms
  P99:  144380.47 ms
  (= 1 prefill write + N decode reads per request)

### STORAGE PERFORMANCE ###
  Cache Hit Rate: 66.5%
  Total Read: 1814.68GiB
  Total Write: 346.97GiB
  Read/Write Ratio: 5.23
  Storage KV Read Operations/sec: 12.06
  Storage KV Write Operations/sec: 2.05

### CACHE TIER DISTRIBUTION ###
  GPU Entries: 0 (0.00GiB)
  CPU Entries: 0 (0.00GiB)
  Storage Entries: 616

### TIER-SPECIFIC KV BYTES ###
  Storage KV Bytes Written: 346.97GiB
  Storage KV Bytes Read: 1814.68GiB

### STORAGE KV BANDWIDTH ###
  Storage KV Read Bandwidth: 6.05GiB/s
  Storage KV Write Bandwidth: 1.16GiB/s

### TIER-SPECIFIC LATENCIES (Total = Host + Device) ###
  Storage Read P95 (Total): 12774.89 ms
  Storage Write P95 (Total): 7372.87 ms

### STORAGE TIER LATENCY BREAKDOWN (Device = Disk I/O, Host = Serialization) ###
  Storage Read:
    - Device P95 (Disk I/O): 11367.81 ms
    - Host P95 (Serialization): 4800.40 ms
    - Total P95: 12774.89 ms
  Storage Write:
    - Device P95 (Disk I/O): 983.26 ms
    - Host P95 (Serialization): 7145.58 ms
    - Total P95: 7372.87 ms

### CACHE TYPE BREAKDOWNS ###
  System Prompt Hits: 645
  Common Phrase Hits: 0
  User Cache Hits: 2583
  Multi-turn Hits: 391

### PREFIX CACHING ###
  Prefix Hits: 119
  Prefix Misses: 497
  System Prompt Reuse: 119
  Bytes Saved: 0.10GiB

### MULTI-TURN CONVERSATIONS ###
  Multi-turn Cache Hits: 391
  Multi-turn Cache Misses: 1707
  Multi-turn Hit Rate: 18.6%

### QOS LATENCY METRICS (Informational - includes simulated generation) ###

  INTERACTIVE:
    Requests: 440
    Latency P95: 402445.11 ms
    Latency P99: 432533.92 ms
    SLA Met: [X] (compliance: 0.0%)

  RESPONSIVE:
    Requests: 71
    Latency P95: 180822.70 ms
    Latency P99: 208525.41 ms
    SLA Met: [X] (compliance: 0.0%)

  BATCH:
    Requests: 90
    Latency P95: 179242.34 ms
    Latency P99: 216653.53 ms
    SLA Met: [X] (compliance: 0.0%)

================================================================================
NOTES:
  - Pure storage I/O benchmark (no generation simulation)
================================================================================

Integrated Multi-User KV Cache Benchmark - MLPerf Edition
Model: Llama 3.1 8B
GPU Memory: 0 GB
Users: 200
Duration: 300s
Seed: 203
Generation Mode: none (0.0ms/token)
Features:
  - Phase-Aware Processing: Enabled
  - Multi-turn Conversations: Enabled
  - Prefix Caching: Enabled
  - RAG Workload: Disabled
  - Autoscaling: Disabled
  - QoS Support: Enabled (Interactive/Responsive/Batch)
  - Trace-Driven (BurstGPT): Disabled
  - ShareGPT Dataset: Disabled
  - Max Concurrent Allocations: 16 (bounds RAM usage)
================================================================================

User Context Length Distribution:
  Min: 586 tokens (73.25MiB)
  Max: 24885 tokens (3110.62MiB)
  Mean: 8492 tokens (1061.48MiB)

QoS Distribution:
  interactive: 32 users
  responsive: 70 users
  batch: 98 users

### MEMORY SAFETY CHECK ###
  Formula: peak = (workers x 2 x mean_entry_bytes) + baseline
         = (200 x 2 x 1000MiB) + 2.5GiB
         = 393.1GiB
  Available RAM: 990.7GiB
  Mean entry size: 1000MiB  (8000 tok x 131,072 B/tok)
  Peak per thread: 2000MiB  (np.load + np.array copy)
  Worker threads: 200
  Safe concurrent readers: ~505  = (available - baseline) / peak_per_thread
  Status: OK

Starting benchmark... Mode: standard (prefill+decode)
--------------------------------------------------------------------------------

================================================================================
BENCHMARK RESULTS - MLPerf KV Cache Storage Benchmark
Generation Mode: none (0.0ms/token)
================================================================================

IMPORTANT: All storage latencies below are measured per KV cache BLOCK,
not per token or per disk page.  Each block holds the full KV state for
one request (all layers, all heads, full sequence length).
  Model KV bytes/token: 131,072 bytes (128.0KiB)
  Entries in cache: 613
  Block size min:   23.6MiB
  Block size mean:  540.9MiB
  Block size P95:   1728.2MiB
  Block size max:   3082.6MiB
  A 200MiB block at 1GiB/s NVMe read = ~200 ms device latency.
  Compare latencies against block sizes, not against 4KiB page I/O.


### OVERALL PERFORMANCE ###
Requests Completed: 600
Total Tokens Generated: 97665
Throughput (wall-clock): 324.73 tokens/sec
Throughput (storage I/O): 5.26 tokens/sec
Requests/sec: 1.99

### END-TO-END LATENCY (Queue Wait + Storage I/O + Generation) ###
  Mean: 195850.15 ms
  P50:  176860.83 ms
  P95:  397728.70 ms
  P99:  415652.94 ms

### PER-REQUEST STORAGE LATENCY (All I/O ops for one request) ###
  Mean: 30968.86 ms
  P50:  18199.99 ms
  P95:  101473.88 ms
  P99:  147285.29 ms
  (= 1 prefill write + N decode reads per request)

### STORAGE PERFORMANCE ###
  Cache Hit Rate: 68.3%
  Total Read: 1775.29GiB
  Total Write: 323.81GiB
  Read/Write Ratio: 5.48
  Storage KV Read Operations/sec: 12.54
  Storage KV Write Operations/sec: 2.04

### CACHE TIER DISTRIBUTION ###
  GPU Entries: 0 (0.00GiB)
  CPU Entries: 0 (0.00GiB)
  Storage Entries: 613

### TIER-SPECIFIC KV BYTES ###
  Storage KV Bytes Written: 323.81GiB
  Storage KV Bytes Read: 1775.29GiB

### STORAGE KV BANDWIDTH ###
  Storage KV Read Bandwidth: 5.90GiB/s
  Storage KV Write Bandwidth: 1.08GiB/s

### TIER-SPECIFIC LATENCIES (Total = Host + Device) ###
  Storage Read P95 (Total): 16226.90 ms
  Storage Write P95 (Total): 8677.89 ms

### STORAGE TIER LATENCY BREAKDOWN (Device = Disk I/O, Host = Serialization) ###
  Storage Read:
    - Device P95 (Disk I/O): 11608.82 ms
    - Host P95 (Serialization): 5288.71 ms
    - Total P95: 16226.90 ms
  Storage Write:
    - Device P95 (Disk I/O): 1184.75 ms
    - Host P95 (Serialization): 8620.04 ms
    - Total P95: 8677.89 ms

### CACHE TYPE BREAKDOWNS ###
  System Prompt Hits: 726
  Common Phrase Hits: 0
  User Cache Hits: 2692
  Multi-turn Hits: 345

### PREFIX CACHING ###
  Prefix Hits: 121
  Prefix Misses: 496
  System Prompt Reuse: 121
  Bytes Saved: 0.10GiB

### MULTI-TURN CONVERSATIONS ###
  Multi-turn Cache Hits: 342
  Multi-turn Cache Misses: 1624
  Multi-turn Hit Rate: 17.4%

### QOS LATENCY METRICS (Informational - includes simulated generation) ###

  INTERACTIVE:
    Requests: 435
    Latency P95: 400556.20 ms
    Latency P99: 419639.25 ms
    SLA Met: [X] (compliance: 0.0%)

  RESPONSIVE:
    Requests: 76
    Latency P95: 177682.07 ms
    Latency P99: 220820.85 ms
    SLA Met: [X] (compliance: 0.0%)

  BATCH:
    Requests: 89
    Latency P95: 147072.71 ms
    Latency P99: 188912.12 ms
    SLA Met: [X] (compliance: 0.0%)

================================================================================
NOTES:
  - Pure storage I/O benchmark (no generation simulation)
================================================================================

Integrated Multi-User KV Cache Benchmark - MLPerf Edition
Model: Llama 3.1 8B
GPU Memory: 0 GB
Users: 200
Duration: 300s
Seed: 122
Generation Mode: none (0.0ms/token)
Features:
  - Phase-Aware Processing: Enabled
  - Multi-turn Conversations: Enabled
  - Prefix Caching: Enabled
  - RAG Workload: Disabled
  - Autoscaling: Disabled
  - QoS Support: Enabled (Interactive/Responsive/Batch)
  - Trace-Driven (BurstGPT): Disabled
  - ShareGPT Dataset: Disabled
  - Max Concurrent Allocations: 16 (bounds RAM usage)
================================================================================

User Context Length Distribution:
  Min: 697 tokens (87.12MiB)
  Max: 24764 tokens (3095.50MiB)
  Mean: 9013 tokens (1126.61MiB)

QoS Distribution:
  interactive: 27 users
  responsive: 75 users
  batch: 98 users

### MEMORY SAFETY CHECK ###
  Formula: peak = (workers x 2 x mean_entry_bytes) + baseline
         = (200 x 2 x 1000MiB) + 2.5GiB
         = 393.1GiB
  Available RAM: 991.2GiB
  Mean entry size: 1000MiB  (8000 tok x 131,072 B/tok)
  Peak per thread: 2000MiB  (np.load + np.array copy)
  Worker threads: 200
  Safe concurrent readers: ~506  = (available - baseline) / peak_per_thread
  Status: OK

Starting benchmark... Mode: standard (prefill+decode)
--------------------------------------------------------------------------------

================================================================================
BENCHMARK RESULTS - MLPerf KV Cache Storage Benchmark
Generation Mode: none (0.0ms/token)
================================================================================

IMPORTANT: All storage latencies below are measured per KV cache BLOCK,
not per token or per disk page.  Each block holds the full KV state for
one request (all layers, all heads, full sequence length).
  Model KV bytes/token: 131,072 bytes (128.0KiB)
  Entries in cache: 649
  Block size min:   22.9MiB
  Block size mean:  567.1MiB
  Block size P95:   1723.7MiB
  Block size max:   2887.4MiB
  A 200MiB block at 1GiB/s NVMe read = ~200 ms device latency.
  Compare latencies against block sizes, not against 4KiB page I/O.


### OVERALL PERFORMANCE ###
Requests Completed: 635
Total Tokens Generated: 93276
Throughput (wall-clock): 310.85 tokens/sec
Throughput (storage I/O): 5.25 tokens/sec
Requests/sec: 2.12

### END-TO-END LATENCY (Queue Wait + Storage I/O + Generation) ###
  Mean: 203098.79 ms
  P50:  194934.56 ms
  P95:  408669.84 ms
  P99:  420816.74 ms

### PER-REQUEST STORAGE LATENCY (All I/O ops for one request) ###
  Mean: 27969.91 ms
  P50:  18715.98 ms
  P95:  80889.72 ms
  P99:  131769.81 ms
  (= 1 prefill write + N decode reads per request)

### STORAGE PERFORMANCE ###
  Cache Hit Rate: 91.5%
  Total Read: 1596.53GiB
  Total Write: 359.44GiB
  Read/Write Ratio: 4.44
  Storage KV Read Operations/sec: 10.90
  Storage KV Write Operations/sec: 2.16

### CACHE TIER DISTRIBUTION ###
  GPU Entries: 0 (0.00GiB)
  CPU Entries: 0 (0.00GiB)
  Storage Entries: 649

### TIER-SPECIFIC KV BYTES ###
  Storage KV Bytes Written: 359.44GiB
  Storage KV Bytes Read: 1596.53GiB

### STORAGE KV BANDWIDTH ###
  Storage KV Read Bandwidth: 5.32GiB/s
  Storage KV Write Bandwidth: 1.20GiB/s

### TIER-SPECIFIC LATENCIES (Total = Host + Device) ###
  Storage Read P95 (Total): 15793.80 ms
  Storage Write P95 (Total): 9491.89 ms

### STORAGE TIER LATENCY BREAKDOWN (Device = Disk I/O, Host = Serialization) ###
  Storage Read:
    - Device P95 (Disk I/O): 12750.63 ms
    - Host P95 (Serialization): 5893.62 ms
    - Total P95: 15793.80 ms
  Storage Write:
    - Device P95 (Disk I/O): 1242.86 ms
    - Host P95 (Serialization): 9098.57 ms
    - Total P95: 9491.89 ms

### CACHE TYPE BREAKDOWNS ###
  System Prompt Hits: 565
  Common Phrase Hits: 0
  User Cache Hits: 2692
  Multi-turn Hits: 14

### PREFIX CACHING ###
  Prefix Hits: 113
  Prefix Misses: 536
  System Prompt Reuse: 113
  Bytes Saved: 0.09GiB

### MULTI-TURN CONVERSATIONS ###
  Multi-turn Cache Hits: 14
  Multi-turn Cache Misses: 189
  Multi-turn Hit Rate: 6.9%

### QOS LATENCY METRICS (Informational - includes simulated generation) ###

  INTERACTIVE:
    Requests: 474
    Latency P95: 411006.73 ms
    Latency P99: 422234.26 ms
    SLA Met: [X] (compliance: 0.0%)

  RESPONSIVE:
    Requests: 73
    Latency P95: 226036.37 ms
    Latency P99: 277287.56 ms
    SLA Met: [X] (compliance: 0.0%)

  BATCH:
    Requests: 88
    Latency P95: 157822.80 ms
    Latency P99: 228214.93 ms
    SLA Met: [X] (compliance: 0.0%)

================================================================================
NOTES:
  - Pure storage I/O benchmark (no generation simulation)
================================================================================

Integrated Multi-User KV Cache Benchmark - MLPerf Edition
Model: Llama 3.1 8B
GPU Memory: 0 GB
Users: 200
Duration: 300s
Seed: 108
Generation Mode: none (0.0ms/token)
Features:
  - Phase-Aware Processing: Enabled
  - Multi-turn Conversations: Enabled
  - Prefix Caching: Enabled
  - RAG Workload: Disabled
  - Autoscaling: Disabled
  - QoS Support: Enabled (Interactive/Responsive/Batch)
  - Trace-Driven (BurstGPT): Disabled
  - ShareGPT Dataset: Disabled
  - Max Concurrent Allocations: 16 (bounds RAM usage)
================================================================================

User Context Length Distribution:
  Min: 540 tokens (67.50MiB)
  Max: 24446 tokens (3055.75MiB)
  Mean: 8426 tokens (1053.28MiB)

QoS Distribution:
  interactive: 33 users
  responsive: 64 users
  batch: 103 users

### MEMORY SAFETY CHECK ###
  Formula: peak = (workers x 2 x mean_entry_bytes) + baseline
         = (200 x 2 x 1000MiB) + 2.5GiB
         = 393.1GiB
  Available RAM: 990.1GiB
  Mean entry size: 1000MiB  (8000 tok x 131,072 B/tok)
  Peak per thread: 2000MiB  (np.load + np.array copy)
  Worker threads: 200
  Safe concurrent readers: ~505  = (available - baseline) / peak_per_thread
  Status: OK

Starting benchmark... Mode: standard (prefill+decode)
--------------------------------------------------------------------------------

================================================================================
BENCHMARK RESULTS - MLPerf KV Cache Storage Benchmark
Generation Mode: none (0.0ms/token)
================================================================================

IMPORTANT: All storage latencies below are measured per KV cache BLOCK,
not per token or per disk page.  Each block holds the full KV state for
one request (all layers, all heads, full sequence length).
  Model KV bytes/token: 131,072 bytes (128.0KiB)
  Entries in cache: 577
  Block size min:   28.2MiB
  Block size mean:  586.1MiB
  Block size P95:   1702.7MiB
  Block size max:   2841.6MiB
  A 200MiB block at 1GiB/s NVMe read = ~200 ms device latency.
  Compare latencies against block sizes, not against 4KiB page I/O.


### OVERALL PERFORMANCE ###
Requests Completed: 557
Total Tokens Generated: 100847
Throughput (wall-clock): 335.39 tokens/sec
Throughput (storage I/O): 5.56 tokens/sec
Requests/sec: 1.85

### END-TO-END LATENCY (Queue Wait + Storage I/O + Generation) ###
  Mean: 204542.58 ms
  P50:  190828.46 ms
  P95:  401062.57 ms
  P99:  414860.59 ms

### PER-REQUEST STORAGE LATENCY (All I/O ops for one request) ###
  Mean: 32546.90 ms
  P50:  22575.44 ms
  P95:  100333.15 ms
  P99:  135868.34 ms
  (= 1 prefill write + N decode reads per request)

### STORAGE PERFORMANCE ###
  Cache Hit Rate: 73.9%
  Total Read: 1876.31GiB
  Total Write: 330.24GiB
  Read/Write Ratio: 5.68
  Storage KV Read Operations/sec: 12.17
  Storage KV Write Operations/sec: 1.92

### CACHE TIER DISTRIBUTION ###
  GPU Entries: 0 (0.00GiB)
  CPU Entries: 0 (0.00GiB)
  Storage Entries: 577

### TIER-SPECIFIC KV BYTES ###
  Storage KV Bytes Written: 330.24GiB
  Storage KV Bytes Read: 1876.31GiB

### STORAGE KV BANDWIDTH ###
  Storage KV Read Bandwidth: 6.24GiB/s
  Storage KV Write Bandwidth: 1.10GiB/s

### TIER-SPECIFIC LATENCIES (Total = Host + Device) ###
  Storage Read P95 (Total): 15039.00 ms
  Storage Write P95 (Total): 7987.42 ms

### STORAGE TIER LATENCY BREAKDOWN (Device = Disk I/O, Host = Serialization) ###
  Storage Read:
    - Device P95 (Disk I/O): 11809.82 ms
    - Host P95 (Serialization): 5511.04 ms
    - Total P95: 15039.00 ms
  Storage Write:
    - Device P95 (Disk I/O): 790.87 ms
    - Host P95 (Serialization): 7722.72 ms
    - Total P95: 7987.42 ms

### CACHE TYPE BREAKDOWNS ###
  System Prompt Hits: 592
  Common Phrase Hits: 0
  User Cache Hits: 2802
  Multi-turn Hits: 257

### PREFIX CACHING ###
  Prefix Hits: 99
  Prefix Misses: 479
  System Prompt Reuse: 99
  Bytes Saved: 0.08GiB

### MULTI-TURN CONVERSATIONS ###
  Multi-turn Cache Hits: 257
  Multi-turn Cache Misses: 1189
  Multi-turn Hit Rate: 17.8%

### QOS LATENCY METRICS (Informational - includes simulated generation) ###

  INTERACTIVE:
    Requests: 402
    Latency P95: 404866.80 ms
    Latency P99: 419651.38 ms
    SLA Met: [X] (compliance: 0.0%)

  RESPONSIVE:
    Requests: 69
    Latency P95: 216017.70 ms
    Latency P99: 274869.14 ms
    SLA Met: [X] (compliance: 0.0%)

  BATCH:
    Requests: 86
    Latency P95: 188084.62 ms
    Latency P99: 293772.44 ms
    SLA Met: [X] (compliance: 0.0%)

================================================================================
NOTES:
  - Pure storage I/O benchmark (no generation simulation)
================================================================================

Integrated Multi-User KV Cache Benchmark - MLPerf Edition
Model: Llama 3.1 8B
GPU Memory: 0 GB
Users: 200
Duration: 300s
Seed: 184
Generation Mode: none (0.0ms/token)
Features:
  - Phase-Aware Processing: Enabled
  - Multi-turn Conversations: Enabled
  - Prefix Caching: Enabled
  - RAG Workload: Disabled
  - Autoscaling: Disabled
  - QoS Support: Enabled (Interactive/Responsive/Batch)
  - Trace-Driven (BurstGPT): Disabled
  - ShareGPT Dataset: Disabled
  - Max Concurrent Allocations: 16 (bounds RAM usage)
================================================================================

User Context Length Distribution:
  Min: 531 tokens (66.38MiB)
  Max: 24987 tokens (3123.38MiB)
  Mean: 8608 tokens (1075.97MiB)

QoS Distribution:
  interactive: 34 users
  responsive: 70 users
  batch: 96 users

### MEMORY SAFETY CHECK ###
  Formula: peak = (workers x 2 x mean_entry_bytes) + baseline
         = (200 x 2 x 1000MiB) + 2.5GiB
         = 393.1GiB
  Available RAM: 991.2GiB
  Mean entry size: 1000MiB  (8000 tok x 131,072 B/tok)
  Peak per thread: 2000MiB  (np.load + np.array copy)
  Worker threads: 200
  Safe concurrent readers: ~506  = (available - baseline) / peak_per_thread
  Status: OK

Starting benchmark... Mode: standard (prefill+decode)
--------------------------------------------------------------------------------

================================================================================
BENCHMARK RESULTS - MLPerf KV Cache Storage Benchmark
Generation Mode: none (0.0ms/token)
================================================================================

IMPORTANT: All storage latencies below are measured per KV cache BLOCK,
not per token or per disk page.  Each block holds the full KV state for
one request (all layers, all heads, full sequence length).
  Model KV bytes/token: 131,072 bytes (128.0KiB)
  Entries in cache: 653
  Block size min:   20.2MiB
  Block size mean:  474.8MiB
  Block size P95:   1498.5MiB
  Block size max:   2919.6MiB
  A 200MiB block at 1GiB/s NVMe read = ~200 ms device latency.
  Compare latencies against block sizes, not against 4KiB page I/O.


### OVERALL PERFORMANCE ###
Requests Completed: 634
Total Tokens Generated: 86125
Throughput (wall-clock): 285.62 tokens/sec
Throughput (storage I/O): 5.05 tokens/sec
Requests/sec: 2.10

### END-TO-END LATENCY (Queue Wait + Storage I/O + Generation) ###
  Mean: 195822.94 ms
  P50:  179413.66 ms
  P95:  403915.60 ms
  P99:  415130.21 ms

### PER-REQUEST STORAGE LATENCY (All I/O ops for one request) ###
  Mean: 26919.54 ms
  P50:  17832.43 ms
  P95:  84174.57 ms
  P99:  128539.64 ms
  (= 1 prefill write + N decode reads per request)

### STORAGE PERFORMANCE ###
  Cache Hit Rate: 66.4%
  Total Read: 1576.92GiB
  Total Write: 302.77GiB
  Read/Write Ratio: 5.21
  Storage KV Read Operations/sec: 11.74
  Storage KV Write Operations/sec: 2.18

### CACHE TIER DISTRIBUTION ###
  GPU Entries: 0 (0.00GiB)
  CPU Entries: 0 (0.00GiB)
  Storage Entries: 653

### TIER-SPECIFIC KV BYTES ###
  Storage KV Bytes Written: 302.77GiB
  Storage KV Bytes Read: 1576.92GiB

### STORAGE KV BANDWIDTH ###
  Storage KV Read Bandwidth: 5.23GiB/s
  Storage KV Write Bandwidth: 1.00GiB/s

### TIER-SPECIFIC LATENCIES (Total = Host + Device) ###
  Storage Read P95 (Total): 15384.71 ms
  Storage Write P95 (Total): 7486.02 ms

### STORAGE TIER LATENCY BREAKDOWN (Device = Disk I/O, Host = Serialization) ###
  Storage Read:
    - Device P95 (Disk I/O): 13185.87 ms
    - Host P95 (Serialization): 5335.29 ms
    - Total P95: 15384.71 ms
  Storage Write:
    - Device P95 (Disk I/O): 1712.51 ms
    - Host P95 (Serialization): 6739.11 ms
    - Total P95: 7486.02 ms

### CACHE TYPE BREAKDOWNS ###
  System Prompt Hits: 684
  Common Phrase Hits: 0
  User Cache Hits: 2598
  Multi-turn Hits: 241

### PREFIX CACHING ###
  Prefix Hits: 146
  Prefix Misses: 509
  System Prompt Reuse: 146
  Bytes Saved: 0.12GiB

### MULTI-TURN CONVERSATIONS ###
  Multi-turn Cache Hits: 239
  Multi-turn Cache Misses: 1640
  Multi-turn Hit Rate: 12.7%

### QOS LATENCY METRICS (Informational - includes simulated generation) ###

  INTERACTIVE:
    Requests: 495
    Latency P95: 407756.85 ms
    Latency P99: 416013.42 ms
    SLA Met: [X] (compliance: 0.0%)

  RESPONSIVE:
    Requests: 77
    Latency P95: 128550.68 ms
    Latency P99: 161524.78 ms
    SLA Met: [X] (compliance: 0.0%)

  BATCH:
    Requests: 62
    Latency P95: 164254.24 ms
    Latency P99: 223903.69 ms
    SLA Met: [X] (compliance: 0.0%)

================================================================================
NOTES:
  - Pure storage I/O benchmark (no generation simulation)
================================================================================

Integrated Multi-User KV Cache Benchmark - MLPerf Edition
Model: Llama 3.1 8B
GPU Memory: 0 GB
Users: 200
Duration: 300s
Seed: 59
Generation Mode: none (0.0ms/token)
Features:
  - Phase-Aware Processing: Enabled
  - Multi-turn Conversations: Enabled
  - Prefix Caching: Enabled
  - RAG Workload: Disabled
  - Autoscaling: Disabled
  - QoS Support: Enabled (Interactive/Responsive/Batch)
  - Trace-Driven (BurstGPT): Disabled
  - ShareGPT Dataset: Disabled
  - Max Concurrent Allocations: 16 (bounds RAM usage)
================================================================================

User Context Length Distribution:
  Min: 557 tokens (69.62MiB)
  Max: 24962 tokens (3120.25MiB)
  Mean: 9942 tokens (1242.77MiB)

QoS Distribution:
  interactive: 27 users
  responsive: 88 users
  batch: 85 users

### MEMORY SAFETY CHECK ###
  Formula: peak = (workers x 2 x mean_entry_bytes) + baseline
         = (200 x 2 x 1000MiB) + 2.5GiB
         = 393.1GiB
  Available RAM: 989.7GiB
  Mean entry size: 1000MiB  (8000 tok x 131,072 B/tok)
  Peak per thread: 2000MiB  (np.load + np.array copy)
  Worker threads: 200
  Safe concurrent readers: ~505  = (available - baseline) / peak_per_thread
  Status: OK

Starting benchmark... Mode: standard (prefill+decode)
--------------------------------------------------------------------------------

================================================================================
BENCHMARK RESULTS - MLPerf KV Cache Storage Benchmark
Generation Mode: none (0.0ms/token)
================================================================================

IMPORTANT: All storage latencies below are measured per KV cache BLOCK,
not per token or per disk page.  Each block holds the full KV state for
one request (all layers, all heads, full sequence length).
  Model KV bytes/token: 131,072 bytes (128.0KiB)
  Entries in cache: 657
  Block size min:   30.2MiB
  Block size mean:  564.3MiB
  Block size P95:   1682.0MiB
  Block size max:   2785.5MiB
  A 200MiB block at 1GiB/s NVMe read = ~200 ms device latency.
  Compare latencies against block sizes, not against 4KiB page I/O.


### OVERALL PERFORMANCE ###
Requests Completed: 644
Total Tokens Generated: 104597
Throughput (wall-clock): 342.98 tokens/sec
Throughput (storage I/O): 5.68 tokens/sec
Requests/sec: 2.11

### END-TO-END LATENCY (Queue Wait + Storage I/O + Generation) ###
  Mean: 199188.95 ms
  P50:  202823.97 ms
  P95:  402682.10 ms
  P99:  418650.32 ms

### PER-REQUEST STORAGE LATENCY (All I/O ops for one request) ###
  Mean: 28590.53 ms
  P50:  18523.66 ms
  P95:  89374.22 ms
  P99:  121616.11 ms
  (= 1 prefill write + N decode reads per request)

### STORAGE PERFORMANCE ###
  Cache Hit Rate: 87.7%
  Total Read: 1584.60GiB
  Total Write: 362.03GiB
  Read/Write Ratio: 4.38
  Storage KV Read Operations/sec: 11.31
  Storage KV Write Operations/sec: 2.19

### CACHE TIER DISTRIBUTION ###
  GPU Entries: 0 (0.00GiB)
  CPU Entries: 0 (0.00GiB)
  Storage Entries: 657

### TIER-SPECIFIC KV BYTES ###
  Storage KV Bytes Written: 362.03GiB
  Storage KV Bytes Read: 1584.60GiB

### STORAGE KV BANDWIDTH ###
  Storage KV Read Bandwidth: 5.20GiB/s
  Storage KV Write Bandwidth: 1.19GiB/s

### TIER-SPECIFIC LATENCIES (Total = Host + Device) ###
  Storage Read P95 (Total): 16434.38 ms
  Storage Write P95 (Total): 8646.30 ms

### STORAGE TIER LATENCY BREAKDOWN (Device = Disk I/O, Host = Serialization) ###
  Storage Read:
    - Device P95 (Disk I/O): 11980.55 ms
    - Host P95 (Serialization): 6535.27 ms
    - Total P95: 16434.38 ms
  Storage Write:
    - Device P95 (Disk I/O): 1201.86 ms
    - Host P95 (Serialization): 7831.18 ms
    - Total P95: 8646.30 ms

### CACHE TYPE BREAKDOWNS ###
  System Prompt Hits: 688
  Common Phrase Hits: 0
  User Cache Hits: 2675
  Multi-turn Hits: 30

### PREFIX CACHING ###
  Prefix Hits: 138
  Prefix Misses: 519
  System Prompt Reuse: 138
  Bytes Saved: 0.11GiB

### MULTI-TURN CONVERSATIONS ###
  Multi-turn Cache Hits: 30
  Multi-turn Cache Misses: 338
  Multi-turn Hit Rate: 8.2%

### QOS LATENCY METRICS (Informational - includes simulated generation) ###

  INTERACTIVE:
    Requests: 478
    Latency P95: 405725.23 ms
    Latency P99: 419859.75 ms
    SLA Met: [X] (compliance: 0.0%)

  RESPONSIVE:
    Requests: 109
    Latency P95: 166946.55 ms
    Latency P99: 222487.80 ms
    SLA Met: [X] (compliance: 0.0%)

  BATCH:
    Requests: 57
    Latency P95: 132636.22 ms
    Latency P99: 158709.60 ms
    SLA Met: [X] (compliance: 0.0%)

================================================================================
NOTES:
  - Pure storage I/O benchmark (no generation simulation)
================================================================================

Integrated Multi-User KV Cache Benchmark - MLPerf Edition
Model: Llama 3.1 8B
GPU Memory: 0 GB
Users: 200
Duration: 300s
Seed: 236
Generation Mode: none (0.0ms/token)
Features:
  - Phase-Aware Processing: Enabled
  - Multi-turn Conversations: Enabled
  - Prefix Caching: Enabled
  - RAG Workload: Disabled
  - Autoscaling: Disabled
  - QoS Support: Enabled (Interactive/Responsive/Batch)
  - Trace-Driven (BurstGPT): Disabled
  - ShareGPT Dataset: Disabled
  - Max Concurrent Allocations: 16 (bounds RAM usage)
================================================================================

User Context Length Distribution:
  Min: 573 tokens (71.62MiB)
  Max: 24420 tokens (3052.50MiB)
  Mean: 9666 tokens (1208.19MiB)

QoS Distribution:
  interactive: 38 users
  responsive: 69 users
  batch: 93 users

### MEMORY SAFETY CHECK ###
  Formula: peak = (workers x 2 x mean_entry_bytes) + baseline
         = (200 x 2 x 1000MiB) + 2.5GiB
         = 393.1GiB
  Available RAM: 991.3GiB
  Mean entry size: 1000MiB  (8000 tok x 131,072 B/tok)
  Peak per thread: 2000MiB  (np.load + np.array copy)
  Worker threads: 200
  Safe concurrent readers: ~506  = (available - baseline) / peak_per_thread
  Status: OK

Starting benchmark... Mode: standard (prefill+decode)
--------------------------------------------------------------------------------

================================================================================
BENCHMARK RESULTS - MLPerf KV Cache Storage Benchmark
Generation Mode: none (0.0ms/token)
================================================================================

IMPORTANT: All storage latencies below are measured per KV cache BLOCK,
not per token or per disk page.  Each block holds the full KV state for
one request (all layers, all heads, full sequence length).
  Model KV bytes/token: 131,072 bytes (128.0KiB)
  Entries in cache: 586
  Block size min:   25.6MiB
  Block size mean:  584.5MiB
  Block size P95:   1761.6MiB
  Block size max:   2921.4MiB
  A 200MiB block at 1GiB/s NVMe read = ~200 ms device latency.
  Compare latencies against block sizes, not against 4KiB page I/O.


### OVERALL PERFORMANCE ###
Requests Completed: 565
Total Tokens Generated: 85624
Throughput (wall-clock): 285.29 tokens/sec
Throughput (storage I/O): 4.70 tokens/sec
Requests/sec: 1.88

### END-TO-END LATENCY (Queue Wait + Storage I/O + Generation) ###
  Mean: 200825.15 ms
  P50:  200802.72 ms
  P95:  399242.82 ms
  P99:  428827.91 ms

### PER-REQUEST STORAGE LATENCY (All I/O ops for one request) ###
  Mean: 32254.30 ms
  P50:  21106.22 ms
  P95:  93769.61 ms
  P99:  136865.44 ms
  (= 1 prefill write + N decode reads per request)

### STORAGE PERFORMANCE ###
  Cache Hit Rate: 70.4%
  Total Read: 1644.90GiB
  Total Write: 334.51GiB
  Read/Write Ratio: 4.92
  Storage KV Read Operations/sec: 11.28
  Storage KV Write Operations/sec: 1.95

### CACHE TIER DISTRIBUTION ###
  GPU Entries: 0 (0.00GiB)
  CPU Entries: 0 (0.00GiB)
  Storage Entries: 586

### TIER-SPECIFIC KV BYTES ###
  Storage KV Bytes Written: 334.51GiB
  Storage KV Bytes Read: 1644.90GiB

### STORAGE KV BANDWIDTH ###
  Storage KV Read Bandwidth: 5.48GiB/s
  Storage KV Write Bandwidth: 1.11GiB/s

### TIER-SPECIFIC LATENCIES (Total = Host + Device) ###
  Storage Read P95 (Total): 16090.67 ms
  Storage Write P95 (Total): 8378.45 ms

### STORAGE TIER LATENCY BREAKDOWN (Device = Disk I/O, Host = Serialization) ###
  Storage Read:
    - Device P95 (Disk I/O): 13965.07 ms
    - Host P95 (Serialization): 5526.76 ms
    - Total P95: 16090.67 ms
  Storage Write:
    - Device P95 (Disk I/O): 971.14 ms
    - Host P95 (Serialization): 8342.52 ms
    - Total P95: 8378.45 ms

### CACHE TYPE BREAKDOWNS ###
  System Prompt Hits: 636
  Common Phrase Hits: 0
  User Cache Hits: 2353
  Multi-turn Hits: 394

### PREFIX CACHING ###
  Prefix Hits: 116
  Prefix Misses: 471
  System Prompt Reuse: 116
  Bytes Saved: 0.10GiB

### MULTI-TURN CONVERSATIONS ###
  Multi-turn Cache Hits: 393
  Multi-turn Cache Misses: 1306
  Multi-turn Hit Rate: 23.1%

### QOS LATENCY METRICS (Informational - includes simulated generation) ###

  INTERACTIVE:
    Requests: 410
    Latency P95: 401610.55 ms
    Latency P99: 433680.48 ms
    SLA Met: [X] (compliance: 0.0%)

  RESPONSIVE:
    Requests: 66
    Latency P95: 223904.06 ms
    Latency P99: 297384.67 ms
    SLA Met: [X] (compliance: 0.0%)

  BATCH:
    Requests: 89
    Latency P95: 198621.74 ms
    Latency P99: 251383.57 ms
    SLA Met: [X] (compliance: 0.0%)

================================================================================
NOTES:
  - Pure storage I/O benchmark (no generation simulation)
================================================================================

Integrated Multi-User KV Cache Benchmark - MLPerf Edition
Model: Llama 3.1 8B
GPU Memory: 0 GB
Users: 200
Duration: 300s
Seed: 213
Generation Mode: none (0.0ms/token)
Features:
  - Phase-Aware Processing: Enabled
  - Multi-turn Conversations: Enabled
  - Prefix Caching: Enabled
  - RAG Workload: Disabled
  - Autoscaling: Disabled
  - QoS Support: Enabled (Interactive/Responsive/Batch)
  - Trace-Driven (BurstGPT): Disabled
  - ShareGPT Dataset: Disabled
  - Max Concurrent Allocations: 16 (bounds RAM usage)
================================================================================

User Context Length Distribution:
  Min: 516 tokens (64.50MiB)
  Max: 23824 tokens (2978.00MiB)
  Mean: 8526 tokens (1065.78MiB)

QoS Distribution:
  interactive: 36 users
  responsive: 63 users
  batch: 101 users

### MEMORY SAFETY CHECK ###
  Formula: peak = (workers x 2 x mean_entry_bytes) + baseline
         = (200 x 2 x 1000MiB) + 2.5GiB
         = 393.1GiB
  Available RAM: 990.6GiB
  Mean entry size: 1000MiB  (8000 tok x 131,072 B/tok)
  Peak per thread: 2000MiB  (np.load + np.array copy)
  Worker threads: 200
  Safe concurrent readers: ~505  = (available - baseline) / peak_per_thread
  Status: OK

Starting benchmark... Mode: standard (prefill+decode)
--------------------------------------------------------------------------------

================================================================================
BENCHMARK RESULTS - MLPerf KV Cache Storage Benchmark
Generation Mode: none (0.0ms/token)
================================================================================

IMPORTANT: All storage latencies below are measured per KV cache BLOCK,
not per token or per disk page.  Each block holds the full KV state for
one request (all layers, all heads, full sequence length).
  Model KV bytes/token: 131,072 bytes (128.0KiB)
  Entries in cache: 632
  Block size min:   16.4MiB
  Block size mean:  570.1MiB
  Block size P95:   2002.8MiB
  Block size max:   2967.6MiB
  A 200MiB block at 1GiB/s NVMe read = ~200 ms device latency.
  Compare latencies against block sizes, not against 4KiB page I/O.


### OVERALL PERFORMANCE ###
Requests Completed: 618
Total Tokens Generated: 94238
Throughput (wall-clock): 313.50 tokens/sec
Throughput (storage I/O): 5.36 tokens/sec
Requests/sec: 2.06

### END-TO-END LATENCY (Queue Wait + Storage I/O + Generation) ###
  Mean: 200818.38 ms
  P50:  165796.01 ms
  P95:  415016.42 ms
  P99:  427516.46 ms

### PER-REQUEST STORAGE LATENCY (All I/O ops for one request) ###
  Mean: 28459.17 ms
  P50:  16301.71 ms
  P95:  100863.10 ms
  P99:  157753.20 ms
  (= 1 prefill write + N decode reads per request)

### STORAGE PERFORMANCE ###
  Cache Hit Rate: 83.0%
  Total Read: 1554.19GiB
  Total Write: 351.88GiB
  Read/Write Ratio: 4.42
  Storage KV Read Operations/sec: 11.48
  Storage KV Write Operations/sec: 2.11

### CACHE TIER DISTRIBUTION ###
  GPU Entries: 0 (0.00GiB)
  CPU Entries: 0 (0.00GiB)
  Storage Entries: 632

### TIER-SPECIFIC KV BYTES ###
  Storage KV Bytes Written: 351.88GiB
  Storage KV Bytes Read: 1554.19GiB

### STORAGE KV BANDWIDTH ###
  Storage KV Read Bandwidth: 5.17GiB/s
  Storage KV Write Bandwidth: 1.17GiB/s

### TIER-SPECIFIC LATENCIES (Total = Host + Device) ###
  Storage Read P95 (Total): 15284.08 ms
  Storage Write P95 (Total): 8126.47 ms

### STORAGE TIER LATENCY BREAKDOWN (Device = Disk I/O, Host = Serialization) ###
  Storage Read:
    - Device P95 (Disk I/O): 12373.92 ms
    - Host P95 (Serialization): 5717.16 ms
    - Total P95: 15284.08 ms
  Storage Write:
    - Device P95 (Disk I/O): 1200.53 ms
    - Host P95 (Serialization): 7921.74 ms
    - Total P95: 8126.47 ms

### CACHE TYPE BREAKDOWNS ###
  System Prompt Hits: 671
  Common Phrase Hits: 0
  User Cache Hits: 2725
  Multi-turn Hits: 49

### PREFIX CACHING ###
  Prefix Hits: 123
  Prefix Misses: 509
  System Prompt Reuse: 123
  Bytes Saved: 0.10GiB

### MULTI-TURN CONVERSATIONS ###
  Multi-turn Cache Hits: 49
  Multi-turn Cache Misses: 581
  Multi-turn Hit Rate: 7.8%

### QOS LATENCY METRICS (Informational - includes simulated generation) ###

  INTERACTIVE:
    Requests: 469
    Latency P95: 418130.34 ms
    Latency P99: 430723.18 ms
    SLA Met: [X] (compliance: 0.0%)

  RESPONSIVE:
    Requests: 75
    Latency P95: 181064.19 ms
    Latency P99: 218037.62 ms
    SLA Met: [X] (compliance: 0.0%)

  BATCH:
    Requests: 74
    Latency P95: 114360.27 ms
    Latency P99: 193719.91 ms
    SLA Met: [X] (compliance: 0.0%)

================================================================================
NOTES:
  - Pure storage I/O benchmark (no generation simulation)
================================================================================

Integrated Multi-User KV Cache Benchmark - MLPerf Edition
Model: Llama 3.1 8B
GPU Memory: 0 GB
Users: 200
Duration: 300s
Seed: 237
Generation Mode: none (0.0ms/token)
Features:
  - Phase-Aware Processing: Enabled
  - Multi-turn Conversations: Enabled
  - Prefix Caching: Enabled
  - RAG Workload: Disabled
  - Autoscaling: Disabled
  - QoS Support: Enabled (Interactive/Responsive/Batch)
  - Trace-Driven (BurstGPT): Disabled
  - ShareGPT Dataset: Disabled
  - Max Concurrent Allocations: 16 (bounds RAM usage)
================================================================================

User Context Length Distribution:
  Min: 548 tokens (68.50MiB)
  Max: 24781 tokens (3097.62MiB)
  Mean: 8656 tokens (1082.05MiB)

QoS Distribution:
  interactive: 29 users
  responsive: 61 users
  batch: 110 users

### MEMORY SAFETY CHECK ###
  Formula: peak = (workers x 2 x mean_entry_bytes) + baseline
         = (200 x 2 x 1000MiB) + 2.5GiB
         = 393.1GiB
  Available RAM: 991.3GiB
  Mean entry size: 1000MiB  (8000 tok x 131,072 B/tok)
  Peak per thread: 2000MiB  (np.load + np.array copy)
  Worker threads: 200
  Safe concurrent readers: ~506  = (available - baseline) / peak_per_thread
  Status: OK

Starting benchmark... Mode: standard (prefill+decode)
--------------------------------------------------------------------------------

================================================================================
BENCHMARK RESULTS - MLPerf KV Cache Storage Benchmark
Generation Mode: none (0.0ms/token)
================================================================================

IMPORTANT: All storage latencies below are measured per KV cache BLOCK,
not per token or per disk page.  Each block holds the full KV state for
one request (all layers, all heads, full sequence length).
  Model KV bytes/token: 131,072 bytes (128.0KiB)
  Entries in cache: 661
  Block size min:   22.5MiB
  Block size mean:  555.6MiB
  Block size P95:   1904.9MiB
  Block size max:   2897.2MiB
  A 200MiB block at 1GiB/s NVMe read = ~200 ms device latency.
  Compare latencies against block sizes, not against 4KiB page I/O.


### OVERALL PERFORMANCE ###
Requests Completed: 644
Total Tokens Generated: 95669
Throughput (wall-clock): 318.21 tokens/sec
Throughput (storage I/O): 5.70 tokens/sec
Requests/sec: 2.14

### END-TO-END LATENCY (Queue Wait + Storage I/O + Generation) ###
  Mean: 195408.59 ms
  P50:  177529.02 ms
  P95:  404568.63 ms
  P99:  414614.89 ms

### PER-REQUEST STORAGE LATENCY (All I/O ops for one request) ###
  Mean: 26039.90 ms
  P50:  17566.67 ms
  P95:  71127.43 ms
  P99:  137711.08 ms
  (= 1 prefill write + N decode reads per request)

### STORAGE PERFORMANCE ###
  Cache Hit Rate: 90.7%
  Total Read: 1503.03GiB
  Total Write: 358.67GiB
  Read/Write Ratio: 4.19
  Storage KV Read Operations/sec: 11.39
  Storage KV Write Operations/sec: 2.20

### CACHE TIER DISTRIBUTION ###
  GPU Entries: 0 (0.00GiB)
  CPU Entries: 0 (0.00GiB)
  Storage Entries: 661

### TIER-SPECIFIC KV BYTES ###
  Storage KV Bytes Written: 358.67GiB
  Storage KV Bytes Read: 1503.03GiB

### STORAGE KV BANDWIDTH ###
  Storage KV Read Bandwidth: 5.00GiB/s
  Storage KV Write Bandwidth: 1.19GiB/s

### TIER-SPECIFIC LATENCIES (Total = Host + Device) ###
  Storage Read P95 (Total): 14595.55 ms
  Storage Write P95 (Total): 8876.21 ms

### STORAGE TIER LATENCY BREAKDOWN (Device = Disk I/O, Host = Serialization) ###
  Storage Read:
    - Device P95 (Disk I/O): 12554.30 ms
    - Host P95 (Serialization): 5363.83 ms
    - Total P95: 14595.55 ms
  Storage Write:
    - Device P95 (Disk I/O): 1105.45 ms
    - Host P95 (Serialization): 8247.99 ms
    - Total P95: 8876.21 ms

### CACHE TYPE BREAKDOWNS ###
  System Prompt Hits: 590
  Common Phrase Hits: 0
  User Cache Hits: 2805
  Multi-turn Hits: 21

### PREFIX CACHING ###
  Prefix Hits: 117
  Prefix Misses: 544
  System Prompt Reuse: 117
  Bytes Saved: 0.10GiB

### MULTI-TURN CONVERSATIONS ###
  Multi-turn Cache Hits: 21
  Multi-turn Cache Misses: 233
  Multi-turn Hit Rate: 8.3%

### QOS LATENCY METRICS (Informational - includes simulated generation) ###

  INTERACTIVE:
    Requests: 481
    Latency P95: 407211.89 ms
    Latency P99: 416733.31 ms
    SLA Met: [X] (compliance: 0.0%)

  RESPONSIVE:
    Requests: 70
    Latency P95: 154400.59 ms
    Latency P99: 225167.21 ms
    SLA Met: [X] (compliance: 0.0%)

  BATCH:
    Requests: 93
    Latency P95: 154782.89 ms
    Latency P99: 307060.48 ms
    SLA Met: [X] (compliance: 0.0%)

================================================================================
NOTES:
  - Pure storage I/O benchmark (no generation simulation)
================================================================================

Integrated Multi-User KV Cache Benchmark - MLPerf Edition
Model: Llama 3.1 8B
GPU Memory: 0 GB
Users: 200
Duration: 300s
Seed: 145
Generation Mode: none (0.0ms/token)
Features:
  - Phase-Aware Processing: Enabled
  - Multi-turn Conversations: Enabled
  - Prefix Caching: Enabled
  - RAG Workload: Disabled
  - Autoscaling: Disabled
  - QoS Support: Enabled (Interactive/Responsive/Batch)
  - Trace-Driven (BurstGPT): Disabled
  - ShareGPT Dataset: Disabled
  - Max Concurrent Allocations: 16 (bounds RAM usage)
================================================================================

User Context Length Distribution:
  Min: 523 tokens (65.38MiB)
  Max: 24773 tokens (3096.62MiB)
  Mean: 8611 tokens (1076.41MiB)

QoS Distribution:
  interactive: 29 users
  responsive: 65 users
  batch: 106 users

### MEMORY SAFETY CHECK ###
  Formula: peak = (workers x 2 x mean_entry_bytes) + baseline
         = (200 x 2 x 1000MiB) + 2.5GiB
         = 393.1GiB
  Available RAM: 990.4GiB
  Mean entry size: 1000MiB  (8000 tok x 131,072 B/tok)
  Peak per thread: 2000MiB  (np.load + np.array copy)
  Worker threads: 200
  Safe concurrent readers: ~505  = (available - baseline) / peak_per_thread
  Status: OK

Starting benchmark... Mode: standard (prefill+decode)
--------------------------------------------------------------------------------

================================================================================
BENCHMARK RESULTS - MLPerf KV Cache Storage Benchmark
Generation Mode: none (0.0ms/token)
================================================================================

IMPORTANT: All storage latencies below are measured per KV cache BLOCK,
not per token or per disk page.  Each block holds the full KV state for
one request (all layers, all heads, full sequence length).
  Model KV bytes/token: 131,072 bytes (128.0KiB)
  Entries in cache: 715
  Block size min:   19.5MiB
  Block size mean:  470.5MiB
  Block size P95:   1610.9MiB
  Block size max:   2746.5MiB
  A 200MiB block at 1GiB/s NVMe read = ~200 ms device latency.
  Compare latencies against block sizes, not against 4KiB page I/O.


### OVERALL PERFORMANCE ###
Requests Completed: 698
Total Tokens Generated: 90938
Throughput (wall-clock): 302.75 tokens/sec
Throughput (storage I/O): 5.01 tokens/sec
Requests/sec: 2.32

### END-TO-END LATENCY (Queue Wait + Storage I/O + Generation) ###
  Mean: 196775.38 ms
  P50:  193235.84 ms
  P95:  402492.92 ms
  P99:  430948.58 ms

### PER-REQUEST STORAGE LATENCY (All I/O ops for one request) ###
  Mean: 26007.59 ms
  P50:  17556.02 ms
  P95:  80392.94 ms
  P99:  130821.78 ms
  (= 1 prefill write + N decode reads per request)

### STORAGE PERFORMANCE ###
  Cache Hit Rate: 78.0%
  Total Read: 1592.13GiB
  Total Write: 328.54GiB
  Read/Write Ratio: 4.85
  Storage KV Read Operations/sec: 11.58
  Storage KV Write Operations/sec: 2.38

### CACHE TIER DISTRIBUTION ###
  GPU Entries: 0 (0.00GiB)
  CPU Entries: 0 (0.00GiB)
  Storage Entries: 715

### TIER-SPECIFIC KV BYTES ###
  Storage KV Bytes Written: 328.54GiB
  Storage KV Bytes Read: 1592.13GiB

### STORAGE KV BANDWIDTH ###
  Storage KV Read Bandwidth: 5.30GiB/s
  Storage KV Write Bandwidth: 1.09GiB/s

### TIER-SPECIFIC LATENCIES (Total = Host + Device) ###
  Storage Read P95 (Total): 13779.08 ms
  Storage Write P95 (Total): 7825.61 ms

### STORAGE TIER LATENCY BREAKDOWN (Device = Disk I/O, Host = Serialization) ###
  Storage Read:
    - Device P95 (Disk I/O): 11465.13 ms
    - Host P95 (Serialization): 5380.49 ms
    - Total P95: 13779.08 ms
  Storage Write:
    - Device P95 (Disk I/O): 1275.41 ms
    - Host P95 (Serialization): 7453.19 ms
    - Total P95: 7825.61 ms

### CACHE TYPE BREAKDOWNS ###
  System Prompt Hits: 690
  Common Phrase Hits: 0
  User Cache Hits: 2669
  Multi-turn Hits: 115

### PREFIX CACHING ###
  Prefix Hits: 150
  Prefix Misses: 565
  System Prompt Reuse: 150
  Bytes Saved: 0.12GiB

### MULTI-TURN CONVERSATIONS ###
  Multi-turn Cache Hits: 115
  Multi-turn Cache Misses: 827
  Multi-turn Hit Rate: 12.2%

### QOS LATENCY METRICS (Informational - includes simulated generation) ###

  INTERACTIVE:
    Requests: 557
    Latency P95: 406589.88 ms
    Latency P99: 432201.79 ms
    SLA Met: [X] (compliance: 0.0%)

  RESPONSIVE:
    Requests: 71
    Latency P95: 202876.79 ms
    Latency P99: 222074.35 ms
    SLA Met: [X] (compliance: 0.0%)

  BATCH:
    Requests: 70
    Latency P95: 136640.37 ms
    Latency P99: 172746.46 ms
    SLA Met: [X] (compliance: 0.0%)

================================================================================
NOTES:
  - Pure storage I/O benchmark (no generation simulation)
================================================================================

Integrated Multi-User KV Cache Benchmark - MLPerf Edition
Model: Llama 3.1 8B
GPU Memory: 0 GB
Users: 200
Duration: 300s
Seed: 160
Generation Mode: none (0.0ms/token)
Features:
  - Phase-Aware Processing: Enabled
  - Multi-turn Conversations: Enabled
  - Prefix Caching: Enabled
  - RAG Workload: Disabled
  - Autoscaling: Disabled
  - QoS Support: Enabled (Interactive/Responsive/Batch)
  - Trace-Driven (BurstGPT): Disabled
  - ShareGPT Dataset: Disabled
  - Max Concurrent Allocations: 16 (bounds RAM usage)
================================================================================

User Context Length Distribution:
  Min: 555 tokens (69.38MiB)
  Max: 24882 tokens (3110.25MiB)
  Mean: 8220 tokens (1027.55MiB)

QoS Distribution:
  interactive: 30 users
  responsive: 70 users
  batch: 100 users

### MEMORY SAFETY CHECK ###
  Formula: peak = (workers x 2 x mean_entry_bytes) + baseline
         = (200 x 2 x 1000MiB) + 2.5GiB
         = 393.1GiB
  Available RAM: 988.9GiB
  Mean entry size: 1000MiB  (8000 tok x 131,072 B/tok)
  Peak per thread: 2000MiB  (np.load + np.array copy)
  Worker threads: 200
  Safe concurrent readers: ~505  = (available - baseline) / peak_per_thread
  Status: OK

Starting benchmark... Mode: standard (prefill+decode)
--------------------------------------------------------------------------------

================================================================================
BENCHMARK RESULTS - MLPerf KV Cache Storage Benchmark
Generation Mode: none (0.0ms/token)
================================================================================

IMPORTANT: All storage latencies below are measured per KV cache BLOCK,
not per token or per disk page.  Each block holds the full KV state for
one request (all layers, all heads, full sequence length).
  Model KV bytes/token: 131,072 bytes (128.0KiB)
  Entries in cache: 660
  Block size min:   23.1MiB
  Block size mean:  515.2MiB
  Block size P95:   1693.3MiB
  Block size max:   2929.9MiB
  A 200MiB block at 1GiB/s NVMe read = ~200 ms device latency.
  Compare latencies against block sizes, not against 4KiB page I/O.


### OVERALL PERFORMANCE ###
Requests Completed: 644
Total Tokens Generated: 95829
Throughput (wall-clock): 319.21 tokens/sec
Throughput (storage I/O): 5.42 tokens/sec
Requests/sec: 2.15

### END-TO-END LATENCY (Queue Wait + Storage I/O + Generation) ###
  Mean: 198188.80 ms
  P50:  181723.72 ms
  P95:  409968.78 ms
  P99:  420365.61 ms

### PER-REQUEST STORAGE LATENCY (All I/O ops for one request) ###
  Mean: 27478.78 ms
  P50:  18637.63 ms
  P95:  82550.51 ms
  P99:  145272.63 ms
  (= 1 prefill write + N decode reads per request)

### STORAGE PERFORMANCE ###
  Cache Hit Rate: 82.1%
  Total Read: 1516.63GiB
  Total Write: 332.06GiB
  Read/Write Ratio: 4.57
  Storage KV Read Operations/sec: 11.44
  Storage KV Write Operations/sec: 2.20

### CACHE TIER DISTRIBUTION ###
  GPU Entries: 0 (0.00GiB)
  CPU Entries: 0 (0.00GiB)
  Storage Entries: 660

### TIER-SPECIFIC KV BYTES ###
  Storage KV Bytes Written: 332.06GiB
  Storage KV Bytes Read: 1516.63GiB

### STORAGE KV BANDWIDTH ###
  Storage KV Read Bandwidth: 5.05GiB/s
  Storage KV Write Bandwidth: 1.11GiB/s

### TIER-SPECIFIC LATENCIES (Total = Host + Device) ###
  Storage Read P95 (Total): 15681.57 ms
  Storage Write P95 (Total): 7746.93 ms

### STORAGE TIER LATENCY BREAKDOWN (Device = Disk I/O, Host = Serialization) ###
  Storage Read:
    - Device P95 (Disk I/O): 12672.84 ms
    - Host P95 (Serialization): 5553.61 ms
    - Total P95: 15681.57 ms
  Storage Write:
    - Device P95 (Disk I/O): 1095.50 ms
    - Host P95 (Serialization): 7524.40 ms
    - Total P95: 7746.93 ms

### CACHE TYPE BREAKDOWNS ###
  System Prompt Hits: 774
  Common Phrase Hits: 0
  User Cache Hits: 2631
  Multi-turn Hits: 27

### PREFIX CACHING ###
  Prefix Hits: 136
  Prefix Misses: 524
  System Prompt Reuse: 136
  Bytes Saved: 0.11GiB

### MULTI-TURN CONVERSATIONS ###
  Multi-turn Cache Hits: 27
  Multi-turn Cache Misses: 613
  Multi-turn Hit Rate: 4.2%

### QOS LATENCY METRICS (Informational - includes simulated generation) ###

  INTERACTIVE:
    Requests: 480
    Latency P95: 411703.08 ms
    Latency P99: 423205.98 ms
    SLA Met: [X] (compliance: 0.0%)

  RESPONSIVE:
    Requests: 72
    Latency P95: 151661.32 ms
    Latency P99: 201309.06 ms
    SLA Met: [X] (compliance: 0.0%)

  BATCH:
    Requests: 92
    Latency P95: 201290.39 ms
    Latency P99: 274727.27 ms
    SLA Met: [X] (compliance: 0.0%)

================================================================================
NOTES:
  - Pure storage I/O benchmark (no generation simulation)
================================================================================

Integrated Multi-User KV Cache Benchmark - MLPerf Edition
Model: Llama 3.1 8B
GPU Memory: 0 GB
Users: 200
Duration: 300s
Seed: 84
Generation Mode: none (0.0ms/token)
Features:
  - Phase-Aware Processing: Enabled
  - Multi-turn Conversations: Enabled
  - Prefix Caching: Enabled
  - RAG Workload: Disabled
  - Autoscaling: Disabled
  - QoS Support: Enabled (Interactive/Responsive/Batch)
  - Trace-Driven (BurstGPT): Disabled
  - ShareGPT Dataset: Disabled
  - Max Concurrent Allocations: 16 (bounds RAM usage)
================================================================================

User Context Length Distribution:
  Min: 606 tokens (75.75MiB)
  Max: 24765 tokens (3095.62MiB)
  Mean: 9353 tokens (1169.17MiB)

QoS Distribution:
  interactive: 35 users
  responsive: 64 users
  batch: 101 users

### MEMORY SAFETY CHECK ###
  Formula: peak = (workers x 2 x mean_entry_bytes) + baseline
         = (200 x 2 x 1000MiB) + 2.5GiB
         = 393.1GiB
  Available RAM: 989.8GiB
  Mean entry size: 1000MiB  (8000 tok x 131,072 B/tok)
  Peak per thread: 2000MiB  (np.load + np.array copy)
  Worker threads: 200
  Safe concurrent readers: ~505  = (available - baseline) / peak_per_thread
  Status: OK

Starting benchmark... Mode: standard (prefill+decode)
--------------------------------------------------------------------------------

================================================================================
BENCHMARK RESULTS - MLPerf KV Cache Storage Benchmark
Generation Mode: none (0.0ms/token)
================================================================================

IMPORTANT: All storage latencies below are measured per KV cache BLOCK,
not per token or per disk page.  Each block holds the full KV state for
one request (all layers, all heads, full sequence length).
  Model KV bytes/token: 131,072 bytes (128.0KiB)
  Entries in cache: 560
  Block size min:   30.6MiB
  Block size mean:  661.0MiB
  Block size P95:   2113.1MiB
  Block size max:   2983.2MiB
  A 200MiB block at 1GiB/s NVMe read = ~200 ms device latency.
  Compare latencies against block sizes, not against 4KiB page I/O.


### OVERALL PERFORMANCE ###
Requests Completed: 542
Total Tokens Generated: 82432
Throughput (wall-clock): 271.74 tokens/sec
Throughput (storage I/O): 4.69 tokens/sec
Requests/sec: 1.79

### END-TO-END LATENCY (Queue Wait + Storage I/O + Generation) ###
  Mean: 208498.75 ms
  P50:  199375.81 ms
  P95:  415336.14 ms
  P99:  426038.31 ms

### PER-REQUEST STORAGE LATENCY (All I/O ops for one request) ###
  Mean: 32423.00 ms
  P50:  21245.26 ms
  P95:  101475.85 ms
  P99:  184171.50 ms
  (= 1 prefill write + N decode reads per request)

### STORAGE PERFORMANCE ###
  Cache Hit Rate: 68.9%
  Total Read: 1374.16GiB
  Total Write: 361.51GiB
  Read/Write Ratio: 3.80
  Storage KV Read Operations/sec: 9.53
  Storage KV Write Operations/sec: 1.87

### CACHE TIER DISTRIBUTION ###
  GPU Entries: 0 (0.00GiB)
  CPU Entries: 0 (0.00GiB)
  Storage Entries: 560

### TIER-SPECIFIC KV BYTES ###
  Storage KV Bytes Written: 361.51GiB
  Storage KV Bytes Read: 1374.16GiB

### STORAGE KV BANDWIDTH ###
  Storage KV Read Bandwidth: 4.53GiB/s
  Storage KV Write Bandwidth: 1.19GiB/s

### TIER-SPECIFIC LATENCIES (Total = Host + Device) ###
  Storage Read P95 (Total): 19007.95 ms
  Storage Write P95 (Total): 11439.42 ms

### STORAGE TIER LATENCY BREAKDOWN (Device = Disk I/O, Host = Serialization) ###
  Storage Read:
    - Device P95 (Disk I/O): 15521.06 ms
    - Host P95 (Serialization): 6484.97 ms
    - Total P95: 19007.95 ms
  Storage Write:
    - Device P95 (Disk I/O): 1010.23 ms
    - Host P95 (Serialization): 10252.39 ms
    - Total P95: 11439.42 ms

### CACHE TYPE BREAKDOWNS ###
  System Prompt Hits: 609
  Common Phrase Hits: 0
  User Cache Hits: 2029
  Multi-turn Hits: 221

### PREFIX CACHING ###
  Prefix Hits: 114
  Prefix Misses: 448
  System Prompt Reuse: 114
  Bytes Saved: 0.09GiB

### MULTI-TURN CONVERSATIONS ###
  Multi-turn Cache Hits: 219
  Multi-turn Cache Misses: 1179
  Multi-turn Hit Rate: 15.7%

### QOS LATENCY METRICS (Informational - includes simulated generation) ###

  INTERACTIVE:
    Requests: 383
    Latency P95: 417138.34 ms
    Latency P99: 428973.26 ms
    SLA Met: [X] (compliance: 0.0%)

  RESPONSIVE:
    Requests: 81
    Latency P95: 225481.29 ms
    Latency P99: 312072.60 ms
    SLA Met: [X] (compliance: 0.0%)

  BATCH:
    Requests: 78
    Latency P95: 230925.52 ms
    Latency P99: 296026.80 ms
    SLA Met: [X] (compliance: 0.0%)

================================================================================
NOTES:
  - Pure storage I/O benchmark (no generation simulation)
================================================================================

Integrated Multi-User KV Cache Benchmark - MLPerf Edition
Model: Llama 3.1 8B
GPU Memory: 0 GB
Users: 200
Duration: 300s
Seed: 105
Generation Mode: none (0.0ms/token)
Features:
  - Phase-Aware Processing: Enabled
  - Multi-turn Conversations: Enabled
  - Prefix Caching: Enabled
  - RAG Workload: Disabled
  - Autoscaling: Disabled
  - QoS Support: Enabled (Interactive/Responsive/Batch)
  - Trace-Driven (BurstGPT): Disabled
  - ShareGPT Dataset: Disabled
  - Max Concurrent Allocations: 16 (bounds RAM usage)
================================================================================

User Context Length Distribution:
  Min: 544 tokens (68.00MiB)
  Max: 24900 tokens (3112.50MiB)
  Mean: 9198 tokens (1149.72MiB)

QoS Distribution:
  interactive: 20 users
  responsive: 66 users
  batch: 114 users

### MEMORY SAFETY CHECK ###
  Formula: peak = (workers x 2 x mean_entry_bytes) + baseline
         = (200 x 2 x 1000MiB) + 2.5GiB
         = 393.1GiB
  Available RAM: 991.6GiB
  Mean entry size: 1000MiB  (8000 tok x 131,072 B/tok)
  Peak per thread: 2000MiB  (np.load + np.array copy)
  Worker threads: 200
  Safe concurrent readers: ~506  = (available - baseline) / peak_per_thread
  Status: OK

Starting benchmark... Mode: standard (prefill+decode)
--------------------------------------------------------------------------------

================================================================================
BENCHMARK RESULTS - MLPerf KV Cache Storage Benchmark
Generation Mode: none (0.0ms/token)
================================================================================

IMPORTANT: All storage latencies below are measured per KV cache BLOCK,
not per token or per disk page.  Each block holds the full KV state for
one request (all layers, all heads, full sequence length).
  Model KV bytes/token: 131,072 bytes (128.0KiB)
  Entries in cache: 653
  Block size min:   20.9MiB
  Block size mean:  554.4MiB
  Block size P95:   1746.8MiB
  Block size max:   3011.0MiB
  A 200MiB block at 1GiB/s NVMe read = ~200 ms device latency.
  Compare latencies against block sizes, not against 4KiB page I/O.


### OVERALL PERFORMANCE ###
Requests Completed: 641
Total Tokens Generated: 96191
Throughput (wall-clock): 316.65 tokens/sec
Throughput (storage I/O): 5.42 tokens/sec
Requests/sec: 2.11

### END-TO-END LATENCY (Queue Wait + Storage I/O + Generation) ###
  Mean: 210125.42 ms
  P50:  206024.28 ms
  P95:  413728.21 ms
  P99:  423716.87 ms

### PER-REQUEST STORAGE LATENCY (All I/O ops for one request) ###
  Mean: 27674.11 ms
  P50:  17285.70 ms
  P95:  87571.60 ms
  P99:  136425.50 ms
  (= 1 prefill write + N decode reads per request)

### STORAGE PERFORMANCE ###
  Cache Hit Rate: 82.6%
  Total Read: 1686.26GiB
  Total Write: 353.55GiB
  Read/Write Ratio: 4.77
  Storage KV Read Operations/sec: 11.65
  Storage KV Write Operations/sec: 2.18

### CACHE TIER DISTRIBUTION ###
  GPU Entries: 0 (0.00GiB)
  CPU Entries: 0 (0.00GiB)
  Storage Entries: 653

### TIER-SPECIFIC KV BYTES ###
  Storage KV Bytes Written: 353.55GiB
  Storage KV Bytes Read: 1686.26GiB

### STORAGE KV BANDWIDTH ###
  Storage KV Read Bandwidth: 5.55GiB/s
  Storage KV Write Bandwidth: 1.16GiB/s

### TIER-SPECIFIC LATENCIES (Total = Host + Device) ###
  Storage Read P95 (Total): 13848.07 ms
  Storage Write P95 (Total): 9342.26 ms

### STORAGE TIER LATENCY BREAKDOWN (Device = Disk I/O, Host = Serialization) ###
  Storage Read:
    - Device P95 (Disk I/O): 10967.27 ms
    - Host P95 (Serialization): 5174.81 ms
    - Total P95: 13848.07 ms
  Storage Write:
    - Device P95 (Disk I/O): 1259.05 ms
    - Host P95 (Serialization): 8727.49 ms
    - Total P95: 9342.26 ms

### CACHE TYPE BREAKDOWNS ###
  System Prompt Hits: 674
  Common Phrase Hits: 0
  User Cache Hits: 2746
  Multi-turn Hits: 75

### PREFIX CACHING ###
  Prefix Hits: 130
  Prefix Misses: 523
  System Prompt Reuse: 130
  Bytes Saved: 0.10GiB

### MULTI-TURN CONVERSATIONS ###
  Multi-turn Cache Hits: 75
  Multi-turn Cache Misses: 608
  Multi-turn Hit Rate: 11.0%

### QOS LATENCY METRICS (Informational - includes simulated generation) ###

  INTERACTIVE:
    Requests: 482
    Latency P95: 417360.20 ms
    Latency P99: 424707.68 ms
    SLA Met: [X] (compliance: 0.0%)

  RESPONSIVE:
    Requests: 78
    Latency P95: 240971.57 ms
    Latency P99: 321163.81 ms
    SLA Met: [X] (compliance: 0.0%)

  BATCH:
    Requests: 81
    Latency P95: 196445.86 ms
    Latency P99: 234688.12 ms
    SLA Met: [X] (compliance: 0.0%)

================================================================================
NOTES:
  - Pure storage I/O benchmark (no generation simulation)
================================================================================

Integrated Multi-User KV Cache Benchmark - MLPerf Edition
Model: Llama 3.1 8B
GPU Memory: 0 GB
Users: 200
Duration: 300s
Seed: 120
Generation Mode: none (0.0ms/token)
Features:
  - Phase-Aware Processing: Enabled
  - Multi-turn Conversations: Enabled
  - Prefix Caching: Enabled
  - RAG Workload: Disabled
  - Autoscaling: Disabled
  - QoS Support: Enabled (Interactive/Responsive/Batch)
  - Trace-Driven (BurstGPT): Disabled
  - ShareGPT Dataset: Disabled
  - Max Concurrent Allocations: 16 (bounds RAM usage)
================================================================================

User Context Length Distribution:
  Min: 569 tokens (71.12MiB)
  Max: 24964 tokens (3120.50MiB)
  Mean: 8222 tokens (1027.72MiB)

QoS Distribution:
  interactive: 28 users
  responsive: 78 users
  batch: 94 users

### MEMORY SAFETY CHECK ###
  Formula: peak = (workers x 2 x mean_entry_bytes) + baseline
         = (200 x 2 x 1000MiB) + 2.5GiB
         = 393.1GiB
  Available RAM: 991.8GiB
  Mean entry size: 1000MiB  (8000 tok x 131,072 B/tok)
  Peak per thread: 2000MiB  (np.load + np.array copy)
  Worker threads: 200
  Safe concurrent readers: ~506  = (available - baseline) / peak_per_thread
  Status: OK

Starting benchmark... Mode: standard (prefill+decode)
--------------------------------------------------------------------------------

================================================================================
BENCHMARK RESULTS - MLPerf KV Cache Storage Benchmark
Generation Mode: none (0.0ms/token)
================================================================================

IMPORTANT: All storage latencies below are measured per KV cache BLOCK,
not per token or per disk page.  Each block holds the full KV state for
one request (all layers, all heads, full sequence length).
  Model KV bytes/token: 131,072 bytes (128.0KiB)
  Entries in cache: 609
  Block size min:   18.9MiB
  Block size mean:  554.6MiB
  Block size P95:   1672.2MiB
  Block size max:   2562.2MiB
  A 200MiB block at 1GiB/s NVMe read = ~200 ms device latency.
  Compare latencies against block sizes, not against 4KiB page I/O.


### OVERALL PERFORMANCE ###
Requests Completed: 592
Total Tokens Generated: 95037
Throughput (wall-clock): 316.70 tokens/sec
Throughput (storage I/O): 5.29 tokens/sec
Requests/sec: 1.97

### END-TO-END LATENCY (Queue Wait + Storage I/O + Generation) ###
  Mean: 198345.92 ms
  P50:  185979.79 ms
  P95:  413470.71 ms
  P99:  424742.29 ms

### PER-REQUEST STORAGE LATENCY (All I/O ops for one request) ###
  Mean: 30320.80 ms
  P50:  17784.20 ms
  P95:  99315.45 ms
  P99:  158227.31 ms
  (= 1 prefill write + N decode reads per request)

### STORAGE PERFORMANCE ###
  Cache Hit Rate: 83.2%
  Total Read: 1679.84GiB
  Total Write: 329.83GiB
  Read/Write Ratio: 5.09
  Storage KV Read Operations/sec: 11.03
  Storage KV Write Operations/sec: 2.03

### CACHE TIER DISTRIBUTION ###
  GPU Entries: 0 (0.00GiB)
  CPU Entries: 0 (0.00GiB)
  Storage Entries: 609

### TIER-SPECIFIC KV BYTES ###
  Storage KV Bytes Written: 329.83GiB
  Storage KV Bytes Read: 1679.84GiB

### STORAGE KV BANDWIDTH ###
  Storage KV Read Bandwidth: 5.60GiB/s
  Storage KV Write Bandwidth: 1.10GiB/s

### TIER-SPECIFIC LATENCIES (Total = Host + Device) ###
  Storage Read P95 (Total): 16132.67 ms
  Storage Write P95 (Total): 8823.00 ms

### STORAGE TIER LATENCY BREAKDOWN (Device = Disk I/O, Host = Serialization) ###
  Storage Read:
    - Device P95 (Disk I/O): 14732.93 ms
    - Host P95 (Serialization): 5314.34 ms
    - Total P95: 16132.67 ms
  Storage Write:
    - Device P95 (Disk I/O): 1484.92 ms
    - Host P95 (Serialization): 8402.97 ms
    - Total P95: 8823.00 ms

### CACHE TYPE BREAKDOWNS ###
  System Prompt Hits: 815
  Common Phrase Hits: 0
  User Cache Hits: 2462
  Multi-turn Hits: 32

### PREFIX CACHING ###
  Prefix Hits: 133
  Prefix Misses: 476
  System Prompt Reuse: 133
  Bytes Saved: 0.11GiB

### MULTI-TURN CONVERSATIONS ###
  Multi-turn Cache Hits: 32
  Multi-turn Cache Misses: 533
  Multi-turn Hit Rate: 5.7%

### QOS LATENCY METRICS (Informational - includes simulated generation) ###

  INTERACTIVE:
    Requests: 448
    Latency P95: 414734.74 ms
    Latency P99: 425980.89 ms
    SLA Met: [X] (compliance: 0.0%)

  RESPONSIVE:
    Requests: 71
    Latency P95: 206869.71 ms
    Latency P99: 230631.29 ms
    SLA Met: [X] (compliance: 0.0%)

  BATCH:
    Requests: 73
    Latency P95: 148842.08 ms
    Latency P99: 169657.17 ms
    SLA Met: [X] (compliance: 0.0%)

================================================================================
NOTES:
  - Pure storage I/O benchmark (no generation simulation)
================================================================================

Integrated Multi-User KV Cache Benchmark - MLPerf Edition
Model: Llama 3.1 8B
GPU Memory: 0 GB
Users: 200
Duration: 300s
Seed: 118
Generation Mode: none (0.0ms/token)
Features:
  - Phase-Aware Processing: Enabled
  - Multi-turn Conversations: Enabled
  - Prefix Caching: Enabled
  - RAG Workload: Disabled
  - Autoscaling: Disabled
  - QoS Support: Enabled (Interactive/Responsive/Batch)
  - Trace-Driven (BurstGPT): Disabled
  - ShareGPT Dataset: Disabled
  - Max Concurrent Allocations: 16 (bounds RAM usage)
================================================================================

User Context Length Distribution:
  Min: 627 tokens (78.38MiB)
  Max: 24770 tokens (3096.25MiB)
  Mean: 8877 tokens (1109.61MiB)

QoS Distribution:
  interactive: 35 users
  responsive: 74 users
  batch: 91 users

### MEMORY SAFETY CHECK ###
  Formula: peak = (workers x 2 x mean_entry_bytes) + baseline
         = (200 x 2 x 1000MiB) + 2.5GiB
         = 393.1GiB
  Available RAM: 991.8GiB
  Mean entry size: 1000MiB  (8000 tok x 131,072 B/tok)
  Peak per thread: 2000MiB  (np.load + np.array copy)
  Worker threads: 200
  Safe concurrent readers: ~506  = (available - baseline) / peak_per_thread
  Status: OK

Starting benchmark... Mode: standard (prefill+decode)
--------------------------------------------------------------------------------

================================================================================
BENCHMARK RESULTS - MLPerf KV Cache Storage Benchmark
Generation Mode: none (0.0ms/token)
================================================================================

IMPORTANT: All storage latencies below are measured per KV cache BLOCK,
not per token or per disk page.  Each block holds the full KV state for
one request (all layers, all heads, full sequence length).
  Model KV bytes/token: 131,072 bytes (128.0KiB)
  Entries in cache: 578
  Block size min:   26.4MiB
  Block size mean:  519.4MiB
  Block size P95:   1522.2MiB
  Block size max:   2791.9MiB
  A 200MiB block at 1GiB/s NVMe read = ~200 ms device latency.
  Compare latencies against block sizes, not against 4KiB page I/O.


### OVERALL PERFORMANCE ###
Requests Completed: 563
Total Tokens Generated: 92648
Throughput (wall-clock): 297.05 tokens/sec
Throughput (storage I/O): 5.59 tokens/sec
Requests/sec: 1.81

### END-TO-END LATENCY (Queue Wait + Storage I/O + Generation) ###
  Mean: 206475.61 ms
  P50:  180078.31 ms
  P95:  413918.40 ms
  P99:  431177.08 ms

### PER-REQUEST STORAGE LATENCY (All I/O ops for one request) ###
  Mean: 29451.44 ms
  P50:  19770.06 ms
  P95:  89122.10 ms
  P99:  133961.37 ms
  (= 1 prefill write + N decode reads per request)

### STORAGE PERFORMANCE ###
  Cache Hit Rate: 88.7%
  Total Read: 1536.21GiB
  Total Write: 293.15GiB
  Read/Write Ratio: 5.24
  Storage KV Read Operations/sec: 11.28
  Storage KV Write Operations/sec: 1.93

### CACHE TIER DISTRIBUTION ###
  GPU Entries: 0 (0.00GiB)
  CPU Entries: 0 (0.00GiB)
  Storage Entries: 578

### TIER-SPECIFIC KV BYTES ###
  Storage KV Bytes Written: 293.15GiB
  Storage KV Bytes Read: 1536.21GiB

### STORAGE KV BANDWIDTH ###
  Storage KV Read Bandwidth: 4.93GiB/s
  Storage KV Write Bandwidth: 0.94GiB/s

### TIER-SPECIFIC LATENCIES (Total = Host + Device) ###
  Storage Read P95 (Total): 14155.59 ms
  Storage Write P95 (Total): 7791.12 ms

### STORAGE TIER LATENCY BREAKDOWN (Device = Disk I/O, Host = Serialization) ###
  Storage Read:
    - Device P95 (Disk I/O): 11849.33 ms
    - Host P95 (Serialization): 4814.65 ms
    - Total P95: 14155.59 ms
  Storage Write:
    - Device P95 (Disk I/O): 1268.58 ms
    - Host P95 (Serialization): 7583.98 ms
    - Total P95: 7791.12 ms

### CACHE TYPE BREAKDOWNS ###
  System Prompt Hits: 658
  Common Phrase Hits: 0
  User Cache Hits: 2715
  Multi-turn Hits: 11

### PREFIX CACHING ###
  Prefix Hits: 118
  Prefix Misses: 460
  System Prompt Reuse: 118
  Bytes Saved: 0.10GiB

### MULTI-TURN CONVERSATIONS ###
  Multi-turn Cache Hits: 11
  Multi-turn Cache Misses: 315
  Multi-turn Hit Rate: 3.4%

### QOS LATENCY METRICS (Informational - includes simulated generation) ###

  INTERACTIVE:
    Requests: 402
    Latency P95: 415152.05 ms
    Latency P99: 434329.58 ms
    SLA Met: [X] (compliance: 0.0%)

  RESPONSIVE:
    Requests: 77
    Latency P95: 145038.23 ms
    Latency P99: 166298.76 ms
    SLA Met: [X] (compliance: 0.0%)

  BATCH:
    Requests: 84
    Latency P95: 171155.12 ms
    Latency P99: 235493.17 ms
    SLA Met: [X] (compliance: 0.0%)

================================================================================
NOTES:
  - Pure storage I/O benchmark (no generation simulation)
================================================================================

Integrated Multi-User KV Cache Benchmark - MLPerf Edition
Model: Llama 3.1 8B
GPU Memory: 0 GB
Users: 200
Duration: 300s
Seed: 149
Generation Mode: none (0.0ms/token)
Features:
  - Phase-Aware Processing: Enabled
  - Multi-turn Conversations: Enabled
  - Prefix Caching: Enabled
  - RAG Workload: Disabled
  - Autoscaling: Disabled
  - QoS Support: Enabled (Interactive/Responsive/Batch)
  - Trace-Driven (BurstGPT): Disabled
  - ShareGPT Dataset: Disabled
  - Max Concurrent Allocations: 16 (bounds RAM usage)
================================================================================

User Context Length Distribution:
  Min: 628 tokens (78.50MiB)
  Max: 24678 tokens (3084.75MiB)
  Mean: 9900 tokens (1237.56MiB)

QoS Distribution:
  interactive: 38 users
  responsive: 81 users
  batch: 81 users

### MEMORY SAFETY CHECK ###
  Formula: peak = (workers x 2 x mean_entry_bytes) + baseline
         = (200 x 2 x 1000MiB) + 2.5GiB
         = 393.1GiB
  Available RAM: 989.4GiB
  Mean entry size: 1000MiB  (8000 tok x 131,072 B/tok)
  Peak per thread: 2000MiB  (np.load + np.array copy)
  Worker threads: 200
  Safe concurrent readers: ~505  = (available - baseline) / peak_per_thread
  Status: OK

Starting benchmark... Mode: standard (prefill+decode)
--------------------------------------------------------------------------------

================================================================================
BENCHMARK RESULTS - MLPerf KV Cache Storage Benchmark
Generation Mode: none (0.0ms/token)
================================================================================

IMPORTANT: All storage latencies below are measured per KV cache BLOCK,
not per token or per disk page.  Each block holds the full KV state for
one request (all layers, all heads, full sequence length).
  Model KV bytes/token: 131,072 bytes (128.0KiB)
  Entries in cache: 608
  Block size min:   28.9MiB
  Block size mean:  644.5MiB
  Block size P95:   1959.7MiB
  Block size max:   2691.2MiB
  A 200MiB block at 1GiB/s NVMe read = ~200 ms device latency.
  Compare latencies against block sizes, not against 4KiB page I/O.


### OVERALL PERFORMANCE ###
Requests Completed: 593
Total Tokens Generated: 95905
Throughput (wall-clock): 319.47 tokens/sec
Throughput (storage I/O): 5.56 tokens/sec
Requests/sec: 1.98

### END-TO-END LATENCY (Queue Wait + Storage I/O + Generation) ###
  Mean: 206212.41 ms
  P50:  184743.67 ms
  P95:  423822.68 ms
  P99:  430689.12 ms

### PER-REQUEST STORAGE LATENCY (All I/O ops for one request) ###
  Mean: 29065.03 ms
  P50:  18184.26 ms
  P95:  92168.40 ms
  P99:  149912.84 ms
  (= 1 prefill write + N decode reads per request)

### STORAGE PERFORMANCE ###
  Cache Hit Rate: 81.5%
  Total Read: 1572.24GiB
  Total Write: 382.65GiB
  Read/Write Ratio: 4.11
  Storage KV Read Operations/sec: 10.38
  Storage KV Write Operations/sec: 2.03

### CACHE TIER DISTRIBUTION ###
  GPU Entries: 0 (0.00GiB)
  CPU Entries: 0 (0.00GiB)
  Storage Entries: 608

### TIER-SPECIFIC KV BYTES ###
  Storage KV Bytes Written: 382.65GiB
  Storage KV Bytes Read: 1572.24GiB

### STORAGE KV BANDWIDTH ###
  Storage KV Read Bandwidth: 5.24GiB/s
  Storage KV Write Bandwidth: 1.27GiB/s

### TIER-SPECIFIC LATENCIES (Total = Host + Device) ###
  Storage Read P95 (Total): 16150.70 ms
  Storage Write P95 (Total): 10477.80 ms

### STORAGE TIER LATENCY BREAKDOWN (Device = Disk I/O, Host = Serialization) ###
  Storage Read:
    - Device P95 (Disk I/O): 13564.43 ms
    - Host P95 (Serialization): 5715.77 ms
    - Total P95: 16150.70 ms
  Storage Write:
    - Device P95 (Disk I/O): 1553.18 ms
    - Host P95 (Serialization): 7364.54 ms
    - Total P95: 10477.80 ms

### CACHE TYPE BREAKDOWNS ###
  System Prompt Hits: 634
  Common Phrase Hits: 0
  User Cache Hits: 2407
  Multi-turn Hits: 72

### PREFIX CACHING ###
  Prefix Hits: 129
  Prefix Misses: 479
  System Prompt Reuse: 129
  Bytes Saved: 0.11GiB

### MULTI-TURN CONVERSATIONS ###
  Multi-turn Cache Hits: 72
  Multi-turn Cache Misses: 579
  Multi-turn Hit Rate: 11.1%

### QOS LATENCY METRICS (Informational - includes simulated generation) ###

  INTERACTIVE:
    Requests: 441
    Latency P95: 426937.39 ms
    Latency P99: 431457.92 ms
    SLA Met: [X] (compliance: 0.0%)

  RESPONSIVE:
    Requests: 90
    Latency P95: 188692.51 ms
    Latency P99: 254284.62 ms
    SLA Met: [X] (compliance: 0.0%)

  BATCH:
    Requests: 62
    Latency P95: 193703.03 ms
    Latency P99: 252010.35 ms
    SLA Met: [X] (compliance: 0.0%)

================================================================================
NOTES:
  - Pure storage I/O benchmark (no generation simulation)
================================================================================

Integrated Multi-User KV Cache Benchmark - MLPerf Edition
Model: Llama 3.1 8B
GPU Memory: 0 GB
Users: 200
Duration: 300s
Seed: 144
Generation Mode: none (0.0ms/token)
Features:
  - Phase-Aware Processing: Enabled
  - Multi-turn Conversations: Enabled
  - Prefix Caching: Enabled
  - RAG Workload: Disabled
  - Autoscaling: Disabled
  - QoS Support: Enabled (Interactive/Responsive/Batch)
  - Trace-Driven (BurstGPT): Disabled
  - ShareGPT Dataset: Disabled
  - Max Concurrent Allocations: 16 (bounds RAM usage)
================================================================================

User Context Length Distribution:
  Min: 550 tokens (68.75MiB)
  Max: 24029 tokens (3003.62MiB)
  Mean: 9003 tokens (1125.39MiB)

QoS Distribution:
  interactive: 30 users
  responsive: 76 users
  batch: 94 users

### MEMORY SAFETY CHECK ###
  Formula: peak = (workers x 2 x mean_entry_bytes) + baseline
         = (200 x 2 x 1000MiB) + 2.5GiB
         = 393.1GiB
  Available RAM: 990.4GiB
  Mean entry size: 1000MiB  (8000 tok x 131,072 B/tok)
  Peak per thread: 2000MiB  (np.load + np.array copy)
  Worker threads: 200
  Safe concurrent readers: ~505  = (available - baseline) / peak_per_thread
  Status: OK

Starting benchmark... Mode: standard (prefill+decode)
--------------------------------------------------------------------------------

================================================================================
BENCHMARK RESULTS - MLPerf KV Cache Storage Benchmark
Generation Mode: none (0.0ms/token)
================================================================================

IMPORTANT: All storage latencies below are measured per KV cache BLOCK,
not per token or per disk page.  Each block holds the full KV state for
one request (all layers, all heads, full sequence length).
  Model KV bytes/token: 131,072 bytes (128.0KiB)
  Entries in cache: 610
  Block size min:   20.2MiB
  Block size mean:  616.9MiB
  Block size P95:   1838.2MiB
  Block size max:   2810.4MiB
  A 200MiB block at 1GiB/s NVMe read = ~200 ms device latency.
  Compare latencies against block sizes, not against 4KiB page I/O.


### OVERALL PERFORMANCE ###
Requests Completed: 588
Total Tokens Generated: 103159
Throughput (wall-clock): 343.37 tokens/sec
Throughput (storage I/O): 5.77 tokens/sec
Requests/sec: 1.96

### END-TO-END LATENCY (Queue Wait + Storage I/O + Generation) ###
  Mean: 202421.98 ms
  P50:  182587.77 ms
  P95:  409709.21 ms
  P99:  421118.31 ms

### PER-REQUEST STORAGE LATENCY (All I/O ops for one request) ###
  Mean: 30388.06 ms
  P50:  18521.58 ms
  P95:  96491.87 ms
  P99:  145816.40 ms
  (= 1 prefill write + N decode reads per request)

### STORAGE PERFORMANCE ###
  Cache Hit Rate: 80.3%
  Total Read: 1814.75GiB
  Total Write: 367.49GiB
  Read/Write Ratio: 4.94
  Storage KV Read Operations/sec: 11.68
  Storage KV Write Operations/sec: 2.03

### CACHE TIER DISTRIBUTION ###
  GPU Entries: 0 (0.00GiB)
  CPU Entries: 0 (0.00GiB)
  Storage Entries: 610

### TIER-SPECIFIC KV BYTES ###
  Storage KV Bytes Written: 367.49GiB
  Storage KV Bytes Read: 1814.75GiB

### STORAGE KV BANDWIDTH ###
  Storage KV Read Bandwidth: 6.04GiB/s
  Storage KV Write Bandwidth: 1.22GiB/s

### TIER-SPECIFIC LATENCIES (Total = Host + Device) ###
  Storage Read P95 (Total): 15938.48 ms
  Storage Write P95 (Total): 8759.91 ms

### STORAGE TIER LATENCY BREAKDOWN (Device = Disk I/O, Host = Serialization) ###
  Storage Read:
    - Device P95 (Disk I/O): 14173.36 ms
    - Host P95 (Serialization): 4955.41 ms
    - Total P95: 15938.48 ms
  Storage Write:
    - Device P95 (Disk I/O): 1579.68 ms
    - Host P95 (Serialization): 7346.19 ms
    - Total P95: 8759.91 ms

### CACHE TYPE BREAKDOWNS ###
  System Prompt Hits: 688
  Common Phrase Hits: 0
  User Cache Hits: 2769
  Multi-turn Hits: 47

### PREFIX CACHING ###
  Prefix Hits: 122
  Prefix Misses: 488
  System Prompt Reuse: 122
  Bytes Saved: 0.10GiB

### MULTI-TURN CONVERSATIONS ###
  Multi-turn Cache Hits: 47
  Multi-turn Cache Misses: 740
  Multi-turn Hit Rate: 6.0%

### QOS LATENCY METRICS (Informational - includes simulated generation) ###

  INTERACTIVE:
    Requests: 416
    Latency P95: 414181.80 ms
    Latency P99: 424001.81 ms
    SLA Met: [X] (compliance: 0.0%)

  RESPONSIVE:
    Requests: 83
    Latency P95: 184595.53 ms
    Latency P99: 239638.17 ms
    SLA Met: [X] (compliance: 0.0%)

  BATCH:
    Requests: 89
    Latency P95: 186138.92 ms
    Latency P99: 248140.83 ms
    SLA Met: [X] (compliance: 0.0%)

================================================================================
NOTES:
  - Pure storage I/O benchmark (no generation simulation)
================================================================================

Integrated Multi-User KV Cache Benchmark - MLPerf Edition
Model: Llama 3.1 8B
GPU Memory: 0 GB
Users: 200
Duration: 300s
Seed: 121
Generation Mode: none (0.0ms/token)
Features:
  - Phase-Aware Processing: Enabled
  - Multi-turn Conversations: Enabled
  - Prefix Caching: Enabled
  - RAG Workload: Disabled
  - Autoscaling: Disabled
  - QoS Support: Enabled (Interactive/Responsive/Batch)
  - Trace-Driven (BurstGPT): Disabled
  - ShareGPT Dataset: Disabled
  - Max Concurrent Allocations: 16 (bounds RAM usage)
================================================================================

User Context Length Distribution:
  Min: 512 tokens (64.00MiB)
  Max: 24973 tokens (3121.62MiB)
  Mean: 8136 tokens (1016.98MiB)

QoS Distribution:
  interactive: 36 users
  responsive: 66 users
  batch: 98 users

### MEMORY SAFETY CHECK ###
  Formula: peak = (workers x 2 x mean_entry_bytes) + baseline
         = (200 x 2 x 1000MiB) + 2.5GiB
         = 393.1GiB
  Available RAM: 991.8GiB
  Mean entry size: 1000MiB  (8000 tok x 131,072 B/tok)
  Peak per thread: 2000MiB  (np.load + np.array copy)
  Worker threads: 200
  Safe concurrent readers: ~506  = (available - baseline) / peak_per_thread
  Status: OK

Starting benchmark... Mode: standard (prefill+decode)
--------------------------------------------------------------------------------

================================================================================
BENCHMARK RESULTS - MLPerf KV Cache Storage Benchmark
Generation Mode: none (0.0ms/token)
================================================================================

IMPORTANT: All storage latencies below are measured per KV cache BLOCK,
not per token or per disk page.  Each block holds the full KV state for
one request (all layers, all heads, full sequence length).
  Model KV bytes/token: 131,072 bytes (128.0KiB)
  Entries in cache: 698
  Block size min:   17.0MiB
  Block size mean:  534.1MiB
  Block size P95:   1948.9MiB
  Block size max:   2976.2MiB
  A 200MiB block at 1GiB/s NVMe read = ~200 ms device latency.
  Compare latencies against block sizes, not against 4KiB page I/O.


### OVERALL PERFORMANCE ###
Requests Completed: 686
Total Tokens Generated: 88673
Throughput (wall-clock): 290.96 tokens/sec
Throughput (storage I/O): 4.42 tokens/sec
Requests/sec: 2.25

### END-TO-END LATENCY (Queue Wait + Storage I/O + Generation) ###
  Mean: 198830.48 ms
  P50:  187426.79 ms
  P95:  420762.33 ms
  P99:  435587.02 ms

### PER-REQUEST STORAGE LATENCY (All I/O ops for one request) ###
  Mean: 29260.39 ms
  P50:  19885.28 ms
  P95:  92402.79 ms
  P99:  153343.28 ms
  (= 1 prefill write + N decode reads per request)

### STORAGE PERFORMANCE ###
  Cache Hit Rate: 89.0%
  Total Read: 1373.02GiB
  Total Write: 364.05GiB
  Read/Write Ratio: 3.77
  Storage KV Read Operations/sec: 10.97
  Storage KV Write Operations/sec: 2.33

### CACHE TIER DISTRIBUTION ###
  GPU Entries: 0 (0.00GiB)
  CPU Entries: 0 (0.00GiB)
  Storage Entries: 698

### TIER-SPECIFIC KV BYTES ###
  Storage KV Bytes Written: 364.05GiB
  Storage KV Bytes Read: 1373.02GiB

### STORAGE KV BANDWIDTH ###
  Storage KV Read Bandwidth: 4.51GiB/s
  Storage KV Write Bandwidth: 1.19GiB/s

### TIER-SPECIFIC LATENCIES (Total = Host + Device) ###
  Storage Read P95 (Total): 15874.21 ms
  Storage Write P95 (Total): 9620.13 ms

### STORAGE TIER LATENCY BREAKDOWN (Device = Disk I/O, Host = Serialization) ###
  Storage Read:
    - Device P95 (Disk I/O): 12824.39 ms
    - Host P95 (Serialization): 5693.95 ms
    - Total P95: 15874.21 ms
  Storage Write:
    - Device P95 (Disk I/O): 1582.69 ms
    - Host P95 (Serialization): 9585.06 ms
    - Total P95: 9620.13 ms

### CACHE TYPE BREAKDOWNS ###
  System Prompt Hits: 656
  Common Phrase Hits: 0
  User Cache Hits: 2611
  Multi-turn Hits: 25

### PREFIX CACHING ###
  Prefix Hits: 136
  Prefix Misses: 562
  System Prompt Reuse: 136
  Bytes Saved: 0.11GiB

### MULTI-TURN CONVERSATIONS ###
  Multi-turn Cache Hits: 25
  Multi-turn Cache Misses: 272
  Multi-turn Hit Rate: 8.4%

### QOS LATENCY METRICS (Informational - includes simulated generation) ###

  INTERACTIVE:
    Requests: 536
    Latency P95: 421959.12 ms
    Latency P99: 436636.92 ms
    SLA Met: [X] (compliance: 0.0%)

  RESPONSIVE:
    Requests: 73
    Latency P95: 193139.05 ms
    Latency P99: 244494.26 ms
    SLA Met: [X] (compliance: 0.0%)

  BATCH:
    Requests: 77
    Latency P95: 186385.97 ms
    Latency P99: 243494.08 ms
    SLA Met: [X] (compliance: 0.0%)

================================================================================
NOTES:
  - Pure storage I/O benchmark (no generation simulation)
================================================================================

Integrated Multi-User KV Cache Benchmark - MLPerf Edition
Model: Llama 3.1 8B
GPU Memory: 0 GB
Users: 200
Duration: 300s
Seed: 142
Generation Mode: none (0.0ms/token)
Features:
  - Phase-Aware Processing: Enabled
  - Multi-turn Conversations: Enabled
  - Prefix Caching: Enabled
  - RAG Workload: Disabled
  - Autoscaling: Disabled
  - QoS Support: Enabled (Interactive/Responsive/Batch)
  - Trace-Driven (BurstGPT): Disabled
  - ShareGPT Dataset: Disabled
  - Max Concurrent Allocations: 16 (bounds RAM usage)
================================================================================

User Context Length Distribution:
  Min: 548 tokens (68.50MiB)
  Max: 24816 tokens (3102.00MiB)
  Mean: 8663 tokens (1082.87MiB)

QoS Distribution:
  interactive: 38 users
  responsive: 66 users
  batch: 96 users

### MEMORY SAFETY CHECK ###
  Formula: peak = (workers x 2 x mean_entry_bytes) + baseline
         = (200 x 2 x 1000MiB) + 2.5GiB
         = 393.1GiB
  Available RAM: 991.2GiB
  Mean entry size: 1000MiB  (8000 tok x 131,072 B/tok)
  Peak per thread: 2000MiB  (np.load + np.array copy)
  Worker threads: 200
  Safe concurrent readers: ~506  = (available - baseline) / peak_per_thread
  Status: OK

Starting benchmark... Mode: standard (prefill+decode)
--------------------------------------------------------------------------------

================================================================================
BENCHMARK RESULTS - MLPerf KV Cache Storage Benchmark
Generation Mode: none (0.0ms/token)
================================================================================

IMPORTANT: All storage latencies below are measured per KV cache BLOCK,
not per token or per disk page.  Each block holds the full KV state for
one request (all layers, all heads, full sequence length).
  Model KV bytes/token: 131,072 bytes (128.0KiB)
  Entries in cache: 591
  Block size min:   22.6MiB
  Block size mean:  597.4MiB
  Block size P95:   1817.8MiB
  Block size max:   2887.9MiB
  A 200MiB block at 1GiB/s NVMe read = ~200 ms device latency.
  Compare latencies against block sizes, not against 4KiB page I/O.


### OVERALL PERFORMANCE ###
Requests Completed: 573
Total Tokens Generated: 95302
Throughput (wall-clock): 314.75 tokens/sec
Throughput (storage I/O): 4.95 tokens/sec
Requests/sec: 1.89

### END-TO-END LATENCY (Queue Wait + Storage I/O + Generation) ###
  Mean: 194986.72 ms
  P50:  183892.41 ms
  P95:  396103.11 ms
  P99:  415299.87 ms

### PER-REQUEST STORAGE LATENCY (All I/O ops for one request) ###
  Mean: 33590.48 ms
  P50:  21094.90 ms
  P95:  100153.98 ms
  P99:  138285.73 ms
  (= 1 prefill write + N decode reads per request)

### STORAGE PERFORMANCE ###
  Cache Hit Rate: 69.3%
  Total Read: 1801.32GiB
  Total Write: 344.80GiB
  Read/Write Ratio: 5.22
  Storage KV Read Operations/sec: 11.80
  Storage KV Write Operations/sec: 1.97

### CACHE TIER DISTRIBUTION ###
  GPU Entries: 0 (0.00GiB)
  CPU Entries: 0 (0.00GiB)
  Storage Entries: 591

### TIER-SPECIFIC KV BYTES ###
  Storage KV Bytes Written: 344.80GiB
  Storage KV Bytes Read: 1801.32GiB

### STORAGE KV BANDWIDTH ###
  Storage KV Read Bandwidth: 5.95GiB/s
  Storage KV Write Bandwidth: 1.14GiB/s

### TIER-SPECIFIC LATENCIES (Total = Host + Device) ###
  Storage Read P95 (Total): 17163.56 ms
  Storage Write P95 (Total): 8695.96 ms

### STORAGE TIER LATENCY BREAKDOWN (Device = Disk I/O, Host = Serialization) ###
  Storage Read:
    - Device P95 (Disk I/O): 13853.91 ms
    - Host P95 (Serialization): 5797.49 ms
    - Total P95: 17163.56 ms
  Storage Write:
    - Device P95 (Disk I/O): 1442.27 ms
    - Host P95 (Serialization): 8372.99 ms
    - Total P95: 8695.96 ms

### CACHE TYPE BREAKDOWNS ###
  System Prompt Hits: 652
  Common Phrase Hits: 0
  User Cache Hits: 2627
  Multi-turn Hits: 261

### PREFIX CACHING ###
  Prefix Hits: 109
  Prefix Misses: 482
  System Prompt Reuse: 109
  Bytes Saved: 0.09GiB

### MULTI-TURN CONVERSATIONS ###
  Multi-turn Cache Hits: 261
  Multi-turn Cache Misses: 1457
  Multi-turn Hit Rate: 15.2%

### QOS LATENCY METRICS (Informational - includes simulated generation) ###

  INTERACTIVE:
    Requests: 438
    Latency P95: 401412.30 ms
    Latency P99: 424615.98 ms
    SLA Met: [X] (compliance: 0.0%)

  RESPONSIVE:
    Requests: 57
    Latency P95: 139700.53 ms
    Latency P99: 315601.24 ms
    SLA Met: [X] (compliance: 0.0%)

  BATCH:
    Requests: 78
    Latency P95: 152571.55 ms
    Latency P99: 275414.51 ms
    SLA Met: [X] (compliance: 0.0%)

================================================================================
NOTES:
  - Pure storage I/O benchmark (no generation simulation)
================================================================================

Integrated Multi-User KV Cache Benchmark - MLPerf Edition
Model: Llama 3.1 8B
GPU Memory: 0 GB
Users: 200
Duration: 300s
Seed: 208
Generation Mode: none (0.0ms/token)
Features:
  - Phase-Aware Processing: Enabled
  - Multi-turn Conversations: Enabled
  - Prefix Caching: Enabled
  - RAG Workload: Disabled
  - Autoscaling: Disabled
  - QoS Support: Enabled (Interactive/Responsive/Batch)
  - Trace-Driven (BurstGPT): Disabled
  - ShareGPT Dataset: Disabled
  - Max Concurrent Allocations: 16 (bounds RAM usage)
================================================================================

User Context Length Distribution:
  Min: 697 tokens (87.12MiB)
  Max: 24574 tokens (3071.75MiB)
  Mean: 8604 tokens (1075.46MiB)

QoS Distribution:
  interactive: 25 users
  responsive: 77 users
  batch: 98 users

### MEMORY SAFETY CHECK ###
  Formula: peak = (workers x 2 x mean_entry_bytes) + baseline
         = (200 x 2 x 1000MiB) + 2.5GiB
         = 393.1GiB
  Available RAM: 990.4GiB
  Mean entry size: 1000MiB  (8000 tok x 131,072 B/tok)
  Peak per thread: 2000MiB  (np.load + np.array copy)
  Worker threads: 200
  Safe concurrent readers: ~505  = (available - baseline) / peak_per_thread
  Status: OK

Starting benchmark... Mode: standard (prefill+decode)
--------------------------------------------------------------------------------

================================================================================
BENCHMARK RESULTS - MLPerf KV Cache Storage Benchmark
Generation Mode: none (0.0ms/token)
================================================================================

IMPORTANT: All storage latencies below are measured per KV cache BLOCK,
not per token or per disk page.  Each block holds the full KV state for
one request (all layers, all heads, full sequence length).
  Model KV bytes/token: 131,072 bytes (128.0KiB)
  Entries in cache: 597
  Block size min:   24.4MiB
  Block size mean:  507.7MiB
  Block size P95:   1544.5MiB
  Block size max:   2803.9MiB
  A 200MiB block at 1GiB/s NVMe read = ~200 ms device latency.
  Compare latencies against block sizes, not against 4KiB page I/O.


### OVERALL PERFORMANCE ###
Requests Completed: 581
Total Tokens Generated: 92324
Throughput (wall-clock): 307.75 tokens/sec
Throughput (storage I/O): 5.40 tokens/sec
Requests/sec: 1.94

### END-TO-END LATENCY (Queue Wait + Storage I/O + Generation) ###
  Mean: 199944.63 ms
  P50:  194468.41 ms
  P95:  388385.23 ms
  P99:  415675.09 ms

### PER-REQUEST STORAGE LATENCY (All I/O ops for one request) ###
  Mean: 29413.02 ms
  P50:  17689.60 ms
  P95:  88481.96 ms
  P99:  143901.72 ms
  (= 1 prefill write + N decode reads per request)

### STORAGE PERFORMANCE ###
  Cache Hit Rate: 73.7%
  Total Read: 1914.08GiB
  Total Write: 296.02GiB
  Read/Write Ratio: 6.47
  Storage KV Read Operations/sec: 12.37
  Storage KV Write Operations/sec: 1.99

### CACHE TIER DISTRIBUTION ###
  GPU Entries: 0 (0.00GiB)
  CPU Entries: 0 (0.00GiB)
  Storage Entries: 597

### TIER-SPECIFIC KV BYTES ###
  Storage KV Bytes Written: 296.02GiB
  Storage KV Bytes Read: 1914.08GiB

### STORAGE KV BANDWIDTH ###
  Storage KV Read Bandwidth: 6.38GiB/s
  Storage KV Write Bandwidth: 0.99GiB/s

### TIER-SPECIFIC LATENCIES (Total = Host + Device) ###
  Storage Read P95 (Total): 14864.95 ms
  Storage Write P95 (Total): 7516.35 ms

### STORAGE TIER LATENCY BREAKDOWN (Device = Disk I/O, Host = Serialization) ###
  Storage Read:
    - Device P95 (Disk I/O): 12738.98 ms
    - Host P95 (Serialization): 4269.06 ms
    - Total P95: 14864.95 ms
  Storage Write:
    - Device P95 (Disk I/O): 874.33 ms
    - Host P95 (Serialization): 7463.10 ms
    - Total P95: 7516.35 ms

### CACHE TYPE BREAKDOWNS ###
  System Prompt Hits: 673
  Common Phrase Hits: 0
  User Cache Hits: 2785
  Multi-turn Hits: 252

### PREFIX CACHING ###
  Prefix Hits: 131
  Prefix Misses: 475
  System Prompt Reuse: 131
  Bytes Saved: 0.11GiB

### MULTI-TURN CONVERSATIONS ###
  Multi-turn Cache Hits: 245
  Multi-turn Cache Misses: 1190
  Multi-turn Hit Rate: 17.1%

### QOS LATENCY METRICS (Informational - includes simulated generation) ###

  INTERACTIVE:
    Requests: 419
    Latency P95: 392657.91 ms
    Latency P99: 417329.97 ms
    SLA Met: [X] (compliance: 0.0%)

  RESPONSIVE:
    Requests: 71
    Latency P95: 167218.77 ms
    Latency P99: 284796.76 ms
    SLA Met: [X] (compliance: 0.0%)

  BATCH:
    Requests: 91
    Latency P95: 142205.46 ms
    Latency P99: 184179.17 ms
    SLA Met: [X] (compliance: 0.0%)

================================================================================
NOTES:
  - Pure storage I/O benchmark (no generation simulation)
================================================================================

Integrated Multi-User KV Cache Benchmark - MLPerf Edition
Model: Llama 3.1 8B
GPU Memory: 0 GB
Users: 200
Duration: 300s
Seed: 112
Generation Mode: none (0.0ms/token)
Features:
  - Phase-Aware Processing: Enabled
  - Multi-turn Conversations: Enabled
  - Prefix Caching: Enabled
  - RAG Workload: Disabled
  - Autoscaling: Disabled
  - QoS Support: Enabled (Interactive/Responsive/Batch)
  - Trace-Driven (BurstGPT): Disabled
  - ShareGPT Dataset: Disabled
  - Max Concurrent Allocations: 16 (bounds RAM usage)
================================================================================

User Context Length Distribution:
  Min: 550 tokens (68.75MiB)
  Max: 24150 tokens (3018.75MiB)
  Mean: 8726 tokens (1090.75MiB)

QoS Distribution:
  interactive: 31 users
  responsive: 60 users
  batch: 109 users

### MEMORY SAFETY CHECK ###
  Formula: peak = (workers x 2 x mean_entry_bytes) + baseline
         = (200 x 2 x 1000MiB) + 2.5GiB
         = 393.1GiB
  Available RAM: 991.7GiB
  Mean entry size: 1000MiB  (8000 tok x 131,072 B/tok)
  Peak per thread: 2000MiB  (np.load + np.array copy)
  Worker threads: 200
  Safe concurrent readers: ~506  = (available - baseline) / peak_per_thread
  Status: OK

Starting benchmark... Mode: standard (prefill+decode)
--------------------------------------------------------------------------------

================================================================================
BENCHMARK RESULTS - MLPerf KV Cache Storage Benchmark
Generation Mode: none (0.0ms/token)
================================================================================

IMPORTANT: All storage latencies below are measured per KV cache BLOCK,
not per token or per disk page.  Each block holds the full KV state for
one request (all layers, all heads, full sequence length).
  Model KV bytes/token: 131,072 bytes (128.0KiB)
  Entries in cache: 555
  Block size min:   21.0MiB
  Block size mean:  648.5MiB
  Block size P95:   1749.0MiB
  Block size max:   2915.9MiB
  A 200MiB block at 1GiB/s NVMe read = ~200 ms device latency.
  Compare latencies against block sizes, not against 4KiB page I/O.


### OVERALL PERFORMANCE ###
Requests Completed: 531
Total Tokens Generated: 94787
Throughput (wall-clock): 312.90 tokens/sec
Throughput (storage I/O): 5.04 tokens/sec
Requests/sec: 1.75

### END-TO-END LATENCY (Queue Wait + Storage I/O + Generation) ###
  Mean: 205319.71 ms
  P50:  188248.09 ms
  P95:  401310.28 ms
  P99:  424615.43 ms

### PER-REQUEST STORAGE LATENCY (All I/O ops for one request) ###
  Mean: 35387.84 ms
  P50:  22021.83 ms
  P95:  110770.87 ms
  P99:  149822.70 ms
  (= 1 prefill write + N decode reads per request)

### STORAGE PERFORMANCE ###
  Cache Hit Rate: 77.0%
  Total Read: 2037.73GiB
  Total Write: 351.49GiB
  Read/Write Ratio: 5.80
  Storage KV Read Operations/sec: 11.59
  Storage KV Write Operations/sec: 1.85

### CACHE TIER DISTRIBUTION ###
  GPU Entries: 0 (0.00GiB)
  CPU Entries: 0 (0.00GiB)
  Storage Entries: 555

### TIER-SPECIFIC KV BYTES ###
  Storage KV Bytes Written: 351.49GiB
  Storage KV Bytes Read: 2037.73GiB

### STORAGE KV BANDWIDTH ###
  Storage KV Read Bandwidth: 6.73GiB/s
  Storage KV Write Bandwidth: 1.16GiB/s

### TIER-SPECIFIC LATENCIES (Total = Host + Device) ###
  Storage Read P95 (Total): 16836.14 ms
  Storage Write P95 (Total): 9293.27 ms

### STORAGE TIER LATENCY BREAKDOWN (Device = Disk I/O, Host = Serialization) ###
  Storage Read:
    - Device P95 (Disk I/O): 14220.33 ms
    - Host P95 (Serialization): 5682.95 ms
    - Total P95: 16836.14 ms
  Storage Write:
    - Device P95 (Disk I/O): 887.61 ms
    - Host P95 (Serialization): 9166.56 ms
    - Total P95: 9293.27 ms

### CACHE TYPE BREAKDOWNS ###
  System Prompt Hits: 646
  Common Phrase Hits: 0
  User Cache Hits: 2695
  Multi-turn Hits: 135

### PREFIX CACHING ###
  Prefix Hits: 105
  Prefix Misses: 453
  System Prompt Reuse: 105
  Bytes Saved: 0.09GiB

### MULTI-TURN CONVERSATIONS ###
  Multi-turn Cache Hits: 133
  Multi-turn Cache Misses: 934
  Multi-turn Hit Rate: 12.5%

### QOS LATENCY METRICS (Informational - includes simulated generation) ###

  INTERACTIVE:
    Requests: 364
    Latency P95: 404460.36 ms
    Latency P99: 428244.91 ms
    SLA Met: [X] (compliance: 0.0%)

  RESPONSIVE:
    Requests: 58
    Latency P95: 243757.54 ms
    Latency P99: 284611.24 ms
    SLA Met: [X] (compliance: 0.0%)

  BATCH:
    Requests: 109
    Latency P95: 167785.65 ms
    Latency P99: 288162.99 ms
    SLA Met: [X] (compliance: 0.0%)

================================================================================
NOTES:
  - Pure storage I/O benchmark (no generation simulation)
================================================================================

Integrated Multi-User KV Cache Benchmark - MLPerf Edition
Model: Llama 3.1 8B
GPU Memory: 0 GB
Users: 200
Duration: 300s
Seed: 88
Generation Mode: none (0.0ms/token)
Features:
  - Phase-Aware Processing: Enabled
  - Multi-turn Conversations: Enabled
  - Prefix Caching: Enabled
  - RAG Workload: Disabled
  - Autoscaling: Disabled
  - QoS Support: Enabled (Interactive/Responsive/Batch)
  - Trace-Driven (BurstGPT): Disabled
  - ShareGPT Dataset: Disabled
  - Max Concurrent Allocations: 16 (bounds RAM usage)
================================================================================

User Context Length Distribution:
  Min: 537 tokens (67.12MiB)
  Max: 24240 tokens (3030.00MiB)
  Mean: 9741 tokens (1217.60MiB)

QoS Distribution:
  interactive: 30 users
  responsive: 72 users
  batch: 98 users

### MEMORY SAFETY CHECK ###
  Formula: peak = (workers x 2 x mean_entry_bytes) + baseline
         = (200 x 2 x 1000MiB) + 2.5GiB
         = 393.1GiB
  Available RAM: 991.8GiB
  Mean entry size: 1000MiB  (8000 tok x 131,072 B/tok)
  Peak per thread: 2000MiB  (np.load + np.array copy)
  Worker threads: 200
  Safe concurrent readers: ~506  = (available - baseline) / peak_per_thread
  Status: OK

Starting benchmark... Mode: standard (prefill+decode)
--------------------------------------------------------------------------------

================================================================================
BENCHMARK RESULTS - MLPerf KV Cache Storage Benchmark
Generation Mode: none (0.0ms/token)
================================================================================

IMPORTANT: All storage latencies below are measured per KV cache BLOCK,
not per token or per disk page.  Each block holds the full KV state for
one request (all layers, all heads, full sequence length).
  Model KV bytes/token: 131,072 bytes (128.0KiB)
  Entries in cache: 556
  Block size min:   27.0MiB
  Block size mean:  727.0MiB
  Block size P95:   2174.3MiB
  Block size max:   2833.6MiB
  A 200MiB block at 1GiB/s NVMe read = ~200 ms device latency.
  Compare latencies against block sizes, not against 4KiB page I/O.


### OVERALL PERFORMANCE ###
Requests Completed: 538
Total Tokens Generated: 92569
Throughput (wall-clock): 308.48 tokens/sec
Throughput (storage I/O): 4.67 tokens/sec
Requests/sec: 1.79

### END-TO-END LATENCY (Queue Wait + Storage I/O + Generation) ###
  Mean: 205565.13 ms
  P50:  188542.31 ms
  P95:  419663.54 ms
  P99:  431621.30 ms

### PER-REQUEST STORAGE LATENCY (All I/O ops for one request) ###
  Mean: 36860.43 ms
  P50:  20000.97 ms
  P95:  123119.90 ms
  P99:  188253.58 ms
  (= 1 prefill write + N decode reads per request)

### STORAGE PERFORMANCE ###
  Cache Hit Rate: 86.9%
  Total Read: 1474.17GiB
  Total Write: 394.72GiB
  Read/Write Ratio: 3.73
  Storage KV Read Operations/sec: 9.58
  Storage KV Write Operations/sec: 1.85

### CACHE TIER DISTRIBUTION ###
  GPU Entries: 0 (0.00GiB)
  CPU Entries: 0 (0.00GiB)
  Storage Entries: 556

### TIER-SPECIFIC KV BYTES ###
  Storage KV Bytes Written: 394.72GiB
  Storage KV Bytes Read: 1474.17GiB

### STORAGE KV BANDWIDTH ###
  Storage KV Read Bandwidth: 4.91GiB/s
  Storage KV Write Bandwidth: 1.32GiB/s

### TIER-SPECIFIC LATENCIES (Total = Host + Device) ###
  Storage Read P95 (Total): 19074.99 ms
  Storage Write P95 (Total): 13310.15 ms

### STORAGE TIER LATENCY BREAKDOWN (Device = Disk I/O, Host = Serialization) ###
  Storage Read:
    - Device P95 (Disk I/O): 16003.64 ms
    - Host P95 (Serialization): 6821.87 ms
    - Total P95: 19074.99 ms
  Storage Write:
    - Device P95 (Disk I/O): 1565.50 ms
    - Host P95 (Serialization): 13088.79 ms
    - Total P95: 13310.15 ms

### CACHE TYPE BREAKDOWNS ###
  System Prompt Hits: 542
  Common Phrase Hits: 0
  User Cache Hits: 2307
  Multi-turn Hits: 25

### PREFIX CACHING ###
  Prefix Hits: 96
  Prefix Misses: 460
  System Prompt Reuse: 96
  Bytes Saved: 0.08GiB

### MULTI-TURN CONVERSATIONS ###
  Multi-turn Cache Hits: 25
  Multi-turn Cache Misses: 338
  Multi-turn Hit Rate: 6.9%

### QOS LATENCY METRICS (Informational - includes simulated generation) ###

  INTERACTIVE:
    Requests: 377
    Latency P95: 420851.17 ms
    Latency P99: 432728.16 ms
    SLA Met: [X] (compliance: 0.0%)

  RESPONSIVE:
    Requests: 104
    Latency P95: 330642.84 ms
    Latency P99: 420933.34 ms
    SLA Met: [X] (compliance: 0.0%)

  BATCH:
    Requests: 57
    Latency P95: 293046.21 ms
    Latency P99: 321937.42 ms
    SLA Met: [X] (compliance: 0.0%)

================================================================================
NOTES:
  - Pure storage I/O benchmark (no generation simulation)
================================================================================

Integrated Multi-User KV Cache Benchmark - MLPerf Edition
Model: Llama 3.1 8B
GPU Memory: 0 GB
Users: 200
Duration: 300s
Seed: 87
Generation Mode: none (0.0ms/token)
Features:
  - Phase-Aware Processing: Enabled
  - Multi-turn Conversations: Enabled
  - Prefix Caching: Enabled
  - RAG Workload: Disabled
  - Autoscaling: Disabled
  - QoS Support: Enabled (Interactive/Responsive/Batch)
  - Trace-Driven (BurstGPT): Disabled
  - ShareGPT Dataset: Disabled
  - Max Concurrent Allocations: 16 (bounds RAM usage)
================================================================================

User Context Length Distribution:
  Min: 557 tokens (69.62MiB)
  Max: 24703 tokens (3087.88MiB)
  Mean: 9700 tokens (1212.56MiB)

QoS Distribution:
  interactive: 32 users
  responsive: 62 users
  batch: 106 users

### MEMORY SAFETY CHECK ###
  Formula: peak = (workers x 2 x mean_entry_bytes) + baseline
         = (200 x 2 x 1000MiB) + 2.5GiB
         = 393.1GiB
  Available RAM: 991.8GiB
  Mean entry size: 1000MiB  (8000 tok x 131,072 B/tok)
  Peak per thread: 2000MiB  (np.load + np.array copy)
  Worker threads: 200
  Safe concurrent readers: ~506  = (available - baseline) / peak_per_thread
  Status: OK

Starting benchmark... Mode: standard (prefill+decode)
--------------------------------------------------------------------------------

================================================================================
BENCHMARK RESULTS - MLPerf KV Cache Storage Benchmark
Generation Mode: none (0.0ms/token)
================================================================================

IMPORTANT: All storage latencies below are measured per KV cache BLOCK,
not per token or per disk page.  Each block holds the full KV state for
one request (all layers, all heads, full sequence length).
  Model KV bytes/token: 131,072 bytes (128.0KiB)
  Entries in cache: 550
  Block size min:   23.0MiB
  Block size mean:  650.3MiB
  Block size P95:   1897.5MiB
  Block size max:   2910.8MiB
  A 200MiB block at 1GiB/s NVMe read = ~200 ms device latency.
  Compare latencies against block sizes, not against 4KiB page I/O.


### OVERALL PERFORMANCE ###
Requests Completed: 532
Total Tokens Generated: 80089
Throughput (wall-clock): 266.96 tokens/sec
Throughput (storage I/O): 4.73 tokens/sec
Requests/sec: 1.77

### END-TO-END LATENCY (Queue Wait + Storage I/O + Generation) ###
  Mean: 214656.18 ms
  P50:  220663.45 ms
  P95:  408805.62 ms
  P99:  437539.92 ms

### PER-REQUEST STORAGE LATENCY (All I/O ops for one request) ###
  Mean: 31845.70 ms
  P50:  20850.94 ms
  P95:  99434.27 ms
  P99:  155541.73 ms
  (= 1 prefill write + N decode reads per request)

### STORAGE PERFORMANCE ###
  Cache Hit Rate: 82.6%
  Total Read: 1430.98GiB
  Total Write: 349.29GiB
  Read/Write Ratio: 4.10
  Storage KV Read Operations/sec: 9.59
  Storage KV Write Operations/sec: 1.83

### CACHE TIER DISTRIBUTION ###
  GPU Entries: 0 (0.00GiB)
  CPU Entries: 0 (0.00GiB)
  Storage Entries: 550

### TIER-SPECIFIC KV BYTES ###
  Storage KV Bytes Written: 349.29GiB
  Storage KV Bytes Read: 1430.98GiB

### STORAGE KV BANDWIDTH ###
  Storage KV Read Bandwidth: 4.77GiB/s
  Storage KV Write Bandwidth: 1.16GiB/s

### TIER-SPECIFIC LATENCIES (Total = Host + Device) ###
  Storage Read P95 (Total): 16105.20 ms
  Storage Write P95 (Total): 9921.25 ms

### STORAGE TIER LATENCY BREAKDOWN (Device = Disk I/O, Host = Serialization) ###
  Storage Read:
    - Device P95 (Disk I/O): 14152.17 ms
    - Host P95 (Serialization): 7046.89 ms
    - Total P95: 16105.20 ms
  Storage Write:
    - Device P95 (Disk I/O): 1159.59 ms
    - Host P95 (Serialization): 9021.61 ms
    - Total P95: 9921.25 ms

### CACHE TYPE BREAKDOWNS ###
  System Prompt Hits: 533
  Common Phrase Hits: 0
  User Cache Hits: 2303
  Multi-turn Hits: 40

### PREFIX CACHING ###
  Prefix Hits: 100
  Prefix Misses: 450
  System Prompt Reuse: 100
  Bytes Saved: 0.08GiB

### MULTI-TURN CONVERSATIONS ###
  Multi-turn Cache Hits: 40
  Multi-turn Cache Misses: 507
  Multi-turn Hit Rate: 7.3%

### QOS LATENCY METRICS (Informational - includes simulated generation) ###

  INTERACTIVE:
    Requests: 384
    Latency P95: 411772.41 ms
    Latency P99: 443110.97 ms
    SLA Met: [X] (compliance: 0.0%)

  RESPONSIVE:
    Requests: 87
    Latency P95: 242498.81 ms
    Latency P99: 332639.19 ms
    SLA Met: [X] (compliance: 0.0%)

  BATCH:
    Requests: 61
    Latency P95: 184714.14 ms
    Latency P99: 276614.80 ms
    SLA Met: [X] (compliance: 0.0%)

================================================================================
NOTES:
  - Pure storage I/O benchmark (no generation simulation)
================================================================================

Integrated Multi-User KV Cache Benchmark - MLPerf Edition
Model: Llama 3.1 8B
GPU Memory: 0 GB
Users: 200
Duration: 300s
Seed: 154
Generation Mode: none (0.0ms/token)
Features:
  - Phase-Aware Processing: Enabled
  - Multi-turn Conversations: Enabled
  - Prefix Caching: Enabled
  - RAG Workload: Disabled
  - Autoscaling: Disabled
  - QoS Support: Enabled (Interactive/Responsive/Batch)
  - Trace-Driven (BurstGPT): Disabled
  - ShareGPT Dataset: Disabled
  - Max Concurrent Allocations: 16 (bounds RAM usage)
================================================================================

User Context Length Distribution:
  Min: 523 tokens (65.38MiB)
  Max: 24512 tokens (3064.00MiB)
  Mean: 8876 tokens (1109.53MiB)

QoS Distribution:
  interactive: 32 users
  responsive: 68 users
  batch: 100 users

### MEMORY SAFETY CHECK ###
  Formula: peak = (workers x 2 x mean_entry_bytes) + baseline
         = (200 x 2 x 1000MiB) + 2.5GiB
         = 393.1GiB
  Available RAM: 989.7GiB
  Mean entry size: 1000MiB  (8000 tok x 131,072 B/tok)
  Peak per thread: 2000MiB  (np.load + np.array copy)
  Worker threads: 200
  Safe concurrent readers: ~505  = (available - baseline) / peak_per_thread
  Status: OK

Starting benchmark... Mode: standard (prefill+decode)
--------------------------------------------------------------------------------

================================================================================
BENCHMARK RESULTS - MLPerf KV Cache Storage Benchmark
Generation Mode: none (0.0ms/token)
================================================================================

IMPORTANT: All storage latencies below are measured per KV cache BLOCK,
not per token or per disk page.  Each block holds the full KV state for
one request (all layers, all heads, full sequence length).
  Model KV bytes/token: 131,072 bytes (128.0KiB)
  Entries in cache: 608
  Block size min:   19.9MiB
  Block size mean:  519.8MiB
  Block size P95:   1569.0MiB
  Block size max:   2798.6MiB
  A 200MiB block at 1GiB/s NVMe read = ~200 ms device latency.
  Compare latencies against block sizes, not against 4KiB page I/O.


### OVERALL PERFORMANCE ###
Requests Completed: 583
Total Tokens Generated: 91995
Throughput (wall-clock): 306.22 tokens/sec
Throughput (storage I/O): 5.19 tokens/sec
Requests/sec: 1.94

### END-TO-END LATENCY (Queue Wait + Storage I/O + Generation) ###
  Mean: 194733.47 ms
  P50:  189943.73 ms
  P95:  383151.71 ms
  P99:  407869.52 ms

### PER-REQUEST STORAGE LATENCY (All I/O ops for one request) ###
  Mean: 30383.25 ms
  P50:  19561.85 ms
  P95:  91247.12 ms
  P99:  142069.46 ms
  (= 1 prefill write + N decode reads per request)

### STORAGE PERFORMANCE ###
  Cache Hit Rate: 65.1%
  Total Read: 1856.74GiB
  Total Write: 308.61GiB
  Read/Write Ratio: 6.02
  Storage KV Read Operations/sec: 13.12
  Storage KV Write Operations/sec: 2.03

### CACHE TIER DISTRIBUTION ###
  GPU Entries: 0 (0.00GiB)
  CPU Entries: 0 (0.00GiB)
  Storage Entries: 608

### TIER-SPECIFIC KV BYTES ###
  Storage KV Bytes Written: 308.61GiB
  Storage KV Bytes Read: 1856.74GiB

### STORAGE KV BANDWIDTH ###
  Storage KV Read Bandwidth: 6.18GiB/s
  Storage KV Write Bandwidth: 1.03GiB/s

### TIER-SPECIFIC LATENCIES (Total = Host + Device) ###
  Storage Read P95 (Total): 15613.19 ms
  Storage Write P95 (Total): 6669.62 ms

### STORAGE TIER LATENCY BREAKDOWN (Device = Disk I/O, Host = Serialization) ###
  Storage Read:
    - Device P95 (Disk I/O): 13969.10 ms
    - Host P95 (Serialization): 4222.20 ms
    - Total P95: 15613.19 ms
  Storage Write:
    - Device P95 (Disk I/O): 1336.02 ms
    - Host P95 (Serialization): 6281.08 ms
    - Total P95: 6669.62 ms

### CACHE TYPE BREAKDOWNS ###
  System Prompt Hits: 694
  Common Phrase Hits: 0
  User Cache Hits: 2664
  Multi-turn Hits: 577

### PREFIX CACHING ###
  Prefix Hits: 118
  Prefix Misses: 496
  System Prompt Reuse: 118
  Bytes Saved: 0.09GiB

### MULTI-TURN CONVERSATIONS ###
  Multi-turn Cache Hits: 572
  Multi-turn Cache Misses: 1987
  Multi-turn Hit Rate: 22.4%

### QOS LATENCY METRICS (Informational - includes simulated generation) ###

  INTERACTIVE:
    Requests: 424
    Latency P95: 386324.07 ms
    Latency P99: 413716.72 ms
    SLA Met: [X] (compliance: 0.0%)

  RESPONSIVE:
    Requests: 95
    Latency P95: 146966.11 ms
    Latency P99: 187608.11 ms
    SLA Met: [X] (compliance: 0.0%)

  BATCH:
    Requests: 64
    Latency P95: 151499.27 ms
    Latency P99: 173379.21 ms
    SLA Met: [X] (compliance: 0.0%)

================================================================================
NOTES:
  - Pure storage I/O benchmark (no generation simulation)
================================================================================

Integrated Multi-User KV Cache Benchmark - MLPerf Edition
Model: Llama 3.1 8B
GPU Memory: 0 GB
Users: 200
Duration: 300s
Seed: 101
Generation Mode: none (0.0ms/token)
Features:
  - Phase-Aware Processing: Enabled
  - Multi-turn Conversations: Enabled
  - Prefix Caching: Enabled
  - RAG Workload: Disabled
  - Autoscaling: Disabled
  - QoS Support: Enabled (Interactive/Responsive/Batch)
  - Trace-Driven (BurstGPT): Disabled
  - ShareGPT Dataset: Disabled
  - Max Concurrent Allocations: 16 (bounds RAM usage)
================================================================================

User Context Length Distribution:
  Min: 550 tokens (68.75MiB)
  Max: 24920 tokens (3115.00MiB)
  Mean: 9107 tokens (1138.40MiB)

QoS Distribution:
  interactive: 29 users
  responsive: 70 users
  batch: 101 users

### MEMORY SAFETY CHECK ###
  Formula: peak = (workers x 2 x mean_entry_bytes) + baseline
         = (200 x 2 x 1000MiB) + 2.5GiB
         = 393.1GiB
  Available RAM: 990.3GiB
  Mean entry size: 1000MiB  (8000 tok x 131,072 B/tok)
  Peak per thread: 2000MiB  (np.load + np.array copy)
  Worker threads: 200
  Safe concurrent readers: ~505  = (available - baseline) / peak_per_thread
  Status: OK

Starting benchmark... Mode: standard (prefill+decode)
--------------------------------------------------------------------------------

================================================================================
BENCHMARK RESULTS - MLPerf KV Cache Storage Benchmark
Generation Mode: none (0.0ms/token)
================================================================================

IMPORTANT: All storage latencies below are measured per KV cache BLOCK,
not per token or per disk page.  Each block holds the full KV state for
one request (all layers, all heads, full sequence length).
  Model KV bytes/token: 131,072 bytes (128.0KiB)
  Entries in cache: 653
  Block size min:   19.8MiB
  Block size mean:  520.1MiB
  Block size P95:   1692.6MiB
  Block size max:   3058.0MiB
  A 200MiB block at 1GiB/s NVMe read = ~200 ms device latency.
  Compare latencies against block sizes, not against 4KiB page I/O.


### OVERALL PERFORMANCE ###
Requests Completed: 636
Total Tokens Generated: 95554
Throughput (wall-clock): 316.38 tokens/sec
Throughput (storage I/O): 5.46 tokens/sec
Requests/sec: 2.11

### END-TO-END LATENCY (Queue Wait + Storage I/O + Generation) ###
  Mean: 203834.99 ms
  P50:  188607.75 ms
  P95:  411084.79 ms
  P99:  420965.65 ms

### PER-REQUEST STORAGE LATENCY (All I/O ops for one request) ###
  Mean: 27511.47 ms
  P50:  17770.91 ms
  P95:  79235.49 ms
  P99:  148236.18 ms
  (= 1 prefill write + N decode reads per request)

### STORAGE PERFORMANCE ###
  Cache Hit Rate: 83.3%
  Total Read: 1577.63GiB
  Total Write: 331.69GiB
  Read/Write Ratio: 4.76
  Storage KV Read Operations/sec: 11.83
  Storage KV Write Operations/sec: 2.18

### CACHE TIER DISTRIBUTION ###
  GPU Entries: 0 (0.00GiB)
  CPU Entries: 0 (0.00GiB)
  Storage Entries: 653

### TIER-SPECIFIC KV BYTES ###
  Storage KV Bytes Written: 331.69GiB
  Storage KV Bytes Read: 1577.63GiB

### STORAGE KV BANDWIDTH ###
  Storage KV Read Bandwidth: 5.22GiB/s
  Storage KV Write Bandwidth: 1.10GiB/s

### TIER-SPECIFIC LATENCIES (Total = Host + Device) ###
  Storage Read P95 (Total): 14618.70 ms
  Storage Write P95 (Total): 7524.16 ms

### STORAGE TIER LATENCY BREAKDOWN (Device = Disk I/O, Host = Serialization) ###
  Storage Read:
    - Device P95 (Disk I/O): 11504.25 ms
    - Host P95 (Serialization): 4963.55 ms
    - Total P95: 14618.70 ms
  Storage Write:
    - Device P95 (Disk I/O): 1472.93 ms
    - Host P95 (Serialization): 6715.37 ms
    - Total P95: 7524.16 ms

### CACHE TYPE BREAKDOWNS ###
  System Prompt Hits: 761
  Common Phrase Hits: 0
  User Cache Hits: 2753
  Multi-turn Hits: 36

### PREFIX CACHING ###
  Prefix Hits: 135
  Prefix Misses: 518
  System Prompt Reuse: 135
  Bytes Saved: 0.11GiB

### MULTI-TURN CONVERSATIONS ###
  Multi-turn Cache Hits: 36
  Multi-turn Cache Misses: 575
  Multi-turn Hit Rate: 5.9%

### QOS LATENCY METRICS (Informational - includes simulated generation) ###

  INTERACTIVE:
    Requests: 486
    Latency P95: 412902.26 ms
    Latency P99: 425384.28 ms
    SLA Met: [X] (compliance: 0.0%)

  RESPONSIVE:
    Requests: 88
    Latency P95: 169649.09 ms
    Latency P99: 294808.34 ms
    SLA Met: [X] (compliance: 0.0%)

  BATCH:
    Requests: 62
    Latency P95: 112821.81 ms
    Latency P99: 157898.08 ms
    SLA Met: [X] (compliance: 0.0%)

================================================================================
NOTES:
  - Pure storage I/O benchmark (no generation simulation)
================================================================================

Integrated Multi-User KV Cache Benchmark - MLPerf Edition
Model: Llama 3.1 8B
GPU Memory: 0 GB
Users: 200
Duration: 300s
Seed: 245
Generation Mode: none (0.0ms/token)
Features:
  - Phase-Aware Processing: Enabled
  - Multi-turn Conversations: Enabled
  - Prefix Caching: Enabled
  - RAG Workload: Disabled
  - Autoscaling: Disabled
  - QoS Support: Enabled (Interactive/Responsive/Batch)
  - Trace-Driven (BurstGPT): Disabled
  - ShareGPT Dataset: Disabled
  - Max Concurrent Allocations: 16 (bounds RAM usage)
================================================================================

User Context Length Distribution:
  Min: 640 tokens (80.00MiB)
  Max: 24811 tokens (3101.38MiB)
  Mean: 9198 tokens (1149.77MiB)

QoS Distribution:
  interactive: 25 users
  responsive: 76 users
  batch: 99 users

### MEMORY SAFETY CHECK ###
  Formula: peak = (workers x 2 x mean_entry_bytes) + baseline
         = (200 x 2 x 1000MiB) + 2.5GiB
         = 393.1GiB
  Available RAM: 990.3GiB
  Mean entry size: 1000MiB  (8000 tok x 131,072 B/tok)
  Peak per thread: 2000MiB  (np.load + np.array copy)
  Worker threads: 200
  Safe concurrent readers: ~505  = (available - baseline) / peak_per_thread
  Status: OK

Starting benchmark... Mode: standard (prefill+decode)
--------------------------------------------------------------------------------

================================================================================
BENCHMARK RESULTS - MLPerf KV Cache Storage Benchmark
Generation Mode: none (0.0ms/token)
================================================================================

IMPORTANT: All storage latencies below are measured per KV cache BLOCK,
not per token or per disk page.  Each block holds the full KV state for
one request (all layers, all heads, full sequence length).
  Model KV bytes/token: 131,072 bytes (128.0KiB)
  Entries in cache: 593
  Block size min:   29.6MiB
  Block size mean:  652.6MiB
  Block size P95:   1904.3MiB
  Block size max:   2774.1MiB
  A 200MiB block at 1GiB/s NVMe read = ~200 ms device latency.
  Compare latencies against block sizes, not against 4KiB page I/O.


### OVERALL PERFORMANCE ###
Requests Completed: 574
Total Tokens Generated: 99210
Throughput (wall-clock): 330.70 tokens/sec
Throughput (storage I/O): 5.74 tokens/sec
Requests/sec: 1.91

### END-TO-END LATENCY (Queue Wait + Storage I/O + Generation) ###
  Mean: 206342.59 ms
  P50:  199767.37 ms
  P95:  408715.75 ms
  P99:  429716.28 ms

### PER-REQUEST STORAGE LATENCY (All I/O ops for one request) ###
  Mean: 30086.42 ms
  P50:  17122.70 ms
  P95:  94361.62 ms
  P99:  166072.69 ms
  (= 1 prefill write + N decode reads per request)

### STORAGE PERFORMANCE ###
  Cache Hit Rate: 88.2%
  Total Read: 1599.48GiB
  Total Write: 377.91GiB
  Read/Write Ratio: 4.23
  Storage KV Read Operations/sec: 10.49
  Storage KV Write Operations/sec: 1.98

### CACHE TIER DISTRIBUTION ###
  GPU Entries: 0 (0.00GiB)
  CPU Entries: 0 (0.00GiB)
  Storage Entries: 593

### TIER-SPECIFIC KV BYTES ###
  Storage KV Bytes Written: 377.91GiB
  Storage KV Bytes Read: 1599.48GiB

### STORAGE KV BANDWIDTH ###
  Storage KV Read Bandwidth: 5.33GiB/s
  Storage KV Write Bandwidth: 1.26GiB/s

### TIER-SPECIFIC LATENCIES (Total = Host + Device) ###
  Storage Read P95 (Total): 15831.47 ms
  Storage Write P95 (Total): 8198.52 ms

### STORAGE TIER LATENCY BREAKDOWN (Device = Disk I/O, Host = Serialization) ###
  Storage Read:
    - Device P95 (Disk I/O): 13185.53 ms
    - Host P95 (Serialization): 5780.71 ms
    - Total P95: 15831.47 ms
  Storage Write:
    - Device P95 (Disk I/O): 1986.19 ms
    - Host P95 (Serialization): 8133.14 ms
    - Total P95: 8198.52 ms

### CACHE TYPE BREAKDOWNS ###
  System Prompt Hits: 633
  Common Phrase Hits: 0
  User Cache Hits: 2485
  Multi-turn Hits: 28

### PREFIX CACHING ###
  Prefix Hits: 118
  Prefix Misses: 475
  System Prompt Reuse: 118
  Bytes Saved: 0.10GiB

### MULTI-TURN CONVERSATIONS ###
  Multi-turn Cache Hits: 28
  Multi-turn Cache Misses: 303
  Multi-turn Hit Rate: 8.5%

### QOS LATENCY METRICS (Informational - includes simulated generation) ###

  INTERACTIVE:
    Requests: 413
    Latency P95: 410506.10 ms
    Latency P99: 439173.60 ms
    SLA Met: [X] (compliance: 0.0%)

  RESPONSIVE:
    Requests: 101
    Latency P95: 223226.95 ms
    Latency P99: 280863.53 ms
    SLA Met: [X] (compliance: 0.0%)

  BATCH:
    Requests: 60
    Latency P95: 194977.31 ms
    Latency P99: 292237.74 ms
    SLA Met: [X] (compliance: 0.0%)

================================================================================
NOTES:
  - Pure storage I/O benchmark (no generation simulation)
================================================================================

Integrated Multi-User KV Cache Benchmark - MLPerf Edition
Model: Llama 3.1 8B
GPU Memory: 0 GB
Users: 200
Duration: 300s
Seed: 216
Generation Mode: none (0.0ms/token)
Features:
  - Phase-Aware Processing: Enabled
  - Multi-turn Conversations: Enabled
  - Prefix Caching: Enabled
  - RAG Workload: Disabled
  - Autoscaling: Disabled
  - QoS Support: Enabled (Interactive/Responsive/Batch)
  - Trace-Driven (BurstGPT): Disabled
  - ShareGPT Dataset: Disabled
  - Max Concurrent Allocations: 16 (bounds RAM usage)
================================================================================

User Context Length Distribution:
  Min: 555 tokens (69.38MiB)
  Max: 24914 tokens (3114.25MiB)
  Mean: 9201 tokens (1150.18MiB)

QoS Distribution:
  interactive: 29 users
  responsive: 66 users
  batch: 105 users

### MEMORY SAFETY CHECK ###
  Formula: peak = (workers x 2 x mean_entry_bytes) + baseline
         = (200 x 2 x 1000MiB) + 2.5GiB
         = 393.1GiB
  Available RAM: 990.4GiB
  Mean entry size: 1000MiB  (8000 tok x 131,072 B/tok)
  Peak per thread: 2000MiB  (np.load + np.array copy)
  Worker threads: 200
  Safe concurrent readers: ~505  = (available - baseline) / peak_per_thread
  Status: OK

Starting benchmark... Mode: standard (prefill+decode)
--------------------------------------------------------------------------------

================================================================================
BENCHMARK RESULTS - MLPerf KV Cache Storage Benchmark
Generation Mode: none (0.0ms/token)
================================================================================

IMPORTANT: All storage latencies below are measured per KV cache BLOCK,
not per token or per disk page.  Each block holds the full KV state for
one request (all layers, all heads, full sequence length).
  Model KV bytes/token: 131,072 bytes (128.0KiB)
  Entries in cache: 662
  Block size min:   26.8MiB
  Block size mean:  587.4MiB
  Block size P95:   1821.1MiB
  Block size max:   2822.2MiB
  A 200MiB block at 1GiB/s NVMe read = ~200 ms device latency.
  Compare latencies against block sizes, not against 4KiB page I/O.


### OVERALL PERFORMANCE ###
Requests Completed: 649
Total Tokens Generated: 99577
Throughput (wall-clock): 331.82 tokens/sec
Throughput (storage I/O): 5.66 tokens/sec
Requests/sec: 2.16

### END-TO-END LATENCY (Queue Wait + Storage I/O + Generation) ###
  Mean: 201618.22 ms
  P50:  199284.20 ms
  P95:  401212.30 ms
  P99:  420822.15 ms

### PER-REQUEST STORAGE LATENCY (All I/O ops for one request) ###
  Mean: 27114.69 ms
  P50:  15844.17 ms
  P95:  89421.03 ms
  P99:  134969.91 ms
  (= 1 prefill write + N decode reads per request)

### STORAGE PERFORMANCE ###
  Cache Hit Rate: 68.1%
  Total Read: 1856.97GiB
  Total Write: 379.75GiB
  Read/Write Ratio: 4.89
  Storage KV Read Operations/sec: 11.96
  Storage KV Write Operations/sec: 2.21

### CACHE TIER DISTRIBUTION ###
  GPU Entries: 0 (0.00GiB)
  CPU Entries: 0 (0.00GiB)
  Storage Entries: 662

### TIER-SPECIFIC KV BYTES ###
  Storage KV Bytes Written: 379.75GiB
  Storage KV Bytes Read: 1856.97GiB

### STORAGE KV BANDWIDTH ###
  Storage KV Read Bandwidth: 6.19GiB/s
  Storage KV Write Bandwidth: 1.27GiB/s

### TIER-SPECIFIC LATENCIES (Total = Host + Device) ###
  Storage Read P95 (Total): 13488.26 ms
  Storage Write P95 (Total): 8524.29 ms

### STORAGE TIER LATENCY BREAKDOWN (Device = Disk I/O, Host = Serialization) ###
  Storage Read:
    - Device P95 (Disk I/O): 11603.32 ms
    - Host P95 (Serialization): 4696.73 ms
    - Total P95: 13488.26 ms
  Storage Write:
    - Device P95 (Disk I/O): 1264.48 ms
    - Host P95 (Serialization): 7814.12 ms
    - Total P95: 8524.29 ms

### CACHE TYPE BREAKDOWNS ###
  System Prompt Hits: 632
  Common Phrase Hits: 0
  User Cache Hits: 2553
  Multi-turn Hits: 402

### PREFIX CACHING ###
  Prefix Hits: 149
  Prefix Misses: 516
  System Prompt Reuse: 149
  Bytes Saved: 0.12GiB

### MULTI-TURN CONVERSATIONS ###
  Multi-turn Cache Hits: 401
  Multi-turn Cache Misses: 1532
  Multi-turn Hit Rate: 20.7%

### QOS LATENCY METRICS (Informational - includes simulated generation) ###

  INTERACTIVE:
    Requests: 495
    Latency P95: 403663.99 ms
    Latency P99: 431364.83 ms
    SLA Met: [X] (compliance: 0.0%)

  RESPONSIVE:
    Requests: 82
    Latency P95: 223850.49 ms
    Latency P99: 236194.96 ms
    SLA Met: [X] (compliance: 0.0%)

  BATCH:
    Requests: 72
    Latency P95: 170064.38 ms
    Latency P99: 265624.13 ms
    SLA Met: [X] (compliance: 0.0%)

================================================================================
NOTES:
  - Pure storage I/O benchmark (no generation simulation)
================================================================================

Integrated Multi-User KV Cache Benchmark - MLPerf Edition
Model: Llama 3.1 8B
GPU Memory: 0 GB
Users: 200
Duration: 300s
Seed: 231
Generation Mode: none (0.0ms/token)
Features:
  - Phase-Aware Processing: Enabled
  - Multi-turn Conversations: Enabled
  - Prefix Caching: Enabled
  - RAG Workload: Disabled
  - Autoscaling: Disabled
  - QoS Support: Enabled (Interactive/Responsive/Batch)
  - Trace-Driven (BurstGPT): Disabled
  - ShareGPT Dataset: Disabled
  - Max Concurrent Allocations: 16 (bounds RAM usage)
================================================================================

User Context Length Distribution:
  Min: 534 tokens (66.75MiB)
  Max: 24405 tokens (3050.62MiB)
  Mean: 8975 tokens (1121.94MiB)

QoS Distribution:
  interactive: 26 users
  responsive: 63 users
  batch: 111 users

### MEMORY SAFETY CHECK ###
  Formula: peak = (workers x 2 x mean_entry_bytes) + baseline
         = (200 x 2 x 1000MiB) + 2.5GiB
         = 393.1GiB
  Available RAM: 991.0GiB
  Mean entry size: 1000MiB  (8000 tok x 131,072 B/tok)
  Peak per thread: 2000MiB  (np.load + np.array copy)
  Worker threads: 200
  Safe concurrent readers: ~506  = (available - baseline) / peak_per_thread
  Status: OK

Starting benchmark... Mode: standard (prefill+decode)
--------------------------------------------------------------------------------

================================================================================
BENCHMARK RESULTS - MLPerf KV Cache Storage Benchmark
Generation Mode: none (0.0ms/token)
================================================================================

IMPORTANT: All storage latencies below are measured per KV cache BLOCK,
not per token or per disk page.  Each block holds the full KV state for
one request (all layers, all heads, full sequence length).
  Model KV bytes/token: 131,072 bytes (128.0KiB)
  Entries in cache: 654
  Block size min:   17.2MiB
  Block size mean:  562.6MiB
  Block size P95:   1727.5MiB
  Block size max:   2754.4MiB
  A 200MiB block at 1GiB/s NVMe read = ~200 ms device latency.
  Compare latencies against block sizes, not against 4KiB page I/O.


### OVERALL PERFORMANCE ###
Requests Completed: 643
Total Tokens Generated: 84794
Throughput (wall-clock): 272.82 tokens/sec
Throughput (storage I/O): 3.93 tokens/sec
Requests/sec: 2.07

### END-TO-END LATENCY (Queue Wait + Storage I/O + Generation) ###
  Mean: 202882.83 ms
  P50:  197801.03 ms
  P95:  420997.61 ms
  P99:  432559.21 ms

### PER-REQUEST STORAGE LATENCY (All I/O ops for one request) ###
  Mean: 33545.97 ms
  P50:  23305.08 ms
  P95:  95494.83 ms
  P99:  171259.75 ms
  (= 1 prefill write + N decode reads per request)

### STORAGE PERFORMANCE ###
  Cache Hit Rate: 88.5%
  Total Read: 1405.63GiB
  Total Write: 359.30GiB
  Read/Write Ratio: 3.91
  Storage KV Read Operations/sec: 10.25
  Storage KV Write Operations/sec: 2.18

### CACHE TIER DISTRIBUTION ###
  GPU Entries: 0 (0.00GiB)
  CPU Entries: 0 (0.00GiB)
  Storage Entries: 654

### TIER-SPECIFIC KV BYTES ###
  Storage KV Bytes Written: 359.30GiB
  Storage KV Bytes Read: 1405.63GiB

### STORAGE KV BANDWIDTH ###
  Storage KV Read Bandwidth: 4.52GiB/s
  Storage KV Write Bandwidth: 1.16GiB/s

### TIER-SPECIFIC LATENCIES (Total = Host + Device) ###
  Storage Read P95 (Total): 18716.12 ms
  Storage Write P95 (Total): 11108.46 ms

### STORAGE TIER LATENCY BREAKDOWN (Device = Disk I/O, Host = Serialization) ###
  Storage Read:
    - Device P95 (Disk I/O): 15133.42 ms
    - Host P95 (Serialization): 8071.51 ms
    - Total P95: 18716.12 ms
  Storage Write:
    - Device P95 (Disk I/O): 2518.31 ms
    - Host P95 (Serialization): 10882.97 ms
    - Total P95: 11108.46 ms

### CACHE TYPE BREAKDOWNS ###
  System Prompt Hits: 592
  Common Phrase Hits: 0
  User Cache Hits: 2448
  Multi-turn Hits: 36

### PREFIX CACHING ###
  Prefix Hits: 128
  Prefix Misses: 526
  System Prompt Reuse: 128
  Bytes Saved: 0.11GiB

### MULTI-TURN CONVERSATIONS ###
  Multi-turn Cache Hits: 36
  Multi-turn Cache Misses: 270
  Multi-turn Hit Rate: 11.8%

### QOS LATENCY METRICS (Informational - includes simulated generation) ###

  INTERACTIVE:
    Requests: 468
    Latency P95: 425184.50 ms
    Latency P99: 434284.32 ms
    SLA Met: [X] (compliance: 0.0%)

  RESPONSIVE:
    Requests: 69
    Latency P95: 174417.15 ms
    Latency P99: 230902.44 ms
    SLA Met: [X] (compliance: 0.0%)

  BATCH:
    Requests: 106
    Latency P95: 217305.48 ms
    Latency P99: 274804.99 ms
    SLA Met: [X] (compliance: 0.0%)

================================================================================
NOTES:
  - Pure storage I/O benchmark (no generation simulation)
================================================================================

Integrated Multi-User KV Cache Benchmark - MLPerf Edition
Model: Llama 3.1 8B
GPU Memory: 0 GB
Users: 200
Duration: 300s
Seed: 73
Generation Mode: none (0.0ms/token)
Features:
  - Phase-Aware Processing: Enabled
  - Multi-turn Conversations: Enabled
  - Prefix Caching: Enabled
  - RAG Workload: Disabled
  - Autoscaling: Disabled
  - QoS Support: Enabled (Interactive/Responsive/Batch)
  - Trace-Driven (BurstGPT): Disabled
  - ShareGPT Dataset: Disabled
  - Max Concurrent Allocations: 16 (bounds RAM usage)
================================================================================

User Context Length Distribution:
  Min: 522 tokens (65.25MiB)
  Max: 24486 tokens (3060.75MiB)
  Mean: 9536 tokens (1192.03MiB)

QoS Distribution:
  interactive: 34 users
  responsive: 66 users
  batch: 100 users

### MEMORY SAFETY CHECK ###
  Formula: peak = (workers x 2 x mean_entry_bytes) + baseline
         = (200 x 2 x 1000MiB) + 2.5GiB
         = 393.1GiB
  Available RAM: 988.9GiB
  Mean entry size: 1000MiB  (8000 tok x 131,072 B/tok)
  Peak per thread: 2000MiB  (np.load + np.array copy)
  Worker threads: 200
  Safe concurrent readers: ~505  = (available - baseline) / peak_per_thread
  Status: OK

Starting benchmark... Mode: standard (prefill+decode)
--------------------------------------------------------------------------------

================================================================================
BENCHMARK RESULTS - MLPerf KV Cache Storage Benchmark
Generation Mode: none (0.0ms/token)
================================================================================

IMPORTANT: All storage latencies below are measured per KV cache BLOCK,
not per token or per disk page.  Each block holds the full KV state for
one request (all layers, all heads, full sequence length).
  Model KV bytes/token: 131,072 bytes (128.0KiB)
  Entries in cache: 640
  Block size min:   16.9MiB
  Block size mean:  625.6MiB
  Block size P95:   1770.7MiB
  Block size max:   2817.6MiB
  A 200MiB block at 1GiB/s NVMe read = ~200 ms device latency.
  Compare latencies against block sizes, not against 4KiB page I/O.


### OVERALL PERFORMANCE ###
Requests Completed: 622
Total Tokens Generated: 95828
Throughput (wall-clock): 319.30 tokens/sec
Throughput (storage I/O): 5.18 tokens/sec
Requests/sec: 2.07

### END-TO-END LATENCY (Queue Wait + Storage I/O + Generation) ###
  Mean: 200072.89 ms
  P50:  181050.40 ms
  P95:  412107.32 ms
  P99:  421331.16 ms

### PER-REQUEST STORAGE LATENCY (All I/O ops for one request) ###
  Mean: 29730.54 ms
  P50:  19457.47 ms
  P95:  95767.59 ms
  P99:  156271.43 ms
  (= 1 prefill write + N decode reads per request)

### STORAGE PERFORMANCE ###
  Cache Hit Rate: 86.5%
  Total Read: 1602.73GiB
  Total Write: 390.98GiB
  Read/Write Ratio: 4.10
  Storage KV Read Operations/sec: 10.65
  Storage KV Write Operations/sec: 2.13

### CACHE TIER DISTRIBUTION ###
  GPU Entries: 0 (0.00GiB)
  CPU Entries: 0 (0.00GiB)
  Storage Entries: 640

### TIER-SPECIFIC KV BYTES ###
  Storage KV Bytes Written: 390.98GiB
  Storage KV Bytes Read: 1602.73GiB

### STORAGE KV BANDWIDTH ###
  Storage KV Read Bandwidth: 5.34GiB/s
  Storage KV Write Bandwidth: 1.30GiB/s

### TIER-SPECIFIC LATENCIES (Total = Host + Device) ###
  Storage Read P95 (Total): 14376.70 ms
  Storage Write P95 (Total): 10090.15 ms

### STORAGE TIER LATENCY BREAKDOWN (Device = Disk I/O, Host = Serialization) ###
  Storage Read:
    - Device P95 (Disk I/O): 12337.52 ms
    - Host P95 (Serialization): 5232.31 ms
    - Total P95: 14376.70 ms
  Storage Write:
    - Device P95 (Disk I/O): 1542.23 ms
    - Host P95 (Serialization): 9786.09 ms
    - Total P95: 10090.15 ms

### CACHE TYPE BREAKDOWNS ###
  System Prompt Hits: 702
  Common Phrase Hits: 0
  User Cache Hits: 2466
  Multi-turn Hits: 28

### PREFIX CACHING ###
  Prefix Hits: 134
  Prefix Misses: 506
  System Prompt Reuse: 134
  Bytes Saved: 0.11GiB

### MULTI-TURN CONVERSATIONS ###
  Multi-turn Cache Hits: 28
  Multi-turn Cache Misses: 364
  Multi-turn Hit Rate: 7.1%

### QOS LATENCY METRICS (Informational - includes simulated generation) ###

  INTERACTIVE:
    Requests: 461
    Latency P95: 414488.27 ms
    Latency P99: 429703.77 ms
    SLA Met: [X] (compliance: 0.0%)

  RESPONSIVE:
    Requests: 63
    Latency P95: 166745.61 ms
    Latency P99: 235468.85 ms
    SLA Met: [X] (compliance: 0.0%)

  BATCH:
    Requests: 98
    Latency P95: 208964.67 ms
    Latency P99: 289267.86 ms
    SLA Met: [X] (compliance: 0.0%)

================================================================================
NOTES:
  - Pure storage I/O benchmark (no generation simulation)
================================================================================

Integrated Multi-User KV Cache Benchmark - MLPerf Edition
Model: Llama 3.1 8B
GPU Memory: 0 GB
Users: 200
Duration: 300s
Seed: 103
Generation Mode: none (0.0ms/token)
Features:
  - Phase-Aware Processing: Enabled
  - Multi-turn Conversations: Enabled
  - Prefix Caching: Enabled
  - RAG Workload: Disabled
  - Autoscaling: Disabled
  - QoS Support: Enabled (Interactive/Responsive/Batch)
  - Trace-Driven (BurstGPT): Disabled
  - ShareGPT Dataset: Disabled
  - Max Concurrent Allocations: 16 (bounds RAM usage)
================================================================================

User Context Length Distribution:
  Min: 553 tokens (69.12MiB)
  Max: 24975 tokens (3121.88MiB)
  Mean: 9201 tokens (1150.15MiB)

QoS Distribution:
  interactive: 35 users
  responsive: 55 users
  batch: 110 users

### MEMORY SAFETY CHECK ###
  Formula: peak = (workers x 2 x mean_entry_bytes) + baseline
         = (200 x 2 x 1000MiB) + 2.5GiB
         = 393.1GiB
  Available RAM: 991.1GiB
  Mean entry size: 1000MiB  (8000 tok x 131,072 B/tok)
  Peak per thread: 2000MiB  (np.load + np.array copy)
  Worker threads: 200
  Safe concurrent readers: ~506  = (available - baseline) / peak_per_thread
  Status: OK

Starting benchmark... Mode: standard (prefill+decode)
--------------------------------------------------------------------------------

================================================================================
BENCHMARK RESULTS - MLPerf KV Cache Storage Benchmark
Generation Mode: none (0.0ms/token)
================================================================================

IMPORTANT: All storage latencies below are measured per KV cache BLOCK,
not per token or per disk page.  Each block holds the full KV state for
one request (all layers, all heads, full sequence length).
  Model KV bytes/token: 131,072 bytes (128.0KiB)
  Entries in cache: 632
  Block size min:   21.5MiB
  Block size mean:  598.9MiB
  Block size P95:   1907.2MiB
  Block size max:   2755.8MiB
  A 200MiB block at 1GiB/s NVMe read = ~200 ms device latency.
  Compare latencies against block sizes, not against 4KiB page I/O.


### OVERALL PERFORMANCE ###
Requests Completed: 618
Total Tokens Generated: 98279
Throughput (wall-clock): 326.02 tokens/sec
Throughput (storage I/O): 5.34 tokens/sec
Requests/sec: 2.05

### END-TO-END LATENCY (Queue Wait + Storage I/O + Generation) ###
  Mean: 194552.54 ms
  P50:  189991.13 ms
  P95:  407802.31 ms
  P99:  427241.02 ms

### PER-REQUEST STORAGE LATENCY (All I/O ops for one request) ###
  Mean: 29779.17 ms
  P50:  17441.36 ms
  P95:  100262.86 ms
  P99:  159622.54 ms
  (= 1 prefill write + N decode reads per request)

### STORAGE PERFORMANCE ###
  Cache Hit Rate: 65.8%
  Total Read: 1938.91GiB
  Total Write: 369.63GiB
  Read/Write Ratio: 5.25
  Storage KV Read Operations/sec: 12.29
  Storage KV Write Operations/sec: 2.11

### CACHE TIER DISTRIBUTION ###
  GPU Entries: 0 (0.00GiB)
  CPU Entries: 0 (0.00GiB)
  Storage Entries: 632

### TIER-SPECIFIC KV BYTES ###
  Storage KV Bytes Written: 369.63GiB
  Storage KV Bytes Read: 1938.91GiB

### STORAGE KV BANDWIDTH ###
  Storage KV Read Bandwidth: 6.43GiB/s
  Storage KV Write Bandwidth: 1.23GiB/s

### TIER-SPECIFIC LATENCIES (Total = Host + Device) ###
  Storage Read P95 (Total): 14266.07 ms
  Storage Write P95 (Total): 8839.73 ms

### STORAGE TIER LATENCY BREAKDOWN (Device = Disk I/O, Host = Serialization) ###
  Storage Read:
    - Device P95 (Disk I/O): 11525.90 ms
    - Host P95 (Serialization): 6097.48 ms
    - Total P95: 14266.07 ms
  Storage Write:
    - Device P95 (Disk I/O): 897.28 ms
    - Host P95 (Serialization): 8127.82 ms
    - Total P95: 8839.73 ms

### CACHE TYPE BREAKDOWNS ###
  System Prompt Hits: 766
  Common Phrase Hits: 0
  User Cache Hits: 2378
  Multi-turn Hits: 542

### PREFIX CACHING ###
  Prefix Hits: 142
  Prefix Misses: 496
  System Prompt Reuse: 142
  Bytes Saved: 0.11GiB

### MULTI-TURN CONVERSATIONS ###
  Multi-turn Cache Hits: 537
  Multi-turn Cache Misses: 1777
  Multi-turn Hit Rate: 23.2%

### QOS LATENCY METRICS (Informational - includes simulated generation) ###

  INTERACTIVE:
    Requests: 475
    Latency P95: 413776.89 ms
    Latency P99: 428641.83 ms
    SLA Met: [X] (compliance: 0.0%)

  RESPONSIVE:
    Requests: 61
    Latency P95: 165111.93 ms
    Latency P99: 202366.55 ms
    SLA Met: [X] (compliance: 0.0%)

  BATCH:
    Requests: 82
    Latency P95: 207380.02 ms
    Latency P99: 268699.98 ms
    SLA Met: [X] (compliance: 0.0%)

================================================================================
NOTES:
  - Pure storage I/O benchmark (no generation simulation)
================================================================================

Integrated Multi-User KV Cache Benchmark - MLPerf Edition
Model: Llama 3.1 8B
GPU Memory: 0 GB
Users: 200
Duration: 300s
Seed: 178
Generation Mode: none (0.0ms/token)
Features:
  - Phase-Aware Processing: Enabled
  - Multi-turn Conversations: Enabled
  - Prefix Caching: Enabled
  - RAG Workload: Disabled
  - Autoscaling: Disabled
  - QoS Support: Enabled (Interactive/Responsive/Batch)
  - Trace-Driven (BurstGPT): Disabled
  - ShareGPT Dataset: Disabled
  - Max Concurrent Allocations: 16 (bounds RAM usage)
================================================================================

User Context Length Distribution:
  Min: 523 tokens (65.38MiB)
  Max: 24096 tokens (3012.00MiB)
  Mean: 9594 tokens (1199.25MiB)

QoS Distribution:
  interactive: 31 users
  responsive: 58 users
  batch: 111 users

### MEMORY SAFETY CHECK ###
  Formula: peak = (workers x 2 x mean_entry_bytes) + baseline
         = (200 x 2 x 1000MiB) + 2.5GiB
         = 393.1GiB
  Available RAM: 991.0GiB
  Mean entry size: 1000MiB  (8000 tok x 131,072 B/tok)
  Peak per thread: 2000MiB  (np.load + np.array copy)
  Worker threads: 200
  Safe concurrent readers: ~506  = (available - baseline) / peak_per_thread
  Status: OK

Starting benchmark... Mode: standard (prefill+decode)
--------------------------------------------------------------------------------

================================================================================
BENCHMARK RESULTS - MLPerf KV Cache Storage Benchmark
Generation Mode: none (0.0ms/token)
================================================================================

IMPORTANT: All storage latencies below are measured per KV cache BLOCK,
not per token or per disk page.  Each block holds the full KV state for
one request (all layers, all heads, full sequence length).
  Model KV bytes/token: 131,072 bytes (128.0KiB)
  Entries in cache: 597
  Block size min:   21.5MiB
  Block size mean:  646.1MiB
  Block size P95:   1938.3MiB
  Block size max:   2766.9MiB
  A 200MiB block at 1GiB/s NVMe read = ~200 ms device latency.
  Compare latencies against block sizes, not against 4KiB page I/O.


### OVERALL PERFORMANCE ###
Requests Completed: 588
Total Tokens Generated: 91584
Throughput (wall-clock): 300.74 tokens/sec
Throughput (storage I/O): 4.42 tokens/sec
Requests/sec: 1.93

### END-TO-END LATENCY (Queue Wait + Storage I/O + Generation) ###
  Mean: 204749.64 ms
  P50:  187357.48 ms
  P95:  412547.44 ms
  P99:  440391.33 ms

### PER-REQUEST STORAGE LATENCY (All I/O ops for one request) ###
  Mean: 35234.31 ms
  P50:  24717.34 ms
  P95:  99164.07 ms
  P99:  134277.12 ms
  (= 1 prefill write + N decode reads per request)

### STORAGE PERFORMANCE ###
  Cache Hit Rate: 69.0%
  Total Read: 1776.81GiB
  Total Write: 376.67GiB
  Read/Write Ratio: 4.72
  Storage KV Read Operations/sec: 12.49
  Storage KV Write Operations/sec: 1.99

### CACHE TIER DISTRIBUTION ###
  GPU Entries: 0 (0.00GiB)
  CPU Entries: 0 (0.00GiB)
  Storage Entries: 597

### TIER-SPECIFIC KV BYTES ###
  Storage KV Bytes Written: 376.67GiB
  Storage KV Bytes Read: 1776.81GiB

### STORAGE KV BANDWIDTH ###
  Storage KV Read Bandwidth: 5.83GiB/s
  Storage KV Write Bandwidth: 1.24GiB/s

### TIER-SPECIFIC LATENCIES (Total = Host + Device) ###
  Storage Read P95 (Total): 15965.43 ms
  Storage Write P95 (Total): 9667.59 ms

### STORAGE TIER LATENCY BREAKDOWN (Device = Disk I/O, Host = Serialization) ###
  Storage Read:
    - Device P95 (Disk I/O): 13084.98 ms
    - Host P95 (Serialization): 5972.13 ms
    - Total P95: 15965.43 ms
  Storage Write:
    - Device P95 (Disk I/O): 1910.60 ms
    - Host P95 (Serialization): 8607.11 ms
    - Total P95: 9667.59 ms

### CACHE TYPE BREAKDOWNS ###
  System Prompt Hits: 631
  Common Phrase Hits: 0
  User Cache Hits: 2377
  Multi-turn Hits: 740

### PREFIX CACHING ###
  Prefix Hits: 120
  Prefix Misses: 479
  System Prompt Reuse: 120
  Bytes Saved: 0.09GiB

### MULTI-TURN CONVERSATIONS ###
  Multi-turn Cache Hits: 738
  Multi-turn Cache Misses: 1561
  Multi-turn Hit Rate: 32.1%

### QOS LATENCY METRICS (Informational - includes simulated generation) ###

  INTERACTIVE:
    Requests: 422
    Latency P95: 416504.82 ms
    Latency P99: 442516.98 ms
    SLA Met: [X] (compliance: 0.0%)

  RESPONSIVE:
    Requests: 77
    Latency P95: 244341.80 ms
    Latency P99: 356421.33 ms
    SLA Met: [X] (compliance: 0.0%)

  BATCH:
    Requests: 89
    Latency P95: 187676.65 ms
    Latency P99: 264926.93 ms
    SLA Met: [X] (compliance: 0.0%)

================================================================================
NOTES:
  - Pure storage I/O benchmark (no generation simulation)
================================================================================

Integrated Multi-User KV Cache Benchmark - MLPerf Edition
Model: Llama 3.1 8B
GPU Memory: 0 GB
Users: 200
Duration: 300s
Seed: 143
Generation Mode: none (0.0ms/token)
Features:
  - Phase-Aware Processing: Enabled
  - Multi-turn Conversations: Enabled
  - Prefix Caching: Enabled
  - RAG Workload: Disabled
  - Autoscaling: Disabled
  - QoS Support: Enabled (Interactive/Responsive/Batch)
  - Trace-Driven (BurstGPT): Disabled
  - ShareGPT Dataset: Disabled
  - Max Concurrent Allocations: 16 (bounds RAM usage)
================================================================================

User Context Length Distribution:
  Min: 514 tokens (64.25MiB)
  Max: 24617 tokens (3077.12MiB)
  Mean: 8625 tokens (1078.18MiB)

QoS Distribution:
  interactive: 25 users
  responsive: 72 users
  batch: 103 users

### MEMORY SAFETY CHECK ###
  Formula: peak = (workers x 2 x mean_entry_bytes) + baseline
         = (200 x 2 x 1000MiB) + 2.5GiB
         = 393.1GiB
  Available RAM: 990.4GiB
  Mean entry size: 1000MiB  (8000 tok x 131,072 B/tok)
  Peak per thread: 2000MiB  (np.load + np.array copy)
  Worker threads: 200
  Safe concurrent readers: ~505  = (available - baseline) / peak_per_thread
  Status: OK

Starting benchmark... Mode: standard (prefill+decode)
--------------------------------------------------------------------------------

================================================================================
BENCHMARK RESULTS - MLPerf KV Cache Storage Benchmark
Generation Mode: none (0.0ms/token)
================================================================================

IMPORTANT: All storage latencies below are measured per KV cache BLOCK,
not per token or per disk page.  Each block holds the full KV state for
one request (all layers, all heads, full sequence length).
  Model KV bytes/token: 131,072 bytes (128.0KiB)
  Entries in cache: 571
  Block size min:   18.8MiB
  Block size mean:  712.0MiB
  Block size P95:   1937.3MiB
  Block size max:   2870.2MiB
  A 200MiB block at 1GiB/s NVMe read = ~200 ms device latency.
  Compare latencies against block sizes, not against 4KiB page I/O.


### OVERALL PERFORMANCE ###
Requests Completed: 553
Total Tokens Generated: 98205
Throughput (wall-clock): 326.52 tokens/sec
Throughput (storage I/O): 5.08 tokens/sec
Requests/sec: 1.84

### END-TO-END LATENCY (Queue Wait + Storage I/O + Generation) ###
  Mean: 208171.26 ms
  P50:  200325.05 ms
  P95:  415127.03 ms
  P99:  426184.18 ms

### PER-REQUEST STORAGE LATENCY (All I/O ops for one request) ###
  Mean: 34960.78 ms
  P50:  21815.49 ms
  P95:  106885.27 ms
  P99:  149287.01 ms
  (= 1 prefill write + N decode reads per request)

### STORAGE PERFORMANCE ###
  Cache Hit Rate: 67.9%
  Total Read: 1825.06GiB
  Total Write: 397.05GiB
  Read/Write Ratio: 4.60
  Storage KV Read Operations/sec: 10.44
  Storage KV Write Operations/sec: 1.90

### CACHE TIER DISTRIBUTION ###
  GPU Entries: 0 (0.00GiB)
  CPU Entries: 0 (0.00GiB)
  Storage Entries: 571

### TIER-SPECIFIC KV BYTES ###
  Storage KV Bytes Written: 397.05GiB
  Storage KV Bytes Read: 1825.06GiB

### STORAGE KV BANDWIDTH ###
  Storage KV Read Bandwidth: 6.07GiB/s
  Storage KV Write Bandwidth: 1.32GiB/s

### TIER-SPECIFIC LATENCIES (Total = Host + Device) ###
  Storage Read P95 (Total): 18140.58 ms
  Storage Write P95 (Total): 10185.12 ms

### STORAGE TIER LATENCY BREAKDOWN (Device = Disk I/O, Host = Serialization) ###
  Storage Read:
    - Device P95 (Disk I/O): 15741.25 ms
    - Host P95 (Serialization): 6031.32 ms
    - Total P95: 18140.58 ms
  Storage Write:
    - Device P95 (Disk I/O): 1331.09 ms
    - Host P95 (Serialization): 10087.76 ms
    - Total P95: 10185.12 ms

### CACHE TYPE BREAKDOWNS ###
  System Prompt Hits: 584
  Common Phrase Hits: 0
  User Cache Hits: 2338
  Multi-turn Hits: 209

### PREFIX CACHING ###
  Prefix Hits: 116
  Prefix Misses: 455
  System Prompt Reuse: 116
  Bytes Saved: 0.10GiB

### MULTI-TURN CONVERSATIONS ###
  Multi-turn Cache Hits: 209
  Multi-turn Cache Misses: 1364
  Multi-turn Hit Rate: 13.3%

### QOS LATENCY METRICS (Informational - includes simulated generation) ###

  INTERACTIVE:
    Requests: 407
    Latency P95: 417649.26 ms
    Latency P99: 426799.89 ms
    SLA Met: [X] (compliance: 0.0%)

  RESPONSIVE:
    Requests: 61
    Latency P95: 151370.89 ms
    Latency P99: 209027.44 ms
    SLA Met: [X] (compliance: 0.0%)

  BATCH:
    Requests: 85
    Latency P95: 192983.81 ms
    Latency P99: 243372.45 ms
    SLA Met: [X] (compliance: 0.0%)

================================================================================
NOTES:
  - Pure storage I/O benchmark (no generation simulation)
================================================================================

Integrated Multi-User KV Cache Benchmark - MLPerf Edition
Model: Llama 3.1 8B
GPU Memory: 0 GB
Users: 200
Duration: 300s
Seed: 173
Generation Mode: none (0.0ms/token)
Features:
  - Phase-Aware Processing: Enabled
  - Multi-turn Conversations: Enabled
  - Prefix Caching: Enabled
  - RAG Workload: Disabled
  - Autoscaling: Disabled
  - QoS Support: Enabled (Interactive/Responsive/Batch)
  - Trace-Driven (BurstGPT): Disabled
  - ShareGPT Dataset: Disabled
  - Max Concurrent Allocations: 16 (bounds RAM usage)
================================================================================

User Context Length Distribution:
  Min: 535 tokens (66.88MiB)
  Max: 24552 tokens (3069.00MiB)
  Mean: 8644 tokens (1080.54MiB)

QoS Distribution:
  interactive: 25 users
  responsive: 82 users
  batch: 93 users

### MEMORY SAFETY CHECK ###
  Formula: peak = (workers x 2 x mean_entry_bytes) + baseline
         = (200 x 2 x 1000MiB) + 2.5GiB
         = 393.1GiB
  Available RAM: 991.1GiB
  Mean entry size: 1000MiB  (8000 tok x 131,072 B/tok)
  Peak per thread: 2000MiB  (np.load + np.array copy)
  Worker threads: 200
  Safe concurrent readers: ~506  = (available - baseline) / peak_per_thread
  Status: OK

Starting benchmark... Mode: standard (prefill+decode)
--------------------------------------------------------------------------------

================================================================================
BENCHMARK RESULTS - MLPerf KV Cache Storage Benchmark
Generation Mode: none (0.0ms/token)
================================================================================

IMPORTANT: All storage latencies below are measured per KV cache BLOCK,
not per token or per disk page.  Each block holds the full KV state for
one request (all layers, all heads, full sequence length).
  Model KV bytes/token: 131,072 bytes (128.0KiB)
  Entries in cache: 641
  Block size min:   28.9MiB
  Block size mean:  649.3MiB
  Block size P95:   1690.4MiB
  Block size max:   2568.8MiB
  A 200MiB block at 1GiB/s NVMe read = ~200 ms device latency.
  Compare latencies against block sizes, not against 4KiB page I/O.


### OVERALL PERFORMANCE ###
Requests Completed: 627
Total Tokens Generated: 93762
Throughput (wall-clock): 312.41 tokens/sec
Throughput (storage I/O): 4.97 tokens/sec
Requests/sec: 2.09

### END-TO-END LATENCY (Queue Wait + Storage I/O + Generation) ###
  Mean: 199230.10 ms
  P50:  186481.37 ms
  P95:  421191.44 ms
  P99:  431007.71 ms

### PER-REQUEST STORAGE LATENCY (All I/O ops for one request) ###
  Mean: 30076.01 ms
  P50:  20084.84 ms
  P95:  89272.69 ms
  P99:  141335.31 ms
  (= 1 prefill write + N decode reads per request)

### STORAGE PERFORMANCE ###
  Cache Hit Rate: 85.7%
  Total Read: 1565.44GiB
  Total Write: 406.44GiB
  Read/Write Ratio: 3.85
  Storage KV Read Operations/sec: 10.12
  Storage KV Write Operations/sec: 2.14

### CACHE TIER DISTRIBUTION ###
  GPU Entries: 0 (0.00GiB)
  CPU Entries: 0 (0.00GiB)
  Storage Entries: 641

### TIER-SPECIFIC KV BYTES ###
  Storage KV Bytes Written: 406.44GiB
  Storage KV Bytes Read: 1565.44GiB

### STORAGE KV BANDWIDTH ###
  Storage KV Read Bandwidth: 5.22GiB/s
  Storage KV Write Bandwidth: 1.35GiB/s

### TIER-SPECIFIC LATENCIES (Total = Host + Device) ###
  Storage Read P95 (Total): 17205.14 ms
  Storage Write P95 (Total): 9118.85 ms

### STORAGE TIER LATENCY BREAKDOWN (Device = Disk I/O, Host = Serialization) ###
  Storage Read:
    - Device P95 (Disk I/O): 13143.57 ms
    - Host P95 (Serialization): 7633.04 ms
    - Total P95: 17205.14 ms
  Storage Write:
    - Device P95 (Disk I/O): 1382.26 ms
    - Host P95 (Serialization): 8822.12 ms
    - Total P95: 9118.85 ms

### CACHE TYPE BREAKDOWNS ###
  System Prompt Hits: 568
  Common Phrase Hits: 0
  User Cache Hits: 2445
  Multi-turn Hits: 22

### PREFIX CACHING ###
  Prefix Hits: 124
  Prefix Misses: 517
  System Prompt Reuse: 124
  Bytes Saved: 0.10GiB

### MULTI-TURN CONVERSATIONS ###
  Multi-turn Cache Hits: 22
  Multi-turn Cache Misses: 384
  Multi-turn Hit Rate: 5.4%

### QOS LATENCY METRICS (Informational - includes simulated generation) ###

  INTERACTIVE:
    Requests: 466
    Latency P95: 422781.15 ms
    Latency P99: 432359.32 ms
    SLA Met: [X] (compliance: 0.0%)

  RESPONSIVE:
    Requests: 97
    Latency P95: 176866.25 ms
    Latency P99: 251709.23 ms
    SLA Met: [X] (compliance: 0.0%)

  BATCH:
    Requests: 64
    Latency P95: 128335.61 ms
    Latency P99: 187143.43 ms
    SLA Met: [X] (compliance: 0.0%)

================================================================================
NOTES:
  - Pure storage I/O benchmark (no generation simulation)
================================================================================

Integrated Multi-User KV Cache Benchmark - MLPerf Edition
Model: Llama 3.1 8B
GPU Memory: 0 GB
Users: 200
Duration: 300s
Seed: 75
Generation Mode: none (0.0ms/token)
Features:
  - Phase-Aware Processing: Enabled
  - Multi-turn Conversations: Enabled
  - Prefix Caching: Enabled
  - RAG Workload: Disabled
  - Autoscaling: Disabled
  - QoS Support: Enabled (Interactive/Responsive/Batch)
  - Trace-Driven (BurstGPT): Disabled
  - ShareGPT Dataset: Disabled
  - Max Concurrent Allocations: 16 (bounds RAM usage)
================================================================================

User Context Length Distribution:
  Min: 594 tokens (74.25MiB)
  Max: 24883 tokens (3110.38MiB)
  Mean: 9477 tokens (1184.63MiB)

QoS Distribution:
  interactive: 28 users
  responsive: 79 users
  batch: 93 users

### MEMORY SAFETY CHECK ###
  Formula: peak = (workers x 2 x mean_entry_bytes) + baseline
         = (200 x 2 x 1000MiB) + 2.5GiB
         = 393.1GiB
  Available RAM: 991.7GiB
  Mean entry size: 1000MiB  (8000 tok x 131,072 B/tok)
  Peak per thread: 2000MiB  (np.load + np.array copy)
  Worker threads: 200
  Safe concurrent readers: ~506  = (available - baseline) / peak_per_thread
  Status: OK

Starting benchmark... Mode: standard (prefill+decode)
--------------------------------------------------------------------------------

================================================================================
BENCHMARK RESULTS - MLPerf KV Cache Storage Benchmark
Generation Mode: none (0.0ms/token)
================================================================================

IMPORTANT: All storage latencies below are measured per KV cache BLOCK,
not per token or per disk page.  Each block holds the full KV state for
one request (all layers, all heads, full sequence length).
  Model KV bytes/token: 131,072 bytes (128.0KiB)
  Entries in cache: 622
  Block size min:   23.4MiB
  Block size mean:  553.2MiB
  Block size P95:   1536.3MiB
  Block size max:   2785.6MiB
  A 200MiB block at 1GiB/s NVMe read = ~200 ms device latency.
  Compare latencies against block sizes, not against 4KiB page I/O.


### OVERALL PERFORMANCE ###
Requests Completed: 602
Total Tokens Generated: 92762
Throughput (wall-clock): 304.01 tokens/sec
Throughput (storage I/O): 5.36 tokens/sec
Requests/sec: 1.97

### END-TO-END LATENCY (Queue Wait + Storage I/O + Generation) ###
  Mean: 210425.82 ms
  P50:  202854.23 ms
  P95:  416673.38 ms
  P99:  433204.68 ms

### PER-REQUEST STORAGE LATENCY (All I/O ops for one request) ###
  Mean: 28722.10 ms
  P50:  19642.55 ms
  P95:  86736.25 ms
  P99:  137539.17 ms
  (= 1 prefill write + N decode reads per request)

### STORAGE PERFORMANCE ###
  Cache Hit Rate: 91.1%
  Total Read: 1727.55GiB
  Total Write: 336.00GiB
  Read/Write Ratio: 5.14
  Storage KV Read Operations/sec: 11.26
  Storage KV Write Operations/sec: 2.07

### CACHE TIER DISTRIBUTION ###
  GPU Entries: 0 (0.00GiB)
  CPU Entries: 0 (0.00GiB)
  Storage Entries: 622

### TIER-SPECIFIC KV BYTES ###
  Storage KV Bytes Written: 336.00GiB
  Storage KV Bytes Read: 1727.55GiB

### STORAGE KV BANDWIDTH ###
  Storage KV Read Bandwidth: 5.66GiB/s
  Storage KV Write Bandwidth: 1.10GiB/s

### TIER-SPECIFIC LATENCIES (Total = Host + Device) ###
  Storage Read P95 (Total): 14712.89 ms
  Storage Write P95 (Total): 7620.12 ms

### STORAGE TIER LATENCY BREAKDOWN (Device = Disk I/O, Host = Serialization) ###
  Storage Read:
    - Device P95 (Disk I/O): 12755.30 ms
    - Host P95 (Serialization): 5096.91 ms
    - Total P95: 14712.89 ms
  Storage Write:
    - Device P95 (Disk I/O): 1223.47 ms
    - Host P95 (Serialization): 7479.03 ms
    - Total P95: 7620.12 ms

### CACHE TYPE BREAKDOWNS ###
  System Prompt Hits: 726
  Common Phrase Hits: 0
  User Cache Hits: 2622
  Multi-turn Hits: 29

### PREFIX CACHING ###
  Prefix Hits: 137
  Prefix Misses: 485
  System Prompt Reuse: 137
  Bytes Saved: 0.11GiB

### MULTI-TURN CONVERSATIONS ###
  Multi-turn Cache Hits: 29
  Multi-turn Cache Misses: 192
  Multi-turn Hit Rate: 13.1%

### QOS LATENCY METRICS (Informational - includes simulated generation) ###

  INTERACTIVE:
    Requests: 441
    Latency P95: 419092.05 ms
    Latency P99: 436954.39 ms
    SLA Met: [X] (compliance: 0.0%)

  RESPONSIVE:
    Requests: 78
    Latency P95: 203521.64 ms
    Latency P99: 260082.23 ms
    SLA Met: [X] (compliance: 0.0%)

  BATCH:
    Requests: 83
    Latency P95: 259974.80 ms
    Latency P99: 302127.21 ms
    SLA Met: [X] (compliance: 0.0%)

================================================================================
NOTES:
  - Pure storage I/O benchmark (no generation simulation)
================================================================================

Integrated Multi-User KV Cache Benchmark - MLPerf Edition
Model: Llama 3.1 8B
GPU Memory: 0 GB
Users: 200
Duration: 300s
Seed: 210
Generation Mode: none (0.0ms/token)
Features:
  - Phase-Aware Processing: Enabled
  - Multi-turn Conversations: Enabled
  - Prefix Caching: Enabled
  - RAG Workload: Disabled
  - Autoscaling: Disabled
  - QoS Support: Enabled (Interactive/Responsive/Batch)
  - Trace-Driven (BurstGPT): Disabled
  - ShareGPT Dataset: Disabled
  - Max Concurrent Allocations: 16 (bounds RAM usage)
================================================================================

User Context Length Distribution:
  Min: 543 tokens (67.88MiB)
  Max: 24979 tokens (3122.38MiB)
  Mean: 8818 tokens (1102.23MiB)

QoS Distribution:
  interactive: 25 users
  responsive: 68 users
  batch: 107 users

### MEMORY SAFETY CHECK ###
  Formula: peak = (workers x 2 x mean_entry_bytes) + baseline
         = (200 x 2 x 1000MiB) + 2.5GiB
         = 393.1GiB
  Available RAM: 990.6GiB
  Mean entry size: 1000MiB  (8000 tok x 131,072 B/tok)
  Peak per thread: 2000MiB  (np.load + np.array copy)
  Worker threads: 200
  Safe concurrent readers: ~505  = (available - baseline) / peak_per_thread
  Status: OK

Starting benchmark... Mode: standard (prefill+decode)
--------------------------------------------------------------------------------

================================================================================
BENCHMARK RESULTS - MLPerf KV Cache Storage Benchmark
Generation Mode: none (0.0ms/token)
================================================================================

IMPORTANT: All storage latencies below are measured per KV cache BLOCK,
not per token or per disk page.  Each block holds the full KV state for
one request (all layers, all heads, full sequence length).
  Model KV bytes/token: 131,072 bytes (128.0KiB)
  Entries in cache: 600
  Block size min:   19.0MiB
  Block size mean:  567.5MiB
  Block size P95:   1635.6MiB
  Block size max:   2955.1MiB
  A 200MiB block at 1GiB/s NVMe read = ~200 ms device latency.
  Compare latencies against block sizes, not against 4KiB page I/O.


### OVERALL PERFORMANCE ###
Requests Completed: 580
Total Tokens Generated: 104266
Throughput (wall-clock): 347.55 tokens/sec
Throughput (storage I/O): 5.74 tokens/sec
Requests/sec: 1.93

### END-TO-END LATENCY (Queue Wait + Storage I/O + Generation) ###
  Mean: 205821.29 ms
  P50:  198766.19 ms
  P95:  414083.40 ms
  P99:  423777.01 ms

### PER-REQUEST STORAGE LATENCY (All I/O ops for one request) ###
  Mean: 31321.47 ms
  P50:  20348.84 ms
  P95:  101067.08 ms
  P99:  154641.57 ms
  (= 1 prefill write + N decode reads per request)

### STORAGE PERFORMANCE ###
  Cache Hit Rate: 85.5%
  Total Read: 1786.27GiB
  Total Write: 332.51GiB
  Read/Write Ratio: 5.37
  Storage KV Read Operations/sec: 11.81
  Storage KV Write Operations/sec: 2.00

### CACHE TIER DISTRIBUTION ###
  GPU Entries: 0 (0.00GiB)
  CPU Entries: 0 (0.00GiB)
  Storage Entries: 600

### TIER-SPECIFIC KV BYTES ###
  Storage KV Bytes Written: 332.51GiB
  Storage KV Bytes Read: 1786.27GiB

### STORAGE KV BANDWIDTH ###
  Storage KV Read Bandwidth: 5.95GiB/s
  Storage KV Write Bandwidth: 1.11GiB/s

### TIER-SPECIFIC LATENCIES (Total = Host + Device) ###
  Storage Read P95 (Total): 15330.25 ms
  Storage Write P95 (Total): 8222.10 ms

### STORAGE TIER LATENCY BREAKDOWN (Device = Disk I/O, Host = Serialization) ###
  Storage Read:
    - Device P95 (Disk I/O): 12860.30 ms
    - Host P95 (Serialization): 5720.98 ms
    - Total P95: 15330.25 ms
  Storage Write:
    - Device P95 (Disk I/O): 1392.07 ms
    - Host P95 (Serialization): 8141.43 ms
    - Total P95: 8222.10 ms

### CACHE TYPE BREAKDOWNS ###
  System Prompt Hits: 618
  Common Phrase Hits: 0
  User Cache Hits: 2885
  Multi-turn Hits: 40

### PREFIX CACHING ###
  Prefix Hits: 124
  Prefix Misses: 476
  System Prompt Reuse: 124
  Bytes Saved: 0.10GiB

### MULTI-TURN CONVERSATIONS ###
  Multi-turn Cache Hits: 40
  Multi-turn Cache Misses: 477
  Multi-turn Hit Rate: 7.7%

### QOS LATENCY METRICS (Informational - includes simulated generation) ###

  INTERACTIVE:
    Requests: 424
    Latency P95: 416822.37 ms
    Latency P99: 426405.00 ms
    SLA Met: [X] (compliance: 0.0%)

  RESPONSIVE:
    Requests: 84
    Latency P95: 196563.94 ms
    Latency P99: 276307.61 ms
    SLA Met: [X] (compliance: 0.0%)

  BATCH:
    Requests: 72
    Latency P95: 143127.18 ms
    Latency P99: 338048.72 ms
    SLA Met: [X] (compliance: 0.0%)

================================================================================
NOTES:
  - Pure storage I/O benchmark (no generation simulation)
================================================================================

Integrated Multi-User KV Cache Benchmark - MLPerf Edition
Model: Llama 3.1 8B
GPU Memory: 0 GB
Users: 200
Duration: 300s
Seed: 238
Generation Mode: none (0.0ms/token)
Features:
  - Phase-Aware Processing: Enabled
  - Multi-turn Conversations: Enabled
  - Prefix Caching: Enabled
  - RAG Workload: Disabled
  - Autoscaling: Disabled
  - QoS Support: Enabled (Interactive/Responsive/Batch)
  - Trace-Driven (BurstGPT): Disabled
  - ShareGPT Dataset: Disabled
  - Max Concurrent Allocations: 16 (bounds RAM usage)
================================================================================

User Context Length Distribution:
  Min: 521 tokens (65.12MiB)
  Max: 24998 tokens (3124.75MiB)
  Mean: 8757 tokens (1094.64MiB)

QoS Distribution:
  interactive: 29 users
  responsive: 67 users
  batch: 104 users

### MEMORY SAFETY CHECK ###
  Formula: peak = (workers x 2 x mean_entry_bytes) + baseline
         = (200 x 2 x 1000MiB) + 2.5GiB
         = 393.1GiB
  Available RAM: 990.8GiB
  Mean entry size: 1000MiB  (8000 tok x 131,072 B/tok)
  Peak per thread: 2000MiB  (np.load + np.array copy)
  Worker threads: 200
  Safe concurrent readers: ~506  = (available - baseline) / peak_per_thread
  Status: OK

Starting benchmark... Mode: standard (prefill+decode)
--------------------------------------------------------------------------------

================================================================================
BENCHMARK RESULTS - MLPerf KV Cache Storage Benchmark
Generation Mode: none (0.0ms/token)
================================================================================

IMPORTANT: All storage latencies below are measured per KV cache BLOCK,
not per token or per disk page.  Each block holds the full KV state for
one request (all layers, all heads, full sequence length).
  Model KV bytes/token: 131,072 bytes (128.0KiB)
  Entries in cache: 616
  Block size min:   18.1MiB
  Block size mean:  638.3MiB
  Block size P95:   1951.2MiB
  Block size max:   3015.6MiB
  A 200MiB block at 1GiB/s NVMe read = ~200 ms device latency.
  Compare latencies against block sizes, not against 4KiB page I/O.


### OVERALL PERFORMANCE ###
Requests Completed: 604
Total Tokens Generated: 97083
Throughput (wall-clock): 322.64 tokens/sec
Throughput (storage I/O): 5.14 tokens/sec
Requests/sec: 2.01

### END-TO-END LATENCY (Queue Wait + Storage I/O + Generation) ###
  Mean: 211319.21 ms
  P50:  198969.26 ms
  P95:  423812.04 ms
  P99:  431467.97 ms

### PER-REQUEST STORAGE LATENCY (All I/O ops for one request) ###
  Mean: 31251.53 ms
  P50:  21113.15 ms
  P95:  93566.77 ms
  P99:  162058.51 ms
  (= 1 prefill write + N decode reads per request)

### STORAGE PERFORMANCE ###
  Cache Hit Rate: 90.5%
  Total Read: 1638.09GiB
  Total Write: 383.99GiB
  Read/Write Ratio: 4.27
  Storage KV Read Operations/sec: 10.78
  Storage KV Write Operations/sec: 2.05

### CACHE TIER DISTRIBUTION ###
  GPU Entries: 0 (0.00GiB)
  CPU Entries: 0 (0.00GiB)
  Storage Entries: 616

### TIER-SPECIFIC KV BYTES ###
  Storage KV Bytes Written: 383.99GiB
  Storage KV Bytes Read: 1638.09GiB

### STORAGE KV BANDWIDTH ###
  Storage KV Read Bandwidth: 5.44GiB/s
  Storage KV Write Bandwidth: 1.28GiB/s

### TIER-SPECIFIC LATENCIES (Total = Host + Device) ###
  Storage Read P95 (Total): 15848.72 ms
  Storage Write P95 (Total): 9362.53 ms

### STORAGE TIER LATENCY BREAKDOWN (Device = Disk I/O, Host = Serialization) ###
  Storage Read:
    - Device P95 (Disk I/O): 12693.46 ms
    - Host P95 (Serialization): 5884.28 ms
    - Total P95: 15848.72 ms
  Storage Write:
    - Device P95 (Disk I/O): 1487.09 ms
    - Host P95 (Serialization): 9201.49 ms
    - Total P95: 9362.53 ms

### CACHE TYPE BREAKDOWNS ###
  System Prompt Hits: 601
  Common Phrase Hits: 0
  User Cache Hits: 2614
  Multi-turn Hits: 18

### PREFIX CACHING ###
  Prefix Hits: 111
  Prefix Misses: 505
  System Prompt Reuse: 111
  Bytes Saved: 0.09GiB

### MULTI-TURN CONVERSATIONS ###
  Multi-turn Cache Hits: 18
  Multi-turn Cache Misses: 230
  Multi-turn Hit Rate: 7.3%

### QOS LATENCY METRICS (Informational - includes simulated generation) ###

  INTERACTIVE:
    Requests: 455
    Latency P95: 425856.46 ms
    Latency P99: 433418.60 ms
    SLA Met: [X] (compliance: 0.0%)

  RESPONSIVE:
    Requests: 70
    Latency P95: 197726.91 ms
    Latency P99: 298434.51 ms
    SLA Met: [X] (compliance: 0.0%)

  BATCH:
    Requests: 79
    Latency P95: 154742.70 ms
    Latency P99: 287392.69 ms
    SLA Met: [X] (compliance: 0.0%)

================================================================================
NOTES:
  - Pure storage I/O benchmark (no generation simulation)
================================================================================

Integrated Multi-User KV Cache Benchmark - MLPerf Edition
Model: Llama 3.1 8B
GPU Memory: 0 GB
Users: 200
Duration: 300s
Seed: 166
Generation Mode: none (0.0ms/token)
Features:
  - Phase-Aware Processing: Enabled
  - Multi-turn Conversations: Enabled
  - Prefix Caching: Enabled
  - RAG Workload: Disabled
  - Autoscaling: Disabled
  - QoS Support: Enabled (Interactive/Responsive/Batch)
  - Trace-Driven (BurstGPT): Disabled
  - ShareGPT Dataset: Disabled
  - Max Concurrent Allocations: 16 (bounds RAM usage)
================================================================================

User Context Length Distribution:
  Min: 602 tokens (75.25MiB)
  Max: 24909 tokens (3113.62MiB)
  Mean: 8481 tokens (1060.16MiB)

QoS Distribution:
  interactive: 33 users
  responsive: 82 users
  batch: 85 users

### MEMORY SAFETY CHECK ###
  Formula: peak = (workers x 2 x mean_entry_bytes) + baseline
         = (200 x 2 x 1000MiB) + 2.5GiB
         = 393.1GiB
  Available RAM: 989.5GiB
  Mean entry size: 1000MiB  (8000 tok x 131,072 B/tok)
  Peak per thread: 2000MiB  (np.load + np.array copy)
  Worker threads: 200
  Safe concurrent readers: ~505  = (available - baseline) / peak_per_thread
  Status: OK

Starting benchmark... Mode: standard (prefill+decode)
--------------------------------------------------------------------------------

================================================================================
BENCHMARK RESULTS - MLPerf KV Cache Storage Benchmark
Generation Mode: none (0.0ms/token)
================================================================================

IMPORTANT: All storage latencies below are measured per KV cache BLOCK,
not per token or per disk page.  Each block holds the full KV state for
one request (all layers, all heads, full sequence length).
  Model KV bytes/token: 131,072 bytes (128.0KiB)
  Entries in cache: 583
  Block size min:   20.6MiB
  Block size mean:  651.1MiB
  Block size P95:   1825.9MiB
  Block size max:   2883.6MiB
  A 200MiB block at 1GiB/s NVMe read = ~200 ms device latency.
  Compare latencies against block sizes, not against 4KiB page I/O.


### OVERALL PERFORMANCE ###
Requests Completed: 565
Total Tokens Generated: 96275
Throughput (wall-clock): 319.19 tokens/sec
Throughput (storage I/O): 5.04 tokens/sec
Requests/sec: 1.87

### END-TO-END LATENCY (Queue Wait + Storage I/O + Generation) ###
  Mean: 209636.15 ms
  P50:  198591.85 ms
  P95:  419937.16 ms
  P99:  432316.47 ms

### PER-REQUEST STORAGE LATENCY (All I/O ops for one request) ###
  Mean: 33828.92 ms
  P50:  22898.99 ms
  P95:  102312.34 ms
  P99:  166940.28 ms
  (= 1 prefill write + N decode reads per request)

### STORAGE PERFORMANCE ###
  Cache Hit Rate: 86.5%
  Total Read: 1792.30GiB
  Total Write: 370.69GiB
  Read/Write Ratio: 4.84
  Storage KV Read Operations/sec: 10.68
  Storage KV Write Operations/sec: 1.94

### CACHE TIER DISTRIBUTION ###
  GPU Entries: 0 (0.00GiB)
  CPU Entries: 0 (0.00GiB)
  Storage Entries: 583

### TIER-SPECIFIC KV BYTES ###
  Storage KV Bytes Written: 370.69GiB
  Storage KV Bytes Read: 1792.30GiB

### STORAGE KV BANDWIDTH ###
  Storage KV Read Bandwidth: 5.94GiB/s
  Storage KV Write Bandwidth: 1.23GiB/s

### TIER-SPECIFIC LATENCIES (Total = Host + Device) ###
  Storage Read P95 (Total): 17027.57 ms
  Storage Write P95 (Total): 10173.06 ms

### STORAGE TIER LATENCY BREAKDOWN (Device = Disk I/O, Host = Serialization) ###
  Storage Read:
    - Device P95 (Disk I/O): 13425.39 ms
    - Host P95 (Serialization): 6641.14 ms
    - Total P95: 17027.57 ms
  Storage Write:
    - Device P95 (Disk I/O): 1455.06 ms
    - Host P95 (Serialization): 10122.09 ms
    - Total P95: 10173.06 ms

### CACHE TYPE BREAKDOWNS ###
  System Prompt Hits: 755
  Common Phrase Hits: 0
  User Cache Hits: 2422
  Multi-turn Hits: 28

### PREFIX CACHING ###
  Prefix Hits: 130
  Prefix Misses: 453
  System Prompt Reuse: 130
  Bytes Saved: 0.10GiB

### MULTI-TURN CONVERSATIONS ###
  Multi-turn Cache Hits: 28
  Multi-turn Cache Misses: 372
  Multi-turn Hit Rate: 7.0%

### QOS LATENCY METRICS (Informational - includes simulated generation) ###

  INTERACTIVE:
    Requests: 414
    Latency P95: 421844.01 ms
    Latency P99: 432522.89 ms
    SLA Met: [X] (compliance: 0.0%)

  RESPONSIVE:
    Requests: 101
    Latency P95: 219617.62 ms
    Latency P99: 319986.35 ms
    SLA Met: [X] (compliance: 0.0%)

  BATCH:
    Requests: 50
    Latency P95: 141618.20 ms
    Latency P99: 350931.45 ms
    SLA Met: [X] (compliance: 0.0%)

================================================================================
NOTES:
  - Pure storage I/O benchmark (no generation simulation)
================================================================================

Integrated Multi-User KV Cache Benchmark - MLPerf Edition
Model: Llama 3.1 8B
GPU Memory: 0 GB
Users: 200
Duration: 300s
Seed: 100
Generation Mode: none (0.0ms/token)
Features:
  - Phase-Aware Processing: Enabled
  - Multi-turn Conversations: Enabled
  - Prefix Caching: Enabled
  - RAG Workload: Disabled
  - Autoscaling: Disabled
  - QoS Support: Enabled (Interactive/Responsive/Batch)
  - Trace-Driven (BurstGPT): Disabled
  - ShareGPT Dataset: Disabled
  - Max Concurrent Allocations: 16 (bounds RAM usage)
================================================================================

User Context Length Distribution:
  Min: 550 tokens (68.75MiB)
  Max: 24337 tokens (3042.12MiB)
  Mean: 9107 tokens (1138.32MiB)

QoS Distribution:
  interactive: 39 users
  responsive: 69 users
  batch: 92 users

### MEMORY SAFETY CHECK ###
  Formula: peak = (workers x 2 x mean_entry_bytes) + baseline
         = (200 x 2 x 1000MiB) + 2.5GiB
         = 393.1GiB
  Available RAM: 988.8GiB
  Mean entry size: 1000MiB  (8000 tok x 131,072 B/tok)
  Peak per thread: 2000MiB  (np.load + np.array copy)
  Worker threads: 200
  Safe concurrent readers: ~504  = (available - baseline) / peak_per_thread
  Status: OK

Starting benchmark... Mode: standard (prefill+decode)
--------------------------------------------------------------------------------

================================================================================
BENCHMARK RESULTS - MLPerf KV Cache Storage Benchmark
Generation Mode: none (0.0ms/token)
================================================================================

IMPORTANT: All storage latencies below are measured per KV cache BLOCK,
not per token or per disk page.  Each block holds the full KV state for
one request (all layers, all heads, full sequence length).
  Model KV bytes/token: 131,072 bytes (128.0KiB)
  Entries in cache: 596
  Block size min:   26.9MiB
  Block size mean:  693.6MiB
  Block size P95:   2122.3MiB
  Block size max:   3015.1MiB
  A 200MiB block at 1GiB/s NVMe read = ~200 ms device latency.
  Compare latencies against block sizes, not against 4KiB page I/O.


### OVERALL PERFORMANCE ###
Requests Completed: 585
Total Tokens Generated: 96826
Throughput (wall-clock): 322.67 tokens/sec
Throughput (storage I/O): 4.65 tokens/sec
Requests/sec: 1.95

### END-TO-END LATENCY (Queue Wait + Storage I/O + Generation) ###
  Mean: 209418.18 ms
  P50:  193949.47 ms
  P95:  435267.97 ms
  P99:  442359.76 ms

### PER-REQUEST STORAGE LATENCY (All I/O ops for one request) ###
  Mean: 35588.20 ms
  P50:  20902.40 ms
  P95:  117169.74 ms
  P99:  159001.96 ms
  (= 1 prefill write + N decode reads per request)

### STORAGE PERFORMANCE ###
  Cache Hit Rate: 76.0%
  Total Read: 1628.22GiB
  Total Write: 403.70GiB
  Read/Write Ratio: 4.03
  Storage KV Read Operations/sec: 10.63
  Storage KV Write Operations/sec: 1.99

### CACHE TIER DISTRIBUTION ###
  GPU Entries: 0 (0.00GiB)
  CPU Entries: 0 (0.00GiB)
  Storage Entries: 596

### TIER-SPECIFIC KV BYTES ###
  Storage KV Bytes Written: 403.70GiB
  Storage KV Bytes Read: 1628.22GiB

### STORAGE KV BANDWIDTH ###
  Storage KV Read Bandwidth: 5.43GiB/s
  Storage KV Write Bandwidth: 1.35GiB/s

### TIER-SPECIFIC LATENCIES (Total = Host + Device) ###
  Storage Read P95 (Total): 18860.14 ms
  Storage Write P95 (Total): 12891.68 ms

### STORAGE TIER LATENCY BREAKDOWN (Device = Disk I/O, Host = Serialization) ###
  Storage Read:
    - Device P95 (Disk I/O): 15386.06 ms
    - Host P95 (Serialization): 7579.77 ms
    - Total P95: 18860.14 ms
  Storage Write:
    - Device P95 (Disk I/O): 1324.65 ms
    - Host P95 (Serialization): 11853.60 ms
    - Total P95: 12891.68 ms

### CACHE TYPE BREAKDOWNS ###
  System Prompt Hits: 514
  Common Phrase Hits: 0
  User Cache Hits: 2585
  Multi-turn Hits: 91

### PREFIX CACHING ###
  Prefix Hits: 94
  Prefix Misses: 503
  System Prompt Reuse: 94
  Bytes Saved: 0.07GiB

### MULTI-TURN CONVERSATIONS ###
  Multi-turn Cache Hits: 90
  Multi-turn Cache Misses: 911
  Multi-turn Hit Rate: 9.0%

### QOS LATENCY METRICS (Informational - includes simulated generation) ###

  INTERACTIVE:
    Requests: 440
    Latency P95: 436589.54 ms
    Latency P99: 443686.57 ms
    SLA Met: [X] (compliance: 0.0%)

  RESPONSIVE:
    Requests: 77
    Latency P95: 239234.50 ms
    Latency P99: 348850.33 ms
    SLA Met: [X] (compliance: 0.0%)

  BATCH:
    Requests: 68
    Latency P95: 205016.36 ms
    Latency P99: 344446.80 ms
    SLA Met: [X] (compliance: 0.0%)

================================================================================
NOTES:
  - Pure storage I/O benchmark (no generation simulation)
================================================================================

Integrated Multi-User KV Cache Benchmark - MLPerf Edition
Model: Llama 3.1 8B
GPU Memory: 0 GB
Users: 200
Duration: 300s
Seed: 186
Generation Mode: none (0.0ms/token)
Features:
  - Phase-Aware Processing: Enabled
  - Multi-turn Conversations: Enabled
  - Prefix Caching: Enabled
  - RAG Workload: Disabled
  - Autoscaling: Disabled
  - QoS Support: Enabled (Interactive/Responsive/Batch)
  - Trace-Driven (BurstGPT): Disabled
  - ShareGPT Dataset: Disabled
  - Max Concurrent Allocations: 16 (bounds RAM usage)
================================================================================

User Context Length Distribution:
  Min: 563 tokens (70.38MiB)
  Max: 24632 tokens (3079.00MiB)
  Mean: 9509 tokens (1188.64MiB)

QoS Distribution:
  interactive: 38 users
  responsive: 65 users
  batch: 97 users

### MEMORY SAFETY CHECK ###
  Formula: peak = (workers x 2 x mean_entry_bytes) + baseline
         = (200 x 2 x 1000MiB) + 2.5GiB
         = 393.1GiB
  Available RAM: 991.4GiB
  Mean entry size: 1000MiB  (8000 tok x 131,072 B/tok)
  Peak per thread: 2000MiB  (np.load + np.array copy)
  Worker threads: 200
  Safe concurrent readers: ~506  = (available - baseline) / peak_per_thread
  Status: OK

Starting benchmark... Mode: standard (prefill+decode)
--------------------------------------------------------------------------------

================================================================================
BENCHMARK RESULTS - MLPerf KV Cache Storage Benchmark
Generation Mode: none (0.0ms/token)
================================================================================

IMPORTANT: All storage latencies below are measured per KV cache BLOCK,
not per token or per disk page.  Each block holds the full KV state for
one request (all layers, all heads, full sequence length).
  Model KV bytes/token: 131,072 bytes (128.0KiB)
  Entries in cache: 621
  Block size min:   22.6MiB
  Block size mean:  562.4MiB
  Block size P95:   1770.1MiB
  Block size max:   2926.6MiB
  A 200MiB block at 1GiB/s NVMe read = ~200 ms device latency.
  Compare latencies against block sizes, not against 4KiB page I/O.


### OVERALL PERFORMANCE ###
Requests Completed: 604
Total Tokens Generated: 87142
Throughput (wall-clock): 290.45 tokens/sec
Throughput (storage I/O): 4.71 tokens/sec
Requests/sec: 2.01

### END-TO-END LATENCY (Queue Wait + Storage I/O + Generation) ###
  Mean: 202339.51 ms
  P50:  199621.54 ms
  P95:  402358.17 ms
  P99:  430857.99 ms

### PER-REQUEST STORAGE LATENCY (All I/O ops for one request) ###
  Mean: 30606.51 ms
  P50:  20344.30 ms
  P95:  96240.58 ms
  P99:  140182.14 ms
  (= 1 prefill write + N decode reads per request)

### STORAGE PERFORMANCE ###
  Cache Hit Rate: 68.7%
  Total Read: 1728.07GiB
  Total Write: 341.05GiB
  Read/Write Ratio: 5.07
  Storage KV Read Operations/sec: 12.02
  Storage KV Write Operations/sec: 2.07

### CACHE TIER DISTRIBUTION ###
  GPU Entries: 0 (0.00GiB)
  CPU Entries: 0 (0.00GiB)
  Storage Entries: 621

### TIER-SPECIFIC KV BYTES ###
  Storage KV Bytes Written: 341.05GiB
  Storage KV Bytes Read: 1728.07GiB

### STORAGE KV BANDWIDTH ###
  Storage KV Read Bandwidth: 5.76GiB/s
  Storage KV Write Bandwidth: 1.14GiB/s

### TIER-SPECIFIC LATENCIES (Total = Host + Device) ###
  Storage Read P95 (Total): 16415.91 ms
  Storage Write P95 (Total): 7554.22 ms

### STORAGE TIER LATENCY BREAKDOWN (Device = Disk I/O, Host = Serialization) ###
  Storage Read:
    - Device P95 (Disk I/O): 13724.23 ms
    - Host P95 (Serialization): 5396.92 ms
    - Total P95: 16415.91 ms
  Storage Write:
    - Device P95 (Disk I/O): 1540.87 ms
    - Host P95 (Serialization): 6389.03 ms
    - Total P95: 7554.22 ms

### CACHE TYPE BREAKDOWNS ###
  System Prompt Hits: 579
  Common Phrase Hits: 0
  User Cache Hits: 2537
  Multi-turn Hits: 491

### PREFIX CACHING ###
  Prefix Hits: 119
  Prefix Misses: 507
  System Prompt Reuse: 119
  Bytes Saved: 0.10GiB

### MULTI-TURN CONVERSATIONS ###
  Multi-turn Cache Hits: 486
  Multi-turn Cache Misses: 1528
  Multi-turn Hit Rate: 24.1%

### QOS LATENCY METRICS (Informational - includes simulated generation) ###

  INTERACTIVE:
    Requests: 462
    Latency P95: 413259.30 ms
    Latency P99: 441254.19 ms
    SLA Met: [X] (compliance: 0.0%)

  RESPONSIVE:
    Requests: 69
    Latency P95: 176635.20 ms
    Latency P99: 213331.23 ms
    SLA Met: [X] (compliance: 0.0%)

  BATCH:
    Requests: 73
    Latency P95: 175095.96 ms
    Latency P99: 265955.39 ms
    SLA Met: [X] (compliance: 0.0%)

================================================================================
NOTES:
  - Pure storage I/O benchmark (no generation simulation)
================================================================================

Integrated Multi-User KV Cache Benchmark - MLPerf Edition
Model: Llama 3.1 8B
GPU Memory: 0 GB
Users: 200
Duration: 300s
Seed: 116
Generation Mode: none (0.0ms/token)
Features:
  - Phase-Aware Processing: Enabled
  - Multi-turn Conversations: Enabled
  - Prefix Caching: Enabled
  - RAG Workload: Disabled
  - Autoscaling: Disabled
  - QoS Support: Enabled (Interactive/Responsive/Batch)
  - Trace-Driven (BurstGPT): Disabled
  - ShareGPT Dataset: Disabled
  - Max Concurrent Allocations: 16 (bounds RAM usage)
================================================================================

User Context Length Distribution:
  Min: 522 tokens (65.25MiB)
  Max: 24856 tokens (3107.00MiB)
  Mean: 9161 tokens (1145.07MiB)

QoS Distribution:
  interactive: 34 users
  responsive: 74 users
  batch: 92 users

### MEMORY SAFETY CHECK ###
  Formula: peak = (workers x 2 x mean_entry_bytes) + baseline
         = (200 x 2 x 1000MiB) + 2.5GiB
         = 393.1GiB
  Available RAM: 990.2GiB
  Mean entry size: 1000MiB  (8000 tok x 131,072 B/tok)
  Peak per thread: 2000MiB  (np.load + np.array copy)
  Worker threads: 200
  Safe concurrent readers: ~505  = (available - baseline) / peak_per_thread
  Status: OK

Starting benchmark... Mode: standard (prefill+decode)
--------------------------------------------------------------------------------

================================================================================
BENCHMARK RESULTS - MLPerf KV Cache Storage Benchmark
Generation Mode: none (0.0ms/token)
================================================================================

IMPORTANT: All storage latencies below are measured per KV cache BLOCK,
not per token or per disk page.  Each block holds the full KV state for
one request (all layers, all heads, full sequence length).
  Model KV bytes/token: 131,072 bytes (128.0KiB)
  Entries in cache: 624
  Block size min:   21.9MiB
  Block size mean:  550.5MiB
  Block size P95:   1768.3MiB
  Block size max:   2634.2MiB
  A 200MiB block at 1GiB/s NVMe read = ~200 ms device latency.
  Compare latencies against block sizes, not against 4KiB page I/O.


### OVERALL PERFORMANCE ###
Requests Completed: 608
Total Tokens Generated: 86650
Throughput (wall-clock): 281.92 tokens/sec
Throughput (storage I/O): 5.04 tokens/sec
Requests/sec: 1.98

### END-TO-END LATENCY (Queue Wait + Storage I/O + Generation) ###
  Mean: 205063.05 ms
  P50:  181390.31 ms
  P95:  422892.86 ms
  P99:  430611.31 ms

### PER-REQUEST STORAGE LATENCY (All I/O ops for one request) ###
  Mean: 28261.89 ms
  P50:  18596.27 ms
  P95:  85657.75 ms
  P99:  140893.60 ms
  (= 1 prefill write + N decode reads per request)

### STORAGE PERFORMANCE ###
  Cache Hit Rate: 86.6%
  Total Read: 1457.33GiB
  Total Write: 335.45GiB
  Read/Write Ratio: 4.34
  Storage KV Read Operations/sec: 10.65
  Storage KV Write Operations/sec: 2.08

### CACHE TIER DISTRIBUTION ###
  GPU Entries: 0 (0.00GiB)
  CPU Entries: 0 (0.00GiB)
  Storage Entries: 624

### TIER-SPECIFIC KV BYTES ###
  Storage KV Bytes Written: 335.45GiB
  Storage KV Bytes Read: 1457.33GiB

### STORAGE KV BANDWIDTH ###
  Storage KV Read Bandwidth: 4.74GiB/s
  Storage KV Write Bandwidth: 1.09GiB/s

### TIER-SPECIFIC LATENCIES (Total = Host + Device) ###
  Storage Read P95 (Total): 15378.11 ms
  Storage Write P95 (Total): 10995.81 ms

### STORAGE TIER LATENCY BREAKDOWN (Device = Disk I/O, Host = Serialization) ###
  Storage Read:
    - Device P95 (Disk I/O): 13931.47 ms
    - Host P95 (Serialization): 6265.70 ms
    - Total P95: 15378.11 ms
  Storage Write:
    - Device P95 (Disk I/O): 916.95 ms
    - Host P95 (Serialization): 10630.02 ms
    - Total P95: 10995.81 ms

### CACHE TYPE BREAKDOWNS ###
  System Prompt Hits: 585
  Common Phrase Hits: 0
  User Cache Hits: 2578
  Multi-turn Hits: 32

### PREFIX CACHING ###
  Prefix Hits: 128
  Prefix Misses: 496
  System Prompt Reuse: 128
  Bytes Saved: 0.11GiB

### MULTI-TURN CONVERSATIONS ###
  Multi-turn Cache Hits: 32
  Multi-turn Cache Misses: 366
  Multi-turn Hit Rate: 8.0%

### QOS LATENCY METRICS (Informational - includes simulated generation) ###

  INTERACTIVE:
    Requests: 448
    Latency P95: 424619.79 ms
    Latency P99: 431680.07 ms
    SLA Met: [X] (compliance: 0.0%)

  RESPONSIVE:
    Requests: 80
    Latency P95: 200599.30 ms
    Latency P99: 378213.59 ms
    SLA Met: [X] (compliance: 0.0%)

  BATCH:
    Requests: 80
    Latency P95: 179423.75 ms
    Latency P99: 251389.77 ms
    SLA Met: [X] (compliance: 0.0%)

================================================================================
NOTES:
  - Pure storage I/O benchmark (no generation simulation)
================================================================================

Integrated Multi-User KV Cache Benchmark - MLPerf Edition
Model: Llama 3.1 8B
GPU Memory: 0 GB
Users: 200
Duration: 300s
Seed: 69
Generation Mode: none (0.0ms/token)
Features:
  - Phase-Aware Processing: Enabled
  - Multi-turn Conversations: Enabled
  - Prefix Caching: Enabled
  - RAG Workload: Disabled
  - Autoscaling: Disabled
  - QoS Support: Enabled (Interactive/Responsive/Batch)
  - Trace-Driven (BurstGPT): Disabled
  - ShareGPT Dataset: Disabled
  - Max Concurrent Allocations: 16 (bounds RAM usage)
================================================================================

User Context Length Distribution:
  Min: 829 tokens (103.62MiB)
  Max: 24982 tokens (3122.75MiB)
  Mean: 9167 tokens (1145.82MiB)

QoS Distribution:
  interactive: 26 users
  responsive: 73 users
  batch: 101 users

### MEMORY SAFETY CHECK ###
  Formula: peak = (workers x 2 x mean_entry_bytes) + baseline
         = (200 x 2 x 1000MiB) + 2.5GiB
         = 393.1GiB
  Available RAM: 989.3GiB
  Mean entry size: 1000MiB  (8000 tok x 131,072 B/tok)
  Peak per thread: 2000MiB  (np.load + np.array copy)
  Worker threads: 200
  Safe concurrent readers: ~505  = (available - baseline) / peak_per_thread
  Status: OK

Starting benchmark... Mode: standard (prefill+decode)
--------------------------------------------------------------------------------

================================================================================
BENCHMARK RESULTS - MLPerf KV Cache Storage Benchmark
Generation Mode: none (0.0ms/token)
================================================================================

IMPORTANT: All storage latencies below are measured per KV cache BLOCK,
not per token or per disk page.  Each block holds the full KV state for
one request (all layers, all heads, full sequence length).
  Model KV bytes/token: 131,072 bytes (128.0KiB)
  Entries in cache: 567
  Block size min:   29.1MiB
  Block size mean:  575.6MiB
  Block size P95:   1676.2MiB
  Block size max:   2802.9MiB
  A 200MiB block at 1GiB/s NVMe read = ~200 ms device latency.
  Compare latencies against block sizes, not against 4KiB page I/O.


### OVERALL PERFORMANCE ###
Requests Completed: 552
Total Tokens Generated: 96050
Throughput (wall-clock): 319.06 tokens/sec
Throughput (storage I/O): 5.47 tokens/sec
Requests/sec: 1.83

### END-TO-END LATENCY (Queue Wait + Storage I/O + Generation) ###
  Mean: 201847.62 ms
  P50:  172078.39 ms
  P95:  420466.46 ms
  P99:  433122.62 ms

### PER-REQUEST STORAGE LATENCY (All I/O ops for one request) ###
  Mean: 31832.85 ms
  P50:  18328.39 ms
  P95:  103908.25 ms
  P99:  174976.67 ms
  (= 1 prefill write + N decode reads per request)

### STORAGE PERFORMANCE ###
  Cache Hit Rate: 81.7%
  Total Read: 1589.42GiB
  Total Write: 318.71GiB
  Read/Write Ratio: 4.99
  Storage KV Read Operations/sec: 10.93
  Storage KV Write Operations/sec: 1.89

### CACHE TIER DISTRIBUTION ###
  GPU Entries: 0 (0.00GiB)
  CPU Entries: 0 (0.00GiB)
  Storage Entries: 567

### TIER-SPECIFIC KV BYTES ###
  Storage KV Bytes Written: 318.71GiB
  Storage KV Bytes Read: 1589.42GiB

### STORAGE KV BANDWIDTH ###
  Storage KV Read Bandwidth: 5.28GiB/s
  Storage KV Write Bandwidth: 1.06GiB/s

### TIER-SPECIFIC LATENCIES (Total = Host + Device) ###
  Storage Read P95 (Total): 17265.75 ms
  Storage Write P95 (Total): 10131.64 ms

### STORAGE TIER LATENCY BREAKDOWN (Device = Disk I/O, Host = Serialization) ###
  Storage Read:
    - Device P95 (Disk I/O): 14928.58 ms
    - Host P95 (Serialization): 6496.69 ms
    - Total P95: 17265.75 ms
  Storage Write:
    - Device P95 (Disk I/O): 1416.11 ms
    - Host P95 (Serialization): 9692.85 ms
    - Total P95: 10131.64 ms

### CACHE TYPE BREAKDOWNS ###
  System Prompt Hits: 756
  Common Phrase Hits: 0
  User Cache Hits: 2482
  Multi-turn Hits: 40

### PREFIX CACHING ###
  Prefix Hits: 126
  Prefix Misses: 441
  System Prompt Reuse: 126
  Bytes Saved: 0.10GiB

### MULTI-TURN CONVERSATIONS ###
  Multi-turn Cache Hits: 40
  Multi-turn Cache Misses: 607
  Multi-turn Hit Rate: 6.2%

### QOS LATENCY METRICS (Informational - includes simulated generation) ###

  INTERACTIVE:
    Requests: 391
    Latency P95: 422438.99 ms
    Latency P99: 437192.91 ms
    SLA Met: [X] (compliance: 0.0%)

  RESPONSIVE:
    Requests: 105
    Latency P95: 221863.76 ms
    Latency P99: 369137.90 ms
    SLA Met: [X] (compliance: 0.0%)

  BATCH:
    Requests: 56
    Latency P95: 183299.86 ms
    Latency P99: 201015.76 ms
    SLA Met: [X] (compliance: 0.0%)

================================================================================
NOTES:
  - Pure storage I/O benchmark (no generation simulation)
================================================================================

Integrated Multi-User KV Cache Benchmark - MLPerf Edition
Model: Llama 3.1 8B
GPU Memory: 0 GB
Users: 200
Duration: 300s
Seed: 226
Generation Mode: none (0.0ms/token)
Features:
  - Phase-Aware Processing: Enabled
  - Multi-turn Conversations: Enabled
  - Prefix Caching: Enabled
  - RAG Workload: Disabled
  - Autoscaling: Disabled
  - QoS Support: Enabled (Interactive/Responsive/Batch)
  - Trace-Driven (BurstGPT): Disabled
  - ShareGPT Dataset: Disabled
  - Max Concurrent Allocations: 16 (bounds RAM usage)
================================================================================

User Context Length Distribution:
  Min: 543 tokens (67.88MiB)
  Max: 24758 tokens (3094.75MiB)
  Mean: 8374 tokens (1046.69MiB)

QoS Distribution:
  interactive: 34 users
  responsive: 62 users
  batch: 104 users

### MEMORY SAFETY CHECK ###
  Formula: peak = (workers x 2 x mean_entry_bytes) + baseline
         = (200 x 2 x 1000MiB) + 2.5GiB
         = 393.1GiB
  Available RAM: 991.1GiB
  Mean entry size: 1000MiB  (8000 tok x 131,072 B/tok)
  Peak per thread: 2000MiB  (np.load + np.array copy)
  Worker threads: 200
  Safe concurrent readers: ~506  = (available - baseline) / peak_per_thread
  Status: OK

Starting benchmark... Mode: standard (prefill+decode)
--------------------------------------------------------------------------------

================================================================================
BENCHMARK RESULTS - MLPerf KV Cache Storage Benchmark
Generation Mode: none (0.0ms/token)
================================================================================

IMPORTANT: All storage latencies below are measured per KV cache BLOCK,
not per token or per disk page.  Each block holds the full KV state for
one request (all layers, all heads, full sequence length).
  Model KV bytes/token: 131,072 bytes (128.0KiB)
  Entries in cache: 626
  Block size min:   24.2MiB
  Block size mean:  575.1MiB
  Block size P95:   1769.2MiB
  Block size max:   2890.4MiB
  A 200MiB block at 1GiB/s NVMe read = ~200 ms device latency.
  Compare latencies against block sizes, not against 4KiB page I/O.


### OVERALL PERFORMANCE ###
Requests Completed: 603
Total Tokens Generated: 101030
Throughput (wall-clock): 335.46 tokens/sec
Throughput (storage I/O): 5.14 tokens/sec
Requests/sec: 2.00

### END-TO-END LATENCY (Queue Wait + Storage I/O + Generation) ###
  Mean: 198862.49 ms
  P50:  183483.76 ms
  P95:  411638.63 ms
  P99:  431832.82 ms

### PER-REQUEST STORAGE LATENCY (All I/O ops for one request) ###
  Mean: 32601.37 ms
  P50:  20302.05 ms
  P95:  100375.33 ms
  P99:  152705.93 ms
  (= 1 prefill write + N decode reads per request)

### STORAGE PERFORMANCE ###
  Cache Hit Rate: 71.0%
  Total Read: 1864.76GiB
  Total Write: 351.58GiB
  Read/Write Ratio: 5.30
  Storage KV Read Operations/sec: 12.80
  Storage KV Write Operations/sec: 2.09

### CACHE TIER DISTRIBUTION ###
  GPU Entries: 0 (0.00GiB)
  CPU Entries: 0 (0.00GiB)
  Storage Entries: 626

### TIER-SPECIFIC KV BYTES ###
  Storage KV Bytes Written: 351.58GiB
  Storage KV Bytes Read: 1864.76GiB

### STORAGE KV BANDWIDTH ###
  Storage KV Read Bandwidth: 6.19GiB/s
  Storage KV Write Bandwidth: 1.17GiB/s

### TIER-SPECIFIC LATENCIES (Total = Host + Device) ###
  Storage Read P95 (Total): 15407.99 ms
  Storage Write P95 (Total): 9284.49 ms

### STORAGE TIER LATENCY BREAKDOWN (Device = Disk I/O, Host = Serialization) ###
  Storage Read:
    - Device P95 (Disk I/O): 13393.61 ms
    - Host P95 (Serialization): 4906.40 ms
    - Total P95: 15407.99 ms
  Storage Write:
    - Device P95 (Disk I/O): 1194.39 ms
    - Host P95 (Serialization): 9067.50 ms
    - Total P95: 9284.49 ms

### CACHE TYPE BREAKDOWNS ###
  System Prompt Hits: 707
  Common Phrase Hits: 0
  User Cache Hits: 2853
  Multi-turn Hits: 279

### PREFIX CACHING ###
  Prefix Hits: 121
  Prefix Misses: 506
  System Prompt Reuse: 121
  Bytes Saved: 0.10GiB

### MULTI-TURN CONVERSATIONS ###
  Multi-turn Cache Hits: 278
  Multi-turn Cache Misses: 1447
  Multi-turn Hit Rate: 16.1%

### QOS LATENCY METRICS (Informational - includes simulated generation) ###

  INTERACTIVE:
    Requests: 439
    Latency P95: 414014.97 ms
    Latency P99: 442084.05 ms
    SLA Met: [X] (compliance: 0.0%)

  RESPONSIVE:
    Requests: 67
    Latency P95: 165927.44 ms
    Latency P99: 195089.41 ms
    SLA Met: [X] (compliance: 0.0%)

  BATCH:
    Requests: 97
    Latency P95: 146031.51 ms
    Latency P99: 224590.68 ms
    SLA Met: [X] (compliance: 0.0%)

================================================================================
NOTES:
  - Pure storage I/O benchmark (no generation simulation)
================================================================================

Integrated Multi-User KV Cache Benchmark - MLPerf Edition
Model: Llama 3.1 8B
GPU Memory: 0 GB
Users: 200
Duration: 300s
Seed: 82
Generation Mode: none (0.0ms/token)
Features:
  - Phase-Aware Processing: Enabled
  - Multi-turn Conversations: Enabled
  - Prefix Caching: Enabled
  - RAG Workload: Disabled
  - Autoscaling: Disabled
  - QoS Support: Enabled (Interactive/Responsive/Batch)
  - Trace-Driven (BurstGPT): Disabled
  - ShareGPT Dataset: Disabled
  - Max Concurrent Allocations: 16 (bounds RAM usage)
================================================================================

User Context Length Distribution:
  Min: 533 tokens (66.62MiB)
  Max: 24943 tokens (3117.88MiB)
  Mean: 8719 tokens (1089.84MiB)

QoS Distribution:
  interactive: 32 users
  responsive: 72 users
  batch: 96 users

### MEMORY SAFETY CHECK ###
  Formula: peak = (workers x 2 x mean_entry_bytes) + baseline
         = (200 x 2 x 1000MiB) + 2.5GiB
         = 393.1GiB
  Available RAM: 990.6GiB
  Mean entry size: 1000MiB  (8000 tok x 131,072 B/tok)
  Peak per thread: 2000MiB  (np.load + np.array copy)
  Worker threads: 200
  Safe concurrent readers: ~505  = (available - baseline) / peak_per_thread
  Status: OK

Starting benchmark... Mode: standard (prefill+decode)
--------------------------------------------------------------------------------

================================================================================
BENCHMARK RESULTS - MLPerf KV Cache Storage Benchmark
Generation Mode: none (0.0ms/token)
================================================================================

IMPORTANT: All storage latencies below are measured per KV cache BLOCK,
not per token or per disk page.  Each block holds the full KV state for
one request (all layers, all heads, full sequence length).
  Model KV bytes/token: 131,072 bytes (128.0KiB)
  Entries in cache: 642
  Block size min:   18.4MiB
  Block size mean:  528.4MiB
  Block size P95:   1605.7MiB
  Block size max:   3004.5MiB
  A 200MiB block at 1GiB/s NVMe read = ~200 ms device latency.
  Compare latencies against block sizes, not against 4KiB page I/O.


### OVERALL PERFORMANCE ###
Requests Completed: 627
Total Tokens Generated: 88423
Throughput (wall-clock): 289.84 tokens/sec
Throughput (storage I/O): 5.07 tokens/sec
Requests/sec: 2.06

### END-TO-END LATENCY (Queue Wait + Storage I/O + Generation) ###
  Mean: 205599.42 ms
  P50:  198143.43 ms
  P95:  415289.62 ms
  P99:  431860.28 ms

### PER-REQUEST STORAGE LATENCY (All I/O ops for one request) ###
  Mean: 27839.82 ms
  P50:  19270.11 ms
  P95:  88224.06 ms
  P99:  123680.98 ms
  (= 1 prefill write + N decode reads per request)

### STORAGE PERFORMANCE ###
  Cache Hit Rate: 71.7%
  Total Read: 1558.11GiB
  Total Write: 331.26GiB
  Read/Write Ratio: 4.70
  Storage KV Read Operations/sec: 11.41
  Storage KV Write Operations/sec: 2.14

### CACHE TIER DISTRIBUTION ###
  GPU Entries: 0 (0.00GiB)
  CPU Entries: 0 (0.00GiB)
  Storage Entries: 642

### TIER-SPECIFIC KV BYTES ###
  Storage KV Bytes Written: 331.26GiB
  Storage KV Bytes Read: 1558.11GiB

### STORAGE KV BANDWIDTH ###
  Storage KV Read Bandwidth: 5.11GiB/s
  Storage KV Write Bandwidth: 1.09GiB/s

### TIER-SPECIFIC LATENCIES (Total = Host + Device) ###
  Storage Read P95 (Total): 14859.69 ms
  Storage Write P95 (Total): 9460.69 ms

### STORAGE TIER LATENCY BREAKDOWN (Device = Disk I/O, Host = Serialization) ###
  Storage Read:
    - Device P95 (Disk I/O): 13162.72 ms
    - Host P95 (Serialization): 6010.98 ms
    - Total P95: 14859.69 ms
  Storage Write:
    - Device P95 (Disk I/O): 1144.26 ms
    - Host P95 (Serialization): 8400.38 ms
    - Total P95: 9460.69 ms

### CACHE TYPE BREAKDOWNS ###
  System Prompt Hits: 558
  Common Phrase Hits: 0
  User Cache Hits: 2658
  Multi-turn Hits: 207

### PREFIX CACHING ###
  Prefix Hits: 108
  Prefix Misses: 535
  System Prompt Reuse: 108
  Bytes Saved: 0.09GiB

### MULTI-TURN CONVERSATIONS ###
  Multi-turn Cache Hits: 207
  Multi-turn Cache Misses: 1240
  Multi-turn Hit Rate: 14.3%

### QOS LATENCY METRICS (Informational - includes simulated generation) ###

  INTERACTIVE:
    Requests: 464
    Latency P95: 418585.20 ms
    Latency P99: 440480.60 ms
    SLA Met: [X] (compliance: 0.0%)

  RESPONSIVE:
    Requests: 73
    Latency P95: 143759.63 ms
    Latency P99: 186918.59 ms
    SLA Met: [X] (compliance: 0.0%)

  BATCH:
    Requests: 90
    Latency P95: 194877.62 ms
    Latency P99: 232735.83 ms
    SLA Met: [X] (compliance: 0.0%)

================================================================================
NOTES:
  - Pure storage I/O benchmark (no generation simulation)
================================================================================

Integrated Multi-User KV Cache Benchmark - MLPerf Edition
Model: Llama 3.1 8B
GPU Memory: 0 GB
Users: 200
Duration: 300s
Seed: 125
Generation Mode: none (0.0ms/token)
Features:
  - Phase-Aware Processing: Enabled
  - Multi-turn Conversations: Enabled
  - Prefix Caching: Enabled
  - RAG Workload: Disabled
  - Autoscaling: Disabled
  - QoS Support: Enabled (Interactive/Responsive/Batch)
  - Trace-Driven (BurstGPT): Disabled
  - ShareGPT Dataset: Disabled
  - Max Concurrent Allocations: 16 (bounds RAM usage)
================================================================================

User Context Length Distribution:
  Min: 521 tokens (65.12MiB)
  Max: 24078 tokens (3009.75MiB)
  Mean: 8185 tokens (1023.13MiB)

QoS Distribution:
  interactive: 35 users
  responsive: 72 users
  batch: 93 users

### MEMORY SAFETY CHECK ###
  Formula: peak = (workers x 2 x mean_entry_bytes) + baseline
         = (200 x 2 x 1000MiB) + 2.5GiB
         = 393.1GiB
  Available RAM: 991.2GiB
  Mean entry size: 1000MiB  (8000 tok x 131,072 B/tok)
  Peak per thread: 2000MiB  (np.load + np.array copy)
  Worker threads: 200
  Safe concurrent readers: ~506  = (available - baseline) / peak_per_thread
  Status: OK

Starting benchmark... Mode: standard (prefill+decode)
--------------------------------------------------------------------------------

================================================================================
BENCHMARK RESULTS - MLPerf KV Cache Storage Benchmark
Generation Mode: none (0.0ms/token)
================================================================================

IMPORTANT: All storage latencies below are measured per KV cache BLOCK,
not per token or per disk page.  Each block holds the full KV state for
one request (all layers, all heads, full sequence length).
  Model KV bytes/token: 131,072 bytes (128.0KiB)
  Entries in cache: 649
  Block size min:   23.5MiB
  Block size mean:  516.5MiB
  Block size P95:   1762.6MiB
  Block size max:   2817.4MiB
  A 200MiB block at 1GiB/s NVMe read = ~200 ms device latency.
  Compare latencies against block sizes, not against 4KiB page I/O.


### OVERALL PERFORMANCE ###
Requests Completed: 638
Total Tokens Generated: 83931
Throughput (wall-clock): 272.67 tokens/sec
Throughput (storage I/O): 5.31 tokens/sec
Requests/sec: 2.07

### END-TO-END LATENCY (Queue Wait + Storage I/O + Generation) ###
  Mean: 206139.58 ms
  P50:  190860.93 ms
  P95:  431098.35 ms
  P99:  441505.53 ms

### PER-REQUEST STORAGE LATENCY (All I/O ops for one request) ###
  Mean: 24752.10 ms
  P50:  16971.29 ms
  P95:  74232.72 ms
  P99:  120737.59 ms
  (= 1 prefill write + N decode reads per request)

### STORAGE PERFORMANCE ###
  Cache Hit Rate: 66.7%
  Total Read: 1361.60GiB
  Total Write: 327.37GiB
  Read/Write Ratio: 4.16
  Storage KV Read Operations/sec: 10.57
  Storage KV Write Operations/sec: 2.16

### CACHE TIER DISTRIBUTION ###
  GPU Entries: 0 (0.00GiB)
  CPU Entries: 0 (0.00GiB)
  Storage Entries: 649

### TIER-SPECIFIC KV BYTES ###
  Storage KV Bytes Written: 327.37GiB
  Storage KV Bytes Read: 1361.60GiB

### STORAGE KV BANDWIDTH ###
  Storage KV Read Bandwidth: 4.42GiB/s
  Storage KV Write Bandwidth: 1.06GiB/s

### TIER-SPECIFIC LATENCIES (Total = Host + Device) ###
  Storage Read P95 (Total): 15666.00 ms
  Storage Write P95 (Total): 7697.76 ms

### STORAGE TIER LATENCY BREAKDOWN (Device = Disk I/O, Host = Serialization) ###
  Storage Read:
    - Device P95 (Disk I/O): 12674.66 ms
    - Host P95 (Serialization): 3873.49 ms
    - Total P95: 15666.00 ms
  Storage Write:
    - Device P95 (Disk I/O): 1154.56 ms
    - Host P95 (Serialization): 7364.88 ms
    - Total P95: 7697.76 ms

### CACHE TYPE BREAKDOWNS ###
  System Prompt Hits: 622
  Common Phrase Hits: 0
  User Cache Hits: 2376
  Multi-turn Hits: 173

### PREFIX CACHING ###
  Prefix Hits: 141
  Prefix Misses: 509
  System Prompt Reuse: 141
  Bytes Saved: 0.12GiB

### MULTI-TURN CONVERSATIONS ###
  Multi-turn Cache Hits: 173
  Multi-turn Cache Misses: 1442
  Multi-turn Hit Rate: 10.7%

### QOS LATENCY METRICS (Informational - includes simulated generation) ###

  INTERACTIVE:
    Requests: 478
    Latency P95: 431647.78 ms
    Latency P99: 444601.15 ms
    SLA Met: [X] (compliance: 0.0%)

  RESPONSIVE:
    Requests: 74
    Latency P95: 147205.00 ms
    Latency P99: 197855.76 ms
    SLA Met: [X] (compliance: 0.0%)

  BATCH:
    Requests: 86
    Latency P95: 139774.61 ms
    Latency P99: 217157.88 ms
    SLA Met: [X] (compliance: 0.0%)

================================================================================
NOTES:
  - Pure storage I/O benchmark (no generation simulation)
================================================================================

Integrated Multi-User KV Cache Benchmark - MLPerf Edition
Model: Llama 3.1 8B
GPU Memory: 0 GB
Users: 200
Duration: 300s
Seed: 161
Generation Mode: none (0.0ms/token)
Features:
  - Phase-Aware Processing: Enabled
  - Multi-turn Conversations: Enabled
  - Prefix Caching: Enabled
  - RAG Workload: Disabled
  - Autoscaling: Disabled
  - QoS Support: Enabled (Interactive/Responsive/Batch)
  - Trace-Driven (BurstGPT): Disabled
  - ShareGPT Dataset: Disabled
  - Max Concurrent Allocations: 16 (bounds RAM usage)
================================================================================

User Context Length Distribution:
  Min: 557 tokens (69.62MiB)
  Max: 24846 tokens (3105.75MiB)
  Mean: 8929 tokens (1116.11MiB)

QoS Distribution:
  interactive: 27 users
  responsive: 68 users
  batch: 105 users

### MEMORY SAFETY CHECK ###
  Formula: peak = (workers x 2 x mean_entry_bytes) + baseline
         = (200 x 2 x 1000MiB) + 2.5GiB
         = 393.1GiB
  Available RAM: 991.1GiB
  Mean entry size: 1000MiB  (8000 tok x 131,072 B/tok)
  Peak per thread: 2000MiB  (np.load + np.array copy)
  Worker threads: 200
  Safe concurrent readers: ~506  = (available - baseline) / peak_per_thread
  Status: OK

Starting benchmark... Mode: standard (prefill+decode)
--------------------------------------------------------------------------------

================================================================================
BENCHMARK RESULTS - MLPerf KV Cache Storage Benchmark
Generation Mode: none (0.0ms/token)
================================================================================

IMPORTANT: All storage latencies below are measured per KV cache BLOCK,
not per token or per disk page.  Each block holds the full KV state for
one request (all layers, all heads, full sequence length).
  Model KV bytes/token: 131,072 bytes (128.0KiB)
  Entries in cache: 580
  Block size min:   22.9MiB
  Block size mean:  732.8MiB
  Block size P95:   2033.9MiB
  Block size max:   2927.1MiB
  A 200MiB block at 1GiB/s NVMe read = ~200 ms device latency.
  Compare latencies against block sizes, not against 4KiB page I/O.


### OVERALL PERFORMANCE ###
Requests Completed: 562
Total Tokens Generated: 103305
Throughput (wall-clock): 336.59 tokens/sec
Throughput (storage I/O): 5.27 tokens/sec
Requests/sec: 1.83

### END-TO-END LATENCY (Queue Wait + Storage I/O + Generation) ###
  Mean: 207106.44 ms
  P50:  184945.16 ms
  P95:  419925.53 ms
  P99:  428674.41 ms

### PER-REQUEST STORAGE LATENCY (All I/O ops for one request) ###
  Mean: 34852.97 ms
  P50:  20050.76 ms
  P95:  104300.48 ms
  P99:  162638.02 ms
  (= 1 prefill write + N decode reads per request)

### STORAGE PERFORMANCE ###
  Cache Hit Rate: 73.2%
  Total Read: 1807.46GiB
  Total Write: 415.08GiB
  Read/Write Ratio: 4.35
  Storage KV Read Operations/sec: 10.72
  Storage KV Write Operations/sec: 1.93

### CACHE TIER DISTRIBUTION ###
  GPU Entries: 0 (0.00GiB)
  CPU Entries: 0 (0.00GiB)
  Storage Entries: 580

### TIER-SPECIFIC KV BYTES ###
  Storage KV Bytes Written: 415.08GiB
  Storage KV Bytes Read: 1807.46GiB

### STORAGE KV BANDWIDTH ###
  Storage KV Read Bandwidth: 5.89GiB/s
  Storage KV Write Bandwidth: 1.35GiB/s

### TIER-SPECIFIC LATENCIES (Total = Host + Device) ###
  Storage Read P95 (Total): 17049.56 ms
  Storage Write P95 (Total): 9398.55 ms

### STORAGE TIER LATENCY BREAKDOWN (Device = Disk I/O, Host = Serialization) ###
  Storage Read:
    - Device P95 (Disk I/O): 14410.00 ms
    - Host P95 (Serialization): 7083.82 ms
    - Total P95: 17049.56 ms
  Storage Write:
    - Device P95 (Disk I/O): 2225.25 ms
    - Host P95 (Serialization): 8977.90 ms
    - Total P95: 9398.55 ms

### CACHE TYPE BREAKDOWNS ###
  System Prompt Hits: 655
  Common Phrase Hits: 0
  User Cache Hits: 2461
  Multi-turn Hits: 101

### PREFIX CACHING ###
  Prefix Hits: 142
  Prefix Misses: 438
  System Prompt Reuse: 142
  Bytes Saved: 0.11GiB

### MULTI-TURN CONVERSATIONS ###
  Multi-turn Cache Hits: 101
  Multi-turn Cache Misses: 1033
  Multi-turn Hit Rate: 8.9%

### QOS LATENCY METRICS (Informational - includes simulated generation) ###

  INTERACTIVE:
    Requests: 400
    Latency P95: 421682.11 ms
    Latency P99: 434532.60 ms
    SLA Met: [X] (compliance: 0.0%)

  RESPONSIVE:
    Requests: 65
    Latency P95: 162067.18 ms
    Latency P99: 288289.91 ms
    SLA Met: [X] (compliance: 0.0%)

  BATCH:
    Requests: 97
    Latency P95: 194401.50 ms
    Latency P99: 307297.29 ms
    SLA Met: [X] (compliance: 0.0%)

================================================================================
NOTES:
  - Pure storage I/O benchmark (no generation simulation)
================================================================================

Integrated Multi-User KV Cache Benchmark - MLPerf Edition
Model: Llama 3.1 8B
GPU Memory: 0 GB
Users: 200
Duration: 300s
Seed: 220
Generation Mode: none (0.0ms/token)
Features:
  - Phase-Aware Processing: Enabled
  - Multi-turn Conversations: Enabled
  - Prefix Caching: Enabled
  - RAG Workload: Disabled
  - Autoscaling: Disabled
  - QoS Support: Enabled (Interactive/Responsive/Batch)
  - Trace-Driven (BurstGPT): Disabled
  - ShareGPT Dataset: Disabled
  - Max Concurrent Allocations: 16 (bounds RAM usage)
================================================================================

User Context Length Distribution:
  Min: 539 tokens (67.38MiB)
  Max: 24502 tokens (3062.75MiB)
  Mean: 8864 tokens (1108.00MiB)

QoS Distribution:
  interactive: 27 users
  responsive: 75 users
  batch: 98 users

### MEMORY SAFETY CHECK ###
  Formula: peak = (workers x 2 x mean_entry_bytes) + baseline
         = (200 x 2 x 1000MiB) + 2.5GiB
         = 393.1GiB
  Available RAM: 990.2GiB
  Mean entry size: 1000MiB  (8000 tok x 131,072 B/tok)
  Peak per thread: 2000MiB  (np.load + np.array copy)
  Worker threads: 200
  Safe concurrent readers: ~505  = (available - baseline) / peak_per_thread
  Status: OK

Starting benchmark... Mode: standard (prefill+decode)
--------------------------------------------------------------------------------

================================================================================
BENCHMARK RESULTS - MLPerf KV Cache Storage Benchmark
Generation Mode: none (0.0ms/token)
================================================================================

IMPORTANT: All storage latencies below are measured per KV cache BLOCK,
not per token or per disk page.  Each block holds the full KV state for
one request (all layers, all heads, full sequence length).
  Model KV bytes/token: 131,072 bytes (128.0KiB)
  Entries in cache: 663
  Block size min:   18.5MiB
  Block size mean:  529.0MiB
  Block size P95:   1819.9MiB
  Block size max:   2576.5MiB
  A 200MiB block at 1GiB/s NVMe read = ~200 ms device latency.
  Compare latencies against block sizes, not against 4KiB page I/O.


### OVERALL PERFORMANCE ###
Requests Completed: 641
Total Tokens Generated: 93541
Throughput (wall-clock): 307.11 tokens/sec
Throughput (storage I/O): 5.38 tokens/sec
Requests/sec: 2.10

### END-TO-END LATENCY (Queue Wait + Storage I/O + Generation) ###
  Mean: 197321.54 ms
  P50:  188550.30 ms
  P95:  406352.23 ms
  P99:  424808.36 ms

### PER-REQUEST STORAGE LATENCY (All I/O ops for one request) ###
  Mean: 27106.83 ms
  P50:  17951.60 ms
  P95:  85861.31 ms
  P99:  124309.73 ms
  (= 1 prefill write + N decode reads per request)

### STORAGE PERFORMANCE ###
  Cache Hit Rate: 79.5%
  Total Read: 1567.89GiB
  Total Write: 342.48GiB
  Read/Write Ratio: 4.58
  Storage KV Read Operations/sec: 11.44
  Storage KV Write Operations/sec: 2.21

### CACHE TIER DISTRIBUTION ###
  GPU Entries: 0 (0.00GiB)
  CPU Entries: 0 (0.00GiB)
  Storage Entries: 663

### TIER-SPECIFIC KV BYTES ###
  Storage KV Bytes Written: 342.48GiB
  Storage KV Bytes Read: 1567.89GiB

### STORAGE KV BANDWIDTH ###
  Storage KV Read Bandwidth: 5.15GiB/s
  Storage KV Write Bandwidth: 1.12GiB/s

### TIER-SPECIFIC LATENCIES (Total = Host + Device) ###
  Storage Read P95 (Total): 15256.95 ms
  Storage Write P95 (Total): 8644.36 ms

### STORAGE TIER LATENCY BREAKDOWN (Device = Disk I/O, Host = Serialization) ###
  Storage Read:
    - Device P95 (Disk I/O): 13394.93 ms
    - Host P95 (Serialization): 4670.21 ms
    - Total P95: 15256.95 ms
  Storage Write:
    - Device P95 (Disk I/O): 1208.43 ms
    - Host P95 (Serialization): 8538.12 ms
    - Total P95: 8644.36 ms

### CACHE TYPE BREAKDOWNS ###
  System Prompt Hits: 684
  Common Phrase Hits: 0
  User Cache Hits: 2627
  Multi-turn Hits: 121

### PREFIX CACHING ###
  Prefix Hits: 137
  Prefix Misses: 527
  System Prompt Reuse: 137
  Bytes Saved: 0.11GiB

### MULTI-TURN CONVERSATIONS ###
  Multi-turn Cache Hits: 120
  Multi-turn Cache Misses: 749
  Multi-turn Hit Rate: 13.8%

### QOS LATENCY METRICS (Informational - includes simulated generation) ###

  INTERACTIVE:
    Requests: 478
    Latency P95: 410510.13 ms
    Latency P99: 427096.87 ms
    SLA Met: [X] (compliance: 0.0%)

  RESPONSIVE:
    Requests: 91
    Latency P95: 208747.12 ms
    Latency P99: 225506.07 ms
    SLA Met: [X] (compliance: 0.0%)

  BATCH:
    Requests: 72
    Latency P95: 176996.49 ms
    Latency P99: 192371.81 ms
    SLA Met: [X] (compliance: 0.0%)

================================================================================
NOTES:
  - Pure storage I/O benchmark (no generation simulation)
================================================================================

Integrated Multi-User KV Cache Benchmark - MLPerf Edition
Model: Llama 3.1 8B
GPU Memory: 0 GB
Users: 200
Duration: 300s
Seed: 42
Generation Mode: none (0.0ms/token)
Features:
  - Phase-Aware Processing: Enabled
  - Multi-turn Conversations: Enabled
  - Prefix Caching: Enabled
  - RAG Workload: Disabled
  - Autoscaling: Disabled
  - QoS Support: Enabled (Interactive/Responsive/Batch)
  - Trace-Driven (BurstGPT): Disabled
  - ShareGPT Dataset: Disabled
  - Max Concurrent Allocations: 16 (bounds RAM usage)
================================================================================

User Context Length Distribution:
  Min: 598 tokens (74.75MiB)
  Max: 24836 tokens (3104.50MiB)
  Mean: 9330 tokens (1166.27MiB)

QoS Distribution:
  interactive: 25 users
  responsive: 78 users
  batch: 97 users

### MEMORY SAFETY CHECK ###
  Formula: peak = (workers x 2 x mean_entry_bytes) + baseline
         = (200 x 2 x 1000MiB) + 2.5GiB
         = 393.1GiB
  Available RAM: 990.3GiB
  Mean entry size: 1000MiB  (8000 tok x 131,072 B/tok)
  Peak per thread: 2000MiB  (np.load + np.array copy)
  Worker threads: 200
  Safe concurrent readers: ~505  = (available - baseline) / peak_per_thread
  Status: OK

Starting benchmark... Mode: standard (prefill+decode)
--------------------------------------------------------------------------------

================================================================================
BENCHMARK RESULTS - MLPerf KV Cache Storage Benchmark
Generation Mode: none (0.0ms/token)
================================================================================

IMPORTANT: All storage latencies below are measured per KV cache BLOCK,
not per token or per disk page.  Each block holds the full KV state for
one request (all layers, all heads, full sequence length).
  Model KV bytes/token: 131,072 bytes (128.0KiB)
  Entries in cache: 598
  Block size min:   20.1MiB
  Block size mean:  663.3MiB
  Block size P95:   1899.6MiB
  Block size max:   2704.4MiB
  A 200MiB block at 1GiB/s NVMe read = ~200 ms device latency.
  Compare latencies against block sizes, not against 4KiB page I/O.


### OVERALL PERFORMANCE ###
Requests Completed: 579
Total Tokens Generated: 100330
Throughput (wall-clock): 333.37 tokens/sec
Throughput (storage I/O): 5.06 tokens/sec
Requests/sec: 1.92

### END-TO-END LATENCY (Queue Wait + Storage I/O + Generation) ###
  Mean: 215256.97 ms
  P50:  224383.97 ms
  P95:  416391.30 ms
  P99:  424125.63 ms

### PER-REQUEST STORAGE LATENCY (All I/O ops for one request) ###
  Mean: 34241.45 ms
  P50:  22141.62 ms
  P95:  103451.74 ms
  P99:  164910.30 ms
  (= 1 prefill write + N decode reads per request)

### STORAGE PERFORMANCE ###
  Cache Hit Rate: 88.3%
  Total Read: 1787.74GiB
  Total Write: 387.37GiB
  Read/Write Ratio: 4.62
  Storage KV Read Operations/sec: 11.47
  Storage KV Write Operations/sec: 1.99

### CACHE TIER DISTRIBUTION ###
  GPU Entries: 0 (0.00GiB)
  CPU Entries: 0 (0.00GiB)
  Storage Entries: 598

### TIER-SPECIFIC KV BYTES ###
  Storage KV Bytes Written: 387.37GiB
  Storage KV Bytes Read: 1787.74GiB

### STORAGE KV BANDWIDTH ###
  Storage KV Read Bandwidth: 5.94GiB/s
  Storage KV Write Bandwidth: 1.29GiB/s

### TIER-SPECIFIC LATENCIES (Total = Host + Device) ###
  Storage Read P95 (Total): 16555.86 ms
  Storage Write P95 (Total): 9409.38 ms

### STORAGE TIER LATENCY BREAKDOWN (Device = Disk I/O, Host = Serialization) ###
  Storage Read:
    - Device P95 (Disk I/O): 13761.52 ms
    - Host P95 (Serialization): 6867.83 ms
    - Total P95: 16555.86 ms
  Storage Write:
    - Device P95 (Disk I/O): 1537.15 ms
    - Host P95 (Serialization): 8849.07 ms
    - Total P95: 9409.38 ms

### CACHE TYPE BREAKDOWNS ###
  System Prompt Hits: 670
  Common Phrase Hits: 0
  User Cache Hits: 2754
  Multi-turn Hits: 17

### PREFIX CACHING ###
  Prefix Hits: 132
  Prefix Misses: 466
  System Prompt Reuse: 132
  Bytes Saved: 0.11GiB

### MULTI-TURN CONVERSATIONS ###
  Multi-turn Cache Hits: 17
  Multi-turn Cache Misses: 324
  Multi-turn Hit Rate: 5.0%

### QOS LATENCY METRICS (Informational - includes simulated generation) ###

  INTERACTIVE:
    Requests: 414
    Latency P95: 418460.98 ms
    Latency P99: 431869.43 ms
    SLA Met: [X] (compliance: 0.0%)

  RESPONSIVE:
    Requests: 81
    Latency P95: 249387.40 ms
    Latency P99: 393878.02 ms
    SLA Met: [X] (compliance: 0.0%)

  BATCH:
    Requests: 84
    Latency P95: 226725.95 ms
    Latency P99: 299339.47 ms
    SLA Met: [X] (compliance: 0.0%)

================================================================================
NOTES:
  - Pure storage I/O benchmark (no generation simulation)
================================================================================

Integrated Multi-User KV Cache Benchmark - MLPerf Edition
Model: Llama 3.1 8B
GPU Memory: 0 GB
Users: 200
Duration: 300s
Seed: 198
Generation Mode: none (0.0ms/token)
Features:
  - Phase-Aware Processing: Enabled
  - Multi-turn Conversations: Enabled
  - Prefix Caching: Enabled
  - RAG Workload: Disabled
  - Autoscaling: Disabled
  - QoS Support: Enabled (Interactive/Responsive/Batch)
  - Trace-Driven (BurstGPT): Disabled
  - ShareGPT Dataset: Disabled
  - Max Concurrent Allocations: 16 (bounds RAM usage)
================================================================================

User Context Length Distribution:
  Min: 574 tokens (71.75MiB)
  Max: 24515 tokens (3064.38MiB)
  Mean: 8733 tokens (1091.63MiB)

QoS Distribution:
  interactive: 41 users
  responsive: 65 users
  batch: 94 users

### MEMORY SAFETY CHECK ###
  Formula: peak = (workers x 2 x mean_entry_bytes) + baseline
         = (200 x 2 x 1000MiB) + 2.5GiB
         = 393.1GiB
  Available RAM: 990.5GiB
  Mean entry size: 1000MiB  (8000 tok x 131,072 B/tok)
  Peak per thread: 2000MiB  (np.load + np.array copy)
  Worker threads: 200
  Safe concurrent readers: ~505  = (available - baseline) / peak_per_thread
  Status: OK

Starting benchmark... Mode: standard (prefill+decode)
--------------------------------------------------------------------------------

================================================================================
BENCHMARK RESULTS - MLPerf KV Cache Storage Benchmark
Generation Mode: none (0.0ms/token)
================================================================================

IMPORTANT: All storage latencies below are measured per KV cache BLOCK,
not per token or per disk page.  Each block holds the full KV state for
one request (all layers, all heads, full sequence length).
  Model KV bytes/token: 131,072 bytes (128.0KiB)
  Entries in cache: 579
  Block size min:   20.4MiB
  Block size mean:  742.0MiB
  Block size P95:   1949.3MiB
  Block size max:   2752.9MiB
  A 200MiB block at 1GiB/s NVMe read = ~200 ms device latency.
  Compare latencies against block sizes, not against 4KiB page I/O.


### OVERALL PERFORMANCE ###
Requests Completed: 563
Total Tokens Generated: 105587
Throughput (wall-clock): 351.66 tokens/sec
Throughput (storage I/O): 5.10 tokens/sec
Requests/sec: 1.88

### END-TO-END LATENCY (Queue Wait + Storage I/O + Generation) ###
  Mean: 213783.92 ms
  P50:  197720.15 ms
  P95:  429390.79 ms
  P99:  442359.18 ms

### PER-REQUEST STORAGE LATENCY (All I/O ops for one request) ###
  Mean: 36773.06 ms
  P50:  21069.12 ms
  P95:  125260.06 ms
  P99:  184749.65 ms
  (= 1 prefill write + N decode reads per request)

### STORAGE PERFORMANCE ###
  Cache Hit Rate: 88.6%
  Total Read: 2020.57GiB
  Total Write: 419.57GiB
  Read/Write Ratio: 4.82
  Storage KV Read Operations/sec: 11.06
  Storage KV Write Operations/sec: 1.93

### CACHE TIER DISTRIBUTION ###
  GPU Entries: 0 (0.00GiB)
  CPU Entries: 0 (0.00GiB)
  Storage Entries: 579

### TIER-SPECIFIC KV BYTES ###
  Storage KV Bytes Written: 419.57GiB
  Storage KV Bytes Read: 2020.57GiB

### STORAGE KV BANDWIDTH ###
  Storage KV Read Bandwidth: 6.73GiB/s
  Storage KV Write Bandwidth: 1.40GiB/s

### TIER-SPECIFIC LATENCIES (Total = Host + Device) ###
  Storage Read P95 (Total): 16979.11 ms
  Storage Write P95 (Total): 9201.89 ms

### STORAGE TIER LATENCY BREAKDOWN (Device = Disk I/O, Host = Serialization) ###
  Storage Read:
    - Device P95 (Disk I/O): 13368.03 ms
    - Host P95 (Serialization): 6821.27 ms
    - Total P95: 16979.11 ms
  Storage Write:
    - Device P95 (Disk I/O): 1071.94 ms
    - Host P95 (Serialization): 8471.89 ms
    - Total P95: 9201.89 ms

### CACHE TYPE BREAKDOWNS ###
  System Prompt Hits: 782
  Common Phrase Hits: 0
  User Cache Hits: 2509
  Multi-turn Hits: 28

### PREFIX CACHING ###
  Prefix Hits: 116
  Prefix Misses: 463
  System Prompt Reuse: 116
  Bytes Saved: 0.10GiB

### MULTI-TURN CONVERSATIONS ###
  Multi-turn Cache Hits: 28
  Multi-turn Cache Misses: 310
  Multi-turn Hit Rate: 8.3%

### QOS LATENCY METRICS (Informational - includes simulated generation) ###

  INTERACTIVE:
    Requests: 422
    Latency P95: 430863.82 ms
    Latency P99: 442931.02 ms
    SLA Met: [X] (compliance: 0.0%)

  RESPONSIVE:
    Requests: 56
    Latency P95: 160441.02 ms
    Latency P99: 197883.44 ms
    SLA Met: [X] (compliance: 0.0%)

  BATCH:
    Requests: 85
    Latency P95: 192905.28 ms
    Latency P99: 246219.60 ms
    SLA Met: [X] (compliance: 0.0%)

================================================================================
NOTES:
  - Pure storage I/O benchmark (no generation simulation)
================================================================================

Integrated Multi-User KV Cache Benchmark - MLPerf Edition
Model: Llama 3.1 8B
GPU Memory: 0 GB
Users: 200
Duration: 300s
Seed: 106
Generation Mode: none (0.0ms/token)
Features:
  - Phase-Aware Processing: Enabled
  - Multi-turn Conversations: Enabled
  - Prefix Caching: Enabled
  - RAG Workload: Disabled
  - Autoscaling: Disabled
  - QoS Support: Enabled (Interactive/Responsive/Batch)
  - Trace-Driven (BurstGPT): Disabled
  - ShareGPT Dataset: Disabled
  - Max Concurrent Allocations: 16 (bounds RAM usage)
================================================================================

User Context Length Distribution:
  Min: 669 tokens (83.62MiB)
  Max: 24895 tokens (3111.88MiB)
  Mean: 8614 tokens (1076.74MiB)

QoS Distribution:
  interactive: 29 users
  responsive: 60 users
  batch: 111 users

### MEMORY SAFETY CHECK ###
  Formula: peak = (workers x 2 x mean_entry_bytes) + baseline
         = (200 x 2 x 1000MiB) + 2.5GiB
         = 393.1GiB
  Available RAM: 991.0GiB
  Mean entry size: 1000MiB  (8000 tok x 131,072 B/tok)
  Peak per thread: 2000MiB  (np.load + np.array copy)
  Worker threads: 200
  Safe concurrent readers: ~506  = (available - baseline) / peak_per_thread
  Status: OK

Starting benchmark... Mode: standard (prefill+decode)
--------------------------------------------------------------------------------

================================================================================
BENCHMARK RESULTS - MLPerf KV Cache Storage Benchmark
Generation Mode: none (0.0ms/token)
================================================================================

IMPORTANT: All storage latencies below are measured per KV cache BLOCK,
not per token or per disk page.  Each block holds the full KV state for
one request (all layers, all heads, full sequence length).
  Model KV bytes/token: 131,072 bytes (128.0KiB)
  Entries in cache: 571
  Block size min:   28.1MiB
  Block size mean:  585.2MiB
  Block size P95:   1924.9MiB
  Block size max:   3023.5MiB
  A 200MiB block at 1GiB/s NVMe read = ~200 ms device latency.
  Compare latencies against block sizes, not against 4KiB page I/O.


### OVERALL PERFORMANCE ###
Requests Completed: 553
Total Tokens Generated: 78636
Throughput (wall-clock): 262.12 tokens/sec
Throughput (storage I/O): 4.47 tokens/sec
Requests/sec: 1.84

### END-TO-END LATENCY (Queue Wait + Storage I/O + Generation) ###
  Mean: 201966.71 ms
  P50:  179485.41 ms
  P95:  418761.42 ms
  P99:  436884.63 ms

### PER-REQUEST STORAGE LATENCY (All I/O ops for one request) ###
  Mean: 31833.09 ms
  P50:  19211.00 ms
  P95:  103422.17 ms
  P99:  154138.89 ms
  (= 1 prefill write + N decode reads per request)

### STORAGE PERFORMANCE ###
  Cache Hit Rate: 65.3%
  Total Read: 1610.81GiB
  Total Write: 326.33GiB
  Read/Write Ratio: 4.94
  Storage KV Read Operations/sec: 10.95
  Storage KV Write Operations/sec: 1.90

### CACHE TIER DISTRIBUTION ###
  GPU Entries: 0 (0.00GiB)
  CPU Entries: 0 (0.00GiB)
  Storage Entries: 571

### TIER-SPECIFIC KV BYTES ###
  Storage KV Bytes Written: 326.33GiB
  Storage KV Bytes Read: 1610.81GiB

### STORAGE KV BANDWIDTH ###
  Storage KV Read Bandwidth: 5.37GiB/s
  Storage KV Write Bandwidth: 1.09GiB/s

### TIER-SPECIFIC LATENCIES (Total = Host + Device) ###
  Storage Read P95 (Total): 17119.97 ms
  Storage Write P95 (Total): 9888.36 ms

### STORAGE TIER LATENCY BREAKDOWN (Device = Disk I/O, Host = Serialization) ###
  Storage Read:
    - Device P95 (Disk I/O): 14754.15 ms
    - Host P95 (Serialization): 5770.98 ms
    - Total P95: 17119.97 ms
  Storage Write:
    - Device P95 (Disk I/O): 1075.86 ms
    - Host P95 (Serialization): 9453.89 ms
    - Total P95: 9888.36 ms

### CACHE TYPE BREAKDOWNS ###
  System Prompt Hits: 473
  Common Phrase Hits: 0
  User Cache Hits: 2306
  Multi-turn Hits: 506

### PREFIX CACHING ###
  Prefix Hits: 107
  Prefix Misses: 468
  System Prompt Reuse: 107
  Bytes Saved: 0.09GiB

### MULTI-TURN CONVERSATIONS ###
  Multi-turn Cache Hits: 505
  Multi-turn Cache Misses: 1636
  Multi-turn Hit Rate: 23.6%

### QOS LATENCY METRICS (Informational - includes simulated generation) ###

  INTERACTIVE:
    Requests: 405
    Latency P95: 421378.99 ms
    Latency P99: 442825.36 ms
    SLA Met: [X] (compliance: 0.0%)

  RESPONSIVE:
    Requests: 67
    Latency P95: 190244.54 ms
    Latency P99: 241335.32 ms
    SLA Met: [X] (compliance: 0.0%)

  BATCH:
    Requests: 81
    Latency P95: 115131.96 ms
    Latency P99: 191918.22 ms
    SLA Met: [X] (compliance: 0.0%)

================================================================================
NOTES:
  - Pure storage I/O benchmark (no generation simulation)
================================================================================

Integrated Multi-User KV Cache Benchmark - MLPerf Edition
Model: Llama 3.1 8B
GPU Memory: 0 GB
Users: 200
Duration: 300s
Seed: 43
Generation Mode: none (0.0ms/token)
Features:
  - Phase-Aware Processing: Enabled
  - Multi-turn Conversations: Enabled
  - Prefix Caching: Enabled
  - RAG Workload: Disabled
  - Autoscaling: Disabled
  - QoS Support: Enabled (Interactive/Responsive/Batch)
  - Trace-Driven (BurstGPT): Disabled
  - ShareGPT Dataset: Disabled
  - Max Concurrent Allocations: 16 (bounds RAM usage)
================================================================================

User Context Length Distribution:
  Min: 554 tokens (69.25MiB)
  Max: 24695 tokens (3086.88MiB)
  Mean: 8592 tokens (1074.05MiB)

QoS Distribution:
  interactive: 38 users
  responsive: 72 users
  batch: 90 users

### MEMORY SAFETY CHECK ###
  Formula: peak = (workers x 2 x mean_entry_bytes) + baseline
         = (200 x 2 x 1000MiB) + 2.5GiB
         = 393.1GiB
  Available RAM: 991.9GiB
  Mean entry size: 1000MiB  (8000 tok x 131,072 B/tok)
  Peak per thread: 2000MiB  (np.load + np.array copy)
  Worker threads: 200
  Safe concurrent readers: ~506  = (available - baseline) / peak_per_thread
  Status: OK

Starting benchmark... Mode: standard (prefill+decode)
--------------------------------------------------------------------------------

================================================================================
BENCHMARK RESULTS - MLPerf KV Cache Storage Benchmark
Generation Mode: none (0.0ms/token)
================================================================================

IMPORTANT: All storage latencies below are measured per KV cache BLOCK,
not per token or per disk page.  Each block holds the full KV state for
one request (all layers, all heads, full sequence length).
  Model KV bytes/token: 131,072 bytes (128.0KiB)
  Entries in cache: 679
  Block size min:   18.0MiB
  Block size mean:  463.0MiB
  Block size P95:   1578.3MiB
  Block size max:   2923.1MiB
  A 200MiB block at 1GiB/s NVMe read = ~200 ms device latency.
  Compare latencies against block sizes, not against 4KiB page I/O.


### OVERALL PERFORMANCE ###
Requests Completed: 659
Total Tokens Generated: 87377
Throughput (wall-clock): 291.23 tokens/sec
Throughput (storage I/O): 5.08 tokens/sec
Requests/sec: 2.20

### END-TO-END LATENCY (Queue Wait + Storage I/O + Generation) ###
  Mean: 192032.92 ms
  P50:  178293.54 ms
  P95:  410837.55 ms
  P99:  431542.62 ms

### PER-REQUEST STORAGE LATENCY (All I/O ops for one request) ###
  Mean: 26092.00 ms
  P50:  14376.44 ms
  P95:  93228.11 ms
  P99:  135162.62 ms
  (= 1 prefill write + N decode reads per request)

### STORAGE PERFORMANCE ###
  Cache Hit Rate: 69.0%
  Total Read: 1743.66GiB
  Total Write: 307.00GiB
  Read/Write Ratio: 5.68
  Storage KV Read Operations/sec: 12.28
  Storage KV Write Operations/sec: 2.26

### CACHE TIER DISTRIBUTION ###
  GPU Entries: 0 (0.00GiB)
  CPU Entries: 0 (0.00GiB)
  Storage Entries: 678

### TIER-SPECIFIC KV BYTES ###
  Storage KV Bytes Written: 306.22GiB
  Storage KV Bytes Read: 1743.66GiB

### STORAGE KV BANDWIDTH ###
  Storage KV Read Bandwidth: 5.81GiB/s
  Storage KV Write Bandwidth: 1.02GiB/s

### TIER-SPECIFIC LATENCIES (Total = Host + Device) ###
  Storage Read P95 (Total): 15582.39 ms
  Storage Write P95 (Total): 6943.12 ms

### STORAGE TIER LATENCY BREAKDOWN (Device = Disk I/O, Host = Serialization) ###
  Storage Read:
    - Device P95 (Disk I/O): 12865.98 ms
    - Host P95 (Serialization): 4726.48 ms
    - Total P95: 15582.39 ms
  Storage Write:
    - Device P95 (Disk I/O): 961.68 ms
    - Host P95 (Serialization): 6882.77 ms
    - Total P95: 6943.12 ms

### CACHE TYPE BREAKDOWNS ###
  System Prompt Hits: 679
  Common Phrase Hits: 0
  User Cache Hits: 2641
  Multi-turn Hits: 365

### PREFIX CACHING ###
  Prefix Hits: 139
  Prefix Misses: 545
  System Prompt Reuse: 139
  Bytes Saved: 0.12GiB

### MULTI-TURN CONVERSATIONS ###
  Multi-turn Cache Hits: 362
  Multi-turn Cache Misses: 1517
  Multi-turn Hit Rate: 19.3%

### QOS LATENCY METRICS (Informational - includes simulated generation) ###

  INTERACTIVE:
    Requests: 536
    Latency P95: 413728.40 ms
    Latency P99: 432894.03 ms
    SLA Met: [X] (compliance: 0.0%)

  RESPONSIVE:
    Requests: 68
    Latency P95: 180186.97 ms
    Latency P99: 252171.66 ms
    SLA Met: [X] (compliance: 0.0%)

  BATCH:
    Requests: 55
    Latency P95: 132339.24 ms
    Latency P99: 195739.33 ms
    SLA Met: [X] (compliance: 0.0%)

================================================================================
NOTES:
  - Pure storage I/O benchmark (no generation simulation)
================================================================================

Integrated Multi-User KV Cache Benchmark - MLPerf Edition
Model: Llama 3.1 8B
GPU Memory: 0 GB
Users: 200
Duration: 300s
Seed: 83
Generation Mode: none (0.0ms/token)
Features:
  - Phase-Aware Processing: Enabled
  - Multi-turn Conversations: Enabled
  - Prefix Caching: Enabled
  - RAG Workload: Disabled
  - Autoscaling: Disabled
  - QoS Support: Enabled (Interactive/Responsive/Batch)
  - Trace-Driven (BurstGPT): Disabled
  - ShareGPT Dataset: Disabled
  - Max Concurrent Allocations: 16 (bounds RAM usage)
================================================================================

User Context Length Distribution:
  Min: 534 tokens (66.75MiB)
  Max: 24618 tokens (3077.25MiB)
  Mean: 9479 tokens (1184.86MiB)

QoS Distribution:
  interactive: 19 users
  responsive: 65 users
  batch: 116 users

### MEMORY SAFETY CHECK ###
  Formula: peak = (workers x 2 x mean_entry_bytes) + baseline
         = (200 x 2 x 1000MiB) + 2.5GiB
         = 393.1GiB
  Available RAM: 989.8GiB
  Mean entry size: 1000MiB  (8000 tok x 131,072 B/tok)
  Peak per thread: 2000MiB  (np.load + np.array copy)
  Worker threads: 200
  Safe concurrent readers: ~505  = (available - baseline) / peak_per_thread
  Status: OK

Starting benchmark... Mode: standard (prefill+decode)
--------------------------------------------------------------------------------

================================================================================
BENCHMARK RESULTS - MLPerf KV Cache Storage Benchmark
Generation Mode: none (0.0ms/token)
================================================================================

IMPORTANT: All storage latencies below are measured per KV cache BLOCK,
not per token or per disk page.  Each block holds the full KV state for
one request (all layers, all heads, full sequence length).
  Model KV bytes/token: 131,072 bytes (128.0KiB)
  Entries in cache: 593
  Block size min:   23.9MiB
  Block size mean:  630.6MiB
  Block size P95:   1791.1MiB
  Block size max:   2965.4MiB
  A 200MiB block at 1GiB/s NVMe read = ~200 ms device latency.
  Compare latencies against block sizes, not against 4KiB page I/O.


### OVERALL PERFORMANCE ###
Requests Completed: 577
Total Tokens Generated: 83782
Throughput (wall-clock): 273.25 tokens/sec
Throughput (storage I/O): 4.26 tokens/sec
Requests/sec: 1.88

### END-TO-END LATENCY (Queue Wait + Storage I/O + Generation) ###
  Mean: 208351.72 ms
  P50:  198651.34 ms
  P95:  418269.39 ms
  P99:  435411.38 ms

### PER-REQUEST STORAGE LATENCY (All I/O ops for one request) ###
  Mean: 34080.51 ms
  P50:  22488.93 ms
  P95:  103891.38 ms
  P99:  160367.70 ms
  (= 1 prefill write + N decode reads per request)

### STORAGE PERFORMANCE ###
  Cache Hit Rate: 84.9%
  Total Read: 1594.12GiB
  Total Write: 365.21GiB
  Read/Write Ratio: 4.36
  Storage KV Read Operations/sec: 10.23
  Storage KV Write Operations/sec: 1.98

### CACHE TIER DISTRIBUTION ###
  GPU Entries: 0 (0.00GiB)
  CPU Entries: 0 (0.00GiB)
  Storage Entries: 593

### TIER-SPECIFIC KV BYTES ###
  Storage KV Bytes Written: 365.21GiB
  Storage KV Bytes Read: 1594.12GiB

### STORAGE KV BANDWIDTH ###
  Storage KV Read Bandwidth: 5.20GiB/s
  Storage KV Write Bandwidth: 1.19GiB/s

### TIER-SPECIFIC LATENCIES (Total = Host + Device) ###
  Storage Read P95 (Total): 18579.74 ms
  Storage Write P95 (Total): 11027.33 ms

### STORAGE TIER LATENCY BREAKDOWN (Device = Disk I/O, Host = Serialization) ###
  Storage Read:
    - Device P95 (Disk I/O): 16370.79 ms
    - Host P95 (Serialization): 7106.53 ms
    - Total P95: 18579.74 ms
  Storage Write:
    - Device P95 (Disk I/O): 1865.77 ms
    - Host P95 (Serialization): 10733.44 ms
    - Total P95: 11027.33 ms

### CACHE TYPE BREAKDOWNS ###
  System Prompt Hits: 631
  Common Phrase Hits: 0
  User Cache Hits: 2379
  Multi-turn Hits: 60

### PREFIX CACHING ###
  Prefix Hits: 126
  Prefix Misses: 467
  System Prompt Reuse: 126
  Bytes Saved: 0.10GiB

### MULTI-TURN CONVERSATIONS ###
  Multi-turn Cache Hits: 60
  Multi-turn Cache Misses: 419
  Multi-turn Hit Rate: 12.5%

### QOS LATENCY METRICS (Informational - includes simulated generation) ###

  INTERACTIVE:
    Requests: 402
    Latency P95: 421606.22 ms
    Latency P99: 438062.38 ms
    SLA Met: [X] (compliance: 0.0%)

  RESPONSIVE:
    Requests: 65
    Latency P95: 258553.99 ms
    Latency P99: 332509.86 ms
    SLA Met: [X] (compliance: 0.0%)

  BATCH:
    Requests: 110
    Latency P95: 199677.69 ms
    Latency P99: 248563.19 ms
    SLA Met: [X] (compliance: 0.0%)

================================================================================
NOTES:
  - Pure storage I/O benchmark (no generation simulation)
================================================================================

Integrated Multi-User KV Cache Benchmark - MLPerf Edition
Model: Llama 3.1 8B
GPU Memory: 0 GB
Users: 200
Duration: 300s
Seed: 110
Generation Mode: none (0.0ms/token)
Features:
  - Phase-Aware Processing: Enabled
  - Multi-turn Conversations: Enabled
  - Prefix Caching: Enabled
  - RAG Workload: Disabled
  - Autoscaling: Disabled
  - QoS Support: Enabled (Interactive/Responsive/Batch)
  - Trace-Driven (BurstGPT): Disabled
  - ShareGPT Dataset: Disabled
  - Max Concurrent Allocations: 16 (bounds RAM usage)
================================================================================

User Context Length Distribution:
  Min: 579 tokens (72.38MiB)
  Max: 24804 tokens (3100.50MiB)
  Mean: 8823 tokens (1102.90MiB)

QoS Distribution:
  interactive: 35 users
  responsive: 70 users
  batch: 95 users

### MEMORY SAFETY CHECK ###
  Formula: peak = (workers x 2 x mean_entry_bytes) + baseline
         = (200 x 2 x 1000MiB) + 2.5GiB
         = 393.1GiB
  Available RAM: 991.7GiB
  Mean entry size: 1000MiB  (8000 tok x 131,072 B/tok)
  Peak per thread: 2000MiB  (np.load + np.array copy)
  Worker threads: 200
  Safe concurrent readers: ~506  = (available - baseline) / peak_per_thread
  Status: OK

Starting benchmark... Mode: standard (prefill+decode)
--------------------------------------------------------------------------------

================================================================================
BENCHMARK RESULTS - MLPerf KV Cache Storage Benchmark
Generation Mode: none (0.0ms/token)
================================================================================

IMPORTANT: All storage latencies below are measured per KV cache BLOCK,
not per token or per disk page.  Each block holds the full KV state for
one request (all layers, all heads, full sequence length).
  Model KV bytes/token: 131,072 bytes (128.0KiB)
  Entries in cache: 601
  Block size min:   29.8MiB
  Block size mean:  584.1MiB
  Block size P95:   1749.9MiB
  Block size max:   2721.9MiB
  A 200MiB block at 1GiB/s NVMe read = ~200 ms device latency.
  Compare latencies against block sizes, not against 4KiB page I/O.


### OVERALL PERFORMANCE ###
Requests Completed: 586
Total Tokens Generated: 93950
Throughput (wall-clock): 313.16 tokens/sec
Throughput (storage I/O): 4.56 tokens/sec
Requests/sec: 1.95

### END-TO-END LATENCY (Queue Wait + Storage I/O + Generation) ###
  Mean: 209411.76 ms
  P50:  201042.68 ms
  P95:  428996.47 ms
  P99:  437994.42 ms

### PER-REQUEST STORAGE LATENCY (All I/O ops for one request) ###
  Mean: 35144.40 ms
  P50:  24375.17 ms
  P95:  100119.72 ms
  P99:  146540.71 ms
  (= 1 prefill write + N decode reads per request)

### STORAGE PERFORMANCE ###
  Cache Hit Rate: 64.0%
  Total Read: 2085.76GiB
  Total Write: 342.79GiB
  Read/Write Ratio: 6.08
  Storage KV Read Operations/sec: 13.54
  Storage KV Write Operations/sec: 2.00

### CACHE TIER DISTRIBUTION ###
  GPU Entries: 0 (0.00GiB)
  CPU Entries: 0 (0.00GiB)
  Storage Entries: 601

### TIER-SPECIFIC KV BYTES ###
  Storage KV Bytes Written: 342.79GiB
  Storage KV Bytes Read: 2085.76GiB

### STORAGE KV BANDWIDTH ###
  Storage KV Read Bandwidth: 6.95GiB/s
  Storage KV Write Bandwidth: 1.14GiB/s

### TIER-SPECIFIC LATENCIES (Total = Host + Device) ###
  Storage Read P95 (Total): 13632.38 ms
  Storage Write P95 (Total): 8166.13 ms

### STORAGE TIER LATENCY BREAKDOWN (Device = Disk I/O, Host = Serialization) ###
  Storage Read:
    - Device P95 (Disk I/O): 11485.48 ms
    - Host P95 (Serialization): 5518.13 ms
    - Total P95: 13632.38 ms
  Storage Write:
    - Device P95 (Disk I/O): 1233.28 ms
    - Host P95 (Serialization): 7929.94 ms
    - Total P95: 8166.13 ms

### CACHE TYPE BREAKDOWNS ###
  System Prompt Hits: 680
  Common Phrase Hits: 0
  User Cache Hits: 2617
  Multi-turn Hits: 766

### PREFIX CACHING ###
  Prefix Hits: 123
  Prefix Misses: 478
  System Prompt Reuse: 123
  Bytes Saved: 0.10GiB

### MULTI-TURN CONVERSATIONS ###
  Multi-turn Cache Hits: 766
  Multi-turn Cache Misses: 2165
  Multi-turn Hit Rate: 26.1%

### QOS LATENCY METRICS (Informational - includes simulated generation) ###

  INTERACTIVE:
    Requests: 431
    Latency P95: 431161.52 ms
    Latency P99: 438199.61 ms
    SLA Met: [X] (compliance: 0.0%)

  RESPONSIVE:
    Requests: 85
    Latency P95: 202737.81 ms
    Latency P99: 286093.50 ms
    SLA Met: [X] (compliance: 0.0%)

  BATCH:
    Requests: 70
    Latency P95: 188090.63 ms
    Latency P99: 265498.65 ms
    SLA Met: [X] (compliance: 0.0%)

================================================================================
NOTES:
  - Pure storage I/O benchmark (no generation simulation)
================================================================================

Integrated Multi-User KV Cache Benchmark - MLPerf Edition
Model: Llama 3.1 8B
GPU Memory: 0 GB
Users: 200
Duration: 300s
Seed: 54
Generation Mode: none (0.0ms/token)
Features:
  - Phase-Aware Processing: Enabled
  - Multi-turn Conversations: Enabled
  - Prefix Caching: Enabled
  - RAG Workload: Disabled
  - Autoscaling: Disabled
  - QoS Support: Enabled (Interactive/Responsive/Batch)
  - Trace-Driven (BurstGPT): Disabled
  - ShareGPT Dataset: Disabled
  - Max Concurrent Allocations: 16 (bounds RAM usage)
================================================================================

User Context Length Distribution:
  Min: 538 tokens (67.25MiB)
  Max: 24796 tokens (3099.50MiB)
  Mean: 9614 tokens (1201.74MiB)

QoS Distribution:
  interactive: 32 users
  responsive: 71 users
  batch: 97 users

### MEMORY SAFETY CHECK ###
  Formula: peak = (workers x 2 x mean_entry_bytes) + baseline
         = (200 x 2 x 1000MiB) + 2.5GiB
         = 393.1GiB
  Available RAM: 991.0GiB
  Mean entry size: 1000MiB  (8000 tok x 131,072 B/tok)
  Peak per thread: 2000MiB  (np.load + np.array copy)
  Worker threads: 200
  Safe concurrent readers: ~506  = (available - baseline) / peak_per_thread
  Status: OK

Starting benchmark... Mode: standard (prefill+decode)
--------------------------------------------------------------------------------

================================================================================
BENCHMARK RESULTS - MLPerf KV Cache Storage Benchmark
Generation Mode: none (0.0ms/token)
================================================================================

IMPORTANT: All storage latencies below are measured per KV cache BLOCK,
not per token or per disk page.  Each block holds the full KV state for
one request (all layers, all heads, full sequence length).
  Model KV bytes/token: 131,072 bytes (128.0KiB)
  Entries in cache: 559
  Block size min:   22.9MiB
  Block size mean:  601.8MiB
  Block size P95:   1777.9MiB
  Block size max:   3047.9MiB
  A 200MiB block at 1GiB/s NVMe read = ~200 ms device latency.
  Compare latencies against block sizes, not against 4KiB page I/O.


### OVERALL PERFORMANCE ###
Requests Completed: 536
Total Tokens Generated: 91856
Throughput (wall-clock): 305.96 tokens/sec
Throughput (storage I/O): 4.75 tokens/sec
Requests/sec: 1.79

### END-TO-END LATENCY (Queue Wait + Storage I/O + Generation) ###
  Mean: 205774.14 ms
  P50:  179867.91 ms
  P95:  420125.39 ms
  P99:  449645.32 ms

### PER-REQUEST STORAGE LATENCY (All I/O ops for one request) ###
  Mean: 36100.73 ms
  P50:  21687.05 ms
  P95:  109245.14 ms
  P99:  231094.14 ms
  (= 1 prefill write + N decode reads per request)

### STORAGE PERFORMANCE ###
  Cache Hit Rate: 88.1%
  Total Read: 1581.09GiB
  Total Write: 328.52GiB
  Read/Write Ratio: 4.81
  Storage KV Read Operations/sec: 10.59
  Storage KV Write Operations/sec: 1.86

### CACHE TIER DISTRIBUTION ###
  GPU Entries: 0 (0.00GiB)
  CPU Entries: 0 (0.00GiB)
  Storage Entries: 559

### TIER-SPECIFIC KV BYTES ###
  Storage KV Bytes Written: 328.52GiB
  Storage KV Bytes Read: 1581.09GiB

### STORAGE KV BANDWIDTH ###
  Storage KV Read Bandwidth: 5.27GiB/s
  Storage KV Write Bandwidth: 1.09GiB/s

### TIER-SPECIFIC LATENCIES (Total = Host + Device) ###
  Storage Read P95 (Total): 21483.47 ms
  Storage Write P95 (Total): 13353.22 ms

### STORAGE TIER LATENCY BREAKDOWN (Device = Disk I/O, Host = Serialization) ###
  Storage Read:
    - Device P95 (Disk I/O): 18371.16 ms
    - Host P95 (Serialization): 5207.90 ms
    - Total P95: 21483.47 ms
  Storage Write:
    - Device P95 (Disk I/O): 1523.29 ms
    - Host P95 (Serialization): 12262.76 ms
    - Total P95: 13353.22 ms

### CACHE TYPE BREAKDOWNS ###
  System Prompt Hits: 568
  Common Phrase Hits: 0
  User Cache Hits: 2593
  Multi-turn Hits: 15

### PREFIX CACHING ###
  Prefix Hits: 101
  Prefix Misses: 458
  System Prompt Reuse: 101
  Bytes Saved: 0.08GiB

### MULTI-TURN CONVERSATIONS ###
  Multi-turn Cache Hits: 15
  Multi-turn Cache Misses: 326
  Multi-turn Hit Rate: 4.4%

### QOS LATENCY METRICS (Informational - includes simulated generation) ###

  INTERACTIVE:
    Requests: 391
    Latency P95: 425236.08 ms
    Latency P99: 450489.56 ms
    SLA Met: [X] (compliance: 0.0%)

  RESPONSIVE:
    Requests: 83
    Latency P95: 262166.85 ms
    Latency P99: 443393.15 ms
    SLA Met: [X] (compliance: 0.0%)

  BATCH:
    Requests: 62
    Latency P95: 212451.56 ms
    Latency P99: 385999.52 ms
    SLA Met: [X] (compliance: 0.0%)

================================================================================
NOTES:
  - Pure storage I/O benchmark (no generation simulation)
================================================================================

Integrated Multi-User KV Cache Benchmark - MLPerf Edition
Model: Llama 3.1 8B
GPU Memory: 0 GB
Users: 200
Duration: 300s
Seed: 181
Generation Mode: none (0.0ms/token)
Features:
  - Phase-Aware Processing: Enabled
  - Multi-turn Conversations: Enabled
  - Prefix Caching: Enabled
  - RAG Workload: Disabled
  - Autoscaling: Disabled
  - QoS Support: Enabled (Interactive/Responsive/Batch)
  - Trace-Driven (BurstGPT): Disabled
  - ShareGPT Dataset: Disabled
  - Max Concurrent Allocations: 16 (bounds RAM usage)
================================================================================

User Context Length Distribution:
  Min: 516 tokens (64.50MiB)
  Max: 24673 tokens (3084.12MiB)
  Mean: 9714 tokens (1214.27MiB)

QoS Distribution:
  interactive: 26 users
  responsive: 70 users
  batch: 104 users

### MEMORY SAFETY CHECK ###
  Formula: peak = (workers x 2 x mean_entry_bytes) + baseline
         = (200 x 2 x 1000MiB) + 2.5GiB
         = 393.1GiB
  Available RAM: 989.8GiB
  Mean entry size: 1000MiB  (8000 tok x 131,072 B/tok)
  Peak per thread: 2000MiB  (np.load + np.array copy)
  Worker threads: 200
  Safe concurrent readers: ~505  = (available - baseline) / peak_per_thread
  Status: OK

Starting benchmark... Mode: standard (prefill+decode)
--------------------------------------------------------------------------------

================================================================================
BENCHMARK RESULTS - MLPerf KV Cache Storage Benchmark
Generation Mode: none (0.0ms/token)
================================================================================

IMPORTANT: All storage latencies below are measured per KV cache BLOCK,
not per token or per disk page.  Each block holds the full KV state for
one request (all layers, all heads, full sequence length).
  Model KV bytes/token: 131,072 bytes (128.0KiB)
  Entries in cache: 578
  Block size min:   16.8MiB
  Block size mean:  611.6MiB
  Block size P95:   1836.2MiB
  Block size max:   3077.9MiB
  A 200MiB block at 1GiB/s NVMe read = ~200 ms device latency.
  Compare latencies against block sizes, not against 4KiB page I/O.


### OVERALL PERFORMANCE ###
Requests Completed: 561
Total Tokens Generated: 86328
Throughput (wall-clock): 286.67 tokens/sec
Throughput (storage I/O): 4.68 tokens/sec
Requests/sec: 1.86

### END-TO-END LATENCY (Queue Wait + Storage I/O + Generation) ###
  Mean: 207127.49 ms
  P50:  186100.14 ms
  P95:  418547.92 ms
  P99:  435840.38 ms

### PER-REQUEST STORAGE LATENCY (All I/O ops for one request) ###
  Mean: 32905.53 ms
  P50:  20311.54 ms
  P95:  105102.74 ms
  P99:  179656.21 ms
  (= 1 prefill write + N decode reads per request)

### STORAGE PERFORMANCE ###
  Cache Hit Rate: 76.6%
  Total Read: 1586.23GiB
  Total Write: 345.20GiB
  Read/Write Ratio: 4.60
  Storage KV Read Operations/sec: 10.48
  Storage KV Write Operations/sec: 1.93

### CACHE TIER DISTRIBUTION ###
  GPU Entries: 0 (0.00GiB)
  CPU Entries: 0 (0.00GiB)
  Storage Entries: 578

### TIER-SPECIFIC KV BYTES ###
  Storage KV Bytes Written: 345.20GiB
  Storage KV Bytes Read: 1586.23GiB

### STORAGE KV BANDWIDTH ###
  Storage KV Read Bandwidth: 5.27GiB/s
  Storage KV Write Bandwidth: 1.15GiB/s

### TIER-SPECIFIC LATENCIES (Total = Host + Device) ###
  Storage Read P95 (Total): 18260.86 ms
  Storage Write P95 (Total): 11311.68 ms

### STORAGE TIER LATENCY BREAKDOWN (Device = Disk I/O, Host = Serialization) ###
  Storage Read:
    - Device P95 (Disk I/O): 14061.45 ms
    - Host P95 (Serialization): 6341.69 ms
    - Total P95: 18260.86 ms
  Storage Write:
    - Device P95 (Disk I/O): 1232.02 ms
    - Host P95 (Serialization): 9275.21 ms
    - Total P95: 11311.68 ms

### CACHE TYPE BREAKDOWNS ###
  System Prompt Hits: 743
  Common Phrase Hits: 0
  User Cache Hits: 2252
  Multi-turn Hits: 148

### PREFIX CACHING ###
  Prefix Hits: 136
  Prefix Misses: 442
  System Prompt Reuse: 136
  Bytes Saved: 0.11GiB

### MULTI-TURN CONVERSATIONS ###
  Multi-turn Cache Hits: 148
  Multi-turn Cache Misses: 826
  Multi-turn Hit Rate: 15.2%

### QOS LATENCY METRICS (Informational - includes simulated generation) ###

  INTERACTIVE:
    Requests: 410
    Latency P95: 421147.04 ms
    Latency P99: 440371.72 ms
    SLA Met: [X] (compliance: 0.0%)

  RESPONSIVE:
    Requests: 93
    Latency P95: 273519.35 ms
    Latency P99: 335895.54 ms
    SLA Met: [X] (compliance: 0.0%)

  BATCH:
    Requests: 58
    Latency P95: 175878.18 ms
    Latency P99: 206203.66 ms
    SLA Met: [X] (compliance: 0.0%)

================================================================================
NOTES:
  - Pure storage I/O benchmark (no generation simulation)
================================================================================

Integrated Multi-User KV Cache Benchmark - MLPerf Edition
Model: Llama 3.1 8B
GPU Memory: 0 GB
Users: 200
Duration: 300s
Seed: 175
Generation Mode: none (0.0ms/token)
Features:
  - Phase-Aware Processing: Enabled
  - Multi-turn Conversations: Enabled
  - Prefix Caching: Enabled
  - RAG Workload: Disabled
  - Autoscaling: Disabled
  - QoS Support: Enabled (Interactive/Responsive/Batch)
  - Trace-Driven (BurstGPT): Disabled
  - ShareGPT Dataset: Disabled
  - Max Concurrent Allocations: 16 (bounds RAM usage)
================================================================================

User Context Length Distribution:
  Min: 529 tokens (66.12MiB)
  Max: 24790 tokens (3098.75MiB)
  Mean: 9160 tokens (1144.96MiB)

QoS Distribution:
  interactive: 29 users
  responsive: 68 users
  batch: 103 users

### MEMORY SAFETY CHECK ###
  Formula: peak = (workers x 2 x mean_entry_bytes) + baseline
         = (200 x 2 x 1000MiB) + 2.5GiB
         = 393.1GiB
  Available RAM: 991.4GiB
  Mean entry size: 1000MiB  (8000 tok x 131,072 B/tok)
  Peak per thread: 2000MiB  (np.load + np.array copy)
  Worker threads: 200
  Safe concurrent readers: ~506  = (available - baseline) / peak_per_thread
  Status: OK

Starting benchmark... Mode: standard (prefill+decode)
--------------------------------------------------------------------------------

================================================================================
BENCHMARK RESULTS - MLPerf KV Cache Storage Benchmark
Generation Mode: none (0.0ms/token)
================================================================================

IMPORTANT: All storage latencies below are measured per KV cache BLOCK,
not per token or per disk page.  Each block holds the full KV state for
one request (all layers, all heads, full sequence length).
  Model KV bytes/token: 131,072 bytes (128.0KiB)
  Entries in cache: 584
  Block size min:   17.5MiB
  Block size mean:  687.3MiB
  Block size P95:   1936.8MiB
  Block size max:   2875.0MiB
  A 200MiB block at 1GiB/s NVMe read = ~200 ms device latency.
  Compare latencies against block sizes, not against 4KiB page I/O.


### OVERALL PERFORMANCE ###
Requests Completed: 561
Total Tokens Generated: 100650
Throughput (wall-clock): 335.50 tokens/sec
Throughput (storage I/O): 4.91 tokens/sec
Requests/sec: 1.87

### END-TO-END LATENCY (Queue Wait + Storage I/O + Generation) ###
  Mean: 205671.85 ms
  P50:  188637.83 ms
  P95:  419597.96 ms
  P99:  438717.52 ms

### PER-REQUEST STORAGE LATENCY (All I/O ops for one request) ###
  Mean: 36518.18 ms
  P50:  24089.40 ms
  P95:  102566.62 ms
  P99:  175634.15 ms
  (= 1 prefill write + N decode reads per request)

### STORAGE PERFORMANCE ###
  Cache Hit Rate: 68.1%
  Total Read: 2164.98GiB
  Total Write: 391.97GiB
  Read/Write Ratio: 5.52
  Storage KV Read Operations/sec: 12.51
  Storage KV Write Operations/sec: 1.95

### CACHE TIER DISTRIBUTION ###
  GPU Entries: 0 (0.00GiB)
  CPU Entries: 0 (0.00GiB)
  Storage Entries: 584

### TIER-SPECIFIC KV BYTES ###
  Storage KV Bytes Written: 391.97GiB
  Storage KV Bytes Read: 2164.98GiB

### STORAGE KV BANDWIDTH ###
  Storage KV Read Bandwidth: 7.22GiB/s
  Storage KV Write Bandwidth: 1.31GiB/s

### TIER-SPECIFIC LATENCIES (Total = Host + Device) ###
  Storage Read P95 (Total): 17342.02 ms
  Storage Write P95 (Total): 8175.97 ms

### STORAGE TIER LATENCY BREAKDOWN (Device = Disk I/O, Host = Serialization) ###
  Storage Read:
    - Device P95 (Disk I/O): 14168.43 ms
    - Host P95 (Serialization): 5440.19 ms
    - Total P95: 17342.02 ms
  Storage Write:
    - Device P95 (Disk I/O): 1524.06 ms
    - Host P95 (Serialization): 8104.07 ms
    - Total P95: 8175.97 ms

### CACHE TYPE BREAKDOWNS ###
  System Prompt Hits: 692
  Common Phrase Hits: 0
  User Cache Hits: 2587
  Multi-turn Hits: 474

### PREFIX CACHING ###
  Prefix Hits: 131
  Prefix Misses: 455
  System Prompt Reuse: 131
  Bytes Saved: 0.11GiB

### MULTI-TURN CONVERSATIONS ###
  Multi-turn Cache Hits: 473
  Multi-turn Cache Misses: 1630
  Multi-turn Hit Rate: 22.5%

### QOS LATENCY METRICS (Informational - includes simulated generation) ###

  INTERACTIVE:
    Requests: 390
    Latency P95: 431138.19 ms
    Latency P99: 439739.91 ms
    SLA Met: [X] (compliance: 0.0%)

  RESPONSIVE:
    Requests: 64
    Latency P95: 167667.88 ms
    Latency P99: 234995.89 ms
    SLA Met: [X] (compliance: 0.0%)

  BATCH:
    Requests: 107
    Latency P95: 198649.89 ms
    Latency P99: 297119.20 ms
    SLA Met: [X] (compliance: 0.0%)

================================================================================
NOTES:
  - Pure storage I/O benchmark (no generation simulation)
================================================================================

Integrated Multi-User KV Cache Benchmark - MLPerf Edition
Model: Llama 3.1 8B
GPU Memory: 0 GB
Users: 200
Duration: 300s
Seed: 107
Generation Mode: none (0.0ms/token)
Features:
  - Phase-Aware Processing: Enabled
  - Multi-turn Conversations: Enabled
  - Prefix Caching: Enabled
  - RAG Workload: Disabled
  - Autoscaling: Disabled
  - QoS Support: Enabled (Interactive/Responsive/Batch)
  - Trace-Driven (BurstGPT): Disabled
  - ShareGPT Dataset: Disabled
  - Max Concurrent Allocations: 16 (bounds RAM usage)
================================================================================

User Context Length Distribution:
  Min: 517 tokens (64.62MiB)
  Max: 24189 tokens (3023.62MiB)
  Mean: 9312 tokens (1164.03MiB)

QoS Distribution:
  interactive: 35 users
  responsive: 57 users
  batch: 108 users

### MEMORY SAFETY CHECK ###
  Formula: peak = (workers x 2 x mean_entry_bytes) + baseline
         = (200 x 2 x 1000MiB) + 2.5GiB
         = 393.1GiB
  Available RAM: 990.1GiB
  Mean entry size: 1000MiB  (8000 tok x 131,072 B/tok)
  Peak per thread: 2000MiB  (np.load + np.array copy)
  Worker threads: 200
  Safe concurrent readers: ~505  = (available - baseline) / peak_per_thread
  Status: OK

Starting benchmark... Mode: standard (prefill+decode)
--------------------------------------------------------------------------------

================================================================================
BENCHMARK RESULTS - MLPerf KV Cache Storage Benchmark
Generation Mode: none (0.0ms/token)
================================================================================

IMPORTANT: All storage latencies below are measured per KV cache BLOCK,
not per token or per disk page.  Each block holds the full KV state for
one request (all layers, all heads, full sequence length).
  Model KV bytes/token: 131,072 bytes (128.0KiB)
  Entries in cache: 616
  Block size min:   22.2MiB
  Block size mean:  619.7MiB
  Block size P95:   1818.5MiB
  Block size max:   2835.4MiB
  A 200MiB block at 1GiB/s NVMe read = ~200 ms device latency.
  Compare latencies against block sizes, not against 4KiB page I/O.


### OVERALL PERFORMANCE ###
Requests Completed: 598
Total Tokens Generated: 91187
Throughput (wall-clock): 301.34 tokens/sec
Throughput (storage I/O): 5.30 tokens/sec
Requests/sec: 1.98

### END-TO-END LATENCY (Queue Wait + Storage I/O + Generation) ###
  Mean: 208110.85 ms
  P50:  182130.39 ms
  P95:  430138.65 ms
  P99:  442712.01 ms

### PER-REQUEST STORAGE LATENCY (All I/O ops for one request) ###
  Mean: 28767.21 ms
  P50:  17930.71 ms
  P95:  96048.97 ms
  P99:  142587.10 ms
  (= 1 prefill write + N decode reads per request)

### STORAGE PERFORMANCE ###
  Cache Hit Rate: 88.0%
  Total Read: 1522.32GiB
  Total Write: 372.78GiB
  Read/Write Ratio: 4.08
  Storage KV Read Operations/sec: 10.54
  Storage KV Write Operations/sec: 2.05

### CACHE TIER DISTRIBUTION ###
  GPU Entries: 0 (0.00GiB)
  CPU Entries: 0 (0.00GiB)
  Storage Entries: 616

### TIER-SPECIFIC KV BYTES ###
  Storage KV Bytes Written: 372.78GiB
  Storage KV Bytes Read: 1522.32GiB

### STORAGE KV BANDWIDTH ###
  Storage KV Read Bandwidth: 5.03GiB/s
  Storage KV Write Bandwidth: 1.23GiB/s

### TIER-SPECIFIC LATENCIES (Total = Host + Device) ###
  Storage Read P95 (Total): 15664.16 ms
  Storage Write P95 (Total): 8926.90 ms

### STORAGE TIER LATENCY BREAKDOWN (Device = Disk I/O, Host = Serialization) ###
  Storage Read:
    - Device P95 (Disk I/O): 14049.91 ms
    - Host P95 (Serialization): 4828.21 ms
    - Total P95: 15664.16 ms
  Storage Write:
    - Device P95 (Disk I/O): 1429.12 ms
    - Host P95 (Serialization): 8571.10 ms
    - Total P95: 8926.90 ms

### CACHE TYPE BREAKDOWNS ###
  System Prompt Hits: 584
  Common Phrase Hits: 0
  User Cache Hits: 2562
  Multi-turn Hits: 17

### PREFIX CACHING ###
  Prefix Hits: 119
  Prefix Misses: 497
  System Prompt Reuse: 119
  Bytes Saved: 0.10GiB

### MULTI-TURN CONVERSATIONS ###
  Multi-turn Cache Hits: 17
  Multi-turn Cache Misses: 312
  Multi-turn Hit Rate: 5.2%

### QOS LATENCY METRICS (Informational - includes simulated generation) ###

  INTERACTIVE:
    Requests: 444
    Latency P95: 431283.54 ms
    Latency P99: 443228.01 ms
    SLA Met: [X] (compliance: 0.0%)

  RESPONSIVE:
    Requests: 66
    Latency P95: 208255.45 ms
    Latency P99: 266718.35 ms
    SLA Met: [X] (compliance: 0.0%)

  BATCH:
    Requests: 88
    Latency P95: 158680.90 ms
    Latency P99: 232194.24 ms
    SLA Met: [X] (compliance: 0.0%)

================================================================================
NOTES:
  - Pure storage I/O benchmark (no generation simulation)
================================================================================

Integrated Multi-User KV Cache Benchmark - MLPerf Edition
Model: Llama 3.1 8B
GPU Memory: 0 GB
Users: 200
Duration: 300s
Seed: 225
Generation Mode: none (0.0ms/token)
Features:
  - Phase-Aware Processing: Enabled
  - Multi-turn Conversations: Enabled
  - Prefix Caching: Enabled
  - RAG Workload: Disabled
  - Autoscaling: Disabled
  - QoS Support: Enabled (Interactive/Responsive/Batch)
  - Trace-Driven (BurstGPT): Disabled
  - ShareGPT Dataset: Disabled
  - Max Concurrent Allocations: 16 (bounds RAM usage)
================================================================================

User Context Length Distribution:
  Min: 590 tokens (73.75MiB)
  Max: 24862 tokens (3107.75MiB)
  Mean: 8235 tokens (1029.37MiB)

QoS Distribution:
  interactive: 29 users
  responsive: 64 users
  batch: 107 users

### MEMORY SAFETY CHECK ###
  Formula: peak = (workers x 2 x mean_entry_bytes) + baseline
         = (200 x 2 x 1000MiB) + 2.5GiB
         = 393.1GiB
  Available RAM: 991.0GiB
  Mean entry size: 1000MiB  (8000 tok x 131,072 B/tok)
  Peak per thread: 2000MiB  (np.load + np.array copy)
  Worker threads: 200
  Safe concurrent readers: ~506  = (available - baseline) / peak_per_thread
  Status: OK

Starting benchmark... Mode: standard (prefill+decode)
--------------------------------------------------------------------------------

================================================================================
BENCHMARK RESULTS - MLPerf KV Cache Storage Benchmark
Generation Mode: none (0.0ms/token)
================================================================================

IMPORTANT: All storage latencies below are measured per KV cache BLOCK,
not per token or per disk page.  Each block holds the full KV state for
one request (all layers, all heads, full sequence length).
  Model KV bytes/token: 131,072 bytes (128.0KiB)
  Entries in cache: 626
  Block size min:   25.4MiB
  Block size mean:  477.1MiB
  Block size P95:   1350.0MiB
  Block size max:   2929.4MiB
  A 200MiB block at 1GiB/s NVMe read = ~200 ms device latency.
  Compare latencies against block sizes, not against 4KiB page I/O.


### OVERALL PERFORMANCE ###
Requests Completed: 601
Total Tokens Generated: 89511
Throughput (wall-clock): 294.80 tokens/sec
Throughput (storage I/O): 4.75 tokens/sec
Requests/sec: 1.98

### END-TO-END LATENCY (Queue Wait + Storage I/O + Generation) ###
  Mean: 195609.90 ms
  P50:  174385.37 ms
  P95:  408558.41 ms
  P99:  436039.28 ms

### PER-REQUEST STORAGE LATENCY (All I/O ops for one request) ###
  Mean: 31387.19 ms
  P50:  20726.82 ms
  P95:  87065.06 ms
  P99:  142897.51 ms
  (= 1 prefill write + N decode reads per request)

### STORAGE PERFORMANCE ###
  Cache Hit Rate: 69.5%
  Total Read: 1880.78GiB
  Total Write: 291.64GiB
  Read/Write Ratio: 6.45
  Storage KV Read Operations/sec: 13.44
  Storage KV Write Operations/sec: 2.09

### CACHE TIER DISTRIBUTION ###
  GPU Entries: 0 (0.00GiB)
  CPU Entries: 0 (0.00GiB)
  Storage Entries: 626

### TIER-SPECIFIC KV BYTES ###
  Storage KV Bytes Written: 291.64GiB
  Storage KV Bytes Read: 1880.78GiB

### STORAGE KV BANDWIDTH ###
  Storage KV Read Bandwidth: 6.19GiB/s
  Storage KV Write Bandwidth: 0.96GiB/s

### TIER-SPECIFIC LATENCIES (Total = Host + Device) ###
  Storage Read P95 (Total): 14144.97 ms
  Storage Write P95 (Total): 7453.74 ms

### STORAGE TIER LATENCY BREAKDOWN (Device = Disk I/O, Host = Serialization) ###
  Storage Read:
    - Device P95 (Disk I/O): 12689.27 ms
    - Host P95 (Serialization): 5272.32 ms
    - Total P95: 14144.97 ms
  Storage Write:
    - Device P95 (Disk I/O): 2186.19 ms
    - Host P95 (Serialization): 7064.20 ms
    - Total P95: 7453.74 ms

### CACHE TYPE BREAKDOWNS ###
  System Prompt Hits: 662
  Common Phrase Hits: 0
  User Cache Hits: 2775
  Multi-turn Hits: 596

### PREFIX CACHING ###
  Prefix Hits: 136
  Prefix Misses: 491
  System Prompt Reuse: 136
  Bytes Saved: 0.11GiB

### MULTI-TURN CONVERSATIONS ###
  Multi-turn Cache Hits: 596
  Multi-turn Cache Misses: 1635
  Multi-turn Hit Rate: 26.7%

### QOS LATENCY METRICS (Informational - includes simulated generation) ###

  INTERACTIVE:
    Requests: 451
    Latency P95: 410893.06 ms
    Latency P99: 440747.09 ms
    SLA Met: [X] (compliance: 0.0%)

  RESPONSIVE:
    Requests: 76
    Latency P95: 202544.66 ms
    Latency P99: 303250.00 ms
    SLA Met: [X] (compliance: 0.0%)

  BATCH:
    Requests: 74
    Latency P95: 123033.31 ms
    Latency P99: 147536.39 ms
    SLA Met: [X] (compliance: 0.0%)

================================================================================
NOTES:
  - Pure storage I/O benchmark (no generation simulation)
================================================================================

Integrated Multi-User KV Cache Benchmark - MLPerf Edition
Model: Llama 3.1 8B
GPU Memory: 0 GB
Users: 200
Duration: 300s
Seed: 123
Generation Mode: none (0.0ms/token)
Features:
  - Phase-Aware Processing: Enabled
  - Multi-turn Conversations: Enabled
  - Prefix Caching: Enabled
  - RAG Workload: Disabled
  - Autoscaling: Disabled
  - QoS Support: Enabled (Interactive/Responsive/Batch)
  - Trace-Driven (BurstGPT): Disabled
  - ShareGPT Dataset: Disabled
  - Max Concurrent Allocations: 16 (bounds RAM usage)
================================================================================

User Context Length Distribution:
  Min: 547 tokens (68.38MiB)
  Max: 24939 tokens (3117.38MiB)
  Mean: 9192 tokens (1148.95MiB)

QoS Distribution:
  interactive: 30 users
  responsive: 76 users
  batch: 94 users

### MEMORY SAFETY CHECK ###
  Formula: peak = (workers x 2 x mean_entry_bytes) + baseline
         = (200 x 2 x 1000MiB) + 2.5GiB
         = 393.1GiB
  Available RAM: 992.0GiB
  Mean entry size: 1000MiB  (8000 tok x 131,072 B/tok)
  Peak per thread: 2000MiB  (np.load + np.array copy)
  Worker threads: 200
  Safe concurrent readers: ~506  = (available - baseline) / peak_per_thread
  Status: OK

Starting benchmark... Mode: standard (prefill+decode)
--------------------------------------------------------------------------------

================================================================================
BENCHMARK RESULTS - MLPerf KV Cache Storage Benchmark
Generation Mode: none (0.0ms/token)
================================================================================

IMPORTANT: All storage latencies below are measured per KV cache BLOCK,
not per token or per disk page.  Each block holds the full KV state for
one request (all layers, all heads, full sequence length).
  Model KV bytes/token: 131,072 bytes (128.0KiB)
  Entries in cache: 586
  Block size min:   25.1MiB
  Block size mean:  653.7MiB
  Block size P95:   1858.6MiB
  Block size max:   2719.0MiB
  A 200MiB block at 1GiB/s NVMe read = ~200 ms device latency.
  Compare latencies against block sizes, not against 4KiB page I/O.


### OVERALL PERFORMANCE ###
Requests Completed: 568
Total Tokens Generated: 94022
Throughput (wall-clock): 313.38 tokens/sec
Throughput (storage I/O): 4.96 tokens/sec
Requests/sec: 1.89

### END-TO-END LATENCY (Queue Wait + Storage I/O + Generation) ###
  Mean: 200295.37 ms
  P50:  165814.60 ms
  P95:  416611.27 ms
  P99:  439302.88 ms

### PER-REQUEST STORAGE LATENCY (All I/O ops for one request) ###
  Mean: 33347.98 ms
  P50:  20819.63 ms
  P95:  109695.88 ms
  P99:  158156.43 ms
  (= 1 prefill write + N decode reads per request)

### STORAGE PERFORMANCE ###
  Cache Hit Rate: 65.6%
  Total Read: 1831.48GiB
  Total Write: 374.12GiB
  Read/Write Ratio: 4.90
  Storage KV Read Operations/sec: 11.18
  Storage KV Write Operations/sec: 1.95

### CACHE TIER DISTRIBUTION ###
  GPU Entries: 0 (0.00GiB)
  CPU Entries: 0 (0.00GiB)
  Storage Entries: 586

### TIER-SPECIFIC KV BYTES ###
  Storage KV Bytes Written: 374.12GiB
  Storage KV Bytes Read: 1831.48GiB

### STORAGE KV BANDWIDTH ###
  Storage KV Read Bandwidth: 6.10GiB/s
  Storage KV Write Bandwidth: 1.25GiB/s

### TIER-SPECIFIC LATENCIES (Total = Host + Device) ###
  Storage Read P95 (Total): 19213.24 ms
  Storage Write P95 (Total): 10741.99 ms

### STORAGE TIER LATENCY BREAKDOWN (Device = Disk I/O, Host = Serialization) ###
  Storage Read:
    - Device P95 (Disk I/O): 15789.44 ms
    - Host P95 (Serialization): 5985.87 ms
    - Total P95: 19213.24 ms
  Storage Write:
    - Device P95 (Disk I/O): 813.27 ms
    - Host P95 (Serialization): 10130.23 ms
    - Total P95: 10741.99 ms

### CACHE TYPE BREAKDOWNS ###
  System Prompt Hits: 547
  Common Phrase Hits: 0
  User Cache Hits: 2458
  Multi-turn Hits: 350

### PREFIX CACHING ###
  Prefix Hits: 118
  Prefix Misses: 471
  System Prompt Reuse: 118
  Bytes Saved: 0.10GiB

### MULTI-TURN CONVERSATIONS ###
  Multi-turn Cache Hits: 348
  Multi-turn Cache Misses: 1640
  Multi-turn Hit Rate: 17.5%

### QOS LATENCY METRICS (Informational - includes simulated generation) ###

  INTERACTIVE:
    Requests: 408
    Latency P95: 419950.40 ms
    Latency P99: 448092.51 ms
    SLA Met: [X] (compliance: 0.0%)

  RESPONSIVE:
    Requests: 104
    Latency P95: 168202.39 ms
    Latency P99: 272457.75 ms
    SLA Met: [X] (compliance: 0.0%)

  BATCH:
    Requests: 56
    Latency P95: 279438.47 ms
    Latency P99: 342376.38 ms
    SLA Met: [X] (compliance: 0.0%)

================================================================================
NOTES:
  - Pure storage I/O benchmark (no generation simulation)
================================================================================

Integrated Multi-User KV Cache Benchmark - MLPerf Edition
Model: Llama 3.1 8B
GPU Memory: 0 GB
Users: 200
Duration: 300s
Seed: 223
Generation Mode: none (0.0ms/token)
Features:
  - Phase-Aware Processing: Enabled
  - Multi-turn Conversations: Enabled
  - Prefix Caching: Enabled
  - RAG Workload: Disabled
  - Autoscaling: Disabled
  - QoS Support: Enabled (Interactive/Responsive/Batch)
  - Trace-Driven (BurstGPT): Disabled
  - ShareGPT Dataset: Disabled
  - Max Concurrent Allocations: 16 (bounds RAM usage)
================================================================================

User Context Length Distribution:
  Min: 708 tokens (88.50MiB)
  Max: 24889 tokens (3111.12MiB)
  Mean: 8812 tokens (1101.56MiB)

QoS Distribution:
  interactive: 28 users
  responsive: 73 users
  batch: 99 users

### MEMORY SAFETY CHECK ###
  Formula: peak = (workers x 2 x mean_entry_bytes) + baseline
         = (200 x 2 x 1000MiB) + 2.5GiB
         = 393.1GiB
  Available RAM: 989.6GiB
  Mean entry size: 1000MiB  (8000 tok x 131,072 B/tok)
  Peak per thread: 2000MiB  (np.load + np.array copy)
  Worker threads: 200
  Safe concurrent readers: ~505  = (available - baseline) / peak_per_thread
  Status: OK

Starting benchmark... Mode: standard (prefill+decode)
--------------------------------------------------------------------------------

================================================================================
BENCHMARK RESULTS - MLPerf KV Cache Storage Benchmark
Generation Mode: none (0.0ms/token)
================================================================================

IMPORTANT: All storage latencies below are measured per KV cache BLOCK,
not per token or per disk page.  Each block holds the full KV state for
one request (all layers, all heads, full sequence length).
  Model KV bytes/token: 131,072 bytes (128.0KiB)
  Entries in cache: 667
  Block size min:   24.6MiB
  Block size mean:  584.5MiB
  Block size P95:   1881.8MiB
  Block size max:   2633.5MiB
  A 200MiB block at 1GiB/s NVMe read = ~200 ms device latency.
  Compare latencies against block sizes, not against 4KiB page I/O.


### OVERALL PERFORMANCE ###
Requests Completed: 645
Total Tokens Generated: 102632
Throughput (wall-clock): 338.22 tokens/sec
Throughput (storage I/O): 5.37 tokens/sec
Requests/sec: 2.13

### END-TO-END LATENCY (Queue Wait + Storage I/O + Generation) ###
  Mean: 191083.79 ms
  P50:  179327.25 ms
  P95:  414338.71 ms
  P99:  431737.05 ms

### PER-REQUEST STORAGE LATENCY (All I/O ops for one request) ###
  Mean: 29649.10 ms
  P50:  17288.40 ms
  P95:  95775.92 ms
  P99:  145202.33 ms
  (= 1 prefill write + N decode reads per request)

### STORAGE PERFORMANCE ###
  Cache Hit Rate: 67.4%
  Total Read: 1882.06GiB
  Total Write: 380.70GiB
  Read/Write Ratio: 4.94
  Storage KV Read Operations/sec: 12.86
  Storage KV Write Operations/sec: 2.22

### CACHE TIER DISTRIBUTION ###
  GPU Entries: 0 (0.00GiB)
  CPU Entries: 0 (0.00GiB)
  Storage Entries: 667

### TIER-SPECIFIC KV BYTES ###
  Storage KV Bytes Written: 380.70GiB
  Storage KV Bytes Read: 1882.06GiB

### STORAGE KV BANDWIDTH ###
  Storage KV Read Bandwidth: 6.20GiB/s
  Storage KV Write Bandwidth: 1.25GiB/s

### TIER-SPECIFIC LATENCIES (Total = Host + Device) ###
  Storage Read P95 (Total): 14922.07 ms
  Storage Write P95 (Total): 7860.03 ms

### STORAGE TIER LATENCY BREAKDOWN (Device = Disk I/O, Host = Serialization) ###
  Storage Read:
    - Device P95 (Disk I/O): 13172.99 ms
    - Host P95 (Serialization): 4760.56 ms
    - Total P95: 14922.07 ms
  Storage Write:
    - Device P95 (Disk I/O): 915.45 ms
    - Host P95 (Serialization): 7666.99 ms
    - Total P95: 7860.03 ms

### CACHE TYPE BREAKDOWNS ###
  System Prompt Hits: 836
  Common Phrase Hits: 0
  User Cache Hits: 2676
  Multi-turn Hits: 346

### PREFIX CACHING ###
  Prefix Hits: 153
  Prefix Misses: 516
  System Prompt Reuse: 153
  Bytes Saved: 0.12GiB

### MULTI-TURN CONVERSATIONS ###
  Multi-turn Cache Hits: 345
  Multi-turn Cache Misses: 1716
  Multi-turn Hit Rate: 16.7%

### QOS LATENCY METRICS (Informational - includes simulated generation) ###

  INTERACTIVE:
    Requests: 479
    Latency P95: 416773.27 ms
    Latency P99: 435471.24 ms
    SLA Met: [X] (compliance: 0.0%)

  RESPONSIVE:
    Requests: 85
    Latency P95: 128255.49 ms
    Latency P99: 188497.24 ms
    SLA Met: [X] (compliance: 0.0%)

  BATCH:
    Requests: 81
    Latency P95: 137672.22 ms
    Latency P99: 206052.34 ms
    SLA Met: [X] (compliance: 0.0%)

================================================================================
NOTES:
  - Pure storage I/O benchmark (no generation simulation)
================================================================================

Integrated Multi-User KV Cache Benchmark - MLPerf Edition
Model: Llama 3.1 8B
GPU Memory: 0 GB
Users: 200
Duration: 300s
Seed: 115
Generation Mode: none (0.0ms/token)
Features:
  - Phase-Aware Processing: Enabled
  - Multi-turn Conversations: Enabled
  - Prefix Caching: Enabled
  - RAG Workload: Disabled
  - Autoscaling: Disabled
  - QoS Support: Enabled (Interactive/Responsive/Batch)
  - Trace-Driven (BurstGPT): Disabled
  - ShareGPT Dataset: Disabled
  - Max Concurrent Allocations: 16 (bounds RAM usage)
================================================================================

User Context Length Distribution:
  Min: 559 tokens (69.88MiB)
  Max: 24744 tokens (3093.00MiB)
  Mean: 9082 tokens (1135.21MiB)

QoS Distribution:
  interactive: 26 users
  responsive: 70 users
  batch: 104 users

### MEMORY SAFETY CHECK ###
  Formula: peak = (workers x 2 x mean_entry_bytes) + baseline
         = (200 x 2 x 1000MiB) + 2.5GiB
         = 393.1GiB
  Available RAM: 991.0GiB
  Mean entry size: 1000MiB  (8000 tok x 131,072 B/tok)
  Peak per thread: 2000MiB  (np.load + np.array copy)
  Worker threads: 200
  Safe concurrent readers: ~506  = (available - baseline) / peak_per_thread
  Status: OK

Starting benchmark... Mode: standard (prefill+decode)
--------------------------------------------------------------------------------

================================================================================
BENCHMARK RESULTS - MLPerf KV Cache Storage Benchmark
Generation Mode: none (0.0ms/token)
================================================================================

IMPORTANT: All storage latencies below are measured per KV cache BLOCK,
not per token or per disk page.  Each block holds the full KV state for
one request (all layers, all heads, full sequence length).
  Model KV bytes/token: 131,072 bytes (128.0KiB)
  Entries in cache: 604
  Block size min:   23.9MiB
  Block size mean:  606.2MiB
  Block size P95:   1762.5MiB
  Block size max:   2839.4MiB
  A 200MiB block at 1GiB/s NVMe read = ~200 ms device latency.
  Compare latencies against block sizes, not against 4KiB page I/O.


### OVERALL PERFORMANCE ###
Requests Completed: 589
Total Tokens Generated: 93628
Throughput (wall-clock): 308.36 tokens/sec
Throughput (storage I/O): 4.44 tokens/sec
Requests/sec: 1.94

### END-TO-END LATENCY (Queue Wait + Storage I/O + Generation) ###
  Mean: 203775.10 ms
  P50:  189212.21 ms
  P95:  427213.26 ms
  P99:  433420.75 ms

### PER-REQUEST STORAGE LATENCY (All I/O ops for one request) ###
  Mean: 35817.26 ms
  P50:  23767.60 ms
  P95:  104660.56 ms
  P99:  153840.22 ms
  (= 1 prefill write + N decode reads per request)

### STORAGE PERFORMANCE ###
  Cache Hit Rate: 84.5%
  Total Read: 1564.07GiB
  Total Write: 357.56GiB
  Read/Write Ratio: 4.37
  Storage KV Read Operations/sec: 10.76
  Storage KV Write Operations/sec: 2.01

### CACHE TIER DISTRIBUTION ###
  GPU Entries: 0 (0.00GiB)
  CPU Entries: 0 (0.00GiB)
  Storage Entries: 604

### TIER-SPECIFIC KV BYTES ###
  Storage KV Bytes Written: 357.56GiB
  Storage KV Bytes Read: 1564.07GiB

### STORAGE KV BANDWIDTH ###
  Storage KV Read Bandwidth: 5.15GiB/s
  Storage KV Write Bandwidth: 1.18GiB/s

### TIER-SPECIFIC LATENCIES (Total = Host + Device) ###
  Storage Read P95 (Total): 17657.76 ms
  Storage Write P95 (Total): 10463.52 ms

### STORAGE TIER LATENCY BREAKDOWN (Device = Disk I/O, Host = Serialization) ###
  Storage Read:
    - Device P95 (Disk I/O): 15921.93 ms
    - Host P95 (Serialization): 6713.58 ms
    - Total P95: 17657.76 ms
  Storage Write:
    - Device P95 (Disk I/O): 1758.20 ms
    - Host P95 (Serialization): 9857.04 ms
    - Total P95: 10463.52 ms

### CACHE TYPE BREAKDOWNS ###
  System Prompt Hits: 597
  Common Phrase Hits: 0
  User Cache Hits: 2602
  Multi-turn Hits: 28

### PREFIX CACHING ###
  Prefix Hits: 121
  Prefix Misses: 483
  System Prompt Reuse: 121
  Bytes Saved: 0.10GiB

### MULTI-TURN CONVERSATIONS ###
  Multi-turn Cache Hits: 28
  Multi-turn Cache Misses: 473
  Multi-turn Hit Rate: 5.6%

### QOS LATENCY METRICS (Informational - includes simulated generation) ###

  INTERACTIVE:
    Requests: 426
    Latency P95: 429038.34 ms
    Latency P99: 436660.71 ms
    SLA Met: [X] (compliance: 0.0%)

  RESPONSIVE:
    Requests: 82
    Latency P95: 168146.69 ms
    Latency P99: 237789.80 ms
    SLA Met: [X] (compliance: 0.0%)

  BATCH:
    Requests: 81
    Latency P95: 218188.32 ms
    Latency P99: 281940.77 ms
    SLA Met: [X] (compliance: 0.0%)

================================================================================
NOTES:
  - Pure storage I/O benchmark (no generation simulation)
================================================================================

Integrated Multi-User KV Cache Benchmark - MLPerf Edition
Model: Llama 3.1 8B
GPU Memory: 0 GB
Users: 200
Duration: 300s
Seed: 150
Generation Mode: none (0.0ms/token)
Features:
  - Phase-Aware Processing: Enabled
  - Multi-turn Conversations: Enabled
  - Prefix Caching: Enabled
  - RAG Workload: Disabled
  - Autoscaling: Disabled
  - QoS Support: Enabled (Interactive/Responsive/Batch)
  - Trace-Driven (BurstGPT): Disabled
  - ShareGPT Dataset: Disabled
  - Max Concurrent Allocations: 16 (bounds RAM usage)
================================================================================

User Context Length Distribution:
  Min: 656 tokens (82.00MiB)
  Max: 24801 tokens (3100.12MiB)
  Mean: 9402 tokens (1175.29MiB)

QoS Distribution:
  interactive: 26 users
  responsive: 82 users
  batch: 92 users

### MEMORY SAFETY CHECK ###
  Formula: peak = (workers x 2 x mean_entry_bytes) + baseline
         = (200 x 2 x 1000MiB) + 2.5GiB
         = 393.1GiB
  Available RAM: 990.7GiB
  Mean entry size: 1000MiB  (8000 tok x 131,072 B/tok)
  Peak per thread: 2000MiB  (np.load + np.array copy)
  Worker threads: 200
  Safe concurrent readers: ~505  = (available - baseline) / peak_per_thread
  Status: OK

Starting benchmark... Mode: standard (prefill+decode)
--------------------------------------------------------------------------------

================================================================================
BENCHMARK RESULTS - MLPerf KV Cache Storage Benchmark
Generation Mode: none (0.0ms/token)
================================================================================

IMPORTANT: All storage latencies below are measured per KV cache BLOCK,
not per token or per disk page.  Each block holds the full KV state for
one request (all layers, all heads, full sequence length).
  Model KV bytes/token: 131,072 bytes (128.0KiB)
  Entries in cache: 600
  Block size min:   31.4MiB
  Block size mean:  696.5MiB
  Block size P95:   1868.0MiB
  Block size max:   2906.4MiB
  A 200MiB block at 1GiB/s NVMe read = ~200 ms device latency.
  Compare latencies against block sizes, not against 4KiB page I/O.


### OVERALL PERFORMANCE ###
Requests Completed: 582
Total Tokens Generated: 94272
Throughput (wall-clock): 307.42 tokens/sec
Throughput (storage I/O): 4.74 tokens/sec
Requests/sec: 1.90

### END-TO-END LATENCY (Queue Wait + Storage I/O + Generation) ###
  Mean: 201201.38 ms
  P50:  176019.81 ms
  P95:  417130.62 ms
  P99:  436269.73 ms

### PER-REQUEST STORAGE LATENCY (All I/O ops for one request) ###
  Mean: 34140.93 ms
  P50:  20492.48 ms
  P95:  96950.18 ms
  P99:  165902.93 ms
  (= 1 prefill write + N decode reads per request)

### STORAGE PERFORMANCE ###
  Cache Hit Rate: 67.3%
  Total Read: 1994.25GiB
  Total Write: 408.08GiB
  Read/Write Ratio: 4.89
  Storage KV Read Operations/sec: 11.10
  Storage KV Write Operations/sec: 2.00

### CACHE TIER DISTRIBUTION ###
  GPU Entries: 0 (0.00GiB)
  CPU Entries: 0 (0.00GiB)
  Storage Entries: 600

### TIER-SPECIFIC KV BYTES ###
  Storage KV Bytes Written: 408.08GiB
  Storage KV Bytes Read: 1994.25GiB

### STORAGE KV BANDWIDTH ###
  Storage KV Read Bandwidth: 6.50GiB/s
  Storage KV Write Bandwidth: 1.33GiB/s

### TIER-SPECIFIC LATENCIES (Total = Host + Device) ###
  Storage Read P95 (Total): 16476.20 ms
  Storage Write P95 (Total): 8285.08 ms

### STORAGE TIER LATENCY BREAKDOWN (Device = Disk I/O, Host = Serialization) ###
  Storage Read:
    - Device P95 (Disk I/O): 13828.23 ms
    - Host P95 (Serialization): 5330.54 ms
    - Total P95: 16476.20 ms
  Storage Write:
    - Device P95 (Disk I/O): 2394.08 ms
    - Host P95 (Serialization): 8244.98 ms
    - Total P95: 8285.08 ms

### CACHE TYPE BREAKDOWNS ###
  System Prompt Hits: 737
  Common Phrase Hits: 0
  User Cache Hits: 2375
  Multi-turn Hits: 219

### PREFIX CACHING ###
  Prefix Hits: 140
  Prefix Misses: 462
  System Prompt Reuse: 140
  Bytes Saved: 0.11GiB

### MULTI-TURN CONVERSATIONS ###
  Multi-turn Cache Hits: 217
  Multi-turn Cache Misses: 1475
  Multi-turn Hit Rate: 12.8%

### QOS LATENCY METRICS (Informational - includes simulated generation) ###

  INTERACTIVE:
    Requests: 425
    Latency P95: 418677.63 ms
    Latency P99: 444596.39 ms
    SLA Met: [X] (compliance: 0.0%)

  RESPONSIVE:
    Requests: 83
    Latency P95: 168314.25 ms
    Latency P99: 257177.97 ms
    SLA Met: [X] (compliance: 0.0%)

  BATCH:
    Requests: 74
    Latency P95: 147609.02 ms
    Latency P99: 165514.93 ms
    SLA Met: [X] (compliance: 0.0%)

================================================================================
NOTES:
  - Pure storage I/O benchmark (no generation simulation)
================================================================================

Integrated Multi-User KV Cache Benchmark - MLPerf Edition
Model: Llama 3.1 8B
GPU Memory: 0 GB
Users: 200
Duration: 300s
Seed: 51
Generation Mode: none (0.0ms/token)
Features:
  - Phase-Aware Processing: Enabled
  - Multi-turn Conversations: Enabled
  - Prefix Caching: Enabled
  - RAG Workload: Disabled
  - Autoscaling: Disabled
  - QoS Support: Enabled (Interactive/Responsive/Batch)
  - Trace-Driven (BurstGPT): Disabled
  - ShareGPT Dataset: Disabled
  - Max Concurrent Allocations: 16 (bounds RAM usage)
================================================================================

User Context Length Distribution:
  Min: 628 tokens (78.50MiB)
  Max: 24634 tokens (3079.25MiB)
  Mean: 9506 tokens (1188.23MiB)

QoS Distribution:
  interactive: 34 users
  responsive: 63 users
  batch: 103 users

### MEMORY SAFETY CHECK ###
  Formula: peak = (workers x 2 x mean_entry_bytes) + baseline
         = (200 x 2 x 1000MiB) + 2.5GiB
         = 393.1GiB
  Available RAM: 991.9GiB
  Mean entry size: 1000MiB  (8000 tok x 131,072 B/tok)
  Peak per thread: 2000MiB  (np.load + np.array copy)
  Worker threads: 200
  Safe concurrent readers: ~506  = (available - baseline) / peak_per_thread
  Status: OK

Starting benchmark... Mode: standard (prefill+decode)
--------------------------------------------------------------------------------

================================================================================
BENCHMARK RESULTS - MLPerf KV Cache Storage Benchmark
Generation Mode: none (0.0ms/token)
================================================================================

IMPORTANT: All storage latencies below are measured per KV cache BLOCK,
not per token or per disk page.  Each block holds the full KV state for
one request (all layers, all heads, full sequence length).
  Model KV bytes/token: 131,072 bytes (128.0KiB)
  Entries in cache: 620
  Block size min:   23.4MiB
  Block size mean:  648.8MiB
  Block size P95:   1976.2MiB
  Block size max:   2791.9MiB
  A 200MiB block at 1GiB/s NVMe read = ~200 ms device latency.
  Compare latencies against block sizes, not against 4KiB page I/O.


### OVERALL PERFORMANCE ###
Requests Completed: 602
Total Tokens Generated: 108324
Throughput (wall-clock): 360.17 tokens/sec
Throughput (storage I/O): 6.05 tokens/sec
Requests/sec: 2.00

### END-TO-END LATENCY (Queue Wait + Storage I/O + Generation) ###
  Mean: 206122.89 ms
  P50:  199590.77 ms
  P95:  426092.38 ms
  P99:  445529.04 ms

### PER-REQUEST STORAGE LATENCY (All I/O ops for one request) ###
  Mean: 29730.54 ms
  P50:  15447.19 ms
  P95:  101275.95 ms
  P99:  176748.88 ms
  (= 1 prefill write + N decode reads per request)

### STORAGE PERFORMANCE ###
  Cache Hit Rate: 87.9%
  Total Read: 1755.12GiB
  Total Write: 392.85GiB
  Read/Write Ratio: 4.47
  Storage KV Read Operations/sec: 11.59
  Storage KV Write Operations/sec: 2.07

### CACHE TIER DISTRIBUTION ###
  GPU Entries: 0 (0.00GiB)
  CPU Entries: 0 (0.00GiB)
  Storage Entries: 620

### TIER-SPECIFIC KV BYTES ###
  Storage KV Bytes Written: 392.85GiB
  Storage KV Bytes Read: 1755.12GiB

### STORAGE KV BANDWIDTH ###
  Storage KV Read Bandwidth: 5.84GiB/s
  Storage KV Write Bandwidth: 1.31GiB/s

### TIER-SPECIFIC LATENCIES (Total = Host + Device) ###
  Storage Read P95 (Total): 16143.86 ms
  Storage Write P95 (Total): 8922.44 ms

### STORAGE TIER LATENCY BREAKDOWN (Device = Disk I/O, Host = Serialization) ###
  Storage Read:
    - Device P95 (Disk I/O): 13701.84 ms
    - Host P95 (Serialization): 4948.75 ms
    - Total P95: 16143.86 ms
  Storage Write:
    - Device P95 (Disk I/O): 937.21 ms
    - Host P95 (Serialization): 8531.83 ms
    - Total P95: 8922.44 ms

### CACHE TYPE BREAKDOWNS ###
  System Prompt Hits: 673
  Common Phrase Hits: 0
  User Cache Hits: 2784
  Multi-turn Hits: 21

### PREFIX CACHING ###
  Prefix Hits: 115
  Prefix Misses: 505
  System Prompt Reuse: 115
  Bytes Saved: 0.09GiB

### MULTI-TURN CONVERSATIONS ###
  Multi-turn Cache Hits: 21
  Multi-turn Cache Misses: 366
  Multi-turn Hit Rate: 5.4%

### QOS LATENCY METRICS (Informational - includes simulated generation) ###

  INTERACTIVE:
    Requests: 454
    Latency P95: 428014.90 ms
    Latency P99: 447192.21 ms
    SLA Met: [X] (compliance: 0.0%)

  RESPONSIVE:
    Requests: 92
    Latency P95: 187867.00 ms
    Latency P99: 223886.77 ms
    SLA Met: [X] (compliance: 0.0%)

  BATCH:
    Requests: 56
    Latency P95: 159645.55 ms
    Latency P99: 323899.65 ms
    SLA Met: [X] (compliance: 0.0%)

================================================================================
NOTES:
  - Pure storage I/O benchmark (no generation simulation)
================================================================================

Integrated Multi-User KV Cache Benchmark - MLPerf Edition
Model: Llama 3.1 8B
GPU Memory: 0 GB
Users: 200
Duration: 300s
Seed: 55
Generation Mode: none (0.0ms/token)
Features:
  - Phase-Aware Processing: Enabled
  - Multi-turn Conversations: Enabled
  - Prefix Caching: Enabled
  - RAG Workload: Disabled
  - Autoscaling: Disabled
  - QoS Support: Enabled (Interactive/Responsive/Batch)
  - Trace-Driven (BurstGPT): Disabled
  - ShareGPT Dataset: Disabled
  - Max Concurrent Allocations: 16 (bounds RAM usage)
================================================================================

User Context Length Distribution:
  Min: 543 tokens (67.88MiB)
  Max: 24793 tokens (3099.12MiB)
  Mean: 9482 tokens (1185.25MiB)

QoS Distribution:
  interactive: 29 users
  responsive: 61 users
  batch: 110 users

### MEMORY SAFETY CHECK ###
  Formula: peak = (workers x 2 x mean_entry_bytes) + baseline
         = (200 x 2 x 1000MiB) + 2.5GiB
         = 393.1GiB
  Available RAM: 991.0GiB
  Mean entry size: 1000MiB  (8000 tok x 131,072 B/tok)
  Peak per thread: 2000MiB  (np.load + np.array copy)
  Worker threads: 200
  Safe concurrent readers: ~506  = (available - baseline) / peak_per_thread
  Status: OK

Starting benchmark... Mode: standard (prefill+decode)
--------------------------------------------------------------------------------

================================================================================
BENCHMARK RESULTS - MLPerf KV Cache Storage Benchmark
Generation Mode: none (0.0ms/token)
================================================================================

IMPORTANT: All storage latencies below are measured per KV cache BLOCK,
not per token or per disk page.  Each block holds the full KV state for
one request (all layers, all heads, full sequence length).
  Model KV bytes/token: 131,072 bytes (128.0KiB)
  Entries in cache: 564
  Block size min:   16.9MiB
  Block size mean:  633.8MiB
  Block size P95:   1645.1MiB
  Block size max:   2828.9MiB
  A 200MiB block at 1GiB/s NVMe read = ~200 ms device latency.
  Compare latencies against block sizes, not against 4KiB page I/O.


### OVERALL PERFORMANCE ###
Requests Completed: 538
Total Tokens Generated: 90799
Throughput (wall-clock): 300.71 tokens/sec
Throughput (storage I/O): 4.22 tokens/sec
Requests/sec: 1.78

### END-TO-END LATENCY (Queue Wait + Storage I/O + Generation) ###
  Mean: 216545.79 ms
  P50:  212965.03 ms
  P95:  423129.02 ms
  P99:  432383.54 ms

### PER-REQUEST STORAGE LATENCY (All I/O ops for one request) ###
  Mean: 39984.61 ms
  P50:  24816.14 ms
  P95:  134310.06 ms
  P99:  180299.16 ms
  (= 1 prefill write + N decode reads per request)

### STORAGE PERFORMANCE ###
  Cache Hit Rate: 90.3%
  Total Read: 1734.68GiB
  Total Write: 349.07GiB
  Read/Write Ratio: 4.97
  Storage KV Read Operations/sec: 10.61
  Storage KV Write Operations/sec: 1.88

### CACHE TIER DISTRIBUTION ###
  GPU Entries: 0 (0.00GiB)
  CPU Entries: 0 (0.00GiB)
  Storage Entries: 564

### TIER-SPECIFIC KV BYTES ###
  Storage KV Bytes Written: 349.07GiB
  Storage KV Bytes Read: 1734.68GiB

### STORAGE KV BANDWIDTH ###
  Storage KV Read Bandwidth: 5.74GiB/s
  Storage KV Write Bandwidth: 1.16GiB/s

### TIER-SPECIFIC LATENCIES (Total = Host + Device) ###
  Storage Read P95 (Total): 20138.12 ms
  Storage Write P95 (Total): 11854.28 ms

### STORAGE TIER LATENCY BREAKDOWN (Device = Disk I/O, Host = Serialization) ###
  Storage Read:
    - Device P95 (Disk I/O): 16414.51 ms
    - Host P95 (Serialization): 8093.38 ms
    - Total P95: 20138.12 ms
  Storage Write:
    - Device P95 (Disk I/O): 2126.08 ms
    - Host P95 (Serialization): 10783.84 ms
    - Total P95: 11854.28 ms

### CACHE TYPE BREAKDOWNS ###
  System Prompt Hits: 460
  Common Phrase Hits: 0
  User Cache Hits: 2704
  Multi-turn Hits: 18

### PREFIX CACHING ###
  Prefix Hits: 90
  Prefix Misses: 474
  System Prompt Reuse: 90
  Bytes Saved: 0.07GiB

### MULTI-TURN CONVERSATIONS ###
  Multi-turn Cache Hits: 18
  Multi-turn Cache Misses: 253
  Multi-turn Hit Rate: 6.6%

### QOS LATENCY METRICS (Informational - includes simulated generation) ###

  INTERACTIVE:
    Requests: 376
    Latency P95: 426709.85 ms
    Latency P99: 435936.15 ms
    SLA Met: [X] (compliance: 0.0%)

  RESPONSIVE:
    Requests: 55
    Latency P95: 243926.45 ms
    Latency P99: 270932.48 ms
    SLA Met: [X] (compliance: 0.0%)

  BATCH:
    Requests: 107
    Latency P95: 211701.09 ms
    Latency P99: 300457.59 ms
    SLA Met: [X] (compliance: 0.0%)

================================================================================
NOTES:
  - Pure storage I/O benchmark (no generation simulation)
================================================================================

Integrated Multi-User KV Cache Benchmark - MLPerf Edition
Model: Llama 3.1 8B
GPU Memory: 0 GB
Users: 200
Duration: 300s
Seed: 165
Generation Mode: none (0.0ms/token)
Features:
  - Phase-Aware Processing: Enabled
  - Multi-turn Conversations: Enabled
  - Prefix Caching: Enabled
  - RAG Workload: Disabled
  - Autoscaling: Disabled
  - QoS Support: Enabled (Interactive/Responsive/Batch)
  - Trace-Driven (BurstGPT): Disabled
  - ShareGPT Dataset: Disabled
  - Max Concurrent Allocations: 16 (bounds RAM usage)
================================================================================

User Context Length Distribution:
  Min: 526 tokens (65.75MiB)
  Max: 24949 tokens (3118.62MiB)
  Mean: 8834 tokens (1104.21MiB)

QoS Distribution:
  interactive: 36 users
  responsive: 64 users
  batch: 100 users

### MEMORY SAFETY CHECK ###
  Formula: peak = (workers x 2 x mean_entry_bytes) + baseline
         = (200 x 2 x 1000MiB) + 2.5GiB
         = 393.1GiB
  Available RAM: 991.1GiB
  Mean entry size: 1000MiB  (8000 tok x 131,072 B/tok)
  Peak per thread: 2000MiB  (np.load + np.array copy)
  Worker threads: 200
  Safe concurrent readers: ~506  = (available - baseline) / peak_per_thread
  Status: OK

Starting benchmark... Mode: standard (prefill+decode)
--------------------------------------------------------------------------------

================================================================================
BENCHMARK RESULTS - MLPerf KV Cache Storage Benchmark
Generation Mode: none (0.0ms/token)
================================================================================

IMPORTANT: All storage latencies below are measured per KV cache BLOCK,
not per token or per disk page.  Each block holds the full KV state for
one request (all layers, all heads, full sequence length).
  Model KV bytes/token: 131,072 bytes (128.0KiB)
  Entries in cache: 651
  Block size min:   18.2MiB
  Block size mean:  603.8MiB
  Block size P95:   2023.8MiB
  Block size max:   2774.0MiB
  A 200MiB block at 1GiB/s NVMe read = ~200 ms device latency.
  Compare latencies against block sizes, not against 4KiB page I/O.


### OVERALL PERFORMANCE ###
Requests Completed: 642
Total Tokens Generated: 105295
Throughput (wall-clock): 348.88 tokens/sec
Throughput (storage I/O): 4.88 tokens/sec
Requests/sec: 2.13

### END-TO-END LATENCY (Queue Wait + Storage I/O + Generation) ###
  Mean: 199630.44 ms
  P50:  176885.43 ms
  P95:  440110.19 ms
  P99:  450360.18 ms

### PER-REQUEST STORAGE LATENCY (All I/O ops for one request) ###
  Mean: 33585.95 ms
  P50:  21440.84 ms
  P95:  103825.52 ms
  P99:  159651.92 ms
  (= 1 prefill write + N decode reads per request)

### STORAGE PERFORMANCE ###
  Cache Hit Rate: 89.7%
  Total Read: 1575.70GiB
  Total Write: 383.89GiB
  Read/Write Ratio: 4.10
  Storage KV Read Operations/sec: 11.51
  Storage KV Write Operations/sec: 2.17

### CACHE TIER DISTRIBUTION ###
  GPU Entries: 0 (0.00GiB)
  CPU Entries: 0 (0.00GiB)
  Storage Entries: 651

### TIER-SPECIFIC KV BYTES ###
  Storage KV Bytes Written: 383.89GiB
  Storage KV Bytes Read: 1575.70GiB

### STORAGE KV BANDWIDTH ###
  Storage KV Read Bandwidth: 5.22GiB/s
  Storage KV Write Bandwidth: 1.27GiB/s

### TIER-SPECIFIC LATENCIES (Total = Host + Device) ###
  Storage Read P95 (Total): 15828.71 ms
  Storage Write P95 (Total): 10857.02 ms

### STORAGE TIER LATENCY BREAKDOWN (Device = Disk I/O, Host = Serialization) ###
  Storage Read:
    - Device P95 (Disk I/O): 13960.16 ms
    - Host P95 (Serialization): 7082.16 ms
    - Total P95: 15828.71 ms
  Storage Write:
    - Device P95 (Disk I/O): 1416.06 ms
    - Host P95 (Serialization): 10782.02 ms
    - Total P95: 10857.02 ms

### CACHE TYPE BREAKDOWNS ###
  System Prompt Hits: 617
  Common Phrase Hits: 0
  User Cache Hits: 2814
  Multi-turn Hits: 21

### PREFIX CACHING ###
  Prefix Hits: 122
  Prefix Misses: 529
  System Prompt Reuse: 122
  Bytes Saved: 0.10GiB

### MULTI-TURN CONVERSATIONS ###
  Multi-turn Cache Hits: 21
  Multi-turn Cache Misses: 274
  Multi-turn Hit Rate: 7.1%

### QOS LATENCY METRICS (Informational - includes simulated generation) ###

  INTERACTIVE:
    Requests: 491
    Latency P95: 442240.93 ms
    Latency P99: 450569.23 ms
    SLA Met: [X] (compliance: 0.0%)

  RESPONSIVE:
    Requests: 70
    Latency P95: 188310.81 ms
    Latency P99: 233811.50 ms
    SLA Met: [X] (compliance: 0.0%)

  BATCH:
    Requests: 81
    Latency P95: 151992.38 ms
    Latency P99: 230852.37 ms
    SLA Met: [X] (compliance: 0.0%)

================================================================================
NOTES:
  - Pure storage I/O benchmark (no generation simulation)
================================================================================

Integrated Multi-User KV Cache Benchmark - MLPerf Edition
Model: Llama 3.1 8B
GPU Memory: 0 GB
Users: 200
Duration: 300s
Seed: 188
Generation Mode: none (0.0ms/token)
Features:
  - Phase-Aware Processing: Enabled
  - Multi-turn Conversations: Enabled
  - Prefix Caching: Enabled
  - RAG Workload: Disabled
  - Autoscaling: Disabled
  - QoS Support: Enabled (Interactive/Responsive/Batch)
  - Trace-Driven (BurstGPT): Disabled
  - ShareGPT Dataset: Disabled
  - Max Concurrent Allocations: 16 (bounds RAM usage)
================================================================================

User Context Length Distribution:
  Min: 518 tokens (64.75MiB)
  Max: 24742 tokens (3092.75MiB)
  Mean: 9101 tokens (1137.62MiB)

QoS Distribution:
  interactive: 35 users
  responsive: 68 users
  batch: 97 users

### MEMORY SAFETY CHECK ###
  Formula: peak = (workers x 2 x mean_entry_bytes) + baseline
         = (200 x 2 x 1000MiB) + 2.5GiB
         = 393.1GiB
  Available RAM: 991.4GiB
  Mean entry size: 1000MiB  (8000 tok x 131,072 B/tok)
  Peak per thread: 2000MiB  (np.load + np.array copy)
  Worker threads: 200
  Safe concurrent readers: ~506  = (available - baseline) / peak_per_thread
  Status: OK

Starting benchmark... Mode: standard (prefill+decode)
--------------------------------------------------------------------------------

================================================================================
BENCHMARK RESULTS - MLPerf KV Cache Storage Benchmark
Generation Mode: none (0.0ms/token)
================================================================================

IMPORTANT: All storage latencies below are measured per KV cache BLOCK,
not per token or per disk page.  Each block holds the full KV state for
one request (all layers, all heads, full sequence length).
  Model KV bytes/token: 131,072 bytes (128.0KiB)
  Entries in cache: 565
  Block size min:   19.8MiB
  Block size mean:  614.4MiB
  Block size P95:   1736.9MiB
  Block size max:   2564.9MiB
  A 200MiB block at 1GiB/s NVMe read = ~200 ms device latency.
  Compare latencies against block sizes, not against 4KiB page I/O.


### OVERALL PERFORMANCE ###
Requests Completed: 547
Total Tokens Generated: 90894
Throughput (wall-clock): 302.82 tokens/sec
Throughput (storage I/O): 4.76 tokens/sec
Requests/sec: 1.82

### END-TO-END LATENCY (Queue Wait + Storage I/O + Generation) ###
  Mean: 214308.75 ms
  P50:  193353.49 ms
  P95:  436350.84 ms
  P99:  452102.53 ms

### PER-REQUEST STORAGE LATENCY (All I/O ops for one request) ###
  Mean: 34872.85 ms
  P50:  19622.62 ms
  P95:  119499.45 ms
  P99:  176473.15 ms
  (= 1 prefill write + N decode reads per request)

### STORAGE PERFORMANCE ###
  Cache Hit Rate: 88.7%
  Total Read: 1587.26GiB
  Total Write: 339.01GiB
  Read/Write Ratio: 4.68
  Storage KV Read Operations/sec: 9.98
  Storage KV Write Operations/sec: 1.88

### CACHE TIER DISTRIBUTION ###
  GPU Entries: 0 (0.00GiB)
  CPU Entries: 0 (0.00GiB)
  Storage Entries: 565

### TIER-SPECIFIC KV BYTES ###
  Storage KV Bytes Written: 339.01GiB
  Storage KV Bytes Read: 1587.26GiB

### STORAGE KV BANDWIDTH ###
  Storage KV Read Bandwidth: 5.29GiB/s
  Storage KV Write Bandwidth: 1.13GiB/s

### TIER-SPECIFIC LATENCIES (Total = Host + Device) ###
  Storage Read P95 (Total): 18907.45 ms
  Storage Write P95 (Total): 10706.28 ms

### STORAGE TIER LATENCY BREAKDOWN (Device = Disk I/O, Host = Serialization) ###
  Storage Read:
    - Device P95 (Disk I/O): 16570.71 ms
    - Host P95 (Serialization): 6867.08 ms
    - Total P95: 18907.45 ms
  Storage Write:
    - Device P95 (Disk I/O): 863.94 ms
    - Host P95 (Serialization): 10622.29 ms
    - Total P95: 10706.28 ms

### CACHE TYPE BREAKDOWNS ###
  System Prompt Hits: 484
  Common Phrase Hits: 0
  User Cache Hits: 2503
  Multi-turn Hits: 8

### PREFIX CACHING ###
  Prefix Hits: 99
  Prefix Misses: 466
  System Prompt Reuse: 99
  Bytes Saved: 0.08GiB

### MULTI-TURN CONVERSATIONS ###
  Multi-turn Cache Hits: 8
  Multi-turn Cache Misses: 282
  Multi-turn Hit Rate: 2.8%

### QOS LATENCY METRICS (Informational - includes simulated generation) ###

  INTERACTIVE:
    Requests: 391
    Latency P95: 437810.16 ms
    Latency P99: 456263.69 ms
    SLA Met: [X] (compliance: 0.0%)

  RESPONSIVE:
    Requests: 95
    Latency P95: 259981.41 ms
    Latency P99: 383200.79 ms
    SLA Met: [X] (compliance: 0.0%)

  BATCH:
    Requests: 61
    Latency P95: 227888.80 ms
    Latency P99: 345796.93 ms
    SLA Met: [X] (compliance: 0.0%)

================================================================================
NOTES:
  - Pure storage I/O benchmark (no generation simulation)
================================================================================

Integrated Multi-User KV Cache Benchmark - MLPerf Edition
Model: Llama 3.1 8B
GPU Memory: 0 GB
Users: 200
Duration: 300s
Seed: 124
Generation Mode: none (0.0ms/token)
Features:
  - Phase-Aware Processing: Enabled
  - Multi-turn Conversations: Enabled
  - Prefix Caching: Enabled
  - RAG Workload: Disabled
  - Autoscaling: Disabled
  - QoS Support: Enabled (Interactive/Responsive/Batch)
  - Trace-Driven (BurstGPT): Disabled
  - ShareGPT Dataset: Disabled
  - Max Concurrent Allocations: 16 (bounds RAM usage)
================================================================================

User Context Length Distribution:
  Min: 513 tokens (64.12MiB)
  Max: 24897 tokens (3112.12MiB)
  Mean: 9591 tokens (1198.89MiB)

QoS Distribution:
  interactive: 34 users
  responsive: 78 users
  batch: 88 users

### MEMORY SAFETY CHECK ###
  Formula: peak = (workers x 2 x mean_entry_bytes) + baseline
         = (200 x 2 x 1000MiB) + 2.5GiB
         = 393.1GiB
  Available RAM: 991.2GiB
  Mean entry size: 1000MiB  (8000 tok x 131,072 B/tok)
  Peak per thread: 2000MiB  (np.load + np.array copy)
  Worker threads: 200
  Safe concurrent readers: ~506  = (available - baseline) / peak_per_thread
  Status: OK

Starting benchmark... Mode: standard (prefill+decode)
--------------------------------------------------------------------------------

================================================================================
BENCHMARK RESULTS - MLPerf KV Cache Storage Benchmark
Generation Mode: none (0.0ms/token)
================================================================================

IMPORTANT: All storage latencies below are measured per KV cache BLOCK,
not per token or per disk page.  Each block holds the full KV state for
one request (all layers, all heads, full sequence length).
  Model KV bytes/token: 131,072 bytes (128.0KiB)
  Entries in cache: 569
  Block size min:   20.0MiB
  Block size mean:  700.1MiB
  Block size P95:   2052.2MiB
  Block size max:   2744.6MiB
  A 200MiB block at 1GiB/s NVMe read = ~200 ms device latency.
  Compare latencies against block sizes, not against 4KiB page I/O.


### OVERALL PERFORMANCE ###
Requests Completed: 555
Total Tokens Generated: 88383
Throughput (wall-clock): 286.99 tokens/sec
Throughput (storage I/O): 4.52 tokens/sec
Requests/sec: 1.80

### END-TO-END LATENCY (Queue Wait + Storage I/O + Generation) ###
  Mean: 213787.01 ms
  P50:  201552.31 ms
  P95:  440207.76 ms
  P99:  448988.15 ms

### PER-REQUEST STORAGE LATENCY (All I/O ops for one request) ###
  Mean: 35257.32 ms
  P50:  21423.71 ms
  P95:  112191.50 ms
  P99:  184672.65 ms
  (= 1 prefill write + N decode reads per request)

### STORAGE PERFORMANCE ###
  Cache Hit Rate: 86.8%
  Total Read: 1422.08GiB
  Total Write: 389.01GiB
  Read/Write Ratio: 3.66
  Storage KV Read Operations/sec: 9.34
  Storage KV Write Operations/sec: 1.90

### CACHE TIER DISTRIBUTION ###
  GPU Entries: 0 (0.00GiB)
  CPU Entries: 0 (0.00GiB)
  Storage Entries: 569

### TIER-SPECIFIC KV BYTES ###
  Storage KV Bytes Written: 389.01GiB
  Storage KV Bytes Read: 1422.08GiB

### STORAGE KV BANDWIDTH ###
  Storage KV Read Bandwidth: 4.62GiB/s
  Storage KV Write Bandwidth: 1.26GiB/s

### TIER-SPECIFIC LATENCIES (Total = Host + Device) ###
  Storage Read P95 (Total): 18892.93 ms
  Storage Write P95 (Total): 13334.00 ms

### STORAGE TIER LATENCY BREAKDOWN (Device = Disk I/O, Host = Serialization) ###
  Storage Read:
    - Device P95 (Disk I/O): 16264.69 ms
    - Host P95 (Serialization): 9052.83 ms
    - Total P95: 18892.93 ms
  Storage Write:
    - Device P95 (Disk I/O): 1698.32 ms
    - Host P95 (Serialization): 11537.28 ms
    - Total P95: 13334.00 ms

### CACHE TYPE BREAKDOWNS ###
  System Prompt Hits: 568
  Common Phrase Hits: 0
  User Cache Hits: 2219
  Multi-turn Hits: 16

### PREFIX CACHING ###
  Prefix Hits: 111
  Prefix Misses: 458
  System Prompt Reuse: 111
  Bytes Saved: 0.09GiB

### MULTI-TURN CONVERSATIONS ###
  Multi-turn Cache Hits: 16
  Multi-turn Cache Misses: 315
  Multi-turn Hit Rate: 4.8%

### QOS LATENCY METRICS (Informational - includes simulated generation) ###

  INTERACTIVE:
    Requests: 387
    Latency P95: 442285.07 ms
    Latency P99: 451451.09 ms
    SLA Met: [X] (compliance: 0.0%)

  RESPONSIVE:
    Requests: 77
    Latency P95: 199224.69 ms
    Latency P99: 271826.49 ms
    SLA Met: [X] (compliance: 0.0%)

  BATCH:
    Requests: 91
    Latency P95: 209987.26 ms
    Latency P99: 261691.18 ms
    SLA Met: [X] (compliance: 0.0%)

================================================================================
NOTES:
  - Pure storage I/O benchmark (no generation simulation)
================================================================================

Integrated Multi-User KV Cache Benchmark - MLPerf Edition
Model: Llama 3.1 8B
GPU Memory: 0 GB
Users: 200
Duration: 300s
Seed: 70
Generation Mode: none (0.0ms/token)
Features:
  - Phase-Aware Processing: Enabled
  - Multi-turn Conversations: Enabled
  - Prefix Caching: Enabled
  - RAG Workload: Disabled
  - Autoscaling: Disabled
  - QoS Support: Enabled (Interactive/Responsive/Batch)
  - Trace-Driven (BurstGPT): Disabled
  - ShareGPT Dataset: Disabled
  - Max Concurrent Allocations: 16 (bounds RAM usage)
================================================================================

User Context Length Distribution:
  Min: 598 tokens (74.75MiB)
  Max: 24881 tokens (3110.12MiB)
  Mean: 8497 tokens (1062.07MiB)

QoS Distribution:
  interactive: 34 users
  responsive: 72 users
  batch: 94 users

### MEMORY SAFETY CHECK ###
  Formula: peak = (workers x 2 x mean_entry_bytes) + baseline
         = (200 x 2 x 1000MiB) + 2.5GiB
         = 393.1GiB
  Available RAM: 988.9GiB
  Mean entry size: 1000MiB  (8000 tok x 131,072 B/tok)
  Peak per thread: 2000MiB  (np.load + np.array copy)
  Worker threads: 200
  Safe concurrent readers: ~505  = (available - baseline) / peak_per_thread
  Status: OK

Starting benchmark... Mode: standard (prefill+decode)
--------------------------------------------------------------------------------

================================================================================
BENCHMARK RESULTS - MLPerf KV Cache Storage Benchmark
Generation Mode: none (0.0ms/token)
================================================================================

IMPORTANT: All storage latencies below are measured per KV cache BLOCK,
not per token or per disk page.  Each block holds the full KV state for
one request (all layers, all heads, full sequence length).
  Model KV bytes/token: 131,072 bytes (128.0KiB)
  Entries in cache: 684
  Block size min:   23.1MiB
  Block size mean:  538.0MiB
  Block size P95:   1622.8MiB
  Block size max:   2983.8MiB
  A 200MiB block at 1GiB/s NVMe read = ~200 ms device latency.
  Compare latencies against block sizes, not against 4KiB page I/O.


### OVERALL PERFORMANCE ###
Requests Completed: 665
Total Tokens Generated: 97844
Throughput (wall-clock): 325.08 tokens/sec
Throughput (storage I/O): 5.81 tokens/sec
Requests/sec: 2.21

### END-TO-END LATENCY (Queue Wait + Storage I/O + Generation) ###
  Mean: 196638.81 ms
  P50:  178055.82 ms
  P95:  430655.71 ms
  P99:  436183.43 ms

### PER-REQUEST STORAGE LATENCY (All I/O ops for one request) ###
  Mean: 25321.33 ms
  P50:  15414.14 ms
  P95:  84452.37 ms
  P99:  121544.37 ms
  (= 1 prefill write + N decode reads per request)

### STORAGE PERFORMANCE ###
  Cache Hit Rate: 89.4%
  Total Read: 1637.05GiB
  Total Write: 359.36GiB
  Read/Write Ratio: 4.56
  Storage KV Read Operations/sec: 11.65
  Storage KV Write Operations/sec: 2.28

### CACHE TIER DISTRIBUTION ###
  GPU Entries: 0 (0.00GiB)
  CPU Entries: 0 (0.00GiB)
  Storage Entries: 684

### TIER-SPECIFIC KV BYTES ###
  Storage KV Bytes Written: 359.36GiB
  Storage KV Bytes Read: 1637.05GiB

### STORAGE KV BANDWIDTH ###
  Storage KV Read Bandwidth: 5.44GiB/s
  Storage KV Write Bandwidth: 1.19GiB/s

### TIER-SPECIFIC LATENCIES (Total = Host + Device) ###
  Storage Read P95 (Total): 14282.84 ms
  Storage Write P95 (Total): 8227.60 ms

### STORAGE TIER LATENCY BREAKDOWN (Device = Disk I/O, Host = Serialization) ###
  Storage Read:
    - Device P95 (Disk I/O): 13015.80 ms
    - Host P95 (Serialization): 4749.83 ms
    - Total P95: 14282.84 ms
  Storage Write:
    - Device P95 (Disk I/O): 1121.30 ms
    - Host P95 (Serialization): 7477.68 ms
    - Total P95: 8227.60 ms

### CACHE TYPE BREAKDOWNS ###
  System Prompt Hits: 734
  Common Phrase Hits: 0
  User Cache Hits: 2745
  Multi-turn Hits: 16

### PREFIX CACHING ###
  Prefix Hits: 145
  Prefix Misses: 539
  System Prompt Reuse: 145
  Bytes Saved: 0.12GiB

### MULTI-TURN CONVERSATIONS ###
  Multi-turn Cache Hits: 16
  Multi-turn Cache Misses: 271
  Multi-turn Hit Rate: 5.6%

### QOS LATENCY METRICS (Informational - includes simulated generation) ###

  INTERACTIVE:
    Requests: 501
    Latency P95: 431661.61 ms
    Latency P99: 436589.44 ms
    SLA Met: [X] (compliance: 0.0%)

  RESPONSIVE:
    Requests: 92
    Latency P95: 137458.36 ms
    Latency P99: 240540.28 ms
    SLA Met: [X] (compliance: 0.0%)

  BATCH:
    Requests: 72
    Latency P95: 154556.13 ms
    Latency P99: 265628.80 ms
    SLA Met: [X] (compliance: 0.0%)

================================================================================
NOTES:
  - Pure storage I/O benchmark (no generation simulation)
================================================================================

Integrated Multi-User KV Cache Benchmark - MLPerf Edition
Model: Llama 3.1 8B
GPU Memory: 0 GB
Users: 200
Duration: 300s
Seed: 163
Generation Mode: none (0.0ms/token)
Features:
  - Phase-Aware Processing: Enabled
  - Multi-turn Conversations: Enabled
  - Prefix Caching: Enabled
  - RAG Workload: Disabled
  - Autoscaling: Disabled
  - QoS Support: Enabled (Interactive/Responsive/Batch)
  - Trace-Driven (BurstGPT): Disabled
  - ShareGPT Dataset: Disabled
  - Max Concurrent Allocations: 16 (bounds RAM usage)
================================================================================

User Context Length Distribution:
  Min: 596 tokens (74.50MiB)
  Max: 24868 tokens (3108.50MiB)
  Mean: 9059 tokens (1132.43MiB)

QoS Distribution:
  interactive: 26 users
  responsive: 65 users
  batch: 109 users

### MEMORY SAFETY CHECK ###
  Formula: peak = (workers x 2 x mean_entry_bytes) + baseline
         = (200 x 2 x 1000MiB) + 2.5GiB
         = 393.1GiB
  Available RAM: 991.1GiB
  Mean entry size: 1000MiB  (8000 tok x 131,072 B/tok)
  Peak per thread: 2000MiB  (np.load + np.array copy)
  Worker threads: 200
  Safe concurrent readers: ~506  = (available - baseline) / peak_per_thread
  Status: OK

Starting benchmark... Mode: standard (prefill+decode)
--------------------------------------------------------------------------------

================================================================================
BENCHMARK RESULTS - MLPerf KV Cache Storage Benchmark
Generation Mode: none (0.0ms/token)
================================================================================

IMPORTANT: All storage latencies below are measured per KV cache BLOCK,
not per token or per disk page.  Each block holds the full KV state for
one request (all layers, all heads, full sequence length).
  Model KV bytes/token: 131,072 bytes (128.0KiB)
  Entries in cache: 587
  Block size min:   25.1MiB
  Block size mean:  556.7MiB
  Block size P95:   1940.4MiB
  Block size max:   3082.4MiB
  A 200MiB block at 1GiB/s NVMe read = ~200 ms device latency.
  Compare latencies against block sizes, not against 4KiB page I/O.


### OVERALL PERFORMANCE ###
Requests Completed: 569
Total Tokens Generated: 79453
Throughput (wall-clock): 261.80 tokens/sec
Throughput (storage I/O): 4.58 tokens/sec
Requests/sec: 1.87

### END-TO-END LATENCY (Queue Wait + Storage I/O + Generation) ###
  Mean: 195795.51 ms
  P50:  166348.60 ms
  P95:  392821.32 ms
  P99:  432807.26 ms

### PER-REQUEST STORAGE LATENCY (All I/O ops for one request) ###
  Mean: 30476.52 ms
  P50:  17087.30 ms
  P95:  109318.04 ms
  P99:  153738.91 ms
  (= 1 prefill write + N decode reads per request)

### STORAGE PERFORMANCE ###
  Cache Hit Rate: 67.2%
  Total Read: 1702.00GiB
  Total Write: 319.14GiB
  Read/Write Ratio: 5.33
  Storage KV Read Operations/sec: 11.39
  Storage KV Write Operations/sec: 1.96

### CACHE TIER DISTRIBUTION ###
  GPU Entries: 0 (0.00GiB)
  CPU Entries: 0 (0.00GiB)
  Storage Entries: 587

### TIER-SPECIFIC KV BYTES ###
  Storage KV Bytes Written: 319.14GiB
  Storage KV Bytes Read: 1702.00GiB

### STORAGE KV BANDWIDTH ###
  Storage KV Read Bandwidth: 5.61GiB/s
  Storage KV Write Bandwidth: 1.05GiB/s

### TIER-SPECIFIC LATENCIES (Total = Host + Device) ###
  Storage Read P95 (Total): 17922.05 ms
  Storage Write P95 (Total): 10163.57 ms

### STORAGE TIER LATENCY BREAKDOWN (Device = Disk I/O, Host = Serialization) ###
  Storage Read:
    - Device P95 (Disk I/O): 16191.63 ms
    - Host P95 (Serialization): 4363.70 ms
    - Total P95: 17922.05 ms
  Storage Write:
    - Device P95 (Disk I/O): 1167.35 ms
    - Host P95 (Serialization): 8440.79 ms
    - Total P95: 10163.57 ms

### CACHE TYPE BREAKDOWNS ###
  System Prompt Hits: 690
  Common Phrase Hits: 0
  User Cache Hits: 2235
  Multi-turn Hits: 491

### PREFIX CACHING ###
  Prefix Hits: 139
  Prefix Misses: 456
  System Prompt Reuse: 139
  Bytes Saved: 0.11GiB

### MULTI-TURN CONVERSATIONS ###
  Multi-turn Cache Hits: 487
  Multi-turn Cache Misses: 1530
  Multi-turn Hit Rate: 24.1%

### QOS LATENCY METRICS (Informational - includes simulated generation) ###

  INTERACTIVE:
    Requests: 408
    Latency P95: 398387.08 ms
    Latency P99: 446477.52 ms
    SLA Met: [X] (compliance: 0.0%)

  RESPONSIVE:
    Requests: 76
    Latency P95: 158055.68 ms
    Latency P99: 224876.74 ms
    SLA Met: [X] (compliance: 0.0%)

  BATCH:
    Requests: 85
    Latency P95: 177937.70 ms
    Latency P99: 376814.17 ms
    SLA Met: [X] (compliance: 0.0%)

================================================================================
NOTES:
  - Pure storage I/O benchmark (no generation simulation)
================================================================================

Integrated Multi-User KV Cache Benchmark - MLPerf Edition
Model: Llama 3.1 8B
GPU Memory: 0 GB
Users: 200
Duration: 300s
Seed: 89
Generation Mode: none (0.0ms/token)
Features:
  - Phase-Aware Processing: Enabled
  - Multi-turn Conversations: Enabled
  - Prefix Caching: Enabled
  - RAG Workload: Disabled
  - Autoscaling: Disabled
  - QoS Support: Enabled (Interactive/Responsive/Batch)
  - Trace-Driven (BurstGPT): Disabled
  - ShareGPT Dataset: Disabled
  - Max Concurrent Allocations: 16 (bounds RAM usage)
================================================================================

User Context Length Distribution:
  Min: 527 tokens (65.88MiB)
  Max: 24992 tokens (3124.00MiB)
  Mean: 8944 tokens (1118.03MiB)

QoS Distribution:
  interactive: 33 users
  responsive: 70 users
  batch: 97 users

### MEMORY SAFETY CHECK ###
  Formula: peak = (workers x 2 x mean_entry_bytes) + baseline
         = (200 x 2 x 1000MiB) + 2.5GiB
         = 393.1GiB
  Available RAM: 991.8GiB
  Mean entry size: 1000MiB  (8000 tok x 131,072 B/tok)
  Peak per thread: 2000MiB  (np.load + np.array copy)
  Worker threads: 200
  Safe concurrent readers: ~506  = (available - baseline) / peak_per_thread
  Status: OK

Starting benchmark... Mode: standard (prefill+decode)
--------------------------------------------------------------------------------

================================================================================
BENCHMARK RESULTS - MLPerf KV Cache Storage Benchmark
Generation Mode: none (0.0ms/token)
================================================================================

IMPORTANT: All storage latencies below are measured per KV cache BLOCK,
not per token or per disk page.  Each block holds the full KV state for
one request (all layers, all heads, full sequence length).
  Model KV bytes/token: 131,072 bytes (128.0KiB)
  Entries in cache: 603
  Block size min:   20.4MiB
  Block size mean:  626.5MiB
  Block size P95:   1823.4MiB
  Block size max:   3022.2MiB
  A 200MiB block at 1GiB/s NVMe read = ~200 ms device latency.
  Compare latencies against block sizes, not against 4KiB page I/O.


### OVERALL PERFORMANCE ###
Requests Completed: 587
Total Tokens Generated: 94312
Throughput (wall-clock): 314.29 tokens/sec
Throughput (storage I/O): 5.33 tokens/sec
Requests/sec: 1.96

### END-TO-END LATENCY (Queue Wait + Storage I/O + Generation) ###
  Mean: 208956.52 ms
  P50:  198901.79 ms
  P95:  428150.36 ms
  P99:  436304.04 ms

### PER-REQUEST STORAGE LATENCY (All I/O ops for one request) ###
  Mean: 30126.93 ms
  P50:  17333.31 ms
  P95:  96336.83 ms
  P99:  154109.43 ms
  (= 1 prefill write + N decode reads per request)

### STORAGE PERFORMANCE ###
  Cache Hit Rate: 89.8%
  Total Read: 1635.56GiB
  Total Write: 368.91GiB
  Read/Write Ratio: 4.43
  Storage KV Read Operations/sec: 10.43
  Storage KV Write Operations/sec: 2.01

### CACHE TIER DISTRIBUTION ###
  GPU Entries: 0 (0.00GiB)
  CPU Entries: 0 (0.00GiB)
  Storage Entries: 603

### TIER-SPECIFIC KV BYTES ###
  Storage KV Bytes Written: 368.91GiB
  Storage KV Bytes Read: 1635.56GiB

### STORAGE KV BANDWIDTH ###
  Storage KV Read Bandwidth: 5.45GiB/s
  Storage KV Write Bandwidth: 1.23GiB/s

### TIER-SPECIFIC LATENCIES (Total = Host + Device) ###
  Storage Read P95 (Total): 15674.18 ms
  Storage Write P95 (Total): 8827.67 ms

### STORAGE TIER LATENCY BREAKDOWN (Device = Disk I/O, Host = Serialization) ###
  Storage Read:
    - Device P95 (Disk I/O): 13208.82 ms
    - Host P95 (Serialization): 5842.44 ms
    - Total P95: 15674.18 ms
  Storage Write:
    - Device P95 (Disk I/O): 1938.63 ms
    - Host P95 (Serialization): 8481.97 ms
    - Total P95: 8827.67 ms

### CACHE TYPE BREAKDOWNS ###
  System Prompt Hits: 657
  Common Phrase Hits: 0
  User Cache Hits: 2457
  Multi-turn Hits: 16

### PREFIX CACHING ###
  Prefix Hits: 120
  Prefix Misses: 483
  System Prompt Reuse: 120
  Bytes Saved: 0.10GiB

### MULTI-TURN CONVERSATIONS ###
  Multi-turn Cache Hits: 16
  Multi-turn Cache Misses: 235
  Multi-turn Hit Rate: 6.4%

### QOS LATENCY METRICS (Informational - includes simulated generation) ###

  INTERACTIVE:
    Requests: 436
    Latency P95: 429872.02 ms
    Latency P99: 445689.82 ms
    SLA Met: [X] (compliance: 0.0%)

  RESPONSIVE:
    Requests: 78
    Latency P95: 218066.59 ms
    Latency P99: 322235.27 ms
    SLA Met: [X] (compliance: 0.0%)

  BATCH:
    Requests: 73
    Latency P95: 203830.13 ms
    Latency P99: 244180.30 ms
    SLA Met: [X] (compliance: 0.0%)

================================================================================
NOTES:
  - Pure storage I/O benchmark (no generation simulation)
================================================================================

Integrated Multi-User KV Cache Benchmark - MLPerf Edition
Model: Llama 3.1 8B
GPU Memory: 0 GB
Users: 200
Duration: 300s
Seed: 217
Generation Mode: none (0.0ms/token)
Features:
  - Phase-Aware Processing: Enabled
  - Multi-turn Conversations: Enabled
  - Prefix Caching: Enabled
  - RAG Workload: Disabled
  - Autoscaling: Disabled
  - QoS Support: Enabled (Interactive/Responsive/Batch)
  - Trace-Driven (BurstGPT): Disabled
  - ShareGPT Dataset: Disabled
  - Max Concurrent Allocations: 16 (bounds RAM usage)
================================================================================

User Context Length Distribution:
  Min: 574 tokens (71.75MiB)
  Max: 24879 tokens (3109.88MiB)
  Mean: 9451 tokens (1181.41MiB)

QoS Distribution:
  interactive: 28 users
  responsive: 59 users
  batch: 113 users

### MEMORY SAFETY CHECK ###
  Formula: peak = (workers x 2 x mean_entry_bytes) + baseline
         = (200 x 2 x 1000MiB) + 2.5GiB
         = 393.1GiB
  Available RAM: 990.8GiB
  Mean entry size: 1000MiB  (8000 tok x 131,072 B/tok)
  Peak per thread: 2000MiB  (np.load + np.array copy)
  Worker threads: 200
  Safe concurrent readers: ~506  = (available - baseline) / peak_per_thread
  Status: OK

Starting benchmark... Mode: standard (prefill+decode)
--------------------------------------------------------------------------------

================================================================================
BENCHMARK RESULTS - MLPerf KV Cache Storage Benchmark
Generation Mode: none (0.0ms/token)
================================================================================

IMPORTANT: All storage latencies below are measured per KV cache BLOCK,
not per token or per disk page.  Each block holds the full KV state for
one request (all layers, all heads, full sequence length).
  Model KV bytes/token: 131,072 bytes (128.0KiB)
  Entries in cache: 557
  Block size min:   25.0MiB
  Block size mean:  671.3MiB
  Block size P95:   2020.4MiB
  Block size max:   2876.0MiB
  A 200MiB block at 1GiB/s NVMe read = ~200 ms device latency.
  Compare latencies against block sizes, not against 4KiB page I/O.


### OVERALL PERFORMANCE ###
Requests Completed: 539
Total Tokens Generated: 83886
Throughput (wall-clock): 279.20 tokens/sec
Throughput (storage I/O): 4.26 tokens/sec
Requests/sec: 1.79

### END-TO-END LATENCY (Queue Wait + Storage I/O + Generation) ###
  Mean: 202989.41 ms
  P50:  187814.89 ms
  P95:  413373.54 ms
  P99:  457175.68 ms

### PER-REQUEST STORAGE LATENCY (All I/O ops for one request) ###
  Mean: 36525.71 ms
  P50:  25131.43 ms
  P95:  109945.51 ms
  P99:  159884.47 ms
  (= 1 prefill write + N decode reads per request)

### STORAGE PERFORMANCE ###
  Cache Hit Rate: 66.3%
  Total Read: 1829.06GiB
  Total Write: 365.14GiB
  Read/Write Ratio: 5.01
  Storage KV Read Operations/sec: 11.32
  Storage KV Write Operations/sec: 1.86

### CACHE TIER DISTRIBUTION ###
  GPU Entries: 0 (0.00GiB)
  CPU Entries: 0 (0.00GiB)
  Storage Entries: 557

### TIER-SPECIFIC KV BYTES ###
  Storage KV Bytes Written: 365.14GiB
  Storage KV Bytes Read: 1829.06GiB

### STORAGE KV BANDWIDTH ###
  Storage KV Read Bandwidth: 6.09GiB/s
  Storage KV Write Bandwidth: 1.22GiB/s

### TIER-SPECIFIC LATENCIES (Total = Host + Device) ###
  Storage Read P95 (Total): 17013.61 ms
  Storage Write P95 (Total): 8486.37 ms

### STORAGE TIER LATENCY BREAKDOWN (Device = Disk I/O, Host = Serialization) ###
  Storage Read:
    - Device P95 (Disk I/O): 14878.41 ms
    - Host P95 (Serialization): 6380.99 ms
    - Total P95: 17013.61 ms
  Storage Write:
    - Device P95 (Disk I/O): 803.70 ms
    - Host P95 (Serialization): 8398.41 ms
    - Total P95: 8486.37 ms

### CACHE TYPE BREAKDOWNS ###
  System Prompt Hits: 536
  Common Phrase Hits: 0
  User Cache Hits: 2324
  Multi-turn Hits: 535

### PREFIX CACHING ###
  Prefix Hits: 105
  Prefix Misses: 461
  System Prompt Reuse: 105
  Bytes Saved: 0.08GiB

### MULTI-TURN CONVERSATIONS ###
  Multi-turn Cache Hits: 531
  Multi-turn Cache Misses: 1617
  Multi-turn Hit Rate: 24.7%

### QOS LATENCY METRICS (Informational - includes simulated generation) ###

  INTERACTIVE:
    Requests: 370
    Latency P95: 417061.76 ms
    Latency P99: 460468.51 ms
    SLA Met: [X] (compliance: 0.0%)

  RESPONSIVE:
    Requests: 81
    Latency P95: 211008.81 ms
    Latency P99: 266802.05 ms
    SLA Met: [X] (compliance: 0.0%)

  BATCH:
    Requests: 88
    Latency P95: 190561.26 ms
    Latency P99: 369824.38 ms
    SLA Met: [X] (compliance: 0.0%)

================================================================================
NOTES:
  - Pure storage I/O benchmark (no generation simulation)
================================================================================

Integrated Multi-User KV Cache Benchmark - MLPerf Edition
Model: Llama 3.1 8B
GPU Memory: 0 GB
Users: 200
Duration: 300s
Seed: 169
Generation Mode: none (0.0ms/token)
Features:
  - Phase-Aware Processing: Enabled
  - Multi-turn Conversations: Enabled
  - Prefix Caching: Enabled
  - RAG Workload: Disabled
  - Autoscaling: Disabled
  - QoS Support: Enabled (Interactive/Responsive/Batch)
  - Trace-Driven (BurstGPT): Disabled
  - ShareGPT Dataset: Disabled
  - Max Concurrent Allocations: 16 (bounds RAM usage)
================================================================================

User Context Length Distribution:
  Min: 774 tokens (96.75MiB)
  Max: 24280 tokens (3035.00MiB)
  Mean: 9123 tokens (1140.35MiB)

QoS Distribution:
  interactive: 27 users
  responsive: 73 users
  batch: 100 users

### MEMORY SAFETY CHECK ###
  Formula: peak = (workers x 2 x mean_entry_bytes) + baseline
         = (200 x 2 x 1000MiB) + 2.5GiB
         = 393.1GiB
  Available RAM: 989.5GiB
  Mean entry size: 1000MiB  (8000 tok x 131,072 B/tok)
  Peak per thread: 2000MiB  (np.load + np.array copy)
  Worker threads: 200
  Safe concurrent readers: ~505  = (available - baseline) / peak_per_thread
  Status: OK

Starting benchmark... Mode: standard (prefill+decode)
--------------------------------------------------------------------------------

================================================================================
BENCHMARK RESULTS - MLPerf KV Cache Storage Benchmark
Generation Mode: none (0.0ms/token)
================================================================================

IMPORTANT: All storage latencies below are measured per KV cache BLOCK,
not per token or per disk page.  Each block holds the full KV state for
one request (all layers, all heads, full sequence length).
  Model KV bytes/token: 131,072 bytes (128.0KiB)
  Entries in cache: 604
  Block size min:   43.5MiB
  Block size mean:  594.7MiB
  Block size P95:   1841.7MiB
  Block size max:   2759.1MiB
  A 200MiB block at 1GiB/s NVMe read = ~200 ms device latency.
  Compare latencies against block sizes, not against 4KiB page I/O.


### OVERALL PERFORMANCE ###
Requests Completed: 587
Total Tokens Generated: 94677
Throughput (wall-clock): 311.46 tokens/sec
Throughput (storage I/O): 4.98 tokens/sec
Requests/sec: 1.93

### END-TO-END LATENCY (Queue Wait + Storage I/O + Generation) ###
  Mean: 203441.14 ms
  P50:  176460.38 ms
  P95:  435993.69 ms
  P99:  443814.46 ms

### PER-REQUEST STORAGE LATENCY (All I/O ops for one request) ###
  Mean: 32377.21 ms
  P50:  21946.52 ms
  P95:  102189.28 ms
  P99:  162949.06 ms
  (= 1 prefill write + N decode reads per request)

### STORAGE PERFORMANCE ###
  Cache Hit Rate: 87.2%
  Total Read: 1624.64GiB
  Total Write: 350.80GiB
  Read/Write Ratio: 4.63
  Storage KV Read Operations/sec: 10.91
  Storage KV Write Operations/sec: 2.01

### CACHE TIER DISTRIBUTION ###
  GPU Entries: 0 (0.00GiB)
  CPU Entries: 0 (0.00GiB)
  Storage Entries: 604

### TIER-SPECIFIC KV BYTES ###
  Storage KV Bytes Written: 350.80GiB
  Storage KV Bytes Read: 1624.64GiB

### STORAGE KV BANDWIDTH ###
  Storage KV Read Bandwidth: 5.34GiB/s
  Storage KV Write Bandwidth: 1.15GiB/s

### TIER-SPECIFIC LATENCIES (Total = Host + Device) ###
  Storage Read P95 (Total): 15909.78 ms
  Storage Write P95 (Total): 8890.63 ms

### STORAGE TIER LATENCY BREAKDOWN (Device = Disk I/O, Host = Serialization) ###
  Storage Read:
    - Device P95 (Disk I/O): 13132.46 ms
    - Host P95 (Serialization): 6351.82 ms
    - Total P95: 15909.78 ms
  Storage Write:
    - Device P95 (Disk I/O): 767.63 ms
    - Host P95 (Serialization): 8827.21 ms
    - Total P95: 8890.63 ms

### CACHE TYPE BREAKDOWNS ###
  System Prompt Hits: 702
  Common Phrase Hits: 0
  User Cache Hits: 2550
  Multi-turn Hits: 20

### PREFIX CACHING ###
  Prefix Hits: 124
  Prefix Misses: 480
  System Prompt Reuse: 124
  Bytes Saved: 0.10GiB

### MULTI-TURN CONVERSATIONS ###
  Multi-turn Cache Hits: 20
  Multi-turn Cache Misses: 355
  Multi-turn Hit Rate: 5.3%

### QOS LATENCY METRICS (Informational - includes simulated generation) ###

  INTERACTIVE:
    Requests: 437
    Latency P95: 436815.57 ms
    Latency P99: 445228.60 ms
    SLA Met: [X] (compliance: 0.0%)

  RESPONSIVE:
    Requests: 72
    Latency P95: 182343.10 ms
    Latency P99: 273615.09 ms
    SLA Met: [X] (compliance: 0.0%)

  BATCH:
    Requests: 78
    Latency P95: 179661.29 ms
    Latency P99: 211047.51 ms
    SLA Met: [X] (compliance: 0.0%)

================================================================================
NOTES:
  - Pure storage I/O benchmark (no generation simulation)
================================================================================

Integrated Multi-User KV Cache Benchmark - MLPerf Edition
Model: Llama 3.1 8B
GPU Memory: 0 GB
Users: 200
Duration: 300s
Seed: 230
Generation Mode: none (0.0ms/token)
Features:
  - Phase-Aware Processing: Enabled
  - Multi-turn Conversations: Enabled
  - Prefix Caching: Enabled
  - RAG Workload: Disabled
  - Autoscaling: Disabled
  - QoS Support: Enabled (Interactive/Responsive/Batch)
  - Trace-Driven (BurstGPT): Disabled
  - ShareGPT Dataset: Disabled
  - Max Concurrent Allocations: 16 (bounds RAM usage)
================================================================================

User Context Length Distribution:
  Min: 604 tokens (75.50MiB)
  Max: 24724 tokens (3090.50MiB)
  Mean: 8565 tokens (1070.67MiB)

QoS Distribution:
  interactive: 26 users
  responsive: 64 users
  batch: 110 users

### MEMORY SAFETY CHECK ###
  Formula: peak = (workers x 2 x mean_entry_bytes) + baseline
         = (200 x 2 x 1000MiB) + 2.5GiB
         = 393.1GiB
  Available RAM: 991.0GiB
  Mean entry size: 1000MiB  (8000 tok x 131,072 B/tok)
  Peak per thread: 2000MiB  (np.load + np.array copy)
  Worker threads: 200
  Safe concurrent readers: ~506  = (available - baseline) / peak_per_thread
  Status: OK

Starting benchmark... Mode: standard (prefill+decode)
--------------------------------------------------------------------------------

================================================================================
BENCHMARK RESULTS - MLPerf KV Cache Storage Benchmark
Generation Mode: none (0.0ms/token)
================================================================================

IMPORTANT: All storage latencies below are measured per KV cache BLOCK,
not per token or per disk page.  Each block holds the full KV state for
one request (all layers, all heads, full sequence length).
  Model KV bytes/token: 131,072 bytes (128.0KiB)
  Entries in cache: 647
  Block size min:   29.8MiB
  Block size mean:  462.6MiB
  Block size P95:   1542.7MiB
  Block size max:   2937.5MiB
  A 200MiB block at 1GiB/s NVMe read = ~200 ms device latency.
  Compare latencies against block sizes, not against 4KiB page I/O.


### OVERALL PERFORMANCE ###
Requests Completed: 631
Total Tokens Generated: 93263
Throughput (wall-clock): 309.40 tokens/sec
Throughput (storage I/O): 4.80 tokens/sec
Requests/sec: 2.09

### END-TO-END LATENCY (Queue Wait + Storage I/O + Generation) ###
  Mean: 199791.80 ms
  P50:  178565.63 ms
  P95:  410644.24 ms
  P99:  445131.14 ms

### PER-REQUEST STORAGE LATENCY (All I/O ops for one request) ###
  Mean: 30777.43 ms
  P50:  19828.89 ms
  P95:  88210.67 ms
  P99:  164000.98 ms
  (= 1 prefill write + N decode reads per request)

### STORAGE PERFORMANCE ###
  Cache Hit Rate: 65.8%
  Total Read: 1751.25GiB
  Total Write: 292.27GiB
  Read/Write Ratio: 5.99
  Storage KV Read Operations/sec: 13.60
  Storage KV Write Operations/sec: 2.16

### CACHE TIER DISTRIBUTION ###
  GPU Entries: 0 (0.00GiB)
  CPU Entries: 0 (0.00GiB)
  Storage Entries: 647

### TIER-SPECIFIC KV BYTES ###
  Storage KV Bytes Written: 292.27GiB
  Storage KV Bytes Read: 1751.25GiB

### STORAGE KV BANDWIDTH ###
  Storage KV Read Bandwidth: 5.81GiB/s
  Storage KV Write Bandwidth: 0.97GiB/s

### TIER-SPECIFIC LATENCIES (Total = Host + Device) ###
  Storage Read P95 (Total): 14081.86 ms
  Storage Write P95 (Total): 7797.02 ms

### STORAGE TIER LATENCY BREAKDOWN (Device = Disk I/O, Host = Serialization) ###
  Storage Read:
    - Device P95 (Disk I/O): 13119.47 ms
    - Host P95 (Serialization): 4217.15 ms
    - Total P95: 14081.86 ms
  Storage Write:
    - Device P95 (Disk I/O): 957.47 ms
    - Host P95 (Serialization): 6291.88 ms
    - Total P95: 7797.02 ms

### CACHE TYPE BREAKDOWNS ###
  System Prompt Hits: 714
  Common Phrase Hits: 0
  User Cache Hits: 2725
  Multi-turn Hits: 641

### PREFIX CACHING ###
  Prefix Hits: 127
  Prefix Misses: 525
  System Prompt Reuse: 127
  Bytes Saved: 0.10GiB

### MULTI-TURN CONVERSATIONS ###
  Multi-turn Cache Hits: 638
  Multi-turn Cache Misses: 1994
  Multi-turn Hit Rate: 24.2%

### QOS LATENCY METRICS (Informational - includes simulated generation) ###

  INTERACTIVE:
    Requests: 480
    Latency P95: 412615.71 ms
    Latency P99: 450240.88 ms
    SLA Met: [X] (compliance: 0.0%)

  RESPONSIVE:
    Requests: 85
    Latency P95: 202075.23 ms
    Latency P99: 273811.91 ms
    SLA Met: [X] (compliance: 0.0%)

  BATCH:
    Requests: 66
    Latency P95: 150961.98 ms
    Latency P99: 239826.28 ms
    SLA Met: [X] (compliance: 0.0%)

================================================================================
NOTES:
  - Pure storage I/O benchmark (no generation simulation)
================================================================================

Integrated Multi-User KV Cache Benchmark - MLPerf Edition
Model: Llama 3.1 8B
GPU Memory: 0 GB
Users: 200
Duration: 300s
Seed: 45
Generation Mode: none (0.0ms/token)
Features:
  - Phase-Aware Processing: Enabled
  - Multi-turn Conversations: Enabled
  - Prefix Caching: Enabled
  - RAG Workload: Disabled
  - Autoscaling: Disabled
  - QoS Support: Enabled (Interactive/Responsive/Batch)
  - Trace-Driven (BurstGPT): Disabled
  - ShareGPT Dataset: Disabled
  - Max Concurrent Allocations: 16 (bounds RAM usage)
================================================================================

User Context Length Distribution:
  Min: 552 tokens (69.00MiB)
  Max: 24599 tokens (3074.88MiB)
  Mean: 8830 tokens (1103.78MiB)

QoS Distribution:
  interactive: 33 users
  responsive: 56 users
  batch: 111 users

### MEMORY SAFETY CHECK ###
  Formula: peak = (workers x 2 x mean_entry_bytes) + baseline
         = (200 x 2 x 1000MiB) + 2.5GiB
         = 393.1GiB
  Available RAM: 991.9GiB
  Mean entry size: 1000MiB  (8000 tok x 131,072 B/tok)
  Peak per thread: 2000MiB  (np.load + np.array copy)
  Worker threads: 200
  Safe concurrent readers: ~506  = (available - baseline) / peak_per_thread
  Status: OK

Starting benchmark... Mode: standard (prefill+decode)
--------------------------------------------------------------------------------

================================================================================
BENCHMARK RESULTS - MLPerf KV Cache Storage Benchmark
Generation Mode: none (0.0ms/token)
================================================================================

IMPORTANT: All storage latencies below are measured per KV cache BLOCK,
not per token or per disk page.  Each block holds the full KV state for
one request (all layers, all heads, full sequence length).
  Model KV bytes/token: 131,072 bytes (128.0KiB)
  Entries in cache: 615
  Block size min:   20.8MiB
  Block size mean:  603.6MiB
  Block size P95:   1810.4MiB
  Block size max:   2768.4MiB
  A 200MiB block at 1GiB/s NVMe read = ~200 ms device latency.
  Compare latencies against block sizes, not against 4KiB page I/O.


### OVERALL PERFORMANCE ###
Requests Completed: 598
Total Tokens Generated: 100295
Throughput (wall-clock): 332.59 tokens/sec
Throughput (storage I/O): 5.14 tokens/sec
Requests/sec: 1.98

### END-TO-END LATENCY (Queue Wait + Storage I/O + Generation) ###
  Mean: 205818.85 ms
  P50:  188374.05 ms
  P95:  434538.33 ms
  P99:  441760.39 ms

### PER-REQUEST STORAGE LATENCY (All I/O ops for one request) ###
  Mean: 32626.44 ms
  P50:  18794.29 ms
  P95:  104199.68 ms
  P99:  157367.09 ms
  (= 1 prefill write + N decode reads per request)

### STORAGE PERFORMANCE ###
  Cache Hit Rate: 75.7%
  Total Read: 1861.41GiB
  Total Write: 362.54GiB
  Read/Write Ratio: 5.13
  Storage KV Read Operations/sec: 12.02
  Storage KV Write Operations/sec: 2.05

### CACHE TIER DISTRIBUTION ###
  GPU Entries: 0 (0.00GiB)
  CPU Entries: 0 (0.00GiB)
  Storage Entries: 615

### TIER-SPECIFIC KV BYTES ###
  Storage KV Bytes Written: 362.54GiB
  Storage KV Bytes Read: 1861.41GiB

### STORAGE KV BANDWIDTH ###
  Storage KV Read Bandwidth: 6.17GiB/s
  Storage KV Write Bandwidth: 1.20GiB/s

### TIER-SPECIFIC LATENCIES (Total = Host + Device) ###
  Storage Read P95 (Total): 15431.74 ms
  Storage Write P95 (Total): 8260.95 ms

### STORAGE TIER LATENCY BREAKDOWN (Device = Disk I/O, Host = Serialization) ###
  Storage Read:
    - Device P95 (Disk I/O): 14168.41 ms
    - Host P95 (Serialization): 5875.39 ms
    - Total P95: 15431.74 ms
  Storage Write:
    - Device P95 (Disk I/O): 1323.43 ms
    - Host P95 (Serialization): 7900.89 ms
    - Total P95: 8260.95 ms

### CACHE TYPE BREAKDOWNS ###
  System Prompt Hits: 603
  Common Phrase Hits: 0
  User Cache Hits: 2852
  Multi-turn Hits: 150

### PREFIX CACHING ###
  Prefix Hits: 114
  Prefix Misses: 501
  System Prompt Reuse: 114
  Bytes Saved: 0.09GiB

### MULTI-TURN CONVERSATIONS ###
  Multi-turn Cache Hits: 150
  Multi-turn Cache Misses: 1043
  Multi-turn Hit Rate: 12.6%

### QOS LATENCY METRICS (Informational - includes simulated generation) ###

  INTERACTIVE:
    Requests: 451
    Latency P95: 435838.77 ms
    Latency P99: 443390.54 ms
    SLA Met: [X] (compliance: 0.0%)

  RESPONSIVE:
    Requests: 74
    Latency P95: 166990.88 ms
    Latency P99: 228134.79 ms
    SLA Met: [X] (compliance: 0.0%)

  BATCH:
    Requests: 73
    Latency P95: 131563.46 ms
    Latency P99: 243220.43 ms
    SLA Met: [X] (compliance: 0.0%)

================================================================================
NOTES:
  - Pure storage I/O benchmark (no generation simulation)
================================================================================

Integrated Multi-User KV Cache Benchmark - MLPerf Edition
Model: Llama 3.1 8B
GPU Memory: 0 GB
Users: 200
Duration: 300s
Seed: 114
Generation Mode: none (0.0ms/token)
Features:
  - Phase-Aware Processing: Enabled
  - Multi-turn Conversations: Enabled
  - Prefix Caching: Enabled
  - RAG Workload: Disabled
  - Autoscaling: Disabled
  - QoS Support: Enabled (Interactive/Responsive/Batch)
  - Trace-Driven (BurstGPT): Disabled
  - ShareGPT Dataset: Disabled
  - Max Concurrent Allocations: 16 (bounds RAM usage)
================================================================================

User Context Length Distribution:
  Min: 515 tokens (64.38MiB)
  Max: 24914 tokens (3114.25MiB)
  Mean: 9649 tokens (1206.09MiB)

QoS Distribution:
  interactive: 34 users
  responsive: 65 users
  batch: 101 users

### MEMORY SAFETY CHECK ###
  Formula: peak = (workers x 2 x mean_entry_bytes) + baseline
         = (200 x 2 x 1000MiB) + 2.5GiB
         = 393.1GiB
  Available RAM: 990.2GiB
  Mean entry size: 1000MiB  (8000 tok x 131,072 B/tok)
  Peak per thread: 2000MiB  (np.load + np.array copy)
  Worker threads: 200
  Safe concurrent readers: ~505  = (available - baseline) / peak_per_thread
  Status: OK

Starting benchmark... Mode: standard (prefill+decode)
--------------------------------------------------------------------------------

================================================================================
BENCHMARK RESULTS - MLPerf KV Cache Storage Benchmark
Generation Mode: none (0.0ms/token)
================================================================================

IMPORTANT: All storage latencies below are measured per KV cache BLOCK,
not per token or per disk page.  Each block holds the full KV state for
one request (all layers, all heads, full sequence length).
  Model KV bytes/token: 131,072 bytes (128.0KiB)
  Entries in cache: 550
  Block size min:   21.8MiB
  Block size mean:  637.4MiB
  Block size P95:   1790.2MiB
  Block size max:   2910.4MiB
  A 200MiB block at 1GiB/s NVMe read = ~200 ms device latency.
  Compare latencies against block sizes, not against 4KiB page I/O.


### OVERALL PERFORMANCE ###
Requests Completed: 531
Total Tokens Generated: 91335
Throughput (wall-clock): 298.01 tokens/sec
Throughput (storage I/O): 4.52 tokens/sec
Requests/sec: 1.73

### END-TO-END LATENCY (Queue Wait + Storage I/O + Generation) ###
  Mean: 217780.32 ms
  P50:  221550.21 ms
  P95:  412437.79 ms
  P99:  457297.06 ms

### PER-REQUEST STORAGE LATENCY (All I/O ops for one request) ###
  Mean: 38022.04 ms
  P50:  26006.83 ms
  P95:  113957.07 ms
  P99:  175500.97 ms
  (= 1 prefill write + N decode reads per request)

### STORAGE PERFORMANCE ###
  Cache Hit Rate: 69.6%
  Total Read: 1901.02GiB
  Total Write: 342.34GiB
  Read/Write Ratio: 5.55
  Storage KV Read Operations/sec: 11.74
  Storage KV Write Operations/sec: 1.83

### CACHE TIER DISTRIBUTION ###
  GPU Entries: 0 (0.00GiB)
  CPU Entries: 0 (0.00GiB)
  Storage Entries: 550

### TIER-SPECIFIC KV BYTES ###
  Storage KV Bytes Written: 342.34GiB
  Storage KV Bytes Read: 1901.02GiB

### STORAGE KV BANDWIDTH ###
  Storage KV Read Bandwidth: 6.20GiB/s
  Storage KV Write Bandwidth: 1.12GiB/s

### TIER-SPECIFIC LATENCIES (Total = Host + Device) ###
  Storage Read P95 (Total): 19035.37 ms
  Storage Write P95 (Total): 9421.02 ms

### STORAGE TIER LATENCY BREAKDOWN (Device = Disk I/O, Host = Serialization) ###
  Storage Read:
    - Device P95 (Disk I/O): 16927.90 ms
    - Host P95 (Serialization): 5127.87 ms
    - Total P95: 19035.37 ms
  Storage Write:
    - Device P95 (Disk I/O): 1703.77 ms
    - Host P95 (Serialization): 8425.92 ms
    - Total P95: 9421.02 ms

### CACHE TYPE BREAKDOWNS ###
  System Prompt Hits: 665
  Common Phrase Hits: 0
  User Cache Hits: 2543
  Multi-turn Hits: 315

### PREFIX CACHING ###
  Prefix Hits: 122
  Prefix Misses: 430
  System Prompt Reuse: 122
  Bytes Saved: 0.10GiB

### MULTI-TURN CONVERSATIONS ###
  Multi-turn Cache Hits: 314
  Multi-turn Cache Misses: 1416
  Multi-turn Hit Rate: 18.2%

### QOS LATENCY METRICS (Informational - includes simulated generation) ###

  INTERACTIVE:
    Requests: 375
    Latency P95: 424894.56 ms
    Latency P99: 460436.06 ms
    SLA Met: [X] (compliance: 0.0%)

  RESPONSIVE:
    Requests: 60
    Latency P95: 200812.65 ms
    Latency P99: 248257.59 ms
    SLA Met: [X] (compliance: 0.0%)

  BATCH:
    Requests: 96
    Latency P95: 225854.64 ms
    Latency P99: 295915.62 ms
    SLA Met: [X] (compliance: 0.0%)

================================================================================
NOTES:
  - Pure storage I/O benchmark (no generation simulation)
================================================================================

Integrated Multi-User KV Cache Benchmark - MLPerf Edition
Model: Llama 3.1 8B
GPU Memory: 0 GB
Users: 200
Duration: 300s
Seed: 50
Generation Mode: none (0.0ms/token)
Features:
  - Phase-Aware Processing: Enabled
  - Multi-turn Conversations: Enabled
  - Prefix Caching: Enabled
  - RAG Workload: Disabled
  - Autoscaling: Disabled
  - QoS Support: Enabled (Interactive/Responsive/Batch)
  - Trace-Driven (BurstGPT): Disabled
  - ShareGPT Dataset: Disabled
  - Max Concurrent Allocations: 16 (bounds RAM usage)
================================================================================

User Context Length Distribution:
  Min: 515 tokens (64.38MiB)
  Max: 24947 tokens (3118.38MiB)
  Mean: 8612 tokens (1076.51MiB)

QoS Distribution:
  interactive: 20 users
  responsive: 75 users
  batch: 105 users

### MEMORY SAFETY CHECK ###
  Formula: peak = (workers x 2 x mean_entry_bytes) + baseline
         = (200 x 2 x 1000MiB) + 2.5GiB
         = 393.1GiB
  Available RAM: 991.9GiB
  Mean entry size: 1000MiB  (8000 tok x 131,072 B/tok)
  Peak per thread: 2000MiB  (np.load + np.array copy)
  Worker threads: 200
  Safe concurrent readers: ~506  = (available - baseline) / peak_per_thread
  Status: OK

Starting benchmark... Mode: standard (prefill+decode)
--------------------------------------------------------------------------------

================================================================================
BENCHMARK RESULTS - MLPerf KV Cache Storage Benchmark
Generation Mode: none (0.0ms/token)
================================================================================

IMPORTANT: All storage latencies below are measured per KV cache BLOCK,
not per token or per disk page.  Each block holds the full KV state for
one request (all layers, all heads, full sequence length).
  Model KV bytes/token: 131,072 bytes (128.0KiB)
  Entries in cache: 612
  Block size min:   20.6MiB
  Block size mean:  594.3MiB
  Block size P95:   1829.3MiB
  Block size max:   2882.1MiB
  A 200MiB block at 1GiB/s NVMe read = ~200 ms device latency.
  Compare latencies against block sizes, not against 4KiB page I/O.


### OVERALL PERFORMANCE ###
Requests Completed: 592
Total Tokens Generated: 85024
Throughput (wall-clock): 281.83 tokens/sec
Throughput (storage I/O): 4.72 tokens/sec
Requests/sec: 1.96

### END-TO-END LATENCY (Queue Wait + Storage I/O + Generation) ###
  Mean: 204474.97 ms
  P50:  187371.96 ms
  P95:  425879.35 ms
  P99:  437720.94 ms

### PER-REQUEST STORAGE LATENCY (All I/O ops for one request) ###
  Mean: 30443.85 ms
  P50:  19591.86 ms
  P95:  106269.10 ms
  P99:  157533.61 ms
  (= 1 prefill write + N decode reads per request)

### STORAGE PERFORMANCE ###
  Cache Hit Rate: 87.6%
  Total Read: 1368.63GiB
  Total Write: 355.19GiB
  Read/Write Ratio: 3.85
  Storage KV Read Operations/sec: 9.89
  Storage KV Write Operations/sec: 2.04

### CACHE TIER DISTRIBUTION ###
  GPU Entries: 0 (0.00GiB)
  CPU Entries: 0 (0.00GiB)
  Storage Entries: 612

### TIER-SPECIFIC KV BYTES ###
  Storage KV Bytes Written: 355.19GiB
  Storage KV Bytes Read: 1368.63GiB

### STORAGE KV BANDWIDTH ###
  Storage KV Read Bandwidth: 4.54GiB/s
  Storage KV Write Bandwidth: 1.18GiB/s

### TIER-SPECIFIC LATENCIES (Total = Host + Device) ###
  Storage Read P95 (Total): 17106.82 ms
  Storage Write P95 (Total): 10331.73 ms

### STORAGE TIER LATENCY BREAKDOWN (Device = Disk I/O, Host = Serialization) ###
  Storage Read:
    - Device P95 (Disk I/O): 14771.22 ms
    - Host P95 (Serialization): 6179.25 ms
    - Total P95: 17106.82 ms
  Storage Write:
    - Device P95 (Disk I/O): 1026.45 ms
    - Host P95 (Serialization): 10131.18 ms
    - Total P95: 10331.73 ms

### CACHE TYPE BREAKDOWNS ###
  System Prompt Hits: 539
  Common Phrase Hits: 0
  User Cache Hits: 2415
  Multi-turn Hits: 14

### PREFIX CACHING ###
  Prefix Hits: 114
  Prefix Misses: 498
  System Prompt Reuse: 114
  Bytes Saved: 0.10GiB

### MULTI-TURN CONVERSATIONS ###
  Multi-turn Cache Hits: 14
  Multi-turn Cache Misses: 307
  Multi-turn Hit Rate: 4.4%

### QOS LATENCY METRICS (Informational - includes simulated generation) ###

  INTERACTIVE:
    Requests: 418
    Latency P95: 427932.54 ms
    Latency P99: 440261.00 ms
    SLA Met: [X] (compliance: 0.0%)

  RESPONSIVE:
    Requests: 89
    Latency P95: 247834.92 ms
    Latency P99: 388518.65 ms
    SLA Met: [X] (compliance: 0.0%)

  BATCH:
    Requests: 85
    Latency P95: 230916.27 ms
    Latency P99: 375367.24 ms
    SLA Met: [X] (compliance: 0.0%)

================================================================================
NOTES:
  - Pure storage I/O benchmark (no generation simulation)
================================================================================

Integrated Multi-User KV Cache Benchmark - MLPerf Edition
Model: Llama 3.1 8B
GPU Memory: 0 GB
Users: 200
Duration: 300s
Seed: 155
Generation Mode: none (0.0ms/token)
Features:
  - Phase-Aware Processing: Enabled
  - Multi-turn Conversations: Enabled
  - Prefix Caching: Enabled
  - RAG Workload: Disabled
  - Autoscaling: Disabled
  - QoS Support: Enabled (Interactive/Responsive/Batch)
  - Trace-Driven (BurstGPT): Disabled
  - ShareGPT Dataset: Disabled
  - Max Concurrent Allocations: 16 (bounds RAM usage)
================================================================================

User Context Length Distribution:
  Min: 522 tokens (65.25MiB)
  Max: 24490 tokens (3061.25MiB)
  Mean: 9930 tokens (1241.21MiB)

QoS Distribution:
  interactive: 21 users
  responsive: 67 users
  batch: 112 users

### MEMORY SAFETY CHECK ###
  Formula: peak = (workers x 2 x mean_entry_bytes) + baseline
         = (200 x 2 x 1000MiB) + 2.5GiB
         = 393.1GiB
  Available RAM: 991.4GiB
  Mean entry size: 1000MiB  (8000 tok x 131,072 B/tok)
  Peak per thread: 2000MiB  (np.load + np.array copy)
  Worker threads: 200
  Safe concurrent readers: ~506  = (available - baseline) / peak_per_thread
  Status: OK

Starting benchmark... Mode: standard (prefill+decode)
--------------------------------------------------------------------------------

================================================================================
BENCHMARK RESULTS - MLPerf KV Cache Storage Benchmark
Generation Mode: none (0.0ms/token)
================================================================================

IMPORTANT: All storage latencies below are measured per KV cache BLOCK,
not per token or per disk page.  Each block holds the full KV state for
one request (all layers, all heads, full sequence length).
  Model KV bytes/token: 131,072 bytes (128.0KiB)
  Entries in cache: 510
  Block size min:   22.5MiB
  Block size mean:  842.7MiB
  Block size P95:   2099.4MiB
  Block size max:   2976.9MiB
  A 200MiB block at 1GiB/s NVMe read = ~200 ms device latency.
  Compare latencies against block sizes, not against 4KiB page I/O.


### OVERALL PERFORMANCE ###
Requests Completed: 497
Total Tokens Generated: 89870
Throughput (wall-clock): 299.56 tokens/sec
Throughput (storage I/O): 3.87 tokens/sec
Requests/sec: 1.66

### END-TO-END LATENCY (Queue Wait + Storage I/O + Generation) ###
  Mean: 214153.33 ms
  P50:  220622.79 ms
  P95:  437374.87 ms
  P99:  443457.68 ms

### PER-REQUEST STORAGE LATENCY (All I/O ops for one request) ###
  Mean: 46749.35 ms
  P50:  29208.78 ms
  P95:  143883.78 ms
  P99:  223948.96 ms
  (= 1 prefill write + N decode reads per request)

### STORAGE PERFORMANCE ###
  Cache Hit Rate: 78.7%
  Total Read: 1565.69GiB
  Total Write: 419.70GiB
  Read/Write Ratio: 3.73
  Storage KV Read Operations/sec: 9.10
  Storage KV Write Operations/sec: 1.70

### CACHE TIER DISTRIBUTION ###
  GPU Entries: 0 (0.00GiB)
  CPU Entries: 0 (0.00GiB)
  Storage Entries: 510

### TIER-SPECIFIC KV BYTES ###
  Storage KV Bytes Written: 419.70GiB
  Storage KV Bytes Read: 1565.69GiB

### STORAGE KV BANDWIDTH ###
  Storage KV Read Bandwidth: 5.22GiB/s
  Storage KV Write Bandwidth: 1.40GiB/s

### TIER-SPECIFIC LATENCIES (Total = Host + Device) ###
  Storage Read P95 (Total): 22800.95 ms
  Storage Write P95 (Total): 13391.84 ms

### STORAGE TIER LATENCY BREAKDOWN (Device = Disk I/O, Host = Serialization) ###
  Storage Read:
    - Device P95 (Disk I/O): 17493.51 ms
    - Host P95 (Serialization): 10168.98 ms
    - Total P95: 22800.95 ms
  Storage Write:
    - Device P95 (Disk I/O): 1616.46 ms
    - Host P95 (Serialization): 12319.60 ms
    - Total P95: 13391.84 ms

### CACHE TYPE BREAKDOWNS ###
  System Prompt Hits: 522
  Common Phrase Hits: 0
  User Cache Hits: 2149
  Multi-turn Hits: 59

### PREFIX CACHING ###
  Prefix Hits: 96
  Prefix Misses: 414
  System Prompt Reuse: 96
  Bytes Saved: 0.08GiB

### MULTI-TURN CONVERSATIONS ###
  Multi-turn Cache Hits: 59
  Multi-turn Cache Misses: 642
  Multi-turn Hit Rate: 8.4%

### QOS LATENCY METRICS (Informational - includes simulated generation) ###

  INTERACTIVE:
    Requests: 319
    Latency P95: 437908.16 ms
    Latency P99: 444117.23 ms
    SLA Met: [X] (compliance: 0.0%)

  RESPONSIVE:
    Requests: 71
    Latency P95: 318532.34 ms
    Latency P99: 413249.33 ms
    SLA Met: [X] (compliance: 0.0%)

  BATCH:
    Requests: 107
    Latency P95: 249078.99 ms
    Latency P99: 379733.24 ms
    SLA Met: [X] (compliance: 0.0%)

================================================================================
NOTES:
  - Pure storage I/O benchmark (no generation simulation)
================================================================================

Integrated Multi-User KV Cache Benchmark - MLPerf Edition
Model: Llama 3.1 8B
GPU Memory: 0 GB
Users: 200
Duration: 300s
Seed: 192
Generation Mode: none (0.0ms/token)
Features:
  - Phase-Aware Processing: Enabled
  - Multi-turn Conversations: Enabled
  - Prefix Caching: Enabled
  - RAG Workload: Disabled
  - Autoscaling: Disabled
  - QoS Support: Enabled (Interactive/Responsive/Batch)
  - Trace-Driven (BurstGPT): Disabled
  - ShareGPT Dataset: Disabled
  - Max Concurrent Allocations: 16 (bounds RAM usage)
================================================================================

User Context Length Distribution:
  Min: 544 tokens (68.00MiB)
  Max: 24976 tokens (3122.00MiB)
  Mean: 9852 tokens (1231.51MiB)

QoS Distribution:
  interactive: 35 users
  responsive: 78 users
  batch: 87 users

### MEMORY SAFETY CHECK ###
  Formula: peak = (workers x 2 x mean_entry_bytes) + baseline
         = (200 x 2 x 1000MiB) + 2.5GiB
         = 393.1GiB
  Available RAM: 991.1GiB
  Mean entry size: 1000MiB  (8000 tok x 131,072 B/tok)
  Peak per thread: 2000MiB  (np.load + np.array copy)
  Worker threads: 200
  Safe concurrent readers: ~506  = (available - baseline) / peak_per_thread
  Status: OK

Starting benchmark... Mode: standard (prefill+decode)
--------------------------------------------------------------------------------

================================================================================
BENCHMARK RESULTS - MLPerf KV Cache Storage Benchmark
Generation Mode: none (0.0ms/token)
================================================================================

IMPORTANT: All storage latencies below are measured per KV cache BLOCK,
not per token or per disk page.  Each block holds the full KV state for
one request (all layers, all heads, full sequence length).
  Model KV bytes/token: 131,072 bytes (128.0KiB)
  Entries in cache: 576
  Block size min:   34.0MiB
  Block size mean:  669.3MiB
  Block size P95:   2141.1MiB
  Block size max:   3029.9MiB
  A 200MiB block at 1GiB/s NVMe read = ~200 ms device latency.
  Compare latencies against block sizes, not against 4KiB page I/O.


### OVERALL PERFORMANCE ###
Requests Completed: 563
Total Tokens Generated: 86417
Throughput (wall-clock): 284.65 tokens/sec
Throughput (storage I/O): 4.14 tokens/sec
Requests/sec: 1.85

### END-TO-END LATENCY (Queue Wait + Storage I/O + Generation) ###
  Mean: 212542.94 ms
  P50:  190407.30 ms
  P95:  438291.29 ms
  P99:  455095.40 ms

### PER-REQUEST STORAGE LATENCY (All I/O ops for one request) ###
  Mean: 37118.80 ms
  P50:  24613.87 ms
  P95:  124268.71 ms
  P99:  224964.40 ms
  (= 1 prefill write + N decode reads per request)

### STORAGE PERFORMANCE ###
  Cache Hit Rate: 89.3%
  Total Read: 1548.18GiB
  Total Write: 376.48GiB
  Read/Write Ratio: 4.11
  Storage KV Read Operations/sec: 9.59
  Storage KV Write Operations/sec: 1.92

### CACHE TIER DISTRIBUTION ###
  GPU Entries: 0 (0.00GiB)
  CPU Entries: 0 (0.00GiB)
  Storage Entries: 576

### TIER-SPECIFIC KV BYTES ###
  Storage KV Bytes Written: 376.48GiB
  Storage KV Bytes Read: 1548.18GiB

### STORAGE KV BANDWIDTH ###
  Storage KV Read Bandwidth: 5.10GiB/s
  Storage KV Write Bandwidth: 1.24GiB/s

### TIER-SPECIFIC LATENCIES (Total = Host + Device) ###
  Storage Read P95 (Total): 20201.95 ms
  Storage Write P95 (Total): 12825.48 ms

### STORAGE TIER LATENCY BREAKDOWN (Device = Disk I/O, Host = Serialization) ###
  Storage Read:
    - Device P95 (Disk I/O): 16630.89 ms
    - Host P95 (Serialization): 7878.24 ms
    - Total P95: 20201.95 ms
  Storage Write:
    - Device P95 (Disk I/O): 1502.04 ms
    - Host P95 (Serialization): 11742.81 ms
    - Total P95: 12825.48 ms

### CACHE TYPE BREAKDOWNS ###
  System Prompt Hits: 598
  Common Phrase Hits: 0
  User Cache Hits: 2266
  Multi-turn Hits: 12

### PREFIX CACHING ###
  Prefix Hits: 115
  Prefix Misses: 461
  System Prompt Reuse: 115
  Bytes Saved: 0.10GiB

### MULTI-TURN CONVERSATIONS ###
  Multi-turn Cache Hits: 12
  Multi-turn Cache Misses: 228
  Multi-turn Hit Rate: 5.0%

### QOS LATENCY METRICS (Informational - includes simulated generation) ###

  INTERACTIVE:
    Requests: 404
    Latency P95: 440446.73 ms
    Latency P99: 458563.83 ms
    SLA Met: [X] (compliance: 0.0%)

  RESPONSIVE:
    Requests: 80
    Latency P95: 215151.23 ms
    Latency P99: 257923.88 ms
    SLA Met: [X] (compliance: 0.0%)

  BATCH:
    Requests: 79
    Latency P95: 267582.45 ms
    Latency P99: 406889.76 ms
    SLA Met: [X] (compliance: 0.0%)

================================================================================
NOTES:
  - Pure storage I/O benchmark (no generation simulation)
================================================================================

Integrated Multi-User KV Cache Benchmark - MLPerf Edition
Model: Llama 3.1 8B
GPU Memory: 0 GB
Users: 200
Duration: 300s
Seed: 134
Generation Mode: none (0.0ms/token)
Features:
  - Phase-Aware Processing: Enabled
  - Multi-turn Conversations: Enabled
  - Prefix Caching: Enabled
  - RAG Workload: Disabled
  - Autoscaling: Disabled
  - QoS Support: Enabled (Interactive/Responsive/Batch)
  - Trace-Driven (BurstGPT): Disabled
  - ShareGPT Dataset: Disabled
  - Max Concurrent Allocations: 16 (bounds RAM usage)
================================================================================

User Context Length Distribution:
  Min: 715 tokens (89.38MiB)
  Max: 24970 tokens (3121.25MiB)
  Mean: 8688 tokens (1085.95MiB)

QoS Distribution:
  interactive: 29 users
  responsive: 59 users
  batch: 112 users

### MEMORY SAFETY CHECK ###
  Formula: peak = (workers x 2 x mean_entry_bytes) + baseline
         = (200 x 2 x 1000MiB) + 2.5GiB
         = 393.1GiB
  Available RAM: 991.2GiB
  Mean entry size: 1000MiB  (8000 tok x 131,072 B/tok)
  Peak per thread: 2000MiB  (np.load + np.array copy)
  Worker threads: 200
  Safe concurrent readers: ~506  = (available - baseline) / peak_per_thread
  Status: OK

Starting benchmark... Mode: standard (prefill+decode)
--------------------------------------------------------------------------------

================================================================================
BENCHMARK RESULTS - MLPerf KV Cache Storage Benchmark
Generation Mode: none (0.0ms/token)
================================================================================

IMPORTANT: All storage latencies below are measured per KV cache BLOCK,
not per token or per disk page.  Each block holds the full KV state for
one request (all layers, all heads, full sequence length).
  Model KV bytes/token: 131,072 bytes (128.0KiB)
  Entries in cache: 649
  Block size min:   27.4MiB
  Block size mean:  567.9MiB
  Block size P95:   1811.4MiB
  Block size max:   2893.5MiB
  A 200MiB block at 1GiB/s NVMe read = ~200 ms device latency.
  Compare latencies against block sizes, not against 4KiB page I/O.


### OVERALL PERFORMANCE ###
Requests Completed: 638
Total Tokens Generated: 95373
Throughput (wall-clock): 317.75 tokens/sec
Throughput (storage I/O): 4.71 tokens/sec
Requests/sec: 2.13

### END-TO-END LATENCY (Queue Wait + Storage I/O + Generation) ###
  Mean: 206850.83 ms
  P50:  196540.81 ms
  P95:  435906.75 ms
  P99:  454860.26 ms

### PER-REQUEST STORAGE LATENCY (All I/O ops for one request) ###
  Mean: 31740.43 ms
  P50:  19695.13 ms
  P95:  103620.38 ms
  P99:  167478.57 ms
  (= 1 prefill write + N decode reads per request)

### STORAGE PERFORMANCE ###
  Cache Hit Rate: 84.0%
  Total Read: 1625.28GiB
  Total Write: 359.95GiB
  Read/Write Ratio: 4.52
  Storage KV Read Operations/sec: 11.30
  Storage KV Write Operations/sec: 2.16

### CACHE TIER DISTRIBUTION ###
  GPU Entries: 0 (0.00GiB)
  CPU Entries: 0 (0.00GiB)
  Storage Entries: 649

### TIER-SPECIFIC KV BYTES ###
  Storage KV Bytes Written: 359.95GiB
  Storage KV Bytes Read: 1625.28GiB

### STORAGE KV BANDWIDTH ###
  Storage KV Read Bandwidth: 5.41GiB/s
  Storage KV Write Bandwidth: 1.20GiB/s

### TIER-SPECIFIC LATENCIES (Total = Host + Device) ###
  Storage Read P95 (Total): 17140.42 ms
  Storage Write P95 (Total): 9586.63 ms

### STORAGE TIER LATENCY BREAKDOWN (Device = Disk I/O, Host = Serialization) ###
  Storage Read:
    - Device P95 (Disk I/O): 14181.49 ms
    - Host P95 (Serialization): 5707.15 ms
    - Total P95: 17140.42 ms
  Storage Write:
    - Device P95 (Disk I/O): 1369.78 ms
    - Host P95 (Serialization): 9361.74 ms
    - Total P95: 9586.63 ms

### CACHE TYPE BREAKDOWNS ###
  System Prompt Hits: 637
  Common Phrase Hits: 0
  User Cache Hits: 2702
  Multi-turn Hits: 51

### PREFIX CACHING ###
  Prefix Hits: 122
  Prefix Misses: 528
  System Prompt Reuse: 122
  Bytes Saved: 0.10GiB

### MULTI-TURN CONVERSATIONS ###
  Multi-turn Cache Hits: 50
  Multi-turn Cache Misses: 526
  Multi-turn Hit Rate: 8.7%

### QOS LATENCY METRICS (Informational - includes simulated generation) ###

  INTERACTIVE:
    Requests: 477
    Latency P95: 438543.39 ms
    Latency P99: 458566.19 ms
    SLA Met: [X] (compliance: 0.0%)

  RESPONSIVE:
    Requests: 54
    Latency P95: 218978.68 ms
    Latency P99: 265316.13 ms
    SLA Met: [X] (compliance: 0.0%)

  BATCH:
    Requests: 107
    Latency P95: 145839.60 ms
    Latency P99: 178343.13 ms
    SLA Met: [X] (compliance: 0.0%)

================================================================================
NOTES:
  - Pure storage I/O benchmark (no generation simulation)
================================================================================

Integrated Multi-User KV Cache Benchmark - MLPerf Edition
Model: Llama 3.1 8B
GPU Memory: 0 GB
Users: 200
Duration: 300s
Seed: 48
Generation Mode: none (0.0ms/token)
Features:
  - Phase-Aware Processing: Enabled
  - Multi-turn Conversations: Enabled
  - Prefix Caching: Enabled
  - RAG Workload: Disabled
  - Autoscaling: Disabled
  - QoS Support: Enabled (Interactive/Responsive/Batch)
  - Trace-Driven (BurstGPT): Disabled
  - ShareGPT Dataset: Disabled
  - Max Concurrent Allocations: 16 (bounds RAM usage)
================================================================================

User Context Length Distribution:
  Min: 530 tokens (66.25MiB)
  Max: 24816 tokens (3102.00MiB)
  Mean: 8671 tokens (1083.83MiB)

QoS Distribution:
  interactive: 35 users
  responsive: 69 users
  batch: 96 users

### MEMORY SAFETY CHECK ###
  Formula: peak = (workers x 2 x mean_entry_bytes) + baseline
         = (200 x 2 x 1000MiB) + 2.5GiB
         = 393.1GiB
  Available RAM: 990.0GiB
  Mean entry size: 1000MiB  (8000 tok x 131,072 B/tok)
  Peak per thread: 2000MiB  (np.load + np.array copy)
  Worker threads: 200
  Safe concurrent readers: ~505  = (available - baseline) / peak_per_thread
  Status: OK

Starting benchmark... Mode: standard (prefill+decode)
--------------------------------------------------------------------------------

================================================================================
BENCHMARK RESULTS - MLPerf KV Cache Storage Benchmark
Generation Mode: none (0.0ms/token)
================================================================================

IMPORTANT: All storage latencies below are measured per KV cache BLOCK,
not per token or per disk page.  Each block holds the full KV state for
one request (all layers, all heads, full sequence length).
  Model KV bytes/token: 131,072 bytes (128.0KiB)
  Entries in cache: 608
  Block size min:   17.6MiB
  Block size mean:  733.0MiB
  Block size P95:   2104.9MiB
  Block size max:   2957.1MiB
  A 200MiB block at 1GiB/s NVMe read = ~200 ms device latency.
  Compare latencies against block sizes, not against 4KiB page I/O.


### OVERALL PERFORMANCE ###
Requests Completed: 593
Total Tokens Generated: 100531
Throughput (wall-clock): 330.44 tokens/sec
Throughput (storage I/O): 5.99 tokens/sec
Requests/sec: 1.95

### END-TO-END LATENCY (Queue Wait + Storage I/O + Generation) ###
  Mean: 212085.99 ms
  P50:  204107.32 ms
  P95:  437898.57 ms
  P99:  453850.43 ms

### PER-REQUEST STORAGE LATENCY (All I/O ops for one request) ###
  Mean: 28317.64 ms
  P50:  15871.55 ms
  P95:  97499.22 ms
  P99:  175033.39 ms
  (= 1 prefill write + N decode reads per request)

### STORAGE PERFORMANCE ###
  Cache Hit Rate: 84.5%
  Total Read: 1529.29GiB
  Total Write: 435.20GiB
  Read/Write Ratio: 3.51
  Storage KV Read Operations/sec: 9.80
  Storage KV Write Operations/sec: 2.03

### CACHE TIER DISTRIBUTION ###
  GPU Entries: 0 (0.00GiB)
  CPU Entries: 0 (0.00GiB)
  Storage Entries: 608

### TIER-SPECIFIC KV BYTES ###
  Storage KV Bytes Written: 435.20GiB
  Storage KV Bytes Read: 1529.29GiB

### STORAGE KV BANDWIDTH ###
  Storage KV Read Bandwidth: 5.03GiB/s
  Storage KV Write Bandwidth: 1.43GiB/s

### TIER-SPECIFIC LATENCIES (Total = Host + Device) ###
  Storage Read P95 (Total): 16327.46 ms
  Storage Write P95 (Total): 8763.44 ms

### STORAGE TIER LATENCY BREAKDOWN (Device = Disk I/O, Host = Serialization) ###
  Storage Read:
    - Device P95 (Disk I/O): 14035.90 ms
    - Host P95 (Serialization): 6375.03 ms
    - Total P95: 16327.46 ms
  Storage Write:
    - Device P95 (Disk I/O): 1789.11 ms
    - Host P95 (Serialization): 7836.29 ms
    - Total P95: 8763.44 ms

### CACHE TYPE BREAKDOWNS ###
  System Prompt Hits: 665
  Common Phrase Hits: 0
  User Cache Hits: 2260
  Multi-turn Hits: 14

### PREFIX CACHING ###
  Prefix Hits: 125
  Prefix Misses: 483
  System Prompt Reuse: 125
  Bytes Saved: 0.11GiB

### MULTI-TURN CONVERSATIONS ###
  Multi-turn Cache Hits: 14
  Multi-turn Cache Misses: 414
  Multi-turn Hit Rate: 3.3%

### QOS LATENCY METRICS (Informational - includes simulated generation) ###

  INTERACTIVE:
    Requests: 439
    Latency P95: 445039.95 ms
    Latency P99: 454567.37 ms
    SLA Met: [X] (compliance: 0.0%)

  RESPONSIVE:
    Requests: 98
    Latency P95: 304379.92 ms
    Latency P99: 403756.89 ms
    SLA Met: [X] (compliance: 0.0%)

  BATCH:
    Requests: 56
    Latency P95: 273414.77 ms
    Latency P99: 387560.80 ms
    SLA Met: [X] (compliance: 0.0%)

================================================================================
NOTES:
  - Pure storage I/O benchmark (no generation simulation)
================================================================================

Integrated Multi-User KV Cache Benchmark - MLPerf Edition
Model: Llama 3.1 8B
GPU Memory: 0 GB
Users: 200
Duration: 300s
Seed: 68
Generation Mode: none (0.0ms/token)
Features:
  - Phase-Aware Processing: Enabled
  - Multi-turn Conversations: Enabled
  - Prefix Caching: Enabled
  - RAG Workload: Disabled
  - Autoscaling: Disabled
  - QoS Support: Enabled (Interactive/Responsive/Batch)
  - Trace-Driven (BurstGPT): Disabled
  - ShareGPT Dataset: Disabled
  - Max Concurrent Allocations: 16 (bounds RAM usage)
================================================================================

User Context Length Distribution:
  Min: 539 tokens (67.38MiB)
  Max: 24518 tokens (3064.75MiB)
  Mean: 8429 tokens (1053.57MiB)

QoS Distribution:
  interactive: 28 users
  responsive: 79 users
  batch: 93 users

### MEMORY SAFETY CHECK ###
  Formula: peak = (workers x 2 x mean_entry_bytes) + baseline
         = (200 x 2 x 1000MiB) + 2.5GiB
         = 393.1GiB
  Available RAM: 989.4GiB
  Mean entry size: 1000MiB  (8000 tok x 131,072 B/tok)
  Peak per thread: 2000MiB  (np.load + np.array copy)
  Worker threads: 200
  Safe concurrent readers: ~505  = (available - baseline) / peak_per_thread
  Status: OK

Starting benchmark... Mode: standard (prefill+decode)
--------------------------------------------------------------------------------

================================================================================
BENCHMARK RESULTS - MLPerf KV Cache Storage Benchmark
Generation Mode: none (0.0ms/token)
================================================================================

IMPORTANT: All storage latencies below are measured per KV cache BLOCK,
not per token or per disk page.  Each block holds the full KV state for
one request (all layers, all heads, full sequence length).
  Model KV bytes/token: 131,072 bytes (128.0KiB)
  Entries in cache: 608
  Block size min:   17.5MiB
  Block size mean:  632.8MiB
  Block size P95:   1842.6MiB
  Block size max:   2952.2MiB
  A 200MiB block at 1GiB/s NVMe read = ~200 ms device latency.
  Compare latencies against block sizes, not against 4KiB page I/O.


### OVERALL PERFORMANCE ###
Requests Completed: 595
Total Tokens Generated: 89257
Throughput (wall-clock): 295.66 tokens/sec
Throughput (storage I/O): 4.20 tokens/sec
Requests/sec: 1.97

### END-TO-END LATENCY (Queue Wait + Storage I/O + Generation) ###
  Mean: 213041.50 ms
  P50:  205440.86 ms
  P95:  438607.80 ms
  P99:  448308.70 ms

### PER-REQUEST STORAGE LATENCY (All I/O ops for one request) ###
  Mean: 35719.29 ms
  P50:  23043.70 ms
  P95:  105673.24 ms
  P99:  161140.82 ms
  (= 1 prefill write + N decode reads per request)

### STORAGE PERFORMANCE ###
  Cache Hit Rate: 90.3%
  Total Read: 1517.65GiB
  Total Write: 375.74GiB
  Read/Write Ratio: 4.04
  Storage KV Read Operations/sec: 10.15
  Storage KV Write Operations/sec: 2.03

### CACHE TIER DISTRIBUTION ###
  GPU Entries: 0 (0.00GiB)
  CPU Entries: 0 (0.00GiB)
  Storage Entries: 608

### TIER-SPECIFIC KV BYTES ###
  Storage KV Bytes Written: 375.74GiB
  Storage KV Bytes Read: 1517.65GiB

### STORAGE KV BANDWIDTH ###
  Storage KV Read Bandwidth: 5.03GiB/s
  Storage KV Write Bandwidth: 1.24GiB/s

### TIER-SPECIFIC LATENCIES (Total = Host + Device) ###
  Storage Read P95 (Total): 16511.58 ms
  Storage Write P95 (Total): 13014.46 ms

### STORAGE TIER LATENCY BREAKDOWN (Device = Disk I/O, Host = Serialization) ###
  Storage Read:
    - Device P95 (Disk I/O): 14320.32 ms
    - Host P95 (Serialization): 7140.05 ms
    - Total P95: 16511.58 ms
  Storage Write:
    - Device P95 (Disk I/O): 1597.21 ms
    - Host P95 (Serialization): 12457.85 ms
    - Total P95: 13014.46 ms

### CACHE TYPE BREAKDOWNS ###
  System Prompt Hits: 556
  Common Phrase Hits: 0
  User Cache Hits: 2473
  Multi-turn Hits: 15

### PREFIX CACHING ###
  Prefix Hits: 120
  Prefix Misses: 488
  System Prompt Reuse: 120
  Bytes Saved: 0.10GiB

### MULTI-TURN CONVERSATIONS ###
  Multi-turn Cache Hits: 15
  Multi-turn Cache Misses: 207
  Multi-turn Hit Rate: 6.8%

### QOS LATENCY METRICS (Informational - includes simulated generation) ###

  INTERACTIVE:
    Requests: 441
    Latency P95: 439790.07 ms
    Latency P99: 448682.57 ms
    SLA Met: [X] (compliance: 0.0%)

  RESPONSIVE:
    Requests: 85
    Latency P95: 195782.18 ms
    Latency P99: 246609.39 ms
    SLA Met: [X] (compliance: 0.0%)

  BATCH:
    Requests: 69
    Latency P95: 186841.78 ms
    Latency P99: 260644.78 ms
    SLA Met: [X] (compliance: 0.0%)

================================================================================
NOTES:
  - Pure storage I/O benchmark (no generation simulation)
================================================================================

Integrated Multi-User KV Cache Benchmark - MLPerf Edition
Model: Llama 3.1 8B
GPU Memory: 0 GB
Users: 200
Duration: 300s
Seed: 77
Generation Mode: none (0.0ms/token)
Features:
  - Phase-Aware Processing: Enabled
  - Multi-turn Conversations: Enabled
  - Prefix Caching: Enabled
  - RAG Workload: Disabled
  - Autoscaling: Disabled
  - QoS Support: Enabled (Interactive/Responsive/Batch)
  - Trace-Driven (BurstGPT): Disabled
  - ShareGPT Dataset: Disabled
  - Max Concurrent Allocations: 16 (bounds RAM usage)
================================================================================

User Context Length Distribution:
  Min: 577 tokens (72.12MiB)
  Max: 24647 tokens (3080.88MiB)
  Mean: 9420 tokens (1177.56MiB)

QoS Distribution:
  interactive: 38 users
  responsive: 59 users
  batch: 103 users

### MEMORY SAFETY CHECK ###
  Formula: peak = (workers x 2 x mean_entry_bytes) + baseline
         = (200 x 2 x 1000MiB) + 2.5GiB
         = 393.1GiB
  Available RAM: 991.7GiB
  Mean entry size: 1000MiB  (8000 tok x 131,072 B/tok)
  Peak per thread: 2000MiB  (np.load + np.array copy)
  Worker threads: 200
  Safe concurrent readers: ~506  = (available - baseline) / peak_per_thread
  Status: OK

Starting benchmark... Mode: standard (prefill+decode)
--------------------------------------------------------------------------------

================================================================================
BENCHMARK RESULTS - MLPerf KV Cache Storage Benchmark
Generation Mode: none (0.0ms/token)
================================================================================

IMPORTANT: All storage latencies below are measured per KV cache BLOCK,
not per token or per disk page.  Each block holds the full KV state for
one request (all layers, all heads, full sequence length).
  Model KV bytes/token: 131,072 bytes (128.0KiB)
  Entries in cache: 608
  Block size min:   22.6MiB
  Block size mean:  641.7MiB
  Block size P95:   1788.3MiB
  Block size max:   2884.0MiB
  A 200MiB block at 1GiB/s NVMe read = ~200 ms device latency.
  Compare latencies against block sizes, not against 4KiB page I/O.


### OVERALL PERFORMANCE ###
Requests Completed: 598
Total Tokens Generated: 88943
Throughput (wall-clock): 295.53 tokens/sec
Throughput (storage I/O): 4.44 tokens/sec
Requests/sec: 1.99

### END-TO-END LATENCY (Queue Wait + Storage I/O + Generation) ###
  Mean: 211828.11 ms
  P50:  196263.79 ms
  P95:  443611.51 ms
  P99:  452767.09 ms

### PER-REQUEST STORAGE LATENCY (All I/O ops for one request) ###
  Mean: 33489.76 ms
  P50:  22604.45 ms
  P95:  101612.54 ms
  P99:  140366.75 ms
  (= 1 prefill write + N decode reads per request)

### STORAGE PERFORMANCE ###
  Cache Hit Rate: 65.7%
  Total Read: 1734.31GiB
  Total Write: 381.03GiB
  Read/Write Ratio: 4.55
  Storage KV Read Operations/sec: 11.27
  Storage KV Write Operations/sec: 2.03

### CACHE TIER DISTRIBUTION ###
  GPU Entries: 0 (0.00GiB)
  CPU Entries: 0 (0.00GiB)
  Storage Entries: 608

### TIER-SPECIFIC KV BYTES ###
  Storage KV Bytes Written: 381.03GiB
  Storage KV Bytes Read: 1734.31GiB

### STORAGE KV BANDWIDTH ###
  Storage KV Read Bandwidth: 5.76GiB/s
  Storage KV Write Bandwidth: 1.27GiB/s

### TIER-SPECIFIC LATENCIES (Total = Host + Device) ###
  Storage Read P95 (Total): 17260.71 ms
  Storage Write P95 (Total): 10895.07 ms

### STORAGE TIER LATENCY BREAKDOWN (Device = Disk I/O, Host = Serialization) ###
  Storage Read:
    - Device P95 (Disk I/O): 13739.62 ms
    - Host P95 (Serialization): 5400.89 ms
    - Total P95: 17260.71 ms
  Storage Write:
    - Device P95 (Disk I/O): 1470.95 ms
    - Host P95 (Serialization): 10297.86 ms
    - Total P95: 10895.07 ms

### CACHE TYPE BREAKDOWNS ###
  System Prompt Hits: 566
  Common Phrase Hits: 0
  User Cache Hits: 2343
  Multi-turn Hits: 472

### PREFIX CACHING ###
  Prefix Hits: 120
  Prefix Misses: 493
  System Prompt Reuse: 120
  Bytes Saved: 0.09GiB

### MULTI-TURN CONVERSATIONS ###
  Multi-turn Cache Hits: 469
  Multi-turn Cache Misses: 1643
  Multi-turn Hit Rate: 22.2%

### QOS LATENCY METRICS (Informational - includes simulated generation) ###

  INTERACTIVE:
    Requests: 461
    Latency P95: 445595.03 ms
    Latency P99: 453770.39 ms
    SLA Met: [X] (compliance: 0.0%)

  RESPONSIVE:
    Requests: 75
    Latency P95: 181508.10 ms
    Latency P99: 213774.40 ms
    SLA Met: [X] (compliance: 0.0%)

  BATCH:
    Requests: 62
    Latency P95: 201543.45 ms
    Latency P99: 225142.14 ms
    SLA Met: [X] (compliance: 0.0%)

================================================================================
NOTES:
  - Pure storage I/O benchmark (no generation simulation)
================================================================================

Integrated Multi-User KV Cache Benchmark - MLPerf Edition
Model: Llama 3.1 8B
GPU Memory: 0 GB
Users: 200
Duration: 300s
Seed: 174
Generation Mode: none (0.0ms/token)
Features:
  - Phase-Aware Processing: Enabled
  - Multi-turn Conversations: Enabled
  - Prefix Caching: Enabled
  - RAG Workload: Disabled
  - Autoscaling: Disabled
  - QoS Support: Enabled (Interactive/Responsive/Batch)
  - Trace-Driven (BurstGPT): Disabled
  - ShareGPT Dataset: Disabled
  - Max Concurrent Allocations: 16 (bounds RAM usage)
================================================================================

User Context Length Distribution:
  Min: 523 tokens (65.38MiB)
  Max: 24530 tokens (3066.25MiB)
  Mean: 8554 tokens (1069.26MiB)

QoS Distribution:
  interactive: 34 users
  responsive: 64 users
  batch: 102 users

### MEMORY SAFETY CHECK ###
  Formula: peak = (workers x 2 x mean_entry_bytes) + baseline
         = (200 x 2 x 1000MiB) + 2.5GiB
         = 393.1GiB
  Available RAM: 991.4GiB
  Mean entry size: 1000MiB  (8000 tok x 131,072 B/tok)
  Peak per thread: 2000MiB  (np.load + np.array copy)
  Worker threads: 200
  Safe concurrent readers: ~506  = (available - baseline) / peak_per_thread
  Status: OK

Starting benchmark... Mode: standard (prefill+decode)
--------------------------------------------------------------------------------

================================================================================
BENCHMARK RESULTS - MLPerf KV Cache Storage Benchmark
Generation Mode: none (0.0ms/token)
================================================================================

IMPORTANT: All storage latencies below are measured per KV cache BLOCK,
not per token or per disk page.  Each block holds the full KV state for
one request (all layers, all heads, full sequence length).
  Model KV bytes/token: 131,072 bytes (128.0KiB)
  Entries in cache: 613
  Block size min:   21.2MiB
  Block size mean:  628.2MiB
  Block size P95:   1932.3MiB
  Block size max:   2943.1MiB
  A 200MiB block at 1GiB/s NVMe read = ~200 ms device latency.
  Compare latencies against block sizes, not against 4KiB page I/O.


### OVERALL PERFORMANCE ###
Requests Completed: 599
Total Tokens Generated: 92634
Throughput (wall-clock): 306.25 tokens/sec
Throughput (storage I/O): 5.28 tokens/sec
Requests/sec: 1.98

### END-TO-END LATENCY (Queue Wait + Storage I/O + Generation) ###
  Mean: 208240.01 ms
  P50:  189412.13 ms
  P95:  442272.30 ms
  P99:  451918.78 ms

### PER-REQUEST STORAGE LATENCY (All I/O ops for one request) ###
  Mean: 29270.38 ms
  P50:  16502.10 ms
  P95:  101567.72 ms
  P99:  148746.08 ms
  (= 1 prefill write + N decode reads per request)

### STORAGE PERFORMANCE ###
  Cache Hit Rate: 88.3%
  Total Read: 1505.89GiB
  Total Write: 376.05GiB
  Read/Write Ratio: 4.00
  Storage KV Read Operations/sec: 10.35
  Storage KV Write Operations/sec: 2.04

### CACHE TIER DISTRIBUTION ###
  GPU Entries: 0 (0.00GiB)
  CPU Entries: 0 (0.00GiB)
  Storage Entries: 613

### TIER-SPECIFIC KV BYTES ###
  Storage KV Bytes Written: 376.05GiB
  Storage KV Bytes Read: 1505.89GiB

### STORAGE KV BANDWIDTH ###
  Storage KV Read Bandwidth: 4.98GiB/s
  Storage KV Write Bandwidth: 1.24GiB/s

### TIER-SPECIFIC LATENCIES (Total = Host + Device) ###
  Storage Read P95 (Total): 15893.54 ms
  Storage Write P95 (Total): 9312.55 ms

### STORAGE TIER LATENCY BREAKDOWN (Device = Disk I/O, Host = Serialization) ###
  Storage Read:
    - Device P95 (Disk I/O): 12392.76 ms
    - Host P95 (Serialization): 6118.69 ms
    - Total P95: 15893.54 ms
  Storage Write:
    - Device P95 (Disk I/O): 1119.19 ms
    - Host P95 (Serialization): 8697.51 ms
    - Total P95: 9312.55 ms

### CACHE TYPE BREAKDOWNS ###
  System Prompt Hits: 582
  Common Phrase Hits: 0
  User Cache Hits: 2506
  Multi-turn Hits: 18

### PREFIX CACHING ###
  Prefix Hits: 123
  Prefix Misses: 490
  System Prompt Reuse: 123
  Bytes Saved: 0.10GiB

### MULTI-TURN CONVERSATIONS ###
  Multi-turn Cache Hits: 18
  Multi-turn Cache Misses: 288
  Multi-turn Hit Rate: 5.9%

### QOS LATENCY METRICS (Informational - includes simulated generation) ###

  INTERACTIVE:
    Requests: 449
    Latency P95: 443941.78 ms
    Latency P99: 453118.79 ms
    SLA Met: [X] (compliance: 0.0%)

  RESPONSIVE:
    Requests: 58
    Latency P95: 169198.51 ms
    Latency P99: 272217.41 ms
    SLA Met: [X] (compliance: 0.0%)

  BATCH:
    Requests: 92
    Latency P95: 168530.44 ms
    Latency P99: 231780.11 ms
    SLA Met: [X] (compliance: 0.0%)

================================================================================
NOTES:
  - Pure storage I/O benchmark (no generation simulation)
================================================================================

Integrated Multi-User KV Cache Benchmark - MLPerf Edition
Model: Llama 3.1 8B
GPU Memory: 0 GB
Users: 200
Duration: 300s
Seed: 49
Generation Mode: none (0.0ms/token)
Features:
  - Phase-Aware Processing: Enabled
  - Multi-turn Conversations: Enabled
  - Prefix Caching: Enabled
  - RAG Workload: Disabled
  - Autoscaling: Disabled
  - QoS Support: Enabled (Interactive/Responsive/Batch)
  - Trace-Driven (BurstGPT): Disabled
  - ShareGPT Dataset: Disabled
  - Max Concurrent Allocations: 16 (bounds RAM usage)
================================================================================

User Context Length Distribution:
  Min: 534 tokens (66.75MiB)
  Max: 23495 tokens (2936.88MiB)
  Mean: 8505 tokens (1063.15MiB)

QoS Distribution:
  interactive: 39 users
  responsive: 59 users
  batch: 102 users

### MEMORY SAFETY CHECK ###
  Formula: peak = (workers x 2 x mean_entry_bytes) + baseline
         = (200 x 2 x 1000MiB) + 2.5GiB
         = 393.1GiB
  Available RAM: 990.0GiB
  Mean entry size: 1000MiB  (8000 tok x 131,072 B/tok)
  Peak per thread: 2000MiB  (np.load + np.array copy)
  Worker threads: 200
  Safe concurrent readers: ~505  = (available - baseline) / peak_per_thread
  Status: OK

Starting benchmark... Mode: standard (prefill+decode)
--------------------------------------------------------------------------------

================================================================================
BENCHMARK RESULTS - MLPerf KV Cache Storage Benchmark
Generation Mode: none (0.0ms/token)
================================================================================

IMPORTANT: All storage latencies below are measured per KV cache BLOCK,
not per token or per disk page.  Each block holds the full KV state for
one request (all layers, all heads, full sequence length).
  Model KV bytes/token: 131,072 bytes (128.0KiB)
  Entries in cache: 654
  Block size min:   17.1MiB
  Block size mean:  554.7MiB
  Block size P95:   1687.0MiB
  Block size max:   2706.1MiB
  A 200MiB block at 1GiB/s NVMe read = ~200 ms device latency.
  Compare latencies against block sizes, not against 4KiB page I/O.


### OVERALL PERFORMANCE ###
Requests Completed: 639
Total Tokens Generated: 105646
Throughput (wall-clock): 347.56 tokens/sec
Throughput (storage I/O): 5.66 tokens/sec
Requests/sec: 2.10

### END-TO-END LATENCY (Queue Wait + Storage I/O + Generation) ###
  Mean: 212998.21 ms
  P50:  194333.57 ms
  P95:  440175.53 ms
  P99:  453939.91 ms

### PER-REQUEST STORAGE LATENCY (All I/O ops for one request) ###
  Mean: 29215.01 ms
  P50:  19816.58 ms
  P95:  88272.11 ms
  P99:  147943.70 ms
  (= 1 prefill write + N decode reads per request)

### STORAGE PERFORMANCE ###
  Cache Hit Rate: 91.4%
  Total Read: 1686.39GiB
  Total Write: 354.26GiB
  Read/Write Ratio: 4.76
  Storage KV Read Operations/sec: 11.91
  Storage KV Write Operations/sec: 2.18

### CACHE TIER DISTRIBUTION ###
  GPU Entries: 0 (0.00GiB)
  CPU Entries: 0 (0.00GiB)
  Storage Entries: 654

### TIER-SPECIFIC KV BYTES ###
  Storage KV Bytes Written: 354.26GiB
  Storage KV Bytes Read: 1686.39GiB

### STORAGE KV BANDWIDTH ###
  Storage KV Read Bandwidth: 5.55GiB/s
  Storage KV Write Bandwidth: 1.17GiB/s

### TIER-SPECIFIC LATENCIES (Total = Host + Device) ###
  Storage Read P95 (Total): 14884.55 ms
  Storage Write P95 (Total): 8927.65 ms

### STORAGE TIER LATENCY BREAKDOWN (Device = Disk I/O, Host = Serialization) ###
  Storage Read:
    - Device P95 (Disk I/O): 11935.72 ms
    - Host P95 (Serialization): 4658.80 ms
    - Total P95: 14884.55 ms
  Storage Write:
    - Device P95 (Disk I/O): 1207.01 ms
    - Host P95 (Serialization): 8615.26 ms
    - Total P95: 8927.65 ms

### CACHE TYPE BREAKDOWNS ###
  System Prompt Hits: 810
  Common Phrase Hits: 0
  User Cache Hits: 2744
  Multi-turn Hits: 20

### PREFIX CACHING ###
  Prefix Hits: 133
  Prefix Misses: 521
  System Prompt Reuse: 133
  Bytes Saved: 0.11GiB

### MULTI-TURN CONVERSATIONS ###
  Multi-turn Cache Hits: 20
  Multi-turn Cache Misses: 203
  Multi-turn Hit Rate: 9.0%

### QOS LATENCY METRICS (Informational - includes simulated generation) ###

  INTERACTIVE:
    Requests: 489
    Latency P95: 444775.28 ms
    Latency P99: 457143.15 ms
    SLA Met: [X] (compliance: 0.0%)

  RESPONSIVE:
    Requests: 63
    Latency P95: 190392.72 ms
    Latency P99: 214160.67 ms
    SLA Met: [X] (compliance: 0.0%)

  BATCH:
    Requests: 87
    Latency P95: 182368.82 ms
    Latency P99: 241934.27 ms
    SLA Met: [X] (compliance: 0.0%)

================================================================================
NOTES:
  - Pure storage I/O benchmark (no generation simulation)
================================================================================

Integrated Multi-User KV Cache Benchmark - MLPerf Edition
Model: Llama 3.1 8B
GPU Memory: 0 GB
Users: 200
Duration: 300s
Seed: 232
Generation Mode: none (0.0ms/token)
Features:
  - Phase-Aware Processing: Enabled
  - Multi-turn Conversations: Enabled
  - Prefix Caching: Enabled
  - RAG Workload: Disabled
  - Autoscaling: Disabled
  - QoS Support: Enabled (Interactive/Responsive/Batch)
  - Trace-Driven (BurstGPT): Disabled
  - ShareGPT Dataset: Disabled
  - Max Concurrent Allocations: 16 (bounds RAM usage)
================================================================================

User Context Length Distribution:
  Min: 552 tokens (69.00MiB)
  Max: 24025 tokens (3003.12MiB)
  Mean: 8731 tokens (1091.42MiB)

QoS Distribution:
  interactive: 33 users
  responsive: 69 users
  batch: 98 users

### MEMORY SAFETY CHECK ###
  Formula: peak = (workers x 2 x mean_entry_bytes) + baseline
         = (200 x 2 x 1000MiB) + 2.5GiB
         = 393.1GiB
  Available RAM: 991.0GiB
  Mean entry size: 1000MiB  (8000 tok x 131,072 B/tok)
  Peak per thread: 2000MiB  (np.load + np.array copy)
  Worker threads: 200
  Safe concurrent readers: ~506  = (available - baseline) / peak_per_thread
  Status: OK

Starting benchmark... Mode: standard (prefill+decode)
--------------------------------------------------------------------------------

================================================================================
BENCHMARK RESULTS - MLPerf KV Cache Storage Benchmark
Generation Mode: none (0.0ms/token)
================================================================================

IMPORTANT: All storage latencies below are measured per KV cache BLOCK,
not per token or per disk page.  Each block holds the full KV state for
one request (all layers, all heads, full sequence length).
  Model KV bytes/token: 131,072 bytes (128.0KiB)
  Entries in cache: 591
  Block size min:   17.6MiB
  Block size mean:  621.3MiB
  Block size P95:   1710.4MiB
  Block size max:   2683.2MiB
  A 200MiB block at 1GiB/s NVMe read = ~200 ms device latency.
  Compare latencies against block sizes, not against 4KiB page I/O.


### OVERALL PERFORMANCE ###
Requests Completed: 573
Total Tokens Generated: 104056
Throughput (wall-clock): 345.44 tokens/sec
Throughput (storage I/O): 4.80 tokens/sec
Requests/sec: 1.90

### END-TO-END LATENCY (Queue Wait + Storage I/O + Generation) ###
  Mean: 209187.43 ms
  P50:  188992.65 ms
  P95:  435994.27 ms
  P99:  458180.01 ms

### PER-REQUEST STORAGE LATENCY (All I/O ops for one request) ###
  Mean: 37803.76 ms
  P50:  22549.20 ms
  P95:  117237.53 ms
  P99:  192372.11 ms
  (= 1 prefill write + N decode reads per request)

### STORAGE PERFORMANCE ###
  Cache Hit Rate: 70.3%
  Total Read: 2226.82GiB
  Total Write: 358.56GiB
  Read/Write Ratio: 6.21
  Storage KV Read Operations/sec: 13.28
  Storage KV Write Operations/sec: 1.97

### CACHE TIER DISTRIBUTION ###
  GPU Entries: 0 (0.00GiB)
  CPU Entries: 0 (0.00GiB)
  Storage Entries: 591

### TIER-SPECIFIC KV BYTES ###
  Storage KV Bytes Written: 358.56GiB
  Storage KV Bytes Read: 2226.82GiB

### STORAGE KV BANDWIDTH ###
  Storage KV Read Bandwidth: 7.39GiB/s
  Storage KV Write Bandwidth: 1.19GiB/s

### TIER-SPECIFIC LATENCIES (Total = Host + Device) ###
  Storage Read P95 (Total): 16305.16 ms
  Storage Write P95 (Total): 8537.48 ms

### STORAGE TIER LATENCY BREAKDOWN (Device = Disk I/O, Host = Serialization) ###
  Storage Read:
    - Device P95 (Disk I/O): 14649.46 ms
    - Host P95 (Serialization): 5300.64 ms
    - Total P95: 16305.16 ms
  Storage Write:
    - Device P95 (Disk I/O): 1761.05 ms
    - Host P95 (Serialization): 8128.60 ms
    - Total P95: 8537.48 ms

### CACHE TYPE BREAKDOWNS ###
  System Prompt Hits: 646
  Common Phrase Hits: 0
  User Cache Hits: 2756
  Multi-turn Hits: 583

### PREFIX CACHING ###
  Prefix Hits: 104
  Prefix Misses: 487
  System Prompt Reuse: 104
  Bytes Saved: 0.09GiB

### MULTI-TURN CONVERSATIONS ###
  Multi-turn Cache Hits: 583
  Multi-turn Cache Misses: 1578
  Multi-turn Hit Rate: 27.0%

### QOS LATENCY METRICS (Informational - includes simulated generation) ###

  INTERACTIVE:
    Requests: 422
    Latency P95: 439175.45 ms
    Latency P99: 461296.33 ms
    SLA Met: [X] (compliance: 0.0%)

  RESPONSIVE:
    Requests: 57
    Latency P95: 132374.24 ms
    Latency P99: 169894.84 ms
    SLA Met: [X] (compliance: 0.0%)

  BATCH:
    Requests: 94
    Latency P95: 140763.12 ms
    Latency P99: 192839.71 ms
    SLA Met: [X] (compliance: 0.0%)

================================================================================
NOTES:
  - Pure storage I/O benchmark (no generation simulation)
================================================================================

Integrated Multi-User KV Cache Benchmark - MLPerf Edition
Model: Llama 3.1 8B
GPU Memory: 0 GB
Users: 200
Duration: 300s
Seed: 66
Generation Mode: none (0.0ms/token)
Features:
  - Phase-Aware Processing: Enabled
  - Multi-turn Conversations: Enabled
  - Prefix Caching: Enabled
  - RAG Workload: Disabled
  - Autoscaling: Disabled
  - QoS Support: Enabled (Interactive/Responsive/Batch)
  - Trace-Driven (BurstGPT): Disabled
  - ShareGPT Dataset: Disabled
  - Max Concurrent Allocations: 16 (bounds RAM usage)
================================================================================

User Context Length Distribution:
  Min: 578 tokens (72.25MiB)
  Max: 24808 tokens (3101.00MiB)
  Mean: 9566 tokens (1195.75MiB)

QoS Distribution:
  interactive: 24 users
  responsive: 76 users
  batch: 100 users

### MEMORY SAFETY CHECK ###
  Formula: peak = (workers x 2 x mean_entry_bytes) + baseline
         = (200 x 2 x 1000MiB) + 2.5GiB
         = 393.1GiB
  Available RAM: 989.4GiB
  Mean entry size: 1000MiB  (8000 tok x 131,072 B/tok)
  Peak per thread: 2000MiB  (np.load + np.array copy)
  Worker threads: 200
  Safe concurrent readers: ~505  = (available - baseline) / peak_per_thread
  Status: OK

Starting benchmark... Mode: standard (prefill+decode)
--------------------------------------------------------------------------------

================================================================================
BENCHMARK RESULTS - MLPerf KV Cache Storage Benchmark
Generation Mode: none (0.0ms/token)
================================================================================

IMPORTANT: All storage latencies below are measured per KV cache BLOCK,
not per token or per disk page.  Each block holds the full KV state for
one request (all layers, all heads, full sequence length).
  Model KV bytes/token: 131,072 bytes (128.0KiB)
  Entries in cache: 515
  Block size min:   20.0MiB
  Block size mean:  824.1MiB
  Block size P95:   1986.7MiB
  Block size max:   3050.8MiB
  A 200MiB block at 1GiB/s NVMe read = ~200 ms device latency.
  Compare latencies against block sizes, not against 4KiB page I/O.


### OVERALL PERFORMANCE ###
Requests Completed: 502
Total Tokens Generated: 108186
Throughput (wall-clock): 353.97 tokens/sec
Throughput (storage I/O): 4.78 tokens/sec
Requests/sec: 1.64

### END-TO-END LATENCY (Queue Wait + Storage I/O + Generation) ###
  Mean: 220491.59 ms
  P50:  196148.86 ms
  P95:  444950.58 ms
  P99:  459070.38 ms

### PER-REQUEST STORAGE LATENCY (All I/O ops for one request) ###
  Mean: 45060.42 ms
  P50:  24071.79 ms
  P95:  162621.67 ms
  P99:  229383.42 ms
  (= 1 prefill write + N decode reads per request)

### STORAGE PERFORMANCE ###
  Cache Hit Rate: 90.4%
  Total Read: 1811.65GiB
  Total Write: 414.48GiB
  Read/Write Ratio: 4.37
  Storage KV Read Operations/sec: 10.47
  Storage KV Write Operations/sec: 1.72

### CACHE TIER DISTRIBUTION ###
  GPU Entries: 0 (0.00GiB)
  CPU Entries: 0 (0.00GiB)
  Storage Entries: 515

### TIER-SPECIFIC KV BYTES ###
  Storage KV Bytes Written: 414.48GiB
  Storage KV Bytes Read: 1811.65GiB

### STORAGE KV BANDWIDTH ###
  Storage KV Read Bandwidth: 5.93GiB/s
  Storage KV Write Bandwidth: 1.36GiB/s

### TIER-SPECIFIC LATENCIES (Total = Host + Device) ###
  Storage Read P95 (Total): 20101.78 ms
  Storage Write P95 (Total): 12254.88 ms

### STORAGE TIER LATENCY BREAKDOWN (Device = Disk I/O, Host = Serialization) ###
  Storage Read:
    - Device P95 (Disk I/O): 16523.50 ms
    - Host P95 (Serialization): 7631.57 ms
    - Total P95: 20101.78 ms
  Storage Write:
    - Device P95 (Disk I/O): 1659.23 ms
    - Host P95 (Serialization): 11210.03 ms
    - Total P95: 12254.88 ms

### CACHE TYPE BREAKDOWNS ###
  System Prompt Hits: 792
  Common Phrase Hits: 0
  User Cache Hits: 2339
  Multi-turn Hits: 9

### PREFIX CACHING ###
  Prefix Hits: 121
  Prefix Misses: 394
  System Prompt Reuse: 121
  Bytes Saved: 0.10GiB

### MULTI-TURN CONVERSATIONS ###
  Multi-turn Cache Hits: 9
  Multi-turn Cache Misses: 212
  Multi-turn Hit Rate: 4.1%

### QOS LATENCY METRICS (Informational - includes simulated generation) ###

  INTERACTIVE:
    Requests: 327
    Latency P95: 448690.25 ms
    Latency P99: 459811.01 ms
    SLA Met: [X] (compliance: 0.0%)

  RESPONSIVE:
    Requests: 104
    Latency P95: 290777.31 ms
    Latency P99: 363515.26 ms
    SLA Met: [X] (compliance: 0.0%)

  BATCH:
    Requests: 71
    Latency P95: 174704.43 ms
    Latency P99: 312239.74 ms
    SLA Met: [X] (compliance: 0.0%)

================================================================================
NOTES:
  - Pure storage I/O benchmark (no generation simulation)
================================================================================

Integrated Multi-User KV Cache Benchmark - MLPerf Edition
Model: Llama 3.1 8B
GPU Memory: 0 GB
Users: 200
Duration: 300s
Seed: 204
Generation Mode: none (0.0ms/token)
Features:
  - Phase-Aware Processing: Enabled
  - Multi-turn Conversations: Enabled
  - Prefix Caching: Enabled
  - RAG Workload: Disabled
  - Autoscaling: Disabled
  - QoS Support: Enabled (Interactive/Responsive/Batch)
  - Trace-Driven (BurstGPT): Disabled
  - ShareGPT Dataset: Disabled
  - Max Concurrent Allocations: 16 (bounds RAM usage)
================================================================================

User Context Length Distribution:
  Min: 535 tokens (66.88MiB)
  Max: 23924 tokens (2990.50MiB)
  Mean: 8981 tokens (1122.66MiB)

QoS Distribution:
  interactive: 22 users
  responsive: 74 users
  batch: 104 users

### MEMORY SAFETY CHECK ###
  Formula: peak = (workers x 2 x mean_entry_bytes) + baseline
         = (200 x 2 x 1000MiB) + 2.5GiB
         = 393.1GiB
  Available RAM: 990.7GiB
  Mean entry size: 1000MiB  (8000 tok x 131,072 B/tok)
  Peak per thread: 2000MiB  (np.load + np.array copy)
  Worker threads: 200
  Safe concurrent readers: ~505  = (available - baseline) / peak_per_thread
  Status: OK

Starting benchmark... Mode: standard (prefill+decode)
--------------------------------------------------------------------------------

================================================================================
BENCHMARK RESULTS - MLPerf KV Cache Storage Benchmark
Generation Mode: none (0.0ms/token)
================================================================================

IMPORTANT: All storage latencies below are measured per KV cache BLOCK,
not per token or per disk page.  Each block holds the full KV state for
one request (all layers, all heads, full sequence length).
  Model KV bytes/token: 131,072 bytes (128.0KiB)
  Entries in cache: 668
  Block size min:   17.2MiB
  Block size mean:  546.1MiB
  Block size P95:   1620.3MiB
  Block size max:   2784.1MiB
  A 200MiB block at 1GiB/s NVMe read = ~200 ms device latency.
  Compare latencies against block sizes, not against 4KiB page I/O.


### OVERALL PERFORMANCE ###
Requests Completed: 654
Total Tokens Generated: 100330
Throughput (wall-clock): 333.66 tokens/sec
Throughput (storage I/O): 4.94 tokens/sec
Requests/sec: 2.17

### END-TO-END LATENCY (Queue Wait + Storage I/O + Generation) ###
  Mean: 195683.95 ms
  P50:  178028.12 ms
  P95:  404102.10 ms
  P99:  445824.77 ms

### PER-REQUEST STORAGE LATENCY (All I/O ops for one request) ###
  Mean: 31036.86 ms
  P50:  17532.69 ms
  P95:  95298.14 ms
  P99:  165690.14 ms
  (= 1 prefill write + N decode reads per request)

### STORAGE PERFORMANCE ###
  Cache Hit Rate: 66.5%
  Total Read: 2113.25GiB
  Total Write: 356.21GiB
  Read/Write Ratio: 5.93
  Storage KV Read Operations/sec: 13.88
  Storage KV Write Operations/sec: 2.23

### CACHE TIER DISTRIBUTION ###
  GPU Entries: 0 (0.00GiB)
  CPU Entries: 0 (0.00GiB)
  Storage Entries: 668

### TIER-SPECIFIC KV BYTES ###
  Storage KV Bytes Written: 356.21GiB
  Storage KV Bytes Read: 2113.25GiB

### STORAGE KV BANDWIDTH ###
  Storage KV Read Bandwidth: 7.03GiB/s
  Storage KV Write Bandwidth: 1.18GiB/s

### TIER-SPECIFIC LATENCIES (Total = Host + Device) ###
  Storage Read P95 (Total): 13554.82 ms
  Storage Write P95 (Total): 6889.29 ms

### STORAGE TIER LATENCY BREAKDOWN (Device = Disk I/O, Host = Serialization) ###
  Storage Read:
    - Device P95 (Disk I/O): 12093.28 ms
    - Host P95 (Serialization): 4402.26 ms
    - Total P95: 13554.82 ms
  Storage Write:
    - Device P95 (Disk I/O): 901.07 ms
    - Host P95 (Serialization): 6810.87 ms
    - Total P95: 6889.29 ms

### CACHE TYPE BREAKDOWNS ###
  System Prompt Hits: 561
  Common Phrase Hits: 0
  User Cache Hits: 2945
  Multi-turn Hits: 658

### PREFIX CACHING ###
  Prefix Hits: 109
  Prefix Misses: 566
  System Prompt Reuse: 109
  Bytes Saved: 0.09GiB

### MULTI-TURN CONVERSATIONS ###
  Multi-turn Cache Hits: 653
  Multi-turn Cache Misses: 1988
  Multi-turn Hit Rate: 24.7%

### QOS LATENCY METRICS (Informational - includes simulated generation) ###

  INTERACTIVE:
    Requests: 480
    Latency P95: 409781.12 ms
    Latency P99: 450360.68 ms
    SLA Met: [X] (compliance: 0.0%)

  RESPONSIVE:
    Requests: 68
    Latency P95: 170634.22 ms
    Latency P99: 273611.87 ms
    SLA Met: [X] (compliance: 0.0%)

  BATCH:
    Requests: 106
    Latency P95: 127711.22 ms
    Latency P99: 160058.13 ms
    SLA Met: [X] (compliance: 0.0%)

================================================================================
NOTES:
  - Pure storage I/O benchmark (no generation simulation)
================================================================================

Integrated Multi-User KV Cache Benchmark - MLPerf Edition
Model: Llama 3.1 8B
GPU Memory: 0 GB
Users: 200
Duration: 300s
Seed: 234
Generation Mode: none (0.0ms/token)
Features:
  - Phase-Aware Processing: Enabled
  - Multi-turn Conversations: Enabled
  - Prefix Caching: Enabled
  - RAG Workload: Disabled
  - Autoscaling: Disabled
  - QoS Support: Enabled (Interactive/Responsive/Batch)
  - Trace-Driven (BurstGPT): Disabled
  - ShareGPT Dataset: Disabled
  - Max Concurrent Allocations: 16 (bounds RAM usage)
================================================================================

User Context Length Distribution:
  Min: 528 tokens (66.00MiB)
  Max: 24858 tokens (3107.25MiB)
  Mean: 9556 tokens (1194.47MiB)

QoS Distribution:
  interactive: 30 users
  responsive: 74 users
  batch: 96 users

### MEMORY SAFETY CHECK ###
  Formula: peak = (workers x 2 x mean_entry_bytes) + baseline
         = (200 x 2 x 1000MiB) + 2.5GiB
         = 393.1GiB
  Available RAM: 991.3GiB
  Mean entry size: 1000MiB  (8000 tok x 131,072 B/tok)
  Peak per thread: 2000MiB  (np.load + np.array copy)
  Worker threads: 200
  Safe concurrent readers: ~506  = (available - baseline) / peak_per_thread
  Status: OK

Starting benchmark... Mode: standard (prefill+decode)
--------------------------------------------------------------------------------

================================================================================
BENCHMARK RESULTS - MLPerf KV Cache Storage Benchmark
Generation Mode: none (0.0ms/token)
================================================================================

IMPORTANT: All storage latencies below are measured per KV cache BLOCK,
not per token or per disk page.  Each block holds the full KV state for
one request (all layers, all heads, full sequence length).
  Model KV bytes/token: 131,072 bytes (128.0KiB)
  Entries in cache: 549
  Block size min:   21.0MiB
  Block size mean:  655.0MiB
  Block size P95:   1979.4MiB
  Block size max:   3101.1MiB
  A 200MiB block at 1GiB/s NVMe read = ~200 ms device latency.
  Compare latencies against block sizes, not against 4KiB page I/O.


### OVERALL PERFORMANCE ###
Requests Completed: 534
Total Tokens Generated: 86763
Throughput (wall-clock): 289.02 tokens/sec
Throughput (storage I/O): 4.45 tokens/sec
Requests/sec: 1.78

### END-TO-END LATENCY (Queue Wait + Storage I/O + Generation) ###
  Mean: 217008.57 ms
  P50:  202384.90 ms
  P95:  435672.04 ms
  P99:  461432.40 ms

### PER-REQUEST STORAGE LATENCY (All I/O ops for one request) ###
  Mean: 36523.07 ms
  P50:  22370.07 ms
  P95:  121944.89 ms
  P99:  165243.92 ms
  (= 1 prefill write + N decode reads per request)

### STORAGE PERFORMANCE ###
  Cache Hit Rate: 87.0%
  Total Read: 1531.64GiB
  Total Write: 351.17GiB
  Read/Write Ratio: 4.36
  Storage KV Read Operations/sec: 10.01
  Storage KV Write Operations/sec: 1.83

### CACHE TIER DISTRIBUTION ###
  GPU Entries: 0 (0.00GiB)
  CPU Entries: 0 (0.00GiB)
  Storage Entries: 549

### TIER-SPECIFIC KV BYTES ###
  Storage KV Bytes Written: 351.17GiB
  Storage KV Bytes Read: 1531.64GiB

### STORAGE KV BANDWIDTH ###
  Storage KV Read Bandwidth: 5.10GiB/s
  Storage KV Write Bandwidth: 1.17GiB/s

### TIER-SPECIFIC LATENCIES (Total = Host + Device) ###
  Storage Read P95 (Total): 18134.52 ms
  Storage Write P95 (Total): 11093.84 ms

### STORAGE TIER LATENCY BREAKDOWN (Device = Disk I/O, Host = Serialization) ###
  Storage Read:
    - Device P95 (Disk I/O): 14850.94 ms
    - Host P95 (Serialization): 7625.64 ms
    - Total P95: 18134.52 ms
  Storage Write:
    - Device P95 (Disk I/O): 1200.17 ms
    - Host P95 (Serialization): 10563.42 ms
    - Total P95: 11093.84 ms

### CACHE TYPE BREAKDOWNS ###
  System Prompt Hits: 555
  Common Phrase Hits: 0
  User Cache Hits: 2421
  Multi-turn Hits: 28

### PREFIX CACHING ###
  Prefix Hits: 110
  Prefix Misses: 439
  System Prompt Reuse: 110
  Bytes Saved: 0.09GiB

### MULTI-TURN CONVERSATIONS ###
  Multi-turn Cache Hits: 28
  Multi-turn Cache Misses: 340
  Multi-turn Hit Rate: 7.6%

### QOS LATENCY METRICS (Informational - includes simulated generation) ###

  INTERACTIVE:
    Requests: 374
    Latency P95: 436977.48 ms
    Latency P99: 464241.45 ms
    SLA Met: [X] (compliance: 0.0%)

  RESPONSIVE:
    Requests: 73
    Latency P95: 262166.95 ms
    Latency P99: 399807.19 ms
    SLA Met: [X] (compliance: 0.0%)

  BATCH:
    Requests: 87
    Latency P95: 262016.86 ms
    Latency P99: 428387.03 ms
    SLA Met: [X] (compliance: 0.0%)

================================================================================
NOTES:
  - Pure storage I/O benchmark (no generation simulation)
================================================================================

Integrated Multi-User KV Cache Benchmark - MLPerf Edition
Model: Llama 3.1 8B
GPU Memory: 0 GB
Users: 200
Duration: 300s
Seed: 91
Generation Mode: none (0.0ms/token)
Features:
  - Phase-Aware Processing: Enabled
  - Multi-turn Conversations: Enabled
  - Prefix Caching: Enabled
  - RAG Workload: Disabled
  - Autoscaling: Disabled
  - QoS Support: Enabled (Interactive/Responsive/Batch)
  - Trace-Driven (BurstGPT): Disabled
  - ShareGPT Dataset: Disabled
  - Max Concurrent Allocations: 16 (bounds RAM usage)
================================================================================

User Context Length Distribution:
  Min: 533 tokens (66.62MiB)
  Max: 24527 tokens (3065.88MiB)
  Mean: 9694 tokens (1211.75MiB)

QoS Distribution:
  interactive: 28 users
  responsive: 65 users
  batch: 107 users

### MEMORY SAFETY CHECK ###
  Formula: peak = (workers x 2 x mean_entry_bytes) + baseline
         = (200 x 2 x 1000MiB) + 2.5GiB
         = 393.1GiB
  Available RAM: 989.5GiB
  Mean entry size: 1000MiB  (8000 tok x 131,072 B/tok)
  Peak per thread: 2000MiB  (np.load + np.array copy)
  Worker threads: 200
  Safe concurrent readers: ~505  = (available - baseline) / peak_per_thread
  Status: OK

Starting benchmark... Mode: standard (prefill+decode)
--------------------------------------------------------------------------------

================================================================================
BENCHMARK RESULTS - MLPerf KV Cache Storage Benchmark
Generation Mode: none (0.0ms/token)
================================================================================

IMPORTANT: All storage latencies below are measured per KV cache BLOCK,
not per token or per disk page.  Each block holds the full KV state for
one request (all layers, all heads, full sequence length).
  Model KV bytes/token: 131,072 bytes (128.0KiB)
  Entries in cache: 578
  Block size min:   20.9MiB
  Block size mean:  752.6MiB
  Block size P95:   2185.6MiB
  Block size max:   2807.1MiB
  A 200MiB block at 1GiB/s NVMe read = ~200 ms device latency.
  Compare latencies against block sizes, not against 4KiB page I/O.


### OVERALL PERFORMANCE ###
Requests Completed: 560
Total Tokens Generated: 102627
Throughput (wall-clock): 339.07 tokens/sec
Throughput (storage I/O): 5.47 tokens/sec
Requests/sec: 1.85

### END-TO-END LATENCY (Queue Wait + Storage I/O + Generation) ###
  Mean: 212194.22 ms
  P50:  207312.51 ms
  P95:  435013.11 ms
  P99:  452915.85 ms

### PER-REQUEST STORAGE LATENCY (All I/O ops for one request) ###
  Mean: 33487.77 ms
  P50:  18354.18 ms
  P95:  123969.08 ms
  P99:  177575.84 ms
  (= 1 prefill write + N decode reads per request)

### STORAGE PERFORMANCE ###
  Cache Hit Rate: 79.0%
  Total Read: 1698.95GiB
  Total Write: 427.69GiB
  Read/Write Ratio: 3.97
  Storage KV Read Operations/sec: 9.96
  Storage KV Write Operations/sec: 1.93

### CACHE TIER DISTRIBUTION ###
  GPU Entries: 0 (0.00GiB)
  CPU Entries: 0 (0.00GiB)
  Storage Entries: 578

### TIER-SPECIFIC KV BYTES ###
  Storage KV Bytes Written: 424.80GiB
  Storage KV Bytes Read: 1698.95GiB

### STORAGE KV BANDWIDTH ###
  Storage KV Read Bandwidth: 5.61GiB/s
  Storage KV Write Bandwidth: 1.40GiB/s

### TIER-SPECIFIC LATENCIES (Total = Host + Device) ###
  Storage Read P95 (Total): 19846.98 ms
  Storage Write P95 (Total): 9767.09 ms

### STORAGE TIER LATENCY BREAKDOWN (Device = Disk I/O, Host = Serialization) ###
  Storage Read:
    - Device P95 (Disk I/O): 17197.84 ms
    - Host P95 (Serialization): 6500.94 ms
    - Total P95: 19846.98 ms
  Storage Write:
    - Device P95 (Disk I/O): 1981.22 ms
    - Host P95 (Serialization): 8855.65 ms
    - Total P95: 9767.09 ms

### CACHE TYPE BREAKDOWNS ###
  System Prompt Hits: 543
  Common Phrase Hits: 0
  User Cache Hits: 2350
  Multi-turn Hits: 95

### PREFIX CACHING ###
  Prefix Hits: 113
  Prefix Misses: 467
  System Prompt Reuse: 113
  Bytes Saved: 0.09GiB

### MULTI-TURN CONVERSATIONS ###
  Multi-turn Cache Hits: 94
  Multi-turn Cache Misses: 682
  Multi-turn Hit Rate: 12.1%

### QOS LATENCY METRICS (Informational - includes simulated generation) ###

  INTERACTIVE:
    Requests: 402
    Latency P95: 437313.16 ms
    Latency P99: 453069.72 ms
    SLA Met: [X] (compliance: 0.0%)

  RESPONSIVE:
    Requests: 75
    Latency P95: 264425.32 ms
    Latency P99: 345623.99 ms
    SLA Met: [X] (compliance: 0.0%)

  BATCH:
    Requests: 83
    Latency P95: 204627.04 ms
    Latency P99: 264548.80 ms
    SLA Met: [X] (compliance: 0.0%)

================================================================================
NOTES:
  - Pure storage I/O benchmark (no generation simulation)
================================================================================

Integrated Multi-User KV Cache Benchmark - MLPerf Edition
Model: Llama 3.1 8B
GPU Memory: 0 GB
Users: 200
Duration: 300s
Seed: 85
Generation Mode: none (0.0ms/token)
Features:
  - Phase-Aware Processing: Enabled
  - Multi-turn Conversations: Enabled
  - Prefix Caching: Enabled
  - RAG Workload: Disabled
  - Autoscaling: Disabled
  - QoS Support: Enabled (Interactive/Responsive/Batch)
  - Trace-Driven (BurstGPT): Disabled
  - ShareGPT Dataset: Disabled
  - Max Concurrent Allocations: 16 (bounds RAM usage)
================================================================================

User Context Length Distribution:
  Min: 592 tokens (74.00MiB)
  Max: 24938 tokens (3117.25MiB)
  Mean: 9362 tokens (1170.23MiB)

QoS Distribution:
  interactive: 22 users
  responsive: 78 users
  batch: 100 users

### MEMORY SAFETY CHECK ###
  Formula: peak = (workers x 2 x mean_entry_bytes) + baseline
         = (200 x 2 x 1000MiB) + 2.5GiB
         = 393.1GiB
  Available RAM: 989.8GiB
  Mean entry size: 1000MiB  (8000 tok x 131,072 B/tok)
  Peak per thread: 2000MiB  (np.load + np.array copy)
  Worker threads: 200
  Safe concurrent readers: ~505  = (available - baseline) / peak_per_thread
  Status: OK

Starting benchmark... Mode: standard (prefill+decode)
--------------------------------------------------------------------------------

================================================================================
BENCHMARK RESULTS - MLPerf KV Cache Storage Benchmark
Generation Mode: none (0.0ms/token)
================================================================================

IMPORTANT: All storage latencies below are measured per KV cache BLOCK,
not per token or per disk page.  Each block holds the full KV state for
one request (all layers, all heads, full sequence length).
  Model KV bytes/token: 131,072 bytes (128.0KiB)
  Entries in cache: 576
  Block size min:   28.1MiB
  Block size mean:  636.2MiB
  Block size P95:   2057.6MiB
  Block size max:   2961.2MiB
  A 200MiB block at 1GiB/s NVMe read = ~200 ms device latency.
  Compare latencies against block sizes, not against 4KiB page I/O.


### OVERALL PERFORMANCE ###
Requests Completed: 558
Total Tokens Generated: 90350
Throughput (wall-clock): 300.99 tokens/sec
Throughput (storage I/O): 4.65 tokens/sec
Requests/sec: 1.86

### END-TO-END LATENCY (Queue Wait + Storage I/O + Generation) ###
  Mean: 204381.48 ms
  P50:  184205.40 ms
  P95:  417920.40 ms
  P99:  463523.57 ms

### PER-REQUEST STORAGE LATENCY (All I/O ops for one request) ###
  Mean: 34792.24 ms
  P50:  21270.34 ms
  P95:  109578.52 ms
  P99:  176631.59 ms
  (= 1 prefill write + N decode reads per request)

### STORAGE PERFORMANCE ###
  Cache Hit Rate: 62.4%
  Total Read: 1908.11GiB
  Total Write: 357.86GiB
  Read/Write Ratio: 5.33
  Storage KV Read Operations/sec: 11.89
  Storage KV Write Operations/sec: 1.92

### CACHE TIER DISTRIBUTION ###
  GPU Entries: 0 (0.00GiB)
  CPU Entries: 0 (0.00GiB)
  Storage Entries: 576

### TIER-SPECIFIC KV BYTES ###
  Storage KV Bytes Written: 357.86GiB
  Storage KV Bytes Read: 1908.11GiB

### STORAGE KV BANDWIDTH ###
  Storage KV Read Bandwidth: 6.36GiB/s
  Storage KV Write Bandwidth: 1.19GiB/s

### TIER-SPECIFIC LATENCIES (Total = Host + Device) ###
  Storage Read P95 (Total): 16775.32 ms
  Storage Write P95 (Total): 9382.63 ms

### STORAGE TIER LATENCY BREAKDOWN (Device = Disk I/O, Host = Serialization) ###
  Storage Read:
    - Device P95 (Disk I/O): 13767.85 ms
    - Host P95 (Serialization): 6052.75 ms
    - Total P95: 16775.32 ms
  Storage Write:
    - Device P95 (Disk I/O): 1007.34 ms
    - Host P95 (Serialization): 9348.66 ms
    - Total P95: 9382.63 ms

### CACHE TYPE BREAKDOWNS ###
  System Prompt Hits: 627
  Common Phrase Hits: 0
  User Cache Hits: 2305
  Multi-turn Hits: 635

### PREFIX CACHING ###
  Prefix Hits: 112
  Prefix Misses: 469
  System Prompt Reuse: 112
  Bytes Saved: 0.09GiB

### MULTI-TURN CONVERSATIONS ###
  Multi-turn Cache Hits: 632
  Multi-turn Cache Misses: 2037
  Multi-turn Hit Rate: 23.7%

### QOS LATENCY METRICS (Informational - includes simulated generation) ###

  INTERACTIVE:
    Requests: 393
    Latency P95: 427602.87 ms
    Latency P99: 464777.70 ms
    SLA Met: [X] (compliance: 0.0%)

  RESPONSIVE:
    Requests: 85
    Latency P95: 174534.50 ms
    Latency P99: 230942.65 ms
    SLA Met: [X] (compliance: 0.0%)

  BATCH:
    Requests: 80
    Latency P95: 167218.95 ms
    Latency P99: 271755.91 ms
    SLA Met: [X] (compliance: 0.0%)

================================================================================
NOTES:
  - Pure storage I/O benchmark (no generation simulation)
================================================================================

Integrated Multi-User KV Cache Benchmark - MLPerf Edition
Model: Llama 3.1 8B
GPU Memory: 0 GB
Users: 200
Duration: 300s
Seed: 74
Generation Mode: none (0.0ms/token)
Features:
  - Phase-Aware Processing: Enabled
  - Multi-turn Conversations: Enabled
  - Prefix Caching: Enabled
  - RAG Workload: Disabled
  - Autoscaling: Disabled
  - QoS Support: Enabled (Interactive/Responsive/Batch)
  - Trace-Driven (BurstGPT): Disabled
  - ShareGPT Dataset: Disabled
  - Max Concurrent Allocations: 16 (bounds RAM usage)
================================================================================

User Context Length Distribution:
  Min: 598 tokens (74.75MiB)
  Max: 24531 tokens (3066.38MiB)
  Mean: 9069 tokens (1133.56MiB)

QoS Distribution:
  interactive: 31 users
  responsive: 75 users
  batch: 94 users

### MEMORY SAFETY CHECK ###
  Formula: peak = (workers x 2 x mean_entry_bytes) + baseline
         = (200 x 2 x 1000MiB) + 2.5GiB
         = 393.1GiB
  Available RAM: 991.7GiB
  Mean entry size: 1000MiB  (8000 tok x 131,072 B/tok)
  Peak per thread: 2000MiB  (np.load + np.array copy)
  Worker threads: 200
  Safe concurrent readers: ~506  = (available - baseline) / peak_per_thread
  Status: OK

Starting benchmark... Mode: standard (prefill+decode)
--------------------------------------------------------------------------------

================================================================================
BENCHMARK RESULTS - MLPerf KV Cache Storage Benchmark
Generation Mode: none (0.0ms/token)
================================================================================

IMPORTANT: All storage latencies below are measured per KV cache BLOCK,
not per token or per disk page.  Each block holds the full KV state for
one request (all layers, all heads, full sequence length).
  Model KV bytes/token: 131,072 bytes (128.0KiB)
  Entries in cache: 564
  Block size min:   29.2MiB
  Block size mean:  568.6MiB
  Block size P95:   1607.7MiB
  Block size max:   2877.2MiB
  A 200MiB block at 1GiB/s NVMe read = ~200 ms device latency.
  Compare latencies against block sizes, not against 4KiB page I/O.


### OVERALL PERFORMANCE ###
Requests Completed: 546
Total Tokens Generated: 95889
Throughput (wall-clock): 313.03 tokens/sec
Throughput (storage I/O): 3.91 tokens/sec
Requests/sec: 1.78

### END-TO-END LATENCY (Queue Wait + Storage I/O + Generation) ###
  Mean: 207871.16 ms
  P50:  191384.07 ms
  P95:  431330.69 ms
  P99:  464274.61 ms

### PER-REQUEST STORAGE LATENCY (All I/O ops for one request) ###
  Mean: 44867.57 ms
  P50:  30699.04 ms
  P95:  127390.93 ms
  P99:  162956.33 ms
  (= 1 prefill write + N decode reads per request)

### STORAGE PERFORMANCE ###
  Cache Hit Rate: 74.9%
  Total Read: 2236.19GiB
  Total Write: 313.18GiB
  Read/Write Ratio: 7.14
  Storage KV Read Operations/sec: 13.44
  Storage KV Write Operations/sec: 1.88

### CACHE TIER DISTRIBUTION ###
  GPU Entries: 0 (0.00GiB)
  CPU Entries: 0 (0.00GiB)
  Storage Entries: 564

### TIER-SPECIFIC KV BYTES ###
  Storage KV Bytes Written: 313.18GiB
  Storage KV Bytes Read: 2236.19GiB

### STORAGE KV BANDWIDTH ###
  Storage KV Read Bandwidth: 7.30GiB/s
  Storage KV Write Bandwidth: 1.02GiB/s

### TIER-SPECIFIC LATENCIES (Total = Host + Device) ###
  Storage Read P95 (Total): 17836.52 ms
  Storage Write P95 (Total): 8787.31 ms

### STORAGE TIER LATENCY BREAKDOWN (Device = Disk I/O, Host = Serialization) ###
  Storage Read:
    - Device P95 (Disk I/O): 14386.28 ms
    - Host P95 (Serialization): 6930.74 ms
    - Total P95: 17836.52 ms
  Storage Write:
    - Device P95 (Disk I/O): 881.87 ms
    - Host P95 (Serialization): 8503.38 ms
    - Total P95: 8787.31 ms

### CACHE TYPE BREAKDOWNS ###
  System Prompt Hits: 636
  Common Phrase Hits: 0
  User Cache Hits: 2696
  Multi-turn Hits: 701

### PREFIX CACHING ###
  Prefix Hits: 103
  Prefix Misses: 464
  System Prompt Reuse: 103
  Bytes Saved: 0.08GiB

### MULTI-TURN CONVERSATIONS ###
  Multi-turn Cache Hits: 699
  Multi-turn Cache Misses: 1246
  Multi-turn Hit Rate: 35.9%

### QOS LATENCY METRICS (Informational - includes simulated generation) ###

  INTERACTIVE:
    Requests: 385
    Latency P95: 435069.53 ms
    Latency P99: 468464.80 ms
    SLA Met: [X] (compliance: 0.0%)

  RESPONSIVE:
    Requests: 76
    Latency P95: 186993.07 ms
    Latency P99: 264889.28 ms
    SLA Met: [X] (compliance: 0.0%)

  BATCH:
    Requests: 85
    Latency P95: 174646.25 ms
    Latency P99: 217667.39 ms
    SLA Met: [X] (compliance: 0.0%)

================================================================================
NOTES:
  - Pure storage I/O benchmark (no generation simulation)
================================================================================

Integrated Multi-User KV Cache Benchmark - MLPerf Edition
Model: Llama 3.1 8B
GPU Memory: 0 GB
Users: 200
Duration: 300s
Seed: 221
Generation Mode: none (0.0ms/token)
Features:
  - Phase-Aware Processing: Enabled
  - Multi-turn Conversations: Enabled
  - Prefix Caching: Enabled
  - RAG Workload: Disabled
  - Autoscaling: Disabled
  - QoS Support: Enabled (Interactive/Responsive/Batch)
  - Trace-Driven (BurstGPT): Disabled
  - ShareGPT Dataset: Disabled
  - Max Concurrent Allocations: 16 (bounds RAM usage)
================================================================================

User Context Length Distribution:
  Min: 586 tokens (73.25MiB)
  Max: 24962 tokens (3120.25MiB)
  Mean: 8943 tokens (1117.84MiB)

QoS Distribution:
  interactive: 21 users
  responsive: 73 users
  batch: 106 users

### MEMORY SAFETY CHECK ###
  Formula: peak = (workers x 2 x mean_entry_bytes) + baseline
         = (200 x 2 x 1000MiB) + 2.5GiB
         = 393.1GiB
  Available RAM: 990.2GiB
  Mean entry size: 1000MiB  (8000 tok x 131,072 B/tok)
  Peak per thread: 2000MiB  (np.load + np.array copy)
  Worker threads: 200
  Safe concurrent readers: ~505  = (available - baseline) / peak_per_thread
  Status: OK

Starting benchmark... Mode: standard (prefill+decode)
--------------------------------------------------------------------------------

================================================================================
BENCHMARK RESULTS - MLPerf KV Cache Storage Benchmark
Generation Mode: none (0.0ms/token)
================================================================================

IMPORTANT: All storage latencies below are measured per KV cache BLOCK,
not per token or per disk page.  Each block holds the full KV state for
one request (all layers, all heads, full sequence length).
  Model KV bytes/token: 131,072 bytes (128.0KiB)
  Entries in cache: 684
  Block size min:   20.0MiB
  Block size mean:  586.5MiB
  Block size P95:   1802.1MiB
  Block size max:   2850.6MiB
  A 200MiB block at 1GiB/s NVMe read = ~200 ms device latency.
  Compare latencies against block sizes, not against 4KiB page I/O.


### OVERALL PERFORMANCE ###
Requests Completed: 672
Total Tokens Generated: 87695
Throughput (wall-clock): 291.78 tokens/sec
Throughput (storage I/O): 4.24 tokens/sec
Requests/sec: 2.24

### END-TO-END LATENCY (Queue Wait + Storage I/O + Generation) ###
  Mean: 205530.04 ms
  P50:  193186.47 ms
  P95:  435534.40 ms
  P99:  441683.50 ms

### PER-REQUEST STORAGE LATENCY (All I/O ops for one request) ###
  Mean: 30763.58 ms
  P50:  21389.76 ms
  P95:  91314.49 ms
  P99:  146368.34 ms
  (= 1 prefill write + N decode reads per request)

### STORAGE PERFORMANCE ###
  Cache Hit Rate: 84.7%
  Total Read: 1439.91GiB
  Total Write: 391.74GiB
  Read/Write Ratio: 3.68
  Storage KV Read Operations/sec: 10.80
  Storage KV Write Operations/sec: 2.28

### CACHE TIER DISTRIBUTION ###
  GPU Entries: 0 (0.00GiB)
  CPU Entries: 0 (0.00GiB)
  Storage Entries: 684

### TIER-SPECIFIC KV BYTES ###
  Storage KV Bytes Written: 391.74GiB
  Storage KV Bytes Read: 1439.91GiB

### STORAGE KV BANDWIDTH ###
  Storage KV Read Bandwidth: 4.79GiB/s
  Storage KV Write Bandwidth: 1.30GiB/s

### TIER-SPECIFIC LATENCIES (Total = Host + Device) ###
  Storage Read P95 (Total): 19356.97 ms
  Storage Write P95 (Total): 9032.95 ms

### STORAGE TIER LATENCY BREAKDOWN (Device = Disk I/O, Host = Serialization) ###
  Storage Read:
    - Device P95 (Disk I/O): 14905.20 ms
    - Host P95 (Serialization): 8406.73 ms
    - Total P95: 19356.97 ms
  Storage Write:
    - Device P95 (Disk I/O): 1731.59 ms
    - Host P95 (Serialization): 8826.32 ms
    - Total P95: 9032.95 ms

### CACHE TYPE BREAKDOWNS ###
  System Prompt Hits: 666
  Common Phrase Hits: 0
  User Cache Hits: 2547
  Multi-turn Hits: 26

### PREFIX CACHING ###
  Prefix Hits: 136
  Prefix Misses: 548
  System Prompt Reuse: 136
  Bytes Saved: 0.11GiB

### MULTI-TURN CONVERSATIONS ###
  Multi-turn Cache Hits: 26
  Multi-turn Cache Misses: 450
  Multi-turn Hit Rate: 5.5%

### QOS LATENCY METRICS (Informational - includes simulated generation) ###

  INTERACTIVE:
    Requests: 515
    Latency P95: 437905.46 ms
    Latency P99: 442968.82 ms
    SLA Met: [X] (compliance: 0.0%)

  RESPONSIVE:
    Requests: 97
    Latency P95: 164338.70 ms
    Latency P99: 242192.70 ms
    SLA Met: [X] (compliance: 0.0%)

  BATCH:
    Requests: 60
    Latency P95: 130114.49 ms
    Latency P99: 147127.25 ms
    SLA Met: [X] (compliance: 0.0%)

================================================================================
NOTES:
  - Pure storage I/O benchmark (no generation simulation)
================================================================================

Integrated Multi-User KV Cache Benchmark - MLPerf Edition
Model: Llama 3.1 8B
GPU Memory: 0 GB
Users: 200
Duration: 300s
Seed: 164
Generation Mode: none (0.0ms/token)
Features:
  - Phase-Aware Processing: Enabled
  - Multi-turn Conversations: Enabled
  - Prefix Caching: Enabled
  - RAG Workload: Disabled
  - Autoscaling: Disabled
  - QoS Support: Enabled (Interactive/Responsive/Batch)
  - Trace-Driven (BurstGPT): Disabled
  - ShareGPT Dataset: Disabled
  - Max Concurrent Allocations: 16 (bounds RAM usage)
================================================================================

User Context Length Distribution:
  Min: 552 tokens (69.00MiB)
  Max: 24867 tokens (3108.38MiB)
  Mean: 9659 tokens (1207.36MiB)

QoS Distribution:
  interactive: 40 users
  responsive: 68 users
  batch: 92 users

### MEMORY SAFETY CHECK ###
  Formula: peak = (workers x 2 x mean_entry_bytes) + baseline
         = (200 x 2 x 1000MiB) + 2.5GiB
         = 393.1GiB
  Available RAM: 991.1GiB
  Mean entry size: 1000MiB  (8000 tok x 131,072 B/tok)
  Peak per thread: 2000MiB  (np.load + np.array copy)
  Worker threads: 200
  Safe concurrent readers: ~506  = (available - baseline) / peak_per_thread
  Status: OK

Starting benchmark... Mode: standard (prefill+decode)
--------------------------------------------------------------------------------

================================================================================
BENCHMARK RESULTS - MLPerf KV Cache Storage Benchmark
Generation Mode: none (0.0ms/token)
================================================================================

IMPORTANT: All storage latencies below are measured per KV cache BLOCK,
not per token or per disk page.  Each block holds the full KV state for
one request (all layers, all heads, full sequence length).
  Model KV bytes/token: 131,072 bytes (128.0KiB)
  Entries in cache: 618
  Block size min:   25.5MiB
  Block size mean:  699.4MiB
  Block size P95:   2196.2MiB
  Block size max:   3038.4MiB
  A 200MiB block at 1GiB/s NVMe read = ~200 ms device latency.
  Compare latencies against block sizes, not against 4KiB page I/O.


### OVERALL PERFORMANCE ###
Requests Completed: 606
Total Tokens Generated: 95880
Throughput (wall-clock): 315.81 tokens/sec
Throughput (storage I/O): 4.88 tokens/sec
Requests/sec: 2.00

### END-TO-END LATENCY (Queue Wait + Storage I/O + Generation) ###
  Mean: 206662.15 ms
  P50:  172274.25 ms
  P95:  452021.01 ms
  P99:  459628.63 ms

### PER-REQUEST STORAGE LATENCY (All I/O ops for one request) ###
  Mean: 32446.94 ms
  P50:  20115.96 ms
  P95:  105985.03 ms
  P99:  145230.70 ms
  (= 1 prefill write + N decode reads per request)

### STORAGE PERFORMANCE ###
  Cache Hit Rate: 88.7%
  Total Read: 1507.48GiB
  Total Write: 422.10GiB
  Read/Write Ratio: 3.57
  Storage KV Read Operations/sec: 10.12
  Storage KV Write Operations/sec: 2.06

### CACHE TIER DISTRIBUTION ###
  GPU Entries: 0 (0.00GiB)
  CPU Entries: 0 (0.00GiB)
  Storage Entries: 618

### TIER-SPECIFIC KV BYTES ###
  Storage KV Bytes Written: 422.10GiB
  Storage KV Bytes Read: 1507.48GiB

### STORAGE KV BANDWIDTH ###
  Storage KV Read Bandwidth: 4.97GiB/s
  Storage KV Write Bandwidth: 1.39GiB/s

### TIER-SPECIFIC LATENCIES (Total = Host + Device) ###
  Storage Read P95 (Total): 17632.53 ms
  Storage Write P95 (Total): 13589.81 ms

### STORAGE TIER LATENCY BREAKDOWN (Device = Disk I/O, Host = Serialization) ###
  Storage Read:
    - Device P95 (Disk I/O): 15521.90 ms
    - Host P95 (Serialization): 8746.80 ms
    - Total P95: 17632.53 ms
  Storage Write:
    - Device P95 (Disk I/O): 1273.62 ms
    - Host P95 (Serialization): 12960.36 ms
    - Total P95: 13589.81 ms

### CACHE TYPE BREAKDOWNS ###
  System Prompt Hits: 655
  Common Phrase Hits: 0
  User Cache Hits: 2356
  Multi-turn Hits: 26

### PREFIX CACHING ###
  Prefix Hits: 124
  Prefix Misses: 494
  System Prompt Reuse: 124
  Bytes Saved: 0.10GiB

### MULTI-TURN CONVERSATIONS ###
  Multi-turn Cache Hits: 26
  Multi-turn Cache Misses: 263
  Multi-turn Hit Rate: 9.0%

### QOS LATENCY METRICS (Informational - includes simulated generation) ###

  INTERACTIVE:
    Requests: 466
    Latency P95: 453694.91 ms
    Latency P99: 460634.96 ms
    SLA Met: [X] (compliance: 0.0%)

  RESPONSIVE:
    Requests: 58
    Latency P95: 164167.76 ms
    Latency P99: 193698.09 ms
    SLA Met: [X] (compliance: 0.0%)

  BATCH:
    Requests: 82
    Latency P95: 158666.08 ms
    Latency P99: 181996.42 ms
    SLA Met: [X] (compliance: 0.0%)

================================================================================
NOTES:
  - Pure storage I/O benchmark (no generation simulation)
================================================================================

Integrated Multi-User KV Cache Benchmark - MLPerf Edition
Model: Llama 3.1 8B
GPU Memory: 0 GB
Users: 200
Duration: 300s
Seed: 243
Generation Mode: none (0.0ms/token)
Features:
  - Phase-Aware Processing: Enabled
  - Multi-turn Conversations: Enabled
  - Prefix Caching: Enabled
  - RAG Workload: Disabled
  - Autoscaling: Disabled
  - QoS Support: Enabled (Interactive/Responsive/Batch)
  - Trace-Driven (BurstGPT): Disabled
  - ShareGPT Dataset: Disabled
  - Max Concurrent Allocations: 16 (bounds RAM usage)
================================================================================

User Context Length Distribution:
  Min: 527 tokens (65.88MiB)
  Max: 24912 tokens (3114.00MiB)
  Mean: 9729 tokens (1216.11MiB)

QoS Distribution:
  interactive: 35 users
  responsive: 79 users
  batch: 86 users

### MEMORY SAFETY CHECK ###
  Formula: peak = (workers x 2 x mean_entry_bytes) + baseline
         = (200 x 2 x 1000MiB) + 2.5GiB
         = 393.1GiB
  Available RAM: 990.3GiB
  Mean entry size: 1000MiB  (8000 tok x 131,072 B/tok)
  Peak per thread: 2000MiB  (np.load + np.array copy)
  Worker threads: 200
  Safe concurrent readers: ~505  = (available - baseline) / peak_per_thread
  Status: OK

Starting benchmark... Mode: standard (prefill+decode)
--------------------------------------------------------------------------------

================================================================================
BENCHMARK RESULTS - MLPerf KV Cache Storage Benchmark
Generation Mode: none (0.0ms/token)
================================================================================

IMPORTANT: All storage latencies below are measured per KV cache BLOCK,
not per token or per disk page.  Each block holds the full KV state for
one request (all layers, all heads, full sequence length).
  Model KV bytes/token: 131,072 bytes (128.0KiB)
  Entries in cache: 604
  Block size min:   32.9MiB
  Block size mean:  714.7MiB
  Block size P95:   1756.2MiB
  Block size max:   3108.6MiB
  A 200MiB block at 1GiB/s NVMe read = ~200 ms device latency.
  Compare latencies against block sizes, not against 4KiB page I/O.


### OVERALL PERFORMANCE ###
Requests Completed: 592
Total Tokens Generated: 94486
Throughput (wall-clock): 309.91 tokens/sec
Throughput (storage I/O): 4.26 tokens/sec
Requests/sec: 1.94

### END-TO-END LATENCY (Queue Wait + Storage I/O + Generation) ###
  Mean: 218908.44 ms
  P50:  191027.78 ms
  P95:  450609.83 ms
  P99:  469172.49 ms

### PER-REQUEST STORAGE LATENCY (All I/O ops for one request) ###
  Mean: 37474.05 ms
  P50:  24461.86 ms
  P95:  114756.89 ms
  P99:  155695.84 ms
  (= 1 prefill write + N decode reads per request)

### STORAGE PERFORMANCE ###
  Cache Hit Rate: 89.3%
  Total Read: 1883.01GiB
  Total Write: 421.57GiB
  Read/Write Ratio: 4.47
  Storage KV Read Operations/sec: 10.75
  Storage KV Write Operations/sec: 2.01

### CACHE TIER DISTRIBUTION ###
  GPU Entries: 0 (0.00GiB)
  CPU Entries: 0 (0.00GiB)
  Storage Entries: 604

### TIER-SPECIFIC KV BYTES ###
  Storage KV Bytes Written: 421.57GiB
  Storage KV Bytes Read: 1883.01GiB

### STORAGE KV BANDWIDTH ###
  Storage KV Read Bandwidth: 6.18GiB/s
  Storage KV Write Bandwidth: 1.38GiB/s

### TIER-SPECIFIC LATENCIES (Total = Host + Device) ###
  Storage Read P95 (Total): 16954.29 ms
  Storage Write P95 (Total): 9886.89 ms

### STORAGE TIER LATENCY BREAKDOWN (Device = Disk I/O, Host = Serialization) ###
  Storage Read:
    - Device P95 (Disk I/O): 13667.22 ms
    - Host P95 (Serialization): 7180.69 ms
    - Total P95: 16954.29 ms
  Storage Write:
    - Device P95 (Disk I/O): 1413.93 ms
    - Host P95 (Serialization): 9379.16 ms
    - Total P95: 9886.89 ms

### CACHE TYPE BREAKDOWNS ###
  System Prompt Hits: 518
  Common Phrase Hits: 0
  User Cache Hits: 2676
  Multi-turn Hits: 32

### PREFIX CACHING ###
  Prefix Hits: 108
  Prefix Misses: 496
  System Prompt Reuse: 108
  Bytes Saved: 0.09GiB

### MULTI-TURN CONVERSATIONS ###
  Multi-turn Cache Hits: 32
  Multi-turn Cache Misses: 279
  Multi-turn Hit Rate: 10.3%

### QOS LATENCY METRICS (Informational - includes simulated generation) ###

  INTERACTIVE:
    Requests: 432
    Latency P95: 454328.65 ms
    Latency P99: 470660.71 ms
    SLA Met: [X] (compliance: 0.0%)

  RESPONSIVE:
    Requests: 85
    Latency P95: 182900.61 ms
    Latency P99: 238571.02 ms
    SLA Met: [X] (compliance: 0.0%)

  BATCH:
    Requests: 75
    Latency P95: 181304.43 ms
    Latency P99: 352404.32 ms
    SLA Met: [X] (compliance: 0.0%)

================================================================================
NOTES:
  - Pure storage I/O benchmark (no generation simulation)
================================================================================

Integrated Multi-User KV Cache Benchmark - MLPerf Edition
Model: Llama 3.1 8B
GPU Memory: 0 GB
Users: 200
Duration: 300s
Seed: 92
Generation Mode: none (0.0ms/token)
Features:
  - Phase-Aware Processing: Enabled
  - Multi-turn Conversations: Enabled
  - Prefix Caching: Enabled
  - RAG Workload: Disabled
  - Autoscaling: Disabled
  - QoS Support: Enabled (Interactive/Responsive/Batch)
  - Trace-Driven (BurstGPT): Disabled
  - ShareGPT Dataset: Disabled
  - Max Concurrent Allocations: 16 (bounds RAM usage)
================================================================================

User Context Length Distribution:
  Min: 547 tokens (68.38MiB)
  Max: 24919 tokens (3114.88MiB)
  Mean: 9188 tokens (1148.54MiB)

QoS Distribution:
  interactive: 26 users
  responsive: 68 users
  batch: 106 users

### MEMORY SAFETY CHECK ###
  Formula: peak = (workers x 2 x mean_entry_bytes) + baseline
         = (200 x 2 x 1000MiB) + 2.5GiB
         = 393.1GiB
  Available RAM: 989.5GiB
  Mean entry size: 1000MiB  (8000 tok x 131,072 B/tok)
  Peak per thread: 2000MiB  (np.load + np.array copy)
  Worker threads: 200
  Safe concurrent readers: ~505  = (available - baseline) / peak_per_thread
  Status: OK

Starting benchmark... Mode: standard (prefill+decode)
--------------------------------------------------------------------------------

================================================================================
BENCHMARK RESULTS - MLPerf KV Cache Storage Benchmark
Generation Mode: none (0.0ms/token)
================================================================================

IMPORTANT: All storage latencies below are measured per KV cache BLOCK,
not per token or per disk page.  Each block holds the full KV state for
one request (all layers, all heads, full sequence length).
  Model KV bytes/token: 131,072 bytes (128.0KiB)
  Entries in cache: 640
  Block size min:   23.8MiB
  Block size mean:  680.9MiB
  Block size P95:   2101.3MiB
  Block size max:   2856.5MiB
  A 200MiB block at 1GiB/s NVMe read = ~200 ms device latency.
  Compare latencies against block sizes, not against 4KiB page I/O.


### OVERALL PERFORMANCE ###
Requests Completed: 631
Total Tokens Generated: 95906
Throughput (wall-clock): 315.93 tokens/sec
Throughput (storage I/O): 4.90 tokens/sec
Requests/sec: 2.08

### END-TO-END LATENCY (Queue Wait + Storage I/O + Generation) ###
  Mean: 205506.82 ms
  P50:  184863.79 ms
  P95:  445183.33 ms
  P99:  465607.26 ms

### PER-REQUEST STORAGE LATENCY (All I/O ops for one request) ###
  Mean: 31032.63 ms
  P50:  19716.56 ms
  P95:  100843.45 ms
  P99:  139547.47 ms
  (= 1 prefill write + N decode reads per request)

### STORAGE PERFORMANCE ###
  Cache Hit Rate: 80.3%
  Total Read: 1477.87GiB
  Total Write: 425.56GiB
  Read/Write Ratio: 3.47
  Storage KV Read Operations/sec: 10.46
  Storage KV Write Operations/sec: 2.13

### CACHE TIER DISTRIBUTION ###
  GPU Entries: 0 (0.00GiB)
  CPU Entries: 0 (0.00GiB)
  Storage Entries: 640

### TIER-SPECIFIC KV BYTES ###
  Storage KV Bytes Written: 425.56GiB
  Storage KV Bytes Read: 1477.87GiB

### STORAGE KV BANDWIDTH ###
  Storage KV Read Bandwidth: 4.87GiB/s
  Storage KV Write Bandwidth: 1.40GiB/s

### TIER-SPECIFIC LATENCIES (Total = Host + Device) ###
  Storage Read P95 (Total): 16752.63 ms
  Storage Write P95 (Total): 10397.27 ms

### STORAGE TIER LATENCY BREAKDOWN (Device = Disk I/O, Host = Serialization) ###
  Storage Read:
    - Device P95 (Disk I/O): 14171.04 ms
    - Host P95 (Serialization): 7631.17 ms
    - Total P95: 16752.63 ms
  Storage Write:
    - Device P95 (Disk I/O): 1534.20 ms
    - Host P95 (Serialization): 10104.41 ms
    - Total P95: 10397.27 ms

### CACHE TYPE BREAKDOWNS ###
  System Prompt Hits: 552
  Common Phrase Hits: 0
  User Cache Hits: 2510
  Multi-turn Hits: 77

### PREFIX CACHING ###
  Prefix Hits: 123
  Prefix Misses: 519
  System Prompt Reuse: 123
  Bytes Saved: 0.10GiB

### MULTI-TURN CONVERSATIONS ###
  Multi-turn Cache Hits: 75
  Multi-turn Cache Misses: 646
  Multi-turn Hit Rate: 10.4%

### QOS LATENCY METRICS (Informational - includes simulated generation) ###

  INTERACTIVE:
    Requests: 471
    Latency P95: 447076.11 ms
    Latency P99: 468059.90 ms
    SLA Met: [X] (compliance: 0.0%)

  RESPONSIVE:
    Requests: 95
    Latency P95: 159776.52 ms
    Latency P99: 228014.84 ms
    SLA Met: [X] (compliance: 0.0%)

  BATCH:
    Requests: 65
    Latency P95: 192347.61 ms
    Latency P99: 203048.43 ms
    SLA Met: [X] (compliance: 0.0%)

================================================================================
NOTES:
  - Pure storage I/O benchmark (no generation simulation)
================================================================================

Integrated Multi-User KV Cache Benchmark - MLPerf Edition
Model: Llama 3.1 8B
GPU Memory: 0 GB
Users: 200
Duration: 300s
Seed: 197
Generation Mode: none (0.0ms/token)
Features:
  - Phase-Aware Processing: Enabled
  - Multi-turn Conversations: Enabled
  - Prefix Caching: Enabled
  - RAG Workload: Disabled
  - Autoscaling: Disabled
  - QoS Support: Enabled (Interactive/Responsive/Batch)
  - Trace-Driven (BurstGPT): Disabled
  - ShareGPT Dataset: Disabled
  - Max Concurrent Allocations: 16 (bounds RAM usage)
================================================================================

User Context Length Distribution:
  Min: 635 tokens (79.38MiB)
  Max: 24680 tokens (3085.00MiB)
  Mean: 8789 tokens (1098.62MiB)

QoS Distribution:
  interactive: 33 users
  responsive: 66 users
  batch: 101 users

### MEMORY SAFETY CHECK ###
  Formula: peak = (workers x 2 x mean_entry_bytes) + baseline
         = (200 x 2 x 1000MiB) + 2.5GiB
         = 393.1GiB
  Available RAM: 988.9GiB
  Mean entry size: 1000MiB  (8000 tok x 131,072 B/tok)
  Peak per thread: 2000MiB  (np.load + np.array copy)
  Worker threads: 200
  Safe concurrent readers: ~505  = (available - baseline) / peak_per_thread
  Status: OK

Starting benchmark... Mode: standard (prefill+decode)
--------------------------------------------------------------------------------

================================================================================
BENCHMARK RESULTS - MLPerf KV Cache Storage Benchmark
Generation Mode: none (0.0ms/token)
================================================================================

IMPORTANT: All storage latencies below are measured per KV cache BLOCK,
not per token or per disk page.  Each block holds the full KV state for
one request (all layers, all heads, full sequence length).
  Model KV bytes/token: 131,072 bytes (128.0KiB)
  Entries in cache: 542
  Block size min:   22.0MiB
  Block size mean:  683.7MiB
  Block size P95:   1835.7MiB
  Block size max:   2751.6MiB
  A 200MiB block at 1GiB/s NVMe read = ~200 ms device latency.
  Compare latencies against block sizes, not against 4KiB page I/O.


### OVERALL PERFORMANCE ###
Requests Completed: 529
Total Tokens Generated: 93377
Throughput (wall-clock): 305.01 tokens/sec
Throughput (storage I/O): 4.26 tokens/sec
Requests/sec: 1.73

### END-TO-END LATENCY (Queue Wait + Storage I/O + Generation) ###
  Mean: 221166.18 ms
  P50:  210809.96 ms
  P95:  451887.04 ms
  P99:  473878.34 ms

### PER-REQUEST STORAGE LATENCY (All I/O ops for one request) ###
  Mean: 41477.25 ms
  P50:  26642.31 ms
  P95:  134150.62 ms
  P99:  207674.26 ms
  (= 1 prefill write + N decode reads per request)

### STORAGE PERFORMANCE ###
  Cache Hit Rate: 70.0%
  Total Read: 1717.93GiB
  Total Write: 361.86GiB
  Read/Write Ratio: 4.75
  Storage KV Read Operations/sec: 10.41
  Storage KV Write Operations/sec: 1.81

### CACHE TIER DISTRIBUTION ###
  GPU Entries: 0 (0.00GiB)
  CPU Entries: 0 (0.00GiB)
  Storage Entries: 542

### TIER-SPECIFIC KV BYTES ###
  Storage KV Bytes Written: 361.86GiB
  Storage KV Bytes Read: 1717.93GiB

### STORAGE KV BANDWIDTH ###
  Storage KV Read Bandwidth: 5.61GiB/s
  Storage KV Write Bandwidth: 1.18GiB/s

### TIER-SPECIFIC LATENCIES (Total = Host + Device) ###
  Storage Read P95 (Total): 19675.86 ms
  Storage Write P95 (Total): 11085.01 ms

### STORAGE TIER LATENCY BREAKDOWN (Device = Disk I/O, Host = Serialization) ###
  Storage Read:
    - Device P95 (Disk I/O): 14789.71 ms
    - Host P95 (Serialization): 6713.55 ms
    - Total P95: 19675.86 ms
  Storage Write:
    - Device P95 (Disk I/O): 1728.46 ms
    - Host P95 (Serialization): 10632.85 ms
    - Total P95: 11085.01 ms

### CACHE TYPE BREAKDOWNS ###
  System Prompt Hits: 600
  Common Phrase Hits: 0
  User Cache Hits: 2337
  Multi-turn Hits: 187

### PREFIX CACHING ###
  Prefix Hits: 103
  Prefix Misses: 439
  System Prompt Reuse: 103
  Bytes Saved: 0.08GiB

### MULTI-TURN CONVERSATIONS ###
  Multi-turn Cache Hits: 187
  Multi-turn Cache Misses: 1237
  Multi-turn Hit Rate: 13.1%

### QOS LATENCY METRICS (Informational - includes simulated generation) ###

  INTERACTIVE:
    Requests: 375
    Latency P95: 453767.31 ms
    Latency P99: 474315.07 ms
    SLA Met: [X] (compliance: 0.0%)

  RESPONSIVE:
    Requests: 65
    Latency P95: 190021.83 ms
    Latency P99: 231115.17 ms
    SLA Met: [X] (compliance: 0.0%)

  BATCH:
    Requests: 89
    Latency P95: 203365.07 ms
    Latency P99: 252230.29 ms
    SLA Met: [X] (compliance: 0.0%)

================================================================================
NOTES:
  - Pure storage I/O benchmark (no generation simulation)
================================================================================

Integrated Multi-User KV Cache Benchmark - MLPerf Edition
Model: Llama 3.1 8B
GPU Memory: 0 GB
Users: 200
Duration: 300s
Seed: 62
Generation Mode: none (0.0ms/token)
Features:
  - Phase-Aware Processing: Enabled
  - Multi-turn Conversations: Enabled
  - Prefix Caching: Enabled
  - RAG Workload: Disabled
  - Autoscaling: Disabled
  - QoS Support: Enabled (Interactive/Responsive/Batch)
  - Trace-Driven (BurstGPT): Disabled
  - ShareGPT Dataset: Disabled
  - Max Concurrent Allocations: 16 (bounds RAM usage)
================================================================================

User Context Length Distribution:
  Min: 572 tokens (71.50MiB)
  Max: 24553 tokens (3069.12MiB)
  Mean: 9706 tokens (1213.20MiB)

QoS Distribution:
  interactive: 31 users
  responsive: 79 users
  batch: 90 users

### MEMORY SAFETY CHECK ###
  Formula: peak = (workers x 2 x mean_entry_bytes) + baseline
         = (200 x 2 x 1000MiB) + 2.5GiB
         = 393.1GiB
  Available RAM: 991.7GiB
  Mean entry size: 1000MiB  (8000 tok x 131,072 B/tok)
  Peak per thread: 2000MiB  (np.load + np.array copy)
  Worker threads: 200
  Safe concurrent readers: ~506  = (available - baseline) / peak_per_thread
  Status: OK

Starting benchmark... Mode: standard (prefill+decode)
--------------------------------------------------------------------------------

================================================================================
BENCHMARK RESULTS - MLPerf KV Cache Storage Benchmark
Generation Mode: none (0.0ms/token)
================================================================================

IMPORTANT: All storage latencies below are measured per KV cache BLOCK,
not per token or per disk page.  Each block holds the full KV state for
one request (all layers, all heads, full sequence length).
  Model KV bytes/token: 131,072 bytes (128.0KiB)
  Entries in cache: 638
  Block size min:   23.2MiB
  Block size mean:  573.5MiB
  Block size P95:   1450.2MiB
  Block size max:   2323.1MiB
  A 200MiB block at 1GiB/s NVMe read = ~200 ms device latency.
  Compare latencies against block sizes, not against 4KiB page I/O.


### OVERALL PERFORMANCE ###
Requests Completed: 625
Total Tokens Generated: 92766
Throughput (wall-clock): 306.22 tokens/sec
Throughput (storage I/O): 4.48 tokens/sec
Requests/sec: 2.06

### END-TO-END LATENCY (Queue Wait + Storage I/O + Generation) ###
  Mean: 207382.31 ms
  P50:  189195.37 ms
  P95:  445364.13 ms
  P99:  455021.66 ms

### PER-REQUEST STORAGE LATENCY (All I/O ops for one request) ###
  Mean: 33154.97 ms
  P50:  20953.29 ms
  P95:  96860.78 ms
  P99:  143220.20 ms
  (= 1 prefill write + N decode reads per request)

### STORAGE PERFORMANCE ###
  Cache Hit Rate: 65.0%
  Total Read: 2056.77GiB
  Total Write: 357.29GiB
  Read/Write Ratio: 5.76
  Storage KV Read Operations/sec: 12.90
  Storage KV Write Operations/sec: 2.13

### CACHE TIER DISTRIBUTION ###
  GPU Entries: 0 (0.00GiB)
  CPU Entries: 0 (0.00GiB)
  Storage Entries: 638

### TIER-SPECIFIC KV BYTES ###
  Storage KV Bytes Written: 357.29GiB
  Storage KV Bytes Read: 2056.77GiB

### STORAGE KV BANDWIDTH ###
  Storage KV Read Bandwidth: 6.79GiB/s
  Storage KV Write Bandwidth: 1.18GiB/s

### TIER-SPECIFIC LATENCIES (Total = Host + Device) ###
  Storage Read P95 (Total): 15705.22 ms
  Storage Write P95 (Total): 10206.08 ms

### STORAGE TIER LATENCY BREAKDOWN (Device = Disk I/O, Host = Serialization) ###
  Storage Read:
    - Device P95 (Disk I/O): 12913.42 ms
    - Host P95 (Serialization): 5969.57 ms
    - Total P95: 15705.22 ms
  Storage Write:
    - Device P95 (Disk I/O): 1155.58 ms
    - Host P95 (Serialization): 9850.06 ms
    - Total P95: 10206.08 ms

### CACHE TYPE BREAKDOWNS ###
  System Prompt Hits: 624
  Common Phrase Hits: 0
  User Cache Hits: 2703
  Multi-turn Hits: 543

### PREFIX CACHING ###
  Prefix Hits: 137
  Prefix Misses: 502
  System Prompt Reuse: 137
  Bytes Saved: 0.11GiB

### MULTI-TURN CONVERSATIONS ###
  Multi-turn Cache Hits: 542
  Multi-turn Cache Misses: 1943
  Multi-turn Hit Rate: 21.8%

### QOS LATENCY METRICS (Informational - includes simulated generation) ###

  INTERACTIVE:
    Requests: 464
    Latency P95: 447451.25 ms
    Latency P99: 455385.61 ms
    SLA Met: [X] (compliance: 0.0%)

  RESPONSIVE:
    Requests: 108
    Latency P95: 194540.97 ms
    Latency P99: 232605.55 ms
    SLA Met: [X] (compliance: 0.0%)

  BATCH:
    Requests: 53
    Latency P95: 218019.01 ms
    Latency P99: 260583.15 ms
    SLA Met: [X] (compliance: 0.0%)

================================================================================
NOTES:
  - Pure storage I/O benchmark (no generation simulation)
================================================================================

Integrated Multi-User KV Cache Benchmark - MLPerf Edition
Model: Llama 3.1 8B
GPU Memory: 0 GB
Users: 200
Duration: 300s
Seed: 72
Generation Mode: none (0.0ms/token)
Features:
  - Phase-Aware Processing: Enabled
  - Multi-turn Conversations: Enabled
  - Prefix Caching: Enabled
  - RAG Workload: Disabled
  - Autoscaling: Disabled
  - QoS Support: Enabled (Interactive/Responsive/Batch)
  - Trace-Driven (BurstGPT): Disabled
  - ShareGPT Dataset: Disabled
  - Max Concurrent Allocations: 16 (bounds RAM usage)
================================================================================

User Context Length Distribution:
  Min: 517 tokens (64.62MiB)
  Max: 24700 tokens (3087.50MiB)
  Mean: 10009 tokens (1251.09MiB)

QoS Distribution:
  interactive: 32 users
  responsive: 70 users
  batch: 98 users

### MEMORY SAFETY CHECK ###
  Formula: peak = (workers x 2 x mean_entry_bytes) + baseline
         = (200 x 2 x 1000MiB) + 2.5GiB
         = 393.1GiB
  Available RAM: 990.1GiB
  Mean entry size: 1000MiB  (8000 tok x 131,072 B/tok)
  Peak per thread: 2000MiB  (np.load + np.array copy)
  Worker threads: 200
  Safe concurrent readers: ~505  = (available - baseline) / peak_per_thread
  Status: OK

Starting benchmark... Mode: standard (prefill+decode)
--------------------------------------------------------------------------------

================================================================================
BENCHMARK RESULTS - MLPerf KV Cache Storage Benchmark
Generation Mode: none (0.0ms/token)
================================================================================

IMPORTANT: All storage latencies below are measured per KV cache BLOCK,
not per token or per disk page.  Each block holds the full KV state for
one request (all layers, all heads, full sequence length).
  Model KV bytes/token: 131,072 bytes (128.0KiB)
  Entries in cache: 567
  Block size min:   21.0MiB
  Block size mean:  753.8MiB
  Block size P95:   1965.5MiB
  Block size max:   2928.8MiB
  A 200MiB block at 1GiB/s NVMe read = ~200 ms device latency.
  Compare latencies against block sizes, not against 4KiB page I/O.


### OVERALL PERFORMANCE ###
Requests Completed: 550
Total Tokens Generated: 104569
Throughput (wall-clock): 342.71 tokens/sec
Throughput (storage I/O): 4.77 tokens/sec
Requests/sec: 1.80

### END-TO-END LATENCY (Queue Wait + Storage I/O + Generation) ###
  Mean: 213988.39 ms
  P50:  200514.35 ms
  P95:  443509.84 ms
  P99:  471372.49 ms

### PER-REQUEST STORAGE LATENCY (All I/O ops for one request) ###
  Mean: 39827.43 ms
  P50:  21125.27 ms
  P95:  136079.13 ms
  P99:  193562.19 ms
  (= 1 prefill write + N decode reads per request)

### STORAGE PERFORMANCE ###
  Cache Hit Rate: 79.5%
  Total Read: 1892.69GiB
  Total Write: 417.40GiB
  Read/Write Ratio: 4.53
  Storage KV Read Operations/sec: 11.00
  Storage KV Write Operations/sec: 1.89

### CACHE TIER DISTRIBUTION ###
  GPU Entries: 0 (0.00GiB)
  CPU Entries: 0 (0.00GiB)
  Storage Entries: 567

### TIER-SPECIFIC KV BYTES ###
  Storage KV Bytes Written: 417.40GiB
  Storage KV Bytes Read: 1892.69GiB

### STORAGE KV BANDWIDTH ###
  Storage KV Read Bandwidth: 6.20GiB/s
  Storage KV Write Bandwidth: 1.37GiB/s

### TIER-SPECIFIC LATENCIES (Total = Host + Device) ###
  Storage Read P95 (Total): 18869.50 ms
  Storage Write P95 (Total): 12610.25 ms

### STORAGE TIER LATENCY BREAKDOWN (Device = Disk I/O, Host = Serialization) ###
  Storage Read:
    - Device P95 (Disk I/O): 16040.60 ms
    - Host P95 (Serialization): 6412.73 ms
    - Total P95: 18869.50 ms
  Storage Write:
    - Device P95 (Disk I/O): 1899.10 ms
    - Host P95 (Serialization): 12221.10 ms
    - Total P95: 12610.25 ms

### CACHE TYPE BREAKDOWNS ###
  System Prompt Hits: 612
  Common Phrase Hits: 0
  User Cache Hits: 2608
  Multi-turn Hits: 81

### PREFIX CACHING ###
  Prefix Hits: 110
  Prefix Misses: 457
  System Prompt Reuse: 110
  Bytes Saved: 0.09GiB

### MULTI-TURN CONVERSATIONS ###
  Multi-turn Cache Hits: 81
  Multi-turn Cache Misses: 741
  Multi-turn Hit Rate: 9.9%

### QOS LATENCY METRICS (Informational - includes simulated generation) ###

  INTERACTIVE:
    Requests: 385
    Latency P95: 446727.27 ms
    Latency P99: 475174.56 ms
    SLA Met: [X] (compliance: 0.0%)

  RESPONSIVE:
    Requests: 72
    Latency P95: 225430.92 ms
    Latency P99: 241628.48 ms
    SLA Met: [X] (compliance: 0.0%)

  BATCH:
    Requests: 93
    Latency P95: 176366.47 ms
    Latency P99: 283048.06 ms
    SLA Met: [X] (compliance: 0.0%)

================================================================================
NOTES:
  - Pure storage I/O benchmark (no generation simulation)
================================================================================

Integrated Multi-User KV Cache Benchmark - MLPerf Edition
Model: Llama 3.1 8B
GPU Memory: 0 GB
Users: 200
Duration: 300s
Seed: 96
Generation Mode: none (0.0ms/token)
Features:
  - Phase-Aware Processing: Enabled
  - Multi-turn Conversations: Enabled
  - Prefix Caching: Enabled
  - RAG Workload: Disabled
  - Autoscaling: Disabled
  - QoS Support: Enabled (Interactive/Responsive/Batch)
  - Trace-Driven (BurstGPT): Disabled
  - ShareGPT Dataset: Disabled
  - Max Concurrent Allocations: 16 (bounds RAM usage)
================================================================================

User Context Length Distribution:
  Min: 527 tokens (65.88MiB)
  Max: 24893 tokens (3111.62MiB)
  Mean: 9499 tokens (1187.33MiB)

QoS Distribution:
  interactive: 37 users
  responsive: 73 users
  batch: 90 users

### MEMORY SAFETY CHECK ###
  Formula: peak = (workers x 2 x mean_entry_bytes) + baseline
         = (200 x 2 x 1000MiB) + 2.5GiB
         = 393.1GiB
  Available RAM: 990.5GiB
  Mean entry size: 1000MiB  (8000 tok x 131,072 B/tok)
  Peak per thread: 2000MiB  (np.load + np.array copy)
  Worker threads: 200
  Safe concurrent readers: ~505  = (available - baseline) / peak_per_thread
  Status: OK

Starting benchmark... Mode: standard (prefill+decode)
--------------------------------------------------------------------------------

================================================================================
BENCHMARK RESULTS - MLPerf KV Cache Storage Benchmark
Generation Mode: none (0.0ms/token)
================================================================================

IMPORTANT: All storage latencies below are measured per KV cache BLOCK,
not per token or per disk page.  Each block holds the full KV state for
one request (all layers, all heads, full sequence length).
  Model KV bytes/token: 131,072 bytes (128.0KiB)
  Entries in cache: 597
  Block size min:   18.5MiB
  Block size mean:  688.8MiB
  Block size P95:   1982.6MiB
  Block size max:   3058.4MiB
  A 200MiB block at 1GiB/s NVMe read = ~200 ms device latency.
  Compare latencies against block sizes, not against 4KiB page I/O.


### OVERALL PERFORMANCE ###
Requests Completed: 584
Total Tokens Generated: 96564
Throughput (wall-clock): 318.14 tokens/sec
Throughput (storage I/O): 4.70 tokens/sec
Requests/sec: 1.92

### END-TO-END LATENCY (Queue Wait + Storage I/O + Generation) ###
  Mean: 205696.79 ms
  P50:  183216.27 ms
  P95:  446850.44 ms
  P99:  462159.30 ms

### PER-REQUEST STORAGE LATENCY (All I/O ops for one request) ###
  Mean: 35153.62 ms
  P50:  19717.81 ms
  P95:  105384.77 ms
  P99:  155760.39 ms
  (= 1 prefill write + N decode reads per request)

### STORAGE PERFORMANCE ###
  Cache Hit Rate: 69.1%
  Total Read: 1758.19GiB
  Total Write: 401.57GiB
  Read/Write Ratio: 4.38
  Storage KV Read Operations/sec: 11.29
  Storage KV Write Operations/sec: 1.99

### CACHE TIER DISTRIBUTION ###
  GPU Entries: 0 (0.00GiB)
  CPU Entries: 0 (0.00GiB)
  Storage Entries: 597

### TIER-SPECIFIC KV BYTES ###
  Storage KV Bytes Written: 401.57GiB
  Storage KV Bytes Read: 1758.19GiB

### STORAGE KV BANDWIDTH ###
  Storage KV Read Bandwidth: 5.79GiB/s
  Storage KV Write Bandwidth: 1.32GiB/s

### TIER-SPECIFIC LATENCIES (Total = Host + Device) ###
  Storage Read P95 (Total): 20837.51 ms
  Storage Write P95 (Total): 9656.84 ms

### STORAGE TIER LATENCY BREAKDOWN (Device = Disk I/O, Host = Serialization) ###
  Storage Read:
    - Device P95 (Disk I/O): 17164.15 ms
    - Host P95 (Serialization): 5636.47 ms
    - Total P95: 20837.51 ms
  Storage Write:
    - Device P95 (Disk I/O): 1407.31 ms
    - Host P95 (Serialization): 9454.62 ms
    - Total P95: 9656.84 ms

### CACHE TYPE BREAKDOWNS ###
  System Prompt Hits: 707
  Common Phrase Hits: 0
  User Cache Hits: 2354
  Multi-turn Hits: 327

### PREFIX CACHING ###
  Prefix Hits: 131
  Prefix Misses: 466
  System Prompt Reuse: 131
  Bytes Saved: 0.11GiB

### MULTI-TURN CONVERSATIONS ###
  Multi-turn Cache Hits: 327
  Multi-turn Cache Misses: 1382
  Multi-turn Hit Rate: 19.1%

### QOS LATENCY METRICS (Informational - includes simulated generation) ###

  INTERACTIVE:
    Requests: 443
    Latency P95: 449287.81 ms
    Latency P99: 466387.88 ms
    SLA Met: [X] (compliance: 0.0%)

  RESPONSIVE:
    Requests: 79
    Latency P95: 180806.58 ms
    Latency P99: 264516.73 ms
    SLA Met: [X] (compliance: 0.0%)

  BATCH:
    Requests: 62
    Latency P95: 140048.37 ms
    Latency P99: 181504.73 ms
    SLA Met: [X] (compliance: 0.0%)

================================================================================
NOTES:
  - Pure storage I/O benchmark (no generation simulation)
================================================================================

Integrated Multi-User KV Cache Benchmark - MLPerf Edition
Model: Llama 3.1 8B
GPU Memory: 0 GB
Users: 200
Duration: 300s
Seed: 219
Generation Mode: none (0.0ms/token)
Features:
  - Phase-Aware Processing: Enabled
  - Multi-turn Conversations: Enabled
  - Prefix Caching: Enabled
  - RAG Workload: Disabled
  - Autoscaling: Disabled
  - QoS Support: Enabled (Interactive/Responsive/Batch)
  - Trace-Driven (BurstGPT): Disabled
  - ShareGPT Dataset: Disabled
  - Max Concurrent Allocations: 16 (bounds RAM usage)
================================================================================

User Context Length Distribution:
  Min: 540 tokens (67.50MiB)
  Max: 24822 tokens (3102.75MiB)
  Mean: 9408 tokens (1176.04MiB)

QoS Distribution:
  interactive: 40 users
  responsive: 55 users
  batch: 105 users

### MEMORY SAFETY CHECK ###
  Formula: peak = (workers x 2 x mean_entry_bytes) + baseline
         = (200 x 2 x 1000MiB) + 2.5GiB
         = 393.1GiB
  Available RAM: 991.1GiB
  Mean entry size: 1000MiB  (8000 tok x 131,072 B/tok)
  Peak per thread: 2000MiB  (np.load + np.array copy)
  Worker threads: 200
  Safe concurrent readers: ~506  = (available - baseline) / peak_per_thread
  Status: OK

Starting benchmark... Mode: standard (prefill+decode)
--------------------------------------------------------------------------------

================================================================================
BENCHMARK RESULTS - MLPerf KV Cache Storage Benchmark
Generation Mode: none (0.0ms/token)
================================================================================

IMPORTANT: All storage latencies below are measured per KV cache BLOCK,
not per token or per disk page.  Each block holds the full KV state for
one request (all layers, all heads, full sequence length).
  Model KV bytes/token: 131,072 bytes (128.0KiB)
  Entries in cache: 595
  Block size min:   27.0MiB
  Block size mean:  695.5MiB
  Block size P95:   2131.6MiB
  Block size max:   3039.0MiB
  A 200MiB block at 1GiB/s NVMe read = ~200 ms device latency.
  Compare latencies against block sizes, not against 4KiB page I/O.


### OVERALL PERFORMANCE ###
Requests Completed: 588
Total Tokens Generated: 87991
Throughput (wall-clock): 290.20 tokens/sec
Throughput (storage I/O): 4.36 tokens/sec
Requests/sec: 1.94

### END-TO-END LATENCY (Queue Wait + Storage I/O + Generation) ###
  Mean: 219879.85 ms
  P50:  198761.80 ms
  P95:  457837.01 ms
  P99:  471890.22 ms

### PER-REQUEST STORAGE LATENCY (All I/O ops for one request) ###
  Mean: 34320.01 ms
  P50:  21013.03 ms
  P95:  106308.03 ms
  P99:  164156.47 ms
  (= 1 prefill write + N decode reads per request)

### STORAGE PERFORMANCE ###
  Cache Hit Rate: 83.5%
  Total Read: 1339.26GiB
  Total Write: 404.13GiB
  Read/Write Ratio: 3.31
  Storage KV Read Operations/sec: 9.20
  Storage KV Write Operations/sec: 1.98

### CACHE TIER DISTRIBUTION ###
  GPU Entries: 0 (0.00GiB)
  CPU Entries: 0 (0.00GiB)
  Storage Entries: 595

### TIER-SPECIFIC KV BYTES ###
  Storage KV Bytes Written: 404.13GiB
  Storage KV Bytes Read: 1339.26GiB

### STORAGE KV BANDWIDTH ###
  Storage KV Read Bandwidth: 4.42GiB/s
  Storage KV Write Bandwidth: 1.33GiB/s

### TIER-SPECIFIC LATENCIES (Total = Host + Device) ###
  Storage Read P95 (Total): 18149.29 ms
  Storage Write P95 (Total): 12247.72 ms

### STORAGE TIER LATENCY BREAKDOWN (Device = Disk I/O, Host = Serialization) ###
  Storage Read:
    - Device P95 (Disk I/O): 14643.81 ms
    - Host P95 (Serialization): 7849.54 ms
    - Total P95: 18149.29 ms
  Storage Write:
    - Device P95 (Disk I/O): 1891.72 ms
    - Host P95 (Serialization): 11580.65 ms
    - Total P95: 12247.72 ms

### CACHE TYPE BREAKDOWNS ###
  System Prompt Hits: 586
  Common Phrase Hits: 0
  User Cache Hits: 2140
  Multi-turn Hits: 35

### PREFIX CACHING ###
  Prefix Hits: 122
  Prefix Misses: 473
  System Prompt Reuse: 122
  Bytes Saved: 0.10GiB

### MULTI-TURN CONVERSATIONS ###
  Multi-turn Cache Hits: 35
  Multi-turn Cache Misses: 422
  Multi-turn Hit Rate: 7.7%

### QOS LATENCY METRICS (Informational - includes simulated generation) ###

  INTERACTIVE:
    Requests: 445
    Latency P95: 459633.24 ms
    Latency P99: 475822.74 ms
    SLA Met: [X] (compliance: 0.0%)

  RESPONSIVE:
    Requests: 59
    Latency P95: 155765.32 ms
    Latency P99: 250862.28 ms
    SLA Met: [X] (compliance: 0.0%)

  BATCH:
    Requests: 84
    Latency P95: 229801.16 ms
    Latency P99: 318651.00 ms
    SLA Met: [X] (compliance: 0.0%)

================================================================================
NOTES:
  - Pure storage I/O benchmark (no generation simulation)
================================================================================

Integrated Multi-User KV Cache Benchmark - MLPerf Edition
Model: Llama 3.1 8B
GPU Memory: 0 GB
Users: 200
Duration: 300s
Seed: 180
Generation Mode: none (0.0ms/token)
Features:
  - Phase-Aware Processing: Enabled
  - Multi-turn Conversations: Enabled
  - Prefix Caching: Enabled
  - RAG Workload: Disabled
  - Autoscaling: Disabled
  - QoS Support: Enabled (Interactive/Responsive/Batch)
  - Trace-Driven (BurstGPT): Disabled
  - ShareGPT Dataset: Disabled
  - Max Concurrent Allocations: 16 (bounds RAM usage)
================================================================================

User Context Length Distribution:
  Min: 544 tokens (68.00MiB)
  Max: 24647 tokens (3080.88MiB)
  Mean: 8966 tokens (1120.77MiB)

QoS Distribution:
  interactive: 35 users
  responsive: 76 users
  batch: 89 users

### MEMORY SAFETY CHECK ###
  Formula: peak = (workers x 2 x mean_entry_bytes) + baseline
         = (200 x 2 x 1000MiB) + 2.5GiB
         = 393.1GiB
  Available RAM: 989.8GiB
  Mean entry size: 1000MiB  (8000 tok x 131,072 B/tok)
  Peak per thread: 2000MiB  (np.load + np.array copy)
  Worker threads: 200
  Safe concurrent readers: ~505  = (available - baseline) / peak_per_thread
  Status: OK

Starting benchmark... Mode: standard (prefill+decode)
--------------------------------------------------------------------------------

================================================================================
BENCHMARK RESULTS - MLPerf KV Cache Storage Benchmark
Generation Mode: none (0.0ms/token)
================================================================================

IMPORTANT: All storage latencies below are measured per KV cache BLOCK,
not per token or per disk page.  Each block holds the full KV state for
one request (all layers, all heads, full sequence length).
  Model KV bytes/token: 131,072 bytes (128.0KiB)
  Entries in cache: 605
  Block size min:   17.4MiB
  Block size mean:  558.4MiB
  Block size P95:   1760.2MiB
  Block size max:   2909.0MiB
  A 200MiB block at 1GiB/s NVMe read = ~200 ms device latency.
  Compare latencies against block sizes, not against 4KiB page I/O.


### OVERALL PERFORMANCE ###
Requests Completed: 591
Total Tokens Generated: 86744
Throughput (wall-clock): 282.35 tokens/sec
Throughput (storage I/O): 4.70 tokens/sec
Requests/sec: 1.92

### END-TO-END LATENCY (Queue Wait + Storage I/O + Generation) ###
  Mean: 213023.89 ms
  P50:  199137.62 ms
  P95:  447529.80 ms
  P99:  458785.48 ms

### PER-REQUEST STORAGE LATENCY (All I/O ops for one request) ###
  Mean: 31212.06 ms
  P50:  19336.16 ms
  P95:  92946.77 ms
  P99:  137077.79 ms
  (= 1 prefill write + N decode reads per request)

### STORAGE PERFORMANCE ###
  Cache Hit Rate: 72.9%
  Total Read: 1481.20GiB
  Total Write: 329.94GiB
  Read/Write Ratio: 4.49
  Storage KV Read Operations/sec: 10.37
  Storage KV Write Operations/sec: 2.02

### CACHE TIER DISTRIBUTION ###
  GPU Entries: 0 (0.00GiB)
  CPU Entries: 0 (0.00GiB)
  Storage Entries: 605

### TIER-SPECIFIC KV BYTES ###
  Storage KV Bytes Written: 329.94GiB
  Storage KV Bytes Read: 1481.20GiB

### STORAGE KV BANDWIDTH ###
  Storage KV Read Bandwidth: 4.82GiB/s
  Storage KV Write Bandwidth: 1.07GiB/s

### TIER-SPECIFIC LATENCIES (Total = Host + Device) ###
  Storage Read P95 (Total): 17685.17 ms
  Storage Write P95 (Total): 11267.89 ms

### STORAGE TIER LATENCY BREAKDOWN (Device = Disk I/O, Host = Serialization) ###
  Storage Read:
    - Device P95 (Disk I/O): 13512.23 ms
    - Host P95 (Serialization): 7552.61 ms
    - Total P95: 17685.17 ms
  Storage Write:
    - Device P95 (Disk I/O): 2151.99 ms
    - Host P95 (Serialization): 10119.55 ms
    - Total P95: 11267.89 ms

### CACHE TYPE BREAKDOWNS ###
  System Prompt Hits: 693
  Common Phrase Hits: 0
  User Cache Hits: 2343
  Multi-turn Hits: 74

### PREFIX CACHING ###
  Prefix Hits: 123
  Prefix Misses: 482
  System Prompt Reuse: 123
  Bytes Saved: 0.10GiB

### MULTI-TURN CONVERSATIONS ###
  Multi-turn Cache Hits: 74
  Multi-turn Cache Misses: 1034
  Multi-turn Hit Rate: 6.7%

### QOS LATENCY METRICS (Informational - includes simulated generation) ###

  INTERACTIVE:
    Requests: 436
    Latency P95: 449380.48 ms
    Latency P99: 461081.22 ms
    SLA Met: [X] (compliance: 0.0%)

  RESPONSIVE:
    Requests: 79
    Latency P95: 201934.92 ms
    Latency P99: 244245.78 ms
    SLA Met: [X] (compliance: 0.0%)

  BATCH:
    Requests: 76
    Latency P95: 183547.46 ms
    Latency P99: 276383.19 ms
    SLA Met: [X] (compliance: 0.0%)

================================================================================
NOTES:
  - Pure storage I/O benchmark (no generation simulation)
================================================================================

Integrated Multi-User KV Cache Benchmark - MLPerf Edition
Model: Llama 3.1 8B
GPU Memory: 0 GB
Users: 200
Duration: 300s
Seed: 183
Generation Mode: none (0.0ms/token)
Features:
  - Phase-Aware Processing: Enabled
  - Multi-turn Conversations: Enabled
  - Prefix Caching: Enabled
  - RAG Workload: Disabled
  - Autoscaling: Disabled
  - QoS Support: Enabled (Interactive/Responsive/Batch)
  - Trace-Driven (BurstGPT): Disabled
  - ShareGPT Dataset: Disabled
  - Max Concurrent Allocations: 16 (bounds RAM usage)
================================================================================

User Context Length Distribution:
  Min: 537 tokens (67.12MiB)
  Max: 24816 tokens (3102.00MiB)
  Mean: 8630 tokens (1078.80MiB)

QoS Distribution:
  interactive: 39 users
  responsive: 60 users
  batch: 101 users

### MEMORY SAFETY CHECK ###
  Formula: peak = (workers x 2 x mean_entry_bytes) + baseline
         = (200 x 2 x 1000MiB) + 2.5GiB
         = 393.1GiB
  Available RAM: 991.2GiB
  Mean entry size: 1000MiB  (8000 tok x 131,072 B/tok)
  Peak per thread: 2000MiB  (np.load + np.array copy)
  Worker threads: 200
  Safe concurrent readers: ~506  = (available - baseline) / peak_per_thread
  Status: OK

Starting benchmark... Mode: standard (prefill+decode)
--------------------------------------------------------------------------------

================================================================================
BENCHMARK RESULTS - MLPerf KV Cache Storage Benchmark
Generation Mode: none (0.0ms/token)
================================================================================

IMPORTANT: All storage latencies below are measured per KV cache BLOCK,
not per token or per disk page.  Each block holds the full KV state for
one request (all layers, all heads, full sequence length).
  Model KV bytes/token: 131,072 bytes (128.0KiB)
  Entries in cache: 644
  Block size min:   17.2MiB
  Block size mean:  563.4MiB
  Block size P95:   1913.7MiB
  Block size max:   2998.1MiB
  A 200MiB block at 1GiB/s NVMe read = ~200 ms device latency.
  Compare latencies against block sizes, not against 4KiB page I/O.


### OVERALL PERFORMANCE ###
Requests Completed: 631
Total Tokens Generated: 94944
Throughput (wall-clock): 315.22 tokens/sec
Throughput (storage I/O): 4.49 tokens/sec
Requests/sec: 2.09

### END-TO-END LATENCY (Queue Wait + Storage I/O + Generation) ###
  Mean: 209797.70 ms
  P50:  190401.07 ms
  P95:  443107.01 ms
  P99:  469968.09 ms

### PER-REQUEST STORAGE LATENCY (All I/O ops for one request) ###
  Mean: 33508.06 ms
  P50:  22481.36 ms
  P95:  101514.17 ms
  P99:  168260.81 ms
  (= 1 prefill write + N decode reads per request)

### STORAGE PERFORMANCE ###
  Cache Hit Rate: 67.0%
  Total Read: 1718.92GiB
  Total Write: 354.35GiB
  Read/Write Ratio: 4.85
  Storage KV Read Operations/sec: 12.14
  Storage KV Write Operations/sec: 2.15

### CACHE TIER DISTRIBUTION ###
  GPU Entries: 0 (0.00GiB)
  CPU Entries: 0 (0.00GiB)
  Storage Entries: 644

### TIER-SPECIFIC KV BYTES ###
  Storage KV Bytes Written: 354.35GiB
  Storage KV Bytes Read: 1718.92GiB

### STORAGE KV BANDWIDTH ###
  Storage KV Read Bandwidth: 5.71GiB/s
  Storage KV Write Bandwidth: 1.18GiB/s

### TIER-SPECIFIC LATENCIES (Total = Host + Device) ###
  Storage Read P95 (Total): 15136.46 ms
  Storage Write P95 (Total): 10896.96 ms

### STORAGE TIER LATENCY BREAKDOWN (Device = Disk I/O, Host = Serialization) ###
  Storage Read:
    - Device P95 (Disk I/O): 13053.21 ms
    - Host P95 (Serialization): 5476.23 ms
    - Total P95: 15136.46 ms
  Storage Write:
    - Device P95 (Disk I/O): 1182.16 ms
    - Host P95 (Serialization): 10659.97 ms
    - Total P95: 10896.96 ms

### CACHE TYPE BREAKDOWNS ###
  System Prompt Hits: 712
  Common Phrase Hits: 0
  User Cache Hits: 2559
  Multi-turn Hits: 372

### PREFIX CACHING ###
  Prefix Hits: 132
  Prefix Misses: 513
  System Prompt Reuse: 132
  Bytes Saved: 0.11GiB

### MULTI-TURN CONVERSATIONS ###
  Multi-turn Cache Hits: 371
  Multi-turn Cache Misses: 1666
  Multi-turn Hit Rate: 18.2%

### QOS LATENCY METRICS (Informational - includes simulated generation) ###

  INTERACTIVE:
    Requests: 488
    Latency P95: 445666.40 ms
    Latency P99: 471280.96 ms
    SLA Met: [X] (compliance: 0.0%)

  RESPONSIVE:
    Requests: 55
    Latency P95: 165482.65 ms
    Latency P99: 227767.28 ms
    SLA Met: [X] (compliance: 0.0%)

  BATCH:
    Requests: 88
    Latency P95: 195326.35 ms
    Latency P99: 244015.07 ms
    SLA Met: [X] (compliance: 0.0%)

================================================================================
NOTES:
  - Pure storage I/O benchmark (no generation simulation)
================================================================================

Integrated Multi-User KV Cache Benchmark - MLPerf Edition
Model: Llama 3.1 8B
GPU Memory: 0 GB
Users: 200
Duration: 300s
Seed: 93
Generation Mode: none (0.0ms/token)
Features:
  - Phase-Aware Processing: Enabled
  - Multi-turn Conversations: Enabled
  - Prefix Caching: Enabled
  - RAG Workload: Disabled
  - Autoscaling: Disabled
  - QoS Support: Enabled (Interactive/Responsive/Batch)
  - Trace-Driven (BurstGPT): Disabled
  - ShareGPT Dataset: Disabled
  - Max Concurrent Allocations: 16 (bounds RAM usage)
================================================================================

User Context Length Distribution:
  Min: 616 tokens (77.00MiB)
  Max: 24591 tokens (3073.88MiB)
  Mean: 8959 tokens (1119.90MiB)

QoS Distribution:
  interactive: 30 users
  responsive: 64 users
  batch: 106 users

### MEMORY SAFETY CHECK ###
  Formula: peak = (workers x 2 x mean_entry_bytes) + baseline
         = (200 x 2 x 1000MiB) + 2.5GiB
         = 393.1GiB
  Available RAM: 989.5GiB
  Mean entry size: 1000MiB  (8000 tok x 131,072 B/tok)
  Peak per thread: 2000MiB  (np.load + np.array copy)
  Worker threads: 200
  Safe concurrent readers: ~505  = (available - baseline) / peak_per_thread
  Status: OK

Starting benchmark... Mode: standard (prefill+decode)
--------------------------------------------------------------------------------

================================================================================
BENCHMARK RESULTS - MLPerf KV Cache Storage Benchmark
Generation Mode: none (0.0ms/token)
================================================================================

IMPORTANT: All storage latencies below are measured per KV cache BLOCK,
not per token or per disk page.  Each block holds the full KV state for
one request (all layers, all heads, full sequence length).
  Model KV bytes/token: 131,072 bytes (128.0KiB)
  Entries in cache: 637
  Block size min:   22.8MiB
  Block size mean:  610.2MiB
  Block size P95:   1756.1MiB
  Block size max:   2401.1MiB
  A 200MiB block at 1GiB/s NVMe read = ~200 ms device latency.
  Compare latencies against block sizes, not against 4KiB page I/O.


### OVERALL PERFORMANCE ###
Requests Completed: 624
Total Tokens Generated: 88922
Throughput (wall-clock): 292.49 tokens/sec
Throughput (storage I/O): 4.36 tokens/sec
Requests/sec: 2.05

### END-TO-END LATENCY (Queue Wait + Storage I/O + Generation) ###
  Mean: 205913.66 ms
  P50:  188194.69 ms
  P95:  450098.21 ms
  P99:  461089.50 ms

### PER-REQUEST STORAGE LATENCY (All I/O ops for one request) ###
  Mean: 32713.18 ms
  P50:  20968.83 ms
  P95:  103444.04 ms
  P99:  166867.98 ms
  (= 1 prefill write + N decode reads per request)

### STORAGE PERFORMANCE ###
  Cache Hit Rate: 87.3%
  Total Read: 1577.27GiB
  Total Write: 379.59GiB
  Read/Write Ratio: 4.16
  Storage KV Read Operations/sec: 10.33
  Storage KV Write Operations/sec: 2.12

### CACHE TIER DISTRIBUTION ###
  GPU Entries: 0 (0.00GiB)
  CPU Entries: 0 (0.00GiB)
  Storage Entries: 637

### TIER-SPECIFIC KV BYTES ###
  Storage KV Bytes Written: 379.59GiB
  Storage KV Bytes Read: 1577.27GiB

### STORAGE KV BANDWIDTH ###
  Storage KV Read Bandwidth: 5.19GiB/s
  Storage KV Write Bandwidth: 1.25GiB/s

### TIER-SPECIFIC LATENCIES (Total = Host + Device) ###
  Storage Read P95 (Total): 17667.83 ms
  Storage Write P95 (Total): 10585.00 ms

### STORAGE TIER LATENCY BREAKDOWN (Device = Disk I/O, Host = Serialization) ###
  Storage Read:
    - Device P95 (Disk I/O): 14422.57 ms
    - Host P95 (Serialization): 6401.98 ms
    - Total P95: 17667.83 ms
  Storage Write:
    - Device P95 (Disk I/O): 2191.25 ms
    - Host P95 (Serialization): 8886.04 ms
    - Total P95: 10585.00 ms

### CACHE TYPE BREAKDOWNS ###
  System Prompt Hits: 556
  Common Phrase Hits: 0
  User Cache Hits: 2514
  Multi-turn Hits: 30

### PREFIX CACHING ###
  Prefix Hits: 123
  Prefix Misses: 514
  System Prompt Reuse: 123
  Bytes Saved: 0.10GiB

### MULTI-TURN CONVERSATIONS ###
  Multi-turn Cache Hits: 30
  Multi-turn Cache Misses: 330
  Multi-turn Hit Rate: 8.3%

### QOS LATENCY METRICS (Informational - includes simulated generation) ###

  INTERACTIVE:
    Requests: 475
    Latency P95: 451636.67 ms
    Latency P99: 461429.81 ms
    SLA Met: [X] (compliance: 0.0%)

  RESPONSIVE:
    Requests: 85
    Latency P95: 189115.57 ms
    Latency P99: 216424.32 ms
    SLA Met: [X] (compliance: 0.0%)

  BATCH:
    Requests: 64
    Latency P95: 185799.52 ms
    Latency P99: 215508.59 ms
    SLA Met: [X] (compliance: 0.0%)

================================================================================
NOTES:
  - Pure storage I/O benchmark (no generation simulation)
================================================================================

Integrated Multi-User KV Cache Benchmark - MLPerf Edition
Model: Llama 3.1 8B
GPU Memory: 0 GB
Users: 200
Duration: 300s
Seed: 63
Generation Mode: none (0.0ms/token)
Features:
  - Phase-Aware Processing: Enabled
  - Multi-turn Conversations: Enabled
  - Prefix Caching: Enabled
  - RAG Workload: Disabled
  - Autoscaling: Disabled
  - QoS Support: Enabled (Interactive/Responsive/Batch)
  - Trace-Driven (BurstGPT): Disabled
  - ShareGPT Dataset: Disabled
  - Max Concurrent Allocations: 16 (bounds RAM usage)
================================================================================

User Context Length Distribution:
  Min: 524 tokens (65.50MiB)
  Max: 24679 tokens (3084.88MiB)
  Mean: 9088 tokens (1136.02MiB)

QoS Distribution:
  interactive: 24 users
  responsive: 72 users
  batch: 104 users

### MEMORY SAFETY CHECK ###
  Formula: peak = (workers x 2 x mean_entry_bytes) + baseline
         = (200 x 2 x 1000MiB) + 2.5GiB
         = 393.1GiB
  Available RAM: 991.7GiB
  Mean entry size: 1000MiB  (8000 tok x 131,072 B/tok)
  Peak per thread: 2000MiB  (np.load + np.array copy)
  Worker threads: 200
  Safe concurrent readers: ~506  = (available - baseline) / peak_per_thread
  Status: OK

Starting benchmark... Mode: standard (prefill+decode)
--------------------------------------------------------------------------------

================================================================================
BENCHMARK RESULTS - MLPerf KV Cache Storage Benchmark
Generation Mode: none (0.0ms/token)
================================================================================

IMPORTANT: All storage latencies below are measured per KV cache BLOCK,
not per token or per disk page.  Each block holds the full KV state for
one request (all layers, all heads, full sequence length).
  Model KV bytes/token: 131,072 bytes (128.0KiB)
  Entries in cache: 719
  Block size min:   16.2MiB
  Block size mean:  746.3MiB
  Block size P95:   2167.3MiB
  Block size max:   2957.5MiB
  A 200MiB block at 1GiB/s NVMe read = ~200 ms device latency.
  Compare latencies against block sizes, not against 4KiB page I/O.


### OVERALL PERFORMANCE ###
Requests Completed: 711
Total Tokens Generated: 94268
Throughput (wall-clock): 311.80 tokens/sec
Throughput (storage I/O): 4.48 tokens/sec
Requests/sec: 2.35

### END-TO-END LATENCY (Queue Wait + Storage I/O + Generation) ###
  Mean: 196022.86 ms
  P50:  183506.49 ms
  P95:  431461.22 ms
  P99:  463975.64 ms

### PER-REQUEST STORAGE LATENCY (All I/O ops for one request) ###
  Mean: 29563.82 ms
  P50:  16731.31 ms
  P95:  103468.61 ms
  P99:  180786.40 ms
  (= 1 prefill write + N decode reads per request)

### STORAGE PERFORMANCE ###
  Cache Hit Rate: 64.7%
  Total Read: 1700.99GiB
  Total Write: 524.03GiB
  Read/Write Ratio: 3.25
  Storage KV Read Operations/sec: 10.49
  Storage KV Write Operations/sec: 2.40

### CACHE TIER DISTRIBUTION ###
  GPU Entries: 0 (0.00GiB)
  CPU Entries: 0 (0.00GiB)
  Storage Entries: 719

### TIER-SPECIFIC KV BYTES ###
  Storage KV Bytes Written: 524.03GiB
  Storage KV Bytes Read: 1700.99GiB

### STORAGE KV BANDWIDTH ###
  Storage KV Read Bandwidth: 5.63GiB/s
  Storage KV Write Bandwidth: 1.73GiB/s

### TIER-SPECIFIC LATENCIES (Total = Host + Device) ###
  Storage Read P95 (Total): 19245.45 ms
  Storage Write P95 (Total): 11527.89 ms

### STORAGE TIER LATENCY BREAKDOWN (Device = Disk I/O, Host = Serialization) ###
  Storage Read:
    - Device P95 (Disk I/O): 14773.25 ms
    - Host P95 (Serialization): 7013.96 ms
    - Total P95: 19245.45 ms
  Storage Write:
    - Device P95 (Disk I/O): 1671.12 ms
    - Host P95 (Serialization): 10914.35 ms
    - Total P95: 11527.89 ms

### CACHE TYPE BREAKDOWNS ###
  System Prompt Hits: 690
  Common Phrase Hits: 0
  User Cache Hits: 2098
  Multi-turn Hits: 360

### PREFIX CACHING ###
  Prefix Hits: 156
  Prefix Misses: 567
  System Prompt Reuse: 156
  Bytes Saved: 0.13GiB

### MULTI-TURN CONVERSATIONS ###
  Multi-turn Cache Hits: 356
  Multi-turn Cache Misses: 1562
  Multi-turn Hit Rate: 18.6%

### QOS LATENCY METRICS (Informational - includes simulated generation) ###

  INTERACTIVE:
    Requests: 535
    Latency P95: 438892.01 ms
    Latency P99: 465172.87 ms
    SLA Met: [X] (compliance: 0.0%)

  RESPONSIVE:
    Requests: 71
    Latency P95: 139020.69 ms
    Latency P99: 163962.92 ms
    SLA Met: [X] (compliance: 0.0%)

  BATCH:
    Requests: 105
    Latency P95: 183056.32 ms
    Latency P99: 194316.08 ms
    SLA Met: [X] (compliance: 0.0%)

================================================================================
NOTES:
  - Pure storage I/O benchmark (no generation simulation)
================================================================================

Integrated Multi-User KV Cache Benchmark - MLPerf Edition
Model: Llama 3.1 8B
GPU Memory: 0 GB
Users: 200
Duration: 300s
Seed: 182
Generation Mode: none (0.0ms/token)
Features:
  - Phase-Aware Processing: Enabled
  - Multi-turn Conversations: Enabled
  - Prefix Caching: Enabled
  - RAG Workload: Disabled
  - Autoscaling: Disabled
  - QoS Support: Enabled (Interactive/Responsive/Batch)
  - Trace-Driven (BurstGPT): Disabled
  - ShareGPT Dataset: Disabled
  - Max Concurrent Allocations: 16 (bounds RAM usage)
================================================================================

User Context Length Distribution:
  Min: 518 tokens (64.75MiB)
  Max: 24761 tokens (3095.12MiB)
  Mean: 9136 tokens (1141.94MiB)

QoS Distribution:
  interactive: 33 users
  responsive: 69 users
  batch: 98 users

### MEMORY SAFETY CHECK ###
  Formula: peak = (workers x 2 x mean_entry_bytes) + baseline
         = (200 x 2 x 1000MiB) + 2.5GiB
         = 393.1GiB
  Available RAM: 991.2GiB
  Mean entry size: 1000MiB  (8000 tok x 131,072 B/tok)
  Peak per thread: 2000MiB  (np.load + np.array copy)
  Worker threads: 200
  Safe concurrent readers: ~506  = (available - baseline) / peak_per_thread
  Status: OK

Starting benchmark... Mode: standard (prefill+decode)
--------------------------------------------------------------------------------

================================================================================
BENCHMARK RESULTS - MLPerf KV Cache Storage Benchmark
Generation Mode: none (0.0ms/token)
================================================================================

IMPORTANT: All storage latencies below are measured per KV cache BLOCK,
not per token or per disk page.  Each block holds the full KV state for
one request (all layers, all heads, full sequence length).
  Model KV bytes/token: 131,072 bytes (128.0KiB)
  Entries in cache: 651
  Block size min:   18.6MiB
  Block size mean:  644.6MiB
  Block size P95:   1719.8MiB
  Block size max:   2730.6MiB
  A 200MiB block at 1GiB/s NVMe read = ~200 ms device latency.
  Compare latencies against block sizes, not against 4KiB page I/O.


### OVERALL PERFORMANCE ###
Requests Completed: 636
Total Tokens Generated: 98142
Throughput (wall-clock): 326.09 tokens/sec
Throughput (storage I/O): 4.86 tokens/sec
Requests/sec: 2.11

### END-TO-END LATENCY (Queue Wait + Storage I/O + Generation) ###
  Mean: 205769.08 ms
  P50:  194997.00 ms
  P95:  441603.96 ms
  P99:  451692.06 ms

### PER-REQUEST STORAGE LATENCY (All I/O ops for one request) ###
  Mean: 31783.85 ms
  P50:  22134.69 ms
  P95:  92091.76 ms
  P99:  130788.42 ms
  (= 1 prefill write + N decode reads per request)

### STORAGE PERFORMANCE ###
  Cache Hit Rate: 68.4%
  Total Read: 1965.17GiB
  Total Write: 409.78GiB
  Read/Write Ratio: 4.80
  Storage KV Read Operations/sec: 12.18
  Storage KV Write Operations/sec: 2.17

### CACHE TIER DISTRIBUTION ###
  GPU Entries: 0 (0.00GiB)
  CPU Entries: 0 (0.00GiB)
  Storage Entries: 651

### TIER-SPECIFIC KV BYTES ###
  Storage KV Bytes Written: 409.78GiB
  Storage KV Bytes Read: 1965.17GiB

### STORAGE KV BANDWIDTH ###
  Storage KV Read Bandwidth: 6.53GiB/s
  Storage KV Write Bandwidth: 1.36GiB/s

### TIER-SPECIFIC LATENCIES (Total = Host + Device) ###
  Storage Read P95 (Total): 15258.40 ms
  Storage Write P95 (Total): 9673.05 ms

### STORAGE TIER LATENCY BREAKDOWN (Device = Disk I/O, Host = Serialization) ###
  Storage Read:
    - Device P95 (Disk I/O): 12779.97 ms
    - Host P95 (Serialization): 5735.91 ms
    - Total P95: 15258.40 ms
  Storage Write:
    - Device P95 (Disk I/O): 1076.35 ms
    - Host P95 (Serialization): 9611.32 ms
    - Total P95: 9673.05 ms

### CACHE TYPE BREAKDOWNS ###
  System Prompt Hits: 619
  Common Phrase Hits: 0
  User Cache Hits: 2606
  Multi-turn Hits: 430

### PREFIX CACHING ###
  Prefix Hits: 138
  Prefix Misses: 516
  System Prompt Reuse: 138
  Bytes Saved: 0.11GiB

### MULTI-TURN CONVERSATIONS ###
  Multi-turn Cache Hits: 427
  Multi-turn Cache Misses: 1554
  Multi-turn Hit Rate: 21.6%

### QOS LATENCY METRICS (Informational - includes simulated generation) ###

  INTERACTIVE:
    Requests: 479
    Latency P95: 444693.16 ms
    Latency P99: 453842.34 ms
    SLA Met: [X] (compliance: 0.0%)

  RESPONSIVE:
    Requests: 75
    Latency P95: 152374.84 ms
    Latency P99: 228044.62 ms
    SLA Met: [X] (compliance: 0.0%)

  BATCH:
    Requests: 82
    Latency P95: 143488.31 ms
    Latency P99: 207841.68 ms
    SLA Met: [X] (compliance: 0.0%)

================================================================================
NOTES:
  - Pure storage I/O benchmark (no generation simulation)
================================================================================

Integrated Multi-User KV Cache Benchmark - MLPerf Edition
Model: Llama 3.1 8B
GPU Memory: 0 GB
Users: 200
Duration: 300s
Seed: 218
Generation Mode: none (0.0ms/token)
Features:
  - Phase-Aware Processing: Enabled
  - Multi-turn Conversations: Enabled
  - Prefix Caching: Enabled
  - RAG Workload: Disabled
  - Autoscaling: Disabled
  - QoS Support: Enabled (Interactive/Responsive/Batch)
  - Trace-Driven (BurstGPT): Disabled
  - ShareGPT Dataset: Disabled
  - Max Concurrent Allocations: 16 (bounds RAM usage)
================================================================================

User Context Length Distribution:
  Min: 523 tokens (65.38MiB)
  Max: 24699 tokens (3087.38MiB)
  Mean: 9557 tokens (1194.59MiB)

QoS Distribution:
  interactive: 29 users
  responsive: 72 users
  batch: 99 users

### MEMORY SAFETY CHECK ###
  Formula: peak = (workers x 2 x mean_entry_bytes) + baseline
         = (200 x 2 x 1000MiB) + 2.5GiB
         = 393.1GiB
  Available RAM: 990.2GiB
  Mean entry size: 1000MiB  (8000 tok x 131,072 B/tok)
  Peak per thread: 2000MiB  (np.load + np.array copy)
  Worker threads: 200
  Safe concurrent readers: ~505  = (available - baseline) / peak_per_thread
  Status: OK

Starting benchmark... Mode: standard (prefill+decode)
--------------------------------------------------------------------------------

================================================================================
BENCHMARK RESULTS - MLPerf KV Cache Storage Benchmark
Generation Mode: none (0.0ms/token)
================================================================================

IMPORTANT: All storage latencies below are measured per KV cache BLOCK,
not per token or per disk page.  Each block holds the full KV state for
one request (all layers, all heads, full sequence length).
  Model KV bytes/token: 131,072 bytes (128.0KiB)
  Entries in cache: 579
  Block size min:   24.2MiB
  Block size mean:  558.7MiB
  Block size P95:   1541.4MiB
  Block size max:   2703.2MiB
  A 200MiB block at 1GiB/s NVMe read = ~200 ms device latency.
  Compare latencies against block sizes, not against 4KiB page I/O.


### OVERALL PERFORMANCE ###
Requests Completed: 553
Total Tokens Generated: 83915
Throughput (wall-clock): 278.19 tokens/sec
Throughput (storage I/O): 4.26 tokens/sec
Requests/sec: 1.83

### END-TO-END LATENCY (Queue Wait + Storage I/O + Generation) ###
  Mean: 207088.57 ms
  P50:  208328.60 ms
  P95:  403525.24 ms
  P99:  463388.61 ms

### PER-REQUEST STORAGE LATENCY (All I/O ops for one request) ###
  Mean: 35634.44 ms
  P50:  22023.11 ms
  P95:  105979.21 ms
  P99:  165600.46 ms
  (= 1 prefill write + N decode reads per request)

### STORAGE PERFORMANCE ###
  Cache Hit Rate: 63.6%
  Total Read: 1999.52GiB
  Total Write: 315.88GiB
  Read/Write Ratio: 6.33
  Storage KV Read Operations/sec: 12.74
  Storage KV Write Operations/sec: 1.93

### CACHE TIER DISTRIBUTION ###
  GPU Entries: 0 (0.00GiB)
  CPU Entries: 0 (0.00GiB)
  Storage Entries: 577

### TIER-SPECIFIC KV BYTES ###
  Storage KV Bytes Written: 315.88GiB
  Storage KV Bytes Read: 1999.52GiB

### STORAGE KV BANDWIDTH ###
  Storage KV Read Bandwidth: 6.63GiB/s
  Storage KV Write Bandwidth: 1.05GiB/s

### TIER-SPECIFIC LATENCIES (Total = Host + Device) ###
  Storage Read P95 (Total): 16792.89 ms
  Storage Write P95 (Total): 8291.08 ms

### STORAGE TIER LATENCY BREAKDOWN (Device = Disk I/O, Host = Serialization) ###
  Storage Read:
    - Device P95 (Disk I/O): 15736.20 ms
    - Host P95 (Serialization): 6007.15 ms
    - Total P95: 16792.89 ms
  Storage Write:
    - Device P95 (Disk I/O): 923.05 ms
    - Host P95 (Serialization): 7136.57 ms
    - Total P95: 8291.08 ms

### CACHE TYPE BREAKDOWNS ###
  System Prompt Hits: 645
  Common Phrase Hits: 0
  User Cache Hits: 2441
  Multi-turn Hits: 735

### PREFIX CACHING ###
  Prefix Hits: 127
  Prefix Misses: 456
  System Prompt Reuse: 127
  Bytes Saved: 0.10GiB

### MULTI-TURN CONVERSATIONS ###
  Multi-turn Cache Hits: 731
  Multi-turn Cache Misses: 2058
  Multi-turn Hit Rate: 26.2%

### QOS LATENCY METRICS (Informational - includes simulated generation) ###

  INTERACTIVE:
    Requests: 398
    Latency P95: 407264.41 ms
    Latency P99: 469478.97 ms
    SLA Met: [X] (compliance: 0.0%)

  RESPONSIVE:
    Requests: 96
    Latency P95: 171102.55 ms
    Latency P99: 264506.23 ms
    SLA Met: [X] (compliance: 0.0%)

  BATCH:
    Requests: 59
    Latency P95: 118577.49 ms
    Latency P99: 137275.01 ms
    SLA Met: [X] (compliance: 0.0%)

================================================================================
NOTES:
  - Pure storage I/O benchmark (no generation simulation)
================================================================================

Integrated Multi-User KV Cache Benchmark - MLPerf Edition
Model: Llama 3.1 8B
GPU Memory: 0 GB
Users: 200
Duration: 300s
Seed: 56
Generation Mode: none (0.0ms/token)
Features:
  - Phase-Aware Processing: Enabled
  - Multi-turn Conversations: Enabled
  - Prefix Caching: Enabled
  - RAG Workload: Disabled
  - Autoscaling: Disabled
  - QoS Support: Enabled (Interactive/Responsive/Batch)
  - Trace-Driven (BurstGPT): Disabled
  - ShareGPT Dataset: Disabled
  - Max Concurrent Allocations: 16 (bounds RAM usage)
================================================================================

User Context Length Distribution:
  Min: 529 tokens (66.12MiB)
  Max: 24955 tokens (3119.38MiB)
  Mean: 8938 tokens (1117.31MiB)

QoS Distribution:
  interactive: 22 users
  responsive: 68 users
  batch: 110 users

### MEMORY SAFETY CHECK ###
  Formula: peak = (workers x 2 x mean_entry_bytes) + baseline
         = (200 x 2 x 1000MiB) + 2.5GiB
         = 393.1GiB
  Available RAM: 991.0GiB
  Mean entry size: 1000MiB  (8000 tok x 131,072 B/tok)
  Peak per thread: 2000MiB  (np.load + np.array copy)
  Worker threads: 200
  Safe concurrent readers: ~506  = (available - baseline) / peak_per_thread
  Status: OK

Starting benchmark... Mode: standard (prefill+decode)
--------------------------------------------------------------------------------

================================================================================
BENCHMARK RESULTS - MLPerf KV Cache Storage Benchmark
Generation Mode: none (0.0ms/token)
================================================================================

IMPORTANT: All storage latencies below are measured per KV cache BLOCK,
not per token or per disk page.  Each block holds the full KV state for
one request (all layers, all heads, full sequence length).
  Model KV bytes/token: 131,072 bytes (128.0KiB)
  Entries in cache: 556
  Block size min:   26.5MiB
  Block size mean:  665.7MiB
  Block size P95:   1731.1MiB
  Block size max:   2424.5MiB
  A 200MiB block at 1GiB/s NVMe read = ~200 ms device latency.
  Compare latencies against block sizes, not against 4KiB page I/O.


### OVERALL PERFORMANCE ###
Requests Completed: 538
Total Tokens Generated: 100080
Throughput (wall-clock): 327.47 tokens/sec
Throughput (storage I/O): 4.38 tokens/sec
Requests/sec: 1.76

### END-TO-END LATENCY (Queue Wait + Storage I/O + Generation) ###
  Mean: 212826.54 ms
  P50:  193674.28 ms
  P95:  449308.14 ms
  P99:  475702.41 ms

### PER-REQUEST STORAGE LATENCY (All I/O ops for one request) ###
  Mean: 42428.13 ms
  P50:  26076.96 ms
  P95:  127085.28 ms
  P99:  252042.71 ms
  (= 1 prefill write + N decode reads per request)

### STORAGE PERFORMANCE ###
  Cache Hit Rate: 70.6%
  Total Read: 2203.86GiB
  Total Write: 361.45GiB
  Read/Write Ratio: 6.10
  Storage KV Read Operations/sec: 12.70
  Storage KV Write Operations/sec: 1.85

### CACHE TIER DISTRIBUTION ###
  GPU Entries: 0 (0.00GiB)
  CPU Entries: 0 (0.00GiB)
  Storage Entries: 556

### TIER-SPECIFIC KV BYTES ###
  Storage KV Bytes Written: 361.45GiB
  Storage KV Bytes Read: 2203.86GiB

### STORAGE KV BANDWIDTH ###
  Storage KV Read Bandwidth: 7.21GiB/s
  Storage KV Write Bandwidth: 1.18GiB/s

### TIER-SPECIFIC LATENCIES (Total = Host + Device) ###
  Storage Read P95 (Total): 18888.47 ms
  Storage Write P95 (Total): 9724.76 ms

### STORAGE TIER LATENCY BREAKDOWN (Device = Disk I/O, Host = Serialization) ###
  Storage Read:
    - Device P95 (Disk I/O): 16821.50 ms
    - Host P95 (Serialization): 5220.63 ms
    - Total P95: 18888.47 ms
  Storage Write:
    - Device P95 (Disk I/O): 1151.39 ms
    - Host P95 (Serialization): 9321.20 ms
    - Total P95: 9724.76 ms

### CACHE TYPE BREAKDOWNS ###
  System Prompt Hits: 627
  Common Phrase Hits: 0
  User Cache Hits: 2756
  Multi-turn Hits: 427

### PREFIX CACHING ###
  Prefix Hits: 107
  Prefix Misses: 450
  System Prompt Reuse: 107
  Bytes Saved: 0.09GiB

### MULTI-TURN CONVERSATIONS ###
  Multi-turn Cache Hits: 426
  Multi-turn Cache Misses: 1483
  Multi-turn Hit Rate: 22.3%

### QOS LATENCY METRICS (Informational - includes simulated generation) ###

  INTERACTIVE:
    Requests: 360
    Latency P95: 467804.23 ms
    Latency P99: 477584.36 ms
    SLA Met: [X] (compliance: 0.0%)

  RESPONSIVE:
    Requests: 74
    Latency P95: 168009.10 ms
    Latency P99: 235661.99 ms
    SLA Met: [X] (compliance: 0.0%)

  BATCH:
    Requests: 104
    Latency P95: 157714.45 ms
    Latency P99: 189981.18 ms
    SLA Met: [X] (compliance: 0.0%)

================================================================================
NOTES:
  - Pure storage I/O benchmark (no generation simulation)
================================================================================

Integrated Multi-User KV Cache Benchmark - MLPerf Edition
Model: Llama 3.1 8B
GPU Memory: 0 GB
Users: 200
Duration: 300s
Seed: 113
Generation Mode: none (0.0ms/token)
Features:
  - Phase-Aware Processing: Enabled
  - Multi-turn Conversations: Enabled
  - Prefix Caching: Enabled
  - RAG Workload: Disabled
  - Autoscaling: Disabled
  - QoS Support: Enabled (Interactive/Responsive/Batch)
  - Trace-Driven (BurstGPT): Disabled
  - ShareGPT Dataset: Disabled
  - Max Concurrent Allocations: 16 (bounds RAM usage)
================================================================================

User Context Length Distribution:
  Min: 560 tokens (70.00MiB)
  Max: 24255 tokens (3031.88MiB)
  Mean: 9218 tokens (1152.30MiB)

QoS Distribution:
  interactive: 24 users
  responsive: 76 users
  batch: 100 users

### MEMORY SAFETY CHECK ###
  Formula: peak = (workers x 2 x mean_entry_bytes) + baseline
         = (200 x 2 x 1000MiB) + 2.5GiB
         = 393.1GiB
  Available RAM: 991.7GiB
  Mean entry size: 1000MiB  (8000 tok x 131,072 B/tok)
  Peak per thread: 2000MiB  (np.load + np.array copy)
  Worker threads: 200
  Safe concurrent readers: ~506  = (available - baseline) / peak_per_thread
  Status: OK

Starting benchmark... Mode: standard (prefill+decode)
--------------------------------------------------------------------------------

================================================================================
BENCHMARK RESULTS - MLPerf KV Cache Storage Benchmark
Generation Mode: none (0.0ms/token)
================================================================================

IMPORTANT: All storage latencies below are measured per KV cache BLOCK,
not per token or per disk page.  Each block holds the full KV state for
one request (all layers, all heads, full sequence length).
  Model KV bytes/token: 131,072 bytes (128.0KiB)
  Entries in cache: 644
  Block size min:   22.4MiB
  Block size mean:  677.7MiB
  Block size P95:   1891.6MiB
  Block size max:   2923.0MiB
  A 200MiB block at 1GiB/s NVMe read = ~200 ms device latency.
  Compare latencies against block sizes, not against 4KiB page I/O.


### OVERALL PERFORMANCE ###
Requests Completed: 635
Total Tokens Generated: 90373
Throughput (wall-clock): 300.80 tokens/sec
Throughput (storage I/O): 4.57 tokens/sec
Requests/sec: 2.11

### END-TO-END LATENCY (Queue Wait + Storage I/O + Generation) ###
  Mean: 205438.44 ms
  P50:  182217.87 ms
  P95:  451485.64 ms
  P99:  462078.63 ms

### PER-REQUEST STORAGE LATENCY (All I/O ops for one request) ###
  Mean: 31173.59 ms
  P50:  18861.10 ms
  P95:  102806.92 ms
  P99:  181887.90 ms
  (= 1 prefill write + N decode reads per request)

### STORAGE PERFORMANCE ###
  Cache Hit Rate: 87.1%
  Total Read: 1590.91GiB
  Total Write: 426.19GiB
  Read/Write Ratio: 3.73
  Storage KV Read Operations/sec: 9.70
  Storage KV Write Operations/sec: 2.15

### CACHE TIER DISTRIBUTION ###
  GPU Entries: 0 (0.00GiB)
  CPU Entries: 0 (0.00GiB)
  Storage Entries: 644

### TIER-SPECIFIC KV BYTES ###
  Storage KV Bytes Written: 426.19GiB
  Storage KV Bytes Read: 1590.91GiB

### STORAGE KV BANDWIDTH ###
  Storage KV Read Bandwidth: 5.30GiB/s
  Storage KV Write Bandwidth: 1.42GiB/s

### TIER-SPECIFIC LATENCIES (Total = Host + Device) ###
  Storage Read P95 (Total): 17369.24 ms
  Storage Write P95 (Total): 10271.83 ms

### STORAGE TIER LATENCY BREAKDOWN (Device = Disk I/O, Host = Serialization) ###
  Storage Read:
    - Device P95 (Disk I/O): 14173.47 ms
    - Host P95 (Serialization): 6708.21 ms
    - Total P95: 17369.24 ms
  Storage Write:
    - Device P95 (Disk I/O): 1875.44 ms
    - Host P95 (Serialization): 9212.97 ms
    - Total P95: 10271.83 ms

### CACHE TYPE BREAKDOWNS ###
  System Prompt Hits: 613
  Common Phrase Hits: 0
  User Cache Hits: 2260
  Multi-turn Hits: 38

### PREFIX CACHING ###
  Prefix Hits: 134
  Prefix Misses: 510
  System Prompt Reuse: 134
  Bytes Saved: 0.11GiB

### MULTI-TURN CONVERSATIONS ###
  Multi-turn Cache Hits: 38
  Multi-turn Cache Misses: 299
  Multi-turn Hit Rate: 11.3%

### QOS LATENCY METRICS (Informational - includes simulated generation) ###

  INTERACTIVE:
    Requests: 463
    Latency P95: 454774.92 ms
    Latency P99: 462561.05 ms
    SLA Met: [X] (compliance: 0.0%)

  RESPONSIVE:
    Requests: 79
    Latency P95: 174999.66 ms
    Latency P99: 220606.17 ms
    SLA Met: [X] (compliance: 0.0%)

  BATCH:
    Requests: 93
    Latency P95: 180716.29 ms
    Latency P99: 309075.83 ms
    SLA Met: [X] (compliance: 0.0%)

================================================================================
NOTES:
  - Pure storage I/O benchmark (no generation simulation)
================================================================================

Integrated Multi-User KV Cache Benchmark - MLPerf Edition
Model: Llama 3.1 8B
GPU Memory: 0 GB
Users: 200
Duration: 300s
Seed: 195
Generation Mode: none (0.0ms/token)
Features:
  - Phase-Aware Processing: Enabled
  - Multi-turn Conversations: Enabled
  - Prefix Caching: Enabled
  - RAG Workload: Disabled
  - Autoscaling: Disabled
  - QoS Support: Enabled (Interactive/Responsive/Batch)
  - Trace-Driven (BurstGPT): Disabled
  - ShareGPT Dataset: Disabled
  - Max Concurrent Allocations: 16 (bounds RAM usage)
================================================================================

User Context Length Distribution:
  Min: 522 tokens (65.25MiB)
  Max: 24055 tokens (3006.88MiB)
  Mean: 8576 tokens (1072.00MiB)

QoS Distribution:
  interactive: 28 users
  responsive: 88 users
  batch: 84 users

### MEMORY SAFETY CHECK ###
  Formula: peak = (workers x 2 x mean_entry_bytes) + baseline
         = (200 x 2 x 1000MiB) + 2.5GiB
         = 393.1GiB
  Available RAM: 989.7GiB
  Mean entry size: 1000MiB  (8000 tok x 131,072 B/tok)
  Peak per thread: 2000MiB  (np.load + np.array copy)
  Worker threads: 200
  Safe concurrent readers: ~505  = (available - baseline) / peak_per_thread
  Status: OK

Starting benchmark... Mode: standard (prefill+decode)
--------------------------------------------------------------------------------

================================================================================
BENCHMARK RESULTS - MLPerf KV Cache Storage Benchmark
Generation Mode: none (0.0ms/token)
================================================================================

IMPORTANT: All storage latencies below are measured per KV cache BLOCK,
not per token or per disk page.  Each block holds the full KV state for
one request (all layers, all heads, full sequence length).
  Model KV bytes/token: 131,072 bytes (128.0KiB)
  Entries in cache: 623
  Block size min:   19.8MiB
  Block size mean:  576.7MiB
  Block size P95:   1681.3MiB
  Block size max:   2745.6MiB
  A 200MiB block at 1GiB/s NVMe read = ~200 ms device latency.
  Compare latencies against block sizes, not against 4KiB page I/O.


### OVERALL PERFORMANCE ###
Requests Completed: 613
Total Tokens Generated: 99322
Throughput (wall-clock): 330.32 tokens/sec
Throughput (storage I/O): 4.82 tokens/sec
Requests/sec: 2.04

### END-TO-END LATENCY (Queue Wait + Storage I/O + Generation) ###
  Mean: 201932.73 ms
  P50:  176756.78 ms
  P95:  434621.54 ms
  P99:  457473.24 ms

### PER-REQUEST STORAGE LATENCY (All I/O ops for one request) ###
  Mean: 33609.35 ms
  P50:  18972.00 ms
  P95:  121459.29 ms
  P99:  162139.86 ms
  (= 1 prefill write + N decode reads per request)

### STORAGE PERFORMANCE ###
  Cache Hit Rate: 65.6%
  Total Read: 2034.19GiB
  Total Write: 351.91GiB
  Read/Write Ratio: 5.78
  Storage KV Read Operations/sec: 13.18
  Storage KV Write Operations/sec: 2.08

### CACHE TIER DISTRIBUTION ###
  GPU Entries: 0 (0.00GiB)
  CPU Entries: 0 (0.00GiB)
  Storage Entries: 623

### TIER-SPECIFIC KV BYTES ###
  Storage KV Bytes Written: 350.88GiB
  Storage KV Bytes Read: 2034.19GiB

### STORAGE KV BANDWIDTH ###
  Storage KV Read Bandwidth: 6.77GiB/s
  Storage KV Write Bandwidth: 1.17GiB/s

### TIER-SPECIFIC LATENCIES (Total = Host + Device) ###
  Storage Read P95 (Total): 16344.05 ms
  Storage Write P95 (Total): 9162.80 ms

### STORAGE TIER LATENCY BREAKDOWN (Device = Disk I/O, Host = Serialization) ###
  Storage Read:
    - Device P95 (Disk I/O): 15274.24 ms
    - Host P95 (Serialization): 5038.86 ms
    - Total P95: 16344.05 ms
  Storage Write:
    - Device P95 (Disk I/O): 1286.72 ms
    - Host P95 (Serialization): 8551.18 ms
    - Total P95: 9162.80 ms

### CACHE TYPE BREAKDOWNS ###
  System Prompt Hits: 669
  Common Phrase Hits: 0
  User Cache Hits: 2529
  Multi-turn Hits: 756

### PREFIX CACHING ###
  Prefix Hits: 126
  Prefix Misses: 508
  System Prompt Reuse: 126
  Bytes Saved: 0.10GiB

### MULTI-TURN CONVERSATIONS ###
  Multi-turn Cache Hits: 747
  Multi-turn Cache Misses: 1950
  Multi-turn Hit Rate: 27.7%

### QOS LATENCY METRICS (Informational - includes simulated generation) ###

  INTERACTIVE:
    Requests: 449
    Latency P95: 437048.38 ms
    Latency P99: 462827.08 ms
    SLA Met: [X] (compliance: 0.0%)

  RESPONSIVE:
    Requests: 98
    Latency P95: 138798.64 ms
    Latency P99: 216442.35 ms
    SLA Met: [X] (compliance: 0.0%)

  BATCH:
    Requests: 66
    Latency P95: 158800.18 ms
    Latency P99: 185461.90 ms
    SLA Met: [X] (compliance: 0.0%)

================================================================================
NOTES:
  - Pure storage I/O benchmark (no generation simulation)
================================================================================

Integrated Multi-User KV Cache Benchmark - MLPerf Edition
Model: Llama 3.1 8B
GPU Memory: 0 GB
Users: 200
Duration: 300s
Seed: 47
Generation Mode: none (0.0ms/token)
Features:
  - Phase-Aware Processing: Enabled
  - Multi-turn Conversations: Enabled
  - Prefix Caching: Enabled
  - RAG Workload: Disabled
  - Autoscaling: Disabled
  - QoS Support: Enabled (Interactive/Responsive/Batch)
  - Trace-Driven (BurstGPT): Disabled
  - ShareGPT Dataset: Disabled
  - Max Concurrent Allocations: 16 (bounds RAM usage)
================================================================================

User Context Length Distribution:
  Min: 620 tokens (77.50MiB)
  Max: 24732 tokens (3091.50MiB)
  Mean: 9464 tokens (1183.03MiB)

QoS Distribution:
  interactive: 31 users
  responsive: 62 users
  batch: 107 users

### MEMORY SAFETY CHECK ###
  Formula: peak = (workers x 2 x mean_entry_bytes) + baseline
         = (200 x 2 x 1000MiB) + 2.5GiB
         = 393.1GiB
  Available RAM: 991.1GiB
  Mean entry size: 1000MiB  (8000 tok x 131,072 B/tok)
  Peak per thread: 2000MiB  (np.load + np.array copy)
  Worker threads: 200
  Safe concurrent readers: ~506  = (available - baseline) / peak_per_thread
  Status: OK

Starting benchmark... Mode: standard (prefill+decode)
--------------------------------------------------------------------------------

================================================================================
BENCHMARK RESULTS - MLPerf KV Cache Storage Benchmark
Generation Mode: none (0.0ms/token)
================================================================================

IMPORTANT: All storage latencies below are measured per KV cache BLOCK,
not per token or per disk page.  Each block holds the full KV state for
one request (all layers, all heads, full sequence length).
  Model KV bytes/token: 131,072 bytes (128.0KiB)
  Entries in cache: 635
  Block size min:   20.9MiB
  Block size mean:  599.0MiB
  Block size P95:   1945.8MiB
  Block size max:   2929.1MiB
  A 200MiB block at 1GiB/s NVMe read = ~200 ms device latency.
  Compare latencies against block sizes, not against 4KiB page I/O.


### OVERALL PERFORMANCE ###
Requests Completed: 624
Total Tokens Generated: 103318
Throughput (wall-clock): 336.66 tokens/sec
Throughput (storage I/O): 5.34 tokens/sec
Requests/sec: 2.03

### END-TO-END LATENCY (Queue Wait + Storage I/O + Generation) ###
  Mean: 208339.09 ms
  P50:  173084.48 ms
  P95:  442458.85 ms
  P99:  470089.16 ms

### PER-REQUEST STORAGE LATENCY (All I/O ops for one request) ###
  Mean: 31014.29 ms
  P50:  19831.23 ms
  P95:  93784.46 ms
  P99:  161110.75 ms
  (= 1 prefill write + N decode reads per request)

### STORAGE PERFORMANCE ###
  Cache Hit Rate: 88.3%
  Total Read: 1537.55GiB
  Total Write: 371.47GiB
  Read/Write Ratio: 4.14
  Storage KV Read Operations/sec: 11.53
  Storage KV Write Operations/sec: 2.12

### CACHE TIER DISTRIBUTION ###
  GPU Entries: 0 (0.00GiB)
  CPU Entries: 0 (0.00GiB)
  Storage Entries: 635

### TIER-SPECIFIC KV BYTES ###
  Storage KV Bytes Written: 371.47GiB
  Storage KV Bytes Read: 1537.55GiB

### STORAGE KV BANDWIDTH ###
  Storage KV Read Bandwidth: 5.01GiB/s
  Storage KV Write Bandwidth: 1.21GiB/s

### TIER-SPECIFIC LATENCIES (Total = Host + Device) ###
  Storage Read P95 (Total): 17265.67 ms
  Storage Write P95 (Total): 10211.65 ms

### STORAGE TIER LATENCY BREAKDOWN (Device = Disk I/O, Host = Serialization) ###
  Storage Read:
    - Device P95 (Disk I/O): 13672.69 ms
    - Host P95 (Serialization): 4830.43 ms
    - Total P95: 17265.67 ms
  Storage Write:
    - Device P95 (Disk I/O): 1048.30 ms
    - Host P95 (Serialization): 10185.68 ms
    - Total P95: 10211.65 ms

### CACHE TYPE BREAKDOWNS ###
  System Prompt Hits: 689
  Common Phrase Hits: 0
  User Cache Hits: 2753
  Multi-turn Hits: 17

### PREFIX CACHING ###
  Prefix Hits: 130
  Prefix Misses: 505
  System Prompt Reuse: 130
  Bytes Saved: 0.10GiB

### MULTI-TURN CONVERSATIONS ###
  Multi-turn Cache Hits: 17
  Multi-turn Cache Misses: 330
  Multi-turn Hit Rate: 4.9%

### QOS LATENCY METRICS (Informational - includes simulated generation) ###

  INTERACTIVE:
    Requests: 465
    Latency P95: 446670.84 ms
    Latency P99: 471980.38 ms
    SLA Met: [X] (compliance: 0.0%)

  RESPONSIVE:
    Requests: 74
    Latency P95: 152593.61 ms
    Latency P99: 169714.76 ms
    SLA Met: [X] (compliance: 0.0%)

  BATCH:
    Requests: 85
    Latency P95: 130703.75 ms
    Latency P99: 147257.35 ms
    SLA Met: [X] (compliance: 0.0%)

================================================================================
NOTES:
  - Pure storage I/O benchmark (no generation simulation)
================================================================================

Integrated Multi-User KV Cache Benchmark - MLPerf Edition
Model: Llama 3.1 8B
GPU Memory: 0 GB
Users: 200
Duration: 300s
Seed: 156
Generation Mode: none (0.0ms/token)
Features:
  - Phase-Aware Processing: Enabled
  - Multi-turn Conversations: Enabled
  - Prefix Caching: Enabled
  - RAG Workload: Disabled
  - Autoscaling: Disabled
  - QoS Support: Enabled (Interactive/Responsive/Batch)
  - Trace-Driven (BurstGPT): Disabled
  - ShareGPT Dataset: Disabled
  - Max Concurrent Allocations: 16 (bounds RAM usage)
================================================================================

User Context Length Distribution:
  Min: 535 tokens (66.88MiB)
  Max: 24825 tokens (3103.12MiB)
  Mean: 8724 tokens (1090.54MiB)

QoS Distribution:
  interactive: 28 users
  responsive: 80 users
  batch: 92 users

### MEMORY SAFETY CHECK ###
  Formula: peak = (workers x 2 x mean_entry_bytes) + baseline
         = (200 x 2 x 1000MiB) + 2.5GiB
         = 393.1GiB
  Available RAM: 991.4GiB
  Mean entry size: 1000MiB  (8000 tok x 131,072 B/tok)
  Peak per thread: 2000MiB  (np.load + np.array copy)
  Worker threads: 200
  Safe concurrent readers: ~506  = (available - baseline) / peak_per_thread
  Status: OK

Starting benchmark... Mode: standard (prefill+decode)
--------------------------------------------------------------------------------

================================================================================
BENCHMARK RESULTS - MLPerf KV Cache Storage Benchmark
Generation Mode: none (0.0ms/token)
================================================================================

IMPORTANT: All storage latencies below are measured per KV cache BLOCK,
not per token or per disk page.  Each block holds the full KV state for
one request (all layers, all heads, full sequence length).
  Model KV bytes/token: 131,072 bytes (128.0KiB)
  Entries in cache: 610
  Block size min:   21.4MiB
  Block size mean:  693.5MiB
  Block size P95:   1963.7MiB
  Block size max:   2997.0MiB
  A 200MiB block at 1GiB/s NVMe read = ~200 ms device latency.
  Compare latencies against block sizes, not against 4KiB page I/O.


### OVERALL PERFORMANCE ###
Requests Completed: 601
Total Tokens Generated: 83243
Throughput (wall-clock): 276.56 tokens/sec
Throughput (storage I/O): 4.01 tokens/sec
Requests/sec: 2.00

### END-TO-END LATENCY (Queue Wait + Storage I/O + Generation) ###
  Mean: 211476.79 ms
  P50:  185985.14 ms
  P95:  459552.36 ms
  P99:  469863.35 ms

### PER-REQUEST STORAGE LATENCY (All I/O ops for one request) ###
  Mean: 34548.51 ms
  P50:  22773.34 ms
  P95:  110057.82 ms
  P99:  152922.99 ms
  (= 1 prefill write + N decode reads per request)

### STORAGE PERFORMANCE ###
  Cache Hit Rate: 81.4%
  Total Read: 1428.49GiB
  Total Write: 413.09GiB
  Read/Write Ratio: 3.46
  Storage KV Read Operations/sec: 9.21
  Storage KV Write Operations/sec: 2.03

### CACHE TIER DISTRIBUTION ###
  GPU Entries: 0 (0.00GiB)
  CPU Entries: 0 (0.00GiB)
  Storage Entries: 610

### TIER-SPECIFIC KV BYTES ###
  Storage KV Bytes Written: 413.09GiB
  Storage KV Bytes Read: 1428.49GiB

### STORAGE KV BANDWIDTH ###
  Storage KV Read Bandwidth: 4.75GiB/s
  Storage KV Write Bandwidth: 1.37GiB/s

### TIER-SPECIFIC LATENCIES (Total = Host + Device) ###
  Storage Read P95 (Total): 18959.18 ms
  Storage Write P95 (Total): 11817.01 ms

### STORAGE TIER LATENCY BREAKDOWN (Device = Disk I/O, Host = Serialization) ###
  Storage Read:
    - Device P95 (Disk I/O): 15631.00 ms
    - Host P95 (Serialization): 8743.52 ms
    - Total P95: 18959.18 ms
  Storage Write:
    - Device P95 (Disk I/O): 1508.04 ms
    - Host P95 (Serialization): 10915.74 ms
    - Total P95: 11817.01 ms

### CACHE TYPE BREAKDOWNS ###
  System Prompt Hits: 458
  Common Phrase Hits: 0
  User Cache Hits: 2273
  Multi-turn Hits: 31

### PREFIX CACHING ###
  Prefix Hits: 102
  Prefix Misses: 508
  System Prompt Reuse: 102
  Bytes Saved: 0.08GiB

### MULTI-TURN CONVERSATIONS ###
  Multi-turn Cache Hits: 31
  Multi-turn Cache Misses: 529
  Multi-turn Hit Rate: 5.5%

### QOS LATENCY METRICS (Informational - includes simulated generation) ###

  INTERACTIVE:
    Requests: 432
    Latency P95: 461249.98 ms
    Latency P99: 471136.17 ms
    SLA Met: [X] (compliance: 0.0%)

  RESPONSIVE:
    Requests: 78
    Latency P95: 156227.43 ms
    Latency P99: 267982.82 ms
    SLA Met: [X] (compliance: 0.0%)

  BATCH:
    Requests: 91
    Latency P95: 165717.12 ms
    Latency P99: 252039.17 ms
    SLA Met: [X] (compliance: 0.0%)

================================================================================
NOTES:
  - Pure storage I/O benchmark (no generation simulation)
================================================================================

Integrated Multi-User KV Cache Benchmark - MLPerf Edition
Model: Llama 3.1 8B
GPU Memory: 0 GB
Users: 200
Duration: 300s
Seed: 189
Generation Mode: none (0.0ms/token)
Features:
  - Phase-Aware Processing: Enabled
  - Multi-turn Conversations: Enabled
  - Prefix Caching: Enabled
  - RAG Workload: Disabled
  - Autoscaling: Disabled
  - QoS Support: Enabled (Interactive/Responsive/Batch)
  - Trace-Driven (BurstGPT): Disabled
  - ShareGPT Dataset: Disabled
  - Max Concurrent Allocations: 16 (bounds RAM usage)
================================================================================

User Context Length Distribution:
  Min: 548 tokens (68.50MiB)
  Max: 24928 tokens (3116.00MiB)
  Mean: 9610 tokens (1201.24MiB)

QoS Distribution:
  interactive: 39 users
  responsive: 71 users
  batch: 90 users

### MEMORY SAFETY CHECK ###
  Formula: peak = (workers x 2 x mean_entry_bytes) + baseline
         = (200 x 2 x 1000MiB) + 2.5GiB
         = 393.1GiB
  Available RAM: 991.4GiB
  Mean entry size: 1000MiB  (8000 tok x 131,072 B/tok)
  Peak per thread: 2000MiB  (np.load + np.array copy)
  Worker threads: 200
  Safe concurrent readers: ~506  = (available - baseline) / peak_per_thread
  Status: OK

Starting benchmark... Mode: standard (prefill+decode)
--------------------------------------------------------------------------------

================================================================================
BENCHMARK RESULTS - MLPerf KV Cache Storage Benchmark
Generation Mode: none (0.0ms/token)
================================================================================

IMPORTANT: All storage latencies below are measured per KV cache BLOCK,
not per token or per disk page.  Each block holds the full KV state for
one request (all layers, all heads, full sequence length).
  Model KV bytes/token: 131,072 bytes (128.0KiB)
  Entries in cache: 546
  Block size min:   22.0MiB
  Block size mean:  707.0MiB
  Block size P95:   1850.1MiB
  Block size max:   3080.4MiB
  A 200MiB block at 1GiB/s NVMe read = ~200 ms device latency.
  Compare latencies against block sizes, not against 4KiB page I/O.


### OVERALL PERFORMANCE ###
Requests Completed: 534
Total Tokens Generated: 102226
Throughput (wall-clock): 335.83 tokens/sec
Throughput (storage I/O): 4.54 tokens/sec
Requests/sec: 1.75

### END-TO-END LATENCY (Queue Wait + Storage I/O + Generation) ###
  Mean: 229323.84 ms
  P50:  205531.45 ms
  P95:  457661.78 ms
  P99:  481440.11 ms

### PER-REQUEST STORAGE LATENCY (All I/O ops for one request) ###
  Mean: 42177.88 ms
  P50:  28579.66 ms
  P95:  127982.40 ms
  P99:  195428.95 ms
  (= 1 prefill write + N decode reads per request)

### STORAGE PERFORMANCE ###
  Cache Hit Rate: 91.7%
  Total Read: 1833.30GiB
  Total Write: 376.96GiB
  Read/Write Ratio: 4.86
  Storage KV Read Operations/sec: 10.76
  Storage KV Write Operations/sec: 1.82

### CACHE TIER DISTRIBUTION ###
  GPU Entries: 0 (0.00GiB)
  CPU Entries: 0 (0.00GiB)
  Storage Entries: 546

### TIER-SPECIFIC KV BYTES ###
  Storage KV Bytes Written: 376.96GiB
  Storage KV Bytes Read: 1833.30GiB

### STORAGE KV BANDWIDTH ###
  Storage KV Read Bandwidth: 6.02GiB/s
  Storage KV Write Bandwidth: 1.24GiB/s

### TIER-SPECIFIC LATENCIES (Total = Host + Device) ###
  Storage Read P95 (Total): 19180.17 ms
  Storage Write P95 (Total): 10768.60 ms

### STORAGE TIER LATENCY BREAKDOWN (Device = Disk I/O, Host = Serialization) ###
  Storage Read:
    - Device P95 (Disk I/O): 17198.57 ms
    - Host P95 (Serialization): 6925.95 ms
    - Total P95: 19180.17 ms
  Storage Write:
    - Device P95 (Disk I/O): 1615.10 ms
    - Host P95 (Serialization): 9831.66 ms
    - Total P95: 10768.60 ms

### CACHE TYPE BREAKDOWNS ###
  System Prompt Hits: 569
  Common Phrase Hits: 0
  User Cache Hits: 2648
  Multi-turn Hits: 10

### PREFIX CACHING ###
  Prefix Hits: 100
  Prefix Misses: 446
  System Prompt Reuse: 100
  Bytes Saved: 0.08GiB

### MULTI-TURN CONVERSATIONS ###
  Multi-turn Cache Hits: 10
  Multi-turn Cache Misses: 193
  Multi-turn Hit Rate: 4.9%

### QOS LATENCY METRICS (Informational - includes simulated generation) ###

  INTERACTIVE:
    Requests: 382
    Latency P95: 461186.76 ms
    Latency P99: 481918.34 ms
    SLA Met: [X] (compliance: 0.0%)

  RESPONSIVE:
    Requests: 79
    Latency P95: 206981.21 ms
    Latency P99: 353052.27 ms
    SLA Met: [X] (compliance: 0.0%)

  BATCH:
    Requests: 73
    Latency P95: 222527.25 ms
    Latency P99: 301549.66 ms
    SLA Met: [X] (compliance: 0.0%)

================================================================================
NOTES:
  - Pure storage I/O benchmark (no generation simulation)
================================================================================

Integrated Multi-User KV Cache Benchmark - MLPerf Edition
Model: Llama 3.1 8B
GPU Memory: 0 GB
Users: 200
Duration: 300s
Seed: 65
Generation Mode: none (0.0ms/token)
Features:
  - Phase-Aware Processing: Enabled
  - Multi-turn Conversations: Enabled
  - Prefix Caching: Enabled
  - RAG Workload: Disabled
  - Autoscaling: Disabled
  - QoS Support: Enabled (Interactive/Responsive/Batch)
  - Trace-Driven (BurstGPT): Disabled
  - ShareGPT Dataset: Disabled
  - Max Concurrent Allocations: 16 (bounds RAM usage)
================================================================================

User Context Length Distribution:
  Min: 582 tokens (72.75MiB)
  Max: 24738 tokens (3092.25MiB)
  Mean: 9060 tokens (1132.48MiB)

QoS Distribution:
  interactive: 25 users
  responsive: 65 users
  batch: 110 users

### MEMORY SAFETY CHECK ###
  Formula: peak = (workers x 2 x mean_entry_bytes) + baseline
         = (200 x 2 x 1000MiB) + 2.5GiB
         = 393.1GiB
  Available RAM: 991.7GiB
  Mean entry size: 1000MiB  (8000 tok x 131,072 B/tok)
  Peak per thread: 2000MiB  (np.load + np.array copy)
  Worker threads: 200
  Safe concurrent readers: ~506  = (available - baseline) / peak_per_thread
  Status: OK

Starting benchmark... Mode: standard (prefill+decode)
--------------------------------------------------------------------------------

================================================================================
BENCHMARK RESULTS - MLPerf KV Cache Storage Benchmark
Generation Mode: none (0.0ms/token)
================================================================================

IMPORTANT: All storage latencies below are measured per KV cache BLOCK,
not per token or per disk page.  Each block holds the full KV state for
one request (all layers, all heads, full sequence length).
  Model KV bytes/token: 131,072 bytes (128.0KiB)
  Entries in cache: 668
  Block size min:   23.4MiB
  Block size mean:  675.6MiB
  Block size P95:   2075.8MiB
  Block size max:   2938.1MiB
  A 200MiB block at 1GiB/s NVMe read = ~200 ms device latency.
  Compare latencies against block sizes, not against 4KiB page I/O.


### OVERALL PERFORMANCE ###
Requests Completed: 661
Total Tokens Generated: 87424
Throughput (wall-clock): 288.95 tokens/sec
Throughput (storage I/O): 4.44 tokens/sec
Requests/sec: 2.18

### END-TO-END LATENCY (Queue Wait + Storage I/O + Generation) ###
  Mean: 203103.21 ms
  P50:  195173.18 ms
  P95:  442580.13 ms
  P99:  466959.55 ms

### PER-REQUEST STORAGE LATENCY (All I/O ops for one request) ###
  Mean: 29730.44 ms
  P50:  18200.76 ms
  P95:  96071.45 ms
  P99:  160307.49 ms
  (= 1 prefill write + N decode reads per request)

### STORAGE PERFORMANCE ###
  Cache Hit Rate: 86.5%
  Total Read: 1299.60GiB
  Total Write: 440.73GiB
  Read/Write Ratio: 2.95
  Storage KV Read Operations/sec: 9.38
  Storage KV Write Operations/sec: 2.23

### CACHE TIER DISTRIBUTION ###
  GPU Entries: 0 (0.00GiB)
  CPU Entries: 0 (0.00GiB)
  Storage Entries: 668

### TIER-SPECIFIC KV BYTES ###
  Storage KV Bytes Written: 440.73GiB
  Storage KV Bytes Read: 1299.60GiB

### STORAGE KV BANDWIDTH ###
  Storage KV Read Bandwidth: 4.30GiB/s
  Storage KV Write Bandwidth: 1.46GiB/s

### TIER-SPECIFIC LATENCIES (Total = Host + Device) ###
  Storage Read P95 (Total): 17767.82 ms
  Storage Write P95 (Total): 10533.01 ms

### STORAGE TIER LATENCY BREAKDOWN (Device = Disk I/O, Host = Serialization) ###
  Storage Read:
    - Device P95 (Disk I/O): 13090.89 ms
    - Host P95 (Serialization): 7435.17 ms
    - Total P95: 17767.82 ms
  Storage Write:
    - Device P95 (Disk I/O): 1621.12 ms
    - Host P95 (Serialization): 10301.04 ms
    - Total P95: 10533.01 ms

### CACHE TYPE BREAKDOWNS ###
  System Prompt Hits: 604
  Common Phrase Hits: 0
  User Cache Hits: 2192
  Multi-turn Hits: 18

### PREFIX CACHING ###
  Prefix Hits: 137
  Prefix Misses: 531
  System Prompt Reuse: 137
  Bytes Saved: 0.12GiB

### MULTI-TURN CONVERSATIONS ###
  Multi-turn Cache Hits: 18
  Multi-turn Cache Misses: 301
  Multi-turn Hit Rate: 5.6%

### QOS LATENCY METRICS (Informational - includes simulated generation) ###

  INTERACTIVE:
    Requests: 505
    Latency P95: 451429.22 ms
    Latency P99: 470576.61 ms
    SLA Met: [X] (compliance: 0.0%)

  RESPONSIVE:
    Requests: 73
    Latency P95: 231847.95 ms
    Latency P99: 324570.34 ms
    SLA Met: [X] (compliance: 0.0%)

  BATCH:
    Requests: 82
    Latency P95: 104567.20 ms
    Latency P99: 222849.65 ms
    SLA Met: [X] (compliance: 0.0%)

================================================================================
NOTES:
  - Pure storage I/O benchmark (no generation simulation)
================================================================================

Integrated Multi-User KV Cache Benchmark - MLPerf Edition
Model: Llama 3.1 8B
GPU Memory: 0 GB
Users: 200
Duration: 300s
Seed: 233
Generation Mode: none (0.0ms/token)
Features:
  - Phase-Aware Processing: Enabled
  - Multi-turn Conversations: Enabled
  - Prefix Caching: Enabled
  - RAG Workload: Disabled
  - Autoscaling: Disabled
  - QoS Support: Enabled (Interactive/Responsive/Batch)
  - Trace-Driven (BurstGPT): Disabled
  - ShareGPT Dataset: Disabled
  - Max Concurrent Allocations: 16 (bounds RAM usage)
================================================================================

User Context Length Distribution:
  Min: 559 tokens (69.88MiB)
  Max: 24937 tokens (3117.12MiB)
  Mean: 9824 tokens (1228.03MiB)

QoS Distribution:
  interactive: 26 users
  responsive: 64 users
  batch: 110 users

### MEMORY SAFETY CHECK ###
  Formula: peak = (workers x 2 x mean_entry_bytes) + baseline
         = (200 x 2 x 1000MiB) + 2.5GiB
         = 393.1GiB
  Available RAM: 991.0GiB
  Mean entry size: 1000MiB  (8000 tok x 131,072 B/tok)
  Peak per thread: 2000MiB  (np.load + np.array copy)
  Worker threads: 200
  Safe concurrent readers: ~506  = (available - baseline) / peak_per_thread
  Status: OK

Starting benchmark... Mode: standard (prefill+decode)
--------------------------------------------------------------------------------

================================================================================
BENCHMARK RESULTS - MLPerf KV Cache Storage Benchmark
Generation Mode: none (0.0ms/token)
================================================================================

IMPORTANT: All storage latencies below are measured per KV cache BLOCK,
not per token or per disk page.  Each block holds the full KV state for
one request (all layers, all heads, full sequence length).
  Model KV bytes/token: 131,072 bytes (128.0KiB)
  Entries in cache: 620
  Block size min:   22.1MiB
  Block size mean:  697.3MiB
  Block size P95:   2180.3MiB
  Block size max:   3055.9MiB
  A 200MiB block at 1GiB/s NVMe read = ~200 ms device latency.
  Compare latencies against block sizes, not against 4KiB page I/O.


### OVERALL PERFORMANCE ###
Requests Completed: 613
Total Tokens Generated: 99443
Throughput (wall-clock): 330.63 tokens/sec
Throughput (storage I/O): 3.98 tokens/sec
Requests/sec: 2.04

### END-TO-END LATENCY (Queue Wait + Storage I/O + Generation) ###
  Mean: 211866.19 ms
  P50:  185396.91 ms
  P95:  454439.39 ms
  P99:  472634.29 ms

### PER-REQUEST STORAGE LATENCY (All I/O ops for one request) ###
  Mean: 40737.11 ms
  P50:  26692.83 ms
  P95:  127029.67 ms
  P99:  197066.73 ms
  (= 1 prefill write + N decode reads per request)

### STORAGE PERFORMANCE ###
  Cache Hit Rate: 82.4%
  Total Read: 1690.30GiB
  Total Write: 422.21GiB
  Read/Write Ratio: 4.00
  Storage KV Read Operations/sec: 11.20
  Storage KV Write Operations/sec: 2.07

### CACHE TIER DISTRIBUTION ###
  GPU Entries: 0 (0.00GiB)
  CPU Entries: 0 (0.00GiB)
  Storage Entries: 620

### TIER-SPECIFIC KV BYTES ###
  Storage KV Bytes Written: 422.21GiB
  Storage KV Bytes Read: 1690.30GiB

### STORAGE KV BANDWIDTH ###
  Storage KV Read Bandwidth: 5.62GiB/s
  Storage KV Write Bandwidth: 1.40GiB/s

### TIER-SPECIFIC LATENCIES (Total = Host + Device) ###
  Storage Read P95 (Total): 21255.32 ms
  Storage Write P95 (Total): 12152.04 ms

### STORAGE TIER LATENCY BREAKDOWN (Device = Disk I/O, Host = Serialization) ###
  Storage Read:
    - Device P95 (Disk I/O): 16412.20 ms
    - Host P95 (Serialization): 9250.57 ms
    - Total P95: 21255.32 ms
  Storage Write:
    - Device P95 (Disk I/O): 1192.55 ms
    - Host P95 (Serialization): 11954.80 ms
    - Total P95: 12152.04 ms

### CACHE TYPE BREAKDOWNS ###
  System Prompt Hits: 670
  Common Phrase Hits: 0
  User Cache Hits: 2673
  Multi-turn Hits: 17

### PREFIX CACHING ###
  Prefix Hits: 127
  Prefix Misses: 493
  System Prompt Reuse: 127
  Bytes Saved: 0.10GiB

### MULTI-TURN CONVERSATIONS ###
  Multi-turn Cache Hits: 17
  Multi-turn Cache Misses: 592
  Multi-turn Hit Rate: 2.8%

### QOS LATENCY METRICS (Informational - includes simulated generation) ###

  INTERACTIVE:
    Requests: 461
    Latency P95: 455883.86 ms
    Latency P99: 474601.26 ms
    SLA Met: [X] (compliance: 0.0%)

  RESPONSIVE:
    Requests: 75
    Latency P95: 186009.20 ms
    Latency P99: 253841.28 ms
    SLA Met: [X] (compliance: 0.0%)

  BATCH:
    Requests: 77
    Latency P95: 146182.32 ms
    Latency P99: 201729.55 ms
    SLA Met: [X] (compliance: 0.0%)

================================================================================
NOTES:
  - Pure storage I/O benchmark (no generation simulation)
================================================================================

Integrated Multi-User KV Cache Benchmark - MLPerf Edition
Model: Llama 3.1 8B
GPU Memory: 0 GB
Users: 200
Duration: 300s
Seed: 224
Generation Mode: none (0.0ms/token)
Features:
  - Phase-Aware Processing: Enabled
  - Multi-turn Conversations: Enabled
  - Prefix Caching: Enabled
  - RAG Workload: Disabled
  - Autoscaling: Disabled
  - QoS Support: Enabled (Interactive/Responsive/Batch)
  - Trace-Driven (BurstGPT): Disabled
  - ShareGPT Dataset: Disabled
  - Max Concurrent Allocations: 16 (bounds RAM usage)
================================================================================

User Context Length Distribution:
  Min: 538 tokens (67.25MiB)
  Max: 24502 tokens (3062.75MiB)
  Mean: 8974 tokens (1121.76MiB)

QoS Distribution:
  interactive: 25 users
  responsive: 80 users
  batch: 95 users

### MEMORY SAFETY CHECK ###
  Formula: peak = (workers x 2 x mean_entry_bytes) + baseline
         = (200 x 2 x 1000MiB) + 2.5GiB
         = 393.1GiB
  Available RAM: 989.6GiB
  Mean entry size: 1000MiB  (8000 tok x 131,072 B/tok)
  Peak per thread: 2000MiB  (np.load + np.array copy)
  Worker threads: 200
  Safe concurrent readers: ~505  = (available - baseline) / peak_per_thread
  Status: OK

Starting benchmark... Mode: standard (prefill+decode)
--------------------------------------------------------------------------------

================================================================================
BENCHMARK RESULTS - MLPerf KV Cache Storage Benchmark
Generation Mode: none (0.0ms/token)
================================================================================

IMPORTANT: All storage latencies below are measured per KV cache BLOCK,
not per token or per disk page.  Each block holds the full KV state for
one request (all layers, all heads, full sequence length).
  Model KV bytes/token: 131,072 bytes (128.0KiB)
  Entries in cache: 616
  Block size min:   21.1MiB
  Block size mean:  544.3MiB
  Block size P95:   1498.3MiB
  Block size max:   2714.4MiB
  A 200MiB block at 1GiB/s NVMe read = ~200 ms device latency.
  Compare latencies against block sizes, not against 4KiB page I/O.


### OVERALL PERFORMANCE ###
Requests Completed: 604
Total Tokens Generated: 99527
Throughput (wall-clock): 328.62 tokens/sec
Throughput (storage I/O): 4.38 tokens/sec
Requests/sec: 1.99

### END-TO-END LATENCY (Queue Wait + Storage I/O + Generation) ###
  Mean: 215110.35 ms
  P50:  203837.63 ms
  P95:  432953.77 ms
  P99:  474799.12 ms

### PER-REQUEST STORAGE LATENCY (All I/O ops for one request) ###
  Mean: 37654.75 ms
  P50:  21500.94 ms
  P95:  120944.17 ms
  P99:  190375.97 ms
  (= 1 prefill write + N decode reads per request)

### STORAGE PERFORMANCE ###
  Cache Hit Rate: 84.7%
  Total Read: 1912.47GiB
  Total Write: 327.40GiB
  Read/Write Ratio: 5.84
  Storage KV Read Operations/sec: 11.70
  Storage KV Write Operations/sec: 2.05

### CACHE TIER DISTRIBUTION ###
  GPU Entries: 0 (0.00GiB)
  CPU Entries: 0 (0.00GiB)
  Storage Entries: 616

### TIER-SPECIFIC KV BYTES ###
  Storage KV Bytes Written: 327.40GiB
  Storage KV Bytes Read: 1912.47GiB

### STORAGE KV BANDWIDTH ###
  Storage KV Read Bandwidth: 6.31GiB/s
  Storage KV Write Bandwidth: 1.08GiB/s

### TIER-SPECIFIC LATENCIES (Total = Host + Device) ###
  Storage Read P95 (Total): 18329.05 ms
  Storage Write P95 (Total): 9359.38 ms

### STORAGE TIER LATENCY BREAKDOWN (Device = Disk I/O, Host = Serialization) ###
  Storage Read:
    - Device P95 (Disk I/O): 14827.97 ms
    - Host P95 (Serialization): 7040.78 ms
    - Total P95: 18329.05 ms
  Storage Write:
    - Device P95 (Disk I/O): 1517.54 ms
    - Host P95 (Serialization): 9063.48 ms
    - Total P95: 9359.38 ms

### CACHE TYPE BREAKDOWNS ###
  System Prompt Hits: 852
  Common Phrase Hits: 0
  User Cache Hits: 2601
  Multi-turn Hits: 56

### PREFIX CACHING ###
  Prefix Hits: 139
  Prefix Misses: 477
  System Prompt Reuse: 139
  Bytes Saved: 0.11GiB

### MULTI-TURN CONVERSATIONS ###
  Multi-turn Cache Hits: 56
  Multi-turn Cache Misses: 493
  Multi-turn Hit Rate: 10.2%

### QOS LATENCY METRICS (Informational - includes simulated generation) ###

  INTERACTIVE:
    Requests: 452
    Latency P95: 444371.90 ms
    Latency P99: 475308.09 ms
    SLA Met: [X] (compliance: 0.0%)

  RESPONSIVE:
    Requests: 89
    Latency P95: 218650.16 ms
    Latency P99: 386017.05 ms
    SLA Met: [X] (compliance: 0.0%)

  BATCH:
    Requests: 63
    Latency P95: 186216.44 ms
    Latency P99: 221959.68 ms
    SLA Met: [X] (compliance: 0.0%)

================================================================================
NOTES:
  - Pure storage I/O benchmark (no generation simulation)
================================================================================

Integrated Multi-User KV Cache Benchmark - MLPerf Edition
Model: Llama 3.1 8B
GPU Memory: 0 GB
Users: 200
Duration: 300s
Seed: 227
Generation Mode: none (0.0ms/token)
Features:
  - Phase-Aware Processing: Enabled
  - Multi-turn Conversations: Enabled
  - Prefix Caching: Enabled
  - RAG Workload: Disabled
  - Autoscaling: Disabled
  - QoS Support: Enabled (Interactive/Responsive/Batch)
  - Trace-Driven (BurstGPT): Disabled
  - ShareGPT Dataset: Disabled
  - Max Concurrent Allocations: 16 (bounds RAM usage)
================================================================================

User Context Length Distribution:
  Min: 515 tokens (64.38MiB)
  Max: 24755 tokens (3094.38MiB)
  Mean: 9532 tokens (1191.56MiB)

QoS Distribution:
  interactive: 21 users
  responsive: 79 users
  batch: 100 users

### MEMORY SAFETY CHECK ###
  Formula: peak = (workers x 2 x mean_entry_bytes) + baseline
         = (200 x 2 x 1000MiB) + 2.5GiB
         = 393.1GiB
  Available RAM: 991.1GiB
  Mean entry size: 1000MiB  (8000 tok x 131,072 B/tok)
  Peak per thread: 2000MiB  (np.load + np.array copy)
  Worker threads: 200
  Safe concurrent readers: ~506  = (available - baseline) / peak_per_thread
  Status: OK

Starting benchmark... Mode: standard (prefill+decode)
--------------------------------------------------------------------------------

================================================================================
BENCHMARK RESULTS - MLPerf KV Cache Storage Benchmark
Generation Mode: none (0.0ms/token)
================================================================================

IMPORTANT: All storage latencies below are measured per KV cache BLOCK,
not per token or per disk page.  Each block holds the full KV state for
one request (all layers, all heads, full sequence length).
  Model KV bytes/token: 131,072 bytes (128.0KiB)
  Entries in cache: 636
  Block size min:   22.1MiB
  Block size mean:  588.0MiB
  Block size P95:   1858.1MiB
  Block size max:   2724.4MiB
  A 200MiB block at 1GiB/s NVMe read = ~200 ms device latency.
  Compare latencies against block sizes, not against 4KiB page I/O.


### OVERALL PERFORMANCE ###
Requests Completed: 621
Total Tokens Generated: 96485
Throughput (wall-clock): 320.02 tokens/sec
Throughput (storage I/O): 5.00 tokens/sec
Requests/sec: 2.06

### END-TO-END LATENCY (Queue Wait + Storage I/O + Generation) ###
  Mean: 205710.88 ms
  P50:  202157.05 ms
  P95:  425088.74 ms
  P99:  472176.59 ms

### PER-REQUEST STORAGE LATENCY (All I/O ops for one request) ###
  Mean: 31092.97 ms
  P50:  17947.98 ms
  P95:  98065.08 ms
  P99:  153358.35 ms
  (= 1 prefill write + N decode reads per request)

### STORAGE PERFORMANCE ###
  Cache Hit Rate: 64.2%
  Total Read: 1976.05GiB
  Total Write: 365.21GiB
  Read/Write Ratio: 5.41
  Storage KV Read Operations/sec: 13.35
  Storage KV Write Operations/sec: 2.12

### CACHE TIER DISTRIBUTION ###
  GPU Entries: 0 (0.00GiB)
  CPU Entries: 0 (0.00GiB)
  Storage Entries: 636

### TIER-SPECIFIC KV BYTES ###
  Storage KV Bytes Written: 365.21GiB
  Storage KV Bytes Read: 1976.05GiB

### STORAGE KV BANDWIDTH ###
  Storage KV Read Bandwidth: 6.55GiB/s
  Storage KV Write Bandwidth: 1.21GiB/s

### TIER-SPECIFIC LATENCIES (Total = Host + Device) ###
  Storage Read P95 (Total): 14285.76 ms
  Storage Write P95 (Total): 8354.89 ms

### STORAGE TIER LATENCY BREAKDOWN (Device = Disk I/O, Host = Serialization) ###
  Storage Read:
    - Device P95 (Disk I/O): 11744.81 ms
    - Host P95 (Serialization): 4734.11 ms
    - Total P95: 14285.76 ms
  Storage Write:
    - Device P95 (Disk I/O): 1260.07 ms
    - Host P95 (Serialization): 8064.26 ms
    - Total P95: 8354.89 ms

### CACHE TYPE BREAKDOWNS ###
  System Prompt Hits: 652
  Common Phrase Hits: 0
  User Cache Hits: 2688
  Multi-turn Hits: 665

### PREFIX CACHING ###
  Prefix Hits: 111
  Prefix Misses: 526
  System Prompt Reuse: 111
  Bytes Saved: 0.09GiB

### MULTI-TURN CONVERSATIONS ###
  Multi-turn Cache Hits: 665
  Multi-turn Cache Misses: 2124
  Multi-turn Hit Rate: 23.8%

### QOS LATENCY METRICS (Informational - includes simulated generation) ###

  INTERACTIVE:
    Requests: 462
    Latency P95: 434243.01 ms
    Latency P99: 472672.75 ms
    SLA Met: [X] (compliance: 0.0%)

  RESPONSIVE:
    Requests: 83
    Latency P95: 182474.43 ms
    Latency P99: 227977.70 ms
    SLA Met: [X] (compliance: 0.0%)

  BATCH:
    Requests: 76
    Latency P95: 129308.65 ms
    Latency P99: 192299.65 ms
    SLA Met: [X] (compliance: 0.0%)

================================================================================
NOTES:
  - Pure storage I/O benchmark (no generation simulation)
================================================================================

Integrated Multi-User KV Cache Benchmark - MLPerf Edition
Model: Llama 3.1 8B
GPU Memory: 0 GB
Users: 200
Duration: 300s
Seed: 229
Generation Mode: none (0.0ms/token)
Features:
  - Phase-Aware Processing: Enabled
  - Multi-turn Conversations: Enabled
  - Prefix Caching: Enabled
  - RAG Workload: Disabled
  - Autoscaling: Disabled
  - QoS Support: Enabled (Interactive/Responsive/Batch)
  - Trace-Driven (BurstGPT): Disabled
  - ShareGPT Dataset: Disabled
  - Max Concurrent Allocations: 16 (bounds RAM usage)
================================================================================

User Context Length Distribution:
  Min: 583 tokens (72.88MiB)
  Max: 24688 tokens (3086.00MiB)
  Mean: 9008 tokens (1126.05MiB)

QoS Distribution:
  interactive: 33 users
  responsive: 75 users
  batch: 92 users

### MEMORY SAFETY CHECK ###
  Formula: peak = (workers x 2 x mean_entry_bytes) + baseline
         = (200 x 2 x 1000MiB) + 2.5GiB
         = 393.1GiB
  Available RAM: 991.1GiB
  Mean entry size: 1000MiB  (8000 tok x 131,072 B/tok)
  Peak per thread: 2000MiB  (np.load + np.array copy)
  Worker threads: 200
  Safe concurrent readers: ~506  = (available - baseline) / peak_per_thread
  Status: OK

Starting benchmark... Mode: standard (prefill+decode)
--------------------------------------------------------------------------------

================================================================================
BENCHMARK RESULTS - MLPerf KV Cache Storage Benchmark
Generation Mode: none (0.0ms/token)
================================================================================

IMPORTANT: All storage latencies below are measured per KV cache BLOCK,
not per token or per disk page.  Each block holds the full KV state for
one request (all layers, all heads, full sequence length).
  Model KV bytes/token: 131,072 bytes (128.0KiB)
  Entries in cache: 606
  Block size min:   24.8MiB
  Block size mean:  684.2MiB
  Block size P95:   2228.2MiB
  Block size max:   3076.6MiB
  A 200MiB block at 1GiB/s NVMe read = ~200 ms device latency.
  Compare latencies against block sizes, not against 4KiB page I/O.


### OVERALL PERFORMANCE ###
Requests Completed: 593
Total Tokens Generated: 92146
Throughput (wall-clock): 302.65 tokens/sec
Throughput (storage I/O): 4.44 tokens/sec
Requests/sec: 1.95

### END-TO-END LATENCY (Queue Wait + Storage I/O + Generation) ###
  Mean: 206817.55 ms
  P50:  184382.12 ms
  P95:  450035.17 ms
  P99:  479134.71 ms

### PER-REQUEST STORAGE LATENCY (All I/O ops for one request) ###
  Mean: 35027.71 ms
  P50:  19041.86 ms
  P95:  113209.47 ms
  P99:  190017.16 ms
  (= 1 prefill write + N decode reads per request)

### STORAGE PERFORMANCE ###
  Cache Hit Rate: 73.7%
  Total Read: 1771.34GiB
  Total Write: 404.89GiB
  Read/Write Ratio: 4.37
  Storage KV Read Operations/sec: 10.46
  Storage KV Write Operations/sec: 2.02

### CACHE TIER DISTRIBUTION ###
  GPU Entries: 0 (0.00GiB)
  CPU Entries: 0 (0.00GiB)
  Storage Entries: 606

### TIER-SPECIFIC KV BYTES ###
  Storage KV Bytes Written: 404.89GiB
  Storage KV Bytes Read: 1771.34GiB

### STORAGE KV BANDWIDTH ###
  Storage KV Read Bandwidth: 5.82GiB/s
  Storage KV Write Bandwidth: 1.33GiB/s

### TIER-SPECIFIC LATENCIES (Total = Host + Device) ###
  Storage Read P95 (Total): 19514.67 ms
  Storage Write P95 (Total): 11623.80 ms

### STORAGE TIER LATENCY BREAKDOWN (Device = Disk I/O, Host = Serialization) ###
  Storage Read:
    - Device P95 (Disk I/O): 14300.77 ms
    - Host P95 (Serialization): 7097.51 ms
    - Total P95: 19514.67 ms
  Storage Write:
    - Device P95 (Disk I/O): 1398.97 ms
    - Host P95 (Serialization): 11302.55 ms
    - Total P95: 11623.80 ms

### CACHE TYPE BREAKDOWNS ###
  System Prompt Hits: 590
  Common Phrase Hits: 0
  User Cache Hits: 2449
  Multi-turn Hits: 100

### PREFIX CACHING ###
  Prefix Hits: 118
  Prefix Misses: 488
  System Prompt Reuse: 118
  Bytes Saved: 0.09GiB

### MULTI-TURN CONVERSATIONS ###
  Multi-turn Cache Hits: 100
  Multi-turn Cache Misses: 1003
  Multi-turn Hit Rate: 9.1%

### QOS LATENCY METRICS (Informational - includes simulated generation) ###

  INTERACTIVE:
    Requests: 437
    Latency P95: 452176.29 ms
    Latency P99: 479308.18 ms
    SLA Met: [X] (compliance: 0.0%)

  RESPONSIVE:
    Requests: 108
    Latency P95: 208564.60 ms
    Latency P99: 449250.00 ms
    SLA Met: [X] (compliance: 0.0%)

  BATCH:
    Requests: 48
    Latency P95: 209251.31 ms
    Latency P99: 230394.89 ms
    SLA Met: [X] (compliance: 0.0%)

================================================================================
NOTES:
  - Pure storage I/O benchmark (no generation simulation)
================================================================================

Integrated Multi-User KV Cache Benchmark - MLPerf Edition
Model: Llama 3.1 8B
GPU Memory: 0 GB
Users: 200
Duration: 300s
Seed: 61
Generation Mode: none (0.0ms/token)
Features:
  - Phase-Aware Processing: Enabled
  - Multi-turn Conversations: Enabled
  - Prefix Caching: Enabled
  - RAG Workload: Disabled
  - Autoscaling: Disabled
  - QoS Support: Enabled (Interactive/Responsive/Batch)
  - Trace-Driven (BurstGPT): Disabled
  - ShareGPT Dataset: Disabled
  - Max Concurrent Allocations: 16 (bounds RAM usage)
================================================================================

User Context Length Distribution:
  Min: 541 tokens (67.62MiB)
  Max: 24932 tokens (3116.50MiB)
  Mean: 8771 tokens (1096.35MiB)

QoS Distribution:
  interactive: 27 users
  responsive: 75 users
  batch: 98 users

### MEMORY SAFETY CHECK ###
  Formula: peak = (workers x 2 x mean_entry_bytes) + baseline
         = (200 x 2 x 1000MiB) + 2.5GiB
         = 393.1GiB
  Available RAM: 988.7GiB
  Mean entry size: 1000MiB  (8000 tok x 131,072 B/tok)
  Peak per thread: 2000MiB  (np.load + np.array copy)
  Worker threads: 200
  Safe concurrent readers: ~504  = (available - baseline) / peak_per_thread
  Status: OK

Starting benchmark... Mode: standard (prefill+decode)
--------------------------------------------------------------------------------

================================================================================
BENCHMARK RESULTS - MLPerf KV Cache Storage Benchmark
Generation Mode: none (0.0ms/token)
================================================================================

IMPORTANT: All storage latencies below are measured per KV cache BLOCK,
not per token or per disk page.  Each block holds the full KV state for
one request (all layers, all heads, full sequence length).
  Model KV bytes/token: 131,072 bytes (128.0KiB)
  Entries in cache: 621
  Block size min:   19.2MiB
  Block size mean:  634.1MiB
  Block size P95:   2013.2MiB
  Block size max:   2781.0MiB
  A 200MiB block at 1GiB/s NVMe read = ~200 ms device latency.
  Compare latencies against block sizes, not against 4KiB page I/O.


### OVERALL PERFORMANCE ###
Requests Completed: 614
Total Tokens Generated: 97145
Throughput (wall-clock): 303.24 tokens/sec
Throughput (storage I/O): 4.85 tokens/sec
Requests/sec: 1.92

### END-TO-END LATENCY (Queue Wait + Storage I/O + Generation) ###
  Mean: 214402.63 ms
  P50:  198506.74 ms
  P95:  459491.40 ms
  P99:  476912.50 ms

### PER-REQUEST STORAGE LATENCY (All I/O ops for one request) ###
  Mean: 32611.25 ms
  P50:  18627.45 ms
  P95:  110989.40 ms
  P99:  182514.34 ms
  (= 1 prefill write + N decode reads per request)

### STORAGE PERFORMANCE ###
  Cache Hit Rate: 87.7%
  Total Read: 1526.69GiB
  Total Write: 384.57GiB
  Read/Write Ratio: 3.97
  Storage KV Read Operations/sec: 10.55
  Storage KV Write Operations/sec: 2.07

### CACHE TIER DISTRIBUTION ###
  GPU Entries: 0 (0.00GiB)
  CPU Entries: 0 (0.00GiB)
  Storage Entries: 621

### TIER-SPECIFIC KV BYTES ###
  Storage KV Bytes Written: 384.57GiB
  Storage KV Bytes Read: 1526.69GiB

### STORAGE KV BANDWIDTH ###
  Storage KV Read Bandwidth: 4.77GiB/s
  Storage KV Write Bandwidth: 1.20GiB/s

### TIER-SPECIFIC LATENCIES (Total = Host + Device) ###
  Storage Read P95 (Total): 18739.33 ms
  Storage Write P95 (Total): 10866.58 ms

### STORAGE TIER LATENCY BREAKDOWN (Device = Disk I/O, Host = Serialization) ###
  Storage Read:
    - Device P95 (Disk I/O): 16088.35 ms
    - Host P95 (Serialization): 6571.12 ms
    - Total P95: 18739.33 ms
  Storage Write:
    - Device P95 (Disk I/O): 1865.56 ms
    - Host P95 (Serialization): 10421.16 ms
    - Total P95: 10866.58 ms

### CACHE TYPE BREAKDOWNS ###
  System Prompt Hits: 609
  Common Phrase Hits: 0
  User Cache Hits: 2531
  Multi-turn Hits: 26

### PREFIX CACHING ###
  Prefix Hits: 126
  Prefix Misses: 495
  System Prompt Reuse: 126
  Bytes Saved: 0.10GiB

### MULTI-TURN CONVERSATIONS ###
  Multi-turn Cache Hits: 26
  Multi-turn Cache Misses: 319
  Multi-turn Hit Rate: 7.5%

### QOS LATENCY METRICS (Informational - includes simulated generation) ###

  INTERACTIVE:
    Requests: 467
    Latency P95: 462247.02 ms
    Latency P99: 478154.86 ms
    SLA Met: [X] (compliance: 0.0%)

  RESPONSIVE:
    Requests: 77
    Latency P95: 130710.97 ms
    Latency P99: 181355.66 ms
    SLA Met: [X] (compliance: 0.0%)

  BATCH:
    Requests: 70
    Latency P95: 238283.58 ms
    Latency P99: 356360.39 ms
    SLA Met: [X] (compliance: 0.0%)

================================================================================
NOTES:
  - Pure storage I/O benchmark (no generation simulation)
================================================================================

Integrated Multi-User KV Cache Benchmark - MLPerf Edition
Model: Llama 3.1 8B
GPU Memory: 0 GB
Users: 200
Duration: 300s
Seed: 111
Generation Mode: none (0.0ms/token)
Features:
  - Phase-Aware Processing: Enabled
  - Multi-turn Conversations: Enabled
  - Prefix Caching: Enabled
  - RAG Workload: Disabled
  - Autoscaling: Disabled
  - QoS Support: Enabled (Interactive/Responsive/Batch)
  - Trace-Driven (BurstGPT): Disabled
  - ShareGPT Dataset: Disabled
  - Max Concurrent Allocations: 16 (bounds RAM usage)
================================================================================

User Context Length Distribution:
  Min: 517 tokens (64.62MiB)
  Max: 24763 tokens (3095.38MiB)
  Mean: 9452 tokens (1181.55MiB)

QoS Distribution:
  interactive: 23 users
  responsive: 69 users
  batch: 108 users

### MEMORY SAFETY CHECK ###
  Formula: peak = (workers x 2 x mean_entry_bytes) + baseline
         = (200 x 2 x 1000MiB) + 2.5GiB
         = 393.1GiB
  Available RAM: 991.7GiB
  Mean entry size: 1000MiB  (8000 tok x 131,072 B/tok)
  Peak per thread: 2000MiB  (np.load + np.array copy)
  Worker threads: 200
  Safe concurrent readers: ~506  = (available - baseline) / peak_per_thread
  Status: OK

Starting benchmark... Mode: standard (prefill+decode)
--------------------------------------------------------------------------------

================================================================================
BENCHMARK RESULTS - MLPerf KV Cache Storage Benchmark
Generation Mode: none (0.0ms/token)
================================================================================

IMPORTANT: All storage latencies below are measured per KV cache BLOCK,
not per token or per disk page.  Each block holds the full KV state for
one request (all layers, all heads, full sequence length).
  Model KV bytes/token: 131,072 bytes (128.0KiB)
  Entries in cache: 619
  Block size min:   21.8MiB
  Block size mean:  647.8MiB
  Block size P95:   2095.5MiB
  Block size max:   3012.8MiB
  A 200MiB block at 1GiB/s NVMe read = ~200 ms device latency.
  Compare latencies against block sizes, not against 4KiB page I/O.


### OVERALL PERFORMANCE ###
Requests Completed: 604
Total Tokens Generated: 87508
Throughput (wall-clock): 290.97 tokens/sec
Throughput (storage I/O): 4.15 tokens/sec
Requests/sec: 2.01

### END-TO-END LATENCY (Queue Wait + Storage I/O + Generation) ###
  Mean: 198302.63 ms
  P50:  169994.49 ms
  P95:  428629.92 ms
  P99:  474505.32 ms

### PER-REQUEST STORAGE LATENCY (All I/O ops for one request) ###
  Mean: 34947.01 ms
  P50:  17682.17 ms
  P95:  120860.88 ms
  P99:  183193.03 ms
  (= 1 prefill write + N decode reads per request)

### STORAGE PERFORMANCE ###
  Cache Hit Rate: 60.4%
  Total Read: 1819.25GiB
  Total Write: 391.57GiB
  Read/Write Ratio: 4.65
  Storage KV Read Operations/sec: 12.21
  Storage KV Write Operations/sec: 2.06

### CACHE TIER DISTRIBUTION ###
  GPU Entries: 0 (0.00GiB)
  CPU Entries: 0 (0.00GiB)
  Storage Entries: 619

### TIER-SPECIFIC KV BYTES ###
  Storage KV Bytes Written: 391.57GiB
  Storage KV Bytes Read: 1819.25GiB

### STORAGE KV BANDWIDTH ###
  Storage KV Read Bandwidth: 6.05GiB/s
  Storage KV Write Bandwidth: 1.30GiB/s

### TIER-SPECIFIC LATENCIES (Total = Host + Device) ###
  Storage Read P95 (Total): 18238.88 ms
  Storage Write P95 (Total): 9472.44 ms

### STORAGE TIER LATENCY BREAKDOWN (Device = Disk I/O, Host = Serialization) ###
  Storage Read:
    - Device P95 (Disk I/O): 16250.22 ms
    - Host P95 (Serialization): 4718.44 ms
    - Total P95: 18238.88 ms
  Storage Write:
    - Device P95 (Disk I/O): 1558.01 ms
    - Host P95 (Serialization): 9090.46 ms
    - Total P95: 9472.44 ms

### CACHE TYPE BREAKDOWNS ###
  System Prompt Hits: 610
  Common Phrase Hits: 0
  User Cache Hits: 2286
  Multi-turn Hits: 766

### PREFIX CACHING ###
  Prefix Hits: 121
  Prefix Misses: 503
  System Prompt Reuse: 121
  Bytes Saved: 0.10GiB

### MULTI-TURN CONVERSATIONS ###
  Multi-turn Cache Hits: 763
  Multi-turn Cache Misses: 2278
  Multi-turn Hit Rate: 25.1%

### QOS LATENCY METRICS (Informational - includes simulated generation) ###

  INTERACTIVE:
    Requests: 445
    Latency P95: 435274.43 ms
    Latency P99: 476247.85 ms
    SLA Met: [X] (compliance: 0.0%)

  RESPONSIVE:
    Requests: 75
    Latency P95: 133854.98 ms
    Latency P99: 236124.90 ms
    SLA Met: [X] (compliance: 0.0%)

  BATCH:
    Requests: 84
    Latency P95: 185237.99 ms
    Latency P99: 205840.57 ms
    SLA Met: [X] (compliance: 0.0%)

================================================================================
NOTES:
  - Pure storage I/O benchmark (no generation simulation)
================================================================================

Integrated Multi-User KV Cache Benchmark - MLPerf Edition
Model: Llama 3.1 8B
GPU Memory: 0 GB
Users: 200
Duration: 300s
Seed: 205
Generation Mode: none (0.0ms/token)
Features:
  - Phase-Aware Processing: Enabled
  - Multi-turn Conversations: Enabled
  - Prefix Caching: Enabled
  - RAG Workload: Disabled
  - Autoscaling: Disabled
  - QoS Support: Enabled (Interactive/Responsive/Batch)
  - Trace-Driven (BurstGPT): Disabled
  - ShareGPT Dataset: Disabled
  - Max Concurrent Allocations: 16 (bounds RAM usage)
================================================================================

User Context Length Distribution:
  Min: 533 tokens (66.62MiB)
  Max: 24815 tokens (3101.88MiB)
  Mean: 9318 tokens (1164.80MiB)

QoS Distribution:
  interactive: 40 users
  responsive: 69 users
  batch: 91 users

### MEMORY SAFETY CHECK ###
  Formula: peak = (workers x 2 x mean_entry_bytes) + baseline
         = (200 x 2 x 1000MiB) + 2.5GiB
         = 393.1GiB
  Available RAM: 989.6GiB
  Mean entry size: 1000MiB  (8000 tok x 131,072 B/tok)
  Peak per thread: 2000MiB  (np.load + np.array copy)
  Worker threads: 200
  Safe concurrent readers: ~505  = (available - baseline) / peak_per_thread
  Status: OK

Starting benchmark... Mode: standard (prefill+decode)
--------------------------------------------------------------------------------

================================================================================
BENCHMARK RESULTS - MLPerf KV Cache Storage Benchmark
Generation Mode: none (0.0ms/token)
================================================================================

IMPORTANT: All storage latencies below are measured per KV cache BLOCK,
not per token or per disk page.  Each block holds the full KV state for
one request (all layers, all heads, full sequence length).
  Model KV bytes/token: 131,072 bytes (128.0KiB)
  Entries in cache: 608
  Block size min:   19.8MiB
  Block size mean:  717.5MiB
  Block size P95:   1911.8MiB
  Block size max:   2840.2MiB
  A 200MiB block at 1GiB/s NVMe read = ~200 ms device latency.
  Compare latencies against block sizes, not against 4KiB page I/O.


### OVERALL PERFORMANCE ###
Requests Completed: 594
Total Tokens Generated: 108856
Throughput (wall-clock): 362.59 tokens/sec
Throughput (storage I/O): 4.80 tokens/sec
Requests/sec: 1.98

### END-TO-END LATENCY (Queue Wait + Storage I/O + Generation) ###
  Mean: 214278.30 ms
  P50:  201562.79 ms
  P95:  441474.66 ms
  P99:  477617.72 ms

### PER-REQUEST STORAGE LATENCY (All I/O ops for one request) ###
  Mean: 38143.30 ms
  P50:  22427.54 ms
  P95:  120952.54 ms
  P99:  194244.82 ms
  (= 1 prefill write + N decode reads per request)

### STORAGE PERFORMANCE ###
  Cache Hit Rate: 72.7%
  Total Read: 2137.45GiB
  Total Write: 426.01GiB
  Read/Write Ratio: 5.02
  Storage KV Read Operations/sec: 12.60
  Storage KV Write Operations/sec: 2.03

### CACHE TIER DISTRIBUTION ###
  GPU Entries: 0 (0.00GiB)
  CPU Entries: 0 (0.00GiB)
  Storage Entries: 608

### TIER-SPECIFIC KV BYTES ###
  Storage KV Bytes Written: 426.01GiB
  Storage KV Bytes Read: 2137.45GiB

### STORAGE KV BANDWIDTH ###
  Storage KV Read Bandwidth: 7.12GiB/s
  Storage KV Write Bandwidth: 1.42GiB/s

### TIER-SPECIFIC LATENCIES (Total = Host + Device) ###
  Storage Read P95 (Total): 16525.68 ms
  Storage Write P95 (Total): 8642.72 ms

### STORAGE TIER LATENCY BREAKDOWN (Device = Disk I/O, Host = Serialization) ###
  Storage Read:
    - Device P95 (Disk I/O): 14506.57 ms
    - Host P95 (Serialization): 5655.76 ms
    - Total P95: 16525.68 ms
  Storage Write:
    - Device P95 (Disk I/O): 1082.43 ms
    - Host P95 (Serialization): 8599.49 ms
    - Total P95: 8642.72 ms

### CACHE TYPE BREAKDOWNS ###
  System Prompt Hits: 764
  Common Phrase Hits: 0
  User Cache Hits: 2673
  Multi-turn Hits: 342

### PREFIX CACHING ###
  Prefix Hits: 126
  Prefix Misses: 483
  System Prompt Reuse: 126
  Bytes Saved: 0.10GiB

### MULTI-TURN CONVERSATIONS ###
  Multi-turn Cache Hits: 341
  Multi-turn Cache Misses: 1293
  Multi-turn Hit Rate: 20.9%

### QOS LATENCY METRICS (Informational - includes simulated generation) ###

  INTERACTIVE:
    Requests: 430
    Latency P95: 457104.35 ms
    Latency P99: 481287.21 ms
    SLA Met: [X] (compliance: 0.0%)

  RESPONSIVE:
    Requests: 73
    Latency P95: 171155.48 ms
    Latency P99: 216515.87 ms
    SLA Met: [X] (compliance: 0.0%)

  BATCH:
    Requests: 91
    Latency P95: 189894.79 ms
    Latency P99: 293862.86 ms
    SLA Met: [X] (compliance: 0.0%)

================================================================================
NOTES:
  - Pure storage I/O benchmark (no generation simulation)
================================================================================

Integrated Multi-User KV Cache Benchmark - MLPerf Edition
Model: Llama 3.1 8B
GPU Memory: 0 GB
Users: 200
Duration: 300s
Seed: 228
Generation Mode: none (0.0ms/token)
Features:
  - Phase-Aware Processing: Enabled
  - Multi-turn Conversations: Enabled
  - Prefix Caching: Enabled
  - RAG Workload: Disabled
  - Autoscaling: Disabled
  - QoS Support: Enabled (Interactive/Responsive/Batch)
  - Trace-Driven (BurstGPT): Disabled
  - ShareGPT Dataset: Disabled
  - Max Concurrent Allocations: 16 (bounds RAM usage)
================================================================================

User Context Length Distribution:
  Min: 685 tokens (85.62MiB)
  Max: 24710 tokens (3088.75MiB)
  Mean: 9925 tokens (1240.62MiB)

QoS Distribution:
  interactive: 25 users
  responsive: 78 users
  batch: 97 users

### MEMORY SAFETY CHECK ###
  Formula: peak = (workers x 2 x mean_entry_bytes) + baseline
         = (200 x 2 x 1000MiB) + 2.5GiB
         = 393.1GiB
  Available RAM: 991.1GiB
  Mean entry size: 1000MiB  (8000 tok x 131,072 B/tok)
  Peak per thread: 2000MiB  (np.load + np.array copy)
  Worker threads: 200
  Safe concurrent readers: ~506  = (available - baseline) / peak_per_thread
  Status: OK

Starting benchmark... Mode: standard (prefill+decode)
--------------------------------------------------------------------------------

================================================================================
BENCHMARK RESULTS - MLPerf KV Cache Storage Benchmark
Generation Mode: none (0.0ms/token)
================================================================================

IMPORTANT: All storage latencies below are measured per KV cache BLOCK,
not per token or per disk page.  Each block holds the full KV state for
one request (all layers, all heads, full sequence length).
  Model KV bytes/token: 131,072 bytes (128.0KiB)
  Entries in cache: 630
  Block size min:   34.1MiB
  Block size mean:  688.1MiB
  Block size P95:   1724.3MiB
  Block size max:   2674.2MiB
  A 200MiB block at 1GiB/s NVMe read = ~200 ms device latency.
  Compare latencies against block sizes, not against 4KiB page I/O.


### OVERALL PERFORMANCE ###
Requests Completed: 625
Total Tokens Generated: 99938
Throughput (wall-clock): 332.77 tokens/sec
Throughput (storage I/O): 4.68 tokens/sec
Requests/sec: 2.08

### END-TO-END LATENCY (Queue Wait + Storage I/O + Generation) ###
  Mean: 214584.29 ms
  P50:  197203.15 ms
  P95:  460404.89 ms
  P99:  476901.96 ms

### PER-REQUEST STORAGE LATENCY (All I/O ops for one request) ###
  Mean: 34134.66 ms
  P50:  20752.94 ms
  P95:  112404.38 ms
  P99:  197700.02 ms
  (= 1 prefill write + N decode reads per request)

### STORAGE PERFORMANCE ###
  Cache Hit Rate: 87.3%
  Total Read: 1799.64GiB
  Total Write: 423.33GiB
  Read/Write Ratio: 4.25
  Storage KV Read Operations/sec: 10.59
  Storage KV Write Operations/sec: 2.10

### CACHE TIER DISTRIBUTION ###
  GPU Entries: 0 (0.00GiB)
  CPU Entries: 0 (0.00GiB)
  Storage Entries: 630

### TIER-SPECIFIC KV BYTES ###
  Storage KV Bytes Written: 423.33GiB
  Storage KV Bytes Read: 1799.64GiB

### STORAGE KV BANDWIDTH ###
  Storage KV Read Bandwidth: 5.99GiB/s
  Storage KV Write Bandwidth: 1.41GiB/s

### TIER-SPECIFIC LATENCIES (Total = Host + Device) ###
  Storage Read P95 (Total): 16432.52 ms
  Storage Write P95 (Total): 10944.91 ms

### STORAGE TIER LATENCY BREAKDOWN (Device = Disk I/O, Host = Serialization) ###
  Storage Read:
    - Device P95 (Disk I/O): 13348.62 ms
    - Host P95 (Serialization): 7019.12 ms
    - Total P95: 16432.52 ms
  Storage Write:
    - Device P95 (Disk I/O): 1379.40 ms
    - Host P95 (Serialization): 10761.89 ms
    - Total P95: 10944.91 ms

### CACHE TYPE BREAKDOWNS ###
  System Prompt Hits: 619
  Common Phrase Hits: 0
  User Cache Hits: 2521
  Multi-turn Hits: 38

### PREFIX CACHING ###
  Prefix Hits: 121
  Prefix Misses: 509
  System Prompt Reuse: 121
  Bytes Saved: 0.10GiB

### MULTI-TURN CONVERSATIONS ###
  Multi-turn Cache Hits: 38
  Multi-turn Cache Misses: 340
  Multi-turn Hit Rate: 10.1%

### QOS LATENCY METRICS (Informational - includes simulated generation) ###

  INTERACTIVE:
    Requests: 465
    Latency P95: 462372.23 ms
    Latency P99: 477777.35 ms
    SLA Met: [X] (compliance: 0.0%)

  RESPONSIVE:
    Requests: 79
    Latency P95: 208946.83 ms
    Latency P99: 258520.55 ms
    SLA Met: [X] (compliance: 0.0%)

  BATCH:
    Requests: 81
    Latency P95: 197203.15 ms
    Latency P99: 300589.49 ms
    SLA Met: [X] (compliance: 0.0%)

================================================================================
NOTES:
  - Pure storage I/O benchmark (no generation simulation)
================================================================================

Integrated Multi-User KV Cache Benchmark - MLPerf Edition
Model: Llama 3.1 8B
GPU Memory: 0 GB
Users: 200
Duration: 300s
Seed: 171
Generation Mode: none (0.0ms/token)
Features:
  - Phase-Aware Processing: Enabled
  - Multi-turn Conversations: Enabled
  - Prefix Caching: Enabled
  - RAG Workload: Disabled
  - Autoscaling: Disabled
  - QoS Support: Enabled (Interactive/Responsive/Batch)
  - Trace-Driven (BurstGPT): Disabled
  - ShareGPT Dataset: Disabled
  - Max Concurrent Allocations: 16 (bounds RAM usage)
================================================================================

User Context Length Distribution:
  Min: 555 tokens (69.38MiB)
  Max: 24995 tokens (3124.38MiB)
  Mean: 8686 tokens (1085.72MiB)

QoS Distribution:
  interactive: 31 users
  responsive: 72 users
  batch: 97 users

### MEMORY SAFETY CHECK ###
  Formula: peak = (workers x 2 x mean_entry_bytes) + baseline
         = (200 x 2 x 1000MiB) + 2.5GiB
         = 393.1GiB
  Available RAM: 989.5GiB
  Mean entry size: 1000MiB  (8000 tok x 131,072 B/tok)
  Peak per thread: 2000MiB  (np.load + np.array copy)
  Worker threads: 200
  Safe concurrent readers: ~505  = (available - baseline) / peak_per_thread
  Status: OK

Starting benchmark... Mode: standard (prefill+decode)
--------------------------------------------------------------------------------

================================================================================
BENCHMARK RESULTS - MLPerf KV Cache Storage Benchmark
Generation Mode: none (0.0ms/token)
================================================================================

IMPORTANT: All storage latencies below are measured per KV cache BLOCK,
not per token or per disk page.  Each block holds the full KV state for
one request (all layers, all heads, full sequence length).
  Model KV bytes/token: 131,072 bytes (128.0KiB)
  Entries in cache: 547
  Block size min:   30.1MiB
  Block size mean:  775.3MiB
  Block size P95:   1986.0MiB
  Block size max:   3023.1MiB
  A 200MiB block at 1GiB/s NVMe read = ~200 ms device latency.
  Compare latencies against block sizes, not against 4KiB page I/O.


### OVERALL PERFORMANCE ###
Requests Completed: 535
Total Tokens Generated: 106430
Throughput (wall-clock): 353.14 tokens/sec
Throughput (storage I/O): 4.74 tokens/sec
Requests/sec: 1.78

### END-TO-END LATENCY (Queue Wait + Storage I/O + Generation) ###
  Mean: 222932.42 ms
  P50:  203714.61 ms
  P95:  448855.74 ms
  P99:  478456.50 ms

### PER-REQUEST STORAGE LATENCY (All I/O ops for one request) ###
  Mean: 41948.64 ms
  P50:  23358.55 ms
  P95:  134712.08 ms
  P99:  229659.53 ms
  (= 1 prefill write + N decode reads per request)

### STORAGE PERFORMANCE ###
  Cache Hit Rate: 84.5%
  Total Read: 2053.16GiB
  Total Write: 414.18GiB
  Read/Write Ratio: 4.96
  Storage KV Read Operations/sec: 11.35
  Storage KV Write Operations/sec: 1.82

### CACHE TIER DISTRIBUTION ###
  GPU Entries: 0 (0.00GiB)
  CPU Entries: 0 (0.00GiB)
  Storage Entries: 547

### TIER-SPECIFIC KV BYTES ###
  Storage KV Bytes Written: 414.18GiB
  Storage KV Bytes Read: 2053.16GiB

### STORAGE KV BANDWIDTH ###
  Storage KV Read Bandwidth: 6.81GiB/s
  Storage KV Write Bandwidth: 1.37GiB/s

### TIER-SPECIFIC LATENCIES (Total = Host + Device) ###
  Storage Read P95 (Total): 18497.93 ms
  Storage Write P95 (Total): 10210.88 ms

### STORAGE TIER LATENCY BREAKDOWN (Device = Disk I/O, Host = Serialization) ###
  Storage Read:
    - Device P95 (Disk I/O): 15165.95 ms
    - Host P95 (Serialization): 6552.57 ms
    - Total P95: 18497.93 ms
  Storage Write:
    - Device P95 (Disk I/O): 1504.67 ms
    - Host P95 (Serialization): 10080.10 ms
    - Total P95: 10210.88 ms

### CACHE TYPE BREAKDOWNS ###
  System Prompt Hits: 586
  Common Phrase Hits: 0
  User Cache Hits: 2798
  Multi-turn Hits: 21

### PREFIX CACHING ###
  Prefix Hits: 110
  Prefix Misses: 437
  System Prompt Reuse: 110
  Bytes Saved: 0.09GiB

### MULTI-TURN CONVERSATIONS ###
  Multi-turn Cache Hits: 21
  Multi-turn Cache Misses: 516
  Multi-turn Hit Rate: 3.9%

### QOS LATENCY METRICS (Informational - includes simulated generation) ###

  INTERACTIVE:
    Requests: 370
    Latency P95: 462231.47 ms
    Latency P99: 479298.49 ms
    SLA Met: [X] (compliance: 0.0%)

  RESPONSIVE:
    Requests: 102
    Latency P95: 227864.58 ms
    Latency P99: 277738.38 ms
    SLA Met: [X] (compliance: 0.0%)

  BATCH:
    Requests: 63
    Latency P95: 185408.92 ms
    Latency P99: 306475.47 ms
    SLA Met: [X] (compliance: 0.0%)

================================================================================
NOTES:
  - Pure storage I/O benchmark (no generation simulation)
================================================================================

Integrated Multi-User KV Cache Benchmark - MLPerf Edition
Model: Llama 3.1 8B
GPU Memory: 0 GB
Users: 200
Duration: 300s
Seed: 222
Generation Mode: none (0.0ms/token)
Features:
  - Phase-Aware Processing: Enabled
  - Multi-turn Conversations: Enabled
  - Prefix Caching: Enabled
  - RAG Workload: Disabled
  - Autoscaling: Disabled
  - QoS Support: Enabled (Interactive/Responsive/Batch)
  - Trace-Driven (BurstGPT): Disabled
  - ShareGPT Dataset: Disabled
  - Max Concurrent Allocations: 16 (bounds RAM usage)
================================================================================

User Context Length Distribution:
  Min: 626 tokens (78.25MiB)
  Max: 24521 tokens (3065.12MiB)
  Mean: 9582 tokens (1197.75MiB)

QoS Distribution:
  interactive: 24 users
  responsive: 72 users
  batch: 104 users

### MEMORY SAFETY CHECK ###
  Formula: peak = (workers x 2 x mean_entry_bytes) + baseline
         = (200 x 2 x 1000MiB) + 2.5GiB
         = 393.1GiB
  Available RAM: 990.3GiB
  Mean entry size: 1000MiB  (8000 tok x 131,072 B/tok)
  Peak per thread: 2000MiB  (np.load + np.array copy)
  Worker threads: 200
  Safe concurrent readers: ~505  = (available - baseline) / peak_per_thread
  Status: OK

Starting benchmark... Mode: standard (prefill+decode)
--------------------------------------------------------------------------------

================================================================================
BENCHMARK RESULTS - MLPerf KV Cache Storage Benchmark
Generation Mode: none (0.0ms/token)
================================================================================

IMPORTANT: All storage latencies below are measured per KV cache BLOCK,
not per token or per disk page.  Each block holds the full KV state for
one request (all layers, all heads, full sequence length).
  Model KV bytes/token: 131,072 bytes (128.0KiB)
  Entries in cache: 592
  Block size min:   20.2MiB
  Block size mean:  653.5MiB
  Block size P95:   1790.5MiB
  Block size max:   2719.6MiB
  A 200MiB block at 1GiB/s NVMe read = ~200 ms device latency.
  Compare latencies against block sizes, not against 4KiB page I/O.


### OVERALL PERFORMANCE ###
Requests Completed: 587
Total Tokens Generated: 94028
Throughput (wall-clock): 313.33 tokens/sec
Throughput (storage I/O): 4.22 tokens/sec
Requests/sec: 1.96

### END-TO-END LATENCY (Queue Wait + Storage I/O + Generation) ###
  Mean: 223352.96 ms
  P50:  198321.74 ms
  P95:  455237.69 ms
  P99:  473067.52 ms

### PER-REQUEST STORAGE LATENCY (All I/O ops for one request) ###
  Mean: 37944.74 ms
  P50:  24709.39 ms
  P95:  119186.38 ms
  P99:  185476.26 ms
  (= 1 prefill write + N decode reads per request)

### STORAGE PERFORMANCE ###
  Cache Hit Rate: 88.3%
  Total Read: 1705.15GiB
  Total Write: 377.82GiB
  Read/Write Ratio: 4.51
  Storage KV Read Operations/sec: 10.54
  Storage KV Write Operations/sec: 1.97

### CACHE TIER DISTRIBUTION ###
  GPU Entries: 0 (0.00GiB)
  CPU Entries: 0 (0.00GiB)
  Storage Entries: 592

### TIER-SPECIFIC KV BYTES ###
  Storage KV Bytes Written: 377.82GiB
  Storage KV Bytes Read: 1705.15GiB

### STORAGE KV BANDWIDTH ###
  Storage KV Read Bandwidth: 5.68GiB/s
  Storage KV Write Bandwidth: 1.26GiB/s

### TIER-SPECIFIC LATENCIES (Total = Host + Device) ###
  Storage Read P95 (Total): 21835.00 ms
  Storage Write P95 (Total): 11290.75 ms

### STORAGE TIER LATENCY BREAKDOWN (Device = Disk I/O, Host = Serialization) ###
  Storage Read:
    - Device P95 (Disk I/O): 15191.12 ms
    - Host P95 (Serialization): 7206.09 ms
    - Total P95: 21835.00 ms
  Storage Write:
    - Device P95 (Disk I/O): 1698.36 ms
    - Host P95 (Serialization): 10847.68 ms
    - Total P95: 11290.75 ms

### CACHE TYPE BREAKDOWNS ###
  System Prompt Hits: 679
  Common Phrase Hits: 0
  User Cache Hits: 2461
  Multi-turn Hits: 22

### PREFIX CACHING ###
  Prefix Hits: 124
  Prefix Misses: 468
  System Prompt Reuse: 124
  Bytes Saved: 0.10GiB

### MULTI-TURN CONVERSATIONS ###
  Multi-turn Cache Hits: 22
  Multi-turn Cache Misses: 296
  Multi-turn Hit Rate: 6.9%

### QOS LATENCY METRICS (Informational - includes simulated generation) ###

  INTERACTIVE:
    Requests: 423
    Latency P95: 456867.18 ms
    Latency P99: 473539.42 ms
    SLA Met: [X] (compliance: 0.0%)

  RESPONSIVE:
    Requests: 64
    Latency P95: 174184.91 ms
    Latency P99: 193811.32 ms
    SLA Met: [X] (compliance: 0.0%)

  BATCH:
    Requests: 100
    Latency P95: 243496.05 ms
    Latency P99: 299641.21 ms
    SLA Met: [X] (compliance: 0.0%)

================================================================================
NOTES:
  - Pure storage I/O benchmark (no generation simulation)
================================================================================

Integrated Multi-User KV Cache Benchmark - MLPerf Edition
Model: Llama 3.1 8B
GPU Memory: 0 GB
Users: 200
Duration: 300s
Seed: 97
Generation Mode: none (0.0ms/token)
Features:
  - Phase-Aware Processing: Enabled
  - Multi-turn Conversations: Enabled
  - Prefix Caching: Enabled
  - RAG Workload: Disabled
  - Autoscaling: Disabled
  - QoS Support: Enabled (Interactive/Responsive/Batch)
  - Trace-Driven (BurstGPT): Disabled
  - ShareGPT Dataset: Disabled
  - Max Concurrent Allocations: 16 (bounds RAM usage)
================================================================================

User Context Length Distribution:
  Min: 520 tokens (65.00MiB)
  Max: 24728 tokens (3091.00MiB)
  Mean: 8666 tokens (1083.21MiB)

QoS Distribution:
  interactive: 26 users
  responsive: 73 users
  batch: 101 users

### MEMORY SAFETY CHECK ###
  Formula: peak = (workers x 2 x mean_entry_bytes) + baseline
         = (200 x 2 x 1000MiB) + 2.5GiB
         = 393.1GiB
  Available RAM: 988.8GiB
  Mean entry size: 1000MiB  (8000 tok x 131,072 B/tok)
  Peak per thread: 2000MiB  (np.load + np.array copy)
  Worker threads: 200
  Safe concurrent readers: ~504  = (available - baseline) / peak_per_thread
  Status: OK

Starting benchmark... Mode: standard (prefill+decode)
--------------------------------------------------------------------------------

================================================================================
BENCHMARK RESULTS - MLPerf KV Cache Storage Benchmark
Generation Mode: none (0.0ms/token)
================================================================================

IMPORTANT: All storage latencies below are measured per KV cache BLOCK,
not per token or per disk page.  Each block holds the full KV state for
one request (all layers, all heads, full sequence length).
  Model KV bytes/token: 131,072 bytes (128.0KiB)
  Entries in cache: 625
  Block size min:   20.0MiB
  Block size mean:  654.2MiB
  Block size P95:   1825.7MiB
  Block size max:   3002.2MiB
  A 200MiB block at 1GiB/s NVMe read = ~200 ms device latency.
  Compare latencies against block sizes, not against 4KiB page I/O.


### OVERALL PERFORMANCE ###
Requests Completed: 614
Total Tokens Generated: 105450
Throughput (wall-clock): 350.31 tokens/sec
Throughput (storage I/O): 4.78 tokens/sec
Requests/sec: 2.04

### END-TO-END LATENCY (Queue Wait + Storage I/O + Generation) ###
  Mean: 210701.66 ms
  P50:  189441.11 ms
  P95:  452122.65 ms
  P99:  476737.50 ms

### PER-REQUEST STORAGE LATENCY (All I/O ops for one request) ###
  Mean: 35956.97 ms
  P50:  20707.95 ms
  P95:  121938.50 ms
  P99:  167347.97 ms
  (= 1 prefill write + N decode reads per request)

### STORAGE PERFORMANCE ###
  Cache Hit Rate: 74.8%
  Total Read: 2094.19GiB
  Total Write: 399.30GiB
  Read/Write Ratio: 5.24
  Storage KV Read Operations/sec: 12.08
  Storage KV Write Operations/sec: 2.08

### CACHE TIER DISTRIBUTION ###
  GPU Entries: 0 (0.00GiB)
  CPU Entries: 0 (0.00GiB)
  Storage Entries: 625

### TIER-SPECIFIC KV BYTES ###
  Storage KV Bytes Written: 399.30GiB
  Storage KV Bytes Read: 2094.19GiB

### STORAGE KV BANDWIDTH ###
  Storage KV Read Bandwidth: 6.96GiB/s
  Storage KV Write Bandwidth: 1.33GiB/s

### TIER-SPECIFIC LATENCIES (Total = Host + Device) ###
  Storage Read P95 (Total): 17705.11 ms
  Storage Write P95 (Total): 9953.96 ms

### STORAGE TIER LATENCY BREAKDOWN (Device = Disk I/O, Host = Serialization) ###
  Storage Read:
    - Device P95 (Disk I/O): 14868.88 ms
    - Host P95 (Serialization): 5794.72 ms
    - Total P95: 17705.11 ms
  Storage Write:
    - Device P95 (Disk I/O): 961.98 ms
    - Host P95 (Serialization): 9746.15 ms
    - Total P95: 9953.96 ms

### CACHE TYPE BREAKDOWNS ###
  System Prompt Hits: 681
  Common Phrase Hits: 0
  User Cache Hits: 2745
  Multi-turn Hits: 198

### PREFIX CACHING ###
  Prefix Hits: 123
  Prefix Misses: 502
  System Prompt Reuse: 123
  Bytes Saved: 0.10GiB

### MULTI-TURN CONVERSATIONS ###
  Multi-turn Cache Hits: 198
  Multi-turn Cache Misses: 1095
  Multi-turn Hit Rate: 15.3%

### QOS LATENCY METRICS (Informational - includes simulated generation) ###

  INTERACTIVE:
    Requests: 457
    Latency P95: 455491.33 ms
    Latency P99: 478652.63 ms
    SLA Met: [X] (compliance: 0.0%)

  RESPONSIVE:
    Requests: 84
    Latency P95: 215477.10 ms
    Latency P99: 367356.75 ms
    SLA Met: [X] (compliance: 0.0%)

  BATCH:
    Requests: 73
    Latency P95: 150108.24 ms
    Latency P99: 178773.45 ms
    SLA Met: [X] (compliance: 0.0%)

================================================================================
NOTES:
  - Pure storage I/O benchmark (no generation simulation)
================================================================================

Integrated Multi-User KV Cache Benchmark - MLPerf Edition
Model: Llama 3.1 8B
GPU Memory: 0 GB
Users: 200
Duration: 300s
Seed: 215
Generation Mode: none (0.0ms/token)
Features:
  - Phase-Aware Processing: Enabled
  - Multi-turn Conversations: Enabled
  - Prefix Caching: Enabled
  - RAG Workload: Disabled
  - Autoscaling: Disabled
  - QoS Support: Enabled (Interactive/Responsive/Batch)
  - Trace-Driven (BurstGPT): Disabled
  - ShareGPT Dataset: Disabled
  - Max Concurrent Allocations: 16 (bounds RAM usage)
================================================================================

User Context Length Distribution:
  Min: 663 tokens (82.88MiB)
  Max: 24369 tokens (3046.12MiB)
  Mean: 8699 tokens (1087.38MiB)

QoS Distribution:
  interactive: 31 users
  responsive: 60 users
  batch: 109 users

### MEMORY SAFETY CHECK ###
  Formula: peak = (workers x 2 x mean_entry_bytes) + baseline
         = (200 x 2 x 1000MiB) + 2.5GiB
         = 393.1GiB
  Available RAM: 990.4GiB
  Mean entry size: 1000MiB  (8000 tok x 131,072 B/tok)
  Peak per thread: 2000MiB  (np.load + np.array copy)
  Worker threads: 200
  Safe concurrent readers: ~505  = (available - baseline) / peak_per_thread
  Status: OK

Starting benchmark... Mode: standard (prefill+decode)
--------------------------------------------------------------------------------

================================================================================
BENCHMARK RESULTS - MLPerf KV Cache Storage Benchmark
Generation Mode: none (0.0ms/token)
================================================================================

IMPORTANT: All storage latencies below are measured per KV cache BLOCK,
not per token or per disk page.  Each block holds the full KV state for
one request (all layers, all heads, full sequence length).
  Model KV bytes/token: 131,072 bytes (128.0KiB)
  Entries in cache: 595
  Block size min:   21.0MiB
  Block size mean:  702.7MiB
  Block size P95:   1962.1MiB
  Block size max:   2919.2MiB
  A 200MiB block at 1GiB/s NVMe read = ~200 ms device latency.
  Compare latencies against block sizes, not against 4KiB page I/O.


### OVERALL PERFORMANCE ###
Requests Completed: 585
Total Tokens Generated: 94023
Throughput (wall-clock): 307.93 tokens/sec
Throughput (storage I/O): 3.90 tokens/sec
Requests/sec: 1.92

### END-TO-END LATENCY (Queue Wait + Storage I/O + Generation) ###
  Mean: 209959.21 ms
  P50:  170488.54 ms
  P95:  455492.31 ms
  P99:  477756.74 ms

### PER-REQUEST STORAGE LATENCY (All I/O ops for one request) ###
  Mean: 41254.73 ms
  P50:  29206.32 ms
  P95:  123384.78 ms
  P99:  160334.67 ms
  (= 1 prefill write + N decode reads per request)

### STORAGE PERFORMANCE ###
  Cache Hit Rate: 66.9%
  Total Read: 2193.10GiB
  Total Write: 408.31GiB
  Read/Write Ratio: 5.37
  Storage KV Read Operations/sec: 13.13
  Storage KV Write Operations/sec: 1.98

### CACHE TIER DISTRIBUTION ###
  GPU Entries: 0 (0.00GiB)
  CPU Entries: 0 (0.00GiB)
  Storage Entries: 595

### TIER-SPECIFIC KV BYTES ###
  Storage KV Bytes Written: 408.31GiB
  Storage KV Bytes Read: 2193.10GiB

### STORAGE KV BANDWIDTH ###
  Storage KV Read Bandwidth: 7.18GiB/s
  Storage KV Write Bandwidth: 1.34GiB/s

### TIER-SPECIFIC LATENCIES (Total = Host + Device) ###
  Storage Read P95 (Total): 17976.15 ms
  Storage Write P95 (Total): 10700.38 ms

### STORAGE TIER LATENCY BREAKDOWN (Device = Disk I/O, Host = Serialization) ###
  Storage Read:
    - Device P95 (Disk I/O): 14515.59 ms
    - Host P95 (Serialization): 7463.43 ms
    - Total P95: 17976.15 ms
  Storage Write:
    - Device P95 (Disk I/O): 1226.43 ms
    - Host P95 (Serialization): 10597.07 ms
    - Total P95: 10700.38 ms

### CACHE TYPE BREAKDOWNS ###
  System Prompt Hits: 572
  Common Phrase Hits: 0
  User Cache Hits: 2376
  Multi-turn Hits: 990

### PREFIX CACHING ###
  Prefix Hits: 115
  Prefix Misses: 484
  System Prompt Reuse: 115
  Bytes Saved: 0.09GiB

### MULTI-TURN CONVERSATIONS ###
  Multi-turn Cache Hits: 986
  Multi-turn Cache Misses: 1832
  Multi-turn Hit Rate: 35.0%

### QOS LATENCY METRICS (Informational - includes simulated generation) ###

  INTERACTIVE:
    Requests: 423
    Latency P95: 458453.73 ms
    Latency P99: 478939.76 ms
    SLA Met: [X] (compliance: 0.0%)

  RESPONSIVE:
    Requests: 79
    Latency P95: 158498.11 ms
    Latency P99: 331010.53 ms
    SLA Met: [X] (compliance: 0.0%)

  BATCH:
    Requests: 83
    Latency P95: 144809.96 ms
    Latency P99: 174168.56 ms
    SLA Met: [X] (compliance: 0.0%)

================================================================================
NOTES:
  - Pure storage I/O benchmark (no generation simulation)
================================================================================

Integrated Multi-User KV Cache Benchmark - MLPerf Edition
Model: Llama 3.1 8B
GPU Memory: 0 GB
Users: 200
Duration: 300s
Seed: 241
Generation Mode: none (0.0ms/token)
Features:
  - Phase-Aware Processing: Enabled
  - Multi-turn Conversations: Enabled
  - Prefix Caching: Enabled
  - RAG Workload: Disabled
  - Autoscaling: Disabled
  - QoS Support: Enabled (Interactive/Responsive/Batch)
  - Trace-Driven (BurstGPT): Disabled
  - ShareGPT Dataset: Disabled
  - Max Concurrent Allocations: 16 (bounds RAM usage)
================================================================================

User Context Length Distribution:
  Min: 548 tokens (68.50MiB)
  Max: 24726 tokens (3090.75MiB)
  Mean: 9221 tokens (1152.62MiB)

QoS Distribution:
  interactive: 29 users
  responsive: 66 users
  batch: 105 users

### MEMORY SAFETY CHECK ###
  Formula: peak = (workers x 2 x mean_entry_bytes) + baseline
         = (200 x 2 x 1000MiB) + 2.5GiB
         = 393.1GiB
  Available RAM: 990.4GiB
  Mean entry size: 1000MiB  (8000 tok x 131,072 B/tok)
  Peak per thread: 2000MiB  (np.load + np.array copy)
  Worker threads: 200
  Safe concurrent readers: ~505  = (available - baseline) / peak_per_thread
  Status: OK

Starting benchmark... Mode: standard (prefill+decode)
--------------------------------------------------------------------------------

================================================================================
BENCHMARK RESULTS - MLPerf KV Cache Storage Benchmark
Generation Mode: none (0.0ms/token)
================================================================================

IMPORTANT: All storage latencies below are measured per KV cache BLOCK,
not per token or per disk page.  Each block holds the full KV state for
one request (all layers, all heads, full sequence length).
  Model KV bytes/token: 131,072 bytes (128.0KiB)
  Entries in cache: 577
  Block size min:   29.1MiB
  Block size mean:  636.2MiB
  Block size P95:   1938.9MiB
  Block size max:   2861.8MiB
  A 200MiB block at 1GiB/s NVMe read = ~200 ms device latency.
  Compare latencies against block sizes, not against 4KiB page I/O.


### OVERALL PERFORMANCE ###
Requests Completed: 572
Total Tokens Generated: 90911
Throughput (wall-clock): 300.71 tokens/sec
Throughput (storage I/O): 4.62 tokens/sec
Requests/sec: 1.89

### END-TO-END LATENCY (Queue Wait + Storage I/O + Generation) ###
  Mean: 222084.32 ms
  P50:  198817.97 ms
  P95:  456093.00 ms
  P99:  480089.99 ms

### PER-REQUEST STORAGE LATENCY (All I/O ops for one request) ###
  Mean: 34436.55 ms
  P50:  21203.05 ms
  P95:  109387.28 ms
  P99:  183758.16 ms
  (= 1 prefill write + N decode reads per request)

### STORAGE PERFORMANCE ###
  Cache Hit Rate: 89.0%
  Total Read: 1516.25GiB
  Total Write: 358.47GiB
  Read/Write Ratio: 4.23
  Storage KV Read Operations/sec: 10.09
  Storage KV Write Operations/sec: 1.92

### CACHE TIER DISTRIBUTION ###
  GPU Entries: 0 (0.00GiB)
  CPU Entries: 0 (0.00GiB)
  Storage Entries: 577

### TIER-SPECIFIC KV BYTES ###
  Storage KV Bytes Written: 358.47GiB
  Storage KV Bytes Read: 1516.25GiB

### STORAGE KV BANDWIDTH ###
  Storage KV Read Bandwidth: 5.02GiB/s
  Storage KV Write Bandwidth: 1.19GiB/s

### TIER-SPECIFIC LATENCIES (Total = Host + Device) ###
  Storage Read P95 (Total): 17160.43 ms
  Storage Write P95 (Total): 10687.64 ms

### STORAGE TIER LATENCY BREAKDOWN (Device = Disk I/O, Host = Serialization) ###
  Storage Read:
    - Device P95 (Disk I/O): 13817.30 ms
    - Host P95 (Serialization): 6543.32 ms
    - Total P95: 17160.43 ms
  Storage Write:
    - Device P95 (Disk I/O): 1571.63 ms
    - Host P95 (Serialization): 9949.05 ms
    - Total P95: 10687.64 ms

### CACHE TYPE BREAKDOWNS ###
  System Prompt Hits: 594
  Common Phrase Hits: 0
  User Cache Hits: 2417
  Multi-turn Hits: 16

### PREFIX CACHING ###
  Prefix Hits: 122
  Prefix Misses: 455
  System Prompt Reuse: 122
  Bytes Saved: 0.10GiB

### MULTI-TURN CONVERSATIONS ###
  Multi-turn Cache Hits: 16
  Multi-turn Cache Misses: 252
  Multi-turn Hit Rate: 6.0%

### QOS LATENCY METRICS (Informational - includes simulated generation) ###

  INTERACTIVE:
    Requests: 412
    Latency P95: 457907.36 ms
    Latency P99: 480808.28 ms
    SLA Met: [X] (compliance: 0.0%)

  RESPONSIVE:
    Requests: 103
    Latency P95: 210552.44 ms
    Latency P99: 404394.03 ms
    SLA Met: [X] (compliance: 0.0%)

  BATCH:
    Requests: 57
    Latency P95: 130657.63 ms
    Latency P99: 156021.15 ms
    SLA Met: [X] (compliance: 0.0%)

================================================================================
NOTES:
  - Pure storage I/O benchmark (no generation simulation)
================================================================================

Integrated Multi-User KV Cache Benchmark - MLPerf Edition
Model: Llama 3.1 8B
GPU Memory: 0 GB
Users: 200
Duration: 300s
Seed: 196
Generation Mode: none (0.0ms/token)
Features:
  - Phase-Aware Processing: Enabled
  - Multi-turn Conversations: Enabled
  - Prefix Caching: Enabled
  - RAG Workload: Disabled
  - Autoscaling: Disabled
  - QoS Support: Enabled (Interactive/Responsive/Batch)
  - Trace-Driven (BurstGPT): Disabled
  - ShareGPT Dataset: Disabled
  - Max Concurrent Allocations: 16 (bounds RAM usage)
================================================================================

User Context Length Distribution:
  Min: 568 tokens (71.00MiB)
  Max: 24573 tokens (3071.62MiB)
  Mean: 9397 tokens (1174.60MiB)

QoS Distribution:
  interactive: 23 users
  responsive: 64 users
  batch: 113 users

### MEMORY SAFETY CHECK ###
  Formula: peak = (workers x 2 x mean_entry_bytes) + baseline
         = (200 x 2 x 1000MiB) + 2.5GiB
         = 393.1GiB
  Available RAM: 991.3GiB
  Mean entry size: 1000MiB  (8000 tok x 131,072 B/tok)
  Peak per thread: 2000MiB  (np.load + np.array copy)
  Worker threads: 200
  Safe concurrent readers: ~506  = (available - baseline) / peak_per_thread
  Status: OK

Starting benchmark... Mode: standard (prefill+decode)
--------------------------------------------------------------------------------

================================================================================
BENCHMARK RESULTS - MLPerf KV Cache Storage Benchmark
Generation Mode: none (0.0ms/token)
================================================================================

IMPORTANT: All storage latencies below are measured per KV cache BLOCK,
not per token or per disk page.  Each block holds the full KV state for
one request (all layers, all heads, full sequence length).
  Model KV bytes/token: 131,072 bytes (128.0KiB)
  Entries in cache: 546
  Block size min:   31.4MiB
  Block size mean:  747.9MiB
  Block size P95:   1850.8MiB
  Block size max:   2860.5MiB
  A 200MiB block at 1GiB/s NVMe read = ~200 ms device latency.
  Compare latencies against block sizes, not against 4KiB page I/O.


### OVERALL PERFORMANCE ###
Requests Completed: 535
Total Tokens Generated: 99896
Throughput (wall-clock): 325.96 tokens/sec
Throughput (storage I/O): 4.68 tokens/sec
Requests/sec: 1.75

### END-TO-END LATENCY (Queue Wait + Storage I/O + Generation) ###
  Mean: 220497.32 ms
  P50:  207302.16 ms
  P95:  450906.04 ms
  P99:  476179.76 ms

### PER-REQUEST STORAGE LATENCY (All I/O ops for one request) ###
  Mean: 39899.09 ms
  P50:  27066.71 ms
  P95:  113840.71 ms
  P99:  173080.13 ms
  (= 1 prefill write + N decode reads per request)

### STORAGE PERFORMANCE ###
  Cache Hit Rate: 85.6%
  Total Read: 1929.47GiB
  Total Write: 398.77GiB
  Read/Write Ratio: 4.84
  Storage KV Read Operations/sec: 10.52
  Storage KV Write Operations/sec: 1.82

### CACHE TIER DISTRIBUTION ###
  GPU Entries: 0 (0.00GiB)
  CPU Entries: 0 (0.00GiB)
  Storage Entries: 546

### TIER-SPECIFIC KV BYTES ###
  Storage KV Bytes Written: 398.77GiB
  Storage KV Bytes Read: 1929.47GiB

### STORAGE KV BANDWIDTH ###
  Storage KV Read Bandwidth: 6.30GiB/s
  Storage KV Write Bandwidth: 1.30GiB/s

### TIER-SPECIFIC LATENCIES (Total = Host + Device) ###
  Storage Read P95 (Total): 16546.59 ms
  Storage Write P95 (Total): 10983.23 ms

### STORAGE TIER LATENCY BREAKDOWN (Device = Disk I/O, Host = Serialization) ###
  Storage Read:
    - Device P95 (Disk I/O): 13290.71 ms
    - Host P95 (Serialization): 6781.59 ms
    - Total P95: 16546.59 ms
  Storage Write:
    - Device P95 (Disk I/O): 1607.76 ms
    - Host P95 (Serialization): 10659.26 ms
    - Total P95: 10983.23 ms

### CACHE TYPE BREAKDOWNS ###
  System Prompt Hits: 512
  Common Phrase Hits: 0
  User Cache Hits: 2609
  Multi-turn Hits: 36

### PREFIX CACHING ###
  Prefix Hits: 91
  Prefix Misses: 455
  System Prompt Reuse: 91
  Bytes Saved: 0.07GiB

### MULTI-TURN CONVERSATIONS ###
  Multi-turn Cache Hits: 36
  Multi-turn Cache Misses: 438
  Multi-turn Hit Rate: 7.6%

### QOS LATENCY METRICS (Informational - includes simulated generation) ###

  INTERACTIVE:
    Requests: 377
    Latency P95: 458211.65 ms
    Latency P99: 477242.67 ms
    SLA Met: [X] (compliance: 0.0%)

  RESPONSIVE:
    Requests: 58
    Latency P95: 195932.27 ms
    Latency P99: 317931.00 ms
    SLA Met: [X] (compliance: 0.0%)

  BATCH:
    Requests: 100
    Latency P95: 263609.24 ms
    Latency P99: 364771.95 ms
    SLA Met: [X] (compliance: 0.0%)

================================================================================
NOTES:
  - Pure storage I/O benchmark (no generation simulation)
================================================================================

Integrated Multi-User KV Cache Benchmark - MLPerf Edition
Model: Llama 3.1 8B
GPU Memory: 0 GB
Users: 200
Duration: 300s
Seed: 64
Generation Mode: none (0.0ms/token)
Features:
  - Phase-Aware Processing: Enabled
  - Multi-turn Conversations: Enabled
  - Prefix Caching: Enabled
  - RAG Workload: Disabled
  - Autoscaling: Disabled
  - QoS Support: Enabled (Interactive/Responsive/Batch)
  - Trace-Driven (BurstGPT): Disabled
  - ShareGPT Dataset: Disabled
  - Max Concurrent Allocations: 16 (bounds RAM usage)
================================================================================

User Context Length Distribution:
  Min: 529 tokens (66.12MiB)
  Max: 24945 tokens (3118.12MiB)
  Mean: 9353 tokens (1169.12MiB)

QoS Distribution:
  interactive: 34 users
  responsive: 68 users
  batch: 98 users

### MEMORY SAFETY CHECK ###
  Formula: peak = (workers x 2 x mean_entry_bytes) + baseline
         = (200 x 2 x 1000MiB) + 2.5GiB
         = 393.1GiB
  Available RAM: 991.7GiB
  Mean entry size: 1000MiB  (8000 tok x 131,072 B/tok)
  Peak per thread: 2000MiB  (np.load + np.array copy)
  Worker threads: 200
  Safe concurrent readers: ~506  = (available - baseline) / peak_per_thread
  Status: OK

Starting benchmark... Mode: standard (prefill+decode)
--------------------------------------------------------------------------------

================================================================================
BENCHMARK RESULTS - MLPerf KV Cache Storage Benchmark
Generation Mode: none (0.0ms/token)
================================================================================

IMPORTANT: All storage latencies below are measured per KV cache BLOCK,
not per token or per disk page.  Each block holds the full KV state for
one request (all layers, all heads, full sequence length).
  Model KV bytes/token: 131,072 bytes (128.0KiB)
  Entries in cache: 556
  Block size min:   23.2MiB
  Block size mean:  738.0MiB
  Block size P95:   2164.2MiB
  Block size max:   2936.4MiB
  A 200MiB block at 1GiB/s NVMe read = ~200 ms device latency.
  Compare latencies against block sizes, not against 4KiB page I/O.


### OVERALL PERFORMANCE ###
Requests Completed: 553
Total Tokens Generated: 95889
Throughput (wall-clock): 319.17 tokens/sec
Throughput (storage I/O): 3.57 tokens/sec
Requests/sec: 1.84

### END-TO-END LATENCY (Queue Wait + Storage I/O + Generation) ###
  Mean: 225491.33 ms
  P50:  197049.34 ms
  P95:  468112.47 ms
  P99:  485394.45 ms

### PER-REQUEST STORAGE LATENCY (All I/O ops for one request) ###
  Mean: 48625.76 ms
  P50:  29646.72 ms
  P95:  151709.65 ms
  P99:  226067.42 ms
  (= 1 prefill write + N decode reads per request)

### STORAGE PERFORMANCE ###
  Cache Hit Rate: 83.4%
  Total Read: 1697.13GiB
  Total Write: 400.69GiB
  Read/Write Ratio: 4.24
  Storage KV Read Operations/sec: 10.61
  Storage KV Write Operations/sec: 1.85

### CACHE TIER DISTRIBUTION ###
  GPU Entries: 0 (0.00GiB)
  CPU Entries: 0 (0.00GiB)
  Storage Entries: 556

### TIER-SPECIFIC KV BYTES ###
  Storage KV Bytes Written: 400.69GiB
  Storage KV Bytes Read: 1697.13GiB

### STORAGE KV BANDWIDTH ###
  Storage KV Read Bandwidth: 5.65GiB/s
  Storage KV Write Bandwidth: 1.33GiB/s

### TIER-SPECIFIC LATENCIES (Total = Host + Device) ###
  Storage Read P95 (Total): 22102.05 ms
  Storage Write P95 (Total): 12521.02 ms

### STORAGE TIER LATENCY BREAKDOWN (Device = Disk I/O, Host = Serialization) ###
  Storage Read:
    - Device P95 (Disk I/O): 17333.34 ms
    - Host P95 (Serialization): 8864.00 ms
    - Total P95: 22102.05 ms
  Storage Write:
    - Device P95 (Disk I/O): 1850.17 ms
    - Host P95 (Serialization): 11431.21 ms
    - Total P95: 12521.02 ms

### CACHE TYPE BREAKDOWNS ###
  System Prompt Hits: 621
  Common Phrase Hits: 0
  User Cache Hits: 2498
  Multi-turn Hits: 63

### PREFIX CACHING ###
  Prefix Hits: 118
  Prefix Misses: 438
  System Prompt Reuse: 118
  Bytes Saved: 0.10GiB

### MULTI-TURN CONVERSATIONS ###
  Multi-turn Cache Hits: 63
  Multi-turn Cache Misses: 515
  Multi-turn Hit Rate: 10.9%

### QOS LATENCY METRICS (Informational - includes simulated generation) ###

  INTERACTIVE:
    Requests: 391
    Latency P95: 474609.54 ms
    Latency P99: 486074.20 ms
    SLA Met: [X] (compliance: 0.0%)

  RESPONSIVE:
    Requests: 66
    Latency P95: 200602.23 ms
    Latency P99: 307141.20 ms
    SLA Met: [X] (compliance: 0.0%)

  BATCH:
    Requests: 96
    Latency P95: 175932.66 ms
    Latency P99: 305068.45 ms
    SLA Met: [X] (compliance: 0.0%)

================================================================================
NOTES:
  - Pure storage I/O benchmark (no generation simulation)
================================================================================

Integrated Multi-User KV Cache Benchmark - MLPerf Edition
Model: Llama 3.1 8B
GPU Memory: 0 GB
Users: 200
Duration: 300s
Seed: 94
Generation Mode: none (0.0ms/token)
Features:
  - Phase-Aware Processing: Enabled
  - Multi-turn Conversations: Enabled
  - Prefix Caching: Enabled
  - RAG Workload: Disabled
  - Autoscaling: Disabled
  - QoS Support: Enabled (Interactive/Responsive/Batch)
  - Trace-Driven (BurstGPT): Disabled
  - ShareGPT Dataset: Disabled
  - Max Concurrent Allocations: 16 (bounds RAM usage)
================================================================================

User Context Length Distribution:
  Min: 512 tokens (64.00MiB)
  Max: 23764 tokens (2970.50MiB)
  Mean: 8946 tokens (1118.26MiB)

QoS Distribution:
  interactive: 35 users
  responsive: 68 users
  batch: 97 users

### MEMORY SAFETY CHECK ###
  Formula: peak = (workers x 2 x mean_entry_bytes) + baseline
         = (200 x 2 x 1000MiB) + 2.5GiB
         = 393.1GiB
  Available RAM: 988.1GiB
  Mean entry size: 1000MiB  (8000 tok x 131,072 B/tok)
  Peak per thread: 2000MiB  (np.load + np.array copy)
  Worker threads: 200
  Safe concurrent readers: ~504  = (available - baseline) / peak_per_thread
  Status: OK

Starting benchmark... Mode: standard (prefill+decode)
--------------------------------------------------------------------------------

================================================================================
BENCHMARK RESULTS - MLPerf KV Cache Storage Benchmark
Generation Mode: none (0.0ms/token)
================================================================================

IMPORTANT: All storage latencies below are measured per KV cache BLOCK,
not per token or per disk page.  Each block holds the full KV state for
one request (all layers, all heads, full sequence length).
  Model KV bytes/token: 131,072 bytes (128.0KiB)
  Entries in cache: 585
  Block size min:   22.4MiB
  Block size mean:  652.1MiB
  Block size P95:   1852.6MiB
  Block size max:   2935.1MiB
  A 200MiB block at 1GiB/s NVMe read = ~200 ms device latency.
  Compare latencies against block sizes, not against 4KiB page I/O.


### OVERALL PERFORMANCE ###
Requests Completed: 581
Total Tokens Generated: 89801
Throughput (wall-clock): 292.25 tokens/sec
Throughput (storage I/O): 4.01 tokens/sec
Requests/sec: 1.89

### END-TO-END LATENCY (Queue Wait + Storage I/O + Generation) ###
  Mean: 223434.92 ms
  P50:  191701.03 ms
  P95:  473179.08 ms
  P99:  486400.04 ms

### PER-REQUEST STORAGE LATENCY (All I/O ops for one request) ###
  Mean: 38511.35 ms
  P50:  24750.93 ms
  P95:  115768.47 ms
  P99:  171484.84 ms
  (= 1 prefill write + N decode reads per request)

### STORAGE PERFORMANCE ###
  Cache Hit Rate: 80.5%
  Total Read: 1631.85GiB
  Total Write: 372.57GiB
  Read/Write Ratio: 4.38
  Storage KV Read Operations/sec: 10.07
  Storage KV Write Operations/sec: 1.95

### CACHE TIER DISTRIBUTION ###
  GPU Entries: 0 (0.00GiB)
  CPU Entries: 0 (0.00GiB)
  Storage Entries: 585

### TIER-SPECIFIC KV BYTES ###
  Storage KV Bytes Written: 372.57GiB
  Storage KV Bytes Read: 1631.85GiB

### STORAGE KV BANDWIDTH ###
  Storage KV Read Bandwidth: 5.31GiB/s
  Storage KV Write Bandwidth: 1.21GiB/s

### TIER-SPECIFIC LATENCIES (Total = Host + Device) ###
  Storage Read P95 (Total): 18550.61 ms
  Storage Write P95 (Total): 10940.25 ms

### STORAGE TIER LATENCY BREAKDOWN (Device = Disk I/O, Host = Serialization) ###
  Storage Read:
    - Device P95 (Disk I/O): 14046.95 ms
    - Host P95 (Serialization): 7450.16 ms
    - Total P95: 18550.61 ms
  Storage Write:
    - Device P95 (Disk I/O): 1145.49 ms
    - Host P95 (Serialization): 10593.59 ms
    - Total P95: 10940.25 ms

### CACHE TYPE BREAKDOWNS ###
  System Prompt Hits: 556
  Common Phrase Hits: 0
  User Cache Hits: 2431
  Multi-turn Hits: 33

### PREFIX CACHING ###
  Prefix Hits: 110
  Prefix Misses: 475
  System Prompt Reuse: 110
  Bytes Saved: 0.09GiB

### MULTI-TURN CONVERSATIONS ###
  Multi-turn Cache Hits: 33
  Multi-turn Cache Misses: 620
  Multi-turn Hit Rate: 5.1%

### QOS LATENCY METRICS (Informational - includes simulated generation) ###

  INTERACTIVE:
    Requests: 412
    Latency P95: 475060.92 ms
    Latency P99: 486584.39 ms
    SLA Met: [X] (compliance: 0.0%)

  RESPONSIVE:
    Requests: 68
    Latency P95: 227629.13 ms
    Latency P99: 264475.16 ms
    SLA Met: [X] (compliance: 0.0%)

  BATCH:
    Requests: 101
    Latency P95: 193293.74 ms
    Latency P99: 297552.22 ms
    SLA Met: [X] (compliance: 0.0%)

================================================================================
NOTES:
  - Pure storage I/O benchmark (no generation simulation)
================================================================================

Integrated Multi-User KV Cache Benchmark - MLPerf Edition
Model: Llama 3.1 8B
GPU Memory: 0 GB
Users: 200
Duration: 300s
Seed: 242
Generation Mode: none (0.0ms/token)
Features:
  - Phase-Aware Processing: Enabled
  - Multi-turn Conversations: Enabled
  - Prefix Caching: Enabled
  - RAG Workload: Disabled
  - Autoscaling: Disabled
  - QoS Support: Enabled (Interactive/Responsive/Batch)
  - Trace-Driven (BurstGPT): Disabled
  - ShareGPT Dataset: Disabled
  - Max Concurrent Allocations: 16 (bounds RAM usage)
================================================================================

User Context Length Distribution:
  Min: 548 tokens (68.50MiB)
  Max: 23840 tokens (2980.00MiB)
  Mean: 8563 tokens (1070.32MiB)

QoS Distribution:
  interactive: 32 users
  responsive: 58 users
  batch: 110 users

### MEMORY SAFETY CHECK ###
  Formula: peak = (workers x 2 x mean_entry_bytes) + baseline
         = (200 x 2 x 1000MiB) + 2.5GiB
         = 393.1GiB
  Available RAM: 990.3GiB
  Mean entry size: 1000MiB  (8000 tok x 131,072 B/tok)
  Peak per thread: 2000MiB  (np.load + np.array copy)
  Worker threads: 200
  Safe concurrent readers: ~505  = (available - baseline) / peak_per_thread
  Status: OK

Starting benchmark... Mode: standard (prefill+decode)
--------------------------------------------------------------------------------

================================================================================
BENCHMARK RESULTS - MLPerf KV Cache Storage Benchmark
Generation Mode: none (0.0ms/token)
================================================================================

IMPORTANT: All storage latencies below are measured per KV cache BLOCK,
not per token or per disk page.  Each block holds the full KV state for
one request (all layers, all heads, full sequence length).
  Model KV bytes/token: 131,072 bytes (128.0KiB)
  Entries in cache: 647
  Block size min:   28.0MiB
  Block size mean:  626.0MiB
  Block size P95:   1856.5MiB
  Block size max:   2807.2MiB
  A 200MiB block at 1GiB/s NVMe read = ~200 ms device latency.
  Compare latencies against block sizes, not against 4KiB page I/O.


### OVERALL PERFORMANCE ###
Requests Completed: 646
Total Tokens Generated: 104883
Throughput (wall-clock): 346.91 tokens/sec
Throughput (storage I/O): 4.51 tokens/sec
Requests/sec: 2.14

### END-TO-END LATENCY (Queue Wait + Storage I/O + Generation) ###
  Mean: 214011.47 ms
  P50:  193451.08 ms
  P95:  456763.20 ms
  P99:  484196.14 ms

### PER-REQUEST STORAGE LATENCY (All I/O ops for one request) ###
  Mean: 36039.10 ms
  P50:  20160.54 ms
  P95:  121252.21 ms
  P99:  214327.65 ms
  (= 1 prefill write + N decode reads per request)

### STORAGE PERFORMANCE ###
  Cache Hit Rate: 82.2%
  Total Read: 1786.82GiB
  Total Write: 395.50GiB
  Read/Write Ratio: 4.52
  Storage KV Read Operations/sec: 11.43
  Storage KV Write Operations/sec: 2.16

### CACHE TIER DISTRIBUTION ###
  GPU Entries: 0 (0.00GiB)
  CPU Entries: 0 (0.00GiB)
  Storage Entries: 647

### TIER-SPECIFIC KV BYTES ###
  Storage KV Bytes Written: 395.50GiB
  Storage KV Bytes Read: 1786.82GiB

### STORAGE KV BANDWIDTH ###
  Storage KV Read Bandwidth: 5.91GiB/s
  Storage KV Write Bandwidth: 1.31GiB/s

### TIER-SPECIFIC LATENCIES (Total = Host + Device) ###
  Storage Read P95 (Total): 18075.22 ms
  Storage Write P95 (Total): 10477.48 ms

### STORAGE TIER LATENCY BREAKDOWN (Device = Disk I/O, Host = Serialization) ###
  Storage Read:
    - Device P95 (Disk I/O): 15954.20 ms
    - Host P95 (Serialization): 6645.64 ms
    - Total P95: 18075.22 ms
  Storage Write:
    - Device P95 (Disk I/O): 1605.71 ms
    - Host P95 (Serialization): 10285.71 ms
    - Total P95: 10477.48 ms

### CACHE TYPE BREAKDOWNS ###
  System Prompt Hits: 667
  Common Phrase Hits: 0
  User Cache Hits: 2685
  Multi-turn Hits: 76

### PREFIX CACHING ###
  Prefix Hits: 128
  Prefix Misses: 519
  System Prompt Reuse: 128
  Bytes Saved: 0.10GiB

### MULTI-TURN CONVERSATIONS ###
  Multi-turn Cache Hits: 76
  Multi-turn Cache Misses: 616
  Multi-turn Hit Rate: 11.0%

### QOS LATENCY METRICS (Informational - includes simulated generation) ###

  INTERACTIVE:
    Requests: 484
    Latency P95: 461950.52 ms
    Latency P99: 485532.77 ms
    SLA Met: [X] (compliance: 0.0%)

  RESPONSIVE:
    Requests: 67
    Latency P95: 160864.82 ms
    Latency P99: 186648.06 ms
    SLA Met: [X] (compliance: 0.0%)

  BATCH:
    Requests: 95
    Latency P95: 200545.44 ms
    Latency P99: 303277.47 ms
    SLA Met: [X] (compliance: 0.0%)

================================================================================
NOTES:
  - Pure storage I/O benchmark (no generation simulation)
================================================================================

Integrated Multi-User KV Cache Benchmark - MLPerf Edition
Model: Llama 3.1 8B
GPU Memory: 0 GB
Users: 200
Duration: 300s
Seed: 53
Generation Mode: none (0.0ms/token)
Features:
  - Phase-Aware Processing: Enabled
  - Multi-turn Conversations: Enabled
  - Prefix Caching: Enabled
  - RAG Workload: Disabled
  - Autoscaling: Disabled
  - QoS Support: Enabled (Interactive/Responsive/Batch)
  - Trace-Driven (BurstGPT): Disabled
  - ShareGPT Dataset: Disabled
  - Max Concurrent Allocations: 16 (bounds RAM usage)
================================================================================

User Context Length Distribution:
  Min: 519 tokens (64.88MiB)
  Max: 24991 tokens (3123.88MiB)
  Mean: 9008 tokens (1126.02MiB)

QoS Distribution:
  interactive: 30 users
  responsive: 67 users
  batch: 103 users

### MEMORY SAFETY CHECK ###
  Formula: peak = (workers x 2 x mean_entry_bytes) + baseline
         = (200 x 2 x 1000MiB) + 2.5GiB
         = 393.1GiB
  Available RAM: 991.9GiB
  Mean entry size: 1000MiB  (8000 tok x 131,072 B/tok)
  Peak per thread: 2000MiB  (np.load + np.array copy)
  Worker threads: 200
  Safe concurrent readers: ~506  = (available - baseline) / peak_per_thread
  Status: OK

Starting benchmark... Mode: standard (prefill+decode)
--------------------------------------------------------------------------------

================================================================================
BENCHMARK RESULTS - MLPerf KV Cache Storage Benchmark
Generation Mode: none (0.0ms/token)
================================================================================

IMPORTANT: All storage latencies below are measured per KV cache BLOCK,
not per token or per disk page.  Each block holds the full KV state for
one request (all layers, all heads, full sequence length).
  Model KV bytes/token: 131,072 bytes (128.0KiB)
  Entries in cache: 613
  Block size min:   26.6MiB
  Block size mean:  717.7MiB
  Block size P95:   1932.5MiB
  Block size max:   2888.1MiB
  A 200MiB block at 1GiB/s NVMe read = ~200 ms device latency.
  Compare latencies against block sizes, not against 4KiB page I/O.


### OVERALL PERFORMANCE ###
Requests Completed: 609
Total Tokens Generated: 94260
Throughput (wall-clock): 309.81 tokens/sec
Throughput (storage I/O): 4.41 tokens/sec
Requests/sec: 2.00

### END-TO-END LATENCY (Queue Wait + Storage I/O + Generation) ###
  Mean: 219647.06 ms
  P50:  203412.29 ms
  P95:  467228.12 ms
  P99:  480029.40 ms

### PER-REQUEST STORAGE LATENCY (All I/O ops for one request) ###
  Mean: 35124.43 ms
  P50:  20768.15 ms
  P95:  110855.99 ms
  P99:  176329.10 ms
  (= 1 prefill write + N decode reads per request)

### STORAGE PERFORMANCE ###
  Cache Hit Rate: 83.1%
  Total Read: 1514.87GiB
  Total Write: 429.62GiB
  Read/Write Ratio: 3.53
  Storage KV Read Operations/sec: 9.86
  Storage KV Write Operations/sec: 2.04

### CACHE TIER DISTRIBUTION ###
  GPU Entries: 0 (0.00GiB)
  CPU Entries: 0 (0.00GiB)
  Storage Entries: 613

### TIER-SPECIFIC KV BYTES ###
  Storage KV Bytes Written: 429.62GiB
  Storage KV Bytes Read: 1514.87GiB

### STORAGE KV BANDWIDTH ###
  Storage KV Read Bandwidth: 4.98GiB/s
  Storage KV Write Bandwidth: 1.41GiB/s

### TIER-SPECIFIC LATENCIES (Total = Host + Device) ###
  Storage Read P95 (Total): 19172.26 ms
  Storage Write P95 (Total): 10105.19 ms

### STORAGE TIER LATENCY BREAKDOWN (Device = Disk I/O, Host = Serialization) ###
  Storage Read:
    - Device P95 (Disk I/O): 14557.81 ms
    - Host P95 (Serialization): 8761.70 ms
    - Total P95: 19172.26 ms
  Storage Write:
    - Device P95 (Disk I/O): 2314.78 ms
    - Host P95 (Serialization): 9864.82 ms
    - Total P95: 10105.19 ms

### CACHE TYPE BREAKDOWNS ###
  System Prompt Hits: 482
  Common Phrase Hits: 0
  User Cache Hits: 2458
  Multi-turn Hits: 19

### PREFIX CACHING ###
  Prefix Hits: 115
  Prefix Misses: 498
  System Prompt Reuse: 115
  Bytes Saved: 0.09GiB

### MULTI-TURN CONVERSATIONS ###
  Multi-turn Cache Hits: 19
  Multi-turn Cache Misses: 486
  Multi-turn Hit Rate: 3.8%

### QOS LATENCY METRICS (Informational - includes simulated generation) ###

  INTERACTIVE:
    Requests: 445
    Latency P95: 470186.05 ms
    Latency P99: 480816.65 ms
    SLA Met: [X] (compliance: 0.0%)

  RESPONSIVE:
    Requests: 81
    Latency P95: 214393.54 ms
    Latency P99: 258273.56 ms
    SLA Met: [X] (compliance: 0.0%)

  BATCH:
    Requests: 83
    Latency P95: 174681.79 ms
    Latency P99: 214011.08 ms
    SLA Met: [X] (compliance: 0.0%)

================================================================================
NOTES:
  - Pure storage I/O benchmark (no generation simulation)
================================================================================

Integrated Multi-User KV Cache Benchmark - MLPerf Edition
Model: Llama 3.1 8B
GPU Memory: 0 GB
Users: 200
Duration: 300s
Seed: 235
Generation Mode: none (0.0ms/token)
Features:
  - Phase-Aware Processing: Enabled
  - Multi-turn Conversations: Enabled
  - Prefix Caching: Enabled
  - RAG Workload: Disabled
  - Autoscaling: Disabled
  - QoS Support: Enabled (Interactive/Responsive/Batch)
  - Trace-Driven (BurstGPT): Disabled
  - ShareGPT Dataset: Disabled
  - Max Concurrent Allocations: 16 (bounds RAM usage)
================================================================================

User Context Length Distribution:
  Min: 594 tokens (74.25MiB)
  Max: 24858 tokens (3107.25MiB)
  Mean: 9373 tokens (1171.65MiB)

QoS Distribution:
  interactive: 35 users
  responsive: 73 users
  batch: 92 users

### MEMORY SAFETY CHECK ###
  Formula: peak = (workers x 2 x mean_entry_bytes) + baseline
         = (200 x 2 x 1000MiB) + 2.5GiB
         = 393.1GiB
  Available RAM: 991.3GiB
  Mean entry size: 1000MiB  (8000 tok x 131,072 B/tok)
  Peak per thread: 2000MiB  (np.load + np.array copy)
  Worker threads: 200
  Safe concurrent readers: ~506  = (available - baseline) / peak_per_thread
  Status: OK

Starting benchmark... Mode: standard (prefill+decode)
--------------------------------------------------------------------------------

================================================================================
BENCHMARK RESULTS - MLPerf KV Cache Storage Benchmark
Generation Mode: none (0.0ms/token)
================================================================================

IMPORTANT: All storage latencies below are measured per KV cache BLOCK,
not per token or per disk page.  Each block holds the full KV state for
one request (all layers, all heads, full sequence length).
  Model KV bytes/token: 131,072 bytes (128.0KiB)
  Entries in cache: 554
  Block size min:   37.0MiB
  Block size mean:  749.2MiB
  Block size P95:   1917.2MiB
  Block size max:   2848.6MiB
  A 200MiB block at 1GiB/s NVMe read = ~200 ms device latency.
  Compare latencies against block sizes, not against 4KiB page I/O.


### OVERALL PERFORMANCE ###
Requests Completed: 549
Total Tokens Generated: 83534
Throughput (wall-clock): 278.30 tokens/sec
Throughput (storage I/O): 3.97 tokens/sec
Requests/sec: 1.83

### END-TO-END LATENCY (Queue Wait + Storage I/O + Generation) ###
  Mean: 214545.93 ms
  P50:  188184.58 ms
  P95:  467860.04 ms
  P99:  484267.97 ms

### PER-REQUEST STORAGE LATENCY (All I/O ops for one request) ###
  Mean: 38350.56 ms
  P50:  23301.91 ms
  P95:  126791.07 ms
  P99:  200047.73 ms
  (= 1 prefill write + N decode reads per request)

### STORAGE PERFORMANCE ###
  Cache Hit Rate: 84.9%
  Total Read: 1466.10GiB
  Total Write: 405.35GiB
  Read/Write Ratio: 3.62
  Storage KV Read Operations/sec: 8.65
  Storage KV Write Operations/sec: 1.85

### CACHE TIER DISTRIBUTION ###
  GPU Entries: 0 (0.00GiB)
  CPU Entries: 0 (0.00GiB)
  Storage Entries: 554

### TIER-SPECIFIC KV BYTES ###
  Storage KV Bytes Written: 405.35GiB
  Storage KV Bytes Read: 1466.10GiB

### STORAGE KV BANDWIDTH ###
  Storage KV Read Bandwidth: 4.88GiB/s
  Storage KV Write Bandwidth: 1.35GiB/s

### TIER-SPECIFIC LATENCIES (Total = Host + Device) ###
  Storage Read P95 (Total): 19892.81 ms
  Storage Write P95 (Total): 12100.05 ms

### STORAGE TIER LATENCY BREAKDOWN (Device = Disk I/O, Host = Serialization) ###
  Storage Read:
    - Device P95 (Disk I/O): 16494.00 ms
    - Host P95 (Serialization): 7791.11 ms
    - Total P95: 19892.81 ms
  Storage Write:
    - Device P95 (Disk I/O): 2034.79 ms
    - Host P95 (Serialization): 12069.29 ms
    - Total P95: 12100.05 ms

### CACHE TYPE BREAKDOWNS ###
  System Prompt Hits: 577
  Common Phrase Hits: 0
  User Cache Hits: 1991
  Multi-turn Hits: 27

### PREFIX CACHING ###
  Prefix Hits: 115
  Prefix Misses: 439
  System Prompt Reuse: 115
  Bytes Saved: 0.10GiB

### MULTI-TURN CONVERSATIONS ###
  Multi-turn Cache Hits: 27
  Multi-turn Cache Misses: 347
  Multi-turn Hit Rate: 7.2%

### QOS LATENCY METRICS (Informational - includes simulated generation) ###

  INTERACTIVE:
    Requests: 400
    Latency P95: 470731.32 ms
    Latency P99: 484619.30 ms
    SLA Met: [X] (compliance: 0.0%)

  RESPONSIVE:
    Requests: 80
    Latency P95: 194161.20 ms
    Latency P99: 342909.69 ms
    SLA Met: [X] (compliance: 0.0%)

  BATCH:
    Requests: 69
    Latency P95: 236739.45 ms
    Latency P99: 419242.66 ms
    SLA Met: [X] (compliance: 0.0%)

================================================================================
NOTES:
  - Pure storage I/O benchmark (no generation simulation)
================================================================================

Integrated Multi-User KV Cache Benchmark - MLPerf Edition
Model: Llama 3.1 8B
GPU Memory: 0 GB
Users: 200
Duration: 300s
Seed: 137
Generation Mode: none (0.0ms/token)
Features:
  - Phase-Aware Processing: Enabled
  - Multi-turn Conversations: Enabled
  - Prefix Caching: Enabled
  - RAG Workload: Disabled
  - Autoscaling: Disabled
  - QoS Support: Enabled (Interactive/Responsive/Batch)
  - Trace-Driven (BurstGPT): Disabled
  - ShareGPT Dataset: Disabled
  - Max Concurrent Allocations: 16 (bounds RAM usage)
================================================================================

User Context Length Distribution:
  Min: 556 tokens (69.50MiB)
  Max: 24695 tokens (3086.88MiB)
  Mean: 9748 tokens (1218.55MiB)

QoS Distribution:
  interactive: 28 users
  responsive: 79 users
  batch: 93 users

### MEMORY SAFETY CHECK ###
  Formula: peak = (workers x 2 x mean_entry_bytes) + baseline
         = (200 x 2 x 1000MiB) + 2.5GiB
         = 393.1GiB
  Available RAM: 989.7GiB
  Mean entry size: 1000MiB  (8000 tok x 131,072 B/tok)
  Peak per thread: 2000MiB  (np.load + np.array copy)
  Worker threads: 200
  Safe concurrent readers: ~505  = (available - baseline) / peak_per_thread
  Status: OK

Starting benchmark... Mode: standard (prefill+decode)
--------------------------------------------------------------------------------

================================================================================
BENCHMARK RESULTS - MLPerf KV Cache Storage Benchmark
Generation Mode: none (0.0ms/token)
================================================================================

IMPORTANT: All storage latencies below are measured per KV cache BLOCK,
not per token or per disk page.  Each block holds the full KV state for
one request (all layers, all heads, full sequence length).
  Model KV bytes/token: 131,072 bytes (128.0KiB)
  Entries in cache: 615
  Block size min:   23.1MiB
  Block size mean:  716.7MiB
  Block size P95:   2004.1MiB
  Block size max:   3080.0MiB
  A 200MiB block at 1GiB/s NVMe read = ~200 ms device latency.
  Compare latencies against block sizes, not against 4KiB page I/O.


### OVERALL PERFORMANCE ###
Requests Completed: 612
Total Tokens Generated: 97254
Throughput (wall-clock): 321.91 tokens/sec
Throughput (storage I/O): 4.57 tokens/sec
Requests/sec: 2.03

### END-TO-END LATENCY (Queue Wait + Storage I/O + Generation) ###
  Mean: 220133.37 ms
  P50:  192094.83 ms
  P95:  473044.74 ms
  P99:  481744.32 ms

### PER-REQUEST STORAGE LATENCY (All I/O ops for one request) ###
  Mean: 34769.04 ms
  P50:  21375.29 ms
  P95:  111230.80 ms
  P99:  180423.71 ms
  (= 1 prefill write + N decode reads per request)

### STORAGE PERFORMANCE ###
  Cache Hit Rate: 83.8%
  Total Read: 1507.07GiB
  Total Write: 430.46GiB
  Read/Write Ratio: 3.50
  Storage KV Read Operations/sec: 9.85
  Storage KV Write Operations/sec: 2.05

### CACHE TIER DISTRIBUTION ###
  GPU Entries: 0 (0.00GiB)
  CPU Entries: 0 (0.00GiB)
  Storage Entries: 615

### TIER-SPECIFIC KV BYTES ###
  Storage KV Bytes Written: 430.46GiB
  Storage KV Bytes Read: 1507.07GiB

### STORAGE KV BANDWIDTH ###
  Storage KV Read Bandwidth: 4.99GiB/s
  Storage KV Write Bandwidth: 1.42GiB/s

### TIER-SPECIFIC LATENCIES (Total = Host + Device) ###
  Storage Read P95 (Total): 18549.88 ms
  Storage Write P95 (Total): 11726.20 ms

### STORAGE TIER LATENCY BREAKDOWN (Device = Disk I/O, Host = Serialization) ###
  Storage Read:
    - Device P95 (Disk I/O): 15026.11 ms
    - Host P95 (Serialization): 7013.24 ms
    - Total P95: 18549.88 ms
  Storage Write:
    - Device P95 (Disk I/O): 1665.71 ms
    - Host P95 (Serialization): 11683.04 ms
    - Total P95: 11726.20 ms

### CACHE TYPE BREAKDOWNS ###
  System Prompt Hits: 596
  Common Phrase Hits: 0
  User Cache Hits: 2323
  Multi-turn Hits: 36

### PREFIX CACHING ###
  Prefix Hits: 117
  Prefix Misses: 498
  System Prompt Reuse: 117
  Bytes Saved: 0.09GiB

### MULTI-TURN CONVERSATIONS ###
  Multi-turn Cache Hits: 36
  Multi-turn Cache Misses: 455
  Multi-turn Hit Rate: 7.3%

### QOS LATENCY METRICS (Informational - includes simulated generation) ###

  INTERACTIVE:
    Requests: 465
    Latency P95: 474944.48 ms
    Latency P99: 482852.29 ms
    SLA Met: [X] (compliance: 0.0%)

  RESPONSIVE:
    Requests: 92
    Latency P95: 213959.59 ms
    Latency P99: 317687.23 ms
    SLA Met: [X] (compliance: 0.0%)

  BATCH:
    Requests: 55
    Latency P95: 198827.28 ms
    Latency P99: 268133.39 ms
    SLA Met: [X] (compliance: 0.0%)

================================================================================
NOTES:
  - Pure storage I/O benchmark (no generation simulation)
================================================================================

Integrated Multi-User KV Cache Benchmark - MLPerf Edition
Model: Llama 3.1 8B
GPU Memory: 0 GB
Users: 200
Duration: 300s
Seed: 157
Generation Mode: none (0.0ms/token)
Features:
  - Phase-Aware Processing: Enabled
  - Multi-turn Conversations: Enabled
  - Prefix Caching: Enabled
  - RAG Workload: Disabled
  - Autoscaling: Disabled
  - QoS Support: Enabled (Interactive/Responsive/Batch)
  - Trace-Driven (BurstGPT): Disabled
  - ShareGPT Dataset: Disabled
  - Max Concurrent Allocations: 16 (bounds RAM usage)
================================================================================

User Context Length Distribution:
  Min: 597 tokens (74.62MiB)
  Max: 24857 tokens (3107.12MiB)
  Mean: 9579 tokens (1197.41MiB)

QoS Distribution:
  interactive: 32 users
  responsive: 64 users
  batch: 104 users

### MEMORY SAFETY CHECK ###
  Formula: peak = (workers x 2 x mean_entry_bytes) + baseline
         = (200 x 2 x 1000MiB) + 2.5GiB
         = 393.1GiB
  Available RAM: 989.8GiB
  Mean entry size: 1000MiB  (8000 tok x 131,072 B/tok)
  Peak per thread: 2000MiB  (np.load + np.array copy)
  Worker threads: 200
  Safe concurrent readers: ~505  = (available - baseline) / peak_per_thread
  Status: OK

Starting benchmark... Mode: standard (prefill+decode)
--------------------------------------------------------------------------------

================================================================================
BENCHMARK RESULTS - MLPerf KV Cache Storage Benchmark
Generation Mode: none (0.0ms/token)
================================================================================

IMPORTANT: All storage latencies below are measured per KV cache BLOCK,
not per token or per disk page.  Each block holds the full KV state for
one request (all layers, all heads, full sequence length).
  Model KV bytes/token: 131,072 bytes (128.0KiB)
  Entries in cache: 502
  Block size min:   24.0MiB
  Block size mean:  716.4MiB
  Block size P95:   2105.5MiB
  Block size max:   2889.1MiB
  A 200MiB block at 1GiB/s NVMe read = ~200 ms device latency.
  Compare latencies against block sizes, not against 4KiB page I/O.


### OVERALL PERFORMANCE ###
Requests Completed: 497
Total Tokens Generated: 93966
Throughput (wall-clock): 307.54 tokens/sec
Throughput (storage I/O): 4.00 tokens/sec
Requests/sec: 1.63

### END-TO-END LATENCY (Queue Wait + Storage I/O + Generation) ###
  Mean: 222721.99 ms
  P50:  204695.24 ms
  P95:  463926.70 ms
  P99:  486554.73 ms

### PER-REQUEST STORAGE LATENCY (All I/O ops for one request) ###
  Mean: 47262.45 ms
  P50:  25155.83 ms
  P95:  158708.18 ms
  P99:  208780.03 ms
  (= 1 prefill write + N decode reads per request)

### STORAGE PERFORMANCE ###
  Cache Hit Rate: 88.2%
  Total Read: 1618.24GiB
  Total Write: 351.19GiB
  Read/Write Ratio: 4.61
  Storage KV Read Operations/sec: 10.02
  Storage KV Write Operations/sec: 1.67

### CACHE TIER DISTRIBUTION ###
  GPU Entries: 0 (0.00GiB)
  CPU Entries: 0 (0.00GiB)
  Storage Entries: 502

### TIER-SPECIFIC KV BYTES ###
  Storage KV Bytes Written: 351.19GiB
  Storage KV Bytes Read: 1618.24GiB

### STORAGE KV BANDWIDTH ###
  Storage KV Read Bandwidth: 5.30GiB/s
  Storage KV Write Bandwidth: 1.15GiB/s

### TIER-SPECIFIC LATENCIES (Total = Host + Device) ###
  Storage Read P95 (Total): 20418.99 ms
  Storage Write P95 (Total): 13067.21 ms

### STORAGE TIER LATENCY BREAKDOWN (Device = Disk I/O, Host = Serialization) ###
  Storage Read:
    - Device P95 (Disk I/O): 16603.38 ms
    - Host P95 (Serialization): 9607.80 ms
    - Total P95: 20418.99 ms
  Storage Write:
    - Device P95 (Disk I/O): 1571.24 ms
    - Host P95 (Serialization): 12813.33 ms
    - Total P95: 13067.21 ms

### CACHE TYPE BREAKDOWNS ###
  System Prompt Hits: 653
  Common Phrase Hits: 0
  User Cache Hits: 2327
  Multi-turn Hits: 26

### PREFIX CACHING ###
  Prefix Hits: 102
  Prefix Misses: 400
  System Prompt Reuse: 102
  Bytes Saved: 0.08GiB

### MULTI-TURN CONVERSATIONS ###
  Multi-turn Cache Hits: 26
  Multi-turn Cache Misses: 301
  Multi-turn Hit Rate: 8.0%

### QOS LATENCY METRICS (Informational - includes simulated generation) ###

  INTERACTIVE:
    Requests: 349
    Latency P95: 479355.37 ms
    Latency P99: 487541.81 ms
    SLA Met: [X] (compliance: 0.0%)

  RESPONSIVE:
    Requests: 64
    Latency P95: 184797.06 ms
    Latency P99: 276853.43 ms
    SLA Met: [X] (compliance: 0.0%)

  BATCH:
    Requests: 84
    Latency P95: 204602.09 ms
    Latency P99: 342365.93 ms
    SLA Met: [X] (compliance: 0.0%)

================================================================================
NOTES:
  - Pure storage I/O benchmark (no generation simulation)
================================================================================

Integrated Multi-User KV Cache Benchmark - MLPerf Edition
Model: Llama 3.1 8B
GPU Memory: 0 GB
Users: 200
Duration: 300s
Seed: 46
Generation Mode: none (0.0ms/token)
Features:
  - Phase-Aware Processing: Enabled
  - Multi-turn Conversations: Enabled
  - Prefix Caching: Enabled
  - RAG Workload: Disabled
  - Autoscaling: Disabled
  - QoS Support: Enabled (Interactive/Responsive/Batch)
  - Trace-Driven (BurstGPT): Disabled
  - ShareGPT Dataset: Disabled
  - Max Concurrent Allocations: 16 (bounds RAM usage)
================================================================================

User Context Length Distribution:
  Min: 664 tokens (83.00MiB)
  Max: 24710 tokens (3088.75MiB)
  Mean: 8822 tokens (1102.72MiB)

QoS Distribution:
  interactive: 21 users
  responsive: 72 users
  batch: 107 users

### MEMORY SAFETY CHECK ###
  Formula: peak = (workers x 2 x mean_entry_bytes) + baseline
         = (200 x 2 x 1000MiB) + 2.5GiB
         = 393.1GiB
  Available RAM: 990.8GiB
  Mean entry size: 1000MiB  (8000 tok x 131,072 B/tok)
  Peak per thread: 2000MiB  (np.load + np.array copy)
  Worker threads: 200
  Safe concurrent readers: ~505  = (available - baseline) / peak_per_thread
  Status: OK

Starting benchmark... Mode: standard (prefill+decode)
--------------------------------------------------------------------------------

================================================================================
BENCHMARK RESULTS - MLPerf KV Cache Storage Benchmark
Generation Mode: none (0.0ms/token)
================================================================================

IMPORTANT: All storage latencies below are measured per KV cache BLOCK,
not per token or per disk page.  Each block holds the full KV state for
one request (all layers, all heads, full sequence length).
  Model KV bytes/token: 131,072 bytes (128.0KiB)
  Entries in cache: 547
  Block size min:   26.2MiB
  Block size mean:  574.8MiB
  Block size P95:   1584.3MiB
  Block size max:   2841.1MiB
  A 200MiB block at 1GiB/s NVMe read = ~200 ms device latency.
  Compare latencies against block sizes, not against 4KiB page I/O.


### OVERALL PERFORMANCE ###
Requests Completed: 542
Total Tokens Generated: 94572
Throughput (wall-clock): 309.00 tokens/sec
Throughput (storage I/O): 4.12 tokens/sec
Requests/sec: 1.77

### END-TO-END LATENCY (Queue Wait + Storage I/O + Generation) ###
  Mean: 228856.60 ms
  P50:  218594.92 ms
  P95:  462082.13 ms
  P99:  485853.44 ms

### PER-REQUEST STORAGE LATENCY (All I/O ops for one request) ###
  Mean: 42357.63 ms
  P50:  26624.89 ms
  P95:  129680.80 ms
  P99:  182995.83 ms
  (= 1 prefill write + N decode reads per request)

### STORAGE PERFORMANCE ###
  Cache Hit Rate: 70.5%
  Total Read: 2054.40GiB
  Total Write: 307.05GiB
  Read/Write Ratio: 6.69
  Storage KV Read Operations/sec: 12.47
  Storage KV Write Operations/sec: 1.82

### CACHE TIER DISTRIBUTION ###
  GPU Entries: 0 (0.00GiB)
  CPU Entries: 0 (0.00GiB)
  Storage Entries: 547

### TIER-SPECIFIC KV BYTES ###
  Storage KV Bytes Written: 307.05GiB
  Storage KV Bytes Read: 2054.40GiB

### STORAGE KV BANDWIDTH ###
  Storage KV Read Bandwidth: 6.71GiB/s
  Storage KV Write Bandwidth: 1.00GiB/s

### TIER-SPECIFIC LATENCIES (Total = Host + Device) ###
  Storage Read P95 (Total): 17407.84 ms
  Storage Write P95 (Total): 9807.57 ms

### STORAGE TIER LATENCY BREAKDOWN (Device = Disk I/O, Host = Serialization) ###
  Storage Read:
    - Device P95 (Disk I/O): 15172.37 ms
    - Host P95 (Serialization): 5894.09 ms
    - Total P95: 17407.84 ms
  Storage Write:
    - Device P95 (Disk I/O): 1552.96 ms
    - Host P95 (Serialization): 9674.20 ms
    - Total P95: 9807.57 ms

### CACHE TYPE BREAKDOWNS ###
  System Prompt Hits: 644
  Common Phrase Hits: 0
  User Cache Hits: 2669
  Multi-turn Hits: 427

### PREFIX CACHING ###
  Prefix Hits: 106
  Prefix Misses: 441
  System Prompt Reuse: 106
  Bytes Saved: 0.09GiB

### MULTI-TURN CONVERSATIONS ###
  Multi-turn Cache Hits: 427
  Multi-turn Cache Misses: 1462
  Multi-turn Hit Rate: 22.6%

### QOS LATENCY METRICS (Informational - includes simulated generation) ###

  INTERACTIVE:
    Requests: 370
    Latency P95: 478343.53 ms
    Latency P99: 486334.48 ms
    SLA Met: [X] (compliance: 0.0%)

  RESPONSIVE:
    Requests: 71
    Latency P95: 182993.96 ms
    Latency P99: 211862.21 ms
    SLA Met: [X] (compliance: 0.0%)

  BATCH:
    Requests: 101
    Latency P95: 185420.76 ms
    Latency P99: 259452.71 ms
    SLA Met: [X] (compliance: 0.0%)

================================================================================
NOTES:
  - Pure storage I/O benchmark (no generation simulation)
================================================================================

Integrated Multi-User KV Cache Benchmark - MLPerf Edition
Model: Llama 3.1 8B
GPU Memory: 0 GB
Users: 200
Duration: 300s
Seed: 58
Generation Mode: none (0.0ms/token)
Features:
  - Phase-Aware Processing: Enabled
  - Multi-turn Conversations: Enabled
  - Prefix Caching: Enabled
  - RAG Workload: Disabled
  - Autoscaling: Disabled
  - QoS Support: Enabled (Interactive/Responsive/Batch)
  - Trace-Driven (BurstGPT): Disabled
  - ShareGPT Dataset: Disabled
  - Max Concurrent Allocations: 16 (bounds RAM usage)
================================================================================

User Context Length Distribution:
  Min: 513 tokens (64.12MiB)
  Max: 24790 tokens (3098.75MiB)
  Mean: 9045 tokens (1130.62MiB)

QoS Distribution:
  interactive: 26 users
  responsive: 61 users
  batch: 113 users

### MEMORY SAFETY CHECK ###
  Formula: peak = (workers x 2 x mean_entry_bytes) + baseline
         = (200 x 2 x 1000MiB) + 2.5GiB
         = 393.1GiB
  Available RAM: 988.7GiB
  Mean entry size: 1000MiB  (8000 tok x 131,072 B/tok)
  Peak per thread: 2000MiB  (np.load + np.array copy)
  Worker threads: 200
  Safe concurrent readers: ~504  = (available - baseline) / peak_per_thread
  Status: OK

Starting benchmark... Mode: standard (prefill+decode)
--------------------------------------------------------------------------------

================================================================================
BENCHMARK RESULTS - MLPerf KV Cache Storage Benchmark
Generation Mode: none (0.0ms/token)
================================================================================

IMPORTANT: All storage latencies below are measured per KV cache BLOCK,
not per token or per disk page.  Each block holds the full KV state for
one request (all layers, all heads, full sequence length).
  Model KV bytes/token: 131,072 bytes (128.0KiB)
  Entries in cache: 610
  Block size min:   18.5MiB
  Block size mean:  662.2MiB
  Block size P95:   1938.7MiB
  Block size max:   2880.5MiB
  A 200MiB block at 1GiB/s NVMe read = ~200 ms device latency.
  Compare latencies against block sizes, not against 4KiB page I/O.


### OVERALL PERFORMANCE ###
Requests Completed: 606
Total Tokens Generated: 91733
Throughput (wall-clock): 289.19 tokens/sec
Throughput (storage I/O): 4.18 tokens/sec
Requests/sec: 1.91

### END-TO-END LATENCY (Queue Wait + Storage I/O + Generation) ###
  Mean: 210698.00 ms
  P50:  181984.07 ms
  P95:  462640.93 ms
  P99:  481927.64 ms

### PER-REQUEST STORAGE LATENCY (All I/O ops for one request) ###
  Mean: 36218.47 ms
  P50:  20730.36 ms
  P95:  122315.85 ms
  P99:  218093.54 ms
  (= 1 prefill write + N decode reads per request)

### STORAGE PERFORMANCE ###
  Cache Hit Rate: 84.0%
  Total Read: 1678.58GiB
  Total Write: 394.48GiB
  Read/Write Ratio: 4.26
  Storage KV Read Operations/sec: 10.52
  Storage KV Write Operations/sec: 2.03

### CACHE TIER DISTRIBUTION ###
  GPU Entries: 0 (0.00GiB)
  CPU Entries: 0 (0.00GiB)
  Storage Entries: 610

### TIER-SPECIFIC KV BYTES ###
  Storage KV Bytes Written: 394.48GiB
  Storage KV Bytes Read: 1678.58GiB

### STORAGE KV BANDWIDTH ###
  Storage KV Read Bandwidth: 5.29GiB/s
  Storage KV Write Bandwidth: 1.24GiB/s

### TIER-SPECIFIC LATENCIES (Total = Host + Device) ###
  Storage Read P95 (Total): 19345.77 ms
  Storage Write P95 (Total): 10821.50 ms

### STORAGE TIER LATENCY BREAKDOWN (Device = Disk I/O, Host = Serialization) ###
  Storage Read:
    - Device P95 (Disk I/O): 17854.10 ms
    - Host P95 (Serialization): 6060.14 ms
    - Total P95: 19345.77 ms
  Storage Write:
    - Device P95 (Disk I/O): 1129.79 ms
    - Host P95 (Serialization): 10799.81 ms
    - Total P95: 10821.50 ms

### CACHE TYPE BREAKDOWNS ###
  System Prompt Hits: 573
  Common Phrase Hits: 0
  User Cache Hits: 2534
  Multi-turn Hits: 48

### PREFIX CACHING ###
  Prefix Hits: 111
  Prefix Misses: 499
  System Prompt Reuse: 111
  Bytes Saved: 0.09GiB

### MULTI-TURN CONVERSATIONS ###
  Multi-turn Cache Hits: 48
  Multi-turn Cache Misses: 489
  Multi-turn Hit Rate: 8.9%

### QOS LATENCY METRICS (Informational - includes simulated generation) ###

  INTERACTIVE:
    Requests: 454
    Latency P95: 470049.73 ms
    Latency P99: 483911.97 ms
    SLA Met: [X] (compliance: 0.0%)

  RESPONSIVE:
    Requests: 73
    Latency P95: 201234.74 ms
    Latency P99: 249370.76 ms
    SLA Met: [X] (compliance: 0.0%)

  BATCH:
    Requests: 79
    Latency P95: 152298.64 ms
    Latency P99: 294836.28 ms
    SLA Met: [X] (compliance: 0.0%)

================================================================================
NOTES:
  - Pure storage I/O benchmark (no generation simulation)
================================================================================

Integrated Multi-User KV Cache Benchmark - MLPerf Edition
Model: Llama 3.1 8B
GPU Memory: 0 GB
Users: 200
Duration: 300s
Seed: 190
Generation Mode: none (0.0ms/token)
Features:
  - Phase-Aware Processing: Enabled
  - Multi-turn Conversations: Enabled
  - Prefix Caching: Enabled
  - RAG Workload: Disabled
  - Autoscaling: Disabled
  - QoS Support: Enabled (Interactive/Responsive/Batch)
  - Trace-Driven (BurstGPT): Disabled
  - ShareGPT Dataset: Disabled
  - Max Concurrent Allocations: 16 (bounds RAM usage)
================================================================================

User Context Length Distribution:
  Min: 645 tokens (80.62MiB)
  Max: 24780 tokens (3097.50MiB)
  Mean: 9590 tokens (1198.78MiB)

QoS Distribution:
  interactive: 26 users
  responsive: 87 users
  batch: 87 users

### MEMORY SAFETY CHECK ###
  Formula: peak = (workers x 2 x mean_entry_bytes) + baseline
         = (200 x 2 x 1000MiB) + 2.5GiB
         = 393.1GiB
  Available RAM: 991.1GiB
  Mean entry size: 1000MiB  (8000 tok x 131,072 B/tok)
  Peak per thread: 2000MiB  (np.load + np.array copy)
  Worker threads: 200
  Safe concurrent readers: ~506  = (available - baseline) / peak_per_thread
  Status: OK

Starting benchmark... Mode: standard (prefill+decode)
--------------------------------------------------------------------------------

================================================================================
BENCHMARK RESULTS - MLPerf KV Cache Storage Benchmark
Generation Mode: none (0.0ms/token)
================================================================================

IMPORTANT: All storage latencies below are measured per KV cache BLOCK,
not per token or per disk page.  Each block holds the full KV state for
one request (all layers, all heads, full sequence length).
  Model KV bytes/token: 131,072 bytes (128.0KiB)
  Entries in cache: 588
  Block size min:   22.2MiB
  Block size mean:  709.3MiB
  Block size P95:   1978.1MiB
  Block size max:   2928.0MiB
  A 200MiB block at 1GiB/s NVMe read = ~200 ms device latency.
  Compare latencies against block sizes, not against 4KiB page I/O.


### OVERALL PERFORMANCE ###
Requests Completed: 586
Total Tokens Generated: 103983
Throughput (wall-clock): 344.36 tokens/sec
Throughput (storage I/O): 4.05 tokens/sec
Requests/sec: 1.94

### END-TO-END LATENCY (Queue Wait + Storage I/O + Generation) ###
  Mean: 219244.95 ms
  P50:  189257.78 ms
  P95:  477830.22 ms
  P99:  484396.49 ms

### PER-REQUEST STORAGE LATENCY (All I/O ops for one request) ###
  Mean: 43795.74 ms
  P50:  24518.53 ms
  P95:  147536.15 ms
  P99:  214628.54 ms
  (= 1 prefill write + N decode reads per request)

### STORAGE PERFORMANCE ###
  Cache Hit Rate: 77.3%
  Total Read: 1690.56GiB
  Total Write: 407.27GiB
  Read/Write Ratio: 4.15
  Storage KV Read Operations/sec: 10.65
  Storage KV Write Operations/sec: 1.96

### CACHE TIER DISTRIBUTION ###
  GPU Entries: 0 (0.00GiB)
  CPU Entries: 0 (0.00GiB)
  Storage Entries: 588

### TIER-SPECIFIC KV BYTES ###
  Storage KV Bytes Written: 407.27GiB
  Storage KV Bytes Read: 1690.56GiB

### STORAGE KV BANDWIDTH ###
  Storage KV Read Bandwidth: 5.60GiB/s
  Storage KV Write Bandwidth: 1.35GiB/s

### TIER-SPECIFIC LATENCIES (Total = Host + Device) ###
  Storage Read P95 (Total): 19617.28 ms
  Storage Write P95 (Total): 12536.60 ms

### STORAGE TIER LATENCY BREAKDOWN (Device = Disk I/O, Host = Serialization) ###
  Storage Read:
    - Device P95 (Disk I/O): 17559.79 ms
    - Host P95 (Serialization): 8078.99 ms
    - Total P95: 19617.28 ms
  Storage Write:
    - Device P95 (Disk I/O): 1904.51 ms
    - Host P95 (Serialization): 12473.14 ms
    - Total P95: 12536.60 ms

### CACHE TYPE BREAKDOWNS ###
  System Prompt Hits: 637
  Common Phrase Hits: 0
  User Cache Hits: 2480
  Multi-turn Hits: 77

### PREFIX CACHING ###
  Prefix Hits: 115
  Prefix Misses: 473
  System Prompt Reuse: 115
  Bytes Saved: 0.09GiB

### MULTI-TURN CONVERSATIONS ###
  Multi-turn Cache Hits: 77
  Multi-turn Cache Misses: 824
  Multi-turn Hit Rate: 8.5%

### QOS LATENCY METRICS (Informational - includes simulated generation) ###

  INTERACTIVE:
    Requests: 425
    Latency P95: 479459.98 ms
    Latency P99: 486477.37 ms
    SLA Met: [X] (compliance: 0.0%)

  RESPONSIVE:
    Requests: 103
    Latency P95: 190916.51 ms
    Latency P99: 343350.56 ms
    SLA Met: [X] (compliance: 0.0%)

  BATCH:
    Requests: 58
    Latency P95: 119699.77 ms
    Latency P99: 126722.87 ms
    SLA Met: [X] (compliance: 0.0%)

================================================================================
NOTES:
  - Pure storage I/O benchmark (no generation simulation)
================================================================================

Integrated Multi-User KV Cache Benchmark - MLPerf Edition
Model: Llama 3.1 8B
GPU Memory: 0 GB
Users: 200
Duration: 300s
Seed: 117
Generation Mode: none (0.0ms/token)
Features:
  - Phase-Aware Processing: Enabled
  - Multi-turn Conversations: Enabled
  - Prefix Caching: Enabled
  - RAG Workload: Disabled
  - Autoscaling: Disabled
  - QoS Support: Enabled (Interactive/Responsive/Batch)
  - Trace-Driven (BurstGPT): Disabled
  - ShareGPT Dataset: Disabled
  - Max Concurrent Allocations: 16 (bounds RAM usage)
================================================================================

User Context Length Distribution:
  Min: 639 tokens (79.88MiB)
  Max: 24952 tokens (3119.00MiB)
  Mean: 9497 tokens (1187.16MiB)

QoS Distribution:
  interactive: 29 users
  responsive: 70 users
  batch: 101 users

### MEMORY SAFETY CHECK ###
  Formula: peak = (workers x 2 x mean_entry_bytes) + baseline
         = (200 x 2 x 1000MiB) + 2.5GiB
         = 393.1GiB
  Available RAM: 991.3GiB
  Mean entry size: 1000MiB  (8000 tok x 131,072 B/tok)
  Peak per thread: 2000MiB  (np.load + np.array copy)
  Worker threads: 200
  Safe concurrent readers: ~506  = (available - baseline) / peak_per_thread
  Status: OK

Starting benchmark... Mode: standard (prefill+decode)
--------------------------------------------------------------------------------

================================================================================
BENCHMARK RESULTS - MLPerf KV Cache Storage Benchmark
Generation Mode: none (0.0ms/token)
================================================================================

IMPORTANT: All storage latencies below are measured per KV cache BLOCK,
not per token or per disk page.  Each block holds the full KV state for
one request (all layers, all heads, full sequence length).
  Model KV bytes/token: 131,072 bytes (128.0KiB)
  Entries in cache: 578
  Block size min:   24.9MiB
  Block size mean:  782.3MiB
  Block size P95:   2278.9MiB
  Block size max:   3053.2MiB
  A 200MiB block at 1GiB/s NVMe read = ~200 ms device latency.
  Compare latencies against block sizes, not against 4KiB page I/O.


### OVERALL PERFORMANCE ###
Requests Completed: 573
Total Tokens Generated: 98455
Throughput (wall-clock): 321.82 tokens/sec
Throughput (storage I/O): 3.79 tokens/sec
Requests/sec: 1.87

### END-TO-END LATENCY (Queue Wait + Storage I/O + Generation) ###
  Mean: 219176.99 ms
  P50:  196376.63 ms
  P95:  470876.93 ms
  P99:  483926.08 ms

### PER-REQUEST STORAGE LATENCY (All I/O ops for one request) ###
  Mean: 45348.60 ms
  P50:  25963.94 ms
  P95:  150898.44 ms
  P99:  214856.26 ms
  (= 1 prefill write + N decode reads per request)

### STORAGE PERFORMANCE ###
  Cache Hit Rate: 66.3%
  Total Read: 1909.24GiB
  Total Write: 441.59GiB
  Read/Write Ratio: 4.32
  Storage KV Read Operations/sec: 10.63
  Storage KV Write Operations/sec: 1.93

### CACHE TIER DISTRIBUTION ###
  GPU Entries: 0 (0.00GiB)
  CPU Entries: 0 (0.00GiB)
  Storage Entries: 578

### TIER-SPECIFIC KV BYTES ###
  Storage KV Bytes Written: 441.59GiB
  Storage KV Bytes Read: 1909.24GiB

### STORAGE KV BANDWIDTH ###
  Storage KV Read Bandwidth: 6.24GiB/s
  Storage KV Write Bandwidth: 1.44GiB/s

### TIER-SPECIFIC LATENCIES (Total = Host + Device) ###
  Storage Read P95 (Total): 22618.02 ms
  Storage Write P95 (Total): 11815.00 ms

### STORAGE TIER LATENCY BREAKDOWN (Device = Disk I/O, Host = Serialization) ###
  Storage Read:
    - Device P95 (Disk I/O): 18291.29 ms
    - Host P95 (Serialization): 8587.98 ms
    - Total P95: 22618.02 ms
  Storage Write:
    - Device P95 (Disk I/O): 1616.99 ms
    - Host P95 (Serialization): 11424.47 ms
    - Total P95: 11815.00 ms

### CACHE TYPE BREAKDOWNS ###
  System Prompt Hits: 639
  Common Phrase Hits: 0
  User Cache Hits: 2233
  Multi-turn Hits: 316

### PREFIX CACHING ###
  Prefix Hits: 132
  Prefix Misses: 447
  System Prompt Reuse: 132
  Bytes Saved: 0.10GiB

### MULTI-TURN CONVERSATIONS ###
  Multi-turn Cache Hits: 316
  Multi-turn Cache Misses: 1491
  Multi-turn Hit Rate: 17.5%

### QOS LATENCY METRICS (Informational - includes simulated generation) ###

  INTERACTIVE:
    Requests: 424
    Latency P95: 476200.89 ms
    Latency P99: 484668.41 ms
    SLA Met: [X] (compliance: 0.0%)

  RESPONSIVE:
    Requests: 72
    Latency P95: 191272.74 ms
    Latency P99: 258650.57 ms
    SLA Met: [X] (compliance: 0.0%)

  BATCH:
    Requests: 77
    Latency P95: 162939.88 ms
    Latency P99: 233459.31 ms
    SLA Met: [X] (compliance: 0.0%)

================================================================================
NOTES:
  - Pure storage I/O benchmark (no generation simulation)
================================================================================

Integrated Multi-User KV Cache Benchmark - MLPerf Edition
Model: Llama 3.1 8B
GPU Memory: 0 GB
Users: 200
Duration: 300s
Seed: 95
Generation Mode: none (0.0ms/token)
Features:
  - Phase-Aware Processing: Enabled
  - Multi-turn Conversations: Enabled
  - Prefix Caching: Enabled
  - RAG Workload: Disabled
  - Autoscaling: Disabled
  - QoS Support: Enabled (Interactive/Responsive/Batch)
  - Trace-Driven (BurstGPT): Disabled
  - ShareGPT Dataset: Disabled
  - Max Concurrent Allocations: 16 (bounds RAM usage)
================================================================================

User Context Length Distribution:
  Min: 520 tokens (65.00MiB)
  Max: 24616 tokens (3077.00MiB)
  Mean: 9083 tokens (1135.42MiB)

QoS Distribution:
  interactive: 39 users
  responsive: 57 users
  batch: 104 users

### MEMORY SAFETY CHECK ###
  Formula: peak = (workers x 2 x mean_entry_bytes) + baseline
         = (200 x 2 x 1000MiB) + 2.5GiB
         = 393.1GiB
  Available RAM: 990.5GiB
  Mean entry size: 1000MiB  (8000 tok x 131,072 B/tok)
  Peak per thread: 2000MiB  (np.load + np.array copy)
  Worker threads: 200
  Safe concurrent readers: ~505  = (available - baseline) / peak_per_thread
  Status: OK

Starting benchmark... Mode: standard (prefill+decode)
--------------------------------------------------------------------------------

================================================================================
BENCHMARK RESULTS - MLPerf KV Cache Storage Benchmark
Generation Mode: none (0.0ms/token)
================================================================================

IMPORTANT: All storage latencies below are measured per KV cache BLOCK,
not per token or per disk page.  Each block holds the full KV state for
one request (all layers, all heads, full sequence length).
  Model KV bytes/token: 131,072 bytes (128.0KiB)
  Entries in cache: 624
  Block size min:   17.0MiB
  Block size mean:  663.8MiB
  Block size P95:   1957.1MiB
  Block size max:   2719.9MiB
  A 200MiB block at 1GiB/s NVMe read = ~200 ms device latency.
  Compare latencies against block sizes, not against 4KiB page I/O.


### OVERALL PERFORMANCE ###
Requests Completed: 620
Total Tokens Generated: 104745
Throughput (wall-clock): 342.06 tokens/sec
Throughput (storage I/O): 4.20 tokens/sec
Requests/sec: 2.02

### END-TO-END LATENCY (Queue Wait + Storage I/O + Generation) ###
  Mean: 215955.64 ms
  P50:  198378.91 ms
  P95:  467650.68 ms
  P99:  486825.99 ms

### PER-REQUEST STORAGE LATENCY (All I/O ops for one request) ###
  Mean: 40227.24 ms
  P50:  26042.75 ms
  P95:  117923.78 ms
  P99:  186497.71 ms
  (= 1 prefill write + N decode reads per request)

### STORAGE PERFORMANCE ###
  Cache Hit Rate: 69.7%
  Total Read: 2285.05GiB
  Total Write: 404.52GiB
  Read/Write Ratio: 5.65
  Storage KV Read Operations/sec: 13.46
  Storage KV Write Operations/sec: 2.08

### CACHE TIER DISTRIBUTION ###
  GPU Entries: 0 (0.00GiB)
  CPU Entries: 0 (0.00GiB)
  Storage Entries: 624

### TIER-SPECIFIC KV BYTES ###
  Storage KV Bytes Written: 404.52GiB
  Storage KV Bytes Read: 2285.05GiB

### STORAGE KV BANDWIDTH ###
  Storage KV Read Bandwidth: 7.46GiB/s
  Storage KV Write Bandwidth: 1.32GiB/s

### TIER-SPECIFIC LATENCIES (Total = Host + Device) ###
  Storage Read P95 (Total): 17650.48 ms
  Storage Write P95 (Total): 8318.29 ms

### STORAGE TIER LATENCY BREAKDOWN (Device = Disk I/O, Host = Serialization) ###
  Storage Read:
    - Device P95 (Disk I/O): 13903.74 ms
    - Host P95 (Serialization): 6100.97 ms
    - Total P95: 17650.48 ms
  Storage Write:
    - Device P95 (Disk I/O): 1056.24 ms
    - Host P95 (Serialization): 8028.10 ms
    - Total P95: 8318.29 ms

### CACHE TYPE BREAKDOWNS ###
  System Prompt Hits: 659
  Common Phrase Hits: 0
  User Cache Hits: 2704
  Multi-turn Hits: 675

### PREFIX CACHING ###
  Prefix Hits: 118
  Prefix Misses: 506
  System Prompt Reuse: 118
  Bytes Saved: 0.10GiB

### MULTI-TURN CONVERSATIONS ###
  Multi-turn Cache Hits: 675
  Multi-turn Cache Misses: 1638
  Multi-turn Hit Rate: 29.2%

### QOS LATENCY METRICS (Informational - includes simulated generation) ###

  INTERACTIVE:
    Requests: 489
    Latency P95: 477233.77 ms
    Latency P99: 487031.24 ms
    SLA Met: [X] (compliance: 0.0%)

  RESPONSIVE:
    Requests: 82
    Latency P95: 145423.38 ms
    Latency P99: 251346.75 ms
    SLA Met: [X] (compliance: 0.0%)

  BATCH:
    Requests: 49
    Latency P95: 85349.00 ms
    Latency P99: 155063.60 ms
    SLA Met: [X] (compliance: 0.0%)

================================================================================
NOTES:
  - Pure storage I/O benchmark (no generation simulation)
================================================================================

Integrated Multi-User KV Cache Benchmark - MLPerf Edition
Model: Llama 3.1 8B
GPU Memory: 0 GB
Users: 200
Duration: 300s
Seed: 60
Generation Mode: none (0.0ms/token)
Features:
  - Phase-Aware Processing: Enabled
  - Multi-turn Conversations: Enabled
  - Prefix Caching: Enabled
  - RAG Workload: Disabled
  - Autoscaling: Disabled
  - QoS Support: Enabled (Interactive/Responsive/Batch)
  - Trace-Driven (BurstGPT): Disabled
  - ShareGPT Dataset: Disabled
  - Max Concurrent Allocations: 16 (bounds RAM usage)
================================================================================

User Context Length Distribution:
  Min: 549 tokens (68.62MiB)
  Max: 24937 tokens (3117.12MiB)
  Mean: 9373 tokens (1171.61MiB)

QoS Distribution:
  interactive: 28 users
  responsive: 64 users
  batch: 108 users

### MEMORY SAFETY CHECK ###
  Formula: peak = (workers x 2 x mean_entry_bytes) + baseline
         = (200 x 2 x 1000MiB) + 2.5GiB
         = 393.1GiB
  Available RAM: 990.4GiB
  Mean entry size: 1000MiB  (8000 tok x 131,072 B/tok)
  Peak per thread: 2000MiB  (np.load + np.array copy)
  Worker threads: 200
  Safe concurrent readers: ~505  = (available - baseline) / peak_per_thread
  Status: OK

Starting benchmark... Mode: standard (prefill+decode)
--------------------------------------------------------------------------------

================================================================================
BENCHMARK RESULTS - MLPerf KV Cache Storage Benchmark
Generation Mode: none (0.0ms/token)
================================================================================

IMPORTANT: All storage latencies below are measured per KV cache BLOCK,
not per token or per disk page.  Each block holds the full KV state for
one request (all layers, all heads, full sequence length).
  Model KV bytes/token: 131,072 bytes (128.0KiB)
  Entries in cache: 632
  Block size min:   23.9MiB
  Block size mean:  733.7MiB
  Block size P95:   2183.9MiB
  Block size max:   3078.0MiB
  A 200MiB block at 1GiB/s NVMe read = ~200 ms device latency.
  Compare latencies against block sizes, not against 4KiB page I/O.


### OVERALL PERFORMANCE ###
Requests Completed: 631
Total Tokens Generated: 96499
Throughput (wall-clock): 306.08 tokens/sec
Throughput (storage I/O): 4.80 tokens/sec
Requests/sec: 2.00

### END-TO-END LATENCY (Queue Wait + Storage I/O + Generation) ###
  Mean: 220247.12 ms
  P50:  189921.78 ms
  P95:  482034.49 ms
  P99:  486988.52 ms

### PER-REQUEST STORAGE LATENCY (All I/O ops for one request) ###
  Mean: 31834.56 ms
  P50:  18911.20 ms
  P95:  108121.05 ms
  P99:  171637.25 ms
  (= 1 prefill write + N decode reads per request)

### STORAGE PERFORMANCE ###
  Cache Hit Rate: 77.6%
  Total Read: 1389.94GiB
  Total Write: 452.81GiB
  Read/Write Ratio: 3.07
  Storage KV Read Operations/sec: 9.30
  Storage KV Write Operations/sec: 2.11

### CACHE TIER DISTRIBUTION ###
  GPU Entries: 0 (0.00GiB)
  CPU Entries: 0 (0.00GiB)
  Storage Entries: 632

### TIER-SPECIFIC KV BYTES ###
  Storage KV Bytes Written: 452.81GiB
  Storage KV Bytes Read: 1389.94GiB

### STORAGE KV BANDWIDTH ###
  Storage KV Read Bandwidth: 4.41GiB/s
  Storage KV Write Bandwidth: 1.44GiB/s

### TIER-SPECIFIC LATENCIES (Total = Host + Device) ###
  Storage Read P95 (Total): 17802.26 ms
  Storage Write P95 (Total): 11513.60 ms

### STORAGE TIER LATENCY BREAKDOWN (Device = Disk I/O, Host = Serialization) ###
  Storage Read:
    - Device P95 (Disk I/O): 15594.04 ms
    - Host P95 (Serialization): 8877.83 ms
    - Total P95: 17802.26 ms
  Storage Write:
    - Device P95 (Disk I/O): 1346.09 ms
    - Host P95 (Serialization): 11376.18 ms
    - Total P95: 11513.60 ms

### CACHE TYPE BREAKDOWNS ###
  System Prompt Hits: 574
  Common Phrase Hits: 0
  User Cache Hits: 2172
  Multi-turn Hits: 43

### PREFIX CACHING ###
  Prefix Hits: 129
  Prefix Misses: 503
  System Prompt Reuse: 129
  Bytes Saved: 0.11GiB

### MULTI-TURN CONVERSATIONS ###
  Multi-turn Cache Hits: 43
  Multi-turn Cache Misses: 678
  Multi-turn Hit Rate: 6.0%

### QOS LATENCY METRICS (Informational - includes simulated generation) ###

  INTERACTIVE:
    Requests: 477
    Latency P95: 483220.21 ms
    Latency P99: 487462.63 ms
    SLA Met: [X] (compliance: 0.0%)

  RESPONSIVE:
    Requests: 73
    Latency P95: 184260.23 ms
    Latency P99: 229212.00 ms
    SLA Met: [X] (compliance: 0.0%)

  BATCH:
    Requests: 81
    Latency P95: 162337.29 ms
    Latency P99: 265351.70 ms
    SLA Met: [X] (compliance: 0.0%)

================================================================================
NOTES:
  - Pure storage I/O benchmark (no generation simulation)
================================================================================
KV Cache Wrapper - Start delay for 90 seconds
KV Cache Wrapper - Starting benchmark pass...
KV Cache Wrapper - End delay for 90 seconds
KV Cache Wrapper - Finished benchmark pass
KV Cache Wrapper - Start delay for 90 seconds
KV Cache Wrapper - Starting benchmark pass...
KV Cache Wrapper - End delay for 90 seconds
KV Cache Wrapper - Finished benchmark pass
KV Cache Wrapper - Start delay for 90 seconds
KV Cache Wrapper - Starting benchmark pass...
KV Cache Wrapper - End delay for 90 seconds
KV Cache Wrapper - Finished benchmark pass
KV Cache Wrapper - Start delay for 90 seconds
KV Cache Wrapper - Starting benchmark pass...
KV Cache Wrapper - End delay for 90 seconds
KV Cache Wrapper - Finished benchmark pass
KV Cache Wrapper - Start delay for 90 seconds
KV Cache Wrapper - Starting benchmark pass...
KV Cache Wrapper - End delay for 90 seconds
KV Cache Wrapper - Finished benchmark pass
KV Cache Wrapper - Start delay for 90 seconds
KV Cache Wrapper - Starting benchmark pass...
KV Cache Wrapper - End delay for 90 seconds
KV Cache Wrapper - Finished benchmark pass
KV Cache Wrapper - Start delay for 90 seconds
KV Cache Wrapper - Starting benchmark pass...
KV Cache Wrapper - End delay for 90 seconds
KV Cache Wrapper - Finished benchmark pass
KV Cache Wrapper - Start delay for 90 seconds
KV Cache Wrapper - Starting benchmark pass...
KV Cache Wrapper - End delay for 90 seconds
KV Cache Wrapper - Finished benchmark pass
KV Cache Wrapper - Start delay for 90 seconds
KV Cache Wrapper - Starting benchmark pass...
KV Cache Wrapper - End delay for 90 seconds
KV Cache Wrapper - Finished benchmark pass
KV Cache Wrapper - Start delay for 90 seconds
KV Cache Wrapper - Starting benchmark pass...
KV Cache Wrapper - End delay for 90 seconds
KV Cache Wrapper - Finished benchmark pass
KV Cache Wrapper - Start delay for 90 seconds
KV Cache Wrapper - Starting benchmark pass...
KV Cache Wrapper - End delay for 90 seconds
KV Cache Wrapper - Finished benchmark pass
KV Cache Wrapper - Start delay for 90 seconds
KV Cache Wrapper - Starting benchmark pass...
KV Cache Wrapper - End delay for 90 seconds
KV Cache Wrapper - Finished benchmark pass
KV Cache Wrapper - Start delay for 90 seconds
KV Cache Wrapper - Starting benchmark pass...
KV Cache Wrapper - End delay for 90 seconds
KV Cache Wrapper - Finished benchmark pass
KV Cache Wrapper - Start delay for 90 seconds
KV Cache Wrapper - Starting benchmark pass...
KV Cache Wrapper - End delay for 90 seconds
KV Cache Wrapper - Finished benchmark pass
KV Cache Wrapper - Start delay for 90 seconds
KV Cache Wrapper - Starting benchmark pass...
KV Cache Wrapper - End delay for 90 seconds
KV Cache Wrapper - Finished benchmark pass
KV Cache Wrapper - Start delay for 90 seconds
KV Cache Wrapper - Starting benchmark pass...
KV Cache Wrapper - End delay for 90 seconds
KV Cache Wrapper - Finished benchmark pass
KV Cache Wrapper - Start delay for 90 seconds
KV Cache Wrapper - Starting benchmark pass...
KV Cache Wrapper - End delay for 90 seconds
KV Cache Wrapper - Finished benchmark pass
KV Cache Wrapper - Start delay for 90 seconds
KV Cache Wrapper - Starting benchmark pass...
KV Cache Wrapper - End delay for 90 seconds
KV Cache Wrapper - Finished benchmark pass
KV Cache Wrapper - Start delay for 90 seconds
KV Cache Wrapper - Starting benchmark pass...
KV Cache Wrapper - End delay for 90 seconds
KV Cache Wrapper - Finished benchmark pass
KV Cache Wrapper - Start delay for 90 seconds
KV Cache Wrapper - Starting benchmark pass...
KV Cache Wrapper - End delay for 90 seconds
KV Cache Wrapper - Finished benchmark pass
KV Cache Wrapper - Start delay for 90 seconds
KV Cache Wrapper - Starting benchmark pass...
KV Cache Wrapper - End delay for 90 seconds
KV Cache Wrapper - Finished benchmark pass
KV Cache Wrapper - Start delay for 90 seconds
KV Cache Wrapper - Starting benchmark pass...
KV Cache Wrapper - End delay for 90 seconds
KV Cache Wrapper - Finished benchmark pass
KV Cache Wrapper - Start delay for 90 seconds
KV Cache Wrapper - Starting benchmark pass...
KV Cache Wrapper - End delay for 90 seconds
KV Cache Wrapper - Finished benchmark pass
KV Cache Wrapper - Start delay for 90 seconds
KV Cache Wrapper - Starting benchmark pass...
KV Cache Wrapper - End delay for 90 seconds
KV Cache Wrapper - Finished benchmark pass
KV Cache Wrapper - Start delay for 90 seconds
KV Cache Wrapper - Starting benchmark pass...
KV Cache Wrapper - End delay for 90 seconds
KV Cache Wrapper - Finished benchmark pass
KV Cache Wrapper - Start delay for 90 seconds
KV Cache Wrapper - Starting benchmark pass...
KV Cache Wrapper - End delay for 90 seconds
KV Cache Wrapper - Finished benchmark pass
KV Cache Wrapper - Start delay for 90 seconds
KV Cache Wrapper - Starting benchmark pass...
KV Cache Wrapper - End delay for 90 seconds
KV Cache Wrapper - Finished benchmark pass
KV Cache Wrapper - Start delay for 90 seconds
KV Cache Wrapper - Starting benchmark pass...
KV Cache Wrapper - End delay for 90 seconds
KV Cache Wrapper - Finished benchmark pass
KV Cache Wrapper - Start delay for 90 seconds
KV Cache Wrapper - Starting benchmark pass...
KV Cache Wrapper - End delay for 90 seconds
KV Cache Wrapper - Finished benchmark pass
KV Cache Wrapper - Start delay for 90 seconds
KV Cache Wrapper - Starting benchmark pass...
KV Cache Wrapper - End delay for 90 seconds
KV Cache Wrapper - Finished benchmark pass
KV Cache Wrapper - Start delay for 90 seconds
KV Cache Wrapper - Starting benchmark pass...
KV Cache Wrapper - End delay for 90 seconds
KV Cache Wrapper - Finished benchmark pass
KV Cache Wrapper - Start delay for 90 seconds
KV Cache Wrapper - Starting benchmark pass...
KV Cache Wrapper - End delay for 90 seconds
KV Cache Wrapper - Finished benchmark pass
KV Cache Wrapper - Start delay for 90 seconds
KV Cache Wrapper - Starting benchmark pass...
KV Cache Wrapper - End delay for 90 seconds
KV Cache Wrapper - Finished benchmark pass
KV Cache Wrapper - Start delay for 90 seconds
KV Cache Wrapper - Starting benchmark pass...
KV Cache Wrapper - End delay for 90 seconds
KV Cache Wrapper - Finished benchmark pass
KV Cache Wrapper - Start delay for 90 seconds
KV Cache Wrapper - Starting benchmark pass...
KV Cache Wrapper - End delay for 90 seconds
KV Cache Wrapper - Finished benchmark pass
KV Cache Wrapper - Start delay for 90 seconds
KV Cache Wrapper - Starting benchmark pass...
KV Cache Wrapper - End delay for 90 seconds
KV Cache Wrapper - Finished benchmark pass
KV Cache Wrapper - Start delay for 90 seconds
KV Cache Wrapper - Starting benchmark pass...
KV Cache Wrapper - End delay for 90 seconds
KV Cache Wrapper - Finished benchmark pass
KV Cache Wrapper - Start delay for 90 seconds
KV Cache Wrapper - Starting benchmark pass...
KV Cache Wrapper - End delay for 90 seconds
KV Cache Wrapper - Finished benchmark pass
KV Cache Wrapper - Start delay for 90 seconds
KV Cache Wrapper - Starting benchmark pass...
KV Cache Wrapper - End delay for 90 seconds
KV Cache Wrapper - Finished benchmark pass
KV Cache Wrapper - Start delay for 90 seconds
KV Cache Wrapper - Starting benchmark pass...
KV Cache Wrapper - End delay for 90 seconds
KV Cache Wrapper - Finished benchmark pass
KV Cache Wrapper - Start delay for 90 seconds
KV Cache Wrapper - Starting benchmark pass...
KV Cache Wrapper - End delay for 90 seconds
KV Cache Wrapper - Finished benchmark pass
KV Cache Wrapper - Start delay for 90 seconds
KV Cache Wrapper - Starting benchmark pass...
KV Cache Wrapper - End delay for 90 seconds
KV Cache Wrapper - Finished benchmark pass
KV Cache Wrapper - Start delay for 90 seconds
KV Cache Wrapper - Starting benchmark pass...
KV Cache Wrapper - End delay for 90 seconds
KV Cache Wrapper - Finished benchmark pass
KV Cache Wrapper - Start delay for 90 seconds
KV Cache Wrapper - Starting benchmark pass...
KV Cache Wrapper - End delay for 90 seconds
KV Cache Wrapper - Finished benchmark pass
KV Cache Wrapper - Start delay for 90 seconds
KV Cache Wrapper - Starting benchmark pass...
KV Cache Wrapper - End delay for 90 seconds
KV Cache Wrapper - Finished benchmark pass
KV Cache Wrapper - Start delay for 90 seconds
KV Cache Wrapper - Starting benchmark pass...
KV Cache Wrapper - End delay for 90 seconds
KV Cache Wrapper - Finished benchmark pass
KV Cache Wrapper - Start delay for 90 seconds
KV Cache Wrapper - Starting benchmark pass...
KV Cache Wrapper - End delay for 90 seconds
KV Cache Wrapper - Finished benchmark pass
KV Cache Wrapper - Start delay for 90 seconds
KV Cache Wrapper - Starting benchmark pass...
KV Cache Wrapper - End delay for 90 seconds
KV Cache Wrapper - Finished benchmark pass
KV Cache Wrapper - Start delay for 90 seconds
KV Cache Wrapper - Starting benchmark pass...
KV Cache Wrapper - End delay for 90 seconds
KV Cache Wrapper - Finished benchmark pass
KV Cache Wrapper - Start delay for 90 seconds
KV Cache Wrapper - Starting benchmark pass...
KV Cache Wrapper - End delay for 90 seconds
KV Cache Wrapper - Finished benchmark pass
KV Cache Wrapper - Start delay for 90 seconds
KV Cache Wrapper - Starting benchmark pass...
KV Cache Wrapper - End delay for 90 seconds
KV Cache Wrapper - Finished benchmark pass
KV Cache Wrapper - Start delay for 90 seconds
KV Cache Wrapper - Starting benchmark pass...
KV Cache Wrapper - End delay for 90 seconds
KV Cache Wrapper - Finished benchmark pass
KV Cache Wrapper - Start delay for 90 seconds
KV Cache Wrapper - Starting benchmark pass...
KV Cache Wrapper - End delay for 90 seconds
KV Cache Wrapper - Finished benchmark pass
KV Cache Wrapper - Start delay for 90 seconds
KV Cache Wrapper - Starting benchmark pass...
KV Cache Wrapper - End delay for 90 seconds
KV Cache Wrapper - Finished benchmark pass
KV Cache Wrapper - Start delay for 90 seconds
KV Cache Wrapper - Starting benchmark pass...
KV Cache Wrapper - End delay for 90 seconds
KV Cache Wrapper - Finished benchmark pass
KV Cache Wrapper - Start delay for 90 seconds
KV Cache Wrapper - Starting benchmark pass...
KV Cache Wrapper - End delay for 90 seconds
KV Cache Wrapper - Finished benchmark pass
KV Cache Wrapper - Start delay for 90 seconds
KV Cache Wrapper - Starting benchmark pass...
KV Cache Wrapper - End delay for 90 seconds
KV Cache Wrapper - Finished benchmark pass
KV Cache Wrapper - Start delay for 90 seconds
KV Cache Wrapper - Starting benchmark pass...
KV Cache Wrapper - End delay for 90 seconds
KV Cache Wrapper - Finished benchmark pass
KV Cache Wrapper - Start delay for 90 seconds
KV Cache Wrapper - Starting benchmark pass...
KV Cache Wrapper - End delay for 90 seconds
KV Cache Wrapper - Finished benchmark pass
KV Cache Wrapper - Start delay for 90 seconds
KV Cache Wrapper - Starting benchmark pass...
KV Cache Wrapper - End delay for 90 seconds
KV Cache Wrapper - Finished benchmark pass
KV Cache Wrapper - Start delay for 90 seconds
KV Cache Wrapper - Starting benchmark pass...
KV Cache Wrapper - End delay for 90 seconds
KV Cache Wrapper - Finished benchmark pass
KV Cache Wrapper - Start delay for 90 seconds
KV Cache Wrapper - Starting benchmark pass...
KV Cache Wrapper - End delay for 90 seconds
KV Cache Wrapper - Finished benchmark pass
KV Cache Wrapper - Start delay for 90 seconds
KV Cache Wrapper - Starting benchmark pass...
KV Cache Wrapper - End delay for 90 seconds
KV Cache Wrapper - Finished benchmark pass
KV Cache Wrapper - Start delay for 90 seconds
KV Cache Wrapper - Starting benchmark pass...
KV Cache Wrapper - End delay for 90 seconds
KV Cache Wrapper - Finished benchmark pass
KV Cache Wrapper - Start delay for 90 seconds
KV Cache Wrapper - Starting benchmark pass...
KV Cache Wrapper - End delay for 90 seconds
KV Cache Wrapper - Finished benchmark pass
KV Cache Wrapper - Start delay for 90 seconds
KV Cache Wrapper - Starting benchmark pass...
KV Cache Wrapper - End delay for 90 seconds
KV Cache Wrapper - Finished benchmark pass
KV Cache Wrapper - Start delay for 90 seconds
KV Cache Wrapper - Starting benchmark pass...
KV Cache Wrapper - End delay for 90 seconds
KV Cache Wrapper - Finished benchmark pass
KV Cache Wrapper - Start delay for 90 seconds
KV Cache Wrapper - Starting benchmark pass...
KV Cache Wrapper - End delay for 90 seconds
KV Cache Wrapper - Finished benchmark pass
KV Cache Wrapper - Start delay for 90 seconds
KV Cache Wrapper - Starting benchmark pass...
KV Cache Wrapper - End delay for 90 seconds
KV Cache Wrapper - Finished benchmark pass
KV Cache Wrapper - Start delay for 90 seconds
KV Cache Wrapper - Starting benchmark pass...
KV Cache Wrapper - End delay for 90 seconds
KV Cache Wrapper - Finished benchmark pass
KV Cache Wrapper - Start delay for 90 seconds
KV Cache Wrapper - Starting benchmark pass...
KV Cache Wrapper - End delay for 90 seconds
KV Cache Wrapper - Finished benchmark pass
KV Cache Wrapper - Start delay for 90 seconds
KV Cache Wrapper - Starting benchmark pass...
KV Cache Wrapper - End delay for 90 seconds
KV Cache Wrapper - Finished benchmark pass
KV Cache Wrapper - Start delay for 90 seconds
KV Cache Wrapper - Starting benchmark pass...
KV Cache Wrapper - End delay for 90 seconds
KV Cache Wrapper - Finished benchmark pass
KV Cache Wrapper - Start delay for 90 seconds
KV Cache Wrapper - Starting benchmark pass...
KV Cache Wrapper - End delay for 90 seconds
KV Cache Wrapper - Finished benchmark pass
KV Cache Wrapper - Start delay for 90 seconds
KV Cache Wrapper - Starting benchmark pass...
KV Cache Wrapper - End delay for 90 seconds
KV Cache Wrapper - Finished benchmark pass
KV Cache Wrapper - Start delay for 90 seconds
KV Cache Wrapper - Starting benchmark pass...
KV Cache Wrapper - End delay for 90 seconds
KV Cache Wrapper - Finished benchmark pass
KV Cache Wrapper - Start delay for 90 seconds
KV Cache Wrapper - Starting benchmark pass...
KV Cache Wrapper - End delay for 90 seconds
KV Cache Wrapper - Finished benchmark pass
KV Cache Wrapper - Start delay for 90 seconds
KV Cache Wrapper - Starting benchmark pass...
KV Cache Wrapper - End delay for 90 seconds
KV Cache Wrapper - Finished benchmark pass
KV Cache Wrapper - Start delay for 90 seconds
KV Cache Wrapper - Starting benchmark pass...
KV Cache Wrapper - End delay for 90 seconds
KV Cache Wrapper - Finished benchmark pass
KV Cache Wrapper - Start delay for 90 seconds
KV Cache Wrapper - Starting benchmark pass...
KV Cache Wrapper - End delay for 90 seconds
KV Cache Wrapper - Finished benchmark pass
KV Cache Wrapper - Start delay for 90 seconds
KV Cache Wrapper - Starting benchmark pass...
KV Cache Wrapper - End delay for 90 seconds
KV Cache Wrapper - Finished benchmark pass
KV Cache Wrapper - Start delay for 90 seconds
KV Cache Wrapper - Starting benchmark pass...
KV Cache Wrapper - End delay for 90 seconds
KV Cache Wrapper - Finished benchmark pass
KV Cache Wrapper - Start delay for 90 seconds
KV Cache Wrapper - Starting benchmark pass...
KV Cache Wrapper - End delay for 90 seconds
KV Cache Wrapper - Finished benchmark pass
KV Cache Wrapper - Start delay for 90 seconds
KV Cache Wrapper - Starting benchmark pass...
KV Cache Wrapper - End delay for 90 seconds
KV Cache Wrapper - Finished benchmark pass
KV Cache Wrapper - Start delay for 90 seconds
KV Cache Wrapper - Starting benchmark pass...
KV Cache Wrapper - End delay for 90 seconds
KV Cache Wrapper - Finished benchmark pass
KV Cache Wrapper - Start delay for 90 seconds
KV Cache Wrapper - Starting benchmark pass...
KV Cache Wrapper - End delay for 90 seconds
KV Cache Wrapper - Finished benchmark pass
KV Cache Wrapper - Start delay for 90 seconds
KV Cache Wrapper - Starting benchmark pass...
KV Cache Wrapper - End delay for 90 seconds
KV Cache Wrapper - Finished benchmark pass
KV Cache Wrapper - Start delay for 90 seconds
KV Cache Wrapper - Starting benchmark pass...
KV Cache Wrapper - End delay for 90 seconds
KV Cache Wrapper - Finished benchmark pass
KV Cache Wrapper - Start delay for 90 seconds
KV Cache Wrapper - Starting benchmark pass...
KV Cache Wrapper - End delay for 90 seconds
KV Cache Wrapper - Finished benchmark pass
KV Cache Wrapper - Start delay for 90 seconds
KV Cache Wrapper - Starting benchmark pass...
KV Cache Wrapper - End delay for 90 seconds
KV Cache Wrapper - Finished benchmark pass
KV Cache Wrapper - Start delay for 90 seconds
KV Cache Wrapper - Starting benchmark pass...
KV Cache Wrapper - End delay for 90 seconds
KV Cache Wrapper - Finished benchmark pass
KV Cache Wrapper - Start delay for 90 seconds
KV Cache Wrapper - Starting benchmark pass...
KV Cache Wrapper - End delay for 90 seconds
KV Cache Wrapper - Finished benchmark pass
KV Cache Wrapper - Start delay for 90 seconds
KV Cache Wrapper - Starting benchmark pass...
KV Cache Wrapper - End delay for 90 seconds
KV Cache Wrapper - Finished benchmark pass
KV Cache Wrapper - Start delay for 90 seconds
KV Cache Wrapper - Starting benchmark pass...
KV Cache Wrapper - End delay for 90 seconds
KV Cache Wrapper - Finished benchmark pass
KV Cache Wrapper - Start delay for 90 seconds
KV Cache Wrapper - Starting benchmark pass...
KV Cache Wrapper - End delay for 90 seconds
KV Cache Wrapper - Finished benchmark pass
KV Cache Wrapper - Start delay for 90 seconds
KV Cache Wrapper - Starting benchmark pass...
KV Cache Wrapper - End delay for 90 seconds
KV Cache Wrapper - Finished benchmark pass
KV Cache Wrapper - Start delay for 90 seconds
KV Cache Wrapper - Starting benchmark pass...
KV Cache Wrapper - End delay for 90 seconds
KV Cache Wrapper - Finished benchmark pass
KV Cache Wrapper - Start delay for 90 seconds
KV Cache Wrapper - Starting benchmark pass...
KV Cache Wrapper - End delay for 90 seconds
KV Cache Wrapper - Finished benchmark pass
KV Cache Wrapper - Start delay for 90 seconds
KV Cache Wrapper - Starting benchmark pass...
KV Cache Wrapper - End delay for 90 seconds
KV Cache Wrapper - Finished benchmark pass
KV Cache Wrapper - Start delay for 90 seconds
KV Cache Wrapper - Starting benchmark pass...
KV Cache Wrapper - End delay for 90 seconds
KV Cache Wrapper - Finished benchmark pass
KV Cache Wrapper - Start delay for 90 seconds
KV Cache Wrapper - Starting benchmark pass...
KV Cache Wrapper - End delay for 90 seconds
KV Cache Wrapper - Finished benchmark pass
KV Cache Wrapper - Start delay for 90 seconds
KV Cache Wrapper - Starting benchmark pass...
KV Cache Wrapper - End delay for 90 seconds
KV Cache Wrapper - Finished benchmark pass
KV Cache Wrapper - Start delay for 90 seconds
KV Cache Wrapper - Starting benchmark pass...
KV Cache Wrapper - End delay for 90 seconds
KV Cache Wrapper - Finished benchmark pass
KV Cache Wrapper - Start delay for 90 seconds
KV Cache Wrapper - Starting benchmark pass...
KV Cache Wrapper - End delay for 90 seconds
KV Cache Wrapper - Finished benchmark pass
KV Cache Wrapper - Start delay for 90 seconds
KV Cache Wrapper - Starting benchmark pass...
KV Cache Wrapper - End delay for 90 seconds
KV Cache Wrapper - Finished benchmark pass
KV Cache Wrapper - Start delay for 90 seconds
KV Cache Wrapper - Starting benchmark pass...
KV Cache Wrapper - End delay for 90 seconds
KV Cache Wrapper - Finished benchmark pass
KV Cache Wrapper - Start delay for 90 seconds
KV Cache Wrapper - Starting benchmark pass...
KV Cache Wrapper - End delay for 90 seconds
KV Cache Wrapper - Finished benchmark pass
KV Cache Wrapper - Start delay for 90 seconds
KV Cache Wrapper - Starting benchmark pass...
KV Cache Wrapper - End delay for 90 seconds
KV Cache Wrapper - Finished benchmark pass
KV Cache Wrapper - Start delay for 90 seconds
KV Cache Wrapper - Starting benchmark pass...
KV Cache Wrapper - End delay for 90 seconds
KV Cache Wrapper - Finished benchmark pass
KV Cache Wrapper - Start delay for 90 seconds
KV Cache Wrapper - Starting benchmark pass...
KV Cache Wrapper - End delay for 90 seconds
KV Cache Wrapper - Finished benchmark pass
KV Cache Wrapper - Start delay for 90 seconds
KV Cache Wrapper - Starting benchmark pass...
KV Cache Wrapper - End delay for 90 seconds
KV Cache Wrapper - Finished benchmark pass
KV Cache Wrapper - Start delay for 90 seconds
KV Cache Wrapper - Starting benchmark pass...
KV Cache Wrapper - End delay for 90 seconds
KV Cache Wrapper - Finished benchmark pass
KV Cache Wrapper - Start delay for 90 seconds
KV Cache Wrapper - Starting benchmark pass...
KV Cache Wrapper - End delay for 90 seconds
KV Cache Wrapper - Finished benchmark pass
KV Cache Wrapper - Start delay for 90 seconds
KV Cache Wrapper - Starting benchmark pass...
KV Cache Wrapper - End delay for 90 seconds
KV Cache Wrapper - Finished benchmark pass
KV Cache Wrapper - Start delay for 90 seconds
KV Cache Wrapper - Starting benchmark pass...
KV Cache Wrapper - End delay for 90 seconds
KV Cache Wrapper - Finished benchmark pass
KV Cache Wrapper - Start delay for 90 seconds
KV Cache Wrapper - Starting benchmark pass...
KV Cache Wrapper - End delay for 90 seconds
KV Cache Wrapper - Finished benchmark pass
KV Cache Wrapper - Start delay for 90 seconds
KV Cache Wrapper - Starting benchmark pass...
KV Cache Wrapper - End delay for 90 seconds
KV Cache Wrapper - Finished benchmark pass
KV Cache Wrapper - Start delay for 90 seconds
KV Cache Wrapper - Starting benchmark pass...
KV Cache Wrapper - End delay for 90 seconds
KV Cache Wrapper - Finished benchmark pass
KV Cache Wrapper - Start delay for 90 seconds
KV Cache Wrapper - Starting benchmark pass...
KV Cache Wrapper - End delay for 90 seconds
KV Cache Wrapper - Finished benchmark pass
KV Cache Wrapper - Start delay for 90 seconds
KV Cache Wrapper - Starting benchmark pass...
KV Cache Wrapper - End delay for 90 seconds
KV Cache Wrapper - Finished benchmark pass
KV Cache Wrapper - Start delay for 90 seconds
KV Cache Wrapper - Starting benchmark pass...
KV Cache Wrapper - End delay for 90 seconds
KV Cache Wrapper - Finished benchmark pass
KV Cache Wrapper - Start delay for 90 seconds
KV Cache Wrapper - Starting benchmark pass...
KV Cache Wrapper - End delay for 90 seconds
KV Cache Wrapper - Finished benchmark pass
KV Cache Wrapper - Start delay for 90 seconds
KV Cache Wrapper - Starting benchmark pass...
KV Cache Wrapper - End delay for 90 seconds
KV Cache Wrapper - Finished benchmark pass
KV Cache Wrapper - Start delay for 90 seconds
KV Cache Wrapper - Starting benchmark pass...
KV Cache Wrapper - End delay for 90 seconds
KV Cache Wrapper - Finished benchmark pass
KV Cache Wrapper - Start delay for 90 seconds
KV Cache Wrapper - Starting benchmark pass...
KV Cache Wrapper - End delay for 90 seconds
KV Cache Wrapper - Finished benchmark pass
KV Cache Wrapper - Start delay for 90 seconds
KV Cache Wrapper - Starting benchmark pass...
KV Cache Wrapper - End delay for 90 seconds
KV Cache Wrapper - Finished benchmark pass
KV Cache Wrapper - Start delay for 90 seconds
KV Cache Wrapper - Starting benchmark pass...
KV Cache Wrapper - End delay for 90 seconds
KV Cache Wrapper - Finished benchmark pass
KV Cache Wrapper - Start delay for 90 seconds
KV Cache Wrapper - Starting benchmark pass...
KV Cache Wrapper - End delay for 90 seconds
KV Cache Wrapper - Finished benchmark pass
KV Cache Wrapper - Start delay for 90 seconds
KV Cache Wrapper - Starting benchmark pass...
KV Cache Wrapper - End delay for 90 seconds
KV Cache Wrapper - Finished benchmark pass
KV Cache Wrapper - Start delay for 90 seconds
KV Cache Wrapper - Starting benchmark pass...
KV Cache Wrapper - End delay for 90 seconds
KV Cache Wrapper - Finished benchmark pass
KV Cache Wrapper - Start delay for 90 seconds
KV Cache Wrapper - Starting benchmark pass...
KV Cache Wrapper - End delay for 90 seconds
KV Cache Wrapper - Finished benchmark pass
KV Cache Wrapper - Start delay for 90 seconds
KV Cache Wrapper - Starting benchmark pass...
KV Cache Wrapper - End delay for 90 seconds
KV Cache Wrapper - Finished benchmark pass
KV Cache Wrapper - Start delay for 90 seconds
KV Cache Wrapper - Starting benchmark pass...
KV Cache Wrapper - End delay for 90 seconds
KV Cache Wrapper - Finished benchmark pass
KV Cache Wrapper - Start delay for 90 seconds
KV Cache Wrapper - Starting benchmark pass...
KV Cache Wrapper - End delay for 90 seconds
KV Cache Wrapper - Finished benchmark pass
KV Cache Wrapper - Start delay for 90 seconds
KV Cache Wrapper - Starting benchmark pass...
KV Cache Wrapper - End delay for 90 seconds
KV Cache Wrapper - Finished benchmark pass
KV Cache Wrapper - Start delay for 90 seconds
KV Cache Wrapper - Starting benchmark pass...
KV Cache Wrapper - End delay for 90 seconds
KV Cache Wrapper - Finished benchmark pass
KV Cache Wrapper - Start delay for 90 seconds
KV Cache Wrapper - Starting benchmark pass...
KV Cache Wrapper - End delay for 90 seconds
KV Cache Wrapper - Finished benchmark pass
KV Cache Wrapper - Start delay for 90 seconds
KV Cache Wrapper - Starting benchmark pass...
KV Cache Wrapper - End delay for 90 seconds
KV Cache Wrapper - Finished benchmark pass
KV Cache Wrapper - Start delay for 90 seconds
KV Cache Wrapper - Starting benchmark pass...
KV Cache Wrapper - End delay for 90 seconds
KV Cache Wrapper - Finished benchmark pass
KV Cache Wrapper - Start delay for 90 seconds
KV Cache Wrapper - Starting benchmark pass...
KV Cache Wrapper - End delay for 90 seconds
KV Cache Wrapper - Finished benchmark pass
KV Cache Wrapper - Start delay for 90 seconds
KV Cache Wrapper - Starting benchmark pass...
KV Cache Wrapper - End delay for 90 seconds
KV Cache Wrapper - Finished benchmark pass
KV Cache Wrapper - Start delay for 90 seconds
KV Cache Wrapper - Starting benchmark pass...
KV Cache Wrapper - End delay for 90 seconds
KV Cache Wrapper - Finished benchmark pass
KV Cache Wrapper - Start delay for 90 seconds
KV Cache Wrapper - Starting benchmark pass...
KV Cache Wrapper - End delay for 90 seconds
KV Cache Wrapper - Finished benchmark pass
KV Cache Wrapper - Start delay for 90 seconds
KV Cache Wrapper - Starting benchmark pass...
KV Cache Wrapper - End delay for 90 seconds
KV Cache Wrapper - Finished benchmark pass
KV Cache Wrapper - Start delay for 90 seconds
KV Cache Wrapper - Starting benchmark pass...
KV Cache Wrapper - End delay for 90 seconds
KV Cache Wrapper - Finished benchmark pass
KV Cache Wrapper - Start delay for 90 seconds
KV Cache Wrapper - Starting benchmark pass...
KV Cache Wrapper - End delay for 90 seconds
KV Cache Wrapper - Finished benchmark pass
KV Cache Wrapper - Start delay for 90 seconds
KV Cache Wrapper - Starting benchmark pass...
KV Cache Wrapper - End delay for 90 seconds
KV Cache Wrapper - Finished benchmark pass
KV Cache Wrapper - Start delay for 90 seconds
KV Cache Wrapper - Starting benchmark pass...
KV Cache Wrapper - End delay for 90 seconds
KV Cache Wrapper - Finished benchmark pass
KV Cache Wrapper - Start delay for 90 seconds
KV Cache Wrapper - Starting benchmark pass...
KV Cache Wrapper - End delay for 90 seconds
KV Cache Wrapper - Finished benchmark pass
KV Cache Wrapper - Start delay for 90 seconds
KV Cache Wrapper - Starting benchmark pass...
KV Cache Wrapper - End delay for 90 seconds
KV Cache Wrapper - Finished benchmark pass
KV Cache Wrapper - Start delay for 90 seconds
KV Cache Wrapper - Starting benchmark pass...
KV Cache Wrapper - End delay for 90 seconds
KV Cache Wrapper - Finished benchmark pass
KV Cache Wrapper - Start delay for 90 seconds
KV Cache Wrapper - Starting benchmark pass...
KV Cache Wrapper - End delay for 90 seconds
KV Cache Wrapper - Finished benchmark pass
KV Cache Wrapper - Start delay for 90 seconds
KV Cache Wrapper - Starting benchmark pass...
KV Cache Wrapper - End delay for 90 seconds
KV Cache Wrapper - Finished benchmark pass
KV Cache Wrapper - Start delay for 90 seconds
KV Cache Wrapper - Starting benchmark pass...
KV Cache Wrapper - End delay for 90 seconds
KV Cache Wrapper - Finished benchmark pass
KV Cache Wrapper - Start delay for 90 seconds
KV Cache Wrapper - Starting benchmark pass...
KV Cache Wrapper - End delay for 90 seconds
KV Cache Wrapper - Finished benchmark pass
KV Cache Wrapper - Start delay for 90 seconds
KV Cache Wrapper - Starting benchmark pass...
KV Cache Wrapper - End delay for 90 seconds
KV Cache Wrapper - Finished benchmark pass
KV Cache Wrapper - Start delay for 90 seconds
KV Cache Wrapper - Starting benchmark pass...
KV Cache Wrapper - End delay for 90 seconds
KV Cache Wrapper - Finished benchmark pass
KV Cache Wrapper - Start delay for 90 seconds
KV Cache Wrapper - Starting benchmark pass...
KV Cache Wrapper - End delay for 90 seconds
KV Cache Wrapper - Finished benchmark pass
KV Cache Wrapper - Start delay for 90 seconds
KV Cache Wrapper - Starting benchmark pass...
KV Cache Wrapper - End delay for 90 seconds
KV Cache Wrapper - Finished benchmark pass
KV Cache Wrapper - Start delay for 90 seconds
KV Cache Wrapper - Starting benchmark pass...
KV Cache Wrapper - End delay for 90 seconds
KV Cache Wrapper - Finished benchmark pass
KV Cache Wrapper - Start delay for 90 seconds
KV Cache Wrapper - Starting benchmark pass...
KV Cache Wrapper - End delay for 90 seconds
KV Cache Wrapper - Finished benchmark pass
KV Cache Wrapper - Start delay for 90 seconds
KV Cache Wrapper - Starting benchmark pass...
KV Cache Wrapper - End delay for 90 seconds
KV Cache Wrapper - Finished benchmark pass
KV Cache Wrapper - Start delay for 90 seconds
KV Cache Wrapper - Starting benchmark pass...
KV Cache Wrapper - End delay for 90 seconds
KV Cache Wrapper - Finished benchmark pass
KV Cache Wrapper - Start delay for 90 seconds
KV Cache Wrapper - Starting benchmark pass...
KV Cache Wrapper - End delay for 90 seconds
KV Cache Wrapper - Finished benchmark pass
KV Cache Wrapper - Start delay for 90 seconds
KV Cache Wrapper - Starting benchmark pass...
KV Cache Wrapper - End delay for 90 seconds
KV Cache Wrapper - Finished benchmark pass
KV Cache Wrapper - Start delay for 90 seconds
KV Cache Wrapper - Starting benchmark pass...
KV Cache Wrapper - End delay for 90 seconds
KV Cache Wrapper - Finished benchmark pass
KV Cache Wrapper - Start delay for 90 seconds
KV Cache Wrapper - Starting benchmark pass...
KV Cache Wrapper - End delay for 90 seconds
KV Cache Wrapper - Finished benchmark pass
KV Cache Wrapper - Start delay for 90 seconds
KV Cache Wrapper - Starting benchmark pass...
KV Cache Wrapper - End delay for 90 seconds
KV Cache Wrapper - Finished benchmark pass
KV Cache Wrapper - Start delay for 90 seconds
KV Cache Wrapper - Starting benchmark pass...
KV Cache Wrapper - End delay for 90 seconds
KV Cache Wrapper - Finished benchmark pass
KV Cache Wrapper - Start delay for 90 seconds
KV Cache Wrapper - Starting benchmark pass...
KV Cache Wrapper - End delay for 90 seconds
KV Cache Wrapper - Finished benchmark pass
KV Cache Wrapper - Start delay for 90 seconds
KV Cache Wrapper - Starting benchmark pass...
KV Cache Wrapper - End delay for 90 seconds
KV Cache Wrapper - Finished benchmark pass
KV Cache Wrapper - Start delay for 90 seconds
KV Cache Wrapper - Starting benchmark pass...
KV Cache Wrapper - End delay for 90 seconds
KV Cache Wrapper - Finished benchmark pass
KV Cache Wrapper - Start delay for 90 seconds
KV Cache Wrapper - Starting benchmark pass...
KV Cache Wrapper - End delay for 90 seconds
KV Cache Wrapper - Finished benchmark pass
KV Cache Wrapper - Start delay for 90 seconds
KV Cache Wrapper - Starting benchmark pass...
KV Cache Wrapper - End delay for 90 seconds
KV Cache Wrapper - Finished benchmark pass
KV Cache Wrapper - Start delay for 90 seconds
KV Cache Wrapper - Starting benchmark pass...
KV Cache Wrapper - End delay for 90 seconds
KV Cache Wrapper - Finished benchmark pass
KV Cache Wrapper - Start delay for 90 seconds
KV Cache Wrapper - Starting benchmark pass...
KV Cache Wrapper - End delay for 90 seconds
KV Cache Wrapper - Finished benchmark pass
KV Cache Wrapper - Start delay for 90 seconds
KV Cache Wrapper - Starting benchmark pass...
KV Cache Wrapper - End delay for 90 seconds
KV Cache Wrapper - Finished benchmark pass
KV Cache Wrapper - Start delay for 90 seconds
KV Cache Wrapper - Starting benchmark pass...
KV Cache Wrapper - End delay for 90 seconds
KV Cache Wrapper - Finished benchmark pass
KV Cache Wrapper - Start delay for 90 seconds
KV Cache Wrapper - Starting benchmark pass...
KV Cache Wrapper - End delay for 90 seconds
KV Cache Wrapper - Finished benchmark pass
KV Cache Wrapper - Start delay for 90 seconds
KV Cache Wrapper - Starting benchmark pass...
KV Cache Wrapper - End delay for 90 seconds
KV Cache Wrapper - Finished benchmark pass
KV Cache Wrapper - Start delay for 90 seconds
KV Cache Wrapper - Starting benchmark pass...
KV Cache Wrapper - End delay for 90 seconds
KV Cache Wrapper - Finished benchmark pass
KV Cache Wrapper - Start delay for 90 seconds
KV Cache Wrapper - Starting benchmark pass...
KV Cache Wrapper - End delay for 90 seconds
KV Cache Wrapper - Finished benchmark pass
KV Cache Wrapper - Start delay for 90 seconds
KV Cache Wrapper - Starting benchmark pass...
KV Cache Wrapper - End delay for 90 seconds
KV Cache Wrapper - Finished benchmark pass
KV Cache Wrapper - Start delay for 90 seconds
KV Cache Wrapper - Starting benchmark pass...
KV Cache Wrapper - End delay for 90 seconds
KV Cache Wrapper - Finished benchmark pass
KV Cache Wrapper - Start delay for 90 seconds
KV Cache Wrapper - Starting benchmark pass...
KV Cache Wrapper - End delay for 90 seconds
KV Cache Wrapper - Finished benchmark pass
KV Cache Wrapper - Start delay for 90 seconds
KV Cache Wrapper - Starting benchmark pass...
KV Cache Wrapper - End delay for 90 seconds
KV Cache Wrapper - Finished benchmark pass
KV Cache Wrapper - Start delay for 90 seconds
KV Cache Wrapper - Starting benchmark pass...
KV Cache Wrapper - End delay for 90 seconds
KV Cache Wrapper - Finished benchmark pass
KV Cache Wrapper - Start delay for 90 seconds
KV Cache Wrapper - Starting benchmark pass...
KV Cache Wrapper - End delay for 90 seconds
KV Cache Wrapper - Finished benchmark pass
KV Cache Wrapper - Start delay for 90 seconds
KV Cache Wrapper - Starting benchmark pass...
KV Cache Wrapper - End delay for 90 seconds
KV Cache Wrapper - Finished benchmark pass
KV Cache Wrapper - Start delay for 90 seconds
KV Cache Wrapper - Starting benchmark pass...
KV Cache Wrapper - End delay for 90 seconds
KV Cache Wrapper - Finished benchmark pass
KV Cache Wrapper - Start delay for 90 seconds
KV Cache Wrapper - Starting benchmark pass...
KV Cache Wrapper - End delay for 90 seconds
KV Cache Wrapper - Finished benchmark pass
KV Cache Wrapper - Start delay for 90 seconds
KV Cache Wrapper - Starting benchmark pass...
KV Cache Wrapper - End delay for 90 seconds
KV Cache Wrapper - Finished benchmark pass
KV Cache Wrapper - Start delay for 90 seconds
KV Cache Wrapper - Starting benchmark pass...
KV Cache Wrapper - End delay for 90 seconds
KV Cache Wrapper - Finished benchmark pass
KV Cache Wrapper - Start delay for 90 seconds
KV Cache Wrapper - Starting benchmark pass...
KV Cache Wrapper - End delay for 90 seconds
KV Cache Wrapper - Finished benchmark pass
KV Cache Wrapper - Start delay for 90 seconds
KV Cache Wrapper - Starting benchmark pass...
KV Cache Wrapper - End delay for 90 seconds
KV Cache Wrapper - Finished benchmark pass
KV Cache Wrapper - Start delay for 90 seconds
KV Cache Wrapper - Starting benchmark pass...
KV Cache Wrapper - End delay for 90 seconds
KV Cache Wrapper - Finished benchmark pass
KV Cache Wrapper - Start delay for 90 seconds
KV Cache Wrapper - Starting benchmark pass...
KV Cache Wrapper - End delay for 90 seconds
KV Cache Wrapper - Finished benchmark pass
KV Cache Wrapper - Start delay for 90 seconds
KV Cache Wrapper - Starting benchmark pass...
KV Cache Wrapper - End delay for 90 seconds
KV Cache Wrapper - Finished benchmark pass
KV Cache Wrapper - Start delay for 90 seconds
KV Cache Wrapper - Starting benchmark pass...
KV Cache Wrapper - End delay for 90 seconds
KV Cache Wrapper - Finished benchmark pass
KV Cache Wrapper - Start delay for 90 seconds
KV Cache Wrapper - Starting benchmark pass...
KV Cache Wrapper - End delay for 90 seconds
KV Cache Wrapper - Finished benchmark pass
KV Cache Wrapper - Start delay for 90 seconds
KV Cache Wrapper - Starting benchmark pass...
KV Cache Wrapper - End delay for 90 seconds
KV Cache Wrapper - Finished benchmark pass
KV Cache Wrapper - Start delay for 90 seconds
KV Cache Wrapper - Starting benchmark pass...
KV Cache Wrapper - End delay for 90 seconds
KV Cache Wrapper - Finished benchmark pass
KV Cache Wrapper - Start delay for 90 seconds
KV Cache Wrapper - Starting benchmark pass...
KV Cache Wrapper - End delay for 90 seconds
KV Cache Wrapper - Finished benchmark pass
KV Cache Wrapper - Start delay for 90 seconds
KV Cache Wrapper - Starting benchmark pass...
KV Cache Wrapper - End delay for 90 seconds
KV Cache Wrapper - Finished benchmark pass
