
Integrated Multi-User KV Cache Benchmark - MLPerf Edition
Model: Llama 3.1 70B Instruct
GPU Memory: 0 GB
Users: 70
Duration: 300s
Seed: 145
Generation Mode: none (0.0ms/token)
Features:
  - Phase-Aware Processing: Enabled
  - Multi-turn Conversations: Enabled
  - Prefix Caching: Enabled
  - RAG Workload: Disabled
  - Autoscaling: Disabled
  - QoS Support: Enabled (Interactive/Responsive/Batch)
  - Trace-Driven (BurstGPT): Disabled
  - ShareGPT Dataset: Disabled
  - Max Concurrent Allocations: 4 (bounds RAM usage)
================================================================================

User Context Length Distribution:
  Min: 635 tokens (198.44MiB)
  Max: 24773 tokens (7741.56MiB)
  Mean: 8727 tokens (2727.13MiB)

QoS Distribution:
  interactive: 7 users
  responsive: 20 users
  batch: 43 users

### MEMORY SAFETY CHECK ###
  Formula: peak = (workers x 2 x mean_entry_bytes) + baseline
         = (70 x 2 x 2500MiB) + 2.5GiB
         = 344.3GiB
  Available RAM: 990.0GiB
  Mean entry size: 2500MiB  (8000 tok x 327,680 B/tok)
  Peak per thread: 5000MiB  (np.load + np.array copy)
  Worker threads: 70
  Safe concurrent readers: ~202  = (available - baseline) / peak_per_thread
  Status: OK

Starting benchmark... Mode: standard (prefill+decode)
--------------------------------------------------------------------------------

================================================================================
BENCHMARK RESULTS - MLPerf KV Cache Storage Benchmark
Generation Mode: none (0.0ms/token)
================================================================================

IMPORTANT: All storage latencies below are measured per KV cache BLOCK,
not per token or per disk page.  Each block holds the full KV state for
one request (all layers, all heads, full sequence length).
  Model KV bytes/token: 327,680 bytes (320.0KiB)
  Entries in cache: 358
  Block size min:   80.9MiB
  Block size mean:  925.6MiB
  Block size P95:   3146.7MiB
  Block size max:   7061.6MiB
  A 200MiB block at 1GiB/s NVMe read = ~200 ms device latency.
  Compare latencies against block sizes, not against 4KiB page I/O.


### OVERALL PERFORMANCE ###
Requests Completed: 356
Total Tokens Generated: 32995
Throughput (wall-clock): 109.95 tokens/sec
Throughput (storage I/O): 5.97 tokens/sec
Requests/sec: 1.19

### END-TO-END LATENCY (Queue Wait + Storage I/O + Generation) ###
  Mean: 171827.01 ms
  P50:  167657.55 ms
  P95:  310933.07 ms
  P99:  317546.53 ms

### PER-REQUEST STORAGE LATENCY (All I/O ops for one request) ###
  Mean: 15525.34 ms
  P50:  9466.62 ms
  P95:  49395.11 ms
  P99:  93179.77 ms
  (= 1 prefill write + N decode reads per request)

### STORAGE PERFORMANCE ###
  Cache Hit Rate: 80.0%
  Total Read: 1149.86GiB
  Total Write: 323.61GiB
  Read/Write Ratio: 3.55
  Storage KV Read Operations/sec: 4.58
  Storage KV Write Operations/sec: 1.19

### CACHE TIER DISTRIBUTION ###
  GPU Entries: 0 (0.00GiB)
  CPU Entries: 0 (0.00GiB)
  Storage Entries: 358

### TIER-SPECIFIC KV BYTES ###
  Storage KV Bytes Written: 323.61GiB
  Storage KV Bytes Read: 1149.86GiB

### STORAGE KV BANDWIDTH ###
  Storage KV Read Bandwidth: 3.83GiB/s
  Storage KV Write Bandwidth: 1.08GiB/s

### TIER-SPECIFIC LATENCIES (Total = Host + Device) ###
  Storage Read P95 (Total): 10068.89 ms
  Storage Write P95 (Total): 5054.54 ms

### STORAGE TIER LATENCY BREAKDOWN (Device = Disk I/O, Host = Serialization) ###
  Storage Read:
    - Device P95 (Disk I/O): 7694.58 ms
    - Host P95 (Serialization): 3196.12 ms
    - Total P95: 10068.89 ms
  Storage Write:
    - Device P95 (Disk I/O): 372.98 ms
    - Host P95 (Serialization): 4970.18 ms
    - Total P95: 5054.54 ms

### CACHE TYPE BREAKDOWNS ###
  System Prompt Hits: 230
  Common Phrase Hits: 0
  User Cache Hits: 1122
  Multi-turn Hits: 23

### PREFIX CACHING ###
  Prefix Hits: 66
  Prefix Misses: 292
  System Prompt Reuse: 66
  Bytes Saved: 0.13GiB

### MULTI-TURN CONVERSATIONS ###
  Multi-turn Cache Hits: 23
  Multi-turn Cache Misses: 278
  Multi-turn Hit Rate: 7.6%

### QOS LATENCY METRICS (Informational - includes simulated generation) ###

  INTERACTIVE:
    Requests: 296
    Latency P95: 311912.62 ms
    Latency P99: 318161.02 ms
    SLA Met: [X] (compliance: 0.0%)

  RESPONSIVE:
    Requests: 24
    Latency P95: 128327.11 ms
    Latency P99: 173530.65 ms
    SLA Met: [X] (compliance: 0.0%)

  BATCH:
    Requests: 36
    Latency P95: 128827.62 ms
    Latency P99: 141256.65 ms
    SLA Met: [X] (compliance: 0.0%)

================================================================================
NOTES:
  - Pure storage I/O benchmark (no generation simulation)
================================================================================

Integrated Multi-User KV Cache Benchmark - MLPerf Edition
Model: Llama 3.1 70B Instruct
GPU Memory: 0 GB
Users: 70
Duration: 300s
Seed: 163
Generation Mode: none (0.0ms/token)
Features:
  - Phase-Aware Processing: Enabled
  - Multi-turn Conversations: Enabled
  - Prefix Caching: Enabled
  - RAG Workload: Disabled
  - Autoscaling: Disabled
  - QoS Support: Enabled (Interactive/Responsive/Batch)
  - Trace-Driven (BurstGPT): Disabled
  - ShareGPT Dataset: Disabled
  - Max Concurrent Allocations: 4 (bounds RAM usage)
================================================================================

User Context Length Distribution:
  Min: 749 tokens (234.06MiB)
  Max: 24378 tokens (7618.12MiB)
  Mean: 8831 tokens (2759.79MiB)

QoS Distribution:
  interactive: 6 users
  responsive: 28 users
  batch: 36 users

### MEMORY SAFETY CHECK ###
  Formula: peak = (workers x 2 x mean_entry_bytes) + baseline
         = (70 x 2 x 2500MiB) + 2.5GiB
         = 344.3GiB
  Available RAM: 990.2GiB
  Mean entry size: 2500MiB  (8000 tok x 327,680 B/tok)
  Peak per thread: 5000MiB  (np.load + np.array copy)
  Worker threads: 70
  Safe concurrent readers: ~202  = (available - baseline) / peak_per_thread
  Status: OK

Starting benchmark... Mode: standard (prefill+decode)
--------------------------------------------------------------------------------

================================================================================
BENCHMARK RESULTS - MLPerf KV Cache Storage Benchmark
Generation Mode: none (0.0ms/token)
================================================================================

IMPORTANT: All storage latencies below are measured per KV cache BLOCK,
not per token or per disk page.  Each block holds the full KV state for
one request (all layers, all heads, full sequence length).
  Model KV bytes/token: 327,680 bytes (320.0KiB)
  Entries in cache: 377
  Block size min:   59.1MiB
  Block size mean:  778.5MiB
  Block size P95:   2872.4MiB
  Block size max:   6044.1MiB
  A 200MiB block at 1GiB/s NVMe read = ~200 ms device latency.
  Compare latencies against block sizes, not against 4KiB page I/O.


### OVERALL PERFORMANCE ###
Requests Completed: 375
Total Tokens Generated: 25941
Throughput (wall-clock): 86.47 tokens/sec
Throughput (storage I/O): 5.44 tokens/sec
Requests/sec: 1.25

### END-TO-END LATENCY (Queue Wait + Storage I/O + Generation) ###
  Mean: 169011.64 ms
  P50:  163895.24 ms
  P95:  298195.25 ms
  P99:  310578.93 ms

### PER-REQUEST STORAGE LATENCY (All I/O ops for one request) ###
  Mean: 12713.93 ms
  P50:  8013.18 ms
  P95:  35628.37 ms
  P99:  71518.13 ms
  (= 1 prefill write + N decode reads per request)

### STORAGE PERFORMANCE ###
  Cache Hit Rate: 75.6%
  Total Read: 943.75GiB
  Total Write: 286.62GiB
  Read/Write Ratio: 3.29
  Storage KV Read Operations/sec: 4.10
  Storage KV Write Operations/sec: 1.26

### CACHE TIER DISTRIBUTION ###
  GPU Entries: 0 (0.00GiB)
  CPU Entries: 0 (0.00GiB)
  Storage Entries: 377

### TIER-SPECIFIC KV BYTES ###
  Storage KV Bytes Written: 286.62GiB
  Storage KV Bytes Read: 943.75GiB

### STORAGE KV BANDWIDTH ###
  Storage KV Read Bandwidth: 3.15GiB/s
  Storage KV Write Bandwidth: 0.96GiB/s

### TIER-SPECIFIC LATENCIES (Total = Host + Device) ###
  Storage Read P95 (Total): 11144.99 ms
  Storage Write P95 (Total): 5584.45 ms

### STORAGE TIER LATENCY BREAKDOWN (Device = Disk I/O, Host = Serialization) ###
  Storage Read:
    - Device P95 (Disk I/O): 9034.41 ms
    - Host P95 (Serialization): 3186.67 ms
    - Total P95: 11144.99 ms
  Storage Write:
    - Device P95 (Disk I/O): 367.80 ms
    - Host P95 (Serialization): 4888.49 ms
    - Total P95: 5584.45 ms

### CACHE TYPE BREAKDOWNS ###
  System Prompt Hits: 262
  Common Phrase Hits: 0
  User Cache Hits: 946
  Multi-turn Hits: 22

### PREFIX CACHING ###
  Prefix Hits: 75
  Prefix Misses: 302
  System Prompt Reuse: 75
  Bytes Saved: 0.15GiB

### MULTI-TURN CONVERSATIONS ###
  Multi-turn Cache Hits: 22
  Multi-turn Cache Misses: 321
  Multi-turn Hit Rate: 6.4%

### QOS LATENCY METRICS (Informational - includes simulated generation) ###

  INTERACTIVE:
    Requests: 313
    Latency P95: 302251.79 ms
    Latency P99: 318182.82 ms
    SLA Met: [X] (compliance: 0.0%)

  RESPONSIVE:
    Requests: 29
    Latency P95: 111093.75 ms
    Latency P99: 129443.53 ms
    SLA Met: [X] (compliance: 0.0%)

  BATCH:
    Requests: 33
    Latency P95: 122082.37 ms
    Latency P99: 185007.45 ms
    SLA Met: [X] (compliance: 0.0%)

================================================================================
NOTES:
  - Pure storage I/O benchmark (no generation simulation)
================================================================================

Integrated Multi-User KV Cache Benchmark - MLPerf Edition
Model: Llama 3.1 70B Instruct
GPU Memory: 0 GB
Users: 70
Duration: 300s
Seed: 46
Generation Mode: none (0.0ms/token)
Features:
  - Phase-Aware Processing: Enabled
  - Multi-turn Conversations: Enabled
  - Prefix Caching: Enabled
  - RAG Workload: Disabled
  - Autoscaling: Disabled
  - QoS Support: Enabled (Interactive/Responsive/Batch)
  - Trace-Driven (BurstGPT): Disabled
  - ShareGPT Dataset: Disabled
  - Max Concurrent Allocations: 4 (bounds RAM usage)
================================================================================

User Context Length Distribution:
  Min: 664 tokens (207.50MiB)
  Max: 24536 tokens (7667.50MiB)
  Mean: 8046 tokens (2514.30MiB)

QoS Distribution:
  interactive: 5 users
  responsive: 29 users
  batch: 36 users

### MEMORY SAFETY CHECK ###
  Formula: peak = (workers x 2 x mean_entry_bytes) + baseline
         = (70 x 2 x 2500MiB) + 2.5GiB
         = 344.3GiB
  Available RAM: 989.7GiB
  Mean entry size: 2500MiB  (8000 tok x 327,680 B/tok)
  Peak per thread: 5000MiB  (np.load + np.array copy)
  Worker threads: 70
  Safe concurrent readers: ~202  = (available - baseline) / peak_per_thread
  Status: OK

Starting benchmark... Mode: standard (prefill+decode)
--------------------------------------------------------------------------------

================================================================================
BENCHMARK RESULTS - MLPerf KV Cache Storage Benchmark
Generation Mode: none (0.0ms/token)
================================================================================

IMPORTANT: All storage latencies below are measured per KV cache BLOCK,
not per token or per disk page.  Each block holds the full KV state for
one request (all layers, all heads, full sequence length).
  Model KV bytes/token: 327,680 bytes (320.0KiB)
  Entries in cache: 335
  Block size min:   69.7MiB
  Block size mean:  934.9MiB
  Block size P95:   2755.1MiB
  Block size max:   7175.6MiB
  A 200MiB block at 1GiB/s NVMe read = ~200 ms device latency.
  Compare latencies against block sizes, not against 4KiB page I/O.


### OVERALL PERFORMANCE ###
Requests Completed: 330
Total Tokens Generated: 41062
Throughput (wall-clock): 136.00 tokens/sec
Throughput (storage I/O): 5.86 tokens/sec
Requests/sec: 1.09

### END-TO-END LATENCY (Queue Wait + Storage I/O + Generation) ###
  Mean: 163474.08 ms
  P50:  168092.59 ms
  P95:  292888.18 ms
  P99:  304548.82 ms

### PER-REQUEST STORAGE LATENCY (All I/O ops for one request) ###
  Mean: 21218.34 ms
  P50:  15159.88 ms
  P95:  58640.08 ms
  P99:  125657.88 ms
  (= 1 prefill write + N decode reads per request)

### STORAGE PERFORMANCE ###
  Cache Hit Rate: 77.3%
  Total Read: 1556.26GiB
  Total Write: 305.86GiB
  Read/Write Ratio: 5.09
  Storage KV Read Operations/sec: 5.82
  Storage KV Write Operations/sec: 1.12

### CACHE TIER DISTRIBUTION ###
  GPU Entries: 0 (0.00GiB)
  CPU Entries: 0 (0.00GiB)
  Storage Entries: 335

### TIER-SPECIFIC KV BYTES ###
  Storage KV Bytes Written: 305.86GiB
  Storage KV Bytes Read: 1556.26GiB

### STORAGE KV BANDWIDTH ###
  Storage KV Read Bandwidth: 5.15GiB/s
  Storage KV Write Bandwidth: 1.01GiB/s

### TIER-SPECIFIC LATENCIES (Total = Host + Device) ###
  Storage Read P95 (Total): 12116.09 ms
  Storage Write P95 (Total): 6221.87 ms

### STORAGE TIER LATENCY BREAKDOWN (Device = Disk I/O, Host = Serialization) ###
  Storage Read:
    - Device P95 (Disk I/O): 10690.53 ms
    - Host P95 (Serialization): 2495.07 ms
    - Total P95: 12116.09 ms
  Storage Write:
    - Device P95 (Disk I/O): 632.40 ms
    - Host P95 (Serialization): 6042.17 ms
    - Total P95: 6221.87 ms

### CACHE TYPE BREAKDOWNS ###
  System Prompt Hits: 347
  Common Phrase Hits: 0
  User Cache Hits: 1379
  Multi-turn Hits: 19

### PREFIX CACHING ###
  Prefix Hits: 70
  Prefix Misses: 265
  System Prompt Reuse: 70
  Bytes Saved: 0.14GiB

### MULTI-TURN CONVERSATIONS ###
  Multi-turn Cache Hits: 19
  Multi-turn Cache Misses: 441
  Multi-turn Hit Rate: 4.1%

### QOS LATENCY METRICS (Informational - includes simulated generation) ###

  INTERACTIVE:
    Requests: 267
    Latency P95: 294759.04 ms
    Latency P99: 303828.76 ms
    SLA Met: [X] (compliance: 0.0%)

  RESPONSIVE:
    Requests: 31
    Latency P95: 110929.20 ms
    Latency P99: 278011.78 ms
    SLA Met: [X] (compliance: 0.0%)

  BATCH:
    Requests: 32
    Latency P95: 128939.36 ms
    Latency P99: 137485.41 ms
    SLA Met: [X] (compliance: 0.0%)

================================================================================
NOTES:
  - Pure storage I/O benchmark (no generation simulation)
================================================================================

Integrated Multi-User KV Cache Benchmark - MLPerf Edition
Model: Llama 3.1 70B Instruct
GPU Memory: 0 GB
Users: 70
Duration: 300s
Seed: 81
Generation Mode: none (0.0ms/token)
Features:
  - Phase-Aware Processing: Enabled
  - Multi-turn Conversations: Enabled
  - Prefix Caching: Enabled
  - RAG Workload: Disabled
  - Autoscaling: Disabled
  - QoS Support: Enabled (Interactive/Responsive/Batch)
  - Trace-Driven (BurstGPT): Disabled
  - ShareGPT Dataset: Disabled
  - Max Concurrent Allocations: 4 (bounds RAM usage)
================================================================================

User Context Length Distribution:
  Min: 614 tokens (191.88MiB)
  Max: 23889 tokens (7465.31MiB)
  Mean: 9041 tokens (2825.25MiB)

QoS Distribution:
  interactive: 8 users
  responsive: 31 users
  batch: 31 users

### MEMORY SAFETY CHECK ###
  Formula: peak = (workers x 2 x mean_entry_bytes) + baseline
         = (70 x 2 x 2500MiB) + 2.5GiB
         = 344.3GiB
  Available RAM: 989.4GiB
  Mean entry size: 2500MiB  (8000 tok x 327,680 B/tok)
  Peak per thread: 5000MiB  (np.load + np.array copy)
  Worker threads: 70
  Safe concurrent readers: ~202  = (available - baseline) / peak_per_thread
  Status: OK

Starting benchmark... Mode: standard (prefill+decode)
--------------------------------------------------------------------------------

================================================================================
BENCHMARK RESULTS - MLPerf KV Cache Storage Benchmark
Generation Mode: none (0.0ms/token)
================================================================================

IMPORTANT: All storage latencies below are measured per KV cache BLOCK,
not per token or per disk page.  Each block holds the full KV state for
one request (all layers, all heads, full sequence length).
  Model KV bytes/token: 327,680 bytes (320.0KiB)
  Entries in cache: 378
  Block size min:   48.8MiB
  Block size mean:  823.9MiB
  Block size P95:   2744.8MiB
  Block size max:   4981.6MiB
  A 200MiB block at 1GiB/s NVMe read = ~200 ms device latency.
  Compare latencies against block sizes, not against 4KiB page I/O.


### OVERALL PERFORMANCE ###
Requests Completed: 371
Total Tokens Generated: 43926
Throughput (wall-clock): 146.21 tokens/sec
Throughput (storage I/O): 6.16 tokens/sec
Requests/sec: 1.23

### END-TO-END LATENCY (Queue Wait + Storage I/O + Generation) ###
  Mean: 168082.13 ms
  P50:  167196.86 ms
  P95:  311527.61 ms
  P99:  322983.04 ms

### PER-REQUEST STORAGE LATENCY (All I/O ops for one request) ###
  Mean: 19231.51 ms
  P50:  9609.23 ms
  P95:  68869.69 ms
  P99:  104463.75 ms
  (= 1 prefill write + N decode reads per request)

### STORAGE PERFORMANCE ###
  Cache Hit Rate: 78.8%
  Total Read: 1834.25GiB
  Total Write: 304.15GiB
  Read/Write Ratio: 6.03
  Storage KV Read Operations/sec: 6.39
  Storage KV Write Operations/sec: 1.26

### CACHE TIER DISTRIBUTION ###
  GPU Entries: 0 (0.00GiB)
  CPU Entries: 0 (0.00GiB)
  Storage Entries: 378

### TIER-SPECIFIC KV BYTES ###
  Storage KV Bytes Written: 304.15GiB
  Storage KV Bytes Read: 1834.25GiB

### STORAGE KV BANDWIDTH ###
  Storage KV Read Bandwidth: 6.11GiB/s
  Storage KV Write Bandwidth: 1.01GiB/s

### TIER-SPECIFIC LATENCIES (Total = Host + Device) ###
  Storage Read P95 (Total): 10421.04 ms
  Storage Write P95 (Total): 4754.42 ms

### STORAGE TIER LATENCY BREAKDOWN (Device = Disk I/O, Host = Serialization) ###
  Storage Read:
    - Device P95 (Disk I/O): 8171.57 ms
    - Host P95 (Serialization): 2670.75 ms
    - Total P95: 10421.04 ms
  Storage Write:
    - Device P95 (Disk I/O): 618.91 ms
    - Host P95 (Serialization): 4693.84 ms
    - Total P95: 4754.42 ms

### CACHE TYPE BREAKDOWNS ###
  System Prompt Hits: 326
  Common Phrase Hits: 0
  User Cache Hits: 1548
  Multi-turn Hits: 43

### PREFIX CACHING ###
  Prefix Hits: 64
  Prefix Misses: 314
  System Prompt Reuse: 64
  Bytes Saved: 0.13GiB

### MULTI-TURN CONVERSATIONS ###
  Multi-turn Cache Hits: 43
  Multi-turn Cache Misses: 453
  Multi-turn Hit Rate: 8.7%

### QOS LATENCY METRICS (Informational - includes simulated generation) ###

  INTERACTIVE:
    Requests: 314
    Latency P95: 313269.98 ms
    Latency P99: 324133.74 ms
    SLA Met: [X] (compliance: 0.0%)

  RESPONSIVE:
    Requests: 34
    Latency P95: 84233.13 ms
    Latency P99: 113368.92 ms
    SLA Met: [X] (compliance: 0.0%)

  BATCH:
    Requests: 23
    Latency P95: 77310.62 ms
    Latency P99: 80098.37 ms
    SLA Met: [X] (compliance: 0.0%)

================================================================================
NOTES:
  - Pure storage I/O benchmark (no generation simulation)
================================================================================

Integrated Multi-User KV Cache Benchmark - MLPerf Edition
Model: Llama 3.1 70B Instruct
GPU Memory: 0 GB
Users: 70
Duration: 300s
Seed: 148
Generation Mode: none (0.0ms/token)
Features:
  - Phase-Aware Processing: Enabled
  - Multi-turn Conversations: Enabled
  - Prefix Caching: Enabled
  - RAG Workload: Disabled
  - Autoscaling: Disabled
  - QoS Support: Enabled (Interactive/Responsive/Batch)
  - Trace-Driven (BurstGPT): Disabled
  - ShareGPT Dataset: Disabled
  - Max Concurrent Allocations: 4 (bounds RAM usage)
================================================================================

User Context Length Distribution:
  Min: 552 tokens (172.50MiB)
  Max: 22833 tokens (7135.31MiB)
  Mean: 8348 tokens (2608.61MiB)

QoS Distribution:
  interactive: 14 users
  responsive: 25 users
  batch: 31 users

### MEMORY SAFETY CHECK ###
  Formula: peak = (workers x 2 x mean_entry_bytes) + baseline
         = (70 x 2 x 2500MiB) + 2.5GiB
         = 344.3GiB
  Available RAM: 989.0GiB
  Mean entry size: 2500MiB  (8000 tok x 327,680 B/tok)
  Peak per thread: 5000MiB  (np.load + np.array copy)
  Worker threads: 70
  Safe concurrent readers: ~202  = (available - baseline) / peak_per_thread
  Status: OK

Starting benchmark... Mode: standard (prefill+decode)
--------------------------------------------------------------------------------

================================================================================
BENCHMARK RESULTS - MLPerf KV Cache Storage Benchmark
Generation Mode: none (0.0ms/token)
================================================================================

IMPORTANT: All storage latencies below are measured per KV cache BLOCK,
not per token or per disk page.  Each block holds the full KV state for
one request (all layers, all heads, full sequence length).
  Model KV bytes/token: 327,680 bytes (320.0KiB)
  Entries in cache: 341
  Block size min:   92.8MiB
  Block size mean:  833.6MiB
  Block size P95:   2536.6MiB
  Block size max:   5937.2MiB
  A 200MiB block at 1GiB/s NVMe read = ~200 ms device latency.
  Compare latencies against block sizes, not against 4KiB page I/O.


### OVERALL PERFORMANCE ###
Requests Completed: 333
Total Tokens Generated: 51147
Throughput (wall-clock): 170.48 tokens/sec
Throughput (storage I/O): 6.29 tokens/sec
Requests/sec: 1.11

### END-TO-END LATENCY (Queue Wait + Storage I/O + Generation) ###
  Mean: 186292.53 ms
  P50:  198191.24 ms
  P95:  324318.54 ms
  P99:  336585.98 ms

### PER-REQUEST STORAGE LATENCY (All I/O ops for one request) ###
  Mean: 24424.90 ms
  P50:  12037.58 ms
  P95:  86894.97 ms
  P99:  130229.51 ms
  (= 1 prefill write + N decode reads per request)

### STORAGE PERFORMANCE ###
  Cache Hit Rate: 87.5%
  Total Read: 1953.28GiB
  Total Write: 277.61GiB
  Read/Write Ratio: 7.04
  Storage KV Read Operations/sec: 7.09
  Storage KV Write Operations/sec: 1.14

### CACHE TIER DISTRIBUTION ###
  GPU Entries: 0 (0.00GiB)
  CPU Entries: 0 (0.00GiB)
  Storage Entries: 341

### TIER-SPECIFIC KV BYTES ###
  Storage KV Bytes Written: 277.61GiB
  Storage KV Bytes Read: 1953.28GiB

### STORAGE KV BANDWIDTH ###
  Storage KV Read Bandwidth: 6.51GiB/s
  Storage KV Write Bandwidth: 0.93GiB/s

### TIER-SPECIFIC LATENCIES (Total = Host + Device) ###
  Storage Read P95 (Total): 11444.90 ms
  Storage Write P95 (Total): 6251.79 ms

### STORAGE TIER LATENCY BREAKDOWN (Device = Disk I/O, Host = Serialization) ###
  Storage Read:
    - Device P95 (Disk I/O): 9718.57 ms
    - Host P95 (Serialization): 2942.08 ms
    - Total P95: 11444.90 ms
  Storage Write:
    - Device P95 (Disk I/O): 902.79 ms
    - Host P95 (Serialization): 5793.00 ms
    - Total P95: 6251.79 ms

### CACHE TYPE BREAKDOWNS ###
  System Prompt Hits: 319
  Common Phrase Hits: 0
  User Cache Hits: 1781
  Multi-turn Hits: 27

### PREFIX CACHING ###
  Prefix Hits: 48
  Prefix Misses: 293
  System Prompt Reuse: 48
  Bytes Saved: 0.10GiB

### MULTI-TURN CONVERSATIONS ###
  Multi-turn Cache Hits: 27
  Multi-turn Cache Misses: 257
  Multi-turn Hit Rate: 9.5%

### QOS LATENCY METRICS (Informational - includes simulated generation) ###

  INTERACTIVE:
    Requests: 287
    Latency P95: 329592.00 ms
    Latency P99: 337090.33 ms
    SLA Met: [X] (compliance: 0.0%)

  RESPONSIVE:
    Requests: 16
    Latency P95: 115125.12 ms
    Latency P99: 128179.23 ms
    SLA Met: [X] (compliance: 0.0%)

  BATCH:
    Requests: 30
    Latency P95: 190591.64 ms
    Latency P99: 226182.76 ms
    SLA Met: [X] (compliance: 0.0%)

================================================================================
NOTES:
  - Pure storage I/O benchmark (no generation simulation)
================================================================================

Integrated Multi-User KV Cache Benchmark - MLPerf Edition
Model: Llama 3.1 70B Instruct
GPU Memory: 0 GB
Users: 70
Duration: 300s
Seed: 169
Generation Mode: none (0.0ms/token)
Features:
  - Phase-Aware Processing: Enabled
  - Multi-turn Conversations: Enabled
  - Prefix Caching: Enabled
  - RAG Workload: Disabled
  - Autoscaling: Disabled
  - QoS Support: Enabled (Interactive/Responsive/Batch)
  - Trace-Driven (BurstGPT): Disabled
  - ShareGPT Dataset: Disabled
  - Max Concurrent Allocations: 4 (bounds RAM usage)
================================================================================

User Context Length Distribution:
  Min: 774 tokens (241.88MiB)
  Max: 24027 tokens (7508.44MiB)
  Mean: 9484 tokens (2963.70MiB)

QoS Distribution:
  interactive: 13 users
  responsive: 19 users
  batch: 38 users

### MEMORY SAFETY CHECK ###
  Formula: peak = (workers x 2 x mean_entry_bytes) + baseline
         = (70 x 2 x 2500MiB) + 2.5GiB
         = 344.3GiB
  Available RAM: 988.6GiB
  Mean entry size: 2500MiB  (8000 tok x 327,680 B/tok)
  Peak per thread: 5000MiB  (np.load + np.array copy)
  Worker threads: 70
  Safe concurrent readers: ~201  = (available - baseline) / peak_per_thread
  Status: OK

Starting benchmark... Mode: standard (prefill+decode)
--------------------------------------------------------------------------------

================================================================================
BENCHMARK RESULTS - MLPerf KV Cache Storage Benchmark
Generation Mode: none (0.0ms/token)
================================================================================

IMPORTANT: All storage latencies below are measured per KV cache BLOCK,
not per token or per disk page.  Each block holds the full KV state for
one request (all layers, all heads, full sequence length).
  Model KV bytes/token: 327,680 bytes (320.0KiB)
  Entries in cache: 305
  Block size min:   92.8MiB
  Block size mean:  1255.5MiB
  Block size P95:   4624.4MiB
  Block size max:   7507.2MiB
  A 200MiB block at 1GiB/s NVMe read = ~200 ms device latency.
  Compare latencies against block sizes, not against 4KiB page I/O.


### OVERALL PERFORMANCE ###
Requests Completed: 294
Total Tokens Generated: 43091
Throughput (wall-clock): 142.73 tokens/sec
Throughput (storage I/O): 6.78 tokens/sec
Requests/sec: 0.97

### END-TO-END LATENCY (Queue Wait + Storage I/O + Generation) ###
  Mean: 179485.81 ms
  P50:  182158.00 ms
  P95:  325777.41 ms
  P99:  333545.09 ms

### PER-REQUEST STORAGE LATENCY (All I/O ops for one request) ###
  Mean: 21627.63 ms
  P50:  10767.41 ms
  P95:  68874.81 ms
  P99:  133880.23 ms
  (= 1 prefill write + N decode reads per request)

### STORAGE PERFORMANCE ###
  Cache Hit Rate: 77.8%
  Total Read: 1540.64GiB
  Total Write: 373.96GiB
  Read/Write Ratio: 4.12
  Storage KV Read Operations/sec: 5.24
  Storage KV Write Operations/sec: 1.02

### CACHE TIER DISTRIBUTION ###
  GPU Entries: 0 (0.00GiB)
  CPU Entries: 0 (0.00GiB)
  Storage Entries: 305

### TIER-SPECIFIC KV BYTES ###
  Storage KV Bytes Written: 373.96GiB
  Storage KV Bytes Read: 1540.64GiB

### STORAGE KV BANDWIDTH ###
  Storage KV Read Bandwidth: 5.10GiB/s
  Storage KV Write Bandwidth: 1.24GiB/s

### TIER-SPECIFIC LATENCIES (Total = Host + Device) ###
  Storage Read P95 (Total): 11951.57 ms
  Storage Write P95 (Total): 7568.37 ms

### STORAGE TIER LATENCY BREAKDOWN (Device = Disk I/O, Host = Serialization) ###
  Storage Read:
    - Device P95 (Disk I/O): 9337.24 ms
    - Host P95 (Serialization): 3366.48 ms
    - Total P95: 11951.57 ms
  Storage Write:
    - Device P95 (Disk I/O): 1051.70 ms
    - Host P95 (Serialization): 6661.28 ms
    - Total P95: 7568.37 ms

### CACHE TYPE BREAKDOWNS ###
  System Prompt Hits: 257
  Common Phrase Hits: 0
  User Cache Hits: 1268
  Multi-turn Hits: 47

### PREFIX CACHING ###
  Prefix Hits: 52
  Prefix Misses: 253
  System Prompt Reuse: 52
  Bytes Saved: 0.11GiB

### MULTI-TURN CONVERSATIONS ###
  Multi-turn Cache Hits: 47
  Multi-turn Cache Misses: 396
  Multi-turn Hit Rate: 10.6%

### QOS LATENCY METRICS (Informational - includes simulated generation) ###

  INTERACTIVE:
    Requests: 252
    Latency P95: 328177.03 ms
    Latency P99: 333662.48 ms
    SLA Met: [X] (compliance: 0.0%)

  RESPONSIVE:
    Requests: 14
    Latency P95: 124711.98 ms
    Latency P99: 142128.29 ms
    SLA Met: [X] (compliance: 0.0%)

  BATCH:
    Requests: 28
    Latency P95: 152259.04 ms
    Latency P99: 169688.89 ms
    SLA Met: [X] (compliance: 0.0%)

================================================================================
NOTES:
  - Pure storage I/O benchmark (no generation simulation)
================================================================================

Integrated Multi-User KV Cache Benchmark - MLPerf Edition
Model: Llama 3.1 70B Instruct
GPU Memory: 0 GB
Users: 70
Duration: 300s
Seed: 106
Generation Mode: none (0.0ms/token)
Features:
  - Phase-Aware Processing: Enabled
  - Multi-turn Conversations: Enabled
  - Prefix Caching: Enabled
  - RAG Workload: Disabled
  - Autoscaling: Disabled
  - QoS Support: Enabled (Interactive/Responsive/Batch)
  - Trace-Driven (BurstGPT): Disabled
  - ShareGPT Dataset: Disabled
  - Max Concurrent Allocations: 4 (bounds RAM usage)
================================================================================

User Context Length Distribution:
  Min: 861 tokens (269.06MiB)
  Max: 24280 tokens (7587.50MiB)
  Mean: 7855 tokens (2454.69MiB)

QoS Distribution:
  interactive: 6 users
  responsive: 22 users
  batch: 42 users

### MEMORY SAFETY CHECK ###
  Formula: peak = (workers x 2 x mean_entry_bytes) + baseline
         = (70 x 2 x 2500MiB) + 2.5GiB
         = 344.3GiB
  Available RAM: 990.5GiB
  Mean entry size: 2500MiB  (8000 tok x 327,680 B/tok)
  Peak per thread: 5000MiB  (np.load + np.array copy)
  Worker threads: 70
  Safe concurrent readers: ~202  = (available - baseline) / peak_per_thread
  Status: OK

Starting benchmark... Mode: standard (prefill+decode)
--------------------------------------------------------------------------------

================================================================================
BENCHMARK RESULTS - MLPerf KV Cache Storage Benchmark
Generation Mode: none (0.0ms/token)
================================================================================

IMPORTANT: All storage latencies below are measured per KV cache BLOCK,
not per token or per disk page.  Each block holds the full KV state for
one request (all layers, all heads, full sequence length).
  Model KV bytes/token: 327,680 bytes (320.0KiB)
  Entries in cache: 391
  Block size min:   68.1MiB
  Block size mean:  814.5MiB
  Block size P95:   2630.0MiB
  Block size max:   6193.1MiB
  A 200MiB block at 1GiB/s NVMe read = ~200 ms device latency.
  Compare latencies against block sizes, not against 4KiB page I/O.


### OVERALL PERFORMANCE ###
Requests Completed: 382
Total Tokens Generated: 39012
Throughput (wall-clock): 129.51 tokens/sec
Throughput (storage I/O): 5.37 tokens/sec
Requests/sec: 1.27

### END-TO-END LATENCY (Queue Wait + Storage I/O + Generation) ###
  Mean: 162328.47 ms
  P50:  159228.40 ms
  P95:  296473.18 ms
  P99:  314828.25 ms

### PER-REQUEST STORAGE LATENCY (All I/O ops for one request) ###
  Mean: 19026.58 ms
  P50:  6176.35 ms
  P95:  83559.92 ms
  P99:  108320.24 ms
  (= 1 prefill write + N decode reads per request)

### STORAGE PERFORMANCE ###
  Cache Hit Rate: 80.5%
  Total Read: 1968.46GiB
  Total Write: 311.00GiB
  Read/Write Ratio: 6.33
  Storage KV Read Operations/sec: 5.95
  Storage KV Write Operations/sec: 1.30

### CACHE TIER DISTRIBUTION ###
  GPU Entries: 0 (0.00GiB)
  CPU Entries: 0 (0.00GiB)
  Storage Entries: 391

### TIER-SPECIFIC KV BYTES ###
  Storage KV Bytes Written: 311.00GiB
  Storage KV Bytes Read: 1968.46GiB

### STORAGE KV BANDWIDTH ###
  Storage KV Read Bandwidth: 6.53GiB/s
  Storage KV Write Bandwidth: 1.03GiB/s

### TIER-SPECIFIC LATENCIES (Total = Host + Device) ###
  Storage Read P95 (Total): 11676.04 ms
  Storage Write P95 (Total): 7063.90 ms

### STORAGE TIER LATENCY BREAKDOWN (Device = Disk I/O, Host = Serialization) ###
  Storage Read:
    - Device P95 (Disk I/O): 9581.39 ms
    - Host P95 (Serialization): 3456.45 ms
    - Total P95: 11676.04 ms
  Storage Write:
    - Device P95 (Disk I/O): 321.90 ms
    - Host P95 (Serialization): 6757.32 ms
    - Total P95: 7063.90 ms

### CACHE TYPE BREAKDOWNS ###
  System Prompt Hits: 361
  Common Phrase Hits: 0
  User Cache Hits: 1392
  Multi-turn Hits: 31

### PREFIX CACHING ###
  Prefix Hits: 78
  Prefix Misses: 313
  System Prompt Reuse: 78
  Bytes Saved: 0.16GiB

### MULTI-TURN CONVERSATIONS ###
  Multi-turn Cache Hits: 31
  Multi-turn Cache Misses: 354
  Multi-turn Hit Rate: 8.1%

### QOS LATENCY METRICS (Informational - includes simulated generation) ###

  INTERACTIVE:
    Requests: 323
    Latency P95: 297294.66 ms
    Latency P99: 314961.78 ms
    SLA Met: [X] (compliance: 0.0%)

  RESPONSIVE:
    Requests: 24
    Latency P95: 81147.50 ms
    Latency P99: 87976.98 ms
    SLA Met: [X] (compliance: 0.0%)

  BATCH:
    Requests: 35
    Latency P95: 100779.79 ms
    Latency P99: 147169.34 ms
    SLA Met: [X] (compliance: 0.0%)

================================================================================
NOTES:
  - Pure storage I/O benchmark (no generation simulation)
================================================================================

Integrated Multi-User KV Cache Benchmark - MLPerf Edition
Model: Llama 3.1 70B Instruct
GPU Memory: 0 GB
Users: 70
Duration: 300s
Seed: 135
Generation Mode: none (0.0ms/token)
Features:
  - Phase-Aware Processing: Enabled
  - Multi-turn Conversations: Enabled
  - Prefix Caching: Enabled
  - RAG Workload: Disabled
  - Autoscaling: Disabled
  - QoS Support: Enabled (Interactive/Responsive/Batch)
  - Trace-Driven (BurstGPT): Disabled
  - ShareGPT Dataset: Disabled
  - Max Concurrent Allocations: 4 (bounds RAM usage)
================================================================================

User Context Length Distribution:
  Min: 665 tokens (207.81MiB)
  Max: 24137 tokens (7542.81MiB)
  Mean: 9729 tokens (3040.41MiB)

QoS Distribution:
  interactive: 11 users
  responsive: 30 users
  batch: 29 users

### MEMORY SAFETY CHECK ###
  Formula: peak = (workers x 2 x mean_entry_bytes) + baseline
         = (70 x 2 x 2500MiB) + 2.5GiB
         = 344.3GiB
  Available RAM: 989.5GiB
  Mean entry size: 2500MiB  (8000 tok x 327,680 B/tok)
  Peak per thread: 5000MiB  (np.load + np.array copy)
  Worker threads: 70
  Safe concurrent readers: ~202  = (available - baseline) / peak_per_thread
  Status: OK

Starting benchmark... Mode: standard (prefill+decode)
--------------------------------------------------------------------------------

================================================================================
BENCHMARK RESULTS - MLPerf KV Cache Storage Benchmark
Generation Mode: none (0.0ms/token)
================================================================================

IMPORTANT: All storage latencies below are measured per KV cache BLOCK,
not per token or per disk page.  Each block holds the full KV state for
one request (all layers, all heads, full sequence length).
  Model KV bytes/token: 327,680 bytes (320.0KiB)
  Entries in cache: 260
  Block size min:   55.0MiB
  Block size mean:  1154.7MiB
  Block size P95:   3635.9MiB
  Block size max:   7004.4MiB
  A 200MiB block at 1GiB/s NVMe read = ~200 ms device latency.
  Compare latencies against block sizes, not against 4KiB page I/O.


### OVERALL PERFORMANCE ###
Requests Completed: 254
Total Tokens Generated: 39096
Throughput (wall-clock): 130.31 tokens/sec
Throughput (storage I/O): 5.63 tokens/sec
Requests/sec: 0.85

### END-TO-END LATENCY (Queue Wait + Storage I/O + Generation) ###
  Mean: 180384.23 ms
  P50:  184758.74 ms
  P95:  324932.95 ms
  P99:  340412.58 ms

### PER-REQUEST STORAGE LATENCY (All I/O ops for one request) ###
  Mean: 27352.54 ms
  P50:  13368.81 ms
  P95:  91966.91 ms
  P99:  173560.82 ms
  (= 1 prefill write + N decode reads per request)

### STORAGE PERFORMANCE ###
  Cache Hit Rate: 85.2%
  Total Read: 1371.64GiB
  Total Write: 293.20GiB
  Read/Write Ratio: 4.68
  Storage KV Read Operations/sec: 4.63
  Storage KV Write Operations/sec: 0.87

### CACHE TIER DISTRIBUTION ###
  GPU Entries: 0 (0.00GiB)
  CPU Entries: 0 (0.00GiB)
  Storage Entries: 260

### TIER-SPECIFIC KV BYTES ###
  Storage KV Bytes Written: 293.20GiB
  Storage KV Bytes Read: 1371.64GiB

### STORAGE KV BANDWIDTH ###
  Storage KV Read Bandwidth: 4.57GiB/s
  Storage KV Write Bandwidth: 0.98GiB/s

### TIER-SPECIFIC LATENCIES (Total = Host + Device) ###
  Storage Read P95 (Total): 15120.57 ms
  Storage Write P95 (Total): 10060.27 ms

### STORAGE TIER LATENCY BREAKDOWN (Device = Disk I/O, Host = Serialization) ###
  Storage Read:
    - Device P95 (Disk I/O): 13582.97 ms
    - Host P95 (Serialization): 6111.83 ms
    - Total P95: 15120.57 ms
  Storage Write:
    - Device P95 (Disk I/O): 626.84 ms
    - Host P95 (Serialization): 10060.25 ms
    - Total P95: 10060.27 ms

### CACHE TYPE BREAKDOWNS ###
  System Prompt Hits: 301
  Common Phrase Hits: 0
  User Cache Hits: 1076
  Multi-turn Hits: 13

### PREFIX CACHING ###
  Prefix Hits: 56
  Prefix Misses: 204
  System Prompt Reuse: 56
  Bytes Saved: 0.11GiB

### MULTI-TURN CONVERSATIONS ###
  Multi-turn Cache Hits: 13
  Multi-turn Cache Misses: 185
  Multi-turn Hit Rate: 6.6%

### QOS LATENCY METRICS (Informational - includes simulated generation) ###

  INTERACTIVE:
    Requests: 201
    Latency P95: 325313.61 ms
    Latency P99: 340589.73 ms
    SLA Met: [X] (compliance: 0.0%)

  RESPONSIVE:
    Requests: 35
    Latency P95: 128418.34 ms
    Latency P99: 175576.02 ms
    SLA Met: [X] (compliance: 0.0%)

  BATCH:
    Requests: 18
    Latency P95: 176154.05 ms
    Latency P99: 228841.29 ms
    SLA Met: [X] (compliance: 0.0%)

================================================================================
NOTES:
  - Pure storage I/O benchmark (no generation simulation)
================================================================================

Integrated Multi-User KV Cache Benchmark - MLPerf Edition
Model: Llama 3.1 70B Instruct
GPU Memory: 0 GB
Users: 70
Duration: 300s
Seed: 125
Generation Mode: none (0.0ms/token)
Features:
  - Phase-Aware Processing: Enabled
  - Multi-turn Conversations: Enabled
  - Prefix Caching: Enabled
  - RAG Workload: Disabled
  - Autoscaling: Disabled
  - QoS Support: Enabled (Interactive/Responsive/Batch)
  - Trace-Driven (BurstGPT): Disabled
  - ShareGPT Dataset: Disabled
  - Max Concurrent Allocations: 4 (bounds RAM usage)
================================================================================

User Context Length Distribution:
  Min: 700 tokens (218.75MiB)
  Max: 24078 tokens (7524.38MiB)
  Mean: 7602 tokens (2375.47MiB)

QoS Distribution:
  interactive: 10 users
  responsive: 30 users
  batch: 30 users

### MEMORY SAFETY CHECK ###
  Formula: peak = (workers x 2 x mean_entry_bytes) + baseline
         = (70 x 2 x 2500MiB) + 2.5GiB
         = 344.3GiB
  Available RAM: 989.9GiB
  Mean entry size: 2500MiB  (8000 tok x 327,680 B/tok)
  Peak per thread: 5000MiB  (np.load + np.array copy)
  Worker threads: 70
  Safe concurrent readers: ~202  = (available - baseline) / peak_per_thread
  Status: OK

Starting benchmark... Mode: standard (prefill+decode)
--------------------------------------------------------------------------------

================================================================================
BENCHMARK RESULTS - MLPerf KV Cache Storage Benchmark
Generation Mode: none (0.0ms/token)
================================================================================

IMPORTANT: All storage latencies below are measured per KV cache BLOCK,
not per token or per disk page.  Each block holds the full KV state for
one request (all layers, all heads, full sequence length).
  Model KV bytes/token: 327,680 bytes (320.0KiB)
  Entries in cache: 419
  Block size min:   68.1MiB
  Block size mean:  725.3MiB
  Block size P95:   2307.2MiB
  Block size max:   4935.6MiB
  A 200MiB block at 1GiB/s NVMe read = ~200 ms device latency.
  Compare latencies against block sizes, not against 4KiB page I/O.


### OVERALL PERFORMANCE ###
Requests Completed: 411
Total Tokens Generated: 44948
Throughput (wall-clock): 149.80 tokens/sec
Throughput (storage I/O): 6.67 tokens/sec
Requests/sec: 1.37

### END-TO-END LATENCY (Queue Wait + Storage I/O + Generation) ###
  Mean: 169407.10 ms
  P50:  157870.61 ms
  P95:  314563.39 ms
  P99:  324419.39 ms

### PER-REQUEST STORAGE LATENCY (All I/O ops for one request) ###
  Mean: 16399.07 ms
  P50:  10744.56 ms
  P95:  48558.71 ms
  P99:  94514.08 ms
  (= 1 prefill write + N decode reads per request)

### STORAGE PERFORMANCE ###
  Cache Hit Rate: 81.4%
  Total Read: 1411.14GiB
  Total Write: 296.79GiB
  Read/Write Ratio: 4.75
  Storage KV Read Operations/sec: 6.80
  Storage KV Write Operations/sec: 1.40

### CACHE TIER DISTRIBUTION ###
  GPU Entries: 0 (0.00GiB)
  CPU Entries: 0 (0.00GiB)
  Storage Entries: 419

### TIER-SPECIFIC KV BYTES ###
  Storage KV Bytes Written: 296.79GiB
  Storage KV Bytes Read: 1411.14GiB

### STORAGE KV BANDWIDTH ###
  Storage KV Read Bandwidth: 4.70GiB/s
  Storage KV Write Bandwidth: 0.99GiB/s

### TIER-SPECIFIC LATENCIES (Total = Host + Device) ###
  Storage Read P95 (Total): 8864.08 ms
  Storage Write P95 (Total): 4324.24 ms

### STORAGE TIER LATENCY BREAKDOWN (Device = Disk I/O, Host = Serialization) ###
  Storage Read:
    - Device P95 (Disk I/O): 7474.72 ms
    - Host P95 (Serialization): 2495.14 ms
    - Total P95: 8864.08 ms
  Storage Write:
    - Device P95 (Disk I/O): 436.01 ms
    - Host P95 (Serialization): 4321.11 ms
    - Total P95: 4324.24 ms

### CACHE TYPE BREAKDOWNS ###
  System Prompt Hits: 383
  Common Phrase Hits: 0
  User Cache Hits: 1616
  Multi-turn Hits: 40

### PREFIX CACHING ###
  Prefix Hits: 80
  Prefix Misses: 339
  System Prompt Reuse: 80
  Bytes Saved: 0.16GiB

### MULTI-TURN CONVERSATIONS ###
  Multi-turn Cache Hits: 40
  Multi-turn Cache Misses: 386
  Multi-turn Hit Rate: 9.4%

### QOS LATENCY METRICS (Informational - includes simulated generation) ###

  INTERACTIVE:
    Requests: 353
    Latency P95: 315855.24 ms
    Latency P99: 324601.79 ms
    SLA Met: [X] (compliance: 0.0%)

  RESPONSIVE:
    Requests: 38
    Latency P95: 98255.42 ms
    Latency P99: 119299.70 ms
    SLA Met: [X] (compliance: 0.0%)

  BATCH:
    Requests: 20
    Latency P95: 74007.59 ms
    Latency P99: 123791.59 ms
    SLA Met: [X] (compliance: 0.0%)

================================================================================
NOTES:
  - Pure storage I/O benchmark (no generation simulation)
================================================================================

Integrated Multi-User KV Cache Benchmark - MLPerf Edition
Model: Llama 3.1 70B Instruct
GPU Memory: 0 GB
Users: 70
Duration: 300s
Seed: 199
Generation Mode: none (0.0ms/token)
Features:
  - Phase-Aware Processing: Enabled
  - Multi-turn Conversations: Enabled
  - Prefix Caching: Enabled
  - RAG Workload: Disabled
  - Autoscaling: Disabled
  - QoS Support: Enabled (Interactive/Responsive/Batch)
  - Trace-Driven (BurstGPT): Disabled
  - ShareGPT Dataset: Disabled
  - Max Concurrent Allocations: 4 (bounds RAM usage)
================================================================================

User Context Length Distribution:
  Min: 566 tokens (176.88MiB)
  Max: 23401 tokens (7312.81MiB)
  Mean: 9249 tokens (2890.46MiB)

QoS Distribution:
  interactive: 13 users
  responsive: 25 users
  batch: 32 users

### MEMORY SAFETY CHECK ###
  Formula: peak = (workers x 2 x mean_entry_bytes) + baseline
         = (70 x 2 x 2500MiB) + 2.5GiB
         = 344.3GiB
  Available RAM: 989.8GiB
  Mean entry size: 2500MiB  (8000 tok x 327,680 B/tok)
  Peak per thread: 5000MiB  (np.load + np.array copy)
  Worker threads: 70
  Safe concurrent readers: ~202  = (available - baseline) / peak_per_thread
  Status: OK

Starting benchmark... Mode: standard (prefill+decode)
--------------------------------------------------------------------------------

================================================================================
BENCHMARK RESULTS - MLPerf KV Cache Storage Benchmark
Generation Mode: none (0.0ms/token)
================================================================================

IMPORTANT: All storage latencies below are measured per KV cache BLOCK,
not per token or per disk page.  Each block holds the full KV state for
one request (all layers, all heads, full sequence length).
  Model KV bytes/token: 327,680 bytes (320.0KiB)
  Entries in cache: 304
  Block size min:   63.8MiB
  Block size mean:  1144.4MiB
  Block size P95:   3703.6MiB
  Block size max:   4883.4MiB
  A 200MiB block at 1GiB/s NVMe read = ~200 ms device latency.
  Compare latencies against block sizes, not against 4KiB page I/O.


### OVERALL PERFORMANCE ###
Requests Completed: 291
Total Tokens Generated: 41131
Throughput (wall-clock): 136.94 tokens/sec
Throughput (storage I/O): 5.68 tokens/sec
Requests/sec: 0.97

### END-TO-END LATENCY (Queue Wait + Storage I/O + Generation) ###
  Mean: 180089.23 ms
  P50:  188461.29 ms
  P95:  331627.43 ms
  P99:  340211.30 ms

### PER-REQUEST STORAGE LATENCY (All I/O ops for one request) ###
  Mean: 24865.05 ms
  P50:  13223.37 ms
  P95:  90374.49 ms
  P99:  134987.25 ms
  (= 1 prefill write + N decode reads per request)

### STORAGE PERFORMANCE ###
  Cache Hit Rate: 85.6%
  Total Read: 1789.04GiB
  Total Write: 339.75GiB
  Read/Write Ratio: 5.27
  Storage KV Read Operations/sec: 5.35
  Storage KV Write Operations/sec: 1.01

### CACHE TIER DISTRIBUTION ###
  GPU Entries: 0 (0.00GiB)
  CPU Entries: 0 (0.00GiB)
  Storage Entries: 304

### TIER-SPECIFIC KV BYTES ###
  Storage KV Bytes Written: 339.75GiB
  Storage KV Bytes Read: 1789.04GiB

### STORAGE KV BANDWIDTH ###
  Storage KV Read Bandwidth: 5.96GiB/s
  Storage KV Write Bandwidth: 1.13GiB/s

### TIER-SPECIFIC LATENCIES (Total = Host + Device) ###
  Storage Read P95 (Total): 11290.66 ms
  Storage Write P95 (Total): 5684.74 ms

### STORAGE TIER LATENCY BREAKDOWN (Device = Disk I/O, Host = Serialization) ###
  Storage Read:
    - Device P95 (Disk I/O): 8005.00 ms
    - Host P95 (Serialization): 4220.59 ms
    - Total P95: 11290.66 ms
  Storage Write:
    - Device P95 (Disk I/O): 452.01 ms
    - Host P95 (Serialization): 5641.74 ms
    - Total P95: 5684.74 ms

### CACHE TYPE BREAKDOWNS ###
  System Prompt Hits: 346
  Common Phrase Hits: 0
  User Cache Hits: 1224
  Multi-turn Hits: 36

### PREFIX CACHING ###
  Prefix Hits: 68
  Prefix Misses: 236
  System Prompt Reuse: 68
  Bytes Saved: 0.14GiB

### MULTI-TURN CONVERSATIONS ###
  Multi-turn Cache Hits: 36
  Multi-turn Cache Misses: 202
  Multi-turn Hit Rate: 15.1%

### QOS LATENCY METRICS (Informational - includes simulated generation) ###

  INTERACTIVE:
    Requests: 238
    Latency P95: 332565.42 ms
    Latency P99: 341657.95 ms
    SLA Met: [X] (compliance: 0.0%)

  RESPONSIVE:
    Requests: 23
    Latency P95: 138657.89 ms
    Latency P99: 194196.40 ms
    SLA Met: [X] (compliance: 0.0%)

  BATCH:
    Requests: 30
    Latency P95: 182604.48 ms
    Latency P99: 224156.59 ms
    SLA Met: [X] (compliance: 0.0%)

================================================================================
NOTES:
  - Pure storage I/O benchmark (no generation simulation)
================================================================================

Integrated Multi-User KV Cache Benchmark - MLPerf Edition
Model: Llama 3.1 70B Instruct
GPU Memory: 0 GB
Users: 70
Duration: 300s
Seed: 128
Generation Mode: none (0.0ms/token)
Features:
  - Phase-Aware Processing: Enabled
  - Multi-turn Conversations: Enabled
  - Prefix Caching: Enabled
  - RAG Workload: Disabled
  - Autoscaling: Disabled
  - QoS Support: Enabled (Interactive/Responsive/Batch)
  - Trace-Driven (BurstGPT): Disabled
  - ShareGPT Dataset: Disabled
  - Max Concurrent Allocations: 4 (bounds RAM usage)
================================================================================

User Context Length Distribution:
  Min: 899 tokens (280.94MiB)
  Max: 22778 tokens (7118.12MiB)
  Mean: 8536 tokens (2667.42MiB)

QoS Distribution:
  interactive: 9 users
  responsive: 27 users
  batch: 34 users

### MEMORY SAFETY CHECK ###
  Formula: peak = (workers x 2 x mean_entry_bytes) + baseline
         = (70 x 2 x 2500MiB) + 2.5GiB
         = 344.3GiB
  Available RAM: 989.8GiB
  Mean entry size: 2500MiB  (8000 tok x 327,680 B/tok)
  Peak per thread: 5000MiB  (np.load + np.array copy)
  Worker threads: 70
  Safe concurrent readers: ~202  = (available - baseline) / peak_per_thread
  Status: OK

Starting benchmark... Mode: standard (prefill+decode)
--------------------------------------------------------------------------------

================================================================================
BENCHMARK RESULTS - MLPerf KV Cache Storage Benchmark
Generation Mode: none (0.0ms/token)
================================================================================

IMPORTANT: All storage latencies below are measured per KV cache BLOCK,
not per token or per disk page.  Each block holds the full KV state for
one request (all layers, all heads, full sequence length).
  Model KV bytes/token: 327,680 bytes (320.0KiB)
  Entries in cache: 293
  Block size min:   98.8MiB
  Block size mean:  1157.2MiB
  Block size P95:   3857.1MiB
  Block size max:   6688.8MiB
  A 200MiB block at 1GiB/s NVMe read = ~200 ms device latency.
  Compare latencies against block sizes, not against 4KiB page I/O.


### OVERALL PERFORMANCE ###
Requests Completed: 282
Total Tokens Generated: 36942
Throughput (wall-clock): 123.07 tokens/sec
Throughput (storage I/O): 5.92 tokens/sec
Requests/sec: 0.94

### END-TO-END LATENCY (Queue Wait + Storage I/O + Generation) ###
  Mean: 172578.70 ms
  P50:  171619.69 ms
  P95:  325017.04 ms
  P99:  331433.56 ms

### PER-REQUEST STORAGE LATENCY (All I/O ops for one request) ###
  Mean: 22110.14 ms
  P50:  14621.84 ms
  P95:  61628.36 ms
  P99:  109298.74 ms
  (= 1 prefill write + N decode reads per request)

### STORAGE PERFORMANCE ###
  Cache Hit Rate: 84.1%
  Total Read: 1466.77GiB
  Total Write: 331.13GiB
  Read/Write Ratio: 4.43
  Storage KV Read Operations/sec: 5.01
  Storage KV Write Operations/sec: 0.98

### CACHE TIER DISTRIBUTION ###
  GPU Entries: 0 (0.00GiB)
  CPU Entries: 0 (0.00GiB)
  Storage Entries: 293

### TIER-SPECIFIC KV BYTES ###
  Storage KV Bytes Written: 331.13GiB
  Storage KV Bytes Read: 1466.77GiB

### STORAGE KV BANDWIDTH ###
  Storage KV Read Bandwidth: 4.89GiB/s
  Storage KV Write Bandwidth: 1.10GiB/s

### TIER-SPECIFIC LATENCIES (Total = Host + Device) ###
  Storage Read P95 (Total): 13904.32 ms
  Storage Write P95 (Total): 7389.60 ms

### STORAGE TIER LATENCY BREAKDOWN (Device = Disk I/O, Host = Serialization) ###
  Storage Read:
    - Device P95 (Disk I/O): 11357.29 ms
    - Host P95 (Serialization): 2657.74 ms
    - Total P95: 13904.32 ms
  Storage Write:
    - Device P95 (Disk I/O): 424.34 ms
    - Host P95 (Serialization): 6606.58 ms
    - Total P95: 7389.60 ms

### CACHE TYPE BREAKDOWNS ###
  System Prompt Hits: 290
  Common Phrase Hits: 0
  User Cache Hits: 1198
  Multi-turn Hits: 15

### PREFIX CACHING ###
  Prefix Hits: 57
  Prefix Misses: 236
  System Prompt Reuse: 57
  Bytes Saved: 0.11GiB

### MULTI-TURN CONVERSATIONS ###
  Multi-turn Cache Hits: 15
  Multi-turn Cache Misses: 227
  Multi-turn Hit Rate: 6.2%

### QOS LATENCY METRICS (Informational - includes simulated generation) ###

  INTERACTIVE:
    Requests: 227
    Latency P95: 326356.40 ms
    Latency P99: 331728.72 ms
    SLA Met: [X] (compliance: 0.0%)

  RESPONSIVE:
    Requests: 23
    Latency P95: 156744.66 ms
    Latency P99: 192953.27 ms
    SLA Met: [X] (compliance: 0.0%)

  BATCH:
    Requests: 32
    Latency P95: 150935.12 ms
    Latency P99: 170073.52 ms
    SLA Met: [X] (compliance: 0.0%)

================================================================================
NOTES:
  - Pure storage I/O benchmark (no generation simulation)
================================================================================

Integrated Multi-User KV Cache Benchmark - MLPerf Edition
Model: Llama 3.1 70B Instruct
GPU Memory: 0 GB
Users: 70
Duration: 300s
Seed: 185
Generation Mode: none (0.0ms/token)
Features:
  - Phase-Aware Processing: Enabled
  - Multi-turn Conversations: Enabled
  - Prefix Caching: Enabled
  - RAG Workload: Disabled
  - Autoscaling: Disabled
  - QoS Support: Enabled (Interactive/Responsive/Batch)
  - Trace-Driven (BurstGPT): Disabled
  - ShareGPT Dataset: Disabled
  - Max Concurrent Allocations: 4 (bounds RAM usage)
================================================================================

User Context Length Distribution:
  Min: 593 tokens (185.31MiB)
  Max: 24905 tokens (7782.81MiB)
  Mean: 9816 tokens (3067.39MiB)

QoS Distribution:
  interactive: 8 users
  responsive: 21 users
  batch: 41 users

### MEMORY SAFETY CHECK ###
  Formula: peak = (workers x 2 x mean_entry_bytes) + baseline
         = (70 x 2 x 2500MiB) + 2.5GiB
         = 344.3GiB
  Available RAM: 990.2GiB
  Mean entry size: 2500MiB  (8000 tok x 327,680 B/tok)
  Peak per thread: 5000MiB  (np.load + np.array copy)
  Worker threads: 70
  Safe concurrent readers: ~202  = (available - baseline) / peak_per_thread
  Status: OK

Starting benchmark... Mode: standard (prefill+decode)
--------------------------------------------------------------------------------

================================================================================
BENCHMARK RESULTS - MLPerf KV Cache Storage Benchmark
Generation Mode: none (0.0ms/token)
================================================================================

IMPORTANT: All storage latencies below are measured per KV cache BLOCK,
not per token or per disk page.  Each block holds the full KV state for
one request (all layers, all heads, full sequence length).
  Model KV bytes/token: 327,680 bytes (320.0KiB)
  Entries in cache: 359
  Block size min:   109.7MiB
  Block size mean:  902.7MiB
  Block size P95:   2732.2MiB
  Block size max:   7048.1MiB
  A 200MiB block at 1GiB/s NVMe read = ~200 ms device latency.
  Compare latencies against block sizes, not against 4KiB page I/O.


### OVERALL PERFORMANCE ###
Requests Completed: 348
Total Tokens Generated: 44244
Throughput (wall-clock): 147.21 tokens/sec
Throughput (storage I/O): 6.09 tokens/sec
Requests/sec: 1.16

### END-TO-END LATENCY (Queue Wait + Storage I/O + Generation) ###
  Mean: 179942.41 ms
  P50:  174937.14 ms
  P95:  319678.97 ms
  P99:  330830.89 ms

### PER-REQUEST STORAGE LATENCY (All I/O ops for one request) ###
  Mean: 20866.59 ms
  P50:  9828.76 ms
  P95:  81492.62 ms
  P99:  114977.20 ms
  (= 1 prefill write + N decode reads per request)

### STORAGE PERFORMANCE ###
  Cache Hit Rate: 87.2%
  Total Read: 2063.86GiB
  Total Write: 316.46GiB
  Read/Write Ratio: 6.52
  Storage KV Read Operations/sec: 6.50
  Storage KV Write Operations/sec: 1.20

### CACHE TIER DISTRIBUTION ###
  GPU Entries: 0 (0.00GiB)
  CPU Entries: 0 (0.00GiB)
  Storage Entries: 359

### TIER-SPECIFIC KV BYTES ###
  Storage KV Bytes Written: 316.46GiB
  Storage KV Bytes Read: 2063.86GiB

### STORAGE KV BANDWIDTH ###
  Storage KV Read Bandwidth: 6.87GiB/s
  Storage KV Write Bandwidth: 1.05GiB/s

### TIER-SPECIFIC LATENCIES (Total = Host + Device) ###
  Storage Read P95 (Total): 9798.21 ms
  Storage Write P95 (Total): 5465.09 ms

### STORAGE TIER LATENCY BREAKDOWN (Device = Disk I/O, Host = Serialization) ###
  Storage Read:
    - Device P95 (Disk I/O): 6710.27 ms
    - Host P95 (Serialization): 3462.24 ms
    - Total P95: 9798.21 ms
  Storage Write:
    - Device P95 (Disk I/O): 555.92 ms
    - Host P95 (Serialization): 5077.83 ms
    - Total P95: 5465.09 ms

### CACHE TYPE BREAKDOWNS ###
  System Prompt Hits: 383
  Common Phrase Hits: 0
  User Cache Hits: 1540
  Multi-turn Hits: 26

### PREFIX CACHING ###
  Prefix Hits: 74
  Prefix Misses: 285
  System Prompt Reuse: 74
  Bytes Saved: 0.15GiB

### MULTI-TURN CONVERSATIONS ###
  Multi-turn Cache Hits: 26
  Multi-turn Cache Misses: 213
  Multi-turn Hit Rate: 10.9%

### QOS LATENCY METRICS (Informational - includes simulated generation) ###

  INTERACTIVE:
    Requests: 291
    Latency P95: 320914.04 ms
    Latency P99: 331405.36 ms
    SLA Met: [X] (compliance: 0.0%)

  RESPONSIVE:
    Requests: 27
    Latency P95: 130604.53 ms
    Latency P99: 172858.92 ms
    SLA Met: [X] (compliance: 0.0%)

  BATCH:
    Requests: 30
    Latency P95: 135774.68 ms
    Latency P99: 141951.05 ms
    SLA Met: [X] (compliance: 0.0%)

================================================================================
NOTES:
  - Pure storage I/O benchmark (no generation simulation)
================================================================================

Integrated Multi-User KV Cache Benchmark - MLPerf Edition
Model: Llama 3.1 70B Instruct
GPU Memory: 0 GB
Users: 70
Duration: 300s
Seed: 82
Generation Mode: none (0.0ms/token)
Features:
  - Phase-Aware Processing: Enabled
  - Multi-turn Conversations: Enabled
  - Prefix Caching: Enabled
  - RAG Workload: Disabled
  - Autoscaling: Disabled
  - QoS Support: Enabled (Interactive/Responsive/Batch)
  - Trace-Driven (BurstGPT): Disabled
  - ShareGPT Dataset: Disabled
  - Max Concurrent Allocations: 4 (bounds RAM usage)
================================================================================

User Context Length Distribution:
  Min: 1324 tokens (413.75MiB)
  Max: 24943 tokens (7794.69MiB)
  Mean: 8720 tokens (2725.00MiB)

QoS Distribution:
  interactive: 10 users
  responsive: 22 users
  batch: 38 users

### MEMORY SAFETY CHECK ###
  Formula: peak = (workers x 2 x mean_entry_bytes) + baseline
         = (70 x 2 x 2500MiB) + 2.5GiB
         = 344.3GiB
  Available RAM: 988.9GiB
  Mean entry size: 2500MiB  (8000 tok x 327,680 B/tok)
  Peak per thread: 5000MiB  (np.load + np.array copy)
  Worker threads: 70
  Safe concurrent readers: ~202  = (available - baseline) / peak_per_thread
  Status: OK

Starting benchmark... Mode: standard (prefill+decode)
--------------------------------------------------------------------------------

================================================================================
BENCHMARK RESULTS - MLPerf KV Cache Storage Benchmark
Generation Mode: none (0.0ms/token)
================================================================================

IMPORTANT: All storage latencies below are measured per KV cache BLOCK,
not per token or per disk page.  Each block holds the full KV state for
one request (all layers, all heads, full sequence length).
  Model KV bytes/token: 327,680 bytes (320.0KiB)
  Entries in cache: 347
  Block size min:   112.2MiB
  Block size mean:  878.3MiB
  Block size P95:   2793.2MiB
  Block size max:   6320.3MiB
  A 200MiB block at 1GiB/s NVMe read = ~200 ms device latency.
  Compare latencies against block sizes, not against 4KiB page I/O.


### OVERALL PERFORMANCE ###
Requests Completed: 341
Total Tokens Generated: 32016
Throughput (wall-clock): 106.00 tokens/sec
Throughput (storage I/O): 5.31 tokens/sec
Requests/sec: 1.13

### END-TO-END LATENCY (Queue Wait + Storage I/O + Generation) ###
  Mean: 166151.99 ms
  P50:  149169.09 ms
  P95:  321244.45 ms
  P99:  332132.15 ms

### PER-REQUEST STORAGE LATENCY (All I/O ops for one request) ###
  Mean: 17695.74 ms
  P50:  11342.74 ms
  P95:  53034.05 ms
  P99:  101210.03 ms
  (= 1 prefill write + N decode reads per request)

### STORAGE PERFORMANCE ###
  Cache Hit Rate: 78.2%
  Total Read: 1250.65GiB
  Total Write: 297.62GiB
  Read/Write Ratio: 4.20
  Storage KV Read Operations/sec: 4.88
  Storage KV Write Operations/sec: 1.16

### CACHE TIER DISTRIBUTION ###
  GPU Entries: 0 (0.00GiB)
  CPU Entries: 0 (0.00GiB)
  Storage Entries: 347

### TIER-SPECIFIC KV BYTES ###
  Storage KV Bytes Written: 297.62GiB
  Storage KV Bytes Read: 1250.65GiB

### STORAGE KV BANDWIDTH ###
  Storage KV Read Bandwidth: 4.14GiB/s
  Storage KV Write Bandwidth: 0.99GiB/s

### TIER-SPECIFIC LATENCIES (Total = Host + Device) ###
  Storage Read P95 (Total): 12358.31 ms
  Storage Write P95 (Total): 5959.83 ms

### STORAGE TIER LATENCY BREAKDOWN (Device = Disk I/O, Host = Serialization) ###
  Storage Read:
    - Device P95 (Disk I/O): 10284.64 ms
    - Host P95 (Serialization): 3281.00 ms
    - Total P95: 12358.31 ms
  Storage Write:
    - Device P95 (Disk I/O): 442.97 ms
    - Host P95 (Serialization): 5845.23 ms
    - Total P95: 5959.83 ms

### CACHE TYPE BREAKDOWNS ###
  System Prompt Hits: 270
  Common Phrase Hits: 0
  User Cache Hits: 1153
  Multi-turn Hits: 40

### PREFIX CACHING ###
  Prefix Hits: 59
  Prefix Misses: 288
  System Prompt Reuse: 59
  Bytes Saved: 0.12GiB

### MULTI-TURN CONVERSATIONS ###
  Multi-turn Cache Hits: 40
  Multi-turn Cache Misses: 350
  Multi-turn Hit Rate: 10.3%

### QOS LATENCY METRICS (Informational - includes simulated generation) ###

  INTERACTIVE:
    Requests: 281
    Latency P95: 324574.20 ms
    Latency P99: 332902.70 ms
    SLA Met: [X] (compliance: 0.0%)

  RESPONSIVE:
    Requests: 23
    Latency P95: 88225.88 ms
    Latency P99: 109920.60 ms
    SLA Met: [X] (compliance: 0.0%)

  BATCH:
    Requests: 37
    Latency P95: 120023.27 ms
    Latency P99: 141303.92 ms
    SLA Met: [X] (compliance: 0.0%)

================================================================================
NOTES:
  - Pure storage I/O benchmark (no generation simulation)
================================================================================

Integrated Multi-User KV Cache Benchmark - MLPerf Edition
Model: Llama 3.1 70B Instruct
GPU Memory: 0 GB
Users: 70
Duration: 300s
Seed: 230
Generation Mode: none (0.0ms/token)
Features:
  - Phase-Aware Processing: Enabled
  - Multi-turn Conversations: Enabled
  - Prefix Caching: Enabled
  - RAG Workload: Disabled
  - Autoscaling: Disabled
  - QoS Support: Enabled (Interactive/Responsive/Batch)
  - Trace-Driven (BurstGPT): Disabled
  - ShareGPT Dataset: Disabled
  - Max Concurrent Allocations: 4 (bounds RAM usage)
================================================================================

User Context Length Distribution:
  Min: 604 tokens (188.75MiB)
  Max: 24501 tokens (7656.56MiB)
  Mean: 8629 tokens (2696.54MiB)

QoS Distribution:
  interactive: 10 users
  responsive: 18 users
  batch: 42 users

### MEMORY SAFETY CHECK ###
  Formula: peak = (workers x 2 x mean_entry_bytes) + baseline
         = (70 x 2 x 2500MiB) + 2.5GiB
         = 344.3GiB
  Available RAM: 990.7GiB
  Mean entry size: 2500MiB  (8000 tok x 327,680 B/tok)
  Peak per thread: 5000MiB  (np.load + np.array copy)
  Worker threads: 70
  Safe concurrent readers: ~202  = (available - baseline) / peak_per_thread
  Status: OK

Starting benchmark... Mode: standard (prefill+decode)
--------------------------------------------------------------------------------

================================================================================
BENCHMARK RESULTS - MLPerf KV Cache Storage Benchmark
Generation Mode: none (0.0ms/token)
================================================================================

IMPORTANT: All storage latencies below are measured per KV cache BLOCK,
not per token or per disk page.  Each block holds the full KV state for
one request (all layers, all heads, full sequence length).
  Model KV bytes/token: 327,680 bytes (320.0KiB)
  Entries in cache: 366
  Block size min:   67.8MiB
  Block size mean:  943.6MiB
  Block size P95:   3593.6MiB
  Block size max:   6509.4MiB
  A 200MiB block at 1GiB/s NVMe read = ~200 ms device latency.
  Compare latencies against block sizes, not against 4KiB page I/O.


### OVERALL PERFORMANCE ###
Requests Completed: 356
Total Tokens Generated: 42954
Throughput (wall-clock): 143.18 tokens/sec
Throughput (storage I/O): 6.30 tokens/sec
Requests/sec: 1.19

### END-TO-END LATENCY (Queue Wait + Storage I/O + Generation) ###
  Mean: 173450.04 ms
  P50:  174721.77 ms
  P95:  321333.72 ms
  P99:  332011.12 ms

### PER-REQUEST STORAGE LATENCY (All I/O ops for one request) ###
  Mean: 19143.19 ms
  P50:  10155.80 ms
  P95:  79286.32 ms
  P99:  124578.33 ms
  (= 1 prefill write + N decode reads per request)

### STORAGE PERFORMANCE ###
  Cache Hit Rate: 84.9%
  Total Read: 1761.24GiB
  Total Write: 337.27GiB
  Read/Write Ratio: 5.22
  Storage KV Read Operations/sec: 6.03
  Storage KV Write Operations/sec: 1.22

### CACHE TIER DISTRIBUTION ###
  GPU Entries: 0 (0.00GiB)
  CPU Entries: 0 (0.00GiB)
  Storage Entries: 366

### TIER-SPECIFIC KV BYTES ###
  Storage KV Bytes Written: 337.27GiB
  Storage KV Bytes Read: 1761.24GiB

### STORAGE KV BANDWIDTH ###
  Storage KV Read Bandwidth: 5.87GiB/s
  Storage KV Write Bandwidth: 1.12GiB/s

### TIER-SPECIFIC LATENCIES (Total = Host + Device) ###
  Storage Read P95 (Total): 10106.16 ms
  Storage Write P95 (Total): 5372.78 ms

### STORAGE TIER LATENCY BREAKDOWN (Device = Disk I/O, Host = Serialization) ###
  Storage Read:
    - Device P95 (Disk I/O): 8060.61 ms
    - Host P95 (Serialization): 2906.25 ms
    - Total P95: 10106.16 ms
  Storage Write:
    - Device P95 (Disk I/O): 376.52 ms
    - Host P95 (Serialization): 5290.34 ms
    - Total P95: 5372.78 ms

### CACHE TYPE BREAKDOWNS ###
  System Prompt Hits: 385
  Common Phrase Hits: 0
  User Cache Hits: 1384
  Multi-turn Hits: 40

### PREFIX CACHING ###
  Prefix Hits: 79
  Prefix Misses: 287
  System Prompt Reuse: 79
  Bytes Saved: 0.16GiB

### MULTI-TURN CONVERSATIONS ###
  Multi-turn Cache Hits: 40
  Multi-turn Cache Misses: 243
  Multi-turn Hit Rate: 14.1%

### QOS LATENCY METRICS (Informational - includes simulated generation) ###

  INTERACTIVE:
    Requests: 300
    Latency P95: 322890.31 ms
    Latency P99: 332157.74 ms
    SLA Met: [X] (compliance: 0.0%)

  RESPONSIVE:
    Requests: 18
    Latency P95: 203781.97 ms
    Latency P99: 251061.93 ms
    SLA Met: [X] (compliance: 0.0%)

  BATCH:
    Requests: 38
    Latency P95: 125170.37 ms
    Latency P99: 129241.27 ms
    SLA Met: [X] (compliance: 0.0%)

================================================================================
NOTES:
  - Pure storage I/O benchmark (no generation simulation)
================================================================================

Integrated Multi-User KV Cache Benchmark - MLPerf Edition
Model: Llama 3.1 70B Instruct
GPU Memory: 0 GB
Users: 70
Duration: 300s
Seed: 49
Generation Mode: none (0.0ms/token)
Features:
  - Phase-Aware Processing: Enabled
  - Multi-turn Conversations: Enabled
  - Prefix Caching: Enabled
  - RAG Workload: Disabled
  - Autoscaling: Disabled
  - QoS Support: Enabled (Interactive/Responsive/Batch)
  - Trace-Driven (BurstGPT): Disabled
  - ShareGPT Dataset: Disabled
  - Max Concurrent Allocations: 4 (bounds RAM usage)
================================================================================

User Context Length Distribution:
  Min: 793 tokens (247.81MiB)
  Max: 21767 tokens (6802.19MiB)
  Mean: 8204 tokens (2563.62MiB)

QoS Distribution:
  interactive: 11 users
  responsive: 22 users
  batch: 37 users

### MEMORY SAFETY CHECK ###
  Formula: peak = (workers x 2 x mean_entry_bytes) + baseline
         = (70 x 2 x 2500MiB) + 2.5GiB
         = 344.3GiB
  Available RAM: 989.7GiB
  Mean entry size: 2500MiB  (8000 tok x 327,680 B/tok)
  Peak per thread: 5000MiB  (np.load + np.array copy)
  Worker threads: 70
  Safe concurrent readers: ~202  = (available - baseline) / peak_per_thread
  Status: OK

Starting benchmark... Mode: standard (prefill+decode)
--------------------------------------------------------------------------------

================================================================================
BENCHMARK RESULTS - MLPerf KV Cache Storage Benchmark
Generation Mode: none (0.0ms/token)
================================================================================

IMPORTANT: All storage latencies below are measured per KV cache BLOCK,
not per token or per disk page.  Each block holds the full KV state for
one request (all layers, all heads, full sequence length).
  Model KV bytes/token: 327,680 bytes (320.0KiB)
  Entries in cache: 290
  Block size min:   63.1MiB
  Block size mean:  1255.0MiB
  Block size P95:   3736.3MiB
  Block size max:   4469.1MiB
  A 200MiB block at 1GiB/s NVMe read = ~200 ms device latency.
  Compare latencies against block sizes, not against 4KiB page I/O.


### OVERALL PERFORMANCE ###
Requests Completed: 283
Total Tokens Generated: 44928
Throughput (wall-clock): 147.55 tokens/sec
Throughput (storage I/O): 6.24 tokens/sec
Requests/sec: 0.93

### END-TO-END LATENCY (Queue Wait + Storage I/O + Generation) ###
  Mean: 179286.08 ms
  P50:  181653.36 ms
  P95:  334502.34 ms
  P99:  346045.30 ms

### PER-REQUEST STORAGE LATENCY (All I/O ops for one request) ###
  Mean: 25451.65 ms
  P50:  14258.63 ms
  P95:  81319.44 ms
  P99:  158116.54 ms
  (= 1 prefill write + N decode reads per request)

### STORAGE PERFORMANCE ###
  Cache Hit Rate: 85.2%
  Total Read: 1800.44GiB
  Total Write: 355.41GiB
  Read/Write Ratio: 5.07
  Storage KV Read Operations/sec: 5.44
  Storage KV Write Operations/sec: 0.97

### CACHE TIER DISTRIBUTION ###
  GPU Entries: 0 (0.00GiB)
  CPU Entries: 0 (0.00GiB)
  Storage Entries: 290

### TIER-SPECIFIC KV BYTES ###
  Storage KV Bytes Written: 355.41GiB
  Storage KV Bytes Read: 1800.44GiB

### STORAGE KV BANDWIDTH ###
  Storage KV Read Bandwidth: 5.91GiB/s
  Storage KV Write Bandwidth: 1.17GiB/s

### TIER-SPECIFIC LATENCIES (Total = Host + Device) ###
  Storage Read P95 (Total): 13949.11 ms
  Storage Write P95 (Total): 6828.63 ms

### STORAGE TIER LATENCY BREAKDOWN (Device = Disk I/O, Host = Serialization) ###
  Storage Read:
    - Device P95 (Disk I/O): 11320.54 ms
    - Host P95 (Serialization): 3967.84 ms
    - Total P95: 13949.11 ms
  Storage Write:
    - Device P95 (Disk I/O): 1253.53 ms
    - Host P95 (Serialization): 6540.19 ms
    - Total P95: 6828.63 ms

### CACHE TYPE BREAKDOWNS ###
  System Prompt Hits: 288
  Common Phrase Hits: 0
  User Cache Hits: 1335
  Multi-turn Hits: 10

### PREFIX CACHING ###
  Prefix Hits: 52
  Prefix Misses: 238
  System Prompt Reuse: 52
  Bytes Saved: 0.10GiB

### MULTI-TURN CONVERSATIONS ###
  Multi-turn Cache Hits: 10
  Multi-turn Cache Misses: 231
  Multi-turn Hit Rate: 4.1%

### QOS LATENCY METRICS (Informational - includes simulated generation) ###

  INTERACTIVE:
    Requests: 223
    Latency P95: 336993.22 ms
    Latency P99: 346502.56 ms
    SLA Met: [X] (compliance: 0.0%)

  RESPONSIVE:
    Requests: 24
    Latency P95: 127596.47 ms
    Latency P99: 166521.29 ms
    SLA Met: [X] (compliance: 0.0%)

  BATCH:
    Requests: 36
    Latency P95: 160304.79 ms
    Latency P99: 179773.08 ms
    SLA Met: [X] (compliance: 0.0%)

================================================================================
NOTES:
  - Pure storage I/O benchmark (no generation simulation)
================================================================================

Integrated Multi-User KV Cache Benchmark - MLPerf Edition
Model: Llama 3.1 70B Instruct
GPU Memory: 0 GB
Users: 70
Duration: 300s
Seed: 45
Generation Mode: none (0.0ms/token)
Features:
  - Phase-Aware Processing: Enabled
  - Multi-turn Conversations: Enabled
  - Prefix Caching: Enabled
  - RAG Workload: Disabled
  - Autoscaling: Disabled
  - QoS Support: Enabled (Interactive/Responsive/Batch)
  - Trace-Driven (BurstGPT): Disabled
  - ShareGPT Dataset: Disabled
  - Max Concurrent Allocations: 4 (bounds RAM usage)
================================================================================

User Context Length Distribution:
  Min: 557 tokens (174.06MiB)
  Max: 22928 tokens (7165.00MiB)
  Mean: 9106 tokens (2845.50MiB)

QoS Distribution:
  interactive: 9 users
  responsive: 22 users
  batch: 39 users

### MEMORY SAFETY CHECK ###
  Formula: peak = (workers x 2 x mean_entry_bytes) + baseline
         = (70 x 2 x 2500MiB) + 2.5GiB
         = 344.3GiB
  Available RAM: 990.6GiB
  Mean entry size: 2500MiB  (8000 tok x 327,680 B/tok)
  Peak per thread: 5000MiB  (np.load + np.array copy)
  Worker threads: 70
  Safe concurrent readers: ~202  = (available - baseline) / peak_per_thread
  Status: OK

Starting benchmark... Mode: standard (prefill+decode)
--------------------------------------------------------------------------------

================================================================================
BENCHMARK RESULTS - MLPerf KV Cache Storage Benchmark
Generation Mode: none (0.0ms/token)
================================================================================

IMPORTANT: All storage latencies below are measured per KV cache BLOCK,
not per token or per disk page.  Each block holds the full KV state for
one request (all layers, all heads, full sequence length).
  Model KV bytes/token: 327,680 bytes (320.0KiB)
  Entries in cache: 333
  Block size min:   44.7MiB
  Block size mean:  919.2MiB
  Block size P95:   2890.6MiB
  Block size max:   6354.4MiB
  A 200MiB block at 1GiB/s NVMe read = ~200 ms device latency.
  Compare latencies against block sizes, not against 4KiB page I/O.


### OVERALL PERFORMANCE ###
Requests Completed: 322
Total Tokens Generated: 34199
Throughput (wall-clock): 114.00 tokens/sec
Throughput (storage I/O): 5.20 tokens/sec
Requests/sec: 1.07

### END-TO-END LATENCY (Queue Wait + Storage I/O + Generation) ###
  Mean: 174144.01 ms
  P50:  176078.93 ms
  P95:  324419.07 ms
  P99:  334329.16 ms

### PER-REQUEST STORAGE LATENCY (All I/O ops for one request) ###
  Mean: 20439.73 ms
  P50:  12331.09 ms
  P95:  71065.43 ms
  P99:  113513.43 ms
  (= 1 prefill write + N decode reads per request)

### STORAGE PERFORMANCE ###
  Cache Hit Rate: 76.5%
  Total Read: 1554.90GiB
  Total Write: 298.90GiB
  Read/Write Ratio: 5.20
  Storage KV Read Operations/sec: 5.24
  Storage KV Write Operations/sec: 1.11

### CACHE TIER DISTRIBUTION ###
  GPU Entries: 0 (0.00GiB)
  CPU Entries: 0 (0.00GiB)
  Storage Entries: 333

### TIER-SPECIFIC KV BYTES ###
  Storage KV Bytes Written: 298.90GiB
  Storage KV Bytes Read: 1554.90GiB

### STORAGE KV BANDWIDTH ###
  Storage KV Read Bandwidth: 5.18GiB/s
  Storage KV Write Bandwidth: 1.00GiB/s

### TIER-SPECIFIC LATENCIES (Total = Host + Device) ###
  Storage Read P95 (Total): 12437.01 ms
  Storage Write P95 (Total): 6714.05 ms

### STORAGE TIER LATENCY BREAKDOWN (Device = Disk I/O, Host = Serialization) ###
  Storage Read:
    - Device P95 (Disk I/O): 11140.49 ms
    - Host P95 (Serialization): 4062.85 ms
    - Total P95: 12437.01 ms
  Storage Write:
    - Device P95 (Disk I/O): 454.79 ms
    - Host P95 (Serialization): 6657.34 ms
    - Total P95: 6714.05 ms

### CACHE TYPE BREAKDOWNS ###
  System Prompt Hits: 224
  Common Phrase Hits: 0
  User Cache Hits: 1294
  Multi-turn Hits: 55

### PREFIX CACHING ###
  Prefix Hits: 59
  Prefix Misses: 274
  System Prompt Reuse: 59
  Bytes Saved: 0.12GiB

### MULTI-TURN CONVERSATIONS ###
  Multi-turn Cache Hits: 55
  Multi-turn Cache Misses: 425
  Multi-turn Hit Rate: 11.5%

### QOS LATENCY METRICS (Informational - includes simulated generation) ###

  INTERACTIVE:
    Requests: 270
    Latency P95: 326342.17 ms
    Latency P99: 335045.31 ms
    SLA Met: [X] (compliance: 0.0%)

  RESPONSIVE:
    Requests: 24
    Latency P95: 120818.75 ms
    Latency P99: 135855.34 ms
    SLA Met: [X] (compliance: 0.0%)

  BATCH:
    Requests: 28
    Latency P95: 125559.09 ms
    Latency P99: 138709.40 ms
    SLA Met: [X] (compliance: 0.0%)

================================================================================
NOTES:
  - Pure storage I/O benchmark (no generation simulation)
================================================================================

Integrated Multi-User KV Cache Benchmark - MLPerf Edition
Model: Llama 3.1 70B Instruct
GPU Memory: 0 GB
Users: 70
Duration: 300s
Seed: 220
Generation Mode: none (0.0ms/token)
Features:
  - Phase-Aware Processing: Enabled
  - Multi-turn Conversations: Enabled
  - Prefix Caching: Enabled
  - RAG Workload: Disabled
  - Autoscaling: Disabled
  - QoS Support: Enabled (Interactive/Responsive/Batch)
  - Trace-Driven (BurstGPT): Disabled
  - ShareGPT Dataset: Disabled
  - Max Concurrent Allocations: 4 (bounds RAM usage)
================================================================================

User Context Length Distribution:
  Min: 539 tokens (168.44MiB)
  Max: 24143 tokens (7544.69MiB)
  Mean: 8702 tokens (2719.50MiB)

QoS Distribution:
  interactive: 6 users
  responsive: 31 users
  batch: 33 users

### MEMORY SAFETY CHECK ###
  Formula: peak = (workers x 2 x mean_entry_bytes) + baseline
         = (70 x 2 x 2500MiB) + 2.5GiB
         = 344.3GiB
  Available RAM: 989.5GiB
  Mean entry size: 2500MiB  (8000 tok x 327,680 B/tok)
  Peak per thread: 5000MiB  (np.load + np.array copy)
  Worker threads: 70
  Safe concurrent readers: ~202  = (available - baseline) / peak_per_thread
  Status: OK

Starting benchmark... Mode: standard (prefill+decode)
--------------------------------------------------------------------------------

================================================================================
BENCHMARK RESULTS - MLPerf KV Cache Storage Benchmark
Generation Mode: none (0.0ms/token)
================================================================================

IMPORTANT: All storage latencies below are measured per KV cache BLOCK,
not per token or per disk page.  Each block holds the full KV state for
one request (all layers, all heads, full sequence length).
  Model KV bytes/token: 327,680 bytes (320.0KiB)
  Entries in cache: 376
  Block size min:   41.9MiB
  Block size mean:  771.8MiB
  Block size P95:   2271.2MiB
  Block size max:   4179.1MiB
  A 200MiB block at 1GiB/s NVMe read = ~200 ms device latency.
  Compare latencies against block sizes, not against 4KiB page I/O.


### OVERALL PERFORMANCE ###
Requests Completed: 363
Total Tokens Generated: 44459
Throughput (wall-clock): 148.04 tokens/sec
Throughput (storage I/O): 5.55 tokens/sec
Requests/sec: 1.21

### END-TO-END LATENCY (Queue Wait + Storage I/O + Generation) ###
  Mean: 161604.20 ms
  P50:  158217.23 ms
  P95:  299104.47 ms
  P99:  317612.06 ms

### PER-REQUEST STORAGE LATENCY (All I/O ops for one request) ###
  Mean: 22076.86 ms
  P50:  10473.33 ms
  P95:  98294.59 ms
  P99:  171517.22 ms
  (= 1 prefill write + N decode reads per request)

### STORAGE PERFORMANCE ###
  Cache Hit Rate: 77.4%
  Total Read: 2098.84GiB
  Total Write: 283.40GiB
  Read/Write Ratio: 7.41
  Storage KV Read Operations/sec: 6.78
  Storage KV Write Operations/sec: 1.25

### CACHE TIER DISTRIBUTION ###
  GPU Entries: 0 (0.00GiB)
  CPU Entries: 0 (0.00GiB)
  Storage Entries: 376

### TIER-SPECIFIC KV BYTES ###
  Storage KV Bytes Written: 283.40GiB
  Storage KV Bytes Read: 2098.84GiB

### STORAGE KV BANDWIDTH ###
  Storage KV Read Bandwidth: 6.99GiB/s
  Storage KV Write Bandwidth: 0.94GiB/s

### TIER-SPECIFIC LATENCIES (Total = Host + Device) ###
  Storage Read P95 (Total): 12216.73 ms
  Storage Write P95 (Total): 6091.11 ms

### STORAGE TIER LATENCY BREAKDOWN (Device = Disk I/O, Host = Serialization) ###
  Storage Read:
    - Device P95 (Disk I/O): 9622.88 ms
    - Host P95 (Serialization): 3286.76 ms
    - Total P95: 12216.73 ms
  Storage Write:
    - Device P95 (Disk I/O): 375.49 ms
    - Host P95 (Serialization): 5653.04 ms
    - Total P95: 6091.11 ms

### CACHE TYPE BREAKDOWNS ###
  System Prompt Hits: 428
  Common Phrase Hits: 0
  User Cache Hits: 1561
  Multi-turn Hits: 44

### PREFIX CACHING ###
  Prefix Hits: 80
  Prefix Misses: 296
  System Prompt Reuse: 80
  Bytes Saved: 0.16GiB

### MULTI-TURN CONVERSATIONS ###
  Multi-turn Cache Hits: 44
  Multi-turn Cache Misses: 512
  Multi-turn Hit Rate: 7.9%

### QOS LATENCY METRICS (Informational - includes simulated generation) ###

  INTERACTIVE:
    Requests: 303
    Latency P95: 299885.89 ms
    Latency P99: 318851.45 ms
    SLA Met: [X] (compliance: 0.0%)

  RESPONSIVE:
    Requests: 36
    Latency P95: 131437.53 ms
    Latency P99: 133935.68 ms
    SLA Met: [X] (compliance: 0.0%)

  BATCH:
    Requests: 24
    Latency P95: 170005.66 ms
    Latency P99: 235028.93 ms
    SLA Met: [X] (compliance: 0.0%)

================================================================================
NOTES:
  - Pure storage I/O benchmark (no generation simulation)
================================================================================

Integrated Multi-User KV Cache Benchmark - MLPerf Edition
Model: Llama 3.1 70B Instruct
GPU Memory: 0 GB
Users: 70
Duration: 300s
Seed: 104
Generation Mode: none (0.0ms/token)
Features:
  - Phase-Aware Processing: Enabled
  - Multi-turn Conversations: Enabled
  - Prefix Caching: Enabled
  - RAG Workload: Disabled
  - Autoscaling: Disabled
  - QoS Support: Enabled (Interactive/Responsive/Batch)
  - Trace-Driven (BurstGPT): Disabled
  - ShareGPT Dataset: Disabled
  - Max Concurrent Allocations: 4 (bounds RAM usage)
================================================================================

User Context Length Distribution:
  Min: 557 tokens (174.06MiB)
  Max: 24458 tokens (7643.12MiB)
  Mean: 7625 tokens (2382.66MiB)

QoS Distribution:
  interactive: 14 users
  responsive: 26 users
  batch: 30 users

### MEMORY SAFETY CHECK ###
  Formula: peak = (workers x 2 x mean_entry_bytes) + baseline
         = (70 x 2 x 2500MiB) + 2.5GiB
         = 344.3GiB
  Available RAM: 991.3GiB
  Mean entry size: 2500MiB  (8000 tok x 327,680 B/tok)
  Peak per thread: 5000MiB  (np.load + np.array copy)
  Worker threads: 70
  Safe concurrent readers: ~202  = (available - baseline) / peak_per_thread
  Status: OK

Starting benchmark... Mode: standard (prefill+decode)
--------------------------------------------------------------------------------

================================================================================
BENCHMARK RESULTS - MLPerf KV Cache Storage Benchmark
Generation Mode: none (0.0ms/token)
================================================================================

IMPORTANT: All storage latencies below are measured per KV cache BLOCK,
not per token or per disk page.  Each block holds the full KV state for
one request (all layers, all heads, full sequence length).
  Model KV bytes/token: 327,680 bytes (320.0KiB)
  Entries in cache: 361
  Block size min:   64.7MiB
  Block size mean:  930.4MiB
  Block size P95:   3975.3MiB
  Block size max:   5755.3MiB
  A 200MiB block at 1GiB/s NVMe read = ~200 ms device latency.
  Compare latencies against block sizes, not against 4KiB page I/O.


### OVERALL PERFORMANCE ###
Requests Completed: 354
Total Tokens Generated: 38007
Throughput (wall-clock): 126.69 tokens/sec
Throughput (storage I/O): 7.24 tokens/sec
Requests/sec: 1.18

### END-TO-END LATENCY (Queue Wait + Storage I/O + Generation) ###
  Mean: 174319.86 ms
  P50:  164649.73 ms
  P95:  326068.10 ms
  P99:  336830.75 ms

### PER-REQUEST STORAGE LATENCY (All I/O ops for one request) ###
  Mean: 14833.69 ms
  P50:  7783.58 ms
  P95:  48233.77 ms
  P99:  77669.65 ms
  (= 1 prefill write + N decode reads per request)

### STORAGE PERFORMANCE ###
  Cache Hit Rate: 80.2%
  Total Read: 1256.21GiB
  Total Write: 327.99GiB
  Read/Write Ratio: 3.83
  Storage KV Read Operations/sec: 5.24
  Storage KV Write Operations/sec: 1.20

### CACHE TIER DISTRIBUTION ###
  GPU Entries: 0 (0.00GiB)
  CPU Entries: 0 (0.00GiB)
  Storage Entries: 361

### TIER-SPECIFIC KV BYTES ###
  Storage KV Bytes Written: 327.99GiB
  Storage KV Bytes Read: 1256.21GiB

### STORAGE KV BANDWIDTH ###
  Storage KV Read Bandwidth: 4.19GiB/s
  Storage KV Write Bandwidth: 1.09GiB/s

### TIER-SPECIFIC LATENCIES (Total = Host + Device) ###
  Storage Read P95 (Total): 11033.73 ms
  Storage Write P95 (Total): 7528.36 ms

### STORAGE TIER LATENCY BREAKDOWN (Device = Disk I/O, Host = Serialization) ###
  Storage Read:
    - Device P95 (Disk I/O): 8843.88 ms
    - Host P95 (Serialization): 2527.48 ms
    - Total P95: 11033.73 ms
  Storage Write:
    - Device P95 (Disk I/O): 330.27 ms
    - Host P95 (Serialization): 5967.55 ms
    - Total P95: 7528.36 ms

### CACHE TYPE BREAKDOWNS ###
  System Prompt Hits: 333
  Common Phrase Hits: 0
  User Cache Hits: 1205
  Multi-turn Hits: 34

### PREFIX CACHING ###
  Prefix Hits: 73
  Prefix Misses: 288
  System Prompt Reuse: 73
  Bytes Saved: 0.15GiB

### MULTI-TURN CONVERSATIONS ###
  Multi-turn Cache Hits: 34
  Multi-turn Cache Misses: 316
  Multi-turn Hit Rate: 9.7%

### QOS LATENCY METRICS (Informational - includes simulated generation) ###

  INTERACTIVE:
    Requests: 304
    Latency P95: 326887.15 ms
    Latency P99: 336964.81 ms
    SLA Met: [X] (compliance: 0.0%)

  RESPONSIVE:
    Requests: 22
    Latency P95: 109918.64 ms
    Latency P99: 111117.78 ms
    SLA Met: [X] (compliance: 0.0%)

  BATCH:
    Requests: 28
    Latency P95: 139046.17 ms
    Latency P99: 276930.78 ms
    SLA Met: [X] (compliance: 0.0%)

================================================================================
NOTES:
  - Pure storage I/O benchmark (no generation simulation)
================================================================================

Integrated Multi-User KV Cache Benchmark - MLPerf Edition
Model: Llama 3.1 70B Instruct
GPU Memory: 0 GB
Users: 70
Duration: 300s
Seed: 77
Generation Mode: none (0.0ms/token)
Features:
  - Phase-Aware Processing: Enabled
  - Multi-turn Conversations: Enabled
  - Prefix Caching: Enabled
  - RAG Workload: Disabled
  - Autoscaling: Disabled
  - QoS Support: Enabled (Interactive/Responsive/Batch)
  - Trace-Driven (BurstGPT): Disabled
  - ShareGPT Dataset: Disabled
  - Max Concurrent Allocations: 4 (bounds RAM usage)
================================================================================

User Context Length Distribution:
  Min: 934 tokens (291.88MiB)
  Max: 23940 tokens (7481.25MiB)
  Mean: 9673 tokens (3022.93MiB)

QoS Distribution:
  interactive: 12 users
  responsive: 21 users
  batch: 37 users

### MEMORY SAFETY CHECK ###
  Formula: peak = (workers x 2 x mean_entry_bytes) + baseline
         = (70 x 2 x 2500MiB) + 2.5GiB
         = 344.3GiB
  Available RAM: 989.9GiB
  Mean entry size: 2500MiB  (8000 tok x 327,680 B/tok)
  Peak per thread: 5000MiB  (np.load + np.array copy)
  Worker threads: 70
  Safe concurrent readers: ~202  = (available - baseline) / peak_per_thread
  Status: OK

Starting benchmark... Mode: standard (prefill+decode)
--------------------------------------------------------------------------------

================================================================================
BENCHMARK RESULTS - MLPerf KV Cache Storage Benchmark
Generation Mode: none (0.0ms/token)
================================================================================

IMPORTANT: All storage latencies below are measured per KV cache BLOCK,
not per token or per disk page.  Each block holds the full KV state for
one request (all layers, all heads, full sequence length).
  Model KV bytes/token: 327,680 bytes (320.0KiB)
  Entries in cache: 282
  Block size min:   86.6MiB
  Block size mean:  1363.8MiB
  Block size P95:   4262.6MiB
  Block size max:   6197.5MiB
  A 200MiB block at 1GiB/s NVMe read = ~200 ms device latency.
  Compare latencies against block sizes, not against 4KiB page I/O.


### OVERALL PERFORMANCE ###
Requests Completed: 276
Total Tokens Generated: 34946
Throughput (wall-clock): 116.46 tokens/sec
Throughput (storage I/O): 5.70 tokens/sec
Requests/sec: 0.92

### END-TO-END LATENCY (Queue Wait + Storage I/O + Generation) ###
  Mean: 189876.51 ms
  P50:  210318.88 ms
  P95:  339678.80 ms
  P99:  345554.80 ms

### PER-REQUEST STORAGE LATENCY (All I/O ops for one request) ###
  Mean: 22207.93 ms
  P50:  11052.53 ms
  P95:  80961.12 ms
  P99:  167669.09 ms
  (= 1 prefill write + N decode reads per request)

### STORAGE PERFORMANCE ###
  Cache Hit Rate: 80.9%
  Total Read: 1322.07GiB
  Total Write: 375.57GiB
  Read/Write Ratio: 3.52
  Storage KV Read Operations/sec: 4.34
  Storage KV Write Operations/sec: 0.94

### CACHE TIER DISTRIBUTION ###
  GPU Entries: 0 (0.00GiB)
  CPU Entries: 0 (0.00GiB)
  Storage Entries: 282

### TIER-SPECIFIC KV BYTES ###
  Storage KV Bytes Written: 375.57GiB
  Storage KV Bytes Read: 1322.07GiB

### STORAGE KV BANDWIDTH ###
  Storage KV Read Bandwidth: 4.41GiB/s
  Storage KV Write Bandwidth: 1.25GiB/s

### TIER-SPECIFIC LATENCIES (Total = Host + Device) ###
  Storage Read P95 (Total): 14425.40 ms
  Storage Write P95 (Total): 8856.68 ms

### STORAGE TIER LATENCY BREAKDOWN (Device = Disk I/O, Host = Serialization) ###
  Storage Read:
    - Device P95 (Disk I/O): 12007.07 ms
    - Host P95 (Serialization): 4000.87 ms
    - Total P95: 14425.40 ms
  Storage Write:
    - Device P95 (Disk I/O): 363.68 ms
    - Host P95 (Serialization): 8313.31 ms
    - Total P95: 8856.68 ms

### CACHE TYPE BREAKDOWNS ###
  System Prompt Hits: 261
  Common Phrase Hits: 0
  User Cache Hits: 1005
  Multi-turn Hits: 37

### PREFIX CACHING ###
  Prefix Hits: 54
  Prefix Misses: 228
  System Prompt Reuse: 54
  Bytes Saved: 0.11GiB

### MULTI-TURN CONVERSATIONS ###
  Multi-turn Cache Hits: 37
  Multi-turn Cache Misses: 254
  Multi-turn Hit Rate: 12.7%

### QOS LATENCY METRICS (Informational - includes simulated generation) ###

  INTERACTIVE:
    Requests: 225
    Latency P95: 339732.27 ms
    Latency P99: 346064.03 ms
    SLA Met: [X] (compliance: 0.0%)

  RESPONSIVE:
    Requests: 26
    Latency P95: 253136.05 ms
    Latency P99: 284817.44 ms
    SLA Met: [X] (compliance: 0.0%)

  BATCH:
    Requests: 25
    Latency P95: 169486.54 ms
    Latency P99: 211496.19 ms
    SLA Met: [X] (compliance: 0.0%)

================================================================================
NOTES:
  - Pure storage I/O benchmark (no generation simulation)
================================================================================

Integrated Multi-User KV Cache Benchmark - MLPerf Edition
Model: Llama 3.1 70B Instruct
GPU Memory: 0 GB
Users: 70
Duration: 300s
Seed: 158
Generation Mode: none (0.0ms/token)
Features:
  - Phase-Aware Processing: Enabled
  - Multi-turn Conversations: Enabled
  - Prefix Caching: Enabled
  - RAG Workload: Disabled
  - Autoscaling: Disabled
  - QoS Support: Enabled (Interactive/Responsive/Batch)
  - Trace-Driven (BurstGPT): Disabled
  - ShareGPT Dataset: Disabled
  - Max Concurrent Allocations: 4 (bounds RAM usage)
================================================================================

User Context Length Distribution:
  Min: 533 tokens (166.56MiB)
  Max: 24477 tokens (7649.06MiB)
  Mean: 9235 tokens (2885.92MiB)

QoS Distribution:
  interactive: 9 users
  responsive: 26 users
  batch: 35 users

### MEMORY SAFETY CHECK ###
  Formula: peak = (workers x 2 x mean_entry_bytes) + baseline
         = (70 x 2 x 2500MiB) + 2.5GiB
         = 344.3GiB
  Available RAM: 990.7GiB
  Mean entry size: 2500MiB  (8000 tok x 327,680 B/tok)
  Peak per thread: 5000MiB  (np.load + np.array copy)
  Worker threads: 70
  Safe concurrent readers: ~202  = (available - baseline) / peak_per_thread
  Status: OK

Starting benchmark... Mode: standard (prefill+decode)
--------------------------------------------------------------------------------

================================================================================
BENCHMARK RESULTS - MLPerf KV Cache Storage Benchmark
Generation Mode: none (0.0ms/token)
================================================================================

IMPORTANT: All storage latencies below are measured per KV cache BLOCK,
not per token or per disk page.  Each block holds the full KV state for
one request (all layers, all heads, full sequence length).
  Model KV bytes/token: 327,680 bytes (320.0KiB)
  Entries in cache: 300
  Block size min:   69.4MiB
  Block size mean:  1391.2MiB
  Block size P95:   4456.9MiB
  Block size max:   6221.9MiB
  A 200MiB block at 1GiB/s NVMe read = ~200 ms device latency.
  Compare latencies against block sizes, not against 4KiB page I/O.


### OVERALL PERFORMANCE ###
Requests Completed: 293
Total Tokens Generated: 40190
Throughput (wall-clock): 132.83 tokens/sec
Throughput (storage I/O): 6.23 tokens/sec
Requests/sec: 0.97

### END-TO-END LATENCY (Queue Wait + Storage I/O + Generation) ###
  Mean: 167938.79 ms
  P50:  142967.01 ms
  P95:  328934.19 ms
  P99:  337125.37 ms

### PER-REQUEST STORAGE LATENCY (All I/O ops for one request) ###
  Mean: 22031.00 ms
  P50:  13743.45 ms
  P95:  71946.28 ms
  P99:  91436.15 ms
  (= 1 prefill write + N decode reads per request)

### STORAGE PERFORMANCE ###
  Cache Hit Rate: 87.0%
  Total Read: 1691.71GiB
  Total Write: 407.58GiB
  Read/Write Ratio: 4.15
  Storage KV Read Operations/sec: 5.18
  Storage KV Write Operations/sec: 1.00

### CACHE TIER DISTRIBUTION ###
  GPU Entries: 0 (0.00GiB)
  CPU Entries: 0 (0.00GiB)
  Storage Entries: 300

### TIER-SPECIFIC KV BYTES ###
  Storage KV Bytes Written: 407.58GiB
  Storage KV Bytes Read: 1691.71GiB

### STORAGE KV BANDWIDTH ###
  Storage KV Read Bandwidth: 5.59GiB/s
  Storage KV Write Bandwidth: 1.35GiB/s

### TIER-SPECIFIC LATENCIES (Total = Host + Device) ###
  Storage Read P95 (Total): 12179.50 ms
  Storage Write P95 (Total): 5004.18 ms

### STORAGE TIER LATENCY BREAKDOWN (Device = Disk I/O, Host = Serialization) ###
  Storage Read:
    - Device P95 (Disk I/O): 7889.23 ms
    - Host P95 (Serialization): 3384.74 ms
    - Total P95: 12179.50 ms
  Storage Write:
    - Device P95 (Disk I/O): 947.88 ms
    - Host P95 (Serialization): 4576.34 ms
    - Total P95: 5004.18 ms

### CACHE TYPE BREAKDOWNS ###
  System Prompt Hits: 285
  Common Phrase Hits: 0
  User Cache Hits: 1253
  Multi-turn Hits: 16

### PREFIX CACHING ###
  Prefix Hits: 55
  Prefix Misses: 245
  System Prompt Reuse: 55
  Bytes Saved: 0.11GiB

### MULTI-TURN CONVERSATIONS ###
  Multi-turn Cache Hits: 16
  Multi-turn Cache Misses: 178
  Multi-turn Hit Rate: 8.2%

### QOS LATENCY METRICS (Informational - includes simulated generation) ###

  INTERACTIVE:
    Requests: 229
    Latency P95: 329391.08 ms
    Latency P99: 339051.40 ms
    SLA Met: [X] (compliance: 0.0%)

  RESPONSIVE:
    Requests: 32
    Latency P95: 127475.24 ms
    Latency P99: 130038.20 ms
    SLA Met: [X] (compliance: 0.0%)

  BATCH:
    Requests: 32
    Latency P95: 116595.28 ms
    Latency P99: 128507.87 ms
    SLA Met: [X] (compliance: 0.0%)

================================================================================
NOTES:
  - Pure storage I/O benchmark (no generation simulation)
================================================================================

Integrated Multi-User KV Cache Benchmark - MLPerf Edition
Model: Llama 3.1 70B Instruct
GPU Memory: 0 GB
Users: 70
Duration: 300s
Seed: 140
Generation Mode: none (0.0ms/token)
Features:
  - Phase-Aware Processing: Enabled
  - Multi-turn Conversations: Enabled
  - Prefix Caching: Enabled
  - RAG Workload: Disabled
  - Autoscaling: Disabled
  - QoS Support: Enabled (Interactive/Responsive/Batch)
  - Trace-Driven (BurstGPT): Disabled
  - ShareGPT Dataset: Disabled
  - Max Concurrent Allocations: 4 (bounds RAM usage)
================================================================================

User Context Length Distribution:
  Min: 586 tokens (183.12MiB)
  Max: 22824 tokens (7132.50MiB)
  Mean: 8777 tokens (2742.70MiB)

QoS Distribution:
  interactive: 6 users
  responsive: 26 users
  batch: 38 users

### MEMORY SAFETY CHECK ###
  Formula: peak = (workers x 2 x mean_entry_bytes) + baseline
         = (70 x 2 x 2500MiB) + 2.5GiB
         = 344.3GiB
  Available RAM: 989.6GiB
  Mean entry size: 2500MiB  (8000 tok x 327,680 B/tok)
  Peak per thread: 5000MiB  (np.load + np.array copy)
  Worker threads: 70
  Safe concurrent readers: ~202  = (available - baseline) / peak_per_thread
  Status: OK

Starting benchmark... Mode: standard (prefill+decode)
--------------------------------------------------------------------------------

================================================================================
BENCHMARK RESULTS - MLPerf KV Cache Storage Benchmark
Generation Mode: none (0.0ms/token)
================================================================================

IMPORTANT: All storage latencies below are measured per KV cache BLOCK,
not per token or per disk page.  Each block holds the full KV state for
one request (all layers, all heads, full sequence length).
  Model KV bytes/token: 327,680 bytes (320.0KiB)
  Entries in cache: 383
  Block size min:   48.4MiB
  Block size mean:  833.0MiB
  Block size P95:   2917.9MiB
  Block size max:   5606.9MiB
  A 200MiB block at 1GiB/s NVMe read = ~200 ms device latency.
  Compare latencies against block sizes, not against 4KiB page I/O.


### OVERALL PERFORMANCE ###
Requests Completed: 371
Total Tokens Generated: 52040
Throughput (wall-clock): 173.26 tokens/sec
Throughput (storage I/O): 6.97 tokens/sec
Requests/sec: 1.24

### END-TO-END LATENCY (Queue Wait + Storage I/O + Generation) ###
  Mean: 165133.67 ms
  P50:  162705.95 ms
  P95:  305782.95 ms
  P99:  324282.17 ms

### PER-REQUEST STORAGE LATENCY (All I/O ops for one request) ###
  Mean: 20133.62 ms
  P50:  10850.64 ms
  P95:  78075.16 ms
  P99:  118044.24 ms
  (= 1 prefill write + N decode reads per request)

### STORAGE PERFORMANCE ###
  Cache Hit Rate: 80.7%
  Total Read: 1976.45GiB
  Total Write: 311.56GiB
  Read/Write Ratio: 6.34
  Storage KV Read Operations/sec: 7.26
  Storage KV Write Operations/sec: 1.28

### CACHE TIER DISTRIBUTION ###
  GPU Entries: 0 (0.00GiB)
  CPU Entries: 0 (0.00GiB)
  Storage Entries: 383

### TIER-SPECIFIC KV BYTES ###
  Storage KV Bytes Written: 311.56GiB
  Storage KV Bytes Read: 1976.45GiB

### STORAGE KV BANDWIDTH ###
  Storage KV Read Bandwidth: 6.58GiB/s
  Storage KV Write Bandwidth: 1.04GiB/s

### TIER-SPECIFIC LATENCIES (Total = Host + Device) ###
  Storage Read P95 (Total): 9865.66 ms
  Storage Write P95 (Total): 5420.33 ms

### STORAGE TIER LATENCY BREAKDOWN (Device = Disk I/O, Host = Serialization) ###
  Storage Read:
    - Device P95 (Disk I/O): 7929.17 ms
    - Host P95 (Serialization): 3190.02 ms
    - Total P95: 9865.66 ms
  Storage Write:
    - Device P95 (Disk I/O): 486.90 ms
    - Host P95 (Serialization): 4797.70 ms
    - Total P95: 5420.33 ms

### CACHE TYPE BREAKDOWNS ###
  System Prompt Hits: 382
  Common Phrase Hits: 0
  User Cache Hits: 1757
  Multi-turn Hits: 40

### PREFIX CACHING ###
  Prefix Hits: 67
  Prefix Misses: 316
  System Prompt Reuse: 67
  Bytes Saved: 0.14GiB

### MULTI-TURN CONVERSATIONS ###
  Multi-turn Cache Hits: 40
  Multi-turn Cache Misses: 455
  Multi-turn Hit Rate: 8.1%

### QOS LATENCY METRICS (Informational - includes simulated generation) ###

  INTERACTIVE:
    Requests: 308
    Latency P95: 307116.78 ms
    Latency P99: 324678.09 ms
    SLA Met: [X] (compliance: 0.0%)

  RESPONSIVE:
    Requests: 29
    Latency P95: 105561.41 ms
    Latency P99: 193558.25 ms
    SLA Met: [X] (compliance: 0.0%)

  BATCH:
    Requests: 34
    Latency P95: 123964.74 ms
    Latency P99: 158572.74 ms
    SLA Met: [X] (compliance: 0.0%)

================================================================================
NOTES:
  - Pure storage I/O benchmark (no generation simulation)
================================================================================

Integrated Multi-User KV Cache Benchmark - MLPerf Edition
Model: Llama 3.1 70B Instruct
GPU Memory: 0 GB
Users: 70
Duration: 300s
Seed: 107
Generation Mode: none (0.0ms/token)
Features:
  - Phase-Aware Processing: Enabled
  - Multi-turn Conversations: Enabled
  - Prefix Caching: Enabled
  - RAG Workload: Disabled
  - Autoscaling: Disabled
  - QoS Support: Enabled (Interactive/Responsive/Batch)
  - Trace-Driven (BurstGPT): Disabled
  - ShareGPT Dataset: Disabled
  - Max Concurrent Allocations: 4 (bounds RAM usage)
================================================================================

User Context Length Distribution:
  Min: 517 tokens (161.56MiB)
  Max: 24009 tokens (7502.81MiB)
  Mean: 9919 tokens (3099.75MiB)

QoS Distribution:
  interactive: 10 users
  responsive: 20 users
  batch: 40 users

### MEMORY SAFETY CHECK ###
  Formula: peak = (workers x 2 x mean_entry_bytes) + baseline
         = (70 x 2 x 2500MiB) + 2.5GiB
         = 344.3GiB
  Available RAM: 989.6GiB
  Mean entry size: 2500MiB  (8000 tok x 327,680 B/tok)
  Peak per thread: 5000MiB  (np.load + np.array copy)
  Worker threads: 70
  Safe concurrent readers: ~202  = (available - baseline) / peak_per_thread
  Status: OK

Starting benchmark... Mode: standard (prefill+decode)
--------------------------------------------------------------------------------

================================================================================
BENCHMARK RESULTS - MLPerf KV Cache Storage Benchmark
Generation Mode: none (0.0ms/token)
================================================================================

IMPORTANT: All storage latencies below are measured per KV cache BLOCK,
not per token or per disk page.  Each block holds the full KV state for
one request (all layers, all heads, full sequence length).
  Model KV bytes/token: 327,680 bytes (320.0KiB)
  Entries in cache: 311
  Block size min:   92.5MiB
  Block size mean:  1209.7MiB
  Block size P95:   4254.7MiB
  Block size max:   7178.8MiB
  A 200MiB block at 1GiB/s NVMe read = ~200 ms device latency.
  Compare latencies against block sizes, not against 4KiB page I/O.


### OVERALL PERFORMANCE ###
Requests Completed: 307
Total Tokens Generated: 43672
Throughput (wall-clock): 145.49 tokens/sec
Throughput (storage I/O): 6.28 tokens/sec
Requests/sec: 1.02

### END-TO-END LATENCY (Queue Wait + Storage I/O + Generation) ###
  Mean: 181703.36 ms
  P50:  177589.24 ms
  P95:  335748.66 ms
  P99:  344401.47 ms

### PER-REQUEST STORAGE LATENCY (All I/O ops for one request) ###
  Mean: 22658.69 ms
  P50:  13138.84 ms
  P95:  71382.38 ms
  P99:  106733.25 ms
  (= 1 prefill write + N decode reads per request)

### STORAGE PERFORMANCE ###
  Cache Hit Rate: 85.4%
  Total Read: 1658.76GiB
  Total Write: 367.40GiB
  Read/Write Ratio: 4.51
  Storage KV Read Operations/sec: 5.68
  Storage KV Write Operations/sec: 1.04

### CACHE TIER DISTRIBUTION ###
  GPU Entries: 0 (0.00GiB)
  CPU Entries: 0 (0.00GiB)
  Storage Entries: 311

### TIER-SPECIFIC KV BYTES ###
  Storage KV Bytes Written: 367.40GiB
  Storage KV Bytes Read: 1658.76GiB

### STORAGE KV BANDWIDTH ###
  Storage KV Read Bandwidth: 5.53GiB/s
  Storage KV Write Bandwidth: 1.22GiB/s

### TIER-SPECIFIC LATENCIES (Total = Host + Device) ###
  Storage Read P95 (Total): 10766.24 ms
  Storage Write P95 (Total): 7236.44 ms

### STORAGE TIER LATENCY BREAKDOWN (Device = Disk I/O, Host = Serialization) ###
  Storage Read:
    - Device P95 (Disk I/O): 8327.91 ms
    - Host P95 (Serialization): 3196.64 ms
    - Total P95: 10766.24 ms
  Storage Write:
    - Device P95 (Disk I/O): 328.69 ms
    - Host P95 (Serialization): 6038.13 ms
    - Total P95: 7236.44 ms

### CACHE TYPE BREAKDOWNS ###
  System Prompt Hits: 280
  Common Phrase Hits: 0
  User Cache Hits: 1393
  Multi-turn Hits: 32

### PREFIX CACHING ###
  Prefix Hits: 61
  Prefix Misses: 250
  System Prompt Reuse: 61
  Bytes Saved: 0.12GiB

### MULTI-TURN CONVERSATIONS ###
  Multi-turn Cache Hits: 32
  Multi-turn Cache Misses: 230
  Multi-turn Hit Rate: 12.2%

### QOS LATENCY METRICS (Informational - includes simulated generation) ###

  INTERACTIVE:
    Requests: 248
    Latency P95: 338035.98 ms
    Latency P99: 345192.85 ms
    SLA Met: [X] (compliance: 0.0%)

  RESPONSIVE:
    Requests: 22
    Latency P95: 139817.87 ms
    Latency P99: 152859.12 ms
    SLA Met: [X] (compliance: 0.0%)

  BATCH:
    Requests: 37
    Latency P95: 142403.34 ms
    Latency P99: 167385.28 ms
    SLA Met: [X] (compliance: 0.0%)

================================================================================
NOTES:
  - Pure storage I/O benchmark (no generation simulation)
================================================================================

Integrated Multi-User KV Cache Benchmark - MLPerf Edition
Model: Llama 3.1 70B Instruct
GPU Memory: 0 GB
Users: 70
Duration: 300s
Seed: 136
Generation Mode: none (0.0ms/token)
Features:
  - Phase-Aware Processing: Enabled
  - Multi-turn Conversations: Enabled
  - Prefix Caching: Enabled
  - RAG Workload: Disabled
  - Autoscaling: Disabled
  - QoS Support: Enabled (Interactive/Responsive/Batch)
  - Trace-Driven (BurstGPT): Disabled
  - ShareGPT Dataset: Disabled
  - Max Concurrent Allocations: 4 (bounds RAM usage)
================================================================================

User Context Length Distribution:
  Min: 570 tokens (178.12MiB)
  Max: 24780 tokens (7743.75MiB)
  Mean: 9338 tokens (2917.97MiB)

QoS Distribution:
  interactive: 8 users
  responsive: 29 users
  batch: 33 users

### MEMORY SAFETY CHECK ###
  Formula: peak = (workers x 2 x mean_entry_bytes) + baseline
         = (70 x 2 x 2500MiB) + 2.5GiB
         = 344.3GiB
  Available RAM: 990.3GiB
  Mean entry size: 2500MiB  (8000 tok x 327,680 B/tok)
  Peak per thread: 5000MiB  (np.load + np.array copy)
  Worker threads: 70
  Safe concurrent readers: ~202  = (available - baseline) / peak_per_thread
  Status: OK

Starting benchmark... Mode: standard (prefill+decode)
--------------------------------------------------------------------------------

================================================================================
BENCHMARK RESULTS - MLPerf KV Cache Storage Benchmark
Generation Mode: none (0.0ms/token)
================================================================================

IMPORTANT: All storage latencies below are measured per KV cache BLOCK,
not per token or per disk page.  Each block holds the full KV state for
one request (all layers, all heads, full sequence length).
  Model KV bytes/token: 327,680 bytes (320.0KiB)
  Entries in cache: 263
  Block size min:   64.4MiB
  Block size mean:  1598.9MiB
  Block size P95:   4972.7MiB
  Block size max:   6681.6MiB
  A 200MiB block at 1GiB/s NVMe read = ~200 ms device latency.
  Compare latencies against block sizes, not against 4KiB page I/O.


### OVERALL PERFORMANCE ###
Requests Completed: 254
Total Tokens Generated: 39409
Throughput (wall-clock): 131.17 tokens/sec
Throughput (storage I/O): 6.29 tokens/sec
Requests/sec: 0.85

### END-TO-END LATENCY (Queue Wait + Storage I/O + Generation) ###
  Mean: 189961.18 ms
  P50:  200272.04 ms
  P95:  332208.87 ms
  P99:  341112.14 ms

### PER-REQUEST STORAGE LATENCY (All I/O ops for one request) ###
  Mean: 24679.75 ms
  P50:  12328.49 ms
  P95:  79471.69 ms
  P99:  115993.63 ms
  (= 1 prefill write + N decode reads per request)

### STORAGE PERFORMANCE ###
  Cache Hit Rate: 72.6%
  Total Read: 1639.07GiB
  Total Write: 410.66GiB
  Read/Write Ratio: 3.99
  Storage KV Read Operations/sec: 4.41
  Storage KV Write Operations/sec: 0.88

### CACHE TIER DISTRIBUTION ###
  GPU Entries: 0 (0.00GiB)
  CPU Entries: 0 (0.00GiB)
  Storage Entries: 263

### TIER-SPECIFIC KV BYTES ###
  Storage KV Bytes Written: 410.66GiB
  Storage KV Bytes Read: 1639.07GiB

### STORAGE KV BANDWIDTH ###
  Storage KV Read Bandwidth: 5.46GiB/s
  Storage KV Write Bandwidth: 1.37GiB/s

### TIER-SPECIFIC LATENCIES (Total = Host + Device) ###
  Storage Read P95 (Total): 12189.39 ms
  Storage Write P95 (Total): 9707.88 ms

### STORAGE TIER LATENCY BREAKDOWN (Device = Disk I/O, Host = Serialization) ###
  Storage Read:
    - Device P95 (Disk I/O): 10838.80 ms
    - Host P95 (Serialization): 4001.47 ms
    - Total P95: 12189.39 ms
  Storage Write:
    - Device P95 (Disk I/O): 392.87 ms
    - Host P95 (Serialization): 9641.30 ms
    - Total P95: 9707.88 ms

### CACHE TYPE BREAKDOWNS ###
  System Prompt Hits: 168
  Common Phrase Hits: 0
  User Cache Hits: 1121
  Multi-turn Hits: 35

### PREFIX CACHING ###
  Prefix Hits: 37
  Prefix Misses: 226
  System Prompt Reuse: 37
  Bytes Saved: 0.07GiB

### MULTI-TURN CONVERSATIONS ###
  Multi-turn Cache Hits: 35
  Multi-turn Cache Misses: 463
  Multi-turn Hit Rate: 7.0%

### QOS LATENCY METRICS (Informational - includes simulated generation) ###

  INTERACTIVE:
    Requests: 192
    Latency P95: 333658.01 ms
    Latency P99: 342533.98 ms
    SLA Met: [X] (compliance: 0.0%)

  RESPONSIVE:
    Requests: 35
    Latency P95: 97290.34 ms
    Latency P99: 137806.26 ms
    SLA Met: [X] (compliance: 0.0%)

  BATCH:
    Requests: 27
    Latency P95: 224929.22 ms
    Latency P99: 259650.25 ms
    SLA Met: [X] (compliance: 0.0%)

================================================================================
NOTES:
  - Pure storage I/O benchmark (no generation simulation)
================================================================================

Integrated Multi-User KV Cache Benchmark - MLPerf Edition
Model: Llama 3.1 70B Instruct
GPU Memory: 0 GB
Users: 70
Duration: 300s
Seed: 122
Generation Mode: none (0.0ms/token)
Features:
  - Phase-Aware Processing: Enabled
  - Multi-turn Conversations: Enabled
  - Prefix Caching: Enabled
  - RAG Workload: Disabled
  - Autoscaling: Disabled
  - QoS Support: Enabled (Interactive/Responsive/Batch)
  - Trace-Driven (BurstGPT): Disabled
  - ShareGPT Dataset: Disabled
  - Max Concurrent Allocations: 4 (bounds RAM usage)
================================================================================

User Context Length Distribution:
  Min: 697 tokens (217.81MiB)
  Max: 24502 tokens (7656.88MiB)
  Mean: 9520 tokens (2975.13MiB)

QoS Distribution:
  interactive: 15 users
  responsive: 23 users
  batch: 32 users

### MEMORY SAFETY CHECK ###
  Formula: peak = (workers x 2 x mean_entry_bytes) + baseline
         = (70 x 2 x 2500MiB) + 2.5GiB
         = 344.3GiB
  Available RAM: 991.1GiB
  Mean entry size: 2500MiB  (8000 tok x 327,680 B/tok)
  Peak per thread: 5000MiB  (np.load + np.array copy)
  Worker threads: 70
  Safe concurrent readers: ~202  = (available - baseline) / peak_per_thread
  Status: OK

Starting benchmark... Mode: standard (prefill+decode)
--------------------------------------------------------------------------------

================================================================================
BENCHMARK RESULTS - MLPerf KV Cache Storage Benchmark
Generation Mode: none (0.0ms/token)
================================================================================

IMPORTANT: All storage latencies below are measured per KV cache BLOCK,
not per token or per disk page.  Each block holds the full KV state for
one request (all layers, all heads, full sequence length).
  Model KV bytes/token: 327,680 bytes (320.0KiB)
  Entries in cache: 289
  Block size min:   60.9MiB
  Block size mean:  1250.2MiB
  Block size P95:   3878.0MiB
  Block size max:   5837.8MiB
  A 200MiB block at 1GiB/s NVMe read = ~200 ms device latency.
  Compare latencies against block sizes, not against 4KiB page I/O.


### OVERALL PERFORMANCE ###
Requests Completed: 279
Total Tokens Generated: 40822
Throughput (wall-clock): 135.97 tokens/sec
Throughput (storage I/O): 5.42 tokens/sec
Requests/sec: 0.93

### END-TO-END LATENCY (Queue Wait + Storage I/O + Generation) ###
  Mean: 182375.71 ms
  P50:  161558.98 ms
  P95:  342805.42 ms
  P99:  351548.65 ms

### PER-REQUEST STORAGE LATENCY (All I/O ops for one request) ###
  Mean: 27005.42 ms
  P50:  15316.21 ms
  P95:  87695.35 ms
  P99:  152550.10 ms
  (= 1 prefill write + N decode reads per request)

### STORAGE PERFORMANCE ###
  Cache Hit Rate: 85.8%
  Total Read: 1995.14GiB
  Total Write: 352.84GiB
  Read/Write Ratio: 5.65
  Storage KV Read Operations/sec: 5.36
  Storage KV Write Operations/sec: 0.96

### CACHE TIER DISTRIBUTION ###
  GPU Entries: 0 (0.00GiB)
  CPU Entries: 0 (0.00GiB)
  Storage Entries: 289

### TIER-SPECIFIC KV BYTES ###
  Storage KV Bytes Written: 352.84GiB
  Storage KV Bytes Read: 1995.14GiB

### STORAGE KV BANDWIDTH ###
  Storage KV Read Bandwidth: 6.65GiB/s
  Storage KV Write Bandwidth: 1.18GiB/s

### TIER-SPECIFIC LATENCIES (Total = Host + Device) ###
  Storage Read P95 (Total): 13488.51 ms
  Storage Write P95 (Total): 9266.64 ms

### STORAGE TIER LATENCY BREAKDOWN (Device = Disk I/O, Host = Serialization) ###
  Storage Read:
    - Device P95 (Disk I/O): 11034.16 ms
    - Host P95 (Serialization): 3479.49 ms
    - Total P95: 13488.51 ms
  Storage Write:
    - Device P95 (Disk I/O): 355.68 ms
    - Host P95 (Serialization): 8976.62 ms
    - Total P95: 9266.64 ms

### CACHE TYPE BREAKDOWNS ###
  System Prompt Hits: 288
  Common Phrase Hits: 0
  User Cache Hits: 1293
  Multi-turn Hits: 28

### PREFIX CACHING ###
  Prefix Hits: 46
  Prefix Misses: 243
  System Prompt Reuse: 46
  Bytes Saved: 0.10GiB

### MULTI-TURN CONVERSATIONS ###
  Multi-turn Cache Hits: 28
  Multi-turn Cache Misses: 220
  Multi-turn Hit Rate: 11.3%

### QOS LATENCY METRICS (Informational - includes simulated generation) ###

  INTERACTIVE:
    Requests: 228
    Latency P95: 344540.19 ms
    Latency P99: 351970.73 ms
    SLA Met: [X] (compliance: 0.0%)

  RESPONSIVE:
    Requests: 26
    Latency P95: 127275.50 ms
    Latency P99: 130481.34 ms
    SLA Met: [X] (compliance: 0.0%)

  BATCH:
    Requests: 25
    Latency P95: 123715.99 ms
    Latency P99: 143257.27 ms
    SLA Met: [X] (compliance: 0.0%)

================================================================================
NOTES:
  - Pure storage I/O benchmark (no generation simulation)
================================================================================

Integrated Multi-User KV Cache Benchmark - MLPerf Edition
Model: Llama 3.1 70B Instruct
GPU Memory: 0 GB
Users: 70
Duration: 300s
Seed: 200
Generation Mode: none (0.0ms/token)
Features:
  - Phase-Aware Processing: Enabled
  - Multi-turn Conversations: Enabled
  - Prefix Caching: Enabled
  - RAG Workload: Disabled
  - Autoscaling: Disabled
  - QoS Support: Enabled (Interactive/Responsive/Batch)
  - Trace-Driven (BurstGPT): Disabled
  - ShareGPT Dataset: Disabled
  - Max Concurrent Allocations: 4 (bounds RAM usage)
================================================================================

User Context Length Distribution:
  Min: 1246 tokens (389.38MiB)
  Max: 24776 tokens (7742.50MiB)
  Mean: 7627 tokens (2383.30MiB)

QoS Distribution:
  interactive: 10 users
  responsive: 17 users
  batch: 43 users

### MEMORY SAFETY CHECK ###
  Formula: peak = (workers x 2 x mean_entry_bytes) + baseline
         = (70 x 2 x 2500MiB) + 2.5GiB
         = 344.3GiB
  Available RAM: 988.6GiB
  Mean entry size: 2500MiB  (8000 tok x 327,680 B/tok)
  Peak per thread: 5000MiB  (np.load + np.array copy)
  Worker threads: 70
  Safe concurrent readers: ~201  = (available - baseline) / peak_per_thread
  Status: OK

Starting benchmark... Mode: standard (prefill+decode)
--------------------------------------------------------------------------------

================================================================================
BENCHMARK RESULTS - MLPerf KV Cache Storage Benchmark
Generation Mode: none (0.0ms/token)
================================================================================

IMPORTANT: All storage latencies below are measured per KV cache BLOCK,
not per token or per disk page.  Each block holds the full KV state for
one request (all layers, all heads, full sequence length).
  Model KV bytes/token: 327,680 bytes (320.0KiB)
  Entries in cache: 286
  Block size min:   122.8MiB
  Block size mean:  1207.7MiB
  Block size P95:   3715.4MiB
  Block size max:   7333.8MiB
  A 200MiB block at 1GiB/s NVMe read = ~200 ms device latency.
  Compare latencies against block sizes, not against 4KiB page I/O.


### OVERALL PERFORMANCE ###
Requests Completed: 272
Total Tokens Generated: 37532
Throughput (wall-clock): 125.11 tokens/sec
Throughput (storage I/O): 5.10 tokens/sec
Requests/sec: 0.91

### END-TO-END LATENCY (Queue Wait + Storage I/O + Generation) ###
  Mean: 172640.08 ms
  P50:  172535.29 ms
  P95:  332839.38 ms
  P99:  345564.42 ms

### PER-REQUEST STORAGE LATENCY (All I/O ops for one request) ###
  Mean: 27075.60 ms
  P50:  14847.85 ms
  P95:  95726.53 ms
  P99:  180769.95 ms
  (= 1 prefill write + N decode reads per request)

### STORAGE PERFORMANCE ###
  Cache Hit Rate: 79.8%
  Total Read: 1623.41GiB
  Total Write: 337.30GiB
  Read/Write Ratio: 4.81
  Storage KV Read Operations/sec: 5.15
  Storage KV Write Operations/sec: 0.95

### CACHE TIER DISTRIBUTION ###
  GPU Entries: 0 (0.00GiB)
  CPU Entries: 0 (0.00GiB)
  Storage Entries: 286

### TIER-SPECIFIC KV BYTES ###
  Storage KV Bytes Written: 337.30GiB
  Storage KV Bytes Read: 1623.41GiB

### STORAGE KV BANDWIDTH ###
  Storage KV Read Bandwidth: 5.41GiB/s
  Storage KV Write Bandwidth: 1.12GiB/s

### TIER-SPECIFIC LATENCIES (Total = Host + Device) ###
  Storage Read P95 (Total): 13929.44 ms
  Storage Write P95 (Total): 8194.10 ms

### STORAGE TIER LATENCY BREAKDOWN (Device = Disk I/O, Host = Serialization) ###
  Storage Read:
    - Device P95 (Disk I/O): 11230.13 ms
    - Host P95 (Serialization): 4840.12 ms
    - Total P95: 13929.44 ms
  Storage Write:
    - Device P95 (Disk I/O): 564.88 ms
    - Host P95 (Serialization): 8086.79 ms
    - Total P95: 8194.10 ms

### CACHE TYPE BREAKDOWNS ###
  System Prompt Hits: 330
  Common Phrase Hits: 0
  User Cache Hits: 1194
  Multi-turn Hits: 21

### PREFIX CACHING ###
  Prefix Hits: 61
  Prefix Misses: 225
  System Prompt Reuse: 61
  Bytes Saved: 0.12GiB

### MULTI-TURN CONVERSATIONS ###
  Multi-turn Cache Hits: 21
  Multi-turn Cache Misses: 329
  Multi-turn Hit Rate: 6.0%

### QOS LATENCY METRICS (Informational - includes simulated generation) ###

  INTERACTIVE:
    Requests: 214
    Latency P95: 336907.30 ms
    Latency P99: 345744.34 ms
    SLA Met: [X] (compliance: 0.0%)

  RESPONSIVE:
    Requests: 20
    Latency P95: 195037.27 ms
    Latency P99: 195250.88 ms
    SLA Met: [X] (compliance: 0.0%)

  BATCH:
    Requests: 38
    Latency P95: 172218.60 ms
    Latency P99: 253831.00 ms
    SLA Met: [X] (compliance: 0.0%)

================================================================================
NOTES:
  - Pure storage I/O benchmark (no generation simulation)
================================================================================

Integrated Multi-User KV Cache Benchmark - MLPerf Edition
Model: Llama 3.1 70B Instruct
GPU Memory: 0 GB
Users: 70
Duration: 300s
Seed: 129
Generation Mode: none (0.0ms/token)
Features:
  - Phase-Aware Processing: Enabled
  - Multi-turn Conversations: Enabled
  - Prefix Caching: Enabled
  - RAG Workload: Disabled
  - Autoscaling: Disabled
  - QoS Support: Enabled (Interactive/Responsive/Batch)
  - Trace-Driven (BurstGPT): Disabled
  - ShareGPT Dataset: Disabled
  - Max Concurrent Allocations: 4 (bounds RAM usage)
================================================================================

User Context Length Distribution:
  Min: 877 tokens (274.06MiB)
  Max: 24407 tokens (7627.19MiB)
  Mean: 9401 tokens (2937.95MiB)

QoS Distribution:
  interactive: 6 users
  responsive: 30 users
  batch: 34 users

### MEMORY SAFETY CHECK ###
  Formula: peak = (workers x 2 x mean_entry_bytes) + baseline
         = (70 x 2 x 2500MiB) + 2.5GiB
         = 344.3GiB
  Available RAM: 990.5GiB
  Mean entry size: 2500MiB  (8000 tok x 327,680 B/tok)
  Peak per thread: 5000MiB  (np.load + np.array copy)
  Worker threads: 70
  Safe concurrent readers: ~202  = (available - baseline) / peak_per_thread
  Status: OK

Starting benchmark... Mode: standard (prefill+decode)
--------------------------------------------------------------------------------

================================================================================
BENCHMARK RESULTS - MLPerf KV Cache Storage Benchmark
Generation Mode: none (0.0ms/token)
================================================================================

IMPORTANT: All storage latencies below are measured per KV cache BLOCK,
not per token or per disk page.  Each block holds the full KV state for
one request (all layers, all heads, full sequence length).
  Model KV bytes/token: 327,680 bytes (320.0KiB)
  Entries in cache: 285
  Block size min:   88.4MiB
  Block size mean:  1146.7MiB
  Block size P95:   2449.4MiB
  Block size max:   6489.1MiB
  A 200MiB block at 1GiB/s NVMe read = ~200 ms device latency.
  Compare latencies against block sizes, not against 4KiB page I/O.


### OVERALL PERFORMANCE ###
Requests Completed: 276
Total Tokens Generated: 45672
Throughput (wall-clock): 151.87 tokens/sec
Throughput (storage I/O): 4.75 tokens/sec
Requests/sec: 0.92

### END-TO-END LATENCY (Queue Wait + Storage I/O + Generation) ###
  Mean: 184499.70 ms
  P50:  178046.26 ms
  P95:  327272.33 ms
  P99:  344032.24 ms

### PER-REQUEST STORAGE LATENCY (All I/O ops for one request) ###
  Mean: 34860.37 ms
  P50:  23891.38 ms
  P95:  97632.25 ms
  P99:  182946.48 ms
  (= 1 prefill write + N decode reads per request)

### STORAGE PERFORMANCE ###
  Cache Hit Rate: 84.8%
  Total Read: 2178.25GiB
  Total Write: 319.14GiB
  Read/Write Ratio: 6.83
  Storage KV Read Operations/sec: 6.27
  Storage KV Write Operations/sec: 0.95

### CACHE TIER DISTRIBUTION ###
  GPU Entries: 0 (0.00GiB)
  CPU Entries: 0 (0.00GiB)
  Storage Entries: 285

### TIER-SPECIFIC KV BYTES ###
  Storage KV Bytes Written: 319.14GiB
  Storage KV Bytes Read: 2178.25GiB

### STORAGE KV BANDWIDTH ###
  Storage KV Read Bandwidth: 7.24GiB/s
  Storage KV Write Bandwidth: 1.06GiB/s

### TIER-SPECIFIC LATENCIES (Total = Host + Device) ###
  Storage Read P95 (Total): 13375.65 ms
  Storage Write P95 (Total): 6417.97 ms

### STORAGE TIER LATENCY BREAKDOWN (Device = Disk I/O, Host = Serialization) ###
  Storage Read:
    - Device P95 (Disk I/O): 11313.14 ms
    - Host P95 (Serialization): 4501.77 ms
    - Total P95: 13375.65 ms
  Storage Write:
    - Device P95 (Disk I/O): 424.93 ms
    - Host P95 (Serialization): 6417.95 ms
    - Total P95: 6417.97 ms

### CACHE TYPE BREAKDOWNS ###
  System Prompt Hits: 373
  Common Phrase Hits: 0
  User Cache Hits: 1482
  Multi-turn Hits: 25

### PREFIX CACHING ###
  Prefix Hits: 50
  Prefix Misses: 235
  System Prompt Reuse: 50
  Bytes Saved: 0.10GiB

### MULTI-TURN CONVERSATIONS ###
  Multi-turn Cache Hits: 25
  Multi-turn Cache Misses: 287
  Multi-turn Hit Rate: 8.0%

### QOS LATENCY METRICS (Informational - includes simulated generation) ###

  INTERACTIVE:
    Requests: 217
    Latency P95: 330736.75 ms
    Latency P99: 347150.55 ms
    SLA Met: [X] (compliance: 0.0%)

  RESPONSIVE:
    Requests: 27
    Latency P95: 136102.52 ms
    Latency P99: 288166.74 ms
    SLA Met: [X] (compliance: 0.0%)

  BATCH:
    Requests: 32
    Latency P95: 120010.98 ms
    Latency P99: 122859.87 ms
    SLA Met: [X] (compliance: 0.0%)

================================================================================
NOTES:
  - Pure storage I/O benchmark (no generation simulation)
================================================================================

Integrated Multi-User KV Cache Benchmark - MLPerf Edition
Model: Llama 3.1 70B Instruct
GPU Memory: 0 GB
Users: 70
Duration: 300s
Seed: 228
Generation Mode: none (0.0ms/token)
Features:
  - Phase-Aware Processing: Enabled
  - Multi-turn Conversations: Enabled
  - Prefix Caching: Enabled
  - RAG Workload: Disabled
  - Autoscaling: Disabled
  - QoS Support: Enabled (Interactive/Responsive/Batch)
  - Trace-Driven (BurstGPT): Disabled
  - ShareGPT Dataset: Disabled
  - Max Concurrent Allocations: 4 (bounds RAM usage)
================================================================================

User Context Length Distribution:
  Min: 830 tokens (259.38MiB)
  Max: 24710 tokens (7721.88MiB)
  Mean: 9537 tokens (2980.22MiB)

QoS Distribution:
  interactive: 7 users
  responsive: 33 users
  batch: 30 users

### MEMORY SAFETY CHECK ###
  Formula: peak = (workers x 2 x mean_entry_bytes) + baseline
         = (70 x 2 x 2500MiB) + 2.5GiB
         = 344.3GiB
  Available RAM: 987.6GiB
  Mean entry size: 2500MiB  (8000 tok x 327,680 B/tok)
  Peak per thread: 5000MiB  (np.load + np.array copy)
  Worker threads: 70
  Safe concurrent readers: ~201  = (available - baseline) / peak_per_thread
  Status: OK

Starting benchmark... Mode: standard (prefill+decode)
--------------------------------------------------------------------------------

================================================================================
BENCHMARK RESULTS - MLPerf KV Cache Storage Benchmark
Generation Mode: none (0.0ms/token)
================================================================================

IMPORTANT: All storage latencies below are measured per KV cache BLOCK,
not per token or per disk page.  Each block holds the full KV state for
one request (all layers, all heads, full sequence length).
  Model KV bytes/token: 327,680 bytes (320.0KiB)
  Entries in cache: 264
  Block size min:   180.9MiB
  Block size mean:  1323.7MiB
  Block size P95:   3454.0MiB
  Block size max:   6487.2MiB
  A 200MiB block at 1GiB/s NVMe read = ~200 ms device latency.
  Compare latencies against block sizes, not against 4KiB page I/O.


### OVERALL PERFORMANCE ###
Requests Completed: 254
Total Tokens Generated: 34341
Throughput (wall-clock): 114.44 tokens/sec
Throughput (storage I/O): 5.09 tokens/sec
Requests/sec: 0.85

### END-TO-END LATENCY (Queue Wait + Storage I/O + Generation) ###
  Mean: 182359.07 ms
  P50:  194925.27 ms
  P95:  322556.73 ms
  P99:  340774.24 ms

### PER-REQUEST STORAGE LATENCY (All I/O ops for one request) ###
  Mean: 26546.46 ms
  P50:  17275.46 ms
  P95:  85206.02 ms
  P99:  158936.39 ms
  (= 1 prefill write + N decode reads per request)

### STORAGE PERFORMANCE ###
  Cache Hit Rate: 77.4%
  Total Read: 1677.80GiB
  Total Write: 341.26GiB
  Read/Write Ratio: 4.92
  Storage KV Read Operations/sec: 4.47
  Storage KV Write Operations/sec: 0.88

### CACHE TIER DISTRIBUTION ###
  GPU Entries: 0 (0.00GiB)
  CPU Entries: 0 (0.00GiB)
  Storage Entries: 264

### TIER-SPECIFIC KV BYTES ###
  Storage KV Bytes Written: 341.26GiB
  Storage KV Bytes Read: 1677.80GiB

### STORAGE KV BANDWIDTH ###
  Storage KV Read Bandwidth: 5.59GiB/s
  Storage KV Write Bandwidth: 1.14GiB/s

### TIER-SPECIFIC LATENCIES (Total = Host + Device) ###
  Storage Read P95 (Total): 13858.88 ms
  Storage Write P95 (Total): 9377.89 ms

### STORAGE TIER LATENCY BREAKDOWN (Device = Disk I/O, Host = Serialization) ###
  Storage Read:
    - Device P95 (Disk I/O): 11489.44 ms
    - Host P95 (Serialization): 4478.57 ms
    - Total P95: 13858.88 ms
  Storage Write:
    - Device P95 (Disk I/O): 945.90 ms
    - Host P95 (Serialization): 8671.71 ms
    - Total P95: 9377.89 ms

### CACHE TYPE BREAKDOWNS ###
  System Prompt Hits: 226
  Common Phrase Hits: 0
  User Cache Hits: 1095
  Multi-turn Hits: 21

### PREFIX CACHING ###
  Prefix Hits: 52
  Prefix Misses: 212
  System Prompt Reuse: 52
  Bytes Saved: 0.10GiB

### MULTI-TURN CONVERSATIONS ###
  Multi-turn Cache Hits: 21
  Multi-turn Cache Misses: 340
  Multi-turn Hit Rate: 5.8%

### QOS LATENCY METRICS (Informational - includes simulated generation) ###

  INTERACTIVE:
    Requests: 193
    Latency P95: 326716.61 ms
    Latency P99: 344083.62 ms
    SLA Met: [X] (compliance: 0.0%)

  RESPONSIVE:
    Requests: 38
    Latency P95: 197409.47 ms
    Latency P99: 241509.49 ms
    SLA Met: [X] (compliance: 0.0%)

  BATCH:
    Requests: 23
    Latency P95: 105356.03 ms
    Latency P99: 180980.41 ms
    SLA Met: [X] (compliance: 0.0%)

================================================================================
NOTES:
  - Pure storage I/O benchmark (no generation simulation)
================================================================================

Integrated Multi-User KV Cache Benchmark - MLPerf Edition
Model: Llama 3.1 70B Instruct
GPU Memory: 0 GB
Users: 70
Duration: 300s
Seed: 98
Generation Mode: none (0.0ms/token)
Features:
  - Phase-Aware Processing: Enabled
  - Multi-turn Conversations: Enabled
  - Prefix Caching: Enabled
  - RAG Workload: Disabled
  - Autoscaling: Disabled
  - QoS Support: Enabled (Interactive/Responsive/Batch)
  - Trace-Driven (BurstGPT): Disabled
  - ShareGPT Dataset: Disabled
  - Max Concurrent Allocations: 4 (bounds RAM usage)
================================================================================

User Context Length Distribution:
  Min: 521 tokens (162.81MiB)
  Max: 24612 tokens (7691.25MiB)
  Mean: 8812 tokens (2753.74MiB)

QoS Distribution:
  interactive: 5 users
  responsive: 30 users
  batch: 35 users

### MEMORY SAFETY CHECK ###
  Formula: peak = (workers x 2 x mean_entry_bytes) + baseline
         = (70 x 2 x 2500MiB) + 2.5GiB
         = 344.3GiB
  Available RAM: 988.2GiB
  Mean entry size: 2500MiB  (8000 tok x 327,680 B/tok)
  Peak per thread: 5000MiB  (np.load + np.array copy)
  Worker threads: 70
  Safe concurrent readers: ~201  = (available - baseline) / peak_per_thread
  Status: OK

Starting benchmark... Mode: standard (prefill+decode)
--------------------------------------------------------------------------------

================================================================================
BENCHMARK RESULTS - MLPerf KV Cache Storage Benchmark
Generation Mode: none (0.0ms/token)
================================================================================

IMPORTANT: All storage latencies below are measured per KV cache BLOCK,
not per token or per disk page.  Each block holds the full KV state for
one request (all layers, all heads, full sequence length).
  Model KV bytes/token: 327,680 bytes (320.0KiB)
  Entries in cache: 322
  Block size min:   49.1MiB
  Block size mean:  1049.6MiB
  Block size P95:   4416.0MiB
  Block size max:   6807.2MiB
  A 200MiB block at 1GiB/s NVMe read = ~200 ms device latency.
  Compare latencies against block sizes, not against 4KiB page I/O.


### OVERALL PERFORMANCE ###
Requests Completed: 316
Total Tokens Generated: 38745
Throughput (wall-clock): 129.15 tokens/sec
Throughput (storage I/O): 6.72 tokens/sec
Requests/sec: 1.05

### END-TO-END LATENCY (Queue Wait + Storage I/O + Generation) ###
  Mean: 169518.00 ms
  P50:  161304.15 ms
  P95:  333680.36 ms
  P99:  342237.95 ms

### PER-REQUEST STORAGE LATENCY (All I/O ops for one request) ###
  Mean: 18242.74 ms
  P50:  10142.87 ms
  P95:  54933.35 ms
  P99:  121947.15 ms
  (= 1 prefill write + N decode reads per request)

### STORAGE PERFORMANCE ###
  Cache Hit Rate: 81.0%
  Total Read: 1238.97GiB
  Total Write: 330.04GiB
  Read/Write Ratio: 3.75
  Storage KV Read Operations/sec: 5.07
  Storage KV Write Operations/sec: 1.07

### CACHE TIER DISTRIBUTION ###
  GPU Entries: 0 (0.00GiB)
  CPU Entries: 0 (0.00GiB)
  Storage Entries: 322

### TIER-SPECIFIC KV BYTES ###
  Storage KV Bytes Written: 330.04GiB
  Storage KV Bytes Read: 1238.97GiB

### STORAGE KV BANDWIDTH ###
  Storage KV Read Bandwidth: 4.13GiB/s
  Storage KV Write Bandwidth: 1.10GiB/s

### TIER-SPECIFIC LATENCIES (Total = Host + Device) ###
  Storage Read P95 (Total): 12363.30 ms
  Storage Write P95 (Total): 8677.39 ms

### STORAGE TIER LATENCY BREAKDOWN (Device = Disk I/O, Host = Serialization) ###
  Storage Read:
    - Device P95 (Disk I/O): 8620.27 ms
    - Host P95 (Serialization): 2989.47 ms
    - Total P95: 12363.30 ms
  Storage Write:
    - Device P95 (Disk I/O): 681.09 ms
    - Host P95 (Serialization): 5577.78 ms
    - Total P95: 8677.39 ms

### CACHE TYPE BREAKDOWNS ###
  System Prompt Hits: 318
  Common Phrase Hits: 0
  User Cache Hits: 1195
  Multi-turn Hits: 9

### PREFIX CACHING ###
  Prefix Hits: 67
  Prefix Misses: 255
  System Prompt Reuse: 67
  Bytes Saved: 0.13GiB

### MULTI-TURN CONVERSATIONS ###
  Multi-turn Cache Hits: 9
  Multi-turn Cache Misses: 289
  Multi-turn Hit Rate: 3.0%

### QOS LATENCY METRICS (Informational - includes simulated generation) ###

  INTERACTIVE:
    Requests: 254
    Latency P95: 334482.38 ms
    Latency P99: 343003.16 ms
    SLA Met: [X] (compliance: 0.0%)

  RESPONSIVE:
    Requests: 25
    Latency P95: 195770.93 ms
    Latency P99: 217340.66 ms
    SLA Met: [X] (compliance: 0.0%)

  BATCH:
    Requests: 37
    Latency P95: 138638.71 ms
    Latency P99: 140518.32 ms
    SLA Met: [X] (compliance: 0.0%)

================================================================================
NOTES:
  - Pure storage I/O benchmark (no generation simulation)
================================================================================

Integrated Multi-User KV Cache Benchmark - MLPerf Edition
Model: Llama 3.1 70B Instruct
GPU Memory: 0 GB
Users: 70
Duration: 300s
Seed: 68
Generation Mode: none (0.0ms/token)
Features:
  - Phase-Aware Processing: Enabled
  - Multi-turn Conversations: Enabled
  - Prefix Caching: Enabled
  - RAG Workload: Disabled
  - Autoscaling: Disabled
  - QoS Support: Enabled (Interactive/Responsive/Batch)
  - Trace-Driven (BurstGPT): Disabled
  - ShareGPT Dataset: Disabled
  - Max Concurrent Allocations: 4 (bounds RAM usage)
================================================================================

User Context Length Distribution:
  Min: 539 tokens (168.44MiB)
  Max: 24518 tokens (7661.88MiB)
  Mean: 9204 tokens (2876.14MiB)

QoS Distribution:
  interactive: 14 users
  responsive: 26 users
  batch: 30 users

### MEMORY SAFETY CHECK ###
  Formula: peak = (workers x 2 x mean_entry_bytes) + baseline
         = (70 x 2 x 2500MiB) + 2.5GiB
         = 344.3GiB
  Available RAM: 983.5GiB
  Mean entry size: 2500MiB  (8000 tok x 327,680 B/tok)
  Peak per thread: 5000MiB  (np.load + np.array copy)
  Worker threads: 70
  Safe concurrent readers: ~200  = (available - baseline) / peak_per_thread
  Status: OK

Starting benchmark... Mode: standard (prefill+decode)
--------------------------------------------------------------------------------

================================================================================
BENCHMARK RESULTS - MLPerf KV Cache Storage Benchmark
Generation Mode: none (0.0ms/token)
================================================================================

IMPORTANT: All storage latencies below are measured per KV cache BLOCK,
not per token or per disk page.  Each block holds the full KV state for
one request (all layers, all heads, full sequence length).
  Model KV bytes/token: 327,680 bytes (320.0KiB)
  Entries in cache: 256
  Block size min:   49.4MiB
  Block size mean:  1601.5MiB
  Block size P95:   4651.0MiB
  Block size max:   7256.2MiB
  A 200MiB block at 1GiB/s NVMe read = ~200 ms device latency.
  Compare latencies against block sizes, not against 4KiB page I/O.


### OVERALL PERFORMANCE ###
Requests Completed: 249
Total Tokens Generated: 29144
Throughput (wall-clock): 97.15 tokens/sec
Throughput (storage I/O): 5.27 tokens/sec
Requests/sec: 0.83

### END-TO-END LATENCY (Queue Wait + Storage I/O + Generation) ###
  Mean: 183723.11 ms
  P50:  172004.12 ms
  P95:  347159.14 ms
  P99:  357510.98 ms

### PER-REQUEST STORAGE LATENCY (All I/O ops for one request) ###
  Mean: 22210.69 ms
  P50:  10098.20 ms
  P95:  72784.21 ms
  P99:  131072.35 ms
  (= 1 prefill write + N decode reads per request)

### STORAGE PERFORMANCE ###
  Cache Hit Rate: 71.7%
  Total Read: 1199.53GiB
  Total Write: 400.38GiB
  Read/Write Ratio: 3.00
  Storage KV Read Operations/sec: 3.48
  Storage KV Write Operations/sec: 0.85

### CACHE TIER DISTRIBUTION ###
  GPU Entries: 0 (0.00GiB)
  CPU Entries: 0 (0.00GiB)
  Storage Entries: 256

### TIER-SPECIFIC KV BYTES ###
  Storage KV Bytes Written: 400.38GiB
  Storage KV Bytes Read: 1199.53GiB

### STORAGE KV BANDWIDTH ###
  Storage KV Read Bandwidth: 4.00GiB/s
  Storage KV Write Bandwidth: 1.33GiB/s

### TIER-SPECIFIC LATENCIES (Total = Host + Device) ###
  Storage Read P95 (Total): 14423.73 ms
  Storage Write P95 (Total): 11307.84 ms

### STORAGE TIER LATENCY BREAKDOWN (Device = Disk I/O, Host = Serialization) ###
  Storage Read:
    - Device P95 (Disk I/O): 12338.88 ms
    - Host P95 (Serialization): 4126.87 ms
    - Total P95: 14423.73 ms
  Storage Write:
    - Device P95 (Disk I/O): 640.56 ms
    - Host P95 (Serialization): 11307.82 ms
    - Total P95: 11307.84 ms

### CACHE TYPE BREAKDOWNS ###
  System Prompt Hits: 107
  Common Phrase Hits: 0
  User Cache Hits: 900
  Multi-turn Hits: 36

### PREFIX CACHING ###
  Prefix Hits: 35
  Prefix Misses: 221
  System Prompt Reuse: 35
  Bytes Saved: 0.07GiB

### MULTI-TURN CONVERSATIONS ###
  Multi-turn Cache Hits: 36
  Multi-turn Cache Misses: 376
  Multi-turn Hit Rate: 8.7%

### QOS LATENCY METRICS (Informational - includes simulated generation) ###

  INTERACTIVE:
    Requests: 209
    Latency P95: 350906.14 ms
    Latency P99: 357518.94 ms
    SLA Met: [X] (compliance: 0.0%)

  RESPONSIVE:
    Requests: 20
    Latency P95: 130327.03 ms
    Latency P99: 155311.50 ms
    SLA Met: [X] (compliance: 0.0%)

  BATCH:
    Requests: 20
    Latency P95: 190338.02 ms
    Latency P99: 281953.48 ms
    SLA Met: [X] (compliance: 0.0%)

================================================================================
NOTES:
  - Pure storage I/O benchmark (no generation simulation)
================================================================================

Integrated Multi-User KV Cache Benchmark - MLPerf Edition
Model: Llama 3.1 70B Instruct
GPU Memory: 0 GB
Users: 70
Duration: 300s
Seed: 203
Generation Mode: none (0.0ms/token)
Features:
  - Phase-Aware Processing: Enabled
  - Multi-turn Conversations: Enabled
  - Prefix Caching: Enabled
  - RAG Workload: Disabled
  - Autoscaling: Disabled
  - QoS Support: Enabled (Interactive/Responsive/Batch)
  - Trace-Driven (BurstGPT): Disabled
  - ShareGPT Dataset: Disabled
  - Max Concurrent Allocations: 4 (bounds RAM usage)
================================================================================

User Context Length Distribution:
  Min: 586 tokens (183.12MiB)
  Max: 20629 tokens (6446.56MiB)
  Mean: 7326 tokens (2289.29MiB)

QoS Distribution:
  interactive: 14 users
  responsive: 26 users
  batch: 30 users

### MEMORY SAFETY CHECK ###
  Formula: peak = (workers x 2 x mean_entry_bytes) + baseline
         = (70 x 2 x 2500MiB) + 2.5GiB
         = 344.3GiB
  Available RAM: 989.4GiB
  Mean entry size: 2500MiB  (8000 tok x 327,680 B/tok)
  Peak per thread: 5000MiB  (np.load + np.array copy)
  Worker threads: 70
  Safe concurrent readers: ~202  = (available - baseline) / peak_per_thread
  Status: OK

Starting benchmark... Mode: standard (prefill+decode)
--------------------------------------------------------------------------------

================================================================================
BENCHMARK RESULTS - MLPerf KV Cache Storage Benchmark
Generation Mode: none (0.0ms/token)
================================================================================

IMPORTANT: All storage latencies below are measured per KV cache BLOCK,
not per token or per disk page.  Each block holds the full KV state for
one request (all layers, all heads, full sequence length).
  Model KV bytes/token: 327,680 bytes (320.0KiB)
  Entries in cache: 314
  Block size min:   55.6MiB
  Block size mean:  957.7MiB
  Block size P95:   3155.6MiB
  Block size max:   6377.8MiB
  A 200MiB block at 1GiB/s NVMe read = ~200 ms device latency.
  Compare latencies against block sizes, not against 4KiB page I/O.


### OVERALL PERFORMANCE ###
Requests Completed: 305
Total Tokens Generated: 46595
Throughput (wall-clock): 155.18 tokens/sec
Throughput (storage I/O): 5.52 tokens/sec
Requests/sec: 1.02

### END-TO-END LATENCY (Queue Wait + Storage I/O + Generation) ###
  Mean: 168182.24 ms
  P50:  161014.89 ms
  P95:  338928.54 ms
  P99:  349709.49 ms

### PER-REQUEST STORAGE LATENCY (All I/O ops for one request) ###
  Mean: 27697.93 ms
  P50:  12569.29 ms
  P95:  101587.65 ms
  P99:  172763.14 ms
  (= 1 prefill write + N decode reads per request)

### STORAGE PERFORMANCE ###
  Cache Hit Rate: 81.7%
  Total Read: 1920.50GiB
  Total Write: 293.66GiB
  Read/Write Ratio: 6.54
  Storage KV Read Operations/sec: 6.51
  Storage KV Write Operations/sec: 1.05

### CACHE TIER DISTRIBUTION ###
  GPU Entries: 0 (0.00GiB)
  CPU Entries: 0 (0.00GiB)
  Storage Entries: 314

### TIER-SPECIFIC KV BYTES ###
  Storage KV Bytes Written: 293.66GiB
  Storage KV Bytes Read: 1920.50GiB

### STORAGE KV BANDWIDTH ###
  Storage KV Read Bandwidth: 6.40GiB/s
  Storage KV Write Bandwidth: 0.98GiB/s

### TIER-SPECIFIC LATENCIES (Total = Host + Device) ###
  Storage Read P95 (Total): 14168.71 ms
  Storage Write P95 (Total): 6055.89 ms

### STORAGE TIER LATENCY BREAKDOWN (Device = Disk I/O, Host = Serialization) ###
  Storage Read:
    - Device P95 (Disk I/O): 11493.46 ms
    - Host P95 (Serialization): 4836.49 ms
    - Total P95: 14168.71 ms
  Storage Write:
    - Device P95 (Disk I/O): 200.29 ms
    - Host P95 (Serialization): 5946.86 ms
    - Total P95: 6055.89 ms

### CACHE TYPE BREAKDOWNS ###
  System Prompt Hits: 328
  Common Phrase Hits: 0
  User Cache Hits: 1583
  Multi-turn Hits: 41

### PREFIX CACHING ###
  Prefix Hits: 60
  Prefix Misses: 254
  System Prompt Reuse: 60
  Bytes Saved: 0.12GiB

### MULTI-TURN CONVERSATIONS ###
  Multi-turn Cache Hits: 41
  Multi-turn Cache Misses: 378
  Multi-turn Hit Rate: 9.8%

### QOS LATENCY METRICS (Informational - includes simulated generation) ###

  INTERACTIVE:
    Requests: 249
    Latency P95: 341856.75 ms
    Latency P99: 351302.10 ms
    SLA Met: [X] (compliance: 0.0%)

  RESPONSIVE:
    Requests: 31
    Latency P95: 85337.20 ms
    Latency P99: 154270.61 ms
    SLA Met: [X] (compliance: 0.0%)

  BATCH:
    Requests: 25
    Latency P95: 108445.98 ms
    Latency P99: 128354.23 ms
    SLA Met: [X] (compliance: 0.0%)

================================================================================
NOTES:
  - Pure storage I/O benchmark (no generation simulation)
================================================================================

Integrated Multi-User KV Cache Benchmark - MLPerf Edition
Model: Llama 3.1 70B Instruct
GPU Memory: 0 GB
Users: 70
Duration: 300s
Seed: 149
Generation Mode: none (0.0ms/token)
Features:
  - Phase-Aware Processing: Enabled
  - Multi-turn Conversations: Enabled
  - Prefix Caching: Enabled
  - RAG Workload: Disabled
  - Autoscaling: Disabled
  - QoS Support: Enabled (Interactive/Responsive/Batch)
  - Trace-Driven (BurstGPT): Disabled
  - ShareGPT Dataset: Disabled
  - Max Concurrent Allocations: 4 (bounds RAM usage)
================================================================================

User Context Length Distribution:
  Min: 910 tokens (284.38MiB)
  Max: 24436 tokens (7636.25MiB)
  Mean: 9415 tokens (2942.15MiB)

QoS Distribution:
  interactive: 11 users
  responsive: 32 users
  batch: 27 users

### MEMORY SAFETY CHECK ###
  Formula: peak = (workers x 2 x mean_entry_bytes) + baseline
         = (70 x 2 x 2500MiB) + 2.5GiB
         = 344.3GiB
  Available RAM: 988.6GiB
  Mean entry size: 2500MiB  (8000 tok x 327,680 B/tok)
  Peak per thread: 5000MiB  (np.load + np.array copy)
  Worker threads: 70
  Safe concurrent readers: ~201  = (available - baseline) / peak_per_thread
  Status: OK

Starting benchmark... Mode: standard (prefill+decode)
--------------------------------------------------------------------------------

================================================================================
BENCHMARK RESULTS - MLPerf KV Cache Storage Benchmark
Generation Mode: none (0.0ms/token)
================================================================================

IMPORTANT: All storage latencies below are measured per KV cache BLOCK,
not per token or per disk page.  Each block holds the full KV state for
one request (all layers, all heads, full sequence length).
  Model KV bytes/token: 327,680 bytes (320.0KiB)
  Entries in cache: 258
  Block size min:   135.0MiB
  Block size mean:  1454.6MiB
  Block size P95:   4192.5MiB
  Block size max:   6705.9MiB
  A 200MiB block at 1GiB/s NVMe read = ~200 ms device latency.
  Compare latencies against block sizes, not against 4KiB page I/O.


### OVERALL PERFORMANCE ###
Requests Completed: 252
Total Tokens Generated: 28007
Throughput (wall-clock): 91.45 tokens/sec
Throughput (storage I/O): 4.79 tokens/sec
Requests/sec: 0.82

### END-TO-END LATENCY (Queue Wait + Storage I/O + Generation) ###
  Mean: 192107.56 ms
  P50:  171709.21 ms
  P95:  347213.53 ms
  P99:  355804.18 ms

### PER-REQUEST STORAGE LATENCY (All I/O ops for one request) ###
  Mean: 23216.33 ms
  P50:  11669.49 ms
  P95:  82972.04 ms
  P99:  137379.80 ms
  (= 1 prefill write + N decode reads per request)

### STORAGE PERFORMANCE ###
  Cache Hit Rate: 78.6%
  Total Read: 1309.81GiB
  Total Write: 366.48GiB
  Read/Write Ratio: 3.57
  Storage KV Read Operations/sec: 3.59
  Storage KV Write Operations/sec: 0.86

### CACHE TIER DISTRIBUTION ###
  GPU Entries: 0 (0.00GiB)
  CPU Entries: 0 (0.00GiB)
  Storage Entries: 258

### TIER-SPECIFIC KV BYTES ###
  Storage KV Bytes Written: 366.48GiB
  Storage KV Bytes Read: 1309.81GiB

### STORAGE KV BANDWIDTH ###
  Storage KV Read Bandwidth: 4.28GiB/s
  Storage KV Write Bandwidth: 1.20GiB/s

### TIER-SPECIFIC LATENCIES (Total = Host + Device) ###
  Storage Read P95 (Total): 15485.05 ms
  Storage Write P95 (Total): 9056.68 ms

### STORAGE TIER LATENCY BREAKDOWN (Device = Disk I/O, Host = Serialization) ###
  Storage Read:
    - Device P95 (Disk I/O): 12977.50 ms
    - Host P95 (Serialization): 4800.07 ms
    - Total P95: 15485.05 ms
  Storage Write:
    - Device P95 (Disk I/O): 366.66 ms
    - Host P95 (Serialization): 8581.36 ms
    - Total P95: 9056.68 ms

### CACHE TYPE BREAKDOWNS ###
  System Prompt Hits: 217
  Common Phrase Hits: 0
  User Cache Hits: 817
  Multi-turn Hits: 42

### PREFIX CACHING ###
  Prefix Hits: 57
  Prefix Misses: 201
  System Prompt Reuse: 57
  Bytes Saved: 0.12GiB

### MULTI-TURN CONVERSATIONS ###
  Multi-turn Cache Hits: 42
  Multi-turn Cache Misses: 236
  Multi-turn Hit Rate: 15.1%

### QOS LATENCY METRICS (Informational - includes simulated generation) ###

  INTERACTIVE:
    Requests: 197
    Latency P95: 350966.69 ms
    Latency P99: 355991.91 ms
    SLA Met: [X] (compliance: 0.0%)

  RESPONSIVE:
    Requests: 32
    Latency P95: 167584.20 ms
    Latency P99: 250073.92 ms
    SLA Met: [X] (compliance: 0.0%)

  BATCH:
    Requests: 23
    Latency P95: 147727.99 ms
    Latency P99: 155431.00 ms
    SLA Met: [X] (compliance: 0.0%)

================================================================================
NOTES:
  - Pure storage I/O benchmark (no generation simulation)
================================================================================

Integrated Multi-User KV Cache Benchmark - MLPerf Edition
Model: Llama 3.1 70B Instruct
GPU Memory: 0 GB
Users: 70
Duration: 300s
Seed: 59
Generation Mode: none (0.0ms/token)
Features:
  - Phase-Aware Processing: Enabled
  - Multi-turn Conversations: Enabled
  - Prefix Caching: Enabled
  - RAG Workload: Disabled
  - Autoscaling: Disabled
  - QoS Support: Enabled (Interactive/Responsive/Batch)
  - Trace-Driven (BurstGPT): Disabled
  - ShareGPT Dataset: Disabled
  - Max Concurrent Allocations: 4 (bounds RAM usage)
================================================================================

User Context Length Distribution:
  Min: 700 tokens (218.75MiB)
  Max: 24962 tokens (7800.62MiB)
  Mean: 10481 tokens (3275.24MiB)

QoS Distribution:
  interactive: 8 users
  responsive: 32 users
  batch: 30 users

### MEMORY SAFETY CHECK ###
  Formula: peak = (workers x 2 x mean_entry_bytes) + baseline
         = (70 x 2 x 2500MiB) + 2.5GiB
         = 344.3GiB
  Available RAM: 986.9GiB
  Mean entry size: 2500MiB  (8000 tok x 327,680 B/tok)
  Peak per thread: 5000MiB  (np.load + np.array copy)
  Worker threads: 70
  Safe concurrent readers: ~201  = (available - baseline) / peak_per_thread
  Status: OK

Starting benchmark... Mode: standard (prefill+decode)
--------------------------------------------------------------------------------

================================================================================
BENCHMARK RESULTS - MLPerf KV Cache Storage Benchmark
Generation Mode: none (0.0ms/token)
================================================================================

IMPORTANT: All storage latencies below are measured per KV cache BLOCK,
not per token or per disk page.  Each block holds the full KV state for
one request (all layers, all heads, full sequence length).
  Model KV bytes/token: 327,680 bytes (320.0KiB)
  Entries in cache: 266
  Block size min:   106.2MiB
  Block size mean:  1634.6MiB
  Block size P95:   4935.5MiB
  Block size max:   7738.4MiB
  A 200MiB block at 1GiB/s NVMe read = ~200 ms device latency.
  Compare latencies against block sizes, not against 4KiB page I/O.


### OVERALL PERFORMANCE ###
Requests Completed: 253
Total Tokens Generated: 42215
Throughput (wall-clock): 140.66 tokens/sec
Throughput (storage I/O): 6.37 tokens/sec
Requests/sec: 0.84

### END-TO-END LATENCY (Queue Wait + Storage I/O + Generation) ###
  Mean: 193882.87 ms
  P50:  204725.80 ms
  P95:  336331.17 ms
  P99:  348356.74 ms

### PER-REQUEST STORAGE LATENCY (All I/O ops for one request) ###
  Mean: 26174.21 ms
  P50:  14210.26 ms
  P95:  88226.74 ms
  P99:  126562.38 ms
  (= 1 prefill write + N decode reads per request)

### STORAGE PERFORMANCE ###
  Cache Hit Rate: 77.3%
  Total Read: 1881.16GiB
  Total Write: 424.61GiB
  Read/Write Ratio: 4.43
  Storage KV Read Operations/sec: 4.78
  Storage KV Write Operations/sec: 0.89

### CACHE TIER DISTRIBUTION ###
  GPU Entries: 0 (0.00GiB)
  CPU Entries: 0 (0.00GiB)
  Storage Entries: 266

### TIER-SPECIFIC KV BYTES ###
  Storage KV Bytes Written: 424.61GiB
  Storage KV Bytes Read: 1881.16GiB

### STORAGE KV BANDWIDTH ###
  Storage KV Read Bandwidth: 6.27GiB/s
  Storage KV Write Bandwidth: 1.41GiB/s

### TIER-SPECIFIC LATENCIES (Total = Host + Device) ###
  Storage Read P95 (Total): 13108.52 ms
  Storage Write P95 (Total): 7681.98 ms

### STORAGE TIER LATENCY BREAKDOWN (Device = Disk I/O, Host = Serialization) ###
  Storage Read:
    - Device P95 (Disk I/O): 10802.84 ms
    - Host P95 (Serialization): 3243.72 ms
    - Total P95: 13108.52 ms
  Storage Write:
    - Device P95 (Disk I/O): 872.74 ms
    - Host P95 (Serialization): 7604.87 ms
    - Total P95: 7681.98 ms

### CACHE TYPE BREAKDOWNS ###
  System Prompt Hits: 268
  Common Phrase Hits: 0
  User Cache Hits: 1141
  Multi-turn Hits: 25

### PREFIX CACHING ###
  Prefix Hits: 52
  Prefix Misses: 214
  System Prompt Reuse: 52
  Bytes Saved: 0.10GiB

### MULTI-TURN CONVERSATIONS ###
  Multi-turn Cache Hits: 25
  Multi-turn Cache Misses: 369
  Multi-turn Hit Rate: 6.3%

### QOS LATENCY METRICS (Informational - includes simulated generation) ###

  INTERACTIVE:
    Requests: 193
    Latency P95: 340096.75 ms
    Latency P99: 349021.22 ms
    SLA Met: [X] (compliance: 0.0%)

  RESPONSIVE:
    Requests: 42
    Latency P95: 212740.72 ms
    Latency P99: 289389.26 ms
    SLA Met: [X] (compliance: 0.0%)

  BATCH:
    Requests: 18
    Latency P95: 203199.56 ms
    Latency P99: 245589.44 ms
    SLA Met: [X] (compliance: 0.0%)

================================================================================
NOTES:
  - Pure storage I/O benchmark (no generation simulation)
================================================================================

Integrated Multi-User KV Cache Benchmark - MLPerf Edition
Model: Llama 3.1 70B Instruct
GPU Memory: 0 GB
Users: 70
Duration: 300s
Seed: 90
Generation Mode: none (0.0ms/token)
Features:
  - Phase-Aware Processing: Enabled
  - Multi-turn Conversations: Enabled
  - Prefix Caching: Enabled
  - RAG Workload: Disabled
  - Autoscaling: Disabled
  - QoS Support: Enabled (Interactive/Responsive/Batch)
  - Trace-Driven (BurstGPT): Disabled
  - ShareGPT Dataset: Disabled
  - Max Concurrent Allocations: 4 (bounds RAM usage)
================================================================================

User Context Length Distribution:
  Min: 727 tokens (227.19MiB)
  Max: 24675 tokens (7710.94MiB)
  Mean: 8997 tokens (2811.42MiB)

QoS Distribution:
  interactive: 14 users
  responsive: 23 users
  batch: 33 users

### MEMORY SAFETY CHECK ###
  Formula: peak = (workers x 2 x mean_entry_bytes) + baseline
         = (70 x 2 x 2500MiB) + 2.5GiB
         = 344.3GiB
  Available RAM: 990.6GiB
  Mean entry size: 2500MiB  (8000 tok x 327,680 B/tok)
  Peak per thread: 5000MiB  (np.load + np.array copy)
  Worker threads: 70
  Safe concurrent readers: ~202  = (available - baseline) / peak_per_thread
  Status: OK

Starting benchmark... Mode: standard (prefill+decode)
--------------------------------------------------------------------------------

================================================================================
BENCHMARK RESULTS - MLPerf KV Cache Storage Benchmark
Generation Mode: none (0.0ms/token)
================================================================================

IMPORTANT: All storage latencies below are measured per KV cache BLOCK,
not per token or per disk page.  Each block holds the full KV state for
one request (all layers, all heads, full sequence length).
  Model KV bytes/token: 327,680 bytes (320.0KiB)
  Entries in cache: 266
  Block size min:   75.9MiB
  Block size mean:  1304.7MiB
  Block size P95:   3572.1MiB
  Block size max:   6525.6MiB
  A 200MiB block at 1GiB/s NVMe read = ~200 ms device latency.
  Compare latencies against block sizes, not against 4KiB page I/O.


### OVERALL PERFORMANCE ###
Requests Completed: 260
Total Tokens Generated: 40854
Throughput (wall-clock): 136.18 tokens/sec
Throughput (storage I/O): 5.16 tokens/sec
Requests/sec: 0.87

### END-TO-END LATENCY (Queue Wait + Storage I/O + Generation) ###
  Mean: 186196.32 ms
  P50:  191702.33 ms
  P95:  351308.43 ms
  P99:  359612.73 ms

### PER-REQUEST STORAGE LATENCY (All I/O ops for one request) ###
  Mean: 30443.96 ms
  P50:  19460.94 ms
  P95:  89907.60 ms
  P99:  145656.49 ms
  (= 1 prefill write + N decode reads per request)

### STORAGE PERFORMANCE ###
  Cache Hit Rate: 84.2%
  Total Read: 1856.04GiB
  Total Write: 338.91GiB
  Read/Write Ratio: 5.48
  Storage KV Read Operations/sec: 5.22
  Storage KV Write Operations/sec: 0.89

### CACHE TIER DISTRIBUTION ###
  GPU Entries: 0 (0.00GiB)
  CPU Entries: 0 (0.00GiB)
  Storage Entries: 266

### TIER-SPECIFIC KV BYTES ###
  Storage KV Bytes Written: 338.91GiB
  Storage KV Bytes Read: 1856.04GiB

### STORAGE KV BANDWIDTH ###
  Storage KV Read Bandwidth: 6.19GiB/s
  Storage KV Write Bandwidth: 1.13GiB/s

### TIER-SPECIFIC LATENCIES (Total = Host + Device) ###
  Storage Read P95 (Total): 13919.44 ms
  Storage Write P95 (Total): 9156.87 ms

### STORAGE TIER LATENCY BREAKDOWN (Device = Disk I/O, Host = Serialization) ###
  Storage Read:
    - Device P95 (Disk I/O): 10968.98 ms
    - Host P95 (Serialization): 4428.53 ms
    - Total P95: 13919.44 ms
  Storage Write:
    - Device P95 (Disk I/O): 215.72 ms
    - Host P95 (Serialization): 9156.86 ms
    - Total P95: 9156.87 ms

### CACHE TYPE BREAKDOWNS ###
  System Prompt Hits: 381
  Common Phrase Hits: 0
  User Cache Hits: 1153
  Multi-turn Hits: 31

### PREFIX CACHING ###
  Prefix Hits: 65
  Prefix Misses: 201
  System Prompt Reuse: 65
  Bytes Saved: 0.13GiB

### MULTI-TURN CONVERSATIONS ###
  Multi-turn Cache Hits: 31
  Multi-turn Cache Misses: 229
  Multi-turn Hit Rate: 11.9%

### QOS LATENCY METRICS (Informational - includes simulated generation) ###

  INTERACTIVE:
    Requests: 207
    Latency P95: 351958.91 ms
    Latency P99: 359913.54 ms
    SLA Met: [X] (compliance: 0.0%)

  RESPONSIVE:
    Requests: 27
    Latency P95: 257415.69 ms
    Latency P99: 276187.03 ms
    SLA Met: [X] (compliance: 0.0%)

  BATCH:
    Requests: 26
    Latency P95: 119573.88 ms
    Latency P99: 181824.40 ms
    SLA Met: [X] (compliance: 0.0%)

================================================================================
NOTES:
  - Pure storage I/O benchmark (no generation simulation)
================================================================================

Integrated Multi-User KV Cache Benchmark - MLPerf Edition
Model: Llama 3.1 70B Instruct
GPU Memory: 0 GB
Users: 70
Duration: 300s
Seed: 47
Generation Mode: none (0.0ms/token)
Features:
  - Phase-Aware Processing: Enabled
  - Multi-turn Conversations: Enabled
  - Prefix Caching: Enabled
  - RAG Workload: Disabled
  - Autoscaling: Disabled
  - QoS Support: Enabled (Interactive/Responsive/Batch)
  - Trace-Driven (BurstGPT): Disabled
  - ShareGPT Dataset: Disabled
  - Max Concurrent Allocations: 4 (bounds RAM usage)
================================================================================

User Context Length Distribution:
  Min: 732 tokens (228.75MiB)
  Max: 24732 tokens (7728.75MiB)
  Mean: 9578 tokens (2993.21MiB)

QoS Distribution:
  interactive: 13 users
  responsive: 15 users
  batch: 42 users

### MEMORY SAFETY CHECK ###
  Formula: peak = (workers x 2 x mean_entry_bytes) + baseline
         = (70 x 2 x 2500MiB) + 2.5GiB
         = 344.3GiB
  Available RAM: 990.4GiB
  Mean entry size: 2500MiB  (8000 tok x 327,680 B/tok)
  Peak per thread: 5000MiB  (np.load + np.array copy)
  Worker threads: 70
  Safe concurrent readers: ~202  = (available - baseline) / peak_per_thread
  Status: OK

Starting benchmark... Mode: standard (prefill+decode)
--------------------------------------------------------------------------------

================================================================================
BENCHMARK RESULTS - MLPerf KV Cache Storage Benchmark
Generation Mode: none (0.0ms/token)
================================================================================

IMPORTANT: All storage latencies below are measured per KV cache BLOCK,
not per token or per disk page.  Each block holds the full KV state for
one request (all layers, all heads, full sequence length).
  Model KV bytes/token: 327,680 bytes (320.0KiB)
  Entries in cache: 260
  Block size min:   65.0MiB
  Block size mean:  1323.9MiB
  Block size P95:   5173.6MiB
  Block size max:   7240.3MiB
  A 200MiB block at 1GiB/s NVMe read = ~200 ms device latency.
  Compare latencies against block sizes, not against 4KiB page I/O.


### OVERALL PERFORMANCE ###
Requests Completed: 248
Total Tokens Generated: 34100
Throughput (wall-clock): 113.61 tokens/sec
Throughput (storage I/O): 5.50 tokens/sec
Requests/sec: 0.83

### END-TO-END LATENCY (Queue Wait + Storage I/O + Generation) ###
  Mean: 182983.64 ms
  P50:  179313.95 ms
  P95:  348074.43 ms
  P99:  358216.12 ms

### PER-REQUEST STORAGE LATENCY (All I/O ops for one request) ###
  Mean: 25020.80 ms
  P50:  13047.86 ms
  P95:  93246.75 ms
  P99:  148880.09 ms
  (= 1 prefill write + N decode reads per request)

### STORAGE PERFORMANCE ###
  Cache Hit Rate: 82.5%
  Total Read: 1372.37GiB
  Total Write: 336.15GiB
  Read/Write Ratio: 4.08
  Storage KV Read Operations/sec: 4.56
  Storage KV Write Operations/sec: 0.87

### CACHE TIER DISTRIBUTION ###
  GPU Entries: 0 (0.00GiB)
  CPU Entries: 0 (0.00GiB)
  Storage Entries: 260

### TIER-SPECIFIC KV BYTES ###
  Storage KV Bytes Written: 336.15GiB
  Storage KV Bytes Read: 1372.37GiB

### STORAGE KV BANDWIDTH ###
  Storage KV Read Bandwidth: 4.57GiB/s
  Storage KV Write Bandwidth: 1.12GiB/s

### TIER-SPECIFIC LATENCIES (Total = Host + Device) ###
  Storage Read P95 (Total): 16326.06 ms
  Storage Write P95 (Total): 9924.44 ms

### STORAGE TIER LATENCY BREAKDOWN (Device = Disk I/O, Host = Serialization) ###
  Storage Read:
    - Device P95 (Disk I/O): 12536.54 ms
    - Host P95 (Serialization): 6328.75 ms
    - Total P95: 16326.06 ms
  Storage Write:
    - Device P95 (Disk I/O): 535.04 ms
    - Host P95 (Serialization): 9834.40 ms
    - Total P95: 9924.44 ms

### CACHE TYPE BREAKDOWNS ###
  System Prompt Hits: 263
  Common Phrase Hits: 0
  User Cache Hits: 1084
  Multi-turn Hits: 22

### PREFIX CACHING ###
  Prefix Hits: 50
  Prefix Misses: 210
  System Prompt Reuse: 50
  Bytes Saved: 0.10GiB

### MULTI-TURN CONVERSATIONS ###
  Multi-turn Cache Hits: 22
  Multi-turn Cache Misses: 240
  Multi-turn Hit Rate: 8.4%

### QOS LATENCY METRICS (Informational - includes simulated generation) ###

  INTERACTIVE:
    Requests: 193
    Latency P95: 352964.25 ms
    Latency P99: 358657.42 ms
    SLA Met: [X] (compliance: 0.0%)

  RESPONSIVE:
    Requests: 20
    Latency P95: 104072.42 ms
    Latency P99: 145372.36 ms
    SLA Met: [X] (compliance: 0.0%)

  BATCH:
    Requests: 35
    Latency P95: 173474.90 ms
    Latency P99: 210128.72 ms
    SLA Met: [X] (compliance: 0.0%)

================================================================================
NOTES:
  - Pure storage I/O benchmark (no generation simulation)
================================================================================

Integrated Multi-User KV Cache Benchmark - MLPerf Edition
Model: Llama 3.1 70B Instruct
GPU Memory: 0 GB
Users: 70
Duration: 300s
Seed: 138
Generation Mode: none (0.0ms/token)
Features:
  - Phase-Aware Processing: Enabled
  - Multi-turn Conversations: Enabled
  - Prefix Caching: Enabled
  - RAG Workload: Disabled
  - Autoscaling: Disabled
  - QoS Support: Enabled (Interactive/Responsive/Batch)
  - Trace-Driven (BurstGPT): Disabled
  - ShareGPT Dataset: Disabled
  - Max Concurrent Allocations: 4 (bounds RAM usage)
================================================================================

User Context Length Distribution:
  Min: 776 tokens (242.50MiB)
  Max: 22707 tokens (7095.94MiB)
  Mean: 8176 tokens (2555.01MiB)

QoS Distribution:
  interactive: 11 users
  responsive: 18 users
  batch: 41 users

### MEMORY SAFETY CHECK ###
  Formula: peak = (workers x 2 x mean_entry_bytes) + baseline
         = (70 x 2 x 2500MiB) + 2.5GiB
         = 344.3GiB
  Available RAM: 990.8GiB
  Mean entry size: 2500MiB  (8000 tok x 327,680 B/tok)
  Peak per thread: 5000MiB  (np.load + np.array copy)
  Worker threads: 70
  Safe concurrent readers: ~202  = (available - baseline) / peak_per_thread
  Status: OK

Starting benchmark... Mode: standard (prefill+decode)
--------------------------------------------------------------------------------

================================================================================
BENCHMARK RESULTS - MLPerf KV Cache Storage Benchmark
Generation Mode: none (0.0ms/token)
================================================================================

IMPORTANT: All storage latencies below are measured per KV cache BLOCK,
not per token or per disk page.  Each block holds the full KV state for
one request (all layers, all heads, full sequence length).
  Model KV bytes/token: 327,680 bytes (320.0KiB)
  Entries in cache: 309
  Block size min:   117.8MiB
  Block size mean:  1068.8MiB
  Block size P95:   3455.4MiB
  Block size max:   5827.8MiB
  A 200MiB block at 1GiB/s NVMe read = ~200 ms device latency.
  Compare latencies against block sizes, not against 4KiB page I/O.


### OVERALL PERFORMANCE ###
Requests Completed: 298
Total Tokens Generated: 46458
Throughput (wall-clock): 154.64 tokens/sec
Throughput (storage I/O): 6.19 tokens/sec
Requests/sec: 0.99

### END-TO-END LATENCY (Queue Wait + Storage I/O + Generation) ###
  Mean: 172811.97 ms
  P50:  166444.95 ms
  P95:  337806.97 ms
  P99:  354862.31 ms

### PER-REQUEST STORAGE LATENCY (All I/O ops for one request) ###
  Mean: 25197.51 ms
  P50:  13646.50 ms
  P95:  92208.86 ms
  P99:  162972.10 ms
  (= 1 prefill write + N decode reads per request)

### STORAGE PERFORMANCE ###
  Cache Hit Rate: 79.6%
  Total Read: 1942.96GiB
  Total Write: 322.50GiB
  Read/Write Ratio: 6.02
  Storage KV Read Operations/sec: 5.96
  Storage KV Write Operations/sec: 1.03

### CACHE TIER DISTRIBUTION ###
  GPU Entries: 0 (0.00GiB)
  CPU Entries: 0 (0.00GiB)
  Storage Entries: 309

### TIER-SPECIFIC KV BYTES ###
  Storage KV Bytes Written: 322.50GiB
  Storage KV Bytes Read: 1942.96GiB

### STORAGE KV BANDWIDTH ###
  Storage KV Read Bandwidth: 6.47GiB/s
  Storage KV Write Bandwidth: 1.07GiB/s

### TIER-SPECIFIC LATENCIES (Total = Host + Device) ###
  Storage Read P95 (Total): 13742.57 ms
  Storage Write P95 (Total): 6664.42 ms

### STORAGE TIER LATENCY BREAKDOWN (Device = Disk I/O, Host = Serialization) ###
  Storage Read:
    - Device P95 (Disk I/O): 10379.23 ms
    - Host P95 (Serialization): 3283.02 ms
    - Total P95: 13742.57 ms
  Storage Write:
    - Device P95 (Disk I/O): 517.15 ms
    - Host P95 (Serialization): 6664.39 ms
    - Total P95: 6664.42 ms

### CACHE TYPE BREAKDOWNS ###
  System Prompt Hits: 439
  Common Phrase Hits: 0
  User Cache Hits: 1317
  Multi-turn Hits: 33

### PREFIX CACHING ###
  Prefix Hits: 68
  Prefix Misses: 241
  System Prompt Reuse: 68
  Bytes Saved: 0.13GiB

### MULTI-TURN CONVERSATIONS ###
  Multi-turn Cache Hits: 33
  Multi-turn Cache Misses: 391
  Multi-turn Hit Rate: 7.8%

### QOS LATENCY METRICS (Informational - includes simulated generation) ###

  INTERACTIVE:
    Requests: 246
    Latency P95: 340224.12 ms
    Latency P99: 355758.56 ms
    SLA Met: [X] (compliance: 0.0%)

  RESPONSIVE:
    Requests: 22
    Latency P95: 90360.53 ms
    Latency P99: 98750.35 ms
    SLA Met: [X] (compliance: 0.0%)

  BATCH:
    Requests: 30
    Latency P95: 117562.26 ms
    Latency P99: 155933.78 ms
    SLA Met: [X] (compliance: 0.0%)

================================================================================
NOTES:
  - Pure storage I/O benchmark (no generation simulation)
================================================================================

Integrated Multi-User KV Cache Benchmark - MLPerf Edition
Model: Llama 3.1 70B Instruct
GPU Memory: 0 GB
Users: 70
Duration: 300s
Seed: 188
Generation Mode: none (0.0ms/token)
Features:
  - Phase-Aware Processing: Enabled
  - Multi-turn Conversations: Enabled
  - Prefix Caching: Enabled
  - RAG Workload: Disabled
  - Autoscaling: Disabled
  - QoS Support: Enabled (Interactive/Responsive/Batch)
  - Trace-Driven (BurstGPT): Disabled
  - ShareGPT Dataset: Disabled
  - Max Concurrent Allocations: 4 (bounds RAM usage)
================================================================================

User Context Length Distribution:
  Min: 619 tokens (193.44MiB)
  Max: 24462 tokens (7644.38MiB)
  Mean: 8641 tokens (2700.24MiB)

QoS Distribution:
  interactive: 9 users
  responsive: 26 users
  batch: 35 users

### MEMORY SAFETY CHECK ###
  Formula: peak = (workers x 2 x mean_entry_bytes) + baseline
         = (70 x 2 x 2500MiB) + 2.5GiB
         = 344.3GiB
  Available RAM: 990.0GiB
  Mean entry size: 2500MiB  (8000 tok x 327,680 B/tok)
  Peak per thread: 5000MiB  (np.load + np.array copy)
  Worker threads: 70
  Safe concurrent readers: ~202  = (available - baseline) / peak_per_thread
  Status: OK

Starting benchmark... Mode: standard (prefill+decode)
--------------------------------------------------------------------------------

================================================================================
BENCHMARK RESULTS - MLPerf KV Cache Storage Benchmark
Generation Mode: none (0.0ms/token)
================================================================================

IMPORTANT: All storage latencies below are measured per KV cache BLOCK,
not per token or per disk page.  Each block holds the full KV state for
one request (all layers, all heads, full sequence length).
  Model KV bytes/token: 327,680 bytes (320.0KiB)
  Entries in cache: 330
  Block size min:   52.8MiB
  Block size mean:  1180.1MiB
  Block size P95:   3682.0MiB
  Block size max:   7061.6MiB
  A 200MiB block at 1GiB/s NVMe read = ~200 ms device latency.
  Compare latencies against block sizes, not against 4KiB page I/O.


### OVERALL PERFORMANCE ###
Requests Completed: 320
Total Tokens Generated: 41691
Throughput (wall-clock): 138.97 tokens/sec
Throughput (storage I/O): 6.22 tokens/sec
Requests/sec: 1.07

### END-TO-END LATENCY (Queue Wait + Storage I/O + Generation) ###
  Mean: 180091.11 ms
  P50:  183182.16 ms
  P95:  320480.92 ms
  P99:  342834.11 ms

### PER-REQUEST STORAGE LATENCY (All I/O ops for one request) ###
  Mean: 20937.62 ms
  P50:  9839.37 ms
  P95:  79002.29 ms
  P99:  128836.19 ms
  (= 1 prefill write + N decode reads per request)

### STORAGE PERFORMANCE ###
  Cache Hit Rate: 79.6%
  Total Read: 1844.50GiB
  Total Write: 380.32GiB
  Read/Write Ratio: 4.85
  Storage KV Read Operations/sec: 5.29
  Storage KV Write Operations/sec: 1.10

### CACHE TIER DISTRIBUTION ###
  GPU Entries: 0 (0.00GiB)
  CPU Entries: 0 (0.00GiB)
  Storage Entries: 330

### TIER-SPECIFIC KV BYTES ###
  Storage KV Bytes Written: 380.32GiB
  Storage KV Bytes Read: 1844.50GiB

### STORAGE KV BANDWIDTH ###
  Storage KV Read Bandwidth: 6.15GiB/s
  Storage KV Write Bandwidth: 1.27GiB/s

### TIER-SPECIFIC LATENCIES (Total = Host + Device) ###
  Storage Read P95 (Total): 12576.88 ms
  Storage Write P95 (Total): 6982.54 ms

### STORAGE TIER LATENCY BREAKDOWN (Device = Disk I/O, Host = Serialization) ###
  Storage Read:
    - Device P95 (Disk I/O): 9490.87 ms
    - Host P95 (Serialization): 3793.11 ms
    - Total P95: 12576.88 ms
  Storage Write:
    - Device P95 (Disk I/O): 660.99 ms
    - Host P95 (Serialization): 6451.61 ms
    - Total P95: 6982.54 ms

### CACHE TYPE BREAKDOWNS ###
  System Prompt Hits: 269
  Common Phrase Hits: 0
  User Cache Hits: 1292
  Multi-turn Hits: 26

### PREFIX CACHING ###
  Prefix Hits: 59
  Prefix Misses: 271
  System Prompt Reuse: 59
  Bytes Saved: 0.12GiB

### MULTI-TURN CONVERSATIONS ###
  Multi-turn Cache Hits: 26
  Multi-turn Cache Misses: 347
  Multi-turn Hit Rate: 7.0%

### QOS LATENCY METRICS (Informational - includes simulated generation) ###

  INTERACTIVE:
    Requests: 260
    Latency P95: 326192.60 ms
    Latency P99: 343911.60 ms
    SLA Met: [X] (compliance: 0.0%)

  RESPONSIVE:
    Requests: 27
    Latency P95: 139995.93 ms
    Latency P99: 204587.86 ms
    SLA Met: [X] (compliance: 0.0%)

  BATCH:
    Requests: 33
    Latency P95: 185084.39 ms
    Latency P99: 249442.03 ms
    SLA Met: [X] (compliance: 0.0%)

================================================================================
NOTES:
  - Pure storage I/O benchmark (no generation simulation)
================================================================================

Integrated Multi-User KV Cache Benchmark - MLPerf Edition
Model: Llama 3.1 70B Instruct
GPU Memory: 0 GB
Users: 70
Duration: 300s
Seed: 96
Generation Mode: none (0.0ms/token)
Features:
  - Phase-Aware Processing: Enabled
  - Multi-turn Conversations: Enabled
  - Prefix Caching: Enabled
  - RAG Workload: Disabled
  - Autoscaling: Disabled
  - QoS Support: Enabled (Interactive/Responsive/Batch)
  - Trace-Driven (BurstGPT): Disabled
  - ShareGPT Dataset: Disabled
  - Max Concurrent Allocations: 4 (bounds RAM usage)
================================================================================

User Context Length Distribution:
  Min: 527 tokens (164.69MiB)
  Max: 23010 tokens (7190.62MiB)
  Mean: 9514 tokens (2973.27MiB)

QoS Distribution:
  interactive: 11 users
  responsive: 24 users
  batch: 35 users

### MEMORY SAFETY CHECK ###
  Formula: peak = (workers x 2 x mean_entry_bytes) + baseline
         = (70 x 2 x 2500MiB) + 2.5GiB
         = 344.3GiB
  Available RAM: 988.6GiB
  Mean entry size: 2500MiB  (8000 tok x 327,680 B/tok)
  Peak per thread: 5000MiB  (np.load + np.array copy)
  Worker threads: 70
  Safe concurrent readers: ~201  = (available - baseline) / peak_per_thread
  Status: OK

Starting benchmark... Mode: standard (prefill+decode)
--------------------------------------------------------------------------------

================================================================================
BENCHMARK RESULTS - MLPerf KV Cache Storage Benchmark
Generation Mode: none (0.0ms/token)
================================================================================

IMPORTANT: All storage latencies below are measured per KV cache BLOCK,
not per token or per disk page.  Each block holds the full KV state for
one request (all layers, all heads, full sequence length).
  Model KV bytes/token: 327,680 bytes (320.0KiB)
  Entries in cache: 257
  Block size min:   41.6MiB
  Block size mean:  1437.3MiB
  Block size P95:   4370.2MiB
  Block size max:   6396.2MiB
  A 200MiB block at 1GiB/s NVMe read = ~200 ms device latency.
  Compare latencies against block sizes, not against 4KiB page I/O.


### OVERALL PERFORMANCE ###
Requests Completed: 249
Total Tokens Generated: 33235
Throughput (wall-clock): 110.78 tokens/sec
Throughput (storage I/O): 5.33 tokens/sec
Requests/sec: 0.83

### END-TO-END LATENCY (Queue Wait + Storage I/O + Generation) ###
  Mean: 186000.83 ms
  P50:  181379.84 ms
  P95:  352165.64 ms
  P99:  359423.55 ms

### PER-REQUEST STORAGE LATENCY (All I/O ops for one request) ###
  Mean: 25062.68 ms
  P50:  14521.46 ms
  P95:  92725.70 ms
  P99:  137556.21 ms
  (= 1 prefill write + N decode reads per request)

### STORAGE PERFORMANCE ###
  Cache Hit Rate: 71.5%
  Total Read: 1424.85GiB
  Total Write: 360.72GiB
  Read/Write Ratio: 3.95
  Storage KV Read Operations/sec: 4.00
  Storage KV Write Operations/sec: 0.86

### CACHE TIER DISTRIBUTION ###
  GPU Entries: 0 (0.00GiB)
  CPU Entries: 0 (0.00GiB)
  Storage Entries: 257

### TIER-SPECIFIC KV BYTES ###
  Storage KV Bytes Written: 360.72GiB
  Storage KV Bytes Read: 1424.85GiB

### STORAGE KV BANDWIDTH ###
  Storage KV Read Bandwidth: 4.75GiB/s
  Storage KV Write Bandwidth: 1.20GiB/s

### TIER-SPECIFIC LATENCIES (Total = Host + Device) ###
  Storage Read P95 (Total): 15830.83 ms
  Storage Write P95 (Total): 9376.23 ms

### STORAGE TIER LATENCY BREAKDOWN (Device = Disk I/O, Host = Serialization) ###
  Storage Read:
    - Device P95 (Disk I/O): 13820.44 ms
    - Host P95 (Serialization): 4094.56 ms
    - Total P95: 15830.83 ms
  Storage Write:
    - Device P95 (Disk I/O): 421.04 ms
    - Host P95 (Serialization): 9364.89 ms
    - Total P95: 9376.23 ms

### CACHE TYPE BREAKDOWNS ###
  System Prompt Hits: 218
  Common Phrase Hits: 0
  User Cache Hits: 917
  Multi-turn Hits: 65

### PREFIX CACHING ###
  Prefix Hits: 46
  Prefix Misses: 211
  System Prompt Reuse: 46
  Bytes Saved: 0.09GiB

### MULTI-TURN CONVERSATIONS ###
  Multi-turn Cache Hits: 65
  Multi-turn Cache Misses: 433
  Multi-turn Hit Rate: 13.1%

### QOS LATENCY METRICS (Informational - includes simulated generation) ###

  INTERACTIVE:
    Requests: 194
    Latency P95: 353700.03 ms
    Latency P99: 359759.58 ms
    SLA Met: [X] (compliance: 0.0%)

  RESPONSIVE:
    Requests: 21
    Latency P95: 121977.74 ms
    Latency P99: 131576.78 ms
    SLA Met: [X] (compliance: 0.0%)

  BATCH:
    Requests: 34
    Latency P95: 147775.32 ms
    Latency P99: 183542.80 ms
    SLA Met: [X] (compliance: 0.0%)

================================================================================
NOTES:
  - Pure storage I/O benchmark (no generation simulation)
================================================================================

Integrated Multi-User KV Cache Benchmark - MLPerf Edition
Model: Llama 3.1 70B Instruct
GPU Memory: 0 GB
Users: 70
Duration: 300s
Seed: 225
Generation Mode: none (0.0ms/token)
Features:
  - Phase-Aware Processing: Enabled
  - Multi-turn Conversations: Enabled
  - Prefix Caching: Enabled
  - RAG Workload: Disabled
  - Autoscaling: Disabled
  - QoS Support: Enabled (Interactive/Responsive/Batch)
  - Trace-Driven (BurstGPT): Disabled
  - ShareGPT Dataset: Disabled
  - Max Concurrent Allocations: 4 (bounds RAM usage)
================================================================================

User Context Length Distribution:
  Min: 608 tokens (190.00MiB)
  Max: 24192 tokens (7560.00MiB)
  Mean: 8052 tokens (2516.11MiB)

QoS Distribution:
  interactive: 11 users
  responsive: 25 users
  batch: 34 users

### MEMORY SAFETY CHECK ###
  Formula: peak = (workers x 2 x mean_entry_bytes) + baseline
         = (70 x 2 x 2500MiB) + 2.5GiB
         = 344.3GiB
  Available RAM: 988.5GiB
  Mean entry size: 2500MiB  (8000 tok x 327,680 B/tok)
  Peak per thread: 5000MiB  (np.load + np.array copy)
  Worker threads: 70
  Safe concurrent readers: ~201  = (available - baseline) / peak_per_thread
  Status: OK

Starting benchmark... Mode: standard (prefill+decode)
--------------------------------------------------------------------------------

================================================================================
BENCHMARK RESULTS - MLPerf KV Cache Storage Benchmark
Generation Mode: none (0.0ms/token)
================================================================================

IMPORTANT: All storage latencies below are measured per KV cache BLOCK,
not per token or per disk page.  Each block holds the full KV state for
one request (all layers, all heads, full sequence length).
  Model KV bytes/token: 327,680 bytes (320.0KiB)
  Entries in cache: 271
  Block size min:   76.6MiB
  Block size mean:  1173.7MiB
  Block size P95:   3394.1MiB
  Block size max:   7012.8MiB
  A 200MiB block at 1GiB/s NVMe read = ~200 ms device latency.
  Compare latencies against block sizes, not against 4KiB page I/O.


### OVERALL PERFORMANCE ###
Requests Completed: 259
Total Tokens Generated: 44454
Throughput (wall-clock): 148.17 tokens/sec
Throughput (storage I/O): 5.16 tokens/sec
Requests/sec: 0.86

### END-TO-END LATENCY (Queue Wait + Storage I/O + Generation) ###
  Mean: 198111.62 ms
  P50:  222948.34 ms
  P95:  346934.61 ms
  P99:  359510.80 ms

### PER-REQUEST STORAGE LATENCY (All I/O ops for one request) ###
  Mean: 33292.02 ms
  P50:  13173.86 ms
  P95:  121682.70 ms
  P99:  145679.19 ms
  (= 1 prefill write + N decode reads per request)

### STORAGE PERFORMANCE ###
  Cache Hit Rate: 82.0%
  Total Read: 2225.40GiB
  Total Write: 310.63GiB
  Read/Write Ratio: 7.16
  Storage KV Read Operations/sec: 5.85
  Storage KV Write Operations/sec: 0.90

### CACHE TIER DISTRIBUTION ###
  GPU Entries: 0 (0.00GiB)
  CPU Entries: 0 (0.00GiB)
  Storage Entries: 271

### TIER-SPECIFIC KV BYTES ###
  Storage KV Bytes Written: 310.63GiB
  Storage KV Bytes Read: 2225.40GiB

### STORAGE KV BANDWIDTH ###
  Storage KV Read Bandwidth: 7.42GiB/s
  Storage KV Write Bandwidth: 1.04GiB/s

### TIER-SPECIFIC LATENCIES (Total = Host + Device) ###
  Storage Read P95 (Total): 12631.87 ms
  Storage Write P95 (Total): 10071.78 ms

### STORAGE TIER LATENCY BREAKDOWN (Device = Disk I/O, Host = Serialization) ###
  Storage Read:
    - Device P95 (Disk I/O): 10143.93 ms
    - Host P95 (Serialization): 3800.02 ms
    - Total P95: 12631.87 ms
  Storage Write:
    - Device P95 (Disk I/O): 592.87 ms
    - Host P95 (Serialization): 7253.62 ms
    - Total P95: 10071.78 ms

### CACHE TYPE BREAKDOWNS ###
  System Prompt Hits: 377
  Common Phrase Hits: 0
  User Cache Hits: 1353
  Multi-turn Hits: 26

### PREFIX CACHING ###
  Prefix Hits: 54
  Prefix Misses: 217
  System Prompt Reuse: 54
  Bytes Saved: 0.11GiB

### MULTI-TURN CONVERSATIONS ###
  Multi-turn Cache Hits: 26
  Multi-turn Cache Misses: 331
  Multi-turn Hit Rate: 7.3%

### QOS LATENCY METRICS (Informational - includes simulated generation) ###

  INTERACTIVE:
    Requests: 205
    Latency P95: 352312.87 ms
    Latency P99: 361461.43 ms
    SLA Met: [X] (compliance: 0.0%)

  RESPONSIVE:
    Requests: 26
    Latency P95: 134141.54 ms
    Latency P99: 138158.66 ms
    SLA Met: [X] (compliance: 0.0%)

  BATCH:
    Requests: 28
    Latency P95: 222090.89 ms
    Latency P99: 273428.40 ms
    SLA Met: [X] (compliance: 0.0%)

================================================================================
NOTES:
  - Pure storage I/O benchmark (no generation simulation)
================================================================================

Integrated Multi-User KV Cache Benchmark - MLPerf Edition
Model: Llama 3.1 70B Instruct
GPU Memory: 0 GB
Users: 70
Duration: 300s
Seed: 62
Generation Mode: none (0.0ms/token)
Features:
  - Phase-Aware Processing: Enabled
  - Multi-turn Conversations: Enabled
  - Prefix Caching: Enabled
  - RAG Workload: Disabled
  - Autoscaling: Disabled
  - QoS Support: Enabled (Interactive/Responsive/Batch)
  - Trace-Driven (BurstGPT): Disabled
  - ShareGPT Dataset: Disabled
  - Max Concurrent Allocations: 4 (bounds RAM usage)
================================================================================

User Context Length Distribution:
  Min: 781 tokens (244.06MiB)
  Max: 24210 tokens (7565.62MiB)
  Mean: 9906 tokens (3095.75MiB)

QoS Distribution:
  interactive: 10 users
  responsive: 30 users
  batch: 30 users

### MEMORY SAFETY CHECK ###
  Formula: peak = (workers x 2 x mean_entry_bytes) + baseline
         = (70 x 2 x 2500MiB) + 2.5GiB
         = 344.3GiB
  Available RAM: 989.9GiB
  Mean entry size: 2500MiB  (8000 tok x 327,680 B/tok)
  Peak per thread: 5000MiB  (np.load + np.array copy)
  Worker threads: 70
  Safe concurrent readers: ~202  = (available - baseline) / peak_per_thread
  Status: OK

Starting benchmark... Mode: standard (prefill+decode)
--------------------------------------------------------------------------------

================================================================================
BENCHMARK RESULTS - MLPerf KV Cache Storage Benchmark
Generation Mode: none (0.0ms/token)
================================================================================

IMPORTANT: All storage latencies below are measured per KV cache BLOCK,
not per token or per disk page.  Each block holds the full KV state for
one request (all layers, all heads, full sequence length).
  Model KV bytes/token: 327,680 bytes (320.0KiB)
  Entries in cache: 271
  Block size min:   98.1MiB
  Block size mean:  1177.2MiB
  Block size P95:   4026.4MiB
  Block size max:   6157.2MiB
  A 200MiB block at 1GiB/s NVMe read = ~200 ms device latency.
  Compare latencies against block sizes, not against 4KiB page I/O.


### OVERALL PERFORMANCE ###
Requests Completed: 263
Total Tokens Generated: 35633
Throughput (wall-clock): 118.51 tokens/sec
Throughput (storage I/O): 4.94 tokens/sec
Requests/sec: 0.87

### END-TO-END LATENCY (Queue Wait + Storage I/O + Generation) ###
  Mean: 184816.61 ms
  P50:  176496.55 ms
  P95:  340361.91 ms
  P99:  348408.37 ms

### PER-REQUEST STORAGE LATENCY (All I/O ops for one request) ###
  Mean: 27400.63 ms
  P50:  13999.80 ms
  P95:  91428.14 ms
  P99:  157977.94 ms
  (= 1 prefill write + N decode reads per request)

### STORAGE PERFORMANCE ###
  Cache Hit Rate: 89.1%
  Total Read: 1671.99GiB
  Total Write: 311.55GiB
  Read/Write Ratio: 5.37
  Storage KV Read Operations/sec: 4.77
  Storage KV Write Operations/sec: 0.90

### CACHE TIER DISTRIBUTION ###
  GPU Entries: 0 (0.00GiB)
  CPU Entries: 0 (0.00GiB)
  Storage Entries: 271

### TIER-SPECIFIC KV BYTES ###
  Storage KV Bytes Written: 311.55GiB
  Storage KV Bytes Read: 1671.99GiB

### STORAGE KV BANDWIDTH ###
  Storage KV Read Bandwidth: 5.56GiB/s
  Storage KV Write Bandwidth: 1.04GiB/s

### TIER-SPECIFIC LATENCIES (Total = Host + Device) ###
  Storage Read P95 (Total): 15544.78 ms
  Storage Write P95 (Total): 10890.66 ms

### STORAGE TIER LATENCY BREAKDOWN (Device = Disk I/O, Host = Serialization) ###
  Storage Read:
    - Device P95 (Disk I/O): 12363.69 ms
    - Host P95 (Serialization): 4039.77 ms
    - Total P95: 15544.78 ms
  Storage Write:
    - Device P95 (Disk I/O): 595.34 ms
    - Host P95 (Serialization): 10588.38 ms
    - Total P95: 10890.66 ms

### CACHE TYPE BREAKDOWNS ###
  System Prompt Hits: 301
  Common Phrase Hits: 0
  User Cache Hits: 1117
  Multi-turn Hits: 12

### PREFIX CACHING ###
  Prefix Hits: 57
  Prefix Misses: 214
  System Prompt Reuse: 57
  Bytes Saved: 0.11GiB

### MULTI-TURN CONVERSATIONS ###
  Multi-turn Cache Hits: 12
  Multi-turn Cache Misses: 118
  Multi-turn Hit Rate: 9.2%

### QOS LATENCY METRICS (Informational - includes simulated generation) ###

  INTERACTIVE:
    Requests: 203
    Latency P95: 343142.48 ms
    Latency P99: 349526.36 ms
    SLA Met: [X] (compliance: 0.0%)

  RESPONSIVE:
    Requests: 30
    Latency P95: 175422.54 ms
    Latency P99: 273752.54 ms
    SLA Met: [X] (compliance: 0.0%)

  BATCH:
    Requests: 30
    Latency P95: 208265.01 ms
    Latency P99: 285921.84 ms
    SLA Met: [X] (compliance: 0.0%)

================================================================================
NOTES:
  - Pure storage I/O benchmark (no generation simulation)
================================================================================

Integrated Multi-User KV Cache Benchmark - MLPerf Edition
Model: Llama 3.1 70B Instruct
GPU Memory: 0 GB
Users: 70
Duration: 300s
Seed: 74
Generation Mode: none (0.0ms/token)
Features:
  - Phase-Aware Processing: Enabled
  - Multi-turn Conversations: Enabled
  - Prefix Caching: Enabled
  - RAG Workload: Disabled
  - Autoscaling: Disabled
  - QoS Support: Enabled (Interactive/Responsive/Batch)
  - Trace-Driven (BurstGPT): Disabled
  - ShareGPT Dataset: Disabled
  - Max Concurrent Allocations: 4 (bounds RAM usage)
================================================================================

User Context Length Distribution:
  Min: 944 tokens (295.00MiB)
  Max: 23947 tokens (7483.44MiB)
  Mean: 9013 tokens (2816.45MiB)

QoS Distribution:
  interactive: 12 users
  responsive: 22 users
  batch: 36 users

### MEMORY SAFETY CHECK ###
  Formula: peak = (workers x 2 x mean_entry_bytes) + baseline
         = (70 x 2 x 2500MiB) + 2.5GiB
         = 344.3GiB
  Available RAM: 989.2GiB
  Mean entry size: 2500MiB  (8000 tok x 327,680 B/tok)
  Peak per thread: 5000MiB  (np.load + np.array copy)
  Worker threads: 70
  Safe concurrent readers: ~202  = (available - baseline) / peak_per_thread
  Status: OK

Starting benchmark... Mode: standard (prefill+decode)
--------------------------------------------------------------------------------

================================================================================
BENCHMARK RESULTS - MLPerf KV Cache Storage Benchmark
Generation Mode: none (0.0ms/token)
================================================================================

IMPORTANT: All storage latencies below are measured per KV cache BLOCK,
not per token or per disk page.  Each block holds the full KV state for
one request (all layers, all heads, full sequence length).
  Model KV bytes/token: 327,680 bytes (320.0KiB)
  Entries in cache: 245
  Block size min:   98.1MiB
  Block size mean:  1353.5MiB
  Block size P95:   3266.9MiB
  Block size max:   6197.2MiB
  A 200MiB block at 1GiB/s NVMe read = ~200 ms device latency.
  Compare latencies against block sizes, not against 4KiB page I/O.


### OVERALL PERFORMANCE ###
Requests Completed: 237
Total Tokens Generated: 43478
Throughput (wall-clock): 142.94 tokens/sec
Throughput (storage I/O): 4.61 tokens/sec
Requests/sec: 0.78

### END-TO-END LATENCY (Queue Wait + Storage I/O + Generation) ###
  Mean: 195131.21 ms
  P50:  200165.84 ms
  P95:  351742.38 ms
  P99:  362380.54 ms

### PER-REQUEST STORAGE LATENCY (All I/O ops for one request) ###
  Mean: 39830.52 ms
  P50:  21938.62 ms
  P95:  140776.94 ms
  P99:  167259.93 ms
  (= 1 prefill write + N decode reads per request)

### STORAGE PERFORMANCE ###
  Cache Hit Rate: 85.6%
  Total Read: 2232.39GiB
  Total Write: 323.84GiB
  Read/Write Ratio: 6.89
  Storage KV Read Operations/sec: 5.31
  Storage KV Write Operations/sec: 0.82

### CACHE TIER DISTRIBUTION ###
  GPU Entries: 0 (0.00GiB)
  CPU Entries: 0 (0.00GiB)
  Storage Entries: 245

### TIER-SPECIFIC KV BYTES ###
  Storage KV Bytes Written: 323.84GiB
  Storage KV Bytes Read: 2232.39GiB

### STORAGE KV BANDWIDTH ###
  Storage KV Read Bandwidth: 7.34GiB/s
  Storage KV Write Bandwidth: 1.06GiB/s

### TIER-SPECIFIC LATENCIES (Total = Host + Device) ###
  Storage Read P95 (Total): 15792.06 ms
  Storage Write P95 (Total): 8253.70 ms

### STORAGE TIER LATENCY BREAKDOWN (Device = Disk I/O, Host = Serialization) ###
  Storage Read:
    - Device P95 (Disk I/O): 12485.73 ms
    - Host P95 (Serialization): 6569.62 ms
    - Total P95: 15792.06 ms
  Storage Write:
    - Device P95 (Disk I/O): 299.84 ms
    - Host P95 (Serialization): 8087.71 ms
    - Total P95: 8253.70 ms

### CACHE TYPE BREAKDOWNS ###
  System Prompt Hits: 398
  Common Phrase Hits: 0
  User Cache Hits: 1170
  Multi-turn Hits: 25

### PREFIX CACHING ###
  Prefix Hits: 56
  Prefix Misses: 189
  System Prompt Reuse: 56
  Bytes Saved: 0.11GiB

### MULTI-TURN CONVERSATIONS ###
  Multi-turn Cache Hits: 25
  Multi-turn Cache Misses: 212
  Multi-turn Hit Rate: 10.5%

### QOS LATENCY METRICS (Informational - includes simulated generation) ###

  INTERACTIVE:
    Requests: 177
    Latency P95: 353913.29 ms
    Latency P99: 363560.98 ms
    SLA Met: [X] (compliance: 0.0%)

  RESPONSIVE:
    Requests: 22
    Latency P95: 120446.21 ms
    Latency P99: 138245.05 ms
    SLA Met: [X] (compliance: 0.0%)

  BATCH:
    Requests: 38
    Latency P95: 212268.09 ms
    Latency P99: 308711.33 ms
    SLA Met: [X] (compliance: 0.0%)

================================================================================
NOTES:
  - Pure storage I/O benchmark (no generation simulation)
================================================================================

Integrated Multi-User KV Cache Benchmark - MLPerf Edition
Model: Llama 3.1 70B Instruct
GPU Memory: 0 GB
Users: 70
Duration: 300s
Seed: 95
Generation Mode: none (0.0ms/token)
Features:
  - Phase-Aware Processing: Enabled
  - Multi-turn Conversations: Enabled
  - Prefix Caching: Enabled
  - RAG Workload: Disabled
  - Autoscaling: Disabled
  - QoS Support: Enabled (Interactive/Responsive/Batch)
  - Trace-Driven (BurstGPT): Disabled
  - ShareGPT Dataset: Disabled
  - Max Concurrent Allocations: 4 (bounds RAM usage)
================================================================================

User Context Length Distribution:
  Min: 611 tokens (190.94MiB)
  Max: 24616 tokens (7692.50MiB)
  Mean: 9102 tokens (2844.25MiB)

QoS Distribution:
  interactive: 16 users
  responsive: 16 users
  batch: 38 users

### MEMORY SAFETY CHECK ###
  Formula: peak = (workers x 2 x mean_entry_bytes) + baseline
         = (70 x 2 x 2500MiB) + 2.5GiB
         = 344.3GiB
  Available RAM: 986.8GiB
  Mean entry size: 2500MiB  (8000 tok x 327,680 B/tok)
  Peak per thread: 5000MiB  (np.load + np.array copy)
  Worker threads: 70
  Safe concurrent readers: ~201  = (available - baseline) / peak_per_thread
  Status: OK

Starting benchmark... Mode: standard (prefill+decode)
--------------------------------------------------------------------------------

================================================================================
BENCHMARK RESULTS - MLPerf KV Cache Storage Benchmark
Generation Mode: none (0.0ms/token)
================================================================================

IMPORTANT: All storage latencies below are measured per KV cache BLOCK,
not per token or per disk page.  Each block holds the full KV state for
one request (all layers, all heads, full sequence length).
  Model KV bytes/token: 327,680 bytes (320.0KiB)
  Entries in cache: 229
  Block size min:   85.3MiB
  Block size mean:  1402.5MiB
  Block size P95:   4350.1MiB
  Block size max:   7498.8MiB
  A 200MiB block at 1GiB/s NVMe read = ~200 ms device latency.
  Compare latencies against block sizes, not against 4KiB page I/O.


### OVERALL PERFORMANCE ###
Requests Completed: 223
Total Tokens Generated: 31609
Throughput (wall-clock): 105.24 tokens/sec
Throughput (storage I/O): 5.10 tokens/sec
Requests/sec: 0.74

### END-TO-END LATENCY (Queue Wait + Storage I/O + Generation) ###
  Mean: 196892.71 ms
  P50:  204366.53 ms
  P95:  357011.69 ms
  P99:  363237.48 ms

### PER-REQUEST STORAGE LATENCY (All I/O ops for one request) ###
  Mean: 27791.16 ms
  P50:  14894.51 ms
  P95:  93380.09 ms
  P99:  159141.44 ms
  (= 1 prefill write + N decode reads per request)

### STORAGE PERFORMANCE ###
  Cache Hit Rate: 79.1%
  Total Read: 1180.13GiB
  Total Write: 313.65GiB
  Read/Write Ratio: 3.76
  Storage KV Read Operations/sec: 3.69
  Storage KV Write Operations/sec: 0.76

### CACHE TIER DISTRIBUTION ###
  GPU Entries: 0 (0.00GiB)
  CPU Entries: 0 (0.00GiB)
  Storage Entries: 229

### TIER-SPECIFIC KV BYTES ###
  Storage KV Bytes Written: 313.65GiB
  Storage KV Bytes Read: 1180.13GiB

### STORAGE KV BANDWIDTH ###
  Storage KV Read Bandwidth: 3.93GiB/s
  Storage KV Write Bandwidth: 1.04GiB/s

### TIER-SPECIFIC LATENCIES (Total = Host + Device) ###
  Storage Read P95 (Total): 16558.73 ms
  Storage Write P95 (Total): 12751.00 ms

### STORAGE TIER LATENCY BREAKDOWN (Device = Disk I/O, Host = Serialization) ###
  Storage Read:
    - Device P95 (Disk I/O): 13637.15 ms
    - Host P95 (Serialization): 5223.46 ms
    - Total P95: 16558.73 ms
  Storage Write:
    - Device P95 (Disk I/O): 632.17 ms
    - Host P95 (Serialization): 12305.65 ms
    - Total P95: 12751.00 ms

### CACHE TYPE BREAKDOWNS ###
  System Prompt Hits: 242
  Common Phrase Hits: 0
  User Cache Hits: 855
  Multi-turn Hits: 9

### PREFIX CACHING ###
  Prefix Hits: 49
  Prefix Misses: 180
  System Prompt Reuse: 49
  Bytes Saved: 0.10GiB

### MULTI-TURN CONVERSATIONS ###
  Multi-turn Cache Hits: 9
  Multi-turn Cache Misses: 244
  Multi-turn Hit Rate: 3.6%

### QOS LATENCY METRICS (Informational - includes simulated generation) ###

  INTERACTIVE:
    Requests: 174
    Latency P95: 357926.17 ms
    Latency P99: 364110.92 ms
    SLA Met: [X] (compliance: 0.0%)

  RESPONSIVE:
    Requests: 17
    Latency P95: 259240.26 ms
    Latency P99: 273711.70 ms
    SLA Met: [X] (compliance: 0.0%)

  BATCH:
    Requests: 32
    Latency P95: 237771.70 ms
    Latency P99: 271587.58 ms
    SLA Met: [X] (compliance: 0.0%)

================================================================================
NOTES:
  - Pure storage I/O benchmark (no generation simulation)
================================================================================

Integrated Multi-User KV Cache Benchmark - MLPerf Edition
Model: Llama 3.1 70B Instruct
GPU Memory: 0 GB
Users: 70
Duration: 300s
Seed: 189
Generation Mode: none (0.0ms/token)
Features:
  - Phase-Aware Processing: Enabled
  - Multi-turn Conversations: Enabled
  - Prefix Caching: Enabled
  - RAG Workload: Disabled
  - Autoscaling: Disabled
  - QoS Support: Enabled (Interactive/Responsive/Batch)
  - Trace-Driven (BurstGPT): Disabled
  - ShareGPT Dataset: Disabled
  - Max Concurrent Allocations: 4 (bounds RAM usage)
================================================================================

User Context Length Distribution:
  Min: 611 tokens (190.94MiB)
  Max: 24928 tokens (7790.00MiB)
  Mean: 9467 tokens (2958.53MiB)

QoS Distribution:
  interactive: 18 users
  responsive: 22 users
  batch: 30 users

### MEMORY SAFETY CHECK ###
  Formula: peak = (workers x 2 x mean_entry_bytes) + baseline
         = (70 x 2 x 2500MiB) + 2.5GiB
         = 344.3GiB
  Available RAM: 990.1GiB
  Mean entry size: 2500MiB  (8000 tok x 327,680 B/tok)
  Peak per thread: 5000MiB  (np.load + np.array copy)
  Worker threads: 70
  Safe concurrent readers: ~202  = (available - baseline) / peak_per_thread
  Status: OK

Starting benchmark... Mode: standard (prefill+decode)
--------------------------------------------------------------------------------

================================================================================
BENCHMARK RESULTS - MLPerf KV Cache Storage Benchmark
Generation Mode: none (0.0ms/token)
================================================================================

IMPORTANT: All storage latencies below are measured per KV cache BLOCK,
not per token or per disk page.  Each block holds the full KV state for
one request (all layers, all heads, full sequence length).
  Model KV bytes/token: 327,680 bytes (320.0KiB)
  Entries in cache: 250
  Block size min:   66.2MiB
  Block size mean:  1613.2MiB
  Block size P95:   4650.4MiB
  Block size max:   6966.2MiB
  A 200MiB block at 1GiB/s NVMe read = ~200 ms device latency.
  Compare latencies against block sizes, not against 4KiB page I/O.


### OVERALL PERFORMANCE ###
Requests Completed: 241
Total Tokens Generated: 48271
Throughput (wall-clock): 160.47 tokens/sec
Throughput (storage I/O): 5.60 tokens/sec
Requests/sec: 0.80

### END-TO-END LATENCY (Queue Wait + Storage I/O + Generation) ###
  Mean: 182880.32 ms
  P50:  177885.10 ms
  P95:  350471.39 ms
  P99:  363768.89 ms

### PER-REQUEST STORAGE LATENCY (All I/O ops for one request) ###
  Mean: 35779.31 ms
  P50:  25167.40 ms
  P95:  101051.35 ms
  P99:  190302.90 ms
  (= 1 prefill write + N decode reads per request)

### STORAGE PERFORMANCE ###
  Cache Hit Rate: 84.7%
  Total Read: 2150.78GiB
  Total Write: 393.85GiB
  Read/Write Ratio: 5.46
  Storage KV Read Operations/sec: 5.50
  Storage KV Write Operations/sec: 0.83

### CACHE TIER DISTRIBUTION ###
  GPU Entries: 0 (0.00GiB)
  CPU Entries: 0 (0.00GiB)
  Storage Entries: 250

### TIER-SPECIFIC KV BYTES ###
  Storage KV Bytes Written: 393.85GiB
  Storage KV Bytes Read: 2150.78GiB

### STORAGE KV BANDWIDTH ###
  Storage KV Read Bandwidth: 7.15GiB/s
  Storage KV Write Bandwidth: 1.31GiB/s

### TIER-SPECIFIC LATENCIES (Total = Host + Device) ###
  Storage Read P95 (Total): 12395.04 ms
  Storage Write P95 (Total): 8853.59 ms

### STORAGE TIER LATENCY BREAKDOWN (Device = Disk I/O, Host = Serialization) ###
  Storage Read:
    - Device P95 (Disk I/O): 10214.82 ms
    - Host P95 (Serialization): 4516.23 ms
    - Total P95: 12395.04 ms
  Storage Write:
    - Device P95 (Disk I/O): 844.05 ms
    - Host P95 (Serialization): 8820.16 ms
    - Total P95: 8853.59 ms

### CACHE TYPE BREAKDOWNS ###
  System Prompt Hits: 229
  Common Phrase Hits: 0
  User Cache Hits: 1397
  Multi-turn Hits: 25

### PREFIX CACHING ###
  Prefix Hits: 42
  Prefix Misses: 208
  System Prompt Reuse: 42
  Bytes Saved: 0.09GiB

### MULTI-TURN CONVERSATIONS ###
  Multi-turn Cache Hits: 25
  Multi-turn Cache Misses: 256
  Multi-turn Hit Rate: 8.9%

### QOS LATENCY METRICS (Informational - includes simulated generation) ###

  INTERACTIVE:
    Requests: 194
    Latency P95: 353651.56 ms
    Latency P99: 364043.26 ms
    SLA Met: [X] (compliance: 0.0%)

  RESPONSIVE:
    Requests: 29
    Latency P95: 195985.34 ms
    Latency P99: 230274.77 ms
    SLA Met: [X] (compliance: 0.0%)

  BATCH:
    Requests: 18
    Latency P95: 71843.72 ms
    Latency P99: 84509.91 ms
    SLA Met: [X] (compliance: 0.0%)

================================================================================
NOTES:
  - Pure storage I/O benchmark (no generation simulation)
================================================================================

Integrated Multi-User KV Cache Benchmark - MLPerf Edition
Model: Llama 3.1 70B Instruct
GPU Memory: 0 GB
Users: 70
Duration: 300s
Seed: 67
Generation Mode: none (0.0ms/token)
Features:
  - Phase-Aware Processing: Enabled
  - Multi-turn Conversations: Enabled
  - Prefix Caching: Enabled
  - RAG Workload: Disabled
  - Autoscaling: Disabled
  - QoS Support: Enabled (Interactive/Responsive/Batch)
  - Trace-Driven (BurstGPT): Disabled
  - ShareGPT Dataset: Disabled
  - Max Concurrent Allocations: 4 (bounds RAM usage)
================================================================================

User Context Length Distribution:
  Min: 518 tokens (161.88MiB)
  Max: 22754 tokens (7110.62MiB)
  Mean: 8114 tokens (2535.49MiB)

QoS Distribution:
  interactive: 13 users
  responsive: 28 users
  batch: 29 users

### MEMORY SAFETY CHECK ###
  Formula: peak = (workers x 2 x mean_entry_bytes) + baseline
         = (70 x 2 x 2500MiB) + 2.5GiB
         = 344.3GiB
  Available RAM: 990.2GiB
  Mean entry size: 2500MiB  (8000 tok x 327,680 B/tok)
  Peak per thread: 5000MiB  (np.load + np.array copy)
  Worker threads: 70
  Safe concurrent readers: ~202  = (available - baseline) / peak_per_thread
  Status: OK

Starting benchmark... Mode: standard (prefill+decode)
--------------------------------------------------------------------------------

================================================================================
BENCHMARK RESULTS - MLPerf KV Cache Storage Benchmark
Generation Mode: none (0.0ms/token)
================================================================================

IMPORTANT: All storage latencies below are measured per KV cache BLOCK,
not per token or per disk page.  Each block holds the full KV state for
one request (all layers, all heads, full sequence length).
  Model KV bytes/token: 327,680 bytes (320.0KiB)
  Entries in cache: 369
  Block size min:   71.2MiB
  Block size mean:  934.6MiB
  Block size P95:   3044.9MiB
  Block size max:   6834.7MiB
  A 200MiB block at 1GiB/s NVMe read = ~200 ms device latency.
  Compare latencies against block sizes, not against 4KiB page I/O.


### OVERALL PERFORMANCE ###
Requests Completed: 356
Total Tokens Generated: 46850
Throughput (wall-clock): 156.13 tokens/sec
Throughput (storage I/O): 6.09 tokens/sec
Requests/sec: 1.19

### END-TO-END LATENCY (Queue Wait + Storage I/O + Generation) ###
  Mean: 172143.92 ms
  P50:  169548.17 ms
  P95:  337507.65 ms
  P99:  351473.06 ms

### PER-REQUEST STORAGE LATENCY (All I/O ops for one request) ###
  Mean: 21592.51 ms
  P50:  9269.07 ms
  P95:  91541.00 ms
  P99:  137186.89 ms
  (= 1 prefill write + N decode reads per request)

### STORAGE PERFORMANCE ###
  Cache Hit Rate: 87.6%
  Total Read: 2242.53GiB
  Total Write: 336.78GiB
  Read/Write Ratio: 6.66
  Storage KV Read Operations/sec: 6.62
  Storage KV Write Operations/sec: 1.23

### CACHE TIER DISTRIBUTION ###
  GPU Entries: 0 (0.00GiB)
  CPU Entries: 0 (0.00GiB)
  Storage Entries: 369

### TIER-SPECIFIC KV BYTES ###
  Storage KV Bytes Written: 336.78GiB
  Storage KV Bytes Read: 2242.53GiB

### STORAGE KV BANDWIDTH ###
  Storage KV Read Bandwidth: 7.47GiB/s
  Storage KV Write Bandwidth: 1.12GiB/s

### TIER-SPECIFIC LATENCIES (Total = Host + Device) ###
  Storage Read P95 (Total): 10790.80 ms
  Storage Write P95 (Total): 5412.99 ms

### STORAGE TIER LATENCY BREAKDOWN (Device = Disk I/O, Host = Serialization) ###
  Storage Read:
    - Device P95 (Disk I/O): 8183.03 ms
    - Host P95 (Serialization): 3263.87 ms
    - Total P95: 10790.80 ms
  Storage Write:
    - Device P95 (Disk I/O): 341.16 ms
    - Host P95 (Serialization): 5286.73 ms
    - Total P95: 5412.99 ms

### CACHE TYPE BREAKDOWNS ###
  System Prompt Hits: 377
  Common Phrase Hits: 0
  User Cache Hits: 1577
  Multi-turn Hits: 33

### PREFIX CACHING ###
  Prefix Hits: 73
  Prefix Misses: 296
  System Prompt Reuse: 73
  Bytes Saved: 0.15GiB

### MULTI-TURN CONVERSATIONS ###
  Multi-turn Cache Hits: 33
  Multi-turn Cache Misses: 208
  Multi-turn Hit Rate: 13.7%

### QOS LATENCY METRICS (Informational - includes simulated generation) ###

  INTERACTIVE:
    Requests: 302
    Latency P95: 338836.52 ms
    Latency P99: 353630.97 ms
    SLA Met: [X] (compliance: 0.0%)

  RESPONSIVE:
    Requests: 21
    Latency P95: 68236.85 ms
    Latency P99: 93376.71 ms
    SLA Met: [X] (compliance: 0.0%)

  BATCH:
    Requests: 33
    Latency P95: 101598.12 ms
    Latency P99: 107035.97 ms
    SLA Met: [X] (compliance: 0.0%)

================================================================================
NOTES:
  - Pure storage I/O benchmark (no generation simulation)
================================================================================

Integrated Multi-User KV Cache Benchmark - MLPerf Edition
Model: Llama 3.1 70B Instruct
GPU Memory: 0 GB
Users: 70
Duration: 300s
Seed: 160
Generation Mode: none (0.0ms/token)
Features:
  - Phase-Aware Processing: Enabled
  - Multi-turn Conversations: Enabled
  - Prefix Caching: Enabled
  - RAG Workload: Disabled
  - Autoscaling: Disabled
  - QoS Support: Enabled (Interactive/Responsive/Batch)
  - Trace-Driven (BurstGPT): Disabled
  - ShareGPT Dataset: Disabled
  - Max Concurrent Allocations: 4 (bounds RAM usage)
================================================================================

User Context Length Distribution:
  Min: 555 tokens (173.44MiB)
  Max: 24882 tokens (7775.62MiB)
  Mean: 8096 tokens (2530.14MiB)

QoS Distribution:
  interactive: 4 users
  responsive: 25 users
  batch: 41 users

### MEMORY SAFETY CHECK ###
  Formula: peak = (workers x 2 x mean_entry_bytes) + baseline
         = (70 x 2 x 2500MiB) + 2.5GiB
         = 344.3GiB
  Available RAM: 990.1GiB
  Mean entry size: 2500MiB  (8000 tok x 327,680 B/tok)
  Peak per thread: 5000MiB  (np.load + np.array copy)
  Worker threads: 70
  Safe concurrent readers: ~202  = (available - baseline) / peak_per_thread
  Status: OK

Starting benchmark... Mode: standard (prefill+decode)
--------------------------------------------------------------------------------

================================================================================
BENCHMARK RESULTS - MLPerf KV Cache Storage Benchmark
Generation Mode: none (0.0ms/token)
================================================================================

IMPORTANT: All storage latencies below are measured per KV cache BLOCK,
not per token or per disk page.  Each block holds the full KV state for
one request (all layers, all heads, full sequence length).
  Model KV bytes/token: 327,680 bytes (320.0KiB)
  Entries in cache: 390
  Block size min:   47.8MiB
  Block size mean:  983.9MiB
  Block size P95:   4745.3MiB
  Block size max:   6800.6MiB
  A 200MiB block at 1GiB/s NVMe read = ~200 ms device latency.
  Compare latencies against block sizes, not against 4KiB page I/O.


### OVERALL PERFORMANCE ###
Requests Completed: 384
Total Tokens Generated: 47376
Throughput (wall-clock): 155.97 tokens/sec
Throughput (storage I/O): 7.97 tokens/sec
Requests/sec: 1.26

### END-TO-END LATENCY (Queue Wait + Storage I/O + Generation) ###
  Mean: 154635.59 ms
  P50:  147344.23 ms
  P95:  280653.35 ms
  P99:  298110.98 ms

### PER-REQUEST STORAGE LATENCY (All I/O ops for one request) ###
  Mean: 15473.77 ms
  P50:  10064.10 ms
  P95:  44586.06 ms
  P99:  113821.71 ms
  (= 1 prefill write + N decode reads per request)

### STORAGE PERFORMANCE ###
  Cache Hit Rate: 72.3%
  Total Read: 1281.14GiB
  Total Write: 374.72GiB
  Read/Write Ratio: 3.42
  Storage KV Read Operations/sec: 5.93
  Storage KV Write Operations/sec: 1.30

### CACHE TIER DISTRIBUTION ###
  GPU Entries: 0 (0.00GiB)
  CPU Entries: 0 (0.00GiB)
  Storage Entries: 390

### TIER-SPECIFIC KV BYTES ###
  Storage KV Bytes Written: 374.72GiB
  Storage KV Bytes Read: 1281.14GiB

### STORAGE KV BANDWIDTH ###
  Storage KV Read Bandwidth: 4.22GiB/s
  Storage KV Write Bandwidth: 1.23GiB/s

### TIER-SPECIFIC LATENCIES (Total = Host + Device) ###
  Storage Read P95 (Total): 10045.29 ms
  Storage Write P95 (Total): 5379.03 ms

### STORAGE TIER LATENCY BREAKDOWN (Device = Disk I/O, Host = Serialization) ###
  Storage Read:
    - Device P95 (Disk I/O): 7952.10 ms
    - Host P95 (Serialization): 2622.59 ms
    - Total P95: 10045.29 ms
  Storage Write:
    - Device P95 (Disk I/O): 422.10 ms
    - Host P95 (Serialization): 5167.04 ms
    - Total P95: 5379.03 ms

### CACHE TYPE BREAKDOWNS ###
  System Prompt Hits: 372
  Common Phrase Hits: 0
  User Cache Hits: 1314
  Multi-turn Hits: 94

### PREFIX CACHING ###
  Prefix Hits: 88
  Prefix Misses: 302
  System Prompt Reuse: 88
  Bytes Saved: 0.18GiB

### MULTI-TURN CONVERSATIONS ###
  Multi-turn Cache Hits: 94
  Multi-turn Cache Misses: 594
  Multi-turn Hit Rate: 13.7%

### QOS LATENCY METRICS (Informational - includes simulated generation) ###

  INTERACTIVE:
    Requests: 319
    Latency P95: 282918.90 ms
    Latency P99: 298261.03 ms
    SLA Met: [X] (compliance: 0.0%)

  RESPONSIVE:
    Requests: 29
    Latency P95: 119143.53 ms
    Latency P99: 139073.84 ms
    SLA Met: [X] (compliance: 0.0%)

  BATCH:
    Requests: 36
    Latency P95: 86602.78 ms
    Latency P99: 158997.54 ms
    SLA Met: [X] (compliance: 0.0%)

================================================================================
NOTES:
  - Pure storage I/O benchmark (no generation simulation)
================================================================================

Integrated Multi-User KV Cache Benchmark - MLPerf Edition
Model: Llama 3.1 70B Instruct
GPU Memory: 0 GB
Users: 70
Duration: 300s
Seed: 55
Generation Mode: none (0.0ms/token)
Features:
  - Phase-Aware Processing: Enabled
  - Multi-turn Conversations: Enabled
  - Prefix Caching: Enabled
  - RAG Workload: Disabled
  - Autoscaling: Disabled
  - QoS Support: Enabled (Interactive/Responsive/Batch)
  - Trace-Driven (BurstGPT): Disabled
  - ShareGPT Dataset: Disabled
  - Max Concurrent Allocations: 4 (bounds RAM usage)
================================================================================

User Context Length Distribution:
  Min: 543 tokens (169.69MiB)
  Max: 24654 tokens (7704.38MiB)
  Mean: 9041 tokens (2825.30MiB)

QoS Distribution:
  interactive: 9 users
  responsive: 29 users
  batch: 32 users

### MEMORY SAFETY CHECK ###
  Formula: peak = (workers x 2 x mean_entry_bytes) + baseline
         = (70 x 2 x 2500MiB) + 2.5GiB
         = 344.3GiB
  Available RAM: 990.6GiB
  Mean entry size: 2500MiB  (8000 tok x 327,680 B/tok)
  Peak per thread: 5000MiB  (np.load + np.array copy)
  Worker threads: 70
  Safe concurrent readers: ~202  = (available - baseline) / peak_per_thread
  Status: OK

Starting benchmark... Mode: standard (prefill+decode)
--------------------------------------------------------------------------------

================================================================================
BENCHMARK RESULTS - MLPerf KV Cache Storage Benchmark
Generation Mode: none (0.0ms/token)
================================================================================

IMPORTANT: All storage latencies below are measured per KV cache BLOCK,
not per token or per disk page.  Each block holds the full KV state for
one request (all layers, all heads, full sequence length).
  Model KV bytes/token: 327,680 bytes (320.0KiB)
  Entries in cache: 372
  Block size min:   49.4MiB
  Block size mean:  941.7MiB
  Block size P95:   3349.7MiB
  Block size max:   5328.1MiB
  A 200MiB block at 1GiB/s NVMe read = ~200 ms device latency.
  Compare latencies against block sizes, not against 4KiB page I/O.


### OVERALL PERFORMANCE ###
Requests Completed: 357
Total Tokens Generated: 48282
Throughput (wall-clock): 159.38 tokens/sec
Throughput (storage I/O): 6.59 tokens/sec
Requests/sec: 1.18

### END-TO-END LATENCY (Queue Wait + Storage I/O + Generation) ###
  Mean: 174908.55 ms
  P50:  177706.93 ms
  P95:  312729.17 ms
  P99:  342378.56 ms

### PER-REQUEST STORAGE LATENCY (All I/O ops for one request) ###
  Mean: 20514.50 ms
  P50:  9318.59 ms
  P95:  70402.66 ms
  P99:  152587.50 ms
  (= 1 prefill write + N decode reads per request)

### STORAGE PERFORMANCE ###
  Cache Hit Rate: 80.8%
  Total Read: 1970.07GiB
  Total Write: 342.09GiB
  Read/Write Ratio: 5.76
  Storage KV Read Operations/sec: 6.57
  Storage KV Write Operations/sec: 1.24

### CACHE TIER DISTRIBUTION ###
  GPU Entries: 0 (0.00GiB)
  CPU Entries: 0 (0.00GiB)
  Storage Entries: 372

### TIER-SPECIFIC KV BYTES ###
  Storage KV Bytes Written: 342.09GiB
  Storage KV Bytes Read: 1970.07GiB

### STORAGE KV BANDWIDTH ###
  Storage KV Read Bandwidth: 6.50GiB/s
  Storage KV Write Bandwidth: 1.13GiB/s

### TIER-SPECIFIC LATENCIES (Total = Host + Device) ###
  Storage Read P95 (Total): 12458.96 ms
  Storage Write P95 (Total): 4703.33 ms

### STORAGE TIER LATENCY BREAKDOWN (Device = Disk I/O, Host = Serialization) ###
  Storage Read:
    - Device P95 (Disk I/O): 9134.08 ms
    - Host P95 (Serialization): 2705.38 ms
    - Total P95: 12458.96 ms
  Storage Write:
    - Device P95 (Disk I/O): 473.76 ms
    - Host P95 (Serialization): 4440.06 ms
    - Total P95: 4703.33 ms

### CACHE TYPE BREAKDOWNS ###
  System Prompt Hits: 338
  Common Phrase Hits: 0
  User Cache Hits: 1584
  Multi-turn Hits: 48

### PREFIX CACHING ###
  Prefix Hits: 65
  Prefix Misses: 307
  System Prompt Reuse: 65
  Bytes Saved: 0.14GiB

### MULTI-TURN CONVERSATIONS ###
  Multi-turn Cache Hits: 48
  Multi-turn Cache Misses: 403
  Multi-turn Hit Rate: 10.6%

### QOS LATENCY METRICS (Informational - includes simulated generation) ###

  INTERACTIVE:
    Requests: 299
    Latency P95: 321440.82 ms
    Latency P99: 343739.44 ms
    SLA Met: [X] (compliance: 0.0%)

  RESPONSIVE:
    Requests: 24
    Latency P95: 144360.83 ms
    Latency P99: 190692.12 ms
    SLA Met: [X] (compliance: 0.0%)

  BATCH:
    Requests: 34
    Latency P95: 114349.79 ms
    Latency P99: 161668.21 ms
    SLA Met: [X] (compliance: 0.0%)

================================================================================
NOTES:
  - Pure storage I/O benchmark (no generation simulation)
================================================================================

Integrated Multi-User KV Cache Benchmark - MLPerf Edition
Model: Llama 3.1 70B Instruct
GPU Memory: 0 GB
Users: 70
Duration: 300s
Seed: 116
Generation Mode: none (0.0ms/token)
Features:
  - Phase-Aware Processing: Enabled
  - Multi-turn Conversations: Enabled
  - Prefix Caching: Enabled
  - RAG Workload: Disabled
  - Autoscaling: Disabled
  - QoS Support: Enabled (Interactive/Responsive/Batch)
  - Trace-Driven (BurstGPT): Disabled
  - ShareGPT Dataset: Disabled
  - Max Concurrent Allocations: 4 (bounds RAM usage)
================================================================================

User Context Length Distribution:
  Min: 586 tokens (183.12MiB)
  Max: 22463 tokens (7019.69MiB)
  Mean: 8647 tokens (2702.29MiB)

QoS Distribution:
  interactive: 15 users
  responsive: 25 users
  batch: 30 users

### MEMORY SAFETY CHECK ###
  Formula: peak = (workers x 2 x mean_entry_bytes) + baseline
         = (70 x 2 x 2500MiB) + 2.5GiB
         = 344.3GiB
  Available RAM: 987.8GiB
  Mean entry size: 2500MiB  (8000 tok x 327,680 B/tok)
  Peak per thread: 5000MiB  (np.load + np.array copy)
  Worker threads: 70
  Safe concurrent readers: ~201  = (available - baseline) / peak_per_thread
  Status: OK

Starting benchmark... Mode: standard (prefill+decode)
--------------------------------------------------------------------------------

================================================================================
BENCHMARK RESULTS - MLPerf KV Cache Storage Benchmark
Generation Mode: none (0.0ms/token)
================================================================================

IMPORTANT: All storage latencies below are measured per KV cache BLOCK,
not per token or per disk page.  Each block holds the full KV state for
one request (all layers, all heads, full sequence length).
  Model KV bytes/token: 327,680 bytes (320.0KiB)
  Entries in cache: 256
  Block size min:   127.8MiB
  Block size mean:  1502.7MiB
  Block size P95:   4669.7MiB
  Block size max:   6868.8MiB
  A 200MiB block at 1GiB/s NVMe read = ~200 ms device latency.
  Compare latencies against block sizes, not against 4KiB page I/O.


### OVERALL PERFORMANCE ###
Requests Completed: 247
Total Tokens Generated: 33034
Throughput (wall-clock): 108.31 tokens/sec
Throughput (storage I/O): 5.61 tokens/sec
Requests/sec: 0.81

### END-TO-END LATENCY (Queue Wait + Storage I/O + Generation) ###
  Mean: 185555.39 ms
  P50:  181732.00 ms
  P95:  358074.44 ms
  P99:  366381.62 ms

### PER-REQUEST STORAGE LATENCY (All I/O ops for one request) ###
  Mean: 23856.38 ms
  P50:  13547.79 ms
  P95:  85356.12 ms
  P99:  125018.00 ms
  (= 1 prefill write + N decode reads per request)

### STORAGE PERFORMANCE ###
  Cache Hit Rate: 82.7%
  Total Read: 1330.94GiB
  Total Write: 375.68GiB
  Read/Write Ratio: 3.54
  Storage KV Read Operations/sec: 4.09
  Storage KV Write Operations/sec: 0.85

### CACHE TIER DISTRIBUTION ###
  GPU Entries: 0 (0.00GiB)
  CPU Entries: 0 (0.00GiB)
  Storage Entries: 256

### TIER-SPECIFIC KV BYTES ###
  Storage KV Bytes Written: 375.68GiB
  Storage KV Bytes Read: 1330.94GiB

### STORAGE KV BANDWIDTH ###
  Storage KV Read Bandwidth: 4.36GiB/s
  Storage KV Write Bandwidth: 1.23GiB/s

### TIER-SPECIFIC LATENCIES (Total = Host + Device) ###
  Storage Read P95 (Total): 14014.05 ms
  Storage Write P95 (Total): 8281.19 ms

### STORAGE TIER LATENCY BREAKDOWN (Device = Disk I/O, Host = Serialization) ###
  Storage Read:
    - Device P95 (Disk I/O): 12206.77 ms
    - Host P95 (Serialization): 3919.50 ms
    - Total P95: 14014.05 ms
  Storage Write:
    - Device P95 (Disk I/O): 451.62 ms
    - Host P95 (Serialization): 8190.44 ms
    - Total P95: 8281.19 ms

### CACHE TYPE BREAKDOWNS ###
  System Prompt Hits: 235
  Common Phrase Hits: 0
  User Cache Hits: 973
  Multi-turn Hits: 20

### PREFIX CACHING ###
  Prefix Hits: 47
  Prefix Misses: 209
  System Prompt Reuse: 47
  Bytes Saved: 0.09GiB

### MULTI-TURN CONVERSATIONS ###
  Multi-turn Cache Hits: 20
  Multi-turn Cache Misses: 210
  Multi-turn Hit Rate: 8.7%

### QOS LATENCY METRICS (Informational - includes simulated generation) ###

  INTERACTIVE:
    Requests: 191
    Latency P95: 360430.40 ms
    Latency P99: 366743.70 ms
    SLA Met: [X] (compliance: 0.0%)

  RESPONSIVE:
    Requests: 28
    Latency P95: 118451.75 ms
    Latency P99: 162916.64 ms
    SLA Met: [X] (compliance: 0.0%)

  BATCH:
    Requests: 28
    Latency P95: 155856.86 ms
    Latency P99: 201025.52 ms
    SLA Met: [X] (compliance: 0.0%)

================================================================================
NOTES:
  - Pure storage I/O benchmark (no generation simulation)
================================================================================

Integrated Multi-User KV Cache Benchmark - MLPerf Edition
Model: Llama 3.1 70B Instruct
GPU Memory: 0 GB
Users: 70
Duration: 300s
Seed: 43
Generation Mode: none (0.0ms/token)
Features:
  - Phase-Aware Processing: Enabled
  - Multi-turn Conversations: Enabled
  - Prefix Caching: Enabled
  - RAG Workload: Disabled
  - Autoscaling: Disabled
  - QoS Support: Enabled (Interactive/Responsive/Batch)
  - Trace-Driven (BurstGPT): Disabled
  - ShareGPT Dataset: Disabled
  - Max Concurrent Allocations: 4 (bounds RAM usage)
================================================================================

User Context Length Distribution:
  Min: 687 tokens (214.69MiB)
  Max: 24695 tokens (7717.19MiB)
  Mean: 8240 tokens (2574.88MiB)

QoS Distribution:
  interactive: 10 users
  responsive: 28 users
  batch: 32 users

### MEMORY SAFETY CHECK ###
  Formula: peak = (workers x 2 x mean_entry_bytes) + baseline
         = (70 x 2 x 2500MiB) + 2.5GiB
         = 344.3GiB
  Available RAM: 988.8GiB
  Mean entry size: 2500MiB  (8000 tok x 327,680 B/tok)
  Peak per thread: 5000MiB  (np.load + np.array copy)
  Worker threads: 70
  Safe concurrent readers: ~202  = (available - baseline) / peak_per_thread
  Status: OK

Starting benchmark... Mode: standard (prefill+decode)
--------------------------------------------------------------------------------

================================================================================
BENCHMARK RESULTS - MLPerf KV Cache Storage Benchmark
Generation Mode: none (0.0ms/token)
================================================================================

IMPORTANT: All storage latencies below are measured per KV cache BLOCK,
not per token or per disk page.  Each block holds the full KV state for
one request (all layers, all heads, full sequence length).
  Model KV bytes/token: 327,680 bytes (320.0KiB)
  Entries in cache: 305
  Block size min:   79.7MiB
  Block size mean:  1351.1MiB
  Block size P95:   5463.3MiB
  Block size max:   7431.6MiB
  A 200MiB block at 1GiB/s NVMe read = ~200 ms device latency.
  Compare latencies against block sizes, not against 4KiB page I/O.


### OVERALL PERFORMANCE ###
Requests Completed: 297
Total Tokens Generated: 39235
Throughput (wall-clock): 130.78 tokens/sec
Throughput (storage I/O): 7.45 tokens/sec
Requests/sec: 0.99

### END-TO-END LATENCY (Queue Wait + Storage I/O + Generation) ###
  Mean: 176472.56 ms
  P50:  172497.25 ms
  P95:  324740.57 ms
  P99:  357535.04 ms

### PER-REQUEST STORAGE LATENCY (All I/O ops for one request) ###
  Mean: 17724.46 ms
  P50:  8240.03 ms
  P95:  66119.23 ms
  P99:  152655.30 ms
  (= 1 prefill write + N decode reads per request)

### STORAGE PERFORMANCE ###
  Cache Hit Rate: 75.2%
  Total Read: 1396.73GiB
  Total Write: 402.42GiB
  Read/Write Ratio: 3.47
  Storage KV Read Operations/sec: 4.52
  Storage KV Write Operations/sec: 1.02

### CACHE TIER DISTRIBUTION ###
  GPU Entries: 0 (0.00GiB)
  CPU Entries: 0 (0.00GiB)
  Storage Entries: 305

### TIER-SPECIFIC KV BYTES ###
  Storage KV Bytes Written: 402.42GiB
  Storage KV Bytes Read: 1396.73GiB

### STORAGE KV BANDWIDTH ###
  Storage KV Read Bandwidth: 4.66GiB/s
  Storage KV Write Bandwidth: 1.34GiB/s

### TIER-SPECIFIC LATENCIES (Total = Host + Device) ###
  Storage Read P95 (Total): 11325.75 ms
  Storage Write P95 (Total): 6443.12 ms

### STORAGE TIER LATENCY BREAKDOWN (Device = Disk I/O, Host = Serialization) ###
  Storage Read:
    - Device P95 (Disk I/O): 9466.71 ms
    - Host P95 (Serialization): 3533.67 ms
    - Total P95: 11325.75 ms
  Storage Write:
    - Device P95 (Disk I/O): 341.10 ms
    - Host P95 (Serialization): 6279.88 ms
    - Total P95: 6443.12 ms

### CACHE TYPE BREAKDOWNS ###
  System Prompt Hits: 317
  Common Phrase Hits: 0
  User Cache Hits: 988
  Multi-turn Hits: 50

### PREFIX CACHING ###
  Prefix Hits: 71
  Prefix Misses: 234
  System Prompt Reuse: 71
  Bytes Saved: 0.15GiB

### MULTI-TURN CONVERSATIONS ###
  Multi-turn Cache Hits: 50
  Multi-turn Cache Misses: 377
  Multi-turn Hit Rate: 11.7%

### QOS LATENCY METRICS (Informational - includes simulated generation) ###

  INTERACTIVE:
    Requests: 245
    Latency P95: 325919.45 ms
    Latency P99: 359267.66 ms
    SLA Met: [X] (compliance: 0.0%)

  RESPONSIVE:
    Requests: 22
    Latency P95: 106840.81 ms
    Latency P99: 111144.99 ms
    SLA Met: [X] (compliance: 0.0%)

  BATCH:
    Requests: 30
    Latency P95: 105988.60 ms
    Latency P99: 111718.49 ms
    SLA Met: [X] (compliance: 0.0%)

================================================================================
NOTES:
  - Pure storage I/O benchmark (no generation simulation)
================================================================================

Integrated Multi-User KV Cache Benchmark - MLPerf Edition
Model: Llama 3.1 70B Instruct
GPU Memory: 0 GB
Users: 70
Duration: 300s
Seed: 154
Generation Mode: none (0.0ms/token)
Features:
  - Phase-Aware Processing: Enabled
  - Multi-turn Conversations: Enabled
  - Prefix Caching: Enabled
  - RAG Workload: Disabled
  - Autoscaling: Disabled
  - QoS Support: Enabled (Interactive/Responsive/Batch)
  - Trace-Driven (BurstGPT): Disabled
  - ShareGPT Dataset: Disabled
  - Max Concurrent Allocations: 4 (bounds RAM usage)
================================================================================

User Context Length Distribution:
  Min: 523 tokens (163.44MiB)
  Max: 24512 tokens (7660.00MiB)
  Mean: 8958 tokens (2799.30MiB)

QoS Distribution:
  interactive: 13 users
  responsive: 20 users
  batch: 37 users

### MEMORY SAFETY CHECK ###
  Formula: peak = (workers x 2 x mean_entry_bytes) + baseline
         = (70 x 2 x 2500MiB) + 2.5GiB
         = 344.3GiB
  Available RAM: 989.3GiB
  Mean entry size: 2500MiB  (8000 tok x 327,680 B/tok)
  Peak per thread: 5000MiB  (np.load + np.array copy)
  Worker threads: 70
  Safe concurrent readers: ~202  = (available - baseline) / peak_per_thread
  Status: OK

Starting benchmark... Mode: standard (prefill+decode)
--------------------------------------------------------------------------------

================================================================================
BENCHMARK RESULTS - MLPerf KV Cache Storage Benchmark
Generation Mode: none (0.0ms/token)
================================================================================

IMPORTANT: All storage latencies below are measured per KV cache BLOCK,
not per token or per disk page.  Each block holds the full KV state for
one request (all layers, all heads, full sequence length).
  Model KV bytes/token: 327,680 bytes (320.0KiB)
  Entries in cache: 323
  Block size min:   63.8MiB
  Block size mean:  949.9MiB
  Block size P95:   3300.9MiB
  Block size max:   7400.0MiB
  A 200MiB block at 1GiB/s NVMe read = ~200 ms device latency.
  Compare latencies against block sizes, not against 4KiB page I/O.


### OVERALL PERFORMANCE ###
Requests Completed: 317
Total Tokens Generated: 48216
Throughput (wall-clock): 160.14 tokens/sec
Throughput (storage I/O): 5.81 tokens/sec
Requests/sec: 1.05

### END-TO-END LATENCY (Queue Wait + Storage I/O + Generation) ###
  Mean: 197676.42 ms
  P50:  209556.29 ms
  P95:  350061.69 ms
  P99:  357599.26 ms

### PER-REQUEST STORAGE LATENCY (All I/O ops for one request) ###
  Mean: 26196.68 ms
  P50:  12775.46 ms
  P95:  90760.07 ms
  P99:  152147.26 ms
  (= 1 prefill write + N decode reads per request)

### STORAGE PERFORMANCE ###
  Cache Hit Rate: 83.2%
  Total Read: 1649.85GiB
  Total Write: 299.63GiB
  Read/Write Ratio: 5.51
  Storage KV Read Operations/sec: 6.24
  Storage KV Write Operations/sec: 1.08

### CACHE TIER DISTRIBUTION ###
  GPU Entries: 0 (0.00GiB)
  CPU Entries: 0 (0.00GiB)
  Storage Entries: 323

### TIER-SPECIFIC KV BYTES ###
  Storage KV Bytes Written: 299.63GiB
  Storage KV Bytes Read: 1649.85GiB

### STORAGE KV BANDWIDTH ###
  Storage KV Read Bandwidth: 5.48GiB/s
  Storage KV Write Bandwidth: 1.00GiB/s

### TIER-SPECIFIC LATENCIES (Total = Host + Device) ###
  Storage Read P95 (Total): 14076.52 ms
  Storage Write P95 (Total): 7680.94 ms

### STORAGE TIER LATENCY BREAKDOWN (Device = Disk I/O, Host = Serialization) ###
  Storage Read:
    - Device P95 (Disk I/O): 11913.41 ms
    - Host P95 (Serialization): 3486.57 ms
    - Total P95: 14076.52 ms
  Storage Write:
    - Device P95 (Disk I/O): 341.04 ms
    - Host P95 (Serialization): 7431.99 ms
    - Total P95: 7680.94 ms

### CACHE TYPE BREAKDOWNS ###
  System Prompt Hits: 346
  Common Phrase Hits: 0
  User Cache Hits: 1503
  Multi-turn Hits: 23

### PREFIX CACHING ###
  Prefix Hits: 63
  Prefix Misses: 260
  System Prompt Reuse: 63
  Bytes Saved: 0.12GiB

### MULTI-TURN CONVERSATIONS ###
  Multi-turn Cache Hits: 23
  Multi-turn Cache Misses: 315
  Multi-turn Hit Rate: 6.8%

### QOS LATENCY METRICS (Informational - includes simulated generation) ###

  INTERACTIVE:
    Requests: 265
    Latency P95: 350554.77 ms
    Latency P99: 358531.00 ms
    SLA Met: [X] (compliance: 0.0%)

  RESPONSIVE:
    Requests: 28
    Latency P95: 161150.92 ms
    Latency P99: 265037.62 ms
    SLA Met: [X] (compliance: 0.0%)

  BATCH:
    Requests: 24
    Latency P95: 183078.58 ms
    Latency P99: 198979.59 ms
    SLA Met: [X] (compliance: 0.0%)

================================================================================
NOTES:
  - Pure storage I/O benchmark (no generation simulation)
================================================================================

Integrated Multi-User KV Cache Benchmark - MLPerf Edition
Model: Llama 3.1 70B Instruct
GPU Memory: 0 GB
Users: 70
Duration: 300s
Seed: 182
Generation Mode: none (0.0ms/token)
Features:
  - Phase-Aware Processing: Enabled
  - Multi-turn Conversations: Enabled
  - Prefix Caching: Enabled
  - RAG Workload: Disabled
  - Autoscaling: Disabled
  - QoS Support: Enabled (Interactive/Responsive/Batch)
  - Trace-Driven (BurstGPT): Disabled
  - ShareGPT Dataset: Disabled
  - Max Concurrent Allocations: 4 (bounds RAM usage)
================================================================================

User Context Length Distribution:
  Min: 518 tokens (161.88MiB)
  Max: 24761 tokens (7737.81MiB)
  Mean: 8495 tokens (2654.73MiB)

QoS Distribution:
  interactive: 12 users
  responsive: 22 users
  batch: 36 users

### MEMORY SAFETY CHECK ###
  Formula: peak = (workers x 2 x mean_entry_bytes) + baseline
         = (70 x 2 x 2500MiB) + 2.5GiB
         = 344.3GiB
  Available RAM: 989.6GiB
  Mean entry size: 2500MiB  (8000 tok x 327,680 B/tok)
  Peak per thread: 5000MiB  (np.load + np.array copy)
  Worker threads: 70
  Safe concurrent readers: ~202  = (available - baseline) / peak_per_thread
  Status: OK

Starting benchmark... Mode: standard (prefill+decode)
--------------------------------------------------------------------------------

================================================================================
BENCHMARK RESULTS - MLPerf KV Cache Storage Benchmark
Generation Mode: none (0.0ms/token)
================================================================================

IMPORTANT: All storage latencies below are measured per KV cache BLOCK,
not per token or per disk page.  Each block holds the full KV state for
one request (all layers, all heads, full sequence length).
  Model KV bytes/token: 327,680 bytes (320.0KiB)
  Entries in cache: 296
  Block size min:   58.4MiB
  Block size mean:  1279.6MiB
  Block size P95:   3751.2MiB
  Block size max:   5692.5MiB
  A 200MiB block at 1GiB/s NVMe read = ~200 ms device latency.
  Compare latencies against block sizes, not against 4KiB page I/O.


### OVERALL PERFORMANCE ###
Requests Completed: 289
Total Tokens Generated: 36458
Throughput (wall-clock): 121.45 tokens/sec
Throughput (storage I/O): 5.19 tokens/sec
Requests/sec: 0.96

### END-TO-END LATENCY (Queue Wait + Storage I/O + Generation) ###
  Mean: 189879.62 ms
  P50:  204442.06 ms
  P95:  354418.79 ms
  P99:  362239.99 ms

### PER-REQUEST STORAGE LATENCY (All I/O ops for one request) ###
  Mean: 24295.96 ms
  P50:  10764.83 ms
  P95:  86478.06 ms
  P99:  113147.16 ms
  (= 1 prefill write + N decode reads per request)

### STORAGE PERFORMANCE ###
  Cache Hit Rate: 82.9%
  Total Read: 1698.93GiB
  Total Write: 369.87GiB
  Read/Write Ratio: 4.59
  Storage KV Read Operations/sec: 4.74
  Storage KV Write Operations/sec: 0.99

### CACHE TIER DISTRIBUTION ###
  GPU Entries: 0 (0.00GiB)
  CPU Entries: 0 (0.00GiB)
  Storage Entries: 296

### TIER-SPECIFIC KV BYTES ###
  Storage KV Bytes Written: 369.87GiB
  Storage KV Bytes Read: 1698.93GiB

### STORAGE KV BANDWIDTH ###
  Storage KV Read Bandwidth: 5.66GiB/s
  Storage KV Write Bandwidth: 1.23GiB/s

### TIER-SPECIFIC LATENCIES (Total = Host + Device) ###
  Storage Read P95 (Total): 14341.17 ms
  Storage Write P95 (Total): 8099.88 ms

### STORAGE TIER LATENCY BREAKDOWN (Device = Disk I/O, Host = Serialization) ###
  Storage Read:
    - Device P95 (Disk I/O): 11116.67 ms
    - Host P95 (Serialization): 4586.38 ms
    - Total P95: 14341.17 ms
  Storage Write:
    - Device P95 (Disk I/O): 519.13 ms
    - Host P95 (Serialization): 7969.89 ms
    - Total P95: 8099.88 ms

### CACHE TYPE BREAKDOWNS ###
  System Prompt Hits: 243
  Common Phrase Hits: 0
  User Cache Hits: 1154
  Multi-turn Hits: 26

### PREFIX CACHING ###
  Prefix Hits: 54
  Prefix Misses: 242
  System Prompt Reuse: 54
  Bytes Saved: 0.11GiB

### MULTI-TURN CONVERSATIONS ###
  Multi-turn Cache Hits: 26
  Multi-turn Cache Misses: 240
  Multi-turn Hit Rate: 9.8%

### QOS LATENCY METRICS (Informational - includes simulated generation) ###

  INTERACTIVE:
    Requests: 237
    Latency P95: 356298.50 ms
    Latency P99: 363725.86 ms
    SLA Met: [X] (compliance: 0.0%)

  RESPONSIVE:
    Requests: 26
    Latency P95: 143551.93 ms
    Latency P99: 232461.76 ms
    SLA Met: [X] (compliance: 0.0%)

  BATCH:
    Requests: 26
    Latency P95: 121895.73 ms
    Latency P99: 125590.20 ms
    SLA Met: [X] (compliance: 0.0%)

================================================================================
NOTES:
  - Pure storage I/O benchmark (no generation simulation)
================================================================================

Integrated Multi-User KV Cache Benchmark - MLPerf Edition
Model: Llama 3.1 70B Instruct
GPU Memory: 0 GB
Users: 70
Duration: 300s
Seed: 201
Generation Mode: none (0.0ms/token)
Features:
  - Phase-Aware Processing: Enabled
  - Multi-turn Conversations: Enabled
  - Prefix Caching: Enabled
  - RAG Workload: Disabled
  - Autoscaling: Disabled
  - QoS Support: Enabled (Interactive/Responsive/Batch)
  - Trace-Driven (BurstGPT): Disabled
  - ShareGPT Dataset: Disabled
  - Max Concurrent Allocations: 4 (bounds RAM usage)
================================================================================

User Context Length Distribution:
  Min: 538 tokens (168.12MiB)
  Max: 23189 tokens (7246.56MiB)
  Mean: 7932 tokens (2478.72MiB)

QoS Distribution:
  interactive: 9 users
  responsive: 20 users
  batch: 41 users

### MEMORY SAFETY CHECK ###
  Formula: peak = (workers x 2 x mean_entry_bytes) + baseline
         = (70 x 2 x 2500MiB) + 2.5GiB
         = 344.3GiB
  Available RAM: 989.4GiB
  Mean entry size: 2500MiB  (8000 tok x 327,680 B/tok)
  Peak per thread: 5000MiB  (np.load + np.array copy)
  Worker threads: 70
  Safe concurrent readers: ~202  = (available - baseline) / peak_per_thread
  Status: OK

Starting benchmark... Mode: standard (prefill+decode)
--------------------------------------------------------------------------------

================================================================================
BENCHMARK RESULTS - MLPerf KV Cache Storage Benchmark
Generation Mode: none (0.0ms/token)
================================================================================

IMPORTANT: All storage latencies below are measured per KV cache BLOCK,
not per token or per disk page.  Each block holds the full KV state for
one request (all layers, all heads, full sequence length).
  Model KV bytes/token: 327,680 bytes (320.0KiB)
  Entries in cache: 283
  Block size min:   41.9MiB
  Block size mean:  1171.6MiB
  Block size P95:   3380.6MiB
  Block size max:   6461.6MiB
  A 200MiB block at 1GiB/s NVMe read = ~200 ms device latency.
  Compare latencies against block sizes, not against 4KiB page I/O.


### OVERALL PERFORMANCE ###
Requests Completed: 269
Total Tokens Generated: 42224
Throughput (wall-clock): 136.43 tokens/sec
Throughput (storage I/O): 5.13 tokens/sec
Requests/sec: 0.87

### END-TO-END LATENCY (Queue Wait + Storage I/O + Generation) ###
  Mean: 168883.97 ms
  P50:  157347.79 ms
  P95:  343032.20 ms
  P99:  350133.07 ms

### PER-REQUEST STORAGE LATENCY (All I/O ops for one request) ###
  Mean: 30581.68 ms
  P50:  17941.07 ms
  P95:  108276.04 ms
  P99:  141228.92 ms
  (= 1 prefill write + N decode reads per request)

### STORAGE PERFORMANCE ###
  Cache Hit Rate: 80.6%
  Total Read: 1929.89GiB
  Total Write: 323.80GiB
  Read/Write Ratio: 5.96
  Storage KV Read Operations/sec: 5.82
  Storage KV Write Operations/sec: 0.94

### CACHE TIER DISTRIBUTION ###
  GPU Entries: 0 (0.00GiB)
  CPU Entries: 0 (0.00GiB)
  Storage Entries: 283

### TIER-SPECIFIC KV BYTES ###
  Storage KV Bytes Written: 323.80GiB
  Storage KV Bytes Read: 1929.89GiB

### STORAGE KV BANDWIDTH ###
  Storage KV Read Bandwidth: 6.24GiB/s
  Storage KV Write Bandwidth: 1.05GiB/s

### TIER-SPECIFIC LATENCIES (Total = Host + Device) ###
  Storage Read P95 (Total): 15022.07 ms
  Storage Write P95 (Total): 7787.69 ms

### STORAGE TIER LATENCY BREAKDOWN (Device = Disk I/O, Host = Serialization) ###
  Storage Read:
    - Device P95 (Disk I/O): 11784.81 ms
    - Host P95 (Serialization): 5432.15 ms
    - Total P95: 15022.07 ms
  Storage Write:
    - Device P95 (Disk I/O): 810.24 ms
    - Host P95 (Serialization): 7556.04 ms
    - Total P95: 7787.69 ms

### CACHE TYPE BREAKDOWNS ###
  System Prompt Hits: 320
  Common Phrase Hits: 0
  User Cache Hits: 1365
  Multi-turn Hits: 62

### PREFIX CACHING ###
  Prefix Hits: 59
  Prefix Misses: 224
  System Prompt Reuse: 59
  Bytes Saved: 0.12GiB

### MULTI-TURN CONVERSATIONS ###
  Multi-turn Cache Hits: 62
  Multi-turn Cache Misses: 360
  Multi-turn Hit Rate: 14.7%

### QOS LATENCY METRICS (Informational - includes simulated generation) ###

  INTERACTIVE:
    Requests: 211
    Latency P95: 344777.58 ms
    Latency P99: 350405.09 ms
    SLA Met: [X] (compliance: 0.0%)

  RESPONSIVE:
    Requests: 28
    Latency P95: 173573.26 ms
    Latency P99: 255647.03 ms
    SLA Met: [X] (compliance: 0.0%)

  BATCH:
    Requests: 30
    Latency P95: 73663.18 ms
    Latency P99: 83457.16 ms
    SLA Met: [X] (compliance: 0.0%)

================================================================================
NOTES:
  - Pure storage I/O benchmark (no generation simulation)
================================================================================

Integrated Multi-User KV Cache Benchmark - MLPerf Edition
Model: Llama 3.1 70B Instruct
GPU Memory: 0 GB
Users: 70
Duration: 300s
Seed: 75
Generation Mode: none (0.0ms/token)
Features:
  - Phase-Aware Processing: Enabled
  - Multi-turn Conversations: Enabled
  - Prefix Caching: Enabled
  - RAG Workload: Disabled
  - Autoscaling: Disabled
  - QoS Support: Enabled (Interactive/Responsive/Batch)
  - Trace-Driven (BurstGPT): Disabled
  - ShareGPT Dataset: Disabled
  - Max Concurrent Allocations: 4 (bounds RAM usage)
================================================================================

User Context Length Distribution:
  Min: 727 tokens (227.19MiB)
  Max: 22569 tokens (7052.81MiB)
  Mean: 10107 tokens (3158.54MiB)

QoS Distribution:
  interactive: 11 users
  responsive: 25 users
  batch: 34 users

### MEMORY SAFETY CHECK ###
  Formula: peak = (workers x 2 x mean_entry_bytes) + baseline
         = (70 x 2 x 2500MiB) + 2.5GiB
         = 344.3GiB
  Available RAM: 990.5GiB
  Mean entry size: 2500MiB  (8000 tok x 327,680 B/tok)
  Peak per thread: 5000MiB  (np.load + np.array copy)
  Worker threads: 70
  Safe concurrent readers: ~202  = (available - baseline) / peak_per_thread
  Status: OK

Starting benchmark... Mode: standard (prefill+decode)
--------------------------------------------------------------------------------

================================================================================
BENCHMARK RESULTS - MLPerf KV Cache Storage Benchmark
Generation Mode: none (0.0ms/token)
================================================================================

IMPORTANT: All storage latencies below are measured per KV cache BLOCK,
not per token or per disk page.  Each block holds the full KV state for
one request (all layers, all heads, full sequence length).
  Model KV bytes/token: 327,680 bytes (320.0KiB)
  Entries in cache: 332
  Block size min:   61.6MiB
  Block size mean:  1022.1MiB
  Block size P95:   3231.0MiB
  Block size max:   6316.2MiB
  A 200MiB block at 1GiB/s NVMe read = ~200 ms device latency.
  Compare latencies against block sizes, not against 4KiB page I/O.


### OVERALL PERFORMANCE ###
Requests Completed: 327
Total Tokens Generated: 42376
Throughput (wall-clock): 139.73 tokens/sec
Throughput (storage I/O): 5.82 tokens/sec
Requests/sec: 1.08

### END-TO-END LATENCY (Queue Wait + Storage I/O + Generation) ###
  Mean: 194355.13 ms
  P50:  190518.28 ms
  P95:  348401.44 ms
  P99:  358849.94 ms

### PER-REQUEST STORAGE LATENCY (All I/O ops for one request) ###
  Mean: 22247.58 ms
  P50:  14136.61 ms
  P95:  70545.82 ms
  P99:  117750.71 ms
  (= 1 prefill write + N decode reads per request)

### STORAGE PERFORMANCE ###
  Cache Hit Rate: 85.2%
  Total Read: 1622.39GiB
  Total Write: 331.39GiB
  Read/Write Ratio: 4.90
  Storage KV Read Operations/sec: 5.61
  Storage KV Write Operations/sec: 1.11

### CACHE TIER DISTRIBUTION ###
  GPU Entries: 0 (0.00GiB)
  CPU Entries: 0 (0.00GiB)
  Storage Entries: 332

### TIER-SPECIFIC KV BYTES ###
  Storage KV Bytes Written: 331.39GiB
  Storage KV Bytes Read: 1622.39GiB

### STORAGE KV BANDWIDTH ###
  Storage KV Read Bandwidth: 5.35GiB/s
  Storage KV Write Bandwidth: 1.09GiB/s

### TIER-SPECIFIC LATENCIES (Total = Host + Device) ###
  Storage Read P95 (Total): 12852.50 ms
  Storage Write P95 (Total): 6083.74 ms

### STORAGE TIER LATENCY BREAKDOWN (Device = Disk I/O, Host = Serialization) ###
  Storage Read:
    - Device P95 (Disk I/O): 10542.79 ms
    - Host P95 (Serialization): 3395.82 ms
    - Total P95: 12852.50 ms
  Storage Write:
    - Device P95 (Disk I/O): 412.65 ms
    - Host P95 (Serialization): 6010.15 ms
    - Total P95: 6083.74 ms

### CACHE TYPE BREAKDOWNS ###
  System Prompt Hits: 333
  Common Phrase Hits: 0
  User Cache Hits: 1324
  Multi-turn Hits: 26

### PREFIX CACHING ###
  Prefix Hits: 61
  Prefix Misses: 271
  System Prompt Reuse: 61
  Bytes Saved: 0.13GiB

### MULTI-TURN CONVERSATIONS ###
  Multi-turn Cache Hits: 26
  Multi-turn Cache Misses: 231
  Multi-turn Hit Rate: 10.1%

### QOS LATENCY METRICS (Informational - includes simulated generation) ###

  INTERACTIVE:
    Requests: 274
    Latency P95: 350867.82 ms
    Latency P99: 359389.90 ms
    SLA Met: [X] (compliance: 0.0%)

  RESPONSIVE:
    Requests: 26
    Latency P95: 154829.37 ms
    Latency P99: 173711.32 ms
    SLA Met: [X] (compliance: 0.0%)

  BATCH:
    Requests: 27
    Latency P95: 178388.69 ms
    Latency P99: 187754.34 ms
    SLA Met: [X] (compliance: 0.0%)

================================================================================
NOTES:
  - Pure storage I/O benchmark (no generation simulation)
================================================================================

Integrated Multi-User KV Cache Benchmark - MLPerf Edition
Model: Llama 3.1 70B Instruct
GPU Memory: 0 GB
Users: 70
Duration: 300s
Seed: 131
Generation Mode: none (0.0ms/token)
Features:
  - Phase-Aware Processing: Enabled
  - Multi-turn Conversations: Enabled
  - Prefix Caching: Enabled
  - RAG Workload: Disabled
  - Autoscaling: Disabled
  - QoS Support: Enabled (Interactive/Responsive/Batch)
  - Trace-Driven (BurstGPT): Disabled
  - ShareGPT Dataset: Disabled
  - Max Concurrent Allocations: 4 (bounds RAM usage)
================================================================================

User Context Length Distribution:
  Min: 592 tokens (185.00MiB)
  Max: 24347 tokens (7608.44MiB)
  Mean: 8460 tokens (2643.73MiB)

QoS Distribution:
  interactive: 7 users
  responsive: 29 users
  batch: 34 users

### MEMORY SAFETY CHECK ###
  Formula: peak = (workers x 2 x mean_entry_bytes) + baseline
         = (70 x 2 x 2500MiB) + 2.5GiB
         = 344.3GiB
  Available RAM: 989.6GiB
  Mean entry size: 2500MiB  (8000 tok x 327,680 B/tok)
  Peak per thread: 5000MiB  (np.load + np.array copy)
  Worker threads: 70
  Safe concurrent readers: ~202  = (available - baseline) / peak_per_thread
  Status: OK

Starting benchmark... Mode: standard (prefill+decode)
--------------------------------------------------------------------------------

================================================================================
BENCHMARK RESULTS - MLPerf KV Cache Storage Benchmark
Generation Mode: none (0.0ms/token)
================================================================================

IMPORTANT: All storage latencies below are measured per KV cache BLOCK,
not per token or per disk page.  Each block holds the full KV state for
one request (all layers, all heads, full sequence length).
  Model KV bytes/token: 327,680 bytes (320.0KiB)
  Entries in cache: 285
  Block size min:   73.8MiB
  Block size mean:  1127.9MiB
  Block size P95:   2765.3MiB
  Block size max:   5868.4MiB
  A 200MiB block at 1GiB/s NVMe read = ~200 ms device latency.
  Compare latencies against block sizes, not against 4KiB page I/O.


### OVERALL PERFORMANCE ###
Requests Completed: 278
Total Tokens Generated: 41799
Throughput (wall-clock): 139.33 tokens/sec
Throughput (storage I/O): 5.02 tokens/sec
Requests/sec: 0.93

### END-TO-END LATENCY (Queue Wait + Storage I/O + Generation) ###
  Mean: 189405.99 ms
  P50:  197630.74 ms
  P95:  336771.27 ms
  P99:  348102.02 ms

### PER-REQUEST STORAGE LATENCY (All I/O ops for one request) ###
  Mean: 29933.80 ms
  P50:  21086.74 ms
  P95:  81710.54 ms
  P99:  127100.80 ms
  (= 1 prefill write + N decode reads per request)

### STORAGE PERFORMANCE ###
  Cache Hit Rate: 84.8%
  Total Read: 1864.17GiB
  Total Write: 313.93GiB
  Read/Write Ratio: 5.94
  Storage KV Read Operations/sec: 5.60
  Storage KV Write Operations/sec: 0.95

### CACHE TIER DISTRIBUTION ###
  GPU Entries: 0 (0.00GiB)
  CPU Entries: 0 (0.00GiB)
  Storage Entries: 285

### TIER-SPECIFIC KV BYTES ###
  Storage KV Bytes Written: 313.93GiB
  Storage KV Bytes Read: 1864.17GiB

### STORAGE KV BANDWIDTH ###
  Storage KV Read Bandwidth: 6.21GiB/s
  Storage KV Write Bandwidth: 1.05GiB/s

### TIER-SPECIFIC LATENCIES (Total = Host + Device) ###
  Storage Read P95 (Total): 12776.03 ms
  Storage Write P95 (Total): 9862.77 ms

### STORAGE TIER LATENCY BREAKDOWN (Device = Disk I/O, Host = Serialization) ###
  Storage Read:
    - Device P95 (Disk I/O): 11344.67 ms
    - Host P95 (Serialization): 3658.64 ms
    - Total P95: 12776.03 ms
  Storage Write:
    - Device P95 (Disk I/O): 825.39 ms
    - Host P95 (Serialization): 8441.33 ms
    - Total P95: 9862.77 ms

### CACHE TYPE BREAKDOWNS ###
  System Prompt Hits: 356
  Common Phrase Hits: 0
  User Cache Hits: 1295
  Multi-turn Hits: 30

### PREFIX CACHING ###
  Prefix Hits: 62
  Prefix Misses: 223
  System Prompt Reuse: 62
  Bytes Saved: 0.13GiB

### MULTI-TURN CONVERSATIONS ###
  Multi-turn Cache Hits: 30
  Multi-turn Cache Misses: 240
  Multi-turn Hit Rate: 11.1%

### QOS LATENCY METRICS (Informational - includes simulated generation) ###

  INTERACTIVE:
    Requests: 215
    Latency P95: 338710.89 ms
    Latency P99: 349143.42 ms
    SLA Met: [X] (compliance: 0.0%)

  RESPONSIVE:
    Requests: 26
    Latency P95: 144057.15 ms
    Latency P99: 151161.27 ms
    SLA Met: [X] (compliance: 0.0%)

  BATCH:
    Requests: 37
    Latency P95: 163077.90 ms
    Latency P99: 208981.24 ms
    SLA Met: [X] (compliance: 0.0%)

================================================================================
NOTES:
  - Pure storage I/O benchmark (no generation simulation)
================================================================================

Integrated Multi-User KV Cache Benchmark - MLPerf Edition
Model: Llama 3.1 70B Instruct
GPU Memory: 0 GB
Users: 70
Duration: 300s
Seed: 44
Generation Mode: none (0.0ms/token)
Features:
  - Phase-Aware Processing: Enabled
  - Multi-turn Conversations: Enabled
  - Prefix Caching: Enabled
  - RAG Workload: Disabled
  - Autoscaling: Disabled
  - QoS Support: Enabled (Interactive/Responsive/Batch)
  - Trace-Driven (BurstGPT): Disabled
  - ShareGPT Dataset: Disabled
  - Max Concurrent Allocations: 4 (bounds RAM usage)
================================================================================

User Context Length Distribution:
  Min: 539 tokens (168.44MiB)
  Max: 24951 tokens (7797.19MiB)
  Mean: 9175 tokens (2867.08MiB)

QoS Distribution:
  interactive: 16 users
  responsive: 19 users
  batch: 35 users

### MEMORY SAFETY CHECK ###
  Formula: peak = (workers x 2 x mean_entry_bytes) + baseline
         = (70 x 2 x 2500MiB) + 2.5GiB
         = 344.3GiB
  Available RAM: 986.6GiB
  Mean entry size: 2500MiB  (8000 tok x 327,680 B/tok)
  Peak per thread: 5000MiB  (np.load + np.array copy)
  Worker threads: 70
  Safe concurrent readers: ~201  = (available - baseline) / peak_per_thread
  Status: OK

Starting benchmark... Mode: standard (prefill+decode)
--------------------------------------------------------------------------------

================================================================================
BENCHMARK RESULTS - MLPerf KV Cache Storage Benchmark
Generation Mode: none (0.0ms/token)
================================================================================

IMPORTANT: All storage latencies below are measured per KV cache BLOCK,
not per token or per disk page.  Each block holds the full KV state for
one request (all layers, all heads, full sequence length).
  Model KV bytes/token: 327,680 bytes (320.0KiB)
  Entries in cache: 256
  Block size min:   47.5MiB
  Block size mean:  1450.6MiB
  Block size P95:   4808.1MiB
  Block size max:   6915.9MiB
  A 200MiB block at 1GiB/s NVMe read = ~200 ms device latency.
  Compare latencies against block sizes, not against 4KiB page I/O.


### OVERALL PERFORMANCE ###
Requests Completed: 245
Total Tokens Generated: 41484
Throughput (wall-clock): 138.28 tokens/sec
Throughput (storage I/O): 5.58 tokens/sec
Requests/sec: 0.82

### END-TO-END LATENCY (Queue Wait + Storage I/O + Generation) ###
  Mean: 189096.38 ms
  P50:  191327.48 ms
  P95:  355349.02 ms
  P99:  365566.16 ms

### PER-REQUEST STORAGE LATENCY (All I/O ops for one request) ###
  Mean: 30347.77 ms
  P50:  15965.59 ms
  P95:  103160.67 ms
  P99:  136403.34 ms
  (= 1 prefill write + N decode reads per request)

### STORAGE PERFORMANCE ###
  Cache Hit Rate: 81.4%
  Total Read: 1895.30GiB
  Total Write: 362.64GiB
  Read/Write Ratio: 5.23
  Storage KV Read Operations/sec: 4.99
  Storage KV Write Operations/sec: 0.85

### CACHE TIER DISTRIBUTION ###
  GPU Entries: 0 (0.00GiB)
  CPU Entries: 0 (0.00GiB)
  Storage Entries: 256

### TIER-SPECIFIC KV BYTES ###
  Storage KV Bytes Written: 362.64GiB
  Storage KV Bytes Read: 1895.30GiB

### STORAGE KV BANDWIDTH ###
  Storage KV Read Bandwidth: 6.32GiB/s
  Storage KV Write Bandwidth: 1.21GiB/s

### TIER-SPECIFIC LATENCIES (Total = Host + Device) ###
  Storage Read P95 (Total): 14114.62 ms
  Storage Write P95 (Total): 8333.05 ms

### STORAGE TIER LATENCY BREAKDOWN (Device = Disk I/O, Host = Serialization) ###
  Storage Read:
    - Device P95 (Disk I/O): 12031.26 ms
    - Host P95 (Serialization): 4311.79 ms
    - Total P95: 14114.62 ms
  Storage Write:
    - Device P95 (Disk I/O): 524.65 ms
    - Host P95 (Serialization): 8123.08 ms
    - Total P95: 8333.05 ms

### CACHE TYPE BREAKDOWNS ###
  System Prompt Hits: 382
  Common Phrase Hits: 0
  User Cache Hits: 1080
  Multi-turn Hits: 36

### PREFIX CACHING ###
  Prefix Hits: 58
  Prefix Misses: 198
  System Prompt Reuse: 58
  Bytes Saved: 0.12GiB

### MULTI-TURN CONVERSATIONS ###
  Multi-turn Cache Hits: 36
  Multi-turn Cache Misses: 285
  Multi-turn Hit Rate: 11.2%

### QOS LATENCY METRICS (Informational - includes simulated generation) ###

  INTERACTIVE:
    Requests: 196
    Latency P95: 357213.09 ms
    Latency P99: 367189.32 ms
    SLA Met: [X] (compliance: 0.0%)

  RESPONSIVE:
    Requests: 17
    Latency P95: 171579.45 ms
    Latency P99: 183751.24 ms
    SLA Met: [X] (compliance: 0.0%)

  BATCH:
    Requests: 32
    Latency P95: 105735.51 ms
    Latency P99: 188634.13 ms
    SLA Met: [X] (compliance: 0.0%)

================================================================================
NOTES:
  - Pure storage I/O benchmark (no generation simulation)
================================================================================

Integrated Multi-User KV Cache Benchmark - MLPerf Edition
Model: Llama 3.1 70B Instruct
GPU Memory: 0 GB
Users: 70
Duration: 300s
Seed: 181
Generation Mode: none (0.0ms/token)
Features:
  - Phase-Aware Processing: Enabled
  - Multi-turn Conversations: Enabled
  - Prefix Caching: Enabled
  - RAG Workload: Disabled
  - Autoscaling: Disabled
  - QoS Support: Enabled (Interactive/Responsive/Batch)
  - Trace-Driven (BurstGPT): Disabled
  - ShareGPT Dataset: Disabled
  - Max Concurrent Allocations: 4 (bounds RAM usage)
================================================================================

User Context Length Distribution:
  Min: 566 tokens (176.88MiB)
  Max: 23813 tokens (7441.56MiB)
  Mean: 10071 tokens (3147.23MiB)

QoS Distribution:
  interactive: 11 users
  responsive: 27 users
  batch: 32 users

### MEMORY SAFETY CHECK ###
  Formula: peak = (workers x 2 x mean_entry_bytes) + baseline
         = (70 x 2 x 2500MiB) + 2.5GiB
         = 344.3GiB
  Available RAM: 986.2GiB
  Mean entry size: 2500MiB  (8000 tok x 327,680 B/tok)
  Peak per thread: 5000MiB  (np.load + np.array copy)
  Worker threads: 70
  Safe concurrent readers: ~201  = (available - baseline) / peak_per_thread
  Status: OK

Starting benchmark... Mode: standard (prefill+decode)
--------------------------------------------------------------------------------

================================================================================
BENCHMARK RESULTS - MLPerf KV Cache Storage Benchmark
Generation Mode: none (0.0ms/token)
================================================================================

IMPORTANT: All storage latencies below are measured per KV cache BLOCK,
not per token or per disk page.  Each block holds the full KV state for
one request (all layers, all heads, full sequence length).
  Model KV bytes/token: 327,680 bytes (320.0KiB)
  Entries in cache: 265
  Block size min:   51.2MiB
  Block size mean:  1350.5MiB
  Block size P95:   4152.7MiB
  Block size max:   7045.6MiB
  A 200MiB block at 1GiB/s NVMe read = ~200 ms device latency.
  Compare latencies against block sizes, not against 4KiB page I/O.


### OVERALL PERFORMANCE ###
Requests Completed: 254
Total Tokens Generated: 38318
Throughput (wall-clock): 127.68 tokens/sec
Throughput (storage I/O): 5.23 tokens/sec
Requests/sec: 0.85

### END-TO-END LATENCY (Queue Wait + Storage I/O + Generation) ###
  Mean: 184768.24 ms
  P50:  186986.78 ms
  P95:  348549.70 ms
  P99:  361208.99 ms

### PER-REQUEST STORAGE LATENCY (All I/O ops for one request) ###
  Mean: 28847.02 ms
  P50:  16184.31 ms
  P95:  88213.97 ms
  P99:  128494.81 ms
  (= 1 prefill write + N decode reads per request)

### STORAGE PERFORMANCE ###
  Cache Hit Rate: 82.1%
  Total Read: 1858.94GiB
  Total Write: 349.49GiB
  Read/Write Ratio: 5.32
  Storage KV Read Operations/sec: 4.97
  Storage KV Write Operations/sec: 0.88

### CACHE TIER DISTRIBUTION ###
  GPU Entries: 0 (0.00GiB)
  CPU Entries: 0 (0.00GiB)
  Storage Entries: 265

### TIER-SPECIFIC KV BYTES ###
  Storage KV Bytes Written: 349.49GiB
  Storage KV Bytes Read: 1858.94GiB

### STORAGE KV BANDWIDTH ###
  Storage KV Read Bandwidth: 6.19GiB/s
  Storage KV Write Bandwidth: 1.16GiB/s

### TIER-SPECIFIC LATENCIES (Total = Host + Device) ###
  Storage Read P95 (Total): 15946.53 ms
  Storage Write P95 (Total): 9255.81 ms

### STORAGE TIER LATENCY BREAKDOWN (Device = Disk I/O, Host = Serialization) ###
  Storage Read:
    - Device P95 (Disk I/O): 13105.50 ms
    - Host P95 (Serialization): 5216.60 ms
    - Total P95: 15946.53 ms
  Storage Write:
    - Device P95 (Disk I/O): 826.07 ms
    - Host P95 (Serialization): 8425.66 ms
    - Total P95: 9255.81 ms

### CACHE TYPE BREAKDOWNS ###
  System Prompt Hits: 267
  Common Phrase Hits: 0
  User Cache Hits: 1192
  Multi-turn Hits: 32

### PREFIX CACHING ###
  Prefix Hits: 46
  Prefix Misses: 219
  System Prompt Reuse: 46
  Bytes Saved: 0.09GiB

### MULTI-TURN CONVERSATIONS ###
  Multi-turn Cache Hits: 32
  Multi-turn Cache Misses: 278
  Multi-turn Hit Rate: 10.3%

### QOS LATENCY METRICS (Informational - includes simulated generation) ###

  INTERACTIVE:
    Requests: 201
    Latency P95: 349690.80 ms
    Latency P99: 362018.20 ms
    SLA Met: [X] (compliance: 0.0%)

  RESPONSIVE:
    Requests: 21
    Latency P95: 125012.06 ms
    Latency P99: 207408.16 ms
    SLA Met: [X] (compliance: 0.0%)

  BATCH:
    Requests: 32
    Latency P95: 212546.79 ms
    Latency P99: 259417.05 ms
    SLA Met: [X] (compliance: 0.0%)

================================================================================
NOTES:
  - Pure storage I/O benchmark (no generation simulation)
================================================================================

Integrated Multi-User KV Cache Benchmark - MLPerf Edition
Model: Llama 3.1 70B Instruct
GPU Memory: 0 GB
Users: 70
Duration: 300s
Seed: 58
Generation Mode: none (0.0ms/token)
Features:
  - Phase-Aware Processing: Enabled
  - Multi-turn Conversations: Enabled
  - Prefix Caching: Enabled
  - RAG Workload: Disabled
  - Autoscaling: Disabled
  - QoS Support: Enabled (Interactive/Responsive/Batch)
  - Trace-Driven (BurstGPT): Disabled
  - ShareGPT Dataset: Disabled
  - Max Concurrent Allocations: 4 (bounds RAM usage)
================================================================================

User Context Length Distribution:
  Min: 666 tokens (208.12MiB)
  Max: 22851 tokens (7140.94MiB)
  Mean: 8621 tokens (2694.00MiB)

QoS Distribution:
  interactive: 9 users
  responsive: 28 users
  batch: 33 users

### MEMORY SAFETY CHECK ###
  Formula: peak = (workers x 2 x mean_entry_bytes) + baseline
         = (70 x 2 x 2500MiB) + 2.5GiB
         = 344.3GiB
  Available RAM: 988.5GiB
  Mean entry size: 2500MiB  (8000 tok x 327,680 B/tok)
  Peak per thread: 5000MiB  (np.load + np.array copy)
  Worker threads: 70
  Safe concurrent readers: ~201  = (available - baseline) / peak_per_thread
  Status: OK

Starting benchmark... Mode: standard (prefill+decode)
--------------------------------------------------------------------------------

================================================================================
BENCHMARK RESULTS - MLPerf KV Cache Storage Benchmark
Generation Mode: none (0.0ms/token)
================================================================================

IMPORTANT: All storage latencies below are measured per KV cache BLOCK,
not per token or per disk page.  Each block holds the full KV state for
one request (all layers, all heads, full sequence length).
  Model KV bytes/token: 327,680 bytes (320.0KiB)
  Entries in cache: 306
  Block size min:   72.5MiB
  Block size mean:  1180.9MiB
  Block size P95:   4539.6MiB
  Block size max:   7038.4MiB
  A 200MiB block at 1GiB/s NVMe read = ~200 ms device latency.
  Compare latencies against block sizes, not against 4KiB page I/O.


### OVERALL PERFORMANCE ###
Requests Completed: 299
Total Tokens Generated: 38633
Throughput (wall-clock): 128.77 tokens/sec
Throughput (storage I/O): 5.60 tokens/sec
Requests/sec: 1.00

### END-TO-END LATENCY (Queue Wait + Storage I/O + Generation) ###
  Mean: 177305.19 ms
  P50:  180441.16 ms
  P95:  341152.63 ms
  P99:  356490.43 ms

### PER-REQUEST STORAGE LATENCY (All I/O ops for one request) ###
  Mean: 23072.57 ms
  P50:  11025.03 ms
  P95:  78423.04 ms
  P99:  141895.18 ms
  (= 1 prefill write + N decode reads per request)

### STORAGE PERFORMANCE ###
  Cache Hit Rate: 75.5%
  Total Read: 1479.63GiB
  Total Write: 352.87GiB
  Read/Write Ratio: 4.19
  Storage KV Read Operations/sec: 5.05
  Storage KV Write Operations/sec: 1.02

### CACHE TIER DISTRIBUTION ###
  GPU Entries: 0 (0.00GiB)
  CPU Entries: 0 (0.00GiB)
  Storage Entries: 306

### TIER-SPECIFIC KV BYTES ###
  Storage KV Bytes Written: 352.87GiB
  Storage KV Bytes Read: 1479.63GiB

### STORAGE KV BANDWIDTH ###
  Storage KV Read Bandwidth: 4.93GiB/s
  Storage KV Write Bandwidth: 1.18GiB/s

### TIER-SPECIFIC LATENCIES (Total = Host + Device) ###
  Storage Read P95 (Total): 14795.77 ms
  Storage Write P95 (Total): 9097.02 ms

### STORAGE TIER LATENCY BREAKDOWN (Device = Disk I/O, Host = Serialization) ###
  Storage Read:
    - Device P95 (Disk I/O): 12552.79 ms
    - Host P95 (Serialization): 3203.89 ms
    - Total P95: 14795.77 ms
  Storage Write:
    - Device P95 (Disk I/O): 295.01 ms
    - Host P95 (Serialization): 9089.44 ms
    - Total P95: 9097.02 ms

### CACHE TYPE BREAKDOWNS ###
  System Prompt Hits: 234
  Common Phrase Hits: 0
  User Cache Hits: 1235
  Multi-turn Hits: 45

### PREFIX CACHING ###
  Prefix Hits: 46
  Prefix Misses: 260
  System Prompt Reuse: 46
  Bytes Saved: 0.09GiB

### MULTI-TURN CONVERSATIONS ###
  Multi-turn Cache Hits: 45
  Multi-turn Cache Misses: 445
  Multi-turn Hit Rate: 9.2%

### QOS LATENCY METRICS (Informational - includes simulated generation) ###

  INTERACTIVE:
    Requests: 239
    Latency P95: 346269.80 ms
    Latency P99: 356809.98 ms
    SLA Met: [X] (compliance: 0.0%)

  RESPONSIVE:
    Requests: 28
    Latency P95: 86360.92 ms
    Latency P99: 134829.56 ms
    SLA Met: [X] (compliance: 0.0%)

  BATCH:
    Requests: 32
    Latency P95: 179712.18 ms
    Latency P99: 190174.17 ms
    SLA Met: [X] (compliance: 0.0%)

================================================================================
NOTES:
  - Pure storage I/O benchmark (no generation simulation)
================================================================================

Integrated Multi-User KV Cache Benchmark - MLPerf Edition
Model: Llama 3.1 70B Instruct
GPU Memory: 0 GB
Users: 70
Duration: 300s
Seed: 159
Generation Mode: none (0.0ms/token)
Features:
  - Phase-Aware Processing: Enabled
  - Multi-turn Conversations: Enabled
  - Prefix Caching: Enabled
  - RAG Workload: Disabled
  - Autoscaling: Disabled
  - QoS Support: Enabled (Interactive/Responsive/Batch)
  - Trace-Driven (BurstGPT): Disabled
  - ShareGPT Dataset: Disabled
  - Max Concurrent Allocations: 4 (bounds RAM usage)
================================================================================

User Context Length Distribution:
  Min: 595 tokens (185.94MiB)
  Max: 24487 tokens (7652.19MiB)
  Mean: 7866 tokens (2458.09MiB)

QoS Distribution:
  interactive: 8 users
  responsive: 25 users
  batch: 37 users

### MEMORY SAFETY CHECK ###
  Formula: peak = (workers x 2 x mean_entry_bytes) + baseline
         = (70 x 2 x 2500MiB) + 2.5GiB
         = 344.3GiB
  Available RAM: 989.3GiB
  Mean entry size: 2500MiB  (8000 tok x 327,680 B/tok)
  Peak per thread: 5000MiB  (np.load + np.array copy)
  Worker threads: 70
  Safe concurrent readers: ~202  = (available - baseline) / peak_per_thread
  Status: OK

Starting benchmark... Mode: standard (prefill+decode)
--------------------------------------------------------------------------------

================================================================================
BENCHMARK RESULTS - MLPerf KV Cache Storage Benchmark
Generation Mode: none (0.0ms/token)
================================================================================

IMPORTANT: All storage latencies below are measured per KV cache BLOCK,
not per token or per disk page.  Each block holds the full KV state for
one request (all layers, all heads, full sequence length).
  Model KV bytes/token: 327,680 bytes (320.0KiB)
  Entries in cache: 308
  Block size min:   50.3MiB
  Block size mean:  1084.1MiB
  Block size P95:   4550.4MiB
  Block size max:   6859.7MiB
  A 200MiB block at 1GiB/s NVMe read = ~200 ms device latency.
  Compare latencies against block sizes, not against 4KiB page I/O.


### OVERALL PERFORMANCE ###
Requests Completed: 302
Total Tokens Generated: 46725
Throughput (wall-clock): 154.63 tokens/sec
Throughput (storage I/O): 6.53 tokens/sec
Requests/sec: 1.00

### END-TO-END LATENCY (Queue Wait + Storage I/O + Generation) ###
  Mean: 173224.94 ms
  P50:  174306.79 ms
  P95:  339575.18 ms
  P99:  348652.42 ms

### PER-REQUEST STORAGE LATENCY (All I/O ops for one request) ###
  Mean: 23700.85 ms
  P50:  10872.55 ms
  P95:  85039.75 ms
  P99:  136819.03 ms
  (= 1 prefill write + N decode reads per request)

### STORAGE PERFORMANCE ###
  Cache Hit Rate: 81.3%
  Total Read: 1414.83GiB
  Total Write: 326.07GiB
  Read/Write Ratio: 4.34
  Storage KV Read Operations/sec: 5.84
  Storage KV Write Operations/sec: 1.03

### CACHE TIER DISTRIBUTION ###
  GPU Entries: 0 (0.00GiB)
  CPU Entries: 0 (0.00GiB)
  Storage Entries: 308

### TIER-SPECIFIC KV BYTES ###
  Storage KV Bytes Written: 326.07GiB
  Storage KV Bytes Read: 1414.83GiB

### STORAGE KV BANDWIDTH ###
  Storage KV Read Bandwidth: 4.68GiB/s
  Storage KV Write Bandwidth: 1.08GiB/s

### TIER-SPECIFIC LATENCIES (Total = Host + Device) ###
  Storage Read P95 (Total): 12993.64 ms
  Storage Write P95 (Total): 8956.97 ms

### STORAGE TIER LATENCY BREAKDOWN (Device = Disk I/O, Host = Serialization) ###
  Storage Read:
    - Device P95 (Disk I/O): 10489.76 ms
    - Host P95 (Serialization): 3319.66 ms
    - Total P95: 12993.64 ms
  Storage Write:
    - Device P95 (Disk I/O): 281.56 ms
    - Host P95 (Serialization): 8658.08 ms
    - Total P95: 8956.97 ms

### CACHE TYPE BREAKDOWNS ###
  System Prompt Hits: 300
  Common Phrase Hits: 0
  User Cache Hits: 1394
  Multi-turn Hits: 57

### PREFIX CACHING ###
  Prefix Hits: 64
  Prefix Misses: 244
  System Prompt Reuse: 64
  Bytes Saved: 0.13GiB

### MULTI-TURN CONVERSATIONS ###
  Multi-turn Cache Hits: 57
  Multi-turn Cache Misses: 338
  Multi-turn Hit Rate: 14.4%

### QOS LATENCY METRICS (Informational - includes simulated generation) ###

  INTERACTIVE:
    Requests: 247
    Latency P95: 341819.19 ms
    Latency P99: 349261.20 ms
    SLA Met: [X] (compliance: 0.0%)

  RESPONSIVE:
    Requests: 27
    Latency P95: 161327.12 ms
    Latency P99: 182463.89 ms
    SLA Met: [X] (compliance: 0.0%)

  BATCH:
    Requests: 28
    Latency P95: 94232.50 ms
    Latency P99: 126454.13 ms
    SLA Met: [X] (compliance: 0.0%)

================================================================================
NOTES:
  - Pure storage I/O benchmark (no generation simulation)
================================================================================

Integrated Multi-User KV Cache Benchmark - MLPerf Edition
Model: Llama 3.1 70B Instruct
GPU Memory: 0 GB
Users: 70
Duration: 300s
Seed: 197
Generation Mode: none (0.0ms/token)
Features:
  - Phase-Aware Processing: Enabled
  - Multi-turn Conversations: Enabled
  - Prefix Caching: Enabled
  - RAG Workload: Disabled
  - Autoscaling: Disabled
  - QoS Support: Enabled (Interactive/Responsive/Batch)
  - Trace-Driven (BurstGPT): Disabled
  - ShareGPT Dataset: Disabled
  - Max Concurrent Allocations: 4 (bounds RAM usage)
================================================================================

User Context Length Distribution:
  Min: 1097 tokens (342.81MiB)
  Max: 22750 tokens (7109.38MiB)
  Mean: 8826 tokens (2758.08MiB)

QoS Distribution:
  interactive: 10 users
  responsive: 22 users
  batch: 38 users

### MEMORY SAFETY CHECK ###
  Formula: peak = (workers x 2 x mean_entry_bytes) + baseline
         = (70 x 2 x 2500MiB) + 2.5GiB
         = 344.3GiB
  Available RAM: 983.1GiB
  Mean entry size: 2500MiB  (8000 tok x 327,680 B/tok)
  Peak per thread: 5000MiB  (np.load + np.array copy)
  Worker threads: 70
  Safe concurrent readers: ~200  = (available - baseline) / peak_per_thread
  Status: OK

Starting benchmark... Mode: standard (prefill+decode)
--------------------------------------------------------------------------------

================================================================================
BENCHMARK RESULTS - MLPerf KV Cache Storage Benchmark
Generation Mode: none (0.0ms/token)
================================================================================

IMPORTANT: All storage latencies below are measured per KV cache BLOCK,
not per token or per disk page.  Each block holds the full KV state for
one request (all layers, all heads, full sequence length).
  Model KV bytes/token: 327,680 bytes (320.0KiB)
  Entries in cache: 247
  Block size min:   120.0MiB
  Block size mean:  1662.3MiB
  Block size P95:   4475.2MiB
  Block size max:   6916.2MiB
  A 200MiB block at 1GiB/s NVMe read = ~200 ms device latency.
  Compare latencies against block sizes, not against 4KiB page I/O.


### OVERALL PERFORMANCE ###
Requests Completed: 230
Total Tokens Generated: 40991
Throughput (wall-clock): 136.55 tokens/sec
Throughput (storage I/O): 5.51 tokens/sec
Requests/sec: 0.77

### END-TO-END LATENCY (Queue Wait + Storage I/O + Generation) ###
  Mean: 185821.85 ms
  P50:  189853.45 ms
  P95:  348806.95 ms
  P99:  359318.86 ms

### PER-REQUEST STORAGE LATENCY (All I/O ops for one request) ###
  Mean: 32341.36 ms
  P50:  16253.27 ms
  P95:  105301.74 ms
  P99:  177027.27 ms
  (= 1 prefill write + N decode reads per request)

### STORAGE PERFORMANCE ###
  Cache Hit Rate: 78.6%
  Total Read: 1981.61GiB
  Total Write: 400.96GiB
  Read/Write Ratio: 4.94
  Storage KV Read Operations/sec: 4.75
  Storage KV Write Operations/sec: 0.82

### CACHE TIER DISTRIBUTION ###
  GPU Entries: 0 (0.00GiB)
  CPU Entries: 0 (0.00GiB)
  Storage Entries: 247

### TIER-SPECIFIC KV BYTES ###
  Storage KV Bytes Written: 400.96GiB
  Storage KV Bytes Read: 1981.61GiB

### STORAGE KV BANDWIDTH ###
  Storage KV Read Bandwidth: 6.60GiB/s
  Storage KV Write Bandwidth: 1.34GiB/s

### TIER-SPECIFIC LATENCIES (Total = Host + Device) ###
  Storage Read P95 (Total): 13939.06 ms
  Storage Write P95 (Total): 6558.32 ms

### STORAGE TIER LATENCY BREAKDOWN (Device = Disk I/O, Host = Serialization) ###
  Storage Read:
    - Device P95 (Disk I/O): 10615.08 ms
    - Host P95 (Serialization): 3402.69 ms
    - Total P95: 13939.06 ms
  Storage Write:
    - Device P95 (Disk I/O): 270.45 ms
    - Host P95 (Serialization): 6335.56 ms
    - Total P95: 6558.32 ms

### CACHE TYPE BREAKDOWNS ###
  System Prompt Hits: 281
  Common Phrase Hits: 0
  User Cache Hits: 1117
  Multi-turn Hits: 26

### PREFIX CACHING ###
  Prefix Hits: 45
  Prefix Misses: 202
  System Prompt Reuse: 45
  Bytes Saved: 0.09GiB

### MULTI-TURN CONVERSATIONS ###
  Multi-turn Cache Hits: 26
  Multi-turn Cache Misses: 343
  Multi-turn Hit Rate: 7.0%

### QOS LATENCY METRICS (Informational - includes simulated generation) ###

  INTERACTIVE:
    Requests: 170
    Latency P95: 352536.91 ms
    Latency P99: 361202.89 ms
    SLA Met: [X] (compliance: 0.0%)

  RESPONSIVE:
    Requests: 22
    Latency P95: 203506.61 ms
    Latency P99: 308100.25 ms
    SLA Met: [X] (compliance: 0.0%)

  BATCH:
    Requests: 38
    Latency P95: 166048.57 ms
    Latency P99: 208834.87 ms
    SLA Met: [X] (compliance: 0.0%)

================================================================================
NOTES:
  - Pure storage I/O benchmark (no generation simulation)
================================================================================

Integrated Multi-User KV Cache Benchmark - MLPerf Edition
Model: Llama 3.1 70B Instruct
GPU Memory: 0 GB
Users: 70
Duration: 300s
Seed: 54
Generation Mode: none (0.0ms/token)
Features:
  - Phase-Aware Processing: Enabled
  - Multi-turn Conversations: Enabled
  - Prefix Caching: Enabled
  - RAG Workload: Disabled
  - Autoscaling: Disabled
  - QoS Support: Enabled (Interactive/Responsive/Batch)
  - Trace-Driven (BurstGPT): Disabled
  - ShareGPT Dataset: Disabled
  - Max Concurrent Allocations: 4 (bounds RAM usage)
================================================================================

User Context Length Distribution:
  Min: 568 tokens (177.50MiB)
  Max: 24796 tokens (7748.75MiB)
  Mean: 9982 tokens (3119.31MiB)

QoS Distribution:
  interactive: 6 users
  responsive: 27 users
  batch: 37 users

### MEMORY SAFETY CHECK ###
  Formula: peak = (workers x 2 x mean_entry_bytes) + baseline
         = (70 x 2 x 2500MiB) + 2.5GiB
         = 344.3GiB
  Available RAM: 990.1GiB
  Mean entry size: 2500MiB  (8000 tok x 327,680 B/tok)
  Peak per thread: 5000MiB  (np.load + np.array copy)
  Worker threads: 70
  Safe concurrent readers: ~202  = (available - baseline) / peak_per_thread
  Status: OK

Starting benchmark... Mode: standard (prefill+decode)
--------------------------------------------------------------------------------

================================================================================
BENCHMARK RESULTS - MLPerf KV Cache Storage Benchmark
Generation Mode: none (0.0ms/token)
================================================================================

IMPORTANT: All storage latencies below are measured per KV cache BLOCK,
not per token or per disk page.  Each block holds the full KV state for
one request (all layers, all heads, full sequence length).
  Model KV bytes/token: 327,680 bytes (320.0KiB)
  Entries in cache: 259
  Block size min:   97.2MiB
  Block size mean:  1409.5MiB
  Block size P95:   4035.1MiB
  Block size max:   6627.5MiB
  A 200MiB block at 1GiB/s NVMe read = ~200 ms device latency.
  Compare latencies against block sizes, not against 4KiB page I/O.


### OVERALL PERFORMANCE ###
Requests Completed: 245
Total Tokens Generated: 32949
Throughput (wall-clock): 107.38 tokens/sec
Throughput (storage I/O): 4.90 tokens/sec
Requests/sec: 0.80

### END-TO-END LATENCY (Queue Wait + Storage I/O + Generation) ###
  Mean: 184058.52 ms
  P50:  181669.26 ms
  P95:  332510.58 ms
  P99:  342807.17 ms

### PER-REQUEST STORAGE LATENCY (All I/O ops for one request) ###
  Mean: 27464.06 ms
  P50:  15429.17 ms
  P95:  92449.74 ms
  P99:  138485.49 ms
  (= 1 prefill write + N decode reads per request)

### STORAGE PERFORMANCE ###
  Cache Hit Rate: 78.1%
  Total Read: 1544.72GiB
  Total Write: 356.50GiB
  Read/Write Ratio: 4.33
  Storage KV Read Operations/sec: 4.03
  Storage KV Write Operations/sec: 0.86

### CACHE TIER DISTRIBUTION ###
  GPU Entries: 0 (0.00GiB)
  CPU Entries: 0 (0.00GiB)
  Storage Entries: 259

### TIER-SPECIFIC KV BYTES ###
  Storage KV Bytes Written: 356.50GiB
  Storage KV Bytes Read: 1544.72GiB

### STORAGE KV BANDWIDTH ###
  Storage KV Read Bandwidth: 5.03GiB/s
  Storage KV Write Bandwidth: 1.16GiB/s

### TIER-SPECIFIC LATENCIES (Total = Host + Device) ###
  Storage Read P95 (Total): 14294.21 ms
  Storage Write P95 (Total): 10781.09 ms

### STORAGE TIER LATENCY BREAKDOWN (Device = Disk I/O, Host = Serialization) ###
  Storage Read:
    - Device P95 (Disk I/O): 12587.29 ms
    - Host P95 (Serialization): 5092.61 ms
    - Total P95: 14294.21 ms
  Storage Write:
    - Device P95 (Disk I/O): 943.44 ms
    - Host P95 (Serialization): 9502.81 ms
    - Total P95: 10781.09 ms

### CACHE TYPE BREAKDOWNS ###
  System Prompt Hits: 233
  Common Phrase Hits: 0
  User Cache Hits: 943
  Multi-turn Hits: 34

### PREFIX CACHING ###
  Prefix Hits: 51
  Prefix Misses: 208
  System Prompt Reuse: 51
  Bytes Saved: 0.11GiB

### MULTI-TURN CONVERSATIONS ###
  Multi-turn Cache Hits: 34
  Multi-turn Cache Misses: 288
  Multi-turn Hit Rate: 10.6%

### QOS LATENCY METRICS (Informational - includes simulated generation) ###

  INTERACTIVE:
    Requests: 180
    Latency P95: 334824.93 ms
    Latency P99: 347431.17 ms
    SLA Met: [X] (compliance: 0.0%)

  RESPONSIVE:
    Requests: 29
    Latency P95: 160117.76 ms
    Latency P99: 206773.72 ms
    SLA Met: [X] (compliance: 0.0%)

  BATCH:
    Requests: 36
    Latency P95: 196935.32 ms
    Latency P99: 257880.76 ms
    SLA Met: [X] (compliance: 0.0%)

================================================================================
NOTES:
  - Pure storage I/O benchmark (no generation simulation)
================================================================================

Integrated Multi-User KV Cache Benchmark - MLPerf Edition
Model: Llama 3.1 70B Instruct
GPU Memory: 0 GB
Users: 70
Duration: 300s
Seed: 170
Generation Mode: none (0.0ms/token)
Features:
  - Phase-Aware Processing: Enabled
  - Multi-turn Conversations: Enabled
  - Prefix Caching: Enabled
  - RAG Workload: Disabled
  - Autoscaling: Disabled
  - QoS Support: Enabled (Interactive/Responsive/Batch)
  - Trace-Driven (BurstGPT): Disabled
  - ShareGPT Dataset: Disabled
  - Max Concurrent Allocations: 4 (bounds RAM usage)
================================================================================

User Context Length Distribution:
  Min: 616 tokens (192.50MiB)
  Max: 23316 tokens (7286.25MiB)
  Mean: 7752 tokens (2422.40MiB)

QoS Distribution:
  interactive: 8 users
  responsive: 28 users
  batch: 34 users

### MEMORY SAFETY CHECK ###
  Formula: peak = (workers x 2 x mean_entry_bytes) + baseline
         = (70 x 2 x 2500MiB) + 2.5GiB
         = 344.3GiB
  Available RAM: 988.9GiB
  Mean entry size: 2500MiB  (8000 tok x 327,680 B/tok)
  Peak per thread: 5000MiB  (np.load + np.array copy)
  Worker threads: 70
  Safe concurrent readers: ~202  = (available - baseline) / peak_per_thread
  Status: OK

Starting benchmark... Mode: standard (prefill+decode)
--------------------------------------------------------------------------------

================================================================================
BENCHMARK RESULTS - MLPerf KV Cache Storage Benchmark
Generation Mode: none (0.0ms/token)
================================================================================

IMPORTANT: All storage latencies below are measured per KV cache BLOCK,
not per token or per disk page.  Each block holds the full KV state for
one request (all layers, all heads, full sequence length).
  Model KV bytes/token: 327,680 bytes (320.0KiB)
  Entries in cache: 282
  Block size min:   85.6MiB
  Block size mean:  1188.0MiB
  Block size P95:   3682.6MiB
  Block size max:   6442.5MiB
  A 200MiB block at 1GiB/s NVMe read = ~200 ms device latency.
  Compare latencies against block sizes, not against 4KiB page I/O.


### OVERALL PERFORMANCE ###
Requests Completed: 269
Total Tokens Generated: 35252
Throughput (wall-clock): 117.49 tokens/sec
Throughput (storage I/O): 5.63 tokens/sec
Requests/sec: 0.90

### END-TO-END LATENCY (Queue Wait + Storage I/O + Generation) ###
  Mean: 156068.95 ms
  P50:  128977.64 ms
  P95:  333242.64 ms
  P99:  349761.27 ms

### PER-REQUEST STORAGE LATENCY (All I/O ops for one request) ###
  Mean: 23257.18 ms
  P50:  8578.69 ms
  P95:  77428.98 ms
  P99:  170177.01 ms
  (= 1 prefill write + N decode reads per request)

### STORAGE PERFORMANCE ###
  Cache Hit Rate: 73.1%
  Total Read: 1643.37GiB
  Total Write: 327.17GiB
  Read/Write Ratio: 5.02
  Storage KV Read Operations/sec: 4.71
  Storage KV Write Operations/sec: 0.94

### CACHE TIER DISTRIBUTION ###
  GPU Entries: 0 (0.00GiB)
  CPU Entries: 0 (0.00GiB)
  Storage Entries: 282

### TIER-SPECIFIC KV BYTES ###
  Storage KV Bytes Written: 327.17GiB
  Storage KV Bytes Read: 1643.37GiB

### STORAGE KV BANDWIDTH ###
  Storage KV Read Bandwidth: 5.48GiB/s
  Storage KV Write Bandwidth: 1.09GiB/s

### TIER-SPECIFIC LATENCIES (Total = Host + Device) ###
  Storage Read P95 (Total): 16957.93 ms
  Storage Write P95 (Total): 7910.34 ms

### STORAGE TIER LATENCY BREAKDOWN (Device = Disk I/O, Host = Serialization) ###
  Storage Read:
    - Device P95 (Disk I/O): 12309.06 ms
    - Host P95 (Serialization): 4156.60 ms
    - Total P95: 16957.93 ms
  Storage Write:
    - Device P95 (Disk I/O): 531.20 ms
    - Host P95 (Serialization): 7907.62 ms
    - Total P95: 7910.34 ms

### CACHE TYPE BREAKDOWNS ###
  System Prompt Hits: 324
  Common Phrase Hits: 0
  User Cache Hits: 1069
  Multi-turn Hits: 20

### PREFIX CACHING ###
  Prefix Hits: 61
  Prefix Misses: 221
  System Prompt Reuse: 61
  Bytes Saved: 0.12GiB

### MULTI-TURN CONVERSATIONS ###
  Multi-turn Cache Hits: 20
  Multi-turn Cache Misses: 460
  Multi-turn Hit Rate: 4.2%

### QOS LATENCY METRICS (Informational - includes simulated generation) ###

  INTERACTIVE:
    Requests: 208
    Latency P95: 338173.82 ms
    Latency P99: 349964.46 ms
    SLA Met: [X] (compliance: 0.0%)

  RESPONSIVE:
    Requests: 28
    Latency P95: 118063.99 ms
    Latency P99: 276996.15 ms
    SLA Met: [X] (compliance: 0.0%)

  BATCH:
    Requests: 33
    Latency P95: 68747.57 ms
    Latency P99: 113405.64 ms
    SLA Met: [X] (compliance: 0.0%)

================================================================================
NOTES:
  - Pure storage I/O benchmark (no generation simulation)
================================================================================

Integrated Multi-User KV Cache Benchmark - MLPerf Edition
Model: Llama 3.1 70B Instruct
GPU Memory: 0 GB
Users: 70
Duration: 300s
Seed: 114
Generation Mode: none (0.0ms/token)
Features:
  - Phase-Aware Processing: Enabled
  - Multi-turn Conversations: Enabled
  - Prefix Caching: Enabled
  - RAG Workload: Disabled
  - Autoscaling: Disabled
  - QoS Support: Enabled (Interactive/Responsive/Batch)
  - Trace-Driven (BurstGPT): Disabled
  - ShareGPT Dataset: Disabled
  - Max Concurrent Allocations: 4 (bounds RAM usage)
================================================================================

User Context Length Distribution:
  Min: 515 tokens (160.94MiB)
  Max: 21849 tokens (6827.81MiB)
  Mean: 8019 tokens (2505.98MiB)

QoS Distribution:
  interactive: 12 users
  responsive: 22 users
  batch: 36 users

### MEMORY SAFETY CHECK ###
  Formula: peak = (workers x 2 x mean_entry_bytes) + baseline
         = (70 x 2 x 2500MiB) + 2.5GiB
         = 344.3GiB
  Available RAM: 990.0GiB
  Mean entry size: 2500MiB  (8000 tok x 327,680 B/tok)
  Peak per thread: 5000MiB  (np.load + np.array copy)
  Worker threads: 70
  Safe concurrent readers: ~202  = (available - baseline) / peak_per_thread
  Status: OK

Starting benchmark... Mode: standard (prefill+decode)
--------------------------------------------------------------------------------

================================================================================
BENCHMARK RESULTS - MLPerf KV Cache Storage Benchmark
Generation Mode: none (0.0ms/token)
================================================================================

IMPORTANT: All storage latencies below are measured per KV cache BLOCK,
not per token or per disk page.  Each block holds the full KV state for
one request (all layers, all heads, full sequence length).
  Model KV bytes/token: 327,680 bytes (320.0KiB)
  Entries in cache: 244
  Block size min:   58.8MiB
  Block size mean:  1465.5MiB
  Block size P95:   3740.0MiB
  Block size max:   6761.9MiB
  A 200MiB block at 1GiB/s NVMe read = ~200 ms device latency.
  Compare latencies against block sizes, not against 4KiB page I/O.


### OVERALL PERFORMANCE ###
Requests Completed: 233
Total Tokens Generated: 39805
Throughput (wall-clock): 129.88 tokens/sec
Throughput (storage I/O): 5.37 tokens/sec
Requests/sec: 0.76

### END-TO-END LATENCY (Queue Wait + Storage I/O + Generation) ###
  Mean: 176443.76 ms
  P50:  159415.13 ms
  P95:  355643.24 ms
  P99:  366133.54 ms

### PER-REQUEST STORAGE LATENCY (All I/O ops for one request) ###
  Mean: 31805.07 ms
  P50:  20535.71 ms
  P95:  100852.61 ms
  P99:  169203.55 ms
  (= 1 prefill write + N decode reads per request)

### STORAGE PERFORMANCE ###
  Cache Hit Rate: 74.4%
  Total Read: 1797.39GiB
  Total Write: 349.20GiB
  Read/Write Ratio: 5.15
  Storage KV Read Operations/sec: 5.10
  Storage KV Write Operations/sec: 0.81

### CACHE TIER DISTRIBUTION ###
  GPU Entries: 0 (0.00GiB)
  CPU Entries: 0 (0.00GiB)
  Storage Entries: 244

### TIER-SPECIFIC KV BYTES ###
  Storage KV Bytes Written: 349.20GiB
  Storage KV Bytes Read: 1797.39GiB

### STORAGE KV BANDWIDTH ###
  Storage KV Read Bandwidth: 5.86GiB/s
  Storage KV Write Bandwidth: 1.14GiB/s

### TIER-SPECIFIC LATENCIES (Total = Host + Device) ###
  Storage Read P95 (Total): 15996.91 ms
  Storage Write P95 (Total): 9776.51 ms

### STORAGE TIER LATENCY BREAKDOWN (Device = Disk I/O, Host = Serialization) ###
  Storage Read:
    - Device P95 (Disk I/O): 13486.49 ms
    - Host P95 (Serialization): 4323.54 ms
    - Total P95: 15996.91 ms
  Storage Write:
    - Device P95 (Disk I/O): 1029.46 ms
    - Host P95 (Serialization): 9139.16 ms
    - Total P95: 9776.51 ms

### CACHE TYPE BREAKDOWNS ###
  System Prompt Hits: 327
  Common Phrase Hits: 0
  User Cache Hits: 1160
  Multi-turn Hits: 43

### PREFIX CACHING ###
  Prefix Hits: 51
  Prefix Misses: 193
  System Prompt Reuse: 51
  Bytes Saved: 0.10GiB

### MULTI-TURN CONVERSATIONS ###
  Multi-turn Cache Hits: 43
  Multi-turn Cache Misses: 476
  Multi-turn Hit Rate: 8.3%

### QOS LATENCY METRICS (Informational - includes simulated generation) ###

  INTERACTIVE:
    Requests: 181
    Latency P95: 357896.77 ms
    Latency P99: 366672.58 ms
    SLA Met: [X] (compliance: 0.0%)

  RESPONSIVE:
    Requests: 30
    Latency P95: 146487.42 ms
    Latency P99: 223358.37 ms
    SLA Met: [X] (compliance: 0.0%)

  BATCH:
    Requests: 22
    Latency P95: 102331.91 ms
    Latency P99: 129331.04 ms
    SLA Met: [X] (compliance: 0.0%)

================================================================================
NOTES:
  - Pure storage I/O benchmark (no generation simulation)
================================================================================

Integrated Multi-User KV Cache Benchmark - MLPerf Edition
Model: Llama 3.1 70B Instruct
GPU Memory: 0 GB
Users: 70
Duration: 300s
Seed: 179
Generation Mode: none (0.0ms/token)
Features:
  - Phase-Aware Processing: Enabled
  - Multi-turn Conversations: Enabled
  - Prefix Caching: Enabled
  - RAG Workload: Disabled
  - Autoscaling: Disabled
  - QoS Support: Enabled (Interactive/Responsive/Batch)
  - Trace-Driven (BurstGPT): Disabled
  - ShareGPT Dataset: Disabled
  - Max Concurrent Allocations: 4 (bounds RAM usage)
================================================================================

User Context Length Distribution:
  Min: 527 tokens (164.69MiB)
  Max: 22641 tokens (7075.31MiB)
  Mean: 7597 tokens (2374.17MiB)

QoS Distribution:
  interactive: 9 users
  responsive: 26 users
  batch: 35 users

### MEMORY SAFETY CHECK ###
  Formula: peak = (workers x 2 x mean_entry_bytes) + baseline
         = (70 x 2 x 2500MiB) + 2.5GiB
         = 344.3GiB
  Available RAM: 990.4GiB
  Mean entry size: 2500MiB  (8000 tok x 327,680 B/tok)
  Peak per thread: 5000MiB  (np.load + np.array copy)
  Worker threads: 70
  Safe concurrent readers: ~202  = (available - baseline) / peak_per_thread
  Status: OK

Starting benchmark... Mode: standard (prefill+decode)
--------------------------------------------------------------------------------

================================================================================
BENCHMARK RESULTS - MLPerf KV Cache Storage Benchmark
Generation Mode: none (0.0ms/token)
================================================================================

IMPORTANT: All storage latencies below are measured per KV cache BLOCK,
not per token or per disk page.  Each block holds the full KV state for
one request (all layers, all heads, full sequence length).
  Model KV bytes/token: 327,680 bytes (320.0KiB)
  Entries in cache: 332
  Block size min:   53.8MiB
  Block size mean:  1107.8MiB
  Block size P95:   3008.3MiB
  Block size max:   4730.9MiB
  A 200MiB block at 1GiB/s NVMe read = ~200 ms device latency.
  Compare latencies against block sizes, not against 4KiB page I/O.


### OVERALL PERFORMANCE ###
Requests Completed: 325
Total Tokens Generated: 43619
Throughput (wall-clock): 145.39 tokens/sec
Throughput (storage I/O): 5.26 tokens/sec
Requests/sec: 1.08

### END-TO-END LATENCY (Queue Wait + Storage I/O + Generation) ###
  Mean: 170616.45 ms
  P50:  175579.58 ms
  P95:  330599.12 ms
  P99:  345473.18 ms

### PER-REQUEST STORAGE LATENCY (All I/O ops for one request) ###
  Mean: 25493.21 ms
  P50:  13345.81 ms
  P95:  87311.64 ms
  P99:  114502.07 ms
  (= 1 prefill write + N decode reads per request)

### STORAGE PERFORMANCE ###
  Cache Hit Rate: 78.0%
  Total Read: 2226.27GiB
  Total Write: 359.15GiB
  Read/Write Ratio: 6.20
  Storage KV Read Operations/sec: 6.11
  Storage KV Write Operations/sec: 1.11

### CACHE TIER DISTRIBUTION ###
  GPU Entries: 0 (0.00GiB)
  CPU Entries: 0 (0.00GiB)
  Storage Entries: 332

### TIER-SPECIFIC KV BYTES ###
  Storage KV Bytes Written: 359.15GiB
  Storage KV Bytes Read: 2226.27GiB

### STORAGE KV BANDWIDTH ###
  Storage KV Read Bandwidth: 7.42GiB/s
  Storage KV Write Bandwidth: 1.20GiB/s

### TIER-SPECIFIC LATENCIES (Total = Host + Device) ###
  Storage Read P95 (Total): 12609.73 ms
  Storage Write P95 (Total): 7281.20 ms

### STORAGE TIER LATENCY BREAKDOWN (Device = Disk I/O, Host = Serialization) ###
  Storage Read:
    - Device P95 (Disk I/O): 10268.52 ms
    - Host P95 (Serialization): 4071.15 ms
    - Total P95: 12609.73 ms
  Storage Write:
    - Device P95 (Disk I/O): 623.27 ms
    - Host P95 (Serialization): 7096.47 ms
    - Total P95: 7281.20 ms

### CACHE TYPE BREAKDOWNS ###
  System Prompt Hits: 347
  Common Phrase Hits: 0
  User Cache Hits: 1437
  Multi-turn Hits: 50

### PREFIX CACHING ###
  Prefix Hits: 65
  Prefix Misses: 267
  System Prompt Reuse: 65
  Bytes Saved: 0.13GiB

### MULTI-TURN CONVERSATIONS ###
  Multi-turn Cache Hits: 50
  Multi-turn Cache Misses: 453
  Multi-turn Hit Rate: 9.9%

### QOS LATENCY METRICS (Informational - includes simulated generation) ###

  INTERACTIVE:
    Requests: 268
    Latency P95: 334371.96 ms
    Latency P99: 345998.16 ms
    SLA Met: [X] (compliance: 0.0%)

  RESPONSIVE:
    Requests: 30
    Latency P95: 67387.02 ms
    Latency P99: 79904.17 ms
    SLA Met: [X] (compliance: 0.0%)

  BATCH:
    Requests: 27
    Latency P95: 108754.77 ms
    Latency P99: 134900.55 ms
    SLA Met: [X] (compliance: 0.0%)

================================================================================
NOTES:
  - Pure storage I/O benchmark (no generation simulation)
================================================================================

Integrated Multi-User KV Cache Benchmark - MLPerf Edition
Model: Llama 3.1 70B Instruct
GPU Memory: 0 GB
Users: 70
Duration: 300s
Seed: 213
Generation Mode: none (0.0ms/token)
Features:
  - Phase-Aware Processing: Enabled
  - Multi-turn Conversations: Enabled
  - Prefix Caching: Enabled
  - RAG Workload: Disabled
  - Autoscaling: Disabled
  - QoS Support: Enabled (Interactive/Responsive/Batch)
  - Trace-Driven (BurstGPT): Disabled
  - ShareGPT Dataset: Disabled
  - Max Concurrent Allocations: 4 (bounds RAM usage)
================================================================================

User Context Length Distribution:
  Min: 516 tokens (161.25MiB)
  Max: 23824 tokens (7445.00MiB)
  Mean: 7958 tokens (2486.91MiB)

QoS Distribution:
  interactive: 14 users
  responsive: 18 users
  batch: 38 users

### MEMORY SAFETY CHECK ###
  Formula: peak = (workers x 2 x mean_entry_bytes) + baseline
         = (70 x 2 x 2500MiB) + 2.5GiB
         = 344.3GiB
  Available RAM: 986.3GiB
  Mean entry size: 2500MiB  (8000 tok x 327,680 B/tok)
  Peak per thread: 5000MiB  (np.load + np.array copy)
  Worker threads: 70
  Safe concurrent readers: ~201  = (available - baseline) / peak_per_thread
  Status: OK

Starting benchmark... Mode: standard (prefill+decode)
--------------------------------------------------------------------------------

================================================================================
BENCHMARK RESULTS - MLPerf KV Cache Storage Benchmark
Generation Mode: none (0.0ms/token)
================================================================================

IMPORTANT: All storage latencies below are measured per KV cache BLOCK,
not per token or per disk page.  Each block holds the full KV state for
one request (all layers, all heads, full sequence length).
  Model KV bytes/token: 327,680 bytes (320.0KiB)
  Entries in cache: 243
  Block size min:   75.9MiB
  Block size mean:  1541.5MiB
  Block size P95:   5601.7MiB
  Block size max:   7412.5MiB
  A 200MiB block at 1GiB/s NVMe read = ~200 ms device latency.
  Compare latencies against block sizes, not against 4KiB page I/O.


### OVERALL PERFORMANCE ###
Requests Completed: 228
Total Tokens Generated: 36338
Throughput (wall-clock): 121.05 tokens/sec
Throughput (storage I/O): 4.90 tokens/sec
Requests/sec: 0.76

### END-TO-END LATENCY (Queue Wait + Storage I/O + Generation) ###
  Mean: 176652.53 ms
  P50:  154092.64 ms
  P95:  350451.61 ms
  P99:  368712.36 ms

### PER-REQUEST STORAGE LATENCY (All I/O ops for one request) ###
  Mean: 32559.16 ms
  P50:  13626.01 ms
  P95:  114025.87 ms
  P99:  178210.41 ms
  (= 1 prefill write + N decode reads per request)

### STORAGE PERFORMANCE ###
  Cache Hit Rate: 86.8%
  Total Read: 1720.86GiB
  Total Write: 365.79GiB
  Read/Write Ratio: 4.70
  Storage KV Read Operations/sec: 4.69
  Storage KV Write Operations/sec: 0.81

### CACHE TIER DISTRIBUTION ###
  GPU Entries: 0 (0.00GiB)
  CPU Entries: 0 (0.00GiB)
  Storage Entries: 243

### TIER-SPECIFIC KV BYTES ###
  Storage KV Bytes Written: 365.79GiB
  Storage KV Bytes Read: 1720.86GiB

### STORAGE KV BANDWIDTH ###
  Storage KV Read Bandwidth: 5.73GiB/s
  Storage KV Write Bandwidth: 1.22GiB/s

### TIER-SPECIFIC LATENCIES (Total = Host + Device) ###
  Storage Read P95 (Total): 20602.12 ms
  Storage Write P95 (Total): 12965.41 ms

### STORAGE TIER LATENCY BREAKDOWN (Device = Disk I/O, Host = Serialization) ###
  Storage Read:
    - Device P95 (Disk I/O): 17203.56 ms
    - Host P95 (Serialization): 3905.97 ms
    - Total P95: 20602.12 ms
  Storage Write:
    - Device P95 (Disk I/O): 516.72 ms
    - Host P95 (Serialization): 11658.53 ms
    - Total P95: 12965.41 ms

### CACHE TYPE BREAKDOWNS ###
  System Prompt Hits: 259
  Common Phrase Hits: 0
  User Cache Hits: 1127
  Multi-turn Hits: 20

### PREFIX CACHING ###
  Prefix Hits: 45
  Prefix Misses: 198
  System Prompt Reuse: 45
  Bytes Saved: 0.09GiB

### MULTI-TURN CONVERSATIONS ###
  Multi-turn Cache Hits: 20
  Multi-turn Cache Misses: 168
  Multi-turn Hit Rate: 10.6%

### QOS LATENCY METRICS (Informational - includes simulated generation) ###

  INTERACTIVE:
    Requests: 170
    Latency P95: 351572.96 ms
    Latency P99: 369499.17 ms
    SLA Met: [X] (compliance: 0.0%)

  RESPONSIVE:
    Requests: 17
    Latency P95: 159252.25 ms
    Latency P99: 193351.03 ms
    SLA Met: [X] (compliance: 0.0%)

  BATCH:
    Requests: 41
    Latency P95: 195962.66 ms
    Latency P99: 293903.45 ms
    SLA Met: [X] (compliance: 0.0%)

================================================================================
NOTES:
  - Pure storage I/O benchmark (no generation simulation)
================================================================================

Integrated Multi-User KV Cache Benchmark - MLPerf Edition
Model: Llama 3.1 70B Instruct
GPU Memory: 0 GB
Users: 70
Duration: 300s
Seed: 206
Generation Mode: none (0.0ms/token)
Features:
  - Phase-Aware Processing: Enabled
  - Multi-turn Conversations: Enabled
  - Prefix Caching: Enabled
  - RAG Workload: Disabled
  - Autoscaling: Disabled
  - QoS Support: Enabled (Interactive/Responsive/Batch)
  - Trace-Driven (BurstGPT): Disabled
  - ShareGPT Dataset: Disabled
  - Max Concurrent Allocations: 4 (bounds RAM usage)
================================================================================

User Context Length Distribution:
  Min: 587 tokens (183.44MiB)
  Max: 24783 tokens (7744.69MiB)
  Mean: 8063 tokens (2519.63MiB)

QoS Distribution:
  interactive: 8 users
  responsive: 23 users
  batch: 39 users

### MEMORY SAFETY CHECK ###
  Formula: peak = (workers x 2 x mean_entry_bytes) + baseline
         = (70 x 2 x 2500MiB) + 2.5GiB
         = 344.3GiB
  Available RAM: 988.9GiB
  Mean entry size: 2500MiB  (8000 tok x 327,680 B/tok)
  Peak per thread: 5000MiB  (np.load + np.array copy)
  Worker threads: 70
  Safe concurrent readers: ~202  = (available - baseline) / peak_per_thread
  Status: OK

Starting benchmark... Mode: standard (prefill+decode)
--------------------------------------------------------------------------------

================================================================================
BENCHMARK RESULTS - MLPerf KV Cache Storage Benchmark
Generation Mode: none (0.0ms/token)
================================================================================

IMPORTANT: All storage latencies below are measured per KV cache BLOCK,
not per token or per disk page.  Each block holds the full KV state for
one request (all layers, all heads, full sequence length).
  Model KV bytes/token: 327,680 bytes (320.0KiB)
  Entries in cache: 375
  Block size min:   58.8MiB
  Block size mean:  900.1MiB
  Block size P95:   3395.6MiB
  Block size max:   4603.1MiB
  A 200MiB block at 1GiB/s NVMe read = ~200 ms device latency.
  Compare latencies against block sizes, not against 4KiB page I/O.


### OVERALL PERFORMANCE ###
Requests Completed: 367
Total Tokens Generated: 35951
Throughput (wall-clock): 119.49 tokens/sec
Throughput (storage I/O): 5.81 tokens/sec
Requests/sec: 1.22

### END-TO-END LATENCY (Queue Wait + Storage I/O + Generation) ###
  Mean: 170833.74 ms
  P50:  168443.51 ms
  P95:  337594.55 ms
  P99:  350770.48 ms

### PER-REQUEST STORAGE LATENCY (All I/O ops for one request) ###
  Mean: 16858.73 ms
  P50:  9611.80 ms
  P95:  61143.63 ms
  P99:  96589.85 ms
  (= 1 prefill write + N decode reads per request)

### STORAGE PERFORMANCE ###
  Cache Hit Rate: 77.7%
  Total Read: 1327.16GiB
  Total Write: 329.64GiB
  Read/Write Ratio: 4.03
  Storage KV Read Operations/sec: 5.13
  Storage KV Write Operations/sec: 1.25

### CACHE TIER DISTRIBUTION ###
  GPU Entries: 0 (0.00GiB)
  CPU Entries: 0 (0.00GiB)
  Storage Entries: 375

### TIER-SPECIFIC KV BYTES ###
  Storage KV Bytes Written: 329.64GiB
  Storage KV Bytes Read: 1327.16GiB

### STORAGE KV BANDWIDTH ###
  Storage KV Read Bandwidth: 4.41GiB/s
  Storage KV Write Bandwidth: 1.10GiB/s

### TIER-SPECIFIC LATENCIES (Total = Host + Device) ###
  Storage Read P95 (Total): 12052.85 ms
  Storage Write P95 (Total): 6661.96 ms

### STORAGE TIER LATENCY BREAKDOWN (Device = Disk I/O, Host = Serialization) ###
  Storage Read:
    - Device P95 (Disk I/O): 10035.50 ms
    - Host P95 (Serialization): 3038.39 ms
    - Total P95: 12052.85 ms
  Storage Write:
    - Device P95 (Disk I/O): 296.30 ms
    - Host P95 (Serialization): 6236.42 ms
    - Total P95: 6661.96 ms

### CACHE TYPE BREAKDOWNS ###
  System Prompt Hits: 305
  Common Phrase Hits: 0
  User Cache Hits: 1193
  Multi-turn Hits: 41

### PREFIX CACHING ###
  Prefix Hits: 77
  Prefix Misses: 298
  System Prompt Reuse: 77
  Bytes Saved: 0.16GiB

### MULTI-TURN CONVERSATIONS ###
  Multi-turn Cache Hits: 41
  Multi-turn Cache Misses: 365
  Multi-turn Hit Rate: 10.1%

### QOS LATENCY METRICS (Informational - includes simulated generation) ###

  INTERACTIVE:
    Requests: 308
    Latency P95: 338609.52 ms
    Latency P99: 352253.44 ms
    SLA Met: [X] (compliance: 0.0%)

  RESPONSIVE:
    Requests: 19
    Latency P95: 85812.11 ms
    Latency P99: 102810.32 ms
    SLA Met: [X] (compliance: 0.0%)

  BATCH:
    Requests: 40
    Latency P95: 111589.85 ms
    Latency P99: 179212.38 ms
    SLA Met: [X] (compliance: 0.0%)

================================================================================
NOTES:
  - Pure storage I/O benchmark (no generation simulation)
================================================================================

Integrated Multi-User KV Cache Benchmark - MLPerf Edition
Model: Llama 3.1 70B Instruct
GPU Memory: 0 GB
Users: 70
Duration: 300s
Seed: 127
Generation Mode: none (0.0ms/token)
Features:
  - Phase-Aware Processing: Enabled
  - Multi-turn Conversations: Enabled
  - Prefix Caching: Enabled
  - RAG Workload: Disabled
  - Autoscaling: Disabled
  - QoS Support: Enabled (Interactive/Responsive/Batch)
  - Trace-Driven (BurstGPT): Disabled
  - ShareGPT Dataset: Disabled
  - Max Concurrent Allocations: 4 (bounds RAM usage)
================================================================================

User Context Length Distribution:
  Min: 525 tokens (164.06MiB)
  Max: 24641 tokens (7700.31MiB)
  Mean: 9474 tokens (2960.72MiB)

QoS Distribution:
  interactive: 13 users
  responsive: 30 users
  batch: 27 users

### MEMORY SAFETY CHECK ###
  Formula: peak = (workers x 2 x mean_entry_bytes) + baseline
         = (70 x 2 x 2500MiB) + 2.5GiB
         = 344.3GiB
  Available RAM: 985.4GiB
  Mean entry size: 2500MiB  (8000 tok x 327,680 B/tok)
  Peak per thread: 5000MiB  (np.load + np.array copy)
  Worker threads: 70
  Safe concurrent readers: ~201  = (available - baseline) / peak_per_thread
  Status: OK

Starting benchmark... Mode: standard (prefill+decode)
--------------------------------------------------------------------------------

================================================================================
BENCHMARK RESULTS - MLPerf KV Cache Storage Benchmark
Generation Mode: none (0.0ms/token)
================================================================================

IMPORTANT: All storage latencies below are measured per KV cache BLOCK,
not per token or per disk page.  Each block holds the full KV state for
one request (all layers, all heads, full sequence length).
  Model KV bytes/token: 327,680 bytes (320.0KiB)
  Entries in cache: 222
  Block size min:   81.6MiB
  Block size mean:  1669.6MiB
  Block size P95:   5247.4MiB
  Block size max:   7117.8MiB
  A 200MiB block at 1GiB/s NVMe read = ~200 ms device latency.
  Compare latencies against block sizes, not against 4KiB page I/O.


### OVERALL PERFORMANCE ###
Requests Completed: 209
Total Tokens Generated: 29195
Throughput (wall-clock): 97.17 tokens/sec
Throughput (storage I/O): 4.75 tokens/sec
Requests/sec: 0.70

### END-TO-END LATENCY (Queue Wait + Storage I/O + Generation) ###
  Mean: 192930.05 ms
  P50:  198490.90 ms
  P95:  364514.37 ms
  P99:  369884.01 ms

### PER-REQUEST STORAGE LATENCY (All I/O ops for one request) ###
  Mean: 29396.54 ms
  P50:  15449.48 ms
  P95:  107264.83 ms
  P99:  178621.13 ms
  (= 1 prefill write + N decode reads per request)

### STORAGE PERFORMANCE ###
  Cache Hit Rate: 77.7%
  Total Read: 1385.05GiB
  Total Write: 361.96GiB
  Read/Write Ratio: 3.83
  Storage KV Read Operations/sec: 3.67
  Storage KV Write Operations/sec: 0.74

### CACHE TIER DISTRIBUTION ###
  GPU Entries: 0 (0.00GiB)
  CPU Entries: 0 (0.00GiB)
  Storage Entries: 222

### TIER-SPECIFIC KV BYTES ###
  Storage KV Bytes Written: 361.96GiB
  Storage KV Bytes Read: 1385.05GiB

### STORAGE KV BANDWIDTH ###
  Storage KV Read Bandwidth: 4.61GiB/s
  Storage KV Write Bandwidth: 1.20GiB/s

### TIER-SPECIFIC LATENCIES (Total = Host + Device) ###
  Storage Read P95 (Total): 19400.94 ms
  Storage Write P95 (Total): 13753.89 ms

### STORAGE TIER LATENCY BREAKDOWN (Device = Disk I/O, Host = Serialization) ###
  Storage Read:
    - Device P95 (Disk I/O): 17495.29 ms
    - Host P95 (Serialization): 4108.45 ms
    - Total P95: 19400.94 ms
  Storage Write:
    - Device P95 (Disk I/O): 546.11 ms
    - Host P95 (Serialization): 11230.43 ms
    - Total P95: 13753.89 ms

### CACHE TYPE BREAKDOWNS ###
  System Prompt Hits: 217
  Common Phrase Hits: 0
  User Cache Hits: 855
  Multi-turn Hits: 29

### PREFIX CACHING ###
  Prefix Hits: 41
  Prefix Misses: 181
  System Prompt Reuse: 41
  Bytes Saved: 0.08GiB

### MULTI-TURN CONVERSATIONS ###
  Multi-turn Cache Hits: 29
  Multi-turn Cache Misses: 275
  Multi-turn Hit Rate: 9.5%

### QOS LATENCY METRICS (Informational - includes simulated generation) ###

  INTERACTIVE:
    Requests: 156
    Latency P95: 366406.55 ms
    Latency P99: 372008.19 ms
    SLA Met: [X] (compliance: 0.0%)

  RESPONSIVE:
    Requests: 32
    Latency P95: 236386.74 ms
    Latency P99: 337575.53 ms
    SLA Met: [X] (compliance: 0.0%)

  BATCH:
    Requests: 21
    Latency P95: 169713.44 ms
    Latency P99: 194810.30 ms
    SLA Met: [X] (compliance: 0.0%)

================================================================================
NOTES:
  - Pure storage I/O benchmark (no generation simulation)
================================================================================

Integrated Multi-User KV Cache Benchmark - MLPerf Edition
Model: Llama 3.1 70B Instruct
GPU Memory: 0 GB
Users: 70
Duration: 300s
Seed: 103
Generation Mode: none (0.0ms/token)
Features:
  - Phase-Aware Processing: Enabled
  - Multi-turn Conversations: Enabled
  - Prefix Caching: Enabled
  - RAG Workload: Disabled
  - Autoscaling: Disabled
  - QoS Support: Enabled (Interactive/Responsive/Batch)
  - Trace-Driven (BurstGPT): Disabled
  - ShareGPT Dataset: Disabled
  - Max Concurrent Allocations: 4 (bounds RAM usage)
================================================================================

User Context Length Distribution:
  Min: 613 tokens (191.56MiB)
  Max: 24975 tokens (7804.69MiB)
  Mean: 10054 tokens (3141.72MiB)

QoS Distribution:
  interactive: 9 users
  responsive: 20 users
  batch: 41 users

### MEMORY SAFETY CHECK ###
  Formula: peak = (workers x 2 x mean_entry_bytes) + baseline
         = (70 x 2 x 2500MiB) + 2.5GiB
         = 344.3GiB
  Available RAM: 990.4GiB
  Mean entry size: 2500MiB  (8000 tok x 327,680 B/tok)
  Peak per thread: 5000MiB  (np.load + np.array copy)
  Worker threads: 70
  Safe concurrent readers: ~202  = (available - baseline) / peak_per_thread
  Status: OK

Starting benchmark... Mode: standard (prefill+decode)
--------------------------------------------------------------------------------

================================================================================
BENCHMARK RESULTS - MLPerf KV Cache Storage Benchmark
Generation Mode: none (0.0ms/token)
================================================================================

IMPORTANT: All storage latencies below are measured per KV cache BLOCK,
not per token or per disk page.  Each block holds the full KV state for
one request (all layers, all heads, full sequence length).
  Model KV bytes/token: 327,680 bytes (320.0KiB)
  Entries in cache: 275
  Block size min:   86.2MiB
  Block size mean:  1240.4MiB
  Block size P95:   4269.0MiB
  Block size max:   6431.9MiB
  A 200MiB block at 1GiB/s NVMe read = ~200 ms device latency.
  Compare latencies against block sizes, not against 4KiB page I/O.


### OVERALL PERFORMANCE ###
Requests Completed: 262
Total Tokens Generated: 39998
Throughput (wall-clock): 131.06 tokens/sec
Throughput (storage I/O): 6.19 tokens/sec
Requests/sec: 0.86

### END-TO-END LATENCY (Queue Wait + Storage I/O + Generation) ###
  Mean: 171119.09 ms
  P50:  160779.58 ms
  P95:  338214.28 ms
  P99:  355377.92 ms

### PER-REQUEST STORAGE LATENCY (All I/O ops for one request) ###
  Mean: 24649.61 ms
  P50:  12785.69 ms
  P95:  107446.40 ms
  P99:  157409.64 ms
  (= 1 prefill write + N decode reads per request)

### STORAGE PERFORMANCE ###
  Cache Hit Rate: 76.9%
  Total Read: 1507.47GiB
  Total Write: 333.10GiB
  Read/Write Ratio: 4.53
  Storage KV Read Operations/sec: 4.92
  Storage KV Write Operations/sec: 0.92

### CACHE TIER DISTRIBUTION ###
  GPU Entries: 0 (0.00GiB)
  CPU Entries: 0 (0.00GiB)
  Storage Entries: 275

### TIER-SPECIFIC KV BYTES ###
  Storage KV Bytes Written: 333.10GiB
  Storage KV Bytes Read: 1507.47GiB

### STORAGE KV BANDWIDTH ###
  Storage KV Read Bandwidth: 4.94GiB/s
  Storage KV Write Bandwidth: 1.09GiB/s

### TIER-SPECIFIC LATENCIES (Total = Host + Device) ###
  Storage Read P95 (Total): 17472.56 ms
  Storage Write P95 (Total): 8654.09 ms

### STORAGE TIER LATENCY BREAKDOWN (Device = Disk I/O, Host = Serialization) ###
  Storage Read:
    - Device P95 (Disk I/O): 15051.81 ms
    - Host P95 (Serialization): 4657.17 ms
    - Total P95: 17472.56 ms
  Storage Write:
    - Device P95 (Disk I/O): 529.59 ms
    - Host P95 (Serialization): 7606.78 ms
    - Total P95: 8654.09 ms

### CACHE TYPE BREAKDOWNS ###
  System Prompt Hits: 293
  Common Phrase Hits: 0
  User Cache Hits: 1139
  Multi-turn Hits: 43

### PREFIX CACHING ###
  Prefix Hits: 50
  Prefix Misses: 225
  System Prompt Reuse: 50
  Bytes Saved: 0.10GiB

### MULTI-TURN CONVERSATIONS ###
  Multi-turn Cache Hits: 43
  Multi-turn Cache Misses: 392
  Multi-turn Hit Rate: 9.9%

### QOS LATENCY METRICS (Informational - includes simulated generation) ###

  INTERACTIVE:
    Requests: 204
    Latency P95: 340863.95 ms
    Latency P99: 357931.69 ms
    SLA Met: [X] (compliance: 0.0%)

  RESPONSIVE:
    Requests: 22
    Latency P95: 265029.57 ms
    Latency P99: 277342.03 ms
    SLA Met: [X] (compliance: 0.0%)

  BATCH:
    Requests: 36
    Latency P95: 171508.74 ms
    Latency P99: 197372.77 ms
    SLA Met: [X] (compliance: 0.0%)

================================================================================
NOTES:
  - Pure storage I/O benchmark (no generation simulation)
================================================================================

Integrated Multi-User KV Cache Benchmark - MLPerf Edition
Model: Llama 3.1 70B Instruct
GPU Memory: 0 GB
Users: 70
Duration: 300s
Seed: 192
Generation Mode: none (0.0ms/token)
Features:
  - Phase-Aware Processing: Enabled
  - Multi-turn Conversations: Enabled
  - Prefix Caching: Enabled
  - RAG Workload: Disabled
  - Autoscaling: Disabled
  - QoS Support: Enabled (Interactive/Responsive/Batch)
  - Trace-Driven (BurstGPT): Disabled
  - ShareGPT Dataset: Disabled
  - Max Concurrent Allocations: 4 (bounds RAM usage)
================================================================================

User Context Length Distribution:
  Min: 780 tokens (243.75MiB)
  Max: 24917 tokens (7786.56MiB)
  Mean: 9576 tokens (2992.58MiB)

QoS Distribution:
  interactive: 17 users
  responsive: 30 users
  batch: 23 users

### MEMORY SAFETY CHECK ###
  Formula: peak = (workers x 2 x mean_entry_bytes) + baseline
         = (70 x 2 x 2500MiB) + 2.5GiB
         = 344.3GiB
  Available RAM: 989.1GiB
  Mean entry size: 2500MiB  (8000 tok x 327,680 B/tok)
  Peak per thread: 5000MiB  (np.load + np.array copy)
  Worker threads: 70
  Safe concurrent readers: ~202  = (available - baseline) / peak_per_thread
  Status: OK

Starting benchmark... Mode: standard (prefill+decode)
--------------------------------------------------------------------------------

================================================================================
BENCHMARK RESULTS - MLPerf KV Cache Storage Benchmark
Generation Mode: none (0.0ms/token)
================================================================================

IMPORTANT: All storage latencies below are measured per KV cache BLOCK,
not per token or per disk page.  Each block holds the full KV state for
one request (all layers, all heads, full sequence length).
  Model KV bytes/token: 327,680 bytes (320.0KiB)
  Entries in cache: 251
  Block size min:   71.9MiB
  Block size mean:  1607.6MiB
  Block size P95:   5612.3MiB
  Block size max:   6881.6MiB
  A 200MiB block at 1GiB/s NVMe read = ~200 ms device latency.
  Compare latencies against block sizes, not against 4KiB page I/O.


### OVERALL PERFORMANCE ###
Requests Completed: 237
Total Tokens Generated: 28546
Throughput (wall-clock): 95.15 tokens/sec
Throughput (storage I/O): 5.47 tokens/sec
Requests/sec: 0.79

### END-TO-END LATENCY (Queue Wait + Storage I/O + Generation) ###
  Mean: 183350.13 ms
  P50:  191814.42 ms
  P95:  356301.34 ms
  P99:  372847.92 ms

### PER-REQUEST STORAGE LATENCY (All I/O ops for one request) ###
  Mean: 22001.43 ms
  P50:  8642.87 ms
  P95:  90367.44 ms
  P99:  173289.52 ms
  (= 1 prefill write + N decode reads per request)

### STORAGE PERFORMANCE ###
  Cache Hit Rate: 84.6%
  Total Read: 1285.49GiB
  Total Write: 394.05GiB
  Read/Write Ratio: 3.26
  Storage KV Read Operations/sec: 3.53
  Storage KV Write Operations/sec: 0.84

### CACHE TIER DISTRIBUTION ###
  GPU Entries: 0 (0.00GiB)
  CPU Entries: 0 (0.00GiB)
  Storage Entries: 251

### TIER-SPECIFIC KV BYTES ###
  Storage KV Bytes Written: 394.05GiB
  Storage KV Bytes Read: 1285.49GiB

### STORAGE KV BANDWIDTH ###
  Storage KV Read Bandwidth: 4.28GiB/s
  Storage KV Write Bandwidth: 1.31GiB/s

### TIER-SPECIFIC LATENCIES (Total = Host + Device) ###
  Storage Read P95 (Total): 15030.61 ms
  Storage Write P95 (Total): 8598.25 ms

### STORAGE TIER LATENCY BREAKDOWN (Device = Disk I/O, Host = Serialization) ###
  Storage Read:
    - Device P95 (Disk I/O): 12596.40 ms
    - Host P95 (Serialization): 4276.72 ms
    - Total P95: 15030.61 ms
  Storage Write:
    - Device P95 (Disk I/O): 572.61 ms
    - Host P95 (Serialization): 8575.33 ms
    - Total P95: 8598.25 ms

### CACHE TYPE BREAKDOWNS ###
  System Prompt Hits: 197
  Common Phrase Hits: 0
  User Cache Hits: 851
  Multi-turn Hits: 10

### PREFIX CACHING ###
  Prefix Hits: 43
  Prefix Misses: 208
  System Prompt Reuse: 43
  Bytes Saved: 0.09GiB

### MULTI-TURN CONVERSATIONS ###
  Multi-turn Cache Hits: 10
  Multi-turn Cache Misses: 150
  Multi-turn Hit Rate: 6.2%

### QOS LATENCY METRICS (Informational - includes simulated generation) ###

  INTERACTIVE:
    Requests: 184
    Latency P95: 358950.19 ms
    Latency P99: 373837.45 ms
    SLA Met: [X] (compliance: 0.0%)

  RESPONSIVE:
    Requests: 28
    Latency P95: 245367.50 ms
    Latency P99: 322846.79 ms
    SLA Met: [X] (compliance: 0.0%)

  BATCH:
    Requests: 25
    Latency P95: 199249.11 ms
    Latency P99: 238609.50 ms
    SLA Met: [X] (compliance: 0.0%)

================================================================================
NOTES:
  - Pure storage I/O benchmark (no generation simulation)
================================================================================

Integrated Multi-User KV Cache Benchmark - MLPerf Edition
Model: Llama 3.1 70B Instruct
GPU Memory: 0 GB
Users: 70
Duration: 300s
Seed: 183
Generation Mode: none (0.0ms/token)
Features:
  - Phase-Aware Processing: Enabled
  - Multi-turn Conversations: Enabled
  - Prefix Caching: Enabled
  - RAG Workload: Disabled
  - Autoscaling: Disabled
  - QoS Support: Enabled (Interactive/Responsive/Batch)
  - Trace-Driven (BurstGPT): Disabled
  - ShareGPT Dataset: Disabled
  - Max Concurrent Allocations: 4 (bounds RAM usage)
================================================================================

User Context Length Distribution:
  Min: 537 tokens (167.81MiB)
  Max: 24688 tokens (7715.00MiB)
  Mean: 8805 tokens (2751.49MiB)

QoS Distribution:
  interactive: 19 users
  responsive: 23 users
  batch: 28 users

### MEMORY SAFETY CHECK ###
  Formula: peak = (workers x 2 x mean_entry_bytes) + baseline
         = (70 x 2 x 2500MiB) + 2.5GiB
         = 344.3GiB
  Available RAM: 990.0GiB
  Mean entry size: 2500MiB  (8000 tok x 327,680 B/tok)
  Peak per thread: 5000MiB  (np.load + np.array copy)
  Worker threads: 70
  Safe concurrent readers: ~202  = (available - baseline) / peak_per_thread
  Status: OK

Starting benchmark... Mode: standard (prefill+decode)
--------------------------------------------------------------------------------

================================================================================
BENCHMARK RESULTS - MLPerf KV Cache Storage Benchmark
Generation Mode: none (0.0ms/token)
================================================================================

IMPORTANT: All storage latencies below are measured per KV cache BLOCK,
not per token or per disk page.  Each block holds the full KV state for
one request (all layers, all heads, full sequence length).
  Model KV bytes/token: 327,680 bytes (320.0KiB)
  Entries in cache: 280
  Block size min:   42.2MiB
  Block size mean:  1183.6MiB
  Block size P95:   4441.9MiB
  Block size max:   7058.8MiB
  A 200MiB block at 1GiB/s NVMe read = ~200 ms device latency.
  Compare latencies against block sizes, not against 4KiB page I/O.


### OVERALL PERFORMANCE ###
Requests Completed: 271
Total Tokens Generated: 36698
Throughput (wall-clock): 122.28 tokens/sec
Throughput (storage I/O): 5.80 tokens/sec
Requests/sec: 0.90

### END-TO-END LATENCY (Queue Wait + Storage I/O + Generation) ###
  Mean: 171193.93 ms
  P50:  141722.28 ms
  P95:  362065.03 ms
  P99:  369285.39 ms

### PER-REQUEST STORAGE LATENCY (All I/O ops for one request) ###
  Mean: 23351.57 ms
  P50:  12236.80 ms
  P95:  81423.60 ms
  P99:  165018.99 ms
  (= 1 prefill write + N decode reads per request)

### STORAGE PERFORMANCE ###
  Cache Hit Rate: 83.2%
  Total Read: 1311.05GiB
  Total Write: 323.63GiB
  Read/Write Ratio: 4.05
  Storage KV Read Operations/sec: 4.49
  Storage KV Write Operations/sec: 0.93

### CACHE TIER DISTRIBUTION ###
  GPU Entries: 0 (0.00GiB)
  CPU Entries: 0 (0.00GiB)
  Storage Entries: 280

### TIER-SPECIFIC KV BYTES ###
  Storage KV Bytes Written: 323.63GiB
  Storage KV Bytes Read: 1311.05GiB

### STORAGE KV BANDWIDTH ###
  Storage KV Read Bandwidth: 4.37GiB/s
  Storage KV Write Bandwidth: 1.08GiB/s

### TIER-SPECIFIC LATENCIES (Total = Host + Device) ###
  Storage Read P95 (Total): 15848.26 ms
  Storage Write P95 (Total): 9768.12 ms

### STORAGE TIER LATENCY BREAKDOWN (Device = Disk I/O, Host = Serialization) ###
  Storage Read:
    - Device P95 (Disk I/O): 13493.95 ms
    - Host P95 (Serialization): 3470.76 ms
    - Total P95: 15848.26 ms
  Storage Write:
    - Device P95 (Disk I/O): 643.83 ms
    - Host P95 (Serialization): 9409.87 ms
    - Total P95: 9768.12 ms

### CACHE TYPE BREAKDOWNS ###
  System Prompt Hits: 259
  Common Phrase Hits: 0
  User Cache Hits: 1069
  Multi-turn Hits: 20

### PREFIX CACHING ###
  Prefix Hits: 56
  Prefix Misses: 224
  System Prompt Reuse: 56
  Bytes Saved: 0.11GiB

### MULTI-TURN CONVERSATIONS ###
  Multi-turn Cache Hits: 20
  Multi-turn Cache Misses: 216
  Multi-turn Hit Rate: 8.5%

### QOS LATENCY METRICS (Informational - includes simulated generation) ###

  INTERACTIVE:
    Requests: 231
    Latency P95: 362200.71 ms
    Latency P99: 369485.16 ms
    SLA Met: [X] (compliance: 0.0%)

  RESPONSIVE:
    Requests: 18
    Latency P95: 135767.16 ms
    Latency P99: 173447.34 ms
    SLA Met: [X] (compliance: 0.0%)

  BATCH:
    Requests: 22
    Latency P95: 96032.69 ms
    Latency P99: 264714.42 ms
    SLA Met: [X] (compliance: 0.0%)

================================================================================
NOTES:
  - Pure storage I/O benchmark (no generation simulation)
================================================================================

Integrated Multi-User KV Cache Benchmark - MLPerf Edition
Model: Llama 3.1 70B Instruct
GPU Memory: 0 GB
Users: 70
Duration: 300s
Seed: 212
Generation Mode: none (0.0ms/token)
Features:
  - Phase-Aware Processing: Enabled
  - Multi-turn Conversations: Enabled
  - Prefix Caching: Enabled
  - RAG Workload: Disabled
  - Autoscaling: Disabled
  - QoS Support: Enabled (Interactive/Responsive/Batch)
  - Trace-Driven (BurstGPT): Disabled
  - ShareGPT Dataset: Disabled
  - Max Concurrent Allocations: 4 (bounds RAM usage)
================================================================================

User Context Length Distribution:
  Min: 701 tokens (219.06MiB)
  Max: 23953 tokens (7485.31MiB)
  Mean: 7798 tokens (2437.03MiB)

QoS Distribution:
  interactive: 9 users
  responsive: 26 users
  batch: 35 users

### MEMORY SAFETY CHECK ###
  Formula: peak = (workers x 2 x mean_entry_bytes) + baseline
         = (70 x 2 x 2500MiB) + 2.5GiB
         = 344.3GiB
  Available RAM: 988.4GiB
  Mean entry size: 2500MiB  (8000 tok x 327,680 B/tok)
  Peak per thread: 5000MiB  (np.load + np.array copy)
  Worker threads: 70
  Safe concurrent readers: ~201  = (available - baseline) / peak_per_thread
  Status: OK

Starting benchmark... Mode: standard (prefill+decode)
--------------------------------------------------------------------------------

================================================================================
BENCHMARK RESULTS - MLPerf KV Cache Storage Benchmark
Generation Mode: none (0.0ms/token)
================================================================================

IMPORTANT: All storage latencies below are measured per KV cache BLOCK,
not per token or per disk page.  Each block holds the full KV state for
one request (all layers, all heads, full sequence length).
  Model KV bytes/token: 327,680 bytes (320.0KiB)
  Entries in cache: 298
  Block size min:   97.8MiB
  Block size mean:  1059.3MiB
  Block size P95:   3057.0MiB
  Block size max:   5708.1MiB
  A 200MiB block at 1GiB/s NVMe read = ~200 ms device latency.
  Compare latencies against block sizes, not against 4KiB page I/O.


### OVERALL PERFORMANCE ###
Requests Completed: 283
Total Tokens Generated: 39264
Throughput (wall-clock): 130.63 tokens/sec
Throughput (storage I/O): 4.81 tokens/sec
Requests/sec: 0.94

### END-TO-END LATENCY (Queue Wait + Storage I/O + Generation) ###
  Mean: 184791.42 ms
  P50:  188796.63 ms
  P95:  349137.53 ms
  P99:  359059.35 ms

### PER-REQUEST STORAGE LATENCY (All I/O ops for one request) ###
  Mean: 28837.15 ms
  P50:  16154.16 ms
  P95:  100441.27 ms
  P99:  146398.20 ms
  (= 1 prefill write + N decode reads per request)

### STORAGE PERFORMANCE ###
  Cache Hit Rate: 83.6%
  Total Read: 1910.74GiB
  Total Write: 308.28GiB
  Read/Write Ratio: 6.20
  Storage KV Read Operations/sec: 5.55
  Storage KV Write Operations/sec: 0.99

### CACHE TIER DISTRIBUTION ###
  GPU Entries: 0 (0.00GiB)
  CPU Entries: 0 (0.00GiB)
  Storage Entries: 298

### TIER-SPECIFIC KV BYTES ###
  Storage KV Bytes Written: 308.28GiB
  Storage KV Bytes Read: 1910.74GiB

### STORAGE KV BANDWIDTH ###
  Storage KV Read Bandwidth: 6.36GiB/s
  Storage KV Write Bandwidth: 1.03GiB/s

### TIER-SPECIFIC LATENCIES (Total = Host + Device) ###
  Storage Read P95 (Total): 15731.25 ms
  Storage Write P95 (Total): 9137.69 ms

### STORAGE TIER LATENCY BREAKDOWN (Device = Disk I/O, Host = Serialization) ###
  Storage Read:
    - Device P95 (Disk I/O): 13885.49 ms
    - Host P95 (Serialization): 3529.66 ms
    - Total P95: 15731.25 ms
  Storage Write:
    - Device P95 (Disk I/O): 502.15 ms
    - Host P95 (Serialization): 8978.63 ms
    - Total P95: 9137.69 ms

### CACHE TYPE BREAKDOWNS ###
  System Prompt Hits: 322
  Common Phrase Hits: 0
  User Cache Hits: 1320
  Multi-turn Hits: 22

### PREFIX CACHING ###
  Prefix Hits: 58
  Prefix Misses: 240
  System Prompt Reuse: 58
  Bytes Saved: 0.12GiB

### MULTI-TURN CONVERSATIONS ###
  Multi-turn Cache Hits: 22
  Multi-turn Cache Misses: 267
  Multi-turn Hit Rate: 7.6%

### QOS LATENCY METRICS (Informational - includes simulated generation) ###

  INTERACTIVE:
    Requests: 222
    Latency P95: 350356.87 ms
    Latency P99: 361979.60 ms
    SLA Met: [X] (compliance: 0.0%)

  RESPONSIVE:
    Requests: 26
    Latency P95: 131726.02 ms
    Latency P99: 154960.64 ms
    SLA Met: [X] (compliance: 0.0%)

  BATCH:
    Requests: 35
    Latency P95: 103863.62 ms
    Latency P99: 126381.61 ms
    SLA Met: [X] (compliance: 0.0%)

================================================================================
NOTES:
  - Pure storage I/O benchmark (no generation simulation)
================================================================================

Integrated Multi-User KV Cache Benchmark - MLPerf Edition
Model: Llama 3.1 70B Instruct
GPU Memory: 0 GB
Users: 70
Duration: 300s
Seed: 196
Generation Mode: none (0.0ms/token)
Features:
  - Phase-Aware Processing: Enabled
  - Multi-turn Conversations: Enabled
  - Prefix Caching: Enabled
  - RAG Workload: Disabled
  - Autoscaling: Disabled
  - QoS Support: Enabled (Interactive/Responsive/Batch)
  - Trace-Driven (BurstGPT): Disabled
  - ShareGPT Dataset: Disabled
  - Max Concurrent Allocations: 4 (bounds RAM usage)
================================================================================

User Context Length Distribution:
  Min: 926 tokens (289.38MiB)
  Max: 24573 tokens (7679.06MiB)
  Mean: 9620 tokens (3006.35MiB)

QoS Distribution:
  interactive: 4 users
  responsive: 21 users
  batch: 45 users

### MEMORY SAFETY CHECK ###
  Formula: peak = (workers x 2 x mean_entry_bytes) + baseline
         = (70 x 2 x 2500MiB) + 2.5GiB
         = 344.3GiB
  Available RAM: 991.0GiB
  Mean entry size: 2500MiB  (8000 tok x 327,680 B/tok)
  Peak per thread: 5000MiB  (np.load + np.array copy)
  Worker threads: 70
  Safe concurrent readers: ~202  = (available - baseline) / peak_per_thread
  Status: OK

Starting benchmark... Mode: standard (prefill+decode)
--------------------------------------------------------------------------------

================================================================================
BENCHMARK RESULTS - MLPerf KV Cache Storage Benchmark
Generation Mode: none (0.0ms/token)
================================================================================

IMPORTANT: All storage latencies below are measured per KV cache BLOCK,
not per token or per disk page.  Each block holds the full KV state for
one request (all layers, all heads, full sequence length).
  Model KV bytes/token: 327,680 bytes (320.0KiB)
  Entries in cache: 232
  Block size min:   101.2MiB
  Block size mean:  1704.0MiB
  Block size P95:   4154.2MiB
  Block size max:   6911.9MiB
  A 200MiB block at 1GiB/s NVMe read = ~200 ms device latency.
  Compare latencies against block sizes, not against 4KiB page I/O.


### OVERALL PERFORMANCE ###
Requests Completed: 218
Total Tokens Generated: 43638
Throughput (wall-clock): 145.46 tokens/sec
Throughput (storage I/O): 5.17 tokens/sec
Requests/sec: 0.73

### END-TO-END LATENCY (Queue Wait + Storage I/O + Generation) ###
  Mean: 187479.07 ms
  P50:  196157.11 ms
  P95:  333829.78 ms
  P99:  344044.18 ms

### PER-REQUEST STORAGE LATENCY (All I/O ops for one request) ###
  Mean: 38745.15 ms
  P50:  18822.10 ms
  P95:  122934.42 ms
  P99:  154190.57 ms
  (= 1 prefill write + N decode reads per request)

### STORAGE PERFORMANCE ###
  Cache Hit Rate: 83.2%
  Total Read: 2191.40GiB
  Total Write: 386.07GiB
  Read/Write Ratio: 5.68
  Storage KV Read Operations/sec: 4.64
  Storage KV Write Operations/sec: 0.77

### CACHE TIER DISTRIBUTION ###
  GPU Entries: 0 (0.00GiB)
  CPU Entries: 0 (0.00GiB)
  Storage Entries: 232

### TIER-SPECIFIC KV BYTES ###
  Storage KV Bytes Written: 386.07GiB
  Storage KV Bytes Read: 2191.40GiB

### STORAGE KV BANDWIDTH ###
  Storage KV Read Bandwidth: 7.30GiB/s
  Storage KV Write Bandwidth: 1.29GiB/s

### TIER-SPECIFIC LATENCIES (Total = Host + Device) ###
  Storage Read P95 (Total): 16497.44 ms
  Storage Write P95 (Total): 6507.20 ms

### STORAGE TIER LATENCY BREAKDOWN (Device = Disk I/O, Host = Serialization) ###
  Storage Read:
    - Device P95 (Disk I/O): 13630.03 ms
    - Host P95 (Serialization): 3628.84 ms
    - Total P95: 16497.44 ms
  Storage Write:
    - Device P95 (Disk I/O): 207.95 ms
    - Host P95 (Serialization): 6293.18 ms
    - Total P95: 6507.20 ms

### CACHE TYPE BREAKDOWNS ###
  System Prompt Hits: 205
  Common Phrase Hits: 0
  User Cache Hits: 1163
  Multi-turn Hits: 24

### PREFIX CACHING ###
  Prefix Hits: 38
  Prefix Misses: 194
  System Prompt Reuse: 38
  Bytes Saved: 0.08GiB

### MULTI-TURN CONVERSATIONS ###
  Multi-turn Cache Hits: 24
  Multi-turn Cache Misses: 243
  Multi-turn Hit Rate: 9.0%

### QOS LATENCY METRICS (Informational - includes simulated generation) ###

  INTERACTIVE:
    Requests: 153
    Latency P95: 336073.59 ms
    Latency P99: 344201.78 ms
    SLA Met: [X] (compliance: 0.0%)

  RESPONSIVE:
    Requests: 23
    Latency P95: 214701.16 ms
    Latency P99: 230915.34 ms
    SLA Met: [X] (compliance: 0.0%)

  BATCH:
    Requests: 42
    Latency P95: 161482.38 ms
    Latency P99: 192262.46 ms
    SLA Met: [X] (compliance: 0.0%)

================================================================================
NOTES:
  - Pure storage I/O benchmark (no generation simulation)
================================================================================

Integrated Multi-User KV Cache Benchmark - MLPerf Edition
Model: Llama 3.1 70B Instruct
GPU Memory: 0 GB
Users: 70
Duration: 300s
Seed: 207
Generation Mode: none (0.0ms/token)
Features:
  - Phase-Aware Processing: Enabled
  - Multi-turn Conversations: Enabled
  - Prefix Caching: Enabled
  - RAG Workload: Disabled
  - Autoscaling: Disabled
  - QoS Support: Enabled (Interactive/Responsive/Batch)
  - Trace-Driven (BurstGPT): Disabled
  - ShareGPT Dataset: Disabled
  - Max Concurrent Allocations: 4 (bounds RAM usage)
================================================================================

User Context Length Distribution:
  Min: 513 tokens (160.31MiB)
  Max: 24105 tokens (7532.81MiB)
  Mean: 9344 tokens (2920.12MiB)

QoS Distribution:
  interactive: 12 users
  responsive: 22 users
  batch: 36 users

### MEMORY SAFETY CHECK ###
  Formula: peak = (workers x 2 x mean_entry_bytes) + baseline
         = (70 x 2 x 2500MiB) + 2.5GiB
         = 344.3GiB
  Available RAM: 989.6GiB
  Mean entry size: 2500MiB  (8000 tok x 327,680 B/tok)
  Peak per thread: 5000MiB  (np.load + np.array copy)
  Worker threads: 70
  Safe concurrent readers: ~202  = (available - baseline) / peak_per_thread
  Status: OK

Starting benchmark... Mode: standard (prefill+decode)
--------------------------------------------------------------------------------

================================================================================
BENCHMARK RESULTS - MLPerf KV Cache Storage Benchmark
Generation Mode: none (0.0ms/token)
================================================================================

IMPORTANT: All storage latencies below are measured per KV cache BLOCK,
not per token or per disk page.  Each block holds the full KV state for
one request (all layers, all heads, full sequence length).
  Model KV bytes/token: 327,680 bytes (320.0KiB)
  Entries in cache: 328
  Block size min:   44.4MiB
  Block size mean:  914.9MiB
  Block size P95:   3301.7MiB
  Block size max:   5845.9MiB
  A 200MiB block at 1GiB/s NVMe read = ~200 ms device latency.
  Compare latencies against block sizes, not against 4KiB page I/O.


### OVERALL PERFORMANCE ###
Requests Completed: 319
Total Tokens Generated: 42206
Throughput (wall-clock): 140.18 tokens/sec
Throughput (storage I/O): 5.44 tokens/sec
Requests/sec: 1.06

### END-TO-END LATENCY (Queue Wait + Storage I/O + Generation) ###
  Mean: 186710.00 ms
  P50:  206191.90 ms
  P95:  339205.00 ms
  P99:  368970.71 ms

### PER-REQUEST STORAGE LATENCY (All I/O ops for one request) ###
  Mean: 24317.87 ms
  P50:  9681.18 ms
  P95:  102915.39 ms
  P99:  162560.10 ms
  (= 1 prefill write + N decode reads per request)

### STORAGE PERFORMANCE ###
  Cache Hit Rate: 86.1%
  Total Read: 1755.29GiB
  Total Write: 293.05GiB
  Read/Write Ratio: 5.99
  Storage KV Read Operations/sec: 5.77
  Storage KV Write Operations/sec: 1.09

### CACHE TIER DISTRIBUTION ###
  GPU Entries: 0 (0.00GiB)
  CPU Entries: 0 (0.00GiB)
  Storage Entries: 328

### TIER-SPECIFIC KV BYTES ###
  Storage KV Bytes Written: 293.05GiB
  Storage KV Bytes Read: 1755.29GiB

### STORAGE KV BANDWIDTH ###
  Storage KV Read Bandwidth: 5.83GiB/s
  Storage KV Write Bandwidth: 0.97GiB/s

### TIER-SPECIFIC LATENCIES (Total = Host + Device) ###
  Storage Read P95 (Total): 14365.06 ms
  Storage Write P95 (Total): 10001.87 ms

### STORAGE TIER LATENCY BREAKDOWN (Device = Disk I/O, Host = Serialization) ###
  Storage Read:
    - Device P95 (Disk I/O): 11321.35 ms
    - Host P95 (Serialization): 4839.91 ms
    - Total P95: 14365.06 ms
  Storage Write:
    - Device P95 (Disk I/O): 305.59 ms
    - Host P95 (Serialization): 9165.12 ms
    - Total P95: 10001.87 ms

### CACHE TYPE BREAKDOWNS ###
  System Prompt Hits: 328
  Common Phrase Hits: 0
  User Cache Hits: 1368
  Multi-turn Hits: 36

### PREFIX CACHING ###
  Prefix Hits: 68
  Prefix Misses: 260
  System Prompt Reuse: 68
  Bytes Saved: 0.14GiB

### MULTI-TURN CONVERSATIONS ###
  Multi-turn Cache Hits: 36
  Multi-turn Cache Misses: 212
  Multi-turn Hit Rate: 14.5%

### QOS LATENCY METRICS (Informational - includes simulated generation) ###

  INTERACTIVE:
    Requests: 264
    Latency P95: 343949.83 ms
    Latency P99: 369286.04 ms
    SLA Met: [X] (compliance: 0.0%)

  RESPONSIVE:
    Requests: 22
    Latency P95: 160305.59 ms
    Latency P99: 169996.03 ms
    SLA Met: [X] (compliance: 0.0%)

  BATCH:
    Requests: 33
    Latency P95: 127514.49 ms
    Latency P99: 162026.82 ms
    SLA Met: [X] (compliance: 0.0%)

================================================================================
NOTES:
  - Pure storage I/O benchmark (no generation simulation)
================================================================================

Integrated Multi-User KV Cache Benchmark - MLPerf Edition
Model: Llama 3.1 70B Instruct
GPU Memory: 0 GB
Users: 70
Duration: 300s
Seed: 211
Generation Mode: none (0.0ms/token)
Features:
  - Phase-Aware Processing: Enabled
  - Multi-turn Conversations: Enabled
  - Prefix Caching: Enabled
  - RAG Workload: Disabled
  - Autoscaling: Disabled
  - QoS Support: Enabled (Interactive/Responsive/Batch)
  - Trace-Driven (BurstGPT): Disabled
  - ShareGPT Dataset: Disabled
  - Max Concurrent Allocations: 4 (bounds RAM usage)
================================================================================

User Context Length Distribution:
  Min: 628 tokens (196.25MiB)
  Max: 23090 tokens (7215.62MiB)
  Mean: 9059 tokens (2830.86MiB)

QoS Distribution:
  interactive: 9 users
  responsive: 27 users
  batch: 34 users

### MEMORY SAFETY CHECK ###
  Formula: peak = (workers x 2 x mean_entry_bytes) + baseline
         = (70 x 2 x 2500MiB) + 2.5GiB
         = 344.3GiB
  Available RAM: 989.4GiB
  Mean entry size: 2500MiB  (8000 tok x 327,680 B/tok)
  Peak per thread: 5000MiB  (np.load + np.array copy)
  Worker threads: 70
  Safe concurrent readers: ~202  = (available - baseline) / peak_per_thread
  Status: OK

Starting benchmark... Mode: standard (prefill+decode)
--------------------------------------------------------------------------------

================================================================================
BENCHMARK RESULTS - MLPerf KV Cache Storage Benchmark
Generation Mode: none (0.0ms/token)
================================================================================

IMPORTANT: All storage latencies below are measured per KV cache BLOCK,
not per token or per disk page.  Each block holds the full KV state for
one request (all layers, all heads, full sequence length).
  Model KV bytes/token: 327,680 bytes (320.0KiB)
  Entries in cache: 281
  Block size min:   92.5MiB
  Block size mean:  1298.2MiB
  Block size P95:   3389.1MiB
  Block size max:   4932.5MiB
  A 200MiB block at 1GiB/s NVMe read = ~200 ms device latency.
  Compare latencies against block sizes, not against 4KiB page I/O.


### OVERALL PERFORMANCE ###
Requests Completed: 271
Total Tokens Generated: 38539
Throughput (wall-clock): 128.40 tokens/sec
Throughput (storage I/O): 5.06 tokens/sec
Requests/sec: 0.90

### END-TO-END LATENCY (Queue Wait + Storage I/O + Generation) ###
  Mean: 194694.59 ms
  P50:  205051.47 ms
  P95:  346702.04 ms
  P99:  366495.11 ms

### PER-REQUEST STORAGE LATENCY (All I/O ops for one request) ###
  Mean: 28099.60 ms
  P50:  17016.89 ms
  P95:  84407.96 ms
  P99:  127561.06 ms
  (= 1 prefill write + N decode reads per request)

### STORAGE PERFORMANCE ###
  Cache Hit Rate: 86.6%
  Total Read: 1827.74GiB
  Total Write: 356.25GiB
  Read/Write Ratio: 5.13
  Storage KV Read Operations/sec: 5.09
  Storage KV Write Operations/sec: 0.94

### CACHE TIER DISTRIBUTION ###
  GPU Entries: 0 (0.00GiB)
  CPU Entries: 0 (0.00GiB)
  Storage Entries: 281

### TIER-SPECIFIC KV BYTES ###
  Storage KV Bytes Written: 356.25GiB
  Storage KV Bytes Read: 1827.74GiB

### STORAGE KV BANDWIDTH ###
  Storage KV Read Bandwidth: 6.09GiB/s
  Storage KV Write Bandwidth: 1.19GiB/s

### TIER-SPECIFIC LATENCIES (Total = Host + Device) ###
  Storage Read P95 (Total): 13894.14 ms
  Storage Write P95 (Total): 9046.73 ms

### STORAGE TIER LATENCY BREAKDOWN (Device = Disk I/O, Host = Serialization) ###
  Storage Read:
    - Device P95 (Disk I/O): 10846.26 ms
    - Host P95 (Serialization): 4529.49 ms
    - Total P95: 13894.14 ms
  Storage Write:
    - Device P95 (Disk I/O): 309.38 ms
    - Host P95 (Serialization): 8664.24 ms
    - Total P95: 9046.73 ms

### CACHE TYPE BREAKDOWNS ###
  System Prompt Hits: 322
  Common Phrase Hits: 0
  User Cache Hits: 1176
  Multi-turn Hits: 28

### PREFIX CACHING ###
  Prefix Hits: 64
  Prefix Misses: 217
  System Prompt Reuse: 64
  Bytes Saved: 0.13GiB

### MULTI-TURN CONVERSATIONS ###
  Multi-turn Cache Hits: 28
  Multi-turn Cache Misses: 173
  Multi-turn Hit Rate: 13.9%

### QOS LATENCY METRICS (Informational - includes simulated generation) ###

  INTERACTIVE:
    Requests: 215
    Latency P95: 352374.18 ms
    Latency P99: 367536.29 ms
    SLA Met: [X] (compliance: 0.0%)

  RESPONSIVE:
    Requests: 42
    Latency P95: 178531.07 ms
    Latency P99: 198109.82 ms
    SLA Met: [X] (compliance: 0.0%)

  BATCH:
    Requests: 14
    Latency P95: 197035.81 ms
    Latency P99: 312691.18 ms
    SLA Met: [X] (compliance: 0.0%)

================================================================================
NOTES:
  - Pure storage I/O benchmark (no generation simulation)
================================================================================

Integrated Multi-User KV Cache Benchmark - MLPerf Edition
Model: Llama 3.1 70B Instruct
GPU Memory: 0 GB
Users: 70
Duration: 300s
Seed: 132
Generation Mode: none (0.0ms/token)
Features:
  - Phase-Aware Processing: Enabled
  - Multi-turn Conversations: Enabled
  - Prefix Caching: Enabled
  - RAG Workload: Disabled
  - Autoscaling: Disabled
  - QoS Support: Enabled (Interactive/Responsive/Batch)
  - Trace-Driven (BurstGPT): Disabled
  - ShareGPT Dataset: Disabled
  - Max Concurrent Allocations: 4 (bounds RAM usage)
================================================================================

User Context Length Distribution:
  Min: 857 tokens (267.81MiB)
  Max: 24567 tokens (7677.19MiB)
  Mean: 8917 tokens (2786.56MiB)

QoS Distribution:
  interactive: 9 users
  responsive: 20 users
  batch: 41 users

### MEMORY SAFETY CHECK ###
  Formula: peak = (workers x 2 x mean_entry_bytes) + baseline
         = (70 x 2 x 2500MiB) + 2.5GiB
         = 344.3GiB
  Available RAM: 990.4GiB
  Mean entry size: 2500MiB  (8000 tok x 327,680 B/tok)
  Peak per thread: 5000MiB  (np.load + np.array copy)
  Worker threads: 70
  Safe concurrent readers: ~202  = (available - baseline) / peak_per_thread
  Status: OK

Starting benchmark... Mode: standard (prefill+decode)
--------------------------------------------------------------------------------

================================================================================
BENCHMARK RESULTS - MLPerf KV Cache Storage Benchmark
Generation Mode: none (0.0ms/token)
================================================================================

IMPORTANT: All storage latencies below are measured per KV cache BLOCK,
not per token or per disk page.  Each block holds the full KV state for
one request (all layers, all heads, full sequence length).
  Model KV bytes/token: 327,680 bytes (320.0KiB)
  Entries in cache: 254
  Block size min:   117.2MiB
  Block size mean:  1376.5MiB
  Block size P95:   4847.0MiB
  Block size max:   6840.3MiB
  A 200MiB block at 1GiB/s NVMe read = ~200 ms device latency.
  Compare latencies against block sizes, not against 4KiB page I/O.


### OVERALL PERFORMANCE ###
Requests Completed: 243
Total Tokens Generated: 24968
Throughput (wall-clock): 83.23 tokens/sec
Throughput (storage I/O): 5.36 tokens/sec
Requests/sec: 0.81

### END-TO-END LATENCY (Queue Wait + Storage I/O + Generation) ###
  Mean: 167757.80 ms
  P50:  141843.19 ms
  P95:  352131.03 ms
  P99:  365377.09 ms

### PER-REQUEST STORAGE LATENCY (All I/O ops for one request) ###
  Mean: 19165.30 ms
  P50:  8415.78 ms
  P95:  75091.12 ms
  P99:  141127.70 ms
  (= 1 prefill write + N decode reads per request)

### STORAGE PERFORMANCE ###
  Cache Hit Rate: 74.2%
  Total Read: 1237.18GiB
  Total Write: 341.43GiB
  Read/Write Ratio: 3.62
  Storage KV Read Operations/sec: 3.66
  Storage KV Write Operations/sec: 0.85

### CACHE TIER DISTRIBUTION ###
  GPU Entries: 0 (0.00GiB)
  CPU Entries: 0 (0.00GiB)
  Storage Entries: 254

### TIER-SPECIFIC KV BYTES ###
  Storage KV Bytes Written: 341.43GiB
  Storage KV Bytes Read: 1237.18GiB

### STORAGE KV BANDWIDTH ###
  Storage KV Read Bandwidth: 4.12GiB/s
  Storage KV Write Bandwidth: 1.14GiB/s

### TIER-SPECIFIC LATENCIES (Total = Host + Device) ###
  Storage Read P95 (Total): 16145.84 ms
  Storage Write P95 (Total): 13556.06 ms

### STORAGE TIER LATENCY BREAKDOWN (Device = Disk I/O, Host = Serialization) ###
  Storage Read:
    - Device P95 (Disk I/O): 14402.23 ms
    - Host P95 (Serialization): 2944.16 ms
    - Total P95: 16145.84 ms
  Storage Write:
    - Device P95 (Disk I/O): 311.59 ms
    - Host P95 (Serialization): 12759.80 ms
    - Total P95: 13556.06 ms

### CACHE TYPE BREAKDOWNS ###
  System Prompt Hits: 192
  Common Phrase Hits: 0
  User Cache Hits: 861
  Multi-turn Hits: 45

### PREFIX CACHING ###
  Prefix Hits: 45
  Prefix Misses: 209
  System Prompt Reuse: 45
  Bytes Saved: 0.09GiB

### MULTI-TURN CONVERSATIONS ###
  Multi-turn Cache Hits: 45
  Multi-turn Cache Misses: 337
  Multi-turn Hit Rate: 11.8%

### QOS LATENCY METRICS (Informational - includes simulated generation) ###

  INTERACTIVE:
    Requests: 192
    Latency P95: 353957.46 ms
    Latency P99: 364617.68 ms
    SLA Met: [X] (compliance: 0.0%)

  RESPONSIVE:
    Requests: 24
    Latency P95: 141619.26 ms
    Latency P99: 326066.34 ms
    SLA Met: [X] (compliance: 0.0%)

  BATCH:
    Requests: 27
    Latency P95: 98783.49 ms
    Latency P99: 115022.18 ms
    SLA Met: [X] (compliance: 0.0%)

================================================================================
NOTES:
  - Pure storage I/O benchmark (no generation simulation)
================================================================================

Integrated Multi-User KV Cache Benchmark - MLPerf Edition
Model: Llama 3.1 70B Instruct
GPU Memory: 0 GB
Users: 70
Duration: 300s
Seed: 42
Generation Mode: none (0.0ms/token)
Features:
  - Phase-Aware Processing: Enabled
  - Multi-turn Conversations: Enabled
  - Prefix Caching: Enabled
  - RAG Workload: Disabled
  - Autoscaling: Disabled
  - QoS Support: Enabled (Interactive/Responsive/Batch)
  - Trace-Driven (BurstGPT): Disabled
  - ShareGPT Dataset: Disabled
  - Max Concurrent Allocations: 4 (bounds RAM usage)
================================================================================

User Context Length Distribution:
  Min: 598 tokens (186.88MiB)
  Max: 22617 tokens (7067.81MiB)
  Mean: 8276 tokens (2586.21MiB)

QoS Distribution:
  interactive: 11 users
  responsive: 23 users
  batch: 36 users

### MEMORY SAFETY CHECK ###
  Formula: peak = (workers x 2 x mean_entry_bytes) + baseline
         = (70 x 2 x 2500MiB) + 2.5GiB
         = 344.3GiB
  Available RAM: 988.0GiB
  Mean entry size: 2500MiB  (8000 tok x 327,680 B/tok)
  Peak per thread: 5000MiB  (np.load + np.array copy)
  Worker threads: 70
  Safe concurrent readers: ~201  = (available - baseline) / peak_per_thread
  Status: OK

Starting benchmark... Mode: standard (prefill+decode)
--------------------------------------------------------------------------------

================================================================================
BENCHMARK RESULTS - MLPerf KV Cache Storage Benchmark
Generation Mode: none (0.0ms/token)
================================================================================

IMPORTANT: All storage latencies below are measured per KV cache BLOCK,
not per token or per disk page.  Each block holds the full KV state for
one request (all layers, all heads, full sequence length).
  Model KV bytes/token: 327,680 bytes (320.0KiB)
  Entries in cache: 274
  Block size min:   47.8MiB
  Block size mean:  1306.5MiB
  Block size P95:   4055.0MiB
  Block size max:   6523.8MiB
  A 200MiB block at 1GiB/s NVMe read = ~200 ms device latency.
  Compare latencies against block sizes, not against 4KiB page I/O.


### OVERALL PERFORMANCE ###
Requests Completed: 268
Total Tokens Generated: 45141
Throughput (wall-clock): 150.47 tokens/sec
Throughput (storage I/O): 5.10 tokens/sec
Requests/sec: 0.89

### END-TO-END LATENCY (Queue Wait + Storage I/O + Generation) ###
  Mean: 182447.59 ms
  P50:  162097.38 ms
  P95:  362195.51 ms
  P99:  369380.87 ms

### PER-REQUEST STORAGE LATENCY (All I/O ops for one request) ###
  Mean: 33056.30 ms
  P50:  16317.96 ms
  P95:  132234.78 ms
  P99:  238756.25 ms
  (= 1 prefill write + N decode reads per request)

### STORAGE PERFORMANCE ###
  Cache Hit Rate: 82.1%
  Total Read: 1846.44GiB
  Total Write: 349.59GiB
  Read/Write Ratio: 5.28
  Storage KV Read Operations/sec: 5.44
  Storage KV Write Operations/sec: 0.91

### CACHE TIER DISTRIBUTION ###
  GPU Entries: 0 (0.00GiB)
  CPU Entries: 0 (0.00GiB)
  Storage Entries: 274

### TIER-SPECIFIC KV BYTES ###
  Storage KV Bytes Written: 349.59GiB
  Storage KV Bytes Read: 1846.44GiB

### STORAGE KV BANDWIDTH ###
  Storage KV Read Bandwidth: 6.15GiB/s
  Storage KV Write Bandwidth: 1.17GiB/s

### TIER-SPECIFIC LATENCIES (Total = Host + Device) ###
  Storage Read P95 (Total): 19720.64 ms
  Storage Write P95 (Total): 10325.19 ms

### STORAGE TIER LATENCY BREAKDOWN (Device = Disk I/O, Host = Serialization) ###
  Storage Read:
    - Device P95 (Disk I/O): 15973.58 ms
    - Host P95 (Serialization): 4057.59 ms
    - Total P95: 19720.64 ms
  Storage Write:
    - Device P95 (Disk I/O): 428.56 ms
    - Host P95 (Serialization): 9784.43 ms
    - Total P95: 10325.19 ms

### CACHE TYPE BREAKDOWNS ###
  System Prompt Hits: 274
  Common Phrase Hits: 0
  User Cache Hits: 1328
  Multi-turn Hits: 29

### PREFIX CACHING ###
  Prefix Hits: 50
  Prefix Misses: 224
  System Prompt Reuse: 50
  Bytes Saved: 0.10GiB

### MULTI-TURN CONVERSATIONS ###
  Multi-turn Cache Hits: 29
  Multi-turn Cache Misses: 306
  Multi-turn Hit Rate: 8.7%

### QOS LATENCY METRICS (Informational - includes simulated generation) ###

  INTERACTIVE:
    Requests: 208
    Latency P95: 363338.15 ms
    Latency P99: 369296.98 ms
    SLA Met: [X] (compliance: 0.0%)

  RESPONSIVE:
    Requests: 24
    Latency P95: 143435.25 ms
    Latency P99: 319159.30 ms
    SLA Met: [X] (compliance: 0.0%)

  BATCH:
    Requests: 36
    Latency P95: 170388.38 ms
    Latency P99: 274574.76 ms
    SLA Met: [X] (compliance: 0.0%)

================================================================================
NOTES:
  - Pure storage I/O benchmark (no generation simulation)
================================================================================

Integrated Multi-User KV Cache Benchmark - MLPerf Edition
Model: Llama 3.1 70B Instruct
GPU Memory: 0 GB
Users: 70
Duration: 300s
Seed: 64
Generation Mode: none (0.0ms/token)
Features:
  - Phase-Aware Processing: Enabled
  - Multi-turn Conversations: Enabled
  - Prefix Caching: Enabled
  - RAG Workload: Disabled
  - Autoscaling: Disabled
  - QoS Support: Enabled (Interactive/Responsive/Batch)
  - Trace-Driven (BurstGPT): Disabled
  - ShareGPT Dataset: Disabled
  - Max Concurrent Allocations: 4 (bounds RAM usage)
================================================================================

User Context Length Distribution:
  Min: 691 tokens (215.94MiB)
  Max: 24437 tokens (7636.56MiB)
  Mean: 9826 tokens (3070.70MiB)

QoS Distribution:
  interactive: 17 users
  responsive: 26 users
  batch: 27 users

### MEMORY SAFETY CHECK ###
  Formula: peak = (workers x 2 x mean_entry_bytes) + baseline
         = (70 x 2 x 2500MiB) + 2.5GiB
         = 344.3GiB
  Available RAM: 990.3GiB
  Mean entry size: 2500MiB  (8000 tok x 327,680 B/tok)
  Peak per thread: 5000MiB  (np.load + np.array copy)
  Worker threads: 70
  Safe concurrent readers: ~202  = (available - baseline) / peak_per_thread
  Status: OK

Starting benchmark... Mode: standard (prefill+decode)
--------------------------------------------------------------------------------

================================================================================
BENCHMARK RESULTS - MLPerf KV Cache Storage Benchmark
Generation Mode: none (0.0ms/token)
================================================================================

IMPORTANT: All storage latencies below are measured per KV cache BLOCK,
not per token or per disk page.  Each block holds the full KV state for
one request (all layers, all heads, full sequence length).
  Model KV bytes/token: 327,680 bytes (320.0KiB)
  Entries in cache: 237
  Block size min:   60.6MiB
  Block size mean:  1646.3MiB
  Block size P95:   5429.9MiB
  Block size max:   7292.8MiB
  A 200MiB block at 1GiB/s NVMe read = ~200 ms device latency.
  Compare latencies against block sizes, not against 4KiB page I/O.


### OVERALL PERFORMANCE ###
Requests Completed: 226
Total Tokens Generated: 34849
Throughput (wall-clock): 114.71 tokens/sec
Throughput (storage I/O): 5.70 tokens/sec
Requests/sec: 0.74

### END-TO-END LATENCY (Queue Wait + Storage I/O + Generation) ###
  Mean: 170740.15 ms
  P50:  157702.68 ms
  P95:  366479.47 ms
  P99:  373145.29 ms

### PER-REQUEST STORAGE LATENCY (All I/O ops for one request) ###
  Mean: 27055.56 ms
  P50:  13189.66 ms
  P95:  99547.92 ms
  P99:  151299.94 ms
  (= 1 prefill write + N decode reads per request)

### STORAGE PERFORMANCE ###
  Cache Hit Rate: 80.0%
  Total Read: 1424.55GiB
  Total Write: 381.03GiB
  Read/Write Ratio: 3.74
  Storage KV Read Operations/sec: 4.26
  Storage KV Write Operations/sec: 0.79

### CACHE TIER DISTRIBUTION ###
  GPU Entries: 0 (0.00GiB)
  CPU Entries: 0 (0.00GiB)
  Storage Entries: 237

### TIER-SPECIFIC KV BYTES ###
  Storage KV Bytes Written: 381.03GiB
  Storage KV Bytes Read: 1424.55GiB

### STORAGE KV BANDWIDTH ###
  Storage KV Read Bandwidth: 4.69GiB/s
  Storage KV Write Bandwidth: 1.25GiB/s

### TIER-SPECIFIC LATENCIES (Total = Host + Device) ###
  Storage Read P95 (Total): 18245.21 ms
  Storage Write P95 (Total): 12818.99 ms

### STORAGE TIER LATENCY BREAKDOWN (Device = Disk I/O, Host = Serialization) ###
  Storage Read:
    - Device P95 (Disk I/O): 14279.93 ms
    - Host P95 (Serialization): 3166.56 ms
    - Total P95: 18245.21 ms
  Storage Write:
    - Device P95 (Disk I/O): 679.61 ms
    - Host P95 (Serialization): 12631.98 ms
    - Total P95: 12818.99 ms

### CACHE TYPE BREAKDOWNS ###
  System Prompt Hits: 314
  Common Phrase Hits: 0
  User Cache Hits: 926
  Multi-turn Hits: 38

### PREFIX CACHING ###
  Prefix Hits: 53
  Prefix Misses: 184
  System Prompt Reuse: 53
  Bytes Saved: 0.11GiB

### MULTI-TURN CONVERSATIONS ###
  Multi-turn Cache Hits: 38
  Multi-turn Cache Misses: 267
  Multi-turn Hit Rate: 12.5%

### QOS LATENCY METRICS (Informational - includes simulated generation) ###

  INTERACTIVE:
    Requests: 178
    Latency P95: 367055.24 ms
    Latency P99: 373203.21 ms
    SLA Met: [X] (compliance: 0.0%)

  RESPONSIVE:
    Requests: 36
    Latency P95: 224390.24 ms
    Latency P99: 348058.55 ms
    SLA Met: [X] (compliance: 0.0%)

  BATCH:
    Requests: 12
    Latency P95: 65216.75 ms
    Latency P99: 79693.76 ms
    SLA Met: [X] (compliance: 0.0%)

================================================================================
NOTES:
  - Pure storage I/O benchmark (no generation simulation)
================================================================================

Integrated Multi-User KV Cache Benchmark - MLPerf Edition
Model: Llama 3.1 70B Instruct
GPU Memory: 0 GB
Users: 70
Duration: 300s
Seed: 101
Generation Mode: none (0.0ms/token)
Features:
  - Phase-Aware Processing: Enabled
  - Multi-turn Conversations: Enabled
  - Prefix Caching: Enabled
  - RAG Workload: Disabled
  - Autoscaling: Disabled
  - QoS Support: Enabled (Interactive/Responsive/Batch)
  - Trace-Driven (BurstGPT): Disabled
  - ShareGPT Dataset: Disabled
  - Max Concurrent Allocations: 4 (bounds RAM usage)
================================================================================

User Context Length Distribution:
  Min: 562 tokens (175.62MiB)
  Max: 24361 tokens (7612.81MiB)
  Mean: 8368 tokens (2614.90MiB)

QoS Distribution:
  interactive: 14 users
  responsive: 21 users
  batch: 35 users

### MEMORY SAFETY CHECK ###
  Formula: peak = (workers x 2 x mean_entry_bytes) + baseline
         = (70 x 2 x 2500MiB) + 2.5GiB
         = 344.3GiB
  Available RAM: 987.2GiB
  Mean entry size: 2500MiB  (8000 tok x 327,680 B/tok)
  Peak per thread: 5000MiB  (np.load + np.array copy)
  Worker threads: 70
  Safe concurrent readers: ~201  = (available - baseline) / peak_per_thread
  Status: OK

Starting benchmark... Mode: standard (prefill+decode)
--------------------------------------------------------------------------------

================================================================================
BENCHMARK RESULTS - MLPerf KV Cache Storage Benchmark
Generation Mode: none (0.0ms/token)
================================================================================

IMPORTANT: All storage latencies below are measured per KV cache BLOCK,
not per token or per disk page.  Each block holds the full KV state for
one request (all layers, all heads, full sequence length).
  Model KV bytes/token: 327,680 bytes (320.0KiB)
  Entries in cache: 281
  Block size min:   58.1MiB
  Block size mean:  1127.1MiB
  Block size P95:   3782.5MiB
  Block size max:   5908.1MiB
  A 200MiB block at 1GiB/s NVMe read = ~200 ms device latency.
  Compare latencies against block sizes, not against 4KiB page I/O.


### OVERALL PERFORMANCE ###
Requests Completed: 275
Total Tokens Generated: 37816
Throughput (wall-clock): 125.99 tokens/sec
Throughput (storage I/O): 5.44 tokens/sec
Requests/sec: 0.92

### END-TO-END LATENCY (Queue Wait + Storage I/O + Generation) ###
  Mean: 173863.76 ms
  P50:  168244.76 ms
  P95:  345505.34 ms
  P99:  372776.43 ms

### PER-REQUEST STORAGE LATENCY (All I/O ops for one request) ###
  Mean: 25148.35 ms
  P50:  14124.35 ms
  P95:  83030.61 ms
  P99:  155046.70 ms
  (= 1 prefill write + N decode reads per request)

### STORAGE PERFORMANCE ###
  Cache Hit Rate: 78.8%
  Total Read: 1367.30GiB
  Total Write: 309.28GiB
  Read/Write Ratio: 4.42
  Storage KV Read Operations/sec: 4.86
  Storage KV Write Operations/sec: 0.94

### CACHE TIER DISTRIBUTION ###
  GPU Entries: 0 (0.00GiB)
  CPU Entries: 0 (0.00GiB)
  Storage Entries: 281

### TIER-SPECIFIC KV BYTES ###
  Storage KV Bytes Written: 309.28GiB
  Storage KV Bytes Read: 1367.30GiB

### STORAGE KV BANDWIDTH ###
  Storage KV Read Bandwidth: 4.56GiB/s
  Storage KV Write Bandwidth: 1.03GiB/s

### TIER-SPECIFIC LATENCIES (Total = Host + Device) ###
  Storage Read P95 (Total): 13874.01 ms
  Storage Write P95 (Total): 9587.56 ms

### STORAGE TIER LATENCY BREAKDOWN (Device = Disk I/O, Host = Serialization) ###
  Storage Read:
    - Device P95 (Disk I/O): 11276.12 ms
    - Host P95 (Serialization): 4866.12 ms
    - Total P95: 13874.01 ms
  Storage Write:
    - Device P95 (Disk I/O): 491.79 ms
    - Host P95 (Serialization): 9474.22 ms
    - Total P95: 9587.56 ms

### CACHE TYPE BREAKDOWNS ###
  System Prompt Hits: 248
  Common Phrase Hits: 0
  User Cache Hits: 1184
  Multi-turn Hits: 25

### PREFIX CACHING ###
  Prefix Hits: 48
  Prefix Misses: 233
  System Prompt Reuse: 48
  Bytes Saved: 0.10GiB

### MULTI-TURN CONVERSATIONS ###
  Multi-turn Cache Hits: 25
  Multi-turn Cache Misses: 345
  Multi-turn Hit Rate: 6.8%

### QOS LATENCY METRICS (Informational - includes simulated generation) ###

  INTERACTIVE:
    Requests: 218
    Latency P95: 362263.92 ms
    Latency P99: 374704.63 ms
    SLA Met: [X] (compliance: 0.0%)

  RESPONSIVE:
    Requests: 28
    Latency P95: 128593.36 ms
    Latency P99: 164965.56 ms
    SLA Met: [X] (compliance: 0.0%)

  BATCH:
    Requests: 29
    Latency P95: 67367.62 ms
    Latency P99: 149775.05 ms
    SLA Met: [X] (compliance: 0.0%)

================================================================================
NOTES:
  - Pure storage I/O benchmark (no generation simulation)
================================================================================

Integrated Multi-User KV Cache Benchmark - MLPerf Edition
Model: Llama 3.1 70B Instruct
GPU Memory: 0 GB
Users: 70
Duration: 300s
Seed: 178
Generation Mode: none (0.0ms/token)
Features:
  - Phase-Aware Processing: Enabled
  - Multi-turn Conversations: Enabled
  - Prefix Caching: Enabled
  - RAG Workload: Disabled
  - Autoscaling: Disabled
  - QoS Support: Enabled (Interactive/Responsive/Batch)
  - Trace-Driven (BurstGPT): Disabled
  - ShareGPT Dataset: Disabled
  - Max Concurrent Allocations: 4 (bounds RAM usage)
================================================================================

User Context Length Distribution:
  Min: 523 tokens (163.44MiB)
  Max: 23706 tokens (7408.12MiB)
  Mean: 9794 tokens (3060.58MiB)

QoS Distribution:
  interactive: 7 users
  responsive: 20 users
  batch: 43 users

### MEMORY SAFETY CHECK ###
  Formula: peak = (workers x 2 x mean_entry_bytes) + baseline
         = (70 x 2 x 2500MiB) + 2.5GiB
         = 344.3GiB
  Available RAM: 991.3GiB
  Mean entry size: 2500MiB  (8000 tok x 327,680 B/tok)
  Peak per thread: 5000MiB  (np.load + np.array copy)
  Worker threads: 70
  Safe concurrent readers: ~202  = (available - baseline) / peak_per_thread
  Status: OK

Starting benchmark... Mode: standard (prefill+decode)
--------------------------------------------------------------------------------

================================================================================
BENCHMARK RESULTS - MLPerf KV Cache Storage Benchmark
Generation Mode: none (0.0ms/token)
================================================================================

IMPORTANT: All storage latencies below are measured per KV cache BLOCK,
not per token or per disk page.  Each block holds the full KV state for
one request (all layers, all heads, full sequence length).
  Model KV bytes/token: 327,680 bytes (320.0KiB)
  Entries in cache: 271
  Block size min:   40.9MiB
  Block size mean:  1375.9MiB
  Block size P95:   5173.4MiB
  Block size max:   6525.3MiB
  A 200MiB block at 1GiB/s NVMe read = ~200 ms device latency.
  Compare latencies against block sizes, not against 4KiB page I/O.


### OVERALL PERFORMANCE ###
Requests Completed: 262
Total Tokens Generated: 34994
Throughput (wall-clock): 116.64 tokens/sec
Throughput (storage I/O): 5.42 tokens/sec
Requests/sec: 0.87

### END-TO-END LATENCY (Queue Wait + Storage I/O + Generation) ###
  Mean: 193066.11 ms
  P50:  206435.68 ms
  P95:  342203.58 ms
  P99:  359034.28 ms

### PER-REQUEST STORAGE LATENCY (All I/O ops for one request) ###
  Mean: 24647.96 ms
  P50:  14558.92 ms
  P95:  87754.99 ms
  P99:  137562.06 ms
  (= 1 prefill write + N decode reads per request)

### STORAGE PERFORMANCE ###
  Cache Hit Rate: 72.3%
  Total Read: 1439.44GiB
  Total Write: 364.13GiB
  Read/Write Ratio: 3.95
  Storage KV Read Operations/sec: 4.34
  Storage KV Write Operations/sec: 0.90

### CACHE TIER DISTRIBUTION ###
  GPU Entries: 0 (0.00GiB)
  CPU Entries: 0 (0.00GiB)
  Storage Entries: 271

### TIER-SPECIFIC KV BYTES ###
  Storage KV Bytes Written: 364.13GiB
  Storage KV Bytes Read: 1439.44GiB

### STORAGE KV BANDWIDTH ###
  Storage KV Read Bandwidth: 4.80GiB/s
  Storage KV Write Bandwidth: 1.21GiB/s

### TIER-SPECIFIC LATENCIES (Total = Host + Device) ###
  Storage Read P95 (Total): 15152.06 ms
  Storage Write P95 (Total): 10428.00 ms

### STORAGE TIER LATENCY BREAKDOWN (Device = Disk I/O, Host = Serialization) ###
  Storage Read:
    - Device P95 (Disk I/O): 13383.51 ms
    - Host P95 (Serialization): 5902.39 ms
    - Total P95: 15152.06 ms
  Storage Write:
    - Device P95 (Disk I/O): 365.41 ms
    - Host P95 (Serialization): 9968.05 ms
    - Total P95: 10428.00 ms

### CACHE TYPE BREAKDOWNS ###
  System Prompt Hits: 229
  Common Phrase Hits: 0
  User Cache Hits: 1058
  Multi-turn Hits: 16

### PREFIX CACHING ###
  Prefix Hits: 58
  Prefix Misses: 213
  System Prompt Reuse: 58
  Bytes Saved: 0.12GiB

### MULTI-TURN CONVERSATIONS ###
  Multi-turn Cache Hits: 16
  Multi-turn Cache Misses: 442
  Multi-turn Hit Rate: 3.5%

### QOS LATENCY METRICS (Informational - includes simulated generation) ###

  INTERACTIVE:
    Requests: 199
    Latency P95: 346791.56 ms
    Latency P99: 359358.44 ms
    SLA Met: [X] (compliance: 0.0%)

  RESPONSIVE:
    Requests: 25
    Latency P95: 234715.07 ms
    Latency P99: 281693.78 ms
    SLA Met: [X] (compliance: 0.0%)

  BATCH:
    Requests: 38
    Latency P95: 182692.93 ms
    Latency P99: 235442.93 ms
    SLA Met: [X] (compliance: 0.0%)

================================================================================
NOTES:
  - Pure storage I/O benchmark (no generation simulation)
================================================================================

Integrated Multi-User KV Cache Benchmark - MLPerf Edition
Model: Llama 3.1 70B Instruct
GPU Memory: 0 GB
Users: 70
Duration: 300s
Seed: 237
Generation Mode: none (0.0ms/token)
Features:
  - Phase-Aware Processing: Enabled
  - Multi-turn Conversations: Enabled
  - Prefix Caching: Enabled
  - RAG Workload: Disabled
  - Autoscaling: Disabled
  - QoS Support: Enabled (Interactive/Responsive/Batch)
  - Trace-Driven (BurstGPT): Disabled
  - ShareGPT Dataset: Disabled
  - Max Concurrent Allocations: 4 (bounds RAM usage)
================================================================================

User Context Length Distribution:
  Min: 585 tokens (182.81MiB)
  Max: 23733 tokens (7416.56MiB)
  Mean: 9191 tokens (2872.07MiB)

QoS Distribution:
  interactive: 8 users
  responsive: 23 users
  batch: 39 users

### MEMORY SAFETY CHECK ###
  Formula: peak = (workers x 2 x mean_entry_bytes) + baseline
         = (70 x 2 x 2500MiB) + 2.5GiB
         = 344.3GiB
  Available RAM: 989.4GiB
  Mean entry size: 2500MiB  (8000 tok x 327,680 B/tok)
  Peak per thread: 5000MiB  (np.load + np.array copy)
  Worker threads: 70
  Safe concurrent readers: ~202  = (available - baseline) / peak_per_thread
  Status: OK

Starting benchmark... Mode: standard (prefill+decode)
--------------------------------------------------------------------------------

================================================================================
BENCHMARK RESULTS - MLPerf KV Cache Storage Benchmark
Generation Mode: none (0.0ms/token)
================================================================================

IMPORTANT: All storage latencies below are measured per KV cache BLOCK,
not per token or per disk page.  Each block holds the full KV state for
one request (all layers, all heads, full sequence length).
  Model KV bytes/token: 327,680 bytes (320.0KiB)
  Entries in cache: 305
  Block size min:   75.6MiB
  Block size mean:  1227.3MiB
  Block size P95:   4326.8MiB
  Block size max:   6473.1MiB
  A 200MiB block at 1GiB/s NVMe read = ~200 ms device latency.
  Compare latencies against block sizes, not against 4KiB page I/O.


### OVERALL PERFORMANCE ###
Requests Completed: 293
Total Tokens Generated: 37079
Throughput (wall-clock): 122.55 tokens/sec
Throughput (storage I/O): 6.12 tokens/sec
Requests/sec: 0.97

### END-TO-END LATENCY (Queue Wait + Storage I/O + Generation) ###
  Mean: 172165.00 ms
  P50:  170288.99 ms
  P95:  333884.20 ms
  P99:  351879.62 ms

### PER-REQUEST STORAGE LATENCY (All I/O ops for one request) ###
  Mean: 20663.81 ms
  P50:  9368.68 ms
  P95:  71225.19 ms
  P99:  130382.38 ms
  (= 1 prefill write + N decode reads per request)

### STORAGE PERFORMANCE ###
  Cache Hit Rate: 77.8%
  Total Read: 1517.48GiB
  Total Write: 365.55GiB
  Read/Write Ratio: 4.15
  Storage KV Read Operations/sec: 5.05
  Storage KV Write Operations/sec: 1.02

### CACHE TIER DISTRIBUTION ###
  GPU Entries: 0 (0.00GiB)
  CPU Entries: 0 (0.00GiB)
  Storage Entries: 305

### TIER-SPECIFIC KV BYTES ###
  Storage KV Bytes Written: 365.55GiB
  Storage KV Bytes Read: 1517.48GiB

### STORAGE KV BANDWIDTH ###
  Storage KV Read Bandwidth: 5.02GiB/s
  Storage KV Write Bandwidth: 1.21GiB/s

### TIER-SPECIFIC LATENCIES (Total = Host + Device) ###
  Storage Read P95 (Total): 13202.74 ms
  Storage Write P95 (Total): 9217.71 ms

### STORAGE TIER LATENCY BREAKDOWN (Device = Disk I/O, Host = Serialization) ###
  Storage Read:
    - Device P95 (Disk I/O): 11072.17 ms
    - Host P95 (Serialization): 3448.85 ms
    - Total P95: 13202.74 ms
  Storage Write:
    - Device P95 (Disk I/O): 408.81 ms
    - Host P95 (Serialization): 8932.69 ms
    - Total P95: 9217.71 ms

### CACHE TYPE BREAKDOWNS ###
  System Prompt Hits: 204
  Common Phrase Hits: 0
  User Cache Hits: 1284
  Multi-turn Hits: 26

### PREFIX CACHING ###
  Prefix Hits: 46
  Prefix Misses: 259
  System Prompt Reuse: 46
  Bytes Saved: 0.10GiB

### MULTI-TURN CONVERSATIONS ###
  Multi-turn Cache Hits: 26
  Multi-turn Cache Misses: 386
  Multi-turn Hit Rate: 6.3%

### QOS LATENCY METRICS (Informational - includes simulated generation) ###

  INTERACTIVE:
    Requests: 232
    Latency P95: 340371.37 ms
    Latency P99: 351963.08 ms
    SLA Met: [X] (compliance: 0.0%)

  RESPONSIVE:
    Requests: 30
    Latency P95: 98686.32 ms
    Latency P99: 134969.20 ms
    SLA Met: [X] (compliance: 0.0%)

  BATCH:
    Requests: 31
    Latency P95: 184057.30 ms
    Latency P99: 191324.53 ms
    SLA Met: [X] (compliance: 0.0%)

================================================================================
NOTES:
  - Pure storage I/O benchmark (no generation simulation)
================================================================================

Integrated Multi-User KV Cache Benchmark - MLPerf Edition
Model: Llama 3.1 70B Instruct
GPU Memory: 0 GB
Users: 70
Duration: 300s
Seed: 186
Generation Mode: none (0.0ms/token)
Features:
  - Phase-Aware Processing: Enabled
  - Multi-turn Conversations: Enabled
  - Prefix Caching: Enabled
  - RAG Workload: Disabled
  - Autoscaling: Disabled
  - QoS Support: Enabled (Interactive/Responsive/Batch)
  - Trace-Driven (BurstGPT): Disabled
  - ShareGPT Dataset: Disabled
  - Max Concurrent Allocations: 4 (bounds RAM usage)
================================================================================

User Context Length Distribution:
  Min: 563 tokens (175.94MiB)
  Max: 24632 tokens (7697.50MiB)
  Mean: 8439 tokens (2637.07MiB)

QoS Distribution:
  interactive: 17 users
  responsive: 21 users
  batch: 32 users

### MEMORY SAFETY CHECK ###
  Formula: peak = (workers x 2 x mean_entry_bytes) + baseline
         = (70 x 2 x 2500MiB) + 2.5GiB
         = 344.3GiB
  Available RAM: 987.0GiB
  Mean entry size: 2500MiB  (8000 tok x 327,680 B/tok)
  Peak per thread: 5000MiB  (np.load + np.array copy)
  Worker threads: 70
  Safe concurrent readers: ~201  = (available - baseline) / peak_per_thread
  Status: OK

Starting benchmark... Mode: standard (prefill+decode)
--------------------------------------------------------------------------------

================================================================================
BENCHMARK RESULTS - MLPerf KV Cache Storage Benchmark
Generation Mode: none (0.0ms/token)
================================================================================

IMPORTANT: All storage latencies below are measured per KV cache BLOCK,
not per token or per disk page.  Each block holds the full KV state for
one request (all layers, all heads, full sequence length).
  Model KV bytes/token: 327,680 bytes (320.0KiB)
  Entries in cache: 347
  Block size min:   48.1MiB
  Block size mean:  1165.5MiB
  Block size P95:   4868.5MiB
  Block size max:   7507.8MiB
  A 200MiB block at 1GiB/s NVMe read = ~200 ms device latency.
  Compare latencies against block sizes, not against 4KiB page I/O.


### OVERALL PERFORMANCE ###
Requests Completed: 340
Total Tokens Generated: 39546
Throughput (wall-clock): 131.72 tokens/sec
Throughput (storage I/O): 6.65 tokens/sec
Requests/sec: 1.13

### END-TO-END LATENCY (Queue Wait + Storage I/O + Generation) ###
  Mean: 192005.08 ms
  P50:  199041.85 ms
  P95:  342145.06 ms
  P99:  372192.15 ms

### PER-REQUEST STORAGE LATENCY (All I/O ops for one request) ###
  Mean: 17503.02 ms
  P50:  10638.16 ms
  P95:  60207.28 ms
  P99:  93940.61 ms
  (= 1 prefill write + N decode reads per request)

### STORAGE PERFORMANCE ###
  Cache Hit Rate: 80.4%
  Total Read: 1293.36GiB
  Total Write: 394.94GiB
  Read/Write Ratio: 3.27
  Storage KV Read Operations/sec: 5.35
  Storage KV Write Operations/sec: 1.16

### CACHE TIER DISTRIBUTION ###
  GPU Entries: 0 (0.00GiB)
  CPU Entries: 0 (0.00GiB)
  Storage Entries: 347

### TIER-SPECIFIC KV BYTES ###
  Storage KV Bytes Written: 394.94GiB
  Storage KV Bytes Read: 1293.36GiB

### STORAGE KV BANDWIDTH ###
  Storage KV Read Bandwidth: 4.31GiB/s
  Storage KV Write Bandwidth: 1.32GiB/s

### TIER-SPECIFIC LATENCIES (Total = Host + Device) ###
  Storage Read P95 (Total): 10677.25 ms
  Storage Write P95 (Total): 7001.65 ms

### STORAGE TIER LATENCY BREAKDOWN (Device = Disk I/O, Host = Serialization) ###
  Storage Read:
    - Device P95 (Disk I/O): 8840.92 ms
    - Host P95 (Serialization): 3210.85 ms
    - Total P95: 10677.25 ms
  Storage Write:
    - Device P95 (Disk I/O): 233.05 ms
    - Host P95 (Serialization): 6492.32 ms
    - Total P95: 7001.65 ms

### CACHE TYPE BREAKDOWNS ###
  System Prompt Hits: 387
  Common Phrase Hits: 0
  User Cache Hits: 1152
  Multi-turn Hits: 65

### PREFIX CACHING ###
  Prefix Hits: 73
  Prefix Misses: 274
  System Prompt Reuse: 73
  Bytes Saved: 0.15GiB

### MULTI-TURN CONVERSATIONS ###
  Multi-turn Cache Hits: 65
  Multi-turn Cache Misses: 319
  Multi-turn Hit Rate: 16.9%

### QOS LATENCY METRICS (Informational - includes simulated generation) ###

  INTERACTIVE:
    Requests: 295
    Latency P95: 342617.12 ms
    Latency P99: 373395.43 ms
    SLA Met: [X] (compliance: 0.0%)

  RESPONSIVE:
    Requests: 19
    Latency P95: 153744.28 ms
    Latency P99: 175549.07 ms
    SLA Met: [X] (compliance: 0.0%)

  BATCH:
    Requests: 26
    Latency P95: 121593.61 ms
    Latency P99: 127844.87 ms
    SLA Met: [X] (compliance: 0.0%)

================================================================================
NOTES:
  - Pure storage I/O benchmark (no generation simulation)
================================================================================

Integrated Multi-User KV Cache Benchmark - MLPerf Edition
Model: Llama 3.1 70B Instruct
GPU Memory: 0 GB
Users: 70
Duration: 300s
Seed: 83
Generation Mode: none (0.0ms/token)
Features:
  - Phase-Aware Processing: Enabled
  - Multi-turn Conversations: Enabled
  - Prefix Caching: Enabled
  - RAG Workload: Disabled
  - Autoscaling: Disabled
  - QoS Support: Enabled (Interactive/Responsive/Batch)
  - Trace-Driven (BurstGPT): Disabled
  - ShareGPT Dataset: Disabled
  - Max Concurrent Allocations: 4 (bounds RAM usage)
================================================================================

User Context Length Distribution:
  Min: 593 tokens (185.31MiB)
  Max: 23807 tokens (7439.69MiB)
  Mean: 9472 tokens (2960.08MiB)

QoS Distribution:
  interactive: 9 users
  responsive: 25 users
  batch: 36 users

### MEMORY SAFETY CHECK ###
  Formula: peak = (workers x 2 x mean_entry_bytes) + baseline
         = (70 x 2 x 2500MiB) + 2.5GiB
         = 344.3GiB
  Available RAM: 988.6GiB
  Mean entry size: 2500MiB  (8000 tok x 327,680 B/tok)
  Peak per thread: 5000MiB  (np.load + np.array copy)
  Worker threads: 70
  Safe concurrent readers: ~201  = (available - baseline) / peak_per_thread
  Status: OK

Starting benchmark... Mode: standard (prefill+decode)
--------------------------------------------------------------------------------

================================================================================
BENCHMARK RESULTS - MLPerf KV Cache Storage Benchmark
Generation Mode: none (0.0ms/token)
================================================================================

IMPORTANT: All storage latencies below are measured per KV cache BLOCK,
not per token or per disk page.  Each block holds the full KV state for
one request (all layers, all heads, full sequence length).
  Model KV bytes/token: 327,680 bytes (320.0KiB)
  Entries in cache: 262
  Block size min:   79.1MiB
  Block size mean:  1746.9MiB
  Block size P95:   5358.5MiB
  Block size max:   7269.1MiB
  A 200MiB block at 1GiB/s NVMe read = ~200 ms device latency.
  Compare latencies against block sizes, not against 4KiB page I/O.


### OVERALL PERFORMANCE ###
Requests Completed: 255
Total Tokens Generated: 36854
Throughput (wall-clock): 122.84 tokens/sec
Throughput (storage I/O): 6.22 tokens/sec
Requests/sec: 0.85

### END-TO-END LATENCY (Queue Wait + Storage I/O + Generation) ###
  Mean: 183631.26 ms
  P50:  170719.53 ms
  P95:  354477.31 ms
  P99:  365846.94 ms

### PER-REQUEST STORAGE LATENCY (All I/O ops for one request) ###
  Mean: 23244.26 ms
  P50:  14376.92 ms
  P95:  68338.26 ms
  P99:  131710.00 ms
  (= 1 prefill write + N decode reads per request)

### STORAGE PERFORMANCE ###
  Cache Hit Rate: 81.0%
  Total Read: 1433.47GiB
  Total Write: 446.96GiB
  Read/Write Ratio: 3.21
  Storage KV Read Operations/sec: 4.14
  Storage KV Write Operations/sec: 0.87

### CACHE TIER DISTRIBUTION ###
  GPU Entries: 0 (0.00GiB)
  CPU Entries: 0 (0.00GiB)
  Storage Entries: 262

### TIER-SPECIFIC KV BYTES ###
  Storage KV Bytes Written: 446.96GiB
  Storage KV Bytes Read: 1433.47GiB

### STORAGE KV BANDWIDTH ###
  Storage KV Read Bandwidth: 4.78GiB/s
  Storage KV Write Bandwidth: 1.49GiB/s

### TIER-SPECIFIC LATENCIES (Total = Host + Device) ###
  Storage Read P95 (Total): 14721.21 ms
  Storage Write P95 (Total): 12476.84 ms

### STORAGE TIER LATENCY BREAKDOWN (Device = Disk I/O, Host = Serialization) ###
  Storage Read:
    - Device P95 (Disk I/O): 12264.33 ms
    - Host P95 (Serialization): 3219.21 ms
    - Total P95: 14721.21 ms
  Storage Write:
    - Device P95 (Disk I/O): 341.94 ms
    - Host P95 (Serialization): 12472.53 ms
    - Total P95: 12476.84 ms

### CACHE TYPE BREAKDOWNS ###
  System Prompt Hits: 213
  Common Phrase Hits: 0
  User Cache Hits: 1003
  Multi-turn Hits: 26

### PREFIX CACHING ###
  Prefix Hits: 46
  Prefix Misses: 216
  System Prompt Reuse: 46
  Bytes Saved: 0.09GiB

### MULTI-TURN CONVERSATIONS ###
  Multi-turn Cache Hits: 26
  Multi-turn Cache Misses: 246
  Multi-turn Hit Rate: 9.6%

### QOS LATENCY METRICS (Informational - includes simulated generation) ###

  INTERACTIVE:
    Requests: 198
    Latency P95: 357582.29 ms
    Latency P99: 367954.18 ms
    SLA Met: [X] (compliance: 0.0%)

  RESPONSIVE:
    Requests: 23
    Latency P95: 111125.98 ms
    Latency P99: 111461.31 ms
    SLA Met: [X] (compliance: 0.0%)

  BATCH:
    Requests: 34
    Latency P95: 119278.36 ms
    Latency P99: 166707.47 ms
    SLA Met: [X] (compliance: 0.0%)

================================================================================
NOTES:
  - Pure storage I/O benchmark (no generation simulation)
================================================================================

Integrated Multi-User KV Cache Benchmark - MLPerf Edition
Model: Llama 3.1 70B Instruct
GPU Memory: 0 GB
Users: 70
Duration: 300s
Seed: 176
Generation Mode: none (0.0ms/token)
Features:
  - Phase-Aware Processing: Enabled
  - Multi-turn Conversations: Enabled
  - Prefix Caching: Enabled
  - RAG Workload: Disabled
  - Autoscaling: Disabled
  - QoS Support: Enabled (Interactive/Responsive/Batch)
  - Trace-Driven (BurstGPT): Disabled
  - ShareGPT Dataset: Disabled
  - Max Concurrent Allocations: 4 (bounds RAM usage)
================================================================================

User Context Length Distribution:
  Min: 547 tokens (170.94MiB)
  Max: 24649 tokens (7702.81MiB)
  Mean: 8470 tokens (2646.73MiB)

QoS Distribution:
  interactive: 13 users
  responsive: 35 users
  batch: 22 users

### MEMORY SAFETY CHECK ###
  Formula: peak = (workers x 2 x mean_entry_bytes) + baseline
         = (70 x 2 x 2500MiB) + 2.5GiB
         = 344.3GiB
  Available RAM: 989.1GiB
  Mean entry size: 2500MiB  (8000 tok x 327,680 B/tok)
  Peak per thread: 5000MiB  (np.load + np.array copy)
  Worker threads: 70
  Safe concurrent readers: ~202  = (available - baseline) / peak_per_thread
  Status: OK

Starting benchmark... Mode: standard (prefill+decode)
--------------------------------------------------------------------------------

================================================================================
BENCHMARK RESULTS - MLPerf KV Cache Storage Benchmark
Generation Mode: none (0.0ms/token)
================================================================================

IMPORTANT: All storage latencies below are measured per KV cache BLOCK,
not per token or per disk page.  Each block holds the full KV state for
one request (all layers, all heads, full sequence length).
  Model KV bytes/token: 327,680 bytes (320.0KiB)
  Entries in cache: 335
  Block size min:   50.0MiB
  Block size mean:  1116.2MiB
  Block size P95:   4617.0MiB
  Block size max:   6936.9MiB
  A 200MiB block at 1GiB/s NVMe read = ~200 ms device latency.
  Compare latencies against block sizes, not against 4KiB page I/O.


### OVERALL PERFORMANCE ###
Requests Completed: 327
Total Tokens Generated: 39682
Throughput (wall-clock): 132.27 tokens/sec
Throughput (storage I/O): 6.77 tokens/sec
Requests/sec: 1.09

### END-TO-END LATENCY (Queue Wait + Storage I/O + Generation) ###
  Mean: 181531.14 ms
  P50:  182096.29 ms
  P95:  356517.45 ms
  P99:  369705.47 ms

### PER-REQUEST STORAGE LATENCY (All I/O ops for one request) ###
  Mean: 17930.78 ms
  P50:  9170.60 ms
  P95:  65905.11 ms
  P99:  99694.90 ms
  (= 1 prefill write + N decode reads per request)

### STORAGE PERFORMANCE ###
  Cache Hit Rate: 77.6%
  Total Read: 1216.27GiB
  Total Write: 365.18GiB
  Read/Write Ratio: 3.33
  Storage KV Read Operations/sec: 5.05
  Storage KV Write Operations/sec: 1.12

### CACHE TIER DISTRIBUTION ###
  GPU Entries: 0 (0.00GiB)
  CPU Entries: 0 (0.00GiB)
  Storage Entries: 335

### TIER-SPECIFIC KV BYTES ###
  Storage KV Bytes Written: 365.18GiB
  Storage KV Bytes Read: 1216.27GiB

### STORAGE KV BANDWIDTH ###
  Storage KV Read Bandwidth: 4.05GiB/s
  Storage KV Write Bandwidth: 1.22GiB/s

### TIER-SPECIFIC LATENCIES (Total = Host + Device) ###
  Storage Read P95 (Total): 11722.78 ms
  Storage Write P95 (Total): 7736.81 ms

### STORAGE TIER LATENCY BREAKDOWN (Device = Disk I/O, Host = Serialization) ###
  Storage Read:
    - Device P95 (Disk I/O): 8757.29 ms
    - Host P95 (Serialization): 2951.18 ms
    - Total P95: 11722.78 ms
  Storage Write:
    - Device P95 (Disk I/O): 365.79 ms
    - Host P95 (Serialization): 7736.79 ms
    - Total P95: 7736.81 ms

### CACHE TYPE BREAKDOWNS ###
  System Prompt Hits: 263
  Common Phrase Hits: 0
  User Cache Hits: 1227
  Multi-turn Hits: 24

### PREFIX CACHING ###
  Prefix Hits: 60
  Prefix Misses: 275
  System Prompt Reuse: 60
  Bytes Saved: 0.13GiB

### MULTI-TURN CONVERSATIONS ###
  Multi-turn Cache Hits: 24
  Multi-turn Cache Misses: 378
  Multi-turn Hit Rate: 6.0%

### QOS LATENCY METRICS (Informational - includes simulated generation) ###

  INTERACTIVE:
    Requests: 274
    Latency P95: 361460.70 ms
    Latency P99: 370053.10 ms
    SLA Met: [X] (compliance: 0.0%)

  RESPONSIVE:
    Requests: 39
    Latency P95: 114724.40 ms
    Latency P99: 141601.90 ms
    SLA Met: [X] (compliance: 0.0%)

  BATCH:
    Requests: 14
    Latency P95: 127361.44 ms
    Latency P99: 131234.49 ms
    SLA Met: [X] (compliance: 0.0%)

================================================================================
NOTES:
  - Pure storage I/O benchmark (no generation simulation)
================================================================================

Integrated Multi-User KV Cache Benchmark - MLPerf Edition
Model: Llama 3.1 70B Instruct
GPU Memory: 0 GB
Users: 70
Duration: 300s
Seed: 184
Generation Mode: none (0.0ms/token)
Features:
  - Phase-Aware Processing: Enabled
  - Multi-turn Conversations: Enabled
  - Prefix Caching: Enabled
  - RAG Workload: Disabled
  - Autoscaling: Disabled
  - QoS Support: Enabled (Interactive/Responsive/Batch)
  - Trace-Driven (BurstGPT): Disabled
  - ShareGPT Dataset: Disabled
  - Max Concurrent Allocations: 4 (bounds RAM usage)
================================================================================

User Context Length Distribution:
  Min: 632 tokens (197.50MiB)
  Max: 24902 tokens (7781.88MiB)
  Mean: 8849 tokens (2765.33MiB)

QoS Distribution:
  interactive: 13 users
  responsive: 22 users
  batch: 35 users

### MEMORY SAFETY CHECK ###
  Formula: peak = (workers x 2 x mean_entry_bytes) + baseline
         = (70 x 2 x 2500MiB) + 2.5GiB
         = 344.3GiB
  Available RAM: 985.9GiB
  Mean entry size: 2500MiB  (8000 tok x 327,680 B/tok)
  Peak per thread: 5000MiB  (np.load + np.array copy)
  Worker threads: 70
  Safe concurrent readers: ~201  = (available - baseline) / peak_per_thread
  Status: OK

Starting benchmark... Mode: standard (prefill+decode)
--------------------------------------------------------------------------------

================================================================================
BENCHMARK RESULTS - MLPerf KV Cache Storage Benchmark
Generation Mode: none (0.0ms/token)
================================================================================

IMPORTANT: All storage latencies below are measured per KV cache BLOCK,
not per token or per disk page.  Each block holds the full KV state for
one request (all layers, all heads, full sequence length).
  Model KV bytes/token: 327,680 bytes (320.0KiB)
  Entries in cache: 276
  Block size min:   70.9MiB
  Block size mean:  1307.8MiB
  Block size P95:   4159.0MiB
  Block size max:   6495.0MiB
  A 200MiB block at 1GiB/s NVMe read = ~200 ms device latency.
  Compare latencies against block sizes, not against 4KiB page I/O.


### OVERALL PERFORMANCE ###
Requests Completed: 268
Total Tokens Generated: 39046
Throughput (wall-clock): 130.15 tokens/sec
Throughput (storage I/O): 5.39 tokens/sec
Requests/sec: 0.89

### END-TO-END LATENCY (Queue Wait + Storage I/O + Generation) ###
  Mean: 183506.69 ms
  P50:  189980.13 ms
  P95:  357510.15 ms
  P99:  366036.72 ms

### PER-REQUEST STORAGE LATENCY (All I/O ops for one request) ###
  Mean: 27037.18 ms
  P50:  13611.55 ms
  P95:  89231.34 ms
  P99:  149536.15 ms
  (= 1 prefill write + N decode reads per request)

### STORAGE PERFORMANCE ###
  Cache Hit Rate: 85.2%
  Total Read: 1777.61GiB
  Total Write: 352.49GiB
  Read/Write Ratio: 5.04
  Storage KV Read Operations/sec: 5.03
  Storage KV Write Operations/sec: 0.92

### CACHE TIER DISTRIBUTION ###
  GPU Entries: 0 (0.00GiB)
  CPU Entries: 0 (0.00GiB)
  Storage Entries: 276

### TIER-SPECIFIC KV BYTES ###
  Storage KV Bytes Written: 352.49GiB
  Storage KV Bytes Read: 1777.61GiB

### STORAGE KV BANDWIDTH ###
  Storage KV Read Bandwidth: 5.93GiB/s
  Storage KV Write Bandwidth: 1.17GiB/s

### TIER-SPECIFIC LATENCIES (Total = Host + Device) ###
  Storage Read P95 (Total): 15250.56 ms
  Storage Write P95 (Total): 8545.07 ms

### STORAGE TIER LATENCY BREAKDOWN (Device = Disk I/O, Host = Serialization) ###
  Storage Read:
    - Device P95 (Disk I/O): 12400.08 ms
    - Host P95 (Serialization): 3639.93 ms
    - Total P95: 15250.56 ms
  Storage Write:
    - Device P95 (Disk I/O): 744.44 ms
    - Host P95 (Serialization): 8337.07 ms
    - Total P95: 8545.07 ms

### CACHE TYPE BREAKDOWNS ###
  System Prompt Hits: 322
  Common Phrase Hits: 0
  User Cache Hits: 1167
  Multi-turn Hits: 20

### PREFIX CACHING ###
  Prefix Hits: 62
  Prefix Misses: 214
  System Prompt Reuse: 62
  Bytes Saved: 0.12GiB

### MULTI-TURN CONVERSATIONS ###
  Multi-turn Cache Hits: 20
  Multi-turn Cache Misses: 200
  Multi-turn Hit Rate: 9.1%

### QOS LATENCY METRICS (Informational - includes simulated generation) ###

  INTERACTIVE:
    Requests: 214
    Latency P95: 359840.91 ms
    Latency P99: 366491.21 ms
    SLA Met: [X] (compliance: 0.0%)

  RESPONSIVE:
    Requests: 27
    Latency P95: 169507.13 ms
    Latency P99: 208311.93 ms
    SLA Met: [X] (compliance: 0.0%)

  BATCH:
    Requests: 27
    Latency P95: 164165.68 ms
    Latency P99: 284667.33 ms
    SLA Met: [X] (compliance: 0.0%)

================================================================================
NOTES:
  - Pure storage I/O benchmark (no generation simulation)
================================================================================

Integrated Multi-User KV Cache Benchmark - MLPerf Edition
Model: Llama 3.1 70B Instruct
GPU Memory: 0 GB
Users: 70
Duration: 300s
Seed: 239
Generation Mode: none (0.0ms/token)
Features:
  - Phase-Aware Processing: Enabled
  - Multi-turn Conversations: Enabled
  - Prefix Caching: Enabled
  - RAG Workload: Disabled
  - Autoscaling: Disabled
  - QoS Support: Enabled (Interactive/Responsive/Batch)
  - Trace-Driven (BurstGPT): Disabled
  - ShareGPT Dataset: Disabled
  - Max Concurrent Allocations: 4 (bounds RAM usage)
================================================================================

User Context Length Distribution:
  Min: 520 tokens (162.50MiB)
  Max: 24504 tokens (7657.50MiB)
  Mean: 8868 tokens (2771.13MiB)

QoS Distribution:
  interactive: 13 users
  responsive: 33 users
  batch: 24 users

### MEMORY SAFETY CHECK ###
  Formula: peak = (workers x 2 x mean_entry_bytes) + baseline
         = (70 x 2 x 2500MiB) + 2.5GiB
         = 344.3GiB
  Available RAM: 989.2GiB
  Mean entry size: 2500MiB  (8000 tok x 327,680 B/tok)
  Peak per thread: 5000MiB  (np.load + np.array copy)
  Worker threads: 70
  Safe concurrent readers: ~202  = (available - baseline) / peak_per_thread
  Status: OK

Starting benchmark... Mode: standard (prefill+decode)
--------------------------------------------------------------------------------

================================================================================
BENCHMARK RESULTS - MLPerf KV Cache Storage Benchmark
Generation Mode: none (0.0ms/token)
================================================================================

IMPORTANT: All storage latencies below are measured per KV cache BLOCK,
not per token or per disk page.  Each block holds the full KV state for
one request (all layers, all heads, full sequence length).
  Model KV bytes/token: 327,680 bytes (320.0KiB)
  Entries in cache: 232
  Block size min:   45.9MiB
  Block size mean:  1698.3MiB
  Block size P95:   5277.4MiB
  Block size max:   6612.2MiB
  A 200MiB block at 1GiB/s NVMe read = ~200 ms device latency.
  Compare latencies against block sizes, not against 4KiB page I/O.


### OVERALL PERFORMANCE ###
Requests Completed: 222
Total Tokens Generated: 36130
Throughput (wall-clock): 120.43 tokens/sec
Throughput (storage I/O): 5.13 tokens/sec
Requests/sec: 0.74

### END-TO-END LATENCY (Queue Wait + Storage I/O + Generation) ###
  Mean: 187087.38 ms
  P50:  178406.38 ms
  P95:  364882.92 ms
  P99:  377407.26 ms

### PER-REQUEST STORAGE LATENCY (All I/O ops for one request) ###
  Mean: 31742.41 ms
  P50:  15763.23 ms
  P95:  103100.29 ms
  P99:  159338.01 ms
  (= 1 prefill write + N decode reads per request)

### STORAGE PERFORMANCE ###
  Cache Hit Rate: 82.2%
  Total Read: 1705.50GiB
  Total Write: 384.78GiB
  Read/Write Ratio: 4.43
  Storage KV Read Operations/sec: 4.30
  Storage KV Write Operations/sec: 0.77

### CACHE TIER DISTRIBUTION ###
  GPU Entries: 0 (0.00GiB)
  CPU Entries: 0 (0.00GiB)
  Storage Entries: 232

### TIER-SPECIFIC KV BYTES ###
  Storage KV Bytes Written: 384.78GiB
  Storage KV Bytes Read: 1705.50GiB

### STORAGE KV BANDWIDTH ###
  Storage KV Read Bandwidth: 5.68GiB/s
  Storage KV Write Bandwidth: 1.28GiB/s

### TIER-SPECIFIC LATENCIES (Total = Host + Device) ###
  Storage Read P95 (Total): 18660.66 ms
  Storage Write P95 (Total): 7843.89 ms

### STORAGE TIER LATENCY BREAKDOWN (Device = Disk I/O, Host = Serialization) ###
  Storage Read:
    - Device P95 (Disk I/O): 14388.92 ms
    - Host P95 (Serialization): 5334.06 ms
    - Total P95: 18660.66 ms
  Storage Write:
    - Device P95 (Disk I/O): 441.16 ms
    - Host P95 (Serialization): 7817.36 ms
    - Total P95: 7843.89 ms

### CACHE TYPE BREAKDOWNS ###
  System Prompt Hits: 213
  Common Phrase Hits: 0
  User Cache Hits: 1051
  Multi-turn Hits: 25

### PREFIX CACHING ###
  Prefix Hits: 42
  Prefix Misses: 190
  System Prompt Reuse: 42
  Bytes Saved: 0.09GiB

### MULTI-TURN CONVERSATIONS ###
  Multi-turn Cache Hits: 25
  Multi-turn Cache Misses: 238
  Multi-turn Hit Rate: 9.5%

### QOS LATENCY METRICS (Informational - includes simulated generation) ###

  INTERACTIVE:
    Requests: 167
    Latency P95: 369792.80 ms
    Latency P99: 378207.98 ms
    SLA Met: [X] (compliance: 0.0%)

  RESPONSIVE:
    Requests: 42
    Latency P95: 195934.67 ms
    Latency P99: 254086.87 ms
    SLA Met: [X] (compliance: 0.0%)

  BATCH:
    Requests: 13
    Latency P95: 144295.18 ms
    Latency P99: 168045.99 ms
    SLA Met: [X] (compliance: 0.0%)

================================================================================
NOTES:
  - Pure storage I/O benchmark (no generation simulation)
================================================================================

Integrated Multi-User KV Cache Benchmark - MLPerf Edition
Model: Llama 3.1 70B Instruct
GPU Memory: 0 GB
Users: 70
Duration: 300s
Seed: 168
Generation Mode: none (0.0ms/token)
Features:
  - Phase-Aware Processing: Enabled
  - Multi-turn Conversations: Enabled
  - Prefix Caching: Enabled
  - RAG Workload: Disabled
  - Autoscaling: Disabled
  - QoS Support: Enabled (Interactive/Responsive/Batch)
  - Trace-Driven (BurstGPT): Disabled
  - ShareGPT Dataset: Disabled
  - Max Concurrent Allocations: 4 (bounds RAM usage)
================================================================================

User Context Length Distribution:
  Min: 848 tokens (265.00MiB)
  Max: 24472 tokens (7647.50MiB)
  Mean: 8795 tokens (2748.38MiB)

QoS Distribution:
  interactive: 12 users
  responsive: 27 users
  batch: 31 users

### MEMORY SAFETY CHECK ###
  Formula: peak = (workers x 2 x mean_entry_bytes) + baseline
         = (70 x 2 x 2500MiB) + 2.5GiB
         = 344.3GiB
  Available RAM: 988.6GiB
  Mean entry size: 2500MiB  (8000 tok x 327,680 B/tok)
  Peak per thread: 5000MiB  (np.load + np.array copy)
  Worker threads: 70
  Safe concurrent readers: ~201  = (available - baseline) / peak_per_thread
  Status: OK

Starting benchmark... Mode: standard (prefill+decode)
--------------------------------------------------------------------------------

================================================================================
BENCHMARK RESULTS - MLPerf KV Cache Storage Benchmark
Generation Mode: none (0.0ms/token)
================================================================================

IMPORTANT: All storage latencies below are measured per KV cache BLOCK,
not per token or per disk page.  Each block holds the full KV state for
one request (all layers, all heads, full sequence length).
  Model KV bytes/token: 327,680 bytes (320.0KiB)
  Entries in cache: 294
  Block size min:   104.1MiB
  Block size mean:  1279.5MiB
  Block size P95:   4040.1MiB
  Block size max:   5454.7MiB
  A 200MiB block at 1GiB/s NVMe read = ~200 ms device latency.
  Compare latencies against block sizes, not against 4KiB page I/O.


### OVERALL PERFORMANCE ###
Requests Completed: 284
Total Tokens Generated: 33984
Throughput (wall-clock): 112.74 tokens/sec
Throughput (storage I/O): 5.09 tokens/sec
Requests/sec: 0.94

### END-TO-END LATENCY (Queue Wait + Storage I/O + Generation) ###
  Mean: 186633.08 ms
  P50:  179586.06 ms
  P95:  357221.12 ms
  P99:  366574.05 ms

### PER-REQUEST STORAGE LATENCY (All I/O ops for one request) ###
  Mean: 23521.41 ms
  P50:  16411.47 ms
  P95:  71004.20 ms
  P99:  109484.30 ms
  (= 1 prefill write + N decode reads per request)

### STORAGE PERFORMANCE ###
  Cache Hit Rate: 85.9%
  Total Read: 1560.28GiB
  Total Write: 367.37GiB
  Read/Write Ratio: 4.25
  Storage KV Read Operations/sec: 4.78
  Storage KV Write Operations/sec: 0.98

### CACHE TIER DISTRIBUTION ###
  GPU Entries: 0 (0.00GiB)
  CPU Entries: 0 (0.00GiB)
  Storage Entries: 294

### TIER-SPECIFIC KV BYTES ###
  Storage KV Bytes Written: 367.37GiB
  Storage KV Bytes Read: 1560.28GiB

### STORAGE KV BANDWIDTH ###
  Storage KV Read Bandwidth: 5.18GiB/s
  Storage KV Write Bandwidth: 1.22GiB/s

### TIER-SPECIFIC LATENCIES (Total = Host + Device) ###
  Storage Read P95 (Total): 14404.17 ms
  Storage Write P95 (Total): 8301.21 ms

### STORAGE TIER LATENCY BREAKDOWN (Device = Disk I/O, Host = Serialization) ###
  Storage Read:
    - Device P95 (Disk I/O): 10743.82 ms
    - Host P95 (Serialization): 4309.13 ms
    - Total P95: 14404.17 ms
  Storage Write:
    - Device P95 (Disk I/O): 769.49 ms
    - Host P95 (Serialization): 8301.20 ms
    - Total P95: 8301.21 ms

### CACHE TYPE BREAKDOWNS ###
  System Prompt Hits: 269
  Common Phrase Hits: 0
  User Cache Hits: 1142
  Multi-turn Hits: 23

### PREFIX CACHING ###
  Prefix Hits: 54
  Prefix Misses: 240
  System Prompt Reuse: 54
  Bytes Saved: 0.11GiB

### MULTI-TURN CONVERSATIONS ###
  Multi-turn Cache Hits: 23
  Multi-turn Cache Misses: 182
  Multi-turn Hit Rate: 11.2%

### QOS LATENCY METRICS (Informational - includes simulated generation) ###

  INTERACTIVE:
    Requests: 230
    Latency P95: 357672.43 ms
    Latency P99: 366724.79 ms
    SLA Met: [X] (compliance: 0.0%)

  RESPONSIVE:
    Requests: 37
    Latency P95: 252337.41 ms
    Latency P99: 266049.32 ms
    SLA Met: [X] (compliance: 0.0%)

  BATCH:
    Requests: 17
    Latency P95: 110341.21 ms
    Latency P99: 127151.03 ms
    SLA Met: [X] (compliance: 0.0%)

================================================================================
NOTES:
  - Pure storage I/O benchmark (no generation simulation)
================================================================================

Integrated Multi-User KV Cache Benchmark - MLPerf Edition
Model: Llama 3.1 70B Instruct
GPU Memory: 0 GB
Users: 70
Duration: 300s
Seed: 245
Generation Mode: none (0.0ms/token)
Features:
  - Phase-Aware Processing: Enabled
  - Multi-turn Conversations: Enabled
  - Prefix Caching: Enabled
  - RAG Workload: Disabled
  - Autoscaling: Disabled
  - QoS Support: Enabled (Interactive/Responsive/Batch)
  - Trace-Driven (BurstGPT): Disabled
  - ShareGPT Dataset: Disabled
  - Max Concurrent Allocations: 4 (bounds RAM usage)
================================================================================

User Context Length Distribution:
  Min: 736 tokens (230.00MiB)
  Max: 24014 tokens (7504.38MiB)
  Mean: 9691 tokens (3028.37MiB)

QoS Distribution:
  interactive: 11 users
  responsive: 26 users
  batch: 33 users

### MEMORY SAFETY CHECK ###
  Formula: peak = (workers x 2 x mean_entry_bytes) + baseline
         = (70 x 2 x 2500MiB) + 2.5GiB
         = 344.3GiB
  Available RAM: 991.3GiB
  Mean entry size: 2500MiB  (8000 tok x 327,680 B/tok)
  Peak per thread: 5000MiB  (np.load + np.array copy)
  Worker threads: 70
  Safe concurrent readers: ~202  = (available - baseline) / peak_per_thread
  Status: OK

Starting benchmark... Mode: standard (prefill+decode)
--------------------------------------------------------------------------------

================================================================================
BENCHMARK RESULTS - MLPerf KV Cache Storage Benchmark
Generation Mode: none (0.0ms/token)
================================================================================

IMPORTANT: All storage latencies below are measured per KV cache BLOCK,
not per token or per disk page.  Each block holds the full KV state for
one request (all layers, all heads, full sequence length).
  Model KV bytes/token: 327,680 bytes (320.0KiB)
  Entries in cache: 249
  Block size min:   57.5MiB
  Block size mean:  1689.0MiB
  Block size P95:   5161.1MiB
  Block size max:   7180.3MiB
  A 200MiB block at 1GiB/s NVMe read = ~200 ms device latency.
  Compare latencies against block sizes, not against 4KiB page I/O.


### OVERALL PERFORMANCE ###
Requests Completed: 236
Total Tokens Generated: 35824
Throughput (wall-clock): 119.22 tokens/sec
Throughput (storage I/O): 5.63 tokens/sec
Requests/sec: 0.79

### END-TO-END LATENCY (Queue Wait + Storage I/O + Generation) ###
  Mean: 187008.92 ms
  P50:  199569.71 ms
  P95:  351213.22 ms
  P99:  369538.36 ms

### PER-REQUEST STORAGE LATENCY (All I/O ops for one request) ###
  Mean: 26940.60 ms
  P50:  8066.12 ms
  P95:  111382.04 ms
  P99:  184776.34 ms
  (= 1 prefill write + N decode reads per request)

### STORAGE PERFORMANCE ###
  Cache Hit Rate: 82.2%
  Total Read: 1863.74GiB
  Total Write: 410.70GiB
  Read/Write Ratio: 4.54
  Storage KV Read Operations/sec: 4.18
  Storage KV Write Operations/sec: 0.83

### CACHE TIER DISTRIBUTION ###
  GPU Entries: 0 (0.00GiB)
  CPU Entries: 0 (0.00GiB)
  Storage Entries: 249

### TIER-SPECIFIC KV BYTES ###
  Storage KV Bytes Written: 410.70GiB
  Storage KV Bytes Read: 1863.74GiB

### STORAGE KV BANDWIDTH ###
  Storage KV Read Bandwidth: 6.20GiB/s
  Storage KV Write Bandwidth: 1.37GiB/s

### TIER-SPECIFIC LATENCIES (Total = Host + Device) ###
  Storage Read P95 (Total): 15102.95 ms
  Storage Write P95 (Total): 9524.74 ms

### STORAGE TIER LATENCY BREAKDOWN (Device = Disk I/O, Host = Serialization) ###
  Storage Read:
    - Device P95 (Disk I/O): 11987.40 ms
    - Host P95 (Serialization): 5922.63 ms
    - Total P95: 15102.95 ms
  Storage Write:
    - Device P95 (Disk I/O): 517.88 ms
    - Host P95 (Serialization): 9509.04 ms
    - Total P95: 9524.74 ms

### CACHE TYPE BREAKDOWNS ###
  System Prompt Hits: 326
  Common Phrase Hits: 0
  User Cache Hits: 911
  Multi-turn Hits: 17

### PREFIX CACHING ###
  Prefix Hits: 58
  Prefix Misses: 191
  System Prompt Reuse: 58
  Bytes Saved: 0.11GiB

### MULTI-TURN CONVERSATIONS ###
  Multi-turn Cache Hits: 17
  Multi-turn Cache Misses: 214
  Multi-turn Hit Rate: 7.4%

### QOS LATENCY METRICS (Informational - includes simulated generation) ###

  INTERACTIVE:
    Requests: 180
    Latency P95: 357647.23 ms
    Latency P99: 370301.51 ms
    SLA Met: [X] (compliance: 0.0%)

  RESPONSIVE:
    Requests: 29
    Latency P95: 184914.73 ms
    Latency P99: 205604.57 ms
    SLA Met: [X] (compliance: 0.0%)

  BATCH:
    Requests: 27
    Latency P95: 216382.84 ms
    Latency P99: 219857.63 ms
    SLA Met: [X] (compliance: 0.0%)

================================================================================
NOTES:
  - Pure storage I/O benchmark (no generation simulation)
================================================================================

Integrated Multi-User KV Cache Benchmark - MLPerf Edition
Model: Llama 3.1 70B Instruct
GPU Memory: 0 GB
Users: 70
Duration: 300s
Seed: 69
Generation Mode: none (0.0ms/token)
Features:
  - Phase-Aware Processing: Enabled
  - Multi-turn Conversations: Enabled
  - Prefix Caching: Enabled
  - RAG Workload: Disabled
  - Autoscaling: Disabled
  - QoS Support: Enabled (Interactive/Responsive/Batch)
  - Trace-Driven (BurstGPT): Disabled
  - ShareGPT Dataset: Disabled
  - Max Concurrent Allocations: 4 (bounds RAM usage)
================================================================================

User Context Length Distribution:
  Min: 913 tokens (285.31MiB)
  Max: 22547 tokens (7045.94MiB)
  Mean: 8400 tokens (2624.91MiB)

QoS Distribution:
  interactive: 10 users
  responsive: 30 users
  batch: 30 users

### MEMORY SAFETY CHECK ###
  Formula: peak = (workers x 2 x mean_entry_bytes) + baseline
         = (70 x 2 x 2500MiB) + 2.5GiB
         = 344.3GiB
  Available RAM: 986.1GiB
  Mean entry size: 2500MiB  (8000 tok x 327,680 B/tok)
  Peak per thread: 5000MiB  (np.load + np.array copy)
  Worker threads: 70
  Safe concurrent readers: ~201  = (available - baseline) / peak_per_thread
  Status: OK

Starting benchmark... Mode: standard (prefill+decode)
--------------------------------------------------------------------------------

================================================================================
BENCHMARK RESULTS - MLPerf KV Cache Storage Benchmark
Generation Mode: none (0.0ms/token)
================================================================================

IMPORTANT: All storage latencies below are measured per KV cache BLOCK,
not per token or per disk page.  Each block holds the full KV state for
one request (all layers, all heads, full sequence length).
  Model KV bytes/token: 327,680 bytes (320.0KiB)
  Entries in cache: 321
  Block size min:   94.4MiB
  Block size mean:  1235.4MiB
  Block size P95:   4357.2MiB
  Block size max:   6063.4MiB
  A 200MiB block at 1GiB/s NVMe read = ~200 ms device latency.
  Compare latencies against block sizes, not against 4KiB page I/O.


### OVERALL PERFORMANCE ###
Requests Completed: 308
Total Tokens Generated: 40475
Throughput (wall-clock): 134.82 tokens/sec
Throughput (storage I/O): 6.95 tokens/sec
Requests/sec: 1.03

### END-TO-END LATENCY (Queue Wait + Storage I/O + Generation) ###
  Mean: 172965.41 ms
  P50:  171858.42 ms
  P95:  349442.92 ms
  P99:  359708.42 ms

### PER-REQUEST STORAGE LATENCY (All I/O ops for one request) ###
  Mean: 18898.11 ms
  P50:  8515.23 ms
  P95:  68607.74 ms
  P99:  147178.66 ms
  (= 1 prefill write + N decode reads per request)

### STORAGE PERFORMANCE ###
  Cache Hit Rate: 76.3%
  Total Read: 1557.43GiB
  Total Write: 387.27GiB
  Read/Write Ratio: 4.02
  Storage KV Read Operations/sec: 5.14
  Storage KV Write Operations/sec: 1.07

### CACHE TIER DISTRIBUTION ###
  GPU Entries: 0 (0.00GiB)
  CPU Entries: 0 (0.00GiB)
  Storage Entries: 321

### TIER-SPECIFIC KV BYTES ###
  Storage KV Bytes Written: 387.27GiB
  Storage KV Bytes Read: 1557.43GiB

### STORAGE KV BANDWIDTH ###
  Storage KV Read Bandwidth: 5.19GiB/s
  Storage KV Write Bandwidth: 1.29GiB/s

### TIER-SPECIFIC LATENCIES (Total = Host + Device) ###
  Storage Read P95 (Total): 12807.48 ms
  Storage Write P95 (Total): 7709.37 ms

### STORAGE TIER LATENCY BREAKDOWN (Device = Disk I/O, Host = Serialization) ###
  Storage Read:
    - Device P95 (Disk I/O): 11011.24 ms
    - Host P95 (Serialization): 2833.20 ms
    - Total P95: 12807.48 ms
  Storage Write:
    - Device P95 (Disk I/O): 264.13 ms
    - Host P95 (Serialization): 7709.34 ms
    - Total P95: 7709.37 ms

### CACHE TYPE BREAKDOWNS ###
  System Prompt Hits: 277
  Common Phrase Hits: 0
  User Cache Hits: 1232
  Multi-turn Hits: 33

### PREFIX CACHING ###
  Prefix Hits: 53
  Prefix Misses: 268
  System Prompt Reuse: 53
  Bytes Saved: 0.11GiB

### MULTI-TURN CONVERSATIONS ###
  Multi-turn Cache Hits: 33
  Multi-turn Cache Misses: 426
  Multi-turn Hit Rate: 7.2%

### QOS LATENCY METRICS (Informational - includes simulated generation) ###

  INTERACTIVE:
    Requests: 249
    Latency P95: 351039.34 ms
    Latency P99: 359826.20 ms
    SLA Met: [X] (compliance: 0.0%)

  RESPONSIVE:
    Requests: 33
    Latency P95: 122850.46 ms
    Latency P99: 151998.99 ms
    SLA Met: [X] (compliance: 0.0%)

  BATCH:
    Requests: 26
    Latency P95: 116397.40 ms
    Latency P99: 124940.13 ms
    SLA Met: [X] (compliance: 0.0%)

================================================================================
NOTES:
  - Pure storage I/O benchmark (no generation simulation)
================================================================================

Integrated Multi-User KV Cache Benchmark - MLPerf Edition
Model: Llama 3.1 70B Instruct
GPU Memory: 0 GB
Users: 70
Duration: 300s
Seed: 214
Generation Mode: none (0.0ms/token)
Features:
  - Phase-Aware Processing: Enabled
  - Multi-turn Conversations: Enabled
  - Prefix Caching: Enabled
  - RAG Workload: Disabled
  - Autoscaling: Disabled
  - QoS Support: Enabled (Interactive/Responsive/Batch)
  - Trace-Driven (BurstGPT): Disabled
  - ShareGPT Dataset: Disabled
  - Max Concurrent Allocations: 4 (bounds RAM usage)
================================================================================

User Context Length Distribution:
  Min: 768 tokens (240.00MiB)
  Max: 24648 tokens (7702.50MiB)
  Mean: 9614 tokens (3004.23MiB)

QoS Distribution:
  interactive: 7 users
  responsive: 17 users
  batch: 46 users

### MEMORY SAFETY CHECK ###
  Formula: peak = (workers x 2 x mean_entry_bytes) + baseline
         = (70 x 2 x 2500MiB) + 2.5GiB
         = 344.3GiB
  Available RAM: 989.6GiB
  Mean entry size: 2500MiB  (8000 tok x 327,680 B/tok)
  Peak per thread: 5000MiB  (np.load + np.array copy)
  Worker threads: 70
  Safe concurrent readers: ~202  = (available - baseline) / peak_per_thread
  Status: OK

Starting benchmark... Mode: standard (prefill+decode)
--------------------------------------------------------------------------------

================================================================================
BENCHMARK RESULTS - MLPerf KV Cache Storage Benchmark
Generation Mode: none (0.0ms/token)
================================================================================

IMPORTANT: All storage latencies below are measured per KV cache BLOCK,
not per token or per disk page.  Each block holds the full KV state for
one request (all layers, all heads, full sequence length).
  Model KV bytes/token: 327,680 bytes (320.0KiB)
  Entries in cache: 300
  Block size min:   84.4MiB
  Block size mean:  1160.0MiB
  Block size P95:   3105.4MiB
  Block size max:   5603.8MiB
  A 200MiB block at 1GiB/s NVMe read = ~200 ms device latency.
  Compare latencies against block sizes, not against 4KiB page I/O.


### OVERALL PERFORMANCE ###
Requests Completed: 295
Total Tokens Generated: 31775
Throughput (wall-clock): 102.50 tokens/sec
Throughput (storage I/O): 4.92 tokens/sec
Requests/sec: 0.95

### END-TO-END LATENCY (Queue Wait + Storage I/O + Generation) ###
  Mean: 178155.91 ms
  P50:  166140.93 ms
  P95:  358669.51 ms
  P99:  367359.72 ms

### PER-REQUEST STORAGE LATENCY (All I/O ops for one request) ###
  Mean: 21888.30 ms
  P50:  15124.63 ms
  P95:  64324.68 ms
  P99:  110186.55 ms
  (= 1 prefill write + N decode reads per request)

### STORAGE PERFORMANCE ###
  Cache Hit Rate: 78.9%
  Total Read: 1500.09GiB
  Total Write: 339.83GiB
  Read/Write Ratio: 4.41
  Storage KV Read Operations/sec: 4.46
  Storage KV Write Operations/sec: 1.00

### CACHE TIER DISTRIBUTION ###
  GPU Entries: 0 (0.00GiB)
  CPU Entries: 0 (0.00GiB)
  Storage Entries: 300

### TIER-SPECIFIC KV BYTES ###
  Storage KV Bytes Written: 339.83GiB
  Storage KV Bytes Read: 1500.09GiB

### STORAGE KV BANDWIDTH ###
  Storage KV Read Bandwidth: 4.84GiB/s
  Storage KV Write Bandwidth: 1.10GiB/s

### TIER-SPECIFIC LATENCIES (Total = Host + Device) ###
  Storage Read P95 (Total): 15754.13 ms
  Storage Write P95 (Total): 8840.64 ms

### STORAGE TIER LATENCY BREAKDOWN (Device = Disk I/O, Host = Serialization) ###
  Storage Read:
    - Device P95 (Disk I/O): 13784.19 ms
    - Host P95 (Serialization): 4108.08 ms
    - Total P95: 15754.13 ms
  Storage Write:
    - Device P95 (Disk I/O): 351.50 ms
    - Host P95 (Serialization): 8733.96 ms
    - Total P95: 8840.64 ms

### CACHE TYPE BREAKDOWNS ###
  System Prompt Hits: 201
  Common Phrase Hits: 0
  User Cache Hits: 1100
  Multi-turn Hits: 37

### PREFIX CACHING ###
  Prefix Hits: 52
  Prefix Misses: 248
  System Prompt Reuse: 52
  Bytes Saved: 0.11GiB

### MULTI-TURN CONVERSATIONS ###
  Multi-turn Cache Hits: 37
  Multi-turn Cache Misses: 306
  Multi-turn Hit Rate: 10.8%

### QOS LATENCY METRICS (Informational - includes simulated generation) ###

  INTERACTIVE:
    Requests: 243
    Latency P95: 359501.30 ms
    Latency P99: 368118.54 ms
    SLA Met: [X] (compliance: 0.0%)

  RESPONSIVE:
    Requests: 15
    Latency P95: 135223.51 ms
    Latency P99: 165127.30 ms
    SLA Met: [X] (compliance: 0.0%)

  BATCH:
    Requests: 37
    Latency P95: 105188.14 ms
    Latency P99: 221244.25 ms
    SLA Met: [X] (compliance: 0.0%)

================================================================================
NOTES:
  - Pure storage I/O benchmark (no generation simulation)
================================================================================

Integrated Multi-User KV Cache Benchmark - MLPerf Edition
Model: Llama 3.1 70B Instruct
GPU Memory: 0 GB
Users: 70
Duration: 300s
Seed: 113
Generation Mode: none (0.0ms/token)
Features:
  - Phase-Aware Processing: Enabled
  - Multi-turn Conversations: Enabled
  - Prefix Caching: Enabled
  - RAG Workload: Disabled
  - Autoscaling: Disabled
  - QoS Support: Enabled (Interactive/Responsive/Batch)
  - Trace-Driven (BurstGPT): Disabled
  - ShareGPT Dataset: Disabled
  - Max Concurrent Allocations: 4 (bounds RAM usage)
================================================================================

User Context Length Distribution:
  Min: 625 tokens (195.31MiB)
  Max: 24057 tokens (7517.81MiB)
  Mean: 8705 tokens (2720.16MiB)

QoS Distribution:
  interactive: 6 users
  responsive: 29 users
  batch: 35 users

### MEMORY SAFETY CHECK ###
  Formula: peak = (workers x 2 x mean_entry_bytes) + baseline
         = (70 x 2 x 2500MiB) + 2.5GiB
         = 344.3GiB
  Available RAM: 989.0GiB
  Mean entry size: 2500MiB  (8000 tok x 327,680 B/tok)
  Peak per thread: 5000MiB  (np.load + np.array copy)
  Worker threads: 70
  Safe concurrent readers: ~202  = (available - baseline) / peak_per_thread
  Status: OK

Starting benchmark... Mode: standard (prefill+decode)
--------------------------------------------------------------------------------

================================================================================
BENCHMARK RESULTS - MLPerf KV Cache Storage Benchmark
Generation Mode: none (0.0ms/token)
================================================================================

IMPORTANT: All storage latencies below are measured per KV cache BLOCK,
not per token or per disk page.  Each block holds the full KV state for
one request (all layers, all heads, full sequence length).
  Model KV bytes/token: 327,680 bytes (320.0KiB)
  Entries in cache: 256
  Block size min:   93.1MiB
  Block size mean:  1637.8MiB
  Block size P95:   4819.3MiB
  Block size max:   6815.6MiB
  A 200MiB block at 1GiB/s NVMe read = ~200 ms device latency.
  Compare latencies against block sizes, not against 4KiB page I/O.


### OVERALL PERFORMANCE ###
Requests Completed: 247
Total Tokens Generated: 29633
Throughput (wall-clock): 98.00 tokens/sec
Throughput (storage I/O): 6.37 tokens/sec
Requests/sec: 0.82

### END-TO-END LATENCY (Queue Wait + Storage I/O + Generation) ###
  Mean: 167998.31 ms
  P50:  145775.49 ms
  P95:  353831.51 ms
  P99:  365262.36 ms

### PER-REQUEST STORAGE LATENCY (All I/O ops for one request) ###
  Mean: 18826.09 ms
  P50:  10624.14 ms
  P95:  66511.42 ms
  P99:  111421.00 ms
  (= 1 prefill write + N decode reads per request)

### STORAGE PERFORMANCE ###
  Cache Hit Rate: 73.2%
  Total Read: 1195.96GiB
  Total Write: 409.46GiB
  Read/Write Ratio: 2.92
  Storage KV Read Operations/sec: 3.40
  Storage KV Write Operations/sec: 0.85

### CACHE TIER DISTRIBUTION ###
  GPU Entries: 0 (0.00GiB)
  CPU Entries: 0 (0.00GiB)
  Storage Entries: 256

### TIER-SPECIFIC KV BYTES ###
  Storage KV Bytes Written: 409.46GiB
  Storage KV Bytes Read: 1195.96GiB

### STORAGE KV BANDWIDTH ###
  Storage KV Read Bandwidth: 3.96GiB/s
  Storage KV Write Bandwidth: 1.35GiB/s

### TIER-SPECIFIC LATENCIES (Total = Host + Device) ###
  Storage Read P95 (Total): 13639.78 ms
  Storage Write P95 (Total): 11127.65 ms

### STORAGE TIER LATENCY BREAKDOWN (Device = Disk I/O, Host = Serialization) ###
  Storage Read:
    - Device P95 (Disk I/O): 11314.21 ms
    - Host P95 (Serialization): 3026.60 ms
    - Total P95: 13639.78 ms
  Storage Write:
    - Device P95 (Disk I/O): 822.22 ms
    - Host P95 (Serialization): 11116.02 ms
    - Total P95: 11127.65 ms

### CACHE TYPE BREAKDOWNS ###
  System Prompt Hits: 212
  Common Phrase Hits: 0
  User Cache Hits: 733
  Multi-turn Hits: 74

### PREFIX CACHING ###
  Prefix Hits: 54
  Prefix Misses: 202
  System Prompt Reuse: 54
  Bytes Saved: 0.12GiB

### MULTI-TURN CONVERSATIONS ###
  Multi-turn Cache Hits: 74
  Multi-turn Cache Misses: 319
  Multi-turn Hit Rate: 18.8%

### QOS LATENCY METRICS (Informational - includes simulated generation) ###

  INTERACTIVE:
    Requests: 191
    Latency P95: 356003.86 ms
    Latency P99: 366027.83 ms
    SLA Met: [X] (compliance: 0.0%)

  RESPONSIVE:
    Requests: 33
    Latency P95: 113694.41 ms
    Latency P99: 161148.39 ms
    SLA Met: [X] (compliance: 0.0%)

  BATCH:
    Requests: 23
    Latency P95: 124004.56 ms
    Latency P99: 138558.59 ms
    SLA Met: [X] (compliance: 0.0%)

================================================================================
NOTES:
  - Pure storage I/O benchmark (no generation simulation)
================================================================================

Integrated Multi-User KV Cache Benchmark - MLPerf Edition
Model: Llama 3.1 70B Instruct
GPU Memory: 0 GB
Users: 70
Duration: 300s
Seed: 85
Generation Mode: none (0.0ms/token)
Features:
  - Phase-Aware Processing: Enabled
  - Multi-turn Conversations: Enabled
  - Prefix Caching: Enabled
  - RAG Workload: Disabled
  - Autoscaling: Disabled
  - QoS Support: Enabled (Interactive/Responsive/Batch)
  - Trace-Driven (BurstGPT): Disabled
  - ShareGPT Dataset: Disabled
  - Max Concurrent Allocations: 4 (bounds RAM usage)
================================================================================

User Context Length Distribution:
  Min: 675 tokens (210.94MiB)
  Max: 22495 tokens (7029.69MiB)
  Mean: 8306 tokens (2595.47MiB)

QoS Distribution:
  interactive: 9 users
  responsive: 23 users
  batch: 38 users

### MEMORY SAFETY CHECK ###
  Formula: peak = (workers x 2 x mean_entry_bytes) + baseline
         = (70 x 2 x 2500MiB) + 2.5GiB
         = 344.3GiB
  Available RAM: 988.3GiB
  Mean entry size: 2500MiB  (8000 tok x 327,680 B/tok)
  Peak per thread: 5000MiB  (np.load + np.array copy)
  Worker threads: 70
  Safe concurrent readers: ~201  = (available - baseline) / peak_per_thread
  Status: OK

Starting benchmark... Mode: standard (prefill+decode)
--------------------------------------------------------------------------------

================================================================================
BENCHMARK RESULTS - MLPerf KV Cache Storage Benchmark
Generation Mode: none (0.0ms/token)
================================================================================

IMPORTANT: All storage latencies below are measured per KV cache BLOCK,
not per token or per disk page.  Each block holds the full KV state for
one request (all layers, all heads, full sequence length).
  Model KV bytes/token: 327,680 bytes (320.0KiB)
  Entries in cache: 315
  Block size min:   72.8MiB
  Block size mean:  1128.2MiB
  Block size P95:   4298.0MiB
  Block size max:   5559.4MiB
  A 200MiB block at 1GiB/s NVMe read = ~200 ms device latency.
  Compare latencies against block sizes, not against 4KiB page I/O.


### OVERALL PERFORMANCE ###
Requests Completed: 307
Total Tokens Generated: 37499
Throughput (wall-clock): 121.51 tokens/sec
Throughput (storage I/O): 6.64 tokens/sec
Requests/sec: 0.99

### END-TO-END LATENCY (Queue Wait + Storage I/O + Generation) ###
  Mean: 174133.67 ms
  P50:  151665.78 ms
  P95:  338429.79 ms
  P99:  364181.01 ms

### PER-REQUEST STORAGE LATENCY (All I/O ops for one request) ###
  Mean: 18387.72 ms
  P50:  8892.61 ms
  P95:  67543.76 ms
  P99:  132100.80 ms
  (= 1 prefill write + N decode reads per request)

### STORAGE PERFORMANCE ###
  Cache Hit Rate: 78.1%
  Total Read: 1375.69GiB
  Total Write: 347.04GiB
  Read/Write Ratio: 3.96
  Storage KV Read Operations/sec: 4.67
  Storage KV Write Operations/sec: 1.05

### CACHE TIER DISTRIBUTION ###
  GPU Entries: 0 (0.00GiB)
  CPU Entries: 0 (0.00GiB)
  Storage Entries: 315

### TIER-SPECIFIC KV BYTES ###
  Storage KV Bytes Written: 347.04GiB
  Storage KV Bytes Read: 1375.69GiB

### STORAGE KV BANDWIDTH ###
  Storage KV Read Bandwidth: 4.46GiB/s
  Storage KV Write Bandwidth: 1.12GiB/s

### TIER-SPECIFIC LATENCIES (Total = Host + Device) ###
  Storage Read P95 (Total): 15412.77 ms
  Storage Write P95 (Total): 7354.97 ms

### STORAGE TIER LATENCY BREAKDOWN (Device = Disk I/O, Host = Serialization) ###
  Storage Read:
    - Device P95 (Disk I/O): 13139.49 ms
    - Host P95 (Serialization): 4005.03 ms
    - Total P95: 15412.77 ms
  Storage Write:
    - Device P95 (Disk I/O): 371.47 ms
    - Host P95 (Serialization): 7308.16 ms
    - Total P95: 7354.97 ms

### CACHE TYPE BREAKDOWNS ###
  System Prompt Hits: 246
  Common Phrase Hits: 0
  User Cache Hits: 1133
  Multi-turn Hits: 21

### PREFIX CACHING ###
  Prefix Hits: 55
  Prefix Misses: 260
  System Prompt Reuse: 55
  Bytes Saved: 0.11GiB

### MULTI-TURN CONVERSATIONS ###
  Multi-turn Cache Hits: 21
  Multi-turn Cache Misses: 338
  Multi-turn Hit Rate: 5.8%

### QOS LATENCY METRICS (Informational - includes simulated generation) ###

  INTERACTIVE:
    Requests: 256
    Latency P95: 342513.09 ms
    Latency P99: 364497.60 ms
    SLA Met: [X] (compliance: 0.0%)

  RESPONSIVE:
    Requests: 27
    Latency P95: 135055.07 ms
    Latency P99: 155468.85 ms
    SLA Met: [X] (compliance: 0.0%)

  BATCH:
    Requests: 24
    Latency P95: 225359.92 ms
    Latency P99: 253918.42 ms
    SLA Met: [X] (compliance: 0.0%)

================================================================================
NOTES:
  - Pure storage I/O benchmark (no generation simulation)
================================================================================

Integrated Multi-User KV Cache Benchmark - MLPerf Edition
Model: Llama 3.1 70B Instruct
GPU Memory: 0 GB
Users: 70
Duration: 300s
Seed: 134
Generation Mode: none (0.0ms/token)
Features:
  - Phase-Aware Processing: Enabled
  - Multi-turn Conversations: Enabled
  - Prefix Caching: Enabled
  - RAG Workload: Disabled
  - Autoscaling: Disabled
  - QoS Support: Enabled (Interactive/Responsive/Batch)
  - Trace-Driven (BurstGPT): Disabled
  - ShareGPT Dataset: Disabled
  - Max Concurrent Allocations: 4 (bounds RAM usage)
================================================================================

User Context Length Distribution:
  Min: 739 tokens (230.94MiB)
  Max: 24362 tokens (7613.12MiB)
  Mean: 8476 tokens (2648.60MiB)

QoS Distribution:
  interactive: 12 users
  responsive: 20 users
  batch: 38 users

### MEMORY SAFETY CHECK ###
  Formula: peak = (workers x 2 x mean_entry_bytes) + baseline
         = (70 x 2 x 2500MiB) + 2.5GiB
         = 344.3GiB
  Available RAM: 989.8GiB
  Mean entry size: 2500MiB  (8000 tok x 327,680 B/tok)
  Peak per thread: 5000MiB  (np.load + np.array copy)
  Worker threads: 70
  Safe concurrent readers: ~202  = (available - baseline) / peak_per_thread
  Status: OK

Starting benchmark... Mode: standard (prefill+decode)
--------------------------------------------------------------------------------

================================================================================
BENCHMARK RESULTS - MLPerf KV Cache Storage Benchmark
Generation Mode: none (0.0ms/token)
================================================================================

IMPORTANT: All storage latencies below are measured per KV cache BLOCK,
not per token or per disk page.  Each block holds the full KV state for
one request (all layers, all heads, full sequence length).
  Model KV bytes/token: 327,680 bytes (320.0KiB)
  Entries in cache: 285
  Block size min:   86.6MiB
  Block size mean:  1245.3MiB
  Block size P95:   4716.9MiB
  Block size max:   7279.4MiB
  A 200MiB block at 1GiB/s NVMe read = ~200 ms device latency.
  Compare latencies against block sizes, not against 4KiB page I/O.


### OVERALL PERFORMANCE ###
Requests Completed: 277
Total Tokens Generated: 34957
Throughput (wall-clock): 116.52 tokens/sec
Throughput (storage I/O): 5.60 tokens/sec
Requests/sec: 0.92

### END-TO-END LATENCY (Queue Wait + Storage I/O + Generation) ###
  Mean: 177673.77 ms
  P50:  166376.19 ms
  P95:  362786.21 ms
  P99:  369236.54 ms

### PER-REQUEST STORAGE LATENCY (All I/O ops for one request) ###
  Mean: 22528.28 ms
  P50:  11481.12 ms
  P95:  76092.53 ms
  P99:  189945.03 ms
  (= 1 prefill write + N decode reads per request)

### STORAGE PERFORMANCE ###
  Cache Hit Rate: 78.2%
  Total Read: 1396.60GiB
  Total Write: 346.59GiB
  Read/Write Ratio: 4.03
  Storage KV Read Operations/sec: 4.43
  Storage KV Write Operations/sec: 0.95

### CACHE TIER DISTRIBUTION ###
  GPU Entries: 0 (0.00GiB)
  CPU Entries: 0 (0.00GiB)
  Storage Entries: 285

### TIER-SPECIFIC KV BYTES ###
  Storage KV Bytes Written: 346.59GiB
  Storage KV Bytes Read: 1396.60GiB

### STORAGE KV BANDWIDTH ###
  Storage KV Read Bandwidth: 4.66GiB/s
  Storage KV Write Bandwidth: 1.16GiB/s

### TIER-SPECIFIC LATENCIES (Total = Host + Device) ###
  Storage Read P95 (Total): 16181.59 ms
  Storage Write P95 (Total): 11574.14 ms

### STORAGE TIER LATENCY BREAKDOWN (Device = Disk I/O, Host = Serialization) ###
  Storage Read:
    - Device P95 (Disk I/O): 13287.79 ms
    - Host P95 (Serialization): 3211.59 ms
    - Total P95: 16181.59 ms
  Storage Write:
    - Device P95 (Disk I/O): 711.25 ms
    - Host P95 (Serialization): 11394.53 ms
    - Total P95: 11574.14 ms

### CACHE TYPE BREAKDOWNS ###
  System Prompt Hits: 205
  Common Phrase Hits: 0
  User Cache Hits: 1097
  Multi-turn Hits: 27

### PREFIX CACHING ###
  Prefix Hits: 47
  Prefix Misses: 238
  System Prompt Reuse: 47
  Bytes Saved: 0.09GiB

### MULTI-TURN CONVERSATIONS ###
  Multi-turn Cache Hits: 27
  Multi-turn Cache Misses: 323
  Multi-turn Hit Rate: 7.7%

### QOS LATENCY METRICS (Informational - includes simulated generation) ###

  INTERACTIVE:
    Requests: 225
    Latency P95: 364030.13 ms
    Latency P99: 371119.39 ms
    SLA Met: [X] (compliance: 0.0%)

  RESPONSIVE:
    Requests: 22
    Latency P95: 275531.36 ms
    Latency P99: 293634.54 ms
    SLA Met: [X] (compliance: 0.0%)

  BATCH:
    Requests: 30
    Latency P95: 113211.46 ms
    Latency P99: 170099.93 ms
    SLA Met: [X] (compliance: 0.0%)

================================================================================
NOTES:
  - Pure storage I/O benchmark (no generation simulation)
================================================================================

Integrated Multi-User KV Cache Benchmark - MLPerf Edition
Model: Llama 3.1 70B Instruct
GPU Memory: 0 GB
Users: 70
Duration: 300s
Seed: 210
Generation Mode: none (0.0ms/token)
Features:
  - Phase-Aware Processing: Enabled
  - Multi-turn Conversations: Enabled
  - Prefix Caching: Enabled
  - RAG Workload: Disabled
  - Autoscaling: Disabled
  - QoS Support: Enabled (Interactive/Responsive/Batch)
  - Trace-Driven (BurstGPT): Disabled
  - ShareGPT Dataset: Disabled
  - Max Concurrent Allocations: 4 (bounds RAM usage)
================================================================================

User Context Length Distribution:
  Min: 591 tokens (184.69MiB)
  Max: 24979 tokens (7805.94MiB)
  Mean: 8225 tokens (2570.33MiB)

QoS Distribution:
  interactive: 9 users
  responsive: 25 users
  batch: 36 users

### MEMORY SAFETY CHECK ###
  Formula: peak = (workers x 2 x mean_entry_bytes) + baseline
         = (70 x 2 x 2500MiB) + 2.5GiB
         = 344.3GiB
  Available RAM: 989.9GiB
  Mean entry size: 2500MiB  (8000 tok x 327,680 B/tok)
  Peak per thread: 5000MiB  (np.load + np.array copy)
  Worker threads: 70
  Safe concurrent readers: ~202  = (available - baseline) / peak_per_thread
  Status: OK

Starting benchmark... Mode: standard (prefill+decode)
--------------------------------------------------------------------------------

================================================================================
BENCHMARK RESULTS - MLPerf KV Cache Storage Benchmark
Generation Mode: none (0.0ms/token)
================================================================================

IMPORTANT: All storage latencies below are measured per KV cache BLOCK,
not per token or per disk page.  Each block holds the full KV state for
one request (all layers, all heads, full sequence length).
  Model KV bytes/token: 327,680 bytes (320.0KiB)
  Entries in cache: 263
  Block size min:   50.9MiB
  Block size mean:  1183.8MiB
  Block size P95:   3708.7MiB
  Block size max:   7500.0MiB
  A 200MiB block at 1GiB/s NVMe read = ~200 ms device latency.
  Compare latencies against block sizes, not against 4KiB page I/O.


### OVERALL PERFORMANCE ###
Requests Completed: 247
Total Tokens Generated: 40266
Throughput (wall-clock): 133.76 tokens/sec
Throughput (storage I/O): 4.78 tokens/sec
Requests/sec: 0.82

### END-TO-END LATENCY (Queue Wait + Storage I/O + Generation) ###
  Mean: 169867.60 ms
  P50:  151758.35 ms
  P95:  361375.19 ms
  P99:  373634.07 ms

### PER-REQUEST STORAGE LATENCY (All I/O ops for one request) ###
  Mean: 34136.64 ms
  P50:  13313.21 ms
  P95:  136145.08 ms
  P99:  248032.27 ms
  (= 1 prefill write + N decode reads per request)

### STORAGE PERFORMANCE ###
  Cache Hit Rate: 67.0%
  Total Read: 1891.57GiB
  Total Write: 304.05GiB
  Read/Write Ratio: 6.22
  Storage KV Read Operations/sec: 5.38
  Storage KV Write Operations/sec: 0.88

### CACHE TIER DISTRIBUTION ###
  GPU Entries: 0 (0.00GiB)
  CPU Entries: 0 (0.00GiB)
  Storage Entries: 263

### TIER-SPECIFIC KV BYTES ###
  Storage KV Bytes Written: 304.05GiB
  Storage KV Bytes Read: 1891.57GiB

### STORAGE KV BANDWIDTH ###
  Storage KV Read Bandwidth: 6.28GiB/s
  Storage KV Write Bandwidth: 1.01GiB/s

### TIER-SPECIFIC LATENCIES (Total = Host + Device) ###
  Storage Read P95 (Total): 19798.67 ms
  Storage Write P95 (Total): 11191.92 ms

### STORAGE TIER LATENCY BREAKDOWN (Device = Disk I/O, Host = Serialization) ###
  Storage Read:
    - Device P95 (Disk I/O): 17297.47 ms
    - Host P95 (Serialization): 4985.30 ms
    - Total P95: 19798.67 ms
  Storage Write:
    - Device P95 (Disk I/O): 652.36 ms
    - Host P95 (Serialization): 11061.68 ms
    - Total P95: 11191.92 ms

### CACHE TYPE BREAKDOWNS ###
  System Prompt Hits: 309
  Common Phrase Hits: 0
  User Cache Hits: 1263
  Multi-turn Hits: 41

### PREFIX CACHING ###
  Prefix Hits: 53
  Prefix Misses: 210
  System Prompt Reuse: 53
  Bytes Saved: 0.11GiB

### MULTI-TURN CONVERSATIONS ###
  Multi-turn Cache Hits: 41
  Multi-turn Cache Misses: 743
  Multi-turn Hit Rate: 5.2%

### QOS LATENCY METRICS (Informational - includes simulated generation) ###

  INTERACTIVE:
    Requests: 187
    Latency P95: 367110.08 ms
    Latency P99: 374131.90 ms
    SLA Met: [X] (compliance: 0.0%)

  RESPONSIVE:
    Requests: 29
    Latency P95: 105306.70 ms
    Latency P99: 145861.54 ms
    SLA Met: [X] (compliance: 0.0%)

  BATCH:
    Requests: 31
    Latency P95: 95562.51 ms
    Latency P99: 135657.23 ms
    SLA Met: [X] (compliance: 0.0%)

================================================================================
NOTES:
  - Pure storage I/O benchmark (no generation simulation)
================================================================================

Integrated Multi-User KV Cache Benchmark - MLPerf Edition
Model: Llama 3.1 70B Instruct
GPU Memory: 0 GB
Users: 70
Duration: 300s
Seed: 142
Generation Mode: none (0.0ms/token)
Features:
  - Phase-Aware Processing: Enabled
  - Multi-turn Conversations: Enabled
  - Prefix Caching: Enabled
  - RAG Workload: Disabled
  - Autoscaling: Disabled
  - QoS Support: Enabled (Interactive/Responsive/Batch)
  - Trace-Driven (BurstGPT): Disabled
  - ShareGPT Dataset: Disabled
  - Max Concurrent Allocations: 4 (bounds RAM usage)
================================================================================

User Context Length Distribution:
  Min: 1132 tokens (353.75MiB)
  Max: 23715 tokens (7410.94MiB)
  Mean: 7954 tokens (2485.63MiB)

QoS Distribution:
  interactive: 15 users
  responsive: 23 users
  batch: 32 users

### MEMORY SAFETY CHECK ###
  Formula: peak = (workers x 2 x mean_entry_bytes) + baseline
         = (70 x 2 x 2500MiB) + 2.5GiB
         = 344.3GiB
  Available RAM: 990.0GiB
  Mean entry size: 2500MiB  (8000 tok x 327,680 B/tok)
  Peak per thread: 5000MiB  (np.load + np.array copy)
  Worker threads: 70
  Safe concurrent readers: ~202  = (available - baseline) / peak_per_thread
  Status: OK

Starting benchmark... Mode: standard (prefill+decode)
--------------------------------------------------------------------------------

================================================================================
BENCHMARK RESULTS - MLPerf KV Cache Storage Benchmark
Generation Mode: none (0.0ms/token)
================================================================================

IMPORTANT: All storage latencies below are measured per KV cache BLOCK,
not per token or per disk page.  Each block holds the full KV state for
one request (all layers, all heads, full sequence length).
  Model KV bytes/token: 327,680 bytes (320.0KiB)
  Entries in cache: 299
  Block size min:   95.0MiB
  Block size mean:  1251.9MiB
  Block size P95:   4656.7MiB
  Block size max:   7035.3MiB
  A 200MiB block at 1GiB/s NVMe read = ~200 ms device latency.
  Compare latencies against block sizes, not against 4KiB page I/O.


### OVERALL PERFORMANCE ###
Requests Completed: 288
Total Tokens Generated: 38155
Throughput (wall-clock): 127.07 tokens/sec
Throughput (storage I/O): 5.49 tokens/sec
Requests/sec: 0.96

### END-TO-END LATENCY (Queue Wait + Storage I/O + Generation) ###
  Mean: 177212.29 ms
  P50:  158831.88 ms
  P95:  354089.37 ms
  P99:  373521.56 ms

### PER-REQUEST STORAGE LATENCY (All I/O ops for one request) ###
  Mean: 24133.41 ms
  P50:  9904.32 ms
  P95:  92032.97 ms
  P99:  141643.31 ms
  (= 1 prefill write + N decode reads per request)

### STORAGE PERFORMANCE ###
  Cache Hit Rate: 83.2%
  Total Read: 1623.66GiB
  Total Write: 365.56GiB
  Read/Write Ratio: 4.44
  Storage KV Read Operations/sec: 4.91
  Storage KV Write Operations/sec: 1.00

### CACHE TIER DISTRIBUTION ###
  GPU Entries: 0 (0.00GiB)
  CPU Entries: 0 (0.00GiB)
  Storage Entries: 299

### TIER-SPECIFIC KV BYTES ###
  Storage KV Bytes Written: 365.56GiB
  Storage KV Bytes Read: 1623.66GiB

### STORAGE KV BANDWIDTH ###
  Storage KV Read Bandwidth: 5.41GiB/s
  Storage KV Write Bandwidth: 1.22GiB/s

### TIER-SPECIFIC LATENCIES (Total = Host + Device) ###
  Storage Read P95 (Total): 16648.67 ms
  Storage Write P95 (Total): 9913.21 ms

### STORAGE TIER LATENCY BREAKDOWN (Device = Disk I/O, Host = Serialization) ###
  Storage Read:
    - Device P95 (Disk I/O): 13136.00 ms
    - Host P95 (Serialization): 4005.09 ms
    - Total P95: 16648.67 ms
  Storage Write:
    - Device P95 (Disk I/O): 399.23 ms
    - Host P95 (Serialization): 9873.09 ms
    - Total P95: 9913.21 ms

### CACHE TYPE BREAKDOWNS ###
  System Prompt Hits: 254
  Common Phrase Hits: 0
  User Cache Hits: 1184
  Multi-turn Hits: 35

### PREFIX CACHING ###
  Prefix Hits: 51
  Prefix Misses: 248
  System Prompt Reuse: 51
  Bytes Saved: 0.10GiB

### MULTI-TURN CONVERSATIONS ###
  Multi-turn Cache Hits: 35
  Multi-turn Cache Misses: 247
  Multi-turn Hit Rate: 12.4%

### QOS LATENCY METRICS (Informational - includes simulated generation) ###

  INTERACTIVE:
    Requests: 245
    Latency P95: 362015.67 ms
    Latency P99: 374385.02 ms
    SLA Met: [X] (compliance: 0.0%)

  RESPONSIVE:
    Requests: 16
    Latency P95: 152797.52 ms
    Latency P99: 168760.01 ms
    SLA Met: [X] (compliance: 0.0%)

  BATCH:
    Requests: 27
    Latency P95: 127156.71 ms
    Latency P99: 136700.23 ms
    SLA Met: [X] (compliance: 0.0%)

================================================================================
NOTES:
  - Pure storage I/O benchmark (no generation simulation)
================================================================================

Integrated Multi-User KV Cache Benchmark - MLPerf Edition
Model: Llama 3.1 70B Instruct
GPU Memory: 0 GB
Users: 70
Duration: 300s
Seed: 177
Generation Mode: none (0.0ms/token)
Features:
  - Phase-Aware Processing: Enabled
  - Multi-turn Conversations: Enabled
  - Prefix Caching: Enabled
  - RAG Workload: Disabled
  - Autoscaling: Disabled
  - QoS Support: Enabled (Interactive/Responsive/Batch)
  - Trace-Driven (BurstGPT): Disabled
  - ShareGPT Dataset: Disabled
  - Max Concurrent Allocations: 4 (bounds RAM usage)
================================================================================

User Context Length Distribution:
  Min: 566 tokens (176.88MiB)
  Max: 23561 tokens (7362.81MiB)
  Mean: 8295 tokens (2592.34MiB)

QoS Distribution:
  interactive: 9 users
  responsive: 21 users
  batch: 40 users

### MEMORY SAFETY CHECK ###
  Formula: peak = (workers x 2 x mean_entry_bytes) + baseline
         = (70 x 2 x 2500MiB) + 2.5GiB
         = 344.3GiB
  Available RAM: 988.0GiB
  Mean entry size: 2500MiB  (8000 tok x 327,680 B/tok)
  Peak per thread: 5000MiB  (np.load + np.array copy)
  Worker threads: 70
  Safe concurrent readers: ~201  = (available - baseline) / peak_per_thread
  Status: OK

Starting benchmark... Mode: standard (prefill+decode)
--------------------------------------------------------------------------------

================================================================================
BENCHMARK RESULTS - MLPerf KV Cache Storage Benchmark
Generation Mode: none (0.0ms/token)
================================================================================

IMPORTANT: All storage latencies below are measured per KV cache BLOCK,
not per token or per disk page.  Each block holds the full KV state for
one request (all layers, all heads, full sequence length).
  Model KV bytes/token: 327,680 bytes (320.0KiB)
  Entries in cache: 251
  Block size min:   52.2MiB
  Block size mean:  1386.1MiB
  Block size P95:   4579.2MiB
  Block size max:   7193.4MiB
  A 200MiB block at 1GiB/s NVMe read = ~200 ms device latency.
  Compare latencies against block sizes, not against 4KiB page I/O.


### OVERALL PERFORMANCE ###
Requests Completed: 244
Total Tokens Generated: 53955
Throughput (wall-clock): 172.83 tokens/sec
Throughput (storage I/O): 5.38 tokens/sec
Requests/sec: 0.78

### END-TO-END LATENCY (Queue Wait + Storage I/O + Generation) ###
  Mean: 183672.80 ms
  P50:  180967.60 ms
  P95:  359881.64 ms
  P99:  371261.03 ms

### PER-REQUEST STORAGE LATENCY (All I/O ops for one request) ###
  Mean: 41065.78 ms
  P50:  19980.13 ms
  P95:  145723.11 ms
  P99:  227667.21 ms
  (= 1 prefill write + N decode reads per request)

### STORAGE PERFORMANCE ###
  Cache Hit Rate: 84.6%
  Total Read: 2221.74GiB
  Total Write: 339.75GiB
  Read/Write Ratio: 6.54
  Storage KV Read Operations/sec: 6.27
  Storage KV Write Operations/sec: 0.84

### CACHE TIER DISTRIBUTION ###
  GPU Entries: 0 (0.00GiB)
  CPU Entries: 0 (0.00GiB)
  Storage Entries: 251

### TIER-SPECIFIC KV BYTES ###
  Storage KV Bytes Written: 339.75GiB
  Storage KV Bytes Read: 2221.74GiB

### STORAGE KV BANDWIDTH ###
  Storage KV Read Bandwidth: 7.12GiB/s
  Storage KV Write Bandwidth: 1.09GiB/s

### TIER-SPECIFIC LATENCIES (Total = Host + Device) ###
  Storage Read P95 (Total): 18204.98 ms
  Storage Write P95 (Total): 13686.56 ms

### STORAGE TIER LATENCY BREAKDOWN (Device = Disk I/O, Host = Serialization) ###
  Storage Read:
    - Device P95 (Disk I/O): 16098.62 ms
    - Host P95 (Serialization): 3536.40 ms
    - Total P95: 18204.98 ms
  Storage Write:
    - Device P95 (Disk I/O): 286.65 ms
    - Host P95 (Serialization): 13668.77 ms
    - Total P95: 13686.56 ms

### CACHE TYPE BREAKDOWNS ###
  System Prompt Hits: 248
  Common Phrase Hits: 0
  User Cache Hits: 1604
  Multi-turn Hits: 28

### PREFIX CACHING ###
  Prefix Hits: 38
  Prefix Misses: 213
  System Prompt Reuse: 38
  Bytes Saved: 0.08GiB

### MULTI-TURN CONVERSATIONS ###
  Multi-turn Cache Hits: 28
  Multi-turn Cache Misses: 305
  Multi-turn Hit Rate: 8.4%

### QOS LATENCY METRICS (Informational - includes simulated generation) ###

  INTERACTIVE:
    Requests: 188
    Latency P95: 363324.80 ms
    Latency P99: 373112.98 ms
    SLA Met: [X] (compliance: 0.0%)

  RESPONSIVE:
    Requests: 30
    Latency P95: 89691.54 ms
    Latency P99: 157215.46 ms
    SLA Met: [X] (compliance: 0.0%)

  BATCH:
    Requests: 26
    Latency P95: 129109.30 ms
    Latency P99: 133229.76 ms
    SLA Met: [X] (compliance: 0.0%)

================================================================================
NOTES:
  - Pure storage I/O benchmark (no generation simulation)
================================================================================

Integrated Multi-User KV Cache Benchmark - MLPerf Edition
Model: Llama 3.1 70B Instruct
GPU Memory: 0 GB
Users: 70
Duration: 300s
Seed: 180
Generation Mode: none (0.0ms/token)
Features:
  - Phase-Aware Processing: Enabled
  - Multi-turn Conversations: Enabled
  - Prefix Caching: Enabled
  - RAG Workload: Disabled
  - Autoscaling: Disabled
  - QoS Support: Enabled (Interactive/Responsive/Batch)
  - Trace-Driven (BurstGPT): Disabled
  - ShareGPT Dataset: Disabled
  - Max Concurrent Allocations: 4 (bounds RAM usage)
================================================================================

User Context Length Distribution:
  Min: 558 tokens (174.38MiB)
  Max: 23825 tokens (7445.31MiB)
  Mean: 8942 tokens (2794.28MiB)

QoS Distribution:
  interactive: 13 users
  responsive: 30 users
  batch: 27 users

### MEMORY SAFETY CHECK ###
  Formula: peak = (workers x 2 x mean_entry_bytes) + baseline
         = (70 x 2 x 2500MiB) + 2.5GiB
         = 344.3GiB
  Available RAM: 990.5GiB
  Mean entry size: 2500MiB  (8000 tok x 327,680 B/tok)
  Peak per thread: 5000MiB  (np.load + np.array copy)
  Worker threads: 70
  Safe concurrent readers: ~202  = (available - baseline) / peak_per_thread
  Status: OK

Starting benchmark... Mode: standard (prefill+decode)
--------------------------------------------------------------------------------

================================================================================
BENCHMARK RESULTS - MLPerf KV Cache Storage Benchmark
Generation Mode: none (0.0ms/token)
================================================================================

IMPORTANT: All storage latencies below are measured per KV cache BLOCK,
not per token or per disk page.  Each block holds the full KV state for
one request (all layers, all heads, full sequence length).
  Model KV bytes/token: 327,680 bytes (320.0KiB)
  Entries in cache: 314
  Block size min:   43.4MiB
  Block size mean:  1242.7MiB
  Block size P95:   3785.9MiB
  Block size max:   6485.9MiB
  A 200MiB block at 1GiB/s NVMe read = ~200 ms device latency.
  Compare latencies against block sizes, not against 4KiB page I/O.


### OVERALL PERFORMANCE ###
Requests Completed: 308
Total Tokens Generated: 41398
Throughput (wall-clock): 135.13 tokens/sec
Throughput (storage I/O): 6.63 tokens/sec
Requests/sec: 1.01

### END-TO-END LATENCY (Queue Wait + Storage I/O + Generation) ###
  Mean: 198184.10 ms
  P50:  216318.61 ms
  P95:  359992.48 ms
  P99:  373898.83 ms

### PER-REQUEST STORAGE LATENCY (All I/O ops for one request) ###
  Mean: 20269.77 ms
  P50:  8820.69 ms
  P95:  73134.30 ms
  P99:  117170.82 ms
  (= 1 prefill write + N decode reads per request)

### STORAGE PERFORMANCE ###
  Cache Hit Rate: 86.4%
  Total Read: 1709.28GiB
  Total Write: 381.06GiB
  Read/Write Ratio: 4.49
  Storage KV Read Operations/sec: 5.10
  Storage KV Write Operations/sec: 1.05

### CACHE TIER DISTRIBUTION ###
  GPU Entries: 0 (0.00GiB)
  CPU Entries: 0 (0.00GiB)
  Storage Entries: 314

### TIER-SPECIFIC KV BYTES ###
  Storage KV Bytes Written: 381.06GiB
  Storage KV Bytes Read: 1709.28GiB

### STORAGE KV BANDWIDTH ###
  Storage KV Read Bandwidth: 5.58GiB/s
  Storage KV Write Bandwidth: 1.24GiB/s

### TIER-SPECIFIC LATENCIES (Total = Host + Device) ###
  Storage Read P95 (Total): 13523.05 ms
  Storage Write P95 (Total): 10045.16 ms

### STORAGE TIER LATENCY BREAKDOWN (Device = Disk I/O, Host = Serialization) ###
  Storage Read:
    - Device P95 (Disk I/O): 11200.99 ms
    - Host P95 (Serialization): 2357.91 ms
    - Total P95: 13523.05 ms
  Storage Write:
    - Device P95 (Disk I/O): 697.40 ms
    - Host P95 (Serialization): 7881.73 ms
    - Total P95: 10045.16 ms

### CACHE TYPE BREAKDOWNS ###
  System Prompt Hits: 287
  Common Phrase Hits: 0
  User Cache Hits: 1232
  Multi-turn Hits: 12

### PREFIX CACHING ###
  Prefix Hits: 57
  Prefix Misses: 257
  System Prompt Reuse: 57
  Bytes Saved: 0.11GiB

### MULTI-TURN CONVERSATIONS ###
  Multi-turn Cache Hits: 12
  Multi-turn Cache Misses: 185
  Multi-turn Hit Rate: 6.1%

### QOS LATENCY METRICS (Informational - includes simulated generation) ###

  INTERACTIVE:
    Requests: 252
    Latency P95: 362942.23 ms
    Latency P99: 373599.10 ms
    SLA Met: [X] (compliance: 0.0%)

  RESPONSIVE:
    Requests: 29
    Latency P95: 240791.75 ms
    Latency P99: 340878.86 ms
    SLA Met: [X] (compliance: 0.0%)

  BATCH:
    Requests: 27
    Latency P95: 155071.06 ms
    Latency P99: 257307.04 ms
    SLA Met: [X] (compliance: 0.0%)

================================================================================
NOTES:
  - Pure storage I/O benchmark (no generation simulation)
================================================================================

Integrated Multi-User KV Cache Benchmark - MLPerf Edition
Model: Llama 3.1 70B Instruct
GPU Memory: 0 GB
Users: 70
Duration: 300s
Seed: 204
Generation Mode: none (0.0ms/token)
Features:
  - Phase-Aware Processing: Enabled
  - Multi-turn Conversations: Enabled
  - Prefix Caching: Enabled
  - RAG Workload: Disabled
  - Autoscaling: Disabled
  - QoS Support: Enabled (Interactive/Responsive/Batch)
  - Trace-Driven (BurstGPT): Disabled
  - ShareGPT Dataset: Disabled
  - Max Concurrent Allocations: 4 (bounds RAM usage)
================================================================================

User Context Length Distribution:
  Min: 678 tokens (211.88MiB)
  Max: 23924 tokens (7476.25MiB)
  Mean: 9901 tokens (3094.00MiB)

QoS Distribution:
  interactive: 4 users
  responsive: 24 users
  batch: 42 users

### MEMORY SAFETY CHECK ###
  Formula: peak = (workers x 2 x mean_entry_bytes) + baseline
         = (70 x 2 x 2500MiB) + 2.5GiB
         = 344.3GiB
  Available RAM: 988.1GiB
  Mean entry size: 2500MiB  (8000 tok x 327,680 B/tok)
  Peak per thread: 5000MiB  (np.load + np.array copy)
  Worker threads: 70
  Safe concurrent readers: ~201  = (available - baseline) / peak_per_thread
  Status: OK

Starting benchmark... Mode: standard (prefill+decode)
--------------------------------------------------------------------------------

================================================================================
BENCHMARK RESULTS - MLPerf KV Cache Storage Benchmark
Generation Mode: none (0.0ms/token)
================================================================================

IMPORTANT: All storage latencies below are measured per KV cache BLOCK,
not per token or per disk page.  Each block holds the full KV state for
one request (all layers, all heads, full sequence length).
  Model KV bytes/token: 327,680 bytes (320.0KiB)
  Entries in cache: 290
  Block size min:   57.5MiB
  Block size mean:  1233.4MiB
  Block size P95:   3873.7MiB
  Block size max:   7210.0MiB
  A 200MiB block at 1GiB/s NVMe read = ~200 ms device latency.
  Compare latencies against block sizes, not against 4KiB page I/O.


### OVERALL PERFORMANCE ###
Requests Completed: 281
Total Tokens Generated: 45305
Throughput (wall-clock): 150.99 tokens/sec
Throughput (storage I/O): 5.87 tokens/sec
Requests/sec: 0.94

### END-TO-END LATENCY (Queue Wait + Storage I/O + Generation) ###
  Mean: 177148.62 ms
  P50:  178179.07 ms
  P95:  326953.40 ms
  P99:  344922.82 ms

### PER-REQUEST STORAGE LATENCY (All I/O ops for one request) ###
  Mean: 27456.03 ms
  P50:  11124.90 ms
  P95:  104569.65 ms
  P99:  165597.01 ms
  (= 1 prefill write + N decode reads per request)

### STORAGE PERFORMANCE ###
  Cache Hit Rate: 86.2%
  Total Read: 1894.97GiB
  Total Write: 349.32GiB
  Read/Write Ratio: 5.42
  Storage KV Read Operations/sec: 5.44
  Storage KV Write Operations/sec: 0.97

### CACHE TIER DISTRIBUTION ###
  GPU Entries: 0 (0.00GiB)
  CPU Entries: 0 (0.00GiB)
  Storage Entries: 290

### TIER-SPECIFIC KV BYTES ###
  Storage KV Bytes Written: 349.32GiB
  Storage KV Bytes Read: 1894.97GiB

### STORAGE KV BANDWIDTH ###
  Storage KV Read Bandwidth: 6.32GiB/s
  Storage KV Write Bandwidth: 1.16GiB/s

### TIER-SPECIFIC LATENCIES (Total = Host + Device) ###
  Storage Read P95 (Total): 15013.41 ms
  Storage Write P95 (Total): 9807.03 ms

### STORAGE TIER LATENCY BREAKDOWN (Device = Disk I/O, Host = Serialization) ###
  Storage Read:
    - Device P95 (Disk I/O): 12863.76 ms
    - Host P95 (Serialization): 3889.78 ms
    - Total P95: 15013.41 ms
  Storage Write:
    - Device P95 (Disk I/O): 329.86 ms
    - Host P95 (Serialization): 8458.15 ms
    - Total P95: 9807.03 ms

### CACHE TYPE BREAKDOWNS ###
  System Prompt Hits: 297
  Common Phrase Hits: 0
  User Cache Hits: 1286
  Multi-turn Hits: 49

### PREFIX CACHING ###
  Prefix Hits: 49
  Prefix Misses: 241
  System Prompt Reuse: 49
  Bytes Saved: 0.10GiB

### MULTI-TURN CONVERSATIONS ###
  Multi-turn Cache Hits: 49
  Multi-turn Cache Misses: 212
  Multi-turn Hit Rate: 18.8%

### QOS LATENCY METRICS (Informational - includes simulated generation) ###

  INTERACTIVE:
    Requests: 216
    Latency P95: 329346.10 ms
    Latency P99: 345213.13 ms
    SLA Met: [X] (compliance: 0.0%)

  RESPONSIVE:
    Requests: 18
    Latency P95: 259881.39 ms
    Latency P99: 303211.33 ms
    SLA Met: [X] (compliance: 0.0%)

  BATCH:
    Requests: 47
    Latency P95: 180279.12 ms
    Latency P99: 274785.64 ms
    SLA Met: [X] (compliance: 0.0%)

================================================================================
NOTES:
  - Pure storage I/O benchmark (no generation simulation)
================================================================================

Integrated Multi-User KV Cache Benchmark - MLPerf Edition
Model: Llama 3.1 70B Instruct
GPU Memory: 0 GB
Users: 70
Duration: 300s
Seed: 119
Generation Mode: none (0.0ms/token)
Features:
  - Phase-Aware Processing: Enabled
  - Multi-turn Conversations: Enabled
  - Prefix Caching: Enabled
  - RAG Workload: Disabled
  - Autoscaling: Disabled
  - QoS Support: Enabled (Interactive/Responsive/Batch)
  - Trace-Driven (BurstGPT): Disabled
  - ShareGPT Dataset: Disabled
  - Max Concurrent Allocations: 4 (bounds RAM usage)
================================================================================

User Context Length Distribution:
  Min: 538 tokens (168.12MiB)
  Max: 24669 tokens (7709.06MiB)
  Mean: 9058 tokens (2830.76MiB)

QoS Distribution:
  interactive: 9 users
  responsive: 26 users
  batch: 35 users

### MEMORY SAFETY CHECK ###
  Formula: peak = (workers x 2 x mean_entry_bytes) + baseline
         = (70 x 2 x 2500MiB) + 2.5GiB
         = 344.3GiB
  Available RAM: 990.2GiB
  Mean entry size: 2500MiB  (8000 tok x 327,680 B/tok)
  Peak per thread: 5000MiB  (np.load + np.array copy)
  Worker threads: 70
  Safe concurrent readers: ~202  = (available - baseline) / peak_per_thread
  Status: OK

Starting benchmark... Mode: standard (prefill+decode)
--------------------------------------------------------------------------------

================================================================================
BENCHMARK RESULTS - MLPerf KV Cache Storage Benchmark
Generation Mode: none (0.0ms/token)
================================================================================

IMPORTANT: All storage latencies below are measured per KV cache BLOCK,
not per token or per disk page.  Each block holds the full KV state for
one request (all layers, all heads, full sequence length).
  Model KV bytes/token: 327,680 bytes (320.0KiB)
  Entries in cache: 287
  Block size min:   59.1MiB
  Block size mean:  1311.8MiB
  Block size P95:   3814.7MiB
  Block size max:   6073.8MiB
  A 200MiB block at 1GiB/s NVMe read = ~200 ms device latency.
  Compare latencies against block sizes, not against 4KiB page I/O.


### OVERALL PERFORMANCE ###
Requests Completed: 281
Total Tokens Generated: 32830
Throughput (wall-clock): 109.43 tokens/sec
Throughput (storage I/O): 5.45 tokens/sec
Requests/sec: 0.94

### END-TO-END LATENCY (Queue Wait + Storage I/O + Generation) ###
  Mean: 178606.52 ms
  P50:  188679.44 ms
  P95:  359935.41 ms
  P99:  370193.80 ms

### PER-REQUEST STORAGE LATENCY (All I/O ops for one request) ###
  Mean: 21435.38 ms
  P50:  13168.47 ms
  P95:  60192.40 ms
  P99:  118934.32 ms
  (= 1 prefill write + N decode reads per request)

### STORAGE PERFORMANCE ###
  Cache Hit Rate: 80.7%
  Total Read: 1320.30GiB
  Total Write: 367.68GiB
  Read/Write Ratio: 3.59
  Storage KV Read Operations/sec: 4.38
  Storage KV Write Operations/sec: 0.96

### CACHE TIER DISTRIBUTION ###
  GPU Entries: 0 (0.00GiB)
  CPU Entries: 0 (0.00GiB)
  Storage Entries: 287

### TIER-SPECIFIC KV BYTES ###
  Storage KV Bytes Written: 367.68GiB
  Storage KV Bytes Read: 1320.30GiB

### STORAGE KV BANDWIDTH ###
  Storage KV Read Bandwidth: 4.40GiB/s
  Storage KV Write Bandwidth: 1.23GiB/s

### TIER-SPECIFIC LATENCIES (Total = Host + Device) ###
  Storage Read P95 (Total): 13680.78 ms
  Storage Write P95 (Total): 11511.21 ms

### STORAGE TIER LATENCY BREAKDOWN (Device = Disk I/O, Host = Serialization) ###
  Storage Read:
    - Device P95 (Disk I/O): 11399.82 ms
    - Host P95 (Serialization): 4100.31 ms
    - Total P95: 13680.78 ms
  Storage Write:
    - Device P95 (Disk I/O): 442.12 ms
    - Host P95 (Serialization): 10104.23 ms
    - Total P95: 11511.21 ms

### CACHE TYPE BREAKDOWNS ###
  System Prompt Hits: 244
  Common Phrase Hits: 0
  User Cache Hits: 1027
  Multi-turn Hits: 44

### PREFIX CACHING ###
  Prefix Hits: 58
  Prefix Misses: 229
  System Prompt Reuse: 58
  Bytes Saved: 0.12GiB

### MULTI-TURN CONVERSATIONS ###
  Multi-turn Cache Hits: 44
  Multi-turn Cache Misses: 256
  Multi-turn Hit Rate: 14.7%

### QOS LATENCY METRICS (Informational - includes simulated generation) ###

  INTERACTIVE:
    Requests: 218
    Latency P95: 363093.58 ms
    Latency P99: 371620.80 ms
    SLA Met: [X] (compliance: 0.0%)

  RESPONSIVE:
    Requests: 23
    Latency P95: 145422.34 ms
    Latency P99: 170426.95 ms
    SLA Met: [X] (compliance: 0.0%)

  BATCH:
    Requests: 40
    Latency P95: 89161.73 ms
    Latency P99: 96534.18 ms
    SLA Met: [X] (compliance: 0.0%)

================================================================================
NOTES:
  - Pure storage I/O benchmark (no generation simulation)
================================================================================

Integrated Multi-User KV Cache Benchmark - MLPerf Edition
Model: Llama 3.1 70B Instruct
GPU Memory: 0 GB
Users: 70
Duration: 300s
Seed: 190
Generation Mode: none (0.0ms/token)
Features:
  - Phase-Aware Processing: Enabled
  - Multi-turn Conversations: Enabled
  - Prefix Caching: Enabled
  - RAG Workload: Disabled
  - Autoscaling: Disabled
  - QoS Support: Enabled (Interactive/Responsive/Batch)
  - Trace-Driven (BurstGPT): Disabled
  - ShareGPT Dataset: Disabled
  - Max Concurrent Allocations: 4 (bounds RAM usage)
================================================================================

User Context Length Distribution:
  Min: 646 tokens (201.88MiB)
  Max: 24780 tokens (7743.75MiB)
  Mean: 10412 tokens (3253.77MiB)

QoS Distribution:
  interactive: 7 users
  responsive: 27 users
  batch: 36 users

### MEMORY SAFETY CHECK ###
  Formula: peak = (workers x 2 x mean_entry_bytes) + baseline
         = (70 x 2 x 2500MiB) + 2.5GiB
         = 344.3GiB
  Available RAM: 987.0GiB
  Mean entry size: 2500MiB  (8000 tok x 327,680 B/tok)
  Peak per thread: 5000MiB  (np.load + np.array copy)
  Worker threads: 70
  Safe concurrent readers: ~201  = (available - baseline) / peak_per_thread
  Status: OK

Starting benchmark... Mode: standard (prefill+decode)
--------------------------------------------------------------------------------

================================================================================
BENCHMARK RESULTS - MLPerf KV Cache Storage Benchmark
Generation Mode: none (0.0ms/token)
================================================================================

IMPORTANT: All storage latencies below are measured per KV cache BLOCK,
not per token or per disk page.  Each block holds the full KV state for
one request (all layers, all heads, full sequence length).
  Model KV bytes/token: 327,680 bytes (320.0KiB)
  Entries in cache: 270
  Block size min:   57.2MiB
  Block size mean:  1516.7MiB
  Block size P95:   4331.7MiB
  Block size max:   5466.9MiB
  A 200MiB block at 1GiB/s NVMe read = ~200 ms device latency.
  Compare latencies against block sizes, not against 4KiB page I/O.


### OVERALL PERFORMANCE ###
Requests Completed: 255
Total Tokens Generated: 50321
Throughput (wall-clock): 167.73 tokens/sec
Throughput (storage I/O): 7.11 tokens/sec
Requests/sec: 0.85

### END-TO-END LATENCY (Queue Wait + Storage I/O + Generation) ###
  Mean: 177947.30 ms
  P50:  177749.50 ms
  P95:  348192.28 ms
  P99:  361692.89 ms

### PER-REQUEST STORAGE LATENCY (All I/O ops for one request) ###
  Mean: 27749.38 ms
  P50:  11106.48 ms
  P95:  105367.23 ms
  P99:  135925.69 ms
  (= 1 prefill write + N decode reads per request)

### STORAGE PERFORMANCE ###
  Cache Hit Rate: 79.3%
  Total Read: 2026.81GiB
  Total Write: 399.91GiB
  Read/Write Ratio: 5.07
  Storage KV Read Operations/sec: 5.23
  Storage KV Write Operations/sec: 0.90

### CACHE TIER DISTRIBUTION ###
  GPU Entries: 0 (0.00GiB)
  CPU Entries: 0 (0.00GiB)
  Storage Entries: 270

### TIER-SPECIFIC KV BYTES ###
  Storage KV Bytes Written: 399.91GiB
  Storage KV Bytes Read: 2026.81GiB

### STORAGE KV BANDWIDTH ###
  Storage KV Read Bandwidth: 6.76GiB/s
  Storage KV Write Bandwidth: 1.33GiB/s

### TIER-SPECIFIC LATENCIES (Total = Host + Device) ###
  Storage Read P95 (Total): 13653.58 ms
  Storage Write P95 (Total): 9276.21 ms

### STORAGE TIER LATENCY BREAKDOWN (Device = Disk I/O, Host = Serialization) ###
  Storage Read:
    - Device P95 (Disk I/O): 11648.58 ms
    - Host P95 (Serialization): 4945.41 ms
    - Total P95: 13653.58 ms
  Storage Write:
    - Device P95 (Disk I/O): 441.41 ms
    - Host P95 (Serialization): 8639.39 ms
    - Total P95: 9276.21 ms

### CACHE TYPE BREAKDOWNS ###
  System Prompt Hits: 353
  Common Phrase Hits: 0
  User Cache Hits: 1174
  Multi-turn Hits: 41

### PREFIX CACHING ###
  Prefix Hits: 56
  Prefix Misses: 214
  System Prompt Reuse: 56
  Bytes Saved: 0.12GiB

### MULTI-TURN CONVERSATIONS ###
  Multi-turn Cache Hits: 41
  Multi-turn Cache Misses: 353
  Multi-turn Hit Rate: 10.4%

### QOS LATENCY METRICS (Informational - includes simulated generation) ###

  INTERACTIVE:
    Requests: 193
    Latency P95: 350403.06 ms
    Latency P99: 362414.22 ms
    SLA Met: [X] (compliance: 0.0%)

  RESPONSIVE:
    Requests: 36
    Latency P95: 146944.74 ms
    Latency P99: 238804.92 ms
    SLA Met: [X] (compliance: 0.0%)

  BATCH:
    Requests: 26
    Latency P95: 126520.14 ms
    Latency P99: 153598.55 ms
    SLA Met: [X] (compliance: 0.0%)

================================================================================
NOTES:
  - Pure storage I/O benchmark (no generation simulation)
================================================================================

Integrated Multi-User KV Cache Benchmark - MLPerf Edition
Model: Llama 3.1 70B Instruct
GPU Memory: 0 GB
Users: 70
Duration: 300s
Seed: 167
Generation Mode: none (0.0ms/token)
Features:
  - Phase-Aware Processing: Enabled
  - Multi-turn Conversations: Enabled
  - Prefix Caching: Enabled
  - RAG Workload: Disabled
  - Autoscaling: Disabled
  - QoS Support: Enabled (Interactive/Responsive/Batch)
  - Trace-Driven (BurstGPT): Disabled
  - ShareGPT Dataset: Disabled
  - Max Concurrent Allocations: 4 (bounds RAM usage)
================================================================================

User Context Length Distribution:
  Min: 600 tokens (187.50MiB)
  Max: 23137 tokens (7230.31MiB)
  Mean: 8438 tokens (2636.95MiB)

QoS Distribution:
  interactive: 8 users
  responsive: 24 users
  batch: 38 users

### MEMORY SAFETY CHECK ###
  Formula: peak = (workers x 2 x mean_entry_bytes) + baseline
         = (70 x 2 x 2500MiB) + 2.5GiB
         = 344.3GiB
  Available RAM: 988.3GiB
  Mean entry size: 2500MiB  (8000 tok x 327,680 B/tok)
  Peak per thread: 5000MiB  (np.load + np.array copy)
  Worker threads: 70
  Safe concurrent readers: ~201  = (available - baseline) / peak_per_thread
  Status: OK

Starting benchmark... Mode: standard (prefill+decode)
--------------------------------------------------------------------------------

================================================================================
BENCHMARK RESULTS - MLPerf KV Cache Storage Benchmark
Generation Mode: none (0.0ms/token)
================================================================================

IMPORTANT: All storage latencies below are measured per KV cache BLOCK,
not per token or per disk page.  Each block holds the full KV state for
one request (all layers, all heads, full sequence length).
  Model KV bytes/token: 327,680 bytes (320.0KiB)
  Entries in cache: 304
  Block size min:   56.2MiB
  Block size mean:  1442.0MiB
  Block size P95:   5256.4MiB
  Block size max:   6405.6MiB
  A 200MiB block at 1GiB/s NVMe read = ~200 ms device latency.
  Compare latencies against block sizes, not against 4KiB page I/O.


### OVERALL PERFORMANCE ###
Requests Completed: 298
Total Tokens Generated: 43845
Throughput (wall-clock): 146.05 tokens/sec
Throughput (storage I/O): 8.32 tokens/sec
Requests/sec: 0.99

### END-TO-END LATENCY (Queue Wait + Storage I/O + Generation) ###
  Mean: 183049.65 ms
  P50:  184268.16 ms
  P95:  350882.58 ms
  P99:  365464.22 ms

### PER-REQUEST STORAGE LATENCY (All I/O ops for one request) ###
  Mean: 17673.80 ms
  P50:  8473.55 ms
  P95:  75222.75 ms
  P99:  105797.44 ms
  (= 1 prefill write + N decode reads per request)

### STORAGE PERFORMANCE ###
  Cache Hit Rate: 83.8%
  Total Read: 1161.16GiB
  Total Write: 428.08GiB
  Read/Write Ratio: 2.71
  Storage KV Read Operations/sec: 4.52
  Storage KV Write Operations/sec: 1.01

### CACHE TIER DISTRIBUTION ###
  GPU Entries: 0 (0.00GiB)
  CPU Entries: 0 (0.00GiB)
  Storage Entries: 304

### TIER-SPECIFIC KV BYTES ###
  Storage KV Bytes Written: 428.08GiB
  Storage KV Bytes Read: 1161.16GiB

### STORAGE KV BANDWIDTH ###
  Storage KV Read Bandwidth: 3.87GiB/s
  Storage KV Write Bandwidth: 1.43GiB/s

### TIER-SPECIFIC LATENCIES (Total = Host + Device) ###
  Storage Read P95 (Total): 13072.18 ms
  Storage Write P95 (Total): 9067.49 ms

### STORAGE TIER LATENCY BREAKDOWN (Device = Disk I/O, Host = Serialization) ###
  Storage Read:
    - Device P95 (Disk I/O): 9500.68 ms
    - Host P95 (Serialization): 3710.40 ms
    - Total P95: 13072.18 ms
  Storage Write:
    - Device P95 (Disk I/O): 320.66 ms
    - Host P95 (Serialization): 8608.34 ms
    - Total P95: 9067.49 ms

### CACHE TYPE BREAKDOWNS ###
  System Prompt Hits: 282
  Common Phrase Hits: 0
  User Cache Hits: 1054
  Multi-turn Hits: 21

### PREFIX CACHING ###
  Prefix Hits: 59
  Prefix Misses: 245
  System Prompt Reuse: 59
  Bytes Saved: 0.12GiB

### MULTI-TURN CONVERSATIONS ###
  Multi-turn Cache Hits: 21
  Multi-turn Cache Misses: 203
  Multi-turn Hit Rate: 9.4%

### QOS LATENCY METRICS (Informational - includes simulated generation) ###

  INTERACTIVE:
    Requests: 243
    Latency P95: 352374.15 ms
    Latency P99: 365543.62 ms
    SLA Met: [X] (compliance: 0.0%)

  RESPONSIVE:
    Requests: 29
    Latency P95: 119681.84 ms
    Latency P99: 174790.85 ms
    SLA Met: [X] (compliance: 0.0%)

  BATCH:
    Requests: 26
    Latency P95: 135643.14 ms
    Latency P99: 168566.73 ms
    SLA Met: [X] (compliance: 0.0%)

================================================================================
NOTES:
  - Pure storage I/O benchmark (no generation simulation)
================================================================================

Integrated Multi-User KV Cache Benchmark - MLPerf Edition
Model: Llama 3.1 70B Instruct
GPU Memory: 0 GB
Users: 70
Duration: 300s
Seed: 80
Generation Mode: none (0.0ms/token)
Features:
  - Phase-Aware Processing: Enabled
  - Multi-turn Conversations: Enabled
  - Prefix Caching: Enabled
  - RAG Workload: Disabled
  - Autoscaling: Disabled
  - QoS Support: Enabled (Interactive/Responsive/Batch)
  - Trace-Driven (BurstGPT): Disabled
  - ShareGPT Dataset: Disabled
  - Max Concurrent Allocations: 4 (bounds RAM usage)
================================================================================

User Context Length Distribution:
  Min: 540 tokens (168.75MiB)
  Max: 24879 tokens (7774.69MiB)
  Mean: 8693 tokens (2716.48MiB)

QoS Distribution:
  interactive: 12 users
  responsive: 23 users
  batch: 35 users

### MEMORY SAFETY CHECK ###
  Formula: peak = (workers x 2 x mean_entry_bytes) + baseline
         = (70 x 2 x 2500MiB) + 2.5GiB
         = 344.3GiB
  Available RAM: 987.5GiB
  Mean entry size: 2500MiB  (8000 tok x 327,680 B/tok)
  Peak per thread: 5000MiB  (np.load + np.array copy)
  Worker threads: 70
  Safe concurrent readers: ~201  = (available - baseline) / peak_per_thread
  Status: OK

Starting benchmark... Mode: standard (prefill+decode)
--------------------------------------------------------------------------------

================================================================================
BENCHMARK RESULTS - MLPerf KV Cache Storage Benchmark
Generation Mode: none (0.0ms/token)
================================================================================

IMPORTANT: All storage latencies below are measured per KV cache BLOCK,
not per token or per disk page.  Each block holds the full KV state for
one request (all layers, all heads, full sequence length).
  Model KV bytes/token: 327,680 bytes (320.0KiB)
  Entries in cache: 251
  Block size min:   77.5MiB
  Block size mean:  1449.8MiB
  Block size P95:   4933.9MiB
  Block size max:   6830.0MiB
  A 200MiB block at 1GiB/s NVMe read = ~200 ms device latency.
  Compare latencies against block sizes, not against 4KiB page I/O.


### OVERALL PERFORMANCE ###
Requests Completed: 243
Total Tokens Generated: 36601
Throughput (wall-clock): 122.00 tokens/sec
Throughput (storage I/O): 5.28 tokens/sec
Requests/sec: 0.81

### END-TO-END LATENCY (Queue Wait + Storage I/O + Generation) ###
  Mean: 199364.17 ms
  P50:  199340.11 ms
  P95:  349761.10 ms
  P99:  378770.01 ms

### PER-REQUEST STORAGE LATENCY (All I/O ops for one request) ###
  Mean: 28553.50 ms
  P50:  12634.54 ms
  P95:  86855.70 ms
  P99:  179112.96 ms
  (= 1 prefill write + N decode reads per request)

### STORAGE PERFORMANCE ###
  Cache Hit Rate: 82.4%
  Total Read: 1498.76GiB
  Total Write: 355.37GiB
  Read/Write Ratio: 4.22
  Storage KV Read Operations/sec: 4.54
  Storage KV Write Operations/sec: 0.84

### CACHE TIER DISTRIBUTION ###
  GPU Entries: 0 (0.00GiB)
  CPU Entries: 0 (0.00GiB)
  Storage Entries: 251

### TIER-SPECIFIC KV BYTES ###
  Storage KV Bytes Written: 355.37GiB
  Storage KV Bytes Read: 1498.76GiB

### STORAGE KV BANDWIDTH ###
  Storage KV Read Bandwidth: 5.00GiB/s
  Storage KV Write Bandwidth: 1.18GiB/s

### TIER-SPECIFIC LATENCIES (Total = Host + Device) ###
  Storage Read P95 (Total): 17591.18 ms
  Storage Write P95 (Total): 12510.08 ms

### STORAGE TIER LATENCY BREAKDOWN (Device = Disk I/O, Host = Serialization) ###
  Storage Read:
    - Device P95 (Disk I/O): 15220.20 ms
    - Host P95 (Serialization): 4333.47 ms
    - Total P95: 17591.18 ms
  Storage Write:
    - Device P95 (Disk I/O): 301.32 ms
    - Host P95 (Serialization): 12185.11 ms
    - Total P95: 12510.08 ms

### CACHE TYPE BREAKDOWNS ###
  System Prompt Hits: 289
  Common Phrase Hits: 0
  User Cache Hits: 1045
  Multi-turn Hits: 27

### PREFIX CACHING ###
  Prefix Hits: 50
  Prefix Misses: 201
  System Prompt Reuse: 50
  Bytes Saved: 0.10GiB

### MULTI-TURN CONVERSATIONS ###
  Multi-turn Cache Hits: 27
  Multi-turn Cache Misses: 241
  Multi-turn Hit Rate: 10.1%

### QOS LATENCY METRICS (Informational - includes simulated generation) ###

  INTERACTIVE:
    Requests: 184
    Latency P95: 351851.94 ms
    Latency P99: 379869.44 ms
    SLA Met: [X] (compliance: 0.0%)

  RESPONSIVE:
    Requests: 21
    Latency P95: 160871.96 ms
    Latency P99: 206113.79 ms
    SLA Met: [X] (compliance: 0.0%)

  BATCH:
    Requests: 38
    Latency P95: 195160.76 ms
    Latency P99: 231056.21 ms
    SLA Met: [X] (compliance: 0.0%)

================================================================================
NOTES:
  - Pure storage I/O benchmark (no generation simulation)
================================================================================

Integrated Multi-User KV Cache Benchmark - MLPerf Edition
Model: Llama 3.1 70B Instruct
GPU Memory: 0 GB
Users: 70
Duration: 300s
Seed: 217
Generation Mode: none (0.0ms/token)
Features:
  - Phase-Aware Processing: Enabled
  - Multi-turn Conversations: Enabled
  - Prefix Caching: Enabled
  - RAG Workload: Disabled
  - Autoscaling: Disabled
  - QoS Support: Enabled (Interactive/Responsive/Batch)
  - Trace-Driven (BurstGPT): Disabled
  - ShareGPT Dataset: Disabled
  - Max Concurrent Allocations: 4 (bounds RAM usage)
================================================================================

User Context Length Distribution:
  Min: 719 tokens (224.69MiB)
  Max: 24077 tokens (7524.06MiB)
  Mean: 9561 tokens (2987.66MiB)

QoS Distribution:
  interactive: 10 users
  responsive: 17 users
  batch: 43 users

### MEMORY SAFETY CHECK ###
  Formula: peak = (workers x 2 x mean_entry_bytes) + baseline
         = (70 x 2 x 2500MiB) + 2.5GiB
         = 344.3GiB
  Available RAM: 990.2GiB
  Mean entry size: 2500MiB  (8000 tok x 327,680 B/tok)
  Peak per thread: 5000MiB  (np.load + np.array copy)
  Worker threads: 70
  Safe concurrent readers: ~202  = (available - baseline) / peak_per_thread
  Status: OK

Starting benchmark... Mode: standard (prefill+decode)
--------------------------------------------------------------------------------

================================================================================
BENCHMARK RESULTS - MLPerf KV Cache Storage Benchmark
Generation Mode: none (0.0ms/token)
================================================================================

IMPORTANT: All storage latencies below are measured per KV cache BLOCK,
not per token or per disk page.  Each block holds the full KV state for
one request (all layers, all heads, full sequence length).
  Model KV bytes/token: 327,680 bytes (320.0KiB)
  Entries in cache: 206
  Block size min:   128.1MiB
  Block size mean:  1992.3MiB
  Block size P95:   5230.5MiB
  Block size max:   7134.4MiB
  A 200MiB block at 1GiB/s NVMe read = ~200 ms device latency.
  Compare latencies against block sizes, not against 4KiB page I/O.


### OVERALL PERFORMANCE ###
Requests Completed: 191
Total Tokens Generated: 31792
Throughput (wall-clock): 103.48 tokens/sec
Throughput (storage I/O): 4.83 tokens/sec
Requests/sec: 0.62

### END-TO-END LATENCY (Queue Wait + Storage I/O + Generation) ###
  Mean: 187299.66 ms
  P50:  174434.63 ms
  P95:  360647.10 ms
  P99:  377974.89 ms

### PER-REQUEST STORAGE LATENCY (All I/O ops for one request) ###
  Mean: 34478.46 ms
  P50:  13414.58 ms
  P95:  135076.16 ms
  P99:  205906.53 ms
  (= 1 prefill write + N decode reads per request)

### STORAGE PERFORMANCE ###
  Cache Hit Rate: 76.0%
  Total Read: 1806.59GiB
  Total Write: 400.80GiB
  Read/Write Ratio: 4.51
  Storage KV Read Operations/sec: 3.62
  Storage KV Write Operations/sec: 0.69

### CACHE TIER DISTRIBUTION ###
  GPU Entries: 0 (0.00GiB)
  CPU Entries: 0 (0.00GiB)
  Storage Entries: 206

### TIER-SPECIFIC KV BYTES ###
  Storage KV Bytes Written: 400.80GiB
  Storage KV Bytes Read: 1806.59GiB

### STORAGE KV BANDWIDTH ###
  Storage KV Read Bandwidth: 5.88GiB/s
  Storage KV Write Bandwidth: 1.30GiB/s

### TIER-SPECIFIC LATENCIES (Total = Host + Device) ###
  Storage Read P95 (Total): 19529.28 ms
  Storage Write P95 (Total): 10474.94 ms

### STORAGE TIER LATENCY BREAKDOWN (Device = Disk I/O, Host = Serialization) ###
  Storage Read:
    - Device P95 (Disk I/O): 14552.21 ms
    - Host P95 (Serialization): 6561.64 ms
    - Total P95: 19529.28 ms
  Storage Write:
    - Device P95 (Disk I/O): 798.52 ms
    - Host P95 (Serialization): 10412.08 ms
    - Total P95: 10474.94 ms

### CACHE TYPE BREAKDOWNS ###
  System Prompt Hits: 164
  Common Phrase Hits: 0
  User Cache Hits: 893
  Multi-turn Hits: 30

### PREFIX CACHING ###
  Prefix Hits: 35
  Prefix Misses: 171
  System Prompt Reuse: 35
  Bytes Saved: 0.07GiB

### MULTI-TURN CONVERSATIONS ###
  Multi-turn Cache Hits: 30
  Multi-turn Cache Misses: 309
  Multi-turn Hit Rate: 8.8%

### QOS LATENCY METRICS (Informational - includes simulated generation) ###

  INTERACTIVE:
    Requests: 134
    Latency P95: 364669.71 ms
    Latency P99: 379017.39 ms
    SLA Met: [X] (compliance: 0.0%)

  RESPONSIVE:
    Requests: 13
    Latency P95: 125649.90 ms
    Latency P99: 135273.80 ms
    SLA Met: [X] (compliance: 0.0%)

  BATCH:
    Requests: 44
    Latency P95: 241498.99 ms
    Latency P99: 308550.09 ms
    SLA Met: [X] (compliance: 0.0%)

================================================================================
NOTES:
  - Pure storage I/O benchmark (no generation simulation)
================================================================================

Integrated Multi-User KV Cache Benchmark - MLPerf Edition
Model: Llama 3.1 70B Instruct
GPU Memory: 0 GB
Users: 70
Duration: 300s
Seed: 191
Generation Mode: none (0.0ms/token)
Features:
  - Phase-Aware Processing: Enabled
  - Multi-turn Conversations: Enabled
  - Prefix Caching: Enabled
  - RAG Workload: Disabled
  - Autoscaling: Disabled
  - QoS Support: Enabled (Interactive/Responsive/Batch)
  - Trace-Driven (BurstGPT): Disabled
  - ShareGPT Dataset: Disabled
  - Max Concurrent Allocations: 4 (bounds RAM usage)
================================================================================

User Context Length Distribution:
  Min: 630 tokens (196.88MiB)
  Max: 23420 tokens (7318.75MiB)
  Mean: 10664 tokens (3332.44MiB)

QoS Distribution:
  interactive: 12 users
  responsive: 27 users
  batch: 31 users

### MEMORY SAFETY CHECK ###
  Formula: peak = (workers x 2 x mean_entry_bytes) + baseline
         = (70 x 2 x 2500MiB) + 2.5GiB
         = 344.3GiB
  Available RAM: 990.6GiB
  Mean entry size: 2500MiB  (8000 tok x 327,680 B/tok)
  Peak per thread: 5000MiB  (np.load + np.array copy)
  Worker threads: 70
  Safe concurrent readers: ~202  = (available - baseline) / peak_per_thread
  Status: OK

Starting benchmark... Mode: standard (prefill+decode)
--------------------------------------------------------------------------------

================================================================================
BENCHMARK RESULTS - MLPerf KV Cache Storage Benchmark
Generation Mode: none (0.0ms/token)
================================================================================

IMPORTANT: All storage latencies below are measured per KV cache BLOCK,
not per token or per disk page.  Each block holds the full KV state for
one request (all layers, all heads, full sequence length).
  Model KV bytes/token: 327,680 bytes (320.0KiB)
  Entries in cache: 245
  Block size min:   55.9MiB
  Block size mean:  1557.0MiB
  Block size P95:   3977.8MiB
  Block size max:   6156.6MiB
  A 200MiB block at 1GiB/s NVMe read = ~200 ms device latency.
  Compare latencies against block sizes, not against 4KiB page I/O.


### OVERALL PERFORMANCE ###
Requests Completed: 237
Total Tokens Generated: 40084
Throughput (wall-clock): 133.61 tokens/sec
Throughput (storage I/O): 4.85 tokens/sec
Requests/sec: 0.79

### END-TO-END LATENCY (Queue Wait + Storage I/O + Generation) ###
  Mean: 197193.45 ms
  P50:  203355.27 ms
  P95:  368773.19 ms
  P99:  380579.99 ms

### PER-REQUEST STORAGE LATENCY (All I/O ops for one request) ###
  Mean: 34858.33 ms
  P50:  22480.55 ms
  P95:  97587.20 ms
  P99:  196108.23 ms
  (= 1 prefill write + N decode reads per request)

### STORAGE PERFORMANCE ###
  Cache Hit Rate: 86.1%
  Total Read: 1847.07GiB
  Total Write: 372.51GiB
  Read/Write Ratio: 4.96
  Storage KV Read Operations/sec: 4.72
  Storage KV Write Operations/sec: 0.82

### CACHE TIER DISTRIBUTION ###
  GPU Entries: 0 (0.00GiB)
  CPU Entries: 0 (0.00GiB)
  Storage Entries: 245

### TIER-SPECIFIC KV BYTES ###
  Storage KV Bytes Written: 372.51GiB
  Storage KV Bytes Read: 1847.07GiB

### STORAGE KV BANDWIDTH ###
  Storage KV Read Bandwidth: 6.16GiB/s
  Storage KV Write Bandwidth: 1.24GiB/s

### TIER-SPECIFIC LATENCIES (Total = Host + Device) ###
  Storage Read P95 (Total): 15660.59 ms
  Storage Write P95 (Total): 9480.25 ms

### STORAGE TIER LATENCY BREAKDOWN (Device = Disk I/O, Host = Serialization) ###
  Storage Read:
    - Device P95 (Disk I/O): 13378.85 ms
    - Host P95 (Serialization): 4795.03 ms
    - Total P95: 15660.59 ms
  Storage Write:
    - Device P95 (Disk I/O): 622.52 ms
    - Host P95 (Serialization): 9051.60 ms
    - Total P95: 9480.25 ms

### CACHE TYPE BREAKDOWNS ###
  System Prompt Hits: 271
  Common Phrase Hits: 0
  User Cache Hits: 1124
  Multi-turn Hits: 20

### PREFIX CACHING ###
  Prefix Hits: 46
  Prefix Misses: 199
  System Prompt Reuse: 46
  Bytes Saved: 0.09GiB

### MULTI-TURN CONVERSATIONS ###
  Multi-turn Cache Hits: 20
  Multi-turn Cache Misses: 182
  Multi-turn Hit Rate: 9.9%

### QOS LATENCY METRICS (Informational - includes simulated generation) ###

  INTERACTIVE:
    Requests: 177
    Latency P95: 371648.26 ms
    Latency P99: 381422.09 ms
    SLA Met: [X] (compliance: 0.0%)

  RESPONSIVE:
    Requests: 32
    Latency P95: 179236.07 ms
    Latency P99: 321259.03 ms
    SLA Met: [X] (compliance: 0.0%)

  BATCH:
    Requests: 28
    Latency P95: 217316.86 ms
    Latency P99: 262165.44 ms
    SLA Met: [X] (compliance: 0.0%)

================================================================================
NOTES:
  - Pure storage I/O benchmark (no generation simulation)
================================================================================

Integrated Multi-User KV Cache Benchmark - MLPerf Edition
Model: Llama 3.1 70B Instruct
GPU Memory: 0 GB
Users: 70
Duration: 300s
Seed: 223
Generation Mode: none (0.0ms/token)
Features:
  - Phase-Aware Processing: Enabled
  - Multi-turn Conversations: Enabled
  - Prefix Caching: Enabled
  - RAG Workload: Disabled
  - Autoscaling: Disabled
  - QoS Support: Enabled (Interactive/Responsive/Batch)
  - Trace-Driven (BurstGPT): Disabled
  - ShareGPT Dataset: Disabled
  - Max Concurrent Allocations: 4 (bounds RAM usage)
================================================================================

User Context Length Distribution:
  Min: 708 tokens (221.25MiB)
  Max: 24889 tokens (7777.81MiB)
  Mean: 9162 tokens (2863.02MiB)

QoS Distribution:
  interactive: 8 users
  responsive: 28 users
  batch: 34 users

### MEMORY SAFETY CHECK ###
  Formula: peak = (workers x 2 x mean_entry_bytes) + baseline
         = (70 x 2 x 2500MiB) + 2.5GiB
         = 344.3GiB
  Available RAM: 989.0GiB
  Mean entry size: 2500MiB  (8000 tok x 327,680 B/tok)
  Peak per thread: 5000MiB  (np.load + np.array copy)
  Worker threads: 70
  Safe concurrent readers: ~202  = (available - baseline) / peak_per_thread
  Status: OK

Starting benchmark... Mode: standard (prefill+decode)
--------------------------------------------------------------------------------

================================================================================
BENCHMARK RESULTS - MLPerf KV Cache Storage Benchmark
Generation Mode: none (0.0ms/token)
================================================================================

IMPORTANT: All storage latencies below are measured per KV cache BLOCK,
not per token or per disk page.  Each block holds the full KV state for
one request (all layers, all heads, full sequence length).
  Model KV bytes/token: 327,680 bytes (320.0KiB)
  Entries in cache: 244
  Block size min:   55.9MiB
  Block size mean:  1465.5MiB
  Block size P95:   4862.3MiB
  Block size max:   7743.1MiB
  A 200MiB block at 1GiB/s NVMe read = ~200 ms device latency.
  Compare latencies against block sizes, not against 4KiB page I/O.


### OVERALL PERFORMANCE ###
Requests Completed: 233
Total Tokens Generated: 35414
Throughput (wall-clock): 116.20 tokens/sec
Throughput (storage I/O): 5.57 tokens/sec
Requests/sec: 0.76

### END-TO-END LATENCY (Queue Wait + Storage I/O + Generation) ###
  Mean: 193300.96 ms
  P50:  213477.86 ms
  P95:  365842.74 ms
  P99:  373903.76 ms

### PER-REQUEST STORAGE LATENCY (All I/O ops for one request) ###
  Mean: 27292.08 ms
  P50:  13562.55 ms
  P95:  99182.27 ms
  P99:  150764.69 ms
  (= 1 prefill write + N decode reads per request)

### STORAGE PERFORMANCE ###
  Cache Hit Rate: 68.7%
  Total Read: 1381.10GiB
  Total Write: 349.21GiB
  Read/Write Ratio: 3.95
  Storage KV Read Operations/sec: 4.19
  Storage KV Write Operations/sec: 0.81

### CACHE TIER DISTRIBUTION ###
  GPU Entries: 0 (0.00GiB)
  CPU Entries: 0 (0.00GiB)
  Storage Entries: 244

### TIER-SPECIFIC KV BYTES ###
  Storage KV Bytes Written: 349.21GiB
  Storage KV Bytes Read: 1381.10GiB

### STORAGE KV BANDWIDTH ###
  Storage KV Read Bandwidth: 4.53GiB/s
  Storage KV Write Bandwidth: 1.15GiB/s

### TIER-SPECIFIC LATENCIES (Total = Host + Device) ###
  Storage Read P95 (Total): 16723.04 ms
  Storage Write P95 (Total): 13296.71 ms

### STORAGE TIER LATENCY BREAKDOWN (Device = Disk I/O, Host = Serialization) ###
  Storage Read:
    - Device P95 (Disk I/O): 14591.22 ms
    - Host P95 (Serialization): 4733.49 ms
    - Total P95: 16723.04 ms
  Storage Write:
    - Device P95 (Disk I/O): 174.70 ms
    - Host P95 (Serialization): 13025.42 ms
    - Total P95: 13296.71 ms

### CACHE TYPE BREAKDOWNS ###
  System Prompt Hits: 199
  Common Phrase Hits: 0
  User Cache Hits: 1024
  Multi-turn Hits: 34

### PREFIX CACHING ###
  Prefix Hits: 47
  Prefix Misses: 197
  System Prompt Reuse: 47
  Bytes Saved: 0.09GiB

### MULTI-TURN CONVERSATIONS ###
  Multi-turn Cache Hits: 34
  Multi-turn Cache Misses: 527
  Multi-turn Hit Rate: 6.1%

### QOS LATENCY METRICS (Informational - includes simulated generation) ###

  INTERACTIVE:
    Requests: 174
    Latency P95: 369452.92 ms
    Latency P99: 374902.07 ms
    SLA Met: [X] (compliance: 0.0%)

  RESPONSIVE:
    Requests: 35
    Latency P95: 172313.43 ms
    Latency P99: 212934.75 ms
    SLA Met: [X] (compliance: 0.0%)

  BATCH:
    Requests: 24
    Latency P95: 182804.48 ms
    Latency P99: 220260.05 ms
    SLA Met: [X] (compliance: 0.0%)

================================================================================
NOTES:
  - Pure storage I/O benchmark (no generation simulation)
================================================================================

Integrated Multi-User KV Cache Benchmark - MLPerf Edition
Model: Llama 3.1 70B Instruct
GPU Memory: 0 GB
Users: 70
Duration: 300s
Seed: 202
Generation Mode: none (0.0ms/token)
Features:
  - Phase-Aware Processing: Enabled
  - Multi-turn Conversations: Enabled
  - Prefix Caching: Enabled
  - RAG Workload: Disabled
  - Autoscaling: Disabled
  - QoS Support: Enabled (Interactive/Responsive/Batch)
  - Trace-Driven (BurstGPT): Disabled
  - ShareGPT Dataset: Disabled
  - Max Concurrent Allocations: 4 (bounds RAM usage)
================================================================================

User Context Length Distribution:
  Min: 573 tokens (179.06MiB)
  Max: 24869 tokens (7771.56MiB)
  Mean: 10310 tokens (3221.75MiB)

QoS Distribution:
  interactive: 7 users
  responsive: 25 users
  batch: 38 users

### MEMORY SAFETY CHECK ###
  Formula: peak = (workers x 2 x mean_entry_bytes) + baseline
         = (70 x 2 x 2500MiB) + 2.5GiB
         = 344.3GiB
  Available RAM: 989.0GiB
  Mean entry size: 2500MiB  (8000 tok x 327,680 B/tok)
  Peak per thread: 5000MiB  (np.load + np.array copy)
  Worker threads: 70
  Safe concurrent readers: ~202  = (available - baseline) / peak_per_thread
  Status: OK

Starting benchmark... Mode: standard (prefill+decode)
--------------------------------------------------------------------------------

================================================================================
BENCHMARK RESULTS - MLPerf KV Cache Storage Benchmark
Generation Mode: none (0.0ms/token)
================================================================================

IMPORTANT: All storage latencies below are measured per KV cache BLOCK,
not per token or per disk page.  Each block holds the full KV state for
one request (all layers, all heads, full sequence length).
  Model KV bytes/token: 327,680 bytes (320.0KiB)
  Entries in cache: 278
  Block size min:   74.1MiB
  Block size mean:  1214.4MiB
  Block size P95:   3213.0MiB
  Block size max:   7546.6MiB
  A 200MiB block at 1GiB/s NVMe read = ~200 ms device latency.
  Compare latencies against block sizes, not against 4KiB page I/O.


### OVERALL PERFORMANCE ###
Requests Completed: 268
Total Tokens Generated: 34412
Throughput (wall-clock): 114.62 tokens/sec
Throughput (storage I/O): 4.38 tokens/sec
Requests/sec: 0.89

### END-TO-END LATENCY (Queue Wait + Storage I/O + Generation) ###
  Mean: 180325.24 ms
  P50:  170879.16 ms
  P95:  352256.45 ms
  P99:  363301.68 ms

### PER-REQUEST STORAGE LATENCY (All I/O ops for one request) ###
  Mean: 29323.80 ms
  P50:  11182.95 ms
  P95:  104931.90 ms
  P99:  161015.73 ms
  (= 1 prefill write + N decode reads per request)

### STORAGE PERFORMANCE ###
  Cache Hit Rate: 85.6%
  Total Read: 1686.52GiB
  Total Write: 329.68GiB
  Read/Write Ratio: 5.12
  Storage KV Read Operations/sec: 4.72
  Storage KV Write Operations/sec: 0.93

### CACHE TIER DISTRIBUTION ###
  GPU Entries: 0 (0.00GiB)
  CPU Entries: 0 (0.00GiB)
  Storage Entries: 278

### TIER-SPECIFIC KV BYTES ###
  Storage KV Bytes Written: 329.68GiB
  Storage KV Bytes Read: 1686.52GiB

### STORAGE KV BANDWIDTH ###
  Storage KV Read Bandwidth: 5.62GiB/s
  Storage KV Write Bandwidth: 1.10GiB/s

### TIER-SPECIFIC LATENCIES (Total = Host + Device) ###
  Storage Read P95 (Total): 17769.70 ms
  Storage Write P95 (Total): 10117.09 ms

### STORAGE TIER LATENCY BREAKDOWN (Device = Disk I/O, Host = Serialization) ###
  Storage Read:
    - Device P95 (Disk I/O): 14868.76 ms
    - Host P95 (Serialization): 5974.38 ms
    - Total P95: 17769.70 ms
  Storage Write:
    - Device P95 (Disk I/O): 399.04 ms
    - Host P95 (Serialization): 10012.41 ms
    - Total P95: 10117.09 ms

### CACHE TYPE BREAKDOWNS ###
  System Prompt Hits: 343
  Common Phrase Hits: 0
  User Cache Hits: 1057
  Multi-turn Hits: 15

### PREFIX CACHING ###
  Prefix Hits: 65
  Prefix Misses: 213
  System Prompt Reuse: 65
  Bytes Saved: 0.14GiB

### MULTI-TURN CONVERSATIONS ###
  Multi-turn Cache Hits: 15
  Multi-turn Cache Misses: 173
  Multi-turn Hit Rate: 8.0%

### QOS LATENCY METRICS (Informational - includes simulated generation) ###

  INTERACTIVE:
    Requests: 204
    Latency P95: 354233.58 ms
    Latency P99: 364522.98 ms
    SLA Met: [X] (compliance: 0.0%)

  RESPONSIVE:
    Requests: 25
    Latency P95: 130327.57 ms
    Latency P99: 218442.86 ms
    SLA Met: [X] (compliance: 0.0%)

  BATCH:
    Requests: 39
    Latency P95: 157081.63 ms
    Latency P99: 273711.89 ms
    SLA Met: [X] (compliance: 0.0%)

================================================================================
NOTES:
  - Pure storage I/O benchmark (no generation simulation)
================================================================================

Integrated Multi-User KV Cache Benchmark - MLPerf Edition
Model: Llama 3.1 70B Instruct
GPU Memory: 0 GB
Users: 70
Duration: 300s
Seed: 222
Generation Mode: none (0.0ms/token)
Features:
  - Phase-Aware Processing: Enabled
  - Multi-turn Conversations: Enabled
  - Prefix Caching: Enabled
  - RAG Workload: Disabled
  - Autoscaling: Disabled
  - QoS Support: Enabled (Interactive/Responsive/Batch)
  - Trace-Driven (BurstGPT): Disabled
  - ShareGPT Dataset: Disabled
  - Max Concurrent Allocations: 4 (bounds RAM usage)
================================================================================

User Context Length Distribution:
  Min: 626 tokens (195.62MiB)
  Max: 23224 tokens (7257.50MiB)
  Mean: 9344 tokens (2920.01MiB)

QoS Distribution:
  interactive: 6 users
  responsive: 27 users
  batch: 37 users

### MEMORY SAFETY CHECK ###
  Formula: peak = (workers x 2 x mean_entry_bytes) + baseline
         = (70 x 2 x 2500MiB) + 2.5GiB
         = 344.3GiB
  Available RAM: 989.7GiB
  Mean entry size: 2500MiB  (8000 tok x 327,680 B/tok)
  Peak per thread: 5000MiB  (np.load + np.array copy)
  Worker threads: 70
  Safe concurrent readers: ~202  = (available - baseline) / peak_per_thread
  Status: OK

Starting benchmark... Mode: standard (prefill+decode)
--------------------------------------------------------------------------------

================================================================================
BENCHMARK RESULTS - MLPerf KV Cache Storage Benchmark
Generation Mode: none (0.0ms/token)
================================================================================

IMPORTANT: All storage latencies below are measured per KV cache BLOCK,
not per token or per disk page.  Each block holds the full KV state for
one request (all layers, all heads, full sequence length).
  Model KV bytes/token: 327,680 bytes (320.0KiB)
  Entries in cache: 301
  Block size min:   73.1MiB
  Block size mean:  1176.0MiB
  Block size P95:   4268.8MiB
  Block size max:   6200.9MiB
  A 200MiB block at 1GiB/s NVMe read = ~200 ms device latency.
  Compare latencies against block sizes, not against 4KiB page I/O.


### OVERALL PERFORMANCE ###
Requests Completed: 294
Total Tokens Generated: 32660
Throughput (wall-clock): 108.87 tokens/sec
Throughput (storage I/O): 6.05 tokens/sec
Requests/sec: 0.98

### END-TO-END LATENCY (Queue Wait + Storage I/O + Generation) ###
  Mean: 191290.53 ms
  P50:  216979.76 ms
  P95:  342186.64 ms
  P99:  355618.85 ms

### PER-REQUEST STORAGE LATENCY (All I/O ops for one request) ###
  Mean: 18349.03 ms
  P50:  5661.48 ms
  P95:  89965.50 ms
  P99:  130342.84 ms
  (= 1 prefill write + N decode reads per request)

### STORAGE PERFORMANCE ###
  Cache Hit Rate: 74.8%
  Total Read: 1276.11GiB
  Total Write: 345.67GiB
  Read/Write Ratio: 3.69
  Storage KV Read Operations/sec: 4.01
  Storage KV Write Operations/sec: 1.00

### CACHE TIER DISTRIBUTION ###
  GPU Entries: 0 (0.00GiB)
  CPU Entries: 0 (0.00GiB)
  Storage Entries: 301

### TIER-SPECIFIC KV BYTES ###
  Storage KV Bytes Written: 345.67GiB
  Storage KV Bytes Read: 1276.11GiB

### STORAGE KV BANDWIDTH ###
  Storage KV Read Bandwidth: 4.25GiB/s
  Storage KV Write Bandwidth: 1.15GiB/s

### TIER-SPECIFIC LATENCIES (Total = Host + Device) ###
  Storage Read P95 (Total): 17603.96 ms
  Storage Write P95 (Total): 10599.18 ms

### STORAGE TIER LATENCY BREAKDOWN (Device = Disk I/O, Host = Serialization) ###
  Storage Read:
    - Device P95 (Disk I/O): 11681.75 ms
    - Host P95 (Serialization): 3342.45 ms
    - Total P95: 17603.96 ms
  Storage Write:
    - Device P95 (Disk I/O): 593.16 ms
    - Host P95 (Serialization): 8186.72 ms
    - Total P95: 10599.18 ms

### CACHE TYPE BREAKDOWNS ###
  System Prompt Hits: 221
  Common Phrase Hits: 0
  User Cache Hits: 950
  Multi-turn Hits: 33

### PREFIX CACHING ###
  Prefix Hits: 58
  Prefix Misses: 243
  System Prompt Reuse: 58
  Bytes Saved: 0.12GiB

### MULTI-TURN CONVERSATIONS ###
  Multi-turn Cache Hits: 33
  Multi-turn Cache Misses: 347
  Multi-turn Hit Rate: 8.7%

### QOS LATENCY METRICS (Informational - includes simulated generation) ###

  INTERACTIVE:
    Requests: 230
    Latency P95: 343471.18 ms
    Latency P99: 367219.38 ms
    SLA Met: [X] (compliance: 0.0%)

  RESPONSIVE:
    Requests: 26
    Latency P95: 158853.71 ms
    Latency P99: 168039.92 ms
    SLA Met: [X] (compliance: 0.0%)

  BATCH:
    Requests: 38
    Latency P95: 178099.69 ms
    Latency P99: 228445.15 ms
    SLA Met: [X] (compliance: 0.0%)

================================================================================
NOTES:
  - Pure storage I/O benchmark (no generation simulation)
================================================================================

Integrated Multi-User KV Cache Benchmark - MLPerf Edition
Model: Llama 3.1 70B Instruct
GPU Memory: 0 GB
Users: 70
Duration: 300s
Seed: 57
Generation Mode: none (0.0ms/token)
Features:
  - Phase-Aware Processing: Enabled
  - Multi-turn Conversations: Enabled
  - Prefix Caching: Enabled
  - RAG Workload: Disabled
  - Autoscaling: Disabled
  - QoS Support: Enabled (Interactive/Responsive/Batch)
  - Trace-Driven (BurstGPT): Disabled
  - ShareGPT Dataset: Disabled
  - Max Concurrent Allocations: 4 (bounds RAM usage)
================================================================================

User Context Length Distribution:
  Min: 564 tokens (176.25MiB)
  Max: 23848 tokens (7452.50MiB)
  Mean: 8355 tokens (2610.85MiB)

QoS Distribution:
  interactive: 10 users
  responsive: 20 users
  batch: 40 users

### MEMORY SAFETY CHECK ###
  Formula: peak = (workers x 2 x mean_entry_bytes) + baseline
         = (70 x 2 x 2500MiB) + 2.5GiB
         = 344.3GiB
  Available RAM: 989.8GiB
  Mean entry size: 2500MiB  (8000 tok x 327,680 B/tok)
  Peak per thread: 5000MiB  (np.load + np.array copy)
  Worker threads: 70
  Safe concurrent readers: ~202  = (available - baseline) / peak_per_thread
  Status: OK

Starting benchmark... Mode: standard (prefill+decode)
--------------------------------------------------------------------------------

================================================================================
BENCHMARK RESULTS - MLPerf KV Cache Storage Benchmark
Generation Mode: none (0.0ms/token)
================================================================================

IMPORTANT: All storage latencies below are measured per KV cache BLOCK,
not per token or per disk page.  Each block holds the full KV state for
one request (all layers, all heads, full sequence length).
  Model KV bytes/token: 327,680 bytes (320.0KiB)
  Entries in cache: 278
  Block size min:   64.4MiB
  Block size mean:  1282.1MiB
  Block size P95:   3354.2MiB
  Block size max:   4958.4MiB
  A 200MiB block at 1GiB/s NVMe read = ~200 ms device latency.
  Compare latencies against block sizes, not against 4KiB page I/O.


### OVERALL PERFORMANCE ###
Requests Completed: 267
Total Tokens Generated: 44186
Throughput (wall-clock): 140.76 tokens/sec
Throughput (storage I/O): 5.19 tokens/sec
Requests/sec: 0.85

### END-TO-END LATENCY (Queue Wait + Storage I/O + Generation) ###
  Mean: 181225.52 ms
  P50:  173002.78 ms
  P95:  360863.41 ms
  P99:  372459.08 ms

### PER-REQUEST STORAGE LATENCY (All I/O ops for one request) ###
  Mean: 31890.39 ms
  P50:  19321.40 ms
  P95:  100894.50 ms
  P99:  140867.54 ms
  (= 1 prefill write + N decode reads per request)

### STORAGE PERFORMANCE ###
  Cache Hit Rate: 91.3%
  Total Read: 2069.34GiB
  Total Write: 348.06GiB
  Read/Write Ratio: 5.95
  Storage KV Read Operations/sec: 5.62
  Storage KV Write Operations/sec: 0.93

### CACHE TIER DISTRIBUTION ###
  GPU Entries: 0 (0.00GiB)
  CPU Entries: 0 (0.00GiB)
  Storage Entries: 278

### TIER-SPECIFIC KV BYTES ###
  Storage KV Bytes Written: 348.06GiB
  Storage KV Bytes Read: 2069.34GiB

### STORAGE KV BANDWIDTH ###
  Storage KV Read Bandwidth: 6.59GiB/s
  Storage KV Write Bandwidth: 1.11GiB/s

### TIER-SPECIFIC LATENCIES (Total = Host + Device) ###
  Storage Read P95 (Total): 15721.92 ms
  Storage Write P95 (Total): 8533.36 ms

### STORAGE TIER LATENCY BREAKDOWN (Device = Disk I/O, Host = Serialization) ###
  Storage Read:
    - Device P95 (Disk I/O): 11830.81 ms
    - Host P95 (Serialization): 4521.53 ms
    - Total P95: 15721.92 ms
  Storage Write:
    - Device P95 (Disk I/O): 392.52 ms
    - Host P95 (Serialization): 7777.03 ms
    - Total P95: 8533.36 ms

### CACHE TYPE BREAKDOWNS ###
  System Prompt Hits: 309
  Common Phrase Hits: 0
  User Cache Hits: 1367
  Multi-turn Hits: 9

### PREFIX CACHING ###
  Prefix Hits: 53
  Prefix Misses: 225
  System Prompt Reuse: 53
  Bytes Saved: 0.11GiB

### MULTI-TURN CONVERSATIONS ###
  Multi-turn Cache Hits: 9
  Multi-turn Cache Misses: 108
  Multi-turn Hit Rate: 7.7%

### QOS LATENCY METRICS (Informational - includes simulated generation) ###

  INTERACTIVE:
    Requests: 213
    Latency P95: 365893.90 ms
    Latency P99: 372519.88 ms
    SLA Met: [X] (compliance: 0.0%)

  RESPONSIVE:
    Requests: 23
    Latency P95: 117932.69 ms
    Latency P99: 130031.39 ms
    SLA Met: [X] (compliance: 0.0%)

  BATCH:
    Requests: 31
    Latency P95: 140010.96 ms
    Latency P99: 211632.88 ms
    SLA Met: [X] (compliance: 0.0%)

================================================================================
NOTES:
  - Pure storage I/O benchmark (no generation simulation)
================================================================================

Integrated Multi-User KV Cache Benchmark - MLPerf Edition
Model: Llama 3.1 70B Instruct
GPU Memory: 0 GB
Users: 70
Duration: 300s
Seed: 87
Generation Mode: none (0.0ms/token)
Features:
  - Phase-Aware Processing: Enabled
  - Multi-turn Conversations: Enabled
  - Prefix Caching: Enabled
  - RAG Workload: Disabled
  - Autoscaling: Disabled
  - QoS Support: Enabled (Interactive/Responsive/Batch)
  - Trace-Driven (BurstGPT): Disabled
  - ShareGPT Dataset: Disabled
  - Max Concurrent Allocations: 4 (bounds RAM usage)
================================================================================

User Context Length Distribution:
  Min: 770 tokens (240.62MiB)
  Max: 24701 tokens (7719.06MiB)
  Mean: 10168 tokens (3177.35MiB)

QoS Distribution:
  interactive: 12 users
  responsive: 24 users
  batch: 34 users

### MEMORY SAFETY CHECK ###
  Formula: peak = (workers x 2 x mean_entry_bytes) + baseline
         = (70 x 2 x 2500MiB) + 2.5GiB
         = 344.3GiB
  Available RAM: 988.4GiB
  Mean entry size: 2500MiB  (8000 tok x 327,680 B/tok)
  Peak per thread: 5000MiB  (np.load + np.array copy)
  Worker threads: 70
  Safe concurrent readers: ~201  = (available - baseline) / peak_per_thread
  Status: OK

Starting benchmark... Mode: standard (prefill+decode)
--------------------------------------------------------------------------------

================================================================================
BENCHMARK RESULTS - MLPerf KV Cache Storage Benchmark
Generation Mode: none (0.0ms/token)
================================================================================

IMPORTANT: All storage latencies below are measured per KV cache BLOCK,
not per token or per disk page.  Each block holds the full KV state for
one request (all layers, all heads, full sequence length).
  Model KV bytes/token: 327,680 bytes (320.0KiB)
  Entries in cache: 238
  Block size min:   75.6MiB
  Block size mean:  1604.8MiB
  Block size P95:   5030.0MiB
  Block size max:   7260.0MiB
  A 200MiB block at 1GiB/s NVMe read = ~200 ms device latency.
  Compare latencies against block sizes, not against 4KiB page I/O.


### OVERALL PERFORMANCE ###
Requests Completed: 225
Total Tokens Generated: 36411
Throughput (wall-clock): 119.25 tokens/sec
Throughput (storage I/O): 5.34 tokens/sec
Requests/sec: 0.74

### END-TO-END LATENCY (Queue Wait + Storage I/O + Generation) ###
  Mean: 174569.48 ms
  P50:  160933.99 ms
  P95:  373035.22 ms
  P99:  379208.09 ms

### PER-REQUEST STORAGE LATENCY (All I/O ops for one request) ###
  Mean: 30279.10 ms
  P50:  11602.15 ms
  P95:  105736.05 ms
  P99:  172514.69 ms
  (= 1 prefill write + N decode reads per request)

### STORAGE PERFORMANCE ###
  Cache Hit Rate: 83.2%
  Total Read: 1399.15GiB
  Total Write: 372.98GiB
  Read/Write Ratio: 3.75
  Storage KV Read Operations/sec: 4.18
  Storage KV Write Operations/sec: 0.79

### CACHE TIER DISTRIBUTION ###
  GPU Entries: 0 (0.00GiB)
  CPU Entries: 0 (0.00GiB)
  Storage Entries: 238

### TIER-SPECIFIC KV BYTES ###
  Storage KV Bytes Written: 372.98GiB
  Storage KV Bytes Read: 1399.15GiB

### STORAGE KV BANDWIDTH ###
  Storage KV Read Bandwidth: 4.58GiB/s
  Storage KV Write Bandwidth: 1.22GiB/s

### TIER-SPECIFIC LATENCIES (Total = Host + Device) ###
  Storage Read P95 (Total): 20708.58 ms
  Storage Write P95 (Total): 9648.51 ms

### STORAGE TIER LATENCY BREAKDOWN (Device = Disk I/O, Host = Serialization) ###
  Storage Read:
    - Device P95 (Disk I/O): 17433.08 ms
    - Host P95 (Serialization): 4309.41 ms
    - Total P95: 20708.58 ms
  Storage Write:
    - Device P95 (Disk I/O): 265.38 ms
    - Host P95 (Serialization): 8329.13 ms
    - Total P95: 9648.51 ms

### CACHE TYPE BREAKDOWNS ###
  System Prompt Hits: 285
  Common Phrase Hits: 0
  User Cache Hits: 948
  Multi-turn Hits: 21

### PREFIX CACHING ###
  Prefix Hits: 54
  Prefix Misses: 184
  System Prompt Reuse: 54
  Bytes Saved: 0.11GiB

### MULTI-TURN CONVERSATIONS ###
  Multi-turn Cache Hits: 21
  Multi-turn Cache Misses: 200
  Multi-turn Hit Rate: 9.5%

### QOS LATENCY METRICS (Informational - includes simulated generation) ###

  INTERACTIVE:
    Requests: 166
    Latency P95: 374573.13 ms
    Latency P99: 379500.17 ms
    SLA Met: [X] (compliance: 0.0%)

  RESPONSIVE:
    Requests: 32
    Latency P95: 204001.09 ms
    Latency P99: 312873.45 ms
    SLA Met: [X] (compliance: 0.0%)

  BATCH:
    Requests: 27
    Latency P95: 192690.01 ms
    Latency P99: 222182.13 ms
    SLA Met: [X] (compliance: 0.0%)

================================================================================
NOTES:
  - Pure storage I/O benchmark (no generation simulation)
================================================================================

Integrated Multi-User KV Cache Benchmark - MLPerf Edition
Model: Llama 3.1 70B Instruct
GPU Memory: 0 GB
Users: 70
Duration: 300s
Seed: 120
Generation Mode: none (0.0ms/token)
Features:
  - Phase-Aware Processing: Enabled
  - Multi-turn Conversations: Enabled
  - Prefix Caching: Enabled
  - RAG Workload: Disabled
  - Autoscaling: Disabled
  - QoS Support: Enabled (Interactive/Responsive/Batch)
  - Trace-Driven (BurstGPT): Disabled
  - ShareGPT Dataset: Disabled
  - Max Concurrent Allocations: 4 (bounds RAM usage)
================================================================================

User Context Length Distribution:
  Min: 589 tokens (184.06MiB)
  Max: 23172 tokens (7241.25MiB)
  Mean: 8955 tokens (2798.47MiB)

QoS Distribution:
  interactive: 8 users
  responsive: 35 users
  batch: 27 users

### MEMORY SAFETY CHECK ###
  Formula: peak = (workers x 2 x mean_entry_bytes) + baseline
         = (70 x 2 x 2500MiB) + 2.5GiB
         = 344.3GiB
  Available RAM: 990.7GiB
  Mean entry size: 2500MiB  (8000 tok x 327,680 B/tok)
  Peak per thread: 5000MiB  (np.load + np.array copy)
  Worker threads: 70
  Safe concurrent readers: ~202  = (available - baseline) / peak_per_thread
  Status: OK

Starting benchmark... Mode: standard (prefill+decode)
--------------------------------------------------------------------------------

================================================================================
BENCHMARK RESULTS - MLPerf KV Cache Storage Benchmark
Generation Mode: none (0.0ms/token)
================================================================================

IMPORTANT: All storage latencies below are measured per KV cache BLOCK,
not per token or per disk page.  Each block holds the full KV state for
one request (all layers, all heads, full sequence length).
  Model KV bytes/token: 327,680 bytes (320.0KiB)
  Entries in cache: 291
  Block size min:   109.1MiB
  Block size mean:  1489.0MiB
  Block size P95:   4248.1MiB
  Block size max:   5099.1MiB
  A 200MiB block at 1GiB/s NVMe read = ~200 ms device latency.
  Compare latencies against block sizes, not against 4KiB page I/O.


### OVERALL PERFORMANCE ###
Requests Completed: 283
Total Tokens Generated: 45065
Throughput (wall-clock): 146.22 tokens/sec
Throughput (storage I/O): 5.69 tokens/sec
Requests/sec: 0.92

### END-TO-END LATENCY (Queue Wait + Storage I/O + Generation) ###
  Mean: 179640.95 ms
  P50:  169072.18 ms
  P95:  363011.36 ms
  P99:  375671.75 ms

### PER-REQUEST STORAGE LATENCY (All I/O ops for one request) ###
  Mean: 27995.54 ms
  P50:  11332.97 ms
  P95:  107185.99 ms
  P99:  151212.02 ms
  (= 1 prefill write + N decode reads per request)

### STORAGE PERFORMANCE ###
  Cache Hit Rate: 77.5%
  Total Read: 2219.64GiB
  Total Write: 423.15GiB
  Read/Write Ratio: 5.25
  Storage KV Read Operations/sec: 5.26
  Storage KV Write Operations/sec: 0.97

### CACHE TIER DISTRIBUTION ###
  GPU Entries: 0 (0.00GiB)
  CPU Entries: 0 (0.00GiB)
  Storage Entries: 291

### TIER-SPECIFIC KV BYTES ###
  Storage KV Bytes Written: 423.15GiB
  Storage KV Bytes Read: 2219.64GiB

### STORAGE KV BANDWIDTH ###
  Storage KV Read Bandwidth: 7.20GiB/s
  Storage KV Write Bandwidth: 1.37GiB/s

### TIER-SPECIFIC LATENCIES (Total = Host + Device) ###
  Storage Read P95 (Total): 13527.06 ms
  Storage Write P95 (Total): 7941.84 ms

### STORAGE TIER LATENCY BREAKDOWN (Device = Disk I/O, Host = Serialization) ###
  Storage Read:
    - Device P95 (Disk I/O): 9386.75 ms
    - Host P95 (Serialization): 3636.52 ms
    - Total P95: 13527.06 ms
  Storage Write:
    - Device P95 (Disk I/O): 274.42 ms
    - Host P95 (Serialization): 7309.27 ms
    - Total P95: 7941.84 ms

### CACHE TYPE BREAKDOWNS ###
  System Prompt Hits: 301
  Common Phrase Hits: 0
  User Cache Hits: 1241
  Multi-turn Hits: 37

### PREFIX CACHING ###
  Prefix Hits: 59
  Prefix Misses: 232
  System Prompt Reuse: 59
  Bytes Saved: 0.12GiB

### MULTI-TURN CONVERSATIONS ###
  Multi-turn Cache Hits: 37
  Multi-turn Cache Misses: 399
  Multi-turn Hit Rate: 8.5%

### QOS LATENCY METRICS (Informational - includes simulated generation) ###

  INTERACTIVE:
    Requests: 221
    Latency P95: 369755.23 ms
    Latency P99: 375863.83 ms
    SLA Met: [X] (compliance: 0.0%)

  RESPONSIVE:
    Requests: 36
    Latency P95: 140574.99 ms
    Latency P99: 219019.87 ms
    SLA Met: [X] (compliance: 0.0%)

  BATCH:
    Requests: 26
    Latency P95: 126132.52 ms
    Latency P99: 148235.27 ms
    SLA Met: [X] (compliance: 0.0%)

================================================================================
NOTES:
  - Pure storage I/O benchmark (no generation simulation)
================================================================================

Integrated Multi-User KV Cache Benchmark - MLPerf Edition
Model: Llama 3.1 70B Instruct
GPU Memory: 0 GB
Users: 70
Duration: 300s
Seed: 173
Generation Mode: none (0.0ms/token)
Features:
  - Phase-Aware Processing: Enabled
  - Multi-turn Conversations: Enabled
  - Prefix Caching: Enabled
  - RAG Workload: Disabled
  - Autoscaling: Disabled
  - QoS Support: Enabled (Interactive/Responsive/Batch)
  - Trace-Driven (BurstGPT): Disabled
  - ShareGPT Dataset: Disabled
  - Max Concurrent Allocations: 4 (bounds RAM usage)
================================================================================

User Context Length Distribution:
  Min: 535 tokens (167.19MiB)
  Max: 23369 tokens (7302.81MiB)
  Mean: 8481 tokens (2650.33MiB)

QoS Distribution:
  interactive: 10 users
  responsive: 28 users
  batch: 32 users

### MEMORY SAFETY CHECK ###
  Formula: peak = (workers x 2 x mean_entry_bytes) + baseline
         = (70 x 2 x 2500MiB) + 2.5GiB
         = 344.3GiB
  Available RAM: 989.4GiB
  Mean entry size: 2500MiB  (8000 tok x 327,680 B/tok)
  Peak per thread: 5000MiB  (np.load + np.array copy)
  Worker threads: 70
  Safe concurrent readers: ~202  = (available - baseline) / peak_per_thread
  Status: OK

Starting benchmark... Mode: standard (prefill+decode)
--------------------------------------------------------------------------------

================================================================================
BENCHMARK RESULTS - MLPerf KV Cache Storage Benchmark
Generation Mode: none (0.0ms/token)
================================================================================

IMPORTANT: All storage latencies below are measured per KV cache BLOCK,
not per token or per disk page.  Each block holds the full KV state for
one request (all layers, all heads, full sequence length).
  Model KV bytes/token: 327,680 bytes (320.0KiB)
  Entries in cache: 260
  Block size min:   59.4MiB
  Block size mean:  1605.1MiB
  Block size P95:   4247.2MiB
  Block size max:   6628.4MiB
  A 200MiB block at 1GiB/s NVMe read = ~200 ms device latency.
  Compare latencies against block sizes, not against 4KiB page I/O.


### OVERALL PERFORMANCE ###
Requests Completed: 253
Total Tokens Generated: 44825
Throughput (wall-clock): 147.36 tokens/sec
Throughput (storage I/O): 6.51 tokens/sec
Requests/sec: 0.83

### END-TO-END LATENCY (Queue Wait + Storage I/O + Generation) ###
  Mean: 179624.83 ms
  P50:  165947.85 ms
  P95:  363623.13 ms
  P99:  382992.42 ms

### PER-REQUEST STORAGE LATENCY (All I/O ops for one request) ###
  Mean: 27210.07 ms
  P50:  11146.59 ms
  P95:  108637.91 ms
  P99:  148480.66 ms
  (= 1 prefill write + N decode reads per request)

### STORAGE PERFORMANCE ###
  Cache Hit Rate: 83.1%
  Total Read: 1580.84GiB
  Total Write: 407.55GiB
  Read/Write Ratio: 3.88
  Storage KV Read Operations/sec: 4.50
  Storage KV Write Operations/sec: 0.87

### CACHE TIER DISTRIBUTION ###
  GPU Entries: 0 (0.00GiB)
  CPU Entries: 0 (0.00GiB)
  Storage Entries: 260

### TIER-SPECIFIC KV BYTES ###
  Storage KV Bytes Written: 407.55GiB
  Storage KV Bytes Read: 1580.84GiB

### STORAGE KV BANDWIDTH ###
  Storage KV Read Bandwidth: 5.20GiB/s
  Storage KV Write Bandwidth: 1.34GiB/s

### TIER-SPECIFIC LATENCIES (Total = Host + Device) ###
  Storage Read P95 (Total): 15983.13 ms
  Storage Write P95 (Total): 11328.25 ms

### STORAGE TIER LATENCY BREAKDOWN (Device = Disk I/O, Host = Serialization) ###
  Storage Read:
    - Device P95 (Disk I/O): 13574.34 ms
    - Host P95 (Serialization): 3864.24 ms
    - Total P95: 15983.13 ms
  Storage Write:
    - Device P95 (Disk I/O): 603.65 ms
    - Host P95 (Serialization): 11241.78 ms
    - Total P95: 11328.25 ms

### CACHE TYPE BREAKDOWNS ###
  System Prompt Hits: 244
  Common Phrase Hits: 0
  User Cache Hits: 1079
  Multi-turn Hits: 28

### PREFIX CACHING ###
  Prefix Hits: 47
  Prefix Misses: 213
  System Prompt Reuse: 47
  Bytes Saved: 0.10GiB

### MULTI-TURN CONVERSATIONS ###
  Multi-turn Cache Hits: 28
  Multi-turn Cache Misses: 228
  Multi-turn Hit Rate: 10.9%

### QOS LATENCY METRICS (Informational - includes simulated generation) ###

  INTERACTIVE:
    Requests: 193
    Latency P95: 369291.57 ms
    Latency P99: 383237.29 ms
    SLA Met: [X] (compliance: 0.0%)

  RESPONSIVE:
    Requests: 24
    Latency P95: 169768.86 ms
    Latency P99: 307183.82 ms
    SLA Met: [X] (compliance: 0.0%)

  BATCH:
    Requests: 36
    Latency P95: 124232.16 ms
    Latency P99: 218973.27 ms
    SLA Met: [X] (compliance: 0.0%)

================================================================================
NOTES:
  - Pure storage I/O benchmark (no generation simulation)
================================================================================

Integrated Multi-User KV Cache Benchmark - MLPerf Edition
Model: Llama 3.1 70B Instruct
GPU Memory: 0 GB
Users: 70
Duration: 300s
Seed: 218
Generation Mode: none (0.0ms/token)
Features:
  - Phase-Aware Processing: Enabled
  - Multi-turn Conversations: Enabled
  - Prefix Caching: Enabled
  - RAG Workload: Disabled
  - Autoscaling: Disabled
  - QoS Support: Enabled (Interactive/Responsive/Batch)
  - Trace-Driven (BurstGPT): Disabled
  - ShareGPT Dataset: Disabled
  - Max Concurrent Allocations: 4 (bounds RAM usage)
================================================================================

User Context Length Distribution:
  Min: 523 tokens (163.44MiB)
  Max: 23776 tokens (7430.00MiB)
  Mean: 8914 tokens (2785.76MiB)

QoS Distribution:
  interactive: 11 users
  responsive: 28 users
  batch: 31 users

### MEMORY SAFETY CHECK ###
  Formula: peak = (workers x 2 x mean_entry_bytes) + baseline
         = (70 x 2 x 2500MiB) + 2.5GiB
         = 344.3GiB
  Available RAM: 989.6GiB
  Mean entry size: 2500MiB  (8000 tok x 327,680 B/tok)
  Peak per thread: 5000MiB  (np.load + np.array copy)
  Worker threads: 70
  Safe concurrent readers: ~202  = (available - baseline) / peak_per_thread
  Status: OK

Starting benchmark... Mode: standard (prefill+decode)
--------------------------------------------------------------------------------

================================================================================
BENCHMARK RESULTS - MLPerf KV Cache Storage Benchmark
Generation Mode: none (0.0ms/token)
================================================================================

IMPORTANT: All storage latencies below are measured per KV cache BLOCK,
not per token or per disk page.  Each block holds the full KV state for
one request (all layers, all heads, full sequence length).
  Model KV bytes/token: 327,680 bytes (320.0KiB)
  Entries in cache: 262
  Block size min:   51.6MiB
  Block size mean:  1558.0MiB
  Block size P95:   4274.4MiB
  Block size max:   4943.8MiB
  A 200MiB block at 1GiB/s NVMe read = ~200 ms device latency.
  Compare latencies against block sizes, not against 4KiB page I/O.


### OVERALL PERFORMANCE ###
Requests Completed: 255
Total Tokens Generated: 42389
Throughput (wall-clock): 141.30 tokens/sec
Throughput (storage I/O): 5.41 tokens/sec
Requests/sec: 0.85

### END-TO-END LATENCY (Queue Wait + Storage I/O + Generation) ###
  Mean: 189838.84 ms
  P50:  185622.17 ms
  P95:  370194.85 ms
  P99:  381142.88 ms

### PER-REQUEST STORAGE LATENCY (All I/O ops for one request) ###
  Mean: 30729.57 ms
  P50:  12083.74 ms
  P95:  119714.12 ms
  P99:  182067.38 ms
  (= 1 prefill write + N decode reads per request)

### STORAGE PERFORMANCE ###
  Cache Hit Rate: 76.2%
  Total Read: 1763.93GiB
  Total Write: 398.63GiB
  Read/Write Ratio: 4.42
  Storage KV Read Operations/sec: 4.68
  Storage KV Write Operations/sec: 0.87

### CACHE TIER DISTRIBUTION ###
  GPU Entries: 0 (0.00GiB)
  CPU Entries: 0 (0.00GiB)
  Storage Entries: 262

### TIER-SPECIFIC KV BYTES ###
  Storage KV Bytes Written: 398.63GiB
  Storage KV Bytes Read: 1763.93GiB

### STORAGE KV BANDWIDTH ###
  Storage KV Read Bandwidth: 5.88GiB/s
  Storage KV Write Bandwidth: 1.33GiB/s

### TIER-SPECIFIC LATENCIES (Total = Host + Device) ###
  Storage Read P95 (Total): 14537.72 ms
  Storage Write P95 (Total): 7985.23 ms

### STORAGE TIER LATENCY BREAKDOWN (Device = Disk I/O, Host = Serialization) ###
  Storage Read:
    - Device P95 (Disk I/O): 11656.61 ms
    - Host P95 (Serialization): 4666.45 ms
    - Total P95: 14537.72 ms
  Storage Write:
    - Device P95 (Disk I/O): 304.92 ms
    - Host P95 (Serialization): 7633.51 ms
    - Total P95: 7985.23 ms

### CACHE TYPE BREAKDOWNS ###
  System Prompt Hits: 302
  Common Phrase Hits: 0
  User Cache Hits: 1067
  Multi-turn Hits: 34

### PREFIX CACHING ###
  Prefix Hits: 53
  Prefix Misses: 209
  System Prompt Reuse: 53
  Bytes Saved: 0.10GiB

### MULTI-TURN CONVERSATIONS ###
  Multi-turn Cache Hits: 34
  Multi-turn Cache Misses: 386
  Multi-turn Hit Rate: 8.1%

### QOS LATENCY METRICS (Informational - includes simulated generation) ###

  INTERACTIVE:
    Requests: 198
    Latency P95: 371099.92 ms
    Latency P99: 382546.39 ms
    SLA Met: [X] (compliance: 0.0%)

  RESPONSIVE:
    Requests: 23
    Latency P95: 146317.29 ms
    Latency P99: 249172.53 ms
    SLA Met: [X] (compliance: 0.0%)

  BATCH:
    Requests: 34
    Latency P95: 164022.13 ms
    Latency P99: 213512.81 ms
    SLA Met: [X] (compliance: 0.0%)

================================================================================
NOTES:
  - Pure storage I/O benchmark (no generation simulation)
================================================================================

Integrated Multi-User KV Cache Benchmark - MLPerf Edition
Model: Llama 3.1 70B Instruct
GPU Memory: 0 GB
Users: 70
Duration: 300s
Seed: 76
Generation Mode: none (0.0ms/token)
Features:
  - Phase-Aware Processing: Enabled
  - Multi-turn Conversations: Enabled
  - Prefix Caching: Enabled
  - RAG Workload: Disabled
  - Autoscaling: Disabled
  - QoS Support: Enabled (Interactive/Responsive/Batch)
  - Trace-Driven (BurstGPT): Disabled
  - ShareGPT Dataset: Disabled
  - Max Concurrent Allocations: 4 (bounds RAM usage)
================================================================================

User Context Length Distribution:
  Min: 515 tokens (160.94MiB)
  Max: 24396 tokens (7623.75MiB)
  Mean: 9044 tokens (2826.27MiB)

QoS Distribution:
  interactive: 12 users
  responsive: 16 users
  batch: 42 users

### MEMORY SAFETY CHECK ###
  Formula: peak = (workers x 2 x mean_entry_bytes) + baseline
         = (70 x 2 x 2500MiB) + 2.5GiB
         = 344.3GiB
  Available RAM: 990.8GiB
  Mean entry size: 2500MiB  (8000 tok x 327,680 B/tok)
  Peak per thread: 5000MiB  (np.load + np.array copy)
  Worker threads: 70
  Safe concurrent readers: ~202  = (available - baseline) / peak_per_thread
  Status: OK

Starting benchmark... Mode: standard (prefill+decode)
--------------------------------------------------------------------------------

================================================================================
BENCHMARK RESULTS - MLPerf KV Cache Storage Benchmark
Generation Mode: none (0.0ms/token)
================================================================================

IMPORTANT: All storage latencies below are measured per KV cache BLOCK,
not per token or per disk page.  Each block holds the full KV state for
one request (all layers, all heads, full sequence length).
  Model KV bytes/token: 327,680 bytes (320.0KiB)
  Entries in cache: 296
  Block size min:   42.5MiB
  Block size mean:  1356.0MiB
  Block size P95:   3582.3MiB
  Block size max:   5684.4MiB
  A 200MiB block at 1GiB/s NVMe read = ~200 ms device latency.
  Compare latencies against block sizes, not against 4KiB page I/O.


### OVERALL PERFORMANCE ###
Requests Completed: 288
Total Tokens Generated: 45049
Throughput (wall-clock): 149.98 tokens/sec
Throughput (storage I/O): 5.56 tokens/sec
Requests/sec: 0.96

### END-TO-END LATENCY (Queue Wait + Storage I/O + Generation) ###
  Mean: 187301.10 ms
  P50:  175522.57 ms
  P95:  364702.62 ms
  P99:  373557.05 ms

### PER-REQUEST STORAGE LATENCY (All I/O ops for one request) ###
  Mean: 28141.78 ms
  P50:  12094.12 ms
  P95:  104251.64 ms
  P99:  146357.90 ms
  (= 1 prefill write + N decode reads per request)

### STORAGE PERFORMANCE ###
  Cache Hit Rate: 84.0%
  Total Read: 2058.49GiB
  Total Write: 391.96GiB
  Read/Write Ratio: 5.25
  Storage KV Read Operations/sec: 5.51
  Storage KV Write Operations/sec: 0.99

### CACHE TIER DISTRIBUTION ###
  GPU Entries: 0 (0.00GiB)
  CPU Entries: 0 (0.00GiB)
  Storage Entries: 296

### TIER-SPECIFIC KV BYTES ###
  Storage KV Bytes Written: 391.96GiB
  Storage KV Bytes Read: 2058.49GiB

### STORAGE KV BANDWIDTH ###
  Storage KV Read Bandwidth: 6.85GiB/s
  Storage KV Write Bandwidth: 1.30GiB/s

### TIER-SPECIFIC LATENCIES (Total = Host + Device) ###
  Storage Read P95 (Total): 13559.35 ms
  Storage Write P95 (Total): 10563.09 ms

### STORAGE TIER LATENCY BREAKDOWN (Device = Disk I/O, Host = Serialization) ###
  Storage Read:
    - Device P95 (Disk I/O): 11591.29 ms
    - Host P95 (Serialization): 3679.12 ms
    - Total P95: 13559.35 ms
  Storage Write:
    - Device P95 (Disk I/O): 262.69 ms
    - Host P95 (Serialization): 10472.46 ms
    - Total P95: 10563.09 ms

### CACHE TYPE BREAKDOWNS ###
  System Prompt Hits: 334
  Common Phrase Hits: 0
  User Cache Hits: 1292
  Multi-turn Hits: 28

### PREFIX CACHING ###
  Prefix Hits: 63
  Prefix Misses: 233
  System Prompt Reuse: 63
  Bytes Saved: 0.13GiB

### MULTI-TURN CONVERSATIONS ###
  Multi-turn Cache Hits: 28
  Multi-turn Cache Misses: 251
  Multi-turn Hit Rate: 10.0%

### QOS LATENCY METRICS (Informational - includes simulated generation) ###

  INTERACTIVE:
    Requests: 227
    Latency P95: 367198.62 ms
    Latency P99: 374556.99 ms
    SLA Met: [X] (compliance: 0.0%)

  RESPONSIVE:
    Requests: 12
    Latency P95: 180479.13 ms
    Latency P99: 206922.81 ms
    SLA Met: [X] (compliance: 0.0%)

  BATCH:
    Requests: 49
    Latency P95: 157136.72 ms
    Latency P99: 214045.18 ms
    SLA Met: [X] (compliance: 0.0%)

================================================================================
NOTES:
  - Pure storage I/O benchmark (no generation simulation)
================================================================================

Integrated Multi-User KV Cache Benchmark - MLPerf Edition
Model: Llama 3.1 70B Instruct
GPU Memory: 0 GB
Users: 70
Duration: 300s
Seed: 126
Generation Mode: none (0.0ms/token)
Features:
  - Phase-Aware Processing: Enabled
  - Multi-turn Conversations: Enabled
  - Prefix Caching: Enabled
  - RAG Workload: Disabled
  - Autoscaling: Disabled
  - QoS Support: Enabled (Interactive/Responsive/Batch)
  - Trace-Driven (BurstGPT): Disabled
  - ShareGPT Dataset: Disabled
  - Max Concurrent Allocations: 4 (bounds RAM usage)
================================================================================

User Context Length Distribution:
  Min: 533 tokens (166.56MiB)
  Max: 23696 tokens (7405.00MiB)
  Mean: 9476 tokens (2961.18MiB)

QoS Distribution:
  interactive: 16 users
  responsive: 24 users
  batch: 30 users

### MEMORY SAFETY CHECK ###
  Formula: peak = (workers x 2 x mean_entry_bytes) + baseline
         = (70 x 2 x 2500MiB) + 2.5GiB
         = 344.3GiB
  Available RAM: 990.6GiB
  Mean entry size: 2500MiB  (8000 tok x 327,680 B/tok)
  Peak per thread: 5000MiB  (np.load + np.array copy)
  Worker threads: 70
  Safe concurrent readers: ~202  = (available - baseline) / peak_per_thread
  Status: OK

Starting benchmark... Mode: standard (prefill+decode)
--------------------------------------------------------------------------------

================================================================================
BENCHMARK RESULTS - MLPerf KV Cache Storage Benchmark
Generation Mode: none (0.0ms/token)
================================================================================

IMPORTANT: All storage latencies below are measured per KV cache BLOCK,
not per token or per disk page.  Each block holds the full KV state for
one request (all layers, all heads, full sequence length).
  Model KV bytes/token: 327,680 bytes (320.0KiB)
  Entries in cache: 215
  Block size min:   66.2MiB
  Block size mean:  1674.1MiB
  Block size P95:   4470.9MiB
  Block size max:   5426.2MiB
  A 200MiB block at 1GiB/s NVMe read = ~200 ms device latency.
  Compare latencies against block sizes, not against 4KiB page I/O.


### OVERALL PERFORMANCE ###
Requests Completed: 207
Total Tokens Generated: 39524
Throughput (wall-clock): 127.24 tokens/sec
Throughput (storage I/O): 5.41 tokens/sec
Requests/sec: 0.67

### END-TO-END LATENCY (Queue Wait + Storage I/O + Generation) ###
  Mean: 191661.99 ms
  P50:  166094.81 ms
  P95:  378986.71 ms
  P99:  387376.75 ms

### PER-REQUEST STORAGE LATENCY (All I/O ops for one request) ###
  Mean: 35305.65 ms
  P50:  17731.98 ms
  P95:  108775.17 ms
  P99:  175964.31 ms
  (= 1 prefill write + N decode reads per request)

### STORAGE PERFORMANCE ###
  Cache Hit Rate: 79.6%
  Total Read: 1658.76GiB
  Total Write: 351.49GiB
  Read/Write Ratio: 4.72
  Storage KV Read Operations/sec: 4.28
  Storage KV Write Operations/sec: 0.72

### CACHE TIER DISTRIBUTION ###
  GPU Entries: 0 (0.00GiB)
  CPU Entries: 0 (0.00GiB)
  Storage Entries: 215

### TIER-SPECIFIC KV BYTES ###
  Storage KV Bytes Written: 351.49GiB
  Storage KV Bytes Read: 1658.76GiB

### STORAGE KV BANDWIDTH ###
  Storage KV Read Bandwidth: 5.34GiB/s
  Storage KV Write Bandwidth: 1.13GiB/s

### TIER-SPECIFIC LATENCIES (Total = Host + Device) ###
  Storage Read P95 (Total): 16844.49 ms
  Storage Write P95 (Total): 11705.73 ms

### STORAGE TIER LATENCY BREAKDOWN (Device = Disk I/O, Host = Serialization) ###
  Storage Read:
    - Device P95 (Disk I/O): 13834.57 ms
    - Host P95 (Serialization): 6041.51 ms
    - Total P95: 16844.49 ms
  Storage Write:
    - Device P95 (Disk I/O): 555.41 ms
    - Host P95 (Serialization): 11705.72 ms
    - Total P95: 11705.73 ms

### CACHE TYPE BREAKDOWNS ###
  System Prompt Hits: 277
  Common Phrase Hits: 0
  User Cache Hits: 984
  Multi-turn Hits: 23

### PREFIX CACHING ###
  Prefix Hits: 47
  Prefix Misses: 168
  System Prompt Reuse: 47
  Bytes Saved: 0.10GiB

### MULTI-TURN CONVERSATIONS ###
  Multi-turn Cache Hits: 23
  Multi-turn Cache Misses: 283
  Multi-turn Hit Rate: 7.5%

### QOS LATENCY METRICS (Informational - includes simulated generation) ###

  INTERACTIVE:
    Requests: 154
    Latency P95: 380670.12 ms
    Latency P99: 387804.84 ms
    SLA Met: [X] (compliance: 0.0%)

  RESPONSIVE:
    Requests: 23
    Latency P95: 233556.57 ms
    Latency P99: 325239.38 ms
    SLA Met: [X] (compliance: 0.0%)

  BATCH:
    Requests: 30
    Latency P95: 221206.59 ms
    Latency P99: 311624.67 ms
    SLA Met: [X] (compliance: 0.0%)

================================================================================
NOTES:
  - Pure storage I/O benchmark (no generation simulation)
================================================================================

Integrated Multi-User KV Cache Benchmark - MLPerf Edition
Model: Llama 3.1 70B Instruct
GPU Memory: 0 GB
Users: 70
Duration: 300s
Seed: 232
Generation Mode: none (0.0ms/token)
Features:
  - Phase-Aware Processing: Enabled
  - Multi-turn Conversations: Enabled
  - Prefix Caching: Enabled
  - RAG Workload: Disabled
  - Autoscaling: Disabled
  - QoS Support: Enabled (Interactive/Responsive/Batch)
  - Trace-Driven (BurstGPT): Disabled
  - ShareGPT Dataset: Disabled
  - Max Concurrent Allocations: 4 (bounds RAM usage)
================================================================================

User Context Length Distribution:
  Min: 944 tokens (295.00MiB)
  Max: 23669 tokens (7396.56MiB)
  Mean: 9114 tokens (2848.26MiB)

QoS Distribution:
  interactive: 9 users
  responsive: 24 users
  batch: 37 users

### MEMORY SAFETY CHECK ###
  Formula: peak = (workers x 2 x mean_entry_bytes) + baseline
         = (70 x 2 x 2500MiB) + 2.5GiB
         = 344.3GiB
  Available RAM: 987.2GiB
  Mean entry size: 2500MiB  (8000 tok x 327,680 B/tok)
  Peak per thread: 5000MiB  (np.load + np.array copy)
  Worker threads: 70
  Safe concurrent readers: ~201  = (available - baseline) / peak_per_thread
  Status: OK

Starting benchmark... Mode: standard (prefill+decode)
--------------------------------------------------------------------------------

================================================================================
BENCHMARK RESULTS - MLPerf KV Cache Storage Benchmark
Generation Mode: none (0.0ms/token)
================================================================================

IMPORTANT: All storage latencies below are measured per KV cache BLOCK,
not per token or per disk page.  Each block holds the full KV state for
one request (all layers, all heads, full sequence length).
  Model KV bytes/token: 327,680 bytes (320.0KiB)
  Entries in cache: 266
  Block size min:   79.4MiB
  Block size mean:  1640.5MiB
  Block size P95:   4501.1MiB
  Block size max:   7055.6MiB
  A 200MiB block at 1GiB/s NVMe read = ~200 ms device latency.
  Compare latencies against block sizes, not against 4KiB page I/O.


### OVERALL PERFORMANCE ###
Requests Completed: 258
Total Tokens Generated: 39686
Throughput (wall-clock): 131.85 tokens/sec
Throughput (storage I/O): 5.39 tokens/sec
Requests/sec: 0.86

### END-TO-END LATENCY (Queue Wait + Storage I/O + Generation) ###
  Mean: 183168.14 ms
  P50:  176645.43 ms
  P95:  362755.39 ms
  P99:  379325.92 ms

### PER-REQUEST STORAGE LATENCY (All I/O ops for one request) ###
  Mean: 28536.36 ms
  P50:  12937.14 ms
  P95:  96861.36 ms
  P99:  154587.16 ms
  (= 1 prefill write + N decode reads per request)

### STORAGE PERFORMANCE ###
  Cache Hit Rate: 82.4%
  Total Read: 1831.23GiB
  Total Write: 426.14GiB
  Read/Write Ratio: 4.30
  Storage KV Read Operations/sec: 4.54
  Storage KV Write Operations/sec: 0.89

### CACHE TIER DISTRIBUTION ###
  GPU Entries: 0 (0.00GiB)
  CPU Entries: 0 (0.00GiB)
  Storage Entries: 266

### TIER-SPECIFIC KV BYTES ###
  Storage KV Bytes Written: 426.14GiB
  Storage KV Bytes Read: 1831.23GiB

### STORAGE KV BANDWIDTH ###
  Storage KV Read Bandwidth: 6.08GiB/s
  Storage KV Write Bandwidth: 1.42GiB/s

### TIER-SPECIFIC LATENCIES (Total = Host + Device) ###
  Storage Read P95 (Total): 18358.34 ms
  Storage Write P95 (Total): 10980.04 ms

### STORAGE TIER LATENCY BREAKDOWN (Device = Disk I/O, Host = Serialization) ###
  Storage Read:
    - Device P95 (Disk I/O): 14083.17 ms
    - Host P95 (Serialization): 3131.55 ms
    - Total P95: 18358.34 ms
  Storage Write:
    - Device P95 (Disk I/O): 581.37 ms
    - Host P95 (Serialization): 10971.36 ms
    - Total P95: 10980.04 ms

### CACHE TYPE BREAKDOWNS ###
  System Prompt Hits: 318
  Common Phrase Hits: 0
  User Cache Hits: 1011
  Multi-turn Hits: 34

### PREFIX CACHING ###
  Prefix Hits: 58
  Prefix Misses: 208
  System Prompt Reuse: 58
  Bytes Saved: 0.12GiB

### MULTI-TURN CONVERSATIONS ###
  Multi-turn Cache Hits: 34
  Multi-turn Cache Misses: 234
  Multi-turn Hit Rate: 12.7%

### QOS LATENCY METRICS (Informational - includes simulated generation) ###

  INTERACTIVE:
    Requests: 203
    Latency P95: 363314.34 ms
    Latency P99: 378901.89 ms
    SLA Met: [X] (compliance: 0.0%)

  RESPONSIVE:
    Requests: 23
    Latency P95: 176509.10 ms
    Latency P99: 187706.37 ms
    SLA Met: [X] (compliance: 0.0%)

  BATCH:
    Requests: 32
    Latency P95: 168977.08 ms
    Latency P99: 316480.08 ms
    SLA Met: [X] (compliance: 0.0%)

================================================================================
NOTES:
  - Pure storage I/O benchmark (no generation simulation)
================================================================================

Integrated Multi-User KV Cache Benchmark - MLPerf Edition
Model: Llama 3.1 70B Instruct
GPU Memory: 0 GB
Users: 70
Duration: 300s
Seed: 121
Generation Mode: none (0.0ms/token)
Features:
  - Phase-Aware Processing: Enabled
  - Multi-turn Conversations: Enabled
  - Prefix Caching: Enabled
  - RAG Workload: Disabled
  - Autoscaling: Disabled
  - QoS Support: Enabled (Interactive/Responsive/Batch)
  - Trace-Driven (BurstGPT): Disabled
  - ShareGPT Dataset: Disabled
  - Max Concurrent Allocations: 4 (bounds RAM usage)
================================================================================

User Context Length Distribution:
  Min: 586 tokens (183.12MiB)
  Max: 24973 tokens (7804.06MiB)
  Mean: 8299 tokens (2593.33MiB)

QoS Distribution:
  interactive: 13 users
  responsive: 21 users
  batch: 36 users

### MEMORY SAFETY CHECK ###
  Formula: peak = (workers x 2 x mean_entry_bytes) + baseline
         = (70 x 2 x 2500MiB) + 2.5GiB
         = 344.3GiB
  Available RAM: 990.2GiB
  Mean entry size: 2500MiB  (8000 tok x 327,680 B/tok)
  Peak per thread: 5000MiB  (np.load + np.array copy)
  Worker threads: 70
  Safe concurrent readers: ~202  = (available - baseline) / peak_per_thread
  Status: OK

Starting benchmark... Mode: standard (prefill+decode)
--------------------------------------------------------------------------------

================================================================================
BENCHMARK RESULTS - MLPerf KV Cache Storage Benchmark
Generation Mode: none (0.0ms/token)
================================================================================

IMPORTANT: All storage latencies below are measured per KV cache BLOCK,
not per token or per disk page.  Each block holds the full KV state for
one request (all layers, all heads, full sequence length).
  Model KV bytes/token: 327,680 bytes (320.0KiB)
  Entries in cache: 298
  Block size min:   54.1MiB
  Block size mean:  1110.9MiB
  Block size P95:   4038.7MiB
  Block size max:   7288.4MiB
  A 200MiB block at 1GiB/s NVMe read = ~200 ms device latency.
  Compare latencies against block sizes, not against 4KiB page I/O.


### OVERALL PERFORMANCE ###
Requests Completed: 291
Total Tokens Generated: 32528
Throughput (wall-clock): 108.21 tokens/sec
Throughput (storage I/O): 4.96 tokens/sec
Requests/sec: 0.97

### END-TO-END LATENCY (Queue Wait + Storage I/O + Generation) ###
  Mean: 182706.98 ms
  P50:  182049.05 ms
  P95:  369394.36 ms
  P99:  381017.52 ms

### PER-REQUEST STORAGE LATENCY (All I/O ops for one request) ###
  Mean: 22530.52 ms
  P50:  11976.77 ms
  P95:  85713.37 ms
  P99:  158836.10 ms
  (= 1 prefill write + N decode reads per request)

### STORAGE PERFORMANCE ###
  Cache Hit Rate: 78.9%
  Total Read: 1358.86GiB
  Total Write: 323.28GiB
  Read/Write Ratio: 4.20
  Storage KV Read Operations/sec: 4.53
  Storage KV Write Operations/sec: 0.99

### CACHE TIER DISTRIBUTION ###
  GPU Entries: 0 (0.00GiB)
  CPU Entries: 0 (0.00GiB)
  Storage Entries: 298

### TIER-SPECIFIC KV BYTES ###
  Storage KV Bytes Written: 323.28GiB
  Storage KV Bytes Read: 1358.86GiB

### STORAGE KV BANDWIDTH ###
  Storage KV Read Bandwidth: 4.52GiB/s
  Storage KV Write Bandwidth: 1.08GiB/s

### TIER-SPECIFIC LATENCIES (Total = Host + Device) ###
  Storage Read P95 (Total): 15769.90 ms
  Storage Write P95 (Total): 13307.42 ms

### STORAGE TIER LATENCY BREAKDOWN (Device = Disk I/O, Host = Serialization) ###
  Storage Read:
    - Device P95 (Disk I/O): 14372.86 ms
    - Host P95 (Serialization): 2672.04 ms
    - Total P95: 15769.90 ms
  Storage Write:
    - Device P95 (Disk I/O): 539.43 ms
    - Host P95 (Serialization): 11685.46 ms
    - Total P95: 13307.42 ms

### CACHE TYPE BREAKDOWNS ###
  System Prompt Hits: 312
  Common Phrase Hits: 0
  User Cache Hits: 1025
  Multi-turn Hits: 22

### PREFIX CACHING ###
  Prefix Hits: 68
  Prefix Misses: 230
  System Prompt Reuse: 68
  Bytes Saved: 0.14GiB

### MULTI-TURN CONVERSATIONS ###
  Multi-turn Cache Hits: 22
  Multi-turn Cache Misses: 296
  Multi-turn Hit Rate: 6.9%

### QOS LATENCY METRICS (Informational - includes simulated generation) ###

  INTERACTIVE:
    Requests: 238
    Latency P95: 371586.93 ms
    Latency P99: 381159.99 ms
    SLA Met: [X] (compliance: 0.0%)

  RESPONSIVE:
    Requests: 22
    Latency P95: 131693.07 ms
    Latency P99: 145591.60 ms
    SLA Met: [X] (compliance: 0.0%)

  BATCH:
    Requests: 31
    Latency P95: 146380.13 ms
    Latency P99: 206117.26 ms
    SLA Met: [X] (compliance: 0.0%)

================================================================================
NOTES:
  - Pure storage I/O benchmark (no generation simulation)
================================================================================

Integrated Multi-User KV Cache Benchmark - MLPerf Edition
Model: Llama 3.1 70B Instruct
GPU Memory: 0 GB
Users: 70
Duration: 300s
Seed: 146
Generation Mode: none (0.0ms/token)
Features:
  - Phase-Aware Processing: Enabled
  - Multi-turn Conversations: Enabled
  - Prefix Caching: Enabled
  - RAG Workload: Disabled
  - Autoscaling: Disabled
  - QoS Support: Enabled (Interactive/Responsive/Batch)
  - Trace-Driven (BurstGPT): Disabled
  - ShareGPT Dataset: Disabled
  - Max Concurrent Allocations: 4 (bounds RAM usage)
================================================================================

User Context Length Distribution:
  Min: 617 tokens (192.81MiB)
  Max: 24207 tokens (7564.69MiB)
  Mean: 9965 tokens (3113.92MiB)

QoS Distribution:
  interactive: 6 users
  responsive: 25 users
  batch: 39 users

### MEMORY SAFETY CHECK ###
  Formula: peak = (workers x 2 x mean_entry_bytes) + baseline
         = (70 x 2 x 2500MiB) + 2.5GiB
         = 344.3GiB
  Available RAM: 987.8GiB
  Mean entry size: 2500MiB  (8000 tok x 327,680 B/tok)
  Peak per thread: 5000MiB  (np.load + np.array copy)
  Worker threads: 70
  Safe concurrent readers: ~201  = (available - baseline) / peak_per_thread
  Status: OK

Starting benchmark... Mode: standard (prefill+decode)
--------------------------------------------------------------------------------

================================================================================
BENCHMARK RESULTS - MLPerf KV Cache Storage Benchmark
Generation Mode: none (0.0ms/token)
================================================================================

IMPORTANT: All storage latencies below are measured per KV cache BLOCK,
not per token or per disk page.  Each block holds the full KV state for
one request (all layers, all heads, full sequence length).
  Model KV bytes/token: 327,680 bytes (320.0KiB)
  Entries in cache: 268
  Block size min:   77.8MiB
  Block size mean:  1257.5MiB
  Block size P95:   4170.1MiB
  Block size max:   6102.8MiB
  A 200MiB block at 1GiB/s NVMe read = ~200 ms device latency.
  Compare latencies against block sizes, not against 4KiB page I/O.


### OVERALL PERFORMANCE ###
Requests Completed: 262
Total Tokens Generated: 25124
Throughput (wall-clock): 83.74 tokens/sec
Throughput (storage I/O): 4.03 tokens/sec
Requests/sec: 0.87

### END-TO-END LATENCY (Queue Wait + Storage I/O + Generation) ###
  Mean: 178636.56 ms
  P50:  154240.04 ms
  P95:  358644.33 ms
  P99:  369457.10 ms

### PER-REQUEST STORAGE LATENCY (All I/O ops for one request) ###
  Mean: 23817.19 ms
  P50:  9698.69 ms
  P95:  87713.92 ms
  P99:  152940.76 ms
  (= 1 prefill write + N decode reads per request)

### STORAGE PERFORMANCE ###
  Cache Hit Rate: 76.7%
  Total Read: 1298.74GiB
  Total Write: 329.11GiB
  Read/Write Ratio: 3.95
  Storage KV Read Operations/sec: 3.83
  Storage KV Write Operations/sec: 0.89

### CACHE TIER DISTRIBUTION ###
  GPU Entries: 0 (0.00GiB)
  CPU Entries: 0 (0.00GiB)
  Storage Entries: 268

### TIER-SPECIFIC KV BYTES ###
  Storage KV Bytes Written: 329.11GiB
  Storage KV Bytes Read: 1298.74GiB

### STORAGE KV BANDWIDTH ###
  Storage KV Read Bandwidth: 4.33GiB/s
  Storage KV Write Bandwidth: 1.10GiB/s

### TIER-SPECIFIC LATENCIES (Total = Host + Device) ###
  Storage Read P95 (Total): 19372.54 ms
  Storage Write P95 (Total): 10071.75 ms

### STORAGE TIER LATENCY BREAKDOWN (Device = Disk I/O, Host = Serialization) ###
  Storage Read:
    - Device P95 (Disk I/O): 17646.06 ms
    - Host P95 (Serialization): 4002.38 ms
    - Total P95: 19372.54 ms
  Storage Write:
    - Device P95 (Disk I/O): 752.75 ms
    - Host P95 (Serialization): 8311.53 ms
    - Total P95: 10071.75 ms

### CACHE TYPE BREAKDOWNS ###
  System Prompt Hits: 243
  Common Phrase Hits: 0
  User Cache Hits: 847
  Multi-turn Hits: 60

### PREFIX CACHING ###
  Prefix Hits: 54
  Prefix Misses: 214
  System Prompt Reuse: 54
  Bytes Saved: 0.11GiB

### MULTI-TURN CONVERSATIONS ###
  Multi-turn Cache Hits: 60
  Multi-turn Cache Misses: 295
  Multi-turn Hit Rate: 16.9%

### QOS LATENCY METRICS (Informational - includes simulated generation) ###

  INTERACTIVE:
    Requests: 203
    Latency P95: 361410.27 ms
    Latency P99: 370276.10 ms
    SLA Met: [X] (compliance: 0.0%)

  RESPONSIVE:
    Requests: 25
    Latency P95: 248540.70 ms
    Latency P99: 275109.76 ms
    SLA Met: [X] (compliance: 0.0%)

  BATCH:
    Requests: 34
    Latency P95: 94656.35 ms
    Latency P99: 134054.51 ms
    SLA Met: [X] (compliance: 0.0%)

================================================================================
NOTES:
  - Pure storage I/O benchmark (no generation simulation)
================================================================================

Integrated Multi-User KV Cache Benchmark - MLPerf Edition
Model: Llama 3.1 70B Instruct
GPU Memory: 0 GB
Users: 70
Duration: 300s
Seed: 195
Generation Mode: none (0.0ms/token)
Features:
  - Phase-Aware Processing: Enabled
  - Multi-turn Conversations: Enabled
  - Prefix Caching: Enabled
  - RAG Workload: Disabled
  - Autoscaling: Disabled
  - QoS Support: Enabled (Interactive/Responsive/Batch)
  - Trace-Driven (BurstGPT): Disabled
  - ShareGPT Dataset: Disabled
  - Max Concurrent Allocations: 4 (bounds RAM usage)
================================================================================

User Context Length Distribution:
  Min: 522 tokens (163.12MiB)
  Max: 24055 tokens (7517.19MiB)
  Mean: 7598 tokens (2374.30MiB)

QoS Distribution:
  interactive: 9 users
  responsive: 34 users
  batch: 27 users

### MEMORY SAFETY CHECK ###
  Formula: peak = (workers x 2 x mean_entry_bytes) + baseline
         = (70 x 2 x 2500MiB) + 2.5GiB
         = 344.3GiB
  Available RAM: 987.3GiB
  Mean entry size: 2500MiB  (8000 tok x 327,680 B/tok)
  Peak per thread: 5000MiB  (np.load + np.array copy)
  Worker threads: 70
  Safe concurrent readers: ~201  = (available - baseline) / peak_per_thread
  Status: OK

Starting benchmark... Mode: standard (prefill+decode)
--------------------------------------------------------------------------------

================================================================================
BENCHMARK RESULTS - MLPerf KV Cache Storage Benchmark
Generation Mode: none (0.0ms/token)
================================================================================

IMPORTANT: All storage latencies below are measured per KV cache BLOCK,
not per token or per disk page.  Each block holds the full KV state for
one request (all layers, all heads, full sequence length).
  Model KV bytes/token: 327,680 bytes (320.0KiB)
  Entries in cache: 328
  Block size min:   43.1MiB
  Block size mean:  1123.5MiB
  Block size P95:   3644.0MiB
  Block size max:   6615.0MiB
  A 200MiB block at 1GiB/s NVMe read = ~200 ms device latency.
  Compare latencies against block sizes, not against 4KiB page I/O.


### OVERALL PERFORMANCE ###
Requests Completed: 315
Total Tokens Generated: 57555
Throughput (wall-clock): 190.43 tokens/sec
Throughput (storage I/O): 6.27 tokens/sec
Requests/sec: 1.04

### END-TO-END LATENCY (Queue Wait + Storage I/O + Generation) ###
  Mean: 176481.47 ms
  P50:  167189.55 ms
  P95:  355382.65 ms
  P99:  376461.81 ms

### PER-REQUEST STORAGE LATENCY (All I/O ops for one request) ###
  Mean: 29132.20 ms
  P50:  10139.08 ms
  P95:  117016.68 ms
  P99:  193194.17 ms
  (= 1 prefill write + N decode reads per request)

### STORAGE PERFORMANCE ###
  Cache Hit Rate: 81.9%
  Total Read: 2336.44GiB
  Total Write: 359.86GiB
  Read/Write Ratio: 6.49
  Storage KV Read Operations/sec: 6.77
  Storage KV Write Operations/sec: 1.09

### CACHE TIER DISTRIBUTION ###
  GPU Entries: 0 (0.00GiB)
  CPU Entries: 0 (0.00GiB)
  Storage Entries: 328

### TIER-SPECIFIC KV BYTES ###
  Storage KV Bytes Written: 359.86GiB
  Storage KV Bytes Read: 2336.44GiB

### STORAGE KV BANDWIDTH ###
  Storage KV Read Bandwidth: 7.73GiB/s
  Storage KV Write Bandwidth: 1.19GiB/s

### TIER-SPECIFIC LATENCIES (Total = Host + Device) ###
  Storage Read P95 (Total): 14353.37 ms
  Storage Write P95 (Total): 7263.94 ms

### STORAGE TIER LATENCY BREAKDOWN (Device = Disk I/O, Host = Serialization) ###
  Storage Read:
    - Device P95 (Disk I/O): 11759.07 ms
    - Host P95 (Serialization): 2922.63 ms
    - Total P95: 14353.37 ms
  Storage Write:
    - Device P95 (Disk I/O): 286.98 ms
    - Host P95 (Serialization): 6669.54 ms
    - Total P95: 7263.94 ms

### CACHE TYPE BREAKDOWNS ###
  System Prompt Hits: 462
  Common Phrase Hits: 0
  User Cache Hits: 1541
  Multi-turn Hits: 29

### PREFIX CACHING ###
  Prefix Hits: 61
  Prefix Misses: 267
  System Prompt Reuse: 61
  Bytes Saved: 0.13GiB

### MULTI-TURN CONVERSATIONS ###
  Multi-turn Cache Hits: 29
  Multi-turn Cache Misses: 388
  Multi-turn Hit Rate: 7.0%

### QOS LATENCY METRICS (Informational - includes simulated generation) ###

  INTERACTIVE:
    Requests: 259
    Latency P95: 359948.01 ms
    Latency P99: 377684.83 ms
    SLA Met: [X] (compliance: 0.0%)

  RESPONSIVE:
    Requests: 38
    Latency P95: 118853.59 ms
    Latency P99: 158505.50 ms
    SLA Met: [X] (compliance: 0.0%)

  BATCH:
    Requests: 18
    Latency P95: 95068.77 ms
    Latency P99: 98817.43 ms
    SLA Met: [X] (compliance: 0.0%)

================================================================================
NOTES:
  - Pure storage I/O benchmark (no generation simulation)
================================================================================

Integrated Multi-User KV Cache Benchmark - MLPerf Edition
Model: Llama 3.1 70B Instruct
GPU Memory: 0 GB
Users: 70
Duration: 300s
Seed: 165
Generation Mode: none (0.0ms/token)
Features:
  - Phase-Aware Processing: Enabled
  - Multi-turn Conversations: Enabled
  - Prefix Caching: Enabled
  - RAG Workload: Disabled
  - Autoscaling: Disabled
  - QoS Support: Enabled (Interactive/Responsive/Batch)
  - Trace-Driven (BurstGPT): Disabled
  - ShareGPT Dataset: Disabled
  - Max Concurrent Allocations: 4 (bounds RAM usage)
================================================================================

User Context Length Distribution:
  Min: 618 tokens (193.12MiB)
  Max: 23690 tokens (7403.12MiB)
  Mean: 7634 tokens (2385.72MiB)

QoS Distribution:
  interactive: 10 users
  responsive: 25 users
  batch: 35 users

### MEMORY SAFETY CHECK ###
  Formula: peak = (workers x 2 x mean_entry_bytes) + baseline
         = (70 x 2 x 2500MiB) + 2.5GiB
         = 344.3GiB
  Available RAM: 989.9GiB
  Mean entry size: 2500MiB  (8000 tok x 327,680 B/tok)
  Peak per thread: 5000MiB  (np.load + np.array copy)
  Worker threads: 70
  Safe concurrent readers: ~202  = (available - baseline) / peak_per_thread
  Status: OK

Starting benchmark... Mode: standard (prefill+decode)
--------------------------------------------------------------------------------

================================================================================
BENCHMARK RESULTS - MLPerf KV Cache Storage Benchmark
Generation Mode: none (0.0ms/token)
================================================================================

IMPORTANT: All storage latencies below are measured per KV cache BLOCK,
not per token or per disk page.  Each block holds the full KV state for
one request (all layers, all heads, full sequence length).
  Model KV bytes/token: 327,680 bytes (320.0KiB)
  Entries in cache: 264
  Block size min:   65.0MiB
  Block size mean:  1583.7MiB
  Block size P95:   4870.4MiB
  Block size max:   6920.6MiB
  A 200MiB block at 1GiB/s NVMe read = ~200 ms device latency.
  Compare latencies against block sizes, not against 4KiB page I/O.


### OVERALL PERFORMANCE ###
Requests Completed: 250
Total Tokens Generated: 36866
Throughput (wall-clock): 122.89 tokens/sec
Throughput (storage I/O): 6.38 tokens/sec
Requests/sec: 0.83

### END-TO-END LATENCY (Queue Wait + Storage I/O + Generation) ###
  Mean: 199262.69 ms
  P50:  221974.41 ms
  P95:  348515.00 ms
  P99:  379917.19 ms

### PER-REQUEST STORAGE LATENCY (All I/O ops for one request) ###
  Mean: 23096.37 ms
  P50:  12740.35 ms
  P95:  80483.43 ms
  P99:  139319.15 ms
  (= 1 prefill write + N decode reads per request)

### STORAGE PERFORMANCE ###
  Cache Hit Rate: 78.3%
  Total Read: 1188.35GiB
  Total Write: 408.30GiB
  Read/Write Ratio: 2.91
  Storage KV Read Operations/sec: 3.94
  Storage KV Write Operations/sec: 0.88

### CACHE TIER DISTRIBUTION ###
  GPU Entries: 0 (0.00GiB)
  CPU Entries: 0 (0.00GiB)
  Storage Entries: 264

### TIER-SPECIFIC KV BYTES ###
  Storage KV Bytes Written: 408.30GiB
  Storage KV Bytes Read: 1188.35GiB

### STORAGE KV BANDWIDTH ###
  Storage KV Read Bandwidth: 3.96GiB/s
  Storage KV Write Bandwidth: 1.36GiB/s

### TIER-SPECIFIC LATENCIES (Total = Host + Device) ###
  Storage Read P95 (Total): 15749.12 ms
  Storage Write P95 (Total): 15367.81 ms

### STORAGE TIER LATENCY BREAKDOWN (Device = Disk I/O, Host = Serialization) ###
  Storage Read:
    - Device P95 (Disk I/O): 12578.55 ms
    - Host P95 (Serialization): 4017.09 ms
    - Total P95: 15749.12 ms
  Storage Write:
    - Device P95 (Disk I/O): 460.09 ms
    - Host P95 (Serialization): 15365.29 ms
    - Total P95: 15367.81 ms

### CACHE TYPE BREAKDOWNS ###
  System Prompt Hits: 214
  Common Phrase Hits: 0
  User Cache Hits: 936
  Multi-turn Hits: 31

### PREFIX CACHING ###
  Prefix Hits: 51
  Prefix Misses: 213
  System Prompt Reuse: 51
  Bytes Saved: 0.10GiB

### MULTI-TURN CONVERSATIONS ###
  Multi-turn Cache Hits: 31
  Multi-turn Cache Misses: 276
  Multi-turn Hit Rate: 10.1%

### QOS LATENCY METRICS (Informational - includes simulated generation) ###

  INTERACTIVE:
    Requests: 194
    Latency P95: 368863.14 ms
    Latency P99: 380481.54 ms
    SLA Met: [X] (compliance: 0.0%)

  RESPONSIVE:
    Requests: 24
    Latency P95: 220967.83 ms
    Latency P99: 238997.67 ms
    SLA Met: [X] (compliance: 0.0%)

  BATCH:
    Requests: 32
    Latency P95: 221670.76 ms
    Latency P99: 226531.50 ms
    SLA Met: [X] (compliance: 0.0%)

================================================================================
NOTES:
  - Pure storage I/O benchmark (no generation simulation)
================================================================================

Integrated Multi-User KV Cache Benchmark - MLPerf Edition
Model: Llama 3.1 70B Instruct
GPU Memory: 0 GB
Users: 70
Duration: 300s
Seed: 109
Generation Mode: none (0.0ms/token)
Features:
  - Phase-Aware Processing: Enabled
  - Multi-turn Conversations: Enabled
  - Prefix Caching: Enabled
  - RAG Workload: Disabled
  - Autoscaling: Disabled
  - QoS Support: Enabled (Interactive/Responsive/Batch)
  - Trace-Driven (BurstGPT): Disabled
  - ShareGPT Dataset: Disabled
  - Max Concurrent Allocations: 4 (bounds RAM usage)
================================================================================

User Context Length Distribution:
  Min: 712 tokens (222.50MiB)
  Max: 24936 tokens (7792.50MiB)
  Mean: 8745 tokens (2732.91MiB)

QoS Distribution:
  interactive: 14 users
  responsive: 21 users
  batch: 35 users

### MEMORY SAFETY CHECK ###
  Formula: peak = (workers x 2 x mean_entry_bytes) + baseline
         = (70 x 2 x 2500MiB) + 2.5GiB
         = 344.3GiB
  Available RAM: 986.6GiB
  Mean entry size: 2500MiB  (8000 tok x 327,680 B/tok)
  Peak per thread: 5000MiB  (np.load + np.array copy)
  Worker threads: 70
  Safe concurrent readers: ~201  = (available - baseline) / peak_per_thread
  Status: OK

Starting benchmark... Mode: standard (prefill+decode)
--------------------------------------------------------------------------------

================================================================================
BENCHMARK RESULTS - MLPerf KV Cache Storage Benchmark
Generation Mode: none (0.0ms/token)
================================================================================

IMPORTANT: All storage latencies below are measured per KV cache BLOCK,
not per token or per disk page.  Each block holds the full KV state for
one request (all layers, all heads, full sequence length).
  Model KV bytes/token: 327,680 bytes (320.0KiB)
  Entries in cache: 264
  Block size min:   71.9MiB
  Block size mean:  1585.4MiB
  Block size P95:   5327.8MiB
  Block size max:   7076.6MiB
  A 200MiB block at 1GiB/s NVMe read = ~200 ms device latency.
  Compare latencies against block sizes, not against 4KiB page I/O.


### OVERALL PERFORMANCE ###
Requests Completed: 258
Total Tokens Generated: 37838
Throughput (wall-clock): 123.97 tokens/sec
Throughput (storage I/O): 5.96 tokens/sec
Requests/sec: 0.85

### END-TO-END LATENCY (Queue Wait + Storage I/O + Generation) ###
  Mean: 194139.87 ms
  P50:  198478.43 ms
  P95:  371783.64 ms
  P99:  382659.60 ms

### PER-REQUEST STORAGE LATENCY (All I/O ops for one request) ###
  Mean: 24619.05 ms
  P50:  9234.39 ms
  P95:  97491.21 ms
  P99:  146332.39 ms
  (= 1 prefill write + N decode reads per request)

### STORAGE PERFORMANCE ###
  Cache Hit Rate: 81.0%
  Total Read: 1551.25GiB
  Total Write: 408.74GiB
  Read/Write Ratio: 3.80
  Storage KV Read Operations/sec: 4.35
  Storage KV Write Operations/sec: 0.88

### CACHE TIER DISTRIBUTION ###
  GPU Entries: 0 (0.00GiB)
  CPU Entries: 0 (0.00GiB)
  Storage Entries: 264

### TIER-SPECIFIC KV BYTES ###
  Storage KV Bytes Written: 408.74GiB
  Storage KV Bytes Read: 1551.25GiB

### STORAGE KV BANDWIDTH ###
  Storage KV Read Bandwidth: 5.08GiB/s
  Storage KV Write Bandwidth: 1.34GiB/s

### TIER-SPECIFIC LATENCIES (Total = Host + Device) ###
  Storage Read P95 (Total): 15853.17 ms
  Storage Write P95 (Total): 12485.01 ms

### STORAGE TIER LATENCY BREAKDOWN (Device = Disk I/O, Host = Serialization) ###
  Storage Read:
    - Device P95 (Disk I/O): 13895.12 ms
    - Host P95 (Serialization): 3913.10 ms
    - Total P95: 15853.17 ms
  Storage Write:
    - Device P95 (Disk I/O): 318.14 ms
    - Host P95 (Serialization): 12263.33 ms
    - Total P95: 12485.01 ms

### CACHE TYPE BREAKDOWNS ###
  System Prompt Hits: 249
  Common Phrase Hits: 0
  User Cache Hits: 1025
  Multi-turn Hits: 31

### PREFIX CACHING ###
  Prefix Hits: 47
  Prefix Misses: 217
  System Prompt Reuse: 47
  Bytes Saved: 0.09GiB

### MULTI-TURN CONVERSATIONS ###
  Multi-turn Cache Hits: 31
  Multi-turn Cache Misses: 259
  Multi-turn Hit Rate: 10.7%

### QOS LATENCY METRICS (Informational - includes simulated generation) ###

  INTERACTIVE:
    Requests: 209
    Latency P95: 373868.53 ms
    Latency P99: 383915.13 ms
    SLA Met: [X] (compliance: 0.0%)

  RESPONSIVE:
    Requests: 19
    Latency P95: 142744.52 ms
    Latency P99: 160561.36 ms
    SLA Met: [X] (compliance: 0.0%)

  BATCH:
    Requests: 30
    Latency P95: 167414.83 ms
    Latency P99: 205333.08 ms
    SLA Met: [X] (compliance: 0.0%)

================================================================================
NOTES:
  - Pure storage I/O benchmark (no generation simulation)
================================================================================

Integrated Multi-User KV Cache Benchmark - MLPerf Edition
Model: Llama 3.1 70B Instruct
GPU Memory: 0 GB
Users: 70
Duration: 300s
Seed: 73
Generation Mode: none (0.0ms/token)
Features:
  - Phase-Aware Processing: Enabled
  - Multi-turn Conversations: Enabled
  - Prefix Caching: Enabled
  - RAG Workload: Disabled
  - Autoscaling: Disabled
  - QoS Support: Enabled (Interactive/Responsive/Batch)
  - Trace-Driven (BurstGPT): Disabled
  - ShareGPT Dataset: Disabled
  - Max Concurrent Allocations: 4 (bounds RAM usage)
================================================================================

User Context Length Distribution:
  Min: 564 tokens (176.25MiB)
  Max: 24116 tokens (7536.25MiB)
  Mean: 9768 tokens (3052.46MiB)

QoS Distribution:
  interactive: 11 users
  responsive: 25 users
  batch: 34 users

### MEMORY SAFETY CHECK ###
  Formula: peak = (workers x 2 x mean_entry_bytes) + baseline
         = (70 x 2 x 2500MiB) + 2.5GiB
         = 344.3GiB
  Available RAM: 985.6GiB
  Mean entry size: 2500MiB  (8000 tok x 327,680 B/tok)
  Peak per thread: 5000MiB  (np.load + np.array copy)
  Worker threads: 70
  Safe concurrent readers: ~201  = (available - baseline) / peak_per_thread
  Status: OK

Starting benchmark... Mode: standard (prefill+decode)
--------------------------------------------------------------------------------

================================================================================
BENCHMARK RESULTS - MLPerf KV Cache Storage Benchmark
Generation Mode: none (0.0ms/token)
================================================================================

IMPORTANT: All storage latencies below are measured per KV cache BLOCK,
not per token or per disk page.  Each block holds the full KV state for
one request (all layers, all heads, full sequence length).
  Model KV bytes/token: 327,680 bytes (320.0KiB)
  Entries in cache: 283
  Block size min:   61.6MiB
  Block size mean:  1455.0MiB
  Block size P95:   3786.4MiB
  Block size max:   5982.2MiB
  A 200MiB block at 1GiB/s NVMe read = ~200 ms device latency.
  Compare latencies against block sizes, not against 4KiB page I/O.


### OVERALL PERFORMANCE ###
Requests Completed: 273
Total Tokens Generated: 43751
Throughput (wall-clock): 144.13 tokens/sec
Throughput (storage I/O): 5.69 tokens/sec
Requests/sec: 0.90

### END-TO-END LATENCY (Queue Wait + Storage I/O + Generation) ###
  Mean: 193872.05 ms
  P50:  182013.98 ms
  P95:  357255.42 ms
  P99:  376986.22 ms

### PER-REQUEST STORAGE LATENCY (All I/O ops for one request) ###
  Mean: 28188.09 ms
  P50:  14552.64 ms
  P95:  92690.26 ms
  P99:  146277.82 ms
  (= 1 prefill write + N decode reads per request)

### STORAGE PERFORMANCE ###
  Cache Hit Rate: 88.4%
  Total Read: 2034.91GiB
  Total Write: 402.12GiB
  Read/Write Ratio: 5.06
  Storage KV Read Operations/sec: 5.10
  Storage KV Write Operations/sec: 0.94

### CACHE TIER DISTRIBUTION ###
  GPU Entries: 0 (0.00GiB)
  CPU Entries: 0 (0.00GiB)
  Storage Entries: 283

### TIER-SPECIFIC KV BYTES ###
  Storage KV Bytes Written: 402.12GiB
  Storage KV Bytes Read: 2034.91GiB

### STORAGE KV BANDWIDTH ###
  Storage KV Read Bandwidth: 6.70GiB/s
  Storage KV Write Bandwidth: 1.32GiB/s

### TIER-SPECIFIC LATENCIES (Total = Host + Device) ###
  Storage Read P95 (Total): 16181.69 ms
  Storage Write P95 (Total): 8268.70 ms

### STORAGE TIER LATENCY BREAKDOWN (Device = Disk I/O, Host = Serialization) ###
  Storage Read:
    - Device P95 (Disk I/O): 13360.97 ms
    - Host P95 (Serialization): 3431.34 ms
    - Total P95: 16181.69 ms
  Storage Write:
    - Device P95 (Disk I/O): 321.35 ms
    - Host P95 (Serialization): 7961.95 ms
    - Total P95: 8268.70 ms

### CACHE TYPE BREAKDOWNS ###
  System Prompt Hits: 361
  Common Phrase Hits: 0
  User Cache Hits: 1149
  Multi-turn Hits: 19

### PREFIX CACHING ###
  Prefix Hits: 67
  Prefix Misses: 216
  System Prompt Reuse: 67
  Bytes Saved: 0.13GiB

### MULTI-TURN CONVERSATIONS ###
  Multi-turn Cache Hits: 19
  Multi-turn Cache Misses: 134
  Multi-turn Hit Rate: 12.4%

### QOS LATENCY METRICS (Informational - includes simulated generation) ###

  INTERACTIVE:
    Requests: 214
    Latency P95: 364464.49 ms
    Latency P99: 377438.33 ms
    SLA Met: [X] (compliance: 0.0%)

  RESPONSIVE:
    Requests: 28
    Latency P95: 114654.83 ms
    Latency P99: 133555.49 ms
    SLA Met: [X] (compliance: 0.0%)

  BATCH:
    Requests: 31
    Latency P95: 214612.06 ms
    Latency P99: 331149.99 ms
    SLA Met: [X] (compliance: 0.0%)

================================================================================
NOTES:
  - Pure storage I/O benchmark (no generation simulation)
================================================================================

Integrated Multi-User KV Cache Benchmark - MLPerf Edition
Model: Llama 3.1 70B Instruct
GPU Memory: 0 GB
Users: 70
Duration: 300s
Seed: 70
Generation Mode: none (0.0ms/token)
Features:
  - Phase-Aware Processing: Enabled
  - Multi-turn Conversations: Enabled
  - Prefix Caching: Enabled
  - RAG Workload: Disabled
  - Autoscaling: Disabled
  - QoS Support: Enabled (Interactive/Responsive/Batch)
  - Trace-Driven (BurstGPT): Disabled
  - ShareGPT Dataset: Disabled
  - Max Concurrent Allocations: 4 (bounds RAM usage)
================================================================================

User Context Length Distribution:
  Min: 636 tokens (198.75MiB)
  Max: 20452 tokens (6391.25MiB)
  Mean: 8071 tokens (2522.18MiB)

QoS Distribution:
  interactive: 11 users
  responsive: 23 users
  batch: 36 users

### MEMORY SAFETY CHECK ###
  Formula: peak = (workers x 2 x mean_entry_bytes) + baseline
         = (70 x 2 x 2500MiB) + 2.5GiB
         = 344.3GiB
  Available RAM: 986.5GiB
  Mean entry size: 2500MiB  (8000 tok x 327,680 B/tok)
  Peak per thread: 5000MiB  (np.load + np.array copy)
  Worker threads: 70
  Safe concurrent readers: ~201  = (available - baseline) / peak_per_thread
  Status: OK

Starting benchmark... Mode: standard (prefill+decode)
--------------------------------------------------------------------------------

================================================================================
BENCHMARK RESULTS - MLPerf KV Cache Storage Benchmark
Generation Mode: none (0.0ms/token)
================================================================================

IMPORTANT: All storage latencies below are measured per KV cache BLOCK,
not per token or per disk page.  Each block holds the full KV state for
one request (all layers, all heads, full sequence length).
  Model KV bytes/token: 327,680 bytes (320.0KiB)
  Entries in cache: 262
  Block size min:   72.8MiB
  Block size mean:  1437.5MiB
  Block size P95:   4172.6MiB
  Block size max:   6334.4MiB
  A 200MiB block at 1GiB/s NVMe read = ~200 ms device latency.
  Compare latencies against block sizes, not against 4KiB page I/O.


### OVERALL PERFORMANCE ###
Requests Completed: 251
Total Tokens Generated: 33027
Throughput (wall-clock): 108.33 tokens/sec
Throughput (storage I/O): 5.07 tokens/sec
Requests/sec: 0.82

### END-TO-END LATENCY (Queue Wait + Storage I/O + Generation) ###
  Mean: 172075.73 ms
  P50:  153187.88 ms
  P95:  375505.59 ms
  P99:  385264.78 ms

### PER-REQUEST STORAGE LATENCY (All I/O ops for one request) ###
  Mean: 25949.31 ms
  P50:  13463.66 ms
  P95:  83877.69 ms
  P99:  151914.92 ms
  (= 1 prefill write + N decode reads per request)

### STORAGE PERFORMANCE ###
  Cache Hit Rate: 78.7%
  Total Read: 1463.54GiB
  Total Write: 367.79GiB
  Read/Write Ratio: 3.98
  Storage KV Read Operations/sec: 4.00
  Storage KV Write Operations/sec: 0.87

### CACHE TIER DISTRIBUTION ###
  GPU Entries: 0 (0.00GiB)
  CPU Entries: 0 (0.00GiB)
  Storage Entries: 262

### TIER-SPECIFIC KV BYTES ###
  Storage KV Bytes Written: 367.79GiB
  Storage KV Bytes Read: 1463.54GiB

### STORAGE KV BANDWIDTH ###
  Storage KV Read Bandwidth: 4.80GiB/s
  Storage KV Write Bandwidth: 1.21GiB/s

### TIER-SPECIFIC LATENCIES (Total = Host + Device) ###
  Storage Read P95 (Total): 17418.98 ms
  Storage Write P95 (Total): 9974.94 ms

### STORAGE TIER LATENCY BREAKDOWN (Device = Disk I/O, Host = Serialization) ###
  Storage Read:
    - Device P95 (Disk I/O): 14087.02 ms
    - Host P95 (Serialization): 4215.20 ms
    - Total P95: 17418.98 ms
  Storage Write:
    - Device P95 (Disk I/O): 886.13 ms
    - Host P95 (Serialization): 8579.26 ms
    - Total P95: 9974.94 ms

### CACHE TYPE BREAKDOWNS ###
  System Prompt Hits: 250
  Common Phrase Hits: 0
  User Cache Hits: 924
  Multi-turn Hits: 27

### PREFIX CACHING ###
  Prefix Hits: 53
  Prefix Misses: 209
  System Prompt Reuse: 53
  Bytes Saved: 0.11GiB

### MULTI-TURN CONVERSATIONS ###
  Multi-turn Cache Hits: 27
  Multi-turn Cache Misses: 272
  Multi-turn Hit Rate: 9.0%

### QOS LATENCY METRICS (Informational - includes simulated generation) ###

  INTERACTIVE:
    Requests: 191
    Latency P95: 379747.91 ms
    Latency P99: 385691.66 ms
    SLA Met: [X] (compliance: 0.0%)

  RESPONSIVE:
    Requests: 28
    Latency P95: 63820.60 ms
    Latency P99: 96266.24 ms
    SLA Met: [X] (compliance: 0.0%)

  BATCH:
    Requests: 32
    Latency P95: 208629.59 ms
    Latency P99: 265683.19 ms
    SLA Met: [X] (compliance: 0.0%)

================================================================================
NOTES:
  - Pure storage I/O benchmark (no generation simulation)
================================================================================

Integrated Multi-User KV Cache Benchmark - MLPerf Edition
Model: Llama 3.1 70B Instruct
GPU Memory: 0 GB
Users: 70
Duration: 300s
Seed: 102
Generation Mode: none (0.0ms/token)
Features:
  - Phase-Aware Processing: Enabled
  - Multi-turn Conversations: Enabled
  - Prefix Caching: Enabled
  - RAG Workload: Disabled
  - Autoscaling: Disabled
  - QoS Support: Enabled (Interactive/Responsive/Batch)
  - Trace-Driven (BurstGPT): Disabled
  - ShareGPT Dataset: Disabled
  - Max Concurrent Allocations: 4 (bounds RAM usage)
================================================================================

User Context Length Distribution:
  Min: 617 tokens (192.81MiB)
  Max: 23700 tokens (7406.25MiB)
  Mean: 9065 tokens (2832.71MiB)

QoS Distribution:
  interactive: 5 users
  responsive: 19 users
  batch: 46 users

### MEMORY SAFETY CHECK ###
  Formula: peak = (workers x 2 x mean_entry_bytes) + baseline
         = (70 x 2 x 2500MiB) + 2.5GiB
         = 344.3GiB
  Available RAM: 989.5GiB
  Mean entry size: 2500MiB  (8000 tok x 327,680 B/tok)
  Peak per thread: 5000MiB  (np.load + np.array copy)
  Worker threads: 70
  Safe concurrent readers: ~202  = (available - baseline) / peak_per_thread
  Status: OK

Starting benchmark... Mode: standard (prefill+decode)
--------------------------------------------------------------------------------

================================================================================
BENCHMARK RESULTS - MLPerf KV Cache Storage Benchmark
Generation Mode: none (0.0ms/token)
================================================================================

IMPORTANT: All storage latencies below are measured per KV cache BLOCK,
not per token or per disk page.  Each block holds the full KV state for
one request (all layers, all heads, full sequence length).
  Model KV bytes/token: 327,680 bytes (320.0KiB)
  Entries in cache: 276
  Block size min:   115.3MiB
  Block size mean:  1301.2MiB
  Block size P95:   3303.8MiB
  Block size max:   4919.1MiB
  A 200MiB block at 1GiB/s NVMe read = ~200 ms device latency.
  Compare latencies against block sizes, not against 4KiB page I/O.


### OVERALL PERFORMANCE ###
Requests Completed: 267
Total Tokens Generated: 32127
Throughput (wall-clock): 106.89 tokens/sec
Throughput (storage I/O): 4.25 tokens/sec
Requests/sec: 0.89

### END-TO-END LATENCY (Queue Wait + Storage I/O + Generation) ###
  Mean: 173892.84 ms
  P50:  165784.18 ms
  P95:  347677.48 ms
  P99:  356072.67 ms

### PER-REQUEST STORAGE LATENCY (All I/O ops for one request) ###
  Mean: 28284.25 ms
  P50:  18464.39 ms
  P95:  78856.25 ms
  P99:  133642.18 ms
  (= 1 prefill write + N decode reads per request)

### STORAGE PERFORMANCE ###
  Cache Hit Rate: 85.8%
  Total Read: 1664.34GiB
  Total Write: 350.70GiB
  Read/Write Ratio: 4.75
  Storage KV Read Operations/sec: 4.39
  Storage KV Write Operations/sec: 0.92

### CACHE TIER DISTRIBUTION ###
  GPU Entries: 0 (0.00GiB)
  CPU Entries: 0 (0.00GiB)
  Storage Entries: 276

### TIER-SPECIFIC KV BYTES ###
  Storage KV Bytes Written: 350.70GiB
  Storage KV Bytes Read: 1664.34GiB

### STORAGE KV BANDWIDTH ###
  Storage KV Read Bandwidth: 5.54GiB/s
  Storage KV Write Bandwidth: 1.17GiB/s

### TIER-SPECIFIC LATENCIES (Total = Host + Device) ###
  Storage Read P95 (Total): 16284.09 ms
  Storage Write P95 (Total): 9213.88 ms

### STORAGE TIER LATENCY BREAKDOWN (Device = Disk I/O, Host = Serialization) ###
  Storage Read:
    - Device P95 (Disk I/O): 13918.50 ms
    - Host P95 (Serialization): 4400.69 ms
    - Total P95: 16284.09 ms
  Storage Write:
    - Device P95 (Disk I/O): 255.43 ms
    - Host P95 (Serialization): 9023.04 ms
    - Total P95: 9213.88 ms

### CACHE TYPE BREAKDOWNS ###
  System Prompt Hits: 193
  Common Phrase Hits: 0
  User Cache Hits: 1105
  Multi-turn Hits: 20

### PREFIX CACHING ###
  Prefix Hits: 43
  Prefix Misses: 233
  System Prompt Reuse: 43
  Bytes Saved: 0.09GiB

### MULTI-TURN CONVERSATIONS ###
  Multi-turn Cache Hits: 20
  Multi-turn Cache Misses: 176
  Multi-turn Hit Rate: 10.2%

### QOS LATENCY METRICS (Informational - includes simulated generation) ###

  INTERACTIVE:
    Requests: 202
    Latency P95: 348488.90 ms
    Latency P99: 357303.28 ms
    SLA Met: [X] (compliance: 0.0%)

  RESPONSIVE:
    Requests: 14
    Latency P95: 184050.33 ms
    Latency P99: 269570.39 ms
    SLA Met: [X] (compliance: 0.0%)

  BATCH:
    Requests: 51
    Latency P95: 156250.48 ms
    Latency P99: 209480.08 ms
    SLA Met: [X] (compliance: 0.0%)

================================================================================
NOTES:
  - Pure storage I/O benchmark (no generation simulation)
================================================================================

Integrated Multi-User KV Cache Benchmark - MLPerf Edition
Model: Llama 3.1 70B Instruct
GPU Memory: 0 GB
Users: 70
Duration: 300s
Seed: 166
Generation Mode: none (0.0ms/token)
Features:
  - Phase-Aware Processing: Enabled
  - Multi-turn Conversations: Enabled
  - Prefix Caching: Enabled
  - RAG Workload: Disabled
  - Autoscaling: Disabled
  - QoS Support: Enabled (Interactive/Responsive/Batch)
  - Trace-Driven (BurstGPT): Disabled
  - ShareGPT Dataset: Disabled
  - Max Concurrent Allocations: 4 (bounds RAM usage)
================================================================================

User Context Length Distribution:
  Min: 848 tokens (265.00MiB)
  Max: 22487 tokens (7027.19MiB)
  Mean: 7624 tokens (2382.58MiB)

QoS Distribution:
  interactive: 9 users
  responsive: 34 users
  batch: 27 users

### MEMORY SAFETY CHECK ###
  Formula: peak = (workers x 2 x mean_entry_bytes) + baseline
         = (70 x 2 x 2500MiB) + 2.5GiB
         = 344.3GiB
  Available RAM: 990.8GiB
  Mean entry size: 2500MiB  (8000 tok x 327,680 B/tok)
  Peak per thread: 5000MiB  (np.load + np.array copy)
  Worker threads: 70
  Safe concurrent readers: ~202  = (available - baseline) / peak_per_thread
  Status: OK

Starting benchmark... Mode: standard (prefill+decode)
--------------------------------------------------------------------------------

================================================================================
BENCHMARK RESULTS - MLPerf KV Cache Storage Benchmark
Generation Mode: none (0.0ms/token)
================================================================================

IMPORTANT: All storage latencies below are measured per KV cache BLOCK,
not per token or per disk page.  Each block holds the full KV state for
one request (all layers, all heads, full sequence length).
  Model KV bytes/token: 327,680 bytes (320.0KiB)
  Entries in cache: 283
  Block size min:   104.4MiB
  Block size mean:  1306.5MiB
  Block size P95:   3551.8MiB
  Block size max:   6250.6MiB
  A 200MiB block at 1GiB/s NVMe read = ~200 ms device latency.
  Compare latencies against block sizes, not against 4KiB page I/O.


### OVERALL PERFORMANCE ###
Requests Completed: 271
Total Tokens Generated: 39114
Throughput (wall-clock): 128.85 tokens/sec
Throughput (storage I/O): 4.86 tokens/sec
Requests/sec: 0.89

### END-TO-END LATENCY (Queue Wait + Storage I/O + Generation) ###
  Mean: 182142.51 ms
  P50:  186257.02 ms
  P95:  361797.20 ms
  P99:  372954.27 ms

### PER-REQUEST STORAGE LATENCY (All I/O ops for one request) ###
  Mean: 29721.03 ms
  P50:  16572.18 ms
  P95:  101967.29 ms
  P99:  171286.33 ms
  (= 1 prefill write + N decode reads per request)

### STORAGE PERFORMANCE ###
  Cache Hit Rate: 81.9%
  Total Read: 1906.70GiB
  Total Write: 361.07GiB
  Read/Write Ratio: 5.28
  Storage KV Read Operations/sec: 5.05
  Storage KV Write Operations/sec: 0.94

### CACHE TIER DISTRIBUTION ###
  GPU Entries: 0 (0.00GiB)
  CPU Entries: 0 (0.00GiB)
  Storage Entries: 283

### TIER-SPECIFIC KV BYTES ###
  Storage KV Bytes Written: 361.07GiB
  Storage KV Bytes Read: 1906.70GiB

### STORAGE KV BANDWIDTH ###
  Storage KV Read Bandwidth: 6.28GiB/s
  Storage KV Write Bandwidth: 1.19GiB/s

### TIER-SPECIFIC LATENCIES (Total = Host + Device) ###
  Storage Read P95 (Total): 15802.43 ms
  Storage Write P95 (Total): 9786.76 ms

### STORAGE TIER LATENCY BREAKDOWN (Device = Disk I/O, Host = Serialization) ###
  Storage Read:
    - Device P95 (Disk I/O): 13882.91 ms
    - Host P95 (Serialization): 5459.16 ms
    - Total P95: 15802.43 ms
  Storage Write:
    - Device P95 (Disk I/O): 566.18 ms
    - Host P95 (Serialization): 9702.30 ms
    - Total P95: 9786.76 ms

### CACHE TYPE BREAKDOWNS ###
  System Prompt Hits: 214
  Common Phrase Hits: 0
  User Cache Hits: 1275
  Multi-turn Hits: 26

### PREFIX CACHING ###
  Prefix Hits: 46
  Prefix Misses: 237
  System Prompt Reuse: 46
  Bytes Saved: 0.09GiB

### MULTI-TURN CONVERSATIONS ###
  Multi-turn Cache Hits: 26
  Multi-turn Cache Misses: 288
  Multi-turn Hit Rate: 8.3%

### QOS LATENCY METRICS (Informational - includes simulated generation) ###

  INTERACTIVE:
    Requests: 208
    Latency P95: 364662.63 ms
    Latency P99: 374645.70 ms
    SLA Met: [X] (compliance: 0.0%)

  RESPONSIVE:
    Requests: 32
    Latency P95: 126394.56 ms
    Latency P99: 159068.82 ms
    SLA Met: [X] (compliance: 0.0%)

  BATCH:
    Requests: 31
    Latency P95: 143997.38 ms
    Latency P99: 229073.19 ms
    SLA Met: [X] (compliance: 0.0%)

================================================================================
NOTES:
  - Pure storage I/O benchmark (no generation simulation)
================================================================================

Integrated Multi-User KV Cache Benchmark - MLPerf Edition
Model: Llama 3.1 70B Instruct
GPU Memory: 0 GB
Users: 70
Duration: 300s
Seed: 162
Generation Mode: none (0.0ms/token)
Features:
  - Phase-Aware Processing: Enabled
  - Multi-turn Conversations: Enabled
  - Prefix Caching: Enabled
  - RAG Workload: Disabled
  - Autoscaling: Disabled
  - QoS Support: Enabled (Interactive/Responsive/Batch)
  - Trace-Driven (BurstGPT): Disabled
  - ShareGPT Dataset: Disabled
  - Max Concurrent Allocations: 4 (bounds RAM usage)
================================================================================

User Context Length Distribution:
  Min: 560 tokens (175.00MiB)
  Max: 24959 tokens (7799.69MiB)
  Mean: 9447 tokens (2952.09MiB)

QoS Distribution:
  interactive: 10 users
  responsive: 24 users
  batch: 36 users

### MEMORY SAFETY CHECK ###
  Formula: peak = (workers x 2 x mean_entry_bytes) + baseline
         = (70 x 2 x 2500MiB) + 2.5GiB
         = 344.3GiB
  Available RAM: 989.8GiB
  Mean entry size: 2500MiB  (8000 tok x 327,680 B/tok)
  Peak per thread: 5000MiB  (np.load + np.array copy)
  Worker threads: 70
  Safe concurrent readers: ~202  = (available - baseline) / peak_per_thread
  Status: OK

Starting benchmark... Mode: standard (prefill+decode)
--------------------------------------------------------------------------------

================================================================================
BENCHMARK RESULTS - MLPerf KV Cache Storage Benchmark
Generation Mode: none (0.0ms/token)
================================================================================

IMPORTANT: All storage latencies below are measured per KV cache BLOCK,
not per token or per disk page.  Each block holds the full KV state for
one request (all layers, all heads, full sequence length).
  Model KV bytes/token: 327,680 bytes (320.0KiB)
  Entries in cache: 232
  Block size min:   102.2MiB
  Block size mean:  1803.0MiB
  Block size P95:   4188.7MiB
  Block size max:   6992.5MiB
  A 200MiB block at 1GiB/s NVMe read = ~200 ms device latency.
  Compare latencies against block sizes, not against 4KiB page I/O.


### OVERALL PERFORMANCE ###
Requests Completed: 217
Total Tokens Generated: 37598
Throughput (wall-clock): 125.33 tokens/sec
Throughput (storage I/O): 5.75 tokens/sec
Requests/sec: 0.72

### END-TO-END LATENCY (Queue Wait + Storage I/O + Generation) ###
  Mean: 184692.93 ms
  P50:  191144.43 ms
  P95:  347458.40 ms
  P99:  372116.15 ms

### PER-REQUEST STORAGE LATENCY (All I/O ops for one request) ###
  Mean: 30108.04 ms
  P50:  13098.05 ms
  P95:  111184.22 ms
  P99:  157591.05 ms
  (= 1 prefill write + N decode reads per request)

### STORAGE PERFORMANCE ###
  Cache Hit Rate: 80.2%
  Total Read: 1872.57GiB
  Total Write: 408.49GiB
  Read/Write Ratio: 4.58
  Storage KV Read Operations/sec: 4.19
  Storage KV Write Operations/sec: 0.77

### CACHE TIER DISTRIBUTION ###
  GPU Entries: 0 (0.00GiB)
  CPU Entries: 0 (0.00GiB)
  Storage Entries: 232

### TIER-SPECIFIC KV BYTES ###
  Storage KV Bytes Written: 408.49GiB
  Storage KV Bytes Read: 1872.57GiB

### STORAGE KV BANDWIDTH ###
  Storage KV Read Bandwidth: 6.24GiB/s
  Storage KV Write Bandwidth: 1.36GiB/s

### TIER-SPECIFIC LATENCIES (Total = Host + Device) ###
  Storage Read P95 (Total): 17511.96 ms
  Storage Write P95 (Total): 12200.42 ms

### STORAGE TIER LATENCY BREAKDOWN (Device = Disk I/O, Host = Serialization) ###
  Storage Read:
    - Device P95 (Disk I/O): 15117.77 ms
    - Host P95 (Serialization): 5493.62 ms
    - Total P95: 17511.96 ms
  Storage Write:
    - Device P95 (Disk I/O): 798.68 ms
    - Host P95 (Serialization): 12200.41 ms
    - Total P95: 12200.42 ms

### CACHE TYPE BREAKDOWNS ###
  System Prompt Hits: 280
  Common Phrase Hits: 0
  User Cache Hits: 925
  Multi-turn Hits: 52

### PREFIX CACHING ###
  Prefix Hits: 37
  Prefix Misses: 195
  System Prompt Reuse: 37
  Bytes Saved: 0.08GiB

### MULTI-TURN CONVERSATIONS ###
  Multi-turn Cache Hits: 52
  Multi-turn Cache Misses: 274
  Multi-turn Hit Rate: 16.0%

### QOS LATENCY METRICS (Informational - includes simulated generation) ###

  INTERACTIVE:
    Requests: 155
    Latency P95: 352656.99 ms
    Latency P99: 370558.46 ms
    SLA Met: [X] (compliance: 0.0%)

  RESPONSIVE:
    Requests: 29
    Latency P95: 226358.73 ms
    Latency P99: 355790.74 ms
    SLA Met: [X] (compliance: 0.0%)

  BATCH:
    Requests: 33
    Latency P95: 216012.89 ms
    Latency P99: 269379.20 ms
    SLA Met: [X] (compliance: 0.0%)

================================================================================
NOTES:
  - Pure storage I/O benchmark (no generation simulation)
================================================================================

Integrated Multi-User KV Cache Benchmark - MLPerf Edition
Model: Llama 3.1 70B Instruct
GPU Memory: 0 GB
Users: 70
Duration: 300s
Seed: 94
Generation Mode: none (0.0ms/token)
Features:
  - Phase-Aware Processing: Enabled
  - Multi-turn Conversations: Enabled
  - Prefix Caching: Enabled
  - RAG Workload: Disabled
  - Autoscaling: Disabled
  - QoS Support: Enabled (Interactive/Responsive/Batch)
  - Trace-Driven (BurstGPT): Disabled
  - ShareGPT Dataset: Disabled
  - Max Concurrent Allocations: 4 (bounds RAM usage)
================================================================================

User Context Length Distribution:
  Min: 721 tokens (225.31MiB)
  Max: 23764 tokens (7426.25MiB)
  Mean: 9530 tokens (2978.21MiB)

QoS Distribution:
  interactive: 12 users
  responsive: 20 users
  batch: 38 users

### MEMORY SAFETY CHECK ###
  Formula: peak = (workers x 2 x mean_entry_bytes) + baseline
         = (70 x 2 x 2500MiB) + 2.5GiB
         = 344.3GiB
  Available RAM: 988.6GiB
  Mean entry size: 2500MiB  (8000 tok x 327,680 B/tok)
  Peak per thread: 5000MiB  (np.load + np.array copy)
  Worker threads: 70
  Safe concurrent readers: ~201  = (available - baseline) / peak_per_thread
  Status: OK

Starting benchmark... Mode: standard (prefill+decode)
--------------------------------------------------------------------------------

================================================================================
BENCHMARK RESULTS - MLPerf KV Cache Storage Benchmark
Generation Mode: none (0.0ms/token)
================================================================================

IMPORTANT: All storage latencies below are measured per KV cache BLOCK,
not per token or per disk page.  Each block holds the full KV state for
one request (all layers, all heads, full sequence length).
  Model KV bytes/token: 327,680 bytes (320.0KiB)
  Entries in cache: 288
  Block size min:   69.1MiB
  Block size mean:  1510.9MiB
  Block size P95:   4781.3MiB
  Block size max:   6825.3MiB
  A 200MiB block at 1GiB/s NVMe read = ~200 ms device latency.
  Compare latencies against block sizes, not against 4KiB page I/O.


### OVERALL PERFORMANCE ###
Requests Completed: 280
Total Tokens Generated: 40668
Throughput (wall-clock): 135.30 tokens/sec
Throughput (storage I/O): 5.93 tokens/sec
Requests/sec: 0.93

### END-TO-END LATENCY (Queue Wait + Storage I/O + Generation) ###
  Mean: 188852.09 ms
  P50:  191233.98 ms
  P95:  367484.74 ms
  P99:  382437.49 ms

### PER-REQUEST STORAGE LATENCY (All I/O ops for one request) ###
  Mean: 24513.19 ms
  P50:  11852.50 ms
  P95:  83105.36 ms
  P99:  111908.73 ms
  (= 1 prefill write + N decode reads per request)

### STORAGE PERFORMANCE ###
  Cache Hit Rate: 81.3%
  Total Read: 1768.15GiB
  Total Write: 424.94GiB
  Read/Write Ratio: 4.16
  Storage KV Read Operations/sec: 4.82
  Storage KV Write Operations/sec: 0.96

### CACHE TIER DISTRIBUTION ###
  GPU Entries: 0 (0.00GiB)
  CPU Entries: 0 (0.00GiB)
  Storage Entries: 288

### TIER-SPECIFIC KV BYTES ###
  Storage KV Bytes Written: 424.94GiB
  Storage KV Bytes Read: 1768.15GiB

### STORAGE KV BANDWIDTH ###
  Storage KV Read Bandwidth: 5.88GiB/s
  Storage KV Write Bandwidth: 1.41GiB/s

### TIER-SPECIFIC LATENCIES (Total = Host + Device) ###
  Storage Read P95 (Total): 12889.75 ms
  Storage Write P95 (Total): 7619.02 ms

### STORAGE TIER LATENCY BREAKDOWN (Device = Disk I/O, Host = Serialization) ###
  Storage Read:
    - Device P95 (Disk I/O): 10210.54 ms
    - Host P95 (Serialization): 3684.55 ms
    - Total P95: 12889.75 ms
  Storage Write:
    - Device P95 (Disk I/O): 889.83 ms
    - Host P95 (Serialization): 7618.96 ms
    - Total P95: 7619.02 ms

### CACHE TYPE BREAKDOWNS ###
  System Prompt Hits: 238
  Common Phrase Hits: 0
  User Cache Hits: 1188
  Multi-turn Hits: 19

### PREFIX CACHING ###
  Prefix Hits: 55
  Prefix Misses: 233
  System Prompt Reuse: 55
  Bytes Saved: 0.12GiB

### MULTI-TURN CONVERSATIONS ###
  Multi-turn Cache Hits: 19
  Multi-turn Cache Misses: 278
  Multi-turn Hit Rate: 6.4%

### QOS LATENCY METRICS (Informational - includes simulated generation) ###

  INTERACTIVE:
    Requests: 224
    Latency P95: 371820.67 ms
    Latency P99: 383939.19 ms
    SLA Met: [X] (compliance: 0.0%)

  RESPONSIVE:
    Requests: 21
    Latency P95: 102053.47 ms
    Latency P99: 109898.11 ms
    SLA Met: [X] (compliance: 0.0%)

  BATCH:
    Requests: 35
    Latency P95: 131542.08 ms
    Latency P99: 177249.56 ms
    SLA Met: [X] (compliance: 0.0%)

================================================================================
NOTES:
  - Pure storage I/O benchmark (no generation simulation)
================================================================================

Integrated Multi-User KV Cache Benchmark - MLPerf Edition
Model: Llama 3.1 70B Instruct
GPU Memory: 0 GB
Users: 70
Duration: 300s
Seed: 124
Generation Mode: none (0.0ms/token)
Features:
  - Phase-Aware Processing: Enabled
  - Multi-turn Conversations: Enabled
  - Prefix Caching: Enabled
  - RAG Workload: Disabled
  - Autoscaling: Disabled
  - QoS Support: Enabled (Interactive/Responsive/Batch)
  - Trace-Driven (BurstGPT): Disabled
  - ShareGPT Dataset: Disabled
  - Max Concurrent Allocations: 4 (bounds RAM usage)
================================================================================

User Context Length Distribution:
  Min: 513 tokens (160.31MiB)
  Max: 24897 tokens (7780.31MiB)
  Mean: 9641 tokens (3012.78MiB)

QoS Distribution:
  interactive: 14 users
  responsive: 26 users
  batch: 30 users

### MEMORY SAFETY CHECK ###
  Formula: peak = (workers x 2 x mean_entry_bytes) + baseline
         = (70 x 2 x 2500MiB) + 2.5GiB
         = 344.3GiB
  Available RAM: 985.6GiB
  Mean entry size: 2500MiB  (8000 tok x 327,680 B/tok)
  Peak per thread: 5000MiB  (np.load + np.array copy)
  Worker threads: 70
  Safe concurrent readers: ~201  = (available - baseline) / peak_per_thread
  Status: OK

Starting benchmark... Mode: standard (prefill+decode)
--------------------------------------------------------------------------------

================================================================================
BENCHMARK RESULTS - MLPerf KV Cache Storage Benchmark
Generation Mode: none (0.0ms/token)
================================================================================

IMPORTANT: All storage latencies below are measured per KV cache BLOCK,
not per token or per disk page.  Each block holds the full KV state for
one request (all layers, all heads, full sequence length).
  Model KV bytes/token: 327,680 bytes (320.0KiB)
  Entries in cache: 252
  Block size min:   60.9MiB
  Block size mean:  1852.3MiB
  Block size P95:   5309.6MiB
  Block size max:   6810.6MiB
  A 200MiB block at 1GiB/s NVMe read = ~200 ms device latency.
  Compare latencies against block sizes, not against 4KiB page I/O.


### OVERALL PERFORMANCE ###
Requests Completed: 243
Total Tokens Generated: 38874
Throughput (wall-clock): 128.98 tokens/sec
Throughput (storage I/O): 6.44 tokens/sec
Requests/sec: 0.81

### END-TO-END LATENCY (Queue Wait + Storage I/O + Generation) ###
  Mean: 185230.03 ms
  P50:  176912.63 ms
  P95:  375396.88 ms
  P99:  385134.62 ms

### PER-REQUEST STORAGE LATENCY (All I/O ops for one request) ###
  Mean: 24823.43 ms
  P50:  7860.82 ms
  P95:  101820.66 ms
  P99:  131543.60 ms
  (= 1 prefill write + N decode reads per request)

### STORAGE PERFORMANCE ###
  Cache Hit Rate: 76.9%
  Total Read: 1645.13GiB
  Total Write: 455.85GiB
  Read/Write Ratio: 3.61
  Storage KV Read Operations/sec: 4.19
  Storage KV Write Operations/sec: 0.84

### CACHE TIER DISTRIBUTION ###
  GPU Entries: 0 (0.00GiB)
  CPU Entries: 0 (0.00GiB)
  Storage Entries: 252

### TIER-SPECIFIC KV BYTES ###
  Storage KV Bytes Written: 455.85GiB
  Storage KV Bytes Read: 1645.13GiB

### STORAGE KV BANDWIDTH ###
  Storage KV Read Bandwidth: 5.46GiB/s
  Storage KV Write Bandwidth: 1.51GiB/s

### TIER-SPECIFIC LATENCIES (Total = Host + Device) ###
  Storage Read P95 (Total): 13545.95 ms
  Storage Write P95 (Total): 10210.01 ms

### STORAGE TIER LATENCY BREAKDOWN (Device = Disk I/O, Host = Serialization) ###
  Storage Read:
    - Device P95 (Disk I/O): 9369.36 ms
    - Host P95 (Serialization): 4024.40 ms
    - Total P95: 13545.95 ms
  Storage Write:
    - Device P95 (Disk I/O): 317.09 ms
    - Host P95 (Serialization): 10209.99 ms
    - Total P95: 10210.01 ms

### CACHE TYPE BREAKDOWNS ###
  System Prompt Hits: 243
  Common Phrase Hits: 0
  User Cache Hits: 982
  Multi-turn Hits: 32

### PREFIX CACHING ###
  Prefix Hits: 49
  Prefix Misses: 203
  System Prompt Reuse: 49
  Bytes Saved: 0.10GiB

### MULTI-TURN CONVERSATIONS ###
  Multi-turn Cache Hits: 32
  Multi-turn Cache Misses: 329
  Multi-turn Hit Rate: 8.9%

### QOS LATENCY METRICS (Informational - includes simulated generation) ###

  INTERACTIVE:
    Requests: 190
    Latency P95: 376086.04 ms
    Latency P99: 386707.17 ms
    SLA Met: [X] (compliance: 0.0%)

  RESPONSIVE:
    Requests: 28
    Latency P95: 156647.81 ms
    Latency P99: 172442.87 ms
    SLA Met: [X] (compliance: 0.0%)

  BATCH:
    Requests: 25
    Latency P95: 168143.62 ms
    Latency P99: 193278.56 ms
    SLA Met: [X] (compliance: 0.0%)

================================================================================
NOTES:
  - Pure storage I/O benchmark (no generation simulation)
================================================================================

Integrated Multi-User KV Cache Benchmark - MLPerf Edition
Model: Llama 3.1 70B Instruct
GPU Memory: 0 GB
Users: 70
Duration: 300s
Seed: 209
Generation Mode: none (0.0ms/token)
Features:
  - Phase-Aware Processing: Enabled
  - Multi-turn Conversations: Enabled
  - Prefix Caching: Enabled
  - RAG Workload: Disabled
  - Autoscaling: Disabled
  - QoS Support: Enabled (Interactive/Responsive/Batch)
  - Trace-Driven (BurstGPT): Disabled
  - ShareGPT Dataset: Disabled
  - Max Concurrent Allocations: 4 (bounds RAM usage)
================================================================================

User Context Length Distribution:
  Min: 522 tokens (163.12MiB)
  Max: 22206 tokens (6939.38MiB)
  Mean: 7072 tokens (2210.01MiB)

QoS Distribution:
  interactive: 8 users
  responsive: 28 users
  batch: 34 users

### MEMORY SAFETY CHECK ###
  Formula: peak = (workers x 2 x mean_entry_bytes) + baseline
         = (70 x 2 x 2500MiB) + 2.5GiB
         = 344.3GiB
  Available RAM: 988.9GiB
  Mean entry size: 2500MiB  (8000 tok x 327,680 B/tok)
  Peak per thread: 5000MiB  (np.load + np.array copy)
  Worker threads: 70
  Safe concurrent readers: ~202  = (available - baseline) / peak_per_thread
  Status: OK

Starting benchmark... Mode: standard (prefill+decode)
--------------------------------------------------------------------------------

================================================================================
BENCHMARK RESULTS - MLPerf KV Cache Storage Benchmark
Generation Mode: none (0.0ms/token)
================================================================================

IMPORTANT: All storage latencies below are measured per KV cache BLOCK,
not per token or per disk page.  Each block holds the full KV state for
one request (all layers, all heads, full sequence length).
  Model KV bytes/token: 327,680 bytes (320.0KiB)
  Entries in cache: 347
  Block size min:   44.7MiB
  Block size mean:  1074.7MiB
  Block size P95:   3344.8MiB
  Block size max:   4631.2MiB
  A 200MiB block at 1GiB/s NVMe read = ~200 ms device latency.
  Compare latencies against block sizes, not against 4KiB page I/O.


### OVERALL PERFORMANCE ###
Requests Completed: 341
Total Tokens Generated: 46751
Throughput (wall-clock): 155.66 tokens/sec
Throughput (storage I/O): 6.03 tokens/sec
Requests/sec: 1.14

### END-TO-END LATENCY (Queue Wait + Storage I/O + Generation) ###
  Mean: 179456.64 ms
  P50:  176106.86 ms
  P95:  357217.06 ms
  P99:  372458.30 ms

### PER-REQUEST STORAGE LATENCY (All I/O ops for one request) ###
  Mean: 22746.13 ms
  P50:  8718.28 ms
  P95:  88994.59 ms
  P99:  165743.44 ms
  (= 1 prefill write + N decode reads per request)

### STORAGE PERFORMANCE ###
  Cache Hit Rate: 84.3%
  Total Read: 1988.98GiB
  Total Write: 364.19GiB
  Read/Write Ratio: 5.46
  Storage KV Read Operations/sec: 5.86
  Storage KV Write Operations/sec: 1.16

### CACHE TIER DISTRIBUTION ###
  GPU Entries: 0 (0.00GiB)
  CPU Entries: 0 (0.00GiB)
  Storage Entries: 347

### TIER-SPECIFIC KV BYTES ###
  Storage KV Bytes Written: 364.19GiB
  Storage KV Bytes Read: 1988.98GiB

### STORAGE KV BANDWIDTH ###
  Storage KV Read Bandwidth: 6.62GiB/s
  Storage KV Write Bandwidth: 1.21GiB/s

### TIER-SPECIFIC LATENCIES (Total = Host + Device) ###
  Storage Read P95 (Total): 15228.98 ms
  Storage Write P95 (Total): 6844.33 ms

### STORAGE TIER LATENCY BREAKDOWN (Device = Disk I/O, Host = Serialization) ###
  Storage Read:
    - Device P95 (Disk I/O): 13478.19 ms
    - Host P95 (Serialization): 3768.93 ms
    - Total P95: 15228.98 ms
  Storage Write:
    - Device P95 (Disk I/O): 450.70 ms
    - Host P95 (Serialization): 6804.00 ms
    - Total P95: 6844.33 ms

### CACHE TYPE BREAKDOWNS ###
  System Prompt Hits: 361
  Common Phrase Hits: 0
  User Cache Hits: 1361
  Multi-turn Hits: 35

### PREFIX CACHING ###
  Prefix Hits: 70
  Prefix Misses: 277
  System Prompt Reuse: 70
  Bytes Saved: 0.14GiB

### MULTI-TURN CONVERSATIONS ###
  Multi-turn Cache Hits: 35
  Multi-turn Cache Misses: 256
  Multi-turn Hit Rate: 12.0%

### QOS LATENCY METRICS (Informational - includes simulated generation) ###

  INTERACTIVE:
    Requests: 282
    Latency P95: 361221.49 ms
    Latency P99: 374192.74 ms
    SLA Met: [X] (compliance: 0.0%)

  RESPONSIVE:
    Requests: 34
    Latency P95: 89327.73 ms
    Latency P99: 104027.09 ms
    SLA Met: [X] (compliance: 0.0%)

  BATCH:
    Requests: 25
    Latency P95: 99102.22 ms
    Latency P99: 106191.32 ms
    SLA Met: [X] (compliance: 0.0%)

================================================================================
NOTES:
  - Pure storage I/O benchmark (no generation simulation)
================================================================================

Integrated Multi-User KV Cache Benchmark - MLPerf Edition
Model: Llama 3.1 70B Instruct
GPU Memory: 0 GB
Users: 70
Duration: 300s
Seed: 224
Generation Mode: none (0.0ms/token)
Features:
  - Phase-Aware Processing: Enabled
  - Multi-turn Conversations: Enabled
  - Prefix Caching: Enabled
  - RAG Workload: Disabled
  - Autoscaling: Disabled
  - QoS Support: Enabled (Interactive/Responsive/Batch)
  - Trace-Driven (BurstGPT): Disabled
  - ShareGPT Dataset: Disabled
  - Max Concurrent Allocations: 4 (bounds RAM usage)
================================================================================

User Context Length Distribution:
  Min: 538 tokens (168.12MiB)
  Max: 24044 tokens (7513.75MiB)
  Mean: 9764 tokens (3051.22MiB)

QoS Distribution:
  interactive: 10 users
  responsive: 33 users
  batch: 27 users

### MEMORY SAFETY CHECK ###
  Formula: peak = (workers x 2 x mean_entry_bytes) + baseline
         = (70 x 2 x 2500MiB) + 2.5GiB
         = 344.3GiB
  Available RAM: 989.4GiB
  Mean entry size: 2500MiB  (8000 tok x 327,680 B/tok)
  Peak per thread: 5000MiB  (np.load + np.array copy)
  Worker threads: 70
  Safe concurrent readers: ~202  = (available - baseline) / peak_per_thread
  Status: OK

Starting benchmark... Mode: standard (prefill+decode)
--------------------------------------------------------------------------------

================================================================================
BENCHMARK RESULTS - MLPerf KV Cache Storage Benchmark
Generation Mode: none (0.0ms/token)
================================================================================

IMPORTANT: All storage latencies below are measured per KV cache BLOCK,
not per token or per disk page.  Each block holds the full KV state for
one request (all layers, all heads, full sequence length).
  Model KV bytes/token: 327,680 bytes (320.0KiB)
  Entries in cache: 300
  Block size min:   45.3MiB
  Block size mean:  1333.6MiB
  Block size P95:   3592.0MiB
  Block size max:   6370.9MiB
  A 200MiB block at 1GiB/s NVMe read = ~200 ms device latency.
  Compare latencies against block sizes, not against 4KiB page I/O.


### OVERALL PERFORMANCE ###
Requests Completed: 290
Total Tokens Generated: 45930
Throughput (wall-clock): 150.78 tokens/sec
Throughput (storage I/O): 5.40 tokens/sec
Requests/sec: 0.95

### END-TO-END LATENCY (Queue Wait + Storage I/O + Generation) ###
  Mean: 191621.68 ms
  P50:  203556.92 ms
  P95:  363637.28 ms
  P99:  378489.27 ms

### PER-REQUEST STORAGE LATENCY (All I/O ops for one request) ###
  Mean: 29348.23 ms
  P50:  17062.13 ms
  P95:  97178.93 ms
  P99:  137472.92 ms
  (= 1 prefill write + N decode reads per request)

### STORAGE PERFORMANCE ###
  Cache Hit Rate: 89.7%
  Total Read: 2357.33GiB
  Total Write: 390.70GiB
  Read/Write Ratio: 6.03
  Storage KV Read Operations/sec: 5.78
  Storage KV Write Operations/sec: 1.00

### CACHE TIER DISTRIBUTION ###
  GPU Entries: 0 (0.00GiB)
  CPU Entries: 0 (0.00GiB)
  Storage Entries: 300

### TIER-SPECIFIC KV BYTES ###
  Storage KV Bytes Written: 390.70GiB
  Storage KV Bytes Read: 2357.33GiB

### STORAGE KV BANDWIDTH ###
  Storage KV Read Bandwidth: 7.74GiB/s
  Storage KV Write Bandwidth: 1.28GiB/s

### TIER-SPECIFIC LATENCIES (Total = Host + Device) ###
  Storage Read P95 (Total): 14178.02 ms
  Storage Write P95 (Total): 7976.76 ms

### STORAGE TIER LATENCY BREAKDOWN (Device = Disk I/O, Host = Serialization) ###
  Storage Read:
    - Device P95 (Disk I/O): 11587.90 ms
    - Host P95 (Serialization): 3861.89 ms
    - Total P95: 14178.02 ms
  Storage Write:
    - Device P95 (Disk I/O): 503.97 ms
    - Host P95 (Serialization): 7913.82 ms
    - Total P95: 7976.76 ms

### CACHE TYPE BREAKDOWNS ###
  System Prompt Hits: 306
  Common Phrase Hits: 0
  User Cache Hits: 1392
  Multi-turn Hits: 37

### PREFIX CACHING ###
  Prefix Hits: 54
  Prefix Misses: 246
  System Prompt Reuse: 54
  Bytes Saved: 0.10GiB

### MULTI-TURN CONVERSATIONS ###
  Multi-turn Cache Hits: 37
  Multi-turn Cache Misses: 145
  Multi-turn Hit Rate: 20.3%

### QOS LATENCY METRICS (Informational - includes simulated generation) ###

  INTERACTIVE:
    Requests: 231
    Latency P95: 365939.31 ms
    Latency P99: 378541.12 ms
    SLA Met: [X] (compliance: 0.0%)

  RESPONSIVE:
    Requests: 34
    Latency P95: 150126.22 ms
    Latency P99: 174078.47 ms
    SLA Met: [X] (compliance: 0.0%)

  BATCH:
    Requests: 25
    Latency P95: 142971.18 ms
    Latency P99: 222729.95 ms
    SLA Met: [X] (compliance: 0.0%)

================================================================================
NOTES:
  - Pure storage I/O benchmark (no generation simulation)
================================================================================

Integrated Multi-User KV Cache Benchmark - MLPerf Edition
Model: Llama 3.1 70B Instruct
GPU Memory: 0 GB
Users: 70
Duration: 300s
Seed: 175
Generation Mode: none (0.0ms/token)
Features:
  - Phase-Aware Processing: Enabled
  - Multi-turn Conversations: Enabled
  - Prefix Caching: Enabled
  - RAG Workload: Disabled
  - Autoscaling: Disabled
  - QoS Support: Enabled (Interactive/Responsive/Batch)
  - Trace-Driven (BurstGPT): Disabled
  - ShareGPT Dataset: Disabled
  - Max Concurrent Allocations: 4 (bounds RAM usage)
================================================================================

User Context Length Distribution:
  Min: 828 tokens (258.75MiB)
  Max: 23025 tokens (7195.31MiB)
  Mean: 9384 tokens (2932.41MiB)

QoS Distribution:
  interactive: 7 users
  responsive: 28 users
  batch: 35 users

### MEMORY SAFETY CHECK ###
  Formula: peak = (workers x 2 x mean_entry_bytes) + baseline
         = (70 x 2 x 2500MiB) + 2.5GiB
         = 344.3GiB
  Available RAM: 990.0GiB
  Mean entry size: 2500MiB  (8000 tok x 327,680 B/tok)
  Peak per thread: 5000MiB  (np.load + np.array copy)
  Worker threads: 70
  Safe concurrent readers: ~202  = (available - baseline) / peak_per_thread
  Status: OK

Starting benchmark... Mode: standard (prefill+decode)
--------------------------------------------------------------------------------

================================================================================
BENCHMARK RESULTS - MLPerf KV Cache Storage Benchmark
Generation Mode: none (0.0ms/token)
================================================================================

IMPORTANT: All storage latencies below are measured per KV cache BLOCK,
not per token or per disk page.  Each block holds the full KV state for
one request (all layers, all heads, full sequence length).
  Model KV bytes/token: 327,680 bytes (320.0KiB)
  Entries in cache: 204
  Block size min:   96.2MiB
  Block size mean:  1974.2MiB
  Block size P95:   5632.7MiB
  Block size max:   7025.6MiB
  A 200MiB block at 1GiB/s NVMe read = ~200 ms device latency.
  Compare latencies against block sizes, not against 4KiB page I/O.


### OVERALL PERFORMANCE ###
Requests Completed: 193
Total Tokens Generated: 36687
Throughput (wall-clock): 119.73 tokens/sec
Throughput (storage I/O): 4.76 tokens/sec
Requests/sec: 0.63

### END-TO-END LATENCY (Queue Wait + Storage I/O + Generation) ###
  Mean: 190337.12 ms
  P50:  187782.42 ms
  P95:  378717.50 ms
  P99:  385775.70 ms

### PER-REQUEST STORAGE LATENCY (All I/O ops for one request) ###
  Mean: 39973.15 ms
  P50:  22908.58 ms
  P95:  144730.68 ms
  P99:  189700.59 ms
  (= 1 prefill write + N decode reads per request)

### STORAGE PERFORMANCE ###
  Cache Hit Rate: 75.5%
  Total Read: 1881.21GiB
  Total Write: 393.29GiB
  Read/Write Ratio: 4.78
  Storage KV Read Operations/sec: 4.16
  Storage KV Write Operations/sec: 0.68

### CACHE TIER DISTRIBUTION ###
  GPU Entries: 0 (0.00GiB)
  CPU Entries: 0 (0.00GiB)
  Storage Entries: 204

### TIER-SPECIFIC KV BYTES ###
  Storage KV Bytes Written: 393.29GiB
  Storage KV Bytes Read: 1881.21GiB

### STORAGE KV BANDWIDTH ###
  Storage KV Read Bandwidth: 6.14GiB/s
  Storage KV Write Bandwidth: 1.28GiB/s

### TIER-SPECIFIC LATENCIES (Total = Host + Device) ###
  Storage Read P95 (Total): 20413.64 ms
  Storage Write P95 (Total): 10174.05 ms

### STORAGE TIER LATENCY BREAKDOWN (Device = Disk I/O, Host = Serialization) ###
  Storage Read:
    - Device P95 (Disk I/O): 17024.43 ms
    - Host P95 (Serialization): 6344.34 ms
    - Total P95: 20413.64 ms
  Storage Write:
    - Device P95 (Disk I/O): 990.06 ms
    - Host P95 (Serialization): 10069.51 ms
    - Total P95: 10174.05 ms

### CACHE TYPE BREAKDOWNS ###
  System Prompt Hits: 217
  Common Phrase Hits: 0
  User Cache Hits: 965
  Multi-turn Hits: 65

### PREFIX CACHING ###
  Prefix Hits: 40
  Prefix Misses: 164
  System Prompt Reuse: 40
  Bytes Saved: 0.08GiB

### MULTI-TURN CONVERSATIONS ###
  Multi-turn Cache Hits: 65
  Multi-turn Cache Misses: 364
  Multi-turn Hit Rate: 15.2%

### QOS LATENCY METRICS (Informational - includes simulated generation) ###

  INTERACTIVE:
    Requests: 132
    Latency P95: 380255.09 ms
    Latency P99: 389236.11 ms
    SLA Met: [X] (compliance: 0.0%)

  RESPONSIVE:
    Requests: 36
    Latency P95: 217495.89 ms
    Latency P99: 247613.77 ms
    SLA Met: [X] (compliance: 0.0%)

  BATCH:
    Requests: 25
    Latency P95: 91954.63 ms
    Latency P99: 172759.68 ms
    SLA Met: [X] (compliance: 0.0%)

================================================================================
NOTES:
  - Pure storage I/O benchmark (no generation simulation)
================================================================================

Integrated Multi-User KV Cache Benchmark - MLPerf Edition
Model: Llama 3.1 70B Instruct
GPU Memory: 0 GB
Users: 70
Duration: 300s
Seed: 99
Generation Mode: none (0.0ms/token)
Features:
  - Phase-Aware Processing: Enabled
  - Multi-turn Conversations: Enabled
  - Prefix Caching: Enabled
  - RAG Workload: Disabled
  - Autoscaling: Disabled
  - QoS Support: Enabled (Interactive/Responsive/Batch)
  - Trace-Driven (BurstGPT): Disabled
  - ShareGPT Dataset: Disabled
  - Max Concurrent Allocations: 4 (bounds RAM usage)
================================================================================

User Context Length Distribution:
  Min: 535 tokens (167.19MiB)
  Max: 24603 tokens (7688.44MiB)
  Mean: 9661 tokens (3019.02MiB)

QoS Distribution:
  interactive: 6 users
  responsive: 27 users
  batch: 37 users

### MEMORY SAFETY CHECK ###
  Formula: peak = (workers x 2 x mean_entry_bytes) + baseline
         = (70 x 2 x 2500MiB) + 2.5GiB
         = 344.3GiB
  Available RAM: 988.7GiB
  Mean entry size: 2500MiB  (8000 tok x 327,680 B/tok)
  Peak per thread: 5000MiB  (np.load + np.array copy)
  Worker threads: 70
  Safe concurrent readers: ~201  = (available - baseline) / peak_per_thread
  Status: OK

Starting benchmark... Mode: standard (prefill+decode)
--------------------------------------------------------------------------------

================================================================================
BENCHMARK RESULTS - MLPerf KV Cache Storage Benchmark
Generation Mode: none (0.0ms/token)
================================================================================

IMPORTANT: All storage latencies below are measured per KV cache BLOCK,
not per token or per disk page.  Each block holds the full KV state for
one request (all layers, all heads, full sequence length).
  Model KV bytes/token: 327,680 bytes (320.0KiB)
  Entries in cache: 274
  Block size min:   61.9MiB
  Block size mean:  1620.9MiB
  Block size P95:   4744.4MiB
  Block size max:   7204.1MiB
  A 200MiB block at 1GiB/s NVMe read = ~200 ms device latency.
  Compare latencies against block sizes, not against 4KiB page I/O.


### OVERALL PERFORMANCE ###
Requests Completed: 265
Total Tokens Generated: 33921
Throughput (wall-clock): 112.76 tokens/sec
Throughput (storage I/O): 7.17 tokens/sec
Requests/sec: 0.88

### END-TO-END LATENCY (Queue Wait + Storage I/O + Generation) ###
  Mean: 175951.83 ms
  P50:  167684.00 ms
  P95:  348131.56 ms
  P99:  368553.07 ms

### PER-REQUEST STORAGE LATENCY (All I/O ops for one request) ###
  Mean: 17853.03 ms
  P50:  6728.48 ms
  P95:  66301.79 ms
  P99:  103678.96 ms
  (= 1 prefill write + N decode reads per request)

### STORAGE PERFORMANCE ###
  Cache Hit Rate: 79.9%
  Total Read: 1280.35GiB
  Total Write: 433.71GiB
  Read/Write Ratio: 2.95
  Storage KV Read Operations/sec: 3.59
  Storage KV Write Operations/sec: 0.91

### CACHE TIER DISTRIBUTION ###
  GPU Entries: 0 (0.00GiB)
  CPU Entries: 0 (0.00GiB)
  Storage Entries: 274

### TIER-SPECIFIC KV BYTES ###
  Storage KV Bytes Written: 433.71GiB
  Storage KV Bytes Read: 1280.35GiB

### STORAGE KV BANDWIDTH ###
  Storage KV Read Bandwidth: 4.26GiB/s
  Storage KV Write Bandwidth: 1.44GiB/s

### TIER-SPECIFIC LATENCIES (Total = Host + Device) ###
  Storage Read P95 (Total): 15460.08 ms
  Storage Write P95 (Total): 8642.25 ms

### STORAGE TIER LATENCY BREAKDOWN (Device = Disk I/O, Host = Serialization) ###
  Storage Read:
    - Device P95 (Disk I/O): 11054.89 ms
    - Host P95 (Serialization): 3795.03 ms
    - Total P95: 15460.08 ms
  Storage Write:
    - Device P95 (Disk I/O): 281.25 ms
    - Host P95 (Serialization): 8620.08 ms
    - Total P95: 8642.25 ms

### CACHE TYPE BREAKDOWNS ###
  System Prompt Hits: 239
  Common Phrase Hits: 0
  User Cache Hits: 813
  Multi-turn Hits: 24

### PREFIX CACHING ###
  Prefix Hits: 62
  Prefix Misses: 212
  System Prompt Reuse: 62
  Bytes Saved: 0.13GiB

### MULTI-TURN CONVERSATIONS ###
  Multi-turn Cache Hits: 24
  Multi-turn Cache Misses: 208
  Multi-turn Hit Rate: 10.3%

### QOS LATENCY METRICS (Informational - includes simulated generation) ###

  INTERACTIVE:
    Requests: 201
    Latency P95: 352808.74 ms
    Latency P99: 371096.36 ms
    SLA Met: [X] (compliance: 0.0%)

  RESPONSIVE:
    Requests: 24
    Latency P95: 117346.78 ms
    Latency P99: 139058.85 ms
    SLA Met: [X] (compliance: 0.0%)

  BATCH:
    Requests: 40
    Latency P95: 221880.37 ms
    Latency P99: 326407.13 ms
    SLA Met: [X] (compliance: 0.0%)

================================================================================
NOTES:
  - Pure storage I/O benchmark (no generation simulation)
================================================================================

Integrated Multi-User KV Cache Benchmark - MLPerf Edition
Model: Llama 3.1 70B Instruct
GPU Memory: 0 GB
Users: 70
Duration: 300s
Seed: 130
Generation Mode: none (0.0ms/token)
Features:
  - Phase-Aware Processing: Enabled
  - Multi-turn Conversations: Enabled
  - Prefix Caching: Enabled
  - RAG Workload: Disabled
  - Autoscaling: Disabled
  - QoS Support: Enabled (Interactive/Responsive/Batch)
  - Trace-Driven (BurstGPT): Disabled
  - ShareGPT Dataset: Disabled
  - Max Concurrent Allocations: 4 (bounds RAM usage)
================================================================================

User Context Length Distribution:
  Min: 799 tokens (249.69MiB)
  Max: 23048 tokens (7202.50MiB)
  Mean: 10180 tokens (3181.17MiB)

QoS Distribution:
  interactive: 12 users
  responsive: 29 users
  batch: 29 users

### MEMORY SAFETY CHECK ###
  Formula: peak = (workers x 2 x mean_entry_bytes) + baseline
         = (70 x 2 x 2500MiB) + 2.5GiB
         = 344.3GiB
  Available RAM: 989.9GiB
  Mean entry size: 2500MiB  (8000 tok x 327,680 B/tok)
  Peak per thread: 5000MiB  (np.load + np.array copy)
  Worker threads: 70
  Safe concurrent readers: ~202  = (available - baseline) / peak_per_thread
  Status: OK

Starting benchmark... Mode: standard (prefill+decode)
--------------------------------------------------------------------------------

================================================================================
BENCHMARK RESULTS - MLPerf KV Cache Storage Benchmark
Generation Mode: none (0.0ms/token)
================================================================================

IMPORTANT: All storage latencies below are measured per KV cache BLOCK,
not per token or per disk page.  Each block holds the full KV state for
one request (all layers, all heads, full sequence length).
  Model KV bytes/token: 327,680 bytes (320.0KiB)
  Entries in cache: 291
  Block size min:   64.7MiB
  Block size mean:  1649.4MiB
  Block size P95:   4378.3MiB
  Block size max:   5704.7MiB
  A 200MiB block at 1GiB/s NVMe read = ~200 ms device latency.
  Compare latencies against block sizes, not against 4KiB page I/O.


### OVERALL PERFORMANCE ###
Requests Completed: 281
Total Tokens Generated: 39080
Throughput (wall-clock): 129.14 tokens/sec
Throughput (storage I/O): 6.09 tokens/sec
Requests/sec: 0.93

### END-TO-END LATENCY (Queue Wait + Storage I/O + Generation) ###
  Mean: 188400.23 ms
  P50:  185323.65 ms
  P95:  369402.84 ms
  P99:  380280.05 ms

### PER-REQUEST STORAGE LATENCY (All I/O ops for one request) ###
  Mean: 22841.10 ms
  P50:  13274.33 ms
  P95:  69840.20 ms
  P99:  92515.14 ms
  (= 1 prefill write + N decode reads per request)

### STORAGE PERFORMANCE ###
  Cache Hit Rate: 82.6%
  Total Read: 1964.30GiB
  Total Write: 468.73GiB
  Read/Write Ratio: 4.19
  Storage KV Read Operations/sec: 4.59
  Storage KV Write Operations/sec: 0.97

### CACHE TIER DISTRIBUTION ###
  GPU Entries: 0 (0.00GiB)
  CPU Entries: 0 (0.00GiB)
  Storage Entries: 291

### TIER-SPECIFIC KV BYTES ###
  Storage KV Bytes Written: 468.73GiB
  Storage KV Bytes Read: 1964.30GiB

### STORAGE KV BANDWIDTH ###
  Storage KV Read Bandwidth: 6.49GiB/s
  Storage KV Write Bandwidth: 1.55GiB/s

### TIER-SPECIFIC LATENCIES (Total = Host + Device) ###
  Storage Read P95 (Total): 13321.80 ms
  Storage Write P95 (Total): 10450.36 ms

### STORAGE TIER LATENCY BREAKDOWN (Device = Disk I/O, Host = Serialization) ###
  Storage Read:
    - Device P95 (Disk I/O): 11740.94 ms
    - Host P95 (Serialization): 2925.18 ms
    - Total P95: 13321.80 ms
  Storage Write:
    - Device P95 (Disk I/O): 1013.72 ms
    - Host P95 (Serialization): 9578.45 ms
    - Total P95: 10450.36 ms

### CACHE TYPE BREAKDOWNS ###
  System Prompt Hits: 292
  Common Phrase Hits: 0
  User Cache Hits: 1067
  Multi-turn Hits: 18

### PREFIX CACHING ###
  Prefix Hits: 61
  Prefix Misses: 230
  System Prompt Reuse: 61
  Bytes Saved: 0.12GiB

### MULTI-TURN CONVERSATIONS ###
  Multi-turn Cache Hits: 18
  Multi-turn Cache Misses: 229
  Multi-turn Hit Rate: 7.3%

### QOS LATENCY METRICS (Informational - includes simulated generation) ###

  INTERACTIVE:
    Requests: 229
    Latency P95: 373990.76 ms
    Latency P99: 383681.81 ms
    SLA Met: [X] (compliance: 0.0%)

  RESPONSIVE:
    Requests: 29
    Latency P95: 160924.91 ms
    Latency P99: 181337.22 ms
    SLA Met: [X] (compliance: 0.0%)

  BATCH:
    Requests: 23
    Latency P95: 120310.47 ms
    Latency P99: 171460.50 ms
    SLA Met: [X] (compliance: 0.0%)

================================================================================
NOTES:
  - Pure storage I/O benchmark (no generation simulation)
================================================================================

Integrated Multi-User KV Cache Benchmark - MLPerf Edition
Model: Llama 3.1 70B Instruct
GPU Memory: 0 GB
Users: 70
Duration: 300s
Seed: 56
Generation Mode: none (0.0ms/token)
Features:
  - Phase-Aware Processing: Enabled
  - Multi-turn Conversations: Enabled
  - Prefix Caching: Enabled
  - RAG Workload: Disabled
  - Autoscaling: Disabled
  - QoS Support: Enabled (Interactive/Responsive/Batch)
  - Trace-Driven (BurstGPT): Disabled
  - ShareGPT Dataset: Disabled
  - Max Concurrent Allocations: 4 (bounds RAM usage)
================================================================================

User Context Length Distribution:
  Min: 820 tokens (256.25MiB)
  Max: 24356 tokens (7611.25MiB)
  Mean: 9134 tokens (2854.38MiB)

QoS Distribution:
  interactive: 12 users
  responsive: 22 users
  batch: 36 users

### MEMORY SAFETY CHECK ###
  Formula: peak = (workers x 2 x mean_entry_bytes) + baseline
         = (70 x 2 x 2500MiB) + 2.5GiB
         = 344.3GiB
  Available RAM: 988.2GiB
  Mean entry size: 2500MiB  (8000 tok x 327,680 B/tok)
  Peak per thread: 5000MiB  (np.load + np.array copy)
  Worker threads: 70
  Safe concurrent readers: ~201  = (available - baseline) / peak_per_thread
  Status: OK

Starting benchmark... Mode: standard (prefill+decode)
--------------------------------------------------------------------------------

================================================================================
BENCHMARK RESULTS - MLPerf KV Cache Storage Benchmark
Generation Mode: none (0.0ms/token)
================================================================================

IMPORTANT: All storage latencies below are measured per KV cache BLOCK,
not per token or per disk page.  Each block holds the full KV state for
one request (all layers, all heads, full sequence length).
  Model KV bytes/token: 327,680 bytes (320.0KiB)
  Entries in cache: 266
  Block size min:   69.7MiB
  Block size mean:  1619.0MiB
  Block size P95:   4553.8MiB
  Block size max:   6754.1MiB
  A 200MiB block at 1GiB/s NVMe read = ~200 ms device latency.
  Compare latencies against block sizes, not against 4KiB page I/O.


### OVERALL PERFORMANCE ###
Requests Completed: 255
Total Tokens Generated: 43340
Throughput (wall-clock): 142.53 tokens/sec
Throughput (storage I/O): 5.35 tokens/sec
Requests/sec: 0.84

### END-TO-END LATENCY (Queue Wait + Storage I/O + Generation) ###
  Mean: 184756.12 ms
  P50:  177803.05 ms
  P95:  375446.55 ms
  P99:  382948.06 ms

### PER-REQUEST STORAGE LATENCY (All I/O ops for one request) ###
  Mean: 31777.10 ms
  P50:  21788.46 ms
  P95:  93959.45 ms
  P99:  180712.99 ms
  (= 1 prefill write + N decode reads per request)

### STORAGE PERFORMANCE ###
  Cache Hit Rate: 90.3%
  Total Read: 2034.22GiB
  Total Write: 420.55GiB
  Read/Write Ratio: 4.84
  Storage KV Read Operations/sec: 5.31
  Storage KV Write Operations/sec: 0.89

### CACHE TIER DISTRIBUTION ###
  GPU Entries: 0 (0.00GiB)
  CPU Entries: 0 (0.00GiB)
  Storage Entries: 266

### TIER-SPECIFIC KV BYTES ###
  Storage KV Bytes Written: 420.55GiB
  Storage KV Bytes Read: 2034.22GiB

### STORAGE KV BANDWIDTH ###
  Storage KV Read Bandwidth: 6.69GiB/s
  Storage KV Write Bandwidth: 1.38GiB/s

### TIER-SPECIFIC LATENCIES (Total = Host + Device) ###
  Storage Read P95 (Total): 15208.37 ms
  Storage Write P95 (Total): 6706.18 ms

### STORAGE TIER LATENCY BREAKDOWN (Device = Disk I/O, Host = Serialization) ###
  Storage Read:
    - Device P95 (Disk I/O): 11589.96 ms
    - Host P95 (Serialization): 3761.20 ms
    - Total P95: 15208.37 ms
  Storage Write:
    - Device P95 (Disk I/O): 513.93 ms
    - Host P95 (Serialization): 6637.57 ms
    - Total P95: 6706.18 ms

### CACHE TYPE BREAKDOWNS ###
  System Prompt Hits: 262
  Common Phrase Hits: 0
  User Cache Hits: 1306
  Multi-turn Hits: 26

### PREFIX CACHING ###
  Prefix Hits: 45
  Prefix Misses: 221
  System Prompt Reuse: 45
  Bytes Saved: 0.09GiB

### MULTI-TURN CONVERSATIONS ###
  Multi-turn Cache Hits: 26
  Multi-turn Cache Misses: 126
  Multi-turn Hit Rate: 17.1%

### QOS LATENCY METRICS (Informational - includes simulated generation) ###

  INTERACTIVE:
    Requests: 194
    Latency P95: 376381.38 ms
    Latency P99: 383086.77 ms
    SLA Met: [X] (compliance: 0.0%)

  RESPONSIVE:
    Requests: 29
    Latency P95: 120604.03 ms
    Latency P99: 135347.34 ms
    SLA Met: [X] (compliance: 0.0%)

  BATCH:
    Requests: 32
    Latency P95: 148142.77 ms
    Latency P99: 160786.06 ms
    SLA Met: [X] (compliance: 0.0%)

================================================================================
NOTES:
  - Pure storage I/O benchmark (no generation simulation)
================================================================================

Integrated Multi-User KV Cache Benchmark - MLPerf Edition
Model: Llama 3.1 70B Instruct
GPU Memory: 0 GB
Users: 70
Duration: 300s
Seed: 118
Generation Mode: none (0.0ms/token)
Features:
  - Phase-Aware Processing: Enabled
  - Multi-turn Conversations: Enabled
  - Prefix Caching: Enabled
  - RAG Workload: Disabled
  - Autoscaling: Disabled
  - QoS Support: Enabled (Interactive/Responsive/Batch)
  - Trace-Driven (BurstGPT): Disabled
  - ShareGPT Dataset: Disabled
  - Max Concurrent Allocations: 4 (bounds RAM usage)
================================================================================

User Context Length Distribution:
  Min: 713 tokens (222.81MiB)
  Max: 22453 tokens (7016.56MiB)
  Mean: 9476 tokens (2961.33MiB)

QoS Distribution:
  interactive: 12 users
  responsive: 22 users
  batch: 36 users

### MEMORY SAFETY CHECK ###
  Formula: peak = (workers x 2 x mean_entry_bytes) + baseline
         = (70 x 2 x 2500MiB) + 2.5GiB
         = 344.3GiB
  Available RAM: 989.7GiB
  Mean entry size: 2500MiB  (8000 tok x 327,680 B/tok)
  Peak per thread: 5000MiB  (np.load + np.array copy)
  Worker threads: 70
  Safe concurrent readers: ~202  = (available - baseline) / peak_per_thread
  Status: OK

Starting benchmark... Mode: standard (prefill+decode)
--------------------------------------------------------------------------------

================================================================================
BENCHMARK RESULTS - MLPerf KV Cache Storage Benchmark
Generation Mode: none (0.0ms/token)
================================================================================

IMPORTANT: All storage latencies below are measured per KV cache BLOCK,
not per token or per disk page.  Each block holds the full KV state for
one request (all layers, all heads, full sequence length).
  Model KV bytes/token: 327,680 bytes (320.0KiB)
  Entries in cache: 318
  Block size min:   61.6MiB
  Block size mean:  991.1MiB
  Block size P95:   3245.7MiB
  Block size max:   5522.2MiB
  A 200MiB block at 1GiB/s NVMe read = ~200 ms device latency.
  Compare latencies against block sizes, not against 4KiB page I/O.


### OVERALL PERFORMANCE ###
Requests Completed: 312
Total Tokens Generated: 40082
Throughput (wall-clock): 129.52 tokens/sec
Throughput (storage I/O): 5.38 tokens/sec
Requests/sec: 1.01

### END-TO-END LATENCY (Queue Wait + Storage I/O + Generation) ###
  Mean: 192698.37 ms
  P50:  190030.52 ms
  P95:  347004.76 ms
  P99:  377159.74 ms

### PER-REQUEST STORAGE LATENCY (All I/O ops for one request) ###
  Mean: 23898.58 ms
  P50:  11411.12 ms
  P95:  85950.45 ms
  P99:  144413.86 ms
  (= 1 prefill write + N decode reads per request)

### STORAGE PERFORMANCE ###
  Cache Hit Rate: 81.7%
  Total Read: 1746.36GiB
  Total Write: 307.77GiB
  Read/Write Ratio: 5.67
  Storage KV Read Operations/sec: 5.36
  Storage KV Write Operations/sec: 1.06

### CACHE TIER DISTRIBUTION ###
  GPU Entries: 0 (0.00GiB)
  CPU Entries: 0 (0.00GiB)
  Storage Entries: 318

### TIER-SPECIFIC KV BYTES ###
  Storage KV Bytes Written: 307.77GiB
  Storage KV Bytes Read: 1746.36GiB

### STORAGE KV BANDWIDTH ###
  Storage KV Read Bandwidth: 5.64GiB/s
  Storage KV Write Bandwidth: 0.99GiB/s

### TIER-SPECIFIC LATENCIES (Total = Host + Device) ###
  Storage Read P95 (Total): 13339.29 ms
  Storage Write P95 (Total): 8957.22 ms

### STORAGE TIER LATENCY BREAKDOWN (Device = Disk I/O, Host = Serialization) ###
  Storage Read:
    - Device P95 (Disk I/O): 10340.17 ms
    - Host P95 (Serialization): 5150.90 ms
    - Total P95: 13339.29 ms
  Storage Write:
    - Device P95 (Disk I/O): 462.44 ms
    - Host P95 (Serialization): 7580.05 ms
    - Total P95: 8957.22 ms

### CACHE TYPE BREAKDOWNS ###
  System Prompt Hits: 274
  Common Phrase Hits: 0
  User Cache Hits: 1299
  Multi-turn Hits: 36

### PREFIX CACHING ###
  Prefix Hits: 61
  Prefix Misses: 257
  System Prompt Reuse: 61
  Bytes Saved: 0.12GiB

### MULTI-TURN CONVERSATIONS ###
  Multi-turn Cache Hits: 36
  Multi-turn Cache Misses: 300
  Multi-turn Hit Rate: 10.7%

### QOS LATENCY METRICS (Informational - includes simulated generation) ###

  INTERACTIVE:
    Requests: 254
    Latency P95: 348880.02 ms
    Latency P99: 377822.63 ms
    SLA Met: [X] (compliance: 0.0%)

  RESPONSIVE:
    Requests: 23
    Latency P95: 131918.53 ms
    Latency P99: 199704.13 ms
    SLA Met: [X] (compliance: 0.0%)

  BATCH:
    Requests: 35
    Latency P95: 161010.91 ms
    Latency P99: 240899.82 ms
    SLA Met: [X] (compliance: 0.0%)

================================================================================
NOTES:
  - Pure storage I/O benchmark (no generation simulation)
================================================================================

Integrated Multi-User KV Cache Benchmark - MLPerf Edition
Model: Llama 3.1 70B Instruct
GPU Memory: 0 GB
Users: 70
Duration: 300s
Seed: 115
Generation Mode: none (0.0ms/token)
Features:
  - Phase-Aware Processing: Enabled
  - Multi-turn Conversations: Enabled
  - Prefix Caching: Enabled
  - RAG Workload: Disabled
  - Autoscaling: Disabled
  - QoS Support: Enabled (Interactive/Responsive/Batch)
  - Trace-Driven (BurstGPT): Disabled
  - ShareGPT Dataset: Disabled
  - Max Concurrent Allocations: 4 (bounds RAM usage)
================================================================================

User Context Length Distribution:
  Min: 715 tokens (223.44MiB)
  Max: 24744 tokens (7732.50MiB)
  Mean: 9441 tokens (2950.32MiB)

QoS Distribution:
  interactive: 11 users
  responsive: 25 users
  batch: 34 users

### MEMORY SAFETY CHECK ###
  Formula: peak = (workers x 2 x mean_entry_bytes) + baseline
         = (70 x 2 x 2500MiB) + 2.5GiB
         = 344.3GiB
  Available RAM: 990.5GiB
  Mean entry size: 2500MiB  (8000 tok x 327,680 B/tok)
  Peak per thread: 5000MiB  (np.load + np.array copy)
  Worker threads: 70
  Safe concurrent readers: ~202  = (available - baseline) / peak_per_thread
  Status: OK

Starting benchmark... Mode: standard (prefill+decode)
--------------------------------------------------------------------------------

================================================================================
BENCHMARK RESULTS - MLPerf KV Cache Storage Benchmark
Generation Mode: none (0.0ms/token)
================================================================================

IMPORTANT: All storage latencies below are measured per KV cache BLOCK,
not per token or per disk page.  Each block holds the full KV state for
one request (all layers, all heads, full sequence length).
  Model KV bytes/token: 327,680 bytes (320.0KiB)
  Entries in cache: 263
  Block size min:   55.6MiB
  Block size mean:  1573.7MiB
  Block size P95:   5393.7MiB
  Block size max:   6755.0MiB
  A 200MiB block at 1GiB/s NVMe read = ~200 ms device latency.
  Compare latencies against block sizes, not against 4KiB page I/O.


### OVERALL PERFORMANCE ###
Requests Completed: 254
Total Tokens Generated: 34913
Throughput (wall-clock): 114.00 tokens/sec
Throughput (storage I/O): 6.79 tokens/sec
Requests/sec: 0.83

### END-TO-END LATENCY (Queue Wait + Storage I/O + Generation) ###
  Mean: 174708.51 ms
  P50:  158652.01 ms
  P95:  370948.93 ms
  P99:  381830.39 ms

### PER-REQUEST STORAGE LATENCY (All I/O ops for one request) ###
  Mean: 20236.69 ms
  P50:  8950.49 ms
  P95:  79291.83 ms
  P99:  124588.75 ms
  (= 1 prefill write + N decode reads per request)

### STORAGE PERFORMANCE ###
  Cache Hit Rate: 72.9%
  Total Read: 1111.94GiB
  Total Write: 404.19GiB
  Read/Write Ratio: 2.75
  Storage KV Read Operations/sec: 3.84
  Storage KV Write Operations/sec: 0.88

### CACHE TIER DISTRIBUTION ###
  GPU Entries: 0 (0.00GiB)
  CPU Entries: 0 (0.00GiB)
  Storage Entries: 263

### TIER-SPECIFIC KV BYTES ###
  Storage KV Bytes Written: 404.19GiB
  Storage KV Bytes Read: 1111.94GiB

### STORAGE KV BANDWIDTH ###
  Storage KV Read Bandwidth: 3.63GiB/s
  Storage KV Write Bandwidth: 1.32GiB/s

### TIER-SPECIFIC LATENCIES (Total = Host + Device) ###
  Storage Read P95 (Total): 12580.38 ms
  Storage Write P95 (Total): 9818.16 ms

### STORAGE TIER LATENCY BREAKDOWN (Device = Disk I/O, Host = Serialization) ###
  Storage Read:
    - Device P95 (Disk I/O): 10574.09 ms
    - Host P95 (Serialization): 3451.01 ms
    - Total P95: 12580.38 ms
  Storage Write:
    - Device P95 (Disk I/O): 429.43 ms
    - Host P95 (Serialization): 9817.72 ms
    - Total P95: 9818.16 ms

### CACHE TYPE BREAKDOWNS ###
  System Prompt Hits: 218
  Common Phrase Hits: 0
  User Cache Hits: 909
  Multi-turn Hits: 26

### PREFIX CACHING ###
  Prefix Hits: 65
  Prefix Misses: 198
  System Prompt Reuse: 65
  Bytes Saved: 0.13GiB

### MULTI-TURN CONVERSATIONS ###
  Multi-turn Cache Hits: 26
  Multi-turn Cache Misses: 364
  Multi-turn Hit Rate: 6.7%

### QOS LATENCY METRICS (Informational - includes simulated generation) ###

  INTERACTIVE:
    Requests: 203
    Latency P95: 374825.10 ms
    Latency P99: 381868.01 ms
    SLA Met: [X] (compliance: 0.0%)

  RESPONSIVE:
    Requests: 34
    Latency P95: 192976.67 ms
    Latency P99: 304330.67 ms
    SLA Met: [X] (compliance: 0.0%)

  BATCH:
    Requests: 17
    Latency P95: 44404.94 ms
    Latency P99: 66073.01 ms
    SLA Met: [X] (compliance: 0.0%)

================================================================================
NOTES:
  - Pure storage I/O benchmark (no generation simulation)
================================================================================

Integrated Multi-User KV Cache Benchmark - MLPerf Edition
Model: Llama 3.1 70B Instruct
GPU Memory: 0 GB
Users: 70
Duration: 300s
Seed: 93
Generation Mode: none (0.0ms/token)
Features:
  - Phase-Aware Processing: Enabled
  - Multi-turn Conversations: Enabled
  - Prefix Caching: Enabled
  - RAG Workload: Disabled
  - Autoscaling: Disabled
  - QoS Support: Enabled (Interactive/Responsive/Batch)
  - Trace-Driven (BurstGPT): Disabled
  - ShareGPT Dataset: Disabled
  - Max Concurrent Allocations: 4 (bounds RAM usage)
================================================================================

User Context Length Distribution:
  Min: 1011 tokens (315.94MiB)
  Max: 22887 tokens (7152.19MiB)
  Mean: 8709 tokens (2721.44MiB)

QoS Distribution:
  interactive: 14 users
  responsive: 18 users
  batch: 38 users

### MEMORY SAFETY CHECK ###
  Formula: peak = (workers x 2 x mean_entry_bytes) + baseline
         = (70 x 2 x 2500MiB) + 2.5GiB
         = 344.3GiB
  Available RAM: 983.9GiB
  Mean entry size: 2500MiB  (8000 tok x 327,680 B/tok)
  Peak per thread: 5000MiB  (np.load + np.array copy)
  Worker threads: 70
  Safe concurrent readers: ~200  = (available - baseline) / peak_per_thread
  Status: OK

Starting benchmark... Mode: standard (prefill+decode)
--------------------------------------------------------------------------------

================================================================================
BENCHMARK RESULTS - MLPerf KV Cache Storage Benchmark
Generation Mode: none (0.0ms/token)
================================================================================

IMPORTANT: All storage latencies below are measured per KV cache BLOCK,
not per token or per disk page.  Each block holds the full KV state for
one request (all layers, all heads, full sequence length).
  Model KV bytes/token: 327,680 bytes (320.0KiB)
  Entries in cache: 261
  Block size min:   101.2MiB
  Block size mean:  1658.7MiB
  Block size P95:   4444.4MiB
  Block size max:   5650.9MiB
  A 200MiB block at 1GiB/s NVMe read = ~200 ms device latency.
  Compare latencies against block sizes, not against 4KiB page I/O.


### OVERALL PERFORMANCE ###
Requests Completed: 251
Total Tokens Generated: 32104
Throughput (wall-clock): 107.01 tokens/sec
Throughput (storage I/O): 5.62 tokens/sec
Requests/sec: 0.84

### END-TO-END LATENCY (Queue Wait + Storage I/O + Generation) ###
  Mean: 186761.85 ms
  P50:  172484.86 ms
  P95:  368487.99 ms
  P99:  386314.50 ms

### PER-REQUEST STORAGE LATENCY (All I/O ops for one request) ###
  Mean: 22745.02 ms
  P50:  14438.93 ms
  P95:  78408.37 ms
  P99:  109585.46 ms
  (= 1 prefill write + N decode reads per request)

### STORAGE PERFORMANCE ###
  Cache Hit Rate: 74.0%
  Total Read: 1492.31GiB
  Total Write: 422.78GiB
  Read/Write Ratio: 3.53
  Storage KV Read Operations/sec: 3.86
  Storage KV Write Operations/sec: 0.87

### CACHE TIER DISTRIBUTION ###
  GPU Entries: 0 (0.00GiB)
  CPU Entries: 0 (0.00GiB)
  Storage Entries: 261

### TIER-SPECIFIC KV BYTES ###
  Storage KV Bytes Written: 422.78GiB
  Storage KV Bytes Read: 1492.31GiB

### STORAGE KV BANDWIDTH ###
  Storage KV Read Bandwidth: 4.97GiB/s
  Storage KV Write Bandwidth: 1.41GiB/s

### TIER-SPECIFIC LATENCIES (Total = Host + Device) ###
  Storage Read P95 (Total): 14846.56 ms
  Storage Write P95 (Total): 11638.19 ms

### STORAGE TIER LATENCY BREAKDOWN (Device = Disk I/O, Host = Serialization) ###
  Storage Read:
    - Device P95 (Disk I/O): 11537.58 ms
    - Host P95 (Serialization): 4229.00 ms
    - Total P95: 14846.56 ms
  Storage Write:
    - Device P95 (Disk I/O): 478.36 ms
    - Host P95 (Serialization): 10886.33 ms
    - Total P95: 11638.19 ms

### CACHE TYPE BREAKDOWNS ###
  System Prompt Hits: 174
  Common Phrase Hits: 0
  User Cache Hits: 940
  Multi-turn Hits: 43

### PREFIX CACHING ###
  Prefix Hits: 46
  Prefix Misses: 215
  System Prompt Reuse: 46
  Bytes Saved: 0.09GiB

### MULTI-TURN CONVERSATIONS ###
  Multi-turn Cache Hits: 43
  Multi-turn Cache Misses: 360
  Multi-turn Hit Rate: 10.7%

### QOS LATENCY METRICS (Informational - includes simulated generation) ###

  INTERACTIVE:
    Requests: 203
    Latency P95: 373001.19 ms
    Latency P99: 386617.62 ms
    SLA Met: [X] (compliance: 0.0%)

  RESPONSIVE:
    Requests: 14
    Latency P95: 159724.29 ms
    Latency P99: 159801.01 ms
    SLA Met: [X] (compliance: 0.0%)

  BATCH:
    Requests: 34
    Latency P95: 130119.07 ms
    Latency P99: 142670.96 ms
    SLA Met: [X] (compliance: 0.0%)

================================================================================
NOTES:
  - Pure storage I/O benchmark (no generation simulation)
================================================================================

Integrated Multi-User KV Cache Benchmark - MLPerf Edition
Model: Llama 3.1 70B Instruct
GPU Memory: 0 GB
Users: 70
Duration: 300s
Seed: 84
Generation Mode: none (0.0ms/token)
Features:
  - Phase-Aware Processing: Enabled
  - Multi-turn Conversations: Enabled
  - Prefix Caching: Enabled
  - RAG Workload: Disabled
  - Autoscaling: Disabled
  - QoS Support: Enabled (Interactive/Responsive/Batch)
  - Trace-Driven (BurstGPT): Disabled
  - ShareGPT Dataset: Disabled
  - Max Concurrent Allocations: 4 (bounds RAM usage)
================================================================================

User Context Length Distribution:
  Min: 863 tokens (269.69MiB)
  Max: 24497 tokens (7655.31MiB)
  Mean: 10303 tokens (3219.75MiB)

QoS Distribution:
  interactive: 12 users
  responsive: 20 users
  batch: 38 users

### MEMORY SAFETY CHECK ###
  Formula: peak = (workers x 2 x mean_entry_bytes) + baseline
         = (70 x 2 x 2500MiB) + 2.5GiB
         = 344.3GiB
  Available RAM: 984.5GiB
  Mean entry size: 2500MiB  (8000 tok x 327,680 B/tok)
  Peak per thread: 5000MiB  (np.load + np.array copy)
  Worker threads: 70
  Safe concurrent readers: ~201  = (available - baseline) / peak_per_thread
  Status: OK

Starting benchmark... Mode: standard (prefill+decode)
--------------------------------------------------------------------------------

================================================================================
BENCHMARK RESULTS - MLPerf KV Cache Storage Benchmark
Generation Mode: none (0.0ms/token)
================================================================================

IMPORTANT: All storage latencies below are measured per KV cache BLOCK,
not per token or per disk page.  Each block holds the full KV state for
one request (all layers, all heads, full sequence length).
  Model KV bytes/token: 327,680 bytes (320.0KiB)
  Entries in cache: 242
  Block size min:   69.7MiB
  Block size mean:  1729.5MiB
  Block size P95:   5558.4MiB
  Block size max:   7573.8MiB
  A 200MiB block at 1GiB/s NVMe read = ~200 ms device latency.
  Compare latencies against block sizes, not against 4KiB page I/O.


### OVERALL PERFORMANCE ###
Requests Completed: 233
Total Tokens Generated: 39724
Throughput (wall-clock): 129.59 tokens/sec
Throughput (storage I/O): 5.84 tokens/sec
Requests/sec: 0.76

### END-TO-END LATENCY (Queue Wait + Storage I/O + Generation) ###
  Mean: 191523.69 ms
  P50:  184557.10 ms
  P95:  379991.03 ms
  P99:  389709.26 ms

### PER-REQUEST STORAGE LATENCY (All I/O ops for one request) ###
  Mean: 29182.63 ms
  P50:  14267.21 ms
  P95:  99512.81 ms
  P99:  140888.77 ms
  (= 1 prefill write + N decode reads per request)

### STORAGE PERFORMANCE ###
  Cache Hit Rate: 83.0%
  Total Read: 1612.93GiB
  Total Write: 408.73GiB
  Read/Write Ratio: 3.95
  Storage KV Read Operations/sec: 4.31
  Storage KV Write Operations/sec: 0.81

### CACHE TIER DISTRIBUTION ###
  GPU Entries: 0 (0.00GiB)
  CPU Entries: 0 (0.00GiB)
  Storage Entries: 242

### TIER-SPECIFIC KV BYTES ###
  Storage KV Bytes Written: 408.73GiB
  Storage KV Bytes Read: 1612.93GiB

### STORAGE KV BANDWIDTH ###
  Storage KV Read Bandwidth: 5.26GiB/s
  Storage KV Write Bandwidth: 1.33GiB/s

### TIER-SPECIFIC LATENCIES (Total = Host + Device) ###
  Storage Read P95 (Total): 18025.42 ms
  Storage Write P95 (Total): 9204.09 ms

### STORAGE TIER LATENCY BREAKDOWN (Device = Disk I/O, Host = Serialization) ###
  Storage Read:
    - Device P95 (Disk I/O): 14840.82 ms
    - Host P95 (Serialization): 3632.84 ms
    - Total P95: 18025.42 ms
  Storage Write:
    - Device P95 (Disk I/O): 694.42 ms
    - Host P95 (Serialization): 6611.74 ms
    - Total P95: 9204.09 ms

### CACHE TYPE BREAKDOWNS ###
  System Prompt Hits: 288
  Common Phrase Hits: 0
  User Cache Hits: 991
  Multi-turn Hits: 15

### PREFIX CACHING ###
  Prefix Hits: 49
  Prefix Misses: 193
  System Prompt Reuse: 49
  Bytes Saved: 0.10GiB

### MULTI-TURN CONVERSATIONS ###
  Multi-turn Cache Hits: 15
  Multi-turn Cache Misses: 216
  Multi-turn Hit Rate: 6.5%

### QOS LATENCY METRICS (Informational - includes simulated generation) ###

  INTERACTIVE:
    Requests: 178
    Latency P95: 381265.49 ms
    Latency P99: 390704.29 ms
    SLA Met: [X] (compliance: 0.0%)

  RESPONSIVE:
    Requests: 17
    Latency P95: 152527.91 ms
    Latency P99: 250351.34 ms
    SLA Met: [X] (compliance: 0.0%)

  BATCH:
    Requests: 38
    Latency P95: 163161.73 ms
    Latency P99: 181061.23 ms
    SLA Met: [X] (compliance: 0.0%)

================================================================================
NOTES:
  - Pure storage I/O benchmark (no generation simulation)
================================================================================

Integrated Multi-User KV Cache Benchmark - MLPerf Edition
Model: Llama 3.1 70B Instruct
GPU Memory: 0 GB
Users: 70
Duration: 300s
Seed: 219
Generation Mode: none (0.0ms/token)
Features:
  - Phase-Aware Processing: Enabled
  - Multi-turn Conversations: Enabled
  - Prefix Caching: Enabled
  - RAG Workload: Disabled
  - Autoscaling: Disabled
  - QoS Support: Enabled (Interactive/Responsive/Batch)
  - Trace-Driven (BurstGPT): Disabled
  - ShareGPT Dataset: Disabled
  - Max Concurrent Allocations: 4 (bounds RAM usage)
================================================================================

User Context Length Distribution:
  Min: 759 tokens (237.19MiB)
  Max: 24822 tokens (7756.88MiB)
  Mean: 9404 tokens (2938.63MiB)

QoS Distribution:
  interactive: 13 users
  responsive: 19 users
  batch: 38 users

### MEMORY SAFETY CHECK ###
  Formula: peak = (workers x 2 x mean_entry_bytes) + baseline
         = (70 x 2 x 2500MiB) + 2.5GiB
         = 344.3GiB
  Available RAM: 989.7GiB
  Mean entry size: 2500MiB  (8000 tok x 327,680 B/tok)
  Peak per thread: 5000MiB  (np.load + np.array copy)
  Worker threads: 70
  Safe concurrent readers: ~202  = (available - baseline) / peak_per_thread
  Status: OK

Starting benchmark... Mode: standard (prefill+decode)
--------------------------------------------------------------------------------

================================================================================
BENCHMARK RESULTS - MLPerf KV Cache Storage Benchmark
Generation Mode: none (0.0ms/token)
================================================================================

IMPORTANT: All storage latencies below are measured per KV cache BLOCK,
not per token or per disk page.  Each block holds the full KV state for
one request (all layers, all heads, full sequence length).
  Model KV bytes/token: 327,680 bytes (320.0KiB)
  Entries in cache: 293
  Block size min:   64.4MiB
  Block size mean:  1340.4MiB
  Block size P95:   4420.3MiB
  Block size max:   7023.1MiB
  A 200MiB block at 1GiB/s NVMe read = ~200 ms device latency.
  Compare latencies against block sizes, not against 4KiB page I/O.


### OVERALL PERFORMANCE ###
Requests Completed: 284
Total Tokens Generated: 39877
Throughput (wall-clock): 127.34 tokens/sec
Throughput (storage I/O): 5.24 tokens/sec
Requests/sec: 0.91

### END-TO-END LATENCY (Queue Wait + Storage I/O + Generation) ###
  Mean: 181986.88 ms
  P50:  167804.23 ms
  P95:  369716.90 ms
  P99:  383425.39 ms

### PER-REQUEST STORAGE LATENCY (All I/O ops for one request) ###
  Mean: 26790.09 ms
  P50:  10011.01 ms
  P95:  98174.57 ms
  P99:  171450.93 ms
  (= 1 prefill write + N decode reads per request)

### STORAGE PERFORMANCE ###
  Cache Hit Rate: 82.3%
  Total Read: 1767.29GiB
  Total Write: 383.55GiB
  Read/Write Ratio: 4.61
  Storage KV Read Operations/sec: 5.13
  Storage KV Write Operations/sec: 0.98

### CACHE TIER DISTRIBUTION ###
  GPU Entries: 0 (0.00GiB)
  CPU Entries: 0 (0.00GiB)
  Storage Entries: 293

### TIER-SPECIFIC KV BYTES ###
  Storage KV Bytes Written: 383.55GiB
  Storage KV Bytes Read: 1767.29GiB

### STORAGE KV BANDWIDTH ###
  Storage KV Read Bandwidth: 5.64GiB/s
  Storage KV Write Bandwidth: 1.22GiB/s

### TIER-SPECIFIC LATENCIES (Total = Host + Device) ###
  Storage Read P95 (Total): 16236.46 ms
  Storage Write P95 (Total): 10125.32 ms

### STORAGE TIER LATENCY BREAKDOWN (Device = Disk I/O, Host = Serialization) ###
  Storage Read:
    - Device P95 (Disk I/O): 13891.46 ms
    - Host P95 (Serialization): 3434.48 ms
    - Total P95: 16236.46 ms
  Storage Write:
    - Device P95 (Disk I/O): 310.21 ms
    - Host P95 (Serialization): 8855.41 ms
    - Total P95: 10125.32 ms

### CACHE TYPE BREAKDOWNS ###
  System Prompt Hits: 294
  Common Phrase Hits: 0
  User Cache Hits: 1225
  Multi-turn Hits: 19

### PREFIX CACHING ###
  Prefix Hits: 49
  Prefix Misses: 244
  System Prompt Reuse: 49
  Bytes Saved: 0.10GiB

### MULTI-TURN CONVERSATIONS ###
  Multi-turn Cache Hits: 19
  Multi-turn Cache Misses: 282
  Multi-turn Hit Rate: 6.3%

### QOS LATENCY METRICS (Informational - includes simulated generation) ###

  INTERACTIVE:
    Requests: 225
    Latency P95: 372467.03 ms
    Latency P99: 384111.99 ms
    SLA Met: [X] (compliance: 0.0%)

  RESPONSIVE:
    Requests: 26
    Latency P95: 210442.35 ms
    Latency P99: 249028.66 ms
    SLA Met: [X] (compliance: 0.0%)

  BATCH:
    Requests: 33
    Latency P95: 135854.83 ms
    Latency P99: 163412.51 ms
    SLA Met: [X] (compliance: 0.0%)

================================================================================
NOTES:
  - Pure storage I/O benchmark (no generation simulation)
================================================================================

Integrated Multi-User KV Cache Benchmark - MLPerf Edition
Model: Llama 3.1 70B Instruct
GPU Memory: 0 GB
Users: 70
Duration: 300s
Seed: 79
Generation Mode: none (0.0ms/token)
Features:
  - Phase-Aware Processing: Enabled
  - Multi-turn Conversations: Enabled
  - Prefix Caching: Enabled
  - RAG Workload: Disabled
  - Autoscaling: Disabled
  - QoS Support: Enabled (Interactive/Responsive/Batch)
  - Trace-Driven (BurstGPT): Disabled
  - ShareGPT Dataset: Disabled
  - Max Concurrent Allocations: 4 (bounds RAM usage)
================================================================================

User Context Length Distribution:
  Min: 1135 tokens (354.69MiB)
  Max: 24385 tokens (7620.31MiB)
  Mean: 9571 tokens (2990.85MiB)

QoS Distribution:
  interactive: 6 users
  responsive: 35 users
  batch: 29 users

### MEMORY SAFETY CHECK ###
  Formula: peak = (workers x 2 x mean_entry_bytes) + baseline
         = (70 x 2 x 2500MiB) + 2.5GiB
         = 344.3GiB
  Available RAM: 989.4GiB
  Mean entry size: 2500MiB  (8000 tok x 327,680 B/tok)
  Peak per thread: 5000MiB  (np.load + np.array copy)
  Worker threads: 70
  Safe concurrent readers: ~202  = (available - baseline) / peak_per_thread
  Status: OK

Starting benchmark... Mode: standard (prefill+decode)
--------------------------------------------------------------------------------

================================================================================
BENCHMARK RESULTS - MLPerf KV Cache Storage Benchmark
Generation Mode: none (0.0ms/token)
================================================================================

IMPORTANT: All storage latencies below are measured per KV cache BLOCK,
not per token or per disk page.  Each block holds the full KV state for
one request (all layers, all heads, full sequence length).
  Model KV bytes/token: 327,680 bytes (320.0KiB)
  Entries in cache: 302
  Block size min:   89.1MiB
  Block size mean:  1190.1MiB
  Block size P95:   4847.0MiB
  Block size max:   6913.1MiB
  A 200MiB block at 1GiB/s NVMe read = ~200 ms device latency.
  Compare latencies against block sizes, not against 4KiB page I/O.


### OVERALL PERFORMANCE ###
Requests Completed: 297
Total Tokens Generated: 46986
Throughput (wall-clock): 154.50 tokens/sec
Throughput (storage I/O): 6.09 tokens/sec
Requests/sec: 0.98

### END-TO-END LATENCY (Queue Wait + Storage I/O + Generation) ###
  Mean: 195291.63 ms
  P50:  205412.40 ms
  P95:  361765.37 ms
  P99:  368411.92 ms

### PER-REQUEST STORAGE LATENCY (All I/O ops for one request) ###
  Mean: 25962.77 ms
  P50:  14350.71 ms
  P95:  83992.23 ms
  P99:  127547.83 ms
  (= 1 prefill write + N decode reads per request)

### STORAGE PERFORMANCE ###
  Cache Hit Rate: 82.5%
  Total Read: 1579.94GiB
  Total Write: 350.98GiB
  Read/Write Ratio: 4.50
  Storage KV Read Operations/sec: 5.73
  Storage KV Write Operations/sec: 1.01

### CACHE TIER DISTRIBUTION ###
  GPU Entries: 0 (0.00GiB)
  CPU Entries: 0 (0.00GiB)
  Storage Entries: 302

### TIER-SPECIFIC KV BYTES ###
  Storage KV Bytes Written: 350.98GiB
  Storage KV Bytes Read: 1579.94GiB

### STORAGE KV BANDWIDTH ###
  Storage KV Read Bandwidth: 5.20GiB/s
  Storage KV Write Bandwidth: 1.15GiB/s

### TIER-SPECIFIC LATENCIES (Total = Host + Device) ###
  Storage Read P95 (Total): 13863.78 ms
  Storage Write P95 (Total): 10292.94 ms

### STORAGE TIER LATENCY BREAKDOWN (Device = Disk I/O, Host = Serialization) ###
  Storage Read:
    - Device P95 (Disk I/O): 11243.50 ms
    - Host P95 (Serialization): 3284.96 ms
    - Total P95: 13863.78 ms
  Storage Write:
    - Device P95 (Disk I/O): 846.91 ms
    - Host P95 (Serialization): 9867.87 ms
    - Total P95: 10292.94 ms

### CACHE TYPE BREAKDOWNS ###
  System Prompt Hits: 263
  Common Phrase Hits: 0
  User Cache Hits: 1410
  Multi-turn Hits: 47

### PREFIX CACHING ###
  Prefix Hits: 54
  Prefix Misses: 248
  System Prompt Reuse: 54
  Bytes Saved: 0.11GiB

### MULTI-TURN CONVERSATIONS ###
  Multi-turn Cache Hits: 47
  Multi-turn Cache Misses: 310
  Multi-turn Hit Rate: 13.2%

### QOS LATENCY METRICS (Informational - includes simulated generation) ###

  INTERACTIVE:
    Requests: 233
    Latency P95: 363826.27 ms
    Latency P99: 368729.72 ms
    SLA Met: [X] (compliance: 0.0%)

  RESPONSIVE:
    Requests: 38
    Latency P95: 217231.95 ms
    Latency P99: 304928.17 ms
    SLA Met: [X] (compliance: 0.0%)

  BATCH:
    Requests: 26
    Latency P95: 208098.09 ms
    Latency P99: 211861.97 ms
    SLA Met: [X] (compliance: 0.0%)

================================================================================
NOTES:
  - Pure storage I/O benchmark (no generation simulation)
================================================================================

Integrated Multi-User KV Cache Benchmark - MLPerf Edition
Model: Llama 3.1 70B Instruct
GPU Memory: 0 GB
Users: 70
Duration: 300s
Seed: 63
Generation Mode: none (0.0ms/token)
Features:
  - Phase-Aware Processing: Enabled
  - Multi-turn Conversations: Enabled
  - Prefix Caching: Enabled
  - RAG Workload: Disabled
  - Autoscaling: Disabled
  - QoS Support: Enabled (Interactive/Responsive/Batch)
  - Trace-Driven (BurstGPT): Disabled
  - ShareGPT Dataset: Disabled
  - Max Concurrent Allocations: 4 (bounds RAM usage)
================================================================================

User Context Length Distribution:
  Min: 662 tokens (206.88MiB)
  Max: 23766 tokens (7426.88MiB)
  Mean: 8066 tokens (2520.52MiB)

QoS Distribution:
  interactive: 12 users
  responsive: 22 users
  batch: 36 users

### MEMORY SAFETY CHECK ###
  Formula: peak = (workers x 2 x mean_entry_bytes) + baseline
         = (70 x 2 x 2500MiB) + 2.5GiB
         = 344.3GiB
  Available RAM: 990.2GiB
  Mean entry size: 2500MiB  (8000 tok x 327,680 B/tok)
  Peak per thread: 5000MiB  (np.load + np.array copy)
  Worker threads: 70
  Safe concurrent readers: ~202  = (available - baseline) / peak_per_thread
  Status: OK

Starting benchmark... Mode: standard (prefill+decode)
--------------------------------------------------------------------------------

================================================================================
BENCHMARK RESULTS - MLPerf KV Cache Storage Benchmark
Generation Mode: none (0.0ms/token)
================================================================================

IMPORTANT: All storage latencies below are measured per KV cache BLOCK,
not per token or per disk page.  Each block holds the full KV state for
one request (all layers, all heads, full sequence length).
  Model KV bytes/token: 327,680 bytes (320.0KiB)
  Entries in cache: 255
  Block size min:   83.1MiB
  Block size mean:  1824.9MiB
  Block size P95:   5506.0MiB
  Block size max:   6611.9MiB
  A 200MiB block at 1GiB/s NVMe read = ~200 ms device latency.
  Compare latencies against block sizes, not against 4KiB page I/O.


### OVERALL PERFORMANCE ###
Requests Completed: 251
Total Tokens Generated: 33027
Throughput (wall-clock): 108.12 tokens/sec
Throughput (storage I/O): 5.64 tokens/sec
Requests/sec: 0.82

### END-TO-END LATENCY (Queue Wait + Storage I/O + Generation) ###
  Mean: 187014.41 ms
  P50:  179286.08 ms
  P95:  382247.15 ms
  P99:  391895.53 ms

### PER-REQUEST STORAGE LATENCY (All I/O ops for one request) ###
  Mean: 23317.05 ms
  P50:  9349.57 ms
  P95:  85508.50 ms
  P99:  131868.78 ms
  (= 1 prefill write + N decode reads per request)

### STORAGE PERFORMANCE ###
  Cache Hit Rate: 79.7%
  Total Read: 1393.74GiB
  Total Write: 454.45GiB
  Read/Write Ratio: 3.07
  Storage KV Read Operations/sec: 3.68
  Storage KV Write Operations/sec: 0.85

### CACHE TIER DISTRIBUTION ###
  GPU Entries: 0 (0.00GiB)
  CPU Entries: 0 (0.00GiB)
  Storage Entries: 255

### TIER-SPECIFIC KV BYTES ###
  Storage KV Bytes Written: 454.45GiB
  Storage KV Bytes Read: 1393.74GiB

### STORAGE KV BANDWIDTH ###
  Storage KV Read Bandwidth: 4.56GiB/s
  Storage KV Write Bandwidth: 1.49GiB/s

### TIER-SPECIFIC LATENCIES (Total = Host + Device) ###
  Storage Read P95 (Total): 15302.91 ms
  Storage Write P95 (Total): 11247.86 ms

### STORAGE TIER LATENCY BREAKDOWN (Device = Disk I/O, Host = Serialization) ###
  Storage Read:
    - Device P95 (Disk I/O): 13145.14 ms
    - Host P95 (Serialization): 4234.60 ms
    - Total P95: 15302.91 ms
  Storage Write:
    - Device P95 (Disk I/O): 206.56 ms
    - Host P95 (Serialization): 10955.48 ms
    - Total P95: 11247.86 ms

### CACHE TYPE BREAKDOWNS ###
  System Prompt Hits: 222
  Common Phrase Hits: 0
  User Cache Hits: 851
  Multi-turn Hits: 31

### PREFIX CACHING ###
  Prefix Hits: 41
  Prefix Misses: 214
  System Prompt Reuse: 41
  Bytes Saved: 0.09GiB

### MULTI-TURN CONVERSATIONS ###
  Multi-turn Cache Hits: 31
  Multi-turn Cache Misses: 240
  Multi-turn Hit Rate: 11.4%

### QOS LATENCY METRICS (Informational - includes simulated generation) ###

  INTERACTIVE:
    Requests: 194
    Latency P95: 385532.82 ms
    Latency P99: 393126.41 ms
    SLA Met: [X] (compliance: 0.0%)

  RESPONSIVE:
    Requests: 22
    Latency P95: 66737.39 ms
    Latency P99: 158043.94 ms
    SLA Met: [X] (compliance: 0.0%)

  BATCH:
    Requests: 35
    Latency P95: 176076.25 ms
    Latency P99: 199746.61 ms
    SLA Met: [X] (compliance: 0.0%)

================================================================================
NOTES:
  - Pure storage I/O benchmark (no generation simulation)
================================================================================

Integrated Multi-User KV Cache Benchmark - MLPerf Edition
Model: Llama 3.1 70B Instruct
GPU Memory: 0 GB
Users: 70
Duration: 300s
Seed: 194
Generation Mode: none (0.0ms/token)
Features:
  - Phase-Aware Processing: Enabled
  - Multi-turn Conversations: Enabled
  - Prefix Caching: Enabled
  - RAG Workload: Disabled
  - Autoscaling: Disabled
  - QoS Support: Enabled (Interactive/Responsive/Batch)
  - Trace-Driven (BurstGPT): Disabled
  - ShareGPT Dataset: Disabled
  - Max Concurrent Allocations: 4 (bounds RAM usage)
================================================================================

User Context Length Distribution:
  Min: 889 tokens (277.81MiB)
  Max: 22346 tokens (6983.12MiB)
  Mean: 8309 tokens (2596.71MiB)

QoS Distribution:
  interactive: 8 users
  responsive: 23 users
  batch: 39 users

### MEMORY SAFETY CHECK ###
  Formula: peak = (workers x 2 x mean_entry_bytes) + baseline
         = (70 x 2 x 2500MiB) + 2.5GiB
         = 344.3GiB
  Available RAM: 990.7GiB
  Mean entry size: 2500MiB  (8000 tok x 327,680 B/tok)
  Peak per thread: 5000MiB  (np.load + np.array copy)
  Worker threads: 70
  Safe concurrent readers: ~202  = (available - baseline) / peak_per_thread
  Status: OK

Starting benchmark... Mode: standard (prefill+decode)
--------------------------------------------------------------------------------

================================================================================
BENCHMARK RESULTS - MLPerf KV Cache Storage Benchmark
Generation Mode: none (0.0ms/token)
================================================================================

IMPORTANT: All storage latencies below are measured per KV cache BLOCK,
not per token or per disk page.  Each block holds the full KV state for
one request (all layers, all heads, full sequence length).
  Model KV bytes/token: 327,680 bytes (320.0KiB)
  Entries in cache: 292
  Block size min:   76.6MiB
  Block size mean:  1255.6MiB
  Block size P95:   3521.6MiB
  Block size max:   6655.6MiB
  A 200MiB block at 1GiB/s NVMe read = ~200 ms device latency.
  Compare latencies against block sizes, not against 4KiB page I/O.


### OVERALL PERFORMANCE ###
Requests Completed: 280
Total Tokens Generated: 56020
Throughput (wall-clock): 182.86 tokens/sec
Throughput (storage I/O): 5.13 tokens/sec
Requests/sec: 0.91

### END-TO-END LATENCY (Queue Wait + Storage I/O + Generation) ###
  Mean: 192648.14 ms
  P50:  196838.29 ms
  P95:  373247.73 ms
  P99:  383214.94 ms

### PER-REQUEST STORAGE LATENCY (All I/O ops for one request) ###
  Mean: 39027.00 ms
  P50:  14684.50 ms
  P95:  141901.80 ms
  P99:  237386.49 ms
  (= 1 prefill write + N decode reads per request)

### STORAGE PERFORMANCE ###
  Cache Hit Rate: 82.8%
  Total Read: 2693.47GiB
  Total Write: 358.03GiB
  Read/Write Ratio: 7.52
  Storage KV Read Operations/sec: 7.12
  Storage KV Write Operations/sec: 0.97

### CACHE TIER DISTRIBUTION ###
  GPU Entries: 0 (0.00GiB)
  CPU Entries: 0 (0.00GiB)
  Storage Entries: 292

### TIER-SPECIFIC KV BYTES ###
  Storage KV Bytes Written: 358.03GiB
  Storage KV Bytes Read: 2693.47GiB

### STORAGE KV BANDWIDTH ###
  Storage KV Read Bandwidth: 8.79GiB/s
  Storage KV Write Bandwidth: 1.17GiB/s

### TIER-SPECIFIC LATENCIES (Total = Host + Device) ###
  Storage Read P95 (Total): 13513.42 ms
  Storage Write P95 (Total): 6539.93 ms

### STORAGE TIER LATENCY BREAKDOWN (Device = Disk I/O, Host = Serialization) ###
  Storage Read:
    - Device P95 (Disk I/O): 9841.77 ms
    - Host P95 (Serialization): 3732.90 ms
    - Total P95: 13513.42 ms
  Storage Write:
    - Device P95 (Disk I/O): 178.94 ms
    - Host P95 (Serialization): 6507.94 ms
    - Total P95: 6539.93 ms

### CACHE TYPE BREAKDOWNS ###
  System Prompt Hits: 353
  Common Phrase Hits: 0
  User Cache Hits: 1738
  Multi-turn Hits: 44

### PREFIX CACHING ###
  Prefix Hits: 58
  Prefix Misses: 234
  System Prompt Reuse: 58
  Bytes Saved: 0.12GiB

### MULTI-TURN CONVERSATIONS ###
  Multi-turn Cache Hits: 44
  Multi-turn Cache Misses: 385
  Multi-turn Hit Rate: 10.3%

### QOS LATENCY METRICS (Informational - includes simulated generation) ###

  INTERACTIVE:
    Requests: 224
    Latency P95: 374892.84 ms
    Latency P99: 383252.13 ms
    SLA Met: [X] (compliance: 0.0%)

  RESPONSIVE:
    Requests: 22
    Latency P95: 99803.63 ms
    Latency P99: 117174.05 ms
    SLA Met: [X] (compliance: 0.0%)

  BATCH:
    Requests: 34
    Latency P95: 171579.83 ms
    Latency P99: 218151.84 ms
    SLA Met: [X] (compliance: 0.0%)

================================================================================
NOTES:
  - Pure storage I/O benchmark (no generation simulation)
================================================================================

Integrated Multi-User KV Cache Benchmark - MLPerf Edition
Model: Llama 3.1 70B Instruct
GPU Memory: 0 GB
Users: 70
Duration: 300s
Seed: 193
Generation Mode: none (0.0ms/token)
Features:
  - Phase-Aware Processing: Enabled
  - Multi-turn Conversations: Enabled
  - Prefix Caching: Enabled
  - RAG Workload: Disabled
  - Autoscaling: Disabled
  - QoS Support: Enabled (Interactive/Responsive/Batch)
  - Trace-Driven (BurstGPT): Disabled
  - ShareGPT Dataset: Disabled
  - Max Concurrent Allocations: 4 (bounds RAM usage)
================================================================================

User Context Length Distribution:
  Min: 666 tokens (208.12MiB)
  Max: 24912 tokens (7785.00MiB)
  Mean: 9988 tokens (3121.14MiB)

QoS Distribution:
  interactive: 8 users
  responsive: 19 users
  batch: 43 users

### MEMORY SAFETY CHECK ###
  Formula: peak = (workers x 2 x mean_entry_bytes) + baseline
         = (70 x 2 x 2500MiB) + 2.5GiB
         = 344.3GiB
  Available RAM: 990.5GiB
  Mean entry size: 2500MiB  (8000 tok x 327,680 B/tok)
  Peak per thread: 5000MiB  (np.load + np.array copy)
  Worker threads: 70
  Safe concurrent readers: ~202  = (available - baseline) / peak_per_thread
  Status: OK

Starting benchmark... Mode: standard (prefill+decode)
--------------------------------------------------------------------------------

================================================================================
BENCHMARK RESULTS - MLPerf KV Cache Storage Benchmark
Generation Mode: none (0.0ms/token)
================================================================================

IMPORTANT: All storage latencies below are measured per KV cache BLOCK,
not per token or per disk page.  Each block holds the full KV state for
one request (all layers, all heads, full sequence length).
  Model KV bytes/token: 327,680 bytes (320.0KiB)
  Entries in cache: 212
  Block size min:   71.2MiB
  Block size mean:  1915.9MiB
  Block size P95:   5036.3MiB
  Block size max:   6171.9MiB
  A 200MiB block at 1GiB/s NVMe read = ~200 ms device latency.
  Compare latencies against block sizes, not against 4KiB page I/O.


### OVERALL PERFORMANCE ###
Requests Completed: 205
Total Tokens Generated: 36086
Throughput (wall-clock): 116.72 tokens/sec
Throughput (storage I/O): 5.80 tokens/sec
Requests/sec: 0.66

### END-TO-END LATENCY (Queue Wait + Storage I/O + Generation) ###
  Mean: 190930.49 ms
  P50:  180007.88 ms
  P95:  376752.36 ms
  P99:  388075.20 ms

### PER-REQUEST STORAGE LATENCY (All I/O ops for one request) ###
  Mean: 30363.30 ms
  P50:  14486.56 ms
  P95:  107818.78 ms
  P99:  191944.17 ms
  (= 1 prefill write + N decode reads per request)

### STORAGE PERFORMANCE ###
  Cache Hit Rate: 78.5%
  Total Read: 1329.53GiB
  Total Write: 396.64GiB
  Read/Write Ratio: 3.35
  Storage KV Read Operations/sec: 3.43
  Storage KV Write Operations/sec: 0.71

### CACHE TIER DISTRIBUTION ###
  GPU Entries: 0 (0.00GiB)
  CPU Entries: 0 (0.00GiB)
  Storage Entries: 212

### TIER-SPECIFIC KV BYTES ###
  Storage KV Bytes Written: 396.64GiB
  Storage KV Bytes Read: 1329.53GiB

### STORAGE KV BANDWIDTH ###
  Storage KV Read Bandwidth: 4.30GiB/s
  Storage KV Write Bandwidth: 1.28GiB/s

### TIER-SPECIFIC LATENCIES (Total = Host + Device) ###
  Storage Read P95 (Total): 18673.04 ms
  Storage Write P95 (Total): 13421.47 ms

### STORAGE TIER LATENCY BREAKDOWN (Device = Disk I/O, Host = Serialization) ###
  Storage Read:
    - Device P95 (Disk I/O): 15208.26 ms
    - Host P95 (Serialization): 6602.97 ms
    - Total P95: 18673.04 ms
  Storage Write:
    - Device P95 (Disk I/O): 149.86 ms
    - Host P95 (Serialization): 13401.96 ms
    - Total P95: 13421.47 ms

### CACHE TYPE BREAKDOWNS ###
  System Prompt Hits: 181
  Common Phrase Hits: 0
  User Cache Hits: 830
  Multi-turn Hits: 19

### PREFIX CACHING ###
  Prefix Hits: 50
  Prefix Misses: 162
  System Prompt Reuse: 50
  Bytes Saved: 0.10GiB

### MULTI-TURN CONVERSATIONS ###
  Multi-turn Cache Hits: 19
  Multi-turn Cache Misses: 232
  Multi-turn Hit Rate: 7.6%

### QOS LATENCY METRICS (Informational - includes simulated generation) ###

  INTERACTIVE:
    Requests: 142
    Latency P95: 380117.28 ms
    Latency P99: 388963.05 ms
    SLA Met: [X] (compliance: 0.0%)

  RESPONSIVE:
    Requests: 30
    Latency P95: 257685.36 ms
    Latency P99: 311037.38 ms
    SLA Met: [X] (compliance: 0.0%)

  BATCH:
    Requests: 33
    Latency P95: 160952.05 ms
    Latency P99: 274356.89 ms
    SLA Met: [X] (compliance: 0.0%)

================================================================================
NOTES:
  - Pure storage I/O benchmark (no generation simulation)
================================================================================

Integrated Multi-User KV Cache Benchmark - MLPerf Edition
Model: Llama 3.1 70B Instruct
GPU Memory: 0 GB
Users: 70
Duration: 300s
Seed: 231
Generation Mode: none (0.0ms/token)
Features:
  - Phase-Aware Processing: Enabled
  - Multi-turn Conversations: Enabled
  - Prefix Caching: Enabled
  - RAG Workload: Disabled
  - Autoscaling: Disabled
  - QoS Support: Enabled (Interactive/Responsive/Batch)
  - Trace-Driven (BurstGPT): Disabled
  - ShareGPT Dataset: Disabled
  - Max Concurrent Allocations: 4 (bounds RAM usage)
================================================================================

User Context Length Distribution:
  Min: 725 tokens (226.56MiB)
  Max: 23687 tokens (7402.19MiB)
  Mean: 9270 tokens (2896.75MiB)

QoS Distribution:
  interactive: 9 users
  responsive: 23 users
  batch: 38 users

### MEMORY SAFETY CHECK ###
  Formula: peak = (workers x 2 x mean_entry_bytes) + baseline
         = (70 x 2 x 2500MiB) + 2.5GiB
         = 344.3GiB
  Available RAM: 987.3GiB
  Mean entry size: 2500MiB  (8000 tok x 327,680 B/tok)
  Peak per thread: 5000MiB  (np.load + np.array copy)
  Worker threads: 70
  Safe concurrent readers: ~201  = (available - baseline) / peak_per_thread
  Status: OK

Starting benchmark... Mode: standard (prefill+decode)
--------------------------------------------------------------------------------

================================================================================
BENCHMARK RESULTS - MLPerf KV Cache Storage Benchmark
Generation Mode: none (0.0ms/token)
================================================================================

IMPORTANT: All storage latencies below are measured per KV cache BLOCK,
not per token or per disk page.  Each block holds the full KV state for
one request (all layers, all heads, full sequence length).
  Model KV bytes/token: 327,680 bytes (320.0KiB)
  Entries in cache: 279
  Block size min:   63.4MiB
  Block size mean:  1394.4MiB
  Block size P95:   4082.2MiB
  Block size max:   6845.9MiB
  A 200MiB block at 1GiB/s NVMe read = ~200 ms device latency.
  Compare latencies against block sizes, not against 4KiB page I/O.


### OVERALL PERFORMANCE ###
Requests Completed: 271
Total Tokens Generated: 34917
Throughput (wall-clock): 116.05 tokens/sec
Throughput (storage I/O): 5.35 tokens/sec
Requests/sec: 0.90

### END-TO-END LATENCY (Queue Wait + Storage I/O + Generation) ###
  Mean: 185411.73 ms
  P50:  176413.89 ms
  P95:  368091.03 ms
  P99:  378161.44 ms

### PER-REQUEST STORAGE LATENCY (All I/O ops for one request) ###
  Mean: 24073.28 ms
  P50:  13208.98 ms
  P95:  76625.99 ms
  P99:  148694.94 ms
  (= 1 prefill write + N decode reads per request)

### STORAGE PERFORMANCE ###
  Cache Hit Rate: 81.1%
  Total Read: 1340.69GiB
  Total Write: 379.93GiB
  Read/Write Ratio: 3.53
  Storage KV Read Operations/sec: 4.35
  Storage KV Write Operations/sec: 0.93

### CACHE TIER DISTRIBUTION ###
  GPU Entries: 0 (0.00GiB)
  CPU Entries: 0 (0.00GiB)
  Storage Entries: 279

### TIER-SPECIFIC KV BYTES ###
  Storage KV Bytes Written: 379.93GiB
  Storage KV Bytes Read: 1340.69GiB

### STORAGE KV BANDWIDTH ###
  Storage KV Read Bandwidth: 4.46GiB/s
  Storage KV Write Bandwidth: 1.26GiB/s

### TIER-SPECIFIC LATENCIES (Total = Host + Device) ###
  Storage Read P95 (Total): 16249.45 ms
  Storage Write P95 (Total): 7722.65 ms

### STORAGE TIER LATENCY BREAKDOWN (Device = Disk I/O, Host = Serialization) ###
  Storage Read:
    - Device P95 (Disk I/O): 14173.22 ms
    - Host P95 (Serialization): 4123.82 ms
    - Total P95: 16249.45 ms
  Storage Write:
    - Device P95 (Disk I/O): 397.15 ms
    - Host P95 (Serialization): 7659.87 ms
    - Total P95: 7722.65 ms

### CACHE TYPE BREAKDOWNS ###
  System Prompt Hits: 278
  Common Phrase Hits: 0
  User Cache Hits: 1004
  Multi-turn Hits: 24

### PREFIX CACHING ###
  Prefix Hits: 55
  Prefix Misses: 224
  System Prompt Reuse: 55
  Bytes Saved: 0.11GiB

### MULTI-TURN CONVERSATIONS ###
  Multi-turn Cache Hits: 24
  Multi-turn Cache Misses: 249
  Multi-turn Hit Rate: 8.8%

### QOS LATENCY METRICS (Informational - includes simulated generation) ###

  INTERACTIVE:
    Requests: 216
    Latency P95: 370611.36 ms
    Latency P99: 378467.23 ms
    SLA Met: [X] (compliance: 0.0%)

  RESPONSIVE:
    Requests: 21
    Latency P95: 128235.25 ms
    Latency P99: 253580.04 ms
    SLA Met: [X] (compliance: 0.0%)

  BATCH:
    Requests: 34
    Latency P95: 195000.05 ms
    Latency P99: 208407.17 ms
    SLA Met: [X] (compliance: 0.0%)

================================================================================
NOTES:
  - Pure storage I/O benchmark (no generation simulation)
================================================================================

Integrated Multi-User KV Cache Benchmark - MLPerf Edition
Model: Llama 3.1 70B Instruct
GPU Memory: 0 GB
Users: 70
Duration: 300s
Seed: 172
Generation Mode: none (0.0ms/token)
Features:
  - Phase-Aware Processing: Enabled
  - Multi-turn Conversations: Enabled
  - Prefix Caching: Enabled
  - RAG Workload: Disabled
  - Autoscaling: Disabled
  - QoS Support: Enabled (Interactive/Responsive/Batch)
  - Trace-Driven (BurstGPT): Disabled
  - ShareGPT Dataset: Disabled
  - Max Concurrent Allocations: 4 (bounds RAM usage)
================================================================================

User Context Length Distribution:
  Min: 513 tokens (160.31MiB)
  Max: 24938 tokens (7793.12MiB)
  Mean: 8875 tokens (2773.43MiB)

QoS Distribution:
  interactive: 17 users
  responsive: 19 users
  batch: 34 users

### MEMORY SAFETY CHECK ###
  Formula: peak = (workers x 2 x mean_entry_bytes) + baseline
         = (70 x 2 x 2500MiB) + 2.5GiB
         = 344.3GiB
  Available RAM: 989.3GiB
  Mean entry size: 2500MiB  (8000 tok x 327,680 B/tok)
  Peak per thread: 5000MiB  (np.load + np.array copy)
  Worker threads: 70
  Safe concurrent readers: ~202  = (available - baseline) / peak_per_thread
  Status: OK

Starting benchmark... Mode: standard (prefill+decode)
--------------------------------------------------------------------------------

================================================================================
BENCHMARK RESULTS - MLPerf KV Cache Storage Benchmark
Generation Mode: none (0.0ms/token)
================================================================================

IMPORTANT: All storage latencies below are measured per KV cache BLOCK,
not per token or per disk page.  Each block holds the full KV state for
one request (all layers, all heads, full sequence length).
  Model KV bytes/token: 327,680 bytes (320.0KiB)
  Entries in cache: 231
  Block size min:   54.1MiB
  Block size mean:  1535.8MiB
  Block size P95:   4372.5MiB
  Block size max:   5809.1MiB
  A 200MiB block at 1GiB/s NVMe read = ~200 ms device latency.
  Compare latencies against block sizes, not against 4KiB page I/O.


### OVERALL PERFORMANCE ###
Requests Completed: 218
Total Tokens Generated: 28828
Throughput (wall-clock): 94.95 tokens/sec
Throughput (storage I/O): 4.43 tokens/sec
Requests/sec: 0.72

### END-TO-END LATENCY (Queue Wait + Storage I/O + Generation) ###
  Mean: 187088.80 ms
  P50:  174012.38 ms
  P95:  376200.26 ms
  P99:  390892.61 ms

### PER-REQUEST STORAGE LATENCY (All I/O ops for one request) ###
  Mean: 29861.31 ms
  P50:  18082.21 ms
  P95:  89912.06 ms
  P99:  156494.38 ms
  (= 1 prefill write + N decode reads per request)

### STORAGE PERFORMANCE ###
  Cache Hit Rate: 81.6%
  Total Read: 1580.03GiB
  Total Write: 346.45GiB
  Read/Write Ratio: 4.56
  Storage KV Read Operations/sec: 3.99
  Storage KV Write Operations/sec: 0.77

### CACHE TIER DISTRIBUTION ###
  GPU Entries: 0 (0.00GiB)
  CPU Entries: 0 (0.00GiB)
  Storage Entries: 231

### TIER-SPECIFIC KV BYTES ###
  Storage KV Bytes Written: 346.45GiB
  Storage KV Bytes Read: 1580.03GiB

### STORAGE KV BANDWIDTH ###
  Storage KV Read Bandwidth: 5.20GiB/s
  Storage KV Write Bandwidth: 1.14GiB/s

### TIER-SPECIFIC LATENCIES (Total = Host + Device) ###
  Storage Read P95 (Total): 18480.15 ms
  Storage Write P95 (Total): 16349.75 ms

### STORAGE TIER LATENCY BREAKDOWN (Device = Disk I/O, Host = Serialization) ###
  Storage Read:
    - Device P95 (Disk I/O): 16592.92 ms
    - Host P95 (Serialization): 5735.03 ms
    - Total P95: 18480.15 ms
  Storage Write:
    - Device P95 (Disk I/O): 641.64 ms
    - Host P95 (Serialization): 15766.08 ms
    - Total P95: 16349.75 ms

### CACHE TYPE BREAKDOWNS ###
  System Prompt Hits: 231
  Common Phrase Hits: 0
  User Cache Hits: 933
  Multi-turn Hits: 34

### PREFIX CACHING ###
  Prefix Hits: 47
  Prefix Misses: 184
  System Prompt Reuse: 47
  Bytes Saved: 0.09GiB

### MULTI-TURN CONVERSATIONS ###
  Multi-turn Cache Hits: 34
  Multi-turn Cache Misses: 223
  Multi-turn Hit Rate: 13.2%

### QOS LATENCY METRICS (Informational - includes simulated generation) ###

  INTERACTIVE:
    Requests: 174
    Latency P95: 379439.57 ms
    Latency P99: 392260.01 ms
    SLA Met: [X] (compliance: 0.0%)

  RESPONSIVE:
    Requests: 13
    Latency P95: 147327.15 ms
    Latency P99: 174471.76 ms
    SLA Met: [X] (compliance: 0.0%)

  BATCH:
    Requests: 31
    Latency P95: 122740.50 ms
    Latency P99: 172327.08 ms
    SLA Met: [X] (compliance: 0.0%)

================================================================================
NOTES:
  - Pure storage I/O benchmark (no generation simulation)
================================================================================

Integrated Multi-User KV Cache Benchmark - MLPerf Edition
Model: Llama 3.1 70B Instruct
GPU Memory: 0 GB
Users: 70
Duration: 300s
Seed: 110
Generation Mode: none (0.0ms/token)
Features:
  - Phase-Aware Processing: Enabled
  - Multi-turn Conversations: Enabled
  - Prefix Caching: Enabled
  - RAG Workload: Disabled
  - Autoscaling: Disabled
  - QoS Support: Enabled (Interactive/Responsive/Batch)
  - Trace-Driven (BurstGPT): Disabled
  - ShareGPT Dataset: Disabled
  - Max Concurrent Allocations: 4 (bounds RAM usage)
================================================================================

User Context Length Distribution:
  Min: 780 tokens (243.75MiB)
  Max: 23761 tokens (7425.31MiB)
  Mean: 8265 tokens (2582.67MiB)

QoS Distribution:
  interactive: 13 users
  responsive: 24 users
  batch: 33 users

### MEMORY SAFETY CHECK ###
  Formula: peak = (workers x 2 x mean_entry_bytes) + baseline
         = (70 x 2 x 2500MiB) + 2.5GiB
         = 344.3GiB
  Available RAM: 990.8GiB
  Mean entry size: 2500MiB  (8000 tok x 327,680 B/tok)
  Peak per thread: 5000MiB  (np.load + np.array copy)
  Worker threads: 70
  Safe concurrent readers: ~202  = (available - baseline) / peak_per_thread
  Status: OK

Starting benchmark... Mode: standard (prefill+decode)
--------------------------------------------------------------------------------

================================================================================
BENCHMARK RESULTS - MLPerf KV Cache Storage Benchmark
Generation Mode: none (0.0ms/token)
================================================================================

IMPORTANT: All storage latencies below are measured per KV cache BLOCK,
not per token or per disk page.  Each block holds the full KV state for
one request (all layers, all heads, full sequence length).
  Model KV bytes/token: 327,680 bytes (320.0KiB)
  Entries in cache: 270
  Block size min:   65.0MiB
  Block size mean:  1281.8MiB
  Block size P95:   3919.7MiB
  Block size max:   5202.8MiB
  A 200MiB block at 1GiB/s NVMe read = ~200 ms device latency.
  Compare latencies against block sizes, not against 4KiB page I/O.


### OVERALL PERFORMANCE ###
Requests Completed: 256
Total Tokens Generated: 35705
Throughput (wall-clock): 118.82 tokens/sec
Throughput (storage I/O): 5.29 tokens/sec
Requests/sec: 0.85

### END-TO-END LATENCY (Queue Wait + Storage I/O + Generation) ###
  Mean: 183772.96 ms
  P50:  183734.42 ms
  P95:  349571.60 ms
  P99:  385584.39 ms

### PER-REQUEST STORAGE LATENCY (All I/O ops for one request) ###
  Mean: 26366.38 ms
  P50:  13780.43 ms
  P95:  94820.69 ms
  P99:  117973.53 ms
  (= 1 prefill write + N decode reads per request)

### STORAGE PERFORMANCE ###
  Cache Hit Rate: 82.6%
  Total Read: 1641.69GiB
  Total Write: 337.96GiB
  Read/Write Ratio: 4.86
  Storage KV Read Operations/sec: 4.92
  Storage KV Write Operations/sec: 0.90

### CACHE TIER DISTRIBUTION ###
  GPU Entries: 0 (0.00GiB)
  CPU Entries: 0 (0.00GiB)
  Storage Entries: 270

### TIER-SPECIFIC KV BYTES ###
  Storage KV Bytes Written: 337.96GiB
  Storage KV Bytes Read: 1641.69GiB

### STORAGE KV BANDWIDTH ###
  Storage KV Read Bandwidth: 5.46GiB/s
  Storage KV Write Bandwidth: 1.12GiB/s

### TIER-SPECIFIC LATENCIES (Total = Host + Device) ###
  Storage Read P95 (Total): 16712.01 ms
  Storage Write P95 (Total): 10652.97 ms

### STORAGE TIER LATENCY BREAKDOWN (Device = Disk I/O, Host = Serialization) ###
  Storage Read:
    - Device P95 (Disk I/O): 14115.62 ms
    - Host P95 (Serialization): 3855.24 ms
    - Total P95: 16712.01 ms
  Storage Write:
    - Device P95 (Disk I/O): 260.65 ms
    - Host P95 (Serialization): 10590.04 ms
    - Total P95: 10652.97 ms

### CACHE TYPE BREAKDOWNS ###
  System Prompt Hits: 292
  Common Phrase Hits: 0
  User Cache Hits: 1169
  Multi-turn Hits: 15

### PREFIX CACHING ###
  Prefix Hits: 58
  Prefix Misses: 212
  System Prompt Reuse: 58
  Bytes Saved: 0.12GiB

### MULTI-TURN CONVERSATIONS ###
  Multi-turn Cache Hits: 15
  Multi-turn Cache Misses: 252
  Multi-turn Hit Rate: 5.6%

### QOS LATENCY METRICS (Informational - includes simulated generation) ###

  INTERACTIVE:
    Requests: 200
    Latency P95: 369818.45 ms
    Latency P99: 387430.68 ms
    SLA Met: [X] (compliance: 0.0%)

  RESPONSIVE:
    Requests: 29
    Latency P95: 121862.23 ms
    Latency P99: 142296.10 ms
    SLA Met: [X] (compliance: 0.0%)

  BATCH:
    Requests: 27
    Latency P95: 155044.32 ms
    Latency P99: 188732.01 ms
    SLA Met: [X] (compliance: 0.0%)

================================================================================
NOTES:
  - Pure storage I/O benchmark (no generation simulation)
================================================================================

Integrated Multi-User KV Cache Benchmark - MLPerf Edition
Model: Llama 3.1 70B Instruct
GPU Memory: 0 GB
Users: 70
Duration: 300s
Seed: 187
Generation Mode: none (0.0ms/token)
Features:
  - Phase-Aware Processing: Enabled
  - Multi-turn Conversations: Enabled
  - Prefix Caching: Enabled
  - RAG Workload: Disabled
  - Autoscaling: Disabled
  - QoS Support: Enabled (Interactive/Responsive/Batch)
  - Trace-Driven (BurstGPT): Disabled
  - ShareGPT Dataset: Disabled
  - Max Concurrent Allocations: 4 (bounds RAM usage)
================================================================================

User Context Length Distribution:
  Min: 913 tokens (285.31MiB)
  Max: 24560 tokens (7675.00MiB)
  Mean: 9117 tokens (2849.03MiB)

QoS Distribution:
  interactive: 7 users
  responsive: 29 users
  batch: 34 users

### MEMORY SAFETY CHECK ###
  Formula: peak = (workers x 2 x mean_entry_bytes) + baseline
         = (70 x 2 x 2500MiB) + 2.5GiB
         = 344.3GiB
  Available RAM: 987.4GiB
  Mean entry size: 2500MiB  (8000 tok x 327,680 B/tok)
  Peak per thread: 5000MiB  (np.load + np.array copy)
  Worker threads: 70
  Safe concurrent readers: ~201  = (available - baseline) / peak_per_thread
  Status: OK

Starting benchmark... Mode: standard (prefill+decode)
--------------------------------------------------------------------------------

================================================================================
BENCHMARK RESULTS - MLPerf KV Cache Storage Benchmark
Generation Mode: none (0.0ms/token)
================================================================================

IMPORTANT: All storage latencies below are measured per KV cache BLOCK,
not per token or per disk page.  Each block holds the full KV state for
one request (all layers, all heads, full sequence length).
  Model KV bytes/token: 327,680 bytes (320.0KiB)
  Entries in cache: 291
  Block size min:   106.2MiB
  Block size mean:  1516.9MiB
  Block size P95:   4871.7MiB
  Block size max:   6894.1MiB
  A 200MiB block at 1GiB/s NVMe read = ~200 ms device latency.
  Compare latencies against block sizes, not against 4KiB page I/O.


### OVERALL PERFORMANCE ###
Requests Completed: 286
Total Tokens Generated: 36391
Throughput (wall-clock): 118.70 tokens/sec
Throughput (storage I/O): 5.28 tokens/sec
Requests/sec: 0.93

### END-TO-END LATENCY (Queue Wait + Storage I/O + Generation) ###
  Mean: 192604.25 ms
  P50:  195366.82 ms
  P95:  367318.69 ms
  P99:  374870.08 ms

### PER-REQUEST STORAGE LATENCY (All I/O ops for one request) ###
  Mean: 24103.75 ms
  P50:  15012.88 ms
  P95:  71119.12 ms
  P99:  139946.77 ms
  (= 1 prefill write + N decode reads per request)

### STORAGE PERFORMANCE ###
  Cache Hit Rate: 77.5%
  Total Read: 1523.06GiB
  Total Write: 431.07GiB
  Read/Write Ratio: 3.53
  Storage KV Read Operations/sec: 4.57
  Storage KV Write Operations/sec: 0.97

### CACHE TIER DISTRIBUTION ###
  GPU Entries: 0 (0.00GiB)
  CPU Entries: 0 (0.00GiB)
  Storage Entries: 291

### TIER-SPECIFIC KV BYTES ###
  Storage KV Bytes Written: 431.07GiB
  Storage KV Bytes Read: 1523.06GiB

### STORAGE KV BANDWIDTH ###
  Storage KV Read Bandwidth: 4.97GiB/s
  Storage KV Write Bandwidth: 1.41GiB/s

### TIER-SPECIFIC LATENCIES (Total = Host + Device) ###
  Storage Read P95 (Total): 14470.51 ms
  Storage Write P95 (Total): 7432.14 ms

### STORAGE TIER LATENCY BREAKDOWN (Device = Disk I/O, Host = Serialization) ###
  Storage Read:
    - Device P95 (Disk I/O): 12182.37 ms
    - Host P95 (Serialization): 3318.04 ms
    - Total P95: 14470.51 ms
  Storage Write:
    - Device P95 (Disk I/O): 436.85 ms
    - Host P95 (Serialization): 7383.76 ms
    - Total P95: 7432.14 ms

### CACHE TYPE BREAKDOWNS ###
  System Prompt Hits: 254
  Common Phrase Hits: 0
  User Cache Hits: 1088
  Multi-turn Hits: 30

### PREFIX CACHING ###
  Prefix Hits: 57
  Prefix Misses: 234
  System Prompt Reuse: 57
  Bytes Saved: 0.11GiB

### MULTI-TURN CONVERSATIONS ###
  Multi-turn Cache Hits: 30
  Multi-turn Cache Misses: 341
  Multi-turn Hit Rate: 8.1%

### QOS LATENCY METRICS (Informational - includes simulated generation) ###

  INTERACTIVE:
    Requests: 228
    Latency P95: 369504.00 ms
    Latency P99: 375207.15 ms
    SLA Met: [X] (compliance: 0.0%)

  RESPONSIVE:
    Requests: 36
    Latency P95: 205048.40 ms
    Latency P99: 265323.85 ms
    SLA Met: [X] (compliance: 0.0%)

  BATCH:
    Requests: 22
    Latency P95: 155978.22 ms
    Latency P99: 204346.91 ms
    SLA Met: [X] (compliance: 0.0%)

================================================================================
NOTES:
  - Pure storage I/O benchmark (no generation simulation)
================================================================================

Integrated Multi-User KV Cache Benchmark - MLPerf Edition
Model: Llama 3.1 70B Instruct
GPU Memory: 0 GB
Users: 70
Duration: 300s
Seed: 238
Generation Mode: none (0.0ms/token)
Features:
  - Phase-Aware Processing: Enabled
  - Multi-turn Conversations: Enabled
  - Prefix Caching: Enabled
  - RAG Workload: Disabled
  - Autoscaling: Disabled
  - QoS Support: Enabled (Interactive/Responsive/Batch)
  - Trace-Driven (BurstGPT): Disabled
  - ShareGPT Dataset: Disabled
  - Max Concurrent Allocations: 4 (bounds RAM usage)
================================================================================

User Context Length Distribution:
  Min: 521 tokens (162.81MiB)
  Max: 24998 tokens (7811.88MiB)
  Mean: 7442 tokens (2325.57MiB)

QoS Distribution:
  interactive: 6 users
  responsive: 25 users
  batch: 39 users

### MEMORY SAFETY CHECK ###
  Formula: peak = (workers x 2 x mean_entry_bytes) + baseline
         = (70 x 2 x 2500MiB) + 2.5GiB
         = 344.3GiB
  Available RAM: 986.7GiB
  Mean entry size: 2500MiB  (8000 tok x 327,680 B/tok)
  Peak per thread: 5000MiB  (np.load + np.array copy)
  Worker threads: 70
  Safe concurrent readers: ~201  = (available - baseline) / peak_per_thread
  Status: OK

Starting benchmark... Mode: standard (prefill+decode)
--------------------------------------------------------------------------------

================================================================================
BENCHMARK RESULTS - MLPerf KV Cache Storage Benchmark
Generation Mode: none (0.0ms/token)
================================================================================

IMPORTANT: All storage latencies below are measured per KV cache BLOCK,
not per token or per disk page.  Each block holds the full KV state for
one request (all layers, all heads, full sequence length).
  Model KV bytes/token: 327,680 bytes (320.0KiB)
  Entries in cache: 259
  Block size min:   40.0MiB
  Block size mean:  1727.6MiB
  Block size P95:   6513.7MiB
  Block size max:   7763.8MiB
  A 200MiB block at 1GiB/s NVMe read = ~200 ms device latency.
  Compare latencies against block sizes, not against 4KiB page I/O.


### OVERALL PERFORMANCE ###
Requests Completed: 250
Total Tokens Generated: 28660
Throughput (wall-clock): 89.53 tokens/sec
Throughput (storage I/O): 6.82 tokens/sec
Requests/sec: 0.78

### END-TO-END LATENCY (Queue Wait + Storage I/O + Generation) ###
  Mean: 172856.04 ms
  P50:  164862.03 ms
  P95:  359148.16 ms
  P99:  380950.56 ms

### PER-REQUEST STORAGE LATENCY (All I/O ops for one request) ###
  Mean: 16921.60 ms
  P50:  7093.09 ms
  P95:  63739.80 ms
  P99:  108120.14 ms
  (= 1 prefill write + N decode reads per request)

### STORAGE PERFORMANCE ###
  Cache Hit Rate: 73.3%
  Total Read: 936.62GiB
  Total Write: 436.96GiB
  Read/Write Ratio: 2.14
  Storage KV Read Operations/sec: 3.25
  Storage KV Write Operations/sec: 0.86

### CACHE TIER DISTRIBUTION ###
  GPU Entries: 0 (0.00GiB)
  CPU Entries: 0 (0.00GiB)
  Storage Entries: 256

### TIER-SPECIFIC KV BYTES ###
  Storage KV Bytes Written: 436.96GiB
  Storage KV Bytes Read: 936.62GiB

### STORAGE KV BANDWIDTH ###
  Storage KV Read Bandwidth: 2.93GiB/s
  Storage KV Write Bandwidth: 1.37GiB/s

### TIER-SPECIFIC LATENCIES (Total = Host + Device) ###
  Storage Read P95 (Total): 15396.94 ms
  Storage Write P95 (Total): 12428.15 ms

### STORAGE TIER LATENCY BREAKDOWN (Device = Disk I/O, Host = Serialization) ###
  Storage Read:
    - Device P95 (Disk I/O): 12852.49 ms
    - Host P95 (Serialization): 3101.24 ms
    - Total P95: 15396.94 ms
  Storage Write:
    - Device P95 (Disk I/O): 270.70 ms
    - Host P95 (Serialization): 12428.13 ms
    - Total P95: 12428.15 ms

### CACHE TYPE BREAKDOWNS ###
  System Prompt Hits: 229
  Common Phrase Hits: 0
  User Cache Hits: 728
  Multi-turn Hits: 17

### PREFIX CACHING ###
  Prefix Hits: 50
  Prefix Misses: 209
  System Prompt Reuse: 50
  Bytes Saved: 0.10GiB

### MULTI-TURN CONVERSATIONS ###
  Multi-turn Cache Hits: 17
  Multi-turn Cache Misses: 303
  Multi-turn Hit Rate: 5.3%

### QOS LATENCY METRICS (Informational - includes simulated generation) ###

  INTERACTIVE:
    Requests: 187
    Latency P95: 366136.12 ms
    Latency P99: 387918.12 ms
    SLA Met: [X] (compliance: 0.0%)

  RESPONSIVE:
    Requests: 37
    Latency P95: 146187.68 ms
    Latency P99: 224214.53 ms
    SLA Met: [X] (compliance: 0.0%)

  BATCH:
    Requests: 26
    Latency P95: 62113.64 ms
    Latency P99: 164596.98 ms
    SLA Met: [X] (compliance: 0.0%)

================================================================================
NOTES:
  - Pure storage I/O benchmark (no generation simulation)
================================================================================

Integrated Multi-User KV Cache Benchmark - MLPerf Edition
Model: Llama 3.1 70B Instruct
GPU Memory: 0 GB
Users: 70
Duration: 300s
Seed: 174
Generation Mode: none (0.0ms/token)
Features:
  - Phase-Aware Processing: Enabled
  - Multi-turn Conversations: Enabled
  - Prefix Caching: Enabled
  - RAG Workload: Disabled
  - Autoscaling: Disabled
  - QoS Support: Enabled (Interactive/Responsive/Batch)
  - Trace-Driven (BurstGPT): Disabled
  - ShareGPT Dataset: Disabled
  - Max Concurrent Allocations: 4 (bounds RAM usage)
================================================================================

User Context Length Distribution:
  Min: 523 tokens (163.44MiB)
  Max: 24530 tokens (7665.62MiB)
  Mean: 7927 tokens (2477.15MiB)

QoS Distribution:
  interactive: 14 users
  responsive: 23 users
  batch: 33 users

### MEMORY SAFETY CHECK ###
  Formula: peak = (workers x 2 x mean_entry_bytes) + baseline
         = (70 x 2 x 2500MiB) + 2.5GiB
         = 344.3GiB
  Available RAM: 990.0GiB
  Mean entry size: 2500MiB  (8000 tok x 327,680 B/tok)
  Peak per thread: 5000MiB  (np.load + np.array copy)
  Worker threads: 70
  Safe concurrent readers: ~202  = (available - baseline) / peak_per_thread
  Status: OK

Starting benchmark... Mode: standard (prefill+decode)
--------------------------------------------------------------------------------

================================================================================
BENCHMARK RESULTS - MLPerf KV Cache Storage Benchmark
Generation Mode: none (0.0ms/token)
================================================================================

IMPORTANT: All storage latencies below are measured per KV cache BLOCK,
not per token or per disk page.  Each block holds the full KV state for
one request (all layers, all heads, full sequence length).
  Model KV bytes/token: 327,680 bytes (320.0KiB)
  Entries in cache: 307
  Block size min:   64.1MiB
  Block size mean:  1235.4MiB
  Block size P95:   4257.8MiB
  Block size max:   6095.6MiB
  A 200MiB block at 1GiB/s NVMe read = ~200 ms device latency.
  Compare latencies against block sizes, not against 4KiB page I/O.


### OVERALL PERFORMANCE ###
Requests Completed: 297
Total Tokens Generated: 39090
Throughput (wall-clock): 129.27 tokens/sec
Throughput (storage I/O): 5.73 tokens/sec
Requests/sec: 0.98

### END-TO-END LATENCY (Queue Wait + Storage I/O + Generation) ###
  Mean: 185449.81 ms
  P50:  185539.43 ms
  P95:  368428.18 ms
  P99:  386703.39 ms

### PER-REQUEST STORAGE LATENCY (All I/O ops for one request) ###
  Mean: 22967.53 ms
  P50:  11922.17 ms
  P95:  77194.74 ms
  P99:  127678.83 ms
  (= 1 prefill write + N decode reads per request)

### STORAGE PERFORMANCE ###
  Cache Hit Rate: 81.2%
  Total Read: 1625.67GiB
  Total Write: 370.39GiB
  Read/Write Ratio: 4.39
  Storage KV Read Operations/sec: 5.12
  Storage KV Write Operations/sec: 1.02

### CACHE TIER DISTRIBUTION ###
  GPU Entries: 0 (0.00GiB)
  CPU Entries: 0 (0.00GiB)
  Storage Entries: 307

### TIER-SPECIFIC KV BYTES ###
  Storage KV Bytes Written: 370.39GiB
  Storage KV Bytes Read: 1625.67GiB

### STORAGE KV BANDWIDTH ###
  Storage KV Read Bandwidth: 5.38GiB/s
  Storage KV Write Bandwidth: 1.22GiB/s

### TIER-SPECIFIC LATENCIES (Total = Host + Device) ###
  Storage Read P95 (Total): 14952.55 ms
  Storage Write P95 (Total): 8982.64 ms

### STORAGE TIER LATENCY BREAKDOWN (Device = Disk I/O, Host = Serialization) ###
  Storage Read:
    - Device P95 (Disk I/O): 13064.18 ms
    - Host P95 (Serialization): 3893.60 ms
    - Total P95: 14952.55 ms
  Storage Write:
    - Device P95 (Disk I/O): 302.26 ms
    - Host P95 (Serialization): 6513.91 ms
    - Total P95: 8982.64 ms

### CACHE TYPE BREAKDOWNS ###
  System Prompt Hits: 285
  Common Phrase Hits: 0
  User Cache Hits: 1216
  Multi-turn Hits: 36

### PREFIX CACHING ###
  Prefix Hits: 65
  Prefix Misses: 242
  System Prompt Reuse: 65
  Bytes Saved: 0.13GiB

### MULTI-TURN CONVERSATIONS ###
  Multi-turn Cache Hits: 36
  Multi-turn Cache Misses: 291
  Multi-turn Hit Rate: 11.0%

### QOS LATENCY METRICS (Informational - includes simulated generation) ###

  INTERACTIVE:
    Requests: 244
    Latency P95: 379696.05 ms
    Latency P99: 387439.11 ms
    SLA Met: [X] (compliance: 0.0%)

  RESPONSIVE:
    Requests: 20
    Latency P95: 111925.47 ms
    Latency P99: 165552.03 ms
    SLA Met: [X] (compliance: 0.0%)

  BATCH:
    Requests: 33
    Latency P95: 122350.82 ms
    Latency P99: 173129.35 ms
    SLA Met: [X] (compliance: 0.0%)

================================================================================
NOTES:
  - Pure storage I/O benchmark (no generation simulation)
================================================================================

Integrated Multi-User KV Cache Benchmark - MLPerf Edition
Model: Llama 3.1 70B Instruct
GPU Memory: 0 GB
Users: 70
Duration: 300s
Seed: 198
Generation Mode: none (0.0ms/token)
Features:
  - Phase-Aware Processing: Enabled
  - Multi-turn Conversations: Enabled
  - Prefix Caching: Enabled
  - RAG Workload: Disabled
  - Autoscaling: Disabled
  - QoS Support: Enabled (Interactive/Responsive/Batch)
  - Trace-Driven (BurstGPT): Disabled
  - ShareGPT Dataset: Disabled
  - Max Concurrent Allocations: 4 (bounds RAM usage)
================================================================================

User Context Length Distribution:
  Min: 574 tokens (179.38MiB)
  Max: 22405 tokens (7001.56MiB)
  Mean: 8949 tokens (2796.48MiB)

QoS Distribution:
  interactive: 12 users
  responsive: 28 users
  batch: 30 users

### MEMORY SAFETY CHECK ###
  Formula: peak = (workers x 2 x mean_entry_bytes) + baseline
         = (70 x 2 x 2500MiB) + 2.5GiB
         = 344.3GiB
  Available RAM: 988.1GiB
  Mean entry size: 2500MiB  (8000 tok x 327,680 B/tok)
  Peak per thread: 5000MiB  (np.load + np.array copy)
  Worker threads: 70
  Safe concurrent readers: ~201  = (available - baseline) / peak_per_thread
  Status: OK

Starting benchmark... Mode: standard (prefill+decode)
--------------------------------------------------------------------------------

================================================================================
BENCHMARK RESULTS - MLPerf KV Cache Storage Benchmark
Generation Mode: none (0.0ms/token)
================================================================================

IMPORTANT: All storage latencies below are measured per KV cache BLOCK,
not per token or per disk page.  Each block holds the full KV state for
one request (all layers, all heads, full sequence length).
  Model KV bytes/token: 327,680 bytes (320.0KiB)
  Entries in cache: 238
  Block size min:   47.8MiB
  Block size mean:  1732.2MiB
  Block size P95:   4359.3MiB
  Block size max:   6089.7MiB
  A 200MiB block at 1GiB/s NVMe read = ~200 ms device latency.
  Compare latencies against block sizes, not against 4KiB page I/O.


### OVERALL PERFORMANCE ###
Requests Completed: 227
Total Tokens Generated: 42542
Throughput (wall-clock): 141.81 tokens/sec
Throughput (storage I/O): 4.98 tokens/sec
Requests/sec: 0.76

### END-TO-END LATENCY (Queue Wait + Storage I/O + Generation) ###
  Mean: 196152.70 ms
  P50:  208491.42 ms
  P95:  379344.25 ms
  P99:  389549.80 ms

### PER-REQUEST STORAGE LATENCY (All I/O ops for one request) ###
  Mean: 37638.17 ms
  P50:  26237.62 ms
  P95:  118204.07 ms
  P99:  183448.88 ms
  (= 1 prefill write + N decode reads per request)

### STORAGE PERFORMANCE ###
  Cache Hit Rate: 84.7%
  Total Read: 2190.07GiB
  Total Write: 402.60GiB
  Read/Write Ratio: 5.44
  Storage KV Read Operations/sec: 5.03
  Storage KV Write Operations/sec: 0.79

### CACHE TIER DISTRIBUTION ###
  GPU Entries: 0 (0.00GiB)
  CPU Entries: 0 (0.00GiB)
  Storage Entries: 238

### TIER-SPECIFIC KV BYTES ###
  Storage KV Bytes Written: 402.60GiB
  Storage KV Bytes Read: 2190.07GiB

### STORAGE KV BANDWIDTH ###
  Storage KV Read Bandwidth: 7.30GiB/s
  Storage KV Write Bandwidth: 1.34GiB/s

### TIER-SPECIFIC LATENCIES (Total = Host + Device) ###
  Storage Read P95 (Total): 17596.43 ms
  Storage Write P95 (Total): 10986.16 ms

### STORAGE TIER LATENCY BREAKDOWN (Device = Disk I/O, Host = Serialization) ###
  Storage Read:
    - Device P95 (Disk I/O): 14811.78 ms
    - Host P95 (Serialization): 3690.23 ms
    - Total P95: 17596.43 ms
  Storage Write:
    - Device P95 (Disk I/O): 174.39 ms
    - Host P95 (Serialization): 10241.14 ms
    - Total P95: 10986.16 ms

### CACHE TYPE BREAKDOWNS ###
  System Prompt Hits: 413
  Common Phrase Hits: 0
  User Cache Hits: 1059
  Multi-turn Hits: 37

### PREFIX CACHING ###
  Prefix Hits: 65
  Prefix Misses: 173
  System Prompt Reuse: 65
  Bytes Saved: 0.13GiB

### MULTI-TURN CONVERSATIONS ###
  Multi-turn Cache Hits: 37
  Multi-turn Cache Misses: 207
  Multi-turn Hit Rate: 15.2%

### QOS LATENCY METRICS (Informational - includes simulated generation) ###

  INTERACTIVE:
    Requests: 168
    Latency P95: 381410.98 ms
    Latency P99: 390994.82 ms
    SLA Met: [X] (compliance: 0.0%)

  RESPONSIVE:
    Requests: 29
    Latency P95: 172320.02 ms
    Latency P99: 235851.14 ms
    SLA Met: [X] (compliance: 0.0%)

  BATCH:
    Requests: 30
    Latency P95: 138503.98 ms
    Latency P99: 156953.81 ms
    SLA Met: [X] (compliance: 0.0%)

================================================================================
NOTES:
  - Pure storage I/O benchmark (no generation simulation)
================================================================================

Integrated Multi-User KV Cache Benchmark - MLPerf Edition
Model: Llama 3.1 70B Instruct
GPU Memory: 0 GB
Users: 70
Duration: 300s
Seed: 226
Generation Mode: none (0.0ms/token)
Features:
  - Phase-Aware Processing: Enabled
  - Multi-turn Conversations: Enabled
  - Prefix Caching: Enabled
  - RAG Workload: Disabled
  - Autoscaling: Disabled
  - QoS Support: Enabled (Interactive/Responsive/Batch)
  - Trace-Driven (BurstGPT): Disabled
  - ShareGPT Dataset: Disabled
  - Max Concurrent Allocations: 4 (bounds RAM usage)
================================================================================

User Context Length Distribution:
  Min: 546 tokens (170.62MiB)
  Max: 24758 tokens (7736.88MiB)
  Mean: 8790 tokens (2746.91MiB)

QoS Distribution:
  interactive: 13 users
  responsive: 20 users
  batch: 37 users

### MEMORY SAFETY CHECK ###
  Formula: peak = (workers x 2 x mean_entry_bytes) + baseline
         = (70 x 2 x 2500MiB) + 2.5GiB
         = 344.3GiB
  Available RAM: 988.0GiB
  Mean entry size: 2500MiB  (8000 tok x 327,680 B/tok)
  Peak per thread: 5000MiB  (np.load + np.array copy)
  Worker threads: 70
  Safe concurrent readers: ~201  = (available - baseline) / peak_per_thread
  Status: OK

Starting benchmark... Mode: standard (prefill+decode)
--------------------------------------------------------------------------------

================================================================================
BENCHMARK RESULTS - MLPerf KV Cache Storage Benchmark
Generation Mode: none (0.0ms/token)
================================================================================

IMPORTANT: All storage latencies below are measured per KV cache BLOCK,
not per token or per disk page.  Each block holds the full KV state for
one request (all layers, all heads, full sequence length).
  Model KV bytes/token: 327,680 bytes (320.0KiB)
  Entries in cache: 260
  Block size min:   43.1MiB
  Block size mean:  1664.3MiB
  Block size P95:   5349.0MiB
  Block size max:   7136.2MiB
  A 200MiB block at 1GiB/s NVMe read = ~200 ms device latency.
  Compare latencies against block sizes, not against 4KiB page I/O.


### OVERALL PERFORMANCE ###
Requests Completed: 250
Total Tokens Generated: 40087
Throughput (wall-clock): 131.28 tokens/sec
Throughput (storage I/O): 6.44 tokens/sec
Requests/sec: 0.82

### END-TO-END LATENCY (Queue Wait + Storage I/O + Generation) ###
  Mean: 190338.98 ms
  P50:  193766.68 ms
  P95:  378434.25 ms
  P99:  386453.13 ms

### PER-REQUEST STORAGE LATENCY (All I/O ops for one request) ###
  Mean: 24912.06 ms
  P50:  9909.56 ms
  P95:  98085.15 ms
  P99:  152031.01 ms
  (= 1 prefill write + N decode reads per request)

### STORAGE PERFORMANCE ###
  Cache Hit Rate: 80.3%
  Total Read: 1311.82GiB
  Total Write: 422.57GiB
  Read/Write Ratio: 3.10
  Storage KV Read Operations/sec: 4.00
  Storage KV Write Operations/sec: 0.87

### CACHE TIER DISTRIBUTION ###
  GPU Entries: 0 (0.00GiB)
  CPU Entries: 0 (0.00GiB)
  Storage Entries: 260

### TIER-SPECIFIC KV BYTES ###
  Storage KV Bytes Written: 422.57GiB
  Storage KV Bytes Read: 1311.82GiB

### STORAGE KV BANDWIDTH ###
  Storage KV Read Bandwidth: 4.30GiB/s
  Storage KV Write Bandwidth: 1.38GiB/s

### TIER-SPECIFIC LATENCIES (Total = Host + Device) ###
  Storage Read P95 (Total): 17168.28 ms
  Storage Write P95 (Total): 10016.89 ms

### STORAGE TIER LATENCY BREAKDOWN (Device = Disk I/O, Host = Serialization) ###
  Storage Read:
    - Device P95 (Disk I/O): 14479.79 ms
    - Host P95 (Serialization): 4698.25 ms
    - Total P95: 17168.28 ms
  Storage Write:
    - Device P95 (Disk I/O): 267.98 ms
    - Host P95 (Serialization): 9937.53 ms
    - Total P95: 10016.89 ms

### CACHE TYPE BREAKDOWNS ###
  System Prompt Hits: 274
  Common Phrase Hits: 0
  User Cache Hits: 914
  Multi-turn Hits: 13

### PREFIX CACHING ###
  Prefix Hits: 55
  Prefix Misses: 205
  System Prompt Reuse: 55
  Bytes Saved: 0.11GiB

### MULTI-TURN CONVERSATIONS ###
  Multi-turn Cache Hits: 13
  Multi-turn Cache Misses: 239
  Multi-turn Hit Rate: 5.2%

### QOS LATENCY METRICS (Informational - includes simulated generation) ###

  INTERACTIVE:
    Requests: 200
    Latency P95: 380355.63 ms
    Latency P99: 388561.52 ms
    SLA Met: [X] (compliance: 0.0%)

  RESPONSIVE:
    Requests: 30
    Latency P95: 132737.03 ms
    Latency P99: 190436.21 ms
    SLA Met: [X] (compliance: 0.0%)

  BATCH:
    Requests: 20
    Latency P95: 131313.46 ms
    Latency P99: 191941.49 ms
    SLA Met: [X] (compliance: 0.0%)

================================================================================
NOTES:
  - Pure storage I/O benchmark (no generation simulation)
================================================================================

Integrated Multi-User KV Cache Benchmark - MLPerf Edition
Model: Llama 3.1 70B Instruct
GPU Memory: 0 GB
Users: 70
Duration: 300s
Seed: 137
Generation Mode: none (0.0ms/token)
Features:
  - Phase-Aware Processing: Enabled
  - Multi-turn Conversations: Enabled
  - Prefix Caching: Enabled
  - RAG Workload: Disabled
  - Autoscaling: Disabled
  - QoS Support: Enabled (Interactive/Responsive/Batch)
  - Trace-Driven (BurstGPT): Disabled
  - ShareGPT Dataset: Disabled
  - Max Concurrent Allocations: 4 (bounds RAM usage)
================================================================================

User Context Length Distribution:
  Min: 662 tokens (206.88MiB)
  Max: 23425 tokens (7320.31MiB)
  Mean: 10378 tokens (3243.15MiB)

QoS Distribution:
  interactive: 10 users
  responsive: 28 users
  batch: 32 users

### MEMORY SAFETY CHECK ###
  Formula: peak = (workers x 2 x mean_entry_bytes) + baseline
         = (70 x 2 x 2500MiB) + 2.5GiB
         = 344.3GiB
  Available RAM: 988.9GiB
  Mean entry size: 2500MiB  (8000 tok x 327,680 B/tok)
  Peak per thread: 5000MiB  (np.load + np.array copy)
  Worker threads: 70
  Safe concurrent readers: ~202  = (available - baseline) / peak_per_thread
  Status: OK

Starting benchmark... Mode: standard (prefill+decode)
--------------------------------------------------------------------------------

================================================================================
BENCHMARK RESULTS - MLPerf KV Cache Storage Benchmark
Generation Mode: none (0.0ms/token)
================================================================================

IMPORTANT: All storage latencies below are measured per KV cache BLOCK,
not per token or per disk page.  Each block holds the full KV state for
one request (all layers, all heads, full sequence length).
  Model KV bytes/token: 327,680 bytes (320.0KiB)
  Entries in cache: 251
  Block size min:   52.5MiB
  Block size mean:  2037.3MiB
  Block size P95:   5463.0MiB
  Block size max:   6575.9MiB
  A 200MiB block at 1GiB/s NVMe read = ~200 ms device latency.
  Compare latencies against block sizes, not against 4KiB page I/O.


### OVERALL PERFORMANCE ###
Requests Completed: 240
Total Tokens Generated: 33400
Throughput (wall-clock): 111.33 tokens/sec
Throughput (storage I/O): 7.62 tokens/sec
Requests/sec: 0.80

### END-TO-END LATENCY (Queue Wait + Storage I/O + Generation) ###
  Mean: 192118.26 ms
  P50:  197380.35 ms
  P95:  370279.55 ms
  P99:  380763.47 ms

### PER-REQUEST STORAGE LATENCY (All I/O ops for one request) ###
  Mean: 18268.36 ms
  P50:  5412.79 ms
  P95:  74855.32 ms
  P99:  137693.33 ms
  (= 1 prefill write + N decode reads per request)

### STORAGE PERFORMANCE ###
  Cache Hit Rate: 67.3%
  Total Read: 1205.40GiB
  Total Write: 499.38GiB
  Read/Write Ratio: 2.41
  Storage KV Read Operations/sec: 2.94
  Storage KV Write Operations/sec: 0.84

### CACHE TIER DISTRIBUTION ###
  GPU Entries: 0 (0.00GiB)
  CPU Entries: 0 (0.00GiB)
  Storage Entries: 251

### TIER-SPECIFIC KV BYTES ###
  Storage KV Bytes Written: 499.38GiB
  Storage KV Bytes Read: 1205.40GiB

### STORAGE KV BANDWIDTH ###
  Storage KV Read Bandwidth: 4.02GiB/s
  Storage KV Write Bandwidth: 1.66GiB/s

### TIER-SPECIFIC LATENCIES (Total = Host + Device) ###
  Storage Read P95 (Total): 16066.59 ms
  Storage Write P95 (Total): 10533.05 ms

### STORAGE TIER LATENCY BREAKDOWN (Device = Disk I/O, Host = Serialization) ###
  Storage Read:
    - Device P95 (Disk I/O): 12155.12 ms
    - Host P95 (Serialization): 4037.40 ms
    - Total P95: 16066.59 ms
  Storage Write:
    - Device P95 (Disk I/O): 263.08 ms
    - Host P95 (Serialization): 10410.90 ms
    - Total P95: 10533.05 ms

### CACHE TYPE BREAKDOWNS ###
  System Prompt Hits: 183
  Common Phrase Hits: 0
  User Cache Hits: 663
  Multi-turn Hits: 35

### PREFIX CACHING ###
  Prefix Hits: 49
  Prefix Misses: 202
  System Prompt Reuse: 49
  Bytes Saved: 0.10GiB

### MULTI-TURN CONVERSATIONS ###
  Multi-turn Cache Hits: 35
  Multi-turn Cache Misses: 380
  Multi-turn Hit Rate: 8.4%

### QOS LATENCY METRICS (Informational - includes simulated generation) ###

  INTERACTIVE:
    Requests: 188
    Latency P95: 371850.21 ms
    Latency P99: 381837.99 ms
    SLA Met: [X] (compliance: 0.0%)

  RESPONSIVE:
    Requests: 32
    Latency P95: 215814.46 ms
    Latency P99: 338359.67 ms
    SLA Met: [X] (compliance: 0.0%)

  BATCH:
    Requests: 20
    Latency P95: 133925.01 ms
    Latency P99: 160225.12 ms
    SLA Met: [X] (compliance: 0.0%)

================================================================================
NOTES:
  - Pure storage I/O benchmark (no generation simulation)
================================================================================

Integrated Multi-User KV Cache Benchmark - MLPerf Edition
Model: Llama 3.1 70B Instruct
GPU Memory: 0 GB
Users: 70
Duration: 300s
Seed: 61
Generation Mode: none (0.0ms/token)
Features:
  - Phase-Aware Processing: Enabled
  - Multi-turn Conversations: Enabled
  - Prefix Caching: Enabled
  - RAG Workload: Disabled
  - Autoscaling: Disabled
  - QoS Support: Enabled (Interactive/Responsive/Batch)
  - Trace-Driven (BurstGPT): Disabled
  - ShareGPT Dataset: Disabled
  - Max Concurrent Allocations: 4 (bounds RAM usage)
================================================================================

User Context Length Distribution:
  Min: 541 tokens (169.06MiB)
  Max: 23717 tokens (7411.56MiB)
  Mean: 8418 tokens (2630.49MiB)

QoS Distribution:
  interactive: 7 users
  responsive: 26 users
  batch: 37 users

### MEMORY SAFETY CHECK ###
  Formula: peak = (workers x 2 x mean_entry_bytes) + baseline
         = (70 x 2 x 2500MiB) + 2.5GiB
         = 344.3GiB
  Available RAM: 988.6GiB
  Mean entry size: 2500MiB  (8000 tok x 327,680 B/tok)
  Peak per thread: 5000MiB  (np.load + np.array copy)
  Worker threads: 70
  Safe concurrent readers: ~201  = (available - baseline) / peak_per_thread
  Status: OK

Starting benchmark... Mode: standard (prefill+decode)
--------------------------------------------------------------------------------

================================================================================
BENCHMARK RESULTS - MLPerf KV Cache Storage Benchmark
Generation Mode: none (0.0ms/token)
================================================================================

IMPORTANT: All storage latencies below are measured per KV cache BLOCK,
not per token or per disk page.  Each block holds the full KV state for
one request (all layers, all heads, full sequence length).
  Model KV bytes/token: 327,680 bytes (320.0KiB)
  Entries in cache: 260
  Block size min:   49.4MiB
  Block size mean:  1410.5MiB
  Block size P95:   3831.3MiB
  Block size max:   4833.4MiB
  A 200MiB block at 1GiB/s NVMe read = ~200 ms device latency.
  Compare latencies against block sizes, not against 4KiB page I/O.


### OVERALL PERFORMANCE ###
Requests Completed: 252
Total Tokens Generated: 41780
Throughput (wall-clock): 139.27 tokens/sec
Throughput (storage I/O): 4.45 tokens/sec
Requests/sec: 0.84

### END-TO-END LATENCY (Queue Wait + Storage I/O + Generation) ###
  Mean: 184757.75 ms
  P50:  184269.92 ms
  P95:  373752.67 ms
  P99:  386764.14 ms

### PER-REQUEST STORAGE LATENCY (All I/O ops for one request) ###
  Mean: 37257.27 ms
  P50:  20933.86 ms
  P95:  125977.73 ms
  P99:  164486.05 ms
  (= 1 prefill write + N decode reads per request)

### STORAGE PERFORMANCE ###
  Cache Hit Rate: 80.9%
  Total Read: 2173.02GiB
  Total Write: 358.14GiB
  Read/Write Ratio: 6.07
  Storage KV Read Operations/sec: 5.31
  Storage KV Write Operations/sec: 0.87

### CACHE TIER DISTRIBUTION ###
  GPU Entries: 0 (0.00GiB)
  CPU Entries: 0 (0.00GiB)
  Storage Entries: 260

### TIER-SPECIFIC KV BYTES ###
  Storage KV Bytes Written: 358.14GiB
  Storage KV Bytes Read: 2173.02GiB

### STORAGE KV BANDWIDTH ###
  Storage KV Read Bandwidth: 7.24GiB/s
  Storage KV Write Bandwidth: 1.19GiB/s

### TIER-SPECIFIC LATENCIES (Total = Host + Device) ###
  Storage Read P95 (Total): 17153.97 ms
  Storage Write P95 (Total): 10203.30 ms

### STORAGE TIER LATENCY BREAKDOWN (Device = Disk I/O, Host = Serialization) ###
  Storage Read:
    - Device P95 (Disk I/O): 14550.13 ms
    - Host P95 (Serialization): 4038.11 ms
    - Total P95: 17153.97 ms
  Storage Write:
    - Device P95 (Disk I/O): 538.08 ms
    - Host P95 (Serialization): 10036.22 ms
    - Total P95: 10203.30 ms

### CACHE TYPE BREAKDOWNS ###
  System Prompt Hits: 326
  Common Phrase Hits: 0
  User Cache Hits: 1251
  Multi-turn Hits: 16

### PREFIX CACHING ###
  Prefix Hits: 53
  Prefix Misses: 207
  System Prompt Reuse: 53
  Bytes Saved: 0.11GiB

### MULTI-TURN CONVERSATIONS ###
  Multi-turn Cache Hits: 16
  Multi-turn Cache Misses: 323
  Multi-turn Hit Rate: 4.7%

### QOS LATENCY METRICS (Informational - includes simulated generation) ###

  INTERACTIVE:
    Requests: 193
    Latency P95: 375534.86 ms
    Latency P99: 386777.06 ms
    SLA Met: [X] (compliance: 0.0%)

  RESPONSIVE:
    Requests: 24
    Latency P95: 160623.27 ms
    Latency P99: 186425.35 ms
    SLA Met: [X] (compliance: 0.0%)

  BATCH:
    Requests: 35
    Latency P95: 114627.63 ms
    Latency P99: 139238.05 ms
    SLA Met: [X] (compliance: 0.0%)

================================================================================
NOTES:
  - Pure storage I/O benchmark (no generation simulation)
================================================================================

Integrated Multi-User KV Cache Benchmark - MLPerf Edition
Model: Llama 3.1 70B Instruct
GPU Memory: 0 GB
Users: 70
Duration: 300s
Seed: 97
Generation Mode: none (0.0ms/token)
Features:
  - Phase-Aware Processing: Enabled
  - Multi-turn Conversations: Enabled
  - Prefix Caching: Enabled
  - RAG Workload: Disabled
  - Autoscaling: Disabled
  - QoS Support: Enabled (Interactive/Responsive/Batch)
  - Trace-Driven (BurstGPT): Disabled
  - ShareGPT Dataset: Disabled
  - Max Concurrent Allocations: 4 (bounds RAM usage)
================================================================================

User Context Length Distribution:
  Min: 520 tokens (162.50MiB)
  Max: 24710 tokens (7721.88MiB)
  Mean: 7509 tokens (2346.56MiB)

QoS Distribution:
  interactive: 10 users
  responsive: 22 users
  batch: 38 users

### MEMORY SAFETY CHECK ###
  Formula: peak = (workers x 2 x mean_entry_bytes) + baseline
         = (70 x 2 x 2500MiB) + 2.5GiB
         = 344.3GiB
  Available RAM: 988.3GiB
  Mean entry size: 2500MiB  (8000 tok x 327,680 B/tok)
  Peak per thread: 5000MiB  (np.load + np.array copy)
  Worker threads: 70
  Safe concurrent readers: ~201  = (available - baseline) / peak_per_thread
  Status: OK

Starting benchmark... Mode: standard (prefill+decode)
--------------------------------------------------------------------------------

================================================================================
BENCHMARK RESULTS - MLPerf KV Cache Storage Benchmark
Generation Mode: none (0.0ms/token)
================================================================================

IMPORTANT: All storage latencies below are measured per KV cache BLOCK,
not per token or per disk page.  Each block holds the full KV state for
one request (all layers, all heads, full sequence length).
  Model KV bytes/token: 327,680 bytes (320.0KiB)
  Entries in cache: 301
  Block size min:   68.8MiB
  Block size mean:  1095.8MiB
  Block size P95:   3620.6MiB
  Block size max:   5076.2MiB
  A 200MiB block at 1GiB/s NVMe read = ~200 ms device latency.
  Compare latencies against block sizes, not against 4KiB page I/O.


### OVERALL PERFORMANCE ###
Requests Completed: 292
Total Tokens Generated: 37388
Throughput (wall-clock): 124.63 tokens/sec
Throughput (storage I/O): 4.87 tokens/sec
Requests/sec: 0.97

### END-TO-END LATENCY (Queue Wait + Storage I/O + Generation) ###
  Mean: 189216.27 ms
  P50:  185809.44 ms
  P95:  378860.02 ms
  P99:  386371.93 ms

### PER-REQUEST STORAGE LATENCY (All I/O ops for one request) ###
  Mean: 26275.41 ms
  P50:  13407.62 ms
  P95:  88277.85 ms
  P99:  125967.55 ms
  (= 1 prefill write + N decode reads per request)

### STORAGE PERFORMANCE ###
  Cache Hit Rate: 83.8%
  Total Read: 1669.96GiB
  Total Write: 322.11GiB
  Read/Write Ratio: 5.18
  Storage KV Read Operations/sec: 5.10
  Storage KV Write Operations/sec: 1.00

### CACHE TIER DISTRIBUTION ###
  GPU Entries: 0 (0.00GiB)
  CPU Entries: 0 (0.00GiB)
  Storage Entries: 301

### TIER-SPECIFIC KV BYTES ###
  Storage KV Bytes Written: 322.11GiB
  Storage KV Bytes Read: 1669.96GiB

### STORAGE KV BANDWIDTH ###
  Storage KV Read Bandwidth: 5.57GiB/s
  Storage KV Write Bandwidth: 1.07GiB/s

### TIER-SPECIFIC LATENCIES (Total = Host + Device) ###
  Storage Read P95 (Total): 15918.31 ms
  Storage Write P95 (Total): 11482.19 ms

### STORAGE TIER LATENCY BREAKDOWN (Device = Disk I/O, Host = Serialization) ###
  Storage Read:
    - Device P95 (Disk I/O): 12162.86 ms
    - Host P95 (Serialization): 5088.46 ms
    - Total P95: 15918.31 ms
  Storage Write:
    - Device P95 (Disk I/O): 476.67 ms
    - Host P95 (Serialization): 10952.87 ms
    - Total P95: 11482.19 ms

### CACHE TYPE BREAKDOWNS ###
  System Prompt Hits: 239
  Common Phrase Hits: 0
  User Cache Hits: 1249
  Multi-turn Hits: 41

### PREFIX CACHING ###
  Prefix Hits: 49
  Prefix Misses: 252
  System Prompt Reuse: 49
  Bytes Saved: 0.10GiB

### MULTI-TURN CONVERSATIONS ###
  Multi-turn Cache Hits: 41
  Multi-turn Cache Misses: 246
  Multi-turn Hit Rate: 14.3%

### QOS LATENCY METRICS (Informational - includes simulated generation) ###

  INTERACTIVE:
    Requests: 243
    Latency P95: 380589.16 ms
    Latency P99: 386915.17 ms
    SLA Met: [X] (compliance: 0.0%)

  RESPONSIVE:
    Requests: 21
    Latency P95: 103182.69 ms
    Latency P99: 149858.11 ms
    SLA Met: [X] (compliance: 0.0%)

  BATCH:
    Requests: 28
    Latency P95: 127229.63 ms
    Latency P99: 205622.52 ms
    SLA Met: [X] (compliance: 0.0%)

================================================================================
NOTES:
  - Pure storage I/O benchmark (no generation simulation)
================================================================================

Integrated Multi-User KV Cache Benchmark - MLPerf Edition
Model: Llama 3.1 70B Instruct
GPU Memory: 0 GB
Users: 70
Duration: 300s
Seed: 171
Generation Mode: none (0.0ms/token)
Features:
  - Phase-Aware Processing: Enabled
  - Multi-turn Conversations: Enabled
  - Prefix Caching: Enabled
  - RAG Workload: Disabled
  - Autoscaling: Disabled
  - QoS Support: Enabled (Interactive/Responsive/Batch)
  - Trace-Driven (BurstGPT): Disabled
  - ShareGPT Dataset: Disabled
  - Max Concurrent Allocations: 4 (bounds RAM usage)
================================================================================

User Context Length Distribution:
  Min: 639 tokens (199.69MiB)
  Max: 20463 tokens (6394.69MiB)
  Mean: 8445 tokens (2639.08MiB)

QoS Distribution:
  interactive: 11 users
  responsive: 26 users
  batch: 33 users

### MEMORY SAFETY CHECK ###
  Formula: peak = (workers x 2 x mean_entry_bytes) + baseline
         = (70 x 2 x 2500MiB) + 2.5GiB
         = 344.3GiB
  Available RAM: 989.3GiB
  Mean entry size: 2500MiB  (8000 tok x 327,680 B/tok)
  Peak per thread: 5000MiB  (np.load + np.array copy)
  Worker threads: 70
  Safe concurrent readers: ~202  = (available - baseline) / peak_per_thread
  Status: OK

Starting benchmark... Mode: standard (prefill+decode)
--------------------------------------------------------------------------------

================================================================================
BENCHMARK RESULTS - MLPerf KV Cache Storage Benchmark
Generation Mode: none (0.0ms/token)
================================================================================

IMPORTANT: All storage latencies below are measured per KV cache BLOCK,
not per token or per disk page.  Each block holds the full KV state for
one request (all layers, all heads, full sequence length).
  Model KV bytes/token: 327,680 bytes (320.0KiB)
  Entries in cache: 248
  Block size min:   91.6MiB
  Block size mean:  1630.9MiB
  Block size P95:   4274.8MiB
  Block size max:   6268.4MiB
  A 200MiB block at 1GiB/s NVMe read = ~200 ms device latency.
  Compare latencies against block sizes, not against 4KiB page I/O.


### OVERALL PERFORMANCE ###
Requests Completed: 240
Total Tokens Generated: 36123
Throughput (wall-clock): 120.07 tokens/sec
Throughput (storage I/O): 5.38 tokens/sec
Requests/sec: 0.80

### END-TO-END LATENCY (Queue Wait + Storage I/O + Generation) ###
  Mean: 193194.47 ms
  P50:  186583.78 ms
  P95:  368879.47 ms
  P99:  386909.60 ms

### PER-REQUEST STORAGE LATENCY (All I/O ops for one request) ###
  Mean: 27991.49 ms
  P50:  11658.72 ms
  P95:  109971.56 ms
  P99:  149517.47 ms
  (= 1 prefill write + N decode reads per request)

### STORAGE PERFORMANCE ###
  Cache Hit Rate: 74.2%
  Total Read: 1726.81GiB
  Total Write: 394.99GiB
  Read/Write Ratio: 4.37
  Storage KV Read Operations/sec: 4.23
  Storage KV Write Operations/sec: 0.83

### CACHE TIER DISTRIBUTION ###
  GPU Entries: 0 (0.00GiB)
  CPU Entries: 0 (0.00GiB)
  Storage Entries: 248

### TIER-SPECIFIC KV BYTES ###
  Storage KV Bytes Written: 394.99GiB
  Storage KV Bytes Read: 1726.81GiB

### STORAGE KV BANDWIDTH ###
  Storage KV Read Bandwidth: 5.74GiB/s
  Storage KV Write Bandwidth: 1.31GiB/s

### TIER-SPECIFIC LATENCIES (Total = Host + Device) ###
  Storage Read P95 (Total): 17366.45 ms
  Storage Write P95 (Total): 11674.78 ms

### STORAGE TIER LATENCY BREAKDOWN (Device = Disk I/O, Host = Serialization) ###
  Storage Read:
    - Device P95 (Disk I/O): 15093.32 ms
    - Host P95 (Serialization): 3654.84 ms
    - Total P95: 17366.45 ms
  Storage Write:
    - Device P95 (Disk I/O): 584.06 ms
    - Host P95 (Serialization): 11651.48 ms
    - Total P95: 11674.78 ms

### CACHE TYPE BREAKDOWNS ###
  System Prompt Hits: 234
  Common Phrase Hits: 0
  User Cache Hits: 1016
  Multi-turn Hits: 20

### PREFIX CACHING ###
  Prefix Hits: 48
  Prefix Misses: 200
  System Prompt Reuse: 48
  Bytes Saved: 0.09GiB

### MULTI-TURN CONVERSATIONS ###
  Multi-turn Cache Hits: 20
  Multi-turn Cache Misses: 393
  Multi-turn Hit Rate: 4.8%

### QOS LATENCY METRICS (Informational - includes simulated generation) ###

  INTERACTIVE:
    Requests: 183
    Latency P95: 377415.27 ms
    Latency P99: 388925.65 ms
    SLA Met: [X] (compliance: 0.0%)

  RESPONSIVE:
    Requests: 39
    Latency P95: 187392.64 ms
    Latency P99: 251131.84 ms
    SLA Met: [X] (compliance: 0.0%)

  BATCH:
    Requests: 18
    Latency P95: 140970.58 ms
    Latency P99: 150233.38 ms
    SLA Met: [X] (compliance: 0.0%)

================================================================================
NOTES:
  - Pure storage I/O benchmark (no generation simulation)
================================================================================

Integrated Multi-User KV Cache Benchmark - MLPerf Edition
Model: Llama 3.1 70B Instruct
GPU Memory: 0 GB
Users: 70
Duration: 300s
Seed: 147
Generation Mode: none (0.0ms/token)
Features:
  - Phase-Aware Processing: Enabled
  - Multi-turn Conversations: Enabled
  - Prefix Caching: Enabled
  - RAG Workload: Disabled
  - Autoscaling: Disabled
  - QoS Support: Enabled (Interactive/Responsive/Batch)
  - Trace-Driven (BurstGPT): Disabled
  - ShareGPT Dataset: Disabled
  - Max Concurrent Allocations: 4 (bounds RAM usage)
================================================================================

User Context Length Distribution:
  Min: 646 tokens (201.88MiB)
  Max: 24984 tokens (7807.50MiB)
  Mean: 9885 tokens (3089.16MiB)

QoS Distribution:
  interactive: 11 users
  responsive: 17 users
  batch: 42 users

### MEMORY SAFETY CHECK ###
  Formula: peak = (workers x 2 x mean_entry_bytes) + baseline
         = (70 x 2 x 2500MiB) + 2.5GiB
         = 344.3GiB
  Available RAM: 989.8GiB
  Mean entry size: 2500MiB  (8000 tok x 327,680 B/tok)
  Peak per thread: 5000MiB  (np.load + np.array copy)
  Worker threads: 70
  Safe concurrent readers: ~202  = (available - baseline) / peak_per_thread
  Status: OK

Starting benchmark... Mode: standard (prefill+decode)
--------------------------------------------------------------------------------

================================================================================
BENCHMARK RESULTS - MLPerf KV Cache Storage Benchmark
Generation Mode: none (0.0ms/token)
================================================================================

IMPORTANT: All storage latencies below are measured per KV cache BLOCK,
not per token or per disk page.  Each block holds the full KV state for
one request (all layers, all heads, full sequence length).
  Model KV bytes/token: 327,680 bytes (320.0KiB)
  Entries in cache: 246
  Block size min:   55.3MiB
  Block size mean:  1664.0MiB
  Block size P95:   5461.2MiB
  Block size max:   7748.1MiB
  A 200MiB block at 1GiB/s NVMe read = ~200 ms device latency.
  Compare latencies against block sizes, not against 4KiB page I/O.


### OVERALL PERFORMANCE ###
Requests Completed: 241
Total Tokens Generated: 40039
Throughput (wall-clock): 129.92 tokens/sec
Throughput (storage I/O): 5.61 tokens/sec
Requests/sec: 0.78

### END-TO-END LATENCY (Queue Wait + Storage I/O + Generation) ###
  Mean: 196747.61 ms
  P50:  193020.35 ms
  P95:  386354.19 ms
  P99:  396119.10 ms

### PER-REQUEST STORAGE LATENCY (All I/O ops for one request) ###
  Mean: 29592.31 ms
  P50:  10527.86 ms
  P95:  122067.15 ms
  P99:  155837.84 ms
  (= 1 prefill write + N decode reads per request)

### STORAGE PERFORMANCE ###
  Cache Hit Rate: 81.0%
  Total Read: 1648.46GiB
  Total Write: 399.74GiB
  Read/Write Ratio: 4.12
  Storage KV Read Operations/sec: 4.32
  Storage KV Write Operations/sec: 0.82

### CACHE TIER DISTRIBUTION ###
  GPU Entries: 0 (0.00GiB)
  CPU Entries: 0 (0.00GiB)
  Storage Entries: 246

### TIER-SPECIFIC KV BYTES ###
  Storage KV Bytes Written: 399.74GiB
  Storage KV Bytes Read: 1648.46GiB

### STORAGE KV BANDWIDTH ###
  Storage KV Read Bandwidth: 5.35GiB/s
  Storage KV Write Bandwidth: 1.30GiB/s

### TIER-SPECIFIC LATENCIES (Total = Host + Device) ###
  Storage Read P95 (Total): 17463.39 ms
  Storage Write P95 (Total): 12134.27 ms

### STORAGE TIER LATENCY BREAKDOWN (Device = Disk I/O, Host = Serialization) ###
  Storage Read:
    - Device P95 (Disk I/O): 14390.31 ms
    - Host P95 (Serialization): 4494.39 ms
    - Total P95: 17463.39 ms
  Storage Write:
    - Device P95 (Disk I/O): 762.91 ms
    - Host P95 (Serialization): 10707.67 ms
    - Total P95: 12134.27 ms

### CACHE TYPE BREAKDOWNS ###
  System Prompt Hits: 209
  Common Phrase Hits: 0
  User Cache Hits: 1050
  Multi-turn Hits: 36

### PREFIX CACHING ###
  Prefix Hits: 42
  Prefix Misses: 204
  System Prompt Reuse: 42
  Bytes Saved: 0.09GiB

### MULTI-TURN CONVERSATIONS ###
  Multi-turn Cache Hits: 36
  Multi-turn Cache Misses: 261
  Multi-turn Hit Rate: 12.1%

### QOS LATENCY METRICS (Informational - includes simulated generation) ###

  INTERACTIVE:
    Requests: 185
    Latency P95: 389545.15 ms
    Latency P99: 396650.28 ms
    SLA Met: [X] (compliance: 0.0%)

  RESPONSIVE:
    Requests: 16
    Latency P95: 166760.48 ms
    Latency P99: 178293.17 ms
    SLA Met: [X] (compliance: 0.0%)

  BATCH:
    Requests: 40
    Latency P95: 200297.45 ms
    Latency P99: 241645.90 ms
    SLA Met: [X] (compliance: 0.0%)

================================================================================
NOTES:
  - Pure storage I/O benchmark (no generation simulation)
================================================================================

Integrated Multi-User KV Cache Benchmark - MLPerf Edition
Model: Llama 3.1 70B Instruct
GPU Memory: 0 GB
Users: 70
Duration: 300s
Seed: 78
Generation Mode: none (0.0ms/token)
Features:
  - Phase-Aware Processing: Enabled
  - Multi-turn Conversations: Enabled
  - Prefix Caching: Enabled
  - RAG Workload: Disabled
  - Autoscaling: Disabled
  - QoS Support: Enabled (Interactive/Responsive/Batch)
  - Trace-Driven (BurstGPT): Disabled
  - ShareGPT Dataset: Disabled
  - Max Concurrent Allocations: 4 (bounds RAM usage)
================================================================================

User Context Length Distribution:
  Min: 604 tokens (188.75MiB)
  Max: 23923 tokens (7475.94MiB)
  Mean: 9553 tokens (2985.23MiB)

QoS Distribution:
  interactive: 10 users
  responsive: 22 users
  batch: 38 users

### MEMORY SAFETY CHECK ###
  Formula: peak = (workers x 2 x mean_entry_bytes) + baseline
         = (70 x 2 x 2500MiB) + 2.5GiB
         = 344.3GiB
  Available RAM: 989.4GiB
  Mean entry size: 2500MiB  (8000 tok x 327,680 B/tok)
  Peak per thread: 5000MiB  (np.load + np.array copy)
  Worker threads: 70
  Safe concurrent readers: ~202  = (available - baseline) / peak_per_thread
  Status: OK

Starting benchmark... Mode: standard (prefill+decode)
--------------------------------------------------------------------------------

================================================================================
BENCHMARK RESULTS - MLPerf KV Cache Storage Benchmark
Generation Mode: none (0.0ms/token)
================================================================================

IMPORTANT: All storage latencies below are measured per KV cache BLOCK,
not per token or per disk page.  Each block holds the full KV state for
one request (all layers, all heads, full sequence length).
  Model KV bytes/token: 327,680 bytes (320.0KiB)
  Entries in cache: 235
  Block size min:   159.4MiB
  Block size mean:  1772.3MiB
  Block size P95:   4000.2MiB
  Block size max:   6262.5MiB
  A 200MiB block at 1GiB/s NVMe read = ~200 ms device latency.
  Compare latencies against block sizes, not against 4KiB page I/O.


### OVERALL PERFORMANCE ###
Requests Completed: 222
Total Tokens Generated: 38945
Throughput (wall-clock): 129.82 tokens/sec
Throughput (storage I/O): 4.65 tokens/sec
Requests/sec: 0.74

### END-TO-END LATENCY (Queue Wait + Storage I/O + Generation) ###
  Mean: 187422.33 ms
  P50:  181408.19 ms
  P95:  382164.52 ms
  P99:  387548.74 ms

### PER-REQUEST STORAGE LATENCY (All I/O ops for one request) ###
  Mean: 37732.36 ms
  P50:  17741.41 ms
  P95:  138024.83 ms
  P99:  218471.50 ms
  (= 1 prefill write + N decode reads per request)

### STORAGE PERFORMANCE ###
  Cache Hit Rate: 81.4%
  Total Read: 2161.50GiB
  Total Write: 406.73GiB
  Read/Write Ratio: 5.31
  Storage KV Read Operations/sec: 4.50
  Storage KV Write Operations/sec: 0.78

### CACHE TIER DISTRIBUTION ###
  GPU Entries: 0 (0.00GiB)
  CPU Entries: 0 (0.00GiB)
  Storage Entries: 235

### TIER-SPECIFIC KV BYTES ###
  Storage KV Bytes Written: 406.73GiB
  Storage KV Bytes Read: 2161.50GiB

### STORAGE KV BANDWIDTH ###
  Storage KV Read Bandwidth: 7.20GiB/s
  Storage KV Write Bandwidth: 1.36GiB/s

### TIER-SPECIFIC LATENCIES (Total = Host + Device) ###
  Storage Read P95 (Total): 19594.56 ms
  Storage Write P95 (Total): 9422.98 ms

### STORAGE TIER LATENCY BREAKDOWN (Device = Disk I/O, Host = Serialization) ###
  Storage Read:
    - Device P95 (Disk I/O): 15501.10 ms
    - Host P95 (Serialization): 6428.49 ms
    - Total P95: 19594.56 ms
  Storage Write:
    - Device P95 (Disk I/O): 312.91 ms
    - Host P95 (Serialization): 8616.48 ms
    - Total P95: 9422.98 ms

### CACHE TYPE BREAKDOWNS ###
  System Prompt Hits: 242
  Common Phrase Hits: 0
  User Cache Hits: 1065
  Multi-turn Hits: 43

### PREFIX CACHING ###
  Prefix Hits: 43
  Prefix Misses: 192
  System Prompt Reuse: 43
  Bytes Saved: 0.09GiB

### MULTI-TURN CONVERSATIONS ###
  Multi-turn Cache Hits: 43
  Multi-turn Cache Misses: 266
  Multi-turn Hit Rate: 13.9%

### QOS LATENCY METRICS (Informational - includes simulated generation) ###

  INTERACTIVE:
    Requests: 161
    Latency P95: 382377.19 ms
    Latency P99: 388490.83 ms
    SLA Met: [X] (compliance: 0.0%)

  RESPONSIVE:
    Requests: 17
    Latency P95: 180923.43 ms
    Latency P99: 186888.11 ms
    SLA Met: [X] (compliance: 0.0%)

  BATCH:
    Requests: 44
    Latency P95: 172367.69 ms
    Latency P99: 249126.58 ms
    SLA Met: [X] (compliance: 0.0%)

================================================================================
NOTES:
  - Pure storage I/O benchmark (no generation simulation)
================================================================================

Integrated Multi-User KV Cache Benchmark - MLPerf Edition
Model: Llama 3.1 70B Instruct
GPU Memory: 0 GB
Users: 70
Duration: 300s
Seed: 100
Generation Mode: none (0.0ms/token)
Features:
  - Phase-Aware Processing: Enabled
  - Multi-turn Conversations: Enabled
  - Prefix Caching: Enabled
  - RAG Workload: Disabled
  - Autoscaling: Disabled
  - QoS Support: Enabled (Interactive/Responsive/Batch)
  - Trace-Driven (BurstGPT): Disabled
  - ShareGPT Dataset: Disabled
  - Max Concurrent Allocations: 4 (bounds RAM usage)
================================================================================

User Context Length Distribution:
  Min: 671 tokens (209.69MiB)
  Max: 24295 tokens (7592.19MiB)
  Mean: 9382 tokens (2931.75MiB)

QoS Distribution:
  interactive: 17 users
  responsive: 22 users
  batch: 31 users

### MEMORY SAFETY CHECK ###
  Formula: peak = (workers x 2 x mean_entry_bytes) + baseline
         = (70 x 2 x 2500MiB) + 2.5GiB
         = 344.3GiB
  Available RAM: 988.6GiB
  Mean entry size: 2500MiB  (8000 tok x 327,680 B/tok)
  Peak per thread: 5000MiB  (np.load + np.array copy)
  Worker threads: 70
  Safe concurrent readers: ~201  = (available - baseline) / peak_per_thread
  Status: OK

Starting benchmark... Mode: standard (prefill+decode)
--------------------------------------------------------------------------------

================================================================================
BENCHMARK RESULTS - MLPerf KV Cache Storage Benchmark
Generation Mode: none (0.0ms/token)
================================================================================

IMPORTANT: All storage latencies below are measured per KV cache BLOCK,
not per token or per disk page.  Each block holds the full KV state for
one request (all layers, all heads, full sequence length).
  Model KV bytes/token: 327,680 bytes (320.0KiB)
  Entries in cache: 220
  Block size min:   70.6MiB
  Block size mean:  1867.8MiB
  Block size P95:   5299.4MiB
  Block size max:   7260.6MiB
  A 200MiB block at 1GiB/s NVMe read = ~200 ms device latency.
  Compare latencies against block sizes, not against 4KiB page I/O.


### OVERALL PERFORMANCE ###
Requests Completed: 210
Total Tokens Generated: 36271
Throughput (wall-clock): 120.90 tokens/sec
Throughput (storage I/O): 6.18 tokens/sec
Requests/sec: 0.70

### END-TO-END LATENCY (Queue Wait + Storage I/O + Generation) ###
  Mean: 197896.76 ms
  P50:  178243.33 ms
  P95:  389949.12 ms
  P99:  398711.53 ms

### PER-REQUEST STORAGE LATENCY (All I/O ops for one request) ###
  Mean: 27933.21 ms
  P50:  12657.05 ms
  P95:  96290.17 ms
  P99:  153589.62 ms
  (= 1 prefill write + N decode reads per request)

### STORAGE PERFORMANCE ###
  Cache Hit Rate: 85.0%
  Total Read: 1406.17GiB
  Total Write: 401.28GiB
  Read/Write Ratio: 3.50
  Storage KV Read Operations/sec: 3.77
  Storage KV Write Operations/sec: 0.73

### CACHE TIER DISTRIBUTION ###
  GPU Entries: 0 (0.00GiB)
  CPU Entries: 0 (0.00GiB)
  Storage Entries: 220

### TIER-SPECIFIC KV BYTES ###
  Storage KV Bytes Written: 401.28GiB
  Storage KV Bytes Read: 1406.17GiB

### STORAGE KV BANDWIDTH ###
  Storage KV Read Bandwidth: 4.69GiB/s
  Storage KV Write Bandwidth: 1.34GiB/s

### TIER-SPECIFIC LATENCIES (Total = Host + Device) ###
  Storage Read P95 (Total): 18379.53 ms
  Storage Write P95 (Total): 12042.97 ms

### STORAGE TIER LATENCY BREAKDOWN (Device = Disk I/O, Host = Serialization) ###
  Storage Read:
    - Device P95 (Disk I/O): 14776.07 ms
    - Host P95 (Serialization): 3834.34 ms
    - Total P95: 18379.53 ms
  Storage Write:
    - Device P95 (Disk I/O): 639.21 ms
    - Host P95 (Serialization): 10179.45 ms
    - Total P95: 12042.97 ms

### CACHE TYPE BREAKDOWNS ###
  System Prompt Hits: 209
  Common Phrase Hits: 0
  User Cache Hits: 901
  Multi-turn Hits: 20

### PREFIX CACHING ###
  Prefix Hits: 41
  Prefix Misses: 179
  System Prompt Reuse: 41
  Bytes Saved: 0.08GiB

### MULTI-TURN CONVERSATIONS ###
  Multi-turn Cache Hits: 20
  Multi-turn Cache Misses: 159
  Multi-turn Hit Rate: 11.2%

### QOS LATENCY METRICS (Informational - includes simulated generation) ###

  INTERACTIVE:
    Requests: 158
    Latency P95: 391172.84 ms
    Latency P99: 399439.19 ms
    SLA Met: [X] (compliance: 0.0%)

  RESPONSIVE:
    Requests: 22
    Latency P95: 335246.16 ms
    Latency P99: 349286.34 ms
    SLA Met: [X] (compliance: 0.0%)

  BATCH:
    Requests: 30
    Latency P95: 172382.12 ms
    Latency P99: 231457.22 ms
    SLA Met: [X] (compliance: 0.0%)

================================================================================
NOTES:
  - Pure storage I/O benchmark (no generation simulation)
================================================================================

Integrated Multi-User KV Cache Benchmark - MLPerf Edition
Model: Llama 3.1 70B Instruct
GPU Memory: 0 GB
Users: 70
Duration: 300s
Seed: 208
Generation Mode: none (0.0ms/token)
Features:
  - Phase-Aware Processing: Enabled
  - Multi-turn Conversations: Enabled
  - Prefix Caching: Enabled
  - RAG Workload: Disabled
  - Autoscaling: Disabled
  - QoS Support: Enabled (Interactive/Responsive/Batch)
  - Trace-Driven (BurstGPT): Disabled
  - ShareGPT Dataset: Disabled
  - Max Concurrent Allocations: 4 (bounds RAM usage)
================================================================================

User Context Length Distribution:
  Min: 860 tokens (268.75MiB)
  Max: 24397 tokens (7624.06MiB)
  Mean: 8452 tokens (2641.19MiB)

QoS Distribution:
  interactive: 6 users
  responsive: 25 users
  batch: 39 users

### MEMORY SAFETY CHECK ###
  Formula: peak = (workers x 2 x mean_entry_bytes) + baseline
         = (70 x 2 x 2500MiB) + 2.5GiB
         = 344.3GiB
  Available RAM: 990.2GiB
  Mean entry size: 2500MiB  (8000 tok x 327,680 B/tok)
  Peak per thread: 5000MiB  (np.load + np.array copy)
  Worker threads: 70
  Safe concurrent readers: ~202  = (available - baseline) / peak_per_thread
  Status: OK

Starting benchmark... Mode: standard (prefill+decode)
--------------------------------------------------------------------------------

================================================================================
BENCHMARK RESULTS - MLPerf KV Cache Storage Benchmark
Generation Mode: none (0.0ms/token)
================================================================================

IMPORTANT: All storage latencies below are measured per KV cache BLOCK,
not per token or per disk page.  Each block holds the full KV state for
one request (all layers, all heads, full sequence length).
  Model KV bytes/token: 327,680 bytes (320.0KiB)
  Entries in cache: 231
  Block size min:   70.9MiB
  Block size mean:  1676.4MiB
  Block size P95:   4014.4MiB
  Block size max:   5316.9MiB
  A 200MiB block at 1GiB/s NVMe read = ~200 ms device latency.
  Compare latencies against block sizes, not against 4KiB page I/O.


### OVERALL PERFORMANCE ###
Requests Completed: 224
Total Tokens Generated: 45998
Throughput (wall-clock): 153.25 tokens/sec
Throughput (storage I/O): 4.76 tokens/sec
Requests/sec: 0.75

### END-TO-END LATENCY (Queue Wait + Storage I/O + Generation) ###
  Mean: 191018.94 ms
  P50:  182047.98 ms
  P95:  375324.09 ms
  P99:  384711.32 ms

### PER-REQUEST STORAGE LATENCY (All I/O ops for one request) ###
  Mean: 43175.30 ms
  P50:  23974.10 ms
  P95:  128093.20 ms
  P99:  194007.07 ms
  (= 1 prefill write + N decode reads per request)

### STORAGE PERFORMANCE ###
  Cache Hit Rate: 81.7%
  Total Read: 2251.95GiB
  Total Write: 378.17GiB
  Read/Write Ratio: 5.95
  Storage KV Read Operations/sec: 5.11
  Storage KV Write Operations/sec: 0.77

### CACHE TIER DISTRIBUTION ###
  GPU Entries: 0 (0.00GiB)
  CPU Entries: 0 (0.00GiB)
  Storage Entries: 231

### TIER-SPECIFIC KV BYTES ###
  Storage KV Bytes Written: 378.17GiB
  Storage KV Bytes Read: 2251.95GiB

### STORAGE KV BANDWIDTH ###
  Storage KV Read Bandwidth: 7.50GiB/s
  Storage KV Write Bandwidth: 1.26GiB/s

### TIER-SPECIFIC LATENCIES (Total = Host + Device) ###
  Storage Read P95 (Total): 16861.95 ms
  Storage Write P95 (Total): 12108.17 ms

### STORAGE TIER LATENCY BREAKDOWN (Device = Disk I/O, Host = Serialization) ###
  Storage Read:
    - Device P95 (Disk I/O): 14768.03 ms
    - Host P95 (Serialization): 4581.47 ms
    - Total P95: 16861.95 ms
  Storage Write:
    - Device P95 (Disk I/O): 547.53 ms
    - Host P95 (Serialization): 11964.72 ms
    - Total P95: 12108.17 ms

### CACHE TYPE BREAKDOWNS ###
  System Prompt Hits: 362
  Common Phrase Hits: 0
  User Cache Hits: 1144
  Multi-turn Hits: 27

### PREFIX CACHING ###
  Prefix Hits: 52
  Prefix Misses: 179
  System Prompt Reuse: 52
  Bytes Saved: 0.10GiB

### MULTI-TURN CONVERSATIONS ###
  Multi-turn Cache Hits: 27
  Multi-turn Cache Misses: 291
  Multi-turn Hit Rate: 8.5%

### QOS LATENCY METRICS (Informational - includes simulated generation) ###

  INTERACTIVE:
    Requests: 160
    Latency P95: 377160.08 ms
    Latency P99: 387764.68 ms
    SLA Met: [X] (compliance: 0.0%)

  RESPONSIVE:
    Requests: 24
    Latency P95: 158089.18 ms
    Latency P99: 230115.35 ms
    SLA Met: [X] (compliance: 0.0%)

  BATCH:
    Requests: 40
    Latency P95: 135900.30 ms
    Latency P99: 158472.16 ms
    SLA Met: [X] (compliance: 0.0%)

================================================================================
NOTES:
  - Pure storage I/O benchmark (no generation simulation)
================================================================================

Integrated Multi-User KV Cache Benchmark - MLPerf Edition
Model: Llama 3.1 70B Instruct
GPU Memory: 0 GB
Users: 70
Duration: 300s
Seed: 153
Generation Mode: none (0.0ms/token)
Features:
  - Phase-Aware Processing: Enabled
  - Multi-turn Conversations: Enabled
  - Prefix Caching: Enabled
  - RAG Workload: Disabled
  - Autoscaling: Disabled
  - QoS Support: Enabled (Interactive/Responsive/Batch)
  - Trace-Driven (BurstGPT): Disabled
  - ShareGPT Dataset: Disabled
  - Max Concurrent Allocations: 4 (bounds RAM usage)
================================================================================

User Context Length Distribution:
  Min: 723 tokens (225.94MiB)
  Max: 24779 tokens (7743.44MiB)
  Mean: 9833 tokens (3072.91MiB)

QoS Distribution:
  interactive: 10 users
  responsive: 22 users
  batch: 38 users

### MEMORY SAFETY CHECK ###
  Formula: peak = (workers x 2 x mean_entry_bytes) + baseline
         = (70 x 2 x 2500MiB) + 2.5GiB
         = 344.3GiB
  Available RAM: 989.8GiB
  Mean entry size: 2500MiB  (8000 tok x 327,680 B/tok)
  Peak per thread: 5000MiB  (np.load + np.array copy)
  Worker threads: 70
  Safe concurrent readers: ~202  = (available - baseline) / peak_per_thread
  Status: OK

Starting benchmark... Mode: standard (prefill+decode)
--------------------------------------------------------------------------------

================================================================================
BENCHMARK RESULTS - MLPerf KV Cache Storage Benchmark
Generation Mode: none (0.0ms/token)
================================================================================

IMPORTANT: All storage latencies below are measured per KV cache BLOCK,
not per token or per disk page.  Each block holds the full KV state for
one request (all layers, all heads, full sequence length).
  Model KV bytes/token: 327,680 bytes (320.0KiB)
  Entries in cache: 268
  Block size min:   56.9MiB
  Block size mean:  1302.6MiB
  Block size P95:   3984.7MiB
  Block size max:   6260.6MiB
  A 200MiB block at 1GiB/s NVMe read = ~200 ms device latency.
  Compare latencies against block sizes, not against 4KiB page I/O.


### OVERALL PERFORMANCE ###
Requests Completed: 260
Total Tokens Generated: 36658
Throughput (wall-clock): 120.17 tokens/sec
Throughput (storage I/O): 5.78 tokens/sec
Requests/sec: 0.85

### END-TO-END LATENCY (Queue Wait + Storage I/O + Generation) ###
  Mean: 189375.80 ms
  P50:  194150.88 ms
  P95:  368768.29 ms
  P99:  388514.83 ms

### PER-REQUEST STORAGE LATENCY (All I/O ops for one request) ###
  Mean: 24383.37 ms
  P50:  11098.91 ms
  P95:  85978.54 ms
  P99:  133755.68 ms
  (= 1 prefill write + N decode reads per request)

### STORAGE PERFORMANCE ###
  Cache Hit Rate: 70.6%
  Total Read: 1391.47GiB
  Total Write: 340.92GiB
  Read/Write Ratio: 4.08
  Storage KV Read Operations/sec: 4.57
  Storage KV Write Operations/sec: 0.89

### CACHE TIER DISTRIBUTION ###
  GPU Entries: 0 (0.00GiB)
  CPU Entries: 0 (0.00GiB)
  Storage Entries: 268

### TIER-SPECIFIC KV BYTES ###
  Storage KV Bytes Written: 340.92GiB
  Storage KV Bytes Read: 1391.47GiB

### STORAGE KV BANDWIDTH ###
  Storage KV Read Bandwidth: 4.56GiB/s
  Storage KV Write Bandwidth: 1.12GiB/s

### TIER-SPECIFIC LATENCIES (Total = Host + Device) ###
  Storage Read P95 (Total): 15130.18 ms
  Storage Write P95 (Total): 11390.96 ms

### STORAGE TIER LATENCY BREAKDOWN (Device = Disk I/O, Host = Serialization) ###
  Storage Read:
    - Device P95 (Disk I/O): 13494.33 ms
    - Host P95 (Serialization): 3617.05 ms
    - Total P95: 15130.18 ms
  Storage Write:
    - Device P95 (Disk I/O): 278.84 ms
    - Host P95 (Serialization): 11160.11 ms
    - Total P95: 11390.96 ms

### CACHE TYPE BREAKDOWNS ###
  System Prompt Hits: 252
  Common Phrase Hits: 0
  User Cache Hits: 1086
  Multi-turn Hits: 33

### PREFIX CACHING ###
  Prefix Hits: 48
  Prefix Misses: 220
  System Prompt Reuse: 48
  Bytes Saved: 0.09GiB

### MULTI-TURN CONVERSATIONS ###
  Multi-turn Cache Hits: 33
  Multi-turn Cache Misses: 523
  Multi-turn Hit Rate: 5.9%

### QOS LATENCY METRICS (Informational - includes simulated generation) ###

  INTERACTIVE:
    Requests: 208
    Latency P95: 378727.30 ms
    Latency P99: 388577.10 ms
    SLA Met: [X] (compliance: 0.0%)

  RESPONSIVE:
    Requests: 22
    Latency P95: 119102.17 ms
    Latency P99: 141279.08 ms
    SLA Met: [X] (compliance: 0.0%)

  BATCH:
    Requests: 30
    Latency P95: 139349.18 ms
    Latency P99: 172381.63 ms
    SLA Met: [X] (compliance: 0.0%)

================================================================================
NOTES:
  - Pure storage I/O benchmark (no generation simulation)
================================================================================

Integrated Multi-User KV Cache Benchmark - MLPerf Edition
Model: Llama 3.1 70B Instruct
GPU Memory: 0 GB
Users: 70
Duration: 300s
Seed: 242
Generation Mode: none (0.0ms/token)
Features:
  - Phase-Aware Processing: Enabled
  - Multi-turn Conversations: Enabled
  - Prefix Caching: Enabled
  - RAG Workload: Disabled
  - Autoscaling: Disabled
  - QoS Support: Enabled (Interactive/Responsive/Batch)
  - Trace-Driven (BurstGPT): Disabled
  - ShareGPT Dataset: Disabled
  - Max Concurrent Allocations: 4 (bounds RAM usage)
================================================================================

User Context Length Distribution:
  Min: 559 tokens (174.69MiB)
  Max: 23394 tokens (7310.62MiB)
  Mean: 7671 tokens (2397.29MiB)

QoS Distribution:
  interactive: 9 users
  responsive: 16 users
  batch: 45 users

### MEMORY SAFETY CHECK ###
  Formula: peak = (workers x 2 x mean_entry_bytes) + baseline
         = (70 x 2 x 2500MiB) + 2.5GiB
         = 344.3GiB
  Available RAM: 988.1GiB
  Mean entry size: 2500MiB  (8000 tok x 327,680 B/tok)
  Peak per thread: 5000MiB  (np.load + np.array copy)
  Worker threads: 70
  Safe concurrent readers: ~201  = (available - baseline) / peak_per_thread
  Status: OK

Starting benchmark... Mode: standard (prefill+decode)
--------------------------------------------------------------------------------

================================================================================
BENCHMARK RESULTS - MLPerf KV Cache Storage Benchmark
Generation Mode: none (0.0ms/token)
================================================================================

IMPORTANT: All storage latencies below are measured per KV cache BLOCK,
not per token or per disk page.  Each block holds the full KV state for
one request (all layers, all heads, full sequence length).
  Model KV bytes/token: 327,680 bytes (320.0KiB)
  Entries in cache: 293
  Block size min:   55.6MiB
  Block size mean:  1271.2MiB
  Block size P95:   4070.5MiB
  Block size max:   7214.7MiB
  A 200MiB block at 1GiB/s NVMe read = ~200 ms device latency.
  Compare latencies against block sizes, not against 4KiB page I/O.


### OVERALL PERFORMANCE ###
Requests Completed: 279
Total Tokens Generated: 41202
Throughput (wall-clock): 135.16 tokens/sec
Throughput (storage I/O): 6.12 tokens/sec
Requests/sec: 0.92

### END-TO-END LATENCY (Queue Wait + Storage I/O + Generation) ###
  Mean: 184092.47 ms
  P50:  178311.80 ms
  P95:  363986.90 ms
  P99:  381820.84 ms

### PER-REQUEST STORAGE LATENCY (All I/O ops for one request) ###
  Mean: 24112.12 ms
  P50:  11573.51 ms
  P95:  91193.79 ms
  P99:  122484.49 ms
  (= 1 prefill write + N decode reads per request)

### STORAGE PERFORMANCE ###
  Cache Hit Rate: 82.7%
  Total Read: 1618.28GiB
  Total Write: 363.73GiB
  Read/Write Ratio: 4.45
  Storage KV Read Operations/sec: 4.83
  Storage KV Write Operations/sec: 0.98

### CACHE TIER DISTRIBUTION ###
  GPU Entries: 0 (0.00GiB)
  CPU Entries: 0 (0.00GiB)
  Storage Entries: 293

### TIER-SPECIFIC KV BYTES ###
  Storage KV Bytes Written: 363.73GiB
  Storage KV Bytes Read: 1618.28GiB

### STORAGE KV BANDWIDTH ###
  Storage KV Read Bandwidth: 5.31GiB/s
  Storage KV Write Bandwidth: 1.19GiB/s

### TIER-SPECIFIC LATENCIES (Total = Host + Device) ###
  Storage Read P95 (Total): 15551.05 ms
  Storage Write P95 (Total): 9338.52 ms

### STORAGE TIER LATENCY BREAKDOWN (Device = Disk I/O, Host = Serialization) ###
  Storage Read:
    - Device P95 (Disk I/O): 13524.25 ms
    - Host P95 (Serialization): 3677.94 ms
    - Total P95: 15551.05 ms
  Storage Write:
    - Device P95 (Disk I/O): 259.35 ms
    - Host P95 (Serialization): 9324.98 ms
    - Total P95: 9338.52 ms

### CACHE TYPE BREAKDOWNS ###
  System Prompt Hits: 318
  Common Phrase Hits: 0
  User Cache Hits: 1115
  Multi-turn Hits: 15

### PREFIX CACHING ###
  Prefix Hits: 65
  Prefix Misses: 228
  System Prompt Reuse: 65
  Bytes Saved: 0.13GiB

### MULTI-TURN CONVERSATIONS ###
  Multi-turn Cache Hits: 15
  Multi-turn Cache Misses: 238
  Multi-turn Hit Rate: 5.9%

### QOS LATENCY METRICS (Informational - includes simulated generation) ###

  INTERACTIVE:
    Requests: 221
    Latency P95: 367170.24 ms
    Latency P99: 382601.41 ms
    SLA Met: [X] (compliance: 0.0%)

  RESPONSIVE:
    Requests: 23
    Latency P95: 140976.28 ms
    Latency P99: 148344.44 ms
    SLA Met: [X] (compliance: 0.0%)

  BATCH:
    Requests: 35
    Latency P95: 137043.68 ms
    Latency P99: 187469.37 ms
    SLA Met: [X] (compliance: 0.0%)

================================================================================
NOTES:
  - Pure storage I/O benchmark (no generation simulation)
================================================================================

Integrated Multi-User KV Cache Benchmark - MLPerf Edition
Model: Llama 3.1 70B Instruct
GPU Memory: 0 GB
Users: 70
Duration: 300s
Seed: 227
Generation Mode: none (0.0ms/token)
Features:
  - Phase-Aware Processing: Enabled
  - Multi-turn Conversations: Enabled
  - Prefix Caching: Enabled
  - RAG Workload: Disabled
  - Autoscaling: Disabled
  - QoS Support: Enabled (Interactive/Responsive/Batch)
  - Trace-Driven (BurstGPT): Disabled
  - ShareGPT Dataset: Disabled
  - Max Concurrent Allocations: 4 (bounds RAM usage)
================================================================================

User Context Length Distribution:
  Min: 557 tokens (174.06MiB)
  Max: 24168 tokens (7552.50MiB)
  Mean: 9790 tokens (3059.48MiB)

QoS Distribution:
  interactive: 8 users
  responsive: 21 users
  batch: 41 users

### MEMORY SAFETY CHECK ###
  Formula: peak = (workers x 2 x mean_entry_bytes) + baseline
         = (70 x 2 x 2500MiB) + 2.5GiB
         = 344.3GiB
  Available RAM: 990.0GiB
  Mean entry size: 2500MiB  (8000 tok x 327,680 B/tok)
  Peak per thread: 5000MiB  (np.load + np.array copy)
  Worker threads: 70
  Safe concurrent readers: ~202  = (available - baseline) / peak_per_thread
  Status: OK

Starting benchmark... Mode: standard (prefill+decode)
--------------------------------------------------------------------------------

================================================================================
BENCHMARK RESULTS - MLPerf KV Cache Storage Benchmark
Generation Mode: none (0.0ms/token)
================================================================================

IMPORTANT: All storage latencies below are measured per KV cache BLOCK,
not per token or per disk page.  Each block holds the full KV state for
one request (all layers, all heads, full sequence length).
  Model KV bytes/token: 327,680 bytes (320.0KiB)
  Entries in cache: 247
  Block size min:   92.5MiB
  Block size mean:  1416.8MiB
  Block size P95:   4725.4MiB
  Block size max:   6765.9MiB
  A 200MiB block at 1GiB/s NVMe read = ~200 ms device latency.
  Compare latencies against block sizes, not against 4KiB page I/O.


### OVERALL PERFORMANCE ###
Requests Completed: 236
Total Tokens Generated: 32723
Throughput (wall-clock): 109.08 tokens/sec
Throughput (storage I/O): 5.16 tokens/sec
Requests/sec: 0.79

### END-TO-END LATENCY (Queue Wait + Storage I/O + Generation) ###
  Mean: 198482.21 ms
  P50:  223665.03 ms
  P95:  370435.10 ms
  P99:  389036.00 ms

### PER-REQUEST STORAGE LATENCY (All I/O ops for one request) ###
  Mean: 26874.83 ms
  P50:  10085.75 ms
  P95:  100097.48 ms
  P99:  163671.74 ms
  (= 1 prefill write + N decode reads per request)

### STORAGE PERFORMANCE ###
  Cache Hit Rate: 84.3%
  Total Read: 1493.03GiB
  Total Write: 341.76GiB
  Read/Write Ratio: 4.37
  Storage KV Read Operations/sec: 4.11
  Storage KV Write Operations/sec: 0.82

### CACHE TIER DISTRIBUTION ###
  GPU Entries: 0 (0.00GiB)
  CPU Entries: 0 (0.00GiB)
  Storage Entries: 247

### TIER-SPECIFIC KV BYTES ###
  Storage KV Bytes Written: 341.76GiB
  Storage KV Bytes Read: 1493.03GiB

### STORAGE KV BANDWIDTH ###
  Storage KV Read Bandwidth: 4.98GiB/s
  Storage KV Write Bandwidth: 1.14GiB/s

### TIER-SPECIFIC LATENCIES (Total = Host + Device) ###
  Storage Read P95 (Total): 20771.88 ms
  Storage Write P95 (Total): 14848.88 ms

### STORAGE TIER LATENCY BREAKDOWN (Device = Disk I/O, Host = Serialization) ###
  Storage Read:
    - Device P95 (Disk I/O): 17114.77 ms
    - Host P95 (Serialization): 3669.31 ms
    - Total P95: 20771.88 ms
  Storage Write:
    - Device P95 (Disk I/O): 278.56 ms
    - Host P95 (Serialization): 14844.58 ms
    - Total P95: 14848.88 ms

### CACHE TYPE BREAKDOWNS ###
  System Prompt Hits: 256
  Common Phrase Hits: 0
  User Cache Hits: 961
  Multi-turn Hits: 15

### PREFIX CACHING ###
  Prefix Hits: 46
  Prefix Misses: 201
  System Prompt Reuse: 46
  Bytes Saved: 0.09GiB

### MULTI-TURN CONVERSATIONS ###
  Multi-turn Cache Hits: 15
  Multi-turn Cache Misses: 184
  Multi-turn Hit Rate: 7.5%

### QOS LATENCY METRICS (Informational - includes simulated generation) ###

  INTERACTIVE:
    Requests: 175
    Latency P95: 373637.02 ms
    Latency P99: 391314.38 ms
    SLA Met: [X] (compliance: 0.0%)

  RESPONSIVE:
    Requests: 29
    Latency P95: 116690.47 ms
    Latency P99: 205527.67 ms
    SLA Met: [X] (compliance: 0.0%)

  BATCH:
    Requests: 32
    Latency P95: 164229.07 ms
    Latency P99: 191404.42 ms
    SLA Met: [X] (compliance: 0.0%)

================================================================================
NOTES:
  - Pure storage I/O benchmark (no generation simulation)
================================================================================

Integrated Multi-User KV Cache Benchmark - MLPerf Edition
Model: Llama 3.1 70B Instruct
GPU Memory: 0 GB
Users: 70
Duration: 300s
Seed: 48
Generation Mode: none (0.0ms/token)
Features:
  - Phase-Aware Processing: Enabled
  - Multi-turn Conversations: Enabled
  - Prefix Caching: Enabled
  - RAG Workload: Disabled
  - Autoscaling: Disabled
  - QoS Support: Enabled (Interactive/Responsive/Batch)
  - Trace-Driven (BurstGPT): Disabled
  - ShareGPT Dataset: Disabled
  - Max Concurrent Allocations: 4 (bounds RAM usage)
================================================================================

User Context Length Distribution:
  Min: 622 tokens (194.38MiB)
  Max: 23682 tokens (7400.62MiB)
  Mean: 8736 tokens (2730.11MiB)

QoS Distribution:
  interactive: 14 users
  responsive: 20 users
  batch: 36 users

### MEMORY SAFETY CHECK ###
  Formula: peak = (workers x 2 x mean_entry_bytes) + baseline
         = (70 x 2 x 2500MiB) + 2.5GiB
         = 344.3GiB
  Available RAM: 990.0GiB
  Mean entry size: 2500MiB  (8000 tok x 327,680 B/tok)
  Peak per thread: 5000MiB  (np.load + np.array copy)
  Worker threads: 70
  Safe concurrent readers: ~202  = (available - baseline) / peak_per_thread
  Status: OK

Starting benchmark... Mode: standard (prefill+decode)
--------------------------------------------------------------------------------

================================================================================
BENCHMARK RESULTS - MLPerf KV Cache Storage Benchmark
Generation Mode: none (0.0ms/token)
================================================================================

IMPORTANT: All storage latencies below are measured per KV cache BLOCK,
not per token or per disk page.  Each block holds the full KV state for
one request (all layers, all heads, full sequence length).
  Model KV bytes/token: 327,680 bytes (320.0KiB)
  Entries in cache: 202
  Block size min:   57.5MiB
  Block size mean:  2125.9MiB
  Block size P95:   5925.2MiB
  Block size max:   6867.5MiB
  A 200MiB block at 1GiB/s NVMe read = ~200 ms device latency.
  Compare latencies against block sizes, not against 4KiB page I/O.


### OVERALL PERFORMANCE ###
Requests Completed: 192
Total Tokens Generated: 32660
Throughput (wall-clock): 107.28 tokens/sec
Throughput (storage I/O): 6.75 tokens/sec
Requests/sec: 0.63

### END-TO-END LATENCY (Queue Wait + Storage I/O + Generation) ###
  Mean: 199653.56 ms
  P50:  189162.20 ms
  P95:  389742.99 ms
  P99:  401621.40 ms

### PER-REQUEST STORAGE LATENCY (All I/O ops for one request) ###
  Mean: 25188.88 ms
  P50:  10492.91 ms
  P95:  106954.95 ms
  P99:  151155.66 ms
  (= 1 prefill write + N decode reads per request)

### STORAGE PERFORMANCE ###
  Cache Hit Rate: 75.9%
  Total Read: 1198.19GiB
  Total Write: 419.37GiB
  Read/Write Ratio: 2.86
  Storage KV Read Operations/sec: 2.97
  Storage KV Write Operations/sec: 0.67

### CACHE TIER DISTRIBUTION ###
  GPU Entries: 0 (0.00GiB)
  CPU Entries: 0 (0.00GiB)
  Storage Entries: 202

### TIER-SPECIFIC KV BYTES ###
  Storage KV Bytes Written: 419.37GiB
  Storage KV Bytes Read: 1198.19GiB

### STORAGE KV BANDWIDTH ###
  Storage KV Read Bandwidth: 3.94GiB/s
  Storage KV Write Bandwidth: 1.38GiB/s

### TIER-SPECIFIC LATENCIES (Total = Host + Device) ###
  Storage Read P95 (Total): 22028.97 ms
  Storage Write P95 (Total): 13618.79 ms

### STORAGE TIER LATENCY BREAKDOWN (Device = Disk I/O, Host = Serialization) ###
  Storage Read:
    - Device P95 (Disk I/O): 17613.65 ms
    - Host P95 (Serialization): 7040.02 ms
    - Total P95: 22028.97 ms
  Storage Write:
    - Device P95 (Disk I/O): 222.69 ms
    - Host P95 (Serialization): 12350.52 ms
    - Total P95: 13618.79 ms

### CACHE TYPE BREAKDOWNS ###
  System Prompt Hits: 228
  Common Phrase Hits: 0
  User Cache Hits: 637
  Multi-turn Hits: 27

### PREFIX CACHING ###
  Prefix Hits: 39
  Prefix Misses: 163
  System Prompt Reuse: 39
  Bytes Saved: 0.08GiB

### MULTI-TURN CONVERSATIONS ###
  Multi-turn Cache Hits: 27
  Multi-turn Cache Misses: 244
  Multi-turn Hit Rate: 10.0%

### QOS LATENCY METRICS (Informational - includes simulated generation) ###

  INTERACTIVE:
    Requests: 142
    Latency P95: 394268.32 ms
    Latency P99: 401816.19 ms
    SLA Met: [X] (compliance: 0.0%)

  RESPONSIVE:
    Requests: 18
    Latency P95: 238936.16 ms
    Latency P99: 317000.68 ms
    SLA Met: [X] (compliance: 0.0%)

  BATCH:
    Requests: 32
    Latency P95: 276161.63 ms
    Latency P99: 308025.66 ms
    SLA Met: [X] (compliance: 0.0%)

================================================================================
NOTES:
  - Pure storage I/O benchmark (no generation simulation)
================================================================================

Integrated Multi-User KV Cache Benchmark - MLPerf Edition
Model: Llama 3.1 70B Instruct
GPU Memory: 0 GB
Users: 70
Duration: 300s
Seed: 151
Generation Mode: none (0.0ms/token)
Features:
  - Phase-Aware Processing: Enabled
  - Multi-turn Conversations: Enabled
  - Prefix Caching: Enabled
  - RAG Workload: Disabled
  - Autoscaling: Disabled
  - QoS Support: Enabled (Interactive/Responsive/Batch)
  - Trace-Driven (BurstGPT): Disabled
  - ShareGPT Dataset: Disabled
  - Max Concurrent Allocations: 4 (bounds RAM usage)
================================================================================

User Context Length Distribution:
  Min: 779 tokens (243.44MiB)
  Max: 24808 tokens (7752.50MiB)
  Mean: 10008 tokens (3127.50MiB)

QoS Distribution:
  interactive: 16 users
  responsive: 23 users
  batch: 31 users

### MEMORY SAFETY CHECK ###
  Formula: peak = (workers x 2 x mean_entry_bytes) + baseline
         = (70 x 2 x 2500MiB) + 2.5GiB
         = 344.3GiB
  Available RAM: 987.4GiB
  Mean entry size: 2500MiB  (8000 tok x 327,680 B/tok)
  Peak per thread: 5000MiB  (np.load + np.array copy)
  Worker threads: 70
  Safe concurrent readers: ~201  = (available - baseline) / peak_per_thread
  Status: OK

Starting benchmark... Mode: standard (prefill+decode)
--------------------------------------------------------------------------------

================================================================================
BENCHMARK RESULTS - MLPerf KV Cache Storage Benchmark
Generation Mode: none (0.0ms/token)
================================================================================

IMPORTANT: All storage latencies below are measured per KV cache BLOCK,
not per token or per disk page.  Each block holds the full KV state for
one request (all layers, all heads, full sequence length).
  Model KV bytes/token: 327,680 bytes (320.0KiB)
  Entries in cache: 324
  Block size min:   78.8MiB
  Block size mean:  1422.6MiB
  Block size P95:   4729.4MiB
  Block size max:   6057.8MiB
  A 200MiB block at 1GiB/s NVMe read = ~200 ms device latency.
  Compare latencies against block sizes, not against 4KiB page I/O.


### OVERALL PERFORMANCE ###
Requests Completed: 311
Total Tokens Generated: 40542
Throughput (wall-clock): 135.14 tokens/sec
Throughput (storage I/O): 6.99 tokens/sec
Requests/sec: 1.04

### END-TO-END LATENCY (Queue Wait + Storage I/O + Generation) ###
  Mean: 194378.76 ms
  P50:  197042.95 ms
  P95:  352057.01 ms
  P99:  393144.23 ms

### PER-REQUEST STORAGE LATENCY (All I/O ops for one request) ###
  Mean: 18643.28 ms
  P50:  9242.69 ms
  P95:  67479.87 ms
  P99:  106699.36 ms
  (= 1 prefill write + N decode reads per request)

### STORAGE PERFORMANCE ###
  Cache Hit Rate: 84.3%
  Total Read: 1449.04GiB
  Total Write: 450.11GiB
  Read/Write Ratio: 3.22
  Storage KV Read Operations/sec: 4.78
  Storage KV Write Operations/sec: 1.08

### CACHE TIER DISTRIBUTION ###
  GPU Entries: 0 (0.00GiB)
  CPU Entries: 0 (0.00GiB)
  Storage Entries: 324

### TIER-SPECIFIC KV BYTES ###
  Storage KV Bytes Written: 450.11GiB
  Storage KV Bytes Read: 1449.04GiB

### STORAGE KV BANDWIDTH ###
  Storage KV Read Bandwidth: 4.83GiB/s
  Storage KV Write Bandwidth: 1.50GiB/s

### TIER-SPECIFIC LATENCIES (Total = Host + Device) ###
  Storage Read P95 (Total): 11923.73 ms
  Storage Write P95 (Total): 6388.42 ms

### STORAGE TIER LATENCY BREAKDOWN (Device = Disk I/O, Host = Serialization) ###
  Storage Read:
    - Device P95 (Disk I/O): 9500.54 ms
    - Host P95 (Serialization): 3259.86 ms
    - Total P95: 11923.73 ms
  Storage Write:
    - Device P95 (Disk I/O): 267.98 ms
    - Host P95 (Serialization): 6386.73 ms
    - Total P95: 6388.42 ms

### CACHE TYPE BREAKDOWNS ###
  System Prompt Hits: 261
  Common Phrase Hits: 0
  User Cache Hits: 1148
  Multi-turn Hits: 25

### PREFIX CACHING ###
  Prefix Hits: 68
  Prefix Misses: 256
  System Prompt Reuse: 68
  Bytes Saved: 0.14GiB

### MULTI-TURN CONVERSATIONS ###
  Multi-turn Cache Hits: 25
  Multi-turn Cache Misses: 200
  Multi-turn Hit Rate: 11.1%

### QOS LATENCY METRICS (Informational - includes simulated generation) ###

  INTERACTIVE:
    Requests: 266
    Latency P95: 367211.19 ms
    Latency P99: 393700.63 ms
    SLA Met: [X] (compliance: 0.0%)

  RESPONSIVE:
    Requests: 23
    Latency P95: 192254.10 ms
    Latency P99: 212393.68 ms
    SLA Met: [X] (compliance: 0.0%)

  BATCH:
    Requests: 22
    Latency P95: 135884.10 ms
    Latency P99: 212123.12 ms
    SLA Met: [X] (compliance: 0.0%)

================================================================================
NOTES:
  - Pure storage I/O benchmark (no generation simulation)
================================================================================

Integrated Multi-User KV Cache Benchmark - MLPerf Edition
Model: Llama 3.1 70B Instruct
GPU Memory: 0 GB
Users: 70
Duration: 300s
Seed: 150
Generation Mode: none (0.0ms/token)
Features:
  - Phase-Aware Processing: Enabled
  - Multi-turn Conversations: Enabled
  - Prefix Caching: Enabled
  - RAG Workload: Disabled
  - Autoscaling: Disabled
  - QoS Support: Enabled (Interactive/Responsive/Batch)
  - Trace-Driven (BurstGPT): Disabled
  - ShareGPT Dataset: Disabled
  - Max Concurrent Allocations: 4 (bounds RAM usage)
================================================================================

User Context Length Distribution:
  Min: 717 tokens (224.06MiB)
  Max: 24801 tokens (7750.31MiB)
  Mean: 10292 tokens (3216.26MiB)

QoS Distribution:
  interactive: 8 users
  responsive: 27 users
  batch: 35 users

### MEMORY SAFETY CHECK ###
  Formula: peak = (workers x 2 x mean_entry_bytes) + baseline
         = (70 x 2 x 2500MiB) + 2.5GiB
         = 344.3GiB
  Available RAM: 986.7GiB
  Mean entry size: 2500MiB  (8000 tok x 327,680 B/tok)
  Peak per thread: 5000MiB  (np.load + np.array copy)
  Worker threads: 70
  Safe concurrent readers: ~201  = (available - baseline) / peak_per_thread
  Status: OK

Starting benchmark... Mode: standard (prefill+decode)
--------------------------------------------------------------------------------

================================================================================
BENCHMARK RESULTS - MLPerf KV Cache Storage Benchmark
Generation Mode: none (0.0ms/token)
================================================================================

IMPORTANT: All storage latencies below are measured per KV cache BLOCK,
not per token or per disk page.  Each block holds the full KV state for
one request (all layers, all heads, full sequence length).
  Model KV bytes/token: 327,680 bytes (320.0KiB)
  Entries in cache: 234
  Block size min:   61.2MiB
  Block size mean:  1907.9MiB
  Block size P95:   4482.0MiB
  Block size max:   6242.8MiB
  A 200MiB block at 1GiB/s NVMe read = ~200 ms device latency.
  Compare latencies against block sizes, not against 4KiB page I/O.


### OVERALL PERFORMANCE ###
Requests Completed: 225
Total Tokens Generated: 40101
Throughput (wall-clock): 131.07 tokens/sec
Throughput (storage I/O): 5.41 tokens/sec
Requests/sec: 0.74

### END-TO-END LATENCY (Queue Wait + Storage I/O + Generation) ###
  Mean: 200570.06 ms
  P50:  210459.40 ms
  P95:  379342.01 ms
  P99:  387443.10 ms

### PER-REQUEST STORAGE LATENCY (All I/O ops for one request) ###
  Mean: 32967.72 ms
  P50:  23452.09 ms
  P95:  100326.14 ms
  P99:  152631.44 ms
  (= 1 prefill write + N decode reads per request)

### STORAGE PERFORMANCE ###
  Cache Hit Rate: 77.1%
  Total Read: 1887.72GiB
  Total Write: 435.99GiB
  Read/Write Ratio: 4.33
  Storage KV Read Operations/sec: 4.35
  Storage KV Write Operations/sec: 0.78

### CACHE TIER DISTRIBUTION ###
  GPU Entries: 0 (0.00GiB)
  CPU Entries: 0 (0.00GiB)
  Storage Entries: 234

### TIER-SPECIFIC KV BYTES ###
  Storage KV Bytes Written: 435.99GiB
  Storage KV Bytes Read: 1887.72GiB

### STORAGE KV BANDWIDTH ###
  Storage KV Read Bandwidth: 6.17GiB/s
  Storage KV Write Bandwidth: 1.43GiB/s

### TIER-SPECIFIC LATENCIES (Total = Host + Device) ###
  Storage Read P95 (Total): 18576.32 ms
  Storage Write P95 (Total): 10425.08 ms

### STORAGE TIER LATENCY BREAKDOWN (Device = Disk I/O, Host = Serialization) ###
  Storage Read:
    - Device P95 (Disk I/O): 14138.84 ms
    - Host P95 (Serialization): 3687.25 ms
    - Total P95: 18576.32 ms
  Storage Write:
    - Device P95 (Disk I/O): 467.17 ms
    - Host P95 (Serialization): 10399.63 ms
    - Total P95: 10425.08 ms

### CACHE TYPE BREAKDOWNS ###
  System Prompt Hits: 238
  Common Phrase Hits: 0
  User Cache Hits: 1037
  Multi-turn Hits: 31

### PREFIX CACHING ###
  Prefix Hits: 45
  Prefix Misses: 189
  System Prompt Reuse: 45
  Bytes Saved: 0.09GiB

### MULTI-TURN CONVERSATIONS ###
  Multi-turn Cache Hits: 31
  Multi-turn Cache Misses: 344
  Multi-turn Hit Rate: 8.3%

### QOS LATENCY METRICS (Informational - includes simulated generation) ###

  INTERACTIVE:
    Requests: 165
    Latency P95: 380902.18 ms
    Latency P99: 387735.22 ms
    SLA Met: [X] (compliance: 0.0%)

  RESPONSIVE:
    Requests: 34
    Latency P95: 173452.75 ms
    Latency P99: 242253.11 ms
    SLA Met: [X] (compliance: 0.0%)

  BATCH:
    Requests: 26
    Latency P95: 188126.15 ms
    Latency P99: 228155.31 ms
    SLA Met: [X] (compliance: 0.0%)

================================================================================
NOTES:
  - Pure storage I/O benchmark (no generation simulation)
================================================================================

Integrated Multi-User KV Cache Benchmark - MLPerf Edition
Model: Llama 3.1 70B Instruct
GPU Memory: 0 GB
Users: 70
Duration: 300s
Seed: 72
Generation Mode: none (0.0ms/token)
Features:
  - Phase-Aware Processing: Enabled
  - Multi-turn Conversations: Enabled
  - Prefix Caching: Enabled
  - RAG Workload: Disabled
  - Autoscaling: Disabled
  - QoS Support: Enabled (Interactive/Responsive/Batch)
  - Trace-Driven (BurstGPT): Disabled
  - ShareGPT Dataset: Disabled
  - Max Concurrent Allocations: 4 (bounds RAM usage)
================================================================================

User Context Length Distribution:
  Min: 680 tokens (212.50MiB)
  Max: 24556 tokens (7673.75MiB)
  Mean: 9815 tokens (3067.09MiB)

QoS Distribution:
  interactive: 16 users
  responsive: 19 users
  batch: 35 users

### MEMORY SAFETY CHECK ###
  Formula: peak = (workers x 2 x mean_entry_bytes) + baseline
         = (70 x 2 x 2500MiB) + 2.5GiB
         = 344.3GiB
  Available RAM: 987.1GiB
  Mean entry size: 2500MiB  (8000 tok x 327,680 B/tok)
  Peak per thread: 5000MiB  (np.load + np.array copy)
  Worker threads: 70
  Safe concurrent readers: ~201  = (available - baseline) / peak_per_thread
  Status: OK

Starting benchmark... Mode: standard (prefill+decode)
--------------------------------------------------------------------------------

================================================================================
BENCHMARK RESULTS - MLPerf KV Cache Storage Benchmark
Generation Mode: none (0.0ms/token)
================================================================================

IMPORTANT: All storage latencies below are measured per KV cache BLOCK,
not per token or per disk page.  Each block holds the full KV state for
one request (all layers, all heads, full sequence length).
  Model KV bytes/token: 327,680 bytes (320.0KiB)
  Entries in cache: 239
  Block size min:   53.4MiB
  Block size mean:  1575.2MiB
  Block size P95:   4090.3MiB
  Block size max:   6710.3MiB
  A 200MiB block at 1GiB/s NVMe read = ~200 ms device latency.
  Compare latencies against block sizes, not against 4KiB page I/O.


### OVERALL PERFORMANCE ###
Requests Completed: 223
Total Tokens Generated: 47087
Throughput (wall-clock): 156.85 tokens/sec
Throughput (storage I/O): 4.87 tokens/sec
Requests/sec: 0.74

### END-TO-END LATENCY (Queue Wait + Storage I/O + Generation) ###
  Mean: 190242.71 ms
  P50:  188183.01 ms
  P95:  386839.21 ms
  P99:  395481.22 ms

### PER-REQUEST STORAGE LATENCY (All I/O ops for one request) ###
  Mean: 43333.53 ms
  P50:  17704.43 ms
  P95:  133802.94 ms
  P99:  184227.61 ms
  (= 1 prefill write + N decode reads per request)

### STORAGE PERFORMANCE ###
  Cache Hit Rate: 87.5%
  Total Read: 2556.04GiB
  Total Write: 367.65GiB
  Read/Write Ratio: 6.95
  Storage KV Read Operations/sec: 5.67
  Storage KV Write Operations/sec: 0.80

### CACHE TIER DISTRIBUTION ###
  GPU Entries: 0 (0.00GiB)
  CPU Entries: 0 (0.00GiB)
  Storage Entries: 239

### TIER-SPECIFIC KV BYTES ###
  Storage KV Bytes Written: 367.65GiB
  Storage KV Bytes Read: 2556.04GiB

### STORAGE KV BANDWIDTH ###
  Storage KV Read Bandwidth: 8.51GiB/s
  Storage KV Write Bandwidth: 1.22GiB/s

### TIER-SPECIFIC LATENCIES (Total = Host + Device) ###
  Storage Read P95 (Total): 17445.46 ms
  Storage Write P95 (Total): 12251.83 ms

### STORAGE TIER LATENCY BREAKDOWN (Device = Disk I/O, Host = Serialization) ###
  Storage Read:
    - Device P95 (Disk I/O): 15327.29 ms
    - Host P95 (Serialization): 8377.91 ms
    - Total P95: 17445.46 ms
  Storage Write:
    - Device P95 (Disk I/O): 662.64 ms
    - Host P95 (Serialization): 11742.43 ms
    - Total P95: 12251.83 ms

### CACHE TYPE BREAKDOWNS ###
  System Prompt Hits: 420
  Common Phrase Hits: 0
  User Cache Hits: 1258
  Multi-turn Hits: 22

### PREFIX CACHING ###
  Prefix Hits: 52
  Prefix Misses: 187
  System Prompt Reuse: 52
  Bytes Saved: 0.10GiB

### MULTI-TURN CONVERSATIONS ###
  Multi-turn Cache Hits: 22
  Multi-turn Cache Misses: 191
  Multi-turn Hit Rate: 10.3%

### QOS LATENCY METRICS (Informational - includes simulated generation) ###

  INTERACTIVE:
    Requests: 169
    Latency P95: 387534.53 ms
    Latency P99: 396784.84 ms
    SLA Met: [X] (compliance: 0.0%)

  RESPONSIVE:
    Requests: 17
    Latency P95: 126508.16 ms
    Latency P99: 135798.07 ms
    SLA Met: [X] (compliance: 0.0%)

  BATCH:
    Requests: 37
    Latency P95: 154384.49 ms
    Latency P99: 197333.92 ms
    SLA Met: [X] (compliance: 0.0%)

================================================================================
NOTES:
  - Pure storage I/O benchmark (no generation simulation)
================================================================================

Integrated Multi-User KV Cache Benchmark - MLPerf Edition
Model: Llama 3.1 70B Instruct
GPU Memory: 0 GB
Users: 70
Duration: 300s
Seed: 60
Generation Mode: none (0.0ms/token)
Features:
  - Phase-Aware Processing: Enabled
  - Multi-turn Conversations: Enabled
  - Prefix Caching: Enabled
  - RAG Workload: Disabled
  - Autoscaling: Disabled
  - QoS Support: Enabled (Interactive/Responsive/Batch)
  - Trace-Driven (BurstGPT): Disabled
  - ShareGPT Dataset: Disabled
  - Max Concurrent Allocations: 4 (bounds RAM usage)
================================================================================

User Context Length Distribution:
  Min: 549 tokens (171.56MiB)
  Max: 22668 tokens (7083.75MiB)
  Mean: 8414 tokens (2629.39MiB)

QoS Distribution:
  interactive: 14 users
  responsive: 26 users
  batch: 30 users

### MEMORY SAFETY CHECK ###
  Formula: peak = (workers x 2 x mean_entry_bytes) + baseline
         = (70 x 2 x 2500MiB) + 2.5GiB
         = 344.3GiB
  Available RAM: 988.2GiB
  Mean entry size: 2500MiB  (8000 tok x 327,680 B/tok)
  Peak per thread: 5000MiB  (np.load + np.array copy)
  Worker threads: 70
  Safe concurrent readers: ~201  = (available - baseline) / peak_per_thread
  Status: OK

Starting benchmark... Mode: standard (prefill+decode)
--------------------------------------------------------------------------------

================================================================================
BENCHMARK RESULTS - MLPerf KV Cache Storage Benchmark
Generation Mode: none (0.0ms/token)
================================================================================

IMPORTANT: All storage latencies below are measured per KV cache BLOCK,
not per token or per disk page.  Each block holds the full KV state for
one request (all layers, all heads, full sequence length).
  Model KV bytes/token: 327,680 bytes (320.0KiB)
  Entries in cache: 226
  Block size min:   75.6MiB
  Block size mean:  1647.2MiB
  Block size P95:   5012.5MiB
  Block size max:   7052.2MiB
  A 200MiB block at 1GiB/s NVMe read = ~200 ms device latency.
  Compare latencies against block sizes, not against 4KiB page I/O.


### OVERALL PERFORMANCE ###
Requests Completed: 218
Total Tokens Generated: 28160
Throughput (wall-clock): 87.23 tokens/sec
Throughput (storage I/O): 4.20 tokens/sec
Requests/sec: 0.68

### END-TO-END LATENCY (Queue Wait + Storage I/O + Generation) ###
  Mean: 195238.17 ms
  P50:  186483.42 ms
  P95:  392949.73 ms
  P99:  402977.11 ms

### PER-REQUEST STORAGE LATENCY (All I/O ops for one request) ###
  Mean: 30778.57 ms
  P50:  11879.94 ms
  P95:  110291.19 ms
  P99:  192877.15 ms
  (= 1 prefill write + N decode reads per request)

### STORAGE PERFORMANCE ###
  Cache Hit Rate: 77.7%
  Total Read: 1208.11GiB
  Total Write: 363.55GiB
  Read/Write Ratio: 3.32
  Storage KV Read Operations/sec: 3.33
  Storage KV Write Operations/sec: 0.75

### CACHE TIER DISTRIBUTION ###
  GPU Entries: 0 (0.00GiB)
  CPU Entries: 0 (0.00GiB)
  Storage Entries: 226

### TIER-SPECIFIC KV BYTES ###
  Storage KV Bytes Written: 363.55GiB
  Storage KV Bytes Read: 1208.11GiB

### STORAGE KV BANDWIDTH ###
  Storage KV Read Bandwidth: 3.74GiB/s
  Storage KV Write Bandwidth: 1.13GiB/s

### TIER-SPECIFIC LATENCIES (Total = Host + Device) ###
  Storage Read P95 (Total): 23109.00 ms
  Storage Write P95 (Total): 17336.58 ms

### STORAGE TIER LATENCY BREAKDOWN (Device = Disk I/O, Host = Serialization) ###
  Storage Read:
    - Device P95 (Disk I/O): 20599.18 ms
    - Host P95 (Serialization): 6751.61 ms
    - Total P95: 23109.00 ms
  Storage Write:
    - Device P95 (Disk I/O): 259.05 ms
    - Host P95 (Serialization): 16506.28 ms
    - Total P95: 17336.58 ms

### CACHE TYPE BREAKDOWNS ###
  System Prompt Hits: 162
  Common Phrase Hits: 0
  User Cache Hits: 816
  Multi-turn Hits: 20

### PREFIX CACHING ###
  Prefix Hits: 43
  Prefix Misses: 183
  System Prompt Reuse: 43
  Bytes Saved: 0.09GiB

### MULTI-TURN CONVERSATIONS ###
  Multi-turn Cache Hits: 20
  Multi-turn Cache Misses: 244
  Multi-turn Hit Rate: 7.6%

### QOS LATENCY METRICS (Informational - includes simulated generation) ###

  INTERACTIVE:
    Requests: 165
    Latency P95: 395029.09 ms
    Latency P99: 403644.89 ms
    SLA Met: [X] (compliance: 0.0%)

  RESPONSIVE:
    Requests: 23
    Latency P95: 150509.92 ms
    Latency P99: 335334.28 ms
    SLA Met: [X] (compliance: 0.0%)

  BATCH:
    Requests: 30
    Latency P95: 154142.21 ms
    Latency P99: 186782.91 ms
    SLA Met: [X] (compliance: 0.0%)

================================================================================
NOTES:
  - Pure storage I/O benchmark (no generation simulation)
================================================================================

Integrated Multi-User KV Cache Benchmark - MLPerf Edition
Model: Llama 3.1 70B Instruct
GPU Memory: 0 GB
Users: 70
Duration: 300s
Seed: 50
Generation Mode: none (0.0ms/token)
Features:
  - Phase-Aware Processing: Enabled
  - Multi-turn Conversations: Enabled
  - Prefix Caching: Enabled
  - RAG Workload: Disabled
  - Autoscaling: Disabled
  - QoS Support: Enabled (Interactive/Responsive/Batch)
  - Trace-Driven (BurstGPT): Disabled
  - ShareGPT Dataset: Disabled
  - Max Concurrent Allocations: 4 (bounds RAM usage)
================================================================================

User Context Length Distribution:
  Min: 520 tokens (162.50MiB)
  Max: 24002 tokens (7500.62MiB)
  Mean: 8687 tokens (2714.64MiB)

QoS Distribution:
  interactive: 10 users
  responsive: 23 users
  batch: 37 users

### MEMORY SAFETY CHECK ###
  Formula: peak = (workers x 2 x mean_entry_bytes) + baseline
         = (70 x 2 x 2500MiB) + 2.5GiB
         = 344.3GiB
  Available RAM: 990.8GiB
  Mean entry size: 2500MiB  (8000 tok x 327,680 B/tok)
  Peak per thread: 5000MiB  (np.load + np.array copy)
  Worker threads: 70
  Safe concurrent readers: ~202  = (available - baseline) / peak_per_thread
  Status: OK

Starting benchmark... Mode: standard (prefill+decode)
--------------------------------------------------------------------------------

================================================================================
BENCHMARK RESULTS - MLPerf KV Cache Storage Benchmark
Generation Mode: none (0.0ms/token)
================================================================================

IMPORTANT: All storage latencies below are measured per KV cache BLOCK,
not per token or per disk page.  Each block holds the full KV state for
one request (all layers, all heads, full sequence length).
  Model KV bytes/token: 327,680 bytes (320.0KiB)
  Entries in cache: 264
  Block size min:   59.7MiB
  Block size mean:  1551.5MiB
  Block size P95:   5685.1MiB
  Block size max:   7266.9MiB
  A 200MiB block at 1GiB/s NVMe read = ~200 ms device latency.
  Compare latencies against block sizes, not against 4KiB page I/O.


### OVERALL PERFORMANCE ###
Requests Completed: 255
Total Tokens Generated: 33108
Throughput (wall-clock): 110.23 tokens/sec
Throughput (storage I/O): 5.75 tokens/sec
Requests/sec: 0.85

### END-TO-END LATENCY (Queue Wait + Storage I/O + Generation) ###
  Mean: 192547.68 ms
  P50:  189132.23 ms
  P95:  387505.99 ms
  P99:  398877.44 ms

### PER-REQUEST STORAGE LATENCY (All I/O ops for one request) ###
  Mean: 22570.24 ms
  P50:  11117.36 ms
  P95:  78397.32 ms
  P99:  123784.48 ms
  (= 1 prefill write + N decode reads per request)

### STORAGE PERFORMANCE ###
  Cache Hit Rate: 69.8%
  Total Read: 1294.84GiB
  Total Write: 399.99GiB
  Read/Write Ratio: 3.24
  Storage KV Read Operations/sec: 3.85
  Storage KV Write Operations/sec: 0.88

### CACHE TIER DISTRIBUTION ###
  GPU Entries: 0 (0.00GiB)
  CPU Entries: 0 (0.00GiB)
  Storage Entries: 264

### TIER-SPECIFIC KV BYTES ###
  Storage KV Bytes Written: 399.99GiB
  Storage KV Bytes Read: 1294.84GiB

### STORAGE KV BANDWIDTH ###
  Storage KV Read Bandwidth: 4.31GiB/s
  Storage KV Write Bandwidth: 1.33GiB/s

### TIER-SPECIFIC LATENCIES (Total = Host + Device) ###
  Storage Read P95 (Total): 14284.60 ms
  Storage Write P95 (Total): 10960.65 ms

### STORAGE TIER LATENCY BREAKDOWN (Device = Disk I/O, Host = Serialization) ###
  Storage Read:
    - Device P95 (Disk I/O): 12358.38 ms
    - Host P95 (Serialization): 4179.75 ms
    - Total P95: 14284.60 ms
  Storage Write:
    - Device P95 (Disk I/O): 1216.88 ms
    - Host P95 (Serialization): 9246.79 ms
    - Total P95: 10960.65 ms

### CACHE TYPE BREAKDOWNS ###
  System Prompt Hits: 177
  Common Phrase Hits: 0
  User Cache Hits: 952
  Multi-turn Hits: 25

### PREFIX CACHING ###
  Prefix Hits: 47
  Prefix Misses: 217
  System Prompt Reuse: 47
  Bytes Saved: 0.09GiB

### MULTI-TURN CONVERSATIONS ###
  Multi-turn Cache Hits: 25
  Multi-turn Cache Misses: 453
  Multi-turn Hit Rate: 5.2%

### QOS LATENCY METRICS (Informational - includes simulated generation) ###

  INTERACTIVE:
    Requests: 198
    Latency P95: 388588.07 ms
    Latency P99: 398348.79 ms
    SLA Met: [X] (compliance: 0.0%)

  RESPONSIVE:
    Requests: 24
    Latency P95: 205785.57 ms
    Latency P99: 360128.65 ms
    SLA Met: [X] (compliance: 0.0%)

  BATCH:
    Requests: 33
    Latency P95: 124688.75 ms
    Latency P99: 202104.42 ms
    SLA Met: [X] (compliance: 0.0%)

================================================================================
NOTES:
  - Pure storage I/O benchmark (no generation simulation)
================================================================================

Integrated Multi-User KV Cache Benchmark - MLPerf Edition
Model: Llama 3.1 70B Instruct
GPU Memory: 0 GB
Users: 70
Duration: 300s
Seed: 221
Generation Mode: none (0.0ms/token)
Features:
  - Phase-Aware Processing: Enabled
  - Multi-turn Conversations: Enabled
  - Prefix Caching: Enabled
  - RAG Workload: Disabled
  - Autoscaling: Disabled
  - QoS Support: Enabled (Interactive/Responsive/Batch)
  - Trace-Driven (BurstGPT): Disabled
  - ShareGPT Dataset: Disabled
  - Max Concurrent Allocations: 4 (bounds RAM usage)
================================================================================

User Context Length Distribution:
  Min: 871 tokens (272.19MiB)
  Max: 23657 tokens (7392.81MiB)
  Mean: 9208 tokens (2877.51MiB)

QoS Distribution:
  interactive: 6 users
  responsive: 27 users
  batch: 37 users

### MEMORY SAFETY CHECK ###
  Formula: peak = (workers x 2 x mean_entry_bytes) + baseline
         = (70 x 2 x 2500MiB) + 2.5GiB
         = 344.3GiB
  Available RAM: 989.1GiB
  Mean entry size: 2500MiB  (8000 tok x 327,680 B/tok)
  Peak per thread: 5000MiB  (np.load + np.array copy)
  Worker threads: 70
  Safe concurrent readers: ~202  = (available - baseline) / peak_per_thread
  Status: OK

Starting benchmark... Mode: standard (prefill+decode)
--------------------------------------------------------------------------------

================================================================================
BENCHMARK RESULTS - MLPerf KV Cache Storage Benchmark
Generation Mode: none (0.0ms/token)
================================================================================

IMPORTANT: All storage latencies below are measured per KV cache BLOCK,
not per token or per disk page.  Each block holds the full KV state for
one request (all layers, all heads, full sequence length).
  Model KV bytes/token: 327,680 bytes (320.0KiB)
  Entries in cache: 256
  Block size min:   97.5MiB
  Block size mean:  1653.0MiB
  Block size P95:   4114.4MiB
  Block size max:   6480.6MiB
  A 200MiB block at 1GiB/s NVMe read = ~200 ms device latency.
  Compare latencies against block sizes, not against 4KiB page I/O.


### OVERALL PERFORMANCE ###
Requests Completed: 248
Total Tokens Generated: 40886
Throughput (wall-clock): 136.20 tokens/sec
Throughput (storage I/O): 4.86 tokens/sec
Requests/sec: 0.83

### END-TO-END LATENCY (Queue Wait + Storage I/O + Generation) ###
  Mean: 183457.84 ms
  P50:  171588.36 ms
  P95:  373543.53 ms
  P99:  382832.99 ms

### PER-REQUEST STORAGE LATENCY (All I/O ops for one request) ###
  Mean: 33908.14 ms
  P50:  24666.28 ms
  P95:  101781.73 ms
  P99:  167776.92 ms
  (= 1 prefill write + N decode reads per request)

### STORAGE PERFORMANCE ###
  Cache Hit Rate: 85.1%
  Total Read: 1937.13GiB
  Total Write: 413.25GiB
  Read/Write Ratio: 4.69
  Storage KV Read Operations/sec: 4.69
  Storage KV Write Operations/sec: 0.85

### CACHE TIER DISTRIBUTION ###
  GPU Entries: 0 (0.00GiB)
  CPU Entries: 0 (0.00GiB)
  Storage Entries: 256

### TIER-SPECIFIC KV BYTES ###
  Storage KV Bytes Written: 413.25GiB
  Storage KV Bytes Read: 1937.13GiB

### STORAGE KV BANDWIDTH ###
  Storage KV Read Bandwidth: 6.45GiB/s
  Storage KV Write Bandwidth: 1.38GiB/s

### TIER-SPECIFIC LATENCIES (Total = Host + Device) ###
  Storage Read P95 (Total): 16413.56 ms
  Storage Write P95 (Total): 10805.54 ms

### STORAGE TIER LATENCY BREAKDOWN (Device = Disk I/O, Host = Serialization) ###
  Storage Read:
    - Device P95 (Disk I/O): 13728.36 ms
    - Host P95 (Serialization): 4413.99 ms
    - Total P95: 16413.56 ms
  Storage Write:
    - Device P95 (Disk I/O): 420.13 ms
    - Host P95 (Serialization): 9299.42 ms
    - Total P95: 10805.54 ms

### CACHE TYPE BREAKDOWNS ###
  System Prompt Hits: 341
  Common Phrase Hits: 0
  User Cache Hits: 1050
  Multi-turn Hits: 16

### PREFIX CACHING ###
  Prefix Hits: 63
  Prefix Misses: 193
  System Prompt Reuse: 63
  Bytes Saved: 0.13GiB

### MULTI-TURN CONVERSATIONS ###
  Multi-turn Cache Hits: 16
  Multi-turn Cache Misses: 184
  Multi-turn Hit Rate: 8.0%

### QOS LATENCY METRICS (Informational - includes simulated generation) ###

  INTERACTIVE:
    Requests: 183
    Latency P95: 377286.63 ms
    Latency P99: 383801.06 ms
    SLA Met: [X] (compliance: 0.0%)

  RESPONSIVE:
    Requests: 28
    Latency P95: 131089.27 ms
    Latency P99: 283433.48 ms
    SLA Met: [X] (compliance: 0.0%)

  BATCH:
    Requests: 37
    Latency P95: 115618.02 ms
    Latency P99: 190452.86 ms
    SLA Met: [X] (compliance: 0.0%)

================================================================================
NOTES:
  - Pure storage I/O benchmark (no generation simulation)
================================================================================

Integrated Multi-User KV Cache Benchmark - MLPerf Edition
Model: Llama 3.1 70B Instruct
GPU Memory: 0 GB
Users: 70
Duration: 300s
Seed: 92
Generation Mode: none (0.0ms/token)
Features:
  - Phase-Aware Processing: Enabled
  - Multi-turn Conversations: Enabled
  - Prefix Caching: Enabled
  - RAG Workload: Disabled
  - Autoscaling: Disabled
  - QoS Support: Enabled (Interactive/Responsive/Batch)
  - Trace-Driven (BurstGPT): Disabled
  - ShareGPT Dataset: Disabled
  - Max Concurrent Allocations: 4 (bounds RAM usage)
================================================================================

User Context Length Distribution:
  Min: 547 tokens (170.94MiB)
  Max: 24919 tokens (7787.19MiB)
  Mean: 8926 tokens (2789.53MiB)

QoS Distribution:
  interactive: 8 users
  responsive: 24 users
  batch: 38 users

### MEMORY SAFETY CHECK ###
  Formula: peak = (workers x 2 x mean_entry_bytes) + baseline
         = (70 x 2 x 2500MiB) + 2.5GiB
         = 344.3GiB
  Available RAM: 990.0GiB
  Mean entry size: 2500MiB  (8000 tok x 327,680 B/tok)
  Peak per thread: 5000MiB  (np.load + np.array copy)
  Worker threads: 70
  Safe concurrent readers: ~202  = (available - baseline) / peak_per_thread
  Status: OK

Starting benchmark... Mode: standard (prefill+decode)
--------------------------------------------------------------------------------

================================================================================
BENCHMARK RESULTS - MLPerf KV Cache Storage Benchmark
Generation Mode: none (0.0ms/token)
================================================================================

IMPORTANT: All storage latencies below are measured per KV cache BLOCK,
not per token or per disk page.  Each block holds the full KV state for
one request (all layers, all heads, full sequence length).
  Model KV bytes/token: 327,680 bytes (320.0KiB)
  Entries in cache: 255
  Block size min:   64.1MiB
  Block size mean:  1616.2MiB
  Block size P95:   5353.2MiB
  Block size max:   7579.1MiB
  A 200MiB block at 1GiB/s NVMe read = ~200 ms device latency.
  Compare latencies against block sizes, not against 4KiB page I/O.


### OVERALL PERFORMANCE ###
Requests Completed: 249
Total Tokens Generated: 32131
Throughput (wall-clock): 107.09 tokens/sec
Throughput (storage I/O): 5.27 tokens/sec
Requests/sec: 0.83

### END-TO-END LATENCY (Queue Wait + Storage I/O + Generation) ###
  Mean: 185515.72 ms
  P50:  160111.60 ms
  P95:  388019.59 ms
  P99:  401363.10 ms

### PER-REQUEST STORAGE LATENCY (All I/O ops for one request) ###
  Mean: 24495.06 ms
  P50:  12510.42 ms
  P95:  90872.52 ms
  P99:  135254.00 ms
  (= 1 prefill write + N decode reads per request)

### STORAGE PERFORMANCE ###
  Cache Hit Rate: 76.3%
  Total Read: 1335.25GiB
  Total Write: 402.46GiB
  Read/Write Ratio: 3.32
  Storage KV Read Operations/sec: 4.06
  Storage KV Write Operations/sec: 0.85

### CACHE TIER DISTRIBUTION ###
  GPU Entries: 0 (0.00GiB)
  CPU Entries: 0 (0.00GiB)
  Storage Entries: 255

### TIER-SPECIFIC KV BYTES ###
  Storage KV Bytes Written: 402.46GiB
  Storage KV Bytes Read: 1335.25GiB

### STORAGE KV BANDWIDTH ###
  Storage KV Read Bandwidth: 4.45GiB/s
  Storage KV Write Bandwidth: 1.34GiB/s

### TIER-SPECIFIC LATENCIES (Total = Host + Device) ###
  Storage Read P95 (Total): 18462.64 ms
  Storage Write P95 (Total): 9642.16 ms

### STORAGE TIER LATENCY BREAKDOWN (Device = Disk I/O, Host = Serialization) ###
  Storage Read:
    - Device P95 (Disk I/O): 12156.68 ms
    - Host P95 (Serialization): 4078.09 ms
    - Total P95: 18462.64 ms
  Storage Write:
    - Device P95 (Disk I/O): 334.78 ms
    - Host P95 (Serialization): 9200.97 ms
    - Total P95: 9642.16 ms

### CACHE TYPE BREAKDOWNS ###
  System Prompt Hits: 243
  Common Phrase Hits: 0
  User Cache Hits: 919
  Multi-turn Hits: 57

### PREFIX CACHING ###
  Prefix Hits: 51
  Prefix Misses: 204
  System Prompt Reuse: 51
  Bytes Saved: 0.10GiB

### MULTI-TURN CONVERSATIONS ###
  Multi-turn Cache Hits: 57
  Multi-turn Cache Misses: 328
  Multi-turn Hit Rate: 14.8%

### QOS LATENCY METRICS (Informational - includes simulated generation) ###

  INTERACTIVE:
    Requests: 189
    Latency P95: 389963.03 ms
    Latency P99: 401789.99 ms
    SLA Met: [X] (compliance: 0.0%)

  RESPONSIVE:
    Requests: 19
    Latency P95: 85442.70 ms
    Latency P99: 219988.72 ms
    SLA Met: [X] (compliance: 0.0%)

  BATCH:
    Requests: 41
    Latency P95: 178183.07 ms
    Latency P99: 216021.05 ms
    SLA Met: [X] (compliance: 0.0%)

================================================================================
NOTES:
  - Pure storage I/O benchmark (no generation simulation)
================================================================================

Integrated Multi-User KV Cache Benchmark - MLPerf Edition
Model: Llama 3.1 70B Instruct
GPU Memory: 0 GB
Users: 70
Duration: 300s
Seed: 71
Generation Mode: none (0.0ms/token)
Features:
  - Phase-Aware Processing: Enabled
  - Multi-turn Conversations: Enabled
  - Prefix Caching: Enabled
  - RAG Workload: Disabled
  - Autoscaling: Disabled
  - QoS Support: Enabled (Interactive/Responsive/Batch)
  - Trace-Driven (BurstGPT): Disabled
  - ShareGPT Dataset: Disabled
  - Max Concurrent Allocations: 4 (bounds RAM usage)
================================================================================

User Context Length Distribution:
  Min: 775 tokens (242.19MiB)
  Max: 24630 tokens (7696.88MiB)
  Mean: 9082 tokens (2838.22MiB)

QoS Distribution:
  interactive: 10 users
  responsive: 21 users
  batch: 39 users

### MEMORY SAFETY CHECK ###
  Formula: peak = (workers x 2 x mean_entry_bytes) + baseline
         = (70 x 2 x 2500MiB) + 2.5GiB
         = 344.3GiB
  Available RAM: 989.2GiB
  Mean entry size: 2500MiB  (8000 tok x 327,680 B/tok)
  Peak per thread: 5000MiB  (np.load + np.array copy)
  Worker threads: 70
  Safe concurrent readers: ~202  = (available - baseline) / peak_per_thread
  Status: OK

Starting benchmark... Mode: standard (prefill+decode)
--------------------------------------------------------------------------------

================================================================================
BENCHMARK RESULTS - MLPerf KV Cache Storage Benchmark
Generation Mode: none (0.0ms/token)
================================================================================

IMPORTANT: All storage latencies below are measured per KV cache BLOCK,
not per token or per disk page.  Each block holds the full KV state for
one request (all layers, all heads, full sequence length).
  Model KV bytes/token: 327,680 bytes (320.0KiB)
  Entries in cache: 290
  Block size min:   71.6MiB
  Block size mean:  1384.2MiB
  Block size P95:   4716.4MiB
  Block size max:   6364.1MiB
  A 200MiB block at 1GiB/s NVMe read = ~200 ms device latency.
  Compare latencies against block sizes, not against 4KiB page I/O.


### OVERALL PERFORMANCE ###
Requests Completed: 281
Total Tokens Generated: 40643
Throughput (wall-clock): 129.45 tokens/sec
Throughput (storage I/O): 6.94 tokens/sec
Requests/sec: 0.89

### END-TO-END LATENCY (Queue Wait + Storage I/O + Generation) ###
  Mean: 180088.25 ms
  P50:  174751.17 ms
  P95:  365460.03 ms
  P99:  392167.91 ms

### PER-REQUEST STORAGE LATENCY (All I/O ops for one request) ###
  Mean: 20836.71 ms
  P50:  8009.20 ms
  P95:  96856.28 ms
  P99:  132374.45 ms
  (= 1 prefill write + N decode reads per request)

### STORAGE PERFORMANCE ###
  Cache Hit Rate: 74.8%
  Total Read: 1470.63GiB
  Total Write: 392.01GiB
  Read/Write Ratio: 3.75
  Storage KV Read Operations/sec: 4.47
  Storage KV Write Operations/sec: 0.97

### CACHE TIER DISTRIBUTION ###
  GPU Entries: 0 (0.00GiB)
  CPU Entries: 0 (0.00GiB)
  Storage Entries: 290

### TIER-SPECIFIC KV BYTES ###
  Storage KV Bytes Written: 392.01GiB
  Storage KV Bytes Read: 1470.63GiB

### STORAGE KV BANDWIDTH ###
  Storage KV Read Bandwidth: 4.68GiB/s
  Storage KV Write Bandwidth: 1.25GiB/s

### TIER-SPECIFIC LATENCIES (Total = Host + Device) ###
  Storage Read P95 (Total): 16603.49 ms
  Storage Write P95 (Total): 11005.03 ms

### STORAGE TIER LATENCY BREAKDOWN (Device = Disk I/O, Host = Serialization) ###
  Storage Read:
    - Device P95 (Disk I/O): 14237.32 ms
    - Host P95 (Serialization): 3575.04 ms
    - Total P95: 16603.49 ms
  Storage Write:
    - Device P95 (Disk I/O): 411.19 ms
    - Host P95 (Serialization): 10948.07 ms
    - Total P95: 11005.03 ms

### CACHE TYPE BREAKDOWNS ###
  System Prompt Hits: 308
  Common Phrase Hits: 0
  User Cache Hits: 1007
  Multi-turn Hits: 26

### PREFIX CACHING ###
  Prefix Hits: 63
  Prefix Misses: 227
  System Prompt Reuse: 63
  Bytes Saved: 0.12GiB

### MULTI-TURN CONVERSATIONS ###
  Multi-turn Cache Hits: 26
  Multi-turn Cache Misses: 389
  Multi-turn Hit Rate: 6.3%

### QOS LATENCY METRICS (Informational - includes simulated generation) ###

  INTERACTIVE:
    Requests: 223
    Latency P95: 366834.49 ms
    Latency P99: 392996.88 ms
    SLA Met: [X] (compliance: 0.0%)

  RESPONSIVE:
    Requests: 25
    Latency P95: 114093.15 ms
    Latency P99: 162362.93 ms
    SLA Met: [X] (compliance: 0.0%)

  BATCH:
    Requests: 33
    Latency P95: 184120.32 ms
    Latency P99: 235548.37 ms
    SLA Met: [X] (compliance: 0.0%)

================================================================================
NOTES:
  - Pure storage I/O benchmark (no generation simulation)
================================================================================

Integrated Multi-User KV Cache Benchmark - MLPerf Edition
Model: Llama 3.1 70B Instruct
GPU Memory: 0 GB
Users: 70
Duration: 300s
Seed: 141
Generation Mode: none (0.0ms/token)
Features:
  - Phase-Aware Processing: Enabled
  - Multi-turn Conversations: Enabled
  - Prefix Caching: Enabled
  - RAG Workload: Disabled
  - Autoscaling: Disabled
  - QoS Support: Enabled (Interactive/Responsive/Batch)
  - Trace-Driven (BurstGPT): Disabled
  - ShareGPT Dataset: Disabled
  - Max Concurrent Allocations: 4 (bounds RAM usage)
================================================================================

User Context Length Distribution:
  Min: 806 tokens (251.88MiB)
  Max: 24999 tokens (7812.19MiB)
  Mean: 9215 tokens (2879.83MiB)

QoS Distribution:
  interactive: 9 users
  responsive: 25 users
  batch: 36 users

### MEMORY SAFETY CHECK ###
  Formula: peak = (workers x 2 x mean_entry_bytes) + baseline
         = (70 x 2 x 2500MiB) + 2.5GiB
         = 344.3GiB
  Available RAM: 982.2GiB
  Mean entry size: 2500MiB  (8000 tok x 327,680 B/tok)
  Peak per thread: 5000MiB  (np.load + np.array copy)
  Worker threads: 70
  Safe concurrent readers: ~200  = (available - baseline) / peak_per_thread
  Status: OK

Starting benchmark... Mode: standard (prefill+decode)
--------------------------------------------------------------------------------

================================================================================
BENCHMARK RESULTS - MLPerf KV Cache Storage Benchmark
Generation Mode: none (0.0ms/token)
================================================================================

IMPORTANT: All storage latencies below are measured per KV cache BLOCK,
not per token or per disk page.  Each block holds the full KV state for
one request (all layers, all heads, full sequence length).
  Model KV bytes/token: 327,680 bytes (320.0KiB)
  Entries in cache: 265
  Block size min:   94.1MiB
  Block size mean:  1305.5MiB
  Block size P95:   4286.4MiB
  Block size max:   6995.9MiB
  A 200MiB block at 1GiB/s NVMe read = ~200 ms device latency.
  Compare latencies against block sizes, not against 4KiB page I/O.


### OVERALL PERFORMANCE ###
Requests Completed: 257
Total Tokens Generated: 36678
Throughput (wall-clock): 121.53 tokens/sec
Throughput (storage I/O): 4.35 tokens/sec
Requests/sec: 0.85

### END-TO-END LATENCY (Queue Wait + Storage I/O + Generation) ###
  Mean: 189673.11 ms
  P50:  183401.58 ms
  P95:  383889.07 ms
  P99:  393302.04 ms

### PER-REQUEST STORAGE LATENCY (All I/O ops for one request) ###
  Mean: 32830.15 ms
  P50:  22312.40 ms
  P95:  107305.90 ms
  P99:  155822.16 ms
  (= 1 prefill write + N decode reads per request)

### STORAGE PERFORMANCE ###
  Cache Hit Rate: 76.7%
  Total Read: 1741.13GiB
  Total Write: 337.85GiB
  Read/Write Ratio: 5.15
  Storage KV Read Operations/sec: 5.18
  Storage KV Write Operations/sec: 0.88

### CACHE TIER DISTRIBUTION ###
  GPU Entries: 0 (0.00GiB)
  CPU Entries: 0 (0.00GiB)
  Storage Entries: 265

### TIER-SPECIFIC KV BYTES ###
  Storage KV Bytes Written: 337.85GiB
  Storage KV Bytes Read: 1741.13GiB

### STORAGE KV BANDWIDTH ###
  Storage KV Read Bandwidth: 5.77GiB/s
  Storage KV Write Bandwidth: 1.12GiB/s

### TIER-SPECIFIC LATENCIES (Total = Host + Device) ###
  Storage Read P95 (Total): 17867.36 ms
  Storage Write P95 (Total): 13104.46 ms

### STORAGE TIER LATENCY BREAKDOWN (Device = Disk I/O, Host = Serialization) ###
  Storage Read:
    - Device P95 (Disk I/O): 15358.75 ms
    - Host P95 (Serialization): 4560.31 ms
    - Total P95: 17867.36 ms
  Storage Write:
    - Device P95 (Disk I/O): 453.13 ms
    - Host P95 (Serialization): 12703.94 ms
    - Total P95: 13104.46 ms

### CACHE TYPE BREAKDOWNS ###
  System Prompt Hits: 268
  Common Phrase Hits: 0
  User Cache Hits: 1213
  Multi-turn Hits: 72

### PREFIX CACHING ###
  Prefix Hits: 49
  Prefix Misses: 216
  System Prompt Reuse: 49
  Bytes Saved: 0.10GiB

### MULTI-TURN CONVERSATIONS ###
  Multi-turn Cache Hits: 72
  Multi-turn Cache Misses: 424
  Multi-turn Hit Rate: 14.5%

### QOS LATENCY METRICS (Informational - includes simulated generation) ###

  INTERACTIVE:
    Requests: 202
    Latency P95: 386343.34 ms
    Latency P99: 393914.84 ms
    SLA Met: [X] (compliance: 0.0%)

  RESPONSIVE:
    Requests: 28
    Latency P95: 104180.65 ms
    Latency P99: 113113.28 ms
    SLA Met: [X] (compliance: 0.0%)

  BATCH:
    Requests: 27
    Latency P95: 176294.08 ms
    Latency P99: 216292.79 ms
    SLA Met: [X] (compliance: 0.0%)

================================================================================
NOTES:
  - Pure storage I/O benchmark (no generation simulation)
================================================================================

Integrated Multi-User KV Cache Benchmark - MLPerf Edition
Model: Llama 3.1 70B Instruct
GPU Memory: 0 GB
Users: 70
Duration: 300s
Seed: 133
Generation Mode: none (0.0ms/token)
Features:
  - Phase-Aware Processing: Enabled
  - Multi-turn Conversations: Enabled
  - Prefix Caching: Enabled
  - RAG Workload: Disabled
  - Autoscaling: Disabled
  - QoS Support: Enabled (Interactive/Responsive/Batch)
  - Trace-Driven (BurstGPT): Disabled
  - ShareGPT Dataset: Disabled
  - Max Concurrent Allocations: 4 (bounds RAM usage)
================================================================================

User Context Length Distribution:
  Min: 611 tokens (190.94MiB)
  Max: 24442 tokens (7638.12MiB)
  Mean: 10392 tokens (3247.56MiB)

QoS Distribution:
  interactive: 10 users
  responsive: 29 users
  batch: 31 users

### MEMORY SAFETY CHECK ###
  Formula: peak = (workers x 2 x mean_entry_bytes) + baseline
         = (70 x 2 x 2500MiB) + 2.5GiB
         = 344.3GiB
  Available RAM: 988.8GiB
  Mean entry size: 2500MiB  (8000 tok x 327,680 B/tok)
  Peak per thread: 5000MiB  (np.load + np.array copy)
  Worker threads: 70
  Safe concurrent readers: ~201  = (available - baseline) / peak_per_thread
  Status: OK

Starting benchmark... Mode: standard (prefill+decode)
--------------------------------------------------------------------------------

================================================================================
BENCHMARK RESULTS - MLPerf KV Cache Storage Benchmark
Generation Mode: none (0.0ms/token)
================================================================================

IMPORTANT: All storage latencies below are measured per KV cache BLOCK,
not per token or per disk page.  Each block holds the full KV state for
one request (all layers, all heads, full sequence length).
  Model KV bytes/token: 327,680 bytes (320.0KiB)
  Entries in cache: 305
  Block size min:   58.1MiB
  Block size mean:  1136.5MiB
  Block size P95:   4073.9MiB
  Block size max:   7109.1MiB
  A 200MiB block at 1GiB/s NVMe read = ~200 ms device latency.
  Compare latencies against block sizes, not against 4KiB page I/O.


### OVERALL PERFORMANCE ###
Requests Completed: 297
Total Tokens Generated: 30590
Throughput (wall-clock): 96.95 tokens/sec
Throughput (storage I/O): 5.34 tokens/sec
Requests/sec: 0.94

### END-TO-END LATENCY (Queue Wait + Storage I/O + Generation) ###
  Mean: 174625.69 ms
  P50:  145520.99 ms
  P95:  372514.95 ms
  P99:  388561.10 ms

### PER-REQUEST STORAGE LATENCY (All I/O ops for one request) ###
  Mean: 19280.92 ms
  P50:  9697.33 ms
  P95:  63463.65 ms
  P99:  118389.87 ms
  (= 1 prefill write + N decode reads per request)

### STORAGE PERFORMANCE ###
  Cache Hit Rate: 75.0%
  Total Read: 1307.48GiB
  Total Write: 338.51GiB
  Read/Write Ratio: 3.86
  Storage KV Read Operations/sec: 4.58
  Storage KV Write Operations/sec: 1.02

### CACHE TIER DISTRIBUTION ###
  GPU Entries: 0 (0.00GiB)
  CPU Entries: 0 (0.00GiB)
  Storage Entries: 305

### TIER-SPECIFIC KV BYTES ###
  Storage KV Bytes Written: 338.51GiB
  Storage KV Bytes Read: 1307.48GiB

### STORAGE KV BANDWIDTH ###
  Storage KV Read Bandwidth: 4.14GiB/s
  Storage KV Write Bandwidth: 1.07GiB/s

### TIER-SPECIFIC LATENCIES (Total = Host + Device) ###
  Storage Read P95 (Total): 14687.89 ms
  Storage Write P95 (Total): 10003.79 ms

### STORAGE TIER LATENCY BREAKDOWN (Device = Disk I/O, Host = Serialization) ###
  Storage Read:
    - Device P95 (Disk I/O): 12030.89 ms
    - Host P95 (Serialization): 2997.90 ms
    - Total P95: 14687.89 ms
  Storage Write:
    - Device P95 (Disk I/O): 390.88 ms
    - Host P95 (Serialization): 7739.52 ms
    - Total P95: 10003.79 ms

### CACHE TYPE BREAKDOWNS ###
  System Prompt Hits: 279
  Common Phrase Hits: 0
  User Cache Hits: 965
  Multi-turn Hits: 131

### PREFIX CACHING ###
  Prefix Hits: 70
  Prefix Misses: 235
  System Prompt Reuse: 70
  Bytes Saved: 0.14GiB

### MULTI-TURN CONVERSATIONS ###
  Multi-turn Cache Hits: 131
  Multi-turn Cache Misses: 388
  Multi-turn Hit Rate: 25.2%

### QOS LATENCY METRICS (Informational - includes simulated generation) ###

  INTERACTIVE:
    Requests: 245
    Latency P95: 373163.57 ms
    Latency P99: 388613.10 ms
    SLA Met: [X] (compliance: 0.0%)

  RESPONSIVE:
    Requests: 32
    Latency P95: 100552.51 ms
    Latency P99: 131940.19 ms
    SLA Met: [X] (compliance: 0.0%)

  BATCH:
    Requests: 20
    Latency P95: 62087.41 ms
    Latency P99: 73643.40 ms
    SLA Met: [X] (compliance: 0.0%)

================================================================================
NOTES:
  - Pure storage I/O benchmark (no generation simulation)
================================================================================

Integrated Multi-User KV Cache Benchmark - MLPerf Edition
Model: Llama 3.1 70B Instruct
GPU Memory: 0 GB
Users: 70
Duration: 300s
Seed: 117
Generation Mode: none (0.0ms/token)
Features:
  - Phase-Aware Processing: Enabled
  - Multi-turn Conversations: Enabled
  - Prefix Caching: Enabled
  - RAG Workload: Disabled
  - Autoscaling: Disabled
  - QoS Support: Enabled (Interactive/Responsive/Batch)
  - Trace-Driven (BurstGPT): Disabled
  - ShareGPT Dataset: Disabled
  - Max Concurrent Allocations: 4 (bounds RAM usage)
================================================================================

User Context Length Distribution:
  Min: 639 tokens (199.69MiB)
  Max: 24736 tokens (7730.00MiB)
  Mean: 10186 tokens (3183.23MiB)

QoS Distribution:
  interactive: 14 users
  responsive: 22 users
  batch: 34 users

### MEMORY SAFETY CHECK ###
  Formula: peak = (workers x 2 x mean_entry_bytes) + baseline
         = (70 x 2 x 2500MiB) + 2.5GiB
         = 344.3GiB
  Available RAM: 990.8GiB
  Mean entry size: 2500MiB  (8000 tok x 327,680 B/tok)
  Peak per thread: 5000MiB  (np.load + np.array copy)
  Worker threads: 70
  Safe concurrent readers: ~202  = (available - baseline) / peak_per_thread
  Status: OK

Starting benchmark... Mode: standard (prefill+decode)
--------------------------------------------------------------------------------

================================================================================
BENCHMARK RESULTS - MLPerf KV Cache Storage Benchmark
Generation Mode: none (0.0ms/token)
================================================================================

IMPORTANT: All storage latencies below are measured per KV cache BLOCK,
not per token or per disk page.  Each block holds the full KV state for
one request (all layers, all heads, full sequence length).
  Model KV bytes/token: 327,680 bytes (320.0KiB)
  Entries in cache: 219
  Block size min:   74.4MiB
  Block size mean:  2357.4MiB
  Block size P95:   5645.5MiB
  Block size max:   7687.2MiB
  A 200MiB block at 1GiB/s NVMe read = ~200 ms device latency.
  Compare latencies against block sizes, not against 4KiB page I/O.


### OVERALL PERFORMANCE ###
Requests Completed: 211
Total Tokens Generated: 36036
Throughput (wall-clock): 119.66 tokens/sec
Throughput (storage I/O): 5.68 tokens/sec
Requests/sec: 0.70

### END-TO-END LATENCY (Queue Wait + Storage I/O + Generation) ###
  Mean: 203210.60 ms
  P50:  204791.60 ms
  P95:  391268.16 ms
  P99:  397288.76 ms

### PER-REQUEST STORAGE LATENCY (All I/O ops for one request) ###
  Mean: 30049.11 ms
  P50:  9551.75 ms
  P95:  109198.92 ms
  P99:  167966.78 ms
  (= 1 prefill write + N decode reads per request)

### STORAGE PERFORMANCE ###
  Cache Hit Rate: 77.6%
  Total Read: 1639.09GiB
  Total Write: 504.18GiB
  Read/Write Ratio: 3.25
  Storage KV Read Operations/sec: 3.39
  Storage KV Write Operations/sec: 0.73

### CACHE TIER DISTRIBUTION ###
  GPU Entries: 0 (0.00GiB)
  CPU Entries: 0 (0.00GiB)
  Storage Entries: 219

### TIER-SPECIFIC KV BYTES ###
  Storage KV Bytes Written: 504.18GiB
  Storage KV Bytes Read: 1639.09GiB

### STORAGE KV BANDWIDTH ###
  Storage KV Read Bandwidth: 5.44GiB/s
  Storage KV Write Bandwidth: 1.67GiB/s

### TIER-SPECIFIC LATENCIES (Total = Host + Device) ###
  Storage Read P95 (Total): 17817.68 ms
  Storage Write P95 (Total): 10936.82 ms

### STORAGE TIER LATENCY BREAKDOWN (Device = Disk I/O, Host = Serialization) ###
  Storage Read:
    - Device P95 (Disk I/O): 13534.40 ms
    - Host P95 (Serialization): 5421.43 ms
    - Total P95: 17817.68 ms
  Storage Write:
    - Device P95 (Disk I/O): 505.44 ms
    - Host P95 (Serialization): 10882.85 ms
    - Total P95: 10936.82 ms

### CACHE TYPE BREAKDOWNS ###
  System Prompt Hits: 239
  Common Phrase Hits: 0
  User Cache Hits: 753
  Multi-turn Hits: 24

### PREFIX CACHING ###
  Prefix Hits: 57
  Prefix Misses: 162
  System Prompt Reuse: 57
  Bytes Saved: 0.12GiB

### MULTI-TURN CONVERSATIONS ###
  Multi-turn Cache Hits: 24
  Multi-turn Cache Misses: 237
  Multi-turn Hit Rate: 9.2%

### QOS LATENCY METRICS (Informational - includes simulated generation) ###

  INTERACTIVE:
    Requests: 158
    Latency P95: 392929.41 ms
    Latency P99: 397403.13 ms
    SLA Met: [X] (compliance: 0.0%)

  RESPONSIVE:
    Requests: 26
    Latency P95: 216486.90 ms
    Latency P99: 276473.58 ms
    SLA Met: [X] (compliance: 0.0%)

  BATCH:
    Requests: 27
    Latency P95: 218980.29 ms
    Latency P99: 331786.04 ms
    SLA Met: [X] (compliance: 0.0%)

================================================================================
NOTES:
  - Pure storage I/O benchmark (no generation simulation)
================================================================================

Integrated Multi-User KV Cache Benchmark - MLPerf Edition
Model: Llama 3.1 70B Instruct
GPU Memory: 0 GB
Users: 70
Duration: 300s
Seed: 244
Generation Mode: none (0.0ms/token)
Features:
  - Phase-Aware Processing: Enabled
  - Multi-turn Conversations: Enabled
  - Prefix Caching: Enabled
  - RAG Workload: Disabled
  - Autoscaling: Disabled
  - QoS Support: Enabled (Interactive/Responsive/Batch)
  - Trace-Driven (BurstGPT): Disabled
  - ShareGPT Dataset: Disabled
  - Max Concurrent Allocations: 4 (bounds RAM usage)
================================================================================

User Context Length Distribution:
  Min: 650 tokens (203.12MiB)
  Max: 24931 tokens (7790.94MiB)
  Mean: 9663 tokens (3019.79MiB)

QoS Distribution:
  interactive: 8 users
  responsive: 23 users
  batch: 39 users

### MEMORY SAFETY CHECK ###
  Formula: peak = (workers x 2 x mean_entry_bytes) + baseline
         = (70 x 2 x 2500MiB) + 2.5GiB
         = 344.3GiB
  Available RAM: 988.0GiB
  Mean entry size: 2500MiB  (8000 tok x 327,680 B/tok)
  Peak per thread: 5000MiB  (np.load + np.array copy)
  Worker threads: 70
  Safe concurrent readers: ~201  = (available - baseline) / peak_per_thread
  Status: OK

Starting benchmark... Mode: standard (prefill+decode)
--------------------------------------------------------------------------------

================================================================================
BENCHMARK RESULTS - MLPerf KV Cache Storage Benchmark
Generation Mode: none (0.0ms/token)
================================================================================

IMPORTANT: All storage latencies below are measured per KV cache BLOCK,
not per token or per disk page.  Each block holds the full KV state for
one request (all layers, all heads, full sequence length).
  Model KV bytes/token: 327,680 bytes (320.0KiB)
  Entries in cache: 204
  Block size min:   72.5MiB
  Block size mean:  1888.1MiB
  Block size P95:   5078.5MiB
  Block size max:   6232.5MiB
  A 200MiB block at 1GiB/s NVMe read = ~200 ms device latency.
  Compare latencies against block sizes, not against 4KiB page I/O.


### OVERALL PERFORMANCE ###
Requests Completed: 194
Total Tokens Generated: 44957
Throughput (wall-clock): 148.10 tokens/sec
Throughput (storage I/O): 4.66 tokens/sec
Requests/sec: 0.64

### END-TO-END LATENCY (Queue Wait + Storage I/O + Generation) ###
  Mean: 207288.51 ms
  P50:  216022.36 ms
  P95:  385706.67 ms
  P99:  394655.70 ms

### PER-REQUEST STORAGE LATENCY (All I/O ops for one request) ###
  Mean: 49711.51 ms
  P50:  42435.10 ms
  P95:  125604.46 ms
  P99:  159876.04 ms
  (= 1 prefill write + N decode reads per request)

### STORAGE PERFORMANCE ###
  Cache Hit Rate: 86.1%
  Total Read: 2212.17GiB
  Total Write: 376.15GiB
  Read/Write Ratio: 5.88
  Storage KV Read Operations/sec: 5.08
  Storage KV Write Operations/sec: 0.68

### CACHE TIER DISTRIBUTION ###
  GPU Entries: 0 (0.00GiB)
  CPU Entries: 0 (0.00GiB)
  Storage Entries: 204

### TIER-SPECIFIC KV BYTES ###
  Storage KV Bytes Written: 376.15GiB
  Storage KV Bytes Read: 2212.17GiB

### STORAGE KV BANDWIDTH ###
  Storage KV Read Bandwidth: 7.29GiB/s
  Storage KV Write Bandwidth: 1.24GiB/s

### TIER-SPECIFIC LATENCIES (Total = Host + Device) ###
  Storage Read P95 (Total): 19943.59 ms
  Storage Write P95 (Total): 14927.92 ms

### STORAGE TIER LATENCY BREAKDOWN (Device = Disk I/O, Host = Serialization) ###
  Storage Read:
    - Device P95 (Disk I/O): 17739.90 ms
    - Host P95 (Serialization): 5286.16 ms
    - Total P95: 19943.59 ms
  Storage Write:
    - Device P95 (Disk I/O): 601.42 ms
    - Host P95 (Serialization): 14906.98 ms
    - Total P95: 14927.92 ms

### CACHE TYPE BREAKDOWNS ###
  System Prompt Hits: 370
  Common Phrase Hits: 0
  User Cache Hits: 1146
  Multi-turn Hits: 9

### PREFIX CACHING ###
  Prefix Hits: 52
  Prefix Misses: 152
  System Prompt Reuse: 52
  Bytes Saved: 0.10GiB

### MULTI-TURN CONVERSATIONS ###
  Multi-turn Cache Hits: 9
  Multi-turn Cache Misses: 195
  Multi-turn Hit Rate: 4.4%

### QOS LATENCY METRICS (Informational - includes simulated generation) ###

  INTERACTIVE:
    Requests: 132
    Latency P95: 388343.64 ms
    Latency P99: 397092.92 ms
    SLA Met: [X] (compliance: 0.0%)

  RESPONSIVE:
    Requests: 30
    Latency P95: 245448.74 ms
    Latency P99: 260033.48 ms
    SLA Met: [X] (compliance: 0.0%)

  BATCH:
    Requests: 32
    Latency P95: 163169.51 ms
    Latency P99: 258076.09 ms
    SLA Met: [X] (compliance: 0.0%)

================================================================================
NOTES:
  - Pure storage I/O benchmark (no generation simulation)
================================================================================

Integrated Multi-User KV Cache Benchmark - MLPerf Edition
Model: Llama 3.1 70B Instruct
GPU Memory: 0 GB
Users: 70
Duration: 300s
Seed: 205
Generation Mode: none (0.0ms/token)
Features:
  - Phase-Aware Processing: Enabled
  - Multi-turn Conversations: Enabled
  - Prefix Caching: Enabled
  - RAG Workload: Disabled
  - Autoscaling: Disabled
  - QoS Support: Enabled (Interactive/Responsive/Batch)
  - Trace-Driven (BurstGPT): Disabled
  - ShareGPT Dataset: Disabled
  - Max Concurrent Allocations: 4 (bounds RAM usage)
================================================================================

User Context Length Distribution:
  Min: 733 tokens (229.06MiB)
  Max: 22088 tokens (6902.50MiB)
  Mean: 8784 tokens (2744.95MiB)

QoS Distribution:
  interactive: 14 users
  responsive: 24 users
  batch: 32 users

### MEMORY SAFETY CHECK ###
  Formula: peak = (workers x 2 x mean_entry_bytes) + baseline
         = (70 x 2 x 2500MiB) + 2.5GiB
         = 344.3GiB
  Available RAM: 989.8GiB
  Mean entry size: 2500MiB  (8000 tok x 327,680 B/tok)
  Peak per thread: 5000MiB  (np.load + np.array copy)
  Worker threads: 70
  Safe concurrent readers: ~202  = (available - baseline) / peak_per_thread
  Status: OK

Starting benchmark... Mode: standard (prefill+decode)
--------------------------------------------------------------------------------

================================================================================
BENCHMARK RESULTS - MLPerf KV Cache Storage Benchmark
Generation Mode: none (0.0ms/token)
================================================================================

IMPORTANT: All storage latencies below are measured per KV cache BLOCK,
not per token or per disk page.  Each block holds the full KV state for
one request (all layers, all heads, full sequence length).
  Model KV bytes/token: 327,680 bytes (320.0KiB)
  Entries in cache: 258
  Block size min:   93.4MiB
  Block size mean:  1478.3MiB
  Block size P95:   4232.6MiB
  Block size max:   6688.4MiB
  A 200MiB block at 1GiB/s NVMe read = ~200 ms device latency.
  Compare latencies against block sizes, not against 4KiB page I/O.


### OVERALL PERFORMANCE ###
Requests Completed: 246
Total Tokens Generated: 41189
Throughput (wall-clock): 137.30 tokens/sec
Throughput (storage I/O): 5.08 tokens/sec
Requests/sec: 0.82

### END-TO-END LATENCY (Queue Wait + Storage I/O + Generation) ###
  Mean: 200231.67 ms
  P50:  218872.30 ms
  P95:  385676.87 ms
  P99:  398107.68 ms

### PER-REQUEST STORAGE LATENCY (All I/O ops for one request) ###
  Mean: 32980.50 ms
  P50:  14011.66 ms
  P95:  127678.07 ms
  P99:  171923.28 ms
  (= 1 prefill write + N decode reads per request)

### STORAGE PERFORMANCE ###
  Cache Hit Rate: 82.5%
  Total Read: 2012.18GiB
  Total Write: 372.47GiB
  Read/Write Ratio: 5.40
  Storage KV Read Operations/sec: 5.11
  Storage KV Write Operations/sec: 0.86

### CACHE TIER DISTRIBUTION ###
  GPU Entries: 0 (0.00GiB)
  CPU Entries: 0 (0.00GiB)
  Storage Entries: 258

### TIER-SPECIFIC KV BYTES ###
  Storage KV Bytes Written: 372.47GiB
  Storage KV Bytes Read: 2012.18GiB

### STORAGE KV BANDWIDTH ###
  Storage KV Read Bandwidth: 6.71GiB/s
  Storage KV Write Bandwidth: 1.24GiB/s

### TIER-SPECIFIC LATENCIES (Total = Host + Device) ###
  Storage Read P95 (Total): 18162.09 ms
  Storage Write P95 (Total): 10661.68 ms

### STORAGE TIER LATENCY BREAKDOWN (Device = Disk I/O, Host = Serialization) ###
  Storage Read:
    - Device P95 (Disk I/O): 14861.36 ms
    - Host P95 (Serialization): 4468.05 ms
    - Total P95: 18162.09 ms
  Storage Write:
    - Device P95 (Disk I/O): 355.53 ms
    - Host P95 (Serialization): 10508.19 ms
    - Total P95: 10661.68 ms

### CACHE TYPE BREAKDOWNS ###
  System Prompt Hits: 308
  Common Phrase Hits: 0
  User Cache Hits: 1196
  Multi-turn Hits: 28

### PREFIX CACHING ###
  Prefix Hits: 58
  Prefix Misses: 200
  System Prompt Reuse: 58
  Bytes Saved: 0.12GiB

### MULTI-TURN CONVERSATIONS ###
  Multi-turn Cache Hits: 28
  Multi-turn Cache Misses: 266
  Multi-turn Hit Rate: 9.5%

### QOS LATENCY METRICS (Informational - includes simulated generation) ###

  INTERACTIVE:
    Requests: 190
    Latency P95: 386350.04 ms
    Latency P99: 398517.39 ms
    SLA Met: [X] (compliance: 0.0%)

  RESPONSIVE:
    Requests: 25
    Latency P95: 119680.13 ms
    Latency P99: 198266.38 ms
    SLA Met: [X] (compliance: 0.0%)

  BATCH:
    Requests: 31
    Latency P95: 240365.75 ms
    Latency P99: 344361.39 ms
    SLA Met: [X] (compliance: 0.0%)

================================================================================
NOTES:
  - Pure storage I/O benchmark (no generation simulation)
================================================================================

Integrated Multi-User KV Cache Benchmark - MLPerf Edition
Model: Llama 3.1 70B Instruct
GPU Memory: 0 GB
Users: 70
Duration: 300s
Seed: 243
Generation Mode: none (0.0ms/token)
Features:
  - Phase-Aware Processing: Enabled
  - Multi-turn Conversations: Enabled
  - Prefix Caching: Enabled
  - RAG Workload: Disabled
  - Autoscaling: Disabled
  - QoS Support: Enabled (Interactive/Responsive/Batch)
  - Trace-Driven (BurstGPT): Disabled
  - ShareGPT Dataset: Disabled
  - Max Concurrent Allocations: 4 (bounds RAM usage)
================================================================================

User Context Length Distribution:
  Min: 527 tokens (164.69MiB)
  Max: 24598 tokens (7686.88MiB)
  Mean: 9254 tokens (2891.99MiB)

QoS Distribution:
  interactive: 12 users
  responsive: 28 users
  batch: 30 users

### MEMORY SAFETY CHECK ###
  Formula: peak = (workers x 2 x mean_entry_bytes) + baseline
         = (70 x 2 x 2500MiB) + 2.5GiB
         = 344.3GiB
  Available RAM: 988.9GiB
  Mean entry size: 2500MiB  (8000 tok x 327,680 B/tok)
  Peak per thread: 5000MiB  (np.load + np.array copy)
  Worker threads: 70
  Safe concurrent readers: ~202  = (available - baseline) / peak_per_thread
  Status: OK

Starting benchmark... Mode: standard (prefill+decode)
--------------------------------------------------------------------------------

================================================================================
BENCHMARK RESULTS - MLPerf KV Cache Storage Benchmark
Generation Mode: none (0.0ms/token)
================================================================================

IMPORTANT: All storage latencies below are measured per KV cache BLOCK,
not per token or per disk page.  Each block holds the full KV state for
one request (all layers, all heads, full sequence length).
  Model KV bytes/token: 327,680 bytes (320.0KiB)
  Entries in cache: 240
  Block size min:   103.8MiB
  Block size mean:  1926.1MiB
  Block size P95:   4445.2MiB
  Block size max:   5373.1MiB
  A 200MiB block at 1GiB/s NVMe read = ~200 ms device latency.
  Compare latencies against block sizes, not against 4KiB page I/O.


### OVERALL PERFORMANCE ###
Requests Completed: 233
Total Tokens Generated: 37484
Throughput (wall-clock): 124.94 tokens/sec
Throughput (storage I/O): 4.86 tokens/sec
Requests/sec: 0.78

### END-TO-END LATENCY (Queue Wait + Storage I/O + Generation) ###
  Mean: 197231.08 ms
  P50:  199401.28 ms
  P95:  389666.53 ms
  P99:  402326.48 ms

### PER-REQUEST STORAGE LATENCY (All I/O ops for one request) ###
  Mean: 33134.05 ms
  P50:  18201.83 ms
  P95:  102097.50 ms
  P99:  139279.71 ms
  (= 1 prefill write + N decode reads per request)

### STORAGE PERFORMANCE ###
  Cache Hit Rate: 81.9%
  Total Read: 1899.04GiB
  Total Write: 451.42GiB
  Read/Write Ratio: 4.21
  Storage KV Read Operations/sec: 4.21
  Storage KV Write Operations/sec: 0.80

### CACHE TIER DISTRIBUTION ###
  GPU Entries: 0 (0.00GiB)
  CPU Entries: 0 (0.00GiB)
  Storage Entries: 240

### TIER-SPECIFIC KV BYTES ###
  Storage KV Bytes Written: 451.42GiB
  Storage KV Bytes Read: 1899.04GiB

### STORAGE KV BANDWIDTH ###
  Storage KV Read Bandwidth: 6.33GiB/s
  Storage KV Write Bandwidth: 1.50GiB/s

### TIER-SPECIFIC LATENCIES (Total = Host + Device) ###
  Storage Read P95 (Total): 17506.90 ms
  Storage Write P95 (Total): 11290.21 ms

### STORAGE TIER LATENCY BREAKDOWN (Device = Disk I/O, Host = Serialization) ###
  Storage Read:
    - Device P95 (Disk I/O): 14534.87 ms
    - Host P95 (Serialization): 4892.68 ms
    - Total P95: 17506.90 ms
  Storage Write:
    - Device P95 (Disk I/O): 1095.08 ms
    - Host P95 (Serialization): 10897.06 ms
    - Total P95: 11290.21 ms

### CACHE TYPE BREAKDOWNS ###
  System Prompt Hits: 240
  Common Phrase Hits: 0
  User Cache Hits: 995
  Multi-turn Hits: 27

### PREFIX CACHING ###
  Prefix Hits: 46
  Prefix Misses: 194
  System Prompt Reuse: 46
  Bytes Saved: 0.09GiB

### MULTI-TURN CONVERSATIONS ###
  Multi-turn Cache Hits: 27
  Multi-turn Cache Misses: 232
  Multi-turn Hit Rate: 10.4%

### QOS LATENCY METRICS (Informational - includes simulated generation) ###

  INTERACTIVE:
    Requests: 177
    Latency P95: 392492.04 ms
    Latency P99: 403208.36 ms
    SLA Met: [X] (compliance: 0.0%)

  RESPONSIVE:
    Requests: 31
    Latency P95: 132109.48 ms
    Latency P99: 225108.82 ms
    SLA Met: [X] (compliance: 0.0%)

  BATCH:
    Requests: 25
    Latency P95: 208531.96 ms
    Latency P99: 282030.17 ms
    SLA Met: [X] (compliance: 0.0%)

================================================================================
NOTES:
  - Pure storage I/O benchmark (no generation simulation)
================================================================================

Integrated Multi-User KV Cache Benchmark - MLPerf Edition
Model: Llama 3.1 70B Instruct
GPU Memory: 0 GB
Users: 70
Duration: 300s
Seed: 241
Generation Mode: none (0.0ms/token)
Features:
  - Phase-Aware Processing: Enabled
  - Multi-turn Conversations: Enabled
  - Prefix Caching: Enabled
  - RAG Workload: Disabled
  - Autoscaling: Disabled
  - QoS Support: Enabled (Interactive/Responsive/Batch)
  - Trace-Driven (BurstGPT): Disabled
  - ShareGPT Dataset: Disabled
  - Max Concurrent Allocations: 4 (bounds RAM usage)
================================================================================

User Context Length Distribution:
  Min: 548 tokens (171.25MiB)
  Max: 24600 tokens (7687.50MiB)
  Mean: 9306 tokens (2908.20MiB)

QoS Distribution:
  interactive: 15 users
  responsive: 24 users
  batch: 31 users

### MEMORY SAFETY CHECK ###
  Formula: peak = (workers x 2 x mean_entry_bytes) + baseline
         = (70 x 2 x 2500MiB) + 2.5GiB
         = 344.3GiB
  Available RAM: 989.9GiB
  Mean entry size: 2500MiB  (8000 tok x 327,680 B/tok)
  Peak per thread: 5000MiB  (np.load + np.array copy)
  Worker threads: 70
  Safe concurrent readers: ~202  = (available - baseline) / peak_per_thread
  Status: OK

Starting benchmark... Mode: standard (prefill+decode)
--------------------------------------------------------------------------------

================================================================================
BENCHMARK RESULTS - MLPerf KV Cache Storage Benchmark
Generation Mode: none (0.0ms/token)
================================================================================

IMPORTANT: All storage latencies below are measured per KV cache BLOCK,
not per token or per disk page.  Each block holds the full KV state for
one request (all layers, all heads, full sequence length).
  Model KV bytes/token: 327,680 bytes (320.0KiB)
  Entries in cache: 248
  Block size min:   81.2MiB
  Block size mean:  1412.9MiB
  Block size P95:   4228.2MiB
  Block size max:   6088.1MiB
  A 200MiB block at 1GiB/s NVMe read = ~200 ms device latency.
  Compare latencies against block sizes, not against 4KiB page I/O.


### OVERALL PERFORMANCE ###
Requests Completed: 240
Total Tokens Generated: 35209
Throughput (wall-clock): 109.71 tokens/sec
Throughput (storage I/O): 4.30 tokens/sec
Requests/sec: 0.75

### END-TO-END LATENCY (Queue Wait + Storage I/O + Generation) ###
  Mean: 186920.38 ms
  P50:  161085.63 ms
  P95:  392045.20 ms
  P99:  403215.35 ms

### PER-REQUEST STORAGE LATENCY (All I/O ops for one request) ###
  Mean: 34110.35 ms
  P50:  19362.51 ms
  P95:  121810.65 ms
  P99:  174979.25 ms
  (= 1 prefill write + N decode reads per request)

### STORAGE PERFORMANCE ###
  Cache Hit Rate: 82.2%
  Total Read: 1792.94GiB
  Total Write: 342.18GiB
  Read/Write Ratio: 5.24
  Storage KV Read Operations/sec: 4.72
  Storage KV Write Operations/sec: 0.83

### CACHE TIER DISTRIBUTION ###
  GPU Entries: 0 (0.00GiB)
  CPU Entries: 0 (0.00GiB)
  Storage Entries: 248

### TIER-SPECIFIC KV BYTES ###
  Storage KV Bytes Written: 342.18GiB
  Storage KV Bytes Read: 1792.94GiB

### STORAGE KV BANDWIDTH ###
  Storage KV Read Bandwidth: 5.59GiB/s
  Storage KV Write Bandwidth: 1.07GiB/s

### TIER-SPECIFIC LATENCIES (Total = Host + Device) ###
  Storage Read P95 (Total): 21208.68 ms
  Storage Write P95 (Total): 11424.82 ms

### STORAGE TIER LATENCY BREAKDOWN (Device = Disk I/O, Host = Serialization) ###
  Storage Read:
    - Device P95 (Disk I/O): 17071.20 ms
    - Host P95 (Serialization): 5298.41 ms
    - Total P95: 21208.68 ms
  Storage Write:
    - Device P95 (Disk I/O): 232.65 ms
    - Host P95 (Serialization): 10375.90 ms
    - Total P95: 11424.82 ms

### CACHE TYPE BREAKDOWNS ###
  System Prompt Hits: 293
  Common Phrase Hits: 0
  User Cache Hits: 1091
  Multi-turn Hits: 32

### PREFIX CACHING ###
  Prefix Hits: 50
  Prefix Misses: 198
  System Prompt Reuse: 50
  Bytes Saved: 0.10GiB

### MULTI-TURN CONVERSATIONS ###
  Multi-turn Cache Hits: 32
  Multi-turn Cache Misses: 256
  Multi-turn Hit Rate: 11.1%

### QOS LATENCY METRICS (Informational - includes simulated generation) ###

  INTERACTIVE:
    Requests: 182
    Latency P95: 396674.24 ms
    Latency P99: 403568.65 ms
    SLA Met: [X] (compliance: 0.0%)

  RESPONSIVE:
    Requests: 27
    Latency P95: 157646.05 ms
    Latency P99: 178382.62 ms
    SLA Met: [X] (compliance: 0.0%)

  BATCH:
    Requests: 31
    Latency P95: 129636.39 ms
    Latency P99: 148346.38 ms
    SLA Met: [X] (compliance: 0.0%)

================================================================================
NOTES:
  - Pure storage I/O benchmark (no generation simulation)
================================================================================

Integrated Multi-User KV Cache Benchmark - MLPerf Edition
Model: Llama 3.1 70B Instruct
GPU Memory: 0 GB
Users: 70
Duration: 300s
Seed: 229
Generation Mode: none (0.0ms/token)
Features:
  - Phase-Aware Processing: Enabled
  - Multi-turn Conversations: Enabled
  - Prefix Caching: Enabled
  - RAG Workload: Disabled
  - Autoscaling: Disabled
  - QoS Support: Enabled (Interactive/Responsive/Batch)
  - Trace-Driven (BurstGPT): Disabled
  - ShareGPT Dataset: Disabled
  - Max Concurrent Allocations: 4 (bounds RAM usage)
================================================================================

User Context Length Distribution:
  Min: 583 tokens (182.19MiB)
  Max: 24090 tokens (7528.12MiB)
  Mean: 9007 tokens (2814.54MiB)

QoS Distribution:
  interactive: 14 users
  responsive: 26 users
  batch: 30 users

### MEMORY SAFETY CHECK ###
  Formula: peak = (workers x 2 x mean_entry_bytes) + baseline
         = (70 x 2 x 2500MiB) + 2.5GiB
         = 344.3GiB
  Available RAM: 988.6GiB
  Mean entry size: 2500MiB  (8000 tok x 327,680 B/tok)
  Peak per thread: 5000MiB  (np.load + np.array copy)
  Worker threads: 70
  Safe concurrent readers: ~201  = (available - baseline) / peak_per_thread
  Status: OK

Starting benchmark... Mode: standard (prefill+decode)
--------------------------------------------------------------------------------

================================================================================
BENCHMARK RESULTS - MLPerf KV Cache Storage Benchmark
Generation Mode: none (0.0ms/token)
================================================================================

IMPORTANT: All storage latencies below are measured per KV cache BLOCK,
not per token or per disk page.  Each block holds the full KV state for
one request (all layers, all heads, full sequence length).
  Model KV bytes/token: 327,680 bytes (320.0KiB)
  Entries in cache: 248
  Block size min:   59.7MiB
  Block size mean:  1790.4MiB
  Block size P95:   5410.2MiB
  Block size max:   7010.3MiB
  A 200MiB block at 1GiB/s NVMe read = ~200 ms device latency.
  Compare latencies against block sizes, not against 4KiB page I/O.


### OVERALL PERFORMANCE ###
Requests Completed: 240
Total Tokens Generated: 40086
Throughput (wall-clock): 133.51 tokens/sec
Throughput (storage I/O): 5.69 tokens/sec
Requests/sec: 0.80

### END-TO-END LATENCY (Queue Wait + Storage I/O + Generation) ###
  Mean: 185338.76 ms
  P50:  167639.40 ms
  P95:  391799.73 ms
  P99:  396492.71 ms

### PER-REQUEST STORAGE LATENCY (All I/O ops for one request) ###
  Mean: 29348.95 ms
  P50:  14806.23 ms
  P95:  95247.66 ms
  P99:  142230.68 ms
  (= 1 prefill write + N decode reads per request)

### STORAGE PERFORMANCE ###
  Cache Hit Rate: 79.5%
  Total Read: 1767.58GiB
  Total Write: 433.61GiB
  Read/Write Ratio: 4.08
  Storage KV Read Operations/sec: 4.58
  Storage KV Write Operations/sec: 0.83

### CACHE TIER DISTRIBUTION ###
  GPU Entries: 0 (0.00GiB)
  CPU Entries: 0 (0.00GiB)
  Storage Entries: 248

### TIER-SPECIFIC KV BYTES ###
  Storage KV Bytes Written: 433.61GiB
  Storage KV Bytes Read: 1767.58GiB

### STORAGE KV BANDWIDTH ###
  Storage KV Read Bandwidth: 5.89GiB/s
  Storage KV Write Bandwidth: 1.44GiB/s

### TIER-SPECIFIC LATENCIES (Total = Host + Device) ###
  Storage Read P95 (Total): 14319.83 ms
  Storage Write P95 (Total): 11915.74 ms

### STORAGE TIER LATENCY BREAKDOWN (Device = Disk I/O, Host = Serialization) ###
  Storage Read:
    - Device P95 (Disk I/O): 12990.07 ms
    - Host P95 (Serialization): 3909.82 ms
    - Total P95: 14319.83 ms
  Storage Write:
    - Device P95 (Disk I/O): 464.41 ms
    - Host P95 (Serialization): 11646.36 ms
    - Total P95: 11915.74 ms

### CACHE TYPE BREAKDOWNS ###
  System Prompt Hits: 261
  Common Phrase Hits: 0
  User Cache Hits: 1091
  Multi-turn Hits: 21

### PREFIX CACHING ###
  Prefix Hits: 45
  Prefix Misses: 203
  System Prompt Reuse: 45
  Bytes Saved: 0.09GiB

### MULTI-TURN CONVERSATIONS ###
  Multi-turn Cache Hits: 21
  Multi-turn Cache Misses: 308
  Multi-turn Hit Rate: 6.4%

### QOS LATENCY METRICS (Informational - includes simulated generation) ###

  INTERACTIVE:
    Requests: 185
    Latency P95: 392656.65 ms
    Latency P99: 396976.20 ms
    SLA Met: [X] (compliance: 0.0%)

  RESPONSIVE:
    Requests: 33
    Latency P95: 158499.97 ms
    Latency P99: 181732.49 ms
    SLA Met: [X] (compliance: 0.0%)

  BATCH:
    Requests: 22
    Latency P95: 166224.73 ms
    Latency P99: 171879.57 ms
    SLA Met: [X] (compliance: 0.0%)

================================================================================
NOTES:
  - Pure storage I/O benchmark (no generation simulation)
================================================================================

Integrated Multi-User KV Cache Benchmark - MLPerf Edition
Model: Llama 3.1 70B Instruct
GPU Memory: 0 GB
Users: 70
Duration: 300s
Seed: 105
Generation Mode: none (0.0ms/token)
Features:
  - Phase-Aware Processing: Enabled
  - Multi-turn Conversations: Enabled
  - Prefix Caching: Enabled
  - RAG Workload: Disabled
  - Autoscaling: Disabled
  - QoS Support: Enabled (Interactive/Responsive/Batch)
  - Trace-Driven (BurstGPT): Disabled
  - ShareGPT Dataset: Disabled
  - Max Concurrent Allocations: 4 (bounds RAM usage)
================================================================================

User Context Length Distribution:
  Min: 572 tokens (178.75MiB)
  Max: 24213 tokens (7566.56MiB)
  Mean: 9349 tokens (2921.55MiB)

QoS Distribution:
  interactive: 7 users
  responsive: 21 users
  batch: 42 users

### MEMORY SAFETY CHECK ###
  Formula: peak = (workers x 2 x mean_entry_bytes) + baseline
         = (70 x 2 x 2500MiB) + 2.5GiB
         = 344.3GiB
  Available RAM: 989.7GiB
  Mean entry size: 2500MiB  (8000 tok x 327,680 B/tok)
  Peak per thread: 5000MiB  (np.load + np.array copy)
  Worker threads: 70
  Safe concurrent readers: ~202  = (available - baseline) / peak_per_thread
  Status: OK

Starting benchmark... Mode: standard (prefill+decode)
--------------------------------------------------------------------------------

================================================================================
BENCHMARK RESULTS - MLPerf KV Cache Storage Benchmark
Generation Mode: none (0.0ms/token)
================================================================================

IMPORTANT: All storage latencies below are measured per KV cache BLOCK,
not per token or per disk page.  Each block holds the full KV state for
one request (all layers, all heads, full sequence length).
  Model KV bytes/token: 327,680 bytes (320.0KiB)
  Entries in cache: 243
  Block size min:   69.1MiB
  Block size mean:  1822.0MiB
  Block size P95:   5502.2MiB
  Block size max:   7448.8MiB
  A 200MiB block at 1GiB/s NVMe read = ~200 ms device latency.
  Compare latencies against block sizes, not against 4KiB page I/O.


### OVERALL PERFORMANCE ###
Requests Completed: 235
Total Tokens Generated: 37325
Throughput (wall-clock): 124.41 tokens/sec
Throughput (storage I/O): 5.20 tokens/sec
Requests/sec: 0.78

### END-TO-END LATENCY (Queue Wait + Storage I/O + Generation) ###
  Mean: 204627.91 ms
  P50:  214694.89 ms
  P95:  378711.48 ms
  P99:  387764.64 ms

### PER-REQUEST STORAGE LATENCY (All I/O ops for one request) ###
  Mean: 30540.52 ms
  P50:  16071.01 ms
  P95:  98185.11 ms
  P99:  132487.75 ms
  (= 1 prefill write + N decode reads per request)

### STORAGE PERFORMANCE ###
  Cache Hit Rate: 79.8%
  Total Read: 1807.00GiB
  Total Write: 432.36GiB
  Read/Write Ratio: 4.18
  Storage KV Read Operations/sec: 4.26
  Storage KV Write Operations/sec: 0.81

### CACHE TIER DISTRIBUTION ###
  GPU Entries: 0 (0.00GiB)
  CPU Entries: 0 (0.00GiB)
  Storage Entries: 243

### TIER-SPECIFIC KV BYTES ###
  Storage KV Bytes Written: 432.36GiB
  Storage KV Bytes Read: 1807.00GiB

### STORAGE KV BANDWIDTH ###
  Storage KV Read Bandwidth: 6.02GiB/s
  Storage KV Write Bandwidth: 1.44GiB/s

### TIER-SPECIFIC LATENCIES (Total = Host + Device) ###
  Storage Read P95 (Total): 17448.17 ms
  Storage Write P95 (Total): 9910.26 ms

### STORAGE TIER LATENCY BREAKDOWN (Device = Disk I/O, Host = Serialization) ###
  Storage Read:
    - Device P95 (Disk I/O): 15343.03 ms
    - Host P95 (Serialization): 5497.98 ms
    - Total P95: 17448.17 ms
  Storage Write:
    - Device P95 (Disk I/O): 106.76 ms
    - Host P95 (Serialization): 9905.79 ms
    - Total P95: 9910.26 ms

### CACHE TYPE BREAKDOWNS ###
  System Prompt Hits: 244
  Common Phrase Hits: 0
  User Cache Hits: 1017
  Multi-turn Hits: 17

### PREFIX CACHING ###
  Prefix Hits: 47
  Prefix Misses: 196
  System Prompt Reuse: 47
  Bytes Saved: 0.10GiB

### MULTI-TURN CONVERSATIONS ###
  Multi-turn Cache Hits: 17
  Multi-turn Cache Misses: 276
  Multi-turn Hit Rate: 5.8%

### QOS LATENCY METRICS (Informational - includes simulated generation) ###

  INTERACTIVE:
    Requests: 170
    Latency P95: 381642.23 ms
    Latency P99: 389185.01 ms
    SLA Met: [X] (compliance: 0.0%)

  RESPONSIVE:
    Requests: 24
    Latency P95: 233001.30 ms
    Latency P99: 260746.05 ms
    SLA Met: [X] (compliance: 0.0%)

  BATCH:
    Requests: 41
    Latency P95: 177410.77 ms
    Latency P99: 216390.35 ms
    SLA Met: [X] (compliance: 0.0%)

================================================================================
NOTES:
  - Pure storage I/O benchmark (no generation simulation)
================================================================================

Integrated Multi-User KV Cache Benchmark - MLPerf Edition
Model: Llama 3.1 70B Instruct
GPU Memory: 0 GB
Users: 70
Duration: 300s
Seed: 108
Generation Mode: none (0.0ms/token)
Features:
  - Phase-Aware Processing: Enabled
  - Multi-turn Conversations: Enabled
  - Prefix Caching: Enabled
  - RAG Workload: Disabled
  - Autoscaling: Disabled
  - QoS Support: Enabled (Interactive/Responsive/Batch)
  - Trace-Driven (BurstGPT): Disabled
  - ShareGPT Dataset: Disabled
  - Max Concurrent Allocations: 4 (bounds RAM usage)
================================================================================

User Context Length Distribution:
  Min: 540 tokens (168.75MiB)
  Max: 24198 tokens (7561.88MiB)
  Mean: 8420 tokens (2631.31MiB)

QoS Distribution:
  interactive: 10 users
  responsive: 24 users
  batch: 36 users

### MEMORY SAFETY CHECK ###
  Formula: peak = (workers x 2 x mean_entry_bytes) + baseline
         = (70 x 2 x 2500MiB) + 2.5GiB
         = 344.3GiB
  Available RAM: 989.8GiB
  Mean entry size: 2500MiB  (8000 tok x 327,680 B/tok)
  Peak per thread: 5000MiB  (np.load + np.array copy)
  Worker threads: 70
  Safe concurrent readers: ~202  = (available - baseline) / peak_per_thread
  Status: OK

Starting benchmark... Mode: standard (prefill+decode)
--------------------------------------------------------------------------------

================================================================================
BENCHMARK RESULTS - MLPerf KV Cache Storage Benchmark
Generation Mode: none (0.0ms/token)
================================================================================

IMPORTANT: All storage latencies below are measured per KV cache BLOCK,
not per token or per disk page.  Each block holds the full KV state for
one request (all layers, all heads, full sequence length).
  Model KV bytes/token: 327,680 bytes (320.0KiB)
  Entries in cache: 243
  Block size min:   76.2MiB
  Block size mean:  1521.2MiB
  Block size P95:   4357.2MiB
  Block size max:   5764.4MiB
  A 200MiB block at 1GiB/s NVMe read = ~200 ms device latency.
  Compare latencies against block sizes, not against 4KiB page I/O.


### OVERALL PERFORMANCE ###
Requests Completed: 238
Total Tokens Generated: 34811
Throughput (wall-clock): 116.04 tokens/sec
Throughput (storage I/O): 4.55 tokens/sec
Requests/sec: 0.79

### END-TO-END LATENCY (Queue Wait + Storage I/O + Generation) ###
  Mean: 184708.48 ms
  P50:  163043.34 ms
  P95:  393169.40 ms
  P99:  400608.61 ms

### PER-REQUEST STORAGE LATENCY (All I/O ops for one request) ###
  Mean: 32144.51 ms
  P50:  13910.77 ms
  P95:  108437.61 ms
  P99:  223626.73 ms
  (= 1 prefill write + N decode reads per request)

### STORAGE PERFORMANCE ###
  Cache Hit Rate: 79.4%
  Total Read: 1554.61GiB
  Total Write: 360.98GiB
  Read/Write Ratio: 4.31
  Storage KV Read Operations/sec: 4.08
  Storage KV Write Operations/sec: 0.81

### CACHE TIER DISTRIBUTION ###
  GPU Entries: 0 (0.00GiB)
  CPU Entries: 0 (0.00GiB)
  Storage Entries: 243

### TIER-SPECIFIC KV BYTES ###
  Storage KV Bytes Written: 360.98GiB
  Storage KV Bytes Read: 1554.61GiB

### STORAGE KV BANDWIDTH ###
  Storage KV Read Bandwidth: 5.18GiB/s
  Storage KV Write Bandwidth: 1.20GiB/s

### TIER-SPECIFIC LATENCIES (Total = Host + Device) ###
  Storage Read P95 (Total): 20425.71 ms
  Storage Write P95 (Total): 10442.27 ms

### STORAGE TIER LATENCY BREAKDOWN (Device = Disk I/O, Host = Serialization) ###
  Storage Read:
    - Device P95 (Disk I/O): 16930.67 ms
    - Host P95 (Serialization): 6061.30 ms
    - Total P95: 20425.71 ms
  Storage Write:
    - Device P95 (Disk I/O): 435.01 ms
    - Host P95 (Serialization): 10426.88 ms
    - Total P95: 10442.27 ms

### CACHE TYPE BREAKDOWNS ###
  System Prompt Hits: 234
  Common Phrase Hits: 0
  User Cache Hits: 946
  Multi-turn Hits: 45

### PREFIX CACHING ###
  Prefix Hits: 55
  Prefix Misses: 188
  System Prompt Reuse: 55
  Bytes Saved: 0.11GiB

### MULTI-TURN CONVERSATIONS ###
  Multi-turn Cache Hits: 45
  Multi-turn Cache Misses: 263
  Multi-turn Hit Rate: 14.6%

### QOS LATENCY METRICS (Informational - includes simulated generation) ###

  INTERACTIVE:
    Requests: 179
    Latency P95: 394470.88 ms
    Latency P99: 401843.06 ms
    SLA Met: [X] (compliance: 0.0%)

  RESPONSIVE:
    Requests: 26
    Latency P95: 140714.76 ms
    Latency P99: 183699.32 ms
    SLA Met: [X] (compliance: 0.0%)

  BATCH:
    Requests: 33
    Latency P95: 93220.75 ms
    Latency P99: 118747.35 ms
    SLA Met: [X] (compliance: 0.0%)

================================================================================
NOTES:
  - Pure storage I/O benchmark (no generation simulation)
================================================================================

Integrated Multi-User KV Cache Benchmark - MLPerf Edition
Model: Llama 3.1 70B Instruct
GPU Memory: 0 GB
Users: 70
Duration: 300s
Seed: 164
Generation Mode: none (0.0ms/token)
Features:
  - Phase-Aware Processing: Enabled
  - Multi-turn Conversations: Enabled
  - Prefix Caching: Enabled
  - RAG Workload: Disabled
  - Autoscaling: Disabled
  - QoS Support: Enabled (Interactive/Responsive/Batch)
  - Trace-Driven (BurstGPT): Disabled
  - ShareGPT Dataset: Disabled
  - Max Concurrent Allocations: 4 (bounds RAM usage)
================================================================================

User Context Length Distribution:
  Min: 644 tokens (201.25MiB)
  Max: 24685 tokens (7714.06MiB)
  Mean: 9310 tokens (2909.24MiB)

QoS Distribution:
  interactive: 19 users
  responsive: 20 users
  batch: 31 users

### MEMORY SAFETY CHECK ###
  Formula: peak = (workers x 2 x mean_entry_bytes) + baseline
         = (70 x 2 x 2500MiB) + 2.5GiB
         = 344.3GiB
  Available RAM: 988.9GiB
  Mean entry size: 2500MiB  (8000 tok x 327,680 B/tok)
  Peak per thread: 5000MiB  (np.load + np.array copy)
  Worker threads: 70
  Safe concurrent readers: ~202  = (available - baseline) / peak_per_thread
  Status: OK

Starting benchmark... Mode: standard (prefill+decode)
--------------------------------------------------------------------------------

================================================================================
BENCHMARK RESULTS - MLPerf KV Cache Storage Benchmark
Generation Mode: none (0.0ms/token)
================================================================================

IMPORTANT: All storage latencies below are measured per KV cache BLOCK,
not per token or per disk page.  Each block holds the full KV state for
one request (all layers, all heads, full sequence length).
  Model KV bytes/token: 327,680 bytes (320.0KiB)
  Entries in cache: 251
  Block size min:   58.8MiB
  Block size mean:  1796.0MiB
  Block size P95:   5374.4MiB
  Block size max:   7491.6MiB
  A 200MiB block at 1GiB/s NVMe read = ~200 ms device latency.
  Compare latencies against block sizes, not against 4KiB page I/O.


### OVERALL PERFORMANCE ###
Requests Completed: 239
Total Tokens Generated: 37738
Throughput (wall-clock): 125.79 tokens/sec
Throughput (storage I/O): 6.40 tokens/sec
Requests/sec: 0.80

### END-TO-END LATENCY (Queue Wait + Storage I/O + Generation) ###
  Mean: 192878.15 ms
  P50:  195408.99 ms
  P95:  394036.79 ms
  P99:  403742.67 ms

### PER-REQUEST STORAGE LATENCY (All I/O ops for one request) ###
  Mean: 24670.71 ms
  P50:  10016.64 ms
  P95:  91653.01 ms
  P99:  136946.03 ms
  (= 1 prefill write + N decode reads per request)

### STORAGE PERFORMANCE ###
  Cache Hit Rate: 79.9%
  Total Read: 1475.00GiB
  Total Write: 440.22GiB
  Read/Write Ratio: 3.35
  Storage KV Read Operations/sec: 3.91
  Storage KV Write Operations/sec: 0.84

### CACHE TIER DISTRIBUTION ###
  GPU Entries: 0 (0.00GiB)
  CPU Entries: 0 (0.00GiB)
  Storage Entries: 251

### TIER-SPECIFIC KV BYTES ###
  Storage KV Bytes Written: 440.22GiB
  Storage KV Bytes Read: 1475.00GiB

### STORAGE KV BANDWIDTH ###
  Storage KV Read Bandwidth: 4.92GiB/s
  Storage KV Write Bandwidth: 1.47GiB/s

### TIER-SPECIFIC LATENCIES (Total = Host + Device) ###
  Storage Read P95 (Total): 18593.01 ms
  Storage Write P95 (Total): 11267.77 ms

### STORAGE TIER LATENCY BREAKDOWN (Device = Disk I/O, Host = Serialization) ###
  Storage Read:
    - Device P95 (Disk I/O): 14101.38 ms
    - Host P95 (Serialization): 4968.35 ms
    - Total P95: 18593.01 ms
  Storage Write:
    - Device P95 (Disk I/O): 470.62 ms
    - Host P95 (Serialization): 11252.25 ms
    - Total P95: 11267.77 ms

### CACHE TYPE BREAKDOWNS ###
  System Prompt Hits: 205
  Common Phrase Hits: 0
  User Cache Hits: 934
  Multi-turn Hits: 33

### PREFIX CACHING ###
  Prefix Hits: 43
  Prefix Misses: 208
  System Prompt Reuse: 43
  Bytes Saved: 0.08GiB

### MULTI-TURN CONVERSATIONS ###
  Multi-turn Cache Hits: 33
  Multi-turn Cache Misses: 252
  Multi-turn Hit Rate: 11.6%

### QOS LATENCY METRICS (Informational - includes simulated generation) ###

  INTERACTIVE:
    Requests: 192
    Latency P95: 399352.69 ms
    Latency P99: 404276.80 ms
    SLA Met: [X] (compliance: 0.0%)

  RESPONSIVE:
    Requests: 22
    Latency P95: 247117.53 ms
    Latency P99: 287651.09 ms
    SLA Met: [X] (compliance: 0.0%)

  BATCH:
    Requests: 25
    Latency P95: 87273.21 ms
    Latency P99: 180172.93 ms
    SLA Met: [X] (compliance: 0.0%)

================================================================================
NOTES:
  - Pure storage I/O benchmark (no generation simulation)
================================================================================

Integrated Multi-User KV Cache Benchmark - MLPerf Edition
Model: Llama 3.1 70B Instruct
GPU Memory: 0 GB
Users: 70
Duration: 300s
Seed: 152
Generation Mode: none (0.0ms/token)
Features:
  - Phase-Aware Processing: Enabled
  - Multi-turn Conversations: Enabled
  - Prefix Caching: Enabled
  - RAG Workload: Disabled
  - Autoscaling: Disabled
  - QoS Support: Enabled (Interactive/Responsive/Batch)
  - Trace-Driven (BurstGPT): Disabled
  - ShareGPT Dataset: Disabled
  - Max Concurrent Allocations: 4 (bounds RAM usage)
================================================================================

User Context Length Distribution:
  Min: 769 tokens (240.31MiB)
  Max: 24100 tokens (7531.25MiB)
  Mean: 8791 tokens (2747.34MiB)

QoS Distribution:
  interactive: 7 users
  responsive: 30 users
  batch: 33 users

### MEMORY SAFETY CHECK ###
  Formula: peak = (workers x 2 x mean_entry_bytes) + baseline
         = (70 x 2 x 2500MiB) + 2.5GiB
         = 344.3GiB
  Available RAM: 989.9GiB
  Mean entry size: 2500MiB  (8000 tok x 327,680 B/tok)
  Peak per thread: 5000MiB  (np.load + np.array copy)
  Worker threads: 70
  Safe concurrent readers: ~202  = (available - baseline) / peak_per_thread
  Status: OK

Starting benchmark... Mode: standard (prefill+decode)
--------------------------------------------------------------------------------

================================================================================
BENCHMARK RESULTS - MLPerf KV Cache Storage Benchmark
Generation Mode: none (0.0ms/token)
================================================================================

IMPORTANT: All storage latencies below are measured per KV cache BLOCK,
not per token or per disk page.  Each block holds the full KV state for
one request (all layers, all heads, full sequence length).
  Model KV bytes/token: 327,680 bytes (320.0KiB)
  Entries in cache: 254
  Block size min:   94.1MiB
  Block size mean:  1790.3MiB
  Block size P95:   5012.5MiB
  Block size max:   6277.8MiB
  A 200MiB block at 1GiB/s NVMe read = ~200 ms device latency.
  Compare latencies against block sizes, not against 4KiB page I/O.


### OVERALL PERFORMANCE ###
Requests Completed: 241
Total Tokens Generated: 42946
Throughput (wall-clock): 141.33 tokens/sec
Throughput (storage I/O): 5.71 tokens/sec
Requests/sec: 0.79

### END-TO-END LATENCY (Queue Wait + Storage I/O + Generation) ###
  Mean: 187833.63 ms
  P50:  199044.83 ms
  P95:  383672.41 ms
  P99:  393089.40 ms

### PER-REQUEST STORAGE LATENCY (All I/O ops for one request) ###
  Mean: 31183.59 ms
  P50:  21744.08 ms
  P95:  95307.91 ms
  P99:  148265.02 ms
  (= 1 prefill write + N decode reads per request)

### STORAGE PERFORMANCE ###
  Cache Hit Rate: 85.5%
  Total Read: 1926.68GiB
  Total Write: 444.07GiB
  Read/Write Ratio: 4.34
  Storage KV Read Operations/sec: 4.77
  Storage KV Write Operations/sec: 0.85

### CACHE TIER DISTRIBUTION ###
  GPU Entries: 0 (0.00GiB)
  CPU Entries: 0 (0.00GiB)
  Storage Entries: 254

### TIER-SPECIFIC KV BYTES ###
  Storage KV Bytes Written: 444.07GiB
  Storage KV Bytes Read: 1926.68GiB

### STORAGE KV BANDWIDTH ###
  Storage KV Read Bandwidth: 6.34GiB/s
  Storage KV Write Bandwidth: 1.46GiB/s

### TIER-SPECIFIC LATENCIES (Total = Host + Device) ###
  Storage Read P95 (Total): 16050.01 ms
  Storage Write P95 (Total): 10119.35 ms

### STORAGE TIER LATENCY BREAKDOWN (Device = Disk I/O, Host = Serialization) ###
  Storage Read:
    - Device P95 (Disk I/O): 13649.77 ms
    - Host P95 (Serialization): 3179.74 ms
    - Total P95: 16050.01 ms
  Storage Write:
    - Device P95 (Disk I/O): 537.92 ms
    - Host P95 (Serialization): 10100.16 ms
    - Total P95: 10119.35 ms

### CACHE TYPE BREAKDOWNS ###
  System Prompt Hits: 306
  Common Phrase Hits: 0
  User Cache Hits: 1110
  Multi-turn Hits: 14

### PREFIX CACHING ###
  Prefix Hits: 47
  Prefix Misses: 207
  System Prompt Reuse: 47
  Bytes Saved: 0.09GiB

### MULTI-TURN CONVERSATIONS ###
  Multi-turn Cache Hits: 14
  Multi-turn Cache Misses: 195
  Multi-turn Hit Rate: 6.7%

### QOS LATENCY METRICS (Informational - includes simulated generation) ###

  INTERACTIVE:
    Requests: 179
    Latency P95: 387249.43 ms
    Latency P99: 394524.06 ms
    SLA Met: [X] (compliance: 0.0%)

  RESPONSIVE:
    Requests: 33
    Latency P95: 180305.06 ms
    Latency P99: 207550.83 ms
    SLA Met: [X] (compliance: 0.0%)

  BATCH:
    Requests: 29
    Latency P95: 180531.36 ms
    Latency P99: 210629.04 ms
    SLA Met: [X] (compliance: 0.0%)

================================================================================
NOTES:
  - Pure storage I/O benchmark (no generation simulation)
================================================================================

Integrated Multi-User KV Cache Benchmark - MLPerf Edition
Model: Llama 3.1 70B Instruct
GPU Memory: 0 GB
Users: 70
Duration: 300s
Seed: 88
Generation Mode: none (0.0ms/token)
Features:
  - Phase-Aware Processing: Enabled
  - Multi-turn Conversations: Enabled
  - Prefix Caching: Enabled
  - RAG Workload: Disabled
  - Autoscaling: Disabled
  - QoS Support: Enabled (Interactive/Responsive/Batch)
  - Trace-Driven (BurstGPT): Disabled
  - ShareGPT Dataset: Disabled
  - Max Concurrent Allocations: 4 (bounds RAM usage)
================================================================================

User Context Length Distribution:
  Min: 861 tokens (269.06MiB)
  Max: 24240 tokens (7575.00MiB)
  Mean: 9740 tokens (3043.67MiB)

QoS Distribution:
  interactive: 11 users
  responsive: 30 users
  batch: 29 users

### MEMORY SAFETY CHECK ###
  Formula: peak = (workers x 2 x mean_entry_bytes) + baseline
         = (70 x 2 x 2500MiB) + 2.5GiB
         = 344.3GiB
  Available RAM: 989.8GiB
  Mean entry size: 2500MiB  (8000 tok x 327,680 B/tok)
  Peak per thread: 5000MiB  (np.load + np.array copy)
  Worker threads: 70
  Safe concurrent readers: ~202  = (available - baseline) / peak_per_thread
  Status: OK

Starting benchmark... Mode: standard (prefill+decode)
--------------------------------------------------------------------------------

================================================================================
BENCHMARK RESULTS - MLPerf KV Cache Storage Benchmark
Generation Mode: none (0.0ms/token)
================================================================================

IMPORTANT: All storage latencies below are measured per KV cache BLOCK,
not per token or per disk page.  Each block holds the full KV state for
one request (all layers, all heads, full sequence length).
  Model KV bytes/token: 327,680 bytes (320.0KiB)
  Entries in cache: 249
  Block size min:   67.5MiB
  Block size mean:  1696.2MiB
  Block size P95:   5303.5MiB
  Block size max:   6661.2MiB
  A 200MiB block at 1GiB/s NVMe read = ~200 ms device latency.
  Compare latencies against block sizes, not against 4KiB page I/O.


### OVERALL PERFORMANCE ###
Requests Completed: 239
Total Tokens Generated: 36214
Throughput (wall-clock): 120.58 tokens/sec
Throughput (storage I/O): 5.23 tokens/sec
Requests/sec: 0.80

### END-TO-END LATENCY (Queue Wait + Storage I/O + Generation) ###
  Mean: 191160.93 ms
  P50:  164879.55 ms
  P95:  392059.08 ms
  P99:  402239.41 ms

### PER-REQUEST STORAGE LATENCY (All I/O ops for one request) ###
  Mean: 28961.02 ms
  P50:  8336.48 ms
  P95:  109817.45 ms
  P99:  151484.78 ms
  (= 1 prefill write + N decode reads per request)

### STORAGE PERFORMANCE ###
  Cache Hit Rate: 80.5%
  Total Read: 1570.18GiB
  Total Write: 412.45GiB
  Read/Write Ratio: 3.81
  Storage KV Read Operations/sec: 4.13
  Storage KV Write Operations/sec: 0.83

### CACHE TIER DISTRIBUTION ###
  GPU Entries: 0 (0.00GiB)
  CPU Entries: 0 (0.00GiB)
  Storage Entries: 249

### TIER-SPECIFIC KV BYTES ###
  Storage KV Bytes Written: 412.45GiB
  Storage KV Bytes Read: 1570.18GiB

### STORAGE KV BANDWIDTH ###
  Storage KV Read Bandwidth: 5.23GiB/s
  Storage KV Write Bandwidth: 1.37GiB/s

### TIER-SPECIFIC LATENCIES (Total = Host + Device) ###
  Storage Read P95 (Total): 20403.62 ms
  Storage Write P95 (Total): 13331.02 ms

### STORAGE TIER LATENCY BREAKDOWN (Device = Disk I/O, Host = Serialization) ###
  Storage Read:
    - Device P95 (Disk I/O): 16629.83 ms
    - Host P95 (Serialization): 4577.41 ms
    - Total P95: 20403.62 ms
  Storage Write:
    - Device P95 (Disk I/O): 529.93 ms
    - Host P95 (Serialization): 12761.91 ms
    - Total P95: 13331.02 ms

### CACHE TYPE BREAKDOWNS ###
  System Prompt Hits: 188
  Common Phrase Hits: 0
  User Cache Hits: 1025
  Multi-turn Hits: 25

### PREFIX CACHING ###
  Prefix Hits: 39
  Prefix Misses: 210
  System Prompt Reuse: 39
  Bytes Saved: 0.08GiB

### MULTI-TURN CONVERSATIONS ###
  Multi-turn Cache Hits: 25
  Multi-turn Cache Misses: 260
  Multi-turn Hit Rate: 8.8%

### QOS LATENCY METRICS (Informational - includes simulated generation) ###

  INTERACTIVE:
    Requests: 180
    Latency P95: 396102.61 ms
    Latency P99: 403172.33 ms
    SLA Met: [X] (compliance: 0.0%)

  RESPONSIVE:
    Requests: 29
    Latency P95: 86975.81 ms
    Latency P99: 128137.11 ms
    SLA Met: [X] (compliance: 0.0%)

  BATCH:
    Requests: 30
    Latency P95: 146144.32 ms
    Latency P99: 215570.10 ms
    SLA Met: [X] (compliance: 0.0%)

================================================================================
NOTES:
  - Pure storage I/O benchmark (no generation simulation)
================================================================================

Integrated Multi-User KV Cache Benchmark - MLPerf Edition
Model: Llama 3.1 70B Instruct
GPU Memory: 0 GB
Users: 70
Duration: 300s
Seed: 112
Generation Mode: none (0.0ms/token)
Features:
  - Phase-Aware Processing: Enabled
  - Multi-turn Conversations: Enabled
  - Prefix Caching: Enabled
  - RAG Workload: Disabled
  - Autoscaling: Disabled
  - QoS Support: Enabled (Interactive/Responsive/Batch)
  - Trace-Driven (BurstGPT): Disabled
  - ShareGPT Dataset: Disabled
  - Max Concurrent Allocations: 4 (bounds RAM usage)
================================================================================

User Context Length Distribution:
  Min: 925 tokens (289.06MiB)
  Max: 23818 tokens (7443.12MiB)
  Mean: 8714 tokens (2722.98MiB)

QoS Distribution:
  interactive: 15 users
  responsive: 16 users
  batch: 39 users

### MEMORY SAFETY CHECK ###
  Formula: peak = (workers x 2 x mean_entry_bytes) + baseline
         = (70 x 2 x 2500MiB) + 2.5GiB
         = 344.3GiB
  Available RAM: 989.3GiB
  Mean entry size: 2500MiB  (8000 tok x 327,680 B/tok)
  Peak per thread: 5000MiB  (np.load + np.array copy)
  Worker threads: 70
  Safe concurrent readers: ~202  = (available - baseline) / peak_per_thread
  Status: OK

Starting benchmark... Mode: standard (prefill+decode)
--------------------------------------------------------------------------------

================================================================================
BENCHMARK RESULTS - MLPerf KV Cache Storage Benchmark
Generation Mode: none (0.0ms/token)
================================================================================

IMPORTANT: All storage latencies below are measured per KV cache BLOCK,
not per token or per disk page.  Each block holds the full KV state for
one request (all layers, all heads, full sequence length).
  Model KV bytes/token: 327,680 bytes (320.0KiB)
  Entries in cache: 238
  Block size min:   131.2MiB
  Block size mean:  1706.9MiB
  Block size P95:   5316.8MiB
  Block size max:   7259.1MiB
  A 200MiB block at 1GiB/s NVMe read = ~200 ms device latency.
  Compare latencies against block sizes, not against 4KiB page I/O.


### OVERALL PERFORMANCE ###
Requests Completed: 227
Total Tokens Generated: 38427
Throughput (wall-clock): 128.09 tokens/sec
Throughput (storage I/O): 4.67 tokens/sec
Requests/sec: 0.76

### END-TO-END LATENCY (Queue Wait + Storage I/O + Generation) ###
  Mean: 201495.12 ms
  P50:  180449.83 ms
  P95:  396933.87 ms
  P99:  406216.37 ms

### PER-REQUEST STORAGE LATENCY (All I/O ops for one request) ###
  Mean: 36283.52 ms
  P50:  17871.66 ms
  P95:  129771.80 ms
  P99:  209047.93 ms
  (= 1 prefill write + N decode reads per request)

### STORAGE PERFORMANCE ###
  Cache Hit Rate: 84.5%
  Total Read: 1911.24GiB
  Total Write: 396.73GiB
  Read/Write Ratio: 4.82
  Storage KV Read Operations/sec: 4.54
  Storage KV Write Operations/sec: 0.79

### CACHE TIER DISTRIBUTION ###
  GPU Entries: 0 (0.00GiB)
  CPU Entries: 0 (0.00GiB)
  Storage Entries: 238

### TIER-SPECIFIC KV BYTES ###
  Storage KV Bytes Written: 396.73GiB
  Storage KV Bytes Read: 1911.24GiB

### STORAGE KV BANDWIDTH ###
  Storage KV Read Bandwidth: 6.37GiB/s
  Storage KV Write Bandwidth: 1.32GiB/s

### TIER-SPECIFIC LATENCIES (Total = Host + Device) ###
  Storage Read P95 (Total): 20426.23 ms
  Storage Write P95 (Total): 16757.42 ms

### STORAGE TIER LATENCY BREAKDOWN (Device = Disk I/O, Host = Serialization) ###
  Storage Read:
    - Device P95 (Disk I/O): 18372.80 ms
    - Host P95 (Serialization): 5284.13 ms
    - Total P95: 20426.23 ms
  Storage Write:
    - Device P95 (Disk I/O): 253.23 ms
    - Host P95 (Serialization): 16750.54 ms
    - Total P95: 16757.42 ms

### CACHE TYPE BREAKDOWNS ###
  System Prompt Hits: 321
  Common Phrase Hits: 0
  User Cache Hits: 1023
  Multi-turn Hits: 17

### PREFIX CACHING ###
  Prefix Hits: 47
  Prefix Misses: 191
  System Prompt Reuse: 47
  Bytes Saved: 0.09GiB

### MULTI-TURN CONVERSATIONS ###
  Multi-turn Cache Hits: 17
  Multi-turn Cache Misses: 203
  Multi-turn Hit Rate: 7.7%

### QOS LATENCY METRICS (Informational - includes simulated generation) ###

  INTERACTIVE:
    Requests: 170
    Latency P95: 398913.85 ms
    Latency P99: 406583.65 ms
    SLA Met: [X] (compliance: 0.0%)

  RESPONSIVE:
    Requests: 17
    Latency P95: 135063.53 ms
    Latency P99: 144612.74 ms
    SLA Met: [X] (compliance: 0.0%)

  BATCH:
    Requests: 40
    Latency P95: 278869.97 ms
    Latency P99: 283799.42 ms
    SLA Met: [X] (compliance: 0.0%)

================================================================================
NOTES:
  - Pure storage I/O benchmark (no generation simulation)
================================================================================

Integrated Multi-User KV Cache Benchmark - MLPerf Edition
Model: Llama 3.1 70B Instruct
GPU Memory: 0 GB
Users: 70
Duration: 300s
Seed: 139
Generation Mode: none (0.0ms/token)
Features:
  - Phase-Aware Processing: Enabled
  - Multi-turn Conversations: Enabled
  - Prefix Caching: Enabled
  - RAG Workload: Disabled
  - Autoscaling: Disabled
  - QoS Support: Enabled (Interactive/Responsive/Batch)
  - Trace-Driven (BurstGPT): Disabled
  - ShareGPT Dataset: Disabled
  - Max Concurrent Allocations: 4 (bounds RAM usage)
================================================================================

User Context Length Distribution:
  Min: 609 tokens (190.31MiB)
  Max: 24272 tokens (7585.00MiB)
  Mean: 8776 tokens (2742.49MiB)

QoS Distribution:
  interactive: 13 users
  responsive: 22 users
  batch: 35 users

### MEMORY SAFETY CHECK ###
  Formula: peak = (workers x 2 x mean_entry_bytes) + baseline
         = (70 x 2 x 2500MiB) + 2.5GiB
         = 344.3GiB
  Available RAM: 991.5GiB
  Mean entry size: 2500MiB  (8000 tok x 327,680 B/tok)
  Peak per thread: 5000MiB  (np.load + np.array copy)
  Worker threads: 70
  Safe concurrent readers: ~202  = (available - baseline) / peak_per_thread
  Status: OK

Starting benchmark... Mode: standard (prefill+decode)
--------------------------------------------------------------------------------

================================================================================
BENCHMARK RESULTS - MLPerf KV Cache Storage Benchmark
Generation Mode: none (0.0ms/token)
================================================================================

IMPORTANT: All storage latencies below are measured per KV cache BLOCK,
not per token or per disk page.  Each block holds the full KV state for
one request (all layers, all heads, full sequence length).
  Model KV bytes/token: 327,680 bytes (320.0KiB)
  Entries in cache: 222
  Block size min:   66.6MiB
  Block size mean:  1960.2MiB
  Block size P95:   5278.0MiB
  Block size max:   6449.1MiB
  A 200MiB block at 1GiB/s NVMe read = ~200 ms device latency.
  Compare latencies against block sizes, not against 4KiB page I/O.


### OVERALL PERFORMANCE ###
Requests Completed: 213
Total Tokens Generated: 41922
Throughput (wall-clock): 139.57 tokens/sec
Throughput (storage I/O): 5.42 tokens/sec
Requests/sec: 0.71

### END-TO-END LATENCY (Queue Wait + Storage I/O + Generation) ###
  Mean: 199517.15 ms
  P50:  202937.98 ms
  P95:  399773.60 ms
  P99:  408701.55 ms

### PER-REQUEST STORAGE LATENCY (All I/O ops for one request) ###
  Mean: 36294.37 ms
  P50:  20925.72 ms
  P95:  116600.27 ms
  P99:  175448.48 ms
  (= 1 prefill write + N decode reads per request)

### STORAGE PERFORMANCE ###
  Cache Hit Rate: 80.3%
  Total Read: 1925.65GiB
  Total Write: 424.96GiB
  Read/Write Ratio: 4.53
  Storage KV Read Operations/sec: 4.49
  Storage KV Write Operations/sec: 0.74

### CACHE TIER DISTRIBUTION ###
  GPU Entries: 0 (0.00GiB)
  CPU Entries: 0 (0.00GiB)
  Storage Entries: 222

### TIER-SPECIFIC KV BYTES ###
  Storage KV Bytes Written: 424.96GiB
  Storage KV Bytes Read: 1925.65GiB

### STORAGE KV BANDWIDTH ###
  Storage KV Read Bandwidth: 6.41GiB/s
  Storage KV Write Bandwidth: 1.41GiB/s

### TIER-SPECIFIC LATENCIES (Total = Host + Device) ###
  Storage Read P95 (Total): 17199.66 ms
  Storage Write P95 (Total): 10855.54 ms

### STORAGE TIER LATENCY BREAKDOWN (Device = Disk I/O, Host = Serialization) ###
  Storage Read:
    - Device P95 (Disk I/O): 14830.55 ms
    - Host P95 (Serialization): 5214.15 ms
    - Total P95: 17199.66 ms
  Storage Write:
    - Device P95 (Disk I/O): 147.11 ms
    - Host P95 (Serialization): 10768.11 ms
    - Total P95: 10855.54 ms

### CACHE TYPE BREAKDOWNS ###
  System Prompt Hits: 297
  Common Phrase Hits: 0
  User Cache Hits: 1027
  Multi-turn Hits: 23

### PREFIX CACHING ###
  Prefix Hits: 50
  Prefix Misses: 172
  System Prompt Reuse: 50
  Bytes Saved: 0.10GiB

### MULTI-TURN CONVERSATIONS ###
  Multi-turn Cache Hits: 23
  Multi-turn Cache Misses: 281
  Multi-turn Hit Rate: 7.6%

### QOS LATENCY METRICS (Informational - includes simulated generation) ###

  INTERACTIVE:
    Requests: 155
    Latency P95: 402453.40 ms
    Latency P99: 409535.75 ms
    SLA Met: [X] (compliance: 0.0%)

  RESPONSIVE:
    Requests: 25
    Latency P95: 199028.21 ms
    Latency P99: 211337.09 ms
    SLA Met: [X] (compliance: 0.0%)

  BATCH:
    Requests: 33
    Latency P95: 118565.77 ms
    Latency P99: 194542.35 ms
    SLA Met: [X] (compliance: 0.0%)

================================================================================
NOTES:
  - Pure storage I/O benchmark (no generation simulation)
================================================================================

Integrated Multi-User KV Cache Benchmark - MLPerf Edition
Model: Llama 3.1 70B Instruct
GPU Memory: 0 GB
Users: 70
Duration: 300s
Seed: 89
Generation Mode: none (0.0ms/token)
Features:
  - Phase-Aware Processing: Enabled
  - Multi-turn Conversations: Enabled
  - Prefix Caching: Enabled
  - RAG Workload: Disabled
  - Autoscaling: Disabled
  - QoS Support: Enabled (Interactive/Responsive/Batch)
  - Trace-Driven (BurstGPT): Disabled
  - ShareGPT Dataset: Disabled
  - Max Concurrent Allocations: 4 (bounds RAM usage)
================================================================================

User Context Length Distribution:
  Min: 527 tokens (164.69MiB)
  Max: 24992 tokens (7810.00MiB)
  Mean: 9250 tokens (2890.54MiB)

QoS Distribution:
  interactive: 7 users
  responsive: 31 users
  batch: 32 users

### MEMORY SAFETY CHECK ###
  Formula: peak = (workers x 2 x mean_entry_bytes) + baseline
         = (70 x 2 x 2500MiB) + 2.5GiB
         = 344.3GiB
  Available RAM: 990.5GiB
  Mean entry size: 2500MiB  (8000 tok x 327,680 B/tok)
  Peak per thread: 5000MiB  (np.load + np.array copy)
  Worker threads: 70
  Safe concurrent readers: ~202  = (available - baseline) / peak_per_thread
  Status: OK

Starting benchmark... Mode: standard (prefill+decode)
--------------------------------------------------------------------------------

================================================================================
BENCHMARK RESULTS - MLPerf KV Cache Storage Benchmark
Generation Mode: none (0.0ms/token)
================================================================================

IMPORTANT: All storage latencies below are measured per KV cache BLOCK,
not per token or per disk page.  Each block holds the full KV state for
one request (all layers, all heads, full sequence length).
  Model KV bytes/token: 327,680 bytes (320.0KiB)
  Entries in cache: 237
  Block size min:   44.7MiB
  Block size mean:  1691.3MiB
  Block size P95:   4161.4MiB
  Block size max:   5312.8MiB
  A 200MiB block at 1GiB/s NVMe read = ~200 ms device latency.
  Compare latencies against block sizes, not against 4KiB page I/O.


### OVERALL PERFORMANCE ###
Requests Completed: 221
Total Tokens Generated: 39225
Throughput (wall-clock): 130.75 tokens/sec
Throughput (storage I/O): 5.13 tokens/sec
Requests/sec: 0.74

### END-TO-END LATENCY (Queue Wait + Storage I/O + Generation) ###
  Mean: 172734.06 ms
  P50:  146685.92 ms
  P95:  377770.97 ms
  P99:  388129.48 ms

### PER-REQUEST STORAGE LATENCY (All I/O ops for one request) ###
  Mean: 33912.94 ms
  P50:  10515.73 ms
  P95:  152215.27 ms
  P99:  181486.01 ms
  (= 1 prefill write + N decode reads per request)

### STORAGE PERFORMANCE ###
  Cache Hit Rate: 73.5%
  Total Read: 1966.58GiB
  Total Write: 391.44GiB
  Read/Write Ratio: 5.02
  Storage KV Read Operations/sec: 4.43
  Storage KV Write Operations/sec: 0.79

### CACHE TIER DISTRIBUTION ###
  GPU Entries: 0 (0.00GiB)
  CPU Entries: 0 (0.00GiB)
  Storage Entries: 237

### TIER-SPECIFIC KV BYTES ###
  Storage KV Bytes Written: 391.44GiB
  Storage KV Bytes Read: 1966.58GiB

### STORAGE KV BANDWIDTH ###
  Storage KV Read Bandwidth: 6.56GiB/s
  Storage KV Write Bandwidth: 1.30GiB/s

### TIER-SPECIFIC LATENCIES (Total = Host + Device) ###
  Storage Read P95 (Total): 18633.12 ms
  Storage Write P95 (Total): 11803.51 ms

### STORAGE TIER LATENCY BREAKDOWN (Device = Disk I/O, Host = Serialization) ###
  Storage Read:
    - Device P95 (Disk I/O): 16525.01 ms
    - Host P95 (Serialization): 4382.14 ms
    - Total P95: 18633.12 ms
  Storage Write:
    - Device P95 (Disk I/O): 625.38 ms
    - Host P95 (Serialization): 11670.08 ms
    - Total P95: 11803.51 ms

### CACHE TYPE BREAKDOWNS ###
  System Prompt Hits: 237
  Common Phrase Hits: 0
  User Cache Hits: 1013
  Multi-turn Hits: 79

### PREFIX CACHING ###
  Prefix Hits: 49
  Prefix Misses: 188
  System Prompt Reuse: 49
  Bytes Saved: 0.09GiB

### MULTI-TURN CONVERSATIONS ###
  Multi-turn Cache Hits: 79
  Multi-turn Cache Misses: 431
  Multi-turn Hit Rate: 15.5%

### QOS LATENCY METRICS (Informational - includes simulated generation) ###

  INTERACTIVE:
    Requests: 159
    Latency P95: 384014.76 ms
    Latency P99: 392173.70 ms
    SLA Met: [X] (compliance: 0.0%)

  RESPONSIVE:
    Requests: 28
    Latency P95: 129881.45 ms
    Latency P99: 154588.42 ms
    SLA Met: [X] (compliance: 0.0%)

  BATCH:
    Requests: 34
    Latency P95: 98043.99 ms
    Latency P99: 171430.64 ms
    SLA Met: [X] (compliance: 0.0%)

================================================================================
NOTES:
  - Pure storage I/O benchmark (no generation simulation)
================================================================================

Integrated Multi-User KV Cache Benchmark - MLPerf Edition
Model: Llama 3.1 70B Instruct
GPU Memory: 0 GB
Users: 70
Duration: 300s
Seed: 65
Generation Mode: none (0.0ms/token)
Features:
  - Phase-Aware Processing: Enabled
  - Multi-turn Conversations: Enabled
  - Prefix Caching: Enabled
  - RAG Workload: Disabled
  - Autoscaling: Disabled
  - QoS Support: Enabled (Interactive/Responsive/Batch)
  - Trace-Driven (BurstGPT): Disabled
  - ShareGPT Dataset: Disabled
  - Max Concurrent Allocations: 4 (bounds RAM usage)
================================================================================

User Context Length Distribution:
  Min: 781 tokens (244.06MiB)
  Max: 24738 tokens (7730.62MiB)
  Mean: 10472 tokens (3272.46MiB)

QoS Distribution:
  interactive: 9 users
  responsive: 23 users
  batch: 38 users

### MEMORY SAFETY CHECK ###
  Formula: peak = (workers x 2 x mean_entry_bytes) + baseline
         = (70 x 2 x 2500MiB) + 2.5GiB
         = 344.3GiB
  Available RAM: 989.4GiB
  Mean entry size: 2500MiB  (8000 tok x 327,680 B/tok)
  Peak per thread: 5000MiB  (np.load + np.array copy)
  Worker threads: 70
  Safe concurrent readers: ~202  = (available - baseline) / peak_per_thread
  Status: OK

Starting benchmark... Mode: standard (prefill+decode)
--------------------------------------------------------------------------------

================================================================================
BENCHMARK RESULTS - MLPerf KV Cache Storage Benchmark
Generation Mode: none (0.0ms/token)
================================================================================

IMPORTANT: All storage latencies below are measured per KV cache BLOCK,
not per token or per disk page.  Each block holds the full KV state for
one request (all layers, all heads, full sequence length).
  Model KV bytes/token: 327,680 bytes (320.0KiB)
  Entries in cache: 211
  Block size min:   74.7MiB
  Block size mean:  2060.9MiB
  Block size P95:   5578.0MiB
  Block size max:   7332.5MiB
  A 200MiB block at 1GiB/s NVMe read = ~200 ms device latency.
  Compare latencies against block sizes, not against 4KiB page I/O.


### OVERALL PERFORMANCE ###
Requests Completed: 203
Total Tokens Generated: 29377
Throughput (wall-clock): 96.42 tokens/sec
Throughput (storage I/O): 4.61 tokens/sec
Requests/sec: 0.67

### END-TO-END LATENCY (Queue Wait + Storage I/O + Generation) ###
  Mean: 207405.34 ms
  P50:  198971.03 ms
  P95:  401345.67 ms
  P99:  408244.63 ms

### PER-REQUEST STORAGE LATENCY (All I/O ops for one request) ###
  Mean: 31396.45 ms
  P50:  17954.93 ms
  P95:  96812.21 ms
  P99:  139211.81 ms
  (= 1 prefill write + N decode reads per request)

### STORAGE PERFORMANCE ###
  Cache Hit Rate: 78.3%
  Total Read: 1347.55GiB
  Total Write: 424.65GiB
  Read/Write Ratio: 3.17
  Storage KV Read Operations/sec: 3.23
  Storage KV Write Operations/sec: 0.70

### CACHE TIER DISTRIBUTION ###
  GPU Entries: 0 (0.00GiB)
  CPU Entries: 0 (0.00GiB)
  Storage Entries: 211

### TIER-SPECIFIC KV BYTES ###
  Storage KV Bytes Written: 424.65GiB
  Storage KV Bytes Read: 1347.55GiB

### STORAGE KV BANDWIDTH ###
  Storage KV Read Bandwidth: 4.42GiB/s
  Storage KV Write Bandwidth: 1.39GiB/s

### TIER-SPECIFIC LATENCIES (Total = Host + Device) ###
  Storage Read P95 (Total): 18499.67 ms
  Storage Write P95 (Total): 16457.92 ms

### STORAGE TIER LATENCY BREAKDOWN (Device = Disk I/O, Host = Serialization) ###
  Storage Read:
    - Device P95 (Disk I/O): 15960.49 ms
    - Host P95 (Serialization): 7128.53 ms
    - Total P95: 18499.67 ms
  Storage Write:
    - Device P95 (Disk I/O): 461.98 ms
    - Host P95 (Serialization): 15802.76 ms
    - Total P95: 16457.92 ms

### CACHE TYPE BREAKDOWNS ###
  System Prompt Hits: 178
  Common Phrase Hits: 0
  User Cache Hits: 772
  Multi-turn Hits: 18

### PREFIX CACHING ###
  Prefix Hits: 40
  Prefix Misses: 171
  System Prompt Reuse: 40
  Bytes Saved: 0.09GiB

### MULTI-TURN CONVERSATIONS ###
  Multi-turn Cache Hits: 18
  Multi-turn Cache Misses: 229
  Multi-turn Hit Rate: 7.3%

### QOS LATENCY METRICS (Informational - includes simulated generation) ###

  INTERACTIVE:
    Requests: 141
    Latency P95: 404163.24 ms
    Latency P99: 408744.60 ms
    SLA Met: [X] (compliance: 0.0%)

  RESPONSIVE:
    Requests: 19
    Latency P95: 200448.45 ms
    Latency P99: 229553.95 ms
    SLA Met: [X] (compliance: 0.0%)

  BATCH:
    Requests: 43
    Latency P95: 160132.34 ms
    Latency P99: 266044.84 ms
    SLA Met: [X] (compliance: 0.0%)

================================================================================
NOTES:
  - Pure storage I/O benchmark (no generation simulation)
================================================================================

Integrated Multi-User KV Cache Benchmark - MLPerf Edition
Model: Llama 3.1 70B Instruct
GPU Memory: 0 GB
Users: 70
Duration: 300s
Seed: 234
Generation Mode: none (0.0ms/token)
Features:
  - Phase-Aware Processing: Enabled
  - Multi-turn Conversations: Enabled
  - Prefix Caching: Enabled
  - RAG Workload: Disabled
  - Autoscaling: Disabled
  - QoS Support: Enabled (Interactive/Responsive/Batch)
  - Trace-Driven (BurstGPT): Disabled
  - ShareGPT Dataset: Disabled
  - Max Concurrent Allocations: 4 (bounds RAM usage)
================================================================================

User Context Length Distribution:
  Min: 794 tokens (248.12MiB)
  Max: 24561 tokens (7675.31MiB)
  Mean: 9507 tokens (2970.96MiB)

QoS Distribution:
  interactive: 12 users
  responsive: 22 users
  batch: 36 users

### MEMORY SAFETY CHECK ###
  Formula: peak = (workers x 2 x mean_entry_bytes) + baseline
         = (70 x 2 x 2500MiB) + 2.5GiB
         = 344.3GiB
  Available RAM: 989.2GiB
  Mean entry size: 2500MiB  (8000 tok x 327,680 B/tok)
  Peak per thread: 5000MiB  (np.load + np.array copy)
  Worker threads: 70
  Safe concurrent readers: ~202  = (available - baseline) / peak_per_thread
  Status: OK

Starting benchmark... Mode: standard (prefill+decode)
--------------------------------------------------------------------------------

================================================================================
BENCHMARK RESULTS - MLPerf KV Cache Storage Benchmark
Generation Mode: none (0.0ms/token)
================================================================================

IMPORTANT: All storage latencies below are measured per KV cache BLOCK,
not per token or per disk page.  Each block holds the full KV state for
one request (all layers, all heads, full sequence length).
  Model KV bytes/token: 327,680 bytes (320.0KiB)
  Entries in cache: 253
  Block size min:   75.0MiB
  Block size mean:  1581.7MiB
  Block size P95:   5286.0MiB
  Block size max:   7165.0MiB
  A 200MiB block at 1GiB/s NVMe read = ~200 ms device latency.
  Compare latencies against block sizes, not against 4KiB page I/O.


### OVERALL PERFORMANCE ###
Requests Completed: 245
Total Tokens Generated: 33952
Throughput (wall-clock): 111.02 tokens/sec
Throughput (storage I/O): 5.02 tokens/sec
Requests/sec: 0.80

### END-TO-END LATENCY (Queue Wait + Storage I/O + Generation) ###
  Mean: 197276.79 ms
  P50:  182848.39 ms
  P95:  390036.66 ms
  P99:  402610.95 ms

### PER-REQUEST STORAGE LATENCY (All I/O ops for one request) ###
  Mean: 27599.34 ms
  P50:  11415.86 ms
  P95:  106134.09 ms
  P99:  225889.01 ms
  (= 1 prefill write + N decode reads per request)

### STORAGE PERFORMANCE ###
  Cache Hit Rate: 76.8%
  Total Read: 1430.02GiB
  Total Write: 390.79GiB
  Read/Write Ratio: 3.66
  Storage KV Read Operations/sec: 4.15
  Storage KV Write Operations/sec: 0.84

### CACHE TIER DISTRIBUTION ###
  GPU Entries: 0 (0.00GiB)
  CPU Entries: 0 (0.00GiB)
  Storage Entries: 253

### TIER-SPECIFIC KV BYTES ###
  Storage KV Bytes Written: 390.79GiB
  Storage KV Bytes Read: 1430.02GiB

### STORAGE KV BANDWIDTH ###
  Storage KV Read Bandwidth: 4.68GiB/s
  Storage KV Write Bandwidth: 1.28GiB/s

### TIER-SPECIFIC LATENCIES (Total = Host + Device) ###
  Storage Read P95 (Total): 20370.33 ms
  Storage Write P95 (Total): 13626.88 ms

### STORAGE TIER LATENCY BREAKDOWN (Device = Disk I/O, Host = Serialization) ###
  Storage Read:
    - Device P95 (Disk I/O): 18177.59 ms
    - Host P95 (Serialization): 7004.46 ms
    - Total P95: 20370.33 ms
  Storage Write:
    - Device P95 (Disk I/O): 285.16 ms
    - Host P95 (Serialization): 13593.04 ms
    - Total P95: 13626.88 ms

### CACHE TYPE BREAKDOWNS ###
  System Prompt Hits: 274
  Common Phrase Hits: 0
  User Cache Hits: 961
  Multi-turn Hits: 11

### PREFIX CACHING ###
  Prefix Hits: 53
  Prefix Misses: 200
  System Prompt Reuse: 53
  Bytes Saved: 0.11GiB

### MULTI-TURN CONVERSATIONS ###
  Multi-turn Cache Hits: 11
  Multi-turn Cache Misses: 323
  Multi-turn Hit Rate: 3.3%

### QOS LATENCY METRICS (Informational - includes simulated generation) ###

  INTERACTIVE:
    Requests: 187
    Latency P95: 393630.21 ms
    Latency P99: 403399.18 ms
    SLA Met: [X] (compliance: 0.0%)

  RESPONSIVE:
    Requests: 19
    Latency P95: 152740.19 ms
    Latency P99: 157585.53 ms
    SLA Met: [X] (compliance: 0.0%)

  BATCH:
    Requests: 39
    Latency P95: 177829.62 ms
    Latency P99: 285718.12 ms
    SLA Met: [X] (compliance: 0.0%)

================================================================================
NOTES:
  - Pure storage I/O benchmark (no generation simulation)
================================================================================

Integrated Multi-User KV Cache Benchmark - MLPerf Edition
Model: Llama 3.1 70B Instruct
GPU Memory: 0 GB
Users: 70
Duration: 300s
Seed: 216
Generation Mode: none (0.0ms/token)
Features:
  - Phase-Aware Processing: Enabled
  - Multi-turn Conversations: Enabled
  - Prefix Caching: Enabled
  - RAG Workload: Disabled
  - Autoscaling: Disabled
  - QoS Support: Enabled (Interactive/Responsive/Batch)
  - Trace-Driven (BurstGPT): Disabled
  - ShareGPT Dataset: Disabled
  - Max Concurrent Allocations: 4 (bounds RAM usage)
================================================================================

User Context Length Distribution:
  Min: 555 tokens (173.44MiB)
  Max: 24914 tokens (7785.62MiB)
  Mean: 9121 tokens (2850.37MiB)

QoS Distribution:
  interactive: 9 users
  responsive: 19 users
  batch: 42 users

### MEMORY SAFETY CHECK ###
  Formula: peak = (workers x 2 x mean_entry_bytes) + baseline
         = (70 x 2 x 2500MiB) + 2.5GiB
         = 344.3GiB
  Available RAM: 987.2GiB
  Mean entry size: 2500MiB  (8000 tok x 327,680 B/tok)
  Peak per thread: 5000MiB  (np.load + np.array copy)
  Worker threads: 70
  Safe concurrent readers: ~201  = (available - baseline) / peak_per_thread
  Status: OK

Starting benchmark... Mode: standard (prefill+decode)
--------------------------------------------------------------------------------

================================================================================
BENCHMARK RESULTS - MLPerf KV Cache Storage Benchmark
Generation Mode: none (0.0ms/token)
================================================================================

IMPORTANT: All storage latencies below are measured per KV cache BLOCK,
not per token or per disk page.  Each block holds the full KV state for
one request (all layers, all heads, full sequence length).
  Model KV bytes/token: 327,680 bytes (320.0KiB)
  Entries in cache: 256
  Block size min:   60.9MiB
  Block size mean:  1513.6MiB
  Block size P95:   4213.7MiB
  Block size max:   5762.2MiB
  A 200MiB block at 1GiB/s NVMe read = ~200 ms device latency.
  Compare latencies against block sizes, not against 4KiB page I/O.


### OVERALL PERFORMANCE ###
Requests Completed: 251
Total Tokens Generated: 31955
Throughput (wall-clock): 106.43 tokens/sec
Throughput (storage I/O): 5.26 tokens/sec
Requests/sec: 0.84

### END-TO-END LATENCY (Queue Wait + Storage I/O + Generation) ###
  Mean: 185555.47 ms
  P50:  166254.24 ms
  P95:  392709.86 ms
  P99:  402243.64 ms

### PER-REQUEST STORAGE LATENCY (All I/O ops for one request) ###
  Mean: 24189.47 ms
  P50:  13261.64 ms
  P95:  83060.08 ms
  P99:  151740.12 ms
  (= 1 prefill write + N decode reads per request)

### STORAGE PERFORMANCE ###
  Cache Hit Rate: 72.6%
  Total Read: 1283.37GiB
  Total Write: 378.40GiB
  Read/Write Ratio: 3.39
  Storage KV Read Operations/sec: 3.66
  Storage KV Write Operations/sec: 0.85

### CACHE TIER DISTRIBUTION ###
  GPU Entries: 0 (0.00GiB)
  CPU Entries: 0 (0.00GiB)
  Storage Entries: 256

### TIER-SPECIFIC KV BYTES ###
  Storage KV Bytes Written: 378.40GiB
  Storage KV Bytes Read: 1283.37GiB

### STORAGE KV BANDWIDTH ###
  Storage KV Read Bandwidth: 4.27GiB/s
  Storage KV Write Bandwidth: 1.26GiB/s

### TIER-SPECIFIC LATENCIES (Total = Host + Device) ###
  Storage Read P95 (Total): 16976.90 ms
  Storage Write P95 (Total): 15527.36 ms

### STORAGE TIER LATENCY BREAKDOWN (Device = Disk I/O, Host = Serialization) ###
  Storage Read:
    - Device P95 (Disk I/O): 15477.22 ms
    - Host P95 (Serialization): 3143.69 ms
    - Total P95: 16976.90 ms
  Storage Write:
    - Device P95 (Disk I/O): 263.96 ms
    - Host P95 (Serialization): 15527.31 ms
    - Total P95: 15527.36 ms

### CACHE TYPE BREAKDOWNS ###
  System Prompt Hits: 221
  Common Phrase Hits: 0
  User Cache Hits: 845
  Multi-turn Hits: 32

### PREFIX CACHING ###
  Prefix Hits: 50
  Prefix Misses: 206
  System Prompt Reuse: 50
  Bytes Saved: 0.11GiB

### MULTI-TURN CONVERSATIONS ###
  Multi-turn Cache Hits: 32
  Multi-turn Cache Misses: 364
  Multi-turn Hit Rate: 8.1%

### QOS LATENCY METRICS (Informational - includes simulated generation) ###

  INTERACTIVE:
    Requests: 194
    Latency P95: 394233.44 ms
    Latency P99: 402367.87 ms
    SLA Met: [X] (compliance: 0.0%)

  RESPONSIVE:
    Requests: 28
    Latency P95: 161559.60 ms
    Latency P99: 215346.92 ms
    SLA Met: [X] (compliance: 0.0%)

  BATCH:
    Requests: 29
    Latency P95: 140487.13 ms
    Latency P99: 182323.85 ms
    SLA Met: [X] (compliance: 0.0%)

================================================================================
NOTES:
  - Pure storage I/O benchmark (no generation simulation)
================================================================================

Integrated Multi-User KV Cache Benchmark - MLPerf Edition
Model: Llama 3.1 70B Instruct
GPU Memory: 0 GB
Users: 70
Duration: 300s
Seed: 86
Generation Mode: none (0.0ms/token)
Features:
  - Phase-Aware Processing: Enabled
  - Multi-turn Conversations: Enabled
  - Prefix Caching: Enabled
  - RAG Workload: Disabled
  - Autoscaling: Disabled
  - QoS Support: Enabled (Interactive/Responsive/Batch)
  - Trace-Driven (BurstGPT): Disabled
  - ShareGPT Dataset: Disabled
  - Max Concurrent Allocations: 4 (bounds RAM usage)
================================================================================

User Context Length Distribution:
  Min: 824 tokens (257.50MiB)
  Max: 23130 tokens (7228.12MiB)
  Mean: 9120 tokens (2850.12MiB)

QoS Distribution:
  interactive: 8 users
  responsive: 24 users
  batch: 38 users

### MEMORY SAFETY CHECK ###
  Formula: peak = (workers x 2 x mean_entry_bytes) + baseline
         = (70 x 2 x 2500MiB) + 2.5GiB
         = 344.3GiB
  Available RAM: 989.2GiB
  Mean entry size: 2500MiB  (8000 tok x 327,680 B/tok)
  Peak per thread: 5000MiB  (np.load + np.array copy)
  Worker threads: 70
  Safe concurrent readers: ~202  = (available - baseline) / peak_per_thread
  Status: OK

Starting benchmark... Mode: standard (prefill+decode)
--------------------------------------------------------------------------------

================================================================================
BENCHMARK RESULTS - MLPerf KV Cache Storage Benchmark
Generation Mode: none (0.0ms/token)
================================================================================

IMPORTANT: All storage latencies below are measured per KV cache BLOCK,
not per token or per disk page.  Each block holds the full KV state for
one request (all layers, all heads, full sequence length).
  Model KV bytes/token: 327,680 bytes (320.0KiB)
  Entries in cache: 243
  Block size min:   125.3MiB
  Block size mean:  1785.4MiB
  Block size P95:   4729.5MiB
  Block size max:   6585.0MiB
  A 200MiB block at 1GiB/s NVMe read = ~200 ms device latency.
  Compare latencies against block sizes, not against 4KiB page I/O.


### OVERALL PERFORMANCE ###
Requests Completed: 229
Total Tokens Generated: 33440
Throughput (wall-clock): 109.03 tokens/sec
Throughput (storage I/O): 5.68 tokens/sec
Requests/sec: 0.75

### END-TO-END LATENCY (Queue Wait + Storage I/O + Generation) ###
  Mean: 183524.15 ms
  P50:  187259.39 ms
  P95:  386415.99 ms
  P99:  398306.99 ms

### PER-REQUEST STORAGE LATENCY (All I/O ops for one request) ###
  Mean: 25710.38 ms
  P50:  10492.70 ms
  P95:  97937.21 ms
  P99:  158635.85 ms
  (= 1 prefill write + N decode reads per request)

### STORAGE PERFORMANCE ###
  Cache Hit Rate: 71.2%
  Total Read: 1566.75GiB
  Total Write: 423.67GiB
  Read/Write Ratio: 3.70
  Storage KV Read Operations/sec: 3.92
  Storage KV Write Operations/sec: 0.81

### CACHE TIER DISTRIBUTION ###
  GPU Entries: 0 (0.00GiB)
  CPU Entries: 0 (0.00GiB)
  Storage Entries: 243

### TIER-SPECIFIC KV BYTES ###
  Storage KV Bytes Written: 423.67GiB
  Storage KV Bytes Read: 1566.75GiB

### STORAGE KV BANDWIDTH ###
  Storage KV Read Bandwidth: 5.11GiB/s
  Storage KV Write Bandwidth: 1.38GiB/s

### TIER-SPECIFIC LATENCIES (Total = Host + Device) ###
  Storage Read P95 (Total): 16097.48 ms
  Storage Write P95 (Total): 12356.23 ms

### STORAGE TIER LATENCY BREAKDOWN (Device = Disk I/O, Host = Serialization) ###
  Storage Read:
    - Device P95 (Disk I/O): 13397.69 ms
    - Host P95 (Serialization): 3255.89 ms
    - Total P95: 16097.48 ms
  Storage Write:
    - Device P95 (Disk I/O): 472.40 ms
    - Host P95 (Serialization): 12098.55 ms
    - Total P95: 12356.23 ms

### CACHE TYPE BREAKDOWNS ###
  System Prompt Hits: 180
  Common Phrase Hits: 0
  User Cache Hits: 964
  Multi-turn Hits: 33

### PREFIX CACHING ###
  Prefix Hits: 40
  Prefix Misses: 203
  System Prompt Reuse: 40
  Bytes Saved: 0.08GiB

### MULTI-TURN CONVERSATIONS ###
  Multi-turn Cache Hits: 33
  Multi-turn Cache Misses: 435
  Multi-turn Hit Rate: 7.1%

### QOS LATENCY METRICS (Informational - includes simulated generation) ###

  INTERACTIVE:
    Requests: 172
    Latency P95: 389550.14 ms
    Latency P99: 398797.46 ms
    SLA Met: [X] (compliance: 0.0%)

  RESPONSIVE:
    Requests: 23
    Latency P95: 73746.12 ms
    Latency P99: 147995.73 ms
    SLA Met: [X] (compliance: 0.0%)

  BATCH:
    Requests: 34
    Latency P95: 96891.94 ms
    Latency P99: 110587.14 ms
    SLA Met: [X] (compliance: 0.0%)

================================================================================
NOTES:
  - Pure storage I/O benchmark (no generation simulation)
================================================================================

Integrated Multi-User KV Cache Benchmark - MLPerf Edition
Model: Llama 3.1 70B Instruct
GPU Memory: 0 GB
Users: 70
Duration: 300s
Seed: 233
Generation Mode: none (0.0ms/token)
Features:
  - Phase-Aware Processing: Enabled
  - Multi-turn Conversations: Enabled
  - Prefix Caching: Enabled
  - RAG Workload: Disabled
  - Autoscaling: Disabled
  - QoS Support: Enabled (Interactive/Responsive/Batch)
  - Trace-Driven (BurstGPT): Disabled
  - ShareGPT Dataset: Disabled
  - Max Concurrent Allocations: 4 (bounds RAM usage)
================================================================================

User Context Length Distribution:
  Min: 817 tokens (255.31MiB)
  Max: 24937 tokens (7792.81MiB)
  Mean: 10182 tokens (3181.72MiB)

QoS Distribution:
  interactive: 7 users
  responsive: 22 users
  batch: 41 users

### MEMORY SAFETY CHECK ###
  Formula: peak = (workers x 2 x mean_entry_bytes) + baseline
         = (70 x 2 x 2500MiB) + 2.5GiB
         = 344.3GiB
  Available RAM: 990.6GiB
  Mean entry size: 2500MiB  (8000 tok x 327,680 B/tok)
  Peak per thread: 5000MiB  (np.load + np.array copy)
  Worker threads: 70
  Safe concurrent readers: ~202  = (available - baseline) / peak_per_thread
  Status: OK

Starting benchmark... Mode: standard (prefill+decode)
--------------------------------------------------------------------------------

================================================================================
BENCHMARK RESULTS - MLPerf KV Cache Storage Benchmark
Generation Mode: none (0.0ms/token)
================================================================================

IMPORTANT: All storage latencies below are measured per KV cache BLOCK,
not per token or per disk page.  Each block holds the full KV state for
one request (all layers, all heads, full sequence length).
  Model KV bytes/token: 327,680 bytes (320.0KiB)
  Entries in cache: 218
  Block size min:   206.9MiB
  Block size mean:  2002.9MiB
  Block size P95:   5201.5MiB
  Block size max:   7662.2MiB
  A 200MiB block at 1GiB/s NVMe read = ~200 ms device latency.
  Compare latencies against block sizes, not against 4KiB page I/O.


### OVERALL PERFORMANCE ###
Requests Completed: 206
Total Tokens Generated: 42608
Throughput (wall-clock): 140.03 tokens/sec
Throughput (storage I/O): 4.67 tokens/sec
Requests/sec: 0.68

### END-TO-END LATENCY (Queue Wait + Storage I/O + Generation) ###
  Mean: 202152.53 ms
  P50:  190343.84 ms
  P95:  393064.50 ms
  P99:  402321.11 ms

### PER-REQUEST STORAGE LATENCY (All I/O ops for one request) ###
  Mean: 44291.04 ms
  P50:  30444.86 ms
  P95:  126397.31 ms
  P99:  181577.75 ms
  (= 1 prefill write + N decode reads per request)

### STORAGE PERFORMANCE ###
  Cache Hit Rate: 85.5%
  Total Read: 2347.55GiB
  Total Write: 426.39GiB
  Read/Write Ratio: 5.51
  Storage KV Read Operations/sec: 4.97
  Storage KV Write Operations/sec: 0.73

### CACHE TIER DISTRIBUTION ###
  GPU Entries: 0 (0.00GiB)
  CPU Entries: 0 (0.00GiB)
  Storage Entries: 218

### TIER-SPECIFIC KV BYTES ###
  Storage KV Bytes Written: 426.39GiB
  Storage KV Bytes Read: 2347.55GiB

### STORAGE KV BANDWIDTH ###
  Storage KV Read Bandwidth: 7.72GiB/s
  Storage KV Write Bandwidth: 1.40GiB/s

### TIER-SPECIFIC LATENCIES (Total = Host + Device) ###
  Storage Read P95 (Total): 17466.24 ms
  Storage Write P95 (Total): 13387.64 ms

### STORAGE TIER LATENCY BREAKDOWN (Device = Disk I/O, Host = Serialization) ###
  Storage Read:
    - Device P95 (Disk I/O): 15364.99 ms
    - Host P95 (Serialization): 4641.60 ms
    - Total P95: 17466.24 ms
  Storage Write:
    - Device P95 (Disk I/O): 264.92 ms
    - Host P95 (Serialization): 13353.24 ms
    - Total P95: 13387.64 ms

### CACHE TYPE BREAKDOWNS ###
  System Prompt Hits: 286
  Common Phrase Hits: 0
  User Cache Hits: 1190
  Multi-turn Hits: 15

### PREFIX CACHING ###
  Prefix Hits: 37
  Prefix Misses: 181
  System Prompt Reuse: 37
  Bytes Saved: 0.08GiB

### MULTI-TURN CONVERSATIONS ###
  Multi-turn Cache Hits: 15
  Multi-turn Cache Misses: 216
  Multi-turn Hit Rate: 6.5%

### QOS LATENCY METRICS (Informational - includes simulated generation) ###

  INTERACTIVE:
    Requests: 145
    Latency P95: 396335.61 ms
    Latency P99: 406106.83 ms
    SLA Met: [X] (compliance: 0.0%)

  RESPONSIVE:
    Requests: 24
    Latency P95: 174091.27 ms
    Latency P99: 223707.74 ms
    SLA Met: [X] (compliance: 0.0%)

  BATCH:
    Requests: 37
    Latency P95: 209967.77 ms
    Latency P99: 301611.24 ms
    SLA Met: [X] (compliance: 0.0%)

================================================================================
NOTES:
  - Pure storage I/O benchmark (no generation simulation)
================================================================================

Integrated Multi-User KV Cache Benchmark - MLPerf Edition
Model: Llama 3.1 70B Instruct
GPU Memory: 0 GB
Users: 70
Duration: 300s
Seed: 51
Generation Mode: none (0.0ms/token)
Features:
  - Phase-Aware Processing: Enabled
  - Multi-turn Conversations: Enabled
  - Prefix Caching: Enabled
  - RAG Workload: Disabled
  - Autoscaling: Disabled
  - QoS Support: Enabled (Interactive/Responsive/Batch)
  - Trace-Driven (BurstGPT): Disabled
  - ShareGPT Dataset: Disabled
  - Max Concurrent Allocations: 4 (bounds RAM usage)
================================================================================

User Context Length Distribution:
  Min: 628 tokens (196.25MiB)
  Max: 23531 tokens (7353.44MiB)
  Mean: 10345 tokens (3232.84MiB)

QoS Distribution:
  interactive: 12 users
  responsive: 20 users
  batch: 38 users

### MEMORY SAFETY CHECK ###
  Formula: peak = (workers x 2 x mean_entry_bytes) + baseline
         = (70 x 2 x 2500MiB) + 2.5GiB
         = 344.3GiB
  Available RAM: 987.1GiB
  Mean entry size: 2500MiB  (8000 tok x 327,680 B/tok)
  Peak per thread: 5000MiB  (np.load + np.array copy)
  Worker threads: 70
  Safe concurrent readers: ~201  = (available - baseline) / peak_per_thread
  Status: OK

Starting benchmark... Mode: standard (prefill+decode)
--------------------------------------------------------------------------------

================================================================================
BENCHMARK RESULTS - MLPerf KV Cache Storage Benchmark
Generation Mode: none (0.0ms/token)
================================================================================

IMPORTANT: All storage latencies below are measured per KV cache BLOCK,
not per token or per disk page.  Each block holds the full KV state for
one request (all layers, all heads, full sequence length).
  Model KV bytes/token: 327,680 bytes (320.0KiB)
  Entries in cache: 224
  Block size min:   65.0MiB
  Block size mean:  2345.0MiB
  Block size P95:   5426.7MiB
  Block size max:   6392.2MiB
  A 200MiB block at 1GiB/s NVMe read = ~200 ms device latency.
  Compare latencies against block sizes, not against 4KiB page I/O.


### OVERALL PERFORMANCE ###
Requests Completed: 213
Total Tokens Generated: 38251
Throughput (wall-clock): 127.29 tokens/sec
Throughput (storage I/O): 6.83 tokens/sec
Requests/sec: 0.71

### END-TO-END LATENCY (Queue Wait + Storage I/O + Generation) ###
  Mean: 195276.01 ms
  P50:  181231.79 ms
  P95:  398638.02 ms
  P99:  407088.60 ms

### PER-REQUEST STORAGE LATENCY (All I/O ops for one request) ###
  Mean: 26312.18 ms
  P50:  12545.78 ms
  P95:  86966.70 ms
  P99:  150817.19 ms
  (= 1 prefill write + N decode reads per request)

### STORAGE PERFORMANCE ###
  Cache Hit Rate: 76.5%
  Total Read: 1495.92GiB
  Total Write: 512.97GiB
  Read/Write Ratio: 2.92
  Storage KV Read Operations/sec: 3.22
  Storage KV Write Operations/sec: 0.75

### CACHE TIER DISTRIBUTION ###
  GPU Entries: 0 (0.00GiB)
  CPU Entries: 0 (0.00GiB)
  Storage Entries: 224

### TIER-SPECIFIC KV BYTES ###
  Storage KV Bytes Written: 512.97GiB
  Storage KV Bytes Read: 1495.92GiB

### STORAGE KV BANDWIDTH ###
  Storage KV Read Bandwidth: 4.98GiB/s
  Storage KV Write Bandwidth: 1.71GiB/s

### TIER-SPECIFIC LATENCIES (Total = Host + Device) ###
  Storage Read P95 (Total): 14272.32 ms
  Storage Write P95 (Total): 8792.11 ms

### STORAGE TIER LATENCY BREAKDOWN (Device = Disk I/O, Host = Serialization) ###
  Storage Read:
    - Device P95 (Disk I/O): 12372.88 ms
    - Host P95 (Serialization): 5155.49 ms
    - Total P95: 14272.32 ms
  Storage Write:
    - Device P95 (Disk I/O): 1224.15 ms
    - Host P95 (Serialization): 8696.03 ms
    - Total P95: 8792.11 ms

### CACHE TYPE BREAKDOWNS ###
  System Prompt Hits: 218
  Common Phrase Hits: 0
  User Cache Hits: 729
  Multi-turn Hits: 19

### PREFIX CACHING ###
  Prefix Hits: 46
  Prefix Misses: 178
  System Prompt Reuse: 46
  Bytes Saved: 0.10GiB

### MULTI-TURN CONVERSATIONS ###
  Multi-turn Cache Hits: 19
  Multi-turn Cache Misses: 250
  Multi-turn Hit Rate: 7.1%

### QOS LATENCY METRICS (Informational - includes simulated generation) ###

  INTERACTIVE:
    Requests: 157
    Latency P95: 401181.04 ms
    Latency P99: 407382.60 ms
    SLA Met: [X] (compliance: 0.0%)

  RESPONSIVE:
    Requests: 26
    Latency P95: 293022.43 ms
    Latency P99: 375822.80 ms
    SLA Met: [X] (compliance: 0.0%)

  BATCH:
    Requests: 30
    Latency P95: 319450.04 ms
    Latency P99: 373129.91 ms
    SLA Met: [X] (compliance: 0.0%)

================================================================================
NOTES:
  - Pure storage I/O benchmark (no generation simulation)
================================================================================

Integrated Multi-User KV Cache Benchmark - MLPerf Edition
Model: Llama 3.1 70B Instruct
GPU Memory: 0 GB
Users: 70
Duration: 300s
Seed: 144
Generation Mode: none (0.0ms/token)
Features:
  - Phase-Aware Processing: Enabled
  - Multi-turn Conversations: Enabled
  - Prefix Caching: Enabled
  - RAG Workload: Disabled
  - Autoscaling: Disabled
  - QoS Support: Enabled (Interactive/Responsive/Batch)
  - Trace-Driven (BurstGPT): Disabled
  - ShareGPT Dataset: Disabled
  - Max Concurrent Allocations: 4 (bounds RAM usage)
================================================================================

User Context Length Distribution:
  Min: 732 tokens (228.75MiB)
  Max: 24029 tokens (7509.06MiB)
  Mean: 9255 tokens (2892.24MiB)

QoS Distribution:
  interactive: 14 users
  responsive: 26 users
  batch: 30 users

### MEMORY SAFETY CHECK ###
  Formula: peak = (workers x 2 x mean_entry_bytes) + baseline
         = (70 x 2 x 2500MiB) + 2.5GiB
         = 344.3GiB
  Available RAM: 989.8GiB
  Mean entry size: 2500MiB  (8000 tok x 327,680 B/tok)
  Peak per thread: 5000MiB  (np.load + np.array copy)
  Worker threads: 70
  Safe concurrent readers: ~202  = (available - baseline) / peak_per_thread
  Status: OK

Starting benchmark... Mode: standard (prefill+decode)
--------------------------------------------------------------------------------

================================================================================
BENCHMARK RESULTS - MLPerf KV Cache Storage Benchmark
Generation Mode: none (0.0ms/token)
================================================================================

IMPORTANT: All storage latencies below are measured per KV cache BLOCK,
not per token or per disk page.  Each block holds the full KV state for
one request (all layers, all heads, full sequence length).
  Model KV bytes/token: 327,680 bytes (320.0KiB)
  Entries in cache: 229
  Block size min:   57.5MiB
  Block size mean:  1916.0MiB
  Block size P95:   4995.9MiB
  Block size max:   6992.2MiB
  A 200MiB block at 1GiB/s NVMe read = ~200 ms device latency.
  Compare latencies against block sizes, not against 4KiB page I/O.


### OVERALL PERFORMANCE ###
Requests Completed: 214
Total Tokens Generated: 43253
Throughput (wall-clock): 144.18 tokens/sec
Throughput (storage I/O): 5.42 tokens/sec
Requests/sec: 0.71

### END-TO-END LATENCY (Queue Wait + Storage I/O + Generation) ###
  Mean: 196259.38 ms
  P50:  180000.68 ms
  P95:  402265.32 ms
  P99:  408086.51 ms

### PER-REQUEST STORAGE LATENCY (All I/O ops for one request) ###
  Mean: 37275.22 ms
  P50:  16499.51 ms
  P95:  120576.63 ms
  P99:  172032.92 ms
  (= 1 prefill write + N decode reads per request)

### STORAGE PERFORMANCE ###
  Cache Hit Rate: 84.2%
  Total Read: 2100.33GiB
  Total Write: 428.47GiB
  Read/Write Ratio: 4.90
  Storage KV Read Operations/sec: 4.72
  Storage KV Write Operations/sec: 0.76

### CACHE TIER DISTRIBUTION ###
  GPU Entries: 0 (0.00GiB)
  CPU Entries: 0 (0.00GiB)
  Storage Entries: 229

### TIER-SPECIFIC KV BYTES ###
  Storage KV Bytes Written: 428.47GiB
  Storage KV Bytes Read: 2100.33GiB

### STORAGE KV BANDWIDTH ###
  Storage KV Read Bandwidth: 7.00GiB/s
  Storage KV Write Bandwidth: 1.43GiB/s

### TIER-SPECIFIC LATENCIES (Total = Host + Device) ###
  Storage Read P95 (Total): 19147.12 ms
  Storage Write P95 (Total): 13644.06 ms

### STORAGE TIER LATENCY BREAKDOWN (Device = Disk I/O, Host = Serialization) ###
  Storage Read:
    - Device P95 (Disk I/O): 14229.62 ms
    - Host P95 (Serialization): 4460.50 ms
    - Total P95: 19147.12 ms
  Storage Write:
    - Device P95 (Disk I/O): 1519.87 ms
    - Host P95 (Serialization): 11725.37 ms
    - Total P95: 13644.06 ms

### CACHE TYPE BREAKDOWNS ###
  System Prompt Hits: 301
  Common Phrase Hits: 0
  User Cache Hits: 1098
  Multi-turn Hits: 17

### PREFIX CACHING ###
  Prefix Hits: 49
  Prefix Misses: 180
  System Prompt Reuse: 49
  Bytes Saved: 0.10GiB

### MULTI-TURN CONVERSATIONS ###
  Multi-turn Cache Hits: 17
  Multi-turn Cache Misses: 216
  Multi-turn Hit Rate: 7.3%

### QOS LATENCY METRICS (Informational - includes simulated generation) ###

  INTERACTIVE:
    Requests: 169
    Latency P95: 404082.03 ms
    Latency P99: 408289.52 ms
    SLA Met: [X] (compliance: 0.0%)

  RESPONSIVE:
    Requests: 25
    Latency P95: 169955.79 ms
    Latency P99: 185756.81 ms
    SLA Met: [X] (compliance: 0.0%)

  BATCH:
    Requests: 20
    Latency P95: 277597.89 ms
    Latency P99: 292762.86 ms
    SLA Met: [X] (compliance: 0.0%)

================================================================================
NOTES:
  - Pure storage I/O benchmark (no generation simulation)
================================================================================

Integrated Multi-User KV Cache Benchmark - MLPerf Edition
Model: Llama 3.1 70B Instruct
GPU Memory: 0 GB
Users: 70
Duration: 300s
Seed: 91
Generation Mode: none (0.0ms/token)
Features:
  - Phase-Aware Processing: Enabled
  - Multi-turn Conversations: Enabled
  - Prefix Caching: Enabled
  - RAG Workload: Disabled
  - Autoscaling: Disabled
  - QoS Support: Enabled (Interactive/Responsive/Batch)
  - Trace-Driven (BurstGPT): Disabled
  - ShareGPT Dataset: Disabled
  - Max Concurrent Allocations: 4 (bounds RAM usage)
================================================================================

User Context Length Distribution:
  Min: 967 tokens (302.19MiB)
  Max: 23864 tokens (7457.50MiB)
  Mean: 9425 tokens (2945.27MiB)

QoS Distribution:
  interactive: 6 users
  responsive: 25 users
  batch: 39 users

### MEMORY SAFETY CHECK ###
  Formula: peak = (workers x 2 x mean_entry_bytes) + baseline
         = (70 x 2 x 2500MiB) + 2.5GiB
         = 344.3GiB
  Available RAM: 986.8GiB
  Mean entry size: 2500MiB  (8000 tok x 327,680 B/tok)
  Peak per thread: 5000MiB  (np.load + np.array copy)
  Worker threads: 70
  Safe concurrent readers: ~201  = (available - baseline) / peak_per_thread
  Status: OK

Starting benchmark... Mode: standard (prefill+decode)
--------------------------------------------------------------------------------

================================================================================
BENCHMARK RESULTS - MLPerf KV Cache Storage Benchmark
Generation Mode: none (0.0ms/token)
================================================================================

IMPORTANT: All storage latencies below are measured per KV cache BLOCK,
not per token or per disk page.  Each block holds the full KV state for
one request (all layers, all heads, full sequence length).
  Model KV bytes/token: 327,680 bytes (320.0KiB)
  Entries in cache: 200
  Block size min:   90.0MiB
  Block size mean:  1795.3MiB
  Block size P95:   5139.8MiB
  Block size max:   6801.2MiB
  A 200MiB block at 1GiB/s NVMe read = ~200 ms device latency.
  Compare latencies against block sizes, not against 4KiB page I/O.


### OVERALL PERFORMANCE ###
Requests Completed: 193
Total Tokens Generated: 34021
Throughput (wall-clock): 113.40 tokens/sec
Throughput (storage I/O): 4.54 tokens/sec
Requests/sec: 0.64

### END-TO-END LATENCY (Queue Wait + Storage I/O + Generation) ###
  Mean: 209366.08 ms
  P50:  211345.77 ms
  P95:  388530.71 ms
  P99:  397687.94 ms

### PER-REQUEST STORAGE LATENCY (All I/O ops for one request) ###
  Mean: 38797.62 ms
  P50:  21141.87 ms
  P95:  133421.18 ms
  P99:  189302.91 ms
  (= 1 prefill write + N decode reads per request)

### STORAGE PERFORMANCE ###
  Cache Hit Rate: 76.1%
  Total Read: 1480.68GiB
  Total Write: 350.64GiB
  Read/Write Ratio: 4.22
  Storage KV Read Operations/sec: 3.80
  Storage KV Write Operations/sec: 0.67

### CACHE TIER DISTRIBUTION ###
  GPU Entries: 0 (0.00GiB)
  CPU Entries: 0 (0.00GiB)
  Storage Entries: 200

### TIER-SPECIFIC KV BYTES ###
  Storage KV Bytes Written: 350.64GiB
  Storage KV Bytes Read: 1480.68GiB

### STORAGE KV BANDWIDTH ###
  Storage KV Read Bandwidth: 4.94GiB/s
  Storage KV Write Bandwidth: 1.17GiB/s

### TIER-SPECIFIC LATENCIES (Total = Host + Device) ###
  Storage Read P95 (Total): 20970.16 ms
  Storage Write P95 (Total): 15152.86 ms

### STORAGE TIER LATENCY BREAKDOWN (Device = Disk I/O, Host = Serialization) ###
  Storage Read:
    - Device P95 (Disk I/O): 18673.85 ms
    - Host P95 (Serialization): 7554.28 ms
    - Total P95: 20970.16 ms
  Storage Write:
    - Device P95 (Disk I/O): 701.62 ms
    - Host P95 (Serialization): 15093.66 ms
    - Total P95: 15152.86 ms

### CACHE TYPE BREAKDOWNS ###
  System Prompt Hits: 197
  Common Phrase Hits: 0
  User Cache Hits: 907
  Multi-turn Hits: 37

### PREFIX CACHING ###
  Prefix Hits: 43
  Prefix Misses: 157
  System Prompt Reuse: 43
  Bytes Saved: 0.09GiB

### MULTI-TURN CONVERSATIONS ###
  Multi-turn Cache Hits: 37
  Multi-turn Cache Misses: 316
  Multi-turn Hit Rate: 10.5%

### QOS LATENCY METRICS (Informational - includes simulated generation) ###

  INTERACTIVE:
    Requests: 127
    Latency P95: 391589.81 ms
    Latency P99: 398710.72 ms
    SLA Met: [X] (compliance: 0.0%)

  RESPONSIVE:
    Requests: 24
    Latency P95: 275278.36 ms
    Latency P99: 283515.57 ms
    SLA Met: [X] (compliance: 0.0%)

  BATCH:
    Requests: 42
    Latency P95: 247323.64 ms
    Latency P99: 290479.75 ms
    SLA Met: [X] (compliance: 0.0%)

================================================================================
NOTES:
  - Pure storage I/O benchmark (no generation simulation)
================================================================================

Integrated Multi-User KV Cache Benchmark - MLPerf Edition
Model: Llama 3.1 70B Instruct
GPU Memory: 0 GB
Users: 70
Duration: 300s
Seed: 161
Generation Mode: none (0.0ms/token)
Features:
  - Phase-Aware Processing: Enabled
  - Multi-turn Conversations: Enabled
  - Prefix Caching: Enabled
  - RAG Workload: Disabled
  - Autoscaling: Disabled
  - QoS Support: Enabled (Interactive/Responsive/Batch)
  - Trace-Driven (BurstGPT): Disabled
  - ShareGPT Dataset: Disabled
  - Max Concurrent Allocations: 4 (bounds RAM usage)
================================================================================

User Context Length Distribution:
  Min: 621 tokens (194.06MiB)
  Max: 24436 tokens (7636.25MiB)
  Mean: 8654 tokens (2704.25MiB)

QoS Distribution:
  interactive: 9 users
  responsive: 22 users
  batch: 39 users

### MEMORY SAFETY CHECK ###
  Formula: peak = (workers x 2 x mean_entry_bytes) + baseline
         = (70 x 2 x 2500MiB) + 2.5GiB
         = 344.3GiB
  Available RAM: 988.1GiB
  Mean entry size: 2500MiB  (8000 tok x 327,680 B/tok)
  Peak per thread: 5000MiB  (np.load + np.array copy)
  Worker threads: 70
  Safe concurrent readers: ~201  = (available - baseline) / peak_per_thread
  Status: OK

Starting benchmark... Mode: standard (prefill+decode)
--------------------------------------------------------------------------------

================================================================================
BENCHMARK RESULTS - MLPerf KV Cache Storage Benchmark
Generation Mode: none (0.0ms/token)
================================================================================

IMPORTANT: All storage latencies below are measured per KV cache BLOCK,
not per token or per disk page.  Each block holds the full KV state for
one request (all layers, all heads, full sequence length).
  Model KV bytes/token: 327,680 bytes (320.0KiB)
  Entries in cache: 226
  Block size min:   129.1MiB
  Block size mean:  2103.4MiB
  Block size P95:   6142.6MiB
  Block size max:   7309.7MiB
  A 200MiB block at 1GiB/s NVMe read = ~200 ms device latency.
  Compare latencies against block sizes, not against 4KiB page I/O.


### OVERALL PERFORMANCE ###
Requests Completed: 222
Total Tokens Generated: 32688
Throughput (wall-clock): 108.90 tokens/sec
Throughput (storage I/O): 5.73 tokens/sec
Requests/sec: 0.74

### END-TO-END LATENCY (Queue Wait + Storage I/O + Generation) ###
  Mean: 202929.52 ms
  P50:  216011.49 ms
  P95:  391972.64 ms
  P99:  406677.93 ms

### PER-REQUEST STORAGE LATENCY (All I/O ops for one request) ###
  Mean: 25690.22 ms
  P50:  12086.86 ms
  P95:  100294.35 ms
  P99:  150495.13 ms
  (= 1 prefill write + N decode reads per request)

### STORAGE PERFORMANCE ###
  Cache Hit Rate: 71.7%
  Total Read: 1286.12GiB
  Total Write: 464.23GiB
  Read/Write Ratio: 2.77
  Storage KV Read Operations/sec: 3.13
  Storage KV Write Operations/sec: 0.75

### CACHE TIER DISTRIBUTION ###
  GPU Entries: 0 (0.00GiB)
  CPU Entries: 0 (0.00GiB)
  Storage Entries: 226

### TIER-SPECIFIC KV BYTES ###
  Storage KV Bytes Written: 464.23GiB
  Storage KV Bytes Read: 1286.12GiB

### STORAGE KV BANDWIDTH ###
  Storage KV Read Bandwidth: 4.28GiB/s
  Storage KV Write Bandwidth: 1.55GiB/s

### TIER-SPECIFIC LATENCIES (Total = Host + Device) ###
  Storage Read P95 (Total): 18126.97 ms
  Storage Write P95 (Total): 14020.49 ms

### STORAGE TIER LATENCY BREAKDOWN (Device = Disk I/O, Host = Serialization) ###
  Storage Read:
    - Device P95 (Disk I/O): 16007.54 ms
    - Host P95 (Serialization): 3722.14 ms
    - Total P95: 18126.97 ms
  Storage Write:
    - Device P95 (Disk I/O): 923.46 ms
    - Host P95 (Serialization): 12990.85 ms
    - Total P95: 14020.49 ms

### CACHE TYPE BREAKDOWNS ###
  System Prompt Hits: 210
  Common Phrase Hits: 0
  User Cache Hits: 695
  Multi-turn Hits: 33

### PREFIX CACHING ###
  Prefix Hits: 45
  Prefix Misses: 181
  System Prompt Reuse: 45
  Bytes Saved: 0.09GiB

### MULTI-TURN CONVERSATIONS ###
  Multi-turn Cache Hits: 33
  Multi-turn Cache Misses: 325
  Multi-turn Hit Rate: 9.2%

### QOS LATENCY METRICS (Informational - includes simulated generation) ###

  INTERACTIVE:
    Requests: 162
    Latency P95: 394594.06 ms
    Latency P99: 405099.39 ms
    SLA Met: [X] (compliance: 0.0%)

  RESPONSIVE:
    Requests: 20
    Latency P95: 383495.86 ms
    Latency P99: 412810.09 ms
    SLA Met: [X] (compliance: 0.0%)

  BATCH:
    Requests: 40
    Latency P95: 160263.80 ms
    Latency P99: 316379.86 ms
    SLA Met: [X] (compliance: 0.0%)

================================================================================
NOTES:
  - Pure storage I/O benchmark (no generation simulation)
================================================================================

Integrated Multi-User KV Cache Benchmark - MLPerf Edition
Model: Llama 3.1 70B Instruct
GPU Memory: 0 GB
Users: 70
Duration: 300s
Seed: 143
Generation Mode: none (0.0ms/token)
Features:
  - Phase-Aware Processing: Enabled
  - Multi-turn Conversations: Enabled
  - Prefix Caching: Enabled
  - RAG Workload: Disabled
  - Autoscaling: Disabled
  - QoS Support: Enabled (Interactive/Responsive/Batch)
  - Trace-Driven (BurstGPT): Disabled
  - ShareGPT Dataset: Disabled
  - Max Concurrent Allocations: 4 (bounds RAM usage)
================================================================================

User Context Length Distribution:
  Min: 514 tokens (160.62MiB)
  Max: 24225 tokens (7570.31MiB)
  Mean: 9390 tokens (2934.39MiB)

QoS Distribution:
  interactive: 9 users
  responsive: 22 users
  batch: 39 users

### MEMORY SAFETY CHECK ###
  Formula: peak = (workers x 2 x mean_entry_bytes) + baseline
         = (70 x 2 x 2500MiB) + 2.5GiB
         = 344.3GiB
  Available RAM: 985.7GiB
  Mean entry size: 2500MiB  (8000 tok x 327,680 B/tok)
  Peak per thread: 5000MiB  (np.load + np.array copy)
  Worker threads: 70
  Safe concurrent readers: ~201  = (available - baseline) / peak_per_thread
  Status: OK

Starting benchmark... Mode: standard (prefill+decode)
--------------------------------------------------------------------------------

================================================================================
BENCHMARK RESULTS - MLPerf KV Cache Storage Benchmark
Generation Mode: none (0.0ms/token)
================================================================================

IMPORTANT: All storage latencies below are measured per KV cache BLOCK,
not per token or per disk page.  Each block holds the full KV state for
one request (all layers, all heads, full sequence length).
  Model KV bytes/token: 327,680 bytes (320.0KiB)
  Entries in cache: 221
  Block size min:   53.8MiB
  Block size mean:  1849.4MiB
  Block size P95:   5289.7MiB
  Block size max:   7144.4MiB
  A 200MiB block at 1GiB/s NVMe read = ~200 ms device latency.
  Compare latencies against block sizes, not against 4KiB page I/O.


### OVERALL PERFORMANCE ###
Requests Completed: 213
Total Tokens Generated: 40571
Throughput (wall-clock): 135.11 tokens/sec
Throughput (storage I/O): 5.29 tokens/sec
Requests/sec: 0.71

### END-TO-END LATENCY (Queue Wait + Storage I/O + Generation) ###
  Mean: 205759.02 ms
  P50:  200003.62 ms
  P95:  407446.30 ms
  P99:  414250.70 ms

### PER-REQUEST STORAGE LATENCY (All I/O ops for one request) ###
  Mean: 35990.20 ms
  P50:  13673.27 ms
  P95:  118104.00 ms
  P99:  193866.89 ms
  (= 1 prefill write + N decode reads per request)

### STORAGE PERFORMANCE ###
  Cache Hit Rate: 81.5%
  Total Read: 1752.59GiB
  Total Write: 399.13GiB
  Read/Write Ratio: 4.39
  Storage KV Read Operations/sec: 4.15
  Storage KV Write Operations/sec: 0.74

### CACHE TIER DISTRIBUTION ###
  GPU Entries: 0 (0.00GiB)
  CPU Entries: 0 (0.00GiB)
  Storage Entries: 221

### TIER-SPECIFIC KV BYTES ###
  Storage KV Bytes Written: 399.13GiB
  Storage KV Bytes Read: 1752.59GiB

### STORAGE KV BANDWIDTH ###
  Storage KV Read Bandwidth: 5.84GiB/s
  Storage KV Write Bandwidth: 1.33GiB/s

### TIER-SPECIFIC LATENCIES (Total = Host + Device) ###
  Storage Read P95 (Total): 23855.82 ms
  Storage Write P95 (Total): 14066.93 ms

### STORAGE TIER LATENCY BREAKDOWN (Device = Disk I/O, Host = Serialization) ###
  Storage Read:
    - Device P95 (Disk I/O): 18243.88 ms
    - Host P95 (Serialization): 7002.87 ms
    - Total P95: 23855.82 ms
  Storage Write:
    - Device P95 (Disk I/O): 883.85 ms
    - Host P95 (Serialization): 9779.09 ms
    - Total P95: 14066.93 ms

### CACHE TYPE BREAKDOWNS ###
  System Prompt Hits: 253
  Common Phrase Hits: 0
  User Cache Hits: 977
  Multi-turn Hits: 14

### PREFIX CACHING ###
  Prefix Hits: 43
  Prefix Misses: 178
  System Prompt Reuse: 43
  Bytes Saved: 0.09GiB

### MULTI-TURN CONVERSATIONS ###
  Multi-turn Cache Hits: 14
  Multi-turn Cache Misses: 240
  Multi-turn Hit Rate: 5.5%

### QOS LATENCY METRICS (Informational - includes simulated generation) ###

  INTERACTIVE:
    Requests: 154
    Latency P95: 408182.08 ms
    Latency P99: 415211.77 ms
    SLA Met: [X] (compliance: 0.0%)

  RESPONSIVE:
    Requests: 31
    Latency P95: 163408.87 ms
    Latency P99: 259847.60 ms
    SLA Met: [X] (compliance: 0.0%)

  BATCH:
    Requests: 28
    Latency P95: 194072.75 ms
    Latency P99: 205257.47 ms
    SLA Met: [X] (compliance: 0.0%)

================================================================================
NOTES:
  - Pure storage I/O benchmark (no generation simulation)
================================================================================

Integrated Multi-User KV Cache Benchmark - MLPerf Edition
Model: Llama 3.1 70B Instruct
GPU Memory: 0 GB
Users: 70
Duration: 300s
Seed: 215
Generation Mode: none (0.0ms/token)
Features:
  - Phase-Aware Processing: Enabled
  - Multi-turn Conversations: Enabled
  - Prefix Caching: Enabled
  - RAG Workload: Disabled
  - Autoscaling: Disabled
  - QoS Support: Enabled (Interactive/Responsive/Batch)
  - Trace-Driven (BurstGPT): Disabled
  - ShareGPT Dataset: Disabled
  - Max Concurrent Allocations: 4 (bounds RAM usage)
================================================================================

User Context Length Distribution:
  Min: 663 tokens (207.19MiB)
  Max: 24369 tokens (7615.31MiB)
  Mean: 8173 tokens (2554.02MiB)

QoS Distribution:
  interactive: 17 users
  responsive: 17 users
  batch: 36 users

### MEMORY SAFETY CHECK ###
  Formula: peak = (workers x 2 x mean_entry_bytes) + baseline
         = (70 x 2 x 2500MiB) + 2.5GiB
         = 344.3GiB
  Available RAM: 988.1GiB
  Mean entry size: 2500MiB  (8000 tok x 327,680 B/tok)
  Peak per thread: 5000MiB  (np.load + np.array copy)
  Worker threads: 70
  Safe concurrent readers: ~201  = (available - baseline) / peak_per_thread
  Status: OK

Starting benchmark... Mode: standard (prefill+decode)
--------------------------------------------------------------------------------

================================================================================
BENCHMARK RESULTS - MLPerf KV Cache Storage Benchmark
Generation Mode: none (0.0ms/token)
================================================================================

IMPORTANT: All storage latencies below are measured per KV cache BLOCK,
not per token or per disk page.  Each block holds the full KV state for
one request (all layers, all heads, full sequence length).
  Model KV bytes/token: 327,680 bytes (320.0KiB)
  Entries in cache: 247
  Block size min:   53.8MiB
  Block size mean:  1796.8MiB
  Block size P95:   5259.0MiB
  Block size max:   7452.8MiB
  A 200MiB block at 1GiB/s NVMe read = ~200 ms device latency.
  Compare latencies against block sizes, not against 4KiB page I/O.


### OVERALL PERFORMANCE ###
Requests Completed: 242
Total Tokens Generated: 43450
Throughput (wall-clock): 143.43 tokens/sec
Throughput (storage I/O): 5.32 tokens/sec
Requests/sec: 0.80

### END-TO-END LATENCY (Queue Wait + Storage I/O + Generation) ###
  Mean: 194331.78 ms
  P50:  163991.47 ms
  P95:  404445.61 ms
  P99:  415187.08 ms

### PER-REQUEST STORAGE LATENCY (All I/O ops for one request) ###
  Mean: 33746.26 ms
  P50:  12832.88 ms
  P95:  154482.11 ms
  P99:  197804.58 ms
  (= 1 prefill write + N decode reads per request)

### STORAGE PERFORMANCE ###
  Cache Hit Rate: 80.9%
  Total Read: 1796.95GiB
  Total Write: 433.40GiB
  Read/Write Ratio: 4.15
  Storage KV Read Operations/sec: 4.57
  Storage KV Write Operations/sec: 0.82

### CACHE TIER DISTRIBUTION ###
  GPU Entries: 0 (0.00GiB)
  CPU Entries: 0 (0.00GiB)
  Storage Entries: 247

### TIER-SPECIFIC KV BYTES ###
  Storage KV Bytes Written: 433.40GiB
  Storage KV Bytes Read: 1796.95GiB

### STORAGE KV BANDWIDTH ###
  Storage KV Read Bandwidth: 5.93GiB/s
  Storage KV Write Bandwidth: 1.43GiB/s

### TIER-SPECIFIC LATENCIES (Total = Host + Device) ###
  Storage Read P95 (Total): 21061.91 ms
  Storage Write P95 (Total): 8624.82 ms

### STORAGE TIER LATENCY BREAKDOWN (Device = Disk I/O, Host = Serialization) ###
  Storage Read:
    - Device P95 (Disk I/O): 14850.33 ms
    - Host P95 (Serialization): 4132.47 ms
    - Total P95: 21061.91 ms
  Storage Write:
    - Device P95 (Disk I/O): 505.58 ms
    - Host P95 (Serialization): 8624.39 ms
    - Total P95: 8624.82 ms

### CACHE TYPE BREAKDOWNS ###
  System Prompt Hits: 270
  Common Phrase Hits: 0
  User Cache Hits: 1088
  Multi-turn Hits: 12

### PREFIX CACHING ###
  Prefix Hits: 57
  Prefix Misses: 190
  System Prompt Reuse: 57
  Bytes Saved: 0.11GiB

### MULTI-TURN CONVERSATIONS ###
  Multi-turn Cache Hits: 12
  Multi-turn Cache Misses: 267
  Multi-turn Hit Rate: 4.3%

### QOS LATENCY METRICS (Informational - includes simulated generation) ###

  INTERACTIVE:
    Requests: 187
    Latency P95: 409344.66 ms
    Latency P99: 416233.68 ms
    SLA Met: [X] (compliance: 0.0%)

  RESPONSIVE:
    Requests: 19
    Latency P95: 261713.37 ms
    Latency P99: 294480.40 ms
    SLA Met: [X] (compliance: 0.0%)

  BATCH:
    Requests: 36
    Latency P95: 123827.60 ms
    Latency P99: 149173.93 ms
    SLA Met: [X] (compliance: 0.0%)

================================================================================
NOTES:
  - Pure storage I/O benchmark (no generation simulation)
================================================================================

Integrated Multi-User KV Cache Benchmark - MLPerf Edition
Model: Llama 3.1 70B Instruct
GPU Memory: 0 GB
Users: 70
Duration: 300s
Seed: 52
Generation Mode: none (0.0ms/token)
Features:
  - Phase-Aware Processing: Enabled
  - Multi-turn Conversations: Enabled
  - Prefix Caching: Enabled
  - RAG Workload: Disabled
  - Autoscaling: Disabled
  - QoS Support: Enabled (Interactive/Responsive/Batch)
  - Trace-Driven (BurstGPT): Disabled
  - ShareGPT Dataset: Disabled
  - Max Concurrent Allocations: 4 (bounds RAM usage)
================================================================================

User Context Length Distribution:
  Min: 788 tokens (246.25MiB)
  Max: 23296 tokens (7280.00MiB)
  Mean: 7552 tokens (2359.88MiB)

QoS Distribution:
  interactive: 12 users
  responsive: 19 users
  batch: 39 users

### MEMORY SAFETY CHECK ###
  Formula: peak = (workers x 2 x mean_entry_bytes) + baseline
         = (70 x 2 x 2500MiB) + 2.5GiB
         = 344.3GiB
  Available RAM: 987.5GiB
  Mean entry size: 2500MiB  (8000 tok x 327,680 B/tok)
  Peak per thread: 5000MiB  (np.load + np.array copy)
  Worker threads: 70
  Safe concurrent readers: ~201  = (available - baseline) / peak_per_thread
  Status: OK

Starting benchmark... Mode: standard (prefill+decode)
--------------------------------------------------------------------------------

================================================================================
BENCHMARK RESULTS - MLPerf KV Cache Storage Benchmark
Generation Mode: none (0.0ms/token)
================================================================================

IMPORTANT: All storage latencies below are measured per KV cache BLOCK,
not per token or per disk page.  Each block holds the full KV state for
one request (all layers, all heads, full sequence length).
  Model KV bytes/token: 327,680 bytes (320.0KiB)
  Entries in cache: 287
  Block size min:   104.7MiB
  Block size mean:  1457.5MiB
  Block size P95:   4514.5MiB
  Block size max:   7198.4MiB
  A 200MiB block at 1GiB/s NVMe read = ~200 ms device latency.
  Compare latencies against block sizes, not against 4KiB page I/O.


### OVERALL PERFORMANCE ###
Requests Completed: 278
Total Tokens Generated: 39946
Throughput (wall-clock): 133.06 tokens/sec
Throughput (storage I/O): 5.40 tokens/sec
Requests/sec: 0.93

### END-TO-END LATENCY (Queue Wait + Storage I/O + Generation) ###
  Mean: 187800.27 ms
  P50:  187262.82 ms
  P95:  394101.28 ms
  P99:  409169.40 ms

### PER-REQUEST STORAGE LATENCY (All I/O ops for one request) ###
  Mean: 26630.98 ms
  P50:  13173.29 ms
  P95:  91028.14 ms
  P99:  149874.42 ms
  (= 1 prefill write + N decode reads per request)

### STORAGE PERFORMANCE ###
  Cache Hit Rate: 79.0%
  Total Read: 1936.39GiB
  Total Write: 408.50GiB
  Read/Write Ratio: 4.74
  Storage KV Read Operations/sec: 5.00
  Storage KV Write Operations/sec: 0.96

### CACHE TIER DISTRIBUTION ###
  GPU Entries: 0 (0.00GiB)
  CPU Entries: 0 (0.00GiB)
  Storage Entries: 287

### TIER-SPECIFIC KV BYTES ###
  Storage KV Bytes Written: 408.50GiB
  Storage KV Bytes Read: 1936.39GiB

### STORAGE KV BANDWIDTH ###
  Storage KV Read Bandwidth: 6.45GiB/s
  Storage KV Write Bandwidth: 1.36GiB/s

### TIER-SPECIFIC LATENCIES (Total = Host + Device) ###
  Storage Read P95 (Total): 17147.05 ms
  Storage Write P95 (Total): 10257.61 ms

### STORAGE TIER LATENCY BREAKDOWN (Device = Disk I/O, Host = Serialization) ###
  Storage Read:
    - Device P95 (Disk I/O): 12647.07 ms
    - Host P95 (Serialization): 4964.60 ms
    - Total P95: 17147.05 ms
  Storage Write:
    - Device P95 (Disk I/O): 268.35 ms
    - Host P95 (Serialization): 8902.44 ms
    - Total P95: 10257.61 ms

### CACHE TYPE BREAKDOWNS ###
  System Prompt Hits: 298
  Common Phrase Hits: 0
  User Cache Hits: 1186
  Multi-turn Hits: 16

### PREFIX CACHING ###
  Prefix Hits: 57
  Prefix Misses: 230
  System Prompt Reuse: 57
  Bytes Saved: 0.11GiB

### MULTI-TURN CONVERSATIONS ###
  Multi-turn Cache Hits: 16
  Multi-turn Cache Misses: 341
  Multi-turn Hit Rate: 4.5%

### QOS LATENCY METRICS (Informational - includes simulated generation) ###

  INTERACTIVE:
    Requests: 218
    Latency P95: 395376.43 ms
    Latency P99: 411797.16 ms
    SLA Met: [X] (compliance: 0.0%)

  RESPONSIVE:
    Requests: 28
    Latency P95: 114965.01 ms
    Latency P99: 163715.02 ms
    SLA Met: [X] (compliance: 0.0%)

  BATCH:
    Requests: 32
    Latency P95: 132153.99 ms
    Latency P99: 140156.30 ms
    SLA Met: [X] (compliance: 0.0%)

================================================================================
NOTES:
  - Pure storage I/O benchmark (no generation simulation)
================================================================================

Integrated Multi-User KV Cache Benchmark - MLPerf Edition
Model: Llama 3.1 70B Instruct
GPU Memory: 0 GB
Users: 70
Duration: 300s
Seed: 155
Generation Mode: none (0.0ms/token)
Features:
  - Phase-Aware Processing: Enabled
  - Multi-turn Conversations: Enabled
  - Prefix Caching: Enabled
  - RAG Workload: Disabled
  - Autoscaling: Disabled
  - QoS Support: Enabled (Interactive/Responsive/Batch)
  - Trace-Driven (BurstGPT): Disabled
  - ShareGPT Dataset: Disabled
  - Max Concurrent Allocations: 4 (bounds RAM usage)
================================================================================

User Context Length Distribution:
  Min: 522 tokens (163.12MiB)
  Max: 23630 tokens (7384.38MiB)
  Mean: 10427 tokens (3258.29MiB)

QoS Distribution:
  interactive: 5 users
  responsive: 24 users
  batch: 41 users

### MEMORY SAFETY CHECK ###
  Formula: peak = (workers x 2 x mean_entry_bytes) + baseline
         = (70 x 2 x 2500MiB) + 2.5GiB
         = 344.3GiB
  Available RAM: 986.3GiB
  Mean entry size: 2500MiB  (8000 tok x 327,680 B/tok)
  Peak per thread: 5000MiB  (np.load + np.array copy)
  Worker threads: 70
  Safe concurrent readers: ~201  = (available - baseline) / peak_per_thread
  Status: OK

Starting benchmark... Mode: standard (prefill+decode)
--------------------------------------------------------------------------------

================================================================================
BENCHMARK RESULTS - MLPerf KV Cache Storage Benchmark
Generation Mode: none (0.0ms/token)
================================================================================

IMPORTANT: All storage latencies below are measured per KV cache BLOCK,
not per token or per disk page.  Each block holds the full KV state for
one request (all layers, all heads, full sequence length).
  Model KV bytes/token: 327,680 bytes (320.0KiB)
  Entries in cache: 190
  Block size min:   72.2MiB
  Block size mean:  2805.7MiB
  Block size P95:   5597.5MiB
  Block size max:   6967.8MiB
  A 200MiB block at 1GiB/s NVMe read = ~200 ms device latency.
  Compare latencies against block sizes, not against 4KiB page I/O.


### OVERALL PERFORMANCE ###
Requests Completed: 179
Total Tokens Generated: 37638
Throughput (wall-clock): 125.46 tokens/sec
Throughput (storage I/O): 6.53 tokens/sec
Requests/sec: 0.60

### END-TO-END LATENCY (Queue Wait + Storage I/O + Generation) ###
  Mean: 199999.55 ms
  P50:  165149.58 ms
  P95:  404200.58 ms
  P99:  414084.58 ms

### PER-REQUEST STORAGE LATENCY (All I/O ops for one request) ###
  Mean: 32216.82 ms
  P50:  11210.69 ms
  P95:  127550.19 ms
  P99:  203180.87 ms
  (= 1 prefill write + N decode reads per request)

### STORAGE PERFORMANCE ###
  Cache Hit Rate: 79.2%
  Total Read: 1193.83GiB
  Total Write: 520.60GiB
  Read/Write Ratio: 2.29
  Storage KV Read Operations/sec: 2.50
  Storage KV Write Operations/sec: 0.63

### CACHE TIER DISTRIBUTION ###
  GPU Entries: 0 (0.00GiB)
  CPU Entries: 0 (0.00GiB)
  Storage Entries: 189

### TIER-SPECIFIC KV BYTES ###
  Storage KV Bytes Written: 520.60GiB
  Storage KV Bytes Read: 1193.83GiB

### STORAGE KV BANDWIDTH ###
  Storage KV Read Bandwidth: 3.98GiB/s
  Storage KV Write Bandwidth: 1.74GiB/s

### TIER-SPECIFIC LATENCIES (Total = Host + Device) ###
  Storage Read P95 (Total): 20734.29 ms
  Storage Write P95 (Total): 14084.94 ms

### STORAGE TIER LATENCY BREAKDOWN (Device = Disk I/O, Host = Serialization) ###
  Storage Read:
    - Device P95 (Disk I/O): 18473.91 ms
    - Host P95 (Serialization): 5413.65 ms
    - Total P95: 20734.29 ms
  Storage Write:
    - Device P95 (Disk I/O): 582.47 ms
    - Host P95 (Serialization): 12061.30 ms
    - Total P95: 14084.94 ms

### CACHE TYPE BREAKDOWNS ###
  System Prompt Hits: 132
  Common Phrase Hits: 0
  User Cache Hits: 596
  Multi-turn Hits: 22

### PREFIX CACHING ###
  Prefix Hits: 38
  Prefix Misses: 154
  System Prompt Reuse: 38
  Bytes Saved: 0.08GiB

### MULTI-TURN CONVERSATIONS ###
  Multi-turn Cache Hits: 22
  Multi-turn Cache Misses: 159
  Multi-turn Hit Rate: 12.2%

### QOS LATENCY METRICS (Informational - includes simulated generation) ###

  INTERACTIVE:
    Requests: 117
    Latency P95: 404620.61 ms
    Latency P99: 412906.73 ms
    SLA Met: [X] (compliance: 0.0%)

  RESPONSIVE:
    Requests: 30
    Latency P95: 371443.59 ms
    Latency P99: 392325.33 ms
    SLA Met: [X] (compliance: 0.0%)

  BATCH:
    Requests: 32
    Latency P95: 394892.42 ms
    Latency P99: 414540.37 ms
    SLA Met: [X] (compliance: 0.0%)

================================================================================
NOTES:
  - Pure storage I/O benchmark (no generation simulation)
================================================================================

Integrated Multi-User KV Cache Benchmark - MLPerf Edition
Model: Llama 3.1 70B Instruct
GPU Memory: 0 GB
Users: 70
Duration: 300s
Seed: 236
Generation Mode: none (0.0ms/token)
Features:
  - Phase-Aware Processing: Enabled
  - Multi-turn Conversations: Enabled
  - Prefix Caching: Enabled
  - RAG Workload: Disabled
  - Autoscaling: Disabled
  - QoS Support: Enabled (Interactive/Responsive/Batch)
  - Trace-Driven (BurstGPT): Disabled
  - ShareGPT Dataset: Disabled
  - Max Concurrent Allocations: 4 (bounds RAM usage)
================================================================================

User Context Length Distribution:
  Min: 749 tokens (234.06MiB)
  Max: 22770 tokens (7115.62MiB)
  Mean: 9736 tokens (3042.50MiB)

QoS Distribution:
  interactive: 12 users
  responsive: 28 users
  batch: 30 users

### MEMORY SAFETY CHECK ###
  Formula: peak = (workers x 2 x mean_entry_bytes) + baseline
         = (70 x 2 x 2500MiB) + 2.5GiB
         = 344.3GiB
  Available RAM: 989.3GiB
  Mean entry size: 2500MiB  (8000 tok x 327,680 B/tok)
  Peak per thread: 5000MiB  (np.load + np.array copy)
  Worker threads: 70
  Safe concurrent readers: ~202  = (available - baseline) / peak_per_thread
  Status: OK

Starting benchmark... Mode: standard (prefill+decode)
--------------------------------------------------------------------------------

================================================================================
BENCHMARK RESULTS - MLPerf KV Cache Storage Benchmark
Generation Mode: none (0.0ms/token)
================================================================================

IMPORTANT: All storage latencies below are measured per KV cache BLOCK,
not per token or per disk page.  Each block holds the full KV state for
one request (all layers, all heads, full sequence length).
  Model KV bytes/token: 327,680 bytes (320.0KiB)
  Entries in cache: 237
  Block size min:   90.3MiB
  Block size mean:  1739.8MiB
  Block size P95:   5311.2MiB
  Block size max:   6686.2MiB
  A 200MiB block at 1GiB/s NVMe read = ~200 ms device latency.
  Compare latencies against block sizes, not against 4KiB page I/O.


### OVERALL PERFORMANCE ###
Requests Completed: 229
Total Tokens Generated: 34923
Throughput (wall-clock): 113.21 tokens/sec
Throughput (storage I/O): 4.23 tokens/sec
Requests/sec: 0.74

### END-TO-END LATENCY (Queue Wait + Storage I/O + Generation) ###
  Mean: 199381.82 ms
  P50:  170396.02 ms
  P95:  406338.01 ms
  P99:  411359.78 ms

### PER-REQUEST STORAGE LATENCY (All I/O ops for one request) ###
  Mean: 36036.74 ms
  P50:  20490.62 ms
  P95:  117382.77 ms
  P99:  217990.03 ms
  (= 1 prefill write + N decode reads per request)

### STORAGE PERFORMANCE ###
  Cache Hit Rate: 86.1%
  Total Read: 1722.73GiB
  Total Write: 402.66GiB
  Read/Write Ratio: 4.28
  Storage KV Read Operations/sec: 4.34
  Storage KV Write Operations/sec: 0.79

### CACHE TIER DISTRIBUTION ###
  GPU Entries: 0 (0.00GiB)
  CPU Entries: 0 (0.00GiB)
  Storage Entries: 237

### TIER-SPECIFIC KV BYTES ###
  Storage KV Bytes Written: 402.66GiB
  Storage KV Bytes Read: 1722.73GiB

### STORAGE KV BANDWIDTH ###
  Storage KV Read Bandwidth: 5.58GiB/s
  Storage KV Write Bandwidth: 1.31GiB/s

### TIER-SPECIFIC LATENCIES (Total = Host + Device) ###
  Storage Read P95 (Total): 23551.18 ms
  Storage Write P95 (Total): 13062.51 ms

### STORAGE TIER LATENCY BREAKDOWN (Device = Disk I/O, Host = Serialization) ###
  Storage Read:
    - Device P95 (Disk I/O): 20393.47 ms
    - Host P95 (Serialization): 3392.39 ms
    - Total P95: 23551.18 ms
  Storage Write:
    - Device P95 (Disk I/O): 370.39 ms
    - Host P95 (Serialization): 13061.81 ms
    - Total P95: 13062.51 ms

### CACHE TYPE BREAKDOWNS ###
  System Prompt Hits: 244
  Common Phrase Hits: 0
  User Cache Hits: 1036
  Multi-turn Hits: 23

### PREFIX CACHING ###
  Prefix Hits: 42
  Prefix Misses: 195
  System Prompt Reuse: 42
  Bytes Saved: 0.09GiB

### MULTI-TURN CONVERSATIONS ###
  Multi-turn Cache Hits: 23
  Multi-turn Cache Misses: 168
  Multi-turn Hit Rate: 12.0%

### QOS LATENCY METRICS (Informational - includes simulated generation) ###

  INTERACTIVE:
    Requests: 176
    Latency P95: 406625.44 ms
    Latency P99: 412382.59 ms
    SLA Met: [X] (compliance: 0.0%)

  RESPONSIVE:
    Requests: 22
    Latency P95: 162409.04 ms
    Latency P99: 166011.12 ms
    SLA Met: [X] (compliance: 0.0%)

  BATCH:
    Requests: 31
    Latency P95: 227126.44 ms
    Latency P99: 368745.84 ms
    SLA Met: [X] (compliance: 0.0%)

================================================================================
NOTES:
  - Pure storage I/O benchmark (no generation simulation)
================================================================================

Integrated Multi-User KV Cache Benchmark - MLPerf Edition
Model: Llama 3.1 70B Instruct
GPU Memory: 0 GB
Users: 70
Duration: 300s
Seed: 111
Generation Mode: none (0.0ms/token)
Features:
  - Phase-Aware Processing: Enabled
  - Multi-turn Conversations: Enabled
  - Prefix Caching: Enabled
  - RAG Workload: Disabled
  - Autoscaling: Disabled
  - QoS Support: Enabled (Interactive/Responsive/Batch)
  - Trace-Driven (BurstGPT): Disabled
  - ShareGPT Dataset: Disabled
  - Max Concurrent Allocations: 4 (bounds RAM usage)
================================================================================

User Context Length Distribution:
  Min: 796 tokens (248.75MiB)
  Max: 22936 tokens (7167.50MiB)
  Mean: 9100 tokens (2843.82MiB)

QoS Distribution:
  interactive: 4 users
  responsive: 27 users
  batch: 39 users

### MEMORY SAFETY CHECK ###
  Formula: peak = (workers x 2 x mean_entry_bytes) + baseline
         = (70 x 2 x 2500MiB) + 2.5GiB
         = 344.3GiB
  Available RAM: 985.6GiB
  Mean entry size: 2500MiB  (8000 tok x 327,680 B/tok)
  Peak per thread: 5000MiB  (np.load + np.array copy)
  Worker threads: 70
  Safe concurrent readers: ~201  = (available - baseline) / peak_per_thread
  Status: OK

Starting benchmark... Mode: standard (prefill+decode)
--------------------------------------------------------------------------------

================================================================================
BENCHMARK RESULTS - MLPerf KV Cache Storage Benchmark
Generation Mode: none (0.0ms/token)
================================================================================

IMPORTANT: All storage latencies below are measured per KV cache BLOCK,
not per token or per disk page.  Each block holds the full KV state for
one request (all layers, all heads, full sequence length).
  Model KV bytes/token: 327,680 bytes (320.0KiB)
  Entries in cache: 222
  Block size min:   110.6MiB
  Block size mean:  1917.4MiB
  Block size P95:   5197.9MiB
  Block size max:   6334.1MiB
  A 200MiB block at 1GiB/s NVMe read = ~200 ms device latency.
  Compare latencies against block sizes, not against 4KiB page I/O.


### OVERALL PERFORMANCE ###
Requests Completed: 216
Total Tokens Generated: 33755
Throughput (wall-clock): 112.52 tokens/sec
Throughput (storage I/O): 4.49 tokens/sec
Requests/sec: 0.72

### END-TO-END LATENCY (Queue Wait + Storage I/O + Generation) ###
  Mean: 190546.77 ms
  P50:  168211.80 ms
  P95:  386667.05 ms
  P99:  399816.43 ms

### PER-REQUEST STORAGE LATENCY (All I/O ops for one request) ###
  Mean: 34795.10 ms
  P50:  21523.62 ms
  P95:  107291.30 ms
  P99:  162169.48 ms
  (= 1 prefill write + N decode reads per request)

### STORAGE PERFORMANCE ###
  Cache Hit Rate: 72.6%
  Total Read: 1628.74GiB
  Total Write: 415.70GiB
  Read/Write Ratio: 3.92
  Storage KV Read Operations/sec: 3.73
  Storage KV Write Operations/sec: 0.74

### CACHE TIER DISTRIBUTION ###
  GPU Entries: 0 (0.00GiB)
  CPU Entries: 0 (0.00GiB)
  Storage Entries: 222

### TIER-SPECIFIC KV BYTES ###
  Storage KV Bytes Written: 415.70GiB
  Storage KV Bytes Read: 1628.74GiB

### STORAGE KV BANDWIDTH ###
  Storage KV Read Bandwidth: 5.43GiB/s
  Storage KV Write Bandwidth: 1.39GiB/s

### TIER-SPECIFIC LATENCIES (Total = Host + Device) ###
  Storage Read P95 (Total): 20845.38 ms
  Storage Write P95 (Total): 16157.96 ms

### STORAGE TIER LATENCY BREAKDOWN (Device = Disk I/O, Host = Serialization) ###
  Storage Read:
    - Device P95 (Disk I/O): 16705.66 ms
    - Host P95 (Serialization): 9035.09 ms
    - Total P95: 20845.38 ms
  Storage Write:
    - Device P95 (Disk I/O): 261.10 ms
    - Host P95 (Serialization): 14581.18 ms
    - Total P95: 16157.96 ms

### CACHE TYPE BREAKDOWNS ###
  System Prompt Hits: 176
  Common Phrase Hits: 0
  User Cache Hits: 924
  Multi-turn Hits: 18

### PREFIX CACHING ###
  Prefix Hits: 45
  Prefix Misses: 177
  System Prompt Reuse: 45
  Bytes Saved: 0.09GiB

### MULTI-TURN CONVERSATIONS ###
  Multi-turn Cache Hits: 18
  Multi-turn Cache Misses: 376
  Multi-turn Hit Rate: 4.6%

### QOS LATENCY METRICS (Informational - includes simulated generation) ###

  INTERACTIVE:
    Requests: 151
    Latency P95: 387771.96 ms
    Latency P99: 402508.75 ms
    SLA Met: [X] (compliance: 0.0%)

  RESPONSIVE:
    Requests: 33
    Latency P95: 117613.55 ms
    Latency P99: 188352.54 ms
    SLA Met: [X] (compliance: 0.0%)

  BATCH:
    Requests: 32
    Latency P95: 167555.86 ms
    Latency P99: 240438.47 ms
    SLA Met: [X] (compliance: 0.0%)

================================================================================
NOTES:
  - Pure storage I/O benchmark (no generation simulation)
================================================================================

Integrated Multi-User KV Cache Benchmark - MLPerf Edition
Model: Llama 3.1 70B Instruct
GPU Memory: 0 GB
Users: 70
Duration: 300s
Seed: 240
Generation Mode: none (0.0ms/token)
Features:
  - Phase-Aware Processing: Enabled
  - Multi-turn Conversations: Enabled
  - Prefix Caching: Enabled
  - RAG Workload: Disabled
  - Autoscaling: Disabled
  - QoS Support: Enabled (Interactive/Responsive/Batch)
  - Trace-Driven (BurstGPT): Disabled
  - ShareGPT Dataset: Disabled
  - Max Concurrent Allocations: 4 (bounds RAM usage)
================================================================================

User Context Length Distribution:
  Min: 622 tokens (194.38MiB)
  Max: 23402 tokens (7313.12MiB)
  Mean: 9063 tokens (2832.33MiB)

QoS Distribution:
  interactive: 11 users
  responsive: 27 users
  batch: 32 users

### MEMORY SAFETY CHECK ###
  Formula: peak = (workers x 2 x mean_entry_bytes) + baseline
         = (70 x 2 x 2500MiB) + 2.5GiB
         = 344.3GiB
  Available RAM: 988.5GiB
  Mean entry size: 2500MiB  (8000 tok x 327,680 B/tok)
  Peak per thread: 5000MiB  (np.load + np.array copy)
  Worker threads: 70
  Safe concurrent readers: ~201  = (available - baseline) / peak_per_thread
  Status: OK

Starting benchmark... Mode: standard (prefill+decode)
--------------------------------------------------------------------------------

================================================================================
BENCHMARK RESULTS - MLPerf KV Cache Storage Benchmark
Generation Mode: none (0.0ms/token)
================================================================================

IMPORTANT: All storage latencies below are measured per KV cache BLOCK,
not per token or per disk page.  Each block holds the full KV state for
one request (all layers, all heads, full sequence length).
  Model KV bytes/token: 327,680 bytes (320.0KiB)
  Entries in cache: 208
  Block size min:   78.4MiB
  Block size mean:  1769.2MiB
  Block size P95:   5249.1MiB
  Block size max:   7074.4MiB
  A 200MiB block at 1GiB/s NVMe read = ~200 ms device latency.
  Compare latencies against block sizes, not against 4KiB page I/O.


### OVERALL PERFORMANCE ###
Requests Completed: 201
Total Tokens Generated: 45075
Throughput (wall-clock): 142.18 tokens/sec
Throughput (storage I/O): 3.92 tokens/sec
Requests/sec: 0.63

### END-TO-END LATENCY (Queue Wait + Storage I/O + Generation) ###
  Mean: 209855.23 ms
  P50:  192839.73 ms
  P95:  410796.74 ms
  P99:  416796.72 ms

### PER-REQUEST STORAGE LATENCY (All I/O ops for one request) ###
  Mean: 57246.02 ms
  P50:  33226.85 ms
  P95:  195883.28 ms
  P99:  280248.01 ms
  (= 1 prefill write + N decode reads per request)

### STORAGE PERFORMANCE ###
  Cache Hit Rate: 82.6%
  Total Read: 2478.87GiB
  Total Write: 359.37GiB
  Read/Write Ratio: 6.90
  Storage KV Read Operations/sec: 5.47
  Storage KV Write Operations/sec: 0.69

### CACHE TIER DISTRIBUTION ###
  GPU Entries: 0 (0.00GiB)
  CPU Entries: 0 (0.00GiB)
  Storage Entries: 208

### TIER-SPECIFIC KV BYTES ###
  Storage KV Bytes Written: 359.37GiB
  Storage KV Bytes Read: 2478.87GiB

### STORAGE KV BANDWIDTH ###
  Storage KV Read Bandwidth: 7.82GiB/s
  Storage KV Write Bandwidth: 1.13GiB/s

### TIER-SPECIFIC LATENCIES (Total = Host + Device) ###
  Storage Read P95 (Total): 25445.30 ms
  Storage Write P95 (Total): 14211.48 ms

### STORAGE TIER LATENCY BREAKDOWN (Device = Disk I/O, Host = Serialization) ###
  Storage Read:
    - Device P95 (Disk I/O): 22399.25 ms
    - Host P95 (Serialization): 5963.74 ms
    - Total P95: 25445.30 ms
  Storage Write:
    - Device P95 (Disk I/O): 299.10 ms
    - Host P95 (Serialization): 14194.82 ms
    - Total P95: 14211.48 ms

### CACHE TYPE BREAKDOWNS ###
  System Prompt Hits: 347
  Common Phrase Hits: 0
  User Cache Hits: 1266
  Multi-turn Hits: 29

### PREFIX CACHING ###
  Prefix Hits: 36
  Prefix Misses: 172
  System Prompt Reuse: 36
  Bytes Saved: 0.07GiB

### MULTI-TURN CONVERSATIONS ###
  Multi-turn Cache Hits: 29
  Multi-turn Cache Misses: 311
  Multi-turn Hit Rate: 8.5%

### QOS LATENCY METRICS (Informational - includes simulated generation) ###

  INTERACTIVE:
    Requests: 145
    Latency P95: 412616.52 ms
    Latency P99: 418469.39 ms
    SLA Met: [X] (compliance: 0.0%)

  RESPONSIVE:
    Requests: 28
    Latency P95: 143228.47 ms
    Latency P99: 180433.58 ms
    SLA Met: [X] (compliance: 0.0%)

  BATCH:
    Requests: 28
    Latency P95: 128287.34 ms
    Latency P99: 279763.34 ms
    SLA Met: [X] (compliance: 0.0%)

================================================================================
NOTES:
  - Pure storage I/O benchmark (no generation simulation)
================================================================================

Integrated Multi-User KV Cache Benchmark - MLPerf Edition
Model: Llama 3.1 70B Instruct
GPU Memory: 0 GB
Users: 70
Duration: 300s
Seed: 66
Generation Mode: none (0.0ms/token)
Features:
  - Phase-Aware Processing: Enabled
  - Multi-turn Conversations: Enabled
  - Prefix Caching: Enabled
  - RAG Workload: Disabled
  - Autoscaling: Disabled
  - QoS Support: Enabled (Interactive/Responsive/Batch)
  - Trace-Driven (BurstGPT): Disabled
  - ShareGPT Dataset: Disabled
  - Max Concurrent Allocations: 4 (bounds RAM usage)
================================================================================

User Context Length Distribution:
  Min: 578 tokens (180.62MiB)
  Max: 24479 tokens (7649.69MiB)
  Mean: 9428 tokens (2946.30MiB)

QoS Distribution:
  interactive: 10 users
  responsive: 22 users
  batch: 38 users

### MEMORY SAFETY CHECK ###
  Formula: peak = (workers x 2 x mean_entry_bytes) + baseline
         = (70 x 2 x 2500MiB) + 2.5GiB
         = 344.3GiB
  Available RAM: 990.2GiB
  Mean entry size: 2500MiB  (8000 tok x 327,680 B/tok)
  Peak per thread: 5000MiB  (np.load + np.array copy)
  Worker threads: 70
  Safe concurrent readers: ~202  = (available - baseline) / peak_per_thread
  Status: OK

Starting benchmark... Mode: standard (prefill+decode)
--------------------------------------------------------------------------------

================================================================================
BENCHMARK RESULTS - MLPerf KV Cache Storage Benchmark
Generation Mode: none (0.0ms/token)
================================================================================

IMPORTANT: All storage latencies below are measured per KV cache BLOCK,
not per token or per disk page.  Each block holds the full KV state for
one request (all layers, all heads, full sequence length).
  Model KV bytes/token: 327,680 bytes (320.0KiB)
  Entries in cache: 224
  Block size min:   53.1MiB
  Block size mean:  2147.9MiB
  Block size P95:   6085.0MiB
  Block size max:   7468.8MiB
  A 200MiB block at 1GiB/s NVMe read = ~200 ms device latency.
  Compare latencies against block sizes, not against 4KiB page I/O.


### OVERALL PERFORMANCE ###
Requests Completed: 221
Total Tokens Generated: 42743
Throughput (wall-clock): 142.48 tokens/sec
Throughput (storage I/O): 5.59 tokens/sec
Requests/sec: 0.74

### END-TO-END LATENCY (Queue Wait + Storage I/O + Generation) ###
  Mean: 199096.72 ms
  P50:  183179.09 ms
  P95:  408207.81 ms
  P99:  414894.90 ms

### PER-REQUEST STORAGE LATENCY (All I/O ops for one request) ###
  Mean: 34613.00 ms
  P50:  16077.32 ms
  P95:  117939.91 ms
  P99:  177847.01 ms
  (= 1 prefill write + N decode reads per request)

### STORAGE PERFORMANCE ###
  Cache Hit Rate: 83.4%
  Total Read: 1671.48GiB
  Total Write: 469.85GiB
  Read/Write Ratio: 3.56
  Storage KV Read Operations/sec: 4.34
  Storage KV Write Operations/sec: 0.75

### CACHE TIER DISTRIBUTION ###
  GPU Entries: 0 (0.00GiB)
  CPU Entries: 0 (0.00GiB)
  Storage Entries: 224

### TIER-SPECIFIC KV BYTES ###
  Storage KV Bytes Written: 469.85GiB
  Storage KV Bytes Read: 1671.48GiB

### STORAGE KV BANDWIDTH ###
  Storage KV Read Bandwidth: 5.57GiB/s
  Storage KV Write Bandwidth: 1.57GiB/s

### TIER-SPECIFIC LATENCIES (Total = Host + Device) ###
  Storage Read P95 (Total): 19051.65 ms
  Storage Write P95 (Total): 12053.37 ms

### STORAGE TIER LATENCY BREAKDOWN (Device = Disk I/O, Host = Serialization) ###
  Storage Read:
    - Device P95 (Disk I/O): 15257.17 ms
    - Host P95 (Serialization): 4133.69 ms
    - Total P95: 19051.65 ms
  Storage Write:
    - Device P95 (Disk I/O): 327.12 ms
    - Host P95 (Serialization): 11850.74 ms
    - Total P95: 12053.37 ms

### CACHE TYPE BREAKDOWNS ###
  System Prompt Hits: 285
  Common Phrase Hits: 0
  User Cache Hits: 1005
  Multi-turn Hits: 13

### PREFIX CACHING ###
  Prefix Hits: 48
  Prefix Misses: 176
  System Prompt Reuse: 48
  Bytes Saved: 0.10GiB

### MULTI-TURN CONVERSATIONS ###
  Multi-turn Cache Hits: 13
  Multi-turn Cache Misses: 211
  Multi-turn Hit Rate: 5.8%

### QOS LATENCY METRICS (Informational - includes simulated generation) ###

  INTERACTIVE:
    Requests: 159
    Latency P95: 411013.63 ms
    Latency P99: 416370.59 ms
    SLA Met: [X] (compliance: 0.0%)

  RESPONSIVE:
    Requests: 20
    Latency P95: 117622.33 ms
    Latency P99: 120975.76 ms
    SLA Met: [X] (compliance: 0.0%)

  BATCH:
    Requests: 42
    Latency P95: 209025.50 ms
    Latency P99: 339872.65 ms
    SLA Met: [X] (compliance: 0.0%)

================================================================================
NOTES:
  - Pure storage I/O benchmark (no generation simulation)
================================================================================

Integrated Multi-User KV Cache Benchmark - MLPerf Edition
Model: Llama 3.1 70B Instruct
GPU Memory: 0 GB
Users: 70
Duration: 300s
Seed: 235
Generation Mode: none (0.0ms/token)
Features:
  - Phase-Aware Processing: Enabled
  - Multi-turn Conversations: Enabled
  - Prefix Caching: Enabled
  - RAG Workload: Disabled
  - Autoscaling: Disabled
  - QoS Support: Enabled (Interactive/Responsive/Batch)
  - Trace-Driven (BurstGPT): Disabled
  - ShareGPT Dataset: Disabled
  - Max Concurrent Allocations: 4 (bounds RAM usage)
================================================================================

User Context Length Distribution:
  Min: 620 tokens (193.75MiB)
  Max: 23471 tokens (7334.69MiB)
  Mean: 10110 tokens (3159.51MiB)

QoS Distribution:
  interactive: 7 users
  responsive: 25 users
  batch: 38 users

### MEMORY SAFETY CHECK ###
  Formula: peak = (workers x 2 x mean_entry_bytes) + baseline
         = (70 x 2 x 2500MiB) + 2.5GiB
         = 344.3GiB
  Available RAM: 988.6GiB
  Mean entry size: 2500MiB  (8000 tok x 327,680 B/tok)
  Peak per thread: 5000MiB  (np.load + np.array copy)
  Worker threads: 70
  Safe concurrent readers: ~201  = (available - baseline) / peak_per_thread
  Status: OK

Starting benchmark... Mode: standard (prefill+decode)
--------------------------------------------------------------------------------

================================================================================
BENCHMARK RESULTS - MLPerf KV Cache Storage Benchmark
Generation Mode: none (0.0ms/token)
================================================================================

IMPORTANT: All storage latencies below are measured per KV cache BLOCK,
not per token or per disk page.  Each block holds the full KV state for
one request (all layers, all heads, full sequence length).
  Model KV bytes/token: 327,680 bytes (320.0KiB)
  Entries in cache: 186
  Block size min:   59.1MiB
  Block size mean:  2698.9MiB
  Block size P95:   6105.8MiB
  Block size max:   6640.6MiB
  A 200MiB block at 1GiB/s NVMe read = ~200 ms device latency.
  Compare latencies against block sizes, not against 4KiB page I/O.


### OVERALL PERFORMANCE ###
Requests Completed: 173
Total Tokens Generated: 39165
Throughput (wall-clock): 130.38 tokens/sec
Throughput (storage I/O): 5.98 tokens/sec
Requests/sec: 0.58

### END-TO-END LATENCY (Queue Wait + Storage I/O + Generation) ###
  Mean: 194931.45 ms
  P50:  188688.74 ms
  P95:  403690.58 ms
  P99:  412553.36 ms

### PER-REQUEST STORAGE LATENCY (All I/O ops for one request) ###
  Mean: 38295.94 ms
  P50:  13095.55 ms
  P95:  135617.04 ms
  P99:  231942.74 ms
  (= 1 prefill write + N decode reads per request)

### STORAGE PERFORMANCE ###
  Cache Hit Rate: 76.5%
  Total Read: 1482.65GiB
  Total Write: 495.44GiB
  Read/Write Ratio: 2.99
  Storage KV Read Operations/sec: 3.19
  Storage KV Write Operations/sec: 0.62

### CACHE TIER DISTRIBUTION ###
  GPU Entries: 0 (0.00GiB)
  CPU Entries: 0 (0.00GiB)
  Storage Entries: 183

### TIER-SPECIFIC KV BYTES ###
  Storage KV Bytes Written: 482.67GiB
  Storage KV Bytes Read: 1482.65GiB

### STORAGE KV BANDWIDTH ###
  Storage KV Read Bandwidth: 4.94GiB/s
  Storage KV Write Bandwidth: 1.61GiB/s

### TIER-SPECIFIC LATENCIES (Total = Host + Device) ###
  Storage Read P95 (Total): 22105.60 ms
  Storage Write P95 (Total): 19243.64 ms

### STORAGE TIER LATENCY BREAKDOWN (Device = Disk I/O, Host = Serialization) ###
  Storage Read:
    - Device P95 (Disk I/O): 19579.16 ms
    - Host P95 (Serialization): 5197.91 ms
    - Total P95: 22105.60 ms
  Storage Write:
    - Device P95 (Disk I/O): 302.03 ms
    - Host P95 (Serialization): 18744.95 ms
    - Total P95: 19243.64 ms

### CACHE TYPE BREAKDOWNS ###
  System Prompt Hits: 221
  Common Phrase Hits: 0
  User Cache Hits: 725
  Multi-turn Hits: 11

### PREFIX CACHING ###
  Prefix Hits: 37
  Prefix Misses: 150
  System Prompt Reuse: 37
  Bytes Saved: 0.07GiB

### MULTI-TURN CONVERSATIONS ###
  Multi-turn Cache Hits: 11
  Multi-turn Cache Misses: 256
  Multi-turn Hit Rate: 4.1%

### QOS LATENCY METRICS (Informational - includes simulated generation) ###

  INTERACTIVE:
    Requests: 112
    Latency P95: 410055.22 ms
    Latency P99: 416052.14 ms
    SLA Met: [X] (compliance: 0.0%)

  RESPONSIVE:
    Requests: 26
    Latency P95: 190384.04 ms
    Latency P99: 272912.28 ms
    SLA Met: [X] (compliance: 0.0%)

  BATCH:
    Requests: 35
    Latency P95: 310517.41 ms
    Latency P99: 319019.16 ms
    SLA Met: [X] (compliance: 0.0%)

================================================================================
NOTES:
  - Pure storage I/O benchmark (no generation simulation)
================================================================================

Integrated Multi-User KV Cache Benchmark - MLPerf Edition
Model: Llama 3.1 70B Instruct
GPU Memory: 0 GB
Users: 70
Duration: 300s
Seed: 157
Generation Mode: none (0.0ms/token)
Features:
  - Phase-Aware Processing: Enabled
  - Multi-turn Conversations: Enabled
  - Prefix Caching: Enabled
  - RAG Workload: Disabled
  - Autoscaling: Disabled
  - QoS Support: Enabled (Interactive/Responsive/Batch)
  - Trace-Driven (BurstGPT): Disabled
  - ShareGPT Dataset: Disabled
  - Max Concurrent Allocations: 4 (bounds RAM usage)
================================================================================

User Context Length Distribution:
  Min: 622 tokens (194.38MiB)
  Max: 24748 tokens (7733.75MiB)
  Mean: 10624 tokens (3320.11MiB)

QoS Distribution:
  interactive: 15 users
  responsive: 15 users
  batch: 40 users

### MEMORY SAFETY CHECK ###
  Formula: peak = (workers x 2 x mean_entry_bytes) + baseline
         = (70 x 2 x 2500MiB) + 2.5GiB
         = 344.3GiB
  Available RAM: 990.0GiB
  Mean entry size: 2500MiB  (8000 tok x 327,680 B/tok)
  Peak per thread: 5000MiB  (np.load + np.array copy)
  Worker threads: 70
  Safe concurrent readers: ~202  = (available - baseline) / peak_per_thread
  Status: OK

Starting benchmark... Mode: standard (prefill+decode)
--------------------------------------------------------------------------------

================================================================================
BENCHMARK RESULTS - MLPerf KV Cache Storage Benchmark
Generation Mode: none (0.0ms/token)
================================================================================

IMPORTANT: All storage latencies below are measured per KV cache BLOCK,
not per token or per disk page.  Each block holds the full KV state for
one request (all layers, all heads, full sequence length).
  Model KV bytes/token: 327,680 bytes (320.0KiB)
  Entries in cache: 252
  Block size min:   50.0MiB
  Block size mean:  1829.7MiB
  Block size P95:   5022.8MiB
  Block size max:   6402.8MiB
  A 200MiB block at 1GiB/s NVMe read = ~200 ms device latency.
  Compare latencies against block sizes, not against 4KiB page I/O.


### OVERALL PERFORMANCE ###
Requests Completed: 244
Total Tokens Generated: 46841
Throughput (wall-clock): 155.87 tokens/sec
Throughput (storage I/O): 5.04 tokens/sec
Requests/sec: 0.81

### END-TO-END LATENCY (Queue Wait + Storage I/O + Generation) ###
  Mean: 194215.59 ms
  P50:  171387.16 ms
  P95:  415613.22 ms
  P99:  421923.79 ms

### PER-REQUEST STORAGE LATENCY (All I/O ops for one request) ###
  Mean: 38126.23 ms
  P50:  20445.94 ms
  P95:  139544.52 ms
  P99:  193595.95 ms
  (= 1 prefill write + N decode reads per request)

### STORAGE PERFORMANCE ###
  Cache Hit Rate: 75.4%
  Total Read: 2239.85GiB
  Total Write: 450.28GiB
  Read/Write Ratio: 4.97
  Storage KV Read Operations/sec: 5.13
  Storage KV Write Operations/sec: 0.84

### CACHE TIER DISTRIBUTION ###
  GPU Entries: 0 (0.00GiB)
  CPU Entries: 0 (0.00GiB)
  Storage Entries: 252

### TIER-SPECIFIC KV BYTES ###
  Storage KV Bytes Written: 450.28GiB
  Storage KV Bytes Read: 2239.85GiB

### STORAGE KV BANDWIDTH ###
  Storage KV Read Bandwidth: 7.45GiB/s
  Storage KV Write Bandwidth: 1.50GiB/s

### TIER-SPECIFIC LATENCIES (Total = Host + Device) ###
  Storage Read P95 (Total): 16862.49 ms
  Storage Write P95 (Total): 10849.10 ms

### STORAGE TIER LATENCY BREAKDOWN (Device = Disk I/O, Host = Serialization) ###
  Storage Read:
    - Device P95 (Disk I/O): 14095.45 ms
    - Host P95 (Serialization): 4191.14 ms
    - Total P95: 16862.49 ms
  Storage Write:
    - Device P95 (Disk I/O): 1066.96 ms
    - Host P95 (Serialization): 10427.89 ms
    - Total P95: 10849.10 ms

### CACHE TYPE BREAKDOWNS ###
  System Prompt Hits: 295
  Common Phrase Hits: 0
  User Cache Hits: 1202
  Multi-turn Hits: 41

### PREFIX CACHING ###
  Prefix Hits: 52
  Prefix Misses: 200
  System Prompt Reuse: 52
  Bytes Saved: 0.10GiB

### MULTI-TURN CONVERSATIONS ###
  Multi-turn Cache Hits: 41
  Multi-turn Cache Misses: 449
  Multi-turn Hit Rate: 8.4%

### QOS LATENCY METRICS (Informational - includes simulated generation) ###

  INTERACTIVE:
    Requests: 192
    Latency P95: 416404.90 ms
    Latency P99: 422189.65 ms
    SLA Met: [X] (compliance: 0.0%)

  RESPONSIVE:
    Requests: 18
    Latency P95: 100140.28 ms
    Latency P99: 104635.55 ms
    SLA Met: [X] (compliance: 0.0%)

  BATCH:
    Requests: 34
    Latency P95: 207922.21 ms
    Latency P99: 354750.93 ms
    SLA Met: [X] (compliance: 0.0%)

================================================================================
NOTES:
  - Pure storage I/O benchmark (no generation simulation)
================================================================================

Integrated Multi-User KV Cache Benchmark - MLPerf Edition
Model: Llama 3.1 70B Instruct
GPU Memory: 0 GB
Users: 70
Duration: 300s
Seed: 156
Generation Mode: none (0.0ms/token)
Features:
  - Phase-Aware Processing: Enabled
  - Multi-turn Conversations: Enabled
  - Prefix Caching: Enabled
  - RAG Workload: Disabled
  - Autoscaling: Disabled
  - QoS Support: Enabled (Interactive/Responsive/Batch)
  - Trace-Driven (BurstGPT): Disabled
  - ShareGPT Dataset: Disabled
  - Max Concurrent Allocations: 4 (bounds RAM usage)
================================================================================

User Context Length Distribution:
  Min: 564 tokens (176.25MiB)
  Max: 24459 tokens (7643.44MiB)
  Mean: 9267 tokens (2896.05MiB)

QoS Distribution:
  interactive: 12 users
  responsive: 24 users
  batch: 34 users

### MEMORY SAFETY CHECK ###
  Formula: peak = (workers x 2 x mean_entry_bytes) + baseline
         = (70 x 2 x 2500MiB) + 2.5GiB
         = 344.3GiB
  Available RAM: 990.8GiB
  Mean entry size: 2500MiB  (8000 tok x 327,680 B/tok)
  Peak per thread: 5000MiB  (np.load + np.array copy)
  Worker threads: 70
  Safe concurrent readers: ~202  = (available - baseline) / peak_per_thread
  Status: OK

Starting benchmark... Mode: standard (prefill+decode)
--------------------------------------------------------------------------------

================================================================================
BENCHMARK RESULTS - MLPerf KV Cache Storage Benchmark
Generation Mode: none (0.0ms/token)
================================================================================

IMPORTANT: All storage latencies below are measured per KV cache BLOCK,
not per token or per disk page.  Each block holds the full KV state for
one request (all layers, all heads, full sequence length).
  Model KV bytes/token: 327,680 bytes (320.0KiB)
  Entries in cache: 247
  Block size min:   85.0MiB
  Block size mean:  1921.1MiB
  Block size P95:   5079.5MiB
  Block size max:   7061.2MiB
  A 200MiB block at 1GiB/s NVMe read = ~200 ms device latency.
  Compare latencies against block sizes, not against 4KiB page I/O.


### OVERALL PERFORMANCE ###
Requests Completed: 240
Total Tokens Generated: 31274
Throughput (wall-clock): 103.63 tokens/sec
Throughput (storage I/O): 4.63 tokens/sec
Requests/sec: 0.80

### END-TO-END LATENCY (Queue Wait + Storage I/O + Generation) ###
  Mean: 200538.52 ms
  P50:  184629.07 ms
  P95:  409918.21 ms
  P99:  417074.95 ms

### PER-REQUEST STORAGE LATENCY (All I/O ops for one request) ###
  Mean: 28146.63 ms
  P50:  13798.44 ms
  P95:  97949.14 ms
  P99:  188164.18 ms
  (= 1 prefill write + N decode reads per request)

### STORAGE PERFORMANCE ###
  Cache Hit Rate: 72.5%
  Total Read: 1451.89GiB
  Total Write: 463.39GiB
  Read/Write Ratio: 3.13
  Storage KV Read Operations/sec: 3.54
  Storage KV Write Operations/sec: 0.82

### CACHE TIER DISTRIBUTION ###
  GPU Entries: 0 (0.00GiB)
  CPU Entries: 0 (0.00GiB)
  Storage Entries: 247

### TIER-SPECIFIC KV BYTES ###
  Storage KV Bytes Written: 463.39GiB
  Storage KV Bytes Read: 1451.89GiB

### STORAGE KV BANDWIDTH ###
  Storage KV Read Bandwidth: 4.81GiB/s
  Storage KV Write Bandwidth: 1.54GiB/s

### TIER-SPECIFIC LATENCIES (Total = Host + Device) ###
  Storage Read P95 (Total): 19182.21 ms
  Storage Write P95 (Total): 12593.96 ms

### STORAGE TIER LATENCY BREAKDOWN (Device = Disk I/O, Host = Serialization) ###
  Storage Read:
    - Device P95 (Disk I/O): 16780.99 ms
    - Host P95 (Serialization): 5767.37 ms
    - Total P95: 19182.21 ms
  Storage Write:
    - Device P95 (Disk I/O): 299.01 ms
    - Host P95 (Serialization): 12512.82 ms
    - Total P95: 12593.96 ms

### CACHE TYPE BREAKDOWNS ###
  System Prompt Hits: 204
  Common Phrase Hits: 0
  User Cache Hits: 821
  Multi-turn Hits: 36

### PREFIX CACHING ###
  Prefix Hits: 39
  Prefix Misses: 208
  System Prompt Reuse: 39
  Bytes Saved: 0.08GiB

### MULTI-TURN CONVERSATIONS ###
  Multi-turn Cache Hits: 36
  Multi-turn Cache Misses: 363
  Multi-turn Hit Rate: 9.0%

### QOS LATENCY METRICS (Informational - includes simulated generation) ###

  INTERACTIVE:
    Requests: 188
    Latency P95: 411685.37 ms
    Latency P99: 417642.57 ms
    SLA Met: [X] (compliance: 0.0%)

  RESPONSIVE:
    Requests: 20
    Latency P95: 243782.47 ms
    Latency P99: 346821.68 ms
    SLA Met: [X] (compliance: 0.0%)

  BATCH:
    Requests: 32
    Latency P95: 172206.79 ms
    Latency P99: 189463.34 ms
    SLA Met: [X] (compliance: 0.0%)

================================================================================
NOTES:
  - Pure storage I/O benchmark (no generation simulation)
================================================================================

Integrated Multi-User KV Cache Benchmark - MLPerf Edition
Model: Llama 3.1 70B Instruct
GPU Memory: 0 GB
Users: 70
Duration: 300s
Seed: 123
Generation Mode: none (0.0ms/token)
Features:
  - Phase-Aware Processing: Enabled
  - Multi-turn Conversations: Enabled
  - Prefix Caching: Enabled
  - RAG Workload: Disabled
  - Autoscaling: Disabled
  - QoS Support: Enabled (Interactive/Responsive/Batch)
  - Trace-Driven (BurstGPT): Disabled
  - ShareGPT Dataset: Disabled
  - Max Concurrent Allocations: 4 (bounds RAM usage)
================================================================================

User Context Length Distribution:
  Min: 547 tokens (170.94MiB)
  Max: 24939 tokens (7793.44MiB)
  Mean: 9478 tokens (2961.96MiB)

QoS Distribution:
  interactive: 14 users
  responsive: 25 users
  batch: 31 users

### MEMORY SAFETY CHECK ###
  Formula: peak = (workers x 2 x mean_entry_bytes) + baseline
         = (70 x 2 x 2500MiB) + 2.5GiB
         = 344.3GiB
  Available RAM: 990.6GiB
  Mean entry size: 2500MiB  (8000 tok x 327,680 B/tok)
  Peak per thread: 5000MiB  (np.load + np.array copy)
  Worker threads: 70
  Safe concurrent readers: ~202  = (available - baseline) / peak_per_thread
  Status: OK

Starting benchmark... Mode: standard (prefill+decode)
--------------------------------------------------------------------------------

================================================================================
BENCHMARK RESULTS - MLPerf KV Cache Storage Benchmark
Generation Mode: none (0.0ms/token)
================================================================================

IMPORTANT: All storage latencies below are measured per KV cache BLOCK,
not per token or per disk page.  Each block holds the full KV state for
one request (all layers, all heads, full sequence length).
  Model KV bytes/token: 327,680 bytes (320.0KiB)
  Entries in cache: 224
  Block size min:   55.0MiB
  Block size mean:  1979.5MiB
  Block size P95:   5617.7MiB
  Block size max:   6802.2MiB
  A 200MiB block at 1GiB/s NVMe read = ~200 ms device latency.
  Compare latencies against block sizes, not against 4KiB page I/O.


### OVERALL PERFORMANCE ###
Requests Completed: 216
Total Tokens Generated: 38169
Throughput (wall-clock): 122.37 tokens/sec
Throughput (storage I/O): 5.18 tokens/sec
Requests/sec: 0.69

### END-TO-END LATENCY (Queue Wait + Storage I/O + Generation) ###
  Mean: 205330.66 ms
  P50:  205616.47 ms
  P95:  415166.02 ms
  P99:  421179.56 ms

### PER-REQUEST STORAGE LATENCY (All I/O ops for one request) ###
  Mean: 34083.81 ms
  P50:  12086.86 ms
  P95:  138515.45 ms
  P99:  218220.91 ms
  (= 1 prefill write + N decode reads per request)

### STORAGE PERFORMANCE ###
  Cache Hit Rate: 76.3%
  Total Read: 1561.42GiB
  Total Write: 433.01GiB
  Read/Write Ratio: 3.61
  Storage KV Read Operations/sec: 3.72
  Storage KV Write Operations/sec: 0.75

### CACHE TIER DISTRIBUTION ###
  GPU Entries: 0 (0.00GiB)
  CPU Entries: 0 (0.00GiB)
  Storage Entries: 224

### TIER-SPECIFIC KV BYTES ###
  Storage KV Bytes Written: 433.01GiB
  Storage KV Bytes Read: 1561.42GiB

### STORAGE KV BANDWIDTH ###
  Storage KV Read Bandwidth: 5.01GiB/s
  Storage KV Write Bandwidth: 1.39GiB/s

### TIER-SPECIFIC LATENCIES (Total = Host + Device) ###
  Storage Read P95 (Total): 20884.75 ms
  Storage Write P95 (Total): 14367.59 ms

### STORAGE TIER LATENCY BREAKDOWN (Device = Disk I/O, Host = Serialization) ###
  Storage Read:
    - Device P95 (Disk I/O): 15415.27 ms
    - Host P95 (Serialization): 6590.97 ms
    - Total P95: 20884.75 ms
  Storage Write:
    - Device P95 (Disk I/O): 538.57 ms
    - Host P95 (Serialization): 13653.86 ms
    - Total P95: 14367.59 ms

### CACHE TYPE BREAKDOWNS ###
  System Prompt Hits: 166
  Common Phrase Hits: 0
  User Cache Hits: 944
  Multi-turn Hits: 7

### PREFIX CACHING ###
  Prefix Hits: 38
  Prefix Misses: 186
  System Prompt Reuse: 38
  Bytes Saved: 0.08GiB

### MULTI-TURN CONVERSATIONS ###
  Multi-turn Cache Hits: 7
  Multi-turn Cache Misses: 309
  Multi-turn Hit Rate: 2.2%

### QOS LATENCY METRICS (Informational - includes simulated generation) ###

  INTERACTIVE:
    Requests: 162
    Latency P95: 416381.99 ms
    Latency P99: 421401.46 ms
    SLA Met: [X] (compliance: 0.0%)

  RESPONSIVE:
    Requests: 33
    Latency P95: 211994.01 ms
    Latency P99: 341942.22 ms
    SLA Met: [X] (compliance: 0.0%)

  BATCH:
    Requests: 21
    Latency P95: 267846.17 ms
    Latency P99: 385717.08 ms
    SLA Met: [X] (compliance: 0.0%)

================================================================================
NOTES:
  - Pure storage I/O benchmark (no generation simulation)
================================================================================

Integrated Multi-User KV Cache Benchmark - MLPerf Edition
Model: Llama 3.1 70B Instruct
GPU Memory: 0 GB
Users: 70
Duration: 300s
Seed: 53
Generation Mode: none (0.0ms/token)
Features:
  - Phase-Aware Processing: Enabled
  - Multi-turn Conversations: Enabled
  - Prefix Caching: Enabled
  - RAG Workload: Disabled
  - Autoscaling: Disabled
  - QoS Support: Enabled (Interactive/Responsive/Batch)
  - Trace-Driven (BurstGPT): Disabled
  - ShareGPT Dataset: Disabled
  - Max Concurrent Allocations: 4 (bounds RAM usage)
================================================================================

User Context Length Distribution:
  Min: 723 tokens (225.94MiB)
  Max: 24991 tokens (7809.69MiB)
  Mean: 9434 tokens (2948.27MiB)

QoS Distribution:
  interactive: 10 users
  responsive: 22 users
  batch: 38 users

### MEMORY SAFETY CHECK ###
  Formula: peak = (workers x 2 x mean_entry_bytes) + baseline
         = (70 x 2 x 2500MiB) + 2.5GiB
         = 344.3GiB
  Available RAM: 989.4GiB
  Mean entry size: 2500MiB  (8000 tok x 327,680 B/tok)
  Peak per thread: 5000MiB  (np.load + np.array copy)
  Worker threads: 70
  Safe concurrent readers: ~202  = (available - baseline) / peak_per_thread
  Status: OK

Starting benchmark... Mode: standard (prefill+decode)
--------------------------------------------------------------------------------

================================================================================
BENCHMARK RESULTS - MLPerf KV Cache Storage Benchmark
Generation Mode: none (0.0ms/token)
================================================================================

IMPORTANT: All storage latencies below are measured per KV cache BLOCK,
not per token or per disk page.  Each block holds the full KV state for
one request (all layers, all heads, full sequence length).
  Model KV bytes/token: 327,680 bytes (320.0KiB)
  Entries in cache: 214
  Block size min:   158.1MiB
  Block size mean:  2029.4MiB
  Block size P95:   5245.0MiB
  Block size max:   6755.6MiB
  A 200MiB block at 1GiB/s NVMe read = ~200 ms device latency.
  Compare latencies against block sizes, not against 4KiB page I/O.


### OVERALL PERFORMANCE ###
Requests Completed: 209
Total Tokens Generated: 24943
Throughput (wall-clock): 78.23 tokens/sec
Throughput (storage I/O): 4.36 tokens/sec
Requests/sec: 0.66

### END-TO-END LATENCY (Queue Wait + Storage I/O + Generation) ###
  Mean: 202361.30 ms
  P50:  175117.98 ms
  P95:  413680.45 ms
  P99:  427326.56 ms

### PER-REQUEST STORAGE LATENCY (All I/O ops for one request) ###
  Mean: 27351.87 ms
  P50:  11039.20 ms
  P95:  103546.46 ms
  P99:  170731.16 ms
  (= 1 prefill write + N decode reads per request)

### STORAGE PERFORMANCE ###
  Cache Hit Rate: 79.0%
  Total Read: 1122.17GiB
  Total Write: 424.12GiB
  Read/Write Ratio: 2.65
  Storage KV Read Operations/sec: 2.76
  Storage KV Write Operations/sec: 0.71

### CACHE TIER DISTRIBUTION ###
  GPU Entries: 0 (0.00GiB)
  CPU Entries: 0 (0.00GiB)
  Storage Entries: 214

### TIER-SPECIFIC KV BYTES ###
  Storage KV Bytes Written: 424.12GiB
  Storage KV Bytes Read: 1122.17GiB

### STORAGE KV BANDWIDTH ###
  Storage KV Read Bandwidth: 3.52GiB/s
  Storage KV Write Bandwidth: 1.33GiB/s

### TIER-SPECIFIC LATENCIES (Total = Host + Device) ###
  Storage Read P95 (Total): 23425.48 ms
  Storage Write P95 (Total): 21981.63 ms

### STORAGE TIER LATENCY BREAKDOWN (Device = Disk I/O, Host = Serialization) ###
  Storage Read:
    - Device P95 (Disk I/O): 17558.12 ms
    - Host P95 (Serialization): 5753.25 ms
    - Total P95: 23425.48 ms
  Storage Write:
    - Device P95 (Disk I/O): 834.25 ms
    - Host P95 (Serialization): 21981.60 ms
    - Total P95: 21981.63 ms

### CACHE TYPE BREAKDOWNS ###
  System Prompt Hits: 140
  Common Phrase Hits: 0
  User Cache Hits: 679
  Multi-turn Hits: 10

### PREFIX CACHING ###
  Prefix Hits: 37
  Prefix Misses: 177
  System Prompt Reuse: 37
  Bytes Saved: 0.07GiB

### MULTI-TURN CONVERSATIONS ###
  Multi-turn Cache Hits: 10
  Multi-turn Cache Misses: 183
  Multi-turn Hit Rate: 5.2%

### QOS LATENCY METRICS (Informational - includes simulated generation) ###

  INTERACTIVE:
    Requests: 150
    Latency P95: 415066.74 ms
    Latency P99: 427941.96 ms
    SLA Met: [X] (compliance: 0.0%)

  RESPONSIVE:
    Requests: 33
    Latency P95: 206725.73 ms
    Latency P99: 224878.74 ms
    SLA Met: [X] (compliance: 0.0%)

  BATCH:
    Requests: 26
    Latency P95: 150772.25 ms
    Latency P99: 332079.83 ms
    SLA Met: [X] (compliance: 0.0%)

================================================================================
NOTES:
  - Pure storage I/O benchmark (no generation simulation)
================================================================================
KV Cache Wrapper - Start delay for 90 seconds
KV Cache Wrapper - Starting benchmark pass...
KV Cache Wrapper - End delay for 90 seconds
KV Cache Wrapper - Finished benchmark pass
KV Cache Wrapper - Start delay for 90 seconds
KV Cache Wrapper - Starting benchmark pass...
KV Cache Wrapper - End delay for 90 seconds
KV Cache Wrapper - Finished benchmark pass
KV Cache Wrapper - Start delay for 90 seconds
KV Cache Wrapper - Starting benchmark pass...
KV Cache Wrapper - End delay for 90 seconds
KV Cache Wrapper - Finished benchmark pass
KV Cache Wrapper - Start delay for 90 seconds
KV Cache Wrapper - Starting benchmark pass...
KV Cache Wrapper - End delay for 90 seconds
KV Cache Wrapper - Finished benchmark pass
KV Cache Wrapper - Start delay for 90 seconds
KV Cache Wrapper - Starting benchmark pass...
KV Cache Wrapper - End delay for 90 seconds
KV Cache Wrapper - Finished benchmark pass
KV Cache Wrapper - Start delay for 90 seconds
KV Cache Wrapper - Starting benchmark pass...
KV Cache Wrapper - End delay for 90 seconds
KV Cache Wrapper - Finished benchmark pass
KV Cache Wrapper - Start delay for 90 seconds
KV Cache Wrapper - Starting benchmark pass...
KV Cache Wrapper - End delay for 90 seconds
KV Cache Wrapper - Finished benchmark pass
KV Cache Wrapper - Start delay for 90 seconds
KV Cache Wrapper - Starting benchmark pass...
KV Cache Wrapper - End delay for 90 seconds
KV Cache Wrapper - Finished benchmark pass
KV Cache Wrapper - Start delay for 90 seconds
KV Cache Wrapper - Starting benchmark pass...
KV Cache Wrapper - End delay for 90 seconds
KV Cache Wrapper - Finished benchmark pass
KV Cache Wrapper - Start delay for 90 seconds
KV Cache Wrapper - Starting benchmark pass...
KV Cache Wrapper - End delay for 90 seconds
KV Cache Wrapper - Finished benchmark pass
KV Cache Wrapper - Start delay for 90 seconds
KV Cache Wrapper - Starting benchmark pass...
KV Cache Wrapper - End delay for 90 seconds
KV Cache Wrapper - Finished benchmark pass
KV Cache Wrapper - Start delay for 90 seconds
KV Cache Wrapper - Starting benchmark pass...
KV Cache Wrapper - End delay for 90 seconds
KV Cache Wrapper - Finished benchmark pass
KV Cache Wrapper - Start delay for 90 seconds
KV Cache Wrapper - Starting benchmark pass...
KV Cache Wrapper - End delay for 90 seconds
KV Cache Wrapper - Finished benchmark pass
KV Cache Wrapper - Start delay for 90 seconds
KV Cache Wrapper - Starting benchmark pass...
KV Cache Wrapper - End delay for 90 seconds
KV Cache Wrapper - Finished benchmark pass
KV Cache Wrapper - Start delay for 90 seconds
KV Cache Wrapper - Starting benchmark pass...
KV Cache Wrapper - End delay for 90 seconds
KV Cache Wrapper - Finished benchmark pass
KV Cache Wrapper - Start delay for 90 seconds
KV Cache Wrapper - Starting benchmark pass...
KV Cache Wrapper - End delay for 90 seconds
KV Cache Wrapper - Finished benchmark pass
KV Cache Wrapper - Start delay for 90 seconds
KV Cache Wrapper - Starting benchmark pass...
KV Cache Wrapper - End delay for 90 seconds
KV Cache Wrapper - Finished benchmark pass
KV Cache Wrapper - Start delay for 90 seconds
KV Cache Wrapper - Starting benchmark pass...
KV Cache Wrapper - End delay for 90 seconds
KV Cache Wrapper - Finished benchmark pass
KV Cache Wrapper - Start delay for 90 seconds
KV Cache Wrapper - Starting benchmark pass...
KV Cache Wrapper - End delay for 90 seconds
KV Cache Wrapper - Finished benchmark pass
KV Cache Wrapper - Start delay for 90 seconds
KV Cache Wrapper - Starting benchmark pass...
KV Cache Wrapper - End delay for 90 seconds
KV Cache Wrapper - Finished benchmark pass
KV Cache Wrapper - Start delay for 90 seconds
KV Cache Wrapper - Starting benchmark pass...
KV Cache Wrapper - End delay for 90 seconds
KV Cache Wrapper - Finished benchmark pass
KV Cache Wrapper - Start delay for 90 seconds
KV Cache Wrapper - Starting benchmark pass...
KV Cache Wrapper - End delay for 90 seconds
KV Cache Wrapper - Finished benchmark pass
KV Cache Wrapper - Start delay for 90 seconds
KV Cache Wrapper - Starting benchmark pass...
KV Cache Wrapper - End delay for 90 seconds
KV Cache Wrapper - Finished benchmark pass
KV Cache Wrapper - Start delay for 90 seconds
KV Cache Wrapper - Starting benchmark pass...
KV Cache Wrapper - End delay for 90 seconds
KV Cache Wrapper - Finished benchmark pass
KV Cache Wrapper - Start delay for 90 seconds
KV Cache Wrapper - Starting benchmark pass...
KV Cache Wrapper - End delay for 90 seconds
KV Cache Wrapper - Finished benchmark pass
KV Cache Wrapper - Start delay for 90 seconds
KV Cache Wrapper - Starting benchmark pass...
KV Cache Wrapper - End delay for 90 seconds
KV Cache Wrapper - Finished benchmark pass
KV Cache Wrapper - Start delay for 90 seconds
KV Cache Wrapper - Starting benchmark pass...
KV Cache Wrapper - End delay for 90 seconds
KV Cache Wrapper - Finished benchmark pass
KV Cache Wrapper - Start delay for 90 seconds
KV Cache Wrapper - Starting benchmark pass...
KV Cache Wrapper - End delay for 90 seconds
KV Cache Wrapper - Finished benchmark pass
KV Cache Wrapper - Start delay for 90 seconds
KV Cache Wrapper - Starting benchmark pass...
KV Cache Wrapper - End delay for 90 seconds
KV Cache Wrapper - Finished benchmark pass
KV Cache Wrapper - Start delay for 90 seconds
KV Cache Wrapper - Starting benchmark pass...
KV Cache Wrapper - End delay for 90 seconds
KV Cache Wrapper - Finished benchmark pass
KV Cache Wrapper - Start delay for 90 seconds
KV Cache Wrapper - Starting benchmark pass...
KV Cache Wrapper - End delay for 90 seconds
KV Cache Wrapper - Finished benchmark pass
KV Cache Wrapper - Start delay for 90 seconds
KV Cache Wrapper - Starting benchmark pass...
KV Cache Wrapper - End delay for 90 seconds
KV Cache Wrapper - Finished benchmark pass
KV Cache Wrapper - Start delay for 90 seconds
KV Cache Wrapper - Starting benchmark pass...
KV Cache Wrapper - End delay for 90 seconds
KV Cache Wrapper - Finished benchmark pass
KV Cache Wrapper - Start delay for 90 seconds
KV Cache Wrapper - Starting benchmark pass...
KV Cache Wrapper - End delay for 90 seconds
KV Cache Wrapper - Finished benchmark pass
KV Cache Wrapper - Start delay for 90 seconds
KV Cache Wrapper - Starting benchmark pass...
KV Cache Wrapper - End delay for 90 seconds
KV Cache Wrapper - Finished benchmark pass
KV Cache Wrapper - Start delay for 90 seconds
KV Cache Wrapper - Starting benchmark pass...
KV Cache Wrapper - End delay for 90 seconds
KV Cache Wrapper - Finished benchmark pass
KV Cache Wrapper - Start delay for 90 seconds
KV Cache Wrapper - Starting benchmark pass...
KV Cache Wrapper - End delay for 90 seconds
KV Cache Wrapper - Finished benchmark pass
KV Cache Wrapper - Start delay for 90 seconds
KV Cache Wrapper - Starting benchmark pass...
KV Cache Wrapper - End delay for 90 seconds
KV Cache Wrapper - Finished benchmark pass
KV Cache Wrapper - Start delay for 90 seconds
KV Cache Wrapper - Starting benchmark pass...
KV Cache Wrapper - End delay for 90 seconds
KV Cache Wrapper - Finished benchmark pass
KV Cache Wrapper - Start delay for 90 seconds
KV Cache Wrapper - Starting benchmark pass...
KV Cache Wrapper - End delay for 90 seconds
KV Cache Wrapper - Finished benchmark pass
KV Cache Wrapper - Start delay for 90 seconds
KV Cache Wrapper - Starting benchmark pass...
KV Cache Wrapper - End delay for 90 seconds
KV Cache Wrapper - Finished benchmark pass
KV Cache Wrapper - Start delay for 90 seconds
KV Cache Wrapper - Starting benchmark pass...
KV Cache Wrapper - End delay for 90 seconds
KV Cache Wrapper - Finished benchmark pass
KV Cache Wrapper - Start delay for 90 seconds
KV Cache Wrapper - Starting benchmark pass...
KV Cache Wrapper - End delay for 90 seconds
KV Cache Wrapper - Finished benchmark pass
KV Cache Wrapper - Start delay for 90 seconds
KV Cache Wrapper - Starting benchmark pass...
KV Cache Wrapper - End delay for 90 seconds
KV Cache Wrapper - Finished benchmark pass
KV Cache Wrapper - Start delay for 90 seconds
KV Cache Wrapper - Starting benchmark pass...
KV Cache Wrapper - End delay for 90 seconds
KV Cache Wrapper - Finished benchmark pass
KV Cache Wrapper - Start delay for 90 seconds
KV Cache Wrapper - Starting benchmark pass...
KV Cache Wrapper - End delay for 90 seconds
KV Cache Wrapper - Finished benchmark pass
KV Cache Wrapper - Start delay for 90 seconds
KV Cache Wrapper - Starting benchmark pass...
KV Cache Wrapper - End delay for 90 seconds
KV Cache Wrapper - Finished benchmark pass
KV Cache Wrapper - Start delay for 90 seconds
KV Cache Wrapper - Starting benchmark pass...
KV Cache Wrapper - End delay for 90 seconds
KV Cache Wrapper - Finished benchmark pass
KV Cache Wrapper - Start delay for 90 seconds
KV Cache Wrapper - Starting benchmark pass...
KV Cache Wrapper - End delay for 90 seconds
KV Cache Wrapper - Finished benchmark pass
KV Cache Wrapper - Start delay for 90 seconds
KV Cache Wrapper - Starting benchmark pass...
KV Cache Wrapper - End delay for 90 seconds
KV Cache Wrapper - Finished benchmark pass
KV Cache Wrapper - Start delay for 90 seconds
KV Cache Wrapper - Starting benchmark pass...
KV Cache Wrapper - End delay for 90 seconds
KV Cache Wrapper - Finished benchmark pass
KV Cache Wrapper - Start delay for 90 seconds
KV Cache Wrapper - Starting benchmark pass...
KV Cache Wrapper - End delay for 90 seconds
KV Cache Wrapper - Finished benchmark pass
KV Cache Wrapper - Start delay for 90 seconds
KV Cache Wrapper - Starting benchmark pass...
KV Cache Wrapper - End delay for 90 seconds
KV Cache Wrapper - Finished benchmark pass
KV Cache Wrapper - Start delay for 90 seconds
KV Cache Wrapper - Starting benchmark pass...
KV Cache Wrapper - End delay for 90 seconds
KV Cache Wrapper - Finished benchmark pass
KV Cache Wrapper - Start delay for 90 seconds
KV Cache Wrapper - Starting benchmark pass...
KV Cache Wrapper - End delay for 90 seconds
KV Cache Wrapper - Finished benchmark pass
KV Cache Wrapper - Start delay for 90 seconds
KV Cache Wrapper - Starting benchmark pass...
KV Cache Wrapper - End delay for 90 seconds
KV Cache Wrapper - Finished benchmark pass
KV Cache Wrapper - Start delay for 90 seconds
KV Cache Wrapper - Starting benchmark pass...
KV Cache Wrapper - End delay for 90 seconds
KV Cache Wrapper - Finished benchmark pass
KV Cache Wrapper - Start delay for 90 seconds
KV Cache Wrapper - Starting benchmark pass...
KV Cache Wrapper - End delay for 90 seconds
KV Cache Wrapper - Finished benchmark pass
KV Cache Wrapper - Start delay for 90 seconds
KV Cache Wrapper - Starting benchmark pass...
KV Cache Wrapper - End delay for 90 seconds
KV Cache Wrapper - Finished benchmark pass
KV Cache Wrapper - Start delay for 90 seconds
KV Cache Wrapper - Starting benchmark pass...
KV Cache Wrapper - End delay for 90 seconds
KV Cache Wrapper - Finished benchmark pass
KV Cache Wrapper - Start delay for 90 seconds
KV Cache Wrapper - Starting benchmark pass...
KV Cache Wrapper - End delay for 90 seconds
KV Cache Wrapper - Finished benchmark pass
KV Cache Wrapper - Start delay for 90 seconds
KV Cache Wrapper - Starting benchmark pass...
KV Cache Wrapper - End delay for 90 seconds
KV Cache Wrapper - Finished benchmark pass
KV Cache Wrapper - Start delay for 90 seconds
KV Cache Wrapper - Starting benchmark pass...
KV Cache Wrapper - End delay for 90 seconds
KV Cache Wrapper - Finished benchmark pass
KV Cache Wrapper - Start delay for 90 seconds
KV Cache Wrapper - Starting benchmark pass...
KV Cache Wrapper - End delay for 90 seconds
KV Cache Wrapper - Finished benchmark pass
KV Cache Wrapper - Start delay for 90 seconds
KV Cache Wrapper - Starting benchmark pass...
KV Cache Wrapper - End delay for 90 seconds
KV Cache Wrapper - Finished benchmark pass
KV Cache Wrapper - Start delay for 90 seconds
KV Cache Wrapper - Starting benchmark pass...
KV Cache Wrapper - End delay for 90 seconds
KV Cache Wrapper - Finished benchmark pass
KV Cache Wrapper - Start delay for 90 seconds
KV Cache Wrapper - Starting benchmark pass...
KV Cache Wrapper - End delay for 90 seconds
KV Cache Wrapper - Finished benchmark pass
KV Cache Wrapper - Start delay for 90 seconds
KV Cache Wrapper - Starting benchmark pass...
KV Cache Wrapper - End delay for 90 seconds
KV Cache Wrapper - Finished benchmark pass
KV Cache Wrapper - Start delay for 90 seconds
KV Cache Wrapper - Starting benchmark pass...
KV Cache Wrapper - End delay for 90 seconds
KV Cache Wrapper - Finished benchmark pass
KV Cache Wrapper - Start delay for 90 seconds
KV Cache Wrapper - Starting benchmark pass...
KV Cache Wrapper - End delay for 90 seconds
KV Cache Wrapper - Finished benchmark pass
KV Cache Wrapper - Start delay for 90 seconds
KV Cache Wrapper - Starting benchmark pass...
KV Cache Wrapper - End delay for 90 seconds
KV Cache Wrapper - Finished benchmark pass
KV Cache Wrapper - Start delay for 90 seconds
KV Cache Wrapper - Starting benchmark pass...
KV Cache Wrapper - End delay for 90 seconds
KV Cache Wrapper - Finished benchmark pass
KV Cache Wrapper - Start delay for 90 seconds
KV Cache Wrapper - Starting benchmark pass...
KV Cache Wrapper - End delay for 90 seconds
KV Cache Wrapper - Finished benchmark pass
KV Cache Wrapper - Start delay for 90 seconds
KV Cache Wrapper - Starting benchmark pass...
KV Cache Wrapper - End delay for 90 seconds
KV Cache Wrapper - Finished benchmark pass
KV Cache Wrapper - Start delay for 90 seconds
KV Cache Wrapper - Starting benchmark pass...
KV Cache Wrapper - End delay for 90 seconds
KV Cache Wrapper - Finished benchmark pass
KV Cache Wrapper - Start delay for 90 seconds
KV Cache Wrapper - Starting benchmark pass...
KV Cache Wrapper - End delay for 90 seconds
KV Cache Wrapper - Finished benchmark pass
KV Cache Wrapper - Start delay for 90 seconds
KV Cache Wrapper - Starting benchmark pass...
KV Cache Wrapper - End delay for 90 seconds
KV Cache Wrapper - Finished benchmark pass
KV Cache Wrapper - Start delay for 90 seconds
KV Cache Wrapper - Starting benchmark pass...
KV Cache Wrapper - End delay for 90 seconds
KV Cache Wrapper - Finished benchmark pass
KV Cache Wrapper - Start delay for 90 seconds
KV Cache Wrapper - Starting benchmark pass...
KV Cache Wrapper - End delay for 90 seconds
KV Cache Wrapper - Finished benchmark pass
KV Cache Wrapper - Start delay for 90 seconds
KV Cache Wrapper - Starting benchmark pass...
KV Cache Wrapper - End delay for 90 seconds
KV Cache Wrapper - Finished benchmark pass
KV Cache Wrapper - Start delay for 90 seconds
KV Cache Wrapper - Starting benchmark pass...
KV Cache Wrapper - End delay for 90 seconds
KV Cache Wrapper - Finished benchmark pass
KV Cache Wrapper - Start delay for 90 seconds
KV Cache Wrapper - Starting benchmark pass...
KV Cache Wrapper - End delay for 90 seconds
KV Cache Wrapper - Finished benchmark pass
KV Cache Wrapper - Start delay for 90 seconds
KV Cache Wrapper - Starting benchmark pass...
KV Cache Wrapper - End delay for 90 seconds
KV Cache Wrapper - Finished benchmark pass
KV Cache Wrapper - Start delay for 90 seconds
KV Cache Wrapper - Starting benchmark pass...
KV Cache Wrapper - End delay for 90 seconds
KV Cache Wrapper - Finished benchmark pass
KV Cache Wrapper - Start delay for 90 seconds
KV Cache Wrapper - Starting benchmark pass...
KV Cache Wrapper - End delay for 90 seconds
KV Cache Wrapper - Finished benchmark pass
KV Cache Wrapper - Start delay for 90 seconds
KV Cache Wrapper - Starting benchmark pass...
KV Cache Wrapper - End delay for 90 seconds
KV Cache Wrapper - Finished benchmark pass
KV Cache Wrapper - Start delay for 90 seconds
KV Cache Wrapper - Starting benchmark pass...
KV Cache Wrapper - End delay for 90 seconds
KV Cache Wrapper - Finished benchmark pass
KV Cache Wrapper - Start delay for 90 seconds
KV Cache Wrapper - Starting benchmark pass...
KV Cache Wrapper - End delay for 90 seconds
KV Cache Wrapper - Finished benchmark pass
KV Cache Wrapper - Start delay for 90 seconds
KV Cache Wrapper - Starting benchmark pass...
KV Cache Wrapper - End delay for 90 seconds
KV Cache Wrapper - Finished benchmark pass
KV Cache Wrapper - Start delay for 90 seconds
KV Cache Wrapper - Starting benchmark pass...
KV Cache Wrapper - End delay for 90 seconds
KV Cache Wrapper - Finished benchmark pass
KV Cache Wrapper - Start delay for 90 seconds
KV Cache Wrapper - Starting benchmark pass...
KV Cache Wrapper - End delay for 90 seconds
KV Cache Wrapper - Finished benchmark pass
KV Cache Wrapper - Start delay for 90 seconds
KV Cache Wrapper - Starting benchmark pass...
KV Cache Wrapper - End delay for 90 seconds
KV Cache Wrapper - Finished benchmark pass
KV Cache Wrapper - Start delay for 90 seconds
KV Cache Wrapper - Starting benchmark pass...
KV Cache Wrapper - End delay for 90 seconds
KV Cache Wrapper - Finished benchmark pass
KV Cache Wrapper - Start delay for 90 seconds
KV Cache Wrapper - Starting benchmark pass...
KV Cache Wrapper - End delay for 90 seconds
KV Cache Wrapper - Finished benchmark pass
KV Cache Wrapper - Start delay for 90 seconds
KV Cache Wrapper - Starting benchmark pass...
KV Cache Wrapper - End delay for 90 seconds
KV Cache Wrapper - Finished benchmark pass
KV Cache Wrapper - Start delay for 90 seconds
KV Cache Wrapper - Starting benchmark pass...
KV Cache Wrapper - End delay for 90 seconds
KV Cache Wrapper - Finished benchmark pass
KV Cache Wrapper - Start delay for 90 seconds
KV Cache Wrapper - Starting benchmark pass...
KV Cache Wrapper - End delay for 90 seconds
KV Cache Wrapper - Finished benchmark pass
KV Cache Wrapper - Start delay for 90 seconds
KV Cache Wrapper - Starting benchmark pass...
KV Cache Wrapper - End delay for 90 seconds
KV Cache Wrapper - Finished benchmark pass
KV Cache Wrapper - Start delay for 90 seconds
KV Cache Wrapper - Starting benchmark pass...
KV Cache Wrapper - End delay for 90 seconds
KV Cache Wrapper - Finished benchmark pass
KV Cache Wrapper - Start delay for 90 seconds
KV Cache Wrapper - Starting benchmark pass...
KV Cache Wrapper - End delay for 90 seconds
KV Cache Wrapper - Finished benchmark pass
KV Cache Wrapper - Start delay for 90 seconds
KV Cache Wrapper - Starting benchmark pass...
KV Cache Wrapper - End delay for 90 seconds
KV Cache Wrapper - Finished benchmark pass
KV Cache Wrapper - Start delay for 90 seconds
KV Cache Wrapper - Starting benchmark pass...
KV Cache Wrapper - End delay for 90 seconds
KV Cache Wrapper - Finished benchmark pass
KV Cache Wrapper - Start delay for 90 seconds
KV Cache Wrapper - Starting benchmark pass...
KV Cache Wrapper - End delay for 90 seconds
KV Cache Wrapper - Finished benchmark pass
KV Cache Wrapper - Start delay for 90 seconds
KV Cache Wrapper - Starting benchmark pass...
KV Cache Wrapper - End delay for 90 seconds
KV Cache Wrapper - Finished benchmark pass
KV Cache Wrapper - Start delay for 90 seconds
KV Cache Wrapper - Starting benchmark pass...
KV Cache Wrapper - End delay for 90 seconds
KV Cache Wrapper - Finished benchmark pass
KV Cache Wrapper - Start delay for 90 seconds
KV Cache Wrapper - Starting benchmark pass...
KV Cache Wrapper - End delay for 90 seconds
KV Cache Wrapper - Finished benchmark pass
KV Cache Wrapper - Start delay for 90 seconds
KV Cache Wrapper - Starting benchmark pass...
KV Cache Wrapper - End delay for 90 seconds
KV Cache Wrapper - Finished benchmark pass
KV Cache Wrapper - Start delay for 90 seconds
KV Cache Wrapper - Starting benchmark pass...
KV Cache Wrapper - End delay for 90 seconds
KV Cache Wrapper - Finished benchmark pass
KV Cache Wrapper - Start delay for 90 seconds
KV Cache Wrapper - Starting benchmark pass...
KV Cache Wrapper - End delay for 90 seconds
KV Cache Wrapper - Finished benchmark pass
KV Cache Wrapper - Start delay for 90 seconds
KV Cache Wrapper - Starting benchmark pass...
KV Cache Wrapper - End delay for 90 seconds
KV Cache Wrapper - Finished benchmark pass
KV Cache Wrapper - Start delay for 90 seconds
KV Cache Wrapper - Starting benchmark pass...
KV Cache Wrapper - End delay for 90 seconds
KV Cache Wrapper - Finished benchmark pass
KV Cache Wrapper - Start delay for 90 seconds
KV Cache Wrapper - Starting benchmark pass...
KV Cache Wrapper - End delay for 90 seconds
KV Cache Wrapper - Finished benchmark pass
KV Cache Wrapper - Start delay for 90 seconds
KV Cache Wrapper - Starting benchmark pass...
KV Cache Wrapper - End delay for 90 seconds
KV Cache Wrapper - Finished benchmark pass
KV Cache Wrapper - Start delay for 90 seconds
KV Cache Wrapper - Starting benchmark pass...
KV Cache Wrapper - End delay for 90 seconds
KV Cache Wrapper - Finished benchmark pass
KV Cache Wrapper - Start delay for 90 seconds
KV Cache Wrapper - Starting benchmark pass...
KV Cache Wrapper - End delay for 90 seconds
KV Cache Wrapper - Finished benchmark pass
KV Cache Wrapper - Start delay for 90 seconds
KV Cache Wrapper - Starting benchmark pass...
KV Cache Wrapper - End delay for 90 seconds
KV Cache Wrapper - Finished benchmark pass
KV Cache Wrapper - Start delay for 90 seconds
KV Cache Wrapper - Starting benchmark pass...
KV Cache Wrapper - End delay for 90 seconds
KV Cache Wrapper - Finished benchmark pass
KV Cache Wrapper - Start delay for 90 seconds
KV Cache Wrapper - Starting benchmark pass...
KV Cache Wrapper - End delay for 90 seconds
KV Cache Wrapper - Finished benchmark pass
KV Cache Wrapper - Start delay for 90 seconds
KV Cache Wrapper - Starting benchmark pass...
KV Cache Wrapper - End delay for 90 seconds
KV Cache Wrapper - Finished benchmark pass
KV Cache Wrapper - Start delay for 90 seconds
KV Cache Wrapper - Starting benchmark pass...
KV Cache Wrapper - End delay for 90 seconds
KV Cache Wrapper - Finished benchmark pass
KV Cache Wrapper - Start delay for 90 seconds
KV Cache Wrapper - Starting benchmark pass...
KV Cache Wrapper - End delay for 90 seconds
KV Cache Wrapper - Finished benchmark pass
KV Cache Wrapper - Start delay for 90 seconds
KV Cache Wrapper - Starting benchmark pass...
KV Cache Wrapper - End delay for 90 seconds
KV Cache Wrapper - Finished benchmark pass
KV Cache Wrapper - Start delay for 90 seconds
KV Cache Wrapper - Starting benchmark pass...
KV Cache Wrapper - End delay for 90 seconds
KV Cache Wrapper - Finished benchmark pass
KV Cache Wrapper - Start delay for 90 seconds
KV Cache Wrapper - Starting benchmark pass...
KV Cache Wrapper - End delay for 90 seconds
KV Cache Wrapper - Finished benchmark pass
KV Cache Wrapper - Start delay for 90 seconds
KV Cache Wrapper - Starting benchmark pass...
KV Cache Wrapper - End delay for 90 seconds
KV Cache Wrapper - Finished benchmark pass
KV Cache Wrapper - Start delay for 90 seconds
KV Cache Wrapper - Starting benchmark pass...
KV Cache Wrapper - End delay for 90 seconds
KV Cache Wrapper - Finished benchmark pass
KV Cache Wrapper - Start delay for 90 seconds
KV Cache Wrapper - Starting benchmark pass...
KV Cache Wrapper - End delay for 90 seconds
KV Cache Wrapper - Finished benchmark pass
KV Cache Wrapper - Start delay for 90 seconds
KV Cache Wrapper - Starting benchmark pass...
KV Cache Wrapper - End delay for 90 seconds
KV Cache Wrapper - Finished benchmark pass
KV Cache Wrapper - Start delay for 90 seconds
KV Cache Wrapper - Starting benchmark pass...
KV Cache Wrapper - End delay for 90 seconds
KV Cache Wrapper - Finished benchmark pass
KV Cache Wrapper - Start delay for 90 seconds
KV Cache Wrapper - Starting benchmark pass...
KV Cache Wrapper - End delay for 90 seconds
KV Cache Wrapper - Finished benchmark pass
KV Cache Wrapper - Start delay for 90 seconds
KV Cache Wrapper - Starting benchmark pass...
KV Cache Wrapper - End delay for 90 seconds
KV Cache Wrapper - Finished benchmark pass
KV Cache Wrapper - Start delay for 90 seconds
KV Cache Wrapper - Starting benchmark pass...
KV Cache Wrapper - End delay for 90 seconds
KV Cache Wrapper - Finished benchmark pass
KV Cache Wrapper - Start delay for 90 seconds
KV Cache Wrapper - Starting benchmark pass...
KV Cache Wrapper - End delay for 90 seconds
KV Cache Wrapper - Finished benchmark pass
KV Cache Wrapper - Start delay for 90 seconds
KV Cache Wrapper - Starting benchmark pass...
KV Cache Wrapper - End delay for 90 seconds
KV Cache Wrapper - Finished benchmark pass
KV Cache Wrapper - Start delay for 90 seconds
KV Cache Wrapper - Starting benchmark pass...
KV Cache Wrapper - End delay for 90 seconds
KV Cache Wrapper - Finished benchmark pass
KV Cache Wrapper - Start delay for 90 seconds
KV Cache Wrapper - Starting benchmark pass...
KV Cache Wrapper - End delay for 90 seconds
KV Cache Wrapper - Finished benchmark pass
KV Cache Wrapper - Start delay for 90 seconds
KV Cache Wrapper - Starting benchmark pass...
KV Cache Wrapper - End delay for 90 seconds
KV Cache Wrapper - Finished benchmark pass
KV Cache Wrapper - Start delay for 90 seconds
KV Cache Wrapper - Starting benchmark pass...
KV Cache Wrapper - End delay for 90 seconds
KV Cache Wrapper - Finished benchmark pass
KV Cache Wrapper - Start delay for 90 seconds
KV Cache Wrapper - Starting benchmark pass...
KV Cache Wrapper - End delay for 90 seconds
KV Cache Wrapper - Finished benchmark pass
KV Cache Wrapper - Start delay for 90 seconds
KV Cache Wrapper - Starting benchmark pass...
KV Cache Wrapper - End delay for 90 seconds
KV Cache Wrapper - Finished benchmark pass
KV Cache Wrapper - Start delay for 90 seconds
KV Cache Wrapper - Starting benchmark pass...
KV Cache Wrapper - End delay for 90 seconds
KV Cache Wrapper - Finished benchmark pass
KV Cache Wrapper - Start delay for 90 seconds
KV Cache Wrapper - Starting benchmark pass...
KV Cache Wrapper - End delay for 90 seconds
KV Cache Wrapper - Finished benchmark pass
KV Cache Wrapper - Start delay for 90 seconds
KV Cache Wrapper - Starting benchmark pass...
KV Cache Wrapper - End delay for 90 seconds
KV Cache Wrapper - Finished benchmark pass
KV Cache Wrapper - Start delay for 90 seconds
KV Cache Wrapper - Starting benchmark pass...
KV Cache Wrapper - End delay for 90 seconds
KV Cache Wrapper - Finished benchmark pass
KV Cache Wrapper - Start delay for 90 seconds
KV Cache Wrapper - Starting benchmark pass...
KV Cache Wrapper - End delay for 90 seconds
KV Cache Wrapper - Finished benchmark pass
KV Cache Wrapper - Start delay for 90 seconds
KV Cache Wrapper - Starting benchmark pass...
KV Cache Wrapper - End delay for 90 seconds
KV Cache Wrapper - Finished benchmark pass
KV Cache Wrapper - Start delay for 90 seconds
KV Cache Wrapper - Starting benchmark pass...
KV Cache Wrapper - End delay for 90 seconds
KV Cache Wrapper - Finished benchmark pass
KV Cache Wrapper - Start delay for 90 seconds
KV Cache Wrapper - Starting benchmark pass...
KV Cache Wrapper - End delay for 90 seconds
KV Cache Wrapper - Finished benchmark pass
KV Cache Wrapper - Start delay for 90 seconds
KV Cache Wrapper - Starting benchmark pass...
KV Cache Wrapper - End delay for 90 seconds
KV Cache Wrapper - Finished benchmark pass
KV Cache Wrapper - Start delay for 90 seconds
KV Cache Wrapper - Starting benchmark pass...
KV Cache Wrapper - End delay for 90 seconds
KV Cache Wrapper - Finished benchmark pass
KV Cache Wrapper - Start delay for 90 seconds
KV Cache Wrapper - Starting benchmark pass...
KV Cache Wrapper - End delay for 90 seconds
KV Cache Wrapper - Finished benchmark pass
KV Cache Wrapper - Start delay for 90 seconds
KV Cache Wrapper - Starting benchmark pass...
KV Cache Wrapper - End delay for 90 seconds
KV Cache Wrapper - Finished benchmark pass
KV Cache Wrapper - Start delay for 90 seconds
KV Cache Wrapper - Starting benchmark pass...
KV Cache Wrapper - End delay for 90 seconds
KV Cache Wrapper - Finished benchmark pass
KV Cache Wrapper - Start delay for 90 seconds
KV Cache Wrapper - Starting benchmark pass...
KV Cache Wrapper - End delay for 90 seconds
KV Cache Wrapper - Finished benchmark pass
KV Cache Wrapper - Start delay for 90 seconds
KV Cache Wrapper - Starting benchmark pass...
KV Cache Wrapper - End delay for 90 seconds
KV Cache Wrapper - Finished benchmark pass
KV Cache Wrapper - Start delay for 90 seconds
KV Cache Wrapper - Starting benchmark pass...
KV Cache Wrapper - End delay for 90 seconds
KV Cache Wrapper - Finished benchmark pass
KV Cache Wrapper - Start delay for 90 seconds
KV Cache Wrapper - Starting benchmark pass...
KV Cache Wrapper - End delay for 90 seconds
KV Cache Wrapper - Finished benchmark pass
KV Cache Wrapper - Start delay for 90 seconds
KV Cache Wrapper - Starting benchmark pass...
KV Cache Wrapper - End delay for 90 seconds
KV Cache Wrapper - Finished benchmark pass
KV Cache Wrapper - Start delay for 90 seconds
KV Cache Wrapper - Starting benchmark pass...
KV Cache Wrapper - End delay for 90 seconds
KV Cache Wrapper - Finished benchmark pass
KV Cache Wrapper - Start delay for 90 seconds
KV Cache Wrapper - Starting benchmark pass...
KV Cache Wrapper - End delay for 90 seconds
KV Cache Wrapper - Finished benchmark pass
KV Cache Wrapper - Start delay for 90 seconds
KV Cache Wrapper - Starting benchmark pass...
KV Cache Wrapper - End delay for 90 seconds
KV Cache Wrapper - Finished benchmark pass
KV Cache Wrapper - Start delay for 90 seconds
KV Cache Wrapper - Starting benchmark pass...
KV Cache Wrapper - End delay for 90 seconds
KV Cache Wrapper - Finished benchmark pass
KV Cache Wrapper - Start delay for 90 seconds
KV Cache Wrapper - Starting benchmark pass...
KV Cache Wrapper - End delay for 90 seconds
KV Cache Wrapper - Finished benchmark pass
KV Cache Wrapper - Start delay for 90 seconds
KV Cache Wrapper - Starting benchmark pass...
KV Cache Wrapper - End delay for 90 seconds
KV Cache Wrapper - Finished benchmark pass
KV Cache Wrapper - Start delay for 90 seconds
KV Cache Wrapper - Starting benchmark pass...
KV Cache Wrapper - End delay for 90 seconds
KV Cache Wrapper - Finished benchmark pass
KV Cache Wrapper - Start delay for 90 seconds
KV Cache Wrapper - Starting benchmark pass...
KV Cache Wrapper - End delay for 90 seconds
KV Cache Wrapper - Finished benchmark pass
KV Cache Wrapper - Start delay for 90 seconds
KV Cache Wrapper - Starting benchmark pass...
KV Cache Wrapper - End delay for 90 seconds
KV Cache Wrapper - Finished benchmark pass
KV Cache Wrapper - Start delay for 90 seconds
KV Cache Wrapper - Starting benchmark pass...
KV Cache Wrapper - End delay for 90 seconds
KV Cache Wrapper - Finished benchmark pass
KV Cache Wrapper - Start delay for 90 seconds
KV Cache Wrapper - Starting benchmark pass...
KV Cache Wrapper - End delay for 90 seconds
KV Cache Wrapper - Finished benchmark pass
KV Cache Wrapper - Start delay for 90 seconds
KV Cache Wrapper - Starting benchmark pass...
KV Cache Wrapper - End delay for 90 seconds
KV Cache Wrapper - Finished benchmark pass
KV Cache Wrapper - Start delay for 90 seconds
KV Cache Wrapper - Starting benchmark pass...
KV Cache Wrapper - End delay for 90 seconds
KV Cache Wrapper - Finished benchmark pass
KV Cache Wrapper - Start delay for 90 seconds
KV Cache Wrapper - Starting benchmark pass...
KV Cache Wrapper - End delay for 90 seconds
KV Cache Wrapper - Finished benchmark pass
KV Cache Wrapper - Start delay for 90 seconds
KV Cache Wrapper - Starting benchmark pass...
KV Cache Wrapper - End delay for 90 seconds
KV Cache Wrapper - Finished benchmark pass
KV Cache Wrapper - Start delay for 90 seconds
KV Cache Wrapper - Starting benchmark pass...
KV Cache Wrapper - End delay for 90 seconds
KV Cache Wrapper - Finished benchmark pass
KV Cache Wrapper - Start delay for 90 seconds
KV Cache Wrapper - Starting benchmark pass...
KV Cache Wrapper - End delay for 90 seconds
KV Cache Wrapper - Finished benchmark pass
KV Cache Wrapper - Start delay for 90 seconds
KV Cache Wrapper - Starting benchmark pass...
KV Cache Wrapper - End delay for 90 seconds
KV Cache Wrapper - Finished benchmark pass
KV Cache Wrapper - Start delay for 90 seconds
KV Cache Wrapper - Starting benchmark pass...
KV Cache Wrapper - End delay for 90 seconds
KV Cache Wrapper - Finished benchmark pass
KV Cache Wrapper - Start delay for 90 seconds
KV Cache Wrapper - Starting benchmark pass...
KV Cache Wrapper - End delay for 90 seconds
KV Cache Wrapper - Finished benchmark pass
KV Cache Wrapper - Start delay for 90 seconds
KV Cache Wrapper - Starting benchmark pass...
KV Cache Wrapper - End delay for 90 seconds
KV Cache Wrapper - Finished benchmark pass
KV Cache Wrapper - Start delay for 90 seconds
KV Cache Wrapper - Starting benchmark pass...
KV Cache Wrapper - End delay for 90 seconds
KV Cache Wrapper - Finished benchmark pass
KV Cache Wrapper - Start delay for 90 seconds
KV Cache Wrapper - Starting benchmark pass...
KV Cache Wrapper - End delay for 90 seconds
KV Cache Wrapper - Finished benchmark pass
KV Cache Wrapper - Start delay for 90 seconds
KV Cache Wrapper - Starting benchmark pass...
KV Cache Wrapper - End delay for 90 seconds
KV Cache Wrapper - Finished benchmark pass
KV Cache Wrapper - Start delay for 90 seconds
KV Cache Wrapper - Starting benchmark pass...
KV Cache Wrapper - End delay for 90 seconds
KV Cache Wrapper - Finished benchmark pass
KV Cache Wrapper - Start delay for 90 seconds
KV Cache Wrapper - Starting benchmark pass...
KV Cache Wrapper - End delay for 90 seconds
KV Cache Wrapper - Finished benchmark pass
KV Cache Wrapper - Start delay for 90 seconds
KV Cache Wrapper - Starting benchmark pass...
KV Cache Wrapper - End delay for 90 seconds
KV Cache Wrapper - Finished benchmark pass
KV Cache Wrapper - Start delay for 90 seconds
KV Cache Wrapper - Starting benchmark pass...
KV Cache Wrapper - End delay for 90 seconds
KV Cache Wrapper - Finished benchmark pass
KV Cache Wrapper - Start delay for 90 seconds
KV Cache Wrapper - Starting benchmark pass...
KV Cache Wrapper - End delay for 90 seconds
KV Cache Wrapper - Finished benchmark pass
KV Cache Wrapper - Start delay for 90 seconds
KV Cache Wrapper - Starting benchmark pass...
KV Cache Wrapper - End delay for 90 seconds
KV Cache Wrapper - Finished benchmark pass
KV Cache Wrapper - Start delay for 90 seconds
KV Cache Wrapper - Starting benchmark pass...
KV Cache Wrapper - End delay for 90 seconds
KV Cache Wrapper - Finished benchmark pass
KV Cache Wrapper - Start delay for 90 seconds
KV Cache Wrapper - Starting benchmark pass...
KV Cache Wrapper - End delay for 90 seconds
KV Cache Wrapper - Finished benchmark pass
KV Cache Wrapper - Start delay for 90 seconds
KV Cache Wrapper - Starting benchmark pass...
KV Cache Wrapper - End delay for 90 seconds
KV Cache Wrapper - Finished benchmark pass
KV Cache Wrapper - Start delay for 90 seconds
KV Cache Wrapper - Starting benchmark pass...
KV Cache Wrapper - End delay for 90 seconds
KV Cache Wrapper - Finished benchmark pass
KV Cache Wrapper - Start delay for 90 seconds
KV Cache Wrapper - Starting benchmark pass...
KV Cache Wrapper - End delay for 90 seconds
KV Cache Wrapper - Finished benchmark pass
KV Cache Wrapper - Start delay for 90 seconds
KV Cache Wrapper - Starting benchmark pass...
KV Cache Wrapper - End delay for 90 seconds
KV Cache Wrapper - Finished benchmark pass
KV Cache Wrapper - Start delay for 90 seconds
KV Cache Wrapper - Starting benchmark pass...
KV Cache Wrapper - End delay for 90 seconds
KV Cache Wrapper - Finished benchmark pass
KV Cache Wrapper - Start delay for 90 seconds
KV Cache Wrapper - Starting benchmark pass...
KV Cache Wrapper - End delay for 90 seconds
KV Cache Wrapper - Finished benchmark pass
KV Cache Wrapper - Start delay for 90 seconds
KV Cache Wrapper - Starting benchmark pass...
KV Cache Wrapper - End delay for 90 seconds
KV Cache Wrapper - Finished benchmark pass
KV Cache Wrapper - Start delay for 90 seconds
KV Cache Wrapper - Starting benchmark pass...
KV Cache Wrapper - End delay for 90 seconds
KV Cache Wrapper - Finished benchmark pass
KV Cache Wrapper - Start delay for 90 seconds
KV Cache Wrapper - Starting benchmark pass...
KV Cache Wrapper - End delay for 90 seconds
KV Cache Wrapper - Finished benchmark pass
KV Cache Wrapper - Start delay for 90 seconds
KV Cache Wrapper - Starting benchmark pass...
KV Cache Wrapper - End delay for 90 seconds
KV Cache Wrapper - Finished benchmark pass
KV Cache Wrapper - Start delay for 90 seconds
KV Cache Wrapper - Starting benchmark pass...
KV Cache Wrapper - End delay for 90 seconds
KV Cache Wrapper - Finished benchmark pass
KV Cache Wrapper - Start delay for 90 seconds
KV Cache Wrapper - Starting benchmark pass...
KV Cache Wrapper - End delay for 90 seconds
KV Cache Wrapper - Finished benchmark pass
KV Cache Wrapper - Start delay for 90 seconds
KV Cache Wrapper - Starting benchmark pass...
KV Cache Wrapper - End delay for 90 seconds
KV Cache Wrapper - Finished benchmark pass
KV Cache Wrapper - Start delay for 90 seconds
KV Cache Wrapper - Starting benchmark pass...
KV Cache Wrapper - End delay for 90 seconds
KV Cache Wrapper - Finished benchmark pass
