================================================================================
STREAMING CHECKPOINT LOAD - Byte-Range GETs
================================================================================
Input:       /mnt/glfs/GalaxSphere-1Tier0/checkpointing/llama3-8b/global_epoch1_step1/zero_pp_rank_3_mp_rank_0_model_states.pt
Backend:     file
Total size:  1.87 GB
Chunk size:  32 MB  (peak RAM = one chunk)
================================================================================
Read chunks: 128 MB × 4 workers  (peak RAM ≤ 512 MB)
================================================================================
================================================================================
STREAMING CHECKPOINT LOAD - Byte-Range GETs
================================================================================
Input:       /mnt/glfs/GalaxSphere-1Tier0/checkpointing/llama3-8b/global_epoch1_step1/zero_pp_rank_2_mp_rank_0_model_states.pt
Backend:     file
Total size:  1.87 GB
Chunk size:  32 MB  (peak RAM = one chunk)
================================================================================
Read chunks: 128 MB × 4 workers  (peak RAM ≤ 512 MB)
================================================================================
================================================================================
STREAMING CHECKPOINT LOAD - Byte-Range GETs
================================================================================
Input:       /mnt/glfs/GalaxSphere-1Tier0/checkpointing/llama3-8b/global_epoch1_step1/zero_pp_rank_4_mp_rank_0_model_states.pt
Backend:     file
Total size:  1.87 GB
Chunk size:  32 MB  (peak RAM = one chunk)
================================================================================
Read chunks: 128 MB × 4 workers  (peak RAM ≤ 512 MB)
================================================================================
================================================================================
STREAMING CHECKPOINT LOAD - Byte-Range GETs
================================================================================
Input:       /mnt/glfs/GalaxSphere-1Tier0/checkpointing/llama3-8b/global_epoch1_step1/zero_pp_rank_5_mp_rank_0_model_states.pt
Backend:     file
Total size:  1.87 GB
Chunk size:  32 MB  (peak RAM = one chunk)
================================================================================
Read chunks: 128 MB × 4 workers  (peak RAM ≤ 512 MB)
================================================================================
================================================================================
STREAMING CHECKPOINT LOAD - Byte-Range GETs
================================================================================
Input:       /mnt/glfs/GalaxSphere-1Tier0/checkpointing/llama3-8b/global_epoch1_step1/zero_pp_rank_1_mp_rank_0_model_states.pt
Backend:     file
Total size:  1.87 GB
Chunk size:  32 MB  (peak RAM = one chunk)
================================================================================
Read chunks: 128 MB × 4 workers  (peak RAM ≤ 512 MB)
================================================================================
[FileReader] path=/mnt/glfs/GalaxSphere-1Tier0/checkpointing/llama3-8b/global_epoch1_step1/zero_pp_rank_3_mp_rank_0_model_states.pt  fadvise=dontneed
[FileReader] path=/mnt/glfs/GalaxSphere-1Tier0/checkpointing/llama3-8b/global_epoch1_step1/zero_pp_rank_3_mp_rank_0_model_states.pt  fadvise=dontneed
[FileReader] path=/mnt/glfs/GalaxSphere-1Tier0/checkpointing/llama3-8b/global_epoch1_step1/zero_pp_rank_4_mp_rank_0_model_states.pt  fadvise=dontneed
================================================================================
STREAMING CHECKPOINT LOAD - Byte-Range GETs
================================================================================
Input:       /mnt/glfs/GalaxSphere-1Tier0/checkpointing/llama3-8b/global_epoch1_step1/zero_pp_rank_7_mp_rank_0_model_states.pt
Backend:     file
Total size:  1.87 GB
Chunk size:  32 MB  (peak RAM = one chunk)
================================================================================
[FileReader] path=/mnt/glfs/GalaxSphere-1Tier0/checkpointing/llama3-8b/global_epoch1_step1/zero_pp_rank_4_mp_rank_0_model_states.pt  fadvise=dontneed
[FileReader] path=/mnt/glfs/GalaxSphere-1Tier0/checkpointing/llama3-8b/global_epoch1_step1/zero_pp_rank_4_mp_rank_0_model_states.pt  fadvise=dontneed
[FileReader] path=/mnt/glfs/GalaxSphere-1Tier0/checkpointing/llama3-8b/global_epoch1_step1/zero_pp_rank_4_mp_rank_0_model_states.pt  fadvise=dontneed
[FileReader] path=/mnt/glfs/GalaxSphere-1Tier0/checkpointing/llama3-8b/global_epoch1_step1/zero_pp_rank_3_mp_rank_0_model_states.pt  fadvise=dontneed
[FileReader] path=/mnt/glfs/GalaxSphere-1Tier0/checkpointing/llama3-8b/global_epoch1_step1/zero_pp_rank_3_mp_rank_0_model_states.pt  fadvise=dontneed
[FileReader] path=/mnt/glfs/GalaxSphere-1Tier0/checkpointing/llama3-8b/global_epoch1_step1/zero_pp_rank_2_mp_rank_0_model_states.pt  fadvise=dontneed
[FileReader] path=/mnt/glfs/GalaxSphere-1Tier0/checkpointing/llama3-8b/global_epoch1_step1/zero_pp_rank_2_mp_rank_0_model_states.pt  fadvise=dontneed
Read chunks: 128 MB × 4 workers  (peak RAM ≤ 512 MB)
================================================================================
[FileReader] path=/mnt/glfs/GalaxSphere-1Tier0/checkpointing/llama3-8b/global_epoch1_step1/zero_pp_rank_2_mp_rank_0_model_states.pt  fadvise=dontneed
[FileReader] path=/mnt/glfs/GalaxSphere-1Tier0/checkpointing/llama3-8b/global_epoch1_step1/zero_pp_rank_2_mp_rank_0_model_states.pt  fadvise=dontneed
[FileReader] path=/mnt/glfs/GalaxSphere-1Tier0/checkpointing/llama3-8b/global_epoch1_step1/zero_pp_rank_5_mp_rank_0_model_states.pt  fadvise=dontneed
[FileReader] path=/mnt/glfs/GalaxSphere-1Tier0/checkpointing/llama3-8b/global_epoch1_step1/zero_pp_rank_5_mp_rank_0_model_states.pt  fadvise=dontneed
[FileReader] path=/mnt/glfs/GalaxSphere-1Tier0/checkpointing/llama3-8b/global_epoch1_step1/zero_pp_rank_5_mp_rank_0_model_states.pt  fadvise=dontneed
[FileReader] path=/mnt/glfs/GalaxSphere-1Tier0/checkpointing/llama3-8b/global_epoch1_step1/zero_pp_rank_5_mp_rank_0_model_states.pt  fadvise=dontneed
================================================================================
STREAMING CHECKPOINT LOAD - Byte-Range GETs
================================================================================
Input:       /mnt/glfs/GalaxSphere-1Tier0/checkpointing/llama3-8b/global_epoch1_step1/zero_pp_rank_6_mp_rank_0_model_states.pt
Backend:     file
Total size:  1.87 GB
Chunk size:  32 MB  (peak RAM = one chunk)
================================================================================
Read chunks: 128 MB × 4 workers  (peak RAM ≤ 512 MB)
================================================================================
================================================================================
STREAMING CHECKPOINT LOAD - Byte-Range GETs
================================================================================
Input:       /mnt/glfs/GalaxSphere-1Tier0/checkpointing/llama3-8b/global_epoch1_step1/zero_pp_rank_0_mp_rank_0_model_states.pt
Backend:     file
Total size:  1.87 GB
Chunk size:  32 MB  (peak RAM = one chunk)
================================================================================
Read chunks: 128 MB × 4 workers  (peak RAM ≤ 512 MB)
================================================================================
[FileReader] path=/mnt/glfs/GalaxSphere-1Tier0/checkpointing/llama3-8b/global_epoch1_step1/zero_pp_rank_1_mp_rank_0_model_states.pt  fadvise=dontneed
[FileReader] path=/mnt/glfs/GalaxSphere-1Tier0/checkpointing/llama3-8b/global_epoch1_step1/zero_pp_rank_1_mp_rank_0_model_states.pt  fadvise=dontneed
[FileReader] path=/mnt/glfs/GalaxSphere-1Tier0/checkpointing/llama3-8b/global_epoch1_step1/zero_pp_rank_1_mp_rank_0_model_states.pt  fadvise=dontneed
[FileReader] path=/mnt/glfs/GalaxSphere-1Tier0/checkpointing/llama3-8b/global_epoch1_step1/zero_pp_rank_1_mp_rank_0_model_states.pt  fadvise=dontneed
[FileReader] path=/mnt/glfs/GalaxSphere-1Tier0/checkpointing/llama3-8b/global_epoch1_step1/zero_pp_rank_7_mp_rank_0_model_states.pt  fadvise=dontneed
[FileReader] path=/mnt/glfs/GalaxSphere-1Tier0/checkpointing/llama3-8b/global_epoch1_step1/zero_pp_rank_7_mp_rank_0_model_states.pt  fadvise=dontneed
[FileReader] path=/mnt/glfs/GalaxSphere-1Tier0/checkpointing/llama3-8b/global_epoch1_step1/zero_pp_rank_7_mp_rank_0_model_states.pt  fadvise=dontneed
[FileReader] path=/mnt/glfs/GalaxSphere-1Tier0/checkpointing/llama3-8b/global_epoch1_step1/zero_pp_rank_7_mp_rank_0_model_states.pt  fadvise=dontneed
[FileReader] path=/mnt/glfs/GalaxSphere-1Tier0/checkpointing/llama3-8b/global_epoch1_step1/zero_pp_rank_6_mp_rank_0_model_states.pt  fadvise=dontneed
[FileReader] path=/mnt/glfs/GalaxSphere-1Tier0/checkpointing/llama3-8b/global_epoch1_step1/zero_pp_rank_6_mp_rank_0_model_states.pt  fadvise=dontneed
[FileReader] path=/mnt/glfs/GalaxSphere-1Tier0/checkpointing/llama3-8b/global_epoch1_step1/zero_pp_rank_6_mp_rank_0_model_states.pt  fadvise=dontneed
[FileReader] path=/mnt/glfs/GalaxSphere-1Tier0/checkpointing/llama3-8b/global_epoch1_step1/zero_pp_rank_6_mp_rank_0_model_states.pt  fadvise=dontneed
[FileReader] path=/mnt/glfs/GalaxSphere-1Tier0/checkpointing/llama3-8b/global_epoch1_step1/zero_pp_rank_0_mp_rank_0_model_states.pt  fadvise=dontneed
[FileReader] path=/mnt/glfs/GalaxSphere-1Tier0/checkpointing/llama3-8b/global_epoch1_step1/zero_pp_rank_0_mp_rank_0_model_states.pt  fadvise=dontneed
[FileReader] path=/mnt/glfs/GalaxSphere-1Tier0/checkpointing/llama3-8b/global_epoch1_step1/zero_pp_rank_0_mp_rank_0_model_states.pt  fadvise=dontneed
[FileReader] path=/mnt/glfs/GalaxSphere-1Tier0/checkpointing/llama3-8b/global_epoch1_step1/zero_pp_rank_0_mp_rank_0_model_states.pt  fadvise=dontneed

================================================================================
LOAD RESULTS
================================================================================
I/O:        0.1573s @ 11.89 GB/s
Total:      0.1600s
Chunks:     16
================================================================================
================================================================================
STREAMING CHECKPOINT LOAD - Byte-Range GETs
================================================================================
Input:       /mnt/glfs/GalaxSphere-1Tier0/checkpointing/llama3-8b/global_epoch1_step1/zero_pp_rank_7_mp_rank_0_optim_states.pt
Backend:     file
Total size:  11.22 GB
Chunk size:  32 MB  (peak RAM = one chunk)
================================================================================
Read chunks: 128 MB × 4 workers  (peak RAM ≤ 512 MB)
================================================================================
[FileReader] path=/mnt/glfs/GalaxSphere-1Tier0/checkpointing/llama3-8b/global_epoch1_step1/zero_pp_rank_7_mp_rank_0_optim_states.pt  fadvise=dontneed
[FileReader] path=/mnt/glfs/GalaxSphere-1Tier0/checkpointing/llama3-8b/global_epoch1_step1/zero_pp_rank_7_mp_rank_0_optim_states.pt  fadvise=dontneed
[FileReader] path=/mnt/glfs/GalaxSphere-1Tier0/checkpointing/llama3-8b/global_epoch1_step1/zero_pp_rank_7_mp_rank_0_optim_states.pt  fadvise=dontneed
[FileReader] path=/mnt/glfs/GalaxSphere-1Tier0/checkpointing/llama3-8b/global_epoch1_step1/zero_pp_rank_7_mp_rank_0_optim_states.pt  fadvise=dontneed

================================================================================
LOAD RESULTS
================================================================================
I/O:        0.1657s @ 11.28 GB/s
Total:      0.1689s
Chunks:     16
================================================================================
================================================================================
STREAMING CHECKPOINT LOAD - Byte-Range GETs
================================================================================
Input:       /mnt/glfs/GalaxSphere-1Tier0/checkpointing/llama3-8b/global_epoch1_step1/zero_pp_rank_3_mp_rank_0_optim_states.pt
Backend:     file
Total size:  11.22 GB
Chunk size:  32 MB  (peak RAM = one chunk)
================================================================================
Read chunks: 128 MB × 4 workers  (peak RAM ≤ 512 MB)
================================================================================

================================================================================
LOAD RESULTS
================================================================================
I/O:        0.1670s @ 11.20 GB/s
Total:      0.1690s
Chunks:     16
================================================================================
[FileReader] path=/mnt/glfs/GalaxSphere-1Tier0/checkpointing/llama3-8b/global_epoch1_step1/zero_pp_rank_3_mp_rank_0_optim_states.pt  fadvise=dontneed
[FileReader] path=/mnt/glfs/GalaxSphere-1Tier0/checkpointing/llama3-8b/global_epoch1_step1/zero_pp_rank_3_mp_rank_0_optim_states.pt  fadvise=dontneed
[FileReader] path=/mnt/glfs/GalaxSphere-1Tier0/checkpointing/llama3-8b/global_epoch1_step1/zero_pp_rank_3_mp_rank_0_optim_states.pt  fadvise=dontneed
[FileReader] path=/mnt/glfs/GalaxSphere-1Tier0/checkpointing/llama3-8b/global_epoch1_step1/zero_pp_rank_3_mp_rank_0_optim_states.pt  fadvise=dontneed
================================================================================
STREAMING CHECKPOINT LOAD - Byte-Range GETs
================================================================================
Input:       /mnt/glfs/GalaxSphere-1Tier0/checkpointing/llama3-8b/global_epoch1_step1/zero_pp_rank_1_mp_rank_0_optim_states.pt
Backend:     file
Total size:  11.22 GB
Chunk size:  32 MB  (peak RAM = one chunk)
================================================================================
Read chunks: 128 MB × 4 workers  (peak RAM ≤ 512 MB)
================================================================================
[FileReader] path=/mnt/glfs/GalaxSphere-1Tier0/checkpointing/llama3-8b/global_epoch1_step1/zero_pp_rank_1_mp_rank_0_optim_states.pt  fadvise=dontneed
[FileReader] path=/mnt/glfs/GalaxSphere-1Tier0/checkpointing/llama3-8b/global_epoch1_step1/zero_pp_rank_1_mp_rank_0_optim_states.pt  fadvise=dontneed
[FileReader] path=/mnt/glfs/GalaxSphere-1Tier0/checkpointing/llama3-8b/global_epoch1_step1/zero_pp_rank_1_mp_rank_0_optim_states.pt  fadvise=dontneed
[FileReader] path=/mnt/glfs/GalaxSphere-1Tier0/checkpointing/llama3-8b/global_epoch1_step1/zero_pp_rank_1_mp_rank_0_optim_states.pt  fadvise=dontneed

================================================================================
LOAD RESULTS
================================================================================
I/O:        0.1682s @ 11.12 GB/s
Total:      0.1698s
Chunks:     16
================================================================================
================================================================================
STREAMING CHECKPOINT LOAD - Byte-Range GETs
================================================================================
Input:       /mnt/glfs/GalaxSphere-1Tier0/checkpointing/llama3-8b/global_epoch1_step1/zero_pp_rank_2_mp_rank_0_optim_states.pt
Backend:     file
Total size:  11.22 GB
Chunk size:  32 MB  (peak RAM = one chunk)
================================================================================
Read chunks: 128 MB × 4 workers  (peak RAM ≤ 512 MB)
================================================================================
[FileReader] path=/mnt/glfs/GalaxSphere-1Tier0/checkpointing/llama3-8b/global_epoch1_step1/zero_pp_rank_2_mp_rank_0_optim_states.pt  fadvise=dontneed
[FileReader] path=/mnt/glfs/GalaxSphere-1Tier0/checkpointing/llama3-8b/global_epoch1_step1/zero_pp_rank_2_mp_rank_0_optim_states.pt  fadvise=dontneed
[FileReader] path=/mnt/glfs/GalaxSphere-1Tier0/checkpointing/llama3-8b/global_epoch1_step1/zero_pp_rank_2_mp_rank_0_optim_states.pt  fadvise=dontneed
[FileReader] path=/mnt/glfs/GalaxSphere-1Tier0/checkpointing/llama3-8b/global_epoch1_step1/zero_pp_rank_2_mp_rank_0_optim_states.pt  fadvise=dontneed

================================================================================
LOAD RESULTS
================================================================================
I/O:        0.1685s @ 11.10 GB/s
Total:      0.1704s
Chunks:     16
================================================================================
================================================================================
STREAMING CHECKPOINT LOAD - Byte-Range GETs
================================================================================
Input:       /mnt/glfs/GalaxSphere-1Tier0/checkpointing/llama3-8b/global_epoch1_step1/zero_pp_rank_6_mp_rank_0_optim_states.pt
Backend:     file
Total size:  11.22 GB
Chunk size:  32 MB  (peak RAM = one chunk)
================================================================================
Read chunks: 128 MB × 4 workers  (peak RAM ≤ 512 MB)
================================================================================
[FileReader] path=/mnt/glfs/GalaxSphere-1Tier0/checkpointing/llama3-8b/global_epoch1_step1/zero_pp_rank_6_mp_rank_0_optim_states.pt  fadvise=dontneed
[FileReader] path=/mnt/glfs/GalaxSphere-1Tier0/checkpointing/llama3-8b/global_epoch1_step1/zero_pp_rank_6_mp_rank_0_optim_states.pt  fadvise=dontneed
[FileReader] path=/mnt/glfs/GalaxSphere-1Tier0/checkpointing/llama3-8b/global_epoch1_step1/zero_pp_rank_6_mp_rank_0_optim_states.pt  fadvise=dontneed
[FileReader] path=/mnt/glfs/GalaxSphere-1Tier0/checkpointing/llama3-8b/global_epoch1_step1/zero_pp_rank_6_mp_rank_0_optim_states.pt  fadvise=dontneed

================================================================================
LOAD RESULTS
================================================================================
I/O:        0.1688s @ 11.08 GB/s
Total:      0.1713s
Chunks:     16
================================================================================
================================================================================
STREAMING CHECKPOINT LOAD - Byte-Range GETs
================================================================================
Input:       /mnt/glfs/GalaxSphere-1Tier0/checkpointing/llama3-8b/global_epoch1_step1/zero_pp_rank_0_mp_rank_0_optim_states.pt
Backend:     file
Total size:  11.22 GB
Chunk size:  32 MB  (peak RAM = one chunk)
================================================================================
Read chunks: 128 MB × 4 workers  (peak RAM ≤ 512 MB)
================================================================================

================================================================================
LOAD RESULTS
================================================================================
I/O:        0.1705s @ 10.97 GB/s
Total:      0.1728s
Chunks:     16
================================================================================
================================================================================
STREAMING CHECKPOINT LOAD - Byte-Range GETs
================================================================================
Input:       /mnt/glfs/GalaxSphere-1Tier0/checkpointing/llama3-8b/global_epoch1_step1/zero_pp_rank_4_mp_rank_0_optim_states.pt
Backend:     file
Total size:  11.22 GB
Chunk size:  32 MB  (peak RAM = one chunk)
================================================================================
Read chunks: 128 MB × 4 workers  (peak RAM ≤ 512 MB)
================================================================================
[FileReader] path=/mnt/glfs/GalaxSphere-1Tier0/checkpointing/llama3-8b/global_epoch1_step1/zero_pp_rank_0_mp_rank_0_optim_states.pt  fadvise=dontneed
[FileReader] path=/mnt/glfs/GalaxSphere-1Tier0/checkpointing/llama3-8b/global_epoch1_step1/zero_pp_rank_0_mp_rank_0_optim_states.pt  fadvise=dontneed
[FileReader] path=/mnt/glfs/GalaxSphere-1Tier0/checkpointing/llama3-8b/global_epoch1_step1/zero_pp_rank_0_mp_rank_0_optim_states.pt  fadvise=dontneed
[FileReader] path=/mnt/glfs/GalaxSphere-1Tier0/checkpointing/llama3-8b/global_epoch1_step1/zero_pp_rank_0_mp_rank_0_optim_states.pt  fadvise=dontneed
[FileReader] path=/mnt/glfs/GalaxSphere-1Tier0/checkpointing/llama3-8b/global_epoch1_step1/zero_pp_rank_4_mp_rank_0_optim_states.pt  fadvise=dontneed
[FileReader] path=/mnt/glfs/GalaxSphere-1Tier0/checkpointing/llama3-8b/global_epoch1_step1/zero_pp_rank_4_mp_rank_0_optim_states.pt  fadvise=dontneed
[FileReader] path=/mnt/glfs/GalaxSphere-1Tier0/checkpointing/llama3-8b/global_epoch1_step1/zero_pp_rank_4_mp_rank_0_optim_states.pt  fadvise=dontneed
[FileReader] path=/mnt/glfs/GalaxSphere-1Tier0/checkpointing/llama3-8b/global_epoch1_step1/zero_pp_rank_4_mp_rank_0_optim_states.pt  fadvise=dontneed

================================================================================
LOAD RESULTS
================================================================================
I/O:        0.1729s @ 10.81 GB/s
Total:      0.1745s
Chunks:     16
================================================================================
================================================================================
STREAMING CHECKPOINT LOAD - Byte-Range GETs
================================================================================
Input:       /mnt/glfs/GalaxSphere-1Tier0/checkpointing/llama3-8b/global_epoch1_step1/zero_pp_rank_5_mp_rank_0_optim_states.pt
Backend:     file
Total size:  11.22 GB
Chunk size:  32 MB  (peak RAM = one chunk)
================================================================================
Read chunks: 128 MB × 4 workers  (peak RAM ≤ 512 MB)
================================================================================
[FileReader] path=/mnt/glfs/GalaxSphere-1Tier0/checkpointing/llama3-8b/global_epoch1_step1/zero_pp_rank_5_mp_rank_0_optim_states.pt  fadvise=dontneed
[FileReader] path=/mnt/glfs/GalaxSphere-1Tier0/checkpointing/llama3-8b/global_epoch1_step1/zero_pp_rank_5_mp_rank_0_optim_states.pt  fadvise=dontneed
[FileReader] path=/mnt/glfs/GalaxSphere-1Tier0/checkpointing/llama3-8b/global_epoch1_step1/zero_pp_rank_5_mp_rank_0_optim_states.pt  fadvise=dontneed
[FileReader] path=/mnt/glfs/GalaxSphere-1Tier0/checkpointing/llama3-8b/global_epoch1_step1/zero_pp_rank_5_mp_rank_0_optim_states.pt  fadvise=dontneed
[Load w0] 2.00 GB  4.54 GB/s
[Load w0] 2.00 GB  3.97 GB/s
[Load w0] 2.00 GB  3.72 GB/s
[Load w0] 2.00 GB  3.66 GB/s
[Load w0] 2.00 GB  3.47 GB/s
[Load w0] 2.00 GB  3.40 GB/s
[Load w0] 2.00 GB  3.44 GB/s
[Load w2] 2.00 GB  3.18 GB/s
[Load w1] 2.00 GB  3.18 GB/s
[Load w0] 2.00 GB  3.09 GB/s
[Load w2] 2.00 GB  3.07 GB/s
[Load w2] 2.00 GB  3.05 GB/s
[Load w1] 2.00 GB  3.03 GB/s
[Load w2] 2.00 GB  3.04 GB/s
[Load w3] 2.00 GB  2.97 GB/s
[Load w3] 2.00 GB  3.00 GB/s
[Load w2] 2.00 GB  2.96 GB/s
[Load w1] 2.00 GB  2.89 GB/s
[Load w3] 2.00 GB  2.91 GB/s
[Load w2] 2.00 GB  2.90 GB/s
[Load w2] 2.00 GB  2.83 GB/s
[Load w3] 2.00 GB  2.82 GB/s
[Load w1] 2.00 GB  2.81 GB/s
[Load w3] 2.00 GB  2.80 GB/s
[Load w3] 2.00 GB  2.79 GB/s
[Load w1] 2.00 GB  2.79 GB/s
[Load w1] 2.00 GB  2.80 GB/s
[Load w3] 2.00 GB  2.77 GB/s
[Load w1] 2.00 GB  2.74 GB/s
[Load w2] 2.00 GB  2.66 GB/s
[Load w1] 2.00 GB  2.65 GB/s
[Load w3] 2.00 GB  2.64 GB/s

================================================================================
LOAD RESULTS
================================================================================
I/O:        0.9104s @ 12.32 GB/s
Total:      0.9118s
Chunks:     92
================================================================================

================================================================================
LOAD RESULTS
================================================================================
I/O:        0.9042s @ 12.41 GB/s
Total:      0.9057s
Chunks:     92
================================================================================

================================================================================
LOAD RESULTS
================================================================================
I/O:        0.9180s @ 12.22 GB/s
Total:      0.9194s
Chunks:     92
================================================================================

================================================================================
LOAD RESULTS
================================================================================
I/O:        0.9214s @ 12.17 GB/s
Total:      0.9228s
Chunks:     92
================================================================================

================================================================================
LOAD RESULTS
================================================================================
I/O:        0.9248s @ 12.13 GB/s
Total:      0.9264s
Chunks:     92
================================================================================

================================================================================
LOAD RESULTS
================================================================================
I/O:        0.9248s @ 12.13 GB/s
Total:      0.9261s
Chunks:     92
================================================================================

================================================================================
LOAD RESULTS
================================================================================
I/O:        0.9459s @ 11.86 GB/s
Total:      0.9471s
Chunks:     92
================================================================================

================================================================================
LOAD RESULTS
================================================================================
I/O:        0.9476s @ 11.84 GB/s
Total:      0.9488s
Chunks:     92
================================================================================
================================================================================
STREAMING CHECKPOINT LOAD - Byte-Range GETs
================================================================================
Input:       /mnt/glfs/GalaxSphere-1Tier0/checkpointing/llama3-8b/global_epoch1_step2/zero_pp_rank_7_mp_rank_0_model_states.pt
Backend:     file
Total size:  1.87 GB
Chunk size:  32 MB  (peak RAM = one chunk)
================================================================================
Read chunks: 128 MB × 4 workers  (peak RAM ≤ 512 MB)
================================================================================
================================================================================
STREAMING CHECKPOINT LOAD - Byte-Range GETs
================================================================================
Input:       /mnt/glfs/GalaxSphere-1Tier0/checkpointing/llama3-8b/global_epoch1_step2/zero_pp_rank_3_mp_rank_0_model_states.pt
Backend:     file
Total size:  1.87 GB
Chunk size:  32 MB  (peak RAM = one chunk)
================================================================================
Read chunks: 128 MB × 4 workers  (peak RAM ≤ 512 MB)
================================================================================
================================================================================
STREAMING CHECKPOINT LOAD - Byte-Range GETs
================================================================================
Input:       /mnt/glfs/GalaxSphere-1Tier0/checkpointing/llama3-8b/global_epoch1_step2/zero_pp_rank_4_mp_rank_0_model_states.pt
Backend:     file
Total size:  1.87 GB
Chunk size:  32 MB  (peak RAM = one chunk)
================================================================================
Read chunks: 128 MB × 4 workers  (peak RAM ≤ 512 MB)
================================================================================
[FileReader] path=/mnt/glfs/GalaxSphere-1Tier0/checkpointing/llama3-8b/global_epoch1_step2/zero_pp_rank_7_mp_rank_0_model_states.pt  fadvise=dontneed
[FileReader] path=/mnt/glfs/GalaxSphere-1Tier0/checkpointing/llama3-8b/global_epoch1_step2/zero_pp_rank_7_mp_rank_0_model_states.pt  fadvise=dontneed
[FileReader] path=/mnt/glfs/GalaxSphere-1Tier0/checkpointing/llama3-8b/global_epoch1_step2/zero_pp_rank_3_mp_rank_0_model_states.pt  fadvise=dontneed
[FileReader] path=/mnt/glfs/GalaxSphere-1Tier0/checkpointing/llama3-8b/global_epoch1_step2/zero_pp_rank_3_mp_rank_0_model_states.pt  fadvise=dontneed
[FileReader] path=/mnt/glfs/GalaxSphere-1Tier0/checkpointing/llama3-8b/global_epoch1_step2/zero_pp_rank_3_mp_rank_0_model_states.pt  fadvise=dontneed
[FileReader] path=/mnt/glfs/GalaxSphere-1Tier0/checkpointing/llama3-8b/global_epoch1_step2/zero_pp_rank_7_mp_rank_0_model_states.pt  fadvise=dontneed
[FileReader] path=/mnt/glfs/GalaxSphere-1Tier0/checkpointing/llama3-8b/global_epoch1_step2/zero_pp_rank_7_mp_rank_0_model_states.pt  fadvise=dontneed
[FileReader] path=/mnt/glfs/GalaxSphere-1Tier0/checkpointing/llama3-8b/global_epoch1_step2/zero_pp_rank_3_mp_rank_0_model_states.pt  fadvise=dontneed
[FileReader] path=/mnt/glfs/GalaxSphere-1Tier0/checkpointing/llama3-8b/global_epoch1_step2/zero_pp_rank_4_mp_rank_0_model_states.pt  fadvise=dontneed
[FileReader] path=/mnt/glfs/GalaxSphere-1Tier0/checkpointing/llama3-8b/global_epoch1_step2/zero_pp_rank_4_mp_rank_0_model_states.pt  fadvise=dontneed
[FileReader] path=/mnt/glfs/GalaxSphere-1Tier0/checkpointing/llama3-8b/global_epoch1_step2/zero_pp_rank_4_mp_rank_0_model_states.pt  fadvise=dontneed
[FileReader] path=/mnt/glfs/GalaxSphere-1Tier0/checkpointing/llama3-8b/global_epoch1_step2/zero_pp_rank_4_mp_rank_0_model_states.pt  fadvise=dontneed
================================================================================
STREAMING CHECKPOINT LOAD - Byte-Range GETs
================================================================================
Input:       /mnt/glfs/GalaxSphere-1Tier0/checkpointing/llama3-8b/global_epoch1_step2/zero_pp_rank_5_mp_rank_0_model_states.pt
Backend:     file
Total size:  1.87 GB
Chunk size:  32 MB  (peak RAM = one chunk)
================================================================================
Read chunks: 128 MB × 4 workers  (peak RAM ≤ 512 MB)
================================================================================
================================================================================
STREAMING CHECKPOINT LOAD - Byte-Range GETs
================================================================================
Input:       /mnt/glfs/GalaxSphere-1Tier0/checkpointing/llama3-8b/global_epoch1_step2/zero_pp_rank_1_mp_rank_0_model_states.pt
Backend:     file
Total size:  1.87 GB
Chunk size:  32 MB  (peak RAM = one chunk)
================================================================================
Read chunks: 128 MB × 4 workers  (peak RAM ≤ 512 MB)
================================================================================
================================================================================
STREAMING CHECKPOINT LOAD - Byte-Range GETs
================================================================================
Input:       /mnt/glfs/GalaxSphere-1Tier0/checkpointing/llama3-8b/global_epoch1_step2/zero_pp_rank_6_mp_rank_0_model_states.pt
Backend:     file
Total size:  1.87 GB
Chunk size:  32 MB  (peak RAM = one chunk)
================================================================================
Read chunks: 128 MB × 4 workers  (peak RAM ≤ 512 MB)
================================================================================
[FileReader] path=/mnt/glfs/GalaxSphere-1Tier0/checkpointing/llama3-8b/global_epoch1_step2/zero_pp_rank_5_mp_rank_0_model_states.pt  fadvise=dontneed
[FileReader] path=/mnt/glfs/GalaxSphere-1Tier0/checkpointing/llama3-8b/global_epoch1_step2/zero_pp_rank_5_mp_rank_0_model_states.pt  fadvise=dontneed
[FileReader] path=/mnt/glfs/GalaxSphere-1Tier0/checkpointing/llama3-8b/global_epoch1_step2/zero_pp_rank_5_mp_rank_0_model_states.pt  fadvise=dontneed
[FileReader] path=/mnt/glfs/GalaxSphere-1Tier0/checkpointing/llama3-8b/global_epoch1_step2/zero_pp_rank_1_mp_rank_0_model_states.pt  fadvise=dontneed
================================================================================
STREAMING CHECKPOINT LOAD - Byte-Range GETs
================================================================================
Input:       /mnt/glfs/GalaxSphere-1Tier0/checkpointing/llama3-8b/global_epoch1_step2/zero_pp_rank_2_mp_rank_0_model_states.pt
Backend:     file
Total size:  1.87 GB
Chunk size:  32 MB  (peak RAM = one chunk)
================================================================================
Read chunks: 128 MB × 4 workers  (peak RAM ≤ 512 MB)
================================================================================
[FileReader] path=/mnt/glfs/GalaxSphere-1Tier0/checkpointing/llama3-8b/global_epoch1_step2/zero_pp_rank_5_mp_rank_0_model_states.pt  fadvise=dontneed
[FileReader] path=/mnt/glfs/GalaxSphere-1Tier0/checkpointing/llama3-8b/global_epoch1_step2/zero_pp_rank_1_mp_rank_0_model_states.pt  fadvise=dontneed
[FileReader] path=/mnt/glfs/GalaxSphere-1Tier0/checkpointing/llama3-8b/global_epoch1_step2/zero_pp_rank_1_mp_rank_0_model_states.pt  fadvise=dontneed
[FileReader] path=/mnt/glfs/GalaxSphere-1Tier0/checkpointing/llama3-8b/global_epoch1_step2/zero_pp_rank_1_mp_rank_0_model_states.pt  fadvise=dontneed
================================================================================
STREAMING CHECKPOINT LOAD - Byte-Range GETs
================================================================================
Input:       /mnt/glfs/GalaxSphere-1Tier0/checkpointing/llama3-8b/global_epoch1_step2/zero_pp_rank_0_mp_rank_0_model_states.pt
Backend:     file
Total size:  1.87 GB
Chunk size:  32 MB  (peak RAM = one chunk)
================================================================================
Read chunks: 128 MB × 4 workers  (peak RAM ≤ 512 MB)
================================================================================
[FileReader] path=/mnt/glfs/GalaxSphere-1Tier0/checkpointing/llama3-8b/global_epoch1_step2/zero_pp_rank_6_mp_rank_0_model_states.pt  fadvise=dontneed
[FileReader] path=/mnt/glfs/GalaxSphere-1Tier0/checkpointing/llama3-8b/global_epoch1_step2/zero_pp_rank_6_mp_rank_0_model_states.pt  fadvise=dontneed
[FileReader] path=/mnt/glfs/GalaxSphere-1Tier0/checkpointing/llama3-8b/global_epoch1_step2/zero_pp_rank_6_mp_rank_0_model_states.pt  fadvise=dontneed
[FileReader] path=/mnt/glfs/GalaxSphere-1Tier0/checkpointing/llama3-8b/global_epoch1_step2/zero_pp_rank_6_mp_rank_0_model_states.pt  fadvise=dontneed
[FileReader] path=/mnt/glfs/GalaxSphere-1Tier0/checkpointing/llama3-8b/global_epoch1_step2/zero_pp_rank_2_mp_rank_0_model_states.pt  fadvise=dontneed
[FileReader] path=/mnt/glfs/GalaxSphere-1Tier0/checkpointing/llama3-8b/global_epoch1_step2/zero_pp_rank_2_mp_rank_0_model_states.pt  fadvise=dontneed
[FileReader] path=/mnt/glfs/GalaxSphere-1Tier0/checkpointing/llama3-8b/global_epoch1_step2/zero_pp_rank_2_mp_rank_0_model_states.pt  fadvise=dontneed
[FileReader] path=/mnt/glfs/GalaxSphere-1Tier0/checkpointing/llama3-8b/global_epoch1_step2/zero_pp_rank_2_mp_rank_0_model_states.pt  fadvise=dontneed
[FileReader] path=/mnt/glfs/GalaxSphere-1Tier0/checkpointing/llama3-8b/global_epoch1_step2/zero_pp_rank_0_mp_rank_0_model_states.pt  fadvise=dontneed
[FileReader] path=/mnt/glfs/GalaxSphere-1Tier0/checkpointing/llama3-8b/global_epoch1_step2/zero_pp_rank_0_mp_rank_0_model_states.pt  fadvise=dontneed
[FileReader] path=/mnt/glfs/GalaxSphere-1Tier0/checkpointing/llama3-8b/global_epoch1_step2/zero_pp_rank_0_mp_rank_0_model_states.pt  fadvise=dontneed
[FileReader] path=/mnt/glfs/GalaxSphere-1Tier0/checkpointing/llama3-8b/global_epoch1_step2/zero_pp_rank_0_mp_rank_0_model_states.pt  fadvise=dontneed

================================================================================
LOAD RESULTS
================================================================================
I/O:        0.1536s @ 12.17 GB/s
Total:      0.1545s
Chunks:     16
================================================================================
================================================================================
STREAMING CHECKPOINT LOAD - Byte-Range GETs
================================================================================
Input:       /mnt/glfs/GalaxSphere-1Tier0/checkpointing/llama3-8b/global_epoch1_step2/zero_pp_rank_4_mp_rank_0_optim_states.pt
Backend:     file
Total size:  11.22 GB
Chunk size:  32 MB  (peak RAM = one chunk)
================================================================================
Read chunks: 128 MB × 4 workers  (peak RAM ≤ 512 MB)
================================================================================
[FileReader] path=/mnt/glfs/GalaxSphere-1Tier0/checkpointing/llama3-8b/global_epoch1_step2/zero_pp_rank_4_mp_rank_0_optim_states.pt  fadvise=dontneed
[FileReader] path=/mnt/glfs/GalaxSphere-1Tier0/checkpointing/llama3-8b/global_epoch1_step2/zero_pp_rank_4_mp_rank_0_optim_states.pt  fadvise=dontneed
[FileReader] path=/mnt/glfs/GalaxSphere-1Tier0/checkpointing/llama3-8b/global_epoch1_step2/zero_pp_rank_4_mp_rank_0_optim_states.pt  fadvise=dontneed
[FileReader] path=/mnt/glfs/GalaxSphere-1Tier0/checkpointing/llama3-8b/global_epoch1_step2/zero_pp_rank_4_mp_rank_0_optim_states.pt  fadvise=dontneed

================================================================================
LOAD RESULTS
================================================================================
I/O:        0.1540s @ 12.14 GB/s
Total:      0.1550s
Chunks:     16
================================================================================
================================================================================
STREAMING CHECKPOINT LOAD - Byte-Range GETs
================================================================================
Input:       /mnt/glfs/GalaxSphere-1Tier0/checkpointing/llama3-8b/global_epoch1_step2/zero_pp_rank_0_mp_rank_0_optim_states.pt
Backend:     file
Total size:  11.22 GB
Chunk size:  32 MB  (peak RAM = one chunk)
================================================================================
Read chunks: 128 MB × 4 workers  (peak RAM ≤ 512 MB)
================================================================================
[FileReader] path=/mnt/glfs/GalaxSphere-1Tier0/checkpointing/llama3-8b/global_epoch1_step2/zero_pp_rank_0_mp_rank_0_optim_states.pt  fadvise=dontneed
[FileReader] path=/mnt/glfs/GalaxSphere-1Tier0/checkpointing/llama3-8b/global_epoch1_step2/zero_pp_rank_0_mp_rank_0_optim_states.pt  fadvise=dontneed
[FileReader] path=/mnt/glfs/GalaxSphere-1Tier0/checkpointing/llama3-8b/global_epoch1_step2/zero_pp_rank_0_mp_rank_0_optim_states.pt  fadvise=dontneed
[FileReader] path=/mnt/glfs/GalaxSphere-1Tier0/checkpointing/llama3-8b/global_epoch1_step2/zero_pp_rank_0_mp_rank_0_optim_states.pt  fadvise=dontneed

================================================================================
LOAD RESULTS
================================================================================
I/O:        0.1555s @ 12.03 GB/s
Total:      0.1564s
Chunks:     16
================================================================================
================================================================================
STREAMING CHECKPOINT LOAD - Byte-Range GETs
================================================================================
Input:       /mnt/glfs/GalaxSphere-1Tier0/checkpointing/llama3-8b/global_epoch1_step2/zero_pp_rank_7_mp_rank_0_optim_states.pt
Backend:     file
Total size:  11.22 GB
Chunk size:  32 MB  (peak RAM = one chunk)
================================================================================
Read chunks: 128 MB × 4 workers  (peak RAM ≤ 512 MB)
================================================================================
[FileReader] path=/mnt/glfs/GalaxSphere-1Tier0/checkpointing/llama3-8b/global_epoch1_step2/zero_pp_rank_7_mp_rank_0_optim_states.pt  fadvise=dontneed
[FileReader] path=/mnt/glfs/GalaxSphere-1Tier0/checkpointing/llama3-8b/global_epoch1_step2/zero_pp_rank_7_mp_rank_0_optim_states.pt  fadvise=dontneed
[FileReader] path=/mnt/glfs/GalaxSphere-1Tier0/checkpointing/llama3-8b/global_epoch1_step2/zero_pp_rank_7_mp_rank_0_optim_states.pt  fadvise=dontneed
[FileReader] path=/mnt/glfs/GalaxSphere-1Tier0/checkpointing/llama3-8b/global_epoch1_step2/zero_pp_rank_7_mp_rank_0_optim_states.pt  fadvise=dontneed

================================================================================
LOAD RESULTS
================================================================================
I/O:        0.1559s @ 11.99 GB/s
Total:      0.1571s
Chunks:     16
================================================================================
================================================================================
STREAMING CHECKPOINT LOAD - Byte-Range GETs
================================================================================
Input:       /mnt/glfs/GalaxSphere-1Tier0/checkpointing/llama3-8b/global_epoch1_step2/zero_pp_rank_3_mp_rank_0_optim_states.pt
Backend:     file
Total size:  11.22 GB
Chunk size:  32 MB  (peak RAM = one chunk)
================================================================================
Read chunks: 128 MB × 4 workers  (peak RAM ≤ 512 MB)
================================================================================
[FileReader] path=/mnt/glfs/GalaxSphere-1Tier0/checkpointing/llama3-8b/global_epoch1_step2/zero_pp_rank_3_mp_rank_0_optim_states.pt  fadvise=dontneed
[FileReader] path=/mnt/glfs/GalaxSphere-1Tier0/checkpointing/llama3-8b/global_epoch1_step2/zero_pp_rank_3_mp_rank_0_optim_states.pt  fadvise=dontneed
[FileReader] path=/mnt/glfs/GalaxSphere-1Tier0/checkpointing/llama3-8b/global_epoch1_step2/zero_pp_rank_3_mp_rank_0_optim_states.pt  fadvise=dontneed
[FileReader] path=/mnt/glfs/GalaxSphere-1Tier0/checkpointing/llama3-8b/global_epoch1_step2/zero_pp_rank_3_mp_rank_0_optim_states.pt  fadvise=dontneed

================================================================================
LOAD RESULTS
================================================================================
I/O:        0.1653s @ 11.31 GB/s
Total:      0.1666s
Chunks:     16
================================================================================
================================================================================
STREAMING CHECKPOINT LOAD - Byte-Range GETs
================================================================================
Input:       /mnt/glfs/GalaxSphere-1Tier0/checkpointing/llama3-8b/global_epoch1_step2/zero_pp_rank_6_mp_rank_0_optim_states.pt
Backend:     file
Total size:  11.22 GB
Chunk size:  32 MB  (peak RAM = one chunk)
================================================================================
Read chunks: 128 MB × 4 workers  (peak RAM ≤ 512 MB)
================================================================================

================================================================================
LOAD RESULTS
================================================================================
I/O:        0.1659s @ 11.27 GB/s
Total:      0.1670s
Chunks:     16
================================================================================
================================================================================
STREAMING CHECKPOINT LOAD - Byte-Range GETs
================================================================================
Input:       /mnt/glfs/GalaxSphere-1Tier0/checkpointing/llama3-8b/global_epoch1_step2/zero_pp_rank_1_mp_rank_0_optim_states.pt
Backend:     file
Total size:  11.22 GB
Chunk size:  32 MB  (peak RAM = one chunk)
================================================================================
Read chunks: 128 MB × 4 workers  (peak RAM ≤ 512 MB)
================================================================================
[FileReader] path=/mnt/glfs/GalaxSphere-1Tier0/checkpointing/llama3-8b/global_epoch1_step2/zero_pp_rank_6_mp_rank_0_optim_states.pt  fadvise=dontneed
[FileReader] path=/mnt/glfs/GalaxSphere-1Tier0/checkpointing/llama3-8b/global_epoch1_step2/zero_pp_rank_6_mp_rank_0_optim_states.pt  fadvise=dontneed
[FileReader] path=/mnt/glfs/GalaxSphere-1Tier0/checkpointing/llama3-8b/global_epoch1_step2/zero_pp_rank_6_mp_rank_0_optim_states.pt  fadvise=dontneed
[FileReader] path=/mnt/glfs/GalaxSphere-1Tier0/checkpointing/llama3-8b/global_epoch1_step2/zero_pp_rank_6_mp_rank_0_optim_states.pt  fadvise=dontneed
[FileReader] path=/mnt/glfs/GalaxSphere-1Tier0/checkpointing/llama3-8b/global_epoch1_step2/zero_pp_rank_1_mp_rank_0_optim_states.pt  fadvise=dontneed
[FileReader] path=/mnt/glfs/GalaxSphere-1Tier0/checkpointing/llama3-8b/global_epoch1_step2/zero_pp_rank_1_mp_rank_0_optim_states.pt  fadvise=dontneed
[FileReader] path=/mnt/glfs/GalaxSphere-1Tier0/checkpointing/llama3-8b/global_epoch1_step2/zero_pp_rank_1_mp_rank_0_optim_states.pt  fadvise=dontneed
[FileReader] path=/mnt/glfs/GalaxSphere-1Tier0/checkpointing/llama3-8b/global_epoch1_step2/zero_pp_rank_1_mp_rank_0_optim_states.pt  fadvise=dontneed

================================================================================
LOAD RESULTS
================================================================================
I/O:        0.1665s @ 11.23 GB/s
Total:      0.1677s
Chunks:     16
================================================================================
================================================================================
STREAMING CHECKPOINT LOAD - Byte-Range GETs
================================================================================
Input:       /mnt/glfs/GalaxSphere-1Tier0/checkpointing/llama3-8b/global_epoch1_step2/zero_pp_rank_2_mp_rank_0_optim_states.pt
Backend:     file
Total size:  11.22 GB
Chunk size:  32 MB  (peak RAM = one chunk)
================================================================================
Read chunks: 128 MB × 4 workers  (peak RAM ≤ 512 MB)
================================================================================
[FileReader] path=/mnt/glfs/GalaxSphere-1Tier0/checkpointing/llama3-8b/global_epoch1_step2/zero_pp_rank_2_mp_rank_0_optim_states.pt  fadvise=dontneed
[FileReader] path=/mnt/glfs/GalaxSphere-1Tier0/checkpointing/llama3-8b/global_epoch1_step2/zero_pp_rank_2_mp_rank_0_optim_states.pt  fadvise=dontneed
[FileReader] path=/mnt/glfs/GalaxSphere-1Tier0/checkpointing/llama3-8b/global_epoch1_step2/zero_pp_rank_2_mp_rank_0_optim_states.pt  fadvise=dontneed
[FileReader] path=/mnt/glfs/GalaxSphere-1Tier0/checkpointing/llama3-8b/global_epoch1_step2/zero_pp_rank_2_mp_rank_0_optim_states.pt  fadvise=dontneed

================================================================================
LOAD RESULTS
================================================================================
I/O:        0.1769s @ 10.57 GB/s
Total:      0.1781s
Chunks:     16
================================================================================
================================================================================
STREAMING CHECKPOINT LOAD - Byte-Range GETs
================================================================================
Input:       /mnt/glfs/GalaxSphere-1Tier0/checkpointing/llama3-8b/global_epoch1_step2/zero_pp_rank_5_mp_rank_0_optim_states.pt
Backend:     file
Total size:  11.22 GB
Chunk size:  32 MB  (peak RAM = one chunk)
================================================================================
Read chunks: 128 MB × 4 workers  (peak RAM ≤ 512 MB)
================================================================================
[FileReader] path=/mnt/glfs/GalaxSphere-1Tier0/checkpointing/llama3-8b/global_epoch1_step2/zero_pp_rank_5_mp_rank_0_optim_states.pt  fadvise=dontneed
[FileReader] path=/mnt/glfs/GalaxSphere-1Tier0/checkpointing/llama3-8b/global_epoch1_step2/zero_pp_rank_5_mp_rank_0_optim_states.pt  fadvise=dontneed
[FileReader] path=/mnt/glfs/GalaxSphere-1Tier0/checkpointing/llama3-8b/global_epoch1_step2/zero_pp_rank_5_mp_rank_0_optim_states.pt  fadvise=dontneed
[FileReader] path=/mnt/glfs/GalaxSphere-1Tier0/checkpointing/llama3-8b/global_epoch1_step2/zero_pp_rank_5_mp_rank_0_optim_states.pt  fadvise=dontneed
[Load w0] 2.00 GB  3.69 GB/s
[Load w0] 2.00 GB  3.68 GB/s
[Load w3] 2.00 GB  3.64 GB/s
[Load w0] 2.00 GB  3.64 GB/s
[Load w0] 2.00 GB  3.75 GB/s
[Load w0] 2.00 GB  3.58 GB/s
[Load w1] 2.00 GB  3.56 GB/s
[Load w2] 2.00 GB  3.40 GB/s
[Load w3] 2.00 GB  3.36 GB/s
[Load w2] 2.00 GB  3.41 GB/s
[Load w0] 2.00 GB  3.33 GB/s
[Load w1] 2.00 GB  3.30 GB/s
[Load w1] 2.00 GB  3.25 GB/s
[Load w0] 2.00 GB  3.25 GB/s
[Load w1] 2.00 GB  3.19 GB/s
[Load w3] 2.00 GB  3.14 GB/s
[Load w2] 2.00 GB  3.05 GB/s
[Load w1] 2.00 GB  3.05 GB/s
[Load w1] 2.00 GB  3.02 GB/s
[Load w0] 2.00 GB  2.93 GB/s
[Load w2] 2.00 GB  2.86 GB/s
[Load w1] 2.00 GB  2.80 GB/s
[Load w3] 2.00 GB  2.76 GB/s
[Load w2] 2.00 GB  2.73 GB/s
[Load w3] 2.00 GB  2.67 GB/s
[Load w3] 2.00 GB  2.69 GB/s
[Load w2] 2.00 GB  2.64 GB/s
[Load w3] 2.00 GB  2.57 GB/s
[Load w2] 2.00 GB  2.62 GB/s
[Load w1] 2.00 GB  2.61 GB/s
[Load w2] 2.00 GB  2.57 GB/s
[Load w3] 2.00 GB  2.59 GB/s

================================================================================
LOAD RESULTS
================================================================================
I/O:        0.8526s @ 13.16 GB/s
Total:      0.8543s
Chunks:     92
================================================================================

================================================================================
LOAD RESULTS
================================================================================
I/O:        0.8431s @ 13.31 GB/s
Total:      0.8448s
Chunks:     92
================================================================================

================================================================================
LOAD RESULTS
================================================================================
I/O:        0.8978s @ 12.50 GB/s
Total:      0.8992s
Chunks:     92
================================================================================

================================================================================
LOAD RESULTS
================================================================================
I/O:        0.9350s @ 12.00 GB/s
Total:      0.9367s
Chunks:     92
================================================================================

================================================================================
LOAD RESULTS
================================================================================
I/O:        0.9254s @ 12.12 GB/s
Total:      0.9269s
Chunks:     92
================================================================================

================================================================================
LOAD RESULTS
================================================================================
I/O:        0.9430s @ 11.90 GB/s
Total:      0.9443s
Chunks:     92
================================================================================

================================================================================
LOAD RESULTS
================================================================================
I/O:        0.9325s @ 12.03 GB/s
Total:      0.9338s
Chunks:     92
================================================================================

================================================================================
LOAD RESULTS
================================================================================
I/O:        0.9378s @ 11.96 GB/s
Total:      0.9388s
Chunks:     92
================================================================================
================================================================================
STREAMING CHECKPOINT LOAD - Byte-Range GETs
================================================================================
Input:       /mnt/glfs/GalaxSphere-1Tier0/checkpointing/llama3-8b/global_epoch1_step3/zero_pp_rank_1_mp_rank_0_model_states.pt
Backend:     file
Total size:  1.87 GB
Chunk size:  32 MB  (peak RAM = one chunk)
================================================================================
Read chunks: 128 MB × 4 workers  (peak RAM ≤ 512 MB)
================================================================================
================================================================================
STREAMING CHECKPOINT LOAD - Byte-Range GETs
================================================================================
Input:       /mnt/glfs/GalaxSphere-1Tier0/checkpointing/llama3-8b/global_epoch1_step3/zero_pp_rank_6_mp_rank_0_model_states.pt
Backend:     file
Total size:  1.87 GB
Chunk size:  32 MB  (peak RAM = one chunk)
================================================================================
Read chunks: 128 MB × 4 workers  (peak RAM ≤ 512 MB)
================================================================================
================================================================================
STREAMING CHECKPOINT LOAD - Byte-Range GETs
================================================================================
Input:       /mnt/glfs/GalaxSphere-1Tier0/checkpointing/llama3-8b/global_epoch1_step3/zero_pp_rank_5_mp_rank_0_model_states.pt
Backend:     file
Total size:  1.87 GB
Chunk size:  32 MB  (peak RAM = one chunk)
================================================================================
Read chunks: 128 MB × 4 workers  (peak RAM ≤ 512 MB)
================================================================================
================================================================================
STREAMING CHECKPOINT LOAD - Byte-Range GETs
================================================================================
Input:       /mnt/glfs/GalaxSphere-1Tier0/checkpointing/llama3-8b/global_epoch1_step3/zero_pp_rank_3_mp_rank_0_model_states.pt
Backend:     file
Total size:  1.87 GB
Chunk size:  32 MB  (peak RAM = one chunk)
================================================================================
Read chunks: 128 MB × 4 workers  (peak RAM ≤ 512 MB)
================================================================================
================================================================================
STREAMING CHECKPOINT LOAD - Byte-Range GETs
================================================================================
Input:       /mnt/glfs/GalaxSphere-1Tier0/checkpointing/llama3-8b/global_epoch1_step3/zero_pp_rank_7_mp_rank_0_model_states.pt
Backend:     file
Total size:  1.87 GB
Chunk size:  32 MB  (peak RAM = one chunk)
================================================================================
Read chunks: 128 MB × 4 workers  (peak RAM ≤ 512 MB)
================================================================================
[FileReader] path=/mnt/glfs/GalaxSphere-1Tier0/checkpointing/llama3-8b/global_epoch1_step3/zero_pp_rank_1_mp_rank_0_model_states.pt  fadvise=dontneed
[FileReader] path=/mnt/glfs/GalaxSphere-1Tier0/checkpointing/llama3-8b/global_epoch1_step3/zero_pp_rank_1_mp_rank_0_model_states.pt  fadvise=dontneed
[FileReader] path=/mnt/glfs/GalaxSphere-1Tier0/checkpointing/llama3-8b/global_epoch1_step3/zero_pp_rank_5_mp_rank_0_model_states.pt  fadvise=dontneed
[FileReader] path=/mnt/glfs/GalaxSphere-1Tier0/checkpointing/llama3-8b/global_epoch1_step3/zero_pp_rank_5_mp_rank_0_model_states.pt  fadvise=dontneed
[FileReader] path=/mnt/glfs/GalaxSphere-1Tier0/checkpointing/llama3-8b/global_epoch1_step3/zero_pp_rank_5_mp_rank_0_model_states.pt  fadvise=dontneed
[FileReader] path=/mnt/glfs/GalaxSphere-1Tier0/checkpointing/llama3-8b/global_epoch1_step3/zero_pp_rank_6_mp_rank_0_model_states.pt  fadvise=dontneed
[FileReader] path=/mnt/glfs/GalaxSphere-1Tier0/checkpointing/llama3-8b/global_epoch1_step3/zero_pp_rank_6_mp_rank_0_model_states.pt  fadvise=dontneed
[FileReader] path=/mnt/glfs/GalaxSphere-1Tier0/checkpointing/llama3-8b/global_epoch1_step3/zero_pp_rank_6_mp_rank_0_model_states.pt  fadvise=dontneed
[FileReader] path=/mnt/glfs/GalaxSphere-1Tier0/checkpointing/llama3-8b/global_epoch1_step3/zero_pp_rank_6_mp_rank_0_model_states.pt  fadvise=dontneed
[FileReader] path=/mnt/glfs/GalaxSphere-1Tier0/checkpointing/llama3-8b/global_epoch1_step3/zero_pp_rank_1_mp_rank_0_model_states.pt  fadvise=dontneed
[FileReader] path=/mnt/glfs/GalaxSphere-1Tier0/checkpointing/llama3-8b/global_epoch1_step3/zero_pp_rank_1_mp_rank_0_model_states.pt  fadvise=dontneed
[FileReader] path=/mnt/glfs/GalaxSphere-1Tier0/checkpointing/llama3-8b/global_epoch1_step3/zero_pp_rank_5_mp_rank_0_model_states.pt  fadvise=dontneed
[FileReader] path=/mnt/glfs/GalaxSphere-1Tier0/checkpointing/llama3-8b/global_epoch1_step3/zero_pp_rank_3_mp_rank_0_model_states.pt  fadvise=dontneed
[FileReader] path=/mnt/glfs/GalaxSphere-1Tier0/checkpointing/llama3-8b/global_epoch1_step3/zero_pp_rank_3_mp_rank_0_model_states.pt  fadvise=dontneed
[FileReader] path=/mnt/glfs/GalaxSphere-1Tier0/checkpointing/llama3-8b/global_epoch1_step3/zero_pp_rank_3_mp_rank_0_model_states.pt  fadvise=dontneed
[FileReader] path=/mnt/glfs/GalaxSphere-1Tier0/checkpointing/llama3-8b/global_epoch1_step3/zero_pp_rank_3_mp_rank_0_model_states.pt  fadvise=dontneed
[FileReader] path=/mnt/glfs/GalaxSphere-1Tier0/checkpointing/llama3-8b/global_epoch1_step3/zero_pp_rank_7_mp_rank_0_model_states.pt  fadvise=dontneed
[FileReader] path=/mnt/glfs/GalaxSphere-1Tier0/checkpointing/llama3-8b/global_epoch1_step3/zero_pp_rank_7_mp_rank_0_model_states.pt  fadvise=dontneed
================================================================================
STREAMING CHECKPOINT LOAD - Byte-Range GETs
================================================================================
Input:       /mnt/glfs/GalaxSphere-1Tier0/checkpointing/llama3-8b/global_epoch1_step3/zero_pp_rank_4_mp_rank_0_model_states.pt
Backend:     file
Total size:  1.87 GB
Chunk size:  32 MB  (peak RAM = one chunk)
[FileReader] path=/mnt/glfs/GalaxSphere-1Tier0/checkpointing/llama3-8b/global_epoch1_step3/zero_pp_rank_7_mp_rank_0_model_states.pt  fadvise=dontneed
[FileReader] path=/mnt/glfs/GalaxSphere-1Tier0/checkpointing/llama3-8b/global_epoch1_step3/zero_pp_rank_7_mp_rank_0_model_states.pt  fadvise=dontneed
================================================================================
Read chunks: 128 MB × 4 workers  (peak RAM ≤ 512 MB)
================================================================================
================================================================================
STREAMING CHECKPOINT LOAD - Byte-Range GETs
================================================================================
Input:       /mnt/glfs/GalaxSphere-1Tier0/checkpointing/llama3-8b/global_epoch1_step3/zero_pp_rank_2_mp_rank_0_model_states.pt
Backend:     file
Total size:  1.87 GB
Chunk size:  32 MB  (peak RAM = one chunk)
================================================================================
Read chunks: 128 MB × 4 workers  (peak RAM ≤ 512 MB)
================================================================================
================================================================================
STREAMING CHECKPOINT LOAD - Byte-Range GETs
================================================================================
Input:       /mnt/glfs/GalaxSphere-1Tier0/checkpointing/llama3-8b/global_epoch1_step3/zero_pp_rank_0_mp_rank_0_model_states.pt
Backend:     file
Total size:  1.87 GB
Chunk size:  32 MB  (peak RAM = one chunk)
================================================================================
Read chunks: 128 MB × 4 workers  (peak RAM ≤ 512 MB)
================================================================================
[FileReader] path=/mnt/glfs/GalaxSphere-1Tier0/checkpointing/llama3-8b/global_epoch1_step3/zero_pp_rank_4_mp_rank_0_model_states.pt  fadvise=dontneed
[FileReader] path=/mnt/glfs/GalaxSphere-1Tier0/checkpointing/llama3-8b/global_epoch1_step3/zero_pp_rank_4_mp_rank_0_model_states.pt  fadvise=dontneed
[FileReader] path=/mnt/glfs/GalaxSphere-1Tier0/checkpointing/llama3-8b/global_epoch1_step3/zero_pp_rank_4_mp_rank_0_model_states.pt  fadvise=dontneed
[FileReader] path=/mnt/glfs/GalaxSphere-1Tier0/checkpointing/llama3-8b/global_epoch1_step3/zero_pp_rank_4_mp_rank_0_model_states.pt  fadvise=dontneed
[FileReader] path=/mnt/glfs/GalaxSphere-1Tier0/checkpointing/llama3-8b/global_epoch1_step3/zero_pp_rank_2_mp_rank_0_model_states.pt  fadvise=dontneed
[FileReader] path=/mnt/glfs/GalaxSphere-1Tier0/checkpointing/llama3-8b/global_epoch1_step3/zero_pp_rank_2_mp_rank_0_model_states.pt  fadvise=dontneed
[FileReader] path=/mnt/glfs/GalaxSphere-1Tier0/checkpointing/llama3-8b/global_epoch1_step3/zero_pp_rank_2_mp_rank_0_model_states.pt  fadvise=dontneed
[FileReader] path=/mnt/glfs/GalaxSphere-1Tier0/checkpointing/llama3-8b/global_epoch1_step3/zero_pp_rank_2_mp_rank_0_model_states.pt  fadvise=dontneed
[FileReader] path=/mnt/glfs/GalaxSphere-1Tier0/checkpointing/llama3-8b/global_epoch1_step3/zero_pp_rank_0_mp_rank_0_model_states.pt  fadvise=dontneed
[FileReader] path=/mnt/glfs/GalaxSphere-1Tier0/checkpointing/llama3-8b/global_epoch1_step3/zero_pp_rank_0_mp_rank_0_model_states.pt  fadvise=dontneed
[FileReader] path=/mnt/glfs/GalaxSphere-1Tier0/checkpointing/llama3-8b/global_epoch1_step3/zero_pp_rank_0_mp_rank_0_model_states.pt  fadvise=dontneed
[FileReader] path=/mnt/glfs/GalaxSphere-1Tier0/checkpointing/llama3-8b/global_epoch1_step3/zero_pp_rank_0_mp_rank_0_model_states.pt  fadvise=dontneed

================================================================================
LOAD RESULTS
================================================================================
I/O:        0.1477s @ 12.66 GB/s
Total:      0.1491s
Chunks:     16
================================================================================
================================================================================
STREAMING CHECKPOINT LOAD - Byte-Range GETs
================================================================================
Input:       /mnt/glfs/GalaxSphere-1Tier0/checkpointing/llama3-8b/global_epoch1_step3/zero_pp_rank_1_mp_rank_0_optim_states.pt
Backend:     file
Total size:  11.22 GB
Chunk size:  32 MB  (peak RAM = one chunk)
================================================================================
Read chunks: 128 MB × 4 workers  (peak RAM ≤ 512 MB)
================================================================================
[FileReader] path=/mnt/glfs/GalaxSphere-1Tier0/checkpointing/llama3-8b/global_epoch1_step3/zero_pp_rank_1_mp_rank_0_optim_states.pt  fadvise=dontneed
[FileReader] path=/mnt/glfs/GalaxSphere-1Tier0/checkpointing/llama3-8b/global_epoch1_step3/zero_pp_rank_1_mp_rank_0_optim_states.pt  fadvise=dontneed
[FileReader] path=/mnt/glfs/GalaxSphere-1Tier0/checkpointing/llama3-8b/global_epoch1_step3/zero_pp_rank_1_mp_rank_0_optim_states.pt  fadvise=dontneed
[FileReader] path=/mnt/glfs/GalaxSphere-1Tier0/checkpointing/llama3-8b/global_epoch1_step3/zero_pp_rank_1_mp_rank_0_optim_states.pt  fadvise=dontneed

================================================================================
LOAD RESULTS
================================================================================
I/O:        0.1515s @ 12.34 GB/s
Total:      0.1523s
Chunks:     16
================================================================================
================================================================================
STREAMING CHECKPOINT LOAD - Byte-Range GETs
================================================================================
Input:       /mnt/glfs/GalaxSphere-1Tier0/checkpointing/llama3-8b/global_epoch1_step3/zero_pp_rank_5_mp_rank_0_optim_states.pt
Backend:     file
Total size:  11.22 GB
Chunk size:  32 MB  (peak RAM = one chunk)
================================================================================
Read chunks: 128 MB × 4 workers  (peak RAM ≤ 512 MB)
================================================================================
[FileReader] path=/mnt/glfs/GalaxSphere-1Tier0/checkpointing/llama3-8b/global_epoch1_step3/zero_pp_rank_5_mp_rank_0_optim_states.pt  fadvise=dontneed
[FileReader] path=/mnt/glfs/GalaxSphere-1Tier0/checkpointing/llama3-8b/global_epoch1_step3/zero_pp_rank_5_mp_rank_0_optim_states.pt  fadvise=dontneed
[FileReader] path=/mnt/glfs/GalaxSphere-1Tier0/checkpointing/llama3-8b/global_epoch1_step3/zero_pp_rank_5_mp_rank_0_optim_states.pt  fadvise=dontneed
[FileReader] path=/mnt/glfs/GalaxSphere-1Tier0/checkpointing/llama3-8b/global_epoch1_step3/zero_pp_rank_5_mp_rank_0_optim_states.pt  fadvise=dontneed

================================================================================
LOAD RESULTS
================================================================================
I/O:        0.1523s @ 12.28 GB/s
Total:      0.1534s
Chunks:     16
================================================================================
================================================================================
STREAMING CHECKPOINT LOAD - Byte-Range GETs
================================================================================
Input:       /mnt/glfs/GalaxSphere-1Tier0/checkpointing/llama3-8b/global_epoch1_step3/zero_pp_rank_6_mp_rank_0_optim_states.pt
Backend:     file
Total size:  11.22 GB
Chunk size:  32 MB  (peak RAM = one chunk)
================================================================================
Read chunks: 128 MB × 4 workers  (peak RAM ≤ 512 MB)
================================================================================
[FileReader] path=/mnt/glfs/GalaxSphere-1Tier0/checkpointing/llama3-8b/global_epoch1_step3/zero_pp_rank_6_mp_rank_0_optim_states.pt  fadvise=dontneed
[FileReader] path=/mnt/glfs/GalaxSphere-1Tier0/checkpointing/llama3-8b/global_epoch1_step3/zero_pp_rank_6_mp_rank_0_optim_states.pt  fadvise=dontneed
[FileReader] path=/mnt/glfs/GalaxSphere-1Tier0/checkpointing/llama3-8b/global_epoch1_step3/zero_pp_rank_6_mp_rank_0_optim_states.pt  fadvise=dontneed
[FileReader] path=/mnt/glfs/GalaxSphere-1Tier0/checkpointing/llama3-8b/global_epoch1_step3/zero_pp_rank_6_mp_rank_0_optim_states.pt  fadvise=dontneed

================================================================================
LOAD RESULTS
================================================================================
I/O:        0.1574s @ 11.88 GB/s
Total:      0.1586s
Chunks:     16
================================================================================
================================================================================
STREAMING CHECKPOINT LOAD - Byte-Range GETs
================================================================================
Input:       /mnt/glfs/GalaxSphere-1Tier0/checkpointing/llama3-8b/global_epoch1_step3/zero_pp_rank_4_mp_rank_0_optim_states.pt
Backend:     file
Total size:  11.22 GB
Chunk size:  32 MB  (peak RAM = one chunk)
================================================================================
Read chunks: 128 MB × 4 workers  (peak RAM ≤ 512 MB)
================================================================================
[FileReader] path=/mnt/glfs/GalaxSphere-1Tier0/checkpointing/llama3-8b/global_epoch1_step3/zero_pp_rank_4_mp_rank_0_optim_states.pt  fadvise=dontneed
[FileReader] path=/mnt/glfs/GalaxSphere-1Tier0/checkpointing/llama3-8b/global_epoch1_step3/zero_pp_rank_4_mp_rank_0_optim_states.pt  fadvise=dontneed
[FileReader] path=/mnt/glfs/GalaxSphere-1Tier0/checkpointing/llama3-8b/global_epoch1_step3/zero_pp_rank_4_mp_rank_0_optim_states.pt  fadvise=dontneed
[FileReader] path=/mnt/glfs/GalaxSphere-1Tier0/checkpointing/llama3-8b/global_epoch1_step3/zero_pp_rank_4_mp_rank_0_optim_states.pt  fadvise=dontneed

================================================================================
LOAD RESULTS
================================================================================
I/O:        0.1626s @ 11.50 GB/s
Total:      0.1635s
Chunks:     16
================================================================================
================================================================================
STREAMING CHECKPOINT LOAD - Byte-Range GETs
================================================================================
Input:       /mnt/glfs/GalaxSphere-1Tier0/checkpointing/llama3-8b/global_epoch1_step3/zero_pp_rank_0_mp_rank_0_optim_states.pt
Backend:     file
Total size:  11.22 GB
Chunk size:  32 MB  (peak RAM = one chunk)
================================================================================
Read chunks: 128 MB × 4 workers  (peak RAM ≤ 512 MB)
================================================================================
[FileReader] path=/mnt/glfs/GalaxSphere-1Tier0/checkpointing/llama3-8b/global_epoch1_step3/zero_pp_rank_0_mp_rank_0_optim_states.pt  fadvise=dontneed
[FileReader] path=/mnt/glfs/GalaxSphere-1Tier0/checkpointing/llama3-8b/global_epoch1_step3/zero_pp_rank_0_mp_rank_0_optim_states.pt  fadvise=dontneed
[FileReader] path=/mnt/glfs/GalaxSphere-1Tier0/checkpointing/llama3-8b/global_epoch1_step3/zero_pp_rank_0_mp_rank_0_optim_states.pt  fadvise=dontneed
[FileReader] path=/mnt/glfs/GalaxSphere-1Tier0/checkpointing/llama3-8b/global_epoch1_step3/zero_pp_rank_0_mp_rank_0_optim_states.pt  fadvise=dontneed

================================================================================
LOAD RESULTS
================================================================================
I/O:        0.1647s @ 11.35 GB/s
Total:      0.1658s
Chunks:     16
================================================================================
================================================================================
STREAMING CHECKPOINT LOAD - Byte-Range GETs
================================================================================
Input:       /mnt/glfs/GalaxSphere-1Tier0/checkpointing/llama3-8b/global_epoch1_step3/zero_pp_rank_7_mp_rank_0_optim_states.pt
Backend:     file
Total size:  11.22 GB
Chunk size:  32 MB  (peak RAM = one chunk)
================================================================================
Read chunks: 128 MB × 4 workers  (peak RAM ≤ 512 MB)
================================================================================
[FileReader] path=/mnt/glfs/GalaxSphere-1Tier0/checkpointing/llama3-8b/global_epoch1_step3/zero_pp_rank_7_mp_rank_0_optim_states.pt  fadvise=dontneed
[FileReader] path=/mnt/glfs/GalaxSphere-1Tier0/checkpointing/llama3-8b/global_epoch1_step3/zero_pp_rank_7_mp_rank_0_optim_states.pt  fadvise=dontneed
[FileReader] path=/mnt/glfs/GalaxSphere-1Tier0/checkpointing/llama3-8b/global_epoch1_step3/zero_pp_rank_7_mp_rank_0_optim_states.pt  fadvise=dontneed
[FileReader] path=/mnt/glfs/GalaxSphere-1Tier0/checkpointing/llama3-8b/global_epoch1_step3/zero_pp_rank_7_mp_rank_0_optim_states.pt  fadvise=dontneed

================================================================================
LOAD RESULTS
================================================================================
I/O:        0.1717s @ 10.89 GB/s
Total:      0.1725s
Chunks:     16
================================================================================
================================================================================
STREAMING CHECKPOINT LOAD - Byte-Range GETs
================================================================================
Input:       /mnt/glfs/GalaxSphere-1Tier0/checkpointing/llama3-8b/global_epoch1_step3/zero_pp_rank_3_mp_rank_0_optim_states.pt
Backend:     file
Total size:  11.22 GB
Chunk size:  32 MB  (peak RAM = one chunk)
================================================================================
Read chunks: 128 MB × 4 workers  (peak RAM ≤ 512 MB)
================================================================================
[FileReader] path=/mnt/glfs/GalaxSphere-1Tier0/checkpointing/llama3-8b/global_epoch1_step3/zero_pp_rank_3_mp_rank_0_optim_states.pt  fadvise=dontneed
[FileReader] path=/mnt/glfs/GalaxSphere-1Tier0/checkpointing/llama3-8b/global_epoch1_step3/zero_pp_rank_3_mp_rank_0_optim_states.pt  fadvise=dontneed
[FileReader] path=/mnt/glfs/GalaxSphere-1Tier0/checkpointing/llama3-8b/global_epoch1_step3/zero_pp_rank_3_mp_rank_0_optim_states.pt  fadvise=dontneed
[FileReader] path=/mnt/glfs/GalaxSphere-1Tier0/checkpointing/llama3-8b/global_epoch1_step3/zero_pp_rank_3_mp_rank_0_optim_states.pt  fadvise=dontneed

================================================================================
LOAD RESULTS
================================================================================
I/O:        0.1833s @ 10.20 GB/s
Total:      0.1844s
Chunks:     16
================================================================================
================================================================================
STREAMING CHECKPOINT LOAD - Byte-Range GETs
================================================================================
Input:       /mnt/glfs/GalaxSphere-1Tier0/checkpointing/llama3-8b/global_epoch1_step3/zero_pp_rank_2_mp_rank_0_optim_states.pt
Backend:     file
Total size:  11.22 GB
Chunk size:  32 MB  (peak RAM = one chunk)
================================================================================
Read chunks: 128 MB × 4 workers  (peak RAM ≤ 512 MB)
================================================================================
[FileReader] path=/mnt/glfs/GalaxSphere-1Tier0/checkpointing/llama3-8b/global_epoch1_step3/zero_pp_rank_2_mp_rank_0_optim_states.pt  fadvise=dontneed
[FileReader] path=/mnt/glfs/GalaxSphere-1Tier0/checkpointing/llama3-8b/global_epoch1_step3/zero_pp_rank_2_mp_rank_0_optim_states.pt  fadvise=dontneed
[FileReader] path=/mnt/glfs/GalaxSphere-1Tier0/checkpointing/llama3-8b/global_epoch1_step3/zero_pp_rank_2_mp_rank_0_optim_states.pt  fadvise=dontneed
[FileReader] path=/mnt/glfs/GalaxSphere-1Tier0/checkpointing/llama3-8b/global_epoch1_step3/zero_pp_rank_2_mp_rank_0_optim_states.pt  fadvise=dontneed
[Load w0] 2.00 GB  4.16 GB/s
[Load w0] 2.00 GB  4.05 GB/s
[Load w0] 2.00 GB  4.00 GB/s
[Load w0] 2.00 GB  3.87 GB/s
[Load w0] 2.00 GB  3.60 GB/s
[Load w0] 2.00 GB  3.49 GB/s
[Load w0] 2.00 GB  3.48 GB/s
[Load w2] 2.00 GB  3.28 GB/s
[Load w3] 2.00 GB  3.25 GB/s
[Load w1] 2.00 GB  3.21 GB/s
[Load w2] 2.00 GB  3.23 GB/s
[Load w0] 2.00 GB  3.15 GB/s
[Load w2] 2.00 GB  3.22 GB/s
[Load w2] 2.00 GB  3.10 GB/s
[Load w3] 2.00 GB  3.17 GB/s
[Load w3] 2.00 GB  3.01 GB/s
[Load w1] 2.00 GB  2.99 GB/s
[Load w1] 2.00 GB  3.09 GB/s
[Load w1] 2.00 GB  2.95 GB/s
[Load w1] 2.00 GB  2.92 GB/s
[Load w3] 2.00 GB  2.87 GB/s
[Load w3] 2.00 GB  2.86 GB/s
[Load w2] 2.00 GB  2.80 GB/s
[Load w2] 2.00 GB  2.89 GB/s
[Load w1] 2.00 GB  2.71 GB/s
[Load w1] 2.00 GB  2.69 GB/s
[Load w3] 2.00 GB  2.61 GB/s
[Load w2] 2.00 GB  2.62 GB/s
[Load w3] 2.00 GB  2.61 GB/s
[Load w1] 2.00 GB  2.56 GB/s
[Load w2] 2.00 GB  2.59 GB/s
[Load w3] 2.00 GB  2.56 GB/s

================================================================================
LOAD RESULTS
================================================================================
I/O:        0.8917s @ 12.58 GB/s
Total:      0.8934s
Chunks:     92
================================================================================

================================================================================
LOAD RESULTS
================================================================================
I/O:        0.8974s @ 12.50 GB/s
Total:      0.8985s
Chunks:     92
================================================================================

================================================================================
LOAD RESULTS
================================================================================
I/O:        0.9019s @ 12.44 GB/s
Total:      0.9034s
Chunks:     92
================================================================================

================================================================================
LOAD RESULTS
================================================================================
I/O:        0.9198s @ 12.20 GB/s
Total:      0.9213s
Chunks:     92
================================================================================

================================================================================
LOAD RESULTS
================================================================================
I/O:        0.9302s @ 12.06 GB/s
Total:      0.9314s
Chunks:     92
================================================================================

================================================================================
LOAD RESULTS
================================================================================
I/O:        0.9423s @ 11.91 GB/s
Total:      0.9437s
Chunks:     92
================================================================================

================================================================================
LOAD RESULTS
================================================================================
I/O:        0.9529s @ 11.77 GB/s
Total:      0.9540s
Chunks:     92
================================================================================

================================================================================
LOAD RESULTS
================================================================================
I/O:        0.9413s @ 11.92 GB/s
Total:      0.9429s
Chunks:     92
================================================================================
================================================================================
STREAMING CHECKPOINT LOAD - Byte-Range GETs
================================================================================
Input:       /mnt/glfs/GalaxSphere-1Tier0/checkpointing/llama3-8b/global_epoch1_step4/zero_pp_rank_6_mp_rank_0_model_states.pt
Backend:     file
Total size:  1.87 GB
Chunk size:  32 MB  (peak RAM = one chunk)
================================================================================
Read chunks: 128 MB × 4 workers  (peak RAM ≤ 512 MB)
================================================================================
================================================================================
STREAMING CHECKPOINT LOAD - Byte-Range GETs
================================================================================
Input:       /mnt/glfs/GalaxSphere-1Tier0/checkpointing/llama3-8b/global_epoch1_step4/zero_pp_rank_1_mp_rank_0_model_states.pt
Backend:     file
Total size:  1.87 GB
Chunk size:  32 MB  (peak RAM = one chunk)
================================================================================
Read chunks: 128 MB × 4 workers  (peak RAM ≤ 512 MB)
================================================================================
================================================================================
STREAMING CHECKPOINT LOAD - Byte-Range GETs
================================================================================
Input:       /mnt/glfs/GalaxSphere-1Tier0/checkpointing/llama3-8b/global_epoch1_step4/zero_pp_rank_5_mp_rank_0_model_states.pt
Backend:     file
Total size:  1.87 GB
Chunk size:  32 MB  (peak RAM = one chunk)
================================================================================
Read chunks: 128 MB × 4 workers  (peak RAM ≤ 512 MB)
================================================================================
[FileReader] path=/mnt/glfs/GalaxSphere-1Tier0/checkpointing/llama3-8b/global_epoch1_step4/zero_pp_rank_6_mp_rank_0_model_states.pt  fadvise=dontneed
[FileReader] path=/mnt/glfs/GalaxSphere-1Tier0/checkpointing/llama3-8b/global_epoch1_step4/zero_pp_rank_6_mp_rank_0_model_states.pt  fadvise=dontneed
[FileReader] path=/mnt/glfs/GalaxSphere-1Tier0/checkpointing/llama3-8b/global_epoch1_step4/zero_pp_rank_6_mp_rank_0_model_states.pt  fadvise=dontneed
[FileReader] path=/mnt/glfs/GalaxSphere-1Tier0/checkpointing/llama3-8b/global_epoch1_step4/zero_pp_rank_1_mp_rank_0_model_states.pt  fadvise=dontneed
[FileReader] path=/mnt/glfs/GalaxSphere-1Tier0/checkpointing/llama3-8b/global_epoch1_step4/zero_pp_rank_1_mp_rank_0_model_states.pt  fadvise=dontneed
[FileReader] path=/mnt/glfs/GalaxSphere-1Tier0/checkpointing/llama3-8b/global_epoch1_step4/zero_pp_rank_6_mp_rank_0_model_states.pt  fadvise=dontneed
[FileReader] path=/mnt/glfs/GalaxSphere-1Tier0/checkpointing/llama3-8b/global_epoch1_step4/zero_pp_rank_1_mp_rank_0_model_states.pt  fadvise=dontneed
[FileReader] path=/mnt/glfs/GalaxSphere-1Tier0/checkpointing/llama3-8b/global_epoch1_step4/zero_pp_rank_1_mp_rank_0_model_states.pt  fadvise=dontneed
[FileReader] path=/mnt/glfs/GalaxSphere-1Tier0/checkpointing/llama3-8b/global_epoch1_step4/zero_pp_rank_5_mp_rank_0_model_states.pt  fadvise=dontneed
[FileReader] path=/mnt/glfs/GalaxSphere-1Tier0/checkpointing/llama3-8b/global_epoch1_step4/zero_pp_rank_5_mp_rank_0_model_states.pt  fadvise=dontneed
[FileReader] path=/mnt/glfs/GalaxSphere-1Tier0/checkpointing/llama3-8b/global_epoch1_step4/zero_pp_rank_5_mp_rank_0_model_states.pt  fadvise=dontneed
[FileReader] path=/mnt/glfs/GalaxSphere-1Tier0/checkpointing/llama3-8b/global_epoch1_step4/zero_pp_rank_5_mp_rank_0_model_states.pt  fadvise=dontneed
================================================================================
STREAMING CHECKPOINT LOAD - Byte-Range GETs
================================================================================
Input:       /mnt/glfs/GalaxSphere-1Tier0/checkpointing/llama3-8b/global_epoch1_step4/zero_pp_rank_2_mp_rank_0_model_states.pt
Backend:     file
Total size:  1.87 GB
Chunk size:  32 MB  (peak RAM = one chunk)
================================================================================
Read chunks: 128 MB × 4 workers  (peak RAM ≤ 512 MB)
================================================================================
================================================================================
STREAMING CHECKPOINT LOAD - Byte-Range GETs
================================================================================
Input:       /mnt/glfs/GalaxSphere-1Tier0/checkpointing/llama3-8b/global_epoch1_step4/zero_pp_rank_3_mp_rank_0_model_states.pt
Backend:     file
Total size:  1.87 GB
Chunk size:  32 MB  (peak RAM = one chunk)
================================================================================
Read chunks: 128 MB × 4 workers  (peak RAM ≤ 512 MB)
================================================================================
================================================================================
STREAMING CHECKPOINT LOAD - Byte-Range GETs
================================================================================
Input:       /mnt/glfs/GalaxSphere-1Tier0/checkpointing/llama3-8b/global_epoch1_step4/zero_pp_rank_7_mp_rank_0_model_states.pt
Backend:     file
Total size:  1.87 GB
Chunk size:  32 MB  (peak RAM = one chunk)
================================================================================
Read chunks: 128 MB × 4 workers  (peak RAM ≤ 512 MB)
================================================================================
[FileReader] path=/mnt/glfs/GalaxSphere-1Tier0/checkpointing/llama3-8b/global_epoch1_step4/zero_pp_rank_2_mp_rank_0_model_states.pt  fadvise=dontneed
[FileReader] path=/mnt/glfs/GalaxSphere-1Tier0/checkpointing/llama3-8b/global_epoch1_step4/zero_pp_rank_3_mp_rank_0_model_states.pt  fadvise=dontneed
[FileReader] path=/mnt/glfs/GalaxSphere-1Tier0/checkpointing/llama3-8b/global_epoch1_step4/zero_pp_rank_3_mp_rank_0_model_states.pt  fadvise=dontneed
[FileReader] path=/mnt/glfs/GalaxSphere-1Tier0/checkpointing/llama3-8b/global_epoch1_step4/zero_pp_rank_3_mp_rank_0_model_states.pt  fadvise=dontneed
[FileReader] path=/mnt/glfs/GalaxSphere-1Tier0/checkpointing/llama3-8b/global_epoch1_step4/zero_pp_rank_3_mp_rank_0_model_states.pt  fadvise=dontneed
[FileReader] path=/mnt/glfs/GalaxSphere-1Tier0/checkpointing/llama3-8b/global_epoch1_step4/zero_pp_rank_2_mp_rank_0_model_states.pt  fadvise=dontneed
[FileReader] path=/mnt/glfs/GalaxSphere-1Tier0/checkpointing/llama3-8b/global_epoch1_step4/zero_pp_rank_2_mp_rank_0_model_states.pt  fadvise=dontneed
[FileReader] path=/mnt/glfs/GalaxSphere-1Tier0/checkpointing/llama3-8b/global_epoch1_step4/zero_pp_rank_2_mp_rank_0_model_states.pt  fadvise=dontneed
[FileReader] path=/mnt/glfs/GalaxSphere-1Tier0/checkpointing/llama3-8b/global_epoch1_step4/zero_pp_rank_7_mp_rank_0_model_states.pt  fadvise=dontneed
[FileReader] path=/mnt/glfs/GalaxSphere-1Tier0/checkpointing/llama3-8b/global_epoch1_step4/zero_pp_rank_7_mp_rank_0_model_states.pt  fadvise=dontneed
[FileReader] path=/mnt/glfs/GalaxSphere-1Tier0/checkpointing/llama3-8b/global_epoch1_step4/zero_pp_rank_7_mp_rank_0_model_states.pt  fadvise=dontneed
================================================================================
STREAMING CHECKPOINT LOAD - Byte-Range GETs
================================================================================
Input:       /mnt/glfs/GalaxSphere-1Tier0/checkpointing/llama3-8b/global_epoch1_step4/zero_pp_rank_4_mp_rank_0_model_states.pt
Backend:     file
Total size:  1.87 GB
Chunk size:  32 MB  (peak RAM = one chunk)
================================================================================
[FileReader] path=/mnt/glfs/GalaxSphere-1Tier0/checkpointing/llama3-8b/global_epoch1_step4/zero_pp_rank_7_mp_rank_0_model_states.pt  fadvise=dontneed
Read chunks: 128 MB × 4 workers  (peak RAM ≤ 512 MB)
================================================================================
================================================================================
STREAMING CHECKPOINT LOAD - Byte-Range GETs
================================================================================
Input:       /mnt/glfs/GalaxSphere-1Tier0/checkpointing/llama3-8b/global_epoch1_step4/zero_pp_rank_0_mp_rank_0_model_states.pt
Backend:     file
Total size:  1.87 GB
Chunk size:  32 MB  (peak RAM = one chunk)
================================================================================
Read chunks: 128 MB × 4 workers  (peak RAM ≤ 512 MB)
================================================================================
[FileReader] path=/mnt/glfs/GalaxSphere-1Tier0/checkpointing/llama3-8b/global_epoch1_step4/zero_pp_rank_4_mp_rank_0_model_states.pt  fadvise=dontneed
[FileReader] path=/mnt/glfs/GalaxSphere-1Tier0/checkpointing/llama3-8b/global_epoch1_step4/zero_pp_rank_4_mp_rank_0_model_states.pt  fadvise=dontneed
[FileReader] path=/mnt/glfs/GalaxSphere-1Tier0/checkpointing/llama3-8b/global_epoch1_step4/zero_pp_rank_4_mp_rank_0_model_states.pt  fadvise=dontneed
[FileReader] path=/mnt/glfs/GalaxSphere-1Tier0/checkpointing/llama3-8b/global_epoch1_step4/zero_pp_rank_4_mp_rank_0_model_states.pt  fadvise=dontneed
[FileReader] path=/mnt/glfs/GalaxSphere-1Tier0/checkpointing/llama3-8b/global_epoch1_step4/zero_pp_rank_0_mp_rank_0_model_states.pt  fadvise=dontneed
[FileReader] path=/mnt/glfs/GalaxSphere-1Tier0/checkpointing/llama3-8b/global_epoch1_step4/zero_pp_rank_0_mp_rank_0_model_states.pt  fadvise=dontneed
[FileReader] path=/mnt/glfs/GalaxSphere-1Tier0/checkpointing/llama3-8b/global_epoch1_step4/zero_pp_rank_0_mp_rank_0_model_states.pt  fadvise=dontneed
[FileReader] path=/mnt/glfs/GalaxSphere-1Tier0/checkpointing/llama3-8b/global_epoch1_step4/zero_pp_rank_0_mp_rank_0_model_states.pt  fadvise=dontneed

================================================================================
LOAD RESULTS
================================================================================
I/O:        0.1389s @ 13.46 GB/s
Total:      0.1397s
Chunks:     16
================================================================================
================================================================================
STREAMING CHECKPOINT LOAD - Byte-Range GETs
================================================================================
Input:       /mnt/glfs/GalaxSphere-1Tier0/checkpointing/llama3-8b/global_epoch1_step4/zero_pp_rank_2_mp_rank_0_optim_states.pt
Backend:     file
Total size:  11.22 GB
Chunk size:  32 MB  (peak RAM = one chunk)
================================================================================
Read chunks: 128 MB × 4 workers  (peak RAM ≤ 512 MB)
================================================================================
[FileReader] path=/mnt/glfs/GalaxSphere-1Tier0/checkpointing/llama3-8b/global_epoch1_step4/zero_pp_rank_2_mp_rank_0_optim_states.pt  fadvise=dontneed
[FileReader] path=/mnt/glfs/GalaxSphere-1Tier0/checkpointing/llama3-8b/global_epoch1_step4/zero_pp_rank_2_mp_rank_0_optim_states.pt  fadvise=dontneed
[FileReader] path=/mnt/glfs/GalaxSphere-1Tier0/checkpointing/llama3-8b/global_epoch1_step4/zero_pp_rank_2_mp_rank_0_optim_states.pt  fadvise=dontneed
[FileReader] path=/mnt/glfs/GalaxSphere-1Tier0/checkpointing/llama3-8b/global_epoch1_step4/zero_pp_rank_2_mp_rank_0_optim_states.pt  fadvise=dontneed

================================================================================
LOAD RESULTS
================================================================================
I/O:        0.1584s @ 11.81 GB/s
Total:      0.1594s
Chunks:     16
================================================================================
================================================================================
STREAMING CHECKPOINT LOAD - Byte-Range GETs
================================================================================
Input:       /mnt/glfs/GalaxSphere-1Tier0/checkpointing/llama3-8b/global_epoch1_step4/zero_pp_rank_4_mp_rank_0_optim_states.pt
Backend:     file
Total size:  11.22 GB
Chunk size:  32 MB  (peak RAM = one chunk)
================================================================================
Read chunks: 128 MB × 4 workers  (peak RAM ≤ 512 MB)
================================================================================
[FileReader] path=/mnt/glfs/GalaxSphere-1Tier0/checkpointing/llama3-8b/global_epoch1_step4/zero_pp_rank_4_mp_rank_0_optim_states.pt  fadvise=dontneed
[FileReader] path=/mnt/glfs/GalaxSphere-1Tier0/checkpointing/llama3-8b/global_epoch1_step4/zero_pp_rank_4_mp_rank_0_optim_states.pt  fadvise=dontneed
[FileReader] path=/mnt/glfs/GalaxSphere-1Tier0/checkpointing/llama3-8b/global_epoch1_step4/zero_pp_rank_4_mp_rank_0_optim_states.pt  fadvise=dontneed
[FileReader] path=/mnt/glfs/GalaxSphere-1Tier0/checkpointing/llama3-8b/global_epoch1_step4/zero_pp_rank_4_mp_rank_0_optim_states.pt  fadvise=dontneed

================================================================================
LOAD RESULTS
================================================================================
I/O:        0.1610s @ 11.61 GB/s
Total:      0.1620s
Chunks:     16
================================================================================
================================================================================
STREAMING CHECKPOINT LOAD - Byte-Range GETs
================================================================================
Input:       /mnt/glfs/GalaxSphere-1Tier0/checkpointing/llama3-8b/global_epoch1_step4/zero_pp_rank_3_mp_rank_0_optim_states.pt
Backend:     file
Total size:  11.22 GB
Chunk size:  32 MB  (peak RAM = one chunk)
================================================================================
Read chunks: 128 MB × 4 workers  (peak RAM ≤ 512 MB)
================================================================================
[FileReader] path=/mnt/glfs/GalaxSphere-1Tier0/checkpointing/llama3-8b/global_epoch1_step4/zero_pp_rank_3_mp_rank_0_optim_states.pt  fadvise=dontneed
[FileReader] path=/mnt/glfs/GalaxSphere-1Tier0/checkpointing/llama3-8b/global_epoch1_step4/zero_pp_rank_3_mp_rank_0_optim_states.pt  fadvise=dontneed
[FileReader] path=/mnt/glfs/GalaxSphere-1Tier0/checkpointing/llama3-8b/global_epoch1_step4/zero_pp_rank_3_mp_rank_0_optim_states.pt  fadvise=dontneed
[FileReader] path=/mnt/glfs/GalaxSphere-1Tier0/checkpointing/llama3-8b/global_epoch1_step4/zero_pp_rank_3_mp_rank_0_optim_states.pt  fadvise=dontneed

================================================================================
LOAD RESULTS
================================================================================
I/O:        0.1629s @ 11.48 GB/s
Total:      0.1637s
Chunks:     16
================================================================================
================================================================================
STREAMING CHECKPOINT LOAD - Byte-Range GETs
================================================================================
Input:       /mnt/glfs/GalaxSphere-1Tier0/checkpointing/llama3-8b/global_epoch1_step4/zero_pp_rank_7_mp_rank_0_optim_states.pt
Backend:     file
Total size:  11.22 GB
Chunk size:  32 MB  (peak RAM = one chunk)
================================================================================
Read chunks: 128 MB × 4 workers  (peak RAM ≤ 512 MB)
================================================================================
[FileReader] path=/mnt/glfs/GalaxSphere-1Tier0/checkpointing/llama3-8b/global_epoch1_step4/zero_pp_rank_7_mp_rank_0_optim_states.pt  fadvise=dontneed
[FileReader] path=/mnt/glfs/GalaxSphere-1Tier0/checkpointing/llama3-8b/global_epoch1_step4/zero_pp_rank_7_mp_rank_0_optim_states.pt  fadvise=dontneed
[FileReader] path=/mnt/glfs/GalaxSphere-1Tier0/checkpointing/llama3-8b/global_epoch1_step4/zero_pp_rank_7_mp_rank_0_optim_states.pt  fadvise=dontneed
[FileReader] path=/mnt/glfs/GalaxSphere-1Tier0/checkpointing/llama3-8b/global_epoch1_step4/zero_pp_rank_7_mp_rank_0_optim_states.pt  fadvise=dontneed

================================================================================
LOAD RESULTS
================================================================================
I/O:        0.1635s @ 11.43 GB/s
Total:      0.1645s
Chunks:     16
================================================================================
================================================================================
STREAMING CHECKPOINT LOAD - Byte-Range GETs
================================================================================
Input:       /mnt/glfs/GalaxSphere-1Tier0/checkpointing/llama3-8b/global_epoch1_step4/zero_pp_rank_5_mp_rank_0_optim_states.pt
Backend:     file
Total size:  11.22 GB
Chunk size:  32 MB  (peak RAM = one chunk)
================================================================================
Read chunks: 128 MB × 4 workers  (peak RAM ≤ 512 MB)
================================================================================
[FileReader] path=/mnt/glfs/GalaxSphere-1Tier0/checkpointing/llama3-8b/global_epoch1_step4/zero_pp_rank_5_mp_rank_0_optim_states.pt  fadvise=dontneed
[FileReader] path=/mnt/glfs/GalaxSphere-1Tier0/checkpointing/llama3-8b/global_epoch1_step4/zero_pp_rank_5_mp_rank_0_optim_states.pt  fadvise=dontneed
[FileReader] path=/mnt/glfs/GalaxSphere-1Tier0/checkpointing/llama3-8b/global_epoch1_step4/zero_pp_rank_5_mp_rank_0_optim_states.pt  fadvise=dontneed
[FileReader] path=/mnt/glfs/GalaxSphere-1Tier0/checkpointing/llama3-8b/global_epoch1_step4/zero_pp_rank_5_mp_rank_0_optim_states.pt  fadvise=dontneed

================================================================================
LOAD RESULTS
================================================================================
I/O:        0.2007s @ 9.32 GB/s
Total:      0.2021s
Chunks:     16
================================================================================

================================================================================
LOAD RESULTS
================================================================================
I/O:        0.2009s @ 9.31 GB/s
Total:      0.2021s
Chunks:     16
================================================================================
================================================================================
STREAMING CHECKPOINT LOAD - Byte-Range GETs
================================================================================
Input:       /mnt/glfs/GalaxSphere-1Tier0/checkpointing/llama3-8b/global_epoch1_step4/zero_pp_rank_1_mp_rank_0_optim_states.pt
Backend:     file
Total size:  11.22 GB
Chunk size:  32 MB  (peak RAM = one chunk)
================================================================================
Read chunks: 128 MB × 4 workers  (peak RAM ≤ 512 MB)
================================================================================
================================================================================
STREAMING CHECKPOINT LOAD - Byte-Range GETs
================================================================================
Input:       /mnt/glfs/GalaxSphere-1Tier0/checkpointing/llama3-8b/global_epoch1_step4/zero_pp_rank_6_mp_rank_0_optim_states.pt
Backend:     file
Total size:  11.22 GB
Chunk size:  32 MB  (peak RAM = one chunk)
================================================================================
Read chunks: 128 MB × 4 workers  (peak RAM ≤ 512 MB)
================================================================================
[FileReader] path=/mnt/glfs/GalaxSphere-1Tier0/checkpointing/llama3-8b/global_epoch1_step4/zero_pp_rank_6_mp_rank_0_optim_states.pt  fadvise=dontneed
[FileReader] path=/mnt/glfs/GalaxSphere-1Tier0/checkpointing/llama3-8b/global_epoch1_step4/zero_pp_rank_6_mp_rank_0_optim_states.pt  fadvise=dontneed
[FileReader] path=/mnt/glfs/GalaxSphere-1Tier0/checkpointing/llama3-8b/global_epoch1_step4/zero_pp_rank_6_mp_rank_0_optim_states.pt  fadvise=dontneed
[FileReader] path=/mnt/glfs/GalaxSphere-1Tier0/checkpointing/llama3-8b/global_epoch1_step4/zero_pp_rank_6_mp_rank_0_optim_states.pt  fadvise=dontneed
[FileReader] path=/mnt/glfs/GalaxSphere-1Tier0/checkpointing/llama3-8b/global_epoch1_step4/zero_pp_rank_1_mp_rank_0_optim_states.pt  fadvise=dontneed
[FileReader] path=/mnt/glfs/GalaxSphere-1Tier0/checkpointing/llama3-8b/global_epoch1_step4/zero_pp_rank_1_mp_rank_0_optim_states.pt  fadvise=dontneed
[FileReader] path=/mnt/glfs/GalaxSphere-1Tier0/checkpointing/llama3-8b/global_epoch1_step4/zero_pp_rank_1_mp_rank_0_optim_states.pt  fadvise=dontneed
[FileReader] path=/mnt/glfs/GalaxSphere-1Tier0/checkpointing/llama3-8b/global_epoch1_step4/zero_pp_rank_1_mp_rank_0_optim_states.pt  fadvise=dontneed

================================================================================
LOAD RESULTS
================================================================================
I/O:        0.2015s @ 9.28 GB/s
Total:      0.2025s
Chunks:     16
================================================================================
================================================================================
STREAMING CHECKPOINT LOAD - Byte-Range GETs
================================================================================
Input:       /mnt/glfs/GalaxSphere-1Tier0/checkpointing/llama3-8b/global_epoch1_step4/zero_pp_rank_0_mp_rank_0_optim_states.pt
Backend:     file
Total size:  11.22 GB
Chunk size:  32 MB  (peak RAM = one chunk)
================================================================================
Read chunks: 128 MB × 4 workers  (peak RAM ≤ 512 MB)
================================================================================
[FileReader] path=/mnt/glfs/GalaxSphere-1Tier0/checkpointing/llama3-8b/global_epoch1_step4/zero_pp_rank_0_mp_rank_0_optim_states.pt  fadvise=dontneed
[FileReader] path=/mnt/glfs/GalaxSphere-1Tier0/checkpointing/llama3-8b/global_epoch1_step4/zero_pp_rank_0_mp_rank_0_optim_states.pt  fadvise=dontneed
[FileReader] path=/mnt/glfs/GalaxSphere-1Tier0/checkpointing/llama3-8b/global_epoch1_step4/zero_pp_rank_0_mp_rank_0_optim_states.pt  fadvise=dontneed
[FileReader] path=/mnt/glfs/GalaxSphere-1Tier0/checkpointing/llama3-8b/global_epoch1_step4/zero_pp_rank_0_mp_rank_0_optim_states.pt  fadvise=dontneed
[Load w0] 2.00 GB  4.52 GB/s
[Load w0] 2.00 GB  4.09 GB/s
[Load w0] 2.00 GB  4.04 GB/s
[Load w0] 2.00 GB  3.73 GB/s
[Load w0] 2.00 GB  3.65 GB/s
[Load w0] 2.00 GB  3.75 GB/s
[Load w2] 2.00 GB  3.35 GB/s
[Load w0] 2.00 GB  3.61 GB/s
[Load w1] 2.00 GB  3.52 GB/s
[Load w1] 2.00 GB  3.27 GB/s
[Load w2] 2.00 GB  3.28 GB/s
[Load w1] 2.00 GB  3.25 GB/s
[Load w1] 2.00 GB  3.38 GB/s
[Load w1] 2.00 GB  3.12 GB/s
[Load w1] 2.00 GB  3.03 GB/s
[Load w3] 2.00 GB  2.99 GB/s
[Load w1] 2.00 GB  2.89 GB/s
[Load w3] 2.00 GB  3.15 GB/s
[Load w2] 2.00 GB  3.10 GB/s
[Load w3] 2.00 GB  2.78 GB/s
[Load w3] 2.00 GB  2.86 GB/s
[Load w2] 2.00 GB  2.96 GB/s
[Load w1] 2.00 GB  2.95 GB/s
[Load w2] 2.00 GB  2.75 GB/s
[Load w3] 2.00 GB  2.71 GB/s
[Load w0] 2.00 GB  2.71 GB/s
[Load w2] 2.00 GB  2.69 GB/s
[Load w3] 2.00 GB  2.54 GB/s
[Load w3] 2.00 GB  2.48 GB/s
[Load w2] 2.00 GB  2.48 GB/s
[Load w2] 2.00 GB  2.46 GB/s

================================================================================
LOAD RESULTS
================================================================================
I/O:        0.8238s @ 13.62 GB/s
Total:      0.8255s
Chunks:     92
================================================================================
[Load w3] 2.00 GB  2.40 GB/s

================================================================================
LOAD RESULTS
================================================================================
I/O:        0.9436s @ 11.89 GB/s
Total:      0.9456s
Chunks:     92
================================================================================

================================================================================
LOAD RESULTS
================================================================================
I/O:        0.9062s @ 12.38 GB/s
Total:      0.9081s
Chunks:     92
================================================================================

================================================================================
LOAD RESULTS
================================================================================
I/O:        0.9512s @ 11.79 GB/s
Total:      0.9525s
Chunks:     92
================================================================================

================================================================================
LOAD RESULTS
================================================================================
I/O:        0.9572s @ 11.72 GB/s
Total:      0.9586s
Chunks:     92
================================================================================

================================================================================
LOAD RESULTS
================================================================================
I/O:        0.9597s @ 11.69 GB/s
Total:      0.9612s
Chunks:     92
================================================================================

================================================================================
LOAD RESULTS
================================================================================
I/O:        0.9570s @ 11.72 GB/s
Total:      0.9583s
Chunks:     92
================================================================================

================================================================================
LOAD RESULTS
================================================================================
I/O:        0.9270s @ 12.10 GB/s
Total:      0.9289s
Chunks:     92
================================================================================
================================================================================
STREAMING CHECKPOINT LOAD - Byte-Range GETs
================================================================================
Input:       /mnt/glfs/GalaxSphere-1Tier0/checkpointing/llama3-8b/global_epoch1_step5/zero_pp_rank_4_mp_rank_0_model_states.pt
Backend:     file
Total size:  1.87 GB
Chunk size:  32 MB  (peak RAM = one chunk)
================================================================================
Read chunks: 128 MB × 4 workers  (peak RAM ≤ 512 MB)
================================================================================
================================================================================
STREAMING CHECKPOINT LOAD - Byte-Range GETs
================================================================================
Input:       /mnt/glfs/GalaxSphere-1Tier0/checkpointing/llama3-8b/global_epoch1_step5/zero_pp_rank_7_mp_rank_0_model_states.pt
Backend:     file
Total size:  1.87 GB
Chunk size:  32 MB  (peak RAM = one chunk)
================================================================================
Read chunks: 128 MB × 4 workers  (peak RAM ≤ 512 MB)
================================================================================
================================================================================
STREAMING CHECKPOINT LOAD - Byte-Range GETs
================================================================================
Input:       /mnt/glfs/GalaxSphere-1Tier0/checkpointing/llama3-8b/global_epoch1_step5/zero_pp_rank_5_mp_rank_0_model_states.pt
Backend:     file
Total size:  1.87 GB
Chunk size:  32 MB  (peak RAM = one chunk)
================================================================================
Read chunks: 128 MB × 4 workers  (peak RAM ≤ 512 MB)
================================================================================
[FileReader] path=/mnt/glfs/GalaxSphere-1Tier0/checkpointing/llama3-8b/global_epoch1_step5/zero_pp_rank_4_mp_rank_0_model_states.pt  fadvise=dontneed
[FileReader] path=/mnt/glfs/GalaxSphere-1Tier0/checkpointing/llama3-8b/global_epoch1_step5/zero_pp_rank_4_mp_rank_0_model_states.pt  fadvise=dontneed
[FileReader] path=/mnt/glfs/GalaxSphere-1Tier0/checkpointing/llama3-8b/global_epoch1_step5/zero_pp_rank_4_mp_rank_0_model_states.pt  fadvise=dontneed
[FileReader] path=/mnt/glfs/GalaxSphere-1Tier0/checkpointing/llama3-8b/global_epoch1_step5/zero_pp_rank_4_mp_rank_0_model_states.pt  fadvise=dontneed
[FileReader] path=/mnt/glfs/GalaxSphere-1Tier0/checkpointing/llama3-8b/global_epoch1_step5/zero_pp_rank_7_mp_rank_0_model_states.pt  fadvise=dontneed
[FileReader] path=/mnt/glfs/GalaxSphere-1Tier0/checkpointing/llama3-8b/global_epoch1_step5/zero_pp_rank_7_mp_rank_0_model_states.pt  fadvise=dontneed
[FileReader] path=/mnt/glfs/GalaxSphere-1Tier0/checkpointing/llama3-8b/global_epoch1_step5/zero_pp_rank_7_mp_rank_0_model_states.pt  fadvise=dontneed
[FileReader] path=/mnt/glfs/GalaxSphere-1Tier0/checkpointing/llama3-8b/global_epoch1_step5/zero_pp_rank_7_mp_rank_0_model_states.pt  fadvise=dontneed
================================================================================
STREAMING CHECKPOINT LOAD - Byte-Range GETs
================================================================================
Input:       /mnt/glfs/GalaxSphere-1Tier0/checkpointing/llama3-8b/global_epoch1_step5/zero_pp_rank_1_mp_rank_0_model_states.pt
Backend:     file
Total size:  1.87 GB
Chunk size:  32 MB  (peak RAM = one chunk)
================================================================================
Read chunks: 128 MB × 4 workers  (peak RAM ≤ 512 MB)
================================================================================
================================================================================
STREAMING CHECKPOINT LOAD - Byte-Range GETs
================================================================================
Input:       /mnt/glfs/GalaxSphere-1Tier0/checkpointing/llama3-8b/global_epoch1_step5/zero_pp_rank_3_mp_rank_0_model_states.pt
Backend:     file
Total size:  1.87 GB
Chunk size:  32 MB  (peak RAM = one chunk)
================================================================================
Read chunks: 128 MB × 4 workers  (peak RAM ≤ 512 MB)
================================================================================
[FileReader] path=/mnt/glfs/GalaxSphere-1Tier0/checkpointing/llama3-8b/global_epoch1_step5/zero_pp_rank_5_mp_rank_0_model_states.pt  fadvise=dontneed
[FileReader] path=/mnt/glfs/GalaxSphere-1Tier0/checkpointing/llama3-8b/global_epoch1_step5/zero_pp_rank_5_mp_rank_0_model_states.pt  fadvise=dontneed
[FileReader] path=/mnt/glfs/GalaxSphere-1Tier0/checkpointing/llama3-8b/global_epoch1_step5/zero_pp_rank_5_mp_rank_0_model_states.pt  fadvise=dontneed
[FileReader] path=/mnt/glfs/GalaxSphere-1Tier0/checkpointing/llama3-8b/global_epoch1_step5/zero_pp_rank_5_mp_rank_0_model_states.pt  fadvise=dontneed
[FileReader] path=/mnt/glfs/GalaxSphere-1Tier0/checkpointing/llama3-8b/global_epoch1_step5/zero_pp_rank_3_mp_rank_0_model_states.pt  fadvise=dontneed
[FileReader] path=/mnt/glfs/GalaxSphere-1Tier0/checkpointing/llama3-8b/global_epoch1_step5/zero_pp_rank_3_mp_rank_0_model_states.pt  fadvise=dontneed
================================================================================
STREAMING CHECKPOINT LOAD - Byte-Range GETs
================================================================================
Input:       /mnt/glfs/GalaxSphere-1Tier0/checkpointing/llama3-8b/global_epoch1_step5/zero_pp_rank_2_mp_rank_0_model_states.pt
Backend:     file
Total size:  1.87 GB
Chunk size:  32 MB  (peak RAM = one chunk)
[FileReader] path=/mnt/glfs/GalaxSphere-1Tier0/checkpointing/llama3-8b/global_epoch1_step5/zero_pp_rank_1_mp_rank_0_model_states.pt  fadvise=dontneed
================================================================================
[FileReader] path=/mnt/glfs/GalaxSphere-1Tier0/checkpointing/llama3-8b/global_epoch1_step5/zero_pp_rank_3_mp_rank_0_model_states.pt  fadvise=dontneed
[FileReader] path=/mnt/glfs/GalaxSphere-1Tier0/checkpointing/llama3-8b/global_epoch1_step5/zero_pp_rank_3_mp_rank_0_model_states.pt  fadvise=dontneed
[FileReader] path=/mnt/glfs/GalaxSphere-1Tier0/checkpointing/llama3-8b/global_epoch1_step5/zero_pp_rank_1_mp_rank_0_model_states.pt  fadvise=dontneed
[FileReader] path=/mnt/glfs/GalaxSphere-1Tier0/checkpointing/llama3-8b/global_epoch1_step5/zero_pp_rank_1_mp_rank_0_model_states.pt  fadvise=dontneed
Read chunks: 128 MB × 4 workers  (peak RAM ≤ 512 MB)
================================================================================
[FileReader] path=/mnt/glfs/GalaxSphere-1Tier0/checkpointing/llama3-8b/global_epoch1_step5/zero_pp_rank_1_mp_rank_0_model_states.pt  fadvise=dontneed
================================================================================
STREAMING CHECKPOINT LOAD - Byte-Range GETs
================================================================================
Input:       /mnt/glfs/GalaxSphere-1Tier0/checkpointing/llama3-8b/global_epoch1_step5/zero_pp_rank_6_mp_rank_0_model_states.pt
Backend:     file
Total size:  1.87 GB
Chunk size:  32 MB  (peak RAM = one chunk)
================================================================================
================================================================================
STREAMING CHECKPOINT LOAD - Byte-Range GETs
================================================================================
Input:       /mnt/glfs/GalaxSphere-1Tier0/checkpointing/llama3-8b/global_epoch1_step5/zero_pp_rank_0_mp_rank_0_model_states.pt
Backend:     file
Total size:  1.87 GB
Chunk size:  32 MB  (peak RAM = one chunk)
================================================================================
Read chunks: 128 MB × 4 workers  (peak RAM ≤ 512 MB)
================================================================================
Read chunks: 128 MB × 4 workers  (peak RAM ≤ 512 MB)
================================================================================
[FileReader] path=/mnt/glfs/GalaxSphere-1Tier0/checkpointing/llama3-8b/global_epoch1_step5/zero_pp_rank_2_mp_rank_0_model_states.pt  fadvise=dontneed
[FileReader] path=/mnt/glfs/GalaxSphere-1Tier0/checkpointing/llama3-8b/global_epoch1_step5/zero_pp_rank_0_mp_rank_0_model_states.pt  fadvise=dontneed
[FileReader] path=/mnt/glfs/GalaxSphere-1Tier0/checkpointing/llama3-8b/global_epoch1_step5/zero_pp_rank_0_mp_rank_0_model_states.pt  fadvise=dontneed
[FileReader] path=/mnt/glfs/GalaxSphere-1Tier0/checkpointing/llama3-8b/global_epoch1_step5/zero_pp_rank_0_mp_rank_0_model_states.pt  fadvise=dontneed
[FileReader] path=/mnt/glfs/GalaxSphere-1Tier0/checkpointing/llama3-8b/global_epoch1_step5/zero_pp_rank_0_mp_rank_0_model_states.pt  fadvise=dontneed
[FileReader] path=/mnt/glfs/GalaxSphere-1Tier0/checkpointing/llama3-8b/global_epoch1_step5/zero_pp_rank_2_mp_rank_0_model_states.pt  fadvise=dontneed
[FileReader] path=/mnt/glfs/GalaxSphere-1Tier0/checkpointing/llama3-8b/global_epoch1_step5/zero_pp_rank_2_mp_rank_0_model_states.pt  fadvise=dontneed
[FileReader] path=/mnt/glfs/GalaxSphere-1Tier0/checkpointing/llama3-8b/global_epoch1_step5/zero_pp_rank_6_mp_rank_0_model_states.pt  fadvise=dontneed
[FileReader] path=/mnt/glfs/GalaxSphere-1Tier0/checkpointing/llama3-8b/global_epoch1_step5/zero_pp_rank_2_mp_rank_0_model_states.pt  fadvise=dontneed
[FileReader] path=/mnt/glfs/GalaxSphere-1Tier0/checkpointing/llama3-8b/global_epoch1_step5/zero_pp_rank_6_mp_rank_0_model_states.pt  fadvise=dontneed
[FileReader] path=/mnt/glfs/GalaxSphere-1Tier0/checkpointing/llama3-8b/global_epoch1_step5/zero_pp_rank_6_mp_rank_0_model_states.pt  fadvise=dontneed
[FileReader] path=/mnt/glfs/GalaxSphere-1Tier0/checkpointing/llama3-8b/global_epoch1_step5/zero_pp_rank_6_mp_rank_0_model_states.pt  fadvise=dontneed

================================================================================
LOAD RESULTS
================================================================================
I/O:        0.1487s @ 12.57 GB/s
Total:      0.1497s
Chunks:     16
================================================================================
================================================================================
STREAMING CHECKPOINT LOAD - Byte-Range GETs
================================================================================
Input:       /mnt/glfs/GalaxSphere-1Tier0/checkpointing/llama3-8b/global_epoch1_step5/zero_pp_rank_1_mp_rank_0_optim_states.pt
Backend:     file
Total size:  11.22 GB
Chunk size:  32 MB  (peak RAM = one chunk)
================================================================================
Read chunks: 128 MB × 4 workers  (peak RAM ≤ 512 MB)
================================================================================
[FileReader] path=/mnt/glfs/GalaxSphere-1Tier0/checkpointing/llama3-8b/global_epoch1_step5/zero_pp_rank_1_mp_rank_0_optim_states.pt  fadvise=dontneed
[FileReader] path=/mnt/glfs/GalaxSphere-1Tier0/checkpointing/llama3-8b/global_epoch1_step5/zero_pp_rank_1_mp_rank_0_optim_states.pt  fadvise=dontneed
[FileReader] path=/mnt/glfs/GalaxSphere-1Tier0/checkpointing/llama3-8b/global_epoch1_step5/zero_pp_rank_1_mp_rank_0_optim_states.pt  fadvise=dontneed
[FileReader] path=/mnt/glfs/GalaxSphere-1Tier0/checkpointing/llama3-8b/global_epoch1_step5/zero_pp_rank_1_mp_rank_0_optim_states.pt  fadvise=dontneed

================================================================================
LOAD RESULTS
================================================================================
I/O:        0.1553s @ 12.04 GB/s
Total:      0.1565s
Chunks:     16
================================================================================

================================================================================
LOAD RESULTS
================================================================================
I/O:        0.1554s @ 12.03 GB/s
Total:      0.1568s
Chunks:     16
================================================================================
================================================================================
STREAMING CHECKPOINT LOAD - Byte-Range GETs
================================================================================
Input:       /mnt/glfs/GalaxSphere-1Tier0/checkpointing/llama3-8b/global_epoch1_step5/zero_pp_rank_2_mp_rank_0_optim_states.pt
Backend:     file
Total size:  11.22 GB
Chunk size:  32 MB  (peak RAM = one chunk)
================================================================================
Read chunks: 128 MB × 4 workers  (peak RAM ≤ 512 MB)
================================================================================
================================================================================
STREAMING CHECKPOINT LOAD - Byte-Range GETs
================================================================================
Input:       /mnt/glfs/GalaxSphere-1Tier0/checkpointing/llama3-8b/global_epoch1_step5/zero_pp_rank_0_mp_rank_0_optim_states.pt
Backend:     file
Total size:  11.22 GB
Chunk size:  32 MB  (peak RAM = one chunk)
================================================================================
Read chunks: 128 MB × 4 workers  (peak RAM ≤ 512 MB)
================================================================================
[FileReader] path=/mnt/glfs/GalaxSphere-1Tier0/checkpointing/llama3-8b/global_epoch1_step5/zero_pp_rank_2_mp_rank_0_optim_states.pt  fadvise=dontneed
[FileReader] path=/mnt/glfs/GalaxSphere-1Tier0/checkpointing/llama3-8b/global_epoch1_step5/zero_pp_rank_2_mp_rank_0_optim_states.pt  fadvise=dontneed
[FileReader] path=/mnt/glfs/GalaxSphere-1Tier0/checkpointing/llama3-8b/global_epoch1_step5/zero_pp_rank_2_mp_rank_0_optim_states.pt  fadvise=dontneed
[FileReader] path=/mnt/glfs/GalaxSphere-1Tier0/checkpointing/llama3-8b/global_epoch1_step5/zero_pp_rank_2_mp_rank_0_optim_states.pt  fadvise=dontneed
[FileReader] path=/mnt/glfs/GalaxSphere-1Tier0/checkpointing/llama3-8b/global_epoch1_step5/zero_pp_rank_0_mp_rank_0_optim_states.pt  fadvise=dontneed
[FileReader] path=/mnt/glfs/GalaxSphere-1Tier0/checkpointing/llama3-8b/global_epoch1_step5/zero_pp_rank_0_mp_rank_0_optim_states.pt  fadvise=dontneed
[FileReader] path=/mnt/glfs/GalaxSphere-1Tier0/checkpointing/llama3-8b/global_epoch1_step5/zero_pp_rank_0_mp_rank_0_optim_states.pt  fadvise=dontneed
[FileReader] path=/mnt/glfs/GalaxSphere-1Tier0/checkpointing/llama3-8b/global_epoch1_step5/zero_pp_rank_0_mp_rank_0_optim_states.pt  fadvise=dontneed

================================================================================
LOAD RESULTS
================================================================================
I/O:        0.1596s @ 11.72 GB/s
Total:      0.1607s
Chunks:     16
================================================================================
================================================================================
STREAMING CHECKPOINT LOAD - Byte-Range GETs
================================================================================
Input:       /mnt/glfs/GalaxSphere-1Tier0/checkpointing/llama3-8b/global_epoch1_step5/zero_pp_rank_5_mp_rank_0_optim_states.pt
Backend:     file
Total size:  11.22 GB
Chunk size:  32 MB  (peak RAM = one chunk)
================================================================================
Read chunks: 128 MB × 4 workers  (peak RAM ≤ 512 MB)
================================================================================
[FileReader] path=/mnt/glfs/GalaxSphere-1Tier0/checkpointing/llama3-8b/global_epoch1_step5/zero_pp_rank_5_mp_rank_0_optim_states.pt  fadvise=dontneed
[FileReader] path=/mnt/glfs/GalaxSphere-1Tier0/checkpointing/llama3-8b/global_epoch1_step5/zero_pp_rank_5_mp_rank_0_optim_states.pt  fadvise=dontneed
[FileReader] path=/mnt/glfs/GalaxSphere-1Tier0/checkpointing/llama3-8b/global_epoch1_step5/zero_pp_rank_5_mp_rank_0_optim_states.pt  fadvise=dontneed
[FileReader] path=/mnt/glfs/GalaxSphere-1Tier0/checkpointing/llama3-8b/global_epoch1_step5/zero_pp_rank_5_mp_rank_0_optim_states.pt  fadvise=dontneed

================================================================================
LOAD RESULTS
================================================================================
I/O:        0.1608s @ 11.63 GB/s
Total:      0.1621s
Chunks:     16
================================================================================
================================================================================
STREAMING CHECKPOINT LOAD - Byte-Range GETs
================================================================================
Input:       /mnt/glfs/GalaxSphere-1Tier0/checkpointing/llama3-8b/global_epoch1_step5/zero_pp_rank_3_mp_rank_0_optim_states.pt
Backend:     file
Total size:  11.22 GB
Chunk size:  32 MB  (peak RAM = one chunk)
================================================================================
Read chunks: 128 MB × 4 workers  (peak RAM ≤ 512 MB)
================================================================================
[FileReader] path=/mnt/glfs/GalaxSphere-1Tier0/checkpointing/llama3-8b/global_epoch1_step5/zero_pp_rank_3_mp_rank_0_optim_states.pt  fadvise=dontneed
[FileReader] path=/mnt/glfs/GalaxSphere-1Tier0/checkpointing/llama3-8b/global_epoch1_step5/zero_pp_rank_3_mp_rank_0_optim_states.pt  fadvise=dontneed
[FileReader] path=/mnt/glfs/GalaxSphere-1Tier0/checkpointing/llama3-8b/global_epoch1_step5/zero_pp_rank_3_mp_rank_0_optim_states.pt  fadvise=dontneed
[FileReader] path=/mnt/glfs/GalaxSphere-1Tier0/checkpointing/llama3-8b/global_epoch1_step5/zero_pp_rank_3_mp_rank_0_optim_states.pt  fadvise=dontneed

================================================================================
LOAD RESULTS
================================================================================
I/O:        0.1630s @ 11.47 GB/s
Total:      0.1640s
Chunks:     16
================================================================================
================================================================================
STREAMING CHECKPOINT LOAD - Byte-Range GETs
================================================================================
Input:       /mnt/glfs/GalaxSphere-1Tier0/checkpointing/llama3-8b/global_epoch1_step5/zero_pp_rank_4_mp_rank_0_optim_states.pt
Backend:     file
Total size:  11.22 GB
Chunk size:  32 MB  (peak RAM = one chunk)
================================================================================
Read chunks: 128 MB × 4 workers  (peak RAM ≤ 512 MB)
================================================================================
[FileReader] path=/mnt/glfs/GalaxSphere-1Tier0/checkpointing/llama3-8b/global_epoch1_step5/zero_pp_rank_4_mp_rank_0_optim_states.pt  fadvise=dontneed
[FileReader] path=/mnt/glfs/GalaxSphere-1Tier0/checkpointing/llama3-8b/global_epoch1_step5/zero_pp_rank_4_mp_rank_0_optim_states.pt  fadvise=dontneed
[FileReader] path=/mnt/glfs/GalaxSphere-1Tier0/checkpointing/llama3-8b/global_epoch1_step5/zero_pp_rank_4_mp_rank_0_optim_states.pt  fadvise=dontneed
[FileReader] path=/mnt/glfs/GalaxSphere-1Tier0/checkpointing/llama3-8b/global_epoch1_step5/zero_pp_rank_4_mp_rank_0_optim_states.pt  fadvise=dontneed

================================================================================
LOAD RESULTS
================================================================================
I/O:        0.1645s @ 11.37 GB/s
Total:      0.1656s
Chunks:     16
================================================================================
================================================================================
STREAMING CHECKPOINT LOAD - Byte-Range GETs
================================================================================
Input:       /mnt/glfs/GalaxSphere-1Tier0/checkpointing/llama3-8b/global_epoch1_step5/zero_pp_rank_6_mp_rank_0_optim_states.pt
Backend:     file
Total size:  11.22 GB
Chunk size:  32 MB  (peak RAM = one chunk)
================================================================================
Read chunks: 128 MB × 4 workers  (peak RAM ≤ 512 MB)
================================================================================
[FileReader] path=/mnt/glfs/GalaxSphere-1Tier0/checkpointing/llama3-8b/global_epoch1_step5/zero_pp_rank_6_mp_rank_0_optim_states.pt  fadvise=dontneed
[FileReader] path=/mnt/glfs/GalaxSphere-1Tier0/checkpointing/llama3-8b/global_epoch1_step5/zero_pp_rank_6_mp_rank_0_optim_states.pt  fadvise=dontneed
[FileReader] path=/mnt/glfs/GalaxSphere-1Tier0/checkpointing/llama3-8b/global_epoch1_step5/zero_pp_rank_6_mp_rank_0_optim_states.pt  fadvise=dontneed
[FileReader] path=/mnt/glfs/GalaxSphere-1Tier0/checkpointing/llama3-8b/global_epoch1_step5/zero_pp_rank_6_mp_rank_0_optim_states.pt  fadvise=dontneed

================================================================================
LOAD RESULTS
================================================================================
I/O:        0.1665s @ 11.23 GB/s
Total:      0.1679s
Chunks:     16
================================================================================
================================================================================
STREAMING CHECKPOINT LOAD - Byte-Range GETs
================================================================================
Input:       /mnt/glfs/GalaxSphere-1Tier0/checkpointing/llama3-8b/global_epoch1_step5/zero_pp_rank_7_mp_rank_0_optim_states.pt
Backend:     file
Total size:  11.22 GB
Chunk size:  32 MB  (peak RAM = one chunk)
================================================================================
Read chunks: 128 MB × 4 workers  (peak RAM ≤ 512 MB)
================================================================================
[FileReader] path=/mnt/glfs/GalaxSphere-1Tier0/checkpointing/llama3-8b/global_epoch1_step5/zero_pp_rank_7_mp_rank_0_optim_states.pt  fadvise=dontneed
[FileReader] path=/mnt/glfs/GalaxSphere-1Tier0/checkpointing/llama3-8b/global_epoch1_step5/zero_pp_rank_7_mp_rank_0_optim_states.pt  fadvise=dontneed
[FileReader] path=/mnt/glfs/GalaxSphere-1Tier0/checkpointing/llama3-8b/global_epoch1_step5/zero_pp_rank_7_mp_rank_0_optim_states.pt  fadvise=dontneed
[FileReader] path=/mnt/glfs/GalaxSphere-1Tier0/checkpointing/llama3-8b/global_epoch1_step5/zero_pp_rank_7_mp_rank_0_optim_states.pt  fadvise=dontneed
[Load w0] 2.00 GB  4.30 GB/s
[Load w0] 2.00 GB  4.16 GB/s
[Load w0] 2.00 GB  3.57 GB/s
[Load w0] 2.00 GB  3.50 GB/s
[Load w0] 2.00 GB  3.36 GB/s
[Load w2] 2.00 GB  3.35 GB/s
[Load w0] 2.00 GB  3.31 GB/s
[Load w2] 2.00 GB  3.29 GB/s
[Load w0] 2.00 GB  3.23 GB/s
[Load w1] 2.00 GB  3.27 GB/s
[Load w2] 2.00 GB  3.19 GB/s
[Load w0] 2.00 GB  3.19 GB/s
[Load w3] 2.00 GB  3.17 GB/s
[Load w1] 2.00 GB  3.12 GB/s
[Load w2] 2.00 GB  2.95 GB/s
[Load w3] 2.00 GB  2.92 GB/s
[Load w2] 2.00 GB  2.89 GB/s
[Load w1] 2.00 GB  2.81 GB/s
[Load w3] 2.00 GB  2.88 GB/s
[Load w1] 2.00 GB  2.86 GB/s
[Load w1] 2.00 GB  2.85 GB/s
[Load w2] 2.00 GB  2.83 GB/s
[Load w3] 2.00 GB  2.81 GB/s
[Load w1] 2.00 GB  2.83 GB/s
[Load w1] 2.00 GB  2.79 GB/s
[Load w1] 2.00 GB  2.77 GB/s
[Load w3] 2.00 GB  2.73 GB/s
[Load w2] 2.00 GB  2.72 GB/s
[Load w3] 2.00 GB  2.76 GB/s
[Load w2] 2.00 GB  2.76 GB/s
[Load w3] 2.00 GB  2.72 GB/s
[Load w3] 2.00 GB  2.65 GB/s

================================================================================
LOAD RESULTS
================================================================================
I/O:        0.8746s @ 12.83 GB/s
Total:      0.8763s
Chunks:     92
================================================================================

================================================================================
LOAD RESULTS
================================================================================
I/O:        0.8923s @ 12.57 GB/s
Total:      0.8937s
Chunks:     92
================================================================================

================================================================================
LOAD RESULTS
================================================================================
I/O:        0.9274s @ 12.10 GB/s
Total:      0.9286s
Chunks:     92
================================================================================

================================================================================
LOAD RESULTS
================================================================================
I/O:        0.9306s @ 12.05 GB/s
Total:      0.9320s
Chunks:     92
================================================================================

================================================================================
LOAD RESULTS
================================================================================
I/O:        0.9250s @ 12.13 GB/s
Total:      0.9264s
Chunks:     92
================================================================================

================================================================================
LOAD RESULTS
================================================================================
I/O:        0.9362s @ 11.98 GB/s
Total:      0.9376s
Chunks:     92
================================================================================

================================================================================
LOAD RESULTS
================================================================================
I/O:        0.9471s @ 11.84 GB/s
Total:      0.9486s
Chunks:     92
================================================================================

================================================================================
LOAD RESULTS
================================================================================
I/O:        0.9403s @ 11.93 GB/s
Total:      0.9416s
Chunks:     92
================================================================================
================================================================================
STREAMING CHECKPOINT LOAD - Byte-Range GETs
================================================================================
Input:       /mnt/glfs/GalaxSphere-1Tier0/checkpointing/llama3-8b/global_epoch1_step6/zero_pp_rank_1_mp_rank_0_model_states.pt
Backend:     file
Total size:  1.87 GB
Chunk size:  32 MB  (peak RAM = one chunk)
================================================================================
Read chunks: 128 MB × 4 workers  (peak RAM ≤ 512 MB)
================================================================================
================================================================================
STREAMING CHECKPOINT LOAD - Byte-Range GETs
================================================================================
Input:       /mnt/glfs/GalaxSphere-1Tier0/checkpointing/llama3-8b/global_epoch1_step6/zero_pp_rank_5_mp_rank_0_model_states.pt
Backend:     file
Total size:  1.87 GB
Chunk size:  32 MB  (peak RAM = one chunk)
================================================================================
Read chunks: 128 MB × 4 workers  (peak RAM ≤ 512 MB)
================================================================================
================================================================================
STREAMING CHECKPOINT LOAD - Byte-Range GETs
================================================================================
Input:       /mnt/glfs/GalaxSphere-1Tier0/checkpointing/llama3-8b/global_epoch1_step6/zero_pp_rank_2_mp_rank_0_model_states.pt
Backend:     file
Total size:  1.87 GB
Chunk size:  32 MB  (peak RAM = one chunk)
================================================================================
Read chunks: 128 MB × 4 workers  (peak RAM ≤ 512 MB)
================================================================================
================================================================================
STREAMING CHECKPOINT LOAD - Byte-Range GETs
================================================================================
Input:       /mnt/glfs/GalaxSphere-1Tier0/checkpointing/llama3-8b/global_epoch1_step6/zero_pp_rank_7_mp_rank_0_model_states.pt
Backend:     file
Total size:  1.87 GB
Chunk size:  32 MB  (peak RAM = one chunk)
================================================================================
Read chunks: 128 MB × 4 workers  (peak RAM ≤ 512 MB)
================================================================================
[FileReader] path=/mnt/glfs/GalaxSphere-1Tier0/checkpointing/llama3-8b/global_epoch1_step6/zero_pp_rank_1_mp_rank_0_model_states.pt  fadvise=dontneed
[FileReader] path=/mnt/glfs/GalaxSphere-1Tier0/checkpointing/llama3-8b/global_epoch1_step6/zero_pp_rank_1_mp_rank_0_model_states.pt  fadvise=dontneed
[FileReader] path=/mnt/glfs/GalaxSphere-1Tier0/checkpointing/llama3-8b/global_epoch1_step6/zero_pp_rank_1_mp_rank_0_model_states.pt  fadvise=dontneed
[FileReader] path=/mnt/glfs/GalaxSphere-1Tier0/checkpointing/llama3-8b/global_epoch1_step6/zero_pp_rank_5_mp_rank_0_model_states.pt  fadvise=dontneed
[FileReader] path=/mnt/glfs/GalaxSphere-1Tier0/checkpointing/llama3-8b/global_epoch1_step6/zero_pp_rank_5_mp_rank_0_model_states.pt  fadvise=dontneed
[FileReader] path=/mnt/glfs/GalaxSphere-1Tier0/checkpointing/llama3-8b/global_epoch1_step6/zero_pp_rank_5_mp_rank_0_model_states.pt  fadvise=dontneed
[FileReader] path=/mnt/glfs/GalaxSphere-1Tier0/checkpointing/llama3-8b/global_epoch1_step6/zero_pp_rank_5_mp_rank_0_model_states.pt  fadvise=dontneed
[FileReader] path=/mnt/glfs/GalaxSphere-1Tier0/checkpointing/llama3-8b/global_epoch1_step6/zero_pp_rank_1_mp_rank_0_model_states.pt  fadvise=dontneed
[FileReader] path=/mnt/glfs/GalaxSphere-1Tier0/checkpointing/llama3-8b/global_epoch1_step6/zero_pp_rank_2_mp_rank_0_model_states.pt  fadvise=dontneed
[FileReader] path=/mnt/glfs/GalaxSphere-1Tier0/checkpointing/llama3-8b/global_epoch1_step6/zero_pp_rank_2_mp_rank_0_model_states.pt  fadvise=dontneed
[FileReader] path=/mnt/glfs/GalaxSphere-1Tier0/checkpointing/llama3-8b/global_epoch1_step6/zero_pp_rank_2_mp_rank_0_model_states.pt  fadvise=dontneed
[FileReader] path=/mnt/glfs/GalaxSphere-1Tier0/checkpointing/llama3-8b/global_epoch1_step6/zero_pp_rank_2_mp_rank_0_model_states.pt  fadvise=dontneed
================================================================================
STREAMING CHECKPOINT LOAD - Byte-Range GETs
================================================================================
Input:       /mnt/glfs/GalaxSphere-1Tier0/checkpointing/llama3-8b/global_epoch1_step6/zero_pp_rank_4_mp_rank_0_model_states.pt
Backend:     file
Total size:  1.87 GB
Chunk size:  32 MB  (peak RAM = one chunk)
================================================================================
[FileReader] path=/mnt/glfs/GalaxSphere-1Tier0/checkpointing/llama3-8b/global_epoch1_step6/zero_pp_rank_7_mp_rank_0_model_states.pt  fadvise=dontneed
[FileReader] path=/mnt/glfs/GalaxSphere-1Tier0/checkpointing/llama3-8b/global_epoch1_step6/zero_pp_rank_7_mp_rank_0_model_states.pt  fadvise=dontneed
[FileReader] path=/mnt/glfs/GalaxSphere-1Tier0/checkpointing/llama3-8b/global_epoch1_step6/zero_pp_rank_7_mp_rank_0_model_states.pt  fadvise=dontneed
Read chunks: 128 MB × 4 workers  (peak RAM ≤ 512 MB)
================================================================================
[FileReader] path=/mnt/glfs/GalaxSphere-1Tier0/checkpointing/llama3-8b/global_epoch1_step6/zero_pp_rank_7_mp_rank_0_model_states.pt  fadvise=dontneed
================================================================================
STREAMING CHECKPOINT LOAD - Byte-Range GETs
================================================================================
Input:       /mnt/glfs/GalaxSphere-1Tier0/checkpointing/llama3-8b/global_epoch1_step6/zero_pp_rank_6_mp_rank_0_model_states.pt
Backend:     file
Total size:  1.87 GB
Chunk size:  32 MB  (peak RAM = one chunk)
================================================================================
Read chunks: 128 MB × 4 workers  (peak RAM ≤ 512 MB)
================================================================================
================================================================================
STREAMING CHECKPOINT LOAD - Byte-Range GETs
================================================================================
Input:       /mnt/glfs/GalaxSphere-1Tier0/checkpointing/llama3-8b/global_epoch1_step6/zero_pp_rank_3_mp_rank_0_model_states.pt
Backend:     file
Total size:  1.87 GB
Chunk size:  32 MB  (peak RAM = one chunk)
================================================================================
Read chunks: 128 MB × 4 workers  (peak RAM ≤ 512 MB)
================================================================================
[FileReader] path=/mnt/glfs/GalaxSphere-1Tier0/checkpointing/llama3-8b/global_epoch1_step6/zero_pp_rank_4_mp_rank_0_model_states.pt  fadvise=dontneed
[FileReader] path=/mnt/glfs/GalaxSphere-1Tier0/checkpointing/llama3-8b/global_epoch1_step6/zero_pp_rank_4_mp_rank_0_model_states.pt  fadvise=dontneed
[FileReader] path=/mnt/glfs/GalaxSphere-1Tier0/checkpointing/llama3-8b/global_epoch1_step6/zero_pp_rank_4_mp_rank_0_model_states.pt  fadvise=dontneed
[FileReader] path=/mnt/glfs/GalaxSphere-1Tier0/checkpointing/llama3-8b/global_epoch1_step6/zero_pp_rank_4_mp_rank_0_model_states.pt  fadvise=dontneed
[FileReader] path=/mnt/glfs/GalaxSphere-1Tier0/checkpointing/llama3-8b/global_epoch1_step6/zero_pp_rank_6_mp_rank_0_model_states.pt  fadvise=dontneed
================================================================================
STREAMING CHECKPOINT LOAD - Byte-Range GETs
================================================================================
Input:       /mnt/glfs/GalaxSphere-1Tier0/checkpointing/llama3-8b/global_epoch1_step6/zero_pp_rank_0_mp_rank_0_model_states.pt
[FileReader] path=/mnt/glfs/GalaxSphere-1Tier0/checkpointing/llama3-8b/global_epoch1_step6/zero_pp_rank_6_mp_rank_0_model_states.pt  fadvise=dontneed
Backend:     file
Total size:  1.87 GB
Chunk size:  32 MB  (peak RAM = one chunk)
[FileReader] path=/mnt/glfs/GalaxSphere-1Tier0/checkpointing/llama3-8b/global_epoch1_step6/zero_pp_rank_6_mp_rank_0_model_states.pt  fadvise=dontneed
[FileReader] path=/mnt/glfs/GalaxSphere-1Tier0/checkpointing/llama3-8b/global_epoch1_step6/zero_pp_rank_6_mp_rank_0_model_states.pt  fadvise=dontneed
================================================================================
Read chunks: 128 MB × 4 workers  (peak RAM ≤ 512 MB)
================================================================================
[FileReader] path=/mnt/glfs/GalaxSphere-1Tier0/checkpointing/llama3-8b/global_epoch1_step6/zero_pp_rank_3_mp_rank_0_model_states.pt  fadvise=dontneed
[FileReader] path=/mnt/glfs/GalaxSphere-1Tier0/checkpointing/llama3-8b/global_epoch1_step6/zero_pp_rank_3_mp_rank_0_model_states.pt  fadvise=dontneed
[FileReader] path=/mnt/glfs/GalaxSphere-1Tier0/checkpointing/llama3-8b/global_epoch1_step6/zero_pp_rank_3_mp_rank_0_model_states.pt  fadvise=dontneed
[FileReader] path=/mnt/glfs/GalaxSphere-1Tier0/checkpointing/llama3-8b/global_epoch1_step6/zero_pp_rank_3_mp_rank_0_model_states.pt  fadvise=dontneed
[FileReader] path=/mnt/glfs/GalaxSphere-1Tier0/checkpointing/llama3-8b/global_epoch1_step6/zero_pp_rank_0_mp_rank_0_model_states.pt  fadvise=dontneed
[FileReader] path=/mnt/glfs/GalaxSphere-1Tier0/checkpointing/llama3-8b/global_epoch1_step6/zero_pp_rank_0_mp_rank_0_model_states.pt  fadvise=dontneed
[FileReader] path=/mnt/glfs/GalaxSphere-1Tier0/checkpointing/llama3-8b/global_epoch1_step6/zero_pp_rank_0_mp_rank_0_model_states.pt  fadvise=dontneed
[FileReader] path=/mnt/glfs/GalaxSphere-1Tier0/checkpointing/llama3-8b/global_epoch1_step6/zero_pp_rank_0_mp_rank_0_model_states.pt  fadvise=dontneed

================================================================================
LOAD RESULTS
================================================================================
I/O:        0.1472s @ 12.70 GB/s
Total:      0.1482s
Chunks:     16
================================================================================
================================================================================
STREAMING CHECKPOINT LOAD - Byte-Range GETs
================================================================================
Input:       /mnt/glfs/GalaxSphere-1Tier0/checkpointing/llama3-8b/global_epoch1_step6/zero_pp_rank_4_mp_rank_0_optim_states.pt
Backend:     file
Total size:  11.22 GB
Chunk size:  32 MB  (peak RAM = one chunk)
================================================================================
Read chunks: 128 MB × 4 workers  (peak RAM ≤ 512 MB)
================================================================================
[FileReader] path=/mnt/glfs/GalaxSphere-1Tier0/checkpointing/llama3-8b/global_epoch1_step6/zero_pp_rank_4_mp_rank_0_optim_states.pt  fadvise=dontneed
[FileReader] path=/mnt/glfs/GalaxSphere-1Tier0/checkpointing/llama3-8b/global_epoch1_step6/zero_pp_rank_4_mp_rank_0_optim_states.pt  fadvise=dontneed
[FileReader] path=/mnt/glfs/GalaxSphere-1Tier0/checkpointing/llama3-8b/global_epoch1_step6/zero_pp_rank_4_mp_rank_0_optim_states.pt  fadvise=dontneed
[FileReader] path=/mnt/glfs/GalaxSphere-1Tier0/checkpointing/llama3-8b/global_epoch1_step6/zero_pp_rank_4_mp_rank_0_optim_states.pt  fadvise=dontneed

================================================================================
LOAD RESULTS
================================================================================
I/O:        0.1529s @ 12.23 GB/s
Total:      0.1540s
Chunks:     16
================================================================================
================================================================================
STREAMING CHECKPOINT LOAD - Byte-Range GETs
================================================================================
Input:       /mnt/glfs/GalaxSphere-1Tier0/checkpointing/llama3-8b/global_epoch1_step6/zero_pp_rank_1_mp_rank_0_optim_states.pt
Backend:     file
Total size:  11.22 GB
Chunk size:  32 MB  (peak RAM = one chunk)
================================================================================
Read chunks: 128 MB × 4 workers  (peak RAM ≤ 512 MB)
================================================================================
[FileReader] path=/mnt/glfs/GalaxSphere-1Tier0/checkpointing/llama3-8b/global_epoch1_step6/zero_pp_rank_1_mp_rank_0_optim_states.pt  fadvise=dontneed
[FileReader] path=/mnt/glfs/GalaxSphere-1Tier0/checkpointing/llama3-8b/global_epoch1_step6/zero_pp_rank_1_mp_rank_0_optim_states.pt  fadvise=dontneed
[FileReader] path=/mnt/glfs/GalaxSphere-1Tier0/checkpointing/llama3-8b/global_epoch1_step6/zero_pp_rank_1_mp_rank_0_optim_states.pt  fadvise=dontneed
[FileReader] path=/mnt/glfs/GalaxSphere-1Tier0/checkpointing/llama3-8b/global_epoch1_step6/zero_pp_rank_1_mp_rank_0_optim_states.pt  fadvise=dontneed

================================================================================
LOAD RESULTS
================================================================================
I/O:        0.1565s @ 11.94 GB/s
Total:      0.1576s
Chunks:     16
================================================================================
================================================================================
STREAMING CHECKPOINT LOAD - Byte-Range GETs
================================================================================
Input:       /mnt/glfs/GalaxSphere-1Tier0/checkpointing/llama3-8b/global_epoch1_step6/zero_pp_rank_0_mp_rank_0_optim_states.pt
Backend:     file
Total size:  11.22 GB
Chunk size:  32 MB  (peak RAM = one chunk)
================================================================================
Read chunks: 128 MB × 4 workers  (peak RAM ≤ 512 MB)
================================================================================
[FileReader] path=/mnt/glfs/GalaxSphere-1Tier0/checkpointing/llama3-8b/global_epoch1_step6/zero_pp_rank_0_mp_rank_0_optim_states.pt  fadvise=dontneed
[FileReader] path=/mnt/glfs/GalaxSphere-1Tier0/checkpointing/llama3-8b/global_epoch1_step6/zero_pp_rank_0_mp_rank_0_optim_states.pt  fadvise=dontneed
[FileReader] path=/mnt/glfs/GalaxSphere-1Tier0/checkpointing/llama3-8b/global_epoch1_step6/zero_pp_rank_0_mp_rank_0_optim_states.pt  fadvise=dontneed
[FileReader] path=/mnt/glfs/GalaxSphere-1Tier0/checkpointing/llama3-8b/global_epoch1_step6/zero_pp_rank_0_mp_rank_0_optim_states.pt  fadvise=dontneed

================================================================================
LOAD RESULTS
================================================================================
I/O:        0.1581s @ 11.83 GB/s
Total:      0.1589s
Chunks:     16
================================================================================
================================================================================
STREAMING CHECKPOINT LOAD - Byte-Range GETs
================================================================================
Input:       /mnt/glfs/GalaxSphere-1Tier0/checkpointing/llama3-8b/global_epoch1_step6/zero_pp_rank_6_mp_rank_0_optim_states.pt
Backend:     file
Total size:  11.22 GB
Chunk size:  32 MB  (peak RAM = one chunk)
================================================================================
Read chunks: 128 MB × 4 workers  (peak RAM ≤ 512 MB)
================================================================================
[FileReader] path=/mnt/glfs/GalaxSphere-1Tier0/checkpointing/llama3-8b/global_epoch1_step6/zero_pp_rank_6_mp_rank_0_optim_states.pt  fadvise=dontneed
[FileReader] path=/mnt/glfs/GalaxSphere-1Tier0/checkpointing/llama3-8b/global_epoch1_step6/zero_pp_rank_6_mp_rank_0_optim_states.pt  fadvise=dontneed
[FileReader] path=/mnt/glfs/GalaxSphere-1Tier0/checkpointing/llama3-8b/global_epoch1_step6/zero_pp_rank_6_mp_rank_0_optim_states.pt  fadvise=dontneed
[FileReader] path=/mnt/glfs/GalaxSphere-1Tier0/checkpointing/llama3-8b/global_epoch1_step6/zero_pp_rank_6_mp_rank_0_optim_states.pt  fadvise=dontneed

================================================================================
LOAD RESULTS
================================================================================
I/O:        0.1692s @ 11.05 GB/s
Total:      0.1700s
Chunks:     16
================================================================================
================================================================================
STREAMING CHECKPOINT LOAD - Byte-Range GETs
================================================================================
Input:       /mnt/glfs/GalaxSphere-1Tier0/checkpointing/llama3-8b/global_epoch1_step6/zero_pp_rank_7_mp_rank_0_optim_states.pt
Backend:     file
Total size:  11.22 GB
Chunk size:  32 MB  (peak RAM = one chunk)
================================================================================
Read chunks: 128 MB × 4 workers  (peak RAM ≤ 512 MB)
================================================================================
[FileReader] path=/mnt/glfs/GalaxSphere-1Tier0/checkpointing/llama3-8b/global_epoch1_step6/zero_pp_rank_7_mp_rank_0_optim_states.pt  fadvise=dontneed
[FileReader] path=/mnt/glfs/GalaxSphere-1Tier0/checkpointing/llama3-8b/global_epoch1_step6/zero_pp_rank_7_mp_rank_0_optim_states.pt  fadvise=dontneed
[FileReader] path=/mnt/glfs/GalaxSphere-1Tier0/checkpointing/llama3-8b/global_epoch1_step6/zero_pp_rank_7_mp_rank_0_optim_states.pt  fadvise=dontneed
[FileReader] path=/mnt/glfs/GalaxSphere-1Tier0/checkpointing/llama3-8b/global_epoch1_step6/zero_pp_rank_7_mp_rank_0_optim_states.pt  fadvise=dontneed

================================================================================
LOAD RESULTS
================================================================================
I/O:        0.1763s @ 10.60 GB/s
Total:      0.1773s
Chunks:     16
================================================================================
================================================================================
STREAMING CHECKPOINT LOAD - Byte-Range GETs
================================================================================
Input:       /mnt/glfs/GalaxSphere-1Tier0/checkpointing/llama3-8b/global_epoch1_step6/zero_pp_rank_3_mp_rank_0_optim_states.pt
Backend:     file
Total size:  11.22 GB
Chunk size:  32 MB  (peak RAM = one chunk)
================================================================================
Read chunks: 128 MB × 4 workers  (peak RAM ≤ 512 MB)
================================================================================
[FileReader] path=/mnt/glfs/GalaxSphere-1Tier0/checkpointing/llama3-8b/global_epoch1_step6/zero_pp_rank_3_mp_rank_0_optim_states.pt  fadvise=dontneed
[FileReader] path=/mnt/glfs/GalaxSphere-1Tier0/checkpointing/llama3-8b/global_epoch1_step6/zero_pp_rank_3_mp_rank_0_optim_states.pt  fadvise=dontneed
[FileReader] path=/mnt/glfs/GalaxSphere-1Tier0/checkpointing/llama3-8b/global_epoch1_step6/zero_pp_rank_3_mp_rank_0_optim_states.pt  fadvise=dontneed
[FileReader] path=/mnt/glfs/GalaxSphere-1Tier0/checkpointing/llama3-8b/global_epoch1_step6/zero_pp_rank_3_mp_rank_0_optim_states.pt  fadvise=dontneed

================================================================================
LOAD RESULTS
================================================================================
I/O:        0.1817s @ 10.29 GB/s
Total:      0.1830s
Chunks:     16
================================================================================
================================================================================
STREAMING CHECKPOINT LOAD - Byte-Range GETs
================================================================================
Input:       /mnt/glfs/GalaxSphere-1Tier0/checkpointing/llama3-8b/global_epoch1_step6/zero_pp_rank_5_mp_rank_0_optim_states.pt
Backend:     file
Total size:  11.22 GB
Chunk size:  32 MB  (peak RAM = one chunk)
================================================================================
Read chunks: 128 MB × 4 workers  (peak RAM ≤ 512 MB)
================================================================================
[FileReader] path=/mnt/glfs/GalaxSphere-1Tier0/checkpointing/llama3-8b/global_epoch1_step6/zero_pp_rank_5_mp_rank_0_optim_states.pt  fadvise=dontneed
[FileReader] path=/mnt/glfs/GalaxSphere-1Tier0/checkpointing/llama3-8b/global_epoch1_step6/zero_pp_rank_5_mp_rank_0_optim_states.pt  fadvise=dontneed
[FileReader] path=/mnt/glfs/GalaxSphere-1Tier0/checkpointing/llama3-8b/global_epoch1_step6/zero_pp_rank_5_mp_rank_0_optim_states.pt  fadvise=dontneed
[FileReader] path=/mnt/glfs/GalaxSphere-1Tier0/checkpointing/llama3-8b/global_epoch1_step6/zero_pp_rank_5_mp_rank_0_optim_states.pt  fadvise=dontneed

================================================================================
LOAD RESULTS
================================================================================
I/O:        0.1829s @ 10.22 GB/s
Total:      0.1841s
Chunks:     16
================================================================================
================================================================================
STREAMING CHECKPOINT LOAD - Byte-Range GETs
================================================================================
Input:       /mnt/glfs/GalaxSphere-1Tier0/checkpointing/llama3-8b/global_epoch1_step6/zero_pp_rank_2_mp_rank_0_optim_states.pt
Backend:     file
Total size:  11.22 GB
Chunk size:  32 MB  (peak RAM = one chunk)
================================================================================
Read chunks: 128 MB × 4 workers  (peak RAM ≤ 512 MB)
================================================================================
[FileReader] path=/mnt/glfs/GalaxSphere-1Tier0/checkpointing/llama3-8b/global_epoch1_step6/zero_pp_rank_2_mp_rank_0_optim_states.pt  fadvise=dontneed
[FileReader] path=/mnt/glfs/GalaxSphere-1Tier0/checkpointing/llama3-8b/global_epoch1_step6/zero_pp_rank_2_mp_rank_0_optim_states.pt  fadvise=dontneed
[FileReader] path=/mnt/glfs/GalaxSphere-1Tier0/checkpointing/llama3-8b/global_epoch1_step6/zero_pp_rank_2_mp_rank_0_optim_states.pt  fadvise=dontneed
[FileReader] path=/mnt/glfs/GalaxSphere-1Tier0/checkpointing/llama3-8b/global_epoch1_step6/zero_pp_rank_2_mp_rank_0_optim_states.pt  fadvise=dontneed
[Load w0] 2.00 GB  4.23 GB/s
[Load w0] 2.00 GB  3.75 GB/s
[Load w0] 2.00 GB  3.62 GB/s
[Load w0] 2.00 GB  3.76 GB/s
[Load w1] 2.00 GB  3.51 GB/s
[Load w2] 2.00 GB  3.44 GB/s
[Load w3] 2.00 GB  3.38 GB/s
[Load w1] 2.00 GB  3.41 GB/s
[Load w0] 2.00 GB  3.40 GB/s
[Load w0] 2.00 GB  3.35 GB/s
[Load w0] 2.00 GB  3.31 GB/s
[Load w2] 2.00 GB  3.13 GB/s
[Load w2] 2.00 GB  3.13 GB/s
[Load w2] 2.00 GB  3.21 GB/s
[Load w1] 2.00 GB  3.03 GB/s
[Load w0] 2.00 GB  3.17 GB/s
[Load w2] 2.00 GB  3.10 GB/s
[Load w3] 2.00 GB  3.00 GB/s
[Load w2] 2.00 GB  2.87 GB/s
[Load w1] 2.00 GB  2.95 GB/s
[Load w3] 2.00 GB  2.85 GB/s
[Load w1] 2.00 GB  2.80 GB/s
[Load w2] 2.00 GB  2.87 GB/s
[Load w3] 2.00 GB  2.82 GB/s
[Load w3] 2.00 GB  2.86 GB/s
[Load w1] 2.00 GB  2.86 GB/s
[Load w3] 2.00 GB  2.84 GB/s
[Load w3] 2.00 GB  2.75 GB/s
[Load w3] 2.00 GB  2.64 GB/s
[Load w1] 2.00 GB  2.66 GB/s
[Load w2] 2.00 GB  2.61 GB/s
[Load w1] 2.00 GB  2.50 GB/s

================================================================================
LOAD RESULTS
================================================================================
I/O:        0.9071s @ 12.37 GB/s
Total:      0.9085s
Chunks:     92
================================================================================

================================================================================
LOAD RESULTS
================================================================================
I/O:        0.8979s @ 12.49 GB/s
Total:      0.8994s
Chunks:     92
================================================================================

================================================================================
LOAD RESULTS
================================================================================
I/O:        0.9319s @ 12.04 GB/s
Total:      0.9331s
Chunks:     92
================================================================================

================================================================================
LOAD RESULTS
================================================================================
I/O:        0.9254s @ 12.12 GB/s
Total:      0.9267s
Chunks:     92
================================================================================

================================================================================
LOAD RESULTS
================================================================================
I/O:        0.9482s @ 11.83 GB/s
Total:      0.9497s
Chunks:     92
================================================================================

================================================================================
LOAD RESULTS
================================================================================
I/O:        0.9349s @ 12.00 GB/s
Total:      0.9364s
Chunks:     92
================================================================================

================================================================================
LOAD RESULTS
================================================================================
I/O:        0.9237s @ 12.15 GB/s
Total:      0.9249s
Chunks:     92
================================================================================

================================================================================
LOAD RESULTS
================================================================================
I/O:        0.9315s @ 12.04 GB/s
Total:      0.9331s
Chunks:     92
================================================================================
================================================================================
STREAMING CHECKPOINT LOAD - Byte-Range GETs
================================================================================
Input:       /mnt/glfs/GalaxSphere-1Tier0/checkpointing/llama3-8b/global_epoch1_step7/zero_pp_rank_3_mp_rank_0_model_states.pt
Backend:     file
Total size:  1.87 GB
Chunk size:  32 MB  (peak RAM = one chunk)
================================================================================
Read chunks: 128 MB × 4 workers  (peak RAM ≤ 512 MB)
================================================================================
================================================================================
STREAMING CHECKPOINT LOAD - Byte-Range GETs
================================================================================
Input:       /mnt/glfs/GalaxSphere-1Tier0/checkpointing/llama3-8b/global_epoch1_step7/zero_pp_rank_6_mp_rank_0_model_states.pt
Backend:     file
Total size:  1.87 GB
Chunk size:  32 MB  (peak RAM = one chunk)
================================================================================
Read chunks: 128 MB × 4 workers  (peak RAM ≤ 512 MB)
================================================================================
================================================================================
STREAMING CHECKPOINT LOAD - Byte-Range GETs
================================================================================
Input:       /mnt/glfs/GalaxSphere-1Tier0/checkpointing/llama3-8b/global_epoch1_step7/zero_pp_rank_7_mp_rank_0_model_states.pt
Backend:     file
Total size:  1.87 GB
Chunk size:  32 MB  (peak RAM = one chunk)
================================================================================
Read chunks: 128 MB × 4 workers  (peak RAM ≤ 512 MB)
================================================================================
[FileReader] path=/mnt/glfs/GalaxSphere-1Tier0/checkpointing/llama3-8b/global_epoch1_step7/zero_pp_rank_6_mp_rank_0_model_states.pt  fadvise=dontneed
[FileReader] path=/mnt/glfs/GalaxSphere-1Tier0/checkpointing/llama3-8b/global_epoch1_step7/zero_pp_rank_6_mp_rank_0_model_states.pt  fadvise=dontneed
[FileReader] path=/mnt/glfs/GalaxSphere-1Tier0/checkpointing/llama3-8b/global_epoch1_step7/zero_pp_rank_3_mp_rank_0_model_states.pt  fadvise=dontneed
[FileReader] path=/mnt/glfs/GalaxSphere-1Tier0/checkpointing/llama3-8b/global_epoch1_step7/zero_pp_rank_3_mp_rank_0_model_states.pt  fadvise=dontneed
[FileReader] path=/mnt/glfs/GalaxSphere-1Tier0/checkpointing/llama3-8b/global_epoch1_step7/zero_pp_rank_6_mp_rank_0_model_states.pt  fadvise=dontneed
[FileReader] path=/mnt/glfs/GalaxSphere-1Tier0/checkpointing/llama3-8b/global_epoch1_step7/zero_pp_rank_3_mp_rank_0_model_states.pt  fadvise=dontneed
[FileReader] path=/mnt/glfs/GalaxSphere-1Tier0/checkpointing/llama3-8b/global_epoch1_step7/zero_pp_rank_3_mp_rank_0_model_states.pt  fadvise=dontneed
[FileReader] path=/mnt/glfs/GalaxSphere-1Tier0/checkpointing/llama3-8b/global_epoch1_step7/zero_pp_rank_6_mp_rank_0_model_states.pt  fadvise=dontneed
================================================================================
STREAMING CHECKPOINT LOAD - Byte-Range GETs
================================================================================
Input:       /mnt/glfs/GalaxSphere-1Tier0/checkpointing/llama3-8b/global_epoch1_step7/zero_pp_rank_5_mp_rank_0_model_states.pt
Backend:     file
Total size:  1.87 GB
Chunk size:  32 MB  (peak RAM = one chunk)
================================================================================
Read chunks: 128 MB × 4 workers  (peak RAM ≤ 512 MB)
================================================================================
[FileReader] path=/mnt/glfs/GalaxSphere-1Tier0/checkpointing/llama3-8b/global_epoch1_step7/zero_pp_rank_7_mp_rank_0_model_states.pt  fadvise=dontneed
[FileReader] path=/mnt/glfs/GalaxSphere-1Tier0/checkpointing/llama3-8b/global_epoch1_step7/zero_pp_rank_7_mp_rank_0_model_states.pt  fadvise=dontneed
[FileReader] path=/mnt/glfs/GalaxSphere-1Tier0/checkpointing/llama3-8b/global_epoch1_step7/zero_pp_rank_7_mp_rank_0_model_states.pt  fadvise=dontneed
================================================================================
STREAMING CHECKPOINT LOAD - Byte-Range GETs
================================================================================
Input:       /mnt/glfs/GalaxSphere-1Tier0/checkpointing/llama3-8b/global_epoch1_step7/zero_pp_rank_2_mp_rank_0_model_states.pt
Backend:     file
Total size:  1.87 GB
Chunk size:  32 MB  (peak RAM = one chunk)
================================================================================
[FileReader] path=/mnt/glfs/GalaxSphere-1Tier0/checkpointing/llama3-8b/global_epoch1_step7/zero_pp_rank_7_mp_rank_0_model_states.pt  fadvise=dontneed
Read chunks: 128 MB × 4 workers  (peak RAM ≤ 512 MB)
================================================================================
[FileReader] path=/mnt/glfs/GalaxSphere-1Tier0/checkpointing/llama3-8b/global_epoch1_step7/zero_pp_rank_5_mp_rank_0_model_states.pt  fadvise=dontneed
[FileReader] path=/mnt/glfs/GalaxSphere-1Tier0/checkpointing/llama3-8b/global_epoch1_step7/zero_pp_rank_5_mp_rank_0_model_states.pt  fadvise=dontneed
[FileReader] path=/mnt/glfs/GalaxSphere-1Tier0/checkpointing/llama3-8b/global_epoch1_step7/zero_pp_rank_5_mp_rank_0_model_states.pt  fadvise=dontneed
[FileReader] path=/mnt/glfs/GalaxSphere-1Tier0/checkpointing/llama3-8b/global_epoch1_step7/zero_pp_rank_5_mp_rank_0_model_states.pt  fadvise=dontneed
================================================================================
STREAMING CHECKPOINT LOAD - Byte-Range GETs
================================================================================
Input:       /mnt/glfs/GalaxSphere-1Tier0/checkpointing/llama3-8b/global_epoch1_step7/zero_pp_rank_1_mp_rank_0_model_states.pt
Backend:     file
Total size:  1.87 GB
Chunk size:  32 MB  (peak RAM = one chunk)
================================================================================
Read chunks: 128 MB × 4 workers  (peak RAM ≤ 512 MB)
================================================================================
================================================================================
STREAMING CHECKPOINT LOAD - Byte-Range GETs
================================================================================
Input:       /mnt/glfs/GalaxSphere-1Tier0/checkpointing/llama3-8b/global_epoch1_step7/zero_pp_rank_4_mp_rank_0_model_states.pt
Backend:     file
Total size:  1.87 GB
Chunk size:  32 MB  (peak RAM = one chunk)
================================================================================
Read chunks: 128 MB × 4 workers  (peak RAM ≤ 512 MB)
================================================================================
================================================================================
STREAMING CHECKPOINT LOAD - Byte-Range GETs
================================================================================
Input:       /mnt/glfs/GalaxSphere-1Tier0/checkpointing/llama3-8b/global_epoch1_step7/zero_pp_rank_0_mp_rank_0_model_states.pt
Backend:     file
Total size:  1.87 GB
Chunk size:  32 MB  (peak RAM = one chunk)
================================================================================
Read chunks: 128 MB × 4 workers  (peak RAM ≤ 512 MB)
================================================================================
[FileReader] path=/mnt/glfs/GalaxSphere-1Tier0/checkpointing/llama3-8b/global_epoch1_step7/zero_pp_rank_2_mp_rank_0_model_states.pt  fadvise=dontneed
[FileReader] path=/mnt/glfs/GalaxSphere-1Tier0/checkpointing/llama3-8b/global_epoch1_step7/zero_pp_rank_2_mp_rank_0_model_states.pt  fadvise=dontneed
[FileReader] path=/mnt/glfs/GalaxSphere-1Tier0/checkpointing/llama3-8b/global_epoch1_step7/zero_pp_rank_2_mp_rank_0_model_states.pt  fadvise=dontneed
[FileReader] path=/mnt/glfs/GalaxSphere-1Tier0/checkpointing/llama3-8b/global_epoch1_step7/zero_pp_rank_2_mp_rank_0_model_states.pt  fadvise=dontneed
[FileReader] path=/mnt/glfs/GalaxSphere-1Tier0/checkpointing/llama3-8b/global_epoch1_step7/zero_pp_rank_1_mp_rank_0_model_states.pt  fadvise=dontneed
[FileReader] path=/mnt/glfs/GalaxSphere-1Tier0/checkpointing/llama3-8b/global_epoch1_step7/zero_pp_rank_1_mp_rank_0_model_states.pt  fadvise=dontneed
[FileReader] path=/mnt/glfs/GalaxSphere-1Tier0/checkpointing/llama3-8b/global_epoch1_step7/zero_pp_rank_1_mp_rank_0_model_states.pt  fadvise=dontneed
[FileReader] path=/mnt/glfs/GalaxSphere-1Tier0/checkpointing/llama3-8b/global_epoch1_step7/zero_pp_rank_1_mp_rank_0_model_states.pt  fadvise=dontneed
[FileReader] path=/mnt/glfs/GalaxSphere-1Tier0/checkpointing/llama3-8b/global_epoch1_step7/zero_pp_rank_4_mp_rank_0_model_states.pt  fadvise=dontneed
[FileReader] path=/mnt/glfs/GalaxSphere-1Tier0/checkpointing/llama3-8b/global_epoch1_step7/zero_pp_rank_4_mp_rank_0_model_states.pt  fadvise=dontneed
[FileReader] path=/mnt/glfs/GalaxSphere-1Tier0/checkpointing/llama3-8b/global_epoch1_step7/zero_pp_rank_4_mp_rank_0_model_states.pt  fadvise=dontneed
[FileReader] path=/mnt/glfs/GalaxSphere-1Tier0/checkpointing/llama3-8b/global_epoch1_step7/zero_pp_rank_4_mp_rank_0_model_states.pt  fadvise=dontneed
[FileReader] path=/mnt/glfs/GalaxSphere-1Tier0/checkpointing/llama3-8b/global_epoch1_step7/zero_pp_rank_0_mp_rank_0_model_states.pt  fadvise=dontneed
[FileReader] path=/mnt/glfs/GalaxSphere-1Tier0/checkpointing/llama3-8b/global_epoch1_step7/zero_pp_rank_0_mp_rank_0_model_states.pt  fadvise=dontneed
[FileReader] path=/mnt/glfs/GalaxSphere-1Tier0/checkpointing/llama3-8b/global_epoch1_step7/zero_pp_rank_0_mp_rank_0_model_states.pt  fadvise=dontneed
[FileReader] path=/mnt/glfs/GalaxSphere-1Tier0/checkpointing/llama3-8b/global_epoch1_step7/zero_pp_rank_0_mp_rank_0_model_states.pt  fadvise=dontneed

================================================================================
LOAD RESULTS
================================================================================
I/O:        0.1539s @ 12.15 GB/s
Total:      0.1546s
Chunks:     16
================================================================================
================================================================================
STREAMING CHECKPOINT LOAD - Byte-Range GETs
================================================================================
Input:       /mnt/glfs/GalaxSphere-1Tier0/checkpointing/llama3-8b/global_epoch1_step7/zero_pp_rank_7_mp_rank_0_optim_states.pt
Backend:     file
Total size:  11.22 GB
Chunk size:  32 MB  (peak RAM = one chunk)
================================================================================
Read chunks: 128 MB × 4 workers  (peak RAM ≤ 512 MB)
================================================================================
[FileReader] path=/mnt/glfs/GalaxSphere-1Tier0/checkpointing/llama3-8b/global_epoch1_step7/zero_pp_rank_7_mp_rank_0_optim_states.pt  fadvise=dontneed
[FileReader] path=/mnt/glfs/GalaxSphere-1Tier0/checkpointing/llama3-8b/global_epoch1_step7/zero_pp_rank_7_mp_rank_0_optim_states.pt  fadvise=dontneed
[FileReader] path=/mnt/glfs/GalaxSphere-1Tier0/checkpointing/llama3-8b/global_epoch1_step7/zero_pp_rank_7_mp_rank_0_optim_states.pt  fadvise=dontneed
[FileReader] path=/mnt/glfs/GalaxSphere-1Tier0/checkpointing/llama3-8b/global_epoch1_step7/zero_pp_rank_7_mp_rank_0_optim_states.pt  fadvise=dontneed

================================================================================
LOAD RESULTS
================================================================================
I/O:        0.1589s @ 11.77 GB/s
Total:      0.1598s
Chunks:     16
================================================================================
================================================================================
STREAMING CHECKPOINT LOAD - Byte-Range GETs
================================================================================
Input:       /mnt/glfs/GalaxSphere-1Tier0/checkpointing/llama3-8b/global_epoch1_step7/zero_pp_rank_3_mp_rank_0_optim_states.pt
Backend:     file
Total size:  11.22 GB
Chunk size:  32 MB  (peak RAM = one chunk)
================================================================================
Read chunks: 128 MB × 4 workers  (peak RAM ≤ 512 MB)
================================================================================
[FileReader] path=/mnt/glfs/GalaxSphere-1Tier0/checkpointing/llama3-8b/global_epoch1_step7/zero_pp_rank_3_mp_rank_0_optim_states.pt  fadvise=dontneed
[FileReader] path=/mnt/glfs/GalaxSphere-1Tier0/checkpointing/llama3-8b/global_epoch1_step7/zero_pp_rank_3_mp_rank_0_optim_states.pt  fadvise=dontneed
[FileReader] path=/mnt/glfs/GalaxSphere-1Tier0/checkpointing/llama3-8b/global_epoch1_step7/zero_pp_rank_3_mp_rank_0_optim_states.pt  fadvise=dontneed
[FileReader] path=/mnt/glfs/GalaxSphere-1Tier0/checkpointing/llama3-8b/global_epoch1_step7/zero_pp_rank_3_mp_rank_0_optim_states.pt  fadvise=dontneed

================================================================================
LOAD RESULTS
================================================================================
I/O:        0.1603s @ 11.66 GB/s
Total:      0.1616s
Chunks:     16
================================================================================
================================================================================
STREAMING CHECKPOINT LOAD - Byte-Range GETs
================================================================================
Input:       /mnt/glfs/GalaxSphere-1Tier0/checkpointing/llama3-8b/global_epoch1_step7/zero_pp_rank_6_mp_rank_0_optim_states.pt
Backend:     file
Total size:  11.22 GB
Chunk size:  32 MB  (peak RAM = one chunk)
================================================================================
Read chunks: 128 MB × 4 workers  (peak RAM ≤ 512 MB)
================================================================================
[FileReader] path=/mnt/glfs/GalaxSphere-1Tier0/checkpointing/llama3-8b/global_epoch1_step7/zero_pp_rank_6_mp_rank_0_optim_states.pt  fadvise=dontneed
[FileReader] path=/mnt/glfs/GalaxSphere-1Tier0/checkpointing/llama3-8b/global_epoch1_step7/zero_pp_rank_6_mp_rank_0_optim_states.pt  fadvise=dontneed
[FileReader] path=/mnt/glfs/GalaxSphere-1Tier0/checkpointing/llama3-8b/global_epoch1_step7/zero_pp_rank_6_mp_rank_0_optim_states.pt  fadvise=dontneed
[FileReader] path=/mnt/glfs/GalaxSphere-1Tier0/checkpointing/llama3-8b/global_epoch1_step7/zero_pp_rank_6_mp_rank_0_optim_states.pt  fadvise=dontneed

================================================================================
LOAD RESULTS
================================================================================
I/O:        0.1610s @ 11.61 GB/s
Total:      0.1619s
Chunks:     16
================================================================================
================================================================================
STREAMING CHECKPOINT LOAD - Byte-Range GETs
================================================================================
Input:       /mnt/glfs/GalaxSphere-1Tier0/checkpointing/llama3-8b/global_epoch1_step7/zero_pp_rank_1_mp_rank_0_optim_states.pt
Backend:     file
Total size:  11.22 GB
Chunk size:  32 MB  (peak RAM = one chunk)
================================================================================
Read chunks: 128 MB × 4 workers  (peak RAM ≤ 512 MB)
================================================================================

================================================================================
LOAD RESULTS
================================================================================
I/O:        0.1611s @ 11.61 GB/s
Total:      0.1620s
Chunks:     16
================================================================================
================================================================================
STREAMING CHECKPOINT LOAD - Byte-Range GETs
================================================================================
Input:       /mnt/glfs/GalaxSphere-1Tier0/checkpointing/llama3-8b/global_epoch1_step7/zero_pp_rank_4_mp_rank_0_optim_states.pt
Backend:     file
Total size:  11.22 GB
Chunk size:  32 MB  (peak RAM = one chunk)
================================================================================
Read chunks: 128 MB × 4 workers  (peak RAM ≤ 512 MB)
================================================================================
[FileReader] path=/mnt/glfs/GalaxSphere-1Tier0/checkpointing/llama3-8b/global_epoch1_step7/zero_pp_rank_1_mp_rank_0_optim_states.pt  fadvise=dontneed
[FileReader] path=/mnt/glfs/GalaxSphere-1Tier0/checkpointing/llama3-8b/global_epoch1_step7/zero_pp_rank_1_mp_rank_0_optim_states.pt  fadvise=dontneed
[FileReader] path=/mnt/glfs/GalaxSphere-1Tier0/checkpointing/llama3-8b/global_epoch1_step7/zero_pp_rank_1_mp_rank_0_optim_states.pt  fadvise=dontneed
[FileReader] path=/mnt/glfs/GalaxSphere-1Tier0/checkpointing/llama3-8b/global_epoch1_step7/zero_pp_rank_1_mp_rank_0_optim_states.pt  fadvise=dontneed
[FileReader] path=/mnt/glfs/GalaxSphere-1Tier0/checkpointing/llama3-8b/global_epoch1_step7/zero_pp_rank_4_mp_rank_0_optim_states.pt  fadvise=dontneed
[FileReader] path=/mnt/glfs/GalaxSphere-1Tier0/checkpointing/llama3-8b/global_epoch1_step7/zero_pp_rank_4_mp_rank_0_optim_states.pt  fadvise=dontneed
[FileReader] path=/mnt/glfs/GalaxSphere-1Tier0/checkpointing/llama3-8b/global_epoch1_step7/zero_pp_rank_4_mp_rank_0_optim_states.pt  fadvise=dontneed
[FileReader] path=/mnt/glfs/GalaxSphere-1Tier0/checkpointing/llama3-8b/global_epoch1_step7/zero_pp_rank_4_mp_rank_0_optim_states.pt  fadvise=dontneed

================================================================================
LOAD RESULTS
================================================================================
I/O:        0.1674s @ 11.17 GB/s
Total:      0.1686s
Chunks:     16
================================================================================
================================================================================
STREAMING CHECKPOINT LOAD - Byte-Range GETs
================================================================================
Input:       /mnt/glfs/GalaxSphere-1Tier0/checkpointing/llama3-8b/global_epoch1_step7/zero_pp_rank_5_mp_rank_0_optim_states.pt
Backend:     file
Total size:  11.22 GB
Chunk size:  32 MB  (peak RAM = one chunk)
================================================================================
Read chunks: 128 MB × 4 workers  (peak RAM ≤ 512 MB)
================================================================================
[FileReader] path=/mnt/glfs/GalaxSphere-1Tier0/checkpointing/llama3-8b/global_epoch1_step7/zero_pp_rank_5_mp_rank_0_optim_states.pt  fadvise=dontneed
[FileReader] path=/mnt/glfs/GalaxSphere-1Tier0/checkpointing/llama3-8b/global_epoch1_step7/zero_pp_rank_5_mp_rank_0_optim_states.pt  fadvise=dontneed
[FileReader] path=/mnt/glfs/GalaxSphere-1Tier0/checkpointing/llama3-8b/global_epoch1_step7/zero_pp_rank_5_mp_rank_0_optim_states.pt  fadvise=dontneed
[FileReader] path=/mnt/glfs/GalaxSphere-1Tier0/checkpointing/llama3-8b/global_epoch1_step7/zero_pp_rank_5_mp_rank_0_optim_states.pt  fadvise=dontneed

================================================================================
LOAD RESULTS
================================================================================
I/O:        0.1736s @ 10.77 GB/s
Total:      0.1748s
Chunks:     16
================================================================================
================================================================================
STREAMING CHECKPOINT LOAD - Byte-Range GETs
================================================================================
Input:       /mnt/glfs/GalaxSphere-1Tier0/checkpointing/llama3-8b/global_epoch1_step7/zero_pp_rank_0_mp_rank_0_optim_states.pt
Backend:     file
Total size:  11.22 GB
Chunk size:  32 MB  (peak RAM = one chunk)
================================================================================
Read chunks: 128 MB × 4 workers  (peak RAM ≤ 512 MB)
================================================================================
[FileReader] path=/mnt/glfs/GalaxSphere-1Tier0/checkpointing/llama3-8b/global_epoch1_step7/zero_pp_rank_0_mp_rank_0_optim_states.pt  fadvise=dontneed
[FileReader] path=/mnt/glfs/GalaxSphere-1Tier0/checkpointing/llama3-8b/global_epoch1_step7/zero_pp_rank_0_mp_rank_0_optim_states.pt  fadvise=dontneed
[FileReader] path=/mnt/glfs/GalaxSphere-1Tier0/checkpointing/llama3-8b/global_epoch1_step7/zero_pp_rank_0_mp_rank_0_optim_states.pt  fadvise=dontneed
[FileReader] path=/mnt/glfs/GalaxSphere-1Tier0/checkpointing/llama3-8b/global_epoch1_step7/zero_pp_rank_0_mp_rank_0_optim_states.pt  fadvise=dontneed

================================================================================
LOAD RESULTS
================================================================================
I/O:        0.1804s @ 10.37 GB/s
Total:      0.1818s
Chunks:     16
================================================================================
================================================================================
STREAMING CHECKPOINT LOAD - Byte-Range GETs
================================================================================
Input:       /mnt/glfs/GalaxSphere-1Tier0/checkpointing/llama3-8b/global_epoch1_step7/zero_pp_rank_2_mp_rank_0_optim_states.pt
Backend:     file
Total size:  11.22 GB
Chunk size:  32 MB  (peak RAM = one chunk)
================================================================================
Read chunks: 128 MB × 4 workers  (peak RAM ≤ 512 MB)
================================================================================
[FileReader] path=/mnt/glfs/GalaxSphere-1Tier0/checkpointing/llama3-8b/global_epoch1_step7/zero_pp_rank_2_mp_rank_0_optim_states.pt  fadvise=dontneed
[FileReader] path=/mnt/glfs/GalaxSphere-1Tier0/checkpointing/llama3-8b/global_epoch1_step7/zero_pp_rank_2_mp_rank_0_optim_states.pt  fadvise=dontneed
[FileReader] path=/mnt/glfs/GalaxSphere-1Tier0/checkpointing/llama3-8b/global_epoch1_step7/zero_pp_rank_2_mp_rank_0_optim_states.pt  fadvise=dontneed
[FileReader] path=/mnt/glfs/GalaxSphere-1Tier0/checkpointing/llama3-8b/global_epoch1_step7/zero_pp_rank_2_mp_rank_0_optim_states.pt  fadvise=dontneed
[Load w0] 2.00 GB  4.65 GB/s
[Load w0] 2.00 GB  3.74 GB/s
[Load w1] 2.00 GB  3.68 GB/s
[Load w3] 2.00 GB  3.57 GB/s
[Load w0] 2.00 GB  3.49 GB/s
[Load w2] 2.00 GB  3.50 GB/s
[Load w0] 2.00 GB  3.39 GB/s
[Load w0] 2.00 GB  3.40 GB/s
[Load w0] 2.00 GB  3.41 GB/s
[Load w1] 2.00 GB  3.38 GB/s
[Load w3] 2.00 GB  3.25 GB/s
[Load w0] 2.00 GB  3.04 GB/s
[Load w3] 2.00 GB  3.06 GB/s
[Load w2] 2.00 GB  3.05 GB/s
[Load w1] 2.00 GB  3.05 GB/s
[Load w3] 2.00 GB  3.01 GB/s
[Load w1] 2.00 GB  2.99 GB/s
[Load w2] 2.00 GB  2.96 GB/s
[Load w0] 2.00 GB  3.02 GB/s
[Load w3] 2.00 GB  3.00 GB/s
[Load w1] 2.00 GB  2.77 GB/s
[Load w3] 2.00 GB  2.77 GB/s
[Load w2] 2.00 GB  2.74 GB/s
[Load w3] 2.00 GB  2.75 GB/s
[Load w1] 2.00 GB  2.71 GB/s
[Load w1] 2.00 GB  2.64 GB/s
[Load w2] 2.00 GB  2.69 GB/s
[Load w2] 2.00 GB  2.61 GB/s
[Load w3] 2.00 GB  2.51 GB/s
[Load w2] 2.00 GB  2.46 GB/s
[Load w2] 2.00 GB  2.44 GB/s
[Load w1] 2.00 GB  2.40 GB/s

================================================================================
LOAD RESULTS
================================================================================
I/O:        0.8751s @ 12.82 GB/s
Total:      0.8762s
Chunks:     92
================================================================================

================================================================================
LOAD RESULTS
================================================================================
I/O:        0.9087s @ 12.35 GB/s
Total:      0.9103s
Chunks:     92
================================================================================

================================================================================
LOAD RESULTS
================================================================================
I/O:        0.9176s @ 12.23 GB/s
Total:      0.9189s
Chunks:     92
================================================================================

================================================================================
LOAD RESULTS
================================================================================
I/O:        0.9144s @ 12.27 GB/s
Total:      0.9160s
Chunks:     92
================================================================================

================================================================================
LOAD RESULTS
================================================================================
I/O:        0.9378s @ 11.96 GB/s
Total:      0.9391s
Chunks:     92
================================================================================

================================================================================
LOAD RESULTS
================================================================================
I/O:        0.9378s @ 11.96 GB/s
Total:      0.9390s
Chunks:     92
================================================================================

================================================================================
LOAD RESULTS
================================================================================
I/O:        0.9765s @ 11.49 GB/s
Total:      0.9778s
Chunks:     92
================================================================================

================================================================================
LOAD RESULTS
================================================================================
I/O:        0.9784s @ 11.47 GB/s
Total:      0.9794s
Chunks:     92
================================================================================
================================================================================
STREAMING CHECKPOINT LOAD - Byte-Range GETs
================================================================================
Input:       /mnt/glfs/GalaxSphere-1Tier0/checkpointing/llama3-8b/global_epoch1_step8/zero_pp_rank_6_mp_rank_0_model_states.pt
Backend:     file
Total size:  1.87 GB
Chunk size:  32 MB  (peak RAM = one chunk)
================================================================================
Read chunks: 128 MB × 4 workers  (peak RAM ≤ 512 MB)
================================================================================
================================================================================
STREAMING CHECKPOINT LOAD - Byte-Range GETs
================================================================================
Input:       /mnt/glfs/GalaxSphere-1Tier0/checkpointing/llama3-8b/global_epoch1_step8/zero_pp_rank_4_mp_rank_0_model_states.pt
Backend:     file
Total size:  1.87 GB
Chunk size:  32 MB  (peak RAM = one chunk)
================================================================================
Read chunks: 128 MB × 4 workers  (peak RAM ≤ 512 MB)
================================================================================
================================================================================
STREAMING CHECKPOINT LOAD - Byte-Range GETs
================================================================================
Input:       /mnt/glfs/GalaxSphere-1Tier0/checkpointing/llama3-8b/global_epoch1_step8/zero_pp_rank_7_mp_rank_0_model_states.pt
Backend:     file
Total size:  1.87 GB
Chunk size:  32 MB  (peak RAM = one chunk)
================================================================================
Read chunks: 128 MB × 4 workers  (peak RAM ≤ 512 MB)
================================================================================
================================================================================
STREAMING CHECKPOINT LOAD - Byte-Range GETs
================================================================================
Input:       /mnt/glfs/GalaxSphere-1Tier0/checkpointing/llama3-8b/global_epoch1_step8/zero_pp_rank_3_mp_rank_0_model_states.pt
Backend:     file
Total size:  1.87 GB
Chunk size:  32 MB  (peak RAM = one chunk)
================================================================================
Read chunks: 128 MB × 4 workers  (peak RAM ≤ 512 MB)
================================================================================
[FileReader] path=/mnt/glfs/GalaxSphere-1Tier0/checkpointing/llama3-8b/global_epoch1_step8/zero_pp_rank_6_mp_rank_0_model_states.pt  fadvise=dontneed
[FileReader] path=/mnt/glfs/GalaxSphere-1Tier0/checkpointing/llama3-8b/global_epoch1_step8/zero_pp_rank_6_mp_rank_0_model_states.pt  fadvise=dontneed
[FileReader] path=/mnt/glfs/GalaxSphere-1Tier0/checkpointing/llama3-8b/global_epoch1_step8/zero_pp_rank_6_mp_rank_0_model_states.pt  fadvise=dontneed
[FileReader] path=/mnt/glfs/GalaxSphere-1Tier0/checkpointing/llama3-8b/global_epoch1_step8/zero_pp_rank_4_mp_rank_0_model_states.pt  fadvise=dontneed
[FileReader] path=/mnt/glfs/GalaxSphere-1Tier0/checkpointing/llama3-8b/global_epoch1_step8/zero_pp_rank_4_mp_rank_0_model_states.pt  fadvise=dontneed
[FileReader] path=/mnt/glfs/GalaxSphere-1Tier0/checkpointing/llama3-8b/global_epoch1_step8/zero_pp_rank_6_mp_rank_0_model_states.pt  fadvise=dontneed
[FileReader] path=/mnt/glfs/GalaxSphere-1Tier0/checkpointing/llama3-8b/global_epoch1_step8/zero_pp_rank_7_mp_rank_0_model_states.pt  fadvise=dontneed
[FileReader] path=/mnt/glfs/GalaxSphere-1Tier0/checkpointing/llama3-8b/global_epoch1_step8/zero_pp_rank_7_mp_rank_0_model_states.pt  fadvise=dontneed
[FileReader] path=/mnt/glfs/GalaxSphere-1Tier0/checkpointing/llama3-8b/global_epoch1_step8/zero_pp_rank_7_mp_rank_0_model_states.pt  fadvise=dontneed
[FileReader] path=/mnt/glfs/GalaxSphere-1Tier0/checkpointing/llama3-8b/global_epoch1_step8/zero_pp_rank_4_mp_rank_0_model_states.pt  fadvise=dontneed
[FileReader] path=/mnt/glfs/GalaxSphere-1Tier0/checkpointing/llama3-8b/global_epoch1_step8/zero_pp_rank_4_mp_rank_0_model_states.pt  fadvise=dontneed
[FileReader] path=/mnt/glfs/GalaxSphere-1Tier0/checkpointing/llama3-8b/global_epoch1_step8/zero_pp_rank_7_mp_rank_0_model_states.pt  fadvise=dontneed
================================================================================
STREAMING CHECKPOINT LOAD - Byte-Range GETs
================================================================================
Input:       /mnt/glfs/GalaxSphere-1Tier0/checkpointing/llama3-8b/global_epoch1_step8/zero_pp_rank_5_mp_rank_0_model_states.pt
Backend:     file
Total size:  1.87 GB
Chunk size:  32 MB  (peak RAM = one chunk)
================================================================================
Read chunks: 128 MB × 4 workers  (peak RAM ≤ 512 MB)
================================================================================
[FileReader] path=/mnt/glfs/GalaxSphere-1Tier0/checkpointing/llama3-8b/global_epoch1_step8/zero_pp_rank_3_mp_rank_0_model_states.pt  fadvise=dontneed
[FileReader] path=/mnt/glfs/GalaxSphere-1Tier0/checkpointing/llama3-8b/global_epoch1_step8/zero_pp_rank_3_mp_rank_0_model_states.pt  fadvise=dontneed
[FileReader] path=/mnt/glfs/GalaxSphere-1Tier0/checkpointing/llama3-8b/global_epoch1_step8/zero_pp_rank_3_mp_rank_0_model_states.pt  fadvise=dontneed
[FileReader] path=/mnt/glfs/GalaxSphere-1Tier0/checkpointing/llama3-8b/global_epoch1_step8/zero_pp_rank_3_mp_rank_0_model_states.pt  fadvise=dontneed
================================================================================
STREAMING CHECKPOINT LOAD - Byte-Range GETs
================================================================================
Input:       /mnt/glfs/GalaxSphere-1Tier0/checkpointing/llama3-8b/global_epoch1_step8/zero_pp_rank_2_mp_rank_0_model_states.pt
Backend:     file
Total size:  1.87 GB
Chunk size:  32 MB  (peak RAM = one chunk)
================================================================================
Read chunks: 128 MB × 4 workers  (peak RAM ≤ 512 MB)
================================================================================
[FileReader] path=/mnt/glfs/GalaxSphere-1Tier0/checkpointing/llama3-8b/global_epoch1_step8/zero_pp_rank_5_mp_rank_0_model_states.pt  fadvise=dontneed
[FileReader] path=/mnt/glfs/GalaxSphere-1Tier0/checkpointing/llama3-8b/global_epoch1_step8/zero_pp_rank_5_mp_rank_0_model_states.pt  fadvise=dontneed
[FileReader] path=/mnt/glfs/GalaxSphere-1Tier0/checkpointing/llama3-8b/global_epoch1_step8/zero_pp_rank_5_mp_rank_0_model_states.pt  fadvise=dontneed
[FileReader] path=/mnt/glfs/GalaxSphere-1Tier0/checkpointing/llama3-8b/global_epoch1_step8/zero_pp_rank_5_mp_rank_0_model_states.pt  fadvise=dontneed
================================================================================
STREAMING CHECKPOINT LOAD - Byte-Range GETs
================================================================================
Input:       /mnt/glfs/GalaxSphere-1Tier0/checkpointing/llama3-8b/global_epoch1_step8/zero_pp_rank_1_mp_rank_0_model_states.pt
Backend:     file
Total size:  1.87 GB
Chunk size:  32 MB  (peak RAM = one chunk)
================================================================================
Read chunks: 128 MB × 4 workers  (peak RAM ≤ 512 MB)
================================================================================
================================================================================
STREAMING CHECKPOINT LOAD - Byte-Range GETs
================================================================================
Input:       /mnt/glfs/GalaxSphere-1Tier0/checkpointing/llama3-8b/global_epoch1_step8/zero_pp_rank_0_mp_rank_0_model_states.pt
Backend:     file
Total size:  1.87 GB
Chunk size:  32 MB  (peak RAM = one chunk)
================================================================================
Read chunks: 128 MB × 4 workers  (peak RAM ≤ 512 MB)
================================================================================
[FileReader] path=/mnt/glfs/GalaxSphere-1Tier0/checkpointing/llama3-8b/global_epoch1_step8/zero_pp_rank_2_mp_rank_0_model_states.pt  fadvise=dontneed
[FileReader] path=/mnt/glfs/GalaxSphere-1Tier0/checkpointing/llama3-8b/global_epoch1_step8/zero_pp_rank_2_mp_rank_0_model_states.pt  fadvise=dontneed
[FileReader] path=/mnt/glfs/GalaxSphere-1Tier0/checkpointing/llama3-8b/global_epoch1_step8/zero_pp_rank_2_mp_rank_0_model_states.pt  fadvise=dontneed
[FileReader] path=/mnt/glfs/GalaxSphere-1Tier0/checkpointing/llama3-8b/global_epoch1_step8/zero_pp_rank_2_mp_rank_0_model_states.pt  fadvise=dontneed
[FileReader] path=/mnt/glfs/GalaxSphere-1Tier0/checkpointing/llama3-8b/global_epoch1_step8/zero_pp_rank_0_mp_rank_0_model_states.pt  fadvise=dontneed
[FileReader] path=/mnt/glfs/GalaxSphere-1Tier0/checkpointing/llama3-8b/global_epoch1_step8/zero_pp_rank_0_mp_rank_0_model_states.pt  fadvise=dontneed
[FileReader] path=/mnt/glfs/GalaxSphere-1Tier0/checkpointing/llama3-8b/global_epoch1_step8/zero_pp_rank_0_mp_rank_0_model_states.pt  fadvise=dontneed
[FileReader] path=/mnt/glfs/GalaxSphere-1Tier0/checkpointing/llama3-8b/global_epoch1_step8/zero_pp_rank_0_mp_rank_0_model_states.pt  fadvise=dontneed
[FileReader] path=/mnt/glfs/GalaxSphere-1Tier0/checkpointing/llama3-8b/global_epoch1_step8/zero_pp_rank_1_mp_rank_0_model_states.pt  fadvise=dontneed
[FileReader] path=/mnt/glfs/GalaxSphere-1Tier0/checkpointing/llama3-8b/global_epoch1_step8/zero_pp_rank_1_mp_rank_0_model_states.pt  fadvise=dontneed
[FileReader] path=/mnt/glfs/GalaxSphere-1Tier0/checkpointing/llama3-8b/global_epoch1_step8/zero_pp_rank_1_mp_rank_0_model_states.pt  fadvise=dontneed
[FileReader] path=/mnt/glfs/GalaxSphere-1Tier0/checkpointing/llama3-8b/global_epoch1_step8/zero_pp_rank_1_mp_rank_0_model_states.pt  fadvise=dontneed

================================================================================
LOAD RESULTS
================================================================================
I/O:        0.1532s @ 12.20 GB/s
Total:      0.1541s
Chunks:     16
================================================================================
================================================================================
STREAMING CHECKPOINT LOAD - Byte-Range GETs
================================================================================
Input:       /mnt/glfs/GalaxSphere-1Tier0/checkpointing/llama3-8b/global_epoch1_step8/zero_pp_rank_0_mp_rank_0_optim_states.pt
Backend:     file
Total size:  11.22 GB
Chunk size:  32 MB  (peak RAM = one chunk)
================================================================================
Read chunks: 128 MB × 4 workers  (peak RAM ≤ 512 MB)
================================================================================

================================================================================
LOAD RESULTS
================================================================================
I/O:        0.1539s @ 12.15 GB/s
Total:      0.1548s
Chunks:     16
================================================================================
================================================================================
STREAMING CHECKPOINT LOAD - Byte-Range GETs
================================================================================
Input:       /mnt/glfs/GalaxSphere-1Tier0/checkpointing/llama3-8b/global_epoch1_step8/zero_pp_rank_6_mp_rank_0_optim_states.pt
Backend:     file
Total size:  11.22 GB
Chunk size:  32 MB  (peak RAM = one chunk)
================================================================================
Read chunks: 128 MB × 4 workers  (peak RAM ≤ 512 MB)
================================================================================
[FileReader] path=/mnt/glfs/GalaxSphere-1Tier0/checkpointing/llama3-8b/global_epoch1_step8/zero_pp_rank_0_mp_rank_0_optim_states.pt  fadvise=dontneed
[FileReader] path=/mnt/glfs/GalaxSphere-1Tier0/checkpointing/llama3-8b/global_epoch1_step8/zero_pp_rank_0_mp_rank_0_optim_states.pt  fadvise=dontneed
[FileReader] path=/mnt/glfs/GalaxSphere-1Tier0/checkpointing/llama3-8b/global_epoch1_step8/zero_pp_rank_0_mp_rank_0_optim_states.pt  fadvise=dontneed
[FileReader] path=/mnt/glfs/GalaxSphere-1Tier0/checkpointing/llama3-8b/global_epoch1_step8/zero_pp_rank_0_mp_rank_0_optim_states.pt  fadvise=dontneed

================================================================================
LOAD RESULTS
================================================================================
I/O:        0.1535s @ 12.18 GB/s
Total:      0.1546s
Chunks:     16
================================================================================
[FileReader] path=/mnt/glfs/GalaxSphere-1Tier0/checkpointing/llama3-8b/global_epoch1_step8/zero_pp_rank_6_mp_rank_0_optim_states.pt  fadvise=dontneed
[FileReader] path=/mnt/glfs/GalaxSphere-1Tier0/checkpointing/llama3-8b/global_epoch1_step8/zero_pp_rank_6_mp_rank_0_optim_states.pt  fadvise=dontneed
[FileReader] path=/mnt/glfs/GalaxSphere-1Tier0/checkpointing/llama3-8b/global_epoch1_step8/zero_pp_rank_6_mp_rank_0_optim_states.pt  fadvise=dontneed
[FileReader] path=/mnt/glfs/GalaxSphere-1Tier0/checkpointing/llama3-8b/global_epoch1_step8/zero_pp_rank_6_mp_rank_0_optim_states.pt  fadvise=dontneed
================================================================================
STREAMING CHECKPOINT LOAD - Byte-Range GETs
================================================================================
Input:       /mnt/glfs/GalaxSphere-1Tier0/checkpointing/llama3-8b/global_epoch1_step8/zero_pp_rank_2_mp_rank_0_optim_states.pt
Backend:     file
Total size:  11.22 GB
Chunk size:  32 MB  (peak RAM = one chunk)
================================================================================
Read chunks: 128 MB × 4 workers  (peak RAM ≤ 512 MB)
================================================================================
[FileReader] path=/mnt/glfs/GalaxSphere-1Tier0/checkpointing/llama3-8b/global_epoch1_step8/zero_pp_rank_2_mp_rank_0_optim_states.pt  fadvise=dontneed
[FileReader] path=/mnt/glfs/GalaxSphere-1Tier0/checkpointing/llama3-8b/global_epoch1_step8/zero_pp_rank_2_mp_rank_0_optim_states.pt  fadvise=dontneed
[FileReader] path=/mnt/glfs/GalaxSphere-1Tier0/checkpointing/llama3-8b/global_epoch1_step8/zero_pp_rank_2_mp_rank_0_optim_states.pt  fadvise=dontneed
[FileReader] path=/mnt/glfs/GalaxSphere-1Tier0/checkpointing/llama3-8b/global_epoch1_step8/zero_pp_rank_2_mp_rank_0_optim_states.pt  fadvise=dontneed

================================================================================
LOAD RESULTS
================================================================================
I/O:        0.1552s @ 12.05 GB/s
Total:      0.1564s
Chunks:     16
================================================================================
================================================================================
STREAMING CHECKPOINT LOAD - Byte-Range GETs
================================================================================
Input:       /mnt/glfs/GalaxSphere-1Tier0/checkpointing/llama3-8b/global_epoch1_step8/zero_pp_rank_3_mp_rank_0_optim_states.pt
Backend:     file
Total size:  11.22 GB
Chunk size:  32 MB  (peak RAM = one chunk)
================================================================================
Read chunks: 128 MB × 4 workers  (peak RAM ≤ 512 MB)
================================================================================
[FileReader] path=/mnt/glfs/GalaxSphere-1Tier0/checkpointing/llama3-8b/global_epoch1_step8/zero_pp_rank_3_mp_rank_0_optim_states.pt  fadvise=dontneed
[FileReader] path=/mnt/glfs/GalaxSphere-1Tier0/checkpointing/llama3-8b/global_epoch1_step8/zero_pp_rank_3_mp_rank_0_optim_states.pt  fadvise=dontneed
[FileReader] path=/mnt/glfs/GalaxSphere-1Tier0/checkpointing/llama3-8b/global_epoch1_step8/zero_pp_rank_3_mp_rank_0_optim_states.pt  fadvise=dontneed
[FileReader] path=/mnt/glfs/GalaxSphere-1Tier0/checkpointing/llama3-8b/global_epoch1_step8/zero_pp_rank_3_mp_rank_0_optim_states.pt  fadvise=dontneed

================================================================================
LOAD RESULTS
================================================================================
I/O:        0.1579s @ 11.84 GB/s
Total:      0.1591s
Chunks:     16
================================================================================
================================================================================
STREAMING CHECKPOINT LOAD - Byte-Range GETs
================================================================================
Input:       /mnt/glfs/GalaxSphere-1Tier0/checkpointing/llama3-8b/global_epoch1_step8/zero_pp_rank_1_mp_rank_0_optim_states.pt
Backend:     file
Total size:  11.22 GB
Chunk size:  32 MB  (peak RAM = one chunk)
================================================================================
Read chunks: 128 MB × 4 workers  (peak RAM ≤ 512 MB)
================================================================================
[FileReader] path=/mnt/glfs/GalaxSphere-1Tier0/checkpointing/llama3-8b/global_epoch1_step8/zero_pp_rank_1_mp_rank_0_optim_states.pt  fadvise=dontneed
[FileReader] path=/mnt/glfs/GalaxSphere-1Tier0/checkpointing/llama3-8b/global_epoch1_step8/zero_pp_rank_1_mp_rank_0_optim_states.pt  fadvise=dontneed
[FileReader] path=/mnt/glfs/GalaxSphere-1Tier0/checkpointing/llama3-8b/global_epoch1_step8/zero_pp_rank_1_mp_rank_0_optim_states.pt  fadvise=dontneed
[FileReader] path=/mnt/glfs/GalaxSphere-1Tier0/checkpointing/llama3-8b/global_epoch1_step8/zero_pp_rank_1_mp_rank_0_optim_states.pt  fadvise=dontneed

================================================================================
LOAD RESULTS
================================================================================
I/O:        0.1598s @ 11.70 GB/s
Total:      0.1608s
Chunks:     16
================================================================================
================================================================================
STREAMING CHECKPOINT LOAD - Byte-Range GETs
================================================================================
Input:       /mnt/glfs/GalaxSphere-1Tier0/checkpointing/llama3-8b/global_epoch1_step8/zero_pp_rank_4_mp_rank_0_optim_states.pt
Backend:     file
Total size:  11.22 GB
Chunk size:  32 MB  (peak RAM = one chunk)
================================================================================
Read chunks: 128 MB × 4 workers  (peak RAM ≤ 512 MB)
================================================================================
[FileReader] path=/mnt/glfs/GalaxSphere-1Tier0/checkpointing/llama3-8b/global_epoch1_step8/zero_pp_rank_4_mp_rank_0_optim_states.pt  fadvise=dontneed
[FileReader] path=/mnt/glfs/GalaxSphere-1Tier0/checkpointing/llama3-8b/global_epoch1_step8/zero_pp_rank_4_mp_rank_0_optim_states.pt  fadvise=dontneed
[FileReader] path=/mnt/glfs/GalaxSphere-1Tier0/checkpointing/llama3-8b/global_epoch1_step8/zero_pp_rank_4_mp_rank_0_optim_states.pt  fadvise=dontneed
[FileReader] path=/mnt/glfs/GalaxSphere-1Tier0/checkpointing/llama3-8b/global_epoch1_step8/zero_pp_rank_4_mp_rank_0_optim_states.pt  fadvise=dontneed

================================================================================
LOAD RESULTS
================================================================================
I/O:        0.1602s @ 11.67 GB/s
Total:      0.1614s
Chunks:     16
================================================================================
================================================================================
STREAMING CHECKPOINT LOAD - Byte-Range GETs
================================================================================
Input:       /mnt/glfs/GalaxSphere-1Tier0/checkpointing/llama3-8b/global_epoch1_step8/zero_pp_rank_5_mp_rank_0_optim_states.pt
Backend:     file
Total size:  11.22 GB
Chunk size:  32 MB  (peak RAM = one chunk)
================================================================================
Read chunks: 128 MB × 4 workers  (peak RAM ≤ 512 MB)
================================================================================
[FileReader] path=/mnt/glfs/GalaxSphere-1Tier0/checkpointing/llama3-8b/global_epoch1_step8/zero_pp_rank_5_mp_rank_0_optim_states.pt  fadvise=dontneed
[FileReader] path=/mnt/glfs/GalaxSphere-1Tier0/checkpointing/llama3-8b/global_epoch1_step8/zero_pp_rank_5_mp_rank_0_optim_states.pt  fadvise=dontneed
[FileReader] path=/mnt/glfs/GalaxSphere-1Tier0/checkpointing/llama3-8b/global_epoch1_step8/zero_pp_rank_5_mp_rank_0_optim_states.pt  fadvise=dontneed
[FileReader] path=/mnt/glfs/GalaxSphere-1Tier0/checkpointing/llama3-8b/global_epoch1_step8/zero_pp_rank_5_mp_rank_0_optim_states.pt  fadvise=dontneed

================================================================================
LOAD RESULTS
================================================================================
I/O:        0.1638s @ 11.42 GB/s
Total:      0.1646s
Chunks:     16
================================================================================
================================================================================
STREAMING CHECKPOINT LOAD - Byte-Range GETs
================================================================================
Input:       /mnt/glfs/GalaxSphere-1Tier0/checkpointing/llama3-8b/global_epoch1_step8/zero_pp_rank_7_mp_rank_0_optim_states.pt
Backend:     file
Total size:  11.22 GB
Chunk size:  32 MB  (peak RAM = one chunk)
================================================================================
Read chunks: 128 MB × 4 workers  (peak RAM ≤ 512 MB)
================================================================================
[FileReader] path=/mnt/glfs/GalaxSphere-1Tier0/checkpointing/llama3-8b/global_epoch1_step8/zero_pp_rank_7_mp_rank_0_optim_states.pt  fadvise=dontneed
[FileReader] path=/mnt/glfs/GalaxSphere-1Tier0/checkpointing/llama3-8b/global_epoch1_step8/zero_pp_rank_7_mp_rank_0_optim_states.pt  fadvise=dontneed
[FileReader] path=/mnt/glfs/GalaxSphere-1Tier0/checkpointing/llama3-8b/global_epoch1_step8/zero_pp_rank_7_mp_rank_0_optim_states.pt  fadvise=dontneed
[FileReader] path=/mnt/glfs/GalaxSphere-1Tier0/checkpointing/llama3-8b/global_epoch1_step8/zero_pp_rank_7_mp_rank_0_optim_states.pt  fadvise=dontneed
[Load w0] 2.00 GB  4.59 GB/s
[Load w0] 2.00 GB  4.15 GB/s
[Load w0] 2.00 GB  3.99 GB/s
[Load w0] 2.00 GB  3.83 GB/s
[Load w0] 2.00 GB  3.59 GB/s
[Load w3] 2.00 GB  3.50 GB/s
[Load w0] 2.00 GB  3.43 GB/s
[Load w1] 2.00 GB  3.32 GB/s
[Load w2] 2.00 GB  3.31 GB/s
[Load w0] 2.00 GB  3.31 GB/s
[Load w0] 2.00 GB  3.30 GB/s
[Load w2] 2.00 GB  3.22 GB/s
[Load w2] 2.00 GB  3.18 GB/s
[Load w1] 2.00 GB  3.11 GB/s
[Load w3] 2.00 GB  3.09 GB/s
[Load w3] 2.00 GB  3.09 GB/s
[Load w3] 2.00 GB  3.10 GB/s
[Load w3] 2.00 GB  3.06 GB/s
[Load w1] 2.00 GB  3.07 GB/s
[Load w2] 2.00 GB  2.97 GB/s
[Load w1] 2.00 GB  2.90 GB/s
[Load w2] 2.00 GB  2.84 GB/s
[Load w2] 2.00 GB  2.77 GB/s
[Load w1] 2.00 GB  2.69 GB/s
[Load w1] 2.00 GB  2.64 GB/s
[Load w3] 2.00 GB  2.59 GB/s
[Load w2] 2.00 GB  2.56 GB/s
[Load w3] 2.00 GB  2.57 GB/s
[Load w2] 2.00 GB  2.50 GB/s
[Load w1] 2.00 GB  2.48 GB/s
[Load w3] 2.00 GB  2.50 GB/s
[Load w1] 2.00 GB  2.40 GB/s

================================================================================
LOAD RESULTS
================================================================================
I/O:        0.8631s @ 13.00 GB/s
Total:      0.8642s
Chunks:     92
================================================================================

================================================================================
LOAD RESULTS
================================================================================
I/O:        0.9072s @ 12.37 GB/s
Total:      0.9087s
Chunks:     92
================================================================================

================================================================================
LOAD RESULTS
================================================================================
I/O:        0.9233s @ 12.15 GB/s
Total:      0.9245s
Chunks:     92
================================================================================

================================================================================
LOAD RESULTS
================================================================================
I/O:        0.9296s @ 12.07 GB/s
Total:      0.9309s
Chunks:     92
================================================================================

================================================================================
LOAD RESULTS
================================================================================
I/O:        0.9580s @ 11.71 GB/s
Total:      0.9590s
Chunks:     92
================================================================================

================================================================================
LOAD RESULTS
================================================================================
I/O:        0.9576s @ 11.71 GB/s
Total:      0.9589s
Chunks:     92
================================================================================

================================================================================
LOAD RESULTS
================================================================================
I/O:        0.9704s @ 11.56 GB/s
Total:      0.9713s
Chunks:     92
================================================================================

================================================================================
LOAD RESULTS
================================================================================
I/O:        0.9767s @ 11.49 GB/s
Total:      0.9778s
Chunks:     92
================================================================================
================================================================================
STREAMING CHECKPOINT LOAD - Byte-Range GETs
================================================================================
Input:       /mnt/glfs/GalaxSphere-1Tier0/checkpointing/llama3-8b/global_epoch1_step9/zero_pp_rank_4_mp_rank_0_model_states.pt
Backend:     file
Total size:  1.87 GB
Chunk size:  32 MB  (peak RAM = one chunk)
================================================================================
================================================================================
STREAMING CHECKPOINT LOAD - Byte-Range GETs
================================================================================
Input:       /mnt/glfs/GalaxSphere-1Tier0/checkpointing/llama3-8b/global_epoch1_step9/zero_pp_rank_1_mp_rank_0_model_states.pt
Backend:     file
Total size:  1.87 GB
Chunk size:  32 MB  (peak RAM = one chunk)
================================================================================
Read chunks: 128 MB × 4 workers  (peak RAM ≤ 512 MB)
================================================================================
Read chunks: 128 MB × 4 workers  (peak RAM ≤ 512 MB)
================================================================================
================================================================================
STREAMING CHECKPOINT LOAD - Byte-Range GETs
================================================================================
Input:       /mnt/glfs/GalaxSphere-1Tier0/checkpointing/llama3-8b/global_epoch1_step9/zero_pp_rank_7_mp_rank_0_model_states.pt
Backend:     file
Total size:  1.87 GB
Chunk size:  32 MB  (peak RAM = one chunk)
================================================================================
Read chunks: 128 MB × 4 workers  (peak RAM ≤ 512 MB)
================================================================================
================================================================================
STREAMING CHECKPOINT LOAD - Byte-Range GETs
================================================================================
Input:       /mnt/glfs/GalaxSphere-1Tier0/checkpointing/llama3-8b/global_epoch1_step9/zero_pp_rank_3_mp_rank_0_model_states.pt
Backend:     file
Total size:  1.87 GB
Chunk size:  32 MB  (peak RAM = one chunk)
================================================================================
Read chunks: 128 MB × 4 workers  (peak RAM ≤ 512 MB)
================================================================================
[FileReader] path=/mnt/glfs/GalaxSphere-1Tier0/checkpointing/llama3-8b/global_epoch1_step9/zero_pp_rank_4_mp_rank_0_model_states.pt  fadvise=dontneed
[FileReader] path=/mnt/glfs/GalaxSphere-1Tier0/checkpointing/llama3-8b/global_epoch1_step9/zero_pp_rank_4_mp_rank_0_model_states.pt  fadvise=dontneed
[FileReader] path=/mnt/glfs/GalaxSphere-1Tier0/checkpointing/llama3-8b/global_epoch1_step9/zero_pp_rank_4_mp_rank_0_model_states.pt  fadvise=dontneed
[FileReader] path=/mnt/glfs/GalaxSphere-1Tier0/checkpointing/llama3-8b/global_epoch1_step9/zero_pp_rank_4_mp_rank_0_model_states.pt  fadvise=dontneed
[FileReader] path=/mnt/glfs/GalaxSphere-1Tier0/checkpointing/llama3-8b/global_epoch1_step9/zero_pp_rank_1_mp_rank_0_model_states.pt  fadvise=dontneed
[FileReader] path=/mnt/glfs/GalaxSphere-1Tier0/checkpointing/llama3-8b/global_epoch1_step9/zero_pp_rank_1_mp_rank_0_model_states.pt  fadvise=dontneed
[FileReader] path=/mnt/glfs/GalaxSphere-1Tier0/checkpointing/llama3-8b/global_epoch1_step9/zero_pp_rank_1_mp_rank_0_model_states.pt  fadvise=dontneed
[FileReader] path=/mnt/glfs/GalaxSphere-1Tier0/checkpointing/llama3-8b/global_epoch1_step9/zero_pp_rank_1_mp_rank_0_model_states.pt  fadvise=dontneed
================================================================================
STREAMING CHECKPOINT LOAD - Byte-Range GETs
================================================================================
Input:       /mnt/glfs/GalaxSphere-1Tier0/checkpointing/llama3-8b/global_epoch1_step9/zero_pp_rank_2_mp_rank_0_model_states.pt
Backend:     file
[FileReader] path=/mnt/glfs/GalaxSphere-1Tier0/checkpointing/llama3-8b/global_epoch1_step9/zero_pp_rank_7_mp_rank_0_model_states.pt  fadvise=dontneed
[FileReader] path=/mnt/glfs/GalaxSphere-1Tier0/checkpointing/llama3-8b/global_epoch1_step9/zero_pp_rank_7_mp_rank_0_model_states.pt  fadvise=dontneed
[FileReader] path=/mnt/glfs/GalaxSphere-1Tier0/checkpointing/llama3-8b/global_epoch1_step9/zero_pp_rank_7_mp_rank_0_model_states.pt  fadvise=dontneed
[FileReader] path=/mnt/glfs/GalaxSphere-1Tier0/checkpointing/llama3-8b/global_epoch1_step9/zero_pp_rank_7_mp_rank_0_model_states.pt  fadvise=dontneed
Total size:  1.87 GB
Chunk size:  32 MB  (peak RAM = one chunk)
================================================================================
Read chunks: 128 MB × 4 workers  (peak RAM ≤ 512 MB)
================================================================================
[FileReader] path=/mnt/glfs/GalaxSphere-1Tier0/checkpointing/llama3-8b/global_epoch1_step9/zero_pp_rank_3_mp_rank_0_model_states.pt  fadvise=dontneed
[FileReader] path=/mnt/glfs/GalaxSphere-1Tier0/checkpointing/llama3-8b/global_epoch1_step9/zero_pp_rank_3_mp_rank_0_model_states.pt  fadvise=dontneed
[FileReader] path=/mnt/glfs/GalaxSphere-1Tier0/checkpointing/llama3-8b/global_epoch1_step9/zero_pp_rank_3_mp_rank_0_model_states.pt  fadvise=dontneed
[FileReader] path=/mnt/glfs/GalaxSphere-1Tier0/checkpointing/llama3-8b/global_epoch1_step9/zero_pp_rank_3_mp_rank_0_model_states.pt  fadvise=dontneed
================================================================================
STREAMING CHECKPOINT LOAD - Byte-Range GETs
================================================================================
Input:       /mnt/glfs/GalaxSphere-1Tier0/checkpointing/llama3-8b/global_epoch1_step9/zero_pp_rank_6_mp_rank_0_model_states.pt
Backend:     file
Total size:  1.87 GB
Chunk size:  32 MB  (peak RAM = one chunk)
================================================================================
Read chunks: 128 MB × 4 workers  (peak RAM ≤ 512 MB)
================================================================================
[FileReader] path=/mnt/glfs/GalaxSphere-1Tier0/checkpointing/llama3-8b/global_epoch1_step9/zero_pp_rank_2_mp_rank_0_model_states.pt  fadvise=dontneed
[FileReader] path=/mnt/glfs/GalaxSphere-1Tier0/checkpointing/llama3-8b/global_epoch1_step9/zero_pp_rank_2_mp_rank_0_model_states.pt  fadvise=dontneed
[FileReader] path=/mnt/glfs/GalaxSphere-1Tier0/checkpointing/llama3-8b/global_epoch1_step9/zero_pp_rank_2_mp_rank_0_model_states.pt  fadvise=dontneed
[FileReader] path=/mnt/glfs/GalaxSphere-1Tier0/checkpointing/llama3-8b/global_epoch1_step9/zero_pp_rank_2_mp_rank_0_model_states.pt  fadvise=dontneed
================================================================================
STREAMING CHECKPOINT LOAD - Byte-Range GETs
================================================================================
Input:       /mnt/glfs/GalaxSphere-1Tier0/checkpointing/llama3-8b/global_epoch1_step9/zero_pp_rank_5_mp_rank_0_model_states.pt
Backend:     file
Total size:  1.87 GB
Chunk size:  32 MB  (peak RAM = one chunk)
================================================================================
[FileReader] path=/mnt/glfs/GalaxSphere-1Tier0/checkpointing/llama3-8b/global_epoch1_step9/zero_pp_rank_6_mp_rank_0_model_states.pt  fadvise=dontneed
[FileReader] path=/mnt/glfs/GalaxSphere-1Tier0/checkpointing/llama3-8b/global_epoch1_step9/zero_pp_rank_6_mp_rank_0_model_states.pt  fadvise=dontneed
Read chunks: 128 MB × 4 workers  (peak RAM ≤ 512 MB)
================================================================================
[FileReader] path=/mnt/glfs/GalaxSphere-1Tier0/checkpointing/llama3-8b/global_epoch1_step9/zero_pp_rank_6_mp_rank_0_model_states.pt  fadvise=dontneed
[FileReader] path=/mnt/glfs/GalaxSphere-1Tier0/checkpointing/llama3-8b/global_epoch1_step9/zero_pp_rank_6_mp_rank_0_model_states.pt  fadvise=dontneed
================================================================================
STREAMING CHECKPOINT LOAD - Byte-Range GETs
================================================================================
Input:       /mnt/glfs/GalaxSphere-1Tier0/checkpointing/llama3-8b/global_epoch1_step9/zero_pp_rank_0_mp_rank_0_model_states.pt
Backend:     file
Total size:  1.87 GB
Chunk size:  32 MB  (peak RAM = one chunk)
================================================================================
Read chunks: 128 MB × 4 workers  (peak RAM ≤ 512 MB)
================================================================================
[FileReader] path=/mnt/glfs/GalaxSphere-1Tier0/checkpointing/llama3-8b/global_epoch1_step9/zero_pp_rank_0_mp_rank_0_model_states.pt  fadvise=dontneed
[FileReader] path=/mnt/glfs/GalaxSphere-1Tier0/checkpointing/llama3-8b/global_epoch1_step9/zero_pp_rank_0_mp_rank_0_model_states.pt  fadvise=dontneed
[FileReader] path=/mnt/glfs/GalaxSphere-1Tier0/checkpointing/llama3-8b/global_epoch1_step9/zero_pp_rank_0_mp_rank_0_model_states.pt  fadvise=dontneed
[FileReader] path=/mnt/glfs/GalaxSphere-1Tier0/checkpointing/llama3-8b/global_epoch1_step9/zero_pp_rank_0_mp_rank_0_model_states.pt  fadvise=dontneed
[FileReader] path=/mnt/glfs/GalaxSphere-1Tier0/checkpointing/llama3-8b/global_epoch1_step9/zero_pp_rank_5_mp_rank_0_model_states.pt  fadvise=dontneed
[FileReader] path=/mnt/glfs/GalaxSphere-1Tier0/checkpointing/llama3-8b/global_epoch1_step9/zero_pp_rank_5_mp_rank_0_model_states.pt  fadvise=dontneed
[FileReader] path=/mnt/glfs/GalaxSphere-1Tier0/checkpointing/llama3-8b/global_epoch1_step9/zero_pp_rank_5_mp_rank_0_model_states.pt  fadvise=dontneed
[FileReader] path=/mnt/glfs/GalaxSphere-1Tier0/checkpointing/llama3-8b/global_epoch1_step9/zero_pp_rank_5_mp_rank_0_model_states.pt  fadvise=dontneed

================================================================================
LOAD RESULTS
================================================================================
I/O:        0.1418s @ 13.18 GB/s
Total:      0.1429s
Chunks:     16
================================================================================
================================================================================
STREAMING CHECKPOINT LOAD - Byte-Range GETs
================================================================================
Input:       /mnt/glfs/GalaxSphere-1Tier0/checkpointing/llama3-8b/global_epoch1_step9/zero_pp_rank_1_mp_rank_0_optim_states.pt
Backend:     file
Total size:  11.22 GB
Chunk size:  32 MB  (peak RAM = one chunk)
================================================================================
Read chunks: 128 MB × 4 workers  (peak RAM ≤ 512 MB)
================================================================================
[FileReader] path=/mnt/glfs/GalaxSphere-1Tier0/checkpointing/llama3-8b/global_epoch1_step9/zero_pp_rank_1_mp_rank_0_optim_states.pt  fadvise=dontneed
[FileReader] path=/mnt/glfs/GalaxSphere-1Tier0/checkpointing/llama3-8b/global_epoch1_step9/zero_pp_rank_1_mp_rank_0_optim_states.pt  fadvise=dontneed
[FileReader] path=/mnt/glfs/GalaxSphere-1Tier0/checkpointing/llama3-8b/global_epoch1_step9/zero_pp_rank_1_mp_rank_0_optim_states.pt  fadvise=dontneed
[FileReader] path=/mnt/glfs/GalaxSphere-1Tier0/checkpointing/llama3-8b/global_epoch1_step9/zero_pp_rank_1_mp_rank_0_optim_states.pt  fadvise=dontneed

================================================================================
LOAD RESULTS
================================================================================
I/O:        0.1598s @ 11.70 GB/s
Total:      0.1607s
Chunks:     16
================================================================================
================================================================================
STREAMING CHECKPOINT LOAD - Byte-Range GETs
================================================================================
Input:       /mnt/glfs/GalaxSphere-1Tier0/checkpointing/llama3-8b/global_epoch1_step9/zero_pp_rank_3_mp_rank_0_optim_states.pt
Backend:     file
Total size:  11.22 GB
Chunk size:  32 MB  (peak RAM = one chunk)
================================================================================
Read chunks: 128 MB × 4 workers  (peak RAM ≤ 512 MB)
================================================================================
[FileReader] path=/mnt/glfs/GalaxSphere-1Tier0/checkpointing/llama3-8b/global_epoch1_step9/zero_pp_rank_3_mp_rank_0_optim_states.pt  fadvise=dontneed
[FileReader] path=/mnt/glfs/GalaxSphere-1Tier0/checkpointing/llama3-8b/global_epoch1_step9/zero_pp_rank_3_mp_rank_0_optim_states.pt  fadvise=dontneed
[FileReader] path=/mnt/glfs/GalaxSphere-1Tier0/checkpointing/llama3-8b/global_epoch1_step9/zero_pp_rank_3_mp_rank_0_optim_states.pt  fadvise=dontneed
[FileReader] path=/mnt/glfs/GalaxSphere-1Tier0/checkpointing/llama3-8b/global_epoch1_step9/zero_pp_rank_3_mp_rank_0_optim_states.pt  fadvise=dontneed

================================================================================
LOAD RESULTS
================================================================================
I/O:        0.1686s @ 11.09 GB/s
Total:      0.1697s
Chunks:     16
================================================================================

================================================================================
LOAD RESULTS
================================================================================
I/O:        0.1687s @ 11.08 GB/s
Total:      0.1700s
Chunks:     16
================================================================================
================================================================================
STREAMING CHECKPOINT LOAD - Byte-Range GETs
================================================================================
Input:       /mnt/glfs/GalaxSphere-1Tier0/checkpointing/llama3-8b/global_epoch1_step9/zero_pp_rank_2_mp_rank_0_optim_states.pt
Backend:     file
Total size:  11.22 GB
Chunk size:  32 MB  (peak RAM = one chunk)
================================================================================
Read chunks: 128 MB × 4 workers  (peak RAM ≤ 512 MB)
================================================================================
================================================================================
STREAMING CHECKPOINT LOAD - Byte-Range GETs
================================================================================
Input:       /mnt/glfs/GalaxSphere-1Tier0/checkpointing/llama3-8b/global_epoch1_step9/zero_pp_rank_0_mp_rank_0_optim_states.pt
Backend:     file
Total size:  11.22 GB
Chunk size:  32 MB  (peak RAM = one chunk)
================================================================================
Read chunks: 128 MB × 4 workers  (peak RAM ≤ 512 MB)
================================================================================

================================================================================
LOAD RESULTS
================================================================================
I/O:        0.1697s @ 11.02 GB/s
Total:      0.1705s
Chunks:     16
================================================================================
[FileReader] path=/mnt/glfs/GalaxSphere-1Tier0/checkpointing/llama3-8b/global_epoch1_step9/zero_pp_rank_2_mp_rank_0_optim_states.pt  fadvise=dontneed
[FileReader] path=/mnt/glfs/GalaxSphere-1Tier0/checkpointing/llama3-8b/global_epoch1_step9/zero_pp_rank_2_mp_rank_0_optim_states.pt  fadvise=dontneed
[FileReader] path=/mnt/glfs/GalaxSphere-1Tier0/checkpointing/llama3-8b/global_epoch1_step9/zero_pp_rank_2_mp_rank_0_optim_states.pt  fadvise=dontneed
[FileReader] path=/mnt/glfs/GalaxSphere-1Tier0/checkpointing/llama3-8b/global_epoch1_step9/zero_pp_rank_2_mp_rank_0_optim_states.pt  fadvise=dontneed
================================================================================
STREAMING CHECKPOINT LOAD - Byte-Range GETs
================================================================================
Input:       /mnt/glfs/GalaxSphere-1Tier0/checkpointing/llama3-8b/global_epoch1_step9/zero_pp_rank_7_mp_rank_0_optim_states.pt
Backend:     file
Total size:  11.22 GB
Chunk size:  32 MB  (peak RAM = one chunk)
================================================================================
Read chunks: 128 MB × 4 workers  (peak RAM ≤ 512 MB)
================================================================================
[FileReader] path=/mnt/glfs/GalaxSphere-1Tier0/checkpointing/llama3-8b/global_epoch1_step9/zero_pp_rank_0_mp_rank_0_optim_states.pt  fadvise=dontneed
[FileReader] path=/mnt/glfs/GalaxSphere-1Tier0/checkpointing/llama3-8b/global_epoch1_step9/zero_pp_rank_0_mp_rank_0_optim_states.pt  fadvise=dontneed
[FileReader] path=/mnt/glfs/GalaxSphere-1Tier0/checkpointing/llama3-8b/global_epoch1_step9/zero_pp_rank_0_mp_rank_0_optim_states.pt  fadvise=dontneed
[FileReader] path=/mnt/glfs/GalaxSphere-1Tier0/checkpointing/llama3-8b/global_epoch1_step9/zero_pp_rank_0_mp_rank_0_optim_states.pt  fadvise=dontneed
[FileReader] path=/mnt/glfs/GalaxSphere-1Tier0/checkpointing/llama3-8b/global_epoch1_step9/zero_pp_rank_7_mp_rank_0_optim_states.pt  fadvise=dontneed
[FileReader] path=/mnt/glfs/GalaxSphere-1Tier0/checkpointing/llama3-8b/global_epoch1_step9/zero_pp_rank_7_mp_rank_0_optim_states.pt  fadvise=dontneed
[FileReader] path=/mnt/glfs/GalaxSphere-1Tier0/checkpointing/llama3-8b/global_epoch1_step9/zero_pp_rank_7_mp_rank_0_optim_states.pt  fadvise=dontneed
[FileReader] path=/mnt/glfs/GalaxSphere-1Tier0/checkpointing/llama3-8b/global_epoch1_step9/zero_pp_rank_7_mp_rank_0_optim_states.pt  fadvise=dontneed

================================================================================
LOAD RESULTS
================================================================================
I/O:        0.1855s @ 10.08 GB/s
Total:      0.1864s
Chunks:     16
================================================================================
================================================================================
STREAMING CHECKPOINT LOAD - Byte-Range GETs
================================================================================
Input:       /mnt/glfs/GalaxSphere-1Tier0/checkpointing/llama3-8b/global_epoch1_step9/zero_pp_rank_4_mp_rank_0_optim_states.pt
Backend:     file
Total size:  11.22 GB
Chunk size:  32 MB  (peak RAM = one chunk)
================================================================================
Read chunks: 128 MB × 4 workers  (peak RAM ≤ 512 MB)
================================================================================
[FileReader] path=/mnt/glfs/GalaxSphere-1Tier0/checkpointing/llama3-8b/global_epoch1_step9/zero_pp_rank_4_mp_rank_0_optim_states.pt  fadvise=dontneed
[FileReader] path=/mnt/glfs/GalaxSphere-1Tier0/checkpointing/llama3-8b/global_epoch1_step9/zero_pp_rank_4_mp_rank_0_optim_states.pt  fadvise=dontneed
[FileReader] path=/mnt/glfs/GalaxSphere-1Tier0/checkpointing/llama3-8b/global_epoch1_step9/zero_pp_rank_4_mp_rank_0_optim_states.pt  fadvise=dontneed
[FileReader] path=/mnt/glfs/GalaxSphere-1Tier0/checkpointing/llama3-8b/global_epoch1_step9/zero_pp_rank_4_mp_rank_0_optim_states.pt  fadvise=dontneed

================================================================================
LOAD RESULTS
================================================================================
I/O:        0.1899s @ 9.84 GB/s
Total:      0.1911s
Chunks:     16
================================================================================

================================================================================
LOAD RESULTS
================================================================================
I/O:        0.1904s @ 9.82 GB/s
Total:      0.1913s
Chunks:     16
================================================================================
================================================================================
STREAMING CHECKPOINT LOAD - Byte-Range GETs
================================================================================
Input:       /mnt/glfs/GalaxSphere-1Tier0/checkpointing/llama3-8b/global_epoch1_step9/zero_pp_rank_5_mp_rank_0_optim_states.pt
Backend:     file
Total size:  11.22 GB
Chunk size:  32 MB  (peak RAM = one chunk)
================================================================================
Read chunks: 128 MB × 4 workers  (peak RAM ≤ 512 MB)
================================================================================
================================================================================
STREAMING CHECKPOINT LOAD - Byte-Range GETs
================================================================================
Input:       /mnt/glfs/GalaxSphere-1Tier0/checkpointing/llama3-8b/global_epoch1_step9/zero_pp_rank_6_mp_rank_0_optim_states.pt
Backend:     file
Total size:  11.22 GB
Chunk size:  32 MB  (peak RAM = one chunk)
================================================================================
Read chunks: 128 MB × 4 workers  (peak RAM ≤ 512 MB)
================================================================================
[FileReader] path=/mnt/glfs/GalaxSphere-1Tier0/checkpointing/llama3-8b/global_epoch1_step9/zero_pp_rank_5_mp_rank_0_optim_states.pt  fadvise=dontneed
[FileReader] path=/mnt/glfs/GalaxSphere-1Tier0/checkpointing/llama3-8b/global_epoch1_step9/zero_pp_rank_5_mp_rank_0_optim_states.pt  fadvise=dontneed
[FileReader] path=/mnt/glfs/GalaxSphere-1Tier0/checkpointing/llama3-8b/global_epoch1_step9/zero_pp_rank_5_mp_rank_0_optim_states.pt  fadvise=dontneed
[FileReader] path=/mnt/glfs/GalaxSphere-1Tier0/checkpointing/llama3-8b/global_epoch1_step9/zero_pp_rank_5_mp_rank_0_optim_states.pt  fadvise=dontneed
[FileReader] path=/mnt/glfs/GalaxSphere-1Tier0/checkpointing/llama3-8b/global_epoch1_step9/zero_pp_rank_6_mp_rank_0_optim_states.pt  fadvise=dontneed
[FileReader] path=/mnt/glfs/GalaxSphere-1Tier0/checkpointing/llama3-8b/global_epoch1_step9/zero_pp_rank_6_mp_rank_0_optim_states.pt  fadvise=dontneed
[FileReader] path=/mnt/glfs/GalaxSphere-1Tier0/checkpointing/llama3-8b/global_epoch1_step9/zero_pp_rank_6_mp_rank_0_optim_states.pt  fadvise=dontneed
[FileReader] path=/mnt/glfs/GalaxSphere-1Tier0/checkpointing/llama3-8b/global_epoch1_step9/zero_pp_rank_6_mp_rank_0_optim_states.pt  fadvise=dontneed
[Load w0] 2.00 GB  4.12 GB/s
[Load w0] 2.00 GB  4.17 GB/s
[Load w0] 2.00 GB  3.93 GB/s
[Load w3] 2.00 GB  3.69 GB/s
[Load w0] 2.00 GB  3.72 GB/s
[Load w3] 2.00 GB  3.49 GB/s
[Load w0] 2.00 GB  3.52 GB/s
[Load w0] 2.00 GB  3.50 GB/s
[Load w1] 2.00 GB  3.44 GB/s
[Load w0] 2.00 GB  3.38 GB/s
[Load w2] 2.00 GB  3.17 GB/s
[Load w0] 2.00 GB  3.30 GB/s
[Load w3] 2.00 GB  3.11 GB/s
[Load w2] 2.00 GB  2.90 GB/s
[Load w3] 2.00 GB  3.09 GB/s
[Load w3] 2.00 GB  2.99 GB/s
[Load w2] 2.00 GB  2.99 GB/s
[Load w1] 2.00 GB  2.90 GB/s
[Load w1] 2.00 GB  2.82 GB/s
[Load w3] 2.00 GB  2.93 GB/s
[Load w2] 2.00 GB  2.82 GB/s
[Load w2] 2.00 GB  2.82 GB/s
[Load w1] 2.00 GB  2.83 GB/s
[Load w2] 2.00 GB  2.82 GB/s
[Load w1] 2.00 GB  2.78 GB/s
[Load w1] 2.00 GB  2.71 GB/s
[Load w1] 2.00 GB  2.64 GB/s
[Load w1] 2.00 GB  2.62 GB/s
[Load w2] 2.00 GB  2.67 GB/s
[Load w3] 2.00 GB  2.57 GB/s
[Load w2] 2.00 GB  2.59 GB/s
[Load w3] 2.00 GB  2.60 GB/s

================================================================================
LOAD RESULTS
================================================================================
I/O:        0.8979s @ 12.49 GB/s
Total:      0.8995s
Chunks:     92
================================================================================

================================================================================
LOAD RESULTS
================================================================================
I/O:        0.9354s @ 11.99 GB/s
Total:      0.9369s
Chunks:     92
================================================================================

================================================================================
LOAD RESULTS
================================================================================
I/O:        0.8929s @ 12.56 GB/s
Total:      0.8941s
Chunks:     92
================================================================================

================================================================================
LOAD RESULTS
================================================================================
I/O:        0.9326s @ 12.03 GB/s
Total:      0.9340s
Chunks:     92
================================================================================

================================================================================
LOAD RESULTS
================================================================================
I/O:        0.9415s @ 11.92 GB/s
Total:      0.9427s
Chunks:     92
================================================================================

================================================================================
LOAD RESULTS
================================================================================
I/O:        0.9523s @ 11.78 GB/s
Total:      0.9537s
Chunks:     92
================================================================================

================================================================================
LOAD RESULTS
================================================================================
I/O:        0.9371s @ 11.97 GB/s
Total:      0.9388s
Chunks:     92
================================================================================

================================================================================
LOAD RESULTS
================================================================================
I/O:        0.9418s @ 11.91 GB/s
Total:      0.9435s
Chunks:     92
================================================================================
================================================================================
STREAMING CHECKPOINT LOAD - Byte-Range GETs
================================================================================
Input:       /mnt/glfs/GalaxSphere-1Tier0/checkpointing/llama3-8b/global_epoch1_step10/zero_pp_rank_1_mp_rank_0_model_states.pt
Backend:     file
Total size:  1.87 GB
================================================================================
STREAMING CHECKPOINT LOAD - Byte-Range GETs
================================================================================
Input:       /mnt/glfs/GalaxSphere-1Tier0/checkpointing/llama3-8b/global_epoch1_step10/zero_pp_rank_2_mp_rank_0_model_states.pt
Backend:     file
Total size:  1.87 GB
Chunk size:  32 MB  (peak RAM = one chunk)
================================================================================
Chunk size:  32 MB  (peak RAM = one chunk)
================================================================================
Read chunks: 128 MB × 4 workers  (peak RAM ≤ 512 MB)
================================================================================
Read chunks: 128 MB × 4 workers  (peak RAM ≤ 512 MB)
================================================================================
================================================================================
STREAMING CHECKPOINT LOAD - Byte-Range GETs
================================================================================
Input:       /mnt/glfs/GalaxSphere-1Tier0/checkpointing/llama3-8b/global_epoch1_step10/zero_pp_rank_5_mp_rank_0_model_states.pt
Backend:     file
Total size:  1.87 GB
Chunk size:  32 MB  (peak RAM = one chunk)
================================================================================
Read chunks: 128 MB × 4 workers  (peak RAM ≤ 512 MB)
================================================================================
================================================================================
STREAMING CHECKPOINT LOAD - Byte-Range GETs
================================================================================
Input:       /mnt/glfs/GalaxSphere-1Tier0/checkpointing/llama3-8b/global_epoch1_step10/zero_pp_rank_7_mp_rank_0_model_states.pt
Backend:     file
Total size:  1.87 GB
Chunk size:  32 MB  (peak RAM = one chunk)
================================================================================
================================================================================
STREAMING CHECKPOINT LOAD - Byte-Range GETs
================================================================================
Input:       /mnt/glfs/GalaxSphere-1Tier0/checkpointing/llama3-8b/global_epoch1_step10/zero_pp_rank_3_mp_rank_0_model_states.pt
Backend:     file
Total size:  1.87 GB
Chunk size:  32 MB  (peak RAM = one chunk)
================================================================================
[FileReader] path=/mnt/glfs/GalaxSphere-1Tier0/checkpointing/llama3-8b/global_epoch1_step10/zero_pp_rank_2_mp_rank_0_model_states.pt  fadvise=dontneed
[FileReader] path=/mnt/glfs/GalaxSphere-1Tier0/checkpointing/llama3-8b/global_epoch1_step10/zero_pp_rank_2_mp_rank_0_model_states.pt  fadvise=dontneed
[FileReader] path=/mnt/glfs/GalaxSphere-1Tier0/checkpointing/llama3-8b/global_epoch1_step10/zero_pp_rank_2_mp_rank_0_model_states.pt  fadvise=dontneed
[FileReader] path=/mnt/glfs/GalaxSphere-1Tier0/checkpointing/llama3-8b/global_epoch1_step10/zero_pp_rank_2_mp_rank_0_model_states.pt  fadvise=dontneed
[FileReader] path=/mnt/glfs/GalaxSphere-1Tier0/checkpointing/llama3-8b/global_epoch1_step10/zero_pp_rank_1_mp_rank_0_model_states.pt  fadvise=dontneed
[FileReader] path=/mnt/glfs/GalaxSphere-1Tier0/checkpointing/llama3-8b/global_epoch1_step10/zero_pp_rank_1_mp_rank_0_model_states.pt  fadvise=dontneed
[FileReader] path=/mnt/glfs/GalaxSphere-1Tier0/checkpointing/llama3-8b/global_epoch1_step10/zero_pp_rank_1_mp_rank_0_model_states.pt  fadvise=dontneed
[FileReader] path=/mnt/glfs/GalaxSphere-1Tier0/checkpointing/llama3-8b/global_epoch1_step10/zero_pp_rank_1_mp_rank_0_model_states.pt  fadvise=dontneed
Read chunks: 128 MB × 4 workers  (peak RAM ≤ 512 MB)
================================================================================
Read chunks: 128 MB × 4 workers  (peak RAM ≤ 512 MB)
================================================================================
[FileReader] path=/mnt/glfs/GalaxSphere-1Tier0/checkpointing/llama3-8b/global_epoch1_step10/zero_pp_rank_5_mp_rank_0_model_states.pt  fadvise=dontneed
[FileReader] path=/mnt/glfs/GalaxSphere-1Tier0/checkpointing/llama3-8b/global_epoch1_step10/zero_pp_rank_5_mp_rank_0_model_states.pt  fadvise=dontneed
[FileReader] path=/mnt/glfs/GalaxSphere-1Tier0/checkpointing/llama3-8b/global_epoch1_step10/zero_pp_rank_5_mp_rank_0_model_states.pt  fadvise=dontneed
[FileReader] path=/mnt/glfs/GalaxSphere-1Tier0/checkpointing/llama3-8b/global_epoch1_step10/zero_pp_rank_5_mp_rank_0_model_states.pt  fadvise=dontneed
[FileReader] path=/mnt/glfs/GalaxSphere-1Tier0/checkpointing/llama3-8b/global_epoch1_step10/zero_pp_rank_3_mp_rank_0_model_states.pt  fadvise=dontneed
[FileReader] path=/mnt/glfs/GalaxSphere-1Tier0/checkpointing/llama3-8b/global_epoch1_step10/zero_pp_rank_3_mp_rank_0_model_states.pt  fadvise=dontneed
[FileReader] path=/mnt/glfs/GalaxSphere-1Tier0/checkpointing/llama3-8b/global_epoch1_step10/zero_pp_rank_3_mp_rank_0_model_states.pt  fadvise=dontneed
[FileReader] path=/mnt/glfs/GalaxSphere-1Tier0/checkpointing/llama3-8b/global_epoch1_step10/zero_pp_rank_7_mp_rank_0_model_states.pt  fadvise=dontneed
[FileReader] path=/mnt/glfs/GalaxSphere-1Tier0/checkpointing/llama3-8b/global_epoch1_step10/zero_pp_rank_7_mp_rank_0_model_states.pt  fadvise=dontneed
[FileReader] path=/mnt/glfs/GalaxSphere-1Tier0/checkpointing/llama3-8b/global_epoch1_step10/zero_pp_rank_7_mp_rank_0_model_states.pt  fadvise=dontneed
[FileReader] path=/mnt/glfs/GalaxSphere-1Tier0/checkpointing/llama3-8b/global_epoch1_step10/zero_pp_rank_7_mp_rank_0_model_states.pt  fadvise=dontneed
================================================================================
STREAMING CHECKPOINT LOAD - Byte-Range GETs
================================================================================
Input:       /mnt/glfs/GalaxSphere-1Tier0/checkpointing/llama3-8b/global_epoch1_step10/zero_pp_rank_6_mp_rank_0_model_states.pt
Backend:     file
Total size:  1.87 GB
Chunk size:  32 MB  (peak RAM = one chunk)
================================================================================
[FileReader] path=/mnt/glfs/GalaxSphere-1Tier0/checkpointing/llama3-8b/global_epoch1_step10/zero_pp_rank_3_mp_rank_0_model_states.pt  fadvise=dontneed
Read chunks: 128 MB × 4 workers  (peak RAM ≤ 512 MB)
================================================================================
================================================================================
STREAMING CHECKPOINT LOAD - Byte-Range GETs
================================================================================
Input:       /mnt/glfs/GalaxSphere-1Tier0/checkpointing/llama3-8b/global_epoch1_step10/zero_pp_rank_4_mp_rank_0_model_states.pt
Backend:     file
Total size:  1.87 GB
Chunk size:  32 MB  (peak RAM = one chunk)
================================================================================
================================================================================
STREAMING CHECKPOINT LOAD - Byte-Range GETs
================================================================================
Input:       /mnt/glfs/GalaxSphere-1Tier0/checkpointing/llama3-8b/global_epoch1_step10/zero_pp_rank_0_mp_rank_0_model_states.pt
Backend:     file
Read chunks: 128 MB × 4 workers  (peak RAM ≤ 512 MB)
================================================================================
Total size:  1.87 GB
Chunk size:  32 MB  (peak RAM = one chunk)
================================================================================
Read chunks: 128 MB × 4 workers  (peak RAM ≤ 512 MB)
================================================================================
[FileReader] path=/mnt/glfs/GalaxSphere-1Tier0/checkpointing/llama3-8b/global_epoch1_step10/zero_pp_rank_6_mp_rank_0_model_states.pt  fadvise=dontneed
[FileReader] path=/mnt/glfs/GalaxSphere-1Tier0/checkpointing/llama3-8b/global_epoch1_step10/zero_pp_rank_6_mp_rank_0_model_states.pt  fadvise=dontneed
[FileReader] path=/mnt/glfs/GalaxSphere-1Tier0/checkpointing/llama3-8b/global_epoch1_step10/zero_pp_rank_6_mp_rank_0_model_states.pt  fadvise=dontneed
[FileReader] path=/mnt/glfs/GalaxSphere-1Tier0/checkpointing/llama3-8b/global_epoch1_step10/zero_pp_rank_6_mp_rank_0_model_states.pt  fadvise=dontneed
[FileReader] path=/mnt/glfs/GalaxSphere-1Tier0/checkpointing/llama3-8b/global_epoch1_step10/zero_pp_rank_0_mp_rank_0_model_states.pt  fadvise=dontneed
[FileReader] path=/mnt/glfs/GalaxSphere-1Tier0/checkpointing/llama3-8b/global_epoch1_step10/zero_pp_rank_0_mp_rank_0_model_states.pt  fadvise=dontneed
[FileReader] path=/mnt/glfs/GalaxSphere-1Tier0/checkpointing/llama3-8b/global_epoch1_step10/zero_pp_rank_0_mp_rank_0_model_states.pt  fadvise=dontneed
[FileReader] path=/mnt/glfs/GalaxSphere-1Tier0/checkpointing/llama3-8b/global_epoch1_step10/zero_pp_rank_0_mp_rank_0_model_states.pt  fadvise=dontneed
[FileReader] path=/mnt/glfs/GalaxSphere-1Tier0/checkpointing/llama3-8b/global_epoch1_step10/zero_pp_rank_4_mp_rank_0_model_states.pt  fadvise=dontneed
[FileReader] path=/mnt/glfs/GalaxSphere-1Tier0/checkpointing/llama3-8b/global_epoch1_step10/zero_pp_rank_4_mp_rank_0_model_states.pt  fadvise=dontneed
[FileReader] path=/mnt/glfs/GalaxSphere-1Tier0/checkpointing/llama3-8b/global_epoch1_step10/zero_pp_rank_4_mp_rank_0_model_states.pt  fadvise=dontneed
[FileReader] path=/mnt/glfs/GalaxSphere-1Tier0/checkpointing/llama3-8b/global_epoch1_step10/zero_pp_rank_4_mp_rank_0_model_states.pt  fadvise=dontneed

================================================================================
LOAD RESULTS
================================================================================
I/O:        0.1521s @ 12.29 GB/s
Total:      0.1530s
Chunks:     16
================================================================================
================================================================================
STREAMING CHECKPOINT LOAD - Byte-Range GETs
================================================================================
Input:       /mnt/glfs/GalaxSphere-1Tier0/checkpointing/llama3-8b/global_epoch1_step10/zero_pp_rank_5_mp_rank_0_optim_states.pt
Backend:     file
Total size:  11.22 GB
Chunk size:  32 MB  (peak RAM = one chunk)
================================================================================
Read chunks: 128 MB × 4 workers  (peak RAM ≤ 512 MB)
================================================================================
[FileReader] path=/mnt/glfs/GalaxSphere-1Tier0/checkpointing/llama3-8b/global_epoch1_step10/zero_pp_rank_5_mp_rank_0_optim_states.pt  fadvise=dontneed
[FileReader] path=/mnt/glfs/GalaxSphere-1Tier0/checkpointing/llama3-8b/global_epoch1_step10/zero_pp_rank_5_mp_rank_0_optim_states.pt  fadvise=dontneed
[FileReader] path=/mnt/glfs/GalaxSphere-1Tier0/checkpointing/llama3-8b/global_epoch1_step10/zero_pp_rank_5_mp_rank_0_optim_states.pt  fadvise=dontneed
[FileReader] path=/mnt/glfs/GalaxSphere-1Tier0/checkpointing/llama3-8b/global_epoch1_step10/zero_pp_rank_5_mp_rank_0_optim_states.pt  fadvise=dontneed

================================================================================
LOAD RESULTS
================================================================================
I/O:        0.1590s @ 11.76 GB/s
Total:      0.1600s
Chunks:     16
================================================================================
================================================================================
STREAMING CHECKPOINT LOAD - Byte-Range GETs
================================================================================
Input:       /mnt/glfs/GalaxSphere-1Tier0/checkpointing/llama3-8b/global_epoch1_step10/zero_pp_rank_0_mp_rank_0_optim_states.pt
Backend:     file
Total size:  11.22 GB
Chunk size:  32 MB  (peak RAM = one chunk)
================================================================================
Read chunks: 128 MB × 4 workers  (peak RAM ≤ 512 MB)
================================================================================
[FileReader] path=/mnt/glfs/GalaxSphere-1Tier0/checkpointing/llama3-8b/global_epoch1_step10/zero_pp_rank_0_mp_rank_0_optim_states.pt  fadvise=dontneed
[FileReader] path=/mnt/glfs/GalaxSphere-1Tier0/checkpointing/llama3-8b/global_epoch1_step10/zero_pp_rank_0_mp_rank_0_optim_states.pt  fadvise=dontneed
[FileReader] path=/mnt/glfs/GalaxSphere-1Tier0/checkpointing/llama3-8b/global_epoch1_step10/zero_pp_rank_0_mp_rank_0_optim_states.pt  fadvise=dontneed
[FileReader] path=/mnt/glfs/GalaxSphere-1Tier0/checkpointing/llama3-8b/global_epoch1_step10/zero_pp_rank_0_mp_rank_0_optim_states.pt  fadvise=dontneed

================================================================================
LOAD RESULTS
================================================================================
I/O:        0.1617s @ 11.56 GB/s
Total:      0.1627s
Chunks:     16
================================================================================
================================================================================
STREAMING CHECKPOINT LOAD - Byte-Range GETs
================================================================================
Input:       /mnt/glfs/GalaxSphere-1Tier0/checkpointing/llama3-8b/global_epoch1_step10/zero_pp_rank_4_mp_rank_0_optim_states.pt
Backend:     file
Total size:  11.22 GB
Chunk size:  32 MB  (peak RAM = one chunk)
================================================================================
Read chunks: 128 MB × 4 workers  (peak RAM ≤ 512 MB)
================================================================================

================================================================================
LOAD RESULTS
================================================================================
I/O:        0.1620s @ 11.54 GB/s
Total:      0.1631s
Chunks:     16
================================================================================
================================================================================
STREAMING CHECKPOINT LOAD - Byte-Range GETs
================================================================================
Input:       /mnt/glfs/GalaxSphere-1Tier0/checkpointing/llama3-8b/global_epoch1_step10/zero_pp_rank_3_mp_rank_0_optim_states.pt
Backend:     file
Total size:  11.22 GB
Chunk size:  32 MB  (peak RAM = one chunk)
================================================================================
Read chunks: 128 MB × 4 workers  (peak RAM ≤ 512 MB)
================================================================================
[FileReader] path=/mnt/glfs/GalaxSphere-1Tier0/checkpointing/llama3-8b/global_epoch1_step10/zero_pp_rank_4_mp_rank_0_optim_states.pt  fadvise=dontneed
[FileReader] path=/mnt/glfs/GalaxSphere-1Tier0/checkpointing/llama3-8b/global_epoch1_step10/zero_pp_rank_4_mp_rank_0_optim_states.pt  fadvise=dontneed
[FileReader] path=/mnt/glfs/GalaxSphere-1Tier0/checkpointing/llama3-8b/global_epoch1_step10/zero_pp_rank_4_mp_rank_0_optim_states.pt  fadvise=dontneed
[FileReader] path=/mnt/glfs/GalaxSphere-1Tier0/checkpointing/llama3-8b/global_epoch1_step10/zero_pp_rank_4_mp_rank_0_optim_states.pt  fadvise=dontneed
[FileReader] path=/mnt/glfs/GalaxSphere-1Tier0/checkpointing/llama3-8b/global_epoch1_step10/zero_pp_rank_3_mp_rank_0_optim_states.pt  fadvise=dontneed
[FileReader] path=/mnt/glfs/GalaxSphere-1Tier0/checkpointing/llama3-8b/global_epoch1_step10/zero_pp_rank_3_mp_rank_0_optim_states.pt  fadvise=dontneed
[FileReader] path=/mnt/glfs/GalaxSphere-1Tier0/checkpointing/llama3-8b/global_epoch1_step10/zero_pp_rank_3_mp_rank_0_optim_states.pt  fadvise=dontneed
[FileReader] path=/mnt/glfs/GalaxSphere-1Tier0/checkpointing/llama3-8b/global_epoch1_step10/zero_pp_rank_3_mp_rank_0_optim_states.pt  fadvise=dontneed

================================================================================
LOAD RESULTS
================================================================================
I/O:        0.1648s @ 11.35 GB/s
Total:      0.1656s
Chunks:     16
================================================================================
================================================================================
STREAMING CHECKPOINT LOAD - Byte-Range GETs
================================================================================
Input:       /mnt/glfs/GalaxSphere-1Tier0/checkpointing/llama3-8b/global_epoch1_step10/zero_pp_rank_7_mp_rank_0_optim_states.pt
Backend:     file
Total size:  11.22 GB
Chunk size:  32 MB  (peak RAM = one chunk)
================================================================================

================================================================================
LOAD RESULTS
================================================================================
I/O:        0.1644s @ 11.37 GB/s
Total:      0.1656s
Chunks:     16
================================================================================
Read chunks: 128 MB × 4 workers  (peak RAM ≤ 512 MB)
================================================================================
================================================================================
STREAMING CHECKPOINT LOAD - Byte-Range GETs
================================================================================
Input:       /mnt/glfs/GalaxSphere-1Tier0/checkpointing/llama3-8b/global_epoch1_step10/zero_pp_rank_6_mp_rank_0_optim_states.pt
Backend:     file
Total size:  11.22 GB
Chunk size:  32 MB  (peak RAM = one chunk)
================================================================================
Read chunks: 128 MB × 4 workers  (peak RAM ≤ 512 MB)
================================================================================
[FileReader] path=/mnt/glfs/GalaxSphere-1Tier0/checkpointing/llama3-8b/global_epoch1_step10/zero_pp_rank_7_mp_rank_0_optim_states.pt  fadvise=dontneed
[FileReader] path=/mnt/glfs/GalaxSphere-1Tier0/checkpointing/llama3-8b/global_epoch1_step10/zero_pp_rank_7_mp_rank_0_optim_states.pt  fadvise=dontneed
[FileReader] path=/mnt/glfs/GalaxSphere-1Tier0/checkpointing/llama3-8b/global_epoch1_step10/zero_pp_rank_7_mp_rank_0_optim_states.pt  fadvise=dontneed
[FileReader] path=/mnt/glfs/GalaxSphere-1Tier0/checkpointing/llama3-8b/global_epoch1_step10/zero_pp_rank_7_mp_rank_0_optim_states.pt  fadvise=dontneed
[FileReader] path=/mnt/glfs/GalaxSphere-1Tier0/checkpointing/llama3-8b/global_epoch1_step10/zero_pp_rank_6_mp_rank_0_optim_states.pt  fadvise=dontneed
[FileReader] path=/mnt/glfs/GalaxSphere-1Tier0/checkpointing/llama3-8b/global_epoch1_step10/zero_pp_rank_6_mp_rank_0_optim_states.pt  fadvise=dontneed
[FileReader] path=/mnt/glfs/GalaxSphere-1Tier0/checkpointing/llama3-8b/global_epoch1_step10/zero_pp_rank_6_mp_rank_0_optim_states.pt  fadvise=dontneed
[FileReader] path=/mnt/glfs/GalaxSphere-1Tier0/checkpointing/llama3-8b/global_epoch1_step10/zero_pp_rank_6_mp_rank_0_optim_states.pt  fadvise=dontneed

================================================================================
LOAD RESULTS
================================================================================
I/O:        0.1679s @ 11.14 GB/s
Total:      0.1693s
Chunks:     16
================================================================================
================================================================================
STREAMING CHECKPOINT LOAD - Byte-Range GETs
================================================================================
Input:       /mnt/glfs/GalaxSphere-1Tier0/checkpointing/llama3-8b/global_epoch1_step10/zero_pp_rank_2_mp_rank_0_optim_states.pt
Backend:     file
Total size:  11.22 GB
Chunk size:  32 MB  (peak RAM = one chunk)
================================================================================
Read chunks: 128 MB × 4 workers  (peak RAM ≤ 512 MB)
================================================================================
[FileReader] path=/mnt/glfs/GalaxSphere-1Tier0/checkpointing/llama3-8b/global_epoch1_step10/zero_pp_rank_2_mp_rank_0_optim_states.pt  fadvise=dontneed
[FileReader] path=/mnt/glfs/GalaxSphere-1Tier0/checkpointing/llama3-8b/global_epoch1_step10/zero_pp_rank_2_mp_rank_0_optim_states.pt  fadvise=dontneed
[FileReader] path=/mnt/glfs/GalaxSphere-1Tier0/checkpointing/llama3-8b/global_epoch1_step10/zero_pp_rank_2_mp_rank_0_optim_states.pt  fadvise=dontneed
[FileReader] path=/mnt/glfs/GalaxSphere-1Tier0/checkpointing/llama3-8b/global_epoch1_step10/zero_pp_rank_2_mp_rank_0_optim_states.pt  fadvise=dontneed

================================================================================
LOAD RESULTS
================================================================================
I/O:        0.1684s @ 11.11 GB/s
Total:      0.1697s
Chunks:     16
================================================================================
================================================================================
STREAMING CHECKPOINT LOAD - Byte-Range GETs
================================================================================
Input:       /mnt/glfs/GalaxSphere-1Tier0/checkpointing/llama3-8b/global_epoch1_step10/zero_pp_rank_1_mp_rank_0_optim_states.pt
Backend:     file
Total size:  11.22 GB
Chunk size:  32 MB  (peak RAM = one chunk)
================================================================================
Read chunks: 128 MB × 4 workers  (peak RAM ≤ 512 MB)
================================================================================
[FileReader] path=/mnt/glfs/GalaxSphere-1Tier0/checkpointing/llama3-8b/global_epoch1_step10/zero_pp_rank_1_mp_rank_0_optim_states.pt  fadvise=dontneed
[FileReader] path=/mnt/glfs/GalaxSphere-1Tier0/checkpointing/llama3-8b/global_epoch1_step10/zero_pp_rank_1_mp_rank_0_optim_states.pt  fadvise=dontneed
[FileReader] path=/mnt/glfs/GalaxSphere-1Tier0/checkpointing/llama3-8b/global_epoch1_step10/zero_pp_rank_1_mp_rank_0_optim_states.pt  fadvise=dontneed
[FileReader] path=/mnt/glfs/GalaxSphere-1Tier0/checkpointing/llama3-8b/global_epoch1_step10/zero_pp_rank_1_mp_rank_0_optim_states.pt  fadvise=dontneed
[Load w0] 2.00 GB  4.07 GB/s
[Load w0] 2.00 GB  4.03 GB/s
[Load w0] 2.00 GB  3.58 GB/s
[Load w0] 2.00 GB  3.49 GB/s
[Load w0] 2.00 GB  3.52 GB/s
[Load w0] 2.00 GB  3.30 GB/s
[Load w2] 2.00 GB  3.20 GB/s
[Load w0] 2.00 GB  3.25 GB/s
[Load w1] 2.00 GB  3.21 GB/s
[Load w3] 2.00 GB  3.23 GB/s
[Load w2] 2.00 GB  3.19 GB/s
[Load w1] 2.00 GB  3.18 GB/s
[Load w1] 2.00 GB  3.17 GB/s
[Load w0] 2.00 GB  3.14 GB/s
[Load w1] 2.00 GB  3.11 GB/s
[Load w2] 2.00 GB  3.08 GB/s
[Load w1] 2.00 GB  3.10 GB/s
[Load w2] 2.00 GB  3.08 GB/s
[Load w2] 2.00 GB  3.02 GB/s
[Load w2] 2.00 GB  3.03 GB/s
[Load w3] 2.00 GB  3.05 GB/s
[Load w1] 2.00 GB  2.89 GB/s
[Load w2] 2.00 GB  2.77 GB/s
[Load w3] 2.00 GB  2.76 GB/s
[Load w1] 2.00 GB  2.68 GB/s
[Load w3] 2.00 GB  2.70 GB/s
[Load w1] 2.00 GB  2.65 GB/s
[Load w3] 2.00 GB  2.58 GB/s
[Load w2] 2.00 GB  2.63 GB/s
[Load w3] 2.00 GB  2.56 GB/s
[Load w3] 2.00 GB  2.53 GB/s
[Load w3] 2.00 GB  2.46 GB/s

================================================================================
LOAD RESULTS
================================================================================
I/O:        0.9188s @ 12.21 GB/s
Total:      0.9203s
Chunks:     92
================================================================================

================================================================================
LOAD RESULTS
================================================================================
I/O:        0.9307s @ 12.05 GB/s
Total:      0.9324s
Chunks:     92
================================================================================

================================================================================
LOAD RESULTS
================================================================================
I/O:        0.9284s @ 12.08 GB/s
Total:      0.9295s
Chunks:     92
================================================================================

================================================================================
LOAD RESULTS
================================================================================
I/O:        0.9264s @ 12.11 GB/s
Total:      0.9279s
Chunks:     92
================================================================================

================================================================================
LOAD RESULTS
================================================================================
I/O:        0.9343s @ 12.01 GB/s
Total:      0.9357s
Chunks:     92
================================================================================

================================================================================
LOAD RESULTS
================================================================================
I/O:        0.9557s @ 11.74 GB/s
Total:      0.9573s
Chunks:     92
================================================================================

================================================================================
LOAD RESULTS
================================================================================
I/O:        0.9524s @ 11.78 GB/s
Total:      0.9539s
Chunks:     92
================================================================================

================================================================================
LOAD RESULTS
================================================================================
I/O:        0.9497s @ 11.81 GB/s
Total:      0.9512s
Chunks:     92
================================================================================
