[OUTPUT] [DEBUG DLIOBenchmark.__init__] After LoadConfig:
[OUTPUT]   storage_type   = <StorageType.LOCAL_FS: 'local_fs'>
[OUTPUT]   storage_root   = './'
[OUTPUT]   storage_options= None
[OUTPUT]   data_folder    = '/mnt/ubix/retinanet'
[OUTPUT]   framework      = <FrameworkType.PYTORCH: 'pytorch'>
[OUTPUT]   num_files_train= 68090280
[OUTPUT]   record_length  = 322957
[OUTPUT]   generate_data  = False
[OUTPUT]   do_train       = True
[OUTPUT]   do_checkpoint  = False
[OUTPUT]   epochs         = 8
[OUTPUT]   batch_size     = 36
[OUTPUT] 2026-07-24T11:54:50.462711 Running DLIO [Training] with 736 process(es)
[OUTPUT] 2026-07-24T11:54:50.649992 skip_listing [train]: validating 6,811 of 68,090,280 files (first, last, every 10,000) via HEAD requests ...
[OUTPUT] 2026-07-24T11:54:50.669568 skip_listing [train]:   500/6,811 checked (7%)  —  26122 checks/s  —  ETA 0s  —  0 failed so far
[OUTPUT] 2026-07-24T11:54:50.683454 skip_listing [train]:   1,000/6,811 checked (15%)  —  30276 checks/s  —  ETA 0s  —  0 failed so far
[OUTPUT] 2026-07-24T11:54:50.696897 skip_listing [train]:   1,500/6,811 checked (22%)  —  32276 checks/s  —  ETA 0s  —  0 failed so far
[OUTPUT] 2026-07-24T11:54:50.710344 skip_listing [train]:   2,000/6,811 checked (29%)  —  33377 checks/s  —  ETA 0s  —  0 failed so far
[OUTPUT] 2026-07-24T11:54:50.723661 skip_listing [train]:   2,500/6,811 checked (37%)  —  34135 checks/s  —  ETA 0s  —  0 failed so far
[OUTPUT] 2026-07-24T11:54:50.736912 skip_listing [train]:   3,000/6,811 checked (44%)  —  34686 checks/s  —  ETA 0s  —  0 failed so far
[OUTPUT] 2026-07-24T11:54:50.750226 skip_listing [train]:   3,500/6,811 checked (51%)  —  35069 checks/s  —  ETA 0s  —  0 failed so far
[OUTPUT] 2026-07-24T11:54:50.763854 skip_listing [train]:   4,000/6,811 checked (59%)  —  35265 checks/s  —  ETA 0s  —  0 failed so far
[OUTPUT] 2026-07-24T11:54:50.777254 skip_listing [train]:   4,500/6,811 checked (66%)  —  35481 checks/s  —  ETA 0s  —  0 failed so far
[OUTPUT] 2026-07-24T11:54:50.790629 skip_listing [train]:   5,000/6,811 checked (73%)  —  35662 checks/s  —  ETA 0s  —  0 failed so far
[OUTPUT] 2026-07-24T11:54:50.803831 skip_listing [train]:   5,500/6,811 checked (81%)  —  35852 checks/s  —  ETA 0s  —  0 failed so far
[OUTPUT] 2026-07-24T11:54:50.817023 skip_listing [train]:   6,000/6,811 checked (88%)  —  36014 checks/s  —  ETA 0s  —  0 failed so far
[OUTPUT] 2026-07-24T11:54:50.830141 skip_listing [train]:   6,500/6,811 checked (95%)  —  36168 checks/s  —  ETA 0s  —  0 failed so far
[OUTPUT] 2026-07-24T11:54:50.839717 skip_listing [train]: validation complete — all 6,811 samples exist (0.2s, 35981 checks/s); 92,514 URIs ready for rank 0 (68,090,280 total across all ranks)
[OUTPUT] 2026-07-24T11:54:50.841380 File listing [train]: 68090280 files discovered, 92513 assigned to rank 0, completed in 0.37s
[OUTPUT] 2026-07-24T11:54:50.841450 skip_listing [valid]: generated 0 file URIs deterministically (0 total — validation disabled)
[OUTPUT] 2026-07-24T11:54:50.841479 File listing [valid]: 0 files discovered, 0 assigned to rank 0, completed in 0.00s
[OUTPUT] 2026-07-24T11:54:50.841500 Streamed file sharding: 68090280 train files across 736 ranks via round-robin (rank 0 shard: 92513 files)
[WARNING] On host cn017: reader.read_threads=4 x local_ranks=46 = 184 workers, estimated ~92 GB — exceeds 50% of available RAM on this node (165 GB). Consider reducing read_threads to avoid OOM.
[WARNING] On host cn017: reader.read_threads=4 x local_ranks=46 = 184 workers, estimated ~92 GB — exceeds 50% of available RAM on this node (165 GB). Consider reducing read_threads to avoid OOM.
[WARNING] On host cn017: reader.read_threads=4 x local_ranks=46 = 184 workers, estimated ~92 GB — exceeds 50% of available RAM on this node (165 GB). Consider reducing read_threads to avoid OOM.
[WARNING] On host cn017: reader.read_threads=4 x local_ranks=46 = 184 workers, estimated ~92 GB — exceeds 50% of available RAM on this node (165 GB). Consider reducing read_threads to avoid OOM.
[WARNING] On host cn017: reader.read_threads=4 x local_ranks=46 = 184 workers, estimated ~92 GB — exceeds 50% of available RAM on this node (165 GB). Consider reducing read_threads to avoid OOM.
[WARNING] On host cn017: reader.read_threads=4 x local_ranks=46 = 184 workers, estimated ~92 GB — exceeds 50% of available RAM on this node (165 GB). Consider reducing read_threads to avoid OOM.
[WARNING] On host cn017: reader.read_threads=4 x local_ranks=46 = 184 workers, estimated ~92 GB — exceeds 50% of available RAM on this node (165 GB). Consider reducing read_threads to avoid OOM.
[WARNING] On host cn017: reader.read_threads=4 x local_ranks=46 = 184 workers, estimated ~92 GB — exceeds 50% of available RAM on this node (165 GB). Consider reducing read_threads to avoid OOM.
[WARNING] On host cn017: reader.read_threads=4 x local_ranks=46 = 184 workers, estimated ~92 GB — exceeds 50% of available RAM on this node (165 GB). Consider reducing read_threads to avoid OOM.
[WARNING] On host cn017: reader.read_threads=4 x local_ranks=46 = 184 workers, estimated ~92 GB — exceeds 50% of available RAM on this node (165 GB). Consider reducing read_threads to avoid OOM.
[WARNING] On host cn017: reader.read_threads=4 x local_ranks=46 = 184 workers, estimated ~92 GB — exceeds 50% of available RAM on this node (165 GB). Consider reducing read_threads to avoid OOM.
[WARNING] On host cn017: reader.read_threads=4 x local_ranks=46 = 184 workers, estimated ~92 GB — exceeds 50% of available RAM on this node (165 GB). Consider reducing read_threads to avoid OOM.
[WARNING] On host cn017: reader.read_threads=4 x local_ranks=46 = 184 workers, estimated ~92 GB — exceeds 50% of available RAM on this node (165 GB). Consider reducing read_threads to avoid OOM.
[WARNING] On host cn017: reader.read_threads=4 x local_ranks=46 = 184 workers, estimated ~92 GB — exceeds 50% of available RAM on this node (165 GB). Consider reducing read_threads to avoid OOM.
[WARNING] On host cn017: reader.read_threads=4 x local_ranks=46 = 184 workers, estimated ~92 GB — exceeds 50% of available RAM on this node (165 GB). Consider reducing read_threads to avoid OOM.
[WARNING] On host cn017: reader.read_threads=4 x local_ranks=46 = 184 workers, estimated ~92 GB — exceeds 50% of available RAM on this node (165 GB). Consider reducing read_threads to avoid OOM.
[WARNING] On host cn017: reader.read_threads=4 x local_ranks=46 = 184 workers, estimated ~92 GB — exceeds 50% of available RAM on this node (165 GB). Consider reducing read_threads to avoid OOM.
[WARNING] On host cn017: reader.read_threads=4 x local_ranks=46 = 184 workers, estimated ~92 GB — exceeds 50% of available RAM on this node (165 GB). Consider reducing read_threads to avoid OOM.
[WARNING] On host cn017: reader.read_threads=4 x local_ranks=46 = 184 workers, estimated ~92 GB — exceeds 50% of available RAM on this node (165 GB). Consider reducing read_threads to avoid OOM.
[WARNING] On host cn017: reader.read_threads=4 x local_ranks=46 = 184 workers, estimated ~92 GB — exceeds 50% of available RAM on this node (165 GB). Consider reducing read_threads to avoid OOM.
[WARNING] On host cn017: reader.read_threads=4 x local_ranks=46 = 184 workers, estimated ~92 GB — exceeds 50% of available RAM on this node (165 GB). Consider reducing read_threads to avoid OOM.
[WARNING] On host cn017: reader.read_threads=4 x local_ranks=46 = 184 workers, estimated ~92 GB — exceeds 50% of available RAM on this node (165 GB). Consider reducing read_threads to avoid OOM.
[WARNING] On host cn017: reader.read_threads=4 x local_ranks=46 = 184 workers, estimated ~92 GB — exceeds 50% of available RAM on this node (165 GB). Consider reducing read_threads to avoid OOM.
[WARNING] On host cn017: reader.read_threads=4 x local_ranks=46 = 184 workers, estimated ~92 GB — exceeds 50% of available RAM on this node (165 GB). Consider reducing read_threads to avoid OOM.
[WARNING] On host cn017: reader.read_threads=4 x local_ranks=46 = 184 workers, estimated ~92 GB — exceeds 50% of available RAM on this node (165 GB). Consider reducing read_threads to avoid OOM.
[WARNING] On host cn017: reader.read_threads=4 x local_ranks=46 = 184 workers, estimated ~92 GB — exceeds 50% of available RAM on this node (165 GB). Consider reducing read_threads to avoid OOM.
[WARNING] On host cn017: reader.read_threads=4 x local_ranks=46 = 184 workers, estimated ~92 GB — exceeds 50% of available RAM on this node (165 GB). Consider reducing read_threads to avoid OOM.
[WARNING] On host cn017: reader.read_threads=4 x local_ranks=46 = 184 workers, estimated ~92 GB — exceeds 50% of available RAM on this node (165 GB). Consider reducing read_threads to avoid OOM.
[WARNING] On host cn017: reader.read_threads=4 x local_ranks=46 = 184 workers, estimated ~92 GB — exceeds 50% of available RAM on this node (165 GB). Consider reducing read_threads to avoid OOM.
[WARNING] On host cn017: reader.read_threads=4 x local_ranks=46 = 184 workers, estimated ~92 GB — exceeds 50% of available RAM on this node (165 GB). Consider reducing read_threads to avoid OOM.
[WARNING] On host cn017: reader.read_threads=4 x local_ranks=46 = 184 workers, estimated ~92 GB — exceeds 50% of available RAM on this node (165 GB). Consider reducing read_threads to avoid OOM.
[WARNING] On host cn017: reader.read_threads=4 x local_ranks=46 = 184 workers, estimated ~92 GB — exceeds 50% of available RAM on this node (165 GB). Consider reducing read_threads to avoid OOM.
[WARNING] On host cn017: reader.read_threads=4 x local_ranks=46 = 184 workers, estimated ~92 GB — exceeds 50% of available RAM on this node (165 GB). Consider reducing read_threads to avoid OOM.
[WARNING] On host cn017: reader.read_threads=4 x local_ranks=46 = 184 workers, estimated ~92 GB — exceeds 50% of available RAM on this node (165 GB). Consider reducing read_threads to avoid OOM.
[WARNING] On host cn017: reader.read_threads=4 x local_ranks=46 = 184 workers, estimated ~92 GB — exceeds 50% of available RAM on this node (165 GB). Consider reducing read_threads to avoid OOM.
[WARNING] On host cn017: reader.read_threads=4 x local_ranks=46 = 184 workers, estimated ~92 GB — exceeds 50% of available RAM on this node (165 GB). Consider reducing read_threads to avoid OOM.
[WARNING] On host cn017: reader.read_threads=4 x local_ranks=46 = 184 workers, estimated ~92 GB — exceeds 50% of available RAM on this node (165 GB). Consider reducing read_threads to avoid OOM.
[WARNING] On host cn017: reader.read_threads=4 x local_ranks=46 = 184 workers, estimated ~92 GB — exceeds 50% of available RAM on this node (165 GB). Consider reducing read_threads to avoid OOM.
[WARNING] On host cn017: reader.read_threads=4 x local_ranks=46 = 184 workers, estimated ~92 GB — exceeds 50% of available RAM on this node (165 GB). Consider reducing read_threads to avoid OOM.
[WARNING] On host cn017: reader.read_threads=4 x local_ranks=46 = 184 workers, estimated ~92 GB — exceeds 50% of available RAM on this node (165 GB). Consider reducing read_threads to avoid OOM.
[WARNING] On host cn020: reader.read_threads=4 x local_ranks=46 = 184 workers, estimated ~92 GB — exceeds 50% of available RAM on this node (166 GB). Consider reducing read_threads to avoid OOM.
[WARNING] On host cn018: reader.read_threads=4 x local_ranks=46 = 184 workers, estimated ~92 GB — exceeds 50% of available RAM on this node (165 GB). Consider reducing read_threads to avoid OOM.
[WARNING] On host cn019: reader.read_threads=4 x local_ranks=46 = 184 workers, estimated ~92 GB — exceeds 50% of available RAM on this node (176 GB). Consider reducing read_threads to avoid OOM.
[WARNING] On host cn017: reader.read_threads=4 x local_ranks=46 = 184 workers, estimated ~92 GB — exceeds 50% of available RAM on this node (165 GB). Consider reducing read_threads to avoid OOM.
[WARNING] On host cn017: reader.read_threads=4 x local_ranks=46 = 184 workers, estimated ~92 GB — exceeds 50% of available RAM on this node (165 GB). Consider reducing read_threads to avoid OOM.
[WARNING] On host cn017: reader.read_threads=4 x local_ranks=46 = 184 workers, estimated ~92 GB — exceeds 50% of available RAM on this node (165 GB). Consider reducing read_threads to avoid OOM.
[WARNING] On host cn020: reader.read_threads=4 x local_ranks=46 = 184 workers, estimated ~92 GB — exceeds 50% of available RAM on this node (166 GB). Consider reducing read_threads to avoid OOM.
[WARNING] On host cn022: reader.read_threads=4 x local_ranks=46 = 184 workers, estimated ~92 GB — exceeds 50% of available RAM on this node (166 GB). Consider reducing read_threads to avoid OOM.
[WARNING] On host cn024: reader.read_threads=4 x local_ranks=46 = 184 workers, estimated ~92 GB — exceeds 50% of available RAM on this node (166 GB). Consider reducing read_threads to avoid OOM.
[WARNING] On host cn025: reader.read_threads=4 x local_ranks=46 = 184 workers, estimated ~92 GB — exceeds 50% of available RAM on this node (166 GB). Consider reducing read_threads to avoid OOM.
[WARNING] On host cn027: reader.read_threads=4 x local_ranks=46 = 184 workers, estimated ~92 GB — exceeds 50% of available RAM on this node (166 GB). Consider reducing read_threads to avoid OOM.
[WARNING] On host cn030: reader.read_threads=4 x local_ranks=46 = 184 workers, estimated ~92 GB — exceeds 50% of available RAM on this node (166 GB). Consider reducing read_threads to avoid OOM.
[WARNING] On host cn017: reader.read_threads=4 x local_ranks=46 = 184 workers, estimated ~92 GB — exceeds 50% of available RAM on this node (165 GB). Consider reducing read_threads to avoid OOM.
[WARNING] On host cn028: reader.read_threads=4 x local_ranks=46 = 184 workers, estimated ~92 GB — exceeds 50% of available RAM on this node (166 GB). Consider reducing read_threads to avoid OOM.
[WARNING] On host cn027: reader.read_threads=4 x local_ranks=46 = 184 workers, estimated ~92 GB — exceeds 50% of available RAM on this node (166 GB). Consider reducing read_threads to avoid OOM.
[WARNING] On host cn019: reader.read_threads=4 x local_ranks=46 = 184 workers, estimated ~92 GB — exceeds 50% of available RAM on this node (176 GB). Consider reducing read_threads to avoid OOM.
[WARNING] On host cn020: reader.read_threads=4 x local_ranks=46 = 184 workers, estimated ~92 GB — exceeds 50% of available RAM on this node (166 GB). Consider reducing read_threads to avoid OOM.
[WARNING] On host cn022: reader.read_threads=4 x local_ranks=46 = 184 workers, estimated ~92 GB — exceeds 50% of available RAM on this node (166 GB). Consider reducing read_threads to avoid OOM.
[WARNING] On host cn029: reader.read_threads=4 x local_ranks=46 = 184 workers, estimated ~92 GB — exceeds 50% of available RAM on this node (166 GB). Consider reducing read_threads to avoid OOM.
[WARNING] On host cn020: reader.read_threads=4 x local_ranks=46 = 184 workers, estimated ~92 GB — exceeds 50% of available RAM on this node (166 GB). Consider reducing read_threads to avoid OOM.
[WARNING] On host cn022: reader.read_threads=4 x local_ranks=46 = 184 workers, estimated ~92 GB — exceeds 50% of available RAM on this node (166 GB). Consider reducing read_threads to avoid OOM.
[WARNING] On host cn023: reader.read_threads=4 x local_ranks=46 = 184 workers, estimated ~92 GB — exceeds 50% of available RAM on this node (176 GB). Consider reducing read_threads to avoid OOM.
[WARNING] On host cn031: reader.read_threads=4 x local_ranks=46 = 184 workers, estimated ~92 GB — exceeds 50% of available RAM on this node (166 GB). Consider reducing read_threads to avoid OOM.
[WARNING] On host cn025: reader.read_threads=4 x local_ranks=46 = 184 workers, estimated ~92 GB — exceeds 50% of available RAM on this node (166 GB). Consider reducing read_threads to avoid OOM.
[WARNING] On host cn027: reader.read_threads=4 x local_ranks=46 = 184 workers, estimated ~92 GB — exceeds 50% of available RAM on this node (166 GB). Consider reducing read_threads to avoid OOM.
[WARNING] On host cn026: reader.read_threads=4 x local_ranks=46 = 184 workers, estimated ~92 GB — exceeds 50% of available RAM on this node (166 GB). Consider reducing read_threads to avoid OOM.
[WARNING] On host cn030: reader.read_threads=4 x local_ranks=46 = 184 workers, estimated ~92 GB — exceeds 50% of available RAM on this node (166 GB). Consider reducing read_threads to avoid OOM.
[WARNING] On host cn018: reader.read_threads=4 x local_ranks=46 = 184 workers, estimated ~92 GB — exceeds 50% of available RAM on this node (165 GB). Consider reducing read_threads to avoid OOM.
[WARNING] On host cn019: reader.read_threads=4 x local_ranks=46 = 184 workers, estimated ~92 GB — exceeds 50% of available RAM on this node (176 GB). Consider reducing read_threads to avoid OOM.
[WARNING] On host cn029: reader.read_threads=4 x local_ranks=46 = 184 workers, estimated ~92 GB — exceeds 50% of available RAM on this node (166 GB). Consider reducing read_threads to avoid OOM.
[WARNING] On host cn020: reader.read_threads=4 x local_ranks=46 = 184 workers, estimated ~92 GB — exceeds 50% of available RAM on this node (166 GB). Consider reducing read_threads to avoid OOM.
[WARNING] On host cn022: reader.read_threads=4 x local_ranks=46 = 184 workers, estimated ~92 GB — exceeds 50% of available RAM on this node (166 GB). Consider reducing read_threads to avoid OOM.
[WARNING] On host cn021: reader.read_threads=4 x local_ranks=46 = 184 workers, estimated ~92 GB — exceeds 50% of available RAM on this node (166 GB). Consider reducing read_threads to avoid OOM.
[WARNING] On host cn024: reader.read_threads=4 x local_ranks=46 = 184 workers, estimated ~92 GB — exceeds 50% of available RAM on this node (166 GB). Consider reducing read_threads to avoid OOM.
[WARNING] On host cn025: reader.read_threads=4 x local_ranks=46 = 184 workers, estimated ~92 GB — exceeds 50% of available RAM on this node (166 GB). Consider reducing read_threads to avoid OOM.
[WARNING] On host cn028: reader.read_threads=4 x local_ranks=46 = 184 workers, estimated ~92 GB — exceeds 50% of available RAM on this node (166 GB). Consider reducing read_threads to avoid OOM.
[WARNING] On host cn027: reader.read_threads=4 x local_ranks=46 = 184 workers, estimated ~92 GB — exceeds 50% of available RAM on this node (166 GB). Consider reducing read_threads to avoid OOM.
[WARNING] On host cn032: reader.read_threads=4 x local_ranks=46 = 184 workers, estimated ~92 GB — exceeds 50% of available RAM on this node (176 GB). Consider reducing read_threads to avoid OOM.
[WARNING] On host cn030: reader.read_threads=4 x local_ranks=46 = 184 workers, estimated ~92 GB — exceeds 50% of available RAM on this node (166 GB). Consider reducing read_threads to avoid OOM.
[WARNING] On host cn018: reader.read_threads=4 x local_ranks=46 = 184 workers, estimated ~92 GB — exceeds 50% of available RAM on this node (165 GB). Consider reducing read_threads to avoid OOM.
[WARNING] On host cn019: reader.read_threads=4 x local_ranks=46 = 184 workers, estimated ~92 GB — exceeds 50% of available RAM on this node (176 GB). Consider reducing read_threads to avoid OOM.
[WARNING] On host cn017: reader.read_threads=4 x local_ranks=46 = 184 workers, estimated ~92 GB — exceeds 50% of available RAM on this node (165 GB). Consider reducing read_threads to avoid OOM.
[WARNING] On host cn017: reader.read_threads=4 x local_ranks=46 = 184 workers, estimated ~92 GB — exceeds 50% of available RAM on this node (165 GB). Consider reducing read_threads to avoid OOM.
[WARNING] On host cn029: reader.read_threads=4 x local_ranks=46 = 184 workers, estimated ~92 GB — exceeds 50% of available RAM on this node (166 GB). Consider reducing read_threads to avoid OOM.
[WARNING] On host cn020: reader.read_threads=4 x local_ranks=46 = 184 workers, estimated ~92 GB — exceeds 50% of available RAM on this node (166 GB). Consider reducing read_threads to avoid OOM.
[WARNING] On host cn022: reader.read_threads=4 x local_ranks=46 = 184 workers, estimated ~92 GB — exceeds 50% of available RAM on this node (166 GB). Consider reducing read_threads to avoid OOM.
[WARNING] On host cn023: reader.read_threads=4 x local_ranks=46 = 184 workers, estimated ~92 GB — exceeds 50% of available RAM on this node (176 GB). Consider reducing read_threads to avoid OOM.
[WARNING] On host cn021: reader.read_threads=4 x local_ranks=46 = 184 workers, estimated ~92 GB — exceeds 50% of available RAM on this node (166 GB). Consider reducing read_threads to avoid OOM.
[WARNING] On host cn024: reader.read_threads=4 x local_ranks=46 = 184 workers, estimated ~92 GB — exceeds 50% of available RAM on this node (166 GB). Consider reducing read_threads to avoid OOM.
[WARNING] On host cn031: reader.read_threads=4 x local_ranks=46 = 184 workers, estimated ~92 GB — exceeds 50% of available RAM on this node (166 GB). Consider reducing read_threads to avoid OOM.
[WARNING] On host cn025: reader.read_threads=4 x local_ranks=46 = 184 workers, estimated ~92 GB — exceeds 50% of available RAM on this node (166 GB). Consider reducing read_threads to avoid OOM.
[WARNING] On host cn028: reader.read_threads=4 x local_ranks=46 = 184 workers, estimated ~92 GB — exceeds 50% of available RAM on this node (166 GB). Consider reducing read_threads to avoid OOM.
[WARNING] On host cn027: reader.read_threads=4 x local_ranks=46 = 184 workers, estimated ~92 GB — exceeds 50% of available RAM on this node (166 GB). Consider reducing read_threads to avoid OOM.
[WARNING] On host cn026: reader.read_threads=4 x local_ranks=46 = 184 workers, estimated ~92 GB — exceeds 50% of available RAM on this node (166 GB). Consider reducing read_threads to avoid OOM.
[WARNING] On host cn032: reader.read_threads=4 x local_ranks=46 = 184 workers, estimated ~92 GB — exceeds 50% of available RAM on this node (176 GB). Consider reducing read_threads to avoid OOM.
[WARNING] On host cn030: reader.read_threads=4 x local_ranks=46 = 184 workers, estimated ~92 GB — exceeds 50% of available RAM on this node (166 GB). Consider reducing read_threads to avoid OOM.
[WARNING] On host cn018: reader.read_threads=4 x local_ranks=46 = 184 workers, estimated ~92 GB — exceeds 50% of available RAM on this node (165 GB). Consider reducing read_threads to avoid OOM.
[WARNING] On host cn019: reader.read_threads=4 x local_ranks=46 = 184 workers, estimated ~92 GB — exceeds 50% of available RAM on this node (176 GB). Consider reducing read_threads to avoid OOM.
[WARNING] On host cn029: reader.read_threads=4 x local_ranks=46 = 184 workers, estimated ~92 GB — exceeds 50% of available RAM on this node (166 GB). Consider reducing read_threads to avoid OOM.
[WARNING] On host cn020: reader.read_threads=4 x local_ranks=46 = 184 workers, estimated ~92 GB — exceeds 50% of available RAM on this node (166 GB). Consider reducing read_threads to avoid OOM.
[WARNING] On host cn022: reader.read_threads=4 x local_ranks=46 = 184 workers, estimated ~92 GB — exceeds 50% of available RAM on this node (166 GB). Consider reducing read_threads to avoid OOM.
[WARNING] On host cn023: reader.read_threads=4 x local_ranks=46 = 184 workers, estimated ~92 GB — exceeds 50% of available RAM on this node (176 GB). Consider reducing read_threads to avoid OOM.
[WARNING] On host cn021: reader.read_threads=4 x local_ranks=46 = 184 workers, estimated ~92 GB — exceeds 50% of available RAM on this node (166 GB). Consider reducing read_threads to avoid OOM.
[WARNING] On host cn024: reader.read_threads=4 x local_ranks=46 = 184 workers, estimated ~92 GB — exceeds 50% of available RAM on this node (166 GB). Consider reducing read_threads to avoid OOM.
[WARNING] On host cn031: reader.read_threads=4 x local_ranks=46 = 184 workers, estimated ~92 GB — exceeds 50% of available RAM on this node (166 GB). Consider reducing read_threads to avoid OOM.
[WARNING] On host cn025: reader.read_threads=4 x local_ranks=46 = 184 workers, estimated ~92 GB — exceeds 50% of available RAM on this node (166 GB). Consider reducing read_threads to avoid OOM.
[WARNING] On host cn028: reader.read_threads=4 x local_ranks=46 = 184 workers, estimated ~92 GB — exceeds 50% of available RAM on this node (166 GB). Consider reducing read_threads to avoid OOM.
[WARNING] On host cn027: reader.read_threads=4 x local_ranks=46 = 184 workers, estimated ~92 GB — exceeds 50% of available RAM on this node (166 GB). Consider reducing read_threads to avoid OOM.
[WARNING] On host cn026: reader.read_threads=4 x local_ranks=46 = 184 workers, estimated ~92 GB — exceeds 50% of available RAM on this node (166 GB). Consider reducing read_threads to avoid OOM.
[WARNING] On host cn032: reader.read_threads=4 x local_ranks=46 = 184 workers, estimated ~92 GB — exceeds 50% of available RAM on this node (176 GB). Consider reducing read_threads to avoid OOM.
[WARNING] On host cn030: reader.read_threads=4 x local_ranks=46 = 184 workers, estimated ~92 GB — exceeds 50% of available RAM on this node (166 GB). Consider reducing read_threads to avoid OOM.
[WARNING] On host cn018: reader.read_threads=4 x local_ranks=46 = 184 workers, estimated ~92 GB — exceeds 50% of available RAM on this node (165 GB). Consider reducing read_threads to avoid OOM.
[WARNING] On host cn019: reader.read_threads=4 x local_ranks=46 = 184 workers, estimated ~92 GB — exceeds 50% of available RAM on this node (176 GB). Consider reducing read_threads to avoid OOM.
[WARNING] On host cn029: reader.read_threads=4 x local_ranks=46 = 184 workers, estimated ~92 GB — exceeds 50% of available RAM on this node (166 GB). Consider reducing read_threads to avoid OOM.
[WARNING] On host cn020: reader.read_threads=4 x local_ranks=46 = 184 workers, estimated ~92 GB — exceeds 50% of available RAM on this node (166 GB). Consider reducing read_threads to avoid OOM.
[WARNING] On host cn022: reader.read_threads=4 x local_ranks=46 = 184 workers, estimated ~92 GB — exceeds 50% of available RAM on this node (166 GB). Consider reducing read_threads to avoid OOM.
[WARNING] On host cn023: reader.read_threads=4 x local_ranks=46 = 184 workers, estimated ~92 GB — exceeds 50% of available RAM on this node (176 GB). Consider reducing read_threads to avoid OOM.
[WARNING] On host cn021: reader.read_threads=4 x local_ranks=46 = 184 workers, estimated ~92 GB — exceeds 50% of available RAM on this node (166 GB). Consider reducing read_threads to avoid OOM.
[WARNING] On host cn024: reader.read_threads=4 x local_ranks=46 = 184 workers, estimated ~92 GB — exceeds 50% of available RAM on this node (166 GB). Consider reducing read_threads to avoid OOM.
[WARNING] On host cn031: reader.read_threads=4 x local_ranks=46 = 184 workers, estimated ~92 GB — exceeds 50% of available RAM on this node (166 GB). Consider reducing read_threads to avoid OOM.
[WARNING] On host cn025: reader.read_threads=4 x local_ranks=46 = 184 workers, estimated ~92 GB — exceeds 50% of available RAM on this node (166 GB). Consider reducing read_threads to avoid OOM.
[WARNING] On host cn028: reader.read_threads=4 x local_ranks=46 = 184 workers, estimated ~92 GB — exceeds 50% of available RAM on this node (166 GB). Consider reducing read_threads to avoid OOM.
[WARNING] On host cn027: reader.read_threads=4 x local_ranks=46 = 184 workers, estimated ~92 GB — exceeds 50% of available RAM on this node (166 GB). Consider reducing read_threads to avoid OOM.
[WARNING] On host cn026: reader.read_threads=4 x local_ranks=46 = 184 workers, estimated ~92 GB — exceeds 50% of available RAM on this node (166 GB). Consider reducing read_threads to avoid OOM.
[WARNING] On host cn032: reader.read_threads=4 x local_ranks=46 = 184 workers, estimated ~92 GB — exceeds 50% of available RAM on this node (176 GB). Consider reducing read_threads to avoid OOM.
[WARNING] On host cn030: reader.read_threads=4 x local_ranks=46 = 184 workers, estimated ~92 GB — exceeds 50% of available RAM on this node (166 GB). Consider reducing read_threads to avoid OOM.
[WARNING] On host cn018: reader.read_threads=4 x local_ranks=46 = 184 workers, estimated ~92 GB — exceeds 50% of available RAM on this node (165 GB). Consider reducing read_threads to avoid OOM.
[WARNING] On host cn019: reader.read_threads=4 x local_ranks=46 = 184 workers, estimated ~92 GB — exceeds 50% of available RAM on this node (176 GB). Consider reducing read_threads to avoid OOM.
[WARNING] On host cn029: reader.read_threads=4 x local_ranks=46 = 184 workers, estimated ~92 GB — exceeds 50% of available RAM on this node (166 GB). Consider reducing read_threads to avoid OOM.
[WARNING] On host cn020: reader.read_threads=4 x local_ranks=46 = 184 workers, estimated ~92 GB — exceeds 50% of available RAM on this node (166 GB). Consider reducing read_threads to avoid OOM.
[WARNING] On host cn022: reader.read_threads=4 x local_ranks=46 = 184 workers, estimated ~92 GB — exceeds 50% of available RAM on this node (166 GB). Consider reducing read_threads to avoid OOM.
[WARNING] On host cn023: reader.read_threads=4 x local_ranks=46 = 184 workers, estimated ~92 GB — exceeds 50% of available RAM on this node (176 GB). Consider reducing read_threads to avoid OOM.
[WARNING] On host cn021: reader.read_threads=4 x local_ranks=46 = 184 workers, estimated ~92 GB — exceeds 50% of available RAM on this node (166 GB). Consider reducing read_threads to avoid OOM.
[WARNING] On host cn024: reader.read_threads=4 x local_ranks=46 = 184 workers, estimated ~92 GB — exceeds 50% of available RAM on this node (166 GB). Consider reducing read_threads to avoid OOM.
[WARNING] On host cn031: reader.read_threads=4 x local_ranks=46 = 184 workers, estimated ~92 GB — exceeds 50% of available RAM on this node (166 GB). Consider reducing read_threads to avoid OOM.
[WARNING] On host cn025: reader.read_threads=4 x local_ranks=46 = 184 workers, estimated ~92 GB — exceeds 50% of available RAM on this node (166 GB). Consider reducing read_threads to avoid OOM.
[WARNING] On host cn028: reader.read_threads=4 x local_ranks=46 = 184 workers, estimated ~92 GB — exceeds 50% of available RAM on this node (166 GB). Consider reducing read_threads to avoid OOM.
[WARNING] On host cn027: reader.read_threads=4 x local_ranks=46 = 184 workers, estimated ~92 GB — exceeds 50% of available RAM on this node (166 GB). Consider reducing read_threads to avoid OOM.
[WARNING] On host cn026: reader.read_threads=4 x local_ranks=46 = 184 workers, estimated ~92 GB — exceeds 50% of available RAM on this node (166 GB). Consider reducing read_threads to avoid OOM.
[WARNING] On host cn032: reader.read_threads=4 x local_ranks=46 = 184 workers, estimated ~92 GB — exceeds 50% of available RAM on this node (176 GB). Consider reducing read_threads to avoid OOM.
[WARNING] On host cn030: reader.read_threads=4 x local_ranks=46 = 184 workers, estimated ~92 GB — exceeds 50% of available RAM on this node (166 GB). Consider reducing read_threads to avoid OOM.
[WARNING] On host cn018: reader.read_threads=4 x local_ranks=46 = 184 workers, estimated ~92 GB — exceeds 50% of available RAM on this node (165 GB). Consider reducing read_threads to avoid OOM.
[WARNING] On host cn019: reader.read_threads=4 x local_ranks=46 = 184 workers, estimated ~92 GB — exceeds 50% of available RAM on this node (176 GB). Consider reducing read_threads to avoid OOM.
[WARNING] On host cn029: reader.read_threads=4 x local_ranks=46 = 184 workers, estimated ~92 GB — exceeds 50% of available RAM on this node (166 GB). Consider reducing read_threads to avoid OOM.
[WARNING] On host cn020: reader.read_threads=4 x local_ranks=46 = 184 workers, estimated ~92 GB — exceeds 50% of available RAM on this node (166 GB). Consider reducing read_threads to avoid OOM.
[WARNING] On host cn022: reader.read_threads=4 x local_ranks=46 = 184 workers, estimated ~92 GB — exceeds 50% of available RAM on this node (166 GB). Consider reducing read_threads to avoid OOM.
[WARNING] On host cn023: reader.read_threads=4 x local_ranks=46 = 184 workers, estimated ~92 GB — exceeds 50% of available RAM on this node (176 GB). Consider reducing read_threads to avoid OOM.
[WARNING] On host cn021: reader.read_threads=4 x local_ranks=46 = 184 workers, estimated ~92 GB — exceeds 50% of available RAM on this node (166 GB). Consider reducing read_threads to avoid OOM.
[WARNING] On host cn024: reader.read_threads=4 x local_ranks=46 = 184 workers, estimated ~92 GB — exceeds 50% of available RAM on this node (166 GB). Consider reducing read_threads to avoid OOM.
[WARNING] On host cn031: reader.read_threads=4 x local_ranks=46 = 184 workers, estimated ~92 GB — exceeds 50% of available RAM on this node (166 GB). Consider reducing read_threads to avoid OOM.
[WARNING] On host cn025: reader.read_threads=4 x local_ranks=46 = 184 workers, estimated ~92 GB — exceeds 50% of available RAM on this node (166 GB). Consider reducing read_threads to avoid OOM.
[WARNING] On host cn028: reader.read_threads=4 x local_ranks=46 = 184 workers, estimated ~92 GB — exceeds 50% of available RAM on this node (166 GB). Consider reducing read_threads to avoid OOM.
[WARNING] On host cn027: reader.read_threads=4 x local_ranks=46 = 184 workers, estimated ~92 GB — exceeds 50% of available RAM on this node (166 GB). Consider reducing read_threads to avoid OOM.
[WARNING] On host cn026: reader.read_threads=4 x local_ranks=46 = 184 workers, estimated ~92 GB — exceeds 50% of available RAM on this node (166 GB). Consider reducing read_threads to avoid OOM.
[WARNING] On host cn032: reader.read_threads=4 x local_ranks=46 = 184 workers, estimated ~92 GB — exceeds 50% of available RAM on this node (176 GB). Consider reducing read_threads to avoid OOM.
[WARNING] On host cn030: reader.read_threads=4 x local_ranks=46 = 184 workers, estimated ~92 GB — exceeds 50% of available RAM on this node (166 GB). Consider reducing read_threads to avoid OOM.
[WARNING] On host cn018: reader.read_threads=4 x local_ranks=46 = 184 workers, estimated ~92 GB — exceeds 50% of available RAM on this node (165 GB). Consider reducing read_threads to avoid OOM.
[WARNING] On host cn019: reader.read_threads=4 x local_ranks=46 = 184 workers, estimated ~92 GB — exceeds 50% of available RAM on this node (176 GB). Consider reducing read_threads to avoid OOM.
[WARNING] On host cn029: reader.read_threads=4 x local_ranks=46 = 184 workers, estimated ~92 GB — exceeds 50% of available RAM on this node (166 GB). Consider reducing read_threads to avoid OOM.
[WARNING] On host cn020: reader.read_threads=4 x local_ranks=46 = 184 workers, estimated ~92 GB — exceeds 50% of available RAM on this node (166 GB). Consider reducing read_threads to avoid OOM.
[WARNING] On host cn022: reader.read_threads=4 x local_ranks=46 = 184 workers, estimated ~92 GB — exceeds 50% of available RAM on this node (166 GB). Consider reducing read_threads to avoid OOM.
[WARNING] On host cn023: reader.read_threads=4 x local_ranks=46 = 184 workers, estimated ~92 GB — exceeds 50% of available RAM on this node (176 GB). Consider reducing read_threads to avoid OOM.
[WARNING] On host cn021: reader.read_threads=4 x local_ranks=46 = 184 workers, estimated ~92 GB — exceeds 50% of available RAM on this node (166 GB). Consider reducing read_threads to avoid OOM.
[WARNING] On host cn024: reader.read_threads=4 x local_ranks=46 = 184 workers, estimated ~92 GB — exceeds 50% of available RAM on this node (166 GB). Consider reducing read_threads to avoid OOM.
[WARNING] On host cn031: reader.read_threads=4 x local_ranks=46 = 184 workers, estimated ~92 GB — exceeds 50% of available RAM on this node (166 GB). Consider reducing read_threads to avoid OOM.
[WARNING] On host cn025: reader.read_threads=4 x local_ranks=46 = 184 workers, estimated ~92 GB — exceeds 50% of available RAM on this node (166 GB). Consider reducing read_threads to avoid OOM.
[WARNING] On host cn028: reader.read_threads=4 x local_ranks=46 = 184 workers, estimated ~92 GB — exceeds 50% of available RAM on this node (166 GB). Consider reducing read_threads to avoid OOM.
[WARNING] On host cn027: reader.read_threads=4 x local_ranks=46 = 184 workers, estimated ~92 GB — exceeds 50% of available RAM on this node (166 GB). Consider reducing read_threads to avoid OOM.
[WARNING] On host cn026: reader.read_threads=4 x local_ranks=46 = 184 workers, estimated ~92 GB — exceeds 50% of available RAM on this node (166 GB). Consider reducing read_threads to avoid OOM.
[WARNING] On host cn032: reader.read_threads=4 x local_ranks=46 = 184 workers, estimated ~92 GB — exceeds 50% of available RAM on this node (176 GB). Consider reducing read_threads to avoid OOM.
[WARNING] On host cn030: reader.read_threads=4 x local_ranks=46 = 184 workers, estimated ~92 GB — exceeds 50% of available RAM on this node (166 GB). Consider reducing read_threads to avoid OOM.
[WARNING] On host cn018: reader.read_threads=4 x local_ranks=46 = 184 workers, estimated ~92 GB — exceeds 50% of available RAM on this node (165 GB). Consider reducing read_threads to avoid OOM.
[WARNING] On host cn019: reader.read_threads=4 x local_ranks=46 = 184 workers, estimated ~92 GB — exceeds 50% of available RAM on this node (176 GB). Consider reducing read_threads to avoid OOM.
[WARNING] On host cn030: reader.read_threads=4 x local_ranks=46 = 184 workers, estimated ~92 GB — exceeds 50% of available RAM on this node (166 GB). Consider reducing read_threads to avoid OOM.
[WARNING] On host cn018: reader.read_threads=4 x local_ranks=46 = 184 workers, estimated ~92 GB — exceeds 50% of available RAM on this node (165 GB). Consider reducing read_threads to avoid OOM.
[WARNING] On host cn019: reader.read_threads=4 x local_ranks=46 = 184 workers, estimated ~92 GB — exceeds 50% of available RAM on this node (176 GB). Consider reducing read_threads to avoid OOM.
[WARNING] On host cn029: reader.read_threads=4 x local_ranks=46 = 184 workers, estimated ~92 GB — exceeds 50% of available RAM on this node (166 GB). Consider reducing read_threads to avoid OOM.
[WARNING] On host cn020: reader.read_threads=4 x local_ranks=46 = 184 workers, estimated ~92 GB — exceeds 50% of available RAM on this node (166 GB). Consider reducing read_threads to avoid OOM.
[WARNING] On host cn022: reader.read_threads=4 x local_ranks=46 = 184 workers, estimated ~92 GB — exceeds 50% of available RAM on this node (166 GB). Consider reducing read_threads to avoid OOM.
[WARNING] On host cn023: reader.read_threads=4 x local_ranks=46 = 184 workers, estimated ~92 GB — exceeds 50% of available RAM on this node (176 GB). Consider reducing read_threads to avoid OOM.
[WARNING] On host cn021: reader.read_threads=4 x local_ranks=46 = 184 workers, estimated ~92 GB — exceeds 50% of available RAM on this node (166 GB). Consider reducing read_threads to avoid OOM.
[WARNING] On host cn024: reader.read_threads=4 x local_ranks=46 = 184 workers, estimated ~92 GB — exceeds 50% of available RAM on this node (166 GB). Consider reducing read_threads to avoid OOM.
[WARNING] On host cn031: reader.read_threads=4 x local_ranks=46 = 184 workers, estimated ~92 GB — exceeds 50% of available RAM on this node (166 GB). Consider reducing read_threads to avoid OOM.
[WARNING] On host cn025: reader.read_threads=4 x local_ranks=46 = 184 workers, estimated ~92 GB — exceeds 50% of available RAM on this node (166 GB). Consider reducing read_threads to avoid OOM.
[WARNING] On host cn028: reader.read_threads=4 x local_ranks=46 = 184 workers, estimated ~92 GB — exceeds 50% of available RAM on this node (166 GB). Consider reducing read_threads to avoid OOM.
[WARNING] On host cn027: reader.read_threads=4 x local_ranks=46 = 184 workers, estimated ~92 GB — exceeds 50% of available RAM on this node (166 GB). Consider reducing read_threads to avoid OOM.
[WARNING] On host cn026: reader.read_threads=4 x local_ranks=46 = 184 workers, estimated ~92 GB — exceeds 50% of available RAM on this node (166 GB). Consider reducing read_threads to avoid OOM.
[WARNING] On host cn032: reader.read_threads=4 x local_ranks=46 = 184 workers, estimated ~92 GB — exceeds 50% of available RAM on this node (176 GB). Consider reducing read_threads to avoid OOM.
[WARNING] On host cn029: reader.read_threads=4 x local_ranks=46 = 184 workers, estimated ~92 GB — exceeds 50% of available RAM on this node (166 GB). Consider reducing read_threads to avoid OOM.
[WARNING] On host cn020: reader.read_threads=4 x local_ranks=46 = 184 workers, estimated ~92 GB — exceeds 50% of available RAM on this node (166 GB). Consider reducing read_threads to avoid OOM.
[WARNING] On host cn022: reader.read_threads=4 x local_ranks=46 = 184 workers, estimated ~92 GB — exceeds 50% of available RAM on this node (166 GB). Consider reducing read_threads to avoid OOM.
[WARNING] On host cn023: reader.read_threads=4 x local_ranks=46 = 184 workers, estimated ~92 GB — exceeds 50% of available RAM on this node (176 GB). Consider reducing read_threads to avoid OOM.
[WARNING] On host cn021: reader.read_threads=4 x local_ranks=46 = 184 workers, estimated ~92 GB — exceeds 50% of available RAM on this node (166 GB). Consider reducing read_threads to avoid OOM.
[WARNING] On host cn024: reader.read_threads=4 x local_ranks=46 = 184 workers, estimated ~92 GB — exceeds 50% of available RAM on this node (166 GB). Consider reducing read_threads to avoid OOM.
[WARNING] On host cn031: reader.read_threads=4 x local_ranks=46 = 184 workers, estimated ~92 GB — exceeds 50% of available RAM on this node (166 GB). Consider reducing read_threads to avoid OOM.
[WARNING] On host cn025: reader.read_threads=4 x local_ranks=46 = 184 workers, estimated ~92 GB — exceeds 50% of available RAM on this node (166 GB). Consider reducing read_threads to avoid OOM.
[WARNING] On host cn028: reader.read_threads=4 x local_ranks=46 = 184 workers, estimated ~92 GB — exceeds 50% of available RAM on this node (166 GB). Consider reducing read_threads to avoid OOM.
[WARNING] On host cn027: reader.read_threads=4 x local_ranks=46 = 184 workers, estimated ~92 GB — exceeds 50% of available RAM on this node (166 GB). Consider reducing read_threads to avoid OOM.
[WARNING] On host cn026: reader.read_threads=4 x local_ranks=46 = 184 workers, estimated ~92 GB — exceeds 50% of available RAM on this node (166 GB). Consider reducing read_threads to avoid OOM.
[WARNING] On host cn032: reader.read_threads=4 x local_ranks=46 = 184 workers, estimated ~92 GB — exceeds 50% of available RAM on this node (176 GB). Consider reducing read_threads to avoid OOM.
[WARNING] On host cn030: reader.read_threads=4 x local_ranks=46 = 184 workers, estimated ~92 GB — exceeds 50% of available RAM on this node (166 GB). Consider reducing read_threads to avoid OOM.
[WARNING] On host cn018: reader.read_threads=4 x local_ranks=46 = 184 workers, estimated ~92 GB — exceeds 50% of available RAM on this node (165 GB). Consider reducing read_threads to avoid OOM.
[WARNING] On host cn019: reader.read_threads=4 x local_ranks=46 = 184 workers, estimated ~92 GB — exceeds 50% of available RAM on this node (176 GB). Consider reducing read_threads to avoid OOM.
[WARNING] On host cn029: reader.read_threads=4 x local_ranks=46 = 184 workers, estimated ~92 GB — exceeds 50% of available RAM on this node (166 GB). Consider reducing read_threads to avoid OOM.
[WARNING] On host cn020: reader.read_threads=4 x local_ranks=46 = 184 workers, estimated ~92 GB — exceeds 50% of available RAM on this node (166 GB). Consider reducing read_threads to avoid OOM.
[WARNING] On host cn022: reader.read_threads=4 x local_ranks=46 = 184 workers, estimated ~92 GB — exceeds 50% of available RAM on this node (166 GB). Consider reducing read_threads to avoid OOM.
[WARNING] On host cn023: reader.read_threads=4 x local_ranks=46 = 184 workers, estimated ~92 GB — exceeds 50% of available RAM on this node (176 GB). Consider reducing read_threads to avoid OOM.
[WARNING] On host cn021: reader.read_threads=4 x local_ranks=46 = 184 workers, estimated ~92 GB — exceeds 50% of available RAM on this node (166 GB). Consider reducing read_threads to avoid OOM.
[WARNING] On host cn024: reader.read_threads=4 x local_ranks=46 = 184 workers, estimated ~92 GB — exceeds 50% of available RAM on this node (166 GB). Consider reducing read_threads to avoid OOM.
[WARNING] On host cn031: reader.read_threads=4 x local_ranks=46 = 184 workers, estimated ~92 GB — exceeds 50% of available RAM on this node (166 GB). Consider reducing read_threads to avoid OOM.
[WARNING] On host cn025: reader.read_threads=4 x local_ranks=46 = 184 workers, estimated ~92 GB — exceeds 50% of available RAM on this node (166 GB). Consider reducing read_threads to avoid OOM.
[WARNING] On host cn028: reader.read_threads=4 x local_ranks=46 = 184 workers, estimated ~92 GB — exceeds 50% of available RAM on this node (166 GB). Consider reducing read_threads to avoid OOM.
[WARNING] On host cn027: reader.read_threads=4 x local_ranks=46 = 184 workers, estimated ~92 GB — exceeds 50% of available RAM on this node (166 GB). Consider reducing read_threads to avoid OOM.
[WARNING] On host cn026: reader.read_threads=4 x local_ranks=46 = 184 workers, estimated ~92 GB — exceeds 50% of available RAM on this node (166 GB). Consider reducing read_threads to avoid OOM.
[WARNING] On host cn032: reader.read_threads=4 x local_ranks=46 = 184 workers, estimated ~92 GB — exceeds 50% of available RAM on this node (176 GB). Consider reducing read_threads to avoid OOM.
[WARNING] On host cn030: reader.read_threads=4 x local_ranks=46 = 184 workers, estimated ~92 GB — exceeds 50% of available RAM on this node (166 GB). Consider reducing read_threads to avoid OOM.
[WARNING] On host cn018: reader.read_threads=4 x local_ranks=46 = 184 workers, estimated ~92 GB — exceeds 50% of available RAM on this node (165 GB). Consider reducing read_threads to avoid OOM.
[WARNING] On host cn019: reader.read_threads=4 x local_ranks=46 = 184 workers, estimated ~92 GB — exceeds 50% of available RAM on this node (176 GB). Consider reducing read_threads to avoid OOM.
[WARNING] On host cn029: reader.read_threads=4 x local_ranks=46 = 184 workers, estimated ~92 GB — exceeds 50% of available RAM on this node (166 GB). Consider reducing read_threads to avoid OOM.
[WARNING] On host cn020: reader.read_threads=4 x local_ranks=46 = 184 workers, estimated ~92 GB — exceeds 50% of available RAM on this node (166 GB). Consider reducing read_threads to avoid OOM.
[WARNING] On host cn022: reader.read_threads=4 x local_ranks=46 = 184 workers, estimated ~92 GB — exceeds 50% of available RAM on this node (166 GB). Consider reducing read_threads to avoid OOM.
[WARNING] On host cn023: reader.read_threads=4 x local_ranks=46 = 184 workers, estimated ~92 GB — exceeds 50% of available RAM on this node (176 GB). Consider reducing read_threads to avoid OOM.
[WARNING] On host cn021: reader.read_threads=4 x local_ranks=46 = 184 workers, estimated ~92 GB — exceeds 50% of available RAM on this node (166 GB). Consider reducing read_threads to avoid OOM.
[WARNING] On host cn024: reader.read_threads=4 x local_ranks=46 = 184 workers, estimated ~92 GB — exceeds 50% of available RAM on this node (166 GB). Consider reducing read_threads to avoid OOM.
[WARNING] On host cn031: reader.read_threads=4 x local_ranks=46 = 184 workers, estimated ~92 GB — exceeds 50% of available RAM on this node (166 GB). Consider reducing read_threads to avoid OOM.
[WARNING] On host cn025: reader.read_threads=4 x local_ranks=46 = 184 workers, estimated ~92 GB — exceeds 50% of available RAM on this node (166 GB). Consider reducing read_threads to avoid OOM.
[WARNING] On host cn028: reader.read_threads=4 x local_ranks=46 = 184 workers, estimated ~92 GB — exceeds 50% of available RAM on this node (166 GB). Consider reducing read_threads to avoid OOM.
[WARNING] On host cn027: reader.read_threads=4 x local_ranks=46 = 184 workers, estimated ~92 GB — exceeds 50% of available RAM on this node (166 GB). Consider reducing read_threads to avoid OOM.
[WARNING] On host cn026: reader.read_threads=4 x local_ranks=46 = 184 workers, estimated ~92 GB — exceeds 50% of available RAM on this node (166 GB). Consider reducing read_threads to avoid OOM.
[WARNING] On host cn032: reader.read_threads=4 x local_ranks=46 = 184 workers, estimated ~92 GB — exceeds 50% of available RAM on this node (176 GB). Consider reducing read_threads to avoid OOM.
[WARNING] On host cn030: reader.read_threads=4 x local_ranks=46 = 184 workers, estimated ~92 GB — exceeds 50% of available RAM on this node (166 GB). Consider reducing read_threads to avoid OOM.
[WARNING] On host cn018: reader.read_threads=4 x local_ranks=46 = 184 workers, estimated ~92 GB — exceeds 50% of available RAM on this node (165 GB). Consider reducing read_threads to avoid OOM.
[WARNING] On host cn019: reader.read_threads=4 x local_ranks=46 = 184 workers, estimated ~92 GB — exceeds 50% of available RAM on this node (176 GB). Consider reducing read_threads to avoid OOM.
[WARNING] On host cn029: reader.read_threads=4 x local_ranks=46 = 184 workers, estimated ~92 GB — exceeds 50% of available RAM on this node (166 GB). Consider reducing read_threads to avoid OOM.
[WARNING] On host cn020: reader.read_threads=4 x local_ranks=46 = 184 workers, estimated ~92 GB — exceeds 50% of available RAM on this node (166 GB). Consider reducing read_threads to avoid OOM.
[WARNING] On host cn022: reader.read_threads=4 x local_ranks=46 = 184 workers, estimated ~92 GB — exceeds 50% of available RAM on this node (166 GB). Consider reducing read_threads to avoid OOM.
[WARNING] On host cn023: reader.read_threads=4 x local_ranks=46 = 184 workers, estimated ~92 GB — exceeds 50% of available RAM on this node (176 GB). Consider reducing read_threads to avoid OOM.
[WARNING] On host cn021: reader.read_threads=4 x local_ranks=46 = 184 workers, estimated ~92 GB — exceeds 50% of available RAM on this node (166 GB). Consider reducing read_threads to avoid OOM.
[WARNING] On host cn024: reader.read_threads=4 x local_ranks=46 = 184 workers, estimated ~92 GB — exceeds 50% of available RAM on this node (166 GB). Consider reducing read_threads to avoid OOM.
[WARNING] On host cn031: reader.read_threads=4 x local_ranks=46 = 184 workers, estimated ~92 GB — exceeds 50% of available RAM on this node (166 GB). Consider reducing read_threads to avoid OOM.
[WARNING] On host cn025: reader.read_threads=4 x local_ranks=46 = 184 workers, estimated ~92 GB — exceeds 50% of available RAM on this node (166 GB). Consider reducing read_threads to avoid OOM.
[WARNING] On host cn028: reader.read_threads=4 x local_ranks=46 = 184 workers, estimated ~92 GB — exceeds 50% of available RAM on this node (166 GB). Consider reducing read_threads to avoid OOM.
[WARNING] On host cn027: reader.read_threads=4 x local_ranks=46 = 184 workers, estimated ~92 GB — exceeds 50% of available RAM on this node (166 GB). Consider reducing read_threads to avoid OOM.
[WARNING] On host cn026: reader.read_threads=4 x local_ranks=46 = 184 workers, estimated ~92 GB — exceeds 50% of available RAM on this node (166 GB). Consider reducing read_threads to avoid OOM.
[WARNING] On host cn032: reader.read_threads=4 x local_ranks=46 = 184 workers, estimated ~92 GB — exceeds 50% of available RAM on this node (176 GB). Consider reducing read_threads to avoid OOM.
[WARNING] On host cn030: reader.read_threads=4 x local_ranks=46 = 184 workers, estimated ~92 GB — exceeds 50% of available RAM on this node (166 GB). Consider reducing read_threads to avoid OOM.
[WARNING] On host cn018: reader.read_threads=4 x local_ranks=46 = 184 workers, estimated ~92 GB — exceeds 50% of available RAM on this node (165 GB). Consider reducing read_threads to avoid OOM.
[WARNING] On host cn019: reader.read_threads=4 x local_ranks=46 = 184 workers, estimated ~92 GB — exceeds 50% of available RAM on this node (176 GB). Consider reducing read_threads to avoid OOM.
[WARNING] On host cn029: reader.read_threads=4 x local_ranks=46 = 184 workers, estimated ~92 GB — exceeds 50% of available RAM on this node (166 GB). Consider reducing read_threads to avoid OOM.
[WARNING] On host cn020: reader.read_threads=4 x local_ranks=46 = 184 workers, estimated ~92 GB — exceeds 50% of available RAM on this node (166 GB). Consider reducing read_threads to avoid OOM.
[WARNING] On host cn022: reader.read_threads=4 x local_ranks=46 = 184 workers, estimated ~92 GB — exceeds 50% of available RAM on this node (166 GB). Consider reducing read_threads to avoid OOM.
[WARNING] On host cn023: reader.read_threads=4 x local_ranks=46 = 184 workers, estimated ~92 GB — exceeds 50% of available RAM on this node (176 GB). Consider reducing read_threads to avoid OOM.
[WARNING] On host cn021: reader.read_threads=4 x local_ranks=46 = 184 workers, estimated ~92 GB — exceeds 50% of available RAM on this node (166 GB). Consider reducing read_threads to avoid OOM.
[WARNING] On host cn024: reader.read_threads=4 x local_ranks=46 = 184 workers, estimated ~92 GB — exceeds 50% of available RAM on this node (166 GB). Consider reducing read_threads to avoid OOM.
[WARNING] On host cn031: reader.read_threads=4 x local_ranks=46 = 184 workers, estimated ~92 GB — exceeds 50% of available RAM on this node (166 GB). Consider reducing read_threads to avoid OOM.
[WARNING] On host cn025: reader.read_threads=4 x local_ranks=46 = 184 workers, estimated ~92 GB — exceeds 50% of available RAM on this node (166 GB). Consider reducing read_threads to avoid OOM.
[WARNING] On host cn028: reader.read_threads=4 x local_ranks=46 = 184 workers, estimated ~92 GB — exceeds 50% of available RAM on this node (166 GB). Consider reducing read_threads to avoid OOM.
[WARNING] On host cn027: reader.read_threads=4 x local_ranks=46 = 184 workers, estimated ~92 GB — exceeds 50% of available RAM on this node (166 GB). Consider reducing read_threads to avoid OOM.
[WARNING] On host cn026: reader.read_threads=4 x local_ranks=46 = 184 workers, estimated ~92 GB — exceeds 50% of available RAM on this node (166 GB). Consider reducing read_threads to avoid OOM.
[WARNING] On host cn032: reader.read_threads=4 x local_ranks=46 = 184 workers, estimated ~92 GB — exceeds 50% of available RAM on this node (176 GB). Consider reducing read_threads to avoid OOM.
[WARNING] On host cn030: reader.read_threads=4 x local_ranks=46 = 184 workers, estimated ~92 GB — exceeds 50% of available RAM on this node (166 GB). Consider reducing read_threads to avoid OOM.
[WARNING] On host cn018: reader.read_threads=4 x local_ranks=46 = 184 workers, estimated ~92 GB — exceeds 50% of available RAM on this node (165 GB). Consider reducing read_threads to avoid OOM.
[WARNING] On host cn019: reader.read_threads=4 x local_ranks=46 = 184 workers, estimated ~92 GB — exceeds 50% of available RAM on this node (176 GB). Consider reducing read_threads to avoid OOM.
[WARNING] On host cn028: reader.read_threads=4 x local_ranks=46 = 184 workers, estimated ~92 GB — exceeds 50% of available RAM on this node (166 GB). Consider reducing read_threads to avoid OOM.
[WARNING] On host cn027: reader.read_threads=4 x local_ranks=46 = 184 workers, estimated ~92 GB — exceeds 50% of available RAM on this node (166 GB). Consider reducing read_threads to avoid OOM.
[WARNING] On host cn026: reader.read_threads=4 x local_ranks=46 = 184 workers, estimated ~92 GB — exceeds 50% of available RAM on this node (166 GB). Consider reducing read_threads to avoid OOM.
[WARNING] On host cn032: reader.read_threads=4 x local_ranks=46 = 184 workers, estimated ~92 GB — exceeds 50% of available RAM on this node (176 GB). Consider reducing read_threads to avoid OOM.
[WARNING] On host cn030: reader.read_threads=4 x local_ranks=46 = 184 workers, estimated ~92 GB — exceeds 50% of available RAM on this node (166 GB). Consider reducing read_threads to avoid OOM.
[WARNING] On host cn018: reader.read_threads=4 x local_ranks=46 = 184 workers, estimated ~92 GB — exceeds 50% of available RAM on this node (165 GB). Consider reducing read_threads to avoid OOM.
[WARNING] On host cn019: reader.read_threads=4 x local_ranks=46 = 184 workers, estimated ~92 GB — exceeds 50% of available RAM on this node (176 GB). Consider reducing read_threads to avoid OOM.
[WARNING] On host cn029: reader.read_threads=4 x local_ranks=46 = 184 workers, estimated ~92 GB — exceeds 50% of available RAM on this node (166 GB). Consider reducing read_threads to avoid OOM.
[WARNING] On host cn020: reader.read_threads=4 x local_ranks=46 = 184 workers, estimated ~92 GB — exceeds 50% of available RAM on this node (166 GB). Consider reducing read_threads to avoid OOM.
[WARNING] On host cn022: reader.read_threads=4 x local_ranks=46 = 184 workers, estimated ~92 GB — exceeds 50% of available RAM on this node (166 GB). Consider reducing read_threads to avoid OOM.
[WARNING] On host cn023: reader.read_threads=4 x local_ranks=46 = 184 workers, estimated ~92 GB — exceeds 50% of available RAM on this node (176 GB). Consider reducing read_threads to avoid OOM.
[WARNING] On host cn021: reader.read_threads=4 x local_ranks=46 = 184 workers, estimated ~92 GB — exceeds 50% of available RAM on this node (166 GB). Consider reducing read_threads to avoid OOM.
[WARNING] On host cn024: reader.read_threads=4 x local_ranks=46 = 184 workers, estimated ~92 GB — exceeds 50% of available RAM on this node (166 GB). Consider reducing read_threads to avoid OOM.
[WARNING] On host cn031: reader.read_threads=4 x local_ranks=46 = 184 workers, estimated ~92 GB — exceeds 50% of available RAM on this node (166 GB). Consider reducing read_threads to avoid OOM.
[WARNING] On host cn025: reader.read_threads=4 x local_ranks=46 = 184 workers, estimated ~92 GB — exceeds 50% of available RAM on this node (166 GB). Consider reducing read_threads to avoid OOM.
[WARNING] On host cn029: reader.read_threads=4 x local_ranks=46 = 184 workers, estimated ~92 GB — exceeds 50% of available RAM on this node (166 GB). Consider reducing read_threads to avoid OOM.
[WARNING] On host cn020: reader.read_threads=4 x local_ranks=46 = 184 workers, estimated ~92 GB — exceeds 50% of available RAM on this node (166 GB). Consider reducing read_threads to avoid OOM.
[WARNING] On host cn022: reader.read_threads=4 x local_ranks=46 = 184 workers, estimated ~92 GB — exceeds 50% of available RAM on this node (166 GB). Consider reducing read_threads to avoid OOM.
[WARNING] On host cn023: reader.read_threads=4 x local_ranks=46 = 184 workers, estimated ~92 GB — exceeds 50% of available RAM on this node (176 GB). Consider reducing read_threads to avoid OOM.
[WARNING] On host cn021: reader.read_threads=4 x local_ranks=46 = 184 workers, estimated ~92 GB — exceeds 50% of available RAM on this node (166 GB). Consider reducing read_threads to avoid OOM.
[WARNING] On host cn024: reader.read_threads=4 x local_ranks=46 = 184 workers, estimated ~92 GB — exceeds 50% of available RAM on this node (166 GB). Consider reducing read_threads to avoid OOM.
[WARNING] On host cn031: reader.read_threads=4 x local_ranks=46 = 184 workers, estimated ~92 GB — exceeds 50% of available RAM on this node (166 GB). Consider reducing read_threads to avoid OOM.
[WARNING] On host cn025: reader.read_threads=4 x local_ranks=46 = 184 workers, estimated ~92 GB — exceeds 50% of available RAM on this node (166 GB). Consider reducing read_threads to avoid OOM.
[WARNING] On host cn028: reader.read_threads=4 x local_ranks=46 = 184 workers, estimated ~92 GB — exceeds 50% of available RAM on this node (166 GB). Consider reducing read_threads to avoid OOM.
[WARNING] On host cn027: reader.read_threads=4 x local_ranks=46 = 184 workers, estimated ~92 GB — exceeds 50% of available RAM on this node (166 GB). Consider reducing read_threads to avoid OOM.
[WARNING] On host cn026: reader.read_threads=4 x local_ranks=46 = 184 workers, estimated ~92 GB — exceeds 50% of available RAM on this node (166 GB). Consider reducing read_threads to avoid OOM.
[WARNING] On host cn032: reader.read_threads=4 x local_ranks=46 = 184 workers, estimated ~92 GB — exceeds 50% of available RAM on this node (176 GB). Consider reducing read_threads to avoid OOM.
[WARNING] On host cn030: reader.read_threads=4 x local_ranks=46 = 184 workers, estimated ~92 GB — exceeds 50% of available RAM on this node (166 GB). Consider reducing read_threads to avoid OOM.
[WARNING] On host cn018: reader.read_threads=4 x local_ranks=46 = 184 workers, estimated ~92 GB — exceeds 50% of available RAM on this node (165 GB). Consider reducing read_threads to avoid OOM.
[WARNING] On host cn019: reader.read_threads=4 x local_ranks=46 = 184 workers, estimated ~92 GB — exceeds 50% of available RAM on this node (176 GB). Consider reducing read_threads to avoid OOM.
[WARNING] On host cn029: reader.read_threads=4 x local_ranks=46 = 184 workers, estimated ~92 GB — exceeds 50% of available RAM on this node (166 GB). Consider reducing read_threads to avoid OOM.
[WARNING] On host cn020: reader.read_threads=4 x local_ranks=46 = 184 workers, estimated ~92 GB — exceeds 50% of available RAM on this node (166 GB). Consider reducing read_threads to avoid OOM.
[WARNING] On host cn022: reader.read_threads=4 x local_ranks=46 = 184 workers, estimated ~92 GB — exceeds 50% of available RAM on this node (166 GB). Consider reducing read_threads to avoid OOM.
[WARNING] On host cn023: reader.read_threads=4 x local_ranks=46 = 184 workers, estimated ~92 GB — exceeds 50% of available RAM on this node (176 GB). Consider reducing read_threads to avoid OOM.
[WARNING] On host cn021: reader.read_threads=4 x local_ranks=46 = 184 workers, estimated ~92 GB — exceeds 50% of available RAM on this node (166 GB). Consider reducing read_threads to avoid OOM.
[WARNING] On host cn024: reader.read_threads=4 x local_ranks=46 = 184 workers, estimated ~92 GB — exceeds 50% of available RAM on this node (166 GB). Consider reducing read_threads to avoid OOM.
[WARNING] On host cn031: reader.read_threads=4 x local_ranks=46 = 184 workers, estimated ~92 GB — exceeds 50% of available RAM on this node (166 GB). Consider reducing read_threads to avoid OOM.
[WARNING] On host cn025: reader.read_threads=4 x local_ranks=46 = 184 workers, estimated ~92 GB — exceeds 50% of available RAM on this node (166 GB). Consider reducing read_threads to avoid OOM.
[WARNING] On host cn028: reader.read_threads=4 x local_ranks=46 = 184 workers, estimated ~92 GB — exceeds 50% of available RAM on this node (166 GB). Consider reducing read_threads to avoid OOM.
[WARNING] On host cn027: reader.read_threads=4 x local_ranks=46 = 184 workers, estimated ~92 GB — exceeds 50% of available RAM on this node (166 GB). Consider reducing read_threads to avoid OOM.
[WARNING] On host cn026: reader.read_threads=4 x local_ranks=46 = 184 workers, estimated ~92 GB — exceeds 50% of available RAM on this node (166 GB). Consider reducing read_threads to avoid OOM.
[WARNING] On host cn032: reader.read_threads=4 x local_ranks=46 = 184 workers, estimated ~92 GB — exceeds 50% of available RAM on this node (176 GB). Consider reducing read_threads to avoid OOM.
[WARNING] On host cn030: reader.read_threads=4 x local_ranks=46 = 184 workers, estimated ~92 GB — exceeds 50% of available RAM on this node (166 GB). Consider reducing read_threads to avoid OOM.
[WARNING] On host cn018: reader.read_threads=4 x local_ranks=46 = 184 workers, estimated ~92 GB — exceeds 50% of available RAM on this node (165 GB). Consider reducing read_threads to avoid OOM.
[WARNING] On host cn019: reader.read_threads=4 x local_ranks=46 = 184 workers, estimated ~92 GB — exceeds 50% of available RAM on this node (176 GB). Consider reducing read_threads to avoid OOM.
[WARNING] On host cn029: reader.read_threads=4 x local_ranks=46 = 184 workers, estimated ~92 GB — exceeds 50% of available RAM on this node (166 GB). Consider reducing read_threads to avoid OOM.
[WARNING] On host cn020: reader.read_threads=4 x local_ranks=46 = 184 workers, estimated ~92 GB — exceeds 50% of available RAM on this node (166 GB). Consider reducing read_threads to avoid OOM.
[WARNING] On host cn022: reader.read_threads=4 x local_ranks=46 = 184 workers, estimated ~92 GB — exceeds 50% of available RAM on this node (166 GB). Consider reducing read_threads to avoid OOM.
[WARNING] On host cn023: reader.read_threads=4 x local_ranks=46 = 184 workers, estimated ~92 GB — exceeds 50% of available RAM on this node (176 GB). Consider reducing read_threads to avoid OOM.
[WARNING] On host cn021: reader.read_threads=4 x local_ranks=46 = 184 workers, estimated ~92 GB — exceeds 50% of available RAM on this node (166 GB). Consider reducing read_threads to avoid OOM.
[WARNING] On host cn024: reader.read_threads=4 x local_ranks=46 = 184 workers, estimated ~92 GB — exceeds 50% of available RAM on this node (166 GB). Consider reducing read_threads to avoid OOM.
[WARNING] On host cn031: reader.read_threads=4 x local_ranks=46 = 184 workers, estimated ~92 GB — exceeds 50% of available RAM on this node (166 GB). Consider reducing read_threads to avoid OOM.
[WARNING] On host cn025: reader.read_threads=4 x local_ranks=46 = 184 workers, estimated ~92 GB — exceeds 50% of available RAM on this node (166 GB). Consider reducing read_threads to avoid OOM.
[WARNING] On host cn028: reader.read_threads=4 x local_ranks=46 = 184 workers, estimated ~92 GB — exceeds 50% of available RAM on this node (166 GB). Consider reducing read_threads to avoid OOM.
[WARNING] On host cn027: reader.read_threads=4 x local_ranks=46 = 184 workers, estimated ~92 GB — exceeds 50% of available RAM on this node (166 GB). Consider reducing read_threads to avoid OOM.
[WARNING] On host cn026: reader.read_threads=4 x local_ranks=46 = 184 workers, estimated ~92 GB — exceeds 50% of available RAM on this node (166 GB). Consider reducing read_threads to avoid OOM.
[WARNING] On host cn032: reader.read_threads=4 x local_ranks=46 = 184 workers, estimated ~92 GB — exceeds 50% of available RAM on this node (176 GB). Consider reducing read_threads to avoid OOM.
[WARNING] On host cn030: reader.read_threads=4 x local_ranks=46 = 184 workers, estimated ~92 GB — exceeds 50% of available RAM on this node (166 GB). Consider reducing read_threads to avoid OOM.
[WARNING] On host cn018: reader.read_threads=4 x local_ranks=46 = 184 workers, estimated ~92 GB — exceeds 50% of available RAM on this node (165 GB). Consider reducing read_threads to avoid OOM.
[WARNING] On host cn019: reader.read_threads=4 x local_ranks=46 = 184 workers, estimated ~92 GB — exceeds 50% of available RAM on this node (176 GB). Consider reducing read_threads to avoid OOM.
[WARNING] On host cn029: reader.read_threads=4 x local_ranks=46 = 184 workers, estimated ~92 GB — exceeds 50% of available RAM on this node (166 GB). Consider reducing read_threads to avoid OOM.
[WARNING] On host cn020: reader.read_threads=4 x local_ranks=46 = 184 workers, estimated ~92 GB — exceeds 50% of available RAM on this node (166 GB). Consider reducing read_threads to avoid OOM.
[WARNING] On host cn022: reader.read_threads=4 x local_ranks=46 = 184 workers, estimated ~92 GB — exceeds 50% of available RAM on this node (166 GB). Consider reducing read_threads to avoid OOM.
[WARNING] On host cn023: reader.read_threads=4 x local_ranks=46 = 184 workers, estimated ~92 GB — exceeds 50% of available RAM on this node (176 GB). Consider reducing read_threads to avoid OOM.
[WARNING] On host cn021: reader.read_threads=4 x local_ranks=46 = 184 workers, estimated ~92 GB — exceeds 50% of available RAM on this node (166 GB). Consider reducing read_threads to avoid OOM.
[WARNING] On host cn024: reader.read_threads=4 x local_ranks=46 = 184 workers, estimated ~92 GB — exceeds 50% of available RAM on this node (166 GB). Consider reducing read_threads to avoid OOM.
[WARNING] On host cn031: reader.read_threads=4 x local_ranks=46 = 184 workers, estimated ~92 GB — exceeds 50% of available RAM on this node (166 GB). Consider reducing read_threads to avoid OOM.
[WARNING] On host cn025: reader.read_threads=4 x local_ranks=46 = 184 workers, estimated ~92 GB — exceeds 50% of available RAM on this node (166 GB). Consider reducing read_threads to avoid OOM.
[WARNING] On host cn028: reader.read_threads=4 x local_ranks=46 = 184 workers, estimated ~92 GB — exceeds 50% of available RAM on this node (166 GB). Consider reducing read_threads to avoid OOM.
[WARNING] On host cn027: reader.read_threads=4 x local_ranks=46 = 184 workers, estimated ~92 GB — exceeds 50% of available RAM on this node (166 GB). Consider reducing read_threads to avoid OOM.
[WARNING] On host cn026: reader.read_threads=4 x local_ranks=46 = 184 workers, estimated ~92 GB — exceeds 50% of available RAM on this node (166 GB). Consider reducing read_threads to avoid OOM.
[WARNING] On host cn032: reader.read_threads=4 x local_ranks=46 = 184 workers, estimated ~92 GB — exceeds 50% of available RAM on this node (176 GB). Consider reducing read_threads to avoid OOM.
[WARNING] On host cn030: reader.read_threads=4 x local_ranks=46 = 184 workers, estimated ~92 GB — exceeds 50% of available RAM on this node (166 GB). Consider reducing read_threads to avoid OOM.
[WARNING] On host cn018: reader.read_threads=4 x local_ranks=46 = 184 workers, estimated ~92 GB — exceeds 50% of available RAM on this node (165 GB). Consider reducing read_threads to avoid OOM.
[WARNING] On host cn019: reader.read_threads=4 x local_ranks=46 = 184 workers, estimated ~92 GB — exceeds 50% of available RAM on this node (176 GB). Consider reducing read_threads to avoid OOM.
[WARNING] On host cn029: reader.read_threads=4 x local_ranks=46 = 184 workers, estimated ~92 GB — exceeds 50% of available RAM on this node (166 GB). Consider reducing read_threads to avoid OOM.
[WARNING] On host cn020: reader.read_threads=4 x local_ranks=46 = 184 workers, estimated ~92 GB — exceeds 50% of available RAM on this node (166 GB). Consider reducing read_threads to avoid OOM.
[WARNING] On host cn022: reader.read_threads=4 x local_ranks=46 = 184 workers, estimated ~92 GB — exceeds 50% of available RAM on this node (166 GB). Consider reducing read_threads to avoid OOM.
[WARNING] On host cn023: reader.read_threads=4 x local_ranks=46 = 184 workers, estimated ~92 GB — exceeds 50% of available RAM on this node (176 GB). Consider reducing read_threads to avoid OOM.
[WARNING] On host cn021: reader.read_threads=4 x local_ranks=46 = 184 workers, estimated ~92 GB — exceeds 50% of available RAM on this node (166 GB). Consider reducing read_threads to avoid OOM.
[WARNING] On host cn024: reader.read_threads=4 x local_ranks=46 = 184 workers, estimated ~92 GB — exceeds 50% of available RAM on this node (166 GB). Consider reducing read_threads to avoid OOM.
[WARNING] On host cn031: reader.read_threads=4 x local_ranks=46 = 184 workers, estimated ~92 GB — exceeds 50% of available RAM on this node (166 GB). Consider reducing read_threads to avoid OOM.
[WARNING] On host cn025: reader.read_threads=4 x local_ranks=46 = 184 workers, estimated ~92 GB — exceeds 50% of available RAM on this node (166 GB). Consider reducing read_threads to avoid OOM.
[WARNING] On host cn028: reader.read_threads=4 x local_ranks=46 = 184 workers, estimated ~92 GB — exceeds 50% of available RAM on this node (166 GB). Consider reducing read_threads to avoid OOM.
[WARNING] On host cn027: reader.read_threads=4 x local_ranks=46 = 184 workers, estimated ~92 GB — exceeds 50% of available RAM on this node (166 GB). Consider reducing read_threads to avoid OOM.
[WARNING] On host cn026: reader.read_threads=4 x local_ranks=46 = 184 workers, estimated ~92 GB — exceeds 50% of available RAM on this node (166 GB). Consider reducing read_threads to avoid OOM.
[WARNING] On host cn032: reader.read_threads=4 x local_ranks=46 = 184 workers, estimated ~92 GB — exceeds 50% of available RAM on this node (176 GB). Consider reducing read_threads to avoid OOM.
[WARNING] On host cn030: reader.read_threads=4 x local_ranks=46 = 184 workers, estimated ~92 GB — exceeds 50% of available RAM on this node (166 GB). Consider reducing read_threads to avoid OOM.
[WARNING] On host cn018: reader.read_threads=4 x local_ranks=46 = 184 workers, estimated ~92 GB — exceeds 50% of available RAM on this node (165 GB). Consider reducing read_threads to avoid OOM.
[WARNING] On host cn019: reader.read_threads=4 x local_ranks=46 = 184 workers, estimated ~92 GB — exceeds 50% of available RAM on this node (176 GB). Consider reducing read_threads to avoid OOM.
[WARNING] On host cn029: reader.read_threads=4 x local_ranks=46 = 184 workers, estimated ~92 GB — exceeds 50% of available RAM on this node (166 GB). Consider reducing read_threads to avoid OOM.
[WARNING] On host cn020: reader.read_threads=4 x local_ranks=46 = 184 workers, estimated ~92 GB — exceeds 50% of available RAM on this node (166 GB). Consider reducing read_threads to avoid OOM.
[WARNING] On host cn022: reader.read_threads=4 x local_ranks=46 = 184 workers, estimated ~92 GB — exceeds 50% of available RAM on this node (166 GB). Consider reducing read_threads to avoid OOM.
[WARNING] On host cn023: reader.read_threads=4 x local_ranks=46 = 184 workers, estimated ~92 GB — exceeds 50% of available RAM on this node (176 GB). Consider reducing read_threads to avoid OOM.
[WARNING] On host cn021: reader.read_threads=4 x local_ranks=46 = 184 workers, estimated ~92 GB — exceeds 50% of available RAM on this node (166 GB). Consider reducing read_threads to avoid OOM.
[WARNING] On host cn024: reader.read_threads=4 x local_ranks=46 = 184 workers, estimated ~92 GB — exceeds 50% of available RAM on this node (166 GB). Consider reducing read_threads to avoid OOM.
[WARNING] On host cn031: reader.read_threads=4 x local_ranks=46 = 184 workers, estimated ~92 GB — exceeds 50% of available RAM on this node (166 GB). Consider reducing read_threads to avoid OOM.
[WARNING] On host cn025: reader.read_threads=4 x local_ranks=46 = 184 workers, estimated ~92 GB — exceeds 50% of available RAM on this node (166 GB). Consider reducing read_threads to avoid OOM.
[WARNING] On host cn028: reader.read_threads=4 x local_ranks=46 = 184 workers, estimated ~92 GB — exceeds 50% of available RAM on this node (166 GB). Consider reducing read_threads to avoid OOM.
[WARNING] On host cn027: reader.read_threads=4 x local_ranks=46 = 184 workers, estimated ~92 GB — exceeds 50% of available RAM on this node (166 GB). Consider reducing read_threads to avoid OOM.
[WARNING] On host cn026: reader.read_threads=4 x local_ranks=46 = 184 workers, estimated ~92 GB — exceeds 50% of available RAM on this node (166 GB). Consider reducing read_threads to avoid OOM.
[WARNING] On host cn032: reader.read_threads=4 x local_ranks=46 = 184 workers, estimated ~92 GB — exceeds 50% of available RAM on this node (176 GB). Consider reducing read_threads to avoid OOM.
[WARNING] On host cn030: reader.read_threads=4 x local_ranks=46 = 184 workers, estimated ~92 GB — exceeds 50% of available RAM on this node (166 GB). Consider reducing read_threads to avoid OOM.
[WARNING] On host cn018: reader.read_threads=4 x local_ranks=46 = 184 workers, estimated ~92 GB — exceeds 50% of available RAM on this node (165 GB). Consider reducing read_threads to avoid OOM.
[WARNING] On host cn019: reader.read_threads=4 x local_ranks=46 = 184 workers, estimated ~92 GB — exceeds 50% of available RAM on this node (176 GB). Consider reducing read_threads to avoid OOM.
[WARNING] On host cn029: reader.read_threads=4 x local_ranks=46 = 184 workers, estimated ~92 GB — exceeds 50% of available RAM on this node (166 GB). Consider reducing read_threads to avoid OOM.
[WARNING] On host cn020: reader.read_threads=4 x local_ranks=46 = 184 workers, estimated ~92 GB — exceeds 50% of available RAM on this node (166 GB). Consider reducing read_threads to avoid OOM.
[WARNING] On host cn022: reader.read_threads=4 x local_ranks=46 = 184 workers, estimated ~92 GB — exceeds 50% of available RAM on this node (166 GB). Consider reducing read_threads to avoid OOM.
[WARNING] On host cn023: reader.read_threads=4 x local_ranks=46 = 184 workers, estimated ~92 GB — exceeds 50% of available RAM on this node (176 GB). Consider reducing read_threads to avoid OOM.
[WARNING] On host cn021: reader.read_threads=4 x local_ranks=46 = 184 workers, estimated ~92 GB — exceeds 50% of available RAM on this node (166 GB). Consider reducing read_threads to avoid OOM.
[WARNING] On host cn024: reader.read_threads=4 x local_ranks=46 = 184 workers, estimated ~92 GB — exceeds 50% of available RAM on this node (166 GB). Consider reducing read_threads to avoid OOM.
[WARNING] On host cn031: reader.read_threads=4 x local_ranks=46 = 184 workers, estimated ~92 GB — exceeds 50% of available RAM on this node (166 GB). Consider reducing read_threads to avoid OOM.
[WARNING] On host cn025: reader.read_threads=4 x local_ranks=46 = 184 workers, estimated ~92 GB — exceeds 50% of available RAM on this node (166 GB). Consider reducing read_threads to avoid OOM.
[WARNING] On host cn028: reader.read_threads=4 x local_ranks=46 = 184 workers, estimated ~92 GB — exceeds 50% of available RAM on this node (166 GB). Consider reducing read_threads to avoid OOM.
[WARNING] On host cn027: reader.read_threads=4 x local_ranks=46 = 184 workers, estimated ~92 GB — exceeds 50% of available RAM on this node (166 GB). Consider reducing read_threads to avoid OOM.
[WARNING] On host cn026: reader.read_threads=4 x local_ranks=46 = 184 workers, estimated ~92 GB — exceeds 50% of available RAM on this node (166 GB). Consider reducing read_threads to avoid OOM.
[WARNING] On host cn032: reader.read_threads=4 x local_ranks=46 = 184 workers, estimated ~92 GB — exceeds 50% of available RAM on this node (176 GB). Consider reducing read_threads to avoid OOM.
[WARNING] On host cn030: reader.read_threads=4 x local_ranks=46 = 184 workers, estimated ~92 GB — exceeds 50% of available RAM on this node (166 GB). Consider reducing read_threads to avoid OOM.
[WARNING] On host cn018: reader.read_threads=4 x local_ranks=46 = 184 workers, estimated ~92 GB — exceeds 50% of available RAM on this node (165 GB). Consider reducing read_threads to avoid OOM.
[WARNING] On host cn019: reader.read_threads=4 x local_ranks=46 = 184 workers, estimated ~92 GB — exceeds 50% of available RAM on this node (176 GB). Consider reducing read_threads to avoid OOM.
[WARNING] On host cn029: reader.read_threads=4 x local_ranks=46 = 184 workers, estimated ~92 GB — exceeds 50% of available RAM on this node (166 GB). Consider reducing read_threads to avoid OOM.
[WARNING] On host cn020: reader.read_threads=4 x local_ranks=46 = 184 workers, estimated ~92 GB — exceeds 50% of available RAM on this node (166 GB). Consider reducing read_threads to avoid OOM.
[WARNING] On host cn022: reader.read_threads=4 x local_ranks=46 = 184 workers, estimated ~92 GB — exceeds 50% of available RAM on this node (166 GB). Consider reducing read_threads to avoid OOM.
[WARNING] On host cn023: reader.read_threads=4 x local_ranks=46 = 184 workers, estimated ~92 GB — exceeds 50% of available RAM on this node (176 GB). Consider reducing read_threads to avoid OOM.
[WARNING] On host cn021: reader.read_threads=4 x local_ranks=46 = 184 workers, estimated ~92 GB — exceeds 50% of available RAM on this node (166 GB). Consider reducing read_threads to avoid OOM.
[WARNING] On host cn024: reader.read_threads=4 x local_ranks=46 = 184 workers, estimated ~92 GB — exceeds 50% of available RAM on this node (166 GB). Consider reducing read_threads to avoid OOM.
[WARNING] On host cn031: reader.read_threads=4 x local_ranks=46 = 184 workers, estimated ~92 GB — exceeds 50% of available RAM on this node (166 GB). Consider reducing read_threads to avoid OOM.
[WARNING] On host cn025: reader.read_threads=4 x local_ranks=46 = 184 workers, estimated ~92 GB — exceeds 50% of available RAM on this node (166 GB). Consider reducing read_threads to avoid OOM.
[WARNING] On host cn028: reader.read_threads=4 x local_ranks=46 = 184 workers, estimated ~92 GB — exceeds 50% of available RAM on this node (166 GB). Consider reducing read_threads to avoid OOM.
[WARNING] On host cn027: reader.read_threads=4 x local_ranks=46 = 184 workers, estimated ~92 GB — exceeds 50% of available RAM on this node (166 GB). Consider reducing read_threads to avoid OOM.
[WARNING] On host cn026: reader.read_threads=4 x local_ranks=46 = 184 workers, estimated ~92 GB — exceeds 50% of available RAM on this node (166 GB). Consider reducing read_threads to avoid OOM.
[WARNING] On host cn032: reader.read_threads=4 x local_ranks=46 = 184 workers, estimated ~92 GB — exceeds 50% of available RAM on this node (176 GB). Consider reducing read_threads to avoid OOM.
[WARNING] On host cn030: reader.read_threads=4 x local_ranks=46 = 184 workers, estimated ~92 GB — exceeds 50% of available RAM on this node (166 GB). Consider reducing read_threads to avoid OOM.
[WARNING] On host cn018: reader.read_threads=4 x local_ranks=46 = 184 workers, estimated ~92 GB — exceeds 50% of available RAM on this node (165 GB). Consider reducing read_threads to avoid OOM.
[WARNING] On host cn019: reader.read_threads=4 x local_ranks=46 = 184 workers, estimated ~92 GB — exceeds 50% of available RAM on this node (176 GB). Consider reducing read_threads to avoid OOM.
[WARNING] On host cn020: reader.read_threads=4 x local_ranks=46 = 184 workers, estimated ~92 GB — exceeds 50% of available RAM on this node (166 GB). Consider reducing read_threads to avoid OOM.
[WARNING] On host cn022: reader.read_threads=4 x local_ranks=46 = 184 workers, estimated ~92 GB — exceeds 50% of available RAM on this node (166 GB). Consider reducing read_threads to avoid OOM.
[WARNING] On host cn023: reader.read_threads=4 x local_ranks=46 = 184 workers, estimated ~92 GB — exceeds 50% of available RAM on this node (176 GB). Consider reducing read_threads to avoid OOM.
[WARNING] On host cn021: reader.read_threads=4 x local_ranks=46 = 184 workers, estimated ~92 GB — exceeds 50% of available RAM on this node (166 GB). Consider reducing read_threads to avoid OOM.
[WARNING] On host cn024: reader.read_threads=4 x local_ranks=46 = 184 workers, estimated ~92 GB — exceeds 50% of available RAM on this node (166 GB). Consider reducing read_threads to avoid OOM.
[WARNING] On host cn031: reader.read_threads=4 x local_ranks=46 = 184 workers, estimated ~92 GB — exceeds 50% of available RAM on this node (166 GB). Consider reducing read_threads to avoid OOM.
[WARNING] On host cn025: reader.read_threads=4 x local_ranks=46 = 184 workers, estimated ~92 GB — exceeds 50% of available RAM on this node (166 GB). Consider reducing read_threads to avoid OOM.
[WARNING] On host cn028: reader.read_threads=4 x local_ranks=46 = 184 workers, estimated ~92 GB — exceeds 50% of available RAM on this node (166 GB). Consider reducing read_threads to avoid OOM.
[WARNING] On host cn027: reader.read_threads=4 x local_ranks=46 = 184 workers, estimated ~92 GB — exceeds 50% of available RAM on this node (166 GB). Consider reducing read_threads to avoid OOM.
[WARNING] On host cn026: reader.read_threads=4 x local_ranks=46 = 184 workers, estimated ~92 GB — exceeds 50% of available RAM on this node (166 GB). Consider reducing read_threads to avoid OOM.
[WARNING] On host cn032: reader.read_threads=4 x local_ranks=46 = 184 workers, estimated ~92 GB — exceeds 50% of available RAM on this node (176 GB). Consider reducing read_threads to avoid OOM.
[WARNING] On host cn030: reader.read_threads=4 x local_ranks=46 = 184 workers, estimated ~92 GB — exceeds 50% of available RAM on this node (166 GB). Consider reducing read_threads to avoid OOM.
[WARNING] On host cn018: reader.read_threads=4 x local_ranks=46 = 184 workers, estimated ~92 GB — exceeds 50% of available RAM on this node (165 GB). Consider reducing read_threads to avoid OOM.
[WARNING] On host cn019: reader.read_threads=4 x local_ranks=46 = 184 workers, estimated ~92 GB — exceeds 50% of available RAM on this node (176 GB). Consider reducing read_threads to avoid OOM.
[WARNING] On host cn029: reader.read_threads=4 x local_ranks=46 = 184 workers, estimated ~92 GB — exceeds 50% of available RAM on this node (166 GB). Consider reducing read_threads to avoid OOM.
[WARNING] On host cn029: reader.read_threads=4 x local_ranks=46 = 184 workers, estimated ~92 GB — exceeds 50% of available RAM on this node (166 GB). Consider reducing read_threads to avoid OOM.
[WARNING] On host cn020: reader.read_threads=4 x local_ranks=46 = 184 workers, estimated ~92 GB — exceeds 50% of available RAM on this node (166 GB). Consider reducing read_threads to avoid OOM.
[WARNING] On host cn022: reader.read_threads=4 x local_ranks=46 = 184 workers, estimated ~92 GB — exceeds 50% of available RAM on this node (166 GB). Consider reducing read_threads to avoid OOM.
[WARNING] On host cn023: reader.read_threads=4 x local_ranks=46 = 184 workers, estimated ~92 GB — exceeds 50% of available RAM on this node (176 GB). Consider reducing read_threads to avoid OOM.
[WARNING] On host cn021: reader.read_threads=4 x local_ranks=46 = 184 workers, estimated ~92 GB — exceeds 50% of available RAM on this node (166 GB). Consider reducing read_threads to avoid OOM.
[WARNING] On host cn024: reader.read_threads=4 x local_ranks=46 = 184 workers, estimated ~92 GB — exceeds 50% of available RAM on this node (166 GB). Consider reducing read_threads to avoid OOM.
[WARNING] On host cn031: reader.read_threads=4 x local_ranks=46 = 184 workers, estimated ~92 GB — exceeds 50% of available RAM on this node (166 GB). Consider reducing read_threads to avoid OOM.
[WARNING] On host cn025: reader.read_threads=4 x local_ranks=46 = 184 workers, estimated ~92 GB — exceeds 50% of available RAM on this node (166 GB). Consider reducing read_threads to avoid OOM.
[WARNING] On host cn028: reader.read_threads=4 x local_ranks=46 = 184 workers, estimated ~92 GB — exceeds 50% of available RAM on this node (166 GB). Consider reducing read_threads to avoid OOM.
[WARNING] On host cn027: reader.read_threads=4 x local_ranks=46 = 184 workers, estimated ~92 GB — exceeds 50% of available RAM on this node (166 GB). Consider reducing read_threads to avoid OOM.
[WARNING] On host cn026: reader.read_threads=4 x local_ranks=46 = 184 workers, estimated ~92 GB — exceeds 50% of available RAM on this node (166 GB). Consider reducing read_threads to avoid OOM.
[WARNING] On host cn032: reader.read_threads=4 x local_ranks=46 = 184 workers, estimated ~92 GB — exceeds 50% of available RAM on this node (176 GB). Consider reducing read_threads to avoid OOM.
[WARNING] On host cn030: reader.read_threads=4 x local_ranks=46 = 184 workers, estimated ~92 GB — exceeds 50% of available RAM on this node (166 GB). Consider reducing read_threads to avoid OOM.
[WARNING] On host cn018: reader.read_threads=4 x local_ranks=46 = 184 workers, estimated ~92 GB — exceeds 50% of available RAM on this node (165 GB). Consider reducing read_threads to avoid OOM.
[WARNING] On host cn019: reader.read_threads=4 x local_ranks=46 = 184 workers, estimated ~92 GB — exceeds 50% of available RAM on this node (176 GB). Consider reducing read_threads to avoid OOM.
[WARNING] On host cn029: reader.read_threads=4 x local_ranks=46 = 184 workers, estimated ~92 GB — exceeds 50% of available RAM on this node (166 GB). Consider reducing read_threads to avoid OOM.
[WARNING] On host cn020: reader.read_threads=4 x local_ranks=46 = 184 workers, estimated ~92 GB — exceeds 50% of available RAM on this node (166 GB). Consider reducing read_threads to avoid OOM.
[WARNING] On host cn022: reader.read_threads=4 x local_ranks=46 = 184 workers, estimated ~92 GB — exceeds 50% of available RAM on this node (166 GB). Consider reducing read_threads to avoid OOM.
[WARNING] On host cn023: reader.read_threads=4 x local_ranks=46 = 184 workers, estimated ~92 GB — exceeds 50% of available RAM on this node (176 GB). Consider reducing read_threads to avoid OOM.
[WARNING] On host cn021: reader.read_threads=4 x local_ranks=46 = 184 workers, estimated ~92 GB — exceeds 50% of available RAM on this node (166 GB). Consider reducing read_threads to avoid OOM.
[WARNING] On host cn024: reader.read_threads=4 x local_ranks=46 = 184 workers, estimated ~92 GB — exceeds 50% of available RAM on this node (166 GB). Consider reducing read_threads to avoid OOM.
[WARNING] On host cn031: reader.read_threads=4 x local_ranks=46 = 184 workers, estimated ~92 GB — exceeds 50% of available RAM on this node (166 GB). Consider reducing read_threads to avoid OOM.
[WARNING] On host cn025: reader.read_threads=4 x local_ranks=46 = 184 workers, estimated ~92 GB — exceeds 50% of available RAM on this node (166 GB). Consider reducing read_threads to avoid OOM.
[WARNING] On host cn028: reader.read_threads=4 x local_ranks=46 = 184 workers, estimated ~92 GB — exceeds 50% of available RAM on this node (166 GB). Consider reducing read_threads to avoid OOM.
[WARNING] On host cn027: reader.read_threads=4 x local_ranks=46 = 184 workers, estimated ~92 GB — exceeds 50% of available RAM on this node (166 GB). Consider reducing read_threads to avoid OOM.
[WARNING] On host cn026: reader.read_threads=4 x local_ranks=46 = 184 workers, estimated ~92 GB — exceeds 50% of available RAM on this node (166 GB). Consider reducing read_threads to avoid OOM.
[WARNING] On host cn032: reader.read_threads=4 x local_ranks=46 = 184 workers, estimated ~92 GB — exceeds 50% of available RAM on this node (176 GB). Consider reducing read_threads to avoid OOM.
[WARNING] On host cn030: reader.read_threads=4 x local_ranks=46 = 184 workers, estimated ~92 GB — exceeds 50% of available RAM on this node (166 GB). Consider reducing read_threads to avoid OOM.
[WARNING] On host cn018: reader.read_threads=4 x local_ranks=46 = 184 workers, estimated ~92 GB — exceeds 50% of available RAM on this node (165 GB). Consider reducing read_threads to avoid OOM.
[WARNING] On host cn019: reader.read_threads=4 x local_ranks=46 = 184 workers, estimated ~92 GB — exceeds 50% of available RAM on this node (176 GB). Consider reducing read_threads to avoid OOM.
[WARNING] On host cn029: reader.read_threads=4 x local_ranks=46 = 184 workers, estimated ~92 GB — exceeds 50% of available RAM on this node (166 GB). Consider reducing read_threads to avoid OOM.
[WARNING] On host cn020: reader.read_threads=4 x local_ranks=46 = 184 workers, estimated ~92 GB — exceeds 50% of available RAM on this node (166 GB). Consider reducing read_threads to avoid OOM.
[WARNING] On host cn022: reader.read_threads=4 x local_ranks=46 = 184 workers, estimated ~92 GB — exceeds 50% of available RAM on this node (166 GB). Consider reducing read_threads to avoid OOM.
[WARNING] On host cn023: reader.read_threads=4 x local_ranks=46 = 184 workers, estimated ~92 GB — exceeds 50% of available RAM on this node (176 GB). Consider reducing read_threads to avoid OOM.
[WARNING] On host cn021: reader.read_threads=4 x local_ranks=46 = 184 workers, estimated ~92 GB — exceeds 50% of available RAM on this node (166 GB). Consider reducing read_threads to avoid OOM.
[WARNING] On host cn024: reader.read_threads=4 x local_ranks=46 = 184 workers, estimated ~92 GB — exceeds 50% of available RAM on this node (166 GB). Consider reducing read_threads to avoid OOM.
[WARNING] On host cn031: reader.read_threads=4 x local_ranks=46 = 184 workers, estimated ~92 GB — exceeds 50% of available RAM on this node (166 GB). Consider reducing read_threads to avoid OOM.
[WARNING] On host cn025: reader.read_threads=4 x local_ranks=46 = 184 workers, estimated ~92 GB — exceeds 50% of available RAM on this node (166 GB). Consider reducing read_threads to avoid OOM.
[WARNING] On host cn028: reader.read_threads=4 x local_ranks=46 = 184 workers, estimated ~92 GB — exceeds 50% of available RAM on this node (166 GB). Consider reducing read_threads to avoid OOM.
[WARNING] On host cn027: reader.read_threads=4 x local_ranks=46 = 184 workers, estimated ~92 GB — exceeds 50% of available RAM on this node (166 GB). Consider reducing read_threads to avoid OOM.
[WARNING] On host cn026: reader.read_threads=4 x local_ranks=46 = 184 workers, estimated ~92 GB — exceeds 50% of available RAM on this node (166 GB). Consider reducing read_threads to avoid OOM.
[WARNING] On host cn032: reader.read_threads=4 x local_ranks=46 = 184 workers, estimated ~92 GB — exceeds 50% of available RAM on this node (176 GB). Consider reducing read_threads to avoid OOM.
[WARNING] On host cn030: reader.read_threads=4 x local_ranks=46 = 184 workers, estimated ~92 GB — exceeds 50% of available RAM on this node (166 GB). Consider reducing read_threads to avoid OOM.
[WARNING] On host cn018: reader.read_threads=4 x local_ranks=46 = 184 workers, estimated ~92 GB — exceeds 50% of available RAM on this node (165 GB). Consider reducing read_threads to avoid OOM.
[WARNING] On host cn019: reader.read_threads=4 x local_ranks=46 = 184 workers, estimated ~92 GB — exceeds 50% of available RAM on this node (176 GB). Consider reducing read_threads to avoid OOM.
[WARNING] On host cn029: reader.read_threads=4 x local_ranks=46 = 184 workers, estimated ~92 GB — exceeds 50% of available RAM on this node (166 GB). Consider reducing read_threads to avoid OOM.
[WARNING] On host cn020: reader.read_threads=4 x local_ranks=46 = 184 workers, estimated ~92 GB — exceeds 50% of available RAM on this node (166 GB). Consider reducing read_threads to avoid OOM.
[WARNING] On host cn022: reader.read_threads=4 x local_ranks=46 = 184 workers, estimated ~92 GB — exceeds 50% of available RAM on this node (166 GB). Consider reducing read_threads to avoid OOM.
[WARNING] On host cn023: reader.read_threads=4 x local_ranks=46 = 184 workers, estimated ~92 GB — exceeds 50% of available RAM on this node (176 GB). Consider reducing read_threads to avoid OOM.
[WARNING] On host cn021: reader.read_threads=4 x local_ranks=46 = 184 workers, estimated ~92 GB — exceeds 50% of available RAM on this node (166 GB). Consider reducing read_threads to avoid OOM.
[WARNING] On host cn024: reader.read_threads=4 x local_ranks=46 = 184 workers, estimated ~92 GB — exceeds 50% of available RAM on this node (166 GB). Consider reducing read_threads to avoid OOM.
[WARNING] On host cn031: reader.read_threads=4 x local_ranks=46 = 184 workers, estimated ~92 GB — exceeds 50% of available RAM on this node (166 GB). Consider reducing read_threads to avoid OOM.
[WARNING] On host cn025: reader.read_threads=4 x local_ranks=46 = 184 workers, estimated ~92 GB — exceeds 50% of available RAM on this node (166 GB). Consider reducing read_threads to avoid OOM.
[WARNING] On host cn028: reader.read_threads=4 x local_ranks=46 = 184 workers, estimated ~92 GB — exceeds 50% of available RAM on this node (166 GB). Consider reducing read_threads to avoid OOM.
[WARNING] On host cn027: reader.read_threads=4 x local_ranks=46 = 184 workers, estimated ~92 GB — exceeds 50% of available RAM on this node (166 GB). Consider reducing read_threads to avoid OOM.
[WARNING] On host cn026: reader.read_threads=4 x local_ranks=46 = 184 workers, estimated ~92 GB — exceeds 50% of available RAM on this node (166 GB). Consider reducing read_threads to avoid OOM.
[WARNING] On host cn032: reader.read_threads=4 x local_ranks=46 = 184 workers, estimated ~92 GB — exceeds 50% of available RAM on this node (176 GB). Consider reducing read_threads to avoid OOM.
[WARNING] On host cn030: reader.read_threads=4 x local_ranks=46 = 184 workers, estimated ~92 GB — exceeds 50% of available RAM on this node (166 GB). Consider reducing read_threads to avoid OOM.
[WARNING] On host cn018: reader.read_threads=4 x local_ranks=46 = 184 workers, estimated ~92 GB — exceeds 50% of available RAM on this node (165 GB). Consider reducing read_threads to avoid OOM.
[WARNING] On host cn019: reader.read_threads=4 x local_ranks=46 = 184 workers, estimated ~92 GB — exceeds 50% of available RAM on this node (176 GB). Consider reducing read_threads to avoid OOM.
[WARNING] On host cn029: reader.read_threads=4 x local_ranks=46 = 184 workers, estimated ~92 GB — exceeds 50% of available RAM on this node (166 GB). Consider reducing read_threads to avoid OOM.
[WARNING] On host cn020: reader.read_threads=4 x local_ranks=46 = 184 workers, estimated ~92 GB — exceeds 50% of available RAM on this node (166 GB). Consider reducing read_threads to avoid OOM.
[WARNING] On host cn022: reader.read_threads=4 x local_ranks=46 = 184 workers, estimated ~92 GB — exceeds 50% of available RAM on this node (166 GB). Consider reducing read_threads to avoid OOM.
[WARNING] On host cn023: reader.read_threads=4 x local_ranks=46 = 184 workers, estimated ~92 GB — exceeds 50% of available RAM on this node (176 GB). Consider reducing read_threads to avoid OOM.
[WARNING] On host cn021: reader.read_threads=4 x local_ranks=46 = 184 workers, estimated ~92 GB — exceeds 50% of available RAM on this node (166 GB). Consider reducing read_threads to avoid OOM.
[WARNING] On host cn024: reader.read_threads=4 x local_ranks=46 = 184 workers, estimated ~92 GB — exceeds 50% of available RAM on this node (166 GB). Consider reducing read_threads to avoid OOM.
[WARNING] On host cn031: reader.read_threads=4 x local_ranks=46 = 184 workers, estimated ~92 GB — exceeds 50% of available RAM on this node (166 GB). Consider reducing read_threads to avoid OOM.
[WARNING] On host cn025: reader.read_threads=4 x local_ranks=46 = 184 workers, estimated ~92 GB — exceeds 50% of available RAM on this node (166 GB). Consider reducing read_threads to avoid OOM.
[WARNING] On host cn028: reader.read_threads=4 x local_ranks=46 = 184 workers, estimated ~92 GB — exceeds 50% of available RAM on this node (166 GB). Consider reducing read_threads to avoid OOM.
[WARNING] On host cn027: reader.read_threads=4 x local_ranks=46 = 184 workers, estimated ~92 GB — exceeds 50% of available RAM on this node (166 GB). Consider reducing read_threads to avoid OOM.
[WARNING] On host cn026: reader.read_threads=4 x local_ranks=46 = 184 workers, estimated ~92 GB — exceeds 50% of available RAM on this node (166 GB). Consider reducing read_threads to avoid OOM.
[WARNING] On host cn032: reader.read_threads=4 x local_ranks=46 = 184 workers, estimated ~92 GB — exceeds 50% of available RAM on this node (176 GB). Consider reducing read_threads to avoid OOM.
[WARNING] On host cn030: reader.read_threads=4 x local_ranks=46 = 184 workers, estimated ~92 GB — exceeds 50% of available RAM on this node (166 GB). Consider reducing read_threads to avoid OOM.
[WARNING] On host cn018: reader.read_threads=4 x local_ranks=46 = 184 workers, estimated ~92 GB — exceeds 50% of available RAM on this node (165 GB). Consider reducing read_threads to avoid OOM.
[WARNING] On host cn019: reader.read_threads=4 x local_ranks=46 = 184 workers, estimated ~92 GB — exceeds 50% of available RAM on this node (176 GB). Consider reducing read_threads to avoid OOM.
[WARNING] On host cn029: reader.read_threads=4 x local_ranks=46 = 184 workers, estimated ~92 GB — exceeds 50% of available RAM on this node (166 GB). Consider reducing read_threads to avoid OOM.
[WARNING] On host cn020: reader.read_threads=4 x local_ranks=46 = 184 workers, estimated ~92 GB — exceeds 50% of available RAM on this node (166 GB). Consider reducing read_threads to avoid OOM.
[WARNING] On host cn022: reader.read_threads=4 x local_ranks=46 = 184 workers, estimated ~92 GB — exceeds 50% of available RAM on this node (166 GB). Consider reducing read_threads to avoid OOM.
[WARNING] On host cn023: reader.read_threads=4 x local_ranks=46 = 184 workers, estimated ~92 GB — exceeds 50% of available RAM on this node (176 GB). Consider reducing read_threads to avoid OOM.
[WARNING] On host cn021: reader.read_threads=4 x local_ranks=46 = 184 workers, estimated ~92 GB — exceeds 50% of available RAM on this node (166 GB). Consider reducing read_threads to avoid OOM.
[WARNING] On host cn024: reader.read_threads=4 x local_ranks=46 = 184 workers, estimated ~92 GB — exceeds 50% of available RAM on this node (166 GB). Consider reducing read_threads to avoid OOM.
[WARNING] On host cn031: reader.read_threads=4 x local_ranks=46 = 184 workers, estimated ~92 GB — exceeds 50% of available RAM on this node (166 GB). Consider reducing read_threads to avoid OOM.
[WARNING] On host cn025: reader.read_threads=4 x local_ranks=46 = 184 workers, estimated ~92 GB — exceeds 50% of available RAM on this node (166 GB). Consider reducing read_threads to avoid OOM.
[WARNING] On host cn028: reader.read_threads=4 x local_ranks=46 = 184 workers, estimated ~92 GB — exceeds 50% of available RAM on this node (166 GB). Consider reducing read_threads to avoid OOM.
[WARNING] On host cn027: reader.read_threads=4 x local_ranks=46 = 184 workers, estimated ~92 GB — exceeds 50% of available RAM on this node (166 GB). Consider reducing read_threads to avoid OOM.
[WARNING] On host cn026: reader.read_threads=4 x local_ranks=46 = 184 workers, estimated ~92 GB — exceeds 50% of available RAM on this node (166 GB). Consider reducing read_threads to avoid OOM.
[WARNING] On host cn032: reader.read_threads=4 x local_ranks=46 = 184 workers, estimated ~92 GB — exceeds 50% of available RAM on this node (176 GB). Consider reducing read_threads to avoid OOM.
[WARNING] On host cn030: reader.read_threads=4 x local_ranks=46 = 184 workers, estimated ~92 GB — exceeds 50% of available RAM on this node (166 GB). Consider reducing read_threads to avoid OOM.
[WARNING] On host cn018: reader.read_threads=4 x local_ranks=46 = 184 workers, estimated ~92 GB — exceeds 50% of available RAM on this node (165 GB). Consider reducing read_threads to avoid OOM.
[WARNING] On host cn019: reader.read_threads=4 x local_ranks=46 = 184 workers, estimated ~92 GB — exceeds 50% of available RAM on this node (176 GB). Consider reducing read_threads to avoid OOM.
[WARNING] On host cn029: reader.read_threads=4 x local_ranks=46 = 184 workers, estimated ~92 GB — exceeds 50% of available RAM on this node (166 GB). Consider reducing read_threads to avoid OOM.
[WARNING] On host cn020: reader.read_threads=4 x local_ranks=46 = 184 workers, estimated ~92 GB — exceeds 50% of available RAM on this node (166 GB). Consider reducing read_threads to avoid OOM.
[WARNING] On host cn022: reader.read_threads=4 x local_ranks=46 = 184 workers, estimated ~92 GB — exceeds 50% of available RAM on this node (166 GB). Consider reducing read_threads to avoid OOM.
[WARNING] On host cn023: reader.read_threads=4 x local_ranks=46 = 184 workers, estimated ~92 GB — exceeds 50% of available RAM on this node (176 GB). Consider reducing read_threads to avoid OOM.
[WARNING] On host cn021: reader.read_threads=4 x local_ranks=46 = 184 workers, estimated ~92 GB — exceeds 50% of available RAM on this node (166 GB). Consider reducing read_threads to avoid OOM.
[WARNING] On host cn024: reader.read_threads=4 x local_ranks=46 = 184 workers, estimated ~92 GB — exceeds 50% of available RAM on this node (166 GB). Consider reducing read_threads to avoid OOM.
[WARNING] On host cn031: reader.read_threads=4 x local_ranks=46 = 184 workers, estimated ~92 GB — exceeds 50% of available RAM on this node (166 GB). Consider reducing read_threads to avoid OOM.
[WARNING] On host cn025: reader.read_threads=4 x local_ranks=46 = 184 workers, estimated ~92 GB — exceeds 50% of available RAM on this node (166 GB). Consider reducing read_threads to avoid OOM.
[WARNING] On host cn028: reader.read_threads=4 x local_ranks=46 = 184 workers, estimated ~92 GB — exceeds 50% of available RAM on this node (166 GB). Consider reducing read_threads to avoid OOM.
[WARNING] On host cn027: reader.read_threads=4 x local_ranks=46 = 184 workers, estimated ~92 GB — exceeds 50% of available RAM on this node (166 GB). Consider reducing read_threads to avoid OOM.
[WARNING] On host cn026: reader.read_threads=4 x local_ranks=46 = 184 workers, estimated ~92 GB — exceeds 50% of available RAM on this node (166 GB). Consider reducing read_threads to avoid OOM.
[WARNING] On host cn032: reader.read_threads=4 x local_ranks=46 = 184 workers, estimated ~92 GB — exceeds 50% of available RAM on this node (176 GB). Consider reducing read_threads to avoid OOM.
[WARNING] On host cn030: reader.read_threads=4 x local_ranks=46 = 184 workers, estimated ~92 GB — exceeds 50% of available RAM on this node (166 GB). Consider reducing read_threads to avoid OOM.
[WARNING] On host cn018: reader.read_threads=4 x local_ranks=46 = 184 workers, estimated ~92 GB — exceeds 50% of available RAM on this node (165 GB). Consider reducing read_threads to avoid OOM.
[WARNING] On host cn019: reader.read_threads=4 x local_ranks=46 = 184 workers, estimated ~92 GB — exceeds 50% of available RAM on this node (176 GB). Consider reducing read_threads to avoid OOM.
[WARNING] On host cn029: reader.read_threads=4 x local_ranks=46 = 184 workers, estimated ~92 GB — exceeds 50% of available RAM on this node (166 GB). Consider reducing read_threads to avoid OOM.
[WARNING] On host cn020: reader.read_threads=4 x local_ranks=46 = 184 workers, estimated ~92 GB — exceeds 50% of available RAM on this node (166 GB). Consider reducing read_threads to avoid OOM.
[WARNING] On host cn022: reader.read_threads=4 x local_ranks=46 = 184 workers, estimated ~92 GB — exceeds 50% of available RAM on this node (166 GB). Consider reducing read_threads to avoid OOM.
[WARNING] On host cn023: reader.read_threads=4 x local_ranks=46 = 184 workers, estimated ~92 GB — exceeds 50% of available RAM on this node (176 GB). Consider reducing read_threads to avoid OOM.
[WARNING] On host cn021: reader.read_threads=4 x local_ranks=46 = 184 workers, estimated ~92 GB — exceeds 50% of available RAM on this node (166 GB). Consider reducing read_threads to avoid OOM.
[WARNING] On host cn024: reader.read_threads=4 x local_ranks=46 = 184 workers, estimated ~92 GB — exceeds 50% of available RAM on this node (166 GB). Consider reducing read_threads to avoid OOM.
[WARNING] On host cn031: reader.read_threads=4 x local_ranks=46 = 184 workers, estimated ~92 GB — exceeds 50% of available RAM on this node (166 GB). Consider reducing read_threads to avoid OOM.
[WARNING] On host cn025: reader.read_threads=4 x local_ranks=46 = 184 workers, estimated ~92 GB — exceeds 50% of available RAM on this node (166 GB). Consider reducing read_threads to avoid OOM.
[WARNING] On host cn028: reader.read_threads=4 x local_ranks=46 = 184 workers, estimated ~92 GB — exceeds 50% of available RAM on this node (166 GB). Consider reducing read_threads to avoid OOM.
[WARNING] On host cn027: reader.read_threads=4 x local_ranks=46 = 184 workers, estimated ~92 GB — exceeds 50% of available RAM on this node (166 GB). Consider reducing read_threads to avoid OOM.
[WARNING] On host cn026: reader.read_threads=4 x local_ranks=46 = 184 workers, estimated ~92 GB — exceeds 50% of available RAM on this node (166 GB). Consider reducing read_threads to avoid OOM.
[WARNING] On host cn032: reader.read_threads=4 x local_ranks=46 = 184 workers, estimated ~92 GB — exceeds 50% of available RAM on this node (176 GB). Consider reducing read_threads to avoid OOM.
[WARNING] On host cn030: reader.read_threads=4 x local_ranks=46 = 184 workers, estimated ~92 GB — exceeds 50% of available RAM on this node (166 GB). Consider reducing read_threads to avoid OOM.
[WARNING] On host cn018: reader.read_threads=4 x local_ranks=46 = 184 workers, estimated ~92 GB — exceeds 50% of available RAM on this node (165 GB). Consider reducing read_threads to avoid OOM.
[WARNING] On host cn019: reader.read_threads=4 x local_ranks=46 = 184 workers, estimated ~92 GB — exceeds 50% of available RAM on this node (176 GB). Consider reducing read_threads to avoid OOM.
[WARNING] On host cn025: reader.read_threads=4 x local_ranks=46 = 184 workers, estimated ~92 GB — exceeds 50% of available RAM on this node (166 GB). Consider reducing read_threads to avoid OOM.
[WARNING] On host cn028: reader.read_threads=4 x local_ranks=46 = 184 workers, estimated ~92 GB — exceeds 50% of available RAM on this node (166 GB). Consider reducing read_threads to avoid OOM.
[WARNING] On host cn027: reader.read_threads=4 x local_ranks=46 = 184 workers, estimated ~92 GB — exceeds 50% of available RAM on this node (166 GB). Consider reducing read_threads to avoid OOM.
[WARNING] On host cn026: reader.read_threads=4 x local_ranks=46 = 184 workers, estimated ~92 GB — exceeds 50% of available RAM on this node (166 GB). Consider reducing read_threads to avoid OOM.
[WARNING] On host cn032: reader.read_threads=4 x local_ranks=46 = 184 workers, estimated ~92 GB — exceeds 50% of available RAM on this node (176 GB). Consider reducing read_threads to avoid OOM.
[WARNING] On host cn030: reader.read_threads=4 x local_ranks=46 = 184 workers, estimated ~92 GB — exceeds 50% of available RAM on this node (166 GB). Consider reducing read_threads to avoid OOM.
[WARNING] On host cn018: reader.read_threads=4 x local_ranks=46 = 184 workers, estimated ~92 GB — exceeds 50% of available RAM on this node (165 GB). Consider reducing read_threads to avoid OOM.
[WARNING] On host cn019: reader.read_threads=4 x local_ranks=46 = 184 workers, estimated ~92 GB — exceeds 50% of available RAM on this node (176 GB). Consider reducing read_threads to avoid OOM.
[WARNING] On host cn029: reader.read_threads=4 x local_ranks=46 = 184 workers, estimated ~92 GB — exceeds 50% of available RAM on this node (166 GB). Consider reducing read_threads to avoid OOM.
[WARNING] On host cn020: reader.read_threads=4 x local_ranks=46 = 184 workers, estimated ~92 GB — exceeds 50% of available RAM on this node (166 GB). Consider reducing read_threads to avoid OOM.
[WARNING] On host cn022: reader.read_threads=4 x local_ranks=46 = 184 workers, estimated ~92 GB — exceeds 50% of available RAM on this node (166 GB). Consider reducing read_threads to avoid OOM.
[WARNING] On host cn023: reader.read_threads=4 x local_ranks=46 = 184 workers, estimated ~92 GB — exceeds 50% of available RAM on this node (176 GB). Consider reducing read_threads to avoid OOM.
[WARNING] On host cn021: reader.read_threads=4 x local_ranks=46 = 184 workers, estimated ~92 GB — exceeds 50% of available RAM on this node (166 GB). Consider reducing read_threads to avoid OOM.
[WARNING] On host cn024: reader.read_threads=4 x local_ranks=46 = 184 workers, estimated ~92 GB — exceeds 50% of available RAM on this node (166 GB). Consider reducing read_threads to avoid OOM.
[WARNING] On host cn031: reader.read_threads=4 x local_ranks=46 = 184 workers, estimated ~92 GB — exceeds 50% of available RAM on this node (166 GB). Consider reducing read_threads to avoid OOM.
[WARNING] On host cn029: reader.read_threads=4 x local_ranks=46 = 184 workers, estimated ~92 GB — exceeds 50% of available RAM on this node (166 GB). Consider reducing read_threads to avoid OOM.
[WARNING] On host cn020: reader.read_threads=4 x local_ranks=46 = 184 workers, estimated ~92 GB — exceeds 50% of available RAM on this node (166 GB). Consider reducing read_threads to avoid OOM.
[WARNING] On host cn022: reader.read_threads=4 x local_ranks=46 = 184 workers, estimated ~92 GB — exceeds 50% of available RAM on this node (166 GB). Consider reducing read_threads to avoid OOM.
[WARNING] On host cn023: reader.read_threads=4 x local_ranks=46 = 184 workers, estimated ~92 GB — exceeds 50% of available RAM on this node (176 GB). Consider reducing read_threads to avoid OOM.
[WARNING] On host cn021: reader.read_threads=4 x local_ranks=46 = 184 workers, estimated ~92 GB — exceeds 50% of available RAM on this node (166 GB). Consider reducing read_threads to avoid OOM.
[WARNING] On host cn024: reader.read_threads=4 x local_ranks=46 = 184 workers, estimated ~92 GB — exceeds 50% of available RAM on this node (166 GB). Consider reducing read_threads to avoid OOM.
[WARNING] On host cn031: reader.read_threads=4 x local_ranks=46 = 184 workers, estimated ~92 GB — exceeds 50% of available RAM on this node (166 GB). Consider reducing read_threads to avoid OOM.
[WARNING] On host cn025: reader.read_threads=4 x local_ranks=46 = 184 workers, estimated ~92 GB — exceeds 50% of available RAM on this node (166 GB). Consider reducing read_threads to avoid OOM.
[WARNING] On host cn028: reader.read_threads=4 x local_ranks=46 = 184 workers, estimated ~92 GB — exceeds 50% of available RAM on this node (166 GB). Consider reducing read_threads to avoid OOM.
[WARNING] On host cn027: reader.read_threads=4 x local_ranks=46 = 184 workers, estimated ~92 GB — exceeds 50% of available RAM on this node (166 GB). Consider reducing read_threads to avoid OOM.
[WARNING] On host cn026: reader.read_threads=4 x local_ranks=46 = 184 workers, estimated ~92 GB — exceeds 50% of available RAM on this node (166 GB). Consider reducing read_threads to avoid OOM.
[WARNING] On host cn032: reader.read_threads=4 x local_ranks=46 = 184 workers, estimated ~92 GB — exceeds 50% of available RAM on this node (176 GB). Consider reducing read_threads to avoid OOM.
[WARNING] On host cn030: reader.read_threads=4 x local_ranks=46 = 184 workers, estimated ~92 GB — exceeds 50% of available RAM on this node (166 GB). Consider reducing read_threads to avoid OOM.
[WARNING] On host cn018: reader.read_threads=4 x local_ranks=46 = 184 workers, estimated ~92 GB — exceeds 50% of available RAM on this node (165 GB). Consider reducing read_threads to avoid OOM.
[WARNING] On host cn019: reader.read_threads=4 x local_ranks=46 = 184 workers, estimated ~92 GB — exceeds 50% of available RAM on this node (176 GB). Consider reducing read_threads to avoid OOM.
[WARNING] On host cn029: reader.read_threads=4 x local_ranks=46 = 184 workers, estimated ~92 GB — exceeds 50% of available RAM on this node (166 GB). Consider reducing read_threads to avoid OOM.
[WARNING] On host cn020: reader.read_threads=4 x local_ranks=46 = 184 workers, estimated ~92 GB — exceeds 50% of available RAM on this node (166 GB). Consider reducing read_threads to avoid OOM.
[WARNING] On host cn022: reader.read_threads=4 x local_ranks=46 = 184 workers, estimated ~92 GB — exceeds 50% of available RAM on this node (166 GB). Consider reducing read_threads to avoid OOM.
[WARNING] On host cn023: reader.read_threads=4 x local_ranks=46 = 184 workers, estimated ~92 GB — exceeds 50% of available RAM on this node (176 GB). Consider reducing read_threads to avoid OOM.
[WARNING] On host cn021: reader.read_threads=4 x local_ranks=46 = 184 workers, estimated ~92 GB — exceeds 50% of available RAM on this node (166 GB). Consider reducing read_threads to avoid OOM.
[WARNING] On host cn024: reader.read_threads=4 x local_ranks=46 = 184 workers, estimated ~92 GB — exceeds 50% of available RAM on this node (166 GB). Consider reducing read_threads to avoid OOM.
[WARNING] On host cn031: reader.read_threads=4 x local_ranks=46 = 184 workers, estimated ~92 GB — exceeds 50% of available RAM on this node (166 GB). Consider reducing read_threads to avoid OOM.
[WARNING] On host cn025: reader.read_threads=4 x local_ranks=46 = 184 workers, estimated ~92 GB — exceeds 50% of available RAM on this node (166 GB). Consider reducing read_threads to avoid OOM.
[WARNING] On host cn028: reader.read_threads=4 x local_ranks=46 = 184 workers, estimated ~92 GB — exceeds 50% of available RAM on this node (166 GB). Consider reducing read_threads to avoid OOM.
[WARNING] On host cn027: reader.read_threads=4 x local_ranks=46 = 184 workers, estimated ~92 GB — exceeds 50% of available RAM on this node (166 GB). Consider reducing read_threads to avoid OOM.
[WARNING] On host cn026: reader.read_threads=4 x local_ranks=46 = 184 workers, estimated ~92 GB — exceeds 50% of available RAM on this node (166 GB). Consider reducing read_threads to avoid OOM.
[WARNING] On host cn032: reader.read_threads=4 x local_ranks=46 = 184 workers, estimated ~92 GB — exceeds 50% of available RAM on this node (176 GB). Consider reducing read_threads to avoid OOM.
[WARNING] On host cn030: reader.read_threads=4 x local_ranks=46 = 184 workers, estimated ~92 GB — exceeds 50% of available RAM on this node (166 GB). Consider reducing read_threads to avoid OOM.
[WARNING] On host cn018: reader.read_threads=4 x local_ranks=46 = 184 workers, estimated ~92 GB — exceeds 50% of available RAM on this node (165 GB). Consider reducing read_threads to avoid OOM.
[WARNING] On host cn019: reader.read_threads=4 x local_ranks=46 = 184 workers, estimated ~92 GB — exceeds 50% of available RAM on this node (176 GB). Consider reducing read_threads to avoid OOM.
[WARNING] On host cn029: reader.read_threads=4 x local_ranks=46 = 184 workers, estimated ~92 GB — exceeds 50% of available RAM on this node (166 GB). Consider reducing read_threads to avoid OOM.
[WARNING] On host cn020: reader.read_threads=4 x local_ranks=46 = 184 workers, estimated ~92 GB — exceeds 50% of available RAM on this node (166 GB). Consider reducing read_threads to avoid OOM.
[WARNING] On host cn022: reader.read_threads=4 x local_ranks=46 = 184 workers, estimated ~92 GB — exceeds 50% of available RAM on this node (166 GB). Consider reducing read_threads to avoid OOM.
[WARNING] On host cn023: reader.read_threads=4 x local_ranks=46 = 184 workers, estimated ~92 GB — exceeds 50% of available RAM on this node (176 GB). Consider reducing read_threads to avoid OOM.
[WARNING] On host cn021: reader.read_threads=4 x local_ranks=46 = 184 workers, estimated ~92 GB — exceeds 50% of available RAM on this node (166 GB). Consider reducing read_threads to avoid OOM.
[WARNING] On host cn024: reader.read_threads=4 x local_ranks=46 = 184 workers, estimated ~92 GB — exceeds 50% of available RAM on this node (166 GB). Consider reducing read_threads to avoid OOM.
[WARNING] On host cn031: reader.read_threads=4 x local_ranks=46 = 184 workers, estimated ~92 GB — exceeds 50% of available RAM on this node (166 GB). Consider reducing read_threads to avoid OOM.
[WARNING] On host cn025: reader.read_threads=4 x local_ranks=46 = 184 workers, estimated ~92 GB — exceeds 50% of available RAM on this node (166 GB). Consider reducing read_threads to avoid OOM.
[WARNING] On host cn028: reader.read_threads=4 x local_ranks=46 = 184 workers, estimated ~92 GB — exceeds 50% of available RAM on this node (166 GB). Consider reducing read_threads to avoid OOM.
[WARNING] On host cn027: reader.read_threads=4 x local_ranks=46 = 184 workers, estimated ~92 GB — exceeds 50% of available RAM on this node (166 GB). Consider reducing read_threads to avoid OOM.
[WARNING] On host cn026: reader.read_threads=4 x local_ranks=46 = 184 workers, estimated ~92 GB — exceeds 50% of available RAM on this node (166 GB). Consider reducing read_threads to avoid OOM.
[WARNING] On host cn032: reader.read_threads=4 x local_ranks=46 = 184 workers, estimated ~92 GB — exceeds 50% of available RAM on this node (176 GB). Consider reducing read_threads to avoid OOM.
[WARNING] On host cn030: reader.read_threads=4 x local_ranks=46 = 184 workers, estimated ~92 GB — exceeds 50% of available RAM on this node (166 GB). Consider reducing read_threads to avoid OOM.
[WARNING] On host cn018: reader.read_threads=4 x local_ranks=46 = 184 workers, estimated ~92 GB — exceeds 50% of available RAM on this node (165 GB). Consider reducing read_threads to avoid OOM.
[WARNING] On host cn019: reader.read_threads=4 x local_ranks=46 = 184 workers, estimated ~92 GB — exceeds 50% of available RAM on this node (176 GB). Consider reducing read_threads to avoid OOM.
[WARNING] On host cn029: reader.read_threads=4 x local_ranks=46 = 184 workers, estimated ~92 GB — exceeds 50% of available RAM on this node (166 GB). Consider reducing read_threads to avoid OOM.
[WARNING] On host cn020: reader.read_threads=4 x local_ranks=46 = 184 workers, estimated ~92 GB — exceeds 50% of available RAM on this node (166 GB). Consider reducing read_threads to avoid OOM.
[WARNING] On host cn022: reader.read_threads=4 x local_ranks=46 = 184 workers, estimated ~92 GB — exceeds 50% of available RAM on this node (166 GB). Consider reducing read_threads to avoid OOM.
[WARNING] On host cn023: reader.read_threads=4 x local_ranks=46 = 184 workers, estimated ~92 GB — exceeds 50% of available RAM on this node (176 GB). Consider reducing read_threads to avoid OOM.
[WARNING] On host cn021: reader.read_threads=4 x local_ranks=46 = 184 workers, estimated ~92 GB — exceeds 50% of available RAM on this node (166 GB). Consider reducing read_threads to avoid OOM.
[WARNING] On host cn024: reader.read_threads=4 x local_ranks=46 = 184 workers, estimated ~92 GB — exceeds 50% of available RAM on this node (166 GB). Consider reducing read_threads to avoid OOM.
[WARNING] On host cn031: reader.read_threads=4 x local_ranks=46 = 184 workers, estimated ~92 GB — exceeds 50% of available RAM on this node (166 GB). Consider reducing read_threads to avoid OOM.
[WARNING] On host cn025: reader.read_threads=4 x local_ranks=46 = 184 workers, estimated ~92 GB — exceeds 50% of available RAM on this node (166 GB). Consider reducing read_threads to avoid OOM.
[WARNING] On host cn028: reader.read_threads=4 x local_ranks=46 = 184 workers, estimated ~92 GB — exceeds 50% of available RAM on this node (166 GB). Consider reducing read_threads to avoid OOM.
[WARNING] On host cn027: reader.read_threads=4 x local_ranks=46 = 184 workers, estimated ~92 GB — exceeds 50% of available RAM on this node (166 GB). Consider reducing read_threads to avoid OOM.
[WARNING] On host cn026: reader.read_threads=4 x local_ranks=46 = 184 workers, estimated ~92 GB — exceeds 50% of available RAM on this node (166 GB). Consider reducing read_threads to avoid OOM.
[WARNING] On host cn032: reader.read_threads=4 x local_ranks=46 = 184 workers, estimated ~92 GB — exceeds 50% of available RAM on this node (176 GB). Consider reducing read_threads to avoid OOM.
[WARNING] On host cn030: reader.read_threads=4 x local_ranks=46 = 184 workers, estimated ~92 GB — exceeds 50% of available RAM on this node (166 GB). Consider reducing read_threads to avoid OOM.
[WARNING] On host cn018: reader.read_threads=4 x local_ranks=46 = 184 workers, estimated ~92 GB — exceeds 50% of available RAM on this node (165 GB). Consider reducing read_threads to avoid OOM.
[WARNING] On host cn019: reader.read_threads=4 x local_ranks=46 = 184 workers, estimated ~92 GB — exceeds 50% of available RAM on this node (176 GB). Consider reducing read_threads to avoid OOM.
[WARNING] On host cn027: reader.read_threads=4 x local_ranks=46 = 184 workers, estimated ~92 GB — exceeds 50% of available RAM on this node (166 GB). Consider reducing read_threads to avoid OOM.
[WARNING] On host cn026: reader.read_threads=4 x local_ranks=46 = 184 workers, estimated ~92 GB — exceeds 50% of available RAM on this node (166 GB). Consider reducing read_threads to avoid OOM.
[WARNING] On host cn032: reader.read_threads=4 x local_ranks=46 = 184 workers, estimated ~92 GB — exceeds 50% of available RAM on this node (176 GB). Consider reducing read_threads to avoid OOM.
[WARNING] On host cn030: reader.read_threads=4 x local_ranks=46 = 184 workers, estimated ~92 GB — exceeds 50% of available RAM on this node (166 GB). Consider reducing read_threads to avoid OOM.
[WARNING] On host cn018: reader.read_threads=4 x local_ranks=46 = 184 workers, estimated ~92 GB — exceeds 50% of available RAM on this node (165 GB). Consider reducing read_threads to avoid OOM.
[WARNING] On host cn019: reader.read_threads=4 x local_ranks=46 = 184 workers, estimated ~92 GB — exceeds 50% of available RAM on this node (176 GB). Consider reducing read_threads to avoid OOM.
[WARNING] On host cn029: reader.read_threads=4 x local_ranks=46 = 184 workers, estimated ~92 GB — exceeds 50% of available RAM on this node (166 GB). Consider reducing read_threads to avoid OOM.
[WARNING] On host cn020: reader.read_threads=4 x local_ranks=46 = 184 workers, estimated ~92 GB — exceeds 50% of available RAM on this node (166 GB). Consider reducing read_threads to avoid OOM.
[WARNING] On host cn022: reader.read_threads=4 x local_ranks=46 = 184 workers, estimated ~92 GB — exceeds 50% of available RAM on this node (166 GB). Consider reducing read_threads to avoid OOM.
[WARNING] On host cn023: reader.read_threads=4 x local_ranks=46 = 184 workers, estimated ~92 GB — exceeds 50% of available RAM on this node (176 GB). Consider reducing read_threads to avoid OOM.
[WARNING] On host cn021: reader.read_threads=4 x local_ranks=46 = 184 workers, estimated ~92 GB — exceeds 50% of available RAM on this node (166 GB). Consider reducing read_threads to avoid OOM.
[WARNING] On host cn024: reader.read_threads=4 x local_ranks=46 = 184 workers, estimated ~92 GB — exceeds 50% of available RAM on this node (166 GB). Consider reducing read_threads to avoid OOM.
[WARNING] On host cn031: reader.read_threads=4 x local_ranks=46 = 184 workers, estimated ~92 GB — exceeds 50% of available RAM on this node (166 GB). Consider reducing read_threads to avoid OOM.
[WARNING] On host cn025: reader.read_threads=4 x local_ranks=46 = 184 workers, estimated ~92 GB — exceeds 50% of available RAM on this node (166 GB). Consider reducing read_threads to avoid OOM.
[WARNING] On host cn028: reader.read_threads=4 x local_ranks=46 = 184 workers, estimated ~92 GB — exceeds 50% of available RAM on this node (166 GB). Consider reducing read_threads to avoid OOM.
[WARNING] On host cn029: reader.read_threads=4 x local_ranks=46 = 184 workers, estimated ~92 GB — exceeds 50% of available RAM on this node (166 GB). Consider reducing read_threads to avoid OOM.
[WARNING] On host cn020: reader.read_threads=4 x local_ranks=46 = 184 workers, estimated ~92 GB — exceeds 50% of available RAM on this node (166 GB). Consider reducing read_threads to avoid OOM.
[WARNING] On host cn022: reader.read_threads=4 x local_ranks=46 = 184 workers, estimated ~92 GB — exceeds 50% of available RAM on this node (166 GB). Consider reducing read_threads to avoid OOM.
[WARNING] On host cn023: reader.read_threads=4 x local_ranks=46 = 184 workers, estimated ~92 GB — exceeds 50% of available RAM on this node (176 GB). Consider reducing read_threads to avoid OOM.
[WARNING] On host cn021: reader.read_threads=4 x local_ranks=46 = 184 workers, estimated ~92 GB — exceeds 50% of available RAM on this node (166 GB). Consider reducing read_threads to avoid OOM.
[WARNING] On host cn024: reader.read_threads=4 x local_ranks=46 = 184 workers, estimated ~92 GB — exceeds 50% of available RAM on this node (166 GB). Consider reducing read_threads to avoid OOM.
[WARNING] On host cn031: reader.read_threads=4 x local_ranks=46 = 184 workers, estimated ~92 GB — exceeds 50% of available RAM on this node (166 GB). Consider reducing read_threads to avoid OOM.
[WARNING] On host cn025: reader.read_threads=4 x local_ranks=46 = 184 workers, estimated ~92 GB — exceeds 50% of available RAM on this node (166 GB). Consider reducing read_threads to avoid OOM.
[WARNING] On host cn028: reader.read_threads=4 x local_ranks=46 = 184 workers, estimated ~92 GB — exceeds 50% of available RAM on this node (166 GB). Consider reducing read_threads to avoid OOM.
[WARNING] On host cn027: reader.read_threads=4 x local_ranks=46 = 184 workers, estimated ~92 GB — exceeds 50% of available RAM on this node (166 GB). Consider reducing read_threads to avoid OOM.
[WARNING] On host cn026: reader.read_threads=4 x local_ranks=46 = 184 workers, estimated ~92 GB — exceeds 50% of available RAM on this node (166 GB). Consider reducing read_threads to avoid OOM.
[WARNING] On host cn032: reader.read_threads=4 x local_ranks=46 = 184 workers, estimated ~92 GB — exceeds 50% of available RAM on this node (176 GB). Consider reducing read_threads to avoid OOM.
[WARNING] On host cn030: reader.read_threads=4 x local_ranks=46 = 184 workers, estimated ~92 GB — exceeds 50% of available RAM on this node (166 GB). Consider reducing read_threads to avoid OOM.
[WARNING] On host cn018: reader.read_threads=4 x local_ranks=46 = 184 workers, estimated ~92 GB — exceeds 50% of available RAM on this node (165 GB). Consider reducing read_threads to avoid OOM.
[WARNING] On host cn019: reader.read_threads=4 x local_ranks=46 = 184 workers, estimated ~92 GB — exceeds 50% of available RAM on this node (176 GB). Consider reducing read_threads to avoid OOM.
[WARNING] On host cn029: reader.read_threads=4 x local_ranks=46 = 184 workers, estimated ~92 GB — exceeds 50% of available RAM on this node (166 GB). Consider reducing read_threads to avoid OOM.
[WARNING] On host cn020: reader.read_threads=4 x local_ranks=46 = 184 workers, estimated ~92 GB — exceeds 50% of available RAM on this node (166 GB). Consider reducing read_threads to avoid OOM.
[WARNING] On host cn022: reader.read_threads=4 x local_ranks=46 = 184 workers, estimated ~92 GB — exceeds 50% of available RAM on this node (166 GB). Consider reducing read_threads to avoid OOM.
[WARNING] On host cn023: reader.read_threads=4 x local_ranks=46 = 184 workers, estimated ~92 GB — exceeds 50% of available RAM on this node (176 GB). Consider reducing read_threads to avoid OOM.
[WARNING] On host cn021: reader.read_threads=4 x local_ranks=46 = 184 workers, estimated ~92 GB — exceeds 50% of available RAM on this node (166 GB). Consider reducing read_threads to avoid OOM.
[WARNING] On host cn024: reader.read_threads=4 x local_ranks=46 = 184 workers, estimated ~92 GB — exceeds 50% of available RAM on this node (166 GB). Consider reducing read_threads to avoid OOM.
[WARNING] On host cn031: reader.read_threads=4 x local_ranks=46 = 184 workers, estimated ~92 GB — exceeds 50% of available RAM on this node (166 GB). Consider reducing read_threads to avoid OOM.
[WARNING] On host cn025: reader.read_threads=4 x local_ranks=46 = 184 workers, estimated ~92 GB — exceeds 50% of available RAM on this node (166 GB). Consider reducing read_threads to avoid OOM.
[WARNING] On host cn028: reader.read_threads=4 x local_ranks=46 = 184 workers, estimated ~92 GB — exceeds 50% of available RAM on this node (166 GB). Consider reducing read_threads to avoid OOM.
[WARNING] On host cn027: reader.read_threads=4 x local_ranks=46 = 184 workers, estimated ~92 GB — exceeds 50% of available RAM on this node (166 GB). Consider reducing read_threads to avoid OOM.
[WARNING] On host cn026: reader.read_threads=4 x local_ranks=46 = 184 workers, estimated ~92 GB — exceeds 50% of available RAM on this node (166 GB). Consider reducing read_threads to avoid OOM.
[WARNING] On host cn032: reader.read_threads=4 x local_ranks=46 = 184 workers, estimated ~92 GB — exceeds 50% of available RAM on this node (176 GB). Consider reducing read_threads to avoid OOM.
[WARNING] On host cn030: reader.read_threads=4 x local_ranks=46 = 184 workers, estimated ~92 GB — exceeds 50% of available RAM on this node (166 GB). Consider reducing read_threads to avoid OOM.
[WARNING] On host cn018: reader.read_threads=4 x local_ranks=46 = 184 workers, estimated ~92 GB — exceeds 50% of available RAM on this node (165 GB). Consider reducing read_threads to avoid OOM.
[WARNING] On host cn019: reader.read_threads=4 x local_ranks=46 = 184 workers, estimated ~92 GB — exceeds 50% of available RAM on this node (176 GB). Consider reducing read_threads to avoid OOM.
[OUTPUT] 2026-07-24T11:54:51.090801 Max steps per epoch per rank: 1891396 = 1 * 68090280 / 36 (samples per file * local files / batch size)
[WARNING] On host cn029: reader.read_threads=4 x local_ranks=46 = 184 workers, estimated ~92 GB — exceeds 50% of available RAM on this node (166 GB). Consider reducing read_threads to avoid OOM.
[WARNING] On host cn020: reader.read_threads=4 x local_ranks=46 = 184 workers, estimated ~92 GB — exceeds 50% of available RAM on this node (166 GB). Consider reducing read_threads to avoid OOM.
[WARNING] On host cn022: reader.read_threads=4 x local_ranks=46 = 184 workers, estimated ~92 GB — exceeds 50% of available RAM on this node (166 GB). Consider reducing read_threads to avoid OOM.
[WARNING] On host cn023: reader.read_threads=4 x local_ranks=46 = 184 workers, estimated ~92 GB — exceeds 50% of available RAM on this node (176 GB). Consider reducing read_threads to avoid OOM.
[WARNING] On host cn021: reader.read_threads=4 x local_ranks=46 = 184 workers, estimated ~92 GB — exceeds 50% of available RAM on this node (166 GB). Consider reducing read_threads to avoid OOM.
[WARNING] On host cn024: reader.read_threads=4 x local_ranks=46 = 184 workers, estimated ~92 GB — exceeds 50% of available RAM on this node (166 GB). Consider reducing read_threads to avoid OOM.
[WARNING] On host cn031: reader.read_threads=4 x local_ranks=46 = 184 workers, estimated ~92 GB — exceeds 50% of available RAM on this node (166 GB). Consider reducing read_threads to avoid OOM.
[WARNING] On host cn025: reader.read_threads=4 x local_ranks=46 = 184 workers, estimated ~92 GB — exceeds 50% of available RAM on this node (166 GB). Consider reducing read_threads to avoid OOM.
[WARNING] On host cn028: reader.read_threads=4 x local_ranks=46 = 184 workers, estimated ~92 GB — exceeds 50% of available RAM on this node (166 GB). Consider reducing read_threads to avoid OOM.
[WARNING] On host cn027: reader.read_threads=4 x local_ranks=46 = 184 workers, estimated ~92 GB — exceeds 50% of available RAM on this node (166 GB). Consider reducing read_threads to avoid OOM.
[WARNING] On host cn026: reader.read_threads=4 x local_ranks=46 = 184 workers, estimated ~92 GB — exceeds 50% of available RAM on this node (166 GB). Consider reducing read_threads to avoid OOM.
[WARNING] On host cn032: reader.read_threads=4 x local_ranks=46 = 184 workers, estimated ~92 GB — exceeds 50% of available RAM on this node (176 GB). Consider reducing read_threads to avoid OOM.
[WARNING] On host cn030: reader.read_threads=4 x local_ranks=46 = 184 workers, estimated ~92 GB — exceeds 50% of available RAM on this node (166 GB). Consider reducing read_threads to avoid OOM.
[WARNING] On host cn018: reader.read_threads=4 x local_ranks=46 = 184 workers, estimated ~92 GB — exceeds 50% of available RAM on this node (165 GB). Consider reducing read_threads to avoid OOM.
[WARNING] On host cn019: reader.read_threads=4 x local_ranks=46 = 184 workers, estimated ~92 GB — exceeds 50% of available RAM on this node (176 GB). Consider reducing read_threads to avoid OOM.
[WARNING] On host cn029: reader.read_threads=4 x local_ranks=46 = 184 workers, estimated ~92 GB — exceeds 50% of available RAM on this node (166 GB). Consider reducing read_threads to avoid OOM.
[WARNING] On host cn020: reader.read_threads=4 x local_ranks=46 = 184 workers, estimated ~92 GB — exceeds 50% of available RAM on this node (166 GB). Consider reducing read_threads to avoid OOM.
[WARNING] On host cn022: reader.read_threads=4 x local_ranks=46 = 184 workers, estimated ~92 GB — exceeds 50% of available RAM on this node (166 GB). Consider reducing read_threads to avoid OOM.
[WARNING] On host cn023: reader.read_threads=4 x local_ranks=46 = 184 workers, estimated ~92 GB — exceeds 50% of available RAM on this node (176 GB). Consider reducing read_threads to avoid OOM.
[WARNING] On host cn021: reader.read_threads=4 x local_ranks=46 = 184 workers, estimated ~92 GB — exceeds 50% of available RAM on this node (166 GB). Consider reducing read_threads to avoid OOM.
[WARNING] On host cn024: reader.read_threads=4 x local_ranks=46 = 184 workers, estimated ~92 GB — exceeds 50% of available RAM on this node (166 GB). Consider reducing read_threads to avoid OOM.
[WARNING] On host cn031: reader.read_threads=4 x local_ranks=46 = 184 workers, estimated ~92 GB — exceeds 50% of available RAM on this node (166 GB). Consider reducing read_threads to avoid OOM.
[WARNING] On host cn025: reader.read_threads=4 x local_ranks=46 = 184 workers, estimated ~92 GB — exceeds 50% of available RAM on this node (166 GB). Consider reducing read_threads to avoid OOM.
[WARNING] On host cn028: reader.read_threads=4 x local_ranks=46 = 184 workers, estimated ~92 GB — exceeds 50% of available RAM on this node (166 GB). Consider reducing read_threads to avoid OOM.
[WARNING] On host cn027: reader.read_threads=4 x local_ranks=46 = 184 workers, estimated ~92 GB — exceeds 50% of available RAM on this node (166 GB). Consider reducing read_threads to avoid OOM.
[WARNING] On host cn026: reader.read_threads=4 x local_ranks=46 = 184 workers, estimated ~92 GB — exceeds 50% of available RAM on this node (166 GB). Consider reducing read_threads to avoid OOM.
[WARNING] On host cn032: reader.read_threads=4 x local_ranks=46 = 184 workers, estimated ~92 GB — exceeds 50% of available RAM on this node (176 GB). Consider reducing read_threads to avoid OOM.
[WARNING] On host cn030: reader.read_threads=4 x local_ranks=46 = 184 workers, estimated ~92 GB — exceeds 50% of available RAM on this node (166 GB). Consider reducing read_threads to avoid OOM.
[WARNING] On host cn018: reader.read_threads=4 x local_ranks=46 = 184 workers, estimated ~92 GB — exceeds 50% of available RAM on this node (165 GB). Consider reducing read_threads to avoid OOM.
[WARNING] On host cn019: reader.read_threads=4 x local_ranks=46 = 184 workers, estimated ~92 GB — exceeds 50% of available RAM on this node (176 GB). Consider reducing read_threads to avoid OOM.
[WARNING] On host cn029: reader.read_threads=4 x local_ranks=46 = 184 workers, estimated ~92 GB — exceeds 50% of available RAM on this node (166 GB). Consider reducing read_threads to avoid OOM.
[WARNING] On host cn020: reader.read_threads=4 x local_ranks=46 = 184 workers, estimated ~92 GB — exceeds 50% of available RAM on this node (166 GB). Consider reducing read_threads to avoid OOM.
[WARNING] On host cn022: reader.read_threads=4 x local_ranks=46 = 184 workers, estimated ~92 GB — exceeds 50% of available RAM on this node (166 GB). Consider reducing read_threads to avoid OOM.
[WARNING] On host cn023: reader.read_threads=4 x local_ranks=46 = 184 workers, estimated ~92 GB — exceeds 50% of available RAM on this node (176 GB). Consider reducing read_threads to avoid OOM.
[WARNING] On host cn021: reader.read_threads=4 x local_ranks=46 = 184 workers, estimated ~92 GB — exceeds 50% of available RAM on this node (166 GB). Consider reducing read_threads to avoid OOM.
[WARNING] On host cn024: reader.read_threads=4 x local_ranks=46 = 184 workers, estimated ~92 GB — exceeds 50% of available RAM on this node (166 GB). Consider reducing read_threads to avoid OOM.
[WARNING] On host cn031: reader.read_threads=4 x local_ranks=46 = 184 workers, estimated ~92 GB — exceeds 50% of available RAM on this node (166 GB). Consider reducing read_threads to avoid OOM.
[WARNING] On host cn025: reader.read_threads=4 x local_ranks=46 = 184 workers, estimated ~92 GB — exceeds 50% of available RAM on this node (166 GB). Consider reducing read_threads to avoid OOM.
[WARNING] On host cn028: reader.read_threads=4 x local_ranks=46 = 184 workers, estimated ~92 GB — exceeds 50% of available RAM on this node (166 GB). Consider reducing read_threads to avoid OOM.
[WARNING] On host cn027: reader.read_threads=4 x local_ranks=46 = 184 workers, estimated ~92 GB — exceeds 50% of available RAM on this node (166 GB). Consider reducing read_threads to avoid OOM.
[WARNING] On host cn026: reader.read_threads=4 x local_ranks=46 = 184 workers, estimated ~92 GB — exceeds 50% of available RAM on this node (166 GB). Consider reducing read_threads to avoid OOM.
[WARNING] On host cn032: reader.read_threads=4 x local_ranks=46 = 184 workers, estimated ~92 GB — exceeds 50% of available RAM on this node (176 GB). Consider reducing read_threads to avoid OOM.
[WARNING] On host cn030: reader.read_threads=4 x local_ranks=46 = 184 workers, estimated ~92 GB — exceeds 50% of available RAM on this node (166 GB). Consider reducing read_threads to avoid OOM.
[WARNING] On host cn018: reader.read_threads=4 x local_ranks=46 = 184 workers, estimated ~92 GB — exceeds 50% of available RAM on this node (165 GB). Consider reducing read_threads to avoid OOM.
[WARNING] On host cn019: reader.read_threads=4 x local_ranks=46 = 184 workers, estimated ~92 GB — exceeds 50% of available RAM on this node (176 GB). Consider reducing read_threads to avoid OOM.
[WARNING] On host cn029: reader.read_threads=4 x local_ranks=46 = 184 workers, estimated ~92 GB — exceeds 50% of available RAM on this node (166 GB). Consider reducing read_threads to avoid OOM.
[WARNING] On host cn022: reader.read_threads=4 x local_ranks=46 = 184 workers, estimated ~92 GB — exceeds 50% of available RAM on this node (166 GB). Consider reducing read_threads to avoid OOM.
[WARNING] On host cn023: reader.read_threads=4 x local_ranks=46 = 184 workers, estimated ~92 GB — exceeds 50% of available RAM on this node (176 GB). Consider reducing read_threads to avoid OOM.
[WARNING] On host cn021: reader.read_threads=4 x local_ranks=46 = 184 workers, estimated ~92 GB — exceeds 50% of available RAM on this node (166 GB). Consider reducing read_threads to avoid OOM.
[WARNING] On host cn024: reader.read_threads=4 x local_ranks=46 = 184 workers, estimated ~92 GB — exceeds 50% of available RAM on this node (166 GB). Consider reducing read_threads to avoid OOM.
[WARNING] On host cn031: reader.read_threads=4 x local_ranks=46 = 184 workers, estimated ~92 GB — exceeds 50% of available RAM on this node (166 GB). Consider reducing read_threads to avoid OOM.
[WARNING] On host cn025: reader.read_threads=4 x local_ranks=46 = 184 workers, estimated ~92 GB — exceeds 50% of available RAM on this node (166 GB). Consider reducing read_threads to avoid OOM.
[WARNING] On host cn028: reader.read_threads=4 x local_ranks=46 = 184 workers, estimated ~92 GB — exceeds 50% of available RAM on this node (166 GB). Consider reducing read_threads to avoid OOM.
[WARNING] On host cn027: reader.read_threads=4 x local_ranks=46 = 184 workers, estimated ~92 GB — exceeds 50% of available RAM on this node (166 GB). Consider reducing read_threads to avoid OOM.
[WARNING] On host cn026: reader.read_threads=4 x local_ranks=46 = 184 workers, estimated ~92 GB — exceeds 50% of available RAM on this node (166 GB). Consider reducing read_threads to avoid OOM.
[WARNING] On host cn032: reader.read_threads=4 x local_ranks=46 = 184 workers, estimated ~92 GB — exceeds 50% of available RAM on this node (176 GB). Consider reducing read_threads to avoid OOM.
[WARNING] On host cn030: reader.read_threads=4 x local_ranks=46 = 184 workers, estimated ~92 GB — exceeds 50% of available RAM on this node (166 GB). Consider reducing read_threads to avoid OOM.
[WARNING] On host cn018: reader.read_threads=4 x local_ranks=46 = 184 workers, estimated ~92 GB — exceeds 50% of available RAM on this node (165 GB). Consider reducing read_threads to avoid OOM.
[WARNING] On host cn019: reader.read_threads=4 x local_ranks=46 = 184 workers, estimated ~92 GB — exceeds 50% of available RAM on this node (176 GB). Consider reducing read_threads to avoid OOM.
[WARNING] On host cn032: reader.read_threads=4 x local_ranks=46 = 184 workers, estimated ~92 GB — exceeds 50% of available RAM on this node (176 GB). Consider reducing read_threads to avoid OOM.
[WARNING] On host cn030: reader.read_threads=4 x local_ranks=46 = 184 workers, estimated ~92 GB — exceeds 50% of available RAM on this node (166 GB). Consider reducing read_threads to avoid OOM.
[WARNING] On host cn018: reader.read_threads=4 x local_ranks=46 = 184 workers, estimated ~92 GB — exceeds 50% of available RAM on this node (165 GB). Consider reducing read_threads to avoid OOM.
[WARNING] On host cn029: reader.read_threads=4 x local_ranks=46 = 184 workers, estimated ~92 GB — exceeds 50% of available RAM on this node (166 GB). Consider reducing read_threads to avoid OOM.
[WARNING] On host cn023: reader.read_threads=4 x local_ranks=46 = 184 workers, estimated ~92 GB — exceeds 50% of available RAM on this node (176 GB). Consider reducing read_threads to avoid OOM.
[WARNING] On host cn021: reader.read_threads=4 x local_ranks=46 = 184 workers, estimated ~92 GB — exceeds 50% of available RAM on this node (166 GB). Consider reducing read_threads to avoid OOM.
[WARNING] On host cn024: reader.read_threads=4 x local_ranks=46 = 184 workers, estimated ~92 GB — exceeds 50% of available RAM on this node (166 GB). Consider reducing read_threads to avoid OOM.
[WARNING] On host cn031: reader.read_threads=4 x local_ranks=46 = 184 workers, estimated ~92 GB — exceeds 50% of available RAM on this node (166 GB). Consider reducing read_threads to avoid OOM.
[WARNING] On host cn025: reader.read_threads=4 x local_ranks=46 = 184 workers, estimated ~92 GB — exceeds 50% of available RAM on this node (166 GB). Consider reducing read_threads to avoid OOM.
[WARNING] On host cn028: reader.read_threads=4 x local_ranks=46 = 184 workers, estimated ~92 GB — exceeds 50% of available RAM on this node (166 GB). Consider reducing read_threads to avoid OOM.
[WARNING] On host cn026: reader.read_threads=4 x local_ranks=46 = 184 workers, estimated ~92 GB — exceeds 50% of available RAM on this node (166 GB). Consider reducing read_threads to avoid OOM.
[WARNING] On host cn029: reader.read_threads=4 x local_ranks=46 = 184 workers, estimated ~92 GB — exceeds 50% of available RAM on this node (166 GB). Consider reducing read_threads to avoid OOM.
[WARNING] On host cn023: reader.read_threads=4 x local_ranks=46 = 184 workers, estimated ~92 GB — exceeds 50% of available RAM on this node (176 GB). Consider reducing read_threads to avoid OOM.
[WARNING] On host cn021: reader.read_threads=4 x local_ranks=46 = 184 workers, estimated ~92 GB — exceeds 50% of available RAM on this node (166 GB). Consider reducing read_threads to avoid OOM.
[WARNING] On host cn024: reader.read_threads=4 x local_ranks=46 = 184 workers, estimated ~92 GB — exceeds 50% of available RAM on this node (166 GB). Consider reducing read_threads to avoid OOM.
[WARNING] On host cn031: reader.read_threads=4 x local_ranks=46 = 184 workers, estimated ~92 GB — exceeds 50% of available RAM on this node (166 GB). Consider reducing read_threads to avoid OOM.
[WARNING] On host cn028: reader.read_threads=4 x local_ranks=46 = 184 workers, estimated ~92 GB — exceeds 50% of available RAM on this node (166 GB). Consider reducing read_threads to avoid OOM.
[WARNING] On host cn026: reader.read_threads=4 x local_ranks=46 = 184 workers, estimated ~92 GB — exceeds 50% of available RAM on this node (166 GB). Consider reducing read_threads to avoid OOM.
[WARNING] On host cn032: reader.read_threads=4 x local_ranks=46 = 184 workers, estimated ~92 GB — exceeds 50% of available RAM on this node (176 GB). Consider reducing read_threads to avoid OOM.
[WARNING] On host cn023: reader.read_threads=4 x local_ranks=46 = 184 workers, estimated ~92 GB — exceeds 50% of available RAM on this node (176 GB). Consider reducing read_threads to avoid OOM.
[WARNING] On host cn021: reader.read_threads=4 x local_ranks=46 = 184 workers, estimated ~92 GB — exceeds 50% of available RAM on this node (166 GB). Consider reducing read_threads to avoid OOM.
[WARNING] On host cn031: reader.read_threads=4 x local_ranks=46 = 184 workers, estimated ~92 GB — exceeds 50% of available RAM on this node (166 GB). Consider reducing read_threads to avoid OOM.
[WARNING] On host cn026: reader.read_threads=4 x local_ranks=46 = 184 workers, estimated ~92 GB — exceeds 50% of available RAM on this node (166 GB). Consider reducing read_threads to avoid OOM.
[WARNING] On host cn032: reader.read_threads=4 x local_ranks=46 = 184 workers, estimated ~92 GB — exceeds 50% of available RAM on this node (176 GB). Consider reducing read_threads to avoid OOM.
[OUTPUT] 2026-07-24T11:54:53.047051 Reshard for epoch 1: 92513 train files, 0 eval files redistributed via alltoall in 1.96s
[OUTPUT] 2026-07-24T11:54:54.078108 Worker pre-warm complete (4 workers spawned)
[OUTPUT] 2026-07-24T11:54:54.266126 Starting epoch 1: 2569 steps expected
[OUTPUT] 2026-07-24T11:54:54.266519 Starting block 1
[OUTPUT] 2026-07-24T11:58:29.739458 Ending block 1 - 2569 steps completed in 215.47 s
[OUTPUT] 2026-07-24T11:58:29.745547 Epoch 1 - Block 1 [Training] Accelerator Utilization [AU] (%): 85.3375
[OUTPUT] 2026-07-24T11:58:29.745599 Epoch 1 - Block 1 [Training] Throughput (samples/second): 316623.0181
[OUTPUT] 2026-07-24T11:58:29.747907 Epoch 1 - Block 1 [Training] Computation time per step (second): 0.0714+/-0.0000 (set value: {'mean': 0.071325})
[OUTPUT] 2026-07-24T11:58:29.775855 Ending epoch 1 - 2569 steps completed in 215.51 s
[OUTPUT] 2026-07-24T11:58:30.251466 Reshard for epoch 2: 92513 train files, 0 eval files redistributed via alltoall in 0.47s
[OUTPUT] 2026-07-24T11:58:31.653758 Worker pre-warm complete for epoch 2 (4 workers spawned)
[OUTPUT] 2026-07-24T11:58:54.585554 Starting epoch 2: 2569 steps expected
[OUTPUT] 2026-07-24T11:58:54.586067 Starting block 1
[OUTPUT] 2026-07-24T12:02:28.869693 Ending block 1 - 2569 steps completed in 214.28 s
[OUTPUT] 2026-07-24T12:02:28.872130 Epoch 2 - Block 1 [Training] Accelerator Utilization [AU] (%): 85.7726
[OUTPUT] 2026-07-24T12:02:28.872191 Epoch 2 - Block 1 [Training] Throughput (samples/second): 318223.1970
[OUTPUT] 2026-07-24T12:02:28.872573 Epoch 2 - Block 1 [Training] Computation time per step (second): 0.0714+/-0.0000 (set value: {'mean': 0.071325})
[OUTPUT] 2026-07-24T12:02:28.910602 Ending epoch 2 - 2569 steps completed in 214.33 s
[OUTPUT] 2026-07-24T12:02:29.372780 Reshard for epoch 3: 92513 train files, 0 eval files redistributed via alltoall in 0.46s
[OUTPUT] 2026-07-24T12:02:31.127543 Worker pre-warm complete for epoch 3 (4 workers spawned)
[OUTPUT] 2026-07-24T12:02:54.251470 Starting epoch 3: 2569 steps expected
[OUTPUT] 2026-07-24T12:02:54.251857 Starting block 1
[OUTPUT] 2026-07-24T12:06:27.969703 Ending block 1 - 2569 steps completed in 213.72 s
[OUTPUT] 2026-07-24T12:06:27.971533 Epoch 3 - Block 1 [Training] Accelerator Utilization [AU] (%): 86.0562
[OUTPUT] 2026-07-24T12:06:27.971585 Epoch 3 - Block 1 [Training] Throughput (samples/second): 319286.5985
[OUTPUT] 2026-07-24T12:06:27.971863 Epoch 3 - Block 1 [Training] Computation time per step (second): 0.0714+/-0.0000 (set value: {'mean': 0.071325})
[OUTPUT] 2026-07-24T12:06:28.020046 Ending epoch 3 - 2569 steps completed in 213.77 s
[OUTPUT] 2026-07-24T12:06:28.489091 Reshard for epoch 4: 92513 train files, 0 eval files redistributed via alltoall in 0.47s
[OUTPUT] 2026-07-24T12:06:30.016083 Worker pre-warm complete for epoch 4 (4 workers spawned)
Traceback (most recent call last):
  File "/usr/lib/python3.12/multiprocessing/util.py", line 303, in _run_finalizers
    finalizer()
  File "/usr/lib/python3.12/multiprocessing/util.py", line 227, in __call__
    res = self._callback(*self._args, **self._kwargs)
          ^^^^^^^^^^^^^^^^^^^^^^^^^^^^^^^^^^^^^^^^^^^
  File "/usr/lib/python3.12/multiprocessing/util.py", line 136, in _remove_temp_dir
    rmtree(tempdir, onerror=onerror)
  File "/usr/lib/python3.12/shutil.py", line 796, in rmtree
    onexc(os.rmdir, path, err)
  File "/usr/lib/python3.12/shutil.py", line 764, in onexc
    return onerror(func, path, exc_info)
           ^^^^^^^^^^^^^^^^^^^^^^^^^^^^^
  File "/usr/lib/python3.12/shutil.py", line 794, in rmtree
    os.rmdir(path, dir_fd=dir_fd)
OSError: [Errno 39] Directory not empty: '/tmp/pymp-y86o2gpu'
[OUTPUT] 2026-07-24T12:06:52.106328 Starting epoch 4: 2569 steps expected
[OUTPUT] 2026-07-24T12:06:52.106789 Starting block 1
[OUTPUT] 2026-07-24T12:10:26.748638 Ending block 1 - 2569 steps completed in 214.64 s
[OUTPUT] 2026-07-24T12:10:26.750612 Epoch 4 - Block 1 [Training] Accelerator Utilization [AU] (%): 85.6951
[OUTPUT] 2026-07-24T12:10:26.750667 Epoch 4 - Block 1 [Training] Throughput (samples/second): 317949.1052
[OUTPUT] 2026-07-24T12:10:26.750982 Epoch 4 - Block 1 [Training] Computation time per step (second): 0.0714+/-0.0000 (set value: {'mean': 0.071325})
[OUTPUT] 2026-07-24T12:10:26.771829 Ending epoch 4 - 2569 steps completed in 214.67 s
[OUTPUT] 2026-07-24T12:10:27.233222 Reshard for epoch 5: 92513 train files, 0 eval files redistributed via alltoall in 0.46s
[OUTPUT] 2026-07-24T12:10:28.650190 Worker pre-warm complete for epoch 5 (4 workers spawned)
[OUTPUT] 2026-07-24T12:10:51.998298 Starting epoch 5: 2569 steps expected
[OUTPUT] 2026-07-24T12:10:51.998704 Starting block 1
[OUTPUT] 2026-07-24T12:14:28.114705 Ending block 1 - 2569 steps completed in 216.12 s
[OUTPUT] 2026-07-24T12:14:28.117220 Epoch 5 - Block 1 [Training] Accelerator Utilization [AU] (%): 85.0608
[OUTPUT] 2026-07-24T12:14:28.117269 Epoch 5 - Block 1 [Training] Throughput (samples/second): 315603.3827
[OUTPUT] 2026-07-24T12:14:28.117542 Epoch 5 - Block 1 [Training] Computation time per step (second): 0.0714+/-0.0000 (set value: {'mean': 0.071325})
[OUTPUT] 2026-07-24T12:14:28.151765 Ending epoch 5 - 2569 steps completed in 216.15 s
[OUTPUT] 2026-07-24T12:14:28.618636 Reshard for epoch 6: 92513 train files, 0 eval files redistributed via alltoall in 0.47s
[OUTPUT] 2026-07-24T12:14:30.059923 Worker pre-warm complete for epoch 6 (4 workers spawned)
[OUTPUT] 2026-07-24T12:14:53.554065 Starting epoch 6: 2569 steps expected
[OUTPUT] 2026-07-24T12:14:53.554448 Starting block 1
[OUTPUT] 2026-07-24T12:18:27.318120 Ending block 1 - 2569 steps completed in 213.76 s
[OUTPUT] 2026-07-24T12:18:27.319894 Epoch 6 - Block 1 [Training] Accelerator Utilization [AU] (%): 85.9901
[OUTPUT] 2026-07-24T12:18:27.319943 Epoch 6 - Block 1 [Training] Throughput (samples/second): 319050.3373
[OUTPUT] 2026-07-24T12:18:27.320225 Epoch 6 - Block 1 [Training] Computation time per step (second): 0.0714+/-0.0000 (set value: {'mean': 0.071325})
[OUTPUT] 2026-07-24T12:18:27.373478 Ending epoch 6 - 2569 steps completed in 213.82 s
[OUTPUT] 2026-07-24T12:18:27.830043 Reshard for epoch 7: 92513 train files, 0 eval files redistributed via alltoall in 0.46s
[OUTPUT] 2026-07-24T12:18:29.348786 Worker pre-warm complete for epoch 7 (4 workers spawned)
[OUTPUT] 2026-07-24T12:18:51.207541 Starting epoch 7: 2569 steps expected
[OUTPUT] 2026-07-24T12:18:51.207888 Starting block 1
[OUTPUT] 2026-07-24T12:22:25.869672 Ending block 1 - 2569 steps completed in 214.66 s
[OUTPUT] 2026-07-24T12:22:25.872741 Epoch 7 - Block 1 [Training] Accelerator Utilization [AU] (%): 85.6729
[OUTPUT] 2026-07-24T12:22:25.872797 Epoch 7 - Block 1 [Training] Throughput (samples/second): 317896.9774
[OUTPUT] 2026-07-24T12:22:25.873154 Epoch 7 - Block 1 [Training] Computation time per step (second): 0.0714+/-0.0000 (set value: {'mean': 0.071325})
[OUTPUT] 2026-07-24T12:22:25.899783 Ending epoch 7 - 2569 steps completed in 214.69 s
[OUTPUT] 2026-07-24T12:22:26.371580 Reshard for epoch 8: 92513 train files, 0 eval files redistributed via alltoall in 0.47s
[OUTPUT] 2026-07-24T12:22:28.001810 Worker pre-warm complete for epoch 8 (4 workers spawned)
[OUTPUT] 2026-07-24T12:22:50.944568 Starting epoch 8: 2569 steps expected
[OUTPUT] 2026-07-24T12:22:50.944956 Starting block 1
[OUTPUT] 2026-07-24T12:26:24.023237 Ending block 1 - 2569 steps completed in 213.08 s
[OUTPUT] 2026-07-24T12:26:24.024917 Epoch 8 - Block 1 [Training] Accelerator Utilization [AU] (%): 86.3177
[OUTPUT] 2026-07-24T12:26:24.024964 Epoch 8 - Block 1 [Training] Throughput (samples/second): 320268.6801
[OUTPUT] 2026-07-24T12:26:24.025286 Epoch 8 - Block 1 [Training] Computation time per step (second): 0.0714+/-0.0000 (set value: {'mean': 0.071325})
[OUTPUT] 2026-07-24T12:26:24.066363 Ending epoch 8 - 2569 steps completed in 213.12 s
[OUTPUT] 2026-07-24T12:26:24.524246 Reshard for epoch 9: 92513 train files, 0 eval files redistributed via alltoall in 0.46s
[OUTPUT] 2026-07-24T12:26:26.011568 Worker pre-warm complete for epoch 9 (4 workers spawned)
[OUTPUT] 2026-07-24T12:26:26.296570 Saved outputs in /mnt/share/storage_results_v3/closed/UBIX/results/UbiPower18000_16x15.36TB_NVMe_4xNDR400_3xStorageNode_16hosts256GBMem_MI355/training/retinanet/run/20260724_115412
[OUTPUT] Averaged metric over all steps/epochs
[METRIC] ==========================================================
[METRIC] Number of Simulated Accelerators: 736 
[METRIC] Training Accelerator Utilization [AU] (%): 85.7324 (0.3748)
[METRIC] Training Throughput (samples/second): 318102.4271 (1391.3719)
[METRIC] Training I/O Throughput (MiB/second): 97974.2103 (428.5367)
[METRIC] train_au_meet_expectation: success
[METRIC] ==========================================================

[OUTPUT] 2026-07-24T12:26:34.126186 outputs saved in RANKID_output.json
