KV Cache Wrapper - Start delay for 90 seconds
KV Cache Wrapper - Start delay for 90 seconds
KV Cache Wrapper - Start delay for 90 seconds
KV Cache Wrapper - Start delay for 90 seconds
KV Cache Wrapper - Start delay for 90 seconds
KV Cache Wrapper - Start delay for 90 seconds
KV Cache Wrapper - Start delay for 90 seconds
KV Cache Wrapper - Start delay for 90 seconds
KV Cache Wrapper - Start delay for 90 seconds
KV Cache Wrapper - Start delay for 90 seconds
KV Cache Wrapper - Start delay for 90 seconds
KV Cache Wrapper - Start delay for 90 seconds
KV Cache Wrapper - Start delay for 90 seconds
KV Cache Wrapper - Start delay for 90 seconds
KV Cache Wrapper - Start delay for 90 seconds
KV Cache Wrapper - Start delay for 90 seconds
KV Cache Wrapper - Start delay for 90 seconds
KV Cache Wrapper - Start delay for 90 seconds
KV Cache Wrapper - Start delay for 90 seconds
KV Cache Wrapper - Start delay for 90 seconds
KV Cache Wrapper - Start delay for 90 seconds
KV Cache Wrapper - Start delay for 90 seconds
KV Cache Wrapper - Start delay for 90 seconds
KV Cache Wrapper - Start delay for 90 seconds
KV Cache Wrapper - Start delay for 90 seconds
KV Cache Wrapper - Start delay for 90 seconds
KV Cache Wrapper - Start delay for 90 seconds
KV Cache Wrapper - Start delay for 90 seconds
KV Cache Wrapper - Start delay for 90 seconds
KV Cache Wrapper - Start delay for 90 seconds
KV Cache Wrapper - Start delay for 90 seconds
KV Cache Wrapper - Start delay for 90 seconds
KV Cache Wrapper - Starting benchmark pass...
KV Cache Wrapper - Starting benchmark pass...
KV Cache Wrapper - Starting benchmark pass...
KV Cache Wrapper - Starting benchmark pass...
KV Cache Wrapper - Starting benchmark pass...
KV Cache Wrapper - Starting benchmark pass...
KV Cache Wrapper - Starting benchmark pass...
KV Cache Wrapper - Starting benchmark pass...
KV Cache Wrapper - Starting benchmark pass...
KV Cache Wrapper - Starting benchmark pass...
KV Cache Wrapper - Starting benchmark pass...
KV Cache Wrapper - Starting benchmark pass...
KV Cache Wrapper - Starting benchmark pass...
KV Cache Wrapper - Starting benchmark pass...
KV Cache Wrapper - Starting benchmark pass...
KV Cache Wrapper - Starting benchmark pass...
KV Cache Wrapper - Starting benchmark pass...
KV Cache Wrapper - Starting benchmark pass...
KV Cache Wrapper - Starting benchmark pass...
KV Cache Wrapper - Starting benchmark pass...
KV Cache Wrapper - Starting benchmark pass...
KV Cache Wrapper - Starting benchmark pass...
KV Cache Wrapper - Starting benchmark pass...
KV Cache Wrapper - Starting benchmark pass...
KV Cache Wrapper - Starting benchmark pass...
KV Cache Wrapper - Starting benchmark pass...
KV Cache Wrapper - Starting benchmark pass...
KV Cache Wrapper - Starting benchmark pass...
KV Cache Wrapper - Starting benchmark pass...
KV Cache Wrapper - Starting benchmark pass...
KV Cache Wrapper - Starting benchmark pass...
KV Cache Wrapper - Starting benchmark pass...

Integrated Multi-User KV Cache Benchmark - MLPerf Edition
Model: Llama 3.1 8B
GPU Memory: 0 GB
Users: 100
Duration: 300s
Seed: 63
Generation Mode: none (0.0ms/token)
Features:
  - Phase-Aware Processing: Enabled
  - Multi-turn Conversations: Enabled
  - Prefix Caching: Enabled
  - RAG Workload: Disabled
  - Autoscaling: Disabled
  - QoS Support: Enabled (Interactive/Responsive/Batch)
  - Trace-Driven (BurstGPT): Disabled
  - ShareGPT Dataset: Disabled
  - Max Concurrent Allocations: 16 (bounds RAM usage)
================================================================================

User Context Length Distribution:
  Min: 662 tokens (82.75MiB)
  Max: 23766 tokens (2970.75MiB)
  Mean: 8761 tokens (1095.11MiB)

QoS Distribution:
  interactive: 17 users
  responsive: 31 users
  batch: 52 users

### MEMORY SAFETY CHECK ###
  Formula: peak = (workers x 2 x mean_entry_bytes) + baseline
         = (100 x 2 x 1000MiB) + 2.5GiB
         = 197.8GiB
  Available RAM: 321.7GiB
  Mean entry size: 1000MiB  (8000 tok x 131,072 B/tok)
  Peak per thread: 2000MiB  (np.load + np.array copy)
  Worker threads: 100
  Safe concurrent readers: ~163  = (available - baseline) / peak_per_thread
  Status: OK

Starting benchmark... Mode: standard (prefill+decode)
--------------------------------------------------------------------------------

Integrated Multi-User KV Cache Benchmark - MLPerf Edition
Model: Llama 3.1 8B
GPU Memory: 0 GB
Users: 100
Duration: 300s
Seed: 51
Generation Mode: none (0.0ms/token)
Features:
  - Phase-Aware Processing: Enabled
  - Multi-turn Conversations: Enabled
  - Prefix Caching: Enabled
  - RAG Workload: Disabled
  - Autoscaling: Disabled
  - QoS Support: Enabled (Interactive/Responsive/Batch)
  - Trace-Driven (BurstGPT): Disabled
  - ShareGPT Dataset: Disabled
  - Max Concurrent Allocations: 16 (bounds RAM usage)
================================================================================

User Context Length Distribution:
  Min: 628 tokens (78.50MiB)
  Max: 24634 tokens (3079.25MiB)
  Mean: 9634 tokens (1204.23MiB)

QoS Distribution:
  interactive: 15 users
  responsive: 31 users
  batch: 54 users

### MEMORY SAFETY CHECK ###
  Formula: peak = (workers x 2 x mean_entry_bytes) + baseline
         = (100 x 2 x 1000MiB) + 2.5GiB
         = 197.8GiB
  Available RAM: 314.7GiB
  Mean entry size: 1000MiB  (8000 tok x 131,072 B/tok)
  Peak per thread: 2000MiB  (np.load + np.array copy)
  Worker threads: 100
  Safe concurrent readers: ~159  = (available - baseline) / peak_per_thread
  Status: OK

Starting benchmark... Mode: standard (prefill+decode)
--------------------------------------------------------------------------------

Integrated Multi-User KV Cache Benchmark - MLPerf Edition
Model: Llama 3.1 8B
GPU Memory: 0 GB
Users: 100
Duration: 300s
Seed: 53
Generation Mode: none (0.0ms/token)
Features:
  - Phase-Aware Processing: Enabled
  - Multi-turn Conversations: Enabled
  - Prefix Caching: Enabled
  - RAG Workload: Disabled
  - Autoscaling: Disabled
  - QoS Support: Enabled (Interactive/Responsive/Batch)
  - Trace-Driven (BurstGPT): Disabled
  - ShareGPT Dataset: Disabled
  - Max Concurrent Allocations: 16 (bounds RAM usage)
================================================================================

User Context Length Distribution:
  Min: 564 tokens (70.50MiB)
  Max: 24991 tokens (3123.88MiB)
  Mean: 9506 tokens (1188.23MiB)

QoS Distribution:
  interactive: 15 users
  responsive: 32 users
  batch: 53 users

### MEMORY SAFETY CHECK ###
  Formula: peak = (workers x 2 x mean_entry_bytes) + baseline
         = (100 x 2 x 1000MiB) + 2.5GiB
         = 197.8GiB
  Available RAM: 313.6GiB
  Mean entry size: 1000MiB  (8000 tok x 131,072 B/tok)
  Peak per thread: 2000MiB  (np.load + np.array copy)
  Worker threads: 100
  Safe concurrent readers: ~159  = (available - baseline) / peak_per_thread
  Status: OK

Starting benchmark... Mode: standard (prefill+decode)
--------------------------------------------------------------------------------

Integrated Multi-User KV Cache Benchmark - MLPerf Edition
Model: Llama 3.1 8B
GPU Memory: 0 GB
Users: 100
Duration: 300s
Seed: 61
Generation Mode: none (0.0ms/token)
Features:
  - Phase-Aware Processing: Enabled
  - Multi-turn Conversations: Enabled
  - Prefix Caching: Enabled
  - RAG Workload: Disabled
  - Autoscaling: Disabled
  - QoS Support: Enabled (Interactive/Responsive/Batch)
  - Trace-Driven (BurstGPT): Disabled
  - ShareGPT Dataset: Disabled
  - Max Concurrent Allocations: 16 (bounds RAM usage)
================================================================================

User Context Length Distribution:
  Min: 541 tokens (67.62MiB)
  Max: 24932 tokens (3116.50MiB)
  Mean: 8947 tokens (1118.43MiB)

QoS Distribution:
  interactive: 9 users
  responsive: 41 users
  batch: 50 users

### MEMORY SAFETY CHECK ###
  Formula: peak = (workers x 2 x mean_entry_bytes) + baseline
         = (100 x 2 x 1000MiB) + 2.5GiB
         = 197.8GiB
  Available RAM: 320.4GiB
  Mean entry size: 1000MiB  (8000 tok x 131,072 B/tok)
  Peak per thread: 2000MiB  (np.load + np.array copy)
  Worker threads: 100
  Safe concurrent readers: ~162  = (available - baseline) / peak_per_thread
  Status: OK

Starting benchmark... Mode: standard (prefill+decode)
--------------------------------------------------------------------------------

Integrated Multi-User KV Cache Benchmark - MLPerf Edition
Model: Llama 3.1 8B
GPU Memory: 0 GB
Users: 100
Duration: 300s
Seed: 66
Generation Mode: none (0.0ms/token)
Features:
  - Phase-Aware Processing: Enabled
  - Multi-turn Conversations: Enabled
  - Prefix Caching: Enabled
  - RAG Workload: Disabled
  - Autoscaling: Disabled
  - QoS Support: Enabled (Interactive/Responsive/Batch)
  - Trace-Driven (BurstGPT): Disabled
  - ShareGPT Dataset: Disabled
  - Max Concurrent Allocations: 16 (bounds RAM usage)
================================================================================

User Context Length Distribution:
  Min: 578 tokens (72.25MiB)
  Max: 24479 tokens (3059.88MiB)
  Mean: 9065 tokens (1133.10MiB)

QoS Distribution:
  interactive: 11 users
  responsive: 35 users
  batch: 54 users

### MEMORY SAFETY CHECK ###
  Formula: peak = (workers x 2 x mean_entry_bytes) + baseline
         = (100 x 2 x 1000MiB) + 2.5GiB
         = 197.8GiB
  Available RAM: 316.3GiB
  Mean entry size: 1000MiB  (8000 tok x 131,072 B/tok)
  Peak per thread: 2000MiB  (np.load + np.array copy)
  Worker threads: 100
  Safe concurrent readers: ~160  = (available - baseline) / peak_per_thread
  Status: OK

Starting benchmark... Mode: standard (prefill+decode)
--------------------------------------------------------------------------------

Integrated Multi-User KV Cache Benchmark - MLPerf Edition
Model: Llama 3.1 8B
GPU Memory: 0 GB
Users: 100
Duration: 300s
Seed: 60
Generation Mode: none (0.0ms/token)
Features:
  - Phase-Aware Processing: Enabled
  - Multi-turn Conversations: Enabled
  - Prefix Caching: Enabled
  - RAG Workload: Disabled
  - Autoscaling: Disabled
  - QoS Support: Enabled (Interactive/Responsive/Batch)
  - Trace-Driven (BurstGPT): Disabled
  - ShareGPT Dataset: Disabled
  - Max Concurrent Allocations: 16 (bounds RAM usage)
================================================================================

User Context Length Distribution:
  Min: 549 tokens (68.62MiB)
  Max: 22968 tokens (2871.00MiB)
  Mean: 8699 tokens (1087.37MiB)

QoS Distribution:
  interactive: 16 users
  responsive: 36 users
  batch: 48 users

### MEMORY SAFETY CHECK ###
  Formula: peak = (workers x 2 x mean_entry_bytes) + baseline
         = (100 x 2 x 1000MiB) + 2.5GiB
         = 197.8GiB
  Available RAM: 318.3GiB
  Mean entry size: 1000MiB  (8000 tok x 131,072 B/tok)
  Peak per thread: 2000MiB  (np.load + np.array copy)
  Worker threads: 100
  Safe concurrent readers: ~161  = (available - baseline) / peak_per_thread
  Status: OK

Starting benchmark... Mode: standard (prefill+decode)
--------------------------------------------------------------------------------

Integrated Multi-User KV Cache Benchmark - MLPerf Edition
Model: Llama 3.1 8B
GPU Memory: 0 GB
Users: 100
Duration: 300s
Seed: 56
Generation Mode: none (0.0ms/token)
Features:
  - Phase-Aware Processing: Enabled
  - Multi-turn Conversations: Enabled
  - Prefix Caching: Enabled
  - RAG Workload: Disabled
  - Autoscaling: Disabled
  - QoS Support: Enabled (Interactive/Responsive/Batch)
  - Trace-Driven (BurstGPT): Disabled
  - ShareGPT Dataset: Disabled
  - Max Concurrent Allocations: 16 (bounds RAM usage)
================================================================================

User Context Length Distribution:
  Min: 529 tokens (66.12MiB)
  Max: 24356 tokens (3044.50MiB)
  Mean: 8801 tokens (1100.09MiB)

QoS Distribution:
  interactive: 14 users
  responsive: 29 users
  batch: 57 users

### MEMORY SAFETY CHECK ###
  Formula: peak = (workers x 2 x mean_entry_bytes) + baseline
         = (100 x 2 x 1000MiB) + 2.5GiB
         = 197.8GiB
  Available RAM: 307.5GiB
  Mean entry size: 1000MiB  (8000 tok x 131,072 B/tok)
  Peak per thread: 2000MiB  (np.load + np.array copy)
  Worker threads: 100
  Safe concurrent readers: ~156  = (available - baseline) / peak_per_thread
  Status: OK

Starting benchmark... Mode: standard (prefill+decode)
--------------------------------------------------------------------------------

Integrated Multi-User KV Cache Benchmark - MLPerf Edition
Model: Llama 3.1 8B
GPU Memory: 0 GB
Users: 100
Duration: 300s
Seed: 68
Generation Mode: none (0.0ms/token)
Features:
  - Phase-Aware Processing: Enabled
  - Multi-turn Conversations: Enabled
  - Prefix Caching: Enabled
  - RAG Workload: Disabled
  - Autoscaling: Disabled
  - QoS Support: Enabled (Interactive/Responsive/Batch)
  - Trace-Driven (BurstGPT): Disabled
  - ShareGPT Dataset: Disabled
  - Max Concurrent Allocations: 16 (bounds RAM usage)
================================================================================

User Context Length Distribution:
  Min: 539 tokens (67.38MiB)
  Max: 24518 tokens (3064.75MiB)
  Mean: 8689 tokens (1086.17MiB)

QoS Distribution:
  interactive: 17 users
  responsive: 42 users
  batch: 41 users

### MEMORY SAFETY CHECK ###
  Formula: peak = (workers x 2 x mean_entry_bytes) + baseline
         = (100 x 2 x 1000MiB) + 2.5GiB
         = 197.8GiB
  Available RAM: 316.5GiB
  Mean entry size: 1000MiB  (8000 tok x 131,072 B/tok)
  Peak per thread: 2000MiB  (np.load + np.array copy)
  Worker threads: 100
  Safe concurrent readers: ~160  = (available - baseline) / peak_per_thread
  Status: OK

Starting benchmark... Mode: standard (prefill+decode)
--------------------------------------------------------------------------------

Integrated Multi-User KV Cache Benchmark - MLPerf Edition
Model: Llama 3.1 8B
GPU Memory: 0 GB
Users: 100
Duration: 300s
Seed: 57
Generation Mode: none (0.0ms/token)
Features:
  - Phase-Aware Processing: Enabled
  - Multi-turn Conversations: Enabled
  - Prefix Caching: Enabled
  - RAG Workload: Disabled
  - Autoscaling: Disabled
  - QoS Support: Enabled (Interactive/Responsive/Batch)
  - Trace-Driven (BurstGPT): Disabled
  - ShareGPT Dataset: Disabled
  - Max Concurrent Allocations: 16 (bounds RAM usage)
================================================================================

User Context Length Distribution:
  Min: 564 tokens (70.50MiB)
  Max: 24106 tokens (3013.25MiB)
  Mean: 8754 tokens (1094.28MiB)

QoS Distribution:
  interactive: 14 users
  responsive: 31 users
  batch: 55 users

### MEMORY SAFETY CHECK ###
  Formula: peak = (workers x 2 x mean_entry_bytes) + baseline
         = (100 x 2 x 1000MiB) + 2.5GiB
         = 197.8GiB
  Available RAM: 311.6GiB
  Mean entry size: 1000MiB  (8000 tok x 131,072 B/tok)
  Peak per thread: 2000MiB  (np.load + np.array copy)
  Worker threads: 100
  Safe concurrent readers: ~158  = (available - baseline) / peak_per_thread
  Status: OK

Starting benchmark... Mode: standard (prefill+decode)
--------------------------------------------------------------------------------

Integrated Multi-User KV Cache Benchmark - MLPerf Edition
Model: Llama 3.1 8B
GPU Memory: 0 GB
Users: 100
Duration: 300s
Seed: 65
Generation Mode: none (0.0ms/token)
Features:
  - Phase-Aware Processing: Enabled
  - Multi-turn Conversations: Enabled
  - Prefix Caching: Enabled
  - RAG Workload: Disabled
  - Autoscaling: Disabled
  - QoS Support: Enabled (Interactive/Responsive/Batch)
  - Trace-Driven (BurstGPT): Disabled
  - ShareGPT Dataset: Disabled
  - Max Concurrent Allocations: 16 (bounds RAM usage)
================================================================================

User Context Length Distribution:
  Min: 689 tokens (86.12MiB)
  Max: 24738 tokens (3092.25MiB)
  Mean: 10467 tokens (1308.33MiB)

QoS Distribution:
  interactive: 14 users
  responsive: 36 users
  batch: 50 users

### MEMORY SAFETY CHECK ###
  Formula: peak = (workers x 2 x mean_entry_bytes) + baseline
         = (100 x 2 x 1000MiB) + 2.5GiB
         = 197.8GiB
  Available RAM: 321.1GiB
  Mean entry size: 1000MiB  (8000 tok x 131,072 B/tok)
  Peak per thread: 2000MiB  (np.load + np.array copy)
  Worker threads: 100
  Safe concurrent readers: ~163  = (available - baseline) / peak_per_thread
  Status: OK

Starting benchmark... Mode: standard (prefill+decode)
--------------------------------------------------------------------------------

Integrated Multi-User KV Cache Benchmark - MLPerf Edition
Model: Llama 3.1 8B
GPU Memory: 0 GB
Users: 100
Duration: 300s
Seed: 48
Generation Mode: none (0.0ms/token)
Features:
  - Phase-Aware Processing: Enabled
  - Multi-turn Conversations: Enabled
  - Prefix Caching: Enabled
  - RAG Workload: Disabled
  - Autoscaling: Disabled
  - QoS Support: Enabled (Interactive/Responsive/Batch)
  - Trace-Driven (BurstGPT): Disabled
  - ShareGPT Dataset: Disabled
  - Max Concurrent Allocations: 16 (bounds RAM usage)
================================================================================

User Context Length Distribution:
  Min: 538 tokens (67.25MiB)
  Max: 24816 tokens (3102.00MiB)
  Mean: 8587 tokens (1073.40MiB)

QoS Distribution:
  interactive: 22 users
  responsive: 29 users
  batch: 49 users

### MEMORY SAFETY CHECK ###
  Formula: peak = (workers x 2 x mean_entry_bytes) + baseline
         = (100 x 2 x 1000MiB) + 2.5GiB
         = 197.8GiB
  Available RAM: 319.0GiB
  Mean entry size: 1000MiB  (8000 tok x 131,072 B/tok)
  Peak per thread: 2000MiB  (np.load + np.array copy)
  Worker threads: 100
  Safe concurrent readers: ~162  = (available - baseline) / peak_per_thread
  Status: OK

Starting benchmark... Mode: standard (prefill+decode)
--------------------------------------------------------------------------------

Integrated Multi-User KV Cache Benchmark - MLPerf Edition
Model: Llama 3.1 8B
GPU Memory: 0 GB
Users: 100
Duration: 300s
Seed: 42
Generation Mode: none (0.0ms/token)
Features:
  - Phase-Aware Processing: Enabled
  - Multi-turn Conversations: Enabled
  - Prefix Caching: Enabled
  - RAG Workload: Disabled
  - Autoscaling: Disabled
  - QoS Support: Enabled (Interactive/Responsive/Batch)
  - Trace-Driven (BurstGPT): Disabled
  - ShareGPT Dataset: Disabled
  - Max Concurrent Allocations: 16 (bounds RAM usage)
================================================================================

User Context Length Distribution:
  Min: 598 tokens (74.75MiB)
  Max: 22617 tokens (2827.12MiB)
  Mean: 8383 tokens (1047.88MiB)

QoS Distribution:
  interactive: 14 users
  responsive: 35 users
  batch: 51 users

### MEMORY SAFETY CHECK ###
  Formula: peak = (workers x 2 x mean_entry_bytes) + baseline
         = (100 x 2 x 1000MiB) + 2.5GiB
         = 197.8GiB
  Available RAM: 316.0GiB
  Mean entry size: 1000MiB  (8000 tok x 131,072 B/tok)
  Peak per thread: 2000MiB  (np.load + np.array copy)
  Worker threads: 100
  Safe concurrent readers: ~160  = (available - baseline) / peak_per_thread
  Status: OK

Starting benchmark... Mode: standard (prefill+decode)
--------------------------------------------------------------------------------

Integrated Multi-User KV Cache Benchmark - MLPerf Edition
Model: Llama 3.1 8B
GPU Memory: 0 GB
Users: 100
Duration: 300s
Seed: 72
Generation Mode: none (0.0ms/token)
Features:
  - Phase-Aware Processing: Enabled
  - Multi-turn Conversations: Enabled
  - Prefix Caching: Enabled
  - RAG Workload: Disabled
  - Autoscaling: Disabled
  - QoS Support: Enabled (Interactive/Responsive/Batch)
  - Trace-Driven (BurstGPT): Disabled
  - ShareGPT Dataset: Disabled
  - Max Concurrent Allocations: 16 (bounds RAM usage)
================================================================================

User Context Length Distribution:
  Min: 680 tokens (85.00MiB)
  Max: 24556 tokens (3069.50MiB)
  Mean: 9677 tokens (1209.66MiB)

QoS Distribution:
  interactive: 18 users
  responsive: 28 users
  batch: 54 users

### MEMORY SAFETY CHECK ###
  Formula: peak = (workers x 2 x mean_entry_bytes) + baseline
         = (100 x 2 x 1000MiB) + 2.5GiB
         = 197.8GiB
  Available RAM: 307.3GiB
  Mean entry size: 1000MiB  (8000 tok x 131,072 B/tok)
  Peak per thread: 2000MiB  (np.load + np.array copy)
  Worker threads: 100
  Safe concurrent readers: ~156  = (available - baseline) / peak_per_thread
  Status: OK

Starting benchmark... Mode: standard (prefill+decode)
--------------------------------------------------------------------------------

Integrated Multi-User KV Cache Benchmark - MLPerf Edition
Model: Llama 3.1 8B
GPU Memory: 0 GB
Users: 100
Duration: 300s
Seed: 70
Generation Mode: none (0.0ms/token)
Features:
  - Phase-Aware Processing: Enabled
  - Multi-turn Conversations: Enabled
  - Prefix Caching: Enabled
  - RAG Workload: Disabled
  - Autoscaling: Disabled
  - QoS Support: Enabled (Interactive/Responsive/Batch)
  - Trace-Driven (BurstGPT): Disabled
  - ShareGPT Dataset: Disabled
  - Max Concurrent Allocations: 16 (bounds RAM usage)
================================================================================

User Context Length Distribution:
  Min: 636 tokens (79.50MiB)
  Max: 22949 tokens (2868.62MiB)
  Mean: 8181 tokens (1022.63MiB)

QoS Distribution:
  interactive: 16 users
  responsive: 35 users
  batch: 49 users

### MEMORY SAFETY CHECK ###
  Formula: peak = (workers x 2 x mean_entry_bytes) + baseline
         = (100 x 2 x 1000MiB) + 2.5GiB
         = 197.8GiB
  Available RAM: 315.8GiB
  Mean entry size: 1000MiB  (8000 tok x 131,072 B/tok)
  Peak per thread: 2000MiB  (np.load + np.array copy)
  Worker threads: 100
  Safe concurrent readers: ~160  = (available - baseline) / peak_per_thread
  Status: OK

Starting benchmark... Mode: standard (prefill+decode)
--------------------------------------------------------------------------------

Integrated Multi-User KV Cache Benchmark - MLPerf Edition
Model: Llama 3.1 8B
GPU Memory: 0 GB
Users: 100
Duration: 300s
Seed: 44
Generation Mode: none (0.0ms/token)
Features:
  - Phase-Aware Processing: Enabled
  - Multi-turn Conversations: Enabled
  - Prefix Caching: Enabled
  - RAG Workload: Disabled
  - Autoscaling: Disabled
  - QoS Support: Enabled (Interactive/Responsive/Batch)
  - Trace-Driven (BurstGPT): Disabled
  - ShareGPT Dataset: Disabled
  - Max Concurrent Allocations: 16 (bounds RAM usage)
================================================================================

User Context Length Distribution:
  Min: 539 tokens (67.38MiB)
  Max: 24951 tokens (3118.88MiB)
  Mean: 8921 tokens (1115.11MiB)

QoS Distribution:
  interactive: 20 users
  responsive: 33 users
  batch: 47 users

### MEMORY SAFETY CHECK ###
  Formula: peak = (workers x 2 x mean_entry_bytes) + baseline
         = (100 x 2 x 1000MiB) + 2.5GiB
         = 197.8GiB
  Available RAM: 315.0GiB
  Mean entry size: 1000MiB  (8000 tok x 131,072 B/tok)
  Peak per thread: 2000MiB  (np.load + np.array copy)
  Worker threads: 100
  Safe concurrent readers: ~160  = (available - baseline) / peak_per_thread
  Status: OK

Starting benchmark... Mode: standard (prefill+decode)
--------------------------------------------------------------------------------

Integrated Multi-User KV Cache Benchmark - MLPerf Edition
Model: Llama 3.1 8B
GPU Memory: 0 GB
Users: 100
Duration: 300s
Seed: 73
Generation Mode: none (0.0ms/token)
Features:
  - Phase-Aware Processing: Enabled
  - Multi-turn Conversations: Enabled
  - Prefix Caching: Enabled
  - RAG Workload: Disabled
  - Autoscaling: Disabled
  - QoS Support: Enabled (Interactive/Responsive/Batch)
  - Trace-Driven (BurstGPT): Disabled
  - ShareGPT Dataset: Disabled
  - Max Concurrent Allocations: 16 (bounds RAM usage)
================================================================================

User Context Length Distribution:
  Min: 522 tokens (65.25MiB)
  Max: 24116 tokens (3014.50MiB)
  Mean: 9510 tokens (1188.73MiB)

QoS Distribution:
  interactive: 16 users
  responsive: 34 users
  batch: 50 users

### MEMORY SAFETY CHECK ###
  Formula: peak = (workers x 2 x mean_entry_bytes) + baseline
         = (100 x 2 x 1000MiB) + 2.5GiB
         = 197.8GiB
  Available RAM: 306.5GiB
  Mean entry size: 1000MiB  (8000 tok x 131,072 B/tok)
  Peak per thread: 2000MiB  (np.load + np.array copy)
  Worker threads: 100
  Safe concurrent readers: ~155  = (available - baseline) / peak_per_thread
  Status: OK

Starting benchmark... Mode: standard (prefill+decode)
--------------------------------------------------------------------------------

Integrated Multi-User KV Cache Benchmark - MLPerf Edition
Model: Llama 3.1 8B
GPU Memory: 0 GB
Users: 100
Duration: 300s
Seed: 71
Generation Mode: none (0.0ms/token)
Features:
  - Phase-Aware Processing: Enabled
  - Multi-turn Conversations: Enabled
  - Prefix Caching: Enabled
  - RAG Workload: Disabled
  - Autoscaling: Disabled
  - QoS Support: Enabled (Interactive/Responsive/Batch)
  - Trace-Driven (BurstGPT): Disabled
  - ShareGPT Dataset: Disabled
  - Max Concurrent Allocations: 16 (bounds RAM usage)
================================================================================

User Context Length Distribution:
  Min: 549 tokens (68.62MiB)
  Max: 24630 tokens (3078.75MiB)
  Mean: 9420 tokens (1177.53MiB)

QoS Distribution:
  interactive: 16 users
  responsive: 31 users
  batch: 53 users

### MEMORY SAFETY CHECK ###
  Formula: peak = (workers x 2 x mean_entry_bytes) + baseline
         = (100 x 2 x 1000MiB) + 2.5GiB
         = 197.8GiB
  Available RAM: 314.1GiB
  Mean entry size: 1000MiB  (8000 tok x 131,072 B/tok)
  Peak per thread: 2000MiB  (np.load + np.array copy)
  Worker threads: 100
  Safe concurrent readers: ~159  = (available - baseline) / peak_per_thread
  Status: OK

Starting benchmark... Mode: standard (prefill+decode)
--------------------------------------------------------------------------------

Integrated Multi-User KV Cache Benchmark - MLPerf Edition
Model: Llama 3.1 8B
GPU Memory: 0 GB
Users: 100
Duration: 300s
Seed: 54
Generation Mode: none (0.0ms/token)
Features:
  - Phase-Aware Processing: Enabled
  - Multi-turn Conversations: Enabled
  - Prefix Caching: Enabled
  - RAG Workload: Disabled
  - Autoscaling: Disabled
  - QoS Support: Enabled (Interactive/Responsive/Batch)
  - Trace-Driven (BurstGPT): Disabled
  - ShareGPT Dataset: Disabled
  - Max Concurrent Allocations: 16 (bounds RAM usage)
================================================================================

User Context Length Distribution:
  Min: 538 tokens (67.25MiB)
  Max: 24796 tokens (3099.50MiB)
  Mean: 9787 tokens (1223.32MiB)

QoS Distribution:
  interactive: 12 users
  responsive: 34 users
  batch: 54 users

Integrated Multi-User KV Cache Benchmark - MLPerf Edition
Model: Llama 3.1 8B
GPU Memory: 0 GB
Users: 100
Duration: 300s
Seed: 62
Generation Mode: none (0.0ms/token)
Features:
  - Phase-Aware Processing: Enabled
  - Multi-turn Conversations: Enabled
  - Prefix Caching: Enabled
  - RAG Workload: Disabled
  - Autoscaling: Disabled
  - QoS Support: Enabled (Interactive/Responsive/Batch)
  - Trace-Driven (BurstGPT): Disabled
  - ShareGPT Dataset: Disabled
  - Max Concurrent Allocations: 16 (bounds RAM usage)
================================================================================

User Context Length Distribution:
  Min: 781 tokens (97.62MiB)
  Max: 24210 tokens (3026.25MiB)
  Mean: 9688 tokens (1210.97MiB)

QoS Distribution:
  interactive: 16 users
  responsive: 39 users
  batch: 45 users

Integrated Multi-User KV Cache Benchmark - MLPerf Edition
Model: Llama 3.1 8B
GPU Memory: 0 GB
Users: 100
Duration: 300s
Seed: 47
Generation Mode: none (0.0ms/token)
Features:
  - Phase-Aware Processing: Enabled
  - Multi-turn Conversations: Enabled
  - Prefix Caching: Enabled
  - RAG Workload: Disabled
  - Autoscaling: Disabled
  - QoS Support: Enabled (Interactive/Responsive/Batch)
  - Trace-Driven (BurstGPT): Disabled
  - ShareGPT Dataset: Disabled
  - Max Concurrent Allocations: 16 (bounds RAM usage)
================================================================================

User Context Length Distribution:
  Min: 620 tokens (77.50MiB)
  Max: 24732 tokens (3091.50MiB)
  Mean: 9567 tokens (1195.90MiB)

QoS Distribution:
  interactive: 17 users
  responsive: 22 users
  batch: 61 users

### MEMORY SAFETY CHECK ###
  Formula: peak = (workers x 2 x mean_entry_bytes) + baseline
         = (100 x 2 x 1000MiB) + 2.5GiB
         = 197.8GiB
  Available RAM: 315.7GiB
  Mean entry size: 1000MiB  (8000 tok x 131,072 B/tok)
  Peak per thread: 2000MiB  (np.load + np.array copy)
  Worker threads: 100
  Safe concurrent readers: ~160  = (available - baseline) / peak_per_thread
  Status: OK

Starting benchmark... Mode: standard (prefill+decode)
--------------------------------------------------------------------------------

### MEMORY SAFETY CHECK ###
  Formula: peak = (workers x 2 x mean_entry_bytes) + baseline
         = (100 x 2 x 1000MiB) + 2.5GiB
         = 197.8GiB
  Available RAM: 303.4GiB
  Mean entry size: 1000MiB  (8000 tok x 131,072 B/tok)
  Peak per thread: 2000MiB  (np.load + np.array copy)
  Worker threads: 100
  Safe concurrent readers: ~154  = (available - baseline) / peak_per_thread
  Status: OK

Starting benchmark... Mode: standard (prefill+decode)
--------------------------------------------------------------------------------

### MEMORY SAFETY CHECK ###
  Formula: peak = (workers x 2 x mean_entry_bytes) + baseline
         = (100 x 2 x 1000MiB) + 2.5GiB
         = 197.8GiB
  Available RAM: 305.3GiB
  Mean entry size: 1000MiB  (8000 tok x 131,072 B/tok)
  Peak per thread: 2000MiB  (np.load + np.array copy)
  Worker threads: 100
  Safe concurrent readers: ~155  = (available - baseline) / peak_per_thread
  Status: OK

Starting benchmark... Mode: standard (prefill+decode)
--------------------------------------------------------------------------------

Integrated Multi-User KV Cache Benchmark - MLPerf Edition
Model: Llama 3.1 8B
GPU Memory: 0 GB
Users: 100
Duration: 300s
Seed: 58
Generation Mode: none (0.0ms/token)
Features:
  - Phase-Aware Processing: Enabled
  - Multi-turn Conversations: Enabled
  - Prefix Caching: Enabled
  - RAG Workload: Disabled
  - Autoscaling: Disabled
  - QoS Support: Enabled (Interactive/Responsive/Batch)
  - Trace-Driven (BurstGPT): Disabled
  - ShareGPT Dataset: Disabled
  - Max Concurrent Allocations: 16 (bounds RAM usage)
================================================================================

User Context Length Distribution:
  Min: 666 tokens (83.25MiB)
  Max: 24790 tokens (3098.75MiB)
  Mean: 9012 tokens (1126.49MiB)

QoS Distribution:
  interactive: 13 users
  responsive: 36 users
  batch: 51 users

### MEMORY SAFETY CHECK ###
  Formula: peak = (workers x 2 x mean_entry_bytes) + baseline
         = (100 x 2 x 1000MiB) + 2.5GiB
         = 197.8GiB
  Available RAM: 310.8GiB
  Mean entry size: 1000MiB  (8000 tok x 131,072 B/tok)
  Peak per thread: 2000MiB  (np.load + np.array copy)
  Worker threads: 100
  Safe concurrent readers: ~157  = (available - baseline) / peak_per_thread
  Status: OK

Starting benchmark... Mode: standard (prefill+decode)
--------------------------------------------------------------------------------

Integrated Multi-User KV Cache Benchmark - MLPerf Edition
Model: Llama 3.1 8B
GPU Memory: 0 GB
Users: 100
Duration: 300s
Seed: 64
Generation Mode: none (0.0ms/token)
Features:
  - Phase-Aware Processing: Enabled
  - Multi-turn Conversations: Enabled
  - Prefix Caching: Enabled
  - RAG Workload: Disabled
  - Autoscaling: Disabled
  - QoS Support: Enabled (Interactive/Responsive/Batch)
  - Trace-Driven (BurstGPT): Disabled
  - ShareGPT Dataset: Disabled
  - Max Concurrent Allocations: 16 (bounds RAM usage)
================================================================================

User Context Length Distribution:
  Min: 691 tokens (86.38MiB)
  Max: 24945 tokens (3118.12MiB)
  Mean: 9821 tokens (1227.60MiB)

QoS Distribution:
  interactive: 24 users
  responsive: 34 users
  batch: 42 users

### MEMORY SAFETY CHECK ###
  Formula: peak = (workers x 2 x mean_entry_bytes) + baseline
         = (100 x 2 x 1000MiB) + 2.5GiB
         = 197.8GiB
  Available RAM: 311.3GiB
  Mean entry size: 1000MiB  (8000 tok x 131,072 B/tok)
  Peak per thread: 2000MiB  (np.load + np.array copy)
  Worker threads: 100
  Safe concurrent readers: ~158  = (available - baseline) / peak_per_thread
  Status: OK

Starting benchmark... Mode: standard (prefill+decode)
--------------------------------------------------------------------------------

Integrated Multi-User KV Cache Benchmark - MLPerf Edition
Model: Llama 3.1 8B
GPU Memory: 0 GB
Users: 100
Duration: 300s
Seed: 46
Generation Mode: none (0.0ms/token)
Features:
  - Phase-Aware Processing: Enabled
  - Multi-turn Conversations: Enabled
  - Prefix Caching: Enabled
  - RAG Workload: Disabled
  - Autoscaling: Disabled
  - QoS Support: Enabled (Interactive/Responsive/Batch)
  - Trace-Driven (BurstGPT): Disabled
  - ShareGPT Dataset: Disabled
  - Max Concurrent Allocations: 16 (bounds RAM usage)
================================================================================

User Context Length Distribution:
  Min: 664 tokens (83.00MiB)
  Max: 24536 tokens (3067.00MiB)
  Mean: 7931 tokens (991.34MiB)

QoS Distribution:
  interactive: 8 users
  responsive: 38 users
  batch: 54 users

### MEMORY SAFETY CHECK ###
  Formula: peak = (workers x 2 x mean_entry_bytes) + baseline
         = (100 x 2 x 1000MiB) + 2.5GiB
         = 197.8GiB
  Available RAM: 303.9GiB
  Mean entry size: 1000MiB  (8000 tok x 131,072 B/tok)
  Peak per thread: 2000MiB  (np.load + np.array copy)
  Worker threads: 100
  Safe concurrent readers: ~154  = (available - baseline) / peak_per_thread
  Status: OK

Starting benchmark... Mode: standard (prefill+decode)
--------------------------------------------------------------------------------

Integrated Multi-User KV Cache Benchmark - MLPerf Edition
Model: Llama 3.1 8B
GPU Memory: 0 GB
Users: 100
Duration: 300s
Seed: 52
Generation Mode: none (0.0ms/token)
Features:
  - Phase-Aware Processing: Enabled
  - Multi-turn Conversations: Enabled
  - Prefix Caching: Enabled
  - RAG Workload: Disabled
  - Autoscaling: Disabled
  - QoS Support: Enabled (Interactive/Responsive/Batch)
  - Trace-Driven (BurstGPT): Disabled
  - ShareGPT Dataset: Disabled
  - Max Concurrent Allocations: 16 (bounds RAM usage)
================================================================================

User Context Length Distribution:
  Min: 788 tokens (98.50MiB)
  Max: 23313 tokens (2914.12MiB)
  Mean: 7708 tokens (963.48MiB)

QoS Distribution:
  interactive: 18 users
  responsive: 29 users
  batch: 53 users

Integrated Multi-User KV Cache Benchmark - MLPerf Edition
Model: Llama 3.1 8B
GPU Memory: 0 GB
Users: 100
Duration: 300s
Seed: 69
Generation Mode: none (0.0ms/token)
Features:
  - Phase-Aware Processing: Enabled
  - Multi-turn Conversations: Enabled
  - Prefix Caching: Enabled
  - RAG Workload: Disabled
  - Autoscaling: Disabled
  - QoS Support: Enabled (Interactive/Responsive/Batch)
  - Trace-Driven (BurstGPT): Disabled
  - ShareGPT Dataset: Disabled
  - Max Concurrent Allocations: 16 (bounds RAM usage)
================================================================================

### MEMORY SAFETY CHECK ###
  Formula: peak = (workers x 2 x mean_entry_bytes) + baseline
         = (100 x 2 x 1000MiB) + 2.5GiB
         = 197.8GiB
  Available RAM: 300.9GiB
  Mean entry size: 1000MiB  (8000 tok x 131,072 B/tok)
  Peak per thread: 2000MiB  (np.load + np.array copy)
  Worker threads: 100
  Safe concurrent readers: ~152  = (available - baseline) / peak_per_thread
  Status: OK

Starting benchmark... Mode: standard (prefill+decode)
--------------------------------------------------------------------------------

User Context Length Distribution:
  Min: 913 tokens (114.12MiB)
  Max: 22547 tokens (2818.38MiB)
  Mean: 8281 tokens (1035.09MiB)

QoS Distribution:
  interactive: 14 users
  responsive: 35 users
  batch: 51 users

### MEMORY SAFETY CHECK ###
  Formula: peak = (workers x 2 x mean_entry_bytes) + baseline
         = (100 x 2 x 1000MiB) + 2.5GiB
         = 197.8GiB
  Available RAM: 297.6GiB
  Mean entry size: 1000MiB  (8000 tok x 131,072 B/tok)
  Peak per thread: 2000MiB  (np.load + np.array copy)
  Worker threads: 100
  Safe concurrent readers: ~151  = (available - baseline) / peak_per_thread
  Status: OK

Starting benchmark... Mode: standard (prefill+decode)
--------------------------------------------------------------------------------

Integrated Multi-User KV Cache Benchmark - MLPerf Edition
Model: Llama 3.1 8B
GPU Memory: 0 GB
Users: 100
Duration: 300s
Seed: 49
Generation Mode: none (0.0ms/token)
Features:
  - Phase-Aware Processing: Enabled
  - Multi-turn Conversations: Enabled
  - Prefix Caching: Enabled
  - RAG Workload: Disabled
  - Autoscaling: Disabled
  - QoS Support: Enabled (Interactive/Responsive/Batch)
  - Trace-Driven (BurstGPT): Disabled
  - ShareGPT Dataset: Disabled
  - Max Concurrent Allocations: 16 (bounds RAM usage)
================================================================================

User Context Length Distribution:
  Min: 703 tokens (87.88MiB)
  Max: 22706 tokens (2838.25MiB)
  Mean: 8589 tokens (1073.65MiB)

QoS Distribution:
  interactive: 18 users
  responsive: 29 users
  batch: 53 users

### MEMORY SAFETY CHECK ###
  Formula: peak = (workers x 2 x mean_entry_bytes) + baseline
         = (100 x 2 x 1000MiB) + 2.5GiB
         = 197.8GiB
  Available RAM: 302.0GiB
  Mean entry size: 1000MiB  (8000 tok x 131,072 B/tok)
  Peak per thread: 2000MiB  (np.load + np.array copy)
  Worker threads: 100
  Safe concurrent readers: ~153  = (available - baseline) / peak_per_thread
  Status: OK

Starting benchmark... Mode: standard (prefill+decode)
--------------------------------------------------------------------------------

Integrated Multi-User KV Cache Benchmark - MLPerf Edition
Model: Llama 3.1 8B
GPU Memory: 0 GB
Users: 100
Duration: 300s
Seed: 50
Generation Mode: none (0.0ms/token)
Features:
  - Phase-Aware Processing: Enabled
  - Multi-turn Conversations: Enabled
  - Prefix Caching: Enabled
  - RAG Workload: Disabled
  - Autoscaling: Disabled
  - QoS Support: Enabled (Interactive/Responsive/Batch)
  - Trace-Driven (BurstGPT): Disabled
  - ShareGPT Dataset: Disabled
  - Max Concurrent Allocations: 16 (bounds RAM usage)
================================================================================

User Context Length Distribution:
  Min: 520 tokens (65.00MiB)
  Max: 24431 tokens (3053.88MiB)
  Mean: 8794 tokens (1099.19MiB)

QoS Distribution:
  interactive: 11 users
  responsive: 32 users
  batch: 57 users

### MEMORY SAFETY CHECK ###
  Formula: peak = (workers x 2 x mean_entry_bytes) + baseline
         = (100 x 2 x 1000MiB) + 2.5GiB
         = 197.8GiB
  Available RAM: 300.1GiB
  Mean entry size: 1000MiB  (8000 tok x 131,072 B/tok)
  Peak per thread: 2000MiB  (np.load + np.array copy)
  Worker threads: 100
  Safe concurrent readers: ~152  = (available - baseline) / peak_per_thread
  Status: OK

Starting benchmark... Mode: standard (prefill+decode)
--------------------------------------------------------------------------------

Integrated Multi-User KV Cache Benchmark - MLPerf Edition
Model: Llama 3.1 8B
GPU Memory: 0 GB
Users: 100
Duration: 300s
Seed: 67
Generation Mode: none (0.0ms/token)
Features:
  - Phase-Aware Processing: Enabled
  - Multi-turn Conversations: Enabled
  - Prefix Caching: Enabled
  - RAG Workload: Disabled
  - Autoscaling: Disabled
  - QoS Support: Enabled (Interactive/Responsive/Batch)
  - Trace-Driven (BurstGPT): Disabled
  - ShareGPT Dataset: Disabled
  - Max Concurrent Allocations: 16 (bounds RAM usage)
================================================================================

User Context Length Distribution:
  Min: 518 tokens (64.75MiB)
  Max: 22754 tokens (2844.25MiB)
  Mean: 8624 tokens (1077.97MiB)

QoS Distribution:
  interactive: 16 users
  responsive: 39 users
  batch: 45 users

### MEMORY SAFETY CHECK ###
  Formula: peak = (workers x 2 x mean_entry_bytes) + baseline
         = (100 x 2 x 1000MiB) + 2.5GiB
         = 197.8GiB
  Available RAM: 299.7GiB
  Mean entry size: 1000MiB  (8000 tok x 131,072 B/tok)
  Peak per thread: 2000MiB  (np.load + np.array copy)
  Worker threads: 100
  Safe concurrent readers: ~152  = (available - baseline) / peak_per_thread
  Status: OK

Starting benchmark... Mode: standard (prefill+decode)
--------------------------------------------------------------------------------

Integrated Multi-User KV Cache Benchmark - MLPerf Edition
Model: Llama 3.1 8B
GPU Memory: 0 GB
Users: 100
Duration: 300s
Seed: 55
Generation Mode: none (0.0ms/token)
Features:
  - Phase-Aware Processing: Enabled
  - Multi-turn Conversations: Enabled
  - Prefix Caching: Enabled
  - RAG Workload: Disabled
  - Autoscaling: Disabled
  - QoS Support: Enabled (Interactive/Responsive/Batch)
  - Trace-Driven (BurstGPT): Disabled
  - ShareGPT Dataset: Disabled
  - Max Concurrent Allocations: 16 (bounds RAM usage)
================================================================================

User Context Length Distribution:
  Min: 543 tokens (67.88MiB)
  Max: 24654 tokens (3081.75MiB)
  Mean: 9535 tokens (1191.87MiB)

QoS Distribution:
  interactive: 12 users
  responsive: 35 users
  batch: 53 users

### MEMORY SAFETY CHECK ###
  Formula: peak = (workers x 2 x mean_entry_bytes) + baseline
         = (100 x 2 x 1000MiB) + 2.5GiB
         = 197.8GiB
  Available RAM: 305.8GiB
  Mean entry size: 1000MiB  (8000 tok x 131,072 B/tok)
  Peak per thread: 2000MiB  (np.load + np.array copy)
  Worker threads: 100
  Safe concurrent readers: ~155  = (available - baseline) / peak_per_thread
  Status: OK

Starting benchmark... Mode: standard (prefill+decode)
--------------------------------------------------------------------------------

Integrated Multi-User KV Cache Benchmark - MLPerf Edition
Model: Llama 3.1 8B
GPU Memory: 0 GB
Users: 100
Duration: 300s
Seed: 59
Generation Mode: none (0.0ms/token)
Features:
  - Phase-Aware Processing: Enabled
  - Multi-turn Conversations: Enabled
  - Prefix Caching: Enabled
  - RAG Workload: Disabled
  - Autoscaling: Disabled
  - QoS Support: Enabled (Interactive/Responsive/Batch)
  - Trace-Driven (BurstGPT): Disabled
  - ShareGPT Dataset: Disabled
  - Max Concurrent Allocations: 16 (bounds RAM usage)
================================================================================

User Context Length Distribution:
  Min: 700 tokens (87.50MiB)
  Max: 24962 tokens (3120.25MiB)
  Mean: 9773 tokens (1221.65MiB)

QoS Distribution:
  interactive: 13 users
  responsive: 48 users
  batch: 39 users

### MEMORY SAFETY CHECK ###
  Formula: peak = (workers x 2 x mean_entry_bytes) + baseline
         = (100 x 2 x 1000MiB) + 2.5GiB
         = 197.8GiB
  Available RAM: 326.0GiB
  Mean entry size: 1000MiB  (8000 tok x 131,072 B/tok)
  Peak per thread: 2000MiB  (np.load + np.array copy)
  Worker threads: 100
  Safe concurrent readers: ~165  = (available - baseline) / peak_per_thread
  Status: OK

Starting benchmark... Mode: standard (prefill+decode)
--------------------------------------------------------------------------------

Integrated Multi-User KV Cache Benchmark - MLPerf Edition
Model: Llama 3.1 8B
GPU Memory: 0 GB
Users: 100
Duration: 300s
Seed: 43
Generation Mode: none (0.0ms/token)
Features:
  - Phase-Aware Processing: Enabled
  - Multi-turn Conversations: Enabled
  - Prefix Caching: Enabled
  - RAG Workload: Disabled
  - Autoscaling: Disabled
  - QoS Support: Enabled (Interactive/Responsive/Batch)
  - Trace-Driven (BurstGPT): Disabled
  - ShareGPT Dataset: Disabled
  - Max Concurrent Allocations: 16 (bounds RAM usage)
================================================================================

User Context Length Distribution:
  Min: 554 tokens (69.25MiB)
  Max: 24695 tokens (3086.88MiB)
  Mean: 8241 tokens (1030.07MiB)

QoS Distribution:
  interactive: 16 users
  responsive: 40 users
  batch: 44 users

### MEMORY SAFETY CHECK ###
  Formula: peak = (workers x 2 x mean_entry_bytes) + baseline
         = (100 x 2 x 1000MiB) + 2.5GiB
         = 197.8GiB
  Available RAM: 326.9GiB
  Mean entry size: 1000MiB  (8000 tok x 131,072 B/tok)
  Peak per thread: 2000MiB  (np.load + np.array copy)
  Worker threads: 100
  Safe concurrent readers: ~166  = (available - baseline) / peak_per_thread
  Status: OK

Starting benchmark... Mode: standard (prefill+decode)
--------------------------------------------------------------------------------

Integrated Multi-User KV Cache Benchmark - MLPerf Edition
Model: Llama 3.1 8B
GPU Memory: 0 GB
Users: 100
Duration: 300s
Seed: 45
Generation Mode: none (0.0ms/token)
Features:
  - Phase-Aware Processing: Enabled
  - Multi-turn Conversations: Enabled
  - Prefix Caching: Enabled
  - RAG Workload: Disabled
  - Autoscaling: Disabled
  - QoS Support: Enabled (Interactive/Responsive/Batch)
  - Trace-Driven (BurstGPT): Disabled
  - ShareGPT Dataset: Disabled
  - Max Concurrent Allocations: 16 (bounds RAM usage)
================================================================================

User Context Length Distribution:
  Min: 557 tokens (69.62MiB)
  Max: 22928 tokens (2866.00MiB)
  Mean: 9596 tokens (1199.56MiB)

QoS Distribution:
  interactive: 10 users
  responsive: 29 users
  batch: 61 users

### MEMORY SAFETY CHECK ###
  Formula: peak = (workers x 2 x mean_entry_bytes) + baseline
         = (100 x 2 x 1000MiB) + 2.5GiB
         = 197.8GiB
  Available RAM: 304.6GiB
  Mean entry size: 1000MiB  (8000 tok x 131,072 B/tok)
  Peak per thread: 2000MiB  (np.load + np.array copy)
  Worker threads: 100
  Safe concurrent readers: ~154  = (available - baseline) / peak_per_thread
  Status: OK

Starting benchmark... Mode: standard (prefill+decode)
--------------------------------------------------------------------------------

================================================================================
BENCHMARK RESULTS - MLPerf KV Cache Storage Benchmark
Generation Mode: none (0.0ms/token)
================================================================================

IMPORTANT: All storage latencies below are measured per KV cache BLOCK,
not per token or per disk page.  Each block holds the full KV state for
one request (all layers, all heads, full sequence length).
  Model KV bytes/token: 131,072 bytes (128.0KiB)
  Entries in cache: 1498
  Block size min:   17.5MiB
  Block size mean:  312.8MiB
  Block size P95:   925.5MiB
  Block size max:   2282.0MiB
  A 200MiB block at 1GiB/s NVMe read = ~200 ms device latency.
  Compare latencies against block sizes, not against 4KiB page I/O.


### OVERALL PERFORMANCE ###
Requests Completed: 1498
Total Tokens Generated: 154479
Throughput (wall-clock): 514.93 tokens/sec
Throughput (storage I/O): 561.99 tokens/sec
Requests/sec: 4.99

### END-TO-END LATENCY (Queue Wait + Storage I/O + Generation) ###
  Mean: 137747.70 ms
  P50:  134742.24 ms
  P95:  264571.02 ms
  P99:  276390.18 ms

### PER-REQUEST STORAGE LATENCY (All I/O ops for one request) ###
  Mean: 183.50 ms
  P50:  105.72 ms
  P95:  748.12 ms
  P99:  1216.37 ms
  (= 1 prefill write + N decode reads per request)

### STORAGE PERFORMANCE ###
  Cache Hit Rate: 88.2%
  Total Read: 2521.76GiB
  Total Write: 460.35GiB
  Read/Write Ratio: 5.48
  Storage KV Read Operations/sec: 23.00
  Storage KV Write Operations/sec: 5.00

### CACHE TIER DISTRIBUTION ###
  GPU Entries: 0 (0.00GiB)
  CPU Entries: 2 (2.72GiB)
  Storage Entries: 1496

### TIER-SPECIFIC KV BYTES ###
  CPU KV Bytes Written: 449.07GiB
  CPU KV Bytes Read: 2961.97GiB
  Storage KV Bytes Written: 454.81GiB
  Storage KV Bytes Read: 6.14GiB

### STORAGE KV BANDWIDTH ###
  CPU KV Read Bandwidth: 9.87GiB/s
  CPU KV Write Bandwidth: 1.50GiB/s
  Storage KV Read Bandwidth: 0.02GiB/s
  Storage KV Write Bandwidth: 1.52GiB/s

### TIER-SPECIFIC LATENCIES (Total = Host + Device) ###
  CPU Read P95 (Total): 83.76 ms
  CPU Write P95 (Total): 75.64 ms
  Storage Read P95 (Total): 954.02 ms
  Storage Write P95 (Total): 1519.95 ms

### STORAGE TIER LATENCY BREAKDOWN (Device = Disk I/O, Host = Serialization) ###
  Storage Read:
    - Device P95 (Disk I/O): 787.47 ms
    - Host P95 (Serialization): 166.54 ms
    - Total P95: 954.02 ms
  Storage Write:
    - Device P95 (Disk I/O): 0.02 ms
    - Host P95 (Serialization): 1519.93 ms
    - Total P95: 1519.95 ms

### CACHE TYPE BREAKDOWNS ###
  System Prompt Hits: 1506
  Common Phrase Hits: 0
  User Cache Hits: 5339
  Multi-turn Hits: 55

### PREFIX CACHING ###
  Prefix Hits: 317
  Prefix Misses: 1183
  System Prompt Reuse: 317
  Bytes Saved: 0.26GiB

### MULTI-TURN CONVERSATIONS ###
  Multi-turn Cache Hits: 55
  Multi-turn Cache Misses: 609
  Multi-turn Hit Rate: 8.3%

### QOS LATENCY METRICS (Informational - includes simulated generation) ###

  INTERACTIVE:
    Requests: 1394
    Latency P95: 265350.30 ms
    Latency P99: 276752.76 ms
    SLA Met: [X] (compliance: 0.0%)

  RESPONSIVE:
    Requests: 38
    Latency P95: 22653.14 ms
    Latency P99: 139990.43 ms
    SLA Met: [X] (compliance: 2.6%)

  BATCH:
    Requests: 66
    Latency P95: 229697.23 ms
    Latency P99: 239710.23 ms
    SLA Met: [X] (compliance: 28.8%)

================================================================================
NOTES:
  - Pure storage I/O benchmark (no generation simulation)
================================================================================
KV Cache Wrapper - End delay for 90 seconds

================================================================================
BENCHMARK RESULTS - MLPerf KV Cache Storage Benchmark
Generation Mode: none (0.0ms/token)
================================================================================

IMPORTANT: All storage latencies below are measured per KV cache BLOCK,
not per token or per disk page.  Each block holds the full KV state for
one request (all layers, all heads, full sequence length).
  Model KV bytes/token: 131,072 bytes (128.0KiB)
  Entries in cache: 1206
  Block size min:   32.5MiB
  Block size mean:  417.4MiB
  Block size P95:   1476.1MiB
  Block size max:   2794.0MiB
  A 200MiB block at 1GiB/s NVMe read = ~200 ms device latency.
  Compare latencies against block sizes, not against 4KiB page I/O.


### OVERALL PERFORMANCE ###
Requests Completed: 1206
Total Tokens Generated: 155203
Throughput (wall-clock): 517.34 tokens/sec
Throughput (storage I/O): 544.69 tokens/sec
Requests/sec: 4.02

### END-TO-END LATENCY (Queue Wait + Storage I/O + Generation) ###
  Mean: 145457.36 ms
  P50:  141295.30 ms
  P95:  279462.71 ms
  P99:  291642.99 ms

### PER-REQUEST STORAGE LATENCY (All I/O ops for one request) ###
  Mean: 236.27 ms
  P50:  108.06 ms
  P95:  813.70 ms
  P99:  1969.43 ms
  (= 1 prefill write + N decode reads per request)

### STORAGE PERFORMANCE ###
  Cache Hit Rate: 87.4%
  Total Read: 2170.16GiB
  Total Write: 493.90GiB
  Read/Write Ratio: 4.39
  Storage KV Read Operations/sec: 19.37
  Storage KV Write Operations/sec: 4.02

### CACHE TIER DISTRIBUTION ###
  GPU Entries: 0 (0.00GiB)
  CPU Entries: 8 (1.59GiB)
  Storage Entries: 1198

### TIER-SPECIFIC KV BYTES ###
  CPU KV Bytes Written: 466.50GiB
  CPU KV Bytes Read: 2594.52GiB
  Storage KV Bytes Written: 475.64GiB
  Storage KV Bytes Read: 26.20GiB

### STORAGE KV BANDWIDTH ###
  CPU KV Read Bandwidth: 8.65GiB/s
  CPU KV Write Bandwidth: 1.56GiB/s
  Storage KV Read Bandwidth: 0.09GiB/s
  Storage KV Write Bandwidth: 1.59GiB/s

### TIER-SPECIFIC LATENCIES (Total = Host + Device) ###
  CPU Read P95 (Total): 89.73 ms
  CPU Write P95 (Total): 115.00 ms
  Storage Read P95 (Total): 1566.59 ms
  Storage Write P95 (Total): 2290.69 ms

### STORAGE TIER LATENCY BREAKDOWN (Device = Disk I/O, Host = Serialization) ###
  Storage Read:
    - Device P95 (Disk I/O): 1357.18 ms
    - Host P95 (Serialization): 208.29 ms
    - Total P95: 1566.59 ms
  Storage Write:
    - Device P95 (Disk I/O): 0.50 ms
    - Host P95 (Serialization): 2290.51 ms
    - Total P95: 2290.69 ms

### CACHE TYPE BREAKDOWNS ###
  System Prompt Hits: 951
  Common Phrase Hits: 0
  User Cache Hits: 4813
  Multi-turn Hits: 46

### PREFIX CACHING ###
  Prefix Hits: 217
  Prefix Misses: 990
  System Prompt Reuse: 217
  Bytes Saved: 0.18GiB

### MULTI-TURN CONVERSATIONS ###
  Multi-turn Cache Hits: 46
  Multi-turn Cache Misses: 620
  Multi-turn Hit Rate: 6.9%

### QOS LATENCY METRICS (Informational - includes simulated generation) ###

  INTERACTIVE:
    Requests: 1109
    Latency P95: 280129.50 ms
    Latency P99: 291864.92 ms
    SLA Met: [X] (compliance: 0.0%)

  RESPONSIVE:
    Requests: 56
    Latency P95: 52348.01 ms
    Latency P99: 91418.73 ms
    SLA Met: [X] (compliance: 3.6%)

  BATCH:
    Requests: 41
    Latency P95: 17920.99 ms
    Latency P99: 118754.79 ms
    SLA Met: [X] (compliance: 17.1%)

================================================================================
NOTES:
  - Pure storage I/O benchmark (no generation simulation)
================================================================================
KV Cache Wrapper - End delay for 90 seconds

================================================================================
BENCHMARK RESULTS - MLPerf KV Cache Storage Benchmark
Generation Mode: none (0.0ms/token)
================================================================================

IMPORTANT: All storage latencies below are measured per KV cache BLOCK,
not per token or per disk page.  Each block holds the full KV state for
one request (all layers, all heads, full sequence length).
  Model KV bytes/token: 131,072 bytes (128.0KiB)
  Entries in cache: 1115
  Block size min:   29.9MiB
  Block size mean:  429.7MiB
  Block size P95:   1193.8MiB
  Block size max:   2662.9MiB
  A 200MiB block at 1GiB/s NVMe read = ~200 ms device latency.
  Compare latencies against block sizes, not against 4KiB page I/O.


### OVERALL PERFORMANCE ###
Requests Completed: 1115
Total Tokens Generated: 139739
Throughput (wall-clock): 465.80 tokens/sec
Throughput (storage I/O): 447.89 tokens/sec
Requests/sec: 3.72

### END-TO-END LATENCY (Queue Wait + Storage I/O + Generation) ###
  Mean: 150984.02 ms
  P50:  150977.65 ms
  P95:  284390.21 ms
  P99:  296681.73 ms

### PER-REQUEST STORAGE LATENCY (All I/O ops for one request) ###
  Mean: 279.82 ms
  P50:  127.29 ms
  P95:  871.35 ms
  P99:  1608.14 ms
  (= 1 prefill write + N decode reads per request)

### STORAGE PERFORMANCE ###
  Cache Hit Rate: 91.3%
  Total Read: 2597.87GiB
  Total Write: 475.18GiB
  Read/Write Ratio: 5.47
  Storage KV Read Operations/sec: 18.95
  Storage KV Write Operations/sec: 3.73

### CACHE TIER DISTRIBUTION ###
  GPU Entries: 0 (0.00GiB)
  CPU Entries: 1 (1.36GiB)
  Storage Entries: 1114

### TIER-SPECIFIC KV BYTES ###
  CPU KV Bytes Written: 455.97GiB
  CPU KV Bytes Read: 3032.05GiB
  Storage KV Bytes Written: 466.55GiB
  Storage KV Bytes Read: 20.43GiB

### STORAGE KV BANDWIDTH ###
  CPU KV Read Bandwidth: 10.11GiB/s
  CPU KV Write Bandwidth: 1.52GiB/s
  Storage KV Read Bandwidth: 0.07GiB/s
  Storage KV Write Bandwidth: 1.56GiB/s

### TIER-SPECIFIC LATENCIES (Total = Host + Device) ###
  CPU Read P95 (Total): 94.09 ms
  CPU Write P95 (Total): 106.46 ms
  Storage Read P95 (Total): 1457.38 ms
  Storage Write P95 (Total): 1829.89 ms

### STORAGE TIER LATENCY BREAKDOWN (Device = Disk I/O, Host = Serialization) ###
  Storage Read:
    - Device P95 (Disk I/O): 1279.76 ms
    - Host P95 (Serialization): 192.57 ms
    - Total P95: 1457.38 ms
  Storage Write:
    - Device P95 (Disk I/O): 0.02 ms
    - Host P95 (Serialization): 1829.87 ms
    - Total P95: 1829.89 ms

### CACHE TYPE BREAKDOWNS ###
  System Prompt Hits: 1202
  Common Phrase Hits: 0
  User Cache Hits: 4457
  Multi-turn Hits: 26

### PREFIX CACHING ###
  Prefix Hits: 234
  Prefix Misses: 884
  System Prompt Reuse: 234
  Bytes Saved: 0.19GiB

### MULTI-TURN CONVERSATIONS ###
  Multi-turn Cache Hits: 26
  Multi-turn Cache Misses: 308
  Multi-turn Hit Rate: 7.8%

### QOS LATENCY METRICS (Informational - includes simulated generation) ###

  INTERACTIVE:
    Requests: 1027
    Latency P95: 284261.55 ms
    Latency P99: 295269.17 ms
    SLA Met: [X] (compliance: 0.0%)

  RESPONSIVE:
    Requests: 41
    Latency P95: 117241.79 ms
    Latency P99: 320857.33 ms
    SLA Met: [X] (compliance: 4.9%)

  BATCH:
    Requests: 47
    Latency P95: 241966.95 ms
    Latency P99: 322918.72 ms
    SLA Met: [X] (compliance: 17.0%)

================================================================================
NOTES:
  - Pure storage I/O benchmark (no generation simulation)
================================================================================
KV Cache Wrapper - End delay for 90 seconds

================================================================================
BENCHMARK RESULTS - MLPerf KV Cache Storage Benchmark
Generation Mode: none (0.0ms/token)
================================================================================

IMPORTANT: All storage latencies below are measured per KV cache BLOCK,
not per token or per disk page.  Each block holds the full KV state for
one request (all layers, all heads, full sequence length).
  Model KV bytes/token: 131,072 bytes (128.0KiB)
  Entries in cache: 1031
  Block size min:   23.1MiB
  Block size mean:  521.0MiB
  Block size P95:   1557.6MiB
  Block size max:   2513.5MiB
  A 200MiB block at 1GiB/s NVMe read = ~200 ms device latency.
  Compare latencies against block sizes, not against 4KiB page I/O.


### OVERALL PERFORMANCE ###
Requests Completed: 1029
Total Tokens Generated: 150406
Throughput (wall-clock): 501.35 tokens/sec
Throughput (storage I/O): 475.90 tokens/sec
Requests/sec: 3.43

### END-TO-END LATENCY (Queue Wait + Storage I/O + Generation) ###
  Mean: 145297.09 ms
  P50:  145628.05 ms
  P95:  287157.87 ms
  P99:  304163.70 ms

### PER-REQUEST STORAGE LATENCY (All I/O ops for one request) ###
  Mean: 307.14 ms
  P50:  121.33 ms
  P95:  1078.46 ms
  P99:  1629.21 ms
  (= 1 prefill write + N decode reads per request)

### STORAGE PERFORMANCE ###
  Cache Hit Rate: 90.0%
  Total Read: 2409.80GiB
  Total Write: 524.53GiB
  Read/Write Ratio: 4.59
  Storage KV Read Operations/sec: 17.17
  Storage KV Write Operations/sec: 3.44

### CACHE TIER DISTRIBUTION ###
  GPU Entries: 0 (0.00GiB)
  CPU Entries: 15 (1.86GiB)
  Storage Entries: 1016

### TIER-SPECIFIC KV BYTES ###
  CPU KV Bytes Written: 482.78GiB
  CPU KV Bytes Read: 2846.19GiB
  Storage KV Bytes Written: 503.56GiB
  Storage KV Bytes Read: 25.42GiB

### STORAGE KV BANDWIDTH ###
  CPU KV Read Bandwidth: 9.49GiB/s
  CPU KV Write Bandwidth: 1.61GiB/s
  Storage KV Read Bandwidth: 0.08GiB/s
  Storage KV Write Bandwidth: 1.68GiB/s

### TIER-SPECIFIC LATENCIES (Total = Host + Device) ###
  CPU Read P95 (Total): 96.53 ms
  CPU Write P95 (Total): 126.05 ms
  Storage Read P95 (Total): 1611.67 ms
  Storage Write P95 (Total): 1758.99 ms

### STORAGE TIER LATENCY BREAKDOWN (Device = Disk I/O, Host = Serialization) ###
  Storage Read:
    - Device P95 (Disk I/O): 1417.65 ms
    - Host P95 (Serialization): 205.29 ms
    - Total P95: 1611.67 ms
  Storage Write:
    - Device P95 (Disk I/O): 0.02 ms
    - Host P95 (Serialization): 1758.98 ms
    - Total P95: 1758.99 ms

### CACHE TYPE BREAKDOWNS ###
  System Prompt Hits: 1080
  Common Phrase Hits: 0
  User Cache Hits: 4037
  Multi-turn Hits: 34

### PREFIX CACHING ###
  Prefix Hits: 213
  Prefix Misses: 818
  System Prompt Reuse: 213
  Bytes Saved: 0.17GiB

### MULTI-TURN CONVERSATIONS ###
  Multi-turn Cache Hits: 34
  Multi-turn Cache Misses: 359
  Multi-turn Hit Rate: 8.7%

### QOS LATENCY METRICS (Informational - includes simulated generation) ###

  INTERACTIVE:
    Requests: 927
    Latency P95: 288376.01 ms
    Latency P99: 304287.02 ms
    SLA Met: [X] (compliance: 0.0%)

  RESPONSIVE:
    Requests: 44
    Latency P95: 23737.98 ms
    Latency P99: 48251.07 ms
    SLA Met: [X] (compliance: 2.3%)

  BATCH:
    Requests: 58
    Latency P95: 95067.85 ms
    Latency P99: 95495.84 ms
    SLA Met: [X] (compliance: 22.4%)

================================================================================
NOTES:
  - Pure storage I/O benchmark (no generation simulation)
================================================================================
KV Cache Wrapper - End delay for 90 seconds

================================================================================
BENCHMARK RESULTS - MLPerf KV Cache Storage Benchmark
Generation Mode: none (0.0ms/token)
================================================================================

IMPORTANT: All storage latencies below are measured per KV cache BLOCK,
not per token or per disk page.  Each block holds the full KV state for
one request (all layers, all heads, full sequence length).
  Model KV bytes/token: 131,072 bytes (128.0KiB)
  Entries in cache: 1169
  Block size min:   16.5MiB
  Block size mean:  423.9MiB
  Block size P95:   1370.5MiB
  Block size max:   2384.1MiB
  A 200MiB block at 1GiB/s NVMe read = ~200 ms device latency.
  Compare latencies against block sizes, not against 4KiB page I/O.


### OVERALL PERFORMANCE ###
Requests Completed: 1169
Total Tokens Generated: 177445
Throughput (wall-clock): 591.48 tokens/sec
Throughput (storage I/O): 484.52 tokens/sec
Requests/sec: 3.90

### END-TO-END LATENCY (Queue Wait + Storage I/O + Generation) ###
  Mean: 143928.62 ms
  P50:  144649.14 ms
  P95:  276331.83 ms
  P99:  288482.58 ms

### PER-REQUEST STORAGE LATENCY (All I/O ops for one request) ###
  Mean: 313.28 ms
  P50:  111.54 ms
  P95:  967.11 ms
  P99:  2457.00 ms
  (= 1 prefill write + N decode reads per request)

### STORAGE PERFORMANCE ###
  Cache Hit Rate: 91.6%
  Total Read: 2957.17GiB
  Total Write: 487.85GiB
  Read/Write Ratio: 6.06
  Storage KV Read Operations/sec: 21.60
  Storage KV Write Operations/sec: 3.90

### CACHE TIER DISTRIBUTION ###
  GPU Entries: 0 (0.00GiB)
  CPU Entries: 2 (3.01GiB)
  Storage Entries: 1167

### TIER-SPECIFIC KV BYTES ###
  CPU KV Bytes Written: 481.64GiB
  CPU KV Bytes Read: 3378.14GiB
  Storage KV Bytes Written: 480.96GiB
  Storage KV Bytes Read: 57.65GiB

### STORAGE KV BANDWIDTH ###
  CPU KV Read Bandwidth: 11.26GiB/s
  CPU KV Write Bandwidth: 1.61GiB/s
  Storage KV Read Bandwidth: 0.19GiB/s
  Storage KV Write Bandwidth: 1.60GiB/s

### TIER-SPECIFIC LATENCIES (Total = Host + Device) ###
  CPU Read P95 (Total): 88.99 ms
  CPU Write P95 (Total): 116.24 ms
  Storage Read P95 (Total): 1555.97 ms
  Storage Write P95 (Total): 1975.84 ms

### STORAGE TIER LATENCY BREAKDOWN (Device = Disk I/O, Host = Serialization) ###
  Storage Read:
    - Device P95 (Disk I/O): 1365.22 ms
    - Host P95 (Serialization): 196.47 ms
    - Total P95: 1555.97 ms
  Storage Write:
    - Device P95 (Disk I/O): 0.02 ms
    - Host P95 (Serialization): 1975.82 ms
    - Total P95: 1975.84 ms

### CACHE TYPE BREAKDOWNS ###
  System Prompt Hits: 1384
  Common Phrase Hits: 0
  User Cache Hits: 5039
  Multi-turn Hits: 57

### PREFIX CACHING ###
  Prefix Hits: 238
  Prefix Misses: 933
  System Prompt Reuse: 238
  Bytes Saved: 0.19GiB

### MULTI-TURN CONVERSATIONS ###
  Multi-turn Cache Hits: 57
  Multi-turn Cache Misses: 359
  Multi-turn Hit Rate: 13.7%

### QOS LATENCY METRICS (Informational - includes simulated generation) ###

  INTERACTIVE:
    Requests: 1068
    Latency P95: 277804.74 ms
    Latency P99: 288482.95 ms
    SLA Met: [X] (compliance: 0.0%)

  RESPONSIVE:
    Requests: 38
    Latency P95: 38032.40 ms
    Latency P99: 77859.40 ms
    SLA Met: [X] (compliance: 2.6%)

  BATCH:
    Requests: 63
    Latency P95: 84854.29 ms
    Latency P99: 178349.52 ms
    SLA Met: [X] (compliance: 20.6%)

================================================================================
NOTES:
  - Pure storage I/O benchmark (no generation simulation)
================================================================================

================================================================================
BENCHMARK RESULTS - MLPerf KV Cache Storage Benchmark
Generation Mode: none (0.0ms/token)
================================================================================

IMPORTANT: All storage latencies below are measured per KV cache BLOCK,
not per token or per disk page.  Each block holds the full KV state for
one request (all layers, all heads, full sequence length).
  Model KV bytes/token: 131,072 bytes (128.0KiB)
  Entries in cache: 852
  Block size min:   31.0MiB
  Block size mean:  626.5MiB
  Block size P95:   1657.3MiB
  Block size max:   2696.0MiB
  A 200MiB block at 1GiB/s NVMe read = ~200 ms device latency.
  Compare latencies against block sizes, not against 4KiB page I/O.


### OVERALL PERFORMANCE ###
Requests Completed: 852
Total Tokens Generated: 145478
Throughput (wall-clock): 484.93 tokens/sec
Throughput (storage I/O): 332.56 tokens/sec
Requests/sec: 2.84

### END-TO-END LATENCY (Queue Wait + Storage I/O + Generation) ###
  Mean: 147011.36 ms
  P50:  146738.23 ms
  P95:  298826.81 ms
  P99:  313442.36 ms

### PER-REQUEST STORAGE LATENCY (All I/O ops for one request) ###
  Mean: 513.44 ms
  P50:  253.98 ms
  P95:  1184.20 ms
  P99:  4010.75 ms
  (= 1 prefill write + N decode reads per request)

### STORAGE PERFORMANCE ###
  Cache Hit Rate: 85.2%
  Total Read: 2924.66GiB
  Total Write: 521.27GiB
  Read/Write Ratio: 5.61
  Storage KV Read Operations/sec: 17.63
  Storage KV Write Operations/sec: 2.84

### CACHE TIER DISTRIBUTION ###
  GPU Entries: 0 (0.00GiB)
  CPU Entries: 12 (1.76GiB)
  Storage Entries: 840

### TIER-SPECIFIC KV BYTES ###
  CPU KV Bytes Written: 500.26GiB
  CPU KV Bytes Read: 3307.25GiB
  Storage KV Bytes Written: 495.19GiB
  Storage KV Bytes Read: 91.58GiB

### STORAGE KV BANDWIDTH ###
  CPU KV Read Bandwidth: 11.02GiB/s
  CPU KV Write Bandwidth: 1.67GiB/s
  Storage KV Read Bandwidth: 0.31GiB/s
  Storage KV Write Bandwidth: 1.65GiB/s

### TIER-SPECIFIC LATENCIES (Total = Host + Device) ###
  CPU Read P95 (Total): 95.61 ms
  CPU Write P95 (Total): 133.52 ms
  Storage Read P95 (Total): 1597.36 ms
  Storage Write P95 (Total): 1874.93 ms

### STORAGE TIER LATENCY BREAKDOWN (Device = Disk I/O, Host = Serialization) ###
  Storage Read:
    - Device P95 (Disk I/O): 1402.52 ms
    - Host P95 (Serialization): 218.00 ms
    - Total P95: 1597.36 ms
  Storage Write:
    - Device P95 (Disk I/O): 0.04 ms
    - Host P95 (Serialization): 1874.89 ms
    - Total P95: 1874.93 ms

### CACHE TYPE BREAKDOWNS ###
  System Prompt Hits: 1118
  Common Phrase Hits: 0
  User Cache Hits: 4126
  Multi-turn Hits: 44

### PREFIX CACHING ###
  Prefix Hits: 192
  Prefix Misses: 660
  System Prompt Reuse: 192
  Bytes Saved: 0.16GiB

### MULTI-TURN CONVERSATIONS ###
  Multi-turn Cache Hits: 44
  Multi-turn Cache Misses: 728
  Multi-turn Hit Rate: 5.7%

### QOS LATENCY METRICS (Informational - includes simulated generation) ###

  INTERACTIVE:
    Requests: 751
    Latency P95: 301006.91 ms
    Latency P99: 313635.25 ms
    SLA Met: [X] (compliance: 0.0%)

  RESPONSIVE:
    Requests: 42
    Latency P95: 32490.21 ms
    Latency P99: 63110.77 ms
    SLA Met: [X] (compliance: 11.9%)

  BATCH:
    Requests: 59
    Latency P95: 18679.80 ms
    Latency P99: 45496.87 ms
    SLA Met: [X] (compliance: 18.6%)

================================================================================
NOTES:
  - Pure storage I/O benchmark (no generation simulation)
================================================================================
KV Cache Wrapper - End delay for 90 seconds
KV Cache Wrapper - End delay for 90 seconds

================================================================================
BENCHMARK RESULTS - MLPerf KV Cache Storage Benchmark
Generation Mode: none (0.0ms/token)
================================================================================

IMPORTANT: All storage latencies below are measured per KV cache BLOCK,
not per token or per disk page.  Each block holds the full KV state for
one request (all layers, all heads, full sequence length).
  Model KV bytes/token: 131,072 bytes (128.0KiB)
  Entries in cache: 910
  Block size min:   20.6MiB
  Block size mean:  539.9MiB
  Block size P95:   1563.0MiB
  Block size max:   2463.8MiB
  A 200MiB block at 1GiB/s NVMe read = ~200 ms device latency.
  Compare latencies against block sizes, not against 4KiB page I/O.


### OVERALL PERFORMANCE ###
Requests Completed: 910
Total Tokens Generated: 133618
Throughput (wall-clock): 445.39 tokens/sec
Throughput (storage I/O): 461.30 tokens/sec
Requests/sec: 3.03

### END-TO-END LATENCY (Queue Wait + Storage I/O + Generation) ###
  Mean: 149833.85 ms
  P50:  151200.19 ms
  P95:  297896.81 ms
  P99:  309165.27 ms

### PER-REQUEST STORAGE LATENCY (All I/O ops for one request) ###
  Mean: 318.30 ms
  P50:  121.11 ms
  P95:  1003.02 ms
  P99:  1704.92 ms
  (= 1 prefill write + N decode reads per request)

### STORAGE PERFORMANCE ###
  Cache Hit Rate: 88.4%
  Total Read: 2112.40GiB
  Total Write: 492.32GiB
  Read/Write Ratio: 4.29
  Storage KV Read Operations/sec: 14.51
  Storage KV Write Operations/sec: 3.06

### CACHE TIER DISTRIBUTION ###
  GPU Entries: 0 (0.00GiB)
  CPU Entries: 1 (2.96GiB)
  Storage Entries: 909

### TIER-SPECIFIC KV BYTES ###
  CPU KV Bytes Written: 464.36GiB
  CPU KV Bytes Read: 2529.63GiB
  Storage KV Bytes Written: 478.49GiB
  Storage KV Bytes Read: 45.80GiB

### STORAGE KV BANDWIDTH ###
  CPU KV Read Bandwidth: 8.43GiB/s
  CPU KV Write Bandwidth: 1.55GiB/s
  Storage KV Read Bandwidth: 0.15GiB/s
  Storage KV Write Bandwidth: 1.59GiB/s

### TIER-SPECIFIC LATENCIES (Total = Host + Device) ###
  CPU Read P95 (Total): 94.41 ms
  CPU Write P95 (Total): 127.28 ms
  Storage Read P95 (Total): 1561.30 ms
  Storage Write P95 (Total): 1639.12 ms

### STORAGE TIER LATENCY BREAKDOWN (Device = Disk I/O, Host = Serialization) ###
  Storage Read:
    - Device P95 (Disk I/O): 1372.86 ms
    - Host P95 (Serialization): 199.22 ms
    - Total P95: 1561.30 ms
  Storage Write:
    - Device P95 (Disk I/O): 0.02 ms
    - Host P95 (Serialization): 1639.10 ms
    - Total P95: 1639.12 ms

### CACHE TYPE BREAKDOWNS ###
  System Prompt Hits: 1035
  Common Phrase Hits: 0
  User Cache Hits: 3284
  Multi-turn Hits: 35

### PREFIX CACHING ###
  Prefix Hits: 195
  Prefix Misses: 722
  System Prompt Reuse: 195
  Bytes Saved: 0.16GiB

### MULTI-TURN CONVERSATIONS ###
  Multi-turn Cache Hits: 35
  Multi-turn Cache Misses: 376
  Multi-turn Hit Rate: 8.5%

### QOS LATENCY METRICS (Informational - includes simulated generation) ###

  INTERACTIVE:
    Requests: 809
    Latency P95: 299459.94 ms
    Latency P99: 309773.74 ms
    SLA Met: [X] (compliance: 0.1%)

  RESPONSIVE:
    Requests: 53
    Latency P95: 18358.68 ms
    Latency P99: 31538.52 ms
    SLA Met: [X] (compliance: 7.5%)

  BATCH:
    Requests: 48
    Latency P95: 42397.97 ms
    Latency P99: 47465.07 ms
    SLA Met: [X] (compliance: 18.8%)

================================================================================
NOTES:
  - Pure storage I/O benchmark (no generation simulation)
================================================================================

================================================================================
BENCHMARK RESULTS - MLPerf KV Cache Storage Benchmark
Generation Mode: none (0.0ms/token)
================================================================================

IMPORTANT: All storage latencies below are measured per KV cache BLOCK,
not per token or per disk page.  Each block holds the full KV state for
one request (all layers, all heads, full sequence length).
  Model KV bytes/token: 131,072 bytes (128.0KiB)
  Entries in cache: 1098
  Block size min:   35.6MiB
  Block size mean:  473.5MiB
  Block size P95:   1155.1MiB
  Block size max:   2869.8MiB
  A 200MiB block at 1GiB/s NVMe read = ~200 ms device latency.
  Compare latencies against block sizes, not against 4KiB page I/O.


### OVERALL PERFORMANCE ###
Requests Completed: 1098
Total Tokens Generated: 160141
Throughput (wall-clock): 533.80 tokens/sec
Throughput (storage I/O): 379.32 tokens/sec
Requests/sec: 3.66

### END-TO-END LATENCY (Queue Wait + Storage I/O + Generation) ###
  Mean: 146294.56 ms
  P50:  149932.41 ms
  P95:  275563.48 ms
  P99:  289689.90 ms

### PER-REQUEST STORAGE LATENCY (All I/O ops for one request) ###
  Mean: 384.49 ms
  P50:  150.56 ms
  P95:  1084.66 ms
  P99:  2997.01 ms
  (= 1 prefill write + N decode reads per request)

### STORAGE PERFORMANCE ###
  Cache Hit Rate: 90.2%
  Total Read: 3238.58GiB
  Total Write: 507.76GiB
  Read/Write Ratio: 6.38
  Storage KV Read Operations/sec: 20.67
  Storage KV Write Operations/sec: 3.66

### CACHE TIER DISTRIBUTION ###
  GPU Entries: 0 (0.00GiB)
  CPU Entries: 6 (1.50GiB)
  Storage Entries: 1092

### TIER-SPECIFIC KV BYTES ###
  CPU KV Bytes Written: 498.24GiB
  CPU KV Bytes Read: 3650.64GiB
  Storage KV Bytes Written: 498.39GiB
  Storage KV Bytes Read: 76.80GiB

### STORAGE KV BANDWIDTH ###
  CPU KV Read Bandwidth: 12.17GiB/s
  CPU KV Write Bandwidth: 1.66GiB/s
  Storage KV Read Bandwidth: 0.26GiB/s
  Storage KV Write Bandwidth: 1.66GiB/s

### TIER-SPECIFIC LATENCIES (Total = Host + Device) ###
  CPU Read P95 (Total): 90.00 ms
  CPU Write P95 (Total): 96.11 ms
  Storage Read P95 (Total): 1614.78 ms
  Storage Write P95 (Total): 1835.96 ms

### STORAGE TIER LATENCY BREAKDOWN (Device = Disk I/O, Host = Serialization) ###
  Storage Read:
    - Device P95 (Disk I/O): 1400.89 ms
    - Host P95 (Serialization): 200.76 ms
    - Total P95: 1614.78 ms
  Storage Write:
    - Device P95 (Disk I/O): 0.02 ms
    - Host P95 (Serialization): 1835.94 ms
    - Total P95: 1835.96 ms

### CACHE TYPE BREAKDOWNS ###
  System Prompt Hits: 1247
  Common Phrase Hits: 0
  User Cache Hits: 4920
  Multi-turn Hits: 33

### PREFIX CACHING ###
  Prefix Hits: 208
  Prefix Misses: 890
  System Prompt Reuse: 208
  Bytes Saved: 0.17GiB

### MULTI-TURN CONVERSATIONS ###
  Multi-turn Cache Hits: 33
  Multi-turn Cache Misses: 467
  Multi-turn Hit Rate: 6.6%

### QOS LATENCY METRICS (Informational - includes simulated generation) ###

  INTERACTIVE:
    Requests: 993
    Latency P95: 276004.58 ms
    Latency P99: 288509.12 ms
    SLA Met: [X] (compliance: 0.0%)

  RESPONSIVE:
    Requests: 35
    Latency P95: 81120.50 ms
    Latency P99: 246455.69 ms
    SLA Met: [X] (compliance: 2.9%)

  BATCH:
    Requests: 70
    Latency P95: 169392.61 ms
    Latency P99: 331211.78 ms
    SLA Met: [X] (compliance: 20.0%)

================================================================================
NOTES:
  - Pure storage I/O benchmark (no generation simulation)
================================================================================

================================================================================
BENCHMARK RESULTS - MLPerf KV Cache Storage Benchmark
Generation Mode: none (0.0ms/token)
================================================================================

IMPORTANT: All storage latencies below are measured per KV cache BLOCK,
not per token or per disk page.  Each block holds the full KV state for
one request (all layers, all heads, full sequence length).
  Model KV bytes/token: 131,072 bytes (128.0KiB)
  Entries in cache: 1073
  Block size min:   17.0MiB
  Block size mean:  495.3MiB
  Block size P95:   1681.0MiB
  Block size max:   2436.9MiB
  A 200MiB block at 1GiB/s NVMe read = ~200 ms device latency.
  Compare latencies against block sizes, not against 4KiB page I/O.


### OVERALL PERFORMANCE ###
Requests Completed: 1073
Total Tokens Generated: 149709
Throughput (wall-clock): 499.03 tokens/sec
Throughput (storage I/O): 468.20 tokens/sec
Requests/sec: 3.58

### END-TO-END LATENCY (Queue Wait + Storage I/O + Generation) ###
  Mean: 153364.82 ms
  P50:  156589.27 ms
  P95:  288041.87 ms
  P99:  303566.47 ms

### PER-REQUEST STORAGE LATENCY (All I/O ops for one request) ###
  Mean: 298.00 ms
  P50:  114.27 ms
  P95:  1069.59 ms
  P99:  1819.41 ms
  (= 1 prefill write + N decode reads per request)

### STORAGE PERFORMANCE ###
  Cache Hit Rate: 90.0%
  Total Read: 2405.54GiB
  Total Write: 523.85GiB
  Read/Write Ratio: 4.59
  Storage KV Read Operations/sec: 17.97
  Storage KV Write Operations/sec: 3.59

### CACHE TIER DISTRIBUTION ###
  GPU Entries: 0 (0.00GiB)
  CPU Entries: 1 (2.82GiB)
  Storage Entries: 1072

### TIER-SPECIFIC KV BYTES ###
  CPU KV Bytes Written: 470.34GiB
  CPU KV Bytes Read: 2851.45GiB
  Storage KV Bytes Written: 517.38GiB
  Storage KV Bytes Read: 22.85GiB

### STORAGE KV BANDWIDTH ###
  CPU KV Read Bandwidth: 9.50GiB/s
  CPU KV Write Bandwidth: 1.57GiB/s
  Storage KV Read Bandwidth: 0.08GiB/s
  Storage KV Write Bandwidth: 1.72GiB/s

### TIER-SPECIFIC LATENCIES (Total = Host + Device) ###
  CPU Read P95 (Total): 92.93 ms
  CPU Write P95 (Total): 123.16 ms
  Storage Read P95 (Total): 1535.63 ms
  Storage Write P95 (Total): 1946.61 ms

### STORAGE TIER LATENCY BREAKDOWN (Device = Disk I/O, Host = Serialization) ###
  Storage Read:
    - Device P95 (Disk I/O): 1350.45 ms
    - Host P95 (Serialization): 196.16 ms
    - Total P95: 1535.63 ms
  Storage Write:
    - Device P95 (Disk I/O): 0.08 ms
    - Host P95 (Serialization): 1946.59 ms
    - Total P95: 1946.61 ms

### CACHE TYPE BREAKDOWNS ###
  System Prompt Hits: 984
  Common Phrase Hits: 0
  User Cache Hits: 4361
  Multi-turn Hits: 45

### PREFIX CACHING ###
  Prefix Hits: 194
  Prefix Misses: 882
  System Prompt Reuse: 194
  Bytes Saved: 0.16GiB

### MULTI-TURN CONVERSATIONS ###
  Multi-turn Cache Hits: 45
  Multi-turn Cache Misses: 407
  Multi-turn Hit Rate: 10.0%

### QOS LATENCY METRICS (Informational - includes simulated generation) ###

  INTERACTIVE:
    Requests: 976
    Latency P95: 289620.69 ms
    Latency P99: 304836.49 ms
    SLA Met: [X] (compliance: 0.0%)

  RESPONSIVE:
    Requests: 40
    Latency P95: 32392.67 ms
    Latency P99: 47648.42 ms
    SLA Met: [X] (compliance: 5.0%)

  BATCH:
    Requests: 57
    Latency P95: 30448.07 ms
    Latency P99: 32060.95 ms
    SLA Met: [X] (compliance: 15.8%)

================================================================================
NOTES:
  - Pure storage I/O benchmark (no generation simulation)
================================================================================

================================================================================
BENCHMARK RESULTS - MLPerf KV Cache Storage Benchmark
Generation Mode: none (0.0ms/token)
================================================================================

IMPORTANT: All storage latencies below are measured per KV cache BLOCK,
not per token or per disk page.  Each block holds the full KV state for
one request (all layers, all heads, full sequence length).
  Model KV bytes/token: 131,072 bytes (128.0KiB)
  Entries in cache: 1107
  Block size min:   38.9MiB
  Block size mean:  484.5MiB
  Block size P95:   1388.8MiB
  Block size max:   2741.4MiB
  A 200MiB block at 1GiB/s NVMe read = ~200 ms device latency.
  Compare latencies against block sizes, not against 4KiB page I/O.


### OVERALL PERFORMANCE ###
Requests Completed: 1107
Total Tokens Generated: 140068
Throughput (wall-clock): 466.89 tokens/sec
Throughput (storage I/O): 453.09 tokens/sec
Requests/sec: 3.69

### END-TO-END LATENCY (Queue Wait + Storage I/O + Generation) ###
  Mean: 148994.40 ms
  P50:  153917.16 ms
  P95:  289717.58 ms
  P99:  304431.24 ms

### PER-REQUEST STORAGE LATENCY (All I/O ops for one request) ###
  Mean: 279.26 ms
  P50:  143.53 ms
  P95:  907.28 ms
  P99:  1872.49 ms
  (= 1 prefill write + N decode reads per request)

### STORAGE PERFORMANCE ###
  Cache Hit Rate: 84.5%
  Total Read: 2546.92GiB
  Total Write: 531.24GiB
  Read/Write Ratio: 4.79
  Storage KV Read Operations/sec: 18.46
  Storage KV Write Operations/sec: 3.70

### CACHE TIER DISTRIBUTION ###
  GPU Entries: 0 (0.00GiB)
  CPU Entries: 5 (1.86GiB)
  Storage Entries: 1101

### TIER-SPECIFIC KV BYTES ###
  CPU KV Bytes Written: 488.77GiB
  CPU KV Bytes Read: 3007.38GiB
  Storage KV Bytes Written: 511.91GiB
  Storage KV Bytes Read: 18.42GiB

### STORAGE KV BANDWIDTH ###
  CPU KV Read Bandwidth: 10.02GiB/s
  CPU KV Write Bandwidth: 1.63GiB/s
  Storage KV Read Bandwidth: 0.06GiB/s
  Storage KV Write Bandwidth: 1.71GiB/s

### TIER-SPECIFIC LATENCIES (Total = Host + Device) ###
  CPU Read P95 (Total): 88.85 ms
  CPU Write P95 (Total): 106.64 ms
  Storage Read P95 (Total): 1125.77 ms
  Storage Write P95 (Total): 2031.62 ms

### STORAGE TIER LATENCY BREAKDOWN (Device = Disk I/O, Host = Serialization) ###
  Storage Read:
    - Device P95 (Disk I/O): 962.57 ms
    - Host P95 (Serialization): 192.10 ms
    - Total P95: 1125.77 ms
  Storage Write:
    - Device P95 (Disk I/O): 1.15 ms
    - Host P95 (Serialization): 2031.05 ms
    - Total P95: 2031.62 ms

### CACHE TYPE BREAKDOWNS ###
  System Prompt Hits: 1213
  Common Phrase Hits: 0
  User Cache Hits: 4237
  Multi-turn Hits: 88

### PREFIX CACHING ###
  Prefix Hits: 244
  Prefix Misses: 866
  System Prompt Reuse: 244
  Bytes Saved: 0.20GiB

### MULTI-TURN CONVERSATIONS ###
  Multi-turn Cache Hits: 88
  Multi-turn Cache Misses: 768
  Multi-turn Hit Rate: 10.3%

### QOS LATENCY METRICS (Informational - includes simulated generation) ###

  INTERACTIVE:
    Requests: 1003
    Latency P95: 291867.94 ms
    Latency P99: 307109.37 ms
    SLA Met: [X] (compliance: 0.0%)

  RESPONSIVE:
    Requests: 35
    Latency P95: 17152.83 ms
    Latency P99: 85072.48 ms
    SLA Met: [X] (compliance: 2.9%)

  BATCH:
    Requests: 69
    Latency P95: 34088.20 ms
    Latency P99: 66413.49 ms
    SLA Met: [X] (compliance: 21.7%)

================================================================================
NOTES:
  - Pure storage I/O benchmark (no generation simulation)
================================================================================
KV Cache Wrapper - End delay for 90 seconds

================================================================================
BENCHMARK RESULTS - MLPerf KV Cache Storage Benchmark
Generation Mode: none (0.0ms/token)
================================================================================

IMPORTANT: All storage latencies below are measured per KV cache BLOCK,
not per token or per disk page.  Each block holds the full KV state for
one request (all layers, all heads, full sequence length).
  Model KV bytes/token: 131,072 bytes (128.0KiB)
  Entries in cache: 1284
  Block size min:   23.8MiB
  Block size mean:  397.0MiB
  Block size P95:   1294.2MiB
  Block size max:   2039.5MiB
  A 200MiB block at 1GiB/s NVMe read = ~200 ms device latency.
  Compare latencies against block sizes, not against 4KiB page I/O.


### OVERALL PERFORMANCE ###
Requests Completed: 1284
Total Tokens Generated: 162440
Throughput (wall-clock): 541.47 tokens/sec
Throughput (storage I/O): 391.55 tokens/sec
Requests/sec: 4.28

### END-TO-END LATENCY (Queue Wait + Storage I/O + Generation) ###
  Mean: 144566.02 ms
  P50:  142999.93 ms
  P95:  289894.16 ms
  P99:  300479.07 ms

### PER-REQUEST STORAGE LATENCY (All I/O ops for one request) ###
  Mean: 323.10 ms
  P50:  96.48 ms
  P95:  1024.21 ms
  P99:  3125.60 ms
  (= 1 prefill write + N decode reads per request)

### STORAGE PERFORMANCE ###
  Cache Hit Rate: 87.9%
  Total Read: 2885.56GiB
  Total Write: 501.17GiB
  Read/Write Ratio: 5.76
  Storage KV Read Operations/sec: 21.52
  Storage KV Write Operations/sec: 4.29

### CACHE TIER DISTRIBUTION ###
  GPU Entries: 0 (0.00GiB)
  CPU Entries: 2 (3.04GiB)
  Storage Entries: 1282

### TIER-SPECIFIC KV BYTES ###
  CPU KV Bytes Written: 495.79GiB
  CPU KV Bytes Read: 3277.38GiB
  Storage KV Bytes Written: 494.74GiB
  Storage KV Bytes Read: 100.93GiB

### STORAGE KV BANDWIDTH ###
  CPU KV Read Bandwidth: 10.92GiB/s
  CPU KV Write Bandwidth: 1.65GiB/s
  Storage KV Read Bandwidth: 0.34GiB/s
  Storage KV Write Bandwidth: 1.65GiB/s

### TIER-SPECIFIC LATENCIES (Total = Host + Device) ###
  CPU Read P95 (Total): 93.16 ms
  CPU Write P95 (Total): 111.67 ms
  Storage Read P95 (Total): 1524.66 ms
  Storage Write P95 (Total): 1340.42 ms

### STORAGE TIER LATENCY BREAKDOWN (Device = Disk I/O, Host = Serialization) ###
  Storage Read:
    - Device P95 (Disk I/O): 1338.78 ms
    - Host P95 (Serialization): 199.31 ms
    - Total P95: 1524.66 ms
  Storage Write:
    - Device P95 (Disk I/O): 0.02 ms
    - Host P95 (Serialization): 1340.41 ms
    - Total P95: 1340.42 ms

### CACHE TYPE BREAKDOWNS ###
  System Prompt Hits: 1231
  Common Phrase Hits: 0
  User Cache Hits: 5118
  Multi-turn Hits: 106

### PREFIX CACHING ###
  Prefix Hits: 256
  Prefix Misses: 1030
  System Prompt Reuse: 256
  Bytes Saved: 0.21GiB

### MULTI-TURN CONVERSATIONS ###
  Multi-turn Cache Hits: 106
  Multi-turn Cache Misses: 635
  Multi-turn Hit Rate: 14.3%

### QOS LATENCY METRICS (Informational - includes simulated generation) ###

  INTERACTIVE:
    Requests: 1188
    Latency P95: 290345.10 ms
    Latency P99: 300463.73 ms
    SLA Met: [X] (compliance: 0.0%)

  RESPONSIVE:
    Requests: 31
    Latency P95: 18878.67 ms
    Latency P99: 31055.95 ms
    SLA Met: [X] (compliance: 6.5%)

  BATCH:
    Requests: 65
    Latency P95: 93716.44 ms
    Latency P99: 172065.08 ms
    SLA Met: [X] (compliance: 26.2%)

================================================================================
NOTES:
  - Pure storage I/O benchmark (no generation simulation)
================================================================================
KV Cache Wrapper - End delay for 90 seconds
KV Cache Wrapper - End delay for 90 seconds
KV Cache Wrapper - End delay for 90 seconds

================================================================================
BENCHMARK RESULTS - MLPerf KV Cache Storage Benchmark
Generation Mode: none (0.0ms/token)
================================================================================

IMPORTANT: All storage latencies below are measured per KV cache BLOCK,
not per token or per disk page.  Each block holds the full KV state for
one request (all layers, all heads, full sequence length).
  Model KV bytes/token: 131,072 bytes (128.0KiB)
  Entries in cache: 1140
  Block size min:   28.1MiB
  Block size mean:  470.4MiB
  Block size P95:   1157.6MiB
  Block size max:   1772.0MiB
  A 200MiB block at 1GiB/s NVMe read = ~200 ms device latency.
  Compare latencies against block sizes, not against 4KiB page I/O.


### OVERALL PERFORMANCE ###
Requests Completed: 1140
Total Tokens Generated: 221515
Throughput (wall-clock): 738.38 tokens/sec
Throughput (storage I/O): 349.13 tokens/sec
Requests/sec: 3.80

### END-TO-END LATENCY (Queue Wait + Storage I/O + Generation) ###
  Mean: 132735.34 ms
  P50:  135233.79 ms
  P95:  257261.01 ms
  P99:  271411.83 ms

### PER-REQUEST STORAGE LATENCY (All I/O ops for one request) ###
  Mean: 556.56 ms
  P50:  251.94 ms
  P95:  1427.00 ms
  P99:  7720.83 ms
  (= 1 prefill write + N decode reads per request)

### STORAGE PERFORMANCE ###
  Cache Hit Rate: 87.6%
  Total Read: 4437.11GiB
  Total Write: 527.34GiB
  Read/Write Ratio: 8.41
  Storage KV Read Operations/sec: 28.01
  Storage KV Write Operations/sec: 3.81

### CACHE TIER DISTRIBUTION ###
  GPU Entries: 0 (0.00GiB)
  CPU Entries: 1 (2.47GiB)
  Storage Entries: 1139

### TIER-SPECIFIC KV BYTES ###
  CPU KV Bytes Written: 523.63GiB
  CPU KV Bytes Read: 4787.44GiB
  Storage KV Bytes Written: 522.36GiB
  Storage KV Bytes Read: 172.02GiB

### STORAGE KV BANDWIDTH ###
  CPU KV Read Bandwidth: 15.96GiB/s
  CPU KV Write Bandwidth: 1.75GiB/s
  Storage KV Read Bandwidth: 0.57GiB/s
  Storage KV Write Bandwidth: 1.74GiB/s

### TIER-SPECIFIC LATENCIES (Total = Host + Device) ###
  CPU Read P95 (Total): 94.11 ms
  CPU Write P95 (Total): 99.61 ms
  Storage Read P95 (Total): 1564.76 ms

### STORAGE TIER LATENCY BREAKDOWN (Device = Disk I/O, Host = Serialization) ###
  Storage Read:
    - Device P95 (Disk I/O): 1360.61 ms
    - Host P95 (Serialization): 208.62 ms
    - Total P95: 1564.76 ms

### CACHE TYPE BREAKDOWNS ###
  System Prompt Hits: 1970
  Common Phrase Hits: 0
  User Cache Hits: 6399
  Multi-turn Hits: 35

### PREFIX CACHING ###
  Prefix Hits: 268
  Prefix Misses: 874
  System Prompt Reuse: 268
  Bytes Saved: 0.22GiB

### MULTI-TURN CONVERSATIONS ###
  Multi-turn Cache Hits: 35
  Multi-turn Cache Misses: 922
  Multi-turn Hit Rate: 3.7%

### QOS LATENCY METRICS (Informational - includes simulated generation) ###

  INTERACTIVE:
    Requests: 1033
    Latency P95: 259515.13 ms
    Latency P99: 272738.19 ms
    SLA Met: [X] (compliance: 0.0%)

  RESPONSIVE:
    Requests: 46
    Latency P95: 14093.36 ms
    Latency P99: 61599.65 ms
    SLA Met: [X] (compliance: 0.0%)

  BATCH:
    Requests: 61
    Latency P95: 95446.70 ms
    Latency P99: 103262.50 ms
    SLA Met: [X] (compliance: 19.7%)

================================================================================
NOTES:
  - Pure storage I/O benchmark (no generation simulation)
================================================================================
KV Cache Wrapper - End delay for 90 seconds
KV Cache Wrapper - End delay for 90 seconds

================================================================================
BENCHMARK RESULTS - MLPerf KV Cache Storage Benchmark
Generation Mode: none (0.0ms/token)
================================================================================

IMPORTANT: All storage latencies below are measured per KV cache BLOCK,
not per token or per disk page.  Each block holds the full KV state for
one request (all layers, all heads, full sequence length).
  Model KV bytes/token: 131,072 bytes (128.0KiB)
  Entries in cache: 1100
  Block size min:   31.1MiB
  Block size mean:  482.0MiB
  Block size P95:   1527.8MiB
  Block size max:   2348.2MiB
  A 200MiB block at 1GiB/s NVMe read = ~200 ms device latency.
  Compare latencies against block sizes, not against 4KiB page I/O.


### OVERALL PERFORMANCE ###
Requests Completed: 1099
Total Tokens Generated: 175906
Throughput (wall-clock): 586.35 tokens/sec
Throughput (storage I/O): 409.98 tokens/sec
Requests/sec: 3.66

### END-TO-END LATENCY (Queue Wait + Storage I/O + Generation) ###
  Mean: 145666.41 ms
  P50:  145568.12 ms
  P95:  292136.41 ms
  P99:  306081.30 ms

### PER-REQUEST STORAGE LATENCY (All I/O ops for one request) ###
  Mean: 390.41 ms
  P50:  134.04 ms
  P95:  1065.44 ms
  P99:  3516.40 ms
  (= 1 prefill write + N decode reads per request)

### STORAGE PERFORMANCE ###
  Cache Hit Rate: 88.7%
  Total Read: 3024.79GiB
  Total Write: 517.81GiB
  Read/Write Ratio: 5.84
  Storage KV Read Operations/sec: 21.54
  Storage KV Write Operations/sec: 3.67

### CACHE TIER DISTRIBUTION ###
  GPU Entries: 0 (0.00GiB)
  CPU Entries: 9 (1.93GiB)
  Storage Entries: 1091

### TIER-SPECIFIC KV BYTES ###
  CPU KV Bytes Written: 502.45GiB
  CPU KV Bytes Read: 3403.23GiB
  Storage KV Bytes Written: 500.99GiB
  Storage KV Bytes Read: 107.19GiB

### STORAGE KV BANDWIDTH ###
  CPU KV Read Bandwidth: 11.34GiB/s
  CPU KV Write Bandwidth: 1.67GiB/s
  Storage KV Read Bandwidth: 0.36GiB/s
  Storage KV Write Bandwidth: 1.67GiB/s

### TIER-SPECIFIC LATENCIES (Total = Host + Device) ###
  CPU Read P95 (Total): 90.15 ms
  CPU Write P95 (Total): 122.01 ms
  Storage Read P95 (Total): 1507.00 ms
  Storage Write P95 (Total): 1399.09 ms

### STORAGE TIER LATENCY BREAKDOWN (Device = Disk I/O, Host = Serialization) ###
  Storage Read:
    - Device P95 (Disk I/O): 1321.28 ms
    - Host P95 (Serialization): 194.05 ms
    - Total P95: 1507.00 ms
  Storage Write:
    - Device P95 (Disk I/O): 0.02 ms
    - Host P95 (Serialization): 1399.08 ms
    - Total P95: 1399.09 ms

### CACHE TYPE BREAKDOWNS ###
  System Prompt Hits: 1273
  Common Phrase Hits: 0
  User Cache Hits: 5105
  Multi-turn Hits: 84

### PREFIX CACHING ###
  Prefix Hits: 222
  Prefix Misses: 878
  System Prompt Reuse: 222
  Bytes Saved: 0.18GiB

### MULTI-TURN CONVERSATIONS ###
  Multi-turn Cache Hits: 84
  Multi-turn Cache Misses: 601
  Multi-turn Hit Rate: 12.3%

### QOS LATENCY METRICS (Informational - includes simulated generation) ###

  INTERACTIVE:
    Requests: 997
    Latency P95: 293271.49 ms
    Latency P99: 307650.17 ms
    SLA Met: [X] (compliance: 0.0%)

  RESPONSIVE:
    Requests: 44
    Latency P95: 15651.69 ms
    Latency P99: 75753.50 ms
    SLA Met: [X] (compliance: 4.5%)

  BATCH:
    Requests: 58
    Latency P95: 56723.76 ms
    Latency P99: 98922.14 ms
    SLA Met: [X] (compliance: 25.9%)

================================================================================
NOTES:
  - Pure storage I/O benchmark (no generation simulation)
================================================================================

================================================================================
BENCHMARK RESULTS - MLPerf KV Cache Storage Benchmark
Generation Mode: none (0.0ms/token)
================================================================================

IMPORTANT: All storage latencies below are measured per KV cache BLOCK,
not per token or per disk page.  Each block holds the full KV state for
one request (all layers, all heads, full sequence length).
  Model KV bytes/token: 131,072 bytes (128.0KiB)
  Entries in cache: 1347
  Block size min:   17.2MiB
  Block size mean:  373.6MiB
  Block size P95:   1442.6MiB
  Block size max:   2915.4MiB
  A 200MiB block at 1GiB/s NVMe read = ~200 ms device latency.
  Compare latencies against block sizes, not against 4KiB page I/O.


### OVERALL PERFORMANCE ###
Requests Completed: 1347
Total Tokens Generated: 138377
Throughput (wall-clock): 461.26 tokens/sec
Throughput (storage I/O): 550.12 tokens/sec
Requests/sec: 4.49

### END-TO-END LATENCY (Queue Wait + Storage I/O + Generation) ###
  Mean: 141921.51 ms
  P50:  142611.78 ms
  P95:  283127.55 ms
  P99:  299251.84 ms

### PER-REQUEST STORAGE LATENCY (All I/O ops for one request) ###
  Mean: 186.74 ms
  P50:  81.27 ms
  P95:  742.95 ms
  P99:  1348.57 ms
  (= 1 prefill write + N decode reads per request)

### STORAGE PERFORMANCE ###
  Cache Hit Rate: 86.2%
  Total Read: 2021.77GiB
  Total Write: 506.08GiB
  Read/Write Ratio: 3.99
  Storage KV Read Operations/sec: 18.40
  Storage KV Write Operations/sec: 4.51

### CACHE TIER DISTRIBUTION ###
  GPU Entries: 0 (0.00GiB)
  CPU Entries: 53 (2.38GiB)
  Storage Entries: 1294

### TIER-SPECIFIC KV BYTES ###
  CPU KV Bytes Written: 481.32GiB
  CPU KV Bytes Read: 2455.85GiB
  Storage KV Bytes Written: 455.73GiB
  Storage KV Bytes Read: 11.56GiB

### STORAGE KV BANDWIDTH ###
  CPU KV Read Bandwidth: 8.19GiB/s
  CPU KV Write Bandwidth: 1.60GiB/s
  Storage KV Read Bandwidth: 0.04GiB/s
  Storage KV Write Bandwidth: 1.52GiB/s

### TIER-SPECIFIC LATENCIES (Total = Host + Device) ###
  CPU Read P95 (Total): 90.19 ms
  CPU Write P95 (Total): 118.47 ms
  Storage Read P95 (Total): 1273.24 ms
  Storage Write P95 (Total): 1605.00 ms

### STORAGE TIER LATENCY BREAKDOWN (Device = Disk I/O, Host = Serialization) ###
  Storage Read:
    - Device P95 (Disk I/O): 1124.82 ms
    - Host P95 (Serialization): 171.65 ms
    - Total P95: 1273.24 ms
  Storage Write:
    - Device P95 (Disk I/O): 0.02 ms
    - Host P95 (Serialization): 1604.98 ms
    - Total P95: 1605.00 ms

### CACHE TYPE BREAKDOWNS ###
  System Prompt Hits: 1026
  Common Phrase Hits: 0
  User Cache Hits: 4435
  Multi-turn Hits: 59

### PREFIX CACHING ###
  Prefix Hits: 260
  Prefix Misses: 1093
  System Prompt Reuse: 260
  Bytes Saved: 0.21GiB

### MULTI-TURN CONVERSATIONS ###
  Multi-turn Cache Hits: 59
  Multi-turn Cache Misses: 626
  Multi-turn Hit Rate: 8.6%

### QOS LATENCY METRICS (Informational - includes simulated generation) ###

  INTERACTIVE:
    Requests: 1256
    Latency P95: 284326.04 ms
    Latency P99: 299326.23 ms
    SLA Met: [X] (compliance: 0.2%)

  RESPONSIVE:
    Requests: 40
    Latency P95: 39846.23 ms
    Latency P99: 123833.19 ms
    SLA Met: [X] (compliance: 2.5%)

  BATCH:
    Requests: 51
    Latency P95: 28461.70 ms
    Latency P99: 34187.02 ms
    SLA Met: [X] (compliance: 25.5%)

================================================================================
NOTES:
  - Pure storage I/O benchmark (no generation simulation)
================================================================================
KV Cache Wrapper - End delay for 90 seconds

================================================================================
BENCHMARK RESULTS - MLPerf KV Cache Storage Benchmark
Generation Mode: none (0.0ms/token)
================================================================================

IMPORTANT: All storage latencies below are measured per KV cache BLOCK,
not per token or per disk page.  Each block holds the full KV state for
one request (all layers, all heads, full sequence length).
  Model KV bytes/token: 131,072 bytes (128.0KiB)
  Entries in cache: 1029
  Block size min:   17.5MiB
  Block size mean:  520.2MiB
  Block size P95:   1499.8MiB
  Block size max:   2981.6MiB
  A 200MiB block at 1GiB/s NVMe read = ~200 ms device latency.
  Compare latencies against block sizes, not against 4KiB page I/O.


### OVERALL PERFORMANCE ###
Requests Completed: 1029
Total Tokens Generated: 187598
Throughput (wall-clock): 625.33 tokens/sec
Throughput (storage I/O): 447.82 tokens/sec
Requests/sec: 3.43

### END-TO-END LATENCY (Queue Wait + Storage I/O + Generation) ###
  Mean: 152696.55 ms
  P50:  154117.77 ms
  P95:  302388.74 ms
  P99:  315723.59 ms

### PER-REQUEST STORAGE LATENCY (All I/O ops for one request) ###
  Mean: 407.11 ms
  P50:  218.20 ms
  P95:  1108.10 ms
  P99:  3206.81 ms
  (= 1 prefill write + N decode reads per request)

### STORAGE PERFORMANCE ###
  Cache Hit Rate: 92.9%
  Total Read: 3356.77GiB
  Total Write: 529.45GiB
  Read/Write Ratio: 6.34
  Storage KV Read Operations/sec: 22.38
  Storage KV Write Operations/sec: 3.44

### CACHE TIER DISTRIBUTION ###
  GPU Entries: 0 (0.00GiB)
  CPU Entries: 54 (3.17GiB)
  Storage Entries: 975

### TIER-SPECIFIC KV BYTES ###
  CPU KV Bytes Written: 516.03GiB
  CPU KV Bytes Read: 3779.49GiB
  Storage KV Bytes Written: 488.48GiB
  Storage KV Bytes Read: 59.09GiB

### STORAGE KV BANDWIDTH ###
  CPU KV Read Bandwidth: 12.60GiB/s
  CPU KV Write Bandwidth: 1.72GiB/s
  Storage KV Read Bandwidth: 0.20GiB/s
  Storage KV Write Bandwidth: 1.63GiB/s

### TIER-SPECIFIC LATENCIES (Total = Host + Device) ###
  CPU Read P95 (Total): 90.16 ms
  CPU Write P95 (Total): 128.80 ms
  Storage Read P95 (Total): 1510.71 ms
  Storage Write P95 (Total): 1699.44 ms

### STORAGE TIER LATENCY BREAKDOWN (Device = Disk I/O, Host = Serialization) ###
  Storage Read:
    - Device P95 (Disk I/O): 1298.52 ms
    - Host P95 (Serialization): 200.43 ms
    - Total P95: 1510.71 ms
  Storage Write:
    - Device P95 (Disk I/O): 0.02 ms
    - Host P95 (Serialization): 1699.43 ms
    - Total P95: 1699.44 ms

### CACHE TYPE BREAKDOWNS ###
  System Prompt Hits: 1339
  Common Phrase Hits: 0
  User Cache Hits: 5326
  Multi-turn Hits: 48

### PREFIX CACHING ###
  Prefix Hits: 208
  Prefix Misses: 824
  System Prompt Reuse: 208
  Bytes Saved: 0.17GiB

### MULTI-TURN CONVERSATIONS ###
  Multi-turn Cache Hits: 48
  Multi-turn Cache Misses: 306
  Multi-turn Hit Rate: 13.6%

### QOS LATENCY METRICS (Informational - includes simulated generation) ###

  INTERACTIVE:
    Requests: 933
    Latency P95: 304373.03 ms
    Latency P99: 315800.39 ms
    SLA Met: [X] (compliance: 0.1%)

  RESPONSIVE:
    Requests: 39
    Latency P95: 47607.07 ms
    Latency P99: 120792.27 ms
    SLA Met: [X] (compliance: 7.7%)

  BATCH:
    Requests: 57
    Latency P95: 57654.34 ms
    Latency P99: 139439.46 ms
    SLA Met: [X] (compliance: 26.3%)

================================================================================
NOTES:
  - Pure storage I/O benchmark (no generation simulation)
================================================================================
KV Cache Wrapper - End delay for 90 seconds

================================================================================
BENCHMARK RESULTS - MLPerf KV Cache Storage Benchmark
Generation Mode: none (0.0ms/token)
================================================================================

IMPORTANT: All storage latencies below are measured per KV cache BLOCK,
not per token or per disk page.  Each block holds the full KV state for
one request (all layers, all heads, full sequence length).
  Model KV bytes/token: 131,072 bytes (128.0KiB)
  Entries in cache: 964
  Block size min:   20.9MiB
  Block size mean:  544.4MiB
  Block size P95:   1337.7MiB
  Block size max:   1990.0MiB
  A 200MiB block at 1GiB/s NVMe read = ~200 ms device latency.
  Compare latencies against block sizes, not against 4KiB page I/O.


### OVERALL PERFORMANCE ###
Requests Completed: 964
Total Tokens Generated: 169536
Throughput (wall-clock): 565.12 tokens/sec
Throughput (storage I/O): 502.26 tokens/sec
Requests/sec: 3.21

### END-TO-END LATENCY (Queue Wait + Storage I/O + Generation) ###
  Mean: 145671.62 ms
  P50:  143827.47 ms
  P95:  291388.45 ms
  P99:  307033.29 ms

### PER-REQUEST STORAGE LATENCY (All I/O ops for one request) ###
  Mean: 350.15 ms
  P50:  238.96 ms
  P95:  934.63 ms
  P99:  1394.12 ms
  (= 1 prefill write + N decode reads per request)

### STORAGE PERFORMANCE ###
  Cache Hit Rate: 90.4%
  Total Read: 3131.24GiB
  Total Write: 515.43GiB
  Read/Write Ratio: 6.08
  Storage KV Read Operations/sec: 20.67
  Storage KV Write Operations/sec: 3.22

### CACHE TIER DISTRIBUTION ###
  GPU Entries: 0 (0.00GiB)
  CPU Entries: 2 (2.52GiB)
  Storage Entries: 962

### TIER-SPECIFIC KV BYTES ###
  CPU KV Bytes Written: 501.91GiB
  CPU KV Bytes Read: 3622.59GiB
  Storage KV Bytes Written: 509.96GiB
  Storage KV Bytes Read: 8.03GiB

### STORAGE KV BANDWIDTH ###
  CPU KV Read Bandwidth: 12.08GiB/s
  CPU KV Write Bandwidth: 1.67GiB/s
  Storage KV Read Bandwidth: 0.03GiB/s
  Storage KV Write Bandwidth: 1.70GiB/s

### TIER-SPECIFIC LATENCIES (Total = Host + Device) ###
  CPU Read P95 (Total): 89.58 ms
  CPU Write P95 (Total): 110.58 ms
  Storage Read P95 (Total): 1827.63 ms
  Storage Write P95 (Total): 1694.03 ms

### STORAGE TIER LATENCY BREAKDOWN (Device = Disk I/O, Host = Serialization) ###
  Storage Read:
    - Device P95 (Disk I/O): 1597.29 ms
    - Host P95 (Serialization): 230.34 ms
    - Total P95: 1827.63 ms
  Storage Write:
    - Device P95 (Disk I/O): 0.02 ms
    - Host P95 (Serialization): 1694.02 ms
    - Total P95: 1694.03 ms

### CACHE TYPE BREAKDOWNS ###
  System Prompt Hits: 1293
  Common Phrase Hits: 0
  User Cache Hits: 4880
  Multi-turn Hits: 29

### PREFIX CACHING ###
  Prefix Hits: 201
  Prefix Misses: 765
  System Prompt Reuse: 201
  Bytes Saved: 0.16GiB

### MULTI-TURN CONVERSATIONS ###
  Multi-turn Cache Hits: 29
  Multi-turn Cache Misses: 455
  Multi-turn Hit Rate: 6.0%

### QOS LATENCY METRICS (Informational - includes simulated generation) ###

  INTERACTIVE:
    Requests: 862
    Latency P95: 293097.58 ms
    Latency P99: 308880.88 ms
    SLA Met: [X] (compliance: 0.0%)

  RESPONSIVE:
    Requests: 36
    Latency P95: 18687.10 ms
    Latency P99: 26311.41 ms
    SLA Met: [X] (compliance: 2.8%)

  BATCH:
    Requests: 66
    Latency P95: 28053.32 ms
    Latency P99: 46646.81 ms
    SLA Met: [X] (compliance: 19.7%)

================================================================================
NOTES:
  - Pure storage I/O benchmark (no generation simulation)
================================================================================
KV Cache Wrapper - End delay for 90 seconds
KV Cache Wrapper - End delay for 90 seconds

================================================================================
BENCHMARK RESULTS - MLPerf KV Cache Storage Benchmark
Generation Mode: none (0.0ms/token)
================================================================================

IMPORTANT: All storage latencies below are measured per KV cache BLOCK,
not per token or per disk page.  Each block holds the full KV state for
one request (all layers, all heads, full sequence length).
  Model KV bytes/token: 131,072 bytes (128.0KiB)
  Entries in cache: 1040
  Block size min:   17.2MiB
  Block size mean:  511.5MiB
  Block size P95:   1878.8MiB
  Block size max:   2793.6MiB
  A 200MiB block at 1GiB/s NVMe read = ~200 ms device latency.
  Compare latencies against block sizes, not against 4KiB page I/O.


### OVERALL PERFORMANCE ###
Requests Completed: 1040
Total Tokens Generated: 132568
Throughput (wall-clock): 441.89 tokens/sec
Throughput (storage I/O): 503.11 tokens/sec
Requests/sec: 3.47

### END-TO-END LATENCY (Queue Wait + Storage I/O + Generation) ###
  Mean: 148189.13 ms
  P50:  143387.43 ms
  P95:  290606.14 ms
  P99:  308863.73 ms

### PER-REQUEST STORAGE LATENCY (All I/O ops for one request) ###
  Mean: 253.36 ms
  P50:  115.61 ms
  P95:  1003.33 ms
  P99:  1783.61 ms
  (= 1 prefill write + N decode reads per request)

### STORAGE PERFORMANCE ###
  Cache Hit Rate: 84.7%
  Total Read: 1769.41GiB
  Total Write: 533.69GiB
  Read/Write Ratio: 3.32
  Storage KV Read Operations/sec: 15.01
  Storage KV Write Operations/sec: 3.49

### CACHE TIER DISTRIBUTION ###
  GPU Entries: 0 (0.00GiB)
  CPU Entries: 41 (3.02GiB)
  Storage Entries: 999

### TIER-SPECIFIC KV BYTES ###
  CPU KV Bytes Written: 488.64GiB
  CPU KV Bytes Read: 2197.02GiB
  Storage KV Bytes Written: 485.08GiB
  Storage KV Bytes Read: 26.61GiB

### STORAGE KV BANDWIDTH ###
  CPU KV Read Bandwidth: 7.32GiB/s
  CPU KV Write Bandwidth: 1.63GiB/s
  Storage KV Read Bandwidth: 0.09GiB/s
  Storage KV Write Bandwidth: 1.62GiB/s

### TIER-SPECIFIC LATENCIES (Total = Host + Device) ###
  CPU Read P95 (Total): 89.66 ms
  CPU Write P95 (Total): 147.39 ms
  Storage Read P95 (Total): 1445.50 ms
  Storage Write P95 (Total): 2002.19 ms

### STORAGE TIER LATENCY BREAKDOWN (Device = Disk I/O, Host = Serialization) ###
  Storage Read:
    - Device P95 (Disk I/O): 1277.07 ms
    - Host P95 (Serialization): 164.39 ms
    - Total P95: 1445.50 ms
  Storage Write:
    - Device P95 (Disk I/O): 0.29 ms
    - Host P95 (Serialization): 2002.17 ms
    - Total P95: 2002.19 ms

### CACHE TYPE BREAKDOWNS ###
  System Prompt Hits: 756
  Common Phrase Hits: 0
  User Cache Hits: 3637
  Multi-turn Hits: 109

### PREFIX CACHING ###
  Prefix Hits: 193
  Prefix Misses: 853
  System Prompt Reuse: 193
  Bytes Saved: 0.16GiB

### MULTI-TURN CONVERSATIONS ###
  Multi-turn Cache Hits: 109
  Multi-turn Cache Misses: 618
  Multi-turn Hit Rate: 15.0%

### QOS LATENCY METRICS (Informational - includes simulated generation) ###

  INTERACTIVE:
    Requests: 941
    Latency P95: 292317.10 ms
    Latency P99: 309532.18 ms
    SLA Met: [X] (compliance: 0.1%)

  RESPONSIVE:
    Requests: 35
    Latency P95: 25102.27 ms
    Latency P99: 93067.50 ms
    SLA Met: [X] (compliance: 5.7%)

  BATCH:
    Requests: 64
    Latency P95: 34970.09 ms
    Latency P99: 56361.73 ms
    SLA Met: [X] (compliance: 25.0%)

================================================================================
NOTES:
  - Pure storage I/O benchmark (no generation simulation)
================================================================================

================================================================================
BENCHMARK RESULTS - MLPerf KV Cache Storage Benchmark
Generation Mode: none (0.0ms/token)
================================================================================

IMPORTANT: All storage latencies below are measured per KV cache BLOCK,
not per token or per disk page.  Each block holds the full KV state for
one request (all layers, all heads, full sequence length).
  Model KV bytes/token: 131,072 bytes (128.0KiB)
  Entries in cache: 1037
  Block size min:   22.1MiB
  Block size mean:  617.5MiB
  Block size P95:   2103.3MiB
  Block size max:   2994.8MiB
  A 200MiB block at 1GiB/s NVMe read = ~200 ms device latency.
  Compare latencies against block sizes, not against 4KiB page I/O.


### OVERALL PERFORMANCE ###
Requests Completed: 1037
Total Tokens Generated: 162839
Throughput (wall-clock): 542.80 tokens/sec
Throughput (storage I/O): 442.63 tokens/sec
Requests/sec: 3.46

### END-TO-END LATENCY (Queue Wait + Storage I/O + Generation) ###
  Mean: 158401.63 ms
  P50:  171754.56 ms
  P95:  307486.45 ms
  P99:  326348.36 ms

### PER-REQUEST STORAGE LATENCY (All I/O ops for one request) ###
  Mean: 354.76 ms
  P50:  138.64 ms
  P95:  1490.30 ms
  P99:  2166.29 ms
  (= 1 prefill write + N decode reads per request)

### STORAGE PERFORMANCE ###
  Cache Hit Rate: 88.5%
  Total Read: 2240.77GiB
  Total Write: 625.38GiB
  Read/Write Ratio: 3.58
  Storage KV Read Operations/sec: 17.42
  Storage KV Write Operations/sec: 3.46

### CACHE TIER DISTRIBUTION ###
  GPU Entries: 0 (0.00GiB)
  CPU Entries: 2 (3.19GiB)
  Storage Entries: 1035

### TIER-SPECIFIC KV BYTES ###
  CPU KV Bytes Written: 481.27GiB
  CPU KV Bytes Read: 2703.10GiB
  Storage KV Bytes Written: 622.19GiB
  Storage KV Bytes Read: 15.74GiB

### STORAGE KV BANDWIDTH ###
  CPU KV Read Bandwidth: 9.01GiB/s
  CPU KV Write Bandwidth: 1.60GiB/s
  Storage KV Read Bandwidth: 0.05GiB/s
  Storage KV Write Bandwidth: 2.07GiB/s

### TIER-SPECIFIC LATENCIES (Total = Host + Device) ###
  CPU Read P95 (Total): 87.70 ms
  CPU Write P95 (Total): 136.64 ms
  Storage Read P95 (Total): 1611.85 ms
  Storage Write P95 (Total): 2360.08 ms

### STORAGE TIER LATENCY BREAKDOWN (Device = Disk I/O, Host = Serialization) ###
  Storage Read:
    - Device P95 (Disk I/O): 1429.02 ms
    - Host P95 (Serialization): 152.80 ms
    - Total P95: 1611.85 ms
  Storage Write:
    - Device P95 (Disk I/O): 0.03 ms
    - Host P95 (Serialization): 2360.06 ms
    - Total P95: 2360.08 ms

### CACHE TYPE BREAKDOWNS ###
  System Prompt Hits: 1083
  Common Phrase Hits: 0
  User Cache Hits: 4077
  Multi-turn Hits: 67

### PREFIX CACHING ###
  Prefix Hits: 218
  Prefix Misses: 819
  System Prompt Reuse: 218
  Bytes Saved: 0.18GiB

### MULTI-TURN CONVERSATIONS ###
  Multi-turn Cache Hits: 67
  Multi-turn Cache Misses: 461
  Multi-turn Hit Rate: 12.7%

### QOS LATENCY METRICS (Informational - includes simulated generation) ###

  INTERACTIVE:
    Requests: 946
    Latency P95: 308728.05 ms
    Latency P99: 326409.91 ms
    SLA Met: [X] (compliance: 0.1%)

  RESPONSIVE:
    Requests: 49
    Latency P95: 42019.42 ms
    Latency P99: 56382.67 ms
    SLA Met: [X] (compliance: 0.0%)

  BATCH:
    Requests: 42
    Latency P95: 40946.80 ms
    Latency P99: 66068.40 ms
    SLA Met: [X] (compliance: 33.3%)

================================================================================
NOTES:
  - Pure storage I/O benchmark (no generation simulation)
================================================================================
KV Cache Wrapper - End delay for 90 seconds

================================================================================
BENCHMARK RESULTS - MLPerf KV Cache Storage Benchmark
Generation Mode: none (0.0ms/token)
================================================================================

IMPORTANT: All storage latencies below are measured per KV cache BLOCK,
not per token or per disk page.  Each block holds the full KV state for
one request (all layers, all heads, full sequence length).
  Model KV bytes/token: 131,072 bytes (128.0KiB)
  Entries in cache: 1022
  Block size min:   22.1MiB
  Block size mean:  522.2MiB
  Block size P95:   1713.2MiB
  Block size max:   2836.2MiB
  A 200MiB block at 1GiB/s NVMe read = ~200 ms device latency.
  Compare latencies against block sizes, not against 4KiB page I/O.


### OVERALL PERFORMANCE ###
Requests Completed: 1022
Total Tokens Generated: 174012
Throughput (wall-clock): 580.04 tokens/sec
Throughput (storage I/O): 637.69 tokens/sec
Requests/sec: 3.41

### END-TO-END LATENCY (Queue Wait + Storage I/O + Generation) ###
  Mean: 143455.06 ms
  P50:  143146.11 ms
  P95:  293622.77 ms
  P99:  308047.17 ms

### PER-REQUEST STORAGE LATENCY (All I/O ops for one request) ###
  Mean: 267.00 ms
  P50:  144.74 ms
  P95:  890.02 ms
  P99:  1466.89 ms
  (= 1 prefill write + N decode reads per request)

### STORAGE PERFORMANCE ###
  Cache Hit Rate: 89.1%
  Total Read: 2327.02GiB
  Total Write: 532.36GiB
  Read/Write Ratio: 4.37
  Storage KV Read Operations/sec: 19.44
  Storage KV Write Operations/sec: 3.42

### CACHE TIER DISTRIBUTION ###
  GPU Entries: 0 (0.00GiB)
  CPU Entries: 61 (2.44GiB)
  Storage Entries: 961

### TIER-SPECIFIC KV BYTES ###
  CPU KV Bytes Written: 501.69GiB
  CPU KV Bytes Read: 2782.77GiB
  Storage KV Bytes Written: 482.47GiB
  Storage KV Bytes Read: 7.23GiB

### STORAGE KV BANDWIDTH ###
  CPU KV Read Bandwidth: 9.28GiB/s
  CPU KV Write Bandwidth: 1.67GiB/s
  Storage KV Read Bandwidth: 0.02GiB/s
  Storage KV Write Bandwidth: 1.61GiB/s

### TIER-SPECIFIC LATENCIES (Total = Host + Device) ###
  CPU Read P95 (Total): 84.78 ms
  CPU Write P95 (Total): 135.15 ms
  Storage Read P95 (Total): 728.35 ms
  Storage Write P95 (Total): 1933.10 ms

### STORAGE TIER LATENCY BREAKDOWN (Device = Disk I/O, Host = Serialization) ###
  Storage Read:
    - Device P95 (Disk I/O): 632.34 ms
    - Host P95 (Serialization): 96.03 ms
    - Total P95: 728.35 ms
  Storage Write:
    - Device P95 (Disk I/O): 0.03 ms
    - Host P95 (Serialization): 1933.08 ms
    - Total P95: 1933.10 ms

### CACHE TYPE BREAKDOWNS ###
  System Prompt Hits: 1164
  Common Phrase Hits: 0
  User Cache Hits: 4585
  Multi-turn Hits: 84

### PREFIX CACHING ###
  Prefix Hits: 206
  Prefix Misses: 821
  System Prompt Reuse: 206
  Bytes Saved: 0.17GiB

### MULTI-TURN CONVERSATIONS ###
  Multi-turn Cache Hits: 84
  Multi-turn Cache Misses: 507
  Multi-turn Hit Rate: 14.2%

### QOS LATENCY METRICS (Informational - includes simulated generation) ###

  INTERACTIVE:
    Requests: 916
    Latency P95: 295862.70 ms
    Latency P99: 308168.11 ms
    SLA Met: [X] (compliance: 0.0%)

  RESPONSIVE:
    Requests: 42
    Latency P95: 19396.70 ms
    Latency P99: 33265.38 ms
    SLA Met: [X] (compliance: 2.4%)

  BATCH:
    Requests: 64
    Latency P95: 22947.50 ms
    Latency P99: 36229.15 ms
    SLA Met: [X] (compliance: 26.6%)

================================================================================
NOTES:
  - Pure storage I/O benchmark (no generation simulation)
================================================================================

================================================================================
BENCHMARK RESULTS - MLPerf KV Cache Storage Benchmark
Generation Mode: none (0.0ms/token)
================================================================================

IMPORTANT: All storage latencies below are measured per KV cache BLOCK,
not per token or per disk page.  Each block holds the full KV state for
one request (all layers, all heads, full sequence length).
  Model KV bytes/token: 131,072 bytes (128.0KiB)
  Entries in cache: 925
  Block size min:   18.0MiB
  Block size mean:  577.9MiB
  Block size P95:   1650.9MiB
  Block size max:   2626.5MiB
  A 200MiB block at 1GiB/s NVMe read = ~200 ms device latency.
  Compare latencies against block sizes, not against 4KiB page I/O.


### OVERALL PERFORMANCE ###
Requests Completed: 924
Total Tokens Generated: 171493
Throughput (wall-clock): 571.64 tokens/sec
Throughput (storage I/O): 398.62 tokens/sec
Requests/sec: 3.08

### END-TO-END LATENCY (Queue Wait + Storage I/O + Generation) ###
  Mean: 148141.85 ms
  P50:  155064.20 ms
  P95:  296245.04 ms
  P99:  309833.36 ms

### PER-REQUEST STORAGE LATENCY (All I/O ops for one request) ###
  Mean: 465.60 ms
  P50:  172.81 ms
  P95:  1261.77 ms
  P99:  6228.00 ms
  (= 1 prefill write + N decode reads per request)

### STORAGE PERFORMANCE ###
  Cache Hit Rate: 90.5%
  Total Read: 2768.96GiB
  Total Write: 529.11GiB
  Read/Write Ratio: 5.23
  Storage KV Read Operations/sec: 18.89
  Storage KV Write Operations/sec: 3.10

### CACHE TIER DISTRIBUTION ###
  GPU Entries: 0 (0.00GiB)
  CPU Entries: 2 (1.60GiB)
  Storage Entries: 923

### TIER-SPECIFIC KV BYTES ###
  CPU KV Bytes Written: 489.57GiB
  CPU KV Bytes Read: 3149.95GiB
  Storage KV Bytes Written: 519.39GiB
  Storage KV Bytes Read: 105.94GiB

### STORAGE KV BANDWIDTH ###
  CPU KV Read Bandwidth: 10.50GiB/s
  CPU KV Write Bandwidth: 1.63GiB/s
  Storage KV Read Bandwidth: 0.35GiB/s
  Storage KV Write Bandwidth: 1.73GiB/s

### TIER-SPECIFIC LATENCIES (Total = Host + Device) ###
  CPU Read P95 (Total): 91.18 ms
  CPU Write P95 (Total): 130.89 ms
  Storage Read P95 (Total): 1569.83 ms
  Storage Write P95 (Total): 1638.39 ms

### STORAGE TIER LATENCY BREAKDOWN (Device = Disk I/O, Host = Serialization) ###
  Storage Read:
    - Device P95 (Disk I/O): 1353.78 ms
    - Host P95 (Serialization): 207.18 ms
    - Total P95: 1569.83 ms
  Storage Write:
    - Device P95 (Disk I/O): 0.78 ms
    - Host P95 (Serialization): 1638.26 ms
    - Total P95: 1638.39 ms

### CACHE TYPE BREAKDOWNS ###
  System Prompt Hits: 981
  Common Phrase Hits: 0
  User Cache Hits: 4651
  Multi-turn Hits: 36

### PREFIX CACHING ###
  Prefix Hits: 169
  Prefix Misses: 760
  System Prompt Reuse: 169
  Bytes Saved: 0.13GiB

### MULTI-TURN CONVERSATIONS ###
  Multi-turn Cache Hits: 36
  Multi-turn Cache Misses: 424
  Multi-turn Hit Rate: 7.8%

### QOS LATENCY METRICS (Informational - includes simulated generation) ###

  INTERACTIVE:
    Requests: 816
    Latency P95: 298039.54 ms
    Latency P99: 311654.82 ms
    SLA Met: [X] (compliance: 0.0%)

  RESPONSIVE:
    Requests: 42
    Latency P95: 35079.14 ms
    Latency P99: 65546.23 ms
    SLA Met: [X] (compliance: 2.4%)

  BATCH:
    Requests: 66
    Latency P95: 22218.35 ms
    Latency P99: 45977.27 ms
    SLA Met: [X] (compliance: 30.3%)

================================================================================
NOTES:
  - Pure storage I/O benchmark (no generation simulation)
================================================================================
KV Cache Wrapper - End delay for 90 seconds
KV Cache Wrapper - End delay for 90 seconds
KV Cache Wrapper - End delay for 90 seconds

================================================================================
BENCHMARK RESULTS - MLPerf KV Cache Storage Benchmark
Generation Mode: none (0.0ms/token)
================================================================================

IMPORTANT: All storage latencies below are measured per KV cache BLOCK,
not per token or per disk page.  Each block holds the full KV state for
one request (all layers, all heads, full sequence length).
  Model KV bytes/token: 131,072 bytes (128.0KiB)
  Entries in cache: 807
  Block size min:   18.8MiB
  Block size mean:  606.8MiB
  Block size P95:   1611.9MiB
  Block size max:   2221.8MiB
  A 200MiB block at 1GiB/s NVMe read = ~200 ms device latency.
  Compare latencies against block sizes, not against 4KiB page I/O.


### OVERALL PERFORMANCE ###
Requests Completed: 807
Total Tokens Generated: 142281
Throughput (wall-clock): 474.27 tokens/sec
Throughput (storage I/O): 474.58 tokens/sec
Requests/sec: 2.69

### END-TO-END LATENCY (Queue Wait + Storage I/O + Generation) ###
  Mean: 146296.45 ms
  P50:  145871.14 ms
  P95:  299450.94 ms
  P99:  313876.81 ms

### PER-REQUEST STORAGE LATENCY (All I/O ops for one request) ###
  Mean: 371.51 ms
  P50:  204.20 ms
  P95:  963.11 ms
  P99:  1972.46 ms
  (= 1 prefill write + N decode reads per request)

### STORAGE PERFORMANCE ###
  Cache Hit Rate: 88.1%
  Total Read: 2556.59GiB
  Total Write: 488.53GiB
  Read/Write Ratio: 5.23
  Storage KV Read Operations/sec: 16.28
  Storage KV Write Operations/sec: 2.71

### CACHE TIER DISTRIBUTION ###
  GPU Entries: 0 (0.00GiB)
  CPU Entries: 0 (1.88GiB)
  Storage Entries: 807

### TIER-SPECIFIC KV BYTES ###
  CPU KV Bytes Written: 478.18GiB
  CPU KV Bytes Read: 2999.14GiB
  Storage KV Bytes Written: 478.18GiB
  Storage KV Bytes Read: 35.63GiB

### STORAGE KV BANDWIDTH ###
  CPU KV Read Bandwidth: 10.00GiB/s
  CPU KV Write Bandwidth: 1.59GiB/s
  Storage KV Read Bandwidth: 0.12GiB/s
  Storage KV Write Bandwidth: 1.59GiB/s

### TIER-SPECIFIC LATENCIES (Total = Host + Device) ###
  CPU Read P95 (Total): 91.60 ms
  CPU Write P95 (Total): 131.12 ms
  Storage Read P95 (Total): 1547.63 ms

### STORAGE TIER LATENCY BREAKDOWN (Device = Disk I/O, Host = Serialization) ###
  Storage Read:
    - Device P95 (Disk I/O): 1360.61 ms
    - Host P95 (Serialization): 189.61 ms
    - Total P95: 1547.63 ms

### CACHE TYPE BREAKDOWNS ###
  System Prompt Hits: 1012
  Common Phrase Hits: 0
  User Cache Hits: 3826
  Multi-turn Hits: 46

### PREFIX CACHING ###
  Prefix Hits: 176
  Prefix Misses: 636
  System Prompt Reuse: 176
  Bytes Saved: 0.14GiB

### MULTI-TURN CONVERSATIONS ###
  Multi-turn Cache Hits: 46
  Multi-turn Cache Misses: 483
  Multi-turn Hit Rate: 8.7%

### QOS LATENCY METRICS (Informational - includes simulated generation) ###

  INTERACTIVE:
    Requests: 698
    Latency P95: 301034.42 ms
    Latency P99: 313964.87 ms
    SLA Met: [X] (compliance: 0.0%)

  RESPONSIVE:
    Requests: 51
    Latency P95: 37763.55 ms
    Latency P99: 69806.95 ms
    SLA Met: [X] (compliance: 9.8%)

  BATCH:
    Requests: 58
    Latency P95: 26462.74 ms
    Latency P99: 57826.01 ms
    SLA Met: [X] (compliance: 34.5%)

================================================================================
NOTES:
  - Pure storage I/O benchmark (no generation simulation)
================================================================================

================================================================================
BENCHMARK RESULTS - MLPerf KV Cache Storage Benchmark
Generation Mode: none (0.0ms/token)
================================================================================

IMPORTANT: All storage latencies below are measured per KV cache BLOCK,
not per token or per disk page.  Each block holds the full KV state for
one request (all layers, all heads, full sequence length).
  Model KV bytes/token: 131,072 bytes (128.0KiB)
  Entries in cache: 960
  Block size min:   20.8MiB
  Block size mean:  547.4MiB
  Block size P95:   1564.3MiB
  Block size max:   2936.1MiB
  A 200MiB block at 1GiB/s NVMe read = ~200 ms device latency.
  Compare latencies against block sizes, not against 4KiB page I/O.


### OVERALL PERFORMANCE ###
Requests Completed: 960
Total Tokens Generated: 188454
Throughput (wall-clock): 628.18 tokens/sec
Throughput (storage I/O): 260.45 tokens/sec
Requests/sec: 3.20

### END-TO-END LATENCY (Queue Wait + Storage I/O + Generation) ###
  Mean: 152458.39 ms
  P50:  154676.69 ms
  P95:  300417.34 ms
  P99:  317419.13 ms

### PER-REQUEST STORAGE LATENCY (All I/O ops for one request) ###
  Mean: 753.73 ms
  P50:  171.24 ms
  P95:  2167.97 ms
  P99:  13238.66 ms
  (= 1 prefill write + N decode reads per request)

### STORAGE PERFORMANCE ###
  Cache Hit Rate: 92.1%
  Total Read: 3613.92GiB
  Total Write: 517.69GiB
  Read/Write Ratio: 6.98
  Storage KV Read Operations/sec: 21.05
  Storage KV Write Operations/sec: 3.21

### CACHE TIER DISTRIBUTION ###
  GPU Entries: 0 (0.00GiB)
  CPU Entries: 2 (2.65GiB)
  Storage Entries: 958

### TIER-SPECIFIC KV BYTES ###
  CPU KV Bytes Written: 504.44GiB
  CPU KV Bytes Read: 3815.96GiB
  Storage KV Bytes Written: 510.57GiB
  Storage KV Bytes Read: 299.75GiB

### STORAGE KV BANDWIDTH ###
  CPU KV Read Bandwidth: 12.72GiB/s
  CPU KV Write Bandwidth: 1.68GiB/s
  Storage KV Read Bandwidth: 1.00GiB/s
  Storage KV Write Bandwidth: 1.70GiB/s

### TIER-SPECIFIC LATENCIES (Total = Host + Device) ###
  CPU Read P95 (Total): 96.57 ms
  CPU Write P95 (Total): 132.59 ms
  Storage Read P95 (Total): 1552.72 ms
  Storage Write P95 (Total): 1978.26 ms

### STORAGE TIER LATENCY BREAKDOWN (Device = Disk I/O, Host = Serialization) ###
  Storage Read:
    - Device P95 (Disk I/O): 1358.72 ms
    - Host P95 (Serialization): 209.95 ms
    - Total P95: 1552.72 ms
  Storage Write:
    - Device P95 (Disk I/O): 0.02 ms
    - Host P95 (Serialization): 1978.25 ms
    - Total P95: 1978.26 ms

### CACHE TYPE BREAKDOWNS ###
  System Prompt Hits: 1152
  Common Phrase Hits: 0
  User Cache Hits: 5091
  Multi-turn Hits: 71

### PREFIX CACHING ###
  Prefix Hits: 171
  Prefix Misses: 792
  System Prompt Reuse: 171
  Bytes Saved: 0.15GiB

### MULTI-TURN CONVERSATIONS ###
  Multi-turn Cache Hits: 71
  Multi-turn Cache Misses: 367
  Multi-turn Hit Rate: 16.2%

### QOS LATENCY METRICS (Informational - includes simulated generation) ###

  INTERACTIVE:
    Requests: 866
    Latency P95: 301575.43 ms
    Latency P99: 317832.30 ms
    SLA Met: [X] (compliance: 0.1%)

  RESPONSIVE:
    Requests: 32
    Latency P95: 69992.42 ms
    Latency P99: 172505.29 ms
    SLA Met: [X] (compliance: 0.0%)

  BATCH:
    Requests: 62
    Latency P95: 50779.45 ms
    Latency P99: 123464.41 ms
    SLA Met: [X] (compliance: 24.2%)

================================================================================
NOTES:
  - Pure storage I/O benchmark (no generation simulation)
================================================================================
KV Cache Wrapper - End delay for 90 seconds

================================================================================
BENCHMARK RESULTS - MLPerf KV Cache Storage Benchmark
Generation Mode: none (0.0ms/token)
================================================================================

IMPORTANT: All storage latencies below are measured per KV cache BLOCK,
not per token or per disk page.  Each block holds the full KV state for
one request (all layers, all heads, full sequence length).
  Model KV bytes/token: 131,072 bytes (128.0KiB)
  Entries in cache: 763
  Block size min:   16.9MiB
  Block size mean:  653.8MiB
  Block size P95:   1814.2MiB
  Block size max:   2892.6MiB
  A 200MiB block at 1GiB/s NVMe read = ~200 ms device latency.
  Compare latencies against block sizes, not against 4KiB page I/O.


### OVERALL PERFORMANCE ###
Requests Completed: 763
Total Tokens Generated: 112298
Throughput (wall-clock): 374.33 tokens/sec
Throughput (storage I/O): 515.64 tokens/sec
Requests/sec: 2.54

### END-TO-END LATENCY (Queue Wait + Storage I/O + Generation) ###
  Mean: 151731.15 ms
  P50:  145002.74 ms
  P95:  314045.43 ms
  P99:  325767.95 ms

### PER-REQUEST STORAGE LATENCY (All I/O ops for one request) ###
  Mean: 285.43 ms
  P50:  145.54 ms
  P95:  904.34 ms
  P99:  1294.99 ms
  (= 1 prefill write + N decode reads per request)

### STORAGE PERFORMANCE ###
  Cache Hit Rate: 86.6%
  Total Read: 1841.66GiB
  Total Write: 506.32GiB
  Read/Write Ratio: 3.64
  Storage KV Read Operations/sec: 12.31
  Storage KV Write Operations/sec: 2.57

### CACHE TIER DISTRIBUTION ###
  GPU Entries: 0 (0.00GiB)
  CPU Entries: 39 (2.72GiB)
  Storage Entries: 724

### TIER-SPECIFIC KV BYTES ###
  CPU KV Bytes Written: 487.12GiB
  CPU KV Bytes Read: 2289.75GiB
  Storage KV Bytes Written: 458.64GiB
  Storage KV Bytes Read: 10.55GiB

### STORAGE KV BANDWIDTH ###
  CPU KV Read Bandwidth: 7.63GiB/s
  CPU KV Write Bandwidth: 1.62GiB/s
  Storage KV Read Bandwidth: 0.04GiB/s
  Storage KV Write Bandwidth: 1.53GiB/s

### TIER-SPECIFIC LATENCIES (Total = Host + Device) ###
  CPU Read P95 (Total): 90.29 ms
  CPU Write P95 (Total): 156.88 ms
  Storage Read P95 (Total): 945.83 ms

### STORAGE TIER LATENCY BREAKDOWN (Device = Disk I/O, Host = Serialization) ###
  Storage Read:
    - Device P95 (Disk I/O): 833.79 ms
    - Host P95 (Serialization): 117.69 ms
    - Total P95: 945.83 ms

### CACHE TYPE BREAKDOWNS ###
  System Prompt Hits: 732
  Common Phrase Hits: 0
  User Cache Hits: 2921
  Multi-turn Hits: 41

### PREFIX CACHING ###
  Prefix Hits: 159
  Prefix Misses: 613
  System Prompt Reuse: 159
  Bytes Saved: 0.13GiB

### MULTI-TURN CONVERSATIONS ###
  Multi-turn Cache Hits: 41
  Multi-turn Cache Misses: 414
  Multi-turn Hit Rate: 9.0%

### QOS LATENCY METRICS (Informational - includes simulated generation) ###

  INTERACTIVE:
    Requests: 670
    Latency P95: 314659.53 ms
    Latency P99: 326127.98 ms
    SLA Met: [X] (compliance: 0.0%)

  RESPONSIVE:
    Requests: 48
    Latency P95: 38332.84 ms
    Latency P99: 71389.90 ms
    SLA Met: [X] (compliance: 0.0%)

  BATCH:
    Requests: 45
    Latency P95: 37856.86 ms
    Latency P99: 88514.26 ms
    SLA Met: [X] (compliance: 20.0%)

================================================================================
NOTES:
  - Pure storage I/O benchmark (no generation simulation)
================================================================================
KV Cache Wrapper - End delay for 90 seconds

================================================================================
BENCHMARK RESULTS - MLPerf KV Cache Storage Benchmark
Generation Mode: none (0.0ms/token)
================================================================================

IMPORTANT: All storage latencies below are measured per KV cache BLOCK,
not per token or per disk page.  Each block holds the full KV state for
one request (all layers, all heads, full sequence length).
  Model KV bytes/token: 131,072 bytes (128.0KiB)
  Entries in cache: 946
  Block size min:   24.8MiB
  Block size mean:  583.9MiB
  Block size P95:   2145.3MiB
  Block size max:   2884.4MiB
  A 200MiB block at 1GiB/s NVMe read = ~200 ms device latency.
  Compare latencies against block sizes, not against 4KiB page I/O.


### OVERALL PERFORMANCE ###
Requests Completed: 946
Total Tokens Generated: 142812
Throughput (wall-clock): 476.04 tokens/sec
Throughput (storage I/O): 532.28 tokens/sec
Requests/sec: 3.15

### END-TO-END LATENCY (Queue Wait + Storage I/O + Generation) ###
  Mean: 143114.34 ms
  P50:  127687.39 ms
  P95:  306871.73 ms
  P99:  318052.58 ms

### PER-REQUEST STORAGE LATENCY (All I/O ops for one request) ###
  Mean: 283.62 ms
  P50:  113.54 ms
  P95:  1125.98 ms
  P99:  2201.90 ms
  (= 1 prefill write + N decode reads per request)

### STORAGE PERFORMANCE ###
  Cache Hit Rate: 87.1%
  Total Read: 1874.75GiB
  Total Write: 556.52GiB
  Read/Write Ratio: 3.37
  Storage KV Read Operations/sec: 14.99
  Storage KV Write Operations/sec: 3.18

### CACHE TIER DISTRIBUTION ###
  GPU Entries: 0 (0.00GiB)
  CPU Entries: 47 (1.77GiB)
  Storage Entries: 899

### TIER-SPECIFIC KV BYTES ###
  CPU KV Bytes Written: 492.47GiB
  CPU KV Bytes Read: 2322.28GiB
  Storage KV Bytes Written: 505.09GiB
  Storage KV Bytes Read: 10.65GiB

### STORAGE KV BANDWIDTH ###
  CPU KV Read Bandwidth: 7.74GiB/s
  CPU KV Write Bandwidth: 1.64GiB/s
  Storage KV Read Bandwidth: 0.04GiB/s
  Storage KV Write Bandwidth: 1.68GiB/s

### TIER-SPECIFIC LATENCIES (Total = Host + Device) ###
  CPU Read P95 (Total): 92.40 ms
  CPU Write P95 (Total): 173.42 ms
  Storage Read P95 (Total): 1178.91 ms
  Storage Write P95 (Total): 2987.14 ms

### STORAGE TIER LATENCY BREAKDOWN (Device = Disk I/O, Host = Serialization) ###
  Storage Read:
    - Device P95 (Disk I/O): 1036.68 ms
    - Host P95 (Serialization): 141.26 ms
    - Total P95: 1178.91 ms
  Storage Write:
    - Device P95 (Disk I/O): 0.02 ms
    - Host P95 (Serialization): 2987.13 ms
    - Total P95: 2987.14 ms

### CACHE TYPE BREAKDOWNS ###
  System Prompt Hits: 915
  Common Phrase Hits: 0
  User Cache Hits: 3519
  Multi-turn Hits: 63

### PREFIX CACHING ###
  Prefix Hits: 188
  Prefix Misses: 765
  System Prompt Reuse: 188
  Bytes Saved: 0.15GiB

### MULTI-TURN CONVERSATIONS ###
  Multi-turn Cache Hits: 63
  Multi-turn Cache Misses: 477
  Multi-turn Hit Rate: 11.7%

### QOS LATENCY METRICS (Informational - includes simulated generation) ###

  INTERACTIVE:
    Requests: 853
    Latency P95: 307914.56 ms
    Latency P99: 318771.91 ms
    SLA Met: [X] (compliance: 0.2%)

  RESPONSIVE:
    Requests: 29
    Latency P95: 39008.37 ms
    Latency P99: 45191.68 ms
    SLA Met: [X] (compliance: 0.0%)

  BATCH:
    Requests: 64
    Latency P95: 31869.67 ms
    Latency P99: 42611.14 ms
    SLA Met: [X] (compliance: 28.1%)

================================================================================
NOTES:
  - Pure storage I/O benchmark (no generation simulation)
================================================================================
KV Cache Wrapper - End delay for 90 seconds

================================================================================
BENCHMARK RESULTS - MLPerf KV Cache Storage Benchmark
Generation Mode: none (0.0ms/token)
================================================================================

IMPORTANT: All storage latencies below are measured per KV cache BLOCK,
not per token or per disk page.  Each block holds the full KV state for
one request (all layers, all heads, full sequence length).
  Model KV bytes/token: 131,072 bytes (128.0KiB)
  Entries in cache: 1128
  Block size min:   22.6MiB
  Block size mean:  483.1MiB
  Block size P95:   1761.7MiB
  Block size max:   2901.9MiB
  A 200MiB block at 1GiB/s NVMe read = ~200 ms device latency.
  Compare latencies against block sizes, not against 4KiB page I/O.


### OVERALL PERFORMANCE ###
Requests Completed: 1128
Total Tokens Generated: 166624
Throughput (wall-clock): 555.41 tokens/sec
Throughput (storage I/O): 526.68 tokens/sec
Requests/sec: 3.76

### END-TO-END LATENCY (Queue Wait + Storage I/O + Generation) ###
  Mean: 147196.52 ms
  P50:  139875.68 ms
  P95:  292019.96 ms
  P99:  308999.74 ms

### PER-REQUEST STORAGE LATENCY (All I/O ops for one request) ###
  Mean: 280.46 ms
  P50:  149.20 ms
  P95:  856.92 ms
  P99:  2321.59 ms
  (= 1 prefill write + N decode reads per request)

### STORAGE PERFORMANCE ###
  Cache Hit Rate: 88.0%
  Total Read: 2306.00GiB
  Total Write: 539.97GiB
  Read/Write Ratio: 4.27
  Storage KV Read Operations/sec: 20.09
  Storage KV Write Operations/sec: 3.77

### CACHE TIER DISTRIBUTION ###
  GPU Entries: 0 (0.00GiB)
  CPU Entries: 32 (2.94GiB)
  Storage Entries: 1096

### TIER-SPECIFIC KV BYTES ###
  CPU KV Bytes Written: 504.58GiB
  CPU KV Bytes Read: 2746.45GiB
  Storage KV Bytes Written: 503.78GiB
  Storage KV Bytes Read: 35.72GiB

### STORAGE KV BANDWIDTH ###
  CPU KV Read Bandwidth: 9.15GiB/s
  CPU KV Write Bandwidth: 1.68GiB/s
  Storage KV Read Bandwidth: 0.12GiB/s
  Storage KV Write Bandwidth: 1.68GiB/s

### TIER-SPECIFIC LATENCIES (Total = Host + Device) ###
  CPU Read P95 (Total): 85.14 ms
  CPU Write P95 (Total): 138.26 ms
  Storage Read P95 (Total): 1500.32 ms
  Storage Write P95 (Total): 2626.68 ms

### STORAGE TIER LATENCY BREAKDOWN (Device = Disk I/O, Host = Serialization) ###
  Storage Read:
    - Device P95 (Disk I/O): 1290.01 ms
    - Host P95 (Serialization): 195.75 ms
    - Total P95: 1500.32 ms
  Storage Write:
    - Device P95 (Disk I/O): 0.12 ms
    - Host P95 (Serialization): 2626.66 ms
    - Total P95: 2626.68 ms

### CACHE TYPE BREAKDOWNS ###
  System Prompt Hits: 1286
  Common Phrase Hits: 0
  User Cache Hits: 4677
  Multi-turn Hits: 65

### PREFIX CACHING ###
  Prefix Hits: 234
  Prefix Misses: 898
  System Prompt Reuse: 234
  Bytes Saved: 0.19GiB

### MULTI-TURN CONVERSATIONS ###
  Multi-turn Cache Hits: 65
  Multi-turn Cache Misses: 587
  Multi-turn Hit Rate: 10.0%

### QOS LATENCY METRICS (Informational - includes simulated generation) ###

  INTERACTIVE:
    Requests: 1028
    Latency P95: 294484.14 ms
    Latency P99: 309353.32 ms
    SLA Met: [X] (compliance: 0.0%)

  RESPONSIVE:
    Requests: 22
    Latency P95: 111003.64 ms
    Latency P99: 115264.77 ms
    SLA Met: [X] (compliance: 0.0%)

  BATCH:
    Requests: 78
    Latency P95: 38591.09 ms
    Latency P99: 85293.51 ms
    SLA Met: [X] (compliance: 21.8%)

================================================================================
NOTES:
  - Pure storage I/O benchmark (no generation simulation)
================================================================================
KV Cache Wrapper - End delay for 90 seconds

================================================================================
BENCHMARK RESULTS - MLPerf KV Cache Storage Benchmark
Generation Mode: none (0.0ms/token)
================================================================================

IMPORTANT: All storage latencies below are measured per KV cache BLOCK,
not per token or per disk page.  Each block holds the full KV state for
one request (all layers, all heads, full sequence length).
  Model KV bytes/token: 131,072 bytes (128.0KiB)
  Entries in cache: 897
  Block size min:   24.6MiB
  Block size mean:  652.8MiB
  Block size P95:   1993.4MiB
  Block size max:   2823.6MiB
  A 200MiB block at 1GiB/s NVMe read = ~200 ms device latency.
  Compare latencies against block sizes, not against 4KiB page I/O.


### OVERALL PERFORMANCE ###
Requests Completed: 896
Total Tokens Generated: 128214
Throughput (wall-clock): 427.38 tokens/sec
Throughput (storage I/O): 359.05 tokens/sec
Requests/sec: 2.99

### END-TO-END LATENCY (Queue Wait + Storage I/O + Generation) ###
  Mean: 147396.67 ms
  P50:  140277.57 ms
  P95:  302540.82 ms
  P99:  322607.23 ms

### PER-REQUEST STORAGE LATENCY (All I/O ops for one request) ###
  Mean: 398.54 ms
  P50:  139.26 ms
  P95:  1481.58 ms
  P99:  2670.68 ms
  (= 1 prefill write + N decode reads per request)

### STORAGE PERFORMANCE ###
  Cache Hit Rate: 84.0%
  Total Read: 2254.89GiB
  Total Write: 571.86GiB
  Read/Write Ratio: 3.94
  Storage KV Read Operations/sec: 14.27
  Storage KV Write Operations/sec: 2.99

### CACHE TIER DISTRIBUTION ###
  GPU Entries: 0 (0.00GiB)
  CPU Entries: 7 (1.84GiB)
  Storage Entries: 890

### TIER-SPECIFIC KV BYTES ###
  CPU KV Bytes Written: 492.10GiB
  CPU KV Bytes Read: 2688.98GiB
  Storage KV Bytes Written: 557.45GiB
  Storage KV Bytes Read: 43.59GiB

### STORAGE KV BANDWIDTH ###
  CPU KV Read Bandwidth: 8.96GiB/s
  CPU KV Write Bandwidth: 1.64GiB/s
  Storage KV Read Bandwidth: 0.15GiB/s
  Storage KV Write Bandwidth: 1.86GiB/s

### TIER-SPECIFIC LATENCIES (Total = Host + Device) ###
  CPU Read P95 (Total): 93.88 ms
  CPU Write P95 (Total): 141.37 ms
  Storage Read P95 (Total): 1586.62 ms
  Storage Write P95 (Total): 2676.67 ms

### STORAGE TIER LATENCY BREAKDOWN (Device = Disk I/O, Host = Serialization) ###
  Storage Read:
    - Device P95 (Disk I/O): 1393.05 ms
    - Host P95 (Serialization): 217.27 ms
    - Total P95: 1586.62 ms
  Storage Write:
    - Device P95 (Disk I/O): 0.15 ms
    - Host P95 (Serialization): 2676.66 ms
    - Total P95: 2676.67 ms

### CACHE TYPE BREAKDOWNS ###
  System Prompt Hits: 745
  Common Phrase Hits: 0
  User Cache Hits: 3463
  Multi-turn Hits: 74

### PREFIX CACHING ###
  Prefix Hits: 179
  Prefix Misses: 718
  System Prompt Reuse: 179
  Bytes Saved: 0.15GiB

### MULTI-TURN CONVERSATIONS ###
  Multi-turn Cache Hits: 74
  Multi-turn Cache Misses: 638
  Multi-turn Hit Rate: 10.4%

### QOS LATENCY METRICS (Informational - includes simulated generation) ###

  INTERACTIVE:
    Requests: 794
    Latency P95: 303813.97 ms
    Latency P99: 323005.53 ms
    SLA Met: [X] (compliance: 0.0%)

  RESPONSIVE:
    Requests: 40
    Latency P95: 41355.41 ms
    Latency P99: 69934.47 ms
    SLA Met: [X] (compliance: 5.0%)

  BATCH:
    Requests: 62
    Latency P95: 26046.23 ms
    Latency P99: 48118.25 ms
    SLA Met: [X] (compliance: 27.4%)

================================================================================
NOTES:
  - Pure storage I/O benchmark (no generation simulation)
================================================================================
KV Cache Wrapper - End delay for 90 seconds
KV Cache Wrapper - End delay for 90 seconds

================================================================================
BENCHMARK RESULTS - MLPerf KV Cache Storage Benchmark
Generation Mode: none (0.0ms/token)
================================================================================

IMPORTANT: All storage latencies below are measured per KV cache BLOCK,
not per token or per disk page.  Each block holds the full KV state for
one request (all layers, all heads, full sequence length).
  Model KV bytes/token: 131,072 bytes (128.0KiB)
  Entries in cache: 997
  Block size min:   18.6MiB
  Block size mean:  547.8MiB
  Block size P95:   1993.9MiB
  Block size max:   2877.8MiB
  A 200MiB block at 1GiB/s NVMe read = ~200 ms device latency.
  Compare latencies against block sizes, not against 4KiB page I/O.


### OVERALL PERFORMANCE ###
Requests Completed: 997
Total Tokens Generated: 125947
Throughput (wall-clock): 419.82 tokens/sec
Throughput (storage I/O): 533.50 tokens/sec
Requests/sec: 3.32

### END-TO-END LATENCY (Queue Wait + Storage I/O + Generation) ###
  Mean: 142224.37 ms
  P50:  138754.90 ms
  P95:  295007.38 ms
  P99:  313150.62 ms

### PER-REQUEST STORAGE LATENCY (All I/O ops for one request) ###
  Mean: 236.79 ms
  P50:  111.13 ms
  P95:  875.41 ms
  P99:  1767.22 ms
  (= 1 prefill write + N decode reads per request)

### STORAGE PERFORMANCE ###
  Cache Hit Rate: 87.2%
  Total Read: 1672.45GiB
  Total Write: 550.24GiB
  Read/Write Ratio: 3.04
  Storage KV Read Operations/sec: 14.40
  Storage KV Write Operations/sec: 3.35

### CACHE TIER DISTRIBUTION ###
  GPU Entries: 0 (0.00GiB)
  CPU Entries: 34 (1.83GiB)
  Storage Entries: 963

### TIER-SPECIFIC KV BYTES ###
  CPU KV Bytes Written: 496.61GiB
  CPU KV Bytes Read: 2126.89GiB
  Storage KV Bytes Written: 499.92GiB
  Storage KV Bytes Read: 8.70GiB

### STORAGE KV BANDWIDTH ###
  CPU KV Read Bandwidth: 7.09GiB/s
  CPU KV Write Bandwidth: 1.66GiB/s
  Storage KV Read Bandwidth: 0.03GiB/s
  Storage KV Write Bandwidth: 1.67GiB/s

### TIER-SPECIFIC LATENCIES (Total = Host + Device) ###
  CPU Read P95 (Total): 90.70 ms
  CPU Write P95 (Total): 151.36 ms
  Storage Read P95 (Total): 1449.94 ms
  Storage Write P95 (Total): 2374.29 ms

### STORAGE TIER LATENCY BREAKDOWN (Device = Disk I/O, Host = Serialization) ###
  Storage Read:
    - Device P95 (Disk I/O): 1256.82 ms
    - Host P95 (Serialization): 188.84 ms
    - Total P95: 1449.94 ms
  Storage Write:
    - Device P95 (Disk I/O): 0.02 ms
    - Host P95 (Serialization): 2374.28 ms
    - Total P95: 2374.29 ms

### CACHE TYPE BREAKDOWNS ###
  System Prompt Hits: 841
  Common Phrase Hits: 0
  User Cache Hits: 3439
  Multi-turn Hits: 41

### PREFIX CACHING ###
  Prefix Hits: 198
  Prefix Misses: 806
  System Prompt Reuse: 198
  Bytes Saved: 0.16GiB

### MULTI-TURN CONVERSATIONS ###
  Multi-turn Cache Hits: 41
  Multi-turn Cache Misses: 435
  Multi-turn Hit Rate: 8.6%

### QOS LATENCY METRICS (Informational - includes simulated generation) ###

  INTERACTIVE:
    Requests: 893
    Latency P95: 296517.45 ms
    Latency P99: 313192.48 ms
    SLA Met: [X] (compliance: 0.0%)

  RESPONSIVE:
    Requests: 45
    Latency P95: 24889.78 ms
    Latency P99: 41835.66 ms
    SLA Met: [X] (compliance: 11.1%)

  BATCH:
    Requests: 59
    Latency P95: 47012.72 ms
    Latency P99: 65326.08 ms
    SLA Met: [X] (compliance: 22.0%)

================================================================================
NOTES:
  - Pure storage I/O benchmark (no generation simulation)
================================================================================

================================================================================
BENCHMARK RESULTS - MLPerf KV Cache Storage Benchmark
Generation Mode: none (0.0ms/token)
================================================================================

IMPORTANT: All storage latencies below are measured per KV cache BLOCK,
not per token or per disk page.  Each block holds the full KV state for
one request (all layers, all heads, full sequence length).
  Model KV bytes/token: 131,072 bytes (128.0KiB)
  Entries in cache: 766
  Block size min:   30.0MiB
  Block size mean:  761.4MiB
  Block size P95:   1984.8MiB
  Block size max:   3009.6MiB
  A 200MiB block at 1GiB/s NVMe read = ~200 ms device latency.
  Compare latencies against block sizes, not against 4KiB page I/O.


### OVERALL PERFORMANCE ###
Requests Completed: 766
Total Tokens Generated: 106821
Throughput (wall-clock): 356.07 tokens/sec
Throughput (storage I/O): 401.83 tokens/sec
Requests/sec: 2.55

### END-TO-END LATENCY (Queue Wait + Storage I/O + Generation) ###
  Mean: 157523.50 ms
  P50:  161906.64 ms
  P95:  310168.52 ms
  P99:  322521.10 ms

### PER-REQUEST STORAGE LATENCY (All I/O ops for one request) ###
  Mean: 347.04 ms
  P50:  140.86 ms
  P95:  1412.46 ms
  P99:  1834.70 ms
  (= 1 prefill write + N decode reads per request)

### STORAGE PERFORMANCE ###
  Cache Hit Rate: 85.8%
  Total Read: 1626.27GiB
  Total Write: 573.74GiB
  Read/Write Ratio: 2.83
  Storage KV Read Operations/sec: 10.80
  Storage KV Write Operations/sec: 2.56

### CACHE TIER DISTRIBUTION ###
  GPU Entries: 0 (0.00GiB)
  CPU Entries: 2 (3.11GiB)
  Storage Entries: 764

### TIER-SPECIFIC KV BYTES ###
  CPU KV Bytes Written: 481.47GiB
  CPU KV Bytes Read: 2093.48GiB
  Storage KV Bytes Written: 566.47GiB
  Storage KV Bytes Read: 11.15GiB

### STORAGE KV BANDWIDTH ###
  CPU KV Read Bandwidth: 6.98GiB/s
  CPU KV Write Bandwidth: 1.60GiB/s
  Storage KV Read Bandwidth: 0.04GiB/s
  Storage KV Write Bandwidth: 1.89GiB/s

### TIER-SPECIFIC LATENCIES (Total = Host + Device) ###
  CPU Read P95 (Total): 94.56 ms
  CPU Write P95 (Total): 149.61 ms
  Storage Read P95 (Total): 1465.48 ms
  Storage Write P95 (Total): 2031.45 ms

### STORAGE TIER LATENCY BREAKDOWN (Device = Disk I/O, Host = Serialization) ###
  Storage Read:
    - Device P95 (Disk I/O): 1266.57 ms
    - Host P95 (Serialization): 201.94 ms
    - Total P95: 1465.48 ms
  Storage Write:
    - Device P95 (Disk I/O): 0.05 ms
    - Host P95 (Serialization): 2031.43 ms
    - Total P95: 2031.45 ms

### CACHE TYPE BREAKDOWNS ###
  System Prompt Hits: 779
  Common Phrase Hits: 0
  User Cache Hits: 2421
  Multi-turn Hits: 39

### PREFIX CACHING ###
  Prefix Hits: 165
  Prefix Misses: 604
  System Prompt Reuse: 165
  Bytes Saved: 0.13GiB

### MULTI-TURN CONVERSATIONS ###
  Multi-turn Cache Hits: 39
  Multi-turn Cache Misses: 372
  Multi-turn Hit Rate: 9.5%

### QOS LATENCY METRICS (Informational - includes simulated generation) ###

  INTERACTIVE:
    Requests: 661
    Latency P95: 311536.69 ms
    Latency P99: 322892.87 ms
    SLA Met: [X] (compliance: 0.0%)

  RESPONSIVE:
    Requests: 43
    Latency P95: 56873.54 ms
    Latency P99: 109604.20 ms
    SLA Met: [X] (compliance: 2.3%)

  BATCH:
    Requests: 62
    Latency P95: 52070.07 ms
    Latency P99: 104871.05 ms
    SLA Met: [X] (compliance: 22.6%)

================================================================================
NOTES:
  - Pure storage I/O benchmark (no generation simulation)
================================================================================
KV Cache Wrapper - End delay for 90 seconds
KV Cache Wrapper - End delay for 90 seconds

================================================================================
BENCHMARK RESULTS - MLPerf KV Cache Storage Benchmark
Generation Mode: none (0.0ms/token)
================================================================================

IMPORTANT: All storage latencies below are measured per KV cache BLOCK,
not per token or per disk page.  Each block holds the full KV state for
one request (all layers, all heads, full sequence length).
  Model KV bytes/token: 131,072 bytes (128.0KiB)
  Entries in cache: 753
  Block size min:   24.9MiB
  Block size mean:  720.8MiB
  Block size P95:   2243.4MiB
  Block size max:   3079.8MiB
  A 200MiB block at 1GiB/s NVMe read = ~200 ms device latency.
  Compare latencies against block sizes, not against 4KiB page I/O.


### OVERALL PERFORMANCE ###
Requests Completed: 753
Total Tokens Generated: 94031
Throughput (wall-clock): 313.44 tokens/sec
Throughput (storage I/O): 438.52 tokens/sec
Requests/sec: 2.51

### END-TO-END LATENCY (Queue Wait + Storage I/O + Generation) ###
  Mean: 150379.00 ms
  P50:  137221.15 ms
  P95:  312717.24 ms
  P99:  331862.49 ms

### PER-REQUEST STORAGE LATENCY (All I/O ops for one request) ###
  Mean: 284.76 ms
  P50:  135.35 ms
  P95:  1017.37 ms
  P99:  1855.41 ms
  (= 1 prefill write + N decode reads per request)

### STORAGE PERFORMANCE ###
  Cache Hit Rate: 84.6%
  Total Read: 1439.37GiB
  Total Write: 549.57GiB
  Read/Write Ratio: 2.62
  Storage KV Read Operations/sec: 9.86
  Storage KV Write Operations/sec: 2.54

### CACHE TIER DISTRIBUTION ###
  GPU Entries: 0 (0.00GiB)
  CPU Entries: 10 (2.52GiB)
  Storage Entries: 743

### TIER-SPECIFIC KV BYTES ###
  CPU KV Bytes Written: 485.52GiB
  CPU KV Bytes Read: 1906.34GiB
  Storage KV Bytes Written: 519.69GiB
  Storage KV Bytes Read: 8.18GiB

### STORAGE KV BANDWIDTH ###
  CPU KV Read Bandwidth: 6.35GiB/s
  CPU KV Write Bandwidth: 1.62GiB/s
  Storage KV Read Bandwidth: 0.03GiB/s
  Storage KV Write Bandwidth: 1.73GiB/s

### TIER-SPECIFIC LATENCIES (Total = Host + Device) ###
  CPU Read P95 (Total): 93.61 ms
  CPU Write P95 (Total): 181.16 ms
  Storage Read P95 (Total): 1368.72 ms
  Storage Write P95 (Total): 2248.43 ms

### STORAGE TIER LATENCY BREAKDOWN (Device = Disk I/O, Host = Serialization) ###
  Storage Read:
    - Device P95 (Disk I/O): 1197.43 ms
    - Host P95 (Serialization): 170.78 ms
    - Total P95: 1368.72 ms
  Storage Write:
    - Device P95 (Disk I/O): 0.03 ms
    - Host P95 (Serialization): 2248.42 ms
    - Total P95: 2248.43 ms

### CACHE TYPE BREAKDOWNS ###
  System Prompt Hits: 555
  Common Phrase Hits: 0
  User Cache Hits: 2363
  Multi-turn Hits: 39

### PREFIX CACHING ###
  Prefix Hits: 143
  Prefix Misses: 620
  System Prompt Reuse: 143
  Bytes Saved: 0.12GiB

### MULTI-TURN CONVERSATIONS ###
  Multi-turn Cache Hits: 39
  Multi-turn Cache Misses: 394
  Multi-turn Hit Rate: 9.0%

### QOS LATENCY METRICS (Informational - includes simulated generation) ###

  INTERACTIVE:
    Requests: 653
    Latency P95: 316006.47 ms
    Latency P99: 332464.60 ms
    SLA Met: [X] (compliance: 0.0%)

  RESPONSIVE:
    Requests: 40
    Latency P95: 49316.99 ms
    Latency P99: 61600.02 ms
    SLA Met: [X] (compliance: 10.0%)

  BATCH:
    Requests: 60
    Latency P95: 55909.98 ms
    Latency P99: 58838.81 ms
    SLA Met: [X] (compliance: 16.7%)

================================================================================
NOTES:
  - Pure storage I/O benchmark (no generation simulation)
================================================================================

================================================================================
BENCHMARK RESULTS - MLPerf KV Cache Storage Benchmark
Generation Mode: none (0.0ms/token)
================================================================================

IMPORTANT: All storage latencies below are measured per KV cache BLOCK,
not per token or per disk page.  Each block holds the full KV state for
one request (all layers, all heads, full sequence length).
  Model KV bytes/token: 131,072 bytes (128.0KiB)
  Entries in cache: 758
  Block size min:   23.6MiB
  Block size mean:  814.3MiB
  Block size P95:   2238.9MiB
  Block size max:   2851.0MiB
  A 200MiB block at 1GiB/s NVMe read = ~200 ms device latency.
  Compare latencies against block sizes, not against 4KiB page I/O.


### OVERALL PERFORMANCE ###
Requests Completed: 757
Total Tokens Generated: 128370
Throughput (wall-clock): 427.90 tokens/sec
Throughput (storage I/O): 369.98 tokens/sec
Requests/sec: 2.52

### END-TO-END LATENCY (Queue Wait + Storage I/O + Generation) ###
  Mean: 142539.64 ms
  P50:  139899.83 ms
  P95:  309688.07 ms
  P99:  327581.48 ms

### PER-REQUEST STORAGE LATENCY (All I/O ops for one request) ###
  Mean: 458.34 ms
  P50:  186.65 ms
  P95:  1634.79 ms
  P99:  2650.04 ms
  (= 1 prefill write + N decode reads per request)

### STORAGE PERFORMANCE ###
  Cache Hit Rate: 89.6%
  Total Read: 2019.03GiB
  Total Write: 615.93GiB
  Read/Write Ratio: 3.28
  Storage KV Read Operations/sec: 12.13
  Storage KV Write Operations/sec: 2.55

### CACHE TIER DISTRIBUTION ###
  GPU Entries: 0 (0.00GiB)
  CPU Entries: 35 (2.27GiB)
  Storage Entries: 723

### TIER-SPECIFIC KV BYTES ###
  CPU KV Bytes Written: 513.42GiB
  CPU KV Bytes Read: 2461.73GiB
  Storage KV Bytes Written: 569.64GiB
  Storage KV Bytes Read: 37.60GiB

### STORAGE KV BANDWIDTH ###
  CPU KV Read Bandwidth: 8.21GiB/s
  CPU KV Write Bandwidth: 1.71GiB/s
  Storage KV Read Bandwidth: 0.13GiB/s
  Storage KV Write Bandwidth: 1.90GiB/s

### TIER-SPECIFIC LATENCIES (Total = Host + Device) ###
  CPU Read P95 (Total): 95.53 ms
  CPU Write P95 (Total): 175.11 ms
  Storage Read P95 (Total): 1556.21 ms
  Storage Write P95 (Total): 2682.54 ms

### STORAGE TIER LATENCY BREAKDOWN (Device = Disk I/O, Host = Serialization) ###
  Storage Read:
    - Device P95 (Disk I/O): 1374.89 ms
    - Host P95 (Serialization): 199.64 ms
    - Total P95: 1556.21 ms
  Storage Write:
    - Device P95 (Disk I/O): 0.06 ms
    - Host P95 (Serialization): 2682.52 ms
    - Total P95: 2682.54 ms

### CACHE TYPE BREAKDOWNS ###
  System Prompt Hits: 684
  Common Phrase Hits: 0
  User Cache Hits: 2924
  Multi-turn Hits: 31

### PREFIX CACHING ###
  Prefix Hits: 138
  Prefix Misses: 627
  System Prompt Reuse: 138
  Bytes Saved: 0.11GiB

### MULTI-TURN CONVERSATIONS ###
  Multi-turn Cache Hits: 31
  Multi-turn Cache Misses: 284
  Multi-turn Hit Rate: 9.8%

### QOS LATENCY METRICS (Informational - includes simulated generation) ###

  INTERACTIVE:
    Requests: 647
    Latency P95: 312484.09 ms
    Latency P99: 328182.38 ms
    SLA Met: [X] (compliance: 0.0%)

  RESPONSIVE:
    Requests: 41
    Latency P95: 17141.60 ms
    Latency P99: 24168.52 ms
    SLA Met: [X] (compliance: 12.2%)

  BATCH:
    Requests: 69
    Latency P95: 29355.34 ms
    Latency P99: 42803.34 ms
    SLA Met: [X] (compliance: 23.2%)

================================================================================
NOTES:
  - Pure storage I/O benchmark (no generation simulation)
================================================================================
KV Cache Wrapper - End delay for 90 seconds
KV Cache Wrapper - End delay for 90 seconds

================================================================================
BENCHMARK RESULTS - MLPerf KV Cache Storage Benchmark
Generation Mode: none (0.0ms/token)
================================================================================

IMPORTANT: All storage latencies below are measured per KV cache BLOCK,
not per token or per disk page.  Each block holds the full KV state for
one request (all layers, all heads, full sequence length).
  Model KV bytes/token: 131,072 bytes (128.0KiB)
  Entries in cache: 701
  Block size min:   38.2MiB
  Block size mean:  756.0MiB
  Block size P95:   2054.6MiB
  Block size max:   2836.5MiB
  A 200MiB block at 1GiB/s NVMe read = ~200 ms device latency.
  Compare latencies against block sizes, not against 4KiB page I/O.


### OVERALL PERFORMANCE ###
Requests Completed: 701
Total Tokens Generated: 91885
Throughput (wall-clock): 306.28 tokens/sec
Throughput (storage I/O): 507.48 tokens/sec
Requests/sec: 2.34

### END-TO-END LATENCY (Queue Wait + Storage I/O + Generation) ###
  Mean: 147155.33 ms
  P50:  134158.83 ms
  P95:  329343.08 ms
  P99:  344558.52 ms

### PER-REQUEST STORAGE LATENCY (All I/O ops for one request) ###
  Mean: 258.46 ms
  P50:  141.50 ms
  P95:  854.16 ms
  P99:  1376.02 ms
  (= 1 prefill write + N decode reads per request)

### STORAGE PERFORMANCE ###
  Cache Hit Rate: 80.8%
  Total Read: 1343.85GiB
  Total Write: 524.25GiB
  Read/Write Ratio: 2.56
  Storage KV Read Operations/sec: 9.00
  Storage KV Write Operations/sec: 2.35

### CACHE TIER DISTRIBUTION ###
  GPU Entries: 0 (0.00GiB)
  CPU Entries: 29 (2.92GiB)
  Storage Entries: 671

### TIER-SPECIFIC KV BYTES ###
  CPU KV Bytes Written: 515.16GiB
  CPU KV Bytes Read: 1816.86GiB
  Storage KV Bytes Written: 487.30GiB
  Storage KV Bytes Read: 11.89GiB

### STORAGE KV BANDWIDTH ###
  CPU KV Read Bandwidth: 6.06GiB/s
  CPU KV Write Bandwidth: 1.72GiB/s
  Storage KV Read Bandwidth: 0.04GiB/s
  Storage KV Write Bandwidth: 1.62GiB/s

### TIER-SPECIFIC LATENCIES (Total = Host + Device) ###
  CPU Read P95 (Total): 92.65 ms
  CPU Write P95 (Total): 189.02 ms
  Storage Read P95 (Total): 1226.06 ms
  Storage Write P95 (Total): 1674.88 ms

### STORAGE TIER LATENCY BREAKDOWN (Device = Disk I/O, Host = Serialization) ###
  Storage Read:
    - Device P95 (Disk I/O): 1142.40 ms
    - Host P95 (Serialization): 201.65 ms
    - Total P95: 1226.06 ms
  Storage Write:
    - Device P95 (Disk I/O): 0.02 ms
    - Host P95 (Serialization): 1674.86 ms
    - Total P95: 1674.88 ms

### CACHE TYPE BREAKDOWNS ###
  System Prompt Hits: 539
  Common Phrase Hits: 0
  User Cache Hits: 2114
  Multi-turn Hits: 46

### PREFIX CACHING ###
  Prefix Hits: 157
  Prefix Misses: 547
  System Prompt Reuse: 157
  Bytes Saved: 0.13GiB

### MULTI-TURN CONVERSATIONS ###
  Multi-turn Cache Hits: 46
  Multi-turn Cache Misses: 485
  Multi-turn Hit Rate: 8.7%

### QOS LATENCY METRICS (Informational - includes simulated generation) ###

  INTERACTIVE:
    Requests: 597
    Latency P95: 333519.27 ms
    Latency P99: 345268.35 ms
    SLA Met: [X] (compliance: 0.0%)

  RESPONSIVE:
    Requests: 43
    Latency P95: 21958.94 ms
    Latency P99: 39953.84 ms
    SLA Met: [X] (compliance: 2.3%)

  BATCH:
    Requests: 61
    Latency P95: 24816.93 ms
    Latency P99: 53974.50 ms
    SLA Met: [X] (compliance: 23.0%)

================================================================================
NOTES:
  - Pure storage I/O benchmark (no generation simulation)
================================================================================
KV Cache Wrapper - End delay for 90 seconds

================================================================================
BENCHMARK RESULTS - MLPerf KV Cache Storage Benchmark
Generation Mode: none (0.0ms/token)
================================================================================

IMPORTANT: All storage latencies below are measured per KV cache BLOCK,
not per token or per disk page.  Each block holds the full KV state for
one request (all layers, all heads, full sequence length).
  Model KV bytes/token: 131,072 bytes (128.0KiB)
  Entries in cache: 672
  Block size min:   22.2MiB
  Block size mean:  802.7MiB
  Block size P95:   2173.7MiB
  Block size max:   2979.1MiB
  A 200MiB block at 1GiB/s NVMe read = ~200 ms device latency.
  Compare latencies against block sizes, not against 4KiB page I/O.


### OVERALL PERFORMANCE ###
Requests Completed: 672
Total Tokens Generated: 140719
Throughput (wall-clock): 469.06 tokens/sec
Throughput (storage I/O): 539.82 tokens/sec
Requests/sec: 2.24

### END-TO-END LATENCY (Queue Wait + Storage I/O + Generation) ###
  Mean: 141749.39 ms
  P50:  143412.97 ms
  P95:  310498.92 ms
  P99:  331184.00 ms

### PER-REQUEST STORAGE LATENCY (All I/O ops for one request) ###
  Mean: 387.92 ms
  P50:  238.14 ms
  P95:  1256.32 ms
  P99:  1807.07 ms
  (= 1 prefill write + N decode reads per request)

### STORAGE PERFORMANCE ###
  Cache Hit Rate: 82.3%
  Total Read: 2289.60GiB
  Total Write: 541.53GiB
  Read/Write Ratio: 4.23
  Storage KV Read Operations/sec: 14.85
  Storage KV Write Operations/sec: 2.26

### CACHE TIER DISTRIBUTION ###
  GPU Entries: 0 (0.00GiB)
  CPU Entries: 23 (2.62GiB)
  Storage Entries: 649

### TIER-SPECIFIC KV BYTES ###
  CPU KV Bytes Written: 526.76GiB
  CPU KV Bytes Read: 2779.08GiB
  Storage KV Bytes Written: 500.39GiB
  Storage KV Bytes Read: 10.91GiB

### STORAGE KV BANDWIDTH ###
  CPU KV Read Bandwidth: 9.26GiB/s
  CPU KV Write Bandwidth: 1.76GiB/s
  Storage KV Read Bandwidth: 0.04GiB/s
  Storage KV Write Bandwidth: 1.67GiB/s

### TIER-SPECIFIC LATENCIES (Total = Host + Device) ###
  CPU Read P95 (Total): 92.79 ms
  CPU Write P95 (Total): 197.21 ms
  Storage Read P95 (Total): 1384.60 ms

### STORAGE TIER LATENCY BREAKDOWN (Device = Disk I/O, Host = Serialization) ###
  Storage Read:
    - Device P95 (Disk I/O): 1199.08 ms
    - Host P95 (Serialization): 185.58 ms
    - Total P95: 1384.60 ms

### CACHE TYPE BREAKDOWNS ###
  System Prompt Hits: 888
  Common Phrase Hits: 0
  User Cache Hits: 3518
  Multi-turn Hits: 49

### PREFIX CACHING ###
  Prefix Hits: 136
  Prefix Misses: 543
  System Prompt Reuse: 136
  Bytes Saved: 0.11GiB

### MULTI-TURN CONVERSATIONS ###
  Multi-turn Cache Hits: 49
  Multi-turn Cache Misses: 819
  Multi-turn Hit Rate: 5.6%

### QOS LATENCY METRICS (Informational - includes simulated generation) ###

  INTERACTIVE:
    Requests: 557
    Latency P95: 315537.12 ms
    Latency P99: 331989.08 ms
    SLA Met: [X] (compliance: 0.0%)

  RESPONSIVE:
    Requests: 39
    Latency P95: 18913.09 ms
    Latency P99: 23182.35 ms
    SLA Met: [X] (compliance: 5.1%)

  BATCH:
    Requests: 76
    Latency P95: 23183.91 ms
    Latency P99: 48986.39 ms
    SLA Met: [X] (compliance: 18.4%)

================================================================================
NOTES:
  - Pure storage I/O benchmark (no generation simulation)
================================================================================
KV Cache Wrapper - End delay for 90 seconds
KV Cache Wrapper - Finished benchmark pass
KV Cache Wrapper - Finished benchmark pass
KV Cache Wrapper - Finished benchmark pass
KV Cache Wrapper - Finished benchmark pass
KV Cache Wrapper - Finished benchmark pass
KV Cache Wrapper - Finished benchmark pass
KV Cache Wrapper - Finished benchmark pass
KV Cache Wrapper - Finished benchmark pass
KV Cache Wrapper - Finished benchmark pass
KV Cache Wrapper - Finished benchmark pass
KV Cache Wrapper - Finished benchmark pass
KV Cache Wrapper - Finished benchmark pass
KV Cache Wrapper - Finished benchmark pass
KV Cache Wrapper - Finished benchmark pass
KV Cache Wrapper - Finished benchmark pass
KV Cache Wrapper - Finished benchmark pass
KV Cache Wrapper - Finished benchmark pass
KV Cache Wrapper - Finished benchmark pass
KV Cache Wrapper - Finished benchmark pass
KV Cache Wrapper - Finished benchmark pass
KV Cache Wrapper - Finished benchmark pass
KV Cache Wrapper - Finished benchmark pass
KV Cache Wrapper - Finished benchmark pass
KV Cache Wrapper - Finished benchmark pass
KV Cache Wrapper - Finished benchmark pass
KV Cache Wrapper - Finished benchmark pass
KV Cache Wrapper - Finished benchmark pass
KV Cache Wrapper - Finished benchmark pass
KV Cache Wrapper - Finished benchmark pass
KV Cache Wrapper - Finished benchmark pass
KV Cache Wrapper - Finished benchmark pass
KV Cache Wrapper - Finished benchmark pass
