process_id,batch_id,timestamp,batch_size,batch_time_seconds,avg_query_time_seconds,success
0,1,1784808026.0874462,8,0.005510091781616211,0.0006887614727020264,True
0,2,1784808026.0937526,8,0.005041599273681641,0.0006301999092102051,True
0,3,1784808026.099083,8,0.004949331283569336,0.000618666410446167,True
0,4,1784808026.1043038,8,0.004807233810424805,0.0006009042263031006,True
0,5,1784808026.109376,8,0.004065036773681641,0.0005081295967102051,True
0,6,1784808026.1137211,8,0.004272937774658203,0.0005341172218322754,True
0,7,1784808026.1182764,8,0.004437446594238281,0.0005546808242797852,True
0,8,1784808026.1231377,8,0.003870725631713867,0.0004838407039642334,True
0,9,1784808026.127286,8,0.003854513168334961,0.0004818141460418701,True
0,10,1784808026.1314068,8,0.0045146942138671875,0.0005643367767333984,True
0,11,1784808026.1362038,8,0.00431370735168457,0.0005392134189605713,True
0,12,1784808026.1408038,8,0.0037293434143066406,0.0004661679267883301,True
0,13,1784808026.144836,8,0.004335880279541016,0.000541985034942627,True
0,14,1784808026.149456,8,0.004102945327758789,0.0005128681659698486,True
0,15,1784808026.1538262,8,0.004082202911376953,0.0005102753639221191,True
0,16,1784808026.1582003,8,0.004697561264038086,0.0005871951580047607,True
0,17,1784808026.163209,8,0.004921913146972656,0.000615239143371582,True
0,18,1784808026.1685543,8,0.004719257354736328,0.000589907169342041,True
0,19,1784808026.1735485,8,0.005156517028808594,0.0006445646286010742,True
0,20,1784808026.1790583,8,0.00538945198059082,0.0006736814975738525,True
0,21,1784808026.1847625,8,0.005139827728271484,0.0006424784660339355,True
0,22,1784808026.1902447,8,0.004845857620239258,0.0006057322025299072,True
0,23,1784808026.1955273,8,0.004384040832519531,0.0005480051040649414,True
0,24,1784808026.200265,8,0.0046389102935791016,0.0005798637866973877,True
0,25,1784808026.2053514,8,0.004960536956787109,0.0006200671195983887,True
0,26,1784808026.2107666,8,0.005429267883300781,0.0006786584854125977,True
0,27,1784808026.2165754,8,0.005190134048461914,0.0006487667560577393,True
0,28,1784808026.222163,8,0.00490117073059082,0.0006126463413238525,True
0,29,1784808026.2274687,8,0.005093812942504883,0.0006367266178131104,True
0,30,1784808026.232981,8,0.005173444747924805,0.0006466805934906006,True
0,31,1784808026.2385466,8,0.00466465950012207,0.0005830824375152588,True
0,32,1784808026.2436671,8,0.005223274230957031,0.0006529092788696289,True
0,33,1784808026.2495134,8,0.0061571598052978516,0.0007696449756622314,True
0,34,1784808026.2565525,8,0.005855560302734375,0.0007319450378417969,True
0,35,1784808026.2629492,8,0.005583763122558594,0.0006979703903198242,True
0,36,1784808026.2688837,8,0.00659632682800293,0.0008245408535003662,True
0,37,1784808026.2766647,8,0.0058596134185791016,0.0007324516773223877,True
0,38,1784808026.2831647,8,0.00606846809387207,0.0007585585117340088,True
0,39,1784808026.2904491,8,0.00625920295715332,0.000782400369644165,True
0,40,1784808026.297429,8,0.005518674850463867,0.0006898343563079834,True
0,41,1784808026.3038843,8,0.0057337284088134766,0.0007167160511016846,True
0,42,1784808026.3100278,8,0.0060367584228515625,0.0007545948028564453,True
0,43,1784808026.3166342,8,0.006421089172363281,0.0008026361465454102,True
0,44,1784808026.3244689,8,0.007568359375,0.000946044921875,True
0,45,1784808026.3336456,8,0.007540464401245117,0.0009425580501556396,True
0,46,1784808026.341688,8,0.005886077880859375,0.0007357597351074219,True
0,47,1784808026.348611,8,0.005433320999145508,0.0006791651248931885,True
0,48,1784808026.3547218,8,0.006106853485107422,0.0007633566856384277,True
0,49,1784808026.3613324,8,0.007591724395751953,0.0009489655494689941,True
0,50,1784808026.3693285,8,0.005321979522705078,0.0006652474403381348,True
0,51,1784808026.3762412,8,0.008005857467651367,0.001000732183456421,True
0,52,1784808026.384759,8,0.007721900939941406,0.0009652376174926758,True
0,53,1784808026.3932583,8,0.006102323532104492,0.0007627904415130615,True
0,54,1784808026.4002457,8,0.007067680358886719,0.0008834600448608398,True
0,55,1784808026.40802,8,0.012077093124389648,0.001509636640548706,True
0,56,1784808026.4217021,8,0.006918668746948242,0.0008648335933685303,True
0,57,1784808026.4293764,8,0.007432699203491211,0.0009290874004364014,True
0,58,1784808026.4378262,8,0.006589651107788086,0.0008237063884735107,True
0,59,1784808026.4449363,8,0.007323026657104492,0.0009153783321380615,True
0,60,1784808026.4530451,8,0.007516622543334961,0.0009395778179168701,True
0,61,1784808026.4612496,8,0.007134675979614258,0.0008918344974517822,True
0,62,1784808026.4699304,8,0.007467746734619141,0.0009334683418273926,True
0,63,1784808026.4786046,8,0.006939888000488281,0.0008674860000610352,True
0,64,1784808026.4860413,8,0.0070612430572509766,0.0008826553821563721,True
0,65,1784808026.4940085,8,0.007520198822021484,0.0009400248527526855,True
0,66,1784808026.5020757,8,0.009125232696533203,0.0011406540870666504,True
0,67,1784808026.512526,8,0.008565902709960938,0.0010707378387451172,True
0,68,1784808026.522267,8,0.00851297378540039,0.0010641217231750488,True
0,69,1784808026.5317078,8,0.009259223937988281,0.0011574029922485352,True
0,70,1784808026.5416024,8,0.007441043853759766,0.0009301304817199707,True
0,71,1784808026.5496478,8,0.007220745086669922,0.0009025931358337402,True
0,72,1784808026.5624394,8,0.0072383880615234375,0.0009047985076904297,True
0,73,1784808026.5703084,8,0.008517980575561523,0.0010647475719451904,True
0,74,1784808026.5803208,8,0.006972312927246094,0.0008715391159057617,True
0,75,1784808026.5881696,8,0.010294914245605469,0.0012868642807006836,True
0,76,1784808026.5996854,8,0.008631229400634766,0.0010789036750793457,True
0,77,1784808026.609055,8,0.012524127960205078,0.0015655159950256348,True
0,78,1784808026.6237013,8,0.0074825286865234375,0.0009353160858154297,True
0,79,1784808026.6319256,8,0.00783848762512207,0.0009798109531402588,True
0,80,1784808026.6405368,8,0.010630130767822266,0.0013287663459777832,True
0,81,1784808026.6545534,8,0.00993204116821289,0.0012415051460266113,True
0,82,1784808026.6652553,8,0.013176202774047852,0.0016470253467559814,True
0,83,1784808026.679993,8,0.009447813034057617,0.0011809766292572021,True
0,84,1784808026.690184,8,0.010537862777709961,0.0013172328472137451,True
0,85,1784808026.7013197,8,0.011164188385009766,0.0013955235481262207,True
0,86,1784808026.716781,8,0.005960941314697266,0.0007451176643371582,True
0,87,1784808026.7309852,8,0.01227259635925293,0.0015340745449066162,True
0,88,1784808026.7509098,8,0.00978398323059082,0.0012229979038238525,True
0,89,1784808026.7618487,8,0.011811494827270508,0.0014764368534088135,True
0,90,1784808026.7744617,8,0.012279033660888672,0.001534879207611084,True
0,91,1784808026.7872577,8,0.013092279434204102,0.0016365349292755127,True
0,92,1784808026.8096464,8,0.007064104080200195,0.0008830130100250244,True
0,93,1784808026.826872,8,0.012366771697998047,0.0015458464622497559,True
0,94,1784808026.8407652,8,0.012180328369140625,0.0015225410461425781,True
0,95,1784808026.8533878,8,0.013501405715942383,0.0016876757144927979,True
0,96,1784808026.867499,8,0.014104843139648438,0.0017631053924560547,True
0,97,1784808026.8836036,8,0.014024019241333008,0.001753002405166626,True
0,98,1784808026.8982432,8,0.014748096466064453,0.0018435120582580566,True
0,99,1784808026.9155922,8,0.011896371841430664,0.001487046480178833,True
0,100,1784808026.9282713,8,0.017139673233032227,0.0021424591541290283,True
0,101,1784808026.951376,8,0.009739160537719727,0.0012173950672149658,True
0,102,1784808026.96577,8,0.008814096450805664,0.001101762056350708,True
0,103,1784808026.9869516,8,0.007921934127807617,0.0009902417659759521,True
0,104,1784808027.0069668,8,0.005614042282104492,0.0007017552852630615,True
0,105,1784808027.0201397,8,0.01757335662841797,0.002196669578552246,True
0,106,1784808027.0386865,8,0.017351388931274414,0.0021689236164093018,True
0,107,1784808027.0582092,8,0.01830434799194336,0.00228804349899292,True
0,108,1784808027.0845716,8,0.007991552352905273,0.0009989440441131592,True
0,109,1784808027.110301,8,0.007481098175048828,0.0009351372718811035,True
0,110,1784808027.1301687,8,0.008530139923095703,0.0010662674903869629,True
0,111,1784808027.150363,8,0.013101577758789062,0.0016376972198486328,True
0,112,1784808027.178375,8,0.0074558258056640625,0.0009319782257080078,True
0,113,1784808027.2022223,8,0.00881648063659668,0.001102060079574585,True
0,114,1784808027.2259827,8,0.00555729866027832,0.00069466233253479,True
0,115,1784808027.2442808,8,0.013724088668823242,0.0017155110836029053,True
0,116,1784808027.2680411,8,0.013614416122436523,0.0017018020153045654,True
0,117,1784808027.2887683,8,0.013448953628540039,0.0016811192035675049,True
0,118,1784808027.3091552,8,0.01274418830871582,0.0015930235385894775,True
0,119,1784808027.33428,8,0.00803828239440918,0.0010047852993011475,True
0,120,1784808027.3572361,8,0.007817745208740234,0.0009772181510925293,True
0,121,1784808027.3769236,8,0.008818864822387695,0.001102358102798462,True
0,122,1784808027.3937862,8,0.012519598007202148,0.0015649497509002686,True
0,123,1784808027.4183774,8,0.011368751525878906,0.0014210939407348633,True
0,124,1784808027.433185,8,0.017409563064575195,0.0021761953830718994,True
0,125,1784808027.4513922,8,0.01874542236328125,0.0023431777954101562,True
0,126,1784808027.470961,8,0.0183565616607666,0.002294570207595825,True
0,127,1784808027.4896157,8,0.020226478576660156,0.0025283098220825195,True
0,128,1784808027.510228,8,0.02007460594177246,0.0025093257427215576,True
0,129,1784808027.531102,8,0.020067691802978516,0.0025084614753723145,True
0,130,1784808027.5540454,8,0.016297578811645508,0.0020371973514556885,True
0,131,1784808027.5712125,8,0.018924474716186523,0.0023655593395233154,True
0,132,1784808027.5905168,8,0.02106928825378418,0.0026336610317230225,True
0,133,1784808027.6118548,8,0.021342039108276367,0.002667754888534546,True
0,134,1784808027.633768,8,0.020406007766723633,0.002550750970840454,True
0,135,1784808027.6546683,8,0.020624876022338867,0.0025781095027923584,True
0,136,1784808027.676862,8,0.01840829849243164,0.002301037311553955,True
0,137,1784808027.6956153,8,0.019313812255859375,0.002414226531982422,True
0,138,1784808027.7152445,8,0.02103424072265625,0.0026292800903320312,True
0,139,1784808027.7374604,8,0.019122600555419922,0.0023903250694274902,True
0,140,1784808027.7569256,8,0.019634485244750977,0.002454310655593872,True
0,141,1784808027.7771885,8,0.019876718521118164,0.0024845898151397705,True
0,142,1784808027.7973797,8,0.020185232162475586,0.0025231540203094482,True
0,143,1784808027.8180435,8,0.01943349838256836,0.002429187297821045,True
0,144,1784808027.8380382,8,0.019473791122436523,0.0024342238903045654,True
0,145,1784808027.85811,8,0.02047276496887207,0.002559095621109009,True
0,146,1784808027.8788905,8,0.020029067993164062,0.002503633499145508,True
0,147,1784808027.8994062,8,0.01911163330078125,0.0023889541625976562,True
0,148,1784808027.9189205,8,0.020233631134033203,0.0025292038917541504,True
0,149,1784808027.9395988,8,0.02073216438293457,0.0025915205478668213,True
0,150,1784808027.9607742,8,0.01995372772216797,0.002494215965270996,True
0,151,1784808027.9810174,8,0.02048206329345703,0.002560257911682129,True
0,152,1784808028.0024881,8,0.019083499908447266,0.002385437488555908,True
0,153,1784808028.022054,8,0.020639419555664062,0.002579927444458008,True
0,154,1784808028.0448425,8,0.021446704864501953,0.002680838108062744,True
0,155,1784808028.0667365,8,0.02285289764404297,0.002856612205505371,True
0,156,1784808028.0909717,8,0.02033376693725586,0.0025417208671569824,True
0,157,1784808028.1129608,8,0.021670103073120117,0.0027087628841400146,True
0,158,1784808028.1349566,8,0.019179105758666992,0.002397388219833374,True
0,159,1784808028.155346,8,0.017970800399780273,0.002246350049972534,True
0,160,1784808028.1738565,8,0.019287109375,0.002410888671875,True
0,161,1784808028.1935296,8,0.02331089973449707,0.002913862466812134,True
0,162,1784808028.2171087,8,0.021414756774902344,0.002676844596862793,True
0,163,1784808028.2388306,8,0.018324851989746094,0.0022906064987182617,True
0,164,1784808028.2580075,8,0.019170522689819336,0.002396315336227417,True
0,165,1784808028.279839,8,0.01958751678466797,0.002448439598083496,True
0,166,1784808028.299717,8,0.020753145217895508,0.0025941431522369385,True
0,167,1784808028.3208191,8,0.019620180130004883,0.0024525225162506104,True
0,168,1784808028.3409176,8,0.02207660675048828,0.002759575843811035,True
0,169,1784808028.3635612,8,0.02019786834716797,0.002524733543395996,True
0,170,1784808028.384242,8,0.0191342830657959,0.0023917853832244873,True
0,171,1784808028.4042997,8,0.017428874969482422,0.0021786093711853027,True
0,172,1784808028.4221418,8,0.019913673400878906,0.0024892091751098633,True
0,173,1784808028.4426155,8,0.019830942153930664,0.002478867769241333,True
0,174,1784808028.463001,8,0.02316737174987793,0.002895921468734741,True
0,175,1784808028.4867308,8,0.0200498104095459,0.0025062263011932373,True
0,176,1784808028.5071409,8,0.020619869232177734,0.002577483654022217,True
0,177,1784808028.5280635,8,0.01897263526916504,0.00237157940864563,True
0,178,1784808028.5475407,8,0.02086353302001953,0.0026079416275024414,True
0,179,1784808028.5686927,8,0.01845073699951172,0.002306342124938965,True
0,180,1784808028.5874898,8,0.022159337997436523,0.0027699172496795654,True
0,181,1784808028.6103995,8,0.019407987594604492,0.0024259984493255615,True
0,182,1784808028.6302125,8,0.018590927124023438,0.0023238658905029297,True
0,183,1784808028.6501374,8,0.021263599395751953,0.002657949924468994,True
0,184,1784808028.6722114,8,0.02028679847717285,0.0025358498096466064,True
0,185,1784808028.6932068,8,0.02144169807434082,0.0026802122592926025,True
0,186,1784808028.7149398,8,0.020134925842285156,0.0025168657302856445,True
0,187,1784808028.7354314,8,0.02061915397644043,0.0025773942470550537,True
0,188,1784808028.7563674,8,0.019268035888671875,0.0024085044860839844,True
0,189,1784808028.7760658,8,0.021753549575805664,0.002719193696975708,True
0,190,1784808028.7989128,8,0.018742799758911133,0.0023428499698638916,True
0,191,1784808028.818138,8,0.020751953125,0.002593994140625,True
0,192,1784808028.8393078,8,0.019519805908203125,0.0024399757385253906,True
0,193,1784808028.8606482,8,0.019586801528930664,0.002448350191116333,True
0,194,1784808028.881371,8,0.021084308624267578,0.0026355385780334473,True
0,195,1784808028.9027567,8,0.019226551055908203,0.0024033188819885254,True
0,196,1784808028.9225066,8,0.020160675048828125,0.0025200843811035156,True
0,197,1784808028.9429994,8,0.020994186401367188,0.0026242733001708984,True
0,198,1784808028.9650056,8,0.02102494239807129,0.002628117799758911,True
0,199,1784808028.9885461,8,0.021224021911621094,0.0026530027389526367,True
0,200,1784808029.010216,8,0.019665002822875977,0.002458125352859497,True
0,201,1784808029.0304835,8,0.0202176570892334,0.002527207136154175,True
0,202,1784808029.051099,8,0.021230220794677734,0.002653777599334717,True
0,203,1784808029.072699,8,0.02083587646484375,0.0026044845581054688,True
0,204,1784808029.0942004,8,0.019060134887695312,0.002382516860961914,True
0,205,1784808029.113613,8,0.019454479217529297,0.002431809902191162,True
0,206,1784808029.1334062,8,0.02300286293029785,0.0028753578662872314,True
0,207,1784808029.156773,8,0.020074844360351562,0.0025093555450439453,True
0,208,1784808029.1777592,8,0.0199124813079834,0.002489060163497925,True
0,209,1784808029.1983056,8,0.021023988723754883,0.0026279985904693604,True
0,210,1784808029.2196648,8,0.02089095115661621,0.0026113688945770264,True
0,211,1784808029.2408965,8,0.019842147827148438,0.0024802684783935547,True
0,212,1784808029.261063,8,0.020499229431152344,0.002562403678894043,True
0,213,1784808029.2820363,8,0.019646644592285156,0.0024558305740356445,True
0,214,1784808029.3031797,8,0.021577835083007812,0.0026972293853759766,True
0,215,1784808029.3251126,8,0.0189359188079834,0.002366989850997925,True
0,216,1784808029.3445156,8,0.020183801651000977,0.002522975206375122,True
0,217,1784808029.3651483,8,0.01960301399230957,0.0024503767490386963,True
0,218,1784808029.3854566,8,0.019921064376831055,0.002490133047103882,True
0,219,1784808029.4058921,8,0.02165508270263672,0.00270688533782959,True
0,220,1784808029.4281232,8,0.01992058753967285,0.0024900734424591064,True
0,221,1784808029.4485993,8,0.019602298736572266,0.002450287342071533,True
0,222,1784808029.4684997,8,0.023134946823120117,0.0028918683528900146,True
0,223,1784808029.492863,8,0.019772768020629883,0.0024715960025787354,True
0,224,1784808029.5130632,8,0.021728515625,0.002716064453125,True
0,225,1784808029.535238,8,0.01999211311340332,0.002499014139175415,True
0,226,1784808029.5556064,8,0.020084619522094727,0.002510577440261841,True
0,227,1784808029.57699,8,0.02137470245361328,0.00267183780670166,True
0,228,1784808029.5991418,8,0.019345760345458984,0.002418220043182373,True
0,229,1784808029.6189437,8,0.02082085609436035,0.002602607011795044,True
0,230,1784808029.6402044,8,0.020404815673828125,0.0025506019592285156,True
0,231,1784808029.66086,8,0.02335381507873535,0.002919226884841919,True
0,232,1784808029.684807,8,0.020867347717285156,0.0026084184646606445,True
0,233,1784808029.7065485,8,0.021007061004638672,0.002625882625579834,True
0,234,1784808029.728124,8,0.019769668579101562,0.0024712085723876953,True
0,235,1784808029.7483525,8,0.019388914108276367,0.002423614263534546,True
0,236,1784808029.7682636,8,0.02011728286743164,0.002514660358428955,True
0,237,1784808029.7888315,8,0.020310401916503906,0.0025388002395629883,True
0,238,1784808029.8096516,8,0.018898963928222656,0.002362370491027832,True
0,239,1784808029.829309,8,0.0192718505859375,0.0024089813232421875,True
0,240,1784808029.8488646,8,0.020081520080566406,0.0025101900100708008,True
0,241,1784808029.869547,8,0.019523143768310547,0.0024403929710388184,True
0,242,1784808029.8894534,8,0.020956039428710938,0.002619504928588867,True
0,243,1784808029.910756,8,0.019536256790161133,0.0024420320987701416,True
0,244,1784808029.9306018,8,0.02096414566040039,0.002620518207550049,True
0,245,1784808029.9528654,8,0.019967079162597656,0.002495884895324707,True
0,246,1784808029.9733453,8,0.01928091049194336,0.00241011381149292,True
0,247,1784808029.993414,8,0.0204617977142334,0.002557724714279175,True
0,248,1784808030.0145721,8,0.020961284637451172,0.0026201605796813965,True
0,249,1784808030.0368516,8,0.019949913024902344,0.002493739128112793,True
0,250,1784808030.05753,8,0.021375179290771484,0.0026718974113464355,True
0,251,1784808030.079351,8,0.02037835121154785,0.0025472939014434814,True
0,252,1784808030.1009192,8,0.01959514617919922,0.0024493932723999023,True
0,253,1784808030.1208215,8,0.022768497467041016,0.002846062183380127,True
0,254,1784808030.1441321,8,0.01870250701904297,0.002337813377380371,True
0,255,1784808030.1631267,8,0.021029233932495117,0.0026286542415618896,True
0,256,1784808030.1845102,8,0.019743919372558594,0.0024679899215698242,True
0,257,1784808030.2046142,8,0.020578861236572266,0.002572357654571533,True
0,258,1784808030.2255962,8,0.020209550857543945,0.002526193857192993,True
0,259,1784808030.2461207,8,0.020205974578857422,0.0025257468223571777,True
0,260,1784808030.2666478,8,0.019666671752929688,0.002458333969116211,True
0,261,1784808030.286746,8,0.02029895782470703,0.002537369728088379,True
0,262,1784808030.3074384,8,0.021823883056640625,0.002727985382080078,True
0,263,1784808030.3299987,8,0.0192415714263916,0.00240519642829895,True
0,264,1784808030.349621,8,0.021999835968017578,0.0027499794960021973,True
0,265,1784808030.3720157,8,0.01851820945739746,0.0023147761821746826,True
0,266,1784808030.392309,8,0.02062201499938965,0.002577751874923706,True
0,267,1784808030.4133515,8,0.02045893669128418,0.0025573670864105225,True
0,268,1784808030.4343777,8,0.019526243209838867,0.0024407804012298584,True
0,269,1784808030.4542592,8,0.02048516273498535,0.002560645341873169,True
0,270,1784808030.4759526,8,0.0211942195892334,0.002649277448654175,True
0,271,1784808030.4977202,8,0.021196365356445312,0.002649545669555664,True
0,272,1784808030.5194037,8,0.01848578453063965,0.002310723066329956,True
0,273,1784808030.5396907,8,0.021288394927978516,0.0026610493659973145,True
0,274,1784808030.5648246,8,0.015749692916870117,0.0019687116146087646,True
0,275,1784808030.5817473,8,0.021208524703979492,0.0026510655879974365,True
0,276,1784808030.603726,8,0.02272200584411621,0.0028402507305145264,True
0,277,1784808030.6268387,8,0.02077651023864746,0.0025970637798309326,True
0,278,1784808030.6479437,8,0.021524906158447266,0.002690613269805908,True
0,279,1784808030.669941,8,0.021770715713500977,0.002721339464187622,True
0,280,1784808030.6920798,8,0.019936800003051758,0.0024921000003814697,True
0,281,1784808030.7128913,8,0.020201444625854492,0.0025251805782318115,True
0,282,1784808030.7335439,8,0.021625995635986328,0.002703249454498291,True
0,283,1784808030.7560322,8,0.019418001174926758,0.0024272501468658447,True
0,284,1784808030.7766473,8,0.020002126693725586,0.0025002658367156982,True
0,285,1784808030.797393,8,0.0193021297454834,0.002412766218185425,True
0,286,1784808030.8174536,8,0.02166295051574707,0.002707868814468384,True
0,287,1784808030.839735,8,0.02062392234802246,0.0025779902935028076,True
0,288,1784808030.861235,8,0.020772695541381836,0.0025965869426727295,True
0,289,1784808030.8825245,8,0.02186107635498047,0.0027326345443725586,True
0,290,1784808030.904774,8,0.021809816360473633,0.002726227045059204,True
0,291,1784808030.9270546,8,0.023046016693115234,0.0028807520866394043,True
0,292,1784808030.950401,8,0.020392417907714844,0.0025490522384643555,True
0,293,1784808030.971235,8,0.020850419998168945,0.002606302499771118,True
0,294,1784808030.9924033,8,0.020359516143798828,0.0025449395179748535,True
0,295,1784808031.0137007,8,0.01996016502380371,0.002495020627975464,True
0,296,1784808031.0343053,8,0.020758628845214844,0.0025948286056518555,True
0,297,1784808031.0555615,8,0.02093219757080078,0.0026165246963500977,True
0,298,1784808031.0813782,8,0.01616525650024414,0.0020206570625305176,True
0,299,1784808031.097956,8,0.020645856857299805,0.0025807321071624756,True
0,300,1784808031.1189785,8,0.021934032440185547,0.0027417540550231934,True
0,301,1784808031.1415393,8,0.02114129066467285,0.0026426613330841064,True
0,302,1784808031.1630707,8,0.0217587947845459,0.0027198493480682373,True
0,303,1784808031.185876,8,0.018384933471679688,0.002298116683959961,True
0,304,1784808031.205139,8,0.019596099853515625,0.002449512481689453,True
0,305,1784808031.225825,8,0.019768476486206055,0.002471059560775757,True
0,306,1784808031.247249,8,0.020174741744995117,0.0025218427181243896,True
0,307,1784808031.2678444,8,0.02114725112915039,0.002643406391143799,True
0,308,1784808031.2894292,8,0.02053666114807129,0.002567082643508911,True
0,309,1784808031.3104432,8,0.02029109001159668,0.002536386251449585,True
0,310,1784808031.3315454,8,0.021379947662353516,0.0026724934577941895,True
0,311,1784808031.3533366,8,0.021819114685058594,0.0027273893356323242,True
0,312,1784808031.3758655,8,0.021090984344482422,0.0026363730430603027,True
0,313,1784808031.3982584,8,0.019295215606689453,0.0024119019508361816,True
0,314,1784808031.418051,8,0.01884603500366211,0.0023557543754577637,True
0,315,1784808031.437556,8,0.02262139320373535,0.002827674150466919,True
0,316,1784808031.4614127,8,0.019962787628173828,0.0024953484535217285,True
0,317,1784808031.4823277,8,0.020665645599365234,0.0025832056999206543,True
0,318,1784808031.5034063,8,0.022202253341674805,0.0027752816677093506,True
0,319,1784808031.5261893,8,0.01792454719543457,0.0022405683994293213,True
0,320,1784808031.5446389,8,0.01952195167541504,0.00244024395942688,True
0,321,1784808031.5646005,8,0.01988077163696289,0.0024850964546203613,True
0,322,1784808031.5851967,8,0.01975870132446289,0.0024698376655578613,True
0,323,1784808031.6055276,8,0.02039337158203125,0.0025491714477539062,True
0,324,1784808031.626511,8,0.01887345314025879,0.0023591816425323486,True
0,325,1784808031.6462538,8,0.02096867561340332,0.002621084451675415,True
0,326,1784808031.6679652,8,0.021575927734375,0.002696990966796875,True
0,327,1784808031.6901095,8,0.02126789093017578,0.0026584863662719727,True
0,328,1784808031.712104,8,0.01962137222290039,0.002452671527862549,True
0,329,1784808031.73204,8,0.02216315269470215,0.0027703940868377686,True
0,330,1784808031.7545195,8,0.01852250099182129,0.002315312623977661,True
0,331,1784808031.773473,8,0.020276546478271484,0.0025345683097839355,True
0,332,1784808031.7941465,8,0.01977372169494629,0.002471715211868286,True
0,333,1784808031.8143861,8,0.019292354583740234,0.0024115443229675293,True
0,334,1784808031.8349764,8,0.020209550857543945,0.002526193857192993,True
0,335,1784808031.8555818,8,0.021209001541137695,0.002651125192642212,True
0,336,1784808031.8780658,8,0.019206762313842773,0.0024008452892303467,True
0,337,1784808031.8977013,8,0.021266460418701172,0.0026583075523376465,True
0,338,1784808031.919448,8,0.018977642059326172,0.0023722052574157715,True
0,339,1784808031.9391325,8,0.019600629806518555,0.0024500787258148193,True
0,340,1784808031.959372,8,0.0193173885345459,0.0024146735668182373,True
0,341,1784808031.9795215,8,0.019608020782470703,0.002451002597808838,True
0,342,1784808031.9997041,8,0.01996779441833496,0.00249597430229187,True
0,343,1784808032.0202446,8,0.021647214889526367,0.002705901861190796,True
0,344,1784808032.0437589,8,0.02068042755126953,0.0025850534439086914,True
0,345,1784808032.0647979,8,0.018805503845214844,0.0023506879806518555,True
0,346,1784808032.083907,8,0.020868539810180664,0.002608567476272583,True
0,347,1784808032.1060956,8,0.022563695907592773,0.0028204619884490967,True
0,348,1784808032.129503,8,0.02131795883178711,0.0026647448539733887,True
0,349,1784808032.1516628,8,0.0189969539642334,0.002374619245529175,True
0,350,1784808032.1722348,8,0.020044565200805664,0.002505570650100708,True
0,351,1784808032.1926124,8,0.02081608772277832,0.00260201096534729,True
0,352,1784808032.2142994,8,0.019211769104003906,0.0024014711380004883,True
0,353,1784808032.2338693,8,0.022102832794189453,0.0027628540992736816,True
0,354,1784808032.2563837,8,0.021409034729003906,0.0026761293411254883,True
0,355,1784808032.2785583,8,0.018311262130737305,0.002288907766342163,True
0,356,1784808032.298138,8,0.020474672317504883,0.0025593340396881104,True
0,357,1784808032.3189936,8,0.020437240600585938,0.002554655075073242,True
0,358,1784808032.3398116,8,0.019852399826049805,0.0024815499782562256,True
0,359,1784808032.3601089,8,0.020769596099853516,0.0025961995124816895,True
0,360,1784808032.3814456,8,0.02028965950012207,0.002536207437515259,True
0,361,1784808032.4022949,8,0.020520448684692383,0.002565056085586548,True
0,362,1784808032.4235477,8,0.020215511322021484,0.0025269389152526855,True
0,363,1784808032.444243,8,0.021796703338623047,0.002724587917327881,True
0,364,1784808032.4664774,8,0.01917862892150879,0.0023973286151885986,True
0,365,1784808032.4861348,8,0.02010345458984375,0.0025129318237304688,True
0,366,1784808032.5071962,8,0.019179344177246094,0.0023974180221557617,True
0,367,1784808032.5267098,8,0.019221067428588867,0.0024026334285736084,True
0,368,1784808032.5464182,8,0.02104330062866211,0.0026304125785827637,True
0,369,1784808032.5677438,8,0.020352840423583984,0.002544105052947998,True
0,370,1784808032.5888278,8,0.018791675567626953,0.002348959445953369,True
0,371,1784808032.6099248,8,0.01875925064086914,0.0023449063301086426,True
0,372,1784808032.6293008,8,0.020147323608398438,0.0025184154510498047,True
0,373,1784808032.6499038,8,0.02065420150756836,0.002581775188446045,True
0,374,1784808032.6711469,8,0.02071356773376465,0.002589195966720581,True
0,375,1784808032.6927083,8,0.022153377532958984,0.002769172191619873,True
0,376,1784808032.7156909,8,0.020938396453857422,0.0026172995567321777,True
0,377,1784808032.737709,8,0.020871877670288086,0.0026089847087860107,True
0,378,1784808032.7604969,8,0.01790904998779297,0.002238631248474121,True
0,379,1784808032.7790594,8,0.021394729614257812,0.0026743412017822266,True
0,380,1784808032.8011873,8,0.020102977752685547,0.0025128722190856934,True
0,381,1784808032.8225453,8,0.020424365997314453,0.0025530457496643066,True
0,382,1784808032.8436668,8,0.0200498104095459,0.0025062263011932373,True
0,383,1784808032.864143,8,0.019792795181274414,0.0024740993976593018,True
0,384,1784808032.8844526,8,0.02210545539855957,0.0027631819248199463,True
0,385,1784808032.9071162,8,0.019026756286621094,0.0023783445358276367,True
0,386,1784808032.926822,8,0.021648645401000977,0.002706080675125122,True
0,387,1784808032.948806,8,0.019443750381469727,0.002430468797683716,True
0,388,1784808032.9685526,8,0.0208437442779541,0.0026054680347442627,True
0,389,1784808032.9897466,8,0.020826339721679688,0.002603292465209961,True
0,390,1784808033.0118217,8,0.02038121223449707,0.002547651529312134,True
0,391,1784808033.0325603,8,0.021028757095336914,0.0026285946369171143,True
0,392,1784808033.0546079,8,0.021021604537963867,0.0026277005672454834,True
0,393,1784808033.0765905,8,0.020238876342773438,0.0025298595428466797,True
0,394,1784808033.0972693,8,0.02030801773071289,0.0025385022163391113,True
0,395,1784808033.1180084,8,0.018654346466064453,0.0023317933082580566,True
0,396,1784808033.1373556,8,0.018797874450683594,0.0023497343063354492,True
0,397,1784808033.1565092,8,0.0209195613861084,0.00261494517326355,True
0,398,1784808033.177861,8,0.020612001419067383,0.002576500177383423,True
0,399,1784808033.198937,8,0.02025890350341797,0.002532362937927246,True
0,400,1784808033.219583,8,0.020336627960205078,0.0025420784950256348,True
0,401,1784808033.240725,8,0.02075791358947754,0.0025947391986846924,True
0,402,1784808033.2620175,8,0.020282268524169922,0.0025352835655212402,True
0,403,1784808033.2839692,8,0.020821571350097656,0.002602696418762207,True
0,404,1784808033.305644,8,0.01634669303894043,0.0020433366298675537,True
0,405,1784808033.3223782,8,0.020096540451049805,0.0025120675563812256,True
0,406,1784808033.3434405,8,0.021770715713500977,0.002721339464187622,True
0,407,1784808033.3655572,8,0.019234180450439453,0.0024042725563049316,True
0,408,1784808033.3854055,8,0.022045373916625977,0.002755671739578247,True
0,409,1784808033.4078166,8,0.01961231231689453,0.0024515390396118164,True
0,410,1784808033.428163,8,0.020994901657104492,0.0026243627071380615,True
0,411,1784808033.449998,8,0.019181489944458008,0.002397686243057251,True
0,412,1784808033.4702492,8,0.021138429641723633,0.002642303705215454,True
0,413,1784808033.4917698,8,0.020771503448486328,0.002596437931060791,True
0,414,1784808033.5137076,8,0.019455909729003906,0.0024319887161254883,True
0,415,1784808033.5335681,8,0.018971681594848633,0.002371460199356079,True
0,416,1784808033.5535092,8,0.020793676376342773,0.0025992095470428467,True
0,417,1784808033.575197,8,0.020331144332885742,0.0025413930416107178,True
0,418,1784808033.5959375,8,0.02048516273498535,0.002560645341873169,True
0,419,1784808033.6167042,8,0.021063804626464844,0.0026329755783081055,True
0,420,1784808033.6381662,8,0.018364906311035156,0.0022956132888793945,True
0,421,1784808033.6570084,8,0.01962733268737793,0.002453416585922241,True
0,422,1784808033.6777925,8,0.0204925537109375,0.0025615692138671875,True
0,423,1784808033.6986775,8,0.021157503128051758,0.0026446878910064697,True
0,424,1784808033.720158,8,0.02135777473449707,0.002669721841812134,True
0,425,1784808033.7418275,8,0.019515514373779297,0.002439439296722412,True
0,426,1784808033.7643838,8,0.022353410720825195,0.0027941763401031494,True
0,427,1784808033.7873867,8,0.019883394241333008,0.002485424280166626,True
0,428,1784808033.8081224,8,0.020287513732910156,0.0025359392166137695,True
0,429,1784808033.8288658,8,0.019601106643676758,0.0024501383304595947,True
0,430,1784808033.8488328,8,0.023126602172851562,0.0028908252716064453,True
0,431,1784808033.8725631,8,0.019147396087646484,0.0023934245109558105,True
0,432,1784808033.8936496,8,0.021884441375732422,0.0027355551719665527,True
0,433,1784808033.917334,8,0.019327163696289062,0.002415895462036133,True
0,434,1784808033.9375043,8,0.021266698837280273,0.002658337354660034,True
0,435,1784808033.9590793,8,0.01924872398376465,0.002406090497970581,True
0,436,1784808033.9793284,8,0.019961118698120117,0.0024951398372650146,True
0,437,1784808033.9999936,8,0.022408246994018555,0.0028010308742523193,True
0,438,1784808034.023562,8,0.021309375762939453,0.0026636719703674316,True
0,439,1784808034.0453846,8,0.021053314208984375,0.002631664276123047,True
0,440,1784808034.066911,8,0.021052837371826172,0.0026316046714782715,True
0,441,1784808034.08834,8,0.020741701126098633,0.002592712640762329,True
0,442,1784808034.1103706,8,0.01960444450378418,0.0024505555629730225,True
0,443,1784808034.1303356,8,0.021209716796875,0.002651214599609375,True
0,444,1784808034.1522992,8,0.02130866050720215,0.0026635825634002686,True
0,445,1784808034.175838,8,0.020521163940429688,0.002565145492553711,True
0,446,1784808034.196795,8,0.020981311798095703,0.002622663974761963,True
0,447,1784808034.219113,8,0.019324302673339844,0.0024155378341674805,True
0,448,1784808034.2397056,8,0.021988630294799805,0.0027485787868499756,True
0,449,1784808034.2620146,8,0.01994776725769043,0.0024934709072113037,True
0,450,1784808034.2823744,8,0.021235942840576172,0.0026544928550720215,True
0,451,1784808034.3039334,8,0.02135491371154785,0.0026693642139434814,True
0,452,1784808034.3258564,8,0.020661115646362305,0.002582639455795288,True
0,453,1784808034.3469763,8,0.019669055938720703,0.002458631992340088,True
0,454,1784808034.3670144,8,0.02036285400390625,0.0025453567504882812,True
0,455,1784808034.388277,8,0.022457122802734375,0.002807140350341797,True
0,456,1784808034.4113827,8,0.020176410675048828,0.0025220513343811035,True
0,457,1784808034.4319093,8,0.022606372833251953,0.002825796604156494,True
0,458,1784808034.454784,8,0.019022464752197266,0.002377808094024658,True
0,459,1784808034.474235,8,0.020493030548095703,0.002561628818511963,True
0,460,1784808034.4951615,8,0.02053070068359375,0.0025663375854492188,True
0,461,1784808034.517175,8,0.019135713577270508,0.0023919641971588135,True
0,462,1784808034.5367713,8,0.02062845230102539,0.002578556537628174,True
0,463,1784808034.557759,8,0.021709442138671875,0.0027136802673339844,True
0,464,1784808034.5798566,8,0.01939225196838379,0.0024240314960479736,True
0,465,1784808034.600864,8,0.019842863082885742,0.0024803578853607178,True
0,466,1784808034.6213632,8,0.018548965454101562,0.0023186206817626953,True
0,467,1784808034.640383,8,0.019920825958251953,0.002490103244781494,True
0,468,1784808034.6608462,8,0.020364999771118164,0.0025456249713897705,True
0,469,1784808034.6815698,8,0.01942157745361328,0.00242769718170166,True
0,470,1784808034.701471,8,0.020441055297851562,0.0025551319122314453,True
0,471,1784808034.7222445,8,0.019774913787841797,0.0024718642234802246,True
0,472,1784808034.7433424,8,0.019206762313842773,0.0024008452892303467,True
0,473,1784808034.7629068,8,0.019418716430664062,0.002427339553833008,True
0,474,1784808034.7827358,8,0.020177602767944336,0.002522200345993042,True
0,475,1784808034.803664,8,0.02144479751586914,0.0026805996894836426,True
0,476,1784808034.8259494,8,0.020137548446655273,0.002517193555831909,True
0,477,1784808034.8467734,8,0.020056486129760742,0.0025070607662200928,True
0,478,1784808034.8671787,8,0.018921613693237305,0.002365201711654663,True
0,479,1784808034.88655,8,0.01917719841003418,0.0023971498012542725,True
0,480,1784808034.9060884,8,0.019279956817626953,0.002409994602203369,True
0,481,1784808034.9257424,8,0.02320122718811035,0.002900153398513794,True
0,482,1784808034.949327,8,0.020438194274902344,0.002554774284362793,True
0,483,1784808034.9701693,8,0.021609067916870117,0.0027011334896087646,True
0,484,1784808034.99211,8,0.019272565841674805,0.0024090707302093506,True
0,485,1784808035.011981,8,0.020974159240722656,0.002621769905090332,True
0,486,1784808035.033609,8,0.022867202758789062,0.002858400344848633,True
0,487,1784808035.0570903,8,0.019977092742919922,0.0024971365928649902,True
0,488,1784808035.0775764,8,0.02151942253112793,0.002689927816390991,True
0,489,1784808035.1004946,8,0.02068018913269043,0.0025850236415863037,True
0,490,1784808035.122054,8,0.020926475524902344,0.002615809440612793,True
0,491,1784808035.1436121,8,0.019236087799072266,0.002404510974884033,True
0,492,1784808035.163668,8,0.0201566219329834,0.002519577741622925,True
0,493,1784808035.1843748,8,0.019187450408935547,0.0023984313011169434,True
0,494,1784808035.2039378,8,0.020210981369018555,0.0025263726711273193,True
0,495,1784808035.2246327,8,0.022330760955810547,0.0027913451194763184,True
0,496,1784808035.247467,8,0.018691539764404297,0.002336442470550537,True
0,497,1784808035.2666297,8,0.019992828369140625,0.002499103546142578,True
0,498,1784808035.28704,8,0.02106451988220215,0.0026330649852752686,True
0,499,1784808035.3084264,8,0.021459341049194336,0.002682417631149292,True
0,500,1784808035.3302138,8,0.021855831146240234,0.0027319788932800293,True
0,501,1784808035.352416,8,0.021133899688720703,0.002641737461090088,True
0,502,1784808035.3748875,8,0.02169656753540039,0.002712070941925049,True
0,503,1784808035.3968794,8,0.023578405380249023,0.002947300672531128,True
0,504,1784808035.4207911,8,0.022522449493408203,0.0028153061866760254,True
0,505,1784808035.443971,8,0.021591663360595703,0.002698957920074463,True
0,506,1784808035.4671407,8,0.019411563873291016,0.002426445484161377,True
0,507,1784808035.48829,8,0.02062821388244629,0.002578526735305786,True
0,508,1784808035.5094473,8,0.019620180130004883,0.0024525225162506104,True
0,509,1784808035.5297747,8,0.020400524139404297,0.002550065517425537,True
0,510,1784808035.5507226,8,0.020229339599609375,0.002528667449951172,True
0,511,1784808035.571863,8,0.02085113525390625,0.0026063919067382812,True
0,512,1784808035.5933602,8,0.018784284591674805,0.0023480355739593506,True
0,513,1784808035.6126962,8,0.01906609535217285,0.0023832619190216064,True
0,514,1784808035.63243,8,0.018252849578857422,0.0022816061973571777,True
0,515,1784808035.6512434,8,0.01884937286376953,0.0023561716079711914,True
0,516,1784808035.6704688,8,0.021473407745361328,0.002684175968170166,True
0,517,1784808035.6927533,8,0.019765377044677734,0.002470672130584717,True
0,518,1784808035.71348,8,0.020014286041259766,0.0025017857551574707,True
0,519,1784808035.7339375,8,0.02029132843017578,0.0025364160537719727,True
0,520,1784808035.7547684,8,0.0217740535736084,0.00272175669670105,True
0,521,1784808035.7771502,8,0.02142620086669922,0.0026782751083374023,True
0,522,1784808035.8005722,8,0.0209658145904541,0.0026207268238067627,True
0,523,1784808035.8221745,8,0.019209861755371094,0.0024012327194213867,True
0,524,1784808035.8420796,8,0.022069454193115234,0.0027586817741394043,True
0,525,1784808035.8647227,8,0.020712852478027344,0.002589106559753418,True
0,526,1784808035.8862095,8,0.019662857055664062,0.002457857131958008,True
0,527,1784808035.907685,8,0.019123554229736328,0.002390444278717041,True
0,528,1784808035.9278984,8,0.01954197883605957,0.0024427473545074463,True
0,529,1784808035.9478357,8,0.02171778678894043,0.0027147233486175537,True
0,530,1784808035.9712117,8,0.01892876625061035,0.002366095781326294,True
0,531,1784808035.9905562,8,0.019137144088745117,0.0023921430110931396,True
0,532,1784808036.0102055,8,0.020234107971191406,0.0025292634963989258,True
0,533,1784808036.0313075,8,0.02053999900817871,0.002567499876022339,True
0,534,1784808036.0522552,8,0.01917266845703125,0.0023965835571289062,True
0,535,1784808036.0723023,8,0.020313739776611328,0.002539217472076416,True
0,536,1784808036.0931442,8,0.020150423049926758,0.0025188028812408447,True
0,537,1784808036.113643,8,0.02082514762878418,0.0026031434535980225,True
0,538,1784808036.1357698,8,0.020890474319458008,0.002611309289932251,True
0,539,1784808036.1571965,8,0.020455360412597656,0.002556920051574707,True
0,540,1784808036.1795347,8,0.02155017852783203,0.002693772315979004,True
0,541,1784808036.2018976,8,0.01902914047241211,0.0023786425590515137,True
0,542,1784808036.2213292,8,0.020370960235595703,0.002546370029449463,True
0,543,1784808036.2422347,8,0.020903825759887695,0.002612978219985962,True
0,544,1784808036.2638023,8,0.019176483154296875,0.0023970603942871094,True
0,545,1784808036.283381,8,0.021350622177124023,0.002668827772140503,True
0,546,1784808036.3052678,8,0.020242929458618164,0.0025303661823272705,True
0,547,1784808036.325872,8,0.02089095115661621,0.0026113688945770264,True
0,548,1784808036.3472414,8,0.020258188247680664,0.002532273530960083,True
0,549,1784808036.3679886,8,0.020777225494384766,0.0025971531867980957,True
0,550,1784808036.3891954,8,0.020676612854003906,0.0025845766067504883,True
0,551,1784808036.4104855,8,0.020702600479125977,0.002587825059890747,True
0,552,1784808036.4319408,8,0.021331310272216797,0.0026664137840270996,True
0,553,1784808036.454105,8,0.01862049102783203,0.002327561378479004,True
0,554,1784808036.473497,8,0.01936626434326172,0.002420783042907715,True
0,555,1784808036.4932451,8,0.0206146240234375,0.0025768280029296875,True
0,556,1784808036.514324,8,0.02017664909362793,0.002522081136703491,True
0,557,1784808036.5352004,8,0.01903057098388672,0.00237882137298584,True
0,558,1784808036.554867,8,0.020350933074951172,0.0025438666343688965,True
0,559,1784808036.5755205,8,0.020377397537231445,0.0025471746921539307,True
0,560,1784808036.5962627,8,0.019561290740966797,0.0024451613426208496,True
0,561,1784808036.6167986,8,0.0194854736328125,0.0024356842041015625,True
0,562,1784808036.6366484,8,0.018954753875732422,0.0023693442344665527,True
0,563,1784808036.656427,8,0.02040553092956543,0.0025506913661956787,True
0,564,1784808036.6773987,8,0.018999814987182617,0.002374976873397827,True
0,565,1784808036.6970448,8,0.02164912223815918,0.0027061402797698975,True
0,566,1784808036.7199066,8,0.020795822143554688,0.002599477767944336,True
0,567,1784808036.741086,8,0.01736927032470703,0.002171158790588379,True
0,568,1784808036.7588127,8,0.01919865608215332,0.002399832010269165,True
0,569,1784808036.7784438,8,0.020929813385009766,0.0026162266731262207,True
0,570,1784808036.7997541,8,0.019371986389160156,0.0024214982986450195,True
0,571,1784808036.81945,8,0.020874738693237305,0.002609342336654663,True
0,572,1784808036.840893,8,0.020943403244018555,0.0026179254055023193,True
0,573,1784808036.8622625,8,0.019192934036254883,0.0023991167545318604,True
0,574,1784808036.8818436,8,0.01992201805114746,0.0024902522563934326,True
0,575,1784808036.90326,8,0.020595550537109375,0.002574443817138672,True
0,576,1784808036.9251912,8,0.019657135009765625,0.002457141876220703,True
0,577,1784808036.9460168,8,0.021576642990112305,0.002697080373764038,True
0,578,1784808036.9682713,8,0.02144932746887207,0.002681165933609009,True
0,579,1784808036.9901001,8,0.020704030990600586,0.0025880038738250732,True
0,580,1784808037.012798,8,0.020849227905273438,0.0026061534881591797,True
0,581,1784808037.0352652,8,0.02028799057006836,0.002535998821258545,True
0,582,1784808037.055961,8,0.018436908721923828,0.0023046135902404785,True
0,583,1784808037.0751588,8,0.020861387252807617,0.002607673406600952,True
0,584,1784808037.0964198,8,0.019666194915771484,0.0024582743644714355,True
0,585,1784808037.1164155,8,0.020748615264892578,0.0025935769081115723,True
0,586,1784808037.1376746,8,0.01828455924987793,0.002285569906234741,True
0,587,1784808037.1571472,8,0.02018570899963379,0.0025232136249542236,True
0,588,1784808037.1777556,8,0.019771814346313477,0.0024714767932891846,True
0,589,1784808037.1981418,8,0.019797801971435547,0.0024747252464294434,True
0,590,1784808037.2182806,8,0.02156972885131836,0.002696216106414795,True
0,591,1784808037.2405474,8,0.019434690475463867,0.0024293363094329834,True
0,592,1784808037.2607949,8,0.019013166427612305,0.002376645803451538,True
0,593,1784808037.281624,8,0.021498918533325195,0.0026873648166656494,True
0,594,1784808037.3036048,8,0.020579814910888672,0.002572476863861084,True
0,595,1784808037.3246894,8,0.021270036697387695,0.002658754587173462,True
0,596,1784808037.3463902,8,0.020578384399414062,0.002572298049926758,True
0,597,1784808037.3674192,8,0.019059419631958008,0.002382427453994751,True
0,598,1784808037.3877566,8,0.01915907859802246,0.0023948848247528076,True
0,599,1784808037.4074109,8,0.019197702407836914,0.0023997128009796143,True
0,600,1784808037.427185,8,0.022091150283813477,0.0027613937854766846,True
0,601,1784808037.4501364,8,0.01847362518310547,0.0023092031478881836,True
0,602,1784808037.4691014,8,0.019470930099487305,0.002433866262435913,True
0,603,1784808037.4890437,8,0.02202749252319336,0.00275343656539917,True
0,604,1784808037.5115504,8,0.018991947174072266,0.002373993396759033,True
0,605,1784808037.5309513,8,0.02021479606628418,0.0025268495082855225,True
0,606,1784808037.5515265,8,0.021241426467895508,0.0026551783084869385,True
0,607,1784808037.5732906,8,0.020542383193969727,0.002567797899246216,True
0,608,1784808037.5946245,8,0.019593238830566406,0.0024491548538208008,True
0,609,1784808037.6154025,8,0.02112722396850586,0.0026409029960632324,True
0,610,1784808037.6372838,8,0.02036261558532715,0.0025453269481658936,True
0,611,1784808037.6581883,8,0.02037525177001953,0.0025469064712524414,True
0,612,1784808037.6804674,8,0.019083499908447266,0.002385437488555908,True
0,613,1784808037.7002203,8,0.0197298526763916,0.00246623158454895,True
0,614,1784808037.7205484,8,0.02198171615600586,0.0027477145195007324,True
0,615,1784808037.743214,8,0.02017068862915039,0.002521336078643799,True
0,616,1784808037.7639518,8,0.019615650177001953,0.002451956272125244,True
0,617,1784808037.784199,8,0.019124746322631836,0.0023905932903289795,True
0,618,1784808037.8039849,8,0.01933145523071289,0.0024164319038391113,True
0,619,1784808037.8242412,8,0.02223825454711914,0.0027797818183898926,True
0,620,1784808037.8489604,8,0.019403696060180664,0.002425462007522583,True
0,621,1784808037.8687983,8,0.02204585075378418,0.0027557313442230225,True
0,622,1784808037.8912997,8,0.01961541175842285,0.0024519264698028564,True
0,623,1784808037.9113743,8,0.023146390914916992,0.002893298864364624,True
0,624,1784808037.935539,8,0.020714282989501953,0.002589285373687744,True
0,625,1784808037.956699,8,0.018517494201660156,0.0023146867752075195,True
0,626,1784808037.976559,8,0.02071094512939453,0.0025888681411743164,True
0,627,1784808037.9995475,8,0.020083904266357422,0.0025104880332946777,True
0,628,1784808038.0201535,8,0.019652605056762695,0.002456575632095337,True
0,629,1784808038.04085,8,0.021643877029418945,0.002705484628677368,True
0,630,1784808038.0628362,8,0.019565582275390625,0.002445697784423828,True
0,631,1784808038.0833151,8,0.018579483032226562,0.0023224353790283203,True
0,632,1784808038.1024506,8,0.019690275192260742,0.0024612843990325928,True
0,633,1784808038.1226866,8,0.019098997116088867,0.0023873746395111084,True
0,634,1784808038.1425986,8,0.018650293350219727,0.002331286668777466,True
0,635,1784808038.1618996,8,0.01976752281188965,0.002470940351486206,True
0,636,1784808038.1819997,8,0.02029895782470703,0.002537369728088379,True
0,637,1784808038.202872,8,0.01890277862548828,0.002362847328186035,True
0,638,1784808038.223252,8,0.01819634437561035,0.002274543046951294,True
0,639,1784808038.2435026,8,0.019030094146728516,0.0023787617683410645,True
0,640,1784808038.263204,8,0.019316434860229492,0.0024145543575286865,True
0,641,1784808038.2828941,8,0.021451234817504883,0.0026814043521881104,True
0,642,1784808038.3055007,8,0.021348953247070312,0.002668619155883789,True
0,643,1784808038.3275979,8,0.020111083984375,0.002513885498046875,True
0,644,1784808038.3482711,8,0.01854085922241211,0.0023176074028015137,True
0,645,1784808038.3672533,8,0.02139115333557129,0.002673894166946411,True
0,646,1784808038.3890407,8,0.019081592559814453,0.0023851990699768066,True
0,647,1784808038.4085827,8,0.019973039627075195,0.0024966299533843994,True
0,648,1784808038.4289806,8,0.01978302001953125,0.0024728775024414062,True
0,649,1784808038.4490128,8,0.021265506744384766,0.0026581883430480957,True
0,650,1784808038.4705596,8,0.02106952667236328,0.00263369083404541,True
0,651,1784808038.4920747,8,0.01875615119934082,0.0023445188999176025,True
0,652,1784808038.5118093,8,0.02053523063659668,0.002566903829574585,True
0,653,1784808038.5327787,8,0.01946282386779785,0.0024328529834747314,True
0,654,1784808038.55262,8,0.022142887115478516,0.0027678608894348145,True
0,655,1784808038.5751286,8,0.019832849502563477,0.0024791061878204346,True
0,656,1784808038.595343,8,0.02097296714782715,0.0026216208934783936,True
0,657,1784808038.6178312,8,0.020643949508666992,0.002580493688583374,True
0,658,1784808038.6390445,8,0.0264432430267334,0.003305405378341675,True
0,659,1784808038.6665764,8,0.017850875854492188,0.0022313594818115234,True
0,660,1784808038.6847093,8,0.021921396255493164,0.0027401745319366455,True
0,661,1784808038.7069347,8,0.018612146377563477,0.0023265182971954346,True
0,662,1784808038.7259352,8,0.019813060760498047,0.002476632595062256,True
0,663,1784808038.7461867,8,0.019913673400878906,0.0024892091751098633,True
0,664,1784808038.7664251,8,0.0182647705078125,0.0022830963134765625,True
0,665,1784808038.7851071,8,0.020480871200561523,0.0025601089000701904,True
0,666,1784808038.8063219,8,0.020203351974487305,0.002525418996810913,True
0,667,1784808038.827202,8,0.021483898162841797,0.0026854872703552246,True
0,668,1784808038.8491766,8,0.01969146728515625,0.0024614334106445312,True
0,669,1784808038.869264,8,0.020114421844482422,0.0025143027305603027,True
0,670,1784808038.8898983,8,0.022431612014770508,0.0028039515018463135,True
0,671,1784808038.9127307,8,0.019591093063354492,0.0024488866329193115,True
0,672,1784808038.9336257,8,0.020423412322998047,0.002552926540374756,True
0,673,1784808038.9545343,8,0.019814014434814453,0.0024767518043518066,True
0,674,1784808038.9750361,8,0.019730806350708008,0.002466350793838501,True
0,675,1784808038.9964752,8,0.01903820037841797,0.002379775047302246,True
0,676,1784808039.0158412,8,0.020565271377563477,0.0025706589221954346,True
0,677,1784808039.0367613,8,0.020847558975219727,0.002605944871902466,True
0,678,1784808039.0581334,8,0.02011585235595703,0.002514481544494629,True
0,679,1784808039.078622,8,0.02100658416748047,0.0026258230209350586,True
0,680,1784808039.1003742,8,0.020467281341552734,0.002558410167694092,True
0,681,1784808039.1227705,8,0.019872188568115234,0.0024840235710144043,True
0,682,1784808039.1431863,8,0.02071404457092285,0.0025892555713653564,True
0,683,1784808039.1643662,8,0.020331859588623047,0.002541482448577881,True
0,684,1784808039.185831,8,0.019356489181518555,0.0024195611476898193,True
0,685,1784808039.2056172,8,0.02056288719177246,0.0025703608989715576,True
0,686,1784808039.2267425,8,0.02051997184753418,0.0025649964809417725,True
0,687,1784808039.2476974,8,0.02506399154663086,0.0031329989433288574,True
0,688,1784808039.2735505,8,0.015156745910644531,0.0018945932388305664,True
0,689,1784808039.2891297,8,0.019455671310424805,0.0024319589138031006,True
0,690,1784808039.3090694,8,0.02085256576538086,0.0026065707206726074,True
0,691,1784808039.3302379,8,0.020640850067138672,0.002580106258392334,True
0,692,1784808039.35119,8,0.017717599868774414,0.0022146999835968018,True
0,693,1784808039.3691983,8,0.021059513092041016,0.002632439136505127,True
0,694,1784808039.390691,8,0.018652677536010742,0.0023315846920013428,True
0,695,1784808039.4098015,8,0.020015954971313477,0.0025019943714141846,True
0,696,1784808039.430279,8,0.02078723907470703,0.002598404884338379,True
0,697,1784808039.451434,8,0.020407915115356445,0.0025509893894195557,True
0,698,1784808039.472164,8,0.020104408264160156,0.0025130510330200195,True
0,699,1784808039.4932141,8,0.01852703094482422,0.0023158788681030273,True
0,700,1784808039.512271,8,0.02154684066772461,0.002693355083465576,True
0,701,1784808039.534555,8,0.01869988441467285,0.0023374855518341064,True
0,702,1784808039.5537057,8,0.01918196678161621,0.0023977458477020264,True
0,703,1784808039.5734146,8,0.021216869354248047,0.002652108669281006,True
0,704,1784808039.595074,8,0.020244359970092773,0.0025305449962615967,True
0,705,1784808039.6161838,8,0.018512964248657227,0.0023141205310821533,True
0,706,1784808039.635403,8,0.019783735275268555,0.0024729669094085693,True
0,707,1784808039.656885,8,0.02052760124206543,0.0025659501552581787,True
0,708,1784808039.6780548,8,0.020012855529785156,0.0025016069412231445,True
0,709,1784808039.698787,8,0.0188140869140625,0.0023517608642578125,True
0,710,1784808039.7179687,8,0.02012324333190918,0.0025154054164886475,True
0,711,1784808039.7390964,8,0.021178245544433594,0.0026472806930541992,True
0,712,1784808039.7606432,8,0.020276784896850586,0.0025345981121063232,True
0,713,1784808039.7812486,8,0.01879119873046875,0.0023488998413085938,True
0,714,1784808039.800402,8,0.02191472053527832,0.00273934006690979,True
0,715,1784808039.8226645,8,0.018819332122802734,0.002352416515350342,True
0,716,1784808039.8418498,8,0.02044534683227539,0.002555668354034424,True
0,717,1784808039.8628812,8,0.02017068862915039,0.002521336078643799,True
0,718,1784808039.8836472,8,0.02165055274963379,0.0027063190937042236,True
0,719,1784808039.9059246,8,0.020284175872802734,0.002535521984100342,True
0,720,1784808039.9265325,8,0.01912403106689453,0.0023905038833618164,True
0,721,1784808039.946087,8,0.019259214401245117,0.0024074018001556396,True
0,722,1784808039.9659936,8,0.02229905128479004,0.002787381410598755,True
0,723,1784808039.9902484,8,0.018850088119506836,0.0023562610149383545,True
0,724,1784808040.009536,8,0.019545316696166992,0.002443164587020874,True
0,725,1784808040.0296147,8,0.01998448371887207,0.002498060464859009,True
0,726,1784808040.0502024,8,0.018755674362182617,0.002344459295272827,True
0,727,1784808040.0696514,8,0.018802165985107422,0.0023502707481384277,True
0,728,1784808040.08885,8,0.018393993377685547,0.0022992491722106934,True
0,729,1784808040.1076198,8,0.02133488655090332,0.002666860818862915,True
0,730,1784808040.1298702,8,0.01891803741455078,0.0023647546768188477,True
0,731,1784808040.1500022,8,0.019938230514526367,0.002492278814315796,True
0,732,1784808040.1707447,8,0.01933741569519043,0.0024171769618988037,True
0,733,1784808040.1907573,8,0.019783496856689453,0.0024729371070861816,True
0,734,1784808040.210941,8,0.019945859909057617,0.002493232488632202,True
0,735,1784808040.2314126,8,0.020433664321899414,0.0025542080402374268,True
0,736,1784808040.252159,8,0.020525217056274414,0.0025656521320343018,True
0,737,1784808040.2732852,8,0.018167734146118164,0.0022709667682647705,True
0,738,1784808040.2917655,8,0.021617889404296875,0.0027022361755371094,True
0,739,1784808040.3138716,8,0.021021366119384766,0.0026276707649230957,True
0,740,1784808040.3352873,8,0.019679546356201172,0.0024599432945251465,True
0,741,1784808040.3553078,8,0.020834684371948242,0.0026043355464935303,True
0,742,1784808040.3767874,8,0.02133941650390625,0.0026674270629882812,True
0,743,1784808040.3986876,8,0.021206378936767578,0.0026507973670959473,True
0,744,1784808040.420307,8,0.022614240646362305,0.002826780080795288,True
0,745,1784808040.4439268,8,0.02171945571899414,0.0027149319648742676,True
0,746,1784808040.4666312,8,0.020680904388427734,0.002585113048553467,True
0,747,1784808040.4877167,8,0.019460439682006836,0.0024325549602508545,True
0,748,1784808040.5079288,8,0.01865863800048828,0.002332329750061035,True
0,749,1784808040.5270686,8,0.02033209800720215,0.0025415122509002686,True
0,750,1784808040.548464,8,0.02033686637878418,0.0025421082973480225,True
0,751,1784808040.56918,8,0.022293567657470703,0.002786695957183838,True
0,752,1784808040.5919454,8,0.018711090087890625,0.002338886260986328,True
0,753,1784808040.6113358,8,0.02138996124267578,0.0026737451553344727,True
0,754,1784808040.633585,8,0.021584749221801758,0.0026980936527252197,True
0,755,1784808040.6555438,8,0.02014613151550293,0.002518266439437866,True
0,756,1784808040.6760657,8,0.022440195083618164,0.0028050243854522705,True
0,757,1784808040.699048,8,0.02020740509033203,0.002525925636291504,True
0,758,1784808040.7198174,8,0.021262168884277344,0.002657771110534668,True
0,759,1784808040.7413802,8,0.020800113677978516,0.0026000142097473145,True
0,760,1784808040.7624662,8,0.018862247467041016,0.002357780933380127,True
0,761,1784808040.7816656,8,0.02029585838317871,0.002536982297897339,True
0,762,1784808040.802318,8,0.020435094833374023,0.002554386854171753,True
0,763,1784808040.8230777,8,0.022332191467285156,0.0027915239334106445,True
0,764,1784808040.8456597,8,0.019869089126586914,0.0024836361408233643,True
0,765,1784808040.8659604,8,0.01914811134338379,0.0023935139179229736,True
0,766,1784808040.8858173,8,0.01898026466369629,0.002372533082962036,True
0,767,1784808040.905322,8,0.021803617477416992,0.002725452184677124,True
0,768,1784808040.9275572,8,0.020076751708984375,0.002509593963623047,True
0,769,1784808040.9481604,8,0.026913166046142578,0.0033641457557678223,True
0,770,1784808040.9754658,8,0.0175473690032959,0.0021934211254119873,True
0,771,1784808040.993429,8,0.018169164657592773,0.0022711455821990967,True
0,772,1784808041.0120664,8,0.01907491683959961,0.002384364604949951,True
0,773,1784808041.0316029,8,0.02045273780822754,0.0025565922260284424,True
0,774,1784808041.052635,8,0.01955246925354004,0.002444058656692505,True
0,775,1784808041.0726163,8,0.021701574325561523,0.0027126967906951904,True
0,776,1784808041.0947454,8,0.019789934158325195,0.0024737417697906494,True
0,777,1784808041.1150553,8,0.0194857120513916,0.00243571400642395,True
0,778,1784808041.1350937,8,0.02074575424194336,0.00259321928024292,True
0,779,1784808041.1564858,8,0.021669626235961914,0.0027087032794952393,True
0,780,1784808041.1785529,8,0.018686771392822266,0.002335846424102783,True
0,781,1784808041.1978135,8,0.020718097686767578,0.0025897622108459473,True
0,782,1784808041.2193856,8,0.01958322525024414,0.0024479031562805176,True
0,783,1784808041.2394195,8,0.0217287540435791,0.0027160942554473877,True
0,784,1784808041.2615426,8,0.018376588821411133,0.0022970736026763916,True
0,785,1784808041.280791,8,0.021845102310180664,0.002730637788772583,True
0,786,1784808041.3032022,8,0.018103599548339844,0.0022629499435424805,True
0,787,1784808041.3217173,8,0.02179718017578125,0.0027246475219726562,True
0,788,1784808041.3438854,8,0.01993536949157715,0.0024919211864471436,True
0,789,1784808041.3653507,8,0.019972562789916992,0.002496570348739624,True
0,790,1784808041.3870642,8,0.018898487091064453,0.0023623108863830566,True
0,791,1784808041.4064195,8,0.01905369758605957,0.0023817121982574463,True
0,792,1784808041.4258502,8,0.02090001106262207,0.002612501382827759,True
0,793,1784808041.4470963,8,0.020946502685546875,0.0026183128356933594,True
0,794,1784808041.46852,8,0.01999664306640625,0.0024995803833007812,True
0,795,1784808041.489088,8,0.019681692123413086,0.0024602115154266357,True
0,796,1784808041.5091677,8,0.020253658294677734,0.002531707286834717,True
0,797,1784808041.5298972,8,0.0202944278717041,0.0025368034839630127,True
0,798,1784808041.5506194,8,0.02295064926147461,0.002868831157684326,True
0,799,1784808041.574012,8,0.02098703384399414,0.0026233792304992676,True
0,800,1784808041.5954103,8,0.0179290771484375,0.0022411346435546875,True
0,801,1784808041.613722,8,0.020806074142456055,0.002600759267807007,True
0,802,1784808041.6351502,8,0.01959848403930664,0.00244981050491333,True
0,803,1784808041.655257,8,0.019274234771728516,0.0024092793464660645,True
0,804,1784808041.6749268,8,0.02268528938293457,0.0028356611728668213,True
0,805,1784808041.6982038,8,0.01849961280822754,0.0023124516010284424,True
0,806,1784808041.7169878,8,0.020099639892578125,0.0025124549865722656,True
0,807,1784808041.7374256,8,0.02059173583984375,0.0025739669799804688,True
0,808,1784808041.7583325,8,0.020122528076171875,0.0025153160095214844,True
0,809,1784808041.7791636,8,0.0204927921295166,0.002561599016189575,True
0,810,1784808041.8000805,8,0.01866936683654785,0.0023336708545684814,True
0,811,1784808041.8190708,8,0.020031213760375977,0.002503901720046997,True
0,812,1784808041.8396385,8,0.021640300750732422,0.0027050375938415527,True
0,813,1784808041.8617737,8,0.020726680755615234,0.0025908350944519043,True
0,814,1784808041.8831327,8,0.021948575973510742,0.0027435719966888428,True
0,815,1784808041.9057012,8,0.018945693969726562,0.0023682117462158203,True
0,816,1784808041.9249372,8,0.020368576049804688,0.002546072006225586,True
0,817,1784808041.945738,8,0.018967390060424805,0.0023709237575531006,True
0,818,1784808041.9651787,8,0.021480083465576172,0.0026850104331970215,True
0,819,1784808041.9871635,8,0.020276546478271484,0.0025345683097839355,True
0,820,1784808042.0081432,8,0.022317171096801758,0.0027896463871002197,True
0,821,1784808042.0309124,8,0.021067142486572266,0.002633392810821533,True
0,822,1784808042.0526626,8,0.020341873168945312,0.002542734146118164,True
0,823,1784808042.0736468,8,0.0197906494140625,0.0024738311767578125,True
0,824,1784808042.093829,8,0.02252507209777832,0.00281563401222229,True
0,825,1784808042.1167214,8,0.019659042358398438,0.0024573802947998047,True
0,826,1784808042.1374047,8,0.02304244041442871,0.002880305051803589,True
0,827,1784808042.1610065,8,0.022063732147216797,0.0027579665184020996,True
0,828,1784808042.1835384,8,0.020355224609375,0.002544403076171875,True
0,829,1784808042.204558,8,0.021726369857788086,0.0027157962322235107,True
0,830,1784808042.2266603,8,0.019912242889404297,0.002489030361175537,True
0,831,1784808042.2471483,8,0.020035505294799805,0.0025044381618499756,True
0,832,1784808042.2677023,8,0.02099442481994629,0.002624303102493286,True
0,833,1784808042.2893946,8,0.020520448684692383,0.002565056085586548,True
0,834,1784808042.3111415,8,0.019081592559814453,0.0023851990699768066,True
0,835,1784808042.3306122,8,0.020258665084838867,0.0025323331356048584,True
0,836,1784808042.3517368,8,0.02012324333190918,0.0025154054164886475,True
0,837,1784808042.3723505,8,0.02173328399658203,0.002716660499572754,True
0,838,1784808042.3944216,8,0.021593570709228516,0.0026991963386535645,True
0,839,1784808042.4169593,8,0.01816534996032715,0.0022706687450408936,True
0,840,1784808042.4356441,8,0.02072286605834961,0.002590358257293701,True
0,841,1784808042.458354,8,0.018011093139648438,0.0022513866424560547,True
0,842,1784808042.4774115,8,0.019347190856933594,0.0024183988571166992,True
0,843,1784808042.4971116,8,0.021350860595703125,0.0026688575744628906,True
0,844,1784808042.519238,8,0.02017354965209961,0.002521693706512451,True
0,845,1784808042.5400908,8,0.019872426986694336,0.002484053373336792,True
0,846,1784808042.5606186,8,0.01929950714111328,0.00241243839263916,True
0,847,1784808042.5804608,8,0.019893884658813477,0.0024867355823516846,True
0,848,1784808042.6011114,8,0.01920294761657715,0.0024003684520721436,True
0,849,1784808042.6208315,8,0.020725011825561523,0.0025906264781951904,True
0,850,1784808042.6420746,8,0.02181220054626465,0.002726525068283081,True
0,851,1784808042.6643333,8,0.021426916122436523,0.0026783645153045654,True
0,852,1784808042.6861248,8,0.02009105682373047,0.0025113821029663086,True
0,853,1784808042.7065725,8,0.0204770565032959,0.0025596320629119873,True
0,854,1784808042.7273567,8,0.0213470458984375,0.0026683807373046875,True
0,855,1784808042.7492144,8,0.020477294921875,0.002559661865234375,True
0,856,1784808042.77009,8,0.020072221755981445,0.0025090277194976807,True
0,857,1784808042.7904437,8,0.02022838592529297,0.002528548240661621,True
0,858,1784808042.811149,8,0.01982879638671875,0.0024785995483398438,True
0,859,1784808042.8313546,8,0.020870447158813477,0.0026088058948516846,True
0,860,1784808042.8526251,8,0.02235865592956543,0.0027948319911956787,True
0,861,1784808042.8753333,8,0.021211862564086914,0.0026514828205108643,True
0,862,1784808042.8968496,8,0.0186007022857666,0.002325087785720825,True
0,863,1784808042.9157803,8,0.021108627319335938,0.002638578414916992,True
0,864,1784808042.9378839,8,0.020227909088134766,0.0025284886360168457,True
0,865,1784808042.9590847,8,0.02103424072265625,0.0026292800903320312,True
0,866,1784808042.9809897,8,0.020179033279418945,0.002522379159927368,True
0,867,1784808043.001654,8,0.021205663681030273,0.002650707960128784,True
0,868,1784808043.0231938,8,0.019866943359375,0.002483367919921875,True
0,869,1784808043.043517,8,0.02132701873779297,0.002665877342224121,True
0,870,1784808043.0655065,8,0.02095770835876465,0.002619713544845581,True
0,871,1784808043.086873,8,0.022032499313354492,0.0027540624141693115,True
0,872,1784808043.11028,8,0.02054286003112793,0.002567857503890991,True
0,873,1784808043.1314707,8,0.01921534538269043,0.0024019181728363037,True
0,874,1784808043.153257,8,0.02045750617980957,0.0025571882724761963,True
0,875,1784808043.1744905,8,0.019483327865600586,0.0024354159832000732,True
0,876,1784808043.1946397,8,0.019432544708251953,0.002429068088531494,True
0,877,1784808043.2143826,8,0.020025968551635742,0.0025032460689544678,True
0,878,1784808043.2347708,8,0.021584033966064453,0.0026980042457580566,True
0,879,1784808043.2571278,8,0.0200960636138916,0.00251200795173645,True
0,880,1784808043.2780042,8,0.020294666290283203,0.0025368332862854004,True
0,881,1784808043.2986865,8,0.01891922950744629,0.002364903688430786,True
0,882,1784808043.3180087,8,0.02561497688293457,0.0032018721103668213,True
0,883,1784808043.3447742,8,0.018605470657348633,0.002325683832168579,True
0,884,1784808043.3637836,8,0.02008986473083496,0.00251123309135437,True
0,885,1784808043.3842154,8,0.020091772079467773,0.0025114715099334717,True
0,886,1784808043.4052355,8,0.01875162124633789,0.0023439526557922363,True
0,887,1784808043.424349,8,0.02051544189453125,0.0025644302368164062,True
0,888,1784808043.4455295,8,0.021883726119995117,0.0027354657649993896,True
0,889,1784808043.467817,8,0.0195772647857666,0.002447158098220825,True
0,890,1784808043.4877532,8,0.019156217575073242,0.0023945271968841553,True
0,891,1784808043.5073001,8,0.01965475082397461,0.002456843852996826,True
0,892,1784808043.527487,8,0.022673368453979492,0.0028341710567474365,True
0,893,1784808043.5504615,8,0.020604372024536133,0.0025755465030670166,True
0,894,1784808043.5714514,8,0.020390987396240234,0.0025488734245300293,True
0,895,1784808043.5922446,8,0.020750761032104492,0.0025938451290130615,True
0,896,1784808043.613349,8,0.020952939987182617,0.002619117498397827,True
0,897,1784808043.6353393,8,0.02004551887512207,0.002505689859390259,True
0,898,1784808043.655857,8,0.02160167694091797,0.002700209617614746,True
0,899,1784808043.677816,8,0.01923680305480957,0.0024046003818511963,True
0,900,1784808043.6981592,8,0.019367456436157227,0.0024209320545196533,True
0,901,1784808043.7185633,8,0.021793365478515625,0.002724170684814453,True
0,902,1784808043.7408671,8,0.020643234252929688,0.002580404281616211,True
0,903,1784808043.762222,8,0.021279573440551758,0.0026599466800689697,True
0,904,1784808043.7839248,8,0.020592451095581055,0.002574056386947632,True
0,905,1784808043.805138,8,0.02227926254272461,0.002784907817840576,True
0,906,1784808043.8280053,8,0.020165205001831055,0.002520650625228882,True
0,907,1784808043.848659,8,0.018723249435424805,0.0023404061794281006,True
0,908,1784808043.8677645,8,0.021600723266601562,0.0027000904083251953,True
0,909,1784808043.8897889,8,0.021001815795898438,0.0026252269744873047,True
0,910,1784808043.9111764,8,0.02060246467590332,0.002575308084487915,True
0,911,1784808043.932739,8,0.023249387741088867,0.0029061734676361084,True
0,912,1784808043.9563515,8,0.019793033599853516,0.0024741291999816895,True
0,913,1784808043.9766688,8,0.018784284591674805,0.0023480355739593506,True
0,914,1784808043.996465,8,0.022509098052978516,0.0028136372566223145,True
0,915,1784808044.0194983,8,0.02255558967590332,0.002819448709487915,True
0,916,1784808044.0424395,8,0.020231246948242188,0.0025289058685302734,True
0,917,1784808044.0629594,8,0.02017664909362793,0.002522081136703491,True
0,918,1784808044.0834794,8,0.019880294799804688,0.002485036849975586,True
0,919,1784808044.103881,8,0.020646333694458008,0.002580791711807251,True
0,920,1784808044.1249049,8,0.019739389419555664,0.002467423677444458,True
0,921,1784808044.1457505,8,0.01937270164489746,0.0024215877056121826,True
0,922,1784808044.1654108,8,0.01955723762512207,0.002444654703140259,True
0,923,1784808044.1853666,8,0.01944565773010254,0.0024307072162628174,True
0,924,1784808044.2053225,8,0.021124601364135742,0.0026405751705169678,True
0,925,1784808044.2267394,8,0.02056264877319336,0.00257033109664917,True
0,926,1784808044.2479208,8,0.020065784454345703,0.002508223056793213,True
0,927,1784808044.2685559,8,0.019025802612304688,0.002378225326538086,True
0,928,1784808044.2879386,8,0.021834373474121094,0.0027292966842651367,True
0,929,1784808044.3107119,8,0.019866228103637695,0.002483278512954712,True
0,930,1784808044.3310468,8,0.021101951599121094,0.0026377439498901367,True
0,931,1784808044.3525546,8,0.02193737030029297,0.002742171287536621,True
0,932,1784808044.3747754,8,0.02034139633178711,0.0025426745414733887,True
0,933,1784808044.3955095,8,0.019219160079956055,0.002402395009994507,True
0,934,1784808044.4150393,8,0.019867420196533203,0.0024834275245666504,True
0,935,1784808044.4352582,8,0.020689010620117188,0.0025861263275146484,True
0,936,1784808044.4564025,8,0.020130157470703125,0.0025162696838378906,True
0,937,1784808044.4768772,8,0.01956629753112793,0.002445787191390991,True
0,938,1784808044.4971435,8,0.018359661102294922,0.0022949576377868652,True
0,939,1784808044.5157912,8,0.021378278732299805,0.0026722848415374756,True
0,940,1784808044.537537,8,0.019375085830688477,0.0024218857288360596,True
0,941,1784808044.5572538,8,0.022971153259277344,0.002871394157409668,True
0,942,1784808044.5805204,8,0.02265191078186035,0.002831488847732544,True
0,943,1784808044.603619,8,0.02059340476989746,0.0025741755962371826,True
0,944,1784808044.6247096,8,0.021291494369506836,0.0026614367961883545,True
0,945,1784808044.6465678,8,0.018679380416870117,0.0023349225521087646,True
0,946,1784808044.6656358,8,0.02135491371154785,0.0026693642139434814,True
0,947,1784808044.6873217,8,0.019335031509399414,0.0024168789386749268,True
0,948,1784808044.7070124,8,0.020002126693725586,0.0025002658367156982,True
0,949,1784808044.7274003,8,0.020753860473632812,0.0025942325592041016,True
0,950,1784808044.7489564,8,0.019063949584960938,0.002382993698120117,True
0,951,1784808044.7683566,8,0.020977497100830078,0.0026221871376037598,True
0,952,1784808044.7896721,8,0.02239084243774414,0.0027988553047180176,True
0,953,1784808044.8123846,8,0.02080512046813965,0.002600640058517456,True
0,954,1784808044.8336818,8,0.01874852180480957,0.0023435652256011963,True
0,955,1784808044.8527043,8,0.020258188247680664,0.002532273530960083,True
0,956,1784808044.8733304,8,0.020344257354736328,0.002543032169342041,True
0,957,1784808044.8941736,8,0.021606922149658203,0.0027008652687072754,True
0,958,1784808044.9162798,8,0.020003795623779297,0.002500474452972412,True
0,959,1784808044.9370048,8,0.02110433578491211,0.0026380419731140137,True
0,960,1784808044.958693,8,0.021501541137695312,0.002687692642211914,True
0,961,1784808044.9810188,8,0.0175323486328125,0.0021915435791015625,True
0,962,1784808044.999157,8,0.022279739379882812,0.0027849674224853516,True
0,963,1784808045.0218492,8,0.020398616790771484,0.0025498270988464355,True
0,964,1784808045.0434356,8,0.019671916961669922,0.0024589896202087402,True
0,965,1784808045.063626,8,0.02018451690673828,0.002523064613342285,True
0,966,1784808045.0842664,8,0.020844221115112305,0.002605527639389038,True
0,967,1784808045.105641,8,0.019223451614379883,0.0024029314517974854,True
0,968,1784808045.1257434,8,0.01997661590576172,0.002497076988220215,True
0,969,1784808045.146335,8,0.02216362953186035,0.002770453691482544,True
0,970,1784808045.168779,8,0.021329402923583984,0.002666175365447998,True
0,971,1784808045.1905904,8,0.0181729793548584,0.0022716224193573,True
0,972,1784808045.2093978,8,0.02193284034729004,0.002741605043411255,True
0,973,1784808045.2317414,8,0.019721031188964844,0.0024651288986206055,True
0,974,1784808045.251779,8,0.01937246322631836,0.002421557903289795,True
0,975,1784808045.2720408,8,0.02159428596496582,0.0026992857456207275,True
0,976,1784808045.2941012,8,0.020234107971191406,0.0025292634963989258,True
0,977,1784808045.314867,8,0.022783994674682617,0.002847999334335327,True
0,978,1784808045.3381124,8,0.017718791961669922,0.0022148489952087402,True
0,979,1784808045.3563893,8,0.021496295928955078,0.0026870369911193848,True
0,980,1784808045.3783908,8,0.018006324768066406,0.0022507905960083008,True
0,981,1784808045.3972592,8,0.02124500274658203,0.002655625343322754,True
0,982,1784808045.4193892,8,0.023228168487548828,0.0029035210609436035,True
0,983,1784808045.443417,8,0.020083904266357422,0.0025104880332946777,True
0,984,1784808045.4645174,8,0.020238161087036133,0.0025297701358795166,True
0,985,1784808045.4855182,8,0.021944522857666016,0.002743065357208252,True
0,986,1784808045.50843,8,0.021098613739013672,0.002637326717376709,True
0,987,1784808045.5303717,8,0.021697521209716797,0.0027121901512145996,True
0,988,1784808045.5533745,8,0.01994943618774414,0.0024936795234680176,True
0,989,1784808045.5738409,8,0.02190709114074707,0.002738386392593384,True
0,990,1784808045.5962675,8,0.02035808563232422,0.0025447607040405273,True
0,991,1784808045.6173482,8,0.021264314651489258,0.0026580393314361572,True
0,992,1784808045.6390643,8,0.01918935775756836,0.002398669719696045,True
0,993,1784808045.6586568,8,0.023148536682128906,0.0028935670852661133,True
0,994,1784808045.6824968,8,0.01895761489868164,0.002369701862335205,True
0,995,1784808045.702704,8,0.021353960037231445,0.0026692450046539307,True
0,996,1784808045.7244775,8,0.022032737731933594,0.0027540922164916992,True
0,997,1784808045.7469487,8,0.020587921142578125,0.0025734901428222656,True
0,998,1784808045.769077,8,0.018237590789794922,0.0022796988487243652,True
0,999,1784808045.7876325,8,0.01919698715209961,0.002399623394012451,True
0,1000,1784808045.8071573,8,0.020116090774536133,0.0025145113468170166,True
0,1001,1784808045.8276217,8,0.02180027961730957,0.0027250349521636963,True
0,1002,1784808045.8497899,8,0.018925189971923828,0.0023656487464904785,True
0,1003,1784808045.8694375,8,0.020498991012573242,0.0025623738765716553,True
0,1004,1784808045.8903542,8,0.022647857666015625,0.002830982208251953,True
0,1005,1784808045.9134605,8,0.019925594329833984,0.002490699291229248,True
0,1006,1784808045.9337265,8,0.01891803741455078,0.0023647546768188477,True
0,1007,1784808045.9529734,8,0.021388769149780273,0.002673596143722534,True
0,1008,1784808045.9747622,8,0.01919388771057129,0.002399235963821411,True
0,1009,1784808045.99434,8,0.019870758056640625,0.002483844757080078,True
0,1010,1784808046.01463,8,0.021879196166992188,0.0027348995208740234,True
0,1011,1784808046.0369692,8,0.019446611404418945,0.002430826425552368,True
0,1012,1784808046.0567753,8,0.021409988403320312,0.002676248550415039,True
0,1013,1784808046.0786593,8,0.019699573516845703,0.002462446689605713,True
0,1014,1784808046.0988677,8,0.018623828887939453,0.0023279786109924316,True
0,1015,1784808046.1177652,8,0.020624876022338867,0.0025781095027923584,True
0,1016,1784808046.1388648,8,0.019135475158691406,0.0023919343948364258,True
0,1017,1784808046.1583657,8,0.020925045013427734,0.002615630626678467,True
0,1018,1784808046.179608,8,0.02030634880065918,0.0025382936000823975,True
0,1019,1784808046.200659,8,0.02000594139099121,0.0025007426738739014,True
0,1020,1784808046.2210608,8,0.01993536949157715,0.0024919211864471436,True
0,1021,1784808046.241316,8,0.01989150047302246,0.0024864375591278076,True
0,1022,1784808046.2616835,8,0.01940751075744629,0.002425938844680786,True
0,1023,1784808046.2813609,8,0.020862102508544922,0.0026077628135681152,True
0,1024,1784808046.3026173,8,0.018953323364257812,0.0023691654205322266,True
0,1025,1784808046.3222625,8,0.019125938415527344,0.002390742301940918,True
0,1026,1784808046.3417623,8,0.020429372787475586,0.0025536715984344482,True
0,1027,1784808046.363068,8,0.02257251739501953,0.0028215646743774414,True
0,1028,1784808046.3860333,8,0.017252683639526367,0.002156585454940796,True
0,1029,1784808046.4052541,8,0.0204622745513916,0.00255778431892395,True
0,1030,1784808046.4263327,8,0.019320249557495117,0.0024150311946868896,True
0,1031,1784808046.4464097,8,0.02164006233215332,0.002705007791519165,True
0,1032,1784808046.468387,8,0.017709732055664062,0.002213716506958008,True
0,1033,1784808046.486701,8,0.021129846572875977,0.002641230821609497,True
0,1034,1784808046.5084233,8,0.02015519142150879,0.0025193989276885986,True
0,1035,1784808046.5292134,8,0.019717931747436523,0.0024647414684295654,True
0,1036,1784808046.5493076,8,0.0194857120513916,0.00243571400642395,True
0,1037,1784808046.5703437,8,0.02027130126953125,0.0025339126586914062,True
0,1038,1784808046.5917664,8,0.020190954208374023,0.002523869276046753,True
0,1039,1784808046.6126482,8,0.02020263671875,0.00252532958984375,True
0,1040,1784808046.633799,8,0.01961064338684082,0.0024513304233551025,True
0,1041,1784808046.6537886,8,0.01986837387084961,0.002483546733856201,True
0,1042,1784808046.6741748,8,0.018522262573242188,0.0023152828216552734,True
0,1043,1784808046.6936438,8,0.017697811126708984,0.002212226390838623,True
0,1044,1784808046.7116964,8,0.019913434982299805,0.0024891793727874756,True
0,1045,1784808046.7320323,8,0.019075870513916016,0.002384483814239502,True
0,1046,1784808046.751875,8,0.018980979919433594,0.0023726224899291992,True
0,1047,1784808046.7712834,8,0.019986867904663086,0.0024983584880828857,True
0,1048,1784808046.7918916,8,0.022200822830200195,0.0027751028537750244,True
0,1049,1784808046.8146083,8,0.020847320556640625,0.002605915069580078,True
0,1050,1784808046.836248,8,0.019618749618530273,0.002452343702316284,True
0,1051,1784808046.8562632,8,0.01950383186340332,0.002437978982925415,True
0,1052,1784808046.877364,8,0.021386146545410156,0.0026732683181762695,True
0,1053,1784808046.8990996,8,0.018229007720947266,0.002278625965118408,True
0,1054,1784808046.9182112,8,0.021416902542114258,0.0026771128177642822,True
0,1055,1784808046.9406023,8,0.023212909698486328,0.002901613712310791,True
0,1056,1784808046.9657505,8,0.019553422927856445,0.0024441778659820557,True
0,1057,1784808046.985964,8,0.0208590030670166,0.002607375383377075,True
0,1058,1784808047.007414,8,0.02007770538330078,0.0025097131729125977,True
0,1059,1784808047.0278862,8,0.019693851470947266,0.002461731433868408,True
0,1060,1784808047.0482707,8,0.021657943725585938,0.002707242965698242,True
0,1061,1784808047.0703056,8,0.020134925842285156,0.0025168657302856445,True
0,1062,1784808047.0908287,8,0.021640300750732422,0.0027050375938415527,True
0,1063,1784808047.113233,8,0.018299102783203125,0.0022873878479003906,True
0,1064,1784808047.1319475,8,0.021421432495117188,0.0026776790618896484,True
0,1065,1784808047.154878,8,0.018622159957885742,0.0023277699947357178,True
0,1066,1784808047.1747859,8,0.01896357536315918,0.0023704469203948975,True
0,1067,1784808047.1943479,8,0.019739151000976562,0.0024673938751220703,True
0,1068,1784808047.214716,8,0.021086931228637695,0.002635866403579712,True
0,1069,1784808047.2361977,8,0.020038366317749023,0.002504795789718628,True
0,1070,1784808047.2566953,8,0.01962757110595703,0.002453446388244629,True
0,1071,1784808047.2769723,8,0.019396305084228516,0.0024245381355285645,True
0,1072,1784808047.2968383,8,0.021607637405395508,0.0027009546756744385,True
0,1073,1784808047.3198466,8,0.021125316619873047,0.002640664577484131,True
0,1074,1784808047.3413603,8,0.01930856704711914,0.0024135708808898926,True
0,1075,1784808047.3610716,8,0.020139694213867188,0.0025174617767333984,True
0,1076,1784808047.3816042,8,0.020929336547851562,0.0026161670684814453,True
0,1077,1784808047.4029138,8,0.01987600326538086,0.0024845004081726074,True
0,1078,1784808047.423098,8,0.022409439086914062,0.002801179885864258,True
0,1079,1784808047.4459617,8,0.019202470779418945,0.002400308847427368,True
0,1080,1784808047.4669445,8,0.01965951919555664,0.00245743989944458,True
0,1081,1784808047.4881375,8,0.019510746002197266,0.002438843250274658,True
0,1082,1784808047.5083756,8,0.02007889747619629,0.002509862184524536,True
0,1083,1784808047.5291185,8,0.02321338653564453,0.0029016733169555664,True
0,1084,1784808047.5526462,8,0.020108699798583984,0.002513587474822998,True
0,1085,1784808047.5736108,8,0.020965576171875,0.002620697021484375,True
0,1086,1784808047.595653,8,0.019068479537963867,0.0023835599422454834,True
0,1087,1784808047.615295,8,0.019939661026000977,0.002492457628250122,True
0,1088,1784808047.6355658,8,0.01995110511779785,0.0024938881397247314,True
0,1089,1784808047.657013,8,0.018582820892333984,0.002322852611541748,True
0,1090,1784808047.6759477,8,0.019591808319091797,0.0024489760398864746,True
0,1091,1784808047.695915,8,0.019713640213012695,0.002464205026626587,True
0,1092,1784808047.715918,8,0.02027153968811035,0.002533942461013794,True
0,1093,1784808047.7366028,8,0.019778966903686523,0.0024723708629608154,True
0,1094,1784808047.757068,8,0.019971847534179688,0.002496480941772461,True
0,1095,1784808047.7776845,8,0.019591808319091797,0.0024489760398864746,True
0,1096,1784808047.7981863,8,0.021091938018798828,0.0026364922523498535,True
0,1097,1784808047.8196816,8,0.023015499114990234,0.0028769373893737793,True
0,1098,1784808047.8431296,8,0.018334388732910156,0.0022917985916137695,True
0,1099,1784808047.8617702,8,0.0215151309967041,0.0026893913745880127,True
0,1100,1784808047.883562,8,0.021238327026367188,0.0026547908782958984,True
0,1101,1784808047.9055657,8,0.018284320831298828,0.0022855401039123535,True
0,1102,1784808047.9242878,8,0.019665002822875977,0.002458125352859497,True
0,1103,1784808047.944297,8,0.020013093948364258,0.0025016367435455322,True
0,1104,1784808047.964579,8,0.020659923553466797,0.0025824904441833496,True
0,1105,1784808047.9855666,8,0.019600629806518555,0.0024500787258148193,True
0,1106,1784808048.0055785,8,0.02030324935913086,0.0025379061698913574,True
0,1107,1784808048.0263295,8,0.021158933639526367,0.002644866704940796,True
0,1108,1784808048.0477808,8,0.020996809005737305,0.002624601125717163,True
0,1109,1784808048.0691314,8,0.020166397094726562,0.0025207996368408203,True
0,1110,1784808048.0898027,8,0.01956319808959961,0.002445399761199951,True
0,1111,1784808048.1097274,8,0.019675493240356445,0.0024594366550445557,True
0,1112,1784808048.1297824,8,0.019780874252319336,0.002472609281539917,True
0,1113,1784808048.149938,8,0.019255638122558594,0.0024069547653198242,True
0,1114,1784808048.1696675,8,0.01962447166442871,0.002453058958053589,True
0,1115,1784808048.1895752,8,0.021769285202026367,0.002721160650253296,True
0,1116,1784808048.2117019,8,0.020940780639648438,0.0026175975799560547,True
0,1117,1784808048.2331727,8,0.021532058715820312,0.002691507339477539,True
0,1118,1784808048.2550128,8,0.02069830894470215,0.0025872886180877686,True
0,1119,1784808048.2764182,8,0.020101308822631836,0.0025126636028289795,True
0,1120,1784808048.2968955,8,0.021104097366333008,0.002638012170791626,True
0,1121,1784808048.3183508,8,0.020409107208251953,0.002551138401031494,True
0,1122,1784808048.339076,8,0.020686626434326172,0.0025858283042907715,True
0,1123,1784808048.360334,8,0.018815279006958008,0.002351909875869751,True
0,1124,1784808048.3794992,8,0.020224571228027344,0.002528071403503418,True
0,1125,1784808048.400383,8,0.019849777221679688,0.002481222152709961,True
0,1126,1784808048.4211576,8,0.021218299865722656,0.002652287483215332,True
0,1127,1784808048.4431145,8,0.018250465393066406,0.0022813081741333008,True
0,1128,1784808048.4626813,8,0.020014047622680664,0.002501755952835083,True
0,1129,1784808048.4834037,8,0.021688222885131836,0.0027110278606414795,True
0,1130,1784808048.5055828,8,0.02126288414001465,0.002657860517501831,True
0,1131,1784808048.5272446,8,0.020212173461914062,0.002526521682739258,True
0,1132,1784808048.5477812,8,0.019688129425048828,0.0024610161781311035,True
0,1133,1784808048.5677276,8,0.019093751907348633,0.002386718988418579,True
0,1134,1784808048.5870886,8,0.020333290100097656,0.002541661262512207,True
0,1135,1784808048.607697,8,0.01877427101135254,0.0023467838764190674,True
0,1136,1784808048.626729,8,0.020081758499145508,0.0025102198123931885,True
0,1137,1784808048.647151,8,0.019741296768188477,0.0024676620960235596,True
0,1138,1784808048.6672525,8,0.02145218849182129,0.002681523561477661,True
0,1139,1784808048.6890154,8,0.019106149673461914,0.0023882687091827393,True
0,1140,1784808048.7084966,8,0.020064830780029297,0.002508103847503662,True
0,1141,1784808048.7288742,8,0.02106928825378418,0.0026336610317230225,True
0,1142,1784808048.7502406,8,0.02042841911315918,0.0025535523891448975,True
0,1143,1784808048.7710736,8,0.020294904708862305,0.002536863088607788,True
0,1144,1784808048.7916045,8,0.02167510986328125,0.0027093887329101562,True
0,1145,1784808048.8135943,8,0.0204770565032959,0.0025596320629119873,True
0,1146,1784808048.8344998,8,0.018500328063964844,0.0023125410079956055,True
0,1147,1784808048.853333,8,0.020844459533691406,0.0026055574417114258,True
0,1148,1784808048.8745446,8,0.01855158805847168,0.00231894850730896,True
0,1149,1784808048.893416,8,0.02045130729675293,0.002556413412094116,True
0,1150,1784808048.914185,8,0.020885467529296875,0.0026106834411621094,True
0,1151,1784808048.935716,8,0.019446849822998047,0.002430856227874756,True
0,1152,1784808048.9557354,8,0.02013707160949707,0.002517133951187134,True
0,1153,1784808048.9762707,8,0.018851518630981445,0.0023564398288726807,True
0,1154,1784808048.995566,8,0.020969629287719727,0.002621203660964966,True
0,1155,1784808049.0169244,8,0.018913745880126953,0.002364218235015869,True
0,1156,1784808049.0362282,8,0.021908998489379883,0.0027386248111724854,True
0,1157,1784808049.0585635,8,0.01942586898803711,0.0024282336235046387,True
0,1158,1784808049.078356,8,0.02096104621887207,0.002620130777359009,True
0,1159,1784808049.0996425,8,0.01914501190185547,0.0023931264877319336,True
0,1160,1784808049.1190872,8,0.01978921890258789,0.0024736523628234863,True
0,1161,1784808049.1392858,8,0.020687341690063477,0.0025859177112579346,True
0,1162,1784808049.1603663,8,0.02184152603149414,0.0027301907539367676,True
0,1163,1784808049.1828208,8,0.020003080368041992,0.002500385046005249,True
0,1164,1784808049.2033749,8,0.020079851150512695,0.002509981393814087,True
0,1165,1784808049.2238586,8,0.02109694480895996,0.002637118101119995,True
0,1166,1784808049.2455509,8,0.020313739776611328,0.002539217472076416,True
0,1167,1784808049.2662551,8,0.01972341537475586,0.0024654269218444824,True
0,1168,1784808049.2863846,8,0.02053356170654297,0.002566695213317871,True
0,1169,1784808049.3073554,8,0.020138025283813477,0.0025172531604766846,True
0,1170,1784808049.3284307,8,0.02146625518798828,0.002683281898498535,True
0,1171,1784808049.350685,8,0.018536090850830078,0.0023170113563537598,True
0,1172,1784808049.3696866,8,0.021509647369384766,0.0026887059211730957,True
0,1173,1784808049.3915899,8,0.019096851348876953,0.002387106418609619,True
0,1174,1784808049.4110181,8,0.019266843795776367,0.002408355474472046,True
0,1175,1784808049.430681,8,0.020320653915405273,0.002540081739425659,True
0,1176,1784808049.4513311,8,0.019634008407592773,0.0024542510509490967,True
0,1177,1784808049.4714222,8,0.019568681716918945,0.002446085214614868,True
0,1178,1784808049.4913354,8,0.019876956939697266,0.002484619617462158,True
0,1179,1784808049.5116873,8,0.01991581916809082,0.0024894773960113525,True
0,1180,1784808049.5318956,8,0.018289804458618164,0.0022862255573272705,True
0,1181,1784808049.5505579,8,0.021370410919189453,0.0026713013648986816,True
0,1182,1784808049.5721905,8,0.020795583724975586,0.0025994479656219482,True
0,1183,1784808049.5934339,8,0.017953872680664062,0.002244234085083008,True
0,1184,1784808049.6117284,8,0.019907236099243164,0.0024884045124053955,True
0,1185,1784808049.6319373,8,0.020711660385131836,0.0025889575481414795,True
0,1186,1784808049.6529715,8,0.01918172836303711,0.0023977160453796387,True
0,1187,1784808049.6726854,8,0.019376277923583984,0.002422034740447998,True
0,1188,1784808049.6924608,8,0.01932358741760254,0.0024154484272003174,True
0,1189,1784808049.7122314,8,0.020405054092407227,0.0025506317615509033,True
0,1190,1784808049.733048,8,0.02034163475036621,0.0025427043437957764,True
0,1191,1784808049.7537746,8,0.019607067108154297,0.002450883388519287,True
0,1192,1784808049.773743,8,0.019425153732299805,0.0024281442165374756,True
0,1193,1784808049.7934783,8,0.020763635635375977,0.002595454454421997,True
0,1194,1784808049.8146703,8,0.01845550537109375,0.0023069381713867188,True
0,1195,1784808049.8337252,8,0.02033710479736328,0.00254213809967041,True
0,1196,1784808049.8543928,8,0.021048545837402344,0.002631068229675293,True
0,1197,1784808049.8759456,8,0.019834518432617188,0.0024793148040771484,True
0,1198,1784808049.8964202,8,0.01975560188293457,0.0024694502353668213,True
0,1199,1784808049.9168499,8,0.01903700828552246,0.0023796260356903076,True
0,1200,1784808049.9362884,8,0.021364450454711914,0.0026705563068389893,True
0,1201,1784808049.9579155,8,0.016722679138183594,0.0020903348922729492,True
0,1202,1784808049.9749799,8,0.020633459091186523,0.0025791823863983154,True
0,1203,1784808049.9959407,8,0.019517183303833008,0.002439647912979126,True
0,1204,1784808050.0157735,8,0.018162250518798828,0.0022702813148498535,True
0,1205,1784808050.0345569,8,0.020815372467041016,0.002601921558380127,True
0,1206,1784808050.055848,8,0.0200653076171875,0.0025081634521484375,True
0,1207,1784808050.076363,8,0.01895427703857422,0.0023692846298217773,True
0,1208,1784808050.0956368,8,0.021908283233642578,0.0027385354042053223,True
0,1209,1784808050.117856,8,0.020028114318847656,0.002503514289855957,True
0,1210,1784808050.138267,8,0.019815683364868164,0.0024769604206085205,True
0,1211,1784808050.1584766,8,0.019144058227539062,0.002393007278442383,True
0,1212,1784808050.1778867,8,0.019176006317138672,0.002397000789642334,True
0,1213,1784808050.197362,8,0.01945662498474121,0.0024320781230926514,True
0,1214,1784808050.2172203,8,0.01885199546813965,0.002356499433517456,True
0,1215,1784808050.2368236,8,0.019146203994750977,0.002393275499343872,True
0,1216,1784808050.2563689,8,0.018797636032104492,0.0023497045040130615,True
0,1217,1784808050.275457,8,0.019980907440185547,0.0024976134300231934,True
0,1218,1784808050.2958298,8,0.020582199096679688,0.002572774887084961,True
0,1219,1784808050.316886,8,0.020253419876098633,0.002531677484512329,True
0,1220,1784808050.3374097,8,0.021268367767333984,0.002658545970916748,True
0,1221,1784808050.3589537,8,0.01817941665649414,0.0022724270820617676,True
0,1222,1784808050.3774054,8,0.02002692222595215,0.0025033652782440186,True
0,1223,1784808050.3978374,8,0.018940210342407227,0.0023675262928009033,True
0,1224,1784808050.4171543,8,0.019429683685302734,0.002428710460662842,True
0,1225,1784808050.437037,8,0.02024555206298828,0.002530694007873535,True
0,1226,1784808050.4577346,8,0.01956629753112793,0.002445787191390991,True
0,1227,1784808050.4776855,8,0.019089221954345703,0.002386152744293213,True
0,1228,1784808050.4970794,8,0.02006816864013672,0.00250852108001709,True
0,1229,1784808050.5175078,8,0.02319502830505371,0.002899378538131714,True
0,1230,1784808050.5411248,8,0.018558740615844727,0.002319842576980591,True
0,1231,1784808050.5599618,8,0.020695924758911133,0.0025869905948638916,True
0,1232,1784808050.5809667,8,0.020583391189575195,0.0025729238986968994,True
0,1233,1784808050.6018903,8,0.020315170288085938,0.002539396286010742,True
0,1234,1784808050.6224887,8,0.02125072479248047,0.0026563405990600586,True
0,1235,1784808050.6440508,8,0.01996636390686035,0.002495795488357544,True
0,1236,1784808050.6643488,8,0.019754648208618164,0.0024693310260772705,True
0,1237,1784808050.684405,8,0.019348621368408203,0.0024185776710510254,True
0,1238,1784808050.7043638,8,0.022353410720825195,0.0027941763401031494,True
0,1239,1784808050.7271419,8,0.01990532875061035,0.002488166093826294,True
0,1240,1784808050.7484221,8,0.018788576126098633,0.002348572015762329,True
0,1241,1784808050.7677014,8,0.02059626579284668,0.002574533224105835,True
0,1242,1784808050.7887871,8,0.019364118576049805,0.0024205148220062256,True
0,1243,1784808050.8088272,8,0.021079301834106445,0.0026349127292633057,True
0,1244,1784808050.8304713,8,0.0192410945892334,0.002405136823654175,True
0,1245,1784808050.850249,8,0.02051091194152832,0.00256386399269104,True
0,1246,1784808050.8712385,8,0.01946258544921875,0.0024328231811523438,True
0,1247,1784808050.8910785,8,0.019423723220825195,0.0024279654026031494,True
0,1248,1784808050.9109082,8,0.019092321395874023,0.002386540174484253,True
0,1249,1784808050.930334,8,0.019504547119140625,0.002438068389892578,True
0,1250,1784808050.950154,8,0.020481348037719727,0.002560168504714966,True
0,1251,1784808050.9709423,8,0.01985907554626465,0.002482384443283081,True
0,1252,1784808050.9911163,8,0.020282745361328125,0.0025353431701660156,True
0,1253,1784808051.0118241,8,0.01984715461730957,0.0024808943271636963,True
0,1254,1784808051.0321362,8,0.0220339298248291,0.0027542412281036377,True
0,1255,1784808051.054526,8,0.020150184631347656,0.002518773078918457,True
0,1256,1784808051.075288,8,0.021982192993164062,0.002747774124145508,True
0,1257,1784808051.0975742,8,0.01949906349182129,0.002437382936477661,True
0,1258,1784808051.1173577,8,0.0200042724609375,0.0025005340576171875,True
0,1259,1784808051.1376193,8,0.021508455276489258,0.0026885569095611572,True
0,1260,1784808051.1597097,8,0.019816160202026367,0.002477020025253296,True
0,1261,1784808051.180051,8,0.02239680290222168,0.00279960036277771,True
0,1262,1784808051.2028806,8,0.018914222717285156,0.0023642778396606445,True
0,1263,1784808051.2229812,8,0.018625974655151367,0.002328246831893921,True
0,1264,1784808051.2419949,8,0.02001786231994629,0.002502232789993286,True
0,1265,1784808051.2625885,8,0.021369218826293945,0.002671152353286743,True
0,1266,1784808051.2844384,8,0.02033829689025879,0.0025422871112823486,True
0,1267,1784808051.3052325,8,0.02054572105407715,0.0025682151317596436,True
0,1268,1784808051.3260746,8,0.02170538902282715,0.0027131736278533936,True
0,1269,1784808051.3490071,8,0.017795324325561523,0.0022244155406951904,True
0,1270,1784808051.3674598,8,0.02182936668395996,0.002728670835494995,True
0,1271,1784808051.389684,8,0.019011259078979492,0.0023764073848724365,True
0,1272,1784808051.4091024,8,0.021008729934692383,0.002626091241836548,True
0,1273,1784808051.4304972,8,0.02113056182861328,0.00264132022857666,True
0,1274,1784808051.4519563,8,0.020511627197265625,0.002563953399658203,True
0,1275,1784808051.4728136,8,0.019167423248291016,0.002395927906036377,True
0,1276,1784808051.4923584,8,0.019739151000976562,0.0024673938751220703,True
0,1277,1784808051.5125082,8,0.019305944442749023,0.002413243055343628,True
0,1278,1784808051.5321257,8,0.019990921020507812,0.0024988651275634766,True
0,1279,1784808051.5524673,8,0.019855260848999023,0.002481907606124878,True
0,1280,1784808051.5726838,8,0.01949143409729004,0.002436429262161255,True
0,1281,1784808051.5925777,8,0.020513296127319336,0.002564162015914917,True
0,1282,1784808051.613408,8,0.019492149353027344,0.002436518669128418,True
0,1283,1784808051.6331825,8,0.020106077194213867,0.0025132596492767334,True
0,1284,1784808051.6535976,8,0.022946834564208984,0.002868354320526123,True
0,1285,1784808051.6768067,8,0.020986080169677734,0.002623260021209717,True
0,1286,1784808051.6980886,8,0.018219470977783203,0.0022774338722229004,True
0,1287,1784808051.7167168,8,0.01995706558227539,0.002494633197784424,True
0,1288,1784808051.7370172,8,0.0196683406829834,0.002458542585372925,True
0,1289,1784808051.7569335,8,0.021137237548828125,0.0026421546936035156,True
0,1290,1784808051.7784836,8,0.019452333450317383,0.002431541681289673,True
0,1291,1784808051.7982354,8,0.01974320411682129,0.002467900514602661,True
0,1292,1784808051.8184366,8,0.02133917808532715,0.0026673972606658936,True
0,1293,1784808051.8400795,8,0.0176084041595459,0.0022010505199432373,True
0,1294,1784808051.858045,8,0.02094578742980957,0.0026182234287261963,True
0,1295,1784808051.879525,8,0.019427061080932617,0.002428382635116577,True
0,1296,1784808051.900147,8,0.02043747901916504,0.00255468487739563,True
0,1297,1784808051.9209886,8,0.019553661346435547,0.0024442076683044434,True
0,1298,1784808051.9409688,8,0.020367145538330078,0.0025458931922912598,True
0,1299,1784808051.961713,8,0.02007436752319336,0.00250929594039917,True
0,1300,1784808051.9826372,8,0.020185232162475586,0.0025231540203094482,True
0,1301,1784808052.0033042,8,0.019791603088378906,0.0024739503860473633,True
0,1302,1784808052.0235558,8,0.020716190338134766,0.0025895237922668457,True
0,1303,1784808052.0458062,8,0.020212173461914062,0.002526521682739258,True
0,1304,1784808052.0671778,8,0.01848435401916504,0.00231054425239563,True
0,1305,1784808052.0862284,8,0.020443201065063477,0.0025554001331329346,True
0,1306,1784808052.107051,8,0.019902944564819336,0.002487868070602417,True
0,1307,1784808052.1274803,8,0.021244525909423828,0.0026555657386779785,True
0,1308,1784808052.1493194,8,0.019361019134521484,0.0024201273918151855,True
0,1309,1784808052.16899,8,0.020165443420410156,0.0025206804275512695,True
0,1310,1784808052.1896114,8,0.0220489501953125,0.0027561187744140625,True
0,1311,1784808052.2134387,8,0.020031452178955078,0.0025039315223693848,True
0,1312,1784808052.2337708,8,0.020274877548217773,0.0025343596935272217,True
0,1313,1784808052.254373,8,0.020812273025512695,0.002601534128189087,True
0,1314,1784808052.275466,8,0.019191503524780273,0.002398937940597534,True
0,1315,1784808052.2949646,8,0.020711660385131836,0.0025889575481414795,True
0,1316,1784808052.3162026,8,0.020362377166748047,0.002545297145843506,True
0,1317,1784808052.3368478,8,0.01990509033203125,0.0024881362915039062,True
0,1318,1784808052.3574073,8,0.02117466926574707,0.002646833658218384,True
0,1319,1784808052.378943,8,0.02088332176208496,0.00261041522026062,True
0,1320,1784808052.4002175,8,0.019526004791259766,0.0024407505989074707,True
0,1321,1784808052.420216,8,0.020448684692382812,0.0025560855865478516,True
0,1322,1784808052.4409451,8,0.0198516845703125,0.0024814605712890625,True
0,1323,1784808052.461211,8,0.020493030548095703,0.002561628818511963,True
0,1324,1784808052.4821086,8,0.02079486846923828,0.002599358558654785,True
0,1325,1784808052.503256,8,0.02041792869567871,0.002552241086959839,True
0,1326,1784808052.524049,8,0.01830768585205078,0.0022884607315063477,True
0,1327,1784808052.5427969,8,0.020647525787353516,0.0025809407234191895,True
0,1328,1784808052.5637999,8,0.01973557472229004,0.002466946840286255,True
0,1329,1784808052.5838816,8,0.02057504653930664,0.00257188081741333,True
0,1330,1784808052.6048286,8,0.01909923553466797,0.002387404441833496,True
0,1331,1784808052.62422,8,0.019615650177001953,0.002451956272125244,True
0,1332,1784808052.6442127,8,0.01972198486328125,0.0024652481079101562,True
0,1333,1784808052.6643574,8,0.01970505714416504,0.00246313214302063,True
0,1334,1784808052.684298,8,0.019606828689575195,0.0024508535861968994,True
0,1335,1784808052.7042038,8,0.019994497299194336,0.002499312162399292,True
0,1336,1784808052.7245207,8,0.019330978393554688,0.002416372299194336,True
0,1337,1784808052.7441213,8,0.020837068557739258,0.0026046335697174072,True
0,1338,1784808052.7656448,8,0.01963520050048828,0.002454400062561035,True
0,1339,1784808052.7855706,8,0.019742727279663086,0.0024678409099578857,True
0,1340,1784808052.8056684,8,0.020505189895629883,0.0025631487369537354,True
0,1341,1784808052.8265738,8,0.021387815475463867,0.0026734769344329834,True
0,1342,1784808052.8482468,8,0.018555402755737305,0.002319425344467163,True
0,1343,1784808052.8671908,8,0.019712448120117188,0.0024640560150146484,True
0,1344,1784808052.8873181,8,0.02041149139404297,0.002551436424255371,True
0,1345,1784808052.9081218,8,0.019620418548583984,0.002452552318572998,True
0,1346,1784808052.9281518,8,0.020344972610473633,0.002543121576309204,True
0,1347,1784808052.9487884,8,0.018276453018188477,0.0022845566272735596,True
0,1348,1784808052.9675136,8,0.017854928970336914,0.0022318661212921143,True
0,1349,1784808052.985742,8,0.019214630126953125,0.0024018287658691406,True
0,1350,1784808053.0052512,8,0.020605802536010742,0.0025757253170013428,True
0,1351,1784808053.0262778,8,0.01979660987854004,0.002474576234817505,True
0,1352,1784808053.0463138,8,0.019910335540771484,0.0024887919425964355,True
0,1353,1784808053.066568,8,0.019803524017333984,0.002475440502166748,True
0,1354,1784808053.086678,8,0.01982855796813965,0.002478569746017456,True
0,1355,1784808053.106988,8,0.019634246826171875,0.0024542808532714844,True
0,1356,1784808053.1269045,8,0.021521329879760742,0.0026901662349700928,True
0,1357,1784808053.148864,8,0.020174026489257812,0.0025217533111572266,True
0,1358,1784808053.1693134,8,0.019463300704956055,0.002432912588119507,True
0,1359,1784808053.18947,8,0.019432544708251953,0.002429068088531494,True
0,1360,1784808053.209667,8,0.020519733428955078,0.0025649666786193848,True
0,1361,1784808053.2308064,8,0.020724058151245117,0.0025905072689056396,True
0,1362,1784808053.2527783,8,0.018949270248413086,0.0023686587810516357,True
0,1363,1784808053.2723966,8,0.022106647491455078,0.0027633309364318848,True
0,1364,1784808053.2954118,8,0.019685029983520508,0.0024606287479400635,True
0,1365,1784808053.3155396,8,0.01805901527404785,0.0022573769092559814,True
0,1366,1784808053.3340516,8,0.0191802978515625,0.0023975372314453125,True
0,1367,1784808053.3535554,8,0.019909143447875977,0.002488642930984497,True
0,1368,1784808053.3738925,8,0.02089691162109375,0.0026121139526367188,True
0,1369,1784808053.3953261,8,0.020563602447509766,0.0025704503059387207,True
0,1370,1784808053.4161713,8,0.020299911499023438,0.0025374889373779297,True
0,1371,1784808053.436841,8,0.023417949676513672,0.002927243709564209,True
0,1372,1784808053.4606311,8,0.017131567001342773,0.0021414458751678467,True
0,1373,1784808053.4782345,8,0.019971609115600586,0.0024964511394500732,True
0,1374,1784808053.4987442,8,0.020647525787353516,0.0025809407234191895,True
0,1375,1784808053.5197358,8,0.020746707916259766,0.0025933384895324707,True
0,1376,1784808053.5408547,8,0.019851207733154297,0.002481400966644287,True
0,1377,1784808053.561041,8,0.018873929977416992,0.002359241247177124,True
0,1378,1784808053.5803,8,0.019689321517944336,0.002461165189743042,True
0,1379,1784808053.600374,8,0.0207211971282959,0.0025901496410369873,True
0,1380,1784808053.6214132,8,0.020390033721923828,0.0025487542152404785,True
0,1381,1784808053.6423519,8,0.01913619041442871,0.002392023801803589,True
0,1382,1784808053.6618302,8,0.02497100830078125,0.0031213760375976562,True
0,1383,1784808053.6873386,8,0.018877267837524414,0.0023596584796905518,True
0,1384,1784808053.706563,8,0.02074885368347168,0.00259360671043396,True
0,1385,1784808053.7276564,8,0.021288156509399414,0.0026610195636749268,True
0,1386,1784808053.749313,8,0.019343852996826172,0.0024179816246032715,True
0,1387,1784808053.7689412,8,0.020015954971313477,0.0025019943714141846,True
0,1388,1784808053.7892952,8,0.0211639404296875,0.0026454925537109375,True
0,1389,1784808053.8107984,8,0.019735336303710938,0.002466917037963867,True
0,1390,1784808053.8309877,8,0.018986940383911133,0.0023733675479888916,True
0,1391,1784808053.850652,8,0.01950693130493164,0.002438366413116455,True
0,1392,1784808053.870547,8,0.019982576370239258,0.0024978220462799072,True
0,1393,1784808053.89096,8,0.019908428192138672,0.002488553524017334,True
0,1394,1784808053.9112275,8,0.021240711212158203,0.0026550889015197754,True
0,1395,1784808053.9328196,8,0.019167184829711914,0.0023958981037139893,True
0,1396,1784808053.9523883,8,0.018751144409179688,0.002343893051147461,True
0,1397,1784808053.9716988,8,0.019399404525756836,0.0024249255657196045,True
0,1398,1784808053.9914057,8,0.019834041595458984,0.002479255199432373,True
0,1399,1784808054.0115488,8,0.021817445755004883,0.0027271807193756104,True
0,1400,1784808054.034,8,0.021275758743286133,0.0026594698429107666,True
0,1401,1784808054.055851,8,0.01869797706604004,0.002337247133255005,True
0,1402,1784808054.0759206,8,0.019605636596679688,0.002450704574584961,True
0,1403,1784808054.0959294,8,0.0214388370513916,0.00267985463142395,True
0,1404,1784808054.1178277,8,0.020521879196166992,0.002565234899520874,True
0,1405,1784808054.1390147,8,0.020679712295532227,0.0025849640369415283,True
0,1406,1784808054.160753,8,0.01985788345336914,0.0024822354316711426,True
0,1407,1784808054.1809118,8,0.019875764846801758,0.0024844706058502197,True
0,1408,1784808054.2011867,8,0.020999908447265625,0.002624988555908203,True
0,1409,1784808054.2225478,8,0.0214383602142334,0.002679795026779175,True
0,1410,1784808054.2446718,8,0.020920753479003906,0.0026150941848754883,True
0,1411,1784808054.2658842,8,0.019470930099487305,0.002433866262435913,True
0,1412,1784808054.2856815,8,0.021828413009643555,0.0027285516262054443,True
0,1413,1784808054.3079066,8,0.020338058471679688,0.002542257308959961,True
0,1414,1784808054.3285596,8,0.02058124542236328,0.00257265567779541,True
0,1415,1784808054.3493874,8,0.02021503448486328,0.00252687931060791,True
0,1416,1784808054.3699143,8,0.020416736602783203,0.0025520920753479004,True
0,1417,1784808054.3906205,8,0.021126747131347656,0.002640843391418457,True
0,1418,1784808054.412056,8,0.0185849666595459,0.0023231208324432373,True
0,1419,1784808054.4311185,8,0.02018880844116211,0.0025236010551452637,True
0,1420,1784808054.4517362,8,0.020106792449951172,0.0025133490562438965,True
0,1421,1784808054.4725344,8,0.01883530616760254,0.0023544132709503174,True
0,1422,1784808054.491623,8,0.02070927619934082,0.0025886595249176025,True
0,1423,1784808054.5126412,8,0.020323991775512695,0.002540498971939087,True
0,1424,1784808054.533316,8,0.018940210342407227,0.0023675262928009033,True
0,1425,1784808054.5527747,8,0.023111581802368164,0.0028889477252960205,True
0,1426,1784808054.5762174,8,0.01849842071533203,0.002312302589416504,True
0,1427,1784808054.5951838,8,0.020713090896606445,0.0025891363620758057,True
0,1428,1784808054.6162107,8,0.020904541015625,0.002613067626953125,True
0,1429,1784808054.637382,8,0.01834845542907715,0.0022935569286346436,True
0,1430,1784808054.6560812,8,0.020851850509643555,0.0026064813137054443,True
0,1431,1784808054.6777465,8,0.02094411849975586,0.0026180148124694824,True
0,1432,1784808054.6989872,8,0.019838571548461914,0.0024798214435577393,True
0,1433,1784808054.7192035,8,0.020150184631347656,0.002518773078918457,True
0,1434,1784808054.7398612,8,0.019309282302856445,0.0024136602878570557,True
0,1435,1784808054.7594757,8,0.021350383758544922,0.0026687979698181152,True
0,1436,1784808054.7812998,8,0.019734859466552734,0.002466857433319092,True
0,1437,1784808054.8014235,8,0.020774126052856445,0.0025967657566070557,True
0,1438,1784808054.8224916,8,0.0192868709564209,0.0024108588695526123,True
0,1439,1784808054.842398,8,0.02038097381591797,0.002547621726989746,True
0,1440,1784808054.8631444,8,0.022741079330444336,0.002842634916305542,True
0,1441,1784808054.8862236,8,0.018128395080566406,0.0022660493850708008,True
0,1442,1784808054.9047334,8,0.0204160213470459,0.0025520026683807373,True
0,1443,1784808054.9256368,8,0.022424936294555664,0.002803117036819458,True
0,1444,1784808054.948472,8,0.019643783569335938,0.002455472946166992,True
0,1445,1784808054.9685168,8,0.019588708877563477,0.0024485886096954346,True
0,1446,1784808054.988565,8,0.019156217575073242,0.0023945271968841553,True
0,1447,1784808055.00849,8,0.020164012908935547,0.0025205016136169434,True
0,1448,1784808055.0291271,8,0.019068479537963867,0.0023835599422454834,True
0,1449,1784808055.0485678,8,0.01986074447631836,0.002482593059539795,True
0,1450,1784808055.0688388,8,0.019664287567138672,0.002458035945892334,True
0,1451,1784808055.0890033,8,0.020458698272705078,0.0025573372840881348,True
0,1452,1784808055.1099555,8,0.019487380981445312,0.002435922622680664,True
0,1453,1784808055.1299994,8,0.020220041275024414,0.0025275051593780518,True
0,1454,1784808055.150701,8,0.025890111923217773,0.0032362639904022217,True
0,1455,1784808055.1770532,8,0.01601862907409668,0.002002328634262085,True
0,1456,1784808055.1935177,8,0.02218341827392578,0.0027729272842407227,True
0,1457,1784808055.2184348,8,0.019844770431518555,0.0024805963039398193,True
0,1458,1784808055.2387295,8,0.02058863639831543,0.0025735795497894287,True
0,1459,1784808055.259971,8,0.019744157791137695,0.002468019723892212,True
0,1460,1784808055.2801282,8,0.020707130432128906,0.0025883913040161133,True
0,1461,1784808055.301844,8,0.02245044708251953,0.0028063058853149414,True
0,1462,1784808055.324673,8,0.019868135452270508,0.0024835169315338135,True
0,1463,1784808055.3454714,8,0.0188443660736084,0.00235554575920105,True
0,1464,1784808055.3651295,8,0.02012038230895996,0.002515047788619995,True
0,1465,1784808055.385654,8,0.019334793090820312,0.002416849136352539,True
0,1466,1784808055.40527,8,0.02080821990966797,0.002601027488708496,True
0,1467,1784808055.4264543,8,0.019723892211914062,0.002465486526489258,True
0,1468,1784808055.4464195,8,0.020638227462768555,0.0025797784328460693,True
0,1469,1784808055.4674082,8,0.020470142364501953,0.002558767795562744,True
0,1470,1784808055.4883518,8,0.019757509231567383,0.002469688653945923,True
0,1471,1784808055.5083585,8,0.02020120620727539,0.002525150775909424,True
0,1472,1784808055.5288694,8,0.01990962028503418,0.0024887025356292725,True
0,1473,1784808055.5491018,8,0.02030777931213379,0.0025384724140167236,True
0,1474,1784808055.569859,8,0.01894378662109375,0.0023679733276367188,True
0,1475,1784808055.5891225,8,0.019288301467895508,0.0024110376834869385,True
0,1476,1784808055.608739,8,0.019936084747314453,0.0024920105934143066,True
0,1477,1784808055.628944,8,0.021152734756469727,0.002644091844558716,True
0,1478,1784808055.6504364,8,0.020225048065185547,0.0025281310081481934,True
0,1479,1784808055.6709442,8,0.020409345626831055,0.002551168203353882,True
0,1480,1784808055.6916678,8,0.019809961318969727,0.002476245164871216,True
0,1481,1784808055.7117832,8,0.02102828025817871,0.002628535032272339,True
0,1482,1784808055.733333,8,0.02174687385559082,0.0027183592319488525,True
0,1483,1784808055.7554042,8,0.018494606018066406,0.0023118257522583008,True
0,1484,1784808055.7743988,8,0.02023458480834961,0.002529323101043701,True
0,1485,1784808055.7949567,8,0.020589113235473633,0.002573639154434204,True
0,1486,1784808055.8159766,8,0.020203828811645508,0.0025254786014556885,True
0,1487,1784808055.8365407,8,0.019928693771362305,0.002491086721420288,True
0,1488,1784808055.8567684,8,0.02096271514892578,0.0026203393936157227,True
0,1489,1784808055.8781,8,0.020029306411743164,0.0025036633014678955,True
0,1490,1784808055.8984709,8,0.01829051971435547,0.0022863149642944336,True
0,1491,1784808055.9172218,8,0.019490718841552734,0.002436339855194092,True
0,1492,1784808055.9374647,8,0.020740270614624023,0.002592533826828003,True
0,1493,1784808055.9586618,8,0.019031286239624023,0.002378910779953003,True
0,1494,1784808055.978188,8,0.019273757934570312,0.002409219741821289,True
0,1495,1784808055.9988024,8,0.020734071731567383,0.002591758966445923,True
0,1496,1784808056.020333,8,0.020459890365600586,0.0025574862957000732,True
0,1497,1784808056.0420346,8,0.019544363021850586,0.0024430453777313232,True
0,1498,1784808056.062005,8,0.021601438522338867,0.0027001798152923584,True
0,1499,1784808056.0838451,8,0.020786523818969727,0.002598315477371216,True
0,1500,1784808056.1051013,8,0.01935291290283203,0.002419114112854004,True
0,1501,1784808056.124812,8,0.021268129348754883,0.0026585161685943604,True
0,1502,1784808056.1464422,8,0.019175291061401367,0.002396911382675171,True
0,1503,1784808056.1658864,8,0.0190427303314209,0.0023803412914276123,True
0,1504,1784808056.185612,8,0.01990509033203125,0.0024881362915039062,True
0,1505,1784808056.2059574,8,0.020907163619995117,0.0026133954524993896,True
0,1506,1784808056.2272136,8,0.019340991973876953,0.002417623996734619,True
0,1507,1784808056.2469146,8,0.020013809204101562,0.0025017261505126953,True
0,1508,1784808056.267302,8,0.020485401153564453,0.0025606751441955566,True
0,1509,1784808056.2882295,8,0.019310474395751953,0.002413809299468994,True
0,1510,1784808056.307861,8,0.01974797248840332,0.002468496561050415,True
0,1511,1784808056.3281395,8,0.021190404891967773,0.0026488006114959717,True
0,1512,1784808056.3498888,8,0.01869034767150879,0.0023362934589385986,True
0,1513,1784808056.3689284,8,0.020890235900878906,0.0026112794876098633,True
0,1514,1784808056.3902,8,0.020386219024658203,0.0025482773780822754,True
0,1515,1784808056.411175,8,0.02031707763671875,0.0025396347045898438,True
0,1516,1784808056.4317794,8,0.01906561851501465,0.002383202314376831,True
0,1517,1784808056.4512587,8,0.020090341567993164,0.0025112926959991455,True
0,1518,1784808056.4717789,8,0.018563270568847656,0.002320408821105957,True
0,1519,1784808056.4908273,8,0.01953601837158203,0.002442002296447754,True
0,1520,1784808056.510762,8,0.019742250442504883,0.0024677813053131104,True
0,1521,1784808056.5307975,8,0.01827549934387207,0.002284437417984009,True
0,1522,1784808056.5494606,8,0.01932239532470703,0.002415299415588379,True
0,1523,1784808056.5691724,8,0.020467281341552734,0.002558410167694092,True
0,1524,1784808056.589911,8,0.01988053321838379,0.0024850666522979736,True
0,1525,1784808056.6103344,8,0.018790721893310547,0.0023488402366638184,True
0,1526,1784808056.62964,8,0.020631074905395508,0.0025788843631744385,True
0,1527,1784808056.6506095,8,0.019825220108032227,0.0024781525135040283,True
0,1528,1784808056.670784,8,0.01963186264038086,0.0024539828300476074,True
0,1529,1784808056.6908605,8,0.019464731216430664,0.002433091402053833,True
0,1530,1784808056.7106621,8,0.0219573974609375,0.0027446746826171875,True
0,1531,1784808056.7328923,8,0.018228769302368164,0.0022785961627960205,True
0,1532,1784808056.7516823,8,0.019565582275390625,0.002445697784423828,True
0,1533,1784808056.7715027,8,0.020055770874023438,0.0025069713592529297,True
0,1534,1784808056.7918231,8,0.02107977867126465,0.002634972333908081,True
0,1535,1784808056.8132641,8,0.02016758918762207,0.002520948648452759,True
0,1536,1784808056.833765,8,0.02092885971069336,0.00261610746383667,True
0,1537,1784808056.855098,8,0.019509553909301758,0.0024386942386627197,True
0,1538,1784808056.8749964,8,0.019182443618774414,0.0023978054523468018,True
0,1539,1784808056.8946304,8,0.023199081420898438,0.0028998851776123047,True
0,1540,1784808056.918129,8,0.0195009708404541,0.0024376213550567627,True
0,1541,1784808056.9379349,8,0.0207366943359375,0.0025920867919921875,True
0,1542,1784808056.959104,8,0.020093202590942383,0.002511650323867798,True
0,1543,1784808056.9796636,8,0.020977258682250977,0.002622157335281372,True
0,1544,1784808057.000972,8,0.019443035125732422,0.0024303793907165527,True
0,1545,1784808057.0209846,8,0.019573450088500977,0.002446681261062622,True
0,1546,1784808057.0408442,8,0.019128084182739258,0.0023910105228424072,True
0,1547,1784808057.0604098,8,0.020038843154907227,0.0025048553943634033,True
0,1548,1784808057.080846,8,0.021069049835205078,0.0026336312294006348,True
0,1549,1784808057.1023011,8,0.01988983154296875,0.0024862289428710938,True
0,1550,1784808057.1227226,8,0.01953411102294922,0.0024417638778686523,True
0,1551,1784808057.1426022,8,0.0194704532623291,0.0024338066577911377,True
0,1552,1784808057.1625853,8,0.01912713050842285,0.0023908913135528564,True
0,1553,1784808057.1823192,8,0.018261432647705078,0.0022826790809631348,True
0,1554,1784808057.2008667,8,0.0221865177154541,0.0027733147144317627,True
0,1555,1784808057.223428,8,0.01883101463317871,0.002353876829147339,True
0,1556,1784808057.2436793,8,0.01975250244140625,0.0024690628051757812,True
0,1557,1784808057.2637887,8,0.019825458526611328,0.002478182315826416,True
0,1558,1784808057.2838883,8,0.02034473419189453,0.0025430917739868164,True
0,1559,1784808057.3050807,8,0.02001214027404785,0.0025015175342559814,True
0,1560,1784808057.3253772,8,0.02216649055480957,0.0027708113193511963,True
0,1561,1784808057.3478925,8,0.019823551177978516,0.0024779438972473145,True
0,1562,1784808057.3682566,8,0.020552635192871094,0.0025690793991088867,True
0,1563,1784808057.3891766,8,0.019579410552978516,0.0024474263191223145,True
0,1564,1784808057.4091682,8,0.020227432250976562,0.0025284290313720703,True
0,1565,1784808057.429748,8,0.019007444381713867,0.0023759305477142334,True
0,1566,1784808057.449204,8,0.02025628089904785,0.0025320351123809814,True
0,1567,1784808057.4702632,8,0.020225048065185547,0.0025281310081481934,True
0,1568,1784808057.490854,8,0.019905805587768555,0.0024882256984710693,True
0,1569,1784808057.5110962,8,0.02064967155456543,0.0025812089443206787,True
0,1570,1784808057.5321128,8,0.019621610641479492,0.0024527013301849365,True
0,1571,1784808057.5520751,8,0.019826889038085938,0.002478361129760742,True
0,1572,1784808057.572611,8,0.020882129669189453,0.0026102662086486816,True
0,1573,1784808057.5937836,8,0.02013707160949707,0.002517133951187134,True
0,1574,1784808057.6142924,8,0.019563913345336914,0.0024454891681671143,True
0,1575,1784808057.6341956,8,0.01972222328186035,0.002465277910232544,True
0,1576,1784808057.654668,8,0.020473480224609375,0.002559185028076172,True
0,1577,1784808057.6754682,8,0.018417835235595703,0.002302229404449463,True
0,1578,1784808057.694354,8,0.01945805549621582,0.0024322569370269775,True
0,1579,1784808057.714277,8,0.020400524139404297,0.002550065517425537,True
0,1580,1784808057.7350883,8,0.020194530487060547,0.0025243163108825684,True
0,1581,1784808057.7555802,8,0.019919872283935547,0.0024899840354919434,True
0,1582,1784808057.775786,8,0.02033066749572754,0.0025413334369659424,True
0,1583,1784808057.796436,8,0.019412517547607422,0.0024265646934509277,True
0,1584,1784808057.8161712,8,0.020562171936035156,0.0025702714920043945,True
0,1585,1784808057.8372087,8,0.02109241485595703,0.002636551856994629,True
0,1586,1784808057.8586528,8,0.019425392150878906,0.0024281740188598633,True
0,1587,1784808057.8784032,8,0.020193099975585938,0.002524137496948242,True
0,1588,1784808057.898913,8,0.021177053451538086,0.0026471316814422607,True
0,1589,1784808057.9204273,8,0.019660234451293945,0.002457529306411743,True
0,1590,1784808057.94051,8,0.018909215927124023,0.002363651990890503,True
0,1591,1784808057.9597728,8,0.01932358741760254,0.0024154484272003174,True
0,1592,1784808057.9793916,8,0.020000457763671875,0.0025000572204589844,True
0,1593,1784808057.9999259,8,0.019351482391357422,0.0024189352989196777,True
0,1594,1784808058.020221,8,0.01970219612121582,0.0024627745151519775,True
0,1595,1784808058.0405264,8,0.020617961883544922,0.0025772452354431152,True
0,1596,1784808058.061461,8,0.0211639404296875,0.0026454925537109375,True
0,1597,1784808058.0830624,8,0.019928932189941406,0.0024911165237426758,True
0,1598,1784808058.1033907,8,0.020354509353637695,0.002544313669204712,True
0,1599,1784808058.1240187,8,0.018439769744873047,0.002304971218109131,True
0,1600,1784808058.1428308,8,0.020469188690185547,0.0025586485862731934,True
0,1601,1784808058.1636612,8,0.019319534301757812,0.0024149417877197266,True
0,1602,1784808058.1834471,8,0.019956588745117188,0.0024945735931396484,True
0,1603,1784808058.2037544,8,0.0195162296295166,0.002439528703689575,True
0,1604,1784808058.2236068,8,0.021698474884033203,0.0027123093605041504,True
0,1605,1784808058.2457201,8,0.019513607025146484,0.0024392008781433105,True
0,1606,1784808058.2655995,8,0.018462181091308594,0.0023077726364135742,True
0,1607,1784808058.2844138,8,0.020549535751342773,0.0025686919689178467,True
0,1608,1784808058.3054192,8,0.020668506622314453,0.0025835633277893066,True
0,1609,1784808058.3263662,8,0.019675493240356445,0.0024594366550445557,True
0,1610,1784808058.346668,8,0.022588491439819336,0.002823561429977417,True
0,1611,1784808058.369605,8,0.019753694534301758,0.0024692118167877197,True
0,1612,1784808058.3897808,8,0.018151283264160156,0.0022689104080200195,True
0,1613,1784808058.408277,8,0.018919706344604492,0.0023649632930755615,True
0,1614,1784808058.4275486,8,0.021201372146606445,0.0026501715183258057,True
0,1615,1784808058.449104,8,0.01938462257385254,0.0024230778217315674,True
0,1616,1784808058.4689517,8,0.02076268196105957,0.0025953352451324463,True
0,1617,1784808058.490173,8,0.01828312873840332,0.002285391092300415,True
0,1618,1784808058.5087886,8,0.020029067993164062,0.002503633499145508,True
0,1619,1784808058.5293372,8,0.020084619522094727,0.002510577440261841,True
0,1620,1784808058.549869,8,0.020697355270385742,0.0025871694087982178,True
0,1621,1784808058.5709453,8,0.0191650390625,0.0023956298828125,True
0,1622,1784808058.5905106,8,0.02424025535583496,0.00303003191947937,True
0,1623,1784808058.6154213,8,0.01967763900756836,0.002459704875946045,True
0,1624,1784808058.6354637,8,0.018265962600708008,0.002283245325088501,True
0,1625,1784808058.6541026,8,0.021387577056884766,0.0026734471321105957,True
0,1626,1784808058.676126,8,0.019947052001953125,0.0024933815002441406,True
0,1627,1784808058.696412,8,0.020220041275024414,0.0025275051593780518,True
0,1628,1784808058.7169883,8,0.01980733871459961,0.002475917339324951,True
0,1629,1784808058.7372074,8,0.02080821990966797,0.002601027488708496,True
0,1630,1784808058.75846,8,0.01971745491027832,0.00246468186378479,True
0,1631,1784808058.7785637,8,0.020507335662841797,0.0025634169578552246,True
0,1632,1784808058.7994933,8,0.020389080047607422,0.0025486350059509277,True
0,1633,1784808058.8201692,8,0.01919412612915039,0.002399265766143799,True
0,1634,1784808058.8396888,8,0.018979310989379883,0.0023724138736724854,True
0,1635,1784808058.8589582,8,0.021020174026489258,0.0026275217533111572,True
0,1636,1784808058.880331,8,0.021503448486328125,0.0026879310607910156,True
0,1637,1784808058.9020991,8,0.02020549774169922,0.0025256872177124023,True
0,1638,1784808058.922627,8,0.020389795303344727,0.002548724412918091,True
0,1639,1784808058.943409,8,0.02051997184753418,0.0025649964809417725,True
0,1640,1784808058.9643767,8,0.020621061325073242,0.0025776326656341553,True
0,1641,1784808058.9858294,8,0.0193178653717041,0.0024147331714630127,True
0,1642,1784808059.00563,8,0.02086949348449707,0.002608686685562134,True
0,1643,1784808059.0269246,8,0.019479036331176758,0.0024348795413970947,True
0,1644,1784808059.0468314,8,0.020470857620239258,0.0025588572025299072,True
0,1645,1784808059.0676527,8,0.020540237426757812,0.0025675296783447266,True
0,1646,1784808059.088623,8,0.01920294761657715,0.0024003684520721436,True
0,1647,1784808059.108249,8,0.01964712142944336,0.00245589017868042,True
0,1648,1784808059.1283197,8,0.024417400360107422,0.0030521750450134277,True
0,1649,1784808059.1530163,8,0.019469499588012695,0.002433687448501587,True
0,1650,1784808059.173444,8,0.017676830291748047,0.002209603786468506,True
0,1651,1784808059.1916268,8,0.019061803817749023,0.002382725477218628,True
0,1652,1784808059.2117302,8,0.019053220748901367,0.002381652593612671,True
0,1653,1784808059.231863,8,0.019399404525756836,0.0024249255657196045,True
0,1654,1784808059.2523165,8,0.02198481559753418,0.0027481019496917725,True
0,1655,1784808059.276267,8,0.01830887794494629,0.002288609743118286,True
0,1656,1784808059.2959611,8,0.020684480667114258,0.0025855600833892822,True
0,1657,1784808059.3175118,8,0.020735979080200195,0.0025919973850250244,True
0,1658,1784808059.3385787,8,0.019969701766967773,0.0024962127208709717,True
0,1659,1784808059.3588626,8,0.01962590217590332,0.002453237771987915,True
0,1660,1784808059.3788455,8,0.021291017532348633,0.002661377191543579,True
0,1661,1784808059.4005835,8,0.0187990665435791,0.0023498833179473877,True
0,1662,1784808059.4198089,8,0.01936650276184082,0.0024208128452301025,True
0,1663,1784808059.4394264,8,0.01935887336730957,0.0024198591709136963,True
0,1664,1784808059.4590657,8,0.021771669387817383,0.002721458673477173,True
0,1665,1784808059.4811661,8,0.019793033599853516,0.0024741291999816895,True
0,1666,1784808059.501252,8,0.019064903259277344,0.002383112907409668,True
0,1667,1784808059.5206766,8,0.0197141170501709,0.0024642646312713623,True
0,1668,1784808059.5407515,8,0.02126002311706543,0.0026575028896331787,True
0,1669,1784808059.562707,8,0.018304109573364258,0.0022880136966705322,True
0,1670,1784808059.5813217,8,0.01906585693359375,0.0023832321166992188,True
0,1671,1784808059.6007495,8,0.01835179328918457,0.0022939741611480713,True
0,1672,1784808059.6193774,8,0.020763635635375977,0.002595454454421997,True
0,1673,1784808059.6404936,8,0.01959681510925293,0.002449601888656616,True
0,1674,1784808059.660718,8,0.020525693893432617,0.002565711736679077,True
0,1675,1784808059.6816337,8,0.020589590072631836,0.0025736987590789795,True
0,1676,1784808059.7029333,8,0.020350933074951172,0.0025438666343688965,True
0,1677,1784808059.724472,8,0.02109551429748535,0.002636939287185669,True
0,1678,1784808059.7459605,8,0.020017623901367188,0.0025022029876708984,True
0,1679,1784808059.7664611,8,0.020401477813720703,0.002550184726715088,True
0,1680,1784808059.7872512,8,0.02072429656982422,0.0025905370712280273,True
0,1681,1784808059.8085248,8,0.018247127532958984,0.002280890941619873,True
0,1682,1784808059.8273654,8,0.020242691040039062,0.002530336380004883,True
0,1683,1784808059.8480709,8,0.020425796508789062,0.002553224563598633,True
0,1684,1784808059.8693652,8,0.022050857543945312,0.002756357192993164,True
0,1685,1784808059.8920078,8,0.018665075302124023,0.002333134412765503,True
0,1686,1784808059.9110606,8,0.021066665649414062,0.002633333206176758,True
0,1687,1784808059.932453,8,0.019098997116088867,0.0023873746395111084,True
0,1688,1784808059.9520328,8,0.019564151763916016,0.002445518970489502,True
0,1689,1784808059.9721086,8,0.0207822322845459,0.0025977790355682373,True
0,1690,1784808059.9932573,8,0.019788026809692383,0.002473503351211548,True
0,1691,1784808060.0133312,8,0.020055770874023438,0.0025069713592529297,True
0,1692,1784808060.033716,8,0.02010822296142578,0.0025135278701782227,True
0,1693,1784808060.0542018,8,0.02048468589782715,0.0025605857372283936,True
0,1694,1784808060.0750563,8,0.02102351188659668,0.002627938985824585,True
0,1695,1784808060.0968719,8,0.018718481063842773,0.0023398101329803467,True
0,1696,1784808060.115995,8,0.0216062068939209,0.0027007758617401123,True
0,1697,1784808060.1380792,8,0.01854538917541504,0.00231817364692688,True
0,1698,1784808060.157127,8,0.01912379264831543,0.0023904740810394287,True
0,1699,1784808060.1768935,8,0.018230676651000977,0.002278834581375122,True
0,1700,1784808060.1963322,8,0.01826786994934082,0.0022834837436676025,True
0,1701,1784808060.2148895,8,0.020197629928588867,0.0025247037410736084,True
0,1702,1784808060.235383,8,0.0197446346282959,0.0024680793285369873,True
0,1703,1784808060.255517,8,0.019376039505004883,0.0024220049381256104,True
0,1704,1784808060.2753344,8,0.02048015594482422,0.0025600194931030273,True
0,1705,1784808060.2962034,8,0.019226789474487305,0.002403348684310913,True
0,1706,1784808060.3159354,8,0.022849082946777344,0.002856135368347168,True
0,1707,1784808060.339297,8,0.01613640785217285,0.0020170509815216064,True
0,1708,1784808060.3558097,8,0.019497394561767578,0.0024371743202209473,True
0,1709,1784808060.3757522,8,0.01943659782409668,0.002429574728012085,True
0,1710,1784808060.395519,8,0.019957542419433594,0.0024946928024291992,True
0,1711,1784808060.4157495,8,0.0193331241607666,0.002416640520095825,True
0,1712,1784808060.4353838,8,0.02236175537109375,0.0027952194213867188,True
0,1713,1784808060.4581077,8,0.0196382999420166,0.002454787492752075,True
0,1714,1784808060.4780147,8,0.02037215232849121,0.0025465190410614014,True
0,1715,1784808060.49865,8,0.020330190658569336,0.002541273832321167,True
0,1716,1784808060.5192873,8,0.02028036117553711,0.0025350451469421387,True
0,1717,1784808060.5398622,8,0.019811153411865234,0.0024763941764831543,True
0,1718,1784808060.560066,8,0.02039933204650879,0.0025499165058135986,True
0,1719,1784808060.5808792,8,0.019601821899414062,0.002450227737426758,True
0,1720,1784808060.6014054,8,0.01987743377685547,0.0024846792221069336,True
0,1721,1784808060.6216521,8,0.019682645797729492,0.0024603307247161865,True
0,1722,1784808060.6416607,8,0.021790027618408203,0.0027237534523010254,True
0,1723,1784808060.6638196,8,0.02082371711730957,0.0026029646396636963,True
0,1724,1784808060.6850853,8,0.019496917724609375,0.002437114715576172,True
0,1725,1784808060.7051966,8,0.02146148681640625,0.0026826858520507812,True
0,1726,1784808060.7269976,8,0.021486759185791016,0.002685844898223877,True
0,1727,1784808060.748894,8,0.0206911563873291,0.0025863945484161377,True
0,1728,1784808060.7700114,8,0.020875215530395508,0.0026094019412994385,True
0,1729,1784808060.7916787,8,0.020360946655273438,0.0025451183319091797,True
0,1730,1784808060.8125284,8,0.020951032638549805,0.0026188790798187256,True
0,1731,1784808060.8338475,8,0.019969463348388672,0.002496182918548584,True
0,1732,1784808060.854092,8,0.020420074462890625,0.002552509307861328,True
0,1733,1784808060.8747935,8,0.019446611404418945,0.002430826425552368,True
0,1734,1784808060.8945646,8,0.021630287170410156,0.0027037858963012695,True
0,1735,1784808060.91647,8,0.021547794342041016,0.002693474292755127,True
0,1736,1784808060.9383123,8,0.02055525779724121,0.0025694072246551514,True
0,1737,1784808060.9592452,8,0.019864797592163086,0.0024830996990203857,True
0,1738,1784808060.9800904,8,0.020870447158813477,0.0026088058948516846,True
0,1739,1784808061.0013223,8,0.020049333572387695,0.002506166696548462,True
0,1740,1784808061.0217388,8,0.01957249641418457,0.0024465620517730713,True
0,1741,1784808061.0416899,8,0.019414186477661133,0.0024267733097076416,True
0,1742,1784808061.061414,8,0.021914958953857422,0.0027393698692321777,True
0,1743,1784808061.0843322,8,0.017514467239379883,0.0021893084049224854,True
0,1744,1784808061.1021771,8,0.01917266845703125,0.0023965835571289062,True
0,1745,1784808061.1218562,8,0.020976543426513672,0.002622067928314209,True
0,1746,1784808061.1432211,8,0.01993846893310547,0.0024923086166381836,True
0,1747,1784808061.163531,8,0.020404338836669922,0.0025505423545837402,True
0,1748,1784808061.1843846,8,0.020354270935058594,0.0025442838668823242,True
0,1749,1784808061.2053218,8,0.020604848861694336,0.002575606107711792,True
0,1750,1784808061.2262762,8,0.020092010498046875,0.0025115013122558594,True
0,1751,1784808061.2467594,8,0.020725250244140625,0.002590656280517578,True
0,1752,1784808061.267952,8,0.019567489624023438,0.0024459362030029297,True
0,1753,1784808061.288295,8,0.018655061721801758,0.0023318827152252197,True
0,1754,1784808061.3073306,8,0.021477937698364258,0.0026847422122955322,True
0,1755,1784808061.329504,8,0.020093441009521484,0.0025116801261901855,True
0,1756,1784808061.349946,8,0.01936626434326172,0.002420783042907715,True
0,1757,1784808061.3696003,8,0.022046566009521484,0.0027558207511901855,True
0,1758,1784808061.3926451,8,0.018548250198364258,0.0023185312747955322,True
0,1759,1784808061.4116032,8,0.021520376205444336,0.002690047025680542,True
0,1760,1784808061.4336736,8,0.020475387573242188,0.0025594234466552734,True
0,1761,1784808061.4548113,8,0.01953434944152832,0.00244179368019104,True
0,1762,1784808061.4755776,8,0.01905059814453125,0.0023813247680664062,True
0,1763,1784808061.4952362,8,0.019456148147583008,0.002432018518447876,True
0,1764,1784808061.515038,8,0.023035049438476562,0.0028793811798095703,True
0,1765,1784808061.5386775,8,0.019504070281982422,0.0024380087852478027,True
0,1766,1784808061.5585306,8,0.018757343292236328,0.002344667911529541,True
0,1767,1784808061.5776098,8,0.021648883819580078,0.0027061104774475098,True
0,1768,1784808061.5996084,8,0.01972341537475586,0.0024654269218444824,True
0,1769,1784808061.6197445,8,0.018662691116333008,0.002332836389541626,True
0,1770,1784808061.6387355,8,0.020053625106811523,0.0025067031383514404,True
0,1771,1784808061.6593342,8,0.020451068878173828,0.0025563836097717285,True
0,1772,1784808061.6801784,8,0.01905202865600586,0.0023815035820007324,True
0,1773,1784808061.6995668,8,0.020537614822387695,0.002567201852798462,True
0,1774,1784808061.7204838,8,0.01967477798461914,0.0024593472480773926,True
0,1775,1784808061.7407112,8,0.021461963653564453,0.0026827454566955566,True
0,1776,1784808061.762599,8,0.01716136932373047,0.0021451711654663086,True
0,1777,1784808061.7801974,8,0.020336627960205078,0.0025420784950256348,True
0,1778,1784808061.8007638,8,0.021209716796875,0.002651214599609375,True
0,1779,1784808061.8223066,8,0.02058553695678711,0.0025731921195983887,True
0,1780,1784808061.843359,8,0.021314144134521484,0.0026642680168151855,True
0,1781,1784808061.8651154,8,0.021148681640625,0.002643585205078125,True
0,1782,1784808061.8866777,8,0.019479751586914062,0.002434968948364258,True
0,1783,1784808061.9066496,8,0.02240753173828125,0.0028009414672851562,True
0,1784,1784808061.9294116,8,0.024109601974487305,0.003013700246810913,True
0,1785,1784808061.9538538,8,0.0207059383392334,0.002588242292404175,True
0,1786,1784808061.9748263,8,0.021268606185913086,0.0026585757732391357,True
0,1787,1784808061.9964936,8,0.020898103713989258,0.0026122629642486572,True
0,1788,1784808062.0177913,8,0.019622325897216797,0.0024527907371520996,True
0,1789,1784808062.0377963,8,0.02189803123474121,0.0027372539043426514,True
0,1790,1784808062.060017,8,0.020769596099853516,0.0025961995124816895,True
0,1791,1784808062.081127,8,0.018987655639648438,0.0023734569549560547,True
0,1792,1784808062.1010938,8,0.021169424057006836,0.0026461780071258545,True
0,1793,1784808062.1227486,8,0.022806406021118164,0.0028508007526397705,True
0,1794,1784808062.145921,8,0.01988959312438965,0.002486199140548706,True
0,1795,1784808062.1661572,8,0.01992654800415039,0.002490818500518799,True
0,1796,1784808062.186408,8,0.0212247371673584,0.0026530921459198,True
0,1797,1784808062.2080643,8,0.021770715713500977,0.002721339464187622,True
0,1798,1784808062.2301269,8,0.02075815200805664,0.00259476900100708,True
0,1799,1784808062.2512176,8,0.021102190017700195,0.0026377737522125244,True
0,1800,1784808062.2726703,8,0.019437789916992188,0.0024297237396240234,True
0,1801,1784808062.2924244,8,0.020894289016723633,0.002611786127090454,True
0,1802,1784808062.3139553,8,0.023545265197753906,0.0029431581497192383,True
0,1803,1784808062.3378985,8,0.0220644474029541,0.0027580559253692627,True
0,1804,1784808062.3604102,8,0.021303176879882812,0.0026628971099853516,True
0,1805,1784808062.382632,8,0.02016162872314453,0.0025202035903930664,True
0,1806,1784808062.4032564,8,0.021593093872070312,0.002699136734008789,True
0,1807,1784808062.425155,8,0.022838592529296875,0.0028548240661621094,True
0,1808,1784808062.448641,8,0.020171403884887695,0.002521425485610962,True
0,1809,1784808062.4692543,8,0.018960952758789062,0.002370119094848633,True
0,1810,1784808062.4886227,8,0.019974946975708008,0.002496868371963501,True
0,1811,1784808062.5090384,8,0.01912522315979004,0.002390652894973755,True
0,1812,1784808062.5286162,8,0.019537925720214844,0.0024422407150268555,True
0,1813,1784808062.5487523,8,0.02013373374938965,0.002516716718673706,True
0,1814,1784808062.5692956,8,0.021114110946655273,0.002639263868331909,True
0,1815,1784808062.5907648,8,0.020689964294433594,0.0025862455368041992,True
0,1816,1784808062.6119366,8,0.021299362182617188,0.0026624202728271484,True
0,1817,1784808062.6337194,8,0.02138495445251465,0.002673119306564331,True
0,1818,1784808062.6555626,8,0.020888805389404297,0.002611100673675537,True
0,1819,1784808062.6768208,8,0.018882036209106445,0.0023602545261383057,True
0,1820,1784808062.6960068,8,0.018756389617919922,0.0023445487022399902,True
0,1821,1784808062.7151585,8,0.02210545539855957,0.0027631819248199463,True
0,1822,1784808062.7376473,8,0.022421836853027344,0.002802729606628418,True
0,1823,1784808062.760452,8,0.019697189331054688,0.002462148666381836,True
0,1824,1784808062.7804644,8,0.02017807960510254,0.0025222599506378174,True
0,1825,1784808062.8010097,8,0.018906593322753906,0.0023633241653442383,True
0,1826,1784808062.820295,8,0.01982426643371582,0.0024780333042144775,True
0,1827,1784808062.840547,8,0.020614147186279297,0.002576768398284912,True
0,1828,1784808062.861474,8,0.02051830291748047,0.0025647878646850586,True
0,1829,1784808062.8824036,8,0.01834416389465332,0.002293020486831665,True
0,1830,1784808062.901199,8,0.019133806228637695,0.002391725778579712,True
0,1831,1784808062.9206684,8,0.02219390869140625,0.0027742385864257812,True
0,1832,1784808062.9447641,8,0.01937556266784668,0.002421945333480835,True
0,1833,1784808062.96458,8,0.02079319953918457,0.0025991499423980713,True
0,1834,1784808062.9858816,8,0.0205533504486084,0.00256916880607605,True
0,1835,1784808063.0067859,8,0.018709182739257812,0.0023386478424072266,True
0,1836,1784808063.0257692,8,0.02038288116455078,0.0025478601455688477,True
0,1837,1784808063.0465295,8,0.02001047134399414,0.0025013089179992676,True
0,1838,1784808063.0668802,8,0.020621538162231445,0.0025776922702789307,True
0,1839,1784808063.0877848,8,0.020183086395263672,0.002522885799407959,True
0,1840,1784808063.1083975,8,0.02048015594482422,0.0025600194931030273,True
0,1841,1784808063.1294267,8,0.01958608627319336,0.00244826078414917,True
0,1842,1784808063.1497335,8,0.019790172576904297,0.002473771572113037,True
0,1843,1784808063.1698468,8,0.020243167877197266,0.002530395984649658,True
0,1844,1784808063.190557,8,0.017824411392211914,0.0022280514240264893,True
0,1845,1784808063.2087884,8,0.021319866180419922,0.0026649832725524902,True
0,1846,1784808063.230608,8,0.020687580108642578,0.0025859475135803223,True
0,1847,1784808063.2517476,8,0.020023107528686523,0.0025028884410858154,True
0,1848,1784808063.2721682,8,0.018776893615722656,0.002347111701965332,True
0,1849,1784808063.291477,8,0.025142669677734375,0.003142833709716797,True
0,1850,1784808063.317323,8,0.020472049713134766,0.0025590062141418457,True
0,1851,1784808063.33813,8,0.018840551376342773,0.0023550689220428467,True
0,1852,1784808063.3574607,8,0.020998477935791016,0.002624809741973877,True
0,1853,1784808063.379433,8,0.021257400512695312,0.002657175064086914,True
0,1854,1784808063.401147,8,0.018481969833374023,0.002310246229171753,True
0,1855,1784808063.4201176,8,0.020309925079345703,0.002538740634918213,True
0,1856,1784808063.4408016,8,0.020621538162231445,0.0025776922702789307,True
0,1857,1784808063.4617898,8,0.02096700668334961,0.002620875835418701,True
0,1858,1784808063.483146,8,0.018948793411254883,0.0023685991764068604,True
0,1859,1784808063.5024364,8,0.01976633071899414,0.0024707913398742676,True
0,1860,1784808063.5225654,8,0.02195906639099121,0.0027448832988739014,True
0,1861,1784808063.5447888,8,0.020981311798095703,0.002622663974761963,True
0,1862,1784808063.5664368,8,0.021860122680664062,0.002732515335083008,True
0,1863,1784808063.5887556,8,0.021716833114624023,0.002714604139328003,True
0,1864,1784808063.6112373,8,0.019906282424926758,0.0024882853031158447,True
0,1865,1784808063.632091,8,0.020055532455444336,0.002506941556930542,True
0,1866,1784808063.6525154,8,0.019703149795532227,0.0024628937244415283,True
0,1867,1784808063.6728642,8,0.021979331970214844,0.0027474164962768555,True
0,1868,1784808063.6952417,8,0.019603729248046875,0.0024504661560058594,True
0,1869,1784808063.7153523,8,0.02199530601501465,0.002749413251876831,True
0,1870,1784808063.738196,8,0.021678447723388672,0.002709805965423584,True
0,1871,1784808063.7602367,8,0.022813081741333008,0.002851635217666626,True
0,1872,1784808063.7834482,8,0.019077777862548828,0.0023847222328186035,True
0,1873,1784808063.8034773,8,0.021462440490722656,0.002682805061340332,True
0,1874,1784808063.8254266,8,0.02124762535095215,0.0026559531688690186,True
0,1875,1784808063.8471327,8,0.020836591720581055,0.002604573965072632,True
0,1876,1784808063.8683214,8,0.024028301239013672,0.003003537654876709,True
0,1877,1784808063.892642,8,0.019286394119262695,0.002410799264907837,True
0,1878,1784808063.9124045,8,0.022162914276123047,0.002770364284515381,True
0,1879,1784808063.9348686,8,0.02036285400390625,0.0025453567504882812,True
0,1880,1784808063.9556386,8,0.019788503646850586,0.0024735629558563232,True
0,1881,1784808063.9757159,8,0.02146434783935547,0.0026830434799194336,True
0,1882,1784808063.9975226,8,0.020765304565429688,0.002595663070678711,True
0,1883,1784808064.0186622,8,0.01862311363220215,0.0023278892040252686,True
0,1884,1784808064.0375855,8,0.021113157272338867,0.0026391446590423584,True
0,1885,1784808064.0590396,8,0.020668983459472656,0.002583622932434082,True
0,1886,1784808064.0799582,8,0.020909547805786133,0.0026136934757232666,True
0,1887,1784808064.1011395,8,0.01916980743408203,0.002396225929260254,True
0,1888,1784808064.1205685,8,0.020787954330444336,0.002598494291305542,True
0,1889,1784808064.1417413,8,0.021069049835205078,0.0026336312294006348,True
0,1890,1784808064.1631503,8,0.0197904109954834,0.002473801374435425,True
0,1891,1784808064.1834612,8,0.021671772003173828,0.0027089715003967285,True
0,1892,1784808064.205447,8,0.020726680755615234,0.0025908350944519043,True
0,1893,1784808064.2265382,8,0.020874500274658203,0.0026093125343322754,True
0,1894,1784808064.2477744,8,0.020682334899902344,0.002585291862487793,True
0,1895,1784808064.2688465,8,0.019525766372680664,0.002440720796585083,True
0,1896,1784808064.2887683,8,0.020619630813598633,0.002577453851699829,True
0,1897,1784808064.3096883,8,0.021675825119018555,0.0027094781398773193,True
0,1898,1784808064.3316996,8,0.019917011260986328,0.002489626407623291,True
0,1899,1784808064.3520973,8,0.019763946533203125,0.0024704933166503906,True
0,1900,1784808064.3722904,8,0.019363880157470703,0.002420485019683838,True
0,1901,1784808064.391975,8,0.020978212356567383,0.002622276544570923,True
0,1902,1784808064.4133627,8,0.021457433700561523,0.0026821792125701904,True
0,1903,1784808064.4352567,8,0.020499467849731445,0.0025624334812164307,True
0,1904,1784808064.45609,8,0.019971132278442383,0.002496391534805298,True
0,1905,1784808064.4763696,8,0.019901514053344727,0.002487689256668091,True
0,1906,1784808064.4966059,8,0.020900726318359375,0.002612590789794922,True
0,1907,1784808064.5177915,8,0.022568225860595703,0.002821028232574463,True
0,1908,1784808064.5406802,8,0.020447254180908203,0.0025559067726135254,True
0,1909,1784808064.5615149,8,0.020007610321044922,0.0025009512901306152,True
0,1910,1784808064.5817962,8,0.021008968353271484,0.0026261210441589355,True
0,1911,1784808064.6032069,8,0.021094083786010742,0.0026367604732513428,True
0,1912,1784808064.6252086,8,0.018952131271362305,0.002369016408920288,True
0,1913,1784808064.6444232,8,0.022112131118774414,0.0027640163898468018,True
0,1914,1784808064.6669438,8,0.02372908592224121,0.0029661357402801514,True
0,1915,1784808064.6914406,8,0.020447969436645508,0.0025559961795806885,True
0,1916,1784808064.712606,8,0.021042823791503906,0.0026303529739379883,True
0,1917,1784808064.7342558,8,0.019624948501586914,0.0024531185626983643,True
0,1918,1784808064.7543786,8,0.020522594451904297,0.002565324306488037,True
0,1919,1784808064.775232,8,0.019217491149902344,0.002402186393737793,True
0,1920,1784808064.7947361,8,0.021356821060180664,0.002669602632522583,True
0,1921,1784808064.8163757,8,0.023022890090942383,0.002877861261367798,True
0,1922,1784808064.8397217,8,0.021660566329956055,0.002707570791244507,True
0,1923,1784808064.8616996,8,0.02184462547302246,0.0027305781841278076,True
0,1924,1784808064.8839417,8,0.01883697509765625,0.0023546218872070312,True
0,1925,1784808064.9032118,8,0.02008652687072754,0.0025108158588409424,True
0,1926,1784808064.9235797,8,0.021795272827148438,0.0027244091033935547,True
0,1927,1784808064.9457502,8,0.021668672561645508,0.0027085840702056885,True
0,1928,1784808064.967798,8,0.019973039627075195,0.0024966299533843994,True
0,1929,1784808064.988174,8,0.021642208099365234,0.0027052760124206543,True
0,1930,1784808065.0103083,8,0.0198516845703125,0.0024814605712890625,True
0,1931,1784808065.0307553,8,0.021975994110107422,0.0027469992637634277,True
0,1932,1784808065.0530505,8,0.02017045021057129,0.002521306276321411,True
0,1933,1784808065.0734699,8,0.021197080612182617,0.002649635076522827,True
0,1934,1784808065.0952425,8,0.02102971076965332,0.002628713846206665,True
0,1935,1784808065.1166544,8,0.020976781845092773,0.0026220977306365967,True
0,1936,1784808065.1380403,8,0.02075791358947754,0.0025947391986846924,True
0,1937,1784808065.1599112,8,0.01986217498779297,0.002482771873474121,True
0,1938,1784808065.1801436,8,0.020354032516479492,0.0025442540645599365,True
0,1939,1784808065.2008245,8,0.0204465389251709,0.0025558173656463623,True
0,1940,1784808065.2215512,8,0.0200345516204834,0.002504318952560425,True
0,1941,1784808065.2419,8,0.02082228660583496,0.00260278582572937,True
0,1942,1784808065.2635248,8,0.020897626876831055,0.002612203359603882,True
0,1943,1784808065.2849696,8,0.022686481475830078,0.0028358101844787598,True
0,1944,1784808065.3079977,8,0.020252227783203125,0.0025315284729003906,True
0,1945,1784808065.3285506,8,0.020390748977661133,0.0025488436222076416,True
0,1946,1784808065.3492837,8,0.020839214324951172,0.0026049017906188965,True
0,1947,1784808065.370497,8,0.021364212036132812,0.0026705265045166016,True
0,1948,1784808065.3922694,8,0.02073192596435547,0.0025914907455444336,True
0,1949,1784808065.4134064,8,0.019968509674072266,0.002496063709259033,True
0,1950,1784808065.4338634,8,0.02011847496032715,0.0025148093700408936,True
0,1951,1784808065.454415,8,0.02193617820739746,0.0027420222759246826,True
0,1952,1784808065.4767327,8,0.02294635772705078,0.0028682947158813477,True
0,1953,1784808065.500012,8,0.018742084503173828,0.0023427605628967285,True
0,1954,1784808065.519017,8,0.02003312110900879,0.0025041401386260986,True
0,1955,1784808065.5393429,8,0.021099567413330078,0.0026374459266662598,True
0,1956,1784808065.5607684,8,0.019685745239257812,0.0024607181549072266,True
0,1957,1784808065.580742,8,0.020903825759887695,0.002612978219985962,True
0,1958,1784808065.6020532,8,0.01989912986755371,0.002487391233444214,True
0,1959,1784808065.6223006,8,0.021319150924682617,0.002664893865585327,True
0,1960,1784808065.6439316,8,0.023995161056518555,0.0029993951320648193,True
0,1961,1784808065.66835,8,0.01973128318786621,0.0024664103984832764,True
0,1962,1784808065.6886294,8,0.02384471893310547,0.0029805898666381836,True
0,1963,1784808065.7127616,8,0.01895928382873535,0.002369910478591919,True
0,1964,1784808065.7319734,8,0.021407365798950195,0.0026759207248687744,True
0,1965,1784808065.7538033,8,0.021843433380126953,0.002730429172515869,True
0,1966,1784808065.7766116,8,0.021298885345458984,0.002662360668182373,True
0,1967,1784808065.7984054,8,0.021675586700439453,0.0027094483375549316,True
0,1968,1784808065.8204682,8,0.021912574768066406,0.0027390718460083008,True
0,1969,1784808065.842839,8,0.019252538681030273,0.002406567335128784,True
0,1970,1784808065.862611,8,0.019474267959594727,0.002434283494949341,True
0,1971,1784808065.88245,8,0.020081758499145508,0.0025102198123931885,True
0,1972,1784808065.9028635,8,0.02140188217163086,0.0026752352714538574,True
0,1973,1784808065.9245539,8,0.019828319549560547,0.0024785399436950684,True
0,1974,1784808065.9447248,8,0.01872086524963379,0.0023401081562042236,True
0,1975,1784808065.9638505,8,0.020934343338012695,0.002616792917251587,True
0,1976,1784808065.985293,8,0.021958589553833008,0.002744823694229126,True
0,1977,1784808066.0079985,8,0.019349098205566406,0.0024186372756958008,True
0,1978,1784808066.027863,8,0.019924163818359375,0.002490520477294922,True
0,1979,1784808066.0481117,8,0.019123315811157227,0.0023904144763946533,True
0,1980,1784808066.067829,8,0.019257545471191406,0.0024071931838989258,True
0,1981,1784808066.087537,8,0.0193789005279541,0.0024223625659942627,True
0,1982,1784808066.1073961,8,0.020735740661621094,0.0025919675827026367,True
0,1983,1784808066.1284635,8,0.020322084426879883,0.0025402605533599854,True
0,1984,1784808066.1491342,8,0.021006345748901367,0.002625793218612671,True
0,1985,1784808066.1709292,8,0.01976323127746582,0.0024704039096832275,True
0,1986,1784808066.1911483,8,0.019846677780151367,0.002480834722518921,True
0,1987,1784808066.2119462,8,0.01962113380432129,0.002452641725540161,True
0,1988,1784808066.232063,8,0.021183252334594727,0.002647906541824341,True
0,1989,1784808066.253556,8,0.021474361419677734,0.002684295177459717,True
0,1990,1784808066.2758958,8,0.016447067260742188,0.0020558834075927734,True
0,1991,1784808066.292667,8,0.020022153854370117,0.0025027692317962646,True
0,1992,1784808066.3132017,8,0.020067214965820312,0.002508401870727539,True
0,1993,1784808066.3336508,8,0.02053380012512207,0.002566725015640259,True
0,1994,1784808066.3545473,8,0.019934415817260742,0.0024918019771575928,True
0,1995,1784808066.3759549,8,0.021654605865478516,0.0027068257331848145,True
0,1996,1784808066.398098,8,0.019444704055786133,0.0024305880069732666,True
0,1997,1784808066.4180174,8,0.01967477798461914,0.0024593472480773926,True
0,1998,1784808066.438476,8,0.02114105224609375,0.0026426315307617188,True
0,1999,1784808066.459901,8,0.019495010375976562,0.0024368762969970703,True
0,2000,1784808066.4797237,8,0.021439790725708008,0.002679973840713501,True
0,2001,1784808066.5018065,8,0.020486831665039062,0.002560853958129883,True
0,2002,1784808066.5226986,8,0.020011186599731445,0.0025013983249664307,True
0,2003,1784808066.5432703,8,0.021329641342163086,0.0026662051677703857,True
0,2004,1784808066.5649455,8,0.02282428741455078,0.0028530359268188477,True
0,2005,1784808066.5881107,8,0.01961231231689453,0.0024515390396118164,True
0,2006,1784808066.6082401,8,0.01985764503479004,0.002482205629348755,True
0,2007,1784808066.6295104,8,0.021229982376098633,0.002653747797012329,True
0,2008,1784808066.6522815,8,0.018723726272583008,0.002340465784072876,True
0,2009,1784808066.6720662,8,0.021249055862426758,0.0026561319828033447,True
0,2010,1784808066.6941538,8,0.018344640731811523,0.0022930800914764404,True
0,2011,1784808066.712871,8,0.021574735641479492,0.0026968419551849365,True
0,2012,1784808066.7347448,8,0.019805192947387695,0.002475649118423462,True
0,2013,1784808066.7548623,8,0.019277095794677734,0.002409636974334717,True
0,2014,1784808066.7745173,8,0.020299911499023438,0.0025374889373779297,True
0,2015,1784808066.795156,8,0.021274328231811523,0.0026592910289764404,True
0,2016,1784808066.8168678,8,0.0180208683013916,0.00225260853767395,True
0,2017,1784808066.835261,8,0.026647567749023438,0.0033309459686279297,True
0,2018,1784808066.8625455,8,0.020650386810302734,0.002581298351287842,True
0,2019,1784808066.883678,8,0.01971268653869629,0.002464085817337036,True
0,2020,1784808066.9038224,8,0.019121170043945312,0.002390146255493164,True
0,2021,1784808066.9233754,8,0.02113795280456543,0.0026422441005706787,True
0,2022,1784808066.9450839,8,0.022342205047607422,0.0027927756309509277,True
0,2023,1784808066.9676754,8,0.01936960220336914,0.0024212002754211426,True
0,2024,1784808066.987566,8,0.021665573120117188,0.0027081966400146484,True
0,2025,1784808067.0097635,8,0.019465923309326172,0.0024332404136657715,True
0,2026,1784808067.0300853,8,0.02060532569885254,0.0025756657123565674,True
0,2027,1784808067.0518587,8,0.0182650089263916,0.00228312611579895,True
0,2028,1784808067.0704308,8,0.020740985870361328,0.002592623233795166,True
0,2029,1784808067.0919964,8,0.020719528198242188,0.0025899410247802734,True
0,2030,1784808067.1132426,8,0.020769357681274414,0.0025961697101593018,True
0,2031,1784808067.1345036,8,0.021311044692993164,0.0026638805866241455,True
0,2032,1784808067.1562312,8,0.020376920700073242,0.0025471150875091553,True
0,2033,1784808067.1776185,8,0.020555734634399414,0.0025694668292999268,True
0,2034,1784808067.1986637,8,0.021797895431518555,0.0027247369289398193,True
0,2035,1784808067.2210693,8,0.02009439468383789,0.0025117993354797363,True
0,2036,1784808067.2415528,8,0.021502256393432617,0.002687782049179077,True
0,2037,1784808067.263515,8,0.018770217895507812,0.0023462772369384766,True
0,2038,1784808067.2828295,8,0.019746065139770508,0.0024682581424713135,True
0,2039,1784808067.3028667,8,0.020790815353393555,0.0025988519191741943,True
0,2040,1784808067.323956,8,0.020849943161010742,0.0026062428951263428,True
0,2041,1784808067.345211,8,0.018802165985107422,0.0023502707481384277,True
0,2042,1784808067.3644683,8,0.019936323165893555,0.0024920403957366943,True
0,2043,1784808067.3852112,8,0.020618200302124023,0.002577275037765503,True
0,2044,1784808067.4061968,8,0.020140886306762695,0.002517610788345337,True
0,2045,1784808067.426826,8,0.023410558700561523,0.0029263198375701904,True
0,2046,1784808067.4507008,8,0.020282745361328125,0.0025353431701660156,True
0,2047,1784808067.471373,8,0.018819808959960938,0.002352476119995117,True
0,2048,1784808067.4905925,8,0.020982980728149414,0.0026228725910186768,True
0,2049,1784808067.5120645,8,0.019260644912719727,0.002407580614089966,True
0,2050,1784808067.5322149,8,0.02166008949279785,0.0027075111865997314,True
0,2051,1784808067.5541806,8,0.020804405212402344,0.002600550651550293,True
0,2052,1784808067.5754209,8,0.019535064697265625,0.002441883087158203,True
0,2053,1784808067.5956306,8,0.018839597702026367,0.002354949712753296,True
0,2054,1784808067.6148472,8,0.021667957305908203,0.0027084946632385254,True
0,2055,1784808067.637258,8,0.018463134765625,0.002307891845703125,True
0,2056,1784808067.6567314,8,0.020107507705688477,0.0025134384632110596,True
0,2057,1784808067.6777916,8,0.019214153289794922,0.0024017691612243652,True
0,2058,1784808067.6983202,8,0.021200895309448242,0.0026501119136810303,True
0,2059,1784808067.7198477,8,0.019757986068725586,0.0024697482585906982,True
0,2060,1784808067.7399838,8,0.021973133087158203,0.0027466416358947754,True
0,2061,1784808067.7623725,8,0.020391464233398438,0.0025489330291748047,True
0,2062,1784808067.7831213,8,0.02067089080810547,0.0025838613510131836,True
0,2063,1784808067.8040733,8,0.020499229431152344,0.002562403678894043,True
0,2064,1784808067.8253665,8,0.01955580711364746,0.0024444758892059326,True
0,2065,1784808067.8455093,8,0.021018505096435547,0.0026273131370544434,True
0,2066,1784808067.8669856,8,0.02163839340209961,0.002704799175262451,True
0,2067,1784808067.8890703,8,0.021382570266723633,0.002672821283340454,True
0,2068,1784808067.9110024,8,0.02020430564880371,0.002525538206100464,True
0,2069,1784808067.931732,8,0.021307706832885742,0.0026634633541107178,True
0,2070,1784808067.953449,8,0.02034282684326172,0.002542853355407715,True
0,2071,1784808067.9740782,8,0.02062702178955078,0.0025783777236938477,True
0,2072,1784808067.995001,8,0.02189922332763672,0.00273740291595459,True
0,2073,1784808068.0173419,8,0.020229101181030273,0.002528637647628784,True
0,2074,1784808068.0378704,8,0.020234107971191406,0.0025292634963989258,True
0,2075,1784808068.0585406,8,0.02022719383239746,0.0025283992290496826,True
0,2076,1784808068.0791025,8,0.020766496658325195,0.0025958120822906494,True
0,2077,1784808068.100215,8,0.02077627182006836,0.002597033977508545,True
0,2078,1784808068.1213155,8,0.021379947662353516,0.0026724934577941895,True
0,2079,1784808068.1431744,8,0.02021932601928711,0.0025274157524108887,True
0,2080,1784808068.1637824,8,0.020616769790649414,0.0025770962238311768,True
0,2081,1784808068.1847842,8,0.020827054977416992,0.002603381872177124,True
0,2082,1784808068.2065942,8,0.019210338592529297,0.002401292324066162,True
0,2083,1784808068.2265975,8,0.019773483276367188,0.0024716854095458984,True
0,2084,1784808068.2467077,8,0.019169092178344727,0.002396136522293091,True
0,2085,1784808068.2662513,8,0.019074440002441406,0.0023843050003051758,True
0,2086,1784808068.2858157,8,0.019101858139038086,0.0023877322673797607,True
0,2087,1784808068.3052993,8,0.01906585693359375,0.0023832321166992188,True
0,2088,1784808068.3246696,8,0.019605159759521484,0.0024506449699401855,True
0,2089,1784808068.344578,8,0.01879143714904785,0.0023489296436309814,True
0,2090,1784808068.3637955,8,0.020882844924926758,0.0026103556156158447,True
0,2091,1784808068.3854394,8,0.020523786544799805,0.0025654733180999756,True
0,2092,1784808068.406538,8,0.019273042678833008,0.002409130334854126,True
0,2093,1784808068.4260979,8,0.021596193313598633,0.002699524164199829,True
0,2094,1784808068.4479716,8,0.01873302459716797,0.002341628074645996,True
0,2095,1784808068.4673123,8,0.02168869972229004,0.002711087465286255,True
0,2096,1784808068.4898353,8,0.018201351165771484,0.0022751688957214355,True
0,2097,1784808068.509219,8,0.023653507232666016,0.002956688404083252,True
0,2098,1784808068.5342634,8,0.019819259643554688,0.002477407455444336,True
0,2099,1784808068.5546203,8,0.020734310150146484,0.0025917887687683105,True
0,2100,1784808068.5757325,8,0.019785642623901367,0.002473205327987671,True
0,2101,1784808068.5967295,8,0.02036118507385254,0.0025451481342315674,True
0,2102,1784808068.6177173,8,0.02472233772277832,0.00309029221534729,True
0,2103,1784808068.6427264,8,0.018859148025512695,0.002357393503189087,True
0,2104,1784808068.6619463,8,0.01910543441772461,0.002388179302215576,True
0,2105,1784808068.6814034,8,0.02089667320251465,0.002612084150314331,True
0,2106,1784808068.7027807,8,0.018123626708984375,0.002265453338623047,True
0,2107,1784808068.7212667,8,0.02042102813720703,0.002552628517150879,True
0,2108,1784808068.742146,8,0.02097344398498535,0.002621680498123169,True
0,2109,1784808068.7640991,8,0.019232749938964844,0.0024040937423706055,True
0,2110,1784808068.7837553,8,0.02100396156311035,0.002625495195388794,True
0,2111,1784808068.8051233,8,0.019704818725585938,0.002463102340698242,True
0,2112,1784808068.8252354,8,0.01962733268737793,0.002453416585922241,True
0,2113,1784808068.8453922,8,0.02151346206665039,0.002689182758331299,True
0,2114,1784808068.8673627,8,0.020287275314331055,0.002535909414291382,True
0,2115,1784808068.888413,8,0.019648313522338867,0.0024560391902923584,True
0,2116,1784808068.908351,8,0.019915342330932617,0.002489417791366577,True
0,2117,1784808068.9286914,8,0.021108150482177734,0.002638518810272217,True
0,2118,1784808068.9505723,8,0.019024372100830078,0.0023780465126037598,True
0,2119,1784808068.9699676,8,0.019453048706054688,0.002431631088256836,True
0,2120,1784808068.9897716,8,0.02122211456298828,0.002652764320373535,True
0,2121,1784808069.0114532,8,0.01887989044189453,0.0023599863052368164,True
0,2122,1784808069.0311584,8,0.020284414291381836,0.0025355517864227295,True
0,2123,1784808069.0518224,8,0.021159648895263672,0.002644956111907959,True
0,2124,1784808069.0737302,8,0.020844697952270508,0.0026055872440338135,True
0,2125,1784808069.0949237,8,0.02033233642578125,0.0025415420532226562,True
0,2126,1784808069.1157434,8,0.020233154296875,0.002529144287109375,True
0,2127,1784808069.1363907,8,0.020956993103027344,0.002619624137878418,True
0,2128,1784808069.1576998,8,0.021246910095214844,0.0026558637619018555,True
0,2129,1784808069.1793337,8,0.020112991333007812,0.0025141239166259766,True
0,2130,1784808069.1998625,8,0.022857189178466797,0.0028571486473083496,True
0,2131,1784808069.223116,8,0.01959538459777832,0.00244942307472229,True
0,2132,1784808069.2430577,8,0.02091360092163086,0.0026142001152038574,True
0,2133,1784808069.2643828,8,0.02079176902770996,0.002598971128463745,True
0,2134,1784808069.2856421,8,0.02035808563232422,0.0025447607040405273,True
0,2135,1784808069.306603,8,0.021145105361938477,0.0026431381702423096,True
0,2136,1784808069.3281467,8,0.018753767013549805,0.0023442208766937256,True
0,2137,1784808069.3473897,8,0.023235082626342773,0.0029043853282928467,True
0,2138,1784808069.3720782,8,0.01963520050048828,0.002454400062561035,True
0,2139,1784808069.3924232,8,0.02043294906616211,0.0025541186332702637,True
0,2140,1784808069.4132812,8,0.020097017288208008,0.002512127161026001,True
0,2141,1784808069.4341338,8,0.021606922149658203,0.0027008652687072754,True
0,2142,1784808069.4584692,8,0.02070021629333496,0.00258752703666687,True
0,2143,1784808069.4796119,8,0.018528223037719727,0.002316027879714966,True
0,2144,1784808069.4987895,8,0.01899576187133789,0.0023744702339172363,True
0,2145,1784808069.518092,8,0.020491600036621094,0.0025614500045776367,True
0,2146,1784808069.538868,8,0.018482685089111328,0.002310335636138916,True
0,2147,1784808069.557858,8,0.020766735076904297,0.002595841884613037,True
0,2148,1784808069.5793939,8,0.021502017974853516,0.0026877522468566895,True
0,2149,1784808069.601602,8,0.02036738395690918,0.0025459229946136475,True
0,2150,1784808069.622429,8,0.022196054458618164,0.0027745068073272705,True
0,2151,1784808069.6452856,8,0.020903348922729492,0.0026129186153411865,True
0,2152,1784808069.6665812,8,0.019367694854736328,0.002420961856842041,True
0,2153,1784808069.6863708,8,0.020719289779663086,0.0025899112224578857,True
0,2154,1784808069.7076447,8,0.021818876266479492,0.0027273595333099365,True
0,2155,1784808069.729876,8,0.018618106842041016,0.002327263355255127,True
0,2156,1784808069.748912,8,0.021054506301879883,0.0026318132877349854,True
0,2157,1784808069.7703154,8,0.02219247817993164,0.002774059772491455,True
0,2158,1784808069.7928653,8,0.02024364471435547,0.0025304555892944336,True
0,2159,1784808069.813378,8,0.020308256149291992,0.002538532018661499,True
0,2160,1784808069.8342223,8,0.020947694778442383,0.002618461847305298,True
0,2161,1784808069.8557696,8,0.021141529083251953,0.002642691135406494,True
0,2162,1784808069.8773327,8,0.0200958251953125,0.0025119781494140625,True
0,2163,1784808069.8978624,8,0.020132780075073242,0.0025165975093841553,True
0,2164,1784808069.918376,8,0.020509719848632812,0.0025637149810791016,True
0,2165,1784808069.939188,8,0.019938230514526367,0.002492278814315796,True
0,2166,1784808069.9594722,8,0.019434690475463867,0.0024293363094329834,True
0,2167,1784808069.9792986,8,0.021512985229492188,0.0026891231536865234,True
0,2168,1784808070.001119,8,0.019205570220947266,0.002400696277618408,True
0,2169,1784808070.0206826,8,0.021686077117919922,0.0027107596397399902,True
0,2170,1784808070.0426266,8,0.01989150047302246,0.0024864375591278076,True
0,2171,1784808070.0635087,8,0.022246837615966797,0.0027808547019958496,True
0,2172,1784808070.0862882,8,0.019373416900634766,0.0024216771125793457,True
0,2173,1784808070.1060946,8,0.02091217041015625,0.0026140213012695312,True
0,2174,1784808070.1276295,8,0.0206451416015625,0.0025806427001953125,True
0,2175,1784808070.149207,8,0.021161794662475586,0.0026452243328094482,True
0,2176,1784808070.171637,8,0.020124197006225586,0.0025155246257781982,True
0,2177,1784808070.1922283,8,0.02151966094970703,0.002689957618713379,True
0,2178,1784808070.2142346,8,0.01950979232788086,0.0024387240409851074,True
0,2179,1784808070.234068,8,0.020453929901123047,0.002556741237640381,True
0,2180,1784808070.255185,8,0.019742727279663086,0.0024678409099578857,True
0,2181,1784808070.2753177,8,0.01839470863342285,0.0022993385791778564,True
0,2182,1784808070.294284,8,0.01986074447631836,0.002482593059539795,True
0,2183,1784808070.3144493,8,0.020682573318481445,0.0025853216648101807,True
0,2184,1784808070.335587,8,0.02100229263305664,0.00262528657913208,True
0,2185,1784808070.3569493,8,0.024569034576416016,0.003071129322052002,True
0,2186,1784808070.3818603,8,0.01732039451599121,0.0021650493144989014,True
0,2187,1784808070.3995843,8,0.020520448684692383,0.002565056085586548,True
0,2188,1784808070.4204452,8,0.02036595344543457,0.0025457441806793213,True
0,2189,1784808070.4411592,8,0.021632909774780273,0.002704113721847534,True
0,2190,1784808070.4631493,8,0.0205538272857666,0.002569228410720825,True
0,2191,1784808070.4839835,8,0.01922321319580078,0.0024029016494750977,True
0,2192,1784808070.5035095,8,0.021187543869018555,0.0026484429836273193,True
0,2193,1784808070.52505,8,0.020573854446411133,0.0025717318058013916,True
0,2194,1784808070.5459487,8,0.020689010620117188,0.0025861263275146484,True
0,2195,1784808070.5669386,8,0.020399093627929688,0.002549886703491211,True
0,2196,1784808070.5878146,8,0.02026081085205078,0.0025326013565063477,True
0,2197,1784808070.6086357,8,0.023047924041748047,0.002880990505218506,True
0,2198,1784808070.6320958,8,0.02002096176147461,0.002502620220184326,True
0,2199,1784808070.6524851,8,0.021526098251342773,0.0026907622814178467,True
0,2200,1784808070.6744115,8,0.021608829498291016,0.002701103687286377,True
0,2201,1784808070.6963778,8,0.021103620529174805,0.0026379525661468506,True
0,2202,1784808070.71782,8,0.02033400535583496,0.00254175066947937,True
0,2203,1784808070.7384617,8,0.020386457443237305,0.002548307180404663,True
0,2204,1784808070.7592227,8,0.019370317459106445,0.0024212896823883057,True
0,2205,1784808070.7789297,8,0.021062135696411133,0.0026327669620513916,True
0,2206,1784808070.8003805,8,0.020580530166625977,0.002572566270828247,True
0,2207,1784808070.8214464,8,0.020992279052734375,0.002624034881591797,True
0,2208,1784808070.8428197,8,0.021616697311401367,0.002702087163925171,True
0,2209,1784808070.8655708,8,0.020935773849487305,0.002616971731185913,True
0,2210,1784808070.886983,8,0.020685672760009766,0.0025857090950012207,True
0,2211,1784808070.908067,8,0.02066659927368164,0.002583324909210205,True
0,2212,1784808070.9290946,8,0.022804737091064453,0.0028505921363830566,True
0,2213,1784808070.9522374,8,0.018291473388671875,0.0022864341735839844,True
0,2214,1784808070.9709344,8,0.02040553092956543,0.0025506913661956787,True
0,2215,1784808070.9917505,8,0.019053936004638672,0.002381742000579834,True
0,2216,1784808071.011309,8,0.020383119583129883,0.0025478899478912354,True
0,2217,1784808071.0320077,8,0.0198209285736084,0.00247761607170105,True
0,2218,1784808071.0522053,8,0.020388126373291016,0.002548515796661377,True
0,2219,1784808071.0730634,8,0.020035266876220703,0.002504408359527588,True
0,2220,1784808071.0934305,8,0.019302845001220703,0.002412855625152588,True
0,2221,1784808071.113042,8,0.02001786231994629,0.002502232789993286,True
0,2222,1784808071.1334755,8,0.02090907096862793,0.002613633871078491,True
0,2223,1784808071.15478,8,0.01859140396118164,0.002323925495147705,True
0,2224,1784808071.1736865,8,0.020482778549194336,0.002560347318649292,True
0,2225,1784808071.1945198,8,0.02288532257080078,0.0028606653213500977,True
0,2226,1784808071.2177477,8,0.02172374725341797,0.002715468406677246,True
0,2227,1784808071.2399492,8,0.019876956939697266,0.002484619617462158,True
0,2228,1784808071.2601793,8,0.019726991653442383,0.002465873956680298,True
0,2229,1784808071.2802844,8,0.020075321197509766,0.0025094151496887207,True
0,2230,1784808071.3006876,8,0.019693374633789062,0.002461671829223633,True
0,2231,1784808071.3207557,8,0.02151799201965332,0.002689749002456665,True
0,2232,1784808071.3428347,8,0.02013993263244629,0.002517491579055786,True
0,2233,1784808071.3634765,8,0.020205259323120117,0.0025256574153900146,True
0,2234,1784808071.3839457,8,0.02023172378540039,0.002528965473175049,True
0,2235,1784808071.4044945,8,0.020460128784179688,0.002557516098022461,True
0,2236,1784808071.4254467,8,0.019845008850097656,0.002480626106262207,True
0,2237,1784808071.4457006,8,0.020678281784057617,0.002584785223007202,True
0,2238,1784808071.4668467,8,0.020406246185302734,0.002550780773162842,True
0,2239,1784808071.4876497,8,0.020131349563598633,0.002516418695449829,True
0,2240,1784808071.5082235,8,0.019979238510131836,0.0024974048137664795,True
0,2241,1784808071.5285094,8,0.020540475845336914,0.0025675594806671143,True
0,2242,1784808071.549668,8,0.023604154586791992,0.002950519323348999,True
0,2243,1784808071.5737128,8,0.017153024673461914,0.0021441280841827393,True
0,2244,1784808071.5913765,8,0.020511627197265625,0.002563953399658203,True
0,2245,1784808071.6131508,8,0.01935100555419922,0.0024188756942749023,True
0,2246,1784808071.632927,8,0.021512985229492188,0.0026891231536865234,True
0,2247,1784808071.6551063,8,0.02067255973815918,0.0025840699672698975,True
0,2248,1784808071.6769667,8,0.019069671630859375,0.002383708953857422,True
0,2249,1784808071.6964376,8,0.019420385360717773,0.0024275481700897217,True
0,2250,1784808071.716283,8,0.019490957260131836,0.0024363696575164795,True
0,2251,1784808071.7360437,8,0.020713329315185547,0.0025891661643981934,True
0,2252,1784808071.7571952,8,0.01960015296936035,0.002450019121170044,True
0,2253,1784808071.7773032,8,0.0207517147064209,0.0025939643383026123,True
0,2254,1784808071.798408,8,0.019611835479736328,0.002451479434967041,True
0,2255,1784808071.8184438,8,0.019842147827148438,0.0024802684783935547,True
0,2256,1784808071.8385527,8,0.01986217498779297,0.002482771873474121,True
0,2257,1784808071.8588643,8,0.01979517936706543,0.0024743974208831787,True
0,2258,1784808071.8790078,8,0.020636796951293945,0.002579599618911743,True
0,2259,1784808071.8999403,8,0.020318269729614258,0.0025397837162017822,True
0,2260,1784808071.9206634,8,0.01964712142944336,0.00245589017868042,True
0,2261,1784808071.9406197,8,0.0202791690826416,0.0025348961353302,True
0,2262,1784808071.9611886,8,0.020135879516601562,0.0025169849395751953,True
0,2263,1784808071.9817774,8,0.021962642669677734,0.002745330333709717,True
0,2264,1784808072.0040343,8,0.020011186599731445,0.0025013983249664307,True
0,2265,1784808072.0245914,8,0.01973414421081543,0.0024667680263519287,True
0,2266,1784808072.0446765,8,0.019588708877563477,0.0024485886096954346,True
0,2267,1784808072.065332,8,0.02108931541442871,0.002636164426803589,True
0,2268,1784808072.0872276,8,0.021130800247192383,0.002641350030899048,True
0,2269,1784808072.1087475,8,0.02044820785522461,0.002556025981903076,True
0,2270,1784808072.1295874,8,0.020977258682250977,0.002622157335281372,True
0,2271,1784808072.1509514,8,0.01960277557373047,0.0024503469467163086,True
0,2272,1784808072.1709433,8,0.020931720733642578,0.0026164650917053223,True
0,2273,1784808072.1922388,8,0.019489049911499023,0.002436131238937378,True
0,2274,1784808072.2122366,8,0.021702289581298828,0.0027127861976623535,True
0,2275,1784808072.2343895,8,0.020565032958984375,0.002570629119873047,True
0,2276,1784808072.2557125,8,0.019064664840698242,0.0023830831050872803,True
0,2277,1784808072.2751358,8,0.019931554794311523,0.0024914443492889404,True
0,2278,1784808072.2953935,8,0.02161693572998047,0.0027021169662475586,True
0,2279,1784808072.3174412,8,0.02057623863220215,0.0025720298290252686,True
0,2280,1784808072.338384,8,0.019955158233642578,0.0024943947792053223,True
0,2281,1784808072.3587139,8,0.020268678665161133,0.0025335848331451416,True
0,2282,1784808072.3793867,8,0.018483400344848633,0.002310425043106079,True
0,2283,1784808072.3982444,8,0.019802093505859375,0.002475261688232422,True
0,2284,1784808072.4184287,8,0.020760774612426758,0.0025950968265533447,True
0,2285,1784808072.4397166,8,0.01951456069946289,0.0024393200874328613,True
0,2286,1784808072.4595394,8,0.019767284393310547,0.0024709105491638184,True
0,2287,1784808072.4796393,8,0.020369529724121094,0.0025461912155151367,True
0,2288,1784808072.5003865,8,0.020487546920776367,0.002560943365097046,True
0,2289,1784808072.5214126,8,0.020588397979736328,0.002573549747467041,True
0,2290,1784808072.5424716,8,0.022707223892211914,0.0028384029865264893,True
0,2291,1784808072.5661974,8,0.020233869552612305,0.002529233694076538,True
0,2292,1784808072.5868368,8,0.021399736404418945,0.002674967050552368,True
0,2293,1784808072.6085548,8,0.01898813247680664,0.00237351655960083,True
0,2294,1784808072.6279235,8,0.020856857299804688,0.002607107162475586,True
0,2295,1784808072.6492147,8,0.0205838680267334,0.002572983503341675,True
0,2296,1784808072.6701624,8,0.019715547561645508,0.0024644434452056885,True
0,2297,1784808072.6903238,8,0.02062535285949707,0.002578169107437134,True
0,2298,1784808072.7113206,8,0.019138097763061523,0.0023922622203826904,True
0,2299,1784808072.7308712,8,0.022472620010375977,0.002809077501296997,True
0,2300,1784808072.7538378,8,0.02014470100402832,0.00251808762550354,True
0,2301,1784808072.7743263,8,0.020366430282592773,0.0025458037853240967,True
0,2302,1784808072.7954245,8,0.020673274993896484,0.0025841593742370605,True
0,2303,1784808072.8166294,8,0.018750667572021484,0.0023438334465026855,True
0,2304,1784808072.8358471,8,0.02065563201904297,0.002581954002380371,True
0,2305,1784808072.8568728,8,0.02082681655883789,0.0026033520698547363,True
0,2306,1784808072.877998,8,0.019475698471069336,0.002434462308883667,True
0,2307,1784808072.8981104,8,0.02008843421936035,0.002511054277420044,True
0,2308,1784808072.9185214,8,0.020622968673706055,0.002577871084213257,True
0,2309,1784808072.9394455,8,0.020395517349243164,0.0025494396686553955,True
0,2310,1784808072.9601495,8,0.021703481674194336,0.002712935209274292,True
0,2311,1784808072.9821699,8,0.020246505737304688,0.002530813217163086,True
0,2312,1784808073.0027585,8,0.02102184295654297,0.002627730369567871,True
0,2313,1784808073.0242877,8,0.018876314163208008,0.002359539270401001,True
0,2314,1784808073.0435336,8,0.02004528045654297,0.002505660057067871,True
0,2315,1784808073.0638576,8,0.02025294303894043,0.0025316178798675537,True
0,2316,1784808073.0845912,8,0.01962447166442871,0.002453058958053589,True
0,2317,1784808073.104892,8,0.020752429962158203,0.0025940537452697754,True
0,2318,1784808073.1260755,8,0.01939225196838379,0.0024240314960479736,True
0,2319,1784808073.145982,8,0.01992201805114746,0.0024902522563934326,True
0,2320,1784808073.1664436,8,0.02101421356201172,0.002626776695251465,True
0,2321,1784808073.1883116,8,0.018316030502319336,0.002289503812789917,True
0,2322,1784808073.2070065,8,0.01958608627319336,0.00244826078414917,True
0,2323,1784808073.2274563,8,0.018131017684936523,0.0022663772106170654,True
0,2324,1784808073.2459908,8,0.02048516273498535,0.002560645341873169,True
0,2325,1784808073.2668402,8,0.020618200302124023,0.002577275037765503,True
0,2326,1784808073.2878284,8,0.021292686462402344,0.002661585807800293,True
0,2327,1784808073.3095276,8,0.020336627960205078,0.0025420784950256348,True
0,2328,1784808073.3302412,8,0.020252704620361328,0.002531588077545166,True
0,2329,1784808073.3508887,8,0.020752668380737305,0.002594083547592163,True
0,2330,1784808073.372051,8,0.019942522048950195,0.0024928152561187744,True
0,2331,1784808073.392277,8,0.02027130126953125,0.0025339126586914062,True
0,2332,1784808073.4130383,8,0.019007205963134766,0.0023759007453918457,True
0,2333,1784808073.4324148,8,0.021706819534301758,0.0027133524417877197,True
0,2334,1784808073.4544535,8,0.020303726196289062,0.002537965774536133,True
0,2335,1784808073.4753177,8,0.02079486846923828,0.002599358558654785,True
0,2336,1784808073.4965415,8,0.019222736358642578,0.0024028420448303223,True
0,2337,1784808073.5160692,8,0.021725893020629883,0.0027157366275787354,True
0,2338,1784808073.5381262,8,0.019858837127685547,0.0024823546409606934,True
0,2339,1784808073.558394,8,0.019719600677490234,0.0024649500846862793,True
0,2340,1784808073.5783672,8,0.019635915756225586,0.0024544894695281982,True
0,2341,1784808073.5983875,8,0.02021026611328125,0.0025262832641601562,True
0,2342,1784808073.6188889,8,0.02158975601196289,0.0026987195014953613,True
0,2343,1784808073.641363,8,0.021687030792236328,0.002710878849029541,True
0,2344,1784808073.6635842,8,0.01967453956604004,0.002459317445755005,True
0,2345,1784808073.683632,8,0.021018028259277344,0.002627253532409668,True
0,2346,1784808073.7050765,8,0.02103400230407715,0.0026292502880096436,True
0,2347,1784808073.7274947,8,0.019684791564941406,0.0024605989456176758,True
0,2348,1784808073.7475383,8,0.01956343650817871,0.002445429563522339,True
0,2349,1784808073.7675261,8,0.01962137222290039,0.002452671527862549,True
0,2350,1784808073.787552,8,0.020934104919433594,0.0026167631149291992,True
0,2351,1784808073.8090413,8,0.02022576332092285,0.0025282204151153564,True
0,2352,1784808073.8302717,8,0.018942594528198242,0.0023678243160247803,True
0,2353,1784808073.8499925,8,0.0200498104095459,0.0025062263011932373,True
0,2354,1784808073.8703606,8,0.02045726776123047,0.0025571584701538086,True
0,2355,1784808073.8912127,8,0.0216672420501709,0.0027084052562713623,True
0,2356,1784808073.913507,8,0.018491029739379883,0.0023113787174224854,True
0,2357,1784808073.932297,8,0.019469738006591797,0.0024337172508239746,True
0,2358,1784808073.9528594,8,0.022515296936035156,0.0028144121170043945,True
0,2359,1784808073.9758527,8,0.01921844482421875,0.0024023056030273438,True
0,2360,1784808073.9955788,8,0.020475149154663086,0.0025593936443328857,True
0,2361,1784808074.016429,8,0.019583702087402344,0.002447962760925293,True
0,2362,1784808074.0363228,8,0.019991397857666016,0.002498924732208252,True
0,2363,1784808074.0565946,8,0.021944761276245117,0.0027430951595306396,True
0,2364,1784808074.0790951,8,0.01843714714050293,0.002304643392562866,True
0,2365,1784808074.097887,8,0.02182626724243164,0.002728283405303955,True
0,2366,1784808074.1202412,8,0.01821303367614746,0.0022766292095184326,True
0,2367,1784808074.1387002,8,0.021824121475219727,0.002728015184402466,True
0,2368,1784808074.1607912,8,0.02183675765991211,0.0027295947074890137,True
0,2369,1784808074.1829853,8,0.020131587982177734,0.002516448497772217,True
0,2370,1784808074.2035654,8,0.02006053924560547,0.0025075674057006836,True
0,2371,1784808074.223858,8,0.02030801773071289,0.0025385022163391113,True
0,2372,1784808074.2451823,8,0.018626689910888672,0.002328336238861084,True
0,2373,1784808074.2643363,8,0.021060943603515625,0.002632617950439453,True
0,2374,1784808074.285845,8,0.01992058753967285,0.0024900734424591064,True
0,2375,1784808074.3061945,8,0.021622180938720703,0.002702772617340088,True
0,2376,1784808074.3287325,8,0.018384218215942383,0.002298027276992798,True
0,2377,1784808074.3474698,8,0.019971370697021484,0.0024964213371276855,True
0,2378,1784808074.3678067,8,0.020386934280395508,0.0025483667850494385,True
0,2379,1784808074.3885987,8,0.019212961196899414,0.0024016201496124268,True
0,2380,1784808074.4081416,8,0.020762920379638672,0.002595365047454834,True
0,2381,1784808074.4293296,8,0.021231889724731445,0.0026539862155914307,True
0,2382,1784808074.4509702,8,0.02072739601135254,0.0025909245014190674,True
0,2383,1784808074.4722075,8,0.019467830657958984,0.002433478832244873,True
0,2384,1784808074.4920928,8,0.020990610122680664,0.002623826265335083,True
0,2385,1784808074.5135002,8,0.020921707153320312,0.002615213394165039,True
0,2386,1784808074.5348437,8,0.022571325302124023,0.002821415662765503,True
0,2387,1784808074.5579507,8,0.02032184600830078,0.0025402307510375977,True
0,2388,1784808074.5791998,8,0.019923686981201172,0.0024904608726501465,True
0,2389,1784808074.5994112,8,0.020700693130493164,0.0025875866413116455,True
0,2390,1784808074.6214309,8,0.019268035888671875,0.0024085044860839844,True
0,2391,1784808074.6414397,8,0.019828319549560547,0.0024785399436950684,True
0,2392,1784808074.6616738,8,0.019937515258789062,0.002492189407348633,True
0,2393,1784808074.6819823,8,0.020647525787353516,0.0025809407234191895,True
0,2394,1784808074.7029955,8,0.021743059158325195,0.0027178823947906494,True
0,2395,1784808074.7250626,8,0.020361661911010742,0.0025452077388763428,True
0,2396,1784808074.7461133,8,0.020010709762573242,0.0025013387203216553,True
0,2397,1784808074.7665632,8,0.020628690719604492,0.0025785863399505615,True
0,2398,1784808074.7884796,8,0.019213199615478516,0.0024016499519348145,True
0,2399,1784808074.8082082,8,0.021524667739868164,0.0026905834674835205,True
0,2400,1784808074.8302226,8,0.02115011215209961,0.002643764019012451,True
0,2401,1784808074.8516643,8,0.01833486557006836,0.002291858196258545,True
0,2402,1784808074.8704202,8,0.020424604415893555,0.0025530755519866943,True
0,2403,1784808074.8916035,8,0.01893472671508789,0.0023668408393859863,True
0,2404,1784808074.9108617,8,0.020134925842285156,0.0025168657302856445,True
0,2405,1784808074.9315784,8,0.020138263702392578,0.0025172829627990723,True
0,2406,1784808074.9521816,8,0.021216630935668945,0.002652078866958618,True
0,2407,1784808074.9737554,8,0.020354032516479492,0.0025442540645599365,True
0,2408,1784808074.9943876,8,0.02066516876220703,0.002583146095275879,True
0,2409,1784808075.0155442,8,0.020892858505249023,0.002611607313156128,True
0,2410,1784808075.0368013,8,0.019703149795532227,0.0024628937244415283,True
0,2411,1784808075.056863,8,0.020498991012573242,0.0025623738765716553,True
0,2412,1784808075.0778153,8,0.020351648330688477,0.0025439560413360596,True
0,2413,1784808075.0984697,8,0.01933884620666504,0.00241735577583313,True
0,2414,1784808075.1182055,8,0.023575305938720703,0.002946913242340088,True
0,2415,1784808075.1422524,8,0.02188420295715332,0.002735525369644165,True
0,2416,1784808075.1647303,8,0.020113229751586914,0.0025141537189483643,True
0,2417,1784808075.1853907,8,0.01887965202331543,0.0023599565029144287,True
0,2418,1784808075.2053928,8,0.02152562141418457,0.0026907026767730713,True
0,2419,1784808075.227313,8,0.01932811737060547,0.0024160146713256836,True
0,2420,1784808075.246998,8,0.020847797393798828,0.0026059746742248535,True
0,2421,1784808075.268239,8,0.019115924835205078,0.0023894906044006348,True
0,2422,1784808075.2880454,8,0.0212252140045166,0.002653151750564575,True
0,2423,1784808075.309665,8,0.019613265991210938,0.002451658248901367,True
0,2424,1784808075.330181,8,0.02096271514892578,0.0026203393936157227,True
0,2425,1784808075.3517566,8,0.020790815353393555,0.0025988519191741943,True
0,2426,1784808075.3729303,8,0.020674943923950195,0.0025843679904937744,True
0,2427,1784808075.3949685,8,0.020160913467407227,0.0025201141834259033,True
0,2428,1784808075.4157393,8,0.021264314651489258,0.0026580393314361572,True
0,2429,1784808075.4373639,8,0.021132707595825195,0.0026415884494781494,True
0,2430,1784808075.4591184,8,0.020018577575683594,0.0025023221969604492,True
0,2431,1784808075.4795005,8,0.0197451114654541,0.0024681389331817627,True
0,2432,1784808075.499824,8,0.019259929656982422,0.0024074912071228027,True
0,2433,1784808075.5198302,8,0.021063566207885742,0.0026329457759857178,True
0,2434,1784808075.541786,8,0.019829511642456055,0.002478688955307007,True
0,2435,1784808075.5624552,8,0.02085089683532715,0.0026063621044158936,True
0,2436,1784808075.583621,8,0.019589900970458984,0.002448737621307373,True
0,2437,1784808075.6035497,8,0.019325733184814453,0.0024157166481018066,True
0,2438,1784808075.6231894,8,0.02073216438293457,0.0025915205478668213,True
0,2439,1784808075.6442826,8,0.02120065689086914,0.0026500821113586426,True
0,2440,1784808075.6658447,8,0.02393174171447754,0.0029914677143096924,True
0,2441,1784808075.6911955,8,0.015981197357177734,0.001997649669647217,True
0,2442,1784808075.70745,8,0.021591663360595703,0.002698957920074463,True
0,2443,1784808075.7293773,8,0.02098226547241211,0.0026227831840515137,True
0,2444,1784808075.7506306,8,0.01970839500427246,0.0024635493755340576,True
0,2445,1784808075.7706566,8,0.019419431686401367,0.002427428960800171,True
0,2446,1784808075.7904067,8,0.022808313369750977,0.002851039171218872,True
0,2447,1784808075.8135421,8,0.01969766616821289,0.0024622082710266113,True
0,2448,1784808075.8338223,8,0.02095770835876465,0.002619713544845581,True
0,2449,1784808075.8552566,8,0.018699169158935547,0.0023373961448669434,True
0,2450,1784808075.874328,8,0.019685029983520508,0.0024606287479400635,True
0,2451,1784808075.8952482,8,0.019896745681762695,0.002487093210220337,True
0,2452,1784808075.9155426,8,0.021083831787109375,0.002635478973388672,True
0,2453,1784808075.9373946,8,0.019474267959594727,0.002434283494949341,True
0,2454,1784808075.9573946,8,0.020898818969726562,0.0026123523712158203,True
0,2455,1784808075.9787354,8,0.019613027572631836,0.0024516284465789795,True
0,2456,1784808075.9988952,8,0.019656896591186523,0.0024571120738983154,True
0,2457,1784808076.0189536,8,0.0202481746673584,0.0025310218334198,True
0,2458,1784808076.0399845,8,0.020926237106323242,0.0026157796382904053,True
0,2459,1784808076.0623813,8,0.018993377685546875,0.0023741722106933594,True
0,2460,1784808076.0817327,8,0.021561384201049805,0.0026951730251312256,True
0,2461,1784808076.1036286,8,0.020735740661621094,0.0025919675827026367,True
0,2462,1784808076.1247835,8,0.020790576934814453,0.0025988221168518066,True
0,2463,1784808076.1460152,8,0.02072596549987793,0.002590745687484741,True
0,2464,1784808076.1670423,8,0.018634796142578125,0.0023293495178222656,True
0,2465,1784808076.1861858,8,0.02086639404296875,0.0026082992553710938,True
0,2466,1784808076.207391,8,0.01974201202392578,0.0024677515029907227,True
0,2467,1784808076.227817,8,0.019350528717041016,0.002418816089630127,True
0,2468,1784808076.2476716,8,0.01976323127746582,0.0024704039096832275,True
0,2469,1784808076.2677817,8,0.023752927780151367,0.002969115972518921,True
0,2470,1784808076.2918875,8,0.019866943359375,0.002483367919921875,True
0,2471,1784808076.312426,8,0.020069122314453125,0.0025086402893066406,True
0,2472,1784808076.3330631,8,0.019911766052246094,0.0024889707565307617,True
0,2473,1784808076.3532696,8,0.020081281661987305,0.002510160207748413,True
0,2474,1784808076.3736699,8,0.02082657814025879,0.0026033222675323486,True
0,2475,1784808076.3949893,8,0.02035236358642578,0.0025440454483032227,True
0,2476,1784808076.4156656,8,0.019552230834960938,0.002444028854370117,True
0,2477,1784808076.4355042,8,0.01912379264831543,0.0023904740810394287,True
0,2478,1784808076.455,8,0.020615577697753906,0.0025769472122192383,True
0,2479,1784808076.476056,8,0.020885944366455078,0.0026107430458068848,True
0,2480,1784808076.4973958,8,0.019360065460205078,0.0024200081825256348,True
0,2481,1784808076.5172274,8,0.023366451263427734,0.002920806407928467,True
0,2482,1784808076.541529,8,0.018934965133666992,0.002366870641708374,True
0,2483,1784808076.5607903,8,0.01928424835205078,0.0024105310440063477,True
0,2484,1784808076.580412,8,0.02051711082458496,0.00256463885307312,True
0,2485,1784808076.6012669,8,0.019989490509033203,0.0024986863136291504,True
0,2486,1784808076.6215305,8,0.020570039749145508,0.0025712549686431885,True
0,2487,1784808076.6423826,8,0.019321680068969727,0.002415210008621216,True
0,2488,1784808076.662106,8,0.02138495445251465,0.002673119306564331,True
0,2489,1784808076.6839054,8,0.019292354583740234,0.0024115443229675293,True
0,2490,1784808076.7035165,8,0.02102518081665039,0.002628147602081299,True
0,2491,1784808076.7249615,8,0.019870996475219727,0.002483874559402466,True
0,2492,1784808076.7452414,8,0.019883155822753906,0.0024853944778442383,True
0,2493,1784808076.765519,8,0.018776416778564453,0.0023470520973205566,True
0,2494,1784808076.784611,8,0.02040410041809082,0.0025505125522613525,True
0,2495,1784808076.8054585,8,0.01943182945251465,0.002428978681564331,True
0,2496,1784808076.8253393,8,0.02346491813659668,0.002933114767074585,True
0,2497,1784808076.8500452,8,0.018288373947143555,0.0022860467433929443,True
0,2498,1784808076.8686264,8,0.019443511962890625,0.002430438995361328,True
0,2499,1784808076.888332,8,0.01984381675720215,0.0024804770946502686,True
0,2500,1784808076.9084601,8,0.019617319107055664,0.002452164888381958,True
0,2501,1784808076.9287343,8,0.0210263729095459,0.0026282966136932373,True
0,2502,1784808076.9501555,8,0.020522117614746094,0.0025652647018432617,True
0,2503,1784808076.9710093,8,0.02131509780883789,0.0026643872261047363,True
0,2504,1784808076.9929597,8,0.02147841453552246,0.0026848018169403076,True
0,2505,1784808077.0147293,8,0.017957448959350586,0.0022446811199188232,True
0,2506,1784808077.0333223,8,0.020463943481445312,0.002557992935180664,True
0,2507,1784808077.0541656,8,0.02003622055053711,0.0025045275688171387,True
0,2508,1784808077.0747113,8,0.019573211669921875,0.0024466514587402344,True
0,2509,1784808077.0947726,8,0.0184018611907959,0.0023002326488494873,True
0,2510,1784808077.1135585,8,0.020415306091308594,0.0025519132614135742,True
0,2511,1784808077.134395,8,0.01823282241821289,0.0022791028022766113,True
0,2512,1784808077.1533034,8,0.01981830596923828,0.002477288246154785,True
0,2513,1784808077.1741624,8,0.02134227752685547,0.0026677846908569336,True
0,2514,1784808077.196202,8,0.02115345001220703,0.002644181251525879,True
0,2515,1784808077.21773,8,0.019164323806762695,0.002395540475845337,True
0,2516,1784808077.2373137,8,0.019862651824951172,0.0024828314781188965,True
0,2517,1784808077.2575564,8,0.02080082893371582,0.0026001036167144775,True
0,2518,1784808077.2786489,8,0.02049398422241211,0.0025617480278015137,True
0,2519,1784808077.2995028,8,0.019860029220581055,0.002482503652572632,True
0,2520,1784808077.3196473,8,0.022316694259643555,0.0027895867824554443,True
0,2521,1784808077.3423574,8,0.020321130752563477,0.0025401413440704346,True
0,2522,1784808077.3630767,8,0.020972728729248047,0.002621591091156006,True
0,2523,1784808077.384471,8,0.019727706909179688,0.002465963363647461,True
0,2524,1784808077.4046397,8,0.020526885986328125,0.0025658607482910156,True
0,2525,1784808077.4257326,8,0.019906282424926758,0.0024882853031158447,True
0,2526,1784808077.4460597,8,0.02276444435119629,0.002845555543899536,True
0,2527,1784808077.4692292,8,0.018854141235351562,0.0023567676544189453,True
0,2528,1784808077.4884925,8,0.01888251304626465,0.002360314130783081,True
0,2529,1784808077.5079257,8,0.020609617233276367,0.002576202154159546,True
0,2530,1784808077.5299096,8,0.021072864532470703,0.002634108066558838,True
0,2531,1784808077.5513792,8,0.02177119255065918,0.0027213990688323975,True
0,2532,1784808077.5737605,8,0.0194399356842041,0.0024299919605255127,True
0,2533,1784808077.5939708,8,0.02075505256652832,0.00259438157081604,True
0,2534,1784808077.615246,8,0.017702817916870117,0.0022128522396087646,True
0,2535,1784808077.6333582,8,0.021070003509521484,0.0026337504386901855,True
0,2536,1784808077.6548982,8,0.020409584045410156,0.0025511980056762695,True
0,2537,1784808077.6757298,8,0.019809484481811523,0.0024761855602264404,True
0,2538,1784808077.6959243,8,0.021466732025146484,0.0026833415031433105,True
0,2539,1784808077.7183402,8,0.019173622131347656,0.002396702766418457,True
0,2540,1784808077.7386625,8,0.020316362380981445,0.0025395452976226807,True
0,2541,1784808077.7594972,8,0.018703222274780273,0.002337902784347534,True
0,2542,1784808077.7800324,8,0.021341800689697266,0.002667725086212158,True
0,2543,1784808077.801634,8,0.020628690719604492,0.0025785863399505615,True
0,2544,1784808077.822584,8,0.019725322723388672,0.002465665340423584,True
0,2545,1784808077.8426418,8,0.01952528953552246,0.0024406611919403076,True
0,2546,1784808077.8626175,8,0.020447254180908203,0.0025559067726135254,True
0,2547,1784808077.8835568,8,0.02036881446838379,0.0025461018085479736,True
0,2548,1784808077.9043381,8,0.02105569839477539,0.002631962299346924,True
0,2549,1784808077.9258134,8,0.019585132598876953,0.002448141574859619,True
0,2550,1784808077.9457703,8,0.020287275314331055,0.002535909414291382,True
0,2551,1784808077.9666135,8,0.01971149444580078,0.0024639368057250977,True
0,2552,1784808077.9866712,8,0.02053093910217285,0.0025663673877716064,True
0,2553,1784808078.007564,8,0.02017974853515625,0.0025224685668945312,True
0,2554,1784808078.0308576,8,0.01766800880432129,0.002208501100540161,True
0,2555,1784808078.0488288,8,0.01957869529724121,0.0024473369121551514,True
0,2556,1784808078.0687757,8,0.020497798919677734,0.002562224864959717,True
0,2557,1784808078.089626,8,0.01980423927307129,0.002475529909133911,True
0,2558,1784808078.1100113,8,0.02037835121154785,0.0025472939014434814,True
0,2559,1784808078.1307662,8,0.021456241607666016,0.002682030200958252,True
0,2560,1784808078.1526248,8,0.01980423927307129,0.002475529909133911,True
0,2561,1784808078.1727211,8,0.01965928077697754,0.0024574100971221924,True
0,2562,1784808078.192695,8,0.019788026809692383,0.002473503351211548,True
0,2563,1784808078.212899,8,0.018426179885864258,0.0023032724857330322,True
0,2564,1784808078.2317564,8,0.020433902740478516,0.0025542378425598145,True
0,2565,1784808078.2525566,8,0.019887685775756836,0.0024859607219696045,True
0,2566,1784808078.2727923,8,0.01909470558166504,0.00238683819770813,True
0,2567,1784808078.2922728,8,0.02048945426940918,0.0025611817836761475,True
0,2568,1784808078.3132627,8,0.021427631378173828,0.0026784539222717285,True
0,2569,1784808078.3356197,8,0.020549297332763672,0.002568662166595459,True
0,2570,1784808078.3566458,8,0.02126312255859375,0.0026578903198242188,True
0,2571,1784808078.3785045,8,0.022308349609375,0.002788543701171875,True
0,2572,1784808078.401214,8,0.0183107852935791,0.0022888481616973877,True
0,2573,1784808078.419977,8,0.02008986473083496,0.00251123309135437,True
0,2574,1784808078.4404182,8,0.02004551887512207,0.002505689859390259,True
0,2575,1784808078.4608886,8,0.01962566375732422,0.0024532079696655273,True
0,2576,1784808078.4813986,8,0.01920151710510254,0.0024001896381378174,True
0,2577,1784808078.5011187,8,0.02003026008605957,0.0025037825107574463,True
0,2578,1784808078.5216007,8,0.021120071411132812,0.0026400089263916016,True
0,2579,1784808078.5432851,8,0.020963668823242188,0.0026204586029052734,True
0,2580,1784808078.5651484,8,0.020427942276000977,0.002553492784500122,True
0,2581,1784808078.5859332,8,0.01932239532470703,0.002415299415588379,True
0,2582,1784808078.6063037,8,0.02022528648376465,0.002528160810470581,True
0,2583,1784808078.627211,8,0.02351069450378418,0.0029388368129730225,True
0,2584,1784808078.6512046,8,0.019028186798095703,0.002378523349761963,True
0,2585,1784808078.6705596,8,0.020151138305664062,0.002518892288208008,True
0,2586,1784808078.6910098,8,0.0218048095703125,0.0027256011962890625,True
0,2587,1784808078.7136414,8,0.02050304412841797,0.002562880516052246,True
0,2588,1784808078.7352018,8,0.019843578338623047,0.002480447292327881,True
0,2589,1784808078.7553282,8,0.018456459045410156,0.0023070573806762695,True
0,2590,1784808078.7740998,8,0.019008159637451172,0.0023760199546813965,True
0,2591,1784808078.793364,8,0.020259857177734375,0.002532482147216797,True
0,2592,1784808078.8140488,8,0.01964116096496582,0.0024551451206207275,True
0,2593,1784808078.8340826,8,0.02234792709350586,0.0027934908866882324,True
0,2594,1784808078.856766,8,0.019861936569213867,0.0024827420711517334,True
0,2595,1784808078.8769908,8,0.019338130950927734,0.002417266368865967,True
0,2596,1784808078.8970401,8,0.020929336547851562,0.0026161670684814453,True
0,2597,1784808078.9183373,8,0.022351741790771484,0.0027939677238464355,True
0,2598,1784808078.9410095,8,0.020047664642333984,0.002505958080291748,True
0,2599,1784808078.961482,8,0.019629955291748047,0.002453744411468506,True
0,2600,1784808078.9815269,8,0.01965785026550293,0.002457231283187866,True
0,2601,1784808079.001576,8,0.019742727279663086,0.0024678409099578857,True
0,2602,1784808079.021803,8,0.020200729370117188,0.0025250911712646484,True
0,2603,1784808079.0423713,8,0.020012617111206055,0.002501577138900757,True
0,2604,1784808079.063069,8,0.020136594772338867,0.0025170743465423584,True
0,2605,1784808079.0835617,8,0.018850326538085938,0.002356290817260742,True
0,2606,1784808079.1030202,8,0.0202789306640625,0.0025348663330078125,True
0,2607,1784808079.1238878,8,0.022047758102416992,0.002755969762802124,True
0,2608,1784808079.1462498,8,0.01841592788696289,0.0023019909858703613,True
0,2609,1784808079.1651218,8,0.019802331924438477,0.0024752914905548096,True
0,2610,1784808079.1852996,8,0.020536184310913086,0.0025670230388641357,True
0,2611,1784808079.2062602,8,0.019951820373535156,0.0024939775466918945,True
0,2612,1784808079.2269585,8,0.020715951919555664,0.002589493989944458,True
0,2613,1784808079.247947,8,0.02067732810974121,0.0025846660137176514,True
0,2614,1784808079.2688982,8,0.019919395446777344,0.002489924430847168,True
0,2615,1784808079.2893102,8,0.01956343650817871,0.002445429563522339,True
0,2616,1784808079.3091924,8,0.020416975021362305,0.002552121877670288,True
0,2617,1784808079.3298714,8,0.019235610961914062,0.002404451370239258,True
0,2618,1784808079.3496704,8,0.019031763076782227,0.0023789703845977783,True
0,2619,1784808079.369243,8,0.020327329635620117,0.0025409162044525146,True
0,2620,1784808079.3900332,8,0.018343687057495117,0.0022929608821868896,True
0,2621,1784808079.408708,8,0.02011394500732422,0.0025142431259155273,True
0,2622,1784808079.4292266,8,0.021631717681884766,0.0027039647102355957,True
0,2623,1784808079.4512918,8,0.019984722137451172,0.0024980902671813965,True
0,2624,1784808079.4718552,8,0.019248008728027344,0.002406001091003418,True
0,2625,1784808079.4921892,8,0.018906831741333008,0.002363353967666626,True
0,2626,1784808079.5114236,8,0.02215123176574707,0.002768903970718384,True
0,2627,1784808079.5342212,8,0.019083261489868164,0.0023854076862335205,True
0,2628,1784808079.5541947,8,0.01945972442626953,0.0024324655532836914,True
0,2629,1784808079.5739355,8,0.02036905288696289,0.0025461316108703613,True
0,2630,1784808079.5946226,8,0.020642757415771484,0.0025803446769714355,True
0,2631,1784808079.6156545,8,0.01995110511779785,0.0024938881397247314,True
0,2632,1784808079.6359081,8,0.02108311653137207,0.002635389566421509,True
0,2633,1784808079.6573424,8,0.019295692443847656,0.002411961555480957,True
0,2634,1784808079.6770644,8,0.019585609436035156,0.0024482011795043945,True
0,2635,1784808079.6968927,8,0.020536184310913086,0.0025670230388641357,True
0,2636,1784808079.7176995,8,0.01953744888305664,0.00244218111038208,True
0,2637,1784808079.7379587,8,0.02139115333557129,0.002673894166946411,True
0,2638,1784808079.759989,8,0.019612789154052734,0.002451598644256592,True
0,2639,1784808079.7798765,8,0.019290447235107422,0.0024113059043884277,True
0,2640,1784808079.7994897,8,0.02163100242614746,0.0027038753032684326,True
0,2641,1784808079.8215618,8,0.019649028778076172,0.0024561285972595215,True
0,2642,1784808079.8415353,8,0.019148588180541992,0.002393573522567749,True
0,2643,1784808079.8609693,8,0.02094268798828125,0.0026178359985351562,True
0,2644,1784808079.882317,8,0.020496368408203125,0.0025620460510253906,True
0,2645,1784808079.9032428,8,0.019707679748535156,0.0024634599685668945,True
0,2646,1784808079.9232237,8,0.019446372985839844,0.0024307966232299805,True
0,2647,1784808079.9431572,8,0.01959514617919922,0.0024493932723999023,True
0,2648,1784808079.9630601,8,0.02133631706237793,0.002667039632797241,True
0,2649,1784808079.9848034,8,0.02070784568786621,0.0025884807109832764,True
0,2650,1784808080.0061128,8,0.01873302459716797,0.002341628074645996,True
0,2651,1784808080.0253124,8,0.020375967025756836,0.0025469958782196045,True
0,2652,1784808080.046069,8,0.02090620994567871,0.002613276243209839,True
0,2653,1784808080.0674188,8,0.020371198654174805,0.0025463998317718506,True
0,2654,1784808080.088285,8,0.019425153732299805,0.0024281442165374756,True
0,2655,1784808080.1079834,8,0.022248029708862305,0.002781003713607788,True
0,2656,1784808080.1308308,8,0.020501375198364258,0.0025626718997955322,True
0,2657,1784808080.1517217,8,0.0203397274017334,0.002542465925216675,True
0,2658,1784808080.1724017,8,0.020358800888061523,0.0025448501110076904,True
0,2659,1784808080.193234,8,0.0188906192779541,0.0023613274097442627,True
0,2660,1784808080.212479,8,0.020392417907714844,0.0025490522384643555,True
0,2661,1784808080.2336895,8,0.01921820640563965,0.002402275800704956,True
0,2662,1784808080.2532241,8,0.02062225341796875,0.0025777816772460938,True
0,2663,1784808080.2741566,8,0.01926732063293457,0.0024084150791168213,True
0,2664,1784808080.2937963,8,0.020194053649902344,0.002524256706237793,True
0,2665,1784808080.3142996,8,0.019809961318969727,0.002476245164871216,True
0,2666,1784808080.3344254,8,0.022243261337280273,0.002780407667160034,True
0,2667,1784808080.3570569,8,0.02100682258605957,0.0026258528232574463,True
0,2668,1784808080.3784392,8,0.021909713745117188,0.0027387142181396484,True
0,2669,1784808080.400949,8,0.019235849380493164,0.0024044811725616455,True
0,2670,1784808080.4207613,8,0.0191347599029541,0.0023918449878692627,True
0,2671,1784808080.440267,8,0.017902851104736328,0.002237856388092041,True
0,2672,1784808080.4587536,8,0.019423246383666992,0.002427905797958374,True
0,2673,1784808080.4785051,8,0.01926565170288086,0.0024082064628601074,True
0,2674,1784808080.4981153,8,0.020891427993774414,0.0026114284992218018,True
0,2675,1784808080.5193956,8,0.019902944564819336,0.002487868070602417,True
0,2676,1784808080.540551,8,0.02039194107055664,0.00254899263381958,True
0,2677,1784808080.561904,8,0.021429061889648438,0.0026786327362060547,True
0,2678,1784808080.5838814,8,0.018828630447387695,0.002353578805923462,True
0,2679,1784808080.6031575,8,0.02068805694580078,0.0025860071182250977,True
0,2680,1784808080.6242545,8,0.02150440216064453,0.0026880502700805664,True
0,2681,1784808080.6473384,8,0.018217802047729492,0.0022772252559661865,True
0,2682,1784808080.6660976,8,0.020493268966674805,0.0025616586208343506,True
0,2683,1784808080.6870124,8,0.019946575164794922,0.0024933218955993652,True
0,2684,1784808080.707281,8,0.021972179412841797,0.0027465224266052246,True
0,2685,1784808080.7296536,8,0.019790172576904297,0.002473771572113037,True
0,2686,1784808080.7496963,8,0.02063155174255371,0.002578943967819214,True
0,2687,1784808080.7706723,8,0.02081751823425293,0.002602189779281616,True
0,2688,1784808080.792033,8,0.020888566970825195,0.0026110708713531494,True
0,2689,1784808080.8135183,8,0.019496917724609375,0.002437114715576172,True
0,2690,1784808080.8333597,8,0.02087688446044922,0.0026096105575561523,True
0,2691,1784808080.854697,8,0.02032184600830078,0.0025402307510375977,True
0,2692,1784808080.8755915,8,0.022901296615600586,0.0028626620769500732,True
0,2693,1784808080.8992815,8,0.021389007568359375,0.002673625946044922,True
0,2694,1784808080.9212523,8,0.02122330665588379,0.0026529133319854736,True
0,2695,1784808080.943215,8,0.021146059036254883,0.0026432573795318604,True
0,2696,1784808080.9646487,8,0.021147727966308594,0.0026434659957885742,True
0,2697,1784808080.9860935,8,0.022610902786254883,0.0028263628482818604,True
0,2698,1784808081.0090365,8,0.020175695419311523,0.0025219619274139404,True
0,2699,1784808081.0295956,8,0.019769906997680664,0.002471238374710083,True
0,2700,1784808081.04971,8,0.021050453186035156,0.0026313066482543945,True
0,2701,1784808081.0710723,8,0.02093505859375,0.00261688232421875,True
0,2702,1784808081.0924609,8,0.01907515525817871,0.002384394407272339,True
0,2703,1784808081.1119313,8,0.019507408142089844,0.0024384260177612305,True
0,2704,1784808081.131933,8,0.022493362426757812,0.0028116703033447266,True
0,2705,1784808081.1548042,8,0.019542217254638672,0.002442777156829834,True
0,2706,1784808081.174669,8,0.020119667053222656,0.002514958381652832,True
0,2707,1784808081.1952,8,0.019604921340942383,0.002450615167617798,True
0,2708,1784808081.2153623,8,0.01989150047302246,0.0024864375591278076,True
0,2709,1784808081.2358754,8,0.02131032943725586,0.0026637911796569824,True
0,2710,1784808081.2577493,8,0.020359516143798828,0.0025449395179748535,True
0,2711,1784808081.278569,8,0.019655942916870117,0.0024569928646087646,True
0,2712,1784808081.298634,8,0.019347667694091797,0.0024184584617614746,True
0,2713,1784808081.3183,8,0.018925905227661133,0.0023657381534576416,True
0,2714,1784808081.33764,8,0.020665645599365234,0.0025832056999206543,True
0,2715,1784808081.3588305,8,0.021081924438476562,0.0026352405548095703,True
0,2716,1784808081.380374,8,0.021282434463500977,0.002660304307937622,True
0,2717,1784808081.402052,8,0.01994800567626953,0.0024935007095336914,True
0,2718,1784808081.4228432,8,0.02032756805419922,0.0025409460067749023,True
0,2719,1784808081.4436693,8,0.022006750106811523,0.0027508437633514404,True
0,2720,1784808081.466364,8,0.018406152725219727,0.002300769090652466,True
0,2721,1784808081.4852536,8,0.019718170166015625,0.002464771270751953,True
0,2722,1784808081.5053458,8,0.020496129989624023,0.002562016248703003,True
0,2723,1784808081.526328,8,0.02048349380493164,0.002560436725616455,True
0,2724,1784808081.547159,8,0.01974201202392578,0.0024677515029907227,True
0,2725,1784808081.5672193,8,0.021322965621948242,0.0026653707027435303,True
0,2726,1784808081.5893133,8,0.020337820053100586,0.0025422275066375732,True
0,2727,1784808081.6102257,8,0.01905965805053711,0.0023824572563171387,True
0,2728,1784808081.6302023,8,0.019978761672973633,0.002497345209121704,True
0,2729,1784808081.6507936,8,0.02082657814025879,0.0026033222675323486,True
0,2730,1784808081.6724896,8,0.018720626831054688,0.002340078353881836,True
0,2731,1784808081.6915114,8,0.02026200294494629,0.002532750368118286,True
0,2732,1784808081.712164,8,0.020267248153686523,0.0025334060192108154,True
0,2733,1784808081.7327504,8,0.02039361000061035,0.002549201250076294,True
0,2734,1784808081.753604,8,0.02075648307800293,0.002594560384750366,True
0,2735,1784808081.7746384,8,0.019866466522216797,0.0024833083152770996,True
0,2736,1784808081.7949352,8,0.020524024963378906,0.0025655031204223633,True
0,2737,1784808081.815786,8,0.01963663101196289,0.0024545788764953613,True
0,2738,1784808081.8359008,8,0.01956772804260254,0.0024459660053253174,True
0,2739,1784808081.8557568,8,0.020575761795043945,0.002571970224380493,True
0,2740,1784808081.8767452,8,0.021030426025390625,0.002628803253173828,True
0,2741,1784808081.8983757,8,0.019751310348510742,0.0024689137935638428,True
0,2742,1784808081.9185033,8,0.02004528045654297,0.002505660057067871,True
0,2743,1784808081.9389744,8,0.022257566452026367,0.002782195806503296,True
0,2744,1784808081.9616406,8,0.019310474395751953,0.002413809299468994,True
0,2745,1784808081.9812496,8,0.02048325538635254,0.0025604069232940674,True
0,2746,1784808082.0021534,8,0.018895626068115234,0.0023619532585144043,True
0,2747,1784808082.0213654,8,0.018348217010498047,0.002293527126312256,True
0,2748,1784808082.0400395,8,0.019576549530029297,0.002447068691253662,True
0,2749,1784808082.060012,8,0.01890873908996582,0.0023635923862457275,True
0,2750,1784808082.0795312,8,0.020607709884643555,0.0025759637355804443,True
0,2751,1784808082.1004434,8,0.019696950912475586,0.0024621188640594482,True
0,2752,1784808082.1211407,8,0.01941847801208496,0.00242730975151062,True
0,2753,1784808082.1410198,8,0.020463943481445312,0.002557992935180664,True
0,2754,1784808082.1618817,8,0.02212810516357422,0.0027660131454467773,True
0,2755,1784808082.184368,8,0.021833181381225586,0.0027291476726531982,True
0,2756,1784808082.2065191,8,0.02040243148803711,0.0025503039360046387,True
0,2757,1784808082.2272801,8,0.02138209342956543,0.0026727616786956787,True
0,2758,1784808082.2491763,8,0.01949477195739746,0.0024368464946746826,True
0,2759,1784808082.2697196,8,0.020764827728271484,0.0025956034660339355,True
0,2760,1784808082.2910893,8,0.020133495330810547,0.0025166869163513184,True
0,2761,1784808082.3115516,8,0.02004098892211914,0.0025051236152648926,True
0,2762,1784808082.3334177,8,0.01769423484802246,0.0022117793560028076,True
0,2763,1784808082.351471,8,0.021402597427368164,0.0026753246784210205,True
0,2764,1784808082.3732524,8,0.018132448196411133,0.0022665560245513916,True
0,2765,1784808082.391797,8,0.0188601016998291,0.0023575127124786377,True
0,2766,1784808082.410968,8,0.01975107192993164,0.002468883991241455,True
0,2767,1784808082.4310653,8,0.020517349243164062,0.002564668655395508,True
0,2768,1784808082.4519577,8,0.019922256469726562,0.0024902820587158203,True
0,2769,1784808082.4722614,8,0.020094633102416992,0.002511829137802124,True
0,2770,1784808082.4926794,8,0.02309560775756836,0.002886950969696045,True
0,2771,1784808082.516201,8,0.02115774154663086,0.0026447176933288574,True
0,2772,1784808082.5378392,8,0.02094101905822754,0.0026176273822784424,True
0,2773,1784808082.5590937,8,0.0203399658203125,0.0025424957275390625,True
0,2774,1784808082.5799484,8,0.020383596420288086,0.0025479495525360107,True
0,2775,1784808082.6013112,8,0.020859479904174805,0.0026074349880218506,True
0,2776,1784808082.6225576,8,0.0215761661529541,0.0026970207691192627,True
0,2777,1784808082.6446595,8,0.021875619888305664,0.002734452486038208,True
0,2778,1784808082.666985,8,0.019711971282958984,0.002463996410369873,True
0,2779,1784808082.6869678,8,0.020003795623779297,0.002500474452972412,True
0,2780,1784808082.707366,8,0.02557992935180664,0.00319749116897583,True
0,2781,1784808082.7341404,8,0.017963886260986328,0.002245485782623291,True
0,2782,1784808082.7524037,8,0.020451068878173828,0.0025563836097717285,True
0,2783,1784808082.773182,8,0.01945209503173828,0.002431511878967285,True
0,2784,1784808082.7929277,8,0.022083520889282227,0.0027604401111602783,True
0,2785,1784808082.815434,8,0.018228769302368164,0.0022785961627960205,True
0,2786,1784808082.834011,8,0.020198822021484375,0.002524852752685547,True
0,2787,1784808082.8545175,8,0.02084517478942871,0.002605646848678589,True
0,2788,1784808082.8758473,8,0.02001047134399414,0.0025013089179992676,True
0,2789,1784808082.8964827,8,0.020272016525268555,0.0025340020656585693,True
0,2790,1784808082.91708,8,0.019806385040283203,0.0024757981300354004,True
0,2791,1784808082.9372408,8,0.019353151321411133,0.0024191439151763916,True
0,2792,1784808082.9568772,8,0.019443273544311523,0.0024304091930389404,True
0,2793,1784808082.9768932,8,0.01958012580871582,0.0024475157260894775,True
0,2794,1784808082.9968758,8,0.01957106590270996,0.002446383237838745,True
0,2795,1784808083.017013,8,0.020080089569091797,0.0025100111961364746,True
0,2796,1784808083.0375032,8,0.018903732299804688,0.002362966537475586,True
0,2797,1784808083.0567288,8,0.019001007080078125,0.0023751258850097656,True
0,2798,1784808083.0761273,8,0.01920294761657715,0.0024003684520721436,True
0,2799,1784808083.0959516,8,0.01996922492980957,0.0024961531162261963,True
0,2800,1784808083.1164641,8,0.01906108856201172,0.002382636070251465,True
0,2801,1784808083.1358528,8,0.023006677627563477,0.0028758347034454346,True
0,2802,1784808083.1592975,8,0.02107405662536621,0.0026342570781707764,True
0,2803,1784808083.181354,8,0.018032312393188477,0.0022540390491485596,True
0,2804,1784808083.1998122,8,0.019543170928955078,0.0024428963661193848,True
0,2805,1784808083.2200363,8,0.020201444625854492,0.0025251805782318115,True
0,2806,1784808083.240554,8,0.020416736602783203,0.0025520920753479004,True
0,2807,1784808083.261796,8,0.01905035972595215,0.0023812949657440186,True
0,2808,1784808083.281286,8,0.020672321319580078,0.0025840401649475098,True
0,2809,1784808083.3022864,8,0.019527196884155273,0.002440899610519409,True
0,2810,1784808083.322083,8,0.024219274520874023,0.003027409315109253,True
0,2811,1784808083.3472714,8,0.017926454544067383,0.002240806818008423,True
0,2812,1784808083.3654919,8,0.020460844039916992,0.002557605504989624,True
0,2813,1784808083.3864248,8,0.01903390884399414,0.0023792386054992676,True
0,2814,1784808083.4062874,8,0.02101898193359375,0.0026273727416992188,True
0,2815,1784808083.4281597,8,0.01984548568725586,0.0024806857109069824,True
0,2816,1784808083.4484706,8,0.019502639770507812,0.0024378299713134766,True
0,2817,1784808083.4687235,8,0.021311521530151367,0.002663940191268921,True
0,2818,1784808083.4906838,8,0.021645069122314453,0.0027056336402893066,True
0,2819,1784808083.512806,8,0.019450902938842773,0.0024313628673553467,True
0,2820,1784808083.5327053,8,0.020984411239624023,0.002623051404953003,True
0,2821,1784808083.5543537,8,0.018878936767578125,0.0023598670959472656,True
0,2822,1784808083.573623,8,0.01970386505126953,0.0024629831314086914,True
0,2823,1784808083.593885,8,0.019481897354125977,0.002435237169265747,True
0,2824,1784808083.6146588,8,0.018947362899780273,0.002368420362472534,True
0,2825,1784808083.6339147,8,0.021699905395507812,0.0027124881744384766,True
0,2826,1784808083.6560638,8,0.01898479461669922,0.0023730993270874023,True
0,2827,1784808083.6755326,8,0.018604755401611328,0.002325594425201416,True
0,2828,1784808083.6944506,8,0.020392417907714844,0.0025490522384643555,True
0,2829,1784808083.7153008,8,0.019295692443847656,0.002411961555480957,True
0,2830,1784808083.7349753,8,0.020245075225830078,0.0025306344032287598,True
0,2831,1784808083.7555525,8,0.022571802139282227,0.0028214752674102783,True
0,2832,1784808083.7788074,8,0.018475055694580078,0.0023093819618225098,True
0,2833,1784808083.7979124,8,0.018639087677001953,0.002329885959625244,True
0,2834,1784808083.816872,8,0.020782470703125,0.002597808837890625,True
0,2835,1784808083.8379622,8,0.020107269287109375,0.002513408660888672,True
0,2836,1784808083.8583927,8,0.02045750617980957,0.0025571882724761963,True
0,2837,1784808083.8791435,8,0.021030664443969727,0.002628833055496216,True
0,2838,1784808083.9006763,8,0.019760847091674805,0.0024701058864593506,True
0,2839,1784808083.921791,8,0.021661758422851562,0.0027077198028564453,True
0,2840,1784808083.9437134,8,0.020810842514038086,0.0026013553142547607,True
0,2841,1784808083.965037,8,0.01952075958251953,0.0024400949478149414,True
0,2842,1784808083.9849267,8,0.019255876541137695,0.002406984567642212,True
0,2843,1784808084.0044587,8,0.018979787826538086,0.0023724734783172607,True
0,2844,1784808084.0239365,8,0.020150423049926758,0.0025188028812408447,True
0,2845,1784808084.0445118,8,0.01875138282775879,0.0023439228534698486,True
0,2846,1784808084.063656,8,0.01998758316040039,0.002498447895050049,True
0,2847,1784808084.0842862,8,0.021114110946655273,0.002639263868331909,True
0,2848,1784808084.1057196,8,0.019789695739746094,0.0024737119674682617,True
0,2849,1784808084.1258752,8,0.018997907638549805,0.0023747384548187256,True
0,2850,1784808084.1453037,8,0.020731687545776367,0.002591460943222046,True
0,2851,1784808084.1663723,8,0.019536495208740234,0.0024420619010925293,True
0,2852,1784808084.1865845,8,0.020325422286987305,0.002540677785873413,True
0,2853,1784808084.2073169,8,0.018785476684570312,0.002348184585571289,True
0,2854,1784808084.2266362,8,0.021761655807495117,0.0027202069759368896,True
0,2855,1784808084.2488077,8,0.017748594284057617,0.002218574285507202,True
0,2856,1784808084.2669373,8,0.02013087272644043,0.0025163590908050537,True
0,2857,1784808084.287731,8,0.01912236213684082,0.0023902952671051025,True
0,2858,1784808084.307594,8,0.020511865615844727,0.002563983201980591,True
0,2859,1784808084.3284335,8,0.019431352615356445,0.0024289190769195557,True
0,2860,1784808084.348521,8,0.019304275512695312,0.002413034439086914,True
0,2861,1784808084.3681526,8,0.019129037857055664,0.002391129732131958,True
0,2862,1784808084.3877769,8,0.021844148635864258,0.0027305185794830322,True
0,2863,1784808084.4102259,8,0.018353700637817383,0.002294212579727173,True
0,2864,1784808084.429013,8,0.02088308334350586,0.0026103854179382324,True
0,2865,1784808084.450755,8,0.019467592239379883,0.0024334490299224854,True
0,2866,1784808084.470718,8,0.021114587783813477,0.0026393234729766846,True
0,2867,1784808084.4922645,8,0.020056486129760742,0.0025070607662200928,True
0,2868,1784808084.5127797,8,0.020864248275756836,0.0026080310344696045,True
0,2869,1784808084.534463,8,0.021603107452392578,0.0027003884315490723,True
0,2870,1784808084.5569744,8,0.019602060317993164,0.0024502575397491455,True
0,2871,1784808084.5783868,8,0.02020096778869629,0.002525120973587036,True
0,2872,1784808084.5998106,8,0.019893407821655273,0.002486675977706909,True
0,2873,1784808084.6202552,8,0.02142643928527832,0.00267830491065979,True
0,2874,1784808084.642621,8,0.01890707015991211,0.0023633837699890137,True
0,2875,1784808084.662001,8,0.02066516876220703,0.002583146095275879,True
0,2876,1784808084.6831439,8,0.021237850189208984,0.002654731273651123,True
0,2877,1784808084.7051446,8,0.017902851104736328,0.002237856388092041,True
0,2878,1784808084.723701,8,0.020435333251953125,0.0025544166564941406,True
0,2879,1784808084.7444477,8,0.021445751190185547,0.0026807188987731934,True
0,2880,1784808084.7663288,8,0.019593477249145508,0.0024491846561431885,True
0,2881,1784808084.786291,8,0.021047115325927734,0.002630889415740967,True
0,2882,1784808084.8076754,8,0.021405696868896484,0.0026757121086120605,True
0,2883,1784808084.8293653,8,0.02184271812438965,0.002730339765548706,True
0,2884,1784808084.8516698,8,0.021039247512817383,0.002629905939102173,True
0,2885,1784808084.873003,8,0.022000551223754883,0.0027500689029693604,True
0,2886,1784808084.8953986,8,0.018821001052856445,0.0023526251316070557,True
0,2887,1784808084.9145067,8,0.01889181137084961,0.002361476421356201,True
0,2888,1784808084.933742,8,0.020905256271362305,0.002613157033920288,True
0,2889,1784808084.955213,8,0.02061772346496582,0.0025772154331207275,True
0,2890,1784808084.976306,8,0.01817774772644043,0.0022722184658050537,True
0,2891,1784808084.9948757,8,0.020878314971923828,0.0026097893714904785,True
0,2892,1784808085.0162137,8,0.0189664363861084,0.00237080454826355,True
0,2893,1784808085.0365658,8,0.019597291946411133,0.0024496614933013916,True
0,2894,1784808085.0565925,8,0.021056175231933594,0.0026320219039916992,True
0,2895,1784808085.0783834,8,0.022531986236572266,0.002816498279571533,True
0,2896,1784808085.101898,8,0.021479129791259766,0.0026848912239074707,True
0,2897,1784808085.1247633,8,0.018674612045288086,0.0023343265056610107,True
0,2898,1784808085.1437495,8,0.01929330825805664,0.00241166353225708,True
0,2899,1784808085.1633754,8,0.025693655014038086,0.0032117068767547607,True
0,2900,1784808085.189482,8,0.019840002059936523,0.0024800002574920654,True
0,2901,1784808085.2098007,8,0.019533157348632812,0.0024416446685791016,True
0,2902,1784808085.229848,8,0.020769596099853516,0.0025961995124816895,True
0,2903,1784808085.251644,8,0.0213010311126709,0.0026626288890838623,True
0,2904,1784808085.2733502,8,0.020577669143676758,0.0025722086429595947,True
0,2905,1784808085.2943404,8,0.020976781845092773,0.0026220977306365967,True
0,2906,1784808085.3157554,8,0.02044200897216797,0.002555251121520996,True
0,2907,1784808085.3370757,8,0.019559621810913086,0.0024449527263641357,True
0,2908,1784808085.358688,8,0.019228458404541016,0.002403557300567627,True
0,2909,1784808085.3787498,8,0.019260883331298828,0.0024076104164123535,True
0,2910,1784808085.3998652,8,0.021035194396972656,0.002629399299621582,True
0,2911,1784808085.4219785,8,0.0203096866607666,0.002538710832595825,True
0,2912,1784808085.4427643,8,0.020385026931762695,0.002548128366470337,True
0,2913,1784808085.4638274,8,0.021503925323486328,0.002687990665435791,True
0,2914,1784808085.4861248,8,0.0182034969329834,0.002275437116622925,True
0,2915,1784808085.5048358,8,0.02127981185913086,0.0026599764823913574,True
0,2916,1784808085.5273297,8,0.018878459930419922,0.0023598074913024902,True
0,2917,1784808085.5465453,8,0.021077394485473633,0.002634674310684204,True
0,2918,1784808085.5679386,8,0.019778966903686523,0.0024723708629608154,True
0,2919,1784808085.58824,8,0.022885560989379883,0.0028606951236724854,True
0,2920,1784808085.6118164,8,0.019343137741088867,0.0024178922176361084,True
0,2921,1784808085.6317914,8,0.019478559494018555,0.0024348199367523193,True
0,2922,1784808085.6516652,8,0.02088475227355957,0.0026105940341949463,True
0,2923,1784808085.6730533,8,0.019629478454589844,0.0024536848068237305,True
0,2924,1784808085.6934044,8,0.020738840103149414,0.0025923550128936768,True
0,2925,1784808085.7145226,8,0.020096540451049805,0.0025120675563812256,True
0,2926,1784808085.735006,8,0.0220034122467041,0.0027504265308380127,True
0,2927,1784808085.7580101,8,0.02017068862915039,0.002521336078643799,True
0,2928,1784808085.7788079,8,0.01942896842956543,0.0024286210536956787,True
0,2929,1784808085.7986526,8,0.01963973045349121,0.0024549663066864014,True
0,2930,1784808085.8188975,8,0.02011871337890625,0.0025148391723632812,True
0,2931,1784808085.839469,8,0.021250486373901367,0.002656310796737671,True
0,2932,1784808085.861277,8,0.02080845832824707,0.002601057291030884,True
0,2933,1784808085.8827138,8,0.018635034561157227,0.0023293793201446533,True
0,2934,1784808085.9016297,8,0.019808292388916016,0.002476036548614502,True
0,2935,1784808085.9217858,8,0.02232813835144043,0.0027910172939300537,True
0,2936,1784808085.9444454,8,0.02004694938659668,0.002505868673324585,True
0,2937,1784808085.9650087,8,0.02050161361694336,0.00256270170211792,True
0,2938,1784808085.9858642,8,0.020418405532836914,0.0025523006916046143,True
0,2939,1784808086.0071452,8,0.0193631649017334,0.002420395612716675,True
0,2940,1784808086.027199,8,0.02002429962158203,0.002503037452697754,True
0,2941,1784808086.0477366,8,0.018913745880126953,0.002364218235015869,True
0,2942,1784808086.0669959,8,0.020566940307617188,0.0025708675384521484,True
