process_id,batch_id,timestamp,batch_size,batch_time_seconds,avg_query_time_seconds,success
8,1,1784808026.4559112,8,0.007565498352050781,0.0009456872940063477,True
8,2,1784808026.465757,8,0.007584333419799805,0.0009480416774749756,True
8,3,1784808026.4741435,8,0.008032798767089844,0.0010040998458862305,True
8,4,1784808026.483266,8,0.009041786193847656,0.001130223274230957,True
8,5,1784808026.4933665,8,0.008821249008178711,0.0011026561260223389,True
8,6,1784808026.5032353,8,0.007670402526855469,0.0009588003158569336,True
8,7,1784808026.5132143,8,0.008746147155761719,0.0010932683944702148,True
8,8,1784808026.522533,8,0.007043361663818359,0.0008804202079772949,True
8,9,1784808026.5311344,8,0.007860660552978516,0.0009825825691223145,True
8,10,1784808026.5402808,8,0.009923934936523438,0.0012404918670654297,True
8,11,1784808026.5517244,8,0.007258892059326172,0.0009073615074157715,True
8,12,1784808026.5628629,8,0.006770610809326172,0.0008463263511657715,True
8,13,1784808026.5702856,8,0.009117603302001953,0.0011397004127502441,True
8,14,1784808026.581268,8,0.008148670196533203,0.0010185837745666504,True
8,15,1784808026.5900366,8,0.008417129516601562,0.0010521411895751953,True
8,16,1784808026.5996027,8,0.008895158767700195,0.0011118948459625244,True
8,17,1784808026.6095538,8,0.010001182556152344,0.001250147819519043,True
8,18,1784808026.6201646,8,0.008924245834350586,0.0011155307292938232,True
8,19,1784808026.6295395,8,0.008694887161254883,0.0010868608951568604,True
8,20,1784808026.6399844,8,0.011631488800048828,0.0014539361000061035,True
8,21,1784808026.6533344,8,0.006870269775390625,0.0008587837219238281,True
8,22,1784808026.6640635,8,0.008363962173461914,0.0010454952716827393,True
8,23,1784808026.6740506,8,0.00966954231262207,0.0012086927890777588,True
8,24,1784808026.6860318,8,0.011383533477783203,0.0014229416847229004,True
8,25,1784808026.6993468,8,0.00935983657836914,0.0011699795722961426,True
8,26,1784808026.7092068,8,0.011120796203613281,0.0013900995254516602,True
8,27,1784808026.7271643,8,0.011537790298461914,0.0014422237873077393,True
8,28,1784808026.740389,8,0.010052680969238281,0.0012565851211547852,True
8,29,1784808026.758165,8,0.009530067443847656,0.001191258430480957,True
8,30,1784808026.7697167,8,0.01146078109741211,0.0014325976371765137,True
8,31,1784808026.7826083,8,0.010707855224609375,0.0013384819030761719,True
8,32,1784808026.7948556,8,0.010680913925170898,0.0013351142406463623,True
8,33,1784808026.82223,8,0.009711265563964844,0.0012139081954956055,True
8,34,1784808026.8324144,8,0.014596700668334961,0.0018245875835418701,True
8,35,1784808026.8481889,8,0.012941598892211914,0.0016176998615264893,True
8,36,1784808026.8616612,8,0.013289690017700195,0.0016612112522125244,True
8,37,1784808026.8759987,8,0.01388406753540039,0.0017355084419250488,True
8,38,1784808026.8923757,8,0.014763355255126953,0.0018454194068908691,True
8,39,1784808026.907611,8,0.013246536254882812,0.0016558170318603516,True
8,40,1784808026.9213023,8,0.017253398895263672,0.002156674861907959,True
8,41,1784808026.9393337,8,0.013890743255615234,0.0017363429069519043,True
8,42,1784808026.9689898,8,0.009249687194824219,0.0011562108993530273,True
8,43,1784808026.9877899,8,0.008880138397216797,0.0011100172996520996,True
8,44,1784808027.0070107,8,0.005473613739013672,0.000684201717376709,True
8,45,1784808027.0219994,8,0.017139434814453125,0.0021424293518066406,True
8,46,1784808027.0409827,8,0.017246246337890625,0.002155780792236328,True
8,47,1784808027.058915,8,0.01751542091369629,0.002189427614212036,True
8,48,1784808027.082121,8,0.00979304313659668,0.001224130392074585,True
8,49,1784808027.105881,8,0.0077474117279052734,0.0009684264659881592,True
8,50,1784808027.1236074,8,0.00946950912475586,0.0011836886405944824,True
8,51,1784808027.149515,8,0.01216745376586914,0.0015209317207336426,True
8,52,1784808027.1721334,8,0.008323907852172852,0.0010404884815216064,True
8,53,1784808027.1959953,8,0.009455680847167969,0.001181960105895996,True
8,54,1784808027.2149563,8,0.009256124496459961,0.0011570155620574951,True
8,55,1784808027.2351842,8,0.01057887077331543,0.0013223588466644287,True
8,56,1784808027.2527328,8,0.013464689254760742,0.0016830861568450928,True
8,57,1784808027.2703438,8,0.014605522155761719,0.0018256902694702148,True
8,58,1784808027.2921977,8,0.012705802917480469,0.0015882253646850586,True
8,59,1784808027.3123136,8,0.011299848556518555,0.0014124810695648193,True
8,60,1784808027.3370695,8,0.008944272994995117,0.0011180341243743896,True
8,61,1784808027.3572106,8,0.008142471313476562,0.0010178089141845703,True
8,62,1784808027.3789947,8,0.00738525390625,0.00092315673828125,True
8,63,1784808027.3970594,8,0.011101484298706055,0.0013876855373382568,True
8,64,1784808027.4172027,8,0.01163935661315918,0.0014549195766448975,True
8,65,1784808027.4332812,8,0.015858173370361328,0.001982271671295166,True
8,66,1784808027.449743,8,0.019026517868041992,0.002378314733505249,True
8,67,1784808027.4700186,8,0.02014446258544922,0.0025180578231811523,True
8,68,1784808027.4906201,8,0.020121335983276367,0.002515166997909546,True
8,69,1784808027.5113382,8,0.019695520401000977,0.002461940050125122,True
8,70,1784808027.5316987,8,0.01952838897705078,0.0024410486221313477,True
8,71,1784808027.5565627,8,0.01775360107421875,0.0022192001342773438,True
8,72,1784808027.574979,8,0.020270347595214844,0.0025337934494018555,True
8,73,1784808027.5964699,8,0.020513534545898438,0.0025641918182373047,True
8,74,1784808027.6176493,8,0.01830315589904785,0.0022878944873809814,True
8,75,1784808027.6367009,8,0.017989158630371094,0.0022486448287963867,True
8,76,1784808027.6559582,8,0.018355846405029297,0.002294480800628662,True
8,77,1784808027.674735,8,0.02098560333251953,0.0026232004165649414,True
8,78,1784808027.6971588,8,0.0190126895904541,0.0023765861988067627,True
8,79,1784808027.716864,8,0.01975226402282715,0.0024690330028533936,True
8,80,1784808027.7380884,8,0.019346952438354492,0.0024183690547943115,True
8,81,1784808027.7585096,8,0.02198052406311035,0.002747565507888794,True
8,82,1784808027.7811298,8,0.01866602897644043,0.0023332536220550537,True
8,83,1784808027.800548,8,0.02107095718383789,0.0026338696479797363,True
8,84,1784808027.8223312,8,0.01981329917907715,0.0024766623973846436,True
8,85,1784808027.8433108,8,0.01919269561767578,0.0023990869522094727,True
8,86,1784808027.8636162,8,0.01943492889404297,0.002429366111755371,True
8,87,1784808027.8835156,8,0.019701719284057617,0.002462714910507202,True
8,88,1784808027.904623,8,0.018040895462036133,0.0022551119327545166,True
8,89,1784808027.9232006,8,0.01981973648071289,0.0024774670600891113,True
8,90,1784808027.9434333,8,0.02044534683227539,0.002555668354034424,True
8,91,1784808027.9649878,8,0.019753217697143555,0.0024691522121429443,True
8,92,1784808027.9854872,8,0.020456790924072266,0.002557098865509033,True
8,93,1784808028.0065322,8,0.020811080932617188,0.0026013851165771484,True
8,94,1784808028.0302272,8,0.021571874618530273,0.002696484327316284,True
8,95,1784808028.052393,8,0.019086837768554688,0.002385854721069336,True
8,96,1784808028.0719364,8,0.020349979400634766,0.0025437474250793457,True
8,97,1784808028.0930152,8,0.020798683166503906,0.0025998353958129883,True
8,98,1784808028.114408,8,0.01978302001953125,0.0024728775024414062,True
8,99,1784808028.135193,8,0.019072294235229492,0.0023840367794036865,True
8,100,1784808028.1562355,8,0.01874232292175293,0.002342790365219116,True
8,101,1784808028.175395,8,0.022059917449951172,0.0027574896812438965,True
8,102,1784808028.1978488,8,0.01734638214111328,0.00216829776763916,True
8,103,1784808028.2156284,8,0.02027106285095215,0.0025338828563690186,True
8,104,1784808028.2371018,8,0.01996755599975586,0.0024959444999694824,True
8,105,1784808028.258264,8,0.019968032836914062,0.002496004104614258,True
8,106,1784808028.2794697,8,0.01876521110534668,0.002345651388168335,True
8,107,1784808028.2991335,8,0.02000594139099121,0.0025007426738739014,True
8,108,1784808028.3199978,8,0.019161462783813477,0.0023951828479766846,True
8,109,1784808028.3409033,8,0.019291162490844727,0.002411395311355591,True
8,110,1784808028.3609357,8,0.019811153411865234,0.0024763941764831543,True
8,111,1784808028.381345,8,0.022002696990966797,0.0027503371238708496,True
8,112,1784808028.405201,8,0.018576622009277344,0.002322077751159668,True
8,113,1784808028.4242826,8,0.021523714065551758,0.0026904642581939697,True
8,114,1784808028.4462888,8,0.021310806274414062,0.002663850784301758,True
8,115,1784808028.4692252,8,0.019432544708251953,0.002429068088531494,True
8,116,1784808028.4891498,8,0.019318342208862305,0.002414792776107788,True
8,117,1784808028.509079,8,0.018071889877319336,0.002258986234664917,True
8,118,1784808028.5281951,8,0.020273685455322266,0.002534210681915283,True
8,119,1784808028.5490868,8,0.020698070526123047,0.002587258815765381,True
8,120,1784808028.5702953,8,0.01935744285583496,0.00241968035697937,True
8,121,1784808028.5901027,8,0.019839763641357422,0.0024799704551696777,True
8,122,1784808028.6109307,8,0.019000530242919922,0.0023750662803649902,True
8,123,1784808028.6305666,8,0.01979970932006836,0.002474963665008545,True
8,124,1784808028.6519606,8,0.019200801849365234,0.0024001002311706543,True
8,125,1784808028.672252,8,0.019461870193481445,0.0024327337741851807,True
8,126,1784808028.692209,8,0.023359298706054688,0.002919912338256836,True
8,127,1784808028.7159321,8,0.019680500030517578,0.0024600625038146973,True
8,128,1784808028.7360065,8,0.02103567123413086,0.0026294589042663574,True
8,129,1784808028.7576609,8,0.020664215087890625,0.002583026885986328,True
8,130,1784808028.778809,8,0.01922464370727539,0.002403080463409424,True
8,131,1784808028.798327,8,0.018503665924072266,0.002312958240509033,True
8,132,1784808028.8174205,8,0.02064824104309082,0.0025810301303863525,True
8,133,1784808028.8386345,8,0.020517349243164062,0.002564668655395508,True
8,134,1784808028.8606925,8,0.019315242767333984,0.002414405345916748,True
8,135,1784808028.880934,8,0.01849079132080078,0.0023113489151000977,True
8,136,1784808028.8997958,8,0.019791603088378906,0.0024739503860473633,True
8,137,1784808028.9199617,8,0.01918315887451172,0.002397894859313965,True
8,138,1784808028.9395595,8,0.019091129302978516,0.0023863911628723145,True
8,139,1784808028.958998,8,0.019237279891967773,0.0024046599864959717,True
8,140,1784808028.9785733,8,0.019698619842529297,0.002462327480316162,True
8,141,1784808028.9986436,8,0.019128799438476562,0.0023910999298095703,True
8,142,1784808029.0183327,8,0.02088141441345215,0.0026101768016815186,True
8,143,1784808029.0396073,8,0.019810199737548828,0.0024762749671936035,True
8,144,1784808029.0596855,8,0.02001214027404785,0.0025015175342559814,True
8,145,1784808029.080767,8,0.019985437393188477,0.0024981796741485596,True
8,146,1784808029.1013553,8,0.018108844757080078,0.0022636055946350098,True
8,147,1784808029.1200805,8,0.019457340240478516,0.0024321675300598145,True
8,148,1784808029.1399667,8,0.021612882614135742,0.0027016103267669678,True
8,149,1784808029.1619542,8,0.018642425537109375,0.002330303192138672,True
8,150,1784808029.1809614,8,0.023648977279663086,0.0029561221599578857,True
8,151,1784808029.2057137,8,0.022525310516357422,0.0028156638145446777,True
8,152,1784808029.229008,8,0.01803135871887207,0.002253919839859009,True
8,153,1784808029.2474604,8,0.019801855087280273,0.002475231885910034,True
8,154,1784808029.2680967,8,0.021616458892822266,0.002702057361602783,True
8,155,1784808029.2907257,8,0.018855810165405273,0.002356976270675659,True
8,156,1784808029.3106937,8,0.018654823303222656,0.002331852912902832,True
8,157,1784808029.329722,8,0.020604610443115234,0.0025755763053894043,True
8,158,1784808029.3507643,8,0.019671916961669922,0.0024589896202087402,True
8,159,1784808029.3707278,8,0.020918607711791992,0.002614825963973999,True
8,160,1784808029.3920681,8,0.019642114639282227,0.0024552643299102783,True
8,161,1784808029.4123926,8,0.019300222396850586,0.0024125277996063232,True
8,162,1784808029.4321587,8,0.018811941146850586,0.0023514926433563232,True
8,163,1784808029.4512832,8,0.020329713821411133,0.0025412142276763916,True
8,164,1784808029.472004,8,0.020261764526367188,0.0025327205657958984,True
8,165,1784808029.4927657,8,0.02173900604248047,0.0027173757553100586,True
8,166,1784808029.5149512,8,0.019587039947509766,0.0024483799934387207,True
8,167,1784808029.5348752,8,0.020823240280151367,0.002602905035018921,True
8,168,1784808029.5560603,8,0.020262479782104492,0.0025328099727630615,True
8,169,1784808029.576676,8,0.01984572410583496,0.00248071551322937,True
8,170,1784808029.596827,8,0.019992589950561523,0.0024990737438201904,True
8,171,1784808029.6174064,8,0.0205385684967041,0.0025673210620880127,True
8,172,1784808029.6384358,8,0.021411418914794922,0.0026764273643493652,True
8,173,1784808029.6604342,8,0.022646427154541016,0.002830803394317627,True
8,174,1784808029.6835592,8,0.018722057342529297,0.002340257167816162,True
8,175,1784808029.702617,8,0.020236968994140625,0.002529621124267578,True
8,176,1784808029.72328,8,0.020401954650878906,0.0025502443313598633,True
8,177,1784808029.7440827,8,0.01959514617919922,0.0024493932723999023,True
8,178,1784808029.7641895,8,0.019428730010986328,0.002428591251373291,True
8,179,1784808029.783964,8,0.021474599838256836,0.0026843249797821045,True
8,180,1784808029.8058884,8,0.020529508590698242,0.0025661885738372803,True
8,181,1784808029.8269498,8,0.018844127655029297,0.002355515956878662,True
8,182,1784808029.8462262,8,0.021900415420532227,0.0027375519275665283,True
8,183,1784808029.868428,8,0.01940178871154785,0.0024252235889434814,True
8,184,1784808029.888253,8,0.020129680633544922,0.0025162100791931152,True
8,185,1784808029.9118695,8,0.02166152000427246,0.0027076900005340576,True
8,186,1784808029.9342444,8,0.021852970123291016,0.002731621265411377,True
8,187,1784808029.9564946,8,0.021367311477661133,0.0026709139347076416,True
8,188,1784808029.9782948,8,0.02004694938659668,0.002505868673324585,True
8,189,1784808029.9989736,8,0.020089387893676758,0.0025111734867095947,True
8,190,1784808030.019634,8,0.020560741424560547,0.0025700926780700684,True
8,191,1784808030.0405335,8,0.021842479705810547,0.0027303099632263184,True
8,192,1784808030.0627325,8,0.020735979080200195,0.0025919973850250244,True
8,193,1784808030.0841563,8,0.020653724670410156,0.0025817155838012695,True
8,194,1784808030.1064148,8,0.017992258071899414,0.0022490322589874268,True
8,195,1784808030.124824,8,0.020020008087158203,0.0025025010108947754,True
8,196,1784808030.1452594,8,0.023735523223876953,0.002966940402984619,True
8,197,1784808030.169734,8,0.0216217041015625,0.0027027130126953125,True
8,198,1784808030.1916504,8,0.02063608169555664,0.00257951021194458,True
8,199,1784808030.2127504,8,0.020576953887939453,0.0025721192359924316,True
8,200,1784808030.2338033,8,0.018741130828857422,0.0023426413536071777,True
8,201,1784808030.2540634,8,0.019608497619628906,0.0024510622024536133,True
8,202,1784808030.2740638,8,0.01935887336730957,0.0024198591709136963,True
8,203,1784808030.293965,8,0.022076129913330078,0.0027595162391662598,True
8,204,1784808030.317511,8,0.022068500518798828,0.0027585625648498535,True
8,205,1784808030.340908,8,0.01982736587524414,0.0024784207344055176,True
8,206,1784808030.3612816,8,0.020926952362060547,0.0026158690452575684,True
8,207,1784808030.3825915,8,0.02032327651977539,0.002540409564971924,True
8,208,1784808030.4043653,8,0.01988387107849121,0.0024854838848114014,True
8,209,1784808030.4246206,8,0.02114105224609375,0.0026426315307617188,True
8,210,1784808030.4462047,8,0.019184589385986328,0.002398073673248291,True
8,211,1784808030.4662282,8,0.020100831985473633,0.002512603998184204,True
8,212,1784808030.4867013,8,0.020148038864135742,0.0025185048580169678,True
8,213,1784808030.5075476,8,0.0197601318359375,0.0024700164794921875,True
8,214,1784808030.5278876,8,0.021314620971679688,0.002664327621459961,True
8,215,1784808030.5496585,8,0.02257990837097168,0.00282248854637146,True
8,216,1784808030.5776348,8,0.02016472816467285,0.0025205910205841064,True
8,217,1784808030.5982783,8,0.01640605926513672,0.00205075740814209,True
8,218,1784808030.615319,8,0.021569490432739258,0.0026961863040924072,True
8,219,1784808030.6373363,8,0.01877450942993164,0.002346813678741455,True
8,220,1784808030.656907,8,0.02115654945373535,0.002644568681716919,True
8,221,1784808030.6794813,8,0.020139455795288086,0.0025174319744110107,True
8,222,1784808030.7002757,8,0.01941204071044922,0.0024265050888061523,True
8,223,1784808030.720261,8,0.02029728889465332,0.002537161111831665,True
8,224,1784808030.7410088,8,0.019353389739990234,0.0024191737174987793,True
8,225,1784808030.7609556,8,0.021216630935668945,0.002652078866958618,True
8,226,1784808030.7840621,8,0.020652055740356445,0.0025815069675445557,True
8,227,1784808030.8050992,8,0.0210723876953125,0.0026340484619140625,True
8,228,1784808030.8264694,8,0.020619869232177734,0.002577483654022217,True
8,229,1784808030.8475018,8,0.02067732810974121,0.0025846660137176514,True
8,230,1784808030.8686101,8,0.020829439163208008,0.002603679895401001,True
8,231,1784808030.8898938,8,0.020013093948364258,0.0025016367435455322,True
8,232,1784808030.9109917,8,0.0243985652923584,0.0030498206615448,True
8,233,1784808030.936381,8,0.02017831802368164,0.002522289752960205,True
8,234,1784808030.9568896,8,0.0194852352142334,0.002435654401779175,True
8,235,1784808030.977155,8,0.020560026168823242,0.0025700032711029053,True
8,236,1784808030.9987082,8,0.019491910934448242,0.0024364888668060303,True
8,237,1784808031.018593,8,0.019222736358642578,0.0024028420448303223,True
8,238,1784808031.038178,8,0.021428346633911133,0.0026785433292388916,True
8,239,1784808031.0600348,8,0.019270658493041992,0.002408832311630249,True
8,240,1784808031.0812526,8,0.018542051315307617,0.002317756414413452,True
8,241,1784808031.1003013,8,0.020298004150390625,0.002537250518798828,True
8,242,1784808031.1210136,8,0.01977682113647461,0.002472102642059326,True
8,243,1784808031.1412613,8,0.019325733184814453,0.0024157166481018066,True
8,244,1784808031.1610036,8,0.020774126052856445,0.0025967657566070557,True
8,245,1784808031.1821268,8,0.020498991012573242,0.0025623738765716553,True
8,246,1784808031.203142,8,0.02045583724975586,0.0025569796562194824,True
8,247,1784808031.2240129,8,0.018510103225708008,0.002313762903213501,True
8,248,1784808031.24295,8,0.02006363868713379,0.0025079548358917236,True
8,249,1784808031.263726,8,0.01834559440612793,0.002293199300765991,True
8,250,1784808031.2824092,8,0.020641803741455078,0.0025802254676818848,True
8,251,1784808031.3036327,8,0.02027440071105957,0.0025343000888824463,True
8,252,1784808031.3246253,8,0.018911123275756836,0.0023638904094696045,True
8,253,1784808031.3444133,8,0.02087569236755371,0.002609461545944214,True
8,254,1784808031.3658388,8,0.02175426483154297,0.002719283103942871,True
8,255,1784808031.3880897,8,0.02131962776184082,0.0026649534702301025,True
8,256,1784808031.4098094,8,0.019440889358520508,0.0024301111698150635,True
8,257,1784808031.4297054,8,0.020560026168823242,0.0025700032711029053,True
8,258,1784808031.450915,8,0.021105289459228516,0.0026381611824035645,True
8,259,1784808031.4729037,8,0.02170109748840332,0.002712637186050415,True
8,260,1784808031.495375,8,0.01920294761657715,0.0024003684520721436,True
8,261,1784808031.5149314,8,0.022188901901245117,0.0027736127376556396,True
8,262,1784808031.53745,8,0.019917726516723633,0.002489715814590454,True
8,263,1784808031.5588157,8,0.02060246467590332,0.002575308084487915,True
8,264,1784808031.5810869,8,0.020407915115356445,0.0025509893894195557,True
8,265,1784808031.6024456,8,0.02186107635498047,0.0027326345443725586,True
8,266,1784808031.625309,8,0.019616127014160156,0.0024520158767700195,True
8,267,1784808031.645329,8,0.02090620994567871,0.002613276243209839,True
8,268,1784808031.6666982,8,0.02074575424194336,0.00259321928024292,True
8,269,1784808031.6878195,8,0.020176172256469727,0.002522021532058716,True
8,270,1784808031.7084117,8,0.021470308303833008,0.002683788537979126,True
8,271,1784808031.7309184,8,0.02134251594543457,0.0026678144931793213,True
8,272,1784808031.752702,8,0.01952052116394043,0.0024400651454925537,True
8,273,1784808031.773129,8,0.021416902542114258,0.0026771128177642822,True
8,274,1784808031.7949455,8,0.02181100845336914,0.0027263760566711426,True
8,275,1784808031.817201,8,0.020150184631347656,0.002518773078918457,True
8,276,1784808031.8378592,8,0.019475221633911133,0.0024344027042388916,True
8,277,1784808031.8579059,8,0.020397186279296875,0.0025496482849121094,True
8,278,1784808031.8789768,8,0.020919084548950195,0.0026148855686187744,True
8,279,1784808031.900335,8,0.019899606704711914,0.0024874508380889893,True
8,280,1784808031.920653,8,0.01969766616821289,0.0024622082710266113,True
8,281,1784808031.9407299,8,0.018929243087768555,0.0023661553859710693,True
8,282,1784808031.9600177,8,0.01991748809814453,0.0024896860122680664,True
8,283,1784808031.9804544,8,0.020117759704589844,0.0025147199630737305,True
8,284,1784808032.0010033,8,0.019757986068725586,0.0024697482585906982,True
8,285,1784808032.021653,8,0.020766735076904297,0.002595841884613037,True
8,286,1784808032.043773,8,0.020967721939086914,0.0026209652423858643,True
8,287,1784808032.0651417,8,0.021744489669799805,0.0027180612087249756,True
8,288,1784808032.0877535,8,0.020864248275756836,0.0026080310344696045,True
8,289,1784808032.1091516,8,0.01922440528869629,0.002403050661087036,True
8,290,1784808032.1291835,8,0.021454572677612305,0.002681821584701538,True
8,291,1784808032.1511257,8,0.020734071731567383,0.002591758966445923,True
8,292,1784808032.173007,8,0.023326396942138672,0.002915799617767334,True
8,293,1784808032.1985226,8,0.01806497573852539,0.002258121967315674,True
8,294,1784808032.217953,8,0.021227598190307617,0.002653449773788452,True
8,295,1784808032.239936,8,0.020018577575683594,0.0025023221969604492,True
8,296,1784808032.2604344,8,0.021410465240478516,0.0026763081550598145,True
8,297,1784808032.2821898,8,0.02040719985961914,0.0025508999824523926,True
8,298,1784808032.3035262,8,0.0209653377532959,0.0026206672191619873,True
8,299,1784808032.3252304,8,0.02052927017211914,0.0025661587715148926,True
8,300,1784808032.3460996,8,0.02269721031188965,0.002837151288986206,True
8,301,1784808032.3691614,8,0.0195157527923584,0.0024394690990448,True
8,302,1784808032.3893108,8,0.01988530158996582,0.0024856626987457275,True
8,303,1784808032.4096508,8,0.021549224853515625,0.002693653106689453,True
8,304,1784808032.4320629,8,0.02142953872680664,0.00267869234085083,True
8,305,1784808032.4537942,8,0.02219843864440918,0.0027748048305511475,True
8,306,1784808032.4763339,8,0.01993727684020996,0.002492159605026245,True
8,307,1784808032.4974463,8,0.020113468170166016,0.002514183521270752,True
8,308,1784808032.5178711,8,0.019065380096435547,0.0023831725120544434,True
8,309,1784808032.5372877,8,0.019665956497192383,0.002458244562149048,True
8,310,1784808032.557591,8,0.01809978485107422,0.0022624731063842773,True
8,311,1784808032.5761294,8,0.02093338966369629,0.002616673707962036,True
8,312,1784808032.5974123,8,0.019331932067871094,0.0024164915084838867,True
8,313,1784808032.6172361,8,0.02081584930419922,0.0026019811630249023,True
8,314,1784808032.6384227,8,0.02169203758239746,0.0027115046977996826,True
8,315,1784808032.6610973,8,0.02055668830871582,0.0025695860385894775,True
8,316,1784808032.6823926,8,0.020954370498657227,0.0026192963123321533,True
8,317,1784808032.7037005,8,0.022517919540405273,0.002814739942550659,True
8,318,1784808032.7311416,8,0.01720714569091797,0.002150893211364746,True
8,319,1784808032.7487748,8,0.019486188888549805,0.0024357736110687256,True
8,320,1784808032.7689579,8,0.019399166107177734,0.002424895763397217,True
8,321,1784808032.7888212,8,0.020792722702026367,0.002599090337753296,True
8,322,1784808032.8103282,8,0.02253556251525879,0.0028169453144073486,True
8,323,1784808032.8333166,8,0.02017807960510254,0.0025222599506378174,True
8,324,1784808032.853912,8,0.0182647705078125,0.0022830963134765625,True
8,325,1784808032.8726337,8,0.020635128021240234,0.0025793910026550293,True
8,326,1784808032.8936388,8,0.021361827850341797,0.0026702284812927246,True
8,327,1784808032.9156904,8,0.019832849502563477,0.0024791061878204346,True
8,328,1784808032.935885,8,0.020258426666259766,0.0025323033332824707,True
8,329,1784808032.9567268,8,0.01964592933654785,0.0024557411670684814,True
8,330,1784808032.9767778,8,0.022000789642333984,0.002750098705291748,True
8,331,1784808032.9992132,8,0.020362377166748047,0.002545297145843506,True
8,332,1784808033.0199692,8,0.02094411849975586,0.0026180148124694824,True
8,333,1784808033.0423815,8,0.020631074905395508,0.0025788843631744385,True
8,334,1784808033.063358,8,0.021589994430541992,0.002698749303817749,True
8,335,1784808033.0853622,8,0.021031618118286133,0.0026289522647857666,True
8,336,1784808033.106845,8,0.01947021484375,0.00243377685546875,True
8,337,1784808033.1267111,8,0.019150495529174805,0.0023938119411468506,True
8,338,1784808033.146247,8,0.019763946533203125,0.0024704933166503906,True
8,339,1784808033.1666324,8,0.02116250991821289,0.0026453137397766113,True
8,340,1784808033.1882138,8,0.021380901336669922,0.0026726126670837402,True
8,341,1784808033.2102242,8,0.019937753677368164,0.0024922192096710205,True
8,342,1784808033.2306218,8,0.021605491638183594,0.0027006864547729492,True
8,343,1784808033.252698,8,0.02013707160949707,0.002517133951187134,True
8,344,1784808033.2734032,8,0.019947290420532227,0.0024934113025665283,True
8,345,1784808033.2937918,8,0.01895284652709961,0.002369105815887451,True
8,346,1784808033.313323,8,0.017588138580322266,0.002198517322540283,True
8,347,1784808033.3317702,8,0.01817798614501953,0.0022722482681274414,True
8,348,1784808033.350695,8,0.018601417541503906,0.0023251771926879883,True
8,349,1784808033.3702984,8,0.018435239791870117,0.0023044049739837646,True
8,350,1784808033.3893075,8,0.02054619789123535,0.002568274736404419,True
8,351,1784808033.4102485,8,0.01852130889892578,0.0023151636123657227,True
8,352,1784808033.4303267,8,0.01910090446472168,0.00238761305809021,True
8,353,1784808033.4501193,8,0.020540475845336914,0.0025675594806671143,True
8,354,1784808033.4713778,8,0.02052927017211914,0.0025661587715148926,True
8,355,1784808033.492793,8,0.019033432006835938,0.002379179000854492,True
8,356,1784808033.5122118,8,0.018351078033447266,0.002293884754180908,True
8,357,1784808033.5321088,8,0.018413543701171875,0.0023016929626464844,True
8,358,1784808033.551057,8,0.020611286163330078,0.0025764107704162598,True
8,359,1784808033.5722122,8,0.018650293350219727,0.002331286668777466,True
8,360,1784808033.5911994,8,0.02051234245300293,0.002564042806625366,True
8,361,1784808033.6121953,8,0.022068500518798828,0.0027585625648498535,True
8,362,1784808033.6346524,8,0.019986629486083984,0.002498328685760498,True
8,363,1784808033.6553457,8,0.020542621612548828,0.0025678277015686035,True
8,364,1784808033.677515,8,0.018888473510742188,0.0023610591888427734,True
8,365,1784808033.6972945,8,0.019321680068969727,0.002415210008621216,True
8,366,1784808033.717039,8,0.020869731903076172,0.0026087164878845215,True
8,367,1784808033.7383022,8,0.0203244686126709,0.0025405585765838623,True
8,368,1784808033.7589555,8,0.02146172523498535,0.002682715654373169,True
8,369,1784808033.7807953,8,0.02042365074157715,0.0025529563426971436,True
8,370,1784808033.8016295,8,0.02157115936279297,0.002696394920349121,True
8,371,1784808033.8237722,8,0.01984858512878418,0.0024810731410980225,True
8,372,1784808033.8444796,8,0.02318263053894043,0.0028978288173675537,True
8,373,1784808033.8684936,8,0.015070199966430664,0.001883774995803833,True
8,374,1784808033.8839622,8,0.02137017250061035,0.002671271562576294,True
8,375,1784808033.9068625,8,0.021254777908325195,0.0026568472385406494,True
8,376,1784808033.9284668,8,0.021271705627441406,0.0026589632034301758,True
8,377,1784808033.9507072,8,0.020141124725341797,0.0025176405906677246,True
8,378,1784808033.9714644,8,0.022765159606933594,0.0028456449508666992,True
8,379,1784808033.9951444,8,0.019550800323486328,0.002443850040435791,True
8,380,1784808034.015991,8,0.01935291290283203,0.002419114112854004,True
8,381,1784808034.0402226,8,0.01961207389831543,0.0024515092372894287,True
8,382,1784808034.0605588,8,0.022268056869506836,0.0027835071086883545,True
8,383,1784808034.083401,8,0.02039170265197754,0.0025489628314971924,True
8,384,1784808034.1061587,8,0.01935744285583496,0.00241968035697937,True
8,385,1784808034.1258552,8,0.020511150360107422,0.0025638937950134277,True
8,386,1784808034.1470501,8,0.019219160079956055,0.002402395009994507,True
8,387,1784808034.1670852,8,0.021122455596923828,0.0026403069496154785,True
8,388,1784808034.188912,8,0.019431114196777344,0.002428889274597168,True
8,389,1784808034.208927,8,0.02166295051574707,0.002707868814468384,True
8,390,1784808034.231042,8,0.019383907318115234,0.0024229884147644043,True
8,391,1784808034.2517734,8,0.021296977996826172,0.0026621222496032715,True
8,392,1784808034.2735481,8,0.02295517921447754,0.0028693974018096924,True
8,393,1784808034.2972035,8,0.019541263580322266,0.002442657947540283,True
8,394,1784808034.3173819,8,0.018761396408081055,0.002345174551010132,True
8,395,1784808034.3365667,8,0.019516468048095703,0.002439558506011963,True
8,396,1784808034.3564885,8,0.019443273544311523,0.0024304091930389404,True
8,397,1784808034.376241,8,0.019517183303833008,0.002439647912979126,True
8,398,1784808034.3966758,8,0.020180225372314453,0.0025225281715393066,True
8,399,1784808034.417482,8,0.01991558074951172,0.002489447593688965,True
8,400,1784808034.4388273,8,0.0203092098236084,0.00253865122795105,True
8,401,1784808034.459504,8,0.020269393920898438,0.0025336742401123047,True
8,402,1784808034.4801135,8,0.019865036010742188,0.0024831295013427734,True
8,403,1784808034.5006378,8,0.02044224739074707,0.002555280923843384,True
8,404,1784808034.5215783,8,0.019241809844970703,0.002405226230621338,True
8,405,1784808034.541298,8,0.020836353302001953,0.002604544162750244,True
8,406,1784808034.5624976,8,0.020786046981811523,0.0025982558727264404,True
8,407,1784808034.5836833,8,0.0189511775970459,0.0023688971996307373,True
8,408,1784808034.6033015,8,0.021612167358398438,0.0027015209197998047,True
8,409,1784808034.6253734,8,0.01978158950805664,0.00247269868850708,True
8,410,1784808034.645677,8,0.0202634334564209,0.0025329291820526123,True
8,411,1784808034.6666949,8,0.02170276641845703,0.002712845802307129,True
8,412,1784808034.689739,8,0.017792701721191406,0.0022240877151489258,True
8,413,1784808034.7082872,8,0.02113628387451172,0.002642035484313965,True
8,414,1784808034.7300456,8,0.021208524703979492,0.0026510655879974365,True
8,415,1784808034.7516053,8,0.021253585815429688,0.002656698226928711,True
8,416,1784808034.7735357,8,0.018873929977416992,0.002359241247177124,True
8,417,1784808034.7927728,8,0.02111339569091797,0.002639174461364746,True
8,418,1784808034.8142695,8,0.019783973693847656,0.002472996711730957,True
8,419,1784808034.8345537,8,0.0206296443939209,0.0025787055492401123,True
8,420,1784808034.855925,8,0.01874828338623047,0.0023435354232788086,True
8,421,1784808034.8768363,8,0.02086043357849121,0.0026075541973114014,True
8,422,1784808034.898462,8,0.01808786392211914,0.0022609829902648926,True
8,423,1784808034.917031,8,0.02142047882080078,0.0026775598526000977,True
8,424,1784808034.938832,8,0.0189211368560791,0.0023651421070098877,True
8,425,1784808034.958722,8,0.019338130950927734,0.002417266368865967,True
8,426,1784808034.9785016,8,0.022638559341430664,0.002829819917678833,True
8,427,1784808035.0015502,8,0.0210874080657959,0.0026359260082244873,True
8,428,1784808035.0234323,8,0.027025461196899414,0.0033781826496124268,True
8,429,1784808035.0517855,8,0.019589900970458984,0.002448737621307373,True
8,430,1784808035.0718808,8,0.019185781478881836,0.0023982226848602295,True
8,431,1784808035.0914767,8,0.0198361873626709,0.0024795234203338623,True
8,432,1784808035.1117365,8,0.020206689834594727,0.002525836229324341,True
8,433,1784808035.1326265,8,0.02013111114501953,0.0025163888931274414,True
8,434,1784808035.153228,8,0.01916956901550293,0.002396196126937866,True
8,435,1784808035.172992,8,0.01915287971496582,0.0023941099643707275,True
8,436,1784808035.1924803,8,0.02195119857788086,0.0027438998222351074,True
8,437,1784808035.2151883,8,0.020719051361083984,0.002589881420135498,True
8,438,1784808035.2362266,8,0.019208669662475586,0.0024010837078094482,True
8,439,1784808035.2565258,8,0.019662857055664062,0.002457857131958008,True
8,440,1784808035.2765527,8,0.019559144973754883,0.0024448931217193604,True
8,441,1784808035.296405,8,0.020604372024536133,0.0025755465030670166,True
8,442,1784808035.3175278,8,0.02179741859436035,0.002724677324295044,True
8,443,1784808035.342125,8,0.020458698272705078,0.0025573372840881348,True
8,444,1784808035.363456,8,0.018941164016723633,0.002367645502090454,True
8,445,1784808035.3830492,8,0.019041061401367188,0.0023801326751708984,True
8,446,1784808035.4027,8,0.02133631706237793,0.002667039632797241,True
8,447,1784808035.4244258,8,0.023041963577270508,0.0028802454471588135,True
8,448,1784808035.4484935,8,0.02047109603881836,0.002558887004852295,True
8,449,1784808035.469553,8,0.022788524627685547,0.0028485655784606934,True
8,450,1784808035.4929311,8,0.02013564109802246,0.0025169551372528076,True
8,451,1784808035.5134103,8,0.023162364959716797,0.0028952956199645996,True
8,452,1784808035.5399544,8,0.01778244972229004,0.002222806215286255,True
8,453,1784808035.55832,8,0.01967620849609375,0.0024595260620117188,True
8,454,1784808035.5787847,8,0.021730899810791016,0.002716362476348877,True
8,455,1784808035.601176,8,0.019842147827148438,0.0024802684783935547,True
8,456,1784808035.6219933,8,0.023645877838134766,0.0029557347297668457,True
8,457,1784808035.6461196,8,0.02085733413696289,0.0026071667671203613,True
8,458,1784808035.6675873,8,0.022174596786499023,0.002771824598312378,True
8,459,1784808035.6907027,8,0.017705440521240234,0.0022131800651550293,True
8,460,1784808035.7087586,8,0.021537303924560547,0.0026921629905700684,True
8,461,1784808035.730685,8,0.019871234893798828,0.0024839043617248535,True
8,462,1784808035.7511284,8,0.021245718002319336,0.002655714750289917,True
8,463,1784808035.7733405,8,0.02046513557434082,0.0025581419467926025,True
8,464,1784808035.7941873,8,0.017513275146484375,0.002189159393310547,True
8,465,1784808035.8121507,8,0.019982576370239258,0.0024978220462799072,True
8,466,1784808035.8326664,8,0.018898487091064453,0.0023623108863830566,True
8,467,1784808035.851923,8,0.022376298904418945,0.002797037363052368,True
8,468,1784808035.874962,8,0.018578767776489258,0.0023223459720611572,True
8,469,1784808035.8941734,8,0.019023656845092773,0.0023779571056365967,True
8,470,1784808035.9140007,8,0.02078843116760254,0.0025985538959503174,True
8,471,1784808035.9351325,8,0.022301912307739258,0.0027877390384674072,True
8,472,1784808035.9583547,8,0.019365787506103516,0.0024207234382629395,True
8,473,1784808035.978582,8,0.01961064338684082,0.0024513304233551025,True
8,474,1784808035.998794,8,0.01975560188293457,0.0024694502353668213,True
8,475,1784808036.0191636,8,0.020481586456298828,0.0025601983070373535,True
8,476,1784808036.039944,8,0.019368410110473633,0.002421051263809204,True
8,477,1784808036.0597913,8,0.020075559616088867,0.0025094449520111084,True
8,478,1784808036.0803921,8,0.0227658748626709,0.0028457343578338623,True
8,479,1784808036.1041024,8,0.019875764846801758,0.0024844706058502197,True
8,480,1784808036.1252558,8,0.019727706909179688,0.002465963363647461,True
8,481,1784808036.1455238,8,0.018594741821289062,0.002324342727661133,True
8,482,1784808036.1644254,8,0.022356033325195312,0.002794504165649414,True
8,483,1784808036.1871045,8,0.019998550415039062,0.002499818801879883,True
8,484,1784808036.207704,8,0.020252704620361328,0.002531588077545166,True
8,485,1784808036.2282794,8,0.02160787582397461,0.002700984477996826,True
8,486,1784808036.250516,8,0.021798372268676758,0.0027247965335845947,True
8,487,1784808036.2728972,8,0.01849508285522461,0.002311885356903076,True
8,488,1784808036.2918053,8,0.0202786922454834,0.002534836530685425,True
8,489,1784808036.3124537,8,0.02076578140258789,0.0025957226753234863,True
8,490,1784808036.333565,8,0.021471500396728516,0.0026839375495910645,True
8,491,1784808036.3557258,8,0.020994186401367188,0.0026242733001708984,True
8,492,1784808036.377229,8,0.020511388778686523,0.0025639235973358154,True
8,493,1784808036.3982337,8,0.01935601234436035,0.002419501543045044,True
8,494,1784808036.4181972,8,0.018794536590576172,0.0023493170738220215,True
8,495,1784808036.4378765,8,0.02129650115966797,0.002662062644958496,True
8,496,1784808036.4595416,8,0.02095651626586914,0.0026195645332336426,True
8,497,1784808036.480852,8,0.02067422866821289,0.0025842785835266113,True
8,498,1784808036.5020115,8,0.019620180130004883,0.0024525225162506104,True
8,499,1784808036.5221667,8,0.017739057540893555,0.0022173821926116943,True
8,500,1784808036.5402446,8,0.019546031951904297,0.002443253993988037,True
8,501,1784808036.5601227,8,0.019299030303955078,0.0024123787879943848,True
8,502,1784808036.579802,8,0.01981067657470703,0.002476334571838379,True
8,503,1784808036.6002622,8,0.021228551864624023,0.002653568983078003,True
8,504,1784808036.6220021,8,0.023088455200195312,0.002886056900024414,True
8,505,1784808036.6454864,8,0.020064353942871094,0.0025080442428588867,True
8,506,1784808036.666098,8,0.02005791664123535,0.002507239580154419,True
8,507,1784808036.6866245,8,0.021867036819458008,0.002733379602432251,True
8,508,1784808036.7089336,8,0.017656564712524414,0.0022070705890655518,True
8,509,1784808036.7300434,8,0.01682305335998535,0.002102881669998169,True
8,510,1784808036.7471495,8,0.02068471908569336,0.00258558988571167,True
8,511,1784808036.7683332,8,0.02075791358947754,0.0025947391986846924,True
8,512,1784808036.790131,8,0.021399736404418945,0.002674967050552368,True
8,513,1784808036.812189,8,0.019286394119262695,0.002410799264907837,True
8,514,1784808036.8327591,8,0.019350528717041016,0.002418816089630127,True
8,515,1784808036.8525522,8,0.019299030303955078,0.0024123787879943848,True
8,516,1784808036.8729374,8,0.019879817962646484,0.0024849772453308105,True
8,517,1784808036.8952954,8,0.022907257080078125,0.0028634071350097656,True
8,518,1784808036.9188666,8,0.018829822540283203,0.0023537278175354004,True
8,519,1784808036.9389067,8,0.023899078369140625,0.002987384796142578,True
8,520,1784808036.9638286,8,0.019901752471923828,0.0024877190589904785,True
8,521,1784808036.9840991,8,0.019383668899536133,0.0024229586124420166,True
8,522,1784808037.0038245,8,0.020635366439819336,0.002579420804977417,True
8,523,1784808037.0251052,8,0.020752906799316406,0.0025941133499145508,True
8,524,1784808037.0462062,8,0.019123315811157227,0.0023904144763946533,True
8,525,1784808037.0663455,8,0.019561767578125,0.002445220947265625,True
8,526,1784808037.0863574,8,0.021010875701904297,0.002626359462738037,True
8,527,1784808037.1077466,8,0.022051572799682617,0.002756446599960327,True
8,528,1784808037.1302173,8,0.020242691040039062,0.002530336380004883,True
8,529,1784808037.1512434,8,0.019745588302612305,0.002468198537826538,True
8,530,1784808037.1714594,8,0.0207369327545166,0.002592116594314575,True
8,531,1784808037.19254,8,0.019762754440307617,0.002470344305038452,True
8,532,1784808037.2132854,8,0.021814823150634766,0.0027268528938293457,True
8,533,1784808037.2357066,8,0.020653724670410156,0.0025817155838012695,True
8,534,1784808037.2571669,8,0.020957469940185547,0.0026196837425231934,True
8,535,1784808037.280164,8,0.017353057861328125,0.0021691322326660156,True
8,536,1784808037.2981768,8,0.01988983154296875,0.0024862289428710938,True
8,537,1784808037.3184192,8,0.02059030532836914,0.0025737881660461426,True
8,538,1784808037.3396778,8,0.019059419631958008,0.002382427453994751,True
8,539,1784808037.3591309,8,0.0198671817779541,0.0024833977222442627,True
8,540,1784808037.3794267,8,0.02092742919921875,0.0026159286499023438,True
8,541,1784808037.4009604,8,0.02018427848815918,0.0025230348110198975,True
8,542,1784808037.4215677,8,0.02219700813293457,0.0027746260166168213,True
8,543,1784808037.4444842,8,0.020651817321777344,0.002581477165222168,True
8,544,1784808037.4656904,8,0.02043604850769043,0.0025545060634613037,True
8,545,1784808037.488499,8,0.022590160369873047,0.002823770046234131,True
8,546,1784808037.5116746,8,0.019618988037109375,0.002452373504638672,True
8,547,1784808037.5316482,8,0.02075362205505371,0.002594202756881714,True
8,548,1784808037.5527847,8,0.0202791690826416,0.0025348961353302,True
8,549,1784808037.5737207,8,0.020488500595092773,0.0025610625743865967,True
8,550,1784808037.5945904,8,0.020168304443359375,0.002521038055419922,True
8,551,1784808037.6154397,8,0.020689725875854492,0.0025862157344818115,True
8,552,1784808037.636787,8,0.020048856735229492,0.0025061070919036865,True
8,553,1784808037.6577306,8,0.02091050148010254,0.0026138126850128174,True
8,554,1784808037.6803524,8,0.019428730010986328,0.002428591251373291,True
8,555,1784808037.7004833,8,0.019437313079833984,0.002429664134979248,True
8,556,1784808037.7205815,8,0.023349285125732422,0.0029186606407165527,True
8,557,1784808037.7449942,8,0.01961207389831543,0.0024515092372894287,True
8,558,1784808037.7650716,8,0.020531177520751953,0.002566397190093994,True
8,559,1784808037.786017,8,0.019811630249023438,0.0024764537811279297,True
8,560,1784808037.806205,8,0.021051645278930664,0.002631455659866333,True
8,561,1784808037.8278794,8,0.019083499908447266,0.002385437488555908,True
8,562,1784808037.8490796,8,0.018189668655395508,0.0022737085819244385,True
8,563,1784808037.8682575,8,0.020447731018066406,0.0025559663772583008,True
8,564,1784808037.889057,8,0.021187782287597656,0.002648472785949707,True
8,565,1784808037.9106207,8,0.0201876163482666,0.002523452043533325,True
8,566,1784808037.9321983,8,0.018261194229125977,0.002282649278640747,True
8,567,1784808037.9509811,8,0.021015644073486328,0.002626955509185791,True
8,568,1784808037.9725583,8,0.02194523811340332,0.002743154764175415,True
8,569,1784808037.9951541,8,0.021852493286132812,0.0027315616607666016,True
8,570,1784808038.017413,8,0.018944978713989258,0.0023681223392486572,True
8,571,1784808038.0368433,8,0.024033308029174805,0.0030041635036468506,True
8,572,1784808038.0612867,8,0.018820762634277344,0.002352595329284668,True
8,573,1784808038.0805354,8,0.02095794677734375,0.0026197433471679688,True
8,574,1784808038.1034987,8,0.020994186401367188,0.0026242733001708984,True
8,575,1784808038.1258569,8,0.02132892608642578,0.0026661157608032227,True
8,576,1784808038.1480558,8,0.020696401596069336,0.002587050199508667,True
8,577,1784808038.1695988,8,0.019498348236083984,0.002437293529510498,True
8,578,1784808038.1895895,8,0.020158052444458008,0.002519756555557251,True
8,579,1784808038.210113,8,0.021030664443969727,0.002628833055496216,True
8,580,1784808038.2321699,8,0.019568443298339844,0.0024460554122924805,True
8,581,1784808038.2522776,8,0.01977705955505371,0.002472132444381714,True
8,582,1784808038.272648,8,0.01994037628173828,0.002492547035217285,True
8,583,1784808038.293879,8,0.019332170486450195,0.0024165213108062744,True
8,584,1784808038.3141043,8,0.021097183227539062,0.002637147903442383,True
8,585,1784808038.3360524,8,0.02056741714477539,0.002570927143096924,True
8,586,1784808038.3571053,8,0.019005298614501953,0.002375662326812744,True
8,587,1784808038.3765206,8,0.02116847038269043,0.0026460587978363037,True
8,588,1784808038.3983335,8,0.02225518226623535,0.002781897783279419,True
8,589,1784808038.4213407,8,0.02101302146911621,0.0026266276836395264,True
8,590,1784808038.4427376,8,0.020110368728637695,0.002513796091079712,True
8,591,1784808038.463165,8,0.019474506378173828,0.0024343132972717285,True
8,592,1784808038.4829502,8,0.02067875862121582,0.0025848448276519775,True
8,593,1784808038.5039725,8,0.0196683406829834,0.002458542585372925,True
8,594,1784808038.524078,8,0.02047562599182129,0.002559453248977661,True
8,595,1784808038.5448625,8,0.020856857299804688,0.002607107162475586,True
8,596,1784808038.5663347,8,0.0199429988861084,0.00249287486076355,True
8,597,1784808038.5868647,8,0.021452903747558594,0.0026816129684448242,True
8,598,1784808038.609462,8,0.02072906494140625,0.0025911331176757812,True
8,599,1784808038.6306632,8,0.019919157028198242,0.0024898946285247803,True
8,600,1784808038.6519766,8,0.022080421447753906,0.0027600526809692383,True
8,601,1784808038.6746645,8,0.01948237419128418,0.0024352967739105225,True
8,602,1784808038.6951516,8,0.02220439910888672,0.00277554988861084,True
8,603,1784808038.7182598,8,0.01949334144592285,0.0024366676807403564,True
8,604,1784808038.739386,8,0.019522905349731445,0.0024403631687164307,True
8,605,1784808038.759718,8,0.019677400588989258,0.0024596750736236572,True
8,606,1784808038.7800791,8,0.019743919372558594,0.0024679899215698242,True
8,607,1784808038.800365,8,0.02101874351501465,0.002627342939376831,True
8,608,1784808038.821788,8,0.020051956176757812,0.0025064945220947266,True
8,609,1784808038.8422382,8,0.02046823501586914,0.0025585293769836426,True
8,610,1784808038.863192,8,0.019359111785888672,0.002419888973236084,True
8,611,1784808038.8833468,8,0.018967390060424805,0.0023709237575531006,True
8,612,1784808038.9029179,8,0.020776033401489258,0.0025970041751861572,True
8,613,1784808038.9251053,8,0.019992589950561523,0.0024990737438201904,True
8,614,1784808038.945482,8,0.019129514694213867,0.0023911893367767334,True
8,615,1784808038.9657319,8,0.017927885055541992,0.002240985631942749,True
8,616,1784808038.984097,8,0.021075963973999023,0.002634495496749878,True
8,617,1784808039.0058963,8,0.019460678100585938,0.002432584762573242,True
8,618,1784808039.0259004,8,0.019504547119140625,0.002438068389892578,True
8,619,1784808039.0467253,8,0.018009424209594727,0.002251178026199341,True
8,620,1784808039.0655515,8,0.022977828979492188,0.0028722286224365234,True
8,621,1784808039.0890942,8,0.01952648162841797,0.002440810203552246,True
8,622,1784808039.109003,8,0.020770788192749023,0.002596348524093628,True
8,623,1784808039.1304119,8,0.018238067626953125,0.0022797584533691406,True
8,624,1784808039.148937,8,0.020817995071411133,0.0026022493839263916,True
8,625,1784808039.1701863,8,0.019965171813964844,0.0024956464767456055,True
8,626,1784808039.1911094,8,0.020441055297851562,0.0025551319122314453,True
8,627,1784808039.212391,8,0.017848491668701172,0.0022310614585876465,True
8,628,1784808039.2307107,8,0.022223472595214844,0.0027779340744018555,True
8,629,1784808039.2537246,8,0.023324966430664062,0.002915620803833008,True
8,630,1784808039.2774723,8,0.021382808685302734,0.002672851085662842,True
8,631,1784808039.299308,8,0.01889348030090332,0.002361685037612915,True
8,632,1784808039.318648,8,0.021723270416259766,0.0027154088020324707,True
8,633,1784808039.340671,8,0.021050453186035156,0.0026313066482543945,True
8,634,1784808039.363172,8,0.019892454147338867,0.0024865567684173584,True
8,635,1784808039.384088,8,0.02150130271911621,0.0026876628398895264,True
8,636,1784808039.4061596,8,0.02001476287841797,0.002501845359802246,True
8,637,1784808039.4265623,8,0.020243167877197266,0.002530395984649658,True
8,638,1784808039.4473782,8,0.020514488220214844,0.0025643110275268555,True
8,639,1784808039.468487,8,0.021992921829223633,0.002749115228652954,True
8,640,1784808039.4917228,8,0.018562793731689453,0.0023203492164611816,True
8,641,1784808039.5108352,8,0.0216672420501709,0.0027084052562713623,True
8,642,1784808039.532936,8,0.02234506607055664,0.00279313325881958,True
8,643,1784808039.555778,8,0.021638870239257812,0.0027048587799072266,True
8,644,1784808039.5778127,8,0.022168874740600586,0.0027711093425750732,True
8,645,1784808039.6007402,8,0.021851301193237305,0.002731412649154663,True
8,646,1784808039.6230743,8,0.02107548713684082,0.0026344358921051025,True
8,647,1784808039.6450963,8,0.02015089988708496,0.00251886248588562,True
8,648,1784808039.6656725,8,0.020881175994873047,0.002610146999359131,True
8,649,1784808039.6872087,8,0.02215290069580078,0.0027691125869750977,True
8,650,1784808039.71001,8,0.020570755004882812,0.0025713443756103516,True
8,651,1784808039.7310545,8,0.020238161087036133,0.0025297701358795166,True
8,652,1784808039.7522166,8,0.02119159698486328,0.00264894962310791,True
8,653,1784808039.773812,8,0.020223140716552734,0.002527892589569092,True
8,654,1784808039.795505,8,0.023054838180541992,0.002881854772567749,True
8,655,1784808039.8191702,8,0.01926398277282715,0.0024079978466033936,True
8,656,1784808039.8388095,8,0.019176006317138672,0.002397000789642334,True
8,657,1784808039.8587127,8,0.021938800811767578,0.0027423501014709473,True
8,658,1784808039.8813024,8,0.020869016647338867,0.0026086270809173584,True
8,659,1784808039.9026527,8,0.019758939743041992,0.002469867467880249,True
8,660,1784808039.922904,8,0.01916790008544922,0.0023959875106811523,True
8,661,1784808039.9425137,8,0.02058577537536621,0.0025732219219207764,True
8,662,1784808039.963576,8,0.022824764251708984,0.002853095531463623,True
8,663,1784808039.9870641,8,0.020146608352661133,0.0025183260440826416,True
8,664,1784808040.0075786,8,0.01938176155090332,0.002422720193862915,True
8,665,1784808040.027531,8,0.02123427391052246,0.0026542842388153076,True
8,666,1784808040.0512552,8,0.019490480422973633,0.002436310052871704,True
8,667,1784808040.0711346,8,0.02116847038269043,0.0026460587978363037,True
8,668,1784808040.0931811,8,0.021405935287475586,0.0026757419109344482,True
8,669,1784808040.114926,8,0.02197265625,0.00274658203125,True
8,670,1784808040.1377778,8,0.02095317840576172,0.002619147300720215,True
8,671,1784808040.1591418,8,0.01824784278869629,0.002280980348587036,True
8,672,1784808040.1778235,8,0.020936250686645508,0.0026170313358306885,True
8,673,1784808040.2010744,8,0.02064347267150879,0.0025804340839385986,True
8,674,1784808040.2223196,8,0.02042698860168457,0.0025533735752105713,True
8,675,1784808040.2434866,8,0.020531892776489258,0.0025664865970611572,True
8,676,1784808040.2643847,8,0.019934415817260742,0.0024918019771575928,True
8,677,1784808040.284675,8,0.02201366424560547,0.0027517080307006836,True
8,678,1784808040.3071072,8,0.018880605697631836,0.0023600757122039795,True
8,679,1784808040.3265152,8,0.01865839958190918,0.0023322999477386475,True
8,680,1784808040.3456259,8,0.021972179412841797,0.0027465224266052246,True
8,681,1784808040.3679988,8,0.019651174545288086,0.0024563968181610107,True
8,682,1784808040.3890865,8,0.023066282272338867,0.0028832852840423584,True
8,683,1784808040.4137268,8,0.018889904022216797,0.0023612380027770996,True
8,684,1784808040.4329343,8,0.020574569702148438,0.0025718212127685547,True
8,685,1784808040.4539325,8,0.019980192184448242,0.0024975240230560303,True
8,686,1784808040.4747553,8,0.018413066864013672,0.002301633358001709,True
8,687,1784808040.4938703,8,0.02012777328491211,0.0025159716606140137,True
8,688,1784808040.514673,8,0.01884150505065918,0.0023551881313323975,True
8,689,1784808040.5347579,8,0.020757436752319336,0.002594679594039917,True
8,690,1784808040.5564091,8,0.020531415939331055,0.002566426992416382,True
8,691,1784808040.57736,8,0.01999497413635254,0.0024993717670440674,True
8,692,1784808040.5977294,8,0.02068805694580078,0.0025860071182250977,True
8,693,1784808040.6188543,8,0.021106719970703125,0.0026383399963378906,True
8,694,1784808040.64073,8,0.019969701766967773,0.0024962127208709717,True
8,695,1784808040.6611123,8,0.0213472843170166,0.002668410539627075,True
8,696,1784808040.6832097,8,0.02010178565979004,0.002512723207473755,True
8,697,1784808040.7045534,8,0.02036762237548828,0.002545952796936035,True
8,698,1784808040.7253804,8,0.020804166793823242,0.0026005208492279053,True
8,699,1784808040.7468412,8,0.02050018310546875,0.0025625228881835938,True
8,700,1784808040.7681868,8,0.020287275314331055,0.002535909414291382,True
8,701,1784808040.7892153,8,0.018764019012451172,0.0023455023765563965,True
8,702,1784808040.8093302,8,0.021364450454711914,0.0026705563068389893,True
8,703,1784808040.831321,8,0.019291162490844727,0.002411395311355591,True
8,704,1784808040.8513618,8,0.018867969512939453,0.0023584961891174316,True
8,705,1784808040.870898,8,0.02099609375,0.00262451171875,True
8,706,1784808040.8926864,8,0.022114992141723633,0.002764374017715454,True
8,707,1784808040.9153306,8,0.018718719482421875,0.0023398399353027344,True
8,708,1784808040.9347198,8,0.02124953269958496,0.00265619158744812,True
8,709,1784808040.9566693,8,0.021113872528076172,0.0026392340660095215,True
8,710,1784808040.9781945,8,0.020633459091186523,0.0025791823863983154,True
8,711,1784808040.9993389,8,0.01973891258239746,0.0024673640727996826,True
8,712,1784808041.01949,8,0.02237224578857422,0.0027965307235717773,True
8,713,1784808041.0423386,8,0.020360946655273438,0.0025451183319091797,True
8,714,1784808041.063293,8,0.018990278244018555,0.0023737847805023193,True
8,715,1784808041.0831263,8,0.02024388313293457,0.0025304853916168213,True
8,716,1784808041.103713,8,0.021575927734375,0.002696990966796875,True
8,717,1784808041.1271107,8,0.020771265029907227,0.0025964081287384033,True
8,718,1784808041.1482174,8,0.020069360733032227,0.0025086700916290283,True
8,719,1784808041.1686363,8,0.02127814292907715,0.0026597678661346436,True
8,720,1784808041.1903014,8,0.020436763763427734,0.002554595470428467,True
8,721,1784808041.2122872,8,0.019531726837158203,0.0024414658546447754,True
8,722,1784808041.2323055,8,0.020123004913330078,0.0025153756141662598,True
8,723,1784808041.2530036,8,0.021175146102905273,0.002646893262863159,True
8,724,1784808041.2745485,8,0.01811051368713379,0.0022638142108917236,True
8,725,1784808041.293076,8,0.021563053131103516,0.0026953816413879395,True
8,726,1784808041.3150115,8,0.01966261863708496,0.00245782732963562,True
8,727,1784808041.3351862,8,0.02170419692993164,0.002713024616241455,True
8,728,1784808041.3573198,8,0.021180152893066406,0.0026475191116333008,True
8,729,1784808041.3791623,8,0.019762277603149414,0.0024702847003936768,True
8,730,1784808041.3996036,8,0.01995992660522461,0.002494990825653076,True
8,731,1784808041.4207323,8,0.020906686782836914,0.0026133358478546143,True
8,732,1784808041.441948,8,0.02113509178161621,0.0026418864727020264,True
8,733,1784808041.4637399,8,0.020389556884765625,0.002548694610595703,True
8,734,1784808041.484625,8,0.01927804946899414,0.0024097561836242676,True
8,735,1784808041.504192,8,0.020824432373046875,0.0026030540466308594,True
8,736,1784808041.5259228,8,0.020607709884643555,0.0025759637355804443,True
8,737,1784808041.546982,8,0.0199582576751709,0.0024947822093963623,True
8,738,1784808041.5672944,8,0.023239850997924805,0.0029049813747406006,True
8,739,1784808041.5908363,8,0.019880294799804688,0.002485036849975586,True
8,740,1784808041.6111126,8,0.018771648406982422,0.0023464560508728027,True
8,741,1784808041.6303113,8,0.02020096778869629,0.002525120973587036,True
8,742,1784808041.6509442,8,0.02111649513244629,0.002639561891555786,True
8,743,1784808041.6723368,8,0.019376516342163086,0.0024220645427703857,True
8,744,1784808041.6920366,8,0.02049708366394043,0.0025621354579925537,True
8,745,1784808041.7128613,8,0.020316362380981445,0.0025395452976226807,True
8,746,1784808041.7336013,8,0.019339323043823242,0.0024174153804779053,True
8,747,1784808041.7532969,8,0.02148604393005371,0.002685755491256714,True
8,748,1784808041.7750814,8,0.019039154052734375,0.002379894256591797,True
8,749,1784808041.7947514,8,0.019743919372558594,0.0024679899215698242,True
8,750,1784808041.814955,8,0.0215146541595459,0.0026893317699432373,True
8,751,1784808041.8375294,8,0.019149065017700195,0.0023936331272125244,True
8,752,1784808041.8569868,8,0.01954364776611328,0.00244295597076416,True
8,753,1784808041.8770142,8,0.021306276321411133,0.0026632845401763916,True
8,754,1784808041.8994806,8,0.01937127113342285,0.0024214088916778564,True
8,755,1784808041.9196131,8,0.02018594741821289,0.0025232434272766113,True
8,756,1784808041.940192,8,0.019074201583862305,0.002384275197982788,True
8,757,1784808041.960005,8,0.020779132843017578,0.0025973916053771973,True
8,758,1784808041.9812896,8,0.019808053970336914,0.0024760067462921143,True
8,759,1784808042.002302,8,0.020693063735961914,0.0025866329669952393,True
8,760,1784808042.0236375,8,0.020552635192871094,0.0025690793991088867,True
8,761,1784808042.0457242,8,0.020423173904418945,0.002552896738052368,True
8,762,1784808042.0665357,8,0.019847869873046875,0.0024809837341308594,True
8,763,1784808042.0868912,8,0.023630380630493164,0.0029537975788116455,True
8,764,1784808042.1109183,8,0.021448135375976562,0.0026810169219970703,True
8,765,1784808042.1329653,8,0.020644187927246094,0.0025805234909057617,True
8,766,1784808042.1557446,8,0.020676136016845703,0.002584517002105713,True
8,767,1784808042.1768572,8,0.01926589012145996,0.002408236265182495,True
8,768,1784808042.1964965,8,0.02008819580078125,0.0025110244750976562,True
8,769,1784808042.2169907,8,0.018848419189453125,0.0023560523986816406,True
8,770,1784808042.2364705,8,0.019989967346191406,0.0024987459182739258,True
8,771,1784808042.2569213,8,0.020931482315063477,0.0026164352893829346,True
8,772,1784808042.2791111,8,0.018886089324951172,0.0023607611656188965,True
8,773,1784808042.298335,8,0.020151853561401367,0.002518981695175171,True
8,774,1784808042.3191798,8,0.01994800567626953,0.0024935007095336914,True
8,775,1784808042.3394823,8,0.021318674087524414,0.0026648342609405518,True
8,776,1784808042.3611753,8,0.020327091217041016,0.002540886402130127,True
8,777,1784808042.3820374,8,0.020409345626831055,0.002551168203353882,True
8,778,1784808042.4044476,8,0.01897406578063965,0.002371758222579956,True
8,779,1784808042.4238546,8,0.021958112716674805,0.0027447640895843506,True
8,780,1784808042.446236,8,0.02037501335144043,0.0025468766689300537,True
8,781,1784808042.46729,8,0.021497488021850586,0.0026871860027313232,True
8,782,1784808042.4902148,8,0.01983642578125,0.00247955322265625,True
8,783,1784808042.5112965,8,0.019088029861450195,0.0023860037326812744,True
8,784,1784808042.5308712,8,0.0210113525390625,0.0026264190673828125,True
8,785,1784808042.552263,8,0.019220829010009766,0.0024026036262512207,True
8,786,1784808042.5719056,8,0.020404815673828125,0.0025506019592285156,True
8,787,1784808042.5927281,8,0.02120494842529297,0.002650618553161621,True
8,788,1784808042.6145191,8,0.020153284072875977,0.002519160509109497,True
8,789,1784808042.6351564,8,0.020099401473999023,0.002512425184249878,True
8,790,1784808042.6557443,8,0.019893884658813477,0.0024867355823516846,True
8,791,1784808042.675981,8,0.02030014991760254,0.0025375187397003174,True
8,792,1784808042.6966321,8,0.021054744720458984,0.002631843090057373,True
8,793,1784808042.718353,8,0.018919706344604492,0.0023649632930755615,True
8,794,1784808042.7376068,8,0.022240877151489258,0.0027801096439361572,True
8,795,1784808042.7603304,8,0.019115686416625977,0.002389460802078247,True
8,796,1784808042.7798615,8,0.02075934410095215,0.0025949180126190186,True
8,797,1784808042.800872,8,0.020746231079101562,0.0025932788848876953,True
8,798,1784808042.8224592,8,0.019344329833984375,0.002418041229248047,True
8,799,1784808042.842305,8,0.018450021743774414,0.0023062527179718018,True
8,800,1784808042.8610582,8,0.019514083862304688,0.002439260482788086,True
8,801,1784808042.8808665,8,0.020488500595092773,0.0025610625743865967,True
8,802,1784808042.9018586,8,0.020061969757080078,0.0025077462196350098,True
8,803,1784808042.9225426,8,0.019989967346191406,0.0024987459182739258,True
8,804,1784808042.9429617,8,0.019938945770263672,0.002492368221282959,True
8,805,1784808042.963558,8,0.020779848098754883,0.0025974810123443604,True
8,806,1784808042.985179,8,0.02227497100830078,0.0027843713760375977,True
8,807,1784808043.0083935,8,0.020902395248413086,0.0026127994060516357,True
8,808,1784808043.0298095,8,0.021346092224121094,0.0026682615280151367,True
8,809,1784808043.0515885,8,0.019110679626464844,0.0023888349533081055,True
8,810,1784808043.0712988,8,0.021165132522583008,0.002645641565322876,True
8,811,1784808043.0929327,8,0.020601272583007812,0.0025751590728759766,True
8,812,1784808043.1142783,8,0.01860356330871582,0.0023254454135894775,True
8,813,1784808043.1335897,8,0.01872849464416504,0.00234106183052063,True
8,814,1784808043.152824,8,0.021392822265625,0.002674102783203125,True
8,815,1784808043.175356,8,0.02060246467590332,0.002575308084487915,True
8,816,1784808043.1968737,8,0.021047592163085938,0.002630949020385742,True
8,817,1784808043.2184696,8,0.02082681655883789,0.0026033520698547363,True
8,818,1784808043.2399175,8,0.019580364227294922,0.0024475455284118652,True
8,819,1784808043.2600393,8,0.021030187606811523,0.0026287734508514404,True
8,820,1784808043.2823234,8,0.018906354904174805,0.0023632943630218506,True
8,821,1784808043.301554,8,0.019206762313842773,0.0024008452892303467,True
8,822,1784808043.3214052,8,0.02153301239013672,0.00269162654876709,True
8,823,1784808043.3435116,8,0.014397621154785156,0.0017997026443481445,True
8,824,1784808043.3583426,8,0.020447969436645508,0.0025559961795806885,True
8,825,1784808043.379185,8,0.02112746238708496,0.00264093279838562,True
8,826,1784808043.4007344,8,0.019755125045776367,0.002469390630722046,True
8,827,1784808043.4207587,8,0.020468473434448242,0.0025585591793060303,True
8,828,1784808043.4415538,8,0.02039170265197754,0.0025489628314971924,True
8,829,1784808043.462556,8,0.018739700317382812,0.0023424625396728516,True
8,830,1784808043.481617,8,0.019609689712524414,0.0024512112140655518,True
8,831,1784808043.5015666,8,0.01879143714904785,0.0023489296436309814,True
8,832,1784808043.5210524,8,0.022426366806030273,0.002803295850753784,True
8,833,1784808043.5437655,8,0.019443511962890625,0.002430438995361328,True
8,834,1784808043.5635276,8,0.02179574966430664,0.00272446870803833,True
8,835,1784808043.5857205,8,0.02145242691040039,0.002681553363800049,True
8,836,1784808043.6076736,8,0.020146608352661133,0.0025183260440826416,True
8,837,1784808043.6282337,8,0.019777297973632812,0.0024721622467041016,True
8,838,1784808043.6485648,8,0.021771907806396484,0.0027214884757995605,True
8,839,1784808043.670873,8,0.01859450340270996,0.002324312925338745,True
8,840,1784808043.6898327,8,0.01970648765563965,0.002463310956954956,True
8,841,1784808043.709953,8,0.0196840763092041,0.0024605095386505127,True
8,842,1784808043.7299533,8,0.02010965347290039,0.002513706684112549,True
8,843,1784808043.7504923,8,0.020548343658447266,0.002568542957305908,True
8,844,1784808043.771951,8,0.020124197006225586,0.0025155246257781982,True
8,845,1784808043.7924862,8,0.02106499671936035,0.002633124589920044,True
8,846,1784808043.8139744,8,0.01964092254638672,0.00245511531829834,True
8,847,1784808043.8341956,8,0.02196478843688965,0.002745598554611206,True
8,848,1784808043.856713,8,0.020303010940551758,0.0025378763675689697,True
8,849,1784808043.8779674,8,0.019421100616455078,0.0024276375770568848,True
8,850,1784808043.8978221,8,0.02037978172302246,0.0025474727153778076,True
8,851,1784808043.9191973,8,0.01854848861694336,0.00231856107711792,True
8,852,1784808043.9381685,8,0.021289587020874023,0.002661198377609253,True
8,853,1784808043.9601038,8,0.018044710159301758,0.0022555887699127197,True
8,854,1784808043.978454,8,0.018663406372070312,0.002332925796508789,True
8,855,1784808043.9976096,8,0.02257823944091797,0.002822279930114746,True
8,856,1784808044.0221133,8,0.01985645294189453,0.0024820566177368164,True
8,857,1784808044.0424492,8,0.020702123641967773,0.0025877654552459717,True
8,858,1784808044.0635402,8,0.01912069320678711,0.0023900866508483887,True
8,859,1784808044.0829685,8,0.019598722457885742,0.0024498403072357178,True
8,860,1784808044.1029315,8,0.021340131759643555,0.0026675164699554443,True
8,861,1784808044.1248338,8,0.020373821258544922,0.0025467276573181152,True
8,862,1784808044.1465375,8,0.019974231719970703,0.002496778964996338,True
8,863,1784808044.1669798,8,0.021645069122314453,0.0027056336402893066,True
8,864,1784808044.1890678,8,0.023336172103881836,0.0029170215129852295,True
8,865,1784808044.2130053,8,0.019130706787109375,0.002391338348388672,True
8,866,1784808044.2329206,8,0.020353317260742188,0.0025441646575927734,True
8,867,1784808044.2537057,8,0.02162766456604004,0.002703458070755005,True
8,868,1784808044.2761095,8,0.019971132278442383,0.002496391534805298,True
8,869,1784808044.2965784,8,0.019965171813964844,0.0024956464767456055,True
8,870,1784808044.3178248,8,0.02111220359802246,0.0026390254497528076,True
8,871,1784808044.3393366,8,0.020507097244262695,0.002563387155532837,True
8,872,1784808044.3601618,8,0.02033853530883789,0.0025423169136047363,True
8,873,1784808044.3811007,8,0.022158384323120117,0.0027697980403900146,True
8,874,1784808044.404245,8,0.020079851150512695,0.002509981393814087,True
8,875,1784808044.424837,8,0.019901752471923828,0.0024877190589904785,True
8,876,1784808044.4451935,8,0.021811485290527344,0.002726435661315918,True
8,877,1784808044.4676142,8,0.020934343338012695,0.002616792917251587,True
8,878,1784808044.4893906,8,0.01926875114440918,0.0024085938930511475,True
8,879,1784808044.5099494,8,0.02327704429626465,0.002909630537033081,True
8,880,1784808044.5335906,8,0.019045352935791016,0.002380669116973877,True
8,881,1784808044.552927,8,0.022405385971069336,0.002800673246383667,True
8,882,1784808044.5756702,8,0.022884130477905273,0.002860516309738159,True
8,883,1784808044.5989249,8,0.019925832748413086,0.0024907290935516357,True
8,884,1784808044.619352,8,0.019521474838256836,0.0024401843547821045,True
8,885,1784808044.6396031,8,0.021745920181274414,0.0027182400226593018,True
8,886,1784808044.6616476,8,0.0188295841217041,0.0023536980152130127,True
8,887,1784808044.6807964,8,0.0193331241607666,0.002416640520095825,True
8,888,1784808044.7007792,8,0.020933151245117188,0.0026166439056396484,True
8,889,1784808044.7220404,8,0.02029705047607422,0.0025371313095092773,True
8,890,1784808044.7426138,8,0.018775463104248047,0.002346932888031006,True
8,891,1784808044.762273,8,0.02048635482788086,0.0025607943534851074,True
8,892,1784808044.7832656,8,0.01963520050048828,0.002454400062561035,True
8,893,1784808044.8032923,8,0.0195157527923584,0.0024394690990448,True
8,894,1784808044.8230674,8,0.023238182067871094,0.0029047727584838867,True
8,895,1784808044.847135,8,0.01914072036743164,0.002392590045928955,True
8,896,1784808044.8680048,8,0.02060985565185547,0.0025762319564819336,True
8,897,1784808044.8895807,8,0.021540164947509766,0.0026925206184387207,True
8,898,1784808044.9127219,8,0.021422624588012695,0.002677828073501587,True
8,899,1784808044.9349082,8,0.018274307250976562,0.0022842884063720703,True
8,900,1784808044.9536922,8,0.023502826690673828,0.0029378533363342285,True
8,901,1784808044.97783,8,0.020134449005126953,0.002516806125640869,True
8,902,1784808044.9984043,8,0.020554780960083008,0.002569347620010376,True
8,903,1784808045.0194855,8,0.019060373306274414,0.0023825466632843018,True
8,904,1784808045.0390718,8,0.020915508270263672,0.002614438533782959,True
8,905,1784808045.060719,8,0.018602848052978516,0.0023253560066223145,True
8,906,1784808045.079797,8,0.020749330520629883,0.0025936663150787354,True
8,907,1784808045.1009078,8,0.01882004737854004,0.002352505922317505,True
8,908,1784808045.1204844,8,0.019053220748901367,0.002381652593612671,True
8,909,1784808045.1398418,8,0.020833730697631836,0.0026042163372039795,True
8,910,1784808045.1610718,8,0.0200803279876709,0.0025100409984588623,True
8,911,1784808045.1814766,8,0.019671201705932617,0.002458900213241577,True
8,912,1784808045.2014403,8,0.01990985870361328,0.00248873233795166,True
8,913,1784808045.2217321,8,0.02046966552734375,0.0025587081909179688,True
8,914,1784808045.242531,8,0.019052505493164062,0.002381563186645508,True
8,915,1784808045.2619195,8,0.02099323272705078,0.0026241540908813477,True
8,916,1784808045.2833042,8,0.020206212997436523,0.0025257766246795654,True
8,917,1784808045.3038077,8,0.020788908004760742,0.0025986135005950928,True
8,918,1784808045.3249414,8,0.02155160903930664,0.00269395112991333,True
8,919,1784808045.3470466,8,0.01891160011291504,0.00236395001411438,True
8,920,1784808045.366285,8,0.01992630958557129,0.002490788698196411,True
8,921,1784808045.3866065,8,0.0203704833984375,0.0025463104248046875,True
8,922,1784808045.4073217,8,0.019974470138549805,0.0024968087673187256,True
8,923,1784808045.4279792,8,0.021982192993164062,0.002747774124145508,True
8,924,1784808045.450418,8,0.019893884658813477,0.0024867355823516846,True
8,925,1784808045.4707103,8,0.02167057991027832,0.00270882248878479,True
8,926,1784808045.4927826,8,0.021618127822875977,0.002702265977859497,True
8,927,1784808045.5149007,8,0.02262115478515625,0.0028276443481445312,True
8,928,1784808045.5386987,8,0.020084142684936523,0.0025105178356170654,True
8,929,1784808045.5599334,8,0.020153045654296875,0.0025191307067871094,True
8,930,1784808045.5805795,8,0.01935577392578125,0.0024194717407226562,True
8,931,1784808045.6003554,8,0.021016597747802734,0.002627074718475342,True
8,932,1784808045.6217654,8,0.01981186866760254,0.0024764835834503174,True
8,933,1784808045.642214,8,0.022848844528198242,0.0028561055660247803,True
8,934,1784808045.6655731,8,0.021750688552856445,0.0027188360691070557,True
8,935,1784808045.6876607,8,0.020351171493530273,0.002543896436691284,True
8,936,1784808045.7083359,8,0.019565343856811523,0.0024456679821014404,True
8,937,1784808045.7282891,8,0.01971602439880371,0.002464503049850464,True
8,938,1784808045.7483,8,0.020941495895385742,0.0026176869869232178,True
8,939,1784808045.7699935,8,0.01857733726501465,0.002322167158126831,True
8,940,1784808045.7889507,8,0.0202791690826416,0.0025348961353302,True
8,941,1784808045.809602,8,0.020060300827026367,0.002507537603378296,True
8,942,1784808045.8300867,8,0.02002549171447754,0.0025031864643096924,True
8,943,1784808045.8504596,8,0.02088618278503418,0.0026107728481292725,True
8,944,1784808045.8716745,8,0.022675275802612305,0.002834409475326538,True
8,945,1784808045.8949163,8,0.018949031829833984,0.002368628978729248,True
8,946,1784808045.9141698,8,0.02008986473083496,0.00251123309135437,True
8,947,1784808045.9346852,8,0.020211458206176758,0.0025264322757720947,True
8,948,1784808045.955218,8,0.02048945426940918,0.0025611817836761475,True
8,949,1784808045.9762328,8,0.019659996032714844,0.0024574995040893555,True
8,950,1784808045.9963734,8,0.02053976058959961,0.002567470073699951,True
8,951,1784808046.0175545,8,0.019173860549926758,0.0023967325687408447,True
8,952,1784808046.0371003,8,0.019368648529052734,0.002421081066131592,True
8,953,1784808046.0567942,8,0.0233614444732666,0.002920180559158325,True
8,954,1784808046.0805886,8,0.018909215927124023,0.002363651990890503,True
8,955,1784808046.1002083,8,0.019675254821777344,0.002459406852722168,True
8,956,1784808046.1212642,8,0.02129960060119629,0.002662450075149536,True
8,957,1784808046.1430933,8,0.018402814865112305,0.002300351858139038,True
8,958,1784808046.1621954,8,0.019561767578125,0.002445220947265625,True
8,959,1784808046.1823819,8,0.020151853561401367,0.002518981695175171,True
8,960,1784808046.2030442,8,0.02057504653930664,0.00257188081741333,True
8,961,1784808046.2240934,8,0.020475149154663086,0.0025593936443328857,True
8,962,1784808046.2449028,8,0.01958942413330078,0.0024486780166625977,True
8,963,1784808046.2648475,8,0.02021932601928711,0.0025274157524108887,True
8,964,1784808046.285619,8,0.020921945571899414,0.0026152431964874268,True
8,965,1784808046.3072937,8,0.019234180450439453,0.0024042725563049316,True
8,966,1784808046.3268237,8,0.021430253982543945,0.002678781747817993,True
8,967,1784808046.3486629,8,0.01994800567626953,0.0024935007095336914,True
8,968,1784808046.3689609,8,0.020459413528442383,0.002557426691055298,True
8,969,1784808046.3903074,8,0.018645286560058594,0.0023306608200073242,True
8,970,1784808046.409298,8,0.02016592025756836,0.002520740032196045,True
8,971,1784808046.430377,8,0.018187284469604492,0.0022734105587005615,True
8,972,1784808046.4488635,8,0.023415565490722656,0.002926945686340332,True
8,973,1784808046.4731781,8,0.020758628845214844,0.0025948286056518555,True
8,974,1784808046.494603,8,0.020602703094482422,0.0025753378868103027,True
8,975,1784808046.5154936,8,0.0196990966796875,0.0024623870849609375,True
8,976,1784808046.535544,8,0.017915725708007812,0.0022394657135009766,True
8,977,1784808046.5541427,8,0.02121257781982422,0.0026515722274780273,True
8,978,1784808046.576305,8,0.019381284713745117,0.0024226605892181396,True
8,979,1784808046.59608,8,0.01871013641357422,0.0023387670516967773,True
8,980,1784808046.6153803,8,0.01995539665222168,0.00249442458152771,True
8,981,1784808046.6357946,8,0.019216060638427734,0.002402007579803467,True
8,982,1784808046.6557877,8,0.02048492431640625,0.0025606155395507812,True
8,983,1784808046.676951,8,0.01939082145690918,0.0024238526821136475,True
8,984,1784808046.6967428,8,0.019188404083251953,0.002398550510406494,True
8,985,1784808046.7165015,8,0.020081043243408203,0.0025101304054260254,True
8,986,1784808046.7369392,8,0.01950836181640625,0.0024385452270507812,True
8,987,1784808046.7567558,8,0.019525527954101562,0.0024406909942626953,True
8,988,1784808046.776605,8,0.01936626434326172,0.002420783042907715,True
8,989,1784808046.7962682,8,0.02031731605529785,0.0025396645069122314,True
8,990,1784808046.8173559,8,0.019155502319335938,0.002394437789916992,True
8,991,1784808046.8368626,8,0.02075481414794922,0.0025943517684936523,True
8,992,1784808046.8579333,8,0.01995110511779785,0.0024938881397247314,True
8,993,1784808046.878225,8,0.020453453063964844,0.0025566816329956055,True
8,994,1784808046.8990674,8,0.020686864852905273,0.002585858106613159,True
8,995,1784808046.9203923,8,0.01978468894958496,0.00247308611869812,True
8,996,1784808046.9405055,8,0.022918224334716797,0.0028647780418395996,True
8,997,1784808046.9639015,8,0.016043663024902344,0.002005457878112793,True
8,998,1784808046.9816206,8,0.021815776824951172,0.0027269721031188965,True
8,999,1784808047.0038035,8,0.02154850959777832,0.00269356369972229,True
8,1000,1784808047.0258512,8,0.01869940757751465,0.002337425947189331,True
8,1001,1784808047.0449653,8,0.021038293838500977,0.002629786729812622,True
8,1002,1784808047.0662973,8,0.02010345458984375,0.0025129318237304688,True
8,1003,1784808047.0868878,8,0.019740581512451172,0.0024675726890563965,True
8,1004,1784808047.1074855,8,0.02136683464050293,0.002670854330062866,True
8,1005,1784808047.1295583,8,0.019407987594604492,0.0024259984493255615,True
8,1006,1784808047.1494513,8,0.021088600158691406,0.0026360750198364258,True
8,1007,1784808047.171599,8,0.019498586654663086,0.0024373233318328857,True
8,1008,1784808047.1915069,8,0.019556283950805664,0.002444535493850708,True
8,1009,1784808047.212211,8,0.021794795989990234,0.0027243494987487793,True
8,1010,1784808047.234728,8,0.019553422927856445,0.0024441778659820557,True
8,1011,1784808047.2548757,8,0.02003002166748047,0.0025037527084350586,True
8,1012,1784808047.2756197,8,0.021921873092651367,0.002740234136581421,True
8,1013,1784808047.298173,8,0.0188753604888916,0.00235942006111145,True
8,1014,1784808047.3173847,8,0.018979787826538086,0.0023724734783172607,True
8,1015,1784808047.336977,8,0.019581317901611328,0.002447664737701416,True
8,1016,1784808047.357436,8,0.02001023292541504,0.00250127911567688,True
8,1017,1784808047.377856,8,0.020111083984375,0.002513885498046875,True
8,1018,1784808047.3986428,8,0.019940853118896484,0.0024926066398620605,True
8,1019,1784808047.4191163,8,0.019685745239257812,0.0024607181549072266,True
8,1020,1784808047.4392374,8,0.019725322723388672,0.002465665340423584,True
8,1021,1784808047.4593425,8,0.021360158920288086,0.0026700198650360107,True
8,1022,1784808047.4813576,8,0.0204010009765625,0.0025501251220703125,True
8,1023,1784808047.5022337,8,0.023565053939819336,0.002945631742477417,True
8,1024,1784808047.5266132,8,0.02182602882385254,0.0027282536029815674,True
8,1025,1784808047.5487227,8,0.016915559768676758,0.0021144449710845947,True
8,1026,1784808047.5660868,8,0.021761655807495117,0.0027202069759368896,True
8,1027,1784808047.5883071,8,0.020385026931762695,0.002548128366470337,True
8,1028,1784808047.6094422,8,0.019932270050048828,0.0024915337562561035,True
8,1029,1784808047.6303709,8,0.021167993545532227,0.0026459991931915283,True
8,1030,1784808047.652218,8,0.020014047622680664,0.002501755952835083,True
8,1031,1784808047.6727839,8,0.02071690559387207,0.002589613199234009,True
8,1032,1784808047.6942995,8,0.019993066787719727,0.002499133348464966,True
8,1033,1784808047.714845,8,0.01909160614013672,0.00238645076751709,True
8,1034,1784808047.7345326,8,0.020302772521972656,0.002537846565246582,True
8,1035,1784808047.7552862,8,0.01886582374572754,0.0023582279682159424,True
8,1036,1784808047.7746522,8,0.020418405532836914,0.0025523006916046143,True
8,1037,1784808047.7954674,8,0.019099950790405273,0.002387493848800659,True
8,1038,1784808047.8150659,8,0.020119428634643555,0.0025149285793304443,True
8,1039,1784808047.835915,8,0.02123713493347168,0.00265464186668396,True
8,1040,1784808047.857677,8,0.02186107635498047,0.0027326345443725586,True
8,1041,1784808047.8800662,8,0.02025151252746582,0.0025314390659332275,True
8,1042,1784808047.9007297,8,0.020899295806884766,0.0026124119758605957,True
8,1043,1784808047.9220679,8,0.020464420318603516,0.0025580525398254395,True
8,1044,1784808047.943344,8,0.018382549285888672,0.002297818660736084,True
8,1045,1784808047.962041,8,0.020607471466064453,0.0025759339332580566,True
8,1046,1784808047.9829648,8,0.020514488220214844,0.0025643110275268555,True
8,1047,1784808048.0038137,8,0.021010637283325195,0.0026263296604156494,True
8,1048,1784808048.025256,8,0.02138042449951172,0.002672553062438965,True
8,1049,1784808048.047166,8,0.018889427185058594,0.0023611783981323242,True
8,1050,1784808048.0668733,8,0.020478487014770508,0.0025598108768463135,True
8,1051,1784808048.0877326,8,0.020593643188476562,0.0025742053985595703,True
8,1052,1784808048.109474,8,0.022249221801757812,0.0027811527252197266,True
8,1053,1784808048.1321077,8,0.018909931182861328,0.002363741397857666,True
8,1054,1784808048.151349,8,0.020420074462890625,0.002552509307861328,True
8,1055,1784808048.1721747,8,0.019440889358520508,0.0024301111698150635,True
8,1056,1784808048.1919732,8,0.02099156379699707,0.002623945474624634,True
8,1057,1784808048.2132788,8,0.019387006759643555,0.0024233758449554443,True
8,1058,1784808048.2329493,8,0.019342660903930664,0.002417832612991333,True
8,1059,1784808048.252608,8,0.01972484588623047,0.0024656057357788086,True
8,1060,1784808048.2726097,8,0.018646240234375,0.002330780029296875,True
8,1061,1784808048.2917616,8,0.01995062828063965,0.002493828535079956,True
8,1062,1784808048.312053,8,0.020032167434692383,0.002504020929336548,True
8,1063,1784808048.3324652,8,0.019476890563964844,0.0024346113204956055,True
8,1064,1784808048.3528688,8,0.020760059356689453,0.0025950074195861816,True
8,1065,1784808048.3747082,8,0.021797657012939453,0.0027247071266174316,True
8,1066,1784808048.3971741,8,0.022264480590820312,0.002783060073852539,True
8,1067,1784808048.4200516,8,0.01755690574645996,0.002194613218307495,True
8,1068,1784808048.4379845,8,0.019845008850097656,0.002480626106262207,True
8,1069,1784808048.4586363,8,0.020203590393066406,0.0025254487991333008,True
8,1070,1784808048.4791765,8,0.01970839500427246,0.0024635493755340576,True
8,1071,1784808048.4993358,8,0.0202176570892334,0.002527207136154175,True
8,1072,1784808048.5198874,8,0.02036118507385254,0.0025451481342315674,True
8,1073,1784808048.5405884,8,0.01831841468811035,0.002289801836013794,True
8,1074,1784808048.559237,8,0.020470857620239258,0.0025588572025299072,True
8,1075,1784808048.5799813,8,0.01967477798461914,0.0024593472480773926,True
8,1076,1784808048.5999763,8,0.020713090896606445,0.0025891363620758057,True
8,1077,1784808048.620983,8,0.021241426467895508,0.0026551783084869385,True
8,1078,1784808048.6425083,8,0.019058942794799805,0.0023823678493499756,True
8,1079,1784808048.6618316,8,0.021857500076293945,0.002732187509536743,True
8,1080,1784808048.684009,8,0.020459651947021484,0.0025574564933776855,True
8,1081,1784808048.704721,8,0.02004861831665039,0.002506077289581299,True
8,1082,1784808048.7251172,8,0.01989269256591797,0.002486586570739746,True
8,1083,1784808048.745281,8,0.0196530818939209,0.0024566352367401123,True
8,1084,1784808048.7652557,8,0.02051377296447754,0.0025642216205596924,True
8,1085,1784808048.786057,8,0.020664453506469727,0.002583056688308716,True
8,1086,1784808048.806966,8,0.01851487159729004,0.002314358949661255,True
8,1087,1784808048.8257694,8,0.01999640464782715,0.0024995505809783936,True
8,1088,1784808048.846142,8,0.02079629898071289,0.0025995373725891113,True
8,1089,1784808048.8672247,8,0.019959688186645508,0.0024949610233306885,True
8,1090,1784808048.887482,8,0.019712209701538086,0.0024640262126922607,True
8,1091,1784808048.9075308,8,0.01886725425720215,0.0023584067821502686,True
8,1092,1784808048.9268057,8,0.01895904541015625,0.0023698806762695312,True
8,1093,1784808048.946205,8,0.0215301513671875,0.0026912689208984375,True
8,1094,1784808048.9680731,8,0.020914554595947266,0.002614319324493408,True
8,1095,1784808048.989484,8,0.02040553092956543,0.0025506913661956787,True
8,1096,1784808049.0101483,8,0.02033519744873047,0.0025418996810913086,True
8,1097,1784808049.030974,8,0.021188974380493164,0.0026486217975616455,True
8,1098,1784808049.0527236,8,0.019980430603027344,0.002497553825378418,True
8,1099,1784808049.0730395,8,0.019269943237304688,0.002408742904663086,True
8,1100,1784808049.0926378,8,0.019929170608520508,0.0024911463260650635,True
8,1101,1784808049.1130924,8,0.020895004272460938,0.002611875534057617,True
8,1102,1784808049.134316,8,0.021193742752075195,0.0026492178440093994,True
8,1103,1784808049.1557965,8,0.018440723419189453,0.0023050904273986816,True
8,1104,1784808049.174592,8,0.020304441452026367,0.002538055181503296,True
8,1105,1784808049.195188,8,0.022027254104614258,0.0027534067630767822,True
8,1106,1784808049.2177553,8,0.020403385162353516,0.0025504231452941895,True
8,1107,1784808049.238507,8,0.020839452743530273,0.002604931592941284,True
8,1108,1784808049.2596657,8,0.01922440528869629,0.002403050661087036,True
8,1109,1784808049.2792993,8,0.01904129981994629,0.002380162477493286,True
8,1110,1784808049.2986887,8,0.019558429718017578,0.0024448037147521973,True
8,1111,1784808049.3185732,8,0.019601821899414062,0.002450227737426758,True
8,1112,1784808049.338551,8,0.020321369171142578,0.0025401711463928223,True
8,1113,1784808049.3592904,8,0.020140886306762695,0.002517610788345337,True
8,1114,1784808049.3797662,8,0.02028965950012207,0.002536207437515259,True
8,1115,1784808049.400366,8,0.019675731658935547,0.0024594664573669434,True
8,1116,1784808049.4203234,8,0.018431901931762695,0.002303987741470337,True
8,1117,1784808049.439754,8,0.021031856536865234,0.0026289820671081543,True
8,1118,1784808049.4611337,8,0.021018505096435547,0.0026273131370544434,True
8,1119,1784808049.4824274,8,0.019086122512817383,0.002385765314102173,True
8,1120,1784808049.501841,8,0.019279956817626953,0.002409994602203369,True
8,1121,1784808049.5214012,8,0.02081012725830078,0.0026012659072875977,True
8,1122,1784808049.542506,8,0.019810914993286133,0.0024763643741607666,True
8,1123,1784808049.5627046,8,0.01967787742614746,0.0024597346782684326,True
8,1124,1784808049.5826619,8,0.02164149284362793,0.002705186605453491,True
8,1125,1784808049.6049774,8,0.01832890510559082,0.0022911131381988525,True
8,1126,1784808049.6236863,8,0.02108287811279297,0.002635359764099121,True
8,1127,1784808049.6450553,8,0.021054744720458984,0.002631843090057373,True
8,1128,1784808049.6664295,8,0.023343563079833984,0.002917945384979248,True
8,1129,1784808049.6901412,8,0.021241188049316406,0.0026551485061645508,True
8,1130,1784808049.7122533,8,0.020371198654174805,0.0025463998317718506,True
8,1131,1784808049.7331164,8,0.020429134368896484,0.0025536417961120605,True
8,1132,1784808049.7539322,8,0.023137807846069336,0.002892225980758667,True
8,1133,1784808049.7774365,8,0.020635128021240234,0.0025793910026550293,True
8,1134,1784808049.7985907,8,0.01945638656616211,0.0024320483207702637,True
8,1135,1784808049.8184474,8,0.02031683921813965,0.002539604902267456,True
8,1136,1784808049.8391263,8,0.022437334060668945,0.002804666757583618,True
8,1137,1784808049.8618524,8,0.019021034240722656,0.002377629280090332,True
8,1138,1784808049.8812623,8,0.020075559616088867,0.0025094449520111084,True
8,1139,1784808049.9016862,8,0.020624876022338867,0.0025781095027923584,True
8,1140,1784808049.9226463,8,0.01932978630065918,0.0024162232875823975,True
8,1141,1784808049.9423711,8,0.020522594451904297,0.002565324306488037,True
8,1142,1784808049.9634116,8,0.02110433578491211,0.0026380419731140137,True
8,1143,1784808049.9847736,8,0.01978588104248047,0.0024732351303100586,True
8,1144,1784808050.004894,8,0.020240306854248047,0.002530038356781006,True
8,1145,1784808050.025464,8,0.020555734634399414,0.0025694668292999268,True
8,1146,1784808050.0463939,8,0.020808935165405273,0.002601116895675659,True
8,1147,1784808050.0676363,8,0.01934981346130371,0.002418726682662964,True
8,1148,1784808050.08729,8,0.019928932189941406,0.0024911165237426758,True
8,1149,1784808050.1075108,8,0.0210721492767334,0.002634018659591675,True
8,1150,1784808050.1289945,8,0.020221233367919922,0.0025276541709899902,True
8,1151,1784808050.1498177,8,0.019053936004638672,0.002381742000579834,True
8,1152,1784808050.169186,8,0.02036905288696289,0.0025461316108703613,True
8,1153,1784808050.1898472,8,0.019632339477539062,0.002454042434692383,True
8,1154,1784808050.2098615,8,0.020122766494750977,0.002515345811843872,True
8,1155,1784808050.2302673,8,0.020882368087768555,0.0026102960109710693,True
8,1156,1784808050.2515576,8,0.019731760025024414,0.0024664700031280518,True
8,1157,1784808050.2715795,8,0.02131509780883789,0.0026643872261047363,True
8,1158,1784808050.2933676,8,0.02125406265258789,0.0026567578315734863,True
8,1159,1784808050.3149965,8,0.019397735595703125,0.0024247169494628906,True
8,1160,1784808050.334717,8,0.019472360610961914,0.0024340450763702393,True
8,1161,1784808050.3544524,8,0.018809080123901367,0.002351135015487671,True
8,1162,1784808050.373561,8,0.0197145938873291,0.0024643242359161377,True
8,1163,1784808050.3936696,8,0.021255016326904297,0.002656877040863037,True
8,1164,1784808050.4153137,8,0.01951122283935547,0.0024389028549194336,True
8,1165,1784808050.4351845,8,0.020199298858642578,0.0025249123573303223,True
8,1166,1784808050.455657,8,0.01964879035949707,0.002456098794937134,True
8,1167,1784808050.4755692,8,0.020817041397094727,0.002602130174636841,True
8,1168,1784808050.4967685,8,0.020218372344970703,0.002527296543121338,True
8,1169,1784808050.5173452,8,0.02182602882385254,0.0027282536029815674,True
8,1170,1784808050.539583,8,0.018254995346069336,0.002281874418258667,True
8,1171,1784808050.5580912,8,0.020235300064086914,0.0025294125080108643,True
8,1172,1784808050.5789013,8,0.020583391189575195,0.0025729238986968994,True
8,1173,1784808050.6010787,8,0.01836872100830078,0.0022960901260375977,True
8,1174,1784808050.6199856,8,0.02095770835876465,0.002619713544845581,True
8,1175,1784808050.6413965,8,0.018896818161010742,0.0023621022701263428,True
8,1176,1784808050.661252,8,0.021730661392211914,0.0027163326740264893,True
8,1177,1784808050.684067,8,0.019728899002075195,0.0024661123752593994,True
8,1178,1784808050.7043304,8,0.019184112548828125,0.0023980140686035156,True
8,1179,1784808050.7238195,8,0.022556543350219727,0.002819567918777466,True
8,1180,1784808050.7467165,8,0.01939105987548828,0.002423882484436035,True
8,1181,1784808050.7664526,8,0.021672964096069336,0.002709120512008667,True
8,1182,1784808050.7884016,8,0.01944732666015625,0.0024309158325195312,True
8,1183,1784808050.8081324,8,0.020598649978637695,0.002574831247329712,True
8,1184,1784808050.8289716,8,0.020315885543823242,0.0025394856929779053,True
8,1185,1784808050.849565,8,0.01973414421081543,0.0024667680263519287,True
8,1186,1784808050.8696334,8,0.020075559616088867,0.0025094449520111084,True
8,1187,1784808050.890133,8,0.02203202247619629,0.002754002809524536,True
8,1188,1784808050.9125025,8,0.018801450729370117,0.0023501813411712646,True
8,1189,1784808050.931582,8,0.019139528274536133,0.0023924410343170166,True
8,1190,1784808050.9511817,8,0.021929025650024414,0.0027411282062530518,True
8,1191,1784808050.9734905,8,0.020427703857421875,0.0025534629821777344,True
8,1192,1784808050.994221,8,0.019011974334716797,0.0023764967918395996,True
8,1193,1784808051.0138037,8,0.019215822219848633,0.002401977777481079,True
8,1194,1784808051.0333157,8,0.01957082748413086,0.0024463534355163574,True
8,1195,1784808051.0532846,8,0.019439697265625,0.002429962158203125,True
8,1196,1784808051.0730515,8,0.022768020629882812,0.0028460025787353516,True
8,1197,1784808051.0960784,8,0.01942896842956543,0.0024286210536956787,True
8,1198,1784808051.1157835,8,0.02041172981262207,0.002551466226577759,True
8,1199,1784808051.1365066,8,0.02104043960571289,0.0026300549507141113,True
8,1200,1784808051.1578982,8,0.01955270767211914,0.0024440884590148926,True
8,1201,1784808051.1779015,8,0.021291732788085938,0.002661466598510742,True
8,1202,1784808051.1999228,8,0.019688129425048828,0.0024610161781311035,True
8,1203,1784808051.220429,8,0.02031707763671875,0.0025396347045898438,True
8,1204,1784808051.2414205,8,0.020525455474853516,0.0025656819343566895,True
8,1205,1784808051.2625196,8,0.01880645751953125,0.0023508071899414062,True
8,1206,1784808051.281663,8,0.022350311279296875,0.0027937889099121094,True
8,1207,1784808051.3045573,8,0.019417524337768555,0.0024271905422210693,True
8,1208,1784808051.3242993,8,0.019684553146362305,0.002460569143295288,True
8,1209,1784808051.3443444,8,0.020599842071533203,0.0025749802589416504,True
8,1210,1784808051.3652341,8,0.020815372467041016,0.002601921558380127,True
8,1211,1784808051.386341,8,0.019171953201293945,0.002396494150161743,True
8,1212,1784808051.405902,8,0.01943802833557129,0.002429753541946411,True
8,1213,1784808051.4256809,8,0.019059419631958008,0.002382427453994751,True
8,1214,1784808051.4450748,8,0.020661354064941406,0.0025826692581176758,True
8,1215,1784808051.4661617,8,0.019454240798950195,0.0024317800998687744,True
8,1216,1784808051.4859216,8,0.020431041717529297,0.002553880214691162,True
8,1217,1784808051.5067322,8,0.019190073013305664,0.002398759126663208,True
8,1218,1784808051.526276,8,0.019984722137451172,0.0024980902671813965,True
8,1219,1784808051.5466552,8,0.020702362060546875,0.0025877952575683594,True
8,1220,1784808051.5676947,8,0.020205020904541016,0.002525627613067627,True
8,1221,1784808051.5883372,8,0.021165847778320312,0.002645730972290039,True
8,1222,1784808051.6101875,8,0.023023605346679688,0.002877950668334961,True
8,1223,1784808051.633962,8,0.018906354904174805,0.0023632943630218506,True
8,1224,1784808051.6533084,8,0.01898193359375,0.00237274169921875,True
8,1225,1784808051.6725929,8,0.019388914108276367,0.002423614263534546,True
8,1226,1784808051.6923802,8,0.018266677856445312,0.002283334732055664,True
8,1227,1784808051.7109597,8,0.01982402801513672,0.00247800350189209,True
8,1228,1784808051.7310367,8,0.02022409439086914,0.0025280117988586426,True
8,1229,1784808051.7516327,8,0.020264387130737305,0.002533048391342163,True
8,1230,1784808051.7722757,8,0.019823074340820312,0.002477884292602539,True
8,1231,1784808051.7930107,8,0.02100992202758789,0.0026262402534484863,True
8,1232,1784808051.8145158,8,0.02009415626525879,0.0025117695331573486,True
8,1233,1784808051.834975,8,0.020282268524169922,0.0025352835655212402,True
8,1234,1784808051.8557367,8,0.020395517349243164,0.0025494396686553955,True
8,1235,1784808051.8766232,8,0.019243955612182617,0.002405494451522827,True
8,1236,1784808051.8965774,8,0.020166635513305664,0.002520829439163208,True
8,1237,1784808051.9171138,8,0.018151044845581055,0.002268880605697632,True
8,1238,1784808051.935579,8,0.019697904586791992,0.002462238073348999,True
8,1239,1784808051.9556203,8,0.021442413330078125,0.0026803016662597656,True
8,1240,1784808051.9773843,8,0.019778013229370117,0.0024722516536712646,True
8,1241,1784808051.9975395,8,0.020231008529663086,0.0025288760662078857,True
8,1242,1784808052.0181737,8,0.01970362663269043,0.0024629533290863037,True
8,1243,1784808052.038155,8,0.019707202911376953,0.002463400363922119,True
8,1244,1784808052.058162,8,0.018698692321777344,0.002337336540222168,True
8,1245,1784808052.0772705,8,0.020100116729736328,0.002512514591217041,True
8,1246,1784808052.097804,8,0.019971132278442383,0.002496391534805298,True
8,1247,1784808052.1181169,8,0.018231630325317383,0.002278953790664673,True
8,1248,1784808052.13717,8,0.02010631561279297,0.002513289451599121,True
8,1249,1784808052.1575408,8,0.020216941833496094,0.0025271177291870117,True
8,1250,1784808052.1780872,8,0.01967453956604004,0.002459317445755005,True
8,1251,1784808052.1982224,8,0.020886898040771484,0.0026108622550964355,True
8,1252,1784808052.2196257,8,0.020809650421142578,0.0026012063026428223,True
8,1253,1784808052.2409232,8,0.022508859634399414,0.0028136074542999268,True
8,1254,1784808052.2638717,8,0.015956401824951172,0.0019945502281188965,True
8,1255,1784808052.2803168,8,0.020043611526489258,0.0025054514408111572,True
8,1256,1784808052.3012455,8,0.01980423927307129,0.002475529909133911,True
8,1257,1784808052.3214283,8,0.020067453384399414,0.0025084316730499268,True
8,1258,1784808052.3427737,8,0.019834280014038086,0.0024792850017547607,True
8,1259,1784808052.363202,8,0.020879268646240234,0.0026099085807800293,True
8,1260,1784808052.3845208,8,0.020284414291381836,0.0025355517864227295,True
8,1261,1784808052.4055412,8,0.020272254943847656,0.002534031867980957,True
8,1262,1784808052.426248,8,0.018141746520996094,0.0022677183151245117,True
8,1263,1784808052.4447455,8,0.018362998962402344,0.002295374870300293,True
8,1264,1784808052.4636288,8,0.0193173885345459,0.0024146735668182373,True
8,1265,1784808052.483401,8,0.020307302474975586,0.0025384128093719482,True
8,1266,1784808052.5040586,8,0.02017521858215332,0.002521902322769165,True
8,1267,1784808052.524706,8,0.020116329193115234,0.0025145411491394043,True
8,1268,1784808052.5450988,8,0.020104408264160156,0.0025130510330200195,True
8,1269,1784808052.565613,8,0.020944833755493164,0.0026181042194366455,True
8,1270,1784808052.586875,8,0.01957392692565918,0.0024467408657073975,True
8,1271,1784808052.6067917,8,0.020406723022460938,0.002550840377807617,True
8,1272,1784808052.6274672,8,0.01938629150390625,0.0024232864379882812,True
8,1273,1784808052.647204,8,0.02090930938720703,0.002613663673400879,True
8,1274,1784808052.6683443,8,0.02060103416442871,0.002575129270553589,True
8,1275,1784808052.6892538,8,0.02019214630126953,0.0025240182876586914,True
8,1276,1784808052.709853,8,0.020791053771972656,0.002598881721496582,True
8,1277,1784808052.730951,8,0.02041006088256836,0.002551257610321045,True
8,1278,1784808052.7516341,8,0.020046234130859375,0.002505779266357422,True
8,1279,1784808052.7720635,8,0.020304203033447266,0.002538025379180908,True
8,1280,1784808052.7927487,8,0.01888275146484375,0.0023603439331054688,True
8,1281,1784808052.8119583,8,0.019588470458984375,0.002448558807373047,True
8,1282,1784808052.8318558,8,0.021729469299316406,0.0027161836624145508,True
8,1283,1784808052.8538983,8,0.019652605056762695,0.002456575632095337,True
8,1284,1784808052.8738098,8,0.019568443298339844,0.0024460554122924805,True
8,1285,1784808052.8938005,8,0.020452260971069336,0.002556532621383667,True
8,1286,1784808052.9148352,8,0.020319223403930664,0.002539902925491333,True
8,1287,1784808052.9359455,8,0.020700931549072266,0.002587616443634033,True
8,1288,1784808052.9572337,8,0.02020096778869629,0.002525120973587036,True
8,1289,1784808052.9777844,8,0.020028352737426758,0.0025035440921783447,True
8,1290,1784808052.998308,8,0.020928144454956055,0.002616018056869507,True
8,1291,1784808053.0195637,8,0.01964545249938965,0.002455681562423706,True
8,1292,1784808053.0394754,8,0.01982736587524414,0.0024784207344055176,True
8,1293,1784808053.0597355,8,0.020269393920898438,0.0025336742401123047,True
8,1294,1784808053.0806215,8,0.02011871337890625,0.0025148391723632812,True
8,1295,1784808053.101157,8,0.02017354965209961,0.002521693706512451,True
8,1296,1784808053.1215963,8,0.020938396453857422,0.0026172995567321777,True
8,1297,1784808053.1429424,8,0.020630836486816406,0.0025788545608520508,True
8,1298,1784808053.1638618,8,0.019393444061279297,0.002424180507659912,True
8,1299,1784808053.1836224,8,0.021245241165161133,0.0026556551456451416,True
8,1300,1784808053.2052443,8,0.019174814224243164,0.0023968517780303955,True
8,1301,1784808053.2248576,8,0.01990199089050293,0.002487748861312866,True
8,1302,1784808053.2451687,8,0.0187833309173584,0.0023479163646698,True
8,1303,1784808053.2643845,8,0.01953864097595215,0.0024423301219940186,True
8,1304,1784808053.2843053,8,0.01962137222290039,0.002452671527862549,True
8,1305,1784808053.304339,8,0.018825769424438477,0.0023532211780548096,True
8,1306,1784808053.3241754,8,0.020365476608276367,0.002545684576034546,True
8,1307,1784808053.3451853,8,0.022304534912109375,0.002788066864013672,True
8,1308,1784808053.3679168,8,0.01897573471069336,0.00237196683883667,True
8,1309,1784808053.3876114,8,0.02003192901611328,0.00250399112701416,True
8,1310,1784808053.4079661,8,0.02025008201599121,0.0025312602519989014,True
8,1311,1784808053.4285367,8,0.02098536491394043,0.0026231706142425537,True
8,1312,1784808053.4498754,8,0.019974708557128906,0.0024968385696411133,True
8,1313,1784808053.4701374,8,0.0186464786529541,0.0023308098316192627,True
8,1314,1784808053.4891465,8,0.019767045974731445,0.0024708807468414307,True
8,1315,1784808053.509595,8,0.02017951011657715,0.0025224387645721436,True
8,1316,1784808053.530167,8,0.01881885528564453,0.0023523569107055664,True
8,1317,1784808053.5493445,8,0.020673274993896484,0.0025841593742370605,True
8,1318,1784808053.5703568,8,0.018892288208007812,0.0023615360260009766,True
8,1319,1784808053.589532,8,0.01967144012451172,0.002458930015563965,True
8,1320,1784808053.609603,8,0.02074432373046875,0.0025930404663085938,True
8,1321,1784808053.6307895,8,0.020189285278320312,0.002523660659790039,True
8,1322,1784808053.6513524,8,0.018143177032470703,0.002267897129058838,True
8,1323,1784808053.6698272,8,0.020262479782104492,0.0025328099727630615,True
8,1324,1784808053.6907969,8,0.01961827278137207,0.002452284097671509,True
8,1325,1784808053.7107987,8,0.020848989486694336,0.002606123685836792,True
8,1326,1784808053.7320514,8,0.019276857376098633,0.002409607172012329,True
8,1327,1784808053.7516563,8,0.02022099494934082,0.0025276243686676025,True
8,1328,1784808053.7722404,8,0.02163839340209961,0.002704799175262451,True
8,1329,1784808053.7942936,8,0.020239830017089844,0.0025299787521362305,True
8,1330,1784808053.8148968,8,0.01961350440979004,0.002451688051223755,True
8,1331,1784808053.8360443,8,0.020437240600585938,0.002554655075073242,True
8,1332,1784808053.857524,8,0.019724369049072266,0.002465546131134033,True
8,1333,1784808053.8776226,8,0.020067453384399414,0.0025084316730499268,True
8,1334,1784808053.898057,8,0.01935720443725586,0.0024196505546569824,True
8,1335,1784808053.9176822,8,0.019400596618652344,0.002425074577331543,True
8,1336,1784808053.9374518,8,0.019811630249023438,0.0024764537811279297,True
8,1337,1784808053.9576092,8,0.019233226776123047,0.002404153347015381,True
8,1338,1784808053.9771376,8,0.02021503448486328,0.00252687931060791,True
8,1339,1784808053.9977787,8,0.024100303649902344,0.003012537956237793,True
8,1340,1784808054.0222704,8,0.0182039737701416,0.0022754967212677,True
8,1341,1784808054.0408056,8,0.019092321395874023,0.002386540174484253,True
8,1342,1784808054.0603545,8,0.01923346519470215,0.0024041831493377686,True
8,1343,1784808054.080044,8,0.018754005432128906,0.0023442506790161133,True
8,1344,1784808054.0991173,8,0.019481182098388672,0.002435147762298584,True
8,1345,1784808054.119197,8,0.02020859718322754,0.0025260746479034424,True
8,1346,1784808054.1399083,8,0.019620418548583984,0.002452552318572998,True
8,1347,1784808054.159853,8,0.020282745361328125,0.0025353431701660156,True
8,1348,1784808054.1805053,8,0.019843578338623047,0.002480447292327881,True
8,1349,1784808054.200827,8,0.020029783248901367,0.002503722906112671,True
8,1350,1784808054.2212048,8,0.019738197326660156,0.0024672746658325195,True
8,1351,1784808054.241838,8,0.020853281021118164,0.0026066601276397705,True
8,1352,1784808054.263037,8,0.021019697189331055,0.002627462148666382,True
8,1353,1784808054.2843356,8,0.02002549171447754,0.0025031864643096924,True
8,1354,1784808054.3047788,8,0.019593000411987305,0.002449125051498413,True
8,1355,1784808054.3246467,8,0.01890420913696289,0.0023630261421203613,True
8,1356,1784808054.3441634,8,0.018275022506713867,0.0022843778133392334,True
8,1357,1784808054.3628182,8,0.018598556518554688,0.002324819564819336,True
8,1358,1784808054.3817618,8,0.020238161087036133,0.0025297701358795166,True
8,1359,1784808054.4029593,8,0.019472122192382812,0.0024340152740478516,True
8,1360,1784808054.4227695,8,0.020055770874023438,0.0025069713592529297,True
8,1361,1784808054.4431777,8,0.020240306854248047,0.002530038356781006,True
8,1362,1784808054.4638045,8,0.01791691780090332,0.002239614725112915,True
8,1363,1784808054.4821854,8,0.02130293846130371,0.002662867307662964,True
8,1364,1784808054.5042412,8,0.020546674728393555,0.0025683343410491943,True
8,1365,1784808054.5259814,8,0.02046799659729004,0.002558499574661255,True
8,1366,1784808054.5473597,8,0.019901752471923828,0.0024877190589904785,True
8,1367,1784808054.5677233,8,0.019556283950805664,0.002444535493850708,True
8,1368,1784808054.587562,8,0.021292924880981445,0.0026616156101226807,True
8,1369,1784808054.6091404,8,0.019991636276245117,0.0024989545345306396,True
8,1370,1784808054.6294014,8,0.019582033157348633,0.002447754144668579,True
8,1371,1784808054.6493464,8,0.01954793930053711,0.0024434924125671387,True
8,1372,1784808054.6692798,8,0.021874189376831055,0.002734273672103882,True
8,1373,1784808054.6915724,8,0.021474599838256836,0.0026843249797821045,True
8,1374,1784808054.7136354,8,0.019689321517944336,0.002461165189743042,True
8,1375,1784808054.733749,8,0.020787715911865234,0.0025984644889831543,True
8,1376,1784808054.7548754,8,0.019681215286254883,0.0024601519107818604,True
8,1377,1784808054.774933,8,0.019505739212036133,0.0024382174015045166,True
8,1378,1784808054.7948027,8,0.01874256134033203,0.002342820167541504,True
8,1379,1784808054.813817,8,0.022566795349121094,0.0028208494186401367,True
8,1380,1784808054.8367612,8,0.019445419311523438,0.0024306774139404297,True
8,1381,1784808054.8570752,8,0.021374225616455078,0.0026717782020568848,True
8,1382,1784808054.8787973,8,0.022281408309936523,0.0027851760387420654,True
8,1383,1784808054.9015656,8,0.01905536651611328,0.00238192081451416,True
8,1384,1784808054.9213994,8,0.020121097564697266,0.002515137195587158,True
8,1385,1784808054.9420738,8,0.02028179168701172,0.002535223960876465,True
8,1386,1784808054.962784,8,0.019412755966186523,0.0024265944957733154,True
8,1387,1784808054.9826696,8,0.01979660987854004,0.002474576234817505,True
8,1388,1784808055.0030348,8,0.02115488052368164,0.002644360065460205,True
8,1389,1784808055.0251386,8,0.021610260009765625,0.002701282501220703,True
8,1390,1784808055.0471663,8,0.023973703384399414,0.0029967129230499268,True
8,1391,1784808055.0714421,8,0.018979787826538086,0.0023724734783172607,True
8,1392,1784808055.0910385,8,0.019886255264282227,0.0024857819080352783,True
8,1393,1784808055.1114166,8,0.020349502563476562,0.0025436878204345703,True
8,1394,1784808055.1320624,8,0.019464969635009766,0.0024331212043762207,True
8,1395,1784808055.1520934,8,0.024584531784057617,0.003073066473007202,True
8,1396,1784808055.177863,8,0.01655745506286621,0.0020696818828582764,True
8,1397,1784808055.1948411,8,0.02114725112915039,0.002643406391143799,True
8,1398,1784808055.216334,8,0.019870996475219727,0.002483874559402466,True
8,1399,1784808055.2366512,8,0.019464969635009766,0.0024331212043762207,True
8,1400,1784808055.2564409,8,0.020136117935180664,0.002517014741897583,True
8,1401,1784808055.2770364,8,0.020145893096923828,0.0025182366371154785,True
8,1402,1784808055.2975705,8,0.02080845832824707,0.002601057291030884,True
8,1403,1784808055.318775,8,0.018901824951171875,0.0023627281188964844,True
8,1404,1784808055.3379776,8,0.0206911563873291,0.0025863945484161377,True
8,1405,1784808055.3590147,8,0.01857924461364746,0.0023224055767059326,True
8,1406,1784808055.3779418,8,0.02092909812927246,0.0026161372661590576,True
8,1407,1784808055.3991985,8,0.018281221389770508,0.0022851526737213135,True
8,1408,1784808055.4178908,8,0.019780397415161133,0.0024725496768951416,True
8,1409,1784808055.4379296,8,0.02003335952758789,0.0025041699409484863,True
8,1410,1784808055.4582622,8,0.020109891891479492,0.0025137364864349365,True
8,1411,1784808055.478667,8,0.020172834396362305,0.002521604299545288,True
8,1412,1784808055.4992392,8,0.018976449966430664,0.002372056245803833,True
8,1413,1784808055.5186357,8,0.02171015739440918,0.0027137696743011475,True
8,1414,1784808055.5406952,8,0.01994633674621582,0.0024932920932769775,True
8,1415,1784808055.560978,8,0.019217729568481445,0.0024022161960601807,True
8,1416,1784808055.5805488,8,0.020359516143798828,0.0025449395179748535,True
8,1417,1784808055.6012986,8,0.020466327667236328,0.002558290958404541,True
8,1418,1784808055.6220627,8,0.01894235610961914,0.0023677945137023926,True
8,1419,1784808055.6412938,8,0.021491050720214844,0.0026863813400268555,True
8,1420,1784808055.6631737,8,0.02051687240600586,0.0025646090507507324,True
8,1421,1784808055.6843824,8,0.02013373374938965,0.002516716718673706,True
8,1422,1784808055.704795,8,0.019951343536376953,0.002493917942047119,True
8,1423,1784808055.7250397,8,0.019666671752929688,0.002458333969116211,True
8,1424,1784808055.7450087,8,0.0213620662689209,0.0026702582836151123,True
8,1425,1784808055.7666714,8,0.018537521362304688,0.002317190170288086,True
8,1426,1784808055.7857049,8,0.01770758628845215,0.0022134482860565186,True
8,1427,1784808055.803696,8,0.020583391189575195,0.0025729238986968994,True
8,1428,1784808055.8246975,8,0.01973104476928711,0.0024663805961608887,True
8,1429,1784808055.8447962,8,0.020075082778930664,0.002509385347366333,True
8,1430,1784808055.8651276,8,0.019684553146362305,0.002460569143295288,True
8,1431,1784808055.885137,8,0.02041316032409668,0.002551645040512085,True
8,1432,1784808055.9058313,8,0.020318269729614258,0.0025397837162017822,True
8,1433,1784808055.9264266,8,0.017767906188964844,0.0022209882736206055,True
8,1434,1784808055.9445574,8,0.020810365676879883,0.0026012957096099854,True
8,1435,1784808055.9657035,8,0.02040266990661621,0.0025503337383270264,True
8,1436,1784808055.9865024,8,0.018759965896606445,0.0023449957370758057,True
8,1437,1784808056.0055318,8,0.019889116287231445,0.0024861395359039307,True
8,1438,1784808056.0257668,8,0.01973748207092285,0.0024671852588653564,True
8,1439,1784808056.0457726,8,0.02014756202697754,0.0025184452533721924,True
8,1440,1784808056.066277,8,0.01896500587463379,0.0023706257343292236,True
8,1441,1784808056.0855188,8,0.01909160614013672,0.00238645076751709,True
8,1442,1784808056.1051266,8,0.01946425437927246,0.0024330317974090576,True
8,1443,1784808056.1249018,8,0.02228260040283203,0.002785325050354004,True
8,1444,1784808056.1476228,8,0.019092321395874023,0.002386540174484253,True
8,1445,1784808056.167118,8,0.020755529403686523,0.0025944411754608154,True
8,1446,1784808056.1881895,8,0.02121257781982422,0.0026515722274780273,True
8,1447,1784808056.2099147,8,0.020498275756835938,0.002562284469604492,True
8,1448,1784808056.2307222,8,0.021233081817626953,0.002654135227203369,True
8,1449,1784808056.2523115,8,0.018455028533935547,0.0023068785667419434,True
8,1450,1784808056.2711258,8,0.0221102237701416,0.0027637779712677,True
8,1451,1784808056.2935157,8,0.01954483985900879,0.0024431049823760986,True
8,1452,1784808056.313532,8,0.019179582595825195,0.0023974478244781494,True
8,1453,1784808056.3332093,8,0.02469921112060547,0.0030874013900756836,True
8,1454,1784808056.3583436,8,0.02194070816040039,0.002742588520050049,True
8,1455,1784808056.381106,8,0.019736766815185547,0.0024670958518981934,True
8,1456,1784808056.4012368,8,0.020060062408447266,0.002507507801055908,True
8,1457,1784808056.4216037,8,0.019330739974975586,0.0024163424968719482,True
8,1458,1784808056.4413385,8,0.02217888832092285,0.0027723610401153564,True
8,1459,1784808056.4639761,8,0.018707275390625,0.002338409423828125,True
8,1460,1784808056.4830484,8,0.020075559616088867,0.0025094449520111084,True
8,1461,1784808056.5034752,8,0.01922607421875,0.00240325927734375,True
8,1462,1784808056.5231335,8,0.020143508911132812,0.0025179386138916016,True
8,1463,1784808056.5436516,8,0.0210721492767334,0.002634018659591675,True
8,1464,1784808056.565183,8,0.02000284194946289,0.0025003552436828613,True
8,1465,1784808056.5856237,8,0.021663188934326172,0.0027078986167907715,True
8,1466,1784808056.607649,8,0.018805503845214844,0.0023506879806518555,True
8,1467,1784808056.6268299,8,0.020110368728637695,0.002513796091079712,True
8,1468,1784808056.647402,8,0.02045917510986328,0.00255739688873291,True
8,1469,1784808056.6683316,8,0.02034616470336914,0.0025432705879211426,True
8,1470,1784808056.688996,8,0.019527435302734375,0.002440929412841797,True
8,1471,1784808056.7090313,8,0.019695520401000977,0.002461940050125122,True
8,1472,1784808056.729086,8,0.021144390106201172,0.0026430487632751465,True
8,1473,1784808056.7505143,8,0.01825881004333496,0.00228235125541687,True
8,1474,1784808056.7690907,8,0.01998448371887207,0.002498060464859009,True
8,1475,1784808056.7894256,8,0.020634174346923828,0.0025792717933654785,True
8,1476,1784808056.810364,8,0.020322084426879883,0.0025402605533599854,True
8,1477,1784808056.8310053,8,0.019275903701782227,0.0024094879627227783,True
8,1478,1784808056.8506198,8,0.018497705459594727,0.002312213182449341,True
8,1479,1784808056.8696134,8,0.018397092819213867,0.0022996366024017334,True
8,1480,1784808056.8883226,8,0.021470069885253906,0.0026837587356567383,True
8,1481,1784808056.9100823,8,0.019736051559448242,0.0024670064449310303,True
8,1482,1784808056.9304364,8,0.020769357681274414,0.0025961697101593018,True
8,1483,1784808056.9516327,8,0.0186612606048584,0.0023326575756073,True
8,1484,1784808056.9706807,8,0.019703388214111328,0.002462923526763916,True
8,1485,1784808056.991403,8,0.019545793533325195,0.0024432241916656494,True
8,1486,1784808057.0113118,8,0.021091699600219727,0.002636462450027466,True
8,1487,1784808057.032665,8,0.018715620040893555,0.0023394525051116943,True
8,1488,1784808057.0517714,8,0.020837068557739258,0.0026046335697174072,True
8,1489,1784808057.0730166,8,0.019353628158569336,0.002419203519821167,True
8,1490,1784808057.0936198,8,0.021451950073242188,0.0026814937591552734,True
8,1491,1784808057.1155438,8,0.01789569854736328,0.00223696231842041,True
8,1492,1784808057.1339312,8,0.020837783813476562,0.0026047229766845703,True
8,1493,1784808057.1553574,8,0.019978761672973633,0.002497345209121704,True
8,1494,1784808057.1760108,8,0.01980876922607422,0.0024760961532592773,True
8,1495,1784808057.1961448,8,0.019196271896362305,0.002399533987045288,True
8,1496,1784808057.215844,8,0.01927495002746582,0.0024093687534332275,True
8,1497,1784808057.235551,8,0.021567106246948242,0.0026958882808685303,True
8,1498,1784808057.2575648,8,0.02060246467590332,0.002575308084487915,True
8,1499,1784808057.2785273,8,0.018845558166503906,0.0023556947708129883,True
8,1500,1784808057.2977579,8,0.020316362380981445,0.0025395452976226807,True
8,1501,1784808057.3186238,8,0.019324302673339844,0.0024155378341674805,True
8,1502,1784808057.338312,8,0.01895594596862793,0.002369493246078491,True
8,1503,1784808057.3576016,8,0.019953250885009766,0.0024941563606262207,True
8,1504,1784808057.3778784,8,0.01934957504272461,0.002418696880340576,True
8,1505,1784808057.3976135,8,0.01995086669921875,0.0024938583374023438,True
8,1506,1784808057.4179938,8,0.01979517936706543,0.0024743974208831787,True
8,1507,1784808057.4381616,8,0.019699573516845703,0.002462446689605713,True
8,1508,1784808057.4581048,8,0.02288222312927246,0.0028602778911590576,True
8,1509,1784808057.4813397,8,0.018167495727539062,0.002270936965942383,True
8,1510,1784808057.499747,8,0.02083134651184082,0.0026039183139801025,True
8,1511,1784808057.5208514,8,0.020832061767578125,0.0026040077209472656,True
8,1512,1784808057.5420399,8,0.0186312198638916,0.00232890248298645,True
8,1513,1784808057.5609813,8,0.019520282745361328,0.002440035343170166,True
8,1514,1784808057.5808532,8,0.019044876098632812,0.0023806095123291016,True
8,1515,1784808057.6005688,8,0.02135324478149414,0.0026691555976867676,True
8,1516,1784808057.622322,8,0.01961064338684082,0.0024513304233551025,True
8,1517,1784808057.6423547,8,0.02028942108154297,0.002536177635192871,True
8,1518,1784808057.6630414,8,0.020176172256469727,0.002522021532058716,True
8,1519,1784808057.6835663,8,0.01903843879699707,0.002379804849624634,True
8,1520,1784808057.7028894,8,0.02243328094482422,0.0028041601181030273,True
8,1521,1784808057.7256453,8,0.0200502872467041,0.0025062859058380127,True
8,1522,1784808057.7460864,8,0.01950359344482422,0.0024379491806030273,True
8,1523,1784808057.7660484,8,0.018741846084594727,0.002342730760574341,True
8,1524,1784808057.785106,8,0.021031618118286133,0.0026289522647857666,True
8,1525,1784808057.8064077,8,0.019206762313842773,0.0024008452892303467,True
8,1526,1784808057.8259673,8,0.019533157348632812,0.0024416446685791016,True
8,1527,1784808057.8458886,8,0.01980423927307129,0.002475529909133911,True
8,1528,1784808057.8660672,8,0.021212100982666016,0.002651512622833252,True
8,1529,1784808057.8875592,8,0.021574020385742188,0.0026967525482177734,True
8,1530,1784808057.909435,8,0.019900798797607422,0.0024875998497009277,True
8,1531,1784808057.9300475,8,0.019091367721557617,0.002386420965194702,True
8,1532,1784808057.9494145,8,0.02144908905029297,0.002681136131286621,True
8,1533,1784808057.971564,8,0.020017147064208984,0.002502143383026123,True
8,1534,1784808057.9919157,8,0.019140005111694336,0.002392500638961792,True
8,1535,1784808058.0113785,8,0.020735740661621094,0.0025919675827026367,True
8,1536,1784808058.0325284,8,0.020437955856323242,0.0025547444820404053,True
8,1537,1784808058.0532484,8,0.020827293395996094,0.0026034116744995117,True
8,1538,1784808058.0747223,8,0.02065753936767578,0.0025821924209594727,True
8,1539,1784808058.0960016,8,0.020205020904541016,0.002525627613067627,True
8,1540,1784808058.1166546,8,0.02087569236755371,0.002609461545944214,True
8,1541,1784808058.1382039,8,0.01962733268737793,0.002453416585922241,True
8,1542,1784808058.1583195,8,0.022229433059692383,0.002778679132461548,True
8,1543,1784808058.180819,8,0.019711971282958984,0.002463996410369873,True
8,1544,1784808058.2008927,8,0.01949930191040039,0.002437412738800049,True
8,1545,1784808058.2207143,8,0.020407438278198242,0.0025509297847747803,True
8,1546,1784808058.241554,8,0.021100521087646484,0.0026375651359558105,True
8,1547,1784808058.26312,8,0.018105030059814453,0.0022631287574768066,True
8,1548,1784808058.281776,8,0.02094745635986328,0.00261843204498291,True
8,1549,1784808058.3033197,8,0.01980280876159668,0.002475351095199585,True
8,1550,1784808058.323652,8,0.02221226692199707,0.002776533365249634,True
8,1551,1784808058.346978,8,0.02095198631286621,0.0026189982891082764,True
8,1552,1784808058.3682792,8,0.022135257720947266,0.002766907215118408,True
8,1553,1784808058.3908057,8,0.020149707794189453,0.0025187134742736816,True
8,1554,1784808058.4113193,8,0.01977252960205078,0.0024715662002563477,True
8,1555,1784808058.4316113,8,0.019700288772583008,0.002462536096572876,True
8,1556,1784808058.451677,8,0.020906686782836914,0.0026133358478546143,True
8,1557,1784808058.4731548,8,0.020471811294555664,0.002558976411819458,True
8,1558,1784808058.4942317,8,0.020928382873535156,0.0026160478591918945,True
8,1559,1784808058.515597,8,0.019590139389038086,0.0024487674236297607,True
8,1560,1784808058.535512,8,0.02125406265258789,0.0026567578315734863,True
8,1561,1784808058.5572765,8,0.021340370178222656,0.002667546272277832,True
8,1562,1784808058.578947,8,0.02184438705444336,0.00273054838180542,True
8,1563,1784808058.6012986,8,0.02063584327697754,0.0025794804096221924,True
8,1564,1784808058.622281,8,0.02087712287902832,0.00260964035987854,True
8,1565,1784808058.6434042,8,0.018052339553833008,0.002256542444229126,True
8,1566,1784808058.6618774,8,0.02055668830871582,0.0025695860385894775,True
8,1567,1784808058.6831596,8,0.020831823348999023,0.002603977918624878,True
8,1568,1784808058.705097,8,0.020512104034423828,0.0025640130043029785,True
8,1569,1784808058.7259097,8,0.021470308303833008,0.002683788537979126,True
8,1570,1784808058.7482233,8,0.019639968872070312,0.002454996109008789,True
8,1571,1784808058.76823,8,0.022842884063720703,0.002855360507965088,True
8,1572,1784808058.7913456,8,0.02207469940185547,0.0027593374252319336,True
8,1573,1784808058.8137307,8,0.01994609832763672,0.00249326229095459,True
8,1574,1784808058.8340704,8,0.019841670989990234,0.0024802088737487793,True
8,1575,1784808058.8544211,8,0.02088332176208496,0.00261041522026062,True
8,1576,1784808058.875699,8,0.020467519760131836,0.0025584399700164795,True
8,1577,1784808058.89692,8,0.020609378814697266,0.002576172351837158,True
8,1578,1784808058.9179225,8,0.01952362060546875,0.0024404525756835938,True
8,1579,1784808058.9379468,8,0.021033525466918945,0.002629190683364868,True
8,1580,1784808058.9593906,8,0.020401477813720703,0.002550184726715088,True
8,1581,1784808058.980112,8,0.020375490188598633,0.002546936273574829,True
8,1582,1784808059.0010288,8,0.019686460494995117,0.0024608075618743896,True
8,1583,1784808059.021101,8,0.01962900161743164,0.002453625202178955,True
8,1584,1784808059.0410776,8,0.020562410354614258,0.0025703012943267822,True
8,1585,1784808059.0619893,8,0.020893096923828125,0.0026116371154785156,True
8,1586,1784808059.0831792,8,0.019967079162597656,0.002495884895324707,True
8,1587,1784808059.1036665,8,0.019894838333129883,0.0024868547916412354,True
8,1588,1784808059.1239035,8,0.01984119415283203,0.002480149269104004,True
8,1589,1784808059.1453173,8,0.01933741569519043,0.0024171769618988037,True
8,1590,1784808059.1650574,8,0.020581960678100586,0.0025727450847625732,True
8,1591,1784808059.1859837,8,0.01997828483581543,0.0024972856044769287,True
8,1592,1784808059.206455,8,0.0196382999420166,0.002454787492752075,True
8,1593,1784808059.226437,8,0.019741058349609375,0.002467632293701172,True
8,1594,1784808059.2465377,8,0.020589113235473633,0.002573639154434204,True
8,1595,1784808059.2674704,8,0.020397663116455078,0.0025497078895568848,True
8,1596,1784808059.2882118,8,0.019945144653320312,0.002493143081665039,True
8,1597,1784808059.3084764,8,0.01968526840209961,0.002460658550262451,True
8,1598,1784808059.3284428,8,0.01938009262084961,0.002422511577606201,True
8,1599,1784808059.3481472,8,0.019673585891723633,0.002459198236465454,True
8,1600,1784808059.3682604,8,0.021244287490844727,0.002655535936355591,True
8,1601,1784808059.3901293,8,0.01929450035095215,0.0024118125438690186,True
8,1602,1784808059.409765,8,0.019932031631469727,0.002491503953933716,True
8,1603,1784808059.4300454,8,0.019496679306030273,0.002437084913253784,True
8,1604,1784808059.4497845,8,0.020866870880126953,0.002608358860015869,True
8,1605,1784808059.471039,8,0.020636796951293945,0.002579599618911743,True
8,1606,1784808059.4920468,8,0.019361495971679688,0.002420186996459961,True
8,1607,1784808059.511738,8,0.01995110511779785,0.0024938881397247314,True
8,1608,1784808059.5320468,8,0.02080368995666504,0.00260046124458313,True
8,1609,1784808059.5531726,8,0.0205838680267334,0.002572983503341675,True
8,1610,1784808059.574391,8,0.019994258880615234,0.0024992823600769043,True
8,1611,1784808059.5948672,8,0.01998615264892578,0.0024982690811157227,True
8,1612,1784808059.6155083,8,0.018674612045288086,0.0023343265056610107,True
8,1613,1784808059.6345522,8,0.021480321884155273,0.002685040235519409,True
8,1614,1784808059.6564221,8,0.020763874053955078,0.0025954842567443848,True
8,1615,1784808059.677747,8,0.019267559051513672,0.002408444881439209,True
8,1616,1784808059.6973262,8,0.019497156143188477,0.0024371445178985596,True
8,1617,1784808059.7171018,8,0.022556543350219727,0.002819567918777466,True
8,1618,1784808059.740017,8,0.018802165985107422,0.0023502707481384277,True
8,1619,1784808059.759118,8,0.01881575584411621,0.0023519694805145264,True
8,1620,1784808059.7782583,8,0.020924806594848633,0.002615600824356079,True
8,1621,1784808059.799599,8,0.019600391387939453,0.0024500489234924316,True
8,1622,1784808059.8201282,8,0.019842863082885742,0.0024803578853607178,True
8,1623,1784808059.8403912,8,0.020557641983032227,0.0025697052478790283,True
8,1624,1784808059.8614244,8,0.020102500915527344,0.002512812614440918,True
8,1625,1784808059.8819413,8,0.02050018310546875,0.0025625228881835938,True
8,1626,1784808059.9027603,8,0.019886255264282227,0.0024857819080352783,True
8,1627,1784808059.9232087,8,0.020401716232299805,0.0025502145290374756,True
8,1628,1784808059.9439971,8,0.019378662109375,0.002422332763671875,True
8,1629,1784808059.963777,8,0.0197751522064209,0.0024718940258026123,True
8,1630,1784808059.9841235,8,0.020446062088012695,0.002555757761001587,True
8,1631,1784808060.0048745,8,0.01858997344970703,0.002323746681213379,True
8,1632,1784808060.023854,8,0.01976466178894043,0.0024705827236175537,True
8,1633,1784808060.0440097,8,0.019055604934692383,0.002381950616836548,True
8,1634,1784808060.0633795,8,0.02087569236755371,0.002609461545944214,True
8,1635,1784808060.0846207,8,0.020097017288208008,0.002512127161026001,True
8,1636,1784808060.1050386,8,0.019309520721435547,0.0024136900901794434,True
8,1637,1784808060.1246707,8,0.01976299285888672,0.00247037410736084,True
8,1638,1784808060.1450346,8,0.020022869110107422,0.0025028586387634277,True
8,1639,1784808060.165389,8,0.0211179256439209,0.0026397407054901123,True
8,1640,1784808060.1869473,8,0.01978325843811035,0.002472907304763794,True
8,1641,1784808060.2075293,8,0.02015399932861328,0.00251924991607666,True
8,1642,1784808060.2282434,8,0.020535707473754883,0.0025669634342193604,True
8,1643,1784808060.2495968,8,0.01992201805114746,0.0024902522563934326,True
8,1644,1784808060.2698474,8,0.018706560134887695,0.002338320016860962,True
8,1645,1784808060.2889385,8,0.019482851028442383,0.002435356378555298,True
8,1646,1784808060.308825,8,0.01984715461730957,0.0024808943271636963,True
8,1647,1784808060.3290844,8,0.020951509475708008,0.002618938684463501,True
8,1648,1784808060.3504193,8,0.021083354949951172,0.0026354193687438965,True
8,1649,1784808060.3717794,8,0.020289897918701172,0.0025362372398376465,True
8,1650,1784808060.39245,8,0.020900249481201172,0.0026125311851501465,True
8,1651,1784808060.4136143,8,0.018400907516479492,0.0023001134395599365,True
8,1652,1784808060.432332,8,0.019788742065429688,0.002473592758178711,True
8,1653,1784808060.452454,8,0.01933574676513672,0.00241696834564209,True
8,1654,1784808060.4720893,8,0.019732236862182617,0.002466529607772827,True
8,1655,1784808060.492092,8,0.021465539932250977,0.002683192491531372,True
8,1656,1784808060.513811,8,0.02264690399169922,0.0028308629989624023,True
8,1657,1784808060.5367494,8,0.01777195930480957,0.0022214949131011963,True
8,1658,1784808060.5548012,8,0.01981353759765625,0.0024766921997070312,True
8,1659,1784808060.5748866,8,0.020406007766723633,0.002550750970840454,True
8,1660,1784808060.5956757,8,0.02047133445739746,0.0025589168071746826,True
8,1661,1784808060.616431,8,0.019488811492919922,0.0024361014366149902,True
8,1662,1784808060.6365097,8,0.020869016647338867,0.0026086270809173584,True
8,1663,1784808060.6578035,8,0.01944708824157715,0.0024308860301971436,True
8,1664,1784808060.6778688,8,0.02103424072265625,0.0026292800903320312,True
8,1665,1784808060.699831,8,0.01993870735168457,0.0024923384189605713,True
8,1666,1784808060.720156,8,0.02022695541381836,0.002528369426727295,True
8,1667,1784808060.7407684,8,0.018604516983032227,0.0023255646228790283,True
8,1668,1784808060.7597437,8,0.020183563232421875,0.0025229454040527344,True
8,1669,1784808060.7802997,8,0.02093815803527832,0.00261726975440979,True
8,1670,1784808060.801581,8,0.020578384399414062,0.002572298049926758,True
8,1671,1784808060.8225844,8,0.020435810089111328,0.002554476261138916,True
8,1672,1784808060.8436043,8,0.02029585838317871,0.002536982297897339,True
8,1673,1784808060.8642473,8,0.019909381866455078,0.0024886727333068848,True
8,1674,1784808060.884583,8,0.017976999282836914,0.0022471249103546143,True
8,1675,1784808060.903163,8,0.023598194122314453,0.0029497742652893066,True
8,1676,1784808060.9273212,8,0.017994165420532227,0.0022492706775665283,True
8,1677,1784808060.9456272,8,0.01978158950805664,0.00247269868850708,True
8,1678,1784808060.9663575,8,0.020023107528686523,0.0025028884410858154,True
8,1679,1784808060.9867756,8,0.022639751434326172,0.0028299689292907715,True
8,1680,1784808061.009874,8,0.01948690414428711,0.0024358630180358887,True
8,1681,1784808061.0297863,8,0.020484209060668945,0.002560526132583618,True
8,1682,1784808061.050605,8,0.02192091941833496,0.00274011492729187,True
8,1683,1784808061.0728273,8,0.01865363121032715,0.0023317039012908936,True
8,1684,1784808061.0919971,8,0.020269393920898438,0.0025336742401123047,True
8,1685,1784808061.112514,8,0.021276235580444336,0.002659529447555542,True
8,1686,1784808061.134259,8,0.020778179168701172,0.0025972723960876465,True
8,1687,1784808061.1555176,8,0.01929640769958496,0.00241205096244812,True
8,1688,1784808061.1752656,8,0.01848888397216797,0.002311110496520996,True
8,1689,1784808061.1943574,8,0.019364356994628906,0.0024205446243286133,True
8,1690,1784808061.2140677,8,0.02056288719177246,0.0025703608989715576,True
8,1691,1784808061.2350771,8,0.021358728408813477,0.0026698410511016846,True
8,1692,1784808061.2577462,8,0.020733118057250977,0.002591639757156372,True
8,1693,1784808061.2794905,8,0.019286155700683594,0.0024107694625854492,True
8,1694,1784808061.2996383,8,0.021871089935302734,0.002733886241912842,True
8,1695,1784808061.3223445,8,0.01922321319580078,0.0024029016494750977,True
8,1696,1784808061.3420465,8,0.021416902542114258,0.0026771128177642822,True
8,1697,1784808061.3638937,8,0.019180774688720703,0.002397596836090088,True
8,1698,1784808061.3836298,8,0.02044081687927246,0.0025551021099090576,True
8,1699,1784808061.4044347,8,0.019155502319335938,0.002394437789916992,True
8,1700,1784808061.4241087,8,0.019484281539916992,0.002435535192489624,True
8,1701,1784808061.4439313,8,0.021307706832885742,0.0026634633541107178,True
8,1702,1784808061.4655526,8,0.018227100372314453,0.0022783875465393066,True
8,1703,1784808061.484166,8,0.02239847183227539,0.002799808979034424,True
8,1704,1784808061.5070505,8,0.0232241153717041,0.0029030144214630127,True
8,1705,1784808061.5305567,8,0.01706695556640625,0.0021333694458007812,True
8,1706,1784808061.5479686,8,0.022067785263061523,0.0027584731578826904,True
8,1707,1784808061.5703766,8,0.01985025405883789,0.0024812817573547363,True
8,1708,1784808061.5905173,8,0.02034449577331543,0.0025430619716644287,True
8,1709,1784808061.6113238,8,0.01935100555419922,0.0024188756942749023,True
8,1710,1784808061.6310112,8,0.020414113998413086,0.0025517642498016357,True
8,1711,1784808061.65175,8,0.02007269859313965,0.002509087324142456,True
8,1712,1784808061.6721838,8,0.0218050479888916,0.00272563099861145,True
8,1713,1784808061.6944003,8,0.019646644592285156,0.0024558305740356445,True
8,1714,1784808061.7143412,8,0.021851539611816406,0.0027314424514770508,True
8,1715,1784808061.7366536,8,0.01929163932800293,0.002411454916000366,True
8,1716,1784808061.7562811,8,0.019730567932128906,0.0024663209915161133,True
8,1717,1784808061.7769427,8,0.02056121826171875,0.0025701522827148438,True
8,1718,1784808061.7979746,8,0.0195157527923584,0.0024394690990448,True
8,1719,1784808061.8180876,8,0.022198915481567383,0.002774864435195923,True
8,1720,1784808061.840576,8,0.02116250991821289,0.0026453137397766113,True
8,1721,1784808061.862082,8,0.019632577896118164,0.0024540722370147705,True
8,1722,1784808061.882192,8,0.020999670028686523,0.0026249587535858154,True
8,1723,1784808061.9036434,8,0.01929330825805664,0.00241166353225708,True
8,1724,1784808061.9233093,8,0.018543243408203125,0.0023179054260253906,True
8,1725,1784808061.9424,8,0.0214078426361084,0.00267598032951355,True
8,1726,1784808061.9642003,8,0.018944501876831055,0.002368062734603882,True
8,1727,1784808061.983611,8,0.021078109741210938,0.002634763717651367,True
8,1728,1784808062.0050406,8,0.020659208297729492,0.0025824010372161865,True
8,1729,1784808062.0260653,8,0.02051234245300293,0.002564042806625366,True
8,1730,1784808062.046997,8,0.02190709114074707,0.002738386392593384,True
8,1731,1784808062.069362,8,0.020115137100219727,0.002514392137527466,True
8,1732,1784808062.0899272,8,0.021422863006591797,0.0026778578758239746,True
8,1733,1784808062.1119595,8,0.020644187927246094,0.0025805234909057617,True
8,1734,1784808062.133103,8,0.01860213279724121,0.0023252665996551514,True
8,1735,1784808062.1522915,8,0.020461320877075195,0.0025576651096343994,True
8,1736,1784808062.1732333,8,0.01984429359436035,0.002480536699295044,True
8,1737,1784808062.1936069,8,0.019778013229370117,0.0024722516536712646,True
8,1738,1784808062.2137551,8,0.02166914939880371,0.002708643674850464,True
8,1739,1784808062.2357721,8,0.022541284561157227,0.0028176605701446533,True
8,1740,1784808062.2588413,8,0.018889904022216797,0.0023612380027770996,True
8,1741,1784808062.2780678,8,0.021764039993286133,0.0027205049991607666,True
8,1742,1784808062.3002636,8,0.021022558212280273,0.002627819776535034,True
8,1743,1784808062.3216496,8,0.021059274673461914,0.0026324093341827393,True
8,1744,1784808062.3431728,8,0.019314289093017578,0.0024142861366271973,True
8,1745,1784808062.362926,8,0.021672964096069336,0.002709120512008667,True
8,1746,1784808062.384938,8,0.02156543731689453,0.0026956796646118164,True
8,1747,1784808062.4068747,8,0.0185546875,0.0023193359375,True
8,1748,1784808062.4256995,8,0.02104020118713379,0.0026300251483917236,True
8,1749,1784808062.44717,8,0.01791667938232422,0.0022395849227905273,True
8,1750,1784808062.465392,8,0.020603179931640625,0.002575397491455078,True
8,1751,1784808062.4862962,8,0.02216625213623047,0.0027707815170288086,True
8,1752,1784808062.50894,8,0.021921873092651367,0.002740234136581421,True
8,1753,1784808062.5312212,8,0.02134418487548828,0.002668023109436035,True
8,1754,1784808062.5529075,8,0.0213925838470459,0.0026740729808807373,True
8,1755,1784808062.5747283,8,0.020238637924194336,0.002529829740524292,True
8,1756,1784808062.5953517,8,0.02340531349182129,0.002925664186477661,True
8,1757,1784808062.6191244,8,0.021677494049072266,0.002709686756134033,True
8,1758,1784808062.641181,8,0.018610477447509766,0.0023263096809387207,True
8,1759,1784808062.660164,8,0.020505428314208984,0.002563178539276123,True
8,1760,1784808062.6811895,8,0.019387245178222656,0.002423405647277832,True
8,1761,1784808062.7010043,8,0.018893003463745117,0.0023616254329681396,True
8,1762,1784808062.7202842,8,0.023653268814086914,0.0029566586017608643,True
8,1763,1784808062.7443502,8,0.018924713134765625,0.002365589141845703,True
8,1764,1784808062.7636774,8,0.019148826599121094,0.0023936033248901367,True
8,1765,1784808062.7831078,8,0.020326852798461914,0.0025408565998077393,True
8,1766,1784808062.8039515,8,0.01847100257873535,0.002308875322341919,True
8,1767,1784808062.8228173,8,0.019397735595703125,0.0024247169494628906,True
8,1768,1784808062.842575,8,0.019989728927612305,0.002498716115951538,True
8,1769,1784808062.862964,8,0.02045154571533203,0.002556443214416504,True
8,1770,1784808062.883679,8,0.019469738006591797,0.0024337172508239746,True
8,1771,1784808062.903521,8,0.02025008201599121,0.0025312602519989014,True
8,1772,1784808062.9240618,8,0.020803213119506836,0.0026004016399383545,True
8,1773,1784808062.9452171,8,0.021450281143188477,0.0026812851428985596,True
8,1774,1784808062.9669483,8,0.020915985107421875,0.0026144981384277344,True
8,1775,1784808062.9883502,8,0.020357131958007812,0.0025446414947509766,True
8,1776,1784808063.0090744,8,0.020054101943969727,0.002506762742996216,True
8,1777,1784808063.0295818,8,0.022542476654052734,0.002817809581756592,True
8,1778,1784808063.0529027,8,0.019754886627197266,0.002469360828399658,True
8,1779,1784808063.0737543,8,0.02039933204650879,0.0025499165058135986,True
8,1780,1784808063.0947719,8,0.02043461799621582,0.0025543272495269775,True
8,1781,1784808063.1155288,8,0.020903348922729492,0.0026129186153411865,True
8,1782,1784808063.1369598,8,0.019080638885498047,0.002385079860687256,True
8,1783,1784808063.1564288,8,0.020514488220214844,0.0025643110275268555,True
8,1784,1784808063.1773512,8,0.02019047737121582,0.0025238096714019775,True
8,1785,1784808063.1981227,8,0.02001023292541504,0.00250127911567688,True
8,1786,1784808063.218559,8,0.018805742263793945,0.002350717782974243,True
8,1787,1784808063.237686,8,0.02202630043029785,0.0027532875537872314,True
8,1788,1784808063.260301,8,0.023746013641357422,0.0029682517051696777,True
8,1789,1784808063.284482,8,0.019968271255493164,0.0024960339069366455,True
8,1790,1784808063.3047738,8,0.020644187927246094,0.0025805234909057617,True
8,1791,1784808063.325932,8,0.019073963165283203,0.0023842453956604004,True
8,1792,1784808063.3453705,8,0.02193450927734375,0.0027418136596679688,True
8,1793,1784808063.3677194,8,0.021373748779296875,0.0026717185974121094,True
8,1794,1784808063.3895838,8,0.019323110580444336,0.002415388822555542,True
8,1795,1784808063.4095309,8,0.019330263137817383,0.002416282892227173,True
8,1796,1784808063.4293997,8,0.020165681838989258,0.0025207102298736572,True
8,1797,1784808063.4502864,8,0.020436763763427734,0.002554595470428467,True
8,1798,1784808063.4712272,8,0.02092742919921875,0.0026159286499023438,True
8,1799,1784808063.492573,8,0.020121097564697266,0.002515137195587158,True
8,1800,1784808063.5138814,8,0.018584251403808594,0.0023230314254760742,True
8,1801,1784808063.5328534,8,0.021044254302978516,0.0026305317878723145,True
8,1802,1784808063.5555918,8,0.02016925811767578,0.0025211572647094727,True
8,1803,1784808063.576067,8,0.019597530364990234,0.0024496912956237793,True
8,1804,1784808063.5962605,8,0.01865077018737793,0.002331346273422241,True
8,1805,1784808063.6156337,8,0.020999670028686523,0.0026249587535858154,True
8,1806,1784808063.6373186,8,0.020560741424560547,0.0025700926780700684,True
8,1807,1784808063.6584437,8,0.021004915237426758,0.0026256144046783447,True
8,1808,1784808063.680065,8,0.020156383514404297,0.002519547939300537,True
8,1809,1784808063.700956,8,0.02190995216369629,0.002738744020462036,True
8,1810,1784808063.723396,8,0.020502567291259766,0.0025628209114074707,True
8,1811,1784808063.7442157,8,0.020386695861816406,0.0025483369827270508,True
8,1812,1784808063.7652671,8,0.021988391876220703,0.002748548984527588,True
8,1813,1784808063.7885454,8,0.018611431121826172,0.0023264288902282715,True
8,1814,1784808063.8076215,8,0.019369840621948242,0.0024212300777435303,True
8,1815,1784808063.8274796,8,0.02172708511352539,0.002715885639190674,True
8,1816,1784808063.8496141,8,0.020616531372070312,0.002577066421508789,True
8,1817,1784808063.870626,8,0.02008223533630371,0.002510279417037964,True
8,1818,1784808063.8909888,8,0.0191342830657959,0.0023917853832244873,True
8,1819,1784808063.9106476,8,0.022481441497802734,0.002810180187225342,True
8,1820,1784808063.9335678,8,0.02069568634033203,0.002586960792541504,True
8,1821,1784808063.9545596,8,0.019968748092651367,0.002496093511581421,True
8,1822,1784808063.9748774,8,0.024080276489257812,0.0030100345611572266,True
8,1823,1784808063.9993794,8,0.021845579147338867,0.0027306973934173584,True
8,1824,1784808064.021734,8,0.019941329956054688,0.002492666244506836,True
8,1825,1784808064.0421348,8,0.020112991333007812,0.0025141239166259766,True
8,1826,1784808064.062659,8,0.024839162826538086,0.0031048953533172607,True
8,1827,1784808064.0880792,8,0.017977237701416016,0.002247154712677002,True
8,1828,1784808064.1063683,8,0.020991802215576172,0.0026239752769470215,True
8,1829,1784808064.1277127,8,0.018851518630981445,0.0023564398288726807,True
8,1830,1784808064.1470084,8,0.019377470016479492,0.0024221837520599365,True
8,1831,1784808064.1666787,8,0.020657777786254883,0.0025822222232818604,True
8,1832,1784808064.1876693,8,0.022998809814453125,0.0028748512268066406,True
8,1833,1784808064.211055,8,0.020888566970825195,0.0026110708713531494,True
8,1834,1784808064.2325733,8,0.021407604217529297,0.002675950527191162,True
8,1835,1784808064.2545247,8,0.020996809005737305,0.002624601125717163,True
8,1836,1784808064.2759538,8,0.020049333572387695,0.002506166696548462,True
8,1837,1784808064.2968366,8,0.020469188690185547,0.0025586485862731934,True
8,1838,1784808064.3176987,8,0.02105569839477539,0.002631962299346924,True
8,1839,1784808064.3392286,8,0.021299123764038086,0.0026623904705047607,True
8,1840,1784808064.3614647,8,0.02005791664123535,0.002507239580154419,True
8,1841,1784808064.3820183,8,0.022622346878051758,0.0028277933597564697,True
8,1842,1784808064.4052477,8,0.017822265625,0.002227783203125,True
8,1843,1784808064.4234283,8,0.02049732208251953,0.0025621652603149414,True
8,1844,1784808064.4444103,8,0.019461393356323242,0.0024326741695404053,True
8,1845,1784808064.464185,8,0.021600961685180664,0.002700120210647583,True
8,1846,1784808064.4861457,8,0.023972749710083008,0.002996593713760376,True
8,1847,1784808064.5104723,8,0.017730236053466797,0.0022162795066833496,True
8,1848,1784808064.5285532,8,0.01960587501525879,0.0024507343769073486,True
8,1849,1784808064.5485098,8,0.019673824310302734,0.002459228038787842,True
8,1850,1784808064.5689077,8,0.019565582275390625,0.002445697784423828,True
8,1851,1784808064.5888374,8,0.020719289779663086,0.0025899112224578857,True
8,1852,1784808064.6099167,8,0.019265413284301758,0.0024081766605377197,True
8,1853,1784808064.6295202,8,0.022166013717651367,0.002770751714706421,True
8,1854,1784808064.6519809,8,0.018723487854003906,0.0023404359817504883,True
8,1855,1784808064.6711786,8,0.021392107009887695,0.002674013376235962,True
8,1856,1784808064.6929405,8,0.02002239227294922,0.0025027990341186523,True
8,1857,1784808064.713553,8,0.020616531372070312,0.002577066421508789,True
8,1858,1784808064.7349548,8,0.020982980728149414,0.0026228725910186768,True
8,1859,1784808064.7566893,8,0.019721031188964844,0.0024651288986206055,True
8,1860,1784808064.7767942,8,0.020122051239013672,0.002515256404876709,True
8,1861,1784808064.7973173,8,0.020041942596435547,0.0025052428245544434,True
8,1862,1784808064.817701,8,0.02082347869873047,0.0026029348373413086,True
8,1863,1784808064.838973,8,0.02200794219970703,0.002750992774963379,True
8,1864,1784808064.861385,8,0.018795490264892578,0.0023494362831115723,True
8,1865,1784808064.8806727,8,0.02158951759338379,0.0026986896991729736,True
8,1866,1784808064.9026217,8,0.019577503204345703,0.002447187900543213,True
8,1867,1784808064.9225368,8,0.022235393524169922,0.0027794241905212402,True
8,1868,1784808064.9452348,8,0.019568920135498047,0.002446115016937256,True
8,1869,1784808064.965222,8,0.019913673400878906,0.0024892091751098633,True
8,1870,1784808064.98586,8,0.02031850814819336,0.00253981351852417,True
8,1871,1784808065.0067897,8,0.01958298683166504,0.00244787335395813,True
8,1872,1784808065.0267875,8,0.024013042449951172,0.0030016303062438965,True
8,1873,1784808065.0513687,8,0.019268035888671875,0.0024085044860839844,True
8,1874,1784808065.0709167,8,0.020804405212402344,0.002600550651550293,True
8,1875,1784808065.0921128,8,0.02025151252746582,0.0025314390659332275,True
8,1876,1784808065.112639,8,0.022158145904541016,0.002769768238067627,True
8,1877,1784808065.1353314,8,0.02052617073059082,0.0025657713413238525,True
8,1878,1784808065.1564643,8,0.02228832244873047,0.0027860403060913086,True
8,1879,1784808065.1794934,8,0.022298097610473633,0.002787262201309204,True
8,1880,1784808065.202644,8,0.019829988479614258,0.0024787485599517822,True
8,1881,1784808065.2229307,8,0.02197432518005371,0.002746790647506714,True
8,1882,1784808065.2454624,8,0.02138376235961914,0.0026729702949523926,True
8,1883,1784808065.2678788,8,0.019960641860961914,0.0024950802326202393,True
8,1884,1784808065.2881718,8,0.021108150482177734,0.002638518810272217,True
8,1885,1784808065.309694,8,0.021669626235961914,0.0027087032794952393,True
8,1886,1784808065.3318079,8,0.0201876163482666,0.002523452043533325,True
8,1887,1784808065.3523855,8,0.020302295684814453,0.0025377869606018066,True
8,1888,1784808065.3730009,8,0.020424604415893555,0.0025530755519866943,True
8,1889,1784808065.3938482,8,0.019664525985717773,0.0024580657482147217,True
8,1890,1784808065.4138334,8,0.020798444747924805,0.0025998055934906006,True
8,1891,1784808065.4355438,8,0.022000789642333984,0.002750098705291748,True
8,1892,1784808065.458072,8,0.021230459213256836,0.0026538074016571045,True
8,1893,1784808065.479615,8,0.020586729049682617,0.002573341131210327,True
8,1894,1784808065.5006502,8,0.0198976993560791,0.0024872124195098877,True
8,1895,1784808065.5208898,8,0.020786762237548828,0.0025983452796936035,True
8,1896,1784808065.542001,8,0.020554304122924805,0.0025692880153656006,True
8,1897,1784808065.562959,8,0.020312070846557617,0.002539008855819702,True
8,1898,1784808065.583782,8,0.02050948143005371,0.002563685178756714,True
8,1899,1784808065.604631,8,0.02092742919921875,0.0026159286499023438,True
8,1900,1784808065.6258314,8,0.01863884925842285,0.0023298561573028564,True
8,1901,1784808065.6453824,8,0.020847082138061523,0.0026058852672576904,True
8,1902,1784808065.666611,8,0.02024984359741211,0.0025312304496765137,True
8,1903,1784808065.6873987,8,0.019518375396728516,0.0024397969245910645,True
8,1904,1784808065.7073197,8,0.021578073501586914,0.0026972591876983643,True
8,1905,1784808065.7292094,8,0.022104978561401367,0.002763122320175171,True
8,1906,1784808065.7517807,8,0.020023584365844727,0.002502948045730591,True
8,1907,1784808065.7721407,8,0.019687414169311523,0.0024609267711639404,True
8,1908,1784808065.792239,8,0.023162364959716797,0.0028952956199645996,True
8,1909,1784808065.8157206,8,0.0203855037689209,0.0025481879711151123,True
8,1910,1784808065.8364928,8,0.01982712745666504,0.00247839093208313,True
8,1911,1784808065.8566878,8,0.020823240280151367,0.002602905035018921,True
8,1912,1784808065.8778346,8,0.019842147827148438,0.0024802684783935547,True
8,1913,1784808065.898041,8,0.020419597625732422,0.0025524497032165527,True
8,1914,1784808065.9187627,8,0.019932270050048828,0.0024915337562561035,True
8,1915,1784808065.93902,8,0.021253347396850586,0.0026566684246063232,True
8,1916,1784808065.9607759,8,0.019174814224243164,0.0023968517780303955,True
8,1917,1784808065.9803202,8,0.02110910415649414,0.0026386380195617676,True
8,1918,1784808066.0019622,8,0.020529747009277344,0.002566218376159668,True
8,1919,1784808066.022773,8,0.020298480987548828,0.0025373101234436035,True
8,1920,1784808066.0434883,8,0.02161121368408203,0.002701401710510254,True
8,1921,1784808066.0655324,8,0.019390106201171875,0.0024237632751464844,True
8,1922,1784808066.0852609,8,0.023160219192504883,0.0028950273990631104,True
8,1923,1784808066.108948,8,0.021459102630615234,0.0026823878288269043,True
8,1924,1784808066.1307282,8,0.020600080490112305,0.002575010061264038,True
8,1925,1784808066.1517043,8,0.02078080177307129,0.002597600221633911,True
8,1926,1784808066.1728961,8,0.019979000091552734,0.002497375011444092,True
8,1927,1784808066.193539,8,0.02120828628540039,0.002651035785675049,True
8,1928,1784808066.21516,8,0.0200347900390625,0.0025043487548828125,True
8,1929,1784808066.2356305,8,0.020454883575439453,0.0025568604469299316,True
8,1930,1784808066.2568624,8,0.021147966384887695,0.002643495798110962,True
8,1931,1784808066.2784543,8,0.020308732986450195,0.0025385916233062744,True
8,1932,1784808066.2991152,8,0.02069997787475586,0.0025874972343444824,True
8,1933,1784808066.32026,8,0.02202916145324707,0.002753645181655884,True
8,1934,1784808066.3432138,8,0.018851041793823242,0.0023563802242279053,True
8,1935,1784808066.362648,8,0.020853757858276367,0.002606719732284546,True
8,1936,1784808066.3842623,8,0.018826007843017578,0.0023532509803771973,True
8,1937,1784808066.4040644,8,0.020233631134033203,0.0025292038917541504,True
8,1938,1784808066.4254262,8,0.022168874740600586,0.0027711093425750732,True
8,1939,1784808066.4478862,8,0.01900172233581543,0.0023752152919769287,True
8,1940,1784808066.4672606,8,0.0220181941986084,0.00275227427482605,True
8,1941,1784808066.4895833,8,0.020470619201660156,0.0025588274002075195,True
8,1942,1784808066.5105577,8,0.020485639572143555,0.0025607049465179443,True
8,1943,1784808066.531515,8,0.02185225486755371,0.002731531858444214,True
8,1944,1784808066.5538065,8,0.021071672439575195,0.0026339590549468994,True
8,1945,1784808066.5755455,8,0.022546768188476562,0.0028183460235595703,True
8,1946,1784808066.5984795,8,0.021358728408813477,0.0026698410511016846,True
8,1947,1784808066.6201525,8,0.01919269561767578,0.0023990869522094727,True
8,1948,1784808066.639724,8,0.022277116775512695,0.002784639596939087,True
8,1949,1784808066.6625738,8,0.023409605026245117,0.0029262006282806396,True
8,1950,1784808066.6864834,8,0.021135807037353516,0.0026419758796691895,True
8,1951,1784808066.7081401,8,0.02040266990661621,0.0025503337383270264,True
8,1952,1784808066.7288632,8,0.022000551223754883,0.0027500689029693604,True
8,1953,1784808066.7519085,8,0.021828413009643555,0.0027285516262054443,True
8,1954,1784808066.7741566,8,0.021451950073242188,0.0026814937591552734,True
8,1955,1784808066.796058,8,0.02147650718688965,0.002684563398361206,True
8,1956,1784808066.8178313,8,0.021696090698242188,0.0027120113372802734,True
8,1957,1784808066.8399425,8,0.020719528198242188,0.0025899410247802734,True
8,1958,1784808066.8620317,8,0.019556283950805664,0.002444535493850708,True
8,1959,1784808066.881908,8,0.021834850311279297,0.002729356288909912,True
8,1960,1784808066.9040363,8,0.02010488510131836,0.002513110637664795,True
8,1961,1784808066.9244668,8,0.021732091903686523,0.0027165114879608154,True
8,1962,1784808066.9465773,8,0.02025747299194336,0.00253218412399292,True
8,1963,1784808066.9674976,8,0.020730018615722656,0.002591252326965332,True
8,1964,1784808066.9888415,8,0.022243976593017578,0.0027804970741271973,True
8,1965,1784808067.011537,8,0.020919322967529297,0.002614915370941162,True
8,1966,1784808067.0328565,8,0.020753145217895508,0.0025941431522369385,True
8,1967,1784808067.0540898,8,0.01916790008544922,0.0023959875106811523,True
8,1968,1784808067.074361,8,0.019531965255737305,0.002441495656967163,True
8,1969,1784808067.0963702,8,0.01740431785583496,0.00217553973197937,True
8,1970,1784808067.1142085,8,0.01779961585998535,0.002224951982498169,True
8,1971,1784808067.1324875,8,0.02055811882019043,0.0025697648525238037,True
8,1972,1784808067.153389,8,0.019118070602416992,0.002389758825302124,True
8,1973,1784808067.173046,8,0.021013736724853516,0.0026267170906066895,True
8,1974,1784808067.194562,8,0.020415544509887695,0.002551943063735962,True
8,1975,1784808067.2153857,8,0.020658016204833984,0.002582252025604248,True
8,1976,1784808067.236481,8,0.020195722579956055,0.002524465322494507,True
8,1977,1784808067.2573054,8,0.02199530601501465,0.002749413251876831,True
8,1978,1784808067.2797954,8,0.020193815231323242,0.0025242269039154053,True
8,1979,1784808067.300531,8,0.02208876609802246,0.0027610957622528076,True
8,1980,1784808067.3229558,8,0.01900339126586914,0.0023754239082336426,True
8,1981,1784808067.3423357,8,0.021283626556396484,0.0026604533195495605,True
8,1982,1784808067.3644104,8,0.02010345458984375,0.0025129318237304688,True
8,1983,1784808067.3854208,8,0.020816326141357422,0.0026020407676696777,True
8,1984,1784808067.4067605,8,0.020767688751220703,0.002595961093902588,True
8,1985,1784808067.4281201,8,0.022374391555786133,0.0027967989444732666,True
8,1986,1784808067.4508414,8,0.017980337142944336,0.002247542142868042,True
8,1987,1784808067.4692361,8,0.020722627639770508,0.0025903284549713135,True
8,1988,1784808067.4903061,8,0.02249288558959961,0.002811610698699951,True
8,1989,1784808067.5131686,8,0.018454790115356445,0.0023068487644195557,True
8,1990,1784808067.5321965,8,0.01852560043334961,0.002315700054168701,True
8,1991,1784808067.551552,8,0.018906831741333008,0.002363353967666626,True
8,1992,1784808067.5708416,8,0.022942781448364258,0.0028678476810455322,True
8,1993,1784808067.5943809,8,0.019549131393432617,0.002443641424179077,True
8,1994,1784808067.6144075,8,0.020569324493408203,0.0025711655616760254,True
8,1995,1784808067.6358533,8,0.019858121871948242,0.0024822652339935303,True
8,1996,1784808067.656598,8,0.01862168312072754,0.0023277103900909424,True
8,1997,1784808067.675745,8,0.020009279251098633,0.002501159906387329,True
8,1998,1784808067.6965318,8,0.017948150634765625,0.002243518829345703,True
8,1999,1784808067.7147605,8,0.020980358123779297,0.002622544765472412,True
8,2000,1784808067.7360592,8,0.020449399948120117,0.0025561749935150146,True
8,2001,1784808067.75695,8,0.02103137969970703,0.002628922462463379,True
8,2002,1784808067.7784028,8,0.018083810806274414,0.0022604763507843018,True
8,2003,1784808067.796777,8,0.021589040756225586,0.0026986300945281982,True
8,2004,1784808067.8188336,8,0.020807981491088867,0.0026009976863861084,True
8,2005,1784808067.8399718,8,0.019834280014038086,0.0024792850017547607,True
8,2006,1784808067.86029,8,0.02050018310546875,0.0025625228881835938,True
8,2007,1784808067.881172,8,0.01952219009399414,0.0024402737617492676,True
8,2008,1784808067.9010513,8,0.02025151252746582,0.0025314390659332275,True
8,2009,1784808067.921746,8,0.01933455467224121,0.0024168193340301514,True
8,2010,1784808067.9419844,8,0.018889427185058594,0.0023611783981323242,True
8,2011,1784808067.961163,8,0.02030801773071289,0.0025385022163391113,True
8,2012,1784808067.9817894,8,0.019078493118286133,0.0023848116397857666,True
8,2013,1784808068.0012715,8,0.02026534080505371,0.002533167600631714,True
8,2014,1784808068.0219035,8,0.027521610260009766,0.0034402012825012207,True
8,2015,1784808068.049838,8,0.017757177352905273,0.002219647169113159,True
8,2016,1784808068.0687244,8,0.020766735076904297,0.002595841884613037,True
8,2017,1784808068.090145,8,0.021697521209716797,0.0027121901512145996,True
8,2018,1784808068.1122053,8,0.019737958908081055,0.002467244863510132,True
8,2019,1784808068.1324744,8,0.02138233184814453,0.0026727914810180664,True
8,2020,1784808068.154161,8,0.020320653915405273,0.002540081739425659,True
8,2021,1784808068.1748874,8,0.018756628036499023,0.002344578504562378,True
8,2022,1784808068.1940198,8,0.020640134811401367,0.002580016851425171,True
8,2023,1784808068.215041,8,0.0202333927154541,0.0025291740894317627,True
8,2024,1784808068.2356987,8,0.019715309143066406,0.0024644136428833008,True
8,2025,1784808068.2558472,8,0.01944708824157715,0.0024308860301971436,True
8,2026,1784808068.2755964,8,0.019237756729125977,0.002404719591140747,True
8,2027,1784808068.2953029,8,0.020542621612548828,0.0025678277015686035,True
8,2028,1784808068.3161843,8,0.020658016204833984,0.002582252025604248,True
8,2029,1784808068.3372517,8,0.020523548126220703,0.002565443515777588,True
8,2030,1784808068.3582256,8,0.019824504852294922,0.0024780631065368652,True
8,2031,1784808068.3787162,8,0.0210418701171875,0.0026302337646484375,True
8,2032,1784808068.4002752,8,0.0194399356842041,0.0024299919605255127,True
8,2033,1784808068.4200814,8,0.022474050521850586,0.0028092563152313232,True
8,2034,1784808068.4429104,8,0.019644975662231445,0.0024556219577789307,True
8,2035,1784808068.4630506,8,0.019747495651245117,0.0024684369564056396,True
8,2036,1784808068.4831173,8,0.0212094783782959,0.0026511847972869873,True
8,2037,1784808068.5047445,8,0.021654129028320312,0.002706766128540039,True
8,2038,1784808068.5268385,8,0.017965316772460938,0.002245664596557617,True
8,2039,1784808068.5455577,8,0.01977705955505371,0.002472132444381714,True
8,2040,1784808068.5679457,8,0.023155927658081055,0.002894490957260132,True
8,2041,1784808068.5923843,8,0.02022719383239746,0.0025283992290496826,True
8,2042,1784808068.6132746,8,0.023336410522460938,0.002917051315307617,True
8,2043,1784808068.6372325,8,0.02057480812072754,0.0025718510150909424,True
8,2044,1784808068.6581643,8,0.019948959350585938,0.002493619918823242,True
8,2045,1784808068.6792154,8,0.01957106590270996,0.002446383237838745,True
8,2046,1784808068.699259,8,0.020167827606201172,0.0025209784507751465,True
8,2047,1784808068.7198002,8,0.020067691802978516,0.0025084614753723145,True
8,2048,1784808068.740465,8,0.021159648895263672,0.002644956111907959,True
8,2049,1784808068.7623146,8,0.019089937210083008,0.002386242151260376,True
8,2050,1784808068.7820857,8,0.022367000579833984,0.002795875072479248,True
8,2051,1784808068.8048203,8,0.019289016723632812,0.0024111270904541016,True
8,2052,1784808068.8245282,8,0.020409584045410156,0.0025511980056762695,True
8,2053,1784808068.8453977,8,0.020307302474975586,0.0025384128093719482,True
8,2054,1784808068.8662949,8,0.02006697654724121,0.0025083720684051514,True
8,2055,1784808068.8867836,8,0.018566370010375977,0.002320796251296997,True
8,2056,1784808068.9057732,8,0.020229339599609375,0.002528667449951172,True
8,2057,1784808068.9264162,8,0.019435405731201172,0.0024294257164001465,True
8,2058,1784808068.9464467,8,0.020503997802734375,0.002562999725341797,True
8,2059,1784808068.967384,8,0.019076108932495117,0.0023845136165618896,True
8,2060,1784808068.986942,8,0.01914668083190918,0.0023933351039886475,True
8,2061,1784808069.0064218,8,0.02208876609802246,0.0027610957622528076,True
8,2062,1784808069.0288913,8,0.02036142349243164,0.002545177936553955,True
8,2063,1784808069.0496345,8,0.01950669288635254,0.0024383366107940674,True
8,2064,1784808069.0696118,8,0.01991748809814453,0.0024896860122680664,True
8,2065,1784808069.0898774,8,0.020296096801757812,0.0025370121002197266,True
8,2066,1784808069.110439,8,0.019395828247070312,0.002424478530883789,True
8,2067,1784808069.130181,8,0.01952958106994629,0.002441197633743286,True
8,2068,1784808069.1499782,8,0.019502639770507812,0.0024378299713134766,True
8,2069,1784808069.1699243,8,0.02222299575805664,0.00277787446975708,True
8,2070,1784808069.1927726,8,0.02154684066772461,0.002693355083465576,True
8,2071,1784808069.2150054,8,0.019618749618530273,0.002452343702316284,True
8,2072,1784808069.2351153,8,0.020772933959960938,0.002596616744995117,True
8,2073,1784808069.2561727,8,0.02040719985961914,0.0025508999824523926,True
8,2074,1784808069.2769203,8,0.02051377296447754,0.0025642216205596924,True
8,2075,1784808069.2978978,8,0.02029895782470703,0.002537369728088379,True
8,2076,1784808069.3186164,8,0.020750999450683594,0.0025938749313354492,True
8,2077,1784808069.339623,8,0.019469738006591797,0.0024337172508239746,True
8,2078,1784808069.3595703,8,0.0194094181060791,0.0024261772632598877,True
8,2079,1784808069.3795397,8,0.022560834884643555,0.0028201043605804443,True
8,2080,1784808069.4024801,8,0.019622802734375,0.002452850341796875,True
8,2081,1784808069.4225082,8,0.020810604095458984,0.002601325511932373,True
8,2082,1784808069.4436421,8,0.020434856414794922,0.0025543570518493652,True
8,2083,1784808069.4643526,8,0.02037334442138672,0.00254666805267334,True
8,2084,1784808069.4853108,8,0.020528554916381836,0.0025660693645477295,True
8,2085,1784808069.5067282,8,0.019251108169555664,0.002406388521194458,True
8,2086,1784808069.5262861,8,0.019574642181396484,0.0024468302726745605,True
8,2087,1784808069.5463128,8,0.02064037322998047,0.0025800466537475586,True
8,2088,1784808069.5673358,8,0.0191347599029541,0.0023918449878692627,True
8,2089,1784808069.586902,8,0.022296667098999023,0.002787083387374878,True
8,2090,1784808069.6096892,8,0.021220922470092773,0.0026526153087615967,True
8,2091,1784808069.631519,8,0.01917409896850586,0.0023967623710632324,True
8,2092,1784808069.6509993,8,0.019878864288330078,0.0024848580360412598,True
8,2093,1784808069.6712134,8,0.02072286605834961,0.002590358257293701,True
8,2094,1784808069.692377,8,0.020559072494506836,0.0025698840618133545,True
8,2095,1784808069.7133665,8,0.0193483829498291,0.0024185478687286377,True
8,2096,1784808069.733069,8,0.020604372024536133,0.0025755465030670166,True
8,2097,1784808069.7539084,8,0.020969390869140625,0.002621173858642578,True
8,2098,1784808069.7753084,8,0.020439624786376953,0.002554953098297119,True
8,2099,1784808069.7960682,8,0.019835233688354492,0.0024794042110443115,True
8,2100,1784808069.8162441,8,0.019366979598999023,0.002420872449874878,True
8,2101,1784808069.835934,8,0.019422292709350586,0.0024277865886688232,True
8,2102,1784808069.8558035,8,0.018733739852905273,0.002341717481613159,True
8,2103,1784808069.875177,8,0.020091533660888672,0.002511441707611084,True
8,2104,1784808069.895821,8,0.02172374725341797,0.002715468406677246,True
8,2105,1784808069.9182205,8,0.01859903335571289,0.0023248791694641113,True
8,2106,1784808069.9371798,8,0.020976781845092773,0.0026220977306365967,True
8,2107,1784808069.9585328,8,0.020584821701049805,0.0025731027126312256,True
8,2108,1784808069.9794009,8,0.021015405654907227,0.0026269257068634033,True
8,2109,1784808070.0007715,8,0.0205843448638916,0.00257304310798645,True
8,2110,1784808070.0217876,8,0.020099163055419922,0.0025123953819274902,True
8,2111,1784808070.042362,8,0.019509315490722656,0.002438664436340332,True
8,2112,1784808070.0628455,8,0.019296884536743164,0.0024121105670928955,True
8,2113,1784808070.0825722,8,0.021284818649291992,0.002660602331161499,True
8,2114,1784808070.1042714,8,0.0213162899017334,0.002664536237716675,True
8,2115,1784808070.1259923,8,0.019632339477539062,0.002454042434692383,True
8,2116,1784808070.1459107,8,0.018967390060424805,0.0023709237575531006,True
8,2117,1784808070.1654818,8,0.020483732223510742,0.0025604665279388428,True
8,2118,1784808070.1863186,8,0.01989150047302246,0.0024864375591278076,True
8,2119,1784808070.2066844,8,0.021967411041259766,0.0027459263801574707,True
8,2120,1784808070.228993,8,0.019335031509399414,0.0024168789386749268,True
8,2121,1784808070.2486157,8,0.020798206329345703,0.002599775791168213,True
8,2122,1784808070.269719,8,0.02021169662475586,0.0025264620780944824,True
8,2123,1784808070.2902482,8,0.020640850067138672,0.002580106258392334,True
8,2124,1784808070.3112428,8,0.019990921020507812,0.0024988651275634766,True
8,2125,1784808070.3315535,8,0.021538496017456055,0.002692312002182007,True
8,2126,1784808070.3535545,8,0.021532297134399414,0.0026915371417999268,True
8,2127,1784808070.3760607,8,0.01699519157409668,0.002124398946762085,True
8,2128,1784808070.3934443,8,0.022641658782958984,0.002830207347869873,True
8,2129,1784808070.4164631,8,0.019117116928100586,0.0023896396160125732,True
8,2130,1784808070.435912,8,0.019778013229370117,0.0024722516536712646,True
8,2131,1784808070.455998,8,0.019618749618530273,0.002452343702316284,True
8,2132,1784808070.4761758,8,0.022582292556762695,0.002822786569595337,True
8,2133,1784808070.4993582,8,0.018535852432250977,0.002316981554031372,True
8,2134,1784808070.5188284,8,0.02151036262512207,0.002688795328140259,True
8,2135,1784808070.540905,8,0.021981239318847656,0.002747654914855957,True
8,2136,1784808070.5631902,8,0.01990985870361328,0.00248873233795166,True
8,2137,1784808070.5834363,8,0.019560575485229492,0.0024450719356536865,True
8,2138,1784808070.6033127,8,0.023732662200927734,0.002966582775115967,True
8,2139,1784808070.6275008,8,0.020899534225463867,0.0026124417781829834,True
8,2140,1784808070.6491873,8,0.020872116088867188,0.0026090145111083984,True
8,2141,1784808070.6709082,8,0.019980669021606445,0.0024975836277008057,True
8,2142,1784808070.6912813,8,0.020829439163208008,0.002603679895401001,True
8,2143,1784808070.7125368,8,0.019788503646850586,0.0024735629558563232,True
8,2144,1784808070.7331948,8,0.018160104751586914,0.0022700130939483643,True
8,2145,1784808070.751898,8,0.021923303604125977,0.002740412950515747,True
8,2146,1784808070.7742243,8,0.0203397274017334,0.002542465925216675,True
8,2147,1784808070.795039,8,0.018810749053955078,0.0023513436317443848,True
8,2148,1784808070.8142397,8,0.0214996337890625,0.0026874542236328125,True
8,2149,1784808070.8360791,8,0.01929783821105957,0.0024122297763824463,True
8,2150,1784808070.8556757,8,0.020039796829223633,0.002504974603652954,True
8,2151,1784808070.8760872,8,0.021499156951904297,0.002687394618988037,True
8,2152,1784808070.8979585,8,0.02002263069152832,0.00250282883644104,True
8,2153,1784808070.9183621,8,0.02221226692199707,0.002776533365249634,True
8,2154,1784808070.9409387,8,0.023007869720458984,0.002875983715057373,True
8,2155,1784808070.9643328,8,0.019568204879760742,0.0024460256099700928,True
8,2156,1784808070.984218,8,0.020498037338256836,0.0025622546672821045,True
8,2157,1784808071.0051126,8,0.020795345306396484,0.0025994181632995605,True
8,2158,1784808071.0263314,8,0.021198034286499023,0.002649754285812378,True
8,2159,1784808071.047938,8,0.019834041595458984,0.002479255199432373,True
8,2160,1784808071.0681977,8,0.021486520767211914,0.0026858150959014893,True
8,2161,1784808071.0901117,8,0.020305156707763672,0.002538144588470459,True
8,2162,1784808071.111167,8,0.022966861724853516,0.0028708577156066895,True
8,2163,1784808071.1346052,8,0.020709991455078125,0.0025887489318847656,True
8,2164,1784808071.156181,8,0.019594192504882812,0.0024492740631103516,True
8,2165,1784808071.1763837,8,0.021045207977294922,0.0026306509971618652,True
8,2166,1784808071.197915,8,0.021672487258911133,0.0027090609073638916,True
8,2167,1784808071.2199934,8,0.021737098693847656,0.002717137336730957,True
8,2168,1784808071.242129,8,0.020220279693603516,0.0025275349617004395,True
8,2169,1784808071.2626834,8,0.01939082145690918,0.0024238526821136475,True
8,2170,1784808071.2825067,8,0.01917576789855957,0.0023969709873199463,True
8,2171,1784808071.3021543,8,0.018841981887817383,0.002355247735977173,True
8,2172,1784808071.3214164,8,0.020260095596313477,0.0025325119495391846,True
8,2173,1784808071.3420994,8,0.019763469696044922,0.0024704337120056152,True
8,2174,1784808071.3621676,8,0.019257783889770508,0.0024072229862213135,True
8,2175,1784808071.3817086,8,0.02187657356262207,0.002734571695327759,True
8,2176,1784808071.4042268,8,0.022693157196044922,0.0028366446495056152,True
8,2177,1784808071.427442,8,0.020780086517333984,0.002597510814666748,True
8,2178,1784808071.4487689,8,0.021026134490966797,0.0026282668113708496,True
8,2179,1784808071.470517,8,0.022243261337280273,0.002780407667160034,True
8,2180,1784808071.4931993,8,0.01880621910095215,0.0023507773876190186,True
8,2181,1784808071.5125418,8,0.0205385684967041,0.0025673210620880127,True
8,2182,1784808071.5334094,8,0.02163386344909668,0.002704232931137085,True
8,2183,1784808071.5554597,8,0.021835803985595703,0.002729475498199463,True
8,2184,1784808071.5779824,8,0.018858671188354492,0.0023573338985443115,True
8,2185,1784808071.5974085,8,0.02188396453857422,0.0027354955673217773,True
8,2186,1784808071.6197193,8,0.0196075439453125,0.0024509429931640625,True
8,2187,1784808071.6398075,8,0.023899316787719727,0.002987414598464966,True
8,2188,1784808071.6643727,8,0.01993417739868164,0.002491772174835205,True
8,2189,1784808071.6847405,8,0.01995992660522461,0.002494990825653076,True
8,2190,1784808071.705095,8,0.020540475845336914,0.0025675594806671143,True
8,2191,1784808071.7259927,8,0.022176742553710938,0.002772092819213867,True
8,2192,1784808071.7485762,8,0.018172740936279297,0.002271592617034912,True
8,2193,1784808071.7669947,8,0.02437448501586914,0.0030468106269836426,True
8,2194,1784808071.791927,8,0.01919698715209961,0.002399623394012451,True
8,2195,1784808071.8115802,8,0.019870758056640625,0.002483844757080078,True
8,2196,1784808071.8318613,8,0.020586013793945312,0.002573251724243164,True
8,2197,1784808071.8528738,8,0.01967763900756836,0.002459704875946045,True
8,2198,1784808071.8728719,8,0.021293163299560547,0.0026616454124450684,True
8,2199,1784808071.894439,8,0.0200653076171875,0.0025081634521484375,True
8,2200,1784808071.9148965,8,0.020567655563354492,0.0025709569454193115,True
8,2201,1784808071.935784,8,0.02030491828918457,0.0025381147861480713,True
8,2202,1784808071.9564087,8,0.018066883087158203,0.0022583603858947754,True
8,2203,1784808071.9747622,8,0.021888017654418945,0.002736002206802368,True
8,2204,1784808071.9971104,8,0.02161383628845215,0.0027017295360565186,True
8,2205,1784808072.0191076,8,0.01932811737060547,0.0024160146713256836,True
8,2206,1784808072.038784,8,0.01944255828857422,0.0024303197860717773,True
8,2207,1784808072.0587523,8,0.01878070831298828,0.002347588539123535,True
8,2208,1784808072.0779948,8,0.022138595581054688,0.002767324447631836,True
8,2209,1784808072.1005585,8,0.01978754997253418,0.0024734437465667725,True
8,2210,1784808072.1212656,8,0.019243478775024414,0.0024054348468780518,True
8,2211,1784808072.141045,8,0.022307157516479492,0.0027883946895599365,True
8,2212,1784808072.1636615,8,0.021161317825317383,0.002645164728164673,True
8,2213,1784808072.185343,8,0.019726037979125977,0.002465754747390747,True
8,2214,1784808072.2053459,8,0.0211641788482666,0.002645522356033325,True
8,2215,1784808072.2270157,8,0.01917266845703125,0.0023965835571289062,True
8,2216,1784808072.2464983,8,0.022553205490112305,0.002819150686264038,True
8,2217,1784808072.2695096,8,0.01887798309326172,0.002359747886657715,True
8,2218,1784808072.2887309,8,0.01963949203491211,0.0024549365043640137,True
8,2219,1784808072.3087242,8,0.021818876266479492,0.0027273595333099365,True
8,2220,1784808072.3308845,8,0.02029895782470703,0.002537369728088379,True
8,2221,1784808072.3515599,8,0.020780086517333984,0.002597510814666748,True
8,2222,1784808072.3727517,8,0.0198974609375,0.0024871826171875,True
8,2223,1784808072.3934274,8,0.019028902053833008,0.002378612756729126,True
8,2224,1784808072.4128652,8,0.020568370819091797,0.0025710463523864746,True
8,2225,1784808072.4340096,8,0.01963520050048828,0.002454400062561035,True
8,2226,1784808072.454012,8,0.020824909210205078,0.0026031136512756348,True
8,2227,1784808072.4756303,8,0.019891977310180664,0.002486497163772583,True
8,2228,1784808072.4958892,8,0.019986629486083984,0.002498328685760498,True
8,2229,1784808072.5165834,8,0.02173924446105957,0.0027174055576324463,True
8,2230,1784808072.5386634,8,0.020770549774169922,0.0025963187217712402,True
8,2231,1784808072.5598102,8,0.020534992218017578,0.0025668740272521973,True
8,2232,1784808072.580704,8,0.02131485939025879,0.0026643574237823486,True
8,2233,1784808072.6024034,8,0.019507646560668945,0.002438455820083618,True
8,2234,1784808072.6223443,8,0.020364761352539062,0.002545595169067383,True
8,2235,1784808072.6433022,8,0.01998448371887207,0.002498060464859009,True
8,2236,1784808072.6636043,8,0.020400524139404297,0.002550065517425537,True
8,2237,1784808072.6843712,8,0.018665552139282227,0.0023331940174102783,True
8,2238,1784808072.703689,8,0.020414113998413086,0.0025517642498016357,True
8,2239,1784808072.7244368,8,0.022145509719848633,0.002768188714981079,True
8,2240,1784808072.7469673,8,0.019934415817260742,0.0024918019771575928,True
8,2241,1784808072.7673078,8,0.01973557472229004,0.002466946840286255,True
8,2242,1784808072.787337,8,0.020308971405029297,0.002538621425628662,True
8,2243,1784808072.8080957,8,0.019318580627441406,0.0024148225784301758,True
8,2244,1784808072.827777,8,0.021020889282226562,0.0026276111602783203,True
8,2245,1784808072.849116,8,0.02046966552734375,0.0025587081909179688,True
8,2246,1784808072.87006,8,0.02099752426147461,0.002624690532684326,True
8,2247,1784808072.8913977,8,0.022040128707885742,0.0027550160884857178,True
8,2248,1784808072.913705,8,0.021108627319335938,0.002638578414916992,True
8,2249,1784808072.9351456,8,0.02022862434387207,0.002528578042984009,True
8,2250,1784808072.9559152,8,0.02074289321899414,0.0025928616523742676,True
8,2251,1784808072.9770002,8,0.020617246627807617,0.002577155828475952,True
8,2252,1784808072.9979875,8,0.02032780647277832,0.00254097580909729,True
8,2253,1784808073.018878,8,0.022409439086914062,0.002801179885864258,True
8,2254,1784808073.041687,8,0.01906442642211914,0.0023830533027648926,True
8,2255,1784808073.0610518,8,0.02194833755493164,0.002743542194366455,True
8,2256,1784808073.083282,8,0.020906448364257812,0.0026133060455322266,True
8,2257,1784808073.1047118,8,0.021294832229614258,0.0026618540287017822,True
8,2258,1784808073.1264553,8,0.019489049911499023,0.002436131238937378,True
8,2259,1784808073.1463435,8,0.018990516662597656,0.002373814582824707,True
8,2260,1784808073.1656718,8,0.021764755249023438,0.0027205944061279297,True
8,2261,1784808073.1882713,8,0.02066516876220703,0.002583146095275879,True
8,2262,1784808073.209273,8,0.02167034149169922,0.0027087926864624023,True
8,2263,1784808073.2313547,8,0.021251678466796875,0.0026564598083496094,True
8,2264,1784808073.253473,8,0.018819332122802734,0.002352416515350342,True
8,2265,1784808073.2725863,8,0.019264698028564453,0.0024080872535705566,True
8,2266,1784808073.292143,8,0.026099681854248047,0.003262460231781006,True
8,2267,1784808073.3186321,8,0.019031763076782227,0.0023789703845977783,True
8,2268,1784808073.3381367,8,0.021593093872070312,0.002699136734008789,True
8,2269,1784808073.3601437,8,0.019289493560791016,0.002411186695098877,True
8,2270,1784808073.3797677,8,0.02046942710876465,0.002558678388595581,True
8,2271,1784808073.4005558,8,0.018546104431152344,0.002318263053894043,True
8,2272,1784808073.4194074,8,0.021867752075195312,0.002733469009399414,True
8,2273,1784808073.4416616,8,0.020127296447753906,0.0025159120559692383,True
8,2274,1784808073.462182,8,0.020991802215576172,0.0026239752769470215,True
8,2275,1784808073.483502,8,0.020431995391845703,0.002553999423980713,True
8,2276,1784808073.5042446,8,0.02094411849975586,0.0026180148124694824,True
8,2277,1784808073.5254948,8,0.019828081130981445,0.0024785101413726807,True
8,2278,1784808073.5456624,8,0.02023911476135254,0.0025298893451690674,True
8,2279,1784808073.5662613,8,0.018785715103149414,0.0023482143878936768,True
8,2280,1784808073.5853164,8,0.022136926651000977,0.002767115831375122,True
8,2281,1784808073.6079648,8,0.021270036697387695,0.002658754587173462,True
8,2282,1784808073.6315792,8,0.021640539169311523,0.0027050673961639404,True
8,2283,1784808073.6536052,8,0.020055055618286133,0.0025068819522857666,True
8,2284,1784808073.6740682,8,0.019629716873168945,0.002453714609146118,True
8,2285,1784808073.6940084,8,0.020699501037597656,0.002587437629699707,True
8,2286,1784808073.7150867,8,0.020296573638916016,0.002537071704864502,True
8,2287,1784808073.735822,8,0.020393848419189453,0.0025492310523986816,True
8,2288,1784808073.7567675,8,0.022385835647583008,0.002798229455947876,True
8,2289,1784808073.7794743,8,0.020293712615966797,0.0025367140769958496,True
8,2290,1784808073.8002553,8,0.019919633865356445,0.0024899542331695557,True
8,2291,1784808073.8205454,8,0.019948244094848633,0.002493530511856079,True
8,2292,1784808073.8408248,8,0.022965431213378906,0.0028706789016723633,True
8,2293,1784808073.8642917,8,0.021071672439575195,0.0026339590549468994,True
8,2294,1784808073.8864279,8,0.021009206771850586,0.0026261508464813232,True
8,2295,1784808073.9077253,8,0.019088268280029297,0.002386033535003662,True
8,2296,1784808073.9272263,8,0.020138025283813477,0.0025172531604766846,True
8,2297,1784808073.947702,8,0.023007631301879883,0.0028759539127349854,True
8,2298,1784808073.971089,8,0.021289587020874023,0.002661198377609253,True
8,2299,1784808073.9927223,8,0.019509315490722656,0.002438664436340332,True
8,2300,1784808074.0128324,8,0.01925373077392578,0.0024067163467407227,True
8,2301,1784808074.0324063,8,0.022068023681640625,0.002758502960205078,True
8,2302,1784808074.0547402,8,0.02086925506591797,0.002608656883239746,True
8,2303,1784808074.0760486,8,0.02024674415588379,0.0025308430194854736,True
8,2304,1784808074.0965788,8,0.02525043487548828,0.003156304359436035,True
8,2305,1784808074.1221507,8,0.020720243453979492,0.0025900304317474365,True
8,2306,1784808074.1432197,8,0.01994633674621582,0.0024932920932769775,True
8,2307,1784808074.1635458,8,0.01940155029296875,0.0024251937866210938,True
8,2308,1784808074.1832447,8,0.020427465438842773,0.0025534331798553467,True
8,2309,1784808074.2040343,8,0.020940303802490234,0.0026175379753112793,True
8,2310,1784808074.2253954,8,0.019798994064331055,0.002474874258041382,True
8,2311,1784808074.2455795,8,0.02254009246826172,0.002817511558532715,True
8,2312,1784808074.2685688,8,0.020610332489013672,0.002576291561126709,True
8,2313,1784808074.2896135,8,0.019205093383789062,0.002400636672973633,True
8,2314,1784808074.3091712,8,0.01958918571472168,0.00244864821434021,True
8,2315,1784808074.329372,8,0.020424604415893555,0.0025530755519866943,True
8,2316,1784808074.350167,8,0.01870870590209961,0.002338588237762451,True
8,2317,1784808074.3694284,8,0.019237279891967773,0.0024046599864959717,True
8,2318,1784808074.3890119,8,0.021615028381347656,0.002701878547668457,True
8,2319,1784808074.4109557,8,0.019210338592529297,0.002401292324066162,True
8,2320,1784808074.4305534,8,0.02027440071105957,0.0025343000888824463,True
8,2321,1784808074.4511552,8,0.020357370376586914,0.0025446712970733643,True
8,2322,1784808074.4721541,8,0.0214996337890625,0.0026874542236328125,True
8,2323,1784808074.494064,8,0.01952981948852539,0.002441227436065674,True
8,2324,1784808074.5139048,8,0.022507905960083008,0.002813488245010376,True
8,2325,1784808074.5367956,8,0.020746946334838867,0.0025933682918548584,True
8,2326,1784808074.5581536,8,0.019342660903930664,0.002417832612991333,True
8,2327,1784808074.5791707,8,0.022429227828979492,0.0028036534786224365,True
8,2328,1784808074.6024528,8,0.018806934356689453,0.0023508667945861816,True
8,2329,1784808074.621846,8,0.02132439613342285,0.0026655495166778564,True
8,2330,1784808074.6435146,8,0.020069122314453125,0.0025086402893066406,True
8,2331,1784808074.6639442,8,0.021233081817626953,0.002654135227203369,True
8,2332,1784808074.6854973,8,0.01941967010498047,0.0024274587631225586,True
8,2333,1784808074.7053795,8,0.018364667892456055,0.002295583486557007,True
8,2334,1784808074.7241905,8,0.020212650299072266,0.002526581287384033,True
8,2335,1784808074.74489,8,0.019598722457885742,0.0024498403072357178,True
8,2336,1784808074.764981,8,0.02055525779724121,0.0025694072246551514,True
8,2337,1784808074.7858071,8,0.019785404205322266,0.002473175525665283,True
8,2338,1784808074.8059902,8,0.021590232849121094,0.0026987791061401367,True
8,2339,1784808074.8278437,8,0.02001166343688965,0.002501457929611206,True
8,2340,1784808074.8485653,8,0.020548582077026367,0.002568572759628296,True
8,2341,1784808074.8697913,8,0.0215911865234375,0.0026988983154296875,True
8,2342,1784808074.8917093,8,0.0208280086517334,0.002603501081466675,True
8,2343,1784808074.9129152,8,0.02181243896484375,0.0027265548706054688,True
8,2344,1784808074.935193,8,0.020131587982177734,0.002516448497772217,True
8,2345,1784808074.955612,8,0.0206758975982666,0.002584487199783325,True
8,2346,1784808074.9766383,8,0.02115464210510254,0.0026443302631378174,True
8,2347,1784808074.9982061,8,0.020116090774536133,0.0025145113468170166,True
8,2348,1784808075.0186634,8,0.021394729614257812,0.0026743412017822266,True
8,2349,1784808075.040402,8,0.019295692443847656,0.002411961555480957,True
8,2350,1784808075.060169,8,0.021866798400878906,0.0027333498001098633,True
8,2351,1784808075.0824132,8,0.018055438995361328,0.002256929874420166,True
8,2352,1784808075.101098,8,0.02183699607849121,0.0027296245098114014,True
8,2353,1784808075.1233978,8,0.01886463165283203,0.002358078956604004,True
8,2354,1784808075.1425352,8,0.022859811782836914,0.0028574764728546143,True
8,2355,1784808075.1659067,8,0.019709110260009766,0.0024636387825012207,True
8,2356,1784808075.1866724,8,0.020435571670532227,0.0025544464588165283,True
8,2357,1784808075.207625,8,0.01964735984802246,0.0024559199810028076,True
8,2358,1784808075.2276886,8,0.020522356033325195,0.0025652945041656494,True
8,2359,1784808075.2486622,8,0.020190000534057617,0.002523750066757202,True
8,2360,1784808075.2693577,8,0.020682334899902344,0.002585291862487793,True
8,2361,1784808075.2903752,8,0.019267559051513672,0.002408444881439209,True
8,2362,1784808075.3101294,8,0.018635988235473633,0.002329498529434204,True
8,2363,1784808075.3300042,8,0.02081584930419922,0.0026019811630249023,True
8,2364,1784808075.351243,8,0.01853036880493164,0.002316296100616455,True
8,2365,1784808075.3701596,8,0.020339012145996094,0.0025423765182495117,True
8,2366,1784808075.391118,8,0.019690275192260742,0.0024612843990325928,True
8,2367,1784808075.411314,8,0.019827842712402344,0.002478480339050293,True
8,2368,1784808075.4315906,8,0.02080059051513672,0.00260007381439209,True
8,2369,1784808075.4528775,8,0.018585681915283203,0.0023232102394104004,True
8,2370,1784808075.471818,8,0.022002696990966797,0.0027503371238708496,True
8,2371,1784808075.4941473,8,0.01997661590576172,0.002497076988220215,True
8,2372,1784808075.5146167,8,0.020008087158203125,0.0025010108947753906,True
8,2373,1784808075.5349448,8,0.02057027816772461,0.002571284770965576,True
8,2374,1784808075.555883,8,0.019453763961791992,0.002431720495223999,True
8,2375,1784808075.575694,8,0.02045583724975586,0.0025569796562194824,True
8,2376,1784808075.59673,8,0.020082950592041016,0.002510368824005127,True
8,2377,1784808075.6172335,8,0.019637107849121094,0.0024546384811401367,True
8,2378,1784808075.6371484,8,0.022538423538208008,0.002817302942276001,True
8,2379,1784808075.660162,8,0.023577451705932617,0.002947181463241577,True
8,2380,1784808075.684275,8,0.0205686092376709,0.0025710761547088623,True
8,2381,1784808075.7052715,8,0.020450115203857422,0.0025562644004821777,True
8,2382,1784808075.7260654,8,0.022127628326416016,0.002765953540802002,True
8,2383,1784808075.7485511,8,0.01918649673461914,0.0023983120918273926,True
8,2384,1784808075.7680888,8,0.020792245864868164,0.0025990307331085205,True
8,2385,1784808075.7892468,8,0.021022558212280273,0.002627819776535034,True
8,2386,1784808075.8105924,8,0.019203662872314453,0.0024004578590393066,True
8,2387,1784808075.8300643,8,0.019299983978271484,0.0024124979972839355,True
8,2388,1784808075.849664,8,0.020668745040893555,0.0025835931301116943,True
8,2389,1784808075.8706477,8,0.020563125610351562,0.0025703907012939453,True
8,2390,1784808075.891762,8,0.018626689910888672,0.002328336238861084,True
8,2391,1784808075.910977,8,0.019591331481933594,0.0024489164352416992,True
8,2392,1784808075.9309294,8,0.019434213638305664,0.002429276704788208,True
8,2393,1784808075.950708,8,0.019979238510131836,0.0024974048137664795,True
8,2394,1784808075.9710515,8,0.01939868927001953,0.0024248361587524414,True
8,2395,1784808075.9911232,8,0.01952052116394043,0.0024400651454925537,True
8,2396,1784808076.01115,8,0.019838809967041016,0.002479851245880127,True
8,2397,1784808076.0317485,8,0.020184755325317383,0.002523094415664673,True
8,2398,1784808076.0523129,8,0.018748998641967773,0.0023436248302459717,True
8,2399,1784808076.0715296,8,0.019995927810668945,0.002499490976333618,True
8,2400,1784808076.092216,8,0.020358562469482422,0.0025448203086853027,True
8,2401,1784808076.1129265,8,0.020235776901245117,0.0025294721126556396,True
8,2402,1784808076.1335237,8,0.01984262466430664,0.00248032808303833,True
8,2403,1784808076.1538422,8,0.019733667373657227,0.0024667084217071533,True
8,2404,1784808076.1739762,8,0.019940853118896484,0.0024926066398620605,True
8,2405,1784808076.1942692,8,0.018099308013916016,0.002262413501739502,True
8,2406,1784808076.2126877,8,0.021882295608520508,0.0027352869510650635,True
8,2407,1784808076.2350574,8,0.020377159118652344,0.002547144889831543,True
8,2408,1784808076.25579,8,0.01975083351135254,0.0024688541889190674,True
8,2409,1784808076.275827,8,0.01901412010192871,0.002376765012741089,True
8,2410,1784808076.2951663,8,0.020232439041137695,0.002529054880142212,True
8,2411,1784808076.315763,8,0.02002549171447754,0.0025031864643096924,True
8,2412,1784808076.3361518,8,0.020058155059814453,0.0025072693824768066,True
8,2413,1784808076.3566663,8,0.020642518997192383,0.002580314874649048,True
8,2414,1784808076.3775883,8,0.021610498428344727,0.002701312303543091,True
8,2415,1784808076.3997025,8,0.019038915634155273,0.002379864454269409,True
8,2416,1784808076.4190798,8,0.020470380783081055,0.002558797597885132,True
8,2417,1784808076.4400916,8,0.018721580505371094,0.0023401975631713867,True
8,2418,1784808076.4591153,8,0.018192291259765625,0.002274036407470703,True
8,2419,1784808076.4776926,8,0.02093362808227539,0.002616703510284424,True
8,2420,1784808076.4989474,8,0.020014286041259766,0.0025017857551574707,True
8,2421,1784808076.5194361,8,0.020441532135009766,0.0025551915168762207,True
8,2422,1784808076.5402007,8,0.020623445510864258,0.0025779306888580322,True
8,2423,1784808076.5611217,8,0.02124166488647461,0.002655208110809326,True
8,2424,1784808076.582719,8,0.020574331283569336,0.002571791410446167,True
8,2425,1784808076.6035788,8,0.019232988357543945,0.002404123544692993,True
8,2426,1784808076.6231143,8,0.019565820693969727,0.002445727586746216,True
8,2427,1784808076.642943,8,0.021706819534301758,0.0027133524417877197,True
8,2428,1784808076.665342,8,0.020659685134887695,0.002582460641860962,True
8,2429,1784808076.6864345,8,0.019930601119995117,0.0024913251399993896,True
8,2430,1784808076.7067347,8,0.020434856414794922,0.0025543570518493652,True
8,2431,1784808076.7275476,8,0.02069544792175293,0.002586930990219116,True
8,2432,1784808076.7487917,8,0.020874500274658203,0.0026093125343322754,True
8,2433,1784808076.7699707,8,0.01945185661315918,0.0024314820766448975,True
8,2434,1784808076.7901044,8,0.020511388778686523,0.0025639235973358154,True
8,2435,1784808076.811213,8,0.020270347595214844,0.0025337934494018555,True
8,2436,1784808076.8318515,8,0.02456068992614746,0.0030700862407684326,True
8,2437,1784808076.8568316,8,0.019366741180419922,0.0024208426475524902,True
8,2438,1784808076.8764453,8,0.019082069396972656,0.002385258674621582,True
8,2439,1784808076.8959398,8,0.0198061466217041,0.0024757683277130127,True
8,2440,1784808076.9162993,8,0.021288394927978516,0.0026610493659973145,True
8,2441,1784808076.9380734,8,0.01992940902709961,0.002491176128387451,True
8,2442,1784808076.9586987,8,0.020580530166625977,0.002572566270828247,True
8,2443,1784808076.9797966,8,0.02111530303955078,0.0026394128799438477,True
8,2444,1784808077.0013196,8,0.020399093627929688,0.002549886703491211,True
8,2445,1784808077.0221908,8,0.02050185203552246,0.0025627315044403076,True
8,2446,1784808077.0446932,8,0.019799232482910156,0.0024749040603637695,True
8,2447,1784808077.0648668,8,0.02027106285095215,0.0025338828563690186,True
8,2448,1784808077.0855246,8,0.020018815994262695,0.002502351999282837,True
8,2449,1784808077.1058679,8,0.019612550735473633,0.002451568841934204,True
8,2450,1784808077.1258156,8,0.019811391830444336,0.002476423978805542,True
8,2451,1784808077.1459548,8,0.0197145938873291,0.0024643242359161377,True
8,2452,1784808077.1660166,8,0.021076440811157227,0.0026345551013946533,True
8,2453,1784808077.1874046,8,0.020069122314453125,0.0025086402893066406,True
8,2454,1784808077.2087572,8,0.019753217697143555,0.0024691522121429443,True
8,2455,1784808077.2289011,8,0.019984960556030273,0.002498120069503784,True
8,2456,1784808077.2492325,8,0.020183086395263672,0.002522885799407959,True
8,2457,1784808077.269805,8,0.02081441879272461,0.002601802349090576,True
8,2458,1784808077.2909822,8,0.018903732299804688,0.002362966537475586,True
8,2459,1784808077.3103583,8,0.02105236053466797,0.002631545066833496,True
8,2460,1784808077.3318005,8,0.01910114288330078,0.0023876428604125977,True
8,2461,1784808077.351287,8,0.019006729125976562,0.0023758411407470703,True
8,2462,1784808077.3714375,8,0.01994156837463379,0.0024926960468292236,True
8,2463,1784808077.3919554,8,0.018895387649536133,0.0023619234561920166,True
8,2464,1784808077.4115162,8,0.02029895782470703,0.002537369728088379,True
8,2465,1784808077.4322736,8,0.02343297004699707,0.002929121255874634,True
8,2466,1784808077.4565802,8,0.018698930740356445,0.0023373663425445557,True
8,2467,1784808077.4758444,8,0.02082681655883789,0.0026033520698547363,True
8,2468,1784808077.4972467,8,0.020328998565673828,0.0025411248207092285,True
8,2469,1784808077.5179956,8,0.019924402236938477,0.0024905502796173096,True
8,2470,1784808077.538284,8,0.020261764526367188,0.0025327205657958984,True
8,2471,1784808077.5588653,8,0.021119356155395508,0.0026399195194244385,True
8,2472,1784808077.5810635,8,0.021111011505126953,0.002638876438140869,True
8,2473,1784808077.6024928,8,0.01985931396484375,0.0024824142456054688,True
8,2474,1784808077.6226993,8,0.0198671817779541,0.0024833977222442627,True
8,2475,1784808077.6429303,8,0.02003765106201172,0.002504706382751465,True
8,2476,1784808077.6634037,8,0.020960092544555664,0.002620011568069458,True
8,2477,1784808077.6850038,8,0.02104949951171875,0.0026311874389648438,True
8,2478,1784808077.7064004,8,0.02105855941772461,0.002632319927215576,True
8,2479,1784808077.7278497,8,0.020141124725341797,0.0025176405906677246,True
8,2480,1784808077.7483978,8,0.019856691360473633,0.002482086420059204,True
8,2481,1784808077.7689044,8,0.018830537796020508,0.0023538172245025635,True
8,2482,1784808077.7881,8,0.02019190788269043,0.0025239884853363037,True
8,2483,1784808077.80864,8,0.020194530487060547,0.0025243163108825684,True
8,2484,1784808077.8291755,8,0.019478321075439453,0.0024347901344299316,True
8,2485,1784808077.8489995,8,0.02047252655029297,0.002559065818786621,True
8,2486,1784808077.8699987,8,0.020596742630004883,0.0025745928287506104,True
8,2487,1784808077.8910136,8,0.018540620803833008,0.002317577600479126,True
8,2488,1784808077.9100034,8,0.019480466842651367,0.002435058355331421,True
8,2489,1784808077.9301143,8,0.021074771881103516,0.0026343464851379395,True
8,2490,1784808077.9514768,8,0.019190311431884766,0.0023987889289855957,True
8,2491,1784808077.9710307,8,0.01851797103881836,0.002314746379852295,True
8,2492,1784808077.9902759,8,0.01957559585571289,0.0024469494819641113,True
8,2493,1784808078.010206,8,0.02301502227783203,0.002876877784729004,True
8,2494,1784808078.0335844,8,0.018829345703125,0.002353668212890625,True
8,2495,1784808078.052741,8,0.01919102668762207,0.002398878335952759,True
8,2496,1784808078.0722804,8,0.019295454025268555,0.0024119317531585693,True
8,2497,1784808078.0925922,8,0.01797771453857422,0.0022472143173217773,True
8,2498,1784808078.1110084,8,0.02073836326599121,0.0025922954082489014,True
8,2499,1784808078.1322541,8,0.0200960636138916,0.00251200795173645,True
8,2500,1784808078.1527812,8,0.020142078399658203,0.0025177597999572754,True
8,2501,1784808078.1732364,8,0.019780397415161133,0.0024725496768951416,True
8,2502,1784808078.1934285,8,0.021058082580566406,0.0026322603225708008,True
8,2503,1784808078.2151446,8,0.020107269287109375,0.002513408660888672,True
8,2504,1784808078.2356594,8,0.019387006759643555,0.0024233758449554443,True
8,2505,1784808078.255532,8,0.01885533332824707,0.002356916666030884,True
8,2506,1784808078.274721,8,0.020317554473876953,0.002539694309234619,True
8,2507,1784808078.295529,8,0.02244710922241211,0.0028058886528015137,True
8,2508,1784808078.3187282,8,0.01966547966003418,0.0024581849575042725,True
8,2509,1784808078.3387249,8,0.020482778549194336,0.002560347318649292,True
8,2510,1784808078.3600051,8,0.01963639259338379,0.0024545490741729736,True
8,2511,1784808078.3802865,8,0.02124786376953125,0.0026559829711914062,True
8,2512,1784808078.4021924,8,0.020718097686767578,0.0025897622108459473,True
8,2513,1784808078.4237802,8,0.0197451114654541,0.0024681389331817627,True
8,2514,1784808078.4440794,8,0.01938939094543457,0.0024236738681793213,True
8,2515,1784808078.4646566,8,0.020714282989501953,0.002589285373687744,True
8,2516,1784808078.4864101,8,0.019551992416381836,0.0024439990520477295,True
8,2517,1784808078.5071402,8,0.019785404205322266,0.002473175525665283,True
8,2518,1784808078.527293,8,0.02037525177001953,0.0025469064712524414,True
8,2519,1784808078.5480964,8,0.02245330810546875,0.0028066635131835938,True
8,2520,1784808078.5708795,8,0.01868605613708496,0.00233575701713562,True
8,2521,1784808078.59005,8,0.02179241180419922,0.0027240514755249023,True
8,2522,1784808078.6122737,8,0.019807815551757812,0.0024759769439697266,True
8,2523,1784808078.632491,8,0.020732641220092773,0.0025915801525115967,True
8,2524,1784808078.6535358,8,0.022120952606201172,0.0027651190757751465,True
8,2525,1784808078.676138,8,0.020754098892211914,0.0025942623615264893,True
8,2526,1784808078.6972208,8,0.02101755142211914,0.0026271939277648926,True
8,2527,1784808078.7186122,8,0.019299983978271484,0.0024124979972839355,True
8,2528,1784808078.7390165,8,0.0200960636138916,0.00251200795173645,True
8,2529,1784808078.7595391,8,0.022210359573364258,0.0027762949466705322,True
8,2530,1784808078.782333,8,0.019427061080932617,0.002428382635116577,True
8,2531,1784808078.8022919,8,0.02044081687927246,0.0025551021099090576,True
8,2532,1784808078.823015,8,0.020747661590576172,0.0025934576988220215,True
8,2533,1784808078.8442495,8,0.018230676651000977,0.002278834581375122,True
8,2534,1784808078.8631797,8,0.020282506942749023,0.002535313367843628,True
8,2535,1784808078.88437,8,0.021562814712524414,0.0026953518390655518,True
8,2536,1784808078.9067488,8,0.021467208862304688,0.002683401107788086,True
8,2537,1784808078.9289052,8,0.02243971824645996,0.002804964780807495,True
8,2538,1784808078.9518697,8,0.01893782615661621,0.0023672282695770264,True
8,2539,1784808078.9712813,8,0.019295454025268555,0.0024119317531585693,True
8,2540,1784808078.990947,8,0.02006053924560547,0.0025075674057006836,True
8,2541,1784808079.011858,8,0.01924586296081543,0.0024057328701019287,True
8,2542,1784808079.0316765,8,0.0198819637298584,0.0024852454662323,True
8,2543,1784808079.052014,8,0.021033287048339844,0.0026291608810424805,True
8,2544,1784808079.0736687,8,0.0178985595703125,0.0022373199462890625,True
8,2545,1784808079.0920901,8,0.019191741943359375,0.002398967742919922,True
8,2546,1784808079.1117647,8,0.019665002822875977,0.002458125352859497,True
8,2547,1784808079.1318514,8,0.022004365921020508,0.0027505457401275635,True
8,2548,1784808079.1545572,8,0.020457983016967773,0.0025572478771209717,True
8,2549,1784808079.1753252,8,0.020453691482543945,0.002556711435317993,True
8,2550,1784808079.19635,8,0.019137144088745117,0.0023921430110931396,True
8,2551,1784808079.215856,8,0.026792526245117188,0.0033490657806396484,True
8,2552,1784808079.2434263,8,0.01723456382751465,0.002154320478439331,True
8,2553,1784808079.2610404,8,0.0190885066986084,0.00238606333732605,True
8,2554,1784808079.2804806,8,0.02108144760131836,0.002635180950164795,True
8,2555,1784808079.3019352,8,0.02017688751220703,0.002522110939025879,True
8,2556,1784808079.3223906,8,0.01956033706665039,0.002445042133331299,True
8,2557,1784808079.3422544,8,0.02017807960510254,0.0025222599506378174,True
8,2558,1784808079.3629727,8,0.01938629150390625,0.0024232864379882812,True
8,2559,1784808079.3829672,8,0.021843433380126953,0.002730429172515869,True
8,2560,1784808079.4053164,8,0.019315242767333984,0.002414405345916748,True
8,2561,1784808079.425293,8,0.018625974655151367,0.002328246831893921,True
8,2562,1784808079.4448278,8,0.019831418991088867,0.0024789273738861084,True
8,2563,1784808079.4650428,8,0.01923990249633789,0.0024049878120422363,True
8,2564,1784808079.484724,8,0.019982576370239258,0.0024978220462799072,True
8,2565,1784808079.5051181,8,0.019921541213989258,0.0024901926517486572,True
8,2566,1784808079.5253549,8,0.019622802734375,0.002452850341796875,True
8,2567,1784808079.5455859,8,0.02137589454650879,0.0026719868183135986,True
8,2568,1784808079.5673747,8,0.020407438278198242,0.0025509297847747803,True
8,2569,1784808079.588629,8,0.022993803024291992,0.002874225378036499,True
8,2570,1784808079.6121423,8,0.0203092098236084,0.00253865122795105,True
8,2571,1784808079.633643,8,0.021293163299560547,0.0026616454124450684,True
8,2572,1784808079.655325,8,0.018861770629882812,0.0023577213287353516,True
8,2573,1784808079.6745198,8,0.02100968360900879,0.0026262104511260986,True
8,2574,1784808079.695902,8,0.020046472549438477,0.0025058090686798096,True
8,2575,1784808079.7163384,8,0.02039623260498047,0.0025495290756225586,True
8,2576,1784808079.7377117,8,0.02194499969482422,0.0027431249618530273,True
8,2577,1784808079.7601936,8,0.020600318908691406,0.0025750398635864258,True
8,2578,1784808079.781068,8,0.020427703857421875,0.0025534629821777344,True
8,2579,1784808079.8018336,8,0.022299766540527344,0.002787470817565918,True
8,2580,1784808079.8244069,8,0.019243717193603516,0.0024054646492004395,True
8,2581,1784808079.8440583,8,0.023834228515625,0.002979278564453125,True
8,2582,1784808079.8683052,8,0.022014141082763672,0.002751767635345459,True
8,2583,1784808079.8907225,8,0.020706892013549805,0.0025883615016937256,True
8,2584,1784808079.9125874,8,0.019591093063354492,0.0024488866329193115,True
8,2585,1784808079.932466,8,0.02103257179260254,0.0026290714740753174,True
8,2586,1784808079.9538455,8,0.019818544387817383,0.002477318048477173,True
8,2587,1784808079.974056,8,0.020930767059326172,0.0026163458824157715,True
8,2588,1784808079.9953003,8,0.018871307373046875,0.0023589134216308594,True
8,2589,1784808080.0150886,8,0.020356178283691406,0.0025445222854614258,True
8,2590,1784808080.0357401,8,0.018215417861938477,0.0022769272327423096,True
8,2591,1784808080.0543149,8,0.019554615020751953,0.002444326877593994,True
8,2592,1784808080.0747895,8,0.020897388458251953,0.002612173557281494,True
8,2593,1784808080.096539,8,0.019171714782714844,0.0023964643478393555,True
8,2594,1784808080.1165972,8,0.0206143856048584,0.0025767982006073,True
8,2595,1784808080.1376672,8,0.02013230323791504,0.00251653790473938,True
8,2596,1784808080.159452,8,0.018351316452026367,0.002293914556503296,True
8,2597,1784808080.1783175,8,0.020127534866333008,0.002515941858291626,True
8,2598,1784808080.1988895,8,0.0204465389251709,0.0025558173656463623,True
8,2599,1784808080.219924,8,0.02074575424194336,0.00259321928024292,True
8,2600,1784808080.2414396,8,0.021684646606445312,0.002710580825805664,True
8,2601,1784808080.2635915,8,0.018784523010253906,0.0023480653762817383,True
8,2602,1784808080.2827983,8,0.020795345306396484,0.0025994181632995605,True
8,2603,1784808080.3039591,8,0.020101547241210938,0.002512693405151367,True
8,2604,1784808080.3244007,8,0.021290302276611328,0.002661287784576416,True
8,2605,1784808080.3465233,8,0.018008947372436523,0.0022511184215545654,True
8,2606,1784808080.364821,8,0.02057480812072754,0.0025718510150909424,True
8,2607,1784808080.3857505,8,0.022247791290283203,0.0027809739112854004,True
8,2608,1784808080.4084349,8,0.021405935287475586,0.0026757419109344482,True
8,2609,1784808080.4302526,8,0.020717620849609375,0.002589702606201172,True
8,2610,1784808080.4515119,8,0.02142500877380371,0.002678126096725464,True
8,2611,1784808080.4734318,8,0.019214630126953125,0.0024018287658691406,True
8,2612,1784808080.4931774,8,0.019048452377319336,0.002381056547164917,True
8,2613,1784808080.5125859,8,0.01978611946105957,0.0024732649326324463,True
8,2614,1784808080.532724,8,0.021051883697509766,0.0026314854621887207,True
8,2615,1784808080.55432,8,0.01985907554626465,0.002482384443283081,True
8,2616,1784808080.5746791,8,0.019072532653808594,0.0023840665817260742,True
8,2617,1784808080.594219,8,0.019982576370239258,0.0024978220462799072,True
8,2618,1784808080.6146197,8,0.01958918571472168,0.00244864821434021,True
8,2619,1784808080.6345336,8,0.020627260208129883,0.0025784075260162354,True
8,2620,1784808080.6555371,8,0.020404815673828125,0.0025506019592285156,True
8,2621,1784808080.6770945,8,0.019987821578979492,0.0024984776973724365,True
8,2622,1784808080.697892,8,0.018926620483398438,0.0023658275604248047,True
8,2623,1784808080.7171557,8,0.021025419235229492,0.0026281774044036865,True
8,2624,1784808080.73878,8,0.019002199172973633,0.002375274896621704,True
8,2625,1784808080.7581735,8,0.02121138572692871,0.002651423215866089,True
8,2626,1784808080.780566,8,0.02061915397644043,0.0025773942470550537,True
8,2627,1784808080.8019733,8,0.01803874969482422,0.0022548437118530273,True
8,2628,1784808080.8207605,8,0.021832942962646484,0.0027291178703308105,True
8,2629,1784808080.8435748,8,0.02062535285949707,0.002578169107437134,True
8,2630,1784808080.8645196,8,0.020880937576293945,0.002610117197036743,True
8,2631,1784808080.8860576,8,0.02142620086669922,0.0026782751083374023,True
8,2632,1784808080.9078686,8,0.020315885543823242,0.0025394856929779053,True
8,2633,1784808080.9284885,8,0.019450664520263672,0.002431333065032959,True
8,2634,1784808080.9483411,8,0.02102518081665039,0.002628147602081299,True
8,2635,1784808080.9697134,8,0.021646976470947266,0.002705872058868408,True
8,2636,1784808080.991916,8,0.020985126495361328,0.002623140811920166,True
8,2637,1784808081.0132203,8,0.020595788955688477,0.0025744736194610596,True
8,2638,1784808081.0342445,8,0.020573854446411133,0.0025717318058013916,True
8,2639,1784808081.0552824,8,0.020855188369750977,0.002606898546218872,True
8,2640,1784808081.0764802,8,0.019008636474609375,0.002376079559326172,True
8,2641,1784808081.0959156,8,0.01979994773864746,0.0024749934673309326,True
8,2642,1784808081.115996,8,0.02006697654724121,0.0025083720684051514,True
8,2643,1784808081.1365018,8,0.018837690353393555,0.0023547112941741943,True
8,2644,1784808081.1557138,8,0.0206906795501709,0.0025863349437713623,True
8,2645,1784808081.176718,8,0.02083277702331543,0.0026040971279144287,True
8,2646,1784808081.1979375,8,0.020360708236694336,0.002545088529586792,True
8,2647,1784808081.218685,8,0.019776582717895508,0.0024720728397369385,True
8,2648,1784808081.2388453,8,0.018306732177734375,0.002288341522216797,True
8,2649,1784808081.257631,8,0.019234657287597656,0.002404332160949707,True
8,2650,1784808081.2772574,8,0.019395828247070312,0.002424478530883789,True
8,2651,1784808081.2972038,8,0.018994808197021484,0.0023743510246276855,True
8,2652,1784808081.3165193,8,0.019823312759399414,0.0024779140949249268,True
8,2653,1784808081.3367746,8,0.020130634307861328,0.002516329288482666,True
8,2654,1784808081.35742,8,0.020514965057373047,0.002564370632171631,True
8,2655,1784808081.3783824,8,0.019848346710205078,0.0024810433387756348,True
8,2656,1784808081.3985405,8,0.019933462142944336,0.002491682767868042,True
8,2657,1784808081.419086,8,0.019650936126708984,0.002456367015838623,True
8,2658,1784808081.4391193,8,0.020346641540527344,0.002543330192565918,True
8,2659,1784808081.459952,8,0.019791841506958008,0.002473980188369751,True
8,2660,1784808081.4801557,8,0.018897056579589844,0.0023621320724487305,True
8,2661,1784808081.4994397,8,0.02234649658203125,0.0027933120727539062,True
8,2662,1784808081.5220485,8,0.01973867416381836,0.002467334270477295,True
8,2663,1784808081.5422301,8,0.020121335983276367,0.002515166997909546,True
8,2664,1784808081.5627077,8,0.023044824600219727,0.002880603075027466,True
8,2665,1784808081.5863514,8,0.019629716873168945,0.002453714609146118,True
8,2666,1784808081.6065857,8,0.018665552139282227,0.0023331940174102783,True
8,2667,1784808081.6257286,8,0.020777225494384766,0.0025971531867980957,True
8,2668,1784808081.647204,8,0.020571470260620117,0.0025714337825775146,True
8,2669,1784808081.6693673,8,0.02094292640686035,0.002617865800857544,True
8,2670,1784808081.6912317,8,0.01856231689453125,0.0023202896118164062,True
8,2671,1784808081.710107,8,0.019688129425048828,0.0024610161781311035,True
8,2672,1784808081.7301452,8,0.021259307861328125,0.0026574134826660156,True
8,2673,1784808081.7517302,8,0.02046513557434082,0.0025581419467926025,True
8,2674,1784808081.7724667,8,0.019451379776000977,0.002431422472000122,True
8,2675,1784808081.7923548,8,0.02058553695678711,0.0025731921195983887,True
8,2676,1784808081.8136683,8,0.02179694175720215,0.0027246177196502686,True
8,2677,1784808081.8369966,8,0.018197059631347656,0.002274632453918457,True
8,2678,1784808081.8555236,8,0.019741535186767578,0.0024676918983459473,True
8,2679,1784808081.8756783,8,0.02106189727783203,0.002632737159729004,True
8,2680,1784808081.8971198,8,0.021915674209594727,0.002739459276199341,True
8,2681,1784808081.9199123,8,0.02053213119506836,0.002566516399383545,True
8,2682,1784808081.940973,8,0.020073652267456055,0.002509206533432007,True
8,2683,1784808081.961331,8,0.01929163932800293,0.002411454916000366,True
8,2684,1784808081.9809034,8,0.020737648010253906,0.0025922060012817383,True
8,2685,1784808082.0021198,8,0.01931619644165039,0.002414524555206299,True
8,2686,1784808082.0219085,8,0.020975112915039062,0.002621889114379883,True
8,2687,1784808082.0432065,8,0.020094633102416992,0.002511829137802124,True
8,2688,1784808082.063708,8,0.017360210418701172,0.0021700263023376465,True
8,2689,1784808082.081437,8,0.019905805587768555,0.0024882256984710693,True
8,2690,1784808082.101682,8,0.02015399932861328,0.00251924991607666,True
8,2691,1784808082.1223805,8,0.019096851348876953,0.002387106418609619,True
8,2692,1784808082.141836,8,0.01838064193725586,0.0022975802421569824,True
8,2693,1784808082.1606224,8,0.022263288497924805,0.0027829110622406006,True
8,2694,1784808082.1834185,8,0.018308162689208984,0.002288520336151123,True
8,2695,1784808082.2021945,8,0.020055294036865234,0.0025069117546081543,True
8,2696,1784808082.222529,8,0.022459030151367188,0.0028073787689208984,True
8,2697,1784808082.2453263,8,0.02005314826965332,0.002506643533706665,True
8,2698,1784808082.2660918,8,0.018739938735961914,0.0023424923419952393,True
8,2699,1784808082.2855375,8,0.01981496810913086,0.0024768710136413574,True
8,2700,1784808082.3057442,8,0.020894527435302734,0.002611815929412842,True
8,2701,1784808082.327274,8,0.021196842193603516,0.0026496052742004395,True
8,2702,1784808082.3489854,8,0.022308826446533203,0.0027886033058166504,True
8,2703,1784808082.3716352,8,0.02045297622680664,0.00255662202835083,True
8,2704,1784808082.3924086,8,0.02005171775817871,0.002506464719772339,True
8,2705,1784808082.4128096,8,0.019954919815063477,0.0024943649768829346,True
8,2706,1784808082.4332464,8,0.019533157348632812,0.0024416446685791016,True
8,2707,1784808082.4533515,8,0.019495010375976562,0.0024368762969970703,True
8,2708,1784808082.4737391,8,0.020058393478393555,0.0025072991847991943,True
8,2709,1784808082.4949474,8,0.021187305450439453,0.0026484131813049316,True
8,2710,1784808082.5164783,8,0.020885944366455078,0.0026107430458068848,True
8,2711,1784808082.5378532,8,0.020029783248901367,0.002503722906112671,True
8,2712,1784808082.5584629,8,0.020484209060668945,0.002560526132583618,True
8,2713,1784808082.579805,8,0.019275188446044922,0.0024093985557556152,True
8,2714,1784808082.599423,8,0.020574569702148438,0.0025718212127685547,True
8,2715,1784808082.6204038,8,0.022029399871826172,0.0027536749839782715,True
8,2716,1784808082.6428385,8,0.01897144317626953,0.0023714303970336914,True
8,2717,1784808082.6622176,8,0.020595550537109375,0.002574443817138672,True
8,2718,1784808082.6832726,8,0.020908355712890625,0.002613544464111328,True
8,2719,1784808082.7044659,8,0.01916217803955078,0.0023952722549438477,True
8,2720,1784808082.7241566,8,0.021430492401123047,0.002678811550140381,True
8,2721,1784808082.7458878,8,0.02272176742553711,0.0028402209281921387,True
8,2722,1784808082.7692223,8,0.02122640609741211,0.0026533007621765137,True
8,2723,1784808082.7907844,8,0.01950860023498535,0.002438575029373169,True
8,2724,1784808082.810614,8,0.02057671546936035,0.002572089433670044,True
8,2725,1784808082.831721,8,0.019445180892944336,0.002430647611618042,True
8,2726,1784808082.8519356,8,0.020073413848876953,0.002509176731109619,True
8,2727,1784808082.8723614,8,0.02099609375,0.00262451171875,True
8,2728,1784808082.8936806,8,0.020206689834594727,0.002525836229324341,True
8,2729,1784808082.914287,8,0.019532203674316406,0.0024415254592895508,True
8,2730,1784808082.9341314,8,0.021770477294921875,0.0027213096618652344,True
8,2731,1784808082.956251,8,0.019348859786987305,0.002418607473373413,True
8,2732,1784808082.975956,8,0.01928234100341797,0.002410292625427246,True
8,2733,1784808082.995566,8,0.020687103271484375,0.002585887908935547,True
8,2734,1784808083.016668,8,0.018575668334960938,0.002321958541870117,True
8,2735,1784808083.0356221,8,0.018885135650634766,0.0023606419563293457,True
8,2736,1784808083.0547836,8,0.01868438720703125,0.0023355484008789062,True
8,2737,1784808083.073964,8,0.021239519119262695,0.002654939889907837,True
8,2738,1784808083.0959306,8,0.01902604103088379,0.0023782551288604736,True
8,2739,1784808083.115811,8,0.018942832946777344,0.002367854118347168,True
8,2740,1784808083.135506,8,0.01946854591369629,0.002433568239212036,True
8,2741,1784808083.155353,8,0.019441604614257812,0.0024302005767822266,True
8,2742,1784808083.1753585,8,0.02030038833618164,0.002537548542022705,True
8,2743,1784808083.1961148,8,0.019969463348388672,0.002496182918548584,True
8,2744,1784808083.2163825,8,0.020332813262939453,0.0025416016578674316,True
8,2745,1784808083.2377682,8,0.02135777473449707,0.002669721841812134,True
8,2746,1784808083.259497,8,0.020915746688842773,0.0026144683361053467,True
8,2747,1784808083.2807605,8,0.01955127716064453,0.0024439096450805664,True
8,2748,1784808083.3008993,8,0.01988816261291504,0.00248602032661438,True
8,2749,1784808083.3213673,8,0.019336223602294922,0.0024170279502868652,True
8,2750,1784808083.3411806,8,0.01885819435119629,0.002357274293899536,True
8,2751,1784808083.3618202,8,0.020170211791992188,0.0025212764739990234,True
8,2752,1784808083.3823159,8,0.022187232971191406,0.0027734041213989258,True
8,2753,1784808083.4049103,8,0.0193939208984375,0.0024242401123046875,True
8,2754,1784808083.4246497,8,0.019844532012939453,0.0024805665016174316,True
8,2755,1784808083.4449441,8,0.018711566925048828,0.0023389458656311035,True
8,2756,1784808083.4641733,8,0.019663095474243164,0.0024578869342803955,True
8,2757,1784808083.4845078,8,0.018454790115356445,0.0023068487644195557,True
8,2758,1784808083.5034103,8,0.017932653427124023,0.002241581678390503,True
8,2759,1784808083.521708,8,0.020222187042236328,0.002527773380279541,True
8,2760,1784808083.5428348,8,0.020978689193725586,0.0026223361492156982,True
8,2761,1784808083.5642128,8,0.020102500915527344,0.002512812614440918,True
8,2762,1784808083.5848174,8,0.019631624221801758,0.0024539530277252197,True
8,2763,1784808083.6048307,8,0.01937270164489746,0.0024215877056121826,True
8,2764,1784808083.624622,8,0.020676374435424805,0.0025845468044281006,True
8,2765,1784808083.6463614,8,0.019058704376220703,0.002382338047027588,True
8,2766,1784808083.665812,8,0.018568754196166992,0.002321094274520874,True
8,2767,1784808083.685461,8,0.02300429344177246,0.0028755366802215576,True
8,2768,1784808083.7096605,8,0.017885684967041016,0.002235710620880127,True
8,2769,1784808083.7279158,8,0.020894527435302734,0.002611815929412842,True
8,2770,1784808083.7491553,8,0.020850658416748047,0.002606332302093506,True
8,2771,1784808083.7704995,8,0.018688678741455078,0.0023360848426818848,True
8,2772,1784808083.7895024,8,0.01943063735961914,0.0024288296699523926,True
8,2773,1784808083.8092384,8,0.019996166229248047,0.002499520778656006,True
8,2774,1784808083.8295808,8,0.01975536346435547,0.0024694204330444336,True
8,2775,1784808083.8499436,8,0.019716501235961914,0.0024645626544952393,True
8,2776,1784808083.8702252,8,0.020656824111938477,0.0025821030139923096,True
8,2777,1784808083.891274,8,0.019660234451293945,0.002457529306411743,True
8,2778,1784808083.9124212,8,0.02333521842956543,0.0029169023036956787,True
8,2779,1784808083.936357,8,0.017741918563842773,0.0022177398204803467,True
8,2780,1784808083.9550858,8,0.021192312240600586,0.0026490390300750732,True
8,2781,1784808083.9767334,8,0.02031564712524414,0.0025394558906555176,True
8,2782,1784808083.9974654,8,0.021006107330322266,0.002625763416290283,True
8,2783,1784808084.0188284,8,0.01880478858947754,0.0023505985736846924,True
8,2784,1784808084.0382543,8,0.019323110580444336,0.002415388822555542,True
8,2785,1784808084.0578687,8,0.01883411407470703,0.002354264259338379,True
8,2786,1784808084.077106,8,0.020020723342895508,0.0025025904178619385,True
8,2787,1784808084.0974193,8,0.019539356231689453,0.0024424195289611816,True
8,2788,1784808084.1172094,8,0.020502328872680664,0.002562791109085083,True
8,2789,1784808084.1384702,8,0.021661758422851562,0.0027077198028564453,True
8,2790,1784808084.1605735,8,0.01860809326171875,0.0023260116577148438,True
8,2791,1784808084.1794841,8,0.02101755142211914,0.0026271939277648926,True
8,2792,1784808084.2011597,8,0.020773887634277344,0.002596735954284668,True
8,2793,1784808084.2223437,8,0.02050304412841797,0.002562880516052246,True
8,2794,1784808084.243285,8,0.020771026611328125,0.0025963783264160156,True
8,2795,1784808084.264715,8,0.019828319549560547,0.0024785399436950684,True
8,2796,1784808084.2849627,8,0.0199582576751709,0.0024947822093963623,True
8,2797,1784808084.307704,8,0.018040895462036133,0.0022551119327545166,True
8,2798,1784808084.3260996,8,0.01988506317138672,0.00248563289642334,True
8,2799,1784808084.3468447,8,0.019865751266479492,0.0024832189083099365,True
8,2800,1784808084.3677871,8,0.02112102508544922,0.0026401281356811523,True
8,2801,1784808084.3893116,8,0.020857572555541992,0.002607196569442749,True
8,2802,1784808084.4114788,8,0.02019667625427246,0.0025245845317840576,True
8,2803,1784808084.4321299,8,0.020351171493530273,0.002543896436691284,True
8,2804,1784808084.4530764,8,0.02152252197265625,0.0026903152465820312,True
8,2805,1784808084.4749637,8,0.02172994613647461,0.002716243267059326,True
8,2806,1784808084.4974778,8,0.018343448638916016,0.002292931079864502,True
8,2807,1784808084.5162055,8,0.02091360092163086,0.0026142001152038574,True
8,2808,1784808084.5375655,8,0.021297931671142578,0.0026622414588928223,True
8,2809,1784808084.5592759,8,0.021498680114746094,0.0026873350143432617,True
8,2810,1784808084.5811276,8,0.022758960723876953,0.002844870090484619,True
8,2811,1784808084.6050072,8,0.01940774917602539,0.002425968647003174,True
8,2812,1784808084.6250634,8,0.018826723098754883,0.0023533403873443604,True
8,2813,1784808084.6444216,8,0.019588470458984375,0.002448558807373047,True
8,2814,1784808084.664411,8,0.020226001739501953,0.002528250217437744,True
8,2815,1784808084.685117,8,0.020870208740234375,0.002608776092529297,True
8,2816,1784808084.7064557,8,0.01998162269592285,0.0024977028369903564,True
8,2817,1784808084.726788,8,0.019599437713623047,0.002449929714202881,True
8,2818,1784808084.747822,8,0.018245697021484375,0.002280712127685547,True
8,2819,1784808084.766374,8,0.02102184295654297,0.002627730369567871,True
8,2820,1784808084.7877445,8,0.02019810676574707,0.002524763345718384,True
8,2821,1784808084.80833,8,0.021059513092041016,0.002632439136505127,True
8,2822,1784808084.8297358,8,0.01981639862060547,0.0024770498275756836,True
8,2823,1784808084.849973,8,0.019668102264404297,0.002458512783050537,True
8,2824,1784808084.8702347,8,0.020636558532714844,0.0025795698165893555,True
8,2825,1784808084.8919227,8,0.02099776268005371,0.002624720335006714,True
8,2826,1784808084.9134912,8,0.02113628387451172,0.002642035484313965,True
8,2827,1784808084.9353027,8,0.02122640609741211,0.0026533007621765137,True
8,2828,1784808084.9570315,8,0.021382808685302734,0.002672851085662842,True
8,2829,1784808084.9791474,8,0.021466732025146484,0.0026833415031433105,True
8,2830,1784808085.0016866,8,0.020075559616088867,0.0025094449520111084,True
8,2831,1784808085.0222418,8,0.022989749908447266,0.002873718738555908,True
8,2832,1784808085.0457542,8,0.019362449645996094,0.0024203062057495117,True
8,2833,1784808085.0660088,8,0.020765066146850586,0.0025956332683563232,True
8,2834,1784808085.087332,8,0.020043134689331055,0.002505391836166382,True
8,2835,1784808085.1079395,8,0.020784854888916016,0.002598106861114502,True
8,2836,1784808085.1296575,8,0.019980430603027344,0.002497553825378418,True
8,2837,1784808085.1500099,8,0.022686481475830078,0.0028358101844787598,True
8,2838,1784808085.1729584,8,0.01883530616760254,0.0023544132709503174,True
8,2839,1784808085.192312,8,0.02016139030456543,0.0025201737880706787,True
8,2840,1784808085.2131903,8,0.01901412010192871,0.002376765012741089,True
8,2841,1784808085.2325482,8,0.021223068237304688,0.002652883529663086,True
8,2842,1784808085.2542002,8,0.02048778533935547,0.0025609731674194336,True
8,2843,1784808085.2753005,8,0.02127218246459961,0.002659022808074951,True
8,2844,1784808085.2972686,8,0.02045583724975586,0.0025569796562194824,True
8,2845,1784808085.3182285,8,0.020122051239013672,0.002515256404876709,True
8,2846,1784808085.3389008,8,0.01954054832458496,0.00244256854057312,True
8,2847,1784808085.3590417,8,0.02011704444885254,0.0025146305561065674,True
8,2848,1784808085.3797164,8,0.02157449722290039,0.002696812152862549,True
8,2849,1784808085.4017437,8,0.019977092742919922,0.0024971365928649902,True
8,2850,1784808085.4220915,8,0.021104097366333008,0.002638012170791626,True
8,2851,1784808085.4436417,8,0.01859736442565918,0.0023246705532073975,True
8,2852,1784808085.4629166,8,0.022592544555664062,0.002824068069458008,True
8,2853,1784808085.486079,8,0.018819808959960938,0.002352476119995117,True
8,2854,1784808085.5052907,8,0.020560026168823242,0.0025700032711029053,True
8,2855,1784808085.5268993,8,0.018610000610351562,0.0023262500762939453,True
8,2856,1784808085.545895,8,0.021019697189331055,0.002627462148666382,True
8,2857,1784808085.5676503,8,0.018941402435302734,0.002367675304412842,True
8,2858,1784808085.588479,8,0.019288063049316406,0.0024110078811645508,True
8,2859,1784808085.6082683,8,0.020917415618896484,0.0026146769523620605,True
8,2860,1784808085.630724,8,0.021203041076660156,0.0026503801345825195,True
8,2861,1784808085.6522222,8,0.019166946411132812,0.0023958683013916016,True
8,2862,1784808085.672172,8,0.02021002769470215,0.0025262534618377686,True
8,2863,1784808085.6927414,8,0.022951841354370117,0.0028689801692962646,True
8,2864,1784808085.71613,8,0.018967628479003906,0.0023709535598754883,True
8,2865,1784808085.7354126,8,0.022186279296875,0.002773284912109375,True
8,2866,1784808085.7580986,8,0.02205681800842285,0.0027571022510528564,True
8,2867,1784808085.780441,8,0.01936817169189453,0.0024210214614868164,True
8,2868,1784808085.800423,8,0.021219491958618164,0.0026524364948272705,True
8,2869,1784808085.8219786,8,0.021596193313598633,0.002699524164199829,True
8,2870,1784808085.843956,8,0.020253896713256836,0.0025317370891571045,True
8,2871,1784808085.8645008,8,0.020853757858276367,0.002606719732284546,True
8,2872,1784808085.8858967,8,0.01904439926147461,0.002380549907684326,True
8,2873,1784808085.9076862,8,0.020602941513061523,0.0025753676891326904,True
8,2874,1784808085.9286847,8,0.01914525032043457,0.0023931562900543213,True
8,2875,1784808085.948456,8,0.022927045822143555,0.0028658807277679443,True
8,2876,1784808085.9722393,8,0.02021336555480957,0.0025266706943511963,True
8,2877,1784808085.9928768,8,0.019942283630371094,0.0024927854537963867,True
8,2878,1784808086.0135746,8,0.020786762237548828,0.0025983452796936035,True
8,2879,1784808086.0346537,8,0.0193636417388916,0.00242045521736145,True
8,2880,1784808086.0543554,8,0.020076274871826172,0.0025095343589782715,True
8,2881,1784808086.0747352,8,0.020906925201416016,0.002613365650177002,True
8,2882,1784808086.097246,8,0.02159905433654785,0.0026998817920684814,True
8,2883,1784808086.1203842,8,0.019309282302856445,0.0024136602878570557,True
8,2884,1784808086.1400616,8,0.017698287963867188,0.0022122859954833984,True
8,2885,1784808086.1581714,8,0.019694089889526367,0.002461761236190796,True
8,2886,1784808086.178284,8,0.018210887908935547,0.0022763609886169434,True
8,2887,1784808086.1970363,8,0.01826643943786621,0.0022833049297332764,True
8,2888,1784808086.2156727,8,0.01951289176940918,0.0024391114711761475,True
8,2889,1784808086.2354934,8,0.015694856643676758,0.0019618570804595947,True
8,2890,1784808086.2515426,8,0.015427589416503906,0.0019284486770629883,True
8,2891,1784808086.2673347,8,0.01677989959716797,0.002097487449645996,True
8,2892,1784808086.2847562,8,0.015167236328125,0.001895904541015625,True
8,2893,1784808086.300293,8,0.016750812530517578,0.0020938515663146973,True
8,2894,1784808086.3173478,8,0.01614832878112793,0.002018541097640991,True
8,2895,1784808086.3338912,8,0.014559745788574219,0.0018199682235717773,True
8,2896,1784808086.3487535,8,0.017551898956298828,0.0021939873695373535,True
8,2897,1784808086.3669696,8,0.012847661972045898,0.0016059577465057373,True
8,2898,1784808086.38033,8,0.013065814971923828,0.0016332268714904785,True
8,2899,1784808086.394095,8,0.014570474624633789,0.0018213093280792236,True
8,2900,1784808086.4090676,8,0.014314889907836914,0.0017893612384796143,True
8,2901,1784808086.4243436,8,0.013266801834106445,0.0016583502292633057,True
8,2902,1784808086.438747,8,0.013593196868896484,0.0016991496086120605,True
8,2903,1784808086.4531312,8,0.011303424835205078,0.0014129281044006348,True
