process_id,batch_id,timestamp,batch_size,batch_time_seconds,avg_query_time_seconds,success
3,1,1784808026.2236338,8,0.0051462650299072266,0.0006432831287384033,True
3,2,1784808026.2297704,8,0.005157947540283203,0.0006447434425354004,True
3,3,1784808026.235368,8,0.006058692932128906,0.0007573366165161133,True
3,4,1784808026.2419891,8,0.00681757926940918,0.0008521974086761475,True
3,5,1784808026.249467,8,0.006340503692626953,0.0007925629615783691,True
3,6,1784808026.256654,8,0.0061779022216796875,0.0007722377777099609,True
3,7,1784808026.2634752,8,0.006082296371459961,0.0007602870464324951,True
3,8,1784808026.269989,8,0.005460500717163086,0.0006825625896453857,True
3,9,1784808026.2766654,8,0.005992412567138672,0.000749051570892334,True
3,10,1784808026.2834573,8,0.005816459655761719,0.0007270574569702148,True
3,11,1784808026.2902882,8,0.00624847412109375,0.0007810592651367188,True
3,12,1784808026.2973788,8,0.005299091339111328,0.000662386417388916,True
3,13,1784808026.3036087,8,0.006920576095581055,0.0008650720119476318,True
3,14,1784808026.31095,8,0.0058078765869140625,0.0007259845733642578,True
3,15,1784808026.317289,8,0.005784273147583008,0.000723034143447876,True
3,16,1784808026.3244143,8,0.0056345462799072266,0.0007043182849884033,True
3,17,1784808026.3308134,8,0.007143497467041016,0.000892937183380127,True
3,18,1784808026.338332,8,0.006200551986694336,0.000775068998336792,True
3,19,1784808026.3449895,8,0.0064830780029296875,0.0008103847503662109,True
3,20,1784808026.3523922,8,0.006948232650756836,0.0008685290813446045,True
3,21,1784808026.3599749,8,0.006319999694824219,0.0007899999618530273,True
3,22,1784808026.367052,8,0.006665706634521484,0.0008332133293151855,True
3,23,1784808026.3758519,8,0.0077702999114990234,0.0009712874889373779,True
3,24,1784808026.38454,8,0.005967855453491211,0.0007459819316864014,True
3,25,1784808026.391377,8,0.00639796257019043,0.0007997453212738037,True
3,26,1784808026.3987753,8,0.006937742233276367,0.0008672177791595459,True
3,27,1784808026.406219,8,0.014475107192993164,0.0018093883991241455,True
3,28,1784808026.422395,8,0.007441520690917969,0.0009301900863647461,True
3,29,1784808026.430772,8,0.008097410202026367,0.001012176275253296,True
3,30,1784808026.4402463,8,0.0069959163665771484,0.0008744895458221436,True
3,31,1784808026.448531,8,0.007528543472290039,0.0009410679340362549,True
3,32,1784808026.4573686,8,0.0069811344146728516,0.0008726418018341064,True
3,33,1784808026.4656296,8,0.008708953857421875,0.0010886192321777344,True
3,34,1784808026.4749105,8,0.006552696228027344,0.000819087028503418,True
3,35,1784808026.4829416,8,0.0076143741607666016,0.0009517967700958252,True
3,36,1784808026.4911797,8,0.0071563720703125,0.0008945465087890625,True
3,37,1784808026.499483,8,0.00841212272644043,0.0010515153408050537,True
3,38,1784808026.5084674,8,0.007610321044921875,0.0009512901306152344,True
3,39,1784808026.516753,8,0.009193181991577148,0.0011491477489471436,True
3,40,1784808026.5265632,8,0.007503986358642578,0.0009379982948303223,True
3,41,1784808026.5348682,8,0.0072896480560302734,0.0009112060070037842,True
3,42,1784808026.5426009,8,0.009825468063354492,0.0012281835079193115,True
3,43,1784808026.5546966,8,0.007436990737915039,0.0009296238422393799,True
3,44,1784808026.5643566,8,0.009526968002319336,0.001190871000289917,True
3,45,1784808026.5744343,8,0.0107879638671875,0.0013484954833984375,True
3,46,1784808026.5857816,8,0.009133338928222656,0.001141667366027832,True
3,47,1784808026.5959496,8,0.009413003921508789,0.0011766254901885986,True
3,48,1784808026.6064508,8,0.010035037994384766,0.0012543797492980957,True
3,49,1784808026.617078,8,0.01036977767944336,0.00129622220993042,True
3,50,1784808026.6285605,8,0.008670568466186523,0.0010838210582733154,True
3,51,1784808026.6383903,8,0.00946187973022461,0.0011827349662780762,True
3,52,1784808026.6485646,8,0.010232210159301758,0.0012790262699127197,True
3,53,1784808026.663636,8,0.008922100067138672,0.001115262508392334,True
3,54,1784808026.6741424,8,0.01047968864440918,0.0013099610805511475,True
3,55,1784808026.6860714,8,0.009214639663696289,0.0011518299579620361,True
3,56,1784808026.6957955,8,0.013172626495361328,0.001646578311920166,True
3,57,1784808026.7103612,8,0.010920286178588867,0.0013650357723236084,True
3,58,1784808026.7304885,8,0.012651443481445312,0.001581430435180664,True
3,59,1784808026.7514653,8,0.008683443069458008,0.001085430383682251,True
3,60,1784808026.7607048,8,0.009539127349853516,0.0011923909187316895,True
3,61,1784808026.7708032,8,0.012236595153808594,0.0015295743942260742,True
3,62,1784808026.7860022,8,0.011361360549926758,0.0014201700687408447,True
3,63,1784808026.8085191,8,0.00798344612121582,0.0009979307651519775,True
3,64,1784808026.8255396,8,0.009939193725585938,0.0012423992156982422,True
3,65,1784808026.836604,8,0.013324499130249023,0.001665562391281128,True
3,66,1784808026.8512945,8,0.014940023422241211,0.0018675029277801514,True
3,67,1784808026.8667655,8,0.012906789779663086,0.0016133487224578857,True
3,68,1784808026.8804767,8,0.014023780822753906,0.0017529726028442383,True
3,69,1784808026.8949914,8,0.014643192291259766,0.0018303990364074707,True
3,70,1784808026.9110036,8,0.013622283935546875,0.0017027854919433594,True
3,71,1784808026.9254954,8,0.014434099197387695,0.001804262399673462,True
3,72,1784808026.9426246,8,0.015724897384643555,0.0019656121730804443,True
3,73,1784808026.9676185,8,0.009958744049072266,0.0012448430061340332,True
3,74,1784808026.992052,8,0.007821083068847656,0.000977635383605957,True
3,75,1784808027.0188243,8,0.012831687927246094,0.0016039609909057617,True
3,76,1784808027.0355444,8,0.014847993850708008,0.001855999231338501,True
3,77,1784808027.0512621,8,0.01689624786376953,0.0021120309829711914,True
3,78,1784808027.0698292,8,0.019248247146606445,0.0024060308933258057,True
3,79,1784808027.1013174,8,0.007884979248046875,0.0009856224060058594,True
3,80,1784808027.1199856,8,0.007713794708251953,0.0009642243385314941,True
3,81,1784808027.1491778,8,0.01283574104309082,0.0016044676303863525,True
3,82,1784808027.174921,8,0.008604764938354492,0.0010755956172943115,True
3,83,1784808027.1963437,8,0.00942683219909668,0.001178354024887085,True
3,84,1784808027.2207952,8,0.007272005081176758,0.0009090006351470947,True
3,85,1784808027.2417953,8,0.012846708297729492,0.0016058385372161865,True
3,86,1784808027.2625935,8,0.012042760848999023,0.001505345106124878,True
3,87,1784808027.283203,8,0.013884544372558594,0.0017355680465698242,True
3,88,1784808027.3038528,8,0.01387166976928711,0.0017339587211608887,True
3,89,1784808027.3341806,8,0.008431673049926758,0.0010539591312408447,True
3,90,1784808027.360123,8,0.00582432746887207,0.0007280409336090088,True
3,91,1784808027.3806655,8,0.008443355560302734,0.0010554194450378418,True
3,92,1784808027.398228,8,0.0122833251953125,0.0015354156494140625,True
3,93,1784808027.4197967,8,0.011639595031738281,0.0014549493789672852,True
3,94,1784808027.4355702,8,0.01634049415588379,0.0020425617694854736,True
3,95,1784808027.4535267,8,0.018825292587280273,0.002353161573410034,True
3,96,1784808027.472955,8,0.019179105758666992,0.002397388219833374,True
3,97,1784808027.4926958,8,0.019986391067504883,0.0024982988834381104,True
3,98,1784808027.5139735,8,0.020956039428710938,0.002619504928588867,True
3,99,1784808027.5355973,8,0.018613815307617188,0.0023267269134521484,True
3,100,1784808027.557551,8,0.01951432228088379,0.0024392902851104736,True
3,101,1784808027.5776858,8,0.022347450256347656,0.002793431282043457,True
3,102,1784808027.6018252,8,0.019765615463256836,0.0024707019329071045,True
3,103,1784808027.6222239,8,0.019329547882080078,0.0024161934852600098,True
3,104,1784808027.6422725,8,0.01962423324584961,0.002453029155731201,True
3,105,1784808027.6652179,8,0.01763606071472168,0.00220450758934021,True
3,106,1784808027.6855352,8,0.015609979629516602,0.0019512474536895752,True
3,107,1784808027.7023926,8,0.018842458724975586,0.0023553073406219482,True
3,108,1784808027.7221944,8,0.02132868766784668,0.002666085958480835,True
3,109,1784808027.7441182,8,0.020645618438720703,0.002580702304840088,True
3,110,1784808027.7656822,8,0.018163204193115234,0.0022704005241394043,True
3,111,1784808027.7850368,8,0.019134044647216797,0.0023917555809020996,True
3,112,1784808027.80556,8,0.02012324333190918,0.0025154054164886475,True
3,113,1784808027.8290548,8,0.0184328556060791,0.0023041069507598877,True
3,114,1784808027.8486094,8,0.020308971405029297,0.002538621425628662,True
3,115,1784808027.87049,8,0.019649267196655273,0.002456158399581909,True
3,116,1784808027.8913183,8,0.020497798919677734,0.002562224864959717,True
3,117,1784808027.912886,8,0.018068552017211914,0.0022585690021514893,True
3,118,1784808027.932861,8,0.01940155029296875,0.0024251937866210938,True
3,119,1784808027.9528081,8,0.020951509475708008,0.002618938684463501,True
3,120,1784808027.9751823,8,0.021236658096313477,0.0026545822620391846,True
3,121,1784808027.9973269,8,0.019492149353027344,0.002436518669128418,True
3,122,1784808028.0187602,8,0.018282413482666016,0.002285301685333252,True
3,123,1784808028.03831,8,0.019545793533325195,0.0024432241916656494,True
3,124,1784808028.058506,8,0.018864870071411133,0.0023581087589263916,True
3,125,1784808028.0783877,8,0.02194952964782715,0.0027436912059783936,True
3,126,1784808028.100957,8,0.020203828811645508,0.0025254786014556885,True
3,127,1784808028.1217144,8,0.019609451293945312,0.002451181411743164,True
3,128,1784808028.1421897,8,0.01998734474182129,0.002498418092727661,True
3,129,1784808028.1628897,8,0.01964116096496582,0.0024551451206207275,True
3,130,1784808028.183046,8,0.02151179313659668,0.002688974142074585,True
3,131,1784808028.2055821,8,0.020717144012451172,0.0025896430015563965,True
3,132,1784808028.2266498,8,0.02085137367248535,0.002606421709060669,True
3,133,1784808028.2480571,8,0.01943349838256836,0.002429187297821045,True
3,134,1784808028.2680433,8,0.019562721252441406,0.0024453401565551758,True
3,135,1784808028.2881496,8,0.018857955932617188,0.0023572444915771484,True
3,136,1784808028.3084447,8,0.021533727645874023,0.002691715955734253,True
3,137,1784808028.3306491,8,0.019680500030517578,0.0024600625038146973,True
3,138,1784808028.3512077,8,0.020304441452026367,0.002538055181503296,True
3,139,1784808028.3719199,8,0.01968526840209961,0.002460658550262451,True
3,140,1784808028.3919177,8,0.019997358322143555,0.0024996697902679443,True
3,141,1784808028.412384,8,0.01999688148498535,0.002499610185623169,True
3,142,1784808028.4331074,8,0.020009756088256836,0.0025012195110321045,True
3,143,1784808028.454643,8,0.021828889846801758,0.0027286112308502197,True
3,144,1784808028.4775658,8,0.019249916076660156,0.0024062395095825195,True
3,145,1784808028.4978461,8,0.017575979232788086,0.0021969974040985107,True
3,146,1784808028.5158541,8,0.019588470458984375,0.002448558807373047,True
3,147,1784808028.5374231,8,0.0182039737701416,0.0022754967212677,True
3,148,1784808028.5559216,8,0.020427703857421875,0.0025534629821777344,True
3,149,1784808028.5766528,8,0.019289731979370117,0.0024112164974212646,True
3,150,1784808028.5965333,8,0.019037246704101562,0.0023796558380126953,True
3,151,1784808028.6161635,8,0.0202176570892334,0.002527207136154175,True
3,152,1784808028.6368654,8,0.019724607467651367,0.002465575933456421,True
3,153,1784808028.6577618,8,0.02019357681274414,0.0025241971015930176,True
3,154,1784808028.6783504,8,0.01968836784362793,0.002461045980453491,True
3,155,1784808028.6983685,8,0.02270674705505371,0.002838343381881714,True
3,156,1784808028.721956,8,0.019286394119262695,0.002410799264907837,True
3,157,1784808028.7417831,8,0.01959371566772461,0.002449214458465576,True
3,158,1784808028.7624543,8,0.01907181739807129,0.002383977174758911,True
3,159,1784808028.781949,8,0.019749164581298828,0.0024686455726623535,True
3,160,1784808028.802545,8,0.016950607299804688,0.002118825912475586,True
3,161,1784808028.8201637,8,0.021676301956176758,0.0027095377445220947,True
3,162,1784808028.842789,8,0.02174544334411621,0.0027181804180145264,True
3,163,1784808028.8661501,8,0.017709970474243164,0.0022137463092803955,True
3,164,1784808028.885244,8,0.01812291145324707,0.002265363931655884,True
3,165,1784808028.90368,8,0.020456552505493164,0.0025570690631866455,True
3,166,1784808028.9247098,8,0.019459247589111328,0.002432405948638916,True
3,167,1784808028.9444957,8,0.019873619079589844,0.0024842023849487305,True
3,168,1784808028.9649045,8,0.018425941467285156,0.0023032426834106445,True
3,169,1784808028.983651,8,0.0205991268157959,0.0025748908519744873,True
3,170,1784808029.0046177,8,0.018671751022338867,0.0023339688777923584,True
3,171,1784808029.0242007,8,0.018777847290039062,0.002347230911254883,True
3,172,1784808029.0437686,8,0.0217897891998291,0.0027237236499786377,True
3,173,1784808029.0659127,8,0.01960015296936035,0.002450019121170044,True
3,174,1784808029.0862234,8,0.01966094970703125,0.0024576187133789062,True
3,175,1784808029.1066318,8,0.020939111709594727,0.002617388963699341,True
3,176,1784808029.128012,8,0.020565271377563477,0.0025706589221954346,True
3,177,1784808029.1493053,8,0.021730899810791016,0.002716362476348877,True
3,178,1784808029.1713595,8,0.020283937454223633,0.002535492181777954,True
3,179,1784808029.1923604,8,0.021044492721557617,0.002630561590194702,True
3,180,1784808029.2136886,8,0.020580530166625977,0.002572566270828247,True
3,181,1784808029.234598,8,0.018360376358032227,0.0022950470447540283,True
3,182,1784808029.253263,8,0.02000141143798828,0.002500176429748535,True
3,183,1784808029.2737238,8,0.019530773162841797,0.0024413466453552246,True
3,184,1784808029.293661,8,0.01947307586669922,0.0024341344833374023,True
3,185,1784808029.313537,8,0.0206143856048584,0.0025767982006073,True
3,186,1784808029.334433,8,0.020326852798461914,0.0025408565998077393,True
3,187,1784808029.3557496,8,0.01916956901550293,0.002396196126937866,True
3,188,1784808029.3754017,8,0.018232345581054688,0.002279043197631836,True
3,189,1784808029.3941784,8,0.020400524139404297,0.002550065517425537,True
3,190,1784808029.4151428,8,0.020236730575561523,0.0025295913219451904,True
3,191,1784808029.4356642,8,0.018959522247314453,0.0023699402809143066,True
3,192,1784808029.4552753,8,0.021330595016479492,0.0026663243770599365,True
3,193,1784808029.476929,8,0.02084207534790039,0.002605259418487549,True
3,194,1784808029.4981458,8,0.020425796508789062,0.002553224563598633,True
3,195,1784808029.5189188,8,0.01873040199279785,0.0023413002490997314,True
3,196,1784808029.5379815,8,0.021170854568481445,0.0026463568210601807,True
3,197,1784808029.559557,8,0.02089071273803711,0.0026113390922546387,True
3,198,1784808029.5808144,8,0.021462440490722656,0.002682805061340332,True
3,199,1784808029.6025941,8,0.020372390747070312,0.002546548843383789,True
3,200,1784808029.623338,8,0.0200345516204834,0.002504318952560425,True
3,201,1784808029.6437747,8,0.02095627784729004,0.002619534730911255,True
3,202,1784808029.665498,8,0.02373480796813965,0.002966850996017456,True
3,203,1784808029.6895063,8,0.019741058349609375,0.002467632293701172,True
3,204,1784808029.709681,8,0.018901824951171875,0.0023627281188964844,True
3,205,1784808029.7289326,8,0.01941990852355957,0.0024274885654449463,True
3,206,1784808029.7491202,8,0.0200808048248291,0.0025101006031036377,True
3,207,1784808029.7704782,8,0.019873619079589844,0.0024842023849487305,True
3,208,1784808029.7915835,8,0.019779205322265625,0.002472400665283203,True
3,209,1784808029.8118687,8,0.020647287368774414,0.0025809109210968018,True
3,210,1784808029.8328972,8,0.020438432693481445,0.0025548040866851807,True
3,211,1784808029.8536618,8,0.02147817611694336,0.00268477201461792,True
3,212,1784808029.8756802,8,0.020578622817993164,0.0025723278522491455,True
3,213,1784808029.896612,8,0.02003955841064453,0.0025049448013305664,True
3,214,1784808029.9171774,8,0.020860910415649414,0.0026076138019561768,True
3,215,1784808029.9387553,8,0.019994020462036133,0.0024992525577545166,True
3,216,1784808029.9592,8,0.019921064376831055,0.002490133047103882,True
3,217,1784808029.9796119,8,0.020811080932617188,0.0026013851165771484,True
3,218,1784808030.0009809,8,0.019588947296142578,0.0024486184120178223,True
3,219,1784808030.0209029,8,0.022618770599365234,0.0028273463249206543,True
3,220,1784808030.04388,8,0.017744779586791992,0.002218097448348999,True
3,221,1784808030.061927,8,0.02033853530883789,0.0025423169136047363,True
3,222,1784808030.0826764,8,0.019178152084350586,0.0023972690105438232,True
3,223,1784808030.1023154,8,0.0205843448638916,0.00257304310798645,True
3,224,1784808030.123356,8,0.020148515701293945,0.002518564462661743,True
3,225,1784808030.1442342,8,0.0208284854888916,0.00260356068611145,True
3,226,1784808030.165369,8,0.019260168075561523,0.0024075210094451904,True
3,227,1784808030.1849875,8,0.02361607551574707,0.002952009439468384,True
3,228,1784808030.2090034,8,0.0192108154296875,0.0024013519287109375,True
3,229,1784808030.2285242,8,0.02062058448791504,0.00257757306098938,True
3,230,1784808030.2498674,8,0.018436431884765625,0.002304553985595703,True
3,231,1784808030.2692237,8,0.02081012725830078,0.0026012659072875977,True
3,232,1784808030.2903888,8,0.020540237426757812,0.0025675296783447266,True
3,233,1784808030.3113987,8,0.021836280822753906,0.0027295351028442383,True
3,234,1784808030.3335762,8,0.018952608108520508,0.0023690760135650635,True
3,235,1784808030.3529985,8,0.018463850021362305,0.002307981252670288,True
3,236,1784808030.3731246,8,0.022422075271606445,0.0028027594089508057,True
3,237,1784808030.3959694,8,0.018481016159057617,0.002310127019882202,True
3,238,1784808030.4147584,8,0.02170729637145996,0.002713412046432495,True
3,239,1784808030.4368374,8,0.019407987594604492,0.0024259984493255615,True
3,240,1784808030.4565456,8,0.021044015884399414,0.0026305019855499268,True
3,241,1784808030.478039,8,0.018274784088134766,0.0022843480110168457,True
3,242,1784808030.4969347,8,0.02032947540283203,0.002541184425354004,True
3,243,1784808030.5188289,8,0.01894521713256836,0.002368152141571045,True
3,244,1784808030.5383713,8,0.02124333381652832,0.00265541672706604,True
3,245,1784808030.5600042,8,0.021033287048339844,0.0026291608810424805,True
3,246,1784808030.5821831,8,0.020418167114257812,0.0025522708892822266,True
3,247,1784808030.6037831,8,0.020158767700195312,0.002519845962524414,True
3,248,1784808030.6248252,8,0.020616769790649414,0.0025770962238311768,True
3,249,1784808030.645868,8,0.019878864288330078,0.0024848580360412598,True
3,250,1784808030.6666842,8,0.020366191864013672,0.002545773983001709,True
3,251,1784808030.687347,8,0.022442340850830078,0.0028052926063537598,True
3,252,1784808030.7101653,8,0.02146601676940918,0.0026832520961761475,True
3,253,1784808030.7322388,8,0.02111077308654785,0.0026388466358184814,True
3,254,1784808030.7541702,8,0.02009415626525879,0.0025117695331573486,True
3,255,1784808030.7746854,8,0.021193742752075195,0.0026492178440093994,True
3,256,1784808030.7963665,8,0.01930999755859375,0.0024137496948242188,True
3,257,1784808030.816138,8,0.02297520637512207,0.002871900796890259,True
3,258,1784808030.8394964,8,0.018865585327148438,0.0023581981658935547,True
3,259,1784808030.859169,8,0.01840519905090332,0.002300649881362915,True
3,260,1784808030.8781245,8,0.021750688552856445,0.0027188360691070557,True
3,261,1784808030.9003212,8,0.02120828628540039,0.002651035785675049,True
3,262,1784808030.9218843,8,0.022869586944580078,0.0028586983680725098,True
3,263,1784808030.945128,8,0.018494367599487305,0.002311795949935913,True
3,264,1784808030.964133,8,0.019254684448242188,0.0024068355560302734,True
3,265,1784808030.9842906,8,0.01970958709716797,0.002463698387145996,True
3,266,1784808031.0047493,8,0.019570589065551758,0.0024463236331939697,True
3,267,1784808031.024987,8,0.019107818603515625,0.002388477325439453,True
3,268,1784808031.0444713,8,0.021030187606811523,0.0026287734508514404,True
3,269,1784808031.066271,8,0.020381689071655273,0.002547711133956909,True
3,270,1784808031.0871396,8,0.02184295654296875,0.0027303695678710938,True
3,271,1784808031.1101544,8,0.01990652084350586,0.0024883151054382324,True
3,272,1784808031.1307418,8,0.021368980407714844,0.0026711225509643555,True
3,273,1784808031.1527102,8,0.020963191986083984,0.002620398998260498,True
3,274,1784808031.1742597,8,0.020206212997436523,0.0025257766246795654,True
3,275,1784808031.1948254,8,0.02016282081604004,0.002520352602005005,True
3,276,1784808031.215325,8,0.021588802337646484,0.0026986002922058105,True
3,277,1784808031.2374463,8,0.02048206329345703,0.002560257911682129,True
3,278,1784808031.2589965,8,0.020676851272583008,0.002584606409072876,True
3,279,1784808031.280184,8,0.02214193344116211,0.0027677416801452637,True
3,280,1784808031.3029337,8,0.018767833709716797,0.0023459792137145996,True
3,281,1784808031.3225048,8,0.0200042724609375,0.0025005340576171875,True
3,282,1784808031.3431785,8,0.019652605056762695,0.002456575632095337,True
3,283,1784808031.363306,8,0.02340388298034668,0.002925485372543335,True
3,284,1784808031.3874476,8,0.020300865173339844,0.0025376081466674805,True
3,285,1784808031.4086595,8,0.0192720890045166,0.002409011125564575,True
3,286,1784808031.4290993,8,0.020220518112182617,0.002527564764022827,True
3,287,1784808031.450589,8,0.018711328506469727,0.002338916063308716,True
3,288,1784808031.469616,8,0.020067930221557617,0.002508491277694702,True
3,289,1784808031.490072,8,0.02066636085510254,0.0025832951068878174,True
3,290,1784808031.5112164,8,0.022431612014770508,0.0028039515018463135,True
3,291,1784808031.5339534,8,0.019402265548706055,0.002425283193588257,True
3,292,1784808031.5538144,8,0.020357131958007812,0.0025446414947509766,True
3,293,1784808031.574652,8,0.0206906795501709,0.0025863349437713623,True
3,294,1784808031.5957425,8,0.02277350425720215,0.0028466880321502686,True
3,295,1784808031.6194975,8,0.019552946090698242,0.0024441182613372803,True
3,296,1784808031.6394336,8,0.020714759826660156,0.0025893449783325195,True
3,297,1784808031.6605375,8,0.01878499984741211,0.0023481249809265137,True
3,298,1784808031.6806872,8,0.019664764404296875,0.0024580955505371094,True
3,299,1784808031.701319,8,0.0178830623626709,0.0022353827953338623,True
3,300,1784808031.7200103,8,0.02099466323852539,0.002624332904815674,True
3,301,1784808031.7421412,8,0.02010488510131836,0.002513110637664795,True
3,302,1784808031.762571,8,0.01929187774658203,0.002411484718322754,True
3,303,1784808031.7825322,8,0.019934892654418945,0.002491861581802368,True
3,304,1784808031.8028607,8,0.02120041847229004,0.002650052309036255,True
3,305,1784808031.824741,8,0.018399477005004883,0.0022999346256256104,True
3,306,1784808031.8437288,8,0.022459983825683594,0.0028074979782104492,True
3,307,1784808031.8672838,8,0.019336700439453125,0.0024170875549316406,True
3,308,1784808031.887057,8,0.020087480545043945,0.002510935068130493,True
3,309,1784808031.9075382,8,0.020438194274902344,0.002554774284362793,True
3,310,1784808031.9284291,8,0.021012306213378906,0.0026265382766723633,True
3,311,1784808031.9499364,8,0.021140575408935547,0.0026425719261169434,True
3,312,1784808031.9714465,8,0.01921820640563965,0.002402275800704956,True
3,313,1784808031.991087,8,0.021091938018798828,0.0026364922523498535,True
3,314,1784808032.012618,8,0.021221399307250977,0.002652674913406372,True
3,315,1784808032.035074,8,0.019965171813964844,0.0024956464767456055,True
3,316,1784808032.0555449,8,0.018585205078125,0.002323150634765625,True
3,317,1784808032.074641,8,0.02251124382019043,0.0028139054775238037,True
3,318,1784808032.098242,8,0.019799232482910156,0.0024749040603637695,True
3,319,1784808032.118482,8,0.021991729736328125,0.0027489662170410156,True
3,320,1784808032.14093,8,0.01981210708618164,0.002476513385772705,True
3,321,1784808032.1610787,8,0.018114089965820312,0.002264261245727539,True
3,322,1784808032.1809375,8,0.01942157745361328,0.00242769718170166,True
3,323,1784808032.2007155,8,0.019002199172973633,0.002375274896621704,True
3,324,1784808032.2202475,8,0.020127058029174805,0.0025158822536468506,True
3,325,1784808032.241009,8,0.02265334129333496,0.00283166766166687,True
3,326,1784808032.264053,8,0.021435260772705078,0.0026794075965881348,True
3,327,1784808032.2859125,8,0.021582603454589844,0.0026978254318237305,True
3,328,1784808032.3080056,8,0.01930546760559082,0.0024131834506988525,True
3,329,1784808032.3277547,8,0.021544933319091797,0.0026931166648864746,True
3,330,1784808032.349867,8,0.020817041397094727,0.002602130174636841,True
3,331,1784808032.3710597,8,0.019155502319335938,0.002394437789916992,True
3,332,1784808032.3906302,8,0.019885778427124023,0.002485722303390503,True
3,333,1784808032.4108555,8,0.02272319793701172,0.002840399742126465,True
3,334,1784808032.4338694,8,0.01922774314880371,0.002403467893600464,True
3,335,1784808032.4535267,8,0.02056407928466797,0.002570509910583496,True
3,336,1784808032.4746895,8,0.01887965202331543,0.0023599565029144287,True
3,337,1784808032.4943135,8,0.020456790924072266,0.002557098865509033,True
3,338,1784808032.516338,8,0.02199077606201172,0.002748847007751465,True
3,339,1784808032.5398083,8,0.022248029708862305,0.002781003713607788,True
3,340,1784808032.5626378,8,0.0219118595123291,0.0027389824390411377,True
3,341,1784808032.5849354,8,0.023431062698364258,0.0029288828372955322,True
3,342,1784808032.6088343,8,0.018578529357910156,0.0023223161697387695,True
3,343,1784808032.6282392,8,0.01954960823059082,0.0024437010288238525,True
3,344,1784808032.648188,8,0.02023792266845703,0.002529740333557129,True
3,345,1784808032.6689193,8,0.02123260498046875,0.0026540756225585938,True
3,346,1784808032.6905982,8,0.020806074142456055,0.002600759267807007,True
3,347,1784808032.7119987,8,0.022888898849487305,0.002861112356185913,True
3,348,1784808032.7365406,8,0.019629716873168945,0.002453714609146118,True
3,349,1784808032.7566922,8,0.02071070671081543,0.0025888383388519287,True
3,350,1784808032.7782695,8,0.0208432674407959,0.0026054084300994873,True
3,351,1784808032.7995758,8,0.02158975601196289,0.0026987195014953613,True
3,352,1784808032.8221614,8,0.019166946411132812,0.0023958683013916016,True
3,353,1784808032.8426917,8,0.02015829086303711,0.0025197863578796387,True
3,354,1784808032.8632812,8,0.01909017562866211,0.0023862719535827637,True
3,355,1784808032.8828242,8,0.020869016647338867,0.0026086270809173584,True
3,356,1784808032.904342,8,0.019820451736450195,0.0024775564670562744,True
3,357,1784808032.9251208,8,0.02058863639831543,0.0025735795497894287,True
3,358,1784808032.946353,8,0.01985788345336914,0.0024822354316711426,True
3,359,1784808032.9667487,8,0.019865751266479492,0.0024832189083099365,True
3,360,1784808032.9869742,8,0.0203399658203125,0.0025424957275390625,True
3,361,1784808033.008079,8,0.020434856414794922,0.0025543570518493652,True
3,362,1784808033.0288947,8,0.02028656005859375,0.0025358200073242188,True
3,363,1784808033.0504022,8,0.019297122955322266,0.002412140369415283,True
3,364,1784808033.0701911,8,0.02132105827331543,0.0026651322841644287,True
3,365,1784808033.0919442,8,0.02106928825378418,0.0026336610317230225,True
3,366,1784808033.1155105,8,0.01676487922668457,0.0020956099033355713,True
3,367,1784808033.1328833,8,0.01998281478881836,0.002497851848602295,True
3,368,1784808033.153344,8,0.020662546157836914,0.0025828182697296143,True
3,369,1784808033.1744237,8,0.020934104919433594,0.0026167631149291992,True
3,370,1784808033.1957757,8,0.01800370216369629,0.002250462770462036,True
3,371,1784808033.2142715,8,0.020667076110839844,0.0025833845138549805,True
3,372,1784808033.23549,8,0.021196603775024414,0.0026495754718780518,True
3,373,1784808033.2570915,8,0.0198366641998291,0.0024795830249786377,True
3,374,1784808033.277902,8,0.023080110549926758,0.0028850138187408447,True
3,375,1784808033.3055391,8,0.02158641815185547,0.0026983022689819336,True
3,376,1784808033.3276234,8,0.019349098205566406,0.0024186372756958008,True
3,377,1784808033.347501,8,0.01951909065246582,0.0024398863315582275,True
3,378,1784808033.3673742,8,0.021457195281982422,0.0026821494102478027,True
3,379,1784808033.3895938,8,0.021129131317138672,0.002641141414642334,True
3,380,1784808033.4116898,8,0.019803285598754883,0.0024754106998443604,True
3,381,1784808033.4321039,8,0.01985621452331543,0.0024820268154144287,True
3,382,1784808033.4526498,8,0.020982027053833008,0.002622753381729126,True
3,383,1784808033.474372,8,0.01944136619567871,0.002430170774459839,True
3,384,1784808033.4946706,8,0.021582365036010742,0.0026977956295013428,True
3,385,1784808033.5172048,8,0.02030181884765625,0.0025377273559570312,True
3,386,1784808033.5379589,8,0.019088268280029297,0.002386033535003662,True
3,387,1784808033.5574088,8,0.020793914794921875,0.0025992393493652344,True
3,388,1784808033.5788083,8,0.022295475006103516,0.0027869343757629395,True
3,389,1784808033.601451,8,0.020404815673828125,0.0025506019592285156,True
3,390,1784808033.6229537,8,0.018831968307495117,0.0023539960384368896,True
3,391,1784808033.6421177,8,0.01936173439025879,0.0024202167987823486,True
3,392,1784808033.6617682,8,0.02180933952331543,0.0027261674404144287,True
3,393,1784808033.6838686,8,0.020131587982177734,0.002516448497772217,True
3,394,1784808033.7042992,8,0.01967644691467285,0.0024595558643341064,True
3,395,1784808033.7256603,8,0.01910996437072754,0.0023887455463409424,True
3,396,1784808033.7456067,8,0.018940210342407227,0.0023675262928009033,True
3,397,1784808033.76501,8,0.021883010864257812,0.0027353763580322266,True
3,398,1784808033.78753,8,0.021762371063232422,0.0027202963829040527,True
3,399,1784808033.8098125,8,0.021439313888549805,0.0026799142360687256,True
3,400,1784808033.8318193,8,0.02103590965270996,0.002629488706588745,True
3,401,1784808033.853282,8,0.02166748046875,0.00270843505859375,True
3,402,1784808033.876137,8,0.019616365432739258,0.0024520456790924072,True
3,403,1784808033.8961682,8,0.023385047912597656,0.002923130989074707,True
3,404,1784808033.9212444,8,0.018324613571166992,0.002290576696395874,True
3,405,1784808033.9398403,8,0.021782398223876953,0.002722799777984619,True
3,406,1784808033.96194,8,0.02106332778930664,0.00263291597366333,True
3,407,1784808033.9834309,8,0.019950389862060547,0.0024937987327575684,True
3,408,1784808034.003743,8,0.018652915954589844,0.0023316144943237305,True
3,409,1784808034.0229313,8,0.021005868911743164,0.0026257336139678955,True
3,410,1784808034.0443664,8,0.020827531814575195,0.0026034414768218994,True
3,411,1784808034.0656574,8,0.01974010467529297,0.002467513084411621,True
3,412,1784808034.085881,8,0.022298574447631836,0.0027873218059539795,True
3,413,1784808034.1088834,8,0.01884174346923828,0.002355217933654785,True
3,414,1784808034.1280966,8,0.019120216369628906,0.0023900270462036133,True
3,415,1784808034.148017,8,0.021538496017456055,0.002692312002182007,True
3,416,1784808034.1699598,8,0.019131898880004883,0.0023914873600006104,True
3,417,1784808034.1901271,8,0.02106165885925293,0.002632707357406616,True
3,418,1784808034.2116413,8,0.021683216094970703,0.002710402011871338,True
3,419,1784808034.2338817,8,0.019220352172851562,0.0024025440216064453,True
3,420,1784808034.2534955,8,0.019585132598876953,0.002448141574859619,True
3,421,1784808034.2736397,8,0.019892215728759766,0.0024865269660949707,True
3,422,1784808034.2941458,8,0.018570423126220703,0.002321302890777588,True
3,423,1784808034.3132155,8,0.02079606056213379,0.0025995075702667236,True
3,424,1784808034.3343217,8,0.021767139434814453,0.0027208924293518066,True
3,425,1784808034.35654,8,0.020130395889282227,0.0025162994861602783,True
3,426,1784808034.376972,8,0.020511865615844727,0.002563983201980591,True
3,427,1784808034.3990774,8,0.02061748504638672,0.00257718563079834,True
3,428,1784808034.4208074,8,0.018883943557739258,0.0023604929447174072,True
3,429,1784808034.4408517,8,0.023471355438232422,0.0029339194297790527,True
3,430,1784808034.4647079,8,0.019815683364868164,0.0024769604206085205,True
3,431,1784808034.4849079,8,0.020342588424682617,0.002542823553085327,True
3,432,1784808034.5055537,8,0.021299123764038086,0.0026623904705047607,True
3,433,1784808034.527315,8,0.019542455673217773,0.0024428069591522217,True
3,434,1784808034.5474331,8,0.018967866897583008,0.002370983362197876,True
3,435,1784808034.566763,8,0.018915176391601562,0.0023643970489501953,True
3,436,1784808034.5868464,8,0.020885467529296875,0.0026106834411621094,True
3,437,1784808034.6096663,8,0.01976156234741211,0.0024701952934265137,True
3,438,1784808034.6298506,8,0.021399259567260742,0.0026749074459075928,True
3,439,1784808034.6516616,8,0.022271394729614258,0.0027839243412017822,True
3,440,1784808034.6756487,8,0.020583391189575195,0.0025729238986968994,True
3,441,1784808034.6967373,8,0.02319025993347168,0.00289878249168396,True
3,442,1784808034.7205126,8,0.02031421661376953,0.0025392770767211914,True
3,443,1784808034.7415452,8,0.018710851669311523,0.0023388564586639404,True
3,444,1784808034.7609446,8,0.021018028259277344,0.002627253532409668,True
3,445,1784808034.7823033,8,0.020164012908935547,0.0025205016136169434,True
3,446,1784808034.8034048,8,0.02118229866027832,0.00264778733253479,True
3,447,1784808034.8256013,8,0.020027637481689453,0.0025034546852111816,True
3,448,1784808034.8460412,8,0.021248340606689453,0.0026560425758361816,True
3,449,1784808034.8677022,8,0.019257068634033203,0.0024071335792541504,True
3,450,1784808034.8882496,8,0.019855976104736328,0.002481997013092041,True
3,451,1784808034.9085968,8,0.019908428192138672,0.002488553524017334,True
3,452,1784808034.9287975,8,0.020069122314453125,0.0025086402893066406,True
3,453,1784808034.9493349,8,0.0193023681640625,0.0024127960205078125,True
3,454,1784808034.9692876,8,0.02135014533996582,0.0026687681674957275,True
3,455,1784808034.9911504,8,0.019810914993286133,0.0024763643741607666,True
3,456,1784808035.0116117,8,0.020613431930541992,0.002576678991317749,True
3,457,1784808035.032542,8,0.021828889846801758,0.0027286112308502197,True
3,458,1784808035.054635,8,0.021327495574951172,0.0026659369468688965,True
3,459,1784808035.0766141,8,0.02062249183654785,0.0025778114795684814,True
3,460,1784808035.0975225,8,0.02068305015563965,0.002585381269454956,True
3,461,1784808035.1189823,8,0.020217418670654297,0.002527177333831787,True
3,462,1784808035.1409147,8,0.017789363861083984,0.002223670482635498,True
3,463,1784808035.160046,8,0.020871877670288086,0.0026089847087860107,True
3,464,1784808035.1813073,8,0.020287275314331055,0.002535909414291382,True
3,465,1784808035.2020655,8,0.019570589065551758,0.0024463236331939697,True
3,466,1784808035.2219377,8,0.01976466178894043,0.0024705827236175537,True
3,467,1784808035.2425504,8,0.020778417587280273,0.002597302198410034,True
3,468,1784808035.2636902,8,0.01861858367919922,0.0023273229598999023,True
3,469,1784808035.2827005,8,0.021172523498535156,0.0026465654373168945,True
3,470,1784808035.3045018,8,0.018117904663085938,0.002264738082885742,True
3,471,1784808035.3230956,8,0.021689414978027344,0.002711176872253418,True
3,472,1784808035.3454032,8,0.02021503448486328,0.00252687931060791,True
3,473,1784808035.3662694,8,0.021211624145507812,0.0026514530181884766,True
3,474,1784808035.3882124,8,0.021065711975097656,0.002633213996887207,True
3,475,1784808035.41015,8,0.021017789840698242,0.0026272237300872803,True
3,476,1784808035.4315138,8,0.02167510986328125,0.0027093887329101562,True
3,477,1784808035.4541688,8,0.01998424530029297,0.002498030662536621,True
3,478,1784808035.4748616,8,0.019622802734375,0.002452850341796875,True
3,479,1784808035.4952993,8,0.02252793312072754,0.0028159916400909424,True
3,480,1784808035.518188,8,0.019497156143188477,0.0024371445178985596,True
3,481,1784808035.5417602,8,0.018031835556030273,0.002253979444503784,True
3,482,1784808035.56092,8,0.02018260955810547,0.0025228261947631836,True
3,483,1784808035.5817146,8,0.0197906494140625,0.0024738311767578125,True
3,484,1784808035.6018512,8,0.019105911254882812,0.0023882389068603516,True
3,485,1784808035.621377,8,0.021331310272216797,0.0026664137840270996,True
3,486,1784808035.643222,8,0.019072771072387695,0.002384096384048462,True
3,487,1784808035.662729,8,0.0196993350982666,0.002462416887283325,True
3,488,1784808035.6829815,8,0.02070164680480957,0.0025877058506011963,True
3,489,1784808035.7040007,8,0.01936960220336914,0.0024212002754211426,True
3,490,1784808035.7247872,8,0.01925063133239746,0.0024063289165496826,True
3,491,1784808035.744875,8,0.020262479782104492,0.0025328099727630615,True
3,492,1784808035.7655282,8,0.019429683685302734,0.002428710460662842,True
3,493,1784808035.7855053,8,0.01938796043395996,0.002423495054244995,True
3,494,1784808035.8057659,8,0.02045750617980957,0.0025571882724761963,True
3,495,1784808035.8266366,8,0.019971370697021484,0.0024964213371276855,True
3,496,1784808035.8469656,8,0.02086162567138672,0.00260770320892334,True
3,497,1784808035.868206,8,0.019680500030517578,0.0024600625038146973,True
3,498,1784808035.888578,8,0.019352436065673828,0.0024190545082092285,True
3,499,1784808035.9086418,8,0.02002429962158203,0.002503037452697754,True
3,500,1784808035.9290903,8,0.019063234329223633,0.002382904291152954,True
3,501,1784808035.9486322,8,0.021249055862426758,0.0026561319828033447,True
3,502,1784808035.9713304,8,0.021419048309326172,0.0026773810386657715,True
3,503,1784808035.9933727,8,0.02022099494934082,0.0025276243686676025,True
3,504,1784808036.0139813,8,0.020181894302368164,0.0025227367877960205,True
3,505,1784808036.0345235,8,0.019181013107299805,0.0023976266384124756,True
3,506,1784808036.05421,8,0.019967317581176758,0.0024959146976470947,True
3,507,1784808036.0745304,8,0.019811153411865234,0.0024763941764831543,True
3,508,1784808036.0947502,8,0.022966623306274414,0.0028708279132843018,True
3,509,1784808036.118381,8,0.0182650089263916,0.00228312611579895,True
3,510,1784808036.1375017,8,0.019269466400146484,0.0024086833000183105,True
3,511,1784808036.1573222,8,0.022182703018188477,0.0027728378772735596,True
3,512,1784808036.1799488,8,0.021095752716064453,0.0026369690895080566,True
3,513,1784808036.201969,8,0.021193742752075195,0.0026492178440093994,True
3,514,1784808036.2237468,8,0.020714521408081055,0.002589315176010132,True
3,515,1784808036.2457166,8,0.021268606185913086,0.0026585757732391357,True
3,516,1784808036.267392,8,0.020025968551635742,0.0025032460689544678,True
3,517,1784808036.2879927,8,0.02328205108642578,0.0029102563858032227,True
3,518,1784808036.3116257,8,0.019722938537597656,0.002465367317199707,True
3,519,1784808036.3328905,8,0.020464658737182617,0.002558082342147827,True
3,520,1784808036.3537333,8,0.021206378936767578,0.0026507973670959473,True
3,521,1784808036.3755665,8,0.020002365112304688,0.002500295639038086,True
3,522,1784808036.396085,8,0.02239251136779785,0.0027990639209747314,True
3,523,1784808036.418882,8,0.020305395126342773,0.0025381743907928467,True
3,524,1784808036.4395308,8,0.020027637481689453,0.0025034546852111816,True
3,525,1784808036.4611819,8,0.02021646499633789,0.0025270581245422363,True
3,526,1784808036.4818094,8,0.021278858184814453,0.0026598572731018066,True
3,527,1784808036.5040185,8,0.02079033851623535,0.002598792314529419,True
3,528,1784808036.5252218,8,0.019727230072021484,0.0024659037590026855,True
3,529,1784808036.5453362,8,0.01906609535217285,0.0023832619190216064,True
3,530,1784808036.5649292,8,0.021454811096191406,0.0026818513870239258,True
3,531,1784808036.5875764,8,0.01910543441772461,0.002388179302215576,True
3,532,1784808036.6071258,8,0.019974231719970703,0.002496778964996338,True
3,533,1784808036.6274965,8,0.018993377685546875,0.0023741722106933594,True
3,534,1784808036.6468072,8,0.01952338218688965,0.002440422773361206,True
3,535,1784808036.6669536,8,0.020943880081176758,0.0026179850101470947,True
3,536,1784808036.688243,8,0.021193504333496094,0.0026491880416870117,True
3,537,1784808036.7097425,8,0.019047260284423828,0.0023809075355529785,True
3,538,1784808036.7336335,8,0.01658010482788086,0.0020725131034851074,True
3,539,1784808036.7504916,8,0.02015995979309082,0.0025199949741363525,True
3,540,1784808036.7712355,8,0.021372556686401367,0.002671569585800171,True
3,541,1784808036.7938225,8,0.017490386962890625,0.002186298370361328,True
3,542,1784808036.8116798,8,0.01851820945739746,0.0023147761821746826,True
3,543,1784808036.8330994,8,0.019342422485351562,0.0024178028106689453,True
3,544,1784808036.8536167,8,0.020833253860473633,0.002604156732559204,True
3,545,1784808036.8748322,8,0.020244121551513672,0.002530515193939209,True
3,546,1784808036.895413,8,0.022719383239746094,0.0028399229049682617,True
3,547,1784808036.9187703,8,0.01944756507873535,0.002430945634841919,True
3,548,1784808036.9385898,8,0.020282268524169922,0.0025352835655212402,True
3,549,1784808036.9592602,8,0.019058942794799805,0.0023823678493499756,True
3,550,1784808036.978639,8,0.02055072784423828,0.002568840980529785,True
3,551,1784808036.9995751,8,0.01966404914855957,0.0024580061435699463,True
3,552,1784808037.019652,8,0.019947290420532227,0.0024934113025665283,True
3,553,1784808037.0399878,8,0.019521474838256836,0.0024401843547821045,True
3,554,1784808037.0598836,8,0.019833803176879883,0.0024792253971099854,True
3,555,1784808037.080439,8,0.020975828170776367,0.002621978521347046,True
3,556,1784808037.1021771,8,0.020668506622314453,0.0025835633277893066,True
3,557,1784808037.1238852,8,0.019193172454833984,0.002399146556854248,True
3,558,1784808037.1450179,8,0.01990532875061035,0.002488166093826294,True
3,559,1784808037.1661658,8,0.018724679946899414,0.0023405849933624268,True
3,560,1784808037.1861806,8,0.020839452743530273,0.002604931592941284,True
3,561,1784808037.2074702,8,0.019437074661254883,0.0024296343326568604,True
3,562,1784808037.22797,8,0.020591020584106445,0.0025738775730133057,True
3,563,1784808037.2492557,8,0.019516468048095703,0.002439558506011963,True
3,564,1784808037.269224,8,0.02286696434020996,0.002858370542526245,True
3,565,1784808037.2925909,8,0.020534276962280273,0.002566784620285034,True
3,566,1784808037.3141313,8,0.020540237426757812,0.0025675296783447266,True
3,567,1784808037.335603,8,0.019722700119018555,0.0024653375148773193,True
3,568,1784808037.355647,8,0.020156145095825195,0.0025195181369781494,True
3,569,1784808037.3761258,8,0.018964052200317383,0.002370506525039673,True
3,570,1784808037.3955114,8,0.019173383712768555,0.0023966729640960693,True
3,571,1784808037.4150755,8,0.01987314224243164,0.002484142780303955,True
3,572,1784808037.4353185,8,0.021183252334594727,0.002647906541824341,True
3,573,1784808037.4569185,8,0.018268346786499023,0.002283543348312378,True
3,574,1784808037.4760668,8,0.02340531349182129,0.002925664186477661,True
3,575,1784808037.500185,8,0.018088579177856445,0.0022610723972320557,True
3,576,1784808037.5188568,8,0.02155780792236328,0.00269472599029541,True
3,577,1784808037.541472,8,0.019962310791015625,0.002495288848876953,True
3,578,1784808037.5617335,8,0.02007913589477539,0.002509891986846924,True
3,579,1784808037.5822704,8,0.020538806915283203,0.0025673508644104004,True
3,580,1784808037.6032658,8,0.019669294357299805,0.0024586617946624756,True
3,581,1784808037.6233099,8,0.021211862564086914,0.0026514828205108643,True
3,582,1784808037.6448636,8,0.019838809967041016,0.002479851245880127,True
3,583,1784808037.6660628,8,0.020101308822631836,0.0025126636028289795,True
3,584,1784808037.6866858,8,0.01984095573425293,0.002480119466781616,True
3,585,1784808037.706951,8,0.02047276496887207,0.002559095621109009,True
3,586,1784808037.7280917,8,0.020338058471679688,0.002542257308959961,True
3,587,1784808037.749255,8,0.019039630889892578,0.0023799538612365723,True
3,588,1784808037.7690067,8,0.020682573318481445,0.0025853216648101807,True
3,589,1784808037.790441,8,0.019358396530151367,0.002419799566268921,True
3,590,1784808037.8102741,8,0.02142333984375,0.00267791748046875,True
3,591,1784808037.8329666,8,0.020124435424804688,0.002515554428100586,True
3,592,1784808037.8535416,8,0.019665241241455078,0.0024581551551818848,True
3,593,1784808037.874172,8,0.02065753936767578,0.0025821924209594727,True
3,594,1784808037.8961868,8,0.021207809448242188,0.0026509761810302734,True
3,595,1784808037.9178936,8,0.020371675491333008,0.002546459436416626,True
3,596,1784808037.9386923,8,0.019641399383544922,0.0024551749229431152,True
3,597,1784808037.9586673,8,0.021347761154174805,0.0026684701442718506,True
3,598,1784808037.9805114,8,0.021030187606811523,0.0026287734508514404,True
3,599,1784808038.0022764,8,0.019160985946655273,0.002395123243331909,True
3,600,1784808038.0218134,8,0.01979351043701172,0.002474188804626465,True
3,601,1784808038.043612,8,0.02150273323059082,0.0026878416538238525,True
3,602,1784808038.06605,8,0.018067598342895508,0.0022584497928619385,True
3,603,1784808038.0845084,8,0.019144773483276367,0.002393096685409546,True
3,604,1784808038.104048,8,0.020543336868286133,0.0025679171085357666,True
3,605,1784808038.125799,8,0.018898725509643555,0.0023623406887054443,True
3,606,1784808038.1453497,8,0.020183324813842773,0.0025229156017303467,True
3,607,1784808038.166142,8,0.020030498504638672,0.002503812313079834,True
3,608,1784808038.1865885,8,0.019396543502807617,0.002424567937850952,True
3,609,1784808038.2065785,8,0.019955158233642578,0.0024943947792053223,True
3,610,1784808038.2268536,8,0.019637346267700195,0.0024546682834625244,True
3,611,1784808038.2469482,8,0.020511865615844727,0.002563983201980591,True
3,612,1784808038.2680154,8,0.01696944236755371,0.002121180295944214,True
3,613,1784808038.285609,8,0.022062063217163086,0.0027577579021453857,True
3,614,1784808038.3082635,8,0.018514394760131836,0.0023142993450164795,True
3,615,1784808038.327653,8,0.021725893020629883,0.0027157366275787354,True
3,616,1784808038.3505266,8,0.020577192306518555,0.0025721490383148193,True
3,617,1784808038.371473,8,0.01869368553161621,0.0023367106914520264,True
3,618,1784808038.3906038,8,0.021200895309448242,0.0026501119136810303,True
3,619,1784808038.412634,8,0.01838374137878418,0.0022979676723480225,True
3,620,1784808038.4313185,8,0.0199892520904541,0.0024986565113067627,True
3,621,1784808038.451595,8,0.02122020721435547,0.0026525259017944336,True
3,622,1784808038.4731874,8,0.021264314651489258,0.0026580393314361572,True
3,623,1784808038.4947371,8,0.020505428314208984,0.002563178539276123,True
3,624,1784808038.5156271,8,0.019883394241333008,0.002485424280166626,True
3,625,1784808038.5358226,8,0.02149200439453125,0.0026865005493164062,True
3,626,1784808038.557643,8,0.01895737648010254,0.0023696720600128174,True
3,627,1784808038.5775287,8,0.022970199584960938,0.002871274948120117,True
3,628,1784808038.6008713,8,0.0205538272857666,0.002569228410720825,True
3,629,1784808038.6226428,8,0.020193099975585938,0.002524137496948242,True
3,630,1784808038.6432502,8,0.022600650787353516,0.0028250813484191895,True
3,631,1784808038.666601,8,0.018162012100219727,0.002270251512527466,True
3,632,1784808038.6854708,8,0.019043684005737305,0.002380460500717163,True
3,633,1784808038.7048151,8,0.01973891258239746,0.0024673640727996826,True
3,634,1784808038.7249022,8,0.018951892852783203,0.0023689866065979004,True
3,635,1784808038.7443006,8,0.01938605308532715,0.0024232566356658936,True
3,636,1784808038.7641196,8,0.02250981330871582,0.0028137266635894775,True
3,637,1784808038.786935,8,0.019583702087402344,0.002447962760925293,True
3,638,1784808038.8068194,8,0.021059036254882812,0.0026323795318603516,True
3,639,1784808038.8282893,8,0.020045757293701172,0.0025057196617126465,True
3,640,1784808038.848734,8,0.01974940299987793,0.002468675374984741,True
3,641,1784808038.868858,8,0.019806623458862305,0.002475827932357788,True
3,642,1784808038.8889906,8,0.019356966018676758,0.0024196207523345947,True
3,643,1784808038.908684,8,0.02149176597595215,0.0026864707469940186,True
3,644,1784808038.9305143,8,0.019759416580200195,0.0024699270725250244,True
3,645,1784808038.9506674,8,0.021209239959716797,0.0026511549949645996,True
3,646,1784808038.9722877,8,0.019008874893188477,0.0023761093616485596,True
3,647,1784808038.9919014,8,0.02041006088256836,0.002551257610321045,True
3,648,1784808039.0144432,8,0.018850326538085938,0.002356290817260742,True
3,649,1784808039.0340629,8,0.019011259078979492,0.0023764073848724365,True
3,650,1784808039.053489,8,0.01860499382019043,0.0023256242275238037,True
3,651,1784808039.0726123,8,0.020209550857543945,0.002526193857192993,True
3,652,1784808039.0932407,8,0.021321773529052734,0.002665221691131592,True
3,653,1784808039.1149101,8,0.020290613174438477,0.0025363266468048096,True
3,654,1784808039.1354835,8,0.018689393997192383,0.002336174249649048,True
3,655,1784808039.1544666,8,0.020747661590576172,0.0025934576988220215,True
3,656,1784808039.1756508,8,0.02088785171508789,0.0026109814643859863,True
3,657,1784808039.1968405,8,0.020293712615966797,0.0025367140769958496,True
3,658,1784808039.217606,8,0.019620895385742188,0.0024526119232177734,True
3,659,1784808039.2375574,8,0.021642446517944336,0.002705305814743042,True
3,660,1784808039.261486,8,0.018524885177612305,0.002315610647201538,True
3,661,1784808039.2805786,8,0.018954992294311523,0.0023693740367889404,True
3,662,1784808039.300064,8,0.02008056640625,0.00251007080078125,True
3,663,1784808039.3204255,8,0.019822359085083008,0.002477794885635376,True
3,664,1784808039.3412595,8,0.019566774368286133,0.0024458467960357666,True
3,665,1784808039.361176,8,0.01897406578063965,0.002371758222579956,True
3,666,1784808039.3804126,8,0.019492626190185547,0.0024365782737731934,True
3,667,1784808039.4012988,8,0.020743370056152344,0.002592921257019043,True
3,668,1784808039.422482,8,0.019755840301513672,0.002469480037689209,True
3,669,1784808039.442594,8,0.01886296272277832,0.00235787034034729,True
3,670,1784808039.4618475,8,0.019004106521606445,0.0023755133152008057,True
3,671,1784808039.4811862,8,0.019657135009765625,0.002457141876220703,True
3,672,1784808039.5013056,8,0.021010398864746094,0.0026262998580932617,True
3,673,1784808039.5227458,8,0.01975870132446289,0.0024698376655578613,True
3,674,1784808039.542846,8,0.018846750259399414,0.0023558437824249268,True
3,675,1784808039.562642,8,0.020524024963378906,0.0025655031204223633,True
3,676,1784808039.583452,8,0.019806623458862305,0.002475827932357788,True
3,677,1784808039.6035993,8,0.022026538848876953,0.002753317356109619,True
3,678,1784808039.6259708,8,0.01798105239868164,0.002247631549835205,True
3,679,1784808039.6454058,8,0.02196216583251953,0.0027452707290649414,True
3,680,1784808039.6676545,8,0.02071404457092285,0.0025892555713653564,True
3,681,1784808039.6886961,8,0.020067691802978516,0.0025084614753723145,True
3,682,1784808039.7091353,8,0.018772363662719727,0.002346545457839966,True
3,683,1784808039.7285264,8,0.019916534423828125,0.0024895668029785156,True
3,684,1784808039.7488296,8,0.020854711532592773,0.0026068389415740967,True
3,685,1784808039.770018,8,0.020789146423339844,0.0025986433029174805,True
3,686,1784808039.7912605,8,0.02154994010925293,0.002693742513656616,True
3,687,1784808039.8139021,8,0.017979860305786133,0.0022474825382232666,True
3,688,1784808039.8323205,8,0.017742156982421875,0.0022177696228027344,True
3,689,1784808039.8503897,8,0.021314620971679688,0.002664327621459961,True
3,690,1784808039.8719938,8,0.02096843719482422,0.0026210546493530273,True
3,691,1784808039.8939195,8,0.018221139907836914,0.0022776424884796143,True
3,692,1784808039.9126318,8,0.019586801528930664,0.002448350191116333,True
3,693,1784808039.932533,8,0.021401405334472656,0.002675175666809082,True
3,694,1784808039.9543014,8,0.018878459930419922,0.0023598074913024902,True
3,695,1784808039.9738638,8,0.021352052688598633,0.002669006586074829,True
3,696,1784808039.9962683,8,0.018399477005004883,0.0022999346256256104,True
3,697,1784808040.0153852,8,0.02023172378540039,0.002528965473175049,True
3,698,1784808040.036793,8,0.020967721939086914,0.0026209652423858643,True
3,699,1784808040.059464,8,0.021162033081054688,0.002645254135131836,True
3,700,1784808040.081095,8,0.01857614517211914,0.0023220181465148926,True
3,701,1784808040.0999367,8,0.020453453063964844,0.0025566816329956055,True
3,702,1784808040.1217098,8,0.02057194709777832,0.00257149338722229,True
3,703,1784808040.1433601,8,0.016503572463989258,0.0020629465579986572,True
3,704,1784808040.16033,8,0.021164894104003906,0.0026456117630004883,True
3,705,1784808040.1819477,8,0.021274089813232422,0.0026592612266540527,True
3,706,1784808040.2037418,8,0.018702983856201172,0.0023378729820251465,True
3,707,1784808040.222905,8,0.019692182540893555,0.0024615228176116943,True
3,708,1784808040.2429945,8,0.019110441207885742,0.0023888051509857178,True
3,709,1784808040.2623851,8,0.020565271377563477,0.0025706589221954346,True
3,710,1784808040.2834456,8,0.020342350006103516,0.0025427937507629395,True
3,711,1784808040.3041437,8,0.020098447799682617,0.002512305974960327,True
3,712,1784808040.3245525,8,0.01984572410583496,0.00248071551322937,True
3,713,1784808040.344702,8,0.02135443687438965,0.002669304609298706,True
3,714,1784808040.3663638,8,0.01954507827758789,0.0024431347846984863,True
3,715,1784808040.3863559,8,0.024869203567504883,0.0031086504459381104,True
3,716,1784808040.4121146,8,0.015398979187011719,0.0019248723983764648,True
3,717,1784808040.4281557,8,0.019794940948486328,0.002474367618560791,True
3,718,1784808040.4495575,8,0.020650386810302734,0.002581298351287842,True
3,719,1784808040.4707315,8,0.018137216567993164,0.0022671520709991455,True
3,720,1784808040.489267,8,0.021611452102661133,0.0027014315128326416,True
3,721,1784808040.5114005,8,0.01979970932006836,0.002474963665008545,True
3,722,1784808040.5315948,8,0.020174741744995117,0.0025218427181243896,True
3,723,1784808040.5521908,8,0.020229339599609375,0.002528667449951172,True
3,724,1784808040.5728974,8,0.020700454711914062,0.002587556838989258,True
3,725,1784808040.5943177,8,0.020437955856323242,0.0025547444820404053,True
3,726,1784808040.615102,8,0.01834583282470703,0.002293229103088379,True
3,727,1784808040.633799,8,0.022120952606201172,0.0027651190757751465,True
3,728,1784808040.6563678,8,0.02051091194152832,0.00256386399269104,True
3,729,1784808040.6772146,8,0.022901058197021484,0.0028626322746276855,True
3,730,1784808040.7013783,8,0.02091813087463379,0.0026147663593292236,True
3,731,1784808040.7228022,8,0.019217491149902344,0.002402186393737793,True
3,732,1784808040.7424037,8,0.021144866943359375,0.002643108367919922,True
3,733,1784808040.764647,8,0.019017457962036133,0.0023771822452545166,True
3,734,1784808040.7839549,8,0.018877029418945312,0.002359628677368164,True
3,735,1784808040.803317,8,0.020815372467041016,0.002601921558380127,True
3,736,1784808040.8246393,8,0.02007269859313965,0.002509087324142456,True
3,737,1784808040.8452497,8,0.019533872604370117,0.0024417340755462646,True
3,738,1784808040.8652432,8,0.021379947662353516,0.0026724934577941895,True
3,739,1784808040.887011,8,0.019768714904785156,0.0024710893630981445,True
3,740,1784808040.907409,8,0.022109270095825195,0.0027636587619781494,True
3,741,1784808040.9303017,8,0.0195009708404541,0.0024376213550567627,True
3,742,1784808040.9502962,8,0.02516770362854004,0.003145962953567505,True
3,743,1784808040.9758518,8,0.018070459365844727,0.002258807420730591,True
3,744,1784808040.9959602,8,0.020087242126464844,0.0025109052658081055,True
3,745,1784808041.0167089,8,0.0195310115814209,0.0024413764476776123,True
3,746,1784808041.0370905,8,0.021389484405517578,0.0026736855506896973,True
3,747,1784808041.059084,8,0.01887989044189453,0.0023599863052368164,True
3,748,1784808041.078295,8,0.02083730697631836,0.002604663372039795,True
3,749,1784808041.099475,8,0.021900415420532227,0.0027375519275665283,True
3,750,1784808041.1217322,8,0.020800113677978516,0.0026000142097473145,True
3,751,1784808041.1430469,8,0.019883394241333008,0.002485424280166626,True
3,752,1784808041.1633062,8,0.02007913589477539,0.002509891986846924,True
3,753,1784808041.1837027,8,0.020472288131713867,0.0025590360164642334,True
3,754,1784808041.204995,8,0.020215749740600586,0.0025269687175750732,True
3,755,1784808041.22677,8,0.021083593368530273,0.002635449171066284,True
3,756,1784808041.2485714,8,0.018317222595214844,0.0022896528244018555,True
3,757,1784808041.268366,8,0.019847869873046875,0.0024809837341308594,True
3,758,1784808041.2895143,8,0.0212252140045166,0.002653151750564575,True
3,759,1784808041.3114002,8,0.017220020294189453,0.0021525025367736816,True
3,760,1784808041.32901,8,0.019588708877563477,0.0024485886096954346,True
3,761,1784808041.3494556,8,0.020252704620361328,0.002531588077545166,True
3,762,1784808041.3700802,8,0.020718097686767578,0.0025897622108459473,True
3,763,1784808041.3915133,8,0.020328760147094727,0.002541095018386841,True
3,764,1784808041.412344,8,0.021386384963989258,0.0026732981204986572,True
3,765,1784808041.434044,8,0.01938605308532715,0.0024232566356658936,True
3,766,1784808041.454167,8,0.02256941795349121,0.0028211772441864014,True
3,767,1784808041.4772687,8,0.020354270935058594,0.0025442838668823242,True
3,768,1784808041.4981885,8,0.01960277557373047,0.0024503469467163086,True
3,769,1784808041.5180962,8,0.021248579025268555,0.0026560723781585693,True
3,770,1784808041.5404425,8,0.01904129981994629,0.002380162477493286,True
3,771,1784808041.5597174,8,0.020290851593017578,0.0025363564491271973,True
3,772,1784808041.5804439,8,0.019356250762939453,0.0024195313453674316,True
3,773,1784808041.600182,8,0.02138352394104004,0.002672940492630005,True
3,774,1784808041.6219597,8,0.019043684005737305,0.002380460500717163,True
3,775,1784808041.6420467,8,0.019648075103759766,0.0024560093879699707,True
3,776,1784808041.6622028,8,0.019115924835205078,0.0023894906044006348,True
3,777,1784808041.6822393,8,0.021099567413330078,0.0026374459266662598,True
3,778,1784808041.7037234,8,0.021673202514648438,0.0027091503143310547,True
3,779,1784808041.7258847,8,0.018599987030029297,0.002324998378753662,True
3,780,1784808041.7452595,8,0.0206906795501709,0.0025863349437713623,True
3,781,1784808041.7665823,8,0.01958441734313965,0.002448052167892456,True
3,782,1784808041.786975,8,0.021718502044677734,0.002714812755584717,True
3,783,1784808041.8094764,8,0.021450281143188477,0.0026812851428985596,True
3,784,1784808041.8313859,8,0.021131038665771484,0.0026413798332214355,True
3,785,1784808041.8531575,8,0.019640445709228516,0.0024550557136535645,True
3,786,1784808041.8738217,8,0.019873857498168945,0.002484232187271118,True
3,787,1784808041.894232,8,0.01964735984802246,0.0024559199810028076,True
3,788,1784808041.9143426,8,0.020555973052978516,0.0025694966316223145,True
3,789,1784808041.9360719,8,0.018682241439819336,0.002335280179977417,True
3,790,1784808041.9550872,8,0.01946282386779785,0.0024328529834747314,True
3,791,1784808041.9752612,8,0.020586013793945312,0.002573251724243164,True
3,792,1784808041.997144,8,0.02124619483947754,0.0026557743549346924,True
3,793,1784808042.0187232,8,0.02093219757080078,0.0026165246963500977,True
3,794,1784808042.039972,8,0.020760774612426758,0.0025950968265533447,True
3,795,1784808042.0610588,8,0.021559715270996094,0.0026949644088745117,True
3,796,1784808042.083167,8,0.0202481746673584,0.0025310218334198,True
3,797,1784808042.1045742,8,0.01967310905456543,0.0024591386318206787,True
3,798,1784808042.1252503,8,0.017958641052246094,0.0022448301315307617,True
3,799,1784808042.1439323,8,0.023207426071166992,0.002900928258895874,True
3,800,1784808042.1695316,8,0.018087148666381836,0.0022608935832977295,True
3,801,1784808042.1879952,8,0.019608736038208008,0.002451092004776001,True
3,802,1784808042.2079763,8,0.02129673957824707,0.002662092447280884,True
3,803,1784808042.2298486,8,0.018792390823364258,0.0023490488529205322,True
3,804,1784808042.2493818,8,0.020665645599365234,0.0025832056999206543,True
3,805,1784808042.270432,8,0.020737171173095703,0.002592146396636963,True
3,806,1784808042.2916923,8,0.021080970764160156,0.0026351213455200195,True
3,807,1784808042.3131864,8,0.020023345947265625,0.002502918243408203,True
3,808,1784808042.333742,8,0.022840499877929688,0.002855062484741211,True
3,809,1784808042.3575926,8,0.018683433532714844,0.0023354291915893555,True
3,810,1784808042.3766868,8,0.02002096176147461,0.002502620220184326,True
3,811,1784808042.397678,8,0.019568920135498047,0.002446115016937256,True
3,812,1784808042.4177108,8,0.02139115333557129,0.002673894166946411,True
3,813,1784808042.4395912,8,0.019855499267578125,0.0024819374084472656,True
3,814,1784808042.4604173,8,0.021403074264526367,0.002675384283065796,True
3,815,1784808042.4838572,8,0.018572330474853516,0.0023215413093566895,True
3,816,1784808042.5028594,8,0.023598670959472656,0.002949833869934082,True
3,817,1784808042.5275948,8,0.020913362503051758,0.0026141703128814697,True
3,818,1784808042.5493174,8,0.02224445343017578,0.0027805566787719727,True
3,819,1784808042.5719275,8,0.020364999771118164,0.0025456249713897705,True
3,820,1784808042.5926595,8,0.01946735382080078,0.0024334192276000977,True
3,821,1784808042.6124742,8,0.021222352981567383,0.002652794122695923,True
3,822,1784808042.6340914,8,0.01987147331237793,0.002483934164047241,True
3,823,1784808042.6542747,8,0.021144866943359375,0.002643108367919922,True
3,824,1784808042.6759224,8,0.019789457321166992,0.002473682165145874,True
3,825,1784808042.6960418,8,0.018852949142456055,0.002356618642807007,True
3,826,1784808042.7155473,8,0.01907825469970703,0.002384781837463379,True
3,827,1784808042.7352765,8,0.02437567710876465,0.003046959638595581,True
3,828,1784808042.7600443,8,0.019866228103637695,0.002483278512954712,True
3,829,1784808042.7803683,8,0.018865346908569336,0.002358168363571167,True
3,830,1784808042.7996478,8,0.022370100021362305,0.002796262502670288,True
3,831,1784808042.82341,8,0.02038264274597168,0.00254783034324646,True
3,832,1784808042.8445745,8,0.02185797691345215,0.0027322471141815186,True
3,833,1784808042.8668888,8,0.020061969757080078,0.0025077462196350098,True
3,834,1784808042.8875258,8,0.019969940185546875,0.0024962425231933594,True
3,835,1784808042.9101145,8,0.01771259307861328,0.00221407413482666,True
3,836,1784808042.9282033,8,0.020514488220214844,0.0025643110275268555,True
3,837,1784808042.9491518,8,0.019950151443481445,0.0024937689304351807,True
3,838,1784808042.9700685,8,0.02011728286743164,0.002514660358428955,True
3,839,1784808042.9913082,8,0.021514415740966797,0.0026893019676208496,True
3,840,1784808043.013287,8,0.01954507827758789,0.0024431347846984863,True
3,841,1784808043.0332966,8,0.02239394187927246,0.0027992427349090576,True
3,842,1784808043.0575829,8,0.018864870071411133,0.0023581087589263916,True
3,843,1784808043.0772023,8,0.01970696449279785,0.0024633705615997314,True
3,844,1784808043.0973313,8,0.022188901901245117,0.0027736127376556396,True
3,845,1784808043.119957,8,0.020099163055419922,0.0025123953819274902,True
3,846,1784808043.140541,8,0.020352602005004883,0.0025440752506256104,True
3,847,1784808043.1613963,8,0.021084308624267578,0.0026355385780334473,True
3,848,1784808043.1833313,8,0.02009272575378418,0.0025115907192230225,True
3,849,1784808043.204181,8,0.01958298683166504,0.00244787335395813,True
3,850,1784808043.224163,8,0.02264714241027832,0.00283089280128479,True
3,851,1784808043.2471254,8,0.019050121307373047,0.002381265163421631,True
3,852,1784808043.266693,8,0.0197451114654541,0.0024681389331817627,True
3,853,1784808043.2867901,8,0.017992258071899414,0.0022490322589874268,True
3,854,1784808043.3056498,8,0.01978015899658203,0.002472519874572754,True
3,855,1784808043.3269775,8,0.020159482955932617,0.002519935369491577,True
3,856,1784808043.3475544,8,0.01875901222229004,0.002344876527786255,True
3,857,1784808043.366588,8,0.021804332733154297,0.002725541591644287,True
3,858,1784808043.3887184,8,0.020356416702270508,0.0025445520877838135,True
3,859,1784808043.409572,8,0.02081608772277832,0.00260201096534729,True
3,860,1784808043.4307222,8,0.019732952117919922,0.0024666190147399902,True
3,861,1784808043.4512343,8,0.021242618560791016,0.002655327320098877,True
3,862,1784808043.4728444,8,0.019460201263427734,0.002432525157928467,True
3,863,1784808043.4926307,8,0.021053075790405273,0.002631634473800659,True
3,864,1784808043.513996,8,0.02127981185913086,0.0026599764823913574,True
3,865,1784808043.5355525,8,0.020788908004760742,0.0025986135005950928,True
3,866,1784808043.5566697,8,0.021167755126953125,0.0026459693908691406,True
3,867,1784808043.5781705,8,0.019524812698364258,0.0024406015872955322,True
3,868,1784808043.5981004,8,0.01996016502380371,0.002495020627975464,True
3,869,1784808043.618335,8,0.02219414710998535,0.002774268388748169,True
3,870,1784808043.6408856,8,0.021452665328979492,0.0026815831661224365,True
3,871,1784808043.662946,8,0.019072294235229492,0.0023840367794036865,True
3,872,1784808043.682849,8,0.019708871841430664,0.002463608980178833,True
3,873,1784808043.7030752,8,0.019092082977294922,0.0023865103721618652,True
3,874,1784808043.7240808,8,0.01918172836303711,0.0023977160453796387,True
3,875,1784808043.7441518,8,0.023410320281982422,0.0029262900352478027,True
3,876,1784808043.7684608,8,0.01831674575805664,0.00228959321975708,True
3,877,1784808043.7871943,8,0.021705150604248047,0.002713143825531006,True
3,878,1784808043.809205,8,0.019870758056640625,0.002483844757080078,True
3,879,1784808043.8293834,8,0.02200150489807129,0.002750188112258911,True
3,880,1784808043.8518238,8,0.020383596420288086,0.0025479495525360107,True
3,881,1784808043.872572,8,0.020583152770996094,0.0025728940963745117,True
3,882,1784808043.8934476,8,0.022988319396972656,0.002873539924621582,True
3,883,1784808043.9167345,8,0.018210649490356445,0.0022763311862945557,True
3,884,1784808043.9352455,8,0.02407693862915039,0.003009617328643799,True
3,885,1784808043.960062,8,0.016086816787719727,0.002010852098464966,True
3,886,1784808043.9766233,8,0.018729209899902344,0.002341151237487793,True
3,887,1784808043.995886,8,0.020179271697998047,0.002522408962249756,True
3,888,1784808044.0166671,8,0.02223038673400879,0.0027787983417510986,True
3,889,1784808044.0392456,8,0.01941704750061035,0.002427130937576294,True
3,890,1784808044.0592875,8,0.021059274673461914,0.0026324093341827393,True
3,891,1784808044.080871,8,0.019603729248046875,0.0024504661560058594,True
3,892,1784808044.1011317,8,0.021399974822998047,0.002674996852874756,True
3,893,1784808044.122927,8,0.02081012725830078,0.0026012659072875977,True
3,894,1784808044.1449533,8,0.020683765411376953,0.002585470676422119,True
3,895,1784808044.1664486,8,0.020083904266357422,0.0025104880332946777,True
3,896,1784808044.1869476,8,0.020198822021484375,0.002524852752685547,True
3,897,1784808044.2075016,8,0.020004749298095703,0.002500593662261963,True
3,898,1784808044.227812,8,0.021860599517822266,0.002732574939727783,True
3,899,1784808044.249943,8,0.01942729949951172,0.002428412437438965,True
3,900,1784808044.2696452,8,0.02083897590637207,0.002604871988296509,True
3,901,1784808044.2907362,8,0.020274877548217773,0.0025343596935272217,True
3,902,1784808044.3116758,8,0.023386478424072266,0.002923309803009033,True
3,903,1784808044.3359315,8,0.019631385803222656,0.002453923225402832,True
3,904,1784808044.356211,8,0.02034282684326172,0.002542853355407715,True
3,905,1784808044.3771372,8,0.019434690475463867,0.0024293363094329834,True
3,906,1784808044.3976107,8,0.022705793380737305,0.002838224172592163,True
3,907,1784808044.4211075,8,0.02124929428100586,0.0026561617851257324,True
3,908,1784808044.4437163,8,0.0215303897857666,0.002691298723220825,True
3,909,1784808044.46558,8,0.02000117301940918,0.0025001466274261475,True
3,910,1784808044.4859934,8,0.01990795135498047,0.0024884939193725586,True
3,911,1784808044.5062191,8,0.019144535064697266,0.002393066883087158,True
3,912,1784808044.5256536,8,0.019365787506103516,0.0024207234382629395,True
3,913,1784808044.545332,8,0.024087190628051758,0.0030108988285064697,True
3,914,1784808044.5701659,8,0.02223992347717285,0.0027799904346466064,True
3,915,1784808044.5927174,8,0.018743276596069336,0.002342909574508667,True
3,916,1784808044.6117418,8,0.02006363868713379,0.0025079548358917236,True
3,917,1784808044.6321862,8,0.020810365676879883,0.0026012957096099854,True
3,918,1784808044.653373,8,0.019121646881103516,0.0023902058601379395,True
3,919,1784808044.6728437,8,0.021745920181274414,0.0027182400226593018,True
3,920,1784808044.695001,8,0.02080082893371582,0.0026001036167144775,True
3,921,1784808044.7162235,8,0.019954204559326172,0.0024942755699157715,True
3,922,1784808044.736899,8,0.019435644149780273,0.002429455518722534,True
3,923,1784808044.7566643,8,0.019733428955078125,0.0024666786193847656,True
3,924,1784808044.7767076,8,0.018712997436523438,0.0023391246795654297,True
3,925,1784808044.7959435,8,0.021294832229614258,0.0026618540287017822,True
3,926,1784808044.81796,8,0.019764423370361328,0.002470552921295166,True
3,927,1784808044.8381178,8,0.02043628692626953,0.0025545358657836914,True
3,928,1784808044.859624,8,0.020689725875854492,0.0025862157344818115,True
3,929,1784808044.8811848,8,0.019744157791137695,0.002468019723892212,True
3,930,1784808044.9013073,8,0.019832611083984375,0.002479076385498047,True
3,931,1784808044.9216123,8,0.02106618881225586,0.0026332736015319824,True
3,932,1784808044.9439995,8,0.019298315048217773,0.0024122893810272217,True
3,933,1784808044.963612,8,0.02133035659790039,0.002666294574737549,True
3,934,1784808044.9853292,8,0.020317792892456055,0.002539724111557007,True
3,935,1784808045.005947,8,0.021874189376831055,0.002734273672103882,True
3,936,1784808045.0283678,8,0.02068352699279785,0.0025854408740997314,True
3,937,1784808045.0494764,8,0.0205838680267334,0.002572983503341675,True
3,938,1784808045.0703473,8,0.020109891891479492,0.0025137364864349365,True
3,939,1784808045.0910766,8,0.01875925064086914,0.0023449063301086426,True
3,940,1784808045.1104906,8,0.022320032119750977,0.002790004014968872,True
3,941,1784808045.1330943,8,0.023923635482788086,0.0029904544353485107,True
3,942,1784808045.1575031,8,0.01935887336730957,0.0024198591709136963,True
3,943,1784808045.1772633,8,0.021564006805419922,0.0026955008506774902,True
3,944,1784808045.1994014,8,0.01928567886352539,0.002410709857940674,True
3,945,1784808045.219011,8,0.02045750617980957,0.0025571882724761963,True
3,946,1784808045.2398205,8,0.020602703094482422,0.0025753378868103027,True
3,947,1784808045.2607756,8,0.021600961685180664,0.002700120210647583,True
3,948,1784808045.2827349,8,0.019927978515625,0.002490997314453125,True
3,949,1784808045.3030658,8,0.020318031311035156,0.0025397539138793945,True
3,950,1784808045.3237803,8,0.020144224166870117,0.0025180280208587646,True
3,951,1784808045.3446279,8,0.018619060516357422,0.0023273825645446777,True
3,952,1784808045.363593,8,0.020180940628051758,0.0025226175785064697,True
3,953,1784808045.384241,8,0.01976180076599121,0.0024702250957489014,True
3,954,1784808045.4044533,8,0.020839691162109375,0.002604961395263672,True
3,955,1784808045.4256275,8,0.020371437072753906,0.0025464296340942383,True
3,956,1784808045.4462934,8,0.02016758918762207,0.002520948648452759,True
3,957,1784808045.4678876,8,0.020725727081298828,0.0025907158851623535,True
3,958,1784808045.488997,8,0.021378517150878906,0.0026723146438598633,True
3,959,1784808045.510819,8,0.022504806518554688,0.002813100814819336,True
3,960,1784808045.5337365,8,0.020010709762573242,0.0025013387203216553,True
3,961,1784808045.5552287,8,0.017699003219604492,0.0022123754024505615,True
3,962,1784808045.5735295,8,0.0212099552154541,0.0026512444019317627,True
3,963,1784808045.5953035,8,0.018999814987182617,0.002374976873397827,True
3,964,1784808045.614714,8,0.020284414291381836,0.0025355517864227295,True
3,965,1784808045.6358843,8,0.020490169525146484,0.0025612711906433105,True
3,966,1784808045.6568081,8,0.02313065528869629,0.002891331911087036,True
3,967,1784808045.6804948,8,0.019505977630615234,0.0024382472038269043,True
3,968,1784808045.7004,8,0.021447181701660156,0.0026808977127075195,True
3,969,1784808045.7223358,8,0.021698713302612305,0.002712339162826538,True
3,970,1784808045.7445226,8,0.023236751556396484,0.0029045939445495605,True
3,971,1784808045.7691548,8,0.020819902420043945,0.002602487802505493,True
3,972,1784808045.790495,8,0.021125078201293945,0.002640634775161743,True
3,973,1784808045.8126006,8,0.021008968353271484,0.0026261210441589355,True
3,974,1784808045.8340487,8,0.01836991310119629,0.002296239137649536,True
3,975,1784808045.8528235,8,0.01926898956298828,0.002408623695373535,True
3,976,1784808045.8724067,8,0.021831274032592773,0.0027289092540740967,True
3,977,1784808045.8948462,8,0.021040916442871094,0.0026301145553588867,True
3,978,1784808045.9162626,8,0.019141435623168945,0.002392679452896118,True
3,979,1784808045.9360166,8,0.021570444107055664,0.002696305513381958,True
3,980,1784808045.9581633,8,0.021423816680908203,0.0026779770851135254,True
3,981,1784808045.9802182,8,0.019388198852539062,0.002423524856567383,True
3,982,1784808046.0001311,8,0.021477460861206055,0.002684682607650757,True
3,983,1784808046.0219753,8,0.01890110969543457,0.0023626387119293213,True
3,984,1784808046.0414877,8,0.01951003074645996,0.002438753843307495,True
3,985,1784808046.0613337,8,0.020459651947021484,0.0025574564933776855,True
3,986,1784808046.0821917,8,0.018959999084472656,0.002369999885559082,True
3,987,1784808046.1016843,8,0.019758224487304688,0.002469778060913086,True
3,988,1784808046.1217346,8,0.021706581115722656,0.002713322639465332,True
3,989,1784808046.1437771,8,0.01966691017150879,0.0024583637714385986,True
3,990,1784808046.1640599,8,0.019510984420776367,0.002438873052597046,True
3,991,1784808046.1842296,8,0.020767927169799805,0.0025959908962249756,True
3,992,1784808046.2055826,8,0.01856255531311035,0.002320319414138794,True
3,993,1784808046.224416,8,0.019960880279541016,0.002495110034942627,True
3,994,1784808046.2447133,8,0.021447181701660156,0.0026808977127075195,True
3,995,1784808046.2666678,8,0.021154403686523438,0.0026443004608154297,True
3,996,1784808046.2893703,8,0.023361921310424805,0.0029202401638031006,True
3,997,1784808046.3130157,8,0.022093534469604492,0.0027616918087005615,True
3,998,1784808046.3356495,8,0.019889116287231445,0.0024861395359039307,True
3,999,1784808046.3558955,8,0.01899409294128418,0.0023742616176605225,True
3,1000,1784808046.3754892,8,0.02335190773010254,0.0029189884662628174,True
3,1001,1784808046.3991652,8,0.018183469772338867,0.0022729337215423584,True
3,1002,1784808046.4177406,8,0.020340681076049805,0.0025425851345062256,True
3,1003,1784808046.4385104,8,0.019649028778076172,0.0024561285972595215,True
3,1004,1784808046.4590364,8,0.01936626434326172,0.002420783042907715,True
3,1005,1784808046.4787166,8,0.021019935607910156,0.0026274919509887695,True
3,1006,1784808046.5012586,8,0.020483970642089844,0.0025604963302612305,True
3,1007,1784808046.5220866,8,0.020833730697631836,0.0026042163372039795,True
3,1008,1784808046.543534,8,0.02047872543334961,0.002559840679168701,True
3,1009,1784808046.5644112,8,0.020452260971069336,0.002556532621383667,True
3,1010,1784808046.5857263,8,0.021872997283935547,0.0027341246604919434,True
3,1011,1784808046.608489,8,0.020753860473632812,0.0025942325592041016,True
3,1012,1784808046.6297631,8,0.020715951919555664,0.002589493989944458,True
3,1013,1784808046.6510391,8,0.019782543182373047,0.002472817897796631,True
3,1014,1784808046.6711917,8,0.01851677894592285,0.0023145973682403564,True
3,1015,1784808046.6905327,8,0.019794464111328125,0.0024743080139160156,True
3,1016,1784808046.7107542,8,0.02102184295654297,0.002627730369567871,True
3,1017,1784808046.7321439,8,0.020134449005126953,0.002516806125640869,True
3,1018,1784808046.7525816,8,0.02082085609436035,0.002602607011795044,True
3,1019,1784808046.7739537,8,0.021535634994506836,0.0026919543743133545,True
3,1020,1784808046.7958694,8,0.020820140838623047,0.002602517604827881,True
3,1021,1784808046.8178313,8,0.019479751586914062,0.002434968948364258,True
3,1022,1784808046.8376024,8,0.0195462703704834,0.002443283796310425,True
3,1023,1784808046.8575187,8,0.020847320556640625,0.002605915069580078,True
3,1024,1784808046.87871,8,0.022263288497924805,0.0027829110622406006,True
3,1025,1784808046.9017138,8,0.019016027450561523,0.0023770034313201904,True
3,1026,1784808046.921053,8,0.021561145782470703,0.002695143222808838,True
3,1027,1784808046.9434426,8,0.02084946632385254,0.0026061832904815674,True
3,1028,1784808046.9646668,8,0.018823862075805664,0.002352982759475708,True
3,1029,1784808046.9837925,8,0.020496368408203125,0.0025620460510253906,True
3,1030,1784808047.004638,8,0.02090930938720703,0.002613663673400879,True
3,1031,1784808047.0260587,8,0.019445419311523438,0.0024306774139404297,True
3,1032,1784808047.0466084,8,0.020409822463989258,0.0025512278079986572,True
3,1033,1784808047.0674558,8,0.018803834915161133,0.0023504793643951416,True
3,1034,1784808047.0869613,8,0.021943092346191406,0.0027428865432739258,True
3,1035,1784808047.1093194,8,0.019301652908325195,0.0024127066135406494,True
3,1036,1784808047.1292157,8,0.01993083953857422,0.0024913549423217773,True
3,1037,1784808047.1494713,8,0.021071195602416992,0.002633899450302124,True
3,1038,1784808047.1709087,8,0.01943826675415039,0.002429783344268799,True
3,1039,1784808047.1907258,8,0.019651412963867188,0.0024564266204833984,True
3,1040,1784808047.211305,8,0.020308732986450195,0.0025385916233062744,True
3,1041,1784808047.2320547,8,0.02086615562438965,0.002608269453048706,True
3,1042,1784808047.2533214,8,0.022422075271606445,0.0028027594089508057,True
3,1043,1784808047.2766178,8,0.02102971076965332,0.002628713846206665,True
3,1044,1784808047.2982328,8,0.019050121307373047,0.002381265163421631,True
3,1045,1784808047.317639,8,0.02004384994506836,0.002505481243133545,True
3,1046,1784808047.337989,8,0.020930767059326172,0.0026163458824157715,True
3,1047,1784808047.3593743,8,0.02034902572631836,0.002543628215789795,True
3,1048,1784808047.3805056,8,0.019531965255737305,0.002441495656967163,True
3,1049,1784808047.4010682,8,0.021071195602416992,0.002633899450302124,True
3,1050,1784808047.4228723,8,0.020884275436401367,0.002610534429550171,True
3,1051,1784808047.4444382,8,0.019889354705810547,0.0024861693382263184,True
3,1052,1784808047.4659815,8,0.020761489868164062,0.002595186233520508,True
3,1053,1784808047.4876711,8,0.019949913024902344,0.002493739128112793,True
3,1054,1784808047.5081367,8,0.02042984962463379,0.0025537312030792236,True
3,1055,1784808047.5291605,8,0.02273702621459961,0.002842128276824951,True
3,1056,1784808047.5524616,8,0.018280744552612305,0.002285093069076538,True
3,1057,1784808047.5715168,8,0.02031397819519043,0.0025392472743988037,True
3,1058,1784808047.5928001,8,0.019925355911254883,0.0024906694889068604,True
3,1059,1784808047.6134489,8,0.022301435470581055,0.002787679433822632,True
3,1060,1784808047.6364493,8,0.021409273147583008,0.002676159143447876,True
3,1061,1784808047.658232,8,0.020974397659301758,0.0026217997074127197,True
3,1062,1784808047.680445,8,0.020232439041137695,0.002529054880142212,True
3,1063,1784808047.7012653,8,0.020967483520507812,0.0026209354400634766,True
3,1064,1784808047.7230551,8,0.019837617874145508,0.0024797022342681885,True
3,1065,1784808047.7433112,8,0.01940131187438965,0.002425163984298706,True
3,1066,1784808047.7631257,8,0.019260406494140625,0.002407550811767578,True
3,1067,1784808047.7828505,8,0.020801782608032227,0.0026002228260040283,True
3,1068,1784808047.804069,8,0.019171714782714844,0.0023964643478393555,True
3,1069,1784808047.8238888,8,0.01940155029296875,0.0024251937866210938,True
3,1070,1784808047.8436227,8,0.019590139389038086,0.0024487674236297607,True
3,1071,1784808047.863557,8,0.020987749099731445,0.0026234686374664307,True
3,1072,1784808047.884965,8,0.023127317428588867,0.0028909146785736084,True
3,1073,1784808047.9085166,8,0.019805431365966797,0.0024756789207458496,True
3,1074,1784808047.9287405,8,0.02105116844177246,0.0026313960552215576,True
3,1075,1784808047.9502027,8,0.019219398498535156,0.0024024248123168945,True
3,1076,1784808047.9698014,8,0.019971132278442383,0.002496391534805298,True
3,1077,1784808047.990422,8,0.020882606506347656,0.002610325813293457,True
3,1078,1784808048.0116327,8,0.02029871940612793,0.002537339925765991,True
3,1079,1784808048.0322242,8,0.01931595802307129,0.002414494752883911,True
3,1080,1784808048.0520074,8,0.01928544044494629,0.002410680055618286,True
3,1081,1784808048.0718374,8,0.020451784133911133,0.0025564730167388916,True
3,1082,1784808048.092955,8,0.020325422286987305,0.002540677785873413,True
3,1083,1784808048.1135767,8,0.021674633026123047,0.002709329128265381,True
3,1084,1784808048.1356442,8,0.018546104431152344,0.002318263053894043,True
3,1085,1784808048.15501,8,0.019986867904663086,0.0024983584880828857,True
3,1086,1784808048.1753619,8,0.023417234420776367,0.002927154302597046,True
3,1087,1784808048.199106,8,0.018142223358154297,0.002267777919769287,True
3,1088,1784808048.2177184,8,0.01879715919494629,0.002349644899368286,True
3,1089,1784808048.236879,8,0.019973039627075195,0.0024966299533843994,True
3,1090,1784808048.2572107,8,0.01958751678466797,0.002448439598083496,True
3,1091,1784808048.2772489,8,0.01958775520324707,0.002448469400405884,True
3,1092,1784808048.2971156,8,0.02087116241455078,0.0026088953018188477,True
3,1093,1784808048.3183672,8,0.019194841384887695,0.002399355173110962,True
3,1094,1784808048.33796,8,0.022031784057617188,0.0027539730072021484,True
3,1095,1784808048.3609183,8,0.020260095596313477,0.0025325119495391846,True
3,1096,1784808048.3816013,8,0.0201416015625,0.0025177001953125,True
3,1097,1784808048.4024692,8,0.018449068069458008,0.002306133508682251,True
3,1098,1784808048.4216602,8,0.022392988204956055,0.002799123525619507,True
3,1099,1784808048.4445837,8,0.021381139755249023,0.002672642469406128,True
3,1100,1784808048.4663007,8,0.02033066749572754,0.0025413334369659424,True
3,1101,1784808048.4869301,8,0.02012944221496582,0.0025161802768707275,True
3,1102,1784808048.5073717,8,0.019852876663208008,0.002481609582901001,True
3,1103,1784808048.5276124,8,0.020027875900268555,0.0025034844875335693,True
3,1104,1784808048.5479126,8,0.018806934356689453,0.0023508667945861816,True
3,1105,1784808048.5670207,8,0.019459962844848633,0.002432495355606079,True
3,1106,1784808048.5867825,8,0.01862955093383789,0.0023286938667297363,True
3,1107,1784808048.6056697,8,0.019252300262451172,0.0024065375328063965,True
3,1108,1784808048.6251714,8,0.019820213317871094,0.0024775266647338867,True
3,1109,1784808048.6456246,8,0.020845413208007812,0.0026056766510009766,True
3,1110,1784808048.6668272,8,0.020114660263061523,0.0025143325328826904,True
3,1111,1784808048.6873288,8,0.019577741622924805,0.0024472177028656006,True
3,1112,1784808048.7072368,8,0.018745899200439453,0.0023432374000549316,True
3,1113,1784808048.726382,8,0.020304441452026367,0.002538055181503296,True
3,1114,1784808048.7470489,8,0.019066810607910156,0.0023833513259887695,True
3,1115,1784808048.766412,8,0.02192854881286621,0.0027410686016082764,True
3,1116,1784808048.7885864,8,0.019426345825195312,0.002428293228149414,True
3,1117,1784808048.8083658,8,0.02003931999206543,0.0025049149990081787,True
3,1118,1784808048.8286433,8,0.02109670639038086,0.0026370882987976074,True
3,1119,1784808048.8504388,8,0.0204617977142334,0.002557724714279175,True
3,1120,1784808048.8713136,8,0.020375490188598633,0.002546936273574829,True
3,1121,1784808048.8921628,8,0.020486116409301758,0.0025607645511627197,True
3,1122,1784808048.9133244,8,0.019571304321289062,0.002446413040161133,True
3,1123,1784808048.9332411,8,0.019128799438476562,0.0023910999298095703,True
3,1124,1784808048.952768,8,0.019991397857666016,0.002498924732208252,True
3,1125,1784808048.9731808,8,0.02076888084411621,0.0025961101055145264,True
3,1126,1784808048.9944363,8,0.01925802230834961,0.002407252788543701,True
3,1127,1784808049.0141776,8,0.019490957260131836,0.0024363696575164795,True
3,1128,1784808049.0340652,8,0.019611597061157227,0.0024514496326446533,True
3,1129,1784808049.054151,8,0.019022703170776367,0.002377837896347046,True
3,1130,1784808049.0736153,8,0.02105855941772461,0.002632319927215576,True
3,1131,1784808049.0950818,8,0.020342111587524414,0.0025427639484405518,True
3,1132,1784808049.1158059,8,0.019628524780273438,0.0024535655975341797,True
3,1133,1784808049.1357932,8,0.02175617218017578,0.0027195215225219727,True
3,1134,1784808049.1582308,8,0.020383834838867188,0.0025479793548583984,True
3,1135,1784808049.1789281,8,0.02018117904663086,0.0025226473808288574,True
3,1136,1784808049.1994073,8,0.01945638656616211,0.0024320483207702637,True
3,1137,1784808049.2191634,8,0.020152807235717773,0.0025191009044647217,True
3,1138,1784808049.2397075,8,0.020756244659423828,0.0025945305824279785,True
3,1139,1784808049.2614634,8,0.020839691162109375,0.002604961395263672,True
3,1140,1784808049.283052,8,0.01854729652404785,0.0023184120655059814,True
3,1141,1784808049.3020003,8,0.020494461059570312,0.002561807632446289,True
3,1142,1784808049.322768,8,0.02107524871826172,0.002634406089782715,True
3,1143,1784808049.3441458,8,0.01919078826904297,0.002398848533630371,True
3,1144,1784808049.3637085,8,0.023282766342163086,0.0029103457927703857,True
3,1145,1784808049.38749,8,0.013994455337524414,0.0017493069171905518,True
3,1146,1784808049.4019046,8,0.020680665969848633,0.002585083246231079,True
3,1147,1784808049.422885,8,0.019469261169433594,0.0024336576461791992,True
3,1148,1784808049.4426694,8,0.019814252853393555,0.0024767816066741943,True
3,1149,1784808049.462831,8,0.01973128318786621,0.0024664103984832764,True
3,1150,1784808049.4829109,8,0.020050048828125,0.002506256103515625,True
3,1151,1784808049.5032523,8,0.019866466522216797,0.0024833083152770996,True
3,1152,1784808049.523446,8,0.019384145736694336,0.002423018217086792,True
3,1153,1784808049.543234,8,0.021144866943359375,0.002643108367919922,True
3,1154,1784808049.564796,8,0.019093751907348633,0.002386718988418579,True
3,1155,1784808049.584181,8,0.02140665054321289,0.0026758313179016113,True
3,1156,1784808049.6059096,8,0.019581079483032227,0.0024476349353790283,True
3,1157,1784808049.6259665,8,0.020711421966552734,0.002588927745819092,True
3,1158,1784808049.647107,8,0.019938230514526367,0.002492278814315796,True
3,1159,1784808049.667433,8,0.018741130828857422,0.0023426413536071777,True
3,1160,1784808049.6866064,8,0.020630359649658203,0.0025787949562072754,True
3,1161,1784808049.7079818,8,0.020061492919921875,0.0025076866149902344,True
3,1162,1784808049.7286024,8,0.01969170570373535,0.002461463212966919,True
3,1163,1784808049.7488308,8,0.01960611343383789,0.0024507641792297363,True
3,1164,1784808049.7687237,8,0.01983356475830078,0.0024791955947875977,True
3,1165,1784808049.7889895,8,0.019610166549682617,0.002451270818710327,True
3,1166,1784808049.8089862,8,0.019982337951660156,0.0024977922439575195,True
3,1167,1784808049.8293204,8,0.021263599395751953,0.002657949924468994,True
3,1168,1784808049.8509243,8,0.020459890365600586,0.0025574862957000732,True
3,1169,1784808049.8717165,8,0.01968073844909668,0.002460092306137085,True
3,1170,1784808049.8917809,8,0.01995396614074707,0.002494245767593384,True
3,1171,1784808049.9121447,8,0.020023107528686523,0.0025028884410858154,True
3,1172,1784808049.9328704,8,0.025119304656982422,0.0031399130821228027,True
3,1173,1784808049.9586542,8,0.01902174949645996,0.002377718687057495,True
3,1174,1784808049.9779904,8,0.020016908645629883,0.0025021135807037354,True
3,1175,1784808049.9983516,8,0.019463777542114258,0.0024329721927642822,True
3,1176,1784808050.0182188,8,0.022234201431274414,0.0027792751789093018,True
3,1177,1784808050.0411532,8,0.02051568031311035,0.002564460039138794,True
3,1178,1784808050.062145,8,0.019360065460205078,0.0024200081825256348,True
3,1179,1784808050.0818317,8,0.020434141159057617,0.002554267644882202,True
3,1180,1784808050.1025767,8,0.019735097885131836,0.0024668872356414795,True
3,1181,1784808050.122631,8,0.019618511199951172,0.0024523138999938965,True
3,1182,1784808050.142537,8,0.02026963233947754,0.0025337040424346924,True
3,1183,1784808050.1632338,8,0.019769906997680664,0.002471238374710083,True
3,1184,1784808050.183355,8,0.020223617553710938,0.002527952194213867,True
3,1185,1784808050.2039456,8,0.021514177322387695,0.002689272165298462,True
3,1186,1784808050.226141,8,0.0195772647857666,0.002447158098220825,True
3,1187,1784808050.2460957,8,0.019687414169311523,0.0024609267711639404,True
3,1188,1784808050.2662423,8,0.01964282989501953,0.0024553537368774414,True
3,1189,1784808050.2862234,8,0.01875782012939453,0.0023447275161743164,True
3,1190,1784808050.305288,8,0.01990509033203125,0.0024881362915039062,True
3,1191,1784808050.3255472,8,0.021183490753173828,0.0026479363441467285,True
3,1192,1784808050.3470883,8,0.01913166046142578,0.0023914575576782227,True
3,1193,1784808050.3664849,8,0.02027106285095215,0.0025338828563690186,True
3,1194,1784808050.3873348,8,0.018140316009521484,0.0022675395011901855,True
3,1195,1784808050.40581,8,0.020437002182006836,0.0025546252727508545,True
3,1196,1784808050.426599,8,0.01911020278930664,0.00238877534866333,True
3,1197,1784808050.445963,8,0.01930379867553711,0.0024129748344421387,True
3,1198,1784808050.4658966,8,0.020594120025634766,0.0025742650032043457,True
3,1199,1784808050.4868808,8,0.022427082061767578,0.0028033852577209473,True
3,1200,1784808050.509667,8,0.018197298049926758,0.0022746622562408447,True
3,1201,1784808050.5282977,8,0.022060394287109375,0.002757549285888672,True
3,1202,1784808050.5506465,8,0.020540952682495117,0.0025676190853118896,True
3,1203,1784808050.5715325,8,0.01981639862060547,0.0024770498275756836,True
3,1204,1784808050.591661,8,0.019996166229248047,0.002499520778656006,True
3,1205,1784808050.6119053,8,0.019745826721191406,0.0024682283401489258,True
3,1206,1784808050.6319525,8,0.020420312881469727,0.002552539110183716,True
3,1207,1784808050.6526783,8,0.018601417541503906,0.0023251771926879883,True
3,1208,1784808050.671707,8,0.02018427848815918,0.0025230348110198975,True
3,1209,1784808050.6924393,8,0.020214080810546875,0.0025267601013183594,True
3,1210,1784808050.713084,8,0.021100997924804688,0.002637624740600586,True
3,1211,1784808050.734525,8,0.018578052520751953,0.002322256565093994,True
3,1212,1784808050.7533832,8,0.020534992218017578,0.0025668740272521973,True
3,1213,1784808050.774209,8,0.020320653915405273,0.002540081739425659,True
3,1214,1784808050.7949185,8,0.0189208984375,0.0023651123046875,True
3,1215,1784808050.8141344,8,0.020479202270507812,0.0025599002838134766,True
3,1216,1784808050.8349972,8,0.020718812942504883,0.0025898516178131104,True
3,1217,1784808050.8561654,8,0.02121448516845703,0.002651810646057129,True
3,1218,1784808050.8776538,8,0.01797008514404297,0.002246260643005371,True
3,1219,1784808050.8958757,8,0.020351171493530273,0.002543896436691284,True
3,1220,1784808050.9166117,8,0.020114660263061523,0.0025143325328826904,True
3,1221,1784808050.9371378,8,0.020802021026611328,0.002600252628326416,True
3,1222,1784808050.9583898,8,0.02007293701171875,0.0025091171264648438,True
3,1223,1784808050.9788349,8,0.019107341766357422,0.0023884177207946777,True
3,1224,1784808050.9986563,8,0.019316673278808594,0.0024145841598510742,True
3,1225,1784808051.0185397,8,0.021584510803222656,0.002698063850402832,True
3,1226,1784808051.040736,8,0.020220041275024414,0.0025275051593780518,True
3,1227,1784808051.0616002,8,0.019649744033813477,0.0024562180042266846,True
3,1228,1784808051.0816078,8,0.02147674560546875,0.0026845932006835938,True
3,1229,1784808051.1033442,8,0.02027726173400879,0.0025346577167510986,True
3,1230,1784808051.123895,8,0.021491527557373047,0.002686440944671631,True
3,1231,1784808051.1457288,8,0.01852250099182129,0.002315312623977661,True
3,1232,1784808051.1647525,8,0.020633220672607422,0.0025791525840759277,True
3,1233,1784808051.185724,8,0.021735668182373047,0.002716958522796631,True
3,1234,1784808051.2083843,8,0.018253326416015625,0.002281665802001953,True
3,1235,1784808051.2271187,8,0.019837617874145508,0.0024797022342681885,True
3,1236,1784808051.247253,8,0.01968073844909668,0.002460092306137085,True
3,1237,1784808051.2672534,8,0.0194857120513916,0.00243571400642395,True
3,1238,1784808051.2872412,8,0.019934892654418945,0.002491861581802368,True
3,1239,1784808051.3074872,8,0.021050453186035156,0.0026313066482543945,True
3,1240,1784808051.3288505,8,0.018329381942749023,0.002291172742843628,True
3,1241,1784808051.3479464,8,0.0183563232421875,0.0022945404052734375,True
3,1242,1784808051.36665,8,0.018915176391601562,0.0023643970489501953,True
3,1243,1784808051.3858232,8,0.02020883560180664,0.00252610445022583,True
3,1244,1784808051.406467,8,0.021695613861083984,0.002711951732635498,True
3,1245,1784808051.428471,8,0.019484996795654297,0.002435624599456787,True
3,1246,1784808051.448329,8,0.021089553833007812,0.0026361942291259766,True
3,1247,1784808051.4698877,8,0.019716501235961914,0.0024645626544952393,True
3,1248,1784808051.490437,8,0.019346237182617188,0.0024182796478271484,True
3,1249,1784808051.5100977,8,0.018841981887817383,0.002355247735977173,True
3,1250,1784808051.5293002,8,0.021745920181274414,0.0027182400226593018,True
3,1251,1784808051.5513923,8,0.021597862243652344,0.002699732780456543,True
3,1252,1784808051.5734885,8,0.020824670791625977,0.002603083848953247,True
3,1253,1784808051.5947082,8,0.018755435943603516,0.0023444294929504395,True
3,1254,1784808051.6138105,8,0.021093368530273438,0.0026366710662841797,True
3,1255,1784808051.6355255,8,0.01990485191345215,0.0024881064891815186,True
3,1256,1784808051.6557589,8,0.02099919319152832,0.00262489914894104,True
3,1257,1784808051.6772063,8,0.02089548110961914,0.0026119351387023926,True
3,1258,1784808051.698481,8,0.018702983856201172,0.0023378729820251465,True
3,1259,1784808051.7174902,8,0.020735979080200195,0.0025919973850250244,True
3,1260,1784808051.7386067,8,0.020859241485595703,0.002607405185699463,True
3,1261,1784808051.759858,8,0.0192108154296875,0.0024013519287109375,True
3,1262,1784808051.7793753,8,0.02003192901611328,0.00250399112701416,True
3,1263,1784808051.7997427,8,0.02040576934814453,0.0025507211685180664,True
3,1264,1784808051.8206613,8,0.020206689834594727,0.002525836229324341,True
3,1265,1784808051.8413036,8,0.019284486770629883,0.0024105608463287354,True
3,1266,1784808051.861001,8,0.019331693649291992,0.002416461706161499,True
3,1267,1784808051.8809505,8,0.023113012313842773,0.0028891265392303467,True
3,1268,1784808051.9043515,8,0.02029895782470703,0.002537369728088379,True
3,1269,1784808051.9250066,8,0.019474506378173828,0.0024343132972717285,True
3,1270,1784808051.9448788,8,0.019934892654418945,0.002491861581802368,True
3,1271,1784808051.9651968,8,0.019479751586914062,0.002434968948364258,True
3,1272,1784808051.9851096,8,0.021567344665527344,0.002695918083190918,True
3,1273,1784808052.0070417,8,0.01932525634765625,0.0024156570434570312,True
3,1274,1784808052.026675,8,0.02092456817626953,0.0026155710220336914,True
3,1275,1784808052.0479715,8,0.020853281021118164,0.0026066601276397705,True
3,1276,1784808052.0692298,8,0.019846677780151367,0.002480834722518921,True
3,1277,1784808052.0893848,8,0.019669055938720703,0.002458631992340088,True
3,1278,1784808052.1094065,8,0.018819332122802734,0.002352416515350342,True
3,1279,1784808052.1286626,8,0.02007269859313965,0.002509087324142456,True
3,1280,1784808052.1492622,8,0.018892288208007812,0.0023615360260009766,True
3,1281,1784808052.1684725,8,0.020004749298095703,0.002500593662261963,True
3,1282,1784808052.1888883,8,0.020145893096923828,0.0025182366371154785,True
3,1283,1784808052.2093272,8,0.020373821258544922,0.0025467276573181152,True
3,1284,1784808052.2302485,8,0.020372390747070312,0.002546548843383789,True
3,1285,1784808052.25121,8,0.021485567092895508,0.0026856958866119385,True
3,1286,1784808052.273605,8,0.020563364028930664,0.002570420503616333,True
3,1287,1784808052.2945485,8,0.01841259002685547,0.0023015737533569336,True
3,1288,1784808052.313292,8,0.021076202392578125,0.0026345252990722656,True
3,1289,1784808052.3347464,8,0.02012038230895996,0.002515047788619995,True
3,1290,1784808052.355167,8,0.020315170288085938,0.002539396286010742,True
3,1291,1784808052.375796,8,0.0195009708404541,0.0024376213550567627,True
3,1292,1784808052.3956542,8,0.020895719528198242,0.0026119649410247803,True
3,1293,1784808052.416879,8,0.021579980850219727,0.002697497606277466,True
3,1294,1784808052.4388533,8,0.0191497802734375,0.0023937225341796875,True
3,1295,1784808052.4591153,8,0.019673585891723633,0.002459198236465454,True
3,1296,1784808052.4793158,8,0.0197601318359375,0.0024700164794921875,True
3,1297,1784808052.5003452,8,0.020418167114257812,0.0025522708892822266,True
3,1298,1784808052.5215147,8,0.019117355346679688,0.002389669418334961,True
3,1299,1784808052.5415049,8,0.021557092666625977,0.002694636583328247,True
3,1300,1784808052.5634577,8,0.018862247467041016,0.002357780933380127,True
3,1301,1784808052.5831316,8,0.019013643264770508,0.0023767054080963135,True
3,1302,1784808052.6024966,8,0.02004861831665039,0.002506077289581299,True
3,1303,1784808052.6228962,8,0.018220186233520508,0.0022775232791900635,True
3,1304,1784808052.6413682,8,0.021616220474243164,0.0027020275592803955,True
3,1305,1784808052.6633272,8,0.019637107849121094,0.0024546384811401367,True
3,1306,1784808052.683462,8,0.01920771598815918,0.0024009644985198975,True
3,1307,1784808052.7029843,8,0.022827625274658203,0.0028534531593322754,True
3,1308,1784808052.7261012,8,0.01952505111694336,0.00244063138961792,True
3,1309,1784808052.7461405,8,0.02044844627380371,0.002556055784225464,True
3,1310,1784808052.767011,8,0.019886016845703125,0.0024857521057128906,True
3,1311,1784808052.7872226,8,0.019649744033813477,0.0024562180042266846,True
3,1312,1784808052.8071887,8,0.018991708755493164,0.0023739635944366455,True
3,1313,1784808052.8266153,8,0.022049665451049805,0.0027562081813812256,True
3,1314,1784808052.8490486,8,0.020141124725341797,0.0025176405906677246,True
3,1315,1784808052.8694792,8,0.021179676055908203,0.0026474595069885254,True
3,1316,1784808052.890968,8,0.019383668899536133,0.0024229586124420166,True
3,1317,1784808052.9106228,8,0.018068313598632812,0.0022585391998291016,True
3,1318,1784808052.9296372,8,0.022739410400390625,0.002842426300048828,True
3,1319,1784808052.9528804,8,0.018892288208007812,0.0023615360260009766,True
3,1320,1784808052.9729748,8,0.018616914749145508,0.0023271143436431885,True
3,1321,1784808052.9926553,8,0.018805980682373047,0.002350747585296631,True
3,1322,1784808053.0118353,8,0.020205259323120117,0.0025256574153900146,True
3,1323,1784808053.0323758,8,0.02001810073852539,0.002502262592315674,True
3,1324,1784808053.0526922,8,0.02030014991760254,0.0025375187397003174,True
3,1325,1784808053.0733316,8,0.0203704833984375,0.0025463104248046875,True
3,1326,1784808053.0939791,8,0.019366979598999023,0.002420872449874878,True
3,1327,1784808053.1140735,8,0.019581317901611328,0.002447664737701416,True
3,1328,1784808053.1339848,8,0.01932549476623535,0.002415686845779419,True
3,1329,1784808053.1536121,8,0.01991438865661621,0.0024892985820770264,True
3,1330,1784808053.1739714,8,0.019484758377075195,0.0024355947971343994,True
3,1331,1784808053.194045,8,0.017483234405517578,0.0021854043006896973,True
3,1332,1784808053.2120585,8,0.018672704696655273,0.002334088087081909,True
3,1333,1784808053.2310164,8,0.021823644638061523,0.0027279555797576904,True
3,1334,1784808053.2531884,8,0.019632339477539062,0.002454042434692383,True
3,1335,1784808053.273223,8,0.0202176570892334,0.002527207136154175,True
3,1336,1784808053.2938592,8,0.019351482391357422,0.0024189352989196777,True
3,1337,1784808053.3134959,8,0.02002096176147461,0.002502620220184326,True
3,1338,1784808053.3339229,8,0.018906831741333008,0.002363353967666626,True
3,1339,1784808053.35322,8,0.02128124237060547,0.0026601552963256836,True
3,1340,1784808053.3747716,8,0.01933598518371582,0.0024169981479644775,True
3,1341,1784808053.3943968,8,0.018277883529663086,0.0022847354412078857,True
3,1342,1784808053.4132428,8,0.021329879760742188,0.0026662349700927734,True
3,1343,1784808053.4348488,8,0.021901369094848633,0.002737671136856079,True
3,1344,1784808053.4592204,8,0.018485069274902344,0.002310633659362793,True
3,1345,1784808053.4783404,8,0.01935100555419922,0.0024188756942749023,True
3,1346,1784808053.498145,8,0.02075028419494629,0.002593785524368286,True
3,1347,1784808053.5194087,8,0.02006053924560547,0.0025075674057006836,True
3,1348,1784808053.5399194,8,0.021635055541992188,0.0027043819427490234,True
3,1349,1784808053.5623991,8,0.020210981369018555,0.0025263726711273193,True
3,1350,1784808053.5829635,8,0.02033066749572754,0.0025413334369659424,True
3,1351,1784808053.6035712,8,0.019603252410888672,0.002450406551361084,True
3,1352,1784808053.6236115,8,0.02045750617980957,0.0025571882724761963,True
3,1353,1784808053.6443622,8,0.019094228744506836,0.0023867785930633545,True
3,1354,1784808053.6639192,8,0.021564960479736328,0.002695620059967041,True
3,1355,1784808053.6857493,8,0.018665790557861328,0.002333223819732666,True
3,1356,1784808053.704732,8,0.020628690719604492,0.0025785863399505615,True
3,1357,1784808053.7256875,8,0.019971370697021484,0.0024964213371276855,True
3,1358,1784808053.7461016,8,0.020232677459716797,0.0025290846824645996,True
3,1359,1784808053.7670383,8,0.01961064338684082,0.0024513304233551025,True
3,1360,1784808053.7872863,8,0.020546436309814453,0.0025683045387268066,True
3,1361,1784808053.808303,8,0.018636465072631836,0.0023295581340789795,True
3,1362,1784808053.827328,8,0.01947617530822754,0.0024345219135284424,True
3,1363,1784808053.8473685,8,0.020128250122070312,0.002516031265258789,True
3,1364,1784808053.8678482,8,0.020058155059814453,0.0025072693824768066,True
3,1365,1784808053.8882174,8,0.019553661346435547,0.0024442076683044434,True
3,1366,1784808053.9081163,8,0.01998448371887207,0.002498060464859009,True
3,1367,1784808053.9284406,8,0.0193636417388916,0.00242045521736145,True
3,1368,1784808053.9480586,8,0.020624160766601562,0.0025780200958251953,True
3,1369,1784808053.9690502,8,0.020427465438842773,0.0025534331798553467,True
3,1370,1784808053.989983,8,0.020539283752441406,0.0025674104690551758,True
3,1371,1784808054.010879,8,0.021685361862182617,0.002710670232772827,True
3,1372,1784808054.0328434,8,0.020298004150390625,0.002537250518798828,True
3,1373,1784808054.0534127,8,0.020182132720947266,0.002522766590118408,True
3,1374,1784808054.073937,8,0.018923521041870117,0.0023654401302337646,True
3,1375,1784808054.0931673,8,0.019698143005371094,0.0024622678756713867,True
3,1376,1784808054.113295,8,0.020914793014526367,0.002614349126815796,True
3,1377,1784808054.1345859,8,0.02006220817565918,0.0025077760219573975,True
3,1378,1784808054.1550899,8,0.018288373947143555,0.0022860467433929443,True
3,1379,1784808054.1739318,8,0.020225048065185547,0.0025281310081481934,True
3,1380,1784808054.1947343,8,0.01960468292236328,0.00245058536529541,True
3,1381,1784808054.2146585,8,0.021527767181396484,0.0026909708976745605,True
3,1382,1784808054.236626,8,0.01994156837463379,0.0024926960468292236,True
3,1383,1784808054.257352,8,0.020542621612548828,0.0025678277015686035,True
3,1384,1784808054.2787335,8,0.020971298217773438,0.0026214122772216797,True
3,1385,1784808054.3000665,8,0.020032882690429688,0.002504110336303711,True
3,1386,1784808054.3204093,8,0.020424604415893555,0.0025530755519866943,True
3,1387,1784808054.3411477,8,0.0212552547454834,0.002656906843185425,True
3,1388,1784808054.3627748,8,0.019086122512817383,0.002385765314102173,True
3,1389,1784808054.3821876,8,0.02044534683227539,0.002555668354034424,True
3,1390,1784808054.4030802,8,0.018353939056396484,0.0022942423820495605,True
3,1391,1784808054.4221404,8,0.01931285858154297,0.002414107322692871,True
3,1392,1784808054.4421344,8,0.02215409278869629,0.002769261598587036,True
3,1393,1784808054.4648654,8,0.021406888961791992,0.002675861120223999,True
3,1394,1784808054.4867172,8,0.020334720611572266,0.002541840076446533,True
3,1395,1784808054.5076957,8,0.0194091796875,0.0024261474609375,True
3,1396,1784808054.5275354,8,0.023555517196655273,0.002944439649581909,True
3,1397,1784808054.5515885,8,0.01819610595703125,0.0022745132446289062,True
3,1398,1784808054.5703182,8,0.021281957626342773,0.0026602447032928467,True
3,1399,1784808054.5918756,8,0.02146458625793457,0.0026830732822418213,True
3,1400,1784808054.6137009,8,0.01935434341430664,0.00241929292678833,True
3,1401,1784808054.6334498,8,0.01982259750366211,0.0024778246879577637,True
3,1402,1784808054.6536026,8,0.01999187469482422,0.0024989843368530273,True
3,1403,1784808054.6738591,8,0.021091461181640625,0.002636432647705078,True
3,1404,1784808054.6952624,8,0.020244836807250977,0.002530604600906372,True
3,1405,1784808054.715932,8,0.02078843116760254,0.0025985538959503174,True
3,1406,1784808054.7376695,8,0.019999027252197266,0.002499878406524658,True
3,1407,1784808054.758616,8,0.020008563995361328,0.002501070499420166,True
3,1408,1784808054.7789972,8,0.02066659927368164,0.002583324909210205,True
3,1409,1784808054.8000166,8,0.019274473190307617,0.002409309148788452,True
3,1410,1784808054.8196115,8,0.01940608024597168,0.00242576003074646,True
3,1411,1784808054.8394039,8,0.019155025482177734,0.002394378185272217,True
3,1412,1784808054.8588712,8,0.020563364028930664,0.002570420503616333,True
3,1413,1784808054.8797598,8,0.01987290382385254,0.0024841129779815674,True
3,1414,1784808054.899893,8,0.019484519958496094,0.0024355649948120117,True
3,1415,1784808054.9197412,8,0.021047115325927734,0.002630889415740967,True
3,1416,1784808054.9412413,8,0.019849538803100586,0.0024811923503875732,True
3,1417,1784808054.9616137,8,0.017390966415405273,0.002173870801925659,True
3,1418,1784808054.9794667,8,0.01919102668762207,0.002398878335952759,True
3,1419,1784808054.998966,8,0.018725872039794922,0.0023407340049743652,True
3,1420,1784808055.0179374,8,0.02021193504333496,0.00252649188041687,True
3,1421,1784808055.0394304,8,0.01988077163696289,0.0024850964546203613,True
3,1422,1784808055.059689,8,0.019751310348510742,0.0024689137935638428,True
3,1423,1784808055.0799851,8,0.021563053131103516,0.0026953816413879395,True
3,1424,1784808055.1018531,8,0.01834273338317871,0.002292841672897339,True
3,1425,1784808055.121101,8,0.01910400390625,0.00238800048828125,True
3,1426,1784808055.1405547,8,0.019304275512695312,0.002413034439086914,True
3,1427,1784808055.16014,8,0.022526025772094727,0.002815753221511841,True
3,1428,1784808055.1829712,8,0.018404006958007812,0.0023005008697509766,True
3,1429,1784808055.2018409,8,0.022272348403930664,0.002784043550491333,True
3,1430,1784808055.2244177,8,0.019690275192260742,0.0024612843990325928,True
3,1431,1784808055.2444193,8,0.02029895782470703,0.002537369728088379,True
3,1432,1784808055.2654166,8,0.019853591918945312,0.002481698989868164,True
3,1433,1784808055.2859504,8,0.020997047424316406,0.0026246309280395508,True
3,1434,1784808055.307409,8,0.020944595336914062,0.002618074417114258,True
3,1435,1784808055.328664,8,0.019639015197753906,0.0024548768997192383,True
3,1436,1784808055.3486147,8,0.019590377807617188,0.0024487972259521484,True
3,1437,1784808055.3685482,8,0.019223690032958984,0.002402961254119873,True
3,1438,1784808055.3881073,8,0.020222902297973633,0.002527862787246704,True
3,1439,1784808055.408726,8,0.01945209503173828,0.002431511878967285,True
3,1440,1784808055.4284563,8,0.020490407943725586,0.0025613009929656982,True
3,1441,1784808055.4492054,8,0.020875930786132812,0.0026094913482666016,True
3,1442,1784808055.4703488,8,0.020273685455322266,0.002534210681915283,True
3,1443,1784808055.4909897,8,0.020224809646606445,0.0025281012058258057,True
3,1444,1784808055.5115657,8,0.019098281860351562,0.0023872852325439453,True
3,1445,1784808055.5309298,8,0.01952219009399414,0.0024402737617492676,True
3,1446,1784808055.5507321,8,0.02115178108215332,0.002643972635269165,True
3,1447,1784808055.5723958,8,0.01925516128540039,0.002406895160675049,True
3,1448,1784808055.5919807,8,0.019164323806762695,0.002395540475845337,True
3,1449,1784808055.6116097,8,0.021651029586791992,0.002706378698348999,True
3,1450,1784808055.6340525,8,0.019988536834716797,0.0024985671043395996,True
3,1451,1784808055.654512,8,0.01844930648803711,0.0023061633110046387,True
3,1452,1784808055.6733952,8,0.02207159996032715,0.0027589499950408936,True
3,1453,1784808055.6957583,8,0.019582509994506836,0.0024478137493133545,True
3,1454,1784808055.71563,8,0.019659042358398438,0.0024573802947998047,True
3,1455,1784808055.735664,8,0.0235598087310791,0.0029449760913848877,True
3,1456,1784808055.7596552,8,0.019077062606811523,0.0023846328258514404,True
3,1457,1784808055.7790487,8,0.019100189208984375,0.002387523651123047,True
3,1458,1784808055.7989466,8,0.019788503646850586,0.0024735629558563232,True
3,1459,1784808055.8193023,8,0.020587682723999023,0.002573460340499878,True
3,1460,1784808055.8402832,8,0.018847942352294922,0.0023559927940368652,True
3,1461,1784808055.8595667,8,0.021349191665649414,0.0026686489582061768,True
3,1462,1784808055.8812401,8,0.02038097381591797,0.002547621726989746,True
3,1463,1784808055.9019625,8,0.01873612403869629,0.002342015504837036,True
3,1464,1784808055.9210598,8,0.0197598934173584,0.0024699866771698,True
3,1465,1784808055.941232,8,0.02069544792175293,0.002586930990219116,True
3,1466,1784808055.9622297,8,0.020661592483520508,0.0025826990604400635,True
3,1467,1784808055.9831774,8,0.019536972045898438,0.0024421215057373047,True
3,1468,1784808056.0031958,8,0.019443750381469727,0.002430468797683716,True
3,1469,1784808056.0229177,8,0.019533157348632812,0.0024416446685791016,True
3,1470,1784808056.0427341,8,0.01965498924255371,0.002456873655319214,True
3,1471,1784808056.062758,8,0.02018904685974121,0.0025236308574676514,True
3,1472,1784808056.0833685,8,0.02198624610900879,0.0027482807636260986,True
3,1473,1784808056.1056325,8,0.020488262176513672,0.002561032772064209,True
3,1474,1784808056.1264892,8,0.01958155632019043,0.0024476945400238037,True
3,1475,1784808056.146418,8,0.020329952239990234,0.0025412440299987793,True
3,1476,1784808056.1671429,8,0.019242048263549805,0.0024052560329437256,True
3,1477,1784808056.1867297,8,0.018442153930664062,0.002305269241333008,True
3,1478,1784808056.2054307,8,0.020325899124145508,0.0025407373905181885,True
3,1479,1784808056.2261424,8,0.019570350646972656,0.002446293830871582,True
3,1480,1784808056.246059,8,0.018730878829956055,0.002341359853744507,True
3,1481,1784808056.265199,8,0.020663738250732422,0.0025829672813415527,True
3,1482,1784808056.2862253,8,0.01961994171142578,0.0024524927139282227,True
3,1483,1784808056.3061364,8,0.02182936668395996,0.002728670835494995,True
3,1484,1784808056.328311,8,0.02117323875427246,0.0026466548442840576,True
3,1485,1784808056.3498402,8,0.018490314483642578,0.0023112893104553223,True
3,1486,1784808056.368642,8,0.01999664306640625,0.0024995803833007812,True
3,1487,1784808056.3889272,8,0.01951456069946289,0.0024393200874328613,True
3,1488,1784808056.4090824,8,0.020062685012817383,0.002507835626602173,True
3,1489,1784808056.4295514,8,0.022040843963623047,0.002755105495452881,True
3,1490,1784808056.452177,8,0.02119755744934082,0.0026496946811676025,True
3,1491,1784808056.4737744,8,0.019072771072387695,0.002384096384048462,True
3,1492,1784808056.493217,8,0.020296812057495117,0.0025371015071868896,True
3,1493,1784808056.5141668,8,0.02064800262451172,0.002581000328063965,True
3,1494,1784808056.535162,8,0.01995539665222168,0.00249442458152771,True
3,1495,1784808056.5556679,8,0.019776344299316406,0.0024720430374145508,True
3,1496,1784808056.5757651,8,0.022740840911865234,0.0028426051139831543,True
3,1497,1784808056.5989342,8,0.018742084503173828,0.0023427605628967285,True
3,1498,1784808056.6181493,8,0.02070474624633789,0.0025880932807922363,True
3,1499,1784808056.639169,8,0.019824981689453125,0.0024781227111816406,True
3,1500,1784808056.6592822,8,0.020054101943969727,0.002506762742996216,True
3,1501,1784808056.6796408,8,0.02091503143310547,0.0026143789291381836,True
3,1502,1784808056.7008035,8,0.020648479461669922,0.0025810599327087402,True
3,1503,1784808056.7217546,8,0.019433021545410156,0.0024291276931762695,True
3,1504,1784808056.741459,8,0.020840167999267578,0.0026050209999084473,True
3,1505,1784808056.7627277,8,0.01977252960205078,0.0024715662002563477,True
3,1506,1784808056.7828014,8,0.0218505859375,0.0027313232421875,True
3,1507,1784808056.8050425,8,0.02103710174560547,0.0026296377182006836,True
3,1508,1784808056.8263485,8,0.019321203231811523,0.0024151504039764404,True
3,1509,1784808056.8460193,8,0.019588232040405273,0.002448529005050659,True
3,1510,1784808056.865937,8,0.020518064498901367,0.002564758062362671,True
3,1511,1784808056.8867545,8,0.02131485939025879,0.0026643574237823486,True
3,1512,1784808056.908356,8,0.02107977867126465,0.002634972333908081,True
3,1513,1784808056.930297,8,0.018830299377441406,0.0023537874221801758,True
3,1514,1784808056.949477,8,0.021475791931152344,0.002684473991394043,True
3,1515,1784808056.9713688,8,0.020407676696777344,0.002550959587097168,True
3,1516,1784808056.9920924,8,0.018672704696655273,0.002334088087081909,True
3,1517,1784808057.011174,8,0.021389007568359375,0.002673625946044922,True
3,1518,1784808057.0329957,8,0.01891326904296875,0.0023641586303710938,True
3,1519,1784808057.0522006,8,0.019866943359375,0.002483367919921875,True
3,1520,1784808057.0724075,8,0.01903390884399414,0.0023792386054992676,True
3,1521,1784808057.0921977,8,0.019225358963012695,0.002403169870376587,True
3,1522,1784808057.1120179,8,0.020107030868530273,0.002513378858566284,True
3,1523,1784808057.1326041,8,0.018872499465942383,0.002359062433242798,True
3,1524,1784808057.151988,8,0.01707625389099121,0.0021345317363739014,True
3,1525,1784808057.1693501,8,0.02139735221862793,0.002674669027328491,True
3,1526,1784808057.191134,8,0.01946568489074707,0.002433210611343384,True
3,1527,1784808057.2110746,8,0.01987457275390625,0.0024843215942382812,True
3,1528,1784808057.2312658,8,0.019672632217407227,0.0024590790271759033,True
3,1529,1784808057.2518167,8,0.021348237991333008,0.002668529748916626,True
3,1530,1784808057.2735107,8,0.020377635955810547,0.0025472044944763184,True
3,1531,1784808057.2948787,8,0.018607139587402344,0.002325892448425293,True
3,1532,1784808057.313777,8,0.02299189567565918,0.0028739869594573975,True
3,1533,1784808057.3379104,8,0.019959211349487305,0.002494901418685913,True
3,1534,1784808057.3582907,8,0.020438194274902344,0.002554774284362793,True
3,1535,1784808057.3791895,8,0.019296884536743164,0.0024121105670928955,True
3,1536,1784808057.3987527,8,0.019281387329101562,0.0024101734161376953,True
3,1537,1784808057.4182765,8,0.02035999298095703,0.002544999122619629,True
3,1538,1784808057.4389179,8,0.019313573837280273,0.002414196729660034,True
3,1539,1784808057.4586444,8,0.022402286529541016,0.002800285816192627,True
3,1540,1784808057.4813464,8,0.020656824111938477,0.0025821030139923096,True
3,1541,1784808057.502348,8,0.020513534545898438,0.0025641918182373047,True
3,1542,1784808057.523251,8,0.020577430725097656,0.002572178840637207,True
3,1543,1784808057.5441277,8,0.018797636032104492,0.0023497045040130615,True
3,1544,1784808057.5632975,8,0.020821809768676758,0.0026027262210845947,True
3,1545,1784808057.584522,8,0.01793646812438965,0.002242058515548706,True
3,1546,1784808057.602752,8,0.021512508392333984,0.002689063549041748,True
3,1547,1784808057.6245744,8,0.019971847534179688,0.002496480941772461,True
3,1548,1784808057.644904,8,0.019747257232666016,0.002468407154083252,True
3,1549,1784808057.66505,8,0.020470142364501953,0.002558767795562744,True
3,1550,1784808057.6857975,8,0.020095348358154297,0.002511918544769287,True
3,1551,1784808057.7062495,8,0.02106499671936035,0.002633124589920044,True
3,1552,1784808057.7276375,8,0.019774436950683594,0.0024718046188354492,True
3,1553,1784808057.7477515,8,0.019781112670898438,0.0024726390838623047,True
3,1554,1784808057.7678034,8,0.019608020782470703,0.002451002597808838,True
3,1555,1784808057.7877905,8,0.021734952926635742,0.0027168691158294678,True
3,1556,1784808057.8097992,8,0.01946425437927246,0.0024330317974090576,True
3,1557,1784808057.8295193,8,0.021474838256835938,0.002684354782104492,True
3,1558,1784808057.8513732,8,0.019713163375854492,0.0024641454219818115,True
3,1559,1784808057.8714259,8,0.020749330520629883,0.0025936663150787354,True
3,1560,1784808057.89273,8,0.020438432693481445,0.0025548040866851807,True
3,1561,1784808057.9137545,8,0.018406391143798828,0.0023007988929748535,True
3,1562,1784808057.9324214,8,0.019444942474365234,0.0024306178092956543,True
3,1563,1784808057.9522023,8,0.020254850387573242,0.0025318562984466553,True
3,1564,1784808057.9729905,8,0.021001577377319336,0.002625197172164917,True
3,1565,1784808057.9943838,8,0.019426584243774414,0.0024283230304718018,True
3,1566,1784808058.0141237,8,0.02008223533630371,0.002510279417037964,True
3,1567,1784808058.0347767,8,0.02074408531188965,0.002593010663986206,True
3,1568,1784808058.0558772,8,0.017709732055664062,0.002213716506958008,True
3,1569,1784808058.0742028,8,0.019664525985717773,0.0024580657482147217,True
3,1570,1784808058.0943909,8,0.01799631118774414,0.0022495388984680176,True
3,1571,1784808058.1128023,8,0.01987743377685547,0.0024846792221069336,True
3,1572,1784808058.1330526,8,0.02027750015258789,0.0025346875190734863,True
3,1573,1784808058.1536305,8,0.020679473876953125,0.0025849342346191406,True
3,1574,1784808058.1746802,8,0.019144535064697266,0.002393066883087158,True
3,1575,1784808058.1941366,8,0.01981520652770996,0.002476900815963745,True
3,1576,1784808058.2142355,8,0.02041172981262207,0.002551466226577759,True
3,1577,1784808058.2351396,8,0.019865036010742188,0.0024831295013427734,True
3,1578,1784808058.255373,8,0.02057337760925293,0.002571672201156616,True
3,1579,1784808058.2763429,8,0.020315170288085938,0.002539396286010742,True
3,1580,1784808058.297133,8,0.019451379776000977,0.002431422472000122,True
3,1581,1784808058.3169951,8,0.021227598190307617,0.002653449773788452,True
3,1582,1784808058.3388476,8,0.02071690559387207,0.002589613199234009,True
3,1583,1784808058.3600135,8,0.022330284118652344,0.002791285514831543,True
3,1584,1784808058.3827693,8,0.020676612854003906,0.0025845766067504883,True
3,1585,1784808058.4037793,8,0.018949031829833984,0.002368628978729248,True
3,1586,1784808058.4230485,8,0.0195462703704834,0.002443283796310425,True
3,1587,1784808058.4429991,8,0.021299362182617188,0.0026624202728271484,True
3,1588,1784808058.4653256,8,0.01951289176940918,0.0024391114711761475,True
3,1589,1784808058.4853258,8,0.021084308624267578,0.0026355385780334473,True
3,1590,1784808058.506781,8,0.019298076629638672,0.002412259578704834,True
3,1591,1784808058.5264182,8,0.020409107208251953,0.002551138401031494,True
3,1592,1784808058.5474815,8,0.02048969268798828,0.002561211585998535,True
3,1593,1784808058.5684564,8,0.02014613151550293,0.002518266439437866,True
3,1594,1784808058.5891418,8,0.025673627853393555,0.0032092034816741943,True
3,1595,1784808058.6155,8,0.020940065383911133,0.0026175081729888916,True
3,1596,1784808058.6367378,8,0.02070331573486328,0.00258791446685791,True
3,1597,1784808058.6577208,8,0.021437883377075195,0.0026797354221343994,True
3,1598,1784808058.6797376,8,0.01851034164428711,0.0023137927055358887,True
3,1599,1784808058.698549,8,0.019156217575073242,0.0023945271968841553,True
3,1600,1784808058.7180967,8,0.022274255752563477,0.0027842819690704346,True
3,1601,1784808058.7406516,8,0.0207369327545166,0.002592116594314575,True
3,1602,1784808058.761727,8,0.02033400535583496,0.00254175066947937,True
3,1603,1784808058.7826989,8,0.021460533142089844,0.0026825666427612305,True
3,1604,1784808058.8046033,8,0.019973278045654297,0.002496659755706787,True
3,1605,1784808058.82548,8,0.019267559051513672,0.002408444881439209,True
3,1606,1784808058.8451855,8,0.019002199172973633,0.002375274896621704,True
3,1607,1784808058.8644571,8,0.02168130874633789,0.0027101635932922363,True
3,1608,1784808058.8864977,8,0.019544363021850586,0.0024430453777313232,True
3,1609,1784808058.9063969,8,0.01887798309326172,0.002359747886657715,True
3,1610,1784808058.9256225,8,0.02053046226501465,0.002566307783126831,True
3,1611,1784808058.9465349,8,0.019759416580200195,0.0024699270725250244,True
3,1612,1784808058.9666324,8,0.02138805389404297,0.002673506736755371,True
3,1613,1784808058.9883645,8,0.018796920776367188,0.0023496150970458984,True
3,1614,1784808059.0074346,8,0.020316600799560547,0.0025395750999450684,True
3,1615,1784808059.0281336,8,0.01966094970703125,0.0024576187133789062,True
3,1616,1784808059.0481627,8,0.019620418548583984,0.002452552318572998,True
3,1617,1784808059.0681775,8,0.019909143447875977,0.002488642930984497,True
3,1618,1784808059.0887928,8,0.021774768829345703,0.002721846103668213,True
3,1619,1784808059.110864,8,0.01943516731262207,0.002429395914077759,True
3,1620,1784808059.130599,8,0.02363443374633789,0.0029543042182922363,True
3,1621,1784808059.154653,8,0.017490625381469727,0.002186328172683716,True
3,1622,1784808059.173271,8,0.016034603118896484,0.0020043253898620605,True
3,1623,1784808059.1897402,8,0.019301891326904297,0.002412736415863037,True
3,1624,1784808059.2096949,8,0.020110130310058594,0.0025137662887573242,True
3,1625,1784808059.230244,8,0.019676685333251953,0.002459585666656494,True
3,1626,1784808059.2502313,8,0.01982569694519043,0.0024782121181488037,True
3,1627,1784808059.2704363,8,0.02097177505493164,0.002621471881866455,True
3,1628,1784808059.2917497,8,0.02024245262145996,0.002530306577682495,True
3,1629,1784808059.3124676,8,0.020487546920776367,0.002560943365097046,True
3,1630,1784808059.333522,8,0.01935744285583496,0.00241968035697937,True
3,1631,1784808059.3532188,8,0.02060103416442871,0.002575129270553589,True
3,1632,1784808059.3741124,8,0.0217740535736084,0.00272175669670105,True
3,1633,1784808059.3964913,8,0.018658876419067383,0.002332359552383423,True
3,1634,1784808059.4154632,8,0.019639015197753906,0.0024548768997192383,True
3,1635,1784808059.4355376,8,0.02029252052307129,0.002536565065383911,True
3,1636,1784808059.4562201,8,0.01958012580871582,0.0024475157260894775,True
3,1637,1784808059.4761376,8,0.01984095573425293,0.002480119466781616,True
3,1638,1784808059.496293,8,0.0209503173828125,0.0026187896728515625,True
3,1639,1784808059.5176108,8,0.02149510383605957,0.0026868879795074463,True
3,1640,1784808059.5394058,8,0.019886016845703125,0.0024857521057128906,True
3,1641,1784808059.559663,8,0.019593477249145508,0.0024491846561431885,True
3,1642,1784808059.5796287,8,0.021146297454833984,0.002643287181854248,True
3,1643,1784808059.6015446,8,0.019431352615356445,0.0024289190769195557,True
3,1644,1784808059.6214569,8,0.020784378051757812,0.0025980472564697266,True
3,1645,1784808059.6426501,8,0.020804405212402344,0.002600550651550293,True
3,1646,1784808059.6641788,8,0.01938796043395996,0.002423495054244995,True
3,1647,1784808059.6839871,8,0.022018909454345703,0.002752363681793213,True
3,1648,1784808059.7065506,8,0.018489837646484375,0.002311229705810547,True
3,1649,1784808059.7255251,8,0.020323514938354492,0.0025404393672943115,True
3,1650,1784808059.7462523,8,0.023182392120361328,0.002897799015045166,True
3,1651,1784808059.769862,8,0.020358800888061523,0.0025448501110076904,True
3,1652,1784808059.7913694,8,0.01816868782043457,0.0022710859775543213,True
3,1653,1784808059.810048,8,0.02066969871520996,0.002583712339401245,True
3,1654,1784808059.8312974,8,0.021433591842651367,0.002679198980331421,True
3,1655,1784808059.8532424,8,0.019617795944213867,0.0024522244930267334,True
3,1656,1784808059.8733358,8,0.02118968963623047,0.0026487112045288086,True
3,1657,1784808059.8948863,8,0.0214846134185791,0.0026855766773223877,True
3,1658,1784808059.9166687,8,0.01885700225830078,0.0023571252822875977,True
3,1659,1784808059.9360175,8,0.020035982131958008,0.002504497766494751,True
3,1660,1784808059.9563766,8,0.019614219665527344,0.002451777458190918,True
3,1661,1784808059.9763858,8,0.0192718505859375,0.0024089813232421875,True
3,1662,1784808059.9961085,8,0.020585298538208008,0.002573162317276001,True
3,1663,1784808060.0173726,8,0.020223617553710938,0.002527952194213867,True
3,1664,1784808060.0381606,8,0.019038915634155273,0.002379864454269409,True
3,1665,1784808060.0574908,8,0.020035743713378906,0.0025044679641723633,True
3,1666,1784808060.0778928,8,0.019257545471191406,0.0024071931838989258,True
3,1667,1784808060.0975766,8,0.020853757858276367,0.002606719732284546,True
3,1668,1784808060.118822,8,0.019392967224121094,0.0024241209030151367,True
3,1669,1784808060.1384854,8,0.0209043025970459,0.0026130378246307373,True
3,1670,1784808060.1597757,8,0.019977569580078125,0.0024971961975097656,True
3,1671,1784808060.180059,8,0.019876956939697266,0.002484619617462158,True
3,1672,1784808060.200451,8,0.01983165740966797,0.002478957176208496,True
3,1673,1784808060.221039,8,0.020469188690185547,0.0025586485862731934,True
3,1674,1784808060.2418504,8,0.01983332633972168,0.00247916579246521,True
3,1675,1784808060.261969,8,0.019985198974609375,0.002498149871826172,True
3,1676,1784808060.282493,8,0.020647525787353516,0.0025809407234191895,True
3,1677,1784808060.3035092,8,0.019565820693969727,0.002445727586746216,True
3,1678,1784808060.3234456,8,0.02176046371459961,0.002720057964324951,True
3,1679,1784808060.345547,8,0.020496845245361328,0.002562105655670166,True
3,1680,1784808060.3664997,8,0.018173694610595703,0.002271711826324463,True
3,1681,1784808060.3852112,8,0.02134394645690918,0.0026679933071136475,True
3,1682,1784808060.406897,8,0.01973581314086914,0.0024669766426086426,True
3,1683,1784808060.4269347,8,0.021446943283081055,0.002680867910385132,True
3,1684,1784808060.4486754,8,0.019827604293823242,0.0024784505367279053,True
3,1685,1784808060.4692478,8,0.020964622497558594,0.0026205778121948242,True
3,1686,1784808060.4906995,8,0.02013254165649414,0.0025165677070617676,True
3,1687,1784808060.5112526,8,0.01843571662902832,0.00230446457862854,True
3,1688,1784808060.5300772,8,0.019615888595581055,0.002451986074447632,True
3,1689,1784808060.5499692,8,0.019669294357299805,0.0024586617946624756,True
3,1690,1784808060.5700402,8,0.020686626434326172,0.0025858283042907715,True
3,1691,1784808060.591168,8,0.020601987838745117,0.0025752484798431396,True
3,1692,1784808060.6122632,8,0.021277427673339844,0.0026596784591674805,True
3,1693,1784808060.6343627,8,0.01952648162841797,0.002440810203552246,True
3,1694,1784808060.654242,8,0.02050924301147461,0.002563655376434326,True
3,1695,1784808060.675133,8,0.0186460018157959,0.0023307502269744873,True
3,1696,1784808060.6942587,8,0.0203094482421875,0.0025386810302734375,True
3,1697,1784808060.7149215,8,0.02083563804626465,0.002604454755783081,True
3,1698,1784808060.7367163,8,0.019160747528076172,0.0023950934410095215,True
3,1699,1784808060.756451,8,0.018961668014526367,0.002370208501815796,True
3,1700,1784808060.7758422,8,0.019558429718017578,0.0024448037147521973,True
3,1701,1784808060.7959857,8,0.021792888641357422,0.0027241110801696777,True
3,1702,1784808060.8180475,8,0.019075393676757812,0.0023844242095947266,True
3,1703,1784808060.837414,8,0.019921541213989258,0.0024901926517486572,True
3,1704,1784808060.8579361,8,0.020044803619384766,0.0025056004524230957,True
3,1705,1784808060.8784103,8,0.019746065139770508,0.0024682581424713135,True
3,1706,1784808060.8986397,8,0.0231173038482666,0.002889662981033325,True
3,1707,1784808060.922232,8,0.01904773712158203,0.002380967140197754,True
3,1708,1784808060.9418366,8,0.019704818725585938,0.002463102340698242,True
3,1709,1784808060.9620786,8,0.02004265785217285,0.0025053322315216064,True
3,1710,1784808060.9825523,8,0.02133321762084961,0.002666652202606201,True
3,1711,1784808061.0043366,8,0.02048325538635254,0.0025604069232940674,True
3,1712,1784808061.0256307,8,0.0204160213470459,0.0025520026683807373,True
3,1713,1784808061.046452,8,0.019624948501586914,0.0024531185626983643,True
3,1714,1784808061.0679793,8,0.019352436065673828,0.0024190545082092285,True
3,1715,1784808061.087729,8,0.021305322647094727,0.002663165330886841,True
3,1716,1784808061.10932,8,0.01861572265625,0.00232696533203125,True
3,1717,1784808061.128525,8,0.020092248916625977,0.002511531114578247,True
3,1718,1784808061.1490996,8,0.022446632385253906,0.0028058290481567383,True
3,1719,1784808061.1721797,8,0.018987178802490234,0.0023733973503112793,True
3,1720,1784808061.1915495,8,0.01966547966003418,0.0024581849575042725,True
3,1721,1784808061.211717,8,0.020659446716308594,0.0025824308395385742,True
3,1722,1784808061.233921,8,0.022498607635498047,0.002812325954437256,True
3,1723,1784808061.2573009,8,0.019989728927612305,0.002498716115951538,True
3,1724,1784808061.2777913,8,0.019113540649414062,0.002389192581176758,True
3,1725,1784808061.2975638,8,0.019887685775756836,0.0024859607219696045,True
3,1726,1784808061.318755,8,0.02074456214904785,0.0025930702686309814,True
3,1727,1784808061.3399644,8,0.019785642623901367,0.002473205327987671,True
3,1728,1784808061.3606963,8,0.02070021629333496,0.00258752703666687,True
3,1729,1784808061.3820922,8,0.02059149742126465,0.002573937177658081,True
3,1730,1784808061.4029744,8,0.019097089767456055,0.002387136220932007,True
3,1731,1784808061.4224408,8,0.018943309783935547,0.0023679137229919434,True
3,1732,1784808061.4417462,8,0.02062082290649414,0.0025776028633117676,True
3,1733,1784808061.4627757,8,0.02056741714477539,0.002570927143096924,True
3,1734,1784808061.4838443,8,0.019078731536865234,0.0023848414421081543,True
3,1735,1784808061.503301,8,0.01888108253479004,0.002360135316848755,True
3,1736,1784808061.5226097,8,0.022509098052978516,0.0028136372566223145,True
3,1737,1784808061.5455096,8,0.01967310905456543,0.0024591386318206787,True
3,1738,1784808061.5661669,8,0.020334482192993164,0.0025418102741241455,True
3,1739,1784808061.5869384,8,0.01865553855895996,0.002331942319869995,True
3,1740,1784808061.605992,8,0.01987624168395996,0.002484530210494995,True
3,1741,1784808061.6262012,8,0.01870894432067871,0.002338618040084839,True
3,1742,1784808061.6454005,8,0.021799802780151367,0.002724975347518921,True
3,1743,1784808061.6678963,8,0.02074456214904785,0.0025930702686309814,True
3,1744,1784808061.6890423,8,0.020641326904296875,0.0025801658630371094,True
3,1745,1784808061.7102087,8,0.01993274688720703,0.002491593360900879,True
3,1746,1784808061.7306411,8,0.020133495330810547,0.0025166869163513184,True
3,1747,1784808061.751491,8,0.020169734954833984,0.002521216869354248,True
3,1748,1784808061.7722886,8,0.023799419403076172,0.0029749274253845215,True
3,1749,1784808061.7973387,8,0.020001649856567383,0.002500206232070923,True
3,1750,1784808061.8179815,8,0.01994490623474121,0.0024931132793426514,True
3,1751,1784808061.8383648,8,0.0210726261138916,0.00263407826423645,True
3,1752,1784808061.859755,8,0.019825458526611328,0.002478182315826416,True
3,1753,1784808061.8798225,8,0.02125382423400879,0.0026567280292510986,True
3,1754,1784808061.9014425,8,0.0202789306640625,0.0025348663330078125,True
3,1755,1784808061.9221253,8,0.021469831466674805,0.0026837289333343506,True
3,1756,1784808061.9439766,8,0.021555423736572266,0.002694427967071533,True
3,1757,1784808061.9658844,8,0.02104043960571289,0.0026300549507141113,True
3,1758,1784808061.9872773,8,0.02206277847290039,0.002757847309112549,True
3,1759,1784808062.0095983,8,0.02010512351989746,0.0025131404399871826,True
3,1760,1784808062.0300193,8,0.021460771560668945,0.002682596445083618,True
3,1761,1784808062.0519125,8,0.020676612854003906,0.0025845766067504883,True
3,1762,1784808062.0731673,8,0.020447731018066406,0.0025559663772583008,True
3,1763,1784808062.0939326,8,0.018656015396118164,0.0023320019245147705,True
3,1764,1784808062.1129613,8,0.023461103439331055,0.002932637929916382,True
3,1765,1784808062.1366932,8,0.018474578857421875,0.0023093223571777344,True
3,1766,1784808062.1556373,8,0.021632909774780273,0.002704113721847534,True
3,1767,1784808062.1775482,8,0.019579410552978516,0.0024474263191223145,True
3,1768,1784808062.1975992,8,0.019135713577270508,0.0023919641971588135,True
3,1769,1784808062.217276,8,0.022565841674804688,0.002820730209350586,True
3,1770,1784808062.240337,8,0.020777463912963867,0.0025971829891204834,True
3,1771,1784808062.261485,8,0.018687009811401367,0.002335876226425171,True
3,1772,1784808062.2804475,8,0.02004694938659668,0.002505868673324585,True
3,1773,1784808062.300836,8,0.021466732025146484,0.0026833415031433105,True
3,1774,1784808062.32289,8,0.021934032440185547,0.0027417540550231934,True
3,1775,1784808062.3453002,8,0.02004694938659668,0.002505868673324585,True
3,1776,1784808062.3658094,8,0.02135944366455078,0.0026699304580688477,True
3,1777,1784808062.3876286,8,0.021497488021850586,0.0026871860027313232,True
3,1778,1784808062.4095001,8,0.020858049392700195,0.0026072561740875244,True
3,1779,1784808062.4308121,8,0.020872116088867188,0.0026090145111083984,True
3,1780,1784808062.4520917,8,0.020884037017822266,0.002610504627227783,True
3,1781,1784808062.4732764,8,0.020477294921875,0.002559661865234375,True
3,1782,1784808062.4940898,8,0.020783424377441406,0.0025979280471801758,True
3,1783,1784808062.515167,8,0.02094292640686035,0.002617865800857544,True
3,1784,1784808062.5366852,8,0.02029728889465332,0.002537161111831665,True
3,1785,1784808062.5573611,8,0.018765687942504883,0.0023457109928131104,True
3,1786,1784808062.5765665,8,0.020241260528564453,0.0025301575660705566,True
3,1787,1784808062.5971632,8,0.020022869110107422,0.0025028586387634277,True
3,1788,1784808062.6176376,8,0.019687652587890625,0.002460956573486328,True
3,1789,1784808062.6376817,8,0.020409822463989258,0.0025512278079986572,True
3,1790,1784808062.658385,8,0.019855260848999023,0.002481907606124878,True
3,1791,1784808062.678688,8,0.02116227149963379,0.0026452839374542236,True
3,1792,1784808062.7002006,8,0.021532058715820312,0.002691507339477539,True
3,1793,1784808062.7220697,8,0.021829843521118164,0.0027287304401397705,True
3,1794,1784808062.744337,8,0.02102971076965332,0.002628713846206665,True
3,1795,1784808062.7658658,8,0.019748449325561523,0.0024685561656951904,True
3,1796,1784808062.7860718,8,0.019090890884399414,0.0023863613605499268,True
3,1797,1784808062.8056087,8,0.019695043563842773,0.0024618804454803467,True
3,1798,1784808062.82558,8,0.02055954933166504,0.00256994366645813,True
3,1799,1784808062.8464246,8,0.02149510383605957,0.0026868879795074463,True
3,1800,1784808062.8682816,8,0.02125692367553711,0.0026571154594421387,True
3,1801,1784808062.8899605,8,0.02157878875732422,0.0026973485946655273,True
3,1802,1784808062.9121995,8,0.022837162017822266,0.002854645252227783,True
3,1803,1784808062.9360166,8,0.018838167190551758,0.0023547708988189697,True
3,1804,1784808062.9559767,8,0.023176193237304688,0.002897024154663086,True
3,1805,1784808062.979607,8,0.019850730895996094,0.0024813413619995117,True
3,1806,1784808063.0006955,8,0.020640850067138672,0.002580106258392334,True
3,1807,1784808063.0220687,8,0.020027637481689453,0.0025034546852111816,True
3,1808,1784808063.04241,8,0.019443035125732422,0.0024303793907165527,True
3,1809,1784808063.0622149,8,0.021443605422973633,0.002680450677871704,True
3,1810,1784808063.0840964,8,0.019724130630493164,0.0024655163288116455,True
3,1811,1784808063.1041145,8,0.019134521484375,0.002391815185546875,True
3,1812,1784808063.1235883,8,0.01979541778564453,0.0024744272232055664,True
3,1813,1784808063.1439161,8,0.01996636390686035,0.002495795488357544,True
3,1814,1784808063.1644852,8,0.020792484283447266,0.002599060535430908,True
3,1815,1784808063.1857617,8,0.019748926162719727,0.002468615770339966,True
3,1816,1784808063.2058148,8,0.020169496536254883,0.0025211870670318604,True
3,1817,1784808063.2264948,8,0.020884990692138672,0.002610623836517334,True
3,1818,1784808063.2477136,8,0.019147396087646484,0.0023934245109558105,True
3,1819,1784808063.2678149,8,0.02189803123474121,0.0027372539043426514,True
3,1820,1784808063.2905293,8,0.02498149871826172,0.003122687339782715,True
3,1821,1784808063.3163073,8,0.018116474151611328,0.002264559268951416,True
3,1822,1784808063.3348022,8,0.02075958251953125,0.0025949478149414062,True
3,1823,1784808063.3568008,8,0.02179861068725586,0.0027248263359069824,True
3,1824,1784808063.379092,8,0.01967000961303711,0.0024587512016296387,True
3,1825,1784808063.399073,8,0.02103424072265625,0.0026292800903320312,True
3,1826,1784808063.4205916,8,0.019398927688598633,0.002424865961074829,True
3,1827,1784808063.4402707,8,0.019928455352783203,0.0024910569190979004,True
3,1828,1784808063.460526,8,0.02232527732849121,0.0027906596660614014,True
3,1829,1784808063.48318,8,0.021254539489746094,0.0026568174362182617,True
3,1830,1784808063.5048685,8,0.02154541015625,0.00269317626953125,True
3,1831,1784808063.5267203,8,0.019542455673217773,0.0024428069591522217,True
3,1832,1784808063.5465775,8,0.019818782806396484,0.0024773478507995605,True
3,1833,1784808063.5667267,8,0.02109980583190918,0.0026374757289886475,True
3,1834,1784808063.588142,8,0.02079010009765625,0.0025987625122070312,True
3,1835,1784808063.6093907,8,0.02303910255432129,0.002879887819290161,True
3,1836,1784808063.632809,8,0.02071070671081543,0.0025888383388519287,True
3,1837,1784808063.6541922,8,0.020041227340698242,0.0025051534175872803,True
3,1838,1784808063.6748376,8,0.020766735076904297,0.002595841884613037,True
3,1839,1784808063.6963294,8,0.020200014114379883,0.0025250017642974854,True
3,1840,1784808063.7169135,8,0.02061009407043457,0.0025762617588043213,True
3,1841,1784808063.7390943,8,0.020109176635742188,0.0025136470794677734,True
3,1842,1784808063.7595823,8,0.020847558975219727,0.002605944871902466,True
3,1843,1784808063.7807577,8,0.01930522918701172,0.002413153648376465,True
3,1844,1784808063.8004844,8,0.018827199935913086,0.0023533999919891357,True
3,1845,1784808063.819681,8,0.01983022689819336,0.00247877836227417,True
3,1846,1784808063.8398433,8,0.02060842514038086,0.0025760531425476074,True
3,1847,1784808063.8608804,8,0.020871639251708984,0.002608954906463623,True
3,1848,1784808063.882069,8,0.0207672119140625,0.0025959014892578125,True
3,1849,1784808063.9039183,8,0.020096778869628906,0.0025120973587036133,True
3,1850,1784808063.9245934,8,0.01850128173828125,0.0023126602172851562,True
3,1851,1784808063.943647,8,0.01799154281616211,0.0022489428520202637,True
3,1852,1784808063.9619167,8,0.01966238021850586,0.0024577975273132324,True
3,1853,1784808063.982005,8,0.02057027816772461,0.002571284770965576,True
3,1854,1784808064.0029416,8,0.02189493179321289,0.0027368664741516113,True
3,1855,1784808064.0252488,8,0.0196683406829834,0.002458542585372925,True
3,1856,1784808064.0453124,8,0.02251720428466797,0.002814650535583496,True
3,1857,1784808064.0682843,8,0.020643949508666992,0.002580493688583374,True
3,1858,1784808064.0893474,8,0.020055055618286133,0.0025068819522857666,True
3,1859,1784808064.109852,8,0.019507646560668945,0.002438455820083618,True
3,1860,1784808064.129657,8,0.019761323928833008,0.002470165491104126,True
3,1861,1784808064.1497169,8,0.020040035247802734,0.002505004405975342,True
3,1862,1784808064.1701527,8,0.019690275192260742,0.0024612843990325928,True
3,1863,1784808064.1902077,8,0.023090600967407227,0.0028863251209259033,True
3,1864,1784808064.21357,8,0.02007579803466797,0.002509474754333496,True
3,1865,1784808064.2339323,8,0.02229166030883789,0.0027864575386047363,True
3,1866,1784808064.2565453,8,0.020628690719604492,0.0025785863399505615,True
3,1867,1784808064.2787638,8,0.022363662719726562,0.0027954578399658203,True
3,1868,1784808064.301589,8,0.02112579345703125,0.0026407241821289062,True
3,1869,1784808064.3237913,8,0.021388530731201172,0.0026735663414001465,True
3,1870,1784808064.345743,8,0.02202630043029785,0.0027532875537872314,True
3,1871,1784808064.369165,8,0.019022464752197266,0.002377808094024658,True
3,1872,1784808064.388648,8,0.019238710403442383,0.002404838800430298,True
3,1873,1784808064.4084144,8,0.0204620361328125,0.0025577545166015625,True
3,1874,1784808064.4291317,8,0.02033233642578125,0.0025415420532226562,True
3,1875,1784808064.4498034,8,0.020108938217163086,0.0025136172771453857,True
3,1876,1784808064.4702926,8,0.020122051239013672,0.002515256404876709,True
3,1877,1784808064.4907732,8,0.0229337215423584,0.0028667151927948,True
3,1878,1784808064.514133,8,0.02072310447692871,0.002590388059616089,True
3,1879,1784808064.5354843,8,0.020271778106689453,0.0025339722633361816,True
3,1880,1784808064.5561461,8,0.020048856735229492,0.0025061070919036865,True
3,1881,1784808064.5765905,8,0.020293712615966797,0.0025367140769958496,True
3,1882,1784808064.5971553,8,0.021398067474365234,0.0026747584342956543,True
3,1883,1784808064.6189585,8,0.020238876342773438,0.0025298595428466797,True
3,1884,1784808064.6395488,8,0.02010822296142578,0.0025135278701782227,True
3,1885,1784808064.6600573,8,0.021407604217529297,0.002675950527191162,True
3,1886,1784808064.6817496,8,0.018463134765625,0.002307891845703125,True
3,1887,1784808064.700556,8,0.020171165466308594,0.0025213956832885742,True
3,1888,1784808064.7213836,8,0.020766019821166992,0.002595752477645874,True
3,1889,1784808064.7433016,8,0.020028114318847656,0.002503514289855957,True
3,1890,1784808064.7637932,8,0.01946544647216797,0.002433180809020996,True
3,1891,1784808064.7835474,8,0.01926136016845703,0.002407670021057129,True
3,1892,1784808064.803177,8,0.021842241287231445,0.0027302801609039307,True
3,1893,1784808064.8253925,8,0.019985198974609375,0.002498149871826172,True
3,1894,1784808064.8456872,8,0.02150559425354004,0.002688199281692505,True
3,1895,1784808064.8676128,8,0.019730329513549805,0.0024662911891937256,True
3,1896,1784808064.8877964,8,0.020468711853027344,0.002558588981628418,True
3,1897,1784808064.9086843,8,0.018976449966430664,0.002372056245803833,True
3,1898,1784808064.9281387,8,0.02024102210998535,0.002530127763748169,True
3,1899,1784808064.9488597,8,0.019998788833618164,0.0024998486042022705,True
3,1900,1784808064.9692419,8,0.020306110382080078,0.0025382637977600098,True
3,1901,1784808064.9899187,8,0.021675586700439453,0.0027094483375549316,True
3,1902,1784808065.0119326,8,0.01951432228088379,0.0024392902851104736,True
3,1903,1784808065.0320685,8,0.022534847259521484,0.0028168559074401855,True
3,1904,1784808065.0559452,8,0.019608020782470703,0.002451002597808838,True
3,1905,1784808065.0759258,8,0.02160954475402832,0.00270119309425354,True
3,1906,1784808065.097998,8,0.020105600357055664,0.002513200044631958,True
3,1907,1784808065.1184056,8,0.020760297775268555,0.0025950372219085693,True
3,1908,1784808065.1395621,8,0.021599769592285156,0.0026999711990356445,True
3,1909,1784808065.1615071,8,0.020006895065307617,0.002500861883163452,True
3,1910,1784808065.1818852,8,0.0199892520904541,0.0024986565113067627,True
3,1911,1784808065.2025092,8,0.01930403709411621,0.0024130046367645264,True
3,1912,1784808065.222194,8,0.01963210105895996,0.002454012632369995,True
3,1913,1784808065.242195,8,0.020541667938232422,0.0025677084922790527,True
3,1914,1784808065.2633,8,0.019936561584472656,0.002492070198059082,True
3,1915,1784808065.2835784,8,0.02053380012512207,0.002566725015640259,True
3,1916,1784808065.3046048,8,0.02082681655883789,0.0026033520698547363,True
3,1917,1784808065.3258367,8,0.02097940444946289,0.0026224255561828613,True
3,1918,1784808065.3472047,8,0.02111673355102539,0.002639591693878174,True
3,1919,1784808065.3687422,8,0.01992487907409668,0.002490609884262085,True
3,1920,1784808065.3890476,8,0.020058393478393555,0.0025072991847991943,True
3,1921,1784808065.4094517,8,0.020900249481201172,0.0026125311851501465,True
3,1922,1784808065.4308999,8,0.01923847198486328,0.00240480899810791,True
3,1923,1784808065.450456,8,0.02194046974182129,0.002742558717727661,True
3,1924,1784808065.4727242,8,0.020161867141723633,0.002520233392715454,True
3,1925,1784808065.4932468,8,0.02065300941467285,0.0025816261768341064,True
3,1926,1784808065.5142784,8,0.02028942108154297,0.002536177635192871,True
3,1927,1784808065.534864,8,0.01956629753112793,0.002445787191390991,True
3,1928,1784808065.554895,8,0.019024133682250977,0.002378016710281372,True
3,1929,1784808065.5745263,8,0.019777774810791016,0.002472221851348877,True
3,1930,1784808065.5946794,8,0.022335529327392578,0.0027919411659240723,True
3,1931,1784808065.6174548,8,0.019857168197631836,0.0024821460247039795,True
3,1932,1784808065.6376865,8,0.023117780685424805,0.0028897225856781006,True
3,1933,1784808065.6617014,8,0.020022869110107422,0.0025028586387634277,True
3,1934,1784808065.6821632,8,0.02039933204650879,0.0025499165058135986,True
3,1935,1784808065.7029421,8,0.021210670471191406,0.0026513338088989258,True
3,1936,1784808065.7245722,8,0.021061182022094727,0.002632647752761841,True
3,1937,1784808065.7461672,8,0.01997828483581543,0.0024972856044769287,True
3,1938,1784808065.7664802,8,0.01905965805053711,0.0023824572563171387,True
3,1939,1784808065.7857957,8,0.019722700119018555,0.0024653375148773193,True
3,1940,1784808065.8059676,8,0.021345138549804688,0.002668142318725586,True
3,1941,1784808065.8276534,8,0.018064260482788086,0.0022580325603485107,True
3,1942,1784808065.846045,8,0.02012038230895996,0.002515047788619995,True
3,1943,1784808065.8676512,8,0.020105600357055664,0.002513200044631958,True
3,1944,1784808065.8896801,8,0.020982980728149414,0.0026228725910186768,True
3,1945,1784808065.9111328,8,0.019646406173706055,0.002455800771713257,True
3,1946,1784808065.931352,8,0.020305871963500977,0.002538233995437622,True
3,1947,1784808065.9520535,8,0.020560026168823242,0.0025700032711029053,True
3,1948,1784808065.9729629,8,0.021181583404541016,0.002647697925567627,True
3,1949,1784808065.99446,8,0.019974231719970703,0.002496778964996338,True
3,1950,1784808066.0148544,8,0.020002365112304688,0.002500295639038086,True
3,1951,1784808066.035177,8,0.020424842834472656,0.002553105354309082,True
3,1952,1784808066.0559454,8,0.0207064151763916,0.00258830189704895,True
3,1953,1784808066.0769875,8,0.020374059677124023,0.002546757459640503,True
3,1954,1784808066.0978613,8,0.021036863327026367,0.002629607915878296,True
3,1955,1784808066.1193154,8,0.022751808166503906,0.0028439760208129883,True
3,1956,1784808066.142353,8,0.021545886993408203,0.0026932358741760254,True
3,1957,1784808066.164319,8,0.019504785537719727,0.002438098192214966,True
3,1958,1784808066.1841242,8,0.022042036056518555,0.0027552545070648193,True
3,1959,1784808066.2065747,8,0.020674467086791992,0.002584308385848999,True
3,1960,1784808066.2276263,8,0.021461009979248047,0.002682626247406006,True
3,1961,1784808066.2495065,8,0.019152402877807617,0.002394050359725952,True
3,1962,1784808066.2691267,8,0.02134418487548828,0.002668023109436035,True
3,1963,1784808066.2921288,8,0.020128965377807617,0.002516120672225952,True
3,1964,1784808066.3126075,8,0.02077770233154297,0.002597212791442871,True
3,1965,1784808066.3337293,8,0.019402265548706055,0.002425283193588257,True
3,1966,1784808066.3534803,8,0.020760536193847656,0.002595067024230957,True
3,1967,1784808066.3745492,8,0.01975107192993164,0.002468883991241455,True
3,1968,1784808066.3947413,8,0.02158665657043457,0.0026983320713043213,True
3,1969,1784808066.4171298,8,0.018419265747070312,0.002302408218383789,True
3,1970,1784808066.436016,8,0.02039504051208496,0.00254938006401062,True
3,1971,1784808066.4568086,8,0.020162105560302734,0.002520263195037842,True
3,1972,1784808066.4773679,8,0.020554065704345703,0.002569258213043213,True
3,1973,1784808066.4982965,8,0.0214083194732666,0.002676039934158325,True
3,1974,1784808066.5202415,8,0.02000713348388672,0.00250089168548584,True
3,1975,1784808066.5406134,8,0.020581960678100586,0.0025727450847625732,True
3,1976,1784808066.5614426,8,0.020779132843017578,0.0025973916053771973,True
3,1977,1784808066.5825095,8,0.02043294906616211,0.0025541186332702637,True
3,1978,1784808066.603432,8,0.02147960662841797,0.002684950828552246,True
3,1979,1784808066.6256456,8,0.020103931427001953,0.002512991428375244,True
3,1980,1784808066.6460907,8,0.01949143409729004,0.002436429262161255,True
3,1981,1784808066.6659558,8,0.019860267639160156,0.0024825334548950195,True
3,1982,1784808066.6868017,8,0.020390748977661133,0.0025488436222076416,True
3,1983,1784808066.7075284,8,0.0202028751373291,0.0025253593921661377,True
3,1984,1784808066.7280061,8,0.020514249801635742,0.0025642812252044678,True
3,1985,1784808066.7490304,8,0.020015716552734375,0.002501964569091797,True
3,1986,1784808066.7693768,8,0.021384239196777344,0.002673029899597168,True
3,1987,1784808066.791149,8,0.020367145538330078,0.0025458931922912598,True
3,1988,1784808066.8118205,8,0.021977901458740234,0.0027472376823425293,True
3,1989,1784808066.8342288,8,0.019899606704711914,0.0024874508380889893,True
3,1990,1784808066.8544254,8,0.022163867950439453,0.0027704834938049316,True
3,1991,1784808066.876861,8,0.021092891693115234,0.0026366114616394043,True
3,1992,1784808066.898713,8,0.021968841552734375,0.002746105194091797,True
3,1993,1784808066.9215653,8,0.020543813705444336,0.002567976713180542,True
3,1994,1784808066.9424226,8,0.02119588851928711,0.0026494860649108887,True
3,1995,1784808066.964058,8,0.020343303680419922,0.0025429129600524902,True
3,1996,1784808066.9848292,8,0.019942760467529297,0.002492845058441162,True
3,1997,1784808067.0053442,8,0.019551515579223633,0.002443939447402954,True
3,1998,1784808067.025618,8,0.020143747329711914,0.0025179684162139893,True
3,1999,1784808067.0462275,8,0.0202786922454834,0.002534836530685425,True
3,2000,1784808067.0670667,8,0.021345853805541992,0.002668231725692749,True
3,2001,1784808067.0888379,8,0.021158218383789062,0.002644777297973633,True
3,2002,1784808067.1111538,8,0.020956993103027344,0.002619624137878418,True
3,2003,1784808067.132527,8,0.022730588912963867,0.0028413236141204834,True
3,2004,1784808067.1558063,8,0.018650531768798828,0.0023313164710998535,True
3,2005,1784808067.1749103,8,0.02129650115966797,0.002662062644958496,True
3,2006,1784808067.1974983,8,0.02003335952758789,0.0025041699409484863,True
3,2007,1784808067.2181864,8,0.020716190338134766,0.0025895237922668457,True
3,2008,1784808067.2393322,8,0.019365549087524414,0.0024206936359405518,True
3,2009,1784808067.2591007,8,0.019340991973876953,0.002417623996734619,True
3,2010,1784808067.2792013,8,0.02001643180847168,0.00250205397605896,True
3,2011,1784808067.2995586,8,0.021280527114868164,0.0026600658893585205,True
3,2012,1784808067.3214424,8,0.019441604614257812,0.0024302005767822266,True
3,2013,1784808067.3419564,8,0.022839784622192383,0.002854973077774048,True
3,2014,1784808067.3655345,8,0.020722389221191406,0.0025902986526489258,True
3,2015,1784808067.3870046,8,0.019371747970581055,0.002421468496322632,True
3,2016,1784808067.4068081,8,0.020661592483520508,0.0025826990604400635,True
3,2017,1784808067.427829,8,0.025693178176879883,0.0032116472721099854,True
3,2018,1784808067.4538257,8,0.02117776870727539,0.002647221088409424,True
3,2019,1784808067.4755087,8,0.019963979721069336,0.002495497465133667,True
3,2020,1784808067.4958389,8,0.02059197425842285,0.0025739967823028564,True
3,2021,1784808067.5167682,8,0.021001815795898438,0.0026252269744873047,True
3,2022,1784808067.5381427,8,0.020778179168701172,0.0025972723960876465,True
3,2023,1784808067.5592866,8,0.01867842674255371,0.002334803342819214,True
3,2024,1784808067.5782967,8,0.020622730255126953,0.002577841281890869,True
3,2025,1784808067.5994565,8,0.020383119583129883,0.0025478899478912354,True
3,2026,1784808067.6202784,8,0.02039337158203125,0.0025491714477539062,True
3,2027,1784808067.6409786,8,0.019406795501708984,0.002425849437713623,True
3,2028,1784808067.660707,8,0.019873857498168945,0.002484232187271118,True
3,2029,1784808067.6809285,8,0.02204585075378418,0.0027557313442230225,True
3,2030,1784808067.7033298,8,0.02108907699584961,0.002636134624481201,True
3,2031,1784808067.7247772,8,0.022132396697998047,0.002766549587249756,True
3,2032,1784808067.7472804,8,0.019201993942260742,0.0024002492427825928,True
3,2033,1784808067.7668083,8,0.021192312240600586,0.0026490390300750732,True
3,2034,1784808067.7884047,8,0.02038121223449707,0.002547651529312134,True
3,2035,1784808067.8091793,8,0.021741867065429688,0.002717733383178711,True
3,2036,1784808067.831249,8,0.021383047103881836,0.0026728808879852295,True
3,2037,1784808067.8529801,8,0.01959228515625,0.00244903564453125,True
3,2038,1784808067.8730614,8,0.019711971282958984,0.002463996410369873,True
3,2039,1784808067.893186,8,0.019928693771362305,0.002491086721420288,True
3,2040,1784808067.9134746,8,0.022176265716552734,0.002772033214569092,True
3,2041,1784808067.93611,8,0.02213430404663086,0.0027667880058288574,True
3,2042,1784808067.9585972,8,0.019955158233642578,0.0024943947792053223,True
3,2043,1784808067.9788735,8,0.02022862434387207,0.002528578042984009,True
3,2044,1784808067.9994247,8,0.02052450180053711,0.0025655627250671387,True
3,2045,1784808068.0208418,8,0.020568132400512695,0.002571016550064087,True
3,2046,1784808068.0416713,8,0.023609399795532227,0.0029511749744415283,True
3,2047,1784808068.0655801,8,0.020540237426757812,0.0025675296783447266,True
3,2048,1784808068.0864918,8,0.02063131332397461,0.002578914165496826,True
3,2049,1784808068.10747,8,0.019819021224975586,0.0024773776531219482,True
3,2050,1784808068.1276424,8,0.02177286148071289,0.0027216076850891113,True
3,2051,1784808068.149769,8,0.021091699600219727,0.002636462450027466,True
3,2052,1784808068.171728,8,0.019219398498535156,0.0024024248123168945,True
3,2053,1784808068.1913254,8,0.020466089248657227,0.0025582611560821533,True
3,2054,1784808068.2121925,8,0.020926713943481445,0.0026158392429351807,True
3,2055,1784808068.233516,8,0.022681236267089844,0.0028351545333862305,True
3,2056,1784808068.25708,8,0.01969289779663086,0.0024616122245788574,True
3,2057,1784808068.2771802,8,0.0193026065826416,0.0024128258228302,True
3,2058,1784808068.2967832,8,0.02082347869873047,0.0026029348373413086,True
3,2059,1784808068.317924,8,0.021613359451293945,0.002701669931411743,True
3,2060,1784808068.3401403,8,0.020008563995361328,0.002501070499420166,True
3,2061,1784808068.3605003,8,0.020496845245361328,0.002562105655670166,True
3,2062,1784808068.3813546,8,0.01954793930053711,0.0024434924125671387,True
3,2063,1784808068.4012723,8,0.018748044967651367,0.002343505620956421,True
3,2064,1784808068.4203672,8,0.020923614501953125,0.0026154518127441406,True
3,2065,1784808068.4416537,8,0.01936483383178711,0.0024206042289733887,True
3,2066,1784808068.461768,8,0.02068471908569336,0.00258558988571167,True
3,2067,1784808068.48285,8,0.019378662109375,0.002422332763671875,True
3,2068,1784808068.5026145,8,0.02103447914123535,0.002629309892654419,True
3,2069,1784808068.5251517,8,0.01947951316833496,0.00243493914604187,True
3,2070,1784808068.545664,8,0.020650386810302734,0.002581298351287842,True
3,2071,1784808068.5668278,8,0.020833253860473633,0.002604156732559204,True
3,2072,1784808068.5880742,8,0.019679546356201172,0.0024599432945251465,True
3,2073,1784808068.6082652,8,0.020803451538085938,0.002600431442260742,True
3,2074,1784808068.630133,8,0.0205538272857666,0.002569228410720825,True
3,2075,1784808068.6510544,8,0.02103137969970703,0.002628922462463379,True
3,2076,1784808068.6723697,8,0.01990962028503418,0.0024887025356292725,True
3,2077,1784808068.6927736,8,0.0188751220703125,0.0023593902587890625,True
3,2078,1784808068.7122478,8,0.019917726516723633,0.002489715814590454,True
3,2079,1784808068.732555,8,0.023705720901489258,0.0029632151126861572,True
3,2080,1784808068.7570794,8,0.020367145538330078,0.0025458931922912598,True
3,2081,1784808068.7777474,8,0.02047443389892578,0.0025593042373657227,True
3,2082,1784808068.7985952,8,0.020597219467163086,0.0025746524333953857,True
3,2083,1784808068.8196657,8,0.0208282470703125,0.0026035308837890625,True
3,2084,1784808068.8408852,8,0.02058243751525879,0.0025728046894073486,True
3,2085,1784808068.8620145,8,0.020589351654052734,0.002573668956756592,True
3,2086,1784808068.88301,8,0.01979804039001465,0.002474755048751831,True
3,2087,1784808068.9032269,8,0.01918959617614746,0.0023986995220184326,True
3,2088,1784808068.9227548,8,0.021025419235229492,0.0026281774044036865,True
3,2089,1784808068.9440794,8,0.020323514938354492,0.0025404393672943115,True
3,2090,1784808068.9649577,8,0.020245075225830078,0.0025306344032287598,True
3,2091,1784808068.9857526,8,0.01988959312438965,0.002486199140548706,True
3,2092,1784808069.0060036,8,0.020795583724975586,0.0025994479656219482,True
3,2093,1784808069.0276039,8,0.01900506019592285,0.0023756325244903564,True
3,2094,1784808069.0472379,8,0.019660234451293945,0.002457529306411743,True
3,2095,1784808069.067426,8,0.019820451736450195,0.0024775564670562744,True
3,2096,1784808069.0876262,8,0.02109980583190918,0.0026374757289886475,True
3,2097,1784808069.1091113,8,0.022449970245361328,0.002806246280670166,True
3,2098,1784808069.1319454,8,0.020642518997192383,0.002580314874649048,True
3,2099,1784808069.153017,8,0.021697044372558594,0.0027121305465698242,True
3,2100,1784808069.1750734,8,0.02105259895324707,0.002631574869155884,True
3,2101,1784808069.1964386,8,0.021626710891723633,0.002703338861465454,True
3,2102,1784808069.2184618,8,0.019780874252319336,0.002472609281539917,True
3,2103,1784808069.2385633,8,0.019414663314819336,0.002426832914352417,True
3,2104,1784808069.2583582,8,0.019415855407714844,0.0024269819259643555,True
3,2105,1784808069.278265,8,0.019091129302978516,0.0023863911628723145,True
3,2106,1784808069.2977595,8,0.019420623779296875,0.0024275779724121094,True
3,2107,1784808069.317583,8,0.01979660987854004,0.002474576234817505,True
3,2108,1784808069.3377988,8,0.020602941513061523,0.0025753676891326904,True
3,2109,1784808069.35872,8,0.0188443660736084,0.00235554575920105,True
3,2110,1784808069.3780131,8,0.021977663040161133,0.0027472078800201416,True
3,2111,1784808069.4007506,8,0.020762920379638672,0.002595365047454834,True
3,2112,1784808069.4218087,8,0.020496845245361328,0.002562105655670166,True
3,2113,1784808069.4426837,8,0.019489049911499023,0.002436131238937378,True
3,2114,1784808069.4626284,8,0.020640134811401367,0.002580016851425171,True
3,2115,1784808069.4835799,8,0.020168781280517578,0.0025210976600646973,True
3,2116,1784808069.504878,8,0.020656585693359375,0.002582073211669922,True
3,2117,1784808069.5259879,8,0.020481348037719727,0.002560168504714966,True
3,2118,1784808069.5468826,8,0.020700693130493164,0.0025875866413116455,True
3,2119,1784808069.569037,8,0.0210723876953125,0.0026340484619140625,True
3,2120,1784808069.5905454,8,0.021076679229736328,0.002634584903717041,True
3,2121,1784808069.612175,8,0.0210723876953125,0.0026340484619140625,True
3,2122,1784808069.6337562,8,0.01986861228942871,0.002483576536178589,True
3,2123,1784808069.6539674,8,0.019203901290893555,0.0024004876613616943,True
3,2124,1784808069.6735344,8,0.02055954933166504,0.00256994366645813,True
3,2125,1784808069.6945038,8,0.020879268646240234,0.0026099085807800293,True
3,2126,1784808069.715771,8,0.020287752151489258,0.0025359690189361572,True
3,2127,1784808069.736484,8,0.021702289581298828,0.0027127861976623535,True
3,2128,1784808069.7585213,8,0.02339959144592285,0.0029249489307403564,True
3,2129,1784808069.7824311,8,0.02045464515686035,0.002556830644607544,True
3,2130,1784808069.8034492,8,0.01979851722717285,0.0024748146533966064,True
3,2131,1784808069.8237517,8,0.01954197883605957,0.0024427473545074463,True
3,2132,1784808069.843608,8,0.020174503326416016,0.002521812915802002,True
3,2133,1784808069.8642352,8,0.020736217498779297,0.002592027187347412,True
3,2134,1784808069.885572,8,0.020871400833129883,0.0026089251041412354,True
3,2135,1784808069.906887,8,0.01937389373779297,0.002421736717224121,True
3,2136,1784808069.92673,8,0.019449949264526367,0.002431243658065796,True
3,2137,1784808069.9464781,8,0.020599842071533203,0.0025749802589416504,True
3,2138,1784808069.9674184,8,0.023734569549560547,0.0029668211936950684,True
3,2139,1784808069.9915252,8,0.020420312881469727,0.002552539110183716,True
3,2140,1784808070.0122664,8,0.02126932144165039,0.002658665180206299,True
3,2141,1784808070.034421,8,0.019174575805664062,0.002396821975708008,True
3,2142,1784808070.054,8,0.020683765411376953,0.002585470676422119,True
3,2143,1784808070.0752814,8,0.018999576568603516,0.0023749470710754395,True
3,2144,1784808070.094611,8,0.0199587345123291,0.0024948418140411377,True
3,2145,1784808070.1148658,8,0.02093052864074707,0.002616316080093384,True
3,2146,1784808070.1361847,8,0.020233869552612305,0.002529233694076538,True
3,2147,1784808070.1567736,8,0.020549774169921875,0.0025687217712402344,True
3,2148,1784808070.1778083,8,0.02027726173400879,0.0025346577167510986,True
3,2149,1784808070.1984534,8,0.01987314224243164,0.002484142780303955,True
3,2150,1784808070.2187605,8,0.020632505416870117,0.0025790631771087646,True
3,2151,1784808070.2398288,8,0.02090597152709961,0.002613246440887451,True
3,2152,1784808070.2610967,8,0.0201873779296875,0.0025234222412109375,True
3,2153,1784808070.2816343,8,0.02223038673400879,0.0027787983417510986,True
3,2154,1784808070.304288,8,0.01820969581604004,0.002276211977005005,True
3,2155,1784808070.3229814,8,0.02179408073425293,0.002724260091781616,True
3,2156,1784808070.3451536,8,0.02016592025756836,0.002520740032196045,True
3,2157,1784808070.3656955,8,0.02105855941772461,0.002632319927215576,True
3,2158,1784808070.3871655,8,0.019264936447143555,0.0024081170558929443,True
3,2159,1784808070.4067035,8,0.02146291732788086,0.0026828646659851074,True
3,2160,1784808070.4284534,8,0.021525859832763672,0.002690732479095459,True
3,2161,1784808070.4502661,8,0.01999974250793457,0.0024999678134918213,True
3,2162,1784808070.4706779,8,0.021101951599121094,0.0026377439498901367,True
3,2163,1784808070.492087,8,0.020123958587646484,0.0025154948234558105,True
3,2164,1784808070.512892,8,0.01981496810913086,0.0024768710136413574,True
3,2165,1784808070.5331376,8,0.019948482513427734,0.002493560314178467,True
3,2166,1784808070.5534384,8,0.020237445831298828,0.0025296807289123535,True
3,2167,1784808070.574079,8,0.02080559730529785,0.0026006996631622314,True
3,2168,1784808070.595281,8,0.02019333839416504,0.00252416729927063,True
3,2169,1784808070.6158574,8,0.02066326141357422,0.0025829076766967773,True
3,2170,1784808070.6369836,8,0.02113485336303711,0.0026418566703796387,True
3,2171,1784808070.6586478,8,0.020266056060791016,0.002533257007598877,True
3,2172,1784808070.6814249,8,0.01844477653503418,0.0023055970668792725,True
3,2173,1784808070.7002053,8,0.02293872833251953,0.0028673410415649414,True
3,2174,1784808070.723482,8,0.01883840560913086,0.0023548007011413574,True
3,2175,1784808070.7426596,8,0.020279884338378906,0.0025349855422973633,True
3,2176,1784808070.7633314,8,0.021306753158569336,0.002663344144821167,True
3,2177,1784808070.7849038,8,0.023452281951904297,0.002931535243988037,True
3,2178,1784808070.8086197,8,0.020699739456176758,0.0025874674320220947,True
3,2179,1784808070.8296802,8,0.02053093910217285,0.0025663673877716064,True
3,2180,1784808070.8506362,8,0.018854141235351562,0.0023567676544189453,True
3,2181,1784808070.86992,8,0.019952058792114258,0.0024940073490142822,True
3,2182,1784808070.8904269,8,0.020785093307495117,0.0025981366634368896,True
3,2183,1784808070.9115355,8,0.02014017105102539,0.002517521381378174,True
3,2184,1784808070.9322891,8,0.023029088973999023,0.002878636121749878,True
3,2185,1784808070.9557605,8,0.019124269485473633,0.002390533685684204,True
3,2186,1784808070.9752624,8,0.021140098571777344,0.002642512321472168,True
3,2187,1784808070.9967222,8,0.020470380783081055,0.002558797597885132,True
3,2188,1784808071.017478,8,0.02014780044555664,0.00251847505569458,True
3,2189,1784808071.0380604,8,0.021442890167236328,0.002680361270904541,True
3,2190,1784808071.0606031,8,0.02021646499633789,0.0025270581245422363,True
3,2191,1784808071.0812278,8,0.020020484924316406,0.0025025606155395508,True
3,2192,1784808071.1017013,8,0.02050948143005371,0.002563685178756714,True
3,2193,1784808071.122902,8,0.02013683319091797,0.002517104148864746,True
3,2194,1784808071.1436121,8,0.020033597946166992,0.002504199743270874,True
3,2195,1784808071.1641507,8,0.018981218338012695,0.002372652292251587,True
3,2196,1784808071.1834784,8,0.02035808563232422,0.0025447607040405273,True
3,2197,1784808071.204254,8,0.021686792373657227,0.0027108490467071533,True
3,2198,1784808071.2262912,8,0.019631624221801758,0.0024539530277252197,True
3,2199,1784808071.2462397,8,0.01970052719116211,0.0024625658988952637,True
3,2200,1784808071.2662804,8,0.02039051055908203,0.002548813819885254,True
3,2201,1784808071.2869923,8,0.019945383071899414,0.0024931728839874268,True
3,2202,1784808071.3073423,8,0.020552396774291992,0.002569049596786499,True
3,2203,1784808071.3282726,8,0.020104169845581055,0.002513021230697632,True
3,2204,1784808071.3487377,8,0.020634174346923828,0.0025792717933654785,True
3,2205,1784808071.3698704,8,0.020017147064208984,0.002502143383026123,True
3,2206,1784808071.3902397,8,0.02003312110900879,0.0025041401386260986,True
3,2207,1784808071.4106033,8,0.020318984985351562,0.0025398731231689453,True
3,2208,1784808071.431331,8,0.018561363220214844,0.0023201704025268555,True
3,2209,1784808071.4504182,8,0.01978778839111328,0.00247347354888916,True
3,2210,1784808071.470677,8,0.0214536190032959,0.0026817023754119873,True
3,2211,1784808071.4925468,8,0.018187284469604492,0.0022734105587005615,True
3,2212,1784808071.5115044,8,0.020473480224609375,0.002559185028076172,True
3,2213,1784808071.5327048,8,0.020381450653076172,0.0025476813316345215,True
3,2214,1784808071.5534012,8,0.023328781127929688,0.002916097640991211,True
3,2215,1784808071.577385,8,0.019428730010986328,0.002428591251373291,True
3,2216,1784808071.5972695,8,0.02068471908569336,0.00258558988571167,True
3,2217,1784808071.6182752,8,0.01995372772216797,0.002494215965270996,True
3,2218,1784808071.6385148,8,0.0200347900390625,0.0025043487548828125,True
3,2219,1784808071.6588445,8,0.02166891098022461,0.002708613872528076,True
3,2220,1784808071.6807795,8,0.020192384719848633,0.002524048089981079,True
3,2221,1784808071.701365,8,0.02162480354309082,0.0027031004428863525,True
3,2222,1784808071.7237413,8,0.024967670440673828,0.0031209588050842285,True
3,2223,1784808071.7489421,8,0.019993305206298828,0.0024991631507873535,True
3,2224,1784808071.769314,8,0.020891904830932617,0.002611488103866577,True
3,2225,1784808071.7906876,8,0.021458148956298828,0.0026822686195373535,True
3,2226,1784808071.8124142,8,0.02026081085205078,0.0025326013565063477,True
3,2227,1784808071.8329654,8,0.019624710083007812,0.0024530887603759766,True
3,2228,1784808071.8529854,8,0.021697044372558594,0.0027121305465698242,True
3,2229,1784808071.874992,8,0.020096778869628906,0.0025120973587036133,True
3,2230,1784808071.895758,8,0.019408464431762695,0.002426058053970337,True
3,2231,1784808071.9155548,8,0.020325899124145508,0.0025407373905181885,True
3,2232,1784808071.9361563,8,0.021087646484375,0.002635955810546875,True
3,2233,1784808071.9584222,8,0.01957106590270996,0.002446383237838745,True
3,2234,1784808071.9783633,8,0.021991968154907227,0.0027489960193634033,True
3,2235,1784808072.0006967,8,0.021402597427368164,0.0026753246784210205,True
3,2236,1784808072.022502,8,0.020843029022216797,0.0026053786277770996,True
3,2237,1784808072.0437706,8,0.018818140029907227,0.0023522675037384033,True
3,2238,1784808072.0639467,8,0.01987147331237793,0.002483934164047241,True
3,2239,1784808072.084176,8,0.02169966697692871,0.002712458372116089,True
3,2240,1784808072.1064062,8,0.021233320236206055,0.002654165029525757,True
3,2241,1784808072.1280143,8,0.021246671676635742,0.0026558339595794678,True
3,2242,1784808072.1500025,8,0.018503189086914062,0.002312898635864258,True
3,2243,1784808072.1688738,8,0.02022528648376465,0.002528160810470581,True
3,2244,1784808072.1893747,8,0.020885944366455078,0.0026107430458068848,True
3,2245,1784808072.2106662,8,0.019713163375854492,0.0024641454219818115,True
3,2246,1784808072.2306628,8,0.020267248153686523,0.0025334060192108154,True
3,2247,1784808072.251299,8,0.0201113224029541,0.0025139153003692627,True
3,2248,1784808072.2719417,8,0.02093029022216797,0.002616286277770996,True
3,2249,1784808072.293291,8,0.021449565887451172,0.0026811957359313965,True
3,2250,1784808072.3151557,8,0.018842697143554688,0.002355337142944336,True
3,2251,1784808072.3344796,8,0.019701004028320312,0.002462625503540039,True
3,2252,1784808072.3545642,8,0.01965188980102539,0.002456486225128174,True
3,2253,1784808072.3745785,8,0.019166231155395508,0.0023957788944244385,True
3,2254,1784808072.3940794,8,0.022208213806152344,0.002776026725769043,True
3,2255,1784808072.4167101,8,0.018995285034179688,0.002374410629272461,True
3,2256,1784808072.4361541,8,0.020804166793823242,0.0026005208492279053,True
3,2257,1784808072.4572968,8,0.019183635711669922,0.0023979544639587402,True
3,2258,1784808072.476857,8,0.020671367645263672,0.002583920955657959,True
3,2259,1784808072.4980524,8,0.019989967346191406,0.0024987459182739258,True
3,2260,1784808072.5183682,8,0.019459962844848633,0.002432495355606079,True
3,2261,1784808072.5381248,8,0.022230863571166992,0.002778857946395874,True
3,2262,1784808072.5607214,8,0.020007610321044922,0.0025009512901306152,True
3,2263,1784808072.581092,8,0.0206758975982666,0.002584487199783325,True
3,2264,1784808072.6020885,8,0.019888639450073242,0.0024860799312591553,True
3,2265,1784808072.6225228,8,0.01887822151184082,0.0023597776889801025,True
3,2266,1784808072.6418402,8,0.020329713821411133,0.0025412142276763916,True
3,2267,1784808072.6624966,8,0.02123880386352539,0.002654850482940674,True
3,2268,1784808072.6842124,8,0.01885700225830078,0.0023571252822875977,True
3,2269,1784808072.703605,8,0.02098226547241211,0.0026227831840515137,True
3,2270,1784808072.7249312,8,0.021532058715820312,0.002691507339477539,True
3,2271,1784808072.7469325,8,0.020805835723876953,0.002600729465484619,True
3,2272,1784808072.7697651,8,0.019954681396484375,0.002494335174560547,True
3,2273,1784808072.7899916,8,0.020432710647583008,0.002554088830947876,True
3,2274,1784808072.810751,8,0.019728899002075195,0.0024661123752593994,True
3,2275,1784808072.8310173,8,0.019860267639160156,0.0024825334548950195,True
3,2276,1784808072.8512228,8,0.021127939224243164,0.0026409924030303955,True
3,2277,1784808072.873572,8,0.021266937255859375,0.002658367156982422,True
3,2278,1784808072.8966167,8,0.02016282081604004,0.002520352602005005,True
3,2279,1784808072.9171593,8,0.02026057243347168,0.00253257155418396,True
3,2280,1784808072.9379547,8,0.02060556411743164,0.002575695514678955,True
3,2281,1784808072.959432,8,0.019661903381347656,0.002457737922668457,True
3,2282,1784808072.9799168,8,0.02143692970275879,0.0026796162128448486,True
3,2283,1784808073.0018053,8,0.02056145668029785,0.0025701820850372314,True
3,2284,1784808073.0227947,8,0.02134871482849121,0.0026685893535614014,True
3,2285,1784808073.0445037,8,0.01983499526977539,0.002479374408721924,True
3,2286,1784808073.0647783,8,0.019715309143066406,0.0024644136428833008,True
3,2287,1784808073.08481,8,0.020791292190551758,0.0025989115238189697,True
3,2288,1784808073.105944,8,0.019957542419433594,0.0024946928024291992,True
3,2289,1784808073.126649,8,0.01968669891357422,0.0024608373641967773,True
3,2290,1784808073.1466596,8,0.02160501480102539,0.002700626850128174,True
3,2291,1784808073.1687913,8,0.019894123077392578,0.0024867653846740723,True
3,2292,1784808073.1890063,8,0.020802974700927734,0.002600371837615967,True
3,2293,1784808073.2104976,8,0.020352602005004883,0.0025440752506256104,True
3,2294,1784808073.23136,8,0.02173781394958496,0.00271722674369812,True
3,2295,1784808073.2536242,8,0.02075362205505371,0.002594202756881714,True
3,2296,1784808073.274702,8,0.01955580711364746,0.0024444758892059326,True
3,2297,1784808073.2946382,8,0.023628950119018555,0.0029536187648773193,True
3,2298,1784808073.319239,8,0.017116308212280273,0.002139538526535034,True
3,2299,1784808073.3366494,8,0.019896745681762695,0.002487093210220337,True
3,2300,1784808073.3570457,8,0.02045750617980957,0.0025571882724761963,True
3,2301,1784808073.3777554,8,0.01997232437133789,0.0024965405464172363,True
3,2302,1784808073.3981621,8,0.022655725479125977,0.002831965684890747,True
3,2303,1784808073.4211893,8,0.019748449325561523,0.0024685561656951904,True
3,2304,1784808073.4413273,8,0.023180007934570312,0.002897500991821289,True
3,2305,1784808073.4647913,8,0.021265745162963867,0.0026582181453704834,True
3,2306,1784808073.4864688,8,0.02184009552001953,0.0027300119400024414,True
3,2307,1784808073.5089357,8,0.021135568618774414,0.0026419460773468018,True
3,2308,1784808073.5305526,8,0.01913142204284668,0.002391427755355835,True
3,2309,1784808073.550494,8,0.02133655548095703,0.002667069435119629,True
3,2310,1784808073.572181,8,0.020174503326416016,0.002521812915802002,True
3,2311,1784808073.592706,8,0.01930093765258789,0.0024126172065734863,True
3,2312,1784808073.6129303,8,0.018417835235595703,0.002302229404449463,True
3,2313,1784808073.6316884,8,0.020019054412841797,0.0025023818016052246,True
3,2314,1784808073.6521332,8,0.019915103912353516,0.0024893879890441895,True
3,2315,1784808073.6726363,8,0.02046966552734375,0.0025587081909179688,True
3,2316,1784808073.693401,8,0.02184271812438965,0.002730339765548706,True
3,2317,1784808073.7155254,8,0.01981806755065918,0.0024772584438323975,True
3,2318,1784808073.735809,8,0.020041942596435547,0.0025052428245544434,True
3,2319,1784808073.75617,8,0.019906282424926758,0.0024882853031158447,True
3,2320,1784808073.776563,8,0.020974159240722656,0.002621769905090332,True
3,2321,1784808073.79784,8,0.020236730575561523,0.0025295913219451904,True
3,2322,1784808073.818448,8,0.020450592041015625,0.002556324005126953,True
3,2323,1784808073.8393204,8,0.022233247756958008,0.002779155969619751,True
3,2324,1784808073.8623884,8,0.018354177474975586,0.0022942721843719482,True
3,2325,1784808073.8814452,8,0.019367218017578125,0.0024209022521972656,True
3,2326,1784808073.901344,8,0.020781278610229492,0.0025976598262786865,True
3,2327,1784808073.9233305,8,0.020360708236694336,0.002545088529586792,True
3,2328,1784808073.9445853,8,0.022212505340576172,0.0027765631675720215,True
3,2329,1784808073.9671385,8,0.021043062210083008,0.002630382776260376,True
3,2330,1784808073.9885306,8,0.019817590713500977,0.002477198839187622,True
3,2331,1784808074.0086422,8,0.019495725631713867,0.0024369657039642334,True
3,2332,1784808074.0286398,8,0.020071029663085938,0.002508878707885742,True
3,2333,1784808074.0490036,8,0.021045207977294922,0.0026306509971618652,True
3,2334,1784808074.0703764,8,0.021190166473388672,0.002648770809173584,True
3,2335,1784808074.0918615,8,0.020399093627929688,0.002549886703491211,True
3,2336,1784808074.1126392,8,0.019186973571777344,0.002398371696472168,True
3,2337,1784808074.1321476,8,0.022399425506591797,0.0027999281883239746,True
3,2338,1784808074.1549156,8,0.0208437442779541,0.0026054680347442627,True
3,2339,1784808074.1760414,8,0.020771026611328125,0.0025963783264160156,True
3,2340,1784808074.1972322,8,0.020653486251831055,0.002581685781478882,True
3,2341,1784808074.218387,8,0.019586801528930664,0.002448350191116333,True
3,2342,1784808074.238453,8,0.018462181091308594,0.0023077726364135742,True
3,2343,1784808074.2575362,8,0.019791364669799805,0.0024739205837249756,True
3,2344,1784808074.2778492,8,0.02002573013305664,0.00250321626663208,True
3,2345,1784808074.3005052,8,0.0195767879486084,0.00244709849357605,True
3,2346,1784808074.3206058,8,0.019678115844726562,0.0024597644805908203,True
3,2347,1784808074.3410096,8,0.022023916244506836,0.0027529895305633545,True
3,2348,1784808074.3635383,8,0.021334171295166016,0.002666771411895752,True
3,2349,1784808074.3853412,8,0.018317699432373047,0.002289712429046631,True
3,2350,1784808074.4044423,8,0.021430253982543945,0.002678781747817993,True
3,2351,1784808074.4261782,8,0.02032780647277832,0.00254097580909729,True
3,2352,1784808074.446912,8,0.020681142807006836,0.0025851428508758545,True
3,2353,1784808074.4680333,8,0.019712448120117188,0.0024640560150146484,True
3,2354,1784808074.4880588,8,0.019861936569213867,0.0024827420711517334,True
3,2355,1784808074.5082028,8,0.022646188735961914,0.0028307735919952393,True
3,2356,1784808074.531395,8,0.018890380859375,0.002361297607421875,True
3,2357,1784808074.5509815,8,0.020478010177612305,0.002559751272201538,True
3,2358,1784808074.5717652,8,0.02066946029663086,0.0025836825370788574,True
3,2359,1784808074.5929325,8,0.019480466842651367,0.002435058355331421,True
3,2360,1784808074.6128757,8,0.022121906280517578,0.0027652382850646973,True
3,2361,1784808074.6353626,8,0.01905369758605957,0.0023817121982574463,True
3,2362,1784808074.6549551,8,0.019083023071289062,0.002385377883911133,True
3,2363,1784808074.6744418,8,0.021394968032836914,0.0026743710041046143,True
3,2364,1784808074.6964235,8,0.01897406578063965,0.002371758222579956,True
3,2365,1784808074.7157083,8,0.02022695541381836,0.002528369426727295,True
3,2366,1784808074.736366,8,0.020528793334960938,0.002566099166870117,True
3,2367,1784808074.7574716,8,0.01923060417175293,0.002403825521469116,True
3,2368,1784808074.7774708,8,0.020364761352539062,0.002545595169067383,True
3,2369,1784808074.7983742,8,0.019751787185668945,0.002468973398208618,True
3,2370,1784808074.8184812,8,0.02145075798034668,0.002681344747543335,True
3,2371,1784808074.8402545,8,0.021813154220581055,0.002726644277572632,True
3,2372,1784808074.862469,8,0.019536972045898438,0.0024421215057373047,True
3,2373,1784808074.8823302,8,0.02116227149963379,0.0026452839374542236,True
3,2374,1784808074.903791,8,0.018947124481201172,0.0023683905601501465,True
3,2375,1784808074.9230533,8,0.02168130874633789,0.0027101635932922363,True
3,2376,1784808074.9451444,8,0.020394325256347656,0.002549290657043457,True
3,2377,1784808074.965844,8,0.021161556243896484,0.0026451945304870605,True
3,2378,1784808074.9874136,8,0.02139115333557129,0.002673894166946411,True
3,2379,1784808075.009146,8,0.02176523208618164,0.002720654010772705,True
3,2380,1784808075.0314856,8,0.02129983901977539,0.002662479877471924,True
3,2381,1784808075.0537171,8,0.019731760025024414,0.0024664700031280518,True
3,2382,1784808075.07395,8,0.020682096481323242,0.0025852620601654053,True
3,2383,1784808075.0955224,8,0.021622180938720703,0.002702772617340088,True
3,2384,1784808075.1177182,8,0.02226853370666504,0.00278356671333313,True
3,2385,1784808075.1404886,8,0.0221102237701416,0.0027637779712677,True
3,2386,1784808075.1632426,8,0.020363330841064453,0.0025454163551330566,True
3,2387,1784808075.1846359,8,0.01762247085571289,0.0022028088569641113,True
3,2388,1784808075.202833,8,0.020031213760375977,0.002503901720046997,True
3,2389,1784808075.2234223,8,0.02093219757080078,0.0026165246963500977,True
3,2390,1784808075.2447062,8,0.021119117736816406,0.0026398897171020508,True
3,2391,1784808075.2662005,8,0.020604848861694336,0.002575606107711792,True
3,2392,1784808075.2877264,8,0.020696163177490234,0.0025870203971862793,True
3,2393,1784808075.308938,8,0.018691539764404297,0.002336442470550537,True
3,2394,1784808075.3293056,8,0.019306182861328125,0.0024132728576660156,True
3,2395,1784808075.3491468,8,0.02074575424194336,0.00259321928024292,True
3,2396,1784808075.370445,8,0.019829511642456055,0.002478688955307007,True
3,2397,1784808075.390648,8,0.020600557327270508,0.0025750696659088135,True
3,2398,1784808075.4116027,8,0.021932125091552734,0.002741515636444092,True
3,2399,1784808075.4339995,8,0.018512487411499023,0.002314060926437378,True
3,2400,1784808075.4532845,8,0.02120041847229004,0.002650052309036255,True
3,2401,1784808075.4754422,8,0.020153045654296875,0.0025191307067871094,True
3,2402,1784808075.497153,8,0.01905512809753418,0.0023818910121917725,True
3,2403,1784808075.516654,8,0.021848440170288086,0.0027310550212860107,True
3,2404,1784808075.5388472,8,0.02036142349243164,0.002545177936553955,True
3,2405,1784808075.5595284,8,0.020596981048583984,0.002574622631072998,True
3,2406,1784808075.5804908,8,0.0202329158782959,0.0025291144847869873,True
3,2407,1784808075.6015992,8,0.01955866813659668,0.002444833517074585,True
3,2408,1784808075.621503,8,0.021784543991088867,0.0027230679988861084,True
3,2409,1784808075.643578,8,0.019322633743286133,0.0024153292179107666,True
3,2410,1784808075.6632729,8,0.022395849227905273,0.002799481153488159,True
3,2411,1784808075.6859167,8,0.0187380313873291,0.0023422539234161377,True
3,2412,1784808075.7051513,8,0.020233869552612305,0.002529233694076538,True
3,2413,1784808075.7256656,8,0.021035432815551758,0.0026294291019439697,True
3,2414,1784808075.7470295,8,0.019131183624267578,0.0023913979530334473,True
3,2415,1784808075.7664068,8,0.021771669387817383,0.002721458673477173,True
3,2416,1784808075.7884455,8,0.0187985897064209,0.0023498237133026123,True
3,2417,1784808075.8075247,8,0.022669076919555664,0.002833634614944458,True
3,2418,1784808075.8305154,8,0.02062082290649414,0.0025776028633117676,True
3,2419,1784808075.8516994,8,0.020279645919799805,0.0025349557399749756,True
3,2420,1784808075.8725455,8,0.020012378692626953,0.002501547336578369,True
3,2421,1784808075.8929996,8,0.020508766174316406,0.0025635957717895508,True
3,2422,1784808075.913892,8,0.020180940628051758,0.0025226175785064697,True
3,2423,1784808075.9347441,8,0.020489215850830078,0.0025611519813537598,True
3,2424,1784808075.9560707,8,0.02243971824645996,0.002804964780807495,True
3,2425,1784808075.979077,8,0.020090341567993164,0.0025112926959991455,True
3,2426,1784808075.9994483,8,0.021929502487182617,0.002741187810897827,True
3,2427,1784808076.0217903,8,0.021371841430664062,0.002671480178833008,True
3,2428,1784808076.0435805,8,0.018074750900268555,0.0022593438625335693,True
3,2429,1784808076.0620136,8,0.01887679100036621,0.0023595988750457764,True
3,2430,1784808076.0813122,8,0.01911330223083496,0.00238916277885437,True
3,2431,1784808076.1007066,8,0.02021956443786621,0.0025274455547332764,True
3,2432,1784808076.121342,8,0.02155017852783203,0.002693772315979004,True
3,2433,1784808076.1433194,8,0.018790483474731445,0.0023488104343414307,True
3,2434,1784808076.1626112,8,0.019020557403564453,0.0023775696754455566,True
3,2435,1784808076.182336,8,0.019130706787109375,0.002391338348388672,True
3,2436,1784808076.2018137,8,0.019487380981445312,0.002435922622680664,True
3,2437,1784808076.2215977,8,0.01888442039489746,0.0023605525493621826,True
3,2438,1784808076.2408507,8,0.01918315887451172,0.002397894859313965,True
3,2439,1784808076.2603512,8,0.020183324813842773,0.0025229156017303467,True
3,2440,1784808076.2808888,8,0.019948244094848633,0.002493530511856079,True
3,2441,1784808076.3012547,8,0.020730972290039062,0.002591371536254883,True
3,2442,1784808076.3222845,8,0.02202892303466797,0.002753615379333496,True
3,2443,1784808076.3446927,8,0.019184350967407227,0.0023980438709259033,True
3,2444,1784808076.3642695,8,0.021900177001953125,0.0027375221252441406,True
3,2445,1784808076.386483,8,0.019094228744506836,0.0023867785930633545,True
3,2446,1784808076.4065611,8,0.019804716110229492,0.0024755895137786865,True
3,2447,1784808076.426785,8,0.019416332244873047,0.002427041530609131,True
3,2448,1784808076.4466083,8,0.01997232437133789,0.0024965405464172363,True
3,2449,1784808076.4671562,8,0.02036595344543457,0.0025457441806793213,True
3,2450,1784808076.488083,8,0.01824045181274414,0.0022800564765930176,True
3,2451,1784808076.506783,8,0.020327091217041016,0.002540886402130127,True
3,2452,1784808076.5274127,8,0.020700693130493164,0.0025875866413116455,True
3,2453,1784808076.548446,8,0.018316268920898438,0.0022895336151123047,True
3,2454,1784808076.567052,8,0.02274012565612793,0.002842515707015991,True
3,2455,1784808076.590101,8,0.018935441970825195,0.0023669302463531494,True
3,2456,1784808076.6093483,8,0.019256114959716797,0.0024070143699645996,True
3,2457,1784808076.6288993,8,0.02060246467590332,0.002575308084487915,True
3,2458,1784808076.6498816,8,0.021285057067871094,0.0026606321334838867,True
3,2459,1784808076.6714969,8,0.022352933883666992,0.002794116735458374,True
3,2460,1784808076.694201,8,0.020161867141723633,0.002520233392715454,True
3,2461,1784808076.714724,8,0.01878976821899414,0.0023487210273742676,True
3,2462,1784808076.7337985,8,0.019705533981323242,0.0024631917476654053,True
3,2463,1784808076.7538393,8,0.02044510841369629,0.002555638551712036,True
3,2464,1784808076.7747552,8,0.019504308700561523,0.0024380385875701904,True
3,2465,1784808076.7945733,8,0.019849300384521484,0.0024811625480651855,True
3,2466,1784808076.8147542,8,0.019533634185791016,0.002441704273223877,True
3,2467,1784808076.834698,8,0.022251605987548828,0.0027814507484436035,True
3,2468,1784808076.8572674,8,0.019967317581176758,0.0024959146976470947,True
3,2469,1784808076.8775227,8,0.01935577392578125,0.0024194717407226562,True
3,2470,1784808076.8974469,8,0.020761728286743164,0.0025952160358428955,True
3,2471,1784808076.918564,8,0.01994776725769043,0.0024934709072113037,True
3,2472,1784808076.9387782,8,0.021405458450317383,0.002675682306289673,True
3,2473,1784808076.9604893,8,0.01999831199645996,0.002499788999557495,True
3,2474,1784808076.9809296,8,0.018646955490112305,0.002330869436264038,True
3,2475,1784808077.0000172,8,0.019768476486206055,0.002471059560775757,True
3,2476,1784808077.0203638,8,0.018690109252929688,0.002336263656616211,True
3,2477,1784808077.0401113,8,0.019016027450561523,0.0023770034313201904,True
3,2478,1784808077.059543,8,0.018591642379760742,0.0023239552974700928,True
3,2479,1784808077.0786276,8,0.020258188247680664,0.002532273530960083,True
3,2480,1784808077.0995936,8,0.019866943359375,0.002483367919921875,True
3,2481,1784808077.119863,8,0.01921534538269043,0.0024019181728363037,True
3,2482,1784808077.1394656,8,0.01914834976196289,0.0023935437202453613,True
3,2483,1784808077.158957,8,0.020540475845336914,0.0025675594806671143,True
3,2484,1784808077.1800158,8,0.019399642944335938,0.002424955368041992,True
3,2485,1784808077.1997862,8,0.02086806297302246,0.0026085078716278076,True
3,2486,1784808077.2210538,8,0.01998424530029297,0.002498030662536621,True
3,2487,1784808077.2414086,8,0.019060611724853516,0.0023825764656066895,True
3,2488,1784808077.2608435,8,0.020272493362426758,0.0025340616703033447,True
3,2489,1784808077.2814238,8,0.020822763442993164,0.0026028454303741455,True
3,2490,1784808077.3025525,8,0.01998305320739746,0.0024978816509246826,True
3,2491,1784808077.3229067,8,0.021851062774658203,0.0027313828468322754,True
3,2492,1784808077.3451216,8,0.02013874053955078,0.0025173425674438477,True
3,2493,1784808077.3656662,8,0.021211862564086914,0.0026514828205108643,True
3,2494,1784808077.387353,8,0.0220487117767334,0.002756088972091675,True
3,2495,1784808077.4097958,8,0.018487930297851562,0.0023109912872314453,True
3,2496,1784808077.428948,8,0.025925397872924805,0.0032406747341156006,True
3,2497,1784808077.4554849,8,0.021068811416625977,0.002633601427078247,True
3,2498,1784808077.4773002,8,0.02005600929260254,0.0025070011615753174,True
3,2499,1784808077.4977427,8,0.020211458206176758,0.0025264322757720947,True
3,2500,1784808077.5183609,8,0.023080825805664062,0.002885103225708008,True
3,2501,1784808077.5428624,8,0.020755290985107422,0.0025944113731384277,True
3,2502,1784808077.563988,8,0.02016901969909668,0.002521127462387085,True
3,2503,1784808077.584764,8,0.018400192260742188,0.0023000240325927734,True
3,2504,1784808077.6035664,8,0.020926475524902344,0.002615809440612793,True
3,2505,1784808077.624876,8,0.019784927368164062,0.002473115921020508,True
3,2506,1784808077.645091,8,0.0190584659576416,0.0023823082447052,True
3,2507,1784808077.6644754,8,0.023296117782592773,0.0029120147228240967,True
3,2508,1784808077.6881762,8,0.01846146583557129,0.002307683229446411,True
3,2509,1784808077.7072895,8,0.02019667625427246,0.0025245845317840576,True
3,2510,1784808077.728115,8,0.020884275436401367,0.002610534429550171,True
3,2511,1784808077.7493114,8,0.019751310348510742,0.0024689137935638428,True
3,2512,1784808077.769326,8,0.021468639373779297,0.002683579921722412,True
3,2513,1784808077.791165,8,0.01983809471130371,0.002479761838912964,True
3,2514,1784808077.8113122,8,0.02024102210998535,0.002530127763748169,True
3,2515,1784808077.831829,8,0.01925826072692871,0.002407282590866089,True
3,2516,1784808077.8513737,8,0.02015519142150879,0.0025193989276885986,True
3,2517,1784808077.8719873,8,0.01923513412475586,0.0024043917655944824,True
3,2518,1784808077.8916209,8,0.0219423770904541,0.0027427971363067627,True
3,2519,1784808077.9138503,8,0.0196685791015625,0.0024585723876953125,True
3,2520,1784808077.934303,8,0.018166780471801758,0.0022708475589752197,True
3,2521,1784808077.9530468,8,0.019768714904785156,0.0024710893630981445,True
3,2522,1784808077.973536,8,0.019255638122558594,0.0024069547653198242,True
3,2523,1784808077.9932423,8,0.019025087356567383,0.002378135919570923,True
3,2524,1784808078.0126371,8,0.02159285545349121,0.0026991069316864014,True
3,2525,1784808078.0348258,8,0.020586013793945312,0.002573251724243164,True
3,2526,1784808078.055855,8,0.019739627838134766,0.0024674534797668457,True
3,2527,1784808078.0760329,8,0.02047562599182129,0.002559453248977661,True
3,2528,1784808078.096927,8,0.020144939422607422,0.0025181174278259277,True
3,2529,1784808078.117524,8,0.021048784255981445,0.0026310980319976807,True
3,2530,1784808078.139044,8,0.01956486701965332,0.002445608377456665,True
3,2531,1784808078.1589258,8,0.022504806518554688,0.002813100814819336,True
3,2532,1784808078.1820521,8,0.01896214485168457,0.0023702681064605713,True
3,2533,1784808078.2015696,8,0.020261287689208984,0.002532660961151123,True
3,2534,1784808078.2222137,8,0.01917576789855957,0.0023969709873199463,True
3,2535,1784808078.2419927,8,0.019410133361816406,0.0024262666702270508,True
3,2536,1784808078.2617342,8,0.020424365997314453,0.0025530457496643066,True
3,2537,1784808078.282463,8,0.020412683486938477,0.0025515854358673096,True
3,2538,1784808078.3032465,8,0.02037835121154785,0.0025472939014434814,True
3,2539,1784808078.3245542,8,0.01887822151184082,0.0023597776889801025,True
3,2540,1784808078.343737,8,0.021628141403198242,0.0027035176753997803,True
3,2541,1784808078.3659303,8,0.019541025161743164,0.0024426281452178955,True
3,2542,1784808078.3861532,8,0.018898963928222656,0.002362370491027832,True
3,2543,1784808078.4054184,8,0.02081894874572754,0.0026023685932159424,True
3,2544,1784808078.4267359,8,0.01941967010498047,0.0024274587631225586,True
3,2545,1784808078.4468493,8,0.01994943618774414,0.0024936795234680176,True
3,2546,1784808078.467325,8,0.020422935485839844,0.0025528669357299805,True
3,2547,1784808078.4881501,8,0.02115941047668457,0.0026449263095855713,True
3,2548,1784808078.5101905,8,0.022365093231201172,0.0027956366539001465,True
3,2549,1784808078.5330367,8,0.018828153610229492,0.0023535192012786865,True
3,2550,1784808078.5522413,8,0.019963979721069336,0.002495497465133667,True
3,2551,1784808078.5729196,8,0.020891427993774414,0.0026114284992218018,True
3,2552,1784808078.5943878,8,0.02245807647705078,0.0028072595596313477,True
3,2553,1784808078.6171942,8,0.018651962280273438,0.0023314952850341797,True
3,2554,1784808078.6362069,8,0.02388167381286621,0.0029852092266082764,True
3,2555,1784808078.6607277,8,0.02300548553466797,0.002875685691833496,True
3,2556,1784808078.6841383,8,0.020966529846191406,0.0026208162307739258,True
3,2557,1784808078.7060063,8,0.01926112174987793,0.002407640218734741,True
3,2558,1784808078.72558,8,0.019625186920166016,0.002453148365020752,True
3,2559,1784808078.7455976,8,0.02144908905029297,0.002681136131286621,True
3,2560,1784808078.7673793,8,0.021308183670043945,0.002663522958755493,True
3,2561,1784808078.7890728,8,0.018884658813476562,0.0023605823516845703,True
3,2562,1784808078.8082871,8,0.0214385986328125,0.0026798248291015625,True
3,2563,1784808078.8300102,8,0.019595861434936523,0.0024494826793670654,True
3,2564,1784808078.8499606,8,0.01905059814453125,0.0023813247680664062,True
3,2565,1784808078.8693945,8,0.019008159637451172,0.0023760199546813965,True
3,2566,1784808078.8889356,8,0.018574953079223633,0.002321869134902954,True
3,2567,1784808078.908243,8,0.02019500732421875,0.0025243759155273438,True
3,2568,1784808078.9289415,8,0.019831418991088867,0.0024789273738861084,True
3,2569,1784808078.949109,8,0.0203704833984375,0.0025463104248046875,True
3,2570,1784808078.9698462,8,0.018589019775390625,0.002323627471923828,True
3,2571,1784808078.988763,8,0.02083611488342285,0.0026045143604278564,True
3,2572,1784808079.0103145,8,0.020460128784179688,0.002557516098022461,True
3,2573,1784808079.031687,8,0.019871950149536133,0.0024839937686920166,True
3,2574,1784808079.0519986,8,0.019925832748413086,0.0024907290935516357,True
3,2575,1784808079.072304,8,0.019266366958618164,0.0024082958698272705,True
3,2576,1784808079.0921202,8,0.020342588424682617,0.002542823553085327,True
3,2577,1784808079.1129992,8,0.0182497501373291,0.0022812187671661377,True
3,2578,1784808079.1317968,8,0.01879429817199707,0.002349287271499634,True
3,2579,1784808079.1513214,8,0.018963336944580078,0.0023704171180725098,True
3,2580,1784808079.1707213,8,0.019251346588134766,0.0024064183235168457,True
3,2581,1784808079.1905773,8,0.018051862716674805,0.0022564828395843506,True
3,2582,1784808079.208967,8,0.021577119827270508,0.0026971399784088135,True
3,2583,1784808079.2309015,8,0.021946191787719727,0.002743273973464966,True
3,2584,1784808079.253183,8,0.018431663513183594,0.0023039579391479492,True
3,2585,1784808079.2720482,8,0.019985675811767578,0.0024982094764709473,True
3,2586,1784808079.2923107,8,0.020505905151367188,0.0025632381439208984,True
3,2587,1784808079.313242,8,0.02030014991760254,0.0025375187397003174,True
3,2588,1784808079.3339655,8,0.02151036262512207,0.002688795328140259,True
3,2589,1784808079.3565035,8,0.019071102142333984,0.002383887767791748,True
3,2590,1784808079.3760545,8,0.020355939865112305,0.002544492483139038,True
3,2591,1784808079.3969665,8,0.01891183853149414,0.0023639798164367676,True
3,2592,1784808079.4161978,8,0.019989967346191406,0.0024987459182739258,True
3,2593,1784808079.4365025,8,0.019643068313598633,0.002455383539199829,True
3,2594,1784808079.4569497,8,0.019649267196655273,0.002456158399581909,True
3,2595,1784808079.477016,8,0.021333932876586914,0.0026667416095733643,True
3,2596,1784808079.4991848,8,0.022310256958007812,0.0027887821197509766,True
3,2597,1784808079.5219238,8,0.02095770835876465,0.002619713544845581,True
3,2598,1784808079.54327,8,0.019388675689697266,0.002423584461212158,True
3,2599,1784808079.5631223,8,0.02112579345703125,0.0026407241821289062,True
3,2600,1784808079.5847125,8,0.01794576644897461,0.002243220806121826,True
3,2601,1784808079.6030037,8,0.021783113479614258,0.0027228891849517822,True
3,2602,1784808079.6250916,8,0.019887208938598633,0.002485901117324829,True
3,2603,1784808079.645362,8,0.020499229431152344,0.002562403678894043,True
3,2604,1784808079.666593,8,0.020012378692626953,0.002501547336578369,True
3,2605,1784808079.6869068,8,0.020733356475830078,0.0025916695594787598,True
3,2606,1784808079.7080367,8,0.018865585327148438,0.0023581981658935547,True
3,2607,1784808079.7272406,8,0.020871400833129883,0.0026089251041412354,True
3,2608,1784808079.7484467,8,0.020909786224365234,0.0026137232780456543,True
3,2609,1784808079.7696586,8,0.019621849060058594,0.0024527311325073242,True
3,2610,1784808079.7897227,8,0.022700071334838867,0.0028375089168548584,True
3,2611,1784808079.8126695,8,0.01804947853088379,0.0022561848163604736,True
3,2612,1784808079.8309958,8,0.01973748207092285,0.0024671852588653564,True
3,2613,1784808079.8512578,8,0.024852752685546875,0.0031065940856933594,True
3,2614,1784808079.8765123,8,0.018721342086791992,0.002340167760848999,True
3,2615,1784808079.895592,8,0.022080659866333008,0.002760082483291626,True
3,2616,1784808079.9180937,8,0.02012467384338379,0.0025155842304229736,True
3,2617,1784808079.938627,8,0.0211637020111084,0.00264546275138855,True
3,2618,1784808079.9602492,8,0.019226551055908203,0.0024033188819885254,True
3,2619,1784808079.9801857,8,0.019652128219604492,0.0024565160274505615,True
3,2620,1784808080.0002604,8,0.01914501190185547,0.0023931264877319336,True
3,2621,1784808080.0197062,8,0.02069091796875,0.00258636474609375,True
3,2622,1784808080.0409312,8,0.019567251205444336,0.002445906400680542,True
3,2623,1784808080.0609744,8,0.02095484733581543,0.0026193559169769287,True
3,2624,1784808080.0824986,8,0.01971578598022461,0.002464473247528076,True
3,2625,1784808080.102561,8,0.019515514373779297,0.002439439296722412,True
3,2626,1784808080.1224687,8,0.022268295288085938,0.002783536911010742,True
3,2627,1784808080.1452127,8,0.020003557205200195,0.0025004446506500244,True
3,2628,1784808080.1658192,8,0.01858687400817871,0.002323359251022339,True
3,2629,1784808080.184693,8,0.020183086395263672,0.002522885799407959,True
3,2630,1784808080.2053668,8,0.01998734474182129,0.002498418092727661,True
3,2631,1784808080.2256916,8,0.0192413330078125,0.0024051666259765625,True
3,2632,1784808080.2452233,8,0.024547576904296875,0.0030684471130371094,True
3,2633,1784808080.2702196,8,0.019317150115966797,0.0024146437644958496,True
3,2634,1784808080.2898924,8,0.021788358688354492,0.0027235448360443115,True
3,2635,1784808080.3124156,8,0.020714521408081055,0.002589315176010132,True
3,2636,1784808080.3339818,8,0.01980304718017578,0.0024753808975219727,True
3,2637,1784808080.35504,8,0.019529342651367188,0.0024411678314208984,True
3,2638,1784808080.3750978,8,0.023838043212890625,0.002979755401611328,True
3,2639,1784808080.3995955,8,0.01956939697265625,0.0024461746215820312,True
3,2640,1784808080.419723,8,0.02089548110961914,0.0026119351387023926,True
3,2641,1784808080.4411478,8,0.020015954971313477,0.0025019943714141846,True
3,2642,1784808080.4624195,8,0.023919105529785156,0.0029898881912231445,True
3,2643,1784808080.4870818,8,0.019441604614257812,0.0024302005767822266,True
3,2644,1784808080.5069268,8,0.021247148513793945,0.002655893564224243,True
3,2645,1784808080.5286396,8,0.019066572189331055,0.002383321523666382,True
3,2646,1784808080.5482533,8,0.022069692611694336,0.002758711576461792,True
3,2647,1784808080.5707285,8,0.018609285354614258,0.0023261606693267822,True
3,2648,1784808080.589636,8,0.019040584564208984,0.002380073070526123,True
3,2649,1784808080.6090744,8,0.021251440048217773,0.0026564300060272217,True
3,2650,1784808080.6308725,8,0.019543886184692383,0.002442985773086548,True
3,2651,1784808080.6508942,8,0.021857738494873047,0.002732217311859131,True
3,2652,1784808080.673166,8,0.020648956298828125,0.0025811195373535156,True
3,2653,1784808080.694252,8,0.019832134246826172,0.0024790167808532715,True
3,2654,1784808080.714445,8,0.02153921127319336,0.00269240140914917,True
3,2655,1784808080.736293,8,0.019347429275512695,0.002418428659439087,True
3,2656,1784808080.7560022,8,0.022594451904296875,0.0028243064880371094,True
3,2657,1784808080.779824,8,0.02169513702392578,0.0027118921279907227,True
3,2658,1784808080.8026924,8,0.019466638565063477,0.0024333298206329346,True
3,2659,1784808080.8224463,8,0.023028135299682617,0.002878516912460327,True
3,2660,1784808080.8458505,8,0.01845550537109375,0.0023069381713867188,True
3,2661,1784808080.8646095,8,0.01965808868408203,0.002457261085510254,True
3,2662,1784808080.8846312,8,0.019494056701660156,0.0024367570877075195,True
3,2663,1784808080.904481,8,0.0201265811920166,0.002515822649002075,True
3,2664,1784808080.9250135,8,0.02159428596496582,0.0026992857456207275,True
3,2665,1784808080.9469676,8,0.019479036331176758,0.0024348795413970947,True
3,2666,1784808080.966882,8,0.019525766372680664,0.002440720796585083,True
3,2667,1784808080.9870496,8,0.02156376838684082,0.0026954710483551025,True
3,2668,1784808081.008938,8,0.019711971282958984,0.002463996410369873,True
3,2669,1784808081.0289927,8,0.02010369300842285,0.0025129616260528564,True
3,2670,1784808081.0493755,8,0.019840240478515625,0.002480030059814453,True
3,2671,1784808081.0696251,8,0.020289897918701172,0.0025362372398376465,True
3,2672,1784808081.0902433,8,0.020005464553833008,0.002500683069229126,True
3,2673,1784808081.1105068,8,0.01891040802001953,0.0023638010025024414,True
3,2674,1784808081.1298063,8,0.01963663101196289,0.0024545788764953613,True
3,2675,1784808081.1500306,8,0.019109725952148438,0.0023887157440185547,True
3,2676,1784808081.1694288,8,0.021712303161621094,0.0027140378952026367,True
3,2677,1784808081.192502,8,0.019887924194335938,0.002485990524291992,True
3,2678,1784808081.2130504,8,0.020389795303344727,0.002548724412918091,True
3,2679,1784808081.2339566,8,0.019123315811157227,0.0023904144763946533,True
3,2680,1784808081.2535477,8,0.022034168243408203,0.0027542710304260254,True
3,2681,1784808081.2760384,8,0.020255565643310547,0.0025319457054138184,True
3,2682,1784808081.297148,8,0.020334243774414062,0.002541780471801758,True
3,2683,1784808081.318678,8,0.020634174346923828,0.0025792717933654785,True
3,2684,1784808081.340819,8,0.021360158920288086,0.0026700198650360107,True
3,2685,1784808081.3635323,8,0.02010798454284668,0.002513498067855835,True
3,2686,1784808081.3841498,8,0.021198511123657227,0.0026498138904571533,True
3,2687,1784808081.4064562,8,0.020689725875854492,0.0025862157344818115,True
3,2688,1784808081.4274664,8,0.019626379013061523,0.0024532973766326904,True
3,2689,1784808081.44743,8,0.021921873092651367,0.002740234136581421,True
3,2690,1784808081.4696298,8,0.019632577896118164,0.0024540722370147705,True
3,2691,1784808081.4897087,8,0.02026844024658203,0.002533555030822754,True
3,2692,1784808081.5103533,8,0.01884627342224121,0.0023557841777801514,True
3,2693,1784808081.529651,8,0.02147054672241211,0.0026838183403015137,True
3,2694,1784808081.551502,8,0.018801212310791016,0.002350151538848877,True
3,2695,1784808081.5706084,8,0.02292037010192871,0.002865046262741089,True
3,2696,1784808081.593885,8,0.01947808265686035,0.002434760332107544,True
3,2697,1784808081.6137528,8,0.019148588180541992,0.002393573522567749,True
3,2698,1784808081.6333804,8,0.021425485610961914,0.0026781857013702393,True
3,2699,1784808081.6555052,8,0.02172398567199707,0.002715498208999634,True
3,2700,1784808081.6775804,8,0.02033257484436035,0.002541571855545044,True
3,2701,1784808081.698304,8,0.019449472427368164,0.0024311840534210205,True
3,2702,1784808081.7181878,8,0.02318716049194336,0.00289839506149292,True
3,2703,1784808081.7417526,8,0.021399974822998047,0.002674996852874756,True
3,2704,1784808081.763669,8,0.019733667373657227,0.0024667084217071533,True
3,2705,1784808081.7837698,8,0.019747018814086914,0.0024683773517608643,True
3,2706,1784808081.804223,8,0.019962310791015625,0.002495288848876953,True
3,2707,1784808081.8244843,8,0.020058870315551758,0.0025073587894439697,True
3,2708,1784808081.8448732,8,0.01934218406677246,0.0024177730083465576,True
3,2709,1784808081.8645291,8,0.020194053649902344,0.002524256706237793,True
3,2710,1784808081.8857887,8,0.023352622985839844,0.0029190778732299805,True
3,2711,1784808081.9097805,8,0.019893884658813477,0.0024867355823516846,True
3,2712,1784808081.930107,8,0.020086050033569336,0.002510756254196167,True
3,2713,1784808081.9505706,8,0.018375635147094727,0.002296954393386841,True
3,2714,1784808081.969407,8,0.02190995216369629,0.002738744020462036,True
3,2715,1784808081.9918196,8,0.019463062286376953,0.002432882785797119,True
3,2716,1784808082.0118544,8,0.018430471420288086,0.0023038089275360107,True
3,2717,1784808082.0310493,8,0.020334243774414062,0.002541780471801758,True
3,2718,1784808082.051974,8,0.019641399383544922,0.0024551749229431152,True
3,2719,1784808082.072151,8,0.0199124813079834,0.002489060163497925,True
3,2720,1784808082.0929317,8,0.02178668975830078,0.0027233362197875977,True
3,2721,1784808082.115135,8,0.02095484733581543,0.0026193559169769287,True
3,2722,1784808082.13641,8,0.02156519889831543,0.0026956498622894287,True
3,2723,1784808082.158601,8,0.022307157516479492,0.0027883946895599365,True
3,2724,1784808082.1813014,8,0.017442703247070312,0.002180337905883789,True
3,2725,1784808082.1991632,8,0.020022153854370117,0.0025027692317962646,True
3,2726,1784808082.2198627,8,0.020819425582885742,0.0026024281978607178,True
3,2727,1784808082.2413025,8,0.01974797248840332,0.002468496561050415,True
3,2728,1784808082.261651,8,0.022335290908813477,0.0027919113636016846,True
3,2729,1784808082.2848678,8,0.018981218338012695,0.002372652292251587,True
3,2730,1784808082.3043087,8,0.021997928619384766,0.0027497410774230957,True
3,2731,1784808082.3267,8,0.019181013107299805,0.0023976266384124756,True
3,2732,1784808082.3463464,8,0.02048039436340332,0.002560049295425415,True
3,2733,1784808082.367428,8,0.019272565841674805,0.0024090707302093506,True
3,2734,1784808082.3871424,8,0.018996477127075195,0.0023745596408843994,True
3,2735,1784808082.4064865,8,0.020064592361450195,0.0025080740451812744,True
3,2736,1784808082.4270506,8,0.02062511444091797,0.002578139305114746,True
3,2737,1784808082.4480534,8,0.019916772842407227,0.0024895966053009033,True
3,2738,1784808082.4683466,8,0.020362377166748047,0.002545297145843506,True
3,2739,1784808082.4893477,8,0.019730091094970703,0.002466261386871338,True
3,2740,1784808082.50964,8,0.019458770751953125,0.0024323463439941406,True
3,2741,1784808082.529441,8,0.0180509090423584,0.0022563636302948,True
3,2742,1784808082.547968,8,0.018807172775268555,0.0023508965969085693,True
3,2743,1784808082.5671957,8,0.01910114288330078,0.0023876428604125977,True
3,2744,1784808082.586803,8,0.0222170352935791,0.0027771294116973877,True
3,2745,1784808082.6099558,8,0.0187075138092041,0.0023384392261505127,True
3,2746,1784808082.6290708,8,0.021418333053588867,0.0026772916316986084,True
3,2747,1784808082.6513162,8,0.020477771759033203,0.0025597214698791504,True
3,2748,1784808082.6728394,8,0.021500349044799805,0.0026875436305999756,True
3,2749,1784808082.6957622,8,0.019377708435058594,0.0024222135543823242,True
3,2750,1784808082.716138,8,0.023555755615234375,0.002944469451904297,True
3,2751,1784808082.7405136,8,0.022548437118530273,0.002818554639816284,True
3,2752,1784808082.7636805,8,0.018851757049560547,0.0023564696311950684,True
3,2753,1784808082.7831185,8,0.022251129150390625,0.002781391143798828,True
3,2754,1784808082.8057506,8,0.018798112869262695,0.002349764108657837,True
3,2755,1784808082.825007,8,0.018230438232421875,0.0022788047790527344,True
3,2756,1784808082.8437486,8,0.0217745304107666,0.002721816301345825,True
3,2757,1784808082.866258,8,0.019712209701538086,0.0024640262126922607,True
3,2758,1784808082.8863542,8,0.02117919921875,0.00264739990234375,True
3,2759,1784808082.9082348,8,0.021144390106201172,0.0026430487632751465,True
3,2760,1784808082.9301472,8,0.021082639694213867,0.0026353299617767334,True
3,2761,1784808082.95167,8,0.020102739334106445,0.0025128424167633057,True
3,2762,1784808082.9725726,8,0.021028757095336914,0.0026285946369171143,True
3,2763,1784808082.9947724,8,0.01860666275024414,0.0023258328437805176,True
3,2764,1784808083.0141332,8,0.020545005798339844,0.0025681257247924805,True
3,2765,1784808083.0365233,8,0.021052837371826172,0.0026316046714782715,True
3,2766,1784808083.0583165,8,0.020563840866088867,0.0025704801082611084,True
3,2767,1784808083.0796092,8,0.019161701202392578,0.0023952126502990723,True
3,2768,1784808083.100507,8,0.019963979721069336,0.002495497465133667,True
3,2769,1784808083.1208458,8,0.020000219345092773,0.0025000274181365967,True
3,2770,1784808083.1412914,8,0.019652843475341797,0.0024566054344177246,True
3,2771,1784808083.1615355,8,0.020812511444091797,0.0026015639305114746,True
3,2772,1784808083.1828313,8,0.0202023983001709,0.0025252997875213623,True
3,2773,1784808083.203464,8,0.022125244140625,0.002765655517578125,True
3,2774,1784808083.2266078,8,0.021052837371826172,0.0026316046714782715,True
3,2775,1784808083.2484782,8,0.020748615264892578,0.0025935769081115723,True
3,2776,1784808083.2699165,8,0.020208358764648438,0.0025260448455810547,True
3,2777,1784808083.2905457,8,0.021112442016601562,0.0026390552520751953,True
3,2778,1784808083.3119938,8,0.02052903175354004,0.002566128969192505,True
3,2779,1784808083.332873,8,0.02481365203857422,0.0031017065048217773,True
3,2780,1784808083.357981,8,0.021823883056640625,0.002727985382080078,True
3,2781,1784808083.3801217,8,0.020386457443237305,0.002548307180404663,True
3,2782,1784808083.4010756,8,0.018660306930541992,0.002332538366317749,True
3,2783,1784808083.4201384,8,0.020451784133911133,0.0025564730167388916,True
3,2784,1784808083.440953,8,0.021435022354125977,0.002679377794265747,True
3,2785,1784808083.4632766,8,0.02047586441040039,0.002559483051300049,True
3,2786,1784808083.4853094,8,0.01840829849243164,0.002301037311553955,True
3,2787,1784808083.504265,8,0.020307302474975586,0.0025384128093719482,True
3,2788,1784808083.5255685,8,0.01855182647705078,0.0023189783096313477,True
3,2789,1784808083.5444221,8,0.022123336791992188,0.0027654170989990234,True
3,2790,1784808083.5669732,8,0.021495819091796875,0.0026869773864746094,True
3,2791,1784808083.5888238,8,0.0198056697845459,0.0024757087230682373,True
3,2792,1784808083.6089492,8,0.020488500595092773,0.0025610625743865967,True
3,2793,1784808083.6303222,8,0.020324230194091797,0.0025405287742614746,True
3,2794,1784808083.651121,8,0.01945042610168457,0.0024313032627105713,True
3,2795,1784808083.6710932,8,0.020116567611694336,0.002514570951461792,True
3,2796,1784808083.6919274,8,0.019594669342041016,0.002449333667755127,True
3,2797,1784808083.7120636,8,0.020883560180664062,0.002610445022583008,True
3,2798,1784808083.7332385,8,0.019671916961669922,0.0024589896202087402,True
3,2799,1784808083.7534673,8,0.020999670028686523,0.0026249587535858154,True
3,2800,1784808083.774806,8,0.02062225341796875,0.0025777816772460938,True
3,2801,1784808083.7957487,8,0.020343542098999023,0.002542942762374878,True
3,2802,1784808083.8165584,8,0.019107580184936523,0.0023884475231170654,True
3,2803,1784808083.8360074,8,0.021091938018798828,0.0026364922523498535,True
3,2804,1784808083.8574743,8,0.019149303436279297,0.002393662929534912,True
3,2805,1784808083.877001,8,0.02052760124206543,0.0025659501552581787,True
3,2806,1784808083.898088,8,0.019269227981567383,0.002408653497695923,True
3,2807,1784808083.917761,8,0.0222470760345459,0.0027808845043182373,True
3,2808,1784808083.940482,8,0.019200563430786133,0.0024000704288482666,True
3,2809,1784808083.9600852,8,0.020812273025512695,0.002601534128189087,True
3,2810,1784808083.981362,8,0.01927781105041504,0.00240972638130188,True
3,2811,1784808084.000945,8,0.0201871395111084,0.00252339243888855,True
3,2812,1784808084.021438,8,0.020883560180664062,0.002610445022583008,True
3,2813,1784808084.0426495,8,0.019290685653686523,0.0024113357067108154,True
3,2814,1784808084.062375,8,0.020171165466308594,0.0025213956832885742,True
3,2815,1784808084.08292,8,0.020761966705322266,0.002595245838165283,True
3,2816,1784808084.1040688,8,0.020352840423583984,0.002544105052947998,True
3,2817,1784808084.124744,8,0.019832611083984375,0.002479076385498047,True
3,2818,1784808084.1450381,8,0.02028965950012207,0.002536207437515259,True
3,2819,1784808084.1657526,8,0.0195770263671875,0.0024471282958984375,True
3,2820,1784808084.1859462,8,0.020908832550048828,0.0026136040687561035,True
3,2821,1784808084.2074172,8,0.02018260955810547,0.0025228261947631836,True
3,2822,1784808084.2279499,8,0.020479440689086914,0.0025599300861358643,True
3,2823,1784808084.2488651,8,0.019081830978393555,0.0023852288722991943,True
3,2824,1784808084.268345,8,0.021120309829711914,0.0026400387287139893,True
3,2825,1784808084.2902715,8,0.019258499145507812,0.0024073123931884766,True
3,2826,1784808084.3108547,8,0.020221948623657227,0.0025277435779571533,True
3,2827,1784808084.3315911,8,0.018941402435302734,0.002367675304412842,True
3,2828,1784808084.3508606,8,0.020157337188720703,0.002519667148590088,True
3,2829,1784808084.3717434,8,0.019753694534301758,0.0024692118167877197,True
3,2830,1784808084.3919904,8,0.020627975463867188,0.0025784969329833984,True
3,2831,1784808084.4132504,8,0.020556926727294922,0.0025696158409118652,True
3,2832,1784808084.4345577,8,0.018666505813598633,0.002333313226699829,True
3,2833,1784808084.4535296,8,0.019092321395874023,0.002386540174484253,True
3,2834,1784808084.4730132,8,0.020844459533691406,0.0026055574417114258,True
3,2835,1784808084.4943125,8,0.019311189651489258,0.0024138987064361572,True
3,2836,1784808084.5141423,8,0.019407987594604492,0.0024259984493255615,True
3,2837,1784808084.5344706,8,0.01941394805908203,0.002426743507385254,True
3,2838,1784808084.5543497,8,0.018857240676879883,0.0023571550846099854,True
3,2839,1784808084.5738702,8,0.021088838577270508,0.0026361048221588135,True
3,2840,1784808084.5961967,8,0.01932525634765625,0.0024156570434570312,True
3,2841,1784808084.6159797,8,0.02037525177001953,0.0025469064712524414,True
3,2842,1784808084.6367354,8,0.019756317138671875,0.0024695396423339844,True
3,2843,1784808084.6573582,8,0.019882917404174805,0.0024853646755218506,True
3,2844,1784808084.6785963,8,0.017308950424194336,0.002163618803024292,True
3,2845,1784808084.6963556,8,0.019181013107299805,0.0023976266384124756,True
3,2846,1784808084.7160842,8,0.020721435546875,0.002590179443359375,True
3,2847,1784808084.7371209,8,0.022015094757080078,0.0027518868446350098,True
3,2848,1784808084.7594674,8,0.02159738540649414,0.0026996731758117676,True
3,2849,1784808084.7815266,8,0.019679784774780273,0.002459973096847534,True
3,2850,1784808084.8017938,8,0.020745038986206055,0.002593129873275757,True
3,2851,1784808084.823846,8,0.018231868743896484,0.0022789835929870605,True
3,2852,1784808084.8423629,8,0.01919102668762207,0.002398878335952759,True
3,2853,1784808084.8618865,8,0.02095341682434082,0.0026191771030426025,True
3,2854,1784808084.8832886,8,0.023822546005249023,0.002977818250656128,True
3,2855,1784808084.9076357,8,0.02080702781677246,0.0026008784770965576,True
3,2856,1784808084.929296,8,0.019327640533447266,0.002415955066680908,True
3,2857,1784808084.9507484,8,0.020632266998291016,0.002579033374786377,True
3,2858,1784808084.9729474,8,0.019474029541015625,0.002434253692626953,True
3,2859,1784808084.9933002,8,0.020286083221435547,0.0025357604026794434,True
3,2860,1784808085.0141864,8,0.018932342529296875,0.0023665428161621094,True
3,2861,1784808085.0337288,8,0.019280672073364258,0.0024100840091705322,True
3,2862,1784808085.0536816,8,0.019774436950683594,0.0024718046188354492,True
3,2863,1784808085.074058,8,0.020798921585083008,0.002599865198135376,True
3,2864,1784808085.0952377,8,0.020506620407104492,0.0025633275508880615,True
3,2865,1784808085.1161451,8,0.020812511444091797,0.0026015639305114746,True
3,2866,1784808085.137515,8,0.019948482513427734,0.002493560314178467,True
3,2867,1784808085.1578493,8,0.022381067276000977,0.002797633409500122,True
3,2868,1784808085.1806285,8,0.01933145523071289,0.0024164319038391113,True
3,2869,1784808085.2010353,8,0.02122807502746582,0.0026535093784332275,True
3,2870,1784808085.2226965,8,0.02029728889465332,0.002537161111831665,True
3,2871,1784808085.2443419,8,0.01883983612060547,0.0023549795150756836,True
3,2872,1784808085.2638707,8,0.019489288330078125,0.0024361610412597656,True
3,2873,1784808085.2838483,8,0.019985198974609375,0.002498149871826172,True
3,2874,1784808085.3043616,8,0.018277406692504883,0.0022846758365631104,True
3,2875,1784808085.3230581,8,0.01972174644470215,0.0024652183055877686,True
3,2876,1784808085.34333,8,0.019993066787719727,0.002499133348464966,True
3,2877,1784808085.3642411,8,0.019405126571655273,0.002425640821456909,True
3,2878,1784808085.3840947,8,0.02238321304321289,0.0027979016304016113,True
3,2879,1784808085.4072452,8,0.01902008056640625,0.0023775100708007812,True
3,2880,1784808085.4268804,8,0.019917726516723633,0.002489715814590454,True
3,2881,1784808085.4476335,8,0.019901037216186523,0.0024876296520233154,True
3,2882,1784808085.468158,8,0.021664857864379883,0.0027081072330474854,True
3,2883,1784808085.4911098,8,0.01922774314880371,0.002403467893600464,True
3,2884,1784808085.5112627,8,0.018882036209106445,0.0023602545261383057,True
3,2885,1784808085.5309565,8,0.020704984664916992,0.002588123083114624,True
3,2886,1784808085.5522406,8,0.019337177276611328,0.002417147159576416,True
3,2887,1784808085.5726392,8,0.01982593536376953,0.0024782419204711914,True
3,2888,1784808085.5929422,8,0.01969766616821289,0.0024622082710266113,True
3,2889,1784808085.613401,8,0.021588563919067383,0.002698570489883423,True
3,2890,1784808085.6356087,8,0.018146276473999023,0.002268284559249878,True
3,2891,1784808085.6542976,8,0.02095818519592285,0.0026197731494903564,True
3,2892,1784808085.676179,8,0.020189762115478516,0.0025237202644348145,True
3,2893,1784808085.6968012,8,0.019896984100341797,0.0024871230125427246,True
3,2894,1784808085.717072,8,0.022432804107666016,0.002804100513458252,True
3,2895,1784808085.739851,8,0.021288394927978516,0.0026610493659973145,True
3,2896,1784808085.7615104,8,0.018849849700927734,0.002356231212615967,True
3,2897,1784808085.7806277,8,0.01918315887451172,0.002397894859313965,True
3,2898,1784808085.800305,8,0.022393465042114258,0.0027991831302642822,True
3,2899,1784808085.8235905,8,0.018911361694335938,0.002363920211791992,True
3,2900,1784808085.842895,8,0.01957869529724121,0.0024473369121551514,True
3,2901,1784808085.862935,8,0.020415306091308594,0.0025519132614135742,True
3,2902,1784808085.8836787,8,0.021182775497436523,0.0026478469371795654,True
3,2903,1784808085.9062257,8,0.019114255905151367,0.002389281988143921,True
3,2904,1784808085.9257329,8,0.018917083740234375,0.002364635467529297,True
3,2905,1784808085.945051,8,0.01976323127746582,0.0024704039096832275,True
3,2906,1784808085.965427,8,0.01983356475830078,0.0024791955947875977,True
3,2907,1784808085.985729,8,0.019833803176879883,0.0024792253971099854,True
3,2908,1784808086.0060394,8,0.020663738250732422,0.0025829672813415527,True
3,2909,1784808086.027157,8,0.017505645751953125,0.0021882057189941406,True
3,2910,1784808086.0449646,8,0.020981311798095703,0.002622663974761963,True
3,2911,1784808086.0664432,8,0.02003312110900879,0.0025041401386260986,True
3,2912,1784808086.0868227,8,0.02145981788635254,0.0026824772357940674,True
3,2913,1784808086.109067,8,0.019502639770507812,0.0024378299713134766,True
3,2914,1784808086.1292498,8,0.019021987915039062,0.002377748489379883,True
3,2915,1784808086.149936,8,0.019748449325561523,0.0024685561656951904,True
3,2916,1784808086.1700044,8,0.019768476486206055,0.002471059560775757,True
3,2917,1784808086.1903415,8,0.01620316505432129,0.002025395631790161,True
3,2918,1784808086.2068615,8,0.01881861686706543,0.0023523271083831787,True
