process_id,batch_id,timestamp,batch_size,batch_time_seconds,avg_query_time_seconds,success
14,1,1784808026.7338564,8,0.010916471481323242,0.0013645589351654053,True
14,2,1784808026.7540913,8,0.01139521598815918,0.0014244019985198975,True
14,3,1784808026.7680476,8,0.01313328742980957,0.0016416609287261963,True
14,4,1784808026.78327,8,0.011450529098510742,0.0014313161373138428,True
14,5,1784808026.7984192,8,0.010303258895874023,0.001287907361984253,True
14,6,1784808026.8215742,8,0.009522676467895508,0.0011903345584869385,True
14,7,1784808026.8315232,8,0.015323638916015625,0.0019154548645019531,True
14,8,1784808026.8481817,8,0.014868021011352539,0.0018585026264190674,True
14,9,1784808026.8635283,8,0.014433622360229492,0.0018042027950286865,True
14,10,1784808026.8785825,8,0.013389348983764648,0.001673668622970581,True
14,11,1784808026.8930047,8,0.014844655990600586,0.0018555819988250732,True
14,12,1784808026.9095142,8,0.011843442916870117,0.0014804303646087646,True
14,13,1784808026.9218674,8,0.017737627029418945,0.002217203378677368,True
14,14,1784808026.9410655,8,0.014341592788696289,0.0017926990985870361,True
14,15,1784808026.964256,8,0.0072939395904541016,0.0009117424488067627,True
14,16,1784808026.9839623,8,0.006003856658935547,0.0007504820823669434,True
14,17,1784808026.999885,8,0.00801539421081543,0.0010019242763519287,True
14,18,1784808027.019579,8,0.01376795768737793,0.0017209947109222412,True
14,19,1784808027.0347908,8,0.018004179000854492,0.0022505223751068115,True
14,20,1784808027.0538633,8,0.017184734344482422,0.0021480917930603027,True
14,21,1784808027.072369,8,0.016420602798461914,0.0020525753498077393,True
14,22,1784808027.1073303,8,0.0071260929107666016,0.0008907616138458252,True
14,23,1784808027.1294396,8,0.009080886840820312,0.001135110855102539,True
14,24,1784808027.1502578,8,0.011925935745239258,0.0014907419681549072,True
14,25,1784808027.173966,8,0.008080482482910156,0.0010100603103637695,True
14,26,1784808027.199104,8,0.009043455123901367,0.001130431890487671,True
14,27,1784808027.2190888,8,0.008140087127685547,0.0010175108909606934,True
14,28,1784808027.2434459,8,0.011906862258911133,0.0014883577823638916,True
14,29,1784808027.2629611,8,0.01401066780090332,0.001751333475112915,True
14,30,1784808027.2854462,8,0.013266801834106445,0.0016583502292633057,True
14,31,1784808027.3086507,8,0.012901544570922852,0.0016126930713653564,True
14,32,1784808027.3351638,8,0.007488250732421875,0.0009360313415527344,True
14,33,1784808027.3607707,8,0.007031679153442383,0.0008789598941802979,True
14,34,1784808027.3852901,8,0.013981103897094727,0.0017476379871368408,True
14,35,1784808027.4084225,8,0.011563301086425781,0.0014454126358032227,True
14,36,1784808027.4256802,8,0.01659846305847168,0.00207480788230896,True
14,37,1784808027.4433413,8,0.020007848739624023,0.002500981092453003,True
14,38,1784808027.4642112,8,0.01917886734008789,0.0023973584175109863,True
14,39,1784808027.4844792,8,0.01841568946838379,0.0023019611835479736,True
14,40,1784808027.5034819,8,0.01909494400024414,0.0023868680000305176,True
14,41,1784808027.5234942,8,0.017986774444580078,0.0022483468055725098,True
14,42,1784808027.542063,8,0.020282506942749023,0.002535313367843628,True
14,43,1784808027.5633311,8,0.019775390625,0.002471923828125,True
14,44,1784808027.5836756,8,0.021485090255737305,0.002685636281967163,True
14,45,1784808027.6066666,8,0.021448373794555664,0.002681046724319458,True
14,46,1784808027.6287246,8,0.020534276962280273,0.002566784620285034,True
14,47,1784808027.6501122,8,0.02473926544189453,0.0030924081802368164,True
14,48,1784808027.6785703,8,0.017826557159423828,0.0022283196449279785,True
14,49,1784808027.6982307,8,0.020543813705444336,0.002567976713180542,True
14,50,1784808027.7195685,8,0.01863837242126465,0.002329796552658081,True
14,51,1784808027.7388275,8,0.021188735961914062,0.002648591995239258,True
14,52,1784808027.7632837,8,0.017945528030395508,0.0022431910037994385,True
14,53,1784808027.7820785,8,0.01879572868347168,0.00234946608543396,True
14,54,1784808027.8016372,8,0.020410776138305664,0.002551347017288208,True
14,55,1784808027.8238723,8,0.019194841384887695,0.002399355173110962,True
14,56,1784808027.8444078,8,0.02035379409790039,0.002544224262237549,True
14,57,1784808027.865433,8,0.01995110511779785,0.0024938881397247314,True
14,58,1784808027.886393,8,0.02019333839416504,0.00252416729927063,True
14,59,1784808027.9071317,8,0.019249677658081055,0.002406209707260132,True
14,60,1784808027.9274607,8,0.01982402801513672,0.00247800350189209,True
14,61,1784808027.948017,8,0.02059626579284668,0.002574533224105835,True
14,62,1784808027.9693573,8,0.019945621490478516,0.0024932026863098145,True
14,63,1784808027.9902623,8,0.019951581954956055,0.002493947744369507,True
14,64,1784808028.0108576,8,0.020430803298950195,0.0025538504123687744,True
14,65,1784808028.0320168,8,0.021460533142089844,0.0026825666427612305,True
14,66,1784808028.0543723,8,0.019607067108154297,0.002450883388519287,True
14,67,1784808028.0746243,8,0.020506858825683594,0.0025633573532104492,True
14,68,1784808028.0955553,8,0.02061772346496582,0.0025772154331207275,True
14,69,1784808028.1167748,8,0.020521879196166992,0.002565234899520874,True
14,70,1784808028.1380038,8,0.018611669540405273,0.002326458692550659,True
14,71,1784808028.158213,8,0.019386768341064453,0.0024233460426330566,True
14,72,1784808028.178163,8,0.022011518478393555,0.0027514398097991943,True
14,73,1784808028.2008257,8,0.017565488815307617,0.002195686101913452,True
14,74,1784808028.219325,8,0.02192211151123047,0.0027402639389038086,True
14,75,1784808028.2419538,8,0.020215749740600586,0.0025269687175750732,True
14,76,1784808028.262854,8,0.02120375633239746,0.0026504695415496826,True
14,77,1784808028.2855995,8,0.020897388458251953,0.002612173557281494,True
14,78,1784808028.3074472,8,0.018009185791015625,0.002251148223876953,True
14,79,1784808028.3262815,8,0.02136063575744629,0.002670079469680786,True
14,80,1784808028.3492298,8,0.01911187171936035,0.002388983964920044,True
14,81,1784808028.369749,8,0.02095174789428711,0.0026189684867858887,True
14,82,1784808028.3911674,8,0.02000284194946289,0.0025003552436828613,True
14,83,1784808028.4121447,8,0.01927947998046875,0.0024099349975585938,True
14,84,1784808028.431966,8,0.019268035888671875,0.0024085044860839844,True
14,85,1784808028.4521132,8,0.0196688175201416,0.0024586021900177,True
14,86,1784808028.473439,8,0.019063234329223633,0.002382904291152954,True
14,87,1784808028.492939,8,0.01847076416015625,0.0023088455200195312,True
14,88,1784808028.512085,8,0.019405603408813477,0.0024257004261016846,True
14,89,1784808028.532164,8,0.020195484161376953,0.002524435520172119,True
14,90,1784808028.5532188,8,0.020291566848754883,0.0025364458560943604,True
14,91,1784808028.5740438,8,0.0199129581451416,0.0024891197681427,True
14,92,1784808028.5945966,8,0.018296480178833008,0.002287060022354126,True
14,93,1784808028.61341,8,0.020601511001586914,0.0025751888751983643,True
14,94,1784808028.6348329,8,0.020267486572265625,0.002533435821533203,True
14,95,1784808028.6559906,8,0.01997661590576172,0.002497076988220215,True
14,96,1784808028.6768792,8,0.018522977828979492,0.0023153722286224365,True
14,97,1784808028.6958601,8,0.02390432357788086,0.0029880404472351074,True
14,98,1784808028.7222738,8,0.020277738571166992,0.002534717321395874,True
14,99,1784808028.7437885,8,0.018942594528198242,0.0023678243160247803,True
14,100,1784808028.764206,8,0.021097660064697266,0.002637207508087158,True
14,101,1784808028.7868989,8,0.02088618278503418,0.0026107728481292725,True
14,102,1784808028.8090496,8,0.018487215042114258,0.0023109018802642822,True
14,103,1784808028.8281097,8,0.020154714584350586,0.0025193393230438232,True
14,104,1784808028.8489325,8,0.01897120475769043,0.0023714005947113037,True
14,105,1784808028.8685374,8,0.01886749267578125,0.0023584365844726562,True
14,106,1784808028.8879058,8,0.01821446418762207,0.002276808023452759,True
14,107,1784808028.9066806,8,0.01991105079650879,0.0024888813495635986,True
14,108,1784808028.927374,8,0.019254446029663086,0.0024068057537078857,True
14,109,1784808028.9470625,8,0.02045607566833496,0.00255700945854187,True
14,110,1784808028.9680755,8,0.01964092254638672,0.00245511531829834,True
14,111,1784808028.988442,8,0.019410133361816406,0.0024262666702270508,True
14,112,1784808029.0091555,8,0.01936626434326172,0.002420783042907715,True
14,113,1784808029.0295472,8,0.02064204216003418,0.0025802552700042725,True
14,114,1784808029.0513587,8,0.022008657455444336,0.002751082181930542,True
14,115,1784808029.0749373,8,0.018950462341308594,0.0023688077926635742,True
14,116,1784808029.095004,8,0.020393848419189453,0.0025492310523986816,True
14,117,1784808029.1163874,8,0.021494150161743164,0.0026867687702178955,True
14,118,1784808029.139561,8,0.01877903938293457,0.0023473799228668213,True
14,119,1784808029.1589525,8,0.01915264129638672,0.00239408016204834,True
14,120,1784808029.1789756,8,0.02403426170349121,0.0030042827129364014,True
14,121,1784808029.2040718,8,0.020827770233154297,0.002603471279144287,True
14,122,1784808029.2261465,8,0.018799543380737305,0.002349942922592163,True
14,123,1784808029.2470329,8,0.01979970932006836,0.002474963665008545,True
14,124,1784808029.2676759,8,0.0187990665435791,0.0023498833179473877,True
14,125,1784808029.287204,8,0.021232128143310547,0.0026540160179138184,True
14,126,1784808029.3090887,8,0.020010709762573242,0.0025013387203216553,True
14,127,1784808029.3294153,8,0.02151322364807129,0.002689152956008911,True
14,128,1784808029.3513472,8,0.02159404754638672,0.00269925594329834,True
14,129,1784808029.373605,8,0.019862651824951172,0.0024828314781188965,True
14,130,1784808029.3941565,8,0.021236419677734375,0.002654552459716797,True
14,131,1784808029.4159873,8,0.020490646362304688,0.002561330795288086,True
14,132,1784808029.4375403,8,0.02312612533569336,0.00289076566696167,True
14,133,1784808029.4614494,8,0.018436670303344727,0.002304583787918091,True
14,134,1784808029.4810188,8,0.019921064376831055,0.002490133047103882,True
14,135,1784808029.501504,8,0.019858837127685547,0.0024823546409606934,True
14,136,1784808029.5220482,8,0.0185701847076416,0.0023212730884552,True
14,137,1784808029.5409358,8,0.020483732223510742,0.0025604665279388428,True
14,138,1784808029.5617168,8,0.018872737884521484,0.0023590922355651855,True
14,139,1784808029.5809238,8,0.019892215728759766,0.0024865269660949707,True
14,140,1784808029.6013904,8,0.02012014389038086,0.0025150179862976074,True
14,141,1784808029.6218064,8,0.019405603408813477,0.0024257004261016846,True
14,142,1784808029.641478,8,0.020407438278198242,0.0025509297847747803,True
14,143,1784808029.662219,8,0.023646831512451172,0.0029558539390563965,True
14,144,1784808029.6862283,8,0.019539356231689453,0.0024424195289611816,True
14,145,1784808029.7061892,8,0.01985907554626465,0.002482384443283081,True
14,146,1784808029.7263432,8,0.021567106246948242,0.0026958882808685303,True
14,147,1784808029.7483568,8,0.021422863006591797,0.0026778578758239746,True
14,148,1784808029.7701445,8,0.01877284049987793,0.002346605062484741,True
14,149,1784808029.78927,8,0.021017789840698242,0.0026272237300872803,True
14,150,1784808029.8119602,8,0.018967628479003906,0.0023709535598754883,True
14,151,1784808029.8312995,8,0.020624399185180664,0.002578049898147583,True
14,152,1784808029.852212,8,0.02210831642150879,0.0027635395526885986,True
14,153,1784808029.8746758,8,0.020898818969726562,0.0026123523712158203,True
14,154,1784808029.8962536,8,0.02117180824279785,0.0026464760303497314,True
14,155,1784808029.9178603,8,0.02026987075805664,0.00253373384475708,True
14,156,1784808029.9389095,8,0.020969390869140625,0.002621173858642578,True
14,157,1784808029.960261,8,0.020507097244262695,0.002563387155532837,True
14,158,1784808029.9811835,8,0.020538330078125,0.002567291259765625,True
14,159,1784808030.0021589,8,0.019780397415161133,0.0024725496768951416,True
14,160,1784808030.022236,8,0.021218061447143555,0.0026522576808929443,True
14,161,1784808030.0438733,8,0.019242048263549805,0.0024052560329437256,True
14,162,1784808030.0634124,8,0.019675254821777344,0.002459406852722168,True
14,163,1784808030.0835586,8,0.02141857147216797,0.002677321434020996,True
14,164,1784808030.1071181,8,0.01787567138671875,0.0022344589233398438,True
14,165,1784808030.1255243,8,0.023766040802001953,0.002970755100250244,True
14,166,1784808030.1498828,8,0.019005775451660156,0.0023757219314575195,True
14,167,1784808030.169301,8,0.01962566375732422,0.0024532079696655273,True
14,168,1784808030.1892254,8,0.02121281623840332,0.002651602029800415,True
14,169,1784808030.2108116,8,0.020613670349121094,0.0025767087936401367,True
14,170,1784808030.2317162,8,0.020441770553588867,0.0025552213191986084,True
14,171,1784808030.2532449,8,0.019307613372802734,0.002413451671600342,True
14,172,1784808030.2730792,8,0.019190073013305664,0.002398759126663208,True
14,173,1784808030.2926373,8,0.019909143447875977,0.002488642930984497,True
14,174,1784808030.3129485,8,0.022836685180664062,0.002854585647583008,True
14,175,1784808030.3366494,8,0.01982426643371582,0.0024780333042144775,True
14,176,1784808030.357297,8,0.020843982696533203,0.0026054978370666504,True
14,177,1784808030.3784559,8,0.020841598510742188,0.0026051998138427734,True
14,178,1784808030.3999097,8,0.019539833068847656,0.002442479133605957,True
14,179,1784808030.4198194,8,0.021304845809936523,0.0026631057262420654,True
14,180,1784808030.4419637,8,0.019764184951782227,0.0024705231189727783,True
14,181,1784808030.462164,8,0.02079033851623535,0.002598792314529419,True
14,182,1784808030.4839373,8,0.020748615264892578,0.0025935769081115723,True
14,183,1784808030.5059364,8,0.018445730209350586,0.0023057162761688232,True
14,184,1784808030.5247593,8,0.020714998245239258,0.0025893747806549072,True
14,185,1784808030.5458999,8,0.022827863693237305,0.002853482961654663,True
14,186,1784808030.575919,8,0.016843557357788086,0.0021054446697235107,True
14,187,1784808030.5936406,8,0.018874645233154297,0.002359330654144287,True
14,188,1784808030.6136692,8,0.02030038833618164,0.002537548542022705,True
14,189,1784808030.6344078,8,0.019670963287353516,0.0024588704109191895,True
14,190,1784808030.6562352,8,0.020293474197387695,0.002536684274673462,True
14,191,1784808030.677214,8,0.019166946411132812,0.0023958683013916016,True
14,192,1784808030.6970696,8,0.020157337188720703,0.002519667148590088,True
14,193,1784808030.720392,8,0.022032737731933594,0.0027540922164916992,True
14,194,1784808030.7428222,8,0.020140886306762695,0.002517610788345337,True
14,195,1784808030.763261,8,0.019451379776000977,0.002431422472000122,True
14,196,1784808030.783147,8,0.021164417266845703,0.002645552158355713,True
14,197,1784808030.804608,8,0.021078824996948242,0.0026348531246185303,True
14,198,1784808030.82602,8,0.020106792449951172,0.0025133490562438965,True
14,199,1784808030.846547,8,0.019803524017333984,0.002475440502166748,True
14,200,1784808030.867291,8,0.020714759826660156,0.0025893449783325195,True
14,201,1784808030.888434,8,0.020166397094726562,0.0025207996368408203,True
14,202,1784808030.911988,8,0.024066448211669922,0.0030083060264587402,True
14,203,1784808030.9369504,8,0.017340421676635742,0.0021675527095794678,True
14,204,1784808030.9547026,8,0.019443988800048828,0.0024304986000061035,True
14,205,1784808030.9747043,8,0.020987272262573242,0.0026234090328216553,True
14,206,1784808030.9963584,8,0.023351192474365234,0.0029188990592956543,True
14,207,1784808031.0206409,8,0.019942283630371094,0.0024927854537963867,True
14,208,1784808031.040986,8,0.018958568572998047,0.002369821071624756,True
14,209,1784808031.061402,8,0.02086353302001953,0.0026079416275024414,True
14,210,1784808031.082554,8,0.0202481746673584,0.0025310218334198,True
14,211,1784808031.103349,8,0.020502567291259766,0.0025628209114074707,True
14,212,1784808031.124214,8,0.0198819637298584,0.0024852454662323,True
14,213,1784808031.1453125,8,0.01919698715209961,0.002399623394012451,True
14,214,1784808031.1648602,8,0.02066946029663086,0.0025836825370788574,True
14,215,1784808031.18625,8,0.01923084259033203,0.002403855323791504,True
14,216,1784808031.2061179,8,0.019843578338623047,0.002480447292327881,True
14,217,1784808031.2264159,8,0.018713712692260742,0.0023392140865325928,True
14,218,1784808031.2455745,8,0.02061748504638672,0.00257718563079834,True
14,219,1784808031.2665908,8,0.020344972610473633,0.002543121576309204,True
14,220,1784808031.2875907,8,0.020258665084838867,0.0025323331356048584,True
14,221,1784808031.308436,8,0.01929306983947754,0.0024116337299346924,True
14,222,1784808031.3283062,8,0.021699190139770508,0.0027123987674713135,True
14,223,1784808031.3508773,8,0.018854141235351562,0.0023567676544189453,True
14,224,1784808031.37025,8,0.018908977508544922,0.0023636221885681152,True
14,225,1784808031.3895013,8,0.02161860466003418,0.0027023255825042725,True
14,226,1784808031.411998,8,0.018838167190551758,0.0023547708988189697,True
14,227,1784808031.4312322,8,0.020906448364257812,0.0026133060455322266,True
14,228,1784808031.4525225,8,0.0220794677734375,0.0027599334716796875,True
14,229,1784808031.474919,8,0.022156476974487305,0.002769559621810913,True
14,230,1784808031.4976182,8,0.019655942916870117,0.0024569928646087646,True
14,231,1784808031.517555,8,0.021327972412109375,0.002665996551513672,True
14,232,1784808031.539233,8,0.021408796310424805,0.0026760995388031006,True
14,233,1784808031.5614393,8,0.02005910873413086,0.0025073885917663574,True
14,234,1784808031.5819821,8,0.019854068756103516,0.0024817585945129395,True
14,235,1784808031.6025813,8,0.019651174545288086,0.0024563968181610107,True
14,236,1784808031.6225595,8,0.019947052001953125,0.0024933815002441406,True
14,237,1784808031.642867,8,0.019823074340820312,0.002477884292602539,True
14,238,1784808031.6634023,8,0.01925349235534668,0.002406686544418335,True
14,239,1784808031.683873,8,0.018312454223632812,0.0022890567779541016,True
14,240,1784808031.7026637,8,0.021611690521240234,0.0027014613151550293,True
14,241,1784808031.7248964,8,0.019629955291748047,0.002453744411468506,True
14,242,1784808031.7453115,8,0.021605968475341797,0.0027007460594177246,True
14,243,1784808031.767696,8,0.019070863723754883,0.0023838579654693604,True
14,244,1784808031.7871575,8,0.021967649459838867,0.0027459561824798584,True
14,245,1784808031.8099513,8,0.021260738372802734,0.002657592296600342,True
14,246,1784808031.8316588,8,0.020433902740478516,0.0025542378425598145,True
14,247,1784808031.8524415,8,0.019578218460083008,0.002447277307510376,True
14,248,1784808031.872502,8,0.02017807960510254,0.0025222599506378174,True
14,249,1784808031.893329,8,0.021532058715820312,0.002691507339477539,True
14,250,1784808031.9152615,8,0.02030038833618164,0.002537548542022705,True
14,251,1784808031.935915,8,0.019768238067626953,0.002471029758453369,True
14,252,1784808031.956518,8,0.02047562599182129,0.002559453248977661,True
14,253,1784808031.9779148,8,0.019654035568237305,0.002456754446029663,True
14,254,1784808031.9979916,8,0.022240161895751953,0.002780020236968994,True
14,255,1784808032.021218,8,0.02118849754333496,0.00264856219291687,True
14,256,1784808032.043596,8,0.01929306983947754,0.0024116337299346924,True
14,257,1784808032.06381,8,0.018909931182861328,0.002363741397857666,True
14,258,1784808032.0831683,8,0.020189523696899414,0.0025236904621124268,True
14,259,1784808032.1044374,8,0.020168542861938477,0.0025210678577423096,True
14,260,1784808032.1250622,8,0.02211737632751465,0.002764672040939331,True
14,261,1784808032.1476908,8,0.020018339157104492,0.0025022923946380615,True
14,262,1784808032.1683705,8,0.020478248596191406,0.0025597810745239258,True
14,263,1784808032.1893373,8,0.020223379135131836,0.0025279223918914795,True
14,264,1784808032.2106357,8,0.019655704498291016,0.002456963062286377,True
14,265,1784808032.2308524,8,0.02130746841430664,0.00266343355178833,True
14,266,1784808032.2524965,8,0.02178335189819336,0.00272291898727417,True
14,267,1784808032.2746232,8,0.020460128784179688,0.002557516098022461,True
14,268,1784808032.2954543,8,0.021206378936767578,0.0026507973670959473,True
14,269,1784808032.316948,8,0.019605398178100586,0.0024506747722625732,True
14,270,1784808032.3369715,8,0.02030467987060547,0.0025380849838256836,True
14,271,1784808032.3579009,8,0.02002406120300293,0.002503007650375366,True
14,272,1784808032.3783154,8,0.021636962890625,0.002704620361328125,True
14,273,1784808032.4002993,8,0.02144455909729004,0.002680569887161255,True
14,274,1784808032.422086,8,0.021161556243896484,0.0026451945304870605,True
14,275,1784808032.443574,8,0.018630504608154297,0.002328813076019287,True
14,276,1784808032.4625082,8,0.020725011825561523,0.0025906264781951904,True
14,277,1784808032.484057,8,0.01844310760498047,0.0023053884506225586,True
14,278,1784808032.50313,8,0.01822519302368164,0.002278149127960205,True
14,279,1784808032.5216377,8,0.021222591400146484,0.0026528239250183105,True
14,280,1784808032.543904,8,0.01968216896057129,0.002460271120071411,True
14,281,1784808032.5639243,8,0.02103424072265625,0.0026292800903320312,True
14,282,1784808032.585401,8,0.019700288772583008,0.002462536096572876,True
14,283,1784808032.6054804,8,0.022028207778930664,0.002753525972366333,True
14,284,1784808032.627835,8,0.020537137985229492,0.0025671422481536865,True
14,285,1784808032.648704,8,0.0191957950592041,0.0023994743824005127,True
14,286,1784808032.6684022,8,0.02161383628845215,0.0027017295360565186,True
14,287,1784808032.6908739,8,0.020420074462890625,0.002552509307861328,True
14,288,1784808032.712083,8,0.022547006607055664,0.002818375825881958,True
14,289,1784808032.734933,8,0.018908023834228516,0.0023635029792785645,True
14,290,1784808032.755679,8,0.022090911865234375,0.002761363983154297,True
14,291,1784808032.7785165,8,0.020305156707763672,0.002538144588470459,True
14,292,1784808032.7993565,8,0.021351099014282227,0.0026688873767852783,True
14,293,1784808032.82154,8,0.01974654197692871,0.002468317747116089,True
14,294,1784808032.8418367,8,0.020393848419189453,0.0025492310523986816,True
14,295,1784808032.8625672,8,0.018334627151489258,0.0022918283939361572,True
14,296,1784808032.881459,8,0.020756959915161133,0.0025946199893951416,True
14,297,1784808032.9045563,8,0.019784927368164062,0.002473115921020508,True
14,298,1784808032.9253654,8,0.019400835037231445,0.0024251043796539307,True
14,299,1784808032.945105,8,0.019734621047973633,0.002466827630996704,True
14,300,1784808032.9656546,8,0.020571231842041016,0.002571403980255127,True
14,301,1784808032.9866722,8,0.02172255516052246,0.0027153193950653076,True
14,302,1784808033.0092936,8,0.02179884910583496,0.00272485613822937,True
14,303,1784808033.031508,8,0.018130779266357422,0.0022663474082946777,True
14,304,1784808033.0505517,8,0.021143198013305664,0.002642899751663208,True
14,305,1784808033.072359,8,0.019709348678588867,0.0024636685848236084,True
14,306,1784808033.0924592,8,0.020610570907592773,0.0025763213634490967,True
14,307,1784808033.11628,8,0.018468379974365234,0.0023085474967956543,True
14,308,1784808033.1350865,8,0.020136594772338867,0.0025170743465423584,True
14,309,1784808033.1555328,8,0.020128726959228516,0.0025160908699035645,True
14,310,1784808033.176561,8,0.0209200382232666,0.002615004777908325,True
14,311,1784808033.1981988,8,0.020710229873657227,0.0025887787342071533,True
14,312,1784808033.2193205,8,0.01958489418029785,0.0024481117725372314,True
14,313,1784808033.2395525,8,0.018742084503173828,0.0023427605628967285,True
14,314,1784808033.2591543,8,0.022335290908813477,0.0027919113636016846,True
14,315,1784808033.282087,8,0.022511720657348633,0.002813965082168579,True
14,316,1784808033.305655,8,0.018256187438964844,0.0022820234298706055,True
14,317,1784808033.3244123,8,0.019504547119140625,0.002438068389892578,True
14,318,1784808033.344258,8,0.02138209342956543,0.0026727616786956787,True
14,319,1784808033.3669064,8,0.020657777786254883,0.0025822222232818604,True
14,320,1784808033.3880174,8,0.019688129425048828,0.0024610161781311035,True
14,321,1784808033.4086776,8,0.019965171813964844,0.0024956464767456055,True
14,322,1784808033.4292479,8,0.019936561584472656,0.002492070198059082,True
14,323,1784808033.449957,8,0.01914191246032715,0.0023927390575408936,True
14,324,1784808033.470054,8,0.018912792205810547,0.0023640990257263184,True
14,325,1784808033.4894109,8,0.019640684127807617,0.002455085515975952,True
14,326,1784808033.509665,8,0.022478103637695312,0.002809762954711914,True
14,327,1784808033.5329857,8,0.022707700729370117,0.0028384625911712646,True
14,328,1784808033.5559933,8,0.01973867416381836,0.002467334270477295,True
14,329,1784808033.5762777,8,0.01996922492980957,0.0024961531162261963,True
14,330,1784808033.5967705,8,0.02053999900817871,0.002567499876022339,True
14,331,1784808033.6181,8,0.022845983505249023,0.002855747938156128,True
14,332,1784808033.6414974,8,0.01947164535522461,0.002433955669403076,True
14,333,1784808033.6613178,8,0.019128799438476562,0.0023910999298095703,True
14,334,1784808033.6812508,8,0.019703388214111328,0.002462923526763916,True
14,335,1784808033.7016983,8,0.020925521850585938,0.002615690231323242,True
14,336,1784808033.723129,8,0.02140355110168457,0.0026754438877105713,True
14,337,1784808033.7454863,8,0.021057605743408203,0.0026322007179260254,True
14,338,1784808033.7670956,8,0.020261049270629883,0.0025326311588287354,True
14,339,1784808033.7877414,8,0.0194704532623291,0.0024338066577911377,True
14,340,1784808033.80813,8,0.020284414291381836,0.0025355517864227295,True
14,341,1784808033.8290079,8,0.020648956298828125,0.0025811195373535156,True
14,342,1784808033.8500075,8,0.0243985652923584,0.0030498206615448,True
14,343,1784808033.8747694,8,0.01892828941345215,0.0023660361766815186,True
14,344,1784808033.8945968,8,0.02183365821838379,0.0027292072772979736,True
14,345,1784808033.9168727,8,0.01983332633972168,0.00247916579246521,True
14,346,1784808033.9372456,8,0.021375417709350586,0.0026719272136688232,True
14,347,1784808033.9590108,8,0.019071578979492188,0.0023839473724365234,True
14,348,1784808033.979324,8,0.02081131935119629,0.002601414918899536,True
14,349,1784808034.0004513,8,0.021031618118286133,0.0026289522647857666,True
14,350,1784808034.0221207,8,0.021431684494018555,0.0026789605617523193,True
14,351,1784808034.0438514,8,0.020104169845581055,0.002513021230697632,True
14,352,1784808034.0645883,8,0.01923394203186035,0.002404242753982544,True
14,353,1784808034.0852294,8,0.02047896385192871,0.002559870481491089,True
14,354,1784808034.1064134,8,0.021726608276367188,0.0027158260345458984,True
14,355,1784808034.1291294,8,0.020969629287719727,0.002621203660964966,True
14,356,1784808034.1505828,8,0.019284963607788086,0.0024106204509735107,True
14,357,1784808034.1705642,8,0.021930932998657227,0.0027413666248321533,True
14,358,1784808034.1929243,8,0.020325183868408203,0.0025406479835510254,True
14,359,1784808034.213682,8,0.022166013717651367,0.002770751714706421,True
14,360,1784808034.2362576,8,0.020235538482666016,0.002529442310333252,True
14,361,1784808034.256944,8,0.02066802978515625,0.0025835037231445312,True
14,362,1784808034.2788057,8,0.02013707160949707,0.002517133951187134,True
14,363,1784808034.2993746,8,0.020575761795043945,0.002571970224380493,True
14,364,1784808034.3204396,8,0.01986408233642578,0.0024830102920532227,True
14,365,1784808034.340807,8,0.020539522171020508,0.0025674402713775635,True
14,366,1784808034.361835,8,0.02180957794189453,0.0027261972427368164,True
14,367,1784808034.3840497,8,0.0192415714263916,0.00240519642829895,True
14,368,1784808034.4037077,8,0.02189946174621582,0.0027374327182769775,True
14,369,1784808034.42633,8,0.022536754608154297,0.002817094326019287,True
14,370,1784808034.4491897,8,0.017073869705200195,0.0021342337131500244,True
14,371,1784808034.46734,8,0.021755456924438477,0.0027194321155548096,True
14,372,1784808034.4906507,8,0.021036148071289062,0.002629518508911133,True
14,373,1784808034.5131042,8,0.018953800201416016,0.002369225025177002,True
14,374,1784808034.5327523,8,0.018836259841918945,0.002354532480239868,True
14,375,1784808034.5524235,8,0.018545150756835938,0.002318143844604492,True
14,376,1784808034.5723994,8,0.019702911376953125,0.0024628639221191406,True
14,377,1784808034.5925624,8,0.020885229110717773,0.0026106536388397217,True
14,378,1784808034.6137526,8,0.020932912826538086,0.0026166141033172607,True
14,379,1784808034.63512,8,0.01904010772705078,0.0023800134658813477,True
14,380,1784808034.6544614,8,0.021459579467773438,0.0026824474334716797,True
14,381,1784808034.676292,8,0.020001888275146484,0.0025002360343933105,True
14,382,1784808034.696694,8,0.019912004470825195,0.0024890005588531494,True
14,383,1784808034.717197,8,0.018985986709594727,0.002373248338699341,True
14,384,1784808034.7385783,8,0.02050638198852539,0.002563297748565674,True
14,385,1784808034.7602277,8,0.01898789405822754,0.0023734867572784424,True
14,386,1784808034.779622,8,0.019098281860351562,0.0023872852325439453,True
14,387,1784808034.7993593,8,0.020600318908691406,0.0025750398635864258,True
14,388,1784808034.8207564,8,0.019712448120117188,0.0024640560150146484,True
14,389,1784808034.8408809,8,0.021309375762939453,0.0026636719703674316,True
14,390,1784808034.8627846,8,0.020204782485961914,0.0025255978107452393,True
14,391,1784808034.8835042,8,0.01980900764465332,0.002476125955581665,True
14,392,1784808034.9039476,8,0.020445585250854492,0.0025556981563568115,True
14,393,1784808034.9250119,8,0.02197742462158203,0.002747178077697754,True
14,394,1784808034.9479516,8,0.018712520599365234,0.0023390650749206543,True
14,395,1784808034.9672256,8,0.02158951759338379,0.0026986896991729736,True
14,396,1784808034.9892564,8,0.020308971405029297,0.002538621425628662,True
14,397,1784808035.0103154,8,0.020261526107788086,0.0025326907634735107,True
14,398,1784808035.0310466,8,0.021801471710205078,0.0027251839637756348,True
14,399,1784808035.0536666,8,0.020036935806274414,0.0025046169757843018,True
14,400,1784808035.0745664,8,0.019158363342285156,0.0023947954177856445,True
14,401,1784808035.0941536,8,0.02000880241394043,0.0025011003017425537,True
14,402,1784808035.1145651,8,0.02214837074279785,0.0027685463428497314,True
14,403,1784808035.1378372,8,0.020093679428100586,0.0025117099285125732,True
14,404,1784808035.158518,8,0.020968914031982422,0.0026211142539978027,True
14,405,1784808035.1799393,8,0.018819093704223633,0.002352386713027954,True
14,406,1784808035.1992135,8,0.019797563552856445,0.0024746954441070557,True
14,407,1784808035.2194211,8,0.019696474075317383,0.002462059259414673,True
14,408,1784808035.2395246,8,0.02083134651184082,0.0026039183139801025,True
14,409,1784808035.2607539,8,0.019797086715698242,0.0024746358394622803,True
14,410,1784808035.2810078,8,0.021595001220703125,0.0026993751525878906,True
14,411,1784808035.3041255,8,0.01849198341369629,0.002311497926712036,True
14,412,1784808035.3230908,8,0.021694183349609375,0.002711772918701172,True
14,413,1784808035.3453894,8,0.018532514572143555,0.0023165643215179443,True
14,414,1784808035.3646295,8,0.020493268966674805,0.0025616586208343506,True
14,415,1784808035.3857284,8,0.01990485191345215,0.0024881064891815186,True
14,416,1784808035.4065545,8,0.02118682861328125,0.0026483535766601562,True
14,417,1784808035.4280553,8,0.023464441299438477,0.0029330551624298096,True
14,418,1784808035.4520633,8,0.02069854736328125,0.0025873184204101562,True
14,419,1784808035.4740784,8,0.02028942108154297,0.002536177635192871,True
14,420,1784808035.4947915,8,0.019255876541137695,0.002406984567642212,True
14,421,1784808035.5143573,8,0.020407438278198242,0.0025509297847747803,True
14,422,1784808035.5350783,8,0.01911640167236328,0.00238955020904541,True
14,423,1784808035.554752,8,0.02088785171508789,0.0026109814643859863,True
14,424,1784808035.5760164,8,0.019045591354370117,0.0023806989192962646,True
14,425,1784808035.5957682,8,0.02084827423095703,0.002606034278869629,True
14,426,1784808035.6173377,8,0.02006816864013672,0.00250852108001709,True
14,427,1784808035.6380548,8,0.021106958389282227,0.0026383697986602783,True
14,428,1784808035.6595423,8,0.02066802978515625,0.0025835037231445312,True
14,429,1784808035.6808896,8,0.023566246032714844,0.0029457807540893555,True
14,430,1784808035.705759,8,0.02254343032836914,0.0028179287910461426,True
14,431,1784808035.7286901,8,0.021866321563720703,0.002733290195465088,True
14,432,1784808035.7512083,8,0.02118396759033203,0.002647995948791504,True
14,433,1784808035.773015,8,0.022037267684936523,0.0027546584606170654,True
14,434,1784808035.7963753,8,0.02184772491455078,0.0027309656143188477,True
14,435,1784808035.8186266,8,0.020592927932739258,0.0025741159915924072,True
14,436,1784808035.840235,8,0.019526004791259766,0.0024407505989074707,True
14,437,1784808035.8601751,8,0.020330429077148438,0.0025413036346435547,True
14,438,1784808035.881519,8,0.018714427947998047,0.002339303493499756,True
14,439,1784808035.9006166,8,0.022002220153808594,0.0027502775192260742,True
14,440,1784808035.9258158,8,0.0203092098236084,0.00253865122795105,True
14,441,1784808035.94649,8,0.020302295684814453,0.0025377869606018066,True
14,442,1784808035.9674907,8,0.019848108291625977,0.002481013536453247,True
14,443,1784808035.9878528,8,0.019202709197998047,0.002400338649749756,True
14,444,1784808036.0076895,8,0.021297216415405273,0.002662152051925659,True
14,445,1784808036.0301015,8,0.020076751708984375,0.002509593963623047,True
14,446,1784808036.0505993,8,0.01969623565673828,0.002462029457092285,True
14,447,1784808036.0709915,8,0.020004749298095703,0.002500593662261963,True
14,448,1784808036.0917609,8,0.02241659164428711,0.0028020739555358887,True
14,449,1784808036.1146083,8,0.0200960636138916,0.00251200795173645,True
14,450,1784808036.135336,8,0.020058155059814453,0.0025072693824768066,True
14,451,1784808036.155823,8,0.018738746643066406,0.0023423433303833008,True
14,452,1784808036.1756601,8,0.020869731903076172,0.0026087164878845215,True
14,453,1784808036.1970181,8,0.0206146240234375,0.0025768280029296875,True
14,454,1784808036.2185693,8,0.021877527236938477,0.0027346909046173096,True
14,455,1784808036.2409275,8,0.019392013549804688,0.002424001693725586,True
14,456,1784808036.260701,8,0.02008986473083496,0.00251123309135437,True
14,457,1784808036.2811368,8,0.022516250610351562,0.0028145313262939453,True
14,458,1784808036.305101,8,0.01988387107849121,0.0024854838848114014,True
14,459,1784808036.3254414,8,0.01888561248779297,0.002360701560974121,True
14,460,1784808036.3447692,8,0.019933462142944336,0.002491682767868042,True
14,461,1784808036.3655987,8,0.018393993377685547,0.0022992491722106934,True
14,462,1784808036.3844497,8,0.021477937698364258,0.0026847422122955322,True
14,463,1784808036.4063232,8,0.019746780395507812,0.0024683475494384766,True
14,464,1784808036.4267478,8,0.02096080780029297,0.002620100975036621,True
14,465,1784808036.448136,8,0.020186662673950195,0.0025233328342437744,True
14,466,1784808036.4687169,8,0.019900083541870117,0.0024875104427337646,True
14,467,1784808036.4890926,8,0.020481348037719727,0.002560168504714966,True
14,468,1784808036.5099714,8,0.019253015518188477,0.0024066269397735596,True
14,469,1784808036.5297172,8,0.01938939094543457,0.0024236738681793213,True
14,470,1784808036.5497885,8,0.019173145294189453,0.0023966431617736816,True
14,471,1784808036.5693378,8,0.02283024787902832,0.00285378098487854,True
14,472,1784808036.5924826,8,0.02008795738220215,0.0025109946727752686,True
14,473,1784808036.6130037,8,0.018037796020507812,0.0022547245025634766,True
14,474,1784808036.6317914,8,0.020125389099121094,0.0025156736373901367,True
14,475,1784808036.6524405,8,0.020946502685546875,0.0026183128356933594,True
14,476,1784808036.6738896,8,0.019025087356567383,0.002378135919570923,True
14,477,1784808036.6934614,8,0.020924806594848633,0.002615600824356079,True
14,478,1784808036.714975,8,0.01951766014099121,0.0024397075176239014,True
14,479,1784808036.7379556,8,0.01520395278930664,0.00190049409866333,True
14,480,1784808036.7535794,8,0.020186424255371094,0.0025233030319213867,True
14,481,1784808036.7741113,8,0.018822669982910156,0.0023528337478637695,True
14,482,1784808036.7938368,8,0.021013498306274414,0.0026266872882843018,True
14,483,1784808036.8152728,8,0.018907546997070312,0.002363443374633789,True
14,484,1784808036.8346283,8,0.01815629005432129,0.002269536256790161,True
14,485,1784808036.853177,8,0.021661758422851562,0.0027077198028564453,True
14,486,1784808036.875285,8,0.020102262496948242,0.0025127828121185303,True
14,487,1784808036.8957546,8,0.02066516876220703,0.002583146095275879,True
14,488,1784808036.9167957,8,0.02085089683532715,0.0026063621044158936,True
14,489,1784808036.9382708,8,0.019643306732177734,0.002455413341522217,True
14,490,1784808036.9597223,8,0.022198200225830078,0.0027747750282287598,True
14,491,1784808036.9825308,8,0.019622087478637695,0.002452760934829712,True
14,492,1784808037.0025747,8,0.020483970642089844,0.0025604963302612305,True
14,493,1784808037.0236027,8,0.018301010131835938,0.002287626266479492,True
14,494,1784808037.0422478,8,0.020923614501953125,0.0026154518127441406,True
14,495,1784808037.0636108,8,0.019690513610839844,0.0024613142013549805,True
14,496,1784808037.0836482,8,0.020076513290405273,0.002509564161300659,True
14,497,1784808037.1041512,8,0.020581722259521484,0.0025727152824401855,True
14,498,1784808037.1254592,8,0.0189971923828125,0.0023746490478515625,True
14,499,1784808037.1457176,8,0.019768953323364258,0.0024711191654205322,True
14,500,1784808037.1663496,8,0.01948261260986328,0.00243532657623291,True
14,501,1784808037.186295,8,0.02087855339050293,0.002609819173812866,True
14,502,1784808037.2076073,8,0.01978445053100586,0.0024730563163757324,True
14,503,1784808037.2277417,8,0.02230048179626465,0.002787560224533081,True
14,504,1784808037.251015,8,0.01981639862060547,0.0024770498275756836,True
14,505,1784808037.2715943,8,0.019486665725708008,0.002435833215713501,True
14,506,1784808037.291674,8,0.0188751220703125,0.0023593902587890625,True
14,507,1784808037.3110514,8,0.021512269973754883,0.0026890337467193604,True
14,508,1784808037.3331668,8,0.020928621292114258,0.0026160776615142822,True
14,509,1784808037.354938,8,0.01849675178527832,0.00231209397315979,True
14,510,1784808037.3743052,8,0.021198511123657227,0.0026498138904571533,True
14,511,1784808037.39592,8,0.019376277923583984,0.002422034740447998,True
14,512,1784808037.4156916,8,0.020357847213745117,0.0025447309017181396,True
14,513,1784808037.436444,8,0.020510435104370117,0.0025638043880462646,True
14,514,1784808037.4576054,8,0.019704580307006836,0.0024630725383758545,True
14,515,1784808037.4776866,8,0.021906614303588867,0.0027383267879486084,True
14,516,1784808037.5004692,8,0.017934560775756836,0.0022418200969696045,True
14,517,1784808037.5189703,8,0.021425485610961914,0.0026781857013702393,True
14,518,1784808037.5408974,8,0.01906108856201172,0.002382636070251465,True
14,519,1784808037.560298,8,0.019506454467773438,0.0024383068084716797,True
14,520,1784808037.5803044,8,0.01997661590576172,0.002497076988220215,True
14,521,1784808037.600645,8,0.02128291130065918,0.0026603639125823975,True
14,522,1784808037.6225955,8,0.019415616989135742,0.0024269521236419678,True
14,523,1784808037.6436913,8,0.020159482955932617,0.002519935369491577,True
14,524,1784808037.6656945,8,0.019716739654541016,0.002464592456817627,True
14,525,1784808037.6857884,8,0.019951820373535156,0.0024939775466918945,True
14,526,1784808037.706148,8,0.019504547119140625,0.002438068389892578,True
14,527,1784808037.7263465,8,0.02126002311706543,0.0026575028896331787,True
14,528,1784808037.748138,8,0.020016908645629883,0.0025021135807037354,True
14,529,1784808037.7687793,8,0.019966602325439453,0.0024958252906799316,True
14,530,1784808037.7898679,8,0.018665075302124023,0.002333134412765503,True
14,531,1784808037.8091848,8,0.019951581954956055,0.002493947744369507,True
14,532,1784808037.8297327,8,0.01945972442626953,0.0024324655532836914,True
14,533,1784808037.8498144,8,0.02291393280029297,0.002864241600036621,True
14,534,1784808037.8735156,8,0.01921367645263672,0.00240170955657959,True
14,535,1784808037.8939748,8,0.019200563430786133,0.0024000704288482666,True
14,536,1784808037.9135475,8,0.019844532012939453,0.0024805665016174316,True
14,537,1784808037.933769,8,0.020117998123168945,0.002514749765396118,True
14,538,1784808037.9544525,8,0.02030634880065918,0.0025382936000823975,True
14,539,1784808037.976557,8,0.02096843719482422,0.0026210546493530273,True
14,540,1784808037.9994802,8,0.019911527633666992,0.002488940954208374,True
14,541,1784808038.0204024,8,0.019647598266601562,0.0024559497833251953,True
14,542,1784808038.0409482,8,0.02120041847229004,0.002650052309036255,True
14,543,1784808038.064324,8,0.01857590675354004,0.002321988344192505,True
14,544,1784808038.0833476,8,0.01948833465576172,0.002436041831970215,True
14,545,1784808038.1035104,8,0.01908421516418457,0.0023855268955230713,True
14,546,1784808038.1233323,8,0.01984095573425293,0.002480119466781616,True
14,547,1784808038.1436646,8,0.02199554443359375,0.0027494430541992188,True
14,548,1784808038.1662536,8,0.021319866180419922,0.0026649832725524902,True
14,549,1784808038.1880555,8,0.0205538272857666,0.002569228410720825,True
14,550,1784808038.209173,8,0.0195925235748291,0.0024490654468536377,True
14,551,1784808038.2295036,8,0.02208542823791504,0.00276067852973938,True
14,552,1784808038.2524188,8,0.020448923110961914,0.0025561153888702393,True
14,553,1784808038.273465,8,0.021146059036254883,0.0026432573795318604,True
14,554,1784808038.2953968,8,0.021959781646728516,0.0027449727058410645,True
14,555,1784808038.3183112,8,0.020340681076049805,0.0025425851345062256,True
14,556,1784808038.3390477,8,0.018639564514160156,0.0023299455642700195,True
14,557,1784808038.3584254,8,0.02046346664428711,0.0025579333305358887,True
14,558,1784808038.3792968,8,0.018801212310791016,0.002350151538848877,True
14,559,1784808038.398473,8,0.01885199546813965,0.002356499433517456,True
14,560,1784808038.4175744,8,0.021777868270874023,0.002722233533859253,True
14,561,1784808038.4396055,8,0.019698143005371094,0.0024622678756713867,True
14,562,1784808038.4596286,8,0.02083611488342285,0.0026045143604278564,True
14,563,1784808038.480942,8,0.019746780395507812,0.0024683475494384766,True
14,564,1784808038.5017807,8,0.019608497619628906,0.0024510622024536133,True
14,565,1784808038.52218,8,0.020615339279174805,0.0025769174098968506,True
14,566,1784808038.5442142,8,0.02141261100769043,0.0026765763759613037,True
14,567,1784808038.5663617,8,0.018326282501220703,0.002290785312652588,True
14,568,1784808038.5853095,8,0.018875598907470703,0.002359449863433838,True
14,569,1784808038.6045742,8,0.019682645797729492,0.0024603307247161865,True
14,570,1784808038.6245673,8,0.018865585327148438,0.0023581981658935547,True
14,571,1784808038.643863,8,0.021404504776000977,0.002675563097000122,True
14,572,1784808038.6656213,8,0.01991748809814453,0.0024896860122680664,True
14,573,1784808038.6858833,8,0.022000551223754883,0.0027500689029693604,True
14,574,1784808038.7083514,8,0.02017998695373535,0.002522498369216919,True
14,575,1784808038.72932,8,0.018514394760131836,0.0023142993450164795,True
14,576,1784808038.74814,8,0.019906282424926758,0.0024882853031158447,True
14,577,1784808038.7685118,8,0.021775007247924805,0.0027218759059906006,True
14,578,1784808038.7906275,8,0.019833087921142578,0.0024791359901428223,True
14,579,1784808038.8109074,8,0.020525455474853516,0.0025656819343566895,True
14,580,1784808038.8319,8,0.02039313316345215,0.0025491416454315186,True
14,581,1784808038.8527465,8,0.019759416580200195,0.0024699270725250244,True
14,582,1784808038.8728073,8,0.021125078201293945,0.002640634775161743,True
14,583,1784808038.894744,8,0.019981861114501953,0.002497732639312744,True
14,584,1784808038.915266,8,0.02025461196899414,0.0025318264961242676,True
14,585,1784808038.9358962,8,0.01963043212890625,0.0024538040161132812,True
14,586,1784808038.956264,8,0.020821332931518555,0.0026026666164398193,True
14,587,1784808038.9774628,8,0.020150184631347656,0.002518773078918457,True
14,588,1784808038.9980829,8,0.02002716064453125,0.0025033950805664062,True
14,589,1784808039.0190346,8,0.02044510841369629,0.002555638551712036,True
14,590,1784808039.039846,8,0.020722627639770508,0.0025903284549713135,True
14,591,1784808039.0612035,8,0.02065587043762207,0.002581983804702759,True
14,592,1784808039.0823789,8,0.01945638656616211,0.0024320483207702637,True
14,593,1784808039.1021895,8,0.019148588180541992,0.002393573522567749,True
14,594,1784808039.122852,8,0.019916057586669922,0.0024895071983337402,True
14,595,1784808039.1432362,8,0.01938009262084961,0.002422511577606201,True
14,596,1784808039.163069,8,0.020213842391967773,0.0025267302989959717,True
14,597,1784808039.1853442,8,0.0176084041595459,0.0022010505199432373,True
14,598,1784808039.203464,8,0.020705223083496094,0.0025881528854370117,True
14,599,1784808039.22532,8,0.019963502883911133,0.0024954378604888916,True
14,600,1784808039.2457175,8,0.02434372901916504,0.00304296612739563,True
14,601,1784808039.2706363,8,0.016355276107788086,0.0020444095134735107,True
14,602,1784808039.2876058,8,0.018105506896972656,0.002263188362121582,True
14,603,1784808039.3065503,8,0.020375967025756836,0.0025469958782196045,True
14,604,1784808039.3275425,8,0.018552064895629883,0.0023190081119537354,True
14,605,1784808039.346434,8,0.01990222930908203,0.002487778663635254,True
14,606,1784808039.3666446,8,0.020019054412841797,0.0025023818016052246,True
14,607,1784808039.3870387,8,0.02058243751525879,0.0025728046894073486,True
14,608,1784808039.4079971,8,0.019486665725708008,0.002435833215713501,True
14,609,1784808039.4277844,8,0.019750595092773438,0.0024688243865966797,True
14,610,1784808039.4479985,8,0.02036738395690918,0.0025459229946136475,True
14,611,1784808039.4687152,8,0.02027606964111328,0.00253450870513916,True
14,612,1784808039.4894977,8,0.01796865463256836,0.002246081829071045,True
14,613,1784808039.5079072,8,0.019918441772460938,0.002489805221557617,True
14,614,1784808039.5290792,8,0.01927924156188965,0.002409905195236206,True
14,615,1784808039.5487854,8,0.02134394645690918,0.0026679933071136475,True
14,616,1784808039.5704494,8,0.02028632164001465,0.002535790205001831,True
14,617,1784808039.591235,8,0.020108461380004883,0.0025135576725006104,True
14,618,1784808039.611695,8,0.019222736358642578,0.0024028420448303223,True
14,619,1784808039.6315908,8,0.018979549407958984,0.002372443675994873,True
14,620,1784808039.650861,8,0.019914627075195312,0.002489328384399414,True
14,621,1784808039.671198,8,0.020699739456176758,0.0025874674320220947,True
14,622,1784808039.6922107,8,0.019870996475219727,0.002483874559402466,True
14,623,1784808039.7127414,8,0.021464824676513672,0.002683103084564209,True
14,624,1784808039.7360883,8,0.018697738647460938,0.002337217330932617,True
14,625,1784808039.7553513,8,0.0182952880859375,0.0022869110107421875,True
14,626,1784808039.7742236,8,0.020642518997192383,0.002580314874649048,True
14,627,1784808039.7954094,8,0.022176265716552734,0.002772033214569092,True
14,628,1784808039.817979,8,0.019638538360595703,0.002454817295074463,True
14,629,1784808039.8382876,8,0.019320964813232422,0.0024151206016540527,True
14,630,1784808039.8578806,8,0.01774311065673828,0.002217888832092285,True
14,631,1784808039.8760014,8,0.01933884620666504,0.00241735577583313,True
14,632,1784808039.8960137,8,0.020147323608398438,0.0025184154510498047,True
14,633,1784808039.916457,8,0.01907825469970703,0.002384781837463379,True
14,634,1784808039.9361334,8,0.019146203994750977,0.002393275499343872,True
14,635,1784808039.9557173,8,0.017524242401123047,0.002190530300140381,True
14,636,1784808039.973857,8,0.021105051040649414,0.0026381313800811768,True
14,637,1784808039.9954722,8,0.02163863182067871,0.002704828977584839,True
14,638,1784808040.0179312,8,0.02297830581665039,0.002872288227081299,True
14,639,1784808040.0413344,8,0.019481420516967773,0.0024351775646209717,True
14,640,1784808040.06138,8,0.02169179916381836,0.002711474895477295,True
14,641,1784808040.0835388,8,0.02010035514831543,0.0025125443935394287,True
14,642,1784808040.1043317,8,0.0209352970123291,0.0026169121265411377,True
14,643,1784808040.1257215,8,0.01997685432434082,0.0024971067905426025,True
14,644,1784808040.1464944,8,0.020041227340698242,0.0025051534175872803,True
14,645,1784808040.1669307,8,0.019226789474487305,0.002403348684310913,True
14,646,1784808040.1868267,8,0.020531415939331055,0.002566426992416382,True
14,647,1784808040.2077212,8,0.020187854766845703,0.002523481845855713,True
14,648,1784808040.2282937,8,0.020163297653198242,0.0025204122066497803,True
14,649,1784808040.2487214,8,0.019893884658813477,0.0024867355823516846,True
14,650,1784808040.2690716,8,0.021585702896118164,0.0026982128620147705,True
14,651,1784808040.2911754,8,0.020174026489257812,0.0025217533111572266,True
14,652,1784808040.3125067,8,0.02039337158203125,0.0025491714477539062,True
14,653,1784808040.3339207,8,0.019403934478759766,0.0024254918098449707,True
14,654,1784808040.3540733,8,0.019119977951049805,0.0023899972438812256,True
14,655,1784808040.373493,8,0.019098520278930664,0.002387315034866333,True
14,656,1784808040.3928876,8,0.02189159393310547,0.0027364492416381836,True
14,657,1784808040.4156613,8,0.0185697078704834,0.002321213483810425,True
14,658,1784808040.43463,8,0.02170276641845703,0.002712845802307129,True
14,659,1784808040.4567833,8,0.020156145095825195,0.0025195181369781494,True
14,660,1784808040.477411,8,0.020491361618041992,0.002561420202255249,True
14,661,1784808040.4985642,8,0.02209162712097168,0.00276145339012146,True
14,662,1784808040.5212607,8,0.02001214027404785,0.0025015175342559814,True
14,663,1784808040.5431843,8,0.019895315170288086,0.0024869143962860107,True
14,664,1784808040.5634234,8,0.020970821380615234,0.0026213526725769043,True
14,665,1784808040.5849817,8,0.021226167678833008,0.002653270959854126,True
14,666,1784808040.6067631,8,0.018496036529541016,0.002312004566192627,True
14,667,1784808040.6256845,8,0.020981788635253906,0.0026227235794067383,True
14,668,1784808040.6472795,8,0.019965648651123047,0.002495706081390381,True
14,669,1784808040.6678853,8,0.021563291549682617,0.002695411443710327,True
14,670,1784808040.6898944,8,0.019977092742919922,0.0024971365928649902,True
14,671,1784808040.7113144,8,0.02189183235168457,0.0027364790439605713,True
14,672,1784808040.7335012,8,0.02002120018005371,0.002502650022506714,True
14,673,1784808040.7537987,8,0.020314455032348633,0.002539306879043579,True
14,674,1784808040.7748163,8,0.019901752471923828,0.0024877190589904785,True
14,675,1784808040.7959504,8,0.019927501678466797,0.0024909377098083496,True
14,676,1784808040.816218,8,0.020782470703125,0.002597808837890625,True
14,677,1784808040.8377235,8,0.020262718200683594,0.0025328397750854492,True
14,678,1784808040.8583655,8,0.019734621047973633,0.002466827630996704,True
14,679,1784808040.8789127,8,0.01793360710144043,0.0022417008876800537,True
14,680,1784808040.897631,8,0.021359920501708984,0.002669990062713623,True
14,681,1784808040.9200356,8,0.019662141799926758,0.0024577677249908447,True
14,682,1784808040.9406383,8,0.020912885665893555,0.0026141107082366943,True
14,683,1784808040.962097,8,0.021509885787963867,0.0026887357234954834,True
14,684,1784808040.9853284,8,0.020159006118774414,0.0025198757648468018,True
14,685,1784808041.0059536,8,0.020415306091308594,0.0025519132614135742,True
14,686,1784808041.0276136,8,0.021524906158447266,0.002690613269805908,True
14,687,1784808041.0495884,8,0.02025604248046875,0.0025320053100585938,True
14,688,1784808041.0709422,8,0.017637252807617188,0.0022046566009521484,True
14,689,1784808041.0897083,8,0.02164316177368164,0.002705395221710205,True
14,690,1784808041.1118307,8,0.020293712615966797,0.0025367140769958496,True
14,691,1784808041.132887,8,0.01976943016052246,0.0024711787700653076,True
14,692,1784808041.153143,8,0.020070314407348633,0.002508789300918579,True
14,693,1784808041.173735,8,0.020085573196411133,0.0025106966495513916,True
14,694,1784808041.194306,8,0.021500349044799805,0.0026875436305999756,True
14,695,1784808041.2172427,8,0.020260334014892578,0.0025325417518615723,True
14,696,1784808041.238008,8,0.020482540130615234,0.0025603175163269043,True
14,697,1784808041.2589123,8,0.019708633422851562,0.0024635791778564453,True
14,698,1784808041.2791278,8,0.02045464515686035,0.002556830644607544,True
14,699,1784808041.3003747,8,0.02004218101501465,0.002505272626876831,True
14,700,1784808041.3207068,8,0.021884441375732422,0.0027355551719665527,True
14,701,1784808041.3429399,8,0.019460201263427734,0.002432525157928467,True
14,702,1784808041.363691,8,0.018009185791015625,0.002251148223876953,True
14,703,1784808041.3824143,8,0.021587133407592773,0.0026983916759490967,True
14,704,1784808041.4044774,8,0.019467592239379883,0.0024334490299224854,True
14,705,1784808041.424717,8,0.02077960968017578,0.0025974512100219727,True
14,706,1784808041.4459593,8,0.02225208282470703,0.002781510353088379,True
14,707,1784808041.4688537,8,0.019971609115600586,0.0024964511394500732,True
14,708,1784808041.489933,8,0.020933151245117188,0.0026166439056396484,True
14,709,1784808041.5111542,8,0.022208213806152344,0.002776026725769043,True
14,710,1784808041.533795,8,0.022984027862548828,0.0028730034828186035,True
14,711,1784808041.557173,8,0.01869368553161621,0.0023367106914520264,True
14,712,1784808041.5763712,8,0.019852638244628906,0.0024815797805786133,True
14,713,1784808041.5966568,8,0.02057957649230957,0.0025724470615386963,True
14,714,1784808041.6176803,8,0.020711898803710938,0.002588987350463867,True
14,715,1784808041.6388423,8,0.019559860229492188,0.0024449825286865234,True
14,716,1784808041.6589022,8,0.02040576934814453,0.0025507211685180664,True
14,717,1784808041.6798584,8,0.019009113311767578,0.0023761391639709473,True
14,718,1784808041.7000873,8,0.019118309020996094,0.0023897886276245117,True
14,719,1784808041.7195942,8,0.01995110511779785,0.0024938881397247314,True
14,720,1784808041.7405167,8,0.01984548568725586,0.0024806857109069824,True
14,721,1784808041.7607746,8,0.021269798278808594,0.0026587247848510742,True
14,722,1784808041.7824068,8,0.018268346786499023,0.002283543348312378,True
14,723,1784808041.8010123,8,0.020931482315063477,0.0026164352893829346,True
14,724,1784808041.822492,8,0.020136117935180664,0.002517014741897583,True
14,725,1784808041.8429883,8,0.01920628547668457,0.0024007856845855713,True
14,726,1784808041.8626115,8,0.019754886627197266,0.002469360828399658,True
14,727,1784808041.8830388,8,0.02190566062927246,0.0027382075786590576,True
14,728,1784808041.905594,8,0.01783466339111328,0.00222933292388916,True
14,729,1784808041.923909,8,0.01946258544921875,0.0024328231811523438,True
14,730,1784808041.9437664,8,0.01938343048095703,0.002422928810119629,True
14,731,1784808041.9638119,8,0.019951581954956055,0.002493947744369507,True
14,732,1784808041.9847782,8,0.020480871200561523,0.0025601089000701904,True
14,733,1784808042.0056505,8,0.020469188690185547,0.0025586485862731934,True
14,734,1784808042.026796,8,0.019816160202026367,0.002477020025253296,True
14,735,1784808042.0472295,8,0.019186973571777344,0.002398371696472168,True
14,736,1784808042.0667925,8,0.02141404151916504,0.00267675518989563,True
14,737,1784808042.089094,8,0.02031850814819336,0.00253981351852417,True
14,738,1784808042.1100972,8,0.01903820037841797,0.002379775047302246,True
14,739,1784808042.1300042,8,0.01877593994140625,0.0023469924926757812,True
14,740,1784808042.1496015,8,0.02268218994140625,0.0028352737426757812,True
14,741,1784808042.1731076,8,0.018797636032104492,0.0023497045040130615,True
14,742,1784808042.192296,8,0.02041149139404297,0.002551436424255371,True
14,743,1784808042.2132545,8,0.019708871841430664,0.002463608980178833,True
14,744,1784808042.233912,8,0.02049851417541504,0.00256231427192688,True
14,745,1784808042.254849,8,0.020075082778930664,0.002509385347366333,True
14,746,1784808042.2752602,8,0.020255088806152344,0.002531886100769043,True
14,747,1784808042.2962468,8,0.020192861557006836,0.0025241076946258545,True
14,748,1784808042.316858,8,0.020965099334716797,0.0026206374168395996,True
14,749,1784808042.3383121,8,0.02049565315246582,0.0025619566440582275,True
14,750,1784808042.3592606,8,0.020782947540283203,0.0025978684425354004,True
14,751,1784808042.3805861,8,0.020683765411376953,0.002585470676422119,True
14,752,1784808042.402973,8,0.019243478775024414,0.0024054348468780518,True
14,753,1784808042.422553,8,0.021810293197631836,0.0027262866497039795,True
14,754,1784808042.444719,8,0.02152872085571289,0.0026910901069641113,True
14,755,1784808042.4672937,8,0.021364688873291016,0.002670586109161377,True
14,756,1784808042.4895065,8,0.01839470863342285,0.0022993385791778564,True
14,757,1784808042.5082958,8,0.019231319427490234,0.0024039149284362793,True
14,758,1784808042.5280006,8,0.02056741714477539,0.002570927143096924,True
14,759,1784808042.5491576,8,0.019121885299682617,0.002390235662460327,True
14,760,1784808042.5690367,8,0.020171642303466797,0.0025214552879333496,True
14,761,1784808042.589585,8,0.019366741180419922,0.0024208426475524902,True
14,762,1784808042.60928,8,0.01976633071899414,0.0024707913398742676,True
14,763,1784808042.6296139,8,0.019992828369140625,0.002499103546142578,True
14,764,1784808042.6498978,8,0.019121885299682617,0.002390235662460327,True
14,765,1784808042.6695812,8,0.020093679428100586,0.0025117099285125732,True
14,766,1784808042.6903422,8,0.019582748413085938,0.002447843551635742,True
14,767,1784808042.710316,8,0.020400285720825195,0.0025500357151031494,True
14,768,1784808042.7310379,8,0.024281024932861328,0.003035128116607666,True
14,769,1784808042.7568283,8,0.01610732078552246,0.0020134150981903076,True
14,770,1784808042.7733412,8,0.02064204216003418,0.0025802552700042725,True
14,771,1784808042.7943556,8,0.018786907196044922,0.0023483633995056152,True
14,772,1784808042.8135288,8,0.01954817771911621,0.0024435222148895264,True
14,773,1784808042.8334224,8,0.021976470947265625,0.002747058868408203,True
14,774,1784808042.8564029,8,0.019393444061279297,0.002424180507659912,True
14,775,1784808042.8763843,8,0.020430803298950195,0.0025538504123687744,True
14,776,1784808042.8971791,8,0.020107269287109375,0.002513408660888672,True
14,777,1784808042.917582,8,0.019823312759399414,0.0024779140949249268,True
14,778,1784808042.9378242,8,0.019590377807617188,0.0024487972259521484,True
14,779,1784808042.9577413,8,0.02065563201904297,0.002581954002380371,True
14,780,1784808042.9787595,8,0.01880502700805664,0.00235062837600708,True
14,781,1784808042.9980114,8,0.02047872543334961,0.002559840679168701,True
14,782,1784808043.018809,8,0.020996809005737305,0.002624601125717163,True
14,783,1784808043.040179,8,0.020539522171020508,0.0025674402713775635,True
14,784,1784808043.0611296,8,0.019509077072143555,0.0024386346340179443,True
14,785,1784808043.081123,8,0.019226789474487305,0.002403348684310913,True
14,786,1784808043.1006474,8,0.019548654556274414,0.0024435818195343018,True
14,787,1784808043.1206064,8,0.018555879592895508,0.0023194849491119385,True
14,788,1784808043.1395502,8,0.019613027572631836,0.0024516284465789795,True
14,789,1784808043.1594765,8,0.02026081085205078,0.0025326013565063477,True
14,790,1784808043.1803067,8,0.02182459831237793,0.002728074789047241,True
14,791,1784808043.2024343,8,0.019182920455932617,0.002397865056991577,True
14,792,1784808043.22245,8,0.021610260009765625,0.002701282501220703,True
14,793,1784808043.2447176,8,0.02259659767150879,0.0028245747089385986,True
14,794,1784808043.2680116,8,0.01927781105041504,0.00240972638130188,True
14,795,1784808043.2876198,8,0.017216920852661133,0.0021521151065826416,True
14,796,1784808043.3051848,8,0.01965498924255371,0.002456873655319214,True
14,797,1784808043.3251545,8,0.02149033546447754,0.0026862919330596924,True
14,798,1784808043.3471568,8,0.02103710174560547,0.0026296377182006836,True
14,799,1784808043.3690085,8,0.019768714904785156,0.0024710893630981445,True
14,800,1784808043.3890772,8,0.020920276641845703,0.002615034580230713,True
14,801,1784808043.4103682,8,0.0199434757232666,0.002492934465408325,True
14,802,1784808043.4306378,8,0.01830768585205078,0.0022884607315063477,True
14,803,1784808043.4492548,8,0.020431041717529297,0.002553880214691162,True
14,804,1784808043.4700854,8,0.021662473678588867,0.0027078092098236084,True
14,805,1784808043.4924216,8,0.01832270622253418,0.0022903382778167725,True
14,806,1784808043.5115652,8,0.019274234771728516,0.0024092793464660645,True
14,807,1784808043.5312061,8,0.01928567886352539,0.002410709857940674,True
14,808,1784808043.5508385,8,0.021155595779418945,0.002644449472427368,True
14,809,1784808043.5724025,8,0.01999354362487793,0.002499192953109741,True
14,810,1784808043.59277,8,0.020609140396118164,0.0025761425495147705,True
14,811,1784808043.613729,8,0.02175617218017578,0.0027195215225219727,True
14,812,1784808043.6360877,8,0.020678997039794922,0.0025848746299743652,True
14,813,1784808043.6570563,8,0.02068948745727539,0.002586185932159424,True
14,814,1784808043.678124,8,0.021050453186035156,0.0026313066482543945,True
14,815,1784808043.6996212,8,0.019011974334716797,0.0023764967918395996,True
14,816,1784808043.7190452,8,0.01999640464782715,0.0024995505809783936,True
14,817,1784808043.7394958,8,0.01960587501525879,0.0024507343769073486,True
14,818,1784808043.7593973,8,0.022215843200683594,0.0027769804000854492,True
14,819,1784808043.7819197,8,0.01900172233581543,0.0023752152919769287,True
14,820,1784808043.8012922,8,0.01734614372253418,0.0021682679653167725,True
14,821,1784808043.819125,8,0.01901698112487793,0.002377122640609741,True
14,822,1784808043.8385584,8,0.021193265914916992,0.002649158239364624,True
14,823,1784808043.8602867,8,0.01953601837158203,0.002442002296447754,True
14,824,1784808043.8804147,8,0.01868414878845215,0.0023355185985565186,True
14,825,1784808043.8994675,8,0.019666433334350586,0.0024583041667938232,True
14,826,1784808043.9193916,8,0.020663976669311523,0.0025829970836639404,True
14,827,1784808043.940458,8,0.022889137268066406,0.0028611421585083008,True
14,828,1784808043.963694,8,0.017839908599853516,0.0022299885749816895,True
14,829,1784808043.9818332,8,0.020362138748168945,0.002545267343521118,True
14,830,1784808044.002677,8,0.019900083541870117,0.0024875104427337646,True
14,831,1784808044.0231001,8,0.020830631256103516,0.0026038289070129395,True
14,832,1784808044.0443,8,0.019179821014404297,0.002397477626800537,True
14,833,1784808044.0640435,8,0.021186113357543945,0.002648264169692993,True
14,834,1784808044.0855985,8,0.01896381378173828,0.002370476722717285,True
14,835,1784808044.1051896,8,0.02111339569091797,0.002639174461364746,True
14,836,1784808044.1271558,8,0.02091360092163086,0.0026142001152038574,True
14,837,1784808044.148601,8,0.02013111114501953,0.0025163888931274414,True
14,838,1784808044.1693084,8,0.01886439323425293,0.002358049154281616,True
14,839,1784808044.1886196,8,0.0195009708404541,0.0024376213550567627,True
14,840,1784808044.2085578,8,0.02073502540588379,0.0025918781757354736,True
14,841,1784808044.2305515,8,0.018841266632080078,0.0023551583290100098,True
14,842,1784808044.2496908,8,0.020719528198242188,0.0025899410247802734,True
14,843,1784808044.2709394,8,0.01892566680908203,0.002365708351135254,True
14,844,1784808044.2901964,8,0.020437002182006836,0.0025546252727508545,True
14,845,1784808044.310936,8,0.018961668014526367,0.002370208501815796,True
14,846,1784808044.3302965,8,0.02017807960510254,0.0025222599506378174,True
14,847,1784808044.3507373,8,0.020871639251708984,0.002608954906463623,True
14,848,1784808044.371957,8,0.020979642868041992,0.002622455358505249,True
14,849,1784808044.3932178,8,0.020478487014770508,0.0025598108768463135,True
14,850,1784808044.4140923,8,0.021804094314575195,0.0027255117893218994,True
14,851,1784808044.4362648,8,0.019067049026489258,0.0023833811283111572,True
14,852,1784808044.4556377,8,0.02312755584716797,0.002890944480895996,True
14,853,1784808044.4790692,8,0.02028036117553711,0.0025350451469421387,True
14,854,1784808044.499938,8,0.019971609115600586,0.0024964511394500732,True
14,855,1784808044.5203595,8,0.01981663703918457,0.0024770796298980713,True
14,856,1784808044.5404546,8,0.02149486541748047,0.0026868581771850586,True
14,857,1784808044.5623813,8,0.019741058349609375,0.002467632293701172,True
14,858,1784808044.5824518,8,0.018973827362060547,0.0023717284202575684,True
14,859,1784808044.6017833,8,0.021643638610839844,0.0027054548263549805,True
14,860,1784808044.6237688,8,0.021878957748413086,0.0027348697185516357,True
14,861,1784808044.6460192,8,0.01802992820739746,0.0022537410259246826,True
14,862,1784808044.6646385,8,0.017895221710205078,0.0022369027137756348,True
14,863,1784808044.6828544,8,0.02109980583190918,0.0026374757289886475,True
14,864,1784808044.704493,8,0.02043294906616211,0.0025541186332702637,True
14,865,1784808044.7258582,8,0.019871234893798828,0.0024839043617248535,True
14,866,1784808044.7460372,8,0.02014470100402832,0.00251808762550354,True
14,867,1784808044.7671537,8,0.02072620391845703,0.002590775489807129,True
14,868,1784808044.7883039,8,0.020505428314208984,0.002563178539276123,True
14,869,1784808044.8091195,8,0.019678831100463867,0.0024598538875579834,True
14,870,1784808044.8292432,8,0.02082204818725586,0.0026027560234069824,True
14,871,1784808044.8505313,8,0.019929170608520508,0.0024911463260650635,True
14,872,1784808044.8708653,8,0.019290685653686523,0.0024113357067108154,True
14,873,1784808044.8906183,8,0.020319461822509766,0.0025399327278137207,True
14,874,1784808044.9124637,8,0.020260095596313477,0.0025325119495391846,True
14,875,1784808044.9331849,8,0.019368410110473633,0.002421051263809204,True
14,876,1784808044.9528124,8,0.019609451293945312,0.002451181411743164,True
14,877,1784808044.9727364,8,0.019942522048950195,0.0024928152561187744,True
14,878,1784808044.9931397,8,0.020094871520996094,0.0025118589401245117,True
14,879,1784808045.0136402,8,0.018873929977416992,0.002359241247177124,True
14,880,1784808045.0334344,8,0.02052617073059082,0.0025657713413238525,True
14,881,1784808045.0544868,8,0.019082069396972656,0.002385258674621582,True
14,882,1784808045.0742543,8,0.019728660583496094,0.0024660825729370117,True
14,883,1784808045.0943003,8,0.01874089241027832,0.00234261155128479,True
14,884,1784808045.1135142,8,0.020229101181030273,0.002528637647628784,True
14,885,1784808045.1342025,8,0.020732402801513672,0.002591550350189209,True
14,886,1784808045.1562452,8,0.01634383201599121,0.0020429790019989014,True
14,887,1784808045.1729617,8,0.020262718200683594,0.0025328397750854492,True
14,888,1784808045.1951752,8,0.019346237182617188,0.0024182796478271484,True
14,889,1784808045.2149913,8,0.019867420196533203,0.0024834275245666504,True
14,890,1784808045.2352722,8,0.020874500274658203,0.0026093125343322754,True
14,891,1784808045.2565184,8,0.020285844802856445,0.0025357306003570557,True
14,892,1784808045.2772512,8,0.020422697067260742,0.0025528371334075928,True
14,893,1784808045.2979822,8,0.02050638198852539,0.002563297748565674,True
14,894,1784808045.3199983,8,0.02084517478942871,0.002605646848678589,True
14,895,1784808045.3411674,8,0.0194857120513916,0.00243571400642395,True
14,896,1784808045.3616192,8,0.020018815994262695,0.002502351999282837,True
14,897,1784808045.3831472,8,0.018599987030029297,0.002324998378753662,True
14,898,1784808045.4022315,8,0.021878957748413086,0.0027348697185516357,True
14,899,1784808045.4246147,8,0.020757436752319336,0.002594679594039917,True
14,900,1784808045.4461324,8,0.020325660705566406,0.0025407075881958008,True
14,901,1784808045.467436,8,0.019502878189086914,0.0024378597736358643,True
14,902,1784808045.4874682,8,0.0192563533782959,0.0024070441722869873,True
14,903,1784808045.5079474,8,0.019538164138793945,0.002442270517349243,True
14,904,1784808045.5285053,8,0.019561290740966797,0.0024451613426208496,True
14,905,1784808045.5485961,8,0.021554231643676758,0.0026942789554595947,True
14,906,1784808045.5705776,8,0.019916296005249023,0.002489537000656128,True
14,907,1784808045.5913277,8,0.01862502098083496,0.00232812762260437,True
14,908,1784808045.6105897,8,0.02245354652404785,0.0028066933155059814,True
14,909,1784808045.6348517,8,0.017536163330078125,0.0021920204162597656,True
14,910,1784808045.6527803,8,0.024123430252075195,0.0030154287815093994,True
14,911,1784808045.6772718,8,0.019890546798706055,0.002486318349838257,True
14,912,1784808045.697485,8,0.02033090591430664,0.00254136323928833,True
14,913,1784808045.7181907,8,0.017904281616210938,0.002238035202026367,True
14,914,1784808045.7365057,8,0.024209022521972656,0.003026127815246582,True
14,915,1784808045.761345,8,0.018325328826904297,0.002290666103363037,True
14,916,1784808045.7809262,8,0.019548654556274414,0.0024435818195343018,True
14,917,1784808045.800818,8,0.021120071411132812,0.0026400089263916016,True
14,918,1784808045.8226767,8,0.02024221420288086,0.0025302767753601074,True
14,919,1784808045.843418,8,0.0191342830657959,0.0023917853832244873,True
14,920,1784808045.8630757,8,0.019889116287231445,0.0024861395359039307,True
14,921,1784808045.883406,8,0.019277095794677734,0.002409636974334717,True
14,922,1784808045.903121,8,0.02260422706604004,0.002825528383255005,True
14,923,1784808045.9260738,8,0.018500089645385742,0.0023125112056732178,True
14,924,1784808045.9452486,8,0.02263474464416504,0.00282934308052063,True
14,925,1784808045.9684145,8,0.01950979232788086,0.0024387240409851074,True
14,926,1784808045.9886742,8,0.02145671844482422,0.0026820898056030273,True
14,927,1784808046.0105932,8,0.01989150047302246,0.0024864375591278076,True
14,928,1784808046.0309374,8,0.019923686981201172,0.0024904608726501465,True
14,929,1784808046.0513108,8,0.021877527236938477,0.0027346909046173096,True
14,930,1784808046.0738065,8,0.019996166229248047,0.002499520778656006,True
14,931,1784808046.0943136,8,0.0192263126373291,0.0024032890796661377,True
14,932,1784808046.113984,8,0.02135300636291504,0.00266912579536438,True
14,933,1784808046.13574,8,0.02038288116455078,0.0025478601455688477,True
14,934,1784808046.156786,8,0.01941514015197754,0.0024268925189971924,True
14,935,1784808046.176515,8,0.02214336395263672,0.00276792049407959,True
14,936,1784808046.1991868,8,0.02125239372253418,0.0026565492153167725,True
14,937,1784808046.2207534,8,0.019954442977905273,0.002494305372238159,True
14,938,1784808046.2412324,8,0.019461631774902344,0.002432703971862793,True
14,939,1784808046.2610981,8,0.019043684005737305,0.002380460500717163,True
14,940,1784808046.2804675,8,0.01964855194091797,0.002456068992614746,True
14,941,1784808046.3004234,8,0.019742250442504883,0.0024677813053131104,True
14,942,1784808046.3206923,8,0.019599199295043945,0.002449899911880493,True
14,943,1784808046.3420002,8,0.02030205726623535,0.002537757158279419,True
14,944,1784808046.3637872,8,0.024143695831298828,0.0030179619789123535,True
14,945,1784808046.3892746,8,0.0181427001953125,0.0022678375244140625,True
14,946,1784808046.4082012,8,0.017323017120361328,0.002165377140045166,True
14,947,1784808046.426162,8,0.018431425094604492,0.0023039281368255615,True
14,948,1784808046.4450667,8,0.01781153678894043,0.0022264420986175537,True
14,949,1784808046.4640622,8,0.01849651336669922,0.0023120641708374023,True
14,950,1784808046.4830136,8,0.019988298416137695,0.002498537302017212,True
14,951,1784808046.5036318,8,0.019708633422851562,0.0024635791778564453,True
14,952,1784808046.5237737,8,0.02006053924560547,0.0025075674057006836,True
14,953,1784808046.5447245,8,0.01994776725769043,0.0024934709072113037,True
14,954,1784808046.5657613,8,0.019995689392089844,0.0024994611740112305,True
14,955,1784808046.5860634,8,0.019882917404174805,0.0024853646755218506,True
14,956,1784808046.6062813,8,0.019198894500732422,0.0023998618125915527,True
14,957,1784808046.6259344,8,0.018238067626953125,0.0022797584533691406,True
14,958,1784808046.644737,8,0.020478010177612305,0.002559751272201538,True
14,959,1784808046.6655085,8,0.019474267959594727,0.002434283494949341,True
14,960,1784808046.685352,8,0.019821643829345703,0.002477705478668213,True
14,961,1784808046.705514,8,0.021232128143310547,0.0026540160179138184,True
14,962,1784808046.727101,8,0.01930689811706543,0.0024133622646331787,True
14,963,1784808046.7468011,8,0.019199848175048828,0.0023999810218811035,True
14,964,1784808046.7664745,8,0.019467592239379883,0.0024334490299224854,True
14,965,1784808046.786896,8,0.02088332176208496,0.00261041522026062,True
14,966,1784808046.8081968,8,0.02206563949584961,0.002758204936981201,True
14,967,1784808046.830828,8,0.020475387573242188,0.0025594234466552734,True
14,968,1784808046.8518581,8,0.0204465389251709,0.0025558173656463623,True
14,969,1784808046.8729568,8,0.019954204559326172,0.0024942755699157715,True
14,970,1784808046.8933983,8,0.019821882247924805,0.0024777352809906006,True
14,971,1784808046.9137518,8,0.020700931549072266,0.002587616443634033,True
14,972,1784808046.9356394,8,0.024465084075927734,0.003058135509490967,True
14,973,1784808046.9611413,8,0.016692638397216797,0.0020865797996520996,True
14,974,1784808046.9783125,8,0.018367767333984375,0.002295970916748047,True
14,975,1784808046.9972908,8,0.020328044891357422,0.0025410056114196777,True
14,976,1784808047.0180063,8,0.019379854202270508,0.0024224817752838135,True
14,977,1784808047.0377514,8,0.02165079116821289,0.0027063488960266113,True
14,978,1784808047.0604672,8,0.019267559051513672,0.002408444881439209,True
14,979,1784808047.0801299,8,0.023090600967407227,0.0028863251209259033,True
14,980,1784808047.1036205,8,0.019811153411865234,0.0024763941764831543,True
14,981,1784808047.1239371,8,0.01972651481628418,0.0024658143520355225,True
14,982,1784808047.1442935,8,0.021567344665527344,0.002695918083190918,True
14,983,1784808047.1666048,8,0.016960620880126953,0.002120077610015869,True
14,984,1784808047.1838577,8,0.02057194709777832,0.00257149338722229,True
14,985,1784808047.204915,8,0.02158069610595703,0.002697587013244629,True
14,986,1784808047.2269297,8,0.02139878273010254,0.0026748478412628174,True
14,987,1784808047.2488654,8,0.01919388771057129,0.002399235963821411,True
14,988,1784808047.2686455,8,0.020608186721801758,0.0025760233402252197,True
14,989,1784808047.289908,8,0.018089771270751953,0.002261221408843994,True
14,990,1784808047.308602,8,0.020043134689331055,0.002505391836166382,True
14,991,1784808047.3289835,8,0.021365880966186523,0.0026707351207733154,True
14,992,1784808047.3513842,8,0.020380735397338867,0.0025475919246673584,True
14,993,1784808047.3721502,8,0.01915907859802246,0.0023948848247528076,True
14,994,1784808047.391715,8,0.021633148193359375,0.002704143524169922,True
14,995,1784808047.4137368,8,0.021441221237182617,0.002680152654647827,True
14,996,1784808047.4359722,8,0.020813703536987305,0.002601712942123413,True
14,997,1784808047.4572408,8,0.018990278244018555,0.0023737847805023193,True
14,998,1784808047.4766078,8,0.019908905029296875,0.0024886131286621094,True
14,999,1784808047.4970777,8,0.018697738647460938,0.002337217330932617,True
14,1000,1784808047.516606,8,0.022069931030273438,0.0027587413787841797,True
14,1001,1784808047.539159,8,0.021297931671142578,0.0026622414588928223,True
14,1002,1784808047.5611439,8,0.020682573318481445,0.0025853216648101807,True
14,1003,1784808047.5825567,8,0.021796464920043945,0.002724558115005493,True
14,1004,1784808047.6047714,8,0.022174596786499023,0.002771824598312378,True
14,1005,1784808047.6273115,8,0.019095182418823242,0.0023868978023529053,True
14,1006,1784808047.6467423,8,0.019696474075317383,0.002462059259414673,True
14,1007,1784808047.6670485,8,0.021177053451538086,0.0026471316814422607,True
14,1008,1784808047.6888108,8,0.019513845443725586,0.0024392306804656982,True
14,1009,1784808047.7094684,8,0.02009725570678711,0.0025121569633483887,True
14,1010,1784808047.730381,8,0.021379947662353516,0.0026724934577941895,True
14,1011,1784808047.7521725,8,0.019386768341064453,0.0024233460426330566,True
14,1012,1784808047.7719364,8,0.020750999450683594,0.0025938749313354492,True
14,1013,1784808047.793131,8,0.01924920082092285,0.0024061501026153564,True
14,1014,1784808047.8134234,8,0.01881861686706543,0.0023523271083831787,True
14,1015,1784808047.832805,8,0.01790761947631836,0.002238452434539795,True
14,1016,1784808047.8510988,8,0.020133018493652344,0.002516627311706543,True
14,1017,1784808047.8716202,8,0.020470619201660156,0.0025588274002075195,True
14,1018,1784808047.8925018,8,0.020785808563232422,0.0025982260704040527,True
14,1019,1784808047.913635,8,0.01988387107849121,0.0024854838848114014,True
14,1020,1784808047.933866,8,0.020270824432373047,0.002533853054046631,True
14,1021,1784808047.954602,8,0.020058870315551758,0.0025073587894439697,True
14,1022,1784808047.9751103,8,0.021236181259155273,0.002654522657394409,True
14,1023,1784808047.9975197,8,0.021628379821777344,0.002703547477722168,True
14,1024,1784808048.0198317,8,0.020213842391967773,0.0025267302989959717,True
14,1025,1784808048.0405502,8,0.020099401473999023,0.002512425184249878,True
14,1026,1784808048.061138,8,0.01961231231689453,0.0024515390396118164,True
14,1027,1784808048.0812795,8,0.021045207977294922,0.0026306509971618652,True
14,1028,1784808048.1027865,8,0.02059793472290039,0.002574741840362549,True
14,1029,1784808048.1239786,8,0.02090620994567871,0.002613276243209839,True
14,1030,1784808048.145264,8,0.019940614700317383,0.002492576837539673,True
14,1031,1784808048.1657834,8,0.01993560791015625,0.0024919509887695312,True
14,1032,1784808048.1860194,8,0.02273082733154297,0.002841353416442871,True
14,1033,1784808048.2091336,8,0.01977086067199707,0.002471357583999634,True
14,1034,1784808048.22931,8,0.020772933959960938,0.002596616744995117,True
14,1035,1784808048.250398,8,0.019819021224975586,0.0024773776531219482,True
14,1036,1784808048.2706122,8,0.020539045333862305,0.002567380666732788,True
14,1037,1784808048.291569,8,0.019903182983398438,0.0024878978729248047,True
14,1038,1784808048.311787,8,0.020447254180908203,0.0025559067726135254,True
14,1039,1784808048.3325796,8,0.019829988479614258,0.0024787485599517822,True
14,1040,1784808048.3527832,8,0.021372079849243164,0.0026715099811553955,True
14,1041,1784808048.3744302,8,0.019405126571655273,0.002425640821456909,True
14,1042,1784808048.3943324,8,0.020862579345703125,0.0026078224182128906,True
14,1043,1784808048.415657,8,0.01986980438232422,0.0024837255477905273,True
14,1044,1784808048.43599,8,0.02226996421813965,0.002783745527267456,True
14,1045,1784808048.4591393,8,0.020841360092163086,0.0026051700115203857,True
14,1046,1784808048.4806333,8,0.01985001564025879,0.0024812519550323486,True
14,1047,1784808048.5008173,8,0.01963949203491211,0.0024549365043640137,True
14,1048,1784808048.5208392,8,0.019715070724487305,0.002464383840560913,True
14,1049,1784808048.5410776,8,0.02058887481689453,0.0025736093521118164,True
14,1050,1784808048.5619965,8,0.019638538360595703,0.002454817295074463,True
14,1051,1784808048.5819075,8,0.02001023292541504,0.00250127911567688,True
14,1052,1784808048.602217,8,0.020089149475097656,0.002511143684387207,True
14,1053,1784808048.62261,8,0.021205425262451172,0.0026506781578063965,True
14,1054,1784808048.6441147,8,0.02004075050354004,0.002505093812942505,True
14,1055,1784808048.6645803,8,0.019044876098632812,0.0023806095123291016,True
14,1056,1784808048.6839857,8,0.018682003021240234,0.0023352503776550293,True
14,1057,1784808048.7030456,8,0.021565914154052734,0.002695739269256592,True
14,1058,1784808048.724985,8,0.02118682861328125,0.0026483535766601562,True
14,1059,1784808048.7464335,8,0.01886773109436035,0.002358466386795044,True
14,1060,1784808048.7656307,8,0.022989988327026367,0.002873748540878296,True
14,1061,1784808048.7890596,8,0.02028489112854004,0.002535611391067505,True
14,1062,1784808048.80963,8,0.0184478759765625,0.0023059844970703125,True
14,1063,1784808048.8284302,8,0.019463539123535156,0.0024329423904418945,True
14,1064,1784808048.8481739,8,0.01950812339782715,0.0024385154247283936,True
14,1065,1784808048.8680742,8,0.019650936126708984,0.002456367015838623,True
14,1066,1784808048.8880327,8,0.020340919494628906,0.0025426149368286133,True
14,1067,1784808048.9086926,8,0.020779848098754883,0.0025974810123443604,True
14,1068,1784808048.9298258,8,0.018605947494506836,0.0023257434368133545,True
14,1069,1784808048.948834,8,0.018994569778442383,0.002374321222305298,True
14,1070,1784808048.9681404,8,0.01859116554260254,0.0023238956928253174,True
14,1071,1784808048.987012,8,0.021066665649414062,0.002633333206176758,True
14,1072,1784808049.0084276,8,0.018947124481201172,0.0023683905601501465,True
14,1073,1784808049.027676,8,0.019489526748657227,0.0024361908435821533,True
14,1074,1784808049.0474844,8,0.019875764846801758,0.0024844706058502197,True
14,1075,1784808049.0676546,8,0.018552303314208984,0.002319037914276123,True
14,1076,1784808049.0865304,8,0.019229650497436523,0.0024037063121795654,True
14,1077,1784808049.1061134,8,0.022579669952392578,0.0028224587440490723,True
14,1078,1784808049.1291049,8,0.019463777542114258,0.0024329721927642822,True
14,1079,1784808049.1491272,8,0.019359588623046875,0.0024199485778808594,True
14,1080,1784808049.1689625,8,0.01978325843811035,0.002472907304763794,True
14,1081,1784808049.1897163,8,0.02078866958618164,0.002598583698272705,True
14,1082,1784808049.2107868,8,0.01928114891052246,0.0024101436138153076,True
14,1083,1784808049.2303457,8,0.021506547927856445,0.0026883184909820557,True
14,1084,1784808049.2523375,8,0.0214231014251709,0.0026778876781463623,True
14,1085,1784808049.2746053,8,0.01927804946899414,0.0024097561836242676,True
14,1086,1784808049.2942293,8,0.01961493492126465,0.002451866865158081,True
14,1087,1784808049.314164,8,0.019087553024291992,0.002385944128036499,True
14,1088,1784808049.333587,8,0.019544601440429688,0.002443075180053711,True
14,1089,1784808049.3534153,8,0.020462751388549805,0.0025578439235687256,True
14,1090,1784808049.37442,8,0.020952939987182617,0.002619117498397827,True
14,1091,1784808049.3956938,8,0.021439790725708008,0.002679973840713501,True
14,1092,1784808049.4175332,8,0.020293712615966797,0.0025367140769958496,True
14,1093,1784808049.4381351,8,0.019279003143310547,0.0024098753929138184,True
14,1094,1784808049.4577138,8,0.020189285278320312,0.002523660659790039,True
14,1095,1784808049.4782846,8,0.019443988800048828,0.0024304986000061035,True
14,1096,1784808049.4980483,8,0.019794702529907227,0.0024743378162384033,True
14,1097,1784808049.5182056,8,0.02012157440185547,0.0025151968002319336,True
14,1098,1784808049.5386517,8,0.019732236862182617,0.002466529607772827,True
14,1099,1784808049.5587413,8,0.01952815055847168,0.00244101881980896,True
14,1100,1784808049.5786307,8,0.0200808048248291,0.0025101006031036377,True
14,1101,1784808049.599052,8,0.019772768020629883,0.0024715960025787354,True
14,1102,1784808049.6192405,8,0.018287181854248047,0.002285897731781006,True
14,1103,1784808049.6379263,8,0.01931166648864746,0.0024139583110809326,True
14,1104,1784808049.6575258,8,0.0203249454498291,0.0025406181812286377,True
14,1105,1784808049.6783555,8,0.02075028419494629,0.002593785524368286,True
14,1106,1784808049.6994982,8,0.019551515579223633,0.002443939447402954,True
14,1107,1784808049.7195008,8,0.019707441329956055,0.002463430166244507,True
14,1108,1784808049.7394843,8,0.020041942596435547,0.0025052428245544434,True
14,1109,1784808049.7598681,8,0.02194666862487793,0.002743333578109741,True
14,1110,1784808049.782326,8,0.022541522979736328,0.002817690372467041,True
14,1111,1784808049.8057337,8,0.019339561462402344,0.002417445182800293,True
14,1112,1784808049.8255317,8,0.01978921890258789,0.0024736523628234863,True
14,1113,1784808049.8458295,8,0.02036571502685547,0.0025457143783569336,True
14,1114,1784808049.866632,8,0.02078723907470703,0.002598404884338379,True
14,1115,1784808049.8877776,8,0.01948833465576172,0.002436041831970215,True
14,1116,1784808049.9077191,8,0.019716501235961914,0.0024645626544952393,True
14,1117,1784808049.927849,8,0.01902484893798828,0.002378106117248535,True
14,1118,1784808049.947159,8,0.021363258361816406,0.0026704072952270508,True
14,1119,1784808049.9688349,8,0.020041704177856445,0.0025052130222320557,True
14,1120,1784808049.9897182,8,0.018680572509765625,0.002335071563720703,True
14,1121,1784808050.0087254,8,0.018859148025512695,0.002357393503189087,True
14,1122,1784808050.0282593,8,0.021306991577148438,0.0026633739471435547,True
14,1123,1784808050.0498476,8,0.021764516830444336,0.002720564603805542,True
14,1124,1784808050.0719492,8,0.019002199172973633,0.002375274896621704,True
14,1125,1784808050.091346,8,0.018578052520751953,0.002322256565093994,True
14,1126,1784808050.1103776,8,0.02156662940979004,0.002695828676223755,True
14,1127,1784808050.1322334,8,0.01970219612121582,0.0024627745151519775,True
14,1128,1784808050.1522043,8,0.021692276000976562,0.0027115345001220703,True
14,1129,1784808050.1741996,8,0.019770383834838867,0.0024712979793548584,True
14,1130,1784808050.194253,8,0.019845247268676758,0.0024806559085845947,True
14,1131,1784808050.2145996,8,0.0187833309173584,0.0023479163646698,True
14,1132,1784808050.2336583,8,0.019991159439086914,0.0024988949298858643,True
14,1133,1784808050.2540677,8,0.019095659255981445,0.0023869574069976807,True
14,1134,1784808050.2736077,8,0.021920442581176758,0.0027400553226470947,True
14,1135,1784808050.2958379,8,0.018863439559936523,0.0023579299449920654,True
14,1136,1784808050.3150609,8,0.01854252815246582,0.0023178160190582275,True
14,1137,1784808050.333986,8,0.020559310913085938,0.002569913864135742,True
14,1138,1784808050.3549647,8,0.01930689811706543,0.0024133622646331787,True
14,1139,1784808050.3745468,8,0.02045416831970215,0.0025567710399627686,True
14,1140,1784808050.395312,8,0.019707679748535156,0.0024634599685668945,True
14,1141,1784808050.4159675,8,0.019329309463500977,0.002416163682937622,True
14,1142,1784808050.4356987,8,0.02046656608581543,0.0025583207607269287,True
14,1143,1784808050.456578,8,0.01946115493774414,0.0024326443672180176,True
14,1144,1784808050.4763436,8,0.020217180252075195,0.0025271475315093994,True
14,1145,1784808050.4968517,8,0.019100666046142578,0.0023875832557678223,True
14,1146,1784808050.5165286,8,0.024766206741333008,0.003095775842666626,True
14,1147,1784808050.5415988,8,0.019676923751831055,0.002459615468978882,True
14,1148,1784808050.5615454,8,0.019494056701660156,0.0024367570877075195,True
14,1149,1784808050.581457,8,0.01977062225341797,0.002471327781677246,True
14,1150,1784808050.6015432,8,0.021162986755371094,0.0026453733444213867,True
14,1151,1784808050.6229959,8,0.019158363342285156,0.0023947954177856445,True
14,1152,1784808050.6425261,8,0.02033066749572754,0.0025413334369659424,True
14,1153,1784808050.6633966,8,0.01935291290283203,0.002419114112854004,True
14,1154,1784808050.6830509,8,0.019565105438232422,0.0024456381797790527,True
14,1155,1784808050.7031827,8,0.02196216583251953,0.0027452707290649414,True
14,1156,1784808050.7254307,8,0.020502567291259766,0.0025628209114074707,True
14,1157,1784808050.7462614,8,0.018398523330688477,0.0022998154163360596,True
14,1158,1784808050.7649558,8,0.020097970962524414,0.0025122463703155518,True
14,1159,1784808050.7854462,8,0.019197940826416016,0.002399742603302002,True
14,1160,1784808050.8049529,8,0.019304990768432617,0.002413123846054077,True
14,1161,1784808050.8248522,8,0.02141547203063965,0.002676934003829956,True
14,1162,1784808050.8466516,8,0.018878698348999023,0.002359837293624878,True
14,1163,1784808050.8662903,8,0.020095348358154297,0.002511918544769287,True
14,1164,1784808050.8868084,8,0.01909494400024414,0.0023868680000305176,True
14,1165,1784808050.906343,8,0.01888418197631836,0.002360522747039795,True
14,1166,1784808050.9255068,8,0.022934913635253906,0.0028668642044067383,True
14,1167,1784808050.9489305,8,0.020213842391967773,0.0025267302989959717,True
14,1168,1784808050.9694085,8,0.0198671817779541,0.0024833977222442627,True
14,1169,1784808050.9896493,8,0.019611358642578125,0.0024514198303222656,True
14,1170,1784808051.0096207,8,0.018970251083374023,0.002371281385421753,True
14,1171,1784808051.028863,8,0.020905017852783203,0.0026131272315979004,True
14,1172,1784808051.0502462,8,0.01984858512878418,0.0024810731410980225,True
14,1173,1784808051.07042,8,0.022649288177490234,0.0028311610221862793,True
14,1174,1784808051.0933886,8,0.019172191619873047,0.002396523952484131,True
14,1175,1784808051.1128361,8,0.020991086959838867,0.0026238858699798584,True
14,1176,1784808051.1341455,8,0.020457983016967773,0.0025572478771209717,True
14,1177,1784808051.1549768,8,0.0195159912109375,0.0024394989013671875,True
14,1178,1784808051.1747594,8,0.021718263626098633,0.002714782953262329,True
14,1179,1784808051.1970193,8,0.020813703536987305,0.002601712942123413,True
14,1180,1784808051.2182329,8,0.018572330474853516,0.0023215413093566895,True
14,1181,1784808051.237137,8,0.022033214569091797,0.0027541518211364746,True
14,1182,1784808051.2595599,8,0.019916057586669922,0.0024895071983337402,True
14,1183,1784808051.279811,8,0.020035982131958008,0.002504497766494751,True
14,1184,1784808051.3001804,8,0.01822519302368164,0.002278149127960205,True
14,1185,1784808051.3189783,8,0.01986098289489746,0.0024826228618621826,True
14,1186,1784808051.3391519,8,0.01956462860107422,0.0024455785751342773,True
14,1187,1784808051.3590848,8,0.019809484481811523,0.0024761855602264404,True
14,1188,1784808051.3792238,8,0.018259763717651367,0.002282470464706421,True
14,1189,1784808051.397777,8,0.02003192901611328,0.00250399112701416,True
14,1190,1784808051.4182084,8,0.020046710968017578,0.0025058388710021973,True
14,1191,1784808051.4385371,8,0.020659208297729492,0.0025824010372161865,True
14,1192,1784808051.4595654,8,0.019443511962890625,0.002430438995361328,True
14,1193,1784808051.4794047,8,0.020303726196289062,0.002537965774536133,True
14,1194,1784808051.50017,8,0.018368005752563477,0.0022960007190704346,True
14,1195,1784808051.5189588,8,0.0195615291595459,0.0024451911449432373,True
14,1196,1784808051.5389056,8,0.020320892333984375,0.002540111541748047,True
14,1197,1784808051.5595753,8,0.01874089241027832,0.00234261155128479,True
14,1198,1784808051.579177,8,0.01971292495727539,0.002464115619659424,True
14,1199,1784808051.5992854,8,0.019186735153198242,0.0023983418941497803,True
14,1200,1784808051.6187603,8,0.01946258544921875,0.0024328231811523438,True
14,1201,1784808051.6385822,8,0.020209312438964844,0.0025261640548706055,True
14,1202,1784808051.6593082,8,0.01946544647216797,0.002433180809020996,True
14,1203,1784808051.6791525,8,0.01965641975402832,0.00245705246925354,True
14,1204,1784808051.6995087,8,0.019907712936401367,0.002488464117050171,True
14,1205,1784808051.7199984,8,0.018918991088867188,0.0023648738861083984,True
14,1206,1784808051.7396455,8,0.01990056037902832,0.00248757004737854,True
14,1207,1784808051.7600124,8,0.019792556762695312,0.002474069595336914,True
14,1208,1784808051.7803352,8,0.020847797393798828,0.0026059746742248535,True
14,1209,1784808051.8016877,8,0.021178245544433594,0.0026472806930541992,True
14,1210,1784808051.82344,8,0.019914627075195312,0.002489328384399414,True
14,1211,1784808051.8440046,8,0.01985311508178711,0.0024816393852233887,True
14,1212,1784808051.864585,8,0.01988387107849121,0.0024854838848114014,True
14,1213,1784808051.8850334,8,0.02018594741821289,0.0025232434272766113,True
14,1214,1784808051.9056764,8,0.020669937133789062,0.002583742141723633,True
14,1215,1784808051.9268055,8,0.019991159439086914,0.0024988949298858643,True
14,1216,1784808051.947124,8,0.021158695220947266,0.002644836902618408,True
14,1217,1784808051.9691155,8,0.019872426986694336,0.002484053373336792,True
14,1218,1784808051.9894836,8,0.01835942268371582,0.0022949278354644775,True
14,1219,1784808052.008131,8,0.019553184509277344,0.002444148063659668,True
14,1220,1784808052.0281098,8,0.020964622497558594,0.0026205778121948242,True
14,1221,1784808052.049549,8,0.019624948501586914,0.0024531185626983643,True
14,1222,1784808052.0695007,8,0.020598888397216797,0.0025748610496520996,True
14,1223,1784808052.0903785,8,0.020944595336914062,0.002618074417114258,True
14,1224,1784808052.1116896,8,0.02066826820373535,0.002583533525466919,True
14,1225,1784808052.1326954,8,0.02026534080505371,0.002533167600631714,True
14,1226,1784808052.1532845,8,0.019562959671020508,0.0024453699588775635,True
14,1227,1784808052.1732664,8,0.020809412002563477,0.0026011765003204346,True
14,1228,1784808052.1944213,8,0.01928400993347168,0.00241050124168396,True
14,1229,1784808052.2140615,8,0.020262479782104492,0.0025328099727630615,True
14,1230,1784808052.2347157,8,0.022922277450561523,0.0028652846813201904,True
14,1231,1784808052.258284,8,0.019886016845703125,0.0024857521057128906,True
14,1232,1784808052.2786527,8,0.020792245864868164,0.0025990307331085205,True
14,1233,1784808052.299789,8,0.019280672073364258,0.0024100840091705322,True
14,1234,1784808052.31938,8,0.017867326736450195,0.0022334158420562744,True
14,1235,1784808052.3375986,8,0.019049406051635742,0.0023811757564544678,True
14,1236,1784808052.357121,8,0.01887822151184082,0.0023597776889801025,True
14,1237,1784808052.376321,8,0.018895626068115234,0.0023619532585144043,True
14,1238,1784808052.3955793,8,0.02016901969909668,0.002521127462387085,True
14,1239,1784808052.4160595,8,0.018311738967895508,0.0022889673709869385,True
14,1240,1784808052.4346435,8,0.019034147262573242,0.0023792684078216553,True
14,1241,1784808052.4541366,8,0.020589590072631836,0.0025736987590789795,True
14,1242,1784808052.4751117,8,0.019306182861328125,0.0024132728576660156,True
14,1243,1784808052.4947886,8,0.02008795738220215,0.0025109946727752686,True
14,1244,1784808052.5156536,8,0.019513368606567383,0.002439171075820923,True
14,1245,1784808052.5356345,8,0.020226716995239258,0.0025283396244049072,True
14,1246,1784808052.5562801,8,0.019591808319091797,0.0024489760398864746,True
14,1247,1784808052.5761595,8,0.019391775131225586,0.0024239718914031982,True
14,1248,1784808052.5959022,8,0.019026994705200195,0.0023783743381500244,True
14,1249,1784808052.6154053,8,0.020583391189575195,0.0025729238986968994,True
14,1250,1784808052.6363418,8,0.01895904541015625,0.0023698806762695312,True
14,1251,1784808052.6555758,8,0.02205514907836914,0.0027568936347961426,True
14,1252,1784808052.6779327,8,0.019953250885009766,0.0024941563606262207,True
14,1253,1784808052.698328,8,0.020261049270629883,0.0025326311588287354,True
14,1254,1784808052.7189627,8,0.02246403694152832,0.00280800461769104,True
14,1255,1784808052.7417893,8,0.01977992057800293,0.002472490072250366,True
14,1256,1784808052.761856,8,0.019560575485229492,0.0024450719356536865,True
14,1257,1784808052.78167,8,0.01994013786315918,0.0024925172328948975,True
14,1258,1784808052.8018925,8,0.01946091651916504,0.00243261456489563,True
14,1259,1784808052.8218033,8,0.0205385684967041,0.0025673210620880127,True
14,1260,1784808052.8426254,8,0.019764423370361328,0.002470552921295166,True
14,1261,1784808052.8626754,8,0.019765615463256836,0.0024707019329071045,True
14,1262,1784808052.8828661,8,0.02025604248046875,0.0025320053100585938,True
14,1263,1784808052.9035869,8,0.018622875213623047,0.002327859401702881,True
14,1264,1784808052.9225976,8,0.021220684051513672,0.002652585506439209,True
14,1265,1784808052.9445555,8,0.02179551124572754,0.0027244389057159424,True
14,1266,1784808052.966637,8,0.01784038543701172,0.002230048179626465,True
14,1267,1784808052.9848964,8,0.02169179916381836,0.002711474895477295,True
14,1268,1784808053.0072553,8,0.01952362060546875,0.0024404525756835938,True
14,1269,1784808053.0271637,8,0.020416259765625,0.002552032470703125,True
14,1270,1784808053.0479171,8,0.02095794677734375,0.0026197433471679688,True
14,1271,1784808053.0696752,8,0.020394563674926758,0.0025493204593658447,True
14,1272,1784808053.0911312,8,0.021687030792236328,0.002710878849029541,True
14,1273,1784808053.1139264,8,0.02115631103515625,0.0026445388793945312,True
14,1274,1784808053.1355052,8,0.021175146102905273,0.002646893262863159,True
14,1275,1784808053.1571732,8,0.01961231231689453,0.0024515390396118164,True
14,1276,1784808053.1773615,8,0.021009445190429688,0.002626180648803711,True
14,1277,1784808053.1987288,8,0.020090579986572266,0.002511322498321533,True
14,1278,1784808053.219329,8,0.01958918571472168,0.00244864821434021,True
14,1279,1784808053.2393298,8,0.01950383186340332,0.002437978982925415,True
14,1280,1784808053.2592618,8,0.019953489303588867,0.0024941861629486084,True
14,1281,1784808053.2798305,8,0.02045297622680664,0.00255662202835083,True
14,1282,1784808053.3006072,8,0.019904375076293945,0.002488046884536743,True
14,1283,1784808053.3210695,8,0.020763874053955078,0.0025954842567443848,True
14,1284,1784808053.3423445,8,0.01707911491394043,0.0021348893642425537,True
14,1285,1784808053.3597076,8,0.020360946655273438,0.0025451183319091797,True
14,1286,1784808053.3804553,8,0.020974159240722656,0.002621769905090332,True
14,1287,1784808053.4017403,8,0.019815683364868164,0.0024769604206085205,True
14,1288,1784808053.421925,8,0.02067089080810547,0.0025838613510131836,True
14,1289,1784808053.4429526,8,0.021457672119140625,0.002682209014892578,True
14,1290,1784808053.4647968,8,0.019597768783569336,0.002449721097946167,True
14,1291,1784808053.4847143,8,0.020032405853271484,0.0025040507316589355,True
14,1292,1784808053.5051003,8,0.020420312881469727,0.002552539110183716,True
14,1293,1784808053.525885,8,0.02019953727722168,0.00252494215965271,True
14,1294,1784808053.546409,8,0.018824100494384766,0.0023530125617980957,True
14,1295,1784808053.565551,8,0.019419431686401367,0.002427428960800171,True
14,1296,1784808053.5854638,8,0.01862478256225586,0.0023280978202819824,True
14,1297,1784808053.60509,8,0.019000768661499023,0.002375096082687378,True
14,1298,1784808053.625042,8,0.020832538604736328,0.002604067325592041,True
14,1299,1784808053.6462076,8,0.01959681510925293,0.002449601888656616,True
14,1300,1784808053.6661048,8,0.020859241485595703,0.002607405185699463,True
14,1301,1784808053.6873517,8,0.019460678100585938,0.002432584762573242,True
14,1302,1784808053.7078738,8,0.021509170532226562,0.0026886463165283203,True
14,1303,1784808053.7298028,8,0.019694805145263672,0.002461850643157959,True
14,1304,1784808053.7499585,8,0.021988391876220703,0.002748548984527588,True
14,1305,1784808053.7722938,8,0.019446611404418945,0.002430826425552368,True
14,1306,1784808053.7924945,8,0.019751310348510742,0.0024689137935638428,True
14,1307,1784808053.8128247,8,0.019143342971801758,0.0023929178714752197,True
14,1308,1784808053.8323922,8,0.019556045532226562,0.0024445056915283203,True
14,1309,1784808053.8523147,8,0.019832849502563477,0.0024791061878204346,True
14,1310,1784808053.8724759,8,0.021115541458129883,0.0026394426822662354,True
14,1311,1784808053.8938677,8,0.018136978149414062,0.002267122268676758,True
14,1312,1784808053.9130132,8,0.020586252212524414,0.0025732815265655518,True
14,1313,1784808053.9338937,8,0.019353628158569336,0.002419203519821167,True
14,1314,1784808053.9539387,8,0.0200808048248291,0.0025101006031036377,True
14,1315,1784808053.9743216,8,0.0198211669921875,0.0024776458740234375,True
14,1316,1784808053.9946206,8,0.024849891662597656,0.003106236457824707,True
14,1317,1784808054.0201159,8,0.01789569854736328,0.00223696231842041,True
14,1318,1784808054.0384636,8,0.02132391929626465,0.002665489912033081,True
14,1319,1784808054.0603514,8,0.022190093994140625,0.002773761749267578,True
14,1320,1784808054.0830624,8,0.020231246948242188,0.0025289058685302734,True
14,1321,1784808054.1039433,8,0.019726037979125977,0.002465754747390747,True
14,1322,1784808054.124113,8,0.022125959396362305,0.002765744924545288,True
14,1323,1784808054.14667,8,0.01924276351928711,0.0024053454399108887,True
14,1324,1784808054.1665068,8,0.02019977569580078,0.0025249719619750977,True
14,1325,1784808054.1873224,8,0.02219247817993164,0.002774059772491455,True
14,1326,1784808054.2099144,8,0.020038366317749023,0.002504795789718628,True
14,1327,1784808054.2307947,8,0.01902008056640625,0.0023775100708007812,True
14,1328,1784808054.250235,8,0.020098209381103516,0.0025122761726379395,True
14,1329,1784808054.2707028,8,0.020804166793823242,0.0026005208492279053,True
14,1330,1784808054.2921705,8,0.02032017707824707,0.002540022134780884,True
14,1331,1784808054.3134418,8,0.02065753936767578,0.0025821924209594727,True
14,1332,1784808054.3345718,8,0.020003080368041992,0.002500385046005249,True
14,1333,1784808054.355003,8,0.021523714065551758,0.0026904642581939697,True
14,1334,1784808054.376877,8,0.019632339477539062,0.002454042434692383,True
14,1335,1784808054.3967783,8,0.019150733947753906,0.0023938417434692383,True
14,1336,1784808054.4162924,8,0.020038366317749023,0.002504795789718628,True
14,1337,1784808054.4366372,8,0.01974010467529297,0.002467513084411621,True
14,1338,1784808054.456773,8,0.02020573616027832,0.00252571702003479,True
14,1339,1784808054.4774287,8,0.019558429718017578,0.0024448037147521973,True
14,1340,1784808054.4974875,8,0.020395517349243164,0.0025494396686553955,True
14,1341,1784808054.5182164,8,0.020818233489990234,0.0026022791862487793,True
14,1342,1784808054.539371,8,0.020014047622680664,0.002501755952835083,True
14,1343,1784808054.5596201,8,0.020388126373291016,0.002548515796661377,True
14,1344,1784808054.5805984,8,0.022461891174316406,0.0028077363967895508,True
14,1345,1784808054.603448,8,0.018469810485839844,0.0023087263107299805,True
14,1346,1784808054.6222098,8,0.01900029182434082,0.0023750364780426025,True
14,1347,1784808054.641712,8,0.01999521255493164,0.002499401569366455,True
14,1348,1784808054.6620598,8,0.019153594970703125,0.0023941993713378906,True
14,1349,1784808054.681491,8,0.01823878288269043,0.0022798478603363037,True
14,1350,1784808054.7002037,8,0.022019147872924805,0.0027523934841156006,True
14,1351,1784808054.722628,8,0.01838207244873047,0.0022977590560913086,True
14,1352,1784808054.7414675,8,0.019716501235961914,0.0024645626544952393,True
14,1353,1784808054.7614906,8,0.020835161209106445,0.0026043951511383057,True
14,1354,1784808054.7826247,8,0.021642208099365234,0.0027052760124206543,True
14,1355,1784808054.8046527,8,0.01993703842163086,0.0024921298027038574,True
14,1356,1784808054.8249862,8,0.019185781478881836,0.0023982226848602295,True
14,1357,1784808054.8444533,8,0.019544601440429688,0.002443075180053711,True
14,1358,1784808054.8643718,8,0.019675731658935547,0.0024594664573669434,True
14,1359,1784808054.8855035,8,0.01945638656616211,0.0024320483207702637,True
14,1360,1784808054.9052057,8,0.019902944564819336,0.002487868070602417,True
14,1361,1784808054.9256177,8,0.020370960235595703,0.002546370029449463,True
14,1362,1784808054.9463344,8,0.020659208297729492,0.0025824010372161865,True
14,1363,1784808054.9673584,8,0.019154787063598633,0.002394348382949829,True
14,1364,1784808054.9868395,8,0.020176410675048828,0.0025220513343811035,True
14,1365,1784808055.007361,8,0.020615100860595703,0.002576887607574463,True
14,1366,1784808055.0283952,8,0.018877267837524414,0.0023596584796905518,True
14,1367,1784808055.0476708,8,0.02198481559753418,0.0027481019496917725,True
14,1368,1784808055.0701363,8,0.017873764038085938,0.002234220504760742,True
14,1369,1784808055.0884824,8,0.02000117301940918,0.0025001466274261475,True
14,1370,1784808055.1089404,8,0.021482467651367188,0.0026853084564208984,True
14,1371,1784808055.1314135,8,0.019898176193237305,0.002487272024154663,True
14,1372,1784808055.151628,8,0.019924163818359375,0.002490520477294922,True
14,1373,1784808055.1721897,8,0.01938462257385254,0.0024230778217315674,True
14,1374,1784808055.1919014,8,0.021349668502807617,0.002668708562850952,True
14,1375,1784808055.2135463,8,0.019589900970458984,0.002448737621307373,True
14,1376,1784808055.2333927,8,0.020763635635375977,0.002595454454421997,True
14,1377,1784808055.2545037,8,0.019643545150756836,0.0024554431438446045,True
14,1378,1784808055.2745345,8,0.02039170265197754,0.0025489628314971924,True
14,1379,1784808055.2951777,8,0.021051406860351562,0.0026314258575439453,True
14,1380,1784808055.3165386,8,0.02100515365600586,0.0026256442070007324,True
14,1381,1784808055.3379164,8,0.021301746368408203,0.0026627182960510254,True
14,1382,1784808055.359603,8,0.01984095573425293,0.002480119466781616,True
14,1383,1784808055.379772,8,0.01953864097595215,0.0024423301219940186,True
14,1384,1784808055.399638,8,0.018759965896606445,0.0023449957370758057,True
14,1385,1784808055.4186707,8,0.020435810089111328,0.002554476261138916,True
14,1386,1784808055.4393876,8,0.020984411239624023,0.002623051404953003,True
14,1387,1784808055.4607317,8,0.019846200942993164,0.0024807751178741455,True
14,1388,1784808055.4808874,8,0.018803119659423828,0.0023503899574279785,True
14,1389,1784808055.5001402,8,0.020769834518432617,0.002596229314804077,True
14,1390,1784808055.521231,8,0.018781423568725586,0.0023476779460906982,True
14,1391,1784808055.540327,8,0.020162105560302734,0.002520263195037842,True
14,1392,1784808055.5608044,8,0.01907801628112793,0.002384752035140991,True
14,1393,1784808055.5801587,8,0.01967310905456543,0.0024591386318206787,True
14,1394,1784808055.6002443,8,0.019585847854614258,0.0024482309818267822,True
14,1395,1784808055.6201613,8,0.020513534545898438,0.0025641918182373047,True
14,1396,1784808055.641074,8,0.01997828483581543,0.0024972856044769287,True
14,1397,1784808055.6619327,8,0.019315004348754883,0.0024143755435943604,True
14,1398,1784808055.6819484,8,0.019228696823120117,0.0024035871028900146,True
14,1399,1784808055.7017858,8,0.01960587501525879,0.0024507343769073486,True
14,1400,1784808055.7225182,8,0.020430803298950195,0.0025538504123687744,True
14,1401,1784808055.7433143,8,0.020363330841064453,0.0025454163551330566,True
14,1402,1784808055.7640967,8,0.020735502243041992,0.002591937780380249,True
14,1403,1784808055.7857797,8,0.020770549774169922,0.0025963187217712402,True
14,1404,1784808055.807073,8,0.024018526077270508,0.0030023157596588135,True
14,1405,1784808055.8314834,8,0.02110576629638672,0.00263822078704834,True
14,1406,1784808055.852993,8,0.019172191619873047,0.002396523952484131,True
14,1407,1784808055.8724742,8,0.021096229553222656,0.002637028694152832,True
14,1408,1784808055.8939097,8,0.0200498104095459,0.0025062263011932373,True
14,1409,1784808055.9143085,8,0.01977396011352539,0.002471745014190674,True
14,1410,1784808055.9348373,8,0.020390748977661133,0.0025488436222076416,True
14,1411,1784808055.9555733,8,0.01960444450378418,0.0024505555629730225,True
14,1412,1784808055.975588,8,0.020541667938232422,0.0025677084922790527,True
14,1413,1784808055.9964159,8,0.019984722137451172,0.0024980902671813965,True
14,1414,1784808056.0170498,8,0.01995563507080078,0.0024944543838500977,True
14,1415,1784808056.0372925,8,0.02071857452392578,0.0025898218154907227,True
14,1416,1784808056.0583541,8,0.019803285598754883,0.0024754106998443604,True
14,1417,1784808056.0784383,8,0.021932125091552734,0.002741515636444092,True
14,1418,1784808056.1008458,8,0.020084381103515625,0.002510547637939453,True
14,1419,1784808056.121246,8,0.021550416946411133,0.0026938021183013916,True
14,1420,1784808056.1431131,8,0.019696474075317383,0.002462059259414673,True
14,1421,1784808056.163184,8,0.01950359344482422,0.0024379491806030273,True
14,1422,1784808056.1832082,8,0.019257307052612305,0.002407163381576538,True
14,1423,1784808056.2029095,8,0.022055625915527344,0.002756953239440918,True
14,1424,1784808056.225312,8,0.01830291748046875,0.0022878646850585938,True
14,1425,1784808056.243945,8,0.021424055099487305,0.002678006887435913,True
14,1426,1784808056.265704,8,0.02068185806274414,0.0025852322578430176,True
14,1427,1784808056.2868142,8,0.02275991439819336,0.00284498929977417,True
14,1428,1784808056.3101428,8,0.020017385482788086,0.0025021731853485107,True
14,1429,1784808056.3304334,8,0.021323204040527344,0.002665400505065918,True
14,1430,1784808056.3522084,8,0.019364595413208008,0.002420574426651001,True
14,1431,1784808056.3720028,8,0.01959824562072754,0.0024497807025909424,True
14,1432,1784808056.3919444,8,0.0217592716217041,0.0027199089527130127,True
14,1433,1784808056.4140499,8,0.0207364559173584,0.0025920569896698,True
14,1434,1784808056.435391,8,0.01848006248474121,0.0023100078105926514,True
14,1435,1784808056.4542098,8,0.01910686492919922,0.0023883581161499023,True
14,1436,1784808056.4737263,8,0.0202329158782959,0.0025291144847869873,True
14,1437,1784808056.494341,8,0.019755125045776367,0.002469390630722046,True
14,1438,1784808056.5144346,8,0.018468618392944336,0.002308577299118042,True
14,1439,1784808056.5332534,8,0.019929885864257812,0.0024912357330322266,True
14,1440,1784808056.553599,8,0.020601511001586914,0.0025751888751983643,True
14,1441,1784808056.5745075,8,0.019822120666503906,0.0024777650833129883,True
14,1442,1784808056.5947697,8,0.020901918411254883,0.0026127398014068604,True
14,1443,1784808056.6160727,8,0.02041482925415039,0.002551853656768799,True
14,1444,1784808056.6367822,8,0.019406795501708984,0.002425849437713623,True
14,1445,1784808056.656452,8,0.021477699279785156,0.0026847124099731445,True
14,1446,1784808056.6783042,8,0.01949906349182129,0.002437382936477661,True
14,1447,1784808056.698208,8,0.01930403709411621,0.0024130046367645264,True
14,1448,1784808056.7178135,8,0.019822359085083008,0.002477794885635376,True
14,1449,1784808056.7380497,8,0.0191957950592041,0.0023994743824005127,True
14,1450,1784808056.7576246,8,0.022246122360229492,0.0027807652950286865,True
14,1451,1784808056.7802482,8,0.020139217376708984,0.002517402172088623,True
14,1452,1784808056.8006637,8,0.019858598709106445,0.0024823248386383057,True
14,1453,1784808056.8208535,8,0.019526004791259766,0.0024407505989074707,True
14,1454,1784808056.840801,8,0.020620346069335938,0.002577543258666992,True
14,1455,1784808056.8617735,8,0.02072429656982422,0.0025905370712280273,True
14,1456,1784808056.8828733,8,0.02482008934020996,0.003102511167526245,True
14,1457,1784808056.9081326,8,0.018596649169921875,0.0023245811462402344,True
14,1458,1784808056.9271276,8,0.019804000854492188,0.0024755001068115234,True
14,1459,1784808056.947426,8,0.019237041473388672,0.002404630184173584,True
14,1460,1784808056.966981,8,0.019527196884155273,0.002440899610519409,True
14,1461,1784808056.9870067,8,0.020873069763183594,0.0026091337203979492,True
14,1462,1784808057.0083323,8,0.020918846130371094,0.0026148557662963867,True
14,1463,1784808057.029626,8,0.0197908878326416,0.0024738609790802,True
14,1464,1784808057.0497339,8,0.019994735717773438,0.0024993419647216797,True
14,1465,1784808057.0701246,8,0.02084493637084961,0.002605617046356201,True
14,1466,1784808057.091371,8,0.01845860481262207,0.002307325601577759,True
14,1467,1784808057.1101644,8,0.020090103149414062,0.002511262893676758,True
14,1468,1784808057.1307397,8,0.021189451217651367,0.002648681402206421,True
14,1469,1784808057.152249,8,0.01933884620666504,0.00241735577583313,True
14,1470,1784808057.17191,8,0.020926475524902344,0.002615809440612793,True
14,1471,1784808057.1932268,8,0.01933884620666504,0.00241735577583313,True
14,1472,1784808057.212886,8,0.020773649215698242,0.0025967061519622803,True
14,1473,1784808057.2342029,8,0.01919102668762207,0.002398878335952759,True
14,1474,1784808057.2538085,8,0.01889777183532715,0.0023622214794158936,True
14,1475,1784808057.27298,8,0.020325422286987305,0.002540677785873413,True
14,1476,1784808057.2938502,8,0.018532514572143555,0.0023165643215179443,True
14,1477,1784808057.3129137,8,0.01999640464782715,0.0024995505809783936,True
14,1478,1784808057.333262,8,0.019415616989135742,0.0024269521236419678,True
14,1479,1784808057.3530107,8,0.02086472511291504,0.00260809063911438,True
14,1480,1784808057.374693,8,0.01926136016845703,0.002407670021057129,True
14,1481,1784808057.394326,8,0.01996779441833496,0.00249597430229187,True
14,1482,1784808057.4146898,8,0.02086949348449707,0.002608686685562134,True
14,1483,1784808057.4359367,8,0.01984691619873047,0.0024808645248413086,True
14,1484,1784808057.4560752,8,0.02121114730834961,0.002651393413543701,True
14,1485,1784808057.4776,8,0.01833200454711914,0.0022915005683898926,True
14,1486,1784808057.4963055,8,0.01986241340637207,0.002482801675796509,True
14,1487,1784808057.5164888,8,0.02040410041809082,0.0025505125522613525,True
14,1488,1784808057.5372777,8,0.02017664909362793,0.002522081136703491,True
14,1489,1784808057.557707,8,0.02080821990966797,0.002601027488708496,True
14,1490,1784808057.5787756,8,0.01986551284790039,0.002483189105987549,True
14,1491,1784808057.598987,8,0.019119977951049805,0.0023899972438812256,True
14,1492,1784808057.6185286,8,0.020201444625854492,0.0025251805782318115,True
14,1493,1784808057.6390443,8,0.019962787628173828,0.0024953484535217285,True
14,1494,1784808057.6594248,8,0.01966094970703125,0.0024576187133789062,True
14,1495,1784808057.6793656,8,0.019950389862060547,0.0024937987327575684,True
14,1496,1784808057.7001302,8,0.0214846134185791,0.0026855766773223877,True
14,1497,1784808057.722198,8,0.01945018768310547,0.0024312734603881836,True
14,1498,1784808057.7419908,8,0.018625497817993164,0.0023281872272491455,True
14,1499,1784808057.7609408,8,0.02170085906982422,0.0027126073837280273,True
14,1500,1784808057.782991,8,0.019390344619750977,0.002423793077468872,True
14,1501,1784808057.8027244,8,0.020708560943603516,0.0025885701179504395,True
14,1502,1784808057.823758,8,0.02007770538330078,0.0025097131729125977,True
14,1503,1784808057.8444157,8,0.020303010940551758,0.0025378763675689697,True
14,1504,1784808057.8651192,8,0.02065110206604004,0.002581387758255005,True
14,1505,1784808057.8860636,8,0.021520376205444336,0.002690047025680542,True
14,1506,1784808057.9079087,8,0.020215511322021484,0.0025269389152526855,True
14,1507,1784808057.9284785,8,0.019078493118286133,0.0023848116397857666,True
14,1508,1784808057.94802,8,0.018365144729614258,0.0022956430912017822,True
14,1509,1784808057.9668503,8,0.020440101623535156,0.0025550127029418945,True
14,1510,1784808057.988293,8,0.020957469940185547,0.0026196837425231934,True
14,1511,1784808058.0096185,8,0.01961517333984375,0.0024518966674804688,True
14,1512,1784808058.0305388,8,0.021457910537719727,0.002682238817214966,True
14,1513,1784808058.0523014,8,0.017351865768432617,0.002168983221054077,True
14,1514,1784808058.069964,8,0.020474672317504883,0.0025593340396881104,True
14,1515,1784808058.0907943,8,0.02051687240600586,0.0025646090507507324,True
14,1516,1784808058.1117113,8,0.0198516845703125,0.0024814605712890625,True
14,1517,1784808058.1319013,8,0.018839120864868164,0.0023548901081085205,True
14,1518,1784808058.1513739,8,0.02140212059020996,0.002675265073776245,True
14,1519,1784808058.173222,8,0.01927351951599121,0.0024091899394989014,True
14,1520,1784808058.1929624,8,0.02137589454650879,0.0026719868183135986,True
14,1521,1784808058.2148774,8,0.02042102813720703,0.002552628517150879,True
14,1522,1784808058.2355907,8,0.020359277725219727,0.002544909715652466,True
14,1523,1784808058.2562482,8,0.019789457321166992,0.002473682165145874,True
14,1524,1784808058.2766178,8,0.022078752517700195,0.0027598440647125244,True
14,1525,1784808058.299064,8,0.02059793472290039,0.002574741840362549,True
14,1526,1784808058.3200073,8,0.020249128341674805,0.0025311410427093506,True
14,1527,1784808058.3405304,8,0.019632816314697266,0.002454102039337158,True
14,1528,1784808058.3604825,8,0.02003002166748047,0.0025037527084350586,True
14,1529,1784808058.3809214,8,0.017712831497192383,0.002214103937149048,True
14,1530,1784808058.3989682,8,0.019433259963989258,0.0024291574954986572,True
14,1531,1784808058.418758,8,0.020018815994262695,0.002502351999282837,True
14,1532,1784808058.439149,8,0.021417856216430664,0.002677232027053833,True
14,1533,1784808058.460954,8,0.019644975662231445,0.0024556219577789307,True
14,1534,1784808058.4809885,8,0.019666194915771484,0.0024582743644714355,True
14,1535,1784808058.500967,8,0.022249460220336914,0.0027811825275421143,True
14,1536,1784808058.523495,8,0.019165754318237305,0.002395719289779663,True
14,1537,1784808058.542949,8,0.022454023361206055,0.002806752920150757,True
14,1538,1784808058.5657055,8,0.02008676528930664,0.00251084566116333,True
14,1539,1784808058.5861394,8,0.020926713943481445,0.0026158392429351807,True
14,1540,1784808058.6073804,8,0.02245926856994629,0.002807408571243286,True
14,1541,1784808058.6301177,8,0.019777297973632812,0.0024721622467041016,True
14,1542,1784808058.650289,8,0.020810604095458984,0.002601325511932373,True
14,1543,1784808058.6714735,8,0.018193483352661133,0.0022741854190826416,True
14,1544,1784808058.690162,8,0.02084660530090332,0.002605825662612915,True
14,1545,1784808058.7114143,8,0.018530845642089844,0.0023163557052612305,True
14,1546,1784808058.7304626,8,0.020438432693481445,0.0025548040866851807,True
14,1547,1784808058.7515612,8,0.01952362060546875,0.0024404525756835938,True
14,1548,1784808058.7716343,8,0.02086639404296875,0.0026082992553710938,True
14,1549,1784808058.7929006,8,0.021445274353027344,0.002680659294128418,True
14,1550,1784808058.8146763,8,0.019646644592285156,0.0024558305740356445,True
14,1551,1784808058.8346488,8,0.019707679748535156,0.0024634599685668945,True
14,1552,1784808058.8547406,8,0.0208737850189209,0.0026092231273651123,True
14,1553,1784808058.8759103,8,0.020189285278320312,0.002523660659790039,True
14,1554,1784808058.8965487,8,0.01855182647705078,0.0023189783096313477,True
14,1555,1784808058.9153833,8,0.020455360412597656,0.002556920051574707,True
14,1556,1784808058.936238,8,0.021274805068969727,0.002659350633621216,True
14,1557,1784808058.957832,8,0.018802642822265625,0.002350330352783203,True
14,1558,1784808058.9770133,8,0.0223538875579834,0.002794235944747925,True
14,1559,1784808058.9996834,8,0.01867079734802246,0.0023338496685028076,True
14,1560,1784808059.018907,8,0.019739627838134766,0.0024674534797668457,True
14,1561,1784808059.0390172,8,0.018514156341552734,0.002314269542694092,True
14,1562,1784808059.057875,8,0.02007460594177246,0.0025093257427215576,True
14,1563,1784808059.0782852,8,0.019614696502685547,0.0024518370628356934,True
14,1564,1784808059.098439,8,0.01906871795654297,0.002383589744567871,True
14,1565,1784808059.1179364,8,0.020420551300048828,0.0025525689125061035,True
14,1566,1784808059.138987,8,0.020567893981933594,0.0025709867477416992,True
14,1567,1784808059.1613042,8,0.02062392234802246,0.0025779902935028076,True
14,1568,1784808059.1823058,8,0.01831531524658203,0.002289414405822754,True
14,1569,1784808059.2009304,8,0.019171476364135742,0.0023964345455169678,True
14,1570,1784808059.2206404,8,0.021499156951904297,0.002687394618988037,True
14,1571,1784808059.2425756,8,0.021832942962646484,0.0027291178703308105,True
14,1572,1784808059.2647202,8,0.021477460861206055,0.002684682607650757,True
14,1573,1784808059.2865367,8,0.020146608352661133,0.0025183260440826416,True
14,1574,1784808059.307122,8,0.018407106399536133,0.0023008882999420166,True
14,1575,1784808059.3259258,8,0.0203244686126709,0.0025405585765838623,True
14,1576,1784808059.3465543,8,0.020546436309814453,0.0025683045387268066,True
14,1577,1784808059.36739,8,0.019597530364990234,0.0024496912956237793,True
14,1578,1784808059.3872936,8,0.019660234451293945,0.002457529306411743,True
14,1579,1784808059.4073029,8,0.019618511199951172,0.0024523138999938965,True
14,1580,1784808059.4272535,8,0.020186185836791992,0.002523273229598999,True
14,1581,1784808059.4477348,8,0.01968693733215332,0.002460867166519165,True
14,1582,1784808059.4677536,8,0.019101619720458984,0.002387702465057373,True
14,1583,1784808059.4875982,8,0.019608736038208008,0.002451092004776001,True
14,1584,1784808059.5075417,8,0.019362211227416992,0.002420276403427124,True
14,1585,1784808059.5272844,8,0.020911693572998047,0.002613961696624756,True
14,1586,1784808059.5485075,8,0.020322322845458984,0.002540290355682373,True
14,1587,1784808059.5692573,8,0.020746469497680664,0.002593308687210083,True
14,1588,1784808059.5902922,8,0.021009206771850586,0.0026261508464813232,True
14,1589,1784808059.6116095,8,0.01934814453125,0.00241851806640625,True
14,1590,1784808059.6313639,8,0.019626140594482422,0.0024532675743103027,True
14,1591,1784808059.651368,8,0.019784927368164062,0.002473115921020508,True
14,1592,1784808059.6716187,8,0.020666837692260742,0.0025833547115325928,True
14,1593,1784808059.6926918,8,0.021981000900268555,0.0027476251125335693,True
14,1594,1784808059.714966,8,0.022516965866088867,0.0028146207332611084,True
14,1595,1784808059.7377727,8,0.018969297409057617,0.002371162176132202,True
14,1596,1784808059.757084,8,0.020093441009521484,0.0025116801261901855,True
14,1597,1784808059.7774446,8,0.01968216896057129,0.002460271120071411,True
14,1598,1784808059.7978709,8,0.020356416702270508,0.0025445520877838135,True
14,1599,1784808059.8185756,8,0.020901918411254883,0.0026127398014068604,True
14,1600,1784808059.83996,8,0.02061176300048828,0.002576470375061035,True
14,1601,1784808059.8608916,8,0.019639253616333008,0.002454906702041626,True
14,1602,1784808059.880904,8,0.019584178924560547,0.0024480223655700684,True
14,1603,1784808059.9007902,8,0.019524097442626953,0.002440512180328369,True
14,1604,1784808059.920706,8,0.018096923828125,0.002262115478515625,True
14,1605,1784808059.9391708,8,0.01951146125793457,0.0024389326572418213,True
14,1606,1784808059.9594483,8,0.019280672073364258,0.0024100840091705322,True
14,1607,1784808059.979402,8,0.020880460739135742,0.0026100575923919678,True
14,1608,1784808060.0010142,8,0.018354415893554688,0.002294301986694336,True
14,1609,1784808060.0198653,8,0.01887035369873047,0.0023587942123413086,True
14,1610,1784808060.0391533,8,0.020627975463867188,0.0025784969329833984,True
14,1611,1784808060.0601447,8,0.019806385040283203,0.0024757981300354004,True
14,1612,1784808060.0804226,8,0.019146203994750977,0.002393275499343872,True
14,1613,1784808060.0999582,8,0.018799304962158203,0.0023499131202697754,True
14,1614,1784808060.1190634,8,0.021143674850463867,0.0026429593563079834,True
14,1615,1784808060.140595,8,0.020833492279052734,0.002604186534881592,True
14,1616,1784808060.1617386,8,0.018754959106445312,0.002344369888305664,True
14,1617,1784808060.1808157,8,0.02061295509338379,0.0025766193866729736,True
14,1618,1784808060.2018645,8,0.020647764205932617,0.002580970525741577,True
14,1619,1784808060.2229257,8,0.02169179916381836,0.002711474895477295,True
14,1620,1784808060.244916,8,0.020986557006835938,0.002623319625854492,True
14,1621,1784808060.2664268,8,0.021064281463623047,0.002633035182952881,True
14,1622,1784808060.2878416,8,0.0189361572265625,0.0023670196533203125,True
14,1623,1784808060.3071635,8,0.019684553146362305,0.002460569143295288,True
14,1624,1784808060.3271995,8,0.022309064865112305,0.002788633108139038,True
14,1625,1784808060.3498766,8,0.021387815475463867,0.0026734769344329834,True
14,1626,1784808060.3716636,8,0.019398212432861328,0.002424776554107666,True
14,1627,1784808060.3913317,8,0.019183635711669922,0.0023979544639587402,True
14,1628,1784808060.4108064,8,0.019778013229370117,0.0024722516536712646,True
14,1629,1784808060.4310014,8,0.023739099502563477,0.0029673874378204346,True
14,1630,1784808060.4550502,8,0.02019190788269043,0.0025239884853363037,True
14,1631,1784808060.4755452,8,0.020525693893432617,0.002565711736679077,True
14,1632,1784808060.496425,8,0.020107269287109375,0.002513408660888672,True
14,1633,1784808060.5168555,8,0.019956111907958984,0.002494513988494873,True
14,1634,1784808060.537187,8,0.01932668685913086,0.0024158358573913574,True
14,1635,1784808060.556904,8,0.0201570987701416,0.0025196373462677,True
14,1636,1784808060.5774114,8,0.01903223991394043,0.0023790299892425537,True
14,1637,1784808060.5969272,8,0.019975662231445312,0.002496957778930664,True
14,1638,1784808060.6172752,8,0.01954936981201172,0.002443671226501465,True
14,1639,1784808060.6371841,8,0.021776914596557617,0.002722114324569702,True
14,1640,1784808060.6593378,8,0.01952219009399414,0.0024402737617492676,True
14,1641,1784808060.6791806,8,0.020249605178833008,0.002531200647354126,True
14,1642,1784808060.6998641,8,0.020894527435302734,0.002611815929412842,True
14,1643,1784808060.7212121,8,0.019746780395507812,0.0024683475494384766,True
14,1644,1784808060.741674,8,0.02054429054260254,0.0025680363178253174,True
14,1645,1784808060.7629714,8,0.02101421356201172,0.002626776695251465,True
14,1646,1784808060.784485,8,0.019787073135375977,0.002473384141921997,True
14,1647,1784808060.8052444,8,0.019305706024169922,0.0024132132530212402,True
14,1648,1784808060.8255165,8,0.020964622497558594,0.0026205778121948242,True
14,1649,1784808060.8470867,8,0.02012491226196289,0.0025156140327453613,True
14,1650,1784808060.8683941,8,0.02070927619934082,0.0025886595249176025,True
14,1651,1784808060.8899138,8,0.019831418991088867,0.0024789273738861084,True
14,1652,1784808060.9103596,8,0.020595550537109375,0.002574443817138672,True
14,1653,1784808060.9315681,8,0.019465923309326172,0.0024332404136657715,True
14,1654,1784808060.9513557,8,0.019315242767333984,0.002414405345916748,True
14,1655,1784808060.9710448,8,0.019136667251586914,0.0023920834064483643,True
14,1656,1784808060.9905787,8,0.02058696746826172,0.002573370933532715,True
14,1657,1784808061.0116234,8,0.01970505714416504,0.00246313214302063,True
14,1658,1784808061.0316875,8,0.020499467849731445,0.0025624334812164307,True
14,1659,1784808061.0524611,8,0.019425392150878906,0.0024281740188598633,True
14,1660,1784808061.0726216,8,0.020153045654296875,0.0025191307067871094,True
14,1661,1784808061.0932846,8,0.021763324737548828,0.0027204155921936035,True
14,1662,1784808061.1156673,8,0.021611690521240234,0.0027014613151550293,True
14,1663,1784808061.1383944,8,0.021232128143310547,0.0026540160179138184,True
14,1664,1784808061.160453,8,0.01901555061340332,0.002376943826675415,True
14,1665,1784808061.1798568,8,0.022233009338378906,0.0027791261672973633,True
14,1666,1784808061.2036386,8,0.018758296966552734,0.002344787120819092,True
14,1667,1784808061.223114,8,0.021187305450439453,0.0026484131813049316,True
14,1668,1784808061.245036,8,0.01978325843811035,0.002472907304763794,True
14,1669,1784808061.26531,8,0.022331714630126953,0.002791464328765869,True
14,1670,1784808061.2883465,8,0.020552635192871094,0.0025690793991088867,True
14,1671,1784808061.3095288,8,0.019295930862426758,0.0024119913578033447,True
14,1672,1784808061.3294983,8,0.020509958267211914,0.0025637447834014893,True
14,1673,1784808061.350586,8,0.02082657814025879,0.0026033222675323486,True
14,1674,1784808061.3717716,8,0.019549846649169922,0.0024437308311462402,True
14,1675,1784808061.3916745,8,0.019071578979492188,0.0023839473724365234,True
14,1676,1784808061.4110448,8,0.0200347900390625,0.0025043487548828125,True
14,1677,1784808061.4315374,8,0.018979549407958984,0.002372443675994873,True
14,1678,1784808061.4520447,8,0.021424293518066406,0.0026780366897583008,True
14,1679,1784808061.4747758,8,0.019859790802001953,0.002482473850250244,True
14,1680,1784808061.4951441,8,0.018999099731445312,0.002374887466430664,True
14,1681,1784808061.5151353,8,0.02117013931274414,0.0026462674140930176,True
14,1682,1784808061.5365896,8,0.02007126808166504,0.00250890851020813,True
14,1683,1784808061.5570526,8,0.021193981170654297,0.002649247646331787,True
14,1684,1784808061.57866,8,0.019870519638061523,0.0024838149547576904,True
14,1685,1784808061.5988762,8,0.020565271377563477,0.0025706589221954346,True
14,1686,1784808061.620202,8,0.020489931106567383,0.002561241388320923,True
14,1687,1784808061.6410027,8,0.021793365478515625,0.002724170684814453,True
14,1688,1784808061.663241,8,0.019021987915039062,0.002377748489379883,True
14,1689,1784808061.6826613,8,0.020261049270629883,0.0025326311588287354,True
14,1690,1784808061.7032788,8,0.020022869110107422,0.0025028586387634277,True
14,1691,1784808061.7236567,8,0.019184350967407227,0.0023980438709259033,True
14,1692,1784808061.7432914,8,0.019501924514770508,0.0024377405643463135,True
14,1693,1784808061.7632446,8,0.020748138427734375,0.002593517303466797,True
14,1694,1784808061.784919,8,0.019986391067504883,0.0024982988834381104,True
14,1695,1784808061.805268,8,0.019632339477539062,0.002454042434692383,True
14,1696,1784808061.8253722,8,0.02013540267944336,0.00251692533493042,True
14,1697,1784808061.845866,8,0.020272493362426758,0.0025340616703033447,True
14,1698,1784808061.8664272,8,0.020929813385009766,0.0026162266731262207,True
14,1699,1784808061.8876922,8,0.018496274948120117,0.0023120343685150146,True
14,1700,1784808061.9066024,8,0.020563125610351562,0.0025703907012939453,True
14,1701,1784808061.9276152,8,0.021640539169311523,0.0027050673961639404,True
14,1702,1784808061.9495654,8,0.020642518997192383,0.002580314874649048,True
14,1703,1784808061.9705822,8,0.019539594650268555,0.0024424493312835693,True
14,1704,1784808061.9904797,8,0.021596431732177734,0.002699553966522217,True
14,1705,1784808062.0124505,8,0.01891613006591797,0.002364516258239746,True
14,1706,1784808062.0316403,8,0.02126288414001465,0.002657860517501831,True
14,1707,1784808062.0533383,8,0.020781755447387695,0.002597719430923462,True
14,1708,1784808062.0746486,8,0.0212557315826416,0.0026569664478302,True
14,1709,1784808062.0963166,8,0.0197904109954834,0.002473801374435425,True
14,1710,1784808062.116488,8,0.024038314819335938,0.003004789352416992,True
14,1711,1784808062.141034,8,0.019117355346679688,0.002389669418334961,True
14,1712,1784808062.1606238,8,0.019489049911499023,0.002436131238937378,True
14,1713,1784808062.180439,8,0.02025890350341797,0.002532362937927246,True
14,1714,1784808062.2011573,8,0.021062850952148438,0.0026328563690185547,True
14,1715,1784808062.2226124,8,0.019580602645874023,0.002447575330734253,True
14,1716,1784808062.2425194,8,0.019642353057861328,0.002455294132232666,True
14,1717,1784808062.2633948,8,0.020709514617919922,0.0025886893272399902,True
14,1718,1784808062.2845337,8,0.020023345947265625,0.002502918243408203,True
14,1719,1784808062.3049257,8,0.019323110580444336,0.002415388822555542,True
14,1720,1784808062.3246012,8,0.020012617111206055,0.002501577138900757,True
14,1721,1784808062.345462,8,0.01949024200439453,0.0024362802505493164,True
14,1722,1784808062.3653204,8,0.02050495147705078,0.0025631189346313477,True
14,1723,1784808062.3862166,8,0.021336078643798828,0.0026670098304748535,True
14,1724,1784808062.4079614,8,0.018827199935913086,0.0023533999919891357,True
14,1725,1784808062.4274752,8,0.019545316696166992,0.002443164587020874,True
14,1726,1784808062.4473567,8,0.018372774124145508,0.0022965967655181885,True
14,1727,1784808062.4665537,8,0.021694183349609375,0.002711772918701172,True
14,1728,1784808062.4886148,8,0.020341157913208008,0.002542644739151001,True
14,1729,1784808062.5091927,8,0.02010488510131836,0.002513110637664795,True
14,1730,1784808062.5298383,8,0.019621610641479492,0.0024527013301849365,True
14,1731,1784808062.549884,8,0.019254684448242188,0.0024068355560302734,True
14,1732,1784808062.5694063,8,0.02153611183166504,0.00269201397895813,True
14,1733,1784808062.5912323,8,0.019125699996948242,0.0023907124996185303,True
14,1734,1784808062.6110442,8,0.019916534423828125,0.0024895668029785156,True
14,1735,1784808062.6315935,8,0.02129507064819336,0.00266188383102417,True
14,1736,1784808062.6534712,8,0.019565820693969727,0.002445727586746216,True
14,1737,1784808062.6734352,8,0.021936655044555664,0.002742081880569458,True
14,1738,1784808062.6956432,8,0.01920485496520996,0.002400606870651245,True
14,1739,1784808062.7157054,8,0.024294614791870117,0.0030368268489837646,True
14,1740,1784808062.7405107,8,0.02139735221862793,0.002674669027328491,True
14,1741,1784808062.7622933,8,0.019893646240234375,0.002486705780029297,True
14,1742,1784808062.7826018,8,0.018990039825439453,0.0023737549781799316,True
14,1743,1784808062.8020616,8,0.021043062210083008,0.002630382776260376,True
14,1744,1784808062.8235838,8,0.020740985870361328,0.002592623233795166,True
14,1745,1784808062.844693,8,0.02024245262145996,0.002530306577682495,True
14,1746,1784808062.8652654,8,0.019461870193481445,0.0024327337741851807,True
14,1747,1784808062.8852186,8,0.020000934600830078,0.0025001168251037598,True
14,1748,1784808062.9056966,8,0.01928234100341797,0.002410292625427246,True
14,1749,1784808062.9253507,8,0.01938176155090332,0.002422720193862915,True
14,1750,1784808062.9451423,8,0.01967930793762207,0.002459913492202759,True
14,1751,1784808062.9651158,8,0.02294778823852539,0.002868473529815674,True
14,1752,1784808062.9884474,8,0.020284652709960938,0.002535581588745117,True
14,1753,1784808063.0091364,8,0.02007293701171875,0.0025091171264648438,True
14,1754,1784808063.0296204,8,0.01906561851501465,0.002383202314376831,True
14,1755,1784808063.04912,8,0.019469022750854492,0.0024336278438568115,True
14,1756,1784808063.0689292,8,0.021160125732421875,0.0026450157165527344,True
14,1757,1784808063.0906522,8,0.02271294593811035,0.002839118242263794,True
14,1758,1784808063.1141722,8,0.019949674606323242,0.0024937093257904053,True
14,1759,1784808063.135167,8,0.019725322723388672,0.002465665340423584,True
14,1760,1784808063.155978,8,0.021396160125732422,0.0026745200157165527,True
14,1761,1784808063.1779149,8,0.02174210548400879,0.0027177631855010986,True
14,1762,1784808063.200414,8,0.019551992416381836,0.0024439990520477295,True
14,1763,1784808063.2203758,8,0.021222829818725586,0.0026528537273406982,True
14,1764,1784808063.242003,8,0.020503520965576172,0.0025629401206970215,True
14,1765,1784808063.2638183,8,0.019176006317138672,0.002397000789642334,True
14,1766,1784808063.283419,8,0.02005290985107422,0.0025066137313842773,True
14,1767,1784808063.3039541,8,0.0222623348236084,0.00278279185295105,True
14,1768,1784808063.3264658,8,0.022112131118774414,0.0027640163898468018,True
14,1769,1784808063.348884,8,0.021669387817382812,0.0027086734771728516,True
14,1770,1784808063.3708375,8,0.022063732147216797,0.0027579665184020996,True
14,1771,1784808063.3932602,8,0.019898414611816406,0.0024873018264770508,True
14,1772,1784808063.4141135,8,0.019168853759765625,0.002396106719970703,True
14,1773,1784808063.433614,8,0.022578716278076172,0.0028223395347595215,True
14,1774,1784808063.4565067,8,0.0191347599029541,0.0023918449878692627,True
14,1775,1784808063.4759424,8,0.019512414932250977,0.002439051866531372,True
14,1776,1784808063.4957619,8,0.02145695686340332,0.002682119607925415,True
14,1777,1784808063.5175438,8,0.02087569236755371,0.002609461545944214,True
14,1778,1784808063.5388029,8,0.01935291290283203,0.002419114112854004,True
14,1779,1784808063.5584877,8,0.02080225944519043,0.0026002824306488037,True
14,1780,1784808063.5797024,8,0.021279096603393555,0.0026598870754241943,True
14,1781,1784808063.6015387,8,0.021459579467773438,0.0026824474334716797,True
14,1782,1784808063.6233218,8,0.01903247833251953,0.0023790597915649414,True
14,1783,1784808063.6430047,8,0.02014780044555664,0.00251847505569458,True
14,1784,1784808063.6634152,8,0.0197141170501709,0.0024642646312713623,True
14,1785,1784808063.6835434,8,0.019754648208618164,0.0024693310260772705,True
14,1786,1784808063.7035944,8,0.020907878875732422,0.0026134848594665527,True
14,1787,1784808063.725441,8,0.020656108856201172,0.0025820136070251465,True
14,1788,1784808063.7464094,8,0.02150702476501465,0.002688378095626831,True
14,1789,1784808063.76869,8,0.018999576568603516,0.0023749470710754395,True
14,1790,1784808063.7885199,8,0.021976470947265625,0.002747058868408203,True
14,1791,1784808063.8108337,8,0.021297216415405273,0.002662152051925659,True
14,1792,1784808063.83246,8,0.019509553909301758,0.0024386942386627197,True
14,1793,1784808063.852289,8,0.021537303924560547,0.0026921629905700684,True
14,1794,1784808063.8742738,8,0.01885390281677246,0.0023567378520965576,True
14,1795,1784808063.8936334,8,0.02032923698425293,0.002541154623031616,True
14,1796,1784808063.914428,8,0.021089553833007812,0.0026361942291259766,True
14,1797,1784808063.9358432,8,0.02107691764831543,0.0026346147060394287,True
14,1798,1784808063.9573352,8,0.019968032836914062,0.002496004104614258,True
14,1799,1784808063.9776351,8,0.02000713348388672,0.00250089168548584,True
14,1800,1784808063.9980667,8,0.019912004470825195,0.0024890005588531494,True
14,1801,1784808064.018291,8,0.01955103874206543,0.0024438798427581787,True
14,1802,1784808064.0380738,8,0.021101713180541992,0.002637714147567749,True
14,1803,1784808064.059452,8,0.021085739135742188,0.0026357173919677734,True
14,1804,1784808064.0809255,8,0.02080702781677246,0.0026008784770965576,True
14,1805,1784808064.102278,8,0.020984888076782227,0.0026231110095977783,True
14,1806,1784808064.123678,8,0.02123570442199707,0.002654463052749634,True
14,1807,1784808064.1454573,8,0.020671606063842773,0.0025839507579803467,True
14,1808,1784808064.1664846,8,0.020123720169067383,0.002515465021133423,True
14,1809,1784808064.186962,8,0.020687341690063477,0.0025859177112579346,True
14,1810,1784808064.2081008,8,0.020233631134033203,0.0025292038917541504,True
14,1811,1784808064.2287118,8,0.019222259521484375,0.002402782440185547,True
14,1812,1784808064.2482688,8,0.022801876068115234,0.0028502345085144043,True
14,1813,1784808064.271421,8,0.02010345458984375,0.0025129318237304688,True
14,1814,1784808064.2918725,8,0.020027637481689453,0.0025034546852111816,True
14,1815,1784808064.312789,8,0.020390748977661133,0.0025488436222076416,True
14,1816,1784808064.333711,8,0.019558429718017578,0.0024448037147521973,True
14,1817,1784808064.3536694,8,0.021034717559814453,0.0026293396949768066,True
14,1818,1784808064.375072,8,0.023499727249145508,0.0029374659061431885,True
14,1819,1784808064.3993855,8,0.021417856216430664,0.002677232027053833,True
14,1820,1784808064.4212484,8,0.02166748046875,0.00270843505859375,True
14,1821,1784808064.4433682,8,0.020195484161376953,0.002524435520172119,True
14,1822,1784808064.4638224,8,0.02062082290649414,0.0025776028633117676,True
14,1823,1784808064.4848528,8,0.024059057235717773,0.0030073821544647217,True
14,1824,1784808064.5092244,8,0.016852855682373047,0.002106606960296631,True
14,1825,1784808064.526538,8,0.021422147750854492,0.0026777684688568115,True
14,1826,1784808064.548278,8,0.019614219665527344,0.002451777458190918,True
14,1827,1784808064.568817,8,0.02023911476135254,0.0025298893451690674,True
14,1828,1784808064.5893557,8,0.020876407623291016,0.002609550952911377,True
14,1829,1784808064.6105304,8,0.02118682861328125,0.0026483535766601562,True
14,1830,1784808064.6324134,8,0.019499778747558594,0.0024374723434448242,True
14,1831,1784808064.652606,8,0.021399259567260742,0.0026749074459075928,True
14,1832,1784808064.6743464,8,0.02175140380859375,0.0027189254760742188,True
14,1833,1784808064.6965687,8,0.019646406173706055,0.002455800771713257,True
14,1834,1784808064.7166576,8,0.02076125144958496,0.00259515643119812,True
14,1835,1784808064.7378373,8,0.020986080169677734,0.002623260021209717,True
14,1836,1784808064.7594998,8,0.020213842391967773,0.0025267302989959717,True
14,1837,1784808064.7801497,8,0.019655942916870117,0.0024569928646087646,True
14,1838,1784808064.8008218,8,0.021829605102539062,0.002728700637817383,True
14,1839,1784808064.8231227,8,0.020127296447753906,0.0025159120559692383,True
14,1840,1784808064.8437834,8,0.020747661590576172,0.0025934576988220215,True
14,1841,1784808064.8648891,8,0.02399897575378418,0.0029998719692230225,True
14,1842,1784808064.889377,8,0.021086692810058594,0.0026358366012573242,True
14,1843,1784808064.9108799,8,0.019272565841674805,0.0024090707302093506,True
14,1844,1784808064.930807,8,0.021100997924804688,0.002637624740600586,True
14,1845,1784808064.9531455,8,0.020190954208374023,0.002523869276046753,True
14,1846,1784808064.9736323,8,0.02112126350402832,0.00264015793800354,True
14,1847,1784808064.995135,8,0.020373821258544922,0.0025467276573181152,True
14,1848,1784808065.01659,8,0.022710084915161133,0.0028387606143951416,True
14,1849,1784808065.0397818,8,0.020771503448486328,0.002596437931060791,True
14,1850,1784808065.0608299,8,0.01914501190185547,0.0023931264877319336,True
14,1851,1784808065.080367,8,0.02212047576904297,0.002765059471130371,True
14,1852,1784808065.1029515,8,0.0204927921295166,0.002561599016189575,True
14,1853,1784808065.1236877,8,0.019991159439086914,0.0024988949298858643,True
14,1854,1784808065.144003,8,0.021819591522216797,0.0027274489402770996,True
14,1855,1784808065.1668692,8,0.02150750160217285,0.0026884377002716064,True
14,1856,1784808065.1887584,8,0.02099013328552246,0.0026237666606903076,True
14,1857,1784808065.2107048,8,0.021633386611938477,0.0027041733264923096,True
14,1858,1784808065.2326725,8,0.02087092399597168,0.00260886549949646,True
14,1859,1784808065.253892,8,0.019268274307250977,0.002408534288406372,True
14,1860,1784808065.2736187,8,0.021554946899414062,0.002694368362426758,True
14,1861,1784808065.2955892,8,0.018387556076049805,0.0022984445095062256,True
14,1862,1784808065.3145432,8,0.018761873245239258,0.0023452341556549072,True
14,1863,1784808065.3340626,8,0.02082514762878418,0.0026031434535980225,True
14,1864,1784808065.3553598,8,0.019479990005493164,0.0024349987506866455,True
14,1865,1784808065.3752236,8,0.020519733428955078,0.0025649666786193848,True
14,1866,1784808065.396214,8,0.02029109001159668,0.002536386251449585,True
14,1867,1784808065.4168968,8,0.020532846450805664,0.002566605806350708,True
14,1868,1784808065.4379237,8,0.02242898941040039,0.002803623676300049,True
14,1869,1784808065.4607906,8,0.021202802658081055,0.002650350332260132,True
14,1870,1784808065.4823365,8,0.020042896270751953,0.002505362033843994,True
14,1871,1784808065.502738,8,0.019786834716796875,0.0024733543395996094,True
14,1872,1784808065.522952,8,0.019263029098510742,0.0024078786373138428,True
14,1873,1784808065.5425575,8,0.019740819931030273,0.002467602491378784,True
14,1874,1784808065.5626724,8,0.01938152313232422,0.0024226903915405273,True
14,1875,1784808065.58247,8,0.021604537963867188,0.0027005672454833984,True
14,1876,1784808065.6044188,8,0.022675752639770508,0.0028344690799713135,True
14,1877,1784808065.6276658,8,0.028254985809326172,0.0035318732261657715,True
14,1878,1784808065.6569045,8,0.015512704849243164,0.0019390881061553955,True
14,1879,1784808065.6730373,8,0.02234959602355957,0.0027936995029449463,True
14,1880,1784808065.6958377,8,0.021889925003051758,0.0027362406253814697,True
14,1881,1784808065.7181382,8,0.019047975540161133,0.0023809969425201416,True
14,1882,1784808065.737763,8,0.022701740264892578,0.0028377175331115723,True
14,1883,1784808065.760719,8,0.02170848846435547,0.0027135610580444336,True
14,1884,1784808065.7830422,8,0.020467758178710938,0.002558469772338867,True
14,1885,1784808065.8038108,8,0.02016615867614746,0.0025207698345184326,True
14,1886,1784808065.8243127,8,0.021137237548828125,0.0026421546936035156,True
14,1887,1784808065.8457518,8,0.019660472869873047,0.002457559108734131,True
14,1888,1784808065.8662827,8,0.01837301254272461,0.002296626567840576,True
14,1889,1784808065.885073,8,0.02164006233215332,0.002705007791519165,True
14,1890,1784808065.9071345,8,0.019756317138671875,0.0024695396423339844,True
14,1891,1784808065.9271748,8,0.019166231155395508,0.0023957788944244385,True
14,1892,1784808065.9467933,8,0.02170538902282715,0.0027131736278533936,True
14,1893,1784808065.9688642,8,0.020120620727539062,0.002515077590942383,True
14,1894,1784808065.9893522,8,0.02012157440185547,0.0025151968002319336,True
14,1895,1784808066.0098326,8,0.01917576789855957,0.0023969709873199463,True
14,1896,1784808066.0293381,8,0.021203994750976562,0.0026504993438720703,True
14,1897,1784808066.0509465,8,0.019796371459960938,0.002474546432495117,True
14,1898,1784808066.0717413,8,0.01877903938293457,0.0023473799228668213,True
14,1899,1784808066.0908744,8,0.02105259895324707,0.002631574869155884,True
14,1900,1784808066.1124966,8,0.020580530166625977,0.002572566270828247,True
14,1901,1784808066.133623,8,0.021572351455688477,0.0026965439319610596,True
14,1902,1784808066.1555543,8,0.020510435104370117,0.0025638043880462646,True
14,1903,1784808066.1764557,8,0.019968271255493164,0.0024960339069366455,True
14,1904,1784808066.1967945,8,0.019819974899291992,0.002477496862411499,True
14,1905,1784808066.2169356,8,0.020113706588745117,0.0025142133235931396,True
14,1906,1784808066.2374039,8,0.020746231079101562,0.0025932788848876953,True
14,1907,1784808066.2584596,8,0.022430896759033203,0.0028038620948791504,True
14,1908,1784808066.2813332,8,0.01968526840209961,0.002460658550262451,True
14,1909,1784808066.3013852,8,0.022311687469482422,0.0027889609336853027,True
14,1910,1784808066.3248434,8,0.01975250244140625,0.0024690628051757812,True
14,1911,1784808066.3451614,8,0.021326065063476562,0.0026657581329345703,True
14,1912,1784808066.3669038,8,0.020627260208129883,0.0025784075260162354,True
14,1913,1784808066.3882926,8,0.019628524780273438,0.0024535655975341797,True
14,1914,1784808066.408289,8,0.02044987678527832,0.00255623459815979,True
14,1915,1784808066.4295099,8,0.022001266479492188,0.0027501583099365234,True
14,1916,1784808066.4518254,8,0.019242525100708008,0.002405315637588501,True
14,1917,1784808066.4716558,8,0.0219576358795166,0.002744704484939575,True
14,1918,1784808066.493953,8,0.021344661712646484,0.0026680827140808105,True
14,1919,1784808066.5156398,8,0.019433021545410156,0.0024291276931762695,True
14,1920,1784808066.5354786,8,0.021257638931274414,0.0026572048664093018,True
14,1921,1784808066.5574288,8,0.020809412002563477,0.0026011765003204346,True
14,1922,1784808066.57856,8,0.020229339599609375,0.002528667449951172,True
14,1923,1784808066.5990517,8,0.023205280303955078,0.0029006600379943848,True
14,1924,1784808066.6228669,8,0.019604206085205078,0.0024505257606506348,True
14,1925,1784808066.6428442,8,0.022135019302368164,0.0027668774127960205,True
14,1926,1784808066.6655111,8,0.023694992065429688,0.002961874008178711,True
14,1927,1784808066.6907544,8,0.02184748649597168,0.00273093581199646,True
14,1928,1784808066.7131681,8,0.02147054672241211,0.0026838183403015137,True
14,1929,1784808066.7350576,8,0.0201871395111084,0.00252339243888855,True
14,1930,1784808066.7557194,8,0.02081775665283203,0.002602219581604004,True
14,1931,1784808066.7769976,8,0.02032947540283203,0.002541184425354004,True
14,1932,1784808066.7976522,8,0.020808696746826172,0.0026010870933532715,True
14,1933,1784808066.8189394,8,0.020596981048583984,0.002574622631072998,True
14,1934,1784808066.840811,8,0.021202564239501953,0.002650320529937744,True
14,1935,1784808066.8624985,8,0.018607378005981445,0.0023259222507476807,True
14,1936,1784808066.8815074,8,0.019131183624267578,0.0023913979530334473,True
14,1937,1784808066.9010146,8,0.019759178161621094,0.0024698972702026367,True
14,1938,1784808066.92149,8,0.01971578598022461,0.002464473247528076,True
14,1939,1784808066.9422355,8,0.0222017765045166,0.002775222063064575,True
14,1940,1784808066.9648654,8,0.02202153205871582,0.0027526915073394775,True
14,1941,1784808066.9875052,8,0.019507169723510742,0.0024383962154388428,True
14,1942,1784808067.0073414,8,0.021788597106933594,0.0027235746383666992,True
14,1943,1784808067.0296028,8,0.020578861236572266,0.002572357654571533,True
14,1944,1784808067.0505705,8,0.020925521850585938,0.002615690231323242,True
14,1945,1784808067.071997,8,0.020203828811645508,0.0025254786014556885,True
14,1946,1784808067.0925915,8,0.021730899810791016,0.002716362476348877,True
14,1947,1784808067.1147547,8,0.022213220596313477,0.0027766525745391846,True
14,1948,1784808067.137309,8,0.019431114196777344,0.002428889274597168,True
14,1949,1784808067.157113,8,0.019043922424316406,0.0023804903030395508,True
14,1950,1784808067.1772077,8,0.021146774291992188,0.0026433467864990234,True
14,1951,1784808067.1988502,8,0.021329641342163086,0.0026662051677703857,True
14,1952,1784808067.2208712,8,0.018568992614746094,0.0023211240768432617,True
14,1953,1784808067.2398481,8,0.0219271183013916,0.00274088978767395,True
14,1954,1784808067.2622821,8,0.019198894500732422,0.0023998618125915527,True
14,1955,1784808067.2825449,8,0.01988077163696289,0.0024850964546203613,True
14,1956,1784808067.3028014,8,0.01987743377685547,0.0024846792221069336,True
14,1957,1784808067.3230116,8,0.020757675170898438,0.0025947093963623047,True
14,1958,1784808067.3441234,8,0.022800207138061523,0.0028500258922576904,True
14,1959,1784808067.367304,8,0.019788026809692383,0.002473503351211548,True
14,1960,1784808067.3874097,8,0.020439624786376953,0.002554953098297119,True
14,1961,1784808067.4083023,8,0.02188563346862793,0.002735704183578491,True
14,1962,1784808067.430521,8,0.02182602882385254,0.0027282536029815674,True
14,1963,1784808067.452773,8,0.02190876007080078,0.0027385950088500977,True
14,1964,1784808067.475495,8,0.0201265811920166,0.002515822649002075,True
14,1965,1784808067.4959452,8,0.0192718505859375,0.0024089813232421875,True
14,1966,1784808067.5155258,8,0.019356966018676758,0.0024196207523345947,True
14,1967,1784808067.5352778,8,0.0234835147857666,0.002935439348220825,True
14,1968,1784808067.5590632,8,0.020640850067138672,0.002580106258392334,True
14,1969,1784808067.5807464,8,0.019446372985839844,0.0024307966232299805,True
14,1970,1784808067.6004367,8,0.020975112915039062,0.002621889114379883,True
14,1971,1784808067.6217353,8,0.020425081253051758,0.0025531351566314697,True
14,1972,1784808067.6424797,8,0.020281553268432617,0.002535194158554077,True
14,1973,1784808067.663182,8,0.021499156951904297,0.002687394618988037,True
14,1974,1784808067.685164,8,0.018033742904663086,0.0022542178630828857,True
14,1975,1784808067.7035627,8,0.020025968551635742,0.0025032460689544678,True
14,1976,1784808067.7238753,8,0.019534587860107422,0.0024418234825134277,True
14,1977,1784808067.7443593,8,0.02060699462890625,0.0025758743286132812,True
14,1978,1784808067.7652848,8,0.019264698028564453,0.0024080872535705566,True
14,1979,1784808067.7849438,8,0.020341157913208008,0.002542644739151001,True
14,1980,1784808067.8056777,8,0.021490812301635742,0.0026863515377044678,True
14,1981,1784808067.8275568,8,0.019954204559326172,0.0024942755699157715,True
14,1982,1784808067.8479218,8,0.01951313018798828,0.002439141273498535,True
14,1983,1784808067.8676906,8,0.019420385360717773,0.0024275481700897217,True
14,1984,1784808067.8873763,8,0.020012378692626953,0.002501547336578369,True
14,1985,1784808067.907804,8,0.019286394119262695,0.002410799264907837,True
14,1986,1784808067.92754,8,0.021736621856689453,0.0027170777320861816,True
14,1987,1784808067.9499526,8,0.02012920379638672,0.00251615047454834,True
14,1988,1784808067.9703517,8,0.01991724967956543,0.0024896562099456787,True
14,1989,1784808067.9906287,8,0.019822120666503906,0.0024777650833129883,True
14,1990,1784808068.0107663,8,0.021344900131225586,0.0026681125164031982,True
14,1991,1784808068.0325706,8,0.020371675491333008,0.002546459436416626,True
14,1992,1784808068.0534313,8,0.019511938095092773,0.0024389922618865967,True
14,1993,1784808068.073255,8,0.01960587501525879,0.0024507343769073486,True
14,1994,1784808068.0931702,8,0.022257328033447266,0.002782166004180908,True
14,1995,1784808068.1157618,8,0.0200192928314209,0.0025024116039276123,True
14,1996,1784808068.1360824,8,0.020247220993041992,0.002530902624130249,True
14,1997,1784808068.1567647,8,0.019362449645996094,0.0024203062057495117,True
14,1998,1784808068.1766865,8,0.020395755767822266,0.002549469470977783,True
14,1999,1784808068.1975908,8,0.02058696746826172,0.002573370933532715,True
14,2000,1784808068.2185385,8,0.020586013793945312,0.002573251724243164,True
14,2001,1784808068.2394996,8,0.019128799438476562,0.0023910999298095703,True
14,2002,1784808068.258986,8,0.02087712287902832,0.00260964035987854,True
14,2003,1784808068.2801352,8,0.02100968360900879,0.0026262104511260986,True
14,2004,1784808068.3015296,8,0.02384209632873535,0.002980262041091919,True
14,2005,1784808068.3257897,8,0.020299434661865234,0.0025374293327331543,True
14,2006,1784808068.3464096,8,0.020091772079467773,0.0025114715099334717,True
14,2007,1784808068.3669627,8,0.01991558074951172,0.002489447593688965,True
14,2008,1784808068.3885717,8,0.019678831100463867,0.0024598538875579834,True
14,2009,1784808068.4087524,8,0.019985437393188477,0.0024981796741485596,True
14,2010,1784808068.4292324,8,0.020097732543945312,0.002512216567993164,True
14,2011,1784808068.4498808,8,0.01803112030029297,0.002253890037536621,True
14,2012,1784808068.4682074,8,0.021785497665405273,0.002723187208175659,True
14,2013,1784808068.490428,8,0.022655963897705078,0.0028319954872131348,True
14,2014,1784808068.5142486,8,0.023516178131103516,0.0029395222663879395,True
14,2015,1784808068.5382032,8,0.01858830451965332,0.002323538064956665,True
14,2016,1784808068.5573468,8,0.021371841430664062,0.002671480178833008,True
14,2017,1784808068.5803933,8,0.01943492889404297,0.002429366111755371,True
14,2018,1784808068.600261,8,0.021486759185791016,0.002685844898223877,True
14,2019,1784808068.62202,8,0.021841049194335938,0.002730131149291992,True
14,2020,1784808068.6442816,8,0.019735336303710938,0.002466917037963867,True
14,2021,1784808068.6642969,8,0.019931793212890625,0.002491474151611328,True
14,2022,1784808068.684588,8,0.02063894271850586,0.0025798678398132324,True
14,2023,1784808068.705818,8,0.019483327865600586,0.0024354159832000732,True
14,2024,1784808068.7256703,8,0.020366430282592773,0.0025458037853240967,True
14,2025,1784808068.7465384,8,0.01914238929748535,0.002392798662185669,True
14,2026,1784808068.766161,8,0.019726991653442383,0.002465873956680298,True
14,2027,1784808068.7862048,8,0.021075963973999023,0.002634495496749878,True
14,2028,1784808068.8076708,8,0.01918482780456543,0.0023981034755706787,True
14,2029,1784808068.8271906,8,0.02014780044555664,0.00251847505569458,True
14,2030,1784808068.847747,8,0.020934343338012695,0.002616792917251587,True
14,2031,1784808068.8690538,8,0.018682479858398438,0.0023353099822998047,True
14,2032,1784808068.888423,8,0.01941370964050293,0.002426713705062866,True
14,2033,1784808068.9082735,8,0.019884347915649414,0.0024855434894561768,True
14,2034,1784808068.9286342,8,0.022236347198486328,0.002779543399810791,True
14,2035,1784808068.9512558,8,0.018976449966430664,0.002372056245803833,True
14,2036,1784808068.9705832,8,0.01971268653869629,0.002464085817337036,True
14,2037,1784808068.9907167,8,0.02082514762878418,0.0026031434535980225,True
14,2038,1784808069.0119166,8,0.019660234451293945,0.002457529306411743,True
14,2039,1784808069.0322664,8,0.01897597312927246,0.0023719966411590576,True
14,2040,1784808069.0516407,8,0.020540475845336914,0.0025675594806671143,True
14,2041,1784808069.0724661,8,0.019402503967285156,0.0024253129959106445,True
14,2042,1784808069.0921774,8,0.020558834075927734,0.002569854259490967,True
14,2043,1784808069.1131423,8,0.020379304885864258,0.0025474131107330322,True
14,2044,1784808069.1338568,8,0.019936084747314453,0.0024920105934143066,True
14,2045,1784808069.1545172,8,0.020342588424682617,0.002542823553085327,True
14,2046,1784808069.1754208,8,0.023397445678710938,0.002924680709838867,True
14,2047,1784808069.199376,8,0.019864559173583984,0.002483069896697998,True
14,2048,1784808069.2196124,8,0.020784616470336914,0.0025980770587921143,True
14,2049,1784808069.2408397,8,0.0200040340423584,0.0025005042552948,True
14,2050,1784808069.2612853,8,0.01897120475769043,0.0023714005947113037,True
14,2051,1784808069.2805834,8,0.020591259002685547,0.0025739073753356934,True
14,2052,1784808069.3014843,8,0.020687580108642578,0.0025859475135803223,True
14,2053,1784808069.3225744,8,0.020746946334838867,0.0025933682918548584,True
14,2054,1784808069.3437138,8,0.020050525665283203,0.0025063157081604004,True
14,2055,1784808069.3641167,8,0.019984960556030273,0.002498120069503784,True
14,2056,1784808069.3844526,8,0.021731138229370117,0.0027163922786712646,True
14,2057,1784808069.4064844,8,0.021299362182617188,0.0026624202728271484,True
14,2058,1784808069.428141,8,0.0222012996673584,0.0027751624584198,True
14,2059,1784808069.4507353,8,0.018245935440063477,0.0022807419300079346,True
14,2060,1784808069.469484,8,0.020956039428710938,0.002619504928588867,True
14,2061,1784808069.4908307,8,0.020520925521850586,0.0025651156902313232,True
14,2062,1784808069.511744,8,0.020047903060913086,0.0025059878826141357,True
14,2063,1784808069.5322056,8,0.02044081687927246,0.0025551021099090576,True
14,2064,1784808069.5531785,8,0.018558263778686523,0.0023197829723358154,True
14,2065,1784808069.572848,8,0.021311044692993164,0.0026638805866241455,True
14,2066,1784808069.5945132,8,0.019129037857055664,0.002391129732131958,True
14,2067,1784808069.6139696,8,0.019309043884277344,0.002413630485534668,True
14,2068,1784808069.6344123,8,0.02017831802368164,0.002522289752960205,True
14,2069,1784808069.65523,8,0.020719289779663086,0.0025899112224578857,True
14,2070,1784808069.6763442,8,0.019093036651611328,0.002386629581451416,True
14,2071,1784808069.6957016,8,0.0209653377532959,0.0026206672191619873,True
14,2072,1784808069.7170703,8,0.018439769744873047,0.002304971218109131,True
14,2073,1784808069.7360804,8,0.02118992805480957,0.0026487410068511963,True
14,2074,1784808069.757631,8,0.023645877838134766,0.0029557347297668457,True
14,2075,1784808069.7824,8,0.020650386810302734,0.002581298351287842,True
14,2076,1784808069.8035479,8,0.0189516544342041,0.0023689568042755127,True
14,2077,1784808069.8232148,8,0.0203702449798584,0.0025462806224823,True
14,2078,1784808069.8450415,8,0.021489620208740234,0.0026862025260925293,True
14,2079,1784808069.867269,8,0.020551443099975586,0.0025689303874969482,True
14,2080,1784808069.8881881,8,0.018609046936035156,0.0023261308670043945,True
14,2081,1784808069.907128,8,0.020132780075073242,0.0025165975093841553,True
14,2082,1784808069.927666,8,0.01886296272277832,0.00235787034034729,True
14,2083,1784808069.946883,8,0.01989459991455078,0.0024868249893188477,True
14,2084,1784808069.9672735,8,0.020088672637939453,0.0025110840797424316,True
14,2085,1784808069.987647,8,0.021917343139648438,0.0027396678924560547,True
14,2086,1784808070.0101094,8,0.020207881927490234,0.0025259852409362793,True
14,2087,1784808070.0306056,8,0.020341873168945312,0.002542734146118164,True
14,2088,1784808070.051717,8,0.018731117248535156,0.0023413896560668945,True
14,2089,1784808070.0707839,8,0.01971602439880371,0.002464503049850464,True
14,2090,1784808070.0908475,8,0.021250247955322266,0.002656280994415283,True
14,2091,1784808070.1125095,8,0.021116256713867188,0.0026395320892333984,True
14,2092,1784808070.1341662,8,0.020979642868041992,0.002622455358505249,True
14,2093,1784808070.1557786,8,0.021753549575805664,0.002719193696975708,True
14,2094,1784808070.1780646,8,0.020340442657470703,0.002542555332183838,True
14,2095,1784808070.1994486,8,0.021443605422973633,0.002680450677871704,True
14,2096,1784808070.2217476,8,0.01953268051147461,0.002441585063934326,True
14,2097,1784808070.2420743,8,0.021267175674438477,0.0026583969593048096,True
14,2098,1784808070.2639291,8,0.018950700759887695,0.002368837594985962,True
14,2099,1784808070.28352,8,0.019947290420532227,0.0024934113025665283,True
14,2100,1784808070.304012,8,0.020620107650756836,0.0025775134563446045,True
14,2101,1784808070.325509,8,0.02208113670349121,0.0027601420879364014,True
14,2102,1784808070.3479009,8,0.019399166107177734,0.002424895763397217,True
14,2103,1784808070.3676836,8,0.02088332176208496,0.00261041522026062,True
14,2104,1784808070.3888724,8,0.022440433502197266,0.002805054187774658,True
14,2105,1784808070.4116583,8,0.02013230323791504,0.00251653790473938,True
14,2106,1784808070.4321105,8,0.01935744285583496,0.00241968035697937,True
14,2107,1784808070.4518764,8,0.02317976951599121,0.0028974711894989014,True
14,2108,1784808070.475984,8,0.017524003982543945,0.002190500497817993,True
14,2109,1784808070.4938867,8,0.02092266082763672,0.00261533260345459,True
14,2110,1784808070.5151978,8,0.018854141235351562,0.0023567676544189453,True
14,2111,1784808070.5344777,8,0.020384788513183594,0.0025480985641479492,True
14,2112,1784808070.555359,8,0.018689870834350586,0.0023362338542938232,True
14,2113,1784808070.5744488,8,0.020509004592895508,0.0025636255741119385,True
14,2114,1784808070.595322,8,0.019916534423828125,0.0024895668029785156,True
14,2115,1784808070.6155472,8,0.021483659744262695,0.002685457468032837,True
14,2116,1784808070.637568,8,0.01862478256225586,0.0023280978202819824,True
14,2117,1784808070.6566057,8,0.020596027374267578,0.0025745034217834473,True
14,2118,1784808070.6775315,8,0.01931023597717285,0.0024137794971466064,True
14,2119,1784808070.697308,8,0.021323204040527344,0.002665400505065918,True
14,2120,1784808070.7188816,8,0.019758939743041992,0.002469867467880249,True
14,2121,1784808070.7389214,8,0.021756649017333984,0.002719581127166748,True
14,2122,1784808070.7611132,8,0.018555164337158203,0.0023193955421447754,True
14,2123,1784808070.7802598,8,0.022678375244140625,0.002834796905517578,True
14,2124,1784808070.8032508,8,0.019859790802001953,0.002482473850250244,True
14,2125,1784808070.8234901,8,0.01995229721069336,0.00249403715133667,True
14,2126,1784808070.8441043,8,0.02104043960571289,0.0026300549507141113,True
14,2127,1784808070.865681,8,0.018309354782104492,0.0022886693477630615,True
14,2128,1784808070.8844907,8,0.019873380661010742,0.0024841725826263428,True
14,2129,1784808070.90476,8,0.020888090133666992,0.002611011266708374,True
14,2130,1784808070.9259694,8,0.022972822189331055,0.002871602773666382,True
14,2131,1784808070.9493527,8,0.02000260353088379,0.0025003254413604736,True
14,2132,1784808070.9697306,8,0.019913673400878906,0.0024892091751098633,True
14,2133,1784808070.990034,8,0.01961660385131836,0.002452075481414795,True
14,2134,1784808071.0101755,8,0.019503355026245117,0.0024379193782806396,True
14,2135,1784808071.0301702,8,0.019834280014038086,0.0024792850017547607,True
14,2136,1784808071.0504048,8,0.020873069763183594,0.0026091337203979492,True
14,2137,1784808071.0716279,8,0.02138829231262207,0.002673536539077759,True
14,2138,1784808071.0934443,8,0.021201610565185547,0.0026502013206481934,True
14,2139,1784808071.1150608,8,0.024251461029052734,0.003031432628631592,True
14,2140,1784808071.139725,8,0.019376277923583984,0.002422034740447998,True
14,2141,1784808071.1595604,8,0.020557641983032227,0.0025697052478790283,True
14,2142,1784808071.1803968,8,0.0211029052734375,0.0026378631591796875,True
14,2143,1784808071.2017388,8,0.021899938583374023,0.002737492322921753,True
14,2144,1784808071.2239642,8,0.020201444625854492,0.0025251805782318115,True
14,2145,1784808071.2444327,8,0.020711183547973633,0.002588897943496704,True
14,2146,1784808071.265508,8,0.01961374282836914,0.0024517178535461426,True
14,2147,1784808071.2855873,8,0.02140641212463379,0.0026758015155792236,True
14,2148,1784808071.3073828,8,0.020781517028808594,0.0025976896286010742,True
14,2149,1784808071.3285367,8,0.020856618881225586,0.0026070773601531982,True
14,2150,1784808071.3497815,8,0.021871566772460938,0.002733945846557617,True
14,2151,1784808071.3719833,8,0.019510507583618164,0.0024388134479522705,True
14,2152,1784808071.3919675,8,0.021013736724853516,0.0026267170906066895,True
14,2153,1784808071.4133887,8,0.021831274032592773,0.0027289092540740967,True
14,2154,1784808071.4355178,8,0.020971059799194336,0.002621382474899292,True
14,2155,1784808071.4570174,8,0.019543170928955078,0.0024428963661193848,True
14,2156,1784808071.4768634,8,0.018314599990844727,0.002289324998855591,True
14,2157,1784808071.4956434,8,0.021738052368164062,0.002717256546020508,True
14,2158,1784808071.518228,8,0.021420717239379883,0.0026775896549224854,True
14,2159,1784808071.5412238,8,0.021569252014160156,0.0026961565017700195,True
14,2160,1784808071.5633082,8,0.020850181579589844,0.0026062726974487305,True
14,2161,1784808071.58464,8,0.020119190216064453,0.0025148987770080566,True
14,2162,1784808071.6054196,8,0.020304441452026367,0.002538055181503296,True
14,2163,1784808071.6261084,8,0.02036428451538086,0.0025455355644226074,True
14,2164,1784808071.646851,8,0.0219266414642334,0.002740830183029175,True
14,2165,1784808071.6710567,8,0.020697832107543945,0.002587229013442993,True
14,2166,1784808071.692142,8,0.0196378231048584,0.0024547278881073,True
14,2167,1784808071.7121449,8,0.01981830596923828,0.002477288246154785,True
14,2168,1784808071.732252,8,0.018970251083374023,0.002371281385421753,True
14,2169,1784808071.7515376,8,0.02004718780517578,0.0025058984756469727,True
14,2170,1784808071.7719588,8,0.021448373794555664,0.002681046724319458,True
14,2171,1784808071.7938044,8,0.01982712745666504,0.00247839093208313,True
14,2172,1784808071.8139017,8,0.020402193069458008,0.002550274133682251,True
14,2173,1784808071.8345788,8,0.021052837371826172,0.0026316046714782715,True
14,2174,1784808071.855976,8,0.01999354362487793,0.002499192953109741,True
14,2175,1784808071.8764083,8,0.02095794677734375,0.0026197433471679688,True
14,2176,1784808071.8977792,8,0.02225971221923828,0.002782464027404785,True
14,2177,1784808071.920436,8,0.019080162048339844,0.0023850202560424805,True
14,2178,1784808071.9399703,8,0.02035212516784668,0.002544015645980835,True
14,2179,1784808071.9607596,8,0.019900083541870117,0.0024875104427337646,True
14,2180,1784808071.9810612,8,0.019260883331298828,0.0024076104164123535,True
14,2181,1784808072.0006344,8,0.020833969116210938,0.002604246139526367,True
14,2182,1784808072.0218103,8,0.02137303352355957,0.0026716291904449463,True
14,2183,1784808072.0438042,8,0.019922256469726562,0.0024902820587158203,True
14,2184,1784808072.0641727,8,0.020389795303344727,0.002548724412918091,True
14,2185,1784808072.0849547,8,0.019695520401000977,0.002461940050125122,True
14,2186,1784808072.1049273,8,0.020327091217041016,0.002540886402130127,True
14,2187,1784808072.1255322,8,0.02330470085144043,0.0029130876064300537,True
14,2188,1784808072.14942,8,0.014136791229248047,0.0017670989036560059,True
14,2189,1784808072.163817,8,0.0211029052734375,0.0026378631591796875,True
14,2190,1784808072.185387,8,0.020862340927124023,0.002607792615890503,True
14,2191,1784808072.2065575,8,0.01964282989501953,0.0024553537368774414,True
14,2192,1784808072.2265446,8,0.019724607467651367,0.002465575933456421,True
14,2193,1784808072.2465467,8,0.021782636642456055,0.002722829580307007,True
14,2194,1784808072.268658,8,0.019968509674072266,0.002496063709259033,True
14,2195,1784808072.2889707,8,0.020969867706298828,0.0026212334632873535,True
14,2196,1784808072.3104155,8,0.020625829696655273,0.002578228712081909,True
14,2197,1784808072.3313532,8,0.019733905792236328,0.002466738224029541,True
14,2198,1784808072.351498,8,0.023470640182495117,0.0029338300228118896,True
14,2199,1784808072.3753464,8,0.019069910049438477,0.0023837387561798096,True
14,2200,1784808072.3947594,8,0.02196359634399414,0.0027454495429992676,True
14,2201,1784808072.4169776,8,0.020624160766601562,0.0025780200958251953,True
14,2202,1784808072.4379897,8,0.02346968650817871,0.002933710813522339,True
14,2203,1784808072.462018,8,0.017733097076416016,0.002216637134552002,True
14,2204,1784808072.4801612,8,0.020074129104614258,0.0025092661380767822,True
14,2205,1784808072.5006278,8,0.02057623863220215,0.0025720298290252686,True
14,2206,1784808072.5216393,8,0.020317792892456055,0.002539724111557007,True
14,2207,1784808072.542599,8,0.02143692970275879,0.0026796162128448486,True
14,2208,1784808072.5643644,8,0.019998550415039062,0.002499818801879883,True
14,2209,1784808072.5846558,8,0.02054882049560547,0.0025686025619506836,True
14,2210,1784808072.6055362,8,0.020234346389770508,0.0025292932987213135,True
14,2211,1784808072.6260636,8,0.020812511444091797,0.0026015639305114746,True
14,2212,1784808072.6473134,8,0.02100849151611328,0.00262606143951416,True
14,2213,1784808072.6686418,8,0.021338701248168945,0.002667337656021118,True
14,2214,1784808072.6903496,8,0.01945209503173828,0.002431511878967285,True
14,2215,1784808072.710115,8,0.02018117904663086,0.0025226473808288574,True
14,2216,1784808072.730861,8,0.022025108337402344,0.002753138542175293,True
14,2217,1784808072.7533782,8,0.018709897994995117,0.0023387372493743896,True
14,2218,1784808072.7724702,8,0.02126002311706543,0.0026575028896331787,True
14,2219,1784808072.794419,8,0.01911306381225586,0.0023891329765319824,True
14,2220,1784808072.8138876,8,0.01972818374633789,0.0024660229682922363,True
14,2221,1784808072.8338907,8,0.020992755889892578,0.0026240944862365723,True
14,2222,1784808072.8555527,8,0.020293474197387695,0.002536684274673462,True
14,2223,1784808072.876142,8,0.021577119827270508,0.0026971399784088135,True
14,2224,1784808072.8981767,8,0.020292043685913086,0.0025365054607391357,True
14,2225,1784808072.9188602,8,0.020041704177856445,0.0025052130222320557,True
14,2226,1784808072.939258,8,0.020302772521972656,0.002537846565246582,True
14,2227,1784808072.9599175,8,0.019473791122436523,0.0024342238903045654,True
14,2228,1784808072.9798362,8,0.020529747009277344,0.002566218376159668,True
14,2229,1784808073.0006795,8,0.019469261169433594,0.0024336576461791992,True
14,2230,1784808073.020804,8,0.020093679428100586,0.0025117099285125732,True
14,2231,1784808073.0413954,8,0.02024674415588379,0.0025308430194854736,True
14,2232,1784808073.0620728,8,0.019858598709106445,0.0024823248386383057,True
14,2233,1784808073.0825038,8,0.020201921463012695,0.002525240182876587,True
14,2234,1784808073.1034837,8,0.019225597381591797,0.0024031996726989746,True
14,2235,1784808073.1232631,8,0.018969058990478516,0.0023711323738098145,True
14,2236,1784808073.1426542,8,0.020341873168945312,0.002542734146118164,True
14,2237,1784808073.164437,8,0.020112991333007812,0.0025141239166259766,True
14,2238,1784808073.1848269,8,0.01928997039794922,0.0024112462997436523,True
14,2239,1784808073.2044685,8,0.020398378372192383,0.002549797296524048,True
14,2240,1784808073.2251847,8,0.019818782806396484,0.0024773478507995605,True
14,2241,1784808073.2460063,8,0.021042346954345703,0.002630293369293213,True
14,2242,1784808073.2674456,8,0.020802974700927734,0.002600371837615967,True
14,2243,1784808073.2885602,8,0.02089691162109375,0.0026121139526367188,True
14,2244,1784808073.309852,8,0.02008056640625,0.00251007080078125,True
14,2245,1784808073.3303607,8,0.021912813186645508,0.0027391016483306885,True
14,2246,1784808073.3526235,8,0.02200794219970703,0.002750992774963379,True
14,2247,1784808073.3750741,8,0.01963210105895996,0.002454012632369995,True
14,2248,1784808073.3950584,8,0.02042555809020996,0.002553194761276245,True
14,2249,1784808073.4157743,8,0.02147698402404785,0.0026846230030059814,True
14,2250,1784808073.4376583,8,0.020937442779541016,0.002617180347442627,True
14,2251,1784808073.4591165,8,0.020883560180664062,0.002610445022583008,True
14,2252,1784808073.480456,8,0.02049541473388672,0.00256192684173584,True
14,2253,1784808073.5012705,8,0.019864797592163086,0.0024830996990203857,True
14,2254,1784808073.5214412,8,0.021144390106201172,0.0026430487632751465,True
14,2255,1784808073.5429142,8,0.019432783126831055,0.002429097890853882,True
14,2256,1784808073.5626464,8,0.019944429397583008,0.002493053674697876,True
14,2257,1784808073.5836496,8,0.0210568904876709,0.0026321113109588623,True
14,2258,1784808073.6051304,8,0.022609233856201172,0.0028261542320251465,True
14,2259,1784808073.6294167,8,0.019966602325439453,0.0024958252906799316,True
14,2260,1784808073.6498666,8,0.020233154296875,0.002529144287109375,True
14,2261,1784808073.6705952,8,0.01979231834411621,0.0024740397930145264,True
14,2262,1784808073.6911094,8,0.020350933074951172,0.0025438666343688965,True
14,2263,1784808073.7120142,8,0.022269248962402344,0.002783656120300293,True
14,2264,1784808073.7346268,8,0.02037668228149414,0.0025470852851867676,True
14,2265,1784808073.7553883,8,0.01978588104248047,0.0024732351303100586,True
14,2266,1784808073.7755625,8,0.020617008209228516,0.0025771260261535645,True
14,2267,1784808073.7968345,8,0.02182602882385254,0.0027282536029815674,True
14,2268,1784808073.8192642,8,0.021119356155395508,0.0026399195194244385,True
14,2269,1784808073.8407593,8,0.01979684829711914,0.0024746060371398926,True
14,2270,1784808073.8609183,8,0.021329402923583984,0.002666175365447998,True
14,2271,1784808073.882708,8,0.02048659324645996,0.002560824155807495,True
14,2272,1784808073.903601,8,0.018591642379760742,0.0023239552974700928,True
14,2273,1784808073.9227157,8,0.019481182098388672,0.002435147762298584,True
14,2274,1784808073.9426148,8,0.021580934524536133,0.0026976168155670166,True
14,2275,1784808073.9645195,8,0.018944263458251953,0.002368032932281494,True
14,2276,1784808073.9837668,8,0.021495580673217773,0.0026869475841522217,True
14,2277,1784808074.0057316,8,0.019863605499267578,0.0024829506874084473,True
14,2278,1784808074.0259752,8,0.019355297088623047,0.002419412136077881,True
14,2279,1784808074.0458093,8,0.020440101623535156,0.0025550127029418945,True
14,2280,1784808074.0666401,8,0.022520065307617188,0.0028150081634521484,True
14,2281,1784808074.089713,8,0.018674135208129883,0.0023342669010162354,True
14,2282,1784808074.1087263,8,0.02008223533630371,0.002510279417037964,True
14,2283,1784808074.1290936,8,0.02016615867614746,0.0025207698345184326,True
14,2284,1784808074.1496587,8,0.020766735076904297,0.002595841884613037,True
14,2285,1784808074.170841,8,0.020488500595092773,0.0025610625743865967,True
14,2286,1784808074.1917634,8,0.020003557205200195,0.0025004446506500244,True
14,2287,1784808074.2126615,8,0.02075791358947754,0.0025947391986846924,True
14,2288,1784808074.2339346,8,0.020677566528320312,0.002584695816040039,True
14,2289,1784808074.25593,8,0.018275737762451172,0.0022844672203063965,True
14,2290,1784808074.2746212,8,0.0186617374420166,0.002332717180252075,True
14,2291,1784808074.2936876,8,0.020271778106689453,0.0025339722633361816,True
14,2292,1784808074.3143353,8,0.02327585220336914,0.0029094815254211426,True
14,2293,1784808074.3379805,8,0.019496440887451172,0.0024370551109313965,True
14,2294,1784808074.3580377,8,0.018921375274658203,0.0023651719093322754,True
14,2295,1784808074.3772557,8,0.01855778694152832,0.00231972336769104,True
14,2296,1784808074.3962057,8,0.02216625213623047,0.0027707815170288086,True
14,2297,1784808074.418801,8,0.019570589065551758,0.0024463236331939697,True
14,2298,1784808074.4387958,8,0.020064115524291992,0.002508014440536499,True
14,2299,1784808074.4592946,8,0.020401716232299805,0.0025502145290374756,True
14,2300,1784808074.4801342,8,0.018729209899902344,0.002341151237487793,True
14,2301,1784808074.499341,8,0.026890993118286133,0.0033613741397857666,True
14,2302,1784808074.5266607,8,0.021715641021728516,0.0027144551277160645,True
14,2303,1784808074.5487907,8,0.01898336410522461,0.002372920513153076,True
14,2304,1784808074.5688686,8,0.020554780960083008,0.002569347620010376,True
14,2305,1784808074.5899282,8,0.019956111907958984,0.002494513988494873,True
14,2306,1784808074.6102319,8,0.01975727081298828,0.002469658851623535,True
14,2307,1784808074.6303055,8,0.021252155303955078,0.0026565194129943848,True
14,2308,1784808074.6519608,8,0.01984381675720215,0.0024804770946502686,True
14,2309,1784808074.6722546,8,0.020593643188476562,0.0025742053985595703,True
14,2310,1784808074.6931324,8,0.019988059997558594,0.0024985074996948242,True
14,2311,1784808074.713487,8,0.022574424743652344,0.002821803092956543,True
14,2312,1784808074.7367854,8,0.021235227584838867,0.0026544034481048584,True
14,2313,1784808074.7584248,8,0.01964879035949707,0.002456098794937134,True
14,2314,1784808074.7784169,8,0.01944136619567871,0.002430170774459839,True
14,2315,1784808074.798332,8,0.01902318000793457,0.0023778975009918213,True
14,2316,1784808074.8176944,8,0.018931865692138672,0.002366483211517334,True
14,2317,1784808074.8369634,8,0.02013421058654785,0.0025167763233184814,True
14,2318,1784808074.8579085,8,0.018756389617919922,0.0023445487022399902,True
14,2319,1784808074.8770988,8,0.02101421356201172,0.002626776695251465,True
14,2320,1784808074.8983696,8,0.018752336502075195,0.0023440420627593994,True
14,2321,1784808074.917896,8,0.019825458526611328,0.002478182315826416,True
14,2322,1784808074.938059,8,0.021434307098388672,0.002679288387298584,True
14,2323,1784808074.9598851,8,0.02017974853515625,0.0025224685668945312,True
14,2324,1784808074.9805067,8,0.019832134246826172,0.0024790167808532715,True
14,2325,1784808075.0007496,8,0.019068241119384766,0.0023835301399230957,True
14,2326,1784808075.0201607,8,0.020895004272460938,0.002611875534057617,True
14,2327,1784808075.041631,8,0.018711566925048828,0.0023389458656311035,True
14,2328,1784808075.0608,8,0.02189159393310547,0.0027364492416381836,True
14,2329,1784808075.0830977,8,0.021178722381591797,0.0026473402976989746,True
14,2330,1784808075.1045947,8,0.02219104766845703,0.002773880958557129,True
14,2331,1784808075.127066,8,0.017855405807495117,0.0022319257259368896,True
14,2332,1784808075.1452286,8,0.01969313621520996,0.002461642026901245,True
14,2333,1784808075.16534,8,0.019945859909057617,0.002493232488632202,True
14,2334,1784808075.1856928,8,0.02065443992614746,0.0025818049907684326,True
14,2335,1784808075.20676,8,0.020212173461914062,0.002526521682739258,True
14,2336,1784808075.2273343,8,0.018194198608398438,0.0022742748260498047,True
14,2337,1784808075.2459133,8,0.022144079208374023,0.002768009901046753,True
14,2338,1784808075.2684855,8,0.021277427673339844,0.0026596784591674805,True
14,2339,1784808075.2902167,8,0.02005600929260254,0.0025070011615753174,True
14,2340,1784808075.3107574,8,0.020293712615966797,0.0025367140769958496,True
14,2341,1784808075.3314323,8,0.020069122314453125,0.0025086402893066406,True
14,2342,1784808075.3520653,8,0.019232511520385742,0.0024040639400482178,True
14,2343,1784808075.3719966,8,0.021559476852416992,0.002694934606552124,True
14,2344,1784808075.3943136,8,0.020525217056274414,0.0025656521320343018,True
14,2345,1784808075.4155223,8,0.01966547966003418,0.0024581849575042725,True
14,2346,1784808075.4355843,8,0.02090597152709961,0.002613246440887451,True
14,2347,1784808075.4569964,8,0.020216703414916992,0.002527087926864624,True
14,2348,1784808075.4779828,8,0.019861936569213867,0.0024827420711517334,True
14,2349,1784808075.499236,8,0.019054889678955078,0.0023818612098693848,True
14,2350,1784808075.5188713,8,0.021910667419433594,0.0027388334274291992,True
14,2351,1784808075.5417438,8,0.019977331161499023,0.002497166395187378,True
14,2352,1784808075.5622377,8,0.020925045013427734,0.002615630626678467,True
14,2353,1784808075.583525,8,0.020256519317626953,0.002532064914703369,True
14,2354,1784808075.604139,8,0.021754026412963867,0.0027192533016204834,True
14,2355,1784808075.6263256,8,0.02028632164001465,0.002535790205001831,True
14,2356,1784808075.6470556,8,0.018021821975708008,0.002252727746963501,True
14,2357,1784808075.6654665,8,0.025806665420532227,0.0032258331775665283,True
14,2358,1784808075.6925695,8,0.020351171493530273,0.002543896436691284,True
14,2359,1784808075.7132893,8,0.02002239227294922,0.0025027990341186523,True
14,2360,1784808075.7336726,8,0.020592451095581055,0.002574056386947632,True
14,2361,1784808075.7547195,8,0.020411014556884766,0.0025513768196105957,True
14,2362,1784808075.7754428,8,0.019927501678466797,0.0024909377098083496,True
14,2363,1784808075.7957304,8,0.020589590072631836,0.0025736987590789795,True
14,2364,1784808075.8167636,8,0.019281864166259766,0.0024102330207824707,True
14,2365,1784808075.8364515,8,0.01948261260986328,0.00243532657623291,True
14,2366,1784808075.8563747,8,0.019772052764892578,0.0024715065956115723,True
14,2367,1784808075.8771744,8,0.020703554153442383,0.002587944269180298,True
14,2368,1784808075.8981574,8,0.022139549255371094,0.0027674436569213867,True
14,2369,1784808075.9210885,8,0.022470951080322266,0.002808868885040283,True
14,2370,1784808075.9438999,8,0.019509553909301758,0.0024386942386627197,True
14,2371,1784808075.9642875,8,0.02070760726928711,0.0025884509086608887,True
14,2372,1784808075.985492,8,0.020018339157104492,0.0025022923946380615,True
14,2373,1784808076.00616,8,0.01815962791442871,0.002269953489303589,True
14,2374,1784808076.0250816,8,0.019364118576049805,0.0024205148220062256,True
14,2375,1784808076.0447795,8,0.018895864486694336,0.002361983060836792,True
14,2376,1784808076.0643303,8,0.01905226707458496,0.00238153338432312,True
14,2377,1784808076.0836878,8,0.01988816261291504,0.00248602032661438,True
14,2378,1784808076.1038609,8,0.020383119583129883,0.0025478899478912354,True
14,2379,1784808076.1246421,8,0.02068781852722168,0.00258597731590271,True
14,2380,1784808076.145659,8,0.01971292495727539,0.002464115619659424,True
14,2381,1784808076.1657355,8,0.019692182540893555,0.0024615228176116943,True
14,2382,1784808076.185794,8,0.0200958251953125,0.0025119781494140625,True
14,2383,1784808076.2064216,8,0.019663095474243164,0.0024578869342803955,True
14,2384,1784808076.226577,8,0.019538402557373047,0.002442300319671631,True
14,2385,1784808076.24642,8,0.01967453956604004,0.002459317445755005,True
14,2386,1784808076.2664585,8,0.02136063575744629,0.002670079469680786,True
14,2387,1784808076.2880945,8,0.020177841186523438,0.0025222301483154297,True
14,2388,1784808076.3086948,8,0.019761085510253906,0.0024701356887817383,True
14,2389,1784808076.328814,8,0.01883983612060547,0.0023549795150756836,True
14,2390,1784808076.3480427,8,0.020259618759155273,0.002532452344894409,True
14,2391,1784808076.368739,8,0.02008056640625,0.00251007080078125,True
14,2392,1784808076.3895185,8,0.02079319953918457,0.0025991499423980713,True
14,2393,1784808076.4106314,8,0.01859307289123535,0.002324134111404419,True
14,2394,1784808076.4295504,8,0.020062923431396484,0.0025078654289245605,True
14,2395,1784808076.449934,8,0.019249439239501953,0.002406179904937744,True
14,2396,1784808076.469536,8,0.02219867706298828,0.002774834632873535,True
14,2397,1784808076.4921439,8,0.020752429962158203,0.0025940537452697754,True
14,2398,1784808076.5133195,8,0.020122528076171875,0.0025153160095214844,True
14,2399,1784808076.53371,8,0.020987987518310547,0.0026234984397888184,True
14,2400,1784808076.5553453,8,0.01929330825805664,0.00241166353225708,True
14,2401,1784808076.5750577,8,0.022202253341674805,0.0027752816677093506,True
14,2402,1784808076.5975943,8,0.020773649215698242,0.0025967061519622803,True
14,2403,1784808076.6188016,8,0.020550251007080078,0.0025687813758850098,True
14,2404,1784808076.6396508,8,0.020071983337402344,0.002508997917175293,True
14,2405,1784808076.6600764,8,0.02053523063659668,0.002566903829574585,True
14,2406,1784808076.6809974,8,0.019753694534301758,0.0024692118167877197,True
14,2407,1784808076.7011626,8,0.02024102210998535,0.002530127763748169,True
14,2408,1784808076.7220619,8,0.020318269729614258,0.0025397837162017822,True
14,2409,1784808076.7427354,8,0.018503904342651367,0.002312988042831421,True
14,2410,1784808076.7620678,8,0.01929187774658203,0.002411484718322754,True
14,2411,1784808076.7817178,8,0.023225069046020508,0.0029031336307525635,True
14,2412,1784808076.8054907,8,0.020040035247802734,0.002505004405975342,True
14,2413,1784808076.825798,8,0.02283024787902832,0.00285378098487854,True
14,2414,1784808076.848902,8,0.01924586296081543,0.0024057328701019287,True
14,2415,1784808076.8686545,8,0.019813060760498047,0.002476632595062256,True
14,2416,1784808076.8887424,8,0.020419597625732422,0.0025524497032165527,True
14,2417,1784808076.9095383,8,0.019993066787719727,0.002499133348464966,True
14,2418,1784808076.9299028,8,0.020467758178710938,0.002558469772338867,True
14,2419,1784808076.9507687,8,0.02075934410095215,0.0025949180126190186,True
14,2420,1784808076.9723594,8,0.02052783966064453,0.0025659799575805664,True
14,2421,1784808076.9932933,8,0.022307395935058594,0.0027884244918823242,True
14,2422,1784808077.0159612,8,0.019657611846923828,0.0024572014808654785,True
14,2423,1784808077.0360148,8,0.020296573638916016,0.002537071704864502,True
14,2424,1784808077.0570097,8,0.01904606819152832,0.00238075852394104,True
14,2425,1784808077.076917,8,0.020545244216918945,0.002568155527114868,True
14,2426,1784808077.0978544,8,0.022765159606933594,0.0028456449508666992,True
14,2427,1784808077.1216507,8,0.01894378662109375,0.0023679733276367188,True
14,2428,1784808077.140991,8,0.01939868927001953,0.0024248361587524414,True
14,2429,1784808077.1608684,8,0.0204012393951416,0.0025501549243927,True
14,2430,1784808077.181644,8,0.019981861114501953,0.002497732639312744,True
14,2431,1784808077.2026794,8,0.019990205764770508,0.0024987757205963135,True
14,2432,1784808077.2231283,8,0.0206754207611084,0.00258442759513855,True
14,2433,1784808077.2443113,8,0.021612167358398438,0.0027015209197998047,True
14,2434,1784808077.266804,8,0.01889181137084961,0.002361476421356201,True
14,2435,1784808077.2861364,8,0.02047872543334961,0.002559840679168701,True
14,2436,1784808077.307007,8,0.020578622817993164,0.0025723278522491455,True
14,2437,1784808077.328195,8,0.020542383193969727,0.002567797899246216,True
14,2438,1784808077.3497443,8,0.018651247024536133,0.0023314058780670166,True
14,2439,1784808077.3694265,8,0.01989912986755371,0.002487391233444214,True
14,2440,1784808077.389857,8,0.02045750617980957,0.0025571882724761963,True
14,2441,1784808077.4108033,8,0.018999338150024414,0.0023749172687530518,True
14,2442,1784808077.4305687,8,0.023523330688476562,0.0029404163360595703,True
14,2443,1784808077.4550972,8,0.016829252243041992,0.002103656530380249,True
14,2444,1784808077.472883,8,0.020823955535888672,0.002602994441986084,True
14,2445,1784808077.4950507,8,0.021155118942260742,0.0026443898677825928,True
14,2446,1784808077.5171893,8,0.019442319869995117,0.0024302899837493896,True
14,2447,1784808077.537054,8,0.021842002868652344,0.002730250358581543,True
14,2448,1784808077.5595226,8,0.0206451416015625,0.0025806427001953125,True
14,2449,1784808077.5808587,8,0.020336389541625977,0.002542048692703247,True
14,2450,1784808077.6016757,8,0.019362926483154297,0.002420365810394287,True
14,2451,1784808077.6215093,8,0.020335912704467773,0.0025419890880584717,True
14,2452,1784808077.642153,8,0.02044510841369629,0.002555638551712036,True
14,2453,1784808077.6629698,8,0.01943039894104004,0.002428799867630005,True
14,2454,1784808077.6828027,8,0.019983530044555664,0.002497941255569458,True
14,2455,1784808077.7035558,8,0.01966547966003418,0.0024581849575042725,True
14,2456,1784808077.7238982,8,0.01884293556213379,0.0023553669452667236,True
14,2457,1784808077.7430158,8,0.019108057022094727,0.002388507127761841,True
14,2458,1784808077.7625668,8,0.019617795944213867,0.0024522244930267334,True
14,2459,1784808077.7825565,8,0.019749879837036133,0.0024687349796295166,True
14,2460,1784808077.8026283,8,0.020891666412353516,0.0026114583015441895,True
14,2461,1784808077.8238835,8,0.02061009407043457,0.0025762617588043213,True
14,2462,1784808077.8450155,8,0.019982576370239258,0.0024978220462799072,True
14,2463,1784808077.8654385,8,0.019437074661254883,0.0024296343326568604,True
14,2464,1784808077.8852947,8,0.022296428680419922,0.0027870535850524902,True
14,2465,1784808077.907977,8,0.0206601619720459,0.0025825202465057373,True
14,2466,1784808077.928968,8,0.01921558380126953,0.0024019479751586914,True
14,2467,1784808077.9486034,8,0.022026538848876953,0.002753317356109619,True
14,2468,1784808077.9716947,8,0.020989418029785156,0.0026236772537231445,True
14,2469,1784808077.993061,8,0.019516468048095703,0.002439558506011963,True
14,2470,1784808078.013,8,0.021276235580444336,0.002659529447555542,True
14,2471,1784808078.0351088,8,0.019402742385864258,0.0024253427982330322,True
14,2472,1784808078.0548472,8,0.019460439682006836,0.0024325549602508545,True
14,2473,1784808078.0752091,8,0.01915144920349121,0.0023939311504364014,True
14,2474,1784808078.0948577,8,0.019095420837402344,0.002386927604675293,True
14,2475,1784808078.114395,8,0.020231962203979492,0.0025289952754974365,True
14,2476,1784808078.1349397,8,0.020261049270629883,0.0025326311588287354,True
14,2477,1784808078.155812,8,0.019037723541259766,0.0023797154426574707,True
14,2478,1784808078.175211,8,0.01889348030090332,0.002361685037612915,True
14,2479,1784808078.1947699,8,0.020524024963378906,0.0025655031204223633,True
14,2480,1784808078.2162335,8,0.018900156021118164,0.0023625195026397705,True
14,2481,1784808078.236048,8,0.019655466079711914,0.0024569332599639893,True
14,2482,1784808078.25767,8,0.021294116973876953,0.002661764621734619,True
14,2483,1784808078.2794902,8,0.02086782455444336,0.00260847806930542,True
14,2484,1784808078.3012416,8,0.01973867416381836,0.002467334270477295,True
14,2485,1784808078.3213959,8,0.01963639259338379,0.0024545490741729736,True
14,2486,1784808078.341674,8,0.018832683563232422,0.0023540854454040527,True
14,2487,1784808078.36133,8,0.01900792121887207,0.002375990152359009,True
14,2488,1784808078.3815908,8,0.019720792770385742,0.0024650990962982178,True
14,2489,1784808078.4023037,8,0.01917243003845215,0.0023965537548065186,True
14,2490,1784808078.4220695,8,0.019371986389160156,0.0024214982986450195,True
14,2491,1784808078.442137,8,0.019062519073486328,0.002382814884185791,True
14,2492,1784808078.4616442,8,0.01999497413635254,0.0024993717670440674,True
14,2493,1784808078.4820652,8,0.021250009536743164,0.0026562511920928955,True
14,2494,1784808078.5037122,8,0.019452333450317383,0.002431541681289673,True
14,2495,1784808078.5235684,8,0.021019458770751953,0.002627432346343994,True
14,2496,1784808078.5449288,8,0.01963973045349121,0.0024549663066864014,True
14,2497,1784808078.5654173,8,0.020559072494506836,0.0025698840618133545,True
14,2498,1784808078.586997,8,0.022594213485717773,0.0028242766857147217,True
14,2499,1784808078.610031,8,0.019803762435913086,0.0024754703044891357,True
14,2500,1784808078.6302047,8,0.021475791931152344,0.002684473991394043,True
14,2501,1784808078.6521318,8,0.02111220359802246,0.0026390254497528076,True
14,2502,1784808078.6747162,8,0.020407915115356445,0.0025509893894195557,True
14,2503,1784808078.6956859,8,0.019885778427124023,0.002485722303390503,True
14,2504,1784808078.715912,8,0.02126789093017578,0.0026584863662719727,True
14,2505,1784808078.737604,8,0.020432472229003906,0.0025540590286254883,True
14,2506,1784808078.758316,8,0.020246028900146484,0.0025307536125183105,True
14,2507,1784808078.7792144,8,0.019495725631713867,0.0024369657039642334,True
14,2508,1784808078.7990656,8,0.01884770393371582,0.0023559629917144775,True
14,2509,1784808078.8182292,8,0.02063894271850586,0.0025798678398132324,True
14,2510,1784808078.8392305,8,0.02022075653076172,0.002527594566345215,True
14,2511,1784808078.8597517,8,0.02097463607788086,0.0026218295097351074,True
14,2512,1784808078.8810363,8,0.018668413162231445,0.0023335516452789307,True
14,2513,1784808078.900216,8,0.019565820693969727,0.002445727586746216,True
14,2514,1784808078.9201338,8,0.0200350284576416,0.0025043785572052,True
14,2515,1784808078.9405816,8,0.0202176570892334,0.002527207136154175,True
14,2516,1784808078.9610927,8,0.02024674415588379,0.0025308430194854736,True
14,2517,1784808078.981839,8,0.024083375930786133,0.0030104219913482666,True
14,2518,1784808079.0063207,8,0.019403457641601562,0.0024254322052001953,True
14,2519,1784808079.026072,8,0.020256996154785156,0.0025321245193481445,True
14,2520,1784808079.0466275,8,0.019175052642822266,0.002396881580352783,True
14,2521,1784808079.0668864,8,0.01949596405029297,0.002436995506286621,True
14,2522,1784808079.086711,8,0.01857614517211914,0.0023220181465148926,True
14,2523,1784808079.1055884,8,0.019396543502807617,0.002424567937850952,True
14,2524,1784808079.1253343,8,0.022411346435546875,0.0028014183044433594,True
14,2525,1784808079.1481378,8,0.020507097244262695,0.002563387155532837,True
14,2526,1784808079.1690388,8,0.02000904083251953,0.0025011301040649414,True
14,2527,1784808079.1894472,8,0.018120288848876953,0.002265036106109619,True
14,2528,1784808079.2081685,8,0.02117013931274414,0.0026462674140930176,True
14,2529,1784808079.2296793,8,0.0206148624420166,0.002576857805252075,True
14,2530,1784808079.2506764,8,0.0193936824798584,0.0024242103099823,True
14,2531,1784808079.2708423,8,0.020516395568847656,0.002564549446105957,True
14,2532,1784808079.2920856,8,0.020230770111083984,0.002528846263885498,True
14,2533,1784808079.3127577,8,0.01957559585571289,0.0024469494819641113,True
14,2534,1784808079.3329017,8,0.020611286163330078,0.0025764107704162598,True
14,2535,1784808079.3538444,8,0.021380186080932617,0.002672523260116577,True
14,2536,1784808079.3755705,8,0.02087688446044922,0.0026096105575561523,True
14,2537,1784808079.3973517,8,0.019562959671020508,0.0024453699588775635,True
14,2538,1784808079.4173312,8,0.02100348472595215,0.0026254355907440186,True
14,2539,1784808079.4388525,8,0.0195615291595459,0.0024451911449432373,True
14,2540,1784808079.4587655,8,0.02025127410888672,0.00253140926361084,True
14,2541,1784808079.4794488,8,0.018416643142700195,0.0023020803928375244,True
14,2542,1784808079.4981806,8,0.019973039627075195,0.0024966299533843994,True
14,2543,1784808079.5185776,8,0.020818710327148438,0.0026023387908935547,True
14,2544,1784808079.5397544,8,0.019758939743041992,0.002469867467880249,True
14,2545,1784808079.5603418,8,0.020419836044311523,0.0025524795055389404,True
14,2546,1784808079.581205,8,0.019482135772705078,0.0024352669715881348,True
14,2547,1784808079.601179,8,0.021107196807861328,0.002638399600982666,True
14,2548,1784808079.622574,8,0.02102804183959961,0.002628505229949951,True
14,2549,1784808079.6439161,8,0.020169973373413086,0.0025212466716766357,True
14,2550,1784808079.6643827,8,0.020087480545043945,0.002510935068130493,True
14,2551,1784808079.6847978,8,0.021175384521484375,0.002646923065185547,True
14,2552,1784808079.7063465,8,0.019634246826171875,0.0024542808532714844,True
14,2553,1784808079.7263982,8,0.020539522171020508,0.0025674402713775635,True
14,2554,1784808079.747277,8,0.019918203353881836,0.0024897754192352295,True
14,2555,1784808079.767551,8,0.019519805908203125,0.0024399757385253906,True
14,2556,1784808079.7875402,8,0.021349430084228516,0.0026686787605285645,True
14,2557,1784808079.8094842,8,0.023560285568237305,0.002945035696029663,True
14,2558,1784808079.8336177,8,0.020059585571289062,0.002507448196411133,True
14,2559,1784808079.8539772,8,0.01862931251525879,0.0023286640644073486,True
14,2560,1784808079.8729408,8,0.020665407180786133,0.0025831758975982666,True
14,2561,1784808079.8940194,8,0.019545793533325195,0.0024432241916656494,True
14,2562,1784808079.913976,8,0.020207643508911133,0.0025259554386138916,True
14,2563,1784808079.9344687,8,0.018724441528320312,0.002340555191040039,True
14,2564,1784808079.9535031,8,0.021199464797973633,0.002649933099746704,True
14,2565,1784808079.9752674,8,0.020136594772338867,0.0025170743465423584,True
14,2566,1784808079.9958017,8,0.021192073822021484,0.0026490092277526855,True
14,2567,1784808080.0173407,8,0.020880460739135742,0.0026100575923919678,True
14,2568,1784808080.0386004,8,0.020332813262939453,0.0025416016578674316,True
14,2569,1784808080.0593476,8,0.019321441650390625,0.002415180206298828,True
14,2570,1784808080.0790129,8,0.020105838775634766,0.0025132298469543457,True
14,2571,1784808080.0997093,8,0.019800424575805664,0.002475053071975708,True
14,2572,1784808080.119808,8,0.020163774490356445,0.0025204718112945557,True
14,2573,1784808080.1404757,8,0.01964116096496582,0.0024551451206207275,True
14,2574,1784808080.1604433,8,0.019983530044555664,0.002497941255569458,True
14,2575,1784808080.181083,8,0.019903898239135742,0.0024879872798919678,True
14,2576,1784808080.2013457,8,0.022395849227905273,0.002799481153488159,True
14,2577,1784808080.2240443,8,0.02338695526123047,0.0029233694076538086,True
14,2578,1784808080.2478888,8,0.019658565521240234,0.0024573206901550293,True
14,2579,1784808080.2679095,8,0.0187530517578125,0.0023441314697265625,True
14,2580,1784808080.2870007,8,0.020372629165649414,0.0025465786457061768,True
14,2581,1784808080.3077817,8,0.020604372024536133,0.0025755465030670166,True
14,2582,1784808080.3286479,8,0.020943880081176758,0.0026179850101470947,True
14,2583,1784808080.3499262,8,0.01907968521118164,0.002384960651397705,True
14,2584,1784808080.3692803,8,0.020459651947021484,0.0025574564933776855,True
14,2585,1784808080.3902233,8,0.022014141082763672,0.002751767635345459,True
14,2586,1784808080.4130046,8,0.01885819435119629,0.002357274293899536,True
14,2587,1784808080.432241,8,0.019826650619506836,0.0024783313274383545,True
14,2588,1784808080.452463,8,0.021019697189331055,0.002627462148666382,True
14,2589,1784808080.4737802,8,0.020412921905517578,0.0025516152381896973,True
14,2590,1784808080.4945006,8,0.01962423324584961,0.002453029155731201,True
14,2591,1784808080.5146134,8,0.020576953887939453,0.0025721192359924316,True
14,2592,1784808080.5354664,8,0.02107858657836914,0.0026348233222961426,True
14,2593,1784808080.5568323,8,0.020475387573242188,0.0025594234466552734,True
14,2594,1784808080.5777657,8,0.02020430564880371,0.002525538206100464,True
14,2595,1784808080.5985694,8,0.020060062408447266,0.002507507801055908,True
14,2596,1784808080.6193342,8,0.019729137420654297,0.002466142177581787,True
14,2597,1784808080.6393595,8,0.024396657943725586,0.0030495822429656982,True
14,2598,1784808080.6641853,8,0.020459890365600586,0.0025574862957000732,True
14,2599,1784808080.6849802,8,0.020176410675048828,0.0025220513343811035,True
14,2600,1784808080.705743,8,0.018970727920532227,0.0023713409900665283,True
14,2601,1784808080.7249916,8,0.0218658447265625,0.0027332305908203125,True
14,2602,1784808080.7471488,8,0.022272348403930664,0.002784043550491333,True
14,2603,1784808080.7697895,8,0.019923925399780273,0.002490490674972534,True
14,2604,1784808080.7903593,8,0.02033519744873047,0.0025418996810913086,True
14,2605,1784808080.8109872,8,0.01959538459777832,0.00244942307472229,True
14,2606,1784808080.8309524,8,0.019922256469726562,0.0024902820587158203,True
14,2607,1784808080.8512335,8,0.019524812698364258,0.0024406015872955322,True
14,2608,1784808080.871997,8,0.020292997360229492,0.0025366246700286865,True
14,2609,1784808080.8926976,8,0.020228862762451172,0.0025286078453063965,True
14,2610,1784808080.9132648,8,0.01966261863708496,0.00245782732963562,True
14,2611,1784808080.9334395,8,0.02110004425048828,0.002637505531311035,True
14,2612,1784808080.954872,8,0.019855976104736328,0.002481997013092041,True
14,2613,1784808080.9750812,8,0.02573704719543457,0.0032171308994293213,True
14,2614,1784808081.0012324,8,0.017979145050048828,0.0022473931312561035,True
14,2615,1784808081.0195167,8,0.020782470703125,0.002597808837890625,True
14,2616,1784808081.0414026,8,0.021198272705078125,0.0026497840881347656,True
14,2617,1784808081.0630045,8,0.018733978271484375,0.002341747283935547,True
14,2618,1784808081.08211,8,0.02080678939819336,0.00260084867477417,True
14,2619,1784808081.103786,8,0.021633625030517578,0.0027042031288146973,True
14,2620,1784808081.1260705,8,0.018895864486694336,0.002361983060836792,True
14,2621,1784808081.145313,8,0.020846128463745117,0.0026057660579681396,True
14,2622,1784808081.1666617,8,0.020003080368041992,0.002500385046005249,True
14,2623,1784808081.1873963,8,0.019024133682250977,0.002378016710281372,True
14,2624,1784808081.2068298,8,0.01863241195678711,0.0023290514945983887,True
14,2625,1784808081.226088,8,0.01946091651916504,0.00243261456489563,True
14,2626,1784808081.2459185,8,0.019268035888671875,0.0024085044860839844,True
14,2627,1784808081.2655928,8,0.020396709442138672,0.002549588680267334,True
14,2628,1784808081.2863245,8,0.020951271057128906,0.0026189088821411133,True
14,2629,1784808081.308061,8,0.02031421661376953,0.0025392770767211914,True
14,2630,1784808081.3289754,8,0.020240068435668945,0.002530008554458618,True
14,2631,1784808081.3495922,8,0.020772457122802734,0.002596557140350342,True
14,2632,1784808081.3709817,8,0.020719289779663086,0.0025899112224578857,True
14,2633,1784808081.3922455,8,0.019611358642578125,0.0024514198303222656,True
14,2634,1784808081.4123805,8,0.021326065063476562,0.0026657581329345703,True
14,2635,1784808081.4339912,8,0.019472122192382812,0.0024340152740478516,True
14,2636,1784808081.4538913,8,0.018811941146850586,0.0023514926433563232,True
14,2637,1784808081.473534,8,0.02102208137512207,0.002627760171890259,True
14,2638,1784808081.4951408,8,0.0221560001373291,0.0027695000171661377,True
14,2639,1784808081.5183861,8,0.018906831741333008,0.002363353967666626,True
14,2640,1784808081.537589,8,0.020076274871826172,0.0025095343589782715,True
14,2641,1784808081.5582557,8,0.023081064224243164,0.0028851330280303955,True
14,2642,1784808081.5817692,8,0.019886493682861328,0.002485811710357666,True
14,2643,1784808081.6020656,8,0.02130746841430664,0.00266343355178833,True
14,2644,1784808081.6241436,8,0.020128965377807617,0.002516120672225952,True
14,2645,1784808081.6447382,8,0.020252466201782227,0.0025315582752227783,True
14,2646,1784808081.666861,8,0.01991558074951172,0.002489447593688965,True
14,2647,1784808081.687268,8,0.021586179733276367,0.002698272466659546,True
14,2648,1784808081.7092724,8,0.019955158233642578,0.0024943947792053223,True
14,2649,1784808081.729702,8,0.019456863403320312,0.002432107925415039,True
14,2650,1784808081.7502494,8,0.01960897445678711,0.0024511218070983887,True
14,2651,1784808081.7702236,8,0.020262956619262695,0.002532869577407837,True
14,2652,1784808081.7908046,8,0.019957780838012695,0.002494722604751587,True
14,2653,1784808081.8111558,8,0.02107977867126465,0.002634972333908081,True
14,2654,1784808081.8327758,8,0.019800186157226562,0.0024750232696533203,True
14,2655,1784808081.8531816,8,0.021265268325805664,0.002658158540725708,True
14,2656,1784808081.8748474,8,0.02041172981262207,0.002551466226577759,True
14,2657,1784808081.895627,8,0.019628047943115234,0.0024535059928894043,True
14,2658,1784808081.9160526,8,0.02067852020263672,0.00258481502532959,True
14,2659,1784808081.9371002,8,0.019153356552124023,0.002394169569015503,True
14,2660,1784808081.9572644,8,0.020206689834594727,0.002525836229324341,True
14,2661,1784808081.9779787,8,0.022390365600585938,0.002798795700073242,True
14,2662,1784808082.0009034,8,0.0200958251953125,0.0025119781494140625,True
14,2663,1784808082.0213542,8,0.020653963088989258,0.0025817453861236572,True
14,2664,1784808082.0424178,8,0.021335124969482422,0.0026668906211853027,True
14,2665,1784808082.0641289,8,0.020583629608154297,0.002572953701019287,True
14,2666,1784808082.0854404,8,0.019659042358398438,0.0024573802947998047,True
14,2667,1784808082.1055775,8,0.021329879760742188,0.0026662349700927734,True
14,2668,1784808082.127475,8,0.01939105987548828,0.002423882484436035,True
14,2669,1784808082.1472263,8,0.020449399948120117,0.0025561749935150146,True
14,2670,1784808082.1680684,8,0.02276301383972168,0.00284537672996521,True
14,2671,1784808082.1914787,8,0.019436359405517578,0.0024295449256896973,True
14,2672,1784808082.211853,8,0.02091503143310547,0.0026143789291381836,True
14,2673,1784808082.2332416,8,0.021166563034057617,0.002645820379257202,True
14,2674,1784808082.254792,8,0.021837234497070312,0.002729654312133789,True
14,2675,1784808082.2769067,8,0.0196225643157959,0.0024528205394744873,True
14,2676,1784808082.2970142,8,0.022243976593017578,0.0027804970741271973,True
14,2677,1784808082.3195791,8,0.019534826278686523,0.0024418532848358154,True
14,2678,1784808082.3395941,8,0.019641637802124023,0.002455204725265503,True
14,2679,1784808082.3596132,8,0.020943880081176758,0.0026179850101470947,True
14,2680,1784808082.380959,8,0.01857924461364746,0.0023224055767059326,True
14,2681,1784808082.400557,8,0.018292903900146484,0.0022866129875183105,True
14,2682,1784808082.419191,8,0.020291805267333984,0.002536475658416748,True
14,2683,1784808082.4397929,8,0.022258758544921875,0.0027823448181152344,True
14,2684,1784808082.462417,8,0.02040266990661621,0.0025503337383270264,True
14,2685,1784808082.4831717,8,0.020075082778930664,0.002509385347366333,True
14,2686,1784808082.503586,8,0.0204164981842041,0.0025520622730255127,True
14,2687,1784808082.5243707,8,0.0187530517578125,0.0023441314697265625,True
14,2688,1784808082.5434947,8,0.019670724868774414,0.0024588406085968018,True
14,2689,1784808082.5640135,8,0.021273374557495117,0.0026591718196868896,True
14,2690,1784808082.5857902,8,0.01917266845703125,0.0023965835571289062,True
14,2691,1784808082.6059449,8,0.020981311798095703,0.002622663974761963,True
14,2692,1784808082.6274366,8,0.02083563804626465,0.002604454755783081,True
14,2693,1784808082.648602,8,0.020667076110839844,0.0025833845138549805,True
14,2694,1784808082.669879,8,0.022162199020385742,0.0027702748775482178,True
14,2695,1784808082.6929042,8,0.018473386764526367,0.002309173345565796,True
14,2696,1784808082.7119992,8,0.024007558822631836,0.0030009448528289795,True
14,2697,1784808082.7365737,8,0.0191650390625,0.0023956298828125,True
14,2698,1784808082.7562957,8,0.020994186401367188,0.0026242733001708984,True
14,2699,1784808082.7778535,8,0.020488500595092773,0.0025610625743865967,True
14,2700,1784808082.7987216,8,0.020132064819335938,0.002516508102416992,True
14,2701,1784808082.8194084,8,0.019583463668823242,0.0024479329586029053,True
14,2702,1784808082.8393984,8,0.0199892520904541,0.0024986565113067627,True
14,2703,1784808082.8598206,8,0.020701885223388672,0.002587735652923584,True
14,2704,1784808082.8808992,8,0.019676923751831055,0.002459615468978882,True
14,2705,1784808082.9009356,8,0.019046783447265625,0.002380847930908203,True
14,2706,1784808082.9203897,8,0.019240379333496094,0.0024050474166870117,True
14,2707,1784808082.9398887,8,0.02029132843017578,0.0025364160537719727,True
14,2708,1784808082.9607801,8,0.02038741111755371,0.002548426389694214,True
14,2709,1784808082.981749,8,0.02039027214050293,0.002548784017562866,True
14,2710,1784808083.002601,8,0.02044367790222168,0.00255545973777771,True
14,2711,1784808083.0261834,8,0.017800331115722656,0.002225041389465332,True
14,2712,1784808083.044593,8,0.020169496536254883,0.0025211870670318604,True
14,2713,1784808083.06512,8,0.019237041473388672,0.002404630184173584,True
14,2714,1784808083.0847256,8,0.020791292190551758,0.0025989115238189697,True
14,2715,1784808083.1062028,8,0.020426034927368164,0.0025532543659210205,True
14,2716,1784808083.1271389,8,0.02003335952758789,0.0025041699409484863,True
14,2717,1784808083.1480005,8,0.021310091018676758,0.0026637613773345947,True
14,2718,1784808083.169669,8,0.01877617835998535,0.002347022294998169,True
14,2719,1784808083.1888773,8,0.019556760787963867,0.0024445950984954834,True
14,2720,1784808083.2101517,8,0.019231081008911133,0.0024038851261138916,True
14,2721,1784808083.2300017,8,0.020004987716674805,0.0025006234645843506,True
14,2722,1784808083.2504451,8,0.019283056259155273,0.002410382032394409,True
14,2723,1784808083.2701318,8,0.019927263259887695,0.002490907907485962,True
14,2724,1784808083.290455,8,0.020144224166870117,0.0025180280208587646,True
14,2725,1784808083.310943,8,0.020128965377807617,0.002516120672225952,True
14,2726,1784808083.3314471,8,0.0211484432220459,0.0026435554027557373,True
14,2727,1784808083.3529403,8,0.018537044525146484,0.0023171305656433105,True
14,2728,1784808083.3721397,8,0.02079033851623535,0.002598792314529419,True
14,2729,1784808083.3932762,8,0.019690513610839844,0.0024613142013549805,True
14,2730,1784808083.4133441,8,0.020830154418945312,0.002603769302368164,True
14,2731,1784808083.434565,8,0.01979207992553711,0.0024740099906921387,True
14,2732,1784808083.4548097,8,0.021773338317871094,0.0027216672897338867,True
14,2733,1784808083.477787,8,0.019514083862304688,0.002439260482788086,True
14,2734,1784808083.4977741,8,0.02008342742919922,0.0025104284286499023,True
14,2735,1784808083.5182662,8,0.018813133239746094,0.0023516416549682617,True
14,2736,1784808083.5375013,8,0.019797801971435547,0.0024747252464294434,True
14,2737,1784808083.557638,8,0.01896071434020996,0.002370089292526245,True
14,2738,1784808083.5769398,8,0.020562171936035156,0.0025702714920043945,True
14,2739,1784808083.597923,8,0.01956653594970703,0.002445816993713379,True
14,2740,1784808083.6178253,8,0.020281314849853516,0.0025351643562316895,True
14,2741,1784808083.638442,8,0.019635438919067383,0.002454429864883423,True
14,2742,1784808083.6584876,8,0.020037412643432617,0.002504676580429077,True
14,2743,1784808083.6788414,8,0.01986098289489746,0.0024826228618621826,True
14,2744,1784808083.6990945,8,0.020766019821166992,0.002595752477645874,True
14,2745,1784808083.7204528,8,0.020913124084472656,0.002614140510559082,True
14,2746,1784808083.741669,8,0.018980026245117188,0.0023725032806396484,True
14,2747,1784808083.7609603,8,0.01880049705505371,0.002350062131881714,True
14,2748,1784808083.7800736,8,0.020483970642089844,0.0025604963302612305,True
14,2749,1784808083.8012605,8,0.019412994384765625,0.002426624298095703,True
14,2750,1784808083.8211236,8,0.020882844924926758,0.0026103556156158447,True
14,2751,1784808083.842356,8,0.02002716064453125,0.0025033950805664062,True
14,2752,1784808083.8626885,8,0.018543481826782227,0.0023179352283477783,True
14,2753,1784808083.8815699,8,0.02120208740234375,0.0026502609252929688,True
14,2754,1784808083.9032493,8,0.020880937576293945,0.002610117197036743,True
14,2755,1784808083.9245987,8,0.02212357521057129,0.002765446901321411,True
14,2756,1784808083.9470105,8,0.019361257553100586,0.0024201571941375732,True
14,2757,1784808083.9666426,8,0.02118659019470215,0.0026483237743377686,True
14,2758,1784808083.9881954,8,0.019684553146362305,0.002460569143295288,True
14,2759,1784808084.008175,8,0.01809072494506836,0.002261340618133545,True
14,2760,1784808084.0265577,8,0.020273923873901367,0.002534240484237671,True
14,2761,1784808084.047157,8,0.01966404914855957,0.0024580061435699463,True
14,2762,1784808084.067631,8,0.020809412002563477,0.0026011765003204346,True
14,2763,1784808084.088762,8,0.019252777099609375,0.002406597137451172,True
14,2764,1784808084.1085188,8,0.02133941650390625,0.0026674270629882812,True
14,2765,1784808084.1301897,8,0.021608352661132812,0.0027010440826416016,True
14,2766,1784808084.1521933,8,0.02055525779724121,0.0025694072246551514,True
14,2767,1784808084.1732757,8,0.018979787826538086,0.0023724734783172607,True
14,2768,1784808084.1927495,8,0.01860332489013672,0.00232541561126709,True
14,2769,1784808084.2120025,8,0.018752574920654297,0.002344071865081787,True
14,2770,1784808084.2317598,8,0.02122664451599121,0.0026533305644989014,True
14,2771,1784808084.2536204,8,0.021465063095092773,0.0026831328868865967,True
14,2772,1784808084.2755141,8,0.020221948623657227,0.0025277435779571533,True
14,2773,1784808084.2961586,8,0.018967390060424805,0.0023709237575531006,True
14,2774,1784808084.3154933,8,0.019812822341918945,0.002476602792739868,True
14,2775,1784808084.3357732,8,0.02173018455505371,0.002716273069381714,True
14,2776,1784808084.3580794,8,0.018366098403930664,0.002295762300491333,True
14,2777,1784808084.3770323,8,0.019856691360473633,0.002482086420059204,True
14,2778,1784808084.3979018,8,0.020014047622680664,0.002501755952835083,True
14,2779,1784808084.4185178,8,0.01948404312133789,0.0024355053901672363,True
14,2780,1784808084.438899,8,0.019400835037231445,0.0024251043796539307,True
14,2781,1784808084.4589293,8,0.020416259765625,0.002552032470703125,True
14,2782,1784808084.4800632,8,0.01999688148498535,0.002499610185623169,True
14,2783,1784808084.501068,8,0.019829511642456055,0.002478688955307007,True
14,2784,1784808084.5212684,8,0.019968509674072266,0.002496063709259033,True
14,2785,1784808084.5415576,8,0.021206378936767578,0.0026507973670959473,True
14,2786,1784808084.5631595,8,0.020496368408203125,0.0025620460510253906,True
14,2787,1784808084.5840528,8,0.021208524703979492,0.0026510655879974365,True
14,2788,1784808084.6057162,8,0.019406557083129883,0.0024258196353912354,True
14,2789,1784808084.6254258,8,0.022443056106567383,0.002805382013320923,True
14,2790,1784808084.6488183,8,0.01902484893798828,0.002378106117248535,True
14,2791,1784808084.6683495,8,0.019215822219848633,0.002401977777481079,True
14,2792,1784808084.6879268,8,0.02107858657836914,0.0026348233222961426,True
14,2793,1784808084.7094517,8,0.01968693733215332,0.002460867166519165,True
14,2794,1784808084.7299147,8,0.020606517791748047,0.002575814723968506,True
14,2795,1784808084.7508013,8,0.01935863494873047,0.0024198293685913086,True
14,2796,1784808084.7708824,8,0.020597457885742188,0.0025746822357177734,True
14,2797,1784808084.7918699,8,0.022216320037841797,0.0027770400047302246,True
14,2798,1784808084.8143961,8,0.019247055053710938,0.002405881881713867,True
14,2799,1784808084.8345609,8,0.019073963165283203,0.0023842453956604004,True
14,2800,1784808084.8540537,8,0.02029895782470703,0.002537369728088379,True
14,2801,1784808084.8753383,8,0.022704601287841797,0.0028380751609802246,True
14,2802,1784808084.898462,8,0.020921707153320312,0.002615213394165039,True
14,2803,1784808084.9197714,8,0.020047903060913086,0.0025059878826141357,True
14,2804,1784808084.9407017,8,0.02096414566040039,0.002620518207550049,True
14,2805,1784808084.9623024,8,0.018978357315063477,0.0023722946643829346,True
14,2806,1784808084.9819663,8,0.021297693252563477,0.0026622116565704346,True
14,2807,1784808085.0036988,8,0.021724224090576172,0.0027155280113220215,True
14,2808,1784808085.0260496,8,0.022121667861938477,0.0027652084827423096,True
14,2809,1784808085.0487146,8,0.01888251304626465,0.002360314130783081,True
14,2810,1784808085.0679426,8,0.020401716232299805,0.0025502145290374756,True
14,2811,1784808085.0888171,8,0.019078969955444336,0.002384871244430542,True
14,2812,1784808085.108358,8,0.020798683166503906,0.0025998353958129883,True
14,2813,1784808085.1295648,8,0.019396305084228516,0.0024245381355285645,True
14,2814,1784808085.1495245,8,0.022938251495361328,0.002867281436920166,True
14,2815,1784808085.1727867,8,0.019913196563720703,0.002489149570465088,True
14,2816,1784808085.1930144,8,0.020653724670410156,0.0025817155838012695,True
14,2817,1784808085.2140443,8,0.020158052444458008,0.002519756555557251,True
14,2818,1784808085.234608,8,0.022792339324951172,0.0028490424156188965,True
14,2819,1784808085.2576923,8,0.019685983657836914,0.0024607479572296143,True
14,2820,1784808085.2778935,8,0.018776655197143555,0.0023470818996429443,True
14,2821,1784808085.2971697,8,0.02039790153503418,0.0025497376918792725,True
14,2822,1784808085.3180861,8,0.019928932189941406,0.0024911165237426758,True
14,2823,1784808085.3386407,8,0.01945662498474121,0.0024320781230926514,True
14,2824,1784808085.3585145,8,0.020537376403808594,0.0025671720504760742,True
14,2825,1784808085.3794117,8,0.020564556121826172,0.0025705695152282715,True
14,2826,1784808085.4008873,8,0.019945621490478516,0.0024932026863098145,True
14,2827,1784808085.4218438,8,0.019793272018432617,0.002474159002304077,True
14,2828,1784808085.44235,8,0.019787073135375977,0.002473384141921997,True
14,2829,1784808085.4626157,8,0.019820213317871094,0.0024775266647338867,True
14,2830,1784808085.4833784,8,0.01935744285583496,0.00241968035697937,True
14,2831,1784808085.5033293,8,0.020833253860473633,0.002604156732559204,True
14,2832,1784808085.5245652,8,0.019067049026489258,0.0023833811283111572,True
14,2833,1784808085.5439749,8,0.019501924514770508,0.0024377405643463135,True
14,2834,1784808085.5643163,8,0.020990610122680664,0.002623826265335083,True
14,2835,1784808085.5856864,8,0.020505189895629883,0.0025631487369537354,True
14,2836,1784808085.606519,8,0.0203554630279541,0.0025444328784942627,True
14,2837,1784808085.627986,8,0.019340991973876953,0.002417623996734619,True
14,2838,1784808085.6477683,8,0.02162647247314453,0.0027033090591430664,True
14,2839,1784808085.6710827,8,0.02056884765625,0.00257110595703125,True
14,2840,1784808085.692059,8,0.020325899124145508,0.0025407373905181885,True
14,2841,1784808085.7127826,8,0.021277666091918945,0.002659708261489868,True
14,2842,1784808085.7344155,8,0.019934654235839844,0.0024918317794799805,True
14,2843,1784808085.755041,8,0.02200937271118164,0.002751171588897705,True
14,2844,1784808085.777627,8,0.020359039306640625,0.002544879913330078,True
14,2845,1784808085.798318,8,0.021030902862548828,0.0026288628578186035,True
14,2846,1784808085.8199613,8,0.020961284637451172,0.0026201605796813965,True
14,2847,1784808085.8415928,8,0.019655704498291016,0.002456963062286377,True
14,2848,1784808085.861892,8,0.020804405212402344,0.002600550651550293,True
14,2849,1784808085.8831925,8,0.019739866256713867,0.0024674832820892334,True
14,2850,1784808085.9036374,8,0.02116703987121582,0.0026458799839019775,True
14,2851,1784808085.9254262,8,0.021801471710205078,0.0027251839637756348,True
14,2852,1784808085.9478593,8,0.02210831642150879,0.0027635395526885986,True
14,2853,1784808085.970488,8,0.018281221389770508,0.0022851526737213135,True
14,2854,1784808085.9894364,8,0.02005624771118164,0.002507030963897705,True
14,2855,1784808086.0097888,8,0.019614696502685547,0.0024518370628356934,True
14,2856,1784808086.029786,8,0.01929473876953125,0.0024118423461914062,True
14,2857,1784808086.049559,8,0.02124929428100586,0.0026561617851257324,True
14,2858,1784808086.0714734,8,0.019636869430541992,0.002454608678817749,True
14,2859,1784808086.0918124,8,0.01995706558227539,0.002494633197784424,True
14,2860,1784808086.1123912,8,0.019806861877441406,0.0024758577346801758,True
14,2861,1784808086.1329496,8,0.019403934478759766,0.0024254918098449707,True
14,2862,1784808086.1530786,8,0.01790785789489746,0.0022384822368621826,True
14,2863,1784808086.17217,8,0.01941990852355957,0.0024274885654449463,True
14,2864,1784808086.191898,8,0.018114566802978516,0.0022643208503723145,True
14,2865,1784808086.2103906,8,0.01866316795349121,0.0023328959941864014,True
14,2866,1784808086.2293925,8,0.01454925537109375,0.0018186569213867188,True
14,2867,1784808086.244957,8,0.016402244567871094,0.0020502805709838867,True
14,2868,1784808086.261796,8,0.01891493797302246,0.0023643672466278076,True
14,2869,1784808086.281295,8,0.0161285400390625,0.0020160675048828125,True
14,2870,1784808086.2979126,8,0.017325878143310547,0.0021657347679138184,True
14,2871,1784808086.315886,8,0.01844501495361328,0.00230562686920166,True
14,2872,1784808086.3352559,8,0.015088319778442383,0.0018860399723052979,True
14,2873,1784808086.350791,8,0.018088340759277344,0.002261042594909668,True
14,2874,1784808086.3702543,8,0.014354705810546875,0.0017943382263183594,True
14,2875,1784808086.3850029,8,0.014270782470703125,0.0017838478088378906,True
14,2876,1784808086.3998542,8,0.014137029647827148,0.0017671287059783936,True
14,2877,1784808086.4142947,8,0.01338815689086914,0.0016735196113586426,True
14,2878,1784808086.4282465,8,0.013863086700439453,0.0017328858375549316,True
14,2879,1784808086.4426837,8,0.014672994613647461,0.0018341243267059326,True
14,2880,1784808086.4577901,8,0.014073848724365234,0.0017592310905456543,True
14,2881,1784808086.472656,8,0.011656999588012695,0.001457124948501587,True
14,2882,1784808086.4852166,8,0.01228189468383789,0.0015352368354797363,True
14,2883,1784808086.4981742,8,0.01208806037902832,0.00151100754737854,True
14,2884,1784808086.5107965,8,0.012240886688232422,0.0015301108360290527,True
14,2885,1784808086.5234063,8,0.012923240661621094,0.0016154050827026367,True
14,2886,1784808086.5366144,8,0.009664297103881836,0.0012080371379852295,True
14,2887,1784808086.546767,8,0.013472318649291992,0.001684039831161499,True
14,2888,1784808086.5606048,8,0.010779619216918945,0.0013474524021148682,True
14,2889,1784808086.5719934,8,0.01094365119934082,0.0013679563999176025,True
14,2890,1784808086.583702,8,0.010759115219116211,0.0013448894023895264,True
14,2891,1784808086.5950196,8,0.01061248779296875,0.0013265609741210938,True
14,2892,1784808086.6063619,8,0.009395599365234375,0.0011744499206542969,True
14,2893,1784808086.616628,8,0.009841680526733398,0.0012302100658416748,True
14,2894,1784808086.6270554,8,0.007941007614135742,0.0009926259517669678,True
14,2895,1784808086.636298,8,0.009362220764160156,0.0011702775955200195,True
14,2896,1784808086.646636,8,0.00921773910522461,0.0011522173881530762,True
14,2897,1784808086.6567948,8,0.0074312686920166016,0.0009289085865020752,True
14,2898,1784808086.6648028,8,0.00747990608215332,0.000934988260269165,True
14,2899,1784808086.6730146,8,0.011644601821899414,0.0014555752277374268,True
14,2900,1784808086.6850536,8,0.00968313217163086,0.0012103915214538574,True
14,2901,1784808086.695371,8,0.008518218994140625,0.0010647773742675781,True
14,2902,1784808086.7042904,8,0.015396833419799805,0.0019246041774749756,True
14,2903,1784808086.720091,8,0.007842779159545898,0.0009803473949432373,True
14,2904,1784808086.7283113,8,0.009293317794799805,0.0011616647243499756,True
