process_id,batch_id,timestamp,batch_size,batch_time_seconds,avg_query_time_seconds,success
5,1,1784808026.317755,8,0.006889820098876953,0.0008612275123596191,True
5,2,1784808026.3257143,8,0.006366252899169922,0.0007957816123962402,True
5,3,1784808026.3330572,8,0.007133007049560547,0.0008916258811950684,True
5,4,1784808026.3406098,8,0.006764650344848633,0.0008455812931060791,True
5,5,1784808026.348172,8,0.006134033203125,0.000766754150390625,True
5,6,1784808026.354843,8,0.005739688873291016,0.000717461109161377,True
5,7,1784808026.3610504,8,0.008322000503540039,0.0010402500629425049,True
5,8,1784808026.3698113,8,0.005709171295166016,0.000713646411895752,True
5,9,1784808026.3763425,8,0.008421897888183594,0.0010527372360229492,True
5,10,1784808026.38528,8,0.007157325744628906,0.0008946657180786133,True
5,11,1784808026.3933167,8,0.0080413818359375,0.0010051727294921875,True
5,12,1784808026.4018977,8,0.006536245346069336,0.000817030668258667,True
5,13,1784808026.4088335,8,0.011275529861450195,0.0014094412326812744,True
5,14,1784808026.422594,8,0.00807809829711914,0.0010097622871398926,True
5,15,1784808026.431448,8,0.007200479507446289,0.0009000599384307861,True
5,16,1784808026.4401152,8,0.006235599517822266,0.0007794499397277832,True
5,17,1784808026.4471815,8,0.00811147689819336,0.00101393461227417,True
5,18,1784808026.4558737,8,0.007959842681884766,0.0009949803352355957,True
5,19,1784808026.4653292,8,0.007637977600097656,0.000954747200012207,True
5,20,1784808026.4740672,8,0.007185697555541992,0.000898212194442749,True
5,21,1784808026.4833517,8,0.007109880447387695,0.0008887350559234619,True
5,22,1784808026.49211,8,0.0064697265625,0.0008087158203125,True
5,23,1784808026.4992256,8,0.008148670196533203,0.0010185837745666504,True
5,24,1784808026.5082603,8,0.008558511734008789,0.0010698139667510986,True
5,25,1784808026.5178692,8,0.008616447448730469,0.0010770559310913086,True
5,26,1784808026.5279453,8,0.008130311965942383,0.0010162889957427979,True
5,27,1784808026.5367625,8,0.007788896560668945,0.0009736120700836182,True
5,28,1784808026.5455558,8,0.009609699249267578,0.0012012124061584473,True
5,29,1784808026.5567014,8,0.0076274871826171875,0.0009534358978271484,True
5,30,1784808026.5659301,8,0.012388944625854492,0.0015486180782318115,True
5,31,1784808026.58012,8,0.0074176788330078125,0.0009272098541259766,True
5,32,1784808026.5882885,8,0.008785009384155273,0.0010981261730194092,True
5,33,1784808026.5988708,8,0.00919795036315918,0.0011497437953948975,True
5,34,1784808026.60873,8,0.009073257446289062,0.0011341571807861328,True
5,35,1784808026.6188102,8,0.009777307510375977,0.001222163438796997,True
5,36,1784808026.6291401,8,0.01068115234375,0.00133514404296875,True
5,37,1784808026.6421506,8,0.010845184326171875,0.0013556480407714844,True
5,38,1784808026.6620054,8,0.007284402847290039,0.0009105503559112549,True
5,39,1784808026.6698334,8,0.010238885879516602,0.0012798607349395752,True
5,40,1784808026.680841,8,0.0097503662109375,0.0012187957763671875,True
5,41,1784808026.6912274,8,0.012160539627075195,0.0015200674533843994,True
5,42,1784808026.7043188,8,0.012624740600585938,0.0015780925750732422,True
5,43,1784808026.7271726,8,0.011494874954223633,0.001436859369277954,True
5,44,1784808026.7396014,8,0.010395526885986328,0.001299440860748291,True
5,45,1784808026.7586913,8,0.009582042694091797,0.0011977553367614746,True
5,46,1784808026.768928,8,0.01035165786743164,0.001293957233428955,True
5,47,1784808026.7798421,8,0.013046503067016602,0.0016308128833770752,True
5,48,1784808026.794676,8,0.01101231575012207,0.0013765394687652588,True
5,49,1784808026.8185916,8,0.0068705081939697266,0.0008588135242462158,True
5,50,1784808026.8298666,8,0.01142263412475586,0.0014278292655944824,True
5,51,1784808026.8426206,8,0.01329803466796875,0.0016622543334960938,True
5,52,1784808026.8564181,8,0.016458749771118164,0.0020573437213897705,True
5,53,1784808026.8749504,8,0.0146636962890625,0.0018329620361328125,True
5,54,1784808026.8917277,8,0.01810765266418457,0.0022634565830230713,True
5,55,1784808026.9135323,8,0.012359142303466797,0.0015448927879333496,True
5,56,1784808026.9266756,8,0.014780044555664062,0.0018475055694580078,True
5,57,1784808026.942583,8,0.01523733139038086,0.0019046664237976074,True
5,58,1784808026.9674969,8,0.008751630783081055,0.0010939538478851318,True
5,59,1784808026.988252,8,0.010081291198730469,0.0012601613998413086,True
5,60,1784808027.0161617,8,0.012681245803833008,0.001585155725479126,True
5,61,1784808027.0343788,8,0.013515233993530273,0.0016894042491912842,True
5,62,1784808027.0485597,8,0.01691436767578125,0.0021142959594726562,True
5,63,1784808027.0659983,8,0.017011165618896484,0.0021263957023620605,True
5,64,1784808027.0988734,8,0.007927417755126953,0.0009909272193908691,True
5,65,1784808027.1237333,8,0.010894060134887695,0.001361757516860962,True
5,66,1784808027.1485505,8,0.009573221206665039,0.0011966526508331299,True
5,67,1784808027.1725845,8,0.00747227668762207,0.0009340345859527588,True
5,68,1784808027.1951692,8,0.009042739868164062,0.0011303424835205078,True
5,69,1784808027.222185,8,0.006490468978881836,0.0008113086223602295,True
5,70,1784808027.2379072,8,0.01152944564819336,0.00144118070602417,True
5,71,1784808027.257565,8,0.013124704360961914,0.0016405880451202393,True
5,72,1784808027.2784343,8,0.013316631317138672,0.001664578914642334,True
5,73,1784808027.2996812,8,0.017457246780395508,0.0021821558475494385,True
5,74,1784808027.33149,8,0.006352901458740234,0.0007941126823425293,True
5,75,1784808027.3545437,8,0.010392904281616211,0.0012991130352020264,True
5,76,1784808027.3795724,8,0.008983373641967773,0.0011229217052459717,True
5,77,1784808027.3961499,8,0.011761665344238281,0.0014702081680297852,True
5,78,1784808027.4159267,8,0.01177215576171875,0.0014715194702148438,True
5,79,1784808027.4328175,8,0.01575446128845215,0.0019693076610565186,True
5,80,1784808027.4490144,8,0.020308732986450195,0.0025385916233062744,True
5,81,1784808027.4708366,8,0.02015542984008789,0.0025194287300109863,True
5,82,1784808027.4930491,8,0.019877910614013672,0.002484738826751709,True
5,83,1784808027.514331,8,0.019318819046020508,0.0024148523807525635,True
5,84,1784808027.534116,8,0.020135164260864258,0.0025168955326080322,True
5,85,1784808027.5566847,8,0.01615285873413086,0.0020191073417663574,True
5,86,1784808027.5734932,8,0.020471572875976562,0.0025589466094970703,True
5,87,1784808027.594817,8,0.019501209259033203,0.0024376511573791504,True
5,88,1784808027.6159093,8,0.01716136932373047,0.0021451711654663086,True
5,89,1784808027.635241,8,0.018923282623291016,0.002365410327911377,True
5,90,1784808027.6552472,8,0.01989579200744629,0.002486974000930786,True
5,91,1784808027.677653,8,0.018679141998291016,0.002334892749786377,True
5,92,1784808027.698294,8,0.020417451858520508,0.0025521814823150635,True
5,93,1784808027.7206612,8,0.02117753028869629,0.002647191286087036,True
5,94,1784808027.7431374,8,0.01865363121032715,0.0023317039012908936,True
5,95,1784808027.7645159,8,0.020873546600341797,0.0026091933250427246,True
5,96,1784808027.7861307,8,0.019789695739746094,0.0024737119674682617,True
5,97,1784808027.8066597,8,0.019661426544189453,0.0024576783180236816,True
5,98,1784808027.8288362,8,0.018379688262939453,0.0022974610328674316,True
5,99,1784808027.8487024,8,0.018069744110107422,0.0022587180137634277,True
5,100,1784808027.867857,8,0.021881818771362305,0.002735227346420288,True
5,101,1784808027.8904128,8,0.01813340187072754,0.0022666752338409424,True
5,102,1784808027.9109192,8,0.02074742317199707,0.002593427896499634,True
5,103,1784808027.933602,8,0.01925802230834961,0.002407252788543701,True
5,104,1784808027.953342,8,0.020510435104370117,0.0025638043880462646,True
5,105,1784808027.974704,8,0.020261526107788086,0.0025326907634735107,True
5,106,1784808027.9961772,8,0.019539594650268555,0.0024424493312835693,True
5,107,1784808028.0163808,8,0.020772933959960938,0.002596616744995117,True
5,108,1784808028.0392382,8,0.019692659378051758,0.0024615824222564697,True
5,109,1784808028.059444,8,0.019300222396850586,0.0024125277996063232,True
5,110,1784808028.0793464,8,0.020462512969970703,0.002557814121246338,True
5,111,1784808028.10042,8,0.01857280731201172,0.002321600914001465,True
5,112,1784808028.1199427,8,0.020733356475830078,0.0025916695594787598,True
5,113,1784808028.1423,8,0.019281387329101562,0.0024101734161376953,True
5,114,1784808028.1638174,8,0.021045684814453125,0.0026307106018066406,True
5,115,1784808028.185655,8,0.021831035614013672,0.002728879451751709,True
5,116,1784808028.2079132,8,0.019392728805541992,0.002424091100692749,True
5,117,1784808028.2285762,8,0.022037267684936523,0.0027546584606170654,True
5,118,1784808028.251803,8,0.019655227661132812,0.0024569034576416016,True
5,119,1784808028.2721343,8,0.021308422088623047,0.002663552761077881,True
5,120,1784808028.2938795,8,0.020703792572021484,0.0025879740715026855,True
5,121,1784808028.3152452,8,0.02022242546081543,0.0025278031826019287,True
5,122,1784808028.337684,8,0.0189208984375,0.0023651123046875,True
5,123,1784808028.357361,8,0.019257068634033203,0.0024071335792541504,True
5,124,1784808028.3776278,8,0.018980741500854492,0.0023725926876068115,True
5,125,1784808028.3985338,8,0.019841909408569336,0.002480238676071167,True
5,126,1784808028.4189029,8,0.02018284797668457,0.0025228559970855713,True
5,127,1784808028.4394825,8,0.019982576370239258,0.0024978220462799072,True
5,128,1784808028.459764,8,0.018584012985229492,0.0023230016231536865,True
5,129,1784808028.4799159,8,0.02145242691040039,0.002681553363800049,True
5,130,1784808028.50211,8,0.02031850814819336,0.00253981351852417,True
5,131,1784808028.5229897,8,0.018978118896484375,0.002372264862060547,True
5,132,1784808028.542333,8,0.019989013671875,0.002498626708984375,True
5,133,1784808028.5626242,8,0.019833087921142578,0.0024791359901428223,True
5,134,1784808028.5828424,8,0.020364046096801758,0.0025455057621002197,True
5,135,1784808028.6038127,8,0.020771026611328125,0.0025963783264160156,True
5,136,1784808028.6250699,8,0.019371986389160156,0.0024214982986450195,True
5,137,1784808028.6453273,8,0.019811391830444336,0.002476423978805542,True
5,138,1784808028.6655068,8,0.021256446838378906,0.0026570558547973633,True
5,139,1784808028.6870565,8,0.020296812057495117,0.0025371015071868896,True
5,140,1784808028.7091668,8,0.02245807647705078,0.0028072595596313477,True
5,141,1784808028.732049,8,0.021762609481811523,0.0027203261852264404,True
5,142,1784808028.7542048,8,0.020292043685913086,0.0025365054607391357,True
5,143,1784808028.7748258,8,0.018497943878173828,0.0023122429847717285,True
5,144,1784808028.7952864,8,0.01930403709411621,0.0024130046367645264,True
5,145,1784808028.814934,8,0.018985748291015625,0.002373218536376953,True
5,146,1784808028.8344681,8,0.021718263626098633,0.002714782953262329,True
5,147,1784808028.8565607,8,0.020330429077148438,0.0025413036346435547,True
5,148,1784808028.8773637,8,0.01965165138244629,0.002456456422805786,True
5,149,1784808028.8975115,8,0.020344018936157227,0.0025430023670196533,True
5,150,1784808028.9181926,8,0.021279096603393555,0.0026598870754241943,True
5,151,1784808028.9398108,8,0.021277904510498047,0.002659738063812256,True
5,152,1784808028.9615395,8,0.01940774917602539,0.002425968647003174,True
5,153,1784808028.9815454,8,0.020894527435302734,0.002611815929412842,True
5,154,1784808029.0029845,8,0.020635366439819336,0.002579420804977417,True
5,155,1784808029.0239697,8,0.018220186233520508,0.0022775232791900635,True
5,156,1784808029.0426831,8,0.018732786178588867,0.0023415982723236084,True
5,157,1784808029.061866,8,0.02215290069580078,0.0027691125869750977,True
5,158,1784808029.0843918,8,0.02060699462890625,0.0025758743286132812,True
5,159,1784808029.1058614,8,0.01941061019897461,0.002426326274871826,True
5,160,1784808029.1258953,8,0.019652605056762695,0.002456575632095337,True
5,161,1784808029.1459372,8,0.02146744728088379,0.0026834309101104736,True
5,162,1784808029.1677969,8,0.020505666732788086,0.0025632083415985107,True
5,163,1784808029.1885965,8,0.022177934646606445,0.0027722418308258057,True
5,164,1784808029.2115228,8,0.02042698860168457,0.0025533735752105713,True
5,165,1784808029.23237,8,0.019305944442749023,0.002413243055343628,True
5,166,1784808029.252316,8,0.020361900329589844,0.0025452375411987305,True
5,167,1784808029.2729754,8,0.018841981887817383,0.002355247735977173,True
5,168,1784808029.2926197,8,0.018839597702026367,0.002354949712753296,True
5,169,1784808029.311929,8,0.019896745681762695,0.002487093210220337,True
5,170,1784808029.332168,8,0.022517681121826172,0.0028147101402282715,True
5,171,1784808029.3555782,8,0.020363807678222656,0.002545475959777832,True
5,172,1784808029.3763032,8,0.01887822151184082,0.0023597776889801025,True
5,173,1784808029.3954954,8,0.02162623405456543,0.0027032792568206787,True
5,174,1784808029.4174175,8,0.019669532775878906,0.0024586915969848633,True
5,175,1784808029.4375703,8,0.018544673919677734,0.002318084239959717,True
5,176,1784808029.456467,8,0.022598981857299805,0.0028248727321624756,True
5,177,1784808029.479756,8,0.019044160842895508,0.0023805201053619385,True
5,178,1784808029.4994526,8,0.019651174545288086,0.0024563968181610107,True
5,179,1784808029.5194786,8,0.020619630813598633,0.002577453851699829,True
5,180,1784808029.5405047,8,0.020784378051757812,0.0025980472564697266,True
5,181,1784808029.5616722,8,0.019151926040649414,0.0023939907550811768,True
5,182,1784808029.5814633,8,0.022190332412719727,0.002773791551589966,True
5,183,1784808029.604047,8,0.020572662353515625,0.002571582794189453,True
5,184,1784808029.6259887,8,0.01830744743347168,0.00228843092918396,True
5,185,1784808029.644928,8,0.019765377044677734,0.002470672130584717,True
5,186,1784808029.6651554,8,0.021567583084106445,0.0026959478855133057,True
5,187,1784808029.6871188,8,0.018360376358032227,0.0022950470447540283,True
5,188,1784808029.7060804,8,0.01963329315185547,0.0024541616439819336,True
5,189,1784808029.7260191,8,0.01862192153930664,0.00232774019241333,True
5,190,1784808029.7449102,8,0.020729541778564453,0.0025911927223205566,True
5,191,1784808029.7660806,8,0.02021169662475586,0.0025264620780944824,True
5,192,1784808029.786663,8,0.023293256759643555,0.0029116570949554443,True
5,193,1784808029.8102999,8,0.019295692443847656,0.002411961555480957,True
5,194,1784808029.8299055,8,0.021384716033935547,0.0026730895042419434,True
5,195,1784808029.8518372,8,0.020467281341552734,0.002558410167694092,True
5,196,1784808029.8727562,8,0.021460533142089844,0.0026825666427612305,True
5,197,1784808029.8949494,8,0.019791364669799805,0.0024739205837249756,True
5,198,1784808029.9152615,8,0.01942276954650879,0.0024278461933135986,True
5,199,1784808029.9350774,8,0.018512725830078125,0.0023140907287597656,True
5,200,1784808029.9539106,8,0.019548892974853516,0.0024436116218566895,True
5,201,1784808029.9737668,8,0.019699811935424805,0.0024624764919281006,True
5,202,1784808029.994092,8,0.020003557205200195,0.0025004446506500244,True
5,203,1784808030.0146065,8,0.021242856979370117,0.0026553571224212646,True
5,204,1784808030.0364199,8,0.020548582077026367,0.002568572759628296,True
5,205,1784808030.058178,8,0.020159006118774414,0.0025198757648468018,True
5,206,1784808030.0798368,8,0.020518779754638672,0.002564847469329834,True
5,207,1784808030.101038,8,0.0186917781829834,0.002336472272872925,True
5,208,1784808030.120272,8,0.019419431686401367,0.002427428960800171,True
5,209,1784808030.1407309,8,0.02111220359802246,0.0026390254497528076,True
5,210,1784808030.162212,8,0.021756887435913086,0.0027196109294891357,True
5,211,1784808030.1844065,8,0.020923137664794922,0.0026153922080993652,True
5,212,1784808030.2062888,8,0.01859140396118164,0.002323925495147705,True
5,213,1784808030.2254841,8,0.02257394790649414,0.0028217434883117676,True
5,214,1784808030.2499497,8,0.019804716110229492,0.0024755895137786865,True
5,215,1784808030.2704709,8,0.021088361740112305,0.002636045217514038,True
5,216,1784808030.2922297,8,0.020728111267089844,0.0025910139083862305,True
5,217,1784808030.3133566,8,0.022335052490234375,0.002791881561279297,True
5,218,1784808030.336704,8,0.01977682113647461,0.002472102642059326,True
5,219,1784808030.3575323,8,0.0215451717376709,0.0026931464672088623,True
5,220,1784808030.379538,8,0.02098846435546875,0.0026235580444335938,True
5,221,1784808030.4010997,8,0.02093672752380371,0.002617090940475464,True
5,222,1784808030.422455,8,0.020728349685668945,0.002591043710708618,True
5,223,1784808030.4437149,8,0.02080368995666504,0.00260046124458313,True
5,224,1784808030.4648907,8,0.02029895782470703,0.002537369728088379,True
5,225,1784808030.4855928,8,0.02217411994934082,0.0027717649936676025,True
5,226,1784808030.508444,8,0.02057504653930664,0.00257188081741333,True
5,227,1784808030.5295076,8,0.02004218101501465,0.002505272626876831,True
5,228,1784808030.549938,8,0.019981861114501953,0.002497732639312744,True
5,229,1784808030.5756001,8,0.016360998153686523,0.0020451247692108154,True
5,230,1784808030.5923514,8,0.019784927368164062,0.002473115921020508,True
5,231,1784808030.6126337,8,0.019841670989990234,0.0024802088737487793,True
5,232,1784808030.633336,8,0.020313739776611328,0.002539217472076416,True
5,233,1784808030.6556,8,0.018218994140625,0.002277374267578125,True
5,234,1784808030.6742713,8,0.018533706665039062,0.002316713333129883,True
5,235,1784808030.6936884,8,0.01981186866760254,0.0024764835834503174,True
5,236,1784808030.7151062,8,0.01967024803161621,0.0024587810039520264,True
5,237,1784808030.73635,8,0.02041459083557129,0.002551823854446411,True
5,238,1784808030.7570782,8,0.020581960678100586,0.0025727450847625732,True
5,239,1784808030.7780511,8,0.020927906036376953,0.002615988254547119,True
5,240,1784808030.80077,8,0.01878046989440918,0.0023475587368011475,True
5,241,1784808030.8201218,8,0.019858837127685547,0.0024823546409606934,True
5,242,1784808030.8406634,8,0.02178192138671875,0.0027227401733398438,True
5,243,1784808030.8629296,8,0.020151615142822266,0.002518951892852783,True
5,244,1784808030.8834934,8,0.02015542984008789,0.0025194287300109863,True
5,245,1784808030.9041815,8,0.02087116241455078,0.0026088953018188477,True
5,246,1784808030.925393,8,0.023665428161621094,0.0029581785202026367,True
5,247,1784808030.949437,8,0.020034074783325195,0.0025042593479156494,True
5,248,1784808030.9697895,8,0.020626544952392578,0.0025783181190490723,True
5,249,1784808030.9916093,8,0.01963210105895996,0.002454012632369995,True
5,250,1784808031.0121212,8,0.01969456672668457,0.0024618208408355713,True
5,251,1784808031.0322404,8,0.0191800594329834,0.002397507429122925,True
5,252,1784808031.0526407,8,0.020653486251831055,0.002581685781478882,True
5,253,1784808031.0772662,8,0.017467021942138672,0.002183377742767334,True
5,254,1784808031.0954967,8,0.02055668830871582,0.0025695860385894775,True
5,255,1784808031.1164923,8,0.021692276000976562,0.0027115345001220703,True
5,256,1784808031.1392105,8,0.01909184455871582,0.0023864805698394775,True
5,257,1784808031.1586545,8,0.020458698272705078,0.0025573372840881348,True
5,258,1784808031.1794806,8,0.020488977432250977,0.002561122179031372,True
5,259,1784808031.2003324,8,0.021260738372802734,0.002657592296600342,True
5,260,1784808031.221969,8,0.020292043685913086,0.0025365054607391357,True
5,261,1784808031.242704,8,0.021007299423217773,0.0026259124279022217,True
5,262,1784808031.265475,8,0.018809795379638672,0.002351224422454834,True
5,263,1784808031.2846735,8,0.020810604095458984,0.002601325511932373,True
5,264,1784808031.3058531,8,0.021071195602416992,0.002633899450302124,True
5,265,1784808031.3277357,8,0.0224149227142334,0.002801865339279175,True
5,266,1784808031.3522792,8,0.018705368041992188,0.0023381710052490234,True
5,267,1784808031.371327,8,0.020345449447631836,0.0025431811809539795,True
5,268,1784808031.3922815,8,0.019211292266845703,0.002401411533355713,True
5,269,1784808031.4123938,8,0.020677566528320312,0.002584695816040039,True
5,270,1784808031.43399,8,0.022637367248535156,0.0028296709060668945,True
5,271,1784808031.4576359,8,0.020204782485961914,0.0025255978107452393,True
5,272,1784808031.4782434,8,0.020627737045288086,0.0025784671306610107,True
5,273,1784808031.499287,8,0.027011632919311523,0.0033764541149139404,True
5,274,1784808031.5271199,8,0.018757104873657227,0.0023446381092071533,True
5,275,1784808031.5470052,8,0.020203590393066406,0.0025254487991333008,True
5,276,1784808031.5676126,8,0.01973581314086914,0.0024669766426086426,True
5,277,1784808031.5876544,8,0.02007269859313965,0.002509087324142456,True
5,278,1784808031.608834,8,0.01920318603515625,0.0024003982543945312,True
5,279,1784808031.6289873,8,0.023123741149902344,0.002890467643737793,True
5,280,1784808031.6529655,8,0.0193021297454834,0.002412766218185425,True
5,281,1784808031.6729505,8,0.019573450088500977,0.002446681261062622,True
5,282,1784808031.6930459,8,0.020971059799194336,0.002621382474899292,True
5,283,1784808031.7147734,8,0.01886129379272461,0.002357661724090576,True
5,284,1784808031.7341528,8,0.02181243896484375,0.0027265548706054688,True
5,285,1784808031.7572975,8,0.019134521484375,0.002391815185546875,True
5,286,1784808031.778119,8,0.020114421844482422,0.0025143027305603027,True
5,287,1784808031.7986102,8,0.020336151123046875,0.0025420188903808594,True
5,288,1784808031.8195057,8,0.020893096923828125,0.0026116371154785156,True
5,289,1784808031.8409297,8,0.01939845085144043,0.0024248063564300537,True
5,290,1784808031.8607383,8,0.02043318748474121,0.0025541484355926514,True
5,291,1784808031.8825557,8,0.020797252655029297,0.002599656581878662,True
5,292,1784808031.9048405,8,0.019310474395751953,0.002413809299468994,True
5,293,1784808031.9245498,8,0.02126288414001465,0.002657860517501831,True
5,294,1784808031.9466696,8,0.02012491226196289,0.0025156140327453613,True
5,295,1784808031.9673173,8,0.02237987518310547,0.0027974843978881836,True
5,296,1784808031.9903023,8,0.019967317581176758,0.0024959146976470947,True
5,297,1784808032.0110035,8,0.02107834815979004,0.002634793519973755,True
5,298,1784808032.0325558,8,0.019722700119018555,0.0024653375148773193,True
5,299,1784808032.0527124,8,0.019744157791137695,0.002468019723892212,True
5,300,1784808032.0736878,8,0.020578384399414062,0.002572298049926758,True
5,301,1784808032.0946875,8,0.018870830535888672,0.002358853816986084,True
5,302,1784808032.114142,8,0.023956775665283203,0.0029945969581604004,True
5,303,1784808032.139981,8,0.021330595016479492,0.0026663243770599365,True
5,304,1784808032.1620467,8,0.02027297019958496,0.00253412127494812,True
5,305,1784808032.1827025,8,0.02125835418701172,0.002657294273376465,True
5,306,1784808032.2046254,8,0.01912689208984375,0.0023908615112304688,True
5,307,1784808032.2254853,8,0.019624710083007812,0.0024530887603759766,True
5,308,1784808032.2457385,8,0.01943063735961914,0.0024288296699523926,True
5,309,1784808032.265532,8,0.02088189125061035,0.002610236406326294,True
5,310,1784808032.2870114,8,0.020388364791870117,0.0025485455989837646,True
5,311,1784808032.3079205,8,0.019206523895263672,0.002400815486907959,True
5,312,1784808032.3276274,8,0.020183324813842773,0.0025229156017303467,True
5,313,1784808032.3488212,8,0.020401716232299805,0.0025502145290374756,True
5,314,1784808032.3695555,8,0.02104949951171875,0.0026311874389648438,True
5,315,1784808032.391051,8,0.020824193954467773,0.0026030242443084717,True
5,316,1784808032.412188,8,0.022682666778564453,0.0028353333473205566,True
5,317,1784808032.4352589,8,0.020357847213745117,0.0025447309017181396,True
5,318,1784808032.4559076,8,0.021069049835205078,0.0026336312294006348,True
5,319,1784808032.4773037,8,0.021281719207763672,0.002660214900970459,True
5,320,1784808032.4993255,8,0.01992011070251465,0.002490013837814331,True
5,321,1784808032.5204737,8,0.0200803279876709,0.0025100409984588623,True
5,322,1784808032.5412126,8,0.021826744079589844,0.0027283430099487305,True
5,323,1784808032.5633779,8,0.020630359649658203,0.0025787949562072754,True
5,324,1784808032.584404,8,0.019573688507080078,0.0024467110633850098,True
5,325,1784808032.6043718,8,0.020313501358032227,0.0025391876697540283,True
5,326,1784808032.6252093,8,0.019227266311645508,0.0024034082889556885,True
5,327,1784808032.6450381,8,0.020620346069335938,0.002577543258666992,True
5,328,1784808032.666067,8,0.019890785217285156,0.0024863481521606445,True
5,329,1784808032.686567,8,0.022014617919921875,0.0027518272399902344,True
5,330,1784808032.7091231,8,0.02280139923095703,0.002850174903869629,True
5,331,1784808032.7339056,8,0.019976377487182617,0.002497047185897827,True
5,332,1784808032.754703,8,0.019056081771850586,0.0023820102214813232,True
5,333,1784808032.7744923,8,0.02158379554748535,0.002697974443435669,True
5,334,1784808032.7967188,8,0.019062280654907227,0.0023827850818634033,True
5,335,1784808032.8170736,8,0.021100282669067383,0.002637535333633423,True
5,336,1784808032.8386142,8,0.019854068756103516,0.0024817585945129395,True
5,337,1784808032.8587828,8,0.01984262466430664,0.00248032808303833,True
5,338,1784808032.8789907,8,0.020354270935058594,0.0025442838668823242,True
5,339,1784808032.8996012,8,0.02019810676574707,0.002524763345718384,True
5,340,1784808032.921333,8,0.020543813705444336,0.002567976713180542,True
5,341,1784808032.942314,8,0.018407821655273438,0.0023009777069091797,True
5,342,1784808032.9615464,8,0.022032499313354492,0.0027540624141693115,True
5,343,1784808032.9841135,8,0.020769596099853516,0.0025961995124816895,True
5,344,1784808033.0053182,8,0.019278287887573242,0.0024097859859466553,True
5,345,1784808033.0262775,8,0.019539356231689453,0.0024424195289611816,True
5,346,1784808033.0462656,8,0.019571781158447266,0.002446472644805908,True
5,347,1784808033.066888,8,0.02336883544921875,0.0029211044311523438,True
5,348,1784808033.0907426,8,0.022347450256347656,0.002793431282043457,True
5,349,1784808033.1175632,8,0.019420146942138672,0.002427518367767334,True
5,350,1784808033.1381142,8,0.020591020584106445,0.0025738775730133057,True
5,351,1784808033.1590962,8,0.020961523056030273,0.002620190382003784,True
5,352,1784808033.1804428,8,0.01957535743713379,0.0024469196796417236,True
5,353,1784808033.2004693,8,0.02051830291748047,0.0025647878646850586,True
5,354,1784808033.2215412,8,0.02117609977722168,0.00264701247215271,True
5,355,1784808033.2431564,8,0.019112586975097656,0.002389073371887207,True
5,356,1784808033.2628434,8,0.021691083908081055,0.002711385488510132,True
5,357,1784808033.2850966,8,0.024061918258666992,0.003007739782333374,True
5,358,1784808033.310422,8,0.020299434661865234,0.0025374293327331543,True
5,359,1784808033.3324902,8,0.01881265640258789,0.0023515820503234863,True
5,360,1784808033.3517625,8,0.020281314849853516,0.0025351643562316895,True
5,361,1784808033.372504,8,0.021538734436035156,0.0026923418045043945,True
5,362,1784808033.3946218,8,0.02106451988220215,0.0026330649852752686,True
5,363,1784808033.4161022,8,0.021355390548706055,0.002669423818588257,True
5,364,1784808033.4383733,8,0.020824432373046875,0.0026030540466308594,True
5,365,1784808033.4603524,8,0.020765066146850586,0.0025956332683563232,True
5,366,1784808033.4817867,8,0.018736839294433594,0.0023421049118041992,True
5,367,1784808033.5011308,8,0.01906728744506836,0.002383410930633545,True
5,368,1784808033.5205903,8,0.019664525985717773,0.0024580657482147217,True
5,369,1784808033.5406697,8,0.02068328857421875,0.0025854110717773438,True
5,370,1784808033.5620382,8,0.019908905029296875,0.0024886131286621094,True
5,371,1784808033.582862,8,0.022310256958007812,0.0027887821197509766,True
5,372,1784808033.6074805,8,0.020854473114013672,0.002606809139251709,True
5,373,1784808033.6289907,8,0.01980280876159668,0.002475351095199585,True
5,374,1784808033.649213,8,0.019980669021606445,0.0024975836277008057,True
5,375,1784808033.6696784,8,0.021567821502685547,0.0026959776878356934,True
5,376,1784808033.691912,8,0.02063131332397461,0.002578914165496826,True
5,377,1784808033.7130578,8,0.022121906280517578,0.0027652382850646973,True
5,378,1784808033.7356973,8,0.020761728286743164,0.0025952160358428955,True
5,379,1784808033.7568116,8,0.020737171173095703,0.002592146396636963,True
5,380,1784808033.7778678,8,0.021068096160888672,0.002633512020111084,True
5,381,1784808033.7999032,8,0.02063727378845215,0.0025796592235565186,True
5,382,1784808033.8212986,8,0.022384166717529297,0.002798020839691162,True
5,383,1784808033.8453739,8,0.021224021911621094,0.0026530027389526367,True
5,384,1784808033.8678615,8,0.020015716552734375,0.002501964569091797,True
5,385,1784808033.8897262,8,0.01898479461669922,0.0023730993270874023,True
5,386,1784808033.909049,8,0.020636796951293945,0.002579599618911743,True
5,387,1784808033.9303534,8,0.021231412887573242,0.0026539266109466553,True
5,388,1784808033.9523034,8,0.021458864212036133,0.0026823580265045166,True
5,389,1784808033.9745095,8,0.020229578018188477,0.0025286972522735596,True
5,390,1784808033.9954624,8,0.020708799362182617,0.002588599920272827,True
5,391,1784808034.01685,8,0.01918959617614746,0.0023986995220184326,True
5,392,1784808034.0403073,8,0.019923686981201172,0.0024904608726501465,True
5,393,1784808034.0608644,8,0.02060389518737793,0.002575486898422241,True
5,394,1784808034.0818248,8,0.02296924591064453,0.0028711557388305664,True
5,395,1784808034.1064708,8,0.02072310447692871,0.002590388059616089,True
5,396,1784808034.1276963,8,0.01929616928100586,0.0024120211601257324,True
5,397,1784808034.1475341,8,0.02079153060913086,0.0025989413261413574,True
5,398,1784808034.1687665,8,0.020454883575439453,0.0025568604469299316,True
5,399,1784808034.1898348,8,0.020209550857543945,0.002526193857192993,True
5,400,1784808034.210679,8,0.021092653274536133,0.0026365816593170166,True
5,401,1784808034.2321274,8,0.022081613540649414,0.0027602016925811768,True
5,402,1784808034.2545846,8,0.0199587345123291,0.0024948418140411377,True
5,403,1784808034.275436,8,0.020751953125,0.002593994140625,True
5,404,1784808034.2970798,8,0.021750211715698242,0.0027187764644622803,True
5,405,1784808034.319532,8,0.019890308380126953,0.002486288547515869,True
5,406,1784808034.340127,8,0.019498109817504883,0.0024372637271881104,True
5,407,1784808034.360159,8,0.02075338363647461,0.002594172954559326,True
5,408,1784808034.3812554,8,0.020113468170166016,0.002514183521270752,True
5,409,1784808034.4016724,8,0.020814180374145508,0.0026017725467681885,True
5,410,1784808034.4233844,8,0.024890422821044922,0.0031113028526306152,True
5,411,1784808034.4486117,8,0.02053689956665039,0.002567112445831299,True
5,412,1784808034.4694812,8,0.01890087127685547,0.0023626089096069336,True
5,413,1784808034.4888456,8,0.019776344299316406,0.0024720430374145508,True
5,414,1784808034.5089977,8,0.019434213638305664,0.002429276704788208,True
5,415,1784808034.5303817,8,0.01900196075439453,0.0023752450942993164,True
5,416,1784808034.5496905,8,0.020054340362548828,0.0025067925453186035,True
5,417,1784808034.5702283,8,0.020201444625854492,0.0025251805782318115,True
5,418,1784808034.590894,8,0.02075791358947754,0.0025947391986846924,True
5,419,1784808034.6124406,8,0.02011871337890625,0.0025148391723632812,True
5,420,1784808034.6328845,8,0.020590543746948242,0.0025738179683685303,True
5,421,1784808034.6545334,8,0.019899845123291016,0.002487480640411377,True
5,422,1784808034.675279,8,0.019129276275634766,0.0023911595344543457,True
5,423,1784808034.6948175,8,0.01985955238342285,0.0024824440479278564,True
5,424,1784808034.7152007,8,0.020778656005859375,0.002597332000732422,True
5,425,1784808034.7365978,8,0.01911139488220215,0.0023889243602752686,True
5,426,1784808034.756876,8,0.019665241241455078,0.0024581551551818848,True
5,427,1784808034.7769814,8,0.019859790802001953,0.002482473850250244,True
5,428,1784808034.7976875,8,0.019697904586791992,0.002462238073348999,True
5,429,1784808034.8179927,8,0.019231557846069336,0.002403944730758667,True
5,430,1784808034.8383543,8,0.020149946212768555,0.0025187432765960693,True
5,431,1784808034.859613,8,0.02045464515686035,0.002556830644607544,True
5,432,1784808034.8808239,8,0.020190954208374023,0.002523869276046753,True
5,433,1784808034.9017873,8,0.01981353759765625,0.0024766921997070312,True
5,434,1784808034.9228666,8,0.021054983139038086,0.0026318728923797607,True
5,435,1784808034.944581,8,0.020184040069580078,0.0025230050086975098,True
5,436,1784808034.9654768,8,0.02129340171813965,0.002661675214767456,True
5,437,1784808034.987167,8,0.020871400833129883,0.0026089251041412354,True
5,438,1784808035.0089228,8,0.02074265480041504,0.00259283185005188,True
5,439,1784808035.0300374,8,0.0228574275970459,0.0028571784496307373,True
5,440,1784808035.0535772,8,0.019471168518066406,0.0024338960647583008,True
5,441,1784808035.0735555,8,0.019129037857055664,0.002391129732131958,True
5,442,1784808035.093072,8,0.020204782485961914,0.0025255978107452393,True
5,443,1784808035.1138299,8,0.020235538482666016,0.002529442310333252,True
5,444,1784808035.1346228,8,0.022052764892578125,0.0027565956115722656,True
5,445,1784808035.1569855,8,0.018617630004882812,0.0023272037506103516,True
5,446,1784808035.1759567,8,0.018395423889160156,0.0022994279861450195,True
5,447,1784808035.1946433,8,0.02098369598388672,0.00262296199798584,True
5,448,1784808035.2162185,8,0.020491361618041992,0.002561420202255249,True
5,449,1784808035.2377565,8,0.020293712615966797,0.0025367140769958496,True
5,450,1784808035.2587767,8,0.019329309463500977,0.002416163682937622,True
5,451,1784808035.2787466,8,0.020849943161010742,0.0026062428951263428,True
5,452,1784808035.30004,8,0.021598100662231445,0.0026997625827789307,True
5,453,1784808035.3220503,8,0.018578290939331055,0.002322286367416382,True
5,454,1784808035.342377,8,0.02217411994934082,0.0027717649936676025,True
5,455,1784808035.3648937,8,0.02036881446838379,0.0025461018085479736,True
5,456,1784808035.385761,8,0.01845097541809082,0.0023063719272613525,True
5,457,1784808035.4046206,8,0.018337249755859375,0.002292156219482422,True
5,458,1784808035.4243977,8,0.022958755493164062,0.002869844436645508,True
5,459,1784808035.4482493,8,0.01994013786315918,0.0024925172328948975,True
5,460,1784808035.4686575,8,0.018985986709594727,0.002373248338699341,True
5,461,1784808035.4880476,8,0.019016504287719727,0.002377063035964966,True
5,462,1784808035.5073903,8,0.021734237670898438,0.0027167797088623047,True
5,463,1784808035.5308042,8,0.019029617309570312,0.002378702163696289,True
5,464,1784808035.5502048,8,0.02058267593383789,0.0025728344917297363,True
5,465,1784808035.5721765,8,0.020008087158203125,0.0025010108947753906,True
5,466,1784808035.5926604,8,0.019687175750732422,0.0024608969688415527,True
5,467,1784808035.6132445,8,0.02162647247314453,0.0027033090591430664,True
5,468,1784808035.6357484,8,0.02044534683227539,0.002555668354034424,True
5,469,1784808035.65679,8,0.02011728286743164,0.002514660358428955,True
5,470,1784808035.6773646,8,0.0200650691986084,0.00250813364982605,True
5,471,1784808035.6979477,8,0.017673015594482422,0.0022091269493103027,True
5,472,1784808035.7165685,8,0.02087235450744629,0.002609044313430786,True
5,473,1784808035.7381432,8,0.023350238800048828,0.0029187798500061035,True
5,474,1784808035.7620356,8,0.01977372169494629,0.002471715211868286,True
5,475,1784808035.7828782,8,0.022387981414794922,0.0027984976768493652,True
5,476,1784808035.8067906,8,0.021559953689575195,0.0026949942111968994,True
5,477,1784808035.8291323,8,0.02067422866821289,0.0025842785835266113,True
5,478,1784808035.8503838,8,0.019733428955078125,0.0024666786193847656,True
5,479,1784808035.8706784,8,0.02276015281677246,0.0028450191020965576,True
5,480,1784808035.8941147,8,0.019289255142211914,0.0024111568927764893,True
5,481,1784808035.9140434,8,0.020182132720947266,0.002522766590118408,True
5,482,1784808035.93457,8,0.020778656005859375,0.002597332000732422,True
5,483,1784808035.9558344,8,0.018908977508544922,0.0023636221885681152,True
5,484,1784808035.9765537,8,0.019767284393310547,0.0024709105491638184,True
5,485,1784808035.9967325,8,0.019196033477783203,0.0023995041847229004,True
5,486,1784808036.0163534,8,0.01998138427734375,0.0024976730346679688,True
5,487,1784808036.0368848,8,0.018971920013427734,0.002371490001678467,True
5,488,1784808036.0563471,8,0.021177053451538086,0.0026471316814422607,True
5,489,1784808036.0783207,8,0.0211026668548584,0.0026378333568573,True
5,490,1784808036.099949,8,0.019392967224121094,0.0024241209030151367,True
5,491,1784808036.1201665,8,0.020519495010375977,0.002564936876296997,True
5,492,1784808036.141193,8,0.020353078842163086,0.0025441348552703857,True
5,493,1784808036.1620495,8,0.02133464813232422,0.0026668310165405273,True
5,494,1784808036.183891,8,0.01874256134033203,0.002342820167541504,True
5,495,1784808036.2036457,8,0.019665241241455078,0.0024581551551818848,True
5,496,1784808036.22386,8,0.019228458404541016,0.002403557300567627,True
5,497,1784808036.243607,8,0.01942896842956543,0.0024286210536956787,True
5,498,1784808036.2637377,8,0.017833232879638672,0.002229154109954834,True
5,499,1784808036.2820513,8,0.02138376235961914,0.0026729702949523926,True
5,500,1784808036.304669,8,0.0187685489654541,0.0023460686206817627,True
5,501,1784808036.3237636,8,0.019632816314697266,0.002454102039337158,True
5,502,1784808036.3437123,8,0.021867752075195312,0.002733469009399414,True
5,503,1784808036.3663335,8,0.020364999771118164,0.0025456249713897705,True
5,504,1784808036.387283,8,0.02047133445739746,0.0025589168071746826,True
5,505,1784808036.4082432,8,0.01999664306640625,0.0024995803833007812,True
5,506,1784808036.4287593,8,0.01954197883605957,0.0024427473545074463,True
5,507,1784808036.448908,8,0.020861387252807617,0.002607673406600952,True
5,508,1784808036.4701197,8,0.01916193962097168,0.00239524245262146,True
5,509,1784808036.4896848,8,0.020023584365844727,0.002502948045730591,True
5,510,1784808036.5100806,8,0.020574569702148438,0.0025718212127685547,True
5,511,1784808036.5311875,8,0.01959061622619629,0.002448827028274536,True
5,512,1784808036.551261,8,0.021424293518066406,0.0026780366897583008,True
5,513,1784808036.5740948,8,0.019345521926879883,0.0024181902408599854,True
5,514,1784808036.594667,8,0.01877140998840332,0.002346426248550415,True
5,515,1784808036.6138442,8,0.019807100296020508,0.0024758875370025635,True
5,516,1784808036.6343079,8,0.02010965347290039,0.002513706684112549,True
5,517,1784808036.6553648,8,0.021502971649169922,0.0026878714561462402,True
5,518,1784808036.6776206,8,0.0220487117767334,0.002756088972091675,True
5,519,1784808036.7010603,8,0.018451213836669922,0.0023064017295837402,True
5,520,1784808036.7200813,8,0.019379854202270508,0.0024224817752838135,True
5,521,1784808036.7410374,8,0.016503095626831055,0.002062886953353882,True
5,522,1784808036.7578564,8,0.019212007522583008,0.002401500940322876,True
5,523,1784808036.7773986,8,0.01853632926940918,0.0023170411586761475,True
5,524,1784808036.7962866,8,0.019525527954101562,0.0024406909942626953,True
5,525,1784808036.8165004,8,0.020499229431152344,0.002562403678894043,True
5,526,1784808036.8376062,8,0.019336938858032227,0.0024171173572540283,True
5,527,1784808036.8574011,8,0.021060705184936523,0.0026325881481170654,True
5,528,1784808036.8790512,8,0.021377086639404297,0.002672135829925537,True
5,529,1784808036.9008033,8,0.023369312286376953,0.002921164035797119,True
5,530,1784808036.9248173,8,0.020030975341796875,0.0025038719177246094,True
5,531,1784808036.9460533,8,0.021362781524658203,0.0026703476905822754,True
5,532,1784808036.9678497,8,0.01912975311279297,0.002391219139099121,True
5,533,1784808036.987458,8,0.02302265167236328,0.00287783145904541,True
5,534,1784808037.011368,8,0.017340660095214844,0.0021675825119018555,True
5,535,1784808037.0292442,8,0.0200350284576416,0.0025043785572052,True
5,536,1784808037.0499825,8,0.02087688446044922,0.0026096105575561523,True
5,537,1784808037.0713904,8,0.020704984664916992,0.002588123083114624,True
5,538,1784808037.0930562,8,0.019260168075561523,0.0024075210094451904,True
5,539,1784808037.1127849,8,0.02079916000366211,0.0025998950004577637,True
5,540,1784808037.1343324,8,0.020543575286865234,0.0025679469108581543,True
5,541,1784808037.1571393,8,0.018442153930664062,0.002305269241333008,True
5,542,1784808037.1767836,8,0.023404598236083984,0.002925574779510498,True
5,543,1784808037.2015257,8,0.017479658126831055,0.002184957265853882,True
5,544,1784808037.2195458,8,0.020883798599243164,0.0026104748249053955,True
5,545,1784808037.2409658,8,0.01912975311279297,0.002391219139099121,True
5,546,1784808037.2605932,8,0.021083354949951172,0.0026354193687438965,True
5,547,1784808037.2823095,8,0.020949840545654297,0.002618730068206787,True
5,548,1784808037.3037703,8,0.01932549476623535,0.002415686845779419,True
5,549,1784808037.3243423,8,0.019711017608642578,0.0024638772010803223,True
5,550,1784808037.344488,8,0.020781993865966797,0.0025977492332458496,True
5,551,1784808037.3660862,8,0.020209550857543945,0.002526193857192993,True
5,552,1784808037.3877425,8,0.02183842658996582,0.0027298033237457275,True
5,553,1784808037.4103951,8,0.01976323127746582,0.0024704039096832275,True
5,554,1784808037.430797,8,0.020367860794067383,0.002545982599258423,True
5,555,1784808037.4515717,8,0.02013993263244629,0.002517491579055786,True
5,556,1784808037.4722483,8,0.022637367248535156,0.0028296709060668945,True
5,557,1784808037.4964187,8,0.017578601837158203,0.0021973252296447754,True
5,558,1784808037.5163858,8,0.017888307571411133,0.0022360384464263916,True
5,559,1784808037.5345967,8,0.02000141143798828,0.002500176429748535,True
5,560,1784808037.5550995,8,0.01943492889404297,0.002429366111755371,True
5,561,1784808037.5749547,8,0.023277759552001953,0.002909719944000244,True
5,562,1784808037.5986276,8,0.01988506317138672,0.00248563289642334,True
5,563,1784808037.6189291,8,0.02156209945678711,0.0026952624320983887,True
5,564,1784808037.6410515,8,0.0200502872467041,0.0025062859058380127,True
5,565,1784808037.6615815,8,0.019896984100341797,0.0024871230125427246,True
5,566,1784808037.6818345,8,0.020239830017089844,0.0025299787521362305,True
5,567,1784808037.7024279,8,0.020773649215698242,0.0025967061519622803,True
5,568,1784808037.7235081,8,0.02196979522705078,0.0027462244033813477,True
5,569,1784808037.746183,8,0.02010369300842285,0.0025129616260528564,True
5,570,1784808037.76674,8,0.019262075424194336,0.002407759428024292,True
5,571,1784808037.786503,8,0.020938396453857422,0.0026172995567321777,True
5,572,1784808037.8078525,8,0.023584604263305664,0.002948075532913208,True
5,573,1784808037.8324153,8,0.018842220306396484,0.0023552775382995605,True
5,574,1784808037.8516135,8,0.019907712936401367,0.002488464117050171,True
5,575,1784808037.8719,8,0.021243572235107422,0.0026554465293884277,True
5,576,1784808037.8939698,8,0.02044200897216797,0.002555251121520996,True
5,577,1784808037.9147706,8,0.021338701248168945,0.002667337656021118,True
5,578,1784808037.9367456,8,0.020660877227783203,0.0025826096534729004,True
5,579,1784808037.9583278,8,0.019910335540771484,0.0024887919425964355,True
5,580,1784808037.97904,8,0.02239513397216797,0.002799391746520996,True
5,581,1784808038.001845,8,0.02096271514892578,0.0026203393936157227,True
5,582,1784808038.0232124,8,0.02145981788635254,0.0026824772357940674,True
5,583,1784808038.0461414,8,0.020615816116333008,0.002576977014541626,True
5,584,1784808038.067366,8,0.019374847412109375,0.002421855926513672,True
5,585,1784808038.0871603,8,0.020845890045166016,0.002605736255645752,True
5,586,1784808038.108752,8,0.019769668579101562,0.0024712085723876953,True
5,587,1784808038.1312551,8,0.019164085388183594,0.0023955106735229492,True
5,588,1784808038.150798,8,0.02061748504638672,0.00257718563079834,True
5,589,1784808038.1718125,8,0.02040839195251465,0.002551048994064331,True
5,590,1784808038.1934855,8,0.020677804946899414,0.0025847256183624268,True
5,591,1784808038.214594,8,0.01932501792907715,0.0024156272411346436,True
5,592,1784808038.2344372,8,0.01976490020751953,0.0024706125259399414,True
5,593,1784808038.2551453,8,0.021091938018798828,0.0026364922523498535,True
5,594,1784808038.2766664,8,0.0190579891204834,0.002382248640060425,True
5,595,1784808038.296929,8,0.020558834075927734,0.002569854259490967,True
5,596,1784808038.318292,8,0.020184040069580078,0.0025230050086975098,True
5,597,1784808038.33888,8,0.019156217575073242,0.0023945271968841553,True
5,598,1784808038.3584058,8,0.021109819412231445,0.0026387274265289307,True
5,599,1784808038.3801506,8,0.019021034240722656,0.002377629280090332,True
5,600,1784808038.3998916,8,0.020596027374267578,0.0025745034217834473,True
5,601,1784808038.4212801,8,0.020375728607177734,0.002546966075897217,True
5,602,1784808038.4419527,8,0.02063894271850586,0.0025798678398132324,True
5,603,1784808038.4629529,8,0.020896196365356445,0.0026120245456695557,True
5,604,1784808038.4842198,8,0.020972251892089844,0.0026215314865112305,True
5,605,1784808038.5056474,8,0.018604040145874023,0.002325505018234253,True
5,606,1784808038.5247116,8,0.02059340476989746,0.0025741755962371826,True
5,607,1784808038.5457604,8,0.020505428314208984,0.002563178539276123,True
5,608,1784808038.5666418,8,0.022212505340576172,0.0027765631675720215,True
5,609,1784808038.5893502,8,0.019507408142089844,0.0024384260177612305,True
5,610,1784808038.60931,8,0.01870441436767578,0.0023380517959594727,True
5,611,1784808038.6283486,8,0.02092432975769043,0.0026155412197113037,True
5,612,1784808038.6501887,8,0.02076244354248047,0.0025953054428100586,True
5,613,1784808038.6713262,8,0.019954919815063477,0.0024943649768829346,True
5,614,1784808038.692095,8,0.01964855194091797,0.002456068992614746,True
5,615,1784808038.7122371,8,0.01961994171142578,0.0024524927139282227,True
5,616,1784808038.7324579,8,0.020147323608398438,0.0025184154510498047,True
5,617,1784808038.7530038,8,0.019695520401000977,0.002461940050125122,True
5,618,1784808038.7734077,8,0.019685983657836914,0.0024607479572296143,True
5,619,1784808038.7937367,8,0.020183563232421875,0.0025229454040527344,True
5,620,1784808038.8144941,8,0.021570444107055664,0.002696305513381958,True
5,621,1784808038.8367457,8,0.021878480911254883,0.0027348101139068604,True
5,622,1784808038.8594232,8,0.018213987350463867,0.0022767484188079834,True
5,623,1784808038.878074,8,0.022243738174438477,0.0027804672718048096,True
5,624,1784808038.9007506,8,0.01920628547668457,0.0024007856845855713,True
5,625,1784808038.9203997,8,0.02015995979309082,0.0025199949741363525,True
5,626,1784808038.9416566,8,0.021121978759765625,0.002640247344970703,True
5,627,1784808038.9631824,8,0.02053666114807129,0.002567082643508911,True
5,628,1784808038.9844673,8,0.02033257484436035,0.002541571855545044,True
5,629,1784808039.0051978,8,0.020107746124267578,0.0025134682655334473,True
5,630,1784808039.0267053,8,0.01960921287536621,0.0024511516094207764,True
5,631,1784808039.0486653,8,0.019374608993530273,0.002421826124191284,True
5,632,1784808039.0683854,8,0.021803855895996094,0.0027254819869995117,True
5,633,1784808039.0909479,8,0.020880937576293945,0.002610117197036743,True
5,634,1784808039.1122684,8,0.02095317840576172,0.002619147300720215,True
5,635,1784808039.13361,8,0.018755197525024414,0.0023443996906280518,True
5,636,1784808039.1526601,8,0.020478487014770508,0.0025598108768463135,True
5,637,1784808039.1738183,8,0.020458221435546875,0.0025572776794433594,True
5,638,1784808039.1949296,8,0.02089834213256836,0.002612292766571045,True
5,639,1784808039.2170463,8,0.022444486618041992,0.002805560827255249,True
5,640,1784808039.2399979,8,0.02011251449584961,0.002514064311981201,True
5,641,1784808039.2608917,8,0.019570589065551758,0.0024463236331939697,True
5,642,1784808039.2808552,8,0.018527746200561523,0.0023159682750701904,True
5,643,1784808039.2997139,8,0.01786637306213379,0.0022332966327667236,True
5,644,1784808039.317929,8,0.021936893463134766,0.0027421116828918457,True
5,645,1784808039.3401897,8,0.018502473831176758,0.0023128092288970947,True
5,646,1784808039.3589816,8,0.01897144317626953,0.0023714303970336914,True
5,647,1784808039.3783293,8,0.0204007625579834,0.002550095319747925,True
5,648,1784808039.3990645,8,0.01924872398376465,0.002406090497970581,True
5,649,1784808039.4185977,8,0.021497011184692383,0.002687126398086548,True
5,650,1784808039.440443,8,0.020228147506713867,0.0025285184383392334,True
5,651,1784808039.4612393,8,0.01798725128173828,0.002248406410217285,True
5,652,1784808039.479635,8,0.02158975601196289,0.0026987195014953613,True
5,653,1784808039.501793,8,0.019573688507080078,0.0024467110633850098,True
5,654,1784808039.5220714,8,0.021226882934570312,0.002653360366821289,True
5,655,1784808039.544608,8,0.019937992095947266,0.002492249011993408,True
5,656,1784808039.5648935,8,0.02048969268798828,0.002561211585998535,True
5,657,1784808039.5856783,8,0.018979549407958984,0.002372443675994873,True
5,658,1784808039.605016,8,0.022466421127319336,0.002808302640914917,True
5,659,1784808039.6281664,8,0.019274473190307617,0.002409309148788452,True
5,660,1784808039.6478775,8,0.020767927169799805,0.0025959908962249756,True
5,661,1784808039.6701937,8,0.020385265350341797,0.0025481581687927246,True
5,662,1784808039.6908941,8,0.019798755645751953,0.002474844455718994,True
5,663,1784808039.711981,8,0.019029617309570312,0.002378702163696289,True
5,664,1784808039.7313936,8,0.021255016326904297,0.002656877040863037,True
5,665,1784808039.7529967,8,0.020018815994262695,0.002502351999282837,True
5,666,1784808039.7733157,8,0.020287036895751953,0.002535879611968994,True
5,667,1784808039.7944841,8,0.023493528366088867,0.0029366910457611084,True
5,668,1784808039.8183029,8,0.01765894889831543,0.0022073686122894287,True
5,669,1784808039.836264,8,0.021981239318847656,0.002747654914855957,True
5,670,1784808039.8588886,8,0.020337343215942383,0.002542167901992798,True
5,671,1784808039.879569,8,0.0215604305267334,0.002695053815841675,True
5,672,1784808039.9014814,8,0.019033193588256836,0.0023791491985321045,True
5,673,1784808039.9210064,8,0.02047562599182129,0.002559453248977661,True
5,674,1784808039.9419837,8,0.0194699764251709,0.0024337470531463623,True
5,675,1784808039.962147,8,0.02050614356994629,0.002563267946243286,True
5,676,1784808039.9835508,8,0.019081830978393555,0.0023852288722991943,True
5,677,1784808040.003162,8,0.0199735164642334,0.002496689558029175,True
5,678,1784808040.0235848,8,0.019597530364990234,0.0024496912956237793,True
5,679,1784808040.0438032,8,0.020984172821044922,0.0026230216026306152,True
5,680,1784808040.0656424,8,0.019765853881835938,0.002470731735229492,True
5,681,1784808040.085828,8,0.02085709571838379,0.0026071369647979736,True
5,682,1784808040.1070602,8,0.019364356994628906,0.0024205446243286133,True
5,683,1784808040.127006,8,0.020469188690185547,0.0025586485862731934,True
5,684,1784808040.148604,8,0.021028518676757812,0.0026285648345947266,True
5,685,1784808040.1709356,8,0.02154254913330078,0.0026928186416625977,True
5,686,1784808040.193061,8,0.018352746963500977,0.002294093370437622,True
5,687,1784808040.2118082,8,0.022749662399291992,0.002843707799911499,True
5,688,1784808040.2349892,8,0.01851654052734375,0.0023145675659179688,True
5,689,1784808040.2538073,8,0.01996636390686035,0.002495795488357544,True
5,690,1784808040.2751408,8,0.020738601684570312,0.002592325210571289,True
5,691,1784808040.2962124,8,0.020716190338134766,0.0025895237922668457,True
5,692,1784808040.31753,8,0.020180940628051758,0.0025226175785064697,True
5,693,1784808040.338149,8,0.019869089126586914,0.0024836361408233643,True
5,694,1784808040.3584826,8,0.020437002182006836,0.0025546252727508545,True
5,695,1784808040.3792446,8,0.019139528274536133,0.0023924410343170166,True
5,696,1784808040.398844,8,0.02228522300720215,0.0027856528759002686,True
5,697,1784808040.4214232,8,0.02167201042175293,0.002709001302719116,True
5,698,1784808040.4435072,8,0.018711328506469727,0.002338916063308716,True
5,699,1784808040.4626062,8,0.020653724670410156,0.0025817155838012695,True
5,700,1784808040.4836495,8,0.02090907096862793,0.002613633871078491,True
5,701,1784808040.5060668,8,0.019908666610717773,0.0024885833263397217,True
5,702,1784808040.5263574,8,0.01976323127746582,0.0024704039096832275,True
5,703,1784808040.5465212,8,0.020798683166503906,0.0025998353958129883,True
5,704,1784808040.5676308,8,0.0207672119140625,0.0025959014892578125,True
5,705,1784808040.5892963,8,0.0208587646484375,0.0026073455810546875,True
5,706,1784808040.6108093,8,0.02027440071105957,0.0025343000888824463,True
5,707,1784808040.6315942,8,0.019251585006713867,0.0024064481258392334,True
5,708,1784808040.6514752,8,0.019162893295288086,0.0023953616619110107,True
5,709,1784808040.6710172,8,0.022156953811645508,0.0027696192264556885,True
5,710,1784808040.6938357,8,0.022301912307739258,0.0027877390384674072,True
5,711,1784808040.7164814,8,0.019649982452392578,0.0024562478065490723,True
5,712,1784808040.7367356,8,0.019741296768188477,0.0024676620960235596,True
5,713,1784808040.7567515,8,0.019228696823120117,0.0024035871028900146,True
5,714,1784808040.7764974,8,0.01992177963256836,0.002490222454071045,True
5,715,1784808040.796851,8,0.01931142807006836,0.002413928508758545,True
5,716,1784808040.8177335,8,0.020192384719848633,0.002524048089981079,True
5,717,1784808040.8384395,8,0.023308992385864258,0.0029136240482330322,True
5,718,1784808040.8622143,8,0.021292686462402344,0.002661585807800293,True
5,719,1784808040.88397,8,0.018892765045166016,0.002361595630645752,True
5,720,1784808040.9036443,8,0.020821094512939453,0.0026026368141174316,True
5,721,1784808040.9253545,8,0.020374059677124023,0.002546757459640503,True
5,722,1784808040.9478965,8,0.026755571365356445,0.0033444464206695557,True
5,723,1784808040.975158,8,0.015213489532470703,0.0019016861915588379,True
5,724,1784808040.9917662,8,0.018698453903198242,0.0023373067378997803,True
5,725,1784808041.0119772,8,0.022298097610473633,0.002787262201309204,True
5,726,1784808041.034652,8,0.01901412010192871,0.002376765012741089,True
5,727,1784808041.0548627,8,0.019824504852294922,0.0024780631065368652,True
5,728,1784808041.0750346,8,0.01990509033203125,0.0024881362915039062,True
5,729,1784808041.0952978,8,0.0199434757232666,0.002492934465408325,True
5,730,1784808041.1157184,8,0.021394014358520508,0.0026742517948150635,True
5,731,1784808041.137931,8,0.019317150115966797,0.0024146437644958496,True
5,732,1784808041.1576953,8,0.022650718688964844,0.0028313398361206055,True
5,733,1784808041.1811185,8,0.021416425704956055,0.002677053213119507,True
5,734,1784808041.203496,8,0.018903493881225586,0.0023629367351531982,True
5,735,1784808041.2229352,8,0.02181410789489746,0.0027267634868621826,True
5,736,1784808041.2453158,8,0.020054101943969727,0.002506762742996216,True
5,737,1784808041.266449,8,0.01852893829345703,0.002316117286682129,True
5,738,1784808041.2853632,8,0.022020578384399414,0.0027525722980499268,True
5,739,1784808041.307744,8,0.021252870559692383,0.002656608819961548,True
5,740,1784808041.329758,8,0.020159482955932617,0.002519935369491577,True
5,741,1784808041.3502371,8,0.02013373374938965,0.002516716718673706,True
5,742,1784808041.370797,8,0.019844532012939453,0.0024805665016174316,True
5,743,1784808041.3914018,8,0.020951509475708008,0.002618938684463501,True
5,744,1784808041.4129438,8,0.02042984962463379,0.0025537312030792236,True
5,745,1784808041.4337208,8,0.01958179473876953,0.0024477243423461914,True
5,746,1784808041.45367,8,0.02027726173400879,0.0025346577167510986,True
5,747,1784808041.4743164,8,0.020151853561401367,0.002518981695175171,True
5,748,1784808041.4950008,8,0.0210573673248291,0.0026321709156036377,True
5,749,1784808041.516819,8,0.018868446350097656,0.002358555793762207,True
5,750,1784808041.5369415,8,0.021538496017456055,0.002692312002182007,True
5,751,1784808041.5588188,8,0.019853591918945312,0.002481698989868164,True
5,752,1784808041.5789783,8,0.019850969314575195,0.0024813711643218994,True
5,753,1784808041.599183,8,0.02128005027770996,0.002660006284713745,True
5,754,1784808041.6211731,8,0.019641637802124023,0.002455204725265503,True
5,755,1784808041.6413445,8,0.01843571662902832,0.00230446457862854,True
5,756,1784808041.6607156,8,0.01918935775756836,0.002398669719696045,True
5,757,1784808041.6803408,8,0.021135330200195312,0.002641916275024414,True
5,758,1784808041.7019129,8,0.019711971282958984,0.002463996410369873,True
5,759,1784808041.7219102,8,0.018205881118774414,0.0022757351398468018,True
5,760,1784808041.7404487,8,0.02100515365600586,0.0026256442070007324,True
5,761,1784808041.7623312,8,0.01938915252685547,0.0024236440658569336,True
5,762,1784808041.7822049,8,0.02003026008605957,0.0025037825107574463,True
5,763,1784808041.8026166,8,0.020442485809326172,0.0025553107261657715,True
5,764,1784808041.8237338,8,0.020058155059814453,0.0025072693824768066,True
5,765,1784808041.8446522,8,0.019663572311401367,0.002457946538925171,True
5,766,1784808041.864568,8,0.020539283752441406,0.0025674104690551758,True
5,767,1784808041.8854065,8,0.021979093551635742,0.0027473866939544678,True
5,768,1784808041.908391,8,0.019837141036987305,0.002479642629623413,True
5,769,1784808041.9286838,8,0.020287513732910156,0.0025359392166137695,True
5,770,1784808041.949925,8,0.020639419555664062,0.002579927444458008,True
5,771,1784808041.9710693,8,0.020971059799194336,0.002621382474899292,True
5,772,1784808041.9928534,8,0.020754575729370117,0.0025943219661712646,True
5,773,1784808042.0141346,8,0.019863128662109375,0.002482891082763672,True
5,774,1784808042.034729,8,0.020991086959838867,0.0026238858699798584,True
5,775,1784808042.057408,8,0.019442081451416016,0.002430260181427002,True
5,776,1784808042.0772157,8,0.02011251449584961,0.002514064311981201,True
5,777,1784808042.0976527,8,0.02098250389099121,0.0026228129863739014,True
5,778,1784808042.1215022,8,0.0199277400970459,0.0024909675121307373,True
5,779,1784808042.1418428,8,0.024466514587402344,0.003058314323425293,True
5,780,1784808042.1687477,8,0.020493745803833008,0.002561718225479126,True
5,781,1784808042.190295,8,0.021207332611083984,0.002650916576385498,True
5,782,1784808042.2130408,8,0.01957225799560547,0.0024465322494506836,True
5,783,1784808042.2339172,8,0.020589590072631836,0.0025736987590789795,True
5,784,1784808042.255161,8,0.020572662353515625,0.002571582794189453,True
5,785,1784808042.2762215,8,0.01959371566772461,0.002449214458465576,True
5,786,1784808042.2964618,8,0.02225494384765625,0.0027818679809570312,True
5,787,1784808042.319174,8,0.022209644317626953,0.002776205539703369,True
5,788,1784808042.341725,8,0.019955873489379883,0.0024944841861724854,True
5,789,1784808042.3621757,8,0.01934528350830078,0.0024181604385375977,True
5,790,1784808042.3820934,8,0.022081613540649414,0.0027602016925811768,True
5,791,1784808042.4045753,8,0.020653724670410156,0.0025817155838012695,True
5,792,1784808042.425722,8,0.01905035972595215,0.0023812949657440186,True
5,793,1784808042.445052,8,0.020070314407348633,0.002508789300918579,True
5,794,1784808042.465701,8,0.020792245864868164,0.0025990307331085205,True
5,795,1784808042.486968,8,0.02155137062072754,0.0026939213275909424,True
5,796,1784808042.508868,8,0.020763874053955078,0.0025954842567443848,True
5,797,1784808042.5300162,8,0.019306659698486328,0.002413332462310791,True
5,798,1784808042.5496228,8,0.021135807037353516,0.0026419758796691895,True
5,799,1784808042.5712976,8,0.021384239196777344,0.002673029899597168,True
5,800,1784808042.5930872,8,0.020824909210205078,0.0026031136512756348,True
5,801,1784808042.6144786,8,0.020229816436767578,0.0025287270545959473,True
5,802,1784808042.6354449,8,0.019846200942993164,0.0024807751178741455,True
5,803,1784808042.6559527,8,0.02065253257751465,0.002581566572189331,True
5,804,1784808042.676948,8,0.02196192741394043,0.0027452409267425537,True
5,805,1784808042.699238,8,0.0193328857421875,0.0024166107177734375,True
5,806,1784808042.7189488,8,0.02104353904724121,0.0026304423809051514,True
5,807,1784808042.740491,8,0.02217841148376465,0.002772301435470581,True
5,808,1784808042.7629588,8,0.018395662307739258,0.0022994577884674072,True
5,809,1784808042.7817037,8,0.019785165786743164,0.0024731457233428955,True
5,810,1784808042.8017876,8,0.021747589111328125,0.0027184486389160156,True
5,811,1784808042.8241858,8,0.020314931869506836,0.0025393664836883545,True
5,812,1784808042.8448386,8,0.020977258682250977,0.002622157335281372,True
5,813,1784808042.8661697,8,0.018239736557006836,0.0022799670696258545,True
5,814,1784808042.8852313,8,0.022236108779907227,0.0027795135974884033,True
5,815,1784808042.9094276,8,0.017102956771850586,0.0021378695964813232,True
5,816,1784808042.9268527,8,0.01934337615966797,0.002417922019958496,True
5,817,1784808042.9466798,8,0.020720243453979492,0.0025900304317474365,True
5,818,1784808042.9677665,8,0.02112889289855957,0.0026411116123199463,True
5,819,1784808042.9911203,8,0.020302534103393555,0.0025378167629241943,True
5,820,1784808043.0120206,8,0.019711732864379883,0.0024639666080474854,True
5,821,1784808043.0326817,8,0.02165508270263672,0.00270688533782959,True
5,822,1784808043.0550656,8,0.018000125885009766,0.0022500157356262207,True
5,823,1784808043.073509,8,0.02032613754272461,0.002540767192840576,True
5,824,1784808043.0943575,8,0.02100229263305664,0.00262528657913208,True
5,825,1784808043.1161003,8,0.019600391387939453,0.0024500489234924316,True
5,826,1784808043.1363919,8,0.021092891693115234,0.0026366114616394043,True
5,827,1784808043.1587439,8,0.019139528274536133,0.0023924410343170166,True
5,828,1784808043.1783671,8,0.021016359329223633,0.002627044916152954,True
5,829,1784808043.1998258,8,0.019724369049072266,0.002465546131134033,True
5,830,1784808043.2199273,8,0.021657943725585938,0.002707242965698242,True
5,831,1784808043.2422254,8,0.02037787437438965,0.002547234296798706,True
5,832,1784808043.2630188,8,0.02021169662475586,0.0025264620780944824,True
5,833,1784808043.2836134,8,0.018970966339111328,0.002371370792388916,True
5,834,1784808043.3036528,8,0.021809101104736328,0.002726137638092041,True
5,835,1784808043.3260942,8,0.02345561981201172,0.002931952476501465,True
5,836,1784808043.3500984,8,0.019700288772583008,0.002462536096572876,True
5,837,1784808043.3703873,8,0.02113175392150879,0.0026414692401885986,True
5,838,1784808043.39186,8,0.022876739501953125,0.0028595924377441406,True
5,839,1784808043.4150457,8,0.020438671112060547,0.0025548338890075684,True
5,840,1784808043.4357502,8,0.01949906349182129,0.002437382936477661,True
5,841,1784808043.4555304,8,0.021738529205322266,0.002717316150665283,True
5,842,1784808043.4780486,8,0.020060062408447266,0.002507507801055908,True
5,843,1784808043.4986668,8,0.01902294158935547,0.0023778676986694336,True
5,844,1784808043.5182228,8,0.021127700805664062,0.002640962600708008,True
5,845,1784808043.539781,8,0.020566701889038086,0.0025708377361297607,True
5,846,1784808043.560846,8,0.019250154495239258,0.0024062693119049072,True
5,847,1784808043.5808544,8,0.018831968307495117,0.0023539960384368896,True
5,848,1784808043.6001682,8,0.020022153854370117,0.0025027692317962646,True
5,849,1784808043.62053,8,0.01973414421081543,0.0024667680263519287,True
5,850,1784808043.6405673,8,0.021609783172607422,0.0027012228965759277,True
5,851,1784808043.6630092,8,0.0209808349609375,0.0026226043701171875,True
5,852,1784808043.6848693,8,0.02071094512939453,0.0025888681411743164,True
5,853,1784808043.7064834,8,0.019188642501831055,0.002398580312728882,True
5,854,1784808043.7260785,8,0.020057201385498047,0.002507150173187256,True
5,855,1784808043.746603,8,0.01869821548461914,0.0023372769355773926,True
5,856,1784808043.7655938,8,0.01989150047302246,0.0024864375591278076,True
5,857,1784808043.7861106,8,0.01862049102783203,0.002327561378479004,True
5,858,1784808043.805252,8,0.01930093765258789,0.0024126172065734863,True
5,859,1784808043.8248565,8,0.019916057586669922,0.0024895071983337402,True
5,860,1784808043.846584,8,0.015588521957397461,0.0019485652446746826,True
5,861,1784808043.86244,8,0.020254850387573242,0.0025318562984466553,True
5,862,1784808043.8833218,8,0.019738435745239258,0.0024673044681549072,True
5,863,1784808043.9034941,8,0.019313573837280273,0.002414196729660034,True
5,864,1784808043.9231007,8,0.01859736442565918,0.0023246705532073975,True
5,865,1784808043.9421377,8,0.022321701049804688,0.002790212631225586,True
5,866,1784808043.9651666,8,0.0180971622467041,0.0022621452808380127,True
5,867,1784808043.9841383,8,0.018922805786132812,0.0023653507232666016,True
5,868,1784808044.0034175,8,0.020623445510864258,0.0025779306888580322,True
5,869,1784808044.024389,8,0.02050161361694336,0.00256270170211792,True
5,870,1784808044.0452182,8,0.0218503475189209,0.0027312934398651123,True
5,871,1784808044.067537,8,0.019240379333496094,0.0024050474166870117,True
5,872,1784808044.0870786,8,0.019049882888793945,0.002381235361099243,True
5,873,1784808044.1064234,8,0.020442724227905273,0.002555340528488159,True
5,874,1784808044.127219,8,0.020739316940307617,0.002592414617538452,True
5,875,1784808044.1485589,8,0.020986318588256836,0.0026232898235321045,True
5,876,1784808044.1699526,8,0.021372079849243164,0.0026715099811553955,True
5,877,1784808044.191757,8,0.019557714462280273,0.002444714307785034,True
5,878,1784808044.2120357,8,0.019845962524414062,0.002480745315551758,True
5,879,1784808044.2325876,8,0.019382715225219727,0.002422839403152466,True
5,880,1784808044.2523525,8,0.021114826202392578,0.0026393532752990723,True
5,881,1784808044.274288,8,0.018387317657470703,0.002298414707183838,True
5,882,1784808044.2931178,8,0.021418094635009766,0.0026772618293762207,True
5,883,1784808044.3148582,8,0.01993107795715332,0.002491384744644165,True
5,884,1784808044.3353686,8,0.020318269729614258,0.0025397837162017822,True
5,885,1784808044.3562777,8,0.02040886878967285,0.0025511085987091064,True
5,886,1784808044.3776014,8,0.020021915435791016,0.002502739429473877,True
5,887,1784808044.3979762,8,0.019301652908325195,0.0024127066135406494,True
5,888,1784808044.4176486,8,0.020414352416992188,0.0025517940521240234,True
5,889,1784808044.4383578,8,0.019595861434936523,0.0024494826793670654,True
5,890,1784808044.4582818,8,0.02005314826965332,0.002506643533706665,True
5,891,1784808044.478674,8,0.020517349243164062,0.002564668655395508,True
5,892,1784808044.4998493,8,0.020044326782226562,0.0025055408477783203,True
5,893,1784808044.520709,8,0.02231001853942871,0.002788752317428589,True
5,894,1784808044.5439372,8,0.02337932586669922,0.0029224157333374023,True
5,895,1784808044.5678463,8,0.020036697387695312,0.002504587173461914,True
5,896,1784808044.588398,8,0.020277976989746094,0.0025347471237182617,True
5,897,1784808044.609158,8,0.01931142807006836,0.002413928508758545,True
5,898,1784808044.629366,8,0.01997542381286621,0.0024969279766082764,True
5,899,1784808044.6498113,8,0.02067112922668457,0.0025838911533355713,True
5,900,1784808044.6708202,8,0.022689342498779297,0.002836167812347412,True
5,901,1784808044.693803,8,0.019982099533081055,0.002497762441635132,True
5,902,1784808044.714203,8,0.020565271377563477,0.0025706589221954346,True
5,903,1784808044.7351742,8,0.018257617950439453,0.0022822022438049316,True
5,904,1784808044.7542298,8,0.020118236541748047,0.002514779567718506,True
5,905,1784808044.774743,8,0.01991724967956543,0.0024896562099456787,True
5,906,1784808044.7954512,8,0.02352619171142578,0.0029407739639282227,True
5,907,1784808044.819266,8,0.018932819366455078,0.0023666024208068848,True
5,908,1784808044.8384805,8,0.019947290420532227,0.0024934113025665283,True
5,909,1784808044.8587492,8,0.019889116287231445,0.0024861395359039307,True
5,910,1784808044.8790615,8,0.019628524780273438,0.0024535655975341797,True
5,911,1784808044.8990352,8,0.020008087158203125,0.0025010108947753906,True
5,912,1784808044.9193354,8,0.020610570907592773,0.0025763213634490967,True
5,913,1784808044.9405222,8,0.018477678298950195,0.0023097097873687744,True
5,914,1784808044.9593575,8,0.020912885665893555,0.0026141107082366943,True
5,915,1784808044.9817638,8,0.020145416259765625,0.002518177032470703,True
5,916,1784808045.002325,8,0.02013540267944336,0.00251692533493042,True
5,917,1784808045.0241935,8,0.01877903938293457,0.0023473799228668213,True
5,918,1784808045.0435307,8,0.020145893096923828,0.0025182366371154785,True
5,919,1784808045.0650134,8,0.020685434341430664,0.002585679292678833,True
5,920,1784808045.086158,8,0.019442319869995117,0.0024302899837493896,True
5,921,1784808045.1061168,8,0.022171735763549805,0.0027714669704437256,True
5,922,1784808045.1291995,8,0.025554656982421875,0.0031943321228027344,True
5,923,1784808045.1553917,8,0.01999807357788086,0.0024997591972351074,True
5,924,1784808045.175792,8,0.020812511444091797,0.0026015639305114746,True
5,925,1784808045.197885,8,0.01779460906982422,0.0022243261337280273,True
5,926,1784808045.216456,8,0.026072978973388672,0.003259122371673584,True
5,927,1784808045.2433739,8,0.019641399383544922,0.0024551749229431152,True
5,928,1784808045.2639945,8,0.01854991912841797,0.002318739891052246,True
5,929,1784808045.283008,8,0.021073579788208008,0.002634197473526001,True
5,930,1784808045.3045158,8,0.019664287567138672,0.002458035945892334,True
5,931,1784808045.3248696,8,0.021387577056884766,0.0026734471321105957,True
5,932,1784808045.3470075,8,0.02087712287902832,0.00260964035987854,True
5,933,1784808045.3682768,8,0.0201566219329834,0.002519577741622925,True
5,934,1784808045.3889592,8,0.019964218139648438,0.0024955272674560547,True
5,935,1784808045.4094195,8,0.01978921890258789,0.0024736523628234863,True
5,936,1784808045.4299185,8,0.021059036254882812,0.0026323795318603516,True
5,937,1784808045.4513092,8,0.02132415771484375,0.0026655197143554688,True
5,938,1784808045.4735157,8,0.019260644912719727,0.002407580614089966,True
5,939,1784808045.49327,8,0.021460533142089844,0.0026825666427612305,True
5,940,1784808045.5150704,8,0.02115035057067871,0.002643793821334839,True
5,941,1784808045.5365405,8,0.019266128540039062,0.002408266067504883,True
5,942,1784808045.5563436,8,0.020252466201782227,0.0025315582752227783,True
5,943,1784808045.577926,8,0.018901586532592773,0.0023626983165740967,True
5,944,1784808045.597324,8,0.019818544387817383,0.002477318048477173,True
5,945,1784808045.6174674,8,0.02231764793395996,0.002789705991744995,True
5,946,1784808045.6402898,8,0.021515607833862305,0.002689450979232788,True
5,947,1784808045.6624794,8,0.01941657066345215,0.0024270713329315186,True
5,948,1784808045.6825361,8,0.01919388771057129,0.002399235963821411,True
5,949,1784808045.702168,8,0.019285917282104492,0.0024107396602630615,True
5,950,1784808045.7217562,8,0.019752025604248047,0.002469003200531006,True
5,951,1784808045.7423553,8,0.02274918556213379,0.0028436481952667236,True
5,952,1784808045.7654467,8,0.01891350746154785,0.0023641884326934814,True
5,953,1784808045.7846344,8,0.020633220672607422,0.0025791525840759277,True
5,954,1784808045.8057473,8,0.01944136619567871,0.002430170774459839,True
5,955,1784808045.825472,8,0.020316123962402344,0.002539515495300293,True
5,956,1784808045.8473027,8,0.019569873809814453,0.0024462342262268066,True
5,957,1784808045.8674173,8,0.017479419708251953,0.002184927463531494,True
5,958,1784808045.8853204,8,0.02007293701171875,0.0025091171264648438,True
5,959,1784808045.9057944,8,0.021392345428466797,0.0026740431785583496,True
5,960,1784808045.9282098,8,0.02158045768737793,0.002697557210922241,True
5,961,1784808045.9502118,8,0.01997542381286621,0.0024969279766082764,True
5,962,1784808045.9705036,8,0.019553661346435547,0.0024442076683044434,True
5,963,1784808045.9906797,8,0.020533084869384766,0.0025666356086730957,True
5,964,1784808046.0117123,8,0.018827438354492188,0.0023534297943115234,True
5,965,1784808046.0310657,8,0.020542621612548828,0.0025678277015686035,True
5,966,1784808046.0520356,8,0.019721269607543945,0.002465158700942993,True
5,967,1784808046.072194,8,0.019538164138793945,0.002442270517349243,True
5,968,1784808046.0921524,8,0.01963353157043457,0.0024541914463043213,True
5,969,1784808046.1121552,8,0.01878952980041504,0.00234869122505188,True
5,970,1784808046.131333,8,0.01950526237487793,0.002438157796859741,True
5,971,1784808046.1512415,8,0.019463539123535156,0.0024329423904418945,True
5,972,1784808046.1710596,8,0.01942586898803711,0.0024282336235046387,True
5,973,1784808046.1907976,8,0.019647836685180664,0.002455979585647583,True
5,974,1784808046.2107284,8,0.021470069885253906,0.0026837587356567383,True
5,975,1784808046.2326763,8,0.01765298843383789,0.0022066235542297363,True
5,976,1784808046.2514837,8,0.01945042610168457,0.0024313032627105713,True
5,977,1784808046.2715573,8,0.018444299697875977,0.002305537462234497,True
5,978,1784808046.2903423,8,0.01978158950805664,0.00247269868850708,True
5,979,1784808046.3104587,8,0.019737720489501953,0.002467215061187744,True
5,980,1784808046.3307812,8,0.02054286003112793,0.002567857503890991,True
5,981,1784808046.3518772,8,0.01956796646118164,0.002445995807647705,True
5,982,1784808046.371774,8,0.021455049514770508,0.0026818811893463135,True
5,983,1784808046.3935022,8,0.02111053466796875,0.0026388168334960938,True
5,984,1784808046.414938,8,0.019712209701538086,0.0024640262126922607,True
5,985,1784808046.4349804,8,0.019687652587890625,0.002460956573486328,True
5,986,1784808046.4552653,8,0.019481420516967773,0.0024351775646209717,True
5,987,1784808046.4751365,8,0.01882767677307129,0.002353459596633911,True
5,988,1784808046.4942932,8,0.02195572853088379,0.0027444660663604736,True
5,989,1784808046.5167015,8,0.01874399185180664,0.00234299898147583,True
5,990,1784808046.5360835,8,0.01931452751159668,0.002414315938949585,True
5,991,1784808046.5556943,8,0.01980757713317871,0.002475947141647339,True
5,992,1784808046.575994,8,0.020165443420410156,0.0025206804275512695,True
5,993,1784808046.5965192,8,0.020000219345092773,0.0025000274181365967,True
5,994,1784808046.6172144,8,0.0200192928314209,0.0025024116039276123,True
5,995,1784808046.637497,8,0.020458221435546875,0.0025572776794433594,True
5,996,1784808046.658396,8,0.021607637405395508,0.0027009546756744385,True
5,997,1784808046.680556,8,0.01822066307067871,0.002277582883834839,True
5,998,1784808046.6993346,8,0.02163386344909668,0.002704232931137085,True
5,999,1784808046.7214048,8,0.02003169059753418,0.0025039613246917725,True
5,1000,1784808046.7418058,8,0.02329397201538086,0.0029117465019226074,True
5,1001,1784808046.7654238,8,0.018526315689086914,0.0023157894611358643,True
5,1002,1784808046.7852373,8,0.019869565963745117,0.0024836957454681396,True
5,1003,1784808046.805481,8,0.01957392692565918,0.0024467408657073975,True
5,1004,1784808046.825485,8,0.019834518432617188,0.0024793148040771484,True
5,1005,1784808046.8458388,8,0.02101445198059082,0.0026268064975738525,True
5,1006,1784808046.868042,8,0.019301652908325195,0.0024127066135406494,True
5,1007,1784808046.887788,8,0.021088838577270508,0.0026361048221588135,True
5,1008,1784808046.9095678,8,0.022968530654907227,0.0028710663318634033,True
5,1009,1784808046.9331155,8,0.022392749786376953,0.002799093723297119,True
5,1010,1784808046.9561832,8,0.01863694190979004,0.002329617738723755,True
5,1011,1784808046.9758632,8,0.02123856544494629,0.002654820680618286,True
5,1012,1784808046.9974046,8,0.0204465389251709,0.0025558173656463623,True
5,1013,1784808047.0183125,8,0.021602153778076172,0.0027002692222595215,True
5,1014,1784808047.0404599,8,0.02050042152404785,0.0025625526905059814,True
5,1015,1784808047.061846,8,0.02034759521484375,0.0025434494018554688,True
5,1016,1784808047.0825338,8,0.02002096176147461,0.002502620220184326,True
5,1017,1784808047.1028311,8,0.018585681915283203,0.0023232102394104004,True
5,1018,1784808047.1218908,8,0.022410869598388672,0.002801358699798584,True
5,1019,1784808047.1449661,8,0.020735979080200195,0.0025919973850250244,True
5,1020,1784808047.1665552,8,0.018706560134887695,0.002338320016860962,True
5,1021,1784808047.1856723,8,0.020406007766723633,0.002550750970840454,True
5,1022,1784808047.2064674,8,0.020209312438964844,0.0025261640548706055,True
5,1023,1784808047.2271204,8,0.019604921340942383,0.002450615167617798,True
5,1024,1784808047.2474258,8,0.020737171173095703,0.002592146396636963,True
5,1025,1784808047.2692778,8,0.02101278305053711,0.0026265978813171387,True
5,1026,1784808047.2906067,8,0.01851820945739746,0.0023147761821746826,True
5,1027,1784808047.309677,8,0.02028632164001465,0.002535790205001831,True
5,1028,1784808047.3303175,8,0.021068334579467773,0.0026335418224334717,True
5,1029,1784808047.3518715,8,0.021053075790405273,0.002631634473800659,True
5,1030,1784808047.3737361,8,0.020914554595947266,0.002614319324493408,True
5,1031,1784808047.3952987,8,0.021210432052612305,0.002651304006576538,True
5,1032,1784808047.4180388,8,0.020508289337158203,0.0025635361671447754,True
5,1033,1784808047.4389164,8,0.019421815872192383,0.002427726984024048,True
5,1034,1784808047.4587963,8,0.019213199615478516,0.0024016499519348145,True
5,1035,1784808047.4784274,8,0.01892232894897461,0.002365291118621826,True
5,1036,1784808047.4977493,8,0.02164435386657715,0.0027055442333221436,True
5,1037,1784808047.5199704,8,0.021514177322387695,0.002689272165298462,True
5,1038,1784808047.5418577,8,0.023075342178344727,0.002884417772293091,True
5,1039,1784808047.5656598,8,0.021083593368530273,0.002635449171066284,True
5,1040,1784808047.5872078,8,0.019782304763793945,0.002472788095474243,True
5,1041,1784808047.607819,8,0.019916057586669922,0.0024895071983337402,True
5,1042,1784808047.6284046,8,0.01846599578857422,0.0023082494735717773,True
5,1043,1784808047.6472707,8,0.020485639572143555,0.0025607049465179443,True
5,1044,1784808047.6681538,8,0.023302793502807617,0.002912849187850952,True
5,1045,1784808047.6921477,8,0.01863718032836914,0.0023296475410461426,True
5,1046,1784808047.7112164,8,0.019297122955322266,0.002412140369415283,True
5,1047,1784808047.7309053,8,0.01906132698059082,0.0023826658725738525,True
5,1048,1784808047.7503786,8,0.018903493881225586,0.0023629367351531982,True
5,1049,1784808047.76986,8,0.0198516845703125,0.0024814605712890625,True
5,1050,1784808047.790319,8,0.0194399356842041,0.0024299919605255127,True
5,1051,1784808047.8101418,8,0.022289037704467773,0.0027861297130584717,True
5,1052,1784808047.8347213,8,0.019101619720458984,0.002387702465057373,True
5,1053,1784808047.8551984,8,0.018676280975341797,0.0023345351219177246,True
5,1054,1784808047.8743732,8,0.018982410430908203,0.0023728013038635254,True
5,1055,1784808047.8939211,8,0.020897865295410156,0.0026122331619262695,True
5,1056,1784808047.9156203,8,0.019026517868041992,0.002378314733505249,True
5,1057,1784808047.9351826,8,0.01999187469482422,0.0024989843368530273,True
5,1058,1784808047.9555242,8,0.019110441207885742,0.0023888051509857178,True
5,1059,1784808047.9750013,8,0.019434213638305664,0.002429276704788208,True
5,1060,1784808047.994918,8,0.02131938934326172,0.002664923667907715,True
5,1061,1784808048.0165222,8,0.01865839958190918,0.0023322999477386475,True
5,1062,1784808048.0356567,8,0.02293109893798828,0.002866387367248535,True
5,1063,1784808048.0590632,8,0.018723726272583008,0.002340465784072876,True
5,1064,1784808048.0781753,8,0.020152568817138672,0.002519071102142334,True
5,1065,1784808048.0986633,8,0.020199298858642578,0.0025249123573303223,True
5,1066,1784808048.1193297,8,0.021566390991210938,0.002695798873901367,True
5,1067,1784808048.1413054,8,0.021708011627197266,0.002713501453399658,True
5,1068,1784808048.164517,8,0.020230770111083984,0.002528846263885498,True
5,1069,1784808048.1850789,8,0.022365570068359375,0.002795696258544922,True
5,1070,1784808048.2077289,8,0.01747441291809082,0.0021843016147613525,True
5,1071,1784808048.2254922,8,0.018919944763183594,0.0023649930953979492,True
5,1072,1784808048.24489,8,0.019883394241333008,0.002485424280166626,True
5,1073,1784808048.2651618,8,0.020647287368774414,0.0025809109210968018,True
5,1074,1784808048.2870562,8,0.01888585090637207,0.002360731363296509,True
5,1075,1784808048.3063226,8,0.021494388580322266,0.002686798572540283,True
5,1076,1784808048.3281949,8,0.019737720489501953,0.002467215061187744,True
5,1077,1784808048.3483858,8,0.019162654876708984,0.002395331859588623,True
5,1078,1784808048.3678863,8,0.021045207977294922,0.0026306509971618652,True
5,1079,1784808048.3892953,8,0.021982908248901367,0.002747863531112671,True
5,1080,1784808048.4120464,8,0.02155160903930664,0.00269395112991333,True
5,1081,1784808048.4338956,8,0.020209789276123047,0.002526223659515381,True
5,1082,1784808048.4544926,8,0.018485307693481445,0.0023106634616851807,True
5,1083,1784808048.474615,8,0.020346879959106445,0.0025433599948883057,True
5,1084,1784808048.4953494,8,0.022723674774169922,0.0028404593467712402,True
5,1085,1784808048.5184147,8,0.021205425262451172,0.0026506781578063965,True
5,1086,1784808048.540012,8,0.019263029098510742,0.0024078786373138428,True
5,1087,1784808048.559575,8,0.020528316497802734,0.002566039562225342,True
5,1088,1784808048.5804152,8,0.019549131393432617,0.002443641424179077,True
5,1089,1784808048.6002057,8,0.020102739334106445,0.0025128424167633057,True
5,1090,1784808048.6206331,8,0.01962733268737793,0.002453416585922241,True
5,1091,1784808048.641014,8,0.020090341567993164,0.0025112926959991455,True
5,1092,1784808048.661463,8,0.019342422485351562,0.0024178028106689453,True
5,1093,1784808048.6812022,8,0.02032470703125,0.00254058837890625,True
5,1094,1784808048.7019136,8,0.018890857696533203,0.0023613572120666504,True
5,1095,1784808048.7211084,8,0.01986408233642578,0.0024830102920532227,True
5,1096,1784808048.7414134,8,0.01984262466430664,0.00248032808303833,True
5,1097,1784808048.7615793,8,0.022984981536865234,0.0028731226921081543,True
5,1098,1784808048.784967,8,0.0186154842376709,0.0023269355297088623,True
5,1099,1784808048.8039436,8,0.01823282241821289,0.0022791028022766113,True
5,1100,1784808048.822499,8,0.020216941833496094,0.0025271177291870117,True
5,1101,1784808048.8429735,8,0.02005767822265625,0.0025072097778320312,True
5,1102,1784808048.86328,8,0.021867036819458008,0.002733379602432251,True
5,1103,1784808048.8855588,8,0.01968860626220703,0.002461075782775879,True
5,1104,1784808048.9056277,8,0.01923656463623047,0.0024045705795288086,True
5,1105,1784808048.9251885,8,0.020223140716552734,0.002527892589569092,True
5,1106,1784808048.9457214,8,0.019284963607788086,0.0024106204509735107,True
5,1107,1784808048.965987,8,0.0203397274017334,0.002542465925216675,True
5,1108,1784808048.9866567,8,0.0200498104095459,0.0025062263011932373,True
5,1109,1784808049.0071292,8,0.0195615291595459,0.0024451911449432373,True
5,1110,1784808049.02709,8,0.0192410945892334,0.002405136823654175,True
5,1111,1784808049.046718,8,0.020511865615844727,0.002563983201980591,True
5,1112,1784808049.067551,8,0.01806354522705078,0.0022579431533813477,True
5,1113,1784808049.0859518,8,0.01975083351135254,0.0024688541889190674,True
5,1114,1784808049.1061227,8,0.020578861236572266,0.002572357654571533,True
5,1115,1784808049.1269522,8,0.019923686981201172,0.0024904608726501465,True
5,1116,1784808049.1471848,8,0.019387483596801758,0.0024234354496002197,True
5,1117,1784808049.1669624,8,0.020092010498046875,0.0025115013122558594,True
5,1118,1784808049.1874275,8,0.02129387855529785,0.0026617348194122314,True
5,1119,1784808049.2090936,8,0.020579099655151367,0.002572387456893921,True
5,1120,1784808049.229988,8,0.019320249557495117,0.0024150311946868896,True
5,1121,1784808049.2498486,8,0.02025151252746582,0.0025314390659332275,True
5,1122,1784808049.270355,8,0.01927971839904785,0.0024099647998809814,True
5,1123,1784808049.290073,8,0.020112276077270508,0.0025140345096588135,True
5,1124,1784808049.3105125,8,0.01902174949645996,0.002377718687057495,True
5,1125,1784808049.329948,8,0.020208358764648438,0.0025260448455810547,True
5,1126,1784808049.3505425,8,0.01943039894104004,0.002428799867630005,True
5,1127,1784808049.3702612,8,0.021997451782226562,0.0027496814727783203,True
5,1128,1784808049.3926258,8,0.022686481475830078,0.0028358101844787598,True
5,1129,1784808049.4157562,8,0.020186901092529297,0.002523362636566162,True
5,1130,1784808049.4362888,8,0.02007460594177246,0.0025093257427215576,True
5,1131,1784808049.456639,8,0.019489765167236328,0.002436220645904541,True
5,1132,1784808049.47649,8,0.020180463790893555,0.0025225579738616943,True
5,1133,1784808049.496938,8,0.02005457878112793,0.002506822347640991,True
5,1134,1784808049.5174124,8,0.019953012466430664,0.002494126558303833,True
5,1135,1784808049.5378478,8,0.02047872543334961,0.002559840679168701,True
5,1136,1784808049.5586867,8,0.020601272583007812,0.0025751590728759766,True
5,1137,1784808049.5797899,8,0.01970958709716797,0.002463698387145996,True
5,1138,1784808049.6007,8,0.021874189376831055,0.002734273672103882,True
5,1139,1784808049.622912,8,0.020991802215576172,0.0026239752769470215,True
5,1140,1784808049.644279,8,0.020387887954711914,0.0025484859943389893,True
5,1141,1784808049.6650167,8,0.021373987197875977,0.002671748399734497,True
5,1142,1784808049.686953,8,0.02062845230102539,0.002578556537628174,True
5,1143,1784808049.707917,8,0.020221233367919922,0.0025276541709899902,True
5,1144,1784808049.7285597,8,0.019924402236938477,0.0024905502796173096,True
5,1145,1784808049.74887,8,0.019171714782714844,0.0023964643478393555,True
5,1146,1784808049.7684205,8,0.01902484893798828,0.002378106117248535,True
5,1147,1784808049.7878432,8,0.01995539665222168,0.00249442458152771,True
5,1148,1784808049.8084276,8,0.018228769302368164,0.0022785961627960205,True
5,1149,1784808049.8274941,8,0.019378185272216797,0.0024222731590270996,True
5,1150,1784808049.8472853,8,0.019582271575927734,0.002447783946990967,True
5,1151,1784808049.8673499,8,0.020495176315307617,0.002561897039413452,True
5,1152,1784808049.8881748,8,0.019254207611083984,0.002406775951385498,True
5,1153,1784808049.9077618,8,0.020153284072875977,0.002519160509109497,True
5,1154,1784808049.9282303,8,0.019177675247192383,0.002397209405899048,True
5,1155,1784808049.947647,8,0.02114701271057129,0.002643376588821411,True
5,1156,1784808049.9690602,8,0.019838571548461914,0.0024798214435577393,True
5,1157,1784808049.989226,8,0.0189361572265625,0.0023670196533203125,True
5,1158,1784808050.0086303,8,0.019040822982788086,0.0023801028728485107,True
5,1159,1784808050.0280633,8,0.01951885223388672,0.00243985652923584,True
5,1160,1784808050.0480978,8,0.020623207092285156,0.0025779008865356445,True
5,1161,1784808050.0691466,8,0.020872116088867188,0.0026090145111083984,True
5,1162,1784808050.0902905,8,0.020879030227661133,0.0026098787784576416,True
5,1163,1784808050.1115773,8,0.018944978713989258,0.0023681223392486572,True
5,1164,1784808050.1308146,8,0.019341707229614258,0.0024177134037017822,True
5,1165,1784808050.1504087,8,0.02116870880126953,0.0026460886001586914,True
5,1166,1784808050.1719463,8,0.01931142807006836,0.002413928508758545,True
5,1167,1784808050.1916094,8,0.019699811935424805,0.0024624764919281006,True
5,1168,1784808050.212113,8,0.020342111587524414,0.0025427639484405518,True
5,1169,1784808050.232821,8,0.018527984619140625,0.002315998077392578,True
5,1170,1784808050.2516406,8,0.02041912078857422,0.0025523900985717773,True
5,1171,1784808050.272389,8,0.019503116607666016,0.002437889575958252,True
5,1172,1784808050.2922845,8,0.019283294677734375,0.002410411834716797,True
5,1173,1784808050.3118312,8,0.019988536834716797,0.0024985671043395996,True
5,1174,1784808050.332093,8,0.018979310989379883,0.0023724138736724854,True
5,1175,1784808050.3513854,8,0.019969463348388672,0.002496182918548584,True
5,1176,1784808050.371658,8,0.01922893524169922,0.0024036169052124023,True
5,1177,1784808050.3912358,8,0.01819753646850586,0.0022746920585632324,True
5,1178,1784808050.4099498,8,0.020336627960205078,0.0025420784950256348,True
5,1179,1784808050.430585,8,0.021790742874145508,0.0027238428592681885,True
5,1180,1784808050.4533894,8,0.020000219345092773,0.0025000274181365967,True
5,1181,1784808050.4736843,8,0.020268917083740234,0.0025336146354675293,True
5,1182,1784808050.4943173,8,0.02167201042175293,0.002709001302719116,True
5,1183,1784808050.5163293,8,0.020864009857177734,0.002608001232147217,True
5,1184,1784808050.5376096,8,0.01895880699157715,0.0023698508739471436,True
5,1185,1784808050.556934,8,0.019901514053344727,0.002487689256668091,True
5,1186,1784808050.577209,8,0.018770217895507812,0.0023462772369384766,True
5,1187,1784808050.5963283,8,0.021829843521118164,0.0027287304401397705,True
5,1188,1784808050.618436,8,0.020690441131591797,0.0025863051414489746,True
5,1189,1784808050.6394112,8,0.020313262939453125,0.0025391578674316406,True
5,1190,1784808050.660014,8,0.01889657974243164,0.002362072467803955,True
5,1191,1784808050.6793134,8,0.019227027893066406,0.0024033784866333008,True
5,1192,1784808050.6989524,8,0.019475936889648438,0.0024344921112060547,True
5,1193,1784808050.718751,8,0.021298646926879883,0.0026623308658599854,True
5,1194,1784808050.7405086,8,0.01909494400024414,0.0023868680000305176,True
5,1195,1784808050.7598362,8,0.021338701248168945,0.002667337656021118,True
5,1196,1784808050.7815225,8,0.020718812942504883,0.0025898516178131104,True
5,1197,1784808050.8025162,8,0.020207881927490234,0.0025259852409362793,True
5,1198,1784808050.8230734,8,0.019896268844604492,0.0024870336055755615,True
5,1199,1784808050.8434155,8,0.021290063858032227,0.0026612579822540283,True
5,1200,1784808050.8651133,8,0.02024221420288086,0.0025302767753601074,True
5,1201,1784808050.8857074,8,0.020025253295898438,0.0025031566619873047,True
5,1202,1784808050.9064357,8,0.020772457122802734,0.002596557140350342,True
5,1203,1784808050.927588,8,0.019501686096191406,0.0024377107620239258,True
5,1204,1784808050.9474783,8,0.019667387008666992,0.002458423376083374,True
5,1205,1784808050.9674594,8,0.02268671989440918,0.0028358399868011475,True
5,1206,1784808050.9905362,8,0.02013564109802246,0.0025169551372528076,True
5,1207,1784808051.010997,8,0.018711090087890625,0.002338886260986328,True
5,1208,1784808051.0300362,8,0.019854068756103516,0.0024817585945129395,True
5,1209,1784808051.0503623,8,0.021994590759277344,0.002749323844909668,True
5,1210,1784808051.0727105,8,0.022449254989624023,0.002806156873703003,True
5,1211,1784808051.0954611,8,0.019032716751098633,0.002379089593887329,True
5,1212,1784808051.1148107,8,0.02138996124267578,0.0026737451553344727,True
5,1213,1784808051.136578,8,0.018982887268066406,0.0023728609085083008,True
5,1214,1784808051.1558435,8,0.02131032943725586,0.0026637911796569824,True
5,1215,1784808051.1775217,8,0.021641016006469727,0.002705127000808716,True
5,1216,1784808051.200516,8,0.01871967315673828,0.002339959144592285,True
5,1217,1784808051.2197983,8,0.019304990768432617,0.002413123846054077,True
5,1218,1784808051.2395074,8,0.020079612731933594,0.0025099515914916992,True
5,1219,1784808051.259947,8,0.019809484481811523,0.0024761855602264404,True
5,1220,1784808051.2809885,8,0.020267724990844727,0.002533465623855591,True
5,1221,1784808051.3021019,8,0.020752668380737305,0.002594083547592163,True
5,1222,1784808051.3234684,8,0.01880359649658203,0.002350449562072754,True
5,1223,1784808051.3426392,8,0.019990921020507812,0.0024988651275634766,True
5,1224,1784808051.3629131,8,0.019054412841796875,0.0023818016052246094,True
5,1225,1784808051.382531,8,0.02000260353088379,0.0025003254413604736,True
5,1226,1784808051.4027889,8,0.020215511322021484,0.0025269389152526855,True
5,1227,1784808051.4233031,8,0.020380258560180664,0.002547532320022583,True
5,1228,1784808051.4440784,8,0.018635272979736328,0.002329409122467041,True
5,1229,1784808051.4630766,8,0.018413066864013672,0.002301633358001709,True
5,1230,1784808051.48179,8,0.018732786178588867,0.0023415982723236084,True
5,1231,1784808051.5009074,8,0.018943309783935547,0.0023679137229919434,True
5,1232,1784808051.5202086,8,0.021785736083984375,0.002723217010498047,True
5,1233,1784808051.5424256,8,0.018733739852905273,0.002341717481613159,True
5,1234,1784808051.5615392,8,0.019078969955444336,0.002384871244430542,True
5,1235,1784808051.5810895,8,0.019199848175048828,0.0023999810218811035,True
5,1236,1784808051.6008325,8,0.018944501876831055,0.002368062734603882,True
5,1237,1784808051.6202672,8,0.018952131271362305,0.002369016408920288,True
5,1238,1784808051.6396434,8,0.023625850677490234,0.0029532313346862793,True
5,1239,1784808051.6636503,8,0.0187532901763916,0.00234416127204895,True
5,1240,1784808051.6829376,8,0.019164562225341797,0.0023955702781677246,True
5,1241,1784808051.702493,8,0.020769596099853516,0.0025961995124816895,True
5,1242,1784808051.7235332,8,0.019506216049194336,0.002438277006149292,True
5,1243,1784808051.7434428,8,0.01943063735961914,0.0024288296699523926,True
5,1244,1784808051.7632902,8,0.020375728607177734,0.002546966075897217,True
5,1245,1784808051.7839715,8,0.019482851028442383,0.002435356378555298,True
5,1246,1784808051.8037424,8,0.01904296875,0.00238037109375,True
5,1247,1784808051.8232236,8,0.020475387573242188,0.0025594234466552734,True
5,1248,1784808051.8442056,8,0.01893782615661621,0.0023672282695770264,True
5,1249,1784808051.8633916,8,0.019517183303833008,0.002439647912979126,True
5,1250,1784808051.8831918,8,0.020516157150268555,0.0025645196437835693,True
5,1251,1784808051.9039805,8,0.02123737335205078,0.0026546716690063477,True
5,1252,1784808051.9256222,8,0.01985955238342285,0.0024824440479278564,True
5,1253,1784808051.9458044,8,0.023290395736694336,0.002911299467086792,True
5,1254,1784808051.9694169,8,0.019428253173828125,0.0024285316467285156,True
5,1255,1784808051.9893312,8,0.017902135848999023,0.002237766981124878,True
5,1256,1784808052.0075657,8,0.019536495208740234,0.0024420619010925293,True
5,1257,1784808052.0274537,8,0.020635604858398438,0.0025794506072998047,True
5,1258,1784808052.0484183,8,0.01915740966796875,0.0023946762084960938,True
5,1259,1784808052.0679579,8,0.018191814422607422,0.0022739768028259277,True
5,1260,1784808052.0864232,8,0.02095174789428711,0.0026189684867858887,True
5,1261,1784808052.107664,8,0.020547151565551758,0.0025683939456939697,True
5,1262,1784808052.1286795,8,0.019884109497070312,0.002485513687133789,True
5,1263,1784808052.1490188,8,0.020137786865234375,0.002517223358154297,True
5,1264,1784808052.1694887,8,0.02097320556640625,0.0026216506958007812,True
5,1265,1784808052.1908224,8,0.02009272575378418,0.0025115907192230225,True
5,1266,1784808052.2112875,8,0.018197059631347656,0.002274632453918457,True
5,1267,1784808052.2300444,8,0.019234657287597656,0.002404332160949707,True
5,1268,1784808052.2496119,8,0.022917747497558594,0.0028647184371948242,True
5,1269,1784808052.2728264,8,0.019863128662109375,0.002482891082763672,True
5,1270,1784808052.2930114,8,0.01880168914794922,0.0023502111434936523,True
5,1271,1784808052.3128097,8,0.01938796043395996,0.002423495054244995,True
5,1272,1784808052.3325582,8,0.019475698471069336,0.002434462308883667,True
5,1273,1784808052.3522975,8,0.020370960235595703,0.002546370029449463,True
5,1274,1784808052.3731985,8,0.020111560821533203,0.0025139451026916504,True
5,1275,1784808052.3936684,8,0.020611286163330078,0.0025764107704162598,True
5,1276,1784808052.4146132,8,0.019429445266723633,0.002428680658340454,True
5,1277,1784808052.4343557,8,0.019124507904052734,0.002390563488006592,True
5,1278,1784808052.4540534,8,0.019153833389282227,0.0023942291736602783,True
5,1279,1784808052.47356,8,0.02306079864501953,0.0028825998306274414,True
5,1280,1784808052.4970062,8,0.01983046531677246,0.0024788081645965576,True
5,1281,1784808052.5171838,8,0.02060985565185547,0.0025762319564819336,True
5,1282,1784808052.5382435,8,0.018729209899902344,0.002341151237487793,True
5,1283,1784808052.5572546,8,0.019736051559448242,0.0024670064449310303,True
5,1284,1784808052.577337,8,0.019732236862182617,0.002466529607772827,True
5,1285,1784808052.5974252,8,0.01862788200378418,0.0023284852504730225,True
5,1286,1784808052.6164606,8,0.019592761993408203,0.0024490952491760254,True
5,1287,1784808052.6363358,8,0.019724130630493164,0.0024655163288116455,True
5,1288,1784808052.6564052,8,0.020672082901000977,0.002584010362625122,True
5,1289,1784808052.6774902,8,0.01762700080871582,0.0022033751010894775,True
5,1290,1784808052.6954603,8,0.020263671875,0.002532958984375,True
5,1291,1784808052.715997,8,0.019629240036010742,0.0024536550045013428,True
5,1292,1784808052.7359452,8,0.01891350746154785,0.0023641884326934814,True
5,1293,1784808052.7551959,8,0.019739389419555664,0.002467423677444458,True
5,1294,1784808052.775296,8,0.018016576766967773,0.0022520720958709717,True
5,1295,1784808052.793622,8,0.02036285400390625,0.0025453567504882812,True
5,1296,1784808052.8142488,8,0.024277925491333008,0.003034740686416626,True
5,1297,1784808052.8394322,8,0.017179489135742188,0.0021474361419677734,True
5,1298,1784808052.8568852,8,0.0195465087890625,0.0024433135986328125,True
5,1299,1784808052.8766775,8,0.019962549209594727,0.002495318651199341,True
5,1300,1784808052.8970022,8,0.02011394500732422,0.0025142431259155273,True
5,1301,1784808052.9173799,8,0.02018451690673828,0.002523064613342285,True
5,1302,1784808052.938169,8,0.020466327667236328,0.002558290958404541,True
5,1303,1784808052.9590886,8,0.01945662498474121,0.0024320781230926514,True
5,1304,1784808052.9789383,8,0.020522356033325195,0.0025652945041656494,True
5,1305,1784808052.9997602,8,0.01973700523376465,0.002467125654220581,True
5,1306,1784808053.019808,8,0.019071340560913086,0.0023839175701141357,True
5,1307,1784808053.0392334,8,0.019954919815063477,0.0024943649768829346,True
5,1308,1784808053.059716,8,0.019060850143432617,0.002382606267929077,True
5,1309,1784808053.079158,8,0.019427061080932617,0.002428382635116577,True
5,1310,1784808053.0988727,8,0.022863388061523438,0.0028579235076904297,True
5,1311,1784808053.122005,8,0.020480871200561523,0.0025601089000701904,True
5,1312,1784808053.1429603,8,0.019718408584594727,0.002464801073074341,True
5,1313,1784808053.1630158,8,0.019539356231689453,0.0024424195289611816,True
5,1314,1784808053.1829767,8,0.019505739212036133,0.0024382174015045166,True
5,1315,1784808053.2027402,8,0.019864559173583984,0.002483069896697998,True
5,1316,1784808053.2232778,8,0.019963741302490234,0.0024954676628112793,True
5,1317,1784808053.243649,8,0.020346879959106445,0.0025433599948883057,True
5,1318,1784808053.264444,8,0.019443511962890625,0.002430438995361328,True
5,1319,1784808053.2842708,8,0.02141571044921875,0.0026769638061523438,True
5,1320,1784808053.306049,8,0.01957225799560547,0.0024465322494506836,True
5,1321,1784808053.3258753,8,0.02140069007873535,0.002675086259841919,True
5,1322,1784808053.3478048,8,0.018900632858276367,0.002362579107284546,True
5,1323,1784808053.3669825,8,0.019902467727661133,0.0024878084659576416,True
5,1324,1784808053.387546,8,0.01989126205444336,0.00248640775680542,True
5,1325,1784808053.407735,8,0.02026057243347168,0.00253257155418396,True
5,1326,1784808053.428446,8,0.01899576187133789,0.0023744702339172363,True
5,1327,1784808053.4478247,8,0.022838354110717773,0.0028547942638397217,True
5,1328,1784808053.4712257,8,0.020130634307861328,0.002516329288482666,True
5,1329,1784808053.491721,8,0.01917409896850586,0.0023967623710632324,True
5,1330,1784808053.511734,8,0.020476102828979492,0.0025595128536224365,True
5,1331,1784808053.5326197,8,0.02311229705810547,0.0028890371322631836,True
5,1332,1784808053.5564227,8,0.019735097885131836,0.0024668872356414795,True
5,1333,1784808053.5768354,8,0.020595073699951172,0.0025743842124938965,True
5,1334,1784808053.597756,8,0.01970958709716797,0.002463698387145996,True
5,1335,1784808053.6177082,8,0.020137310028076172,0.0025171637535095215,True
5,1336,1784808053.6382234,8,0.019766569137573242,0.0024708211421966553,True
5,1337,1784808053.6583276,8,0.02157878875732422,0.0026973485946655273,True
5,1338,1784808053.6802788,8,0.019763708114624023,0.002470463514328003,True
5,1339,1784808053.7008467,8,0.019468307495117188,0.0024335384368896484,True
5,1340,1784808053.720678,8,0.018656253814697266,0.002332031726837158,True
5,1341,1784808053.7399063,8,0.019167423248291016,0.002395927906036377,True
5,1342,1784808053.759504,8,0.020200729370117188,0.0025250911712646484,True
5,1343,1784808053.7800488,8,0.02116990089416504,0.00264623761177063,True
5,1344,1784808053.8015845,8,0.018994808197021484,0.0023743510246276855,True
5,1345,1784808053.821126,8,0.020085573196411133,0.0025106966495513916,True
5,1346,1784808053.841554,8,0.020344257354736328,0.002543032169342041,True
5,1347,1784808053.86225,8,0.020481348037719727,0.002560168504714966,True
5,1348,1784808053.8830073,8,0.018594741821289062,0.002324342727661133,True
5,1349,1784808053.901976,8,0.01943802833557129,0.002429753541946411,True
5,1350,1784808053.9217272,8,0.01976919174194336,0.00247114896774292,True
5,1351,1784808053.9418018,8,0.02079629898071289,0.0025995373725891113,True
5,1352,1784808053.962991,8,0.018624544143676758,0.0023280680179595947,True
5,1353,1784808053.9818916,8,0.019429683685302734,0.002428710460662842,True
5,1354,1784808054.0017014,8,0.022657394409179688,0.002832174301147461,True
5,1355,1784808054.0248482,8,0.01827216148376465,0.002284020185470581,True
5,1356,1784808054.0434844,8,0.01836085319519043,0.0022951066493988037,True
5,1357,1784808054.0622258,8,0.019350051879882812,0.0024187564849853516,True
5,1358,1784808054.0818422,8,0.019769668579101562,0.0024712085723876953,True
5,1359,1784808054.1019382,8,0.018579483032226562,0.0023224353790283203,True
5,1360,1784808054.120925,8,0.018650531768798828,0.0023313164710998535,True
5,1361,1784808054.1401508,8,0.020720481872558594,0.0025900602340698242,True
5,1362,1784808054.1619415,8,0.02009868621826172,0.002512335777282715,True
5,1363,1784808054.1825325,8,0.02060532569885254,0.0025756657123565674,True
5,1364,1784808054.2035704,8,0.020593881607055664,0.002574235200881958,True
5,1365,1784808054.224518,8,0.020494699478149414,0.0025618374347686768,True
5,1366,1784808054.2453825,8,0.019958972930908203,0.0024948716163635254,True
5,1367,1784808054.2656775,8,0.019199371337890625,0.002399921417236328,True
5,1368,1784808054.285209,8,0.021329402923583984,0.002666175365447998,True
5,1369,1784808054.30708,8,0.020368099212646484,0.0025460124015808105,True
5,1370,1784808054.3278475,8,0.019267559051513672,0.002408444881439209,True
5,1371,1784808054.3474455,8,0.020399808883666992,0.002549976110458374,True
5,1372,1784808054.368277,8,0.020592927932739258,0.0025741159915924072,True
5,1373,1784808054.3892012,8,0.020792007446289062,0.002599000930786133,True
5,1374,1784808054.4102948,8,0.021223068237304688,0.002652883529663086,True
5,1375,1784808054.4318306,8,0.01952362060546875,0.0024404525756835938,True
5,1376,1784808054.4518263,8,0.020127058029174805,0.0025158822536468506,True
5,1377,1784808054.4725459,8,0.01824164390563965,0.002280205488204956,True
5,1378,1784808054.4911246,8,0.01992964744567871,0.002491205930709839,True
5,1379,1784808054.5113318,8,0.019751548767089844,0.0024689435958862305,True
5,1380,1784808054.5313573,8,0.02011895179748535,0.002514868974685669,True
5,1381,1784808054.5518615,8,0.02020859718322754,0.0025260746479034424,True
5,1382,1784808054.5725548,8,0.020579814910888672,0.002572476863861084,True
5,1383,1784808054.5934951,8,0.02075791358947754,0.0025947391986846924,True
5,1384,1784808054.6145086,8,0.021266937255859375,0.002658367156982422,True
5,1385,1784808054.6361177,8,0.020510435104370117,0.0025638043880462646,True
5,1386,1784808054.6569746,8,0.019964933395385742,0.0024956166744232178,True
5,1387,1784808054.677556,8,0.01909923553466797,0.002387404441833496,True
5,1388,1784808054.6969824,8,0.019167184829711914,0.0023958981037139893,True
5,1389,1784808054.7164443,8,0.019275426864624023,0.002409428358078003,True
5,1390,1784808054.7361572,8,0.019243240356445312,0.002405405044555664,True
5,1391,1784808054.755753,8,0.0200197696685791,0.0025024712085723877,True
5,1392,1784808054.7764075,8,0.020405292510986328,0.002550661563873291,True
5,1393,1784808054.797577,8,0.02192378044128418,0.0027404725551605225,True
5,1394,1784808054.8199534,8,0.019620895385742188,0.0024526119232177734,True
5,1395,1784808054.8402522,8,0.02068638801574707,0.002585798501968384,True
5,1396,1784808054.8614447,8,0.01947188377380371,0.002433985471725464,True
5,1397,1784808054.8811996,8,0.02104806900024414,0.0026310086250305176,True
5,1398,1784808054.9027088,8,0.020838022232055664,0.002604752779006958,True
5,1399,1784808054.9238505,8,0.019688129425048828,0.0024610161781311035,True
5,1400,1784808054.9439027,8,0.01954793930053711,0.0024434924125671387,True
5,1401,1784808054.9639108,8,0.019477128982543945,0.002434641122817993,True
5,1402,1784808054.9838216,8,0.020019054412841797,0.0025023818016052246,True
5,1403,1784808055.004203,8,0.018868684768676758,0.0023585855960845947,True
5,1404,1784808055.0238917,8,0.01999807357788086,0.0024997591972351074,True
5,1405,1784808055.0447626,8,0.021352291107177734,0.002669036388397217,True
5,1406,1784808055.0666046,8,0.02066969871520996,0.002583712339401245,True
5,1407,1784808055.0884368,8,0.018289566040039062,0.002286195755004883,True
5,1408,1784808055.1070914,8,0.0199124813079834,0.002489060163497925,True
5,1409,1784808055.1273034,8,0.020457983016967773,0.0025572478771209717,True
5,1410,1784808055.148268,8,0.019132375717163086,0.0023915469646453857,True
5,1411,1784808055.1679373,8,0.020125150680541992,0.002515643835067749,True
5,1412,1784808055.1883397,8,0.0195772647857666,0.002447158098220825,True
5,1413,1784808055.2082105,8,0.020115137100219727,0.002514392137527466,True
5,1414,1784808055.2286808,8,0.020425796508789062,0.002553224563598633,True
5,1415,1784808055.2495394,8,0.0184478759765625,0.0023059844970703125,True
5,1416,1784808055.2684047,8,0.021430492401123047,0.002678811550140381,True
5,1417,1784808055.2901595,8,0.019579648971557617,0.002447456121444702,True
5,1418,1784808055.310241,8,0.02035355567932129,0.002544194459915161,True
5,1419,1784808055.330922,8,0.02020430564880371,0.002525538206100464,True
5,1420,1784808055.3515406,8,0.020012855529785156,0.0025016069412231445,True
5,1421,1784808055.371884,8,0.019120454788208008,0.002390056848526001,True
5,1422,1784808055.3913047,8,0.021802186965942383,0.002725273370742798,True
5,1423,1784808055.4134824,8,0.0213775634765625,0.0026721954345703125,True
5,1424,1784808055.4352052,8,0.019130706787109375,0.002391338348388672,True
5,1425,1784808055.45461,8,0.02223348617553711,0.0027791857719421387,True
5,1426,1784808055.4771855,8,0.019759178161621094,0.0024698972702026367,True
5,1427,1784808055.4972107,8,0.020560741424560547,0.0025700926780700684,True
5,1428,1784808055.5180662,8,0.01857614517211914,0.0023220181465148926,True
5,1429,1784808055.5369685,8,0.02097797393798828,0.002622246742248535,True
5,1430,1784808055.5583632,8,0.02011895179748535,0.002514868974685669,True
5,1431,1784808055.5787964,8,0.021806001663208008,0.002725750207901001,True
5,1432,1784808055.600893,8,0.018345355987548828,0.0022931694984436035,True
5,1433,1784808055.6196234,8,0.020598411560058594,0.0025748014450073242,True
5,1434,1784808055.6405683,8,0.019487380981445312,0.002435922622680664,True
5,1435,1784808055.660372,8,0.021125316619873047,0.002640664577484131,True
5,1436,1784808055.682179,8,0.01905536651611328,0.00238192081451416,True
5,1437,1784808055.7016172,8,0.020138263702392578,0.0025172829627990723,True
5,1438,1784808055.7221258,8,0.01824784278869629,0.002280980348587036,True
5,1439,1784808055.7407904,8,0.02224278450012207,0.002780348062515259,True
5,1440,1784808055.7633076,8,0.020980358123779297,0.002622544765472412,True
5,1441,1784808055.7846668,8,0.018259048461914062,0.002282381057739258,True
5,1442,1784808055.803342,8,0.020929574966430664,0.002616196870803833,True
5,1443,1784808055.8246424,8,0.019860267639160156,0.0024825334548950195,True
5,1444,1784808055.8448255,8,0.019599199295043945,0.002449899911880493,True
5,1445,1784808055.8648524,8,0.0186159610748291,0.0023269951343536377,True
5,1446,1784808055.883782,8,0.01980137825012207,0.002475172281265259,True
5,1447,1784808055.9038546,8,0.020387649536132812,0.0025484561920166016,True
5,1448,1784808055.9245517,8,0.020305156707763672,0.002538144588470459,True
5,1449,1784808055.9453032,8,0.02211284637451172,0.002764105796813965,True
5,1450,1784808055.967839,8,0.019910812377929688,0.002488851547241211,True
5,1451,1784808055.9885356,8,0.021959781646728516,0.0027449727058410645,True
5,1452,1784808056.010997,8,0.020313024520874023,0.002539128065109253,True
5,1453,1784808056.031743,8,0.019577741622924805,0.0024472177028656006,True
5,1454,1784808056.051698,8,0.020230531692504883,0.0025288164615631104,True
5,1455,1784808056.0722818,8,0.019407033920288086,0.0024258792400360107,True
5,1456,1784808056.0921757,8,0.021943092346191406,0.0027428865432739258,True
5,1457,1784808056.1147304,8,0.020344972610473633,0.002543121576309204,True
5,1458,1784808056.1354742,8,0.01900768280029297,0.002375960350036621,True
5,1459,1784808056.1547987,8,0.019730091094970703,0.002466261386871338,True
5,1460,1784808056.174891,8,0.02030467987060547,0.0025380849838256836,True
5,1461,1784808056.195505,8,0.019651412963867188,0.0024564266204833984,True
5,1462,1784808056.2155821,8,0.01919102668762207,0.002398878335952759,True
5,1463,1784808056.2352448,8,0.020107030868530273,0.002513378858566284,True
5,1464,1784808056.2558734,8,0.019753456115722656,0.002469182014465332,True
5,1465,1784808056.2759943,8,0.021368741989135742,0.0026710927486419678,True
5,1466,1784808056.2977803,8,0.018690109252929688,0.002336263656616211,True
5,1467,1784808056.3168247,8,0.02315831184387207,0.002894788980484009,True
5,1468,1784808056.340273,8,0.018970966339111328,0.002371370792388916,True
5,1469,1784808056.3599155,8,0.019353866577148438,0.0024192333221435547,True
5,1470,1784808056.381323,8,0.022409677505493164,0.0028012096881866455,True
5,1471,1784808056.4040039,8,0.020254850387573242,0.0025318562984466553,True
5,1472,1784808056.4246151,8,0.018725156784057617,0.002340644598007202,True
5,1473,1784808056.4436185,8,0.020104408264160156,0.0025130510330200195,True
5,1474,1784808056.4642868,8,0.018751144409179688,0.002343893051147461,True
5,1475,1784808056.4833415,8,0.02105259895324707,0.002631574869155884,True
5,1476,1784808056.5046508,8,0.02087688446044922,0.0026096105575561523,True
5,1477,1784808056.5259075,8,0.018326997756958008,0.002290874719619751,True
5,1478,1784808056.5446231,8,0.019928455352783203,0.0024910569190979004,True
5,1479,1784808056.5648644,8,0.020439863204956055,0.002554982900619507,True
5,1480,1784808056.5857568,8,0.01999068260192871,0.002498835325241089,True
5,1481,1784808056.6060476,8,0.01841259002685547,0.0023015737533569336,True
5,1482,1784808056.6249337,8,0.019707918167114258,0.0024634897708892822,True
5,1483,1784808056.6450028,8,0.020108938217163086,0.0025136172771453857,True
5,1484,1784808056.6654544,8,0.02007913589477539,0.002509891986846924,True
5,1485,1784808056.68587,8,0.018610477447509766,0.0023263096809387207,True
5,1486,1784808056.7048998,8,0.01895618438720703,0.002369523048400879,True
5,1487,1784808056.7241647,8,0.01992344856262207,0.002490431070327759,True
5,1488,1784808056.744356,8,0.019091367721557617,0.002386420965194702,True
5,1489,1784808056.763834,8,0.019919633865356445,0.0024899542331695557,True
5,1490,1784808056.7840858,8,0.020206928253173828,0.0025258660316467285,True
5,1491,1784808056.8046443,8,0.018750905990600586,0.0023438632488250732,True
5,1492,1784808056.8237095,8,0.019367218017578125,0.0024209022521972656,True
5,1493,1784808056.8434641,8,0.02000904083251953,0.0025011301040649414,True
5,1494,1784808056.8638115,8,0.01869511604309082,0.0023368895053863525,True
5,1495,1784808056.882829,8,0.02332615852355957,0.0029157698154449463,True
5,1496,1784808056.9064791,8,0.019282102584838867,0.0024102628231048584,True
5,1497,1784808056.9261818,8,0.018618106842041016,0.002327263355255127,True
5,1498,1784808056.9452114,8,0.019313812255859375,0.002414226531982422,True
5,1499,1784808056.964816,8,0.018934011459350586,0.0023667514324188232,True
5,1500,1784808056.9841383,8,0.017772436141967773,0.0022215545177459717,True
5,1501,1784808057.0022209,8,0.020917415618896484,0.0026146769523620605,True
5,1502,1784808057.0234466,8,0.019765138626098633,0.002470642328262329,True
5,1503,1784808057.043697,8,0.02126479148864746,0.0026580989360809326,True
5,1504,1784808057.0654252,8,0.020044565200805664,0.002505570650100708,True
5,1505,1784808057.0857785,8,0.019652128219604492,0.0024565160274505615,True
5,1506,1784808057.105724,8,0.019364118576049805,0.0024205148220062256,True
5,1507,1784808057.1254878,8,0.019988298416137695,0.002498537302017212,True
5,1508,1784808057.1459696,8,0.021600008010864258,0.0027000010013580322,True
5,1509,1784808057.1678808,8,0.018877744674682617,0.002359718084335327,True
5,1510,1784808057.1870627,8,0.02004384994506836,0.002505481243133545,True
5,1511,1784808057.2074711,8,0.02066349983215332,0.002582937479019165,True
5,1512,1784808057.2284126,8,0.01915121078491211,0.0023939013481140137,True
5,1513,1784808057.2479644,8,0.01975870132446289,0.0024698376655578613,True
5,1514,1784808057.2680197,8,0.01909923553466797,0.002387404441833496,True
5,1515,1784808057.2874272,8,0.0195772647857666,0.002447158098220825,True
5,1516,1784808057.3074057,8,0.019817829132080078,0.0024772286415100098,True
5,1517,1784808057.3275533,8,0.018541336059570312,0.002317667007446289,True
5,1518,1784808057.3466706,8,0.019678115844726562,0.0024597644805908203,True
5,1519,1784808057.3667457,8,0.01956462860107422,0.0024455785751342773,True
5,1520,1784808057.3867006,8,0.01975727081298828,0.002469658851623535,True
5,1521,1784808057.406934,8,0.020205020904541016,0.002525627613067627,True
5,1522,1784808057.4274058,8,0.019139528274536133,0.0023924410343170166,True
5,1523,1784808057.4468887,8,0.020984411239624023,0.002623051404953003,True
5,1524,1784808057.4682589,8,0.022550344467163086,0.0028187930583953857,True
5,1525,1784808057.491101,8,0.020288467407226562,0.0025360584259033203,True
5,1526,1784808057.511664,8,0.0189669132232666,0.002370864152908325,True
5,1527,1784808057.5309467,8,0.01994919776916504,0.00249364972114563,True
5,1528,1784808057.5511982,8,0.019423961639404297,0.002427995204925537,True
5,1529,1784808057.5710595,8,0.01952075958251953,0.0024400949478149414,True
5,1530,1784808057.5909593,8,0.0189208984375,0.0023651123046875,True
5,1531,1784808057.61028,8,0.020127534866333008,0.002515941858291626,True
5,1532,1784808057.6313274,8,0.019337892532348633,0.002417236566543579,True
5,1533,1784808057.6511257,8,0.020748138427734375,0.002593517303466797,True
5,1534,1784808057.6721787,8,0.018791675567626953,0.002348959445953369,True
5,1535,1784808057.6913924,8,0.019876956939697266,0.002484619617462158,True
5,1536,1784808057.7121592,8,0.020693540573120117,0.0025866925716400146,True
5,1537,1784808057.7334177,8,0.020343303680419922,0.0025429129600524902,True
5,1538,1784808057.7540925,8,0.020976781845092773,0.0026220977306365967,True
5,1539,1784808057.7753582,8,0.019346237182617188,0.0024182796478271484,True
5,1540,1784808057.794967,8,0.019683361053466797,0.0024604201316833496,True
5,1541,1784808057.8151135,8,0.019164085388183594,0.0023955106735229492,True
5,1542,1784808057.8345783,8,0.02151179313659668,0.002688974142074585,True
5,1543,1784808057.8564057,8,0.019473791122436523,0.0024342238903045654,True
5,1544,1784808057.8763058,8,0.019071340560913086,0.0023839175701141357,True
5,1545,1784808057.8957596,8,0.020450115203857422,0.0025562644004821777,True
5,1546,1784808057.916538,8,0.020320892333984375,0.002540111541748047,True
5,1547,1784808057.9378343,8,0.018941640853881836,0.0023677051067352295,True
5,1548,1784808057.9573202,8,0.020524263381958008,0.002565532922744751,True
5,1549,1784808057.9784482,8,0.020687580108642578,0.0025859475135803223,True
5,1550,1784808057.9994538,8,0.01853203773498535,0.002316504716873169,True
5,1551,1784808058.0184815,8,0.019115209579467773,0.0023894011974334717,True
5,1552,1784808058.0378716,8,0.02230048179626465,0.002787560224533081,True
5,1553,1784808058.0605094,8,0.020186424255371094,0.0025233030319213867,True
5,1554,1784808058.0809786,8,0.019005537033081055,0.002375692129135132,True
5,1555,1784808058.100377,8,0.02053666114807129,0.002567082643508911,True
5,1556,1784808058.1211886,8,0.019372224807739258,0.0024215281009674072,True
5,1557,1784808058.1409552,8,0.020864486694335938,0.002608060836791992,True
5,1558,1784808058.1621835,8,0.021732807159423828,0.0027166008949279785,True
5,1559,1784808058.1843019,8,0.02140212059020996,0.002675265073776245,True
5,1560,1784808058.206219,8,0.01856827735900879,0.0023210346698760986,True
5,1561,1784808058.2251325,8,0.020268917083740234,0.0025336146354675293,True
5,1562,1784808058.2457626,8,0.021412372589111328,0.002676546573638916,True
5,1563,1784808058.267487,8,0.019206762313842773,0.0024008452892303467,True
5,1564,1784808058.2870367,8,0.01990365982055664,0.00248795747756958,True
5,1565,1784808058.307238,8,0.01966118812561035,0.002457648515701294,True
5,1566,1784808058.3272824,8,0.019100189208984375,0.002387523651123047,True
5,1567,1784808058.3467484,8,0.01895451545715332,0.002369314432144165,True
5,1568,1784808058.3661811,8,0.02048039436340332,0.002560049295425415,True
5,1569,1784808058.3869855,8,0.02182292938232422,0.0027278661727905273,True
5,1570,1784808058.4093344,8,0.019045114517211914,0.0023806393146514893,True
5,1571,1784808058.4287312,8,0.02102041244506836,0.002627551555633545,True
5,1572,1784808058.4501486,8,0.01937556266784668,0.002421945333480835,True
5,1573,1784808058.4702427,8,0.019420385360717773,0.0024275481700897217,True
5,1574,1784808058.4901102,8,0.02012348175048828,0.002515435218811035,True
5,1575,1784808058.5108237,8,0.020861387252807617,0.002607673406600952,True
5,1576,1784808058.533325,8,0.019399166107177734,0.002424895763397217,True
5,1577,1784808058.5529554,8,0.02008533477783203,0.002510666847229004,True
5,1578,1784808058.5734332,8,0.020804882049560547,0.0026006102561950684,True
5,1579,1784808058.594646,8,0.024083852767944336,0.003010481595993042,True
5,1580,1784808058.6191628,8,0.020947694778442383,0.002618461847305298,True
5,1581,1784808058.640412,8,0.0208437442779541,0.0026054680347442627,True
5,1582,1784808058.6618662,8,0.020589351654052734,0.002573668956756592,True
5,1583,1784808058.6832051,8,0.01932358741760254,0.0024154484272003174,True
5,1584,1784808058.7028232,8,0.020165681838989258,0.0025207102298736572,True
5,1585,1784808058.7233276,8,0.021059036254882812,0.0026323795318603516,True
5,1586,1784808058.7448442,8,0.019539594650268555,0.0024424493312835693,True
5,1587,1784808058.7647412,8,0.019390583038330078,0.0024238228797912598,True
5,1588,1784808058.7846105,8,0.02079463005065918,0.0025993287563323975,True
5,1589,1784808058.805828,8,0.01869058609008789,0.0023363232612609863,True
5,1590,1784808058.8258085,8,0.019833087921142578,0.0024791359901428223,True
5,1591,1784808058.8465369,8,0.019802093505859375,0.002475261688232422,True
5,1592,1784808058.8667173,8,0.020969629287719727,0.002621203660964966,True
5,1593,1784808058.8880885,8,0.020590782165527344,0.002573847770690918,True
5,1594,1784808058.9091816,8,0.019068241119384766,0.0023835301399230957,True
5,1595,1784808058.9286919,8,0.020942211151123047,0.002617776393890381,True
5,1596,1784808058.9513197,8,0.020992279052734375,0.002624034881591797,True
5,1597,1784808058.9727867,8,0.020920515060424805,0.0026150643825531006,True
5,1598,1784808058.994208,8,0.019437551498413086,0.0024296939373016357,True
5,1599,1784808059.0140986,8,0.02004098892211914,0.0025051236152648926,True
5,1600,1784808059.034451,8,0.019937515258789062,0.002492189407348633,True
5,1601,1784808059.05473,8,0.01971149444580078,0.0024639368057250977,True
5,1602,1784808059.0748487,8,0.021039962768554688,0.002629995346069336,True
5,1603,1784808059.0964262,8,0.0195620059967041,0.0024452507495880127,True
5,1604,1784808059.1163566,8,0.021089792251586914,0.0026362240314483643,True
5,1605,1784808059.1378808,8,0.020069599151611328,0.002508699893951416,True
5,1606,1784808059.1583793,8,0.018047809600830078,0.0022559762001037598,True
5,1607,1784808059.176688,8,0.021143198013305664,0.002642899751663208,True
5,1608,1784808059.1988466,8,0.01943683624267578,0.0024296045303344727,True
5,1609,1784808059.21866,8,0.019437551498413086,0.0024296939373016357,True
5,1610,1784808059.2389233,8,0.022130489349365234,0.0027663111686706543,True
5,1611,1784808059.2621083,8,0.020457744598388672,0.002557218074798584,True
5,1612,1784808059.2830029,8,0.020617008209228516,0.0025771260261535645,True
5,1613,1784808059.3043263,8,0.01942610740661621,0.0024282634258270264,True
5,1614,1784808059.3242548,8,0.020445823669433594,0.0025557279586791992,True
5,1615,1784808059.345794,8,0.020856618881225586,0.0026070773601531982,True
5,1616,1784808059.367143,8,0.020547151565551758,0.0025683939456939697,True
5,1617,1784808059.3884892,8,0.019821882247924805,0.0024777352809906006,True
5,1618,1784808059.4089203,8,0.019685983657836914,0.0024607479572296143,True
5,1619,1784808059.4289253,8,0.01872730255126953,0.0023409128189086914,True
5,1620,1784808059.4479198,8,0.02130913734436035,0.002663642168045044,True
5,1621,1784808059.4695702,8,0.020267724990844727,0.002533465623855591,True
5,1622,1784808059.490236,8,0.021097898483276367,0.002637237310409546,True
5,1623,1784808059.511748,8,0.019884824752807617,0.002485603094100952,True
5,1624,1784808059.5319498,8,0.019196748733520508,0.0023995935916900635,True
5,1625,1784808059.5514524,8,0.019469261169433594,0.0024336576461791992,True
5,1626,1784808059.5713942,8,0.020696163177490234,0.0025870203971862793,True
5,1627,1784808059.5925343,8,0.01928234100341797,0.002410292625427246,True
5,1628,1784808059.6121824,8,0.021604299545288086,0.0027005374431610107,True
5,1629,1784808059.6341498,8,0.019052982330322266,0.002381622791290283,True
5,1630,1784808059.653653,8,0.019751310348510742,0.0024689137935638428,True
5,1631,1784808059.6739645,8,0.022492408752441406,0.0028115510940551758,True
5,1632,1784808059.6968327,8,0.019397974014282227,0.0024247467517852783,True
5,1633,1784808059.7166495,8,0.02062201499938965,0.002577751874923706,True
5,1634,1784808059.7375958,8,0.021371841430664062,0.002671480178833008,True
5,1635,1784808059.7593346,8,0.019874095916748047,0.002484261989593506,True
5,1636,1784808059.779479,8,0.021328449249267578,0.0026660561561584473,True
5,1637,1784808059.8016806,8,0.019575834274291992,0.002446979284286499,True
5,1638,1784808059.8217106,8,0.02004551887512207,0.002505689859390259,True
5,1639,1784808059.8421376,8,0.019530534744262695,0.002441316843032837,True
5,1640,1784808059.8622375,8,0.020112276077270508,0.0025140345096588135,True
5,1641,1784808059.8826995,8,0.019359350204467773,0.0024199187755584717,True
5,1642,1784808059.9024765,8,0.020253896713256836,0.0025317370891571045,True
5,1643,1784808059.9232457,8,0.01905655860900879,0.0023820698261260986,True
5,1644,1784808059.9426417,8,0.020835399627685547,0.0026044249534606934,True
5,1645,1784808059.963918,8,0.01967597007751465,0.002459496259689331,True
5,1646,1784808059.9839206,8,0.020053386688232422,0.0025066733360290527,True
5,1647,1784808060.0043824,8,0.02014636993408203,0.002518296241760254,True
5,1648,1784808060.0248299,8,0.019264698028564453,0.0024080872535705566,True
5,1649,1784808060.0444515,8,0.019082069396972656,0.002385258674621582,True
5,1650,1784808060.063842,8,0.021549224853515625,0.002693653106689453,True
5,1651,1784808060.0860786,8,0.021315336227416992,0.002664417028427124,True
5,1652,1784808060.1078017,8,0.018798351287841797,0.0023497939109802246,True
5,1653,1784808060.1269107,8,0.022032976150512695,0.002754122018814087,True
5,1654,1784808060.1492767,8,0.02053999900817871,0.002567499876022339,True
5,1655,1784808060.1702595,8,0.017600059509277344,0.002200007438659668,True
5,1656,1784808060.1881597,8,0.019562482833862305,0.002445310354232788,True
5,1657,1784808060.2080567,8,0.02212691307067871,0.002765864133834839,True
5,1658,1784808060.2306728,8,0.01844954490661621,0.0023061931133270264,True
5,1659,1784808060.249773,8,0.01845717430114746,0.0023071467876434326,True
5,1660,1784808060.2685282,8,0.020720720291137695,0.002590090036392212,True
5,1661,1784808060.289542,8,0.0201416015625,0.0025177001953125,True
5,1662,1784808060.310106,8,0.019411802291870117,0.0024264752864837646,True
5,1663,1784808060.3298962,8,0.021923542022705078,0.0027404427528381348,True
5,1664,1784808060.352155,8,0.02106952667236328,0.00263369083404541,True
5,1665,1784808060.373553,8,0.01862025260925293,0.002327531576156616,True
5,1666,1784808060.3925276,8,0.021188974380493164,0.0026486217975616455,True
5,1667,1784808060.4141338,8,0.020653486251831055,0.002581685781478882,True
5,1668,1784808060.4350743,8,0.019715070724487305,0.002464383840560913,True
5,1669,1784808060.4550798,8,0.01985788345336914,0.0024822354316711426,True
5,1670,1784808060.4754431,8,0.020809173583984375,0.002601146697998047,True
5,1671,1784808060.4965277,8,0.019875526428222656,0.002484440803527832,True
5,1672,1784808060.516789,8,0.0213470458984375,0.0026683807373046875,True
5,1673,1784808060.5385406,8,0.019577741622924805,0.0024472177028656006,True
5,1674,1784808060.5585876,8,0.019689559936523438,0.0024611949920654297,True
5,1675,1784808060.5786378,8,0.020110130310058594,0.0025137662887573242,True
5,1676,1784808060.5991724,8,0.020735740661621094,0.0025919675827026367,True
5,1677,1784808060.6203032,8,0.020348548889160156,0.0025435686111450195,True
5,1678,1784808060.6411362,8,0.018398761749267578,0.0022998452186584473,True
5,1679,1784808060.6600971,8,0.020355701446533203,0.0025444626808166504,True
5,1680,1784808060.6807892,8,0.01934337615966797,0.002417922019958496,True
5,1681,1784808060.7004995,8,0.0193178653717041,0.0024147331714630127,True
5,1682,1784808060.720137,8,0.01943349838256836,0.002429187297821045,True
5,1683,1784808060.7399247,8,0.02088332176208496,0.00261041522026062,True
5,1684,1784808060.7616096,8,0.019700288772583008,0.002462536096572876,True
5,1685,1784808060.7818668,8,0.021071672439575195,0.0026339590549468994,True
5,1686,1784808060.8040817,8,0.02029705047607422,0.0025371313095092773,True
5,1687,1784808060.825433,8,0.019822359085083008,0.002477794885635376,True
5,1688,1784808060.8461192,8,0.020778894424438477,0.0025973618030548096,True
5,1689,1784808060.8680873,8,0.018691062927246094,0.0023363828659057617,True
5,1690,1784808060.8876255,8,0.022651195526123047,0.002831399440765381,True
5,1691,1784808060.9107068,8,0.021872520446777344,0.002734065055847168,True
5,1692,1784808060.933473,8,0.019802570343017578,0.0024753212928771973,True
5,1693,1784808060.9540808,8,0.01958489418029785,0.0024481117725372314,True
5,1694,1784808060.9740121,8,0.0196840763092041,0.0024605095386505127,True
5,1695,1784808060.9940567,8,0.020448923110961914,0.0025561153888702393,True
5,1696,1784808061.0148973,8,0.019862651824951172,0.0024828314781188965,True
5,1697,1784808061.0351286,8,0.02104949951171875,0.0026311874389648438,True
5,1698,1784808061.056561,8,0.020613431930541992,0.002576678991317749,True
5,1699,1784808061.0774503,8,0.019716262817382812,0.0024645328521728516,True
5,1700,1784808061.0978103,8,0.02010941505432129,0.002513676881790161,True
5,1701,1784808061.1181667,8,0.018758773803710938,0.002344846725463867,True
5,1702,1784808061.1372976,8,0.020691633224487305,0.002586454153060913,True
5,1703,1784808061.1587434,8,0.019365310668945312,0.002420663833618164,True
5,1704,1784808061.1784601,8,0.021888017654418945,0.002736002206802368,True
5,1705,1784808061.200708,8,0.021440744400024414,0.0026800930500030518,True
5,1706,1784808061.2226255,8,0.02001333236694336,0.00250166654586792,True
5,1707,1784808061.243132,8,0.01933121681213379,0.0024164021015167236,True
5,1708,1784808061.2627497,8,0.02210092544555664,0.00276261568069458,True
5,1709,1784808061.2853506,8,0.019131183624267578,0.0023913979530334473,True
5,1710,1784808061.306571,8,0.0196075439453125,0.0024509429931640625,True
5,1711,1784808061.3266165,8,0.02084803581237793,0.002606004476547241,True
5,1712,1784808061.3478136,8,0.019333600997924805,0.0024167001247406006,True
5,1713,1784808061.3674212,8,0.01938009262084961,0.002422511577606201,True
5,1714,1784808061.387092,8,0.018926143646240234,0.0023657679557800293,True
5,1715,1784808061.406392,8,0.019005775451660156,0.0023757219314575195,True
5,1716,1784808061.4259007,8,0.02040863037109375,0.0025510787963867188,True
5,1717,1784808061.4473386,8,0.020732879638671875,0.0025916099548339844,True
5,1718,1784808061.4688094,8,0.0183258056640625,0.0022907257080078125,True
5,1719,1784808061.4875033,8,0.019083499908447266,0.002385437488555908,True
5,1720,1784808061.5070117,8,0.024622201919555664,0.003077775239944458,True
5,1721,1784808061.5331388,8,0.017945289611816406,0.0022431612014770508,True
5,1722,1784808061.5514076,8,0.020476818084716797,0.0025596022605895996,True
5,1723,1784808061.572313,8,0.019138336181640625,0.002392292022705078,True
5,1724,1784808061.5917294,8,0.01987934112548828,0.002484917640686035,True
5,1725,1784808061.6118894,8,0.020187854766845703,0.002523481845855713,True
5,1726,1784808061.632865,8,0.02158522605895996,0.002698153257369995,True
5,1727,1784808061.6547823,8,0.01910543441772461,0.002388179302215576,True
5,1728,1784808061.6743634,8,0.019487619400024414,0.0024359524250030518,True
5,1729,1784808061.6941915,8,0.019544124603271484,0.0024430155754089355,True
5,1730,1784808061.713996,8,0.021952390670776367,0.002744048833847046,True
5,1731,1784808061.7362761,8,0.019647598266601562,0.0024559497833251953,True
5,1732,1784808061.756252,8,0.019778966903686523,0.0024723708629608154,True
5,1733,1784808061.7769215,8,0.018518924713134766,0.0023148655891418457,True
5,1734,1784808061.7957985,8,0.01941084861755371,0.002426356077194214,True
5,1735,1784808061.8155522,8,0.0213015079498291,0.0026626884937286377,True
5,1736,1784808061.8371727,8,0.021888017654418945,0.002736002206802368,True
5,1737,1784808061.859392,8,0.02126336097717285,0.0026579201221466064,True
5,1738,1784808061.8809965,8,0.022169113159179688,0.002771139144897461,True
5,1739,1784808061.9036663,8,0.02129530906677246,0.0026619136333465576,True
5,1740,1784808061.9253547,8,0.02041339874267578,0.0025516748428344727,True
5,1741,1784808061.9461863,8,0.020447969436645508,0.0025559961795806885,True
5,1742,1784808061.9670088,8,0.021119356155395508,0.0026399195194244385,True
5,1743,1784808061.988482,8,0.01938462257385254,0.0024230778217315674,True
5,1744,1784808062.008302,8,0.019054889678955078,0.0023818612098693848,True
5,1745,1784808062.0276961,8,0.021699905395507812,0.0027124881744384766,True
5,1746,1784808062.0499232,8,0.019617795944213867,0.0024522244930267334,True
5,1747,1784808062.0709543,8,0.021111011505126953,0.002638876438140869,True
5,1748,1784808062.0926692,8,0.02145242691040039,0.002681553363800049,True
5,1749,1784808062.1146612,8,0.02425980567932129,0.003032475709915161,True
5,1750,1784808062.139383,8,0.020292997360229492,0.0025366246700286865,True
5,1751,1784808062.1601512,8,0.02016305923461914,0.0025203824043273926,True
5,1752,1784808062.1812193,8,0.02007150650024414,0.0025089383125305176,True
5,1753,1784808062.203797,8,0.019408226013183594,0.0024260282516479492,True
5,1754,1784808062.2235272,8,0.0219724178314209,0.0027465522289276123,True
5,1755,1784808062.246164,8,0.019651174545288086,0.0024563968181610107,True
5,1756,1784808062.2662754,8,0.02008962631225586,0.0025112032890319824,True
5,1757,1784808062.286754,8,0.02431654930114746,0.0030395686626434326,True
5,1758,1784808062.311972,8,0.019499540328979492,0.0024374425411224365,True
5,1759,1784808062.331999,8,0.01852583885192871,0.002315729856491089,True
5,1760,1784808062.3512442,8,0.018660545349121094,0.0023325681686401367,True
5,1761,1784808062.3705187,8,0.02138376235961914,0.0026729702949523926,True
5,1762,1784808062.3921697,8,0.020128250122070312,0.002516031265258789,True
5,1763,1784808062.4125938,8,0.01931142807006836,0.002413928508758545,True
5,1764,1784808062.4324903,8,0.020502090454101562,0.0025627613067626953,True
5,1765,1784808062.453424,8,0.0216827392578125,0.0027103424072265625,True
5,1766,1784808062.475523,8,0.0216522216796875,0.0027065277099609375,True
5,1767,1784808062.4975712,8,0.0214383602142334,0.002679795026779175,True
5,1768,1784808062.5194213,8,0.018729209899902344,0.002341151237487793,True
5,1769,1784808062.5385385,8,0.019538164138793945,0.002442270517349243,True
5,1770,1784808062.5588422,8,0.021992206573486328,0.002749025821685791,True
5,1771,1784808062.5811038,8,0.01997065544128418,0.0024963319301605225,True
5,1772,1784808062.6013649,8,0.020194292068481445,0.0025242865085601807,True
5,1773,1784808062.621918,8,0.01928567886352539,0.002410709857940674,True
5,1774,1784808062.641574,8,0.020305395126342773,0.0025381743907928467,True
5,1775,1784808062.6622772,8,0.020213603973388672,0.002526700496673584,True
5,1776,1784808062.6828132,8,0.020308732986450195,0.0025385916233062744,True
5,1777,1784808062.7034426,8,0.01976156234741211,0.0024701952934265137,True
5,1778,1784808062.723613,8,0.022449731826782227,0.0028062164783477783,True
5,1779,1784808062.746479,8,0.018985271453857422,0.0023731589317321777,True
5,1780,1784808062.7659285,8,0.01976323127746582,0.0024704039096832275,True
5,1781,1784808062.786137,8,0.02036309242248535,0.002545386552810669,True
5,1782,1784808062.8068607,8,0.020887374877929688,0.002610921859741211,True
5,1783,1784808062.828445,8,0.0201113224029541,0.0025139153003692627,True
5,1784,1784808062.8489664,8,0.019011259078979492,0.0023764073848724365,True
5,1785,1784808062.8685417,8,0.020452022552490234,0.0025565028190612793,True
5,1786,1784808062.8893366,8,0.019894123077392578,0.0024867653846740723,True
5,1787,1784808062.9095435,8,0.020024776458740234,0.0025030970573425293,True
5,1788,1784808062.9298506,8,0.020995140075683594,0.0026243925094604492,True
5,1789,1784808062.9511786,8,0.01896977424621582,0.0023712217807769775,True
5,1790,1784808062.9704773,8,0.01898050308227539,0.002372562885284424,True
5,1791,1784808062.9897532,8,0.02125096321105957,0.0026563704013824463,True
5,1792,1784808063.0114233,8,0.020391464233398438,0.0025489330291748047,True
5,1793,1784808063.032472,8,0.019134521484375,0.002391815185546875,True
5,1794,1784808063.051943,8,0.019795656204223633,0.002474457025527954,True
5,1795,1784808063.072058,8,0.02037334442138672,0.00254666805267334,True
5,1796,1784808063.0929093,8,0.020830869674682617,0.002603858709335327,True
5,1797,1784808063.1144388,8,0.019810199737548828,0.0024762749671936035,True
5,1798,1784808063.135179,8,0.020145177841186523,0.0025181472301483154,True
5,1799,1784808063.155783,8,0.018761396408081055,0.002345174551010132,True
5,1800,1784808063.1757529,8,0.020926952362060547,0.0026158690452575684,True
5,1801,1784808063.1982436,8,0.020572900772094727,0.002571612596511841,True
5,1802,1784808063.2191515,8,0.02102065086364746,0.0026275813579559326,True
5,1803,1784808063.2405658,8,0.019141197204589844,0.0023926496505737305,True
5,1804,1784808063.2601745,8,0.0196380615234375,0.0024547576904296875,True
5,1805,1784808063.2801962,8,0.022018909454345703,0.002752363681793213,True
5,1806,1784808063.302497,8,0.023085594177246094,0.0028856992721557617,True
5,1807,1784808063.325957,8,0.020453214645385742,0.0025566518306732178,True
5,1808,1784808063.3467126,8,0.02010822296142578,0.0025135278701782227,True
5,1809,1784808063.3671458,8,0.020520925521850586,0.0025651156902313232,True
5,1810,1784808063.3881788,8,0.021721601486206055,0.002715200185775757,True
5,1811,1784808063.4102857,8,0.019394874572753906,0.0024243593215942383,True
5,1812,1784808063.430019,8,0.020925521850585938,0.002615690231323242,True
5,1813,1784808063.451333,8,0.020267486572265625,0.002533435821533203,True
5,1814,1784808063.4719586,8,0.022274494171142578,0.0027843117713928223,True
5,1815,1784808063.4946651,8,0.02101731300354004,0.002627164125442505,True
5,1816,1784808063.5160844,8,0.019786357879638672,0.002473294734954834,True
5,1817,1784808063.5363913,8,0.02169656753540039,0.002712070941925049,True
5,1818,1784808063.5585365,8,0.021419525146484375,0.002677440643310547,True
5,1819,1784808063.5805755,8,0.020227670669555664,0.002528458833694458,True
5,1820,1784808063.6012053,8,0.019606590270996094,0.0024508237838745117,True
5,1821,1784808063.6213381,8,0.02177715301513672,0.00272214412689209,True
5,1822,1784808063.6434639,8,0.020641565322875977,0.002580195665359497,True
5,1823,1784808063.6646755,8,0.020818233489990234,0.0026022791862487793,True
5,1824,1784808063.6858847,8,0.021875381469726562,0.0027344226837158203,True
5,1825,1784808063.708352,8,0.019332408905029297,0.002416551113128662,True
5,1826,1784808063.7279751,8,0.021802425384521484,0.0027253031730651855,True
5,1827,1784808063.7501273,8,0.023023605346679688,0.002877950668334961,True
5,1828,1784808063.774214,8,0.021152734756469727,0.002644091844558716,True
5,1829,1784808063.7962573,8,0.021610021591186523,0.0027012526988983154,True
5,1830,1784808063.8182359,8,0.01968836784362793,0.002461045980453491,True
5,1831,1784808063.8382921,8,0.022908687591552734,0.002863585948944092,True
5,1832,1784808063.861561,8,0.020630598068237305,0.002578824758529663,True
5,1833,1784808063.8824813,8,0.020855188369750977,0.002606898546218872,True
5,1834,1784808063.9040987,8,0.021973848342895508,0.0027467310428619385,True
5,1835,1784808063.9267452,8,0.01935601234436035,0.002419501543045044,True
5,1836,1784808063.946684,8,0.020172119140625,0.002521514892578125,True
5,1837,1784808063.9672618,8,0.021368741989135742,0.0026710927486419678,True
5,1838,1784808063.988961,8,0.021759033203125,0.002719879150390625,True
5,1839,1784808064.011107,8,0.020352840423583984,0.002544105052947998,True
5,1840,1784808064.032227,8,0.021248817443847656,0.002656102180480957,True
5,1841,1784808064.0538661,8,0.018525123596191406,0.0023156404495239258,True
5,1842,1784808064.0727956,8,0.020466089248657227,0.0025582611560821533,True
5,1843,1784808064.0937605,8,0.019212007522583008,0.002401500940322876,True
5,1844,1784808064.1133583,8,0.019358396530151367,0.002419799566268921,True
5,1845,1784808064.1330905,8,0.02018141746520996,0.002522677183151245,True
5,1846,1784808064.153655,8,0.02027106285095215,0.0025338828563690186,True
5,1847,1784808064.1742554,8,0.020275592803955078,0.0025344491004943848,True
5,1848,1784808064.1950707,8,0.02003026008605957,0.0025037825107574463,True
5,1849,1784808064.2154853,8,0.020189762115478516,0.0025237202644348145,True
5,1850,1784808064.236132,8,0.019775390625,0.002471923828125,True
5,1851,1784808064.2563362,8,0.02040553092956543,0.0025506913661956787,True
5,1852,1784808064.2771552,8,0.020012378692626953,0.002501547336578369,True
5,1853,1784808064.2976398,8,0.021050453186035156,0.0026313066482543945,True
5,1854,1784808064.3191013,8,0.02039623260498047,0.0025495290756225586,True
5,1855,1784808064.3398037,8,0.019919633865356445,0.0024899542331695557,True
5,1856,1784808064.3601398,8,0.01926422119140625,0.0024080276489257812,True
5,1857,1784808064.379675,8,0.0224761962890625,0.0028095245361328125,True
5,1858,1784808064.4026299,8,0.021340608596801758,0.0026675760746002197,True
5,1859,1784808064.4243357,8,0.020414113998413086,0.0025517642498016357,True
5,1860,1784808064.445695,8,0.021279573440551758,0.0026599466800689697,True
5,1861,1784808064.4673822,8,0.018906593322753906,0.0023633241653442383,True
5,1862,1784808064.4866457,8,0.024365663528442383,0.003045707941055298,True
5,1863,1784808064.5121286,8,0.01663827896118164,0.002079784870147705,True
5,1864,1784808064.52918,8,0.020733356475830078,0.0025916695594787598,True
5,1865,1784808064.5502021,8,0.0207517147064209,0.0025939643383026123,True
5,1866,1784808064.5712311,8,0.01892256736755371,0.002365320920944214,True
5,1867,1784808064.5904758,8,0.02182626724243164,0.002728283405303955,True
5,1868,1784808064.6126494,8,0.022504568099975586,0.0028130710124969482,True
5,1869,1784808064.6362555,8,0.020234107971191406,0.0025292634963989258,True
5,1870,1784808064.656903,8,0.02222728729248047,0.0027784109115600586,True
5,1871,1784808064.6796834,8,0.020865440368652344,0.002608180046081543,True
5,1872,1784808064.7008352,8,0.020322799682617188,0.0025403499603271484,True
5,1873,1784808064.7215254,8,0.019980669021606445,0.0024975836277008057,True
5,1874,1784808064.7418532,8,0.019470691680908203,0.0024338364601135254,True
5,1875,1784808064.7616382,8,0.021825790405273438,0.0027282238006591797,True
5,1876,1784808064.7839475,8,0.0216827392578125,0.0027103424072265625,True
5,1877,1784808064.8059654,8,0.020267486572265625,0.002533435821533203,True
5,1878,1784808064.8272393,8,0.021242856979370117,0.0026553571224212646,True
5,1879,1784808064.8489058,8,0.022193193435668945,0.002774149179458618,True
5,1880,1784808064.8714817,8,0.01988363265991211,0.0024854540824890137,True
5,1881,1784808064.8916721,8,0.019373655319213867,0.0024217069149017334,True
5,1882,1784808064.9114265,8,0.020508289337158203,0.0025635361671447754,True
5,1883,1784808064.9323545,8,0.02026844024658203,0.002533555030822754,True
5,1884,1784808064.9537182,8,0.019153833389282227,0.0023942291736602783,True
5,1885,1784808064.973316,8,0.02239084243774414,0.0027988553047180176,True
5,1886,1784808064.9961596,8,0.018762826919555664,0.002345353364944458,True
5,1887,1784808065.0160713,8,0.020895004272460938,0.002611875534057617,True
5,1888,1784808065.0373778,8,0.01921367645263672,0.00240170955657959,True
5,1889,1784808065.056968,8,0.022263050079345703,0.002782881259918213,True
5,1890,1784808065.0795102,8,0.020122289657592773,0.0025152862071990967,True
5,1891,1784808065.0999403,8,0.02144622802734375,0.0026807785034179688,True
5,1892,1784808065.1216414,8,0.021323442459106445,0.0026654303073883057,True
5,1893,1784808065.1433628,8,0.01973104476928711,0.0024663805961608887,True
5,1894,1784808065.1634614,8,0.01999640464782715,0.0024995505809783936,True
5,1895,1784808065.1837766,8,0.021080970764160156,0.0026351213455200195,True
5,1896,1784808065.2053144,8,0.021065235137939453,0.0026331543922424316,True
5,1897,1784808065.2266767,8,0.02005481719970703,0.002506852149963379,True
5,1898,1784808065.247102,8,0.020233869552612305,0.002529233694076538,True
5,1899,1784808065.2677562,8,0.021181106567382812,0.0026476383209228516,True
5,1900,1784808065.2899582,8,0.021463394165039062,0.002682924270629883,True
5,1901,1784808065.312124,8,0.02010512351989746,0.0025131404399871826,True
5,1902,1784808065.3326352,8,0.021265268325805664,0.002658158540725708,True
5,1903,1784808065.3542833,8,0.018853425979614258,0.0023566782474517822,True
5,1904,1784808065.3734338,8,0.020419836044311523,0.0025524795055389404,True
5,1905,1784808065.394266,8,0.019321680068969727,0.002415210008621216,True
5,1906,1784808065.4138968,8,0.020503759384155273,0.002562969923019409,True
5,1907,1784808065.4348783,8,0.020215988159179688,0.002526998519897461,True
5,1908,1784808065.455437,8,0.020623445510864258,0.0025779306888580322,True
5,1909,1784808065.4764156,8,0.01883840560913086,0.0023548007011413574,True
5,1910,1784808065.4956245,8,0.020030975341796875,0.0025038719177246094,True
5,1911,1784808065.5159948,8,0.02218008041381836,0.002772510051727295,True
5,1912,1784808065.5386896,8,0.021111011505126953,0.002638876438140869,True
5,1913,1784808065.5602329,8,0.01938319206237793,0.002422899007797241,True
5,1914,1784808065.5799458,8,0.01965641975402832,0.00245705246925354,True
5,1915,1784808065.60004,8,0.021125078201293945,0.002640634775161743,True
5,1916,1784808065.621627,8,0.019014358520507812,0.0023767948150634766,True
5,1917,1784808065.640986,8,0.02155327796936035,0.002694159746170044,True
5,1918,1784808065.6630828,8,0.01913142204284668,0.002391427755355835,True
5,1919,1784808065.6825218,8,0.021045207977294922,0.0026306509971618652,True
5,1920,1784808065.7039115,8,0.020299911499023438,0.0025374889373779297,True
5,1921,1784808065.7246168,8,0.01967024803161621,0.0024587810039520264,True
5,1922,1784808065.7446516,8,0.020273923873901367,0.002534240484237671,True
5,1923,1784808065.765455,8,0.02182173728942871,0.002727717161178589,True
5,1924,1784808065.7880664,8,0.020458698272705078,0.0025573372840881348,True
5,1925,1784808065.8088245,8,0.019908905029296875,0.0024886131286621094,True
5,1926,1784808065.8291962,8,0.019867658615112305,0.002483457326889038,True
5,1927,1784808065.8494692,8,0.01868605613708496,0.00233575701713562,True
5,1928,1784808065.868487,8,0.01921248435974121,0.0024015605449676514,True
5,1929,1784808065.889488,8,0.0211484432220459,0.0026435554027557373,True
5,1930,1784808065.9115548,8,0.02050495147705078,0.0025631189346313477,True
5,1931,1784808065.9325066,8,0.02293682098388672,0.00286710262298584,True
5,1932,1784808065.9565852,8,0.021097660064697266,0.002637207508087158,True
5,1933,1784808065.9781253,8,0.02028965950012207,0.002536207437515259,True
5,1934,1784808065.9987187,8,0.02080082893371582,0.0026001036167144775,True
5,1935,1784808066.0198393,8,0.02009296417236328,0.00251162052154541,True
5,1936,1784808066.040365,8,0.020231962203979492,0.0025289952754974365,True
5,1937,1784808066.06095,8,0.019687891006469727,0.002460986375808716,True
5,1938,1784808066.0810094,8,0.018903017044067383,0.002362877130508423,True
5,1939,1784808066.100302,8,0.018597126007080078,0.0023246407508850098,True
5,1940,1784808066.1192524,8,0.022415876388549805,0.0028019845485687256,True
5,1941,1784808066.1420834,8,0.01773238182067871,0.002216547727584839,True
5,1942,1784808066.1601288,8,0.020462512969970703,0.002557814121246338,True
5,1943,1784808066.1808953,8,0.019731521606445312,0.002466440200805664,True
5,1944,1784808066.2010999,8,0.019765138626098633,0.002470642328262329,True
5,1945,1784808066.2211554,8,0.021292686462402344,0.002661585807800293,True
5,1946,1784808066.2428231,8,0.019630908966064453,0.0024538636207580566,True
5,1947,1784808066.2628925,8,0.02199864387512207,0.002749830484390259,True
5,1948,1784808066.2852402,8,0.02081012725830078,0.0026012659072875977,True
5,1949,1784808066.3064003,8,0.02051258087158203,0.002564072608947754,True
5,1950,1784808066.3272815,8,0.0207822322845459,0.0025977790355682373,True
5,1951,1784808066.3486087,8,0.019379138946533203,0.0024223923683166504,True
5,1952,1784808066.3685305,8,0.02058720588684082,0.0025734007358551025,True
5,1953,1784808066.389732,8,0.020631074905395508,0.0025788843631744385,True
5,1954,1784808066.4107645,8,0.019913673400878906,0.0024892091751098633,True
5,1955,1784808066.4313052,8,0.021614551544189453,0.0027018189430236816,True
5,1956,1784808066.4544587,8,0.02119755744934082,0.0026496946811676025,True
5,1957,1784808066.475952,8,0.02002739906311035,0.002503424882888794,True
5,1958,1784808066.4963446,8,0.020084142684936523,0.0025105178356170654,True
5,1959,1784808066.5170856,8,0.020274639129638672,0.002534329891204834,True
5,1960,1784808066.537788,8,0.01999831199645996,0.002499788999557495,True
5,1961,1784808066.558112,8,0.020814180374145508,0.0026017725467681885,True
5,1962,1784808066.579331,8,0.020864009857177734,0.002608001232147217,True
5,1963,1784808066.600659,8,0.020002365112304688,0.002500295639038086,True
5,1964,1784808066.6211438,8,0.021061420440673828,0.0026326775550842285,True
5,1965,1784808066.6424842,8,0.02094268798828125,0.0026178359985351562,True
5,1966,1784808066.6637647,8,0.02086472511291504,0.00260809063911438,True
5,1967,1784808066.6849391,8,0.02001786231994629,0.002502232789993286,True
5,1968,1784808066.7053847,8,0.02089715003967285,0.0026121437549591064,True
5,1969,1784808066.7266293,8,0.02071523666381836,0.002589404582977295,True
5,1970,1784808066.7478168,8,0.019913196563720703,0.002489149570465088,True
5,1971,1784808066.7680483,8,0.02064371109008789,0.0025804638862609863,True
5,1972,1784808066.7891095,8,0.019841670989990234,0.0024802088737487793,True
5,1973,1784808066.8092692,8,0.023078203201293945,0.002884775400161743,True
5,1974,1784808066.8327212,8,0.01867198944091797,0.002333998680114746,True
5,1975,1784808066.8517814,8,0.020818710327148438,0.0026023387908935547,True
5,1976,1784808066.8731036,8,0.02047133445739746,0.0025589168071746826,True
5,1977,1784808066.8939974,8,0.01953411102294922,0.0024417638778686523,True
5,1978,1784808066.913844,8,0.019362926483154297,0.002420365810394287,True
5,1979,1784808066.9337437,8,0.019531965255737305,0.002441495656967163,True
5,1980,1784808066.9542348,8,0.020088672637939453,0.0025110840797424316,True
5,1981,1784808066.9747784,8,0.020285844802856445,0.0025357306003570557,True
5,1982,1784808066.9953835,8,0.02033543586730957,0.0025419294834136963,True
5,1983,1784808067.0160887,8,0.023152589797973633,0.002894073724746704,True
5,1984,1784808067.03979,8,0.021658897399902344,0.002707362174987793,True
5,1985,1784808067.0618112,8,0.019903182983398438,0.0024878978729248047,True
5,1986,1784808067.0820746,8,0.020253419876098633,0.002531677484512329,True
5,1987,1784808067.1027179,8,0.021663188934326172,0.0027078986167907715,True
5,1988,1784808067.1248589,8,0.019268035888671875,0.0024085044860839844,True
5,1989,1784808067.144448,8,0.019540786743164062,0.002442598342895508,True
5,1990,1784808067.1643817,8,0.021355390548706055,0.002669423818588257,True
5,1991,1784808067.1861773,8,0.020171403884887695,0.002521425485610962,True
5,1992,1784808067.2066326,8,0.020957469940185547,0.0026196837425231934,True
5,1993,1784808067.2291043,8,0.019898176193237305,0.002487272024154663,True
5,1994,1784808067.2495542,8,0.02160024642944336,0.00270003080368042,True
5,1995,1784808067.2716389,8,0.019743680953979492,0.0024679601192474365,True
5,1996,1784808067.2918282,8,0.022898197174072266,0.002862274646759033,True
5,1997,1784808067.3151205,8,0.019841909408569336,0.002480238676071167,True
5,1998,1784808067.3353467,8,0.019730329513549805,0.0024662911891937256,True
5,1999,1784808067.3555868,8,0.019643783569335938,0.002455472946166992,True
5,2000,1784808067.3755193,8,0.021648406982421875,0.0027060508728027344,True
5,2001,1784808067.3975737,8,0.02162957191467285,0.0027036964893341064,True
5,2002,1784808067.4195259,8,0.020293235778808594,0.0025366544723510742,True
5,2003,1784808067.4408312,8,0.02241230010986328,0.00280153751373291,True
5,2004,1784808067.4636688,8,0.021430253982543945,0.002678781747817993,True
5,2005,1784808067.4855204,8,0.021901369094848633,0.002737671136856079,True
5,2006,1784808067.5081844,8,0.021136760711669922,0.0026420950889587402,True
5,2007,1784808067.5298731,8,0.020836591720581055,0.002604573965072632,True
5,2008,1784808067.5517051,8,0.019270658493041992,0.002408832311630249,True
5,2009,1784808067.5720737,8,0.021646976470947266,0.002705872058868408,True
5,2010,1784808067.594347,8,0.018566370010375977,0.002320796251296997,True
5,2011,1784808067.6133142,8,0.020168781280517578,0.0025210976600646973,True
5,2012,1784808067.6351104,8,0.020439624786376953,0.002554953098297119,True
5,2013,1784808067.6577506,8,0.0214998722076416,0.0026874840259552,True
5,2014,1784808067.6796372,8,0.021661996841430664,0.002707749605178833,True
5,2015,1784808067.7022357,8,0.019008398056030273,0.002376049757003784,True
5,2016,1784808067.7215545,8,0.020131349563598633,0.002516418695449829,True
5,2017,1784808067.7420573,8,0.019914865493774414,0.0024893581867218018,True
5,2018,1784808067.7624228,8,0.02048325538635254,0.0025604069232940674,True
5,2019,1784808067.783263,8,0.020282745361328125,0.0025353431701660156,True
5,2020,1784808067.803825,8,0.020013093948364258,0.0025016367435455322,True
5,2021,1784808067.8241656,8,0.018954038619995117,0.0023692548274993896,True
5,2022,1784808067.843519,8,0.020107030868530273,0.002513378858566284,True
5,2023,1784808067.8639755,8,0.020673274993896484,0.0025841593742370605,True
5,2024,1784808067.8849726,8,0.019821643829345703,0.002477705478668213,True
5,2025,1784808067.905154,8,0.020708560943603516,0.0025885701179504395,True
5,2026,1784808067.9261758,8,0.019313573837280273,0.002414196729660034,True
5,2027,1784808067.9465716,8,0.020043373107910156,0.0025054216384887695,True
5,2028,1784808067.9675221,8,0.021703481674194336,0.002712935209274292,True
5,2029,1784808067.9897695,8,0.019689083099365234,0.0024611353874206543,True
5,2030,1784808068.0098174,8,0.021142959594726562,0.0026428699493408203,True
5,2031,1784808068.0312188,8,0.021214723587036133,0.0026518404483795166,True
5,2032,1784808068.053005,8,0.018267154693603516,0.0022833943367004395,True
5,2033,1784808068.071738,8,0.019802570343017578,0.0024753212928771973,True
5,2034,1784808068.0918555,8,0.02190375328063965,0.002737969160079956,True
5,2035,1784808068.1141062,8,0.01872563362121582,0.0023407042026519775,True
5,2036,1784808068.1332037,8,0.023326873779296875,0.0029158592224121094,True
5,2037,1784808068.15693,8,0.01926708221435547,0.0024083852767944336,True
5,2038,1784808068.1767206,8,0.02025151252746582,0.0025314390659332275,True
5,2039,1784808068.19761,8,0.018637895584106445,0.0023297369480133057,True
5,2040,1784808068.2165477,8,0.02290034294128418,0.0028625428676605225,True
5,2041,1784808068.2398016,8,0.01876664161682129,0.002345830202102661,True
5,2042,1784808068.2589939,8,0.021608829498291016,0.002701103687286377,True
5,2043,1784808068.2810016,8,0.019715070724487305,0.002464383840560913,True
5,2044,1784808068.3011215,8,0.021289587020874023,0.002661198377609253,True
5,2045,1784808068.3227587,8,0.020395517349243164,0.0025494396686553955,True
5,2046,1784808068.344386,8,0.019927501678466797,0.0024909377098083496,True
5,2047,1784808068.364818,8,0.019974708557128906,0.0024968385696411133,True
5,2048,1784808068.3854425,8,0.02004408836364746,0.0025055110454559326,True
5,2049,1784808068.4062572,8,0.020471811294555664,0.002558976411819458,True
5,2050,1784808068.427185,8,0.02211618423461914,0.0027645230293273926,True
5,2051,1784808068.4501266,8,0.02121281623840332,0.002651602029800415,True
5,2052,1784808068.4718037,8,0.019642353057861328,0.002455294132232666,True
5,2053,1784808068.4922976,8,0.02077627182006836,0.002597033977508545,True
5,2054,1784808068.5143616,8,0.02233409881591797,0.002791762351989746,True
5,2055,1784808068.5370796,8,0.019811153411865234,0.0024763941764831543,True
5,2056,1784808068.5573714,8,0.02178359031677246,0.0027229487895965576,True
5,2057,1784808068.5796804,8,0.01947331428527832,0.00243416428565979,True
5,2058,1784808068.59963,8,0.020494699478149414,0.0025618374347686768,True
5,2059,1784808068.6205215,8,0.02030014991760254,0.0025375187397003174,True
5,2060,1784808068.641146,8,0.02061176300048828,0.002576470375061035,True
5,2061,1784808068.6621678,8,0.021019458770751953,0.002627432346343994,True
5,2062,1784808068.6838477,8,0.020136117935180664,0.002517014741897583,True
5,2063,1784808068.7044368,8,0.019136667251586914,0.0023920834064483643,True
5,2064,1784808068.7243314,8,0.020885944366455078,0.0026107430458068848,True
5,2065,1784808068.747069,8,0.01976180076599121,0.0024702250957489014,True
5,2066,1784808068.767171,8,0.02091360092163086,0.0026142001152038574,True
5,2067,1784808068.788474,8,0.021196603775024414,0.0026495754718780518,True
5,2068,1784808068.81006,8,0.019837617874145508,0.0024797022342681885,True
5,2069,1784808068.8303654,8,0.020621538162231445,0.0025776922702789307,True
5,2070,1784808068.8512685,8,0.02083611488342285,0.0026045143604278564,True
5,2071,1784808068.873669,8,0.020119905471801758,0.0025149881839752197,True
5,2072,1784808068.8942573,8,0.019709110260009766,0.0024636387825012207,True
5,2073,1784808068.9144046,8,0.020497560501098633,0.002562195062637329,True
5,2074,1784808068.935303,8,0.018874645233154297,0.002359330654144287,True
5,2075,1784808068.954683,8,0.020026445388793945,0.002503305673599243,True
5,2076,1784808068.9752157,8,0.020110607147216797,0.0025138258934020996,True
5,2077,1784808068.9958403,8,0.019863128662109375,0.002482891082763672,True
5,2078,1784808069.016122,8,0.02078700065612793,0.002598375082015991,True
5,2079,1784808069.0372658,8,0.0205841064453125,0.0025730133056640625,True
5,2080,1784808069.058225,8,0.019358158111572266,0.002419769763946533,True
5,2081,1784808069.0779278,8,0.021053075790405273,0.002631634473800659,True
5,2082,1784808069.0994287,8,0.019359350204467773,0.0024199187755584717,True
5,2083,1784808069.1193044,8,0.021081209182739258,0.0026351511478424072,True
5,2084,1784808069.140734,8,0.021065950393676758,0.0026332437992095947,True
5,2085,1784808069.1625316,8,0.019519567489624023,0.002439945936203003,True
5,2086,1784808069.1825552,8,0.019492387771606445,0.0024365484714508057,True
5,2087,1784808069.2024434,8,0.02121567726135254,0.0026519596576690674,True
5,2088,1784808069.2240899,8,0.019139766693115234,0.0023924708366394043,True
5,2089,1784808069.2435029,8,0.020421743392944336,0.002552717924118042,True
5,2090,1784808069.2643247,8,0.020438432693481445,0.0025548040866851807,True
5,2091,1784808069.2850957,8,0.019080162048339844,0.0023850202560424805,True
5,2092,1784808069.3045738,8,0.020547151565551758,0.0025683939456939697,True
5,2093,1784808069.3254611,8,0.02067875862121582,0.0025848448276519775,True
5,2094,1784808069.346426,8,0.02018904685974121,0.0025236308574676514,True
5,2095,1784808069.3669553,8,0.019064664840698242,0.0023830831050872803,True
5,2096,1784808069.3863041,8,0.021503448486328125,0.0026879310607910156,True
5,2097,1784808069.4081426,8,0.019121646881103516,0.0023902058601379395,True
5,2098,1784808069.4276183,8,0.01851797103881836,0.002314746379852295,True
5,2099,1784808069.4464064,8,0.019399642944335938,0.002424955368041992,True
5,2100,1784808069.4661708,8,0.021048784255981445,0.0026310980319976807,True
5,2101,1784808069.4876292,8,0.020934104919433594,0.0026167631149291992,True
5,2102,1784808069.509058,8,0.020365476608276367,0.002545684576034546,True
5,2103,1784808069.529728,8,0.019594192504882812,0.0024492740631103516,True
5,2104,1784808069.549617,8,0.023613452911376953,0.002951681613922119,True
5,2105,1784808069.5740986,8,0.020345449447631836,0.0025431811809539795,True
5,2106,1784808069.5948873,8,0.020808935165405273,0.002601116895675659,True
5,2107,1784808069.6159728,8,0.023578882217407227,0.0029473602771759033,True
5,2108,1784808069.6401029,8,0.020990848541259766,0.0026238560676574707,True
5,2109,1784808069.661444,8,0.018980979919433594,0.0023726224899291992,True
5,2110,1784808069.6806917,8,0.021317005157470703,0.002664625644683838,True
5,2111,1784808069.702305,8,0.0192568302154541,0.0024071037769317627,True
5,2112,1784808069.7220929,8,0.01905345916748047,0.0023816823959350586,True
5,2113,1784808069.7415001,8,0.01988530158996582,0.0024856626987457275,True
5,2114,1784808069.7617538,8,0.023066997528076172,0.0028833746910095215,True
5,2115,1784808069.7853737,8,0.02099013328552246,0.0026237666606903076,True
5,2116,1784808069.8066766,8,0.02059459686279297,0.002574324607849121,True
5,2117,1784808069.8276238,8,0.018497467041015625,0.002312183380126953,True
5,2118,1784808069.8465245,8,0.019350767135620117,0.0024188458919525146,True
5,2119,1784808069.8661423,8,0.0198061466217041,0.0024757683277130127,True
5,2120,1784808069.8862047,8,0.02007269859313965,0.002509087324142456,True
5,2121,1784808069.907017,8,0.021316051483154297,0.002664506435394287,True
5,2122,1784808069.9289224,8,0.019682884216308594,0.0024603605270385742,True
5,2123,1784808069.9489388,8,0.020580291748046875,0.0025725364685058594,True
5,2124,1784808069.9698796,8,0.020447492599487305,0.002555936574935913,True
5,2125,1784808069.9908032,8,0.020437002182006836,0.0025546252727508545,True
5,2126,1784808070.0116622,8,0.02050471305847168,0.00256308913230896,True
5,2127,1784808070.032484,8,0.018689870834350586,0.0023362338542938232,True
5,2128,1784808070.0519097,8,0.021190404891967773,0.0026488006114959717,True
5,2129,1784808070.0735798,8,0.01986074447631836,0.002482593059539795,True
5,2130,1784808070.094032,8,0.021863698959350586,0.0027329623699188232,True
5,2131,1784808070.1165535,8,0.02221059799194336,0.00277632474899292,True
5,2132,1784808070.1392593,8,0.02124476432800293,0.002655595541000366,True
5,2133,1784808070.1610858,8,0.020790815353393555,0.0025988519191741943,True
5,2134,1784808070.183569,8,0.0201261043548584,0.0025157630443573,True
5,2135,1784808070.2042167,8,0.021094083786010742,0.0026367604732513428,True
5,2136,1784808070.2260976,8,0.02022099494934082,0.0025276243686676025,True
5,2137,1784808070.2466474,8,0.020643234252929688,0.002580404281616211,True
5,2138,1784808070.2675998,8,0.02017378807067871,0.002521723508834839,True
5,2139,1784808070.288325,8,0.020946264266967773,0.0026182830333709717,True
5,2140,1784808070.3095765,8,0.019805431365966797,0.0024756789207458496,True
5,2141,1784808070.3297606,8,0.021126985549926758,0.0026408731937408447,True
5,2142,1784808070.3513296,8,0.023418903350830078,0.0029273629188537598,True
5,2143,1784808070.3750925,8,0.017897367477416992,0.002237170934677124,True
5,2144,1784808070.3934555,8,0.02232527732849121,0.0027906596660614014,True
5,2145,1784808070.4160614,8,0.019703388214111328,0.002462923526763916,True
5,2146,1784808070.4361613,8,0.01951432228088379,0.0024392902851104736,True
5,2147,1784808070.4560027,8,0.020555973052978516,0.0025694966316223145,True
5,2148,1784808070.4771578,8,0.018979787826538086,0.0023724734783172607,True
5,2149,1784808070.4967146,8,0.020810604095458984,0.002601325511932373,True
5,2150,1784808070.5179777,8,0.019989490509033203,0.0024986863136291504,True
5,2151,1784808070.538822,8,0.020836830139160156,0.0026046037673950195,True
5,2152,1784808070.5611713,8,0.02058887481689453,0.0025736093521118164,True
5,2153,1784808070.5820785,8,0.020818471908569336,0.002602308988571167,True
5,2154,1784808070.6035194,8,0.01898193359375,0.00237274169921875,True
5,2155,1784808070.6228273,8,0.019704818725585938,0.002463102340698242,True
5,2156,1784808070.6429882,8,0.02079463005065918,0.0025993287563323975,True
5,2157,1784808070.6642222,8,0.01957106590270996,0.002446383237838745,True
5,2158,1784808070.6843662,8,0.01930713653564453,0.0024133920669555664,True
5,2159,1784808070.7039816,8,0.019625186920166016,0.002453148365020752,True
5,2160,1784808070.724243,8,0.020841598510742188,0.0026051998138427734,True
5,2161,1784808070.7453632,8,0.020818233489990234,0.0026022791862487793,True
5,2162,1784808070.7665288,8,0.0197446346282959,0.0024680793285369873,True
5,2163,1784808070.7865498,8,0.02111530303955078,0.0026394128799438477,True
5,2164,1784808070.8083198,8,0.02044057846069336,0.00255507230758667,True
5,2165,1784808070.829166,8,0.02016162872314453,0.0025202035903930664,True
5,2166,1784808070.8497074,8,0.02003192901611328,0.00250399112701416,True
5,2167,1784808070.8700597,8,0.022119760513305664,0.002764970064163208,True
5,2168,1784808070.8929253,8,0.02074575424194336,0.00259321928024292,True
5,2169,1784808070.9143198,8,0.019891023635864258,0.0024863779544830322,True
5,2170,1784808070.935213,8,0.02188849449157715,0.0027360618114471436,True
5,2171,1784808070.9575493,8,0.019187211990356445,0.0023984014987945557,True
5,2172,1784808070.977035,8,0.01994180679321289,0.0024927258491516113,True
5,2173,1784808070.9973745,8,0.02050161361694336,0.00256270170211792,True
5,2174,1784808071.0182595,8,0.02082085609436035,0.002602607011795044,True
5,2175,1784808071.0395234,8,0.019768714904785156,0.0024710893630981445,True
5,2176,1784808071.0596297,8,0.01972675323486328,0.00246584415435791,True
5,2177,1784808071.0797064,8,0.019968032836914062,0.002496004104614258,True
5,2178,1784808071.1000986,8,0.020004749298095703,0.002500593662261963,True
5,2179,1784808071.1207855,8,0.021090269088745117,0.0026362836360931396,True
5,2180,1784808071.1428955,8,0.020789623260498047,0.002598702907562256,True
5,2181,1784808071.1643052,8,0.019896507263183594,0.0024870634078979492,True
5,2182,1784808071.184713,8,0.02176499366760254,0.0027206242084503174,True
5,2183,1784808071.2067785,8,0.02139449119567871,0.002674311399459839,True
5,2184,1784808071.2284684,8,0.021190881729125977,0.002648860216140747,True
5,2185,1784808071.250153,8,0.019781827926635742,0.0024727284908294678,True
5,2186,1784808071.2703173,8,0.02150583267211914,0.0026882290840148926,True
5,2187,1784808071.2922077,8,0.021150588989257812,0.0026438236236572266,True
5,2188,1784808071.3136704,8,0.020073413848876953,0.002509176731109619,True
5,2189,1784808071.3342428,8,0.02112603187561035,0.002640753984451294,True
5,2190,1784808071.3556864,8,0.021455764770507812,0.0026819705963134766,True
5,2191,1784808071.37744,8,0.021389484405517578,0.0026736855506896973,True
5,2192,1784808071.3991468,8,0.02169346809387207,0.002711683511734009,True
5,2193,1784808071.4211574,8,0.022938966751098633,0.002867370843887329,True
5,2194,1784808071.4445403,8,0.020340681076049805,0.0025425851345062256,True
5,2195,1784808071.4655514,8,0.020006656646728516,0.0025008320808410645,True
5,2196,1784808071.4859772,8,0.020274877548217773,0.0025343596935272217,True
5,2197,1784808071.5066714,8,0.022333621978759766,0.0027917027473449707,True
5,2198,1784808071.5294983,8,0.019830703735351562,0.0024788379669189453,True
5,2199,1784808071.5497217,8,0.023671865463256836,0.0029589831829071045,True
5,2200,1784808071.5742693,8,0.01871013641357422,0.0023387670516967773,True
5,2201,1784808071.59328,8,0.020069360733032227,0.0025086700916290283,True
5,2202,1784808071.6136727,8,0.020297765731811523,0.0025372207164764404,True
5,2203,1784808071.6343188,8,0.021381378173828125,0.0026726722717285156,True
5,2204,1784808071.6561532,8,0.022737979888916016,0.002842247486114502,True
5,2205,1784808071.6793864,8,0.019556283950805664,0.002444535493850708,True
5,2206,1784808071.6993184,8,0.01935601234436035,0.002419501543045044,True
5,2207,1784808071.719055,8,0.0198366641998291,0.0024795830249786377,True
5,2208,1784808071.739416,8,0.02042675018310547,0.0025533437728881836,True
5,2209,1784808071.7602046,8,0.021648645401000977,0.002706080675125122,True
5,2210,1784808071.782116,8,0.021567106246948242,0.0026958882808685303,True
5,2211,1784808071.8039644,8,0.020163774490356445,0.0025204718112945557,True
5,2212,1784808071.8245986,8,0.0193021297454834,0.002412766218185425,True
5,2213,1784808071.8443248,8,0.02034163475036621,0.0025427043437957764,True
5,2214,1784808071.865085,8,0.020060062408447266,0.002507507801055908,True
5,2215,1784808071.885521,8,0.02082967758178711,0.0026037096977233887,True
5,2216,1784808071.9066632,8,0.020780324935913086,0.0025975406169891357,True
5,2217,1784808071.9276903,8,0.019948244094848633,0.002493530511856079,True
5,2218,1784808071.9483285,8,0.019657611846923828,0.0024572014808654785,True
5,2219,1784808071.9690948,8,0.020253658294677734,0.002531707286834717,True
5,2220,1784808071.9897428,8,0.019711732864379883,0.0024639666080474854,True
5,2221,1784808072.009754,8,0.020301342010498047,0.002537667751312256,True
5,2222,1784808072.0303526,8,0.020902633666992188,0.0026128292083740234,True
5,2223,1784808072.0515351,8,0.019779443740844727,0.002472430467605591,True
5,2224,1784808072.0719597,8,0.018704652786254883,0.0023380815982818604,True
5,2225,1784808072.0909631,8,0.0193636417388916,0.00242045521736145,True
5,2226,1784808072.110888,8,0.019741296768188477,0.0024676620960235596,True
5,2227,1784808072.1309335,8,0.021180152893066406,0.0026475191116333008,True
5,2228,1784808072.1525104,8,0.020598173141479492,0.0025747716426849365,True
5,2229,1784808072.1735597,8,0.020013093948364258,0.0025016367435455322,True
5,2230,1784808072.1940668,8,0.02076435089111328,0.00259554386138916,True
5,2231,1784808072.215125,8,0.01938915252685547,0.0024236440658569336,True
5,2232,1784808072.2348363,8,0.02013373374938965,0.002516716718673706,True
5,2233,1784808072.2555366,8,0.019590377807617188,0.0024487972259521484,True
5,2234,1784808072.2754195,8,0.01931285858154297,0.002414107322692871,True
5,2235,1784808072.2950742,8,0.020750045776367188,0.0025937557220458984,True
5,2236,1784808072.316587,8,0.0196688175201416,0.0024586021900177,True
5,2237,1784808072.3366935,8,0.019402265548706055,0.002425283193588257,True
5,2238,1784808072.3569307,8,0.023260831832885742,0.0029076039791107178,True
5,2239,1784808072.3807201,8,0.01890873908996582,0.0023635923862457275,True
5,2240,1784808072.4000878,8,0.020097970962524414,0.0025122463703155518,True
5,2241,1784808072.420803,8,0.02133631706237793,0.002667039632797241,True
5,2242,1784808072.4425297,8,0.019101381301879883,0.0023876726627349854,True
5,2243,1784808072.462367,8,0.019755840301513672,0.002469480037689209,True
5,2244,1784808072.4824574,8,0.020045757293701172,0.0025057196617126465,True
5,2245,1784808072.5028908,8,0.01919388771057129,0.002399235963821411,True
5,2246,1784808072.5225623,8,0.019565105438232422,0.0024456381797790527,True
5,2247,1784808072.5425777,8,0.020131349563598633,0.002516418695449829,True
5,2248,1784808072.563008,8,0.01878952980041504,0.00234869122505188,True
5,2249,1784808072.5821779,8,0.02023005485534668,0.002528756856918335,True
5,2250,1784808072.603398,8,0.02144336700439453,0.0026804208755493164,True
5,2251,1784808072.625171,8,0.020247697830200195,0.0025309622287750244,True
5,2252,1784808072.6456928,8,0.020388126373291016,0.002548515796661377,True
5,2253,1784808072.6665134,8,0.020582914352416992,0.002572864294052124,True
5,2254,1784808072.6874726,8,0.020599842071533203,0.0025749802589416504,True
5,2255,1784808072.7084296,8,0.021973609924316406,0.0027467012405395508,True
5,2256,1784808072.7307816,8,0.022611618041992188,0.0028264522552490234,True
5,2257,1784808072.753858,8,0.021742582321166992,0.002717822790145874,True
5,2258,1784808072.7759132,8,0.01863861083984375,0.0023298263549804688,True
5,2259,1784808072.795315,8,0.02103424072265625,0.0026292800903320312,True
5,2260,1784808072.8170705,8,0.020772695541381836,0.0025965869426727295,True
5,2261,1784808072.8384144,8,0.020549297332763672,0.002568662166595459,True
5,2262,1784808072.8593662,8,0.018972158432006836,0.0023715198040008545,True
5,2263,1784808072.8787286,8,0.02023768424987793,0.002529710531234741,True
5,2264,1784808072.8993466,8,0.020619630813598633,0.002577453851699829,True
5,2265,1784808072.9203644,8,0.020291566848754883,0.0025364458560943604,True
5,2266,1784808072.940966,8,0.019856929779052734,0.002482116222381592,True
5,2267,1784808072.9611912,8,0.022118091583251953,0.002764761447906494,True
5,2268,1784808072.9836214,8,0.018945693969726562,0.0023682117462158203,True
5,2269,1784808073.002954,8,0.02097177505493164,0.002621471881866455,True
5,2270,1784808073.0244932,8,0.020331621170043945,0.002541452646255493,True
5,2271,1784808073.0454452,8,0.02105545997619629,0.002631932497024536,True
5,2272,1784808073.066902,8,0.019976377487182617,0.002497047185897827,True
5,2273,1784808073.0872838,8,0.020647287368774414,0.0025809109210968018,True
5,2274,1784808073.1083448,8,0.02030324935913086,0.0025379061698913574,True
5,2275,1784808073.1290812,8,0.02038264274597168,0.00254783034324646,True
5,2276,1784808073.1498222,8,0.01995992660522461,0.002494990825653076,True
5,2277,1784808073.1701715,8,0.019866466522216797,0.0024833083152770996,True
5,2278,1784808073.1903865,8,0.020220041275024414,0.0025275051593780518,True
5,2279,1784808073.2109091,8,0.022830724716186523,0.0028538405895233154,True
5,2280,1784808073.2341168,8,0.019901752471923828,0.0024877190589904785,True
5,2281,1784808073.2543373,8,0.019963979721069336,0.002495497465133667,True
5,2282,1784808073.2746398,8,0.018032312393188477,0.0022540390491485596,True
5,2283,1784808073.2930975,8,0.02491903305053711,0.0031148791313171387,True
5,2284,1784808073.318555,8,0.01570439338684082,0.0019630491733551025,True
5,2285,1784808073.3347507,8,0.02091503143310547,0.0026143789291381836,True
5,2286,1784808073.3560674,8,0.021248579025268555,0.0026560723781585693,True
5,2287,1784808073.3776512,8,0.02010941505432129,0.002513676881790161,True
5,2288,1784808073.3981678,8,0.020700454711914062,0.002587556838989258,True
5,2289,1784808073.419273,8,0.019402265548706055,0.002425283193588257,True
5,2290,1784808073.4392939,8,0.0215609073638916,0.00269511342048645,True
5,2291,1784808073.4611702,8,0.020123958587646484,0.0025154948234558105,True
5,2292,1784808073.4816825,8,0.01982402801513672,0.00247800350189209,True
5,2293,1784808073.5018349,8,0.01956772804260254,0.0024459660053253174,True
5,2294,1784808073.52173,8,0.02108001708984375,0.0026350021362304688,True
5,2295,1784808073.5431552,8,0.02025890350341797,0.002532362937927246,True
5,2296,1784808073.5637105,8,0.019593000411987305,0.002449125051498413,True
5,2297,1784808073.5836017,8,0.02011704444885254,0.0025146305561065674,True
5,2298,1784808073.6039937,8,0.022359848022460938,0.002794981002807617,True
5,2299,1784808073.6267304,8,0.02077317237854004,0.002596646547317505,True
5,2300,1784808073.6477811,8,0.02033257484436035,0.002541571855545044,True
5,2301,1784808073.668534,8,0.019518136978149414,0.0024397671222686768,True
5,2302,1784808073.688335,8,0.020697832107543945,0.002587229013442993,True
5,2303,1784808073.7095761,8,0.021224021911621094,0.0026530027389526367,True
5,2304,1784808073.7310963,8,0.02056121826171875,0.0025701522827148438,True
5,2305,1784808073.752003,8,0.020361900329589844,0.0025452375411987305,True
5,2306,1784808073.7727716,8,0.019351959228515625,0.002418994903564453,True
5,2307,1784808073.792479,8,0.023232460021972656,0.002904057502746582,True
5,2308,1784808073.8163798,8,0.020396947860717773,0.0025496184825897217,True
5,2309,1784808073.837247,8,0.019771814346313477,0.0024714767932891846,True
5,2310,1784808073.8573344,8,0.0212705135345459,0.0026588141918182373,True
5,2311,1784808073.878999,8,0.01921701431274414,0.0024021267890930176,True
5,2312,1784808073.8986936,8,0.020855188369750977,0.002606898546218872,True
5,2313,1784808073.9198797,8,0.019943714141845703,0.002492964267730713,True
5,2314,1784808073.9402182,8,0.02233600616455078,0.0027920007705688477,True
5,2315,1784808073.9632463,8,0.019012451171875,0.002376556396484375,True
5,2316,1784808073.9826615,8,0.02227020263671875,0.0027837753295898438,True
5,2317,1784808074.0052214,8,0.018903255462646484,0.0023629069328308105,True
5,2318,1784808074.024504,8,0.02013373374938965,0.002516716718673706,True
5,2319,1784808074.0449193,8,0.01941514015197754,0.0024268925189971924,True
5,2320,1784808074.0646052,8,0.020180940628051758,0.0025226175785064697,True
5,2321,1784808074.0851343,8,0.021579265594482422,0.0026974081993103027,True
5,2322,1784808074.106953,8,0.02153611183166504,0.00269201397895813,True
5,2323,1784808074.1289053,8,0.01916337013244629,0.002395421266555786,True
5,2324,1784808074.148439,8,0.02190089225769043,0.0027376115322113037,True
5,2325,1784808074.1708198,8,0.020448923110961914,0.0025561153888702393,True
5,2326,1784808074.1917431,8,0.018839597702026367,0.002354949712753296,True
5,2327,1784808074.2109957,8,0.020511627197265625,0.002563953399658203,True
5,2328,1784808074.2318625,8,0.019458532333374023,0.002432316541671753,True
5,2329,1784808074.2516491,8,0.021218538284301758,0.0026523172855377197,True
5,2330,1784808074.2740808,8,0.020191192626953125,0.0025238990783691406,True
5,2331,1784808074.2948642,8,0.020299673080444336,0.002537459135055542,True
5,2332,1784808074.3156528,8,0.020049095153808594,0.0025061368942260742,True
5,2333,1784808074.3360162,8,0.01868152618408203,0.002335190773010254,True
5,2334,1784808074.3550818,8,0.02135300636291504,0.00266912579536438,True
5,2335,1784808074.376805,8,0.01950383186340332,0.002437978982925415,True
5,2336,1784808074.396698,8,0.020383119583129883,0.0025478899478912354,True
5,2337,1784808074.4173572,8,0.020425081253051758,0.0025531351566314697,True
5,2338,1784808074.4381068,8,0.021561145782470703,0.002695143222808838,True
5,2339,1784808074.4600654,8,0.021182537078857422,0.0026478171348571777,True
5,2340,1784808074.4815958,8,0.018256187438964844,0.0022820234298706055,True
5,2341,1784808074.5002291,8,0.023809432983398438,0.0029761791229248047,True
5,2342,1784808074.524387,8,0.01823139190673828,0.002278923988342285,True
5,2343,1784808074.5429392,8,0.020162582397460938,0.002520322799682617,True
5,2344,1784808074.563499,8,0.020880937576293945,0.002610117197036743,True
5,2345,1784808074.5850365,8,0.019383907318115234,0.0024229884147644043,True
5,2346,1784808074.6048465,8,0.020490407943725586,0.0025613009929656982,True
5,2347,1784808074.6258378,8,0.023023128509521484,0.0028778910636901855,True
5,2348,1784808074.649233,8,0.02031421661376953,0.0025392770767211914,True
5,2349,1784808074.6698706,8,0.020693540573120117,0.0025866925716400146,True
5,2350,1784808074.690982,8,0.02026653289794922,0.0025333166122436523,True
5,2351,1784808074.711605,8,0.020186901092529297,0.002523362636566162,True
5,2352,1784808074.7321417,8,0.021445035934448242,0.0026806294918060303,True
5,2353,1784808074.754362,8,0.019310712814331055,0.002413839101791382,True
5,2354,1784808074.7740598,8,0.020154476165771484,0.0025193095207214355,True
5,2355,1784808074.7945802,8,0.02084660530090332,0.002605825662612915,True
5,2356,1784808074.8157156,8,0.018335819244384766,0.0022919774055480957,True
5,2357,1784808074.8343608,8,0.020410776138305664,0.002551347017288208,True
5,2358,1784808074.8550575,8,0.019472837448120117,0.0024341046810150146,True
5,2359,1784808074.8751252,8,0.01971292495727539,0.002464115619659424,True
5,2360,1784808074.8953114,8,0.020787954330444336,0.002598494291305542,True
5,2361,1784808074.9166245,8,0.019558429718017578,0.0024448037147521973,True
5,2362,1784808074.9365497,8,0.020089149475097656,0.002511143684387207,True
5,2363,1784808074.9569995,8,0.021973371505737305,0.002746671438217163,True
5,2364,1784808074.9792783,8,0.022191762924194336,0.002773970365524292,True
5,2365,1784808075.0019069,8,0.01854848861694336,0.00231856107711792,True
5,2366,1784808075.020789,8,0.020528316497802734,0.002566039562225342,True
5,2367,1784808075.0417063,8,0.021013498306274414,0.0026266872882843018,True
5,2368,1784808075.063058,8,0.021329164505004883,0.0026661455631256104,True
5,2369,1784808075.0847375,8,0.020390033721923828,0.0025487542152404785,True
5,2370,1784808075.10571,8,0.023759841918945312,0.002969980239868164,True
5,2371,1784808075.12982,8,0.01960897445678711,0.0024511218070983887,True
5,2372,1784808075.149794,8,0.020636558532714844,0.0025795698165893555,True
5,2373,1784808075.171066,8,0.019064903259277344,0.002383112907409668,True
5,2374,1784808075.1904123,8,0.019712209701538086,0.0024640262126922607,True
5,2375,1784808075.2106094,8,0.02087092399597168,0.00260886549949646,True
5,2376,1784808075.2319233,8,0.020292282104492188,0.0025365352630615234,True
5,2377,1784808075.2526472,8,0.021595239639282227,0.0026994049549102783,True
5,2378,1784808075.2746491,8,0.018779754638671875,0.0023474693298339844,True
5,2379,1784808075.293874,8,0.020174026489257812,0.0025217533111572266,True
5,2380,1784808075.3144128,8,0.022472143173217773,0.0028090178966522217,True
5,2381,1784808075.3372726,8,0.0191953182220459,0.0023994147777557373,True
5,2382,1784808075.3570135,8,0.020109891891479492,0.0025137364864349365,True
5,2383,1784808075.3774266,8,0.019762754440307617,0.002470344305038452,True
5,2384,1784808075.3974974,8,0.02222609519958496,0.00277826189994812,True
5,2385,1784808075.4203756,8,0.018042802810668945,0.002255350351333618,True
5,2386,1784808075.4388647,8,0.02050018310546875,0.0025625228881835938,True
5,2387,1784808075.45988,8,0.01895928382873535,0.002369910478591919,True
5,2388,1784808075.4794655,8,0.019505977630615234,0.0024382472038269043,True
5,2389,1784808075.5001895,8,0.022541284561157227,0.0028176605701446533,True
5,2390,1784808075.5233188,8,0.019006013870239258,0.0023757517337799072,True
5,2391,1784808075.5426865,8,0.019450664520263672,0.002431333065032959,True
5,2392,1784808075.562485,8,0.022045135498046875,0.0027556419372558594,True
5,2393,1784808075.584943,8,0.019756793975830078,0.0024695992469787598,True
5,2394,1784808075.6051679,8,0.01956629753112793,0.002445787191390991,True
5,2395,1784808075.6251383,8,0.021524429321289062,0.002690553665161133,True
5,2396,1784808075.6470175,8,0.0184175968170166,0.002302199602127075,True
5,2397,1784808075.6658614,8,0.024071216583251953,0.003008902072906494,True
5,2398,1784808075.6918366,8,0.019021034240722656,0.002377629280090332,True
5,2399,1784808075.71112,8,0.01938486099243164,0.002423107624053955,True
5,2400,1784808075.730772,8,0.022019386291503906,0.0027524232864379883,True
5,2401,1784808075.7530973,8,0.020316600799560547,0.0025395750999450684,True
5,2402,1784808075.773813,8,0.020659208297729492,0.0025824010372161865,True
5,2403,1784808075.7948198,8,0.020470380783081055,0.002558797597885132,True
5,2404,1784808075.8155982,8,0.019232511520385742,0.0024040639400482178,True
5,2405,1784808075.8359458,8,0.01972198486328125,0.0024652481079101562,True
5,2406,1784808075.8560505,8,0.019136905670166016,0.002392113208770752,True
5,2407,1784808075.8755133,8,0.019647598266601562,0.0024559497833251953,True
5,2408,1784808075.8955867,8,0.01961970329284668,0.002452462911605835,True
5,2409,1784808075.9155505,8,0.019493579864501953,0.002436697483062744,True
5,2410,1784808075.9354753,8,0.020112276077270508,0.0025140345096588135,True
5,2411,1784808075.9561505,8,0.020663738250732422,0.0025829672813415527,True
5,2412,1784808075.9771228,8,0.01946425437927246,0.0024330317974090576,True
5,2413,1784808075.9969819,8,0.020750761032104492,0.0025938451290130615,True
5,2414,1784808076.0195706,8,0.01959848403930664,0.00244981050491333,True
5,2415,1784808076.0400164,8,0.020868539810180664,0.002608567476272583,True
5,2416,1784808076.06174,8,0.018321514129638672,0.002290189266204834,True
5,2417,1784808076.080367,8,0.019176483154296875,0.0023970603942871094,True
5,2418,1784808076.0999765,8,0.01885199546813965,0.002356499433517456,True
5,2419,1784808076.119424,8,0.01941847801208496,0.00242730975151062,True
5,2420,1784808076.1392722,8,0.020396709442138672,0.002549588680267334,True
5,2421,1784808076.159956,8,0.020419597625732422,0.0025524497032165527,True
5,2422,1784808076.1807778,8,0.019289255142211914,0.0024111568927764893,True
5,2423,1784808076.2004318,8,0.02075648307800293,0.002594560384750366,True
5,2424,1784808076.2215705,8,0.020057201385498047,0.002507150173187256,True
5,2425,1784808076.2420003,8,0.02115917205810547,0.0026448965072631836,True
5,2426,1784808076.2636347,8,0.021778583526611328,0.002722322940826416,True
5,2427,1784808076.2857528,8,0.021743059158325195,0.0027178823947906494,True
5,2428,1784808076.3078961,8,0.02155923843383789,0.0026949048042297363,True
5,2429,1784808076.3297327,8,0.02184581756591797,0.002730727195739746,True
5,2430,1784808076.3520806,8,0.019739627838134766,0.0024674534797668457,True
5,2431,1784808076.3723843,8,0.019498348236083984,0.002437293529510498,True
5,2432,1784808076.392338,8,0.020600557327270508,0.0025750696659088135,True
5,2433,1784808076.4132555,8,0.020421743392944336,0.002552717924118042,True
5,2434,1784808076.4339776,8,0.02028799057006836,0.002535998821258545,True
5,2435,1784808076.4548151,8,0.019933462142944336,0.002491682767868042,True
5,2436,1784808076.4751434,8,0.019468307495117188,0.0024335384368896484,True
5,2437,1784808076.4949427,8,0.018863201141357422,0.0023579001426696777,True
5,2438,1784808076.5142944,8,0.01935601234436035,0.002419501543045044,True
5,2439,1784808076.5339615,8,0.02069234848022461,0.002586543560028076,True
5,2440,1784808076.5554006,8,0.019004344940185547,0.0023755431175231934,True
5,2441,1784808076.5748968,8,0.01908111572265625,0.0023851394653320312,True
5,2442,1784808076.5942829,8,0.019879817962646484,0.0024849772453308105,True
5,2443,1784808076.6145575,8,0.01831221580505371,0.002289026975631714,True
5,2444,1784808076.6332538,8,0.0189516544342041,0.0023689568042755127,True
5,2445,1784808076.6525075,8,0.0196378231048584,0.0024547278881073,True
5,2446,1784808076.6725512,8,0.019970417022705078,0.0024963021278381348,True
5,2447,1784808076.6928499,8,0.020467519760131836,0.0025584399700164795,True
5,2448,1784808076.7136269,8,0.02186727523803711,0.0027334094047546387,True
5,2449,1784808076.7358108,8,0.02062368392944336,0.00257796049118042,True
5,2450,1784808076.7567997,8,0.018912553787231445,0.0023640692234039307,True
5,2451,1784808076.7760348,8,0.02093029022216797,0.002616286277770996,True
5,2452,1784808076.797379,8,0.019785642623901367,0.002473205327987671,True
5,2453,1784808076.8177917,8,0.019369840621948242,0.0024212300777435303,True
5,2454,1784808076.838243,8,0.02005934715270996,0.002507418394088745,True
5,2455,1784808076.8587909,8,0.02034449577331543,0.0025430619716644287,True
5,2456,1784808076.8794582,8,0.021265268325805664,0.002658158540725708,True
5,2457,1784808076.9009845,8,0.018837928771972656,0.002354741096496582,True
5,2458,1784808076.920095,8,0.020318984985351562,0.0025398731231689453,True
5,2459,1784808076.9406917,8,0.01981973648071289,0.0024774670600891113,True
5,2460,1784808076.960827,8,0.021021127700805664,0.002627640962600708,True
5,2461,1784808076.9823277,8,0.018911361694335938,0.002363920211791992,True
5,2462,1784808077.0015728,8,0.018291711807250977,0.002286463975906372,True
5,2463,1784808077.0202532,8,0.021234512329101562,0.0026543140411376953,True
5,2464,1784808077.0419064,8,0.01927661895751953,0.0024095773696899414,True
5,2465,1784808077.0616295,8,0.0207974910736084,0.00259968638420105,True
5,2466,1784808077.0843055,8,0.019907712936401367,0.002488464117050171,True
5,2467,1784808077.1045542,8,0.019234895706176758,0.0024043619632720947,True
5,2468,1784808077.1241112,8,0.01973438262939453,0.0024667978286743164,True
5,2469,1784808077.144211,8,0.020200490951538086,0.0025250613689422607,True
5,2470,1784808077.1646943,8,0.01860952377319336,0.00232619047164917,True
5,2471,1784808077.1840334,8,0.021455049514770508,0.0026818811893463135,True
5,2472,1784808077.2059097,8,0.022544384002685547,0.0028180480003356934,True
5,2473,1784808077.2290406,8,0.019421815872192383,0.002427726984024048,True
5,2474,1784808077.248767,8,0.01952648162841797,0.002440810203552246,True
5,2475,1784808077.2686813,8,0.01984691619873047,0.0024808645248413086,True
5,2476,1784808077.2888417,8,0.019984722137451172,0.0024980902671813965,True
5,2477,1784808077.3092868,8,0.020483970642089844,0.0025604963302612305,True
5,2478,1784808077.3300986,8,0.018498897552490234,0.0023123621940612793,True
5,2479,1784808077.3494349,8,0.020041704177856445,0.0025052130222320557,True
5,2480,1784808077.3699522,8,0.01901865005493164,0.002377331256866455,True
5,2481,1784808077.3892665,8,0.01961827278137207,0.002452284097671509,True
5,2482,1784808077.4096568,8,0.020114421844482422,0.0025143027305603027,True
5,2483,1784808077.4304209,8,0.024152517318725586,0.0030190646648406982,True
5,2484,1784808077.4551482,8,0.01690530776977539,0.002113163471221924,True
5,2485,1784808077.4725363,8,0.019463777542114258,0.0024329721927642822,True
5,2486,1784808077.49257,8,0.018038511276245117,0.0022548139095306396,True
5,2487,1784808077.5109777,8,0.020307064056396484,0.0025383830070495605,True
5,2488,1784808077.5316498,8,0.02049088478088379,0.0025613605976104736,True
5,2489,1784808077.552576,8,0.020468711853027344,0.002558588981628418,True
5,2490,1784808077.5734825,8,0.019666433334350586,0.0024583041667938232,True
5,2491,1784808077.5939279,8,0.018256664276123047,0.002282083034515381,True
5,2492,1784808077.6124802,8,0.019687175750732422,0.0024608969688415527,True
5,2493,1784808077.6324465,8,0.020092248916625977,0.002511531114578247,True
5,2494,1784808077.652961,8,0.01921534538269043,0.0024019181728363037,True
5,2495,1784808077.6725225,8,0.021154403686523438,0.0026443004608154297,True
5,2496,1784808077.6941307,8,0.019804716110229492,0.0024755895137786865,True
5,2497,1784808077.7160437,8,0.019787073135375977,0.002473384141921997,True
5,2498,1784808077.7361834,8,0.02213430404663086,0.0027667880058288574,True
5,2499,1784808077.7588289,8,0.018520593643188477,0.0023150742053985596,True
5,2500,1784808077.7777593,8,0.021802902221679688,0.002725362777709961,True
5,2501,1784808077.7999067,8,0.021760940551757812,0.0027201175689697266,True
5,2502,1784808077.8219316,8,0.01908588409423828,0.002385735511779785,True
5,2503,1784808077.841354,8,0.019037246704101562,0.0023796558380126953,True
5,2504,1784808077.860778,8,0.01943373680114746,0.0024292171001434326,True
5,2505,1784808077.8805885,8,0.01937079429626465,0.002421349287033081,True
5,2506,1784808077.9002285,8,0.02034306526184082,0.0025428831577301025,True
5,2507,1784808077.9208422,8,0.0195159912109375,0.0024394989013671875,True
5,2508,1784808077.9406278,8,0.020075082778930664,0.002509385347366333,True
5,2509,1784808077.9612591,8,0.019002676010131836,0.0023753345012664795,True
5,2510,1784808077.980834,8,0.01880621910095215,0.0023507773876190186,True
5,2511,1784808077.9999862,8,0.019875288009643555,0.0024844110012054443,True
5,2512,1784808078.0202222,8,0.021701335906982422,0.0027126669883728027,True
5,2513,1784808078.0422218,8,0.01912856101989746,0.0023910701274871826,True
5,2514,1784808078.0624254,8,0.02017951011657715,0.0025224387645721436,True
5,2515,1784808078.082963,8,0.020872116088867188,0.0026090145111083984,True
5,2516,1784808078.104283,8,0.01844310760498047,0.0023053884506225586,True
5,2517,1784808078.1231494,8,0.021331310272216797,0.0026664137840270996,True
5,2518,1784808078.1449673,8,0.01923203468322754,0.0024040043354034424,True
5,2519,1784808078.1646426,8,0.02119898796081543,0.0026498734951019287,True
5,2520,1784808078.1865332,8,0.021270036697387695,0.002658754587173462,True
5,2521,1784808078.2082598,8,0.019321918487548828,0.0024152398109436035,True
5,2522,1784808078.2279923,8,0.0188601016998291,0.0023575127124786377,True
5,2523,1784808078.2472389,8,0.01996588706970215,0.0024957358837127686,True
5,2524,1784808078.2678032,8,0.020825862884521484,0.0026032328605651855,True
5,2525,1784808078.2889817,8,0.019659757614135742,0.0024574697017669678,True
5,2526,1784808078.309012,8,0.020720720291137695,0.002590090036392212,True
5,2527,1784808078.33048,8,0.02079033851623535,0.002598792314529419,True
5,2528,1784808078.352058,8,0.020351171493530273,0.002543896436691284,True
5,2529,1784808078.3730335,8,0.022005558013916016,0.002750694751739502,True
5,2530,1784808078.3956087,8,0.01967906951904297,0.002459883689880371,True
5,2531,1784808078.4156883,8,0.019437789916992188,0.0024297237396240234,True
5,2532,1784808078.4355252,8,0.018295764923095703,0.002286970615386963,True
5,2533,1784808078.4542263,8,0.021225690841674805,0.0026532113552093506,True
5,2534,1784808078.4758523,8,0.01970219612121582,0.0024627745151519775,True
5,2535,1784808078.4964874,8,0.020011425018310547,0.0025014281272888184,True
5,2536,1784808078.5168328,8,0.02014923095703125,0.0025186538696289062,True
5,2537,1784808078.5374534,8,0.018654823303222656,0.002331852912902832,True
5,2538,1784808078.5564854,8,0.020412921905517578,0.0025516152381896973,True
5,2539,1784808078.5774195,8,0.020874977111816406,0.0026093721389770508,True
5,2540,1784808078.5986745,8,0.01917886734008789,0.0023973584175109863,True
5,2541,1784808078.6181824,8,0.02225518226623535,0.002781897783279419,True
5,2542,1784808078.6407177,8,0.01827406883239746,0.0022842586040496826,True
5,2543,1784808078.659408,8,0.020321369171142578,0.0025401711463928223,True
5,2544,1784808078.6808598,8,0.020995616912841797,0.0026244521141052246,True
5,2545,1784808078.7024107,8,0.020946741104125977,0.002618342638015747,True
5,2546,1784808078.724634,8,0.02052593231201172,0.002565741539001465,True
5,2547,1784808078.7457862,8,0.02155280113220215,0.0026941001415252686,True
5,2548,1784808078.7677321,8,0.02034902572631836,0.002543628215789795,True
5,2549,1784808078.7884645,8,0.019008159637451172,0.0023760199546813965,True
5,2550,1784808078.8078392,8,0.02048015594482422,0.0025600194931030273,True
5,2551,1784808078.8286948,8,0.01957988739013672,0.00244748592376709,True
5,2552,1784808078.8486164,8,0.021181106567382812,0.0026476383209228516,True
5,2553,1784808078.8701634,8,0.020442724227905273,0.002555340528488159,True
5,2554,1784808078.8910794,8,0.020472288131713867,0.0025590360164642334,True
5,2555,1784808078.9119499,8,0.020422935485839844,0.0025528669357299805,True
5,2556,1784808078.9328246,8,0.020738840103149414,0.0025923550128936768,True
5,2557,1784808078.9538736,8,0.020301103591918945,0.002537637948989868,True
5,2558,1784808078.974591,8,0.02061319351196289,0.0025766491889953613,True
5,2559,1784808078.9955842,8,0.020529508590698242,0.0025661885738372803,True
5,2560,1784808079.016507,8,0.019756078720092773,0.0024695098400115967,True
5,2561,1784808079.036653,8,0.021768808364868164,0.0027211010456085205,True
5,2562,1784808079.0587687,8,0.018610239028930664,0.002326279878616333,True
5,2563,1784808079.0781991,8,0.018860340118408203,0.0023575425148010254,True
5,2564,1784808079.0973914,8,0.020873546600341797,0.0026091933250427246,True
5,2565,1784808079.1195154,8,0.019010543823242188,0.0023763179779052734,True
5,2566,1784808079.1388078,8,0.020267963409423828,0.0025334954261779785,True
5,2567,1784808079.1594057,8,0.018361568450927734,0.002295196056365967,True
5,2568,1784808079.1780915,8,0.0204925537109375,0.0025615692138671875,True
5,2569,1784808079.1988847,8,0.019952774047851562,0.0024940967559814453,True
5,2570,1784808079.2194624,8,0.020573139190673828,0.0025716423988342285,True
5,2571,1784808079.2404099,8,0.017923593521118164,0.0022404491901397705,True
5,2572,1784808079.2587972,8,0.020545244216918945,0.002568155527114868,True
5,2573,1784808079.2800145,8,0.018841028213500977,0.002355128526687622,True
5,2574,1784808079.2992609,8,0.020659685134887695,0.002582460641860962,True
5,2575,1784808079.3203154,8,0.0194394588470459,0.0024299323558807373,True
5,2576,1784808079.3401482,8,0.020833969116210938,0.002604246139526367,True
5,2577,1784808079.361409,8,0.01965498924255371,0.002456873655319214,True
5,2578,1784808079.3814466,8,0.01947474479675293,0.002434343099594116,True
5,2579,1784808079.4014223,8,0.019816160202026367,0.002477020025253296,True
5,2580,1784808079.4217684,8,0.01871204376220703,0.002339005470275879,True
5,2581,1784808079.4408734,8,0.021685361862182617,0.002710670232772827,True
5,2582,1784808079.4629872,8,0.018834590911865234,0.0023543238639831543,True
5,2583,1784808079.482418,8,0.020908117294311523,0.0026135146617889404,True
5,2584,1784808079.5037284,8,0.020641088485717773,0.0025801360607147217,True
5,2585,1784808079.5247498,8,0.022187471389770508,0.0027734339237213135,True
5,2586,1784808079.5474246,8,0.01967453956604004,0.002459317445755005,True
5,2587,1784808079.5674632,8,0.01817917823791504,0.00227239727973938,True
5,2588,1784808079.586348,8,0.01865243911743164,0.002331554889678955,True
5,2589,1784808079.6054118,8,0.021531105041503906,0.0026913881301879883,True
5,2590,1784808079.6273284,8,0.018363237380981445,0.0022954046726226807,True
5,2591,1784808079.646001,8,0.019354581832885742,0.0024193227291107178,True
5,2592,1784808079.66655,8,0.02134227752685547,0.0026677846908569336,True
5,2593,1784808079.688277,8,0.02091050148010254,0.0026138126850128174,True
5,2594,1784808079.7095342,8,0.020339488983154297,0.002542436122894287,True
5,2595,1784808079.7307985,8,0.019316673278808594,0.0024145841598510742,True
5,2596,1784808079.7514522,8,0.020584583282470703,0.002573072910308838,True
5,2597,1784808079.772337,8,0.021256446838378906,0.0026570558547973633,True
5,2598,1784808079.7939105,8,0.022241592407226562,0.0027801990509033203,True
5,2599,1784808079.8166268,8,0.019680261611938477,0.0024600327014923096,True
5,2600,1784808079.8366477,8,0.0204317569732666,0.002553969621658325,True
5,2601,1784808079.857529,8,0.019598960876464844,0.0024498701095581055,True
5,2602,1784808079.8774886,8,0.019664525985717773,0.0024580657482147217,True
5,2603,1784808079.8974805,8,0.02004837989807129,0.002506047487258911,True
5,2604,1784808079.9180014,8,0.01894211769104004,0.002367764711380005,True
5,2605,1784808079.9372663,8,0.022362470626831055,0.002795308828353882,True
5,2606,1784808079.960122,8,0.01931142807006836,0.002413928508758545,True
5,2607,1784808079.9799385,8,0.01909637451171875,0.0023870468139648438,True
5,2608,1784808079.9994028,8,0.019342660903930664,0.002417832612991333,True
5,2609,1784808080.0191247,8,0.01919412612915039,0.002399265766143799,True
5,2610,1784808080.0386624,8,0.020324230194091797,0.0025405287742614746,True
5,2611,1784808080.059385,8,0.020291566848754883,0.0025364458560943604,True
5,2612,1784808080.0800488,8,0.020877599716186523,0.0026096999645233154,True
5,2613,1784808080.1012738,8,0.02016615867614746,0.0025207698345184326,True
5,2614,1784808080.121902,8,0.019113779067993164,0.0023892223834991455,True
5,2615,1784808080.1414778,8,0.020315885543823242,0.0025394856929779053,True
5,2616,1784808080.1620903,8,0.01932978630065918,0.0024162232875823975,True
5,2617,1784808080.1818123,8,0.020404577255249023,0.002550572156906128,True
5,2618,1784808080.2026296,8,0.020068645477294922,0.0025085806846618652,True
5,2619,1784808080.2230358,8,0.019952058792114258,0.0024940073490142822,True
5,2620,1784808080.2433085,8,0.021772384643554688,0.002721548080444336,True
5,2621,1784808080.2655132,8,0.019167184829711914,0.0023958981037139893,True
5,2622,1784808080.2850401,8,0.020089149475097656,0.002511143684387207,True
5,2623,1784808080.3058493,8,0.02202916145324707,0.002753645181655884,True
5,2624,1784808080.3282585,8,0.020793914794921875,0.0025992393493652344,True
5,2625,1784808080.34959,8,0.020313024520874023,0.002539128065109253,True
5,2626,1784808080.3703825,8,0.02745366096496582,0.0034317076206207275,True
5,2627,1784808080.398258,8,0.01886439323425293,0.002358049154281616,True
5,2628,1784808080.4174733,8,0.01965498924255371,0.002456873655319214,True
5,2629,1784808080.437895,8,0.018839359283447266,0.002354919910430908,True
5,2630,1784808080.4574215,8,0.02250504493713379,0.0028131306171417236,True
5,2631,1784808080.480339,8,0.020429372787475586,0.0025536715984344482,True
5,2632,1784808080.5010853,8,0.02154088020324707,0.002692610025405884,True
5,2633,1784808080.5230532,8,0.01862788200378418,0.0023284852504730225,True
5,2634,1784808080.5419948,8,0.019225120544433594,0.0024031400680541992,True
5,2635,1784808080.5616927,8,0.021707534790039062,0.002713441848754883,True
5,2636,1784808080.5845442,8,0.01799917221069336,0.00224989652633667,True
5,2637,1784808080.6028173,8,0.0200803279876709,0.0025100409984588623,True
5,2638,1784808080.6233704,8,0.022244691848754883,0.0027805864810943604,True
5,2639,1784808080.6471975,8,0.01811504364013672,0.00226438045501709,True
5,2640,1784808080.6659572,8,0.02146601676940918,0.0026832520961761475,True
5,2641,1784808080.6878557,8,0.020409345626831055,0.002551168203353882,True
5,2642,1784808080.7087355,8,0.021227598190307617,0.002653449773788452,True
5,2643,1784808080.730254,8,0.018885374069213867,0.0023606717586517334,True
5,2644,1784808080.7494078,8,0.019596099853515625,0.002449512481689453,True
5,2645,1784808080.7693357,8,0.020601749420166016,0.002575218677520752,True
5,2646,1784808080.7906384,8,0.020445823669433594,0.0025557279586791992,True
5,2647,1784808080.8117561,8,0.01988077163696289,0.0024850964546203613,True
5,2648,1784808080.8324926,8,0.01991438865661621,0.0024892985820770264,True
5,2649,1784808080.8527884,8,0.02011847496032715,0.0025148093700408936,True
5,2650,1784808080.8734586,8,0.021057605743408203,0.0026322007179260254,True
5,2651,1784808080.8948498,8,0.020665407180786133,0.0025831758975982666,True
5,2652,1784808080.9158792,8,0.020528078079223633,0.002566009759902954,True
5,2653,1784808080.9368327,8,0.019140005111694336,0.002392500638961792,True
5,2654,1784808080.9562395,8,0.021045684814453125,0.0026307106018066406,True
5,2655,1784808080.97757,8,0.023471355438232422,0.0029339194297790527,True
5,2656,1784808081.0013406,8,0.018156766891479492,0.0022695958614349365,True
5,2657,1784808081.0198205,8,0.01875901222229004,0.002344876527786255,True
5,2658,1784808081.0389326,8,0.020136117935180664,0.002517014741897583,True
5,2659,1784808081.059643,8,0.020043373107910156,0.0025054216384887695,True
5,2660,1784808081.0801263,8,0.019480228424072266,0.002435028553009033,True
5,2661,1784808081.1000705,8,0.019882917404174805,0.0024853646755218506,True
5,2662,1784808081.120544,8,0.01912093162536621,0.0023901164531707764,True
5,2663,1784808081.1399822,8,0.019837141036987305,0.002479642629623413,True
5,2664,1784808081.160131,8,0.020128965377807617,0.002516120672225952,True
5,2665,1784808081.1805837,8,0.02075934410095215,0.0025949180126190186,True
5,2666,1784808081.2024808,8,0.019396543502807617,0.002424567937850952,True
5,2667,1784808081.222286,8,0.0191800594329834,0.002397507429122925,True
5,2668,1784808081.2423985,8,0.021256685256958008,0.002657085657119751,True
5,2669,1784808081.26494,8,0.020769119262695312,0.002596139907836914,True
5,2670,1784808081.2860458,8,0.02120661735534668,0.002650827169418335,True
5,2671,1784808081.3081331,8,0.01935720443725586,0.0024196505546569824,True
5,2672,1784808081.3277824,8,0.019191265106201172,0.0023989081382751465,True
5,2673,1784808081.3475103,8,0.019310951232910156,0.0024138689041137695,True
5,2674,1784808081.3671894,8,0.01873469352722168,0.00234183669090271,True
5,2675,1784808081.3866613,8,0.021328210830688477,0.0026660263538360596,True
5,2676,1784808081.408351,8,0.020322084426879883,0.0025402605533599854,True
5,2677,1784808081.4298398,8,0.020976543426513672,0.002622067928314209,True
5,2678,1784808081.451876,8,0.01978588104248047,0.0024732351303100586,True
5,2679,1784808081.4724362,8,0.020006179809570312,0.002500772476196289,True
5,2680,1784808081.4927838,8,0.01869964599609375,0.0023374557495117188,True
5,2681,1784808081.511834,8,0.02077507972717285,0.0025968849658966064,True
5,2682,1784808081.5329854,8,0.020776033401489258,0.0025970041751861572,True
5,2683,1784808081.5542984,8,0.023571014404296875,0.0029463768005371094,True
5,2684,1784808081.578357,8,0.02110886573791504,0.00263860821723938,True
5,2685,1784808081.5997264,8,0.020281553268432617,0.002535194158554077,True
5,2686,1784808081.620356,8,0.021405696868896484,0.0026757121086120605,True
5,2687,1784808081.6423376,8,0.01879286766052246,0.0023491084575653076,True
5,2688,1784808081.6621504,8,0.019234657287597656,0.002404332160949707,True
5,2689,1784808081.6845763,8,0.017147541046142578,0.0021434426307678223,True
5,2690,1784808081.70202,8,0.019440650939941406,0.0024300813674926758,True
5,2691,1784808081.7217972,8,0.019400596618652344,0.002425074577331543,True
5,2692,1784808081.7416563,8,0.02102518081665039,0.002628147602081299,True
5,2693,1784808081.7629757,8,0.01905512809753418,0.0023818910121917725,True
5,2694,1784808081.7823608,8,0.02095317840576172,0.002619147300720215,True
5,2695,1784808081.8040097,8,0.018723726272583008,0.002340465784072876,True
5,2696,1784808081.8231246,8,0.02111220359802246,0.0026390254497528076,True
5,2697,1784808081.844527,8,0.019644975662231445,0.0024556219577789307,True
5,2698,1784808081.86451,8,0.01942896842956543,0.0024286210536956787,True
5,2699,1784808081.8843102,8,0.019634246826171875,0.0024542808532714844,True
5,2700,1784808081.9043598,8,0.019886493682861328,0.002485811710357666,True
5,2701,1784808081.9245994,8,0.019711732864379883,0.0024639666080474854,True
5,2702,1784808081.94462,8,0.019685983657836914,0.0024607479572296143,True
5,2703,1784808081.9645712,8,0.019831180572509766,0.0024788975715637207,True
5,2704,1784808081.9847343,8,0.021101713180541992,0.002637714147567749,True
5,2705,1784808082.0061996,8,0.018863916397094727,0.002357989549636841,True
5,2706,1784808082.0253763,8,0.019972801208496094,0.0024966001510620117,True
5,2707,1784808082.0459049,8,0.02048206329345703,0.002560257911682129,True
5,2708,1784808082.0667412,8,0.019016742706298828,0.0023770928382873535,True
5,2709,1784808082.0862498,8,0.01936507225036621,0.0024206340312957764,True
5,2710,1784808082.1060016,8,0.02064204216003418,0.0025802552700042725,True
5,2711,1784808082.1270564,8,0.020624160766601562,0.0025780200958251953,True
5,2712,1784808082.1479735,8,0.020024776458740234,0.0025030970573425293,True
5,2713,1784808082.168269,8,0.022576570510864258,0.0028220713138580322,True
5,2714,1784808082.1913586,8,0.01783275604248047,0.0022290945053100586,True
5,2715,1784808082.2095187,8,0.02182769775390625,0.0027284622192382812,True
5,2716,1784808082.2317462,8,0.02013564109802246,0.0025169551372528076,True
5,2717,1784808082.2526839,8,0.019853830337524414,0.0024817287921905518,True
5,2718,1784808082.2744174,8,0.022153854370117188,0.0027692317962646484,True
5,2719,1784808082.2972236,8,0.022398948669433594,0.0027998685836791992,True
5,2720,1784808082.320298,8,0.019841670989990234,0.0024802088737487793,True
5,2721,1784808082.3404927,8,0.021255016326904297,0.002656877040863037,True
5,2722,1784808082.362423,8,0.020204782485961914,0.0025255978107452393,True
5,2723,1784808082.3829634,8,0.0206298828125,0.0025787353515625,True
5,2724,1784808082.4039974,8,0.018639087677001953,0.002329885959625244,True
5,2725,1784808082.423925,8,0.019769906997680664,0.002471238374710083,True
5,2726,1784808082.4440618,8,0.019944190979003906,0.0024930238723754883,True
5,2727,1784808082.4644878,8,0.020486116409301758,0.0025607645511627197,True
5,2728,1784808082.4854248,8,0.019388914108276367,0.002423614263534546,True
5,2729,1784808082.505212,8,0.023106098175048828,0.0028882622718811035,True
5,2730,1784808082.5289042,8,0.02058577537536621,0.0025732219219207764,True
5,2731,1784808082.5499372,8,0.019847869873046875,0.0024809837341308594,True
5,2732,1784808082.5701828,8,0.020894527435302734,0.002611815929412842,True
5,2733,1784808082.591651,8,0.023035764694213867,0.0028794705867767334,True
5,2734,1784808082.6153746,8,0.020008325576782227,0.0025010406970977783,True
5,2735,1784808082.6361005,8,0.01990485191345215,0.0024881064891815186,True
5,2736,1784808082.656361,8,0.020592212677001953,0.002574026584625244,True
5,2737,1784808082.6772919,8,0.01905679702758789,0.0023820996284484863,True
5,2738,1784808082.6972103,8,0.01954340934753418,0.0024429261684417725,True
5,2739,1784808082.7174594,8,0.022545337677001953,0.002818167209625244,True
5,2740,1784808082.7404623,8,0.019500255584716797,0.0024375319480895996,True
5,2741,1784808082.7604394,8,0.019355297088623047,0.002419412136077881,True
5,2742,1784808082.7801669,8,0.019724130630493164,0.0024655163288116455,True
5,2743,1784808082.8003452,8,0.021646976470947266,0.002705872058868408,True
5,2744,1784808082.8224137,8,0.019381999969482422,0.0024227499961853027,True
5,2745,1784808082.8427062,8,0.020985126495361328,0.002623140811920166,True
5,2746,1784808082.8641157,8,0.019205808639526367,0.002400726079940796,True
5,2747,1784808082.8836863,8,0.021032333374023438,0.0026290416717529297,True
5,2748,1784808082.9050531,8,0.021246671676635742,0.0026558339595794678,True
5,2749,1784808082.9265575,8,0.0207974910736084,0.00259968638420105,True
5,2750,1784808082.9478383,8,0.01970529556274414,0.0024631619453430176,True
5,2751,1784808082.9688313,8,0.019101858139038086,0.0023877322673797607,True
5,2752,1784808082.9885857,8,0.02047276496887207,0.002559095621109009,True
5,2753,1784808083.009366,8,0.020895004272460938,0.002611875534057617,True
5,2754,1784808083.0306034,8,0.02123427391052246,0.0026542842388153076,True
5,2755,1784808083.0521402,8,0.01952195167541504,0.00244024395942688,True
5,2756,1784808083.0720701,8,0.020326614379882812,0.0025408267974853516,True
5,2757,1784808083.0926912,8,0.020927906036376953,0.002615988254547119,True
5,2758,1784808083.1139147,8,0.019637107849121094,0.0024546384811401367,True
5,2759,1784808083.1342077,8,0.02055525779724121,0.0025694072246551514,True
5,2760,1784808083.1556876,8,0.01911187171936035,0.002388983964920044,True
5,2761,1784808083.1753988,8,0.022058725357055664,0.002757340669631958,True
5,2762,1784808083.1994345,8,0.0206451416015625,0.0025806427001953125,True
5,2763,1784808083.220891,8,0.02049732208251953,0.0025621652603149414,True
5,2764,1784808083.241905,8,0.019491910934448242,0.0024364888668060303,True
5,2765,1784808083.2620976,8,0.021981477737426758,0.0027476847171783447,True
5,2766,1784808083.2844079,8,0.02001786231994629,0.002502232789993286,True
5,2767,1784808083.3047178,8,0.020966529846191406,0.0026208162307739258,True
5,2768,1784808083.3260565,8,0.02281498908996582,0.0028518736362457275,True
5,2769,1784808083.3491683,8,0.018092870712280273,0.002261608839035034,True
5,2770,1784808083.3675387,8,0.020496129989624023,0.002562016248703003,True
5,2771,1784808083.3884487,8,0.020071744918823242,0.0025089681148529053,True
5,2772,1784808083.408823,8,0.019367218017578125,0.0024209022521972656,True
5,2773,1784808083.4284885,8,0.0208895206451416,0.0026111900806427,True
5,2774,1784808083.4499373,8,0.019016742706298828,0.0023770928382873535,True
5,2775,1784808083.4692762,8,0.019814252853393555,0.0024767816066741943,True
5,2776,1784808083.489414,8,0.020182371139526367,0.002522796392440796,True
5,2777,1784808083.5098891,8,0.020052194595336914,0.0025065243244171143,True
5,2778,1784808083.5302553,8,0.021179914474487305,0.002647489309310913,True
5,2779,1784808083.5519102,8,0.01968693733215332,0.002460867166519165,True
5,2780,1784808083.5718899,8,0.021028757095336914,0.0026285946369171143,True
5,2781,1784808083.5934238,8,0.018374204635620117,0.0022967755794525146,True
5,2782,1784808083.6122143,8,0.020143985748291016,0.002517998218536377,True
5,2783,1784808083.6327014,8,0.020992517471313477,0.0026240646839141846,True
5,2784,1784808083.6541517,8,0.01996779441833496,0.00249597430229187,True
5,2785,1784808083.674732,8,0.01900482177734375,0.0023756027221679688,True
5,2786,1784808083.6942053,8,0.021865367889404297,0.002733170986175537,True
5,2787,1784808083.716712,8,0.01897740364074707,0.002372175455093384,True
5,2788,1784808083.736091,8,0.019461870193481445,0.0024327337741851807,True
5,2789,1784808083.7558506,8,0.020596981048583984,0.002574622631072998,True
5,2790,1784808083.7767205,8,0.02020883560180664,0.00252610445022583,True
5,2791,1784808083.7973957,8,0.01941227912902832,0.00242653489112854,True
5,2792,1784808083.817064,8,0.018072128295898438,0.0022590160369873047,True
5,2793,1784808083.8354142,8,0.019676923751831055,0.002459615468978882,True
5,2794,1784808083.8555715,8,0.02001786231994629,0.002502232789993286,True
5,2795,1784808083.875954,8,0.021663188934326172,0.0027078986167907715,True
5,2796,1784808083.8984404,8,0.019858598709106445,0.0024823248386383057,True
5,2797,1784808083.9186056,8,0.021506309509277344,0.002688288688659668,True
5,2798,1784808083.9405518,8,0.02103734016418457,0.0026296675205230713,True
5,2799,1784808083.962035,8,0.016855955123901367,0.002106994390487671,True
5,2800,1784808083.9792883,8,0.021026611328125,0.002628326416015625,True
5,2801,1784808084.000795,8,0.018033504486083984,0.002254188060760498,True
5,2802,1784808084.019121,8,0.02013421058654785,0.0025167763233184814,True
5,2803,1784808084.0395758,8,0.018428802490234375,0.002303600311279297,True
5,2804,1784808084.0582788,8,0.01965641975402832,0.00245705246925354,True
5,2805,1784808084.078252,8,0.020934343338012695,0.002616792917251587,True
5,2806,1784808084.099466,8,0.020326852798461914,0.0025408565998077393,True
5,2807,1784808084.1201618,8,0.019069910049438477,0.0023837387561798096,True
5,2808,1784808084.1395495,8,0.02184128761291504,0.00273016095161438,True
5,2809,1784808084.1617591,8,0.018828392028808594,0.0023535490036010742,True
5,2810,1784808084.1808765,8,0.02054738998413086,0.0025684237480163574,True
5,2811,1784808084.2018468,8,0.020084857940673828,0.0025106072425842285,True
5,2812,1784808084.2223747,8,0.020406007766723633,0.002550750970840454,True
5,2813,1784808084.2431874,8,0.01916813850402832,0.00239601731300354,True
5,2814,1784808084.2626386,8,0.021150588989257812,0.0026438236236572266,True
5,2815,1784808084.2844348,8,0.021484375,0.002685546875,True
5,2816,1784808084.3063695,8,0.018400192260742188,0.0023000240325927734,True
5,2817,1784808084.3251853,8,0.020363569259643555,0.0025454461574554443,True
5,2818,1784808084.345962,8,0.019489765167236328,0.002436220645904541,True
5,2819,1784808084.3657794,8,0.019780874252319336,0.002472609281539917,True
5,2820,1784808084.3859484,8,0.019158601760864258,0.0023948252201080322,True
5,2821,1784808084.4055512,8,0.02093338966369629,0.002616673707962036,True
5,2822,1784808084.4268713,8,0.019160747528076172,0.0023950934410095215,True
5,2823,1784808084.4464738,8,0.02181553840637207,0.002726942300796509,True
5,2824,1784808084.4687903,8,0.018970251083374023,0.002371281385421753,True
5,2825,1784808084.488174,8,0.01894402503967285,0.0023680031299591064,True
5,2826,1784808084.5074434,8,0.020433902740478516,0.0025542378425598145,True
5,2827,1784808084.528327,8,0.024461984634399414,0.0030577480792999268,True
5,2828,1784808084.5537724,8,0.020381450653076172,0.0025476813316345215,True
5,2829,1784808084.5746436,8,0.020913362503051758,0.0026141703128814697,True
5,2830,1784808084.596257,8,0.020391464233398438,0.0025489330291748047,True
5,2831,1784808084.6170495,8,0.022385120391845703,0.002798140048980713,True
5,2832,1784808084.6402621,8,0.02036762237548828,0.002545952796936035,True
5,2833,1784808084.6611717,8,0.021191120147705078,0.0026488900184631348,True
5,2834,1784808084.6828835,8,0.021761655807495117,0.0027202069759368896,True
5,2835,1784808084.7053936,8,0.01949167251586914,0.0024364590644836426,True
5,2836,1784808084.7255073,8,0.019207000732421875,0.0024008750915527344,True
5,2837,1784808084.7454681,8,0.020020246505737305,0.002502530813217163,True
5,2838,1784808084.766017,8,0.019450664520263672,0.002431333065032959,True
5,2839,1784808084.7858882,8,0.019707441329956055,0.002463430166244507,True
5,2840,1784808084.8061352,8,0.020204544067382812,0.0025255680084228516,True
5,2841,1784808084.8267434,8,0.01952815055847168,0.00244101881980896,True
5,2842,1784808084.846657,8,0.020528316497802734,0.002566039562225342,True
5,2843,1784808084.867535,8,0.021953821182250977,0.002744227647781372,True
5,2844,1784808084.8900046,8,0.021844148635864258,0.0027305185794830322,True
5,2845,1784808084.9122555,8,0.019978761672973633,0.002497345209121704,True
5,2846,1784808084.9327404,8,0.021655559539794922,0.0027069449424743652,True
5,2847,1784808084.9547644,8,0.019823074340820312,0.002477884292602539,True
5,2848,1784808084.974884,8,0.019388198852539062,0.002423524856567383,True
5,2849,1784808084.994774,8,0.022013187408447266,0.002751648426055908,True
5,2850,1784808085.0178416,8,0.022608041763305664,0.002826005220413208,True
5,2851,1784808085.0410154,8,0.02038884162902832,0.00254860520362854,True
5,2852,1784808085.0617352,8,0.020301103591918945,0.002537637948989868,True
5,2853,1784808085.082495,8,0.01970815658569336,0.00246351957321167,True
5,2854,1784808085.102905,8,0.020075082778930664,0.002509385347366333,True
5,2855,1784808085.124667,8,0.020122528076171875,0.0025153160095214844,True
5,2856,1784808085.1451073,8,0.02116680145263672,0.00264585018157959,True
5,2857,1784808085.1665463,8,0.018255233764648438,0.0022819042205810547,True
5,2858,1784808085.185129,8,0.020253896713256836,0.0025317370891571045,True
5,2859,1784808085.2058618,8,0.01962876319885254,0.0024535953998565674,True
5,2860,1784808085.2258506,8,0.01997685432434082,0.0024971067905426025,True
5,2861,1784808085.2466702,8,0.020294904708862305,0.002536863088607788,True
5,2862,1784808085.2679055,8,0.021166324615478516,0.0026457905769348145,True
5,2863,1784808085.2895992,8,0.02089858055114746,0.0026123225688934326,True
5,2864,1784808085.3118188,8,0.019331932067871094,0.0024164915084838867,True
5,2865,1784808085.3315158,8,0.02016139030456543,0.0025201737880706787,True
5,2866,1784808085.352227,8,0.0190737247467041,0.0023842155933380127,True
5,2867,1784808085.3718584,8,0.02044224739074707,0.002555280923843384,True
5,2868,1784808085.392697,8,0.02080845832824707,0.002601057291030884,True
5,2869,1784808085.4139678,8,0.020759105682373047,0.002594888210296631,True
5,2870,1784808085.4358807,8,0.019945144653320312,0.002493143081665039,True
5,2871,1784808085.457071,8,0.02146458625793457,0.0026830732822418213,True
5,2872,1784808085.4791396,8,0.018175601959228516,0.0022719502449035645,True
5,2873,1784808085.4981964,8,0.019025325775146484,0.0023781657218933105,True
5,2874,1784808085.5177858,8,0.019158601760864258,0.0023948252201080322,True
5,2875,1784808085.5373409,8,0.02117633819580078,0.0026470422744750977,True
5,2876,1784808085.559257,8,0.018593549728393555,0.0023241937160491943,True
5,2877,1784808085.5784729,8,0.019718647003173828,0.0024648308753967285,True
5,2878,1784808085.5985188,8,0.021845102310180664,0.002730637788772583,True
5,2879,1784808085.620856,8,0.018924236297607422,0.0023655295372009277,True
5,2880,1784808085.6406856,8,0.019637107849121094,0.0024546384811401367,True
5,2881,1784808085.661325,8,0.02074742317199707,0.002593427896499634,True
5,2882,1784808085.683538,8,0.02084040641784668,0.002605050802230835,True
5,2883,1784808085.7048523,8,0.020151615142822266,0.002518951892852783,True
5,2884,1784808085.7256105,8,0.021752119064331055,0.002719014883041382,True
5,2885,1784808085.7485664,8,0.022633790969848633,0.002829223871231079,True
5,2886,1784808085.7718868,8,0.020896196365356445,0.0026120245456695557,True
5,2887,1784808085.7934208,8,0.019066810607910156,0.0023833513259887695,True
5,2888,1784808085.8130088,8,0.02161240577697754,0.0027015507221221924,True
5,2889,1784808085.8350434,8,0.019347190856933594,0.0024183988571166992,True
5,2890,1784808085.854881,8,0.020537137985229492,0.0025671422481536865,True
5,2891,1784808085.8757303,8,0.018532514572143555,0.0023165643215179443,True
5,2892,1784808085.894875,8,0.019222259521484375,0.002402782440185547,True
5,2893,1784808085.914437,8,0.020249605178833008,0.002531200647354126,True
5,2894,1784808085.9350116,8,0.020679235458374023,0.002584904432296753,True
5,2895,1784808085.9570472,8,0.01951003074645996,0.002438753843307495,True
5,2896,1784808085.976955,8,0.021289348602294922,0.0026611685752868652,True
5,2897,1784808085.9986393,8,0.01897120475769043,0.0023714005947113037,True
5,2898,1784808086.0187566,8,0.01989293098449707,0.002486616373062134,True
5,2899,1784808086.0393567,8,0.02051544189453125,0.0025644302368164062,True
5,2900,1784808086.0603602,8,0.019823074340820312,0.002477884292602539,True
5,2901,1784808086.0805755,8,0.02100396156311035,0.002625495195388794,True
5,2902,1784808086.101865,8,0.01868128776550293,0.002335160970687866,True
5,2903,1784808086.1223102,8,0.018281936645507812,0.0022852420806884766,True
5,2904,1784808086.1410081,8,0.01984238624572754,0.0024802982807159424,True
5,2905,1784808086.1612685,8,0.017989635467529297,0.002248704433441162,True
5,2906,1784808086.1795938,8,0.019708871841430664,0.002463608980178833,True
5,2907,1784808086.1996288,8,0.01616191864013672,0.00202023983001709,True
5,2908,1784808086.216135,8,0.01836371421813965,0.002295464277267456,True
5,2909,1784808086.2349138,8,0.018045663833618164,0.0022557079792022705,True
5,2910,1784808086.2533998,8,0.016171932220458984,0.002021491527557373,True
5,2911,1784808086.2702622,8,0.01988387107849121,0.0024854838848114014,True
5,2912,1784808086.2911236,8,0.015357732772827148,0.0019197165966033936,True
5,2913,1784808086.306811,8,0.01578378677368164,0.001972973346710205,True
