KV Cache Wrapper - Start delay for 90 seconds
KV Cache Wrapper - Start delay for 90 seconds
KV Cache Wrapper - Start delay for 90 seconds
KV Cache Wrapper - Start delay for 90 seconds
KV Cache Wrapper - Start delay for 90 seconds
KV Cache Wrapper - Start delay for 90 seconds
KV Cache Wrapper - Start delay for 90 seconds
KV Cache Wrapper - Start delay for 90 seconds
KV Cache Wrapper - Start delay for 90 seconds
KV Cache Wrapper - Start delay for 90 seconds
KV Cache Wrapper - Start delay for 90 seconds
KV Cache Wrapper - Start delay for 90 seconds
KV Cache Wrapper - Start delay for 90 seconds
KV Cache Wrapper - Start delay for 90 seconds
KV Cache Wrapper - Start delay for 90 seconds
KV Cache Wrapper - Start delay for 90 seconds
KV Cache Wrapper - Start delay for 90 seconds
KV Cache Wrapper - Start delay for 90 seconds
KV Cache Wrapper - Start delay for 90 seconds
KV Cache Wrapper - Start delay for 90 seconds
KV Cache Wrapper - Start delay for 90 seconds
KV Cache Wrapper - Start delay for 90 seconds
KV Cache Wrapper - Start delay for 90 seconds
KV Cache Wrapper - Start delay for 90 seconds
KV Cache Wrapper - Start delay for 90 seconds
KV Cache Wrapper - Start delay for 90 seconds
KV Cache Wrapper - Start delay for 90 seconds
KV Cache Wrapper - Start delay for 90 seconds
KV Cache Wrapper - Start delay for 90 seconds
KV Cache Wrapper - Start delay for 90 seconds
KV Cache Wrapper - Starting benchmark pass...
KV Cache Wrapper - Starting benchmark pass...
KV Cache Wrapper - Starting benchmark pass...
KV Cache Wrapper - Starting benchmark pass...
KV Cache Wrapper - Starting benchmark pass...
KV Cache Wrapper - Starting benchmark pass...
KV Cache Wrapper - Starting benchmark pass...
KV Cache Wrapper - Starting benchmark pass...
KV Cache Wrapper - Starting benchmark pass...
KV Cache Wrapper - Starting benchmark pass...
KV Cache Wrapper - Starting benchmark pass...
KV Cache Wrapper - Starting benchmark pass...
KV Cache Wrapper - Starting benchmark pass...
KV Cache Wrapper - Starting benchmark pass...
KV Cache Wrapper - Starting benchmark pass...
KV Cache Wrapper - Starting benchmark pass...
KV Cache Wrapper - Starting benchmark pass...
KV Cache Wrapper - Starting benchmark pass...
KV Cache Wrapper - Starting benchmark pass...
KV Cache Wrapper - Starting benchmark pass...
KV Cache Wrapper - Starting benchmark pass...
KV Cache Wrapper - Starting benchmark pass...
KV Cache Wrapper - Starting benchmark pass...
KV Cache Wrapper - Starting benchmark pass...
KV Cache Wrapper - Starting benchmark pass...
KV Cache Wrapper - Starting benchmark pass...
KV Cache Wrapper - Starting benchmark pass...
KV Cache Wrapper - Starting benchmark pass...
KV Cache Wrapper - Starting benchmark pass...
KV Cache Wrapper - Starting benchmark pass...

Integrated Multi-User KV Cache Benchmark - MLPerf Edition
Model: Llama 3.1 70B Instruct
GPU Memory: 0 GB
Users: 70
Duration: 300s
Seed: 48
Generation Mode: none (0.0ms/token)
Features:
  - Phase-Aware Processing: Enabled
  - Multi-turn Conversations: Enabled
  - Prefix Caching: Enabled
  - RAG Workload: Disabled
  - Autoscaling: Disabled
  - QoS Support: Enabled (Interactive/Responsive/Batch)
  - Trace-Driven (BurstGPT): Disabled
  - ShareGPT Dataset: Disabled
  - Max Concurrent Allocations: 4 (bounds RAM usage)
================================================================================

User Context Length Distribution:
  Min: 622 tokens (194.38MiB)
  Max: 23682 tokens (7400.62MiB)
  Mean: 8736 tokens (2730.11MiB)

QoS Distribution:
  interactive: 14 users
  responsive: 20 users
  batch: 36 users

### MEMORY SAFETY CHECK ###
  Formula: peak = (workers x 2 x mean_entry_bytes) + baseline
         = (70 x 2 x 2500MiB) + 2.5GiB
         = 344.3GiB
  Available RAM: 598.3GiB
  Mean entry size: 2500MiB  (8000 tok x 327,680 B/tok)
  Peak per thread: 5000MiB  (np.load + np.array copy)
  Worker threads: 70
  Safe concurrent readers: ~122  = (available - baseline) / peak_per_thread
  Status: OK

Starting benchmark... Mode: standard (prefill+decode)
--------------------------------------------------------------------------------

Integrated Multi-User KV Cache Benchmark - MLPerf Edition
Model: Llama 3.1 70B Instruct
GPU Memory: 0 GB
Users: 70
Duration: 300s
Seed: 44
Generation Mode: none (0.0ms/token)
Features:
  - Phase-Aware Processing: Enabled
  - Multi-turn Conversations: Enabled
  - Prefix Caching: Enabled
  - RAG Workload: Disabled
  - Autoscaling: Disabled
  - QoS Support: Enabled (Interactive/Responsive/Batch)
  - Trace-Driven (BurstGPT): Disabled
  - ShareGPT Dataset: Disabled
  - Max Concurrent Allocations: 4 (bounds RAM usage)
================================================================================

User Context Length Distribution:
  Min: 539 tokens (168.44MiB)
  Max: 24951 tokens (7797.19MiB)
  Mean: 9175 tokens (2867.08MiB)

QoS Distribution:
  interactive: 16 users
  responsive: 19 users
  batch: 35 users

### MEMORY SAFETY CHECK ###
  Formula: peak = (workers x 2 x mean_entry_bytes) + baseline
         = (70 x 2 x 2500MiB) + 2.5GiB
         = 344.3GiB
  Available RAM: 598.7GiB
  Mean entry size: 2500MiB  (8000 tok x 327,680 B/tok)
  Peak per thread: 5000MiB  (np.load + np.array copy)
  Worker threads: 70
  Safe concurrent readers: ~122  = (available - baseline) / peak_per_thread
  Status: OK

Starting benchmark... Mode: standard (prefill+decode)
--------------------------------------------------------------------------------

Integrated Multi-User KV Cache Benchmark - MLPerf Edition
Model: Llama 3.1 70B Instruct
GPU Memory: 0 GB
Users: 70
Duration: 300s
Seed: 64
Generation Mode: none (0.0ms/token)
Features:
  - Phase-Aware Processing: Enabled
  - Multi-turn Conversations: Enabled
  - Prefix Caching: Enabled
  - RAG Workload: Disabled
  - Autoscaling: Disabled
  - QoS Support: Enabled (Interactive/Responsive/Batch)
  - Trace-Driven (BurstGPT): Disabled
  - ShareGPT Dataset: Disabled
  - Max Concurrent Allocations: 4 (bounds RAM usage)
================================================================================

User Context Length Distribution:
  Min: 691 tokens (215.94MiB)
  Max: 24437 tokens (7636.56MiB)
  Mean: 9826 tokens (3070.70MiB)

QoS Distribution:
  interactive: 17 users
  responsive: 26 users
  batch: 27 users

### MEMORY SAFETY CHECK ###
  Formula: peak = (workers x 2 x mean_entry_bytes) + baseline
         = (70 x 2 x 2500MiB) + 2.5GiB
         = 344.3GiB
  Available RAM: 591.8GiB
  Mean entry size: 2500MiB  (8000 tok x 327,680 B/tok)
  Peak per thread: 5000MiB  (np.load + np.array copy)
  Worker threads: 70
  Safe concurrent readers: ~120  = (available - baseline) / peak_per_thread
  Status: OK

Starting benchmark... Mode: standard (prefill+decode)
--------------------------------------------------------------------------------

Integrated Multi-User KV Cache Benchmark - MLPerf Edition
Model: Llama 3.1 70B Instruct
GPU Memory: 0 GB
Users: 70
Duration: 300s
Seed: 61
Generation Mode: none (0.0ms/token)
Features:
  - Phase-Aware Processing: Enabled
  - Multi-turn Conversations: Enabled
  - Prefix Caching: Enabled
  - RAG Workload: Disabled
  - Autoscaling: Disabled
  - QoS Support: Enabled (Interactive/Responsive/Batch)
  - Trace-Driven (BurstGPT): Disabled
  - ShareGPT Dataset: Disabled
  - Max Concurrent Allocations: 4 (bounds RAM usage)
================================================================================

User Context Length Distribution:
  Min: 541 tokens (169.06MiB)
  Max: 23717 tokens (7411.56MiB)
  Mean: 8418 tokens (2630.49MiB)

QoS Distribution:
  interactive: 7 users
  responsive: 26 users
  batch: 37 users

Integrated Multi-User KV Cache Benchmark - MLPerf Edition
Model: Llama 3.1 70B Instruct
GPU Memory: 0 GB
Users: 70
Duration: 300s
Seed: 63
Generation Mode: none (0.0ms/token)
Features:
  - Phase-Aware Processing: Enabled
  - Multi-turn Conversations: Enabled
  - Prefix Caching: Enabled
  - RAG Workload: Disabled
  - Autoscaling: Disabled
  - QoS Support: Enabled (Interactive/Responsive/Batch)
  - Trace-Driven (BurstGPT): Disabled
  - ShareGPT Dataset: Disabled
  - Max Concurrent Allocations: 4 (bounds RAM usage)
================================================================================

User Context Length Distribution:
  Min: 662 tokens (206.88MiB)
  Max: 23766 tokens (7426.88MiB)
  Mean: 8066 tokens (2520.52MiB)

QoS Distribution:
  interactive: 12 users
  responsive: 22 users
  batch: 36 users

### MEMORY SAFETY CHECK ###
  Formula: peak = (workers x 2 x mean_entry_bytes) + baseline
         = (70 x 2 x 2500MiB) + 2.5GiB
         = 344.3GiB
  Available RAM: 662.4GiB
  Mean entry size: 2500MiB  (8000 tok x 327,680 B/tok)
  Peak per thread: 5000MiB  (np.load + np.array copy)
  Worker threads: 70
  Safe concurrent readers: ~135  = (available - baseline) / peak_per_thread
  Status: OK

Starting benchmark... Mode: standard (prefill+decode)
--------------------------------------------------------------------------------

### MEMORY SAFETY CHECK ###
  Formula: peak = (workers x 2 x mean_entry_bytes) + baseline
         = (70 x 2 x 2500MiB) + 2.5GiB
         = 344.3GiB
  Available RAM: 597.2GiB
  Mean entry size: 2500MiB  (8000 tok x 327,680 B/tok)
  Peak per thread: 5000MiB  (np.load + np.array copy)
  Worker threads: 70
  Safe concurrent readers: ~121  = (available - baseline) / peak_per_thread
  Status: OK

Starting benchmark... Mode: standard (prefill+decode)
--------------------------------------------------------------------------------

Integrated Multi-User KV Cache Benchmark - MLPerf Edition
Model: Llama 3.1 70B Instruct
GPU Memory: 0 GB
Users: 70
Duration: 300s
Seed: 59
Generation Mode: none (0.0ms/token)
Features:
  - Phase-Aware Processing: Enabled
  - Multi-turn Conversations: Enabled
  - Prefix Caching: Enabled
  - RAG Workload: Disabled
  - Autoscaling: Disabled
  - QoS Support: Enabled (Interactive/Responsive/Batch)
  - Trace-Driven (BurstGPT): Disabled
  - ShareGPT Dataset: Disabled
  - Max Concurrent Allocations: 4 (bounds RAM usage)
================================================================================

User Context Length Distribution:
  Min: 700 tokens (218.75MiB)
  Max: 24962 tokens (7800.62MiB)
  Mean: 10481 tokens (3275.24MiB)

QoS Distribution:
  interactive: 8 users
  responsive: 32 users
  batch: 30 users

### MEMORY SAFETY CHECK ###
  Formula: peak = (workers x 2 x mean_entry_bytes) + baseline
         = (70 x 2 x 2500MiB) + 2.5GiB
         = 344.3GiB
  Available RAM: 599.5GiB
  Mean entry size: 2500MiB  (8000 tok x 327,680 B/tok)
  Peak per thread: 5000MiB  (np.load + np.array copy)
  Worker threads: 70
  Safe concurrent readers: ~122  = (available - baseline) / peak_per_thread
  Status: OK

Starting benchmark... Mode: standard (prefill+decode)
--------------------------------------------------------------------------------

Integrated Multi-User KV Cache Benchmark - MLPerf Edition
Model: Llama 3.1 70B Instruct
GPU Memory: 0 GB
Users: 70
Duration: 300s
Seed: 57
Generation Mode: none (0.0ms/token)
Features:
  - Phase-Aware Processing: Enabled
  - Multi-turn Conversations: Enabled
  - Prefix Caching: Enabled
  - RAG Workload: Disabled
  - Autoscaling: Disabled
  - QoS Support: Enabled (Interactive/Responsive/Batch)
  - Trace-Driven (BurstGPT): Disabled
  - ShareGPT Dataset: Disabled
  - Max Concurrent Allocations: 4 (bounds RAM usage)
================================================================================

User Context Length Distribution:
  Min: 564 tokens (176.25MiB)
  Max: 23848 tokens (7452.50MiB)
  Mean: 8355 tokens (2610.85MiB)

QoS Distribution:
  interactive: 10 users
  responsive: 20 users
  batch: 40 users

### MEMORY SAFETY CHECK ###
  Formula: peak = (workers x 2 x mean_entry_bytes) + baseline
         = (70 x 2 x 2500MiB) + 2.5GiB
         = 344.3GiB
  Available RAM: 710.4GiB
  Mean entry size: 2500MiB  (8000 tok x 327,680 B/tok)
  Peak per thread: 5000MiB  (np.load + np.array copy)
  Worker threads: 70
  Safe concurrent readers: ~144  = (available - baseline) / peak_per_thread
  Status: OK

Starting benchmark... Mode: standard (prefill+decode)
--------------------------------------------------------------------------------

Integrated Multi-User KV Cache Benchmark - MLPerf Edition
Model: Llama 3.1 70B Instruct
GPU Memory: 0 GB
Users: 70
Duration: 300s
Seed: 62
Generation Mode: none (0.0ms/token)
Features:
  - Phase-Aware Processing: Enabled
  - Multi-turn Conversations: Enabled
  - Prefix Caching: Enabled
  - RAG Workload: Disabled
  - Autoscaling: Disabled
  - QoS Support: Enabled (Interactive/Responsive/Batch)
  - Trace-Driven (BurstGPT): Disabled
  - ShareGPT Dataset: Disabled
  - Max Concurrent Allocations: 4 (bounds RAM usage)
================================================================================

User Context Length Distribution:
  Min: 781 tokens (244.06MiB)
  Max: 24210 tokens (7565.62MiB)
  Mean: 9906 tokens (3095.75MiB)

QoS Distribution:
  interactive: 10 users
  responsive: 30 users
  batch: 30 users

Integrated Multi-User KV Cache Benchmark - MLPerf Edition
Model: Llama 3.1 70B Instruct
GPU Memory: 0 GB
Users: 70
Duration: 300s
Seed: 42
Generation Mode: none (0.0ms/token)
Features:
  - Phase-Aware Processing: Enabled
  - Multi-turn Conversations: Enabled
  - Prefix Caching: Enabled
  - RAG Workload: Disabled
  - Autoscaling: Disabled
  - QoS Support: Enabled (Interactive/Responsive/Batch)
  - Trace-Driven (BurstGPT): Disabled
  - ShareGPT Dataset: Disabled
  - Max Concurrent Allocations: 4 (bounds RAM usage)
================================================================================

User Context Length Distribution:
  Min: 598 tokens (186.88MiB)
  Max: 22617 tokens (7067.81MiB)
  Mean: 8276 tokens (2586.21MiB)

QoS Distribution:
  interactive: 11 users
  responsive: 23 users
  batch: 36 users

### MEMORY SAFETY CHECK ###
  Formula: peak = (workers x 2 x mean_entry_bytes) + baseline
         = (70 x 2 x 2500MiB) + 2.5GiB
         = 344.3GiB
  Available RAM: 591.7GiB
  Mean entry size: 2500MiB  (8000 tok x 327,680 B/tok)
  Peak per thread: 5000MiB  (np.load + np.array copy)
  Worker threads: 70
  Safe concurrent readers: ~120  = (available - baseline) / peak_per_thread
  Status: OK

Starting benchmark... Mode: standard (prefill+decode)
--------------------------------------------------------------------------------

### MEMORY SAFETY CHECK ###
  Formula: peak = (workers x 2 x mean_entry_bytes) + baseline
         = (70 x 2 x 2500MiB) + 2.5GiB
         = 344.3GiB
  Available RAM: 709.2GiB
  Mean entry size: 2500MiB  (8000 tok x 327,680 B/tok)
  Peak per thread: 5000MiB  (np.load + np.array copy)
  Worker threads: 70
  Safe concurrent readers: ~144  = (available - baseline) / peak_per_thread
  Status: OK

Starting benchmark... Mode: standard (prefill+decode)
--------------------------------------------------------------------------------

Integrated Multi-User KV Cache Benchmark - MLPerf Edition
Model: Llama 3.1 70B Instruct
GPU Memory: 0 GB
Users: 70
Duration: 300s
Seed: 47
Generation Mode: none (0.0ms/token)
Features:
  - Phase-Aware Processing: Enabled
  - Multi-turn Conversations: Enabled
  - Prefix Caching: Enabled
  - RAG Workload: Disabled
  - Autoscaling: Disabled
  - QoS Support: Enabled (Interactive/Responsive/Batch)
  - Trace-Driven (BurstGPT): Disabled
  - ShareGPT Dataset: Disabled
  - Max Concurrent Allocations: 4 (bounds RAM usage)
================================================================================

User Context Length Distribution:
  Min: 732 tokens (228.75MiB)
  Max: 24732 tokens (7728.75MiB)
  Mean: 9578 tokens (2993.21MiB)

QoS Distribution:
  interactive: 13 users
  responsive: 15 users
  batch: 42 users

### MEMORY SAFETY CHECK ###
  Formula: peak = (workers x 2 x mean_entry_bytes) + baseline
         = (70 x 2 x 2500MiB) + 2.5GiB
         = 344.3GiB
  Available RAM: 592.5GiB
  Mean entry size: 2500MiB  (8000 tok x 327,680 B/tok)
  Peak per thread: 5000MiB  (np.load + np.array copy)
  Worker threads: 70
  Safe concurrent readers: ~120  = (available - baseline) / peak_per_thread
  Status: OK

Starting benchmark... Mode: standard (prefill+decode)
--------------------------------------------------------------------------------

Integrated Multi-User KV Cache Benchmark - MLPerf Edition
Model: Llama 3.1 70B Instruct
GPU Memory: 0 GB
Users: 70
Duration: 300s
Seed: 65
Generation Mode: none (0.0ms/token)
Features:
  - Phase-Aware Processing: Enabled
  - Multi-turn Conversations: Enabled
  - Prefix Caching: Enabled
  - RAG Workload: Disabled
  - Autoscaling: Disabled
  - QoS Support: Enabled (Interactive/Responsive/Batch)
  - Trace-Driven (BurstGPT): Disabled
  - ShareGPT Dataset: Disabled
  - Max Concurrent Allocations: 4 (bounds RAM usage)
================================================================================

User Context Length Distribution:
  Min: 781 tokens (244.06MiB)
  Max: 24738 tokens (7730.62MiB)
  Mean: 10472 tokens (3272.46MiB)

QoS Distribution:
  interactive: 9 users
  responsive: 23 users
  batch: 38 users

### MEMORY SAFETY CHECK ###
  Formula: peak = (workers x 2 x mean_entry_bytes) + baseline
         = (70 x 2 x 2500MiB) + 2.5GiB
         = 344.3GiB
  Available RAM: 279.7GiB
  Mean entry size: 2500MiB  (8000 tok x 327,680 B/tok)
  Peak per thread: 5000MiB  (np.load + np.array copy)
  Worker threads: 70
  Safe concurrent readers: ~56  = (available - baseline) / peak_per_thread
  WARNING: Estimated peak memory (344.3GiB) exceeds 85% of
  available RAM (279.7GiB). Risk of OOM with 70 workers.
  Consider: --num-users 56 or --max-concurrent-allocs 28

Starting benchmark... Mode: standard (prefill+decode)
--------------------------------------------------------------------------------

Integrated Multi-User KV Cache Benchmark - MLPerf Edition
Model: Llama 3.1 70B Instruct
GPU Memory: 0 GB
Users: 70
Duration: 300s
Seed: 60
Generation Mode: none (0.0ms/token)
Features:
  - Phase-Aware Processing: Enabled
  - Multi-turn Conversations: Enabled
  - Prefix Caching: Enabled
  - RAG Workload: Disabled
  - Autoscaling: Disabled
  - QoS Support: Enabled (Interactive/Responsive/Batch)
  - Trace-Driven (BurstGPT): Disabled
  - ShareGPT Dataset: Disabled
  - Max Concurrent Allocations: 4 (bounds RAM usage)
================================================================================

User Context Length Distribution:
  Min: 549 tokens (171.56MiB)
  Max: 22668 tokens (7083.75MiB)
  Mean: 8414 tokens (2629.39MiB)

QoS Distribution:
  interactive: 14 users
  responsive: 26 users
  batch: 30 users

### MEMORY SAFETY CHECK ###
  Formula: peak = (workers x 2 x mean_entry_bytes) + baseline
         = (70 x 2 x 2500MiB) + 2.5GiB
         = 344.3GiB
  Available RAM: 612.8GiB
  Mean entry size: 2500MiB  (8000 tok x 327,680 B/tok)
  Peak per thread: 5000MiB  (np.load + np.array copy)
  Worker threads: 70
  Safe concurrent readers: ~124  = (available - baseline) / peak_per_thread
  Status: OK

Starting benchmark... Mode: standard (prefill+decode)
--------------------------------------------------------------------------------

Integrated Multi-User KV Cache Benchmark - MLPerf Edition
Model: Llama 3.1 70B Instruct
GPU Memory: 0 GB
Users: 70
Duration: 300s
Seed: 53
Generation Mode: none (0.0ms/token)
Features:
  - Phase-Aware Processing: Enabled
  - Multi-turn Conversations: Enabled
  - Prefix Caching: Enabled
  - RAG Workload: Disabled
  - Autoscaling: Disabled
  - QoS Support: Enabled (Interactive/Responsive/Batch)
  - Trace-Driven (BurstGPT): Disabled
  - ShareGPT Dataset: Disabled
  - Max Concurrent Allocations: 4 (bounds RAM usage)
================================================================================

User Context Length Distribution:
  Min: 723 tokens (225.94MiB)
  Max: 24991 tokens (7809.69MiB)
  Mean: 9434 tokens (2948.27MiB)

QoS Distribution:
  interactive: 10 users
  responsive: 22 users
  batch: 38 users

### MEMORY SAFETY CHECK ###
  Formula: peak = (workers x 2 x mean_entry_bytes) + baseline
         = (70 x 2 x 2500MiB) + 2.5GiB
         = 344.3GiB
  Available RAM: 273.9GiB
  Mean entry size: 2500MiB  (8000 tok x 327,680 B/tok)
  Peak per thread: 5000MiB  (np.load + np.array copy)
  Worker threads: 70
  Safe concurrent readers: ~55  = (available - baseline) / peak_per_thread
  WARNING: Estimated peak memory (344.3GiB) exceeds 85% of
  available RAM (273.9GiB). Risk of OOM with 70 workers.
  Consider: --num-users 55 or --max-concurrent-allocs 27

Starting benchmark... Mode: standard (prefill+decode)
--------------------------------------------------------------------------------

Integrated Multi-User KV Cache Benchmark - MLPerf Edition
Model: Llama 3.1 70B Instruct
GPU Memory: 0 GB
Users: 70
Duration: 300s
Seed: 51
Generation Mode: none (0.0ms/token)
Features:
  - Phase-Aware Processing: Enabled
  - Multi-turn Conversations: Enabled
  - Prefix Caching: Enabled
  - RAG Workload: Disabled
  - Autoscaling: Disabled
  - QoS Support: Enabled (Interactive/Responsive/Batch)
  - Trace-Driven (BurstGPT): Disabled
  - ShareGPT Dataset: Disabled
  - Max Concurrent Allocations: 4 (bounds RAM usage)
================================================================================

User Context Length Distribution:
  Min: 628 tokens (196.25MiB)
  Max: 23531 tokens (7353.44MiB)
  Mean: 10345 tokens (3232.84MiB)

QoS Distribution:
  interactive: 12 users
  responsive: 20 users
  batch: 38 users

Integrated Multi-User KV Cache Benchmark - MLPerf Edition
Model: Llama 3.1 70B Instruct
GPU Memory: 0 GB
Users: 70
Duration: 300s
Seed: 66
Generation Mode: none (0.0ms/token)
Features:
  - Phase-Aware Processing: Enabled
  - Multi-turn Conversations: Enabled
  - Prefix Caching: Enabled
  - RAG Workload: Disabled
  - Autoscaling: Disabled
  - QoS Support: Enabled (Interactive/Responsive/Batch)
  - Trace-Driven (BurstGPT): Disabled
  - ShareGPT Dataset: Disabled
  - Max Concurrent Allocations: 4 (bounds RAM usage)
================================================================================

User Context Length Distribution:
  Min: 578 tokens (180.62MiB)
  Max: 24479 tokens (7649.69MiB)
  Mean: 9428 tokens (2946.30MiB)

QoS Distribution:
  interactive: 10 users
  responsive: 22 users
  batch: 38 users

### MEMORY SAFETY CHECK ###
  Formula: peak = (workers x 2 x mean_entry_bytes) + baseline
         = (70 x 2 x 2500MiB) + 2.5GiB
         = 344.3GiB
  Available RAM: 296.0GiB
  Mean entry size: 2500MiB  (8000 tok x 327,680 B/tok)
  Peak per thread: 5000MiB  (np.load + np.array copy)
  Worker threads: 70
  Safe concurrent readers: ~60  = (available - baseline) / peak_per_thread
  WARNING: Estimated peak memory (344.3GiB) exceeds 85% of
  available RAM (296.0GiB). Risk of OOM with 70 workers.
  Consider: --num-users 60 or --max-concurrent-allocs 30

Starting benchmark... Mode: standard (prefill+decode)
--------------------------------------------------------------------------------

### MEMORY SAFETY CHECK ###
  Formula: peak = (workers x 2 x mean_entry_bytes) + baseline
         = (70 x 2 x 2500MiB) + 2.5GiB
         = 344.3GiB
  Available RAM: 296.0GiB
  Mean entry size: 2500MiB  (8000 tok x 327,680 B/tok)
  Peak per thread: 5000MiB  (np.load + np.array copy)
  Worker threads: 70
  Safe concurrent readers: ~60  = (available - baseline) / peak_per_thread
  WARNING: Estimated peak memory (344.3GiB) exceeds 85% of
  available RAM (296.0GiB). Risk of OOM with 70 workers.
  Consider: --num-users 60 or --max-concurrent-allocs 30

Starting benchmark... Mode: standard (prefill+decode)
--------------------------------------------------------------------------------

Integrated Multi-User KV Cache Benchmark - MLPerf Edition
Model: Llama 3.1 70B Instruct
GPU Memory: 0 GB
Users: 70
Duration: 300s
Seed: 49
Generation Mode: none (0.0ms/token)
Features:
  - Phase-Aware Processing: Enabled
  - Multi-turn Conversations: Enabled
  - Prefix Caching: Enabled
  - RAG Workload: Disabled
  - Autoscaling: Disabled
  - QoS Support: Enabled (Interactive/Responsive/Batch)
  - Trace-Driven (BurstGPT): Disabled
  - ShareGPT Dataset: Disabled
  - Max Concurrent Allocations: 4 (bounds RAM usage)
================================================================================

User Context Length Distribution:
  Min: 793 tokens (247.81MiB)
  Max: 21767 tokens (6802.19MiB)
  Mean: 8204 tokens (2563.62MiB)

QoS Distribution:
  interactive: 11 users
  responsive: 22 users
  batch: 37 users

### MEMORY SAFETY CHECK ###
  Formula: peak = (workers x 2 x mean_entry_bytes) + baseline
         = (70 x 2 x 2500MiB) + 2.5GiB
         = 344.3GiB
  Available RAM: 586.0GiB
  Mean entry size: 2500MiB  (8000 tok x 327,680 B/tok)
  Peak per thread: 5000MiB  (np.load + np.array copy)
  Worker threads: 70
  Safe concurrent readers: ~119  = (available - baseline) / peak_per_thread
  Status: OK

Starting benchmark... Mode: standard (prefill+decode)
--------------------------------------------------------------------------------

Integrated Multi-User KV Cache Benchmark - MLPerf Edition
Model: Llama 3.1 70B Instruct
GPU Memory: 0 GB
Users: 70
Duration: 300s
Seed: 68
Generation Mode: none (0.0ms/token)
Features:
  - Phase-Aware Processing: Enabled
  - Multi-turn Conversations: Enabled
  - Prefix Caching: Enabled
  - RAG Workload: Disabled
  - Autoscaling: Disabled
  - QoS Support: Enabled (Interactive/Responsive/Batch)
  - Trace-Driven (BurstGPT): Disabled
  - ShareGPT Dataset: Disabled
  - Max Concurrent Allocations: 4 (bounds RAM usage)
================================================================================

User Context Length Distribution:
  Min: 539 tokens (168.44MiB)
  Max: 24518 tokens (7661.88MiB)
  Mean: 9204 tokens (2876.14MiB)

QoS Distribution:
  interactive: 14 users
  responsive: 26 users
  batch: 30 users

### MEMORY SAFETY CHECK ###
  Formula: peak = (workers x 2 x mean_entry_bytes) + baseline
         = (70 x 2 x 2500MiB) + 2.5GiB
         = 344.3GiB
  Available RAM: 273.4GiB
  Mean entry size: 2500MiB  (8000 tok x 327,680 B/tok)
  Peak per thread: 5000MiB  (np.load + np.array copy)
  Worker threads: 70
  Safe concurrent readers: ~55  = (available - baseline) / peak_per_thread
  WARNING: Estimated peak memory (344.3GiB) exceeds 85% of
  available RAM (273.4GiB). Risk of OOM with 70 workers.
  Consider: --num-users 55 or --max-concurrent-allocs 27

Starting benchmark... Mode: standard (prefill+decode)
--------------------------------------------------------------------------------

Integrated Multi-User KV Cache Benchmark - MLPerf Edition
Model: Llama 3.1 70B Instruct
GPU Memory: 0 GB
Users: 70
Duration: 300s
Seed: 50
Generation Mode: none (0.0ms/token)
Features:
  - Phase-Aware Processing: Enabled
  - Multi-turn Conversations: Enabled
  - Prefix Caching: Enabled
  - RAG Workload: Disabled
  - Autoscaling: Disabled
  - QoS Support: Enabled (Interactive/Responsive/Batch)
  - Trace-Driven (BurstGPT): Disabled
  - ShareGPT Dataset: Disabled
  - Max Concurrent Allocations: 4 (bounds RAM usage)
================================================================================

User Context Length Distribution:
  Min: 520 tokens (162.50MiB)
  Max: 24002 tokens (7500.62MiB)
  Mean: 8687 tokens (2714.64MiB)

QoS Distribution:
  interactive: 10 users
  responsive: 23 users
  batch: 37 users

### MEMORY SAFETY CHECK ###
  Formula: peak = (workers x 2 x mean_entry_bytes) + baseline
         = (70 x 2 x 2500MiB) + 2.5GiB
         = 344.3GiB
  Available RAM: 278.4GiB
  Mean entry size: 2500MiB  (8000 tok x 327,680 B/tok)
  Peak per thread: 5000MiB  (np.load + np.array copy)
  Worker threads: 70
  Safe concurrent readers: ~56  = (available - baseline) / peak_per_thread
  WARNING: Estimated peak memory (344.3GiB) exceeds 85% of
  available RAM (278.4GiB). Risk of OOM with 70 workers.
  Consider: --num-users 56 or --max-concurrent-allocs 28

Starting benchmark... Mode: standard (prefill+decode)
--------------------------------------------------------------------------------

Integrated Multi-User KV Cache Benchmark - MLPerf Edition
Model: Llama 3.1 70B Instruct
GPU Memory: 0 GB
Users: 70
Duration: 300s
Seed: 46
Generation Mode: none (0.0ms/token)
Features:
  - Phase-Aware Processing: Enabled
  - Multi-turn Conversations: Enabled
  - Prefix Caching: Enabled
  - RAG Workload: Disabled
  - Autoscaling: Disabled
  - QoS Support: Enabled (Interactive/Responsive/Batch)
  - Trace-Driven (BurstGPT): Disabled
  - ShareGPT Dataset: Disabled
  - Max Concurrent Allocations: 4 (bounds RAM usage)
================================================================================

User Context Length Distribution:
  Min: 664 tokens (207.50MiB)
  Max: 24536 tokens (7667.50MiB)
  Mean: 8046 tokens (2514.30MiB)

QoS Distribution:
  interactive: 5 users
  responsive: 29 users
  batch: 36 users

### MEMORY SAFETY CHECK ###
  Formula: peak = (workers x 2 x mean_entry_bytes) + baseline
         = (70 x 2 x 2500MiB) + 2.5GiB
         = 344.3GiB
  Available RAM: 656.6GiB
  Mean entry size: 2500MiB  (8000 tok x 327,680 B/tok)
  Peak per thread: 5000MiB  (np.load + np.array copy)
  Worker threads: 70
  Safe concurrent readers: ~133  = (available - baseline) / peak_per_thread
  Status: OK

Starting benchmark... Mode: standard (prefill+decode)
--------------------------------------------------------------------------------

Integrated Multi-User KV Cache Benchmark - MLPerf Edition
Model: Llama 3.1 70B Instruct
GPU Memory: 0 GB
Users: 70
Duration: 300s
Seed: 52
Generation Mode: none (0.0ms/token)
Features:
  - Phase-Aware Processing: Enabled
  - Multi-turn Conversations: Enabled
  - Prefix Caching: Enabled
  - RAG Workload: Disabled
  - Autoscaling: Disabled
  - QoS Support: Enabled (Interactive/Responsive/Batch)
  - Trace-Driven (BurstGPT): Disabled
  - ShareGPT Dataset: Disabled
  - Max Concurrent Allocations: 4 (bounds RAM usage)
================================================================================

User Context Length Distribution:
  Min: 788 tokens (246.25MiB)
  Max: 23296 tokens (7280.00MiB)
  Mean: 7552 tokens (2359.88MiB)

QoS Distribution:
  interactive: 12 users
  responsive: 19 users
  batch: 39 users

### MEMORY SAFETY CHECK ###
  Formula: peak = (workers x 2 x mean_entry_bytes) + baseline
         = (70 x 2 x 2500MiB) + 2.5GiB
         = 344.3GiB
  Available RAM: 319.4GiB
  Mean entry size: 2500MiB  (8000 tok x 327,680 B/tok)
  Peak per thread: 5000MiB  (np.load + np.array copy)
  Worker threads: 70
  Safe concurrent readers: ~64  = (available - baseline) / peak_per_thread
  WARNING: Estimated peak memory (344.3GiB) exceeds 85% of
  available RAM (319.4GiB). Risk of OOM with 70 workers.
  Consider: --num-users 64 or --max-concurrent-allocs 32

Starting benchmark... Mode: standard (prefill+decode)
--------------------------------------------------------------------------------

Integrated Multi-User KV Cache Benchmark - MLPerf Edition
Model: Llama 3.1 70B Instruct
GPU Memory: 0 GB
Users: 70
Duration: 300s
Seed: 54
Generation Mode: none (0.0ms/token)
Features:
  - Phase-Aware Processing: Enabled
  - Multi-turn Conversations: Enabled
  - Prefix Caching: Enabled
  - RAG Workload: Disabled
  - Autoscaling: Disabled
  - QoS Support: Enabled (Interactive/Responsive/Batch)
  - Trace-Driven (BurstGPT): Disabled
  - ShareGPT Dataset: Disabled
  - Max Concurrent Allocations: 4 (bounds RAM usage)
================================================================================

User Context Length Distribution:
  Min: 568 tokens (177.50MiB)
  Max: 24796 tokens (7748.75MiB)
  Mean: 9982 tokens (3119.31MiB)

QoS Distribution:
  interactive: 6 users
  responsive: 27 users
  batch: 37 users

### MEMORY SAFETY CHECK ###
  Formula: peak = (workers x 2 x mean_entry_bytes) + baseline
         = (70 x 2 x 2500MiB) + 2.5GiB
         = 344.3GiB
  Available RAM: 296.1GiB
  Mean entry size: 2500MiB  (8000 tok x 327,680 B/tok)
  Peak per thread: 5000MiB  (np.load + np.array copy)
  Worker threads: 70
  Safe concurrent readers: ~60  = (available - baseline) / peak_per_thread
  WARNING: Estimated peak memory (344.3GiB) exceeds 85% of
  available RAM (296.1GiB). Risk of OOM with 70 workers.
  Consider: --num-users 60 or --max-concurrent-allocs 30

Starting benchmark... Mode: standard (prefill+decode)
--------------------------------------------------------------------------------

Integrated Multi-User KV Cache Benchmark - MLPerf Edition
Model: Llama 3.1 70B Instruct
GPU Memory: 0 GB
Users: 70
Duration: 300s
Seed: 71
Generation Mode: none (0.0ms/token)
Features:
  - Phase-Aware Processing: Enabled
  - Multi-turn Conversations: Enabled
  - Prefix Caching: Enabled
  - RAG Workload: Disabled
  - Autoscaling: Disabled
  - QoS Support: Enabled (Interactive/Responsive/Batch)
  - Trace-Driven (BurstGPT): Disabled
  - ShareGPT Dataset: Disabled
  - Max Concurrent Allocations: 4 (bounds RAM usage)
================================================================================

User Context Length Distribution:
  Min: 775 tokens (242.19MiB)
  Max: 24630 tokens (7696.88MiB)
  Mean: 9082 tokens (2838.22MiB)

QoS Distribution:
  interactive: 10 users
  responsive: 21 users
  batch: 39 users

Integrated Multi-User KV Cache Benchmark - MLPerf Edition
Model: Llama 3.1 70B Instruct
GPU Memory: 0 GB
Users: 70
Duration: 300s
Seed: 56
Generation Mode: none (0.0ms/token)
Features:
  - Phase-Aware Processing: Enabled
  - Multi-turn Conversations: Enabled
  - Prefix Caching: Enabled
  - RAG Workload: Disabled
  - Autoscaling: Disabled
  - QoS Support: Enabled (Interactive/Responsive/Batch)
  - Trace-Driven (BurstGPT): Disabled
  - ShareGPT Dataset: Disabled
  - Max Concurrent Allocations: 4 (bounds RAM usage)
================================================================================

User Context Length Distribution:
  Min: 820 tokens (256.25MiB)
  Max: 24356 tokens (7611.25MiB)
  Mean: 9134 tokens (2854.38MiB)

QoS Distribution:
  interactive: 12 users
  responsive: 22 users
  batch: 36 users

### MEMORY SAFETY CHECK ###
  Formula: peak = (workers x 2 x mean_entry_bytes) + baseline
         = (70 x 2 x 2500MiB) + 2.5GiB
         = 344.3GiB
  Available RAM: 320.8GiB
  Mean entry size: 2500MiB  (8000 tok x 327,680 B/tok)
  Peak per thread: 5000MiB  (np.load + np.array copy)
  Worker threads: 70
  Safe concurrent readers: ~65  = (available - baseline) / peak_per_thread
  WARNING: Estimated peak memory (344.3GiB) exceeds 85% of
  available RAM (320.8GiB). Risk of OOM with 70 workers.
  Consider: --num-users 65 or --max-concurrent-allocs 32

Starting benchmark... Mode: standard (prefill+decode)
--------------------------------------------------------------------------------

### MEMORY SAFETY CHECK ###
  Formula: peak = (workers x 2 x mean_entry_bytes) + baseline
         = (70 x 2 x 2500MiB) + 2.5GiB
         = 344.3GiB
  Available RAM: 320.8GiB
  Mean entry size: 2500MiB  (8000 tok x 327,680 B/tok)
  Peak per thread: 5000MiB  (np.load + np.array copy)
  Worker threads: 70
  Safe concurrent readers: ~65  = (available - baseline) / peak_per_thread
  WARNING: Estimated peak memory (344.3GiB) exceeds 85% of
  available RAM (320.8GiB). Risk of OOM with 70 workers.
  Consider: --num-users 65 or --max-concurrent-allocs 32

Starting benchmark... Mode: standard (prefill+decode)
--------------------------------------------------------------------------------

Integrated Multi-User KV Cache Benchmark - MLPerf Edition
Model: Llama 3.1 70B Instruct
GPU Memory: 0 GB
Users: 70
Duration: 300s
Seed: 70
Generation Mode: none (0.0ms/token)
Features:
  - Phase-Aware Processing: Enabled
  - Multi-turn Conversations: Enabled
  - Prefix Caching: Enabled
  - RAG Workload: Disabled
  - Autoscaling: Disabled
  - QoS Support: Enabled (Interactive/Responsive/Batch)
  - Trace-Driven (BurstGPT): Disabled
  - ShareGPT Dataset: Disabled
  - Max Concurrent Allocations: 4 (bounds RAM usage)
================================================================================

User Context Length Distribution:
  Min: 636 tokens (198.75MiB)
  Max: 20452 tokens (6391.25MiB)
  Mean: 8071 tokens (2522.18MiB)

QoS Distribution:
  interactive: 11 users
  responsive: 23 users
  batch: 36 users

### MEMORY SAFETY CHECK ###
  Formula: peak = (workers x 2 x mean_entry_bytes) + baseline
         = (70 x 2 x 2500MiB) + 2.5GiB
         = 344.3GiB
  Available RAM: 267.9GiB
  Mean entry size: 2500MiB  (8000 tok x 327,680 B/tok)
  Peak per thread: 5000MiB  (np.load + np.array copy)
  Worker threads: 70
  Safe concurrent readers: ~54  = (available - baseline) / peak_per_thread
  WARNING: Estimated peak memory (344.3GiB) exceeds 85% of
  available RAM (267.9GiB). Risk of OOM with 70 workers.
  Consider: --num-users 54 or --max-concurrent-allocs 27

Starting benchmark... Mode: standard (prefill+decode)
--------------------------------------------------------------------------------

Integrated Multi-User KV Cache Benchmark - MLPerf Edition
Model: Llama 3.1 70B Instruct
GPU Memory: 0 GB
Users: 70
Duration: 300s
Seed: 69
Generation Mode: none (0.0ms/token)
Features:
  - Phase-Aware Processing: Enabled
  - Multi-turn Conversations: Enabled
  - Prefix Caching: Enabled
  - RAG Workload: Disabled
  - Autoscaling: Disabled
  - QoS Support: Enabled (Interactive/Responsive/Batch)
  - Trace-Driven (BurstGPT): Disabled
  - ShareGPT Dataset: Disabled
  - Max Concurrent Allocations: 4 (bounds RAM usage)
================================================================================

User Context Length Distribution:
  Min: 913 tokens (285.31MiB)
  Max: 22547 tokens (7045.94MiB)
  Mean: 8400 tokens (2624.91MiB)

QoS Distribution:
  interactive: 10 users
  responsive: 30 users
  batch: 30 users

### MEMORY SAFETY CHECK ###
  Formula: peak = (workers x 2 x mean_entry_bytes) + baseline
         = (70 x 2 x 2500MiB) + 2.5GiB
         = 344.3GiB
  Available RAM: 294.7GiB
  Mean entry size: 2500MiB  (8000 tok x 327,680 B/tok)
  Peak per thread: 5000MiB  (np.load + np.array copy)
  Worker threads: 70
  Safe concurrent readers: ~59  = (available - baseline) / peak_per_thread
  WARNING: Estimated peak memory (344.3GiB) exceeds 85% of
  available RAM (294.7GiB). Risk of OOM with 70 workers.
  Consider: --num-users 59 or --max-concurrent-allocs 29

Starting benchmark... Mode: standard (prefill+decode)
--------------------------------------------------------------------------------

Integrated Multi-User KV Cache Benchmark - MLPerf Edition
Model: Llama 3.1 70B Instruct
GPU Memory: 0 GB
Users: 70
Duration: 300s
Seed: 43
Generation Mode: none (0.0ms/token)
Features:
  - Phase-Aware Processing: Enabled
  - Multi-turn Conversations: Enabled
  - Prefix Caching: Enabled
  - RAG Workload: Disabled
  - Autoscaling: Disabled
  - QoS Support: Enabled (Interactive/Responsive/Batch)
  - Trace-Driven (BurstGPT): Disabled
  - ShareGPT Dataset: Disabled
  - Max Concurrent Allocations: 4 (bounds RAM usage)
================================================================================

User Context Length Distribution:
  Min: 687 tokens (214.69MiB)
  Max: 24695 tokens (7717.19MiB)
  Mean: 8240 tokens (2574.88MiB)

QoS Distribution:
  interactive: 10 users
  responsive: 28 users
  batch: 32 users

### MEMORY SAFETY CHECK ###
  Formula: peak = (workers x 2 x mean_entry_bytes) + baseline
         = (70 x 2 x 2500MiB) + 2.5GiB
         = 344.3GiB
  Available RAM: 469.4GiB
  Mean entry size: 2500MiB  (8000 tok x 327,680 B/tok)
  Peak per thread: 5000MiB  (np.load + np.array copy)
  Worker threads: 70
  Safe concurrent readers: ~95  = (available - baseline) / peak_per_thread
  Status: OK

Starting benchmark... Mode: standard (prefill+decode)
--------------------------------------------------------------------------------

Integrated Multi-User KV Cache Benchmark - MLPerf Edition
Model: Llama 3.1 70B Instruct
GPU Memory: 0 GB
Users: 70
Duration: 300s
Seed: 58
Generation Mode: none (0.0ms/token)
Features:
  - Phase-Aware Processing: Enabled
  - Multi-turn Conversations: Enabled
  - Prefix Caching: Enabled
  - RAG Workload: Disabled
  - Autoscaling: Disabled
  - QoS Support: Enabled (Interactive/Responsive/Batch)
  - Trace-Driven (BurstGPT): Disabled
  - ShareGPT Dataset: Disabled
  - Max Concurrent Allocations: 4 (bounds RAM usage)
================================================================================

User Context Length Distribution:
  Min: 666 tokens (208.12MiB)
  Max: 22851 tokens (7140.94MiB)
  Mean: 8621 tokens (2694.00MiB)

QoS Distribution:
  interactive: 9 users
  responsive: 28 users
  batch: 33 users

### MEMORY SAFETY CHECK ###
  Formula: peak = (workers x 2 x mean_entry_bytes) + baseline
         = (70 x 2 x 2500MiB) + 2.5GiB
         = 344.3GiB
  Available RAM: 470.2GiB
  Mean entry size: 2500MiB  (8000 tok x 327,680 B/tok)
  Peak per thread: 5000MiB  (np.load + np.array copy)
  Worker threads: 70
  Safe concurrent readers: ~95  = (available - baseline) / peak_per_thread
  Status: OK

Starting benchmark... Mode: standard (prefill+decode)
--------------------------------------------------------------------------------

Integrated Multi-User KV Cache Benchmark - MLPerf Edition
Model: Llama 3.1 70B Instruct
GPU Memory: 0 GB
Users: 70
Duration: 300s
Seed: 67
Generation Mode: none (0.0ms/token)
Features:
  - Phase-Aware Processing: Enabled
  - Multi-turn Conversations: Enabled
  - Prefix Caching: Enabled
  - RAG Workload: Disabled
  - Autoscaling: Disabled
  - QoS Support: Enabled (Interactive/Responsive/Batch)
  - Trace-Driven (BurstGPT): Disabled
  - ShareGPT Dataset: Disabled
  - Max Concurrent Allocations: 4 (bounds RAM usage)
================================================================================

User Context Length Distribution:
  Min: 518 tokens (161.88MiB)
  Max: 22754 tokens (7110.62MiB)
  Mean: 8114 tokens (2535.49MiB)

QoS Distribution:
  interactive: 13 users
  responsive: 28 users
  batch: 29 users

Integrated Multi-User KV Cache Benchmark - MLPerf Edition
Model: Llama 3.1 70B Instruct
GPU Memory: 0 GB
Users: 70
Duration: 300s
Seed: 55
Generation Mode: none (0.0ms/token)
Features:
  - Phase-Aware Processing: Enabled
  - Multi-turn Conversations: Enabled
  - Prefix Caching: Enabled
  - RAG Workload: Disabled
  - Autoscaling: Disabled
  - QoS Support: Enabled (Interactive/Responsive/Batch)
  - Trace-Driven (BurstGPT): Disabled
  - ShareGPT Dataset: Disabled
  - Max Concurrent Allocations: 4 (bounds RAM usage)
================================================================================

User Context Length Distribution:
  Min: 543 tokens (169.69MiB)
  Max: 24654 tokens (7704.38MiB)
  Mean: 9041 tokens (2825.30MiB)

QoS Distribution:
  interactive: 9 users
  responsive: 29 users
  batch: 32 users

### MEMORY SAFETY CHECK ###
  Formula: peak = (workers x 2 x mean_entry_bytes) + baseline
         = (70 x 2 x 2500MiB) + 2.5GiB
         = 344.3GiB
  Available RAM: 318.1GiB
  Mean entry size: 2500MiB  (8000 tok x 327,680 B/tok)
  Peak per thread: 5000MiB  (np.load + np.array copy)
  Worker threads: 70
  Safe concurrent readers: ~64  = (available - baseline) / peak_per_thread
  WARNING: Estimated peak memory (344.3GiB) exceeds 85% of
  available RAM (318.1GiB). Risk of OOM with 70 workers.
  Consider: --num-users 64 or --max-concurrent-allocs 32

Starting benchmark... Mode: standard (prefill+decode)
--------------------------------------------------------------------------------

### MEMORY SAFETY CHECK ###
  Formula: peak = (workers x 2 x mean_entry_bytes) + baseline
         = (70 x 2 x 2500MiB) + 2.5GiB
         = 344.3GiB
  Available RAM: 265.5GiB
  Mean entry size: 2500MiB  (8000 tok x 327,680 B/tok)
  Peak per thread: 5000MiB  (np.load + np.array copy)
  Worker threads: 70
  Safe concurrent readers: ~53  = (available - baseline) / peak_per_thread
  WARNING: Estimated peak memory (344.3GiB) exceeds 85% of
  available RAM (265.5GiB). Risk of OOM with 70 workers.
  Consider: --num-users 53 or --max-concurrent-allocs 26

Starting benchmark... Mode: standard (prefill+decode)
--------------------------------------------------------------------------------

Integrated Multi-User KV Cache Benchmark - MLPerf Edition
Model: Llama 3.1 70B Instruct
GPU Memory: 0 GB
Users: 70
Duration: 300s
Seed: 45
Generation Mode: none (0.0ms/token)
Features:
  - Phase-Aware Processing: Enabled
  - Multi-turn Conversations: Enabled
  - Prefix Caching: Enabled
  - RAG Workload: Disabled
  - Autoscaling: Disabled
  - QoS Support: Enabled (Interactive/Responsive/Batch)
  - Trace-Driven (BurstGPT): Disabled
  - ShareGPT Dataset: Disabled
  - Max Concurrent Allocations: 4 (bounds RAM usage)
================================================================================

User Context Length Distribution:
  Min: 557 tokens (174.06MiB)
  Max: 22928 tokens (7165.00MiB)
  Mean: 9106 tokens (2845.50MiB)

QoS Distribution:
  interactive: 9 users
  responsive: 22 users
  batch: 39 users

### MEMORY SAFETY CHECK ###
  Formula: peak = (workers x 2 x mean_entry_bytes) + baseline
         = (70 x 2 x 2500MiB) + 2.5GiB
         = 344.3GiB
  Available RAM: 605.0GiB
  Mean entry size: 2500MiB  (8000 tok x 327,680 B/tok)
  Peak per thread: 5000MiB  (np.load + np.array copy)
  Worker threads: 70
  Safe concurrent readers: ~123  = (available - baseline) / peak_per_thread
  Status: OK

Starting benchmark... Mode: standard (prefill+decode)
--------------------------------------------------------------------------------

================================================================================
BENCHMARK RESULTS - MLPerf KV Cache Storage Benchmark
Generation Mode: none (0.0ms/token)
================================================================================

IMPORTANT: All storage latencies below are measured per KV cache BLOCK,
not per token or per disk page.  Each block holds the full KV state for
one request (all layers, all heads, full sequence length).
  Model KV bytes/token: 327,680 bytes (320.0KiB)
  Entries in cache: 937
  Block size min:   69.7MiB
  Block size mean:  814.1MiB
  Block size P95:   2436.2MiB
  Block size max:   5164.1MiB
  A 200MiB block at 1GiB/s NVMe read = ~200 ms device latency.
  Compare latencies against block sizes, not against 4KiB page I/O.


### OVERALL PERFORMANCE ###
Requests Completed: 935
Total Tokens Generated: 116357
Throughput (wall-clock): 387.86 tokens/sec
Throughput (storage I/O): 32.02 tokens/sec
Requests/sec: 3.12

### END-TO-END LATENCY (Queue Wait + Storage I/O + Generation) ###
  Mean: 130106.48 ms
  P50:  128594.03 ms
  P95:  222029.35 ms
  P99:  229839.41 ms

### PER-REQUEST STORAGE LATENCY (All I/O ops for one request) ###
  Mean: 3886.35 ms
  P50:  2744.40 ms
  P95:  11088.95 ms
  P99:  16716.26 ms
  (= 1 prefill write + N decode reads per request)

### STORAGE PERFORMANCE ###
  Cache Hit Rate: 90.9%
  Total Read: 3995.84GiB
  Total Write: 744.93GiB
  Read/Write Ratio: 5.36
  Storage KV Read Operations/sec: 16.56
  Storage KV Write Operations/sec: 3.12

### CACHE TIER DISTRIBUTION ###
  GPU Entries: 0 (0.00GiB)
  CPU Entries: 0 (0.00GiB)
  Storage Entries: 937

### TIER-SPECIFIC KV BYTES ###
  Storage KV Bytes Written: 744.93GiB
  Storage KV Bytes Read: 3995.84GiB

### STORAGE KV BANDWIDTH ###
  Storage KV Read Bandwidth: 13.32GiB/s
  Storage KV Write Bandwidth: 2.48GiB/s

### TIER-SPECIFIC LATENCIES (Total = Host + Device) ###
  Storage Read P95 (Total): 1473.64 ms
  Storage Write P95 (Total): 2573.08 ms

### STORAGE TIER LATENCY BREAKDOWN (Device = Disk I/O, Host = Serialization) ###
  Storage Read:
    - Device P95 (Disk I/O): 1062.36 ms
    - Host P95 (Serialization): 409.24 ms
    - Total P95: 1473.64 ms
  Storage Write:
    - Device P95 (Disk I/O): 0.01 ms
    - Host P95 (Serialization): 2573.07 ms
    - Total P95: 2573.08 ms

### CACHE TYPE BREAKDOWNS ###
  System Prompt Hits: 982
  Common Phrase Hits: 0
  User Cache Hits: 3978
  Multi-turn Hits: 9

### PREFIX CACHING ###
  Prefix Hits: 183
  Prefix Misses: 754
  System Prompt Reuse: 183
  Bytes Saved: 0.37GiB

### MULTI-TURN CONVERSATIONS ###
  Multi-turn Cache Hits: 9
  Multi-turn Cache Misses: 314
  Multi-turn Hit Rate: 2.8%

### QOS LATENCY METRICS (Informational - includes simulated generation) ###

  INTERACTIVE:
    Requests: 867
    Latency P95: 222906.70 ms
    Latency P99: 230066.03 ms
    SLA Met: [X] (compliance: 0.0%)

  RESPONSIVE:
    Requests: 33
    Latency P95: 52619.55 ms
    Latency P99: 57125.10 ms
    SLA Met: [X] (compliance: 0.0%)

  BATCH:
    Requests: 35
    Latency P95: 49919.68 ms
    Latency P99: 56303.70 ms
    SLA Met: [X] (compliance: 2.9%)

================================================================================
NOTES:
  - Pure storage I/O benchmark (no generation simulation)
================================================================================

================================================================================
BENCHMARK RESULTS - MLPerf KV Cache Storage Benchmark
Generation Mode: none (0.0ms/token)
================================================================================

IMPORTANT: All storage latencies below are measured per KV cache BLOCK,
not per token or per disk page.  Each block holds the full KV state for
one request (all layers, all heads, full sequence length).
  Model KV bytes/token: 327,680 bytes (320.0KiB)
  Entries in cache: 831
  Block size min:   60.0MiB
  Block size mean:  1005.9MiB
  Block size P95:   4216.9MiB
  Block size max:   6289.7MiB
  A 200MiB block at 1GiB/s NVMe read = ~200 ms device latency.
  Compare latencies against block sizes, not against 4KiB page I/O.


### OVERALL PERFORMANCE ###
Requests Completed: 830
Total Tokens Generated: 99079
Throughput (wall-clock): 330.26 tokens/sec
Throughput (storage I/O): 35.32 tokens/sec
Requests/sec: 2.77

### END-TO-END LATENCY (Queue Wait + Storage I/O + Generation) ###
  Mean: 157833.54 ms
  P50:  160095.50 ms
  P95:  273460.37 ms
  P99:  285199.99 ms

### PER-REQUEST STORAGE LATENCY (All I/O ops for one request) ###
  Mean: 3379.71 ms
  P50:  1734.48 ms
  P95:  11075.47 ms
  P99:  23307.95 ms
  (= 1 prefill write + N decode reads per request)

### STORAGE PERFORMANCE ###
  Cache Hit Rate: 87.7%
  Total Read: 3124.15GiB
  Total Write: 821.30GiB
  Read/Write Ratio: 3.80
  Storage KV Read Operations/sec: 12.69
  Storage KV Write Operations/sec: 2.77

### CACHE TIER DISTRIBUTION ###
  GPU Entries: 0 (0.00GiB)
  CPU Entries: 0 (0.00GiB)
  Storage Entries: 831

### TIER-SPECIFIC KV BYTES ###
  Storage KV Bytes Written: 816.28GiB
  Storage KV Bytes Read: 3124.15GiB

### STORAGE KV BANDWIDTH ###
  Storage KV Read Bandwidth: 10.41GiB/s
  Storage KV Write Bandwidth: 2.72GiB/s

### TIER-SPECIFIC LATENCIES (Total = Host + Device) ###
  Storage Read P95 (Total): 1280.08 ms
  Storage Write P95 (Total): 4144.14 ms

### STORAGE TIER LATENCY BREAKDOWN (Device = Disk I/O, Host = Serialization) ###
  Storage Read:
    - Device P95 (Disk I/O): 900.53 ms
    - Host P95 (Serialization): 347.90 ms
    - Total P95: 1280.08 ms
  Storage Write:
    - Device P95 (Disk I/O): 0.01 ms
    - Host P95 (Serialization): 4144.13 ms
    - Total P95: 4144.14 ms

### CACHE TYPE BREAKDOWNS ###
  System Prompt Hits: 742
  Common Phrase Hits: 0
  User Cache Hits: 3043
  Multi-turn Hits: 21

### PREFIX CACHING ###
  Prefix Hits: 174
  Prefix Misses: 658
  System Prompt Reuse: 174
  Bytes Saved: 0.35GiB

### MULTI-TURN CONVERSATIONS ###
  Multi-turn Cache Hits: 21
  Multi-turn Cache Misses: 359
  Multi-turn Hit Rate: 5.5%

### QOS LATENCY METRICS (Informational - includes simulated generation) ###

  INTERACTIVE:
    Requests: 767
    Latency P95: 274472.17 ms
    Latency P99: 285236.58 ms
    SLA Met: [X] (compliance: 0.0%)

  RESPONSIVE:
    Requests: 30
    Latency P95: 53078.42 ms
    Latency P99: 72923.59 ms
    SLA Met: [X] (compliance: 0.0%)

  BATCH:
    Requests: 33
    Latency P95: 62220.16 ms
    Latency P99: 67694.63 ms
    SLA Met: [X] (compliance: 0.0%)

================================================================================
NOTES:
  - Pure storage I/O benchmark (no generation simulation)
================================================================================

================================================================================
BENCHMARK RESULTS - MLPerf KV Cache Storage Benchmark
Generation Mode: none (0.0ms/token)
================================================================================

IMPORTANT: All storage latencies below are measured per KV cache BLOCK,
not per token or per disk page.  Each block holds the full KV state for
one request (all layers, all heads, full sequence length).
  Model KV bytes/token: 327,680 bytes (320.0KiB)
  Entries in cache: 916
  Block size min:   40.3MiB
  Block size mean:  856.6MiB
  Block size P95:   3024.9MiB
  Block size max:   6575.6MiB
  A 200MiB block at 1GiB/s NVMe read = ~200 ms device latency.
  Compare latencies against block sizes, not against 4KiB page I/O.


### OVERALL PERFORMANCE ###
Requests Completed: 912
Total Tokens Generated: 128986
Throughput (wall-clock): 429.95 tokens/sec
Throughput (storage I/O): 34.36 tokens/sec
Requests/sec: 3.04

### END-TO-END LATENCY (Queue Wait + Storage I/O + Generation) ###
  Mean: 164470.07 ms
  P50:  169108.57 ms
  P95:  272154.22 ms
  P99:  283074.00 ms

### PER-REQUEST STORAGE LATENCY (All I/O ops for one request) ###
  Mean: 4115.74 ms
  P50:  1446.99 ms
  P95:  16598.00 ms
  P99:  28573.44 ms
  (= 1 prefill write + N decode reads per request)

### STORAGE PERFORMANCE ###
  Cache Hit Rate: 92.7%
  Total Read: 5006.27GiB
  Total Write: 766.30GiB
  Read/Write Ratio: 6.53
  Storage KV Read Operations/sec: 16.27
  Storage KV Write Operations/sec: 3.05

### CACHE TIER DISTRIBUTION ###
  GPU Entries: 0 (0.00GiB)
  CPU Entries: 0 (0.00GiB)
  Storage Entries: 916

### TIER-SPECIFIC KV BYTES ###
  Storage KV Bytes Written: 766.30GiB
  Storage KV Bytes Read: 5006.27GiB

### STORAGE KV BANDWIDTH ###
  Storage KV Read Bandwidth: 16.69GiB/s
  Storage KV Write Bandwidth: 2.55GiB/s

### TIER-SPECIFIC LATENCIES (Total = Host + Device) ###
  Storage Read P95 (Total): 1304.22 ms
  Storage Write P95 (Total): 3201.47 ms

### STORAGE TIER LATENCY BREAKDOWN (Device = Disk I/O, Host = Serialization) ###
  Storage Read:
    - Device P95 (Disk I/O): 936.31 ms
    - Host P95 (Serialization): 376.62 ms
    - Total P95: 1304.22 ms
  Storage Write:
    - Device P95 (Disk I/O): 0.01 ms
    - Host P95 (Serialization): 3201.46 ms
    - Total P95: 3201.47 ms

### CACHE TYPE BREAKDOWNS ###
  System Prompt Hits: 996
  Common Phrase Hits: 0
  User Cache Hits: 3868
  Multi-turn Hits: 17

### PREFIX CACHING ###
  Prefix Hits: 184
  Prefix Misses: 732
  System Prompt Reuse: 184
  Bytes Saved: 0.37GiB

### MULTI-TURN CONVERSATIONS ###
  Multi-turn Cache Hits: 17
  Multi-turn Cache Misses: 203
  Multi-turn Hit Rate: 7.7%

### QOS LATENCY METRICS (Informational - includes simulated generation) ###

  INTERACTIVE:
    Requests: 852
    Latency P95: 272486.75 ms
    Latency P99: 283078.08 ms
    SLA Met: [X] (compliance: 0.0%)

  RESPONSIVE:
    Requests: 25
    Latency P95: 65763.33 ms
    Latency P99: 79384.27 ms
    SLA Met: [X] (compliance: 0.0%)

  BATCH:
    Requests: 35
    Latency P95: 62767.90 ms
    Latency P99: 79323.32 ms
    SLA Met: [X] (compliance: 0.0%)

================================================================================
NOTES:
  - Pure storage I/O benchmark (no generation simulation)
================================================================================
KV Cache Wrapper - End delay for 90 seconds

================================================================================
BENCHMARK RESULTS - MLPerf KV Cache Storage Benchmark
Generation Mode: none (0.0ms/token)
================================================================================

IMPORTANT: All storage latencies below are measured per KV cache BLOCK,
not per token or per disk page.  Each block holds the full KV state for
one request (all layers, all heads, full sequence length).
  Model KV bytes/token: 327,680 bytes (320.0KiB)
  Entries in cache: 880
  Block size min:   43.1MiB
  Block size mean:  790.3MiB
  Block size P95:   2234.0MiB
  Block size max:   6014.1MiB
  A 200MiB block at 1GiB/s NVMe read = ~200 ms device latency.
  Compare latencies against block sizes, not against 4KiB page I/O.


### OVERALL PERFORMANCE ###
Requests Completed: 878
Total Tokens Generated: 90861
Throughput (wall-clock): 302.79 tokens/sec
Throughput (storage I/O): 23.13 tokens/sec
Requests/sec: 2.93

### END-TO-END LATENCY (Queue Wait + Storage I/O + Generation) ###
  Mean: 178695.38 ms
  P50:  183742.39 ms
  P95:  282959.63 ms
  P99:  294361.18 ms

### PER-REQUEST STORAGE LATENCY (All I/O ops for one request) ###
  Mean: 4473.24 ms
  P50:  2299.86 ms
  P95:  14796.41 ms
  P99:  40212.72 ms
  (= 1 prefill write + N decode reads per request)

### STORAGE PERFORMANCE ###
  Cache Hit Rate: 92.9%
  Total Read: 3859.17GiB
  Total Write: 679.15GiB
  Read/Write Ratio: 5.68
  Storage KV Read Operations/sec: 13.56
  Storage KV Write Operations/sec: 2.93

### CACHE TIER DISTRIBUTION ###
  GPU Entries: 0 (0.00GiB)
  CPU Entries: 0 (0.00GiB)
  Storage Entries: 880

### TIER-SPECIFIC KV BYTES ###
  Storage KV Bytes Written: 679.15GiB
  Storage KV Bytes Read: 3859.17GiB

### STORAGE KV BANDWIDTH ###
  Storage KV Read Bandwidth: 12.86GiB/s
  Storage KV Write Bandwidth: 2.26GiB/s

### TIER-SPECIFIC LATENCIES (Total = Host + Device) ###
  Storage Read P95 (Total): 1437.78 ms
  Storage Write P95 (Total): 2308.66 ms

### STORAGE TIER LATENCY BREAKDOWN (Device = Disk I/O, Host = Serialization) ###
  Storage Read:
    - Device P95 (Disk I/O): 1004.62 ms
    - Host P95 (Serialization): 456.96 ms
    - Total P95: 1437.78 ms
  Storage Write:
    - Device P95 (Disk I/O): 0.01 ms
    - Host P95 (Serialization): 2308.66 ms
    - Total P95: 2308.66 ms

### CACHE TYPE BREAKDOWNS ###
  System Prompt Hits: 838
  Common Phrase Hits: 0
  User Cache Hits: 3222
  Multi-turn Hits: 8

### PREFIX CACHING ###
  Prefix Hits: 168
  Prefix Misses: 712
  System Prompt Reuse: 168
  Bytes Saved: 0.35GiB

### MULTI-TURN CONVERSATIONS ###
  Multi-turn Cache Hits: 8
  Multi-turn Cache Misses: 143
  Multi-turn Hit Rate: 5.3%

### QOS LATENCY METRICS (Informational - includes simulated generation) ###

  INTERACTIVE:
    Requests: 821
    Latency P95: 284183.53 ms
    Latency P99: 294370.22 ms
    SLA Met: [X] (compliance: 0.0%)

  RESPONSIVE:
    Requests: 20
    Latency P95: 104454.93 ms
    Latency P99: 136307.36 ms
    SLA Met: [X] (compliance: 0.0%)

  BATCH:
    Requests: 37
    Latency P95: 106032.75 ms
    Latency P99: 133353.51 ms
    SLA Met: [X] (compliance: 2.7%)

================================================================================
NOTES:
  - Pure storage I/O benchmark (no generation simulation)
================================================================================
KV Cache Wrapper - End delay for 90 seconds

================================================================================
BENCHMARK RESULTS - MLPerf KV Cache Storage Benchmark
Generation Mode: none (0.0ms/token)
================================================================================

IMPORTANT: All storage latencies below are measured per KV cache BLOCK,
not per token or per disk page.  Each block holds the full KV state for
one request (all layers, all heads, full sequence length).
  Model KV bytes/token: 327,680 bytes (320.0KiB)
  Entries in cache: 609
  Block size min:   56.6MiB
  Block size mean:  1230.4MiB
  Block size P95:   5427.2MiB
  Block size max:   6957.8MiB
  A 200MiB block at 1GiB/s NVMe read = ~200 ms device latency.
  Compare latencies against block sizes, not against 4KiB page I/O.


### OVERALL PERFORMANCE ###
Requests Completed: 607
Total Tokens Generated: 74950
Throughput (wall-clock): 249.83 tokens/sec
Throughput (storage I/O): 31.07 tokens/sec
Requests/sec: 2.02

### END-TO-END LATENCY (Queue Wait + Storage I/O + Generation) ###
  Mean: 170991.40 ms
  P50:  181859.28 ms
  P95:  295432.01 ms
  P99:  302342.27 ms

### PER-REQUEST STORAGE LATENCY (All I/O ops for one request) ###
  Mean: 3974.57 ms
  P50:  2157.07 ms
  P95:  13656.30 ms
  P99:  27352.54 ms
  (= 1 prefill write + N decode reads per request)

### STORAGE PERFORMANCE ###
  Cache Hit Rate: 85.5%
  Total Read: 2442.22GiB
  Total Write: 735.40GiB
  Read/Write Ratio: 3.32
  Storage KV Read Operations/sec: 8.43
  Storage KV Write Operations/sec: 2.03

### CACHE TIER DISTRIBUTION ###
  GPU Entries: 0 (0.00GiB)
  CPU Entries: 0 (0.00GiB)
  Storage Entries: 609

### TIER-SPECIFIC KV BYTES ###
  Storage KV Bytes Written: 731.75GiB
  Storage KV Bytes Read: 2442.22GiB

### STORAGE KV BANDWIDTH ###
  Storage KV Read Bandwidth: 8.14GiB/s
  Storage KV Write Bandwidth: 2.44GiB/s

### TIER-SPECIFIC LATENCIES (Total = Host + Device) ###
  Storage Read P95 (Total): 1465.70 ms
  Storage Write P95 (Total): 5330.99 ms

### STORAGE TIER LATENCY BREAKDOWN (Device = Disk I/O, Host = Serialization) ###
  Storage Read:
    - Device P95 (Disk I/O): 1072.05 ms
    - Host P95 (Serialization): 435.86 ms
    - Total P95: 1465.70 ms
  Storage Write:
    - Device P95 (Disk I/O): 0.01 ms
    - Host P95 (Serialization): 5330.98 ms
    - Total P95: 5330.99 ms

### CACHE TYPE BREAKDOWNS ###
  System Prompt Hits: 504
  Common Phrase Hits: 0
  User Cache Hits: 2015
  Multi-turn Hits: 9

### PREFIX CACHING ###
  Prefix Hits: 122
  Prefix Misses: 488
  System Prompt Reuse: 122
  Bytes Saved: 0.26GiB

### MULTI-TURN CONVERSATIONS ###
  Multi-turn Cache Hits: 9
  Multi-turn Cache Misses: 305
  Multi-turn Hit Rate: 2.9%

### QOS LATENCY METRICS (Informational - includes simulated generation) ###

  INTERACTIVE:
    Requests: 548
    Latency P95: 296127.64 ms
    Latency P99: 302693.77 ms
    SLA Met: [X] (compliance: 0.0%)

  RESPONSIVE:
    Requests: 23
    Latency P95: 97556.52 ms
    Latency P99: 106875.27 ms
    SLA Met: [X] (compliance: 0.0%)

  BATCH:
    Requests: 36
    Latency P95: 79766.39 ms
    Latency P99: 90443.83 ms
    SLA Met: [X] (compliance: 2.8%)

================================================================================
NOTES:
  - Pure storage I/O benchmark (no generation simulation)
================================================================================
KV Cache Wrapper - End delay for 90 seconds

================================================================================
BENCHMARK RESULTS - MLPerf KV Cache Storage Benchmark
Generation Mode: none (0.0ms/token)
================================================================================

IMPORTANT: All storage latencies below are measured per KV cache BLOCK,
not per token or per disk page.  Each block holds the full KV state for
one request (all layers, all heads, full sequence length).
  Model KV bytes/token: 327,680 bytes (320.0KiB)
  Entries in cache: 620
  Block size min:   46.6MiB
  Block size mean:  1275.0MiB
  Block size P95:   3764.0MiB
  Block size max:   6435.0MiB
  A 200MiB block at 1GiB/s NVMe read = ~200 ms device latency.
  Compare latencies against block sizes, not against 4KiB page I/O.


### OVERALL PERFORMANCE ###
Requests Completed: 616
Total Tokens Generated: 82796
Throughput (wall-clock): 275.99 tokens/sec
Throughput (storage I/O): 26.31 tokens/sec
Requests/sec: 2.05

### END-TO-END LATENCY (Queue Wait + Storage I/O + Generation) ###
  Mean: 158194.07 ms
  P50:  161838.23 ms
  P95:  267620.84 ms
  P99:  278500.17 ms

### PER-REQUEST STORAGE LATENCY (All I/O ops for one request) ###
  Mean: 5108.18 ms
  P50:  2961.92 ms
  P95:  15866.54 ms
  P99:  27536.51 ms
  (= 1 prefill write + N decode reads per request)

### STORAGE PERFORMANCE ###
  Cache Hit Rate: 89.4%
  Total Read: 3900.97GiB
  Total Write: 772.00GiB
  Read/Write Ratio: 5.05
  Storage KV Read Operations/sec: 9.89
  Storage KV Write Operations/sec: 2.07

### CACHE TIER DISTRIBUTION ###
  GPU Entries: 0 (0.00GiB)
  CPU Entries: 0 (0.00GiB)
  Storage Entries: 620

### TIER-SPECIFIC KV BYTES ###
  Storage KV Bytes Written: 772.00GiB
  Storage KV Bytes Read: 3900.97GiB

### STORAGE KV BANDWIDTH ###
  Storage KV Read Bandwidth: 13.00GiB/s
  Storage KV Write Bandwidth: 2.57GiB/s

### TIER-SPECIFIC LATENCIES (Total = Host + Device) ###
  Storage Read P95 (Total): 1573.62 ms
  Storage Write P95 (Total): 3980.90 ms

### STORAGE TIER LATENCY BREAKDOWN (Device = Disk I/O, Host = Serialization) ###
  Storage Read:
    - Device P95 (Disk I/O): 1077.01 ms
    - Host P95 (Serialization): 668.13 ms
    - Total P95: 1573.62 ms
  Storage Write:
    - Device P95 (Disk I/O): 0.01 ms
    - Host P95 (Serialization): 3980.90 ms
    - Total P95: 3980.90 ms

### CACHE TYPE BREAKDOWNS ###
  System Prompt Hits: 690
  Common Phrase Hits: 0
  User Cache Hits: 2261
  Multi-turn Hits: 16

### PREFIX CACHING ###
  Prefix Hits: 140
  Prefix Misses: 480
  System Prompt Reuse: 140
  Bytes Saved: 0.28GiB

### MULTI-TURN CONVERSATIONS ###
  Multi-turn Cache Hits: 16
  Multi-turn Cache Misses: 210
  Multi-turn Hit Rate: 7.1%

### QOS LATENCY METRICS (Informational - includes simulated generation) ###

  INTERACTIVE:
    Requests: 549
    Latency P95: 268221.05 ms
    Latency P99: 278659.40 ms
    SLA Met: [X] (compliance: 0.0%)

  RESPONSIVE:
    Requests: 27
    Latency P95: 85560.49 ms
    Latency P99: 92026.82 ms
    SLA Met: [X] (compliance: 0.0%)

  BATCH:
    Requests: 40
    Latency P95: 89999.36 ms
    Latency P99: 102568.08 ms
    SLA Met: [X] (compliance: 0.0%)

================================================================================
NOTES:
  - Pure storage I/O benchmark (no generation simulation)
================================================================================

================================================================================
BENCHMARK RESULTS - MLPerf KV Cache Storage Benchmark
Generation Mode: none (0.0ms/token)
================================================================================

IMPORTANT: All storage latencies below are measured per KV cache BLOCK,
not per token or per disk page.  Each block holds the full KV state for
one request (all layers, all heads, full sequence length).
  Model KV bytes/token: 327,680 bytes (320.0KiB)
  Entries in cache: 918
  Block size min:   60.6MiB
  Block size mean:  830.3MiB
  Block size P95:   2938.6MiB
  Block size max:   5485.3MiB
  A 200MiB block at 1GiB/s NVMe read = ~200 ms device latency.
  Compare latencies against block sizes, not against 4KiB page I/O.


### OVERALL PERFORMANCE ###
Requests Completed: 913
Total Tokens Generated: 116940
Throughput (wall-clock): 388.25 tokens/sec
Throughput (storage I/O): 30.45 tokens/sec
Requests/sec: 3.03

### END-TO-END LATENCY (Queue Wait + Storage I/O + Generation) ###
  Mean: 158352.40 ms
  P50:  165236.19 ms
  P95:  289446.10 ms
  P99:  300716.50 ms

### PER-REQUEST STORAGE LATENCY (All I/O ops for one request) ###
  Mean: 4206.26 ms
  P50:  1661.11 ms
  P95:  18029.32 ms
  P99:  30190.68 ms
  (= 1 prefill write + N decode reads per request)

### STORAGE PERFORMANCE ###
  Cache Hit Rate: 84.6%
  Total Read: 4934.19GiB
  Total Write: 744.36GiB
  Read/Write Ratio: 6.63
  Storage KV Read Operations/sec: 15.84
  Storage KV Write Operations/sec: 3.06

### CACHE TIER DISTRIBUTION ###
  GPU Entries: 0 (0.00GiB)
  CPU Entries: 0 (0.00GiB)
  Storage Entries: 918

### TIER-SPECIFIC KV BYTES ###
  Storage KV Bytes Written: 744.36GiB
  Storage KV Bytes Read: 4934.19GiB

### STORAGE KV BANDWIDTH ###
  Storage KV Read Bandwidth: 16.38GiB/s
  Storage KV Write Bandwidth: 2.47GiB/s

### TIER-SPECIFIC LATENCIES (Total = Host + Device) ###
  Storage Read P95 (Total): 1531.30 ms
  Storage Write P95 (Total): 3304.17 ms

### STORAGE TIER LATENCY BREAKDOWN (Device = Disk I/O, Host = Serialization) ###
  Storage Read:
    - Device P95 (Disk I/O): 1109.14 ms
    - Host P95 (Serialization): 437.44 ms
    - Total P95: 1531.30 ms
  Storage Write:
    - Device P95 (Disk I/O): 0.01 ms
    - Host P95 (Serialization): 3304.16 ms
    - Total P95: 3304.17 ms

### CACHE TYPE BREAKDOWNS ###
  System Prompt Hits: 916
  Common Phrase Hits: 0
  User Cache Hits: 3739
  Multi-turn Hits: 96

### PREFIX CACHING ###
  Prefix Hits: 168
  Prefix Misses: 750
  System Prompt Reuse: 168
  Bytes Saved: 0.35GiB

### MULTI-TURN CONVERSATIONS ###
  Multi-turn Cache Hits: 96
  Multi-turn Cache Misses: 698
  Multi-turn Hit Rate: 12.1%

### QOS LATENCY METRICS (Informational - includes simulated generation) ###

  INTERACTIVE:
    Requests: 859
    Latency P95: 290562.36 ms
    Latency P99: 300729.25 ms
    SLA Met: [X] (compliance: 0.0%)

  RESPONSIVE:
    Requests: 21
    Latency P95: 20111.27 ms
    Latency P99: 26854.97 ms
    SLA Met: [X] (compliance: 0.0%)

  BATCH:
    Requests: 33
    Latency P95: 22286.37 ms
    Latency P99: 36082.47 ms
    SLA Met: [X] (compliance: 3.0%)

================================================================================
NOTES:
  - Pure storage I/O benchmark (no generation simulation)
================================================================================
KV Cache Wrapper - End delay for 90 seconds

================================================================================
BENCHMARK RESULTS - MLPerf KV Cache Storage Benchmark
Generation Mode: none (0.0ms/token)
================================================================================

IMPORTANT: All storage latencies below are measured per KV cache BLOCK,
not per token or per disk page.  Each block holds the full KV state for
one request (all layers, all heads, full sequence length).
  Model KV bytes/token: 327,680 bytes (320.0KiB)
  Entries in cache: 709
  Block size min:   75.9MiB
  Block size mean:  919.6MiB
  Block size P95:   2943.8MiB
  Block size max:   7174.4MiB
  A 200MiB block at 1GiB/s NVMe read = ~200 ms device latency.
  Compare latencies against block sizes, not against 4KiB page I/O.


### OVERALL PERFORMANCE ###
Requests Completed: 703
Total Tokens Generated: 88132
Throughput (wall-clock): 293.77 tokens/sec
Throughput (storage I/O): 24.66 tokens/sec
Requests/sec: 2.34

### END-TO-END LATENCY (Queue Wait + Storage I/O + Generation) ###
  Mean: 178266.35 ms
  P50:  183125.07 ms
  P95:  285150.16 ms
  P99:  296470.56 ms

### PER-REQUEST STORAGE LATENCY (All I/O ops for one request) ###
  Mean: 5084.72 ms
  P50:  2255.10 ms
  P95:  18830.47 ms
  P99:  41485.22 ms
  (= 1 prefill write + N decode reads per request)

### STORAGE PERFORMANCE ###
  Cache Hit Rate: 94.1%
  Total Read: 3846.41GiB
  Total Write: 636.68GiB
  Read/Write Ratio: 6.04
  Storage KV Read Operations/sec: 12.10
  Storage KV Write Operations/sec: 2.36

### CACHE TIER DISTRIBUTION ###
  GPU Entries: 0 (0.00GiB)
  CPU Entries: 0 (0.00GiB)
  Storage Entries: 709

### TIER-SPECIFIC KV BYTES ###
  Storage KV Bytes Written: 636.68GiB
  Storage KV Bytes Read: 3846.41GiB

### STORAGE KV BANDWIDTH ###
  Storage KV Read Bandwidth: 12.82GiB/s
  Storage KV Write Bandwidth: 2.12GiB/s

### TIER-SPECIFIC LATENCIES (Total = Host + Device) ###
  Storage Read P95 (Total): 1739.24 ms
  Storage Write P95 (Total): 3737.59 ms

### STORAGE TIER LATENCY BREAKDOWN (Device = Disk I/O, Host = Serialization) ###
  Storage Read:
    - Device P95 (Disk I/O): 1214.60 ms
    - Host P95 (Serialization): 475.58 ms
    - Total P95: 1739.24 ms
  Storage Write:
    - Device P95 (Disk I/O): 0.01 ms
    - Host P95 (Serialization): 3737.58 ms
    - Total P95: 3737.59 ms

### CACHE TYPE BREAKDOWNS ###
  System Prompt Hits: 754
  Common Phrase Hits: 0
  User Cache Hits: 2863
  Multi-turn Hits: 12

### PREFIX CACHING ###
  Prefix Hits: 139
  Prefix Misses: 570
  System Prompt Reuse: 139
  Bytes Saved: 0.29GiB

### MULTI-TURN CONVERSATIONS ###
  Multi-turn Cache Hits: 12
  Multi-turn Cache Misses: 90
  Multi-turn Hit Rate: 11.8%

### QOS LATENCY METRICS (Informational - includes simulated generation) ###

  INTERACTIVE:
    Requests: 642
    Latency P95: 286116.39 ms
    Latency P99: 296573.44 ms
    SLA Met: [X] (compliance: 0.0%)

  RESPONSIVE:
    Requests: 31
    Latency P95: 112233.30 ms
    Latency P99: 116002.90 ms
    SLA Met: [X] (compliance: 0.0%)

  BATCH:
    Requests: 30
    Latency P95: 105221.29 ms
    Latency P99: 112743.98 ms
    SLA Met: [X] (compliance: 3.3%)

================================================================================
NOTES:
  - Pure storage I/O benchmark (no generation simulation)
================================================================================

================================================================================
BENCHMARK RESULTS - MLPerf KV Cache Storage Benchmark
Generation Mode: none (0.0ms/token)
================================================================================

IMPORTANT: All storage latencies below are measured per KV cache BLOCK,
not per token or per disk page.  Each block holds the full KV state for
one request (all layers, all heads, full sequence length).
  Model KV bytes/token: 327,680 bytes (320.0KiB)
  Entries in cache: 529
  Block size min:   47.8MiB
  Block size mean:  1223.1MiB
  Block size P95:   4078.7MiB
  Block size max:   5100.0MiB
  A 200MiB block at 1GiB/s NVMe read = ~200 ms device latency.
  Compare latencies against block sizes, not against 4KiB page I/O.


### OVERALL PERFORMANCE ###
Requests Completed: 524
Total Tokens Generated: 87068
Throughput (wall-clock): 290.23 tokens/sec
Throughput (storage I/O): 23.59 tokens/sec
Requests/sec: 1.75

### END-TO-END LATENCY (Queue Wait + Storage I/O + Generation) ###
  Mean: 178349.24 ms
  P50:  182103.83 ms
  P95:  298500.65 ms
  P99:  308788.14 ms

### PER-REQUEST STORAGE LATENCY (All I/O ops for one request) ###
  Mean: 7044.17 ms
  P50:  4335.19 ms
  P95:  22118.49 ms
  P99:  42844.67 ms
  (= 1 prefill write + N decode reads per request)

### STORAGE PERFORMANCE ###
  Cache Hit Rate: 90.3%
  Total Read: 3674.38GiB
  Total Write: 631.87GiB
  Read/Write Ratio: 5.82
  Storage KV Read Operations/sec: 10.92
  Storage KV Write Operations/sec: 1.76

### CACHE TIER DISTRIBUTION ###
  GPU Entries: 0 (0.00GiB)
  CPU Entries: 0 (0.00GiB)
  Storage Entries: 529

### TIER-SPECIFIC KV BYTES ###
  Storage KV Bytes Written: 631.87GiB
  Storage KV Bytes Read: 3674.38GiB

### STORAGE KV BANDWIDTH ###
  Storage KV Read Bandwidth: 12.25GiB/s
  Storage KV Write Bandwidth: 2.11GiB/s

### TIER-SPECIFIC LATENCIES (Total = Host + Device) ###
  Storage Read P95 (Total): 1740.78 ms
  Storage Write P95 (Total): 4652.99 ms

### STORAGE TIER LATENCY BREAKDOWN (Device = Disk I/O, Host = Serialization) ###
  Storage Read:
    - Device P95 (Disk I/O): 1191.34 ms
    - Host P95 (Serialization): 563.44 ms
    - Total P95: 1740.78 ms
  Storage Write:
    - Device P95 (Disk I/O): 0.01 ms
    - Host P95 (Serialization): 4652.99 ms
    - Total P95: 4652.99 ms

### CACHE TYPE BREAKDOWNS ###
  System Prompt Hits: 659
  Common Phrase Hits: 0
  User Cache Hits: 2605
  Multi-turn Hits: 12

### PREFIX CACHING ###
  Prefix Hits: 96
  Prefix Misses: 433
  System Prompt Reuse: 96
  Bytes Saved: 0.20GiB

### MULTI-TURN CONVERSATIONS ###
  Multi-turn Cache Hits: 12
  Multi-turn Cache Misses: 254
  Multi-turn Hit Rate: 4.5%

### QOS LATENCY METRICS (Informational - includes simulated generation) ###

  INTERACTIVE:
    Requests: 463
    Latency P95: 299913.47 ms
    Latency P99: 308885.15 ms
    SLA Met: [X] (compliance: 0.0%)

  RESPONSIVE:
    Requests: 19
    Latency P95: 82250.45 ms
    Latency P99: 100590.07 ms
    SLA Met: [X] (compliance: 0.0%)

  BATCH:
    Requests: 42
    Latency P95: 101993.43 ms
    Latency P99: 114903.80 ms
    SLA Met: [X] (compliance: 2.4%)

================================================================================
NOTES:
  - Pure storage I/O benchmark (no generation simulation)
================================================================================
KV Cache Wrapper - End delay for 90 seconds
KV Cache Wrapper - End delay for 90 seconds

================================================================================
BENCHMARK RESULTS - MLPerf KV Cache Storage Benchmark
Generation Mode: none (0.0ms/token)
================================================================================

IMPORTANT: All storage latencies below are measured per KV cache BLOCK,
not per token or per disk page.  Each block holds the full KV state for
one request (all layers, all heads, full sequence length).
  Model KV bytes/token: 327,680 bytes (320.0KiB)
  Entries in cache: 639
  Block size min:   60.9MiB
  Block size mean:  1114.4MiB
  Block size P95:   4196.4MiB
  Block size max:   6786.9MiB
  A 200MiB block at 1GiB/s NVMe read = ~200 ms device latency.
  Compare latencies against block sizes, not against 4KiB page I/O.


### OVERALL PERFORMANCE ###
Requests Completed: 636
Total Tokens Generated: 88641
Throughput (wall-clock): 295.47 tokens/sec
Throughput (storage I/O): 29.86 tokens/sec
Requests/sec: 2.12

### END-TO-END LATENCY (Queue Wait + Storage I/O + Generation) ###
  Mean: 168246.60 ms
  P50:  168263.70 ms
  P95:  300995.10 ms
  P99:  310686.39 ms

### PER-REQUEST STORAGE LATENCY (All I/O ops for one request) ###
  Mean: 4666.83 ms
  P50:  2961.51 ms
  P95:  14504.74 ms
  P99:  28974.20 ms
  (= 1 prefill write + N decode reads per request)

### STORAGE PERFORMANCE ###
  Cache Hit Rate: 91.7%
  Total Read: 2934.09GiB
  Total Write: 695.43GiB
  Read/Write Ratio: 4.22
  Storage KV Read Operations/sec: 10.95
  Storage KV Write Operations/sec: 2.13

### CACHE TIER DISTRIBUTION ###
  GPU Entries: 0 (0.00GiB)
  CPU Entries: 0 (0.00GiB)
  Storage Entries: 639

### TIER-SPECIFIC KV BYTES ###
  Storage KV Bytes Written: 695.43GiB
  Storage KV Bytes Read: 2934.09GiB

### STORAGE KV BANDWIDTH ###
  Storage KV Read Bandwidth: 9.78GiB/s
  Storage KV Write Bandwidth: 2.32GiB/s

### TIER-SPECIFIC LATENCIES (Total = Host + Device) ###
  Storage Read P95 (Total): 1682.95 ms
  Storage Write P95 (Total): 5445.43 ms

### STORAGE TIER LATENCY BREAKDOWN (Device = Disk I/O, Host = Serialization) ###
  Storage Read:
    - Device P95 (Disk I/O): 1174.39 ms
    - Host P95 (Serialization): 518.87 ms
    - Total P95: 1682.95 ms
  Storage Write:
    - Device P95 (Disk I/O): 0.01 ms
    - Host P95 (Serialization): 5445.43 ms
    - Total P95: 5445.43 ms

### CACHE TYPE BREAKDOWNS ###
  System Prompt Hits: 442
  Common Phrase Hits: 0
  User Cache Hits: 2835
  Multi-turn Hits: 7

### PREFIX CACHING ###
  Prefix Hits: 88
  Prefix Misses: 551
  System Prompt Reuse: 88
  Bytes Saved: 0.18GiB

### MULTI-TURN CONVERSATIONS ###
  Multi-turn Cache Hits: 7
  Multi-turn Cache Misses: 210
  Multi-turn Hit Rate: 3.2%

### QOS LATENCY METRICS (Informational - includes simulated generation) ###

  INTERACTIVE:
    Requests: 578
    Latency P95: 302118.61 ms
    Latency P99: 310879.77 ms
    SLA Met: [X] (compliance: 0.0%)

  RESPONSIVE:
    Requests: 12
    Latency P95: 63478.92 ms
    Latency P99: 64984.77 ms
    SLA Met: [X] (compliance: 0.0%)

  BATCH:
    Requests: 46
    Latency P95: 79368.87 ms
    Latency P99: 103521.53 ms
    SLA Met: [X] (compliance: 2.2%)

================================================================================
NOTES:
  - Pure storage I/O benchmark (no generation simulation)
================================================================================

================================================================================
BENCHMARK RESULTS - MLPerf KV Cache Storage Benchmark
Generation Mode: none (0.0ms/token)
================================================================================

IMPORTANT: All storage latencies below are measured per KV cache BLOCK,
not per token or per disk page.  Each block holds the full KV state for
one request (all layers, all heads, full sequence length).
  Model KV bytes/token: 327,680 bytes (320.0KiB)
  Entries in cache: 449
  Block size min:   54.1MiB
  Block size mean:  1466.1MiB
  Block size P95:   3940.9MiB
  Block size max:   4755.6MiB
  A 200MiB block at 1GiB/s NVMe read = ~200 ms device latency.
  Compare latencies against block sizes, not against 4KiB page I/O.


### OVERALL PERFORMANCE ###
Requests Completed: 442
Total Tokens Generated: 75469
Throughput (wall-clock): 251.56 tokens/sec
Throughput (storage I/O): 21.51 tokens/sec
Requests/sec: 1.47

### END-TO-END LATENCY (Queue Wait + Storage I/O + Generation) ###
  Mean: 175548.44 ms
  P50:  186903.34 ms
  P95:  309662.63 ms
  P99:  317038.11 ms

### PER-REQUEST STORAGE LATENCY (All I/O ops for one request) ###
  Mean: 7936.82 ms
  P50:  4888.97 ms
  P95:  24237.13 ms
  P99:  45488.72 ms
  (= 1 prefill write + N decode reads per request)

### STORAGE PERFORMANCE ###
  Cache Hit Rate: 85.2%
  Total Read: 3432.14GiB
  Total Write: 642.85GiB
  Read/Write Ratio: 5.34
  Storage KV Read Operations/sec: 8.83
  Storage KV Write Operations/sec: 1.50

### CACHE TIER DISTRIBUTION ###
  GPU Entries: 0 (0.00GiB)
  CPU Entries: 0 (0.00GiB)
  Storage Entries: 449

### TIER-SPECIFIC KV BYTES ###
  Storage KV Bytes Written: 642.85GiB
  Storage KV Bytes Read: 3432.14GiB

### STORAGE KV BANDWIDTH ###
  Storage KV Read Bandwidth: 11.44GiB/s
  Storage KV Write Bandwidth: 2.14GiB/s

### TIER-SPECIFIC LATENCIES (Total = Host + Device) ###
  Storage Read P95 (Total): 2064.30 ms
  Storage Write P95 (Total): 4343.87 ms

### STORAGE TIER LATENCY BREAKDOWN (Device = Disk I/O, Host = Serialization) ###
  Storage Read:
    - Device P95 (Disk I/O): 1363.09 ms
    - Host P95 (Serialization): 786.27 ms
    - Total P95: 2064.30 ms
  Storage Write:
    - Device P95 (Disk I/O): 0.01 ms
    - Host P95 (Serialization): 4343.86 ms
    - Total P95: 4343.87 ms

### CACHE TYPE BREAKDOWNS ###
  System Prompt Hits: 589
  Common Phrase Hits: 0
  User Cache Hits: 2036
  Multi-turn Hits: 25

### PREFIX CACHING ###
  Prefix Hits: 87
  Prefix Misses: 362
  System Prompt Reuse: 87
  Bytes Saved: 0.16GiB

### MULTI-TURN CONVERSATIONS ###
  Multi-turn Cache Hits: 25
  Multi-turn Cache Misses: 375
  Multi-turn Hit Rate: 6.2%

### QOS LATENCY METRICS (Informational - includes simulated generation) ###

  INTERACTIVE:
    Requests: 382
    Latency P95: 311516.74 ms
    Latency P99: 317186.80 ms
    SLA Met: [X] (compliance: 0.0%)

  RESPONSIVE:
    Requests: 23
    Latency P95: 54328.92 ms
    Latency P99: 54552.63 ms
    SLA Met: [X] (compliance: 0.0%)

  BATCH:
    Requests: 37
    Latency P95: 88409.56 ms
    Latency P99: 99904.20 ms
    SLA Met: [X] (compliance: 8.1%)

================================================================================
NOTES:
  - Pure storage I/O benchmark (no generation simulation)
================================================================================

================================================================================
BENCHMARK RESULTS - MLPerf KV Cache Storage Benchmark
Generation Mode: none (0.0ms/token)
================================================================================

IMPORTANT: All storage latencies below are measured per KV cache BLOCK,
not per token or per disk page.  Each block holds the full KV state for
one request (all layers, all heads, full sequence length).
  Model KV bytes/token: 327,680 bytes (320.0KiB)
  Entries in cache: 609
  Block size min:   75.3MiB
  Block size mean:  1286.7MiB
  Block size P95:   3930.8MiB
  Block size max:   6783.8MiB
  A 200MiB block at 1GiB/s NVMe read = ~200 ms device latency.
  Compare latencies against block sizes, not against 4KiB page I/O.


### OVERALL PERFORMANCE ###
Requests Completed: 604
Total Tokens Generated: 80412
Throughput (wall-clock): 266.39 tokens/sec
Throughput (storage I/O): 24.61 tokens/sec
Requests/sec: 2.00

### END-TO-END LATENCY (Queue Wait + Storage I/O + Generation) ###
  Mean: 159992.66 ms
  P50:  165834.40 ms
  P95:  301647.91 ms
  P99:  309711.84 ms

### PER-REQUEST STORAGE LATENCY (All I/O ops for one request) ###
  Mean: 5409.48 ms
  P50:  3075.42 ms
  P95:  18209.02 ms
  P99:  25638.30 ms
  (= 1 prefill write + N decode reads per request)

### STORAGE PERFORMANCE ###
  Cache Hit Rate: 79.9%
  Total Read: 3846.31GiB
  Total Write: 765.24GiB
  Read/Write Ratio: 5.03
  Storage KV Read Operations/sec: 10.07
  Storage KV Write Operations/sec: 2.03

### CACHE TIER DISTRIBUTION ###
  GPU Entries: 0 (0.00GiB)
  CPU Entries: 0 (0.00GiB)
  Storage Entries: 609

### TIER-SPECIFIC KV BYTES ###
  Storage KV Bytes Written: 765.24GiB
  Storage KV Bytes Read: 3846.31GiB

### STORAGE KV BANDWIDTH ###
  Storage KV Read Bandwidth: 12.74GiB/s
  Storage KV Write Bandwidth: 2.54GiB/s

### TIER-SPECIFIC LATENCIES (Total = Host + Device) ###
  Storage Read P95 (Total): 1647.93 ms
  Storage Write P95 (Total): 4485.34 ms

### STORAGE TIER LATENCY BREAKDOWN (Device = Disk I/O, Host = Serialization) ###
  Storage Read:
    - Device P95 (Disk I/O): 1135.38 ms
    - Host P95 (Serialization): 655.51 ms
    - Total P95: 1647.93 ms
  Storage Write:
    - Device P95 (Disk I/O): 0.01 ms
    - Host P95 (Serialization): 4485.33 ms
    - Total P95: 4485.34 ms

### CACHE TYPE BREAKDOWNS ###
  System Prompt Hits: 627
  Common Phrase Hits: 0
  User Cache Hits: 2376
  Multi-turn Hits: 18

### PREFIX CACHING ###
  Prefix Hits: 127
  Prefix Misses: 482
  System Prompt Reuse: 127
  Bytes Saved: 0.27GiB

### MULTI-TURN CONVERSATIONS ###
  Multi-turn Cache Hits: 18
  Multi-turn Cache Misses: 634
  Multi-turn Hit Rate: 2.8%

### QOS LATENCY METRICS (Informational - includes simulated generation) ###

  INTERACTIVE:
    Requests: 542
    Latency P95: 302946.59 ms
    Latency P99: 309970.96 ms
    SLA Met: [X] (compliance: 0.0%)

  RESPONSIVE:
    Requests: 23
    Latency P95: 30662.87 ms
    Latency P99: 40338.04 ms
    SLA Met: [X] (compliance: 0.0%)

  BATCH:
    Requests: 39
    Latency P95: 28648.71 ms
    Latency P99: 32824.52 ms
    SLA Met: [X] (compliance: 0.0%)

================================================================================
NOTES:
  - Pure storage I/O benchmark (no generation simulation)
================================================================================
KV Cache Wrapper - End delay for 90 seconds
KV Cache Wrapper - End delay for 90 seconds

================================================================================
BENCHMARK RESULTS - MLPerf KV Cache Storage Benchmark
Generation Mode: none (0.0ms/token)
================================================================================

IMPORTANT: All storage latencies below are measured per KV cache BLOCK,
not per token or per disk page.  Each block holds the full KV state for
one request (all layers, all heads, full sequence length).
  Model KV bytes/token: 327,680 bytes (320.0KiB)
  Entries in cache: 589
  Block size min:   60.3MiB
  Block size mean:  1062.9MiB
  Block size P95:   3368.8MiB
  Block size max:   4951.2MiB
  A 200MiB block at 1GiB/s NVMe read = ~200 ms device latency.
  Compare latencies against block sizes, not against 4KiB page I/O.


### OVERALL PERFORMANCE ###
Requests Completed: 587
Total Tokens Generated: 88346
Throughput (wall-clock): 294.49 tokens/sec
Throughput (storage I/O): 23.52 tokens/sec
Requests/sec: 1.96

### END-TO-END LATENCY (Queue Wait + Storage I/O + Generation) ###
  Mean: 178061.85 ms
  P50:  188303.37 ms
  P95:  293224.04 ms
  P99:  305854.70 ms

### PER-REQUEST STORAGE LATENCY (All I/O ops for one request) ###
  Mean: 6399.97 ms
  P50:  3732.59 ms
  P95:  19847.66 ms
  P99:  44663.35 ms
  (= 1 prefill write + N decode reads per request)

### STORAGE PERFORMANCE ###
  Cache Hit Rate: 91.9%
  Total Read: 3284.94GiB
  Total Write: 611.37GiB
  Read/Write Ratio: 5.37
  Storage KV Read Operations/sec: 11.11
  Storage KV Write Operations/sec: 1.96

### CACHE TIER DISTRIBUTION ###
  GPU Entries: 0 (0.00GiB)
  CPU Entries: 0 (0.00GiB)
  Storage Entries: 589

### TIER-SPECIFIC KV BYTES ###
  Storage KV Bytes Written: 611.37GiB
  Storage KV Bytes Read: 3284.94GiB

### STORAGE KV BANDWIDTH ###
  Storage KV Read Bandwidth: 10.95GiB/s
  Storage KV Write Bandwidth: 2.04GiB/s

### TIER-SPECIFIC LATENCIES (Total = Host + Device) ###
  Storage Read P95 (Total): 1931.66 ms
  Storage Write P95 (Total): 3856.86 ms

### STORAGE TIER LATENCY BREAKDOWN (Device = Disk I/O, Host = Serialization) ###
  Storage Read:
    - Device P95 (Disk I/O): 1225.11 ms
    - Host P95 (Serialization): 722.61 ms
    - Total P95: 1931.66 ms
  Storage Write:
    - Device P95 (Disk I/O): 0.01 ms
    - Host P95 (Serialization): 3856.85 ms
    - Total P95: 3856.86 ms

### CACHE TYPE BREAKDOWNS ###
  System Prompt Hits: 710
  Common Phrase Hits: 0
  User Cache Hits: 2612
  Multi-turn Hits: 11

### PREFIX CACHING ###
  Prefix Hits: 131
  Prefix Misses: 458
  System Prompt Reuse: 131
  Bytes Saved: 0.27GiB

### MULTI-TURN CONVERSATIONS ###
  Multi-turn Cache Hits: 11
  Multi-turn Cache Misses: 161
  Multi-turn Hit Rate: 6.4%

### QOS LATENCY METRICS (Informational - includes simulated generation) ###

  INTERACTIVE:
    Requests: 526
    Latency P95: 293871.45 ms
    Latency P99: 306499.33 ms
    SLA Met: [X] (compliance: 0.0%)

  RESPONSIVE:
    Requests: 23
    Latency P95: 86444.73 ms
    Latency P99: 112583.00 ms
    SLA Met: [X] (compliance: 0.0%)

  BATCH:
    Requests: 38
    Latency P95: 84869.00 ms
    Latency P99: 114194.45 ms
    SLA Met: [X] (compliance: 2.6%)

================================================================================
NOTES:
  - Pure storage I/O benchmark (no generation simulation)
================================================================================

================================================================================
BENCHMARK RESULTS - MLPerf KV Cache Storage Benchmark
Generation Mode: none (0.0ms/token)
================================================================================

IMPORTANT: All storage latencies below are measured per KV cache BLOCK,
not per token or per disk page.  Each block holds the full KV state for
one request (all layers, all heads, full sequence length).
  Model KV bytes/token: 327,680 bytes (320.0KiB)
  Entries in cache: 591
  Block size min:   84.4MiB
  Block size mean:  1415.7MiB
  Block size P95:   5299.4MiB
  Block size max:   6990.3MiB
  A 200MiB block at 1GiB/s NVMe read = ~200 ms device latency.
  Compare latencies against block sizes, not against 4KiB page I/O.


### OVERALL PERFORMANCE ###
Requests Completed: 588
Total Tokens Generated: 73600
Throughput (wall-clock): 245.33 tokens/sec
Throughput (storage I/O): 31.06 tokens/sec
Requests/sec: 1.96

### END-TO-END LATENCY (Queue Wait + Storage I/O + Generation) ###
  Mean: 173948.88 ms
  P50:  180332.34 ms
  P95:  301777.64 ms
  P99:  316005.21 ms

### PER-REQUEST STORAGE LATENCY (All I/O ops for one request) ###
  Mean: 4030.37 ms
  P50:  1849.02 ms
  P95:  11925.78 ms
  P99:  32212.60 ms
  (= 1 prefill write + N decode reads per request)

### STORAGE PERFORMANCE ###
  Cache Hit Rate: 90.0%
  Total Read: 2268.81GiB
  Total Write: 822.69GiB
  Read/Write Ratio: 2.76
  Storage KV Read Operations/sec: 8.28
  Storage KV Write Operations/sec: 1.97

### CACHE TIER DISTRIBUTION ###
  GPU Entries: 0 (0.00GiB)
  CPU Entries: 0 (0.00GiB)
  Storage Entries: 591

### TIER-SPECIFIC KV BYTES ###
  Storage KV Bytes Written: 817.08GiB
  Storage KV Bytes Read: 2268.81GiB

### STORAGE KV BANDWIDTH ###
  Storage KV Read Bandwidth: 7.56GiB/s
  Storage KV Write Bandwidth: 2.72GiB/s

### TIER-SPECIFIC LATENCIES (Total = Host + Device) ###
  Storage Read P95 (Total): 1195.59 ms
  Storage Write P95 (Total): 5788.64 ms

### STORAGE TIER LATENCY BREAKDOWN (Device = Disk I/O, Host = Serialization) ###
  Storage Read:
    - Device P95 (Disk I/O): 775.77 ms
    - Host P95 (Serialization): 457.88 ms
    - Total P95: 1195.59 ms
  Storage Write:
    - Device P95 (Disk I/O): 0.01 ms
    - Host P95 (Serialization): 5788.63 ms
    - Total P95: 5788.64 ms

### CACHE TYPE BREAKDOWNS ###
  System Prompt Hits: 540
  Common Phrase Hits: 0
  User Cache Hits: 1931
  Multi-turn Hits: 12

### PREFIX CACHING ###
  Prefix Hits: 117
  Prefix Misses: 475
  System Prompt Reuse: 117
  Bytes Saved: 0.23GiB

### MULTI-TURN CONVERSATIONS ###
  Multi-turn Cache Hits: 12
  Multi-turn Cache Misses: 158
  Multi-turn Hit Rate: 7.1%

### QOS LATENCY METRICS (Informational - includes simulated generation) ###

  INTERACTIVE:
    Requests: 530
    Latency P95: 304843.79 ms
    Latency P99: 316110.88 ms
    SLA Met: [X] (compliance: 0.0%)

  RESPONSIVE:
    Requests: 28
    Latency P95: 89177.24 ms
    Latency P99: 140525.13 ms
    SLA Met: [X] (compliance: 0.0%)

  BATCH:
    Requests: 30
    Latency P95: 72494.85 ms
    Latency P99: 106507.32 ms
    SLA Met: [X] (compliance: 3.3%)

================================================================================
NOTES:
  - Pure storage I/O benchmark (no generation simulation)
================================================================================

================================================================================
BENCHMARK RESULTS - MLPerf KV Cache Storage Benchmark
Generation Mode: none (0.0ms/token)
================================================================================

IMPORTANT: All storage latencies below are measured per KV cache BLOCK,
not per token or per disk page.  Each block holds the full KV state for
one request (all layers, all heads, full sequence length).
  Model KV bytes/token: 327,680 bytes (320.0KiB)
  Entries in cache: 694
  Block size min:   75.3MiB
  Block size mean:  1339.7MiB
  Block size P95:   5011.3MiB
  Block size max:   7490.9MiB
  A 200MiB block at 1GiB/s NVMe read = ~200 ms device latency.
  Compare latencies against block sizes, not against 4KiB page I/O.


### OVERALL PERFORMANCE ###
Requests Completed: 689
Total Tokens Generated: 94328
Throughput (wall-clock): 314.43 tokens/sec
Throughput (storage I/O): 37.47 tokens/sec
Requests/sec: 2.30

### END-TO-END LATENCY (Queue Wait + Storage I/O + Generation) ###
  Mean: 155382.06 ms
  P50:  161652.06 ms
  P95:  294664.30 ms
  P99:  308495.04 ms

### PER-REQUEST STORAGE LATENCY (All I/O ops for one request) ###
  Mean: 3653.54 ms
  P50:  1636.19 ms
  P95:  13636.78 ms
  P99:  19753.17 ms
  (= 1 prefill write + N decode reads per request)

### STORAGE PERFORMANCE ###
  Cache Hit Rate: 88.5%
  Total Read: 3238.52GiB
  Total Write: 907.98GiB
  Read/Write Ratio: 3.57
  Storage KV Read Operations/sec: 10.14
  Storage KV Write Operations/sec: 2.31

### CACHE TIER DISTRIBUTION ###
  GPU Entries: 0 (0.00GiB)
  CPU Entries: 0 (0.00GiB)
  Storage Entries: 694

### TIER-SPECIFIC KV BYTES ###
  Storage KV Bytes Written: 907.98GiB
  Storage KV Bytes Read: 3238.52GiB

### STORAGE KV BANDWIDTH ###
  Storage KV Read Bandwidth: 10.80GiB/s
  Storage KV Write Bandwidth: 3.03GiB/s

### TIER-SPECIFIC LATENCIES (Total = Host + Device) ###
  Storage Read P95 (Total): 1284.30 ms
  Storage Write P95 (Total): 5419.37 ms

### STORAGE TIER LATENCY BREAKDOWN (Device = Disk I/O, Host = Serialization) ###
  Storage Read:
    - Device P95 (Disk I/O): 910.19 ms
    - Host P95 (Serialization): 434.25 ms
    - Total P95: 1284.30 ms
  Storage Write:
    - Device P95 (Disk I/O): 0.01 ms
    - Host P95 (Serialization): 5419.37 ms
    - Total P95: 5419.37 ms

### CACHE TYPE BREAKDOWNS ###
  System Prompt Hits: 521
  Common Phrase Hits: 0
  User Cache Hits: 2516
  Multi-turn Hits: 5

### PREFIX CACHING ###
  Prefix Hits: 134
  Prefix Misses: 560
  System Prompt Reuse: 134
  Bytes Saved: 0.27GiB

### MULTI-TURN CONVERSATIONS ###
  Multi-turn Cache Hits: 5
  Multi-turn Cache Misses: 263
  Multi-turn Hit Rate: 1.9%

### QOS LATENCY METRICS (Informational - includes simulated generation) ###

  INTERACTIVE:
    Requests: 629
    Latency P95: 296409.75 ms
    Latency P99: 309001.38 ms
    SLA Met: [X] (compliance: 0.0%)

  RESPONSIVE:
    Requests: 22
    Latency P95: 24782.14 ms
    Latency P99: 35332.37 ms
    SLA Met: [X] (compliance: 0.0%)

  BATCH:
    Requests: 38
    Latency P95: 36429.31 ms
    Latency P99: 47221.16 ms
    SLA Met: [X] (compliance: 0.0%)

================================================================================
NOTES:
  - Pure storage I/O benchmark (no generation simulation)
================================================================================

================================================================================
BENCHMARK RESULTS - MLPerf KV Cache Storage Benchmark
Generation Mode: none (0.0ms/token)
================================================================================

IMPORTANT: All storage latencies below are measured per KV cache BLOCK,
not per token or per disk page.  Each block holds the full KV state for
one request (all layers, all heads, full sequence length).
  Model KV bytes/token: 327,680 bytes (320.0KiB)
  Entries in cache: 512
  Block size min:   61.6MiB
  Block size mean:  1422.2MiB
  Block size P95:   4085.6MiB
  Block size max:   6354.1MiB
  A 200MiB block at 1GiB/s NVMe read = ~200 ms device latency.
  Compare latencies against block sizes, not against 4KiB page I/O.


### OVERALL PERFORMANCE ###
Requests Completed: 510
Total Tokens Generated: 64733
Throughput (wall-clock): 215.78 tokens/sec
Throughput (storage I/O): 24.62 tokens/sec
Requests/sec: 1.70

### END-TO-END LATENCY (Queue Wait + Storage I/O + Generation) ###
  Mean: 170805.87 ms
  P50:  177259.30 ms
  P95:  310200.43 ms
  P99:  316241.32 ms

### PER-REQUEST STORAGE LATENCY (All I/O ops for one request) ###
  Mean: 5154.85 ms
  P50:  3206.48 ms
  P95:  16330.30 ms
  P99:  25246.82 ms
  (= 1 prefill write + N decode reads per request)

### STORAGE PERFORMANCE ###
  Cache Hit Rate: 84.3%
  Total Read: 2527.43GiB
  Total Write: 711.09GiB
  Read/Write Ratio: 3.55
  Storage KV Read Operations/sec: 7.27
  Storage KV Write Operations/sec: 1.71

### CACHE TIER DISTRIBUTION ###
  GPU Entries: 0 (0.00GiB)
  CPU Entries: 0 (0.00GiB)
  Storage Entries: 512

### TIER-SPECIFIC KV BYTES ###
  Storage KV Bytes Written: 711.09GiB
  Storage KV Bytes Read: 2527.43GiB

### STORAGE KV BANDWIDTH ###
  Storage KV Read Bandwidth: 8.42GiB/s
  Storage KV Write Bandwidth: 2.37GiB/s

### TIER-SPECIFIC LATENCIES (Total = Host + Device) ###
  Storage Read P95 (Total): 2050.96 ms
  Storage Write P95 (Total): 4789.45 ms

### STORAGE TIER LATENCY BREAKDOWN (Device = Disk I/O, Host = Serialization) ###
  Storage Read:
    - Device P95 (Disk I/O): 1150.90 ms
    - Host P95 (Serialization): 1128.41 ms
    - Total P95: 2050.96 ms
  Storage Write:
    - Device P95 (Disk I/O): 0.01 ms
    - Host P95 (Serialization): 4789.44 ms
    - Total P95: 4789.45 ms

### CACHE TYPE BREAKDOWNS ###
  System Prompt Hits: 339
  Common Phrase Hits: 0
  User Cache Hits: 1819
  Multi-turn Hits: 24

### PREFIX CACHING ###
  Prefix Hits: 88
  Prefix Misses: 424
  System Prompt Reuse: 88
  Bytes Saved: 0.17GiB

### MULTI-TURN CONVERSATIONS ###
  Multi-turn Cache Hits: 24
  Multi-turn Cache Misses: 319
  Multi-turn Hit Rate: 7.0%

### QOS LATENCY METRICS (Informational - includes simulated generation) ###

  INTERACTIVE:
    Requests: 450
    Latency P95: 311951.77 ms
    Latency P99: 316382.90 ms
    SLA Met: [X] (compliance: 0.0%)

  RESPONSIVE:
    Requests: 35
    Latency P95: 34296.76 ms
    Latency P99: 51860.28 ms
    SLA Met: [X] (compliance: 0.0%)

  BATCH:
    Requests: 25
    Latency P95: 40689.82 ms
    Latency P99: 85303.16 ms
    SLA Met: [X] (compliance: 4.0%)

================================================================================
NOTES:
  - Pure storage I/O benchmark (no generation simulation)
================================================================================

================================================================================
BENCHMARK RESULTS - MLPerf KV Cache Storage Benchmark
Generation Mode: none (0.0ms/token)
================================================================================

IMPORTANT: All storage latencies below are measured per KV cache BLOCK,
not per token or per disk page.  Each block holds the full KV state for
one request (all layers, all heads, full sequence length).
  Model KV bytes/token: 327,680 bytes (320.0KiB)
  Entries in cache: 567
  Block size min:   69.7MiB
  Block size mean:  1585.1MiB
  Block size P95:   4540.7MiB
  Block size max:   6839.7MiB
  A 200MiB block at 1GiB/s NVMe read = ~200 ms device latency.
  Compare latencies against block sizes, not against 4KiB page I/O.


### OVERALL PERFORMANCE ###
Requests Completed: 566
Total Tokens Generated: 92493
Throughput (wall-clock): 308.31 tokens/sec
Throughput (storage I/O): 29.29 tokens/sec
Requests/sec: 1.89

### END-TO-END LATENCY (Queue Wait + Storage I/O + Generation) ###
  Mean: 160774.68 ms
  P50:  158893.24 ms
  P95:  306350.88 ms
  P99:  315568.12 ms

### PER-REQUEST STORAGE LATENCY (All I/O ops for one request) ###
  Mean: 5579.99 ms
  P50:  4107.59 ms
  P95:  14800.53 ms
  P99:  23605.24 ms
  (= 1 prefill write + N decode reads per request)

### STORAGE PERFORMANCE ###
  Cache Hit Rate: 84.0%
  Total Read: 4222.62GiB
  Total Write: 883.82GiB
  Read/Write Ratio: 4.78
  Storage KV Read Operations/sec: 10.82
  Storage KV Write Operations/sec: 1.89

### CACHE TIER DISTRIBUTION ###
  GPU Entries: 0 (0.00GiB)
  CPU Entries: 0 (0.00GiB)
  Storage Entries: 567

### TIER-SPECIFIC KV BYTES ###
  Storage KV Bytes Written: 877.69GiB
  Storage KV Bytes Read: 4222.62GiB

### STORAGE KV BANDWIDTH ###
  Storage KV Read Bandwidth: 14.08GiB/s
  Storage KV Write Bandwidth: 2.93GiB/s

### TIER-SPECIFIC LATENCIES (Total = Host + Device) ###
  Storage Read P95 (Total): 1421.39 ms
  Storage Write P95 (Total): 4906.74 ms

### STORAGE TIER LATENCY BREAKDOWN (Device = Disk I/O, Host = Serialization) ###
  Storage Read:
    - Device P95 (Disk I/O): 926.65 ms
    - Host P95 (Serialization): 670.20 ms
    - Total P95: 1421.39 ms
  Storage Write:
    - Device P95 (Disk I/O): 0.01 ms
    - Host P95 (Serialization): 4906.73 ms
    - Total P95: 4906.74 ms

### CACHE TYPE BREAKDOWNS ###
  System Prompt Hits: 589
  Common Phrase Hits: 0
  User Cache Hits: 2623
  Multi-turn Hits: 35

### PREFIX CACHING ###
  Prefix Hits: 112
  Prefix Misses: 456
  System Prompt Reuse: 112
  Bytes Saved: 0.22GiB

### MULTI-TURN CONVERSATIONS ###
  Multi-turn Cache Hits: 35
  Multi-turn Cache Misses: 507
  Multi-turn Hit Rate: 6.5%

### QOS LATENCY METRICS (Informational - includes simulated generation) ###

  INTERACTIVE:
    Requests: 508
    Latency P95: 307595.75 ms
    Latency P99: 315568.80 ms
    SLA Met: [X] (compliance: 0.0%)

  RESPONSIVE:
    Requests: 27
    Latency P95: 32083.90 ms
    Latency P99: 76530.24 ms
    SLA Met: [X] (compliance: 0.0%)

  BATCH:
    Requests: 31
    Latency P95: 45555.02 ms
    Latency P99: 64569.14 ms
    SLA Met: [X] (compliance: 0.0%)

================================================================================
NOTES:
  - Pure storage I/O benchmark (no generation simulation)
================================================================================

================================================================================
BENCHMARK RESULTS - MLPerf KV Cache Storage Benchmark
Generation Mode: none (0.0ms/token)
================================================================================

IMPORTANT: All storage latencies below are measured per KV cache BLOCK,
not per token or per disk page.  Each block holds the full KV state for
one request (all layers, all heads, full sequence length).
  Model KV bytes/token: 327,680 bytes (320.0KiB)
  Entries in cache: 714
  Block size min:   80.9MiB
  Block size mean:  1126.7MiB
  Block size P95:   3858.9MiB
  Block size max:   6390.0MiB
  A 200MiB block at 1GiB/s NVMe read = ~200 ms device latency.
  Compare latencies against block sizes, not against 4KiB page I/O.


### OVERALL PERFORMANCE ###
Requests Completed: 711
Total Tokens Generated: 96757
Throughput (wall-clock): 322.52 tokens/sec
Throughput (storage I/O): 31.22 tokens/sec
Requests/sec: 2.37

### END-TO-END LATENCY (Queue Wait + Storage I/O + Generation) ###
  Mean: 162506.13 ms
  P50:  160817.85 ms
  P95:  293469.13 ms
  P99:  306867.96 ms

### PER-REQUEST STORAGE LATENCY (All I/O ops for one request) ###
  Mean: 4359.56 ms
  P50:  2174.33 ms
  P95:  16014.02 ms
  P99:  31560.03 ms
  (= 1 prefill write + N decode reads per request)

### STORAGE PERFORMANCE ###
  Cache Hit Rate: 89.4%
  Total Read: 3619.66GiB
  Total Write: 785.63GiB
  Read/Write Ratio: 4.61
  Storage KV Read Operations/sec: 11.63
  Storage KV Write Operations/sec: 2.38

### CACHE TIER DISTRIBUTION ###
  GPU Entries: 0 (0.00GiB)
  CPU Entries: 0 (0.00GiB)
  Storage Entries: 714

### TIER-SPECIFIC KV BYTES ###
  Storage KV Bytes Written: 785.63GiB
  Storage KV Bytes Read: 3619.66GiB

### STORAGE KV BANDWIDTH ###
  Storage KV Read Bandwidth: 12.07GiB/s
  Storage KV Write Bandwidth: 2.62GiB/s

### TIER-SPECIFIC LATENCIES (Total = Host + Device) ###
  Storage Read P95 (Total): 1500.07 ms
  Storage Write P95 (Total): 4265.48 ms

### STORAGE TIER LATENCY BREAKDOWN (Device = Disk I/O, Host = Serialization) ###
  Storage Read:
    - Device P95 (Disk I/O): 979.85 ms
    - Host P95 (Serialization): 641.21 ms
    - Total P95: 1500.07 ms
  Storage Write:
    - Device P95 (Disk I/O): 0.01 ms
    - Host P95 (Serialization): 4265.48 ms
    - Total P95: 4265.48 ms

### CACHE TYPE BREAKDOWNS ###
  System Prompt Hits: 603
  Common Phrase Hits: 0
  User Cache Hits: 2870
  Multi-turn Hits: 16

### PREFIX CACHING ###
  Prefix Hits: 137
  Prefix Misses: 577
  System Prompt Reuse: 137
  Bytes Saved: 0.27GiB

### MULTI-TURN CONVERSATIONS ###
  Multi-turn Cache Hits: 16
  Multi-turn Cache Misses: 278
  Multi-turn Hit Rate: 5.4%

### QOS LATENCY METRICS (Informational - includes simulated generation) ###

  INTERACTIVE:
    Requests: 653
    Latency P95: 293730.94 ms
    Latency P99: 306969.53 ms
    SLA Met: [X] (compliance: 0.0%)

  RESPONSIVE:
    Requests: 32
    Latency P95: 47318.35 ms
    Latency P99: 56815.24 ms
    SLA Met: [X] (compliance: 0.0%)

  BATCH:
    Requests: 26
    Latency P95: 51101.33 ms
    Latency P99: 55278.98 ms
    SLA Met: [X] (compliance: 0.0%)

================================================================================
NOTES:
  - Pure storage I/O benchmark (no generation simulation)
================================================================================
KV Cache Wrapper - End delay for 90 seconds
KV Cache Wrapper - End delay for 90 seconds
KV Cache Wrapper - End delay for 90 seconds
KV Cache Wrapper - End delay for 90 seconds

================================================================================
BENCHMARK RESULTS - MLPerf KV Cache Storage Benchmark
Generation Mode: none (0.0ms/token)
================================================================================

IMPORTANT: All storage latencies below are measured per KV cache BLOCK,
not per token or per disk page.  Each block holds the full KV state for
one request (all layers, all heads, full sequence length).
  Model KV bytes/token: 327,680 bytes (320.0KiB)
  Entries in cache: 425
  Block size min:   55.6MiB
  Block size mean:  1573.2MiB
  Block size P95:   5525.0MiB
  Block size max:   7530.9MiB
  A 200MiB block at 1GiB/s NVMe read = ~200 ms device latency.
  Compare latencies against block sizes, not against 4KiB page I/O.


### OVERALL PERFORMANCE ###
Requests Completed: 422
Total Tokens Generated: 68259
Throughput (wall-clock): 227.53 tokens/sec
Throughput (storage I/O): 23.29 tokens/sec
Requests/sec: 1.41

### END-TO-END LATENCY (Queue Wait + Storage I/O + Generation) ###
  Mean: 189602.58 ms
  P50:  196143.36 ms
  P95:  317986.52 ms
  P99:  326107.28 ms

### PER-REQUEST STORAGE LATENCY (All I/O ops for one request) ###
  Mean: 6944.70 ms
  P50:  4163.37 ms
  P95:  19271.96 ms
  P99:  43088.83 ms
  (= 1 prefill write + N decode reads per request)

### STORAGE PERFORMANCE ###
  Cache Hit Rate: 89.1%
  Total Read: 2695.23GiB
  Total Write: 652.92GiB
  Read/Write Ratio: 4.13
  Storage KV Read Operations/sec: 7.70
  Storage KV Write Operations/sec: 1.42

### CACHE TIER DISTRIBUTION ###
  GPU Entries: 0 (0.00GiB)
  CPU Entries: 0 (0.00GiB)
  Storage Entries: 425

### TIER-SPECIFIC KV BYTES ###
  Storage KV Bytes Written: 652.92GiB
  Storage KV Bytes Read: 2695.23GiB

### STORAGE KV BANDWIDTH ###
  Storage KV Read Bandwidth: 8.98GiB/s
  Storage KV Write Bandwidth: 2.18GiB/s

### TIER-SPECIFIC LATENCIES (Total = Host + Device) ###
  Storage Read P95 (Total): 1844.50 ms
  Storage Write P95 (Total): 6433.34 ms

### STORAGE TIER LATENCY BREAKDOWN (Device = Disk I/O, Host = Serialization) ###
  Storage Read:
    - Device P95 (Disk I/O): 1160.66 ms
    - Host P95 (Serialization): 927.09 ms
    - Total P95: 1844.50 ms
  Storage Write:
    - Device P95 (Disk I/O): 0.01 ms
    - Host P95 (Serialization): 6433.33 ms
    - Total P95: 6433.34 ms

### CACHE TYPE BREAKDOWNS ###
  System Prompt Hits: 509
  Common Phrase Hits: 0
  User Cache Hits: 1786
  Multi-turn Hits: 14

### PREFIX CACHING ###
  Prefix Hits: 99
  Prefix Misses: 326
  System Prompt Reuse: 99
  Bytes Saved: 0.21GiB

### MULTI-TURN CONVERSATIONS ###
  Multi-turn Cache Hits: 14
  Multi-turn Cache Misses: 184
  Multi-turn Hit Rate: 7.1%

### QOS LATENCY METRICS (Informational - includes simulated generation) ###

  INTERACTIVE:
    Requests: 367
    Latency P95: 318343.75 ms
    Latency P99: 326335.20 ms
    SLA Met: [X] (compliance: 0.0%)

  RESPONSIVE:
    Requests: 30
    Latency P95: 128532.19 ms
    Latency P99: 131786.03 ms
    SLA Met: [X] (compliance: 0.0%)

  BATCH:
    Requests: 25
    Latency P95: 145079.17 ms
    Latency P99: 165410.44 ms
    SLA Met: [X] (compliance: 0.0%)

================================================================================
NOTES:
  - Pure storage I/O benchmark (no generation simulation)
================================================================================
KV Cache Wrapper - End delay for 90 seconds
KV Cache Wrapper - End delay for 90 seconds

================================================================================
BENCHMARK RESULTS - MLPerf KV Cache Storage Benchmark
Generation Mode: none (0.0ms/token)
================================================================================

IMPORTANT: All storage latencies below are measured per KV cache BLOCK,
not per token or per disk page.  Each block holds the full KV state for
one request (all layers, all heads, full sequence length).
  Model KV bytes/token: 327,680 bytes (320.0KiB)
  Entries in cache: 515
  Block size min:   64.4MiB
  Block size mean:  1248.7MiB
  Block size P95:   3480.8MiB
  Block size max:   5331.9MiB
  A 200MiB block at 1GiB/s NVMe read = ~200 ms device latency.
  Compare latencies against block sizes, not against 4KiB page I/O.


### OVERALL PERFORMANCE ###
Requests Completed: 513
Total Tokens Generated: 83361
Throughput (wall-clock): 277.85 tokens/sec
Throughput (storage I/O): 22.28 tokens/sec
Requests/sec: 1.71

### END-TO-END LATENCY (Queue Wait + Storage I/O + Generation) ###
  Mean: 172354.00 ms
  P50:  173600.37 ms
  P95:  312249.19 ms
  P99:  318965.33 ms

### PER-REQUEST STORAGE LATENCY (All I/O ops for one request) ###
  Mean: 7293.25 ms
  P50:  4485.18 ms
  P95:  23314.29 ms
  P99:  35968.33 ms
  (= 1 prefill write + N decode reads per request)

### STORAGE PERFORMANCE ###
  Cache Hit Rate: 91.0%
  Total Read: 3616.20GiB
  Total Write: 628.02GiB
  Read/Write Ratio: 5.76
  Storage KV Read Operations/sec: 10.13
  Storage KV Write Operations/sec: 1.72

### CACHE TIER DISTRIBUTION ###
  GPU Entries: 0 (0.00GiB)
  CPU Entries: 0 (0.00GiB)
  Storage Entries: 515

### TIER-SPECIFIC KV BYTES ###
  Storage KV Bytes Written: 628.02GiB
  Storage KV Bytes Read: 3616.20GiB

### STORAGE KV BANDWIDTH ###
  Storage KV Read Bandwidth: 12.05GiB/s
  Storage KV Write Bandwidth: 2.09GiB/s

### TIER-SPECIFIC LATENCIES (Total = Host + Device) ###
  Storage Read P95 (Total): 2155.78 ms
  Storage Write P95 (Total): 4051.06 ms

### STORAGE TIER LATENCY BREAKDOWN (Device = Disk I/O, Host = Serialization) ###
  Storage Read:
    - Device P95 (Disk I/O): 1378.88 ms
    - Host P95 (Serialization): 1013.03 ms
    - Total P95: 2155.78 ms
  Storage Write:
    - Device P95 (Disk I/O): 0.01 ms
    - Host P95 (Serialization): 4051.05 ms
    - Total P95: 4051.06 ms

### CACHE TYPE BREAKDOWNS ###
  System Prompt Hits: 685
  Common Phrase Hits: 0
  User Cache Hits: 2349
  Multi-turn Hits: 6

### PREFIX CACHING ###
  Prefix Hits: 113
  Prefix Misses: 402
  System Prompt Reuse: 113
  Bytes Saved: 0.22GiB

### MULTI-TURN CONVERSATIONS ###
  Multi-turn Cache Hits: 6
  Multi-turn Cache Misses: 187
  Multi-turn Hit Rate: 3.1%

### QOS LATENCY METRICS (Informational - includes simulated generation) ###

  INTERACTIVE:
    Requests: 455
    Latency P95: 313594.90 ms
    Latency P99: 319079.68 ms
    SLA Met: [X] (compliance: 0.0%)

  RESPONSIVE:
    Requests: 19
    Latency P95: 101924.71 ms
    Latency P99: 112447.40 ms
    SLA Met: [X] (compliance: 0.0%)

  BATCH:
    Requests: 39
    Latency P95: 105753.99 ms
    Latency P99: 108399.09 ms
    SLA Met: [X] (compliance: 0.0%)

================================================================================
NOTES:
  - Pure storage I/O benchmark (no generation simulation)
================================================================================
KV Cache Wrapper - End delay for 90 seconds
KV Cache Wrapper - End delay for 90 seconds
KV Cache Wrapper - End delay for 90 seconds
KV Cache Wrapper - End delay for 90 seconds

================================================================================
BENCHMARK RESULTS - MLPerf KV Cache Storage Benchmark
Generation Mode: none (0.0ms/token)
================================================================================

IMPORTANT: All storage latencies below are measured per KV cache BLOCK,
not per token or per disk page.  Each block holds the full KV state for
one request (all layers, all heads, full sequence length).
  Model KV bytes/token: 327,680 bytes (320.0KiB)
  Entries in cache: 520
  Block size min:   43.8MiB
  Block size mean:  1458.9MiB
  Block size P95:   4552.6MiB
  Block size max:   7078.8MiB
  A 200MiB block at 1GiB/s NVMe read = ~200 ms device latency.
  Compare latencies against block sizes, not against 4KiB page I/O.


### OVERALL PERFORMANCE ###
Requests Completed: 515
Total Tokens Generated: 95075
Throughput (wall-clock): 316.92 tokens/sec
Throughput (storage I/O): 26.44 tokens/sec
Requests/sec: 1.72

### END-TO-END LATENCY (Queue Wait + Storage I/O + Generation) ###
  Mean: 177819.70 ms
  P50:  183340.07 ms
  P95:  316342.90 ms
  P99:  329544.80 ms

### PER-REQUEST STORAGE LATENCY (All I/O ops for one request) ###
  Mean: 6982.25 ms
  P50:  4942.22 ms
  P95:  20277.84 ms
  P99:  29139.89 ms
  (= 1 prefill write + N decode reads per request)

### STORAGE PERFORMANCE ###
  Cache Hit Rate: 92.4%
  Total Read: 4034.56GiB
  Total Write: 740.85GiB
  Read/Write Ratio: 5.45
  Storage KV Read Operations/sec: 10.77
  Storage KV Write Operations/sec: 1.73

### CACHE TIER DISTRIBUTION ###
  GPU Entries: 0 (0.00GiB)
  CPU Entries: 0 (0.00GiB)
  Storage Entries: 520

### TIER-SPECIFIC KV BYTES ###
  Storage KV Bytes Written: 740.85GiB
  Storage KV Bytes Read: 4034.56GiB

### STORAGE KV BANDWIDTH ###
  Storage KV Read Bandwidth: 13.45GiB/s
  Storage KV Write Bandwidth: 2.47GiB/s

### TIER-SPECIFIC LATENCIES (Total = Host + Device) ###
  Storage Read P95 (Total): 1674.21 ms
  Storage Write P95 (Total): 5965.75 ms

### STORAGE TIER LATENCY BREAKDOWN (Device = Disk I/O, Host = Serialization) ###
  Storage Read:
    - Device P95 (Disk I/O): 1157.16 ms
    - Host P95 (Serialization): 640.23 ms
    - Total P95: 1674.21 ms
  Storage Write:
    - Device P95 (Disk I/O): 0.01 ms
    - Host P95 (Serialization): 5965.74 ms
    - Total P95: 5965.75 ms

### CACHE TYPE BREAKDOWNS ###
  System Prompt Hits: 702
  Common Phrase Hits: 0
  User Cache Hits: 2513
  Multi-turn Hits: 17

### PREFIX CACHING ###
  Prefix Hits: 114
  Prefix Misses: 406
  System Prompt Reuse: 114
  Bytes Saved: 0.23GiB

### MULTI-TURN CONVERSATIONS ###
  Multi-turn Cache Hits: 17
  Multi-turn Cache Misses: 153
  Multi-turn Hit Rate: 10.0%

### QOS LATENCY METRICS (Informational - includes simulated generation) ###

  INTERACTIVE:
    Requests: 459
    Latency P95: 316882.02 ms
    Latency P99: 329837.64 ms
    SLA Met: [X] (compliance: 0.0%)

  RESPONSIVE:
    Requests: 14
    Latency P95: 86715.36 ms
    Latency P99: 87409.43 ms
    SLA Met: [X] (compliance: 0.0%)

  BATCH:
    Requests: 42
    Latency P95: 90797.18 ms
    Latency P99: 95686.02 ms
    SLA Met: [X] (compliance: 9.5%)

================================================================================
NOTES:
  - Pure storage I/O benchmark (no generation simulation)
================================================================================
KV Cache Wrapper - End delay for 90 seconds

================================================================================
BENCHMARK RESULTS - MLPerf KV Cache Storage Benchmark
Generation Mode: none (0.0ms/token)
================================================================================

IMPORTANT: All storage latencies below are measured per KV cache BLOCK,
not per token or per disk page.  Each block holds the full KV state for
one request (all layers, all heads, full sequence length).
  Model KV bytes/token: 327,680 bytes (320.0KiB)
  Entries in cache: 537
  Block size min:   85.9MiB
  Block size mean:  1402.3MiB
  Block size P95:   4050.1MiB
  Block size max:   6988.8MiB
  A 200MiB block at 1GiB/s NVMe read = ~200 ms device latency.
  Compare latencies against block sizes, not against 4KiB page I/O.


### OVERALL PERFORMANCE ###
Requests Completed: 532
Total Tokens Generated: 89950
Throughput (wall-clock): 299.83 tokens/sec
Throughput (storage I/O): 28.34 tokens/sec
Requests/sec: 1.77

### END-TO-END LATENCY (Queue Wait + Storage I/O + Generation) ###
  Mean: 169669.39 ms
  P50:  176877.96 ms
  P95:  297492.04 ms
  P99:  307399.07 ms

### PER-REQUEST STORAGE LATENCY (All I/O ops for one request) ###
  Mean: 5965.31 ms
  P50:  3750.93 ms
  P95:  18739.11 ms
  P99:  31569.98 ms
  (= 1 prefill write + N decode reads per request)

### STORAGE PERFORMANCE ###
  Cache Hit Rate: 88.7%
  Total Read: 3212.10GiB
  Total Write: 735.41GiB
  Read/Write Ratio: 4.37
  Storage KV Read Operations/sec: 9.62
  Storage KV Write Operations/sec: 1.79

### CACHE TIER DISTRIBUTION ###
  GPU Entries: 0 (0.00GiB)
  CPU Entries: 0 (0.00GiB)
  Storage Entries: 537

### TIER-SPECIFIC KV BYTES ###
  Storage KV Bytes Written: 735.41GiB
  Storage KV Bytes Read: 3212.10GiB

### STORAGE KV BANDWIDTH ###
  Storage KV Read Bandwidth: 10.71GiB/s
  Storage KV Write Bandwidth: 2.45GiB/s

### TIER-SPECIFIC LATENCIES (Total = Host + Device) ###
  Storage Read P95 (Total): 1702.95 ms
  Storage Write P95 (Total): 5134.01 ms

### STORAGE TIER LATENCY BREAKDOWN (Device = Disk I/O, Host = Serialization) ###
  Storage Read:
    - Device P95 (Disk I/O): 1212.22 ms
    - Host P95 (Serialization): 581.67 ms
    - Total P95: 1702.95 ms
  Storage Write:
    - Device P95 (Disk I/O): 0.01 ms
    - Host P95 (Serialization): 5134.00 ms
    - Total P95: 5134.01 ms

### CACHE TYPE BREAKDOWNS ###
  System Prompt Hits: 537
  Common Phrase Hits: 0
  User Cache Hits: 2336
  Multi-turn Hits: 13

### PREFIX CACHING ###
  Prefix Hits: 104
  Prefix Misses: 433
  System Prompt Reuse: 104
  Bytes Saved: 0.22GiB

### MULTI-TURN CONVERSATIONS ###
  Multi-turn Cache Hits: 13
  Multi-turn Cache Misses: 265
  Multi-turn Hit Rate: 4.7%

### QOS LATENCY METRICS (Informational - includes simulated generation) ###

  INTERACTIVE:
    Requests: 471
    Latency P95: 298069.31 ms
    Latency P99: 307672.16 ms
    SLA Met: [X] (compliance: 0.0%)

  RESPONSIVE:
    Requests: 38
    Latency P95: 98520.50 ms
    Latency P99: 121748.21 ms
    SLA Met: [X] (compliance: 0.0%)

  BATCH:
    Requests: 23
    Latency P95: 65957.74 ms
    Latency P99: 92388.12 ms
    SLA Met: [X] (compliance: 0.0%)

================================================================================
NOTES:
  - Pure storage I/O benchmark (no generation simulation)
================================================================================

================================================================================
BENCHMARK RESULTS - MLPerf KV Cache Storage Benchmark
Generation Mode: none (0.0ms/token)
================================================================================

IMPORTANT: All storage latencies below are measured per KV cache BLOCK,
not per token or per disk page.  Each block holds the full KV state for
one request (all layers, all heads, full sequence length).
  Model KV bytes/token: 327,680 bytes (320.0KiB)
  Entries in cache: 592
  Block size min:   40.0MiB
  Block size mean:  1616.1MiB
  Block size P95:   4543.1MiB
  Block size max:   6909.7MiB
  A 200MiB block at 1GiB/s NVMe read = ~200 ms device latency.
  Compare latencies against block sizes, not against 4KiB page I/O.


### OVERALL PERFORMANCE ###
Requests Completed: 588
Total Tokens Generated: 66771
Throughput (wall-clock): 222.57 tokens/sec
Throughput (storage I/O): 30.25 tokens/sec
Requests/sec: 1.96

### END-TO-END LATENCY (Queue Wait + Storage I/O + Generation) ###
  Mean: 168462.24 ms
  P50:  172066.34 ms
  P95:  309669.79 ms
  P99:  321862.61 ms

### PER-REQUEST STORAGE LATENCY (All I/O ops for one request) ###
  Mean: 3753.46 ms
  P50:  2849.02 ms
  P95:  9586.58 ms
  P99:  13220.75 ms
  (= 1 prefill write + N decode reads per request)

### STORAGE PERFORMANCE ###
  Cache Hit Rate: 86.9%
  Total Read: 2716.97GiB
  Total Write: 934.30GiB
  Read/Write Ratio: 2.91
  Storage KV Read Operations/sec: 7.68
  Storage KV Write Operations/sec: 1.97

### CACHE TIER DISTRIBUTION ###
  GPU Entries: 0 (0.00GiB)
  CPU Entries: 0 (0.00GiB)
  Storage Entries: 592

### TIER-SPECIFIC KV BYTES ###
  Storage KV Bytes Written: 934.30GiB
  Storage KV Bytes Read: 2716.97GiB

### STORAGE KV BANDWIDTH ###
  Storage KV Read Bandwidth: 9.06GiB/s
  Storage KV Write Bandwidth: 3.11GiB/s

### TIER-SPECIFIC LATENCIES (Total = Host + Device) ###
  Storage Read P95 (Total): 1094.47 ms
  Storage Write P95 (Total): 5346.07 ms

### STORAGE TIER LATENCY BREAKDOWN (Device = Disk I/O, Host = Serialization) ###
  Storage Read:
    - Device P95 (Disk I/O): 722.20 ms
    - Host P95 (Serialization): 500.20 ms
    - Total P95: 1094.47 ms
  Storage Write:
    - Device P95 (Disk I/O): 0.01 ms
    - Host P95 (Serialization): 5346.06 ms
    - Total P95: 5346.07 ms

### CACHE TYPE BREAKDOWNS ###
  System Prompt Hits: 461
  Common Phrase Hits: 0
  User Cache Hits: 1812
  Multi-turn Hits: 32

### PREFIX CACHING ###
  Prefix Hits: 123
  Prefix Misses: 469
  System Prompt Reuse: 123
  Bytes Saved: 0.25GiB

### MULTI-TURN CONVERSATIONS ###
  Multi-turn Cache Hits: 32
  Multi-turn Cache Misses: 224
  Multi-turn Hit Rate: 12.5%

### QOS LATENCY METRICS (Informational - includes simulated generation) ###

  INTERACTIVE:
    Requests: 539
    Latency P95: 311648.82 ms
    Latency P99: 322499.95 ms
    SLA Met: [X] (compliance: 0.0%)

  RESPONSIVE:
    Requests: 23
    Latency P95: 84166.87 ms
    Latency P99: 87340.29 ms
    SLA Met: [X] (compliance: 0.0%)

  BATCH:
    Requests: 26
    Latency P95: 75558.87 ms
    Latency P99: 107183.17 ms
    SLA Met: [X] (compliance: 7.7%)

================================================================================
NOTES:
  - Pure storage I/O benchmark (no generation simulation)
================================================================================

================================================================================
BENCHMARK RESULTS - MLPerf KV Cache Storage Benchmark
Generation Mode: none (0.0ms/token)
================================================================================

IMPORTANT: All storage latencies below are measured per KV cache BLOCK,
not per token or per disk page.  Each block holds the full KV state for
one request (all layers, all heads, full sequence length).
  Model KV bytes/token: 327,680 bytes (320.0KiB)
  Entries in cache: 412
  Block size min:   75.3MiB
  Block size mean:  1554.5MiB
  Block size P95:   5456.4MiB
  Block size max:   7030.3MiB
  A 200MiB block at 1GiB/s NVMe read = ~200 ms device latency.
  Compare latencies against block sizes, not against 4KiB page I/O.


### OVERALL PERFORMANCE ###
Requests Completed: 411
Total Tokens Generated: 50386
Throughput (wall-clock): 167.95 tokens/sec
Throughput (storage I/O): 17.57 tokens/sec
Requests/sec: 1.37

### END-TO-END LATENCY (Queue Wait + Storage I/O + Generation) ###
  Mean: 174485.45 ms
  P50:  190771.91 ms
  P95:  323698.77 ms
  P99:  328692.61 ms

### PER-REQUEST STORAGE LATENCY (All I/O ops for one request) ###
  Mean: 6976.20 ms
  P50:  3440.83 ms
  P95:  22536.35 ms
  P99:  57465.56 ms
  (= 1 prefill write + N decode reads per request)

### STORAGE PERFORMANCE ###
  Cache Hit Rate: 83.9%
  Total Read: 2066.51GiB
  Total Write: 636.21GiB
  Read/Write Ratio: 3.25
  Storage KV Read Operations/sec: 5.76
  Storage KV Write Operations/sec: 1.38

### CACHE TIER DISTRIBUTION ###
  GPU Entries: 0 (0.00GiB)
  CPU Entries: 0 (0.00GiB)
  Storage Entries: 412

### TIER-SPECIFIC KV BYTES ###
  Storage KV Bytes Written: 625.43GiB
  Storage KV Bytes Read: 2066.51GiB

### STORAGE KV BANDWIDTH ###
  Storage KV Read Bandwidth: 6.89GiB/s
  Storage KV Write Bandwidth: 2.08GiB/s

### TIER-SPECIFIC LATENCIES (Total = Host + Device) ###
  Storage Read P95 (Total): 3058.06 ms
  Storage Write P95 (Total): 5551.14 ms

### STORAGE TIER LATENCY BREAKDOWN (Device = Disk I/O, Host = Serialization) ###
  Storage Read:
    - Device P95 (Disk I/O): 1411.74 ms
    - Host P95 (Serialization): 1738.29 ms
    - Total P95: 3058.06 ms
  Storage Write:
    - Device P95 (Disk I/O): 0.01 ms
    - Host P95 (Serialization): 5551.13 ms
    - Total P95: 5551.14 ms

### CACHE TYPE BREAKDOWNS ###
  System Prompt Hits: 329
  Common Phrase Hits: 0
  User Cache Hits: 1383
  Multi-turn Hits: 16

### PREFIX CACHING ###
  Prefix Hits: 75
  Prefix Misses: 339
  System Prompt Reuse: 75
  Bytes Saved: 0.14GiB

### MULTI-TURN CONVERSATIONS ###
  Multi-turn Cache Hits: 16
  Multi-turn Cache Misses: 256
  Multi-turn Hit Rate: 5.9%

### QOS LATENCY METRICS (Informational - includes simulated generation) ###

  INTERACTIVE:
    Requests: 357
    Latency P95: 325417.65 ms
    Latency P99: 328995.87 ms
    SLA Met: [X] (compliance: 0.0%)

  RESPONSIVE:
    Requests: 23
    Latency P95: 47257.10 ms
    Latency P99: 52058.22 ms
    SLA Met: [X] (compliance: 0.0%)

  BATCH:
    Requests: 31
    Latency P95: 39745.07 ms
    Latency P99: 41724.71 ms
    SLA Met: [X] (compliance: 6.5%)

================================================================================
NOTES:
  - Pure storage I/O benchmark (no generation simulation)
================================================================================

================================================================================
BENCHMARK RESULTS - MLPerf KV Cache Storage Benchmark
Generation Mode: none (0.0ms/token)
================================================================================

IMPORTANT: All storage latencies below are measured per KV cache BLOCK,
not per token or per disk page.  Each block holds the full KV state for
one request (all layers, all heads, full sequence length).
  Model KV bytes/token: 327,680 bytes (320.0KiB)
  Entries in cache: 409
  Block size min:   85.6MiB
  Block size mean:  1988.0MiB
  Block size P95:   5403.4MiB
  Block size max:   6619.1MiB
  A 200MiB block at 1GiB/s NVMe read = ~200 ms device latency.
  Compare latencies against block sizes, not against 4KiB page I/O.


### OVERALL PERFORMANCE ###
Requests Completed: 406
Total Tokens Generated: 57760
Throughput (wall-clock): 192.53 tokens/sec
Throughput (storage I/O): 26.01 tokens/sec
Requests/sec: 1.35

### END-TO-END LATENCY (Queue Wait + Storage I/O + Generation) ###
  Mean: 188645.02 ms
  P50:  195971.65 ms
  P95:  317177.94 ms
  P99:  326268.68 ms

### PER-REQUEST STORAGE LATENCY (All I/O ops for one request) ###
  Mean: 5470.43 ms
  P50:  3992.94 ms
  P95:  13731.14 ms
  P99:  43162.39 ms
  (= 1 prefill write + N decode reads per request)

### STORAGE PERFORMANCE ###
  Cache Hit Rate: 89.0%
  Total Read: 2223.96GiB
  Total Write: 800.14GiB
  Read/Write Ratio: 2.78
  Storage KV Read Operations/sec: 5.95
  Storage KV Write Operations/sec: 1.37

### CACHE TIER DISTRIBUTION ###
  GPU Entries: 0 (0.00GiB)
  CPU Entries: 0 (0.00GiB)
  Storage Entries: 409

### TIER-SPECIFIC KV BYTES ###
  Storage KV Bytes Written: 794.02GiB
  Storage KV Bytes Read: 2223.96GiB

### STORAGE KV BANDWIDTH ###
  Storage KV Read Bandwidth: 7.41GiB/s
  Storage KV Write Bandwidth: 2.65GiB/s

### TIER-SPECIFIC LATENCIES (Total = Host + Device) ###
  Storage Read P95 (Total): 1355.21 ms
  Storage Write P95 (Total): 5937.43 ms

### STORAGE TIER LATENCY BREAKDOWN (Device = Disk I/O, Host = Serialization) ###
  Storage Read:
    - Device P95 (Disk I/O): 796.94 ms
    - Host P95 (Serialization): 613.58 ms
    - Total P95: 1355.21 ms
  Storage Write:
    - Device P95 (Disk I/O): 0.01 ms
    - Host P95 (Serialization): 5937.43 ms
    - Total P95: 5937.43 ms

### CACHE TYPE BREAKDOWNS ###
  System Prompt Hits: 378
  Common Phrase Hits: 0
  User Cache Hits: 1402
  Multi-turn Hits: 4

### PREFIX CACHING ###
  Prefix Hits: 90
  Prefix Misses: 320
  System Prompt Reuse: 90
  Bytes Saved: 0.19GiB

### MULTI-TURN CONVERSATIONS ###
  Multi-turn Cache Hits: 4
  Multi-turn Cache Misses: 131
  Multi-turn Hit Rate: 3.0%

### QOS LATENCY METRICS (Informational - includes simulated generation) ###

  INTERACTIVE:
    Requests: 343
    Latency P95: 318757.58 ms
    Latency P99: 326968.54 ms
    SLA Met: [X] (compliance: 0.0%)

  RESPONSIVE:
    Requests: 19
    Latency P95: 149480.60 ms
    Latency P99: 253053.92 ms
    SLA Met: [X] (compliance: 0.0%)

  BATCH:
    Requests: 44
    Latency P95: 116006.06 ms
    Latency P99: 128407.08 ms
    SLA Met: [X] (compliance: 0.0%)

================================================================================
NOTES:
  - Pure storage I/O benchmark (no generation simulation)
================================================================================
KV Cache Wrapper - End delay for 90 seconds
KV Cache Wrapper - End delay for 90 seconds
KV Cache Wrapper - End delay for 90 seconds

================================================================================
BENCHMARK RESULTS - MLPerf KV Cache Storage Benchmark
Generation Mode: none (0.0ms/token)
================================================================================

IMPORTANT: All storage latencies below are measured per KV cache BLOCK,
not per token or per disk page.  Each block holds the full KV state for
one request (all layers, all heads, full sequence length).
  Model KV bytes/token: 327,680 bytes (320.0KiB)
  Entries in cache: 426
  Block size min:   54.1MiB
  Block size mean:  1969.1MiB
  Block size P95:   5449.5MiB
  Block size max:   7641.2MiB
  A 200MiB block at 1GiB/s NVMe read = ~200 ms device latency.
  Compare latencies against block sizes, not against 4KiB page I/O.


### OVERALL PERFORMANCE ###
Requests Completed: 424
Total Tokens Generated: 84479
Throughput (wall-clock): 281.60 tokens/sec
Throughput (storage I/O): 31.69 tokens/sec
Requests/sec: 1.41

### END-TO-END LATENCY (Queue Wait + Storage I/O + Generation) ###
  Mean: 171886.52 ms
  P50:  178092.12 ms
  P95:  312369.45 ms
  P99:  321335.23 ms

### PER-REQUEST STORAGE LATENCY (All I/O ops for one request) ###
  Mean: 6286.52 ms
  P50:  4992.37 ms
  P95:  18517.00 ms
  P99:  29750.88 ms
  (= 1 prefill write + N decode reads per request)

### STORAGE PERFORMANCE ###
  Cache Hit Rate: 88.4%
  Total Read: 3161.13GiB
  Total Write: 823.31GiB
  Read/Write Ratio: 3.84
  Storage KV Read Operations/sec: 8.89
  Storage KV Write Operations/sec: 1.42

### CACHE TIER DISTRIBUTION ###
  GPU Entries: 0 (0.00GiB)
  CPU Entries: 0 (0.00GiB)
  Storage Entries: 426

### TIER-SPECIFIC KV BYTES ###
  Storage KV Bytes Written: 819.16GiB
  Storage KV Bytes Read: 3161.13GiB

### STORAGE KV BANDWIDTH ###
  Storage KV Read Bandwidth: 10.54GiB/s
  Storage KV Write Bandwidth: 2.73GiB/s

### TIER-SPECIFIC LATENCIES (Total = Host + Device) ###
  Storage Read P95 (Total): 1508.27 ms
  Storage Write P95 (Total): 5869.67 ms

### STORAGE TIER LATENCY BREAKDOWN (Device = Disk I/O, Host = Serialization) ###
  Storage Read:
    - Device P95 (Disk I/O): 799.10 ms
    - Host P95 (Serialization): 780.08 ms
    - Total P95: 1508.27 ms
  Storage Write:
    - Device P95 (Disk I/O): 0.01 ms
    - Host P95 (Serialization): 5869.67 ms
    - Total P95: 5869.67 ms

### CACHE TYPE BREAKDOWNS ###
  System Prompt Hits: 550
  Common Phrase Hits: 0
  User Cache Hits: 2112
  Multi-turn Hits: 5

### PREFIX CACHING ###
  Prefix Hits: 82
  Prefix Misses: 345
  System Prompt Reuse: 82
  Bytes Saved: 0.17GiB

### MULTI-TURN CONVERSATIONS ###
  Multi-turn Cache Hits: 5
  Multi-turn Cache Misses: 268
  Multi-turn Hit Rate: 1.8%

### QOS LATENCY METRICS (Informational - includes simulated generation) ###

  INTERACTIVE:
    Requests: 357
    Latency P95: 313417.80 ms
    Latency P99: 322412.06 ms
    SLA Met: [X] (compliance: 0.0%)

  RESPONSIVE:
    Requests: 20
    Latency P95: 103152.47 ms
    Latency P99: 117832.01 ms
    SLA Met: [X] (compliance: 0.0%)

  BATCH:
    Requests: 47
    Latency P95: 113214.17 ms
    Latency P99: 166565.67 ms
    SLA Met: [X] (compliance: 2.1%)

================================================================================
NOTES:
  - Pure storage I/O benchmark (no generation simulation)
================================================================================
KV Cache Wrapper - End delay for 90 seconds

================================================================================
BENCHMARK RESULTS - MLPerf KV Cache Storage Benchmark
Generation Mode: none (0.0ms/token)
================================================================================

IMPORTANT: All storage latencies below are measured per KV cache BLOCK,
not per token or per disk page.  Each block holds the full KV state for
one request (all layers, all heads, full sequence length).
  Model KV bytes/token: 327,680 bytes (320.0KiB)
  Entries in cache: 395
  Block size min:   86.9MiB
  Block size mean:  1775.2MiB
  Block size P95:   5064.9MiB
  Block size max:   7309.1MiB
  A 200MiB block at 1GiB/s NVMe read = ~200 ms device latency.
  Compare latencies against block sizes, not against 4KiB page I/O.


### OVERALL PERFORMANCE ###
Requests Completed: 393
Total Tokens Generated: 48066
Throughput (wall-clock): 160.22 tokens/sec
Throughput (storage I/O): 25.56 tokens/sec
Requests/sec: 1.31

### END-TO-END LATENCY (Queue Wait + Storage I/O + Generation) ###
  Mean: 190749.81 ms
  P50:  211162.98 ms
  P95:  323325.33 ms
  P99:  333247.35 ms

### PER-REQUEST STORAGE LATENCY (All I/O ops for one request) ###
  Mean: 4785.28 ms
  P50:  3173.95 ms
  P95:  13241.84 ms
  P99:  23484.98 ms
  (= 1 prefill write + N decode reads per request)

### STORAGE PERFORMANCE ###
  Cache Hit Rate: 86.5%
  Total Read: 1747.81GiB
  Total Write: 699.22GiB
  Read/Write Ratio: 2.50
  Storage KV Read Operations/sec: 4.95
  Storage KV Write Operations/sec: 1.33

### CACHE TIER DISTRIBUTION ###
  GPU Entries: 0 (0.00GiB)
  CPU Entries: 0 (0.00GiB)
  Storage Entries: 395

### TIER-SPECIFIC KV BYTES ###
  Storage KV Bytes Written: 684.78GiB
  Storage KV Bytes Read: 1747.81GiB

### STORAGE KV BANDWIDTH ###
  Storage KV Read Bandwidth: 5.83GiB/s
  Storage KV Write Bandwidth: 2.28GiB/s

### TIER-SPECIFIC LATENCIES (Total = Host + Device) ###
  Storage Read P95 (Total): 1604.24 ms
  Storage Write P95 (Total): 6098.82 ms

### STORAGE TIER LATENCY BREAKDOWN (Device = Disk I/O, Host = Serialization) ###
  Storage Read:
    - Device P95 (Disk I/O): 834.62 ms
    - Host P95 (Serialization): 946.93 ms
    - Total P95: 1604.24 ms
  Storage Write:
    - Device P95 (Disk I/O): 0.01 ms
    - Host P95 (Serialization): 6098.81 ms
    - Total P95: 6098.82 ms

### CACHE TYPE BREAKDOWNS ###
  System Prompt Hits: 248
  Common Phrase Hits: 0
  User Cache Hits: 1236
  Multi-turn Hits: 1

### PREFIX CACHING ###
  Prefix Hits: 81
  Prefix Misses: 317
  System Prompt Reuse: 81
  Bytes Saved: 0.16GiB

### MULTI-TURN CONVERSATIONS ###
  Multi-turn Cache Hits: 1
  Multi-turn Cache Misses: 151
  Multi-turn Hit Rate: 0.7%

### QOS LATENCY METRICS (Informational - includes simulated generation) ###

  INTERACTIVE:
    Requests: 334
    Latency P95: 325115.90 ms
    Latency P99: 333719.36 ms
    SLA Met: [X] (compliance: 0.0%)

  RESPONSIVE:
    Requests: 20
    Latency P95: 109136.60 ms
    Latency P99: 127882.70 ms
    SLA Met: [X] (compliance: 0.0%)

  BATCH:
    Requests: 39
    Latency P95: 90726.36 ms
    Latency P99: 154319.69 ms
    SLA Met: [X] (compliance: 0.0%)

================================================================================
NOTES:
  - Pure storage I/O benchmark (no generation simulation)
================================================================================
KV Cache Wrapper - End delay for 90 seconds
KV Cache Wrapper - End delay for 90 seconds

================================================================================
BENCHMARK RESULTS - MLPerf KV Cache Storage Benchmark
Generation Mode: none (0.0ms/token)
================================================================================

IMPORTANT: All storage latencies below are measured per KV cache BLOCK,
not per token or per disk page.  Each block holds the full KV state for
one request (all layers, all heads, full sequence length).
  Model KV bytes/token: 327,680 bytes (320.0KiB)
  Entries in cache: 467
  Block size min:   90.9MiB
  Block size mean:  2042.7MiB
  Block size P95:   5058.2MiB
  Block size max:   6647.8MiB
  A 200MiB block at 1GiB/s NVMe read = ~200 ms device latency.
  Compare latencies against block sizes, not against 4KiB page I/O.


### OVERALL PERFORMANCE ###
Requests Completed: 462
Total Tokens Generated: 54589
Throughput (wall-clock): 181.96 tokens/sec
Throughput (storage I/O): 26.41 tokens/sec
Requests/sec: 1.54

### END-TO-END LATENCY (Queue Wait + Storage I/O + Generation) ###
  Mean: 162884.15 ms
  P50:  167500.44 ms
  P95:  318533.31 ms
  P99:  327677.35 ms

### PER-REQUEST STORAGE LATENCY (All I/O ops for one request) ###
  Mean: 4473.21 ms
  P50:  4011.03 ms
  P95:  10813.90 ms
  P99:  15236.91 ms
  (= 1 prefill write + N decode reads per request)

### STORAGE PERFORMANCE ###
  Cache Hit Rate: 82.4%
  Total Read: 2207.10GiB
  Total Write: 936.20GiB
  Read/Write Ratio: 2.36
  Storage KV Read Operations/sec: 5.72
  Storage KV Write Operations/sec: 1.56

### CACHE TIER DISTRIBUTION ###
  GPU Entries: 0 (0.00GiB)
  CPU Entries: 0 (0.00GiB)
  Storage Entries: 467

### TIER-SPECIFIC KV BYTES ###
  Storage KV Bytes Written: 931.59GiB
  Storage KV Bytes Read: 2207.10GiB

### STORAGE KV BANDWIDTH ###
  Storage KV Read Bandwidth: 7.36GiB/s
  Storage KV Write Bandwidth: 3.11GiB/s

### TIER-SPECIFIC LATENCIES (Total = Host + Device) ###
  Storage Read P95 (Total): 1346.86 ms
  Storage Write P95 (Total): 5804.64 ms

### STORAGE TIER LATENCY BREAKDOWN (Device = Disk I/O, Host = Serialization) ###
  Storage Read:
    - Device P95 (Disk I/O): 783.96 ms
    - Host P95 (Serialization): 664.78 ms
    - Total P95: 1346.86 ms
  Storage Write:
    - Device P95 (Disk I/O): 0.01 ms
    - Host P95 (Serialization): 5804.63 ms
    - Total P95: 5804.64 ms

### CACHE TYPE BREAKDOWNS ###
  System Prompt Hits: 313
  Common Phrase Hits: 0
  User Cache Hits: 1397
  Multi-turn Hits: 7

### PREFIX CACHING ###
  Prefix Hits: 97
  Prefix Misses: 371
  System Prompt Reuse: 97
  Bytes Saved: 0.20GiB

### MULTI-TURN CONVERSATIONS ###
  Multi-turn Cache Hits: 7
  Multi-turn Cache Misses: 271
  Multi-turn Hit Rate: 2.5%

### QOS LATENCY METRICS (Informational - includes simulated generation) ###

  INTERACTIVE:
    Requests: 396
    Latency P95: 319910.51 ms
    Latency P99: 327842.61 ms
    SLA Met: [X] (compliance: 0.0%)

  RESPONSIVE:
    Requests: 24
    Latency P95: 63899.30 ms
    Latency P99: 78450.27 ms
    SLA Met: [X] (compliance: 0.0%)

  BATCH:
    Requests: 42
    Latency P95: 87337.59 ms
    Latency P99: 167880.02 ms
    SLA Met: [X] (compliance: 2.4%)

================================================================================
NOTES:
  - Pure storage I/O benchmark (no generation simulation)
================================================================================
KV Cache Wrapper - End delay for 90 seconds
KV Cache Wrapper - End delay for 90 seconds

================================================================================
BENCHMARK RESULTS - MLPerf KV Cache Storage Benchmark
Generation Mode: none (0.0ms/token)
================================================================================

IMPORTANT: All storage latencies below are measured per KV cache BLOCK,
not per token or per disk page.  Each block holds the full KV state for
one request (all layers, all heads, full sequence length).
  Model KV bytes/token: 327,680 bytes (320.0KiB)
  Entries in cache: 334
  Block size min:   55.6MiB
  Block size mean:  2212.9MiB
  Block size P95:   6072.9MiB
  Block size max:   7301.2MiB
  A 200MiB block at 1GiB/s NVMe read = ~200 ms device latency.
  Compare latencies against block sizes, not against 4KiB page I/O.


### OVERALL PERFORMANCE ###
Requests Completed: 333
Total Tokens Generated: 56999
Throughput (wall-clock): 190.00 tokens/sec
Throughput (storage I/O): 25.93 tokens/sec
Requests/sec: 1.11

### END-TO-END LATENCY (Queue Wait + Storage I/O + Generation) ###
  Mean: 184637.95 ms
  P50:  168498.82 ms
  P95:  335177.03 ms
  P99:  343996.13 ms

### PER-REQUEST STORAGE LATENCY (All I/O ops for one request) ###
  Mean: 6602.23 ms
  P50:  4369.76 ms
  P95:  19164.32 ms
  P99:  34719.28 ms
  (= 1 prefill write + N decode reads per request)

### STORAGE PERFORMANCE ###
  Cache Hit Rate: 86.9%
  Total Read: 2002.31GiB
  Total Write: 721.78GiB
  Read/Write Ratio: 2.77
  Storage KV Read Operations/sec: 4.93
  Storage KV Write Operations/sec: 1.11

### CACHE TIER DISTRIBUTION ###
  GPU Entries: 0 (0.00GiB)
  CPU Entries: 0 (0.00GiB)
  Storage Entries: 334

### TIER-SPECIFIC KV BYTES ###
  Storage KV Bytes Written: 721.78GiB
  Storage KV Bytes Read: 2002.31GiB

### STORAGE KV BANDWIDTH ###
  Storage KV Read Bandwidth: 6.67GiB/s
  Storage KV Write Bandwidth: 2.41GiB/s

### TIER-SPECIFIC LATENCIES (Total = Host + Device) ###
  Storage Read P95 (Total): 2247.42 ms
  Storage Write P95 (Total): 6551.29 ms

### STORAGE TIER LATENCY BREAKDOWN (Device = Disk I/O, Host = Serialization) ###
  Storage Read:
    - Device P95 (Disk I/O): 929.49 ms
    - Host P95 (Serialization): 1324.74 ms
    - Total P95: 2247.42 ms
  Storage Write:
    - Device P95 (Disk I/O): 0.01 ms
    - Host P95 (Serialization): 6551.29 ms
    - Total P95: 6551.29 ms

### CACHE TYPE BREAKDOWNS ###
  System Prompt Hits: 241
  Common Phrase Hits: 0
  User Cache Hits: 1230
  Multi-turn Hits: 9

### PREFIX CACHING ###
  Prefix Hits: 60
  Prefix Misses: 274
  System Prompt Reuse: 60
  Bytes Saved: 0.12GiB

### MULTI-TURN CONVERSATIONS ###
  Multi-turn Cache Hits: 9
  Multi-turn Cache Misses: 163
  Multi-turn Hit Rate: 5.2%

### QOS LATENCY METRICS (Informational - includes simulated generation) ###

  INTERACTIVE:
    Requests: 276
    Latency P95: 336412.53 ms
    Latency P99: 344444.05 ms
    SLA Met: [X] (compliance: 0.0%)

  RESPONSIVE:
    Requests: 15
    Latency P95: 166119.09 ms
    Latency P99: 168022.88 ms
    SLA Met: [X] (compliance: 0.0%)

  BATCH:
    Requests: 42
    Latency P95: 141457.50 ms
    Latency P99: 312180.65 ms
    SLA Met: [X] (compliance: 4.8%)

================================================================================
NOTES:
  - Pure storage I/O benchmark (no generation simulation)
================================================================================
KV Cache Wrapper - End delay for 90 seconds

================================================================================
BENCHMARK RESULTS - MLPerf KV Cache Storage Benchmark
Generation Mode: none (0.0ms/token)
================================================================================

IMPORTANT: All storage latencies below are measured per KV cache BLOCK,
not per token or per disk page.  Each block holds the full KV state for
one request (all layers, all heads, full sequence length).
  Model KV bytes/token: 327,680 bytes (320.0KiB)
  Entries in cache: 353
  Block size min:   51.9MiB
  Block size mean:  2370.0MiB
  Block size P95:   6059.7MiB
  Block size max:   6798.8MiB
  A 200MiB block at 1GiB/s NVMe read = ~200 ms device latency.
  Compare latencies against block sizes, not against 4KiB page I/O.


### OVERALL PERFORMANCE ###
Requests Completed: 347
Total Tokens Generated: 62109
Throughput (wall-clock): 207.03 tokens/sec
Throughput (storage I/O): 27.64 tokens/sec
Requests/sec: 1.16

### END-TO-END LATENCY (Queue Wait + Storage I/O + Generation) ###
  Mean: 182193.33 ms
  P50:  193773.63 ms
  P95:  328501.36 ms
  P99:  338984.87 ms

### PER-REQUEST STORAGE LATENCY (All I/O ops for one request) ###
  Mean: 6475.26 ms
  P50:  4978.00 ms
  P95:  16281.43 ms
  P99:  34492.10 ms
  (= 1 prefill write + N decode reads per request)

### STORAGE PERFORMANCE ###
  Cache Hit Rate: 87.5%
  Total Read: 2252.41GiB
  Total Write: 820.17GiB
  Read/Write Ratio: 2.75
  Storage KV Read Operations/sec: 5.11
  Storage KV Write Operations/sec: 1.18

### CACHE TIER DISTRIBUTION ###
  GPU Entries: 0 (0.00GiB)
  CPU Entries: 0 (0.00GiB)
  Storage Entries: 353

### TIER-SPECIFIC KV BYTES ###
  Storage KV Bytes Written: 817.01GiB
  Storage KV Bytes Read: 2252.41GiB

### STORAGE KV BANDWIDTH ###
  Storage KV Read Bandwidth: 7.51GiB/s
  Storage KV Write Bandwidth: 2.72GiB/s

### TIER-SPECIFIC LATENCIES (Total = Host + Device) ###
  Storage Read P95 (Total): 2032.83 ms
  Storage Write P95 (Total): 6811.03 ms

### STORAGE TIER LATENCY BREAKDOWN (Device = Disk I/O, Host = Serialization) ###
  Storage Read:
    - Device P95 (Disk I/O): 945.09 ms
    - Host P95 (Serialization): 1192.31 ms
    - Total P95: 2032.83 ms
  Storage Write:
    - Device P95 (Disk I/O): 0.01 ms
    - Host P95 (Serialization): 6811.02 ms
    - Total P95: 6811.03 ms

### CACHE TYPE BREAKDOWNS ###
  System Prompt Hits: 352
  Common Phrase Hits: 0
  User Cache Hits: 1174
  Multi-turn Hits: 6

### PREFIX CACHING ###
  Prefix Hits: 71
  Prefix Misses: 283
  System Prompt Reuse: 71
  Bytes Saved: 0.15GiB

### MULTI-TURN CONVERSATIONS ###
  Multi-turn Cache Hits: 6
  Multi-turn Cache Misses: 148
  Multi-turn Hit Rate: 3.9%

### QOS LATENCY METRICS (Informational - includes simulated generation) ###

  INTERACTIVE:
    Requests: 283
    Latency P95: 332738.38 ms
    Latency P99: 339143.46 ms
    SLA Met: [X] (compliance: 0.0%)

  RESPONSIVE:
    Requests: 25
    Latency P95: 147906.25 ms
    Latency P99: 258466.88 ms
    SLA Met: [X] (compliance: 0.0%)

  BATCH:
    Requests: 39
    Latency P95: 140237.74 ms
    Latency P99: 181749.67 ms
    SLA Met: [X] (compliance: 0.0%)

================================================================================
NOTES:
  - Pure storage I/O benchmark (no generation simulation)
================================================================================
KV Cache Wrapper - End delay for 90 seconds
KV Cache Wrapper - End delay for 90 seconds
KV Cache Wrapper - Finished benchmark pass
KV Cache Wrapper - Finished benchmark pass
KV Cache Wrapper - Finished benchmark pass
KV Cache Wrapper - Finished benchmark pass
KV Cache Wrapper - Finished benchmark pass
KV Cache Wrapper - Finished benchmark pass
KV Cache Wrapper - Finished benchmark pass
KV Cache Wrapper - Finished benchmark pass
KV Cache Wrapper - Finished benchmark pass
KV Cache Wrapper - Finished benchmark pass
KV Cache Wrapper - Finished benchmark pass
KV Cache Wrapper - Finished benchmark pass
KV Cache Wrapper - Finished benchmark pass
KV Cache Wrapper - Finished benchmark pass
KV Cache Wrapper - Finished benchmark pass
KV Cache Wrapper - Finished benchmark pass
KV Cache Wrapper - Finished benchmark pass
KV Cache Wrapper - Finished benchmark pass
KV Cache Wrapper - Finished benchmark pass
KV Cache Wrapper - Finished benchmark pass
KV Cache Wrapper - Finished benchmark pass
KV Cache Wrapper - Finished benchmark pass
KV Cache Wrapper - Finished benchmark pass
KV Cache Wrapper - Finished benchmark pass
KV Cache Wrapper - Finished benchmark pass
KV Cache Wrapper - Finished benchmark pass
KV Cache Wrapper - Finished benchmark pass
KV Cache Wrapper - Finished benchmark pass
KV Cache Wrapper - Finished benchmark pass
KV Cache Wrapper - Finished benchmark pass
