KV Cache Wrapper - Start delay for 90 seconds
KV Cache Wrapper - Start delay for 90 seconds
KV Cache Wrapper - Start delay for 90 seconds
KV Cache Wrapper - Start delay for 90 seconds
KV Cache Wrapper - Start delay for 90 seconds
KV Cache Wrapper - Start delay for 90 seconds
KV Cache Wrapper - Start delay for 90 seconds
KV Cache Wrapper - Start delay for 90 seconds
KV Cache Wrapper - Start delay for 90 seconds
KV Cache Wrapper - Start delay for 90 seconds
KV Cache Wrapper - Start delay for 90 seconds
KV Cache Wrapper - Start delay for 90 seconds
KV Cache Wrapper - Start delay for 90 seconds
KV Cache Wrapper - Start delay for 90 seconds
KV Cache Wrapper - Start delay for 90 seconds
KV Cache Wrapper - Start delay for 90 seconds
KV Cache Wrapper - Start delay for 90 seconds
KV Cache Wrapper - Start delay for 90 seconds
KV Cache Wrapper - Start delay for 90 seconds
KV Cache Wrapper - Start delay for 90 seconds
KV Cache Wrapper - Start delay for 90 seconds
KV Cache Wrapper - Start delay for 90 seconds
KV Cache Wrapper - Start delay for 90 seconds
KV Cache Wrapper - Start delay for 90 seconds
KV Cache Wrapper - Start delay for 90 seconds
KV Cache Wrapper - Start delay for 90 seconds
KV Cache Wrapper - Start delay for 90 seconds
KV Cache Wrapper - Start delay for 90 seconds
KV Cache Wrapper - Start delay for 90 seconds
KV Cache Wrapper - Start delay for 90 seconds
KV Cache Wrapper - Starting benchmark pass...
KV Cache Wrapper - Starting benchmark pass...
KV Cache Wrapper - Starting benchmark pass...
KV Cache Wrapper - Starting benchmark pass...
KV Cache Wrapper - Starting benchmark pass...
KV Cache Wrapper - Starting benchmark pass...
KV Cache Wrapper - Starting benchmark pass...
KV Cache Wrapper - Starting benchmark pass...
KV Cache Wrapper - Starting benchmark pass...
KV Cache Wrapper - Starting benchmark pass...
KV Cache Wrapper - Starting benchmark pass...
KV Cache Wrapper - Starting benchmark pass...
KV Cache Wrapper - Starting benchmark pass...
KV Cache Wrapper - Starting benchmark pass...
KV Cache Wrapper - Starting benchmark pass...
KV Cache Wrapper - Starting benchmark pass...
KV Cache Wrapper - Starting benchmark pass...
KV Cache Wrapper - Starting benchmark pass...
KV Cache Wrapper - Starting benchmark pass...
KV Cache Wrapper - Starting benchmark pass...
KV Cache Wrapper - Starting benchmark pass...
KV Cache Wrapper - Starting benchmark pass...
KV Cache Wrapper - Starting benchmark pass...
KV Cache Wrapper - Starting benchmark pass...
KV Cache Wrapper - Starting benchmark pass...
KV Cache Wrapper - Starting benchmark pass...
KV Cache Wrapper - Starting benchmark pass...
KV Cache Wrapper - Starting benchmark pass...
KV Cache Wrapper - Starting benchmark pass...
KV Cache Wrapper - Starting benchmark pass...

Integrated Multi-User KV Cache Benchmark - MLPerf Edition
Model: Llama 3.1 8B
GPU Memory: 0 GB
Users: 100
Duration: 300s
Seed: 63
Generation Mode: none (0.0ms/token)
Features:
  - Phase-Aware Processing: Enabled
  - Multi-turn Conversations: Enabled
  - Prefix Caching: Enabled
  - RAG Workload: Disabled
  - Autoscaling: Disabled
  - QoS Support: Enabled (Interactive/Responsive/Batch)
  - Trace-Driven (BurstGPT): Disabled
  - ShareGPT Dataset: Disabled
  - Max Concurrent Allocations: 16 (bounds RAM usage)
================================================================================

User Context Length Distribution:
  Min: 662 tokens (82.75MiB)
  Max: 23766 tokens (2970.75MiB)
  Mean: 8761 tokens (1095.11MiB)

QoS Distribution:
  interactive: 17 users
  responsive: 31 users
  batch: 52 users

### MEMORY SAFETY CHECK ###
  Formula: peak = (workers x 2 x mean_entry_bytes) + baseline
         = (100 x 2 x 1000MiB) + 2.5GiB
         = 197.8GiB
  Available RAM: 605.0GiB
  Mean entry size: 1000MiB  (8000 tok x 131,072 B/tok)
  Peak per thread: 2000MiB  (np.load + np.array copy)
  Worker threads: 100
  Safe concurrent readers: ~308  = (available - baseline) / peak_per_thread
  Status: OK

Starting benchmark... Mode: standard (prefill+decode)
--------------------------------------------------------------------------------

Integrated Multi-User KV Cache Benchmark - MLPerf Edition
Model: Llama 3.1 8B
GPU Memory: 0 GB
Users: 100
Duration: 300s
Seed: 64
Generation Mode: none (0.0ms/token)
Features:
  - Phase-Aware Processing: Enabled
  - Multi-turn Conversations: Enabled
  - Prefix Caching: Enabled
  - RAG Workload: Disabled
  - Autoscaling: Disabled
  - QoS Support: Enabled (Interactive/Responsive/Batch)
  - Trace-Driven (BurstGPT): Disabled
  - ShareGPT Dataset: Disabled
  - Max Concurrent Allocations: 16 (bounds RAM usage)
================================================================================

User Context Length Distribution:
  Min: 691 tokens (86.38MiB)
  Max: 24945 tokens (3118.12MiB)
  Mean: 9821 tokens (1227.60MiB)

QoS Distribution:
  interactive: 24 users
  responsive: 34 users
  batch: 42 users

### MEMORY SAFETY CHECK ###
  Formula: peak = (workers x 2 x mean_entry_bytes) + baseline
         = (100 x 2 x 1000MiB) + 2.5GiB
         = 197.8GiB
  Available RAM: 597.8GiB
  Mean entry size: 1000MiB  (8000 tok x 131,072 B/tok)
  Peak per thread: 2000MiB  (np.load + np.array copy)
  Worker threads: 100
  Safe concurrent readers: ~304  = (available - baseline) / peak_per_thread
  Status: OK

Starting benchmark... Mode: standard (prefill+decode)
--------------------------------------------------------------------------------

Integrated Multi-User KV Cache Benchmark - MLPerf Edition
Model: Llama 3.1 8B
GPU Memory: 0 GB
Users: 100
Duration: 300s
Seed: 61
Generation Mode: none (0.0ms/token)
Features:
  - Phase-Aware Processing: Enabled
  - Multi-turn Conversations: Enabled
  - Prefix Caching: Enabled
  - RAG Workload: Disabled
  - Autoscaling: Disabled
  - QoS Support: Enabled (Interactive/Responsive/Batch)
  - Trace-Driven (BurstGPT): Disabled
  - ShareGPT Dataset: Disabled
  - Max Concurrent Allocations: 16 (bounds RAM usage)
================================================================================

User Context Length Distribution:
  Min: 541 tokens (67.62MiB)
  Max: 24932 tokens (3116.50MiB)
  Mean: 8947 tokens (1118.43MiB)

QoS Distribution:
  interactive: 9 users
  responsive: 41 users
  batch: 50 users

Integrated Multi-User KV Cache Benchmark - MLPerf Edition
Model: Llama 3.1 8B
GPU Memory: 0 GB
Users: 100
Duration: 300s
Seed: 49
Generation Mode: none (0.0ms/token)
Features:
  - Phase-Aware Processing: Enabled
  - Multi-turn Conversations: Enabled
  - Prefix Caching: Enabled
  - RAG Workload: Disabled
  - Autoscaling: Disabled
  - QoS Support: Enabled (Interactive/Responsive/Batch)
  - Trace-Driven (BurstGPT): Disabled
  - ShareGPT Dataset: Disabled
  - Max Concurrent Allocations: 16 (bounds RAM usage)
================================================================================

User Context Length Distribution:
  Min: 703 tokens (87.88MiB)
  Max: 22706 tokens (2838.25MiB)
  Mean: 8589 tokens (1073.65MiB)

QoS Distribution:
  interactive: 18 users
  responsive: 29 users
  batch: 53 users

### MEMORY SAFETY CHECK ###
  Formula: peak = (workers x 2 x mean_entry_bytes) + baseline
         = (100 x 2 x 1000MiB) + 2.5GiB
         = 197.8GiB
  Available RAM: 664.6GiB
  Mean entry size: 1000MiB  (8000 tok x 131,072 B/tok)
  Peak per thread: 2000MiB  (np.load + np.array copy)
  Worker threads: 100
  Safe concurrent readers: ~338  = (available - baseline) / peak_per_thread
  Status: OK

Starting benchmark... Mode: standard (prefill+decode)
--------------------------------------------------------------------------------

### MEMORY SAFETY CHECK ###
  Formula: peak = (workers x 2 x mean_entry_bytes) + baseline
         = (100 x 2 x 1000MiB) + 2.5GiB
         = 197.8GiB
  Available RAM: 598.7GiB
  Mean entry size: 1000MiB  (8000 tok x 131,072 B/tok)
  Peak per thread: 2000MiB  (np.load + np.array copy)
  Worker threads: 100
  Safe concurrent readers: ~305  = (available - baseline) / peak_per_thread
  Status: OK

Starting benchmark... Mode: standard (prefill+decode)
--------------------------------------------------------------------------------

Integrated Multi-User KV Cache Benchmark - MLPerf Edition
Model: Llama 3.1 8B
GPU Memory: 0 GB
Users: 100
Duration: 300s
Seed: 47
Generation Mode: none (0.0ms/token)
Features:
  - Phase-Aware Processing: Enabled
  - Multi-turn Conversations: Enabled
  - Prefix Caching: Enabled
  - RAG Workload: Disabled
  - Autoscaling: Disabled
  - QoS Support: Enabled (Interactive/Responsive/Batch)
  - Trace-Driven (BurstGPT): Disabled
  - ShareGPT Dataset: Disabled
  - Max Concurrent Allocations: 16 (bounds RAM usage)
================================================================================

User Context Length Distribution:
  Min: 620 tokens (77.50MiB)
  Max: 24732 tokens (3091.50MiB)
  Mean: 9567 tokens (1195.90MiB)

QoS Distribution:
  interactive: 17 users
  responsive: 22 users
  batch: 61 users

### MEMORY SAFETY CHECK ###
  Formula: peak = (workers x 2 x mean_entry_bytes) + baseline
         = (100 x 2 x 1000MiB) + 2.5GiB
         = 197.8GiB
  Available RAM: 598.7GiB
  Mean entry size: 1000MiB  (8000 tok x 131,072 B/tok)
  Peak per thread: 2000MiB  (np.load + np.array copy)
  Worker threads: 100
  Safe concurrent readers: ~305  = (available - baseline) / peak_per_thread
  Status: OK

Starting benchmark... Mode: standard (prefill+decode)
--------------------------------------------------------------------------------

Integrated Multi-User KV Cache Benchmark - MLPerf Edition
Model: Llama 3.1 8B
GPU Memory: 0 GB
Users: 100
Duration: 300s
Seed: 60
Generation Mode: none (0.0ms/token)
Features:
  - Phase-Aware Processing: Enabled
  - Multi-turn Conversations: Enabled
  - Prefix Caching: Enabled
  - RAG Workload: Disabled
  - Autoscaling: Disabled
  - QoS Support: Enabled (Interactive/Responsive/Batch)
  - Trace-Driven (BurstGPT): Disabled
  - ShareGPT Dataset: Disabled
  - Max Concurrent Allocations: 16 (bounds RAM usage)
================================================================================

User Context Length Distribution:
  Min: 549 tokens (68.62MiB)
  Max: 22968 tokens (2871.00MiB)
  Mean: 8699 tokens (1087.37MiB)

QoS Distribution:
  interactive: 16 users
  responsive: 36 users
  batch: 48 users

### MEMORY SAFETY CHECK ###
  Formula: peak = (workers x 2 x mean_entry_bytes) + baseline
         = (100 x 2 x 1000MiB) + 2.5GiB
         = 197.8GiB
  Available RAM: 619.9GiB
  Mean entry size: 1000MiB  (8000 tok x 131,072 B/tok)
  Peak per thread: 2000MiB  (np.load + np.array copy)
  Worker threads: 100
  Safe concurrent readers: ~316  = (available - baseline) / peak_per_thread
  Status: OK

Starting benchmark... Mode: standard (prefill+decode)
--------------------------------------------------------------------------------

Integrated Multi-User KV Cache Benchmark - MLPerf Edition
Model: Llama 3.1 8B
GPU Memory: 0 GB
Users: 100
Duration: 300s
Seed: 51
Generation Mode: none (0.0ms/token)
Features:
  - Phase-Aware Processing: Enabled
  - Multi-turn Conversations: Enabled
  - Prefix Caching: Enabled
  - RAG Workload: Disabled
  - Autoscaling: Disabled
  - QoS Support: Enabled (Interactive/Responsive/Batch)
  - Trace-Driven (BurstGPT): Disabled
  - ShareGPT Dataset: Disabled
  - Max Concurrent Allocations: 16 (bounds RAM usage)
================================================================================

User Context Length Distribution:
  Min: 628 tokens (78.50MiB)
  Max: 24634 tokens (3079.25MiB)
  Mean: 9634 tokens (1204.23MiB)

QoS Distribution:
  interactive: 15 users
  responsive: 31 users
  batch: 54 users

### MEMORY SAFETY CHECK ###
  Formula: peak = (workers x 2 x mean_entry_bytes) + baseline
         = (100 x 2 x 1000MiB) + 2.5GiB
         = 197.8GiB
  Available RAM: 298.2GiB
  Mean entry size: 1000MiB  (8000 tok x 131,072 B/tok)
  Peak per thread: 2000MiB  (np.load + np.array copy)
  Worker threads: 100
  Safe concurrent readers: ~151  = (available - baseline) / peak_per_thread
  Status: OK

Starting benchmark... Mode: standard (prefill+decode)
--------------------------------------------------------------------------------

Integrated Multi-User KV Cache Benchmark - MLPerf Edition
Model: Llama 3.1 8B
GPU Memory: 0 GB
Users: 100
Duration: 300s
Seed: 44
Generation Mode: none (0.0ms/token)
Features:
  - Phase-Aware Processing: Enabled
  - Multi-turn Conversations: Enabled
  - Prefix Caching: Enabled
  - RAG Workload: Disabled
  - Autoscaling: Disabled
  - QoS Support: Enabled (Interactive/Responsive/Batch)
  - Trace-Driven (BurstGPT): Disabled
  - ShareGPT Dataset: Disabled
  - Max Concurrent Allocations: 16 (bounds RAM usage)
================================================================================

User Context Length Distribution:
  Min: 539 tokens (67.38MiB)
  Max: 24951 tokens (3118.88MiB)
  Mean: 8921 tokens (1115.11MiB)

QoS Distribution:
  interactive: 20 users
  responsive: 33 users
  batch: 47 users

### MEMORY SAFETY CHECK ###
  Formula: peak = (workers x 2 x mean_entry_bytes) + baseline
         = (100 x 2 x 1000MiB) + 2.5GiB
         = 197.8GiB
  Available RAM: 605.6GiB
  Mean entry size: 1000MiB  (8000 tok x 131,072 B/tok)
  Peak per thread: 2000MiB  (np.load + np.array copy)
  Worker threads: 100
  Safe concurrent readers: ~308  = (available - baseline) / peak_per_thread
  Status: OK

Starting benchmark... Mode: standard (prefill+decode)
--------------------------------------------------------------------------------

Integrated Multi-User KV Cache Benchmark - MLPerf Edition
Model: Llama 3.1 8B
GPU Memory: 0 GB
Users: 100
Duration: 300s
Seed: 66
Generation Mode: none (0.0ms/token)
Features:
  - Phase-Aware Processing: Enabled
  - Multi-turn Conversations: Enabled
  - Prefix Caching: Enabled
  - RAG Workload: Disabled
  - Autoscaling: Disabled
  - QoS Support: Enabled (Interactive/Responsive/Batch)
  - Trace-Driven (BurstGPT): Disabled
  - ShareGPT Dataset: Disabled
  - Max Concurrent Allocations: 16 (bounds RAM usage)
================================================================================

User Context Length Distribution:
  Min: 578 tokens (72.25MiB)
  Max: 24479 tokens (3059.88MiB)
  Mean: 9065 tokens (1133.10MiB)

QoS Distribution:
  interactive: 11 users
  responsive: 35 users
  batch: 54 users

### MEMORY SAFETY CHECK ###
  Formula: peak = (workers x 2 x mean_entry_bytes) + baseline
         = (100 x 2 x 1000MiB) + 2.5GiB
         = 197.8GiB
  Available RAM: 297.7GiB
  Mean entry size: 1000MiB  (8000 tok x 131,072 B/tok)
  Peak per thread: 2000MiB  (np.load + np.array copy)
  Worker threads: 100
  Safe concurrent readers: ~151  = (available - baseline) / peak_per_thread
  Status: OK

Starting benchmark... Mode: standard (prefill+decode)
--------------------------------------------------------------------------------

Integrated Multi-User KV Cache Benchmark - MLPerf Edition
Model: Llama 3.1 8B
GPU Memory: 0 GB
Users: 100
Duration: 300s
Seed: 65
Generation Mode: none (0.0ms/token)
Features:
  - Phase-Aware Processing: Enabled
  - Multi-turn Conversations: Enabled
  - Prefix Caching: Enabled
  - RAG Workload: Disabled
  - Autoscaling: Disabled
  - QoS Support: Enabled (Interactive/Responsive/Batch)
  - Trace-Driven (BurstGPT): Disabled
  - ShareGPT Dataset: Disabled
  - Max Concurrent Allocations: 16 (bounds RAM usage)
================================================================================

User Context Length Distribution:
  Min: 689 tokens (86.12MiB)
  Max: 24738 tokens (3092.25MiB)
  Mean: 10467 tokens (1308.33MiB)

QoS Distribution:
  interactive: 14 users
  responsive: 36 users
  batch: 50 users

Integrated Multi-User KV Cache Benchmark - MLPerf Edition
Model: Llama 3.1 8B
GPU Memory: 0 GB
Users: 100
Duration: 300s
Seed: 42
Generation Mode: none (0.0ms/token)
Features:
  - Phase-Aware Processing: Enabled
  - Multi-turn Conversations: Enabled
  - Prefix Caching: Enabled
  - RAG Workload: Disabled
  - Autoscaling: Disabled
  - QoS Support: Enabled (Interactive/Responsive/Batch)
  - Trace-Driven (BurstGPT): Disabled
  - ShareGPT Dataset: Disabled
  - Max Concurrent Allocations: 16 (bounds RAM usage)
================================================================================

User Context Length Distribution:
  Min: 598 tokens (74.75MiB)
  Max: 22617 tokens (2827.12MiB)
  Mean: 8383 tokens (1047.88MiB)

QoS Distribution:
  interactive: 14 users
  responsive: 35 users
  batch: 51 users

### MEMORY SAFETY CHECK ###
  Formula: peak = (workers x 2 x mean_entry_bytes) + baseline
         = (100 x 2 x 1000MiB) + 2.5GiB
         = 197.8GiB
  Available RAM: 282.4GiB
  Mean entry size: 1000MiB  (8000 tok x 131,072 B/tok)
  Peak per thread: 2000MiB  (np.load + np.array copy)
  Worker threads: 100
  Safe concurrent readers: ~143  = (available - baseline) / peak_per_thread
  Status: OK

Starting benchmark... Mode: standard (prefill+decode)
--------------------------------------------------------------------------------

Integrated Multi-User KV Cache Benchmark - MLPerf Edition
Model: Llama 3.1 8B
GPU Memory: 0 GB
Users: 100
Duration: 300s
Seed: 53
Generation Mode: none (0.0ms/token)
Features:
  - Phase-Aware Processing: Enabled
  - Multi-turn Conversations: Enabled
  - Prefix Caching: Enabled
  - RAG Workload: Disabled
  - Autoscaling: Disabled
  - QoS Support: Enabled (Interactive/Responsive/Batch)
  - Trace-Driven (BurstGPT): Disabled
  - ShareGPT Dataset: Disabled
  - Max Concurrent Allocations: 16 (bounds RAM usage)
================================================================================

User Context Length Distribution:
  Min: 564 tokens (70.50MiB)
  Max: 24991 tokens (3123.88MiB)
  Mean: 9506 tokens (1188.23MiB)

QoS Distribution:
  interactive: 15 users
  responsive: 32 users
  batch: 53 users

### MEMORY SAFETY CHECK ###
  Formula: peak = (workers x 2 x mean_entry_bytes) + baseline
         = (100 x 2 x 1000MiB) + 2.5GiB
         = 197.8GiB
  Available RAM: 720.1GiB
  Mean entry size: 1000MiB  (8000 tok x 131,072 B/tok)
  Peak per thread: 2000MiB  (np.load + np.array copy)
  Worker threads: 100
  Safe concurrent readers: ~367  = (available - baseline) / peak_per_thread
  Status: OK

Starting benchmark... Mode: standard (prefill+decode)
--------------------------------------------------------------------------------

### MEMORY SAFETY CHECK ###
  Formula: peak = (workers x 2 x mean_entry_bytes) + baseline
         = (100 x 2 x 1000MiB) + 2.5GiB
         = 197.8GiB
  Available RAM: 279.9GiB
  Mean entry size: 1000MiB  (8000 tok x 131,072 B/tok)
  Peak per thread: 2000MiB  (np.load + np.array copy)
  Worker threads: 100
  Safe concurrent readers: ~142  = (available - baseline) / peak_per_thread
  Status: OK

Starting benchmark... Mode: standard (prefill+decode)
--------------------------------------------------------------------------------

Integrated Multi-User KV Cache Benchmark - MLPerf Edition
Model: Llama 3.1 8B
GPU Memory: 0 GB
Users: 100
Duration: 300s
Seed: 71
Generation Mode: none (0.0ms/token)
Features:
  - Phase-Aware Processing: Enabled
  - Multi-turn Conversations: Enabled
  - Prefix Caching: Enabled
  - RAG Workload: Disabled
  - Autoscaling: Disabled
  - QoS Support: Enabled (Interactive/Responsive/Batch)
  - Trace-Driven (BurstGPT): Disabled
  - ShareGPT Dataset: Disabled
  - Max Concurrent Allocations: 16 (bounds RAM usage)
================================================================================

User Context Length Distribution:
  Min: 549 tokens (68.62MiB)
  Max: 24630 tokens (3078.75MiB)
  Mean: 9420 tokens (1177.53MiB)

QoS Distribution:
  interactive: 16 users
  responsive: 31 users
  batch: 53 users

### MEMORY SAFETY CHECK ###
  Formula: peak = (workers x 2 x mean_entry_bytes) + baseline
         = (100 x 2 x 1000MiB) + 2.5GiB
         = 197.8GiB
  Available RAM: 327.6GiB
  Mean entry size: 1000MiB  (8000 tok x 131,072 B/tok)
  Peak per thread: 2000MiB  (np.load + np.array copy)
  Worker threads: 100
  Safe concurrent readers: ~166  = (available - baseline) / peak_per_thread
  Status: OK

Starting benchmark... Mode: standard (prefill+decode)
--------------------------------------------------------------------------------

Integrated Multi-User KV Cache Benchmark - MLPerf Edition
Model: Llama 3.1 8B
GPU Memory: 0 GB
Users: 100
Duration: 300s
Seed: 48
Generation Mode: none (0.0ms/token)
Features:
  - Phase-Aware Processing: Enabled
  - Multi-turn Conversations: Enabled
  - Prefix Caching: Enabled
  - RAG Workload: Disabled
  - Autoscaling: Disabled
  - QoS Support: Enabled (Interactive/Responsive/Batch)
  - Trace-Driven (BurstGPT): Disabled
  - ShareGPT Dataset: Disabled
  - Max Concurrent Allocations: 16 (bounds RAM usage)
================================================================================

User Context Length Distribution:
  Min: 538 tokens (67.25MiB)
  Max: 24816 tokens (3102.00MiB)
  Mean: 8587 tokens (1073.40MiB)

QoS Distribution:
  interactive: 22 users
  responsive: 29 users
  batch: 49 users

### MEMORY SAFETY CHECK ###
  Formula: peak = (workers x 2 x mean_entry_bytes) + baseline
         = (100 x 2 x 1000MiB) + 2.5GiB
         = 197.8GiB
  Available RAM: 592.0GiB
  Mean entry size: 1000MiB  (8000 tok x 131,072 B/tok)
  Peak per thread: 2000MiB  (np.load + np.array copy)
  Worker threads: 100
  Safe concurrent readers: ~301  = (available - baseline) / peak_per_thread
  Status: OK

Starting benchmark... Mode: standard (prefill+decode)
--------------------------------------------------------------------------------

Integrated Multi-User KV Cache Benchmark - MLPerf Edition
Model: Llama 3.1 8B
GPU Memory: 0 GB
Users: 100
Duration: 300s
Seed: 68
Generation Mode: none (0.0ms/token)
Features:
  - Phase-Aware Processing: Enabled
  - Multi-turn Conversations: Enabled
  - Prefix Caching: Enabled
  - RAG Workload: Disabled
  - Autoscaling: Disabled
  - QoS Support: Enabled (Interactive/Responsive/Batch)
  - Trace-Driven (BurstGPT): Disabled
  - ShareGPT Dataset: Disabled
  - Max Concurrent Allocations: 16 (bounds RAM usage)
================================================================================

User Context Length Distribution:
  Min: 539 tokens (67.38MiB)
  Max: 24518 tokens (3064.75MiB)
  Mean: 8689 tokens (1086.17MiB)

QoS Distribution:
  interactive: 17 users
  responsive: 42 users
  batch: 41 users

Integrated Multi-User KV Cache Benchmark - MLPerf Edition
Model: Llama 3.1 8B
GPU Memory: 0 GB
Users: 100
Duration: 300s
Seed: 57
Generation Mode: none (0.0ms/token)
Features:
  - Phase-Aware Processing: Enabled
  - Multi-turn Conversations: Enabled
  - Prefix Caching: Enabled
  - RAG Workload: Disabled
  - Autoscaling: Disabled
  - QoS Support: Enabled (Interactive/Responsive/Batch)
  - Trace-Driven (BurstGPT): Disabled
  - ShareGPT Dataset: Disabled
  - Max Concurrent Allocations: 16 (bounds RAM usage)
================================================================================

User Context Length Distribution:
  Min: 564 tokens (70.50MiB)
  Max: 24106 tokens (3013.25MiB)
  Mean: 8754 tokens (1094.28MiB)

QoS Distribution:
  interactive: 14 users
  responsive: 31 users
  batch: 55 users

### MEMORY SAFETY CHECK ###
  Formula: peak = (workers x 2 x mean_entry_bytes) + baseline
         = (100 x 2 x 1000MiB) + 2.5GiB
         = 197.8GiB
  Available RAM: 280.0GiB
  Mean entry size: 1000MiB  (8000 tok x 131,072 B/tok)
  Peak per thread: 2000MiB  (np.load + np.array copy)
  Worker threads: 100
  Safe concurrent readers: ~142  = (available - baseline) / peak_per_thread
  Status: OK

Starting benchmark... Mode: standard (prefill+decode)
--------------------------------------------------------------------------------

### MEMORY SAFETY CHECK ###
  Formula: peak = (workers x 2 x mean_entry_bytes) + baseline
         = (100 x 2 x 1000MiB) + 2.5GiB
         = 197.8GiB
  Available RAM: 720.1GiB
  Mean entry size: 1000MiB  (8000 tok x 131,072 B/tok)
  Peak per thread: 2000MiB  (np.load + np.array copy)
  Worker threads: 100
  Safe concurrent readers: ~367  = (available - baseline) / peak_per_thread
  Status: OK

Starting benchmark... Mode: standard (prefill+decode)
--------------------------------------------------------------------------------

Integrated Multi-User KV Cache Benchmark - MLPerf Edition
Model: Llama 3.1 8B
GPU Memory: 0 GB
Users: 100
Duration: 300s
Seed: 56
Generation Mode: none (0.0ms/token)
Features:
  - Phase-Aware Processing: Enabled
  - Multi-turn Conversations: Enabled
  - Prefix Caching: Enabled
  - RAG Workload: Disabled
  - Autoscaling: Disabled
  - QoS Support: Enabled (Interactive/Responsive/Batch)
  - Trace-Driven (BurstGPT): Disabled
  - ShareGPT Dataset: Disabled
  - Max Concurrent Allocations: 16 (bounds RAM usage)
================================================================================

User Context Length Distribution:
  Min: 529 tokens (66.12MiB)
  Max: 24356 tokens (3044.50MiB)
  Mean: 8801 tokens (1100.09MiB)

QoS Distribution:
  interactive: 14 users
  responsive: 29 users
  batch: 57 users

### MEMORY SAFETY CHECK ###
  Formula: peak = (workers x 2 x mean_entry_bytes) + baseline
         = (100 x 2 x 1000MiB) + 2.5GiB
         = 197.8GiB
  Available RAM: 324.4GiB
  Mean entry size: 1000MiB  (8000 tok x 131,072 B/tok)
  Peak per thread: 2000MiB  (np.load + np.array copy)
  Worker threads: 100
  Safe concurrent readers: ~164  = (available - baseline) / peak_per_thread
  Status: OK

Starting benchmark... Mode: standard (prefill+decode)
--------------------------------------------------------------------------------

Integrated Multi-User KV Cache Benchmark - MLPerf Edition
Model: Llama 3.1 8B
GPU Memory: 0 GB
Users: 100
Duration: 300s
Seed: 58
Generation Mode: none (0.0ms/token)
Features:
  - Phase-Aware Processing: Enabled
  - Multi-turn Conversations: Enabled
  - Prefix Caching: Enabled
  - RAG Workload: Disabled
  - Autoscaling: Disabled
  - QoS Support: Enabled (Interactive/Responsive/Batch)
  - Trace-Driven (BurstGPT): Disabled
  - ShareGPT Dataset: Disabled
  - Max Concurrent Allocations: 16 (bounds RAM usage)
================================================================================

User Context Length Distribution:
  Min: 666 tokens (83.25MiB)
  Max: 24790 tokens (3098.75MiB)
  Mean: 9012 tokens (1126.49MiB)

QoS Distribution:
  interactive: 13 users
  responsive: 36 users
  batch: 51 users

### MEMORY SAFETY CHECK ###
  Formula: peak = (workers x 2 x mean_entry_bytes) + baseline
         = (100 x 2 x 1000MiB) + 2.5GiB
         = 197.8GiB
  Available RAM: 478.5GiB
  Mean entry size: 1000MiB  (8000 tok x 131,072 B/tok)
  Peak per thread: 2000MiB  (np.load + np.array copy)
  Worker threads: 100
  Safe concurrent readers: ~243  = (available - baseline) / peak_per_thread
  Status: OK

Starting benchmark... Mode: standard (prefill+decode)
--------------------------------------------------------------------------------

Integrated Multi-User KV Cache Benchmark - MLPerf Edition
Model: Llama 3.1 8B
GPU Memory: 0 GB
Users: 100
Duration: 300s
Seed: 62
Generation Mode: none (0.0ms/token)
Features:
  - Phase-Aware Processing: Enabled
  - Multi-turn Conversations: Enabled
  - Prefix Caching: Enabled
  - RAG Workload: Disabled
  - Autoscaling: Disabled
  - QoS Support: Enabled (Interactive/Responsive/Batch)
  - Trace-Driven (BurstGPT): Disabled
  - ShareGPT Dataset: Disabled
  - Max Concurrent Allocations: 16 (bounds RAM usage)
================================================================================

User Context Length Distribution:
  Min: 781 tokens (97.62MiB)
  Max: 24210 tokens (3026.25MiB)
  Mean: 9688 tokens (1210.97MiB)

QoS Distribution:
  interactive: 16 users
  responsive: 39 users
  batch: 45 users

### MEMORY SAFETY CHECK ###
  Formula: peak = (workers x 2 x mean_entry_bytes) + baseline
         = (100 x 2 x 1000MiB) + 2.5GiB
         = 197.8GiB
  Available RAM: 586.7GiB
  Mean entry size: 1000MiB  (8000 tok x 131,072 B/tok)
  Peak per thread: 2000MiB  (np.load + np.array copy)
  Worker threads: 100
  Safe concurrent readers: ~299  = (available - baseline) / peak_per_thread
  Status: OK

Starting benchmark... Mode: standard (prefill+decode)
--------------------------------------------------------------------------------

Integrated Multi-User KV Cache Benchmark - MLPerf Edition
Model: Llama 3.1 8B
GPU Memory: 0 GB
Users: 100
Duration: 300s
Seed: 50
Generation Mode: none (0.0ms/token)
Features:
  - Phase-Aware Processing: Enabled
  - Multi-turn Conversations: Enabled
  - Prefix Caching: Enabled
  - RAG Workload: Disabled
  - Autoscaling: Disabled
  - QoS Support: Enabled (Interactive/Responsive/Batch)
  - Trace-Driven (BurstGPT): Disabled
  - ShareGPT Dataset: Disabled
  - Max Concurrent Allocations: 16 (bounds RAM usage)
================================================================================

User Context Length Distribution:
  Min: 520 tokens (65.00MiB)
  Max: 24431 tokens (3053.88MiB)
  Mean: 8794 tokens (1099.19MiB)

QoS Distribution:
  interactive: 11 users
  responsive: 32 users
  batch: 57 users

Integrated Multi-User KV Cache Benchmark - MLPerf Edition
Model: Llama 3.1 8B
GPU Memory: 0 GB
Users: 100
Duration: 300s
Seed: 69
Generation Mode: none (0.0ms/token)
Features:
  - Phase-Aware Processing: Enabled
  - Multi-turn Conversations: Enabled
  - Prefix Caching: Enabled
  - RAG Workload: Disabled
  - Autoscaling: Disabled
  - QoS Support: Enabled (Interactive/Responsive/Batch)
  - Trace-Driven (BurstGPT): Disabled
  - ShareGPT Dataset: Disabled
  - Max Concurrent Allocations: 16 (bounds RAM usage)
================================================================================

User Context Length Distribution:
  Min: 913 tokens (114.12MiB)
  Max: 22547 tokens (2818.38MiB)
  Mean: 8281 tokens (1035.09MiB)

QoS Distribution:
  interactive: 14 users
  responsive: 35 users
  batch: 51 users

### MEMORY SAFETY CHECK ###
  Formula: peak = (workers x 2 x mean_entry_bytes) + baseline
         = (100 x 2 x 1000MiB) + 2.5GiB
         = 197.8GiB
  Available RAM: 273.9GiB
  Mean entry size: 1000MiB  (8000 tok x 131,072 B/tok)
  Peak per thread: 2000MiB  (np.load + np.array copy)
  Worker threads: 100
  Safe concurrent readers: ~138  = (available - baseline) / peak_per_thread
  Status: OK

Starting benchmark... Mode: standard (prefill+decode)
--------------------------------------------------------------------------------

Integrated Multi-User KV Cache Benchmark - MLPerf Edition
Model: Llama 3.1 8B
GPU Memory: 0 GB
Users: 100
Duration: 300s
Seed: 70
Generation Mode: none (0.0ms/token)
Features:
  - Phase-Aware Processing: Enabled
  - Multi-turn Conversations: Enabled
  - Prefix Caching: Enabled
  - RAG Workload: Disabled
  - Autoscaling: Disabled
  - QoS Support: Enabled (Interactive/Responsive/Batch)
  - Trace-Driven (BurstGPT): Disabled
  - ShareGPT Dataset: Disabled
  - Max Concurrent Allocations: 16 (bounds RAM usage)
================================================================================

User Context Length Distribution:
  Min: 636 tokens (79.50MiB)
  Max: 22949 tokens (2868.62MiB)
  Mean: 8181 tokens (1022.63MiB)

QoS Distribution:

### MEMORY SAFETY CHECK ###
  Formula: peak = (workers x 2 x mean_entry_bytes) + baseline
         = (100 x 2 x 1000MiB) + 2.5GiB
         = 197.8GiB
  Available RAM: 302.2GiB
  Mean entry size: 1000MiB  (8000 tok x 131,072 B/tok)
  Peak per thread: 2000MiB  (np.load + np.array copy)
  Worker threads: 100
  Safe concurrent readers: ~153  = (available - baseline) / peak_per_thread
  Status: OK

Starting benchmark... Mode: standard (prefill+decode)
--------------------------------------------------------------------------------
  interactive: 16 users
  responsive: 35 users
  batch: 49 users

### MEMORY SAFETY CHECK ###
  Formula: peak = (workers x 2 x mean_entry_bytes) + baseline
         = (100 x 2 x 1000MiB) + 2.5GiB
         = 197.8GiB
  Available RAM: 270.9GiB
  Mean entry size: 1000MiB  (8000 tok x 131,072 B/tok)
  Peak per thread: 2000MiB  (np.load + np.array copy)
  Worker threads: 100
  Safe concurrent readers: ~137  = (available - baseline) / peak_per_thread
  Status: OK

Starting benchmark... Mode: standard (prefill+decode)
--------------------------------------------------------------------------------

Integrated Multi-User KV Cache Benchmark - MLPerf Edition
Model: Llama 3.1 8B
GPU Memory: 0 GB
Users: 100
Duration: 300s
Seed: 54
Generation Mode: none (0.0ms/token)
Features:
  - Phase-Aware Processing: Enabled
  - Multi-turn Conversations: Enabled
  - Prefix Caching: Enabled
  - RAG Workload: Disabled
  - Autoscaling: Disabled
  - QoS Support: Enabled (Interactive/Responsive/Batch)
  - Trace-Driven (BurstGPT): Disabled
  - ShareGPT Dataset: Disabled
  - Max Concurrent Allocations: 16 (bounds RAM usage)
================================================================================

User Context Length Distribution:
  Min: 538 tokens (67.25MiB)
  Max: 24796 tokens (3099.50MiB)
  Mean: 9787 tokens (1223.32MiB)

QoS Distribution:
  interactive: 12 users
  responsive: 34 users
  batch: 54 users

### MEMORY SAFETY CHECK ###
  Formula: peak = (workers x 2 x mean_entry_bytes) + baseline
         = (100 x 2 x 1000MiB) + 2.5GiB
         = 197.8GiB
  Available RAM: 302.9GiB
  Mean entry size: 1000MiB  (8000 tok x 131,072 B/tok)
  Peak per thread: 2000MiB  (np.load + np.array copy)
  Worker threads: 100
  Safe concurrent readers: ~153  = (available - baseline) / peak_per_thread
  Status: OK

Starting benchmark... Mode: standard (prefill+decode)
--------------------------------------------------------------------------------

Integrated Multi-User KV Cache Benchmark - MLPerf Edition
Model: Llama 3.1 8B
GPU Memory: 0 GB
Users: 100
Duration: 300s
Seed: 59
Generation Mode: none (0.0ms/token)
Features:
  - Phase-Aware Processing: Enabled
  - Multi-turn Conversations: Enabled
  - Prefix Caching: Enabled
  - RAG Workload: Disabled
  - Autoscaling: Disabled
  - QoS Support: Enabled (Interactive/Responsive/Batch)
  - Trace-Driven (BurstGPT): Disabled
  - ShareGPT Dataset: Disabled
  - Max Concurrent Allocations: 16 (bounds RAM usage)
================================================================================

User Context Length Distribution:
  Min: 700 tokens (87.50MiB)
  Max: 24962 tokens (3120.25MiB)
  Mean: 9773 tokens (1221.65MiB)

QoS Distribution:
  interactive: 13 users
  responsive: 48 users
  batch: 39 users

### MEMORY SAFETY CHECK ###
  Formula: peak = (workers x 2 x mean_entry_bytes) + baseline
         = (100 x 2 x 1000MiB) + 2.5GiB
         = 197.8GiB
  Available RAM: 586.0GiB
  Mean entry size: 1000MiB  (8000 tok x 131,072 B/tok)
  Peak per thread: 2000MiB  (np.load + np.array copy)
  Worker threads: 100
  Safe concurrent readers: ~298  = (available - baseline) / peak_per_thread
  Status: OK

Starting benchmark... Mode: standard (prefill+decode)
--------------------------------------------------------------------------------

Integrated Multi-User KV Cache Benchmark - MLPerf Edition
Model: Llama 3.1 8B
GPU Memory: 0 GB
Users: 100
Duration: 300s
Seed: 55
Generation Mode: none (0.0ms/token)
Features:
  - Phase-Aware Processing: Enabled
  - Multi-turn Conversations: Enabled
  - Prefix Caching: Enabled
  - RAG Workload: Disabled
  - Autoscaling: Disabled
  - QoS Support: Enabled (Interactive/Responsive/Batch)
  - Trace-Driven (BurstGPT): Disabled
  - ShareGPT Dataset: Disabled
  - Max Concurrent Allocations: 16 (bounds RAM usage)
================================================================================

User Context Length Distribution:
  Min: 543 tokens (67.88MiB)
  Max: 24654 tokens (3081.75MiB)
  Mean: 9535 tokens (1191.87MiB)

QoS Distribution:
  interactive: 12 users
  responsive: 35 users
  batch: 53 users

### MEMORY SAFETY CHECK ###
  Formula: peak = (workers x 2 x mean_entry_bytes) + baseline
         = (100 x 2 x 1000MiB) + 2.5GiB
         = 197.8GiB
  Available RAM: 259.9GiB
  Mean entry size: 1000MiB  (8000 tok x 131,072 B/tok)
  Peak per thread: 2000MiB  (np.load + np.array copy)
  Worker threads: 100
  Safe concurrent readers: ~131  = (available - baseline) / peak_per_thread
  Status: OK

Starting benchmark... Mode: standard (prefill+decode)
--------------------------------------------------------------------------------

Integrated Multi-User KV Cache Benchmark - MLPerf Edition
Model: Llama 3.1 8B
GPU Memory: 0 GB
Users: 100
Duration: 300s
Seed: 46
Generation Mode: none (0.0ms/token)
Features:
  - Phase-Aware Processing: Enabled
  - Multi-turn Conversations: Enabled
  - Prefix Caching: Enabled
  - RAG Workload: Disabled
  - Autoscaling: Disabled
  - QoS Support: Enabled (Interactive/Responsive/Batch)
  - Trace-Driven (BurstGPT): Disabled
  - ShareGPT Dataset: Disabled
  - Max Concurrent Allocations: 16 (bounds RAM usage)
================================================================================

User Context Length Distribution:
  Min: 664 tokens (83.00MiB)
  Max: 24536 tokens (3067.00MiB)
  Mean: 7931 tokens (991.34MiB)

QoS Distribution:
  interactive: 8 users
  responsive: 38 users
  batch: 54 users

### MEMORY SAFETY CHECK ###
  Formula: peak = (workers x 2 x mean_entry_bytes) + baseline
         = (100 x 2 x 1000MiB) + 2.5GiB
         = 197.8GiB
  Available RAM: 644.3GiB
  Mean entry size: 1000MiB  (8000 tok x 131,072 B/tok)
  Peak per thread: 2000MiB  (np.load + np.array copy)
  Worker threads: 100
  Safe concurrent readers: ~328  = (available - baseline) / peak_per_thread
  Status: OK

Starting benchmark... Mode: standard (prefill+decode)
--------------------------------------------------------------------------------

Integrated Multi-User KV Cache Benchmark - MLPerf Edition
Model: Llama 3.1 8B
GPU Memory: 0 GB
Users: 100
Duration: 300s
Seed: 52
Generation Mode: none (0.0ms/token)
Features:
  - Phase-Aware Processing: Enabled
  - Multi-turn Conversations: Enabled
  - Prefix Caching: Enabled
  - RAG Workload: Disabled
  - Autoscaling: Disabled
  - QoS Support: Enabled (Interactive/Responsive/Batch)
  - Trace-Driven (BurstGPT): Disabled
  - ShareGPT Dataset: Disabled
  - Max Concurrent Allocations: 16 (bounds RAM usage)
================================================================================

User Context Length Distribution:
  Min: 788 tokens (98.50MiB)
  Max: 23313 tokens (2914.12MiB)
  Mean: 7708 tokens (963.48MiB)

QoS Distribution:
  interactive: 18 users
  responsive: 29 users
  batch: 53 users

### MEMORY SAFETY CHECK ###
  Formula: peak = (workers x 2 x mean_entry_bytes) + baseline
         = (100 x 2 x 1000MiB) + 2.5GiB
         = 197.8GiB
  Available RAM: 324.7GiB
  Mean entry size: 1000MiB  (8000 tok x 131,072 B/tok)
  Peak per thread: 2000MiB  (np.load + np.array copy)
  Worker threads: 100
  Safe concurrent readers: ~164  = (available - baseline) / peak_per_thread
  Status: OK

Starting benchmark... Mode: standard (prefill+decode)
--------------------------------------------------------------------------------

Integrated Multi-User KV Cache Benchmark - MLPerf Edition
Model: Llama 3.1 8B
GPU Memory: 0 GB
Users: 100
Duration: 300s
Seed: 67
Generation Mode: none (0.0ms/token)
Features:
  - Phase-Aware Processing: Enabled
  - Multi-turn Conversations: Enabled
  - Prefix Caching: Enabled
  - RAG Workload: Disabled
  - Autoscaling: Disabled
  - QoS Support: Enabled (Interactive/Responsive/Batch)
  - Trace-Driven (BurstGPT): Disabled
  - ShareGPT Dataset: Disabled
  - Max Concurrent Allocations: 16 (bounds RAM usage)
================================================================================

User Context Length Distribution:
  Min: 518 tokens (64.75MiB)
  Max: 22754 tokens (2844.25MiB)
  Mean: 8624 tokens (1077.97MiB)

QoS Distribution:
  interactive: 16 users
  responsive: 39 users
  batch: 45 users

### MEMORY SAFETY CHECK ###
  Formula: peak = (workers x 2 x mean_entry_bytes) + baseline
         = (100 x 2 x 1000MiB) + 2.5GiB
         = 197.8GiB
  Available RAM: 325.5GiB
  Mean entry size: 1000MiB  (8000 tok x 131,072 B/tok)
  Peak per thread: 2000MiB  (np.load + np.array copy)
  Worker threads: 100
  Safe concurrent readers: ~165  = (available - baseline) / peak_per_thread
  Status: OK

Starting benchmark... Mode: standard (prefill+decode)
--------------------------------------------------------------------------------

Integrated Multi-User KV Cache Benchmark - MLPerf Edition
Model: Llama 3.1 8B
GPU Memory: 0 GB
Users: 100
Duration: 300s
Seed: 45
Generation Mode: none (0.0ms/token)
Features:
  - Phase-Aware Processing: Enabled
  - Multi-turn Conversations: Enabled
  - Prefix Caching: Enabled
  - RAG Workload: Disabled
  - Autoscaling: Disabled
  - QoS Support: Enabled (Interactive/Responsive/Batch)
  - Trace-Driven (BurstGPT): Disabled
  - ShareGPT Dataset: Disabled
  - Max Concurrent Allocations: 16 (bounds RAM usage)
================================================================================

User Context Length Distribution:
  Min: 557 tokens (69.62MiB)
  Max: 22928 tokens (2866.00MiB)
  Mean: 9596 tokens (1199.56MiB)

QoS Distribution:
  interactive: 10 users
  responsive: 29 users
  batch: 61 users

### MEMORY SAFETY CHECK ###
  Formula: peak = (workers x 2 x mean_entry_bytes) + baseline
         = (100 x 2 x 1000MiB) + 2.5GiB
         = 197.8GiB
  Available RAM: 599.7GiB
  Mean entry size: 1000MiB  (8000 tok x 131,072 B/tok)
  Peak per thread: 2000MiB  (np.load + np.array copy)
  Worker threads: 100
  Safe concurrent readers: ~305  = (available - baseline) / peak_per_thread
  Status: OK

Starting benchmark... Mode: standard (prefill+decode)
--------------------------------------------------------------------------------

Integrated Multi-User KV Cache Benchmark - MLPerf Edition
Model: Llama 3.1 8B
GPU Memory: 0 GB
Users: 100
Duration: 300s
Seed: 43
Generation Mode: none (0.0ms/token)
Features:
  - Phase-Aware Processing: Enabled
  - Multi-turn Conversations: Enabled
  - Prefix Caching: Enabled
  - RAG Workload: Disabled
  - Autoscaling: Disabled
  - QoS Support: Enabled (Interactive/Responsive/Batch)
  - Trace-Driven (BurstGPT): Disabled
  - ShareGPT Dataset: Disabled
  - Max Concurrent Allocations: 16 (bounds RAM usage)
================================================================================

User Context Length Distribution:
  Min: 554 tokens (69.25MiB)
  Max: 24695 tokens (3086.88MiB)
  Mean: 8241 tokens (1030.07MiB)

QoS Distribution:
  interactive: 16 users
  responsive: 40 users
  batch: 44 users

### MEMORY SAFETY CHECK ###
  Formula: peak = (workers x 2 x mean_entry_bytes) + baseline
         = (100 x 2 x 1000MiB) + 2.5GiB
         = 197.8GiB
  Available RAM: 457.8GiB
  Mean entry size: 1000MiB  (8000 tok x 131,072 B/tok)
  Peak per thread: 2000MiB  (np.load + np.array copy)
  Worker threads: 100
  Safe concurrent readers: ~233  = (available - baseline) / peak_per_thread
  Status: OK

Starting benchmark... Mode: standard (prefill+decode)
--------------------------------------------------------------------------------

================================================================================
BENCHMARK RESULTS - MLPerf KV Cache Storage Benchmark
Generation Mode: none (0.0ms/token)
================================================================================

IMPORTANT: All storage latencies below are measured per KV cache BLOCK,
not per token or per disk page.  Each block holds the full KV state for
one request (all layers, all heads, full sequence length).
  Model KV bytes/token: 131,072 bytes (128.0KiB)
  Entries in cache: 1341
  Block size min:   17.4MiB
  Block size mean:  317.4MiB
  Block size P95:   968.6MiB
  Block size max:   2092.5MiB
  A 200MiB block at 1GiB/s NVMe read = ~200 ms device latency.
  Compare latencies against block sizes, not against 4KiB page I/O.


### OVERALL PERFORMANCE ###
Requests Completed: 1341
Total Tokens Generated: 141471
Throughput (wall-clock): 471.57 tokens/sec
Throughput (storage I/O): 361.97 tokens/sec
Requests/sec: 4.47

### END-TO-END LATENCY (Queue Wait + Storage I/O + Generation) ###
  Mean: 167376.17 ms
  P50:  169344.93 ms
  P95:  270168.45 ms
  P99:  282277.34 ms

### PER-REQUEST STORAGE LATENCY (All I/O ops for one request) ###
  Mean: 291.45 ms
  P50:  122.94 ms
  P95:  955.13 ms
  P99:  2837.95 ms
  (= 1 prefill write + N decode reads per request)

### STORAGE PERFORMANCE ###
  Cache Hit Rate: 91.4%
  Total Read: 2358.35GiB
  Total Write: 418.37GiB
  Read/Write Ratio: 5.64
  Storage KV Read Operations/sec: 21.06
  Storage KV Write Operations/sec: 4.48

### CACHE TIER DISTRIBUTION ###
  GPU Entries: 0 (0.00GiB)
  CPU Entries: 2 (3.19GiB)
  Storage Entries: 1339

### TIER-SPECIFIC KV BYTES ###
  CPU KV Bytes Written: 403.92GiB
  CPU KV Bytes Read: 2753.33GiB
  Storage KV Bytes Written: 412.48GiB
  Storage KV Bytes Read: 5.75GiB

### STORAGE KV BANDWIDTH ###
  CPU KV Read Bandwidth: 9.18GiB/s
  CPU KV Write Bandwidth: 1.35GiB/s
  Storage KV Read Bandwidth: 0.02GiB/s
  Storage KV Write Bandwidth: 1.37GiB/s

### TIER-SPECIFIC LATENCIES (Total = Host + Device) ###
  CPU Read P95 (Total): 93.05 ms
  CPU Write P95 (Total): 104.37 ms
  Storage Read P95 (Total): 1392.68 ms
  Storage Write P95 (Total): 1316.33 ms

### STORAGE TIER LATENCY BREAKDOWN (Device = Disk I/O, Host = Serialization) ###
  Storage Read:
    - Device P95 (Disk I/O): 612.86 ms
    - Host P95 (Serialization): 572.37 ms
    - Total P95: 1392.68 ms
  Storage Write:
    - Device P95 (Disk I/O): 0.01 ms
    - Host P95 (Serialization): 1316.32 ms
    - Total P95: 1316.33 ms

### CACHE TYPE BREAKDOWNS ###
  System Prompt Hits: 1305
  Common Phrase Hits: 0
  User Cache Hits: 4964
  Multi-turn Hits: 50

### PREFIX CACHING ###
  Prefix Hits: 288
  Prefix Misses: 1055
  System Prompt Reuse: 288
  Bytes Saved: 0.24GiB

### MULTI-TURN CONVERSATIONS ###
  Multi-turn Cache Hits: 50
  Multi-turn Cache Misses: 303
  Multi-turn Hit Rate: 14.2%

### QOS LATENCY METRICS (Informational - includes simulated generation) ###

  INTERACTIVE:
    Requests: 1239
    Latency P95: 270172.15 ms
    Latency P99: 279477.16 ms
    SLA Met: [X] (compliance: 0.0%)

  RESPONSIVE:
    Requests: 39
    Latency P95: 286016.76 ms
    Latency P99: 288687.72 ms
    SLA Met: [X] (compliance: 0.0%)

  BATCH:
    Requests: 63
    Latency P95: 86628.44 ms
    Latency P99: 168479.97 ms
    SLA Met: [X] (compliance: 27.0%)

================================================================================
NOTES:
  - Pure storage I/O benchmark (no generation simulation)
================================================================================
KV Cache Wrapper - End delay for 90 seconds

================================================================================
BENCHMARK RESULTS - MLPerf KV Cache Storage Benchmark
Generation Mode: none (0.0ms/token)
================================================================================

IMPORTANT: All storage latencies below are measured per KV cache BLOCK,
not per token or per disk page.  Each block holds the full KV state for
one request (all layers, all heads, full sequence length).
  Model KV bytes/token: 131,072 bytes (128.0KiB)
  Entries in cache: 1253
  Block size min:   27.0MiB
  Block size mean:  469.8MiB
  Block size P95:   1173.9MiB
  Block size max:   2076.2MiB
  A 200MiB block at 1GiB/s NVMe read = ~200 ms device latency.
  Compare latencies against block sizes, not against 4KiB page I/O.


### OVERALL PERFORMANCE ###
Requests Completed: 1249
Total Tokens Generated: 242622
Throughput (wall-clock): 808.74 tokens/sec
Throughput (storage I/O): 379.93 tokens/sec
Requests/sec: 4.16

### END-TO-END LATENCY (Queue Wait + Storage I/O + Generation) ###
  Mean: 129465.92 ms
  P50:  127656.38 ms
  P95:  246960.48 ms
  P99:  259412.40 ms

### PER-REQUEST STORAGE LATENCY (All I/O ops for one request) ###
  Mean: 511.29 ms
  P50:  284.06 ms
  P95:  1519.10 ms
  P99:  3214.56 ms
  (= 1 prefill write + N decode reads per request)

### STORAGE PERFORMANCE ###
  Cache Hit Rate: 89.9%
  Total Read: 4723.24GiB
  Total Write: 577.37GiB
  Read/Write Ratio: 8.18
  Storage KV Read Operations/sec: 30.48
  Storage KV Write Operations/sec: 4.18

### CACHE TIER DISTRIBUTION ###
  GPU Entries: 0 (0.00GiB)
  CPU Entries: 3 (3.03GiB)
  Storage Entries: 1250

### TIER-SPECIFIC KV BYTES ###
  CPU KV Bytes Written: 572.83GiB
  CPU KV Bytes Read: 5056.98GiB
  Storage KV Bytes Written: 571.83GiB
  Storage KV Bytes Read: 236.06GiB

### STORAGE KV BANDWIDTH ###
  CPU KV Read Bandwidth: 16.86GiB/s
  CPU KV Write Bandwidth: 1.91GiB/s
  Storage KV Read Bandwidth: 0.79GiB/s
  Storage KV Write Bandwidth: 1.91GiB/s

### TIER-SPECIFIC LATENCIES (Total = Host + Device) ###
  CPU Read P95 (Total): 102.55 ms
  CPU Write P95 (Total): 153.98 ms
  Storage Read P95 (Total): 570.99 ms
  Storage Write P95 (Total): 1165.36 ms

### STORAGE TIER LATENCY BREAKDOWN (Device = Disk I/O, Host = Serialization) ###
  Storage Read:
    - Device P95 (Disk I/O): 381.80 ms
    - Host P95 (Serialization): 213.32 ms
    - Total P95: 570.99 ms
  Storage Write:
    - Device P95 (Disk I/O): 0.01 ms
    - Host P95 (Serialization): 1165.36 ms
    - Total P95: 1165.36 ms

### CACHE TYPE BREAKDOWNS ###
  System Prompt Hits: 1916
  Common Phrase Hits: 0
  User Cache Hits: 7197
  Multi-turn Hits: 30

### PREFIX CACHING ###
  Prefix Hits: 267
  Prefix Misses: 988
  System Prompt Reuse: 267
  Bytes Saved: 0.22GiB

### MULTI-TURN CONVERSATIONS ###
  Multi-turn Cache Hits: 30
  Multi-turn Cache Misses: 756
  Multi-turn Hit Rate: 3.8%

### QOS LATENCY METRICS (Informational - includes simulated generation) ###

  INTERACTIVE:
    Requests: 1136
    Latency P95: 247957.74 ms
    Latency P99: 259510.13 ms
    SLA Met: [X] (compliance: 0.0%)

  RESPONSIVE:
    Requests: 50
    Latency P95: 34177.18 ms
    Latency P99: 49555.23 ms
    SLA Met: [X] (compliance: 0.0%)

  BATCH:
    Requests: 63
    Latency P95: 57720.98 ms
    Latency P99: 217066.16 ms
    SLA Met: [X] (compliance: 25.4%)

================================================================================
NOTES:
  - Pure storage I/O benchmark (no generation simulation)
================================================================================
KV Cache Wrapper - End delay for 90 seconds

================================================================================
BENCHMARK RESULTS - MLPerf KV Cache Storage Benchmark
Generation Mode: none (0.0ms/token)
================================================================================

IMPORTANT: All storage latencies below are measured per KV cache BLOCK,
not per token or per disk page.  Each block holds the full KV state for
one request (all layers, all heads, full sequence length).
  Model KV bytes/token: 131,072 bytes (128.0KiB)
  Entries in cache: 1216
  Block size min:   36.9MiB
  Block size mean:  466.7MiB
  Block size P95:   1204.2MiB
  Block size max:   2869.8MiB
  A 200MiB block at 1GiB/s NVMe read = ~200 ms device latency.
  Compare latencies against block sizes, not against 4KiB page I/O.


### OVERALL PERFORMANCE ###
Requests Completed: 1216
Total Tokens Generated: 176809
Throughput (wall-clock): 589.36 tokens/sec
Throughput (storage I/O): 380.87 tokens/sec
Requests/sec: 4.05

### END-TO-END LATENCY (Queue Wait + Storage I/O + Generation) ###
  Mean: 148876.81 ms
  P50:  156425.57 ms
  P95:  263065.90 ms
  P99:  274327.17 ms

### PER-REQUEST STORAGE LATENCY (All I/O ops for one request) ###
  Mean: 381.76 ms
  P50:  153.82 ms
  P95:  1277.48 ms
  P99:  2516.54 ms
  (= 1 prefill write + N decode reads per request)

### STORAGE PERFORMANCE ###
  Cache Hit Rate: 92.7%
  Total Read: 3358.77GiB
  Total Write: 558.84GiB
  Read/Write Ratio: 6.01
  Storage KV Read Operations/sec: 22.43
  Storage KV Write Operations/sec: 4.06

### CACHE TIER DISTRIBUTION ###
  GPU Entries: 0 (0.00GiB)
  CPU Entries: 2 (2.81GiB)
  Storage Entries: 1214

### TIER-SPECIFIC KV BYTES ###
  CPU KV Bytes Written: 523.89GiB
  CPU KV Bytes Read: 3796.11GiB
  Storage KV Bytes Written: 551.43GiB
  Storage KV Bytes Read: 83.75GiB

### STORAGE KV BANDWIDTH ###
  CPU KV Read Bandwidth: 12.65GiB/s
  CPU KV Write Bandwidth: 1.75GiB/s
  Storage KV Read Bandwidth: 0.28GiB/s
  Storage KV Write Bandwidth: 1.84GiB/s

### TIER-SPECIFIC LATENCIES (Total = Host + Device) ###
  CPU Read P95 (Total): 92.84 ms
  CPU Write P95 (Total): 143.68 ms
  Storage Read P95 (Total): 660.16 ms
  Storage Write P95 (Total): 2445.31 ms

### STORAGE TIER LATENCY BREAKDOWN (Device = Disk I/O, Host = Serialization) ###
  Storage Read:
    - Device P95 (Disk I/O): 299.35 ms
    - Host P95 (Serialization): 346.53 ms
    - Total P95: 660.16 ms
  Storage Write:
    - Device P95 (Disk I/O): 0.01 ms
    - Host P95 (Serialization): 2445.30 ms
    - Total P95: 2445.31 ms

### CACHE TYPE BREAKDOWNS ###
  System Prompt Hits: 1530
  Common Phrase Hits: 0
  User Cache Hits: 5177
  Multi-turn Hits: 22

### PREFIX CACHING ###
  Prefix Hits: 275
  Prefix Misses: 944
  System Prompt Reuse: 275
  Bytes Saved: 0.22GiB

### MULTI-TURN CONVERSATIONS ###
  Multi-turn Cache Hits: 22
  Multi-turn Cache Misses: 251
  Multi-turn Hit Rate: 8.1%

### QOS LATENCY METRICS (Informational - includes simulated generation) ###

  INTERACTIVE:
    Requests: 1113
    Latency P95: 263900.48 ms
    Latency P99: 274649.21 ms
    SLA Met: [X] (compliance: 0.0%)

  RESPONSIVE:
    Requests: 38
    Latency P95: 89404.81 ms
    Latency P99: 130189.37 ms
    SLA Met: [X] (compliance: 0.0%)

  BATCH:
    Requests: 65
    Latency P95: 63845.49 ms
    Latency P99: 74352.21 ms
    SLA Met: [X] (compliance: 18.5%)

================================================================================
NOTES:
  - Pure storage I/O benchmark (no generation simulation)
================================================================================

================================================================================
BENCHMARK RESULTS - MLPerf KV Cache Storage Benchmark
Generation Mode: none (0.0ms/token)
================================================================================

IMPORTANT: All storage latencies below are measured per KV cache BLOCK,
not per token or per disk page.  Each block holds the full KV state for
one request (all layers, all heads, full sequence length).
  Model KV bytes/token: 131,072 bytes (128.0KiB)
  Entries in cache: 1388
  Block size min:   28.8MiB
  Block size mean:  397.1MiB
  Block size P95:   1295.7MiB
  Block size max:   2286.9MiB
  A 200MiB block at 1GiB/s NVMe read = ~200 ms device latency.
  Compare latencies against block sizes, not against 4KiB page I/O.


### OVERALL PERFORMANCE ###
Requests Completed: 1388
Total Tokens Generated: 181252
Throughput (wall-clock): 604.17 tokens/sec
Throughput (storage I/O): 426.32 tokens/sec
Requests/sec: 4.63

### END-TO-END LATENCY (Queue Wait + Storage I/O + Generation) ###
  Mean: 147246.07 ms
  P50:  151225.45 ms
  P95:  281125.64 ms
  P99:  295573.52 ms

### PER-REQUEST STORAGE LATENCY (All I/O ops for one request) ###
  Mean: 306.31 ms
  P50:  105.92 ms
  P95:  1097.86 ms
  P99:  2980.45 ms
  (= 1 prefill write + N decode reads per request)

### STORAGE PERFORMANCE ###
  Cache Hit Rate: 87.9%
  Total Read: 3112.03GiB
  Total Write: 546.49GiB
  Read/Write Ratio: 5.69
  Storage KV Read Operations/sec: 23.11
  Storage KV Write Operations/sec: 4.64

### CACHE TIER DISTRIBUTION ###
  GPU Entries: 0 (0.00GiB)
  CPU Entries: 2 (3.05GiB)
  Storage Entries: 1386

### TIER-SPECIFIC KV BYTES ###
  CPU KV Bytes Written: 533.95GiB
  CPU KV Bytes Read: 3477.54GiB
  Storage KV Bytes Written: 535.24GiB
  Storage KV Bytes Read: 165.39GiB

### STORAGE KV BANDWIDTH ###
  CPU KV Read Bandwidth: 11.59GiB/s
  CPU KV Write Bandwidth: 1.78GiB/s
  Storage KV Read Bandwidth: 0.55GiB/s
  Storage KV Write Bandwidth: 1.78GiB/s

### TIER-SPECIFIC LATENCIES (Total = Host + Device) ###
  CPU Read P95 (Total): 97.26 ms
  CPU Write P95 (Total): 123.57 ms
  Storage Read P95 (Total): 669.44 ms
  Storage Write P95 (Total): 1359.09 ms

### STORAGE TIER LATENCY BREAKDOWN (Device = Disk I/O, Host = Serialization) ###
  Storage Read:
    - Device P95 (Disk I/O): 291.32 ms
    - Host P95 (Serialization): 396.94 ms
    - Total P95: 669.44 ms
  Storage Write:
    - Device P95 (Disk I/O): 0.01 ms
    - Host P95 (Serialization): 1359.09 ms
    - Total P95: 1359.09 ms

### CACHE TYPE BREAKDOWNS ###
  System Prompt Hits: 1409
  Common Phrase Hits: 0
  User Cache Hits: 5455
  Multi-turn Hits: 69

### PREFIX CACHING ###
  Prefix Hits: 286
  Prefix Misses: 1107
  System Prompt Reuse: 286
  Bytes Saved: 0.23GiB

### MULTI-TURN CONVERSATIONS ###
  Multi-turn Cache Hits: 69
  Multi-turn Cache Misses: 672
  Multi-turn Hit Rate: 9.3%

### QOS LATENCY METRICS (Informational - includes simulated generation) ###

  INTERACTIVE:
    Requests: 1296
    Latency P95: 282715.08 ms
    Latency P99: 295944.89 ms
    SLA Met: [X] (compliance: 0.0%)

  RESPONSIVE:
    Requests: 31
    Latency P95: 21904.05 ms
    Latency P99: 201158.11 ms
    SLA Met: [X] (compliance: 0.0%)

  BATCH:
    Requests: 61
    Latency P95: 40841.40 ms
    Latency P99: 165978.44 ms
    SLA Met: [X] (compliance: 27.9%)

================================================================================
NOTES:
  - Pure storage I/O benchmark (no generation simulation)
================================================================================

================================================================================
BENCHMARK RESULTS - MLPerf KV Cache Storage Benchmark
Generation Mode: none (0.0ms/token)
================================================================================

IMPORTANT: All storage latencies below are measured per KV cache BLOCK,
not per token or per disk page.  Each block holds the full KV state for
one request (all layers, all heads, full sequence length).
  Model KV bytes/token: 131,072 bytes (128.0KiB)
  Entries in cache: 921
  Block size min:   17.2MiB
  Block size mean:  426.5MiB
  Block size P95:   1379.8MiB
  Block size max:   2599.6MiB
  A 200MiB block at 1GiB/s NVMe read = ~200 ms device latency.
  Compare latencies against block sizes, not against 4KiB page I/O.


### OVERALL PERFORMANCE ###
Requests Completed: 921
Total Tokens Generated: 137141
Throughput (wall-clock): 457.14 tokens/sec
Throughput (storage I/O): 270.92 tokens/sec
Requests/sec: 3.07

### END-TO-END LATENCY (Queue Wait + Storage I/O + Generation) ###
  Mean: 137999.57 ms
  P50:  147394.70 ms
  P95:  287564.35 ms
  P99:  297693.45 ms

### PER-REQUEST STORAGE LATENCY (All I/O ops for one request) ###
  Mean: 549.62 ms
  P50:  138.69 ms
  P95:  1679.37 ms
  P99:  8054.81 ms
  (= 1 prefill write + N decode reads per request)

### STORAGE PERFORMANCE ###
  Cache Hit Rate: 90.6%
  Total Read: 2269.41GiB
  Total Write: 389.20GiB
  Read/Write Ratio: 5.83
  Storage KV Read Operations/sec: 16.53
  Storage KV Write Operations/sec: 3.08

### CACHE TIER DISTRIBUTION ###
  GPU Entries: 0 (0.00GiB)
  CPU Entries: 32 (2.20GiB)
  Storage Entries: 889

### TIER-SPECIFIC KV BYTES ###
  CPU KV Bytes Written: 383.62GiB
  CPU KV Bytes Read: 2618.17GiB
  Storage KV Bytes Written: 359.52GiB
  Storage KV Bytes Read: 10.77GiB

### STORAGE KV BANDWIDTH ###
  CPU KV Read Bandwidth: 8.73GiB/s
  CPU KV Write Bandwidth: 1.28GiB/s
  Storage KV Read Bandwidth: 0.04GiB/s
  Storage KV Write Bandwidth: 1.20GiB/s

### TIER-SPECIFIC LATENCIES (Total = Host + Device) ###
  CPU Read P95 (Total): 98.10 ms
  CPU Write P95 (Total): 841.05 ms
  Storage Read P95 (Total): 6187.21 ms

### STORAGE TIER LATENCY BREAKDOWN (Device = Disk I/O, Host = Serialization) ###
  Storage Read:
    - Device P95 (Disk I/O): 5970.29 ms
    - Host P95 (Serialization): 147.03 ms
    - Total P95: 6187.21 ms

### CACHE TYPE BREAKDOWNS ###
  System Prompt Hits: 1019
  Common Phrase Hits: 0
  User Cache Hits: 3899
  Multi-turn Hits: 41

### PREFIX CACHING ###
  Prefix Hits: 189
  Prefix Misses: 735
  System Prompt Reuse: 189
  Bytes Saved: 0.15GiB

### MULTI-TURN CONVERSATIONS ###
  Multi-turn Cache Hits: 41
  Multi-turn Cache Misses: 325
  Multi-turn Hit Rate: 11.2%

### QOS LATENCY METRICS (Informational - includes simulated generation) ###

  INTERACTIVE:
    Requests: 821
    Latency P95: 288368.98 ms
    Latency P99: 298069.56 ms
    SLA Met: [X] (compliance: 0.0%)

  RESPONSIVE:
    Requests: 38
    Latency P95: 51565.40 ms
    Latency P99: 53581.75 ms
    SLA Met: [X] (compliance: 0.0%)

  BATCH:
    Requests: 62
    Latency P95: 30457.95 ms
    Latency P99: 45780.24 ms
    SLA Met: [X] (compliance: 22.6%)

================================================================================
NOTES:
  - Pure storage I/O benchmark (no generation simulation)
================================================================================
KV Cache Wrapper - End delay for 90 seconds
KV Cache Wrapper - End delay for 90 seconds

================================================================================
BENCHMARK RESULTS - MLPerf KV Cache Storage Benchmark
Generation Mode: none (0.0ms/token)
================================================================================

IMPORTANT: All storage latencies below are measured per KV cache BLOCK,
not per token or per disk page.  Each block holds the full KV state for
one request (all layers, all heads, full sequence length).
  Model KV bytes/token: 131,072 bytes (128.0KiB)
  Entries in cache: 1263
  Block size min:   38.5MiB
  Block size mean:  415.2MiB
  Block size P95:   1540.2MiB
  Block size max:   2900.5MiB
  A 200MiB block at 1GiB/s NVMe read = ~200 ms device latency.
  Compare latencies against block sizes, not against 4KiB page I/O.


### OVERALL PERFORMANCE ###
Requests Completed: 1263
Total Tokens Generated: 161394
Throughput (wall-clock): 537.98 tokens/sec
Throughput (storage I/O): 354.12 tokens/sec
Requests/sec: 4.21

### END-TO-END LATENCY (Queue Wait + Storage I/O + Generation) ###
  Mean: 146510.68 ms
  P50:  145551.91 ms
  P95:  283386.29 ms
  P99:  299602.74 ms

### PER-REQUEST STORAGE LATENCY (All I/O ops for one request) ###
  Mean: 360.86 ms
  P50:  128.47 ms
  P95:  1357.87 ms
  P99:  3366.41 ms
  (= 1 prefill write + N decode reads per request)

### STORAGE PERFORMANCE ###
  Cache Hit Rate: 89.1%
  Total Read: 2164.88GiB
  Total Write: 512.09GiB
  Read/Write Ratio: 4.23
  Storage KV Read Operations/sec: 20.03
  Storage KV Write Operations/sec: 4.21

### CACHE TIER DISTRIBUTION ###
  GPU Entries: 0 (0.00GiB)
  CPU Entries: 4 (3.09GiB)
  Storage Entries: 1259

### TIER-SPECIFIC KV BYTES ###
  CPU KV Bytes Written: 444.88GiB
  CPU KV Bytes Read: 2540.66GiB
  Storage KV Bytes Written: 505.90GiB
  Storage KV Bytes Read: 62.91GiB

### STORAGE KV BANDWIDTH ###
  CPU KV Read Bandwidth: 8.47GiB/s
  CPU KV Write Bandwidth: 1.48GiB/s
  Storage KV Read Bandwidth: 0.21GiB/s
  Storage KV Write Bandwidth: 1.69GiB/s

### TIER-SPECIFIC LATENCIES (Total = Host + Device) ###
  CPU Read P95 (Total): 98.04 ms
  CPU Write P95 (Total): 157.48 ms
  Storage Read P95 (Total): 2551.97 ms
  Storage Write P95 (Total): 3494.55 ms

### STORAGE TIER LATENCY BREAKDOWN (Device = Disk I/O, Host = Serialization) ###
  Storage Read:
    - Device P95 (Disk I/O): 394.51 ms
    - Host P95 (Serialization): 2077.61 ms
    - Total P95: 2551.97 ms
  Storage Write:
    - Device P95 (Disk I/O): 0.01 ms
    - Host P95 (Serialization): 3494.54 ms
    - Total P95: 3494.55 ms

### CACHE TYPE BREAKDOWNS ###
  System Prompt Hits: 1145
  Common Phrase Hits: 0
  User Cache Hits: 4819
  Multi-turn Hits: 46

### PREFIX CACHING ###
  Prefix Hits: 245
  Prefix Misses: 1018
  System Prompt Reuse: 245
  Bytes Saved: 0.20GiB

### MULTI-TURN CONVERSATIONS ###
  Multi-turn Cache Hits: 46
  Multi-turn Cache Misses: 491
  Multi-turn Hit Rate: 8.6%

### QOS LATENCY METRICS (Informational - includes simulated generation) ###

  INTERACTIVE:
    Requests: 1167
    Latency P95: 285068.22 ms
    Latency P99: 301382.75 ms
    SLA Met: [X] (compliance: 0.0%)

  RESPONSIVE:
    Requests: 58
    Latency P95: 43913.88 ms
    Latency P99: 51834.28 ms
    SLA Met: [X] (compliance: 1.7%)

  BATCH:
    Requests: 38
    Latency P95: 39837.40 ms
    Latency P99: 59754.49 ms
    SLA Met: [X] (compliance: 23.7%)

================================================================================
NOTES:
  - Pure storage I/O benchmark (no generation simulation)
================================================================================
KV Cache Wrapper - End delay for 90 seconds
KV Cache Wrapper - End delay for 90 seconds

================================================================================
BENCHMARK RESULTS - MLPerf KV Cache Storage Benchmark
Generation Mode: none (0.0ms/token)
================================================================================

IMPORTANT: All storage latencies below are measured per KV cache BLOCK,
not per token or per disk page.  Each block holds the full KV state for
one request (all layers, all heads, full sequence length).
  Model KV bytes/token: 131,072 bytes (128.0KiB)
  Entries in cache: 1187
  Block size min:   42.9MiB
  Block size mean:  468.7MiB
  Block size P95:   1375.0MiB
  Block size max:   2505.1MiB
  A 200MiB block at 1GiB/s NVMe read = ~200 ms device latency.
  Compare latencies against block sizes, not against 4KiB page I/O.


### OVERALL PERFORMANCE ###
Requests Completed: 1187
Total Tokens Generated: 148381
Throughput (wall-clock): 494.60 tokens/sec
Throughput (storage I/O): 253.80 tokens/sec
Requests/sec: 3.96

### END-TO-END LATENCY (Queue Wait + Storage I/O + Generation) ###
  Mean: 138071.80 ms
  P50:  131648.05 ms
  P95:  285179.23 ms
  P99:  299100.07 ms

### PER-REQUEST STORAGE LATENCY (All I/O ops for one request) ###
  Mean: 492.54 ms
  P50:  156.89 ms
  P95:  1328.99 ms
  P99:  8866.59 ms
  (= 1 prefill write + N decode reads per request)

### STORAGE PERFORMANCE ###
  Cache Hit Rate: 86.7%
  Total Read: 2723.18GiB
  Total Write: 548.45GiB
  Read/Write Ratio: 4.97
  Storage KV Read Operations/sec: 19.60
  Storage KV Write Operations/sec: 3.96

### CACHE TIER DISTRIBUTION ###
  GPU Entries: 0 (0.00GiB)
  CPU Entries: 33 (2.18GiB)
  Storage Entries: 1154

### TIER-SPECIFIC KV BYTES ###
  CPU KV Bytes Written: 528.94GiB
  CPU KV Bytes Read: 3185.98GiB
  Storage KV Bytes Written: 513.13GiB
  Storage KV Bytes Read: 36.00GiB

### STORAGE KV BANDWIDTH ###
  CPU KV Read Bandwidth: 10.62GiB/s
  CPU KV Write Bandwidth: 1.76GiB/s
  Storage KV Read Bandwidth: 0.12GiB/s
  Storage KV Write Bandwidth: 1.71GiB/s

### TIER-SPECIFIC LATENCIES (Total = Host + Device) ###
  CPU Read P95 (Total): 96.17 ms
  CPU Write P95 (Total): 199.52 ms
  Storage Read P95 (Total): 603.89 ms
  Storage Write P95 (Total): 1777.43 ms

### STORAGE TIER LATENCY BREAKDOWN (Device = Disk I/O, Host = Serialization) ###
  Storage Read:
    - Device P95 (Disk I/O): 314.24 ms
    - Host P95 (Serialization): 300.26 ms
    - Total P95: 603.89 ms
  Storage Write:
    - Device P95 (Disk I/O): 0.01 ms
    - Host P95 (Serialization): 1777.43 ms
    - Total P95: 1777.43 ms

### CACHE TYPE BREAKDOWNS ###
  System Prompt Hits: 1139
  Common Phrase Hits: 0
  User Cache Hits: 4693
  Multi-turn Hits: 48

### PREFIX CACHING ###
  Prefix Hits: 244
  Prefix Misses: 945
  System Prompt Reuse: 244
  Bytes Saved: 0.20GiB

### MULTI-TURN CONVERSATIONS ###
  Multi-turn Cache Hits: 48
  Multi-turn Cache Misses: 658
  Multi-turn Hit Rate: 6.8%

### QOS LATENCY METRICS (Informational - includes simulated generation) ###

  INTERACTIVE:
    Requests: 1089
    Latency P95: 286248.31 ms
    Latency P99: 299962.03 ms
    SLA Met: [X] (compliance: 0.0%)

  RESPONSIVE:
    Requests: 33
    Latency P95: 26990.19 ms
    Latency P99: 103509.90 ms
    SLA Met: [X] (compliance: 3.0%)

  BATCH:
    Requests: 65
    Latency P95: 33102.90 ms
    Latency P99: 61095.97 ms
    SLA Met: [X] (compliance: 23.1%)

================================================================================
NOTES:
  - Pure storage I/O benchmark (no generation simulation)
================================================================================

================================================================================
BENCHMARK RESULTS - MLPerf KV Cache Storage Benchmark
Generation Mode: none (0.0ms/token)
================================================================================

IMPORTANT: All storage latencies below are measured per KV cache BLOCK,
not per token or per disk page.  Each block holds the full KV state for
one request (all layers, all heads, full sequence length).
  Model KV bytes/token: 131,072 bytes (128.0KiB)
  Entries in cache: 801
  Block size min:   20.8MiB
  Block size mean:  624.0MiB
  Block size P95:   1664.6MiB
  Block size max:   2173.6MiB
  A 200MiB block at 1GiB/s NVMe read = ~200 ms device latency.
  Compare latencies against block sizes, not against 4KiB page I/O.


### OVERALL PERFORMANCE ###
Requests Completed: 801
Total Tokens Generated: 140479
Throughput (wall-clock): 468.26 tokens/sec
Throughput (storage I/O): 343.56 tokens/sec
Requests/sec: 2.67

### END-TO-END LATENCY (Queue Wait + Storage I/O + Generation) ###
  Mean: 151757.70 ms
  P50:  154911.28 ms
  P95:  296552.58 ms
  P99:  306106.57 ms

### PER-REQUEST STORAGE LATENCY (All I/O ops for one request) ###
  Mean: 510.48 ms
  P50:  306.18 ms
  P95:  1427.80 ms
  P99:  4048.09 ms
  (= 1 prefill write + N decode reads per request)

### STORAGE PERFORMANCE ###
  Cache Hit Rate: 87.6%
  Total Read: 2635.69GiB
  Total Write: 492.17GiB
  Read/Write Ratio: 5.36
  Storage KV Read Operations/sec: 16.08
  Storage KV Write Operations/sec: 2.68

### CACHE TIER DISTRIBUTION ###
  GPU Entries: 0 (0.00GiB)
  CPU Entries: 6 (1.66GiB)
  Storage Entries: 795

### TIER-SPECIFIC KV BYTES ###
  CPU KV Bytes Written: 477.48GiB
  CPU KV Bytes Read: 3076.12GiB
  Storage KV Bytes Written: 478.33GiB
  Storage KV Bytes Read: 27.26GiB

### STORAGE KV BANDWIDTH ###
  CPU KV Read Bandwidth: 10.25GiB/s
  CPU KV Write Bandwidth: 1.59GiB/s
  Storage KV Read Bandwidth: 0.09GiB/s
  Storage KV Write Bandwidth: 1.59GiB/s

### TIER-SPECIFIC LATENCIES (Total = Host + Device) ###
  CPU Read P95 (Total): 108.23 ms
  CPU Write P95 (Total): 354.91 ms
  Storage Read P95 (Total): 903.73 ms
  Storage Write P95 (Total): 1435.79 ms

### STORAGE TIER LATENCY BREAKDOWN (Device = Disk I/O, Host = Serialization) ###
  Storage Read:
    - Device P95 (Disk I/O): 564.51 ms
    - Host P95 (Serialization): 571.58 ms
    - Total P95: 903.73 ms
  Storage Write:
    - Device P95 (Disk I/O): 0.01 ms
    - Host P95 (Serialization): 1435.78 ms
    - Total P95: 1435.79 ms

### CACHE TYPE BREAKDOWNS ###
  System Prompt Hits: 876
  Common Phrase Hits: 0
  User Cache Hits: 3904
  Multi-turn Hits: 45

### PREFIX CACHING ###
  Prefix Hits: 151
  Prefix Misses: 652
  System Prompt Reuse: 151
  Bytes Saved: 0.12GiB

### MULTI-TURN CONVERSATIONS ###
  Multi-turn Cache Hits: 45
  Multi-turn Cache Misses: 534
  Multi-turn Hit Rate: 7.8%

### QOS LATENCY METRICS (Informational - includes simulated generation) ###

  INTERACTIVE:
    Requests: 695
    Latency P95: 297897.45 ms
    Latency P99: 307303.24 ms
    SLA Met: [X] (compliance: 0.0%)

  RESPONSIVE:
    Requests: 49
    Latency P95: 24650.20 ms
    Latency P99: 24868.53 ms
    SLA Met: [X] (compliance: 6.1%)

  BATCH:
    Requests: 57
    Latency P95: 20729.23 ms
    Latency P99: 24589.73 ms
    SLA Met: [X] (compliance: 35.1%)

================================================================================
NOTES:
  - Pure storage I/O benchmark (no generation simulation)
================================================================================

================================================================================
BENCHMARK RESULTS - MLPerf KV Cache Storage Benchmark
Generation Mode: none (0.0ms/token)
================================================================================

IMPORTANT: All storage latencies below are measured per KV cache BLOCK,
not per token or per disk page.  Each block holds the full KV state for
one request (all layers, all heads, full sequence length).
  Model KV bytes/token: 131,072 bytes (128.0KiB)
  Entries in cache: 699
  Block size min:   34.4MiB
  Block size mean:  544.8MiB
  Block size P95:   1887.5MiB
  Block size max:   2913.8MiB
  A 200MiB block at 1GiB/s NVMe read = ~200 ms device latency.
  Compare latencies against block sizes, not against 4KiB page I/O.


### OVERALL PERFORMANCE ###
Requests Completed: 699
Total Tokens Generated: 89849
Throughput (wall-clock): 299.50 tokens/sec
Throughput (storage I/O): 253.99 tokens/sec
Requests/sec: 2.33

### END-TO-END LATENCY (Queue Wait + Storage I/O + Generation) ###
  Mean: 145287.25 ms
  P50:  137230.42 ms
  P95:  305977.58 ms
  P99:  315075.90 ms

### PER-REQUEST STORAGE LATENCY (All I/O ops for one request) ###
  Mean: 506.08 ms
  P50:  135.56 ms
  P95:  1343.71 ms
  P99:  11267.92 ms
  (= 1 prefill write + N decode reads per request)

### STORAGE PERFORMANCE ###
  Cache Hit Rate: 77.1%
  Total Read: 1162.37GiB
  Total Write: 378.65GiB
  Read/Write Ratio: 3.07
  Storage KV Read Operations/sec: 10.12
  Storage KV Write Operations/sec: 2.34

### CACHE TIER DISTRIBUTION ###
  GPU Entries: 0 (0.00GiB)
  CPU Entries: 16 (3.12GiB)
  Storage Entries: 683

### TIER-SPECIFIC KV BYTES ###
  CPU KV Bytes Written: 370.27GiB
  CPU KV Bytes Read: 1510.25GiB
  Storage KV Bytes Written: 355.88GiB
  Storage KV Bytes Read: 6.39GiB

### STORAGE KV BANDWIDTH ###
  CPU KV Read Bandwidth: 5.03GiB/s
  CPU KV Write Bandwidth: 1.23GiB/s
  Storage KV Read Bandwidth: 0.02GiB/s
  Storage KV Write Bandwidth: 1.19GiB/s

### TIER-SPECIFIC LATENCIES (Total = Host + Device) ###
  CPU Read P95 (Total): 94.71 ms
  CPU Write P95 (Total): 771.84 ms
  Storage Read P95 (Total): 430.21 ms
  Storage Write P95 (Total): 1085.24 ms

### STORAGE TIER LATENCY BREAKDOWN (Device = Disk I/O, Host = Serialization) ###
  Storage Read:
    - Device P95 (Disk I/O): 323.55 ms
    - Host P95 (Serialization): 73.58 ms
    - Total P95: 430.21 ms
  Storage Write:
    - Device P95 (Disk I/O): 0.01 ms
    - Host P95 (Serialization): 1085.24 ms
    - Total P95: 1085.24 ms

### CACHE TYPE BREAKDOWNS ###
  System Prompt Hits: 572
  Common Phrase Hits: 0
  User Cache Hits: 2410
  Multi-turn Hits: 54

### PREFIX CACHING ###
  Prefix Hits: 134
  Prefix Misses: 568
  System Prompt Reuse: 134
  Bytes Saved: 0.10GiB

### MULTI-TURN CONVERSATIONS ###
  Multi-turn Cache Hits: 54
  Multi-turn Cache Misses: 770
  Multi-turn Hit Rate: 6.6%

### QOS LATENCY METRICS (Informational - includes simulated generation) ###

  INTERACTIVE:
    Requests: 599
    Latency P95: 307833.22 ms
    Latency P99: 315993.06 ms
    SLA Met: [X] (compliance: 0.0%)

  RESPONSIVE:
    Requests: 44
    Latency P95: 27485.45 ms
    Latency P99: 35769.82 ms
    SLA Met: [X] (compliance: 0.0%)

  BATCH:
    Requests: 56
    Latency P95: 28523.37 ms
    Latency P99: 60839.08 ms
    SLA Met: [X] (compliance: 23.2%)

================================================================================
NOTES:
  - Pure storage I/O benchmark (no generation simulation)
================================================================================
KV Cache Wrapper - End delay for 90 seconds
KV Cache Wrapper - End delay for 90 seconds

================================================================================
BENCHMARK RESULTS - MLPerf KV Cache Storage Benchmark
Generation Mode: none (0.0ms/token)
================================================================================

IMPORTANT: All storage latencies below are measured per KV cache BLOCK,
not per token or per disk page.  Each block holds the full KV state for
one request (all layers, all heads, full sequence length).
  Model KV bytes/token: 131,072 bytes (128.0KiB)
  Entries in cache: 761
  Block size min:   24.6MiB
  Block size mean:  491.9MiB
  Block size P95:   1452.0MiB
  Block size max:   2664.4MiB
  A 200MiB block at 1GiB/s NVMe read = ~200 ms device latency.
  Compare latencies against block sizes, not against 4KiB page I/O.


### OVERALL PERFORMANCE ###
Requests Completed: 761
Total Tokens Generated: 110700
Throughput (wall-clock): 369.00 tokens/sec
Throughput (storage I/O): 299.72 tokens/sec
Requests/sec: 2.54

### END-TO-END LATENCY (Queue Wait + Storage I/O + Generation) ###
  Mean: 146148.80 ms
  P50:  137252.91 ms
  P95:  297735.60 ms
  P99:  310763.42 ms

### PER-REQUEST STORAGE LATENCY (All I/O ops for one request) ###
  Mean: 485.35 ms
  P50:  148.41 ms
  P95:  1461.19 ms
  P99:  4267.05 ms
  (= 1 prefill write + N decode reads per request)

### STORAGE PERFORMANCE ###
  Cache Hit Rate: 89.6%
  Total Read: 1874.10GiB
  Total Write: 380.06GiB
  Read/Write Ratio: 4.93
  Storage KV Read Operations/sec: 13.16
  Storage KV Write Operations/sec: 2.56

### CACHE TIER DISTRIBUTION ###
  GPU Entries: 0 (0.00GiB)
  CPU Entries: 27 (3.17GiB)
  Storage Entries: 734

### TIER-SPECIFIC KV BYTES ###
  CPU KV Bytes Written: 365.59GiB
  CPU KV Bytes Read: 2214.63GiB
  Storage KV Bytes Written: 345.75GiB
  Storage KV Bytes Read: 5.21GiB

### STORAGE KV BANDWIDTH ###
  CPU KV Read Bandwidth: 7.38GiB/s
  CPU KV Write Bandwidth: 1.22GiB/s
  Storage KV Read Bandwidth: 0.02GiB/s
  Storage KV Write Bandwidth: 1.15GiB/s

### TIER-SPECIFIC LATENCIES (Total = Host + Device) ###
  CPU Read P95 (Total): 107.12 ms
  CPU Write P95 (Total): 617.59 ms
  Storage Read P95 (Total): 2372.83 ms

### STORAGE TIER LATENCY BREAKDOWN (Device = Disk I/O, Host = Serialization) ###
  Storage Read:
    - Device P95 (Disk I/O): 422.60 ms
    - Host P95 (Serialization): 1978.22 ms
    - Total P95: 2372.83 ms

### CACHE TYPE BREAKDOWNS ###
  System Prompt Hits: 830
  Common Phrase Hits: 0
  User Cache Hits: 3093
  Multi-turn Hits: 26

### PREFIX CACHING ###
  Prefix Hits: 151
  Prefix Misses: 617
  System Prompt Reuse: 151
  Bytes Saved: 0.12GiB

### MULTI-TURN CONVERSATIONS ###
  Multi-turn Cache Hits: 26
  Multi-turn Cache Misses: 306
  Multi-turn Hit Rate: 7.8%

### QOS LATENCY METRICS (Informational - includes simulated generation) ###

  INTERACTIVE:
    Requests: 657
    Latency P95: 298217.83 ms
    Latency P99: 310769.38 ms
    SLA Met: [X] (compliance: 0.0%)

  RESPONSIVE:
    Requests: 45
    Latency P95: 19844.75 ms
    Latency P99: 42204.57 ms
    SLA Met: [X] (compliance: 2.2%)

  BATCH:
    Requests: 59
    Latency P95: 41848.74 ms
    Latency P99: 176580.56 ms
    SLA Met: [X] (compliance: 15.3%)

================================================================================
NOTES:
  - Pure storage I/O benchmark (no generation simulation)
================================================================================
KV Cache Wrapper - End delay for 90 seconds

================================================================================
BENCHMARK RESULTS - MLPerf KV Cache Storage Benchmark
Generation Mode: none (0.0ms/token)
================================================================================

IMPORTANT: All storage latencies below are measured per KV cache BLOCK,
not per token or per disk page.  Each block holds the full KV state for
one request (all layers, all heads, full sequence length).
  Model KV bytes/token: 131,072 bytes (128.0KiB)
  Entries in cache: 1101
  Block size min:   17.8MiB
  Block size mean:  506.4MiB
  Block size P95:   1866.6MiB
  Block size max:   2988.4MiB
  A 200MiB block at 1GiB/s NVMe read = ~200 ms device latency.
  Compare latencies against block sizes, not against 4KiB page I/O.


### OVERALL PERFORMANCE ###
Requests Completed: 1101
Total Tokens Generated: 142935
Throughput (wall-clock): 476.45 tokens/sec
Throughput (storage I/O): 374.40 tokens/sec
Requests/sec: 3.67

### END-TO-END LATENCY (Queue Wait + Storage I/O + Generation) ###
  Mean: 136852.15 ms
  P50:  128742.55 ms
  P95:  289704.29 ms
  P99:  308512.81 ms

### PER-REQUEST STORAGE LATENCY (All I/O ops for one request) ###
  Mean: 346.75 ms
  P50:  126.39 ms
  P95:  1312.49 ms
  P99:  3481.35 ms
  (= 1 prefill write + N decode reads per request)

### STORAGE PERFORMANCE ###
  Cache Hit Rate: 86.8%
  Total Read: 2016.51GiB
  Total Write: 552.73GiB
  Read/Write Ratio: 3.65
  Storage KV Read Operations/sec: 16.12
  Storage KV Write Operations/sec: 3.68

### CACHE TIER DISTRIBUTION ###
  GPU Entries: 0 (0.00GiB)
  CPU Entries: 3 (2.06GiB)
  Storage Entries: 1098

### TIER-SPECIFIC KV BYTES ###
  CPU KV Bytes Written: 489.19GiB
  CPU KV Bytes Read: 2459.16GiB
  Storage KV Bytes Written: 538.90GiB
  Storage KV Bytes Read: 40.95GiB

### STORAGE KV BANDWIDTH ###
  CPU KV Read Bandwidth: 8.20GiB/s
  CPU KV Write Bandwidth: 1.63GiB/s
  Storage KV Read Bandwidth: 0.14GiB/s
  Storage KV Write Bandwidth: 1.80GiB/s

### TIER-SPECIFIC LATENCIES (Total = Host + Device) ###
  CPU Read P95 (Total): 95.15 ms
  CPU Write P95 (Total): 258.19 ms
  Storage Read P95 (Total): 638.13 ms
  Storage Write P95 (Total): 3942.05 ms

### STORAGE TIER LATENCY BREAKDOWN (Device = Disk I/O, Host = Serialization) ###
  Storage Read:
    - Device P95 (Disk I/O): 295.67 ms
    - Host P95 (Serialization): 420.87 ms
    - Total P95: 638.13 ms
  Storage Write:
    - Device P95 (Disk I/O): 0.01 ms
    - Host P95 (Serialization): 3942.04 ms
    - Total P95: 3942.05 ms

### CACHE TYPE BREAKDOWNS ###
  System Prompt Hits: 926
  Common Phrase Hits: 0
  User Cache Hits: 3858
  Multi-turn Hits: 53

### PREFIX CACHING ###
  Prefix Hits: 222
  Prefix Misses: 883
  System Prompt Reuse: 222
  Bytes Saved: 0.18GiB

### MULTI-TURN CONVERSATIONS ###
  Multi-turn Cache Hits: 53
  Multi-turn Cache Misses: 514
  Multi-turn Hit Rate: 9.3%

### QOS LATENCY METRICS (Informational - includes simulated generation) ###

  INTERACTIVE:
    Requests: 1003
    Latency P95: 292246.15 ms
    Latency P99: 310073.99 ms
    SLA Met: [X] (compliance: 0.0%)

  RESPONSIVE:
    Requests: 35
    Latency P95: 61960.63 ms
    Latency P99: 62462.91 ms
    SLA Met: [X] (compliance: 0.0%)

  BATCH:
    Requests: 63
    Latency P95: 26785.32 ms
    Latency P99: 63338.80 ms
    SLA Met: [X] (compliance: 25.4%)

================================================================================
NOTES:
  - Pure storage I/O benchmark (no generation simulation)
================================================================================
KV Cache Wrapper - End delay for 90 seconds
KV Cache Wrapper - End delay for 90 seconds

================================================================================
BENCHMARK RESULTS - MLPerf KV Cache Storage Benchmark
Generation Mode: none (0.0ms/token)
================================================================================

IMPORTANT: All storage latencies below are measured per KV cache BLOCK,
not per token or per disk page.  Each block holds the full KV state for
one request (all layers, all heads, full sequence length).
  Model KV bytes/token: 131,072 bytes (128.0KiB)
  Entries in cache: 663
  Block size min:   23.5MiB
  Block size mean:  553.9MiB
  Block size P95:   1337.8MiB
  Block size max:   1990.0MiB
  A 200MiB block at 1GiB/s NVMe read = ~200 ms device latency.
  Compare latencies against block sizes, not against 4KiB page I/O.


### OVERALL PERFORMANCE ###
Requests Completed: 663
Total Tokens Generated: 114165
Throughput (wall-clock): 380.55 tokens/sec
Throughput (storage I/O): 189.21 tokens/sec
Requests/sec: 2.21

### END-TO-END LATENCY (Queue Wait + Storage I/O + Generation) ###
  Mean: 168985.97 ms
  P50:  180430.65 ms
  P95:  308294.71 ms
  P99:  323202.49 ms

### PER-REQUEST STORAGE LATENCY (All I/O ops for one request) ###
  Mean: 910.09 ms
  P50:  337.55 ms
  P95:  1560.69 ms
  P99:  16536.72 ms
  (= 1 prefill write + N decode reads per request)

### STORAGE PERFORMANCE ###
  Cache Hit Rate: 92.6%
  Total Read: 2199.46GiB
  Total Write: 364.22GiB
  Read/Write Ratio: 6.04
  Storage KV Read Operations/sec: 14.02
  Storage KV Write Operations/sec: 2.22

### CACHE TIER DISTRIBUTION ###
  GPU Entries: 0 (0.00GiB)
  CPU Entries: 10 (1.53GiB)
  Storage Entries: 653

### TIER-SPECIFIC KV BYTES ###
  CPU KV Bytes Written: 358.65GiB
  CPU KV Bytes Read: 2544.88GiB
  Storage KV Bytes Written: 346.26GiB
  Storage KV Bytes Read: 0.84GiB

### STORAGE KV BANDWIDTH ###
  CPU KV Read Bandwidth: 8.48GiB/s
  CPU KV Write Bandwidth: 1.20GiB/s
  Storage KV Read Bandwidth: 0.00GiB/s
  Storage KV Write Bandwidth: 1.15GiB/s

### TIER-SPECIFIC LATENCIES (Total = Host + Device) ###
  CPU Read P95 (Total): 99.46 ms
  CPU Write P95 (Total): 1044.28 ms
  Storage Read P95 (Total): 1125.64 ms

### STORAGE TIER LATENCY BREAKDOWN (Device = Disk I/O, Host = Serialization) ###
  Storage Read:
    - Device P95 (Disk I/O): 233.32 ms
    - Host P95 (Serialization): 892.32 ms
    - Total P95: 1125.64 ms

### CACHE TYPE BREAKDOWNS ###
  System Prompt Hits: 748
  Common Phrase Hits: 0
  User Cache Hits: 3449
  Multi-turn Hits: 10

### PREFIX CACHING ###
  Prefix Hits: 120
  Prefix Misses: 546
  System Prompt Reuse: 120
  Bytes Saved: 0.09GiB

### MULTI-TURN CONVERSATIONS ###
  Multi-turn Cache Hits: 10
  Multi-turn Cache Misses: 216
  Multi-turn Hit Rate: 4.4%

### QOS LATENCY METRICS (Informational - includes simulated generation) ###

  INTERACTIVE:
    Requests: 571
    Latency P95: 310196.57 ms
    Latency P99: 323059.86 ms
    SLA Met: [X] (compliance: 0.0%)

  RESPONSIVE:
    Requests: 34
    Latency P95: 45922.37 ms
    Latency P99: 215867.72 ms
    SLA Met: [X] (compliance: 0.0%)

  BATCH:
    Requests: 58
    Latency P95: 111935.05 ms
    Latency P99: 258939.70 ms
    SLA Met: [X] (compliance: 20.7%)

================================================================================
NOTES:
  - Pure storage I/O benchmark (no generation simulation)
================================================================================

================================================================================
BENCHMARK RESULTS - MLPerf KV Cache Storage Benchmark
Generation Mode: none (0.0ms/token)
================================================================================

IMPORTANT: All storage latencies below are measured per KV cache BLOCK,
not per token or per disk page.  Each block holds the full KV state for
one request (all layers, all heads, full sequence length).
  Model KV bytes/token: 131,072 bytes (128.0KiB)
  Entries in cache: 674
  Block size min:   18.6MiB
  Block size mean:  569.9MiB
  Block size P95:   1654.9MiB
  Block size max:   2260.4MiB
  A 200MiB block at 1GiB/s NVMe read = ~200 ms device latency.
  Compare latencies against block sizes, not against 4KiB page I/O.


### OVERALL PERFORMANCE ###
Requests Completed: 674
Total Tokens Generated: 124559
Throughput (wall-clock): 415.20 tokens/sec
Throughput (storage I/O): 266.10 tokens/sec
Requests/sec: 2.25

### END-TO-END LATENCY (Queue Wait + Storage I/O + Generation) ###
  Mean: 159042.01 ms
  P50:  154082.46 ms
  P95:  305266.34 ms
  P99:  319699.33 ms

### PER-REQUEST STORAGE LATENCY (All I/O ops for one request) ###
  Mean: 694.51 ms
  P50:  262.07 ms
  P95:  2154.14 ms
  P99:  5975.03 ms
  (= 1 prefill write + N decode reads per request)

### STORAGE PERFORMANCE ###
  Cache Hit Rate: 86.0%
  Total Read: 1911.18GiB
  Total Write: 383.77GiB
  Read/Write Ratio: 4.98
  Storage KV Read Operations/sec: 13.54
  Storage KV Write Operations/sec: 2.26

### CACHE TIER DISTRIBUTION ###
  GPU Entries: 0 (0.00GiB)
  CPU Entries: 4 (2.96GiB)
  Storage Entries: 670

### TIER-SPECIFIC KV BYTES ###
  CPU KV Bytes Written: 362.11GiB
  CPU KV Bytes Read: 2245.54GiB
  Storage KV Bytes Written: 369.08GiB
  Storage KV Bytes Read: 21.70GiB

### STORAGE KV BANDWIDTH ###
  CPU KV Read Bandwidth: 7.49GiB/s
  CPU KV Write Bandwidth: 1.21GiB/s
  Storage KV Read Bandwidth: 0.07GiB/s
  Storage KV Write Bandwidth: 1.23GiB/s

### TIER-SPECIFIC LATENCIES (Total = Host + Device) ###
  CPU Read P95 (Total): 104.92 ms
  CPU Write P95 (Total): 1152.21 ms
  Storage Read P95 (Total): 3755.23 ms
  Storage Write P95 (Total): 1639.21 ms

### STORAGE TIER LATENCY BREAKDOWN (Device = Disk I/O, Host = Serialization) ###
  Storage Read:
    - Device P95 (Disk I/O): 1610.28 ms
    - Host P95 (Serialization): 3564.28 ms
    - Total P95: 3755.23 ms
  Storage Write:
    - Device P95 (Disk I/O): 0.01 ms
    - Host P95 (Serialization): 1639.21 ms
    - Total P95: 1639.21 ms

### CACHE TYPE BREAKDOWNS ###
  System Prompt Hits: 769
  Common Phrase Hits: 0
  User Cache Hits: 3255
  Multi-turn Hits: 38

### PREFIX CACHING ###
  Prefix Hits: 133
  Prefix Misses: 546
  System Prompt Reuse: 133
  Bytes Saved: 0.11GiB

### MULTI-TURN CONVERSATIONS ###
  Multi-turn Cache Hits: 38
  Multi-turn Cache Misses: 530
  Multi-turn Hit Rate: 6.7%

### QOS LATENCY METRICS (Informational - includes simulated generation) ###

  INTERACTIVE:
    Requests: 570
    Latency P95: 306394.75 ms
    Latency P99: 321225.11 ms
    SLA Met: [X] (compliance: 0.0%)

  RESPONSIVE:
    Requests: 39
    Latency P95: 110989.90 ms
    Latency P99: 116431.44 ms
    SLA Met: [X] (compliance: 2.6%)

  BATCH:
    Requests: 65
    Latency P95: 29202.56 ms
    Latency P99: 59222.69 ms
    SLA Met: [X] (compliance: 27.7%)

================================================================================
NOTES:
  - Pure storage I/O benchmark (no generation simulation)
================================================================================

================================================================================
BENCHMARK RESULTS - MLPerf KV Cache Storage Benchmark
Generation Mode: none (0.0ms/token)
================================================================================

IMPORTANT: All storage latencies below are measured per KV cache BLOCK,
not per token or per disk page.  Each block holds the full KV state for
one request (all layers, all heads, full sequence length).
  Model KV bytes/token: 131,072 bytes (128.0KiB)
  Entries in cache: 813
  Block size min:   22.9MiB
  Block size mean:  474.8MiB
  Block size P95:   1759.1MiB
  Block size max:   2729.5MiB
  A 200MiB block at 1GiB/s NVMe read = ~200 ms device latency.
  Compare latencies against block sizes, not against 4KiB page I/O.


### OVERALL PERFORMANCE ###
Requests Completed: 813
Total Tokens Generated: 116984
Throughput (wall-clock): 389.95 tokens/sec
Throughput (storage I/O): 291.71 tokens/sec
Requests/sec: 2.71

### END-TO-END LATENCY (Queue Wait + Storage I/O + Generation) ###
  Mean: 152032.70 ms
  P50:  148408.93 ms
  P95:  310857.77 ms
  P99:  321172.76 ms

### PER-REQUEST STORAGE LATENCY (All I/O ops for one request) ###
  Mean: 493.27 ms
  P50:  181.11 ms
  P95:  1525.61 ms
  P99:  7102.51 ms
  (= 1 prefill write + N decode reads per request)

### STORAGE PERFORMANCE ###
  Cache Hit Rate: 88.1%
  Total Read: 1541.79GiB
  Total Write: 385.79GiB
  Read/Write Ratio: 4.00
  Storage KV Read Operations/sec: 14.06
  Storage KV Write Operations/sec: 2.72

### CACHE TIER DISTRIBUTION ###
  GPU Entries: 0 (0.00GiB)
  CPU Entries: 4 (3.10GiB)
  Storage Entries: 809

### TIER-SPECIFIC KV BYTES ###
  CPU KV Bytes Written: 376.94GiB
  CPU KV Bytes Read: 1906.40GiB
  Storage KV Bytes Written: 369.63GiB
  Storage KV Bytes Read: 5.02GiB

### STORAGE KV BANDWIDTH ###
  CPU KV Read Bandwidth: 6.35GiB/s
  CPU KV Write Bandwidth: 1.26GiB/s
  Storage KV Read Bandwidth: 0.02GiB/s
  Storage KV Write Bandwidth: 1.23GiB/s

### TIER-SPECIFIC LATENCIES (Total = Host + Device) ###
  CPU Read P95 (Total): 100.05 ms
  CPU Write P95 (Total): 901.40 ms
  Storage Read P95 (Total): 1563.12 ms

### STORAGE TIER LATENCY BREAKDOWN (Device = Disk I/O, Host = Serialization) ###
  Storage Read:
    - Device P95 (Disk I/O): 387.40 ms
    - Host P95 (Serialization): 1386.73 ms
    - Total P95: 1563.12 ms

### CACHE TYPE BREAKDOWNS ###
  System Prompt Hits: 712
  Common Phrase Hits: 0
  User Cache Hits: 3457
  Multi-turn Hits: 49

### PREFIX CACHING ###
  Prefix Hits: 145
  Prefix Misses: 672
  System Prompt Reuse: 145
  Bytes Saved: 0.12GiB

### MULTI-TURN CONVERSATIONS ###
  Multi-turn Cache Hits: 49
  Multi-turn Cache Misses: 427
  Multi-turn Hit Rate: 10.3%

### QOS LATENCY METRICS (Informational - includes simulated generation) ###

  INTERACTIVE:
    Requests: 710
    Latency P95: 313491.31 ms
    Latency P99: 321952.39 ms
    SLA Met: [X] (compliance: 0.0%)

  RESPONSIVE:
    Requests: 22
    Latency P95: 43343.90 ms
    Latency P99: 148976.48 ms
    SLA Met: [X] (compliance: 4.5%)

  BATCH:
    Requests: 81
    Latency P95: 47552.16 ms
    Latency P99: 129661.15 ms
    SLA Met: [X] (compliance: 24.7%)

================================================================================
NOTES:
  - Pure storage I/O benchmark (no generation simulation)
================================================================================

================================================================================
BENCHMARK RESULTS - MLPerf KV Cache Storage Benchmark
Generation Mode: none (0.0ms/token)
================================================================================

IMPORTANT: All storage latencies below are measured per KV cache BLOCK,
not per token or per disk page.  Each block holds the full KV state for
one request (all layers, all heads, full sequence length).
  Model KV bytes/token: 131,072 bytes (128.0KiB)
  Entries in cache: 847
  Block size min:   17.9MiB
  Block size mean:  498.9MiB
  Block size P95:   1462.9MiB
  Block size max:   2802.8MiB
  A 200MiB block at 1GiB/s NVMe read = ~200 ms device latency.
  Compare latencies against block sizes, not against 4KiB page I/O.


### OVERALL PERFORMANCE ###
Requests Completed: 847
Total Tokens Generated: 150808
Throughput (wall-clock): 502.69 tokens/sec
Throughput (storage I/O): 338.12 tokens/sec
Requests/sec: 2.82

### END-TO-END LATENCY (Queue Wait + Storage I/O + Generation) ###
  Mean: 166920.04 ms
  P50:  179730.20 ms
  P95:  309459.38 ms
  P99:  323348.95 ms

### PER-REQUEST STORAGE LATENCY (All I/O ops for one request) ###
  Mean: 526.58 ms
  P50:  248.65 ms
  P95:  1356.65 ms
  P99:  3672.43 ms
  (= 1 prefill write + N decode reads per request)

### STORAGE PERFORMANCE ###
  Cache Hit Rate: 91.1%
  Total Read: 2647.75GiB
  Total Write: 428.36GiB
  Read/Write Ratio: 6.18
  Storage KV Read Operations/sec: 18.21
  Storage KV Write Operations/sec: 2.85

### CACHE TIER DISTRIBUTION ###
  GPU Entries: 0 (0.00GiB)
  CPU Entries: 2 (3.11GiB)
  Storage Entries: 845

### TIER-SPECIFIC KV BYTES ###
  CPU KV Bytes Written: 412.65GiB
  CPU KV Bytes Read: 3038.91GiB
  Storage KV Bytes Written: 408.18GiB
  Storage KV Bytes Read: 17.03GiB

### STORAGE KV BANDWIDTH ###
  CPU KV Read Bandwidth: 10.13GiB/s
  CPU KV Write Bandwidth: 1.38GiB/s
  Storage KV Read Bandwidth: 0.06GiB/s
  Storage KV Write Bandwidth: 1.36GiB/s

### TIER-SPECIFIC LATENCIES (Total = Host + Device) ###
  CPU Read P95 (Total): 101.45 ms
  CPU Write P95 (Total): 440.63 ms
  Storage Read P95 (Total): 5120.84 ms

### STORAGE TIER LATENCY BREAKDOWN (Device = Disk I/O, Host = Serialization) ###
  Storage Read:
    - Device P95 (Disk I/O): 391.28 ms
    - Host P95 (Serialization): 4724.46 ms
    - Total P95: 5120.84 ms

### CACHE TYPE BREAKDOWNS ###
  System Prompt Hits: 1164
  Common Phrase Hits: 0
  User Cache Hits: 4251
  Multi-turn Hits: 47

### PREFIX CACHING ###
  Prefix Hits: 185
  Prefix Misses: 669
  System Prompt Reuse: 185
  Bytes Saved: 0.15GiB

### MULTI-TURN CONVERSATIONS ###
  Multi-turn Cache Hits: 47
  Multi-turn Cache Misses: 348
  Multi-turn Hit Rate: 11.9%

### QOS LATENCY METRICS (Informational - includes simulated generation) ###

  INTERACTIVE:
    Requests: 754
    Latency P95: 310343.02 ms
    Latency P99: 324441.31 ms
    SLA Met: [X] (compliance: 0.3%)

  RESPONSIVE:
    Requests: 37
    Latency P95: 88508.65 ms
    Latency P99: 185411.09 ms
    SLA Met: [X] (compliance: 8.1%)

  BATCH:
    Requests: 56
    Latency P95: 84778.29 ms
    Latency P99: 157439.78 ms
    SLA Met: [X] (compliance: 23.2%)

================================================================================
NOTES:
  - Pure storage I/O benchmark (no generation simulation)
================================================================================
KV Cache Wrapper - End delay for 90 seconds
KV Cache Wrapper - End delay for 90 seconds

================================================================================
BENCHMARK RESULTS - MLPerf KV Cache Storage Benchmark
Generation Mode: none (0.0ms/token)
================================================================================

IMPORTANT: All storage latencies below are measured per KV cache BLOCK,
not per token or per disk page.  Each block holds the full KV state for
one request (all layers, all heads, full sequence length).
  Model KV bytes/token: 131,072 bytes (128.0KiB)
  Entries in cache: 1114
  Block size min:   16.8MiB
  Block size mean:  369.7MiB
  Block size P95:   1423.4MiB
  Block size max:   2839.4MiB
  A 200MiB block at 1GiB/s NVMe read = ~200 ms device latency.
  Compare latencies against block sizes, not against 4KiB page I/O.


### OVERALL PERFORMANCE ###
Requests Completed: 1114
Total Tokens Generated: 113498
Throughput (wall-clock): 378.33 tokens/sec
Throughput (storage I/O): 304.40 tokens/sec
Requests/sec: 3.71

### END-TO-END LATENCY (Queue Wait + Storage I/O + Generation) ###
  Mean: 140764.06 ms
  P50:  136776.40 ms
  P95:  300281.35 ms
  P99:  311977.51 ms

### PER-REQUEST STORAGE LATENCY (All I/O ops for one request) ###
  Mean: 334.70 ms
  P50:  112.06 ms
  P95:  1169.27 ms
  P99:  3791.48 ms
  (= 1 prefill write + N decode reads per request)

### STORAGE PERFORMANCE ###
  Cache Hit Rate: 81.1%
  Total Read: 1667.88GiB
  Total Write: 414.50GiB
  Read/Write Ratio: 4.02
  Storage KV Read Operations/sec: 15.05
  Storage KV Write Operations/sec: 3.73

### CACHE TIER DISTRIBUTION ###
  GPU Entries: 0 (0.00GiB)
  CPU Entries: 2 (3.00GiB)
  Storage Entries: 1112

### TIER-SPECIFIC KV BYTES ###
  CPU KV Bytes Written: 382.72GiB
  CPU KV Bytes Read: 2039.05GiB
  Storage KV Bytes Written: 396.70GiB
  Storage KV Bytes Read: 6.02GiB

### STORAGE KV BANDWIDTH ###
  CPU KV Read Bandwidth: 6.80GiB/s
  CPU KV Write Bandwidth: 1.28GiB/s
  Storage KV Read Bandwidth: 0.02GiB/s
  Storage KV Write Bandwidth: 1.32GiB/s

### TIER-SPECIFIC LATENCIES (Total = Host + Device) ###
  CPU Read P95 (Total): 96.24 ms
  CPU Write P95 (Total): 416.48 ms
  Storage Read P95 (Total): 3587.40 ms
  Storage Write P95 (Total): 2936.42 ms

### STORAGE TIER LATENCY BREAKDOWN (Device = Disk I/O, Host = Serialization) ###
  Storage Read:
    - Device P95 (Disk I/O): 1058.26 ms
    - Host P95 (Serialization): 224.98 ms
    - Total P95: 3587.40 ms
  Storage Write:
    - Device P95 (Disk I/O): 0.18 ms
    - Host P95 (Serialization): 2936.27 ms
    - Total P95: 2936.42 ms

### CACHE TYPE BREAKDOWNS ###
  System Prompt Hits: 986
  Common Phrase Hits: 0
  User Cache Hits: 3484
  Multi-turn Hits: 44

### PREFIX CACHING ###
  Prefix Hits: 231
  Prefix Misses: 888
  System Prompt Reuse: 231
  Bytes Saved: 0.19GiB

### MULTI-TURN CONVERSATIONS ###
  Multi-turn Cache Hits: 44
  Multi-turn Cache Misses: 821
  Multi-turn Hit Rate: 5.1%

### QOS LATENCY METRICS (Informational - includes simulated generation) ###

  INTERACTIVE:
    Requests: 1025
    Latency P95: 301049.30 ms
    Latency P99: 312597.89 ms
    SLA Met: [X] (compliance: 0.1%)

  RESPONSIVE:
    Requests: 36
    Latency P95: 27162.79 ms
    Latency P99: 40366.10 ms
    SLA Met: [X] (compliance: 2.8%)

  BATCH:
    Requests: 53
    Latency P95: 26946.44 ms
    Latency P99: 30539.72 ms
    SLA Met: [X] (compliance: 20.8%)

================================================================================
NOTES:
  - Pure storage I/O benchmark (no generation simulation)
================================================================================

================================================================================
BENCHMARK RESULTS - MLPerf KV Cache Storage Benchmark
Generation Mode: none (0.0ms/token)
================================================================================

IMPORTANT: All storage latencies below are measured per KV cache BLOCK,
not per token or per disk page.  Each block holds the full KV state for
one request (all layers, all heads, full sequence length).
  Model KV bytes/token: 131,072 bytes (128.0KiB)
  Entries in cache: 804
  Block size min:   27.1MiB
  Block size mean:  543.3MiB
  Block size P95:   1602.4MiB
  Block size max:   2419.1MiB
  A 200MiB block at 1GiB/s NVMe read = ~200 ms device latency.
  Compare latencies against block sizes, not against 4KiB page I/O.


### OVERALL PERFORMANCE ###
Requests Completed: 804
Total Tokens Generated: 120330
Throughput (wall-clock): 401.10 tokens/sec
Throughput (storage I/O): 352.70 tokens/sec
Requests/sec: 2.68

### END-TO-END LATENCY (Queue Wait + Storage I/O + Generation) ###
  Mean: 162307.85 ms
  P50:  162743.44 ms
  P95:  311914.57 ms
  P99:  323640.63 ms

### PER-REQUEST STORAGE LATENCY (All I/O ops for one request) ###
  Mean: 424.34 ms
  P50:  150.25 ms
  P95:  1232.31 ms
  P99:  4431.85 ms
  (= 1 prefill write + N decode reads per request)

### STORAGE PERFORMANCE ###
  Cache Hit Rate: 91.4%
  Total Read: 1871.03GiB
  Total Write: 437.00GiB
  Read/Write Ratio: 4.28
  Storage KV Read Operations/sec: 13.06
  Storage KV Write Operations/sec: 2.70

### CACHE TIER DISTRIBUTION ###
  GPU Entries: 0 (0.00GiB)
  CPU Entries: 4 (2.92GiB)
  Storage Entries: 800

### TIER-SPECIFIC KV BYTES ###
  CPU KV Bytes Written: 426.61GiB
  CPU KV Bytes Read: 2279.69GiB
  Storage KV Bytes Written: 419.08GiB
  Storage KV Bytes Read: 10.41GiB

### STORAGE KV BANDWIDTH ###
  CPU KV Read Bandwidth: 7.60GiB/s
  CPU KV Write Bandwidth: 1.42GiB/s
  Storage KV Read Bandwidth: 0.03GiB/s
  Storage KV Write Bandwidth: 1.40GiB/s

### TIER-SPECIFIC LATENCIES (Total = Host + Device) ###
  CPU Read P95 (Total): 100.68 ms
  CPU Write P95 (Total): 603.70 ms
  Storage Read P95 (Total): 798.46 ms

### STORAGE TIER LATENCY BREAKDOWN (Device = Disk I/O, Host = Serialization) ###
  Storage Read:
    - Device P95 (Disk I/O): 275.45 ms
    - Host P95 (Serialization): 558.20 ms
    - Total P95: 798.46 ms

### CACHE TYPE BREAKDOWNS ###
  System Prompt Hits: 736
  Common Phrase Hits: 0
  User Cache Hits: 3143
  Multi-turn Hits: 40

### PREFIX CACHING ###
  Prefix Hits: 150
  Prefix Misses: 659
  System Prompt Reuse: 150
  Bytes Saved: 0.12GiB

### MULTI-TURN CONVERSATIONS ###
  Multi-turn Cache Hits: 40
  Multi-turn Cache Misses: 219
  Multi-turn Hit Rate: 15.4%

### QOS LATENCY METRICS (Informational - includes simulated generation) ###

  INTERACTIVE:
    Requests: 700
    Latency P95: 313635.61 ms
    Latency P99: 323897.05 ms
    SLA Met: [X] (compliance: 0.0%)

  RESPONSIVE:
    Requests: 56
    Latency P95: 17378.33 ms
    Latency P99: 39303.75 ms
    SLA Met: [X] (compliance: 5.4%)

  BATCH:
    Requests: 48
    Latency P95: 68540.67 ms
    Latency P99: 104687.54 ms
    SLA Met: [X] (compliance: 20.8%)

================================================================================
NOTES:
  - Pure storage I/O benchmark (no generation simulation)
================================================================================
KV Cache Wrapper - End delay for 90 seconds

================================================================================
BENCHMARK RESULTS - MLPerf KV Cache Storage Benchmark
Generation Mode: none (0.0ms/token)
================================================================================

IMPORTANT: All storage latencies below are measured per KV cache BLOCK,
not per token or per disk page.  Each block holds the full KV state for
one request (all layers, all heads, full sequence length).
  Model KV bytes/token: 131,072 bytes (128.0KiB)
  Entries in cache: 877
  Block size min:   18.4MiB
  Block size mean:  637.8MiB
  Block size P95:   1720.5MiB
  Block size max:   2894.2MiB
  A 200MiB block at 1GiB/s NVMe read = ~200 ms device latency.
  Compare latencies against block sizes, not against 4KiB page I/O.


### OVERALL PERFORMANCE ###
Requests Completed: 877
Total Tokens Generated: 125581
Throughput (wall-clock): 418.60 tokens/sec
Throughput (storage I/O): 374.42 tokens/sec
Requests/sec: 2.92

### END-TO-END LATENCY (Queue Wait + Storage I/O + Generation) ###
  Mean: 147008.76 ms
  P50:  142003.82 ms
  P95:  308829.72 ms
  P99:  320025.73 ms

### PER-REQUEST STORAGE LATENCY (All I/O ops for one request) ###
  Mean: 382.44 ms
  P50:  181.22 ms
  P95:  1108.56 ms
  P99:  3135.63 ms
  (= 1 prefill write + N decode reads per request)

### STORAGE PERFORMANCE ###
  Cache Hit Rate: 90.5%
  Total Read: 2132.05GiB
  Total Write: 561.26GiB
  Read/Write Ratio: 3.80
  Storage KV Read Operations/sec: 14.17
  Storage KV Write Operations/sec: 2.95

### CACHE TIER DISTRIBUTION ###
  GPU Entries: 0 (0.00GiB)
  CPU Entries: 7 (2.97GiB)
  Storage Entries: 870

### TIER-SPECIFIC KV BYTES ###
  CPU KV Bytes Written: 506.91GiB
  CPU KV Bytes Read: 2614.17GiB
  Storage KV Bytes Written: 534.37GiB
  Storage KV Bytes Read: 12.89GiB

### STORAGE KV BANDWIDTH ###
  CPU KV Read Bandwidth: 8.71GiB/s
  CPU KV Write Bandwidth: 1.69GiB/s
  Storage KV Read Bandwidth: 0.04GiB/s
  Storage KV Write Bandwidth: 1.78GiB/s

### TIER-SPECIFIC LATENCIES (Total = Host + Device) ###
  CPU Read P95 (Total): 93.50 ms
  CPU Write P95 (Total): 253.96 ms
  Storage Read P95 (Total): 891.70 ms
  Storage Write P95 (Total): 3801.22 ms

### STORAGE TIER LATENCY BREAKDOWN (Device = Disk I/O, Host = Serialization) ###
  Storage Read:
    - Device P95 (Disk I/O): 298.43 ms
    - Host P95 (Serialization): 606.08 ms
    - Total P95: 891.70 ms
  Storage Write:
    - Device P95 (Disk I/O): 0.01 ms
    - Host P95 (Serialization): 3801.22 ms
    - Total P95: 3801.22 ms

### CACHE TYPE BREAKDOWNS ###
  System Prompt Hits: 884
  Common Phrase Hits: 0
  User Cache Hits: 3344
  Multi-turn Hits: 22

### PREFIX CACHING ###
  Prefix Hits: 191
  Prefix Misses: 693
  System Prompt Reuse: 191
  Bytes Saved: 0.15GiB

### MULTI-TURN CONVERSATIONS ###
  Multi-turn Cache Hits: 22
  Multi-turn Cache Misses: 253
  Multi-turn Hit Rate: 8.0%

### QOS LATENCY METRICS (Informational - includes simulated generation) ###

  INTERACTIVE:
    Requests: 789
    Latency P95: 309884.83 ms
    Latency P99: 320202.95 ms
    SLA Met: [X] (compliance: 0.0%)

  RESPONSIVE:
    Requests: 46
    Latency P95: 44512.11 ms
    Latency P99: 68581.34 ms
    SLA Met: [X] (compliance: 0.0%)

  BATCH:
    Requests: 42
    Latency P95: 42937.74 ms
    Latency P99: 89917.60 ms
    SLA Met: [X] (compliance: 16.7%)

================================================================================
NOTES:
  - Pure storage I/O benchmark (no generation simulation)
================================================================================
KV Cache Wrapper - End delay for 90 seconds

================================================================================
BENCHMARK RESULTS - MLPerf KV Cache Storage Benchmark
Generation Mode: none (0.0ms/token)
================================================================================

IMPORTANT: All storage latencies below are measured per KV cache BLOCK,
not per token or per disk page.  Each block holds the full KV state for
one request (all layers, all heads, full sequence length).
  Model KV bytes/token: 131,072 bytes (128.0KiB)
  Entries in cache: 1085
  Block size min:   32.6MiB
  Block size mean:  437.8MiB
  Block size P95:   1235.4MiB
  Block size max:   2969.5MiB
  A 200MiB block at 1GiB/s NVMe read = ~200 ms device latency.
  Compare latencies against block sizes, not against 4KiB page I/O.


### OVERALL PERFORMANCE ###
Requests Completed: 1084
Total Tokens Generated: 137248
Throughput (wall-clock): 457.49 tokens/sec
Throughput (storage I/O): 374.13 tokens/sec
Requests/sec: 3.61

### END-TO-END LATENCY (Queue Wait + Storage I/O + Generation) ###
  Mean: 156474.20 ms
  P50:  155354.13 ms
  P95:  286646.82 ms
  P99:  315537.36 ms

### PER-REQUEST STORAGE LATENCY (All I/O ops for one request) ###
  Mean: 338.42 ms
  P50:  139.00 ms
  P95:  1026.29 ms
  P99:  2154.53 ms
  (= 1 prefill write + N decode reads per request)

### STORAGE PERFORMANCE ###
  Cache Hit Rate: 91.0%
  Total Read: 2537.08GiB
  Total Write: 471.32GiB
  Read/Write Ratio: 5.38
  Storage KV Read Operations/sec: 18.36
  Storage KV Write Operations/sec: 3.63

### CACHE TIER DISTRIBUTION ###
  GPU Entries: 0 (0.00GiB)
  CPU Entries: 6 (3.17GiB)
  Storage Entries: 1079

### TIER-SPECIFIC KV BYTES ###
  CPU KV Bytes Written: 459.14GiB
  CPU KV Bytes Read: 2984.29GiB
  Storage KV Bytes Written: 456.59GiB
  Storage KV Bytes Read: 4.63GiB

### STORAGE KV BANDWIDTH ###
  CPU KV Read Bandwidth: 9.95GiB/s
  CPU KV Write Bandwidth: 1.53GiB/s
  Storage KV Read Bandwidth: 0.02GiB/s
  Storage KV Write Bandwidth: 1.52GiB/s

### TIER-SPECIFIC LATENCIES (Total = Host + Device) ###
  CPU Read P95 (Total): 102.63 ms
  CPU Write P95 (Total): 151.76 ms
  Storage Read P95 (Total): 1582.20 ms
  Storage Write P95 (Total): 1749.13 ms

### STORAGE TIER LATENCY BREAKDOWN (Device = Disk I/O, Host = Serialization) ###
  Storage Read:
    - Device P95 (Disk I/O): 303.83 ms
    - Host P95 (Serialization): 1417.63 ms
    - Total P95: 1582.20 ms
  Storage Write:
    - Device P95 (Disk I/O): 0.01 ms
    - Host P95 (Serialization): 1749.13 ms
    - Total P95: 1749.13 ms

### CACHE TYPE BREAKDOWNS ###
  System Prompt Hits: 1011
  Common Phrase Hits: 0
  User Cache Hits: 4474
  Multi-turn Hits: 23

### PREFIX CACHING ###
  Prefix Hits: 212
  Prefix Misses: 878
  System Prompt Reuse: 212
  Bytes Saved: 0.17GiB

### MULTI-TURN CONVERSATIONS ###
  Multi-turn Cache Hits: 23
  Multi-turn Cache Misses: 331
  Multi-turn Hit Rate: 6.5%

### QOS LATENCY METRICS (Informational - includes simulated generation) ###

  INTERACTIVE:
    Requests: 992
    Latency P95: 287327.60 ms
    Latency P99: 315508.80 ms
    SLA Met: [X] (compliance: 0.0%)

  RESPONSIVE:
    Requests: 45
    Latency P95: 52371.79 ms
    Latency P99: 208705.49 ms
    SLA Met: [X] (compliance: 0.0%)

  BATCH:
    Requests: 47
    Latency P95: 61828.22 ms
    Latency P99: 221413.99 ms
    SLA Met: [X] (compliance: 12.8%)

================================================================================
NOTES:
  - Pure storage I/O benchmark (no generation simulation)
================================================================================
KV Cache Wrapper - End delay for 90 seconds

================================================================================
BENCHMARK RESULTS - MLPerf KV Cache Storage Benchmark
Generation Mode: none (0.0ms/token)
================================================================================

IMPORTANT: All storage latencies below are measured per KV cache BLOCK,
not per token or per disk page.  Each block holds the full KV state for
one request (all layers, all heads, full sequence length).
  Model KV bytes/token: 131,072 bytes (128.0KiB)
  Entries in cache: 624
  Block size min:   26.0MiB
  Block size mean:  712.5MiB
  Block size P95:   2178.0MiB
  Block size max:   2863.4MiB
  A 200MiB block at 1GiB/s NVMe read = ~200 ms device latency.
  Compare latencies against block sizes, not against 4KiB page I/O.


### OVERALL PERFORMANCE ###
Requests Completed: 624
Total Tokens Generated: 77804
Throughput (wall-clock): 259.35 tokens/sec
Throughput (storage I/O): 253.94 tokens/sec
Requests/sec: 2.08

### END-TO-END LATENCY (Queue Wait + Storage I/O + Generation) ###
  Mean: 166670.08 ms
  P50:  164723.21 ms
  P95:  314788.46 ms
  P99:  327624.15 ms

### PER-REQUEST STORAGE LATENCY (All I/O ops for one request) ###
  Mean: 491.00 ms
  P50:  159.55 ms
  P95:  2299.20 ms
  P99:  5500.98 ms
  (= 1 prefill write + N decode reads per request)

### STORAGE PERFORMANCE ###
  Cache Hit Rate: 91.1%
  Total Read: 1132.57GiB
  Total Write: 446.27GiB
  Read/Write Ratio: 2.54
  Storage KV Read Operations/sec: 7.99
  Storage KV Write Operations/sec: 2.10

### CACHE TIER DISTRIBUTION ###
  GPU Entries: 0 (0.00GiB)
  CPU Entries: 6 (2.83GiB)
  Storage Entries: 618

### TIER-SPECIFIC KV BYTES ###
  CPU KV Bytes Written: 417.35GiB
  CPU KV Bytes Read: 1536.31GiB
  Storage KV Bytes Written: 421.83GiB
  Storage KV Bytes Read: 1.25GiB

### STORAGE KV BANDWIDTH ###
  CPU KV Read Bandwidth: 5.12GiB/s
  CPU KV Write Bandwidth: 1.39GiB/s
  Storage KV Read Bandwidth: 0.00GiB/s
  Storage KV Write Bandwidth: 1.41GiB/s

### TIER-SPECIFIC LATENCIES (Total = Host + Device) ###
  CPU Read P95 (Total): 97.63 ms
  CPU Write P95 (Total): 953.48 ms
  Storage Read P95 (Total): 307.33 ms
  Storage Write P95 (Total): 3272.21 ms

### STORAGE TIER LATENCY BREAKDOWN (Device = Disk I/O, Host = Serialization) ###
  Storage Read:
    - Device P95 (Disk I/O): 216.21 ms
    - Host P95 (Serialization): 91.12 ms
    - Total P95: 307.33 ms
  Storage Write:
    - Device P95 (Disk I/O): 0.01 ms
    - Host P95 (Serialization): 3272.21 ms
    - Total P95: 3272.21 ms

### CACHE TYPE BREAKDOWNS ###
  System Prompt Hits: 463
  Common Phrase Hits: 0
  User Cache Hits: 1913
  Multi-turn Hits: 20

### PREFIX CACHING ###
  Prefix Hits: 128
  Prefix Misses: 501
  System Prompt Reuse: 128
  Bytes Saved: 0.10GiB

### MULTI-TURN CONVERSATIONS ###
  Multi-turn Cache Hits: 20
  Multi-turn Cache Misses: 105
  Multi-turn Hit Rate: 16.0%

### QOS LATENCY METRICS (Informational - includes simulated generation) ###

  INTERACTIVE:
    Requests: 526
    Latency P95: 316329.27 ms
    Latency P99: 328565.75 ms
    SLA Met: [X] (compliance: 0.0%)

  RESPONSIVE:
    Requests: 39
    Latency P95: 67646.15 ms
    Latency P99: 68807.44 ms
    SLA Met: [X] (compliance: 5.1%)

  BATCH:
    Requests: 59
    Latency P95: 69378.77 ms
    Latency P99: 176469.42 ms
    SLA Met: [X] (compliance: 16.9%)

================================================================================
NOTES:
  - Pure storage I/O benchmark (no generation simulation)
================================================================================

================================================================================
BENCHMARK RESULTS - MLPerf KV Cache Storage Benchmark
Generation Mode: none (0.0ms/token)
================================================================================

IMPORTANT: All storage latencies below are measured per KV cache BLOCK,
not per token or per disk page.  Each block holds the full KV state for
one request (all layers, all heads, full sequence length).
  Model KV bytes/token: 131,072 bytes (128.0KiB)
  Entries in cache: 637
  Block size min:   25.9MiB
  Block size mean:  651.3MiB
  Block size P95:   1968.9MiB
  Block size max:   2807.8MiB
  A 200MiB block at 1GiB/s NVMe read = ~200 ms device latency.
  Compare latencies against block sizes, not against 4KiB page I/O.


### OVERALL PERFORMANCE ###
Requests Completed: 637
Total Tokens Generated: 93584
Throughput (wall-clock): 311.95 tokens/sec
Throughput (storage I/O): 227.76 tokens/sec
Requests/sec: 2.12

### END-TO-END LATENCY (Queue Wait + Storage I/O + Generation) ###
  Mean: 155804.30 ms
  P50:  157037.24 ms
  P95:  309166.92 ms
  P99:  323026.67 ms

### PER-REQUEST STORAGE LATENCY (All I/O ops for one request) ###
  Mean: 645.04 ms
  P50:  170.72 ms
  P95:  1794.52 ms
  P99:  8861.00 ms
  (= 1 prefill write + N decode reads per request)

### STORAGE PERFORMANCE ###
  Cache Hit Rate: 82.0%
  Total Read: 1492.53GiB
  Total Write: 421.45GiB
  Read/Write Ratio: 3.54
  Storage KV Read Operations/sec: 9.90
  Storage KV Write Operations/sec: 2.15

### CACHE TIER DISTRIBUTION ###
  GPU Entries: 0 (0.00GiB)
  CPU Entries: 3 (2.83GiB)
  Storage Entries: 634

### TIER-SPECIFIC KV BYTES ###
  CPU KV Bytes Written: 400.87GiB
  CPU KV Bytes Read: 1878.98GiB
  Storage KV Bytes Written: 397.49GiB
  Storage KV Bytes Read: 6.74GiB

### STORAGE KV BANDWIDTH ###
  CPU KV Read Bandwidth: 6.26GiB/s
  CPU KV Write Bandwidth: 1.34GiB/s
  Storage KV Read Bandwidth: 0.02GiB/s
  Storage KV Write Bandwidth: 1.32GiB/s

### TIER-SPECIFIC LATENCIES (Total = Host + Device) ###
  CPU Read P95 (Total): 107.89 ms
  CPU Write P95 (Total): 524.33 ms
  Storage Read P95 (Total): 6977.77 ms
  Storage Write P95 (Total): 3010.08 ms

### STORAGE TIER LATENCY BREAKDOWN (Device = Disk I/O, Host = Serialization) ###
  Storage Read:
    - Device P95 (Disk I/O): 4365.13 ms
    - Host P95 (Serialization): 3160.37 ms
    - Total P95: 6977.77 ms
  Storage Write:
    - Device P95 (Disk I/O): 0.01 ms
    - Host P95 (Serialization): 3010.08 ms
    - Total P95: 3010.08 ms

### CACHE TYPE BREAKDOWNS ###
  System Prompt Hits: 522
  Common Phrase Hits: 0
  User Cache Hits: 2378
  Multi-turn Hits: 70

### PREFIX CACHING ###
  Prefix Hits: 117
  Prefix Misses: 527
  System Prompt Reuse: 117
  Bytes Saved: 0.10GiB

### MULTI-TURN CONVERSATIONS ###
  Multi-turn Cache Hits: 70
  Multi-turn Cache Misses: 536
  Multi-turn Hit Rate: 11.6%

### QOS LATENCY METRICS (Informational - includes simulated generation) ###

  INTERACTIVE:
    Requests: 533
    Latency P95: 311806.14 ms
    Latency P99: 328332.15 ms
    SLA Met: [X] (compliance: 0.0%)

  RESPONSIVE:
    Requests: 42
    Latency P95: 48201.75 ms
    Latency P99: 81067.03 ms
    SLA Met: [X] (compliance: 4.8%)

  BATCH:
    Requests: 62
    Latency P95: 26264.09 ms
    Latency P99: 49867.17 ms
    SLA Met: [X] (compliance: 30.6%)

================================================================================
NOTES:
  - Pure storage I/O benchmark (no generation simulation)
================================================================================
KV Cache Wrapper - End delay for 90 seconds
KV Cache Wrapper - End delay for 90 seconds
KV Cache Wrapper - End delay for 90 seconds

================================================================================
BENCHMARK RESULTS - MLPerf KV Cache Storage Benchmark
Generation Mode: none (0.0ms/token)
================================================================================

IMPORTANT: All storage latencies below are measured per KV cache BLOCK,
not per token or per disk page.  Each block holds the full KV state for
one request (all layers, all heads, full sequence length).
  Model KV bytes/token: 131,072 bytes (128.0KiB)
  Entries in cache: 945
  Block size min:   31.8MiB
  Block size mean:  472.1MiB
  Block size P95:   1421.4MiB
  Block size max:   2522.8MiB
  A 200MiB block at 1GiB/s NVMe read = ~200 ms device latency.
  Compare latencies against block sizes, not against 4KiB page I/O.


### OVERALL PERFORMANCE ###
Requests Completed: 945
Total Tokens Generated: 148099
Throughput (wall-clock): 493.66 tokens/sec
Throughput (storage I/O): 269.50 tokens/sec
Requests/sec: 3.15

### END-TO-END LATENCY (Queue Wait + Storage I/O + Generation) ###
  Mean: 143321.66 ms
  P50:  140099.28 ms
  P95:  304996.20 ms
  P99:  320517.80 ms

### PER-REQUEST STORAGE LATENCY (All I/O ops for one request) ###
  Mean: 581.52 ms
  P50:  171.74 ms
  P95:  1573.00 ms
  P99:  10944.60 ms
  (= 1 prefill write + N decode reads per request)

### STORAGE PERFORMANCE ###
  Cache Hit Rate: 90.5%
  Total Read: 2542.08GiB
  Total Write: 443.45GiB
  Read/Write Ratio: 5.73
  Storage KV Read Operations/sec: 18.26
  Storage KV Write Operations/sec: 3.16

### CACHE TIER DISTRIBUTION ###
  GPU Entries: 0 (0.00GiB)
  CPU Entries: 33 (2.84GiB)
  Storage Entries: 912

### TIER-SPECIFIC KV BYTES ###
  CPU KV Bytes Written: 435.72GiB
  CPU KV Bytes Read: 2930.31GiB
  Storage KV Bytes Written: 408.11GiB
  Storage KV Bytes Read: 19.89GiB

### STORAGE KV BANDWIDTH ###
  CPU KV Read Bandwidth: 9.77GiB/s
  CPU KV Write Bandwidth: 1.45GiB/s
  Storage KV Read Bandwidth: 0.07GiB/s
  Storage KV Write Bandwidth: 1.36GiB/s

### TIER-SPECIFIC LATENCIES (Total = Host + Device) ###
  CPU Read P95 (Total): 96.19 ms
  CPU Write P95 (Total): 567.19 ms
  Storage Read P95 (Total): 1024.83 ms

### STORAGE TIER LATENCY BREAKDOWN (Device = Disk I/O, Host = Serialization) ###
  Storage Read:
    - Device P95 (Disk I/O): 287.12 ms
    - Host P95 (Serialization): 910.42 ms
    - Total P95: 1024.83 ms

### CACHE TYPE BREAKDOWNS ###
  System Prompt Hits: 1016
  Common Phrase Hits: 0
  User Cache Hits: 4419
  Multi-turn Hits: 42

### PREFIX CACHING ###
  Prefix Hits: 190
  Prefix Misses: 759
  System Prompt Reuse: 190
  Bytes Saved: 0.16GiB

### MULTI-TURN CONVERSATIONS ###
  Multi-turn Cache Hits: 42
  Multi-turn Cache Misses: 386
  Multi-turn Hit Rate: 9.8%

### QOS LATENCY METRICS (Informational - includes simulated generation) ###

  INTERACTIVE:
    Requests: 848
    Latency P95: 306142.07 ms
    Latency P99: 321121.28 ms
    SLA Met: [X] (compliance: 0.0%)

  RESPONSIVE:
    Requests: 45
    Latency P95: 26349.72 ms
    Latency P99: 59256.87 ms
    SLA Met: [X] (compliance: 2.2%)

  BATCH:
    Requests: 52
    Latency P95: 38109.58 ms
    Latency P99: 74173.28 ms
    SLA Met: [X] (compliance: 23.1%)

================================================================================
NOTES:
  - Pure storage I/O benchmark (no generation simulation)
================================================================================
KV Cache Wrapper - End delay for 90 seconds
KV Cache Wrapper - End delay for 90 seconds

================================================================================
BENCHMARK RESULTS - MLPerf KV Cache Storage Benchmark
Generation Mode: none (0.0ms/token)
================================================================================

IMPORTANT: All storage latencies below are measured per KV cache BLOCK,
not per token or per disk page.  Each block holds the full KV state for
one request (all layers, all heads, full sequence length).
  Model KV bytes/token: 131,072 bytes (128.0KiB)
  Entries in cache: 516
  Block size min:   20.9MiB
  Block size mean:  497.2MiB
  Block size P95:   1568.5MiB
  Block size max:   2604.8MiB
  A 200MiB block at 1GiB/s NVMe read = ~200 ms device latency.
  Compare latencies against block sizes, not against 4KiB page I/O.


### OVERALL PERFORMANCE ###
Requests Completed: 516
Total Tokens Generated: 84239
Throughput (wall-clock): 280.80 tokens/sec
Throughput (storage I/O): 176.18 tokens/sec
Requests/sec: 1.72

### END-TO-END LATENCY (Queue Wait + Storage I/O + Generation) ###
  Mean: 155499.53 ms
  P50:  166676.22 ms
  P95:  324537.23 ms
  P99:  333296.26 ms

### PER-REQUEST STORAGE LATENCY (All I/O ops for one request) ###
  Mean: 926.64 ms
  P50:  217.93 ms
  P95:  2764.99 ms
  P99:  18037.80 ms
  (= 1 prefill write + N decode reads per request)

### STORAGE PERFORMANCE ###
  Cache Hit Rate: 86.4%
  Total Read: 1209.32GiB
  Total Write: 268.03GiB
  Read/Write Ratio: 4.51
  Storage KV Read Operations/sec: 9.87
  Storage KV Write Operations/sec: 1.75

### CACHE TIER DISTRIBUTION ###
  GPU Entries: 0 (0.00GiB)
  CPU Entries: 16 (3.09GiB)
  Storage Entries: 500

### TIER-SPECIFIC KV BYTES ###
  CPU KV Bytes Written: 248.25GiB
  CPU KV Bytes Read: 1436.67GiB
  Storage KV Bytes Written: 232.20GiB
  Storage KV Bytes Read: 2.57GiB

### STORAGE KV BANDWIDTH ###
  CPU KV Read Bandwidth: 4.79GiB/s
  CPU KV Write Bandwidth: 0.83GiB/s
  Storage KV Read Bandwidth: 0.01GiB/s
  Storage KV Write Bandwidth: 0.77GiB/s

### TIER-SPECIFIC LATENCIES (Total = Host + Device) ###
  CPU Read P95 (Total): 101.97 ms
  CPU Write P95 (Total): 1743.99 ms
  Storage Read P95 (Total): 10833.18 ms
  Storage Write P95 (Total): 4253.22 ms

### STORAGE TIER LATENCY BREAKDOWN (Device = Disk I/O, Host = Serialization) ###
  Storage Read:
    - Device P95 (Disk I/O): 9380.33 ms
    - Host P95 (Serialization): 1513.15 ms
    - Total P95: 10833.18 ms
  Storage Write:
    - Device P95 (Disk I/O): 0.01 ms
    - Host P95 (Serialization): 4253.22 ms
    - Total P95: 4253.22 ms

### CACHE TYPE BREAKDOWNS ###
  System Prompt Hits: 670
  Common Phrase Hits: 0
  User Cache Hits: 2260
  Multi-turn Hits: 30

### PREFIX CACHING ###
  Prefix Hits: 112
  Prefix Misses: 412
  System Prompt Reuse: 112
  Bytes Saved: 0.09GiB

### MULTI-TURN CONVERSATIONS ###
  Multi-turn Cache Hits: 30
  Multi-turn Cache Misses: 353
  Multi-turn Hit Rate: 7.8%

### QOS LATENCY METRICS (Informational - includes simulated generation) ###

  INTERACTIVE:
    Requests: 422
    Latency P95: 326403.69 ms
    Latency P99: 338667.98 ms
    SLA Met: [X] (compliance: 0.0%)

  RESPONSIVE:
    Requests: 35
    Latency P95: 23252.16 ms
    Latency P99: 27031.82 ms
    SLA Met: [X] (compliance: 0.0%)

  BATCH:
    Requests: 59
    Latency P95: 47950.94 ms
    Latency P99: 101296.37 ms
    SLA Met: [X] (compliance: 20.3%)

================================================================================
NOTES:
  - Pure storage I/O benchmark (no generation simulation)
================================================================================
KV Cache Wrapper - End delay for 90 seconds
KV Cache Wrapper - End delay for 90 seconds

================================================================================
BENCHMARK RESULTS - MLPerf KV Cache Storage Benchmark
Generation Mode: none (0.0ms/token)
================================================================================

IMPORTANT: All storage latencies below are measured per KV cache BLOCK,
not per token or per disk page.  Each block holds the full KV state for
one request (all layers, all heads, full sequence length).
  Model KV bytes/token: 131,072 bytes (128.0KiB)
  Entries in cache: 497
  Block size min:   23.9MiB
  Block size mean:  791.0MiB
  Block size P95:   2203.8MiB
  Block size max:   2675.0MiB
  A 200MiB block at 1GiB/s NVMe read = ~200 ms device latency.
  Compare latencies against block sizes, not against 4KiB page I/O.


### OVERALL PERFORMANCE ###
Requests Completed: 497
Total Tokens Generated: 81801
Throughput (wall-clock): 272.67 tokens/sec
Throughput (storage I/O): 119.99 tokens/sec
Requests/sec: 1.66

### END-TO-END LATENCY (Queue Wait + Storage I/O + Generation) ###
  Mean: 167771.56 ms
  P50:  166883.48 ms
  P95:  326840.49 ms
  P99:  340855.22 ms

### PER-REQUEST STORAGE LATENCY (All I/O ops for one request) ###
  Mean: 1371.71 ms
  P50:  242.39 ms
  P95:  5149.68 ms
  P99:  27183.62 ms
  (= 1 prefill write + N decode reads per request)

### STORAGE PERFORMANCE ###
  Cache Hit Rate: 86.8%
  Total Read: 1301.30GiB
  Total Write: 396.03GiB
  Read/Write Ratio: 3.29
  Storage KV Read Operations/sec: 7.83
  Storage KV Write Operations/sec: 1.68

### CACHE TIER DISTRIBUTION ###
  GPU Entries: 0 (0.00GiB)
  CPU Entries: 26 (2.80GiB)
  Storage Entries: 471

### TIER-SPECIFIC KV BYTES ###
  CPU KV Bytes Written: 383.92GiB
  CPU KV Bytes Read: 1643.06GiB
  Storage KV Bytes Written: 355.39GiB
  Storage KV Bytes Read: 13.62GiB

### STORAGE KV BANDWIDTH ###
  CPU KV Read Bandwidth: 5.48GiB/s
  CPU KV Write Bandwidth: 1.28GiB/s
  Storage KV Read Bandwidth: 0.05GiB/s
  Storage KV Write Bandwidth: 1.18GiB/s

### TIER-SPECIFIC LATENCIES (Total = Host + Device) ###
  CPU Read P95 (Total): 101.58 ms
  CPU Write P95 (Total): 5024.23 ms
  Storage Read P95 (Total): 479.12 ms

### STORAGE TIER LATENCY BREAKDOWN (Device = Disk I/O, Host = Serialization) ###
  Storage Read:
    - Device P95 (Disk I/O): 289.29 ms
    - Host P95 (Serialization): 213.63 ms
    - Total P95: 479.12 ms

### CACHE TYPE BREAKDOWNS ###
  System Prompt Hits: 441
  Common Phrase Hits: 0
  User Cache Hits: 1884
  Multi-turn Hits: 25

### PREFIX CACHING ###
  Prefix Hits: 93
  Prefix Misses: 410
  System Prompt Reuse: 93
  Bytes Saved: 0.08GiB

### MULTI-TURN CONVERSATIONS ###
  Multi-turn Cache Hits: 25
  Multi-turn Cache Misses: 265
  Multi-turn Hit Rate: 8.6%

### QOS LATENCY METRICS (Informational - includes simulated generation) ###

  INTERACTIVE:
    Requests: 389
    Latency P95: 331541.07 ms
    Latency P99: 341501.61 ms
    SLA Met: [X] (compliance: 0.0%)

  RESPONSIVE:
    Requests: 43
    Latency P95: 75054.06 ms
    Latency P99: 132522.85 ms
    SLA Met: [X] (compliance: 4.7%)

  BATCH:
    Requests: 65
    Latency P95: 70858.17 ms
    Latency P99: 76154.92 ms
    SLA Met: [X] (compliance: 21.5%)

================================================================================
NOTES:
  - Pure storage I/O benchmark (no generation simulation)
================================================================================

================================================================================
BENCHMARK RESULTS - MLPerf KV Cache Storage Benchmark
Generation Mode: none (0.0ms/token)
================================================================================

IMPORTANT: All storage latencies below are measured per KV cache BLOCK,
not per token or per disk page.  Each block holds the full KV state for
one request (all layers, all heads, full sequence length).
  Model KV bytes/token: 131,072 bytes (128.0KiB)
  Entries in cache: 732
  Block size min:   30.9MiB
  Block size mean:  752.4MiB
  Block size P95:   1910.7MiB
  Block size max:   2667.6MiB
  A 200MiB block at 1GiB/s NVMe read = ~200 ms device latency.
  Compare latencies against block sizes, not against 4KiB page I/O.


### OVERALL PERFORMANCE ###
Requests Completed: 732
Total Tokens Generated: 107027
Throughput (wall-clock): 356.76 tokens/sec
Throughput (storage I/O): 345.25 tokens/sec
Requests/sec: 2.44

### END-TO-END LATENCY (Queue Wait + Storage I/O + Generation) ###
  Mean: 147502.81 ms
  P50:  142839.96 ms
  P95:  304307.25 ms
  P99:  329063.58 ms

### PER-REQUEST STORAGE LATENCY (All I/O ops for one request) ###
  Mean: 423.50 ms
  P50:  165.93 ms
  P95:  1387.89 ms
  P99:  2871.13 ms
  (= 1 prefill write + N decode reads per request)

### STORAGE PERFORMANCE ###
  Cache Hit Rate: 82.0%
  Total Read: 1692.87GiB
  Total Write: 550.83GiB
  Read/Write Ratio: 3.07
  Storage KV Read Operations/sec: 10.72
  Storage KV Write Operations/sec: 2.46

### CACHE TIER DISTRIBUTION ###
  GPU Entries: 0 (0.00GiB)
  CPU Entries: 9 (2.95GiB)
  Storage Entries: 723

### TIER-SPECIFIC KV BYTES ###
  CPU KV Bytes Written: 505.35GiB
  CPU KV Bytes Read: 2147.84GiB
  Storage KV Bytes Written: 526.57GiB
  Storage KV Bytes Read: 39.07GiB

### STORAGE KV BANDWIDTH ###
  CPU KV Read Bandwidth: 7.16GiB/s
  CPU KV Write Bandwidth: 1.68GiB/s
  Storage KV Read Bandwidth: 0.13GiB/s
  Storage KV Write Bandwidth: 1.76GiB/s

### TIER-SPECIFIC LATENCIES (Total = Host + Device) ###
  CPU Read P95 (Total): 100.27 ms
  CPU Write P95 (Total): 514.17 ms
  Storage Read P95 (Total): 1355.42 ms
  Storage Write P95 (Total): 3010.46 ms

### STORAGE TIER LATENCY BREAKDOWN (Device = Disk I/O, Host = Serialization) ###
  Storage Read:
    - Device P95 (Disk I/O): 317.24 ms
    - Host P95 (Serialization): 1062.08 ms
    - Total P95: 1355.42 ms
  Storage Write:
    - Device P95 (Disk I/O): 0.01 ms
    - Host P95 (Serialization): 3010.46 ms
    - Total P95: 3010.46 ms

### CACHE TYPE BREAKDOWNS ###
  System Prompt Hits: 593
  Common Phrase Hits: 0
  User Cache Hits: 2577
  Multi-turn Hits: 46

### PREFIX CACHING ###
  Prefix Hits: 166
  Prefix Misses: 573
  System Prompt Reuse: 166
  Bytes Saved: 0.13GiB

### MULTI-TURN CONVERSATIONS ###
  Multi-turn Cache Hits: 46
  Multi-turn Cache Misses: 540
  Multi-turn Hit Rate: 7.8%

### QOS LATENCY METRICS (Informational - includes simulated generation) ###

  INTERACTIVE:
    Requests: 630
    Latency P95: 307953.35 ms
    Latency P99: 331090.18 ms
    SLA Met: [X] (compliance: 0.0%)

  RESPONSIVE:
    Requests: 43
    Latency P95: 41322.26 ms
    Latency P99: 58325.61 ms
    SLA Met: [X] (compliance: 0.0%)

  BATCH:
    Requests: 59
    Latency P95: 56584.45 ms
    Latency P99: 81924.23 ms
    SLA Met: [X] (compliance: 18.6%)

================================================================================
NOTES:
  - Pure storage I/O benchmark (no generation simulation)
================================================================================
KV Cache Wrapper - End delay for 90 seconds

================================================================================
BENCHMARK RESULTS - MLPerf KV Cache Storage Benchmark
Generation Mode: none (0.0ms/token)
================================================================================

IMPORTANT: All storage latencies below are measured per KV cache BLOCK,
not per token or per disk page.  Each block holds the full KV state for
one request (all layers, all heads, full sequence length).
  Model KV bytes/token: 131,072 bytes (128.0KiB)
  Entries in cache: 768
  Block size min:   29.9MiB
  Block size mean:  615.1MiB
  Block size P95:   1660.9MiB
  Block size max:   2550.1MiB
  A 200MiB block at 1GiB/s NVMe read = ~200 ms device latency.
  Compare latencies against block sizes, not against 4KiB page I/O.


### OVERALL PERFORMANCE ###
Requests Completed: 768
Total Tokens Generated: 133041
Throughput (wall-clock): 443.47 tokens/sec
Throughput (storage I/O): 287.10 tokens/sec
Requests/sec: 2.56

### END-TO-END LATENCY (Queue Wait + Storage I/O + Generation) ###
  Mean: 138971.29 ms
  P50:  129820.54 ms
  P95:  320116.86 ms
  P99:  331747.33 ms

### PER-REQUEST STORAGE LATENCY (All I/O ops for one request) ###
  Mean: 603.37 ms
  P50:  302.38 ms
  P95:  1869.51 ms
  P99:  6061.90 ms
  (= 1 prefill write + N decode reads per request)

### STORAGE PERFORMANCE ###
  Cache Hit Rate: 87.9%
  Total Read: 2500.62GiB
  Total Write: 476.24GiB
  Read/Write Ratio: 5.25
  Storage KV Read Operations/sec: 15.67
  Storage KV Write Operations/sec: 2.58

### CACHE TIER DISTRIBUTION ###
  GPU Entries: 0 (0.00GiB)
  CPU Entries: 12 (2.55GiB)
  Storage Entries: 756

### TIER-SPECIFIC KV BYTES ###
  CPU KV Bytes Written: 452.06GiB
  CPU KV Bytes Read: 2882.32GiB
  Storage KV Bytes Written: 441.40GiB
  Storage KV Bytes Read: 50.41GiB

### STORAGE KV BANDWIDTH ###
  CPU KV Read Bandwidth: 9.61GiB/s
  CPU KV Write Bandwidth: 1.51GiB/s
  Storage KV Read Bandwidth: 0.17GiB/s
  Storage KV Write Bandwidth: 1.47GiB/s

### TIER-SPECIFIC LATENCIES (Total = Host + Device) ###
  CPU Read P95 (Total): 98.37 ms
  CPU Write P95 (Total): 812.41 ms
  Storage Read P95 (Total): 767.03 ms
  Storage Write P95 (Total): 1810.32 ms

### STORAGE TIER LATENCY BREAKDOWN (Device = Disk I/O, Host = Serialization) ###
  Storage Read:
    - Device P95 (Disk I/O): 293.29 ms
    - Host P95 (Serialization): 458.52 ms
    - Total P95: 767.03 ms
  Storage Write:
    - Device P95 (Disk I/O): 0.01 ms
    - Host P95 (Serialization): 1810.31 ms
    - Total P95: 1810.32 ms

### CACHE TYPE BREAKDOWNS ###
  System Prompt Hits: 1057
  Common Phrase Hits: 0
  User Cache Hits: 3605
  Multi-turn Hits: 38

### PREFIX CACHING ###
  Prefix Hits: 171
  Prefix Misses: 603
  System Prompt Reuse: 171
  Bytes Saved: 0.14GiB

### MULTI-TURN CONVERSATIONS ###
  Multi-turn Cache Hits: 38
  Multi-turn Cache Misses: 475
  Multi-turn Hit Rate: 7.4%

### QOS LATENCY METRICS (Informational - includes simulated generation) ###

  INTERACTIVE:
    Requests: 664
    Latency P95: 320827.47 ms
    Latency P99: 332822.29 ms
    SLA Met: [X] (compliance: 0.0%)

  RESPONSIVE:
    Requests: 46
    Latency P95: 29755.93 ms
    Latency P99: 35108.66 ms
    SLA Met: [X] (compliance: 0.0%)

  BATCH:
    Requests: 58
    Latency P95: 25739.19 ms
    Latency P99: 34678.50 ms
    SLA Met: [X] (compliance: 19.0%)

================================================================================
NOTES:
  - Pure storage I/O benchmark (no generation simulation)
================================================================================
KV Cache Wrapper - End delay for 90 seconds
KV Cache Wrapper - End delay for 90 seconds

================================================================================
BENCHMARK RESULTS - MLPerf KV Cache Storage Benchmark
Generation Mode: none (0.0ms/token)
================================================================================

IMPORTANT: All storage latencies below are measured per KV cache BLOCK,
not per token or per disk page.  Each block holds the full KV state for
one request (all layers, all heads, full sequence length).
  Model KV bytes/token: 131,072 bytes (128.0KiB)
  Entries in cache: 426
  Block size min:   24.1MiB
  Block size mean:  698.4MiB
  Block size P95:   1944.7MiB
  Block size max:   2719.5MiB
  A 200MiB block at 1GiB/s NVMe read = ~200 ms device latency.
  Compare latencies against block sizes, not against 4KiB page I/O.


### OVERALL PERFORMANCE ###
Requests Completed: 426
Total Tokens Generated: 54047
Throughput (wall-clock): 180.16 tokens/sec
Throughput (storage I/O): 64.99 tokens/sec
Requests/sec: 1.42

### END-TO-END LATENCY (Queue Wait + Storage I/O + Generation) ###
  Mean: 155292.58 ms
  P50:  133615.89 ms
  P95:  347744.68 ms
  P99:  359925.45 ms

### PER-REQUEST STORAGE LATENCY (All I/O ops for one request) ###
  Mean: 1952.05 ms
  P50:  176.15 ms
  P95:  4981.18 ms
  P99:  47764.97 ms
  (= 1 prefill write + N decode reads per request)

### STORAGE PERFORMANCE ###
  Cache Hit Rate: 74.5%
  Total Read: 828.39GiB
  Total Write: 314.16GiB
  Read/Write Ratio: 2.64
  Storage KV Read Operations/sec: 5.64
  Storage KV Write Operations/sec: 1.46

### CACHE TIER DISTRIBUTION ###
  GPU Entries: 0 (0.00GiB)
  CPU Entries: 34 (3.01GiB)
  Storage Entries: 392

### TIER-SPECIFIC KV BYTES ###
  CPU KV Bytes Written: 290.54GiB
  CPU KV Bytes Read: 1068.58GiB
  Storage KV Bytes Written: 263.97GiB
  Storage KV Bytes Read: 23.78GiB

### STORAGE KV BANDWIDTH ###
  CPU KV Read Bandwidth: 3.56GiB/s
  CPU KV Write Bandwidth: 0.97GiB/s
  Storage KV Read Bandwidth: 0.08GiB/s
  Storage KV Write Bandwidth: 0.88GiB/s

### TIER-SPECIFIC LATENCIES (Total = Host + Device) ###
  CPU Read P95 (Total): 110.65 ms
  CPU Write P95 (Total): 3738.84 ms
  Storage Read P95 (Total): 3384.69 ms

### STORAGE TIER LATENCY BREAKDOWN (Device = Disk I/O, Host = Serialization) ###
  Storage Read:
    - Device P95 (Disk I/O): 320.00 ms
    - Host P95 (Serialization): 3302.25 ms
    - Total P95: 3384.69 ms

### CACHE TYPE BREAKDOWNS ###
  System Prompt Hits: 374
  Common Phrase Hits: 0
  User Cache Hits: 1276
  Multi-turn Hits: 41

### PREFIX CACHING ###
  Prefix Hits: 93
  Prefix Misses: 346
  System Prompt Reuse: 93
  Bytes Saved: 0.08GiB

### MULTI-TURN CONVERSATIONS ###
  Multi-turn Cache Hits: 41
  Multi-turn Cache Misses: 485
  Multi-turn Hit Rate: 7.8%

### QOS LATENCY METRICS (Informational - includes simulated generation) ###

  INTERACTIVE:
    Requests: 323
    Latency P95: 351810.96 ms
    Latency P99: 361286.28 ms
    SLA Met: [X] (compliance: 0.0%)

  RESPONSIVE:
    Requests: 42
    Latency P95: 97010.85 ms
    Latency P99: 116373.38 ms
    SLA Met: [X] (compliance: 0.0%)

  BATCH:
    Requests: 61
    Latency P95: 21663.59 ms
    Latency P99: 61563.90 ms
    SLA Met: [X] (compliance: 24.6%)

================================================================================
NOTES:
  - Pure storage I/O benchmark (no generation simulation)
================================================================================
KV Cache Wrapper - End delay for 90 seconds

================================================================================
BENCHMARK RESULTS - MLPerf KV Cache Storage Benchmark
Generation Mode: none (0.0ms/token)
================================================================================

IMPORTANT: All storage latencies below are measured per KV cache BLOCK,
not per token or per disk page.  Each block holds the full KV state for
one request (all layers, all heads, full sequence length).
  Model KV bytes/token: 131,072 bytes (128.0KiB)
  Entries in cache: 556
  Block size min:   22.1MiB
  Block size mean:  775.9MiB
  Block size P95:   2222.4MiB
  Block size max:   3006.6MiB
  A 200MiB block at 1GiB/s NVMe read = ~200 ms device latency.
  Compare latencies against block sizes, not against 4KiB page I/O.


### OVERALL PERFORMANCE ###
Requests Completed: 555
Total Tokens Generated: 111481
Throughput (wall-clock): 371.60 tokens/sec
Throughput (storage I/O): 229.92 tokens/sec
Requests/sec: 1.85

### END-TO-END LATENCY (Queue Wait + Storage I/O + Generation) ###
  Mean: 151332.41 ms
  P50:  147065.40 ms
  P95:  334859.73 ms
  P99:  346510.67 ms

### PER-REQUEST STORAGE LATENCY (All I/O ops for one request) ###
  Mean: 873.63 ms
  P50:  340.63 ms
  P95:  2555.79 ms
  P99:  13177.24 ms
  (= 1 prefill write + N decode reads per request)

### STORAGE PERFORMANCE ###
  Cache Hit Rate: 85.9%
  Total Read: 1835.69GiB
  Total Write: 435.41GiB
  Read/Write Ratio: 4.22
  Storage KV Read Operations/sec: 11.88
  Storage KV Write Operations/sec: 1.87

### CACHE TIER DISTRIBUTION ###
  GPU Entries: 0 (0.00GiB)
  CPU Entries: 24 (2.87GiB)
  Storage Entries: 532

### TIER-SPECIFIC KV BYTES ###
  CPU KV Bytes Written: 417.10GiB
  CPU KV Bytes Read: 2217.23GiB
  Storage KV Bytes Written: 395.64GiB
  Storage KV Bytes Read: 9.92GiB

### STORAGE KV BANDWIDTH ###
  CPU KV Read Bandwidth: 7.39GiB/s
  CPU KV Write Bandwidth: 1.39GiB/s
  Storage KV Read Bandwidth: 0.03GiB/s
  Storage KV Write Bandwidth: 1.32GiB/s

### TIER-SPECIFIC LATENCIES (Total = Host + Device) ###
  CPU Read P95 (Total): 97.91 ms
  CPU Write P95 (Total): 1644.59 ms
  Storage Read P95 (Total): 4775.12 ms
  Storage Write P95 (Total): 1501.59 ms

### STORAGE TIER LATENCY BREAKDOWN (Device = Disk I/O, Host = Serialization) ###
  Storage Read:
    - Device P95 (Disk I/O): 339.80 ms
    - Host P95 (Serialization): 4436.93 ms
    - Total P95: 4775.12 ms
  Storage Write:
    - Device P95 (Disk I/O): 0.01 ms
    - Host P95 (Serialization): 1501.59 ms
    - Total P95: 1501.59 ms

### CACHE TYPE BREAKDOWNS ###
  System Prompt Hits: 898
  Common Phrase Hits: 0
  User Cache Hits: 2635
  Multi-turn Hits: 30

### PREFIX CACHING ###
  Prefix Hits: 134
  Prefix Misses: 428
  System Prompt Reuse: 134
  Bytes Saved: 0.11GiB

### MULTI-TURN CONVERSATIONS ###
  Multi-turn Cache Hits: 30
  Multi-turn Cache Misses: 450
  Multi-turn Hit Rate: 6.2%

### QOS LATENCY METRICS (Informational - includes simulated generation) ###

  INTERACTIVE:
    Requests: 445
    Latency P95: 337558.19 ms
    Latency P99: 347068.40 ms
    SLA Met: [X] (compliance: 0.0%)

  RESPONSIVE:
    Requests: 44
    Latency P95: 132303.74 ms
    Latency P99: 149489.53 ms
    SLA Met: [X] (compliance: 0.0%)

  BATCH:
    Requests: 66
    Latency P95: 31201.26 ms
    Latency P99: 60891.60 ms
    SLA Met: [X] (compliance: 19.7%)

================================================================================
NOTES:
  - Pure storage I/O benchmark (no generation simulation)
================================================================================

================================================================================
BENCHMARK RESULTS - MLPerf KV Cache Storage Benchmark
Generation Mode: none (0.0ms/token)
================================================================================

IMPORTANT: All storage latencies below are measured per KV cache BLOCK,
not per token or per disk page.  Each block holds the full KV state for
one request (all layers, all heads, full sequence length).
  Model KV bytes/token: 131,072 bytes (128.0KiB)
  Entries in cache: 638
  Block size min:   21.9MiB
  Block size mean:  566.3MiB
  Block size P95:   2028.0MiB
  Block size max:   3053.5MiB
  A 200MiB block at 1GiB/s NVMe read = ~200 ms device latency.
  Compare latencies against block sizes, not against 4KiB page I/O.


### OVERALL PERFORMANCE ###
Requests Completed: 636
Total Tokens Generated: 98256
Throughput (wall-clock): 327.52 tokens/sec
Throughput (storage I/O): 156.33 tokens/sec
Requests/sec: 2.12

### END-TO-END LATENCY (Queue Wait + Storage I/O + Generation) ###
  Mean: 140757.67 ms
  P50:  119453.68 ms
  P95:  347833.64 ms
  P99:  364010.57 ms

### PER-REQUEST STORAGE LATENCY (All I/O ops for one request) ###
  Mean: 988.26 ms
  P50:  173.80 ms
  P95:  2124.28 ms
  P99:  25969.71 ms
  (= 1 prefill write + N decode reads per request)

### STORAGE PERFORMANCE ###
  Cache Hit Rate: 85.9%
  Total Read: 1415.87GiB
  Total Write: 376.83GiB
  Read/Write Ratio: 3.76
  Storage KV Read Operations/sec: 11.28
  Storage KV Write Operations/sec: 2.16

### CACHE TIER DISTRIBUTION ###
  GPU Entries: 0 (0.00GiB)
  CPU Entries: 45 (3.04GiB)
  Storage Entries: 593

### TIER-SPECIFIC KV BYTES ###
  CPU KV Bytes Written: 352.82GiB
  CPU KV Bytes Read: 1731.25GiB
  Storage KV Bytes Written: 317.84GiB
  Storage KV Bytes Read: 2.46GiB

### STORAGE KV BANDWIDTH ###
  CPU KV Read Bandwidth: 5.77GiB/s
  CPU KV Write Bandwidth: 1.18GiB/s
  Storage KV Read Bandwidth: 0.01GiB/s
  Storage KV Write Bandwidth: 1.06GiB/s

### TIER-SPECIFIC LATENCIES (Total = Host + Device) ###
  CPU Read P95 (Total): 94.97 ms
  CPU Write P95 (Total): 1984.91 ms
  Storage Read P95 (Total): 851.85 ms

### STORAGE TIER LATENCY BREAKDOWN (Device = Disk I/O, Host = Serialization) ###
  Storage Read:
    - Device P95 (Disk I/O): 119.33 ms
    - Host P95 (Serialization): 748.96 ms
    - Total P95: 851.85 ms

### CACHE TYPE BREAKDOWNS ###
  System Prompt Hits: 562
  Common Phrase Hits: 0
  User Cache Hits: 2773
  Multi-turn Hits: 50

### PREFIX CACHING ###
  Prefix Hits: 114
  Prefix Misses: 535
  System Prompt Reuse: 114
  Bytes Saved: 0.09GiB

### MULTI-TURN CONVERSATIONS ###
  Multi-turn Cache Hits: 50
  Multi-turn Cache Misses: 443
  Multi-turn Hit Rate: 10.1%

### QOS LATENCY METRICS (Informational - includes simulated generation) ###

  INTERACTIVE:
    Requests: 552
    Latency P95: 349629.60 ms
    Latency P99: 365101.68 ms
    SLA Met: [X] (compliance: 0.0%)

  RESPONSIVE:
    Requests: 45
    Latency P95: 52328.57 ms
    Latency P99: 57564.14 ms
    SLA Met: [X] (compliance: 6.7%)

  BATCH:
    Requests: 39
    Latency P95: 57475.68 ms
    Latency P99: 57698.83 ms
    SLA Met: [X] (compliance: 20.5%)

================================================================================
NOTES:
  - Pure storage I/O benchmark (no generation simulation)
================================================================================
KV Cache Wrapper - End delay for 90 seconds
KV Cache Wrapper - End delay for 90 seconds

================================================================================
BENCHMARK RESULTS - MLPerf KV Cache Storage Benchmark
Generation Mode: none (0.0ms/token)
================================================================================

IMPORTANT: All storage latencies below are measured per KV cache BLOCK,
not per token or per disk page.  Each block holds the full KV state for
one request (all layers, all heads, full sequence length).
  Model KV bytes/token: 131,072 bytes (128.0KiB)
  Entries in cache: 507
  Block size min:   24.2MiB
  Block size mean:  535.3MiB
  Block size P95:   2013.7MiB
  Block size max:   2762.9MiB
  A 200MiB block at 1GiB/s NVMe read = ~200 ms device latency.
  Compare latencies against block sizes, not against 4KiB page I/O.


### OVERALL PERFORMANCE ###
Requests Completed: 507
Total Tokens Generated: 73119
Throughput (wall-clock): 243.73 tokens/sec
Throughput (storage I/O): 123.86 tokens/sec
Requests/sec: 1.69

### END-TO-END LATENCY (Queue Wait + Storage I/O + Generation) ###
  Mean: 154196.06 ms
  P50:  118266.81 ms
  P95:  371980.92 ms
  P99:  381864.66 ms

### PER-REQUEST STORAGE LATENCY (All I/O ops for one request) ###
  Mean: 1164.37 ms
  P50:  172.86 ms
  P95:  2210.59 ms
  P99:  28675.90 ms
  (= 1 prefill write + N decode reads per request)

### STORAGE PERFORMANCE ###
  Cache Hit Rate: 77.5%
  Total Read: 1072.00GiB
  Total Write: 277.88GiB
  Read/Write Ratio: 3.86
  Storage KV Read Operations/sec: 8.35
  Storage KV Write Operations/sec: 1.71

### CACHE TIER DISTRIBUTION ###
  GPU Entries: 0 (0.00GiB)
  CPU Entries: 36 (2.65GiB)
  Storage Entries: 471

### TIER-SPECIFIC KV BYTES ###
  CPU KV Bytes Written: 265.01GiB
  CPU KV Bytes Read: 1297.11GiB
  Storage KV Bytes Written: 237.01GiB
  Storage KV Bytes Read: 11.90GiB

### STORAGE KV BANDWIDTH ###
  CPU KV Read Bandwidth: 4.32GiB/s
  CPU KV Write Bandwidth: 0.88GiB/s
  Storage KV Read Bandwidth: 0.04GiB/s
  Storage KV Write Bandwidth: 0.79GiB/s

### TIER-SPECIFIC LATENCIES (Total = Host + Device) ###
  CPU Read P95 (Total): 102.30 ms
  CPU Write P95 (Total): 1721.07 ms
  Storage Read P95 (Total): 939.90 ms

### STORAGE TIER LATENCY BREAKDOWN (Device = Disk I/O, Host = Serialization) ###
  Storage Read:
    - Device P95 (Disk I/O): 387.66 ms
    - Host P95 (Serialization): 582.86 ms
    - Total P95: 939.90 ms

### CACHE TYPE BREAKDOWNS ###
  System Prompt Hits: 511
  Common Phrase Hits: 0
  User Cache Hits: 1941
  Multi-turn Hits: 52

### PREFIX CACHING ###
  Prefix Hits: 105
  Prefix Misses: 407
  System Prompt Reuse: 105
  Bytes Saved: 0.09GiB

### MULTI-TURN CONVERSATIONS ###
  Multi-turn Cache Hits: 52
  Multi-turn Cache Misses: 621
  Multi-turn Hit Rate: 7.7%

### QOS LATENCY METRICS (Informational - includes simulated generation) ###

  INTERACTIVE:
    Requests: 415
    Latency P95: 374480.35 ms
    Latency P99: 383012.48 ms
    SLA Met: [X] (compliance: 0.0%)

  RESPONSIVE:
    Requests: 29
    Latency P95: 58070.01 ms
    Latency P99: 91858.81 ms
    SLA Met: [X] (compliance: 0.0%)

  BATCH:
    Requests: 63
    Latency P95: 59989.48 ms
    Latency P99: 74280.77 ms
    SLA Met: [X] (compliance: 28.6%)

================================================================================
NOTES:
  - Pure storage I/O benchmark (no generation simulation)
================================================================================
KV Cache Wrapper - End delay for 90 seconds
KV Cache Wrapper - Finished benchmark pass
KV Cache Wrapper - Finished benchmark pass
KV Cache Wrapper - Finished benchmark pass
KV Cache Wrapper - Finished benchmark pass
KV Cache Wrapper - Finished benchmark pass
KV Cache Wrapper - Finished benchmark pass
KV Cache Wrapper - Finished benchmark pass
KV Cache Wrapper - Finished benchmark pass
KV Cache Wrapper - Finished benchmark pass
KV Cache Wrapper - Finished benchmark pass
KV Cache Wrapper - Finished benchmark pass
KV Cache Wrapper - Finished benchmark pass
KV Cache Wrapper - Finished benchmark pass
KV Cache Wrapper - Finished benchmark pass
KV Cache Wrapper - Finished benchmark pass
KV Cache Wrapper - Finished benchmark pass
KV Cache Wrapper - Finished benchmark pass
KV Cache Wrapper - Finished benchmark pass
KV Cache Wrapper - Finished benchmark pass
KV Cache Wrapper - Finished benchmark pass
KV Cache Wrapper - Finished benchmark pass
KV Cache Wrapper - Finished benchmark pass
KV Cache Wrapper - Finished benchmark pass
KV Cache Wrapper - Finished benchmark pass
KV Cache Wrapper - Finished benchmark pass
KV Cache Wrapper - Finished benchmark pass
KV Cache Wrapper - Finished benchmark pass
KV Cache Wrapper - Finished benchmark pass
KV Cache Wrapper - Finished benchmark pass
KV Cache Wrapper - Finished benchmark pass
