KV Cache Wrapper - Start delay for 90 seconds
KV Cache Wrapper - Start delay for 90 seconds
KV Cache Wrapper - Start delay for 90 seconds
KV Cache Wrapper - Start delay for 90 seconds
KV Cache Wrapper - Start delay for 90 seconds
KV Cache Wrapper - Start delay for 90 seconds
KV Cache Wrapper - Start delay for 90 seconds
KV Cache Wrapper - Start delay for 90 seconds
KV Cache Wrapper - Start delay for 90 seconds
KV Cache Wrapper - Start delay for 90 seconds
KV Cache Wrapper - Start delay for 90 seconds
KV Cache Wrapper - Start delay for 90 seconds
KV Cache Wrapper - Start delay for 90 seconds
KV Cache Wrapper - Start delay for 90 seconds
KV Cache Wrapper - Start delay for 90 seconds
KV Cache Wrapper - Start delay for 90 seconds
KV Cache Wrapper - Start delay for 90 seconds
KV Cache Wrapper - Start delay for 90 seconds
KV Cache Wrapper - Start delay for 90 seconds
KV Cache Wrapper - Start delay for 90 seconds
KV Cache Wrapper - Start delay for 90 seconds
KV Cache Wrapper - Start delay for 90 seconds
KV Cache Wrapper - Start delay for 90 seconds
KV Cache Wrapper - Start delay for 90 seconds
KV Cache Wrapper - Start delay for 90 seconds
KV Cache Wrapper - Start delay for 90 seconds
KV Cache Wrapper - Start delay for 90 seconds
KV Cache Wrapper - Start delay for 90 seconds
KV Cache Wrapper - Start delay for 90 seconds
KV Cache Wrapper - Start delay for 90 seconds
KV Cache Wrapper - Starting benchmark pass...
KV Cache Wrapper - Starting benchmark pass...
KV Cache Wrapper - Starting benchmark pass...
KV Cache Wrapper - Starting benchmark pass...
KV Cache Wrapper - Starting benchmark pass...
KV Cache Wrapper - Starting benchmark pass...
KV Cache Wrapper - Starting benchmark pass...
KV Cache Wrapper - Starting benchmark pass...
KV Cache Wrapper - Starting benchmark pass...
KV Cache Wrapper - Starting benchmark pass...
KV Cache Wrapper - Starting benchmark pass...
KV Cache Wrapper - Starting benchmark pass...
KV Cache Wrapper - Starting benchmark pass...
KV Cache Wrapper - Starting benchmark pass...
KV Cache Wrapper - Starting benchmark pass...
KV Cache Wrapper - Starting benchmark pass...
KV Cache Wrapper - Starting benchmark pass...
KV Cache Wrapper - Starting benchmark pass...
KV Cache Wrapper - Starting benchmark pass...
KV Cache Wrapper - Starting benchmark pass...
KV Cache Wrapper - Starting benchmark pass...
KV Cache Wrapper - Starting benchmark pass...
KV Cache Wrapper - Starting benchmark pass...
KV Cache Wrapper - Starting benchmark pass...
KV Cache Wrapper - Starting benchmark pass...
KV Cache Wrapper - Starting benchmark pass...
KV Cache Wrapper - Starting benchmark pass...
KV Cache Wrapper - Starting benchmark pass...
KV Cache Wrapper - Starting benchmark pass...
KV Cache Wrapper - Starting benchmark pass...

Integrated Multi-User KV Cache Benchmark - MLPerf Edition
Model: Llama 3.1 8B
GPU Memory: 0 GB
Users: 200
Duration: 300s
Seed: 46
Generation Mode: none (0.0ms/token)
Features:
  - Phase-Aware Processing: Enabled
  - Multi-turn Conversations: Enabled
  - Prefix Caching: Enabled
  - RAG Workload: Disabled
  - Autoscaling: Disabled
  - QoS Support: Enabled (Interactive/Responsive/Batch)
  - Trace-Driven (BurstGPT): Disabled
  - ShareGPT Dataset: Disabled
  - Max Concurrent Allocations: 16 (bounds RAM usage)
================================================================================

User Context Length Distribution:
  Min: 664 tokens (83.00MiB)
  Max: 24710 tokens (3088.75MiB)
  Mean: 8822 tokens (1102.72MiB)

QoS Distribution:
  interactive: 21 users
  responsive: 72 users
  batch: 107 users

### MEMORY SAFETY CHECK ###
  Formula: peak = (workers x 2 x mean_entry_bytes) + baseline
         = (200 x 2 x 1000MiB) + 2.5GiB
         = 393.1GiB
  Available RAM: 666.5GiB
  Mean entry size: 1000MiB  (8000 tok x 131,072 B/tok)
  Peak per thread: 2000MiB  (np.load + np.array copy)
  Worker threads: 200
  Safe concurrent readers: ~339  = (available - baseline) / peak_per_thread
  Status: OK

Starting benchmark... Mode: standard (prefill+decode)
--------------------------------------------------------------------------------

Integrated Multi-User KV Cache Benchmark - MLPerf Edition
Model: Llama 3.1 8B
GPU Memory: 0 GB
Users: 200
Duration: 300s
Seed: 61
Generation Mode: none (0.0ms/token)
Features:
  - Phase-Aware Processing: Enabled
  - Multi-turn Conversations: Enabled
  - Prefix Caching: Enabled
  - RAG Workload: Disabled
  - Autoscaling: Disabled
  - QoS Support: Enabled (Interactive/Responsive/Batch)
  - Trace-Driven (BurstGPT): Disabled
  - ShareGPT Dataset: Disabled
  - Max Concurrent Allocations: 16 (bounds RAM usage)
================================================================================

User Context Length Distribution:
  Min: 541 tokens (67.62MiB)
  Max: 24932 tokens (3116.50MiB)
  Mean: 8771 tokens (1096.35MiB)

QoS Distribution:
  interactive: 27 users
  responsive: 75 users
  batch: 98 users

### MEMORY SAFETY CHECK ###
  Formula: peak = (workers x 2 x mean_entry_bytes) + baseline
         = (200 x 2 x 1000MiB) + 2.5GiB
         = 393.1GiB
  Available RAM: 667.3GiB
  Mean entry size: 1000MiB  (8000 tok x 131,072 B/tok)
  Peak per thread: 2000MiB  (np.load + np.array copy)
  Worker threads: 200
  Safe concurrent readers: ~340  = (available - baseline) / peak_per_thread
  Status: OK

Starting benchmark... Mode: standard (prefill+decode)
--------------------------------------------------------------------------------

Integrated Multi-User KV Cache Benchmark - MLPerf Edition
Model: Llama 3.1 8B
GPU Memory: 0 GB
Users: 200
Duration: 300s
Seed: 66
Generation Mode: none (0.0ms/token)
Features:
  - Phase-Aware Processing: Enabled
  - Multi-turn Conversations: Enabled
  - Prefix Caching: Enabled
  - RAG Workload: Disabled
  - Autoscaling: Disabled
  - QoS Support: Enabled (Interactive/Responsive/Batch)
  - Trace-Driven (BurstGPT): Disabled
  - ShareGPT Dataset: Disabled
  - Max Concurrent Allocations: 16 (bounds RAM usage)
================================================================================

User Context Length Distribution:
  Min: 578 tokens (72.25MiB)
  Max: 24808 tokens (3101.00MiB)
  Mean: 9566 tokens (1195.75MiB)

QoS Distribution:
  interactive: 24 users
  responsive: 76 users
  batch: 100 users

### MEMORY SAFETY CHECK ###
  Formula: peak = (workers x 2 x mean_entry_bytes) + baseline
         = (200 x 2 x 1000MiB) + 2.5GiB
         = 393.1GiB
  Available RAM: 296.3GiB
  Mean entry size: 1000MiB  (8000 tok x 131,072 B/tok)
  Peak per thread: 2000MiB  (np.load + np.array copy)
  Worker threads: 200
  Safe concurrent readers: ~150  = (available - baseline) / peak_per_thread
  WARNING: Estimated peak memory (393.1GiB) exceeds 85% of
  available RAM (296.3GiB). Risk of OOM with 200 workers.
  Consider: --num-users 150 or --max-concurrent-allocs 75

Starting benchmark... Mode: standard (prefill+decode)
--------------------------------------------------------------------------------

Integrated Multi-User KV Cache Benchmark - MLPerf Edition
Model: Llama 3.1 8B
GPU Memory: 0 GB
Users: 200
Duration: 300s
Seed: 48
Generation Mode: none (0.0ms/token)
Features:
  - Phase-Aware Processing: Enabled
  - Multi-turn Conversations: Enabled
  - Prefix Caching: Enabled
  - RAG Workload: Disabled
  - Autoscaling: Disabled
  - QoS Support: Enabled (Interactive/Responsive/Batch)
  - Trace-Driven (BurstGPT): Disabled
  - ShareGPT Dataset: Disabled
  - Max Concurrent Allocations: 16 (bounds RAM usage)
================================================================================

User Context Length Distribution:
  Min: 530 tokens (66.25MiB)
  Max: 24816 tokens (3102.00MiB)
  Mean: 8671 tokens (1083.83MiB)

QoS Distribution:
  interactive: 35 users
  responsive: 69 users
  batch: 96 users

### MEMORY SAFETY CHECK ###
  Formula: peak = (workers x 2 x mean_entry_bytes) + baseline
         = (200 x 2 x 1000MiB) + 2.5GiB
         = 393.1GiB
  Available RAM: 611.5GiB
  Mean entry size: 1000MiB  (8000 tok x 131,072 B/tok)
  Peak per thread: 2000MiB  (np.load + np.array copy)
  Worker threads: 200
  Safe concurrent readers: ~311  = (available - baseline) / peak_per_thread
  Status: OK

Starting benchmark... Mode: standard (prefill+decode)
--------------------------------------------------------------------------------

Integrated Multi-User KV Cache Benchmark - MLPerf Edition
Model: Llama 3.1 8B
GPU Memory: 0 GB
Users: 200
Duration: 300s
Seed: 53
Generation Mode: none (0.0ms/token)
Features:
  - Phase-Aware Processing: Enabled
  - Multi-turn Conversations: Enabled
  - Prefix Caching: Enabled
  - RAG Workload: Disabled
  - Autoscaling: Disabled
  - QoS Support: Enabled (Interactive/Responsive/Batch)
  - Trace-Driven (BurstGPT): Disabled
  - ShareGPT Dataset: Disabled
  - Max Concurrent Allocations: 16 (bounds RAM usage)
================================================================================

User Context Length Distribution:
  Min: 519 tokens (64.88MiB)
  Max: 24991 tokens (3123.88MiB)
  Mean: 9008 tokens (1126.02MiB)

QoS Distribution:
  interactive: 30 users
  responsive: 67 users
  batch: 103 users

Integrated Multi-User KV Cache Benchmark - MLPerf Edition
Model: Llama 3.1 8B
GPU Memory: 0 GB
Users: 200
Duration: 300s
Seed: 56
Generation Mode: none (0.0ms/token)
Features:
  - Phase-Aware Processing: Enabled
  - Multi-turn Conversations: Enabled
  - Prefix Caching: Enabled
  - RAG Workload: Disabled
  - Autoscaling: Disabled
  - QoS Support: Enabled (Interactive/Responsive/Batch)
  - Trace-Driven (BurstGPT): Disabled
  - ShareGPT Dataset: Disabled
  - Max Concurrent Allocations: 16 (bounds RAM usage)
================================================================================

User Context Length Distribution:
  Min: 529 tokens (66.12MiB)
  Max: 24955 tokens (3119.38MiB)
  Mean: 8938 tokens (1117.31MiB)

QoS Distribution:
  interactive: 22 users
  responsive: 68 users
  batch: 110 users

Integrated Multi-User KV Cache Benchmark - MLPerf Edition
Model: Llama 3.1 8B
GPU Memory: 0 GB
Users: 200
Duration: 300s
Seed: 63
Generation Mode: none (0.0ms/token)
Features:
  - Phase-Aware Processing: Enabled
  - Multi-turn Conversations: Enabled
  - Prefix Caching: Enabled
  - RAG Workload: Disabled
  - Autoscaling: Disabled
  - QoS Support: Enabled (Interactive/Responsive/Batch)
  - Trace-Driven (BurstGPT): Disabled
  - ShareGPT Dataset: Disabled
  - Max Concurrent Allocations: 16 (bounds RAM usage)
================================================================================

User Context Length Distribution:
  Min: 524 tokens (65.50MiB)
  Max: 24679 tokens (3084.88MiB)
  Mean: 9088 tokens (1136.02MiB)

QoS Distribution:
  interactive: 24 users
  responsive: 72 users
  batch: 104 users

### MEMORY SAFETY CHECK ###
  Formula: peak = (workers x 2 x mean_entry_bytes) + baseline
         = (200 x 2 x 1000MiB) + 2.5GiB
         = 393.1GiB
  Available RAM: 285.0GiB
  Mean entry size: 1000MiB  (8000 tok x 131,072 B/tok)
  Peak per thread: 2000MiB  (np.load + np.array copy)
  Worker threads: 200
  Safe concurrent readers: ~144  = (available - baseline) / peak_per_thread
  WARNING: Estimated peak memory (393.1GiB) exceeds 85% of
  available RAM (285.0GiB). Risk of OOM with 200 workers.
  Consider: --num-users 144 or --max-concurrent-allocs 72

Starting benchmark... Mode: standard (prefill+decode)
--------------------------------------------------------------------------------

### MEMORY SAFETY CHECK ###
  Formula: peak = (workers x 2 x mean_entry_bytes) + baseline
         = (200 x 2 x 1000MiB) + 2.5GiB
         = 393.1GiB
  Available RAM: 334.5GiB
  Mean entry size: 1000MiB  (8000 tok x 131,072 B/tok)
  Peak per thread: 2000MiB  (np.load + np.array copy)
  Worker threads: 200
  Safe concurrent readers: ~170  = (available - baseline) / peak_per_thread
  WARNING: Estimated peak memory (393.1GiB) exceeds 85% of
  available RAM (334.5GiB). Risk of OOM with 200 workers.
  Consider: --num-users 170 or --max-concurrent-allocs 85

Starting benchmark... Mode: standard (prefill+decode)
--------------------------------------------------------------------------------

### MEMORY SAFETY CHECK ###
  Formula: peak = (workers x 2 x mean_entry_bytes) + baseline
         = (200 x 2 x 1000MiB) + 2.5GiB
         = 393.1GiB
  Available RAM: 612.3GiB
  Mean entry size: 1000MiB  (8000 tok x 131,072 B/tok)
  Peak per thread: 2000MiB  (np.load + np.array copy)
  Worker threads: 200
  Safe concurrent readers: ~312  = (available - baseline) / peak_per_thread
  Status: OK

Starting benchmark... Mode: standard (prefill+decode)
--------------------------------------------------------------------------------

Integrated Multi-User KV Cache Benchmark - MLPerf Edition
Model: Llama 3.1 8B
GPU Memory: 0 GB
Users: 200
Duration: 300s
Seed: 44
Generation Mode: none (0.0ms/token)
Features:
  - Phase-Aware Processing: Enabled
  - Multi-turn Conversations: Enabled
  - Prefix Caching: Enabled
  - RAG Workload: Disabled
  - Autoscaling: Disabled
  - QoS Support: Enabled (Interactive/Responsive/Batch)
  - Trace-Driven (BurstGPT): Disabled
  - ShareGPT Dataset: Disabled
  - Max Concurrent Allocations: 16 (bounds RAM usage)
================================================================================

User Context Length Distribution:
  Min: 520 tokens (65.00MiB)
  Max: 24951 tokens (3118.88MiB)
  Mean: 8806 tokens (1100.75MiB)

QoS Distribution:
  interactive: 35 users
  responsive: 66 users
  batch: 99 users

### MEMORY SAFETY CHECK ###
  Formula: peak = (workers x 2 x mean_entry_bytes) + baseline
         = (200 x 2 x 1000MiB) + 2.5GiB
         = 393.1GiB
  Available RAM: 612.1GiB
  Mean entry size: 1000MiB  (8000 tok x 131,072 B/tok)
  Peak per thread: 2000MiB  (np.load + np.array copy)
  Worker threads: 200
  Safe concurrent readers: ~312  = (available - baseline) / peak_per_thread
  Status: OK

Starting benchmark... Mode: standard (prefill+decode)
--------------------------------------------------------------------------------

Integrated Multi-User KV Cache Benchmark - MLPerf Edition
Model: Llama 3.1 8B
GPU Memory: 0 GB
Users: 200
Duration: 300s
Seed: 64
Generation Mode: none (0.0ms/token)
Features:
  - Phase-Aware Processing: Enabled
  - Multi-turn Conversations: Enabled
  - Prefix Caching: Enabled
  - RAG Workload: Disabled
  - Autoscaling: Disabled
  - QoS Support: Enabled (Interactive/Responsive/Batch)
  - Trace-Driven (BurstGPT): Disabled
  - ShareGPT Dataset: Disabled
  - Max Concurrent Allocations: 16 (bounds RAM usage)
================================================================================

User Context Length Distribution:
  Min: 529 tokens (66.12MiB)
  Max: 24945 tokens (3118.12MiB)
  Mean: 9353 tokens (1169.12MiB)

QoS Distribution:
  interactive: 34 users
  responsive: 68 users
  batch: 98 users

### MEMORY SAFETY CHECK ###
  Formula: peak = (workers x 2 x mean_entry_bytes) + baseline
         = (200 x 2 x 1000MiB) + 2.5GiB
         = 393.1GiB
  Available RAM: 606.1GiB
  Mean entry size: 1000MiB  (8000 tok x 131,072 B/tok)
  Peak per thread: 2000MiB  (np.load + np.array copy)
  Worker threads: 200
  Safe concurrent readers: ~309  = (available - baseline) / peak_per_thread
  Status: OK

Starting benchmark... Mode: standard (prefill+decode)
--------------------------------------------------------------------------------

Integrated Multi-User KV Cache Benchmark - MLPerf Edition
Model: Llama 3.1 8B
GPU Memory: 0 GB
Users: 200
Duration: 300s
Seed: 47
Generation Mode: none (0.0ms/token)
Features:
  - Phase-Aware Processing: Enabled
  - Multi-turn Conversations: Enabled
  - Prefix Caching: Enabled
  - RAG Workload: Disabled
  - Autoscaling: Disabled
  - QoS Support: Enabled (Interactive/Responsive/Batch)
  - Trace-Driven (BurstGPT): Disabled
  - ShareGPT Dataset: Disabled
  - Max Concurrent Allocations: 16 (bounds RAM usage)
================================================================================

User Context Length Distribution:
  Min: 620 tokens (77.50MiB)
  Max: 24732 tokens (3091.50MiB)
  Mean: 9464 tokens (1183.03MiB)

QoS Distribution:
  interactive: 31 users
  responsive: 62 users
  batch: 107 users

### MEMORY SAFETY CHECK ###
  Formula: peak = (workers x 2 x mean_entry_bytes) + baseline
         = (200 x 2 x 1000MiB) + 2.5GiB
         = 393.1GiB
  Available RAM: 605.7GiB
  Mean entry size: 1000MiB  (8000 tok x 131,072 B/tok)
  Peak per thread: 2000MiB  (np.load + np.array copy)
  Worker threads: 200
  Safe concurrent readers: ~308  = (available - baseline) / peak_per_thread
  Status: OK

Starting benchmark... Mode: standard (prefill+decode)
--------------------------------------------------------------------------------

Integrated Multi-User KV Cache Benchmark - MLPerf Edition
Model: Llama 3.1 8B
GPU Memory: 0 GB
Users: 200
Duration: 300s
Seed: 55
Generation Mode: none (0.0ms/token)
Features:
  - Phase-Aware Processing: Enabled
  - Multi-turn Conversations: Enabled
  - Prefix Caching: Enabled
  - RAG Workload: Disabled
  - Autoscaling: Disabled
  - QoS Support: Enabled (Interactive/Responsive/Batch)
  - Trace-Driven (BurstGPT): Disabled
  - ShareGPT Dataset: Disabled
  - Max Concurrent Allocations: 16 (bounds RAM usage)
================================================================================

User Context Length Distribution:
  Min: 543 tokens (67.88MiB)
  Max: 24793 tokens (3099.12MiB)
  Mean: 9482 tokens (1185.25MiB)

QoS Distribution:
  interactive: 29 users
  responsive: 61 users
  batch: 110 users

Integrated Multi-User KV Cache Benchmark - MLPerf Edition
Model: Llama 3.1 8B
GPU Memory: 0 GB
Users: 200
Duration: 300s
Seed: 60
Generation Mode: none (0.0ms/token)
Features:
  - Phase-Aware Processing: Enabled
  - Multi-turn Conversations: Enabled
  - Prefix Caching: Enabled
  - RAG Workload: Disabled
  - Autoscaling: Disabled
  - QoS Support: Enabled (Interactive/Responsive/Batch)
  - Trace-Driven (BurstGPT): Disabled
  - ShareGPT Dataset: Disabled
  - Max Concurrent Allocations: 16 (bounds RAM usage)
================================================================================

User Context Length Distribution:
  Min: 549 tokens (68.62MiB)
  Max: 24937 tokens (3117.12MiB)
  Mean: 9373 tokens (1171.61MiB)

QoS Distribution:
  interactive: 28 users
  responsive: 64 users
  batch: 108 users

### MEMORY SAFETY CHECK ###
  Formula: peak = (workers x 2 x mean_entry_bytes) + baseline
         = (200 x 2 x 1000MiB) + 2.5GiB
         = 393.1GiB
  Available RAM: 274.9GiB
  Mean entry size: 1000MiB  (8000 tok x 131,072 B/tok)
  Peak per thread: 2000MiB  (np.load + np.array copy)
  Worker threads: 200
  Safe concurrent readers: ~139  = (available - baseline) / peak_per_thread
  WARNING: Estimated peak memory (393.1GiB) exceeds 85% of
  available RAM (274.9GiB). Risk of OOM with 200 workers.
  Consider: --num-users 139 or --max-concurrent-allocs 69

Starting benchmark... Mode: standard (prefill+decode)
--------------------------------------------------------------------------------

Integrated Multi-User KV Cache Benchmark - MLPerf Edition
Model: Llama 3.1 8B
GPU Memory: 0 GB
Users: 200
Duration: 300s
Seed: 51
Generation Mode: none (0.0ms/token)
Features:
  - Phase-Aware Processing: Enabled
  - Multi-turn Conversations: Enabled
  - Prefix Caching: Enabled
  - RAG Workload: Disabled
  - Autoscaling: Disabled
  - QoS Support: Enabled (Interactive/Responsive/Batch)
  - Trace-Driven (BurstGPT): Disabled
  - ShareGPT Dataset: Disabled
  - Max Concurrent Allocations: 16 (bounds RAM usage)
================================================================================

User Context Length Distribution:
  Min: 628 tokens (78.50MiB)
  Max: 24634 tokens (3079.25MiB)
  Mean: 9506 tokens (1188.23MiB)

QoS Distribution:
  interactive: 34 users
  responsive: 63 users
  batch: 103 users

### MEMORY SAFETY CHECK ###
  Formula: peak = (workers x 2 x mean_entry_bytes) + baseline
         = (200 x 2 x 1000MiB) + 2.5GiB
         = 393.1GiB
  Available RAM: 625.8GiB
  Mean entry size: 1000MiB  (8000 tok x 131,072 B/tok)
  Peak per thread: 2000MiB  (np.load + np.array copy)
  Worker threads: 200
  Safe concurrent readers: ~319  = (available - baseline) / peak_per_thread
  Status: OK

Starting benchmark... Mode: standard (prefill+decode)
--------------------------------------------------------------------------------

### MEMORY SAFETY CHECK ###
  Formula: peak = (workers x 2 x mean_entry_bytes) + baseline
         = (200 x 2 x 1000MiB) + 2.5GiB
         = 393.1GiB
  Available RAM: 277.2GiB
  Mean entry size: 1000MiB  (8000 tok x 131,072 B/tok)
  Peak per thread: 2000MiB  (np.load + np.array copy)
  Worker threads: 200
  Safe concurrent readers: ~140  = (available - baseline) / peak_per_thread
  WARNING: Estimated peak memory (393.1GiB) exceeds 85% of
  available RAM (277.2GiB). Risk of OOM with 200 workers.
  Consider: --num-users 140 or --max-concurrent-allocs 70

Starting benchmark... Mode: standard (prefill+decode)
--------------------------------------------------------------------------------

Integrated Multi-User KV Cache Benchmark - MLPerf Edition
Model: Llama 3.1 8B
GPU Memory: 0 GB
Users: 200
Duration: 300s
Seed: 42
Generation Mode: none (0.0ms/token)
Features:
  - Phase-Aware Processing: Enabled
  - Multi-turn Conversations: Enabled
  - Prefix Caching: Enabled
  - RAG Workload: Disabled
  - Autoscaling: Disabled
  - QoS Support: Enabled (Interactive/Responsive/Batch)
  - Trace-Driven (BurstGPT): Disabled
  - ShareGPT Dataset: Disabled
  - Max Concurrent Allocations: 16 (bounds RAM usage)
================================================================================

User Context Length Distribution:
  Min: 598 tokens (74.75MiB)
  Max: 24836 tokens (3104.50MiB)
  Mean: 9330 tokens (1166.27MiB)

QoS Distribution:
  interactive: 25 users
  responsive: 78 users
  batch: 97 users

Integrated Multi-User KV Cache Benchmark - MLPerf Edition
Model: Llama 3.1 8B
GPU Memory: 0 GB
Users: 200
Duration: 300s
Seed: 54
Generation Mode: none (0.0ms/token)
Features:
  - Phase-Aware Processing: Enabled
  - Multi-turn Conversations: Enabled
  - Prefix Caching: Enabled
  - RAG Workload: Disabled
  - Autoscaling: Disabled
  - QoS Support: Enabled (Interactive/Responsive/Batch)
  - Trace-Driven (BurstGPT): Disabled
  - ShareGPT Dataset: Disabled
  - Max Concurrent Allocations: 16 (bounds RAM usage)
================================================================================

User Context Length Distribution:
  Min: 538 tokens (67.25MiB)
  Max: 24796 tokens (3099.50MiB)
  Mean: 9614 tokens (1201.74MiB)

QoS Distribution:
  interactive: 32 users
  responsive: 71 users
  batch: 97 users

### MEMORY SAFETY CHECK ###
  Formula: peak = (workers x 2 x mean_entry_bytes) + baseline
         = (200 x 2 x 1000MiB) + 2.5GiB
         = 393.1GiB
  Available RAM: 723.1GiB
  Mean entry size: 1000MiB  (8000 tok x 131,072 B/tok)
  Peak per thread: 2000MiB  (np.load + np.array copy)
  Worker threads: 200
  Safe concurrent readers: ~368  = (available - baseline) / peak_per_thread
  Status: OK

Starting benchmark... Mode: standard (prefill+decode)
--------------------------------------------------------------------------------

### MEMORY SAFETY CHECK ###
  Formula: peak = (workers x 2 x mean_entry_bytes) + baseline
         = (200 x 2 x 1000MiB) + 2.5GiB
         = 393.1GiB
  Available RAM: 296.7GiB
  Mean entry size: 1000MiB  (8000 tok x 131,072 B/tok)
  Peak per thread: 2000MiB  (np.load + np.array copy)
  Worker threads: 200
  Safe concurrent readers: ~150  = (available - baseline) / peak_per_thread
  WARNING: Estimated peak memory (393.1GiB) exceeds 85% of
  available RAM (296.7GiB). Risk of OOM with 200 workers.
  Consider: --num-users 150 or --max-concurrent-allocs 75

Starting benchmark... Mode: standard (prefill+decode)
--------------------------------------------------------------------------------

Integrated Multi-User KV Cache Benchmark - MLPerf Edition
Model: Llama 3.1 8B
GPU Memory: 0 GB
Users: 200
Duration: 300s
Seed: 58
Generation Mode: none (0.0ms/token)
Features:
  - Phase-Aware Processing: Enabled
  - Multi-turn Conversations: Enabled
  - Prefix Caching: Enabled
  - RAG Workload: Disabled
  - Autoscaling: Disabled
  - QoS Support: Enabled (Interactive/Responsive/Batch)
  - Trace-Driven (BurstGPT): Disabled
  - ShareGPT Dataset: Disabled
  - Max Concurrent Allocations: 16 (bounds RAM usage)
================================================================================

User Context Length Distribution:
  Min: 513 tokens (64.12MiB)
  Max: 24790 tokens (3098.75MiB)
  Mean: 9045 tokens (1130.62MiB)

QoS Distribution:
  interactive: 26 users
  responsive: 61 users
  batch: 113 users

### MEMORY SAFETY CHECK ###
  Formula: peak = (workers x 2 x mean_entry_bytes) + baseline
         = (200 x 2 x 1000MiB) + 2.5GiB
         = 393.1GiB
  Available RAM: 486.8GiB
  Mean entry size: 1000MiB  (8000 tok x 131,072 B/tok)
  Peak per thread: 2000MiB  (np.load + np.array copy)
  Worker threads: 200
  Safe concurrent readers: ~247  = (available - baseline) / peak_per_thread
  Status: OK

Starting benchmark... Mode: standard (prefill+decode)
--------------------------------------------------------------------------------

Integrated Multi-User KV Cache Benchmark - MLPerf Edition
Model: Llama 3.1 8B
GPU Memory: 0 GB
Users: 200
Duration: 300s
Seed: 65
Generation Mode: none (0.0ms/token)
Features:
  - Phase-Aware Processing: Enabled
  - Multi-turn Conversations: Enabled
  - Prefix Caching: Enabled
  - RAG Workload: Disabled
  - Autoscaling: Disabled
  - QoS Support: Enabled (Interactive/Responsive/Batch)
  - Trace-Driven (BurstGPT): Disabled
  - ShareGPT Dataset: Disabled
  - Max Concurrent Allocations: 16 (bounds RAM usage)
================================================================================

User Context Length Distribution:
  Min: 582 tokens (72.75MiB)
  Max: 24738 tokens (3092.25MiB)
  Mean: 9060 tokens (1132.48MiB)

QoS Distribution:
  interactive: 25 users
  responsive: 65 users
  batch: 110 users

### MEMORY SAFETY CHECK ###
  Formula: peak = (workers x 2 x mean_entry_bytes) + baseline
         = (200 x 2 x 1000MiB) + 2.5GiB
         = 393.1GiB
  Available RAM: 286.5GiB
  Mean entry size: 1000MiB  (8000 tok x 131,072 B/tok)
  Peak per thread: 2000MiB  (np.load + np.array copy)
  Worker threads: 200
  Safe concurrent readers: ~145  = (available - baseline) / peak_per_thread
  WARNING: Estimated peak memory (393.1GiB) exceeds 85% of
  available RAM (286.5GiB). Risk of OOM with 200 workers.
  Consider: --num-users 145 or --max-concurrent-allocs 72

Starting benchmark... Mode: standard (prefill+decode)
--------------------------------------------------------------------------------

Integrated Multi-User KV Cache Benchmark - MLPerf Edition
Model: Llama 3.1 8B
GPU Memory: 0 GB
Users: 200
Duration: 300s
Seed: 45
Generation Mode: none (0.0ms/token)
Features:
  - Phase-Aware Processing: Enabled
  - Multi-turn Conversations: Enabled
  - Prefix Caching: Enabled
  - RAG Workload: Disabled
  - Autoscaling: Disabled
  - QoS Support: Enabled (Interactive/Responsive/Batch)
  - Trace-Driven (BurstGPT): Disabled
  - ShareGPT Dataset: Disabled
  - Max Concurrent Allocations: 16 (bounds RAM usage)
================================================================================

User Context Length Distribution:
  Min: 552 tokens (69.00MiB)
  Max: 24599 tokens (3074.88MiB)
  Mean: 8830 tokens (1103.78MiB)

QoS Distribution:
  interactive: 33 users
  responsive: 56 users
  batch: 111 users

Integrated Multi-User KV Cache Benchmark - MLPerf Edition
Model: Llama 3.1 8B
GPU Memory: 0 GB
Users: 200
Duration: 300s
Seed: 70
Generation Mode: none (0.0ms/token)
Features:
  - Phase-Aware Processing: Enabled
  - Multi-turn Conversations: Enabled
  - Prefix Caching: Enabled
  - RAG Workload: Disabled
  - Autoscaling: Disabled
  - QoS Support: Enabled (Interactive/Responsive/Batch)
  - Trace-Driven (BurstGPT): Disabled
  - ShareGPT Dataset: Disabled
  - Max Concurrent Allocations: 16 (bounds RAM usage)
================================================================================

### MEMORY SAFETY CHECK ###
  Formula: peak = (workers x 2 x mean_entry_bytes) + baseline
         = (200 x 2 x 1000MiB) + 2.5GiB
         = 393.1GiB
  Available RAM: 619.9GiB
  Mean entry size: 1000MiB  (8000 tok x 131,072 B/tok)
  Peak per thread: 2000MiB  (np.load + np.array copy)
  Worker threads: 200
  Safe concurrent readers: ~316  = (available - baseline) / peak_per_thread
  Status: OK

Starting benchmark... Mode: standard (prefill+decode)
--------------------------------------------------------------------------------

User Context Length Distribution:
  Min: 598 tokens (74.75MiB)
  Max: 24881 tokens (3110.12MiB)
  Mean: 8497 tokens (1062.07MiB)

QoS Distribution:
  interactive: 34 users
  responsive: 72 users
  batch: 94 users

Integrated Multi-User KV Cache Benchmark - MLPerf Edition
Model: Llama 3.1 8B
GPU Memory: 0 GB
Users: 200
Duration: 300s
Seed: 68
Generation Mode: none (0.0ms/token)
Features:
  - Phase-Aware Processing: Enabled
  - Multi-turn Conversations: Enabled
  - Prefix Caching: Enabled
  - RAG Workload: Disabled
  - Autoscaling: Disabled
  - QoS Support: Enabled (Interactive/Responsive/Batch)
  - Trace-Driven (BurstGPT): Disabled
  - ShareGPT Dataset: Disabled
  - Max Concurrent Allocations: 16 (bounds RAM usage)
================================================================================

User Context Length Distribution:
  Min: 539 tokens (67.38MiB)
  Max: 24518 tokens (3064.75MiB)
  Mean: 8429 tokens (1053.57MiB)

QoS Distribution:
  interactive: 28 users
  responsive: 79 users
  batch: 93 users

### MEMORY SAFETY CHECK ###
  Formula: peak = (workers x 2 x mean_entry_bytes) + baseline
         = (200 x 2 x 1000MiB) + 2.5GiB
         = 393.1GiB
  Available RAM: 266.0GiB
  Mean entry size: 1000MiB  (8000 tok x 131,072 B/tok)
  Peak per thread: 2000MiB  (np.load + np.array copy)
  Worker threads: 200
  Safe concurrent readers: ~134  = (available - baseline) / peak_per_thread
  WARNING: Estimated peak memory (393.1GiB) exceeds 85% of
  available RAM (266.0GiB). Risk of OOM with 200 workers.
  Consider: --num-users 134 or --max-concurrent-allocs 67

Starting benchmark... Mode: standard (prefill+decode)
--------------------------------------------------------------------------------

### MEMORY SAFETY CHECK ###
  Formula: peak = (workers x 2 x mean_entry_bytes) + baseline
         = (200 x 2 x 1000MiB) + 2.5GiB
         = 393.1GiB
  Available RAM: 263.6GiB
  Mean entry size: 1000MiB  (8000 tok x 131,072 B/tok)
  Peak per thread: 2000MiB  (np.load + np.array copy)
  Worker threads: 200
  Safe concurrent readers: ~133  = (available - baseline) / peak_per_thread
  WARNING: Estimated peak memory (393.1GiB) exceeds 85% of
  available RAM (263.6GiB). Risk of OOM with 200 workers.
  Consider: --num-users 133 or --max-concurrent-allocs 66

Starting benchmark... Mode: standard (prefill+decode)
--------------------------------------------------------------------------------

Integrated Multi-User KV Cache Benchmark - MLPerf Edition
Model: Llama 3.1 8B
GPU Memory: 0 GB
Users: 200
Duration: 300s
Seed: 67
Generation Mode: none (0.0ms/token)
Features:
  - Phase-Aware Processing: Enabled
  - Multi-turn Conversations: Enabled
  - Prefix Caching: Enabled
  - RAG Workload: Disabled
  - Autoscaling: Disabled
  - QoS Support: Enabled (Interactive/Responsive/Batch)
  - Trace-Driven (BurstGPT): Disabled
  - ShareGPT Dataset: Disabled
  - Max Concurrent Allocations: 16 (bounds RAM usage)
================================================================================

User Context Length Distribution:
  Min: 518 tokens (64.75MiB)
  Max: 24954 tokens (3119.25MiB)
  Mean: 8903 tokens (1112.82MiB)

QoS Distribution:
  interactive: 30 users
  responsive: 70 users
  batch: 100 users

### MEMORY SAFETY CHECK ###
  Formula: peak = (workers x 2 x mean_entry_bytes) + baseline
         = (200 x 2 x 1000MiB) + 2.5GiB
         = 393.1GiB
  Available RAM: 330.0GiB
  Mean entry size: 1000MiB  (8000 tok x 131,072 B/tok)
  Peak per thread: 2000MiB  (np.load + np.array copy)
  Worker threads: 200
  Safe concurrent readers: ~167  = (available - baseline) / peak_per_thread
  WARNING: Estimated peak memory (393.1GiB) exceeds 85% of
  available RAM (330.0GiB). Risk of OOM with 200 workers.
  Consider: --num-users 167 or --max-concurrent-allocs 83

Starting benchmark... Mode: standard (prefill+decode)
--------------------------------------------------------------------------------

Integrated Multi-User KV Cache Benchmark - MLPerf Edition
Model: Llama 3.1 8B
GPU Memory: 0 GB
Users: 200
Duration: 300s
Seed: 59
Generation Mode: none (0.0ms/token)
Features:
  - Phase-Aware Processing: Enabled
  - Multi-turn Conversations: Enabled
  - Prefix Caching: Enabled
  - RAG Workload: Disabled
  - Autoscaling: Disabled
  - QoS Support: Enabled (Interactive/Responsive/Batch)
  - Trace-Driven (BurstGPT): Disabled
  - ShareGPT Dataset: Disabled
  - Max Concurrent Allocations: 16 (bounds RAM usage)
================================================================================

User Context Length Distribution:
  Min: 557 tokens (69.62MiB)
  Max: 24962 tokens (3120.25MiB)
  Mean: 9942 tokens (1242.77MiB)

QoS Distribution:
  interactive: 27 users
  responsive: 88 users
  batch: 85 users

### MEMORY SAFETY CHECK ###
  Formula: peak = (workers x 2 x mean_entry_bytes) + baseline
         = (200 x 2 x 1000MiB) + 2.5GiB
         = 393.1GiB
  Available RAM: 590.2GiB
  Mean entry size: 1000MiB  (8000 tok x 131,072 B/tok)
  Peak per thread: 2000MiB  (np.load + np.array copy)
  Worker threads: 200
  Safe concurrent readers: ~300  = (available - baseline) / peak_per_thread
  Status: OK

Starting benchmark... Mode: standard (prefill+decode)
--------------------------------------------------------------------------------

Integrated Multi-User KV Cache Benchmark - MLPerf Edition
Model: Llama 3.1 8B
GPU Memory: 0 GB
Users: 200
Duration: 300s
Seed: 57
Generation Mode: none (0.0ms/token)
Features:
  - Phase-Aware Processing: Enabled
  - Multi-turn Conversations: Enabled
  - Prefix Caching: Enabled
  - RAG Workload: Disabled
  - Autoscaling: Disabled
  - QoS Support: Enabled (Interactive/Responsive/Batch)
  - Trace-Driven (BurstGPT): Disabled
  - ShareGPT Dataset: Disabled
  - Max Concurrent Allocations: 16 (bounds RAM usage)
================================================================================

Integrated Multi-User KV Cache Benchmark - MLPerf Edition
Model: Llama 3.1 8B
GPU Memory: 0 GB
Users: 200
Duration: 300s
Seed: 49
Generation Mode: none (0.0ms/token)
Features:
  - Phase-Aware Processing: Enabled
  - Multi-turn Conversations: Enabled
  - Prefix Caching: Enabled
  - RAG Workload: Disabled
  - Autoscaling: Disabled
  - QoS Support: Enabled (Interactive/Responsive/Batch)
  - Trace-Driven (BurstGPT): Disabled
  - ShareGPT Dataset: Disabled
  - Max Concurrent Allocations: 16 (bounds RAM usage)
================================================================================

User Context Length Distribution:
  Min: 564 tokens (70.50MiB)
  Max: 24106 tokens (3013.25MiB)
  Mean: 8706 tokens (1088.21MiB)

QoS Distribution:
  interactive: 31 users
  responsive: 73 users
  batch: 96 users

User Context Length Distribution:
  Min: 534 tokens (66.75MiB)
  Max: 23495 tokens (2936.88MiB)
  Mean: 8505 tokens (1063.15MiB)

QoS Distribution:
  interactive: 39 users
  responsive: 59 users
  batch: 102 users

### MEMORY SAFETY CHECK ###
  Formula: peak = (workers x 2 x mean_entry_bytes) + baseline
         = (200 x 2 x 1000MiB) + 2.5GiB
         = 393.1GiB
  Available RAM: 708.2GiB
  Mean entry size: 1000MiB  (8000 tok x 131,072 B/tok)
  Peak per thread: 2000MiB  (np.load + np.array copy)
  Worker threads: 200
  Safe concurrent readers: ~361  = (available - baseline) / peak_per_thread
  Status: OK

Starting benchmark... Mode: standard (prefill+decode)
--------------------------------------------------------------------------------

### MEMORY SAFETY CHECK ###
  Formula: peak = (workers x 2 x mean_entry_bytes) + baseline
         = (200 x 2 x 1000MiB) + 2.5GiB
         = 393.1GiB
  Available RAM: 585.6GiB
  Mean entry size: 1000MiB  (8000 tok x 131,072 B/tok)
  Peak per thread: 2000MiB  (np.load + np.array copy)
  Worker threads: 200
  Safe concurrent readers: ~298  = (available - baseline) / peak_per_thread
  Status: OK

Starting benchmark... Mode: standard (prefill+decode)
--------------------------------------------------------------------------------

Integrated Multi-User KV Cache Benchmark - MLPerf Edition
Model: Llama 3.1 8B
GPU Memory: 0 GB
Users: 200
Duration: 300s
Seed: 62
Generation Mode: none (0.0ms/token)
Features:
  - Phase-Aware Processing: Enabled
  - Multi-turn Conversations: Enabled
  - Prefix Caching: Enabled
  - RAG Workload: Disabled
  - Autoscaling: Disabled
  - QoS Support: Enabled (Interactive/Responsive/Batch)
  - Trace-Driven (BurstGPT): Disabled
  - ShareGPT Dataset: Disabled
  - Max Concurrent Allocations: 16 (bounds RAM usage)
================================================================================

User Context Length Distribution:
  Min: 572 tokens (71.50MiB)
  Max: 24553 tokens (3069.12MiB)
  Mean: 9706 tokens (1213.20MiB)

QoS Distribution:
  interactive: 31 users
  responsive: 79 users
  batch: 90 users

### MEMORY SAFETY CHECK ###
  Formula: peak = (workers x 2 x mean_entry_bytes) + baseline
         = (200 x 2 x 1000MiB) + 2.5GiB
         = 393.1GiB
  Available RAM: 587.6GiB
  Mean entry size: 1000MiB  (8000 tok x 131,072 B/tok)
  Peak per thread: 2000MiB  (np.load + np.array copy)
  Worker threads: 200
  Safe concurrent readers: ~299  = (available - baseline) / peak_per_thread
  Status: OK

Starting benchmark... Mode: standard (prefill+decode)
--------------------------------------------------------------------------------

Integrated Multi-User KV Cache Benchmark - MLPerf Edition
Model: Llama 3.1 8B
GPU Memory: 0 GB
Users: 200
Duration: 300s
Seed: 52
Generation Mode: none (0.0ms/token)
Features:
  - Phase-Aware Processing: Enabled
  - Multi-turn Conversations: Enabled
  - Prefix Caching: Enabled
  - RAG Workload: Disabled
  - Autoscaling: Disabled
  - QoS Support: Enabled (Interactive/Responsive/Batch)
  - Trace-Driven (BurstGPT): Disabled
  - ShareGPT Dataset: Disabled
  - Max Concurrent Allocations: 16 (bounds RAM usage)
================================================================================

User Context Length Distribution:
  Min: 523 tokens (65.38MiB)
  Max: 24261 tokens (3032.62MiB)
  Mean: 7921 tokens (990.08MiB)

QoS Distribution:
  interactive: 32 users
  responsive: 75 users
  batch: 93 users

### MEMORY SAFETY CHECK ###
  Formula: peak = (workers x 2 x mean_entry_bytes) + baseline
         = (200 x 2 x 1000MiB) + 2.5GiB
         = 393.1GiB
  Available RAM: 328.5GiB
  Mean entry size: 1000MiB  (8000 tok x 131,072 B/tok)
  Peak per thread: 2000MiB  (np.load + np.array copy)
  Worker threads: 200
  Safe concurrent readers: ~166  = (available - baseline) / peak_per_thread
  WARNING: Estimated peak memory (393.1GiB) exceeds 85% of
  available RAM (328.5GiB). Risk of OOM with 200 workers.
  Consider: --num-users 166 or --max-concurrent-allocs 83

Starting benchmark... Mode: standard (prefill+decode)
--------------------------------------------------------------------------------

Integrated Multi-User KV Cache Benchmark - MLPerf Edition
Model: Llama 3.1 8B
GPU Memory: 0 GB
Users: 200
Duration: 300s
Seed: 50
Generation Mode: none (0.0ms/token)
Features:
  - Phase-Aware Processing: Enabled
  - Multi-turn Conversations: Enabled
  - Prefix Caching: Enabled
  - RAG Workload: Disabled
  - Autoscaling: Disabled
  - QoS Support: Enabled (Interactive/Responsive/Batch)
  - Trace-Driven (BurstGPT): Disabled
  - ShareGPT Dataset: Disabled
  - Max Concurrent Allocations: 16 (bounds RAM usage)
================================================================================

User Context Length Distribution:
  Min: 515 tokens (64.38MiB)
  Max: 24947 tokens (3118.38MiB)
  Mean: 8612 tokens (1076.51MiB)

QoS Distribution:
  interactive: 20 users
  responsive: 75 users
  batch: 105 users

### MEMORY SAFETY CHECK ###
  Formula: peak = (workers x 2 x mean_entry_bytes) + baseline
         = (200 x 2 x 1000MiB) + 2.5GiB
         = 393.1GiB
  Available RAM: 270.8GiB
  Mean entry size: 1000MiB  (8000 tok x 131,072 B/tok)
  Peak per thread: 2000MiB  (np.load + np.array copy)
  Worker threads: 200
  Safe concurrent readers: ~137  = (available - baseline) / peak_per_thread
  WARNING: Estimated peak memory (393.1GiB) exceeds 85% of
  available RAM (270.8GiB). Risk of OOM with 200 workers.
  Consider: --num-users 137 or --max-concurrent-allocs 68

Starting benchmark... Mode: standard (prefill+decode)
--------------------------------------------------------------------------------

Integrated Multi-User KV Cache Benchmark - MLPerf Edition
Model: Llama 3.1 8B
GPU Memory: 0 GB
Users: 200
Duration: 300s
Seed: 69
Generation Mode: none (0.0ms/token)
Features:
  - Phase-Aware Processing: Enabled
  - Multi-turn Conversations: Enabled
  - Prefix Caching: Enabled
  - RAG Workload: Disabled
  - Autoscaling: Disabled
  - QoS Support: Enabled (Interactive/Responsive/Batch)
  - Trace-Driven (BurstGPT): Disabled
  - ShareGPT Dataset: Disabled
  - Max Concurrent Allocations: 16 (bounds RAM usage)
================================================================================

User Context Length Distribution:
  Min: 829 tokens (103.62MiB)
  Max: 24982 tokens (3122.75MiB)
  Mean: 9167 tokens (1145.82MiB)

QoS Distribution:
  interactive: 26 users
  responsive: 73 users
  batch: 101 users

### MEMORY SAFETY CHECK ###
  Formula: peak = (workers x 2 x mean_entry_bytes) + baseline
         = (200 x 2 x 1000MiB) + 2.5GiB
         = 393.1GiB
  Available RAM: 269.5GiB
  Mean entry size: 1000MiB  (8000 tok x 131,072 B/tok)
  Peak per thread: 2000MiB  (np.load + np.array copy)
  Worker threads: 200
  Safe concurrent readers: ~136  = (available - baseline) / peak_per_thread
  WARNING: Estimated peak memory (393.1GiB) exceeds 85% of
  available RAM (269.5GiB). Risk of OOM with 200 workers.
  Consider: --num-users 136 or --max-concurrent-allocs 68

Starting benchmark... Mode: standard (prefill+decode)
--------------------------------------------------------------------------------

Integrated Multi-User KV Cache Benchmark - MLPerf Edition
Model: Llama 3.1 8B
GPU Memory: 0 GB
Users: 200
Duration: 300s
Seed: 43
Generation Mode: none (0.0ms/token)
Features:
  - Phase-Aware Processing: Enabled
  - Multi-turn Conversations: Enabled
  - Prefix Caching: Enabled
  - RAG Workload: Disabled
  - Autoscaling: Disabled
  - QoS Support: Enabled (Interactive/Responsive/Batch)
  - Trace-Driven (BurstGPT): Disabled
  - ShareGPT Dataset: Disabled
  - Max Concurrent Allocations: 16 (bounds RAM usage)
================================================================================

User Context Length Distribution:
  Min: 554 tokens (69.25MiB)
  Max: 24695 tokens (3086.88MiB)
  Mean: 8592 tokens (1074.05MiB)

QoS Distribution:
  interactive: 38 users
  responsive: 72 users
  batch: 90 users

### MEMORY SAFETY CHECK ###
  Formula: peak = (workers x 2 x mean_entry_bytes) + baseline
         = (200 x 2 x 1000MiB) + 2.5GiB
         = 393.1GiB
  Available RAM: 461.9GiB
  Mean entry size: 1000MiB  (8000 tok x 131,072 B/tok)
  Peak per thread: 2000MiB  (np.load + np.array copy)
  Worker threads: 200
  Safe concurrent readers: ~235  = (available - baseline) / peak_per_thread
  WARNING: Estimated peak memory (393.1GiB) exceeds 85% of
  available RAM (461.9GiB). Risk of OOM with 200 workers.
  Consider: --num-users 200 or --max-concurrent-allocs 117

Starting benchmark... Mode: standard (prefill+decode)
--------------------------------------------------------------------------------

Integrated Multi-User KV Cache Benchmark - MLPerf Edition
Model: Llama 3.1 8B
GPU Memory: 0 GB
Users: 200
Duration: 300s
Seed: 71
Generation Mode: none (0.0ms/token)
Features:
  - Phase-Aware Processing: Enabled
  - Multi-turn Conversations: Enabled
  - Prefix Caching: Enabled
  - RAG Workload: Disabled
  - Autoscaling: Disabled
  - QoS Support: Enabled (Interactive/Responsive/Batch)
  - Trace-Driven (BurstGPT): Disabled
  - ShareGPT Dataset: Disabled
  - Max Concurrent Allocations: 16 (bounds RAM usage)
================================================================================

User Context Length Distribution:
  Min: 549 tokens (68.62MiB)
  Max: 24630 tokens (3078.75MiB)
  Mean: 8864 tokens (1108.06MiB)

QoS Distribution:
  interactive: 31 users
  responsive: 70 users
  batch: 99 users

### MEMORY SAFETY CHECK ###
  Formula: peak = (workers x 2 x mean_entry_bytes) + baseline
         = (200 x 2 x 1000MiB) + 2.5GiB
         = 393.1GiB
  Available RAM: 301.1GiB
  Mean entry size: 1000MiB  (8000 tok x 131,072 B/tok)
  Peak per thread: 2000MiB  (np.load + np.array copy)
  Worker threads: 200
  Safe concurrent readers: ~152  = (available - baseline) / peak_per_thread
  WARNING: Estimated peak memory (393.1GiB) exceeds 85% of
  available RAM (301.1GiB). Risk of OOM with 200 workers.
  Consider: --num-users 152 or --max-concurrent-allocs 76

Starting benchmark... Mode: standard (prefill+decode)
--------------------------------------------------------------------------------

================================================================================
BENCHMARK RESULTS - MLPerf KV Cache Storage Benchmark
Generation Mode: none (0.0ms/token)
================================================================================

IMPORTANT: All storage latencies below are measured per KV cache BLOCK,
not per token or per disk page.  Each block holds the full KV state for
one request (all layers, all heads, full sequence length).
  Model KV bytes/token: 131,072 bytes (128.0KiB)
  Entries in cache: 1989
  Block size min:   21.5MiB
  Block size mean:  528.2MiB
  Block size P95:   1803.4MiB
  Block size max:   2913.2MiB
  A 200MiB block at 1GiB/s NVMe read = ~200 ms device latency.
  Compare latencies against block sizes, not against 4KiB page I/O.


### OVERALL PERFORMANCE ###
Requests Completed: 1988
Total Tokens Generated: 266442
Throughput (wall-clock): 888.14 tokens/sec
Throughput (storage I/O): 37.32 tokens/sec
Requests/sec: 6.63

### END-TO-END LATENCY (Queue Wait + Storage I/O + Generation) ###
  Mean: 149716.23 ms
  P50:  151798.66 ms
  P95:  269986.12 ms
  P99:  282292.05 ms

### PER-REQUEST STORAGE LATENCY (All I/O ops for one request) ###
  Mean: 3591.14 ms
  P50:  1788.61 ms
  P95:  10436.78 ms
  P99:  15810.22 ms
  (= 1 prefill write + N decode reads per request)

### STORAGE PERFORMANCE ###
  Cache Hit Rate: 90.8%
  Total Read: 3986.11GiB
  Total Write: 1026.00GiB
  Read/Write Ratio: 3.89
  Storage KV Read Operations/sec: 31.50
  Storage KV Write Operations/sec: 6.63

### CACHE TIER DISTRIBUTION ###
  GPU Entries: 0 (0.00GiB)
  CPU Entries: 0 (0.00GiB)
  Storage Entries: 1989

### TIER-SPECIFIC KV BYTES ###
  Storage KV Bytes Written: 1026.00GiB
  Storage KV Bytes Read: 3986.11GiB

### STORAGE KV BANDWIDTH ###
  Storage KV Read Bandwidth: 13.29GiB/s
  Storage KV Write Bandwidth: 3.42GiB/s

### TIER-SPECIFIC LATENCIES (Total = Host + Device) ###
  Storage Read P95 (Total): 641.24 ms
  Storage Write P95 (Total): 8068.99 ms

### STORAGE TIER LATENCY BREAKDOWN (Device = Disk I/O, Host = Serialization) ###
  Storage Read:
    - Device P95 (Disk I/O): 453.77 ms
    - Host P95 (Serialization): 218.08 ms
    - Total P95: 641.24 ms
  Storage Write:
    - Device P95 (Disk I/O): 0.01 ms
    - Host P95 (Serialization): 8068.99 ms
    - Total P95: 8068.99 ms

### CACHE TYPE BREAKDOWNS ###
  System Prompt Hits: 1915
  Common Phrase Hits: 0
  User Cache Hits: 7498
  Multi-turn Hits: 38

### PREFIX CACHING ###
  Prefix Hits: 403
  Prefix Misses: 1586
  System Prompt Reuse: 403
  Bytes Saved: 0.33GiB

### MULTI-TURN CONVERSATIONS ###
  Multi-turn Cache Hits: 38
  Multi-turn Cache Misses: 560
  Multi-turn Hit Rate: 6.4%

### QOS LATENCY METRICS (Informational - includes simulated generation) ###

  INTERACTIVE:
    Requests: 1808
    Latency P95: 271896.06 ms
    Latency P99: 282622.57 ms
    SLA Met: [X] (compliance: 0.0%)

  RESPONSIVE:
    Requests: 83
    Latency P95: 49401.04 ms
    Latency P99: 86867.66 ms
    SLA Met: [X] (compliance: 0.0%)

  BATCH:
    Requests: 97
    Latency P95: 55585.89 ms
    Latency P99: 84650.78 ms
    SLA Met: [X] (compliance: 5.2%)

================================================================================
NOTES:
  - Pure storage I/O benchmark (no generation simulation)
================================================================================

================================================================================
BENCHMARK RESULTS - MLPerf KV Cache Storage Benchmark
Generation Mode: none (0.0ms/token)
================================================================================

IMPORTANT: All storage latencies below are measured per KV cache BLOCK,
not per token or per disk page.  Each block holds the full KV state for
one request (all layers, all heads, full sequence length).
  Model KV bytes/token: 131,072 bytes (128.0KiB)
  Entries in cache: 2118
  Block size min:   28.4MiB
  Block size mean:  456.2MiB
  Block size P95:   1343.7MiB
  Block size max:   2497.9MiB
  A 200MiB block at 1GiB/s NVMe read = ~200 ms device latency.
  Compare latencies against block sizes, not against 4KiB page I/O.


### OVERALL PERFORMANCE ###
Requests Completed: 2116
Total Tokens Generated: 279649
Throughput (wall-clock): 932.16 tokens/sec
Throughput (storage I/O): 34.84 tokens/sec
Requests/sec: 7.05

### END-TO-END LATENCY (Queue Wait + Storage I/O + Generation) ###
  Mean: 154333.60 ms
  P50:  155665.11 ms
  P95:  286280.02 ms
  P99:  300830.24 ms

### PER-REQUEST STORAGE LATENCY (All I/O ops for one request) ###
  Mean: 3793.48 ms
  P50:  2454.85 ms
  P95:  10758.69 ms
  P99:  14755.41 ms
  (= 1 prefill write + N decode reads per request)

### STORAGE PERFORMANCE ###
  Cache Hit Rate: 91.3%
  Total Read: 4793.97GiB
  Total Write: 943.59GiB
  Read/Write Ratio: 5.08
  Storage KV Read Operations/sec: 36.06
  Storage KV Write Operations/sec: 7.06

### CACHE TIER DISTRIBUTION ###
  GPU Entries: 0 (0.00GiB)
  CPU Entries: 0 (0.00GiB)
  Storage Entries: 2118

### TIER-SPECIFIC KV BYTES ###
  Storage KV Bytes Written: 943.59GiB
  Storage KV Bytes Read: 4793.97GiB

### STORAGE KV BANDWIDTH ###
  Storage KV Read Bandwidth: 15.98GiB/s
  Storage KV Write Bandwidth: 3.15GiB/s

### TIER-SPECIFIC LATENCIES (Total = Host + Device) ###
  Storage Read P95 (Total): 745.53 ms
  Storage Write P95 (Total): 6600.23 ms

### STORAGE TIER LATENCY BREAKDOWN (Device = Disk I/O, Host = Serialization) ###
  Storage Read:
    - Device P95 (Disk I/O): 493.52 ms
    - Host P95 (Serialization): 268.72 ms
    - Total P95: 745.53 ms
  Storage Write:
    - Device P95 (Disk I/O): 0.01 ms
    - Host P95 (Serialization): 6600.22 ms
    - Total P95: 6600.23 ms

### CACHE TYPE BREAKDOWNS ###
  System Prompt Hits: 2413
  Common Phrase Hits: 0
  User Cache Hits: 8372
  Multi-turn Hits: 34

### PREFIX CACHING ###
  Prefix Hits: 475
  Prefix Misses: 1643
  System Prompt Reuse: 475
  Bytes Saved: 0.39GiB

### MULTI-TURN CONVERSATIONS ###
  Multi-turn Cache Hits: 34
  Multi-turn Cache Misses: 558
  Multi-turn Hit Rate: 5.7%

### QOS LATENCY METRICS (Informational - includes simulated generation) ###

  INTERACTIVE:
    Requests: 1942
    Latency P95: 286811.74 ms
    Latency P99: 301063.83 ms
    SLA Met: [X] (compliance: 0.0%)

  RESPONSIVE:
    Requests: 75
    Latency P95: 29548.64 ms
    Latency P99: 64392.75 ms
    SLA Met: [X] (compliance: 0.0%)

  BATCH:
    Requests: 99
    Latency P95: 39101.05 ms
    Latency P99: 50627.88 ms
    SLA Met: [X] (compliance: 3.0%)

================================================================================
NOTES:
  - Pure storage I/O benchmark (no generation simulation)
================================================================================

================================================================================
BENCHMARK RESULTS - MLPerf KV Cache Storage Benchmark
Generation Mode: none (0.0ms/token)
================================================================================

IMPORTANT: All storage latencies below are measured per KV cache BLOCK,
not per token or per disk page.  Each block holds the full KV state for
one request (all layers, all heads, full sequence length).
  Model KV bytes/token: 131,072 bytes (128.0KiB)
  Entries in cache: 1683
  Block size min:   28.2MiB
  Block size mean:  538.1MiB
  Block size P95:   1740.1MiB
  Block size max:   2957.9MiB
  A 200MiB block at 1GiB/s NVMe read = ~200 ms device latency.
  Compare latencies against block sizes, not against 4KiB page I/O.


### OVERALL PERFORMANCE ###
Requests Completed: 1681
Total Tokens Generated: 282527
Throughput (wall-clock): 941.76 tokens/sec
Throughput (storage I/O): 34.04 tokens/sec
Requests/sec: 5.60

### END-TO-END LATENCY (Queue Wait + Storage I/O + Generation) ###
  Mean: 164522.27 ms
  P50:  163233.22 ms
  P95:  281464.48 ms
  P99:  290798.86 ms

### PER-REQUEST STORAGE LATENCY (All I/O ops for one request) ###
  Mean: 4937.05 ms
  P50:  3213.12 ms
  P95:  14128.98 ms
  P99:  24438.96 ms
  (= 1 prefill write + N decode reads per request)

### STORAGE PERFORMANCE ###
  Cache Hit Rate: 93.5%
  Total Read: 4382.38GiB
  Total Write: 884.41GiB
  Read/Write Ratio: 4.96
  Storage KV Read Operations/sec: 31.13
  Storage KV Write Operations/sec: 5.61

### CACHE TIER DISTRIBUTION ###
  GPU Entries: 0 (0.00GiB)
  CPU Entries: 0 (0.00GiB)
  Storage Entries: 1683

### TIER-SPECIFIC KV BYTES ###
  Storage KV Bytes Written: 884.41GiB
  Storage KV Bytes Read: 4382.38GiB

### STORAGE KV BANDWIDTH ###
  Storage KV Read Bandwidth: 14.61GiB/s
  Storage KV Write Bandwidth: 2.95GiB/s

### TIER-SPECIFIC LATENCIES (Total = Host + Device) ###
  Storage Read P95 (Total): 994.30 ms
  Storage Write P95 (Total): 8792.19 ms

### STORAGE TIER LATENCY BREAKDOWN (Device = Disk I/O, Host = Serialization) ###
  Storage Read:
    - Device P95 (Disk I/O): 593.77 ms
    - Host P95 (Serialization): 363.73 ms
    - Total P95: 994.30 ms
  Storage Write:
    - Device P95 (Disk I/O): 0.01 ms
    - Host P95 (Serialization): 8792.18 ms
    - Total P95: 8792.19 ms

### CACHE TYPE BREAKDOWNS ###
  System Prompt Hits: 1875
  Common Phrase Hits: 0
  User Cache Hits: 7451
  Multi-turn Hits: 14

### PREFIX CACHING ###
  Prefix Hits: 342
  Prefix Misses: 1341
  System Prompt Reuse: 342
  Bytes Saved: 0.28GiB

### MULTI-TURN CONVERSATIONS ###
  Multi-turn Cache Hits: 14
  Multi-turn Cache Misses: 307
  Multi-turn Hit Rate: 4.4%

### QOS LATENCY METRICS (Informational - includes simulated generation) ###

  INTERACTIVE:
    Requests: 1510
    Latency P95: 282215.35 ms
    Latency P99: 291237.08 ms
    SLA Met: [X] (compliance: 0.0%)

  RESPONSIVE:
    Requests: 72
    Latency P95: 90747.94 ms
    Latency P99: 107887.39 ms
    SLA Met: [X] (compliance: 0.0%)

  BATCH:
    Requests: 99
    Latency P95: 78206.24 ms
    Latency P99: 107491.10 ms
    SLA Met: [X] (compliance: 0.0%)

================================================================================
NOTES:
  - Pure storage I/O benchmark (no generation simulation)
================================================================================

================================================================================
BENCHMARK RESULTS - MLPerf KV Cache Storage Benchmark
Generation Mode: none (0.0ms/token)
================================================================================

IMPORTANT: All storage latencies below are measured per KV cache BLOCK,
not per token or per disk page.  Each block holds the full KV state for
one request (all layers, all heads, full sequence length).
  Model KV bytes/token: 131,072 bytes (128.0KiB)
  Entries in cache: 1742
  Block size min:   17.0MiB
  Block size mean:  566.7MiB
  Block size P95:   1637.4MiB
  Block size max:   2848.6MiB
  A 200MiB block at 1GiB/s NVMe read = ~200 ms device latency.
  Compare latencies against block sizes, not against 4KiB page I/O.


### OVERALL PERFORMANCE ###
Requests Completed: 1740
Total Tokens Generated: 308784
Throughput (wall-clock): 1029.27 tokens/sec
Throughput (storage I/O): 35.03 tokens/sec
Requests/sec: 5.80

### END-TO-END LATENCY (Queue Wait + Storage I/O + Generation) ###
  Mean: 162224.75 ms
  P50:  168131.59 ms
  P95:  292862.14 ms
  P99:  306880.15 ms

### PER-REQUEST STORAGE LATENCY (All I/O ops for one request) ###
  Mean: 5066.10 ms
  P50:  3759.19 ms
  P95:  13400.24 ms
  P99:  25289.05 ms
  (= 1 prefill write + N decode reads per request)

### STORAGE PERFORMANCE ###
  Cache Hit Rate: 93.1%
  Total Read: 5542.47GiB
  Total Write: 963.98GiB
  Read/Write Ratio: 5.75
  Storage KV Read Operations/sec: 36.11
  Storage KV Write Operations/sec: 5.81

### CACHE TIER DISTRIBUTION ###
  GPU Entries: 0 (0.00GiB)
  CPU Entries: 0 (0.00GiB)
  Storage Entries: 1742

### TIER-SPECIFIC KV BYTES ###
  Storage KV Bytes Written: 963.98GiB
  Storage KV Bytes Read: 5542.47GiB

### STORAGE KV BANDWIDTH ###
  Storage KV Read Bandwidth: 18.47GiB/s
  Storage KV Write Bandwidth: 3.21GiB/s

### TIER-SPECIFIC LATENCIES (Total = Host + Device) ###
  Storage Read P95 (Total): 928.14 ms
  Storage Write P95 (Total): 7732.93 ms

### STORAGE TIER LATENCY BREAKDOWN (Device = Disk I/O, Host = Serialization) ###
  Storage Read:
    - Device P95 (Disk I/O): 567.21 ms
    - Host P95 (Serialization): 360.06 ms
    - Total P95: 928.14 ms
  Storage Write:
    - Device P95 (Disk I/O): 0.01 ms
    - Host P95 (Serialization): 7732.92 ms
    - Total P95: 7732.93 ms

### CACHE TYPE BREAKDOWNS ###
  System Prompt Hits: 2074
  Common Phrase Hits: 0
  User Cache Hits: 8697
  Multi-turn Hits: 61

### PREFIX CACHING ###
  Prefix Hits: 331
  Prefix Misses: 1411
  System Prompt Reuse: 331
  Bytes Saved: 0.27GiB

### MULTI-TURN CONVERSATIONS ###
  Multi-turn Cache Hits: 61
  Multi-turn Cache Misses: 471
  Multi-turn Hit Rate: 11.5%

### QOS LATENCY METRICS (Informational - includes simulated generation) ###

  INTERACTIVE:
    Requests: 1566
    Latency P95: 294058.85 ms
    Latency P99: 307009.74 ms
    SLA Met: [X] (compliance: 0.0%)

  RESPONSIVE:
    Requests: 44
    Latency P95: 58230.35 ms
    Latency P99: 78536.97 ms
    SLA Met: [X] (compliance: 0.0%)

  BATCH:
    Requests: 130
    Latency P95: 75950.52 ms
    Latency P99: 99958.53 ms
    SLA Met: [X] (compliance: 10.0%)

================================================================================
NOTES:
  - Pure storage I/O benchmark (no generation simulation)
================================================================================
KV Cache Wrapper - End delay for 90 seconds

================================================================================
BENCHMARK RESULTS - MLPerf KV Cache Storage Benchmark
Generation Mode: none (0.0ms/token)
================================================================================

IMPORTANT: All storage latencies below are measured per KV cache BLOCK,
not per token or per disk page.  Each block holds the full KV state for
one request (all layers, all heads, full sequence length).
  Model KV bytes/token: 131,072 bytes (128.0KiB)
  Entries in cache: 1687
  Block size min:   26.0MiB
  Block size mean:  640.3MiB
  Block size P95:   2151.0MiB
  Block size max:   3082.8MiB
  A 200MiB block at 1GiB/s NVMe read = ~200 ms device latency.
  Compare latencies against block sizes, not against 4KiB page I/O.


### OVERALL PERFORMANCE ###
Requests Completed: 1687
Total Tokens Generated: 204176
Throughput (wall-clock): 680.59 tokens/sec
Throughput (storage I/O): 29.70 tokens/sec
Requests/sec: 5.62

### END-TO-END LATENCY (Queue Wait + Storage I/O + Generation) ###
  Mean: 157348.44 ms
  P50:  158933.70 ms
  P95:  284070.57 ms
  P99:  293559.84 ms

### PER-REQUEST STORAGE LATENCY (All I/O ops for one request) ###
  Mean: 4075.06 ms
  P50:  2225.13 ms
  P95:  10928.97 ms
  P99:  17022.86 ms
  (= 1 prefill write + N decode reads per request)

### STORAGE PERFORMANCE ###
  Cache Hit Rate: 91.4%
  Total Read: 3222.39GiB
  Total Write: 1054.85GiB
  Read/Write Ratio: 3.05
  Storage KV Read Operations/sec: 23.03
  Storage KV Write Operations/sec: 5.62

### CACHE TIER DISTRIBUTION ###
  GPU Entries: 0 (0.00GiB)
  CPU Entries: 0 (0.00GiB)
  Storage Entries: 1687

### TIER-SPECIFIC KV BYTES ###
  Storage KV Bytes Written: 1054.85GiB
  Storage KV Bytes Read: 3222.39GiB

### STORAGE KV BANDWIDTH ###
  Storage KV Read Bandwidth: 10.74GiB/s
  Storage KV Write Bandwidth: 3.52GiB/s

### TIER-SPECIFIC LATENCIES (Total = Host + Device) ###
  Storage Read P95 (Total): 710.34 ms
  Storage Write P95 (Total): 9334.32 ms

### STORAGE TIER LATENCY BREAKDOWN (Device = Disk I/O, Host = Serialization) ###
  Storage Read:
    - Device P95 (Disk I/O): 489.19 ms
    - Host P95 (Serialization): 231.03 ms
    - Total P95: 710.34 ms
  Storage Write:
    - Device P95 (Disk I/O): 0.01 ms
    - Host P95 (Serialization): 9334.31 ms
    - Total P95: 9334.32 ms

### CACHE TYPE BREAKDOWNS ###
  System Prompt Hits: 1256
  Common Phrase Hits: 0
  User Cache Hits: 5612
  Multi-turn Hits: 40

### PREFIX CACHING ###
  Prefix Hits: 314
  Prefix Misses: 1373
  System Prompt Reuse: 314
  Bytes Saved: 0.26GiB

### MULTI-TURN CONVERSATIONS ###
  Multi-turn Cache Hits: 40
  Multi-turn Cache Misses: 336
  Multi-turn Hit Rate: 10.6%

### QOS LATENCY METRICS (Informational - includes simulated generation) ###

  INTERACTIVE:
    Requests: 1508
    Latency P95: 286625.91 ms
    Latency P99: 293688.13 ms
    SLA Met: [X] (compliance: 0.0%)

  RESPONSIVE:
    Requests: 69
    Latency P95: 79307.64 ms
    Latency P99: 114698.48 ms
    SLA Met: [X] (compliance: 0.0%)

  BATCH:
    Requests: 110
    Latency P95: 74465.32 ms
    Latency P99: 78345.85 ms
    SLA Met: [X] (compliance: 12.7%)

================================================================================
NOTES:
  - Pure storage I/O benchmark (no generation simulation)
================================================================================

================================================================================
BENCHMARK RESULTS - MLPerf KV Cache Storage Benchmark
Generation Mode: none (0.0ms/token)
================================================================================

IMPORTANT: All storage latencies below are measured per KV cache BLOCK,
not per token or per disk page.  Each block holds the full KV state for
one request (all layers, all heads, full sequence length).
  Model KV bytes/token: 131,072 bytes (128.0KiB)
  Entries in cache: 1636
  Block size min:   24.4MiB
  Block size mean:  575.8MiB
  Block size P95:   1911.2MiB
  Block size max:   3056.4MiB
  A 200MiB block at 1GiB/s NVMe read = ~200 ms device latency.
  Compare latencies against block sizes, not against 4KiB page I/O.


### OVERALL PERFORMANCE ###
Requests Completed: 1636
Total Tokens Generated: 287356
Throughput (wall-clock): 957.85 tokens/sec
Throughput (storage I/O): 32.47 tokens/sec
Requests/sec: 5.45

### END-TO-END LATENCY (Queue Wait + Storage I/O + Generation) ###
  Mean: 163669.41 ms
  P50:  168076.46 ms
  P95:  274763.70 ms
  P99:  285474.32 ms

### PER-REQUEST STORAGE LATENCY (All I/O ops for one request) ###
  Mean: 5406.82 ms
  P50:  3395.76 ms
  P95:  14365.84 ms
  P99:  36611.71 ms
  (= 1 prefill write + N decode reads per request)

### STORAGE PERFORMANCE ###
  Cache Hit Rate: 92.8%
  Total Read: 4564.23GiB
  Total Write: 919.93GiB
  Read/Write Ratio: 4.96
  Storage KV Read Operations/sec: 32.02
  Storage KV Write Operations/sec: 5.45

### CACHE TIER DISTRIBUTION ###
  GPU Entries: 0 (0.00GiB)
  CPU Entries: 0 (0.00GiB)
  Storage Entries: 1636

### TIER-SPECIFIC KV BYTES ###
  Storage KV Bytes Written: 919.93GiB
  Storage KV Bytes Read: 4564.23GiB

### STORAGE KV BANDWIDTH ###
  Storage KV Read Bandwidth: 15.21GiB/s
  Storage KV Write Bandwidth: 3.07GiB/s

### TIER-SPECIFIC LATENCIES (Total = Host + Device) ###
  Storage Read P95 (Total): 882.10 ms
  Storage Write P95 (Total): 9581.77 ms

### STORAGE TIER LATENCY BREAKDOWN (Device = Disk I/O, Host = Serialization) ###
  Storage Read:
    - Device P95 (Disk I/O): 551.57 ms
    - Host P95 (Serialization): 332.90 ms
    - Total P95: 882.10 ms
  Storage Write:
    - Device P95 (Disk I/O): 0.01 ms
    - Host P95 (Serialization): 9581.76 ms
    - Total P95: 9581.77 ms

### CACHE TYPE BREAKDOWNS ###
  System Prompt Hits: 2016
  Common Phrase Hits: 0
  User Cache Hits: 7504
  Multi-turn Hits: 87

### PREFIX CACHING ###
  Prefix Hits: 346
  Prefix Misses: 1290
  System Prompt Reuse: 346
  Bytes Saved: 0.27GiB

### MULTI-TURN CONVERSATIONS ###
  Multi-turn Cache Hits: 87
  Multi-turn Cache Misses: 396
  Multi-turn Hit Rate: 18.0%

### QOS LATENCY METRICS (Informational - includes simulated generation) ###

  INTERACTIVE:
    Requests: 1464
    Latency P95: 277035.19 ms
    Latency P99: 286103.19 ms
    SLA Met: [X] (compliance: 0.0%)

  RESPONSIVE:
    Requests: 59
    Latency P95: 113784.81 ms
    Latency P99: 128777.60 ms
    SLA Met: [X] (compliance: 0.0%)

  BATCH:
    Requests: 113
    Latency P95: 96516.99 ms
    Latency P99: 112678.47 ms
    SLA Met: [X] (compliance: 6.2%)

================================================================================
NOTES:
  - Pure storage I/O benchmark (no generation simulation)
================================================================================
KV Cache Wrapper - End delay for 90 seconds

================================================================================
BENCHMARK RESULTS - MLPerf KV Cache Storage Benchmark
Generation Mode: none (0.0ms/token)
================================================================================

IMPORTANT: All storage latencies below are measured per KV cache BLOCK,
not per token or per disk page.  Each block holds the full KV state for
one request (all layers, all heads, full sequence length).
  Model KV bytes/token: 131,072 bytes (128.0KiB)
  Entries in cache: 1685
  Block size min:   18.0MiB
  Block size mean:  607.6MiB
  Block size P95:   1683.5MiB
  Block size max:   2926.2MiB
  A 200MiB block at 1GiB/s NVMe read = ~200 ms device latency.
  Compare latencies against block sizes, not against 4KiB page I/O.


### OVERALL PERFORMANCE ###
Requests Completed: 1683
Total Tokens Generated: 252875
Throughput (wall-clock): 842.85 tokens/sec
Throughput (storage I/O): 34.02 tokens/sec
Requests/sec: 5.61

### END-TO-END LATENCY (Queue Wait + Storage I/O + Generation) ###
  Mean: 163499.41 ms
  P50:  164301.13 ms
  P95:  289060.71 ms
  P99:  301940.66 ms

### PER-REQUEST STORAGE LATENCY (All I/O ops for one request) ###
  Mean: 4416.33 ms
  P50:  3324.53 ms
  P95:  10728.56 ms
  P99:  17791.27 ms
  (= 1 prefill write + N decode reads per request)

### STORAGE PERFORMANCE ###
  Cache Hit Rate: 93.2%
  Total Read: 4177.26GiB
  Total Write: 999.76GiB
  Read/Write Ratio: 4.18
  Storage KV Read Operations/sec: 28.03
  Storage KV Write Operations/sec: 5.62

### CACHE TIER DISTRIBUTION ###
  GPU Entries: 0 (0.00GiB)
  CPU Entries: 0 (0.00GiB)
  Storage Entries: 1685

### TIER-SPECIFIC KV BYTES ###
  Storage KV Bytes Written: 999.76GiB
  Storage KV Bytes Read: 4177.26GiB

### STORAGE KV BANDWIDTH ###
  Storage KV Read Bandwidth: 13.92GiB/s
  Storage KV Write Bandwidth: 3.33GiB/s

### TIER-SPECIFIC LATENCIES (Total = Host + Device) ###
  Storage Read P95 (Total): 675.33 ms
  Storage Write P95 (Total): 7615.34 ms

### STORAGE TIER LATENCY BREAKDOWN (Device = Disk I/O, Host = Serialization) ###
  Storage Read:
    - Device P95 (Disk I/O): 475.64 ms
    - Host P95 (Serialization): 223.11 ms
    - Total P95: 675.33 ms
  Storage Write:
    - Device P95 (Disk I/O): 0.01 ms
    - Host P95 (Serialization): 7615.34 ms
    - Total P95: 7615.34 ms

### CACHE TYPE BREAKDOWNS ###
  System Prompt Hits: 1571
  Common Phrase Hits: 0
  User Cache Hits: 6816
  Multi-turn Hits: 21

### PREFIX CACHING ###
  Prefix Hits: 332
  Prefix Misses: 1353
  System Prompt Reuse: 332
  Bytes Saved: 0.27GiB

### MULTI-TURN CONVERSATIONS ###
  Multi-turn Cache Hits: 21
  Multi-turn Cache Misses: 282
  Multi-turn Hit Rate: 6.9%

### QOS LATENCY METRICS (Informational - includes simulated generation) ###

  INTERACTIVE:
    Requests: 1509
    Latency P95: 291201.10 ms
    Latency P99: 301971.65 ms
    SLA Met: [X] (compliance: 0.0%)

  RESPONSIVE:
    Requests: 80
    Latency P95: 88481.39 ms
    Latency P99: 110280.81 ms
    SLA Met: [X] (compliance: 0.0%)

  BATCH:
    Requests: 94
    Latency P95: 91796.69 ms
    Latency P99: 159527.82 ms
    SLA Met: [X] (compliance: 7.4%)

================================================================================
NOTES:
  - Pure storage I/O benchmark (no generation simulation)
================================================================================

================================================================================
BENCHMARK RESULTS - MLPerf KV Cache Storage Benchmark
Generation Mode: none (0.0ms/token)
================================================================================

IMPORTANT: All storage latencies below are measured per KV cache BLOCK,
not per token or per disk page.  Each block holds the full KV state for
one request (all layers, all heads, full sequence length).
  Model KV bytes/token: 131,072 bytes (128.0KiB)
  Entries in cache: 1847
  Block size min:   19.4MiB
  Block size mean:  517.3MiB
  Block size P95:   1593.3MiB
  Block size max:   2957.0MiB
  A 200MiB block at 1GiB/s NVMe read = ~200 ms device latency.
  Compare latencies against block sizes, not against 4KiB page I/O.


### OVERALL PERFORMANCE ###
Requests Completed: 1846
Total Tokens Generated: 283337
Throughput (wall-clock): 944.46 tokens/sec
Throughput (storage I/O): 33.47 tokens/sec
Requests/sec: 6.15

### END-TO-END LATENCY (Queue Wait + Storage I/O + Generation) ###
  Mean: 155693.29 ms
  P50:  160952.07 ms
  P95:  281204.43 ms
  P99:  294513.26 ms

### PER-REQUEST STORAGE LATENCY (All I/O ops for one request) ###
  Mean: 4585.62 ms
  P50:  2650.06 ms
  P95:  13000.59 ms
  P99:  18757.31 ms
  (= 1 prefill write + N decode reads per request)

### STORAGE PERFORMANCE ###
  Cache Hit Rate: 92.4%
  Total Read: 4730.05GiB
  Total Write: 933.03GiB
  Read/Write Ratio: 5.07
  Storage KV Read Operations/sec: 32.47
  Storage KV Write Operations/sec: 6.16

### CACHE TIER DISTRIBUTION ###
  GPU Entries: 0 (0.00GiB)
  CPU Entries: 0 (0.00GiB)
  Storage Entries: 1847

### TIER-SPECIFIC KV BYTES ###
  Storage KV Bytes Written: 933.03GiB
  Storage KV Bytes Read: 4730.05GiB

### STORAGE KV BANDWIDTH ###
  Storage KV Read Bandwidth: 15.77GiB/s
  Storage KV Write Bandwidth: 3.11GiB/s

### TIER-SPECIFIC LATENCIES (Total = Host + Device) ###
  Storage Read P95 (Total): 825.09 ms
  Storage Write P95 (Total): 7937.63 ms

### STORAGE TIER LATENCY BREAKDOWN (Device = Disk I/O, Host = Serialization) ###
  Storage Read:
    - Device P95 (Disk I/O): 546.71 ms
    - Host P95 (Serialization): 293.84 ms
    - Total P95: 825.09 ms
  Storage Write:
    - Device P95 (Disk I/O): 0.01 ms
    - Host P95 (Serialization): 7937.62 ms
    - Total P95: 7937.63 ms

### CACHE TYPE BREAKDOWNS ###
  System Prompt Hits: 1990
  Common Phrase Hits: 0
  User Cache Hits: 7707
  Multi-turn Hits: 43

### PREFIX CACHING ###
  Prefix Hits: 370
  Prefix Misses: 1477
  System Prompt Reuse: 370
  Bytes Saved: 0.30GiB

### MULTI-TURN CONVERSATIONS ###
  Multi-turn Cache Hits: 43
  Multi-turn Cache Misses: 434
  Multi-turn Hit Rate: 9.0%

### QOS LATENCY METRICS (Informational - includes simulated generation) ###

  INTERACTIVE:
    Requests: 1669
    Latency P95: 282459.56 ms
    Latency P99: 294894.76 ms
    SLA Met: [X] (compliance: 0.0%)

  RESPONSIVE:
    Requests: 63
    Latency P95: 51157.16 ms
    Latency P99: 79004.10 ms
    SLA Met: [X] (compliance: 0.0%)

  BATCH:
    Requests: 114
    Latency P95: 55244.15 ms
    Latency P99: 96531.66 ms
    SLA Met: [X] (compliance: 7.9%)

================================================================================
NOTES:
  - Pure storage I/O benchmark (no generation simulation)
================================================================================

================================================================================
BENCHMARK RESULTS - MLPerf KV Cache Storage Benchmark
Generation Mode: none (0.0ms/token)
================================================================================

IMPORTANT: All storage latencies below are measured per KV cache BLOCK,
not per token or per disk page.  Each block holds the full KV state for
one request (all layers, all heads, full sequence length).
  Model KV bytes/token: 131,072 bytes (128.0KiB)
  Entries in cache: 1552
  Block size min:   21.0MiB
  Block size mean:  682.2MiB
  Block size P95:   1782.8MiB
  Block size max:   2730.0MiB
  A 200MiB block at 1GiB/s NVMe read = ~200 ms device latency.
  Compare latencies against block sizes, not against 4KiB page I/O.


### OVERALL PERFORMANCE ###
Requests Completed: 1551
Total Tokens Generated: 303616
Throughput (wall-clock): 1012.05 tokens/sec
Throughput (storage I/O): 34.77 tokens/sec
Requests/sec: 5.17

### END-TO-END LATENCY (Queue Wait + Storage I/O + Generation) ###
  Mean: 148997.11 ms
  P50:  148113.12 ms
  P95:  291209.81 ms
  P99:  301231.99 ms

### PER-REQUEST STORAGE LATENCY (All I/O ops for one request) ###
  Mean: 5630.21 ms
  P50:  4808.40 ms
  P95:  13322.17 ms
  P99:  21228.71 ms
  (= 1 prefill write + N decode reads per request)

### STORAGE PERFORMANCE ###
  Cache Hit Rate: 90.5%
  Total Read: 5589.69GiB
  Total Write: 1034.02GiB
  Read/Write Ratio: 5.41
  Storage KV Read Operations/sec: 32.74
  Storage KV Write Operations/sec: 5.17

### CACHE TIER DISTRIBUTION ###
  GPU Entries: 0 (0.00GiB)
  CPU Entries: 0 (0.00GiB)
  Storage Entries: 1552

### TIER-SPECIFIC KV BYTES ###
  Storage KV Bytes Written: 1034.02GiB
  Storage KV Bytes Read: 5589.69GiB

### STORAGE KV BANDWIDTH ###
  Storage KV Read Bandwidth: 18.63GiB/s
  Storage KV Write Bandwidth: 3.45GiB/s

### TIER-SPECIFIC LATENCIES (Total = Host + Device) ###
  Storage Read P95 (Total): 821.02 ms
  Storage Write P95 (Total): 8447.52 ms

### STORAGE TIER LATENCY BREAKDOWN (Device = Disk I/O, Host = Serialization) ###
  Storage Read:
    - Device P95 (Disk I/O): 554.45 ms
    - Host P95 (Serialization): 299.27 ms
    - Total P95: 821.02 ms
  Storage Write:
    - Device P95 (Disk I/O): 0.01 ms
    - Host P95 (Serialization): 8447.49 ms
    - Total P95: 8447.52 ms

### CACHE TYPE BREAKDOWNS ###
  System Prompt Hits: 1704
  Common Phrase Hits: 0
  User Cache Hits: 8060
  Multi-turn Hits: 58

### PREFIX CACHING ###
  Prefix Hits: 300
  Prefix Misses: 1252
  System Prompt Reuse: 300
  Bytes Saved: 0.24GiB

### MULTI-TURN CONVERSATIONS ###
  Multi-turn Cache Hits: 58
  Multi-turn Cache Misses: 737
  Multi-turn Hit Rate: 7.3%

### QOS LATENCY METRICS (Informational - includes simulated generation) ###

  INTERACTIVE:
    Requests: 1366
    Latency P95: 292790.31 ms
    Latency P99: 302047.75 ms
    SLA Met: [X] (compliance: 0.0%)

  RESPONSIVE:
    Requests: 75
    Latency P95: 70517.59 ms
    Latency P99: 118858.99 ms
    SLA Met: [X] (compliance: 0.0%)

  BATCH:
    Requests: 110
    Latency P95: 38874.22 ms
    Latency P99: 84485.28 ms
    SLA Met: [X] (compliance: 7.3%)

================================================================================
NOTES:
  - Pure storage I/O benchmark (no generation simulation)
================================================================================

================================================================================
BENCHMARK RESULTS - MLPerf KV Cache Storage Benchmark
Generation Mode: none (0.0ms/token)
================================================================================

IMPORTANT: All storage latencies below are measured per KV cache BLOCK,
not per token or per disk page.  Each block holds the full KV state for
one request (all layers, all heads, full sequence length).
  Model KV bytes/token: 131,072 bytes (128.0KiB)
  Entries in cache: 2143
  Block size min:   18.8MiB
  Block size mean:  458.9MiB
  Block size P95:   1668.8MiB
  Block size max:   2699.0MiB
  A 200MiB block at 1GiB/s NVMe read = ~200 ms device latency.
  Compare latencies against block sizes, not against 4KiB page I/O.


### OVERALL PERFORMANCE ###
Requests Completed: 2142
Total Tokens Generated: 303994
Throughput (wall-clock): 1013.31 tokens/sec
Throughput (storage I/O): 39.05 tokens/sec
Requests/sec: 7.14

### END-TO-END LATENCY (Queue Wait + Storage I/O + Generation) ###
  Mean: 155488.08 ms
  P50:  156050.38 ms
  P95:  285470.61 ms
  P99:  301631.88 ms

### PER-REQUEST STORAGE LATENCY (All I/O ops for one request) ###
  Mean: 3634.30 ms
  P50:  2012.78 ms
  P95:  11244.59 ms
  P99:  16182.47 ms
  (= 1 prefill write + N decode reads per request)

### STORAGE PERFORMANCE ###
  Cache Hit Rate: 92.3%
  Total Read: 4516.57GiB
  Total Write: 960.43GiB
  Read/Write Ratio: 4.70
  Storage KV Read Operations/sec: 36.10
  Storage KV Write Operations/sec: 7.14

### CACHE TIER DISTRIBUTION ###
  GPU Entries: 0 (0.00GiB)
  CPU Entries: 0 (0.00GiB)
  Storage Entries: 2143

### TIER-SPECIFIC KV BYTES ###
  Storage KV Bytes Written: 960.43GiB
  Storage KV Bytes Read: 4516.57GiB

### STORAGE KV BANDWIDTH ###
  Storage KV Read Bandwidth: 15.06GiB/s
  Storage KV Write Bandwidth: 3.20GiB/s

### TIER-SPECIFIC LATENCIES (Total = Host + Device) ###
  Storage Read P95 (Total): 727.26 ms
  Storage Write P95 (Total): 7679.95 ms

### STORAGE TIER LATENCY BREAKDOWN (Device = Disk I/O, Host = Serialization) ###
  Storage Read:
    - Device P95 (Disk I/O): 488.96 ms
    - Host P95 (Serialization): 252.59 ms
    - Total P95: 727.26 ms
  Storage Write:
    - Device P95 (Disk I/O): 0.01 ms
    - Host P95 (Serialization): 7679.94 ms
    - Total P95: 7679.95 ms

### CACHE TYPE BREAKDOWNS ###
  System Prompt Hits: 2060
  Common Phrase Hits: 0
  User Cache Hits: 8753
  Multi-turn Hits: 17

### PREFIX CACHING ###
  Prefix Hits: 424
  Prefix Misses: 1719
  System Prompt Reuse: 424
  Bytes Saved: 0.34GiB

### MULTI-TURN CONVERSATIONS ###
  Multi-turn Cache Hits: 17
  Multi-turn Cache Misses: 485
  Multi-turn Hit Rate: 3.4%

### QOS LATENCY METRICS (Informational - includes simulated generation) ###

  INTERACTIVE:
    Requests: 1969
    Latency P95: 286520.03 ms
    Latency P99: 301735.09 ms
    SLA Met: [X] (compliance: 0.0%)

  RESPONSIVE:
    Requests: 76
    Latency P95: 36643.56 ms
    Latency P99: 60618.58 ms
    SLA Met: [X] (compliance: 0.0%)

  BATCH:
    Requests: 97
    Latency P95: 54664.18 ms
    Latency P99: 62263.49 ms
    SLA Met: [X] (compliance: 2.1%)

================================================================================
NOTES:
  - Pure storage I/O benchmark (no generation simulation)
================================================================================

================================================================================
BENCHMARK RESULTS - MLPerf KV Cache Storage Benchmark
Generation Mode: none (0.0ms/token)
================================================================================

IMPORTANT: All storage latencies below are measured per KV cache BLOCK,
not per token or per disk page.  Each block holds the full KV state for
one request (all layers, all heads, full sequence length).
  Model KV bytes/token: 131,072 bytes (128.0KiB)
  Entries in cache: 1444
  Block size min:   28.8MiB
  Block size mean:  523.5MiB
  Block size P95:   1586.2MiB
  Block size max:   2785.6MiB
  A 200MiB block at 1GiB/s NVMe read = ~200 ms device latency.
  Compare latencies against block sizes, not against 4KiB page I/O.


### OVERALL PERFORMANCE ###
Requests Completed: 1441
Total Tokens Generated: 230624
Throughput (wall-clock): 768.75 tokens/sec
Throughput (storage I/O): 25.99 tokens/sec
Requests/sec: 4.80

### END-TO-END LATENCY (Queue Wait + Storage I/O + Generation) ###
  Mean: 169156.66 ms
  P50:  173294.32 ms
  P95:  281162.54 ms
  P99:  291665.73 ms

### PER-REQUEST STORAGE LATENCY (All I/O ops for one request) ###
  Mean: 6157.55 ms
  P50:  3724.83 ms
  P95:  18564.01 ms
  P99:  31065.55 ms
  (= 1 prefill write + N decode reads per request)

### STORAGE PERFORMANCE ###
  Cache Hit Rate: 93.0%
  Total Read: 3684.34GiB
  Total Write: 738.26GiB
  Read/Write Ratio: 4.99
  Storage KV Read Operations/sec: 25.96
  Storage KV Write Operations/sec: 4.81

### CACHE TIER DISTRIBUTION ###
  GPU Entries: 0 (0.00GiB)
  CPU Entries: 0 (0.00GiB)
  Storage Entries: 1444

### TIER-SPECIFIC KV BYTES ###
  Storage KV Bytes Written: 738.26GiB
  Storage KV Bytes Read: 3684.34GiB

### STORAGE KV BANDWIDTH ###
  Storage KV Read Bandwidth: 12.28GiB/s
  Storage KV Write Bandwidth: 2.46GiB/s

### TIER-SPECIFIC LATENCIES (Total = Host + Device) ###
  Storage Read P95 (Total): 1489.67 ms
  Storage Write P95 (Total): 8683.27 ms

### STORAGE TIER LATENCY BREAKDOWN (Device = Disk I/O, Host = Serialization) ###
  Storage Read:
    - Device P95 (Disk I/O): 801.66 ms
    - Host P95 (Serialization): 619.52 ms
    - Total P95: 1489.67 ms
  Storage Write:
    - Device P95 (Disk I/O): 0.01 ms
    - Host P95 (Serialization): 8683.26 ms
    - Total P95: 8683.27 ms

### CACHE TYPE BREAKDOWNS ###
  System Prompt Hits: 1528
  Common Phrase Hits: 0
  User Cache Hits: 6226
  Multi-turn Hits: 34

### PREFIX CACHING ###
  Prefix Hits: 286
  Prefix Misses: 1158
  System Prompt Reuse: 286
  Bytes Saved: 0.23GiB

### MULTI-TURN CONVERSATIONS ###
  Multi-turn Cache Hits: 34
  Multi-turn Cache Misses: 299
  Multi-turn Hit Rate: 10.2%

### QOS LATENCY METRICS (Informational - includes simulated generation) ###

  INTERACTIVE:
    Requests: 1269
    Latency P95: 282973.71 ms
    Latency P99: 291796.88 ms
    SLA Met: [X] (compliance: 0.0%)

  RESPONSIVE:
    Requests: 92
    Latency P95: 100386.49 ms
    Latency P99: 122221.45 ms
    SLA Met: [X] (compliance: 0.0%)

  BATCH:
    Requests: 80
    Latency P95: 101909.75 ms
    Latency P99: 123572.78 ms
    SLA Met: [X] (compliance: 3.7%)

================================================================================
NOTES:
  - Pure storage I/O benchmark (no generation simulation)
================================================================================
KV Cache Wrapper - End delay for 90 seconds
KV Cache Wrapper - End delay for 90 seconds
KV Cache Wrapper - End delay for 90 seconds

================================================================================
BENCHMARK RESULTS - MLPerf KV Cache Storage Benchmark
Generation Mode: none (0.0ms/token)
================================================================================

IMPORTANT: All storage latencies below are measured per KV cache BLOCK,
not per token or per disk page.  Each block holds the full KV state for
one request (all layers, all heads, full sequence length).
  Model KV bytes/token: 131,072 bytes (128.0KiB)
  Entries in cache: 1544
  Block size min:   18.2MiB
  Block size mean:  546.4MiB
  Block size P95:   1597.3MiB
  Block size max:   2855.6MiB
  A 200MiB block at 1GiB/s NVMe read = ~200 ms device latency.
  Compare latencies against block sizes, not against 4KiB page I/O.


### OVERALL PERFORMANCE ###
Requests Completed: 1543
Total Tokens Generated: 284156
Throughput (wall-clock): 947.19 tokens/sec
Throughput (storage I/O): 26.22 tokens/sec
Requests/sec: 5.14

### END-TO-END LATENCY (Queue Wait + Storage I/O + Generation) ###
  Mean: 157785.15 ms
  P50:  168863.67 ms
  P95:  261569.71 ms
  P99:  272226.59 ms

### PER-REQUEST STORAGE LATENCY (All I/O ops for one request) ###
  Mean: 7023.38 ms
  P50:  5302.54 ms
  P95:  17042.40 ms
  P99:  47975.33 ms
  (= 1 prefill write + N decode reads per request)

### STORAGE PERFORMANCE ###
  Cache Hit Rate: 94.0%
  Total Read: 5152.09GiB
  Total Write: 823.83GiB
  Read/Write Ratio: 6.25
  Storage KV Read Operations/sec: 33.66
  Storage KV Write Operations/sec: 5.15

### CACHE TIER DISTRIBUTION ###
  GPU Entries: 0 (0.00GiB)
  CPU Entries: 0 (0.00GiB)
  Storage Entries: 1544

### TIER-SPECIFIC KV BYTES ###
  Storage KV Bytes Written: 823.83GiB
  Storage KV Bytes Read: 5152.09GiB

### STORAGE KV BANDWIDTH ###
  Storage KV Read Bandwidth: 17.17GiB/s
  Storage KV Write Bandwidth: 2.75GiB/s

### TIER-SPECIFIC LATENCIES (Total = Host + Device) ###
  Storage Read P95 (Total): 1471.81 ms
  Storage Write P95 (Total): 8205.70 ms

### STORAGE TIER LATENCY BREAKDOWN (Device = Disk I/O, Host = Serialization) ###
  Storage Read:
    - Device P95 (Disk I/O): 828.88 ms
    - Host P95 (Serialization): 550.04 ms
    - Total P95: 1471.81 ms
  Storage Write:
    - Device P95 (Disk I/O): 0.01 ms
    - Host P95 (Serialization): 8205.70 ms
    - Total P95: 8205.70 ms

### CACHE TYPE BREAKDOWNS ###
  System Prompt Hits: 1942
  Common Phrase Hits: 0
  User Cache Hits: 8124
  Multi-turn Hits: 31

### PREFIX CACHING ###
  Prefix Hits: 297
  Prefix Misses: 1247
  System Prompt Reuse: 297
  Bytes Saved: 0.24GiB

### MULTI-TURN CONVERSATIONS ###
  Multi-turn Cache Hits: 31
  Multi-turn Cache Misses: 347
  Multi-turn Hit Rate: 8.2%

### QOS LATENCY METRICS (Informational - includes simulated generation) ###

  INTERACTIVE:
    Requests: 1369
    Latency P95: 262880.27 ms
    Latency P99: 273462.71 ms
    SLA Met: [X] (compliance: 0.0%)

  RESPONSIVE:
    Requests: 65
    Latency P95: 77762.12 ms
    Latency P99: 81965.84 ms
    SLA Met: [X] (compliance: 0.0%)

  BATCH:
    Requests: 109
    Latency P95: 84283.71 ms
    Latency P99: 87546.50 ms
    SLA Met: [X] (compliance: 10.1%)

================================================================================
NOTES:
  - Pure storage I/O benchmark (no generation simulation)
================================================================================

================================================================================
BENCHMARK RESULTS - MLPerf KV Cache Storage Benchmark
Generation Mode: none (0.0ms/token)
================================================================================

IMPORTANT: All storage latencies below are measured per KV cache BLOCK,
not per token or per disk page.  Each block holds the full KV state for
one request (all layers, all heads, full sequence length).
  Model KV bytes/token: 131,072 bytes (128.0KiB)
  Entries in cache: 1839
  Block size min:   17.2MiB
  Block size mean:  412.6MiB
  Block size P95:   1487.2MiB
  Block size max:   2843.0MiB
  A 200MiB block at 1GiB/s NVMe read = ~200 ms device latency.
  Compare latencies against block sizes, not against 4KiB page I/O.


### OVERALL PERFORMANCE ###
Requests Completed: 1836
Total Tokens Generated: 220438
Throughput (wall-clock): 734.79 tokens/sec
Throughput (storage I/O): 23.36 tokens/sec
Requests/sec: 6.12

### END-TO-END LATENCY (Queue Wait + Storage I/O + Generation) ###
  Mean: 129579.09 ms
  P50:  117774.18 ms
  P95:  220575.28 ms
  P99:  230790.14 ms

### PER-REQUEST STORAGE LATENCY (All I/O ops for one request) ###
  Mean: 5139.01 ms
  P50:  1896.59 ms
  P95:  17121.06 ms
  P99:  40194.41 ms
  (= 1 prefill write + N decode reads per request)

### STORAGE PERFORMANCE ###
  Cache Hit Rate: 85.6%
  Total Read: 3473.26GiB
  Total Write: 740.91GiB
  Read/Write Ratio: 4.69
  Storage KV Read Operations/sec: 28.25
  Storage KV Write Operations/sec: 6.13

### CACHE TIER DISTRIBUTION ###
  GPU Entries: 0 (0.00GiB)
  CPU Entries: 0 (0.00GiB)
  Storage Entries: 1839

### TIER-SPECIFIC KV BYTES ###
  Storage KV Bytes Written: 740.91GiB
  Storage KV Bytes Read: 3473.26GiB

### STORAGE KV BANDWIDTH ###
  Storage KV Read Bandwidth: 11.58GiB/s
  Storage KV Write Bandwidth: 2.47GiB/s

### TIER-SPECIFIC LATENCIES (Total = Host + Device) ###
  Storage Read P95 (Total): 2683.43 ms
  Storage Write P95 (Total): 7121.23 ms

### STORAGE TIER LATENCY BREAKDOWN (Device = Disk I/O, Host = Serialization) ###
  Storage Read:
    - Device P95 (Disk I/O): 1311.96 ms
    - Host P95 (Serialization): 1054.65 ms
    - Total P95: 2683.43 ms
  Storage Write:
    - Device P95 (Disk I/O): 0.01 ms
    - Host P95 (Serialization): 7121.22 ms
    - Total P95: 7121.23 ms

### CACHE TYPE BREAKDOWNS ###
  System Prompt Hits: 1756
  Common Phrase Hits: 0
  User Cache Hits: 6582
  Multi-turn Hits: 136

### PREFIX CACHING ###
  Prefix Hits: 383
  Prefix Misses: 1456
  System Prompt Reuse: 383
  Bytes Saved: 0.30GiB

### MULTI-TURN CONVERSATIONS ###
  Multi-turn Cache Hits: 136
  Multi-turn Cache Misses: 1042
  Multi-turn Hit Rate: 11.5%

### QOS LATENCY METRICS (Informational - includes simulated generation) ###

  INTERACTIVE:
    Requests: 1682
    Latency P95: 221184.30 ms
    Latency P99: 231163.45 ms
    SLA Met: [X] (compliance: 0.0%)

  RESPONSIVE:
    Requests: 63
    Latency P95: 102244.19 ms
    Latency P99: 108367.94 ms
    SLA Met: [X] (compliance: 0.0%)

  BATCH:
    Requests: 91
    Latency P95: 100902.11 ms
    Latency P99: 108352.08 ms
    SLA Met: [X] (compliance: 3.3%)

================================================================================
NOTES:
  - Pure storage I/O benchmark (no generation simulation)
================================================================================
KV Cache Wrapper - End delay for 90 seconds
KV Cache Wrapper - End delay for 90 seconds
KV Cache Wrapper - End delay for 90 seconds

================================================================================
BENCHMARK RESULTS - MLPerf KV Cache Storage Benchmark
Generation Mode: none (0.0ms/token)
================================================================================

IMPORTANT: All storage latencies below are measured per KV cache BLOCK,
not per token or per disk page.  Each block holds the full KV state for
one request (all layers, all heads, full sequence length).
  Model KV bytes/token: 131,072 bytes (128.0KiB)
  Entries in cache: 1558
  Block size min:   19.9MiB
  Block size mean:  706.5MiB
  Block size P95:   2020.2MiB
  Block size max:   3026.8MiB
  A 200MiB block at 1GiB/s NVMe read = ~200 ms device latency.
  Compare latencies against block sizes, not against 4KiB page I/O.


### OVERALL PERFORMANCE ###
Requests Completed: 1556
Total Tokens Generated: 229945
Throughput (wall-clock): 766.48 tokens/sec
Throughput (storage I/O): 32.34 tokens/sec
Requests/sec: 5.19

### END-TO-END LATENCY (Queue Wait + Storage I/O + Generation) ###
  Mean: 157636.38 ms
  P50:  159823.42 ms
  P95:  301685.56 ms
  P99:  313614.40 ms

### PER-REQUEST STORAGE LATENCY (All I/O ops for one request) ###
  Mean: 4569.39 ms
  P50:  3390.17 ms
  P95:  11740.68 ms
  P99:  19696.78 ms
  (= 1 prefill write + N decode reads per request)

### STORAGE PERFORMANCE ###
  Cache Hit Rate: 87.9%
  Total Read: 3847.78GiB
  Total Write: 1074.99GiB
  Read/Write Ratio: 3.58
  Storage KV Read Operations/sec: 24.70
  Storage KV Write Operations/sec: 5.19

### CACHE TIER DISTRIBUTION ###
  GPU Entries: 0 (0.00GiB)
  CPU Entries: 0 (0.00GiB)
  Storage Entries: 1558

### TIER-SPECIFIC KV BYTES ###
  Storage KV Bytes Written: 1074.99GiB
  Storage KV Bytes Read: 3847.78GiB

### STORAGE KV BANDWIDTH ###
  Storage KV Read Bandwidth: 12.83GiB/s
  Storage KV Write Bandwidth: 3.58GiB/s

### TIER-SPECIFIC LATENCIES (Total = Host + Device) ###
  Storage Read P95 (Total): 651.52 ms
  Storage Write P95 (Total): 8984.10 ms

### STORAGE TIER LATENCY BREAKDOWN (Device = Disk I/O, Host = Serialization) ###
  Storage Read:
    - Device P95 (Disk I/O): 467.99 ms
    - Host P95 (Serialization): 214.08 ms
    - Total P95: 651.52 ms
  Storage Write:
    - Device P95 (Disk I/O): 0.01 ms
    - Host P95 (Serialization): 8984.09 ms
    - Total P95: 8984.10 ms

### CACHE TYPE BREAKDOWNS ###
  System Prompt Hits: 1615
  Common Phrase Hits: 0
  User Cache Hits: 5738
  Multi-turn Hits: 58

### PREFIX CACHING ###
  Prefix Hits: 312
  Prefix Misses: 1246
  System Prompt Reuse: 312
  Bytes Saved: 0.25GiB

### MULTI-TURN CONVERSATIONS ###
  Multi-turn Cache Hits: 58
  Multi-turn Cache Misses: 711
  Multi-turn Hit Rate: 7.5%

### QOS LATENCY METRICS (Informational - includes simulated generation) ###

  INTERACTIVE:
    Requests: 1376
    Latency P95: 303148.50 ms
    Latency P99: 313832.02 ms
    SLA Met: [X] (compliance: 0.0%)

  RESPONSIVE:
    Requests: 76
    Latency P95: 64256.67 ms
    Latency P99: 81419.51 ms
    SLA Met: [X] (compliance: 1.3%)

  BATCH:
    Requests: 104
    Latency P95: 57460.60 ms
    Latency P99: 71379.38 ms
    SLA Met: [X] (compliance: 11.5%)

================================================================================
NOTES:
  - Pure storage I/O benchmark (no generation simulation)
================================================================================
KV Cache Wrapper - End delay for 90 seconds
KV Cache Wrapper - End delay for 90 seconds

================================================================================
BENCHMARK RESULTS - MLPerf KV Cache Storage Benchmark
Generation Mode: none (0.0ms/token)
================================================================================

IMPORTANT: All storage latencies below are measured per KV cache BLOCK,
not per token or per disk page.  Each block holds the full KV state for
one request (all layers, all heads, full sequence length).
  Model KV bytes/token: 131,072 bytes (128.0KiB)
  Entries in cache: 1547
  Block size min:   23.6MiB
  Block size mean:  566.4MiB
  Block size P95:   1717.7MiB
  Block size max:   2961.2MiB
  A 200MiB block at 1GiB/s NVMe read = ~200 ms device latency.
  Compare latencies against block sizes, not against 4KiB page I/O.


### OVERALL PERFORMANCE ###
Requests Completed: 1547
Total Tokens Generated: 231849
Throughput (wall-clock): 772.83 tokens/sec
Throughput (storage I/O): 27.26 tokens/sec
Requests/sec: 5.16

### END-TO-END LATENCY (Queue Wait + Storage I/O + Generation) ###
  Mean: 175071.83 ms
  P50:  175079.37 ms
  P95:  302404.71 ms
  P99:  309154.35 ms

### PER-REQUEST STORAGE LATENCY (All I/O ops for one request) ###
  Mean: 5497.46 ms
  P50:  3399.26 ms
  P95:  15473.23 ms
  P99:  27777.97 ms
  (= 1 prefill write + N decode reads per request)

### STORAGE PERFORMANCE ###
  Cache Hit Rate: 93.8%
  Total Read: 3761.24GiB
  Total Write: 855.73GiB
  Read/Write Ratio: 4.40
  Storage KV Read Operations/sec: 26.05
  Storage KV Write Operations/sec: 5.16

### CACHE TIER DISTRIBUTION ###
  GPU Entries: 0 (0.00GiB)
  CPU Entries: 0 (0.00GiB)
  Storage Entries: 1547

### TIER-SPECIFIC KV BYTES ###
  Storage KV Bytes Written: 855.73GiB
  Storage KV Bytes Read: 3761.24GiB

### STORAGE KV BANDWIDTH ###
  Storage KV Read Bandwidth: 12.54GiB/s
  Storage KV Write Bandwidth: 2.85GiB/s

### TIER-SPECIFIC LATENCIES (Total = Host + Device) ###
  Storage Read P95 (Total): 1943.61 ms
  Storage Write P95 (Total): 9103.28 ms

### STORAGE TIER LATENCY BREAKDOWN (Device = Disk I/O, Host = Serialization) ###
  Storage Read:
    - Device P95 (Disk I/O): 893.86 ms
    - Host P95 (Serialization): 714.91 ms
    - Total P95: 1943.61 ms
  Storage Write:
    - Device P95 (Disk I/O): 0.01 ms
    - Host P95 (Serialization): 9103.28 ms
    - Total P95: 9103.28 ms

### CACHE TYPE BREAKDOWNS ###
  System Prompt Hits: 1684
  Common Phrase Hits: 0
  User Cache Hits: 6110
  Multi-turn Hits: 20

### PREFIX CACHING ###
  Prefix Hits: 314
  Prefix Misses: 1233
  System Prompt Reuse: 314
  Bytes Saved: 0.26GiB

### MULTI-TURN CONVERSATIONS ###
  Multi-turn Cache Hits: 20
  Multi-turn Cache Misses: 200
  Multi-turn Hit Rate: 9.1%

### QOS LATENCY METRICS (Informational - includes simulated generation) ###

  INTERACTIVE:
    Requests: 1380
    Latency P95: 303274.81 ms
    Latency P99: 309334.51 ms
    SLA Met: [X] (compliance: 0.0%)

  RESPONSIVE:
    Requests: 95
    Latency P95: 107889.09 ms
    Latency P99: 140620.64 ms
    SLA Met: [X] (compliance: 0.0%)

  BATCH:
    Requests: 72
    Latency P95: 103226.56 ms
    Latency P99: 128574.87 ms
    SLA Met: [X] (compliance: 0.0%)

================================================================================
NOTES:
  - Pure storage I/O benchmark (no generation simulation)
================================================================================

================================================================================
BENCHMARK RESULTS - MLPerf KV Cache Storage Benchmark
Generation Mode: none (0.0ms/token)
================================================================================

IMPORTANT: All storage latencies below are measured per KV cache BLOCK,
not per token or per disk page.  Each block holds the full KV state for
one request (all layers, all heads, full sequence length).
  Model KV bytes/token: 131,072 bytes (128.0KiB)
  Entries in cache: 1497
  Block size min:   16.9MiB
  Block size mean:  739.4MiB
  Block size P95:   2091.4MiB
  Block size max:   2858.6MiB
  A 200MiB block at 1GiB/s NVMe read = ~200 ms device latency.
  Compare latencies against block sizes, not against 4KiB page I/O.


### OVERALL PERFORMANCE ###
Requests Completed: 1496
Total Tokens Generated: 192492
Throughput (wall-clock): 641.64 tokens/sec
Throughput (storage I/O): 28.28 tokens/sec
Requests/sec: 4.99

### END-TO-END LATENCY (Queue Wait + Storage I/O + Generation) ###
  Mean: 159530.03 ms
  P50:  159731.74 ms
  P95:  296536.34 ms
  P99:  307169.17 ms

### PER-REQUEST STORAGE LATENCY (All I/O ops for one request) ###
  Mean: 4549.93 ms
  P50:  4054.13 ms
  P95:  10938.38 ms
  P99:  18816.17 ms
  (= 1 prefill write + N decode reads per request)

### STORAGE PERFORMANCE ###
  Cache Hit Rate: 88.8%
  Total Read: 2539.40GiB
  Total Write: 1083.41GiB
  Read/Write Ratio: 2.34
  Storage KV Read Operations/sec: 18.23
  Storage KV Write Operations/sec: 4.99

### CACHE TIER DISTRIBUTION ###
  GPU Entries: 0 (0.00GiB)
  CPU Entries: 0 (0.00GiB)
  Storage Entries: 1497

### TIER-SPECIFIC KV BYTES ###
  Storage KV Bytes Written: 1081.01GiB
  Storage KV Bytes Read: 2539.40GiB

### STORAGE KV BANDWIDTH ###
  Storage KV Read Bandwidth: 8.46GiB/s
  Storage KV Write Bandwidth: 3.60GiB/s

### TIER-SPECIFIC LATENCIES (Total = Host + Device) ###
  Storage Read P95 (Total): 837.79 ms
  Storage Write P95 (Total): 9103.77 ms

### STORAGE TIER LATENCY BREAKDOWN (Device = Disk I/O, Host = Serialization) ###
  Storage Read:
    - Device P95 (Disk I/O): 548.25 ms
    - Host P95 (Serialization): 302.38 ms
    - Total P95: 837.79 ms
  Storage Write:
    - Device P95 (Disk I/O): 0.01 ms
    - Host P95 (Serialization): 9103.76 ms
    - Total P95: 9103.77 ms

### CACHE TYPE BREAKDOWNS ###
  System Prompt Hits: 1149
  Common Phrase Hits: 0
  User Cache Hits: 4287
  Multi-turn Hits: 33

### PREFIX CACHING ###
  Prefix Hits: 304
  Prefix Misses: 1194
  System Prompt Reuse: 304
  Bytes Saved: 0.24GiB

### MULTI-TURN CONVERSATIONS ###
  Multi-turn Cache Hits: 33
  Multi-turn Cache Misses: 384
  Multi-turn Hit Rate: 7.9%

### QOS LATENCY METRICS (Informational - includes simulated generation) ###

  INTERACTIVE:
    Requests: 1317
    Latency P95: 298005.90 ms
    Latency P99: 307331.33 ms
    SLA Met: [X] (compliance: 0.0%)

  RESPONSIVE:
    Requests: 74
    Latency P95: 79181.32 ms
    Latency P99: 136030.54 ms
    SLA Met: [X] (compliance: 0.0%)

  BATCH:
    Requests: 105
    Latency P95: 102843.54 ms
    Latency P99: 136870.08 ms
    SLA Met: [X] (compliance: 1.9%)

================================================================================
NOTES:
  - Pure storage I/O benchmark (no generation simulation)
================================================================================
KV Cache Wrapper - End delay for 90 seconds
KV Cache Wrapper - End delay for 90 seconds
KV Cache Wrapper - End delay for 90 seconds

================================================================================
BENCHMARK RESULTS - MLPerf KV Cache Storage Benchmark
Generation Mode: none (0.0ms/token)
================================================================================

IMPORTANT: All storage latencies below are measured per KV cache BLOCK,
not per token or per disk page.  Each block holds the full KV state for
one request (all layers, all heads, full sequence length).
  Model KV bytes/token: 131,072 bytes (128.0KiB)
  Entries in cache: 1628
  Block size min:   19.8MiB
  Block size mean:  562.4MiB
  Block size P95:   1523.6MiB
  Block size max:   2946.0MiB
  A 200MiB block at 1GiB/s NVMe read = ~200 ms device latency.
  Compare latencies against block sizes, not against 4KiB page I/O.


### OVERALL PERFORMANCE ###
Requests Completed: 1627
Total Tokens Generated: 227349
Throughput (wall-clock): 757.83 tokens/sec
Throughput (storage I/O): 28.97 tokens/sec
Requests/sec: 5.42

### END-TO-END LATENCY (Queue Wait + Storage I/O + Generation) ###
  Mean: 169023.70 ms
  P50:  171674.78 ms
  P95:  286804.92 ms
  P99:  298830.50 ms

### PER-REQUEST STORAGE LATENCY (All I/O ops for one request) ###
  Mean: 4823.89 ms
  P50:  3627.64 ms
  P95:  12561.63 ms
  P99:  18649.69 ms
  (= 1 prefill write + N decode reads per request)

### STORAGE PERFORMANCE ###
  Cache Hit Rate: 93.9%
  Total Read: 4220.27GiB
  Total Write: 894.09GiB
  Read/Write Ratio: 4.72
  Storage KV Read Operations/sec: 27.29
  Storage KV Write Operations/sec: 5.43

### CACHE TIER DISTRIBUTION ###
  GPU Entries: 0 (0.00GiB)
  CPU Entries: 0 (0.00GiB)
  Storage Entries: 1628

### TIER-SPECIFIC KV BYTES ###
  Storage KV Bytes Written: 894.09GiB
  Storage KV Bytes Read: 4220.27GiB

### STORAGE KV BANDWIDTH ###
  Storage KV Read Bandwidth: 14.07GiB/s
  Storage KV Write Bandwidth: 2.98GiB/s

### TIER-SPECIFIC LATENCIES (Total = Host + Device) ###
  Storage Read P95 (Total): 989.99 ms
  Storage Write P95 (Total): 7431.96 ms

### STORAGE TIER LATENCY BREAKDOWN (Device = Disk I/O, Host = Serialization) ###
  Storage Read:
    - Device P95 (Disk I/O): 642.60 ms
    - Host P95 (Serialization): 357.81 ms
    - Total P95: 989.99 ms
  Storage Write:
    - Device P95 (Disk I/O): 0.01 ms
    - Host P95 (Serialization): 7431.95 ms
    - Total P95: 7431.96 ms

### CACHE TYPE BREAKDOWNS ###
  System Prompt Hits: 1566
  Common Phrase Hits: 0
  User Cache Hits: 6604
  Multi-turn Hits: 16

### PREFIX CACHING ###
  Prefix Hits: 322
  Prefix Misses: 1306
  System Prompt Reuse: 322
  Bytes Saved: 0.26GiB

### MULTI-TURN CONVERSATIONS ###
  Multi-turn Cache Hits: 16
  Multi-turn Cache Misses: 208
  Multi-turn Hit Rate: 7.1%

### QOS LATENCY METRICS (Informational - includes simulated generation) ###

  INTERACTIVE:
    Requests: 1453
    Latency P95: 289176.53 ms
    Latency P99: 299355.19 ms
    SLA Met: [X] (compliance: 0.0%)

  RESPONSIVE:
    Requests: 84
    Latency P95: 98000.79 ms
    Latency P99: 103982.68 ms
    SLA Met: [X] (compliance: 0.0%)

  BATCH:
    Requests: 90
    Latency P95: 100462.33 ms
    Latency P99: 130752.76 ms
    SLA Met: [X] (compliance: 0.0%)

================================================================================
NOTES:
  - Pure storage I/O benchmark (no generation simulation)
================================================================================
KV Cache Wrapper - End delay for 90 seconds

================================================================================
BENCHMARK RESULTS - MLPerf KV Cache Storage Benchmark
Generation Mode: none (0.0ms/token)
================================================================================

IMPORTANT: All storage latencies below are measured per KV cache BLOCK,
not per token or per disk page.  Each block holds the full KV state for
one request (all layers, all heads, full sequence length).
  Model KV bytes/token: 131,072 bytes (128.0KiB)
  Entries in cache: 1428
  Block size min:   24.0MiB
  Block size mean:  638.6MiB
  Block size P95:   1816.5MiB
  Block size max:   2967.6MiB
  A 200MiB block at 1GiB/s NVMe read = ~200 ms device latency.
  Compare latencies against block sizes, not against 4KiB page I/O.


### OVERALL PERFORMANCE ###
Requests Completed: 1428
Total Tokens Generated: 217409
Throughput (wall-clock): 724.70 tokens/sec
Throughput (storage I/O): 24.08 tokens/sec
Requests/sec: 4.76

### END-TO-END LATENCY (Queue Wait + Storage I/O + Generation) ###
  Mean: 166338.62 ms
  P50:  174555.76 ms
  P95:  282877.12 ms
  P99:  291744.26 ms

### PER-REQUEST STORAGE LATENCY (All I/O ops for one request) ###
  Mean: 6322.72 ms
  P50:  4091.95 ms
  P95:  16031.55 ms
  P99:  55389.76 ms
  (= 1 prefill write + N decode reads per request)

### STORAGE PERFORMANCE ###
  Cache Hit Rate: 88.9%
  Total Read: 3837.88GiB
  Total Write: 890.48GiB
  Read/Write Ratio: 4.31
  Storage KV Read Operations/sec: 24.18
  Storage KV Write Operations/sec: 4.76

### CACHE TIER DISTRIBUTION ###
  GPU Entries: 0 (0.00GiB)
  CPU Entries: 0 (0.00GiB)
  Storage Entries: 1428

### TIER-SPECIFIC KV BYTES ###
  Storage KV Bytes Written: 890.48GiB
  Storage KV Bytes Read: 3837.88GiB

### STORAGE KV BANDWIDTH ###
  Storage KV Read Bandwidth: 12.79GiB/s
  Storage KV Write Bandwidth: 2.97GiB/s

### TIER-SPECIFIC LATENCIES (Total = Host + Device) ###
  Storage Read P95 (Total): 1962.58 ms
  Storage Write P95 (Total): 8475.68 ms

### STORAGE TIER LATENCY BREAKDOWN (Device = Disk I/O, Host = Serialization) ###
  Storage Read:
    - Device P95 (Disk I/O): 938.88 ms
    - Host P95 (Serialization): 804.42 ms
    - Total P95: 1962.58 ms
  Storage Write:
    - Device P95 (Disk I/O): 0.01 ms
    - Host P95 (Serialization): 8475.67 ms
    - Total P95: 8475.68 ms

### CACHE TYPE BREAKDOWNS ###
  System Prompt Hits: 1419
  Common Phrase Hits: 0
  User Cache Hits: 5801
  Multi-turn Hits: 34

### PREFIX CACHING ###
  Prefix Hits: 301
  Prefix Misses: 1127
  System Prompt Reuse: 301
  Bytes Saved: 0.24GiB

### MULTI-TURN CONVERSATIONS ###
  Multi-turn Cache Hits: 34
  Multi-turn Cache Misses: 603
  Multi-turn Hit Rate: 5.3%

### QOS LATENCY METRICS (Informational - includes simulated generation) ###

  INTERACTIVE:
    Requests: 1252
    Latency P95: 283991.89 ms
    Latency P99: 293365.15 ms
    SLA Met: [X] (compliance: 0.0%)

  RESPONSIVE:
    Requests: 62
    Latency P95: 90161.86 ms
    Latency P99: 107089.54 ms
    SLA Met: [X] (compliance: 0.0%)

  BATCH:
    Requests: 114
    Latency P95: 103086.44 ms
    Latency P99: 110659.10 ms
    SLA Met: [X] (compliance: 7.9%)

================================================================================
NOTES:
  - Pure storage I/O benchmark (no generation simulation)
================================================================================
KV Cache Wrapper - End delay for 90 seconds
KV Cache Wrapper - End delay for 90 seconds

================================================================================
BENCHMARK RESULTS - MLPerf KV Cache Storage Benchmark
Generation Mode: none (0.0ms/token)
================================================================================

IMPORTANT: All storage latencies below are measured per KV cache BLOCK,
not per token or per disk page.  Each block holds the full KV state for
one request (all layers, all heads, full sequence length).
  Model KV bytes/token: 131,072 bytes (128.0KiB)
  Entries in cache: 1645
  Block size min:   16.2MiB
  Block size mean:  547.8MiB
  Block size P95:   1622.9MiB
  Block size max:   2780.9MiB
  A 200MiB block at 1GiB/s NVMe read = ~200 ms device latency.
  Compare latencies against block sizes, not against 4KiB page I/O.


### OVERALL PERFORMANCE ###
Requests Completed: 1643
Total Tokens Generated: 274582
Throughput (wall-clock): 915.27 tokens/sec
Throughput (storage I/O): 29.56 tokens/sec
Requests/sec: 5.48

### END-TO-END LATENCY (Queue Wait + Storage I/O + Generation) ###
  Mean: 167025.33 ms
  P50:  168752.33 ms
  P95:  292141.31 ms
  P99:  305319.55 ms

### PER-REQUEST STORAGE LATENCY (All I/O ops for one request) ###
  Mean: 5653.75 ms
  P50:  3381.15 ms
  P95:  17265.85 ms
  P99:  33780.24 ms
  (= 1 prefill write + N decode reads per request)

### STORAGE PERFORMANCE ###
  Cache Hit Rate: 93.6%
  Total Read: 4295.29GiB
  Total Write: 879.97GiB
  Read/Write Ratio: 4.88
  Storage KV Read Operations/sec: 30.21
  Storage KV Write Operations/sec: 5.48

### CACHE TIER DISTRIBUTION ###
  GPU Entries: 0 (0.00GiB)
  CPU Entries: 0 (0.00GiB)
  Storage Entries: 1645

### TIER-SPECIFIC KV BYTES ###
  Storage KV Bytes Written: 879.97GiB
  Storage KV Bytes Read: 4295.29GiB

### STORAGE KV BANDWIDTH ###
  Storage KV Read Bandwidth: 14.32GiB/s
  Storage KV Write Bandwidth: 2.93GiB/s

### TIER-SPECIFIC LATENCIES (Total = Host + Device) ###
  Storage Read P95 (Total): 1430.72 ms
  Storage Write P95 (Total): 7990.25 ms

### STORAGE TIER LATENCY BREAKDOWN (Device = Disk I/O, Host = Serialization) ###
  Storage Read:
    - Device P95 (Disk I/O): 745.27 ms
    - Host P95 (Serialization): 562.70 ms
    - Total P95: 1430.72 ms
  Storage Write:
    - Device P95 (Disk I/O): 0.01 ms
    - Host P95 (Serialization): 7990.24 ms
    - Total P95: 7990.25 ms

### CACHE TYPE BREAKDOWNS ###
  System Prompt Hits: 1896
  Common Phrase Hits: 0
  User Cache Hits: 7144
  Multi-turn Hits: 24

### PREFIX CACHING ###
  Prefix Hits: 333
  Prefix Misses: 1312
  System Prompt Reuse: 333
  Bytes Saved: 0.27GiB

### MULTI-TURN CONVERSATIONS ###
  Multi-turn Cache Hits: 24
  Multi-turn Cache Misses: 283
  Multi-turn Hit Rate: 7.8%

### QOS LATENCY METRICS (Informational - includes simulated generation) ###

  INTERACTIVE:
    Requests: 1474
    Latency P95: 293792.28 ms
    Latency P99: 306581.60 ms
    SLA Met: [X] (compliance: 0.0%)

  RESPONSIVE:
    Requests: 67
    Latency P95: 84053.27 ms
    Latency P99: 94434.48 ms
    SLA Met: [X] (compliance: 0.0%)

  BATCH:
    Requests: 102
    Latency P95: 92338.55 ms
    Latency P99: 120517.15 ms
    SLA Met: [X] (compliance: 1.0%)

================================================================================
NOTES:
  - Pure storage I/O benchmark (no generation simulation)
================================================================================

================================================================================
BENCHMARK RESULTS - MLPerf KV Cache Storage Benchmark
Generation Mode: none (0.0ms/token)
================================================================================

IMPORTANT: All storage latencies below are measured per KV cache BLOCK,
not per token or per disk page.  Each block holds the full KV state for
one request (all layers, all heads, full sequence length).
  Model KV bytes/token: 131,072 bytes (128.0KiB)
  Entries in cache: 1592
  Block size min:   23.5MiB
  Block size mean:  594.1MiB
  Block size P95:   2044.5MiB
  Block size max:   2969.2MiB
  A 200MiB block at 1GiB/s NVMe read = ~200 ms device latency.
  Compare latencies against block sizes, not against 4KiB page I/O.


### OVERALL PERFORMANCE ###
Requests Completed: 1592
Total Tokens Generated: 265839
Throughput (wall-clock): 886.13 tokens/sec
Throughput (storage I/O): 29.71 tokens/sec
Requests/sec: 5.31

### END-TO-END LATENCY (Queue Wait + Storage I/O + Generation) ###
  Mean: 154506.46 ms
  P50:  153234.97 ms
  P95:  291819.82 ms
  P99:  304142.47 ms

### PER-REQUEST STORAGE LATENCY (All I/O ops for one request) ###
  Mean: 5619.81 ms
  P50:  3486.60 ms
  P95:  15487.40 ms
  P99:  31758.06 ms
  (= 1 prefill write + N decode reads per request)

### STORAGE PERFORMANCE ###
  Cache Hit Rate: 93.1%
  Total Read: 3943.80GiB
  Total Write: 923.70GiB
  Read/Write Ratio: 4.27
  Storage KV Read Operations/sec: 29.49
  Storage KV Write Operations/sec: 5.31

### CACHE TIER DISTRIBUTION ###
  GPU Entries: 0 (0.00GiB)
  CPU Entries: 0 (0.00GiB)
  Storage Entries: 1592

### TIER-SPECIFIC KV BYTES ###
  Storage KV Bytes Written: 923.70GiB
  Storage KV Bytes Read: 3943.80GiB

### STORAGE KV BANDWIDTH ###
  Storage KV Read Bandwidth: 13.15GiB/s
  Storage KV Write Bandwidth: 3.08GiB/s

### TIER-SPECIFIC LATENCIES (Total = Host + Device) ###
  Storage Read P95 (Total): 1129.51 ms
  Storage Write P95 (Total): 9020.66 ms

### STORAGE TIER LATENCY BREAKDOWN (Device = Disk I/O, Host = Serialization) ###
  Storage Read:
    - Device P95 (Disk I/O): 665.56 ms
    - Host P95 (Serialization): 476.56 ms
    - Total P95: 1129.51 ms
  Storage Write:
    - Device P95 (Disk I/O): 0.01 ms
    - Host P95 (Serialization): 9020.65 ms
    - Total P95: 9020.66 ms

### CACHE TYPE BREAKDOWNS ###
  System Prompt Hits: 1626
  Common Phrase Hits: 0
  User Cache Hits: 7188
  Multi-turn Hits: 33

### PREFIX CACHING ###
  Prefix Hits: 296
  Prefix Misses: 1296
  System Prompt Reuse: 296
  Bytes Saved: 0.24GiB

### MULTI-TURN CONVERSATIONS ###
  Multi-turn Cache Hits: 33
  Multi-turn Cache Misses: 361
  Multi-turn Hit Rate: 8.4%

### QOS LATENCY METRICS (Informational - includes simulated generation) ###

  INTERACTIVE:
    Requests: 1419
    Latency P95: 292887.34 ms
    Latency P99: 306562.69 ms
    SLA Met: [X] (compliance: 0.0%)

  RESPONSIVE:
    Requests: 63
    Latency P95: 67594.72 ms
    Latency P99: 82945.46 ms
    SLA Met: [X] (compliance: 0.0%)

  BATCH:
    Requests: 110
    Latency P95: 71906.27 ms
    Latency P99: 122602.57 ms
    SLA Met: [X] (compliance: 8.2%)

================================================================================
NOTES:
  - Pure storage I/O benchmark (no generation simulation)
================================================================================

================================================================================
BENCHMARK RESULTS - MLPerf KV Cache Storage Benchmark
Generation Mode: none (0.0ms/token)
================================================================================

IMPORTANT: All storage latencies below are measured per KV cache BLOCK,
not per token or per disk page.  Each block holds the full KV state for
one request (all layers, all heads, full sequence length).
  Model KV bytes/token: 131,072 bytes (128.0KiB)
  Entries in cache: 1592
  Block size min:   15.9MiB
  Block size mean:  699.5MiB
  Block size P95:   2226.4MiB
  Block size max:   2895.6MiB
  A 200MiB block at 1GiB/s NVMe read = ~200 ms device latency.
  Compare latencies against block sizes, not against 4KiB page I/O.


### OVERALL PERFORMANCE ###
Requests Completed: 1591
Total Tokens Generated: 251483
Throughput (wall-clock): 838.27 tokens/sec
Throughput (storage I/O): 32.19 tokens/sec
Requests/sec: 5.30

### END-TO-END LATENCY (Queue Wait + Storage I/O + Generation) ###
  Mean: 160857.95 ms
  P50:  164809.83 ms
  P95:  299069.53 ms
  P99:  312044.49 ms

### PER-REQUEST STORAGE LATENCY (All I/O ops for one request) ###
  Mean: 4911.03 ms
  P50:  3889.83 ms
  P95:  12700.48 ms
  P99:  22334.65 ms
  (= 1 prefill write + N decode reads per request)

### STORAGE PERFORMANCE ###
  Cache Hit Rate: 91.8%
  Total Read: 3533.35GiB
  Total Write: 1087.57GiB
  Read/Write Ratio: 3.25
  Storage KV Read Operations/sec: 25.00
  Storage KV Write Operations/sec: 5.31

### CACHE TIER DISTRIBUTION ###
  GPU Entries: 0 (0.00GiB)
  CPU Entries: 0 (0.00GiB)
  Storage Entries: 1592

### TIER-SPECIFIC KV BYTES ###
  Storage KV Bytes Written: 1087.57GiB
  Storage KV Bytes Read: 3533.35GiB

### STORAGE KV BANDWIDTH ###
  Storage KV Read Bandwidth: 11.78GiB/s
  Storage KV Write Bandwidth: 3.63GiB/s

### TIER-SPECIFIC LATENCIES (Total = Host + Device) ###
  Storage Read P95 (Total): 784.84 ms
  Storage Write P95 (Total): 9551.52 ms

### STORAGE TIER LATENCY BREAKDOWN (Device = Disk I/O, Host = Serialization) ###
  Storage Read:
    - Device P95 (Disk I/O): 541.21 ms
    - Host P95 (Serialization): 290.62 ms
    - Total P95: 784.84 ms
  Storage Write:
    - Device P95 (Disk I/O): 0.01 ms
    - Host P95 (Serialization): 9543.99 ms
    - Total P95: 9551.52 ms

### CACHE TYPE BREAKDOWNS ###
  System Prompt Hits: 1358
  Common Phrase Hits: 0
  User Cache Hits: 6089
  Multi-turn Hits: 52

### PREFIX CACHING ###
  Prefix Hits: 308
  Prefix Misses: 1284
  System Prompt Reuse: 308
  Bytes Saved: 0.26GiB

### MULTI-TURN CONVERSATIONS ###
  Multi-turn Cache Hits: 52
  Multi-turn Cache Misses: 360
  Multi-turn Hit Rate: 12.6%

### QOS LATENCY METRICS (Informational - includes simulated generation) ###

  INTERACTIVE:
    Requests: 1420
    Latency P95: 300012.20 ms
    Latency P99: 312114.86 ms
    SLA Met: [X] (compliance: 0.0%)

  RESPONSIVE:
    Requests: 70
    Latency P95: 75026.87 ms
    Latency P99: 102800.90 ms
    SLA Met: [X] (compliance: 0.0%)

  BATCH:
    Requests: 101
    Latency P95: 54779.23 ms
    Latency P99: 59471.40 ms
    SLA Met: [X] (compliance: 5.9%)

================================================================================
NOTES:
  - Pure storage I/O benchmark (no generation simulation)
================================================================================

================================================================================
BENCHMARK RESULTS - MLPerf KV Cache Storage Benchmark
Generation Mode: none (0.0ms/token)
================================================================================

IMPORTANT: All storage latencies below are measured per KV cache BLOCK,
not per token or per disk page.  Each block holds the full KV state for
one request (all layers, all heads, full sequence length).
  Model KV bytes/token: 131,072 bytes (128.0KiB)
  Entries in cache: 1468
  Block size min:   23.5MiB
  Block size mean:  688.9MiB
  Block size P95:   2063.5MiB
  Block size max:   3050.2MiB
  A 200MiB block at 1GiB/s NVMe read = ~200 ms device latency.
  Compare latencies against block sizes, not against 4KiB page I/O.


### OVERALL PERFORMANCE ###
Requests Completed: 1466
Total Tokens Generated: 216573
Throughput (wall-clock): 721.91 tokens/sec
Throughput (storage I/O): 28.79 tokens/sec
Requests/sec: 4.89

### END-TO-END LATENCY (Queue Wait + Storage I/O + Generation) ###
  Mean: 171134.50 ms
  P50:  176976.02 ms
  P95:  309921.93 ms
  P99:  323812.08 ms

### PER-REQUEST STORAGE LATENCY (All I/O ops for one request) ###
  Mean: 5131.55 ms
  P50:  2803.67 ms
  P95:  13491.93 ms
  P99:  32382.32 ms
  (= 1 prefill write + N decode reads per request)

### STORAGE PERFORMANCE ###
  Cache Hit Rate: 89.5%
  Total Read: 3361.32GiB
  Total Write: 987.58GiB
  Read/Write Ratio: 3.40
  Storage KV Read Operations/sec: 21.86
  Storage KV Write Operations/sec: 4.89

### CACHE TIER DISTRIBUTION ###
  GPU Entries: 0 (0.00GiB)
  CPU Entries: 0 (0.00GiB)
  Storage Entries: 1468

### TIER-SPECIFIC KV BYTES ###
  Storage KV Bytes Written: 987.58GiB
  Storage KV Bytes Read: 3361.32GiB

### STORAGE KV BANDWIDTH ###
  Storage KV Read Bandwidth: 11.20GiB/s
  Storage KV Write Bandwidth: 3.29GiB/s

### TIER-SPECIFIC LATENCIES (Total = Host + Device) ###
  Storage Read P95 (Total): 911.20 ms
  Storage Write P95 (Total): 9080.69 ms

### STORAGE TIER LATENCY BREAKDOWN (Device = Disk I/O, Host = Serialization) ###
  Storage Read:
    - Device P95 (Disk I/O): 601.82 ms
    - Host P95 (Serialization): 313.25 ms
    - Total P95: 911.20 ms
  Storage Write:
    - Device P95 (Disk I/O): 0.01 ms
    - Host P95 (Serialization): 9080.69 ms
    - Total P95: 9080.69 ms

### CACHE TYPE BREAKDOWNS ###
  System Prompt Hits: 1332
  Common Phrase Hits: 0
  User Cache Hits: 5173
  Multi-turn Hits: 52

### PREFIX CACHING ###
  Prefix Hits: 289
  Prefix Misses: 1179
  System Prompt Reuse: 289
  Bytes Saved: 0.23GiB

### MULTI-TURN CONVERSATIONS ###
  Multi-turn Cache Hits: 52
  Multi-turn Cache Misses: 477
  Multi-turn Hit Rate: 9.8%

### QOS LATENCY METRICS (Informational - includes simulated generation) ###

  INTERACTIVE:
    Requests: 1296
    Latency P95: 312716.98 ms
    Latency P99: 324163.33 ms
    SLA Met: [X] (compliance: 0.0%)

  RESPONSIVE:
    Requests: 61
    Latency P95: 120329.87 ms
    Latency P99: 212445.67 ms
    SLA Met: [X] (compliance: 0.0%)

  BATCH:
    Requests: 109
    Latency P95: 90420.88 ms
    Latency P99: 134610.56 ms
    SLA Met: [X] (compliance: 3.7%)

================================================================================
NOTES:
  - Pure storage I/O benchmark (no generation simulation)
================================================================================

================================================================================
BENCHMARK RESULTS - MLPerf KV Cache Storage Benchmark
Generation Mode: none (0.0ms/token)
================================================================================

IMPORTANT: All storage latencies below are measured per KV cache BLOCK,
not per token or per disk page.  Each block holds the full KV state for
one request (all layers, all heads, full sequence length).
  Model KV bytes/token: 131,072 bytes (128.0KiB)
  Entries in cache: 1453
  Block size min:   17.2MiB
  Block size mean:  594.4MiB
  Block size P95:   1881.5MiB
  Block size max:   2978.0MiB
  A 200MiB block at 1GiB/s NVMe read = ~200 ms device latency.
  Compare latencies against block sizes, not against 4KiB page I/O.


### OVERALL PERFORMANCE ###
Requests Completed: 1453
Total Tokens Generated: 252293
Throughput (wall-clock): 840.98 tokens/sec
Throughput (storage I/O): 29.04 tokens/sec
Requests/sec: 4.84

### END-TO-END LATENCY (Queue Wait + Storage I/O + Generation) ###
  Mean: 170264.46 ms
  P50:  176751.99 ms
  P95:  301672.15 ms
  P99:  311104.77 ms

### PER-REQUEST STORAGE LATENCY (All I/O ops for one request) ###
  Mean: 5979.86 ms
  P50:  4323.66 ms
  P95:  15935.32 ms
  P99:  32849.11 ms
  (= 1 prefill write + N decode reads per request)

### STORAGE PERFORMANCE ###
  Cache Hit Rate: 94.2%
  Total Read: 4109.55GiB
  Total Write: 843.43GiB
  Read/Write Ratio: 4.87
  Storage KV Read Operations/sec: 27.79
  Storage KV Write Operations/sec: 4.84

### CACHE TIER DISTRIBUTION ###
  GPU Entries: 0 (0.00GiB)
  CPU Entries: 0 (0.00GiB)
  Storage Entries: 1453

### TIER-SPECIFIC KV BYTES ###
  Storage KV Bytes Written: 843.43GiB
  Storage KV Bytes Read: 4109.55GiB

### STORAGE KV BANDWIDTH ###
  Storage KV Read Bandwidth: 13.70GiB/s
  Storage KV Write Bandwidth: 2.81GiB/s

### TIER-SPECIFIC LATENCIES (Total = Host + Device) ###
  Storage Read P95 (Total): 1471.50 ms
  Storage Write P95 (Total): 8886.10 ms

### STORAGE TIER LATENCY BREAKDOWN (Device = Disk I/O, Host = Serialization) ###
  Storage Read:
    - Device P95 (Disk I/O): 680.44 ms
    - Host P95 (Serialization): 629.47 ms
    - Total P95: 1471.50 ms
  Storage Write:
    - Device P95 (Disk I/O): 0.01 ms
    - Host P95 (Serialization): 8886.09 ms
    - Total P95: 8886.10 ms

### CACHE TYPE BREAKDOWNS ###
  System Prompt Hits: 1488
  Common Phrase Hits: 0
  User Cache Hits: 6821
  Multi-turn Hits: 28

### PREFIX CACHING ###
  Prefix Hits: 268
  Prefix Misses: 1185
  System Prompt Reuse: 268
  Bytes Saved: 0.22GiB

### MULTI-TURN CONVERSATIONS ###
  Multi-turn Cache Hits: 28
  Multi-turn Cache Misses: 241
  Multi-turn Hit Rate: 10.4%

### QOS LATENCY METRICS (Informational - includes simulated generation) ###

  INTERACTIVE:
    Requests: 1277
    Latency P95: 303043.33 ms
    Latency P99: 311575.39 ms
    SLA Met: [X] (compliance: 0.0%)

  RESPONSIVE:
    Requests: 61
    Latency P95: 79145.39 ms
    Latency P99: 115656.44 ms
    SLA Met: [X] (compliance: 0.0%)

  BATCH:
    Requests: 115
    Latency P95: 92641.11 ms
    Latency P99: 101314.94 ms
    SLA Met: [X] (compliance: 6.1%)

================================================================================
NOTES:
  - Pure storage I/O benchmark (no generation simulation)
================================================================================

================================================================================
BENCHMARK RESULTS - MLPerf KV Cache Storage Benchmark
Generation Mode: none (0.0ms/token)
================================================================================

IMPORTANT: All storage latencies below are measured per KV cache BLOCK,
not per token or per disk page.  Each block holds the full KV state for
one request (all layers, all heads, full sequence length).
  Model KV bytes/token: 131,072 bytes (128.0KiB)
  Entries in cache: 1350
  Block size min:   19.6MiB
  Block size mean:  557.5MiB
  Block size P95:   1523.9MiB
  Block size max:   2842.8MiB
  A 200MiB block at 1GiB/s NVMe read = ~200 ms device latency.
  Compare latencies against block sizes, not against 4KiB page I/O.


### OVERALL PERFORMANCE ###
Requests Completed: 1348
Total Tokens Generated: 235652
Throughput (wall-clock): 785.51 tokens/sec
Throughput (storage I/O): 27.66 tokens/sec
Requests/sec: 4.49

### END-TO-END LATENCY (Queue Wait + Storage I/O + Generation) ###
  Mean: 188580.50 ms
  P50:  197643.82 ms
  P95:  289508.82 ms
  P99:  303566.95 ms

### PER-REQUEST STORAGE LATENCY (All I/O ops for one request) ###
  Mean: 6320.88 ms
  P50:  4803.20 ms
  P95:  15254.87 ms
  P99:  51557.10 ms
  (= 1 prefill write + N decode reads per request)

### STORAGE PERFORMANCE ###
  Cache Hit Rate: 94.2%
  Total Read: 3990.10GiB
  Total Write: 735.05GiB
  Read/Write Ratio: 5.43
  Storage KV Read Operations/sec: 26.75
  Storage KV Write Operations/sec: 4.50

### CACHE TIER DISTRIBUTION ###
  GPU Entries: 0 (0.00GiB)
  CPU Entries: 0 (0.00GiB)
  Storage Entries: 1350

### TIER-SPECIFIC KV BYTES ###
  Storage KV Bytes Written: 735.05GiB
  Storage KV Bytes Read: 3990.10GiB

### STORAGE KV BANDWIDTH ###
  Storage KV Read Bandwidth: 13.30GiB/s
  Storage KV Write Bandwidth: 2.45GiB/s

### TIER-SPECIFIC LATENCIES (Total = Host + Device) ###
  Storage Read P95 (Total): 1112.00 ms
  Storage Write P95 (Total): 7576.09 ms

### STORAGE TIER LATENCY BREAKDOWN (Device = Disk I/O, Host = Serialization) ###
  Storage Read:
    - Device P95 (Disk I/O): 691.06 ms
    - Host P95 (Serialization): 441.42 ms
    - Total P95: 1112.00 ms
  Storage Write:
    - Device P95 (Disk I/O): 0.01 ms
    - Host P95 (Serialization): 7576.08 ms
    - Total P95: 7576.09 ms

### CACHE TYPE BREAKDOWNS ###
  System Prompt Hits: 1613
  Common Phrase Hits: 0
  User Cache Hits: 6394
  Multi-turn Hits: 17

### PREFIX CACHING ###
  Prefix Hits: 273
  Prefix Misses: 1077
  System Prompt Reuse: 273
  Bytes Saved: 0.23GiB

### MULTI-TURN CONVERSATIONS ###
  Multi-turn Cache Hits: 17
  Multi-turn Cache Misses: 225
  Multi-turn Hit Rate: 7.0%

### QOS LATENCY METRICS (Informational - includes simulated generation) ###

  INTERACTIVE:
    Requests: 1181
    Latency P95: 291209.75 ms
    Latency P99: 304367.18 ms
    SLA Met: [X] (compliance: 0.0%)

  RESPONSIVE:
    Requests: 66
    Latency P95: 136946.22 ms
    Latency P99: 159412.96 ms
    SLA Met: [X] (compliance: 0.0%)

  BATCH:
    Requests: 101
    Latency P95: 136739.84 ms
    Latency P99: 149818.62 ms
    SLA Met: [X] (compliance: 5.9%)

================================================================================
NOTES:
  - Pure storage I/O benchmark (no generation simulation)
================================================================================

================================================================================
BENCHMARK RESULTS - MLPerf KV Cache Storage Benchmark
Generation Mode: none (0.0ms/token)
================================================================================

IMPORTANT: All storage latencies below are measured per KV cache BLOCK,
not per token or per disk page.  Each block holds the full KV state for
one request (all layers, all heads, full sequence length).
  Model KV bytes/token: 131,072 bytes (128.0KiB)
  Entries in cache: 1269
  Block size min:   16.4MiB
  Block size mean:  767.7MiB
  Block size P95:   2228.8MiB
  Block size max:   3109.5MiB
  A 200MiB block at 1GiB/s NVMe read = ~200 ms device latency.
  Compare latencies against block sizes, not against 4KiB page I/O.


### OVERALL PERFORMANCE ###
Requests Completed: 1268
Total Tokens Generated: 199414
Throughput (wall-clock): 664.71 tokens/sec
Throughput (storage I/O): 22.93 tokens/sec
Requests/sec: 4.23

### END-TO-END LATENCY (Queue Wait + Storage I/O + Generation) ###
  Mean: 176211.81 ms
  P50:  184080.36 ms
  P95:  316588.49 ms
  P99:  322271.74 ms

### PER-REQUEST STORAGE LATENCY (All I/O ops for one request) ###
  Mean: 6858.22 ms
  P50:  5531.80 ms
  P95:  16095.14 ms
  P99:  47864.82 ms
  (= 1 prefill write + N decode reads per request)

### STORAGE PERFORMANCE ###
  Cache Hit Rate: 90.8%
  Total Read: 3246.71GiB
  Total Write: 951.39GiB
  Read/Write Ratio: 3.41
  Storage KV Read Operations/sec: 21.18
  Storage KV Write Operations/sec: 4.23

### CACHE TIER DISTRIBUTION ###
  GPU Entries: 0 (0.00GiB)
  CPU Entries: 0 (0.00GiB)
  Storage Entries: 1269

### TIER-SPECIFIC KV BYTES ###
  Storage KV Bytes Written: 951.39GiB
  Storage KV Bytes Read: 3246.71GiB

### STORAGE KV BANDWIDTH ###
  Storage KV Read Bandwidth: 10.82GiB/s
  Storage KV Write Bandwidth: 3.17GiB/s

### TIER-SPECIFIC LATENCIES (Total = Host + Device) ###
  Storage Read P95 (Total): 1703.15 ms
  Storage Write P95 (Total): 9988.87 ms

### STORAGE TIER LATENCY BREAKDOWN (Device = Disk I/O, Host = Serialization) ###
  Storage Read:
    - Device P95 (Disk I/O): 816.82 ms
    - Host P95 (Serialization): 652.83 ms
    - Total P95: 1703.15 ms
  Storage Write:
    - Device P95 (Disk I/O): 0.01 ms
    - Host P95 (Serialization): 9988.86 ms
    - Total P95: 9988.87 ms

### CACHE TYPE BREAKDOWNS ###
  System Prompt Hits: 1342
  Common Phrase Hits: 0
  User Cache Hits: 4947
  Multi-turn Hits: 64

### PREFIX CACHING ###
  Prefix Hits: 260
  Prefix Misses: 1009
  System Prompt Reuse: 260
  Bytes Saved: 0.22GiB

### MULTI-TURN CONVERSATIONS ###
  Multi-turn Cache Hits: 64
  Multi-turn Cache Misses: 387
  Multi-turn Hit Rate: 14.2%

### QOS LATENCY METRICS (Informational - includes simulated generation) ###

  INTERACTIVE:
    Requests: 1097
    Latency P95: 317748.99 ms
    Latency P99: 322634.64 ms
    SLA Met: [X] (compliance: 0.0%)

  RESPONSIVE:
    Requests: 73
    Latency P95: 97855.64 ms
    Latency P99: 129607.34 ms
    SLA Met: [X] (compliance: 0.0%)

  BATCH:
    Requests: 98
    Latency P95: 114601.74 ms
    Latency P99: 142385.04 ms
    SLA Met: [X] (compliance: 4.1%)

================================================================================
NOTES:
  - Pure storage I/O benchmark (no generation simulation)
================================================================================
KV Cache Wrapper - End delay for 90 seconds
KV Cache Wrapper - End delay for 90 seconds
KV Cache Wrapper - End delay for 90 seconds
KV Cache Wrapper - End delay for 90 seconds
KV Cache Wrapper - End delay for 90 seconds
KV Cache Wrapper - End delay for 90 seconds
KV Cache Wrapper - End delay for 90 seconds

================================================================================
BENCHMARK RESULTS - MLPerf KV Cache Storage Benchmark
Generation Mode: none (0.0ms/token)
================================================================================

IMPORTANT: All storage latencies below are measured per KV cache BLOCK,
not per token or per disk page.  Each block holds the full KV state for
one request (all layers, all heads, full sequence length).
  Model KV bytes/token: 131,072 bytes (128.0KiB)
  Entries in cache: 1397
  Block size min:   19.0MiB
  Block size mean:  600.7MiB
  Block size P95:   1845.2MiB
  Block size max:   2899.8MiB
  A 200MiB block at 1GiB/s NVMe read = ~200 ms device latency.
  Compare latencies against block sizes, not against 4KiB page I/O.


### OVERALL PERFORMANCE ###
Requests Completed: 1396
Total Tokens Generated: 215827
Throughput (wall-clock): 719.42 tokens/sec
Throughput (storage I/O): 20.69 tokens/sec
Requests/sec: 4.65

### END-TO-END LATENCY (Queue Wait + Storage I/O + Generation) ###
  Mean: 153330.33 ms
  P50:  163601.90 ms
  P95:  251418.19 ms
  P99:  260625.66 ms

### PER-REQUEST STORAGE LATENCY (All I/O ops for one request) ###
  Mean: 7473.31 ms
  P50:  4698.46 ms
  P95:  21838.75 ms
  P99:  59565.40 ms
  (= 1 prefill write + N decode reads per request)

### STORAGE PERFORMANCE ###
  Cache Hit Rate: 84.9%
  Total Read: 3406.13GiB
  Total Write: 819.56GiB
  Read/Write Ratio: 4.16
  Storage KV Read Operations/sec: 23.92
  Storage KV Write Operations/sec: 4.66

### CACHE TIER DISTRIBUTION ###
  GPU Entries: 0 (0.00GiB)
  CPU Entries: 0 (0.00GiB)
  Storage Entries: 1397

### TIER-SPECIFIC KV BYTES ###
  Storage KV Bytes Written: 819.56GiB
  Storage KV Bytes Read: 3406.13GiB

### STORAGE KV BANDWIDTH ###
  Storage KV Read Bandwidth: 11.35GiB/s
  Storage KV Write Bandwidth: 2.73GiB/s

### TIER-SPECIFIC LATENCIES (Total = Host + Device) ###
  Storage Read P95 (Total): 3103.42 ms
  Storage Write P95 (Total): 9419.57 ms

### STORAGE TIER LATENCY BREAKDOWN (Device = Disk I/O, Host = Serialization) ###
  Storage Read:
    - Device P95 (Disk I/O): 1671.65 ms
    - Host P95 (Serialization): 1296.36 ms
    - Total P95: 3103.42 ms
  Storage Write:
    - Device P95 (Disk I/O): 0.02 ms
    - Host P95 (Serialization): 9419.54 ms
    - Total P95: 9419.57 ms

### CACHE TYPE BREAKDOWNS ###
  System Prompt Hits: 1531
  Common Phrase Hits: 0
  User Cache Hits: 5496
  Multi-turn Hits: 148

### PREFIX CACHING ###
  Prefix Hits: 293
  Prefix Misses: 1104
  System Prompt Reuse: 293
  Bytes Saved: 0.24GiB

### MULTI-TURN CONVERSATIONS ###
  Multi-turn Cache Hits: 148
  Multi-turn Cache Misses: 985
  Multi-turn Hit Rate: 13.1%

### QOS LATENCY METRICS (Informational - includes simulated generation) ###

  INTERACTIVE:
    Requests: 1221
    Latency P95: 252648.15 ms
    Latency P99: 260735.36 ms
    SLA Met: [X] (compliance: 0.0%)

  RESPONSIVE:
    Requests: 83
    Latency P95: 120095.81 ms
    Latency P99: 137089.56 ms
    SLA Met: [X] (compliance: 0.0%)

  BATCH:
    Requests: 92
    Latency P95: 105067.95 ms
    Latency P99: 130216.18 ms
    SLA Met: [X] (compliance: 4.3%)

================================================================================
NOTES:
  - Pure storage I/O benchmark (no generation simulation)
================================================================================

================================================================================
BENCHMARK RESULTS - MLPerf KV Cache Storage Benchmark
Generation Mode: none (0.0ms/token)
================================================================================

IMPORTANT: All storage latencies below are measured per KV cache BLOCK,
not per token or per disk page.  Each block holds the full KV state for
one request (all layers, all heads, full sequence length).
  Model KV bytes/token: 131,072 bytes (128.0KiB)
  Entries in cache: 1366
  Block size min:   27.1MiB
  Block size mean:  556.9MiB
  Block size P95:   1450.9MiB
  Block size max:   2788.6MiB
  A 200MiB block at 1GiB/s NVMe read = ~200 ms device latency.
  Compare latencies against block sizes, not against 4KiB page I/O.


### OVERALL PERFORMANCE ###
Requests Completed: 1365
Total Tokens Generated: 260644
Throughput (wall-clock): 868.81 tokens/sec
Throughput (storage I/O): 21.18 tokens/sec
Requests/sec: 4.55

### END-TO-END LATENCY (Queue Wait + Storage I/O + Generation) ###
  Mean: 167338.06 ms
  P50:  182133.64 ms
  P95:  252863.47 ms
  P99:  269460.54 ms

### PER-REQUEST STORAGE LATENCY (All I/O ops for one request) ###
  Mean: 9016.09 ms
  P50:  5826.47 ms
  P95:  29408.11 ms
  P99:  64044.64 ms
  (= 1 prefill write + N decode reads per request)

### STORAGE PERFORMANCE ###
  Cache Hit Rate: 92.7%
  Total Read: 5086.18GiB
  Total Write: 742.93GiB
  Read/Write Ratio: 6.85
  Storage KV Read Operations/sec: 29.89
  Storage KV Write Operations/sec: 4.55

### CACHE TIER DISTRIBUTION ###
  GPU Entries: 0 (0.00GiB)
  CPU Entries: 0 (0.00GiB)
  Storage Entries: 1366

### TIER-SPECIFIC KV BYTES ###
  Storage KV Bytes Written: 742.93GiB
  Storage KV Bytes Read: 5086.18GiB

### STORAGE KV BANDWIDTH ###
  Storage KV Read Bandwidth: 16.95GiB/s
  Storage KV Write Bandwidth: 2.48GiB/s

### TIER-SPECIFIC LATENCIES (Total = Host + Device) ###
  Storage Read P95 (Total): 3166.02 ms
  Storage Write P95 (Total): 7655.07 ms

### STORAGE TIER LATENCY BREAKDOWN (Device = Disk I/O, Host = Serialization) ###
  Storage Read:
    - Device P95 (Disk I/O): 1427.80 ms
    - Host P95 (Serialization): 1324.05 ms
    - Total P95: 3166.02 ms
  Storage Write:
    - Device P95 (Disk I/O): 0.02 ms
    - Host P95 (Serialization): 7655.06 ms
    - Total P95: 7655.07 ms

### CACHE TYPE BREAKDOWNS ###
  System Prompt Hits: 1809
  Common Phrase Hits: 0
  User Cache Hits: 7129
  Multi-turn Hits: 30

### PREFIX CACHING ###
  Prefix Hits: 276
  Prefix Misses: 1090
  System Prompt Reuse: 276
  Bytes Saved: 0.23GiB

### MULTI-TURN CONVERSATIONS ###
  Multi-turn Cache Hits: 30
  Multi-turn Cache Misses: 432
  Multi-turn Hit Rate: 6.5%

### QOS LATENCY METRICS (Informational - includes simulated generation) ###

  INTERACTIVE:
    Requests: 1183
    Latency P95: 254482.70 ms
    Latency P99: 270643.32 ms
    SLA Met: [X] (compliance: 0.0%)

  RESPONSIVE:
    Requests: 75
    Latency P95: 129010.49 ms
    Latency P99: 138589.48 ms
    SLA Met: [X] (compliance: 0.0%)

  BATCH:
    Requests: 107
    Latency P95: 121720.85 ms
    Latency P99: 157375.10 ms
    SLA Met: [X] (compliance: 3.7%)

================================================================================
NOTES:
  - Pure storage I/O benchmark (no generation simulation)
================================================================================

================================================================================
BENCHMARK RESULTS - MLPerf KV Cache Storage Benchmark
Generation Mode: none (0.0ms/token)
================================================================================

IMPORTANT: All storage latencies below are measured per KV cache BLOCK,
not per token or per disk page.  Each block holds the full KV state for
one request (all layers, all heads, full sequence length).
  Model KV bytes/token: 131,072 bytes (128.0KiB)
  Entries in cache: 1284
  Block size min:   24.6MiB
  Block size mean:  691.0MiB
  Block size P95:   2151.9MiB
  Block size max:   2964.8MiB
  A 200MiB block at 1GiB/s NVMe read = ~200 ms device latency.
  Compare latencies against block sizes, not against 4KiB page I/O.


### OVERALL PERFORMANCE ###
Requests Completed: 1283
Total Tokens Generated: 237124
Throughput (wall-clock): 790.41 tokens/sec
Throughput (storage I/O): 29.12 tokens/sec
Requests/sec: 4.28

### END-TO-END LATENCY (Queue Wait + Storage I/O + Generation) ###
  Mean: 183186.07 ms
  P50:  182815.75 ms
  P95:  305665.62 ms
  P99:  317871.13 ms

### PER-REQUEST STORAGE LATENCY (All I/O ops for one request) ###
  Mean: 6347.65 ms
  P50:  5503.83 ms
  P95:  15666.37 ms
  P99:  34826.07 ms
  (= 1 prefill write + N decode reads per request)

### STORAGE PERFORMANCE ###
  Cache Hit Rate: 94.5%
  Total Read: 3742.43GiB
  Total Write: 866.43GiB
  Read/Write Ratio: 4.32
  Storage KV Read Operations/sec: 23.90
  Storage KV Write Operations/sec: 4.28

### CACHE TIER DISTRIBUTION ###
  GPU Entries: 0 (0.00GiB)
  CPU Entries: 0 (0.00GiB)
  Storage Entries: 1284

### TIER-SPECIFIC KV BYTES ###
  Storage KV Bytes Written: 866.43GiB
  Storage KV Bytes Read: 3742.43GiB

### STORAGE KV BANDWIDTH ###
  Storage KV Read Bandwidth: 12.47GiB/s
  Storage KV Write Bandwidth: 2.89GiB/s

### TIER-SPECIFIC LATENCIES (Total = Host + Device) ###
  Storage Read P95 (Total): 1965.12 ms
  Storage Write P95 (Total): 9565.53 ms

### STORAGE TIER LATENCY BREAKDOWN (Device = Disk I/O, Host = Serialization) ###
  Storage Read:
    - Device P95 (Disk I/O): 759.62 ms
    - Host P95 (Serialization): 610.96 ms
    - Total P95: 1965.12 ms
  Storage Write:
    - Device P95 (Disk I/O): 0.01 ms
    - Host P95 (Serialization): 9565.02 ms
    - Total P95: 9565.53 ms

### CACHE TYPE BREAKDOWNS ###
  System Prompt Hits: 1429
  Common Phrase Hits: 0
  User Cache Hits: 5715
  Multi-turn Hits: 25

### PREFIX CACHING ###
  Prefix Hits: 254
  Prefix Misses: 1030
  System Prompt Reuse: 254
  Bytes Saved: 0.21GiB

### MULTI-TURN CONVERSATIONS ###
  Multi-turn Cache Hits: 25
  Multi-turn Cache Misses: 165
  Multi-turn Hit Rate: 13.2%

### QOS LATENCY METRICS (Informational - includes simulated generation) ###

  INTERACTIVE:
    Requests: 1110
    Latency P95: 307411.94 ms
    Latency P99: 318363.35 ms
    SLA Met: [X] (compliance: 0.0%)

  RESPONSIVE:
    Requests: 71
    Latency P95: 145705.30 ms
    Latency P99: 171134.71 ms
    SLA Met: [X] (compliance: 0.0%)

  BATCH:
    Requests: 102
    Latency P95: 107239.73 ms
    Latency P99: 116325.99 ms
    SLA Met: [X] (compliance: 2.0%)

================================================================================
NOTES:
  - Pure storage I/O benchmark (no generation simulation)
================================================================================
KV Cache Wrapper - End delay for 90 seconds

================================================================================
BENCHMARK RESULTS - MLPerf KV Cache Storage Benchmark
Generation Mode: none (0.0ms/token)
================================================================================

IMPORTANT: All storage latencies below are measured per KV cache BLOCK,
not per token or per disk page.  Each block holds the full KV state for
one request (all layers, all heads, full sequence length).
  Model KV bytes/token: 131,072 bytes (128.0KiB)
  Entries in cache: 1296
  Block size min:   18.8MiB
  Block size mean:  632.8MiB
  Block size P95:   1825.3MiB
  Block size max:   2689.4MiB
  A 200MiB block at 1GiB/s NVMe read = ~200 ms device latency.
  Compare latencies against block sizes, not against 4KiB page I/O.


### OVERALL PERFORMANCE ###
Requests Completed: 1296
Total Tokens Generated: 226477
Throughput (wall-clock): 750.99 tokens/sec
Throughput (storage I/O): 24.96 tokens/sec
Requests/sec: 4.30

### END-TO-END LATENCY (Queue Wait + Storage I/O + Generation) ###
  Mean: 179032.72 ms
  P50:  183251.01 ms
  P95:  298553.05 ms
  P99:  306416.76 ms

### PER-REQUEST STORAGE LATENCY (All I/O ops for one request) ###
  Mean: 7000.45 ms
  P50:  5085.73 ms
  P95:  18858.19 ms
  P99:  43338.75 ms
  (= 1 prefill write + N decode reads per request)

### STORAGE PERFORMANCE ###
  Cache Hit Rate: 93.6%
  Total Read: 3843.11GiB
  Total Write: 803.12GiB
  Read/Write Ratio: 4.79
  Storage KV Read Operations/sec: 25.39
  Storage KV Write Operations/sec: 4.32

### CACHE TIER DISTRIBUTION ###
  GPU Entries: 0 (0.00GiB)
  CPU Entries: 0 (0.00GiB)
  Storage Entries: 1296

### TIER-SPECIFIC KV BYTES ###
  Storage KV Bytes Written: 800.85GiB
  Storage KV Bytes Read: 3843.11GiB

### STORAGE KV BANDWIDTH ###
  Storage KV Read Bandwidth: 12.74GiB/s
  Storage KV Write Bandwidth: 2.66GiB/s

### TIER-SPECIFIC LATENCIES (Total = Host + Device) ###
  Storage Read P95 (Total): 2163.71 ms
  Storage Write P95 (Total): 7992.64 ms

### STORAGE TIER LATENCY BREAKDOWN (Device = Disk I/O, Host = Serialization) ###
  Storage Read:
    - Device P95 (Disk I/O): 813.39 ms
    - Host P95 (Serialization): 727.47 ms
    - Total P95: 2163.71 ms
  Storage Write:
    - Device P95 (Disk I/O): 0.01 ms
    - Host P95 (Serialization): 7992.63 ms
    - Total P95: 7992.64 ms

### CACHE TYPE BREAKDOWNS ###
  System Prompt Hits: 1615
  Common Phrase Hits: 0
  User Cache Hits: 5961
  Multi-turn Hits: 42

### PREFIX CACHING ###
  Prefix Hits: 261
  Prefix Misses: 1036
  System Prompt Reuse: 261
  Bytes Saved: 0.21GiB

### MULTI-TURN CONVERSATIONS ###
  Multi-turn Cache Hits: 42
  Multi-turn Cache Misses: 261
  Multi-turn Hit Rate: 13.9%

### QOS LATENCY METRICS (Informational - includes simulated generation) ###

  INTERACTIVE:
    Requests: 1112
    Latency P95: 299996.42 ms
    Latency P99: 306601.45 ms
    SLA Met: [X] (compliance: 0.0%)

  RESPONSIVE:
    Requests: 77
    Latency P95: 128318.07 ms
    Latency P99: 160110.97 ms
    SLA Met: [X] (compliance: 0.0%)

  BATCH:
    Requests: 107
    Latency P95: 121925.86 ms
    Latency P99: 133371.70 ms
    SLA Met: [X] (compliance: 13.1%)

================================================================================
NOTES:
  - Pure storage I/O benchmark (no generation simulation)
================================================================================
KV Cache Wrapper - End delay for 90 seconds

================================================================================
BENCHMARK RESULTS - MLPerf KV Cache Storage Benchmark
Generation Mode: none (0.0ms/token)
================================================================================

IMPORTANT: All storage latencies below are measured per KV cache BLOCK,
not per token or per disk page.  Each block holds the full KV state for
one request (all layers, all heads, full sequence length).
  Model KV bytes/token: 131,072 bytes (128.0KiB)
  Entries in cache: 1262
  Block size min:   20.2MiB
  Block size mean:  858.0MiB
  Block size P95:   2144.0MiB
  Block size max:   3049.2MiB
  A 200MiB block at 1GiB/s NVMe read = ~200 ms device latency.
  Compare latencies against block sizes, not against 4KiB page I/O.


### OVERALL PERFORMANCE ###
Requests Completed: 1261
Total Tokens Generated: 283765
Throughput (wall-clock): 945.88 tokens/sec
Throughput (storage I/O): 32.16 tokens/sec
Requests/sec: 4.20

### END-TO-END LATENCY (Queue Wait + Storage I/O + Generation) ###
  Mean: 166510.32 ms
  P50:  168519.83 ms
  P95:  312279.23 ms
  P99:  323312.90 ms

### PER-REQUEST STORAGE LATENCY (All I/O ops for one request) ###
  Mean: 6997.93 ms
  P50:  5767.61 ms
  P95:  16107.93 ms
  P99:  47697.79 ms
  (= 1 prefill write + N decode reads per request)

### STORAGE PERFORMANCE ###
  Cache Hit Rate: 92.1%
  Total Read: 4614.27GiB
  Total Write: 1057.47GiB
  Read/Write Ratio: 4.36
  Storage KV Read Operations/sec: 26.44
  Storage KV Write Operations/sec: 4.21

### CACHE TIER DISTRIBUTION ###
  GPU Entries: 0 (0.00GiB)
  CPU Entries: 0 (0.00GiB)
  Storage Entries: 1262

### TIER-SPECIFIC KV BYTES ###
  Storage KV Bytes Written: 1057.47GiB
  Storage KV Bytes Read: 4614.27GiB

### STORAGE KV BANDWIDTH ###
  Storage KV Read Bandwidth: 15.38GiB/s
  Storage KV Write Bandwidth: 3.52GiB/s

### TIER-SPECIFIC LATENCIES (Total = Host + Device) ###
  Storage Read P95 (Total): 1193.67 ms
  Storage Write P95 (Total): 9592.02 ms

### STORAGE TIER LATENCY BREAKDOWN (Device = Disk I/O, Host = Serialization) ###
  Storage Read:
    - Device P95 (Disk I/O): 634.89 ms
    - Host P95 (Serialization): 486.18 ms
    - Total P95: 1193.67 ms
  Storage Write:
    - Device P95 (Disk I/O): 0.01 ms
    - Host P95 (Serialization): 9592.01 ms
    - Total P95: 9592.02 ms

### CACHE TYPE BREAKDOWNS ###
  System Prompt Hits: 1369
  Common Phrase Hits: 0
  User Cache Hits: 6529
  Multi-turn Hits: 33

### PREFIX CACHING ###
  Prefix Hits: 236
  Prefix Misses: 1026
  System Prompt Reuse: 236
  Bytes Saved: 0.19GiB

### MULTI-TURN CONVERSATIONS ###
  Multi-turn Cache Hits: 33
  Multi-turn Cache Misses: 443
  Multi-turn Hit Rate: 6.9%

### QOS LATENCY METRICS (Informational - includes simulated generation) ###

  INTERACTIVE:
    Requests: 1068
    Latency P95: 314756.91 ms
    Latency P99: 324425.88 ms
    SLA Met: [X] (compliance: 0.0%)

  RESPONSIVE:
    Requests: 73
    Latency P95: 101672.05 ms
    Latency P99: 153356.89 ms
    SLA Met: [X] (compliance: 0.0%)

  BATCH:
    Requests: 120
    Latency P95: 95330.01 ms
    Latency P99: 166875.81 ms
    SLA Met: [X] (compliance: 8.3%)

================================================================================
NOTES:
  - Pure storage I/O benchmark (no generation simulation)
================================================================================
KV Cache Wrapper - End delay for 90 seconds
KV Cache Wrapper - End delay for 90 seconds
KV Cache Wrapper - End delay for 90 seconds
KV Cache Wrapper - End delay for 90 seconds
KV Cache Wrapper - End delay for 90 seconds
KV Cache Wrapper - Finished benchmark pass
KV Cache Wrapper - Finished benchmark pass
KV Cache Wrapper - Finished benchmark pass
KV Cache Wrapper - Finished benchmark pass
KV Cache Wrapper - Finished benchmark pass
KV Cache Wrapper - Finished benchmark pass
KV Cache Wrapper - Finished benchmark pass
KV Cache Wrapper - Finished benchmark pass
KV Cache Wrapper - Finished benchmark pass
KV Cache Wrapper - Finished benchmark pass
KV Cache Wrapper - Finished benchmark pass
KV Cache Wrapper - Finished benchmark pass
KV Cache Wrapper - Finished benchmark pass
KV Cache Wrapper - Finished benchmark pass
KV Cache Wrapper - Finished benchmark pass
KV Cache Wrapper - Finished benchmark pass
KV Cache Wrapper - Finished benchmark pass
KV Cache Wrapper - Finished benchmark pass
KV Cache Wrapper - Finished benchmark pass
KV Cache Wrapper - Finished benchmark pass
KV Cache Wrapper - Finished benchmark pass
KV Cache Wrapper - Finished benchmark pass
KV Cache Wrapper - Finished benchmark pass
KV Cache Wrapper - Finished benchmark pass
KV Cache Wrapper - Finished benchmark pass
KV Cache Wrapper - Finished benchmark pass
KV Cache Wrapper - Finished benchmark pass
KV Cache Wrapper - Finished benchmark pass
KV Cache Wrapper - Finished benchmark pass
KV Cache Wrapper - Finished benchmark pass
