process_id,batch_id,timestamp,batch_size,batch_time_seconds,avg_query_time_seconds,success
0,1,1784807811.1131227,8,0.005941629409790039,0.0007427036762237549,True
0,2,1784807811.119807,8,0.005219697952270508,0.0006524622440338135,True
0,3,1784807811.1252944,8,0.004785776138305664,0.000598222017288208,True
0,4,1784807811.1303482,8,0.004891395568847656,0.000611424446105957,True
0,5,1784807811.1354926,8,0.004318714141845703,0.0005398392677307129,True
0,6,1784807811.1400595,8,0.004081010818481445,0.0005101263523101807,True
0,7,1784807811.144384,8,0.004620552062988281,0.0005775690078735352,True
0,8,1784807811.1492674,8,0.004091978073120117,0.0005114972591400146,True
0,9,1784807811.1536703,8,0.0041980743408203125,0.0005247592926025391,True
0,10,1784807811.1581266,8,0.0048143863677978516,0.0006017982959747314,True
0,11,1784807811.1632156,8,0.004241228103637695,0.0005301535129547119,True
0,12,1784807811.167735,8,0.004025697708129883,0.0005032122135162354,True
0,13,1784807811.1720438,8,0.004686832427978516,0.0005858540534973145,True
0,14,1784807811.1770315,8,0.004102468490600586,0.0005128085613250732,True
0,15,1784807811.1814075,8,0.003983974456787109,0.0004979968070983887,True
0,16,1784807811.185668,8,0.0038764476776123047,0.0004845559597015381,True
0,17,1784807811.1898375,8,0.004441976547241211,0.0005552470684051514,True
0,18,1784807811.1945558,8,0.0041315555572509766,0.0005164444446563721,True
0,19,1784807811.1989677,8,0.004479408264160156,0.0005599260330200195,True
0,20,1784807811.2037246,8,0.0048258304595947266,0.0006032288074493408,True
0,21,1784807811.2090087,8,0.005510568618774414,0.0006888210773468018,True
0,22,1784807811.2149818,8,0.005320310592651367,0.0006650388240814209,True
0,23,1784807811.2207296,8,0.006394386291503906,0.0007992982864379883,True
0,24,1784807811.2274754,8,0.005479335784912109,0.0006849169731140137,True
0,25,1784807811.2332997,8,0.005222320556640625,0.0006527900695800781,True
0,26,1784807811.2391646,8,0.00566554069519043,0.0007081925868988037,True
0,27,1784807811.2451982,8,0.005664348602294922,0.0007080435752868652,True
0,28,1784807811.2513516,8,0.005493640899658203,0.0006867051124572754,True
0,29,1784807811.2576606,8,0.006188392639160156,0.0007735490798950195,True
0,30,1784807811.264573,8,0.005789756774902344,0.000723719596862793,True
0,31,1784807811.2707682,8,0.006156206130981445,0.0007695257663726807,True
0,32,1784807811.2773652,8,0.005942583084106445,0.0007428228855133057,True
0,33,1784807811.2837949,8,0.005784034729003906,0.0007230043411254883,True
0,34,1784807811.2899423,8,0.006178855895996094,0.0007723569869995117,True
0,35,1784807811.2964895,8,0.006059169769287109,0.0007573962211608887,True
0,36,1784807811.3029418,8,0.006045818328857422,0.0007557272911071777,True
0,37,1784807811.3097942,8,0.006316661834716797,0.0007895827293395996,True
0,38,1784807811.3165388,8,0.005774974822998047,0.0007218718528747559,True
0,39,1784807811.3227682,8,0.006115913391113281,0.0007644891738891602,True
0,40,1784807811.3295264,8,0.0060656070709228516,0.0007582008838653564,True
0,41,1784807811.336729,8,0.005851030349731445,0.0007313787937164307,True
0,42,1784807811.3431537,8,0.006799459457397461,0.0008499324321746826,True
0,43,1784807811.3511708,8,0.00691676139831543,0.0008645951747894287,True
0,44,1784807811.3585587,8,0.006764888763427734,0.0008456110954284668,True
0,45,1784807811.365749,8,0.007158994674682617,0.0008948743343353271,True
0,46,1784807811.373352,8,0.007474660873413086,0.0009343326091766357,True
0,47,1784807811.38137,8,0.006850004196166992,0.000856250524520874,True
0,48,1784807811.3888383,8,0.006621837615966797,0.0008277297019958496,True
0,49,1784807811.396345,8,0.006543636322021484,0.0008179545402526855,True
0,50,1784807811.4034145,8,0.005776882171630859,0.0007221102714538574,True
0,51,1784807811.4103024,8,0.007414817810058594,0.0009268522262573242,True
0,52,1784807811.4180932,8,0.0068132877349853516,0.0008516609668731689,True
0,53,1784807811.425609,8,0.007380485534667969,0.0009225606918334961,True
0,54,1784807811.4341052,8,0.007688999176025391,0.0009611248970031738,True
0,55,1784807811.4429102,8,0.012396574020385742,0.0015495717525482178,True
0,56,1784807811.4557326,8,0.006262063980102539,0.0007827579975128174,True
0,57,1784807811.4624267,8,0.007302284240722656,0.000912785530090332,True
0,58,1784807811.4702947,8,0.006942033767700195,0.0008677542209625244,True
0,59,1784807811.4784384,8,0.006281852722167969,0.0007852315902709961,True
0,60,1784807811.4852774,8,0.007868528366088867,0.0009835660457611084,True
0,61,1784807811.4942472,8,0.009527444839477539,0.0011909306049346924,True
0,62,1784807811.5045776,8,0.006602287292480469,0.0008252859115600586,True
0,63,1784807811.5130877,8,0.00840616226196289,0.0010507702827453613,True
0,64,1784807811.5221708,8,0.007198333740234375,0.0008997917175292969,True
0,65,1784807811.5312045,8,0.007521152496337891,0.0009401440620422363,True
0,66,1784807811.540297,8,0.009237527847290039,0.0011546909809112549,True
0,67,1784807811.550441,8,0.007779836654663086,0.0009724795818328857,True
0,68,1784807811.5635998,8,0.006713390350341797,0.0008391737937927246,True
0,69,1784807811.572419,8,0.008803844451904297,0.0011004805564880371,True
0,70,1784807811.5845928,8,0.008907556533813477,0.0011134445667266846,True
0,71,1784807811.594111,8,0.009739875793457031,0.001217484474182129,True
0,72,1784807811.6086025,8,0.011513948440551758,0.0014392435550689697,True
0,73,1784807811.6204958,8,0.009760618209838867,0.0012200772762298584,True
0,74,1784807811.634242,8,0.008761167526245117,0.0010951459407806396,True
0,75,1784807811.6443315,8,0.007854938507080078,0.0009818673133850098,True
0,76,1784807811.6535177,8,0.009455442428588867,0.0011819303035736084,True
0,77,1784807811.663613,8,0.009516239166259766,0.0011895298957824707,True
0,78,1784807811.6738966,8,0.010929346084594727,0.0013661682605743408,True
0,79,1784807811.6863618,8,0.010697364807128906,0.0013371706008911133,True
0,80,1784807811.6995087,8,0.011976957321166992,0.001497119665145874,True
0,81,1784807811.7120385,8,0.010828733444213867,0.0013535916805267334,True
0,82,1784807811.7235136,8,0.009236574172973633,0.001154571771621704,True
0,83,1784807811.7347775,8,0.011847496032714844,0.0014809370040893555,True
0,84,1784807811.7481344,8,0.012937784194946289,0.0016172230243682861,True
0,85,1784807811.7617207,8,0.012529373168945312,0.001566171646118164,True
0,86,1784807811.7747805,8,0.010925769805908203,0.0013657212257385254,True
0,87,1784807811.7879834,8,0.012765645980834961,0.0015957057476043701,True
0,88,1784807811.801343,8,0.01466512680053711,0.0018331408500671387,True
0,89,1784807811.8170052,8,0.015563488006591797,0.0019454360008239746,True
0,90,1784807811.8371024,8,0.010649681091308594,0.0013312101364135742,True
0,91,1784807811.8559282,8,0.007402658462524414,0.0009253323078155518,True
0,92,1784807811.8730543,8,0.009556055068969727,0.0011945068836212158,True
0,93,1784807811.8893769,8,0.008379697799682617,0.0010474622249603271,True
0,94,1784807811.9108672,8,0.006893634796142578,0.0008617043495178223,True
0,95,1784807811.9320173,8,0.009576797485351562,0.0011970996856689453,True
0,96,1784807811.9522223,8,0.007524251937866211,0.0009405314922332764,True
0,97,1784807811.9725747,8,0.008947134017944336,0.001118391752243042,True
0,98,1784807811.994407,8,0.006373882293701172,0.0007967352867126465,True
0,99,1784807812.0086715,8,0.008014440536499023,0.001001805067062378,True
0,100,1784807812.0319362,8,0.008791923522949219,0.0010989904403686523,True
0,101,1784807812.0570037,8,0.006951093673706055,0.0008688867092132568,True
0,102,1784807812.0800428,8,0.006172895431518555,0.0007716119289398193,True
0,103,1784807812.1032126,8,0.006566286087036133,0.0008207857608795166,True
0,104,1784807812.127588,8,0.009463071823120117,0.0011828839778900146,True
0,105,1784807812.155432,8,0.005852937698364258,0.0007316172122955322,True
0,106,1784807812.1825402,8,0.00630640983581543,0.0007883012294769287,True
0,107,1784807812.2011046,8,0.009744644165039062,0.0012180805206298828,True
0,108,1784807812.228691,8,0.007683515548706055,0.0009604394435882568,True
0,109,1784807812.2484272,8,0.008971691131591797,0.0011214613914489746,True
0,110,1784807812.27542,8,0.008315086364746094,0.0010393857955932617,True
0,111,1784807812.2963202,8,0.00878286361694336,0.00109785795211792,True
0,112,1784807812.3172088,8,0.005783557891845703,0.0007229447364807129,True
0,113,1784807812.3404741,8,0.011010885238647461,0.0013763606548309326,True
0,114,1784807812.3737369,8,0.009605646133422852,0.0012007057666778564,True
0,115,1784807812.402954,8,0.007538795471191406,0.0009423494338989258,True
0,116,1784807812.4280198,8,0.011805295944213867,0.0014756619930267334,True
0,117,1784807812.453068,8,0.008922338485717773,0.0011152923107147217,True
0,118,1784807812.472392,8,0.007754802703857422,0.0009693503379821777,True
0,119,1784807812.4941304,8,0.008411169052124023,0.001051396131515503,True
0,120,1784807812.5162785,8,0.008302927017211914,0.0010378658771514893,True
0,121,1784807812.537683,8,0.010934829711914062,0.0013668537139892578,True
0,122,1784807812.551494,8,0.021050453186035156,0.0026313066482543945,True
0,123,1784807812.573668,8,0.021089792251586914,0.0026362240314483643,True
0,124,1784807812.5954332,8,0.018212556838989258,0.0022765696048736572,True
0,125,1784807812.6255014,8,0.008529186248779297,0.0010661482810974121,True
0,126,1784807812.6495357,8,0.011261463165283203,0.0014076828956604004,True
0,127,1784807812.6696885,8,0.006739377975463867,0.0008424222469329834,True
0,128,1784807812.6838045,8,0.006852149963378906,0.0008565187454223633,True
0,129,1784807812.6952217,8,0.009384870529174805,0.0011731088161468506,True
0,130,1784807812.7084703,8,0.013245820999145508,0.0016557276248931885,True
0,131,1784807812.734412,8,0.008014440536499023,0.001001805067062378,True
0,132,1784807812.7483137,8,0.011440753936767578,0.0014300942420959473,True
0,133,1784807812.7652829,8,0.00880885124206543,0.0011011064052581787,True
0,134,1784807812.780033,8,0.009929180145263672,0.001241147518157959,True
0,135,1784807812.8006008,8,0.009239435195922852,0.0011549293994903564,True
0,136,1784807812.8201694,8,0.007997989654541016,0.000999748706817627,True
0,137,1784807812.8382256,8,0.008811473846435547,0.0011014342308044434,True
0,138,1784807812.8504262,8,0.007083415985107422,0.0008854269981384277,True
0,139,1784807812.868888,8,0.007945775985717773,0.0009932219982147217,True
0,140,1784807812.8851862,8,0.008095741271972656,0.001011967658996582,True
0,141,1784807812.8956785,8,0.011022806167602539,0.0013778507709503174,True
0,142,1784807812.9074998,8,0.020906686782836914,0.0026133358478546143,True
0,143,1784807812.9287977,8,0.022073030471801758,0.0027591288089752197,True
0,144,1784807812.9530663,8,0.016870975494384766,0.0021088719367980957,True
0,145,1784807812.9706664,8,0.02113056182861328,0.00264132022857666,True
0,146,1784807812.9923973,8,0.02059483528137207,0.002574354410171509,True
0,147,1784807813.0136082,8,0.020191192626953125,0.0025238990783691406,True
0,148,1784807813.0345793,8,0.019421100616455078,0.0024276375770568848,True
0,149,1784807813.0547674,8,0.02104949951171875,0.0026311874389648438,True
0,150,1784807813.077012,8,0.0211639404296875,0.0026454925537109375,True
0,151,1784807813.1094537,8,0.008926153182983398,0.0011157691478729248,True
0,152,1784807813.1294777,8,0.010038137435913086,0.0012547671794891357,True
0,153,1784807813.14389,8,0.011678457260131836,0.0014598071575164795,True
0,154,1784807813.157821,8,0.01591634750366211,0.0019895434379577637,True
0,155,1784807813.174354,8,0.02037215232849121,0.0025465190410614014,True
0,156,1784807813.195237,8,0.022017240524291992,0.002752155065536499,True
0,157,1784807813.2178342,8,0.01891946792602539,0.002364933490753174,True
0,158,1784807813.2380583,8,0.020087242126464844,0.0025109052658081055,True
0,159,1784807813.2587018,8,0.0197298526763916,0.00246623158454895,True
0,160,1784807813.2790549,8,0.01851940155029297,0.002314925193786621,True
0,161,1784807813.2987711,8,0.020455598831176758,0.0025569498538970947,True
0,162,1784807813.3197365,8,0.021449565887451172,0.0026811957359313965,True
0,163,1784807813.3484921,8,0.007687807083129883,0.0009609758853912354,True
0,164,1784807813.3672414,8,0.00774383544921875,0.0009679794311523438,True
0,165,1784807813.378055,8,0.007706165313720703,0.0009632706642150879,True
0,166,1784807813.3911517,8,0.013083934783935547,0.0016354918479919434,True
0,167,1784807813.412077,8,0.009186983108520508,0.0011483728885650635,True
0,168,1784807813.428502,8,0.008881568908691406,0.0011101961135864258,True
0,169,1784807813.447647,8,0.008920669555664062,0.0011150836944580078,True
0,170,1784807813.468094,8,0.010483980178833008,0.001310497522354126,True
0,171,1784807813.4789734,8,0.013182401657104492,0.0016478002071380615,True
0,172,1784807813.5025928,8,0.009992122650146484,0.0012490153312683105,True
0,173,1784807813.5209835,8,0.01007390022277832,0.00125923752784729,True
0,174,1784807813.5315847,8,0.017302513122558594,0.0021628141403198242,True
0,175,1784807813.5492094,8,0.01931166648864746,0.0024139583110809326,True
0,176,1784807813.5697255,8,0.021358728408813477,0.0026698410511016846,True
0,177,1784807813.5920362,8,0.019675731658935547,0.0024594664573669434,True
0,178,1784807813.6121595,8,0.020493268966674805,0.0025616586208343506,True
0,179,1784807813.6331348,8,0.021368980407714844,0.0026711225509643555,True
0,180,1784807813.6553352,8,0.019826650619506836,0.0024783313274383545,True
0,181,1784807813.6759193,8,0.022089004516601562,0.0027611255645751953,True
0,182,1784807813.698341,8,0.02082967758178711,0.0026037096977233887,True
0,183,1784807813.7197034,8,0.020018577575683594,0.0025023221969604492,True
0,184,1784807813.7419293,8,0.020693540573120117,0.0025866925716400146,True
0,185,1784807813.7630012,8,0.020174026489257812,0.0025217533111572266,True
0,186,1784807813.7836323,8,0.02170586585998535,0.002713233232498169,True
0,187,1784807813.8059633,8,0.020170211791992188,0.0025212764739990234,True
0,188,1784807813.8273983,8,0.0183866024017334,0.002298325300216675,True
0,189,1784807813.846297,8,0.020839452743530273,0.002604931592941284,True
0,190,1784807813.8682375,8,0.021176815032958984,0.002647101879119873,True
0,191,1784807813.890527,8,0.019265174865722656,0.002408146858215332,True
0,192,1784807813.9113786,8,0.017640352249145508,0.0022050440311431885,True
0,193,1784807813.9294367,8,0.02070021629333496,0.00258752703666687,True
0,194,1784807813.950821,8,0.019071340560913086,0.0023839175701141357,True
0,195,1784807813.9702172,8,0.019484996795654297,0.002435624599456787,True
0,196,1784807813.990556,8,0.019664525985717773,0.0024580657482147217,True
0,197,1784807814.0107853,8,0.02099299430847168,0.00262412428855896,True
0,198,1784807814.0324144,8,0.01932358741760254,0.0024154484272003174,True
0,199,1784807814.0523038,8,0.0202786922454834,0.002534836530685425,True
0,200,1784807814.0733812,8,0.019660472869873047,0.002457559108734131,True
0,201,1784807814.0933497,8,0.020525455474853516,0.0025656819343566895,True
0,202,1784807814.1142828,8,0.01953601837158203,0.002442002296447754,True
0,203,1784807814.1342306,8,0.02027750015258789,0.0025346875190734863,True
0,204,1784807814.1551726,8,0.021003246307373047,0.002625405788421631,True
0,205,1784807814.1774886,8,0.02043747901916504,0.00255468487739563,True
0,206,1784807814.1983645,8,0.021604537963867188,0.0027005672454833984,True
0,207,1784807814.2205906,8,0.019781827926635742,0.0024727284908294678,True
0,208,1784807814.2407525,8,0.022257089614868164,0.0027821362018585205,True
0,209,1784807814.26342,8,0.021712064743041992,0.002714008092880249,True
0,210,1784807814.28615,8,0.019748687744140625,0.002468585968017578,True
0,211,1784807814.306319,8,0.020924806594848633,0.002615600824356079,True
0,212,1784807814.3301904,8,0.01860833168029785,0.0023260414600372314,True
0,213,1784807814.3491962,8,0.018687725067138672,0.002335965633392334,True
0,214,1784807814.3684974,8,0.02232646942138672,0.00279080867767334,True
0,215,1784807814.3912308,8,0.020956039428710938,0.002619504928588867,True
0,216,1784807814.4125063,8,0.019431114196777344,0.002428889274597168,True
0,217,1784807814.4327374,8,0.01959991455078125,0.0024499893188476562,True
0,218,1784807814.4526768,8,0.021828174591064453,0.0027285218238830566,True
0,219,1784807814.4750192,8,0.01990962028503418,0.0024887025356292725,True
0,220,1784807814.4952445,8,0.02027583122253418,0.0025344789028167725,True
0,221,1784807814.5164685,8,0.018781661987304688,0.002347707748413086,True
0,222,1784807814.5358784,8,0.02235722541809082,0.0027946531772613525,True
0,223,1784807814.5589666,8,0.020572423934936523,0.0025715529918670654,True
0,224,1784807814.5798626,8,0.019894123077392578,0.0024867653846740723,True
0,225,1784807814.6016061,8,0.02225184440612793,0.002781480550765991,True
0,226,1784807814.6241949,8,0.019594192504882812,0.0024492740631103516,True
0,227,1784807814.6444945,8,0.020572423934936523,0.0025715529918670654,True
0,228,1784807814.6660657,8,0.022278547286987305,0.002784818410873413,True
0,229,1784807814.6899033,8,0.019542932510375977,0.002442866563796997,True
0,230,1784807814.7098913,8,0.020122528076171875,0.0025153160095214844,True
0,231,1784807814.7306325,8,0.02057647705078125,0.0025720596313476562,True
0,232,1784807814.7520578,8,0.020611286163330078,0.0025764107704162598,True
0,233,1784807814.7734964,8,0.020300626754760742,0.0025375783443450928,True
0,234,1784807814.794161,8,0.021038055419921875,0.0026297569274902344,True
0,235,1784807814.81551,8,0.01990199089050293,0.002487748861312866,True
0,236,1784807814.8357878,8,0.019082307815551758,0.0023852884769439697,True
0,237,1784807814.8551993,8,0.019385814666748047,0.002423226833343506,True
0,238,1784807814.875451,8,0.019548892974853516,0.0024436116218566895,True
0,239,1784807814.895583,8,0.02157115936279297,0.002696394920349121,True
0,240,1784807814.9182384,8,0.021326303482055664,0.002665787935256958,True
0,241,1784807814.9399493,8,0.01917886734008789,0.0023973584175109863,True
0,242,1784807814.9599707,8,0.018355369567871094,0.0022944211959838867,True
0,243,1784807814.979125,8,0.021790742874145508,0.0027238428592681885,True
0,244,1784807815.0017786,8,0.019961118698120117,0.0024951398372650146,True
0,245,1784807815.0223145,8,0.01961803436279297,0.002452254295349121,True
0,246,1784807815.0425107,8,0.019215106964111328,0.002401888370513916,True
0,247,1784807815.0625706,8,0.02001047134399414,0.0025013089179992676,True
0,248,1784807815.0834303,8,0.02048349380493164,0.002560436725616455,True
0,249,1784807815.1047087,8,0.0192868709564209,0.0024108588695526123,True
0,250,1784807815.1246665,8,0.019716978073120117,0.0024646222591400146,True
0,251,1784807815.144854,8,0.02013111114501953,0.0025163888931274414,True
0,252,1784807815.1657264,8,0.019133567810058594,0.0023916959762573242,True
0,253,1784807815.1854484,8,0.020280838012695312,0.002535104751586914,True
0,254,1784807815.2062314,8,0.021593093872070312,0.002699136734008789,True
0,255,1784807815.228789,8,0.020270824432373047,0.002533853054046631,True
0,256,1784807815.249612,8,0.021533966064453125,0.0026917457580566406,True
0,257,1784807815.271792,8,0.019879579544067383,0.002484947443008423,True
0,258,1784807815.2935734,8,0.020386695861816406,0.0025483369827270508,True
0,259,1784807815.314401,8,0.020237445831298828,0.0025296807289123535,True
0,260,1784807815.3360057,8,0.01843094825744629,0.002303868532180786,True
0,261,1784807815.3550923,8,0.020753145217895508,0.0025941431522369385,True
0,262,1784807815.3762376,8,0.02074432373046875,0.0025930404663085938,True
0,263,1784807815.3973644,8,0.02040839195251465,0.002551048994064331,True
0,264,1784807815.4181905,8,0.02140498161315918,0.0026756227016448975,True
0,265,1784807815.4401526,8,0.021355390548706055,0.002669423818588257,True
0,266,1784807815.462454,8,0.02101898193359375,0.0026273727416992188,True
0,267,1784807815.484019,8,0.020619630813598633,0.002577453851699829,True
0,268,1784807815.5051491,8,0.02188849449157715,0.0027360618114471436,True
0,269,1784807815.5279853,8,0.0185091495513916,0.00231364369392395,True
0,270,1784807815.5468626,8,0.020325422286987305,0.002540677785873413,True
0,271,1784807815.5675917,8,0.019487857818603516,0.0024359822273254395,True
0,272,1784807815.5876834,8,0.020750761032104492,0.0025938451290130615,True
0,273,1784807815.60899,8,0.023941993713378906,0.0029927492141723633,True
0,274,1784807815.6334321,8,0.01921844482421875,0.0024023056030273438,True
0,275,1784807815.6531434,8,0.021130084991455078,0.0026412606239318848,True
0,276,1784807815.674828,8,0.019558429718017578,0.0024448037147521973,True
0,277,1784807815.6948612,8,0.02042531967163086,0.0025531649589538574,True
0,278,1784807815.715601,8,0.019551992416381836,0.0024439990520477295,True
0,279,1784807815.7357378,8,0.022186756134033203,0.0027733445167541504,True
0,280,1784807815.7585628,8,0.019771575927734375,0.002471446990966797,True
0,281,1784807815.7789664,8,0.02175450325012207,0.002719312906265259,True
0,282,1784807815.8013523,8,0.02087092399597168,0.00260886549949646,True
0,283,1784807815.8226418,8,0.021724700927734375,0.002715587615966797,True
0,284,1784807815.8449705,8,0.018509626388549805,0.0023137032985687256,True
0,285,1784807815.8664393,8,0.018227815628051758,0.0022784769535064697,True
0,286,1784807815.8851976,8,0.02117466926574707,0.002646833658218384,True
0,287,1784807815.9070358,8,0.01917862892150879,0.0023973286151885986,True
0,288,1784807815.9302723,8,0.01801753044128418,0.0022521913051605225,True
0,289,1784807815.94874,8,0.021491050720214844,0.0026863813400268555,True
0,290,1784807815.9705834,8,0.020390748977661133,0.0025488436222076416,True
0,291,1784807815.9913306,8,0.020840883255004883,0.0026051104068756104,True
0,292,1784807816.0125606,8,0.020915508270263672,0.002614438533782959,True
0,293,1784807816.0338905,8,0.019457578659057617,0.002432197332382202,True
0,294,1784807816.054235,8,0.019813060760498047,0.002476632595062256,True
0,295,1784807816.0744526,8,0.0208587646484375,0.0026073455810546875,True
0,296,1784807816.0960414,8,0.022993087768554688,0.002874135971069336,True
0,297,1784807816.120155,8,0.019064664840698242,0.0023830831050872803,True
0,298,1784807816.1399188,8,0.02034735679626465,0.002543419599533081,True
0,299,1784807816.160606,8,0.020069360733032227,0.0025086700916290283,True
0,300,1784807816.1810486,8,0.020476579666137695,0.002559572458267212,True
0,301,1784807816.2021937,8,0.02231884002685547,0.0027898550033569336,True
0,302,1784807816.225652,8,0.020096778869628906,0.0025120973587036133,True
0,303,1784807816.2465687,8,0.020397424697875977,0.002549678087234497,True
0,304,1784807816.268401,8,0.018224477767944336,0.002278059720993042,True
0,305,1784807816.2870355,8,0.0206298828125,0.0025787353515625,True
0,306,1784807816.3081794,8,0.020383834838867188,0.0025479793548583984,True
0,307,1784807816.329361,8,0.021256446838378906,0.0026570558547973633,True
0,308,1784807816.3516185,8,0.0197756290435791,0.0024719536304473877,True
0,309,1784807816.3718152,8,0.01973867416381836,0.002467334270477295,True
0,310,1784807816.391887,8,0.0211331844329834,0.002641648054122925,True
0,311,1784807816.414071,8,0.0197145938873291,0.0024643242359161377,True
0,312,1784807816.434423,8,0.021902799606323242,0.0027378499507904053,True
0,313,1784807816.456949,8,0.01905512809753418,0.0023818910121917725,True
0,314,1784807816.4767632,8,0.02002120018005371,0.002502650022506714,True
0,315,1784807816.4975388,8,0.020745515823364258,0.0025931894779205322,True
0,316,1784807816.5188675,8,0.020064115524291992,0.002508014440536499,True
0,317,1784807816.539362,8,0.021242380142211914,0.0026552975177764893,True
0,318,1784807816.5610085,8,0.021399736404418945,0.002674967050552368,True
0,319,1784807816.5827906,8,0.021570205688476562,0.0026962757110595703,True
0,320,1784807816.6050317,8,0.019355058670043945,0.002419382333755493,True
0,321,1784807816.6246872,8,0.020328760147094727,0.002541095018386841,True
0,322,1784807816.645518,8,0.01894402503967285,0.0023680031299591064,True
0,323,1784807816.665519,8,0.01996755599975586,0.0024959444999694824,True
0,324,1784807816.6858442,8,0.023050308227539062,0.002881288528442383,True
0,325,1784807816.7094126,8,0.020419597625732422,0.0025524497032165527,True
0,326,1784807816.7304513,8,0.018939495086669922,0.0023674368858337402,True
0,327,1784807816.7498999,8,0.019804954528808594,0.0024756193161010742,True
0,328,1784807816.7702317,8,0.020740985870361328,0.002592623233795166,True
0,329,1784807816.7916026,8,0.021630048751831055,0.002703756093978882,True
0,330,1784807816.8137825,8,0.0177459716796875,0.0022182464599609375,True
0,331,1784807816.832012,8,0.019169330596923828,0.0023961663246154785,True
0,332,1784807816.8516006,8,0.019389629364013672,0.002423703670501709,True
0,333,1784807816.871405,8,0.021451950073242188,0.0026814937591552734,True
0,334,1784807816.8938375,8,0.021021604537963867,0.0026277005672454834,True
0,335,1784807816.9154258,8,0.020272254943847656,0.002534031867980957,True
0,336,1784807816.9361234,8,0.020037174224853516,0.0025046467781066895,True
0,337,1784807816.9572172,8,0.020247697830200195,0.0025309622287750244,True
0,338,1784807816.9779973,8,0.020538330078125,0.002567291259765625,True
0,339,1784807816.999778,8,0.018386363983154297,0.002298295497894287,True
0,340,1784807817.018614,8,0.01994466781616211,0.0024930834770202637,True
0,341,1784807817.0394692,8,0.020609617233276367,0.002576202154159546,True
0,342,1784807817.0607169,8,0.021514892578125,0.002689361572265625,True
0,343,1784807817.08273,8,0.02137303352355957,0.0026716291904449463,True
0,344,1784807817.1045582,8,0.019320964813232422,0.0024151206016540527,True
0,345,1784807817.1242793,8,0.01931595802307129,0.002414494752883911,True
0,346,1784807817.1442158,8,0.019893646240234375,0.002486705780029297,True
0,347,1784807817.1644928,8,0.022301197052001953,0.002787649631500244,True
0,348,1784807817.1871252,8,0.020395755767822266,0.002549469470977783,True
0,349,1784807817.207935,8,0.019594430923461914,0.0024493038654327393,True
0,350,1784807817.228448,8,0.019718408584594727,0.002464801073074341,True
0,351,1784807817.2485774,8,0.0209653377532959,0.0026206672191619873,True
0,352,1784807817.26998,8,0.021011829376220703,0.002626478672027588,True
0,353,1784807817.2916849,8,0.019823074340820312,0.002477884292602539,True
0,354,1784807817.3118675,8,0.02104926109313965,0.002631157636642456,True
0,355,1784807817.3332195,8,0.020117521286010742,0.0025146901607513428,True
0,356,1784807817.353709,8,0.01963043212890625,0.0024538040161132812,True
0,357,1784807817.3736813,8,0.020729780197143555,0.0025912225246429443,True
0,358,1784807817.3947978,8,0.019835472106933594,0.0024794340133666992,True
0,359,1784807817.4150596,8,0.018580198287963867,0.0023225247859954834,True
0,360,1784807817.4340882,8,0.020876646041870117,0.0026095807552337646,True
0,361,1784807817.455658,8,0.019201278686523438,0.0024001598358154297,True
0,362,1784807817.4751828,8,0.018573284149169922,0.0023216605186462402,True
0,363,1784807817.49416,8,0.02031421661376953,0.0025392770767211914,True
0,364,1784807817.515732,8,0.020965576171875,0.002620697021484375,True
0,365,1784807817.537038,8,0.018948078155517578,0.0023685097694396973,True
0,366,1784807817.5563798,8,0.01983642578125,0.00247955322265625,True
0,367,1784807817.576539,8,0.019387483596801758,0.0024234354496002197,True
0,368,1784807817.5964518,8,0.02080512046813965,0.002600640058517456,True
0,369,1784807817.618383,8,0.022081375122070312,0.002760171890258789,True
0,370,1784807817.642194,8,0.02128887176513672,0.00266110897064209,True
0,371,1784807817.6638002,8,0.01966404914855957,0.0024580061435699463,True
0,372,1784807817.6839106,8,0.019344806671142578,0.0024181008338928223,True
0,373,1784807817.7037268,8,0.02033209800720215,0.0025415122509002686,True
0,374,1784807817.7244966,8,0.018729686737060547,0.0023412108421325684,True
0,375,1784807817.7437077,8,0.02009129524230957,0.0025114119052886963,True
0,376,1784807817.7644432,8,0.02029895782470703,0.002537369728088379,True
0,377,1784807817.785247,8,0.02042675018310547,0.0025533437728881836,True
0,378,1784807817.8061924,8,0.019132614135742188,0.0023915767669677734,True
0,379,1784807817.8271723,8,0.021033287048339844,0.0026291608810424805,True
0,380,1784807817.849762,8,0.019119977951049805,0.0023899972438812256,True
0,381,1784807817.8692422,8,0.020272254943847656,0.002534031867980957,True
0,382,1784807817.8900611,8,0.022274494171142578,0.0027843117713928223,True
0,383,1784807817.9132318,8,0.01726818084716797,0.002158522605895996,True
0,384,1784807817.9309013,8,0.01969456672668457,0.0024618208408355713,True
0,385,1784807817.9518933,8,0.020510196685791016,0.002563774585723877,True
0,386,1784807817.9732985,8,0.020200490951538086,0.0025250613689422607,True
0,387,1784807817.9946976,8,0.019016504287719727,0.002377063035964966,True
0,388,1784807818.0143714,8,0.020964384078979492,0.0026205480098724365,True
0,389,1784807818.0357237,8,0.020262718200683594,0.0025328397750854492,True
0,390,1784807818.0563536,8,0.019855022430419922,0.0024818778038024902,True
0,391,1784807818.0765195,8,0.020681142807006836,0.0025851428508758545,True
0,392,1784807818.097692,8,0.019310951232910156,0.0024138689041137695,True
0,393,1784807818.117419,8,0.019971609115600586,0.0024964511394500732,True
0,394,1784807818.1382713,8,0.019098758697509766,0.0023873448371887207,True
0,395,1784807818.1587634,8,0.019513368606567383,0.002439171075820923,True
0,396,1784807818.1787004,8,0.02240443229675293,0.002800554037094116,True
0,397,1784807818.2021708,8,0.020660877227783203,0.0025826096534729004,True
0,398,1784807818.223846,8,0.02109217643737793,0.002636522054672241,True
0,399,1784807818.2454567,8,0.01921367645263672,0.00240170955657959,True
0,400,1784807818.2660093,8,0.02238178253173828,0.002797722816467285,True
0,401,1784807818.28907,8,0.020793676376342773,0.0025992095470428467,True
0,402,1784807818.3101943,8,0.020184040069580078,0.0025230050086975098,True
0,403,1784807818.330936,8,0.021538972854614258,0.0026923716068267822,True
0,404,1784807818.3528368,8,0.019863128662109375,0.002482891082763672,True
0,405,1784807818.3731492,8,0.020535945892333984,0.002566993236541748,True
0,406,1784807818.3971868,8,0.020433425903320312,0.002554178237915039,True
0,407,1784807818.418033,8,0.0211179256439209,0.0026397407054901123,True
0,408,1784807818.4408996,8,0.02105259895324707,0.002631574869155884,True
0,409,1784807818.4623878,8,0.019987821578979492,0.0024984776973724365,True
0,410,1784807818.4827456,8,0.01901412010192871,0.002376765012741089,True
0,411,1784807818.5022123,8,0.021587848663330078,0.0026984810829162598,True
0,412,1784807818.5249465,8,0.020868301391601562,0.0026085376739501953,True
0,413,1784807818.5461745,8,0.020589590072631836,0.0025736987590789795,True
0,414,1784807818.5672011,8,0.01974320411682129,0.002467900514602661,True
0,415,1784807818.5874724,8,0.019844770431518555,0.0024805963039398193,True
0,416,1784807818.6081069,8,0.021169662475585938,0.002646207809448242,True
0,417,1784807818.629943,8,0.022341251373291016,0.002792656421661377,True
0,418,1784807818.652827,8,0.019226551055908203,0.0024033188819885254,True
0,419,1784807818.6725123,8,0.01974797248840332,0.002468496561050415,True
0,420,1784807818.6927576,8,0.019617080688476562,0.0024521350860595703,True
0,421,1784807818.7133782,8,0.020387887954711914,0.0025484859943389893,True
0,422,1784807818.7342038,8,0.020911455154418945,0.002613931894302368,True
0,423,1784807818.7569718,8,0.019617080688476562,0.0024521350860595703,True
0,424,1784807818.7769036,8,0.01961970329284668,0.002452462911605835,True
0,425,1784807818.7972517,8,0.019561290740966797,0.0024451613426208496,True
0,426,1784807818.817212,8,0.021233797073364258,0.0026542246341705322,True
0,427,1784807818.839056,8,0.019390583038330078,0.0024238228797912598,True
0,428,1784807818.8588643,8,0.020076513290405273,0.002509564161300659,True
0,429,1784807818.8793654,8,0.020836591720581055,0.002604573965072632,True
0,430,1784807818.9006915,8,0.020027637481689453,0.0025034546852111816,True
0,431,1784807818.9224842,8,0.019396305084228516,0.0024245381355285645,True
0,432,1784807818.9422312,8,0.021582365036010742,0.0026977956295013428,True
0,433,1784807818.9648862,8,0.01876664161682129,0.002345830202102661,True
0,434,1784807818.9840991,8,0.02105879783630371,0.002632349729537964,True
0,435,1784807819.0062373,8,0.022435426712036133,0.0028044283390045166,True
0,436,1784807819.0296085,8,0.020727157592773438,0.0025908946990966797,True
0,437,1784807819.0509286,8,0.020520687103271484,0.0025650858879089355,True
0,438,1784807819.072137,8,0.020047664642333984,0.002505958080291748,True
0,439,1784807819.092821,8,0.019746780395507812,0.0024683475494384766,True
0,440,1784807819.1130347,8,0.021548986434936523,0.0026936233043670654,True
0,441,1784807819.1352515,8,0.020807266235351562,0.0026009082794189453,True
0,442,1784807819.1568763,8,0.020987272262573242,0.0026234090328216553,True
0,443,1784807819.1787207,8,0.02017831802368164,0.002522289752960205,True
0,444,1784807819.1994328,8,0.02007150650024414,0.0025089383125305176,True
0,445,1784807819.2198718,8,0.019693374633789062,0.002461671829223633,True
0,446,1784807819.2404785,8,0.02062392234802246,0.0025779902935028076,True
0,447,1784807819.263274,8,0.019038915634155273,0.002379864454269409,True
0,448,1784807819.2830105,8,0.019257307052612305,0.002407163381576538,True
0,449,1784807819.30267,8,0.02079319953918457,0.0025991499423980713,True
0,450,1784807819.3238482,8,0.020998716354370117,0.0026248395442962646,True
0,451,1784807819.3452456,8,0.021584749221801758,0.0026980936527252197,True
0,452,1784807819.3672724,8,0.019710540771484375,0.002463817596435547,True
0,453,1784807819.387366,8,0.020373106002807617,0.002546638250350952,True
0,454,1784807819.4083347,8,0.021257877349853516,0.0026572346687316895,True
0,455,1784807819.4300468,8,0.019726991653442383,0.002465873956680298,True
0,456,1784807819.4503517,8,0.022406578063964844,0.0028008222579956055,True
0,457,1784807819.4755743,8,0.021267414093017578,0.0026584267616271973,True
0,458,1784807819.497198,8,0.019726276397705078,0.0024657845497131348,True
0,459,1784807819.5174096,8,0.020501375198364258,0.0025626718997955322,True
0,460,1784807819.5383399,8,0.02119278907775879,0.0026490986347198486,True
0,461,1784807819.5599344,8,0.019854068756103516,0.0024817585945129395,True
0,462,1784807819.5803654,8,0.020187854766845703,0.002523481845855713,True
0,463,1784807819.6010673,8,0.01983499526977539,0.002479374408721924,True
0,464,1784807819.6212065,8,0.01950383186340332,0.002437978982925415,True
0,465,1784807819.6412084,8,0.02122020721435547,0.0026525259017944336,True
0,466,1784807819.6627922,8,0.019125938415527344,0.002390742301940918,True
0,467,1784807819.682352,8,0.02037811279296875,0.0025472640991210938,True
0,468,1784807819.703083,8,0.019913434982299805,0.0024891793727874756,True
0,469,1784807819.7234733,8,0.02048945426940918,0.0025611817836761475,True
0,470,1784807819.7449722,8,0.01910686492919922,0.0023883581161499023,True
0,471,1784807819.7644553,8,0.02032947540283203,0.002541184425354004,True
0,472,1784807819.785523,8,0.021210432052612305,0.002651304006576538,True
0,473,1784807819.8071578,8,0.019072532653808594,0.0023840665817260742,True
0,474,1784807819.8268251,8,0.018964529037475586,0.0023705661296844482,True
0,475,1784807819.846106,8,0.02066206932067871,0.002582758665084839,True
0,476,1784807819.867059,8,0.02059149742126465,0.002573937177658081,True
0,477,1784807819.8880005,8,0.019876956939697266,0.002484619617462158,True
0,478,1784807819.9082708,8,0.019509315490722656,0.002438664436340332,True
0,479,1784807819.9283009,8,0.019428491592407227,0.0024285614490509033,True
0,480,1784807819.9481041,8,0.02019667625427246,0.0025245845317840576,True
0,481,1784807819.968611,8,0.019806623458862305,0.002475827932357788,True
0,482,1784807819.9891312,8,0.02147197723388672,0.00268399715423584,True
0,483,1784807820.0113282,8,0.02047276496887207,0.002559095621109009,True
0,484,1784807820.032292,8,0.01846623420715332,0.002308279275894165,True
0,485,1784807820.051222,8,0.022145748138427734,0.002768218517303467,True
0,486,1784807820.0737538,8,0.0208590030670166,0.002607375383377075,True
0,487,1784807820.0949173,8,0.01879715919494629,0.002349644899368286,True
0,488,1784807820.1141133,8,0.02076435089111328,0.00259554386138916,True
0,489,1784807820.1356952,8,0.018927812576293945,0.002365976572036743,True
0,490,1784807820.1549463,8,0.020309925079345703,0.002538740634918213,True
0,491,1784807820.1756847,8,0.01919841766357422,0.0023998022079467773,True
0,492,1784807820.1953144,8,0.02141094207763672,0.00267636775970459,True
0,493,1784807820.2172973,8,0.02077174186706543,0.0025964677333831787,True
0,494,1784807820.2386363,8,0.018444061279296875,0.0023055076599121094,True
0,495,1784807820.2573636,8,0.020299196243286133,0.0025373995304107666,True
0,496,1784807820.2779343,8,0.020227909088134766,0.0025284886360168457,True
0,497,1784807820.298529,8,0.02048802375793457,0.0025610029697418213,True
0,498,1784807820.3192987,8,0.01941990852355957,0.0024274885654449463,True
0,499,1784807820.3391876,8,0.020044565200805664,0.002505570650100708,True
0,500,1784807820.3599937,8,0.02044677734375,0.00255584716796875,True
0,501,1784807820.3808675,8,0.02101612091064453,0.0026270151138305664,True
0,502,1784807820.4023004,8,0.020044326782226562,0.0025055408477783203,True
0,503,1784807820.4226325,8,0.019662141799926758,0.0024577677249908447,True
0,504,1784807820.4426138,8,0.020770788192749023,0.002596348524093628,True
0,505,1784807820.4637392,8,0.022380590438842773,0.0027975738048553467,True
0,506,1784807820.4865284,8,0.018409252166748047,0.002301156520843506,True
0,507,1784807820.5053582,8,0.02030491828918457,0.0025381147861480713,True
0,508,1784807820.5261087,8,0.019436120986938477,0.0024295151233673096,True
0,509,1784807820.5458343,8,0.021268367767333984,0.002658545970916748,True
0,510,1784807820.5678732,8,0.01925206184387207,0.002406507730484009,True
0,511,1784807820.587701,8,0.0211489200592041,0.0026436150074005127,True
0,512,1784807820.6093118,8,0.019013643264770508,0.0023767054080963135,True
0,513,1784807820.6288135,8,0.021461009979248047,0.002682626247406006,True
0,514,1784807820.6508365,8,0.020267724990844727,0.002533465623855591,True
0,515,1784807820.671434,8,0.02007746696472168,0.00250968337059021,True
0,516,1784807820.6920898,8,0.021413803100585938,0.002676725387573242,True
0,517,1784807820.7139378,8,0.021331310272216797,0.0026664137840270996,True
0,518,1784807820.7356725,8,0.019689559936523438,0.0024611949920654297,True
0,519,1784807820.7557642,8,0.021974802017211914,0.0027468502521514893,True
0,520,1784807820.7781432,8,0.01830601692199707,0.002288252115249634,True
0,521,1784807820.7968023,8,0.018839120864868164,0.0023548901081085205,True
0,522,1784807820.8159935,8,0.019070148468017578,0.0023837685585021973,True
0,523,1784807820.8354776,8,0.02165961265563965,0.002707451581954956,True
0,524,1784807820.8575072,8,0.020404815673828125,0.0025506019592285156,True
0,525,1784807820.8783076,8,0.02027106285095215,0.0025338828563690186,True
0,526,1784807820.8989704,8,0.020212173461914062,0.002526521682739258,True
0,527,1784807820.9195914,8,0.01995062828063965,0.002493828535079956,True
0,528,1784807820.940087,8,0.019091129302978516,0.0023863911628723145,True
0,529,1784807820.9595346,8,0.021149396896362305,0.002643674612045288,True
0,530,1784807820.9812784,8,0.018662691116333008,0.002332836389541626,True
0,531,1784807821.000254,8,0.019144058227539062,0.002393007278442383,True
0,532,1784807821.0200832,8,0.01907658576965332,0.002384573221206665,True
0,533,1784807821.039514,8,0.02123284339904785,0.0026541054248809814,True
0,534,1784807821.0610507,8,0.020690441131591797,0.0025863051414489746,True
0,535,1784807821.0820935,8,0.018842697143554688,0.002355337142944336,True
0,536,1784807821.1015887,8,0.02034902572631836,0.002543628215789795,True
0,537,1784807821.122347,8,0.02026200294494629,0.002532750368118286,True
0,538,1784807821.1431394,8,0.0212857723236084,0.00266072154045105,True
0,539,1784807821.1648197,8,0.020603179931640625,0.002575397491455078,True
0,540,1784807821.1858482,8,0.01995396614074707,0.002494245767593384,True
0,541,1784807821.2064784,8,0.019974946975708008,0.002496868371963501,True
0,542,1784807821.2271101,8,0.02080249786376953,0.0026003122329711914,True
0,543,1784807821.248518,8,0.019420862197875977,0.002427607774734497,True
0,544,1784807821.2684233,8,0.021300792694091797,0.0026625990867614746,True
0,545,1784807821.2901354,8,0.020926713943481445,0.0026158392429351807,True
0,546,1784807821.3119137,8,0.02061748504638672,0.00257718563079834,True
0,547,1784807821.3328538,8,0.01962447166442871,0.002453058958053589,True
0,548,1784807821.3528504,8,0.02093648910522461,0.002617061138153076,True
0,549,1784807821.374106,8,0.019756555557250977,0.002469569444656372,True
0,550,1784807821.3942122,8,0.02007579803466797,0.002509474754333496,True
0,551,1784807821.4146314,8,0.020575284957885742,0.0025719106197357178,True
0,552,1784807821.4355893,8,0.02142930030822754,0.0026786625385284424,True
0,553,1784807821.4573429,8,0.02135944366455078,0.0026699304580688477,True
0,554,1784807821.4790869,8,0.020807981491088867,0.0026009976863861084,True
0,555,1784807821.500938,8,0.019604206085205078,0.0024505257606506348,True
0,556,1784807821.5209653,8,0.019467592239379883,0.0024334490299224854,True
0,557,1784807821.5410986,8,0.019335269927978516,0.0024169087409973145,True
0,558,1784807821.560784,8,0.019777536392211914,0.0024721920490264893,True
0,559,1784807821.5809805,8,0.022502899169921875,0.0028128623962402344,True
0,560,1784807821.6039646,8,0.019579410552978516,0.0024474263191223145,True
0,561,1784807821.6243079,8,0.02112722396850586,0.0026409029960632324,True
0,562,1784807821.6468477,8,0.020516395568847656,0.002564549446105957,True
0,563,1784807821.6681042,8,0.019767284393310547,0.0024709105491638184,True
0,564,1784807821.6882286,8,0.020613431930541992,0.002576678991317749,True
0,565,1784807821.7091322,8,0.019715309143066406,0.0024644136428833008,True
0,566,1784807821.7291546,8,0.019922256469726562,0.0024902820587158203,True
0,567,1784807821.749438,8,0.020254850387573242,0.0025318562984466553,True
0,568,1784807821.7702157,8,0.021139144897460938,0.002642393112182617,True
0,569,1784807821.7919686,8,0.01907825469970703,0.002384781837463379,True
0,570,1784807821.8114324,8,0.020096540451049805,0.0025120675563812256,True
0,571,1784807821.831986,8,0.020200490951538086,0.0025250613689422607,True
0,572,1784807821.852552,8,0.01961684226989746,0.0024521052837371826,True
0,573,1784807821.8727381,8,0.02031397819519043,0.0025392472743988037,True
0,574,1784807821.893567,8,0.021432161331176758,0.0026790201663970947,True
0,575,1784807821.9154391,8,0.01918482780456543,0.0023981034755706787,True
0,576,1784807821.9349766,8,0.022216081619262695,0.002777010202407837,True
0,577,1784807821.9575233,8,0.019852638244628906,0.0024815797805786133,True
0,578,1784807821.9778163,8,0.020400524139404297,0.002550065517425537,True
0,579,1784807821.9985294,8,0.020481586456298828,0.0025601983070373535,True
0,580,1784807822.019271,8,0.019688129425048828,0.0024610161781311035,True
0,581,1784807822.039438,8,0.021396875381469727,0.002674609422683716,True
0,582,1784807822.0612118,8,0.019191980361938477,0.0023989975452423096,True
0,583,1784807822.0807657,8,0.020154714584350586,0.0025193393230438232,True
0,584,1784807822.1013224,8,0.020878314971923828,0.0026097893714904785,True
0,585,1784807822.1226668,8,0.019168376922607422,0.0023960471153259277,True
0,586,1784807822.1421547,8,0.01994490623474121,0.0024931132793426514,True
0,587,1784807822.162457,8,0.02039170265197754,0.0025489628314971924,True
0,588,1784807822.183185,8,0.020859956741333008,0.002607494592666626,True
0,589,1784807822.204278,8,0.020371198654174805,0.0025463998317718506,True
0,590,1784807822.2249691,8,0.021732568740844727,0.002716571092605591,True
0,591,1784807822.2470894,8,0.020636320114135742,0.0025795400142669678,True
0,592,1784807822.2681398,8,0.020241260528564453,0.0025301575660705566,True
0,593,1784807822.2887225,8,0.019910097122192383,0.002488762140274048,True
0,594,1784807822.3089678,8,0.019768476486206055,0.002471059560775757,True
0,595,1784807822.3292902,8,0.0211334228515625,0.0026416778564453125,True
0,596,1784807822.3507373,8,0.02179574966430664,0.00272446870803833,True
0,597,1784807822.372953,8,0.020465373992919922,0.0025581717491149902,True
0,598,1784807822.3938794,8,0.019800186157226562,0.0024750232696533203,True
0,599,1784807822.4144456,8,0.02017068862915039,0.002521336078643799,True
0,600,1784807822.4351346,8,0.020257234573364258,0.0025321543216705322,True
0,601,1784807822.4557762,8,0.021495819091796875,0.0026869773864746094,True
0,602,1784807822.4778197,8,0.020041942596435547,0.0025052428245544434,True
0,603,1784807822.4982545,8,0.02010321617126465,0.002512902021408081,True
0,604,1784807822.5187201,8,0.021559476852416992,0.002694934606552124,True
0,605,1784807822.5407968,8,0.01952075958251953,0.0024400949478149414,True
0,606,1784807822.5615425,8,0.0205843448638916,0.00257304310798645,True
0,607,1784807822.5826225,8,0.02001190185546875,0.0025014877319335938,True
0,608,1784807822.6031263,8,0.01876521110534668,0.002345651388168335,True
0,609,1784807822.622254,8,0.020867586135864258,0.0026084482669830322,True
0,610,1784807822.6435153,8,0.019585609436035156,0.0024482011795043945,True
0,611,1784807822.663391,8,0.020788908004760742,0.0025986135005950928,True
0,612,1784807822.6844728,8,0.01977396011352539,0.002471745014190674,True
0,613,1784807822.704802,8,0.018811464309692383,0.002351433038711548,True
0,614,1784807822.723968,8,0.020500659942626953,0.002562582492828369,True
0,615,1784807822.7448096,8,0.01976466178894043,0.0024705827236175537,True
0,616,1784807822.76491,8,0.022170543670654297,0.002771317958831787,True
0,617,1784807822.7875955,8,0.01883697509765625,0.0023546218872070312,True
0,618,1784807822.8068967,8,0.019541025161743164,0.0024426281452178955,True
0,619,1784807822.8269968,8,0.02171158790588379,0.0027139484882354736,True
0,620,1784807822.8495512,8,0.01988959312438965,0.002486199140548706,True
0,621,1784807822.8697686,8,0.023391008377075195,0.0029238760471343994,True
0,622,1784807822.8935475,8,0.01830887794494629,0.002288609743118286,True
0,623,1784807822.9121158,8,0.020521879196166992,0.002565234899520874,True
0,624,1784807822.9331214,8,0.01887345314025879,0.0023591816425323486,True
0,625,1784807822.9524524,8,0.02014327049255371,0.002517908811569214,True
0,626,1784807822.9730086,8,0.019806623458862305,0.002475827932357788,True
0,627,1784807822.9932363,8,0.01825690269470215,0.0022821128368377686,True
0,628,1784807823.011859,8,0.02118682861328125,0.0026483535766601562,True
0,629,1784807823.0332851,8,0.020915985107421875,0.0026144981384277344,True
0,630,1784807823.0544705,8,0.019074678421020508,0.0023843348026275635,True
0,631,1784807823.0741477,8,0.021161317825317383,0.002645164728164673,True
0,632,1784807823.0958335,8,0.02103114128112793,0.002628892660140991,True
0,633,1784807823.1172438,8,0.02217245101928711,0.0027715563774108887,True
0,634,1784807823.1397817,8,0.01998734474182129,0.002498418092727661,True
0,635,1784807823.1603234,8,0.022843122482299805,0.0028553903102874756,True
0,636,1784807823.183465,8,0.019312381744384766,0.0024140477180480957,True
0,637,1784807823.203162,8,0.0201113224029541,0.0025139153003692627,True
0,638,1784807823.2236025,8,0.021080732345581055,0.002635091543197632,True
0,639,1784807823.244956,8,0.01945948600769043,0.0024324357509613037,True
0,640,1784807823.2648177,8,0.022227764129638672,0.002778470516204834,True
0,641,1784807823.2873836,8,0.019419431686401367,0.002427428960800171,True
0,642,1784807823.3071017,8,0.022063732147216797,0.0027579665184020996,True
0,643,1784807823.3296018,8,0.019709348678588867,0.0024636685848236084,True
0,644,1784807823.3499038,8,0.019862890243530273,0.002482861280441284,True
0,645,1784807823.3703997,8,0.020252227783203125,0.0025315284729003906,True
0,646,1784807823.3914359,8,0.020433664321899414,0.0025542080402374268,True
0,647,1784807823.412232,8,0.02105116844177246,0.0026313960552215576,True
0,648,1784807823.433644,8,0.022013425827026367,0.002751678228378296,True
0,649,1784807823.4559863,8,0.019852399826049805,0.0024815499782562256,True
0,650,1784807823.4762304,8,0.020490169525146484,0.0025612711906433105,True
0,651,1784807823.4971132,8,0.020250797271728516,0.0025313496589660645,True
0,652,1784807823.5176806,8,0.019976139068603516,0.0024970173835754395,True
0,653,1784807823.5380461,8,0.020006179809570312,0.002500772476196289,True
0,654,1784807823.5584395,8,0.020319223403930664,0.002539902925491333,True
0,655,1784807823.5791206,8,0.020240306854248047,0.002530038356781006,True
0,656,1784807823.59972,8,0.02132248878479004,0.002665311098098755,True
0,657,1784807823.6214683,8,0.01920342445373535,0.002400428056716919,True
0,658,1784807823.6409209,8,0.023285627365112305,0.002910703420639038,True
0,659,1784807823.6645906,8,0.02216625213623047,0.0027707815170288086,True
0,660,1784807823.6870575,8,0.02340078353881836,0.002925097942352295,True
0,661,1784807823.710778,8,0.018121004104614258,0.0022651255130767822,True
0,662,1784807823.729612,8,0.02136993408203125,0.0026712417602539062,True
0,663,1784807823.7514427,8,0.02092289924621582,0.0026153624057769775,True
0,664,1784807823.77264,8,0.020421504974365234,0.0025526881217956543,True
0,665,1784807823.793429,8,0.02066349983215332,0.002582937479019165,True
0,666,1784807823.8144155,8,0.020801067352294922,0.0026001334190368652,True
0,667,1784807823.835498,8,0.02045607566833496,0.00255700945854187,True
0,668,1784807823.8563197,8,0.019967079162597656,0.002495884895324707,True
0,669,1784807823.8766305,8,0.019445180892944336,0.002430647611618042,True
0,670,1784807823.8964157,8,0.019104957580566406,0.0023881196975708008,True
0,671,1784807823.9159386,8,0.019639015197753906,0.0024548768997192383,True
0,672,1784807823.9360127,8,0.02085423469543457,0.0026067793369293213,True
0,673,1784807823.9571195,8,0.02025008201599121,0.0025312602519989014,True
0,674,1784807823.977745,8,0.019894123077392578,0.0024867653846740723,True
0,675,1784807823.9980838,8,0.01982593536376953,0.0024782419204711914,True
0,676,1784807824.0182238,8,0.021162033081054688,0.002645254135131836,True
0,677,1784807824.0397885,8,0.02102947235107422,0.0026286840438842773,True
0,678,1784807824.0611315,8,0.018419742584228516,0.0023024678230285645,True
0,679,1784807824.080048,8,0.020590543746948242,0.0025738179683685303,True
0,680,1784807824.1009135,8,0.02014780044555664,0.00251847505569458,True
0,681,1784807824.1213386,8,0.02098870277404785,0.0026235878467559814,True
0,682,1784807824.1427257,8,0.01924443244934082,0.0024055540561676025,True
0,683,1784807824.1623564,8,0.0217440128326416,0.0027180016040802,True
0,684,1784807824.1845129,8,0.018809080123901367,0.002351135015487671,True
0,685,1784807824.203868,8,0.020835399627685547,0.0026044249534606934,True
0,686,1784807824.2250435,8,0.02195119857788086,0.0027438998222351074,True
0,687,1784807824.2472982,8,0.01905202865600586,0.0023815035820007324,True
0,688,1784807824.2667274,8,0.018878698348999023,0.002359837293624878,True
0,689,1784807824.2858815,8,0.02654290199279785,0.0033178627490997314,True
0,690,1784807824.3131998,8,0.017691612243652344,0.002211451530456543,True
0,691,1784807824.3314018,8,0.020191192626953125,0.0025238990783691406,True
0,692,1784807824.3519826,8,0.020432472229003906,0.0025540590286254883,True
0,693,1784807824.373008,8,0.01964282989501953,0.0024553537368774414,True
0,694,1784807824.3931653,8,0.018290281295776367,0.002286285161972046,True
0,695,1784807824.4118729,8,0.020760536193847656,0.002595067024230957,True
0,696,1784807824.4330091,8,0.021124839782714844,0.0026406049728393555,True
0,697,1784807824.4544256,8,0.020628690719604492,0.0025785863399505615,True
0,698,1784807824.4754634,8,0.018838882446289062,0.002354860305786133,True
0,699,1784807824.4946787,8,0.01947188377380371,0.002433985471725464,True
0,700,1784807824.514424,8,0.020270109176635742,0.0025337636470794678,True
0,701,1784807824.5351214,8,0.022154808044433594,0.0027693510055541992,True
0,702,1784807824.5575929,8,0.021522045135498047,0.002690255641937256,True
0,703,1784807824.5794928,8,0.02019953727722168,0.00252494215965271,True
0,704,1784807824.600047,8,0.022617101669311523,0.0028271377086639404,True
0,705,1784807824.6229534,8,0.020275354385375977,0.002534419298171997,True
0,706,1784807824.6435993,8,0.0191650390625,0.0023956298828125,True
0,707,1784807824.6631153,8,0.019962787628173828,0.0024953484535217285,True
0,708,1784807824.6836164,8,0.01865386962890625,0.0023317337036132812,True
0,709,1784807824.7026207,8,0.020058631896972656,0.002507328987121582,True
0,710,1784807824.7230535,8,0.019795894622802734,0.002474486827850342,True
0,711,1784807824.7432182,8,0.0193631649017334,0.002420395612716675,True
0,712,1784807824.762946,8,0.020998001098632812,0.0026247501373291016,True
0,713,1784807824.7842677,8,0.01880955696105957,0.0023511946201324463,True
0,714,1784807824.8034122,8,0.020632505416870117,0.0025790631771087646,True
0,715,1784807824.8244953,8,0.019695758819580078,0.0024619698524475098,True
0,716,1784807824.8446627,8,0.022138118743896484,0.0027672648429870605,True
0,717,1784807824.8673136,8,0.01870584487915039,0.002338230609893799,True
0,718,1784807824.8862724,8,0.020815610885620117,0.0026019513607025146,True
0,719,1784807824.907392,8,0.02024364471435547,0.0025304555892944336,True
0,720,1784807824.9279525,8,0.0205228328704834,0.002565354108810425,True
0,721,1784807824.9488187,8,0.020298242568969727,0.002537280321121216,True
0,722,1784807824.9695954,8,0.02205657958984375,0.0027570724487304688,True
0,723,1784807824.9919076,8,0.019245386123657227,0.0024056732654571533,True
0,724,1784807825.0115478,8,0.019030094146728516,0.0023787617683410645,True
0,725,1784807825.030885,8,0.0216982364654541,0.0027122795581817627,True
0,726,1784807825.0530643,8,0.019154787063598633,0.002394348382949829,True
0,727,1784807825.0725684,8,0.020244598388671875,0.0025305747985839844,True
0,728,1784807825.0931644,8,0.019700050354003906,0.0024625062942504883,True
0,729,1784807825.1132731,8,0.02382802963256836,0.002978503704071045,True
0,730,1784807825.1374226,8,0.018890857696533203,0.0023613572120666504,True
0,731,1784807825.1566567,8,0.02013373374938965,0.002516716718673706,True
0,732,1784807825.1771646,8,0.020029544830322266,0.002503693103790283,True
0,733,1784807825.1975439,8,0.019908905029296875,0.0024886131286621094,True
0,734,1784807825.217904,8,0.018830060958862305,0.002353757619857788,True
0,735,1784807825.237261,8,0.02095508575439453,0.0026193857192993164,True
0,736,1784807825.2585077,8,0.0202028751373291,0.0025253593921661377,True
0,737,1784807825.2792315,8,0.021271944046020508,0.0026589930057525635,True
0,738,1784807825.3013964,8,0.0202181339263916,0.00252726674079895,True
0,739,1784807825.3220072,8,0.020587921142578125,0.0025734901428222656,True
0,740,1784807825.3429813,8,0.02026200294494629,0.002532750368118286,True
0,741,1784807825.3635874,8,0.021591901779174805,0.0026989877223968506,True
0,742,1784807825.385618,8,0.01993083953857422,0.0024913549423217773,True
0,743,1784807825.4059124,8,0.02053689956665039,0.002567112445831299,True
0,744,1784807825.4268515,8,0.022742509841918945,0.002842813730239868,True
0,745,1784807825.4500742,8,0.02028965950012207,0.002536207437515259,True
0,746,1784807825.4706676,8,0.019418001174926758,0.0024272501468658447,True
0,747,1784807825.4906802,8,0.020284414291381836,0.0025355517864227295,True
0,748,1784807825.5113535,8,0.019793987274169922,0.0024742484092712402,True
0,749,1784807825.5314763,8,0.019263267517089844,0.0024079084396362305,True
0,750,1784807825.5515172,8,0.02130579948425293,0.002663224935531616,True
0,751,1784807825.5733953,8,0.020303964614868164,0.0025379955768585205,True
0,752,1784807825.5941212,8,0.018978118896484375,0.002372264862060547,True
0,753,1784807825.6134467,8,0.019058942794799805,0.0023823678493499756,True
0,754,1784807825.6327975,8,0.021349191665649414,0.0026686489582061768,True
0,755,1784807825.6544855,8,0.0203855037689209,0.0025481879711151123,True
0,756,1784807825.675327,8,0.020457029342651367,0.002557128667831421,True
0,757,1784807825.6961384,8,0.019075393676757812,0.0023844242095947266,True
0,758,1784807825.7155318,8,0.02132701873779297,0.002665877342224121,True
0,759,1784807825.7372997,8,0.0212099552154541,0.0026512444019317627,True
0,760,1784807825.7593951,8,0.020302772521972656,0.002537846565246582,True
0,761,1784807825.7800543,8,0.021025657653808594,0.0026282072067260742,True
0,762,1784807825.8014755,8,0.02059006690979004,0.002573758363723755,True
0,763,1784807825.822553,8,0.01872730255126953,0.0023409128189086914,True
0,764,1784807825.8417027,8,0.02110767364501953,0.0026384592056274414,True
0,765,1784807825.8633723,8,0.02002429962158203,0.002503037452697754,True
0,766,1784807825.8844001,8,0.020063400268554688,0.002507925033569336,True
0,767,1784807825.9048185,8,0.02099323272705078,0.0026241540908813477,True
0,768,1784807825.9263172,8,0.019193410873413086,0.0023991763591766357,True
0,769,1784807825.9458838,8,0.018819570541381836,0.0023524463176727295,True
0,770,1784807825.9650753,8,0.02082657814025879,0.0026033222675323486,True
0,771,1784807825.986245,8,0.02021503448486328,0.00252687931060791,True
0,772,1784807826.0068278,8,0.02239203453063965,0.002799004316329956,True
0,773,1784807826.030362,8,0.016207218170166016,0.002025902271270752,True
0,774,1784807826.0468898,8,0.020926475524902344,0.002615809440612793,True
0,775,1784807826.0683074,8,0.018360376358032227,0.0022950470447540283,True
0,776,1784807826.0869794,8,0.018671035766601562,0.0023338794708251953,True
0,777,1784807826.1059084,8,0.02151799201965332,0.002689749002456665,True
0,778,1784807826.1276898,8,0.02068185806274414,0.0025852322578430176,True
0,779,1784807826.148847,8,0.022370100021362305,0.002796262502670288,True
0,780,1784807826.1717043,8,0.020175933837890625,0.002521991729736328,True
0,781,1784807826.192253,8,0.020351648330688477,0.0025439560413360596,True
0,782,1784807826.2129033,8,0.020673751831054688,0.002584218978881836,True
0,783,1784807826.2342036,8,0.021097660064697266,0.002637207508087158,True
0,784,1784807826.255758,8,0.019867658615112305,0.002483457326889038,True
0,785,1784807826.276241,8,0.020616769790649414,0.0025770962238311768,True
0,786,1784807826.297377,8,0.019923925399780273,0.002490490674972534,True
0,787,1784807826.318075,8,0.02155327796936035,0.002694159746170044,True
0,788,1784807826.3400164,8,0.022641420364379883,0.0028301775455474854,True
0,789,1784807826.363832,8,0.020228862762451172,0.0025286078453063965,True
0,790,1784807826.3845232,8,0.023607492446899414,0.0029509365558624268,True
0,791,1784807826.4101949,8,0.019902944564819336,0.002487868070602417,True
0,792,1784807826.43042,8,0.01918339729309082,0.0023979246616363525,True
0,793,1784807826.4500816,8,0.019372224807739258,0.0024215281009674072,True
0,794,1784807826.4699037,8,0.020243406295776367,0.002530425786972046,True
0,795,1784807826.4904432,8,0.01944255828857422,0.0024303197860717773,True
0,796,1784807826.510205,8,0.0209810733795166,0.002622634172439575,True
0,797,1784807826.5314658,8,0.019894838333129883,0.0024868547916412354,True
0,798,1784807826.5517669,8,0.021667957305908203,0.0027084946632385254,True
0,799,1784807826.5737813,8,0.02209639549255371,0.002762049436569214,True
0,800,1784807826.5970197,8,0.020000219345092773,0.0025000274181365967,True
0,801,1784807826.6174815,8,0.023682594299316406,0.0029603242874145508,True
0,802,1784807826.6415315,8,0.020960330963134766,0.0026200413703918457,True
0,803,1784807826.6628325,8,0.019413232803344727,0.002426654100418091,True
0,804,1784807826.682702,8,0.02007293701171875,0.0025091171264648438,True
0,805,1784807826.7031405,8,0.019617557525634766,0.0024521946907043457,True
0,806,1784807826.723162,8,0.022075891494750977,0.002759486436843872,True
0,807,1784807826.7455735,8,0.020301103591918945,0.002537637948989868,True
0,808,1784807826.76625,8,0.018984317779541016,0.002373039722442627,True
0,809,1784807826.785642,8,0.020241737365722656,0.002530217170715332,True
0,810,1784807826.806297,8,0.0204160213470459,0.0025520026683807373,True
0,811,1784807826.8271039,8,0.02022576332092285,0.0025282204151153564,True
0,812,1784807826.8476486,8,0.021530628204345703,0.002691328525543213,True
0,813,1784807826.8695447,8,0.019648313522338867,0.0024560391902923584,True
0,814,1784807826.889479,8,0.020296812057495117,0.0025371015071868896,True
0,815,1784807826.9101279,8,0.020548343658447266,0.002568542957305908,True
0,816,1784807826.9312406,8,0.0224759578704834,0.002809494733810425,True
0,817,1784807826.954136,8,0.02246546745300293,0.002808183431625366,True
0,818,1784807826.9770591,8,0.019739627838134766,0.0024674534797668457,True
0,819,1784807826.9972367,8,0.0199434757232666,0.002492934465408325,True
0,820,1784807827.0177085,8,0.019431114196777344,0.002428889274597168,True
0,821,1784807827.0375118,8,0.020214080810546875,0.0025267601013183594,True
0,822,1784807827.058128,8,0.019361495971679688,0.002420186996459961,True
0,823,1784807827.0780096,8,0.019909143447875977,0.002488642930984497,True
0,824,1784807827.0984619,8,0.020263671875,0.002532958984375,True
0,825,1784807827.119073,8,0.02403569221496582,0.0030044615268707275,True
0,826,1784807827.1433997,8,0.020576000213623047,0.002572000026702881,True
0,827,1784807827.1643052,8,0.019310712814331055,0.002413839101791382,True
0,828,1784807827.1840842,8,0.02016448974609375,0.0025205612182617188,True
0,829,1784807827.2045846,8,0.018740177154541016,0.002342522144317627,True
0,830,1784807827.2235844,8,0.021809816360473633,0.002726227045059204,True
0,831,1784807827.2458048,8,0.0201261043548584,0.0025157630443573,True
0,832,1784807827.2663531,8,0.019370555877685547,0.0024213194847106934,True
0,833,1784807827.2861505,8,0.01994919776916504,0.00249364972114563,True
0,834,1784807827.3064506,8,0.02042841911315918,0.0025535523891448975,True
0,835,1784807827.327703,8,0.0193936824798584,0.0024242103099823,True
0,836,1784807827.347582,8,0.021902084350585938,0.002737760543823242,True
0,837,1784807827.3698437,8,0.020737171173095703,0.002592146396636963,True
0,838,1784807827.3909168,8,0.020360946655273438,0.0025451183319091797,True
0,839,1784807827.4117618,8,0.019191265106201172,0.0023989081382751465,True
0,840,1784807827.4313636,8,0.019709110260009766,0.0024636387825012207,True
0,841,1784807827.4515235,8,0.019391298294067383,0.002423912286758423,True
0,842,1784807827.4711885,8,0.01976799964904785,0.0024709999561309814,True
0,843,1784807827.4912765,8,0.0213162899017334,0.002664536237716675,True
0,844,1784807827.5135372,8,0.019986867904663086,0.0024983584880828857,True
0,845,1784807827.533863,8,0.01993274688720703,0.002491593360900879,True
0,846,1784807827.5541482,8,0.021930932998657227,0.0027413666248321533,True
0,847,1784807827.5763752,8,0.0204927921295166,0.002561599016189575,True
0,848,1784807827.5971823,8,0.020580768585205078,0.0025725960731506348,True
0,849,1784807827.6182115,8,0.019098758697509766,0.0023873448371887207,True
0,850,1784807827.6375995,8,0.021009445190429688,0.002626180648803711,True
0,851,1784807827.6589882,8,0.019399642944335938,0.002424955368041992,True
0,852,1784807827.6790922,8,0.02131962776184082,0.0026649534702301025,True
0,853,1784807827.7010744,8,0.02106332778930664,0.00263291597366333,True
0,854,1784807827.7224905,8,0.01949596405029297,0.002436995506286621,True
0,855,1784807827.7424119,8,0.020294904708862305,0.002536863088607788,True
0,856,1784807827.7630355,8,0.019140005111694336,0.002392500638961792,True
0,857,1784807827.7826295,8,0.020620346069335938,0.002577543258666992,True
0,858,1784807827.8035626,8,0.018819332122802734,0.002352416515350342,True
0,859,1784807827.8228948,8,0.018609046936035156,0.0023261308670043945,True
0,860,1784807827.8418388,8,0.02132725715637207,0.002665907144546509,True
0,861,1784807827.8635101,8,0.020059585571289062,0.002507448196411133,True
0,862,1784807827.8839743,8,0.019644737243652344,0.002455592155456543,True
0,863,1784807827.9038975,8,0.021229028701782227,0.0026536285877227783,True
0,864,1784807827.925539,8,0.019968271255493164,0.0024960339069366455,True
0,865,1784807827.945822,8,0.020032405853271484,0.0025040507316589355,True
0,866,1784807827.9662077,8,0.02089548110961914,0.0026119351387023926,True
0,867,1784807827.987388,8,0.018297672271728516,0.0022872090339660645,True
0,868,1784807828.006096,8,0.020937204360961914,0.0026171505451202393,True
0,869,1784807828.0273345,8,0.019667387008666992,0.002458423376083374,True
0,870,1784807828.0473225,8,0.021451473236083984,0.002681434154510498,True
0,871,1784807828.0691617,8,0.019996166229248047,0.002499520778656006,True
0,872,1784807828.0895205,8,0.018721818923950195,0.0023402273654937744,True
0,873,1784807828.108515,8,0.02059769630432129,0.002574712038040161,True
0,874,1784807828.1294227,8,0.01829814910888672,0.00228726863861084,True
0,875,1784807828.1480474,8,0.020189762115478516,0.0025237202644348145,True
0,876,1784807828.1688235,8,0.019777297973632812,0.0024721622467041016,True
0,877,1784807828.1889858,8,0.019860267639160156,0.0024825334548950195,True
0,878,1784807828.2092624,8,0.020501375198364258,0.0025626718997955322,True
0,879,1784807828.230158,8,0.020020484924316406,0.0025025606155395508,True
0,880,1784807828.2504568,8,0.02086806297302246,0.0026085078716278076,True
0,881,1784807828.271606,8,0.021502256393432617,0.002687782049179077,True
0,882,1784807828.29369,8,0.020059823989868164,0.0025074779987335205,True
0,883,1784807828.3141253,8,0.02077960968017578,0.0025974512100219727,True
0,884,1784807828.3353379,8,0.019445180892944336,0.002430647611618042,True
0,885,1784807828.3550847,8,0.020210742950439453,0.0025263428688049316,True
0,886,1784807828.375852,8,0.018878698348999023,0.002359837293624878,True
0,887,1784807828.3951705,8,0.01991128921508789,0.0024889111518859863,True
0,888,1784807828.415402,8,0.020499467849731445,0.0025624334812164307,True
0,889,1784807828.4362571,8,0.020862579345703125,0.0026078224182128906,True
0,890,1784807828.457401,8,0.019861221313476562,0.0024826526641845703,True
0,891,1784807828.477626,8,0.019832849502563477,0.0024791061878204346,True
0,892,1784807828.498235,8,0.020970821380615234,0.0026213526725769043,True
0,893,1784807828.5202782,8,0.021221160888671875,0.0026526451110839844,True
0,894,1784807828.5418339,8,0.020614147186279297,0.002576768398284912,True
0,895,1784807828.5628934,8,0.01975536346435547,0.0024694204330444336,True
0,896,1784807828.5830073,8,0.021573781967163086,0.0026967227458953857,True
0,897,1784807828.6054325,8,0.01997542381286621,0.0024969279766082764,True
0,898,1784807828.625942,8,0.018234729766845703,0.002279341220855713,True
0,899,1784807828.6445377,8,0.020418167114257812,0.0025522708892822266,True
0,900,1784807828.6652377,8,0.0196533203125,0.0024566650390625,True
0,901,1784807828.6852422,8,0.021203041076660156,0.0026503801345825195,True
0,902,1784807828.7071064,8,0.020043134689331055,0.002505391836166382,True
0,903,1784807828.7275894,8,0.019247055053710938,0.002405881881713867,True
0,904,1784807828.7472703,8,0.021889925003051758,0.0027362406253814697,True
0,905,1784807828.769482,8,0.02001047134399414,0.0025013089179992676,True
0,906,1784807828.789762,8,0.020753860473632812,0.0025942325592041016,True
0,907,1784807828.810924,8,0.019369125366210938,0.002421140670776367,True
0,908,1784807828.8306026,8,0.01867079734802246,0.0023338496685028076,True
0,909,1784807828.849618,8,0.022246122360229492,0.0027807652950286865,True
0,910,1784807828.8722293,8,0.020235776901245117,0.0025294721126556396,True
0,911,1784807828.8927126,8,0.020907878875732422,0.0026134848594665527,True
0,912,1784807828.9140167,8,0.021697521209716797,0.0027121901512145996,True
0,913,1784807828.9361138,8,0.019875526428222656,0.002484440803527832,True
0,914,1784807828.9563491,8,0.020355224609375,0.002544403076171875,True
0,915,1784807828.9771023,8,0.02105402946472168,0.00263175368309021,True
0,916,1784807828.9985232,8,0.020028114318847656,0.002503514289855957,True
0,917,1784807829.0189319,8,0.021999835968017578,0.0027499794960021973,True
0,918,1784807829.0413105,8,0.01891636848449707,0.002364546060562134,True
0,919,1784807829.0605862,8,0.022675037384033203,0.0028343796730041504,True
0,920,1784807829.0837452,8,0.01923227310180664,0.00240403413772583,True
0,921,1784807829.103396,8,0.02025771141052246,0.0025322139263153076,True
0,922,1784807829.1239693,8,0.02053689956665039,0.002567112445831299,True
0,923,1784807829.14485,8,0.020318031311035156,0.0025397539138793945,True
0,924,1784807829.1654437,8,0.01913309097290039,0.002391636371612549,True
0,925,1784807829.1849773,8,0.018393516540527344,0.002299189567565918,True
0,926,1784807829.2040544,8,0.021448373794555664,0.002681046724319458,True
0,927,1784807829.225899,8,0.022382259368896484,0.0027977824211120605,True
0,928,1784807829.249156,8,0.01954817771911621,0.0024435222148895264,True
0,929,1784807829.2703805,8,0.019582509994506836,0.0024478137493133545,True
0,930,1784807829.2903693,8,0.01955103874206543,0.0024438798427581787,True
0,931,1784807829.3103635,8,0.019160747528076172,0.0023950934410095215,True
0,932,1784807829.3299036,8,0.020495176315307617,0.002561897039413452,True
0,933,1784807829.350739,8,0.01999354362487793,0.002499192953109741,True
0,934,1784807829.3710938,8,0.019223928451538086,0.0024029910564422607,True
0,935,1784807829.390882,8,0.02148747444152832,0.00268593430519104,True
0,936,1784807829.4131458,8,0.021426677703857422,0.0026783347129821777,True
0,937,1784807829.4351234,8,0.021744489669799805,0.0027180612087249756,True
0,938,1784807829.4573097,8,0.019050121307373047,0.002381265163421631,True
0,939,1784807829.4766302,8,0.022504329681396484,0.0028130412101745605,True
0,940,1784807829.4995363,8,0.021230220794677734,0.002653777599334717,True
0,941,1784807829.5213876,8,0.019898653030395508,0.0024873316287994385,True
0,942,1784807829.541561,8,0.02058696746826172,0.002573370933532715,True
0,943,1784807829.5625448,8,0.02033257484436035,0.002541571855545044,True
0,944,1784807829.5833347,8,0.020292997360229492,0.0025366246700286865,True
0,945,1784807829.6040032,8,0.019860029220581055,0.002482503652572632,True
0,946,1784807829.624237,8,0.02028179168701172,0.002535223960876465,True
0,947,1784807829.6448457,8,0.020832061767578125,0.0026040077209472656,True
0,948,1784807829.666008,8,0.019906282424926758,0.0024882853031158447,True
0,949,1784807829.6862016,8,0.01926898956298828,0.002408623695373535,True
0,950,1784807829.7059212,8,0.020094633102416992,0.002511829137802124,True
0,951,1784807829.72632,8,0.020028114318847656,0.002503514289855957,True
0,952,1784807829.7468207,8,0.020751953125,0.002593994140625,True
0,953,1784807829.767933,8,0.0194091796875,0.0024261474609375,True
0,954,1784807829.7876582,8,0.02209949493408203,0.002762436866760254,True
0,955,1784807829.8101585,8,0.019483566284179688,0.002435445785522461,True
0,956,1784807829.830072,8,0.0200803279876709,0.0025100409984588623,True
0,957,1784807829.8506584,8,0.019894123077392578,0.0024867653846740723,True
0,958,1784807829.8710515,8,0.019664764404296875,0.0024580955505371094,True
0,959,1784807829.8910375,8,0.019606828689575195,0.0024508535861968994,True
0,960,1784807829.9109716,8,0.020931005477905273,0.002616375684738159,True
0,961,1784807829.9322429,8,0.020106077194213867,0.0025132596492767334,True
0,962,1784807829.9526994,8,0.020817041397094727,0.002602130174636841,True
0,963,1784807829.9738274,8,0.019614458084106445,0.0024518072605133057,True
0,964,1784807829.9937663,8,0.023862600326538086,0.0029828250408172607,True
0,965,1784807830.017993,8,0.02049732208251953,0.0025621652603149414,True
0,966,1784807830.038786,8,0.019303083419799805,0.0024128854274749756,True
0,967,1784807830.058423,8,0.021460294723510742,0.0026825368404388428,True
0,968,1784807830.080252,8,0.020465373992919922,0.0025581717491149902,True
0,969,1784807830.1010604,8,0.019581317901611328,0.002447664737701416,True
0,970,1784807830.1209903,8,0.020056962966918945,0.002507120370864868,True
0,971,1784807830.1415136,8,0.019875764846801758,0.0024844706058502197,True
0,972,1784807830.1617084,8,0.02054595947265625,0.0025682449340820312,True
0,973,1784807830.1825962,8,0.02058720588684082,0.0025734007358551025,True
0,974,1784807830.2035468,8,0.019698143005371094,0.0024622678756713867,True
0,975,1784807830.2236776,8,0.020376205444335938,0.002547025680541992,True
0,976,1784807830.2443838,8,0.020263671875,0.002532958984375,True
0,977,1784807830.2650416,8,0.01937580108642578,0.0024219751358032227,True
0,978,1784807830.2849023,8,0.02038407325744629,0.002548009157180786,True
0,979,1784807830.3056242,8,0.01989579200744629,0.002486974000930786,True
0,980,1784807830.3259015,8,0.018891096115112305,0.002361387014389038,True
0,981,1784807830.345144,8,0.01985788345336914,0.0024822354316711426,True
0,982,1784807830.3653893,8,0.019757747650146484,0.0024697184562683105,True
0,983,1784807830.3854728,8,0.02047443389892578,0.0025593042373657227,True
0,984,1784807830.4064808,8,0.018414974212646484,0.0023018717765808105,True
0,985,1784807830.425166,8,0.019654512405395508,0.0024568140506744385,True
0,986,1784807830.4452667,8,0.020393848419189453,0.0025492310523986816,True
0,987,1784807830.4659886,8,0.020083189010620117,0.0025103986263275146,True
0,988,1784807830.486412,8,0.02154231071472168,0.00269278883934021,True
0,989,1784807830.5082908,8,0.02139592170715332,0.002674490213394165,True
0,990,1784807830.5301788,8,0.018187999725341797,0.0022734999656677246,True
0,991,1784807830.5487034,8,0.019612550735473633,0.002451568841934204,True
0,992,1784807830.5686195,8,0.020923614501953125,0.0026154518127441406,True
0,993,1784807830.5901213,8,0.020154476165771484,0.0025193095207214355,True
0,994,1784807830.6106343,8,0.021503210067749023,0.002687901258468628,True
0,995,1784807830.632427,8,0.021084308624267578,0.0026355385780334473,True
0,996,1784807830.6539323,8,0.020599365234375,0.002574920654296875,True
0,997,1784807830.6750503,8,0.019823312759399414,0.0024779140949249268,True
0,998,1784807830.6955717,8,0.01959085464477539,0.002448856830596924,True
0,999,1784807830.7155366,8,0.019790172576904297,0.002473771572113037,True
0,1000,1784807830.7356257,8,0.02147674560546875,0.0026845932006835938,True
0,1001,1784807830.7574768,8,0.020885467529296875,0.0026106834411621094,True
0,1002,1784807830.7788203,8,0.019497394561767578,0.0024371743202209473,True
0,1003,1784807830.7986689,8,0.019405364990234375,0.002425670623779297,True
0,1004,1784807830.8184886,8,0.021295785903930664,0.002661973237991333,True
0,1005,1784807830.8401618,8,0.01969003677368164,0.002461254596710205,True
0,1006,1784807830.8602543,8,0.0189969539642334,0.002374619245529175,True
0,1007,1784807830.8796902,8,0.022176027297973633,0.002772003412246704,True
0,1008,1784807830.9022107,8,0.019809484481811523,0.0024761855602264404,True
0,1009,1784807830.9223664,8,0.018707275390625,0.002338409423828125,True
0,1010,1784807830.9414718,8,0.020948410034179688,0.002618551254272461,True
0,1011,1784807830.9629908,8,0.021509408950805664,0.002688676118850708,True
0,1012,1784807830.984971,8,0.019548416137695312,0.002443552017211914,True
0,1013,1784807831.0049882,8,0.019698143005371094,0.0024622678756713867,True
0,1014,1784807831.0249684,8,0.020807981491088867,0.0026009976863861084,True
0,1015,1784807831.0461295,8,0.01857161521911621,0.0023214519023895264,True
0,1016,1784807831.0656686,8,0.0186312198638916,0.00232890248298645,True
0,1017,1784807831.0845795,8,0.020007610321044922,0.0025009512901306152,True
0,1018,1784807831.104937,8,0.024725675582885742,0.0030907094478607178,True
0,1019,1784807831.1299906,8,0.02006816864013672,0.00250852108001709,True
0,1020,1784807831.1504743,8,0.020915985107421875,0.0026144981384277344,True
0,1021,1784807831.171822,8,0.021120548248291016,0.002640068531036377,True
0,1022,1784807831.1935322,8,0.019850492477416992,0.002481311559677124,True
0,1023,1784807831.214098,8,0.019843101501464844,0.0024803876876831055,True
0,1024,1784807831.234288,8,0.020771026611328125,0.0025963783264160156,True
0,1025,1784807831.255439,8,0.02185988426208496,0.00273248553276062,True
0,1026,1784807831.2775722,8,0.01986551284790039,0.002483189105987549,True
0,1027,1784807831.2977057,8,0.020366430282592773,0.0025458037853240967,True
0,1028,1784807831.3184614,8,0.020466089248657227,0.0025582611560821533,True
0,1029,1784807831.3392963,8,0.019893646240234375,0.002486705780029297,True
0,1030,1784807831.3596964,8,0.021440982818603516,0.0026801228523254395,True
0,1031,1784807831.3814902,8,0.021070003509521484,0.0026337504386901855,True
0,1032,1784807831.4033716,8,0.01932501792907715,0.0024156272411346436,True
0,1033,1784807831.4230204,8,0.021452665328979492,0.0026815831661224365,True
0,1034,1784807831.4448109,8,0.019645214080810547,0.0024556517601013184,True
0,1035,1784807831.4647484,8,0.01941704750061035,0.002427130937576294,True
0,1036,1784807831.4845488,8,0.01990795135498047,0.0024884939193725586,True
0,1037,1784807831.5048587,8,0.022570133209228516,0.0028212666511535645,True
0,1038,1784807831.5278656,8,0.022046566009521484,0.0027558207511901855,True
0,1039,1784807831.5503414,8,0.017382144927978516,0.0021727681159973145,True
0,1040,1784807831.5680482,8,0.02149677276611328,0.00268709659576416,True
0,1041,1784807831.5899997,8,0.019065141677856445,0.0023831427097320557,True
0,1042,1784807831.6094635,8,0.0197451114654541,0.0024681389331817627,True
0,1043,1784807831.6295168,8,0.02056264877319336,0.00257033109664917,True
0,1044,1784807831.6504664,8,0.021088123321533203,0.0026360154151916504,True
0,1045,1784807831.6718543,8,0.020113468170166016,0.002514183521270752,True
0,1046,1784807831.6939447,8,0.018300294876098633,0.002287536859512329,True
0,1047,1784807831.7126038,8,0.02089667320251465,0.002612084150314331,True
0,1048,1784807831.7340105,8,0.018227577209472656,0.002278447151184082,True
0,1049,1784807831.753228,8,0.01937413215637207,0.002421766519546509,True
0,1050,1784807831.77301,8,0.018336057662963867,0.0022920072078704834,True
0,1051,1784807831.7917337,8,0.020529508590698242,0.0025661885738372803,True
0,1052,1784807831.812756,8,0.019718408584594727,0.002464801073074341,True
0,1053,1784807831.8329635,8,0.01995682716369629,0.002494603395462036,True
0,1054,1784807831.853389,8,0.021795034408569336,0.002724379301071167,True
0,1055,1784807831.8755195,8,0.021094799041748047,0.002636849880218506,True
0,1056,1784807831.8970988,8,0.021053552627563477,0.0026316940784454346,True
0,1057,1784807831.9185562,8,0.020376920700073242,0.0025471150875091553,True
0,1058,1784807831.9392235,8,0.019882917404174805,0.0024853646755218506,True
0,1059,1784807831.9595377,8,0.022072553634643555,0.0027590692043304443,True
0,1060,1784807831.9818769,8,0.01931929588317871,0.002414911985397339,True
0,1061,1784807832.0015216,8,0.021435022354125977,0.002679377794265747,True
0,1062,1784807832.0238004,8,0.020610570907592773,0.0025763213634490967,True
0,1063,1784807832.044705,8,0.02100205421447754,0.0026252567768096924,True
0,1064,1784807832.0660603,8,0.02160048484802246,0.0027000606060028076,True
0,1065,1784807832.0881093,8,0.019515037536621094,0.0024393796920776367,True
0,1066,1784807832.1079004,8,0.019847869873046875,0.0024809837341308594,True
0,1067,1784807832.1280897,8,0.02024221420288086,0.0025302767753601074,True
0,1068,1784807832.1489027,8,0.020846128463745117,0.0026057660579681396,True
0,1069,1784807832.1702776,8,0.019773244857788086,0.0024716556072235107,True
0,1070,1784807832.1904454,8,0.017787694931030273,0.002223461866378784,True
0,1071,1784807832.2085824,8,0.02203536033630371,0.002754420042037964,True
0,1072,1784807832.2309692,8,0.019327163696289062,0.002415895462036133,True
0,1073,1784807832.250629,8,0.020359039306640625,0.002544879913330078,True
0,1074,1784807832.2713788,8,0.019797086715698242,0.0024746358394622803,True
0,1075,1784807832.2915618,8,0.021500825881958008,0.002687603235244751,True
0,1076,1784807832.3135111,8,0.01970982551574707,0.002463728189468384,True
0,1077,1784807832.3335345,8,0.020947933197021484,0.0026184916496276855,True
0,1078,1784807832.3548436,8,0.02048635482788086,0.0025607943534851074,True
0,1079,1784807832.3756227,8,0.02054286003112793,0.002567857503890991,True
0,1080,1784807832.3964987,8,0.01892232894897461,0.002365291118621826,True
0,1081,1784807832.4160442,8,0.020273447036743164,0.0025341808795928955,True
0,1082,1784807832.4373271,8,0.019553422927856445,0.0024441778659820557,True
0,1083,1784807832.4572916,8,0.022079944610595703,0.002759993076324463,True
0,1084,1784807832.4798295,8,0.018944740295410156,0.0023680925369262695,True
0,1085,1784807832.4992921,8,0.019575834274291992,0.002446979284286499,True
0,1086,1784807832.5191863,8,0.019438743591308594,0.0024298429489135742,True
0,1087,1784807832.5389426,8,0.02078700065612793,0.002598375082015991,True
0,1088,1784807832.5605073,8,0.0204925537109375,0.0025615692138671875,True
0,1089,1784807832.5813835,8,0.018071413040161133,0.0022589266300201416,True
0,1090,1784807832.5999608,8,0.01857900619506836,0.002322375774383545,True
0,1091,1784807832.6189137,8,0.019445180892944336,0.002430647611618042,True
0,1092,1784807832.6387637,8,0.019863605499267578,0.0024829506874084473,True
0,1093,1784807832.6588874,8,0.020999670028686523,0.0026249587535858154,True
0,1094,1784807832.6802142,8,0.021239757537841797,0.0026549696922302246,True
0,1095,1784807832.7018821,8,0.020725488662719727,0.002590686082839966,True
0,1096,1784807832.7229648,8,0.020466089248657227,0.0025582611560821533,True
0,1097,1784807832.7438169,8,0.020093441009521484,0.0025116801261901855,True
0,1098,1784807832.7642386,8,0.019635915756225586,0.0024544894695281982,True
0,1099,1784807832.7845619,8,0.020448923110961914,0.0025561153888702393,True
0,1100,1784807832.80557,8,0.020641803741455078,0.0025802254676818848,True
0,1101,1784807832.8265078,8,0.02449202537536621,0.0030615031719207764,True
0,1102,1784807832.8514364,8,0.01799488067626953,0.0022493600845336914,True
0,1103,1784807832.8698692,8,0.019684791564941406,0.0024605989456176758,True
0,1104,1784807832.8899171,8,0.021445512771606445,0.0026806890964508057,True
0,1105,1784807832.9116077,8,0.019322633743286133,0.0024153292179107666,True
0,1106,1784807832.9314096,8,0.02020406723022461,0.002525508403778076,True
0,1107,1784807832.9519181,8,0.02104806900024414,0.0026310086250305176,True
0,1108,1784807832.9733326,8,0.022830724716186523,0.0028538405895233154,True
0,1109,1784807832.9966285,8,0.019520044326782227,0.0024400055408477783,True
0,1110,1784807833.0165095,8,0.022385597229003906,0.0027981996536254883,True
0,1111,1784807833.039232,8,0.019257545471191406,0.0024071931838989258,True
0,1112,1784807833.058839,8,0.01887059211730957,0.0023588240146636963,True
0,1113,1784807833.0780103,8,0.02079033851623535,0.002598792314529419,True
0,1114,1784807833.0991452,8,0.019945144653320312,0.002493143081665039,True
0,1115,1784807833.1194785,8,0.019675731658935547,0.0024594664573669434,True
0,1116,1784807833.1397557,8,0.021407604217529297,0.002675950527191162,True
0,1117,1784807833.1616547,8,0.020023345947265625,0.002502918243408203,True
0,1118,1784807833.182504,8,0.022279977798461914,0.0027849972248077393,True
0,1119,1784807833.2052348,8,0.019598960876464844,0.0024498701095581055,True
0,1120,1784807833.2252517,8,0.021820545196533203,0.0027275681495666504,True
0,1121,1784807833.247368,8,0.019750595092773438,0.0024688243865966797,True
0,1122,1784807833.267394,8,0.019712448120117188,0.0024640560150146484,True
0,1123,1784807833.2877364,8,0.019807100296020508,0.0024758875370025635,True
0,1124,1784807833.30806,8,0.018668174743652344,0.002333521842956543,True
0,1125,1784807833.3270032,8,0.020312786102294922,0.0025390982627868652,True
0,1126,1784807833.3485582,8,0.019945383071899414,0.0024931728839874268,True
0,1127,1784807833.3688982,8,0.021762847900390625,0.002720355987548828,True
0,1128,1784807833.391117,8,0.020759105682373047,0.002594888210296631,True
0,1129,1784807833.412281,8,0.02292799949645996,0.002865999937057495,True
0,1130,1784807833.435515,8,0.01776409149169922,0.0022205114364624023,True
0,1131,1784807833.4536467,8,0.020634889602661133,0.0025793612003326416,True
0,1132,1784807833.4747949,8,0.018465518951416016,0.002308189868927002,True
0,1133,1784807833.4941857,8,0.0190274715423584,0.0023784339427948,True
0,1134,1784807833.513626,8,0.021594524383544922,0.0026993155479431152,True
0,1135,1784807833.5358338,8,0.01914501190185547,0.0023931264877319336,True
0,1136,1784807833.555367,8,0.02129220962524414,0.0026615262031555176,True
0,1137,1784807833.5770454,8,0.018972158432006836,0.0023715198040008545,True
0,1138,1784807833.596375,8,0.020229578018188477,0.0025286972522735596,True
0,1139,1784807833.6170125,8,0.018767356872558594,0.0023459196090698242,True
0,1140,1784807833.6361291,8,0.022201061248779297,0.002775132656097412,True
0,1141,1784807833.6586492,8,0.019899368286132812,0.0024874210357666016,True
0,1142,1784807833.6789317,8,0.020953893661499023,0.002619236707687378,True
0,1143,1784807833.7001925,8,0.01966071128845215,0.0024575889110565186,True
0,1144,1784807833.7201874,8,0.02030324935913086,0.0025379061698913574,True
0,1145,1784807833.7410192,8,0.019110918045043945,0.002388864755630493,True
0,1146,1784807833.760416,8,0.02130866050720215,0.0026635825634002686,True
0,1147,1784807833.7821505,8,0.020433902740478516,0.0025542378425598145,True
0,1148,1784807833.8031516,8,0.019927263259887695,0.002490907907485962,True
0,1149,1784807833.823666,8,0.02070784568786621,0.0025884807109832764,True
0,1150,1784807833.844922,8,0.0186922550201416,0.0023365318775177,True
0,1151,1784807833.8645878,8,0.021239280700683594,0.0026549100875854492,True
0,1152,1784807833.887076,8,0.02530980110168457,0.0031637251377105713,True
0,1153,1784807833.9129143,8,0.02021932601928711,0.0025274157524108887,True
0,1154,1784807833.9338462,8,0.019748210906982422,0.0024685263633728027,True
0,1155,1784807833.953939,8,0.02045893669128418,0.0025573670864105225,True
0,1156,1784807833.9747512,8,0.019789934158325195,0.0024737417697906494,True
0,1157,1784807833.9950185,8,0.01873922348022461,0.002342402935028076,True
0,1158,1784807834.0142593,8,0.02434396743774414,0.0030429959297180176,True
0,1159,1784807834.0389051,8,0.019271135330200195,0.0024088919162750244,True
0,1160,1784807834.0595906,8,0.019043445587158203,0.0023804306983947754,True
0,1161,1784807834.0789683,8,0.02026200294494629,0.002532750368118286,True
0,1162,1784807834.1004207,8,0.020082473754882812,0.0025103092193603516,True
0,1163,1784807834.1212652,8,0.019576072692871094,0.0024470090866088867,True
0,1164,1784807834.1420622,8,0.020885944366455078,0.0026107430458068848,True
0,1165,1784807834.1644452,8,0.020621061325073242,0.0025776326656341553,True
0,1166,1784807834.1857285,8,0.02093672752380371,0.002617090940475464,True
0,1167,1784807834.2070827,8,0.020743131637573242,0.0025928914546966553,True
0,1168,1784807834.2288558,8,0.019768238067626953,0.002471029758453369,True
0,1169,1784807834.2500765,8,0.020298480987548828,0.0025373101234436035,True
0,1170,1784807834.2710485,8,0.019757509231567383,0.002469688653945923,True
0,1171,1784807834.2920766,8,0.019785404205322266,0.002473175525665283,True
0,1172,1784807834.312258,8,0.02058124542236328,0.00257265567779541,True
0,1173,1784807834.3334048,8,0.019420623779296875,0.0024275779724121094,True
0,1174,1784807834.3535533,8,0.01988363265991211,0.0024854540824890137,True
0,1175,1784807834.3740606,8,0.01918816566467285,0.0023985207080841064,True
0,1176,1784807834.394133,8,0.021535396575927734,0.002691924571990967,True
0,1177,1784807834.4170122,8,0.018828868865966797,0.0023536086082458496,True
0,1178,1784807834.4362168,8,0.01990962028503418,0.0024887025356292725,True
0,1179,1784807834.4564953,8,0.02108168601989746,0.0026352107524871826,True
0,1180,1784807834.4787838,8,0.020804166793823242,0.0026005208492279053,True
0,1181,1784807834.5002806,8,0.02161884307861328,0.00270235538482666,True
0,1182,1784807834.5223618,8,0.019311904907226562,0.0024139881134033203,True
0,1183,1784807834.5422685,8,0.02120828628540039,0.002651035785675049,True
0,1184,1784807834.563833,8,0.019969940185546875,0.0024962425231933594,True
0,1185,1784807834.5841098,8,0.01914811134338379,0.0023935139179229736,True
0,1186,1784807834.6037102,8,0.02162027359008789,0.0027025341987609863,True
0,1187,1784807834.6256015,8,0.021861791610717773,0.0027327239513397217,True
0,1188,1784807834.6477666,8,0.019324541091918945,0.002415567636489868,True
0,1189,1784807834.6676748,8,0.020323753356933594,0.0025404691696166992,True
0,1190,1784807834.688328,8,0.019401073455810547,0.0024251341819763184,True
0,1191,1784807834.7085104,8,0.019066333770751953,0.002383291721343994,True
0,1192,1784807834.7280085,8,0.020322561264038086,0.0025403201580047607,True
0,1193,1784807834.7486885,8,0.02056717872619629,0.002570897340774536,True
0,1194,1784807834.770091,8,0.0196685791015625,0.0024585723876953125,True
0,1195,1784807834.7901862,8,0.020383834838867188,0.0025479793548583984,True
0,1196,1784807834.811667,8,0.019888877868652344,0.002486109733581543,True
0,1197,1784807834.8319745,8,0.01964426040649414,0.0024555325508117676,True
0,1198,1784807834.8520615,8,0.02176356315612793,0.002720445394515991,True
0,1199,1784807834.8745413,8,0.018492460250854492,0.0023115575313568115,True
0,1200,1784807834.8934195,8,0.021965980529785156,0.0027457475662231445,True
0,1201,1784807834.9156327,8,0.02301955223083496,0.00287744402885437,True
0,1202,1784807834.938998,8,0.020067691802978516,0.0025084614753723145,True
0,1203,1784807834.959737,8,0.019718170166015625,0.002464771270751953,True
0,1204,1784807834.9800928,8,0.01975250244140625,0.0024690628051757812,True
0,1205,1784807835.0005548,8,0.02308821678161621,0.0028860270977020264,True
0,1206,1784807835.024396,8,0.02028799057006836,0.002535998821258545,True
0,1207,1784807835.0451517,8,0.02040696144104004,0.002550870180130005,True
0,1208,1784807835.066371,8,0.01997089385986328,0.00249636173248291,True
0,1209,1784807835.0867987,8,0.020002365112304688,0.002500295639038086,True
0,1210,1784807835.1075144,8,0.019018173217773438,0.0023772716522216797,True
0,1211,1784807835.1277802,8,0.0207674503326416,0.0025959312915802,True
0,1212,1784807835.1488504,8,0.020433425903320312,0.002554178237915039,True
0,1213,1784807835.1696494,8,0.01936483383178711,0.0024206042289733887,True
0,1214,1784807835.1893997,8,0.020079612731933594,0.0025099515914916992,True
0,1215,1784807835.2102234,8,0.022887229919433594,0.0028609037399291992,True
0,1216,1784807835.2335694,8,0.019623994827270508,0.0024529993534088135,True
0,1217,1784807835.25363,8,0.021005630493164062,0.002625703811645508,True
0,1218,1784807835.2752411,8,0.019564151763916016,0.002445518970489502,True
0,1219,1784807835.2952478,8,0.020980358123779297,0.002622544765472412,True
0,1220,1784807835.3165052,8,0.020497798919677734,0.002562224864959717,True
0,1221,1784807835.33828,8,0.019835472106933594,0.0024794340133666992,True
0,1222,1784807835.3584578,8,0.01952958106994629,0.002441197633743286,True
0,1223,1784807835.3783028,8,0.01835465431213379,0.0022943317890167236,True
0,1224,1784807835.3969855,8,0.019146203994750977,0.002393275499343872,True
0,1225,1784807835.416473,8,0.020933866500854492,0.0026167333126068115,True
0,1226,1784807835.4378333,8,0.022428274154663086,0.0028035342693328857,True
0,1227,1784807835.4608326,8,0.01979660987854004,0.002474576234817505,True
0,1228,1784807835.481011,8,0.01964712142944336,0.00245589017868042,True
0,1229,1784807835.5010087,8,0.019975900650024414,0.0024969875812530518,True
0,1230,1784807835.5212939,8,0.019393444061279297,0.002424180507659912,True
0,1231,1784807835.541121,8,0.021892547607421875,0.0027365684509277344,True
0,1232,1784807835.5633523,8,0.021076202392578125,0.0026345252990722656,True
0,1233,1784807835.5847857,8,0.019563674926757812,0.0024454593658447266,True
0,1234,1784807835.6047194,8,0.02075982093811035,0.002594977617263794,True
0,1235,1784807835.6258419,8,0.020552396774291992,0.002569049596786499,True
0,1236,1784807835.6473775,8,0.01915574073791504,0.00239446759223938,True
0,1237,1784807835.6668463,8,0.018598079681396484,0.0023247599601745605,True
0,1238,1784807835.685798,8,0.020412206649780273,0.002551525831222534,True
0,1239,1784807835.7065475,8,0.02054142951965332,0.002567678689956665,True
0,1240,1784807835.7274406,8,0.02081894874572754,0.0026023685932159424,True
0,1241,1784807835.7486129,8,0.018224716186523438,0.0022780895233154297,True
0,1242,1784807835.767151,8,0.021343469619750977,0.002667933702468872,True
0,1243,1784807835.7889602,8,0.02049565315246582,0.0025619566440582275,True
0,1244,1784807835.809924,8,0.021507978439331055,0.002688497304916382,True
0,1245,1784807835.8318675,8,0.02350640296936035,0.002938300371170044,True
0,1246,1784807835.8556926,8,0.018082380294799805,0.0022602975368499756,True
0,1247,1784807835.8745382,8,0.019263505935668945,0.002407938241958618,True
0,1248,1784807835.894263,8,0.020750761032104492,0.0025938451290130615,True
0,1249,1784807835.9155095,8,0.020199298858642578,0.0025249123573303223,True
0,1250,1784807835.9364474,8,0.021670103073120117,0.0027087628841400146,True
0,1251,1784807835.9587784,8,0.022062063217163086,0.0027577579021453857,True
0,1252,1784807835.9822183,8,0.02051520347595215,0.0025644004344940186,True
0,1253,1784807836.0031805,8,0.01928544044494629,0.002410680055618286,True
0,1254,1784807836.0228007,8,0.022772789001464844,0.0028465986251831055,True
0,1255,1784807836.046221,8,0.02090764045715332,0.002613455057144165,True
0,1256,1784807836.0679986,8,0.020783424377441406,0.0025979280471801758,True
0,1257,1784807836.089368,8,0.019425392150878906,0.0024281740188598633,True
0,1258,1784807836.1091042,8,0.018990039825439453,0.0023737549781799316,True
0,1259,1784807836.1284814,8,0.01973271369934082,0.0024665892124176025,True
0,1260,1784807836.1485896,8,0.02137446403503418,0.0026718080043792725,True
0,1261,1784807836.1705117,8,0.019793987274169922,0.0024742484092712402,True
0,1262,1784807836.1907706,8,0.019577741622924805,0.0024472177028656006,True
0,1263,1784807836.2110682,8,0.023131370544433594,0.0028914213180541992,True
0,1264,1784807836.2350695,8,0.021411418914794922,0.0026764273643493652,True
0,1265,1784807836.2578425,8,0.019277572631835938,0.002409696578979492,True
0,1266,1784807836.2781408,8,0.01957225799560547,0.0024465322494506836,True
0,1267,1784807836.2982762,8,0.019316911697387695,0.002414613962173462,True
0,1268,1784807836.3179529,8,0.019210338592529297,0.002401292324066162,True
0,1269,1784807836.337446,8,0.018941640853881836,0.0023677051067352295,True
0,1270,1784807836.3567226,8,0.021255970001220703,0.002656996250152588,True
0,1271,1784807836.3789108,8,0.01944136619567871,0.002430170774459839,True
0,1272,1784807836.399372,8,0.025920629501342773,0.0032400786876678467,True
0,1273,1784807836.4268715,8,0.017942428588867188,0.0022428035736083984,True
0,1274,1784807836.4454296,8,0.021286487579345703,0.002660810947418213,True
0,1275,1784807836.4675832,8,0.02149057388305664,0.00268632173538208,True
0,1276,1784807836.489583,8,0.020227432250976562,0.0025284290313720703,True
0,1277,1784807836.5110755,8,0.021310091018676758,0.0026637613773345947,True
0,1278,1784807836.5327644,8,0.020999670028686523,0.0026249587535858154,True
0,1279,1784807836.554205,8,0.02068805694580078,0.0025860071182250977,True
0,1280,1784807836.575948,8,0.021036386489868164,0.0026295483112335205,True
0,1281,1784807836.5973802,8,0.019043922424316406,0.0023804903030395508,True
0,1282,1784807836.616804,8,0.020601749420166016,0.002575218677520752,True
0,1283,1784807836.638053,8,0.02000570297241211,0.0025007128715515137,True
0,1284,1784807836.6584172,8,0.01994490623474121,0.0024931132793426514,True
0,1285,1784807836.6795437,8,0.018668413162231445,0.0023335516452789307,True
0,1286,1784807836.6985245,8,0.020555496215820312,0.002569437026977539,True
0,1287,1784807836.7193966,8,0.020162343978881836,0.0025202929973602295,True
0,1288,1784807836.7399955,8,0.020310163497924805,0.0025387704372406006,True
0,1289,1784807836.760676,8,0.02042531967163086,0.0025531649589538574,True
0,1290,1784807836.7819479,8,0.019891738891601562,0.0024864673614501953,True
0,1291,1784807836.802192,8,0.019344568252563477,0.0024180710315704346,True
0,1292,1784807836.8221123,8,0.019291400909423828,0.0024114251136779785,True
0,1293,1784807836.841821,8,0.020458221435546875,0.0025572776794433594,True
0,1294,1784807836.8626301,8,0.01971292495727539,0.002464115619659424,True
0,1295,1784807836.8826072,8,0.019405126571655273,0.002425640821456909,True
0,1296,1784807836.9024117,8,0.019099712371826172,0.0023874640464782715,True
0,1297,1784807836.921916,8,0.020722150802612305,0.002590268850326538,True
0,1298,1784807836.9429026,8,0.02009415626525879,0.0025117695331573486,True
0,1299,1784807836.9633296,8,0.020162343978881836,0.0025202929973602295,True
0,1300,1784807836.9838114,8,0.020775318145751953,0.002596914768218994,True
0,1301,1784807837.004898,8,0.019896745681762695,0.002487093210220337,True
0,1302,1784807837.0254095,8,0.019608736038208008,0.002451092004776001,True
0,1303,1784807837.0454354,8,0.01995563507080078,0.0024944543838500977,True
0,1304,1784807837.0657566,8,0.02021002769470215,0.0025262534618377686,True
0,1305,1784807837.0863647,8,0.020948171615600586,0.0026185214519500732,True
0,1306,1784807837.107696,8,0.019294023513793945,0.002411752939224243,True
0,1307,1784807837.1273305,8,0.02122187614440918,0.0026527345180511475,True
0,1308,1784807837.1492205,8,0.02024364471435547,0.0025304555892944336,True
0,1309,1784807837.1698616,8,0.01976156234741211,0.0024701952934265137,True
0,1310,1784807837.1900666,8,0.01961660385131836,0.002452075481414795,True
0,1311,1784807837.2101164,8,0.020280838012695312,0.002535104751586914,True
0,1312,1784807837.2307198,8,0.020394325256347656,0.002549290657043457,True
0,1313,1784807837.2520432,8,0.018856048583984375,0.002357006072998047,True
0,1314,1784807837.271418,8,0.02242755889892578,0.0028034448623657227,True
0,1315,1784807837.2942135,8,0.0188901424407959,0.0023612678050994873,True
0,1316,1784807837.3133855,8,0.019572973251342773,0.0024466216564178467,True
0,1317,1784807837.3333662,8,0.021111249923706055,0.002638906240463257,True
0,1318,1784807837.3551545,8,0.020564794540405273,0.002570599317550659,True
0,1319,1784807837.3761876,8,0.01933884620666504,0.00241735577583313,True
0,1320,1784807837.39587,8,0.02053999900817871,0.002567499876022339,True
0,1321,1784807837.416718,8,0.021421194076538086,0.0026776492595672607,True
0,1322,1784807837.4384627,8,0.020314931869506836,0.0025393664836883545,True
0,1323,1784807837.4590855,8,0.020643949508666992,0.002580493688583374,True
0,1324,1784807837.480158,8,0.019901275634765625,0.002487659454345703,True
0,1325,1784807837.5006733,8,0.018204450607299805,0.0022755563259124756,True
0,1326,1784807837.5192544,8,0.02034163475036621,0.0025427043437957764,True
0,1327,1784807837.5400991,8,0.01894378662109375,0.0023679733276367188,True
0,1328,1784807837.5594077,8,0.02103137969970703,0.002628922462463379,True
0,1329,1784807837.5815341,8,0.019886493682861328,0.002485811710357666,True
0,1330,1784807837.6017091,8,0.01898980140686035,0.002373725175857544,True
0,1331,1784807837.6211786,8,0.018943309783935547,0.0023679137229919434,True
0,1332,1784807837.640578,8,0.020780324935913086,0.0025975406169891357,True
0,1333,1784807837.6621494,8,0.01954364776611328,0.00244295597076416,True
0,1334,1784807837.6820755,8,0.02110433578491211,0.0026380419731140137,True
0,1335,1784807837.7036397,8,0.020036935806274414,0.0025046169757843018,True
0,1336,1784807837.7241187,8,0.019735097885131836,0.0024668872356414795,True
0,1337,1784807837.7442315,8,0.02058577537536621,0.0025732219219207764,True
0,1338,1784807837.7651768,8,0.019150972366333008,0.002393871545791626,True
0,1339,1784807837.7847517,8,0.018015384674072266,0.002251923084259033,True
0,1340,1784807837.8031006,8,0.020640134811401367,0.002580016851425171,True
0,1341,1784807837.8241787,8,0.02027106285095215,0.0025338828563690186,True
0,1342,1784807837.8449352,8,0.019014596939086914,0.0023768246173858643,True
0,1343,1784807837.864816,8,0.018123388290405273,0.002265423536300659,True
0,1344,1784807837.8832939,8,0.019928932189941406,0.0024911165237426758,True
0,1345,1784807837.903555,8,0.02038097381591797,0.002547621726989746,True
0,1346,1784807837.9242473,8,0.0198824405670166,0.002485305070877075,True
0,1347,1784807837.944919,8,0.01986098289489746,0.0024826228618621826,True
0,1348,1784807837.9657953,8,0.019743680953979492,0.0024679601192474365,True
0,1349,1784807837.9859698,8,0.018755197525024414,0.0023443996906280518,True
0,1350,1784807838.005145,8,0.020575284957885742,0.0025719106197357178,True
0,1351,1784807838.0260813,8,0.01979684829711914,0.0024746060371398926,True
0,1352,1784807838.0464084,8,0.020087242126464844,0.0025109052658081055,True
0,1353,1784807838.066923,8,0.01994943618774414,0.0024936795234680176,True
0,1354,1784807838.0872889,8,0.02034139633178711,0.0025426745414733887,True
0,1355,1784807838.108192,8,0.020733356475830078,0.0025916695594787598,True
0,1356,1784807838.129336,8,0.02015519142150879,0.0025193989276885986,True
0,1357,1784807838.1497874,8,0.022426366806030273,0.002803295850753784,True
0,1358,1784807838.172612,8,0.020315170288085938,0.002539396286010742,True
0,1359,1784807838.1932354,8,0.020154714584350586,0.0025193393230438232,True
0,1360,1784807838.2140021,8,0.01938605308532715,0.0024232566356658936,True
0,1361,1784807838.2337687,8,0.01897573471069336,0.00237196683883667,True
0,1362,1784807838.253222,8,0.020814895629882812,0.0026018619537353516,True
0,1363,1784807838.2745154,8,0.019716262817382812,0.0024645328521728516,True
0,1364,1784807838.2944975,8,0.021991491317749023,0.002748936414718628,True
0,1365,1784807838.316999,8,0.020545005798339844,0.0025681257247924805,True
0,1366,1784807838.337927,8,0.01970219612121582,0.0024627745151519775,True
0,1367,1784807838.3580692,8,0.01988053321838379,0.0024850666522979736,True
0,1368,1784807838.3783987,8,0.019265174865722656,0.002408146858215332,True
0,1369,1784807838.398079,8,0.02113199234008789,0.0026414990425109863,True
0,1370,1784807838.419635,8,0.019505739212036133,0.0024382174015045166,True
0,1371,1784807838.4395447,8,0.02089381217956543,0.0026117265224456787,True
0,1372,1784807838.4608045,8,0.018423795700073242,0.0023029744625091553,True
0,1373,1784807838.4795656,8,0.0193631649017334,0.002420395612716675,True
0,1374,1784807838.4992824,8,0.019450664520263672,0.002431333065032959,True
0,1375,1784807838.5190525,8,0.018906593322753906,0.0023633241653442383,True
0,1376,1784807838.5387704,8,0.020161867141723633,0.002520233392715454,True
0,1377,1784807838.5592363,8,0.019086599349975586,0.0023858249187469482,True
0,1378,1784807838.578655,8,0.02122807502746582,0.0026535093784332275,True
0,1379,1784807838.6003244,8,0.021005868911743164,0.0026257336139678955,True
0,1380,1784807838.621654,8,0.019048213958740234,0.0023810267448425293,True
0,1381,1784807838.6409829,8,0.022775888442993164,0.0028469860553741455,True
0,1382,1784807838.6641207,8,0.020714998245239258,0.0025893747806549072,True
0,1383,1784807838.6856236,8,0.02049994468688965,0.002562493085861206,True
0,1384,1784807838.7067525,8,0.02074742317199707,0.002593427896499634,True
0,1385,1784807838.7277768,8,0.025545358657836914,0.0031931698322296143,True
0,1386,1784807838.7536778,8,0.021696090698242188,0.0027120113372802734,True
0,1387,1784807838.7763784,8,0.020383119583129883,0.0025478899478912354,True
0,1388,1784807838.7971249,8,0.019164562225341797,0.0023955702781677246,True
0,1389,1784807838.816568,8,0.02178025245666504,0.00272253155708313,True
0,1390,1784807838.8386934,8,0.01932358741760254,0.0024154484272003174,True
0,1391,1784807838.8586419,8,0.01850295066833496,0.00231286883354187,True
0,1392,1784807838.8776858,8,0.020842313766479492,0.0026052892208099365,True
0,1393,1784807838.8989391,8,0.019867420196533203,0.0024834275245666504,True
0,1394,1784807838.9192522,8,0.01856207847595215,0.0023202598094940186,True
0,1395,1784807838.9382195,8,0.020285844802856445,0.0025357306003570557,True
0,1396,1784807838.9589117,8,0.020385265350341797,0.0025481581687927246,True
0,1397,1784807838.9796255,8,0.019776582717895508,0.0024720728397369385,True
0,1398,1784807838.9997466,8,0.021335840225219727,0.002666980028152466,True
0,1399,1784807839.0214581,8,0.020995140075683594,0.0026243925094604492,True
0,1400,1784807839.042908,8,0.0226743221282959,0.0028342902660369873,True
0,1401,1784807839.0661573,8,0.020769596099853516,0.0025961995124816895,True
0,1402,1784807839.087494,8,0.022986412048339844,0.0028733015060424805,True
0,1403,1784807839.1108828,8,0.020090579986572266,0.002511322498321533,True
0,1404,1784807839.1315277,8,0.021016359329223633,0.002627044916152954,True
0,1405,1784807839.152899,8,0.01949477195739746,0.0024368464946746826,True
0,1406,1784807839.1726935,8,0.021522045135498047,0.002690255641937256,True
0,1407,1784807839.1946945,8,0.020661115646362305,0.002582639455795288,True
0,1408,1784807839.2156587,8,0.01988959312438965,0.002486199140548706,True
0,1409,1784807839.2359672,8,0.01943349838256836,0.002429187297821045,True
0,1410,1784807839.2557576,8,0.01971149444580078,0.0024639368057250977,True
0,1411,1784807839.275791,8,0.018667936325073242,0.0023334920406341553,True
0,1412,1784807839.2948594,8,0.01884174346923828,0.002355217933654785,True
0,1413,1784807839.3139682,8,0.02176809310913086,0.0027210116386413574,True
0,1414,1784807839.3361673,8,0.01933121681213379,0.0024164021015167236,True
0,1415,1784807839.3563428,8,0.01824212074279785,0.0022802650928497314,True
0,1416,1784807839.3752992,8,0.020213842391967773,0.0025267302989959717,True
0,1417,1784807839.3958142,8,0.022587060928344727,0.002823382616043091,True
0,1418,1784807839.4187627,8,0.020303010940551758,0.0025378763675689697,True
0,1419,1784807839.4394763,8,0.019716978073120117,0.0024646222591400146,True
0,1420,1784807839.4595666,8,0.020818710327148438,0.0026023387908935547,True
0,1421,1784807839.4806557,8,0.021099567413330078,0.0026374459266662598,True
0,1422,1784807839.5021284,8,0.01920771598815918,0.0024009644985198975,True
0,1423,1784807839.5219567,8,0.019413471221923828,0.0024266839027404785,True
0,1424,1784807839.5417256,8,0.019390106201171875,0.0024237632751464844,True
0,1425,1784807839.5614252,8,0.019779443740844727,0.002472430467605591,True
0,1426,1784807839.5816903,8,0.021004915237426758,0.0026256144046783447,True
0,1427,1784807839.603148,8,0.021664142608642578,0.0027080178260803223,True
0,1428,1784807839.6252737,8,0.020532846450805664,0.002566605806350708,True
0,1429,1784807839.6464834,8,0.019173860549926758,0.0023967325687408447,True
0,1430,1784807839.6663346,8,0.02073526382446289,0.0025919079780578613,True
0,1431,1784807839.6873925,8,0.018787145614624023,0.002348393201828003,True
0,1432,1784807839.70725,8,0.019563913345336914,0.0024454891681671143,True
0,1433,1784807839.7272341,8,0.01869344711303711,0.0023366808891296387,True
0,1434,1784807839.7462478,8,0.020320653915405273,0.002540081739425659,True
0,1435,1784807839.7669585,8,0.02026534080505371,0.002533167600631714,True
0,1436,1784807839.78754,8,0.019947290420532227,0.0024934113025665283,True
0,1437,1784807839.8078296,8,0.019710779190063477,0.0024638473987579346,True
0,1438,1784807839.8279002,8,0.01886582374572754,0.0023582279682159424,True
0,1439,1784807839.8471467,8,0.02165985107421875,0.0027074813842773438,True
0,1440,1784807839.8692873,8,0.018796682357788086,0.0023495852947235107,True
0,1441,1784807839.8884475,8,0.0194699764251709,0.0024337470531463623,True
0,1442,1784807839.9082184,8,0.021653175354003906,0.0027066469192504883,True
0,1443,1784807839.9302416,8,0.01804208755493164,0.002255260944366455,True
0,1444,1784807839.948686,8,0.018254995346069336,0.002281874418258667,True
0,1445,1784807839.9673038,8,0.02062702178955078,0.0025783777236938477,True
0,1446,1784807839.9890428,8,0.01961040496826172,0.002451300621032715,True
0,1447,1784807840.0090804,8,0.018985271453857422,0.0023731589317321777,True
0,1448,1784807840.028917,8,0.01929497718811035,0.002411872148513794,True
0,1449,1784807840.0486708,8,0.019769906997680664,0.002471238374710083,True
0,1450,1784807840.0688937,8,0.020561933517456055,0.002570241689682007,True
0,1451,1784807840.0897377,8,0.018740415573120117,0.0023425519466400146,True
0,1452,1784807840.1088834,8,0.019988536834716797,0.0024985671043395996,True
0,1453,1784807840.1291885,8,0.018858909606933594,0.0023573637008666992,True
0,1454,1784807840.148853,8,0.018973827362060547,0.0023717284202575684,True
0,1455,1784807840.1682086,8,0.02002120018005371,0.002502650022506714,True
0,1456,1784807840.1885457,8,0.02109241485595703,0.002636551856994629,True
0,1457,1784807840.2099779,8,0.02030038833618164,0.002537548542022705,True
0,1458,1784807840.2305877,8,0.01972055435180664,0.00246506929397583,True
0,1459,1784807840.2506962,8,0.019667625427246094,0.0024584531784057617,True
0,1460,1784807840.2707348,8,0.020689964294433594,0.0025862455368041992,True
0,1461,1784807840.2917092,8,0.018421649932861328,0.002302706241607666,True
0,1462,1784807840.3106458,8,0.019748210906982422,0.0024685263633728027,True
0,1463,1784807840.3310974,8,0.019115209579467773,0.0023894011974334717,True
0,1464,1784807840.350564,8,0.01830911636352539,0.002288639545440674,True
0,1465,1784807840.3691728,8,0.019147157669067383,0.002393394708633423,True
0,1466,1784807840.3886976,8,0.019930601119995117,0.0024913251399993896,True
0,1467,1784807840.4090424,8,0.021747350692749023,0.002718418836593628,True
0,1468,1784807840.4310992,8,0.018747568130493164,0.0023434460163116455,True
0,1469,1784807840.450166,8,0.020351409912109375,0.002543926239013672,True
0,1470,1784807840.4709718,8,0.01953721046447754,0.0024421513080596924,True
0,1471,1784807840.4909463,8,0.019736289978027344,0.002467036247253418,True
0,1472,1784807840.5110393,8,0.022844552993774414,0.0028555691242218018,True
0,1473,1784807840.5342422,8,0.020998001098632812,0.0026247501373291016,True
0,1474,1784807840.5558996,8,0.019529342651367188,0.0024411678314208984,True
0,1475,1784807840.5758345,8,0.021973133087158203,0.0027466416358947754,True
0,1476,1784807840.5984576,8,0.01998305320739746,0.0024978816509246826,True
0,1477,1784807840.6192133,8,0.020667552947998047,0.002583444118499756,True
0,1478,1784807840.6404147,8,0.019492149353027344,0.002436518669128418,True
0,1479,1784807840.6608815,8,0.020175933837890625,0.002521991729736328,True
0,1480,1784807840.6813827,8,0.02013111114501953,0.0025163888931274414,True
0,1481,1784807840.7018435,8,0.01904439926147461,0.002380549907684326,True
0,1482,1784807840.7217023,8,0.01957535743713379,0.0024469196796417236,True
0,1483,1784807840.7416668,8,0.020136356353759766,0.0025170445442199707,True
0,1484,1784807840.7621658,8,0.020154953002929688,0.002519369125366211,True
0,1485,1784807840.7826958,8,0.02074122428894043,0.0025926530361175537,True
0,1486,1784807840.80377,8,0.01811695098876953,0.0022646188735961914,True
0,1487,1784807840.8222523,8,0.021180152893066406,0.0026475191116333008,True
0,1488,1784807840.8437328,8,0.018717050552368164,0.0023396313190460205,True
0,1489,1784807840.8631318,8,0.019673824310302734,0.002459228038787842,True
0,1490,1784807840.8831959,8,0.021270036697387695,0.002658754587173462,True
0,1491,1784807840.9048028,8,0.019616365432739258,0.0024520456790924072,True
0,1492,1784807840.9247687,8,0.02043008804321289,0.0025537610054016113,True
0,1493,1784807840.9455287,8,0.021911144256591797,0.0027388930320739746,True
0,1494,1784807840.9678268,8,0.019032716751098633,0.002379089593887329,True
0,1495,1784807840.9871676,8,0.02073836326599121,0.0025922954082489014,True
0,1496,1784807841.0081959,8,0.019786357879638672,0.002473294734954834,True
0,1497,1784807841.0285332,8,0.019012451171875,0.002376556396484375,True
0,1498,1784807841.0479143,8,0.02070474624633789,0.0025880932807922363,True
0,1499,1784807841.0689547,8,0.02373671531677246,0.0029670894145965576,True
0,1500,1784807841.094087,8,0.01835942268371582,0.0022949278354644775,True
0,1501,1784807841.1128318,8,0.020281314849853516,0.0025351643562316895,True
0,1502,1784807841.133798,8,0.01889824867248535,0.002362281084060669,True
0,1503,1784807841.1529791,8,0.01932239532470703,0.002415299415588379,True
0,1504,1784807841.172749,8,0.018987178802490234,0.0023733973503112793,True
0,1505,1784807841.1920729,8,0.019676685333251953,0.002459585666656494,True
0,1506,1784807841.2120934,8,0.02037787437438965,0.002547234296798706,True
0,1507,1784807841.2330678,8,0.020551681518554688,0.002568960189819336,True
0,1508,1784807841.2539096,8,0.019641399383544922,0.0024551749229431152,True
0,1509,1784807841.273995,8,0.020334243774414062,0.002541780471801758,True
0,1510,1784807841.294631,8,0.018842458724975586,0.0023553073406219482,True
0,1511,1784807841.3140194,8,0.021217823028564453,0.0026522278785705566,True
0,1512,1784807841.3355646,8,0.019118785858154297,0.002389848232269287,True
0,1513,1784807841.355173,8,0.021831274032592773,0.0027289092540740967,True
0,1514,1784807841.3773224,8,0.020409584045410156,0.0025511980056762695,True
0,1515,1784807841.3981538,8,0.020419836044311523,0.0025524795055389404,True
0,1516,1784807841.418883,8,0.019402742385864258,0.0024253427982330322,True
0,1517,1784807841.4385898,8,0.020187854766845703,0.002523481845855713,True
0,1518,1784807841.4590926,8,0.02166295051574707,0.002707868814468384,True
0,1519,1784807841.4810877,8,0.02071857452392578,0.0025898218154907227,True
0,1520,1784807841.5021503,8,0.021260738372802734,0.002657592296600342,True
0,1521,1784807841.5238602,8,0.020281553268432617,0.002535194158554077,True
0,1522,1784807841.5444233,8,0.020442485809326172,0.0025553107261657715,True
0,1523,1784807841.5654433,8,0.020780324935913086,0.0025975406169891357,True
0,1524,1784807841.586579,8,0.01979660987854004,0.002474576234817505,True
0,1525,1784807841.6066847,8,0.02086663246154785,0.0026083290576934814,True
0,1526,1784807841.6279323,8,0.0212860107421875,0.0026607513427734375,True
0,1527,1784807841.649662,8,0.01933908462524414,0.0024173855781555176,True
0,1528,1784807841.6692789,8,0.02182459831237793,0.002728074789047241,True
0,1529,1784807841.6914213,8,0.01933002471923828,0.002416253089904785,True
0,1530,1784807841.7110453,8,0.018931150436401367,0.002366393804550171,True
0,1531,1784807841.7303522,8,0.01952075958251953,0.0024400949478149414,True
0,1532,1784807841.750344,8,0.01908564567565918,0.0023857057094573975,True
0,1533,1784807841.769761,8,0.020769834518432617,0.002596229314804077,True
0,1534,1784807841.790914,8,0.018985986709594727,0.002373248338699341,True
0,1535,1784807841.8104084,8,0.018825292587280273,0.002353161573410034,True
0,1536,1784807841.8296218,8,0.019692659378051758,0.0024615824222564697,True
0,1537,1784807841.8499217,8,0.01935434341430664,0.00241929292678833,True
0,1538,1784807841.870135,8,0.019718647003173828,0.0024648308753967285,True
0,1539,1784807841.8902414,8,0.021799325942993164,0.0027249157428741455,True
0,1540,1784807841.9123602,8,0.019321680068969727,0.002415210008621216,True
0,1541,1784807841.9320476,8,0.02018427848815918,0.0025230348110198975,True
0,1542,1784807841.9527059,8,0.019721031188964844,0.0024651288986206055,True
0,1543,1784807841.9735422,8,0.020465373992919922,0.0025581717491149902,True
0,1544,1784807841.9943185,8,0.019328832626342773,0.0024161040782928467,True
0,1545,1784807842.0142307,8,0.01966071128845215,0.0024575889110565186,True
0,1546,1784807842.0342376,8,0.018987178802490234,0.0023733973503112793,True
0,1547,1784807842.0536795,8,0.018717527389526367,0.002339690923690796,True
0,1548,1784807842.07301,8,0.020411014556884766,0.0025513768196105957,True
0,1549,1784807842.0937161,8,0.01896071434020996,0.002370089292526245,True
0,1550,1784807842.1129794,8,0.019416332244873047,0.002427041530609131,True
0,1551,1784807842.1327405,8,0.020266056060791016,0.002533257007598877,True
0,1552,1784807842.15342,8,0.020926237106323242,0.0026157796382904053,True
0,1553,1784807842.1747758,8,0.02007746696472168,0.00250968337059021,True
0,1554,1784807842.1953156,8,0.018528223037719727,0.002316027879714966,True
0,1555,1784807842.2142668,8,0.02301788330078125,0.0028772354125976562,True
0,1556,1784807842.2379322,8,0.017822742462158203,0.0022278428077697754,True
0,1557,1784807842.2562494,8,0.02056574821472168,0.00257071852684021,True
0,1558,1784807842.277098,8,0.018269062042236328,0.002283632755279541,True
0,1559,1784807842.2956266,8,0.01937103271484375,0.0024213790893554688,True
0,1560,1784807842.315316,8,0.021125078201293945,0.002640634775161743,True
0,1561,1784807842.336785,8,0.0202329158782959,0.0025291144847869873,True
0,1562,1784807842.357305,8,0.018966197967529297,0.002370774745941162,True
0,1563,1784807842.37677,8,0.01945018768310547,0.0024312734603881836,True
0,1564,1784807842.396543,8,0.01983809471130371,0.002479761838912964,True
0,1565,1784807842.4169054,8,0.019703388214111328,0.002462923526763916,True
0,1566,1784807842.4369464,8,0.019604921340942383,0.002450615167617798,True
0,1567,1784807842.456939,8,0.020105600357055664,0.002513200044631958,True
0,1568,1784807842.477477,8,0.01989126205444336,0.00248640775680542,True
0,1569,1784807842.4976811,8,0.022782564163208008,0.002847820520401001,True
0,1570,1784807842.5208359,8,0.018581390380859375,0.002322673797607422,True
0,1571,1784807842.5398052,8,0.02129817008972168,0.00266227126121521,True
0,1572,1784807842.5614998,8,0.018908262252807617,0.002363532781600952,True
0,1573,1784807842.5807621,8,0.019283771514892578,0.0024104714393615723,True
0,1574,1784807842.6003664,8,0.020946741104125977,0.002618342638015747,True
0,1575,1784807842.6216226,8,0.01821279525756836,0.002276599407196045,True
0,1576,1784807842.6402304,8,0.01923823356628418,0.0024047791957855225,True
0,1577,1784807842.6598108,8,0.01949334144592285,0.0024366676807403564,True
0,1578,1784807842.679817,8,0.018585920333862305,0.002323240041732788,True
0,1579,1784807842.6987946,8,0.02175116539001465,0.002718895673751831,True
0,1580,1784807842.7208474,8,0.020354509353637695,0.002544313669204712,True
0,1581,1784807842.7414792,8,0.022279977798461914,0.0027849972248077393,True
0,1582,1784807842.7641075,8,0.025055646896362305,0.003131955862045288,True
0,1583,1784807842.7895942,8,0.015385627746582031,0.001923203468322754,True
0,1584,1784807842.8053074,8,0.01975250244140625,0.0024690628051757812,True
0,1585,1784807842.8254633,8,0.021132469177246094,0.0026415586471557617,True
0,1586,1784807842.846988,8,0.02128005027770996,0.002660006284713745,True
0,1587,1784807842.86883,8,0.018573284149169922,0.0023216605186462402,True
0,1588,1784807842.8877065,8,0.019879817962646484,0.0024849772453308105,True
0,1589,1784807842.9082808,8,0.02073049545288086,0.0025913119316101074,True
0,1590,1784807842.9294608,8,0.02019476890563965,0.002524346113204956,True
0,1591,1784807842.950278,8,0.018860340118408203,0.0023575425148010254,True
0,1592,1784807842.9699316,8,0.01880025863647461,0.002350032329559326,True
0,1593,1784807842.9890163,8,0.0185701847076416,0.0023212730884552,True
0,1594,1784807843.0080736,8,0.020939350128173828,0.0026174187660217285,True
0,1595,1784807843.029449,8,0.01842212677001953,0.0023027658462524414,True
0,1596,1784807843.0482833,8,0.020321369171142578,0.0025401711463928223,True
0,1597,1784807843.068925,8,0.018932104110717773,0.0023665130138397217,True
0,1598,1784807843.0882118,8,0.019867420196533203,0.0024834275245666504,True
0,1599,1784807843.108358,8,0.019860267639160156,0.0024825334548950195,True
0,1600,1784807843.1291363,8,0.019349098205566406,0.0024186372756958008,True
0,1601,1784807843.149009,8,0.018219947814941406,0.0022774934768676758,True
0,1602,1784807843.1676831,8,0.022190093994140625,0.002773761749267578,True
0,1603,1784807843.1905565,8,0.019112348556518555,0.0023890435695648193,True
0,1604,1784807843.210104,8,0.021584749221801758,0.0026980936527252197,True
0,1605,1784807843.2320437,8,0.019154787063598633,0.002394348382949829,True
0,1606,1784807843.2514834,8,0.02007746696472168,0.00250968337059021,True
0,1607,1784807843.2719245,8,0.018791913986206055,0.002348989248275757,True
0,1608,1784807843.2909563,8,0.01940155029296875,0.0024251937866210938,True
0,1609,1784807843.310646,8,0.018605470657348633,0.002325683832168579,True
0,1610,1784807843.3296752,8,0.020418405532836914,0.0025523006916046143,True
0,1611,1784807843.350451,8,0.025380373001098633,0.003172546625137329,True
0,1612,1784807843.3771849,8,0.019587278366088867,0.0024484097957611084,True
0,1613,1784807843.3971963,8,0.02117443084716797,0.002646803855895996,True
0,1614,1784807843.4195583,8,0.021200180053710938,0.002650022506713867,True
0,1615,1784807843.4414132,8,0.01989603042602539,0.002487003803253174,True
0,1616,1784807843.4618742,8,0.01990365982055664,0.00248795747756958,True
0,1617,1784807843.4821627,8,0.019395828247070312,0.002424478530883789,True
0,1618,1784807843.5019255,8,0.020045757293701172,0.0025057196617126465,True
0,1619,1784807843.5223377,8,0.020429611206054688,0.002553701400756836,True
0,1620,1784807843.54306,8,0.019835948944091797,0.0024794936180114746,True
0,1621,1784807843.563327,8,0.020730972290039062,0.002591371536254883,True
0,1622,1784807843.584447,8,0.019995450973510742,0.0024994313716888428,True
0,1623,1784807843.6048338,8,0.02082991600036621,0.0026037395000457764,True
0,1624,1784807843.6260478,8,0.020858049392700195,0.0026072561740875244,True
0,1625,1784807843.6472747,8,0.021057844161987305,0.002632230520248413,True
0,1626,1784807843.668662,8,0.01990032196044922,0.0024875402450561523,True
0,1627,1784807843.6889138,8,0.02001786231994629,0.002502232789993286,True
0,1628,1784807843.7095087,8,0.02033257484436035,0.002541571855545044,True
0,1629,1784807843.730416,8,0.020921945571899414,0.0026152431964874268,True
0,1630,1784807843.7519555,8,0.020316123962402344,0.002539515495300293,True
0,1631,1784807843.7728124,8,0.019667387008666992,0.002458423376083374,True
0,1632,1784807843.7930915,8,0.023777008056640625,0.002972126007080078,True
0,1633,1784807843.817509,8,0.020708799362182617,0.002588599920272827,True
0,1634,1784807843.8387787,8,0.0198824405670166,0.002485305070877075,True
0,1635,1784807843.8591413,8,0.020635128021240234,0.0025793910026550293,True
0,1636,1784807843.8801641,8,0.019954681396484375,0.002494335174560547,True
0,1637,1784807843.9005144,8,0.01807093620300293,0.002258867025375366,True
0,1638,1784807843.9189281,8,0.019829988479614258,0.0024787485599517822,True
0,1639,1784807843.9392233,8,0.020888566970825195,0.0026110708713531494,True
0,1640,1784807843.9604344,8,0.022011756896972656,0.002751469612121582,True
0,1641,1784807843.982789,8,0.018832683563232422,0.0023540854454040527,True
0,1642,1784807844.00195,8,0.020911693572998047,0.002613961696624756,True
0,1643,1784807844.0231671,8,0.02166604995727539,0.002708256244659424,True
0,1644,1784807844.0452561,8,0.02069568634033203,0.002586960792541504,True
0,1645,1784807844.0663393,8,0.02024984359741211,0.0025312304496765137,True
0,1646,1784807844.0868707,8,0.020483016967773438,0.0025603771209716797,True
0,1647,1784807844.1077342,8,0.0194551944732666,0.002431899309158325,True
0,1648,1784807844.1274555,8,0.02106165885925293,0.002632707357406616,True
0,1649,1784807844.1489398,8,0.020560264587402344,0.002570033073425293,True
0,1650,1784807844.1698635,8,0.019526958465576172,0.0024408698081970215,True
0,1651,1784807844.1897702,8,0.019235849380493164,0.0024044811725616455,True
0,1652,1784807844.2093906,8,0.020424842834472656,0.002553105354309082,True
0,1653,1784807844.2302096,8,0.021296262741088867,0.0026620328426361084,True
0,1654,1784807844.2517674,8,0.021391868591308594,0.0026739835739135742,True
0,1655,1784807844.273545,8,0.021924495697021484,0.0027405619621276855,True
0,1656,1784807844.295806,8,0.01846456527709961,0.002308070659637451,True
0,1657,1784807844.3147717,8,0.020102977752685547,0.0025128722190856934,True
0,1658,1784807844.33529,8,0.02041769027709961,0.002552211284637451,True
0,1659,1784807844.3561184,8,0.02140498161315918,0.0026756227016448975,True
0,1660,1784807844.3779182,8,0.018802404403686523,0.0023503005504608154,True
0,1661,1784807844.39703,8,0.021648406982421875,0.0027060508728027344,True
0,1662,1784807844.4190884,8,0.02017974853515625,0.0025224685668945312,True
0,1663,1784807844.4397063,8,0.017846107482910156,0.0022307634353637695,True
0,1664,1784807844.4579287,8,0.019221067428588867,0.0024026334285736084,True
0,1665,1784807844.477456,8,0.01864480972290039,0.002330601215362549,True
0,1666,1784807844.4963791,8,0.018604040145874023,0.002325505018234253,True
0,1667,1784807844.5160124,8,0.023557186126708984,0.002944648265838623,True
0,1668,1784807844.5399232,8,0.018123626708984375,0.002265453338623047,True
0,1669,1784807844.5584354,8,0.020894289016723633,0.002611786127090454,True
0,1670,1784807844.579732,8,0.019119739532470703,0.002389967441558838,True
0,1671,1784807844.5994117,8,0.019107580184936523,0.0023884475231170654,True
0,1672,1784807844.6188872,8,0.020788192749023438,0.0025985240936279297,True
0,1673,1784807844.63994,8,0.02321457862854004,0.002901822328567505,True
0,1674,1784807844.6634717,8,0.019350051879882812,0.0024187564849853516,True
0,1675,1784807844.6831083,8,0.019846677780151367,0.002480834722518921,True
0,1676,1784807844.703303,8,0.019841909408569336,0.002480238676071167,True
0,1677,1784807844.7234948,8,0.021167755126953125,0.0026459693908691406,True
0,1678,1784807844.745325,8,0.020113229751586914,0.0025141537189483643,True
0,1679,1784807844.7658384,8,0.0206449031829834,0.002580612897872925,True
0,1680,1784807844.7868052,8,0.01945638656616211,0.0024320483207702637,True
0,1681,1784807844.8066688,8,0.02029561996459961,0.002536952495574951,True
0,1682,1784807844.8273227,8,0.021847009658813477,0.0027308762073516846,True
0,1683,1784807844.8494554,8,0.018220901489257812,0.0022776126861572266,True
0,1684,1784807844.8680522,8,0.01908564567565918,0.0023857057094573975,True
0,1685,1784807844.8874066,8,0.020284652709960938,0.002535581588745117,True
0,1686,1784807844.9081001,8,0.02183246612548828,0.002729058265686035,True
0,1687,1784807844.9302387,8,0.017964839935302734,0.002245604991912842,True
0,1688,1784807844.9486353,8,0.0198976993560791,0.0024872124195098877,True
0,1689,1784807844.9687848,8,0.02236199378967285,0.0027952492237091064,True
0,1690,1784807844.991408,8,0.020072460174560547,0.0025090575218200684,True
0,1691,1784807845.0117793,8,0.019154787063598633,0.002394348382949829,True
0,1692,1784807845.0313792,8,0.02050948143005371,0.002563685178756714,True
0,1693,1784807845.0522184,8,0.020879268646240234,0.0026099085807800293,True
0,1694,1784807845.0734677,8,0.019243240356445312,0.002405405044555664,True
0,1695,1784807845.093091,8,0.02165079116821289,0.0027063488960266113,True
0,1696,1784807845.1150856,8,0.020920276641845703,0.002615034580230713,True
0,1697,1784807845.1363087,8,0.019055843353271484,0.0023819804191589355,True
0,1698,1784807845.1558375,8,0.019359111785888672,0.002419888973236084,True
0,1699,1784807845.17556,8,0.018913745880126953,0.002364218235015869,True
0,1700,1784807845.194751,8,0.020155668258666992,0.002519458532333374,True
0,1701,1784807845.216061,8,0.01840829849243164,0.002301037311553955,True
0,1702,1784807845.2347991,8,0.019577980041503906,0.0024472475051879883,True
0,1703,1784807845.2546604,8,0.019492626190185547,0.0024365782737731934,True
0,1704,1784807845.2749217,8,0.01895594596862793,0.002369493246078491,True
0,1705,1784807845.2942479,8,0.020240306854248047,0.002530038356781006,True
0,1706,1784807845.3148792,8,0.021766185760498047,0.002720773220062256,True
0,1707,1784807845.337057,8,0.02058863639831543,0.0025735795497894287,True
0,1708,1784807845.3581076,8,0.0191805362701416,0.0023975670337677,True
0,1709,1784807845.3776515,8,0.020531654357910156,0.0025664567947387695,True
0,1710,1784807845.3985226,8,0.022552013397216797,0.0028190016746520996,True
0,1711,1784807845.4224415,8,0.019619226455688477,0.0024524033069610596,True
0,1712,1784807845.442355,8,0.01888895034790039,0.002361118793487549,True
0,1713,1784807845.4615772,8,0.018502473831176758,0.0023128092288970947,True
0,1714,1784807845.4804764,8,0.021089792251586914,0.0026362240314483643,True
0,1715,1784807845.5020087,8,0.01976799964904785,0.0024709999561309814,True
0,1716,1784807845.5222957,8,0.019519329071044922,0.0024399161338806152,True
0,1717,1784807845.5426185,8,0.020591259002685547,0.0025739073753356934,True
0,1718,1784807845.5637302,8,0.0215451717376709,0.0026931464672088623,True
0,1719,1784807845.5873597,8,0.019183635711669922,0.0023979544639587402,True
0,1720,1784807845.6070576,8,0.02104330062866211,0.0026304125785827637,True
0,1721,1784807845.628501,8,0.020189285278320312,0.002523660659790039,True
0,1722,1784807845.6492252,8,0.020482540130615234,0.0025603175163269043,True
0,1723,1784807845.6705246,8,0.02290821075439453,0.0028635263442993164,True
0,1724,1784807845.694886,8,0.017255067825317383,0.002156883478164673,True
0,1725,1784807845.7124524,8,0.021390438079833984,0.002673804759979248,True
0,1726,1784807845.7342343,8,0.02167487144470215,0.0027093589305877686,True
0,1727,1784807845.756288,8,0.019938945770263672,0.002492368221282959,True
0,1728,1784807845.7765799,8,0.022627830505371094,0.0028284788131713867,True
0,1729,1784807845.7998922,8,0.02060556411743164,0.002575695514678955,True
0,1730,1784807845.8208427,8,0.019999265670776367,0.002499908208847046,True
0,1731,1784807845.8412268,8,0.019994497299194336,0.002499312162399292,True
0,1732,1784807845.8615806,8,0.01961803436279297,0.002452254295349121,True
0,1733,1784807845.8815188,8,0.0208585262298584,0.0026073157787323,True
0,1734,1784807845.9029155,8,0.020171403884887695,0.002521425485610962,True
0,1735,1784807845.9234672,8,0.019655704498291016,0.002456963062286377,True
0,1736,1784807845.943446,8,0.01942753791809082,0.0024284422397613525,True
0,1737,1784807845.9632108,8,0.01970505714416504,0.00246313214302063,True
0,1738,1784807845.9832897,8,0.020828723907470703,0.002603590488433838,True
0,1739,1784807846.0044758,8,0.01903557777404785,0.0023794472217559814,True
0,1740,1784807846.0238004,8,0.01932835578918457,0.0024160444736480713,True
0,1741,1784807846.0439715,8,0.019977569580078125,0.0024971961975097656,True
0,1742,1784807846.064355,8,0.020547866821289062,0.002568483352661133,True
0,1743,1784807846.0852902,8,0.020409822463989258,0.0025512278079986572,True
0,1744,1784807846.106067,8,0.01913905143737793,0.002392381429672241,True
0,1745,1784807846.1256154,8,0.018459081649780273,0.002307385206222534,True
0,1746,1784807846.1444912,8,0.019716739654541016,0.002464592456817627,True
0,1747,1784807846.164504,8,0.019492626190185547,0.0024365782737731934,True
0,1748,1784807846.1843252,8,0.02119302749633789,0.0026491284370422363,True
0,1749,1784807846.2059455,8,0.019957780838012695,0.002494722604751587,True
0,1750,1784807846.2262113,8,0.024497032165527344,0.003062129020690918,True
0,1751,1784807846.2511666,8,0.01975083351135254,0.0024688541889190674,True
0,1752,1784807846.2713,8,0.019666671752929688,0.002458333969116211,True
0,1753,1784807846.2912393,8,0.02256321907043457,0.0028204023838043213,True
0,1754,1784807846.3141263,8,0.02049541473388672,0.00256192684173584,True
0,1755,1784807846.334935,8,0.020386219024658203,0.0025482773780822754,True
0,1756,1784807846.3557055,8,0.019504308700561523,0.0024380385875701904,True
0,1757,1784807846.3756669,8,0.020575761795043945,0.002571970224380493,True
0,1758,1784807846.3965468,8,0.01974177360534668,0.002467721700668335,True
0,1759,1784807846.4165742,8,0.020233869552612305,0.002529233694076538,True
0,1760,1784807846.4371448,8,0.019144535064697266,0.002393066883087158,True
0,1761,1784807846.4567535,8,0.01845240592956543,0.0023065507411956787,True
0,1762,1784807846.4756644,8,0.019434452056884766,0.0024293065071105957,True
0,1763,1784807846.4957032,8,0.019541025161743164,0.0024426281452178955,True
0,1764,1784807846.5156467,8,0.0196685791015625,0.0024585723876953125,True
0,1765,1784807846.5357478,8,0.02045750617980957,0.0025571882724761963,True
0,1766,1784807846.5573215,8,0.017998695373535156,0.0022498369216918945,True
0,1767,1784807846.5763507,8,0.019822120666503906,0.0024777650833129883,True
0,1768,1784807846.5968537,8,0.018819093704223633,0.002352386713027954,True
0,1769,1784807846.6165469,8,0.021267175674438477,0.0026583969593048096,True
0,1770,1784807846.6385581,8,0.019863605499267578,0.0024829506874084473,True
0,1771,1784807846.659284,8,0.020528078079223633,0.002566009759902954,True
0,1772,1784807846.6807783,8,0.020618438720703125,0.0025773048400878906,True
0,1773,1784807846.7017262,8,0.019609689712524414,0.0024512112140655518,True
0,1774,1784807846.721671,8,0.020124435424804688,0.002515554428100586,True
0,1775,1784807846.7422671,8,0.020021915435791016,0.002502739429473877,True
0,1776,1784807846.7625756,8,0.020435333251953125,0.0025544166564941406,True
0,1777,1784807846.783458,8,0.023897647857666016,0.002987205982208252,True
0,1778,1784807846.807609,8,0.017621994018554688,0.002202749252319336,True
0,1779,1784807846.8255777,8,0.021305084228515625,0.002663135528564453,True
0,1780,1784807846.8472426,8,0.020654678344726562,0.0025818347930908203,True
0,1781,1784807846.8681777,8,0.019429445266723633,0.002428680658340454,True
0,1782,1784807846.8878806,8,0.019517898559570312,0.002439737319946289,True
0,1783,1784807846.9078033,8,0.020760059356689453,0.0025950074195861816,True
0,1784,1784807846.9289627,8,0.018972158432006836,0.0023715198040008545,True
0,1785,1784807846.9482715,8,0.020096540451049805,0.0025120675563812256,True
0,1786,1784807846.9686692,8,0.01949930191040039,0.002437412738800049,True
0,1787,1784807846.988748,8,0.01969623565673828,0.002462029457092285,True
0,1788,1784807847.008781,8,0.019807100296020508,0.0024758875370025635,True
0,1789,1784807847.02901,8,0.019881010055541992,0.002485126256942749,True
0,1790,1784807847.0495186,8,0.02074909210205078,0.0025936365127563477,True
0,1791,1784807847.0706573,8,0.019228696823120117,0.0024035871028900146,True
0,1792,1784807847.090211,8,0.019797801971435547,0.0024747252464294434,True
0,1793,1784807847.1111658,8,0.019629955291748047,0.002453744411468506,True
0,1794,1784807847.131516,8,0.019211769104003906,0.0024014711380004883,True
0,1795,1784807847.1514945,8,0.0193479061126709,0.0024184882640838623,True
0,1796,1784807847.1712036,8,0.021256446838378906,0.0026570558547973633,True
0,1797,1784807847.1941967,8,0.01844024658203125,0.0023050308227539062,True
0,1798,1784807847.2131968,8,0.022069692611694336,0.002758711576461792,True
0,1799,1784807847.2361393,8,0.020581483840942383,0.002572685480117798,True
0,1800,1784807847.2570572,8,0.021027326583862305,0.002628415822982788,True
0,1801,1784807847.2784872,8,0.019125699996948242,0.0023907124996185303,True
0,1802,1784807847.2981613,8,0.020270824432373047,0.002533853054046631,True
0,1803,1784807847.3186965,8,0.018362045288085938,0.002295255661010742,True
0,1804,1784807847.3374221,8,0.021042346954345703,0.002630293369293213,True
0,1805,1784807847.3588622,8,0.022382020950317383,0.002797752618789673,True
0,1806,1784807847.381604,8,0.020316600799560547,0.0025395750999450684,True
0,1807,1784807847.402781,8,0.01876974105834961,0.002346217632293701,True
0,1808,1784807847.422136,8,0.01922130584716797,0.002402663230895996,True
0,1809,1784807847.441735,8,0.019705533981323242,0.0024631917476654053,True
0,1810,1784807847.4619403,8,0.0193941593170166,0.002424269914627075,True
0,1811,1784807847.4817567,8,0.020232677459716797,0.0025290846824645996,True
0,1812,1784807847.5032017,8,0.018737316131591797,0.0023421645164489746,True
0,1813,1784807847.522289,8,0.02211904525756836,0.002764880657196045,True
0,1814,1784807847.5448048,8,0.019869089126586914,0.0024836361408233643,True
0,1815,1784807847.565053,8,0.019474029541015625,0.002434253692626953,True
0,1816,1784807847.5848792,8,0.020760059356689453,0.0025950074195861816,True
0,1817,1784807847.6059968,8,0.018746614456176758,0.0023433268070220947,True
0,1818,1784807847.6251256,8,0.02245807647705078,0.0028072595596313477,True
0,1819,1784807847.6480055,8,0.019032001495361328,0.002379000186920166,True
0,1820,1784807847.6683252,8,0.019654035568237305,0.002456754446029663,True
0,1821,1784807847.6884394,8,0.02059459686279297,0.002574324607849121,True
0,1822,1784807847.709696,8,0.01978778839111328,0.00247347354888916,True
0,1823,1784807847.7299325,8,0.02038097381591797,0.002547621726989746,True
0,1824,1784807847.7510722,8,0.01844000816345215,0.0023050010204315186,True
0,1825,1784807847.7697861,8,0.02006387710571289,0.0025079846382141113,True
0,1826,1784807847.7902048,8,0.021549463272094727,0.002693682909011841,True
0,1827,1784807847.812137,8,0.019694805145263672,0.002461850643157959,True
0,1828,1784807847.8321729,8,0.01962876319885254,0.0024535953998565674,True
0,1829,1784807847.8523145,8,0.020299196243286133,0.0025373995304107666,True
0,1830,1784807847.8729827,8,0.019951820373535156,0.0024939775466918945,True
0,1831,1784807847.893559,8,0.01992011070251465,0.002490013837814331,True
0,1832,1784807847.913924,8,0.019250154495239258,0.0024062693119049072,True
0,1833,1784807847.9346542,8,0.02250528335571289,0.0028131604194641113,True
0,1834,1784807847.9575858,8,0.019945383071899414,0.0024931728839874268,True
0,1835,1784807847.9779239,8,0.02024555206298828,0.002530694007873535,True
0,1836,1784807847.9985187,8,0.01955127716064453,0.0024439096450805664,True
0,1837,1784807848.0185778,8,0.020334243774414062,0.002541780471801758,True
0,1838,1784807848.0392828,8,0.01954030990600586,0.0024425387382507324,True
0,1839,1784807848.0593762,8,0.020942211151123047,0.002617776393890381,True
0,1840,1784807848.0807042,8,0.02047443389892578,0.0025593042373657227,True
0,1841,1784807848.102733,8,0.018854618072509766,0.0023568272590637207,True
0,1842,1784807848.1223352,8,0.022709369659423828,0.0028386712074279785,True
0,1843,1784807848.145456,8,0.01975727081298828,0.002469658851623535,True
0,1844,1784807848.1658232,8,0.02321624755859375,0.0029020309448242188,True
0,1845,1784807848.1905916,8,0.02108621597290039,0.002635776996612549,True
0,1846,1784807848.2121053,8,0.020132780075073242,0.0025165975093841553,True
0,1847,1784807848.2328503,8,0.020602703094482422,0.0025753378868103027,True
0,1848,1784807848.254018,8,0.018190622329711914,0.0022738277912139893,True
0,1849,1784807848.2728891,8,0.021239519119262695,0.002654939889907837,True
0,1850,1784807848.2944891,8,0.02042555809020996,0.002553194761276245,True
0,1851,1784807848.315287,8,0.019396066665649414,0.0024245083332061768,True
0,1852,1784807848.3353934,8,0.02023029327392578,0.0025287866592407227,True
0,1853,1784807848.355985,8,0.021218061447143555,0.0026522576808929443,True
0,1854,1784807848.3786628,8,0.020356178283691406,0.0025445222854614258,True
0,1855,1784807848.3995183,8,0.0193479061126709,0.0024184882640838623,True
0,1856,1784807848.4193347,8,0.019656896591186523,0.0024571120738983154,True
0,1857,1784807848.4394498,8,0.021288633346557617,0.002661079168319702,True
0,1858,1784807848.4611032,8,0.01974177360534668,0.002467721700668335,True
0,1859,1784807848.4812827,8,0.019436359405517578,0.0024295449256896973,True
0,1860,1784807848.5010114,8,0.024352073669433594,0.0030440092086791992,True
0,1861,1784807848.5256991,8,0.017642736434936523,0.0022053420543670654,True
0,1862,1784807848.54376,8,0.019329547882080078,0.0024161934852600098,True
0,1863,1784807848.5634859,8,0.01983165740966797,0.002478957176208496,True
0,1864,1784807848.5835948,8,0.019861459732055664,0.002482682466506958,True
0,1865,1784807848.6038406,8,0.019597291946411133,0.0024496614933013916,True
0,1866,1784807848.6237638,8,0.020603656768798828,0.0025754570960998535,True
0,1867,1784807848.6451917,8,0.021930217742919922,0.0027412772178649902,True
0,1868,1784807848.667469,8,0.020165681838989258,0.0025207102298736572,True
0,1869,1784807848.6880825,8,0.019863367080688477,0.0024829208850860596,True
0,1870,1784807848.7082553,8,0.020117998123168945,0.002514749765396118,True
0,1871,1784807848.7286875,8,0.0208895206451416,0.0026111900806427,True
0,1872,1784807848.7499478,8,0.018879175186157227,0.0023598968982696533,True
0,1873,1784807848.7692297,8,0.02008986473083496,0.00251123309135437,True
0,1874,1784807848.7896063,8,0.020000696182250977,0.002500087022781372,True
0,1875,1784807848.8108287,8,0.019666194915771484,0.0024582743644714355,True
0,1876,1784807848.8314307,8,0.02040863037109375,0.0025510787963867188,True
0,1877,1784807848.8521695,8,0.019669771194458008,0.002458721399307251,True
0,1878,1784807848.8725984,8,0.019754409790039062,0.002469301223754883,True
0,1879,1784807848.8927374,8,0.020888328552246094,0.0026110410690307617,True
0,1880,1784807848.9140007,8,0.022286653518676758,0.0027858316898345947,True
0,1881,1784807848.9369032,8,0.02166295051574707,0.002707868814468384,True
0,1882,1784807848.9588487,8,0.019286394119262695,0.002410799264907837,True
0,1883,1784807848.9785774,8,0.021440982818603516,0.0026801228523254395,True
0,1884,1784807849.000438,8,0.01859879493713379,0.0023248493671417236,True
0,1885,1784807849.019555,8,0.020064830780029297,0.002508103847503662,True
0,1886,1784807849.0400546,8,0.019683122634887695,0.002460390329360962,True
0,1887,1784807849.060156,8,0.019037246704101562,0.0023796558380126953,True
0,1888,1784807849.079711,8,0.02274298667907715,0.0028428733348846436,True
0,1889,1784807849.1029208,8,0.019173860549926758,0.0023967325687408447,True
0,1890,1784807849.1224418,8,0.020120859146118164,0.0025151073932647705,True
0,1891,1784807849.1428273,8,0.01892399787902832,0.00236549973487854,True
0,1892,1784807849.1621006,8,0.019299983978271484,0.0024124979972839355,True
0,1893,1784807849.181724,8,0.021801471710205078,0.0027251839637756348,True
0,1894,1784807849.20385,8,0.020987510681152344,0.002623438835144043,True
0,1895,1784807849.225162,8,0.019997119903564453,0.0024996399879455566,True
0,1896,1784807849.2455158,8,0.01909184455871582,0.0023864805698394775,True
0,1897,1784807849.2649074,8,0.021224498748779297,0.002653062343597412,True
0,1898,1784807849.2865365,8,0.020160436630249023,0.002520054578781128,True
0,1899,1784807849.308598,8,0.019440412521362305,0.002430051565170288,True
0,1900,1784807849.3283591,8,0.01869964599609375,0.0023374557495117188,True
0,1901,1784807849.3475673,8,0.02048325538635254,0.0025604069232940674,True
0,1902,1784807849.3683455,8,0.02051830291748047,0.0025647878646850586,True
0,1903,1784807849.3895967,8,0.01955127716064453,0.0024439096450805664,True
0,1904,1784807849.4095306,8,0.021760225296020508,0.0027200281620025635,True
0,1905,1784807849.43242,8,0.018887042999267578,0.0023608803749084473,True
0,1906,1784807849.4524918,8,0.01990365982055664,0.00248795747756958,True
0,1907,1784807849.4728074,8,0.020683765411376953,0.002585470676422119,True
0,1908,1784807849.4941435,8,0.02135443687438965,0.002669304609298706,True
0,1909,1784807849.515906,8,0.020700454711914062,0.002587556838989258,True
0,1910,1784807849.5373266,8,0.01986384391784668,0.002482980489730835,True
0,1911,1784807849.5576828,8,0.021517515182495117,0.0026896893978118896,True
0,1912,1784807849.579826,8,0.01784968376159668,0.002231210470199585,True
0,1913,1784807849.5979981,8,0.018454790115356445,0.0023068487644195557,True
0,1914,1784807849.6172118,8,0.021991968154907227,0.0027489960193634033,True
0,1915,1784807849.6403224,8,0.019614219665527344,0.002451777458190918,True
0,1916,1784807849.6602535,8,0.022861003875732422,0.0028576254844665527,True
0,1917,1784807849.6833696,8,0.017151832580566406,0.0021439790725708008,True
0,1918,1784807849.7008169,8,0.01955580711364746,0.0024444758892059326,True
0,1919,1784807849.7207143,8,0.018175601959228516,0.0022719502449035645,True
0,1920,1784807849.739267,8,0.021052122116088867,0.0026315152645111084,True
0,1921,1784807849.7607384,8,0.02175760269165039,0.002719700336456299,True
0,1922,1784807849.7832592,8,0.02152538299560547,0.0026906728744506836,True
0,1923,1784807849.8061173,8,0.020988941192626953,0.002623617649078369,True
0,1924,1784807849.8275833,8,0.01941061019897461,0.002426326274871826,True
0,1925,1784807849.8475,8,0.021280288696289062,0.002660036087036133,True
0,1926,1784807849.8691626,8,0.020066022872924805,0.0025082528591156006,True
0,1927,1784807849.8896062,8,0.019234657287597656,0.002404332160949707,True
0,1928,1784807849.909188,8,0.019782543182373047,0.002472817897796631,True
0,1929,1784807849.9299026,8,0.02039361000061035,0.002549201250076294,True
0,1930,1784807849.9505775,8,0.019344806671142578,0.0024181008338928223,True
0,1931,1784807849.9702163,8,0.023801803588867188,0.0029752254486083984,True
0,1932,1784807849.9943664,8,0.021181583404541016,0.002647697925567627,True
0,1933,1784807850.0159178,8,0.020467042922973633,0.002558380365371704,True
0,1934,1784807850.0367568,8,0.019316434860229492,0.0024145543575286865,True
0,1935,1784807850.056436,8,0.019456863403320312,0.002432107925415039,True
0,1936,1784807850.0762632,8,0.019901752471923828,0.0024877190589904785,True
0,1937,1784807850.0964658,8,0.022119522094726562,0.0027649402618408203,True
0,1938,1784807850.1188715,8,0.01919865608215332,0.002399832010269165,True
0,1939,1784807850.1383603,8,0.020746231079101562,0.0025932788848876953,True
0,1940,1784807850.1594143,8,0.020078659057617188,0.0025098323822021484,True
0,1941,1784807850.1798227,8,0.019599199295043945,0.002449899911880493,True
0,1942,1784807850.1998575,8,0.020642757415771484,0.0025803446769714355,True
0,1943,1784807850.2208657,8,0.020179271697998047,0.002522408962249756,True
0,1944,1784807850.2415195,8,0.02100229263305664,0.00262528657913208,True
0,1945,1784807850.262815,8,0.02000713348388672,0.00250089168548584,True
0,1946,1784807850.2830932,8,0.020470619201660156,0.0025588274002075195,True
0,1947,1784807850.303909,8,0.020613431930541992,0.002576678991317749,True
0,1948,1784807850.324785,8,0.019159555435180664,0.002394944429397583,True
0,1949,1784807850.344368,8,0.019552946090698242,0.0024441182613372803,True
0,1950,1784807850.364524,8,0.01880621910095215,0.0023507773876190186,True
0,1951,1784807850.3838127,8,0.02073383331298828,0.002591729164123535,True
0,1952,1784807850.4049044,8,0.0185244083404541,0.0023155510425567627,True
0,1953,1784807850.4238245,8,0.021171092987060547,0.0026463866233825684,True
0,1954,1784807850.4454806,8,0.020387887954711914,0.0025484859943389893,True
0,1955,1784807850.4662843,8,0.019901752471923828,0.0024877190589904785,True
0,1956,1784807850.486489,8,0.019310474395751953,0.002413809299468994,True
0,1957,1784807850.5061579,8,0.0202333927154541,0.0025291740894317627,True
0,1958,1784807850.5268016,8,0.021558046340942383,0.002694755792617798,True
0,1959,1784807850.5487847,8,0.019405126571655273,0.002425640821456909,True
0,1960,1784807850.5684838,8,0.018523693084716797,0.0023154616355895996,True
0,1961,1784807850.5877433,8,0.020606040954589844,0.0025757551193237305,True
0,1962,1784807850.6086423,8,0.021579980850219727,0.002697497606277466,True
0,1963,1784807850.6305463,8,0.02083301544189453,0.0026041269302368164,True
0,1964,1784807850.6516879,8,0.019746780395507812,0.0024683475494384766,True
0,1965,1784807850.6718116,8,0.019124984741210938,0.002390623092651367,True
0,1966,1784807850.691554,8,0.019728422164916992,0.002466052770614624,True
0,1967,1784807850.7115674,8,0.02035236358642578,0.0025440454483032227,True
0,1968,1784807850.732223,8,0.020775794982910156,0.0025969743728637695,True
0,1969,1784807850.7535336,8,0.02057361602783203,0.002571702003479004,True
0,1970,1784807850.7745137,8,0.01986980438232422,0.0024837255477905273,True
0,1971,1784807850.7947974,8,0.0191042423248291,0.0023880302906036377,True
0,1972,1784807850.8144047,8,0.02204728126525879,0.0027559101581573486,True
0,1973,1784807850.8367174,8,0.019751548767089844,0.0024689435958862305,True
0,1974,1784807850.856774,8,0.020229578018188477,0.0025286972522735596,True
0,1975,1784807850.8773832,8,0.02017521858215332,0.002521902322769165,True
0,1976,1784807850.897894,8,0.021294832229614258,0.0026618540287017822,True
0,1977,1784807850.9194849,8,0.018321990966796875,0.0022902488708496094,True
0,1978,1784807850.938147,8,0.020190715789794922,0.0025238394737243652,True
0,1979,1784807850.9590497,8,0.02075481414794922,0.0025943517684936523,True
0,1980,1784807850.9803822,8,0.01961660385131836,0.002452075481414795,True
0,1981,1784807851.0003679,8,0.020051240921020508,0.0025064051151275635,True
0,1982,1784807851.02092,8,0.022565841674804688,0.002820730209350586,True
0,1983,1784807851.0438943,8,0.01905512809753418,0.0023818910121917725,True
0,1984,1784807851.0632753,8,0.018865346908569336,0.002358168363571167,True
0,1985,1784807851.0824444,8,0.021485090255737305,0.002685636281967163,True
0,1986,1784807851.1042812,8,0.018585920333862305,0.002323240041732788,True
0,1987,1784807851.123142,8,0.02029132843017578,0.0025364160537719727,True
0,1988,1784807851.143821,8,0.01967620849609375,0.0024595260620117188,True
0,1989,1784807851.1638525,8,0.019661664962768555,0.0024577081203460693,True
0,1990,1784807851.1838138,8,0.020015478134155273,0.002501934766769409,True
0,1991,1784807851.204354,8,0.019462108612060547,0.0024327635765075684,True
0,1992,1784807851.2241807,8,0.021907567977905273,0.002738445997238159,True
0,1993,1784807851.2464385,8,0.01849985122680664,0.00231248140335083,True
0,1994,1784807851.2654364,8,0.020578861236572266,0.002572357654571533,True
0,1995,1784807851.2863486,8,0.019657373428344727,0.002457171678543091,True
0,1996,1784807851.306282,8,0.0211641788482666,0.002645522356033325,True
0,1997,1784807851.3278441,8,0.019312620162963867,0.0024140775203704834,True
0,1998,1784807851.34751,8,0.020219087600708008,0.002527385950088501,True
0,1999,1784807851.3680842,8,0.02047276496887207,0.002559095621109009,True
0,2000,1784807851.388921,8,0.020740985870361328,0.002592623233795166,True
0,2001,1784807851.4105985,8,0.022629737854003906,0.0028287172317504883,True
0,2002,1784807851.4337244,8,0.021518707275390625,0.002689838409423828,True
0,2003,1784807851.4556756,8,0.01823592185974121,0.0022794902324676514,True
0,2004,1784807851.4744897,8,0.019954204559326172,0.0024942755699157715,True
0,2005,1784807851.494801,8,0.019747018814086914,0.0024683773517608643,True
0,2006,1784807851.5151248,8,0.01944136619567871,0.002430170774459839,True
0,2007,1784807851.5357442,8,0.020479917526245117,0.0025599896907806396,True
0,2008,1784807851.5566852,8,0.018907546997070312,0.002363443374633789,True
0,2009,1784807851.5766532,8,0.01902604103088379,0.0023782551288604736,True
0,2010,1784807851.5968456,8,0.019299745559692383,0.002412468194961548,True
0,2011,1784807851.6165261,8,0.01937270164489746,0.0024215877056121826,True
0,2012,1784807851.63634,8,0.019260883331298828,0.0024076104164123535,True
0,2013,1784807851.6562667,8,0.020026683807373047,0.002503335475921631,True
0,2014,1784807851.6770024,8,0.019762754440307617,0.002470344305038452,True
0,2015,1784807851.697205,8,0.02028822898864746,0.0025360286235809326,True
0,2016,1784807851.7194805,8,0.019255876541137695,0.002406984567642212,True
0,2017,1784807851.7395372,8,0.02192521095275879,0.0027406513690948486,True
0,2018,1784807851.762016,8,0.019819974899291992,0.002477496862411499,True
0,2019,1784807851.782292,8,0.01948404312133789,0.0024355053901672363,True
0,2020,1784807851.8022826,8,0.019487380981445312,0.002435922622680664,True
0,2021,1784807851.8221714,8,0.02109694480895996,0.002637118101119995,True
0,2022,1784807851.844148,8,0.02021312713623047,0.0025266408920288086,True
0,2023,1784807851.864727,8,0.02039194107055664,0.00254899263381958,True
0,2024,1784807851.8855457,8,0.021257877349853516,0.0026572346687316895,True
0,2025,1784807851.9072487,8,0.020410776138305664,0.002551347017288208,True
0,2026,1784807851.9292758,8,0.02141857147216797,0.002677321434020996,True
0,2027,1784807851.9515545,8,0.020732402801513672,0.002591550350189209,True
0,2028,1784807851.9726174,8,0.0229642391204834,0.002870529890060425,True
0,2029,1784807851.9958935,8,0.019438505172729492,0.0024298131465911865,True
0,2030,1784807852.0157332,8,0.02005314826965332,0.002506643533706665,True
0,2031,1784807852.0361784,8,0.018685102462768555,0.0023356378078460693,True
0,2032,1784807852.0554993,8,0.020512104034423828,0.0025640130043029785,True
0,2033,1784807852.0763397,8,0.020510196685791016,0.002563774585723877,True
0,2034,1784807852.097153,8,0.01992011070251465,0.002490013837814331,True
0,2035,1784807852.1173742,8,0.01930856704711914,0.0024135708808898926,True
0,2036,1784807852.1370895,8,0.019359827041625977,0.002419978380203247,True
0,2037,1784807852.1567874,8,0.01904153823852539,0.002380192279815674,True
0,2038,1784807852.1762671,8,0.020147323608398438,0.0025184154510498047,True
0,2039,1784807852.1967509,8,0.020034074783325195,0.0025042593479156494,True
0,2040,1784807852.2173285,8,0.018216371536254883,0.0022770464420318604,True
0,2041,1784807852.2358882,8,0.021008014678955078,0.0026260018348693848,True
0,2042,1784807852.2573059,8,0.01917243003845215,0.0023965537548065186,True
0,2043,1784807852.2769575,8,0.020318031311035156,0.0025397539138793945,True
0,2044,1784807852.2976763,8,0.020007610321044922,0.0025009512901306152,True
0,2045,1784807852.3181188,8,0.021837234497070312,0.002729654312133789,True
0,2046,1784807852.3412921,8,0.01904010772705078,0.0023800134658813477,True
0,2047,1784807852.361081,8,0.018862485885620117,0.0023578107357025146,True
0,2048,1784807852.380369,8,0.018404006958007812,0.0023005008697509766,True
0,2049,1784807852.3992443,8,0.019880056381225586,0.0024850070476531982,True
0,2050,1784807852.4195504,8,0.019208192825317383,0.002401024103164673,True
0,2051,1784807852.4392438,8,0.020865201950073242,0.0026081502437591553,True
0,2052,1784807852.4608192,8,0.019670724868774414,0.0024588406085968018,True
0,2053,1784807852.4808226,8,0.02147054672241211,0.0026838183403015137,True
0,2054,1784807852.5041664,8,0.02100205421447754,0.0026252567768096924,True
0,2055,1784807852.526136,8,0.018078327178955078,0.0022597908973693848,True
0,2056,1784807852.5445595,8,0.01993107795715332,0.002491384744644165,True
0,2057,1784807852.5650597,8,0.02266693115234375,0.0028333663940429688,True
0,2058,1784807852.5881526,8,0.021013975143432617,0.002626746892929077,True
0,2059,1784807852.6095848,8,0.019519329071044922,0.0024399161338806152,True
0,2060,1784807852.6295586,8,0.02061009407043457,0.0025762617588043213,True
0,2061,1784807852.650458,8,0.02044510841369629,0.002555638551712036,True
0,2062,1784807852.6713672,8,0.020825624465942383,0.002603203058242798,True
0,2063,1784807852.6925032,8,0.018935441970825195,0.0023669302463531494,True
0,2064,1784807852.7118466,8,0.017951250076293945,0.002243906259536743,True
0,2065,1784807852.7302005,8,0.020729541778564453,0.0025911927223205566,True
0,2066,1784807852.751799,8,0.018398761749267578,0.0022998452186584473,True
0,2067,1784807852.7717643,8,0.020170927047729492,0.0025213658809661865,True
0,2068,1784807852.792748,8,0.019453763961791992,0.002431720495223999,True
0,2069,1784807852.8130639,8,0.0202178955078125,0.0025272369384765625,True
0,2070,1784807852.8337755,8,0.020064353942871094,0.0025080442428588867,True
0,2071,1784807852.8542447,8,0.01983165740966797,0.002478957176208496,True
0,2072,1784807852.874455,8,0.018982887268066406,0.0023728609085083008,True
0,2073,1784807852.8938253,8,0.020426273345947266,0.002553284168243408,True
0,2074,1784807852.9146264,8,0.01879739761352539,0.002349674701690674,True
0,2075,1784807852.9337702,8,0.0198671817779541,0.0024833977222442627,True
0,2076,1784807852.9541264,8,0.0184786319732666,0.002309828996658325,True
0,2077,1784807852.972891,8,0.018863201141357422,0.0023579001426696777,True
0,2078,1784807852.9921517,8,0.021422386169433594,0.0026777982711791992,True
0,2079,1784807853.014626,8,0.01936793327331543,0.0024209916591644287,True
0,2080,1784807853.0344176,8,0.020259857177734375,0.002532482147216797,True
0,2081,1784807853.0551486,8,0.019184589385986328,0.002398073673248291,True
0,2082,1784807853.0752034,8,0.020073413848876953,0.002509176731109619,True
0,2083,1784807853.095808,8,0.02011394500732422,0.0025142431259155273,True
0,2084,1784807853.1162739,8,0.021274805068969727,0.002659350633621216,True
0,2085,1784807853.1378384,8,0.021299123764038086,0.0026623904705047607,True
0,2086,1784807853.1594958,8,0.019727706909179688,0.002465963363647461,True
0,2087,1784807853.179838,8,0.022475481033325195,0.0028094351291656494,True
0,2088,1784807853.2027335,8,0.02079010009765625,0.0025987625122070312,True
0,2089,1784807853.2240005,8,0.022525787353515625,0.002815723419189453,True
0,2090,1784807853.2472396,8,0.020256996154785156,0.0025321245193481445,True
0,2091,1784807853.2688007,8,0.01977086067199707,0.002471357583999634,True
0,2092,1784807853.2889812,8,0.022180557250976562,0.0027725696563720703,True
0,2093,1784807853.3114505,8,0.0189969539642334,0.002374619245529175,True
0,2094,1784807853.330874,8,0.019563913345336914,0.0024454891681671143,True
0,2095,1784807853.3508449,8,0.021486520767211914,0.0026858150959014893,True
0,2096,1784807853.372645,8,0.021018028259277344,0.002627253532409668,True
0,2097,1784807853.3941214,8,0.021036386489868164,0.0026295483112335205,True
0,2098,1784807853.415508,8,0.01934981346130371,0.002418726682662964,True
0,2099,1784807853.4351966,8,0.020975112915039062,0.002621889114379883,True
0,2100,1784807853.456656,8,0.01861286163330078,0.0023266077041625977,True
0,2101,1784807853.4755616,8,0.019761323928833008,0.002470165491104126,True
0,2102,1784807853.4956834,8,0.020137310028076172,0.0025171637535095215,True
0,2103,1784807853.516151,8,0.019979000091552734,0.002497375011444092,True
0,2104,1784807853.536961,8,0.018805503845214844,0.0023506879806518555,True
0,2105,1784807853.5565584,8,0.02170419692993164,0.002713024616241455,True
0,2106,1784807853.5789564,8,0.018323659896850586,0.0022904574871063232,True
0,2107,1784807853.5982926,8,0.02052474021911621,0.0025655925273895264,True
0,2108,1784807853.6191258,8,0.019705772399902344,0.002463221549987793,True
0,2109,1784807853.6392798,8,0.019257307052612305,0.002407163381576538,True
0,2110,1784807853.6589875,8,0.021029949188232422,0.0026287436485290527,True
0,2111,1784807853.680384,8,0.020897388458251953,0.002612173557281494,True
0,2112,1784807853.7016222,8,0.018900394439697266,0.002362549304962158,True
0,2113,1784807853.720966,8,0.020027875900268555,0.0025034844875335693,True
0,2114,1784807853.7413373,8,0.02219700813293457,0.0027746260166168213,True
0,2115,1784807853.7639458,8,0.018737077713012695,0.002342134714126587,True
0,2116,1784807853.783056,8,0.020207881927490234,0.0025259852409362793,True
0,2117,1784807853.8036122,8,0.019877195358276367,0.002484649419784546,True
0,2118,1784807853.8238697,8,0.020136356353759766,0.0025170445442199707,True
0,2119,1784807853.8444219,8,0.020722150802612305,0.002590268850326538,True
0,2120,1784807853.8654652,8,0.02080845832824707,0.002601057291030884,True
0,2121,1784807853.8866205,8,0.02120494842529297,0.002650618553161621,True
0,2122,1784807853.9081252,8,0.019585371017456055,0.002448171377182007,True
0,2123,1784807853.9283998,8,0.020191669464111328,0.002523958683013916,True
0,2124,1784807853.9489884,8,0.020076274871826172,0.0025095343589782715,True
0,2125,1784807853.9701598,8,0.020642518997192383,0.002580314874649048,True
0,2126,1784807853.9911313,8,0.021749258041381836,0.0027186572551727295,True
0,2127,1784807854.0133271,8,0.020652294158935547,0.0025815367698669434,True
0,2128,1784807854.0343752,8,0.019902467727661133,0.0024878084659576416,True
0,2129,1784807854.0546052,8,0.02101922035217285,0.0026274025440216064,True
0,2130,1784807854.0759754,8,0.020494699478149414,0.0025618374347686768,True
0,2131,1784807854.0969713,8,0.019751310348510742,0.0024689137935638428,True
0,2132,1784807854.1173596,8,0.019402027130126953,0.002425253391265869,True
0,2133,1784807854.1377027,8,0.01846599578857422,0.0023082494735717773,True
0,2134,1784807854.1565402,8,0.020334959030151367,0.002541869878768921,True
0,2135,1784807854.1771722,8,0.020043134689331055,0.002505391836166382,True
0,2136,1784807854.197776,8,0.02017831802368164,0.002522289752960205,True
0,2137,1784807854.21829,8,0.020933866500854492,0.0026167333126068115,True
0,2138,1784807854.239543,8,0.018578290939331055,0.002322286367416382,True
0,2139,1784807854.258431,8,0.02055501937866211,0.0025693774223327637,True
0,2140,1784807854.2794335,8,0.020569324493408203,0.0025711655616760254,True
0,2141,1784807854.3004584,8,0.020424842834472656,0.002553105354309082,True
0,2142,1784807854.3212276,8,0.021645069122314453,0.0027056336402893066,True
0,2143,1784807854.3431563,8,0.019847869873046875,0.0024809837341308594,True
0,2144,1784807854.3633196,8,0.020025968551635742,0.0025032460689544678,True
0,2145,1784807854.383781,8,0.02301645278930664,0.00287705659866333,True
0,2146,1784807854.4075253,8,0.020253658294677734,0.002531707286834717,True
0,2147,1784807854.4282906,8,0.020216941833496094,0.0025271177291870117,True
0,2148,1784807854.4489448,8,0.021098852157592773,0.0026373565196990967,True
0,2149,1784807854.470597,8,0.018552064895629883,0.0023190081119537354,True
0,2150,1784807854.4894674,8,0.020215272903442383,0.002526909112930298,True
0,2151,1784807854.510424,8,0.019974708557128906,0.0024968385696411133,True
0,2152,1784807854.5307798,8,0.019423723220825195,0.0024279654026031494,True
0,2153,1784807854.5505474,8,0.020885229110717773,0.0026106536388397217,True
0,2154,1784807854.571984,8,0.01989150047302246,0.0024864375591278076,True
0,2155,1784807854.5922456,8,0.022969961166381836,0.0028712451457977295,True
0,2156,1784807854.6157725,8,0.02124619483947754,0.0026557743549346924,True
0,2157,1784807854.6375468,8,0.019228219985961914,0.0024035274982452393,True
0,2158,1784807854.6575572,8,0.02069401741027832,0.00258675217628479,True
0,2159,1784807854.6786478,8,0.020999431610107422,0.0026249289512634277,True
0,2160,1784807854.7,8,0.019089937210083008,0.002386242151260376,True
0,2161,1784807854.7194662,8,0.022372722625732422,0.0027965903282165527,True
0,2162,1784807854.7422476,8,0.02025318145751953,0.0025316476821899414,True
0,2163,1784807854.7629216,8,0.019678831100463867,0.0024598538875579834,True
0,2164,1784807854.7829976,8,0.0193326473236084,0.00241658091545105,True
0,2165,1784807854.8026552,8,0.021498918533325195,0.0026873648166656494,True
0,2166,1784807854.8244872,8,0.018428802490234375,0.002303600311279297,True
0,2167,1784807854.843351,8,0.020653247833251953,0.002581655979156494,True
0,2168,1784807854.8642824,8,0.020556211471557617,0.002569526433944702,True
0,2169,1784807854.8854725,8,0.023545265197753906,0.0029431581497192383,True
0,2170,1784807854.909715,8,0.02059030532836914,0.0025737881660461426,True
0,2171,1784807854.9307878,8,0.018633604049682617,0.002329200506210327,True
0,2172,1784807854.9497845,8,0.019423961639404297,0.002427995204925537,True
0,2173,1784807854.969545,8,0.021249055862426758,0.0026561319828033447,True
0,2174,1784807854.9911306,8,0.019109487533569336,0.002388685941696167,True
0,2175,1784807855.010539,8,0.020664215087890625,0.002583026885986328,True
0,2176,1784807855.0314791,8,0.020485877990722656,0.002560734748840332,True
0,2177,1784807855.0523481,8,0.020018339157104492,0.0025022923946380615,True
0,2178,1784807855.0727627,8,0.021242380142211914,0.0026552975177764893,True
0,2179,1784807855.0943735,8,0.021154165267944336,0.002644270658493042,True
0,2180,1784807855.1159205,8,0.0204923152923584,0.0025615394115448,True
0,2181,1784807855.136762,8,0.021121978759765625,0.002640247344970703,True
0,2182,1784807855.1583004,8,0.020555496215820312,0.002569437026977539,True
0,2183,1784807855.179314,8,0.01986098289489746,0.0024826228618621826,True
0,2184,1784807855.2000003,8,0.018988370895385742,0.0023735463619232178,True
0,2185,1784807855.219404,8,0.019516944885253906,0.0024396181106567383,True
0,2186,1784807855.2393594,8,0.02106761932373047,0.0026334524154663086,True
0,2187,1784807855.2612858,8,0.018404245376586914,0.0023005306720733643,True
0,2188,1784807855.2800648,8,0.020395278930664062,0.002549409866333008,True
0,2189,1784807855.3008068,8,0.019771814346313477,0.0024714767932891846,True
0,2190,1784807855.320987,8,0.019876718521118164,0.0024845898151397705,True
0,2191,1784807855.3413239,8,0.020010948181152344,0.002501368522644043,True
0,2192,1784807855.3617022,8,0.02067279815673828,0.002584099769592285,True
0,2193,1784807855.382788,8,0.019705772399902344,0.002463221549987793,True
0,2194,1784807855.4031236,8,0.020597457885742188,0.0025746822357177734,True
0,2195,1784807855.4241388,8,0.019077539443969727,0.002384692430496216,True
0,2196,1784807855.4435072,8,0.0211641788482666,0.002645522356033325,True
0,2197,1784807855.4650037,8,0.020705699920654297,0.002588212490081787,True
0,2198,1784807855.4859571,8,0.021055936813354492,0.0026319921016693115,True
0,2199,1784807855.5074713,8,0.021077871322631836,0.0026347339153289795,True
0,2200,1784807855.5288763,8,0.02064061164855957,0.0025800764560699463,True
0,2201,1784807855.5498998,8,0.019783496856689453,0.0024729371070861816,True
0,2202,1784807855.570245,8,0.020974397659301758,0.0026217997074127197,True
0,2203,1784807855.5917306,8,0.019970178604125977,0.002496272325515747,True
0,2204,1784807855.6122425,8,0.019367218017578125,0.0024209022521972656,True
0,2205,1784807855.6319923,8,0.018899202346801758,0.0023624002933502197,True
0,2206,1784807855.652096,8,0.02022075653076172,0.002527594566345215,True
0,2207,1784807855.6726243,8,0.01993703842163086,0.0024921298027038574,True
0,2208,1784807855.6933968,8,0.019552230834960938,0.002444028854370117,True
0,2209,1784807855.7133448,8,0.021624326705932617,0.002703040838241577,True
0,2210,1784807855.7357864,8,0.019776344299316406,0.0024720430374145508,True
0,2211,1784807855.75621,8,0.020140409469604492,0.0025175511837005615,True
0,2212,1784807855.77667,8,0.018634796142578125,0.0023293495178222656,True
0,2213,1784807855.7956488,8,0.019623517990112305,0.002452939748764038,True
0,2214,1784807855.8155837,8,0.020085573196411133,0.0025106966495513916,True
0,2215,1784807855.836092,8,0.020377159118652344,0.002547144889831543,True
0,2216,1784807855.8568575,8,0.021564722061157227,0.0026955902576446533,True
0,2217,1784807855.878861,8,0.020416975021362305,0.002552121877670288,True
0,2218,1784807855.8997285,8,0.018875837326049805,0.0023594796657562256,True
0,2219,1784807855.9193158,8,0.020818233489990234,0.0026022791862487793,True
0,2220,1784807855.9406922,8,0.019646406173706055,0.002455800771713257,True
0,2221,1784807855.9608076,8,0.019057512283325195,0.0023821890354156494,True
0,2222,1784807855.9802022,8,0.020252704620361328,0.002531588077545166,True
0,2223,1784807856.0009675,8,0.021050453186035156,0.0026313066482543945,True
0,2224,1784807856.0224311,8,0.019022226333618164,0.0023777782917022705,True
0,2225,1784807856.0417676,8,0.02179718017578125,0.0027246475219726562,True
0,2226,1784807856.0638735,8,0.022297382354736328,0.002787172794342041,True
0,2227,1784807856.0865588,8,0.018655061721801758,0.0023318827152252197,True
0,2228,1784807856.1055002,8,0.01833176612854004,0.002291470766067505,True
0,2229,1784807856.1241188,8,0.02251291275024414,0.0028141140937805176,True
0,2230,1784807856.1474338,8,0.01962113380432129,0.002452641725540161,True
0,2231,1784807856.1678927,8,0.01924920082092285,0.0024061501026153564,True
0,2232,1784807856.187633,8,0.02007150650024414,0.0025089383125305176,True
0,2233,1784807856.208107,8,0.021332740783691406,0.0026665925979614258,True
0,2234,1784807856.229845,8,0.020146608352661133,0.0025183260440826416,True
0,2235,1784807856.2509024,8,0.020111560821533203,0.0025139451026916504,True
0,2236,1784807856.2719202,8,0.021511316299438477,0.0026889145374298096,True
0,2237,1784807856.2937698,8,0.01870560646057129,0.002338200807571411,True
0,2238,1784807856.3127646,8,0.01867222785949707,0.002334028482437134,True
0,2239,1784807856.3318229,8,0.018421649932861328,0.002302706241607666,True
0,2240,1784807856.3505225,8,0.019385099411010742,0.0024231374263763428,True
0,2241,1784807856.3702953,8,0.019611835479736328,0.002451479434967041,True
0,2242,1784807856.3901975,8,0.020954370498657227,0.0026192963123321533,True
0,2243,1784807856.4114947,8,0.020059823989868164,0.0025074779987335205,True
0,2244,1784807856.4321074,8,0.018718481063842773,0.0023398101329803467,True
0,2245,1784807856.4512463,8,0.020740032196044922,0.0025925040245056152,True
0,2246,1784807856.4724069,8,0.020505666732788086,0.0025632083415985107,True
0,2247,1784807856.493278,8,0.01983952522277832,0.00247994065284729,True
0,2248,1784807856.5134842,8,0.019325971603393555,0.0024157464504241943,True
0,2249,1784807856.533545,8,0.020365476608276367,0.002545684576034546,True
0,2250,1784807856.5544367,8,0.020089149475097656,0.002511143684387207,True
0,2251,1784807856.5749269,8,0.020972251892089844,0.0026215314865112305,True
0,2252,1784807856.596872,8,0.0202789306640625,0.0025348663330078125,True
0,2253,1784807856.61771,8,0.020128965377807617,0.002516120672225952,True
0,2254,1784807856.6382585,8,0.021357297897338867,0.0026696622371673584,True
0,2255,1784807856.6599724,8,0.0211484432220459,0.0026435554027557373,True
0,2256,1784807856.6815472,8,0.021017789840698242,0.0026272237300872803,True
0,2257,1784807856.7030149,8,0.020877361297607422,0.0026096701622009277,True
0,2258,1784807856.7243688,8,0.019383907318115234,0.0024229884147644043,True
0,2259,1784807856.7441373,8,0.0220029354095459,0.0027503669261932373,True
0,2260,1784807856.7669804,8,0.019428730010986328,0.002428591251373291,True
0,2261,1784807856.7868798,8,0.019919633865356445,0.0024899542331695557,True
0,2262,1784807856.8075998,8,0.019832372665405273,0.002479046583175659,True
0,2263,1784807856.8283143,8,0.02001190185546875,0.0025014877319335938,True
0,2264,1784807856.849116,8,0.018355607986450195,0.0022944509983062744,True
0,2265,1784807856.8684394,8,0.01904749870300293,0.002380937337875366,True
0,2266,1784807856.8877563,8,0.01969003677368164,0.002461254596710205,True
0,2267,1784807856.9077754,8,0.0197906494140625,0.0024738311767578125,True
0,2268,1784807856.9279387,8,0.019263505935668945,0.002407938241958618,True
0,2269,1784807856.9477088,8,0.022709369659423828,0.0028386712074279785,True
0,2270,1784807856.971075,8,0.019898414611816406,0.0024873018264770508,True
0,2271,1784807856.9914126,8,0.019298553466796875,0.0024123191833496094,True
0,2272,1784807857.0112302,8,0.021899938583374023,0.002737492322921753,True
0,2273,1784807857.0335429,8,0.01939988136291504,0.00242498517036438,True
0,2274,1784807857.053331,8,0.02265000343322754,0.0028312504291534424,True
0,2275,1784807857.0765698,8,0.01928853988647461,0.002411067485809326,True
0,2276,1784807857.096273,8,0.019826650619506836,0.0024783313274383545,True
0,2277,1784807857.1168869,8,0.021195411682128906,0.0026494264602661133,True
0,2278,1784807857.1386886,8,0.019520998001098633,0.002440124750137329,True
0,2279,1784807857.1586215,8,0.028113365173339844,0.0035141706466674805,True
0,2280,1784807857.191207,8,0.019656896591186523,0.0024571120738983154,True
0,2281,1784807857.211307,8,0.01783275604248047,0.0022290945053100586,True
0,2282,1784807857.229998,8,0.020066499710083008,0.002508312463760376,True
0,2283,1784807857.250381,8,0.020098209381103516,0.0025122761726379395,True
0,2284,1784807857.2709427,8,0.020818233489990234,0.0026022791862487793,True
0,2285,1784807857.2920763,8,0.01985788345336914,0.0024822354316711426,True
0,2286,1784807857.3125308,8,0.021165132522583008,0.002645641565322876,True
0,2287,1784807857.3349788,8,0.019597530364990234,0.0024496912956237793,True
0,2288,1784807857.3553016,8,0.022506237030029297,0.002813279628753662,True
0,2289,1784807857.3781433,8,0.018991470336914062,0.002373933792114258,True
0,2290,1784807857.3974783,8,0.021783113479614258,0.0027228891849517822,True
0,2291,1784807857.4205709,8,0.02078413963317871,0.002598017454147339,True
0,2292,1784807857.4419825,8,0.019376516342163086,0.0024220645427703857,True
0,2293,1784807857.46227,8,0.021383047103881836,0.0026728808879852295,True
0,2294,1784807857.4840813,8,0.02130270004272461,0.002662837505340576,True
0,2295,1784807857.5060863,8,0.020849943161010742,0.0026062428951263428,True
0,2296,1784807857.5277631,8,0.020417213439941406,0.0025521516799926758,True
0,2297,1784807857.548689,8,0.020656108856201172,0.0025820136070251465,True
0,2298,1784807857.5697527,8,0.020255327224731445,0.0025319159030914307,True
0,2299,1784807857.590791,8,0.019839048385620117,0.0024798810482025146,True
0,2300,1784807857.6111941,8,0.01969003677368164,0.002461254596710205,True
0,2301,1784807857.631306,8,0.020926952362060547,0.0026158690452575684,True
0,2302,1784807857.6525733,8,0.020099163055419922,0.0025123953819274902,True
0,2303,1784807857.6730578,8,0.021547794342041016,0.002693474292755127,True
0,2304,1784807857.6950328,8,0.01974773406982422,0.0024684667587280273,True
0,2305,1784807857.715543,8,0.02086639404296875,0.0026082992553710938,True
0,2306,1784807857.7368078,8,0.019378185272216797,0.0024222731590270996,True
0,2307,1784807857.7566006,8,0.021863222122192383,0.002732902765274048,True
0,2308,1784807857.7793047,8,0.02044510841369629,0.002555638551712036,True
0,2309,1784807857.8001409,8,0.02020430564880371,0.002525538206100464,True
0,2310,1784807857.8210063,8,0.01992940902709961,0.002491176128387451,True
0,2311,1784807857.8413022,8,0.02202439308166504,0.00275304913520813,True
0,2312,1784807857.8640726,8,0.019793987274169922,0.0024742484092712402,True
0,2313,1784807857.884344,8,0.02115631103515625,0.0026445388793945312,True
0,2314,1784807857.9065254,8,0.02054738998413086,0.0025684237480163574,True
0,2315,1784807857.9274476,8,0.01783132553100586,0.0022289156913757324,True
0,2316,1784807857.9456518,8,0.018543720245361328,0.002317965030670166,True
0,2317,1784807857.964524,8,0.021105051040649414,0.0026381313800811768,True
0,2318,1784807857.988304,8,0.021025657653808594,0.0026282072067260742,True
0,2319,1784807858.0097775,8,0.019070148468017578,0.0023837685585021973,True
0,2320,1784807858.0292525,8,0.019954204559326172,0.0024942755699157715,True
0,2321,1784807858.050379,8,0.02123284339904785,0.0026541054248809814,True
0,2322,1784807858.0719185,8,0.018946409225463867,0.0023683011531829834,True
0,2323,1784807858.0912466,8,0.020280838012695312,0.002535104751586914,True
0,2324,1784807858.1122124,8,0.021117210388183594,0.0026396512985229492,True
0,2325,1784807858.1337013,8,0.020068645477294922,0.0025085806846618652,True
0,2326,1784807858.154453,8,0.020046710968017578,0.0025058388710021973,True
0,2327,1784807858.1754575,8,0.021475553512573242,0.0026844441890716553,True
0,2328,1784807858.197751,8,0.019318103790283203,0.0024147629737854004,True
0,2329,1784807858.218161,8,0.02032756805419922,0.0025409460067749023,True
0,2330,1784807858.2391927,8,0.019043684005737305,0.002380460500717163,True
0,2331,1784807858.2587078,8,0.019129514694213867,0.0023911893367767334,True
0,2332,1784807858.27829,8,0.018384218215942383,0.002298027276992798,True
0,2333,1784807858.2971985,8,0.021441221237182617,0.002680152654647827,True
0,2334,1784807858.3191013,8,0.022391080856323242,0.0027988851070404053,True
0,2335,1784807858.3422117,8,0.02166604995727539,0.002708256244659424,True
0,2336,1784807858.3642843,8,0.01904010772705078,0.0023800134658813477,True
0,2337,1784807858.3848057,8,0.020603179931640625,0.002575397491455078,True
0,2338,1784807858.406264,8,0.019224882125854492,0.0024031102657318115,True
0,2339,1784807858.425833,8,0.02072882652282715,0.0025911033153533936,True
0,2340,1784807858.4469845,8,0.02073216438293457,0.0025915205478668213,True
0,2341,1784807858.4681845,8,0.020301103591918945,0.002537637948989868,True
0,2342,1784807858.489426,8,0.019634723663330078,0.0024543404579162598,True
0,2343,1784807858.5098255,8,0.019894838333129883,0.0024868547916412354,True
0,2344,1784807858.5301352,8,0.0199124813079834,0.002489060163497925,True
0,2345,1784807858.55268,8,0.018441438674926758,0.0023051798343658447,True
0,2346,1784807858.571684,8,0.019794702529907227,0.0024743378162384033,True
0,2347,1784807858.591782,8,0.01890087127685547,0.0023626089096069336,True
0,2348,1784807858.6115785,8,0.020838260650634766,0.0026047825813293457,True
0,2349,1784807858.6331341,8,0.021623849868774414,0.0027029812335968018,True
0,2350,1784807858.655517,8,0.023316383361816406,0.0029145479202270508,True
0,2351,1784807858.679786,8,0.019754886627197266,0.002469360828399658,True
0,2352,1784807858.6999624,8,0.019887924194335938,0.002485990524291992,True
0,2353,1784807858.720799,8,0.0196688175201416,0.0024586021900177,True
0,2354,1784807858.7409618,8,0.0220797061920166,0.002759963274002075,True
0,2355,1784807858.7646565,8,0.018744945526123047,0.002343118190765381,True
0,2356,1784807858.7843208,8,0.020310640335083008,0.002538830041885376,True
0,2357,1784807858.806945,8,0.01874518394470215,0.0023431479930877686,True
0,2358,1784807858.8268356,8,0.018807649612426758,0.0023509562015533447,True
0,2359,1784807858.846168,8,0.020425796508789062,0.002553224563598633,True
0,2360,1784807858.8669705,8,0.019495010375976562,0.0024368762969970703,True
0,2361,1784807858.8884854,8,0.018245220184326172,0.0022806525230407715,True
0,2362,1784807858.907746,8,0.019397258758544922,0.0024246573448181152,True
0,2363,1784807858.9274929,8,0.020556211471557617,0.002569526433944702,True
0,2364,1784807858.9492967,8,0.021673917770385742,0.0027092397212982178,True
0,2365,1784807858.9713771,8,0.018050670623779297,0.002256333827972412,True
0,2366,1784807858.9899025,8,0.020798921585083008,0.002599865198135376,True
0,2367,1784807859.0112674,8,0.020904064178466797,0.0026130080223083496,True
0,2368,1784807859.0329654,8,0.019742250442504883,0.0024677813053131104,True
0,2369,1784807859.0530725,8,0.020119428634643555,0.0025149285793304443,True
0,2370,1784807859.0735455,8,0.02000880241394043,0.0025011003017425537,True
0,2371,1784807859.0939724,8,0.021572351455688477,0.0026965439319610596,True
0,2372,1784807859.1158378,8,0.018903732299804688,0.002362966537475586,True
0,2373,1784807859.1350539,8,0.020351648330688477,0.0025439560413360596,True
0,2374,1784807859.1561482,8,0.021143674850463867,0.0026429593563079834,True
0,2375,1784807859.1777058,8,0.018735647201538086,0.0023419559001922607,True
0,2376,1784807859.1969721,8,0.020038843154907227,0.0025048553943634033,True
0,2377,1784807859.2175212,8,0.0195767879486084,0.00244709849357605,True
0,2378,1784807859.2377586,8,0.019459247589111328,0.002432405948638916,True
0,2379,1784807859.2575738,8,0.019906044006347656,0.002488255500793457,True
0,2380,1784807859.2781625,8,0.020092010498046875,0.0025115013122558594,True
0,2381,1784807859.2986927,8,0.021436214447021484,0.0026795268058776855,True
0,2382,1784807859.320533,8,0.020681142807006836,0.0025851428508758545,True
0,2383,1784807859.341653,8,0.019934415817260742,0.0024918019771575928,True
0,2384,1784807859.3622,8,0.021317481994628906,0.0026646852493286133,True
0,2385,1784807859.3842056,8,0.02035379409790039,0.002544224262237549,True
0,2386,1784807859.4053628,8,0.02091526985168457,0.0026144087314605713,True
0,2387,1784807859.4276803,8,0.0187530517578125,0.0023441314697265625,True
0,2388,1784807859.4474218,8,0.020566463470458984,0.002570807933807373,True
0,2389,1784807859.4685576,8,0.020007848739624023,0.002500981092453003,True
0,2390,1784807859.4891474,8,0.018688678741455078,0.0023360848426818848,True
0,2391,1784807859.5084162,8,0.02238774299621582,0.0027984678745269775,True
0,2392,1784807859.5312922,8,0.019133806228637695,0.002391725778579712,True
0,2393,1784807859.5515013,8,0.019222021102905273,0.002402752637863159,True
0,2394,1784807859.5712018,8,0.020746946334838867,0.0025933682918548584,True
0,2395,1784807859.5930023,8,0.019912004470825195,0.0024890005588531494,True
0,2396,1784807859.613357,8,0.021403074264526367,0.002675384283065796,True
0,2397,1784807859.6355202,8,0.021602630615234375,0.002700328826904297,True
0,2398,1784807859.6577258,8,0.020491600036621094,0.0025614500045776367,True
0,2399,1784807859.679238,8,0.020415067672729492,0.0025518834590911865,True
0,2400,1784807859.7000957,8,0.02031540870666504,0.00253942608833313,True
0,2401,1784807859.7207606,8,0.019933700561523438,0.0024917125701904297,True
0,2402,1784807859.7410605,8,0.019721269607543945,0.002465158700942993,True
0,2403,1784807859.761466,8,0.021193504333496094,0.0026491880416870117,True
0,2404,1784807859.7832038,8,0.021280288696289062,0.002660036087036133,True
0,2405,1784807859.8049788,8,0.019822120666503906,0.0024777650833129883,True
0,2406,1784807859.8256397,8,0.02021169662475586,0.0025264620780944824,True
0,2407,1784807859.8462338,8,0.020302534103393555,0.0025378167629241943,True
0,2408,1784807859.8668377,8,0.01874232292175293,0.002342790365219116,True
0,2409,1784807859.885851,8,0.020501136779785156,0.0025626420974731445,True
0,2410,1784807859.9067779,8,0.01901388168334961,0.002376735210418701,True
0,2411,1784807859.9262547,8,0.02147388458251953,0.0026842355728149414,True
0,2412,1784807859.9483182,8,0.021820068359375,0.002727508544921875,True
0,2413,1784807859.9706438,8,0.020204544067382812,0.0025255680084228516,True
0,2414,1784807859.991466,8,0.020333290100097656,0.002541661262512207,True
0,2415,1784807860.0124357,8,0.02114081382751465,0.002642601728439331,True
0,2416,1784807860.034083,8,0.01936626434326172,0.002420783042907715,True
0,2417,1784807860.0537648,8,0.02150273323059082,0.0026878416538238525,True
0,2418,1784807860.0756524,8,0.020502090454101562,0.0025627613067626953,True
0,2419,1784807860.0965137,8,0.02105855941772461,0.002632319927215576,True
0,2420,1784807860.1178882,8,0.019636154174804688,0.002454519271850586,True
0,2421,1784807860.1378245,8,0.023519039154052734,0.002939879894256592,True
0,2422,1784807860.1621814,8,0.022420406341552734,0.002802550792694092,True
0,2423,1784807860.1848986,8,0.02155470848083496,0.00269433856010437,True
0,2424,1784807860.206907,8,0.018862485885620117,0.0023578107357025146,True
0,2425,1784807860.2261374,8,0.01879739761352539,0.002349674701690674,True
0,2426,1784807860.2454805,8,0.021778583526611328,0.002722322940826416,True
0,2427,1784807860.2676702,8,0.020586729049682617,0.002573341131210327,True
0,2428,1784807860.2885497,8,0.020435333251953125,0.0025544166564941406,True
0,2429,1784807860.3094428,8,0.020260334014892578,0.0025325417518615723,True
0,2430,1784807860.3302484,8,0.020310163497924805,0.0025387704372406006,True
0,2431,1784807860.3509367,8,0.02030181884765625,0.0025377273559570312,True
0,2432,1784807860.3716516,8,0.019566059112548828,0.0024457573890686035,True
0,2433,1784807860.391636,8,0.01885986328125,0.00235748291015625,True
0,2434,1784807860.4108632,8,0.02043461799621582,0.0025543272495269775,True
0,2435,1784807860.431727,8,0.022283077239990234,0.0027853846549987793,True
0,2436,1784807860.454387,8,0.01980900764465332,0.002476125955581665,True
0,2437,1784807860.4748333,8,0.018497705459594727,0.002312213182449341,True
0,2438,1784807860.4936132,8,0.02164936065673828,0.002706170082092285,True
0,2439,1784807860.5156002,8,0.019475221633911133,0.0024344027042388916,True
0,2440,1784807860.5354278,8,0.02018594741821289,0.0025232434272766113,True
0,2441,1784807860.556129,8,0.01942276954650879,0.0024278461933135986,True
0,2442,1784807860.576445,8,0.01955389976501465,0.002444237470626831,True
0,2443,1784807860.5963485,8,0.019514083862304688,0.002439260482788086,True
0,2444,1784807860.6165578,8,0.019828319549560547,0.0024785399436950684,True
0,2445,1784807860.6374867,8,0.018712997436523438,0.0023391246795654297,True
0,2446,1784807860.6566472,8,0.02194499969482422,0.0027431249618530273,True
0,2447,1784807860.6797655,8,0.020763158798217773,0.0025953948497772217,True
0,2448,1784807860.701074,8,0.019535541534423828,0.0024419426918029785,True
0,2449,1784807860.7211013,8,0.01868438720703125,0.0023355484008789062,True
0,2450,1784807860.7401223,8,0.019082307815551758,0.0023852884769439697,True
0,2451,1784807860.7595587,8,0.025398969650268555,0.0031748712062835693,True
0,2452,1784807860.7867355,8,0.016251802444458008,0.002031475305557251,True
0,2453,1784807860.803499,8,0.020269155502319336,0.002533644437789917,True
0,2454,1784807860.8241255,8,0.019808053970336914,0.0024760067462921143,True
0,2455,1784807860.8448493,8,0.019817829132080078,0.0024772286415100098,True
0,2456,1784807860.8651085,8,0.021485090255737305,0.002685636281967163,True
0,2457,1784807860.886959,8,0.020715713500976562,0.0025894641876220703,True
0,2458,1784807860.9080648,8,0.021486759185791016,0.002685844898223877,True
0,2459,1784807860.9299119,8,0.02093505859375,0.00261688232421875,True
0,2460,1784807860.951259,8,0.018816232681274414,0.0023520290851593018,True
0,2461,1784807860.9703593,8,0.02150106430053711,0.0026876330375671387,True
0,2462,1784807860.9922354,8,0.01827406883239746,0.0022842586040496826,True
0,2463,1784807861.0108562,8,0.0203399658203125,0.0025424957275390625,True
0,2464,1784807861.0320187,8,0.020676612854003906,0.0025845766067504883,True
0,2465,1784807861.053007,8,0.019591808319091797,0.0024489760398864746,True
0,2466,1784807861.072885,8,0.01808905601501465,0.002261132001876831,True
0,2467,1784807861.0913265,8,0.020022153854370117,0.0025027692317962646,True
0,2468,1784807861.1120448,8,0.0211489200592041,0.0026436150074005127,True
0,2469,1784807861.13359,8,0.020483732223510742,0.0025604665279388428,True
0,2470,1784807861.1544685,8,0.0196530818939209,0.0024566352367401123,True
0,2471,1784807861.1744695,8,0.02067875862121582,0.0025848448276519775,True
0,2472,1784807861.1955428,8,0.021616697311401367,0.002702087163925171,True
0,2473,1784807861.2176204,8,0.019770383834838867,0.0024712979793548584,True
0,2474,1784807861.2377772,8,0.020016908645629883,0.0025021135807037354,True
0,2475,1784807861.2587216,8,0.019656658172607422,0.0024570822715759277,True
0,2476,1784807861.278782,8,0.021922588348388672,0.002740323543548584,True
0,2477,1784807861.3010657,8,0.02027440071105957,0.0025343000888824463,True
0,2478,1784807861.3226483,8,0.018872499465942383,0.002359062433242798,True
0,2479,1784807861.3419054,8,0.021098613739013672,0.002637326717376709,True
0,2480,1784807861.3634083,8,0.021216392517089844,0.0026520490646362305,True
0,2481,1784807861.3851385,8,0.021175384521484375,0.002646923065185547,True
0,2482,1784807861.4069355,8,0.022147178649902344,0.002768397331237793,True
0,2483,1784807861.4296567,8,0.019829511642456055,0.002478688955307007,True
0,2484,1784807861.4499807,8,0.0235595703125,0.0029449462890625,True
0,2485,1784807861.4746027,8,0.017247438430786133,0.0021559298038482666,True
0,2486,1784807861.492303,8,0.018469810485839844,0.0023087263107299805,True
0,2487,1784807861.5111885,8,0.01988959312438965,0.002486199140548706,True
0,2488,1784807861.5318453,8,0.02327704429626465,0.002909630537033081,True
0,2489,1784807861.5556026,8,0.020480632781982422,0.0025600790977478027,True
0,2490,1784807861.5766034,8,0.022371768951416016,0.002796471118927002,True
0,2491,1784807861.5998507,8,0.019415616989135742,0.0024269521236419678,True
0,2492,1784807861.620069,8,0.01961207389831543,0.0024515092372894287,True
0,2493,1784807861.6400704,8,0.020687103271484375,0.002585887908935547,True
0,2494,1784807861.6616411,8,0.022345542907714844,0.0027931928634643555,True
0,2495,1784807861.6844366,8,0.021325349807739258,0.0026656687259674072,True
0,2496,1784807861.7073805,8,0.019428730010986328,0.002428591251373291,True
0,2497,1784807861.7272744,8,0.019826650619506836,0.0024783313274383545,True
0,2498,1784807861.7503843,8,0.01708245277404785,0.0021353065967559814,True
0,2499,1784807861.7679567,8,0.019597530364990234,0.0024496912956237793,True
0,2500,1784807861.7878323,8,0.02136826515197754,0.0026710331439971924,True
0,2501,1784807861.8096333,8,0.020406246185302734,0.002550780773162842,True
0,2502,1784807861.8303382,8,0.022963523864746094,0.0028704404830932617,True
0,2503,1784807861.8538866,8,0.022019386291503906,0.0027524232864379883,True
0,2504,1784807861.8764737,8,0.017491579055786133,0.0021864473819732666,True
0,2505,1784807861.8943148,8,0.020926952362060547,0.0026158690452575684,True
0,2506,1784807861.915855,8,0.019243717193603516,0.0024054646492004395,True
0,2507,1784807861.9358928,8,0.019497156143188477,0.0024371445178985596,True
0,2508,1784807861.9557223,8,0.022237062454223633,0.002779632806777954,True
0,2509,1784807861.9783914,8,0.020573854446411133,0.0025717318058013916,True
0,2510,1784807861.9994764,8,0.019406795501708984,0.002425849437713623,True
0,2511,1784807862.0192711,8,0.021450042724609375,0.002681255340576172,True
0,2512,1784807862.041331,8,0.021157264709472656,0.002644658088684082,True
0,2513,1784807862.0629165,8,0.02042388916015625,0.0025529861450195312,True
0,2514,1784807862.0839365,8,0.018218517303466797,0.0022773146629333496,True
0,2515,1784807862.1026912,8,0.021142005920410156,0.0026427507400512695,True
0,2516,1784807862.1242473,8,0.020809173583984375,0.002601146697998047,True
0,2517,1784807862.1454818,8,0.026482105255126953,0.003310263156890869,True
0,2518,1784807862.1725914,8,0.019989490509033203,0.0024986863136291504,True
0,2519,1784807862.1935327,8,0.020602941513061523,0.0025753676891326904,True
0,2520,1784807862.2144985,8,0.02100539207458496,0.00262567400932312,True
0,2521,1784807862.2359219,8,0.0201876163482666,0.002523452043533325,True
0,2522,1784807862.256657,8,0.019198894500732422,0.0023998618125915527,True
0,2523,1784807862.2775671,8,0.019678115844726562,0.0024597644805908203,True
0,2524,1784807862.2981517,8,0.02201056480407715,0.0027513206005096436,True
0,2525,1784807862.3210094,8,0.018148183822631836,0.0022685229778289795,True
0,2526,1784807862.3395164,8,0.021274566650390625,0.002659320831298828,True
0,2527,1784807862.3611362,8,0.019147634506225586,0.0023934543132781982,True
0,2528,1784807862.3812191,8,0.021240711212158203,0.0026550889015197754,True
0,2529,1784807862.4032176,8,0.019877195358276367,0.002484649419784546,True
0,2530,1784807862.4236474,8,0.020306825637817383,0.002538353204727173,True
0,2531,1784807862.4444294,8,0.02228713035583496,0.00278589129447937,True
0,2532,1784807862.46791,8,0.01921391487121582,0.0024017393589019775,True
0,2533,1784807862.487918,8,0.01958608627319336,0.00244826078414917,True
0,2534,1784807862.5080805,8,0.022729158401489258,0.0028411448001861572,True
0,2535,1784807862.5311477,8,0.019840717315673828,0.0024800896644592285,True
0,2536,1784807862.5514557,8,0.02039504051208496,0.00254938006401062,True
0,2537,1784807862.572444,8,0.01957416534423828,0.002446770668029785,True
0,2538,1784807862.5925283,8,0.020577669143676758,0.0025722086429595947,True
0,2539,1784807862.613919,8,0.020175457000732422,0.0025219321250915527,True
0,2540,1784807862.6345742,8,0.019522905349731445,0.0024403631687164307,True
0,2541,1784807862.6545007,8,0.021297216415405273,0.002662152051925659,True
0,2542,1784807862.6762943,8,0.020029544830322266,0.002503693103790283,True
0,2543,1784807862.6967154,8,0.020229816436767578,0.0025287270545959473,True
0,2544,1784807862.7178032,8,0.020502805709838867,0.0025628507137298584,True
0,2545,1784807862.738774,8,0.019899845123291016,0.002487480640411377,True
0,2546,1784807862.759039,8,0.01917243003845215,0.0023965537548065186,True
0,2547,1784807862.7786837,8,0.019977092742919922,0.0024971365928649902,True
0,2548,1784807862.7993758,8,0.019519329071044922,0.0024399161338806152,True
0,2549,1784807862.8195426,8,0.019379854202270508,0.0024224817752838135,True
0,2550,1784807862.839717,8,0.01822495460510254,0.0022781193256378174,True
0,2551,1784807862.858309,8,0.020137786865234375,0.002517223358154297,True
0,2552,1784807862.8788083,8,0.021858930587768555,0.0027323663234710693,True
0,2553,1784807862.9010859,8,0.018454313278198242,0.0023067891597747803,True
0,2554,1784807862.9211931,8,0.020410537719726562,0.0025513172149658203,True
0,2555,1784807862.9423416,8,0.01906108856201172,0.002382636070251465,True
0,2556,1784807862.961781,8,0.02005314826965332,0.002506643533706665,True
0,2557,1784807862.9822588,8,0.01755809783935547,0.0021947622299194336,True
0,2558,1784807863.000133,8,0.02063584327697754,0.0025794804096221924,True
0,2559,1784807863.023715,8,0.01830458641052246,0.0022880733013153076,True
0,2560,1784807863.0423691,8,0.019529104232788086,0.0024411380290985107,True
0,2561,1784807863.0623024,8,0.023537635803222656,0.002942204475402832,True
0,2562,1784807863.0861933,8,0.01936936378479004,0.002421170473098755,True
0,2563,1784807863.1060095,8,0.019263505935668945,0.002407938241958618,True
0,2564,1784807863.1256497,8,0.0207827091217041,0.0025978386402130127,True
0,2565,1784807863.1469111,8,0.021595001220703125,0.0026993751525878906,True
0,2566,1784807863.169014,8,0.020158052444458008,0.002519756555557251,True
0,2567,1784807863.1895728,8,0.019901037216186523,0.0024876296520233154,True
0,2568,1784807863.2105486,8,0.02126002311706543,0.0026575028896331787,True
0,2569,1784807863.2329006,8,0.02149486541748047,0.0026868581771850586,True
0,2570,1784807863.2561245,8,0.019334077835083008,0.002416759729385376,True
0,2571,1784807863.2759705,8,0.024285078048706055,0.003035634756088257,True
0,2572,1784807863.3005822,8,0.01884150505065918,0.0023551881313323975,True
0,2573,1784807863.3201938,8,0.020040035247802734,0.002505004405975342,True
0,2574,1784807863.3420818,8,0.018527507781982422,0.0023159384727478027,True
0,2575,1784807863.3610358,8,0.018784523010253906,0.0023480653762817383,True
0,2576,1784807863.3802998,8,0.021189451217651367,0.002648681402206421,True
0,2577,1784807863.4020507,8,0.01954793930053711,0.0024434924125671387,True
0,2578,1784807863.422619,8,0.02091503143310547,0.0026143789291381836,True
0,2579,1784807863.444134,8,0.02073812484741211,0.0025922656059265137,True
0,2580,1784807863.4659686,8,0.01943349838256836,0.002429187297821045,True
0,2581,1784807863.48588,8,0.021369457244873047,0.002671182155609131,True
0,2582,1784807863.5082629,8,0.019320964813232422,0.0024151206016540527,True
0,2583,1784807863.527996,8,0.019956111907958984,0.002494513988494873,True
0,2584,1784807863.5483723,8,0.021419525146484375,0.002677440643310547,True
0,2585,1784807863.5702627,8,0.021250247955322266,0.002656280994415283,True
0,2586,1784807863.5921366,8,0.020089387893676758,0.0025111734867095947,True
0,2587,1784807863.6125758,8,0.023633956909179688,0.002954244613647461,True
0,2588,1784807863.6382158,8,0.01857733726501465,0.002322167158126831,True
0,2589,1784807863.6572852,8,0.019808053970336914,0.0024760067462921143,True
0,2590,1784807863.677508,8,0.021398544311523438,0.0026748180389404297,True
0,2591,1784807863.6994183,8,0.02263808250427246,0.0028297603130340576,True
0,2592,1784807863.7225778,8,0.0192108154296875,0.0024013519287109375,True
0,2593,1784807863.7423024,8,0.020112276077270508,0.0025140345096588135,True
0,2594,1784807863.762811,8,0.019010543823242188,0.0023763179779052734,True
0,2595,1784807863.7825794,8,0.019547224044799805,0.0024434030055999756,True
0,2596,1784807863.8027525,8,0.02076435089111328,0.00259554386138916,True
0,2597,1784807863.8238225,8,0.020470142364501953,0.002558767795562744,True
0,2598,1784807863.844699,8,0.0207669734954834,0.002595871686935425,True
0,2599,1784807863.866596,8,0.020946741104125977,0.002618342638015747,True
0,2600,1784807863.8883457,8,0.02121877670288086,0.0026523470878601074,True
0,2601,1784807863.9107366,8,0.01950860023498535,0.002438575029373169,True
0,2602,1784807863.9310675,8,0.021727561950683594,0.0027159452438354492,True
0,2603,1784807863.953346,8,0.01899099349975586,0.0023738741874694824,True
0,2604,1784807863.9731236,8,0.020557641983032227,0.0025697052478790283,True
0,2605,1784807863.9942691,8,0.020145893096923828,0.0025182366371154785,True
0,2606,1784807864.014823,8,0.020562410354614258,0.0025703012943267822,True
0,2607,1784807864.0358987,8,0.020609140396118164,0.0025761425495147705,True
0,2608,1784807864.0572639,8,0.021314144134521484,0.0026642680168151855,True
0,2609,1784807864.0791721,8,0.01842665672302246,0.0023033320903778076,True
0,2610,1784807864.09837,8,0.02060842514038086,0.0025760531425476074,True
0,2611,1784807864.1193619,8,0.02005624771118164,0.002507030963897705,True
0,2612,1784807864.139811,8,0.019240856170654297,0.002405107021331787,True
0,2613,1784807864.1595786,8,0.024499177932739258,0.0030623972415924072,True
0,2614,1784807864.184421,8,0.019388437271118164,0.0024235546588897705,True
0,2615,1784807864.2041993,8,0.020518064498901367,0.002564758062362671,True
0,2616,1784807864.2252798,8,0.018967628479003906,0.0023709535598754883,True
0,2617,1784807864.2447417,8,0.020766496658325195,0.0025958120822906494,True
0,2618,1784807864.2663991,8,0.022472620010375977,0.002809077501296997,True
0,2619,1784807864.2912927,8,0.016576528549194336,0.002072066068649292,True
0,2620,1784807864.3091886,8,0.020101547241210938,0.002512693405151367,True
0,2621,1784807864.3301594,8,0.020806550979614258,0.0026008188724517822,True
0,2622,1784807864.353199,8,0.015224933624267578,0.0019031167030334473,True
0,2623,1784807864.368902,8,0.020281076431274414,0.0025351345539093018,True
0,2624,1784807864.3896673,8,0.01908397674560547,0.0023854970932006836,True
0,2625,1784807864.409155,8,0.021009445190429688,0.002626180648803711,True
0,2626,1784807864.430771,8,0.0204010009765625,0.0025501251220703125,True
0,2627,1784807864.4516766,8,0.01960301399230957,0.0024503767490386963,True
0,2628,1784807864.4717948,8,0.02031683921813965,0.002539604902267456,True
0,2629,1784807864.492489,8,0.020598649978637695,0.002574831247329712,True
0,2630,1784807864.5135071,8,0.020039796829223633,0.002504974603652954,True
0,2631,1784807864.5338662,8,0.01944565773010254,0.0024307072162628174,True
0,2632,1784807864.5538116,8,0.020559072494506836,0.0025698840618133545,True
0,2633,1784807864.5749176,8,0.018872976303100586,0.0023591220378875732,True
0,2634,1784807864.594406,8,0.019700050354003906,0.0024625062942504883,True
0,2635,1784807864.614986,8,0.01938939094543457,0.0024236738681793213,True
0,2636,1784807864.635537,8,0.019440412521362305,0.002430051565170288,True
0,2637,1784807864.6554382,8,0.021551847457885742,0.0026939809322357178,True
0,2638,1784807864.6775856,8,0.021286964416503906,0.0026608705520629883,True
0,2639,1784807864.6998994,8,0.01916217803955078,0.0023952722549438477,True
0,2640,1784807864.7197216,8,0.02028632164001465,0.002535790205001831,True
0,2641,1784807864.740457,8,0.019245386123657227,0.0024056732654571533,True
0,2642,1784807864.7600014,8,0.02171039581298828,0.002713799476623535,True
0,2643,1784807864.7821777,8,0.017914772033691406,0.0022393465042114258,True
0,2644,1784807864.800424,8,0.01959514617919922,0.0024493932723999023,True
0,2645,1784807864.8205855,8,0.019823551177978516,0.0024779438972473145,True
0,2646,1784807864.840804,8,0.02115154266357422,0.0026439428329467773,True
0,2647,1784807864.8624678,8,0.018616914749145508,0.0023271143436431885,True
0,2648,1784807864.8813791,8,0.021688222885131836,0.0027110278606414795,True
0,2649,1784807864.9034972,8,0.019899845123291016,0.002487480640411377,True
0,2650,1784807864.9237595,8,0.019711732864379883,0.0024639666080474854,True
0,2651,1784807864.9440384,8,0.02100539207458496,0.00262567400932312,True
0,2652,1784807864.9654744,8,0.02090620994567871,0.002613276243209839,True
0,2653,1784807864.9868739,8,0.019344091415405273,0.002418011426925659,True
0,2654,1784807865.0067444,8,0.02181386947631836,0.002726733684539795,True
0,2655,1784807865.0293996,8,0.021091461181640625,0.002636432647705078,True
0,2656,1784807865.0526214,8,0.01841592788696289,0.0023019909858703613,True
0,2657,1784807865.072537,8,0.021392822265625,0.002674102783203125,True
0,2658,1784807865.0943253,8,0.019217252731323242,0.0024021565914154053,True
0,2659,1784807865.1140893,8,0.019310474395751953,0.002413809299468994,True
0,2660,1784807865.1338127,8,0.020987749099731445,0.0026234686374664307,True
0,2661,1784807865.155442,8,0.019171714782714844,0.0023964643478393555,True
0,2662,1784807865.175248,8,0.01915764808654785,0.0023947060108184814,True
0,2663,1784807865.1949325,8,0.02118062973022461,0.002647578716278076,True
0,2664,1784807865.2177825,8,0.0184786319732666,0.002309828996658325,True
0,2665,1784807865.2365868,8,0.020764589309692383,0.002595573663711548,True
0,2666,1784807865.2578058,8,0.019694805145263672,0.002461850643157959,True
0,2667,1784807865.2779918,8,0.02124333381652832,0.00265541672706604,True
0,2668,1784807865.3000693,8,0.019557476043701172,0.0024446845054626465,True
0,2669,1784807865.320462,8,0.017912626266479492,0.0022390782833099365,True
0,2670,1784807865.3394907,8,0.02073955535888672,0.00259244441986084,True
0,2671,1784807865.361103,8,0.019203901290893555,0.0024004876613616943,True
0,2672,1784807865.3807023,8,0.020147323608398438,0.0025184154510498047,True
0,2673,1784807865.4014165,8,0.02077627182006836,0.002597033977508545,True
0,2674,1784807865.4228432,8,0.018343687057495117,0.0022929608821868896,True
0,2675,1784807865.4415765,8,0.020757198333740234,0.0025946497917175293,True
0,2676,1784807865.4632149,8,0.020325899124145508,0.0025407373905181885,True
0,2677,1784807865.4839392,8,0.023912668228149414,0.0029890835285186768,True
0,2678,1784807865.5082421,8,0.017844676971435547,0.0022305846214294434,True
0,2679,1784807865.527037,8,0.01810002326965332,0.002262502908706665,True
0,2680,1784807865.5455003,8,0.01959705352783203,0.002449631690979004,True
0,2681,1784807865.5656037,8,0.0209805965423584,0.0026225745677948,True
0,2682,1784807865.5871305,8,0.01982259750366211,0.0024778246879577637,True
0,2683,1784807865.6108198,8,0.018805503845214844,0.0023506879806518555,True
0,2684,1784807865.6301181,8,0.021802186965942383,0.002725273370742798,True
0,2685,1784807865.6526058,8,0.018451929092407227,0.0023064911365509033,True
0,2686,1784807865.6715403,8,0.022968530654907227,0.0028710663318634033,True
0,2687,1784807865.6951168,8,0.01920604705810547,0.0024007558822631836,True
0,2688,1784807865.7148376,8,0.018892288208007812,0.0023615360260009766,True
0,2689,1784807865.7344768,8,0.019623517990112305,0.002452939748764038,True
0,2690,1784807865.7563715,8,0.018047094345092773,0.0022558867931365967,True
0,2691,1784807865.7757206,8,0.018313884735107422,0.0022892355918884277,True
0,2692,1784807865.7952,8,0.02098369598388672,0.00262296199798584,True
0,2693,1784807865.81662,8,0.020940303802490234,0.0026175379753112793,True
0,2694,1784807865.8390858,8,0.020192861557006836,0.0025241076946258545,True
0,2695,1784807865.85985,8,0.019537925720214844,0.0024422407150268555,True
0,2696,1784807865.8796964,8,0.019352197647094727,0.002419024705886841,True
0,2697,1784807865.8995366,8,0.01963067054748535,0.002453833818435669,True
0,2698,1784807865.9195209,8,0.021286487579345703,0.002660810947418213,True
0,2699,1784807865.9416158,8,0.018951416015625,0.002368927001953125,True
0,2700,1784807865.9610035,8,0.020433425903320312,0.002554178237915039,True
0,2701,1784807865.9819613,8,0.019318819046020508,0.0024148523807525635,True
0,2702,1784807866.0019846,8,0.020497560501098633,0.002562195062637329,True
0,2703,1784807866.0229678,8,0.019766569137573242,0.0024708211421966553,True
0,2704,1784807866.0430546,8,0.020592212677001953,0.002574026584625244,True
0,2705,1784807866.0640082,8,0.021200895309448242,0.0026501119136810303,True
0,2706,1784807866.0856216,8,0.022039413452148438,0.0027549266815185547,True
0,2707,1784807866.108724,8,0.018962860107421875,0.0023703575134277344,True
0,2708,1784807866.12838,8,0.020807743072509766,0.0026009678840637207,True
0,2709,1784807866.1500647,8,0.01945209503173828,0.002431511878967285,True
0,2710,1784807866.1699197,8,0.019407987594604492,0.0024259984493255615,True
0,2711,1784807866.1898105,8,0.018388986587524414,0.0022986233234405518,True
0,2712,1784807866.208523,8,0.01982903480529785,0.0024786293506622314,True
0,2713,1784807866.2288518,8,0.02045154571533203,0.002556443214416504,True
0,2714,1784807866.2496314,8,0.01874256134033203,0.002342820167541504,True
0,2715,1784807866.2693605,8,0.0198514461517334,0.002481430768966675,True
0,2716,1784807866.2896094,8,0.020984172821044922,0.0026230216026306152,True
0,2717,1784807866.3114846,8,0.020760774612426758,0.0025950968265533447,True
0,2718,1784807866.3329408,8,0.018375873565673828,0.0022969841957092285,True
0,2719,1784807866.3521876,8,0.019144535064697266,0.002393066883087158,True
0,2720,1784807866.3717651,8,0.020832061767578125,0.0026040077209472656,True
0,2721,1784807866.3928878,8,0.020128965377807617,0.002516120672225952,True
0,2722,1784807866.4132898,8,0.018851280212402344,0.002356410026550293,True
0,2723,1784807866.432469,8,0.020908832550048828,0.0026136040687561035,True
0,2724,1784807866.4536855,8,0.018199443817138672,0.002274930477142334,True
0,2725,1784807866.4729502,8,0.018996715545654297,0.002374589443206787,True
0,2726,1784807866.4923875,8,0.019683361053466797,0.0024604201316833496,True
0,2727,1784807866.5125284,8,0.01990652084350586,0.0024883151054382324,True
0,2728,1784807866.5329206,8,0.018615245819091797,0.0023269057273864746,True
0,2729,1784807866.551968,8,0.02024364471435547,0.0025304555892944336,True
0,2730,1784807866.5725904,8,0.019353151321411133,0.0024191439151763916,True
0,2731,1784807866.593601,8,0.017686128616333008,0.002210766077041626,True
0,2732,1784807866.6119661,8,0.020957231521606445,0.0026196539402008057,True
0,2733,1784807866.6335015,8,0.019948959350585938,0.002493619918823242,True
0,2734,1784807866.6547136,8,0.024993419647216797,0.0031241774559020996,True
0,2735,1784807866.6811306,8,0.018351316452026367,0.002293914556503296,True
0,2736,1784807866.69975,8,0.018897533416748047,0.002362191677093506,True
0,2737,1784807866.7192147,8,0.018718481063842773,0.0023398101329803467,True
0,2738,1784807866.7383842,8,0.020873069763183594,0.0026091337203979492,True
0,2739,1784807866.7596292,8,0.019221067428588867,0.0024026334285736084,True
0,2740,1784807866.7793818,8,0.01943516731262207,0.002429395914077759,True
0,2741,1784807866.7992628,8,0.01831793785095215,0.0022897422313690186,True
0,2742,1784807866.8188248,8,0.0211637020111084,0.00264546275138855,True
0,2743,1784807866.8405437,8,0.02021622657775879,0.0025270283222198486,True
0,2744,1784807866.8611965,8,0.019956111907958984,0.002494513988494873,True
0,2745,1784807866.8821442,8,0.02043628692626953,0.0025545358657836914,True
0,2746,1784807866.9031916,8,0.02194070816040039,0.002742588520050049,True
0,2747,1784807866.9259315,8,0.018839597702026367,0.002354949712753296,True
0,2748,1784807866.9453008,8,0.019324302673339844,0.0024155378341674805,True
0,2749,1784807866.9653933,8,0.02096247673034668,0.002620309591293335,True
0,2750,1784807866.9872317,8,0.02065896987915039,0.002582371234893799,True
0,2751,1784807867.0083756,8,0.019046306610107422,0.0023807883262634277,True
0,2752,1784807867.0279126,8,0.021331787109375,0.002666473388671875,True
0,2753,1784807867.0500042,8,0.019332170486450195,0.0024165213108062744,True
0,2754,1784807867.069907,8,0.0211334228515625,0.0026416778564453125,True
0,2755,1784807867.0913692,8,0.02045750617980957,0.0025571882724761963,True
0,2756,1784807867.112193,8,0.019643545150756836,0.0024554431438446045,True
0,2757,1784807867.1328537,8,0.022047758102416992,0.002755969762802124,True
0,2758,1784807867.1565437,8,0.018258094787597656,0.002282261848449707,True
0,2759,1784807867.1752,8,0.020690202713012695,0.002586275339126587,True
0,2760,1784807867.1964886,8,0.01932525634765625,0.0024156570434570312,True
0,2761,1784807867.2165205,8,0.020678997039794922,0.0025848746299743652,True
0,2762,1784807867.2383304,8,0.0208892822265625,0.0026111602783203125,True
0,2763,1784807867.2597647,8,0.02440333366394043,0.0030504167079925537,True
0,2764,1784807867.285093,8,0.017766237258911133,0.0022207796573638916,True
0,2765,1784807867.3036702,8,0.02027106285095215,0.0025338828563690186,True
0,2766,1784807867.324303,8,0.019517898559570312,0.002439737319946289,True
0,2767,1784807867.3448935,8,0.019075632095336914,0.0023844540119171143,True
0,2768,1784807867.3650002,8,0.020914793014526367,0.002614349126815796,True
0,2769,1784807867.3868346,8,0.019011974334716797,0.0023764967918395996,True
0,2770,1784807867.4065406,8,0.019266366958618164,0.0024082958698272705,True
0,2771,1784807867.4263742,8,0.020670175552368164,0.0025837719440460205,True
0,2772,1784807867.4474697,8,0.019965410232543945,0.002495676279067993,True
0,2773,1784807867.467875,8,0.02157139778137207,0.002696424722671509,True
0,2774,1784807867.4901822,8,0.018091678619384766,0.0022614598274230957,True
0,2775,1784807867.5086677,8,0.01997232437133789,0.0024965405464172363,True
0,2776,1784807867.53027,8,0.02231621742248535,0.002789527177810669,True
0,2777,1784807867.5533879,8,0.019035816192626953,0.002379477024078369,True
0,2778,1784807867.574861,8,0.0164642333984375,0.0020580291748046875,True
0,2779,1784807867.591736,8,0.02196788787841797,0.002745985984802246,True
0,2780,1784807867.6141317,8,0.019531965255737305,0.002441495656967163,True
0,2781,1784807867.6340547,8,0.019733667373657227,0.0024667084217071533,True
0,2782,1784807867.6540778,8,0.0209348201751709,0.0026168525218963623,True
0,2783,1784807867.6754072,8,0.01933121681213379,0.0024164021015167236,True
0,2784,1784807867.6951206,8,0.02169346809387207,0.002711683511734009,True
0,2785,1784807867.7171154,8,0.0196533203125,0.0024566650390625,True
0,2786,1784807867.7370887,8,0.019782543182373047,0.002472817897796631,True
0,2787,1784807867.7578034,8,0.02101874351501465,0.002627342939376831,True
0,2788,1784807867.7796466,8,0.021104812622070312,0.002638101577758789,True
0,2789,1784807867.8014567,8,0.019315004348754883,0.0024143755435943604,True
0,2790,1784807867.8211908,8,0.024979591369628906,0.0031224489212036133,True
0,2791,1784807867.846779,8,0.016649723052978516,0.0020812153816223145,True
0,2792,1784807867.8639112,8,0.020159244537353516,0.0025199055671691895,True
0,2793,1784807867.8843613,8,0.020626068115234375,0.002578258514404297,True
0,2794,1784807867.905914,8,0.019669055938720703,0.002458631992340088,True
0,2795,1784807867.9259915,8,0.01920318603515625,0.0024003982543945312,True
0,2796,1784807867.9455261,8,0.01969623565673828,0.002462029457092285,True
0,2797,1784807867.965614,8,0.020604610443115234,0.0025755763053894043,True
0,2798,1784807867.9866762,8,0.020195960998535156,0.0025244951248168945,True
0,2799,1784807868.0072362,8,0.01931452751159668,0.002414315938949585,True
0,2800,1784807868.0269039,8,0.019361019134521484,0.0024201273918151855,True
0,2801,1784807868.0466774,8,0.02107834815979004,0.002634793519973755,True
0,2802,1784807868.0680754,8,0.020216941833496094,0.0025271177291870117,True
0,2803,1784807868.0886314,8,0.02022862434387207,0.002528578042984009,True
0,2804,1784807868.109122,8,0.022357702255249023,0.002794712781906128,True
0,2805,1784807868.1327014,8,0.018963098526000977,0.002370387315750122,True
0,2806,1784807868.152048,8,0.021053314208984375,0.002631664276123047,True
0,2807,1784807868.173462,8,0.02058887481689453,0.0025736093521118164,True
0,2808,1784807868.1943803,8,0.021867990493774414,0.0027334988117218018,True
0,2809,1784807868.2165368,8,0.020757436752319336,0.002594679594039917,True
0,2810,1784807868.2376041,8,0.02022862434387207,0.002528578042984009,True
0,2811,1784807868.2583148,8,0.01888108253479004,0.002360135316848755,True
0,2812,1784807868.2776027,8,0.018175125122070312,0.002271890640258789,True
0,2813,1784807868.2960696,8,0.019646883010864258,0.0024558603763580322,True
0,2814,1784807868.3160555,8,0.020310640335083008,0.002538830041885376,True
0,2815,1784807868.3367617,8,0.020300626754760742,0.0025375783443450928,True
0,2816,1784807868.3576033,8,0.019464731216430664,0.002433091402053833,True
0,2817,1784807868.3774505,8,0.020174026489257812,0.0025217533111572266,True
0,2818,1784807868.3984454,8,0.020160913467407227,0.0025201141834259033,True
0,2819,1784807868.4191306,8,0.01892995834350586,0.0023662447929382324,True
0,2820,1784807868.4384358,8,0.01964402198791504,0.00245550274848938,True
0,2821,1784807868.458607,8,0.018813371658325195,0.0023516714572906494,True
0,2822,1784807868.4777737,8,0.020279407501220703,0.002534925937652588,True
0,2823,1784807868.498374,8,0.020711660385131836,0.0025889575481414795,True
0,2824,1784807868.5194533,8,0.020296812057495117,0.0025371015071868896,True
0,2825,1784807868.5402024,8,0.019895076751708984,0.002486884593963623,True
0,2826,1784807868.5604718,8,0.019307613372802734,0.002413451671600342,True
0,2827,1784807868.5802104,8,0.020219087600708008,0.002527385950088501,True
0,2828,1784807868.6007774,8,0.023431062698364258,0.0029288828372955322,True
0,2829,1784807868.6245482,8,0.020081281661987305,0.002510160207748413,True
0,2830,1784807868.6449337,8,0.020864486694335938,0.002608060836791992,True
0,2831,1784807868.6661873,8,0.019176006317138672,0.002397000789642334,True
0,2832,1784807868.6856046,8,0.019613027572631836,0.0024516284465789795,True
0,2833,1784807868.705587,8,0.020424365997314453,0.0025530457496643066,True
0,2834,1784807868.7264996,8,0.019547462463378906,0.0024434328079223633,True
0,2835,1784807868.7468457,8,0.021104097366333008,0.002638012170791626,True
0,2836,1784807868.768442,8,0.021649837493896484,0.0027062296867370605,True
0,2837,1784807868.7907639,8,0.019699573516845703,0.002462446689605713,True
0,2838,1784807868.8109248,8,0.020549774169921875,0.0025687217712402344,True
0,2839,1784807868.832143,8,0.019858360290527344,0.002482295036315918,True
0,2840,1784807868.8524127,8,0.020352602005004883,0.0025440752506256104,True
0,2841,1784807868.8733425,8,0.019181251525878906,0.0023976564407348633,True
0,2842,1784807868.8936508,8,0.021013259887695312,0.002626657485961914,True
0,2843,1784807868.9157708,8,0.018610477447509766,0.0023263096809387207,True
0,2844,1784807868.9348357,8,0.02001500129699707,0.002501875162124634,True
0,2845,1784807868.9552608,8,0.019860506057739258,0.0024825632572174072,True
0,2846,1784807868.9755766,8,0.01823592185974121,0.0022794902324676514,True
0,2847,1784807868.9961872,8,0.019804716110229492,0.0024755895137786865,True
0,2848,1784807869.0163605,8,0.017997026443481445,0.0022496283054351807,True
0,2849,1784807869.0346386,8,0.0208432674407959,0.0026054084300994873,True
0,2850,1784807869.0558674,8,0.023271799087524414,0.0029089748859405518,True
0,2851,1784807869.0798428,8,0.018782615661621094,0.0023478269577026367,True
0,2852,1784807869.1002662,8,0.019622087478637695,0.002452760934829712,True
0,2853,1784807869.120577,8,0.019776105880737305,0.002472013235092163,True
0,2854,1784807869.141071,8,0.019074440002441406,0.0023843050003051758,True
0,2855,1784807869.160846,8,0.019504547119140625,0.002438068389892578,True
0,2856,1784807869.1811652,8,0.018775463104248047,0.002346932888031006,True
0,2857,1784807869.200509,8,0.02031731605529785,0.0025396645069122314,True
0,2858,1784807869.2211823,8,0.0186617374420166,0.002332717180252075,True
0,2859,1784807869.240123,8,0.019093036651611328,0.002386629581451416,True
0,2860,1784807869.2594943,8,0.02016305923461914,0.0025203824043273926,True
0,2861,1784807869.2800963,8,0.019966602325439453,0.0024958252906799316,True
0,2862,1784807869.300523,8,0.01891946792602539,0.002364933490753174,True
0,2863,1784807869.3197215,8,0.0209348201751709,0.0026168525218963623,True
0,2864,1784807869.3412962,8,0.020311594009399414,0.0025389492511749268,True
0,2865,1784807869.3620079,8,0.018546581268310547,0.0023183226585388184,True
0,2866,1784807869.3808901,8,0.0218203067779541,0.0027275383472442627,True
0,2867,1784807869.4034863,8,0.01928234100341797,0.002410292625427246,True
0,2868,1784807869.4231696,8,0.020633220672607422,0.0025791525840759277,True
0,2869,1784807869.4442492,8,0.019770145416259766,0.0024712681770324707,True
0,2870,1784807869.4643476,8,0.02032756805419922,0.0025409460067749023,True
0,2871,1784807869.485189,8,0.020605802536010742,0.0025757253170013428,True
0,2872,1784807869.5069864,8,0.020784854888916016,0.002598106861114502,True
0,2873,1784807869.5281024,8,0.02167987823486328,0.00270998477935791,True
0,2874,1784807869.5500944,8,0.020180702209472656,0.002522587776184082,True
0,2875,1784807869.5708797,8,0.020440340042114258,0.0025550425052642822,True
0,2876,1784807869.591656,8,0.019137144088745117,0.0023921430110931396,True
0,2877,1784807869.6111448,8,0.02044057846069336,0.00255507230758667,True
0,2878,1784807869.6319556,8,0.020012617111206055,0.002501577138900757,True
0,2879,1784807869.653265,8,0.018841266632080078,0.0023551583290100098,True
0,2880,1784807869.6724608,8,0.021033763885498047,0.002629220485687256,True
0,2881,1784807869.6938388,8,0.0216829776763916,0.00271037220954895,True
0,2882,1784807869.7159,8,0.01940298080444336,0.00242537260055542,True
0,2883,1784807869.7358963,8,0.02175593376159668,0.002719491720199585,True
0,2884,1784807869.758097,8,0.02054119110107422,0.0025676488876342773,True
0,2885,1784807869.77896,8,0.020399808883666992,0.002549976110458374,True
0,2886,1784807869.799693,8,0.022536039352416992,0.002817004919052124,True
0,2887,1784807869.8229945,8,0.019348859786987305,0.002418607473373413,True
0,2888,1784807869.8426538,8,0.020864248275756836,0.0026080310344696045,True
0,2889,1784807869.8639064,8,0.01973724365234375,0.0024671554565429688,True
0,2890,1784807869.8839703,8,0.019828319549560547,0.0024785399436950684,True
0,2891,1784807869.90414,8,0.02039933204650879,0.0025499165058135986,True
0,2892,1784807869.92538,8,0.01873159408569336,0.00234144926071167,True
0,2893,1784807869.9445498,8,0.01871800422668457,0.0023397505283355713,True
0,2894,1784807869.9636612,8,0.018619298934936523,0.0023274123668670654,True
0,2895,1784807869.982663,8,0.02058863639831543,0.0025735795497894287,True
0,2896,1784807870.0036957,8,0.018289804458618164,0.0022862255573272705,True
0,2897,1784807870.0223904,8,0.019297361373901367,0.002412170171737671,True
0,2898,1784807870.0420916,8,0.019197463989257812,0.0023996829986572266,True
0,2899,1784807870.0624635,8,0.01835346221923828,0.002294182777404785,True
0,2900,1784807870.08112,8,0.019850969314575195,0.0024813711643218994,True
0,2901,1784807870.1014996,8,0.01827859878540039,0.002284824848175049,True
0,2902,1784807870.1201193,8,0.02105093002319336,0.00263136625289917,True
0,2903,1784807870.1414692,8,0.020711660385131836,0.0025889575481414795,True
0,2904,1784807870.1627285,8,0.01675271987915039,0.002094089984893799,True
0,2905,1784807870.1798272,8,0.01998281478881836,0.002497851848602295,True
0,2906,1784807870.200207,8,0.019917964935302734,0.002489745616912842,True
0,2907,1784807870.220545,8,0.01975226402282715,0.0024690330028533936,True
0,2908,1784807870.2407334,8,0.018229961395263672,0.002278745174407959,True
0,2909,1784807870.2593503,8,0.019476652145385742,0.0024345815181732178,True
0,2910,1784807870.2794151,8,0.019829750061035156,0.0024787187576293945,True
0,2911,1784807870.2995722,8,0.01990985870361328,0.00248873233795166,True
0,2912,1784807870.32018,8,0.019042253494262695,0.002380281686782837,True
0,2913,1784807870.3398075,8,0.019682884216308594,0.0024603605270385742,True
0,2914,1784807870.359875,8,0.01882004737854004,0.002352505922317505,True
0,2915,1784807870.3790362,8,0.01831674575805664,0.00228959321975708,True
0,2916,1784807870.3981652,8,0.020678281784057617,0.002584785223007202,True
0,2917,1784807870.4191785,8,0.020198345184326172,0.0025247931480407715,True
0,2918,1784807870.4397018,8,0.01934027671813965,0.002417534589767456,True
0,2919,1784807870.45964,8,0.020011186599731445,0.0025013983249664307,True
0,2920,1784807870.480342,8,0.022040605545043945,0.002755075693130493,True
0,2921,1784807870.502973,8,0.02026987075805664,0.00253373384475708,True
0,2922,1784807870.5237696,8,0.019234657287597656,0.002404332160949707,True
0,2923,1784807870.5435011,8,0.018941402435302734,0.002367675304412842,True
0,2924,1784807870.5629535,8,0.020493030548095703,0.002561628818511963,True
0,2925,1784807870.5840747,8,0.019012451171875,0.002376556396484375,True
0,2926,1784807870.6038895,8,0.02179884910583496,0.00272485613822937,True
0,2927,1784807870.6260812,8,0.019925355911254883,0.0024906694889068604,True
0,2928,1784807870.6464748,8,0.019992828369140625,0.002499103546142578,True
0,2929,1784807870.6669328,8,0.023277759552001953,0.002909719944000244,True
0,2930,1784807870.6906788,8,0.02074742317199707,0.002593427896499634,True
0,2931,1784807870.7126257,8,0.021900653839111328,0.002737581729888916,True
0,2932,1784807870.735197,8,0.018192052841186523,0.0022740066051483154,True
0,2933,1784807870.7537293,8,0.019802570343017578,0.0024753212928771973,True
0,2934,1784807870.7738972,8,0.02110004425048828,0.002637505531311035,True
0,2935,1784807870.7953267,8,0.018796920776367188,0.0023496150970458984,True
0,2936,1784807870.8143659,8,0.01967310905456543,0.0024591386318206787,True
0,2937,1784807870.8343532,8,0.02079939842224121,0.0025999248027801514,True
0,2938,1784807870.855484,8,0.019237041473388672,0.002404630184173584,True
0,2939,1784807870.8750951,8,0.01949477195739746,0.0024368464946746826,True
0,2940,1784807870.8948681,8,0.018596410751342773,0.0023245513439178467,True
0,2941,1784807870.9138253,8,0.01921534538269043,0.0024019181728363037,True
0,2942,1784807870.933375,8,0.01932048797607422,0.0024150609970092773,True
0,2943,1784807870.952985,8,0.02028942108154297,0.002536177635192871,True
0,2944,1784807870.9737575,8,0.018890857696533203,0.0023613572120666504,True
0,2945,1784807870.992958,8,0.019535541534423828,0.0024419426918029785,True
0,2946,1784807871.0129237,8,0.019927263259887695,0.002490907907485962,True
0,2947,1784807871.0333743,8,0.02053546905517578,0.0025669336318969727,True
0,2948,1784807871.0543342,8,0.01854681968688965,0.002318352460861206,True
0,2949,1784807871.073451,8,0.018641948699951172,0.0023302435874938965,True
0,2950,1784807871.0926116,8,0.01908278465270996,0.002385348081588745,True
0,2951,1784807871.1121557,8,0.01763010025024414,0.0022037625312805176,True
