process_id,batch_id,timestamp,batch_size,batch_time_seconds,avg_query_time_seconds,success
17,1,1784807811.8948407,8,0.007959842681884766,0.0009949803352355957,True
17,2,1784807811.9184296,8,0.00709223747253418,0.0008865296840667725,True
17,3,1784807811.932834,8,0.013450145721435547,0.0016812682151794434,True
17,4,1784807811.9548688,8,0.008609771728515625,0.0010762214660644531,True
17,5,1784807811.9774876,8,0.0073699951171875,0.0009212493896484375,True
17,6,1784807811.996717,8,0.009270668029785156,0.0011588335037231445,True
17,7,1784807812.0161214,8,0.0072400569915771484,0.0009050071239471436,True
17,8,1784807812.0379548,8,0.005120277404785156,0.0006400346755981445,True
17,9,1784807812.0599225,8,0.0067026615142822266,0.0008378326892852783,True
17,10,1784807812.0784721,8,0.005766391754150391,0.0007207989692687988,True
17,11,1784807812.0988128,8,0.006341457366943359,0.0007926821708679199,True
17,12,1784807812.1255553,8,0.010708093643188477,0.0013385117053985596,True
17,13,1784807812.1539686,8,0.006513357162475586,0.0008141696453094482,True
17,14,1784807812.1702275,8,0.012383222579956055,0.0015479028224945068,True
17,15,1784807812.2022812,8,0.011040449142456055,0.0013800561428070068,True
17,16,1784807812.2283852,8,0.007866621017456055,0.0009833276271820068,True
17,17,1784807812.2464726,8,0.009131669998168945,0.0011414587497711182,True
17,18,1784807812.267945,8,0.00853419303894043,0.0010667741298675537,True
17,19,1784807812.2969034,8,0.010278463363647461,0.0012848079204559326,True
17,20,1784807812.326617,8,0.0071713924407958984,0.0008964240550994873,True
17,21,1784807812.3477569,8,0.0070340633392333984,0.0008792579174041748,True
17,22,1784807812.368269,8,0.009101390838623047,0.0011376738548278809,True
17,23,1784807812.3919692,8,0.008815288543701172,0.0011019110679626465,True
17,24,1784807812.4127028,8,0.011519432067871094,0.0014399290084838867,True
17,25,1784807812.4343624,8,0.013834714889526367,0.001729339361190796,True
17,26,1784807812.4601212,8,0.00917816162109375,0.0011472702026367188,True
17,27,1784807812.4813828,8,0.009243965148925781,0.0011554956436157227,True
17,28,1784807812.5009289,8,0.010537862777709961,0.0013172328472137451,True
17,29,1784807812.5277455,8,0.009980916976928711,0.0012476146221160889,True
17,30,1784807812.5442212,8,0.013696432113647461,0.0017120540142059326,True
17,31,1784807812.5586708,8,0.021329164505004883,0.0026661455631256104,True
17,32,1784807812.5810363,8,0.020157575607299805,0.0025196969509124756,True
17,33,1784807812.602996,8,0.019348859786987305,0.002418607473373413,True
17,34,1784807812.640435,8,0.007024526596069336,0.000878065824508667,True
17,35,1784807812.6618743,8,0.008734941482543945,0.0010918676853179932,True
17,36,1784807812.6897376,8,0.007771730422973633,0.0009714663028717041,True
17,37,1784807812.7126186,8,0.011616230010986328,0.001452028751373291,True
17,38,1784807812.7426412,8,0.008887052536010742,0.0011108815670013428,True
17,39,1784807812.7666056,8,0.011380672454833984,0.001422584056854248,True
17,40,1784807812.7967882,8,0.007469892501831055,0.0009337365627288818,True
17,41,1784807812.823374,8,0.008529424667358398,0.0010661780834197998,True
17,42,1784807812.8455532,8,0.00885009765625,0.00110626220703125,True
17,43,1784807812.8693235,8,0.010175466537475586,0.0012719333171844482,True
17,44,1784807812.894748,8,0.010719060897827148,0.0013398826122283936,True
17,45,1784807812.906421,8,0.020382404327392578,0.0025478005409240723,True
17,46,1784807812.928714,8,0.018796920776367188,0.0023496150970458984,True
17,47,1784807812.9500206,8,0.018442869186401367,0.002305358648300171,True
17,48,1784807812.969833,8,0.01982879638671875,0.0024785995483398438,True
17,49,1784807812.991061,8,0.02149033546447754,0.0026862919330596924,True
17,50,1784807813.0141602,8,0.02132725715637207,0.002665907144546509,True
17,51,1784807813.0361414,8,0.019603729248046875,0.0024504661560058594,True
17,52,1784807813.0577064,8,0.019607067108154297,0.002450883388519287,True
17,53,1784807813.0789087,8,0.020837783813476562,0.0026047229766845703,True
17,54,1784807813.1098828,8,0.007870197296142578,0.0009837746620178223,True
17,55,1784807813.1361887,8,0.009593009948730469,0.0011991262435913086,True
17,56,1784807813.1551104,8,0.01425623893737793,0.0017820298671722412,True
17,57,1784807813.1708603,8,0.020101547241210938,0.002512693405151367,True
17,58,1784807813.1918457,8,0.019573450088500977,0.002446681261062622,True
17,59,1784807813.2119823,8,0.021758556365966797,0.0027198195457458496,True
17,60,1784807813.2346015,8,0.02018427848815918,0.0025230348110198975,True
17,61,1784807813.2555044,8,0.020268917083740234,0.0025336146354675293,True
17,62,1784807813.2766087,8,0.01777482032775879,0.0022218525409698486,True
17,63,1784807813.2963743,8,0.018904447555541992,0.002363055944442749,True
17,64,1784807813.3157983,8,0.022100448608398438,0.0027625560760498047,True
17,65,1784807813.3500187,8,0.008496284484863281,0.0010620355606079102,True
17,66,1784807813.3781703,8,0.009111404418945312,0.001138925552368164,True
17,67,1784807813.401154,8,0.011015176773071289,0.0013768970966339111,True
17,68,1784807813.4281414,8,0.00815439224243164,0.001019299030303955,True
17,69,1784807813.4483001,8,0.01099705696105957,0.0013746321201324463,True
17,70,1784807813.4724612,8,0.011071205139160156,0.0013839006423950195,True
17,71,1784807813.495153,8,0.011407852172851562,0.0014259815216064453,True
17,72,1784807813.524358,8,0.010558366775512695,0.001319795846939087,True
17,73,1784807813.536219,8,0.02053976058959961,0.002567470073699951,True
17,74,1784807813.5582216,8,0.019700288772583008,0.002462536096572876,True
17,75,1784807813.5786526,8,0.020238637924194336,0.002529829740524292,True
17,76,1784807813.599553,8,0.02080368995666504,0.00260046124458313,True
17,77,1784807813.622637,8,0.019457101821899414,0.0024321377277374268,True
17,78,1784807813.642957,8,0.02024102210998535,0.002530127763748169,True
17,79,1784807813.663939,8,0.02062845230102539,0.002578556537628174,True
17,80,1784807813.6856084,8,0.020369768142700195,0.0025462210178375244,True
17,81,1784807813.7069516,8,0.02176690101623535,0.002720862627029419,True
17,82,1784807813.729527,8,0.022941112518310547,0.0028676390647888184,True
17,83,1784807813.753513,8,0.019338607788085938,0.002417325973510742,True
17,84,1784807813.7734497,8,0.02118992805480957,0.0026487410068511963,True
17,85,1784807813.7975569,8,0.02091670036315918,0.0026145875453948975,True
17,86,1784807813.8219194,8,0.01975393295288086,0.0024692416191101074,True
17,87,1784807813.8437655,8,0.021471500396728516,0.0026839375495910645,True
17,88,1784807813.8662236,8,0.019731521606445312,0.002466440200805664,True
17,89,1784807813.886749,8,0.019954442977905273,0.002494305372238159,True
17,90,1784807813.9108572,8,0.01923847198486328,0.00240480899810791,True
17,91,1784807813.9307256,8,0.01935720443725586,0.0024196505546569824,True
17,92,1784807813.951124,8,0.020529985427856445,0.0025662481784820557,True
17,93,1784807813.9723046,8,0.018423080444335938,0.002302885055541992,True
17,94,1784807813.991417,8,0.0209348201751709,0.0026168525218963623,True
17,95,1784807814.0132127,8,0.01894092559814453,0.0023676156997680664,True
17,96,1784807814.0330908,8,0.020270347595214844,0.0025337934494018555,True
17,97,1784807814.0545237,8,0.01996326446533203,0.002495408058166504,True
17,98,1784807814.0759482,8,0.018759489059448242,0.0023449361324310303,True
17,99,1784807814.0966794,8,0.020371198654174805,0.0025463998317718506,True
17,100,1784807814.1178708,8,0.019646644592285156,0.0024558305740356445,True
17,101,1784807814.1380172,8,0.019866228103637695,0.002483278512954712,True
17,102,1784807814.1595953,8,0.018564701080322266,0.002320587635040283,True
17,103,1784807814.1807926,8,0.01874089241027832,0.00234261155128479,True
17,104,1784807814.2003095,8,0.021001100540161133,0.0026251375675201416,True
17,105,1784807814.2221484,8,0.020146846771240234,0.0025183558464050293,True
17,106,1784807814.2431712,8,0.01915431022644043,0.0023942887783050537,True
17,107,1784807814.262848,8,0.020731687545776367,0.002591460943222046,True
17,108,1784807814.2842374,8,0.02200627326965332,0.002750784158706665,True
17,109,1784807814.307037,8,0.02288055419921875,0.0028600692749023438,True
17,110,1784807814.3306942,8,0.020000219345092773,0.0025000274181365967,True
17,111,1784807814.352557,8,0.018175125122070312,0.002271890640258789,True
17,112,1784807814.3714666,8,0.019928455352783203,0.0024910569190979004,True
17,113,1784807814.3925076,8,0.0218203067779541,0.0027275383472442627,True
17,114,1784807814.415254,8,0.019406557083129883,0.0024258196353912354,True
17,115,1784807814.4353065,8,0.022099733352661133,0.0027624666690826416,True
17,116,1784807814.458294,8,0.022112369537353516,0.0027640461921691895,True
17,117,1784807814.4817069,8,0.01837444305419922,0.0022968053817749023,True
17,118,1784807814.5005252,8,0.022196292877197266,0.002774536609649658,True
17,119,1784807814.5232675,8,0.0202023983001709,0.0025252997875213623,True
17,120,1784807814.5441022,8,0.020852088928222656,0.002606511116027832,True
17,121,1784807814.565516,8,0.021334171295166016,0.002666771411895752,True
17,122,1784807814.5875123,8,0.019850969314575195,0.0024813711643218994,True
17,123,1784807814.6079724,8,0.022024154663085938,0.002753019332885742,True
17,124,1784807814.630558,8,0.019974946975708008,0.002496868371963501,True
17,125,1784807814.6524146,8,0.019772052764892578,0.0024715065956115723,True
17,126,1784807814.6732688,8,0.021665573120117188,0.0027081966400146484,True
17,127,1784807814.6953008,8,0.019678592681884766,0.0024598240852355957,True
17,128,1784807814.715404,8,0.019030094146728516,0.0023787617683410645,True
17,129,1784807814.7348785,8,0.02288675308227539,0.002860844135284424,True
17,130,1784807814.758102,8,0.021714210510253906,0.0027142763137817383,True
17,131,1784807814.7802577,8,0.02043890953063965,0.002554863691329956,True
17,132,1784807814.8014286,8,0.022183895111083984,0.002772986888885498,True
17,133,1784807814.8242302,8,0.01856255531311035,0.002320319414138794,True
17,134,1784807814.8431904,8,0.0206756591796875,0.0025844573974609375,True
17,135,1784807814.8649404,8,0.018549203872680664,0.002318650484085083,True
17,136,1784807814.883867,8,0.02108931541442871,0.002636164426803589,True
17,137,1784807814.9057016,8,0.019859790802001953,0.002482473850250244,True
17,138,1784807814.9264705,8,0.02241969108581543,0.0028024613857269287,True
17,139,1784807814.9500716,8,0.022108793258666992,0.002763599157333374,True
17,140,1784807814.9730392,8,0.02037501335144043,0.0025468766689300537,True
17,141,1784807814.9939864,8,0.019108057022094727,0.002388507127761841,True
17,142,1784807815.0135179,8,0.023573875427246094,0.0029467344284057617,True
17,143,1784807815.0376894,8,0.019695758819580078,0.0024619698524475098,True
17,144,1784807815.0582283,8,0.02225208282470703,0.002781510353088379,True
17,145,1784807815.0811272,8,0.019661903381347656,0.002457737922668457,True
17,146,1784807815.1011913,8,0.021318435668945312,0.002664804458618164,True
17,147,1784807815.1229942,8,0.021793127059936523,0.0027241408824920654,True
17,148,1784807815.1453567,8,0.01984548568725586,0.0024806857109069824,True
17,149,1784807815.1658251,8,0.021167755126953125,0.0026459693908691406,True
17,150,1784807815.1878655,8,0.0213472843170166,0.002668410539627075,True
17,151,1784807815.2097979,8,0.01893925666809082,0.0023674070835113525,True
17,152,1784807815.2291768,8,0.019692420959472656,0.002461552619934082,True
17,153,1784807815.249853,8,0.02307724952697754,0.0028846561908721924,True
17,154,1784807815.2736123,8,0.018472909927368164,0.0023091137409210205,True
17,155,1784807815.2927277,8,0.02022266387939453,0.0025278329849243164,True
17,156,1784807815.313836,8,0.02070307731628418,0.0025878846645355225,True
17,157,1784807815.3363912,8,0.02032637596130371,0.002540796995162964,True
17,158,1784807815.3573184,8,0.020557880401611328,0.002569735050201416,True
17,159,1784807815.3783154,8,0.021692276000976562,0.0027115345001220703,True
17,160,1784807815.4010887,8,0.020406246185302734,0.002550780773162842,True
17,161,1784807815.42189,8,0.020708560943603516,0.0025885701179504395,True
17,162,1784807815.4432821,8,0.019802093505859375,0.002475261688232422,True
17,163,1784807815.4635012,8,0.02003026008605957,0.0025037825107574463,True
17,164,1784807815.4839554,8,0.021305084228515625,0.002663135528564453,True
17,165,1784807815.5057478,8,0.023977994918823242,0.0029972493648529053,True
17,166,1784807815.5300443,8,0.01841568946838379,0.0023019611835479736,True
17,167,1784807815.549149,8,0.019955158233642578,0.0024943947792053223,True
17,168,1784807815.5696075,8,0.02124786376953125,0.0026559829711914062,True
17,169,1784807815.5917568,8,0.020926475524902344,0.002615809440612793,True
17,170,1784807815.6143034,8,0.019176006317138672,0.002397000789642334,True
17,171,1784807815.6339076,8,0.02201104164123535,0.002751380205154419,True
17,172,1784807815.656442,8,0.020985126495361328,0.002623140811920166,True
17,173,1784807815.6782596,8,0.0191652774810791,0.0023956596851348877,True
17,174,1784807815.6982102,8,0.019680500030517578,0.0024600625038146973,True
17,175,1784807815.718503,8,0.01970672607421875,0.0024633407592773438,True
17,176,1784807815.7392437,8,0.02031087875366211,0.0025388598442077637,True
17,177,1784807815.760119,8,0.022387981414794922,0.0027984976768493652,True
17,178,1784807815.7832518,8,0.02006053924560547,0.0025075674057006836,True
17,179,1784807815.8038332,8,0.020987749099731445,0.0026234686374664307,True
17,180,1784807815.825687,8,0.019562721252441406,0.0024453401565551758,True
17,181,1784807815.8459077,8,0.020161867141723633,0.002520233392715454,True
17,182,1784807815.8664143,8,0.021409988403320312,0.002676248550415039,True
17,183,1784807815.889038,8,0.020686864852905273,0.002585858106613159,True
17,184,1784807815.9112713,8,0.018628597259521484,0.0023285746574401855,True
17,185,1784807815.932102,8,0.020383358001708984,0.002547919750213623,True
17,186,1784807815.9528992,8,0.02056097984313965,0.002570122480392456,True
17,187,1784807815.973908,8,0.022167205810546875,0.0027709007263183594,True
17,188,1784807815.996634,8,0.02060556411743164,0.002575695514678955,True
17,189,1784807816.0178308,8,0.019533872604370117,0.0024417340755462646,True
17,190,1784807816.0380995,8,0.019182205200195312,0.002397775650024414,True
17,191,1784807816.057712,8,0.019723176956176758,0.0024653971195220947,True
17,192,1784807816.077869,8,0.022365808486938477,0.0027957260608673096,True
17,193,1784807816.101499,8,0.022867202758789062,0.002858400344848633,True
17,194,1784807816.1250558,8,0.019423246383666992,0.002427905797958374,True
17,195,1784807816.145059,8,0.01938462257385254,0.0024230778217315674,True
17,196,1784807816.1662755,8,0.019586563110351562,0.0024483203887939453,True
17,197,1784807816.1870873,8,0.02148747444152832,0.00268593430519104,True
17,198,1784807816.209096,8,0.0201263427734375,0.0025157928466796875,True
17,199,1784807816.2304711,8,0.01921820640563965,0.002402275800704956,True
17,200,1784807816.2501717,8,0.020505905151367188,0.0025632381439208984,True
17,201,1784807816.272209,8,0.019083738327026367,0.002385467290878296,True
17,202,1784807816.2928178,8,0.02046036720275879,0.0025575459003448486,True
17,203,1784807816.3139746,8,0.020190954208374023,0.002523869276046753,True
17,204,1784807816.3348331,8,0.021535158157348633,0.002691894769668579,True
17,205,1784807816.3596916,8,0.01857757568359375,0.0023221969604492188,True
17,206,1784807816.3786995,8,0.019828319549560547,0.0024785399436950684,True
17,207,1784807816.3993282,8,0.02039361000061035,0.002549201250076294,True
17,208,1784807816.4207802,8,0.020362138748168945,0.002545267343521118,True
17,209,1784807816.441795,8,0.019546985626220703,0.002443373203277588,True
17,210,1784807816.4617903,8,0.020197153091430664,0.002524644136428833,True
17,211,1784807816.4827163,8,0.01976156234741211,0.0024701952934265137,True
17,212,1784807816.5032759,8,0.019023418426513672,0.002377927303314209,True
17,213,1784807816.5230541,8,0.021817922592163086,0.0027272403240203857,True
17,214,1784807816.5459642,8,0.01986241340637207,0.002482801675796509,True
17,215,1784807816.5663269,8,0.020810365676879883,0.0026012957096099854,True
17,216,1784807816.5875447,8,0.022100210189819336,0.002762526273727417,True
17,217,1784807816.6100183,8,0.020613670349121094,0.0025767087936401367,True
17,218,1784807816.6313877,8,0.020612001419067383,0.002576500177383423,True
17,219,1784807816.6524827,8,0.020179271697998047,0.002522408962249756,True
17,220,1784807816.6731334,8,0.023409128189086914,0.0029261410236358643,True
17,221,1784807816.6970322,8,0.021373271942138672,0.002671658992767334,True
17,222,1784807816.7188187,8,0.01892566680908203,0.002365708351135254,True
17,223,1784807816.7384932,8,0.0220491886138916,0.00275614857673645,True
17,224,1784807816.7615716,8,0.01926255226135254,0.0024078190326690674,True
17,225,1784807816.7811882,8,0.019640684127807617,0.002455085515975952,True
17,226,1784807816.801293,8,0.019778728485107422,0.0024723410606384277,True
17,227,1784807816.821787,8,0.02160048484802246,0.0027000606060028076,True
17,228,1784807816.8439398,8,0.019535303115844727,0.002441912889480591,True
17,229,1784807816.8645246,8,0.02129983901977539,0.002662479877471924,True
17,230,1784807816.8863308,8,0.020083904266357422,0.0025104880332946777,True
17,231,1784807816.9074032,8,0.019938945770263672,0.002492368221282959,True
17,232,1784807816.9279995,8,0.02149510383605957,0.0026868879795074463,True
17,233,1784807816.9499092,8,0.019098520278930664,0.002387315034866333,True
17,234,1784807816.9694543,8,0.02042102813720703,0.002552628517150879,True
17,235,1784807816.9903626,8,0.02084040641784668,0.002605050802230835,True
17,236,1784807817.0116637,8,0.019941329956054688,0.002492666244506836,True
17,237,1784807817.0324419,8,0.019040346145629883,0.0023800432682037354,True
17,238,1784807817.0519338,8,0.020666837692260742,0.0025833547115325928,True
17,239,1784807817.0733125,8,0.019845962524414062,0.002480745315551758,True
17,240,1784807817.0937378,8,0.01946091651916504,0.00243261456489563,True
17,241,1784807817.113561,8,0.02101421356201172,0.002626776695251465,True
17,242,1784807817.134942,8,0.019748449325561523,0.0024685561656951904,True
17,243,1784807817.1550992,8,0.020611047744750977,0.002576380968093872,True
17,244,1784807817.17652,8,0.02308177947998047,0.0028852224349975586,True
17,245,1784807817.2001765,8,0.017963647842407227,0.0022454559803009033,True
17,246,1784807817.2185056,8,0.021366357803344727,0.002670794725418091,True
17,247,1784807817.2418683,8,0.02235269546508789,0.0027940869331359863,True
17,248,1784807817.264676,8,0.016335010528564453,0.0020418763160705566,True
17,249,1784807817.2814198,8,0.019069433212280273,0.002383679151535034,True
17,250,1784807817.300861,8,0.019751787185668945,0.002468973398208618,True
17,251,1784807817.321698,8,0.019913911819458008,0.002489238977432251,True
17,252,1784807817.3420165,8,0.0204012393951416,0.0025501549243927,True
17,253,1784807817.363736,8,0.021245956420898438,0.0026557445526123047,True
17,254,1784807817.3853915,8,0.021086931228637695,0.002635866403579712,True
17,255,1784807817.406765,8,0.0185854434967041,0.0023231804370880127,True
17,256,1784807817.4259255,8,0.01987433433532715,0.0024842917919158936,True
17,257,1784807817.446188,8,0.020952463150024414,0.0026190578937530518,True
17,258,1784807817.467479,8,0.019455432891845703,0.002431929111480713,True
17,259,1784807817.4874227,8,0.01952981948852539,0.002441227436065674,True
17,260,1784807817.507426,8,0.01817011833190918,0.0022712647914886475,True
17,261,1784807817.5260997,8,0.02003788948059082,0.0025047361850738525,True
17,262,1784807817.546492,8,0.019606828689575195,0.0024508535861968994,True
17,263,1784807817.566435,8,0.01996898651123047,0.0024961233139038086,True
17,264,1784807817.5868237,8,0.019739866256713867,0.0024674832820892334,True
17,265,1784807817.606948,8,0.018906354904174805,0.0023632943630218506,True
17,266,1784807817.626198,8,0.020149946212768555,0.0025187432765960693,True
17,267,1784807817.6487544,8,0.01998615264892578,0.0024982690811157227,True
17,268,1784807817.6692955,8,0.020064115524291992,0.002508014440536499,True
17,269,1784807817.689771,8,0.020336389541625977,0.002542048692703247,True
17,270,1784807817.7105985,8,0.020083189010620117,0.0025103986263275146,True
17,271,1784807817.7313995,8,0.019683837890625,0.002460479736328125,True
17,272,1784807817.7515178,8,0.020015239715576172,0.0025019049644470215,True
17,273,1784807817.772061,8,0.021636247634887695,0.002704530954360962,True
17,274,1784807817.7941558,8,0.01905369758605957,0.0023817121982574463,True
17,275,1784807817.8136177,8,0.021274328231811523,0.0026592910289764404,True
17,276,1784807817.8357456,8,0.020552396774291992,0.002569049596786499,True
17,277,1784807817.8567014,8,0.020091533660888672,0.002511441707611084,True
17,278,1784807817.878218,8,0.02066206932067871,0.002582758665084839,True
17,279,1784807817.8999882,8,0.019366025924682617,0.002420753240585327,True
17,280,1784807817.919703,8,0.020282745361328125,0.0025353431701660156,True
17,281,1784807817.9404051,8,0.019205808639526367,0.002400726079940796,True
17,282,1784807817.9600427,8,0.021347761154174805,0.0026684701442718506,True
17,283,1784807817.98198,8,0.020232677459716797,0.0025290846824645996,True
17,284,1784807818.0028157,8,0.02073383331298828,0.002591729164123535,True
17,285,1784807818.0239534,8,0.019689083099365234,0.0024611353874206543,True
17,286,1784807818.0440753,8,0.019916057586669922,0.0024895071983337402,True
17,287,1784807818.0644374,8,0.020775556564331055,0.002596944570541382,True
17,288,1784807818.0855782,8,0.01973867416381836,0.002467334270477295,True
17,289,1784807818.10569,8,0.020512104034423828,0.0025640130043029785,True
17,290,1784807818.126894,8,0.021037578582763672,0.002629697322845459,True
17,291,1784807818.1483164,8,0.02101421356201172,0.002626776695251465,True
17,292,1784807818.1702478,8,0.021800518035888672,0.002725064754486084,True
17,293,1784807818.1925883,8,0.02107834815979004,0.002634793519973755,True
17,294,1784807818.2144253,8,0.020168542861938477,0.0025210678577423096,True
17,295,1784807818.2350073,8,0.0209958553314209,0.0026244819164276123,True
17,296,1784807818.2566297,8,0.01983475685119629,0.002479344606399536,True
17,297,1784807818.2768202,8,0.020494699478149414,0.0025618374347686768,True
17,298,1784807818.297854,8,0.019535541534423828,0.0024419426918029785,True
17,299,1784807818.3179574,8,0.020275115966796875,0.0025343894958496094,True
17,300,1784807818.338696,8,0.02059030532836914,0.0025737881660461426,True
17,301,1784807818.3607192,8,0.020673513412475586,0.0025841891765594482,True
17,302,1784807818.3819609,8,0.019797086715698242,0.0024746358394622803,True
17,303,1784807818.4022992,8,0.019715309143066406,0.0024644136428833008,True
17,304,1784807818.4224257,8,0.022047042846679688,0.002755880355834961,True
17,305,1784807818.444937,8,0.018894195556640625,0.002361774444580078,True
17,306,1784807818.4642894,8,0.019242525100708008,0.002405315637588501,True
17,307,1784807818.4838119,8,0.021914005279541016,0.002739250659942627,True
17,308,1784807818.5069118,8,0.021147727966308594,0.0026434659957885742,True
17,309,1784807818.5286834,8,0.018458127975463867,0.0023072659969329834,True
17,310,1784807818.547554,8,0.0200960636138916,0.00251200795173645,True
17,311,1784807818.5680473,8,0.020565271377563477,0.0025706589221954346,True
17,312,1784807818.589255,8,0.02111339569091797,0.002639174461364746,True
17,313,1784807818.610791,8,0.019281625747680664,0.002410203218460083,True
17,314,1784807818.6304193,8,0.022861242294311523,0.0028576552867889404,True
17,315,1784807818.6538768,8,0.01997828483581543,0.0024972856044769287,True
17,316,1784807818.6742768,8,0.02061772346496582,0.0025772154331207275,True
17,317,1784807818.6953583,8,0.020755529403686523,0.0025944411754608154,True
17,318,1784807818.716434,8,0.019712209701538086,0.0024640262126922607,True
17,319,1784807818.736456,8,0.021235942840576172,0.0026544928550720215,True
17,320,1784807818.7581363,8,0.01974654197692871,0.002468317747116089,True
17,321,1784807818.77836,8,0.020610332489013672,0.002576291561126709,True
17,322,1784807818.7993808,8,0.021201372146606445,0.0026501715183258057,True
17,323,1784807818.8210196,8,0.0200803279876709,0.0025100409984588623,True
17,324,1784807818.8415244,8,0.021004199981689453,0.0026255249977111816,True
17,325,1784807818.8634014,8,0.019644737243652344,0.002455592155456543,True
17,326,1784807818.8841252,8,0.021781206130981445,0.0027226507663726807,True
17,327,1784807818.90676,8,0.02036738395690918,0.0025459229946136475,True
17,328,1784807818.9279163,8,0.02022409439086914,0.0025280117988586426,True
17,329,1784807818.9484813,8,0.020590543746948242,0.0025738179683685303,True
17,330,1784807818.9693573,8,0.01918506622314453,0.0023981332778930664,True
17,331,1784807818.9888523,8,0.021328449249267578,0.0026660561561584473,True
17,332,1784807819.0111349,8,0.025153160095214844,0.0031441450119018555,True
17,333,1784807819.0368545,8,0.020230770111083984,0.002528846263885498,True
17,334,1784807819.057497,8,0.018012046813964844,0.0022515058517456055,True
17,335,1784807819.0761902,8,0.01970958709716797,0.002463698387145996,True
17,336,1784807819.0962512,8,0.020908117294311523,0.0026135146617889404,True
17,337,1784807819.1174674,8,0.019616127014160156,0.0024520158767700195,True
17,338,1784807819.138329,8,0.021030902862548828,0.0026288628578186035,True
17,339,1784807819.1598194,8,0.02007293701171875,0.0025091171264648438,True
17,340,1784807819.1803992,8,0.018946170806884766,0.0023682713508605957,True
17,341,1784807819.1997502,8,0.022698163986206055,0.002837270498275757,True
17,342,1784807819.2230148,8,0.02100229263305664,0.00262528657913208,True
17,343,1784807819.2449677,8,0.019170761108398438,0.0023963451385498047,True
17,344,1784807819.264803,8,0.019119739532470703,0.002389967441558838,True
17,345,1784807819.2843122,8,0.0197446346282959,0.0024680793285369873,True
17,346,1784807819.3044868,8,0.021896839141845703,0.002737104892730713,True
17,347,1784807819.3267698,8,0.020376205444335938,0.002547025680541992,True
17,348,1784807819.3478506,8,0.02300119400024414,0.0028751492500305176,True
17,349,1784807819.3712955,8,0.020070791244506836,0.0025088489055633545,True
17,350,1784807819.391993,8,0.01946711540222168,0.00243338942527771,True
17,351,1784807819.4125454,8,0.018639087677001953,0.002329885959625244,True
17,352,1784807819.431731,8,0.021981239318847656,0.002747654914855957,True
17,353,1784807819.4547253,8,0.018117189407348633,0.002264648675918579,True
17,354,1784807819.47544,8,0.01864910125732422,0.0023311376571655273,True
17,355,1784807819.4944062,8,0.01965951919555664,0.00245743989944458,True
17,356,1784807819.5143754,8,0.01980137825012207,0.002475172281265259,True
17,357,1784807819.5346322,8,0.022162675857543945,0.002770334482192993,True
17,358,1784807819.5571606,8,0.01916790008544922,0.0023959875106811523,True
17,359,1784807819.5768335,8,0.019881248474121094,0.0024851560592651367,True
17,360,1784807819.5972438,8,0.020296096801757812,0.0025370121002197266,True
17,361,1784807819.617913,8,0.017748594284057617,0.002218574285507202,True
17,362,1784807819.6359873,8,0.020503997802734375,0.002562999725341797,True
17,363,1784807819.6567626,8,0.018159866333007812,0.0022699832916259766,True
17,364,1784807819.6752622,8,0.018822908401489258,0.0023528635501861572,True
17,365,1784807819.6945546,8,0.019232988357543945,0.002404123544692993,True
17,366,1784807819.7141497,8,0.01923060417175293,0.002403825521469116,True
17,367,1784807819.733779,8,0.01946735382080078,0.0024334192276000977,True
17,368,1784807819.7535717,8,0.019978761672973633,0.002497345209121704,True
17,369,1784807819.7738678,8,0.019614219665527344,0.002451777458190918,True
17,370,1784807819.793871,8,0.019733905792236328,0.002466738224029541,True
17,371,1784807819.8140507,8,0.019179105758666992,0.002397388219833374,True
17,372,1784807819.8335412,8,0.01986408233642578,0.0024830102920532227,True
17,373,1784807819.854322,8,0.019471406936645508,0.0024339258670806885,True
17,374,1784807819.8744886,8,0.01915431022644043,0.0023942887783050537,True
17,375,1784807819.8941596,8,0.019927501678466797,0.0024909377098083496,True
17,376,1784807819.9143908,8,0.019091367721557617,0.002386420965194702,True
17,377,1784807819.9337795,8,0.020488977432250977,0.002561122179031372,True
17,378,1784807819.9546454,8,0.02070140838623047,0.0025876760482788086,True
17,379,1784807819.9757566,8,0.0194704532623291,0.0024338066577911377,True
17,380,1784807819.9956253,8,0.018864154815673828,0.0023580193519592285,True
17,381,1784807820.0154798,8,0.021197795867919922,0.0026497244834899902,True
17,382,1784807820.0374484,8,0.02083420753479004,0.002604275941848755,True
17,383,1784807820.058683,8,0.020375967025756836,0.0025469958782196045,True
17,384,1784807820.0793803,8,0.019837379455566406,0.0024796724319458008,True
17,385,1784807820.0995502,8,0.02123284339904785,0.0026541054248809814,True
17,386,1784807820.1211486,8,0.019255399703979492,0.0024069249629974365,True
17,387,1784807820.140891,8,0.02092123031616211,0.0026151537895202637,True
17,388,1784807820.1622043,8,0.019695043563842773,0.0024618804454803467,True
17,389,1784807820.1843362,8,0.02143692970275879,0.0026796162128448486,True
17,390,1784807820.2068787,8,0.02015519142150879,0.0025193989276885986,True
17,391,1784807820.2275343,8,0.020606040954589844,0.0025757551193237305,True
17,392,1784807820.2485235,8,0.021352529525756836,0.0026690661907196045,True
17,393,1784807820.2703402,8,0.021048784255981445,0.0026310980319976807,True
17,394,1784807820.292153,8,0.020254135131835938,0.002531766891479492,True
17,395,1784807820.3127542,8,0.021237611770629883,0.0026547014713287354,True
17,396,1784807820.3343737,8,0.021331787109375,0.002666473388671875,True
17,397,1784807820.3560832,8,0.019810199737548828,0.0024762749671936035,True
17,398,1784807820.3761914,8,0.019803762435913086,0.0024754703044891357,True
17,399,1784807820.3963346,8,0.020415544509887695,0.002551943063735962,True
17,400,1784807820.417285,8,0.01969313621520996,0.002461642026901245,True
17,401,1784807820.437331,8,0.021007537841796875,0.0026259422302246094,True
17,402,1784807820.4586594,8,0.0204164981842041,0.0025520622730255127,True
17,403,1784807820.479401,8,0.01865696907043457,0.0023321211338043213,True
17,404,1784807820.4984663,8,0.021422863006591797,0.0026778578758239746,True
17,405,1784807820.5202332,8,0.02092576026916504,0.00261572003364563,True
17,406,1784807820.5415266,8,0.01876974105834961,0.002346217632293701,True
17,407,1784807820.5605805,8,0.018742799758911133,0.0023428499698638916,True
17,408,1784807820.5808444,8,0.020102262496948242,0.0025127828121185303,True
17,409,1784807820.6017637,8,0.021538972854614258,0.0026923716068267822,True
17,410,1784807820.623964,8,0.020540714263916016,0.002567589282989502,True
17,411,1784807820.6448216,8,0.021776437759399414,0.0027220547199249268,True
17,412,1784807820.6670108,8,0.018164873123168945,0.002270609140396118,True
17,413,1784807820.6857507,8,0.021028518676757812,0.0026285648345947266,True
17,414,1784807820.707229,8,0.018936872482299805,0.0023671090602874756,True
17,415,1784807820.7269928,8,0.020744800567626953,0.002593100070953369,True
17,416,1784807820.7481332,8,0.021923303604125977,0.002740412950515747,True
17,417,1784807820.7705507,8,0.020574331283569336,0.002571791410446167,True
17,418,1784807820.791401,8,0.020241498947143555,0.0025301873683929443,True
17,419,1784807820.8119195,8,0.02031397819519043,0.0025392472743988037,True
17,420,1784807820.832808,8,0.01996612548828125,0.0024957656860351562,True
17,421,1784807820.8531432,8,0.018025636672973633,0.002253204584121704,True
17,422,1784807820.8714674,8,0.020139455795288086,0.0025174319744110107,True
17,423,1784807820.8920941,8,0.01978921890258789,0.0024736523628234863,True
17,424,1784807820.9122071,8,0.019898414611816406,0.0024873018264770508,True
17,425,1784807820.9324162,8,0.01949930191040039,0.002437412738800049,True
17,426,1784807820.9523358,8,0.01967906951904297,0.002459883689880371,True
17,427,1784807820.972307,8,0.018854618072509766,0.0023568272590637207,True
17,428,1784807820.9915717,8,0.020793437957763672,0.002599179744720459,True
17,429,1784807821.0126855,8,0.020544052124023438,0.0025680065155029297,True
17,430,1784807821.0337446,8,0.019661664962768555,0.0024577081203460693,True
17,431,1784807821.0537033,8,0.021965742111206055,0.002745717763900757,True
17,432,1784807821.0759656,8,0.022956371307373047,0.002869546413421631,True
17,433,1784807821.0992658,8,0.018906116485595703,0.002363264560699463,True
17,434,1784807821.118529,8,0.019486427307128906,0.0024358034133911133,True
17,435,1784807821.138581,8,0.020490646362304688,0.002561330795288086,True
17,436,1784807821.1595807,8,0.01900935173034668,0.002376168966293335,True
17,437,1784807821.1789932,8,0.020188093185424805,0.0025235116481781006,True
17,438,1784807821.199577,8,0.018886804580688477,0.0023608505725860596,True
17,439,1784807821.2188263,8,0.01988053321838379,0.0024850666522979736,True
17,440,1784807821.2390141,8,0.019929170608520508,0.0024911463260650635,True
17,441,1784807821.2593267,8,0.021638154983520508,0.0027047693729400635,True
17,442,1784807821.2814348,8,0.018537521362304688,0.002317190170288086,True
17,443,1784807821.300344,8,0.0196688175201416,0.0024586021900177,True
17,444,1784807821.320381,8,0.02013850212097168,0.00251731276512146,True
17,445,1784807821.3409212,8,0.01908135414123535,0.002385169267654419,True
17,446,1784807821.3608117,8,0.02207183837890625,0.0027589797973632812,True
17,447,1784807821.383226,8,0.020055770874023438,0.0025069713592529297,True
17,448,1784807821.4035568,8,0.021455049514770508,0.0026818811893463135,True
17,449,1784807821.4253309,8,0.019185543060302734,0.002398192882537842,True
17,450,1784807821.444787,8,0.020792007446289062,0.002599000930786133,True
17,451,1784807821.4659657,8,0.019814014434814453,0.0024767518043518066,True
17,452,1784807821.48615,8,0.01847553253173828,0.002309441566467285,True
17,453,1784807821.5050797,8,0.020903348922729492,0.0026129186153411865,True
17,454,1784807821.5263605,8,0.01994180679321289,0.0024927258491516113,True
17,455,1784807821.5467806,8,0.02076888084411621,0.0025961101055145264,True
17,456,1784807821.5679436,8,0.021822452545166016,0.002727806568145752,True
17,457,1784807821.5901787,8,0.019164562225341797,0.0023955702781677246,True
17,458,1784807821.609933,8,0.019946575164794922,0.0024933218955993652,True
17,459,1784807821.6302874,8,0.02054119110107422,0.0025676488876342773,True
17,460,1784807821.6513548,8,0.020648717880249023,0.002581089735031128,True
17,461,1784807821.672352,8,0.018718957901000977,0.002339869737625122,True
17,462,1784807821.6913502,8,0.02009892463684082,0.0025123655796051025,True
17,463,1784807821.711845,8,0.020245790481567383,0.002530723810195923,True
17,464,1784807821.732377,8,0.01959395408630371,0.002449244260787964,True
17,465,1784807821.7523594,8,0.019095659255981445,0.0023869574069976807,True
17,466,1784807821.7717388,8,0.02035236358642578,0.0025440454483032227,True
17,467,1784807821.7924232,8,0.018993616104125977,0.002374202013015747,True
17,468,1784807821.8119164,8,0.020077943801879883,0.0025097429752349854,True
17,469,1784807821.832408,8,0.021094083786010742,0.0026367604732513428,True
17,470,1784807821.853799,8,0.019822359085083008,0.002477794885635376,True
17,471,1784807821.8739436,8,0.0200197696685791,0.0025024712085723877,True
17,472,1784807821.8943257,8,0.02145075798034668,0.002681344747543335,True
17,473,1784807821.9162214,8,0.020534992218017578,0.0025668740272521973,True
17,474,1784807821.9370682,8,0.02110886573791504,0.00263860821723938,True
17,475,1784807821.9584565,8,0.02093362808227539,0.002616703510284424,True
17,476,1784807821.9797587,8,0.02008342742919922,0.0025104284286499023,True
17,477,1784807822.0004447,8,0.021906375885009766,0.0027382969856262207,True
17,478,1784807822.022741,8,0.021409273147583008,0.002676159143447876,True
17,479,1784807822.0444229,8,0.019587278366088867,0.0024484097957611084,True
17,480,1784807822.0643656,8,0.02155590057373047,0.0026944875717163086,True
17,481,1784807822.0863597,8,0.01955723762512207,0.002444654703140259,True
17,482,1784807822.1062417,8,0.020799875259399414,0.0025999844074249268,True
17,483,1784807822.127289,8,0.020423412322998047,0.002552926540374756,True
17,484,1784807822.1480722,8,0.020029306411743164,0.0025036633014678955,True
17,485,1784807822.1684005,8,0.02074742317199707,0.002593427896499634,True
17,486,1784807822.18953,8,0.01933431625366211,0.0024167895317077637,True
17,487,1784807822.2092175,8,0.01934027671813965,0.002417534589767456,True
17,488,1784807822.228843,8,0.02178215980529785,0.0027227699756622314,True
17,489,1784807822.251263,8,0.02023911476135254,0.0025298893451690674,True
17,490,1784807822.2720838,8,0.01877737045288086,0.0023471713066101074,True
17,491,1784807822.2914855,8,0.022020339965820312,0.002752542495727539,True
17,492,1784807822.3139126,8,0.020990371704101562,0.0026237964630126953,True
17,493,1784807822.335521,8,0.020320653915405273,0.002540081739425659,True
17,494,1784807822.3562272,8,0.02074599266052246,0.0025932490825653076,True
17,495,1784807822.3774192,8,0.018726348876953125,0.0023407936096191406,True
17,496,1784807822.3965955,8,0.020554304122924805,0.0025692880153656006,True
17,497,1784807822.4175112,8,0.020450353622436523,0.0025562942028045654,True
17,498,1784807822.4383233,8,0.02031993865966797,0.002539992332458496,True
17,499,1784807822.4592373,8,0.02092719078063965,0.002615898847579956,True
17,500,1784807822.4805715,8,0.019359827041625977,0.002419978380203247,True
17,501,1784807822.5003567,8,0.020070791244506836,0.0025088489055633545,True
17,502,1784807822.5209467,8,0.0199277400970459,0.0024909675121307373,True
17,503,1784807822.5411282,8,0.026000022888183594,0.0032500028610229492,True
17,504,1784807822.567713,8,0.018461227416992188,0.0023076534271240234,True
17,505,1784807822.5864348,8,0.02112555503845215,0.0026406943798065186,True
17,506,1784807822.6079383,8,0.019478321075439453,0.0024347901344299316,True
17,507,1784807822.6277773,8,0.020640850067138672,0.002580106258392334,True
17,508,1784807822.6488109,8,0.019721508026123047,0.002465188503265381,True
17,509,1784807822.6688583,8,0.020459413528442383,0.002557426691055298,True
17,510,1784807822.6899104,8,0.019455432891845703,0.002431929111480713,True
17,511,1784807822.7096505,8,0.020395278930664062,0.002549409866333008,True
17,512,1784807822.7305863,8,0.01959061622619629,0.002448827028274536,True
17,513,1784807822.7504807,8,0.02034926414489746,0.0025436580181121826,True
17,514,1784807822.7713926,8,0.019977807998657227,0.0024972259998321533,True
17,515,1784807822.7917895,8,0.01894068717956543,0.0023675858974456787,True
17,516,1784807822.8110573,8,0.019776105880737305,0.002472013235092163,True
17,517,1784807822.8311813,8,0.020484209060668945,0.002560526132583618,True
17,518,1784807822.8520105,8,0.019279003143310547,0.0024098753929138184,True
17,519,1784807822.871712,8,0.018175125122070312,0.002271890640258789,True
17,520,1784807822.8901827,8,0.019885778427124023,0.002485722303390503,True
17,521,1784807822.91035,8,0.02045440673828125,0.0025568008422851562,True
17,522,1784807822.931198,8,0.020992517471313477,0.0026240646839141846,True
17,523,1784807822.9525197,8,0.019376039505004883,0.0024220049381256104,True
17,524,1784807822.972182,8,0.020992755889892578,0.0026240944862365723,True
17,525,1784807822.993556,8,0.019722700119018555,0.0024653375148773193,True
17,526,1784807823.013643,8,0.021367549896240234,0.0026709437370300293,True
17,527,1784807823.0353925,8,0.019366741180419922,0.0024208426475524902,True
17,528,1784807823.0551212,8,0.01950526237487793,0.002438157796859741,True
17,529,1784807823.0749745,8,0.02019500732421875,0.0025243759155273438,True
17,530,1784807823.095554,8,0.01940155029296875,0.0024251937866210938,True
17,531,1784807823.1152365,8,0.019678592681884766,0.0024598240852355957,True
17,532,1784807823.135233,8,0.020064353942871094,0.0025080442428588867,True
17,533,1784807823.1565967,8,0.022352933883666992,0.002794116735458374,True
17,534,1784807823.1793141,8,0.018902063369750977,0.002362757921218872,True
17,535,1784807823.198523,8,0.018393754959106445,0.0022992193698883057,True
17,536,1784807823.2172601,8,0.020131349563598633,0.002516418695449829,True
17,537,1784807823.2377734,8,0.020180225372314453,0.0025225281715393066,True
17,538,1784807823.2583418,8,0.019916534423828125,0.0024895668029785156,True
17,539,1784807823.2787302,8,0.020217180252075195,0.0025271475315093994,True
17,540,1784807823.2993686,8,0.020418882369995117,0.0025523602962493896,True
17,541,1784807823.3200738,8,0.01922011375427246,0.0024025142192840576,True
17,542,1784807823.34009,8,0.02195429801940918,0.0027442872524261475,True
17,543,1784807823.3625581,8,0.019793987274169922,0.0024742484092712402,True
17,544,1784807823.382945,8,0.02005290985107422,0.0025066137313842773,True
17,545,1784807823.4034863,8,0.019178390502929688,0.002397298812866211,True
17,546,1784807823.42307,8,0.019276857376098633,0.002409607172012329,True
17,547,1784807823.4429407,8,0.019290924072265625,0.002411365509033203,True
17,548,1784807823.4625168,8,0.020613908767700195,0.0025767385959625244,True
17,549,1784807823.4834762,8,0.018735885620117188,0.0023419857025146484,True
17,550,1784807823.5025454,8,0.019527673721313477,0.0024409592151641846,True
17,551,1784807823.5225425,8,0.02116870880126953,0.0026460886001586914,True
17,552,1784807823.544172,8,0.02117633819580078,0.0026470422744750977,True
17,553,1784807823.5657709,8,0.018861055374145508,0.0023576319217681885,True
17,554,1784807823.5850391,8,0.019698619842529297,0.002462327480316162,True
17,555,1784807823.6051648,8,0.018957853317260742,0.0023697316646575928,True
17,556,1784807823.6244493,8,0.02140212059020996,0.002675265073776245,True
17,557,1784807823.6461544,8,0.021202564239501953,0.002650320529937744,True
17,558,1784807823.667742,8,0.020725250244140625,0.002590656280517578,True
17,559,1784807823.6888318,8,0.023612022399902344,0.002951502799987793,True
17,560,1784807823.7128212,8,0.02051711082458496,0.00256463885307312,True
17,561,1784807823.73364,8,0.020966291427612305,0.002620786428451538,True
17,562,1784807823.7549481,8,0.019117116928100586,0.0023896396160125732,True
17,563,1784807823.7748783,8,0.02001047134399414,0.0025013089179992676,True
17,564,1784807823.795289,8,0.021565914154052734,0.002695739269256592,True
17,565,1784807823.817559,8,0.020967960357666016,0.002620995044708252,True
17,566,1784807823.8390405,8,0.020180940628051758,0.0025226175785064697,True
17,567,1784807823.859705,8,0.019761085510253906,0.0024701356887817383,True
17,568,1784807823.8797672,8,0.02117300033569336,0.00264662504196167,True
17,569,1784807823.9013333,8,0.020173072814941406,0.0025216341018676758,True
17,570,1784807823.921835,8,0.020102262496948242,0.0025127828121185303,True
17,571,1784807823.9422913,8,0.022907733917236328,0.002863466739654541,True
17,572,1784807823.9656143,8,0.019687414169311523,0.0024609267711639404,True
17,573,1784807823.9856594,8,0.019838571548461914,0.0024798214435577393,True
17,574,1784807824.0058908,8,0.0215761661529541,0.0026970207691192627,True
17,575,1784807824.0277693,8,0.019870281219482422,0.0024837851524353027,True
17,576,1784807824.0480185,8,0.020066261291503906,0.0025082826614379883,True
17,577,1784807824.0685122,8,0.020566940307617188,0.0025708675384521484,True
17,578,1784807824.0894442,8,0.020027875900268555,0.0025034844875335693,True
17,579,1784807824.1101782,8,0.01920175552368164,0.002400219440460205,True
17,580,1784807824.1298661,8,0.02037644386291504,0.00254705548286438,True
17,581,1784807824.1505375,8,0.01816391944885254,0.0022704899311065674,True
17,582,1784807824.168989,8,0.020325660705566406,0.0025407075881958008,True
17,583,1784807824.1896582,8,0.01987934112548828,0.002484917640686035,True
17,584,1784807824.2099054,8,0.019597768783569336,0.002449721097946167,True
17,585,1784807824.229875,8,0.019961118698120117,0.0024951398372650146,True
17,586,1784807824.2502484,8,0.01915717124938965,0.002394646406173706,True
17,587,1784807824.269777,8,0.01907062530517578,0.0023838281631469727,True
17,588,1784807824.2892222,8,0.023546695709228516,0.0029433369636535645,True
17,589,1784807824.3132608,8,0.018000125885009766,0.0022500157356262207,True
17,590,1784807824.331548,8,0.019391775131225586,0.0024239718914031982,True
17,591,1784807824.351295,8,0.02142786979675293,0.002678483724594116,True
17,592,1784807824.3731055,8,0.021886348724365234,0.0027357935905456543,True
17,593,1784807824.3953352,8,0.020362377166748047,0.002545297145843506,True
17,594,1784807824.4160461,8,0.019664525985717773,0.0024580657482147217,True
17,595,1784807824.4361036,8,0.01960921287536621,0.0024511516094207764,True
17,596,1784807824.4559846,8,0.020610809326171875,0.0025763511657714844,True
17,597,1784807824.4770374,8,0.019026517868041992,0.002378314733505249,True
17,598,1784807824.4963984,8,0.019361257553100586,0.0024201571941375732,True
17,599,1784807824.516047,8,0.020817995071411133,0.0026022493839263916,True
17,600,1784807824.537208,8,0.01937389373779297,0.002421736717224121,True
17,601,1784807824.5568473,8,0.018825292587280273,0.002353161573410034,True
17,602,1784807824.5760553,8,0.020844459533691406,0.0026055574417114258,True
17,603,1784807824.5972583,8,0.019128084182739258,0.0023910105228424072,True
17,604,1784807824.6166546,8,0.021291255950927734,0.002661406993865967,True
17,605,1784807824.638261,8,0.01965188980102539,0.002456486225128174,True
17,606,1784807824.6582527,8,0.021935462951660156,0.0027419328689575195,True
17,607,1784807824.680587,8,0.02011561393737793,0.002514451742172241,True
17,608,1784807824.7009761,8,0.01851940155029297,0.002314925193786621,True
17,609,1784807824.7197642,8,0.020428895950317383,0.002553611993789673,True
17,610,1784807824.7405303,8,0.021587371826171875,0.0026984214782714844,True
17,611,1784807824.7624774,8,0.019721269607543945,0.002465158700942993,True
17,612,1784807824.782523,8,0.019699573516845703,0.002462446689605713,True
17,613,1784807824.8025355,8,0.02225208282470703,0.002781510353088379,True
17,614,1784807824.8251035,8,0.01933765411376953,0.0024172067642211914,True
17,615,1784807824.8448634,8,0.022083759307861328,0.002760469913482666,True
17,616,1784807824.8676057,8,0.01972651481628418,0.0024658143520355225,True
17,617,1784807824.887655,8,0.020226716995239258,0.0025283396244049072,True
17,618,1784807824.9086516,8,0.020281076431274414,0.0025351345539093018,True
17,619,1784807824.9293163,8,0.023023605346679688,0.002877950668334961,True
17,620,1784807824.9527717,8,0.022107839584350586,0.0027634799480438232,True
17,621,1784807824.9752963,8,0.02088642120361328,0.00261080265045166,True
17,622,1784807824.9964838,8,0.020579814910888672,0.002572476863861084,True
17,623,1784807825.0173962,8,0.019269466400146484,0.0024086833000183105,True
17,624,1784807825.0369887,8,0.0213167667388916,0.00266459584236145,True
17,625,1784807825.0586872,8,0.01912069320678711,0.0023900866508483887,True
17,626,1784807825.0782828,8,0.02046489715576172,0.002558112144470215,True
17,627,1784807825.0990932,8,0.020520687103271484,0.0025650858879089355,True
17,628,1784807825.1199343,8,0.02078986167907715,0.0025987327098846436,True
17,629,1784807825.1410003,8,0.019181251525878906,0.0023976564407348633,True
17,630,1784807825.160433,8,0.020806550979614258,0.0026008188724517822,True
17,631,1784807825.1815774,8,0.01936650276184082,0.0024208128452301025,True
17,632,1784807825.2014263,8,0.020944833755493164,0.0026181042194366455,True
17,633,1784807825.222759,8,0.02022075653076172,0.002527594566345215,True
17,634,1784807825.243314,8,0.019295454025268555,0.0024119317531585693,True
17,635,1784807825.2629662,8,0.020340442657470703,0.002542555332183838,True
17,636,1784807825.2836845,8,0.020418167114257812,0.0025522708892822266,True
17,637,1784807825.305563,8,0.02007293701171875,0.0025091171264648438,True
17,638,1784807825.326051,8,0.020661354064941406,0.0025826692581176758,True
17,639,1784807825.3471596,8,0.019475936889648438,0.0024344921112060547,True
17,640,1784807825.3670561,8,0.02173471450805664,0.00271683931350708,True
17,641,1784807825.3893983,8,0.01972651481628418,0.0024658143520355225,True
17,642,1784807825.409446,8,0.023668766021728516,0.0029585957527160645,True
17,643,1784807825.4334774,8,0.02178168296813965,0.002722710371017456,True
17,644,1784807825.4557185,8,0.01997208595275879,0.0024965107440948486,True
17,645,1784807825.4761674,8,0.021138906478881836,0.0026423633098602295,True
17,646,1784807825.4977705,8,0.020060062408447266,0.002507507801055908,True
17,647,1784807825.5181315,8,0.020184040069580078,0.0025230050086975098,True
17,648,1784807825.5386357,8,0.01967930793762207,0.002459913492202759,True
17,649,1784807825.5587053,8,0.02069401741027832,0.00258675217628479,True
17,650,1784807825.5797417,8,0.021117687225341797,0.0026397109031677246,True
17,651,1784807825.601245,8,0.02073216438293457,0.0025915205478668213,True
17,652,1784807825.6224601,8,0.02001810073852539,0.002502262592315674,True
17,653,1784807825.6429543,8,0.019782304763793945,0.002472788095474243,True
17,654,1784807825.6631663,8,0.019014835357666016,0.002376854419708252,True
17,655,1784807825.68255,8,0.020043611526489258,0.0025054514408111572,True
17,656,1784807825.7029312,8,0.019892454147338867,0.0024865567684173584,True
17,657,1784807825.723231,8,0.020406723022460938,0.002550840377807617,True
17,658,1784807825.7439451,8,0.02136087417602539,0.002670109272003174,True
17,659,1784807825.7656271,8,0.02169513702392578,0.0027118921279907227,True
17,660,1784807825.7876983,8,0.0198061466217041,0.0024757683277130127,True
17,661,1784807825.8078182,8,0.019823074340820312,0.002477884292602539,True
17,662,1784807825.8279998,8,0.021013736724853516,0.0026267170906066895,True
17,663,1784807825.8493717,8,0.0211639404296875,0.0026454925537109375,True
17,664,1784807825.8709214,8,0.019460678100585938,0.002432584762573242,True
17,665,1784807825.8907866,8,0.020076274871826172,0.0025095343589782715,True
17,666,1784807825.912053,8,0.02126932144165039,0.002658665180206299,True
17,667,1784807825.9337497,8,0.019089221954345703,0.002386152744293213,True
17,668,1784807825.9532094,8,0.01961064338684082,0.0024513304233551025,True
17,669,1784807825.97328,8,0.020789623260498047,0.002598702907562256,True
17,670,1784807825.9945474,8,0.01903057098388672,0.00237882137298584,True
17,671,1784807826.0139525,8,0.021065235137939453,0.0026331543922424316,True
17,672,1784807826.0354939,8,0.019452810287475586,0.0024316012859344482,True
17,673,1784807826.0552952,8,0.020900726318359375,0.002612590789794922,True
17,674,1784807826.0766096,8,0.020678281784057617,0.002584785223007202,True
17,675,1784807826.0976958,8,0.020680665969848633,0.002585083246231079,True
17,676,1784807826.1187577,8,0.019648075103759766,0.0024560093879699707,True
17,677,1784807826.1386814,8,0.020103931427001953,0.002512991428375244,True
17,678,1784807826.1591735,8,0.01878833770751953,0.0023485422134399414,True
17,679,1784807826.1783264,8,0.019604206085205078,0.0024505257606506348,True
17,680,1784807826.1982803,8,0.01809072494506836,0.002261340618133545,True
17,681,1784807826.2167635,8,0.01864480972290039,0.002330601215362549,True
17,682,1784807826.2357974,8,0.021340370178222656,0.002667546272277832,True
17,683,1784807826.2575262,8,0.019850969314575195,0.0024813711643218994,True
17,684,1784807826.277676,8,0.021890640258789062,0.002736330032348633,True
17,685,1784807826.2999322,8,0.021077871322631836,0.0026347339153289795,True
17,686,1784807826.3215227,8,0.0196230411529541,0.0024528801441192627,True
17,687,1784807826.3415058,8,0.018613815307617188,0.0023267269134521484,True
17,688,1784807826.3605182,8,0.02032637596130371,0.002540796995162964,True
17,689,1784807826.381329,8,0.019888639450073242,0.0024860799312591553,True
17,690,1784807826.4015582,8,0.020955562591552734,0.002619445323944092,True
17,691,1784807826.422781,8,0.018836498260498047,0.002354562282562256,True
17,692,1784807826.441927,8,0.02130913734436035,0.002663642168045044,True
17,693,1784807826.4635627,8,0.02192401885986328,0.00274050235748291,True
17,694,1784807826.485749,8,0.02005314826965332,0.002506643533706665,True
17,695,1784807826.506424,8,0.020322322845458984,0.002540290355682373,True
17,696,1784807826.5271535,8,0.019919157028198242,0.0024898946285247803,True
17,697,1784807826.547391,8,0.021369218826293945,0.002671152353286743,True
17,698,1784807826.5692265,8,0.023428678512573242,0.0029285848140716553,True
17,699,1784807826.592958,8,0.016909122467041016,0.002113640308380127,True
17,700,1784807826.6101644,8,0.022499799728393555,0.0028124749660491943,True
17,701,1784807826.6329365,8,0.020312786102294922,0.0025390982627868652,True
17,702,1784807826.6535375,8,0.020269393920898438,0.0025336742401123047,True
17,703,1784807826.6747622,8,0.019620656967163086,0.0024525821208953857,True
17,704,1784807826.6948285,8,0.01968979835510254,0.0024612247943878174,True
17,705,1784807826.7148638,8,0.019011735916137695,0.002376466989517212,True
17,706,1784807826.7344615,8,0.021933317184448242,0.0027416646480560303,True
17,707,1784807826.756787,8,0.019285917282104492,0.0024107396602630615,True
17,708,1784807826.7764184,8,0.021241426467895508,0.0026551783084869385,True
17,709,1784807826.7980552,8,0.01906275749206543,0.0023828446865081787,True
17,710,1784807826.8174684,8,0.022642135620117188,0.0028302669525146484,True
17,711,1784807826.8405406,8,0.019744873046875,0.002468109130859375,True
17,712,1784807826.8606672,8,0.02144479751586914,0.0026805996894836426,True
17,713,1784807826.8825197,8,0.018812894821166992,0.002351611852645874,True
17,714,1784807826.9017656,8,0.02091836929321289,0.0026147961616516113,True
17,715,1784807826.922961,8,0.020344018936157227,0.0025430023670196533,True
17,716,1784807826.9436913,8,0.020235538482666016,0.002529442310333252,True
17,717,1784807826.9642553,8,0.01985335350036621,0.0024816691875457764,True
17,718,1784807826.9846199,8,0.02028179168701172,0.002535223960876465,True
17,719,1784807827.0051847,8,0.02066326141357422,0.0025829076766967773,True
17,720,1784807827.0267498,8,0.020711898803710938,0.002588987350463867,True
17,721,1784807827.0479634,8,0.020947933197021484,0.0026184916496276855,True
17,722,1784807827.069554,8,0.020700931549072266,0.002587616443634033,True
17,723,1784807827.0906696,8,0.02001500129699707,0.002501875162124634,True
17,724,1784807827.1109464,8,0.02003192901611328,0.00250399112701416,True
17,725,1784807827.131318,8,0.022101163864135742,0.0027626454830169678,True
17,726,1784807827.1537228,8,0.01925945281982422,0.0024074316024780273,True
17,727,1784807827.1733692,8,0.019197463989257812,0.0023996829986572266,True
17,728,1784807827.1932106,8,0.018789291381835938,0.002348661422729492,True
17,729,1784807827.2124743,8,0.020906925201416016,0.002613365650177002,True
17,730,1784807827.2337415,8,0.019493579864501953,0.002436697483062744,True
17,731,1784807827.2536247,8,0.01964402198791504,0.00245550274848938,True
17,732,1784807827.2736251,8,0.018617630004882812,0.0023272037506103516,True
17,733,1784807827.2928813,8,0.019616127014160156,0.0024520158767700195,True
17,734,1784807827.312816,8,0.019251346588134766,0.0024064183235168457,True
17,735,1784807827.3324265,8,0.020843505859375,0.002605438232421875,True
17,736,1784807827.3536963,8,0.01985645294189453,0.0024820566177368164,True
17,737,1784807827.3738966,8,0.019376516342163086,0.0024220645427703857,True
17,738,1784807827.393816,8,0.02068638801574707,0.002585798501968384,True
17,739,1784807827.4148953,8,0.019820690155029297,0.002477586269378662,True
17,740,1784807827.4350982,8,0.021529197692871094,0.0026911497116088867,True
17,741,1784807827.4570522,8,0.020145416259765625,0.002518177032470703,True
17,742,1784807827.4774654,8,0.02145838737487793,0.002682298421859741,True
17,743,1784807827.499545,8,0.019214868545532227,0.0024018585681915283,True
17,744,1784807827.5193336,8,0.021224021911621094,0.0026530027389526367,True
17,745,1784807827.5408201,8,0.01972818374633789,0.0024660229682922363,True
17,746,1784807827.5608978,8,0.021514415740966797,0.0026893019676208496,True
17,747,1784807827.58274,8,0.02035236358642578,0.0025440454483032227,True
17,748,1784807827.6034172,8,0.01950383186340332,0.002437978982925415,True
17,749,1784807827.6232018,8,0.01972651481628418,0.0024658143520355225,True
17,750,1784807827.6433616,8,0.019368648529052734,0.002421081066131592,True
17,751,1784807827.6630087,8,0.020351409912109375,0.002543926239013672,True
17,752,1784807827.684074,8,0.02172541618347168,0.00271567702293396,True
17,753,1784807827.7072222,8,0.018599271774291992,0.002324908971786499,True
17,754,1784807827.7261105,8,0.019756317138671875,0.0024695396423339844,True
17,755,1784807827.7463741,8,0.019272565841674805,0.0024090707302093506,True
17,756,1784807827.765993,8,0.019813060760498047,0.002476632595062256,True
17,757,1784807827.786102,8,0.021452903747558594,0.0026816129684448242,True
17,758,1784807827.8078449,8,0.019075870513916016,0.002384483814239502,True
17,759,1784807827.827203,8,0.019784212112426758,0.0024730265140533447,True
17,760,1784807827.8484066,8,0.019352197647094727,0.002419024705886841,True
17,761,1784807827.8683014,8,0.021918296813964844,0.0027397871017456055,True
17,762,1784807827.890576,8,0.020340681076049805,0.0025425851345062256,True
17,763,1784807827.9112265,8,0.01835799217224121,0.0022947490215301514,True
17,764,1784807827.9301565,8,0.021780729293823242,0.0027225911617279053,True
17,765,1784807827.9522786,8,0.019481658935546875,0.0024352073669433594,True
17,766,1784807827.9723022,8,0.021241188049316406,0.0026551485061645508,True
17,767,1784807827.9938734,8,0.019403457641601562,0.0024254322052001953,True
17,768,1784807828.0137055,8,0.01919722557067871,0.002399653196334839,True
17,769,1784807828.0332909,8,0.01947808265686035,0.002434760332107544,True
17,770,1784807828.0531693,8,0.019536733627319336,0.002442091703414917,True
17,771,1784807828.0730782,8,0.01918625831604004,0.002398282289505005,True
17,772,1784807828.0925407,8,0.020023584365844727,0.002502948045730591,True
17,773,1784807828.1130962,8,0.020306110382080078,0.0025382637977600098,True
17,774,1784807828.1338305,8,0.019869565963745117,0.0024836957454681396,True
17,775,1784807828.1540716,8,0.02015376091003418,0.0025192201137542725,True
17,776,1784807828.1747117,8,0.022280216217041016,0.002785027027130127,True
17,777,1784807828.1984792,8,0.02114415168762207,0.002643018960952759,True
17,778,1784807828.2202423,8,0.019001483917236328,0.002375185489654541,True
17,779,1784807828.2400842,8,0.01909637451171875,0.0023870468139648438,True
17,780,1784807828.259576,8,0.020356178283691406,0.0025445222854614258,True
17,781,1784807828.2802799,8,0.021024227142333984,0.002628028392791748,True
17,782,1784807828.301675,8,0.019815683364868164,0.0024769604206085205,True
17,783,1784807828.3218825,8,0.020719289779663086,0.0025899112224578857,True
17,784,1784807828.3429742,8,0.019452810287475586,0.0024316012859344482,True
17,785,1784807828.3633292,8,0.019918203353881836,0.0024897754192352295,True
17,786,1784807828.3836255,8,0.0221102237701416,0.0027637779712677,True
17,787,1784807828.406203,8,0.020450353622436523,0.0025562942028045654,True
17,788,1784807828.4270425,8,0.019496440887451172,0.0024370551109313965,True
17,789,1784807828.4469228,8,0.01942920684814453,0.0024286508560180664,True
17,790,1784807828.466716,8,0.020801782608032227,0.0026002228260040283,True
17,791,1784807828.4878669,8,0.0200808048248291,0.0025101006031036377,True
17,792,1784807828.508373,8,0.021847963333129883,0.0027309954166412354,True
17,793,1784807828.5306816,8,0.02004218101501465,0.002505272626876831,True
17,794,1784807828.5513656,8,0.01910877227783203,0.002388596534729004,True
17,795,1784807828.5707936,8,0.0198974609375,0.0024871826171875,True
17,796,1784807828.5910106,8,0.021117448806762695,0.002639681100845337,True
17,797,1784807828.6124372,8,0.019104480743408203,0.0023880600929260254,True
17,798,1784807828.6318414,8,0.021054506301879883,0.0026318132877349854,True
17,799,1784807828.653263,8,0.019908428192138672,0.002488553524017334,True
17,800,1784807828.673532,8,0.020045042037963867,0.0025056302547454834,True
17,801,1784807828.6938894,8,0.021713972091674805,0.0027142465114593506,True
17,802,1784807828.7160394,8,0.020315885543823242,0.0025394856929779053,True
17,803,1784807828.7367828,8,0.019035816192626953,0.002379477024078369,True
17,804,1784807828.7561982,8,0.020884037017822266,0.002610504627227783,True
17,805,1784807828.7774022,8,0.019775867462158203,0.0024719834327697754,True
17,806,1784807828.7974555,8,0.020281076431274414,0.0025351345539093018,True
17,807,1784807828.8181615,8,0.021991491317749023,0.002748936414718628,True
17,808,1784807828.8408172,8,0.02331829071044922,0.0029147863388061523,True
17,809,1784807828.8647804,8,0.020639657974243164,0.0025799572467803955,True
17,810,1784807828.8861248,8,0.022010087966918945,0.002751260995864868,True
17,811,1784807828.9085526,8,0.020288944244384766,0.0025361180305480957,True
17,812,1784807828.929165,8,0.020392179489135742,0.0025490224361419678,True
17,813,1784807828.9499087,8,0.020327091217041016,0.002540886402130127,True
17,814,1784807828.9706032,8,0.02098703384399414,0.0026233792304992676,True
17,815,1784807828.9919453,8,0.021579504013061523,0.0026974380016326904,True
17,816,1784807829.013948,8,0.02038717269897461,0.002548396587371826,True
17,817,1784807829.0346413,8,0.01847076416015625,0.0023088455200195312,True
17,818,1784807829.0535274,8,0.022526264190673828,0.0028157830238342285,True
17,819,1784807829.0765755,8,0.019158601760864258,0.0023948252201080322,True
17,820,1784807829.0961285,8,0.020190000534057617,0.002523750066757202,True
17,821,1784807829.116681,8,0.019852161407470703,0.002481520175933838,True
17,822,1784807829.136871,8,0.020101070404052734,0.002512633800506592,True
17,823,1784807829.1572902,8,0.021541118621826172,0.0026926398277282715,True
17,824,1784807829.1792455,8,0.018369674682617188,0.0022962093353271484,True
17,825,1784807829.1980348,8,0.02046799659729004,0.002558499574661255,True
17,826,1784807829.2189152,8,0.019953250885009766,0.0024941563606262207,True
17,827,1784807829.239815,8,0.02034902572631836,0.002543628215789795,True
17,828,1784807829.2620876,8,0.019410371780395508,0.0024262964725494385,True
17,829,1784807829.2819352,8,0.021917343139648438,0.0027396678924560547,True
17,830,1784807829.3043892,8,0.020525217056274414,0.0025656521320343018,True
17,831,1784807829.3255153,8,0.020207881927490234,0.0025259852409362793,True
17,832,1784807829.3460395,8,0.020375728607177734,0.002546966075897217,True
17,833,1784807829.3667963,8,0.020703554153442383,0.002587944269180298,True
17,834,1784807829.3881228,8,0.019170284271240234,0.0023962855339050293,True
17,835,1784807829.4076517,8,0.020908832550048828,0.0026136040687561035,True
17,836,1784807829.4289618,8,0.020991086959838867,0.0026238858699798584,True
17,837,1784807829.4504938,8,0.018068313598632812,0.0022585391998291016,True
17,838,1784807829.4688437,8,0.02101588249206543,0.0026269853115081787,True
17,839,1784807829.4902592,8,0.018865346908569336,0.002358168363571167,True
17,840,1784807829.5095232,8,0.020377635955810547,0.0025472044944763184,True
17,841,1784807829.5302684,8,0.02127671241760254,0.0026595890522003174,True
17,842,1784807829.5518842,8,0.019129037857055664,0.002391129732131958,True
17,843,1784807829.5714152,8,0.01921677589416504,0.00240209698677063,True
17,844,1784807829.5908868,8,0.01956915855407715,0.0024461448192596436,True
17,845,1784807829.6108043,8,0.021674156188964844,0.0027092695236206055,True
17,846,1784807829.632704,8,0.02048802375793457,0.0025610029697418213,True
17,847,1784807829.6535428,8,0.021912336349487305,0.002739042043685913,True
17,848,1784807829.6759148,8,0.018894672393798828,0.0023618340492248535,True
17,849,1784807829.6950595,8,0.020152807235717773,0.0025191009044647217,True
17,850,1784807829.7155607,8,0.022178173065185547,0.0027722716331481934,True
17,851,1784807829.7380965,8,0.019585847854614258,0.0024482309818267822,True
17,852,1784807829.7584174,8,0.01995253562927246,0.0024940669536590576,True
17,853,1784807829.778771,8,0.021446704864501953,0.002680838108062744,True
17,854,1784807829.8005788,8,0.019008636474609375,0.002376079559326172,True
17,855,1784807829.8199255,8,0.020301103591918945,0.002537637948989868,True
17,856,1784807829.8406467,8,0.02236795425415039,0.002795994281768799,True
17,857,1784807829.863579,8,0.021683931350708008,0.002710491418838501,True
17,858,1784807829.8855937,8,0.02036142349243164,0.002545177936553955,True
17,859,1784807829.906247,8,0.02191901206970215,0.0027398765087127686,True
17,860,1784807829.9284744,8,0.021167755126953125,0.0026459693908691406,True
17,861,1784807829.949961,8,0.019649744033813477,0.0024562180042266846,True
17,862,1784807829.9700644,8,0.01964426040649414,0.0024555325508117676,True
17,863,1784807829.9900446,8,0.021863937377929688,0.002732992172241211,True
17,864,1784807830.0124083,8,0.01984715461730957,0.0024808943271636963,True
17,865,1784807830.0325892,8,0.021656274795532227,0.0027070343494415283,True
17,866,1784807830.0545864,8,0.01965641975402832,0.00245705246925354,True
17,867,1784807830.0745738,8,0.019900083541870117,0.0024875104427337646,True
17,868,1784807830.0948467,8,0.01941990852355957,0.0024274885654449463,True
17,869,1784807830.1145756,8,0.021366119384765625,0.002670764923095703,True
17,870,1784807830.1362526,8,0.021342754364013672,0.002667844295501709,True
17,871,1784807830.1578348,8,0.021100282669067383,0.002637535333633423,True
17,872,1784807830.1796575,8,0.02213311195373535,0.002766638994216919,True
17,873,1784807830.2022517,8,0.01873326301574707,0.002341657876968384,True
17,874,1784807830.2213204,8,0.021077632904052734,0.002634704113006592,True
17,875,1784807830.242762,8,0.022006750106811523,0.0027508437633514404,True
17,876,1784807830.2651763,8,0.01938343048095703,0.002422928810119629,True
17,877,1784807830.2849092,8,0.020207643508911133,0.0025259554386138916,True
17,878,1784807830.305575,8,0.020817995071411133,0.0026022493839263916,True
17,879,1784807830.326799,8,0.02291250228881836,0.002864062786102295,True
17,880,1784807830.3500388,8,0.01986074447631836,0.002482593059539795,True
17,881,1784807830.3701515,8,0.019522905349731445,0.0024403631687164307,True
17,882,1784807830.3901448,8,0.020244359970092773,0.0025305449962615967,True
17,883,1784807830.4108198,8,0.02007293701171875,0.0025091171264648438,True
17,884,1784807830.4314735,8,0.018999576568603516,0.0023749470710754395,True
17,885,1784807830.450737,8,0.020174026489257812,0.0025217533111572266,True
17,886,1784807830.471214,8,0.020686626434326172,0.0025858283042907715,True
17,887,1784807830.4922502,8,0.019878625869750977,0.002484828233718872,True
17,888,1784807830.512553,8,0.021526575088500977,0.002690821886062622,True
17,889,1784807830.5344412,8,0.020075082778930664,0.002509385347366333,True
17,890,1784807830.5551841,8,0.0252382755279541,0.0031547844409942627,True
17,891,1784807830.5809567,8,0.0176999568939209,0.0022124946117401123,True
17,892,1784807830.5989943,8,0.01943063735961914,0.0024288296699523926,True
17,893,1784807830.618707,8,0.01996755599975586,0.0024959444999694824,True
17,894,1784807830.6390367,8,0.01972818374633789,0.0024660229682922363,True
17,895,1784807830.659106,8,0.02181410789489746,0.0027267634868621826,True
17,896,1784807830.6813507,8,0.019200801849365234,0.0024001002311706543,True
17,897,1784807830.7009475,8,0.01947784423828125,0.0024347305297851562,True
17,898,1784807830.7207093,8,0.021291494369506836,0.0026614367961883545,True
17,899,1784807830.7424386,8,0.019374847412109375,0.002421855926513672,True
17,900,1784807830.7622209,8,0.020098447799682617,0.002512305974960327,True
17,901,1784807830.7826693,8,0.02129220962524414,0.0026615262031555176,True
17,902,1784807830.8045108,8,0.01981806755065918,0.0024772584438323975,True
17,903,1784807830.8246703,8,0.022771358489990234,0.0028464198112487793,True
17,904,1784807830.8480566,8,0.02134847640991211,0.0026685595512390137,True
17,905,1784807830.8699281,8,0.02026653289794922,0.0025333166122436523,True
17,906,1784807830.8914495,8,0.021566152572631836,0.0026957690715789795,True
17,907,1784807830.9141,8,0.020067930221557617,0.002508491277694702,True
17,908,1784807830.934581,8,0.022524356842041016,0.002815544605255127,True
17,909,1784807830.9580956,8,0.0199739933013916,0.00249674916267395,True
17,910,1784807830.980241,8,0.019127607345581055,0.002390950918197632,True
17,911,1784807830.9998507,8,0.02188730239868164,0.002735912799835205,True
17,912,1784807831.0222003,8,0.020599842071533203,0.0025749802589416504,True
17,913,1784807831.0432978,8,0.021129846572875977,0.002641230821609497,True
17,914,1784807831.0656378,8,0.021999359130859375,0.002749919891357422,True
17,915,1784807831.0882998,8,0.019632816314697266,0.002454102039337158,True
17,916,1784807831.1083884,8,0.02084040641784668,0.002605050802230835,True
17,917,1784807831.1295016,8,0.018982887268066406,0.0023728609085083008,True
17,918,1784807831.1489525,8,0.02086043357849121,0.0026075541973114014,True
17,919,1784807831.1701384,8,0.01882147789001465,0.002352684736251831,True
17,920,1784807831.189277,8,0.020818233489990234,0.0026022791862487793,True
17,921,1784807831.210374,8,0.01977992057800293,0.002472490072250366,True
17,922,1784807831.2305999,8,0.0199887752532959,0.0024985969066619873,True
17,923,1784807831.2512014,8,0.019710540771484375,0.002463817596435547,True
17,924,1784807831.2717335,8,0.02015995979309082,0.0025199949741363525,True
17,925,1784807831.2923648,8,0.020159006118774414,0.0025198757648468018,True
17,926,1784807831.3130434,8,0.01999521255493164,0.002499401569366455,True
17,927,1784807831.3334575,8,0.019399166107177734,0.002424895763397217,True
17,928,1784807831.3533256,8,0.02091193199157715,0.0026139914989471436,True
17,929,1784807831.3745701,8,0.02048659324645996,0.002560824155807495,True
17,930,1784807831.3954666,8,0.0204622745513916,0.00255778431892395,True
17,931,1784807831.4162838,8,0.01970672607421875,0.0024633407592773438,True
17,932,1784807831.4363313,8,0.019064903259277344,0.002383112907409668,True
17,933,1784807831.4556544,8,0.01959228515625,0.00244903564453125,True
17,934,1784807831.475559,8,0.01981973648071289,0.0024774670600891113,True
17,935,1784807831.49585,8,0.022554874420166016,0.002819359302520752,True
17,936,1784807831.5196955,8,0.0197145938873291,0.0024643242359161377,True
17,937,1784807831.53971,8,0.0193479061126709,0.0024184882640838623,True
17,938,1784807831.559788,8,0.019999980926513672,0.002499997615814209,True
17,939,1784807831.5800958,8,0.020588159561157227,0.0025735199451446533,True
17,940,1784807831.6009767,8,0.020772457122802734,0.002596557140350342,True
17,941,1784807831.6219923,8,0.02010178565979004,0.002512723207473755,True
17,942,1784807831.642399,8,0.022853612899780273,0.002856701612472534,True
17,943,1784807831.6655605,8,0.021843910217285156,0.0027304887771606445,True
17,944,1784807831.6877515,8,0.020755529403686523,0.0025944411754608154,True
17,945,1784807831.7088563,8,0.020436525344848633,0.002554565668106079,True
17,946,1784807831.7296734,8,0.019127845764160156,0.0023909807205200195,True
17,947,1784807831.7491572,8,0.02079010009765625,0.0025987625122070312,True
17,948,1784807831.7704055,8,0.02104926109313965,0.002631157636642456,True
17,949,1784807831.7918572,8,0.021524429321289062,0.002690553665161133,True
17,950,1784807831.8136969,8,0.01969170570373535,0.002461463212966919,True
17,951,1784807831.8336694,8,0.01990675926208496,0.00248834490776062,True
17,952,1784807831.8538966,8,0.021089792251586914,0.0026362240314483643,True
17,953,1784807831.8754303,8,0.02013421058654785,0.0025167763233184814,True
17,954,1784807831.8959954,8,0.021134614944458008,0.002641826868057251,True
17,955,1784807831.9175107,8,0.019165754318237305,0.002395719289779663,True
17,956,1784807831.9371867,8,0.021245479583740234,0.0026556849479675293,True
17,957,1784807831.959232,8,0.021509647369384766,0.0026887059211730957,True
17,958,1784807831.9821973,8,0.020154476165771484,0.0025193095207214355,True
17,959,1784807832.002757,8,0.019244670867919922,0.0024055838584899902,True
17,960,1784807832.0224082,8,0.019997596740722656,0.002499699592590332,True
17,961,1784807832.0428116,8,0.020184993743896484,0.0025231242179870605,True
17,962,1784807832.0634408,8,0.019375085830688477,0.0024218857288360596,True
17,963,1784807832.0831795,8,0.01913142204284668,0.002391427755355835,True
17,964,1784807832.1027539,8,0.019689559936523438,0.0024611949920654297,True
17,965,1784807832.1231978,8,0.01905083656311035,0.002381354570388794,True
17,966,1784807832.1427524,8,0.020102262496948242,0.0025127828121185303,True
17,967,1784807832.16325,8,0.020133018493652344,0.002516627311706543,True
17,968,1784807832.183819,8,0.021014690399169922,0.0026268362998962402,True
17,969,1784807832.205198,8,0.020574092864990234,0.0025717616081237793,True
17,970,1784807832.2264721,8,0.02053213119506836,0.002566516399383545,True
17,971,1784807832.2473352,8,0.02110123634338379,0.0026376545429229736,True
17,972,1784807832.2688186,8,0.020079851150512695,0.002509981393814087,True
17,973,1784807832.289587,8,0.02164483070373535,0.002705603837966919,True
17,974,1784807832.3125634,8,0.01937580108642578,0.0024219751358032227,True
17,975,1784807832.3323426,8,0.020239591598510742,0.0025299489498138428,True
17,976,1784807832.353279,8,0.019233226776123047,0.002404153347015381,True
17,977,1784807832.3728964,8,0.02083277702331543,0.0026040971279144287,True
17,978,1784807832.3942072,8,0.020674705505371094,0.0025843381881713867,True
17,979,1784807832.4153757,8,0.019526243209838867,0.0024407804012298584,True
17,980,1784807832.4363704,8,0.018784046173095703,0.002348005771636963,True
17,981,1784807832.4555335,8,0.02082228660583496,0.00260278582572937,True
17,982,1784807832.4769897,8,0.021605491638183594,0.0027006864547729492,True
17,983,1784807832.4995656,8,0.020448684692382812,0.0025560855865478516,True
17,984,1784807832.5204434,8,0.020481586456298828,0.0025601983070373535,True
17,985,1784807832.5414891,8,0.020449161529541016,0.002556145191192627,True
17,986,1784807832.5627267,8,0.020274877548217773,0.0025343596935272217,True
17,987,1784807832.5834432,8,0.01805877685546875,0.0022573471069335938,True
17,988,1784807832.6019175,8,0.021975278854370117,0.0027469098567962646,True
17,989,1784807832.6243935,8,0.019788742065429688,0.002473592758178711,True
17,990,1784807832.6445613,8,0.02043437957763672,0.00255429744720459,True
17,991,1784807832.66538,8,0.020008563995361328,0.002501070499420166,True
17,992,1784807832.6857855,8,0.0205080509185791,0.0025635063648223877,True
17,993,1784807832.7069488,8,0.019606828689575195,0.0024508535861968994,True
17,994,1784807832.7269254,8,0.021964550018310547,0.0027455687522888184,True
17,995,1784807832.7492013,8,0.020149946212768555,0.0025187432765960693,True
17,996,1784807832.7696571,8,0.020927906036376953,0.002615988254547119,True
17,997,1784807832.7909248,8,0.020266056060791016,0.002533257007598877,True
17,998,1784807832.8118486,8,0.020801782608032227,0.0026002228260040283,True
17,999,1784807832.8330953,8,0.02418041229248047,0.0030225515365600586,True
17,1000,1784807832.857633,8,0.021132230758666992,0.002641528844833374,True
17,1001,1784807832.879122,8,0.021074295043945312,0.002634286880493164,True
17,1002,1784807832.9005508,8,0.020779848098754883,0.0025974810123443604,True
17,1003,1784807832.9216287,8,0.020294189453125,0.002536773681640625,True
17,1004,1784807832.9423237,8,0.02075338363647461,0.002594172954559326,True
17,1005,1784807832.9634938,8,0.021152019500732422,0.0026440024375915527,True
17,1006,1784807832.9850113,8,0.019902467727661133,0.0024878084659576416,True
17,1007,1784807833.005343,8,0.02115464210510254,0.0026443302631378174,True
17,1008,1784807833.0267901,8,0.019524335861206055,0.002440541982650757,True
17,1009,1784807833.0468006,8,0.02219223976135254,0.0027740299701690674,True
17,1010,1784807833.0693629,8,0.020550966262817383,0.002568870782852173,True
17,1011,1784807833.0902798,8,0.020101308822631836,0.0025126636028289795,True
17,1012,1784807833.1106648,8,0.020903587341308594,0.0026129484176635742,True
17,1013,1784807833.1319416,8,0.020061016082763672,0.002507627010345459,True
17,1014,1784807833.1523757,8,0.019237041473388672,0.002404630184173584,True
17,1015,1784807833.1718621,8,0.020833730697631836,0.0026042163372039795,True
17,1016,1784807833.1929858,8,0.0197601318359375,0.0024700164794921875,True
17,1017,1784807833.2131844,8,0.019666433334350586,0.0024583041667938232,True
17,1018,1784807833.233232,8,0.020023822784423828,0.0025029778480529785,True
17,1019,1784807833.2535987,8,0.01904010772705078,0.0023800134658813477,True
17,1020,1784807833.2731082,8,0.01882338523864746,0.0023529231548309326,True
17,1021,1784807833.2922463,8,0.019985198974609375,0.002498149871826172,True
17,1022,1784807833.3126235,8,0.01855778694152832,0.00231972336769104,True
17,1023,1784807833.3314953,8,0.020794391632080078,0.0025992989540100098,True
17,1024,1784807833.3532126,8,0.019110441207885742,0.0023888051509857178,True
17,1025,1784807833.3726237,8,0.020200729370117188,0.0025250911712646484,True
17,1026,1784807833.3932056,8,0.019560813903808594,0.0024451017379760742,True
17,1027,1784807833.4132237,8,0.021407365798950195,0.0026759207248687744,True
17,1028,1784807833.435349,8,0.02023172378540039,0.002528965473175049,True
17,1029,1784807833.4559171,8,0.01949024200439453,0.0024362802505493164,True
17,1030,1784807833.4759285,8,0.018986225128173828,0.0023732781410217285,True
17,1031,1784807833.4959676,8,0.021330833435058594,0.0026663541793823242,True
17,1032,1784807833.5178988,8,0.022200345993041992,0.002775043249130249,True
17,1033,1784807833.5403943,8,0.020023822784423828,0.0025029778480529785,True
17,1034,1784807833.5608497,8,0.021608352661132812,0.0027010440826416016,True
17,1035,1784807833.582888,8,0.0199282169342041,0.0024910271167755127,True
17,1036,1784807833.6030843,8,0.02147841453552246,0.0026848018169403076,True
17,1037,1784807833.6249924,8,0.018731117248535156,0.0023413896560668945,True
17,1038,1784807833.644152,8,0.02038884162902832,0.00254860520362854,True
17,1039,1784807833.664886,8,0.021196842193603516,0.0026496052742004395,True
17,1040,1784807833.686381,8,0.021639347076416016,0.002704918384552002,True
17,1041,1784807833.7083857,8,0.019821882247924805,0.0024777352809906006,True
17,1042,1784807833.728601,8,0.02075028419494629,0.002593785524368286,True
17,1043,1784807833.749615,8,0.018927574157714844,0.0023659467697143555,True
17,1044,1784807833.7688997,8,0.02144145965576172,0.002680182456970215,True
17,1045,1784807833.790644,8,0.01934337615966797,0.002417922019958496,True
17,1046,1784807833.8102906,8,0.02029275894165039,0.002536594867706299,True
17,1047,1784807833.831118,8,0.018344640731811523,0.0022930800914764404,True
17,1048,1784807833.8498657,8,0.02132391929626465,0.002665489912033081,True
17,1049,1784807833.8714833,8,0.018687725067138672,0.002335965633392334,True
17,1050,1784807833.8904655,8,0.019277334213256836,0.0024096667766571045,True
17,1051,1784807833.9100952,8,0.018709182739257812,0.0023386478424072266,True
17,1052,1784807833.929243,8,0.01850128173828125,0.0023126602172851562,True
17,1053,1784807833.948152,8,0.020377159118652344,0.002547144889831543,True
17,1054,1784807833.9688616,8,0.019472837448120117,0.0024341046810150146,True
17,1055,1784807833.988736,8,0.019852161407470703,0.002481520175933838,True
17,1056,1784807834.0089047,8,0.02156662940979004,0.002695828676223755,True
17,1057,1784807834.0311284,8,0.020459651947021484,0.0025574564933776855,True
17,1058,1784807834.052061,8,0.019471406936645508,0.0024339258670806885,True
17,1059,1784807834.0718887,8,0.019928693771362305,0.002491086721420288,True
17,1060,1784807834.0923164,8,0.02007269859313965,0.002509087324142456,True
17,1061,1784807834.1127872,8,0.0197293758392334,0.002466171979904175,True
17,1062,1784807834.132806,8,0.02007579803466797,0.002509474754333496,True
17,1063,1784807834.1537929,8,0.01864314079284668,0.002330392599105835,True
17,1064,1784807834.172767,8,0.020664215087890625,0.002583026885986328,True
17,1065,1784807834.1938887,8,0.020318269729614258,0.0025397837162017822,True
17,1066,1784807834.2146807,8,0.02080249786376953,0.0026003122329711914,True
17,1067,1784807834.2362933,8,0.020627498626708984,0.002578437328338623,True
17,1068,1784807834.2573326,8,0.020264148712158203,0.0025330185890197754,True
17,1069,1784807834.2783415,8,0.020941972732543945,0.002617746591567993,True
17,1070,1784807834.2996957,8,0.01948380470275879,0.0024354755878448486,True
17,1071,1784807834.3195279,8,0.02071404457092285,0.0025892555713653564,True
17,1072,1784807834.341061,8,0.019555330276489258,0.0024444162845611572,True
17,1073,1784807834.3609242,8,0.018610715866088867,0.0023263394832611084,True
17,1074,1784807834.3802466,8,0.019797086715698242,0.0024746358394622803,True
17,1075,1784807834.401567,8,0.02010345458984375,0.0025129318237304688,True
17,1076,1784807834.4224691,8,0.021342992782592773,0.0026678740978240967,True
17,1077,1784807834.4444146,8,0.02233719825744629,0.002792149782180786,True
17,1078,1784807834.4672258,8,0.020531892776489258,0.0025664865970611572,True
17,1079,1784807834.4890633,8,0.020318984985351562,0.0025398731231689453,True
17,1080,1784807834.5101633,8,0.01776862144470215,0.0022210776805877686,True
17,1081,1784807834.5282829,8,0.020092010498046875,0.0025115013122558594,True
17,1082,1784807834.5488236,8,0.020000934600830078,0.0025001168251037598,True
17,1083,1784807834.5692053,8,0.01851677894592285,0.0023145973682403564,True
17,1084,1784807834.5881307,8,0.022700786590576172,0.0028375983238220215,True
17,1085,1784807834.611129,8,0.02011871337890625,0.0025148391723632812,True
17,1086,1784807834.631516,8,0.020819902420043945,0.002602487802505493,True
17,1087,1784807834.6527169,8,0.020228862762451172,0.0025286078453063965,True
17,1088,1784807834.6733272,8,0.020404815673828125,0.0025506019592285156,True
17,1089,1784807834.694115,8,0.019567489624023438,0.0024459362030029297,True
17,1090,1784807834.7141297,8,0.019120216369628906,0.0023900270462036133,True
17,1091,1784807834.7336423,8,0.020296812057495117,0.0025371015071868896,True
17,1092,1784807834.754252,8,0.018578529357910156,0.0023223161697387695,True
17,1093,1784807834.7734766,8,0.018850088119506836,0.0023562610149383545,True
17,1094,1784807834.7926152,8,0.02068161964416504,0.00258520245552063,True
17,1095,1784807834.813645,8,0.01956629753112793,0.002445787191390991,True
17,1096,1784807834.8337982,8,0.019748687744140625,0.002468585968017578,True
17,1097,1784807834.8540096,8,0.020284414291381836,0.0025355517864227295,True
17,1098,1784807834.8750114,8,0.018763065338134766,0.0023453831672668457,True
17,1099,1784807834.8941905,8,0.020605802536010742,0.0025757253170013428,True
17,1100,1784807834.9154172,8,0.021274566650390625,0.002659320831298828,True
17,1101,1784807834.936975,8,0.021040678024291992,0.002630084753036499,True
17,1102,1784807834.9584234,8,0.019412994384765625,0.002426624298095703,True
17,1103,1784807834.9782734,8,0.019931316375732422,0.0024914145469665527,True
17,1104,1784807834.9989014,8,0.020442485809326172,0.0025553107261657715,True
17,1105,1784807835.0197968,8,0.02064824104309082,0.0025810301303863525,True
17,1106,1784807835.040938,8,0.02048492431640625,0.0025606155395507812,True
17,1107,1784807835.0620546,8,0.020793437957763672,0.002599179744720459,True
17,1108,1784807835.083666,8,0.021852493286132812,0.0027315616607666016,True
17,1109,1784807835.105983,8,0.01929187774658203,0.002411484718322754,True
17,1110,1784807835.1256838,8,0.018098831176757812,0.0022623538970947266,True
17,1111,1784807835.144265,8,0.01938605308532715,0.0024232566356658936,True
17,1112,1784807835.164051,8,0.018037080764770508,0.0022546350955963135,True
17,1113,1784807835.1824281,8,0.021854877471923828,0.0027318596839904785,True
17,1114,1784807835.2048514,8,0.021969079971313477,0.0027461349964141846,True
17,1115,1784807835.2270713,8,0.017364501953125,0.002170562744140625,True
17,1116,1784807835.2447112,8,0.019747257232666016,0.002468407154083252,True
17,1117,1784807835.2652495,8,0.01951289176940918,0.0024391114711761475,True
17,1118,1784807835.2850764,8,0.021092891693115234,0.0026366114616394043,True
17,1119,1784807835.3069253,8,0.020679950714111328,0.002584993839263916,True
17,1120,1784807835.3280454,8,0.02238178253173828,0.002797722816467285,True
17,1121,1784807835.3507676,8,0.019606590270996094,0.0024508237838745117,True
17,1122,1784807835.370956,8,0.019789934158325195,0.0024737417697906494,True
17,1123,1784807835.3910995,8,0.020366430282592773,0.0025458037853240967,True
17,1124,1784807835.4117632,8,0.01853322982788086,0.0023166537284851074,True
17,1125,1784807835.4305973,8,0.02031850814819336,0.00253981351852417,True
17,1126,1784807835.451621,8,0.019838333129882812,0.0024797916412353516,True
17,1127,1784807835.4717739,8,0.019865751266479492,0.0024832189083099365,True
17,1128,1784807835.4920151,8,0.020506620407104492,0.0025633275508880615,True
17,1129,1784807835.5128543,8,0.02056145668029785,0.0025701820850372314,True
17,1130,1784807835.5337431,8,0.018874645233154297,0.002359330654144287,True
17,1131,1784807835.5530117,8,0.020307302474975586,0.0025384128093719482,True
17,1132,1784807835.573743,8,0.02204751968383789,0.0027559399604797363,True
17,1133,1784807835.5969892,8,0.019774675369262695,0.002471834421157837,True
17,1134,1784807835.617137,8,0.020008087158203125,0.0025010108947753906,True
17,1135,1784807835.63755,8,0.020373106002807617,0.002546638250350952,True
17,1136,1784807835.6582918,8,0.018860340118408203,0.0023575425148010254,True
17,1137,1784807835.6779022,8,0.020404338836669922,0.0025505423545837402,True
17,1138,1784807835.698669,8,0.018111228942871094,0.0022639036178588867,True
17,1139,1784807835.7171302,8,0.020457029342651367,0.002557128667831421,True
17,1140,1784807835.7380605,8,0.02103137969970703,0.002628922462463379,True
17,1141,1784807835.7595894,8,0.020046472549438477,0.0025058090686798096,True
17,1142,1784807835.7799425,8,0.022156238555908203,0.0027695298194885254,True
17,1143,1784807835.8024786,8,0.02038884162902832,0.00254860520362854,True
17,1144,1784807835.8232448,8,0.021389245986938477,0.0026736557483673096,True
17,1145,1784807835.8450074,8,0.02364945411682129,0.002956181764602661,True
17,1146,1784807835.8689194,8,0.01967334747314453,0.0024591684341430664,True
17,1147,1784807835.8889072,8,0.02105116844177246,0.0026313960552215576,True
17,1148,1784807835.9103765,8,0.019172191619873047,0.002396523952484131,True
17,1149,1784807835.9298549,8,0.019900083541870117,0.0024875104427337646,True
17,1150,1784807835.9500792,8,0.020760536193847656,0.002595067024230957,True
17,1151,1784807835.971142,8,0.020999431610107422,0.0026249289512634277,True
17,1152,1784807835.9924867,8,0.019179105758666992,0.002397388219833374,True
17,1153,1784807836.0122814,8,0.020706892013549805,0.0025883615016937256,True
17,1154,1784807836.0332725,8,0.020610570907592773,0.0025763213634490967,True
17,1155,1784807836.0543766,8,0.019390106201171875,0.0024237632751464844,True
17,1156,1784807836.0741522,8,0.021762847900390625,0.002720355987548828,True
17,1157,1784807836.096396,8,0.021436452865600586,0.0026795566082000732,True
17,1158,1784807836.118144,8,0.01930689811706543,0.0024133622646331787,True
17,1159,1784807836.1379445,8,0.020243167877197266,0.002530395984649658,True
17,1160,1784807836.1585045,8,0.019975900650024414,0.0024969875812530518,True
17,1161,1784807836.1788962,8,0.021122455596923828,0.0026403069496154785,True
17,1162,1784807836.200483,8,0.01890420913696289,0.0023630261421203613,True
17,1163,1784807836.2199395,8,0.02039790153503418,0.0025497376918792725,True
17,1164,1784807836.2408006,8,0.02107548713684082,0.0026344358921051025,True
17,1165,1784807836.2621944,8,0.021259784698486328,0.002657473087310791,True
17,1166,1784807836.2840946,8,0.01926732063293457,0.0024084150791168213,True
17,1167,1784807836.3036888,8,0.019301176071166992,0.002412647008895874,True
17,1168,1784807836.3235533,8,0.0200960636138916,0.00251200795173645,True
17,1169,1784807836.3442216,8,0.019004106521606445,0.0023755133152008057,True
17,1170,1784807836.3641703,8,0.020639657974243164,0.0025799572467803955,True
17,1171,1784807836.38525,8,0.01883673667907715,0.0023545920848846436,True
17,1172,1784807836.404665,8,0.020571470260620117,0.0025714337825775146,True
17,1173,1784807836.426731,8,0.020750045776367188,0.0025937557220458984,True
17,1174,1784807836.4477873,8,0.019060134887695312,0.002382516860961914,True
17,1175,1784807836.4671698,8,0.019947290420532227,0.0024934113025665283,True
17,1176,1784807836.487571,8,0.019603967666625977,0.002450495958328247,True
17,1177,1784807836.5074735,8,0.019109010696411133,0.0023886263370513916,True
17,1178,1784807836.5270085,8,0.02146315574645996,0.002682894468307495,True
17,1179,1784807836.548856,8,0.021711349487304688,0.002713918685913086,True
17,1180,1784807836.571766,8,0.017801523208618164,0.0022251904010772705,True
17,1181,1784807836.5899544,8,0.021678447723388672,0.002709805965423584,True
17,1182,1784807836.6119416,8,0.022577524185180664,0.002822190523147583,True
17,1183,1784807836.6349294,8,0.019435882568359375,0.002429485321044922,True
17,1184,1784807836.6548467,8,0.019418954849243164,0.0024273693561553955,True
17,1185,1784807836.6746323,8,0.019025325775146484,0.0023781657218933105,True
17,1186,1784807836.6940362,8,0.019903898239135742,0.0024879872798919678,True
17,1187,1784807836.714251,8,0.020220041275024414,0.0025275051593780518,True
17,1188,1784807836.734913,8,0.020341157913208008,0.002542644739151001,True
17,1189,1784807836.7557116,8,0.020775318145751953,0.002596914768218994,True
17,1190,1784807836.7772264,8,0.020505189895629883,0.0025631487369537354,True
17,1191,1784807836.7982183,8,0.01897716522216797,0.002372145652770996,True
17,1192,1784807836.817497,8,0.01935744285583496,0.00241968035697937,True
17,1193,1784807836.8372676,8,0.020862102508544922,0.0026077628135681152,True
17,1194,1784807836.858416,8,0.021149635314941406,0.0026437044143676758,True
17,1195,1784807836.8806806,8,0.018435239791870117,0.0023044049739837646,True
17,1196,1784807836.899528,8,0.021181821823120117,0.0026477277278900146,True
17,1197,1784807836.9211109,8,0.02018880844116211,0.0025236010551452637,True
17,1198,1784807836.9417932,8,0.020064830780029297,0.002508103847503662,True
17,1199,1784807836.9621794,8,0.020635604858398438,0.0025794506072998047,True
17,1200,1784807836.9832287,8,0.020235061645507812,0.0025293827056884766,True
17,1201,1784807837.0037706,8,0.020043373107910156,0.0025054216384887695,True
17,1202,1784807837.0241766,8,0.01825857162475586,0.0022823214530944824,True
17,1203,1784807837.042888,8,0.02112293243408203,0.002640366554260254,True
17,1204,1784807837.0643802,8,0.020719289779663086,0.0025899112224578857,True
17,1205,1784807837.0858164,8,0.020238876342773438,0.0025298595428466797,True
17,1206,1784807837.1075587,8,0.021404027938842773,0.0026755034923553467,True
17,1207,1784807837.1299944,8,0.01866626739501953,0.0023332834243774414,True
17,1208,1784807837.1495228,8,0.018697738647460938,0.002337217330932617,True
17,1209,1784807837.168703,8,0.0189669132232666,0.002370864152908325,True
17,1210,1784807837.188139,8,0.021409273147583008,0.002676159143447876,True
17,1211,1784807837.2099168,8,0.02009749412536621,0.0025121867656707764,True
17,1212,1784807837.2304053,8,0.019359111785888672,0.002419888973236084,True
17,1213,1784807837.250274,8,0.0199432373046875,0.0024929046630859375,True
17,1214,1784807837.2706819,8,0.020621776580810547,0.0025777220726013184,True
17,1215,1784807837.2917836,8,0.019727468490600586,0.0024659335613250732,True
17,1216,1784807837.312111,8,0.020127534866333008,0.002515941858291626,True
17,1217,1784807837.3326836,8,0.020081281661987305,0.002510160207748413,True
17,1218,1784807837.3531687,8,0.018426895141601562,0.0023033618927001953,True
17,1219,1784807837.3720195,8,0.019036054611206055,0.002379506826400757,True
17,1220,1784807837.3913841,8,0.019985437393188477,0.0024981796741485596,True
17,1221,1784807837.4117637,8,0.020447492599487305,0.002555936574935913,True
17,1222,1784807837.432555,8,0.019336938858032227,0.0024171173572540283,True
17,1223,1784807837.452355,8,0.019068479537963867,0.0023835599422454834,True
17,1224,1784807837.471773,8,0.02006077766418457,0.0025075972080230713,True
17,1225,1784807837.492169,8,0.020897388458251953,0.002612173557281494,True
17,1226,1784807837.5134604,8,0.019952774047851562,0.0024940967559814453,True
17,1227,1784807837.5336962,8,0.01891350746154785,0.0023641884326934814,True
17,1228,1784807837.5529997,8,0.022510290145874023,0.002813786268234253,True
17,1229,1784807837.575875,8,0.01849055290222168,0.00231131911277771,True
17,1230,1784807837.5947025,8,0.020598649978637695,0.002574831247329712,True
17,1231,1784807837.6156728,8,0.020542144775390625,0.002567768096923828,True
17,1232,1784807837.6370156,8,0.022976160049438477,0.0028720200061798096,True
17,1233,1784807837.6610882,8,0.01990962028503418,0.0024887025356292725,True
17,1234,1784807837.6817753,8,0.021148204803466797,0.0026435256004333496,True
17,1235,1784807837.7034688,8,0.019770145416259766,0.0024712681770324707,True
17,1236,1784807837.7235992,8,0.018662452697753906,0.0023328065872192383,True
17,1237,1784807837.742761,8,0.020116567611694336,0.002514570951461792,True
17,1238,1784807837.763202,8,0.02106189727783203,0.002632737159729004,True
17,1239,1784807837.7847626,8,0.0206296443939209,0.0025787055492401123,True
17,1240,1784807837.8056588,8,0.020933866500854492,0.0026167333126068115,True
17,1241,1784807837.8269155,8,0.020476341247558594,0.0025595426559448242,True
17,1242,1784807837.847795,8,0.020684480667114258,0.0025855600833892822,True
17,1243,1784807837.8688545,8,0.020356178283691406,0.0025445222854614258,True
17,1244,1784807837.889636,8,0.0195465087890625,0.0024433135986328125,True
17,1245,1784807837.9096816,8,0.020755529403686523,0.0025944411754608154,True
17,1246,1784807837.9308767,8,0.0193326473236084,0.00241658091545105,True
17,1247,1784807837.951157,8,0.01939082145690918,0.0024238526821136475,True
17,1248,1784807837.9709287,8,0.019144535064697266,0.002393066883087158,True
17,1249,1784807837.990491,8,0.021179676055908203,0.0026474595069885254,True
17,1250,1784807838.0119843,8,0.023537635803222656,0.002942204475402832,True
17,1251,1784807838.035861,8,0.02091360092163086,0.0026142001152038574,True
17,1252,1784807838.057188,8,0.01990365982055664,0.00248795747756958,True
17,1253,1784807838.0775454,8,0.018825769424438477,0.0023532211780548096,True
17,1254,1784807838.0969472,8,0.02184295654296875,0.0027303695678710938,True
17,1255,1784807838.1195774,8,0.020376205444335938,0.002547025680541992,True
17,1256,1784807838.1404223,8,0.021654367446899414,0.0027067959308624268,True
17,1257,1784807838.1626546,8,0.02124500274658203,0.002655625343322754,True
17,1258,1784807838.1843922,8,0.018897294998168945,0.002362161874771118,True
17,1259,1784807838.2036784,8,0.01942920684814453,0.0024286508560180664,True
17,1260,1784807838.2235715,8,0.01928091049194336,0.00241011381149292,True
17,1261,1784807838.243339,8,0.020084857940673828,0.0025106072425842285,True
17,1262,1784807838.2637248,8,0.020493030548095703,0.002561628818511963,True
17,1263,1784807838.2846968,8,0.01947498321533203,0.002434372901916504,True
17,1264,1784807838.3044426,8,0.021843433380126953,0.002730429172515869,True
17,1265,1784807838.3266165,8,0.020498275756835938,0.002562284469604492,True
17,1266,1784807838.3474433,8,0.021384477615356445,0.0026730597019195557,True
17,1267,1784807838.3691573,8,0.02049732208251953,0.0025621652603149414,True
17,1268,1784807838.390303,8,0.01995682716369629,0.002494603395462036,True
17,1269,1784807838.4105663,8,0.021553754806518555,0.0026942193508148193,True
17,1270,1784807838.4332578,8,0.020607948303222656,0.002575993537902832,True
17,1271,1784807838.4543476,8,0.019725322723388672,0.002465665340423584,True
17,1272,1784807838.4745553,8,0.018557310104370117,0.0023196637630462646,True
17,1273,1784807838.4934118,8,0.021311283111572266,0.002663910388946533,True
17,1274,1784807838.5152485,8,0.019320964813232422,0.0024151206016540527,True
17,1275,1784807838.534823,8,0.01981973648071289,0.0024774670600891113,True
17,1276,1784807838.55506,8,0.02098703384399414,0.0026233792304992676,True
17,1277,1784807838.5764575,8,0.019312143325805664,0.002414017915725708,True
17,1278,1784807838.596412,8,0.02044844627380371,0.002556055784225464,True
17,1279,1784807838.6172562,8,0.021047592163085938,0.002630949020385742,True
17,1280,1784807838.6401215,8,0.020989418029785156,0.0026236772537231445,True
17,1281,1784807838.661449,8,0.019881725311279297,0.002485215663909912,True
17,1282,1784807838.6817186,8,0.020171165466308594,0.0025213956832885742,True
17,1283,1784807838.7021976,8,0.020942211151123047,0.002617776393890381,True
17,1284,1784807838.7235336,8,0.023053407669067383,0.002881675958633423,True
17,1285,1784807838.7469044,8,0.018059968948364258,0.0022574961185455322,True
17,1286,1784807838.7654119,8,0.019147396087646484,0.0023934245109558105,True
17,1287,1784807838.785096,8,0.021271228790283203,0.0026589035987854004,True
17,1288,1784807838.806726,8,0.019933462142944336,0.002491682767868042,True
17,1289,1784807838.827396,8,0.020101308822631836,0.0025126636028289795,True
17,1290,1784807838.8477917,8,0.02022242546081543,0.0025278031826019287,True
17,1291,1784807838.8683686,8,0.01951885223388672,0.00243985652923584,True
17,1292,1784807838.8883748,8,0.02084064483642578,0.0026050806045532227,True
17,1293,1784807838.9095926,8,0.020413875579833984,0.002551734447479248,True
17,1294,1784807838.9303987,8,0.0217130184173584,0.0027141273021698,True
17,1295,1784807838.9524446,8,0.019075632095336914,0.0023844540119171143,True
17,1296,1784807838.971842,8,0.019440650939941406,0.0024300813674926758,True
17,1297,1784807838.9916427,8,0.02040696144104004,0.002550870180130005,True
17,1298,1784807839.0123796,8,0.020489215850830078,0.0025611519813537598,True
17,1299,1784807839.033273,8,0.02209925651550293,0.002762407064437866,True
17,1300,1784807839.0556707,8,0.02111983299255371,0.002639979124069214,True
17,1301,1784807839.0771835,8,0.020104169845581055,0.002513021230697632,True
17,1302,1784807839.097559,8,0.02216053009033203,0.002770066261291504,True
17,1303,1784807839.1200955,8,0.019728660583496094,0.0024660825729370117,True
17,1304,1784807839.1400928,8,0.01920485496520996,0.002400606870651245,True
17,1305,1784807839.1596298,8,0.020772933959960938,0.002596616744995117,True
17,1306,1784807839.1807272,8,0.019758939743041992,0.002469867467880249,True
17,1307,1784807839.2008,8,0.021567106246948242,0.0026958882808685303,True
17,1308,1784807839.2226963,8,0.02085113525390625,0.0026063919067382812,True
17,1309,1784807839.2439938,8,0.020397186279296875,0.0025496482849121094,True
17,1310,1784807839.2648056,8,0.02051997184753418,0.0025649964809417725,True
17,1311,1784807839.2856212,8,0.019464492797851562,0.0024330615997314453,True
17,1312,1784807839.3055916,8,0.02207660675048828,0.002759575843811035,True
17,1313,1784807839.3281016,8,0.022225618362426758,0.0027782022953033447,True
17,1314,1784807839.3505976,8,0.020816802978515625,0.002602100372314453,True
17,1315,1784807839.3717668,8,0.021184444427490234,0.0026480555534362793,True
17,1316,1784807839.393466,8,0.021160125732421875,0.0026450157165527344,True
17,1317,1784807839.4150126,8,0.02072739601135254,0.0025909245014190674,True
17,1318,1784807839.4360878,8,0.0196990966796875,0.0024623870849609375,True
17,1319,1784807839.456266,8,0.02050471305847168,0.00256308913230896,True
17,1320,1784807839.477136,8,0.018393516540527344,0.002299189567565918,True
17,1321,1784807839.4959085,8,0.020006179809570312,0.002500772476196289,True
17,1322,1784807839.516309,8,0.017924785614013672,0.002240598201751709,True
17,1323,1784807839.5345275,8,0.02037978172302246,0.0025474727153778076,True
17,1324,1784807839.5552435,8,0.019327878952026367,0.002415984869003296,True
17,1325,1784807839.57495,8,0.020338058471679688,0.002542257308959961,True
17,1326,1784807839.595648,8,0.018843889236450195,0.0023554861545562744,True
17,1327,1784807839.6148703,8,0.022083044052124023,0.002760380506515503,True
17,1328,1784807839.6372917,8,0.020271778106689453,0.0025339722633361816,True
17,1329,1784807839.6579773,8,0.022274017333984375,0.002784252166748047,True
17,1330,1784807839.681838,8,0.018044710159301758,0.0022555887699127197,True
17,1331,1784807839.700349,8,0.022233009338378906,0.0027791261672973633,True
17,1332,1784807839.723116,8,0.01978588104248047,0.0024732351303100586,True
17,1333,1784807839.7432828,8,0.020623207092285156,0.0025779008865356445,True
17,1334,1784807839.7643683,8,0.019542932510375977,0.002442866563796997,True
17,1335,1784807839.7842743,8,0.018800973892211914,0.0023501217365264893,True
17,1336,1784807839.8034437,8,0.01953887939453125,0.0024423599243164062,True
17,1337,1784807839.8233943,8,0.019890785217285156,0.0024863481521606445,True
17,1338,1784807839.8436408,8,0.019077062606811523,0.0023846328258514404,True
17,1339,1784807839.8630404,8,0.020107030868530273,0.002513378858566284,True
17,1340,1784807839.8834615,8,0.019675254821777344,0.002459406852722168,True
17,1341,1784807839.9034722,8,0.022838115692138672,0.002854764461517334,True
17,1342,1784807839.926659,8,0.018157243728637695,0.002269655466079712,True
17,1343,1784807839.945269,8,0.0211331844329834,0.002641648054122925,True
17,1344,1784807839.9667964,8,0.0209500789642334,0.002618759870529175,True
17,1345,1784807839.9884617,8,0.017780065536499023,0.002222508192062378,True
17,1346,1784807840.0067284,8,0.021250486373901367,0.002656310796737671,True
17,1347,1784807840.0287523,8,0.01777505874633789,0.0022218823432922363,True
17,1348,1784807840.046839,8,0.021683454513549805,0.0027104318141937256,True
17,1349,1784807840.0689015,8,0.0201416015625,0.0025177001953125,True
17,1350,1784807840.0899122,8,0.01949143409729004,0.002436429262161255,True
17,1351,1784807840.1100633,8,0.020729541778564453,0.0025911927223205566,True
17,1352,1784807840.1311755,8,0.02230978012084961,0.002788722515106201,True
17,1353,1784807840.1539626,8,0.0187070369720459,0.0023383796215057373,True
17,1354,1784807840.1733327,8,0.02268385887145996,0.002835482358932495,True
17,1355,1784807840.1967583,8,0.02058887481689453,0.0025736093521118164,True
17,1356,1784807840.218086,8,0.019377470016479492,0.0024221837520599365,True
17,1357,1784807840.237843,8,0.0218963623046875,0.0027370452880859375,True
17,1358,1784807840.2601244,8,0.01975226402282715,0.0024690330028533936,True
17,1359,1784807840.2803652,8,0.019542217254638672,0.002442777156829834,True
17,1360,1784807840.3005238,8,0.01988530158996582,0.0024856626987457275,True
17,1361,1784807840.3209026,8,0.01855182647705078,0.0023189783096313477,True
17,1362,1784807840.3398879,8,0.020378828048706055,0.002547353506088257,True
17,1363,1784807840.3607478,8,0.018375158309936523,0.0022968947887420654,True
17,1364,1784807840.3795154,8,0.0211031436920166,0.002637892961502075,True
17,1365,1784807840.4010003,8,0.018917083740234375,0.002364635467529297,True
17,1366,1784807840.4210155,8,0.018749237060546875,0.0023436546325683594,True
17,1367,1784807840.4402502,8,0.020737648010253906,0.0025922060012817383,True
17,1368,1784807840.461513,8,0.019536495208740234,0.0024420619010925293,True
17,1369,1784807840.4820478,8,0.02217245101928711,0.0027715563774108887,True
17,1370,1784807840.5048347,8,0.023030757904052734,0.002878844738006592,True
17,1371,1784807840.5284324,8,0.01875448226928711,0.0023443102836608887,True
17,1372,1784807840.5477526,8,0.0188138484954834,0.002351731061935425,True
17,1373,1784807840.5675921,8,0.01815629005432129,0.002269536256790161,True
17,1374,1784807840.5862086,8,0.018552303314208984,0.002319037914276123,True
17,1375,1784807840.60595,8,0.020917892456054688,0.002614736557006836,True
17,1376,1784807840.6274195,8,0.020646333694458008,0.002580791711807251,True
17,1377,1784807840.6486957,8,0.019907236099243164,0.0024884045124053955,True
17,1378,1784807840.6691217,8,0.020604372024536133,0.0025755465030670166,True
17,1379,1784807840.6900802,8,0.021129846572875977,0.002641230821609497,True
17,1380,1784807840.71177,8,0.020084381103515625,0.002510547637939453,True
17,1381,1784807840.732205,8,0.018459558486938477,0.0023074448108673096,True
17,1382,1784807840.751088,8,0.019976377487182617,0.002497047185897827,True
17,1383,1784807840.7713614,8,0.018833398818969727,0.002354174852371216,True
17,1384,1784807840.7904747,8,0.0183718204498291,0.0022964775562286377,True
17,1385,1784807840.809189,8,0.021334171295166016,0.002666771411895752,True
17,1386,1784807840.830912,8,0.020064353942871094,0.0025080442428588867,True
17,1387,1784807840.8513188,8,0.01917862892150879,0.0023973286151885986,True
17,1388,1784807840.8708043,8,0.019323110580444336,0.002415388822555542,True
17,1389,1784807840.8905036,8,0.02077794075012207,0.002597242593765259,True
17,1390,1784807840.911572,8,0.020620107650756836,0.0025775134563446045,True
17,1391,1784807840.9326408,8,0.018269062042236328,0.002283632755279541,True
17,1392,1784807840.9518564,8,0.021052837371826172,0.0026316046714782715,True
17,1393,1784807840.973206,8,0.021491289138793945,0.002686411142349243,True
17,1394,1784807840.9951057,8,0.020049095153808594,0.0025061368942260742,True
17,1395,1784807841.0154936,8,0.019301176071166992,0.002412647008895874,True
17,1396,1784807841.0352793,8,0.01972055435180664,0.00246506929397583,True
17,1397,1784807841.0554435,8,0.020892858505249023,0.002611607313156128,True
17,1398,1784807841.0767694,8,0.019820213317871094,0.0024775266647338867,True
17,1399,1784807841.096845,8,0.021938323974609375,0.002742290496826172,True
17,1400,1784807841.1193268,8,0.02018904685974121,0.0025236308574676514,True
17,1401,1784807841.1398938,8,0.02001023292541504,0.00250127911567688,True
17,1402,1784807841.1603131,8,0.019659757614135742,0.0024574697017669678,True
17,1403,1784807841.1809068,8,0.020488739013671875,0.0025610923767089844,True
17,1404,1784807841.2021163,8,0.01943683624267578,0.0024296045303344727,True
17,1405,1784807841.2228088,8,0.02162003517150879,0.0027025043964385986,True
17,1406,1784807841.2454588,8,0.0203707218170166,0.002546340227127075,True
17,1407,1784807841.2661312,8,0.020238637924194336,0.002529829740524292,True
17,1408,1784807841.2867174,8,0.02119922637939453,0.0026499032974243164,True
17,1409,1784807841.30846,8,0.020669937133789062,0.002583742141723633,True
17,1410,1784807841.3293805,8,0.0198214054107666,0.002477675676345825,True
17,1411,1784807841.3495893,8,0.020311355590820312,0.002538919448852539,True
17,1412,1784807841.3704302,8,0.0204620361328125,0.0025577545166015625,True
17,1413,1784807841.3913217,8,0.019729137420654297,0.002466142177581787,True
17,1414,1784807841.4117815,8,0.01992487907409668,0.002490609884262085,True
17,1415,1784807841.432085,8,0.020142793655395508,0.0025178492069244385,True
17,1416,1784807841.4532545,8,0.01847553253173828,0.002309441566467285,True
17,1417,1784807841.4723897,8,0.01939225196838379,0.0024240314960479736,True
17,1418,1784807841.4921236,8,0.019961833953857422,0.0024952292442321777,True
17,1419,1784807841.5130084,8,0.022385835647583008,0.002798229455947876,True
17,1420,1784807841.5358338,8,0.019231796264648438,0.0024039745330810547,True
17,1421,1784807841.5554156,8,0.02016282081604004,0.002520352602005005,True
17,1422,1784807841.5759392,8,0.019471406936645508,0.0024339258670806885,True
17,1423,1784807841.595753,8,0.02055191993713379,0.0025689899921417236,True
17,1424,1784807841.6166365,8,0.02064967155456543,0.0025812089443206787,True
17,1425,1784807841.6376476,8,0.020585060119628906,0.0025731325149536133,True
17,1426,1784807841.6584737,8,0.01965951919555664,0.00245743989944458,True
17,1427,1784807841.678394,8,0.020940542221069336,0.002617567777633667,True
17,1428,1784807841.699726,8,0.01994800567626953,0.0024935007095336914,True
17,1429,1784807841.7201512,8,0.01917552947998047,0.0023969411849975586,True
17,1430,1784807841.739773,8,0.02013993263244629,0.002517491579055786,True
17,1431,1784807841.7602384,8,0.019614458084106445,0.0024518072605133057,True
17,1432,1784807841.78044,8,0.01988673210144043,0.0024858415126800537,True
17,1433,1784807841.8006449,8,0.02025890350341797,0.002532362937927246,True
17,1434,1784807841.8213637,8,0.019085407257080078,0.0023856759071350098,True
17,1435,1784807841.8409336,8,0.020058631896972656,0.002507328987121582,True
17,1436,1784807841.8613281,8,0.01913285255432129,0.002391606569290161,True
17,1437,1784807841.8807538,8,0.018746376037597656,0.002343297004699707,True
17,1438,1784807841.8998284,8,0.02003955841064453,0.0025049448013305664,True
17,1439,1784807841.9204926,8,0.02017951011657715,0.0025224387645721436,True
17,1440,1784807841.9410481,8,0.020226001739501953,0.002528250217437744,True
17,1441,1784807841.9616208,8,0.019007205963134766,0.0023759007453918457,True
17,1442,1784807841.9812214,8,0.020100831985473633,0.002512603998184204,True
17,1443,1784807842.0018125,8,0.020967721939086914,0.0026209652423858643,True
17,1444,1784807842.0244417,8,0.019246816635131836,0.0024058520793914795,True
17,1445,1784807842.044737,8,0.018701791763305664,0.002337723970413208,True
17,1446,1784807842.0642092,8,0.020478487014770508,0.0025598108768463135,True
17,1447,1784807842.0850158,8,0.020164966583251953,0.002520620822906494,True
17,1448,1784807842.1054957,8,0.019666433334350586,0.0024583041667938232,True
17,1449,1784807842.1255648,8,0.020885705947875977,0.002610713243484497,True
17,1450,1784807842.146979,8,0.02015852928161621,0.0025198161602020264,True
17,1451,1784807842.167532,8,0.02062678337097168,0.00257834792137146,True
17,1452,1784807842.1887448,8,0.021806716918945312,0.002725839614868164,True
17,1453,1784807842.2114067,8,0.019518613815307617,0.002439826726913452,True
17,1454,1784807842.2313497,8,0.020606040954589844,0.0025757551193237305,True
17,1455,1784807842.2523677,8,0.020469188690185547,0.0025586485862731934,True
17,1456,1784807842.273174,8,0.02116990089416504,0.00264623761177063,True
17,1457,1784807842.2948403,8,0.01961541175842285,0.0024519264698028564,True
17,1458,1784807842.3148317,8,0.020464181900024414,0.0025580227375030518,True
17,1459,1784807842.33561,8,0.01989889144897461,0.002487361431121826,True
17,1460,1784807842.3558345,8,0.020461082458496094,0.0025576353073120117,True
17,1461,1784807842.3771124,8,0.021042585372924805,0.0026303231716156006,True
17,1462,1784807842.3985574,8,0.020796537399291992,0.002599567174911499,True
17,1463,1784807842.4197614,8,0.01912236213684082,0.0023902952671051025,True
17,1464,1784807842.439194,8,0.018563032150268555,0.0023203790187835693,True
17,1465,1784807842.4581742,8,0.019782543182373047,0.002472817897796631,True
17,1466,1784807842.4787319,8,0.01962900161743164,0.002453625202178955,True
17,1467,1784807842.4987633,8,0.023540735244750977,0.002942591905593872,True
17,1468,1784807842.5235932,8,0.018842458724975586,0.0023553073406219482,True
17,1469,1784807842.5429068,8,0.018736600875854492,0.0023420751094818115,True
17,1470,1784807842.5622342,8,0.02124810218811035,0.002656012773513794,True
17,1471,1784807842.583866,8,0.018990516662597656,0.002373814582824707,True
17,1472,1784807842.603166,8,0.020002126693725586,0.0025002658367156982,True
17,1473,1784807842.6236126,8,0.02499699592590332,0.003124624490737915,True
17,1474,1784807842.6494694,8,0.019797325134277344,0.002474665641784668,True
17,1475,1784807842.6696606,8,0.02069854736328125,0.0025873184204101562,True
17,1476,1784807842.690927,8,0.019603490829467773,0.0024504363536834717,True
17,1477,1784807842.71087,8,0.020228147506713867,0.0025285184383392334,True
17,1478,1784807842.7314134,8,0.019103527069091797,0.0023879408836364746,True
17,1479,1784807842.7509844,8,0.01882028579711914,0.0023525357246398926,True
17,1480,1784807842.770205,8,0.02028512954711914,0.0025356411933898926,True
17,1481,1784807842.7912443,8,0.01921868324279785,0.0024023354053497314,True
17,1482,1784807842.8107545,8,0.019292116165161133,0.0024115145206451416,True
17,1483,1784807842.8303344,8,0.019820213317871094,0.0024775266647338867,True
17,1484,1784807842.850415,8,0.019121885299682617,0.002390235662460327,True
17,1485,1784807842.870225,8,0.019889116287231445,0.0024861395359039307,True
17,1486,1784807842.8907433,8,0.019114971160888672,0.002389371395111084,True
17,1487,1784807842.910214,8,0.01985311508178711,0.0024816393852233887,True
17,1488,1784807842.9304051,8,0.019895553588867188,0.0024869441986083984,True
17,1489,1784807842.9506044,8,0.020334243774414062,0.002541780471801758,True
17,1490,1784807842.9717076,8,0.02180314064025879,0.0027253925800323486,True
17,1491,1784807842.994053,8,0.018667221069335938,0.002333402633666992,True
17,1492,1784807843.0132182,8,0.02063298225402832,0.00257912278175354,True
17,1493,1784807843.0352616,8,0.020168542861938477,0.0025210678577423096,True
17,1494,1784807843.0558808,8,0.02044510841369629,0.002555638551712036,True
17,1495,1784807843.0771146,8,0.020354509353637695,0.002544313669204712,True
17,1496,1784807843.0983577,8,0.020292282104492188,0.0025365352630615234,True
17,1497,1784807843.119537,8,0.018471717834472656,0.002308964729309082,True
17,1498,1784807843.138937,8,0.019185543060302734,0.002398192882537842,True
17,1499,1784807843.158437,8,0.019051551818847656,0.002381443977355957,True
17,1500,1784807843.1778,8,0.01989293098449707,0.002486616373062134,True
17,1501,1784807843.198521,8,0.021181821823120117,0.0026477277278900146,True
17,1502,1784807843.220268,8,0.020494937896728516,0.0025618672370910645,True
17,1503,1784807843.2415972,8,0.020537137985229492,0.0025671422481536865,True
17,1504,1784807843.2626448,8,0.019697189331054688,0.002462148666381836,True
17,1505,1784807843.2829578,8,0.02082657814025879,0.0026033222675323486,True
17,1506,1784807843.3041267,8,0.021027565002441406,0.0026284456253051758,True
17,1507,1784807843.3256006,8,0.02022266387939453,0.0025278329849243164,True
17,1508,1784807843.3464615,8,0.018265485763549805,0.0022831857204437256,True
17,1509,1784807843.365147,8,0.02037811279296875,0.0025472640991210938,True
17,1510,1784807843.3859737,8,0.019331932067871094,0.0024164915084838867,True
17,1511,1784807843.4056404,8,0.01953411102294922,0.0024417638778686523,True
17,1512,1784807843.4254906,8,0.019248485565185547,0.0024060606956481934,True
17,1513,1784807843.4450877,8,0.019818544387817383,0.002477318048477173,True
17,1514,1784807843.4653924,8,0.02300095558166504,0.00287511944770813,True
17,1515,1784807843.4887223,8,0.01853179931640625,0.0023164749145507812,True
17,1516,1784807843.5076275,8,0.019432783126831055,0.002429097890853882,True
17,1517,1784807843.527356,8,0.020041227340698242,0.0025051534175872803,True
17,1518,1784807843.5477257,8,0.01987910270690918,0.0024848878383636475,True
17,1519,1784807843.568127,8,0.018488407135009766,0.0023110508918762207,True
17,1520,1784807843.5869877,8,0.020293235778808594,0.0025366544723510742,True
17,1521,1784807843.6087334,8,0.02005290985107422,0.0025066137313842773,True
17,1522,1784807843.6294494,8,0.019992589950561523,0.0024990737438201904,True
17,1523,1784807843.6498497,8,0.018308639526367188,0.0022885799407958984,True
17,1524,1784807843.6684484,8,0.018659114837646484,0.0023323893547058105,True
17,1525,1784807843.6874201,8,0.020213842391967773,0.0025267302989959717,True
17,1526,1784807843.7090366,8,0.01872730255126953,0.0023409128189086914,True
17,1527,1784807843.728317,8,0.0188901424407959,0.0023612678050994873,True
17,1528,1784807843.7474973,8,0.019788503646850586,0.0024735629558563232,True
17,1529,1784807843.7680387,8,0.020076990127563477,0.0025096237659454346,True
17,1530,1784807843.789102,8,0.018159866333007812,0.0022699832916259766,True
17,1531,1784807843.807875,8,0.01888728141784668,0.002360910177230835,True
17,1532,1784807843.8271308,8,0.020465612411499023,0.002558201551437378,True
17,1533,1784807843.8479948,8,0.019287824630737305,0.002410978078842163,True
17,1534,1784807843.8675308,8,0.02011895179748535,0.002514868974685669,True
17,1535,1784807843.888157,8,0.018769025802612305,0.002346128225326538,True
17,1536,1784807843.9071877,8,0.020527362823486328,0.002565920352935791,True
17,1537,1784807843.9282947,8,0.0211489200592041,0.0026436150074005127,True
17,1538,1784807843.9498634,8,0.022654056549072266,0.002831757068634033,True
17,1539,1784807843.9730175,8,0.017958641052246094,0.0022448301315307617,True
17,1540,1784807843.9912555,8,0.020400047302246094,0.0025500059127807617,True
17,1541,1784807844.0125356,8,0.020263195037841797,0.0025328993797302246,True
17,1542,1784807844.0332055,8,0.020845890045166016,0.002605736255645752,True
17,1543,1784807844.0550451,8,0.020003557205200195,0.0025004446506500244,True
17,1544,1784807844.0754652,8,0.01952385902404785,0.0024404823780059814,True
17,1545,1784807844.0954242,8,0.02078700065612793,0.002598375082015991,True
17,1546,1784807844.1166208,8,0.020650863647460938,0.002581357955932617,True
17,1547,1784807844.1376908,8,0.020058393478393555,0.0025072991847991943,True
17,1548,1784807844.1580448,8,0.02031707763671875,0.0025396347045898438,True
17,1549,1784807844.1789312,8,0.019733428955078125,0.0024666786193847656,True
17,1550,1784807844.199184,8,0.020055770874023438,0.0025069713592529297,True
17,1551,1784807844.2195349,8,0.020508289337158203,0.0025635361671447754,True
17,1552,1784807844.240597,8,0.01987624168395996,0.002484530210494995,True
17,1553,1784807844.2608597,8,0.019289731979370117,0.0024112164974212646,True
17,1554,1784807844.2805367,8,0.02074575424194336,0.00259321928024292,True
17,1555,1784807844.3016524,8,0.02060985565185547,0.0025762319564819336,True
17,1556,1784807844.3225508,8,0.019371747970581055,0.002421468496322632,True
17,1557,1784807844.3424857,8,0.01842665672302246,0.0023033320903778076,True
17,1558,1784807844.3612707,8,0.020034313201904297,0.002504289150238037,True
17,1559,1784807844.3816712,8,0.0209500789642334,0.002618759870529175,True
17,1560,1784807844.403064,8,0.02045917510986328,0.00255739688873291,True
17,1561,1784807844.423982,8,0.020443201065063477,0.0025554001331329346,True
17,1562,1784807844.4453576,8,0.01928234100341797,0.002410292625427246,True
17,1563,1784807844.4652076,8,0.019883155822753906,0.0024853944778442383,True
17,1564,1784807844.4853828,8,0.019297361373901367,0.002412170171737671,True
17,1565,1784807844.505949,8,0.019121170043945312,0.002390146255493164,True
17,1566,1784807844.525357,8,0.021348953247070312,0.002668619155883789,True
17,1567,1784807844.5469606,8,0.021673917770385742,0.0027092397212982178,True
17,1568,1784807844.5692494,8,0.02131962776184082,0.0026649534702301025,True
17,1569,1784807844.5909505,8,0.01920485496520996,0.002400606870651245,True
17,1570,1784807844.6107717,8,0.01986861228942871,0.002483576536178589,True
17,1571,1784807844.6309655,8,0.019490480422973633,0.002436310052871704,True
17,1572,1784807844.6508467,8,0.021065473556518555,0.0026331841945648193,True
17,1573,1784807844.6722636,8,0.020082473754882812,0.0025103092193603516,True
17,1574,1784807844.6926143,8,0.019206762313842773,0.0024008452892303467,True
17,1575,1784807844.7122211,8,0.021092653274536133,0.0026365816593170166,True
17,1576,1784807844.7336302,8,0.019301652908325195,0.0024127066135406494,True
17,1577,1784807844.7536302,8,0.02007126808166504,0.00250890851020813,True
17,1578,1784807844.774107,8,0.020528554916381836,0.0025660693645477295,True
17,1579,1784807844.7949219,8,0.021515846252441406,0.0026894807815551758,True
17,1580,1784807844.8168025,8,0.0185854434967041,0.0023231804370880127,True
17,1581,1784807844.835803,8,0.020653247833251953,0.002581655979156494,True
17,1582,1784807844.856778,8,0.019971847534179688,0.002496480941772461,True
17,1583,1784807844.8770394,8,0.01848006248474121,0.0023100078105926514,True
17,1584,1784807844.895877,8,0.021105289459228516,0.0026381611824035645,True
17,1585,1784807844.9173832,8,0.021921873092651367,0.002740234136581421,True
17,1586,1784807844.939647,8,0.019875526428222656,0.002484440803527832,True
17,1587,1784807844.9599023,8,0.01868915557861328,0.00233614444732666,True
17,1588,1784807844.978858,8,0.02129673957824707,0.002662092447280884,True
17,1589,1784807845.0004716,8,0.020680665969848633,0.002585083246231079,True
17,1590,1784807845.0215042,8,0.018822431564331055,0.002352803945541382,True
17,1591,1784807845.0407028,8,0.019612550735473633,0.002451568841934204,True
17,1592,1784807845.060636,8,0.020219802856445312,0.002527475357055664,True
17,1593,1784807845.0812082,8,0.022217273712158203,0.0027771592140197754,True
17,1594,1784807845.103761,8,0.0191192626953125,0.0023899078369140625,True
17,1595,1784807845.1232238,8,0.019789695739746094,0.0024737119674682617,True
17,1596,1784807845.1435,8,0.019335508346557617,0.002416938543319702,True
17,1597,1784807845.1631513,8,0.019072771072387695,0.002384096384048462,True
17,1598,1784807845.1825795,8,0.019624710083007812,0.0024530887603759766,True
17,1599,1784807845.202569,8,0.020078659057617188,0.0025098323822021484,True
17,1600,1784807845.2229693,8,0.019318580627441406,0.0024148225784301758,True
17,1601,1784807845.2426574,8,0.01897454261779785,0.0023718178272247314,True
17,1602,1784807845.2620413,8,0.019840717315673828,0.0024800896644592285,True
17,1603,1784807845.2822258,8,0.020976781845092773,0.0026220977306365967,True
17,1604,1784807845.3035984,8,0.02056717872619629,0.002570897340774536,True
17,1605,1784807845.3245707,8,0.017342090606689453,0.0021677613258361816,True
17,1606,1784807845.342295,8,0.019487857818603516,0.0024359822273254395,True
17,1607,1784807845.3621686,8,0.020772218704223633,0.002596527338027954,True
17,1608,1784807845.3838906,8,0.02059626579284668,0.002574533224105835,True
17,1609,1784807845.4048624,8,0.019901275634765625,0.002487659454345703,True
17,1610,1784807845.4251502,8,0.018764495849609375,0.002345561981201172,True
17,1611,1784807845.4442575,8,0.020244359970092773,0.0025305449962615967,True
17,1612,1784807845.4650974,8,0.017821550369262695,0.002227693796157837,True
17,1613,1784807845.48339,8,0.019686222076416016,0.002460777759552002,True
17,1614,1784807845.5034778,8,0.019235610961914062,0.002404451370239258,True
17,1615,1784807845.5233326,8,0.019232988357543945,0.002404123544692993,True
17,1616,1784807845.5428448,8,0.019568204879760742,0.0024460256099700928,True
17,1617,1784807845.5629783,8,0.01864480972290039,0.002330601215362549,True
17,1618,1784807845.5819566,8,0.01934814453125,0.00241851806640625,True
17,1619,1784807845.6017716,8,0.021600961685180664,0.002700120210647583,True
17,1620,1784807845.623725,8,0.02116990089416504,0.00264623761177063,True
17,1621,1784807845.6453607,8,0.021163463592529297,0.002645432949066162,True
17,1622,1784807845.666803,8,0.019971609115600586,0.0024964511394500732,True
17,1623,1784807845.6870875,8,0.022655487060546875,0.0028319358825683594,True
17,1624,1784807845.7101219,8,0.020266056060791016,0.002533257007598877,True
17,1625,1784807845.7320793,8,0.021876096725463867,0.0027345120906829834,True
17,1626,1784807845.7543485,8,0.020493268966674805,0.0025616586208343506,True
17,1627,1784807845.7754645,8,0.022800922393798828,0.0028501152992248535,True
17,1628,1784807845.79885,8,0.01898479461669922,0.0023730993270874023,True
17,1629,1784807845.8181636,8,0.020279645919799805,0.0025349557399749756,True
17,1630,1784807845.8387804,8,0.020822525024414062,0.002602815628051758,True
17,1631,1784807845.8602076,8,0.02078557014465332,0.002598196268081665,True
17,1632,1784807845.8813257,8,0.020821571350097656,0.002602696418762207,True
17,1633,1784807845.902495,8,0.020850658416748047,0.002606332302093506,True
17,1634,1784807845.9236588,8,0.019486188888549805,0.0024357736110687256,True
17,1635,1784807845.9434865,8,0.019190073013305664,0.002398759126663208,True
17,1636,1784807845.9631183,8,0.019819021224975586,0.0024773776531219482,True
17,1637,1784807845.9833996,8,0.01914811134338379,0.0023935139179229736,True
17,1638,1784807846.002875,8,0.020557880401611328,0.002569735050201416,True
17,1639,1784807846.023774,8,0.019723892211914062,0.002465486526489258,True
17,1640,1784807846.0440106,8,0.020963430404663086,0.0026204288005828857,True
17,1641,1784807846.0653722,8,0.020145177841186523,0.0025181472301483154,True
17,1642,1784807846.086436,8,0.02101874351501465,0.002627342939376831,True
17,1643,1784807846.107769,8,0.019193172454833984,0.002399146556854248,True
17,1644,1784807846.127537,8,0.019599199295043945,0.002449899911880493,True
17,1645,1784807846.147486,8,0.020879745483398438,0.0026099681854248047,True
17,1646,1784807846.1687431,8,0.019751787185668945,0.002468973398208618,True
17,1647,1784807846.1888912,8,0.018169879913330078,0.0022712349891662598,True
17,1648,1784807846.2073498,8,0.021149158477783203,0.0026436448097229004,True
17,1649,1784807846.2288418,8,0.023239850997924805,0.0029049813747406006,True
17,1650,1784807846.252412,8,0.017367124557495117,0.0021708905696868896,True
17,1651,1784807846.270124,8,0.018856287002563477,0.0023570358753204346,True
17,1652,1784807846.2894526,8,0.022038698196411133,0.0027548372745513916,True
17,1653,1784807846.311774,8,0.019077062606811523,0.0023846328258514404,True
17,1654,1784807846.3321762,8,0.01953577995300293,0.002441972494125366,True
17,1655,1784807846.352371,8,0.0211942195892334,0.002649277448654175,True
17,1656,1784807846.3742864,8,0.018501758575439453,0.0023127198219299316,True
17,1657,1784807846.3933783,8,0.020561933517456055,0.002570241689682007,True
17,1658,1784807846.414603,8,0.018468379974365234,0.0023085474967956543,True
17,1659,1784807846.4334235,8,0.019715309143066406,0.0024644136428833008,True
17,1660,1784807846.454064,8,0.019728899002075195,0.0024661123752593994,True
17,1661,1784807846.4742017,8,0.020704984664916992,0.002588123083114624,True
17,1662,1784807846.4956732,8,0.021157264709472656,0.002644658088684082,True
17,1663,1784807846.5176516,8,0.020020484924316406,0.0025025606155395508,True
17,1664,1784807846.5381243,8,0.020758867263793945,0.002594858407974243,True
17,1665,1784807846.559279,8,0.020883560180664062,0.002610445022583008,True
17,1666,1784807846.5806584,8,0.01984548568725586,0.0024806857109069824,True
17,1667,1784807846.6011162,8,0.0225679874420166,0.002820998430252075,True
17,1668,1784807846.6240392,8,0.02078104019165039,0.002597630023956299,True
17,1669,1784807846.645599,8,0.0202481746673584,0.0025310218334198,True
17,1670,1784807846.666273,8,0.021713972091674805,0.0027142465114593506,True
17,1671,1784807846.6885974,8,0.018563508987426758,0.0023204386234283447,True
17,1672,1784807846.7075648,8,0.019584178924560547,0.0024480223655700684,True
17,1673,1784807846.7274468,8,0.019598007202148438,0.0024497509002685547,True
17,1674,1784807846.7473128,8,0.01891016960144043,0.0023637712001800537,True
17,1675,1784807846.767369,8,0.019237041473388672,0.002404630184173584,True
17,1676,1784807846.7874858,8,0.023166418075561523,0.0028958022594451904,True
17,1677,1784807846.8116984,8,0.017951011657714844,0.0022438764572143555,True
17,1678,1784807846.8299985,8,0.019414424896240234,0.0024268031120300293,True
17,1679,1784807846.8498642,8,0.02030205726623535,0.002537757158279419,True
17,1680,1784807846.8707979,8,0.02256298065185547,0.0028203725814819336,True
17,1681,1784807846.8937457,8,0.019023418426513672,0.002377927303314209,True
17,1682,1784807846.9134736,8,0.020950794219970703,0.002618849277496338,True
17,1683,1784807846.9348001,8,0.02008056640625,0.00251007080078125,True
17,1684,1784807846.955316,8,0.020575284957885742,0.0025719106197357178,True
17,1685,1784807846.97646,8,0.022104978561401367,0.002763122320175171,True
17,1686,1784807846.9998763,8,0.019953250885009766,0.0024941563606262207,True
17,1687,1784807847.0207179,8,0.021393775939941406,0.0026742219924926758,True
17,1688,1784807847.0425923,8,0.01871013641357422,0.0023387670516967773,True
17,1689,1784807847.0617316,8,0.020387649536132812,0.0025484561920166016,True
17,1690,1784807847.0828986,8,0.020111799240112305,0.002513974905014038,True
17,1691,1784807847.1035416,8,0.020521163940429688,0.002565145492553711,True
17,1692,1784807847.1249113,8,0.020064592361450195,0.0025080740451812744,True
17,1693,1784807847.1455805,8,0.020102500915527344,0.002512812614440918,True
17,1694,1784807847.1665828,8,0.020824432373046875,0.0026030540466308594,True
17,1695,1784807847.1881654,8,0.018953323364257812,0.0023691654205322266,True
17,1696,1784807847.2075422,8,0.020441770553588867,0.0025552213191986084,True
17,1697,1784807847.228712,8,0.02080678939819336,0.00260084867477417,True
17,1698,1784807847.2500653,8,0.019269704818725586,0.0024087131023406982,True
17,1699,1784807847.2698214,8,0.0215609073638916,0.00269511342048645,True
17,1700,1784807847.2919743,8,0.020530223846435547,0.0025662779808044434,True
17,1701,1784807847.3129668,8,0.020267009735107422,0.0025333762168884277,True
17,1702,1784807847.3336217,8,0.020509958267211914,0.0025637447834014893,True
17,1703,1784807847.354609,8,0.021051645278930664,0.002631455659866333,True
17,1704,1784807847.3759613,8,0.021481990814208984,0.002685248851776123,True
17,1705,1784807847.39785,8,0.01948833465576172,0.002436041831970215,True
17,1706,1784807847.417662,8,0.019201040267944336,0.002400130033493042,True
17,1707,1784807847.4374664,8,0.018498897552490234,0.0023123621940612793,True
17,1708,1784807847.4575639,8,0.017151594161987305,0.002143949270248413,True
17,1709,1784807847.4750454,8,0.020631790161132812,0.0025789737701416016,True
17,1710,1784807847.496053,8,0.019567489624023438,0.0024459362030029297,True
17,1711,1784807847.5159795,8,0.018650531768798828,0.0023313164710998535,True
17,1712,1784807847.5354726,8,0.02131938934326172,0.002664923667907715,True
17,1713,1784807847.5576732,8,0.01959681510925293,0.002449601888656616,True
17,1714,1784807847.5778785,8,0.021511316299438477,0.0026889145374298096,True
17,1715,1784807847.6004312,8,0.018137216567993164,0.0022671520709991455,True
17,1716,1784807847.6193886,8,0.020284652709960938,0.002535581588745117,True
17,1717,1784807847.6399376,8,0.019770383834838867,0.0024712979793548584,True
17,1718,1784807847.660316,8,0.02068805694580078,0.0025860071182250977,True
17,1719,1784807847.6814654,8,0.018532752990722656,0.002316594123840332,True
17,1720,1784807847.7003756,8,0.020282506942749023,0.002535313367843628,True
17,1721,1784807847.7210045,8,0.019085407257080078,0.0023856759071350098,True
17,1722,1784807847.740436,8,0.020462512969970703,0.002557814121246338,True
17,1723,1784807847.761201,8,0.0190274715423584,0.0023784339427948,True
17,1724,1784807847.7805686,8,0.020838260650634766,0.0026047825813293457,True
17,1725,1784807847.8020613,8,0.017847776412963867,0.0022309720516204834,True
17,1726,1784807847.820276,8,0.01968526840209961,0.002460658550262451,True
17,1727,1784807847.8408709,8,0.02025580406188965,0.002531975507736206,True
17,1728,1784807847.8614285,8,0.019274473190307617,0.002409309148788452,True
17,1729,1784807847.8811924,8,0.01877760887145996,0.002347201108932495,True
17,1730,1784807847.9003065,8,0.019740581512451172,0.0024675726890563965,True
17,1731,1784807847.920348,8,0.01957106590270996,0.002446383237838745,True
17,1732,1784807847.9403348,8,0.02341318130493164,0.002926647663116455,True
17,1733,1784807847.9640653,8,0.019676685333251953,0.002459585666656494,True
17,1734,1784807847.9839892,8,0.019746065139770508,0.0024682581424713135,True
17,1735,1784807848.0042038,8,0.02295088768005371,0.002868860960006714,True
17,1736,1784807848.0274796,8,0.019978046417236328,0.002497255802154541,True
17,1737,1784807848.0478315,8,0.020420312881469727,0.002552539110183716,True
17,1738,1784807848.0686288,8,0.01991128921508789,0.0024889111518859863,True
17,1739,1784807848.089279,8,0.020535707473754883,0.0025669634342193604,True
17,1740,1784807848.1102452,8,0.019362449645996094,0.0024203062057495117,True
17,1741,1784807848.130081,8,0.020241498947143555,0.0025301873683929443,True
17,1742,1784807848.1509454,8,0.020608186721801758,0.0025760233402252197,True
17,1743,1784807848.172106,8,0.02170586585998535,0.002713233232498169,True
17,1744,1784807848.1946151,8,0.019826889038085938,0.002478361129760742,True
17,1745,1784807848.2155948,8,0.02044963836669922,0.0025562047958374023,True
17,1746,1784807848.2364953,8,0.021854400634765625,0.002731800079345703,True
17,1747,1784807848.2587416,8,0.01833176612854004,0.002291470766067505,True
17,1748,1784807848.2774591,8,0.020721912384033203,0.0025902390480041504,True
17,1749,1784807848.298535,8,0.019658803939819336,0.002457350492477417,True
17,1750,1784807848.3185277,8,0.022407054901123047,0.002800881862640381,True
17,1751,1784807848.3412921,8,0.022139310836791992,0.002767413854598999,True
17,1752,1784807848.3638997,8,0.017499446868896484,0.0021874308586120605,True
17,1753,1784807848.3821785,8,0.02252650260925293,0.002815812826156616,True
17,1754,1784807848.4051533,8,0.018825531005859375,0.002353191375732422,True
17,1755,1784807848.424298,8,0.020128250122070312,0.002516031265258789,True
17,1756,1784807848.4449015,8,0.021293163299560547,0.0026616454124450684,True
17,1757,1784807848.4665976,8,0.019257068634033203,0.0024071335792541504,True
17,1758,1784807848.4861658,8,0.020059823989868164,0.0025074779987335205,True
17,1759,1784807848.506526,8,0.02235245704650879,0.0027940571308135986,True
17,1760,1784807848.529217,8,0.020864009857177734,0.002608001232147217,True
17,1761,1784807848.5505178,8,0.020580768585205078,0.0025725960731506348,True
17,1762,1784807848.5720532,8,0.02028799057006836,0.002535998821258545,True
17,1763,1784807848.5926979,8,0.020212888717651367,0.002526611089706421,True
17,1764,1784807848.6133084,8,0.02147531509399414,0.0026844143867492676,True
17,1765,1784807848.635152,8,0.01942920684814453,0.0024286508560180664,True
17,1766,1784807848.6549585,8,0.020783424377441406,0.0025979280471801758,True
17,1767,1784807848.6760921,8,0.02032780647277832,0.00254097580909729,True
17,1768,1784807848.6970546,8,0.019538164138793945,0.002442270517349243,True
17,1769,1784807848.7169225,8,0.019739151000976562,0.0024673938751220703,True
17,1770,1784807848.7369378,8,0.019594669342041016,0.002449333667755127,True
17,1771,1784807848.7568579,8,0.022447586059570312,0.002805948257446289,True
17,1772,1784807848.7801425,8,0.019271135330200195,0.0024088919162750244,True
17,1773,1784807848.799844,8,0.02089238166809082,0.0026115477085113525,True
17,1774,1784807848.8211043,8,0.020253896713256836,0.0025317370891571045,True
17,1775,1784807848.8417666,8,0.018757104873657227,0.0023446381092071533,True
17,1776,1784807848.8609073,8,0.020080089569091797,0.0025100111961364746,True
17,1777,1784807848.8812726,8,0.021681785583496094,0.0027102231979370117,True
17,1778,1784807848.9033105,8,0.020461559295654297,0.002557694911956787,True
17,1779,1784807848.9240708,8,0.019847869873046875,0.0024809837341308594,True
17,1780,1784807848.9445195,8,0.02034616470336914,0.0025432705879211426,True
17,1781,1784807848.9652245,8,0.021281719207763672,0.002660214900970459,True
17,1782,1784807848.9868567,8,0.02055191993713379,0.0025689899921417236,True
17,1783,1784807849.0076911,8,0.01969313621520996,0.002461642026901245,True
17,1784,1784807849.0278215,8,0.020737648010253906,0.0025922060012817383,True
17,1785,1784807849.0490756,8,0.01998305320739746,0.0024978816509246826,True
17,1786,1784807849.0694292,8,0.0213778018951416,0.0026722252368927,True
17,1787,1784807849.0911918,8,0.018077373504638672,0.002259671688079834,True
17,1788,1784807849.1095965,8,0.020860910415649414,0.0026076138019561768,True
17,1789,1784807849.1307185,8,0.019701242446899414,0.0024626553058624268,True
17,1790,1784807849.150692,8,0.020290613174438477,0.0025363266468048096,True
17,1791,1784807849.1713603,8,0.019778966903686523,0.0024723708629608154,True
17,1792,1784807849.1914058,8,0.020029306411743164,0.0025036633014678955,True
17,1793,1784807849.2117612,8,0.019819974899291992,0.002477496862411499,True
17,1794,1784807849.2319353,8,0.020691633224487305,0.002586454153060913,True
17,1795,1784807849.2528982,8,0.018869400024414062,0.002358675003051758,True
17,1796,1784807849.272177,8,0.018292665481567383,0.002286583185195923,True
17,1797,1784807849.2908735,8,0.020132064819335938,0.002516508102416992,True
17,1798,1784807849.3114045,8,0.020484209060668945,0.002560526132583618,True
17,1799,1784807849.3323486,8,0.019282817840576172,0.0024103522300720215,True
17,1800,1784807849.352159,8,0.0203554630279541,0.0025444328784942627,True
17,1801,1784807849.3735447,8,0.020175933837890625,0.002521991729736328,True
17,1802,1784807849.3946972,8,0.018500566482543945,0.002312570810317993,True
17,1803,1784807849.4135864,8,0.02000713348388672,0.00250089168548584,True
17,1804,1784807849.4342148,8,0.021217823028564453,0.0026522278785705566,True
17,1805,1784807849.4560375,8,0.018904924392700195,0.0023631155490875244,True
17,1806,1784807849.4753766,8,0.02098822593688965,0.002623528242111206,True
17,1807,1784807849.4966772,8,0.020821571350097656,0.002602696418762207,True
17,1808,1784807849.5178256,8,0.0209197998046875,0.0026149749755859375,True
17,1809,1784807849.5393953,8,0.01923537254333496,0.00240442156791687,True
17,1810,1784807849.5593855,8,0.019252538681030273,0.002406567335128784,True
17,1811,1784807849.5800967,8,0.019495725631713867,0.0024369657039642334,True
17,1812,1784807849.6003573,8,0.019725799560546875,0.0024657249450683594,True
17,1813,1784807849.620398,8,0.01954793930053711,0.0024434924125671387,True
17,1814,1784807849.640483,8,0.022204875946044922,0.0027756094932556152,True
17,1815,1784807849.6631894,8,0.023073673248291016,0.002884209156036377,True
17,1816,1784807849.6873288,8,0.022251129150390625,0.002781391143798828,True
17,1817,1784807849.7100525,8,0.018886804580688477,0.0023608505725860596,True
17,1818,1784807849.7295272,8,0.021930456161499023,0.002741307020187378,True
17,1819,1784807849.7519732,8,0.021739721298217773,0.0027174651622772217,True
17,1820,1784807849.7740145,8,0.019048213958740234,0.0023810267448425293,True
17,1821,1784807849.7934718,8,0.019989967346191406,0.0024987459182739258,True
17,1822,1784807849.8137724,8,0.019733190536499023,0.002466648817062378,True
17,1823,1784807849.8338363,8,0.019268035888671875,0.0024085044860839844,True
17,1824,1784807849.8537638,8,0.02035045623779297,0.002543807029724121,True
17,1825,1784807849.874467,8,0.020488739013671875,0.0025610923767089844,True
17,1826,1784807849.8952456,8,0.019373416900634766,0.0024216771125793457,True
17,1827,1784807849.9150891,8,0.01745915412902832,0.00218239426612854,True
17,1828,1784807849.9331174,8,0.019349098205566406,0.0024186372756958008,True
17,1829,1784807849.952806,8,0.021289587020874023,0.002661198377609253,True
17,1830,1784807849.9746099,8,0.020269155502319336,0.002533644437789917,True
17,1831,1784807849.9955459,8,0.020778417587280273,0.002597302198410034,True
17,1832,1784807850.0168188,8,0.02070331573486328,0.00258791446685791,True
17,1833,1784807850.0378702,8,0.020267486572265625,0.002533435821533203,True
17,1834,1784807850.0584428,8,0.020154237747192383,0.002519279718399048,True
17,1835,1784807850.0792136,8,0.019417762756347656,0.002427220344543457,True
17,1836,1784807850.0998368,8,0.021769285202026367,0.002721160650253296,True
17,1837,1784807850.1220064,8,0.020633935928344727,0.002579241991043091,True
17,1838,1784807850.1431882,8,0.01884770393371582,0.0023559629917144775,True
17,1839,1784807850.1624486,8,0.02066779136657715,0.0025834739208221436,True
17,1840,1784807850.1834524,8,0.01875925064086914,0.0023449063301086426,True
17,1841,1784807850.2025669,8,0.01967144012451172,0.002458930015563965,True
17,1842,1784807850.2227018,8,0.01993584632873535,0.002491980791091919,True
17,1843,1784807850.243094,8,0.01916217803955078,0.0023952722549438477,True
17,1844,1784807850.2625787,8,0.02098679542541504,0.00262334942817688,True
17,1845,1784807850.2838726,8,0.02086353302001953,0.0026079416275024414,True
17,1846,1784807850.3053844,8,0.021760225296020508,0.0027200281620025635,True
17,1847,1784807850.3279617,8,0.020816326141357422,0.0026020407676696777,True
17,1848,1784807850.3493476,8,0.018069028854370117,0.0022586286067962646,True
17,1849,1784807850.3679006,8,0.019466638565063477,0.0024333298206329346,True
17,1850,1784807850.387703,8,0.018434762954711914,0.0023043453693389893,True
17,1851,1784807850.4064758,8,0.019235849380493164,0.0024044811725616455,True
17,1852,1784807850.4260569,8,0.019063711166381836,0.0023829638957977295,True
17,1853,1784807850.4454625,8,0.018065214157104492,0.0022581517696380615,True
17,1854,1784807850.4638116,8,0.018595457077026367,0.002324432134628296,True
17,1855,1784807850.4827917,8,0.018540382385253906,0.0023175477981567383,True
17,1856,1784807850.501583,8,0.018309354782104492,0.0022886693477630615,True
17,1857,1784807850.5205863,8,0.020160675048828125,0.0025200843811035156,True
17,1858,1784807850.5411744,8,0.017659425735473633,0.002207428216934204,True
17,1859,1784807850.5595367,8,0.0196533203125,0.0024566650390625,True
17,1860,1784807850.5796,8,0.020077943801879883,0.0025097429752349854,True
17,1861,1784807850.6001425,8,0.01878213882446289,0.0023477673530578613,True
17,1862,1784807850.6192977,8,0.01946282386779785,0.0024328529834747314,True
17,1863,1784807850.6390538,8,0.020186662673950195,0.0025233328342437744,True
17,1864,1784807850.6595967,8,0.018913984298706055,0.002364248037338257,True
17,1865,1784807850.6789804,8,0.019538402557373047,0.002442300319671631,True
17,1866,1784807850.6988869,8,0.01871013641357422,0.0023387670516967773,True
17,1867,1784807850.7178843,8,0.019544363021850586,0.0024430453777313232,True
17,1868,1784807850.7380764,8,0.019610166549682617,0.002451270818710327,True
17,1869,1784807850.7580411,8,0.0190427303314209,0.0023803412914276123,True
17,1870,1784807850.7773707,8,0.0203707218170166,0.002546340227127075,True
17,1871,1784807850.798117,8,0.02066516876220703,0.002583146095275879,True
17,1872,1784807850.819135,8,0.019467830657958984,0.002433478832244873,True
17,1873,1784807850.8388839,8,0.021457910537719727,0.002682238817214966,True
17,1874,1784807850.86074,8,0.020413875579833984,0.002551734447479248,True
17,1875,1784807850.8814502,8,0.021657466888427734,0.002707183361053467,True
17,1876,1784807850.9033823,8,0.020169496536254883,0.0025211870670318604,True
17,1877,1784807850.923833,8,0.018635034561157227,0.0023293793201446533,True
17,1878,1784807850.9427507,8,0.020639419555664062,0.002579927444458008,True
17,1879,1784807850.9638422,8,0.02171492576599121,0.0027143657207489014,True
17,1880,1784807850.9859624,8,0.02100658416748047,0.0026258230209350586,True
17,1881,1784807851.0073576,8,0.01984858512878418,0.0024810731410980225,True
17,1882,1784807851.027683,8,0.021454811096191406,0.0026818513870239258,True
17,1883,1784807851.0494866,8,0.02107071876525879,0.0026338398456573486,True
17,1884,1784807851.0708897,8,0.018764257431030273,0.002345532178878784,True
17,1885,1784807851.0900366,8,0.019919872283935547,0.0024899840354919434,True
17,1886,1784807851.1102908,8,0.01885366439819336,0.00235670804977417,True
17,1887,1784807851.1295166,8,0.02084040641784668,0.002605050802230835,True
17,1888,1784807851.1508784,8,0.02005767822265625,0.0025072097778320312,True
17,1889,1784807851.1713345,8,0.02026057243347168,0.00253257155418396,True
17,1890,1784807851.1920435,8,0.02047562599182129,0.002559453248977661,True
17,1891,1784807851.21291,8,0.020555734634399414,0.0025694668292999268,True
17,1892,1784807851.233861,8,0.019751310348510742,0.0024689137935638428,True
17,1893,1784807851.2539008,8,0.018210887908935547,0.0022763609886169434,True
17,1894,1784807851.272437,8,0.020387649536132812,0.0025484561920166016,True
17,1895,1784807851.2931452,8,0.019721031188964844,0.0024651288986206055,True
17,1896,1784807851.3132768,8,0.01853632926940918,0.0023170411586761475,True
17,1897,1784807851.3321433,8,0.019677162170410156,0.0024596452713012695,True
17,1898,1784807851.352129,8,0.01917862892150879,0.0023973286151885986,True
17,1899,1784807851.3717964,8,0.018243789672851562,0.0022804737091064453,True
17,1900,1784807851.3903208,8,0.0195310115814209,0.0024413764476776123,True
17,1901,1784807851.4102514,8,0.020339488983154297,0.002542436122894287,True
17,1902,1784807851.4309647,8,0.024242401123046875,0.0030303001403808594,True
17,1903,1784807851.4568403,8,0.018513917922973633,0.002314239740371704,True
17,1904,1784807851.4757898,8,0.0220034122467041,0.0027504265308380127,True
17,1905,1784807851.498094,8,0.017537355422973633,0.002192169427871704,True
17,1906,1784807851.5159447,8,0.022545814514160156,0.0028182268142700195,True
17,1907,1784807851.5389235,8,0.018854618072509766,0.0023568272590637207,True
17,1908,1784807851.558157,8,0.018314361572265625,0.002289295196533203,True
17,1909,1784807851.577678,8,0.022841453552246094,0.0028551816940307617,True
17,1910,1784807851.601008,8,0.021559476852416992,0.002694934606552124,True
17,1911,1784807851.6239429,8,0.018821239471435547,0.0023526549339294434,True
17,1912,1784807851.6434455,8,0.020766019821166992,0.002595752477645874,True
17,1913,1784807851.6646502,8,0.020435571670532227,0.0025544464588165283,True
17,1914,1784807851.6862202,8,0.019566774368286133,0.0024458467960357666,True
17,1915,1784807851.7069433,8,0.018382787704467773,0.0022978484630584717,True
17,1916,1784807851.7266793,8,0.0186002254486084,0.00232502818107605,True
17,1917,1784807851.7463264,8,0.018449783325195312,0.002306222915649414,True
17,1918,1784807851.7651296,8,0.017714738845825195,0.0022143423557281494,True
17,1919,1784807851.7833083,8,0.019315242767333984,0.002414405345916748,True
17,1920,1784807851.8030806,8,0.02047419548034668,0.002559274435043335,True
17,1921,1784807851.823904,8,0.019468307495117188,0.0024335384368896484,True
17,1922,1784807851.8439057,8,0.019559860229492188,0.0024449825286865234,True
17,1923,1784807851.8637998,8,0.020259380340576172,0.0025324225425720215,True
17,1924,1784807851.8844423,8,0.019724130630493164,0.0024655163288116455,True
17,1925,1784807851.904501,8,0.019179105758666992,0.002397388219833374,True
17,1926,1784807851.924648,8,0.0204317569732666,0.002553969621658325,True
17,1927,1784807851.9454587,8,0.019342899322509766,0.0024178624153137207,True
17,1928,1784807851.9652026,8,0.020914793014526367,0.002614349126815796,True
17,1929,1784807851.9864223,8,0.01944279670715332,0.002430349588394165,True
17,1930,1784807852.0062146,8,0.020388126373291016,0.002548515796661377,True
17,1931,1784807852.0269015,8,0.018648147583007812,0.0023310184478759766,True
17,1932,1784807852.0460002,8,0.01995992660522461,0.002494990825653076,True
17,1933,1784807852.0662696,8,0.020231246948242188,0.0025289058685302734,True
17,1934,1784807852.0868826,8,0.02001357078552246,0.0025016963481903076,True
17,1935,1784807852.107205,8,0.021741867065429688,0.002717733383178711,True
17,1936,1784807852.1292794,8,0.020243406295776367,0.002530425786972046,True
17,1937,1784807852.1498318,8,0.019646883010864258,0.0024558603763580322,True
17,1938,1784807852.1698353,8,0.019249677658081055,0.002406209707260132,True
17,1939,1784807852.1894863,8,0.020786285400390625,0.002598285675048828,True
17,1940,1784807852.2109592,8,0.018441438674926758,0.0023051798343658447,True
17,1941,1784807852.2297647,8,0.019166946411132812,0.0023958683013916016,True
17,1942,1784807852.249263,8,0.020249605178833008,0.002531200647354126,True
17,1943,1784807852.270421,8,0.02206897735595703,0.002758622169494629,True
17,1944,1784807852.2930086,8,0.0194551944732666,0.002431899309158325,True
17,1945,1784807852.3129208,8,0.01945805549621582,0.0024322569370269775,True
17,1946,1784807852.3326805,8,0.019185543060302734,0.002398192882537842,True
17,1947,1784807852.352386,8,0.01997852325439453,0.0024973154067993164,True
17,1948,1784807852.3729172,8,0.019355297088623047,0.002419412136077881,True
17,1949,1784807852.392546,8,0.02000141143798828,0.002500176429748535,True
17,1950,1784807852.4128282,8,0.01967310905456543,0.0024591386318206787,True
17,1951,1784807852.4328885,8,0.01892685890197754,0.0023658573627471924,True
17,1952,1784807852.4523053,8,0.019312143325805664,0.002414017915725708,True
17,1953,1784807852.4721172,8,0.020712614059448242,0.0025890767574310303,True
17,1954,1784807852.4937093,8,0.020470142364501953,0.002558767795562744,True
17,1955,1784807852.514479,8,0.019273996353149414,0.0024092495441436768,True
17,1956,1784807852.534322,8,0.01941227912902832,0.00242653489112854,True
17,1957,1784807852.5542293,8,0.020151376724243164,0.0025189220905303955,True
17,1958,1784807852.5751905,8,0.023267030715942383,0.002908378839492798,True
17,1959,1784807852.5988085,8,0.019901275634765625,0.002487659454345703,True
17,1960,1784807852.6192174,8,0.02033090591430664,0.00254136323928833,True
17,1961,1784807852.6402988,8,0.020150184631347656,0.002518773078918457,True
17,1962,1784807852.6608262,8,0.019396543502807617,0.002424567937850952,True
17,1963,1784807852.6807914,8,0.019955873489379883,0.0024944841861724854,True
17,1964,1784807852.7011437,8,0.018526554107666016,0.002315819263458252,True
17,1965,1784807852.7201698,8,0.020955324172973633,0.002619415521621704,True
17,1966,1784807852.7415533,8,0.01962590217590332,0.002453237771987915,True
17,1967,1784807852.7615712,8,0.02154684066772461,0.002693355083465576,True
17,1968,1784807852.7835176,8,0.019983530044555664,0.002497941255569458,True
17,1969,1784807852.8039153,8,0.02064228057861328,0.00258028507232666,True
17,1970,1784807852.8249493,8,0.020041227340698242,0.0025051534175872803,True
17,1971,1784807852.845375,8,0.020287752151489258,0.0025359690189361572,True
17,1972,1784807852.8661678,8,0.019168853759765625,0.002396106719970703,True
17,1973,1784807852.8858576,8,0.019991397857666016,0.002498924732208252,True
17,1974,1784807852.906218,8,0.019574880599975586,0.0024468600749969482,True
17,1975,1784807852.9261503,8,0.020306110382080078,0.0025382637977600098,True
17,1976,1784807852.9467263,8,0.01943373680114746,0.0024292171001434326,True
17,1977,1784807852.9664445,8,0.02155900001525879,0.0026948750019073486,True
17,1978,1784807852.98911,8,0.018643617630004883,0.0023304522037506104,True
17,1979,1784807853.008326,8,0.02096271514892578,0.0026203393936157227,True
17,1980,1784807853.0296285,8,0.021675586700439453,0.0027094483375549316,True
17,1981,1784807853.051635,8,0.01885676383972168,0.00235709547996521,True
17,1982,1784807853.0712986,8,0.020626544952392578,0.0025783181190490723,True
17,1983,1784807853.0924294,8,0.021473169326782227,0.0026841461658477783,True
17,1984,1784807853.1142972,8,0.020124435424804688,0.002515554428100586,True
17,1985,1784807853.1358144,8,0.02012920379638672,0.00251615047454834,True
17,1986,1784807853.156273,8,0.02020740509033203,0.002525925636291504,True
17,1987,1784807853.177096,8,0.021559715270996094,0.0026949644088745117,True
17,1988,1784807853.1994145,8,0.02141261100769043,0.0026765763759613037,True
17,1989,1784807853.2214727,8,0.02061319351196289,0.0025766491889953613,True
17,1990,1784807853.2424538,8,0.01920461654663086,0.0024005770683288574,True
17,1991,1784807853.2620564,8,0.019251108169555664,0.002406388521194458,True
17,1992,1784807853.2816389,8,0.018912315368652344,0.002364039421081543,True
17,1993,1784807853.3009157,8,0.019729137420654297,0.002466142177581787,True
17,1994,1784807853.3210073,8,0.020730257034301758,0.0025912821292877197,True
17,1995,1784807853.3421578,8,0.020263671875,0.002532958984375,True
17,1996,1784807853.363002,8,0.020079612731933594,0.0025099515914916992,True
17,1997,1784807853.3834443,8,0.01992034912109375,0.0024900436401367188,True
17,1998,1784807853.4036696,8,0.020720481872558594,0.0025900602340698242,True
17,1999,1784807853.425081,8,0.019334793090820312,0.002416849136352539,True
17,2000,1784807853.4448748,8,0.02028489112854004,0.002535611391067505,True
17,2001,1784807853.4658813,8,0.021509647369384766,0.0026887059211730957,True
17,2002,1784807853.487951,8,0.019425392150878906,0.0024281740188598633,True
17,2003,1784807853.5086586,8,0.020420551300048828,0.0025525689125061035,True
17,2004,1784807853.529775,8,0.022279739379882812,0.0027849674224853516,True
17,2005,1784807853.5527031,8,0.021088838577270508,0.0026361048221588135,True
17,2006,1784807853.574626,8,0.019339799880981445,0.0024174749851226807,True
17,2007,1784807853.5947251,8,0.019562721252441406,0.0024453401565551758,True
17,2008,1784807853.6147356,8,0.021578311920166016,0.002697288990020752,True
17,2009,1784807853.6370115,8,0.02027106285095215,0.0025338828563690186,True
17,2010,1784807853.6577163,8,0.02051711082458496,0.00256463885307312,True
17,2011,1784807853.6791337,8,0.019308090209960938,0.002413511276245117,True
17,2012,1784807853.6987524,8,0.02145528793334961,0.002681910991668701,True
17,2013,1784807853.7205164,8,0.01892828941345215,0.0023660361766815186,True
17,2014,1784807853.7404544,8,0.0211184024810791,0.0026398003101348877,True
17,2015,1784807853.7619233,8,0.020717144012451172,0.0025896430015563965,True
17,2016,1784807853.783722,8,0.020734071731567383,0.002591758966445923,True
17,2017,1784807853.8048065,8,0.02004384994506836,0.002505481243133545,True
17,2018,1784807853.825178,8,0.019535064697265625,0.002441883087158203,True
17,2019,1784807853.8450072,8,0.020157814025878906,0.0025197267532348633,True
17,2020,1784807853.8654776,8,0.02104043960571289,0.0026300549507141113,True
17,2021,1784807853.8868303,8,0.018368244171142578,0.0022960305213928223,True
17,2022,1784807853.9055088,8,0.019051790237426758,0.0023814737796783447,True
17,2023,1784807853.9248545,8,0.020206689834594727,0.002525836229324341,True
17,2024,1784807853.9453666,8,0.020290136337280273,0.002536267042160034,True
17,2025,1784807853.966013,8,0.019121170043945312,0.002390146255493164,True
17,2026,1784807853.9857206,8,0.020073413848876953,0.002509176731109619,True
17,2027,1784807854.0062535,8,0.02213120460510254,0.0027664005756378174,True
17,2028,1784807854.028768,8,0.020155668258666992,0.002519458532333374,True
17,2029,1784807854.0493662,8,0.019173622131347656,0.002396702766418457,True
17,2030,1784807854.0687988,8,0.019337177276611328,0.002417147159576416,True
17,2031,1784807854.0887167,8,0.018704652786254883,0.0023380815982818604,True
17,2032,1784807854.1078281,8,0.020132064819335938,0.002516508102416992,True
17,2033,1784807854.128317,8,0.018942832946777344,0.002367854118347168,True
17,2034,1784807854.1479342,8,0.019413471221923828,0.0024266839027404785,True
17,2035,1784807854.1676428,8,0.020724773406982422,0.0025905966758728027,True
17,2036,1784807854.1888673,8,0.019587278366088867,0.0024484097957611084,True
17,2037,1784807854.2090456,8,0.019779205322265625,0.002472400665283203,True
17,2038,1784807854.229137,8,0.019801616668701172,0.0024752020835876465,True
17,2039,1784807854.2494109,8,0.021093368530273438,0.0026366710662841797,True
17,2040,1784807854.2709818,8,0.019593000411987305,0.002449125051498413,True
17,2041,1784807854.2912047,8,0.025263309478759766,0.0031579136848449707,True
17,2042,1784807854.3171546,8,0.01917886734008789,0.0023973584175109863,True
17,2043,1784807854.3366497,8,0.019079208374023438,0.0023849010467529297,True
17,2044,1784807854.35668,8,0.021316051483154297,0.002664506435394287,True
17,2045,1784807854.3784049,8,0.021010637283325195,0.0026263296604156494,True
17,2046,1784807854.4000654,8,0.01914834976196289,0.0023935437202453613,True
17,2047,1784807854.42022,8,0.023200035095214844,0.0029000043869018555,True
17,2048,1784807854.4446695,8,0.0176999568939209,0.0022124946117401123,True
17,2049,1784807854.4627721,8,0.021205663681030273,0.002650707960128784,True
17,2050,1784807854.4843526,8,0.019450902938842773,0.0024313628673553467,True
17,2051,1784807854.5041857,8,0.022740840911865234,0.0028426051139831543,True
17,2052,1784807854.5278127,8,0.02092146873474121,0.0026151835918426514,True
17,2053,1784807854.5497732,8,0.017814159393310547,0.0022267699241638184,True
17,2054,1784807854.5683591,8,0.021052122116088867,0.0026315152645111084,True
17,2055,1784807854.5901034,8,0.019817590713500977,0.002477198839187622,True
17,2056,1784807854.6103523,8,0.020986318588256836,0.0026232898235321045,True
17,2057,1784807854.6324015,8,0.020902395248413086,0.0026127994060516357,True
17,2058,1784807854.653671,8,0.01937389373779297,0.002421736717224121,True
17,2059,1784807854.6733756,8,0.018949031829833984,0.002368628978729248,True
17,2060,1784807854.6926455,8,0.02175617218017578,0.0027195215225219727,True
17,2061,1784807854.7147436,8,0.02006220817565918,0.0025077760219573975,True
17,2062,1784807854.7352688,8,0.020659685134887695,0.002582460641860962,True
17,2063,1784807854.7563276,8,0.01920461654663086,0.0024005770683288574,True
17,2064,1784807854.776513,8,0.019757747650146484,0.0024697184562683105,True
17,2065,1784807854.796631,8,0.020916223526000977,0.002614527940750122,True
17,2066,1784807854.8178406,8,0.0203857421875,0.0025482177734375,True
17,2067,1784807854.8385823,8,0.01976490020751953,0.0024706125259399414,True
17,2068,1784807854.8587327,8,0.023436307907104492,0.0029295384883880615,True
17,2069,1784807854.8828561,8,0.022510051727294922,0.0028137564659118652,True
17,2070,1784807854.9056692,8,0.01952219009399414,0.0024402737617492676,True
17,2071,1784807854.925489,8,0.019055843353271484,0.0023819804191589355,True
17,2072,1784807854.9448566,8,0.021414995193481445,0.0026768743991851807,True
17,2073,1784807854.9666417,8,0.019653797149658203,0.0024567246437072754,True
17,2074,1784807854.986588,8,0.02105259895324707,0.002631574869155884,True
17,2075,1784807855.0080485,8,0.01954507827758789,0.0024431347846984863,True
17,2076,1784807855.0279288,8,0.020242691040039062,0.002530336380004883,True
17,2077,1784807855.048768,8,0.021677255630493164,0.0027096569538116455,True
17,2078,1784807855.0708504,8,0.021067380905151367,0.002633422613143921,True
17,2079,1784807855.0923429,8,0.020284414291381836,0.0025355517864227295,True
17,2080,1784807855.1130667,8,0.018457889556884766,0.0023072361946105957,True
17,2081,1784807855.1318512,8,0.019763946533203125,0.0024704933166503906,True
17,2082,1784807855.1520722,8,0.018501996994018555,0.0023127496242523193,True
17,2083,1784807855.170969,8,0.021051406860351562,0.0026314258575439453,True
17,2084,1784807855.1924567,8,0.02225208282470703,0.002781510353088379,True
17,2085,1784807855.21505,8,0.02012038230895996,0.002515047788619995,True
17,2086,1784807855.235588,8,0.018370866775512695,0.002296358346939087,True
17,2087,1784807855.2542882,8,0.019623279571533203,0.0024529099464416504,True
17,2088,1784807855.2742422,8,0.020247697830200195,0.0025309622287750244,True
17,2089,1784807855.2948523,8,0.02041459083557129,0.002551823854446411,True
17,2090,1784807855.3156972,8,0.019632339477539062,0.002454042434692383,True
17,2091,1784807855.3356628,8,0.01944732666015625,0.0024309158325195312,True
17,2092,1784807855.3556483,8,0.019112825393676758,0.0023891031742095947,True
17,2093,1784807855.3750942,8,0.020318031311035156,0.0025397539138793945,True
17,2094,1784807855.3956945,8,0.020156145095825195,0.0025195181369781494,True
17,2095,1784807855.4161391,8,0.018910646438598633,0.002363830804824829,True
17,2096,1784807855.4356558,8,0.019704341888427734,0.002463042736053467,True
17,2097,1784807855.4557123,8,0.019515275955200195,0.0024394094944000244,True
17,2098,1784807855.4756966,8,0.020154714584350586,0.0025193393230438232,True
17,2099,1784807855.4962556,8,0.02291393280029297,0.002864241600036621,True
17,2100,1784807855.519548,8,0.01815032958984375,0.0022687911987304688,True
17,2101,1784807855.5379777,8,0.019601106643676758,0.0024501383304595947,True
17,2102,1784807855.557993,8,0.020595312118530273,0.002574414014816284,True
17,2103,1784807855.5789204,8,0.02030491828918457,0.0025381147861480713,True
17,2104,1784807855.5996745,8,0.021472692489624023,0.002684086561203003,True
17,2105,1784807855.6219852,8,0.018634557723999023,0.002329319715499878,True
17,2106,1784807855.6411898,8,0.017937421798706055,0.002242177724838257,True
17,2107,1784807855.6594062,8,0.021301746368408203,0.0026627182960510254,True
17,2108,1784807855.6822722,8,0.020357370376586914,0.0025446712970733643,True
17,2109,1784807855.703831,8,0.018098115921020508,0.0022622644901275635,True
17,2110,1784807855.7231395,8,0.019621610641479492,0.0024527013301849365,True
17,2111,1784807855.743461,8,0.020808696746826172,0.0026010870933532715,True
17,2112,1784807855.7645855,8,0.019412755966186523,0.0024265944957733154,True
17,2113,1784807855.7843604,8,0.02076864242553711,0.0025960803031921387,True
17,2114,1784807855.8055165,8,0.019043922424316406,0.0023804903030395508,True
17,2115,1784807855.825018,8,0.019287824630737305,0.002410978078842163,True
17,2116,1784807855.844702,8,0.01901388168334961,0.002376735210418701,True
17,2117,1784807855.8640625,8,0.01868128776550293,0.002335160970687866,True
17,2118,1784807855.8830695,8,0.020571470260620117,0.0025714337825775146,True
17,2119,1784807855.9039512,8,0.02153182029724121,0.0026914775371551514,True
17,2120,1784807855.925954,8,0.019407033920288086,0.0024258792400360107,True
17,2121,1784807855.9462016,8,0.021607637405395508,0.0027009546756744385,True
17,2122,1784807855.9683943,8,0.019269227981567383,0.002408653497695923,True
17,2123,1784807855.9879498,8,0.023103713989257812,0.0028879642486572266,True
17,2124,1784807856.011344,8,0.018281221389770508,0.0022851526737213135,True
17,2125,1784807856.0298893,8,0.02005147933959961,0.002506434917449951,True
17,2126,1784807856.0502796,8,0.02186894416809082,0.0027336180210113525,True
17,2127,1784807856.0724692,8,0.019735336303710938,0.002466917037963867,True
17,2128,1784807856.0926065,8,0.020282268524169922,0.0025352835655212402,True
17,2129,1784807856.1131637,8,0.019965648651123047,0.002495706081390381,True
17,2130,1784807856.1335137,8,0.01884770393371582,0.0023559629917144775,True
17,2131,1784807856.1527398,8,0.019775390625,0.002471923828125,True
17,2132,1784807856.172933,8,0.019432783126831055,0.002429097890853882,True
17,2133,1784807856.1926742,8,0.018613338470458984,0.002326667308807373,True
17,2134,1784807856.2117162,8,0.02000141143798828,0.002500176429748535,True
17,2135,1784807856.2323928,8,0.02021932601928711,0.0025274157524108887,True
17,2136,1784807856.253073,8,0.01985955238342285,0.0024824440479278564,True
17,2137,1784807856.2736135,8,0.019120454788208008,0.002390056848526001,True
17,2138,1784807856.2931118,8,0.020551204681396484,0.0025689005851745605,True
17,2139,1784807856.3140917,8,0.02125835418701172,0.002657294273376465,True
17,2140,1784807856.3356967,8,0.019162654876708984,0.002395331859588623,True
17,2141,1784807856.3552155,8,0.019495725631713867,0.0024369657039642334,True
17,2142,1784807856.3751047,8,0.02047896385192871,0.002559870481491089,True
17,2143,1784807856.3960445,8,0.019221067428588867,0.0024026334285736084,True
17,2144,1784807856.415526,8,0.020793676376342773,0.0025992095470428467,True
17,2145,1784807856.4366617,8,0.019950389862060547,0.0024937987327575684,True
17,2146,1784807856.456982,8,0.020257949829101562,0.0025322437286376953,True
17,2147,1784807856.477503,8,0.020900487899780273,0.002612560987472534,True
17,2148,1784807856.4987257,8,0.019990205764770508,0.0024987757205963135,True
17,2149,1784807856.5194476,8,0.020224332809448242,0.0025280416011810303,True
17,2150,1784807856.5405128,8,0.020840883255004883,0.0026051104068756104,True
17,2151,1784807856.5616753,8,0.019589900970458984,0.002448737621307373,True
17,2152,1784807856.5834334,8,0.019023895263671875,0.0023779869079589844,True
17,2153,1784807856.6030822,8,0.019658565521240234,0.0024573206901550293,True
17,2154,1784807856.623386,8,0.023218631744384766,0.0029023289680480957,True
17,2155,1784807856.6469536,8,0.018906354904174805,0.0023632943630218506,True
17,2156,1784807856.666228,8,0.020056962966918945,0.002507120370864868,True
17,2157,1784807856.6866386,8,0.01897883415222168,0.00237235426902771,True
17,2158,1784807856.7059634,8,0.02007317543029785,0.0025091469287872314,True
17,2159,1784807856.7264132,8,0.021851778030395508,0.0027314722537994385,True
17,2160,1784807856.7486618,8,0.01914811134338379,0.0023935139179229736,True
17,2161,1784807856.7682176,8,0.020175457000732422,0.0025219321250915527,True
17,2162,1784807856.7887876,8,0.018892765045166016,0.002361595630645752,True
17,2163,1784807856.8080792,8,0.020982980728149414,0.0026228725910186768,True
17,2164,1784807856.8293924,8,0.0201570987701416,0.0025196373462677,True
17,2165,1784807856.849942,8,0.020935535430908203,0.0026169419288635254,True
17,2166,1784807856.8712075,8,0.017682552337646484,0.0022103190422058105,True
17,2167,1784807856.8894782,8,0.020399093627929688,0.002549886703491211,True
17,2168,1784807856.9101903,8,0.019906044006347656,0.002488255500793457,True
17,2169,1784807856.9304316,8,0.020897388458251953,0.002612173557281494,True
17,2170,1784807856.9516869,8,0.021061182022094727,0.002632647752761841,True
17,2171,1784807856.9737682,8,0.01957082748413086,0.0024463534355163574,True
17,2172,1784807856.9936993,8,0.019884586334228516,0.0024855732917785645,True
17,2173,1784807857.013941,8,0.020520687103271484,0.0025650858879089355,True
17,2174,1784807857.0348952,8,0.01819157600402832,0.00227394700050354,True
17,2175,1784807857.053576,8,0.02028942108154297,0.002536177635192871,True
17,2176,1784807857.0742807,8,0.020560503005981445,0.0025700628757476807,True
17,2177,1784807857.095278,8,0.019741535186767578,0.0024676918983459473,True
17,2178,1784807857.1154377,8,0.019669055938720703,0.002458631992340088,True
17,2179,1784807857.1354017,8,0.021065711975097656,0.002633213996887207,True
17,2180,1784807857.1568427,8,0.021785974502563477,0.0027232468128204346,True
17,2181,1784807857.1803703,8,0.019513607025146484,0.0024392008781433105,True
17,2182,1784807857.2002099,8,0.02052617073059082,0.0025657713413238525,True
17,2183,1784807857.2210906,8,0.020354747772216797,0.0025443434715270996,True
17,2184,1784807857.2417843,8,0.020676612854003906,0.0025845766067504883,True
17,2185,1784807857.2628021,8,0.021918535232543945,0.002739816904067993,True
17,2186,1784807857.2850046,8,0.01804208755493164,0.002255260944366455,True
17,2187,1784807857.3034332,8,0.019208431243896484,0.0024010539054870605,True
17,2188,1784807857.3230674,8,0.02017998695373535,0.002522498369216919,True
17,2189,1784807857.3438056,8,0.019643068313598633,0.002455383539199829,True
17,2190,1784807857.3644357,8,0.019721269607543945,0.002465158700942993,True
17,2191,1784807857.384531,8,0.022038698196411133,0.0027548372745513916,True
17,2192,1784807857.4074802,8,0.02108287811279297,0.002635359764099121,True
17,2193,1784807857.4289806,8,0.020137310028076172,0.0025171637535095215,True
17,2194,1784807857.4494832,8,0.020655393600463867,0.0025819242000579834,True
17,2195,1784807857.4707,8,0.019885540008544922,0.0024856925010681152,True
17,2196,1784807857.4922132,8,0.019789457321166992,0.002473682165145874,True
17,2197,1784807857.512325,8,0.020818471908569336,0.002602308988571167,True
17,2198,1784807857.533458,8,0.019845008850097656,0.002480626106262207,True
17,2199,1784807857.553614,8,0.020244836807250977,0.002530604600906372,True
17,2200,1784807857.5742083,8,0.02317214012145996,0.002896517515182495,True
17,2201,1784807857.5978143,8,0.019942760467529297,0.002492845058441162,True
17,2202,1784807857.6184711,8,0.020774126052856445,0.0025967657566070557,True
17,2203,1784807857.63968,8,0.020596742630004883,0.0025745928287506104,True
17,2204,1784807857.6608105,8,0.020175457000732422,0.0025219321250915527,True
17,2205,1784807857.6818402,8,0.020985841751098633,0.002623230218887329,True
17,2206,1784807857.7034996,8,0.022060871124267578,0.0027576088905334473,True
17,2207,1784807857.727335,8,0.018516063690185547,0.0023145079612731934,True
17,2208,1784807857.7464225,8,0.022430896759033203,0.0028038620948791504,True
17,2209,1784807857.7691774,8,0.02020740509033203,0.002525925636291504,True
17,2210,1784807857.7897034,8,0.02130866050720215,0.0026635825634002686,True
17,2211,1784807857.81144,8,0.01966094970703125,0.0024576187133789062,True
17,2212,1784807857.8317435,8,0.02006673812866211,0.0025083422660827637,True
17,2213,1784807857.8524523,8,0.019072532653808594,0.0023840665817260742,True
17,2214,1784807857.8722017,8,0.021697998046875,0.002712249755859375,True
17,2215,1784807857.8942857,8,0.020554065704345703,0.002569258213043213,True
17,2216,1784807857.915407,8,0.01990795135498047,0.0024884939193725586,True
17,2217,1784807857.935628,8,0.020345687866210938,0.002543210983276367,True
17,2218,1784807857.9563928,8,0.01881718635559082,0.0023521482944488525,True
17,2219,1784807857.9758105,8,0.020638227462768555,0.0025797784328460693,True
17,2220,1784807857.9969904,8,0.01997971534729004,0.002497464418411255,True
17,2221,1784807858.0176046,8,0.020384788513183594,0.0025480985641479492,True
17,2222,1784807858.038562,8,0.018926620483398438,0.0023658275604248047,True
17,2223,1784807858.0579941,8,0.0217897891998291,0.0027237236499786377,True
17,2224,1784807858.0801759,8,0.021308183670043945,0.002663522958755493,True
17,2225,1784807858.102108,8,0.02123546600341797,0.002654433250427246,True
17,2226,1784807858.1239202,8,0.01967477798461914,0.0024593472480773926,True
17,2227,1784807858.1441224,8,0.022292137145996094,0.0027865171432495117,True
17,2228,1784807858.1667352,8,0.01978468894958496,0.00247308611869812,True
17,2229,1784807858.1868548,8,0.019795894622802734,0.002474486827850342,True
17,2230,1784807858.207008,8,0.020231962203979492,0.0025289952754974365,True
17,2231,1784807858.2275727,8,0.019992351531982422,0.0024990439414978027,True
17,2232,1784807858.2485738,8,0.019440650939941406,0.0024300813674926758,True
17,2233,1784807858.2684715,8,0.019388198852539062,0.002423524856567383,True
17,2234,1784807858.2886677,8,0.020775556564331055,0.002596944570541382,True
17,2235,1784807858.309874,8,0.02251291275024414,0.0028141140937805176,True
17,2236,1784807858.332899,8,0.01981806755065918,0.0024772584438323975,True
17,2237,1784807858.3529727,8,0.01960277557373047,0.0024503469467163086,True
17,2238,1784807858.372913,8,0.019181489944458008,0.002397686243057251,True
17,2239,1784807858.3928113,8,0.02128434181213379,0.0026605427265167236,True
17,2240,1784807858.4150207,8,0.020532608032226562,0.0025665760040283203,True
17,2241,1784807858.4360635,8,0.020183563232421875,0.0025229454040527344,True
17,2242,1784807858.4569006,8,0.020863056182861328,0.002607882022857666,True
17,2243,1784807858.478099,8,0.02035045623779297,0.002543807029724121,True
17,2244,1784807858.4989529,8,0.020146608352661133,0.0025183260440826416,True
17,2245,1784807858.5196342,8,0.02160954475402832,0.00270119309425354,True
17,2246,1784807858.541643,8,0.02061009407043457,0.0025762617588043213,True
17,2247,1784807858.562685,8,0.018816232681274414,0.0023520290851593018,True
17,2248,1784807858.5821798,8,0.021288156509399414,0.0026610195636749268,True
17,2249,1784807858.6043167,8,0.020073890686035156,0.0025092363357543945,True
17,2250,1784807858.6252763,8,0.020426273345947266,0.002553284168243408,True
17,2251,1784807858.647158,8,0.020591259002685547,0.0025739073753356934,True
17,2252,1784807858.6686695,8,0.019313335418701172,0.0024141669273376465,True
17,2253,1784807858.68893,8,0.018033742904663086,0.0022542178630828857,True
17,2254,1784807858.7073994,8,0.018771886825561523,0.0023464858531951904,True
17,2255,1784807858.7265422,8,0.022401809692382812,0.0028002262115478516,True
17,2256,1784807858.749457,8,0.01943039894104004,0.002428799867630005,True
17,2257,1784807858.7695181,8,0.02003931999206543,0.0025049149990081787,True
17,2258,1784807858.7899756,8,0.01940464973449707,0.002425581216812134,True
17,2259,1784807858.8102727,8,0.021436691284179688,0.002679586410522461,True
17,2260,1784807858.832149,8,0.021858692169189453,0.0027323365211486816,True
17,2261,1784807858.8547633,8,0.020658493041992188,0.0025823116302490234,True
17,2262,1784807858.8762736,8,0.01969766616821289,0.0024622082710266113,True
17,2263,1784807858.8968174,8,0.021248579025268555,0.0026560723781585693,True
17,2264,1784807858.9184022,8,0.020516395568847656,0.002564549446105957,True
17,2265,1784807858.9398582,8,0.01959824562072754,0.0024497807025909424,True
17,2266,1784807858.9601672,8,0.024214982986450195,0.0030268728733062744,True
17,2267,1784807858.9848714,8,0.02066516876220703,0.002583146095275879,True
17,2268,1784807859.0062387,8,0.0186920166015625,0.0023365020751953125,True
17,2269,1784807859.0258965,8,0.01906871795654297,0.002383589744567871,True
17,2270,1784807859.0455258,8,0.02006220817565918,0.0025077760219573975,True
17,2271,1784807859.0665817,8,0.018380165100097656,0.002297520637512207,True
17,2272,1784807859.0852973,8,0.019711732864379883,0.0024639666080474854,True
17,2273,1784807859.10544,8,0.02161407470703125,0.0027017593383789062,True
17,2274,1784807859.1273866,8,0.018725872039794922,0.0023407340049743652,True
17,2275,1784807859.1465304,8,0.021522998809814453,0.0026903748512268066,True
17,2276,1784807859.1685913,8,0.020333528518676758,0.0025416910648345947,True
17,2277,1784807859.189242,8,0.01936507225036621,0.0024206340312957764,True
17,2278,1784807859.2089336,8,0.021496295928955078,0.0026870369911193848,True
17,2279,1784807859.2307887,8,0.020348548889160156,0.0025435686111450195,True
17,2280,1784807859.251475,8,0.018758296966552734,0.002344787120819092,True
17,2281,1784807859.2705064,8,0.023530244827270508,0.0029412806034088135,True
17,2282,1784807859.2943993,8,0.020467758178710938,0.002558469772338867,True
17,2283,1784807859.3153362,8,0.019518136978149414,0.0024397671222686768,True
17,2284,1784807859.3354013,8,0.01987433433532715,0.0024842917919158936,True
17,2285,1784807859.3557665,8,0.019320964813232422,0.0024151206016540527,True
17,2286,1784807859.375764,8,0.021336078643798828,0.0026670098304748535,True
17,2287,1784807859.3981094,8,0.018674612045288086,0.0023343265056610107,True
17,2288,1784807859.417141,8,0.0196230411529541,0.0024528801441192627,True
17,2289,1784807859.4372797,8,0.019648313522338867,0.0024560391902923584,True
17,2290,1784807859.4572642,8,0.024445295333862305,0.003055661916732788,True
17,2291,1784807859.4821017,8,0.018574237823486328,0.002321779727935791,True
17,2292,1784807859.5009694,8,0.01874089241027832,0.00234261155128479,True
17,2293,1784807859.520243,8,0.021822214126586914,0.0027277767658233643,True
17,2294,1784807859.5437243,8,0.01999664306640625,0.0024995803833007812,True
17,2295,1784807859.5647433,8,0.02046489715576172,0.002558112144470215,True
17,2296,1784807859.5856957,8,0.019678354263305664,0.002459794282913208,True
17,2297,1784807859.6056988,8,0.019609928131103516,0.0024512410163879395,True
17,2298,1784807859.6257064,8,0.02134847640991211,0.0026685595512390137,True
17,2299,1784807859.6474423,8,0.02011251449584961,0.002514064311981201,True
17,2300,1784807859.6681805,8,0.02051234245300293,0.002564042806625366,True
17,2301,1784807859.6890712,8,0.019542932510375977,0.002442866563796997,True
17,2302,1784807859.708933,8,0.02031111717224121,0.0025388896465301514,True
17,2303,1784807859.7295904,8,0.021044492721557617,0.002630561590194702,True
17,2304,1784807859.751034,8,0.019237279891967773,0.0024046599864959717,True
17,2305,1784807859.7711172,8,0.019884347915649414,0.0024855434894561768,True
17,2306,1784807859.7916565,8,0.0200808048248291,0.0025101006031036377,True
17,2307,1784807859.81216,8,0.019786596298217773,0.0024733245372772217,True
17,2308,1784807859.8328345,8,0.018970251083374023,0.002371281385421753,True
17,2309,1784807859.8521936,8,0.021432876586914062,0.002679109573364258,True
17,2310,1784807859.8744032,8,0.019934892654418945,0.002491861581802368,True
17,2311,1784807859.8947897,8,0.019312143325805664,0.002414017915725708,True
17,2312,1784807859.9144373,8,0.02022385597229004,0.002527981996536255,True
17,2313,1784807859.935907,8,0.019342660903930664,0.002417832612991333,True
17,2314,1784807859.9558778,8,0.021245718002319336,0.002655714750289917,True
17,2315,1784807859.9774446,8,0.018896102905273438,0.0023620128631591797,True
17,2316,1784807859.9969935,8,0.01999354362487793,0.002499192953109741,True
17,2317,1784807860.0174873,8,0.021041393280029297,0.002630174160003662,True
17,2318,1784807860.038941,8,0.020687341690063477,0.0025859177112579346,True
17,2319,1784807860.060124,8,0.020171165466308594,0.0025213956832885742,True
17,2320,1784807860.0815814,8,0.02023625373840332,0.002529531717300415,True
17,2321,1784807860.1022851,8,0.021368026733398438,0.0026710033416748047,True
17,2322,1784807860.1246614,8,0.0198211669921875,0.0024776458740234375,True
17,2323,1784807860.1448588,8,0.020203590393066406,0.0025254487991333008,True
17,2324,1784807860.1653664,8,0.020665645599365234,0.0025832056999206543,True
17,2325,1784807860.1863554,8,0.023373126983642578,0.0029216408729553223,True
17,2326,1784807860.210064,8,0.02133965492248535,0.002667456865310669,True
17,2327,1784807860.2319229,8,0.01911759376525879,0.0023896992206573486,True
17,2328,1784807860.2515433,8,0.019536256790161133,0.0024420320987701416,True
17,2329,1784807860.2720876,8,0.018968820571899414,0.0023711025714874268,True
17,2330,1784807860.2915123,8,0.019083261489868164,0.0023854076862335205,True
17,2331,1784807860.3109202,8,0.02021932601928711,0.0025274157524108887,True
17,2332,1784807860.3314672,8,0.019512176513671875,0.0024390220642089844,True
17,2333,1784807860.3513603,8,0.021503210067749023,0.002687901258468628,True
17,2334,1784807860.3735228,8,0.01932668685913086,0.0024158358573913574,True
17,2335,1784807860.393265,8,0.020698070526123047,0.002587258815765381,True
17,2336,1784807860.4142683,8,0.020541667938232422,0.0025677084922790527,True
17,2337,1784807860.4356468,8,0.02054762840270996,0.002568453550338745,True
17,2338,1784807860.4565682,8,0.02124953269958496,0.00265619158744812,True
17,2339,1784807860.4781003,8,0.019033432006835938,0.002379179000854492,True
17,2340,1784807860.4975033,8,0.01919269561767578,0.0023990869522094727,True
17,2341,1784807860.5171602,8,0.020573854446411133,0.0025717318058013916,True
17,2342,1784807860.538235,8,0.02019667625427246,0.0025245845317840576,True
17,2343,1784807860.5590162,8,0.02051067352294922,0.0025638341903686523,True
17,2344,1784807860.5798743,8,0.020822763442993164,0.0026028454303741455,True
17,2345,1784807860.6010494,8,0.01957845687866211,0.0024473071098327637,True
17,2346,1784807860.6210387,8,0.01932525634765625,0.0024156570434570312,True
17,2347,1784807860.6413522,8,0.020549535751342773,0.0025686919689178467,True
17,2348,1784807860.6623821,8,0.020529985427856445,0.0025662481784820557,True
17,2349,1784807860.6833887,8,0.01999664306640625,0.0024995803833007812,True
17,2350,1784807860.7037685,8,0.02071666717529297,0.002589583396911621,True
17,2351,1784807860.7249112,8,0.02197885513305664,0.00274735689163208,True
17,2352,1784807860.7477298,8,0.019799232482910156,0.0024749040603637695,True
17,2353,1784807860.7683127,8,0.023236513137817383,0.002904564142227173,True
17,2354,1784807860.7919202,8,0.01973891258239746,0.0024673640727996826,True
17,2355,1784807860.8127072,8,0.01910686492919922,0.0023883581161499023,True
17,2356,1784807860.8323274,8,0.020171403884887695,0.002521425485610962,True
17,2357,1784807860.8528094,8,0.020436525344848633,0.002554565668106079,True
17,2358,1784807860.8735032,8,0.019472122192382812,0.0024340152740478516,True
17,2359,1784807860.893512,8,0.01863884925842285,0.0023298561573028564,True
17,2360,1784807860.9126806,8,0.021786928176879883,0.0027233660221099854,True
17,2361,1784807860.934784,8,0.02161383628845215,0.0027017295360565186,True
17,2362,1784807860.9567454,8,0.01835775375366211,0.0022947192192077637,True
17,2363,1784807860.9755716,8,0.022349119186401367,0.002793639898300171,True
17,2364,1784807860.9984374,8,0.01877903938293457,0.0023473799228668213,True
17,2365,1784807861.017567,8,0.02124476432800293,0.002655595541000366,True
17,2366,1784807861.039236,8,0.019682645797729492,0.0024603307247161865,True
17,2367,1784807861.0593817,8,0.019949913024902344,0.002493739128112793,True
17,2368,1784807861.0796704,8,0.020142793655395508,0.0025178492069244385,True
17,2369,1784807861.1002672,8,0.01923537254333496,0.00240442156791687,True
17,2370,1784807861.1199195,8,0.02123713493347168,0.00265464186668396,True
17,2371,1784807861.1427693,8,0.022940397262573242,0.0028675496578216553,True
17,2372,1784807861.1661112,8,0.022895336151123047,0.002861917018890381,True
17,2373,1784807861.1897604,8,0.01913928985595703,0.002392411231994629,True
17,2374,1784807861.2095823,8,0.019648313522338867,0.0024560391902923584,True
17,2375,1784807861.2300317,8,0.0205533504486084,0.00256916880607605,True
17,2376,1784807861.250868,8,0.019908905029296875,0.0024886131286621094,True
17,2377,1784807861.2711077,8,0.01847243309020996,0.002309054136276245,True
17,2378,1784807861.2899249,8,0.022543668746948242,0.0028179585933685303,True
17,2379,1784807861.3131185,8,0.020052671432495117,0.0025065839290618896,True
17,2380,1784807861.3334756,8,0.019525766372680664,0.002440720796585083,True
17,2381,1784807861.3534117,8,0.02186751365661621,0.0027334392070770264,True
17,2382,1784807861.3758206,8,0.02149510383605957,0.0026868879795074463,True
17,2383,1784807861.3975983,8,0.023906230926513672,0.002988278865814209,True
17,2384,1784807861.4217696,8,0.016915559768676758,0.0021144449710845947,True
17,2385,1784807861.4389615,8,0.021032333374023438,0.0026290416717529297,True
17,2386,1784807861.4604356,8,0.023424148559570312,0.002928018569946289,True
17,2387,1784807861.4845312,8,0.01992630958557129,0.002490788698196411,True
17,2388,1784807861.5051892,8,0.021198511123657227,0.0026498138904571533,True
17,2389,1784807861.5270753,8,0.020827770233154297,0.002603471279144287,True
17,2390,1784807861.548487,8,0.019205808639526367,0.002400726079940796,True
17,2391,1784807861.5688004,8,0.018716812133789062,0.002339601516723633,True
17,2392,1784807861.588147,8,0.018929004669189453,0.0023661255836486816,True
17,2393,1784807861.60787,8,0.019878387451171875,0.0024847984313964844,True
17,2394,1784807861.628238,8,0.01893329620361328,0.00236666202545166,True
17,2395,1784807861.647538,8,0.022232770919799805,0.0027790963649749756,True
17,2396,1784807861.670138,8,0.021062135696411133,0.0026327669620513916,True
17,2397,1784807861.6916301,8,0.01976633071899414,0.0024707913398742676,True
17,2398,1784807861.7118075,8,0.01902174949645996,0.002377718687057495,True
17,2399,1784807861.7316837,8,0.019355058670043945,0.002419382333755493,True
17,2400,1784807861.7519298,8,0.020214557647705078,0.0025268197059631348,True
17,2401,1784807861.7730682,8,0.01996588706970215,0.0024957358837127686,True
17,2402,1784807861.7934186,8,0.019985437393188477,0.0024981796741485596,True
17,2403,1784807861.813744,8,0.021874666213989258,0.0027343332767486572,True
17,2404,1784807861.8361063,8,0.022267818450927734,0.002783477306365967,True
17,2405,1784807861.859712,8,0.02057194709777832,0.00257149338722229,True
17,2406,1784807861.88098,8,0.021713972091674805,0.0027142465114593506,True
17,2407,1784807861.903339,8,0.01897144317626953,0.0023714303970336914,True
17,2408,1784807861.9231074,8,0.02010035514831543,0.0025125443935394287,True
17,2409,1784807861.9440725,8,0.022438764572143555,0.0028048455715179443,True
17,2410,1784807861.9671528,8,0.0201871395111084,0.00252339243888855,True
17,2411,1784807861.987645,8,0.019875049591064453,0.0024843811988830566,True
17,2412,1784807862.0077817,8,0.022633075714111328,0.002829134464263916,True
17,2413,1784807862.0311992,8,0.018518686294555664,0.002314835786819458,True
17,2414,1784807862.0500638,8,0.019359111785888672,0.002419888973236084,True
17,2415,1784807862.070876,8,0.020062923431396484,0.0025078654289245605,True
17,2416,1784807862.091254,8,0.020595550537109375,0.002574443817138672,True
17,2417,1784807862.112263,8,0.021757125854492188,0.0027196407318115234,True
17,2418,1784807862.1351202,8,0.019052982330322266,0.002381622791290283,True
17,2419,1784807862.1546054,8,0.023036956787109375,0.002879619598388672,True
17,2420,1784807862.177978,8,0.020075082778930664,0.002509385347366333,True
17,2421,1784807862.1984258,8,0.019175052642822266,0.002396881580352783,True
17,2422,1784807862.2179248,8,0.018754005432128906,0.0023442506790161133,True
17,2423,1784807862.2370944,8,0.022226333618164062,0.002778291702270508,True
17,2424,1784807862.2596827,8,0.02243804931640625,0.0028047561645507812,True
17,2425,1784807862.2833414,8,0.017161846160888672,0.002145230770111084,True
17,2426,1784807862.3009295,8,0.02006983757019043,0.0025087296962738037,True
17,2427,1784807862.3212655,8,0.020101308822631836,0.0025126636028289795,True
17,2428,1784807862.3416977,8,0.02120208740234375,0.0026502609252929688,True
17,2429,1784807862.3634953,8,0.020127534866333008,0.002515941858291626,True
17,2430,1784807862.3839903,8,0.0187375545501709,0.0023421943187713623,True
17,2431,1784807862.403351,8,0.01943206787109375,0.0024290084838867188,True
17,2432,1784807862.423203,8,0.01858067512512207,0.002322584390640259,True
17,2433,1784807862.4421244,8,0.020350217819213867,0.0025437772274017334,True
17,2434,1784807862.4629095,8,0.019389867782592773,0.0024237334728240967,True
17,2435,1784807862.4825957,8,0.020632505416870117,0.0025790631771087646,True
17,2436,1784807862.5035756,8,0.021239519119262695,0.002654939889907837,True
17,2437,1784807862.525658,8,0.01902914047241211,0.0023786425590515137,True
17,2438,1784807862.5454118,8,0.019095659255981445,0.0023869574069976807,True
17,2439,1784807862.5649614,8,0.018796205520629883,0.0023495256900787354,True
17,2440,1784807862.584332,8,0.01998734474182129,0.002498418092727661,True
17,2441,1784807862.6047885,8,0.020357370376586914,0.0025446712970733643,True
17,2442,1784807862.625928,8,0.020303726196289062,0.002537965774536133,True
17,2443,1784807862.646788,8,0.018801450729370117,0.0023501813411712646,True
17,2444,1784807862.6661713,8,0.019686222076416016,0.002460777759552002,True
17,2445,1784807862.6865983,8,0.01994633674621582,0.0024932920932769775,True
17,2446,1784807862.7068806,8,0.022102832794189453,0.0027628540992736816,True
17,2447,1784807862.7293541,8,0.020307064056396484,0.0025383830070495605,True
17,2448,1784807862.7504091,8,0.020524024963378906,0.0025655031204223633,True
17,2449,1784807862.7717738,8,0.019021272659301758,0.0023776590824127197,True
17,2450,1784807862.7912545,8,0.021322965621948242,0.0026653707027435303,True
17,2451,1784807862.8130555,8,0.01967787742614746,0.0024597346782684326,True
17,2452,1784807862.8330894,8,0.019910097122192383,0.002488762140274048,True
17,2453,1784807862.8538642,8,0.019950389862060547,0.0024937987327575684,True
17,2454,1784807862.8747215,8,0.02053523063659668,0.002566903829574585,True
17,2455,1784807862.89565,8,0.01957082748413086,0.0024463534355163574,True
17,2456,1784807862.9157429,8,0.019047260284423828,0.0023809075355529785,True
17,2457,1784807862.9351277,8,0.020235061645507812,0.0025293827056884766,True
17,2458,1784807862.9558692,8,0.021079540252685547,0.0026349425315856934,True
17,2459,1784807862.9780097,8,0.020694494247436523,0.0025868117809295654,True
17,2460,1784807862.99897,8,0.02208852767944336,0.00276106595993042,True
17,2461,1784807863.0235517,8,0.0183408260345459,0.0022926032543182373,True
17,2462,1784807863.0428698,8,0.020064353942871094,0.0025080442428588867,True
17,2463,1784807863.0632737,8,0.023807048797607422,0.0029758810997009277,True
17,2464,1784807863.0874383,8,0.018723011016845703,0.002340376377105713,True
17,2465,1784807863.1080947,8,0.02028512954711914,0.0025356411933898926,True
17,2466,1784807863.1288476,8,0.018837451934814453,0.0023546814918518066,True
17,2467,1784807863.148077,8,0.020167112350463867,0.0025208890438079834,True
17,2468,1784807863.1687474,8,0.02141427993774414,0.0026767849922180176,True
17,2469,1784807863.1910782,8,0.018654346466064453,0.0023317933082580566,True
17,2470,1784807863.2101612,8,0.02046966552734375,0.0025587081909179688,True
17,2471,1784807863.2310488,8,0.020919322967529297,0.002614915370941162,True
17,2472,1784807863.252725,8,0.021860599517822266,0.002732574939727783,True
17,2473,1784807863.2749913,8,0.021141767501831055,0.002642720937728882,True
17,2474,1784807863.2966201,8,0.020367145538330078,0.0025458931922912598,True
17,2475,1784807863.3180003,8,0.019770145416259766,0.0024712681770324707,True
17,2476,1784807863.3387241,8,0.020570039749145508,0.0025712549686431885,True
17,2477,1784807863.3598688,8,0.02010035514831543,0.0025125443935394287,True
17,2478,1784807863.3806255,8,0.01926898956298828,0.002408623695373535,True
17,2479,1784807863.4005747,8,0.020298004150390625,0.002537250518798828,True
17,2480,1784807863.422788,8,0.019563674926757812,0.0024454593658447266,True
17,2481,1784807863.4429348,8,0.01921701431274414,0.0024021267890930176,True
17,2482,1784807863.4638028,8,0.019262313842773438,0.0024077892303466797,True
17,2483,1784807863.4834192,8,0.021206140518188477,0.0026507675647735596,True
17,2484,1784807863.5051684,8,0.01936817169189453,0.0024210214614868164,True
17,2485,1784807863.5249774,8,0.021577119827270508,0.0026971399784088135,True
17,2486,1784807863.5489464,8,0.01847553253173828,0.002309441566467285,True
17,2487,1784807863.5677414,8,0.019621610641479492,0.0024527013301849365,True
17,2488,1784807863.5877407,8,0.01981639862060547,0.0024770498275756836,True
17,2489,1784807863.6078854,8,0.020617246627807617,0.002577155828475952,True
17,2490,1784807863.6288888,8,0.019838809967041016,0.002479851245880127,True
17,2491,1784807863.64976,8,0.021459102630615234,0.0026823878288269043,True
17,2492,1784807863.6716926,8,0.021820068359375,0.002727508544921875,True
17,2493,1784807863.6953795,8,0.018946409225463867,0.0023683011531829834,True
17,2494,1784807863.7149706,8,0.020073652267456055,0.002509206533432007,True
17,2495,1784807863.735399,8,0.020732641220092773,0.0025915801525115967,True
17,2496,1784807863.7566772,8,0.021045923233032227,0.0026307404041290283,True
17,2497,1784807863.778422,8,0.018489360809326172,0.0023111701011657715,True
17,2498,1784807863.7978547,8,0.021308183670043945,0.002663522958755493,True
17,2499,1784807863.8194675,8,0.01999688148498535,0.002499610185623169,True
17,2500,1784807863.8402805,8,0.021038055419921875,0.0026297569274902344,True
17,2501,1784807863.8616133,8,0.02020430564880371,0.002525538206100464,True
17,2502,1784807863.8822224,8,0.01984262466430664,0.00248032808303833,True
17,2503,1784807863.9026675,8,0.021441221237182617,0.002680152654647827,True
17,2504,1784807863.9250138,8,0.022127151489257812,0.0027658939361572266,True
17,2505,1784807863.9476418,8,0.01945662498474121,0.0024320781230926514,True
17,2506,1784807863.9675765,8,0.020366668701171875,0.0025458335876464844,True
17,2507,1784807863.9887257,8,0.020678997039794922,0.0025848746299743652,True
17,2508,1784807864.0103974,8,0.017980098724365234,0.0022475123405456543,True
17,2509,1784807864.0287666,8,0.019306421279907227,0.0024133026599884033,True
17,2510,1784807864.04872,8,0.021063566207885742,0.0026329457759857178,True
17,2511,1784807864.0710955,8,0.020377635955810547,0.0025472044944763184,True
17,2512,1784807864.0918462,8,0.01891922950744629,0.002364903688430786,True
17,2513,1784807864.1119118,8,0.021359682083129883,0.0026699602603912354,True
17,2514,1784807864.134284,8,0.018917560577392578,0.0023646950721740723,True
17,2515,1784807864.1535358,8,0.02068638801574707,0.002585798501968384,True
17,2516,1784807864.1752238,8,0.018180131912231445,0.0022725164890289307,True
17,2517,1784807864.1940508,8,0.020169496536254883,0.0025211870670318604,True
17,2518,1784807864.21492,8,0.02136969566345215,0.0026712119579315186,True
17,2519,1784807864.2367036,8,0.02029705047607422,0.0025371313095092773,True
17,2520,1784807864.2576554,8,0.02125692367553711,0.0026571154594421387,True
17,2521,1784807864.2792892,8,0.02230548858642578,0.0027881860733032227,True
17,2522,1784807864.3024678,8,0.019840240478515625,0.002480030059814453,True
17,2523,1784807864.3230808,8,0.018745899200439453,0.0023432374000549316,True
17,2524,1784807864.3431063,8,0.020280122756958008,0.002535015344619751,True
17,2525,1784807864.363815,8,0.01904606819152832,0.00238075852394104,True
17,2526,1784807864.3833156,8,0.02015399932861328,0.00251924991607666,True
17,2527,1784807864.4038393,8,0.020708799362182617,0.002588599920272827,True
17,2528,1784807864.4252696,8,0.019733428955078125,0.0024666786193847656,True
17,2529,1784807864.4468968,8,0.017640352249145508,0.0022050440311431885,True
17,2530,1784807864.4648707,8,0.021544933319091797,0.0026931166648864746,True
17,2531,1784807864.4867208,8,0.02057361602783203,0.002571702003479004,True
17,2532,1784807864.5077796,8,0.020064830780029297,0.002508103847503662,True
17,2533,1784807864.528263,8,0.019106388092041016,0.002388298511505127,True
17,2534,1784807864.5476968,8,0.020189523696899414,0.0025236904621124268,True
17,2535,1784807864.5684826,8,0.018233060836791992,0.002279132604598999,True
17,2536,1784807864.5871515,8,0.020780324935913086,0.0025975406169891357,True
17,2537,1784807864.6085036,8,0.02115178108215332,0.002643972635269165,True
17,2538,1784807864.6319532,8,0.018597841262817383,0.002324730157852173,True
17,2539,1784807864.651063,8,0.019666194915771484,0.0024582743644714355,True
17,2540,1784807864.6711402,8,0.020897865295410156,0.0026122331619262695,True
17,2541,1784807864.6923506,8,0.020894765853881836,0.0026118457317352295,True
17,2542,1784807864.7137702,8,0.019968509674072266,0.002496063709259033,True
17,2543,1784807864.7346754,8,0.019895315170288086,0.0024869143962860107,True
17,2544,1784807864.7551,8,0.01956486701965332,0.002445608377456665,True
17,2545,1784807864.7750597,8,0.023260116577148438,0.0029075145721435547,True
17,2546,1784807864.798714,8,0.01918506622314453,0.0023981332778930664,True
17,2547,1784807864.8183217,8,0.020662307739257812,0.0025827884674072266,True
17,2548,1784807864.8397148,8,0.018718719482421875,0.0023398399353027344,True
17,2549,1784807864.8588629,8,0.019742488861083984,0.002467811107635498,True
17,2550,1784807864.879417,8,0.02468276023864746,0.0030853450298309326,True
17,2551,1784807864.904511,8,0.017139196395874023,0.002142399549484253,True
17,2552,1784807864.9220688,8,0.019687414169311523,0.0024609267711639404,True
17,2553,1784807864.9422011,8,0.020333290100097656,0.002541661262512207,True
17,2554,1784807864.9629455,8,0.019765615463256836,0.0024707019329071045,True
17,2555,1784807864.983539,8,0.019821643829345703,0.002477705478668213,True
17,2556,1784807865.0042999,8,0.021434783935546875,0.0026793479919433594,True
17,2557,1784807865.026863,8,0.02000284194946289,0.0025003552436828613,True
17,2558,1784807865.0473204,8,0.019942760467529297,0.002492845058441162,True
17,2559,1784807865.067626,8,0.019188880920410156,0.0023986101150512695,True
17,2560,1784807865.0880609,8,0.021292448043823242,0.0026615560054779053,True
17,2561,1784807865.1097784,8,0.019263029098510742,0.0024078786373138428,True
17,2562,1784807865.1294577,8,0.020144939422607422,0.0025181174278259277,True
17,2563,1784807865.1504722,8,0.017071247100830078,0.0021339058876037598,True
17,2564,1784807865.16812,8,0.02014899253845215,0.0025186240673065186,True
17,2565,1784807865.1891148,8,0.021860361099243164,0.0027325451374053955,True
17,2566,1784807865.2116158,8,0.020381689071655273,0.002547711133956909,True
17,2567,1784807865.232749,8,0.02093982696533203,0.002617478370666504,True
17,2568,1784807865.2541473,8,0.0192868709564209,0.0024108588695526123,True
17,2569,1784807865.2738628,8,0.02085256576538086,0.0026065707206726074,True
17,2570,1784807865.2955616,8,0.02071404457092285,0.0025892555713653564,True
17,2571,1784807865.3173158,8,0.020756959915161133,0.0025946199893951416,True
17,2572,1784807865.338638,8,0.01894688606262207,0.002368360757827759,True
17,2573,1784807865.3583224,8,0.023697376251220703,0.002962172031402588,True
17,2574,1784807865.3825002,8,0.019740819931030273,0.002467602491378784,True
17,2575,1784807865.4026237,8,0.021291017532348633,0.002661377191543579,True
17,2576,1784807865.4249575,8,0.01978325843811035,0.002472907304763794,True
17,2577,1784807865.4453988,8,0.020539045333862305,0.002567380666732788,True
17,2578,1784807865.4664423,8,0.01855611801147461,0.002319514751434326,True
17,2579,1784807865.4854734,8,0.02334904670715332,0.002918630838394165,True
17,2580,1784807865.5095618,8,0.01914072036743164,0.002392590045928955,True
17,2581,1784807865.5303166,8,0.020009756088256836,0.0025012195110321045,True
17,2582,1784807865.5507019,8,0.019712448120117188,0.0024640560150146484,True
17,2583,1784807865.5710688,8,0.020498991012573242,0.0025623738765716553,True
17,2584,1784807865.592216,8,0.022080421447753906,0.0027600526809692383,True
17,2585,1784807865.6146615,8,0.01956915855407715,0.0024461448192596436,True
17,2586,1784807865.6350713,8,0.020494461059570312,0.002561807632446289,True
17,2587,1784807865.657518,8,0.021476268768310547,0.0026845335960388184,True
17,2588,1784807865.6793716,8,0.019880294799804688,0.002485036849975586,True
17,2589,1784807865.701536,8,0.016786575317382812,0.0020983219146728516,True
17,2590,1784807865.7190597,8,0.020145177841186523,0.0025181472301483154,True
17,2591,1784807865.7398236,8,0.02085113525390625,0.0026063919067382812,True
17,2592,1784807865.7611756,8,0.018737316131591797,0.0023421645164489746,True
17,2593,1784807865.7803388,8,0.02037811279296875,0.0025472640991210938,True
17,2594,1784807865.8017588,8,0.018994569778442383,0.002374321222305298,True
17,2595,1784807865.8213956,8,0.020177602767944336,0.002522200345993042,True
17,2596,1784807865.8422441,8,0.020206689834594727,0.002525836229324341,True
17,2597,1784807865.862953,8,0.020879268646240234,0.0026099085807800293,True
17,2598,1784807865.8847466,8,0.01886749267578125,0.0023584365844726562,True
17,2599,1784807865.904165,8,0.01891803741455078,0.0023647546768188477,True
17,2600,1784807865.9235535,8,0.020136356353759766,0.0025170445442199707,True
17,2601,1784807865.9441,8,0.02074909210205078,0.0025936365127563477,True
17,2602,1784807865.965342,8,0.0202333927154541,0.0025291740894317627,True
17,2603,1784807865.9865859,8,0.019830942153930664,0.002478867769241333,True
17,2604,1784807866.0068986,8,0.020407676696777344,0.002550959587097168,True
17,2605,1784807866.0277097,8,0.01802682876586914,0.0022533535957336426,True
17,2606,1784807866.0464358,8,0.0198061466217041,0.0024757683277130127,True
17,2607,1784807866.0667403,8,0.022221088409423828,0.0027776360511779785,True
17,2608,1784807866.0892987,8,0.022020578384399414,0.0027525722980499268,True
17,2609,1784807866.1119993,8,0.017670631408691406,0.0022088289260864258,True
17,2610,1784807866.1301377,8,0.019936084747314453,0.0024920105934143066,True
17,2611,1784807866.1506174,8,0.01864171028137207,0.002330213785171509,True
17,2612,1784807866.1695876,8,0.021735429763793945,0.002716928720474243,True
17,2613,1784807866.191586,8,0.021106719970703125,0.0026383399963378906,True
17,2614,1784807866.2138011,8,0.018252134323120117,0.0022815167903900146,True
17,2615,1784807866.2323916,8,0.022129297256469727,0.002766162157058716,True
17,2616,1784807866.2549984,8,0.019584178924560547,0.0024480223655700684,True
17,2617,1784807866.2751017,8,0.019289731979370117,0.0024112164974212646,True
17,2618,1784807866.2947962,8,0.020194053649902344,0.002524256706237793,True
17,2619,1784807866.3154569,8,0.02048635482788086,0.0025607943534851074,True
17,2620,1784807866.3364027,8,0.02006387710571289,0.0025079846382141113,True
17,2621,1784807866.357129,8,0.02106618881225586,0.0026332736015319824,True
17,2622,1784807866.3785298,8,0.018953323364257812,0.0023691654205322266,True
17,2623,1784807866.398154,8,0.022546768188476562,0.0028183460235595703,True
17,2624,1784807866.4212327,8,0.01961064338684082,0.0024513304233551025,True
17,2625,1784807866.4411871,8,0.019632816314697266,0.002454102039337158,True
17,2626,1784807866.4611833,8,0.021245956420898438,0.0026557445526123047,True
17,2627,1784807866.482731,8,0.02102208137512207,0.002627760171890259,True
17,2628,1784807866.5041316,8,0.02069568634033203,0.002586960792541504,True
17,2629,1784807866.5254087,8,0.021454334259033203,0.0026817917823791504,True
17,2630,1784807866.5478659,8,0.01971435546875,0.00246429443359375,True
17,2631,1784807866.5679672,8,0.02026200294494629,0.002532750368118286,True
17,2632,1784807866.588643,8,0.02197551727294922,0.0027469396591186523,True
17,2633,1784807866.611035,8,0.019134998321533203,0.0023918747901916504,True
17,2634,1784807866.630622,8,0.019724369049072266,0.002465546131134033,True
17,2635,1784807866.6508427,8,0.021152019500732422,0.0026440024375915527,True
17,2636,1784807866.6728315,8,0.022419214248657227,0.0028024017810821533,True
17,2637,1784807866.6957953,8,0.019570112228393555,0.0024462640285491943,True
17,2638,1784807866.7166343,8,0.022688627243041992,0.002836078405380249,True
17,2639,1784807866.7413554,8,0.020432233810424805,0.0025540292263031006,True
17,2640,1784807866.7621624,8,0.020012617111206055,0.002501577138900757,True
17,2641,1784807866.7825205,8,0.019991397857666016,0.002498924732208252,True
17,2642,1784807866.8038259,8,0.022118091583251953,0.002764761447906494,True
17,2643,1784807866.8264625,8,0.020364046096801758,0.0025455057621002197,True
17,2644,1784807866.8472433,8,0.020805835723876953,0.002600729465484619,True
17,2645,1784807866.8698885,8,0.021486997604370117,0.0026858747005462646,True
17,2646,1784807866.8920405,8,0.019234180450439453,0.0024042725563049316,True
17,2647,1784807866.9121308,8,0.019368648529052734,0.002421081066131592,True
17,2648,1784807866.9322476,8,0.021228790283203125,0.0026535987854003906,True
17,2649,1784807866.9542198,8,0.020139217376708984,0.002517402172088623,True
17,2650,1784807866.9751456,8,0.021319866180419922,0.0026649832725524902,True
17,2651,1784807866.9968693,8,0.020467519760131836,0.0025584399700164795,True
17,2652,1784807867.0177991,8,0.02166604995727539,0.002708256244659424,True
17,2653,1784807867.0398278,8,0.019505739212036133,0.0024382174015045166,True
17,2654,1784807867.059652,8,0.018882036209106445,0.0023602545261383057,True
17,2655,1784807867.0790894,8,0.020290374755859375,0.002536296844482422,True
17,2656,1784807867.0998576,8,0.02067279815673828,0.002584099769592285,True
17,2657,1784807867.1218007,8,0.0207674503326416,0.0025959312915802,True
17,2658,1784807867.1428902,8,0.0218660831451416,0.0027332603931427,True
17,2659,1784807867.1653886,8,0.018627405166625977,0.002328425645828247,True
17,2660,1784807867.184441,8,0.019383668899536133,0.0024229586124420166,True
17,2661,1784807867.204242,8,0.02155900001525879,0.0026948750019073486,True
17,2662,1784807867.2262635,8,0.01959228515625,0.00244903564453125,True
17,2663,1784807867.2466338,8,0.018204689025878906,0.0022755861282348633,True
17,2664,1784807867.2653253,8,0.02265191078186035,0.002831488847732544,True
17,2665,1784807867.2909245,8,0.018162965774536133,0.0022703707218170166,True
17,2666,1784807867.3094735,8,0.018792152404785156,0.0023490190505981445,True
17,2667,1784807867.3291,8,0.021067380905151367,0.002633422613143921,True
17,2668,1784807867.3506367,8,0.02037501335144043,0.0025468766689300537,True
17,2669,1784807867.3714705,8,0.021151065826416016,0.002643883228302002,True
17,2670,1784807867.393072,8,0.019833087921142578,0.0024791359901428223,True
17,2671,1784807867.4137397,8,0.019749164581298828,0.0024686455726623535,True
17,2672,1784807867.4337547,8,0.019945144653320312,0.002493143081665039,True
17,2673,1784807867.4542694,8,0.022046566009521484,0.0027558207511901855,True
17,2674,1784807867.4766886,8,0.01906132698059082,0.0023826658725738525,True
17,2675,1784807867.4961572,8,0.01906442642211914,0.0023830533027648926,True
17,2676,1784807867.5160918,8,0.021696805953979492,0.0027121007442474365,True
17,2677,1784807867.538501,8,0.0215451717376709,0.0026931464672088623,True
17,2678,1784807867.5604997,8,0.01796269416809082,0.0022453367710113525,True
17,2679,1784807867.5791464,8,0.020758867263793945,0.002594858407974243,True
17,2680,1784807867.600313,8,0.0213010311126709,0.0026626288890838623,True
17,2681,1784807867.6224635,8,0.01935434341430664,0.00241929292678833,True
17,2682,1784807867.6425529,8,0.01900482177734375,0.0023756027221679688,True
17,2683,1784807867.662323,8,0.019255399703979492,0.0024069249629974365,True
17,2684,1784807867.6819546,8,0.019402503967285156,0.0024253129959106445,True
17,2685,1784807867.7021706,8,0.020816326141357422,0.0026020407676696777,True
17,2686,1784807867.7235022,8,0.022727012634277344,0.002840876579284668,True
17,2687,1784807867.7475915,8,0.021865129470825195,0.0027331411838531494,True
17,2688,1784807867.7708535,8,0.018230199813842773,0.0022787749767303467,True
17,2689,1784807867.7897692,8,0.019872665405273438,0.0024840831756591797,True
17,2690,1784807867.8101466,8,0.021424293518066406,0.0026780366897583008,True
17,2691,1784807867.831955,8,0.021315813064575195,0.0026644766330718994,True
17,2692,1784807867.8536036,8,0.020312070846557617,0.002539008855819702,True
17,2693,1784807867.8742363,8,0.02091193199157715,0.0026139914989471436,True
17,2694,1784807867.8954954,8,0.019356250762939453,0.0024195313453674316,True
17,2695,1784807867.9152179,8,0.020192861557006836,0.0025241076946258545,True
17,2696,1784807867.9357605,8,0.02022719383239746,0.0025283992290496826,True
17,2697,1784807867.9563348,8,0.02059459686279297,0.002574324607849121,True
17,2698,1784807867.97731,8,0.020915746688842773,0.0026144683361053467,True
17,2699,1784807867.9985516,8,0.01967644691467285,0.0024595558643341064,True
17,2700,1784807868.0186217,8,0.019824504852294922,0.0024780631065368652,True
17,2701,1784807868.038827,8,0.019945383071899414,0.0024931728839874268,True
17,2702,1784807868.0594156,8,0.019844770431518555,0.0024805963039398193,True
17,2703,1784807868.0797234,8,0.020167112350463867,0.0025208890438079834,True
17,2704,1784807868.1002882,8,0.02007746696472168,0.00250968337059021,True
17,2705,1784807868.120701,8,0.019603967666625977,0.002450495958328247,True
17,2706,1784807868.1413207,8,0.020213842391967773,0.0025267302989959717,True
17,2707,1784807868.1620464,8,0.01963067054748535,0.002453833818435669,True
17,2708,1784807868.1824853,8,0.020872116088867188,0.0026090145111083984,True
17,2709,1784807868.2038865,8,0.017902612686157227,0.0022378265857696533,True
17,2710,1784807868.2221854,8,0.01977252960205078,0.0024715662002563477,True
17,2711,1784807868.2422814,8,0.019939661026000977,0.002492457628250122,True
17,2712,1784807868.2625535,8,0.019764184951782227,0.0024705231189727783,True
17,2713,1784807868.2827406,8,0.020745038986206055,0.002593129873275757,True
17,2714,1784807868.3038535,8,0.01940751075744629,0.002425938844680786,True
17,2715,1784807868.3235981,8,0.02111530303955078,0.0026394128799438477,True
17,2716,1784807868.345063,8,0.018801450729370117,0.0023501813411712646,True
17,2717,1784807868.3641608,8,0.01968669891357422,0.0024608373641967773,True
17,2718,1784807868.3842382,8,0.02247166633605957,0.0028089582920074463,True
17,2719,1784807868.4069986,8,0.019858360290527344,0.002482295036315918,True
17,2720,1784807868.4273632,8,0.01905059814453125,0.0023813247680664062,True
17,2721,1784807868.4471092,8,0.019823074340820312,0.002477884292602539,True
17,2722,1784807868.4672847,8,0.020584583282470703,0.002573072910308838,True
17,2723,1784807868.4882038,8,0.01831674575805664,0.00228959321975708,True
17,2724,1784807868.5067875,8,0.019766569137573242,0.0024708211421966553,True
17,2725,1784807868.5268686,8,0.020416975021362305,0.002552121877670288,True
17,2726,1784807868.5475748,8,0.02022695541381836,0.002528369426727295,True
17,2727,1784807868.5685575,8,0.018173694610595703,0.002271711826324463,True
17,2728,1784807868.587178,8,0.018935441970825195,0.0023669302463531494,True
17,2729,1784807868.6064942,8,0.020142555236816406,0.0025178194046020508,True
17,2730,1784807868.6271255,8,0.01927351951599121,0.0024091899394989014,True
17,2731,1784807868.6472123,8,0.018850088119506836,0.0023562610149383545,True
17,2732,1784807868.6664143,8,0.02086472511291504,0.00260809063911438,True
17,2733,1784807868.6876357,8,0.019898414611816406,0.0024873018264770508,True
17,2734,1784807868.7079132,8,0.020033836364746094,0.0025042295455932617,True
17,2735,1784807868.7282956,8,0.019971132278442383,0.002496391534805298,True
17,2736,1784807868.7486966,8,0.01855611801147461,0.002319514751434326,True
17,2737,1784807868.7676585,8,0.018270015716552734,0.002283751964569092,True
17,2738,1784807868.786359,8,0.02062249183654785,0.0025778114795684814,True
17,2739,1784807868.807285,8,0.019670963287353516,0.0024588704109191895,True
17,2740,1784807868.8274145,8,0.017903566360473633,0.002237945795059204,True
17,2741,1784807868.8456361,8,0.022248506546020508,0.0027810633182525635,True
17,2742,1784807868.8686936,8,0.018515348434448242,0.0023144185543060303,True
17,2743,1784807868.8877583,8,0.01947474479675293,0.002434343099594116,True
17,2744,1784807868.9075325,8,0.020613908767700195,0.0025767385959625244,True
17,2745,1784807868.9284484,8,0.018706798553466797,0.0023383498191833496,True
17,2746,1784807868.9474792,8,0.0194857120513916,0.00243571400642395,True
17,2747,1784807868.9679847,8,0.02120351791381836,0.002650439739227295,True
17,2748,1784807868.9909286,8,0.016644001007080078,0.0020805001258850098,True
17,2749,1784807869.0079982,8,0.019391536712646484,0.0024239420890808105,True
17,2750,1784807869.0276787,8,0.019577741622924805,0.0024472177028656006,True
17,2751,1784807869.048158,8,0.01935863494873047,0.0024198293685913086,True
17,2752,1784807869.067859,8,0.02052783966064453,0.0025659799575805664,True
17,2753,1784807869.0886815,8,0.020852088928222656,0.002606511116027832,True
17,2754,1784807869.1105556,8,0.02392268180847168,0.00299033522605896,True
17,2755,1784807869.13477,8,0.020484209060668945,0.002560526132583618,True
17,2756,1784807869.1556106,8,0.020825624465942383,0.002603203058242798,True
17,2757,1784807869.1768074,8,0.01940155029296875,0.0024251937866210938,True
17,2758,1784807869.1965954,8,0.020546436309814453,0.0025683045387268066,True
17,2759,1784807869.217536,8,0.018957853317260742,0.0023697316646575928,True
17,2760,1784807869.2368896,8,0.019574642181396484,0.0024468302726745605,True
17,2761,1784807869.2568626,8,0.021714210510253906,0.0027142763137817383,True
17,2762,1784807869.2788682,8,0.019870758056640625,0.002483844757080078,True
17,2763,1784807869.2992527,8,0.0198976993560791,0.0024872124195098877,True
17,2764,1784807869.3194413,8,0.018372297286987305,0.002296537160873413,True
17,2765,1784807869.3381135,8,0.020540952682495117,0.0025676190853118896,True
17,2766,1784807869.359,8,0.020233154296875,0.002529144287109375,True
17,2767,1784807869.3797345,8,0.021438121795654297,0.002679765224456787,True
17,2768,1784807869.4018688,8,0.019036054611206055,0.002379506826400757,True
17,2769,1784807869.421435,8,0.01949286460876465,0.002436608076095581,True
17,2770,1784807869.4412608,8,0.0210263729095459,0.0026282966136932373,True
17,2771,1784807869.4633198,8,0.01863384246826172,0.002329230308532715,True
17,2772,1784807869.4824064,8,0.019472360610961914,0.0024340450763702393,True
17,2773,1784807869.5023444,8,0.019317626953125,0.002414703369140625,True
17,2774,1784807869.522207,8,0.02145218849182129,0.002681523561477661,True
17,2775,1784807869.5440457,8,0.020721435546875,0.002590179443359375,True
17,2776,1784807869.5652018,8,0.019880294799804688,0.002485036849975586,True
17,2777,1784807869.5854998,8,0.018717288970947266,0.002339661121368408,True
17,2778,1784807869.6047394,8,0.019535303115844727,0.002441912889480591,True
17,2779,1784807869.624793,8,0.020322561264038086,0.0025403201580047607,True
17,2780,1784807869.6456044,8,0.02029895782470703,0.002537369728088379,True
17,2781,1784807869.6662488,8,0.019953250885009766,0.0024941563606262207,True
17,2782,1784807869.686667,8,0.020337343215942383,0.002542167901992798,True
17,2783,1784807869.707654,8,0.019447803497314453,0.0024309754371643066,True
17,2784,1784807869.7277024,8,0.019580364227294922,0.0024475455284118652,True
17,2785,1784807869.7476356,8,0.01947188377380371,0.002433985471725464,True
17,2786,1784807869.7676241,8,0.02000737190246582,0.0025009214878082275,True
17,2787,1784807869.7880821,8,0.019095659255981445,0.0023869574069976807,True
17,2788,1784807869.8076131,8,0.02118396759033203,0.002647995948791504,True
17,2789,1784807869.8292892,8,0.019569873809814453,0.0024462342262268066,True
17,2790,1784807869.8492,8,0.020035743713378906,0.0025044679641723633,True
17,2791,1784807869.869598,8,0.02156853675842285,0.0026960670948028564,True
17,2792,1784807869.8919656,8,0.02136850357055664,0.00267106294631958,True
17,2793,1784807869.9166756,8,0.016634225845336914,0.0020792782306671143,True
17,2794,1784807869.933641,8,0.020913362503051758,0.0026141703128814697,True
17,2795,1784807869.9549308,8,0.02083277702331543,0.0026040971279144287,True
17,2796,1784807869.9761205,8,0.019917964935302734,0.002489745616912842,True
17,2797,1784807869.996469,8,0.02029109001159668,0.002536386251449585,True
17,2798,1784807870.0171177,8,0.02002239227294922,0.0025027990341186523,True
17,2799,1784807870.0381308,8,0.019318103790283203,0.0024147629737854004,True
17,2800,1784807870.0580823,8,0.018023967742919922,0.0022529959678649902,True
17,2801,1784807870.0770137,8,0.019913196563720703,0.002489149570465088,True
17,2802,1784807870.0976026,8,0.02097034454345703,0.002621293067932129,True
17,2803,1784807870.119333,8,0.019855499267578125,0.0024819374084472656,True
17,2804,1784807870.139532,8,0.02278447151184082,0.0028480589389801025,True
17,2805,1784807870.1629186,8,0.019151687622070312,0.002393960952758789,True
17,2806,1784807870.1825209,8,0.01859760284423828,0.002324700355529785,True
17,2807,1784807870.2015836,8,0.019504547119140625,0.002438068389892578,True
17,2808,1784807870.2216237,8,0.019205093383789062,0.002400636672973633,True
17,2809,1784807870.2411053,8,0.018877744674682617,0.002359718084335327,True
17,2810,1784807870.2602808,8,0.019968509674072266,0.002496063709259033,True
17,2811,1784807870.2806356,8,0.01951313018798828,0.002439141273498535,True
17,2812,1784807870.3005416,8,0.01987624168395996,0.002484530210494995,True
17,2813,1784807870.3208,8,0.02086663246154785,0.0026083290576934814,True
17,2814,1784807870.3421185,8,0.019732236862182617,0.002466529607772827,True
17,2815,1784807870.3623285,8,0.021256208419799805,0.0026570260524749756,True
17,2816,1784807870.3841681,8,0.01927351951599121,0.0024091899394989014,True
17,2817,1784807870.4042113,8,0.020341157913208008,0.002542644739151001,True
17,2818,1784807870.4250154,8,0.02058720588684082,0.0025734007358551025,True
17,2819,1784807870.4461,8,0.02231574058532715,0.0027894675731658936,True
17,2820,1784807870.468784,8,0.019709110260009766,0.0024636387825012207,True
17,2821,1784807870.488905,8,0.02049112319946289,0.0025613903999328613,True
17,2822,1784807870.5109832,8,0.01965022087097168,0.00245627760887146,True
17,2823,1784807870.53099,8,0.02035355567932129,0.002544194459915161,True
17,2824,1784807870.5518074,8,0.020351171493530273,0.002543896436691284,True
17,2825,1784807870.5724792,8,0.01895761489868164,0.002369701862335205,True
17,2826,1784807870.5917788,8,0.018620014190673828,0.0023275017738342285,True
17,2827,1784807870.6108024,8,0.02102804183959961,0.002628505229949951,True
17,2828,1784807870.632181,8,0.01910686492919922,0.0023883581161499023,True
17,2829,1784807870.6517916,8,0.019983768463134766,0.0024979710578918457,True
17,2830,1784807870.6721323,8,0.020401954650878906,0.0025502443313598633,True
17,2831,1784807870.6929348,8,0.018664121627807617,0.002333015203475952,True
17,2832,1784807870.7126,8,0.02133917808532715,0.0026673972606658936,True
17,2833,1784807870.7349913,8,0.014813899993896484,0.0018517374992370605,True
17,2834,1784807870.7500854,8,0.019321918487548828,0.0024152398109436035,True
17,2835,1784807870.7697763,8,0.019686460494995117,0.0024608075618743896,True
17,2836,1784807870.7897608,8,0.017345905303955078,0.0021682381629943848,True
17,2837,1784807870.8078244,8,0.01882481575012207,0.002353101968765259,True
17,2838,1784807870.826994,8,0.019761085510253906,0.0024701356887817383,True
17,2839,1784807870.8471859,8,0.018485069274902344,0.002310633659362793,True
17,2840,1784807870.8660715,8,0.018657922744750977,0.002332240343093872,True
17,2841,1784807870.8853517,8,0.02158188819885254,0.0026977360248565674,True
17,2842,1784807870.9081814,8,0.01889181137084961,0.002361476421356201,True
17,2843,1784807870.9276574,8,0.02071237564086914,0.0025890469551086426,True
17,2844,1784807870.948779,8,0.019240140914916992,0.002405017614364624,True
17,2845,1784807870.9685612,8,0.0194244384765625,0.0024280548095703125,True
17,2846,1784807870.9883125,8,0.019785642623901367,0.002473205327987671,True
17,2847,1784807871.008752,8,0.019461393356323242,0.0024326741695404053,True
17,2848,1784807871.0285966,8,0.019278526306152344,0.002409815788269043,True
17,2849,1784807871.0485284,8,0.019652843475341797,0.0024566054344177246,True
17,2850,1784807871.0685406,8,0.02047252655029297,0.002559065818786621,True
17,2851,1784807871.0895424,8,0.020009279251098633,0.002501159906387329,True
17,2852,1784807871.1102529,8,0.018790245056152344,0.002348780632019043,True
17,2853,1784807871.129431,8,0.018865585327148438,0.0023581981658935547,True
17,2854,1784807871.1486096,8,0.020003318786621094,0.0025004148483276367,True
17,2855,1784807871.1689434,8,0.017598390579223633,0.002199798822402954,True
17,2856,1784807871.187079,8,0.019819259643554688,0.002477407455444336,True
17,2857,1784807871.2073126,8,0.01626896858215332,0.002033621072769165,True
17,2858,1784807871.224159,8,0.01591634750366211,0.0019895434379577637,True
17,2859,1784807871.241187,8,0.016880035400390625,0.002110004425048828,True
17,2860,1784807871.2593446,8,0.016259193420410156,0.0020323991775512695,True
17,2861,1784807871.276117,8,0.018361568450927734,0.002295196056365967,True
17,2862,1784807871.2949924,8,0.015180826187133789,0.0018976032733917236,True
17,2863,1784807871.3106375,8,0.016596078872680664,0.002074509859085083,True
17,2864,1784807871.3276079,8,0.014439821243286133,0.0018049776554107666,True
17,2865,1784807871.342443,8,0.01817798614501953,0.0022722482681274414,True
17,2866,1784807871.3609676,8,0.014083147048950195,0.0017603933811187744,True
17,2867,1784807871.3756297,8,0.01491236686706543,0.0018640458583831787,True
17,2868,1784807871.391582,8,0.014734745025634766,0.0018418431282043457,True
17,2869,1784807871.4067645,8,0.01332235336303711,0.0016652941703796387,True
17,2870,1784807871.4208307,8,0.016599655151367188,0.0020749568939208984,True
17,2871,1784807871.4378078,8,0.013365030288696289,0.0016706287860870361,True
17,2872,1784807871.4516587,8,0.013263225555419922,0.0016579031944274902,True
17,2873,1784807871.4653857,8,0.013067483901977539,0.0016334354877471924,True
17,2874,1784807871.478816,8,0.012690067291259766,0.0015862584114074707,True
17,2875,1784807871.4924784,8,0.012884140014648438,0.0016105175018310547,True
17,2876,1784807871.5059583,8,0.011705398559570312,0.001463174819946289,True
17,2877,1784807871.5186512,8,0.011507272720336914,0.0014384090900421143,True
17,2878,1784807871.5306082,8,0.01216888427734375,0.0015211105346679688,True
17,2879,1784807871.543755,8,0.012054204940795898,0.0015067756175994873,True
17,2880,1784807871.5567384,8,0.011266231536865234,0.0014082789421081543,True
17,2881,1784807871.5684295,8,0.012413263320922852,0.0015516579151153564,True
17,2882,1784807871.5814297,8,0.01117086410522461,0.0013963580131530762,True
17,2883,1784807871.5931175,8,0.009531021118164062,0.0011913776397705078,True
17,2884,1784807871.6029484,8,0.009543895721435547,0.0011929869651794434,True
17,2885,1784807871.6133535,8,0.010350227355957031,0.001293778419494629,True
17,2886,1784807871.6241443,8,0.011231660842895508,0.0014039576053619385,True
17,2887,1784807871.636653,8,0.007955551147460938,0.0009944438934326172,True
17,2888,1784807871.6452248,8,0.00843191146850586,0.0010539889335632324,True
17,2889,1784807871.6544545,8,0.008315801620483398,0.0010394752025604248,True
17,2890,1784807871.6638656,8,0.00866556167602539,0.0010831952095031738,True
17,2891,1784807871.673645,8,0.008015632629394531,0.0010019540786743164,True
17,2892,1784807871.682219,8,0.010327577590942383,0.0012909471988677979,True
17,2893,1784807871.6930192,8,0.008839845657348633,0.001104980707168579,True
17,2894,1784807871.7022471,8,0.009042024612426758,0.0011302530765533447,True
17,2895,1784807871.7131808,8,0.009326934814453125,0.0011658668518066406,True
17,2896,1784807871.7227557,8,0.009006500244140625,0.0011258125305175781,True
17,2897,1784807871.7320447,8,0.008085012435913086,0.0010106265544891357,True
17,2898,1784807871.7405496,8,0.007445573806762695,0.0009306967258453369,True
17,2899,1784807871.7482839,8,0.008479833602905273,0.0010599792003631592,True
17,2900,1784807871.7572308,8,0.008658409118652344,0.001082301139831543,True
17,2901,1784807871.7664356,8,0.006436347961425781,0.0008045434951782227,True
17,2902,1784807871.7734094,8,0.006953239440917969,0.0008691549301147461,True
17,2903,1784807871.7807493,8,0.006593942642211914,0.0008242428302764893,True
17,2904,1784807871.7887049,8,0.006722211837768555,0.0008402764797210693,True
17,2905,1784807871.7956874,8,0.008692264556884766,0.0010865330696105957,True
17,2906,1784807871.8047018,8,0.008403539657592773,0.0010504424571990967,True
17,2907,1784807871.8135288,8,0.00722503662109375,0.0009031295776367188,True
17,2908,1784807871.8210163,8,0.006450176239013672,0.000806272029876709,True
17,2909,1784807871.8281372,8,0.006093263626098633,0.0007616579532623291,True
17,2910,1784807871.8353715,8,0.005101442337036133,0.0006376802921295166,True
17,2911,1784807871.8407917,8,0.007399082183837891,0.0009248852729797363,True
17,2912,1784807871.8484633,8,0.008807659149169922,0.0011009573936462402,True
17,2913,1784807871.8575437,8,0.009130239486694336,0.001141279935836792,True
17,2914,1784807871.8670187,8,0.007061958312988281,0.0008827447891235352,True
17,2915,1784807871.874426,8,0.009278535842895508,0.0011598169803619385,True
17,2916,1784807871.8854105,8,0.00789785385131836,0.000987231731414795,True
17,2917,1784807871.8938096,8,0.00691676139831543,0.0008645951747894287,True
