process_id,batch_id,timestamp,batch_size,batch_time_seconds,avg_query_time_seconds,success
22,1,1784807955.2595644,8,0.013143539428710938,0.0016429424285888672,True
22,2,1784807955.2905502,8,0.00948953628540039,0.0011861920356750488,True
22,3,1784807955.311315,8,0.011623382568359375,0.0014529228210449219,True
22,4,1784807955.3381698,8,0.008739471435546875,0.0010924339294433594,True
22,5,1784807955.35102,8,0.019275665283203125,0.0024094581604003906,True
22,6,1784807955.3707643,8,0.0192110538482666,0.002401381731033325,True
22,7,1784807955.3909428,8,0.020365476608276367,0.002545684576034546,True
22,8,1784807955.4118931,8,0.020619630813598633,0.002577453851699829,True
22,9,1784807955.4330845,8,0.019092559814453125,0.0023865699768066406,True
22,10,1784807955.4528806,8,0.020117998123168945,0.002514749765396118,True
22,11,1784807955.4744694,8,0.018938541412353516,0.0023673176765441895,True
22,12,1784807955.4941125,8,0.021302461624145508,0.0026628077030181885,True
22,13,1784807955.5158305,8,0.020091772079467773,0.0025114715099334717,True
22,14,1784807955.5365703,8,0.020548343658447266,0.002568542957305908,True
22,15,1784807955.5583737,8,0.01914691925048828,0.002393364906311035,True
22,16,1784807955.5781698,8,0.0201876163482666,0.002523452043533325,True
22,17,1784807955.5989335,8,0.01931929588317871,0.002414911985397339,True
22,18,1784807955.6187303,8,0.020074844360351562,0.0025093555450439453,True
22,19,1784807955.6393511,8,0.021126985549926758,0.0026408731937408447,True
22,20,1784807955.6619406,8,0.019557476043701172,0.0024446845054626465,True
22,21,1784807955.68216,8,0.01821160316467285,0.0022764503955841064,True
22,22,1784807955.7010655,8,0.02204728126525879,0.0027559101581573486,True
22,23,1784807955.7236106,8,0.01911163330078125,0.0023889541625976562,True
22,24,1784807955.7432299,8,0.01941990852355957,0.0024274885654449463,True
22,25,1784807955.7631085,8,0.02296733856201172,0.002870917320251465,True
22,26,1784807955.7867079,8,0.019159317016601562,0.0023949146270751953,True
22,27,1784807955.806359,8,0.020992755889892578,0.0026240944862365723,True
22,28,1784807955.8277693,8,0.02305889129638672,0.00288236141204834,True
22,29,1784807955.8515213,8,0.016819000244140625,0.002102375030517578,True
22,30,1784807955.8687527,8,0.02031707763671875,0.0025396347045898438,True
22,31,1784807955.8896635,8,0.02077484130859375,0.0025968551635742188,True
22,32,1784807955.91086,8,0.019304990768432617,0.002413123846054077,True
22,33,1784807955.9306788,8,0.019250869750976562,0.0024063587188720703,True
22,34,1784807955.9505534,8,0.01886129379272461,0.002357661724090576,True
22,35,1784807955.970644,8,0.01864767074584961,0.002330958843231201,True
22,36,1784807955.989817,8,0.019452810287475586,0.0024316012859344482,True
22,37,1784807956.0098183,8,0.018950462341308594,0.0023688077926635742,True
22,38,1784807956.0292943,8,0.019034147262573242,0.0023792684078216553,True
22,39,1784807956.050469,8,0.020795345306396484,0.0025994181632995605,True
22,40,1784807956.0718791,8,0.019465923309326172,0.0024332404136657715,True
22,41,1784807956.0920353,8,0.021154403686523438,0.0026443004608154297,True
22,42,1784807956.1135976,8,0.019150972366333008,0.002393871545791626,True
22,43,1784807956.1333182,8,0.019458770751953125,0.0024323463439941406,True
22,44,1784807956.153241,8,0.021033287048339844,0.0026291608810424805,True
22,45,1784807956.1747959,8,0.01932692527770996,0.002415865659713745,True
22,46,1784807956.195051,8,0.019583702087402344,0.002447962760925293,True
22,47,1784807956.2151852,8,0.019225358963012695,0.002403169870376587,True
22,48,1784807956.2348387,8,0.020383119583129883,0.0025478899478912354,True
22,49,1784807956.2558942,8,0.0198819637298584,0.0024852454662323,True
22,50,1784807956.2763696,8,0.02031087875366211,0.0025388598442077637,True
22,51,1784807956.297258,8,0.02033543586730957,0.0025419294834136963,True
22,52,1784807956.318227,8,0.0222780704498291,0.0027847588062286377,True
22,53,1784807956.3412578,8,0.018744230270385742,0.0023430287837982178,True
22,54,1784807956.3605664,8,0.019855737686157227,0.0024819672107696533,True
22,55,1784807956.3809109,8,0.018965482711791992,0.002370685338973999,True
22,56,1784807956.4006152,8,0.02486562728881836,0.003108203411102295,True
22,57,1784807956.426543,8,0.016690969467163086,0.0020863711833953857,True
22,58,1784807956.443669,8,0.020810604095458984,0.002601325511932373,True
22,59,1784807956.4650526,8,0.01909017562866211,0.0023862719535827637,True
22,60,1784807956.4846163,8,0.019171953201293945,0.002396494150161743,True
22,61,1784807956.50426,8,0.019873380661010742,0.0024841725826263428,True
22,62,1784807956.5247204,8,0.019572973251342773,0.0024466216564178467,True
22,63,1784807956.544845,8,0.01937556266784668,0.002421945333480835,True
22,64,1784807956.564682,8,0.019935131072998047,0.002491891384124756,True
22,65,1784807956.585098,8,0.019452571868896484,0.0024315714836120605,True
22,66,1784807956.6051292,8,0.020344972610473633,0.002543121576309204,True
22,67,1784807956.626202,8,0.019715070724487305,0.002464383840560913,True
22,68,1784807956.6468601,8,0.019187211990356445,0.0023984014987945557,True
22,69,1784807956.6671956,8,0.022845983505249023,0.002855747938156128,True
22,70,1784807956.6916068,8,0.018769025802612305,0.002346128225326538,True
22,71,1784807956.7108612,8,0.019585371017456055,0.002448171377182007,True
22,72,1784807956.7316887,8,0.020880460739135742,0.0026100575923919678,True
22,73,1784807956.7532156,8,0.020025014877319336,0.002503126859664917,True
22,74,1784807956.774166,8,0.01836848258972168,0.00229606032371521,True
22,75,1784807956.7964652,8,0.01788949966430664,0.00223618745803833,True
22,76,1784807956.814905,8,0.01912689208984375,0.0023908615112304688,True
22,77,1784807956.8345985,8,0.020820140838623047,0.002602517604827881,True
22,78,1784807956.8564014,8,0.01886749267578125,0.0023584365844726562,True
22,79,1784807956.8765821,8,0.0198822021484375,0.0024852752685546875,True
22,80,1784807956.8969984,8,0.020138978958129883,0.0025173723697662354,True
22,81,1784807956.917549,8,0.01984095573425293,0.002480119466781616,True
22,82,1784807956.9378994,8,0.020203351974487305,0.002525418996810913,True
22,83,1784807956.9586422,8,0.019625186920166016,0.002453148365020752,True
22,84,1784807956.9790637,8,0.020380496978759766,0.0025475621223449707,True
22,85,1784807957.0000908,8,0.01967000961303711,0.0024587512016296387,True
22,86,1784807957.0203376,8,0.02189350128173828,0.002736687660217285,True
22,87,1784807957.0426157,8,0.018153905868530273,0.002269238233566284,True
22,88,1784807957.0613437,8,0.019779443740844727,0.002472430467605591,True
22,89,1784807957.0816088,8,0.020169496536254883,0.0025211870670318604,True
22,90,1784807957.1022925,8,0.017940759658813477,0.0022425949573516846,True
22,91,1784807957.12077,8,0.019086599349975586,0.0023858249187469482,True
22,92,1784807957.14031,8,0.019614696502685547,0.0024518370628356934,True
22,93,1784807957.160788,8,0.019314289093017578,0.0024142861366271973,True
22,94,1784807957.181014,8,0.019617795944213867,0.0024522244930267334,True
22,95,1784807957.2017577,8,0.021520376205444336,0.002690047025680542,True
22,96,1784807957.224208,8,0.01919078826904297,0.002398848533630371,True
22,97,1784807957.2439523,8,0.019900798797607422,0.0024875998497009277,True
22,98,1784807957.2643437,8,0.018363475799560547,0.0022954344749450684,True
22,99,1784807957.2834578,8,0.020977497100830078,0.0026221871376037598,True
22,100,1784807957.3050454,8,0.020235776901245117,0.0025294721126556396,True
22,101,1784807957.327116,8,0.020472288131713867,0.0025590360164642334,True
22,102,1784807957.3481863,8,0.018436908721923828,0.0023046135902404785,True
22,103,1784807957.3671453,8,0.01994466781616211,0.0024930834770202637,True
22,104,1784807957.38798,8,0.021802186965942383,0.002725273370742798,True
22,105,1784807957.4102244,8,0.020247220993041992,0.002530902624130249,True
22,106,1784807957.4309263,8,0.02071857452392578,0.0025898218154907227,True
22,107,1784807957.45328,8,0.02129220962524414,0.0026615262031555176,True
22,108,1784807957.475158,8,0.019457101821899414,0.0024321377277374268,True
22,109,1784807957.4955223,8,0.019752979278564453,0.0024691224098205566,True
22,110,1784807957.5158224,8,0.01936197280883789,0.0024202466011047363,True
22,111,1784807957.5357707,8,0.018097400665283203,0.0022621750831604004,True
22,112,1784807957.5549421,8,0.02003788948059082,0.0025047361850738525,True
22,113,1784807957.5756245,8,0.02202463150024414,0.0027530789375305176,True
22,114,1784807957.598231,8,0.019695758819580078,0.0024619698524475098,True
22,115,1784807957.6183987,8,0.021137475967407227,0.0026421844959259033,True
22,116,1784807957.640327,8,0.020908594131469727,0.002613574266433716,True
22,117,1784807957.6617532,8,0.019478321075439453,0.0024347901344299316,True
22,118,1784807957.6816804,8,0.02016448974609375,0.0025205612182617188,True
22,119,1784807957.7023468,8,0.020177125930786133,0.0025221407413482666,True
22,120,1784807957.7230132,8,0.019118309020996094,0.0023897886276245117,True
22,121,1784807957.7426014,8,0.019596099853515625,0.002449512481689453,True
22,122,1784807957.7656243,8,0.01778101921081543,0.0022226274013519287,True
22,123,1784807957.784085,8,0.022433042526245117,0.0028041303157806396,True
22,124,1784807957.807294,8,0.019664764404296875,0.0024580955505371094,True
22,125,1784807957.8276842,8,0.019374608993530273,0.002421826124191284,True
22,126,1784807957.8476138,8,0.019822120666503906,0.0024777650833129883,True
22,127,1784807957.8676972,8,0.02007460594177246,0.0025093257427215576,True
22,128,1784807957.8881493,8,0.019930601119995117,0.0024913251399993896,True
22,129,1784807957.9084787,8,0.0192720890045166,0.002409011125564575,True
22,130,1784807957.9280944,8,0.019581079483032227,0.0024476349353790283,True
22,131,1784807957.9479485,8,0.0199735164642334,0.002496689558029175,True
22,132,1784807957.968211,8,0.02593255043029785,0.0032415688037872314,True
22,133,1784807957.9945621,8,0.019420385360717773,0.0024275481700897217,True
22,134,1784807958.0143929,8,0.019974946975708008,0.002496868371963501,True
22,135,1784807958.0346415,8,0.02075362205505371,0.002594202756881714,True
22,136,1784807958.0557618,8,0.01909637451171875,0.0023870468139648438,True
22,137,1784807958.075217,8,0.020560503005981445,0.0025700628757476807,True
22,138,1784807958.0967808,8,0.021038055419921875,0.0026297569274902344,True
22,139,1784807958.1182408,8,0.01944589614868164,0.002430737018585205,True
22,140,1784807958.1380773,8,0.020170211791992188,0.0025212764739990234,True
22,141,1784807958.1589053,8,0.019591093063354492,0.0024488866329193115,True
22,142,1784807958.1795528,8,0.020395278930664062,0.002549409866333008,True
22,143,1784807958.200329,8,0.01975536346435547,0.0024694204330444336,True
22,144,1784807958.2204425,8,0.021039962768554688,0.002629995346069336,True
22,145,1784807958.2420187,8,0.02083563804626465,0.002604454755783081,True
22,146,1784807958.2634022,8,0.022348880767822266,0.002793610095977783,True
22,147,1784807958.286213,8,0.02070307731628418,0.0025878846645355225,True
22,148,1784807958.3073058,8,0.020711898803710938,0.002588987350463867,True
22,149,1784807958.3284197,8,0.01918792724609375,0.0023984909057617188,True
22,150,1784807958.3482265,8,0.020682811737060547,0.0025853514671325684,True
22,151,1784807958.3707693,8,0.01776862144470215,0.0022210776805877686,True
22,152,1784807958.389292,8,0.020311355590820312,0.002538919448852539,True
22,153,1784807958.4100676,8,0.02052164077758789,0.0025652050971984863,True
22,154,1784807958.4311256,8,0.019036054611206055,0.002379506826400757,True
22,155,1784807958.4505534,8,0.018613338470458984,0.002326667308807373,True
22,156,1784807958.4695323,8,0.020438432693481445,0.0025548040866851807,True
22,157,1784807958.4903922,8,0.020077228546142578,0.0025096535682678223,True
22,158,1784807958.5109205,8,0.019596099853515625,0.002449512481689453,True
22,159,1784807958.5309772,8,0.0189974308013916,0.00237467885017395,True
22,160,1784807958.5507116,8,0.020161151885986328,0.002520143985748291,True
22,161,1784807958.5712821,8,0.017988920211791992,0.002248615026473999,True
22,162,1784807958.58987,8,0.021411657333374023,0.002676457166671753,True
22,163,1784807958.611853,8,0.02042078971862793,0.002552598714828491,True
22,164,1784807958.6327176,8,0.019492387771606445,0.0024365484714508057,True
22,165,1784807958.6527617,8,0.01985907554626465,0.002482384443283081,True
22,166,1784807958.672984,8,0.019697904586791992,0.002462238073348999,True
22,167,1784807958.6933239,8,0.018876314163208008,0.002359539270401001,True
22,168,1784807958.7130957,8,0.019751548767089844,0.0024689435958862305,True
22,169,1784807958.7331908,8,0.019936800003051758,0.0024921000003814697,True
22,170,1784807958.7534206,8,0.020513057708740234,0.0025641322135925293,True
22,171,1784807958.7743514,8,0.021860837936401367,0.002732604742050171,True
22,172,1784807958.7965772,8,0.01890730857849121,0.0023634135723114014,True
22,173,1784807958.8158307,8,0.02032017707824707,0.002540022134780884,True
22,174,1784807958.8368149,8,0.019135475158691406,0.0023919343948364258,True
22,175,1784807958.8565083,8,0.021022796630859375,0.002627849578857422,True
22,176,1784807958.8781018,8,0.02031993865966797,0.002539992332458496,True
22,177,1784807958.8988643,8,0.020653247833251953,0.002581655979156494,True
22,178,1784807958.9197986,8,0.01965498924255371,0.002456873655319214,True
22,179,1784807958.939736,8,0.021680593490600586,0.0027100741863250732,True
22,180,1784807958.9617214,8,0.021581649780273438,0.0026977062225341797,True
22,181,1784807958.9836311,8,0.01901841163635254,0.0023773014545440674,True
22,182,1784807959.002901,8,0.01967906951904297,0.002459883689880371,True
22,183,1784807959.0229292,8,0.02220320701599121,0.0027754008769989014,True
22,184,1784807959.0455823,8,0.019240856170654297,0.002405107021331787,True
22,185,1784807959.0661523,8,0.020496606826782227,0.0025620758533477783,True
22,186,1784807959.0872443,8,0.019233226776123047,0.002404153347015381,True
22,187,1784807959.106946,8,0.019335508346557617,0.002416938543319702,True
22,188,1784807959.126914,8,0.021679401397705078,0.0027099251747131348,True
22,189,1784807959.1489997,8,0.020663022994995117,0.0025828778743743896,True
22,190,1784807959.1699662,8,0.01952505111694336,0.00244063138961792,True
22,191,1784807959.1897979,8,0.021086692810058594,0.0026358366012573242,True
22,192,1784807959.2112162,8,0.01957869529724121,0.0024473369121551514,True
22,193,1784807959.2311692,8,0.019388198852539062,0.002423524856567383,True
22,194,1784807959.2508779,8,0.019762277603149414,0.0024702847003936768,True
22,195,1784807959.2710671,8,0.019328832626342773,0.0024161040782928467,True
22,196,1784807959.290842,8,0.018749713897705078,0.0023437142372131348,True
22,197,1784807959.3100982,8,0.020285367965698242,0.0025356709957122803,True
22,198,1784807959.3315685,8,0.021388530731201172,0.0026735663414001465,True
22,199,1784807959.3535144,8,0.018540382385253906,0.0023175477981567383,True
22,200,1784807959.3724847,8,0.02061629295349121,0.0025770366191864014,True
22,201,1784807959.393555,8,0.0193026065826416,0.0024128258228302,True
22,202,1784807959.4133599,8,0.01969742774963379,0.0024621784687042236,True
22,203,1784807959.4334104,8,0.020365238189697266,0.002545654773712158,True
22,204,1784807959.454095,8,0.0210726261138916,0.00263407826423645,True
22,205,1784807959.4755154,8,0.019410133361816406,0.0024262666702270508,True
22,206,1784807959.4952426,8,0.020258665084838867,0.0025323331356048584,True
22,207,1784807959.5165765,8,0.01894831657409668,0.002368539571762085,True
22,208,1784807959.5360117,8,0.020502090454101562,0.0025627613067626953,True
22,209,1784807959.556847,8,0.02100682258605957,0.0026258528232574463,True
22,210,1784807959.5782661,8,0.01873302459716797,0.002341628074645996,True
22,211,1784807959.5975413,8,0.020244598388671875,0.0025305747985839844,True
22,212,1784807959.6182384,8,0.02056407928466797,0.002570509910583496,True
22,213,1784807959.639655,8,0.01901412010192871,0.002376765012741089,True
22,214,1784807959.6591265,8,0.019703388214111328,0.002462923526763916,True
22,215,1784807959.679139,8,0.019457101821899414,0.0024321377277374268,True
22,216,1784807959.6989388,8,0.02033257484436035,0.002541571855545044,True
22,217,1784807959.7197483,8,0.02063918113708496,0.00257989764213562,True
22,218,1784807959.740817,8,0.019454240798950195,0.0024317800998687744,True
22,219,1784807959.7607198,8,0.01856684684753418,0.0023208558559417725,True
22,220,1784807959.7798827,8,0.019080638885498047,0.002385079860687256,True
22,221,1784807959.7994823,8,0.01985454559326172,0.002481818199157715,True
22,222,1784807959.8197007,8,0.02075672149658203,0.002594590187072754,True
22,223,1784807959.840849,8,0.018498897552490234,0.0023123621940612793,True
22,224,1784807959.8597937,8,0.020684003829956055,0.002585500478744507,True
22,225,1784807959.8807595,8,0.019005775451660156,0.0023757219314575195,True
22,226,1784807959.9000964,8,0.019196748733520508,0.0023995935916900635,True
22,227,1784807959.91964,8,0.019916296005249023,0.002489537000656128,True
22,228,1784807959.9399157,8,0.02268218994140625,0.0028352737426757812,True
22,229,1784807959.963693,8,0.018108844757080078,0.0022636055946350098,True
22,230,1784807959.9823203,8,0.0192258358001709,0.0024032294750213623,True
22,231,1784807960.001875,8,0.01912665367126465,0.002390831708908081,True
22,232,1784807960.0213604,8,0.0203859806060791,0.0025482475757598877,True
22,233,1784807960.0421894,8,0.02016925811767578,0.0025211572647094727,True
22,234,1784807960.0628421,8,0.019015073776245117,0.0023768842220306396,True
22,235,1784807960.0821965,8,0.02005147933959961,0.002506434917449951,True
22,236,1784807960.1028233,8,0.019299030303955078,0.0024123787879943848,True
22,237,1784807960.1226091,8,0.02116107940673828,0.002645134925842285,True
22,238,1784807960.144104,8,0.020407676696777344,0.002550959587097168,True
22,239,1784807960.1648395,8,0.019250154495239258,0.0024062693119049072,True
22,240,1784807960.1843724,8,0.0201263427734375,0.0025157928466796875,True
22,241,1784807960.2047775,8,0.020650148391723633,0.002581268548965454,True
22,242,1784807960.2257793,8,0.0201568603515625,0.0025196075439453125,True
22,243,1784807960.24636,8,0.0186917781829834,0.002336472272872925,True
22,244,1784807960.2654977,8,0.020151615142822266,0.002518951892852783,True
22,245,1784807960.2861419,8,0.02129340171813965,0.002661675214767456,True
22,246,1784807960.3081524,8,0.018864870071411133,0.0023581087589263916,True
22,247,1784807960.3273573,8,0.020438671112060547,0.0025548338890075684,True
22,248,1784807960.34878,8,0.021038055419921875,0.0026297569274902344,True
22,249,1784807960.370288,8,0.020651817321777344,0.002581477165222168,True
22,250,1784807960.3913686,8,0.018558740615844727,0.002319842576980591,True
22,251,1784807960.4102297,8,0.021308422088623047,0.002663552761077881,True
22,252,1784807960.4319031,8,0.017731666564941406,0.0022164583206176758,True
22,253,1784807960.4500916,8,0.021349668502807617,0.002668708562850952,True
22,254,1784807960.4724104,8,0.019243955612182617,0.002405494451522827,True
22,255,1784807960.4935544,8,0.022982120513916016,0.002872765064239502,True
22,256,1784807960.5170689,8,0.018095731735229492,0.0022619664669036865,True
22,257,1784807960.5355606,8,0.020584821701049805,0.0025731027126312256,True
22,258,1784807960.55681,8,0.01952338218688965,0.002440422773361206,True
22,259,1784807960.5766907,8,0.018779754638671875,0.0023474693298339844,True
22,260,1784807960.595825,8,0.020222187042236328,0.002527773380279541,True
22,261,1784807960.6164167,8,0.01911020278930664,0.00238877534866333,True
22,262,1784807960.6358852,8,0.020412445068359375,0.002551555633544922,True
22,263,1784807960.6566465,8,0.020526647567749023,0.002565830945968628,True
22,264,1784807960.6774936,8,0.019522666931152344,0.002440333366394043,True
22,265,1784807960.697468,8,0.019646167755126953,0.002455770969390869,True
22,266,1784807960.718306,8,0.020756959915161133,0.0025946199893951416,True
22,267,1784807960.739413,8,0.02115154266357422,0.0026439428329467773,True
22,268,1784807960.76089,8,0.018704652786254883,0.0023380815982818604,True
22,269,1784807960.7799742,8,0.01919841766357422,0.0023998022079467773,True
22,270,1784807960.7995963,8,0.019181251525878906,0.0023976564407348633,True
22,271,1784807960.8193486,8,0.01993703842163086,0.0024921298027038574,True
22,272,1784807960.8397439,8,0.019101858139038086,0.0023877322673797607,True
22,273,1784807960.859384,8,0.019935131072998047,0.002491891384124756,True
22,274,1784807960.8796961,8,0.020033836364746094,0.0025042295455932617,True
22,275,1784807960.9000738,8,0.01964426040649414,0.0024555325508117676,True
22,276,1784807960.9204142,8,0.020882129669189453,0.0026102662086486816,True
22,277,1784807960.9417543,8,0.021106243133544922,0.0026382803916931152,True
22,278,1784807960.9632792,8,0.020263195037841797,0.0025328993797302246,True
22,279,1784807960.984362,8,0.022113561630249023,0.002764195203781128,True
22,280,1784807961.0069318,8,0.01965618133544922,0.0024570226669311523,True
22,281,1784807961.0271845,8,0.02156686782836914,0.0026958584785461426,True
22,282,1784807961.0492516,8,0.02147960662841797,0.002684950828552246,True
22,283,1784807961.071409,8,0.019237756729125977,0.002404719591140747,True
22,284,1784807961.0916166,8,0.02227163314819336,0.00278395414352417,True
22,285,1784807961.1147993,8,0.019863367080688477,0.0024829208850860596,True
22,286,1784807961.1353388,8,0.02025318145751953,0.0025316476821899414,True
22,287,1784807961.1562412,8,0.019840478897094727,0.002480059862136841,True
22,288,1784807961.1765056,8,0.019525766372680664,0.002440720796585083,True
22,289,1784807961.1967845,8,0.019704818725585938,0.002463102340698242,True
22,290,1784807961.2170599,8,0.02017974853515625,0.0025224685668945312,True
22,291,1784807961.237561,8,0.022139549255371094,0.0027674436569213867,True
22,292,1784807961.2605708,8,0.019364356994628906,0.0024205446243286133,True
22,293,1784807961.280282,8,0.0183413028717041,0.0022926628589630127,True
22,294,1784807961.2990162,8,0.01947307586669922,0.0024341344833374023,True
22,295,1784807961.3190851,8,0.019547700881958008,0.002443462610244751,True
22,296,1784807961.3390138,8,0.0182034969329834,0.002275437116622925,True
22,297,1784807961.3585107,8,0.019939899444580078,0.0024924874305725098,True
22,298,1784807961.3787947,8,0.021738767623901367,0.002717345952987671,True
22,299,1784807961.4011083,8,0.01932835578918457,0.0024160444736480713,True
22,300,1784807961.4208066,8,0.01947188377380371,0.002433985471725464,True
22,301,1784807961.4408338,8,0.02010369300842285,0.0025129616260528564,True
22,302,1784807961.4618623,8,0.020112276077270508,0.0025140345096588135,True
22,303,1784807961.482474,8,0.022457599639892578,0.0028071999549865723,True
22,304,1784807961.5054772,8,0.02194666862487793,0.002743333578109741,True
22,305,1784807961.5279696,8,0.020901203155517578,0.0026126503944396973,True
22,306,1784807961.549573,8,0.019830703735351562,0.0024788379669189453,True
22,307,1784807961.5698054,8,0.019754886627197266,0.002469360828399658,True
22,308,1784807961.5899684,8,0.020252466201782227,0.0025315582752227783,True
22,309,1784807961.6107318,8,0.019745826721191406,0.0024682283401489258,True
22,310,1784807961.6310654,8,0.020598173141479492,0.0025747716426849365,True
22,311,1784807961.6528223,8,0.019443035125732422,0.0024303793907165527,True
22,312,1784807961.6726174,8,0.01894974708557129,0.002368718385696411,True
22,313,1784807961.6923778,8,0.020227670669555664,0.002528458833694458,True
22,314,1784807961.7128708,8,0.018097877502441406,0.0022622346878051758,True
22,315,1784807961.7312515,8,0.018465280532836914,0.0023081600666046143,True
22,316,1784807961.750627,8,0.020231008529663086,0.0025288760662078857,True
22,317,1784807961.7713115,8,0.020885229110717773,0.0026106536388397217,True
22,318,1784807961.792524,8,0.018994569778442383,0.002374321222305298,True
22,319,1784807961.8118649,8,0.02030491828918457,0.0025381147861480713,True
22,320,1784807961.8325076,8,0.020221710205078125,0.0025277137756347656,True
22,321,1784807961.8535767,8,0.020557641983032227,0.0025697052478790283,True
22,322,1784807961.8744707,8,0.01969146728515625,0.0024614334106445312,True
22,323,1784807961.895218,8,0.019104480743408203,0.0023880600929260254,True
22,324,1784807961.914769,8,0.019823074340820312,0.002477884292602539,True
22,325,1784807961.9352453,8,0.020162582397460938,0.002520322799682617,True
22,326,1784807961.9557838,8,0.019904375076293945,0.002488046884536743,True
22,327,1784807961.976157,8,0.020439624786376953,0.002554953098297119,True
22,328,1784807961.996913,8,0.020464658737182617,0.002558082342147827,True
22,329,1784807962.017697,8,0.01951146125793457,0.0024389326572418213,True
22,330,1784807962.0376823,8,0.019630908966064453,0.0024538636207580566,True
22,331,1784807962.057653,8,0.02033090591430664,0.00254136323928833,True
22,332,1784807962.0783358,8,0.02010369300842285,0.0025129616260528564,True
22,333,1784807962.0989223,8,0.019121408462524414,0.0023901760578155518,True
22,334,1784807962.1184716,8,0.021137237548828125,0.0026421546936035156,True
22,335,1784807962.1400595,8,0.020839452743530273,0.002604931592941284,True
22,336,1784807962.161588,8,0.02062368392944336,0.00257796049118042,True
22,337,1784807962.1825728,8,0.019616365432739258,0.0024520456790924072,True
22,338,1784807962.2024622,8,0.021831035614013672,0.002728879451751709,True
22,339,1784807962.2245936,8,0.019703149795532227,0.0024628937244415283,True
22,340,1784807962.2447932,8,0.01897716522216797,0.002372145652770996,True
22,341,1784807962.2640736,8,0.022061824798583984,0.002757728099822998,True
22,342,1784807962.2864892,8,0.01827383041381836,0.002284228801727295,True
22,343,1784807962.3052428,8,0.020726442337036133,0.0025908052921295166,True
22,344,1784807962.3266933,8,0.019952058792114258,0.0024940073490142822,True
22,345,1784807962.3474796,8,0.020272016525268555,0.0025340020656585693,True
22,346,1784807962.368488,8,0.020615816116333008,0.002576977014541626,True
22,347,1784807962.38946,8,0.02062368392944336,0.00257796049118042,True
22,348,1784807962.4117835,8,0.01914048194885254,0.0023925602436065674,True
22,349,1784807962.4312778,8,0.019020557403564453,0.0023775696754455566,True
22,350,1784807962.4506333,8,0.020267009735107422,0.0025333762168884277,True
22,351,1784807962.4711888,8,0.019778013229370117,0.0024722516536712646,True
22,352,1784807962.4915543,8,0.020574331283569336,0.002571791410446167,True
22,353,1784807962.5124757,8,0.019098520278930664,0.002387315034866333,True
22,354,1784807962.5319345,8,0.01996779441833496,0.00249597430229187,True
22,355,1784807962.5522394,8,0.020539045333862305,0.002567380666732788,True
22,356,1784807962.5732362,8,0.0200040340423584,0.0025005042552948,True
22,357,1784807962.593642,8,0.021846771240234375,0.002730846405029297,True
22,358,1784807962.616152,8,0.018395423889160156,0.0022994279861450195,True
22,359,1784807962.634949,8,0.019828319549560547,0.0024785399436950684,True
22,360,1784807962.6551256,8,0.019736528396606445,0.0024670660495758057,True
22,361,1784807962.6752646,8,0.02048015594482422,0.0025600194931030273,True
22,362,1784807962.696019,8,0.020677566528320312,0.002584695816040039,True
22,363,1784807962.7181253,8,0.019072532653808594,0.0023840665817260742,True
22,364,1784807962.7375243,8,0.02129983901977539,0.002662479877471924,True
22,365,1784807962.7593849,8,0.02037811279296875,0.0025472640991210938,True
22,366,1784807962.7801876,8,0.019170284271240234,0.0023962855339050293,True
22,367,1784807962.7997468,8,0.020771026611328125,0.0025963783264160156,True
22,368,1784807962.820862,8,0.024767637252807617,0.003095954656600952,True
22,369,1784807962.846098,8,0.019954204559326172,0.0024942755699157715,True
22,370,1784807962.8663824,8,0.02013540267944336,0.00251692533493042,True
22,371,1784807962.88686,8,0.021374940872192383,0.002671867609024048,True
22,372,1784807962.9085872,8,0.019088268280029297,0.002386033535003662,True
22,373,1784807962.927943,8,0.0215451717376709,0.0026931464672088623,True
22,374,1784807962.9498267,8,0.018659114837646484,0.0023323893547058105,True
22,375,1784807962.9688075,8,0.01914381980895996,0.002392977476119995,True
22,376,1784807962.9883044,8,0.02004551887512207,0.002505689859390259,True
22,377,1784807963.009384,8,0.0209043025970459,0.0026130378246307373,True
22,378,1784807963.0307128,8,0.020285844802856445,0.0025357306003570557,True
22,379,1784807963.0514026,8,0.021848678588867188,0.0027310848236083984,True
22,380,1784807963.0742877,8,0.019385576248168945,0.002423197031021118,True
22,381,1784807963.094089,8,0.019672393798828125,0.0024590492248535156,True
22,382,1784807963.1140718,8,0.02139115333557129,0.002673894166946411,True
22,383,1784807963.1359782,8,0.020557641983032227,0.0025697052478790283,True
22,384,1784807963.1568534,8,0.01964569091796875,0.0024557113647460938,True
22,385,1784807963.1769102,8,0.021044254302978516,0.0026305317878723145,True
22,386,1784807963.1983185,8,0.019413471221923828,0.0024266839027404785,True
22,387,1784807963.2186704,8,0.019313335418701172,0.0024141669273376465,True
22,388,1784807963.2383387,8,0.021452903747558594,0.0026816129684448242,True
22,389,1784807963.260122,8,0.01956796646118164,0.002445995807647705,True
22,390,1784807963.2801065,8,0.01885533332824707,0.002356916666030884,True
22,391,1784807963.2993188,8,0.021169662475585938,0.002646207809448242,True
22,392,1784807963.3208447,8,0.019236087799072266,0.002404510974884033,True
22,393,1784807963.3407373,8,0.019335269927978516,0.0024169087409973145,True
22,394,1784807963.3603585,8,0.020265579223632812,0.0025331974029541016,True
22,395,1784807963.3809505,8,0.022688627243041992,0.002836078405380249,True
22,396,1784807963.403957,8,0.016762733459472656,0.002095341682434082,True
22,397,1784807963.4210877,8,0.019541263580322266,0.002442657947540283,True
22,398,1784807963.4409683,8,0.019476890563964844,0.0024346113204956055,True
22,399,1784807963.460824,8,0.01895618438720703,0.002369523048400879,True
22,400,1784807963.4800844,8,0.020999431610107422,0.0026249289512634277,True
22,401,1784807963.5016644,8,0.018953561782836914,0.0023691952228546143,True
22,402,1784807963.521101,8,0.020751953125,0.002593994140625,True
22,403,1784807963.5422628,8,0.02193450927734375,0.0027418136596679688,True
22,404,1784807963.5645757,8,0.018141508102416992,0.002267688512802124,True
22,405,1784807963.583002,8,0.020139217376708984,0.002517402172088623,True
22,406,1784807963.6041713,8,0.019628047943115234,0.0024535059928894043,True
22,407,1784807963.6240935,8,0.019403934478759766,0.0024254918098449707,True
22,408,1784807963.6439698,8,0.020702600479125977,0.002587825059890747,True
22,409,1784807963.665296,8,0.018403053283691406,0.0023003816604614258,True
22,410,1784807963.6841137,8,0.019400835037231445,0.0024251043796539307,True
22,411,1784807963.703879,8,0.020748615264892578,0.0025935769081115723,True
22,412,1784807963.7249308,8,0.020220279693603516,0.0025275349617004395,True
22,413,1784807963.7455292,8,0.019954204559326172,0.0024942755699157715,True
22,414,1784807963.7658205,8,0.020378589630126953,0.002547323703765869,True
22,415,1784807963.7866678,8,0.020477294921875,0.002559661865234375,True
22,416,1784807963.807428,8,0.021070241928100586,0.0026337802410125732,True
22,417,1784807963.8288364,8,0.01962900161743164,0.002453625202178955,True
22,418,1784807963.8489707,8,0.019922733306884766,0.0024903416633605957,True
22,419,1784807963.8692076,8,0.021120071411132812,0.0026400089263916016,True
22,420,1784807963.8906198,8,0.01964259147644043,0.0024553239345550537,True
22,421,1784807963.910552,8,0.019102096557617188,0.0023877620697021484,True
22,422,1784807963.9299657,8,0.019697189331054688,0.002462148666381836,True
22,423,1784807963.950379,8,0.021018505096435547,0.0026273131370544434,True
22,424,1784807963.9717042,8,0.018836259841918945,0.002354532480239868,True
22,425,1784807963.9909046,8,0.0185396671295166,0.002317458391189575,True
22,426,1784807964.0097578,8,0.0198974609375,0.0024871826171875,True
22,427,1784807964.0300894,8,0.020807981491088867,0.0026009976863861084,True
22,428,1784807964.0512323,8,0.02064037322998047,0.0025800466537475586,True
22,429,1784807964.0726175,8,0.021047353744506836,0.0026309192180633545,True
22,430,1784807964.0939903,8,0.021796703338623047,0.002724587917327881,True
22,431,1784807964.1167367,8,0.01959061622619629,0.002448827028274536,True
22,432,1784807964.1366217,8,0.020956993103027344,0.002619624137878418,True
22,433,1784807964.15788,8,0.020721435546875,0.002590179443359375,True
22,434,1784807964.1789777,8,0.01884150505065918,0.0023551881313323975,True
22,435,1784807964.1981392,8,0.02074599266052246,0.0025932490825653076,True
22,436,1784807964.2193666,8,0.019544601440429688,0.002443075180053711,True
22,437,1784807964.239347,8,0.01973104476928711,0.0024663805961608887,True
22,438,1784807964.2597487,8,0.020672082901000977,0.002584010362625122,True
22,439,1784807964.280815,8,0.02068638801574707,0.002585798501968384,True
22,440,1784807964.3019948,8,0.020782470703125,0.002597808837890625,True
22,441,1784807964.3236048,8,0.020898103713989258,0.0026122629642486572,True
22,442,1784807964.3450394,8,0.020022153854370117,0.0025027692317962646,True
22,443,1784807964.365576,8,0.02109837532043457,0.0026372969150543213,True
22,444,1784807964.3879492,8,0.018613100051879883,0.0023266375064849854,True
22,445,1784807964.407087,8,0.018468618392944336,0.002308577299118042,True
22,446,1784807964.4260333,8,0.021247148513793945,0.002655893564224243,True
22,447,1784807964.447697,8,0.022632360458374023,0.002829045057296753,True
22,448,1784807964.4706626,8,0.01926136016845703,0.002407670021057129,True
22,449,1784807964.490358,8,0.01910567283630371,0.002388209104537964,True
22,450,1784807964.5098467,8,0.024501800537109375,0.003062725067138672,True
22,451,1784807964.5347357,8,0.020969867706298828,0.0026212334632873535,True
22,452,1784807964.5559988,8,0.023659229278564453,0.0029574036598205566,True
22,453,1784807964.5803034,8,0.018934249877929688,0.002366781234741211,True
22,454,1784807964.5995245,8,0.020882368087768555,0.0026102960109710693,True
22,455,1784807964.620673,8,0.01955103874206543,0.0024438798427581787,True
22,456,1784807964.6413193,8,0.020146846771240234,0.0025183558464050293,True
22,457,1784807964.6617482,8,0.021053791046142578,0.0026317238807678223,True
22,458,1784807964.6831348,8,0.02149057388305664,0.00268632173538208,True
22,459,1784807964.7049994,8,0.02013850212097168,0.00251731276512146,True
22,460,1784807964.7262304,8,0.017998218536376953,0.002249777317047119,True
22,461,1784807964.7449872,8,0.0236508846282959,0.0029563605785369873,True
22,462,1784807964.76952,8,0.020848512649536133,0.0026060640811920166,True
22,463,1784807964.7906613,8,0.019867897033691406,0.0024834871292114258,True
22,464,1784807964.8108368,8,0.021498680114746094,0.0026873350143432617,True
22,465,1784807964.8326452,8,0.019199371337890625,0.002399921417236328,True
22,466,1784807964.8522732,8,0.019989490509033203,0.0024986863136291504,True
22,467,1784807964.8729465,8,0.02067852020263672,0.00258481502532959,True
22,468,1784807964.8939867,8,0.0181882381439209,0.0022735297679901123,True
22,469,1784807964.91266,8,0.020709514617919922,0.0025886893272399902,True
22,470,1784807964.9337165,8,0.020199298858642578,0.0025249123573303223,True
22,471,1784807964.9542274,8,0.020431041717529297,0.002553880214691162,True
22,472,1784807964.975061,8,0.02033829689025879,0.0025422871112823486,True
22,473,1784807964.9965641,8,0.021231412887573242,0.0026539266109466553,True
22,474,1784807965.018167,8,0.0194091796875,0.0024261474609375,True
22,475,1784807965.0379515,8,0.019866466522216797,0.0024833083152770996,True
22,476,1784807965.0592508,8,0.021718740463256836,0.0027148425579071045,True
22,477,1784807965.0814803,8,0.019385814666748047,0.002423226833343506,True
22,478,1784807965.1014519,8,0.019696712493896484,0.0024620890617370605,True
22,479,1784807965.1216934,8,0.020950794219970703,0.002618849277496338,True
22,480,1784807965.1432571,8,0.021195411682128906,0.0026494264602661133,True
22,481,1784807965.1647892,8,0.02066516876220703,0.002583146095275879,True
22,482,1784807965.1892703,8,0.019478321075439453,0.0024347901344299316,True
22,483,1784807965.2093134,8,0.01862168312072754,0.0023277103900909424,True
22,484,1784807965.228318,8,0.021338701248168945,0.002667337656021118,True
22,485,1784807965.2511349,8,0.01979804039001465,0.002474755048751831,True
22,486,1784807965.2718658,8,0.02042388916015625,0.0025529861450195312,True
22,487,1784807965.2927127,8,0.019569873809814453,0.0024462342262268066,True
22,488,1784807965.3126695,8,0.020144224166870117,0.0025180280208587646,True
22,489,1784807965.3331137,8,0.021208524703979492,0.0026510655879974365,True
22,490,1784807965.354905,8,0.01975274085998535,0.002469092607498169,True
22,491,1784807965.3749862,8,0.019682884216308594,0.0024603605270385742,True
22,492,1784807965.395381,8,0.020511150360107422,0.0025638937950134277,True
22,493,1784807965.416294,8,0.019118070602416992,0.002389758825302124,True
22,494,1784807965.4367337,8,0.02068638801574707,0.002585798501968384,True
22,495,1784807965.4577346,8,0.020223140716552734,0.002527892589569092,True
22,496,1784807965.478316,8,0.0190737247467041,0.0023842155933380127,True
22,497,1784807965.4980717,8,0.01835775375366211,0.0022947192192077637,True
22,498,1784807965.5172684,8,0.019290685653686523,0.0024113357067108154,True
22,499,1784807965.5368776,8,0.021100759506225586,0.0026375949382781982,True
22,500,1784807965.558432,8,0.02020549774169922,0.0025256872177124023,True
22,501,1784807965.5789304,8,0.018897294998168945,0.002362161874771118,True
22,502,1784807965.5981545,8,0.020567655563354492,0.0025709569454193115,True
22,503,1784807965.619095,8,0.019995689392089844,0.0024994611740112305,True
22,504,1784807965.6394162,8,0.02210211753845215,0.0027627646923065186,True
22,505,1784807965.6621356,8,0.021528005599975586,0.0026910006999969482,True
22,506,1784807965.6842058,8,0.020589351654052734,0.002573668956756592,True
22,507,1784807965.705519,8,0.0221860408782959,0.0027732551097869873,True
22,508,1784807965.7279613,8,0.02092719078063965,0.002615898847579956,True
22,509,1784807965.7492151,8,0.02074575424194336,0.00259321928024292,True
22,510,1784807965.7703543,8,0.02231740951538086,0.0027896761894226074,True
22,511,1784807965.7935035,8,0.02021336555480957,0.0025266706943511963,True
22,512,1784807965.8143547,8,0.01965165138244629,0.002456456422805786,True
22,513,1784807965.8345442,8,0.01959371566772461,0.002449214458465576,True
22,514,1784807965.8547266,8,0.02026987075805664,0.00253373384475708,True
22,515,1784807965.8758414,8,0.018331050872802734,0.002291381359100342,True
22,516,1784807965.8946242,8,0.020604372024536133,0.0025755465030670166,True
22,517,1784807965.915562,8,0.019112825393676758,0.0023891031742095947,True
22,518,1784807965.9352055,8,0.020320415496826172,0.0025400519371032715,True
22,519,1784807965.9559503,8,0.019920825958251953,0.002490103244781494,True
22,520,1784807965.9765496,8,0.020796537399291992,0.002599567174911499,True
22,521,1784807965.9979856,8,0.018869400024414062,0.002358675003051758,True
22,522,1784807966.0174997,8,0.02245354652404785,0.0028066933155059814,True
22,523,1784807966.0404522,8,0.018721580505371094,0.0023401975631713867,True
22,524,1784807966.0596764,8,0.019913196563720703,0.002489149570465088,True
22,525,1784807966.0800185,8,0.020498275756835938,0.002562284469604492,True
22,526,1784807966.1010532,8,0.020226716995239258,0.0025283396244049072,True
22,527,1784807966.1217415,8,0.020727157592773438,0.0025908946990966797,True
22,528,1784807966.1434548,8,0.0200350284576416,0.0025043785572052,True
22,529,1784807966.1640747,8,0.021142005920410156,0.0026427507400512695,True
22,530,1784807966.1857722,8,0.020905733108520508,0.0026132166385650635,True
22,531,1784807966.2079105,8,0.01938939094543457,0.0024236738681793213,True
22,532,1784807966.2282295,8,0.01903557777404785,0.0023794472217559814,True
22,533,1784807966.2478914,8,0.020892620086669922,0.0026115775108337402,True
22,534,1784807966.2696614,8,0.02089214324951172,0.002611517906188965,True
22,535,1784807966.29092,8,0.02056431770324707,0.002570539712905884,True
22,536,1784807966.312223,8,0.020165205001831055,0.002520650625228882,True
22,537,1784807966.3327332,8,0.022176742553710938,0.002772092819213867,True
22,538,1784807966.3553846,8,0.018955230712890625,0.002369403839111328,True
22,539,1784807966.3746493,8,0.023148059844970703,0.002893507480621338,True
22,540,1784807966.3982217,8,0.01848769187927246,0.0023109614849090576,True
22,541,1784807966.4170966,8,0.020285606384277344,0.002535700798034668,True
22,542,1784807966.4377055,8,0.0196077823638916,0.00245097279548645,True
22,543,1784807966.4579792,8,0.018406391143798828,0.0023007988929748535,True
22,544,1784807966.4766703,8,0.02136826515197754,0.0026710331439971924,True
22,545,1784807966.498544,8,0.02080988883972168,0.00260123610496521,True
22,546,1784807966.5199816,8,0.019771099090576172,0.0024713873863220215,True
22,547,1784807966.540167,8,0.02112269401550293,0.002640336751937866,True
22,548,1784807966.5619366,8,0.01912069320678711,0.0023900866508483887,True
22,549,1784807966.581749,8,0.019826889038085938,0.002478361129760742,True
22,550,1784807966.6026373,8,0.019946813583374023,0.002493351697921753,True
22,551,1784807966.6231327,8,0.02086925506591797,0.002608656883239746,True
22,552,1784807966.6443813,8,0.020458459854125977,0.002557307481765747,True
22,553,1784807966.6653426,8,0.020562410354614258,0.0025703012943267822,True
22,554,1784807966.6865404,8,0.020256757736206055,0.002532094717025757,True
22,555,1784807966.7074146,8,0.021675586700439453,0.0027094483375549316,True
22,556,1784807966.731036,8,0.017580509185791016,0.002197563648223877,True
22,557,1784807966.7491903,8,0.020383119583129883,0.0025478899478912354,True
22,558,1784807966.770703,8,0.020769596099853516,0.0025961995124816895,True
22,559,1784807966.7917933,8,0.023352384567260742,0.0029190480709075928,True
22,560,1784807966.8160312,8,0.021414756774902344,0.002676844596862793,True
22,561,1784807966.8381271,8,0.019997119903564453,0.0024996399879455566,True
22,562,1784807966.858635,8,0.021483182907104492,0.0026853978633880615,True
22,563,1784807966.8804295,8,0.019051313400268555,0.0023814141750335693,True
22,564,1784807966.9000063,8,0.01957392692565918,0.0024467408657073975,True
22,565,1784807966.9202518,8,0.019982576370239258,0.0024978220462799072,True
22,566,1784807966.9409869,8,0.018582582473754883,0.0023228228092193604,True
22,567,1784807966.960146,8,0.023388385772705078,0.0029235482215881348,True
22,568,1784807966.9841027,8,0.018529415130615234,0.0023161768913269043,True
22,569,1784807967.0029445,8,0.01934075355529785,0.0024175941944122314,True
22,570,1784807967.023665,8,0.019117116928100586,0.0023896396160125732,True
22,571,1784807967.0434349,8,0.02153921127319336,0.00269240140914917,True
22,572,1784807967.065375,8,0.020478010177612305,0.002559751272201538,True
22,573,1784807967.0864227,8,0.020129680633544922,0.0025162100791931152,True
22,574,1784807967.107104,8,0.01954793930053711,0.0024434924125671387,True
22,575,1784807967.1272373,8,0.0231931209564209,0.0028991401195526123,True
22,576,1784807967.1508925,8,0.019692420959472656,0.002461552619934082,True
22,577,1784807967.1714761,8,0.020473241806030273,0.002559155225753784,True
22,578,1784807967.1924515,8,0.019920825958251953,0.002490103244781494,True
22,579,1784807967.2129903,8,0.019736766815185547,0.0024670958518981934,True
22,580,1784807967.2341986,8,0.019530773162841797,0.0024413466453552246,True
22,581,1784807967.2543979,8,0.020398616790771484,0.0025498270988464355,True
22,582,1784807967.2751787,8,0.019907712936401367,0.002488464117050171,True
22,583,1784807967.2954056,8,0.020512104034423828,0.0025640130043029785,True
22,584,1784807967.316296,8,0.02037811279296875,0.0025472640991210938,True
22,585,1784807967.3371508,8,0.02055048942565918,0.0025688111782073975,True
22,586,1784807967.3581338,8,0.01923847198486328,0.00240480899810791,True
22,587,1784807967.3777158,8,0.020220518112182617,0.002527564764022827,True
22,588,1784807967.398419,8,0.019224882125854492,0.0024031102657318115,True
22,589,1784807967.4185703,8,0.019955873489379883,0.0024944841861724854,True
22,590,1784807967.4392173,8,0.019832134246826172,0.0024790167808532715,True
22,591,1784807967.45942,8,0.020907163619995117,0.0026133954524993896,True
22,592,1784807967.4807029,8,0.01877593994140625,0.0023469924926757812,True
22,593,1784807967.50026,8,0.020952224731445312,0.002619028091430664,True
22,594,1784807967.521578,8,0.019472360610961914,0.0024340450763702393,True
22,595,1784807967.5421364,8,0.02143073081970215,0.0026788413524627686,True
22,596,1784807967.56398,8,0.022156715393066406,0.0027695894241333008,True
22,597,1784807967.5865548,8,0.01685047149658203,0.002106308937072754,True
22,598,1784807967.6037674,8,0.01946878433227539,0.002433598041534424,True
22,599,1784807967.6238017,8,0.018481016159057617,0.002310127019882202,True
22,600,1784807967.6428702,8,0.019474029541015625,0.002434253692626953,True
22,601,1784807967.6627283,8,0.01925826072692871,0.002407282590866089,True
22,602,1784807967.6824887,8,0.019917011260986328,0.002489626407623291,True
22,603,1784807967.7031136,8,0.02174520492553711,0.0027181506156921387,True
22,604,1784807967.7253087,8,0.019021987915039062,0.002377748489379883,True
22,605,1784807967.744822,8,0.0203859806060791,0.0025482475757598877,True
22,606,1784807967.7655783,8,0.019798994064331055,0.002474874258041382,True
22,607,1784807967.7859423,8,0.020134925842285156,0.0025168657302856445,True
22,608,1784807967.806687,8,0.02120661735534668,0.002650827169418335,True
22,609,1784807967.8286097,8,0.018768310546875,0.002346038818359375,True
22,610,1784807967.8480191,8,0.018761634826660156,0.0023452043533325195,True
22,611,1784807967.8673875,8,0.01845073699951172,0.002306342124938965,True
22,612,1784807967.8865116,8,0.019404172897338867,0.0024255216121673584,True
22,613,1784807967.906443,8,0.019706010818481445,0.0024632513523101807,True
22,614,1784807967.9265962,8,0.018938302993774414,0.0023672878742218018,True
22,615,1784807967.9461243,8,0.021487951278686523,0.0026859939098358154,True
22,616,1784807967.9682105,8,0.0191497802734375,0.0023937225341796875,True
22,617,1784807967.9880018,8,0.02079486846923828,0.002599358558654785,True
22,618,1784807968.009203,8,0.019070863723754883,0.0023838579654693604,True
22,619,1784807968.0286613,8,0.02330780029296875,0.0029134750366210938,True
22,620,1784807968.0527203,8,0.0193331241607666,0.002416640520095825,True
22,621,1784807968.0730016,8,0.022525787353515625,0.002815723419189453,True
22,622,1784807968.096214,8,0.019161224365234375,0.002395153045654297,True
22,623,1784807968.1161056,8,0.021577119827270508,0.0026971399784088135,True
22,624,1784807968.1381097,8,0.020238161087036133,0.0025297701358795166,True
22,625,1784807968.1586754,8,0.019443988800048828,0.0024304986000061035,True
22,626,1784807968.1785574,8,0.01906728744506836,0.002383410930633545,True
22,627,1784807968.1980577,8,0.022210359573364258,0.0027762949466705322,True
22,628,1784807968.2205534,8,0.017854690551757812,0.0022318363189697266,True
22,629,1784807968.2387342,8,0.021734952926635742,0.0027168691158294678,True
22,630,1784807968.2608466,8,0.01885676383972168,0.00235709547996521,True
22,631,1784807968.2802727,8,0.02168130874633789,0.0027101635932922363,True
22,632,1784807968.3022673,8,0.02129817008972168,0.00266227126121521,True
22,633,1784807968.3244724,8,0.019931316375732422,0.0024914145469665527,True
22,634,1784807968.3447444,8,0.01992654800415039,0.002490818500518799,True
22,635,1784807968.3650196,8,0.021747589111328125,0.0027184486389160156,True
22,636,1784807968.38723,8,0.019343852996826172,0.0024179816246032715,True
22,637,1784807968.407001,8,0.019318342208862305,0.002414792776107788,True
22,638,1784807968.427006,8,0.020615100860595703,0.002576887607574463,True
22,639,1784807968.4481568,8,0.019716739654541016,0.002464592456817627,True
22,640,1784807968.4684463,8,0.019463062286376953,0.002432882785797119,True
22,641,1784807968.488335,8,0.020122289657592773,0.0025152862071990967,True
22,642,1784807968.508833,8,0.0186765193939209,0.0023345649242401123,True
22,643,1784807968.5278096,8,0.020283222198486328,0.002535402774810791,True
22,644,1784807968.5485613,8,0.019035816192626953,0.002379477024078369,True
22,645,1784807968.5678492,8,0.02203059196472168,0.00275382399559021,True
22,646,1784807968.5903685,8,0.020045042037963867,0.0025056302547454834,True
22,647,1784807968.61074,8,0.018693208694458008,0.002336651086807251,True
22,648,1784807968.6298294,8,0.019696950912475586,0.0024621188640594482,True
22,649,1784807968.6498883,8,0.020205259323120117,0.0025256574153900146,True
22,650,1784807968.6704223,8,0.019906997680664062,0.002488374710083008,True
22,651,1784807968.6907134,8,0.019627094268798828,0.0024533867835998535,True
22,652,1784807968.7108076,8,0.020661592483520508,0.0025826990604400635,True
22,653,1784807968.731834,8,0.019168376922607422,0.0023960471153259277,True
22,654,1784807968.7513707,8,0.023749828338623047,0.002968728542327881,True
22,655,1784807968.775445,8,0.023027896881103516,0.0028784871101379395,True
22,656,1784807968.7988436,8,0.019533395767211914,0.0024416744709014893,True
22,657,1784807968.8187792,8,0.020163774490356445,0.0025204718112945557,True
22,658,1784807968.8392591,8,0.0200345516204834,0.002504318952560425,True
22,659,1784807968.8598278,8,0.020090103149414062,0.002511262893676758,True
22,660,1784807968.8804195,8,0.019733667373657227,0.0024667084217071533,True
22,661,1784807968.900514,8,0.01920318603515625,0.0024003982543945312,True
22,662,1784807968.92009,8,0.01766037940979004,0.002207547426223755,True
22,663,1784807968.9381397,8,0.019486665725708008,0.002435833215713501,True
22,664,1784807968.9581153,8,0.02067732810974121,0.0025846660137176514,True
22,665,1784807968.9791753,8,0.018890857696533203,0.0023613572120666504,True
22,666,1784807968.9984832,8,0.020123004913330078,0.0025153756141662598,True
22,667,1784807969.019174,8,0.0203859806060791,0.0025482475757598877,True
22,668,1784807969.0398962,8,0.020081281661987305,0.002510160207748413,True
22,669,1784807969.0607078,8,0.018602848052978516,0.0023253560066223145,True
22,670,1784807969.079588,8,0.018967390060424805,0.0023709237575531006,True
22,671,1784807969.098861,8,0.019540071487426758,0.0024425089359283447,True
22,672,1784807969.118665,8,0.020674467086791992,0.002584308385848999,True
22,673,1784807969.1396441,8,0.020128250122070312,0.002516031265258789,True
22,674,1784807969.1600835,8,0.019313335418701172,0.0024141669273376465,True
22,675,1784807969.1797426,8,0.0205075740814209,0.0025634467601776123,True
22,676,1784807969.2005436,8,0.022260427474975586,0.0027825534343719482,True
22,677,1784807969.223242,8,0.01916790008544922,0.0023959875106811523,True
22,678,1784807969.2427273,8,0.019034147262573242,0.0023792684078216553,True
22,679,1784807969.2621899,8,0.02131962776184082,0.0026649534702301025,True
22,680,1784807969.2837825,8,0.019987106323242188,0.0024983882904052734,True
22,681,1784807969.3042648,8,0.023646831512451172,0.0029558539390563965,True
22,682,1784807969.328365,8,0.018256664276123047,0.002282083034515381,True
22,683,1784807969.3468993,8,0.020519256591796875,0.0025649070739746094,True
22,684,1784807969.3678713,8,0.02065587043762207,0.002581983804702759,True
22,685,1784807969.3890657,8,0.020732641220092773,0.0025915801525115967,True
22,686,1784807969.410533,8,0.01989269256591797,0.002486586570739746,True
22,687,1784807969.430752,8,0.01988530158996582,0.0024856626987457275,True
22,688,1784807969.4509811,8,0.01781630516052246,0.0022270381450653076,True
22,689,1784807969.469349,8,0.020534992218017578,0.0025668740272521973,True
22,690,1784807969.490557,8,0.020109176635742188,0.0025136470794677734,True
22,691,1784807969.5113158,8,0.02107405662536621,0.0026342570781707764,True
22,692,1784807969.5327024,8,0.01967763900756836,0.002459704875946045,True
22,693,1784807969.5543084,8,0.019937753677368164,0.0024922192096710205,True
22,694,1784807969.5746756,8,0.020832300186157227,0.0026040375232696533,True
22,695,1784807969.596912,8,0.020633220672607422,0.0025791525840759277,True
22,696,1784807969.6183991,8,0.018229246139526367,0.002278655767440796,True
22,697,1784807969.637901,8,0.020247459411621094,0.0025309324264526367,True
22,698,1784807969.6589885,8,0.020603656768798828,0.0025754570960998535,True
22,699,1784807969.6800394,8,0.02050614356994629,0.002563267946243286,True
22,700,1784807969.7011433,8,0.01959514617919922,0.0024493932723999023,True
22,701,1784807969.7212226,8,0.019793987274169922,0.0024742484092712402,True
22,702,1784807969.7414052,8,0.020232677459716797,0.0025290846824645996,True
22,703,1784807969.7623656,8,0.01881718635559082,0.0023521482944488525,True
22,704,1784807969.7819316,8,0.02092432975769043,0.0026155412197113037,True
22,705,1784807969.8033986,8,0.019757509231567383,0.002469688653945923,True
22,706,1784807969.8242157,8,0.019717693328857422,0.0024647116661071777,True
22,707,1784807969.8442621,8,0.020149707794189453,0.0025187134742736816,True
22,708,1784807969.8647878,8,0.019559860229492188,0.0024449825286865234,True
22,709,1784807969.8846936,8,0.022753000259399414,0.0028441250324249268,True
22,710,1784807969.9079318,8,0.018702030181884766,0.0023377537727355957,True
22,711,1784807969.9269671,8,0.019492149353027344,0.002436518669128418,True
22,712,1784807969.946763,8,0.020598411560058594,0.0025748014450073242,True
22,713,1784807969.9677331,8,0.019237279891967773,0.0024046599864959717,True
22,714,1784807969.987363,8,0.019232988357543945,0.002404123544692993,True
22,715,1784807970.0069053,8,0.021665573120117188,0.0027081966400146484,True
22,716,1784807970.0288725,8,0.01983928680419922,0.0024799108505249023,True
22,717,1784807970.0491247,8,0.01898193359375,0.00237274169921875,True
22,718,1784807970.0692034,8,0.019930362701416016,0.002491295337677002,True
22,719,1784807970.0895002,8,0.01977372169494629,0.002471715211868286,True
22,720,1784807970.1101668,8,0.020613431930541992,0.002576678991317749,True
22,721,1784807970.131063,8,0.019394636154174805,0.0024243295192718506,True
22,722,1784807970.151215,8,0.018780946731567383,0.002347618341445923,True
22,723,1784807970.1706874,8,0.02003622055053711,0.0025045275688171387,True
22,724,1784807970.191636,8,0.01795649528503418,0.0022445619106292725,True
22,725,1784807970.2099414,8,0.019632339477539062,0.002454042434692383,True
22,726,1784807970.2301571,8,0.019071102142333984,0.002383887767791748,True
22,727,1784807970.2497556,8,0.020972251892089844,0.0026215314865112305,True
22,728,1784807970.2710893,8,0.01905655860900879,0.0023820698261260986,True
22,729,1784807970.29054,8,0.022073030471801758,0.0027591288089752197,True
22,730,1784807970.3130534,8,0.020756006240844727,0.002594500780105591,True
22,731,1784807970.3345163,8,0.021865367889404297,0.002733170986175537,True
22,732,1784807970.358142,8,0.02032637596130371,0.002540796995162964,True
22,733,1784807970.3788414,8,0.019145488739013672,0.002393186092376709,True
22,734,1784807970.3983078,8,0.019495248794555664,0.002436906099319458,True
22,735,1784807970.4182923,8,0.01955723762512207,0.002444654703140259,True
22,736,1784807970.4382005,8,0.019737720489501953,0.002467215061187744,True
22,737,1784807970.458523,8,0.017847537994384766,0.0022309422492980957,True
22,738,1784807970.477008,8,0.02424764633178711,0.0030309557914733887,True
22,739,1784807970.5023954,8,0.01645946502685547,0.0020574331283569336,True
22,740,1784807970.519253,8,0.018859386444091797,0.0023574233055114746,True
22,741,1784807970.5385246,8,0.018670082092285156,0.0023337602615356445,True
22,742,1784807970.5575614,8,0.018816709518432617,0.002352088689804077,True
22,743,1784807970.5767245,8,0.019462108612060547,0.0024327635765075684,True
22,744,1784807970.596469,8,0.0199739933013916,0.00249674916267395,True
22,745,1784807970.6168401,8,0.01991581916809082,0.0024894773960113525,True
22,746,1784807970.6373088,8,0.01936650276184082,0.0024208128452301025,True
22,747,1784807970.65897,8,0.021915435791015625,0.002739429473876953,True
22,748,1784807970.6816316,8,0.018850088119506836,0.0023562610149383545,True
22,749,1784807970.7009163,8,0.01948070526123047,0.0024350881576538086,True
22,750,1784807970.7209415,8,0.018803119659423828,0.0023503899574279785,True
22,751,1784807970.740133,8,0.02156209945678711,0.0026952624320983887,True
22,752,1784807970.7628694,8,0.019180774688720703,0.002397596836090088,True
22,753,1784807970.7824469,8,0.02036762237548828,0.002545952796936035,True
22,754,1784807970.8032355,8,0.021732091903686523,0.0027165114879608154,True
22,755,1784807970.8257627,8,0.019337892532348633,0.002417236566543579,True
22,756,1784807970.8455229,8,0.020410776138305664,0.002551347017288208,True
22,757,1784807970.866579,8,0.020190715789794922,0.0025238394737243652,True
22,758,1784807970.8874106,8,0.021452665328979492,0.0026815831661224365,True
22,759,1784807970.9092417,8,0.019545555114746094,0.0024431943893432617,True
22,760,1784807970.9292135,8,0.020626544952392578,0.0025783181190490723,True
22,761,1784807970.950141,8,0.019613981246948242,0.0024517476558685303,True
22,762,1784807970.9702833,8,0.019780635833740234,0.0024725794792175293,True
22,763,1784807970.990363,8,0.019046306610107422,0.0023807883262634277,True
22,764,1784807971.0099545,8,0.019577503204345703,0.002447187900543213,True
22,765,1784807971.0303469,8,0.020624160766601562,0.0025780200958251953,True
22,766,1784807971.0524023,8,0.024013757705688477,0.0030017197132110596,True
22,767,1784807971.077363,8,0.01882004737854004,0.002352505922317505,True
22,768,1784807971.0966296,8,0.019452333450317383,0.002431541681289673,True
22,769,1784807971.116548,8,0.01948833465576172,0.002436041831970215,True
22,770,1784807971.1376557,8,0.021529197692871094,0.0026911497116088867,True
22,771,1784807971.1598895,8,0.020040512084960938,0.002505064010620117,True
22,772,1784807971.180516,8,0.021144390106201172,0.0026430487632751465,True
22,773,1784807971.202314,8,0.02208566665649414,0.0027607083320617676,True
22,774,1784807971.2270916,8,0.019014596939086914,0.0023768246173858643,True
22,775,1784807971.2466848,8,0.019525527954101562,0.0024406909942626953,True
22,776,1784807971.2665384,8,0.020807504653930664,0.002600938081741333,True
22,777,1784807971.2877452,8,0.020890474319458008,0.002611309289932251,True
22,778,1784807971.3090055,8,0.02053380012512207,0.002566725015640259,True
22,779,1784807971.3299682,8,0.019289016723632812,0.0024111270904541016,True
22,780,1784807971.349697,8,0.020054101943969727,0.002506762742996216,True
22,781,1784807971.3701177,8,0.021498918533325195,0.0026873648166656494,True
22,782,1784807971.391908,8,0.01975393295288086,0.0024692416191101074,True
22,783,1784807971.4121816,8,0.020528316497802734,0.002566039562225342,True
22,784,1784807971.4334242,8,0.019940853118896484,0.0024926066398620605,True
22,785,1784807971.454777,8,0.019979000091552734,0.002497375011444092,True
22,786,1784807971.4750774,8,0.02147674560546875,0.0026845932006835938,True
22,787,1784807971.4968915,8,0.021111011505126953,0.002638876438140869,True
22,788,1784807971.5186625,8,0.0196835994720459,0.0024604499340057373,True
22,789,1784807971.5393038,8,0.018260717391967773,0.0022825896739959717,True
22,790,1784807971.5581903,8,0.020157337188720703,0.002519667148590088,True
22,791,1784807971.5793207,8,0.020226478576660156,0.0025283098220825195,True
22,792,1784807971.6001685,8,0.021213531494140625,0.002651691436767578,True
22,793,1784807971.6217206,8,0.021869897842407227,0.0027337372303009033,True
22,794,1784807971.644112,8,0.019749164581298828,0.0024686455726623535,True
22,795,1784807971.6642182,8,0.019634723663330078,0.0024543404579162598,True
22,796,1784807971.684283,8,0.01925945281982422,0.0024074316024780273,True
22,797,1784807971.7045412,8,0.0202939510345459,0.0025367438793182373,True
22,798,1784807971.7252796,8,0.021828174591064453,0.0027285218238830566,True
22,799,1784807971.7478976,8,0.018899202346801758,0.0023624002933502197,True
22,800,1784807971.767303,8,0.02002859115600586,0.0025035738945007324,True
22,801,1784807971.7877514,8,0.020679235458374023,0.002584904432296753,True
22,802,1784807971.8088942,8,0.019887924194335938,0.002485990524291992,True
22,803,1784807971.8290706,8,0.019106149673461914,0.0023882687091827393,True
22,804,1784807971.8484967,8,0.021170854568481445,0.0026463568210601807,True
22,805,1784807971.8703911,8,0.02009105682373047,0.0025113821029663086,True
22,806,1784807971.890853,8,0.020210742950439453,0.0025263428688049316,True
22,807,1784807971.9114392,8,0.01925182342529297,0.002406477928161621,True
22,808,1784807971.931121,8,0.01958179473876953,0.0024477243423461914,True
22,809,1784807971.9510276,8,0.020304441452026367,0.002538055181503296,True
22,810,1784807971.9716465,8,0.020935535430908203,0.0026169419288635254,True
22,811,1784807971.993044,8,0.02024531364440918,0.0025306642055511475,True
22,812,1784807972.0137727,8,0.020005464553833008,0.002500683069229126,True
22,813,1784807972.034163,8,0.01962423324584961,0.002453029155731201,True
22,814,1784807972.0542684,8,0.020929574966430664,0.002616196870803833,True
22,815,1784807972.075616,8,0.01981830596923828,0.002477288246154785,True
22,816,1784807972.095931,8,0.020612716674804688,0.002576589584350586,True
22,817,1784807972.117723,8,0.01900625228881836,0.002375781536102295,True
22,818,1784807972.137131,8,0.019047021865844727,0.002380877733230591,True
22,819,1784807972.156488,8,0.019459009170532227,0.0024323761463165283,True
22,820,1784807972.176363,8,0.02212381362915039,0.002765476703643799,True
22,821,1784807972.1987715,8,0.021027803421020508,0.0026284754276275635,True
22,822,1784807972.2202976,8,0.019561052322387695,0.002445131540298462,True
22,823,1784807972.2402816,8,0.02051377296447754,0.0025642216205596924,True
22,824,1784807972.2613919,8,0.018913984298706055,0.002364248037338257,True
22,825,1784807972.281263,8,0.02085709571838379,0.0026071369647979736,True
22,826,1784807972.3030937,8,0.02039790153503418,0.0025497376918792725,True
22,827,1784807972.3241842,8,0.020862340927124023,0.002607792615890503,True
22,828,1784807972.3456092,8,0.020427703857421875,0.0025534629821777344,True
22,829,1784807972.3664343,8,0.021181821823120117,0.0026477277278900146,True
22,830,1784807972.3879418,8,0.021202802658081055,0.002650350332260132,True
22,831,1784807972.409473,8,0.019231319427490234,0.0024039149284362793,True
22,832,1784807972.4290643,8,0.021730899810791016,0.002716362476348877,True
22,833,1784807972.4511764,8,0.018841981887817383,0.002355247735977173,True
22,834,1784807972.470314,8,0.021676063537597656,0.002709507942199707,True
22,835,1784807972.4922771,8,0.020207643508911133,0.0025259554386138916,True
22,836,1784807972.5127685,8,0.020563602447509766,0.0025704503059387207,True
22,837,1784807972.5338638,8,0.019240140914916992,0.002405017614364624,True
22,838,1784807972.5534008,8,0.01904749870300293,0.002380937337875366,True
22,839,1784807972.5731387,8,0.01846146583557129,0.002307683229446411,True
22,840,1784807972.592107,8,0.020386457443237305,0.002548307180404663,True
22,841,1784807972.6131122,8,0.01843738555908203,0.002304673194885254,True
22,842,1784807972.632607,8,0.019321918487548828,0.0024152398109436035,True
22,843,1784807972.652431,8,0.020233154296875,0.002529144287109375,True
22,844,1784807972.673857,8,0.01864027976989746,0.0023300349712371826,True
22,845,1784807972.693111,8,0.020131349563598633,0.002516418695449829,True
22,846,1784807972.7135043,8,0.019220352172851562,0.0024025440216064453,True
22,847,1784807972.7330606,8,0.01954793930053711,0.0024434924125671387,True
22,848,1784807972.7534509,8,0.022956132888793945,0.002869516611099243,True
22,849,1784807972.7767496,8,0.020262956619262695,0.002532869577407837,True
22,850,1784807972.7973738,8,0.020548582077026367,0.002568572759628296,True
22,851,1784807972.818318,8,0.019315242767333984,0.002414405345916748,True
22,852,1784807972.8379788,8,0.019780874252319336,0.002472609281539917,True
22,853,1784807972.8580656,8,0.019524812698364258,0.0024406015872955322,True
22,854,1784807972.877922,8,0.020346641540527344,0.002543330192565918,True
22,855,1784807972.8985472,8,0.021637678146362305,0.002704709768295288,True
22,856,1784807972.9213624,8,0.01844191551208496,0.00230523943901062,True
22,857,1784807972.9403024,8,0.021426916122436523,0.0026783645153045654,True
22,858,1784807972.962242,8,0.01905655860900879,0.0023820698261260986,True
22,859,1784807972.981883,8,0.02012324333190918,0.0025154054164886475,True
22,860,1784807973.0026941,8,0.02038884162902832,0.00254860520362854,True
22,861,1784807973.023481,8,0.019711732864379883,0.0024639666080474854,True
22,862,1784807973.043444,8,0.01897573471069336,0.00237196683883667,True
22,863,1784807973.063203,8,0.018589496612548828,0.0023236870765686035,True
22,864,1784807973.0822074,8,0.02126598358154297,0.002658247947692871,True
22,865,1784807973.1038313,8,0.01962900161743164,0.002453625202178955,True
22,866,1784807973.1238918,8,0.019742250442504883,0.0024677813053131104,True
22,867,1784807973.143945,8,0.022123336791992188,0.0027654170989990234,True
22,868,1784807973.166396,8,0.02235245704650879,0.0027940571308135986,True
22,869,1784807973.1893485,8,0.020986557006835938,0.002623319625854492,True
22,870,1784807973.2108772,8,0.019353151321411133,0.0024191439151763916,True
22,871,1784807973.2306159,8,0.020256519317626953,0.002532064914703369,True
22,872,1784807973.2511518,8,0.020496368408203125,0.0025620460510253906,True
22,873,1784807973.2721615,8,0.020578384399414062,0.002572298049926758,True
22,874,1784807973.293184,8,0.02027583122253418,0.0025344789028167725,True
22,875,1784807973.3138683,8,0.02087235450744629,0.002609044313430786,True
22,876,1784807973.335013,8,0.022087574005126953,0.002760946750640869,True
22,877,1784807973.3574498,8,0.018839597702026367,0.002354949712753296,True
22,878,1784807973.3768342,8,0.021608829498291016,0.002701103687286377,True
22,879,1784807973.3989081,8,0.020636796951293945,0.002579599618911743,True
22,880,1784807973.4203002,8,0.020020246505737305,0.002502530813217163,True
22,881,1784807973.440766,8,0.018152713775634766,0.0022690892219543457,True
22,882,1784807973.4596336,8,0.02029705047607422,0.0025371313095092773,True
22,883,1784807973.4802387,8,0.019750595092773438,0.0024688243865966797,True
22,884,1784807973.500271,8,0.019254207611083984,0.002406775951385498,True
22,885,1784807973.519778,8,0.01909184455871582,0.0023864805698394775,True
22,886,1784807973.5393455,8,0.01926112174987793,0.002407640218734741,True
22,887,1784807973.55898,8,0.020294904708862305,0.002536863088607788,True
22,888,1784807973.5795932,8,0.021360397338867188,0.0026700496673583984,True
22,889,1784807973.6012926,8,0.020390748977661133,0.0025488436222076416,True
22,890,1784807973.6221473,8,0.020276308059692383,0.002534538507461548,True
22,891,1784807973.6428149,8,0.018533706665039062,0.002316713333129883,True
22,892,1784807973.6627266,8,0.02055215835571289,0.0025690197944641113,True
22,893,1784807973.6837888,8,0.01902604103088379,0.0023782551288604736,True
22,894,1784807973.7031698,8,0.021204233169555664,0.002650529146194458,True
22,895,1784807973.724874,8,0.018946409225463867,0.0023683011531829834,True
22,896,1784807973.744513,8,0.0212247371673584,0.0026530921459198,True
22,897,1784807973.7663724,8,0.01942133903503418,0.0024276673793792725,True
22,898,1784807973.7861965,8,0.02025318145751953,0.0025316476821899414,True
22,899,1784807973.8074563,8,0.02110910415649414,0.0026386380195617676,True
22,900,1784807973.8290627,8,0.019382476806640625,0.002422809600830078,True
22,901,1784807973.8492563,8,0.02138686180114746,0.0026733577251434326,True
22,902,1784807973.8710513,8,0.02009439468383789,0.0025117993354797363,True
22,903,1784807973.89166,8,0.020143508911132812,0.0025179386138916016,True
22,904,1784807973.9124396,8,0.01928424835205078,0.0024105310440063477,True
22,905,1784807973.9320445,8,0.02186107635498047,0.0027326345443725586,True
22,906,1784807973.9543405,8,0.019641637802124023,0.002455204725265503,True
22,907,1784807973.9742897,8,0.01779961585998535,0.002224951982498169,True
22,908,1784807973.9924057,8,0.020023107528686523,0.0025028884410858154,True
22,909,1784807974.0127501,8,0.021626710891723633,0.002703338861465454,True
22,910,1784807974.0348449,8,0.017848491668701172,0.0022310614585876465,True
22,911,1784807974.052976,8,0.018404483795166016,0.002300560474395752,True
22,912,1784807974.0718474,8,0.02121758460998535,0.002652198076248169,True
22,913,1784807974.09336,8,0.02022552490234375,0.0025281906127929688,True
22,914,1784807974.1140943,8,0.019445180892944336,0.002430647611618042,True
22,915,1784807974.1338475,8,0.02010035514831543,0.0025125443935394287,True
22,916,1784807974.1543176,8,0.019595623016357422,0.0024494528770446777,True
22,917,1784807974.1744618,8,0.0191652774810791,0.0023956596851348877,True
22,918,1784807974.1939602,8,0.019763469696044922,0.0024704337120056152,True
22,919,1784807974.2139904,8,0.02126455307006836,0.002658069133758545,True
22,920,1784807974.2367194,8,0.019992351531982422,0.0024990439414978027,True
22,921,1784807974.2570758,8,0.01969456672668457,0.0024618208408355713,True
22,922,1784807974.2781363,8,0.018150806427001953,0.002268850803375244,True
22,923,1784807974.2966487,8,0.01977252960205078,0.0024715662002563477,True
22,924,1784807974.3166971,8,0.019815921783447266,0.002476990222930908,True
22,925,1784807974.3373084,8,0.021137475967407227,0.0026421844959259033,True
22,926,1784807974.358742,8,0.01889634132385254,0.0023620426654815674,True
22,927,1784807974.3780668,8,0.02145075798034668,0.002681344747543335,True
22,928,1784807974.400243,8,0.019851207733154297,0.002481400966644287,True
22,929,1784807974.4206557,8,0.02053666114807129,0.002567082643508911,True
22,930,1784807974.4415288,8,0.01974177360534668,0.002467721700668335,True
22,931,1784807974.461696,8,0.021347522735595703,0.002668440341949463,True
22,932,1784807974.4835548,8,0.0210113525390625,0.0026264190673828125,True
22,933,1784807974.5049992,8,0.0212557315826416,0.0026569664478302,True
22,934,1784807974.526686,8,0.01714348793029785,0.0021429359912872314,True
22,935,1784807974.5442533,8,0.019911527633666992,0.002488940954208374,True
22,936,1784807974.564664,8,0.01916360855102539,0.002395451068878174,True
22,937,1784807974.5846555,8,0.020658493041992188,0.0025823116302490234,True
22,938,1784807974.6056483,8,0.018657445907592773,0.0023321807384490967,True
22,939,1784807974.6250336,8,0.01981210708618164,0.002476513385772705,True
22,940,1784807974.645178,8,0.01959991455078125,0.0024499893188476562,True
22,941,1784807974.6651464,8,0.020929574966430664,0.002616196870803833,True
22,942,1784807974.6863694,8,0.018803119659423828,0.0023503899574279785,True
22,943,1784807974.7061386,8,0.020984888076782227,0.0026231110095977783,True
22,944,1784807974.727523,8,0.018718957901000977,0.002339869737625122,True
22,945,1784807974.7465532,8,0.020711660385131836,0.0025889575481414795,True
22,946,1784807974.7677832,8,0.020418643951416016,0.002552330493927002,True
22,947,1784807974.7886117,8,0.02093219757080078,0.0026165246963500977,True
22,948,1784807974.8098774,8,0.01867508888244629,0.002334386110305786,True
22,949,1784807974.829123,8,0.01809549331665039,0.002261936664581299,True
22,950,1784807974.8475852,8,0.020085573196411133,0.0025106966495513916,True
22,951,1784807974.8687856,8,0.019010305404663086,0.0023762881755828857,True
22,952,1784807974.8882694,8,0.020708560943603516,0.0025885701179504395,True
22,953,1784807974.909379,8,0.020034074783325195,0.0025042593479156494,True
22,954,1784807974.9297988,8,0.02030205726623535,0.002537757158279419,True
22,955,1784807974.9508312,8,0.019225120544433594,0.0024031400680541992,True
22,956,1784807974.9705465,8,0.019542694091796875,0.0024428367614746094,True
22,957,1784807974.990412,8,0.020003318786621094,0.0025004148483276367,True
22,958,1784807975.0107958,8,0.020331382751464844,0.0025414228439331055,True
22,959,1784807975.0323644,8,0.01776123046875,0.00222015380859375,True
22,960,1784807975.0505157,8,0.020907878875732422,0.0026134848594665527,True
22,961,1784807975.0717762,8,0.020351171493530273,0.002543896436691284,True
22,962,1784807975.0924318,8,0.021448373794555664,0.002681046724319458,True
22,963,1784807975.114285,8,0.01892542839050293,0.002365678548812866,True
22,964,1784807975.1335354,8,0.018552780151367188,0.0023190975189208984,True
22,965,1784807975.1524398,8,0.018370866775512695,0.002296358346939087,True
22,966,1784807975.1711853,8,0.018642187118530273,0.002330273389816284,True
22,967,1784807975.1901622,8,0.022849082946777344,0.002856135368347168,True
22,968,1784807975.2133517,8,0.018301725387573242,0.0022877156734466553,True
22,969,1784807975.2324073,8,0.0201876163482666,0.002523452043533325,True
22,970,1784807975.2535763,8,0.018184661865234375,0.002273082733154297,True
22,971,1784807975.2721667,8,0.02234339714050293,0.002792924642562866,True
22,972,1784807975.2949893,8,0.02106618881225586,0.0026332736015319824,True
22,973,1784807975.3164818,8,0.017497777938842773,0.0021872222423553467,True
22,974,1784807975.3344727,8,0.018826723098754883,0.0023533403873443604,True
22,975,1784807975.3537314,8,0.01993560791015625,0.0024919509887695312,True
22,976,1784807975.3740356,8,0.01951885223388672,0.00243985652923584,True
22,977,1784807975.3940878,8,0.021142959594726562,0.0026428699493408203,True
22,978,1784807975.4157097,8,0.018503665924072266,0.002312958240509033,True
22,979,1784807975.4346054,8,0.019446849822998047,0.002430856227874756,True
22,980,1784807975.454766,8,0.019914865493774414,0.0024893581867218018,True
22,981,1784807975.4750478,8,0.0191497802734375,0.0023937225341796875,True
22,982,1784807975.4949207,8,0.02208256721496582,0.0027603209018707275,True
22,983,1784807975.5175035,8,0.019111156463623047,0.002388894557952881,True
22,984,1784807975.5380204,8,0.020017385482788086,0.0025021731853485107,True
22,985,1784807975.5584147,8,0.018935203552246094,0.0023669004440307617,True
22,986,1784807975.5776985,8,0.018716096878051758,0.0023395121097564697,True
22,987,1784807975.596842,8,0.020107746124267578,0.0025134682655334473,True
22,988,1784807975.6172707,8,0.021922826766967773,0.0027403533458709717,True
22,989,1784807975.6397545,8,0.02057337760925293,0.002571672201156616,True
22,990,1784807975.6606333,8,0.019905567169189453,0.0024881958961486816,True
22,991,1784807975.6808448,8,0.01946568489074707,0.002433210611343384,True
22,992,1784807975.7010133,8,0.022257089614868164,0.0027821362018585205,True
22,993,1784807975.7236276,8,0.01758885383605957,0.0021986067295074463,True
22,994,1784807975.7415564,8,0.01982426643371582,0.0024780333042144775,True
22,995,1784807975.7616732,8,0.021018028259277344,0.002627253532409668,True
22,996,1784807975.7830803,8,0.020838499069213867,0.0026048123836517334,True
22,997,1784807975.8044496,8,0.018184423446655273,0.002273052930831909,True
22,998,1784807975.8230534,8,0.020367145538330078,0.0025458931922912598,True
22,999,1784807975.843756,8,0.019471406936645508,0.0024339258670806885,True
22,1000,1784807975.8635137,8,0.019597291946411133,0.0024496614933013916,True
22,1001,1784807975.8834894,8,0.0222165584564209,0.0027770698070526123,True
22,1002,1784807975.9060495,8,0.018816232681274414,0.0023520290851593018,True
22,1003,1784807975.9254944,8,0.019361019134521484,0.0024201273918151855,True
22,1004,1784807975.9454863,8,0.020963191986083984,0.002620398998260498,True
22,1005,1784807975.967534,8,0.018665075302124023,0.002333134412765503,True
22,1006,1784807975.9866354,8,0.020524263381958008,0.002565532922744751,True
22,1007,1784807976.0078642,8,0.02001047134399414,0.0025013089179992676,True
22,1008,1784807976.0281882,8,0.0184633731842041,0.0023079216480255127,True
22,1009,1784807976.0470054,8,0.021107912063598633,0.002638489007949829,True
22,1010,1784807976.0685008,8,0.01960897445678711,0.0024511218070983887,True
22,1011,1784807976.0886,8,0.019806385040283203,0.0024757981300354004,True
22,1012,1784807976.1088238,8,0.022388458251953125,0.0027985572814941406,True
22,1013,1784807976.1315675,8,0.02047443389892578,0.0025593042373657227,True
22,1014,1784807976.1524878,8,0.018522262573242188,0.0023152828216552734,True
22,1015,1784807976.1714885,8,0.019115209579467773,0.0023894011974334717,True
22,1016,1784807976.1909742,8,0.01938915252685547,0.0024236440658569336,True
22,1017,1784807976.2107234,8,0.01883077621459961,0.002353847026824951,True
22,1018,1784807976.230108,8,0.019126176834106445,0.0023907721042633057,True
22,1019,1784807976.2495253,8,0.020884275436401367,0.002610534429550171,True
22,1020,1784807976.2711847,8,0.018541812896728516,0.0023177266120910645,True
22,1021,1784807976.290089,8,0.018453121185302734,0.002306640148162842,True
22,1022,1784807976.3088205,8,0.024817228317260742,0.0031021535396575928,True
22,1023,1784807976.333993,8,0.020274639129638672,0.002534329891204834,True
22,1024,1784807976.354612,8,0.018487930297851562,0.0023109912872314453,True
22,1025,1784807976.3734367,8,0.01984715461730957,0.0024808943271636963,True
22,1026,1784807976.3936749,8,0.020541667938232422,0.0025677084922790527,True
22,1027,1784807976.4148762,8,0.018980979919433594,0.0023726224899291992,True
22,1028,1784807976.4347968,8,0.020061969757080078,0.0025077462196350098,True
22,1029,1784807976.4552698,8,0.020831823348999023,0.002603977918624878,True
22,1030,1784807976.4765406,8,0.01894974708557129,0.002368718385696411,True
22,1031,1784807976.4974506,8,0.01830005645751953,0.0022875070571899414,True
22,1032,1784807976.5161965,8,0.020867586135864258,0.0026084482669830322,True
22,1033,1784807976.5378711,8,0.019259214401245117,0.0024074018001556396,True
22,1034,1784807976.5575397,8,0.01871466636657715,0.0023393332958221436,True
22,1035,1784807976.57679,8,0.019268512725830078,0.0024085640907287598,True
22,1036,1784807976.5964758,8,0.02020573616027832,0.00252571702003479,True
22,1037,1784807976.6171749,8,0.01845264434814453,0.0023065805435180664,True
22,1038,1784807976.6363397,8,0.020383596420288086,0.0025479495525360107,True
22,1039,1784807976.6571605,8,0.01931929588317871,0.002414911985397339,True
22,1040,1784807976.676815,8,0.0203399658203125,0.0025424957275390625,True
22,1041,1784807976.698179,8,0.020212650299072266,0.002526581287384033,True
22,1042,1784807976.719076,8,0.01952672004699707,0.002440840005874634,True
22,1043,1784807976.739662,8,0.020758867263793945,0.002594858407974243,True
22,1044,1784807976.7619126,8,0.01910686492919922,0.0023883581161499023,True
22,1045,1784807976.7821372,8,0.01943063735961914,0.0024288296699523926,True
22,1046,1784807976.8019683,8,0.022849321365356445,0.0028561651706695557,True
22,1047,1784807976.8258717,8,0.020202159881591797,0.0025252699851989746,True
22,1048,1784807976.846994,8,0.021245479583740234,0.0026556849479675293,True
22,1049,1784807976.8690755,8,0.018674373626708984,0.002334296703338623,True
22,1050,1784807976.889987,8,0.018247604370117188,0.0022809505462646484,True
22,1051,1784807976.908639,8,0.02088451385498047,0.0026105642318725586,True
22,1052,1784807976.9301374,8,0.021424531936645508,0.0026780664920806885,True
22,1053,1784807976.9520154,8,0.019962549209594727,0.002495318651199341,True
22,1054,1784807976.9724984,8,0.01967453956604004,0.002459317445755005,True
22,1055,1784807976.9927645,8,0.02128458023071289,0.0026605725288391113,True
22,1056,1784807977.0148048,8,0.019519805908203125,0.0024399757385253906,True
22,1057,1784807977.0349774,8,0.02081751823425293,0.002602189779281616,True
22,1058,1784807977.056468,8,0.020670413970947266,0.002583801746368408,True
22,1059,1784807977.0776932,8,0.022929668426513672,0.002866208553314209,True
22,1060,1784807977.1010802,8,0.018540143966674805,0.0023175179958343506,True
22,1061,1784807977.120082,8,0.020456790924072266,0.002557098865509033,True
22,1062,1784807977.1413548,8,0.019883155822753906,0.0024853944778442383,True
22,1063,1784807977.1619763,8,0.019273996353149414,0.0024092495441436768,True
22,1064,1784807977.1816497,8,0.018957138061523438,0.0023696422576904297,True
22,1065,1784807977.201376,8,0.020831584930419922,0.0026039481163024902,True
22,1066,1784807977.2228103,8,0.02058887481689453,0.0025736093521118164,True
22,1067,1784807977.2438314,8,0.021749496459960938,0.002718687057495117,True
22,1068,1784807977.2659469,8,0.019437551498413086,0.0024296939373016357,True
22,1069,1784807977.2859733,8,0.022325515747070312,0.002790689468383789,True
22,1070,1784807977.3092186,8,0.018346071243286133,0.0022932589054107666,True
22,1071,1784807977.3282192,8,0.021684885025024414,0.0027106106281280518,True
22,1072,1784807977.3509622,8,0.02076554298400879,0.0025956928730010986,True
22,1073,1784807977.3732252,8,0.019891023635864258,0.0024863779544830322,True
22,1074,1784807977.394941,8,0.0217130184173584,0.0027141273021698,True
22,1075,1784807977.4180427,8,0.020917654037475586,0.0026147067546844482,True
22,1076,1784807977.4395206,8,0.01943063735961914,0.0024288296699523926,True
22,1077,1784807977.4593067,8,0.019620895385742188,0.0024526119232177734,True
22,1078,1784807977.4799519,8,0.025486230850219727,0.003185778856277466,True
22,1079,1784807977.5059164,8,0.017360210418701172,0.0021700263023376465,True
22,1080,1784807977.523655,8,0.019896507263183594,0.0024870634078979492,True
22,1081,1784807977.5447414,8,0.022067785263061523,0.0027584731578826904,True
22,1082,1784807977.5673275,8,0.019637584686279297,0.002454698085784912,True
22,1083,1784807977.5873501,8,0.01949477195739746,0.0024368464946746826,True
22,1084,1784807977.6073737,8,0.018222808837890625,0.002277851104736328,True
22,1085,1784807977.6264966,8,0.019261837005615234,0.0024077296257019043,True
22,1086,1784807977.6466155,8,0.01951146125793457,0.0024389326572418213,True
22,1087,1784807977.6665418,8,0.019728899002075195,0.0024661123752593994,True
22,1088,1784807977.6869516,8,0.019475936889648438,0.0024344921112060547,True
22,1089,1784807977.7070823,8,0.019069433212280273,0.002383679151535034,True
22,1090,1784807977.7274742,8,0.019039630889892578,0.0023799538612365723,True
22,1091,1784807977.7469823,8,0.020176172256469727,0.002522021532058716,True
22,1092,1784807977.767854,8,0.019377470016479492,0.0024221837520599365,True
22,1093,1784807977.787578,8,0.019397974014282227,0.0024247467517852783,True
22,1094,1784807977.8075497,8,0.019756793975830078,0.0024695992469787598,True
22,1095,1784807977.8282442,8,0.020495176315307617,0.002561897039413452,True
22,1096,1784807977.849118,8,0.02024102210998535,0.002530127763748169,True
22,1097,1784807977.869645,8,0.020483016967773438,0.0025603771209716797,True
22,1098,1784807977.8904366,8,0.019560575485229492,0.0024450719356536865,True
22,1099,1784807977.9106,8,0.018355369567871094,0.0022944211959838867,True
22,1100,1784807977.929328,8,0.020511627197265625,0.002563953399658203,True
22,1101,1784807977.9507377,8,0.02035069465637207,0.002543836832046509,True
22,1102,1784807977.9724886,8,0.019016742706298828,0.0023770928382873535,True
22,1103,1784807977.99194,8,0.01995849609375,0.00249481201171875,True
22,1104,1784807978.0125043,8,0.019935131072998047,0.002491891384124756,True
22,1105,1784807978.0332434,8,0.01862025260925293,0.002327531576156616,True
22,1106,1784807978.0522668,8,0.021101713180541992,0.002637714147567749,True
22,1107,1784807978.0738354,8,0.02211451530456543,0.0027643144130706787,True
22,1108,1784807978.0990062,8,0.014662027359008789,0.0018327534198760986,True
22,1109,1784807978.1142898,8,0.02016758918762207,0.002520948648452759,True
22,1110,1784807978.1351566,8,0.019335269927978516,0.0024169087409973145,True
22,1111,1784807978.1562698,8,0.019780874252319336,0.002472609281539917,True
22,1112,1784807978.1781797,8,0.02012014389038086,0.0025150179862976074,True
22,1113,1784807978.1990972,8,0.024561405181884766,0.0030701756477355957,True
22,1114,1784807978.2240787,8,0.019598007202148438,0.0024497509002685547,True
22,1115,1784807978.2442205,8,0.01785755157470703,0.002232193946838379,True
22,1116,1784807978.2626212,8,0.019328832626342773,0.0024161040782928467,True
22,1117,1784807978.2826974,8,0.020003318786621094,0.0025004148483276367,True
22,1118,1784807978.3032444,8,0.019540786743164062,0.002442598342895508,True
22,1119,1784807978.323261,8,0.020158767700195312,0.002519845962524414,True
22,1120,1784807978.3439744,8,0.019292116165161133,0.0024115145206451416,True
22,1121,1784807978.3636262,8,0.019788026809692383,0.002473503351211548,True
22,1122,1784807978.3838797,8,0.01865673065185547,0.0023320913314819336,True
22,1123,1784807978.4037545,8,0.020786523818969727,0.002598315477371216,True
22,1124,1784807978.4253957,8,0.02050185203552246,0.0025627315044403076,True
22,1125,1784807978.4462788,8,0.020676612854003906,0.0025845766067504883,True
22,1126,1784807978.4674387,8,0.019882678985595703,0.002485334873199463,True
22,1127,1784807978.4881263,8,0.02001786231994629,0.002502232789993286,True
22,1128,1784807978.5089371,8,0.02200484275817871,0.002750605344772339,True
22,1129,1784807978.5319052,8,0.01714944839477539,0.002143681049346924,True
22,1130,1784807978.5496798,8,0.02081584930419922,0.0026019811630249023,True
22,1131,1784807978.5709007,8,0.020565032958984375,0.002570629119873047,True
22,1132,1784807978.5919511,8,0.018735170364379883,0.0023418962955474854,True
22,1133,1784807978.6125698,8,0.02127528190612793,0.002659410238265991,True
22,1134,1784807978.6343076,8,0.0205843448638916,0.00257304310798645,True
22,1135,1784807978.6553228,8,0.018986225128173828,0.0023732781410217285,True
22,1136,1784807978.6747358,8,0.0212094783782959,0.0026511847972869873,True
22,1137,1784807978.6963148,8,0.02069711685180664,0.00258713960647583,True
22,1138,1784807978.7174554,8,0.018828868865966797,0.0023536086082458496,True
22,1139,1784807978.736915,8,0.021893024444580078,0.0027366280555725098,True
22,1140,1784807978.7592633,8,0.019083261489868164,0.0023854076862335205,True
22,1141,1784807978.7792304,8,0.01987767219543457,0.0024847090244293213,True
22,1142,1784807978.7999876,8,0.020993471145629883,0.0026241838932037354,True
22,1143,1784807978.8213992,8,0.020041465759277344,0.002505183219909668,True
22,1144,1784807978.841836,8,0.018821001052856445,0.0023526251316070557,True
22,1145,1784807978.860965,8,0.01956033706665039,0.002445042133331299,True
22,1146,1784807978.880928,8,0.018978595733642578,0.0023723244667053223,True
22,1147,1784807978.9002728,8,0.019126415252685547,0.0023908019065856934,True
22,1148,1784807978.9199076,8,0.021736860275268555,0.0027171075344085693,True
22,1149,1784807978.9419985,8,0.019877910614013672,0.002484738826751709,True
22,1150,1784807978.9623246,8,0.021453857421875,0.002681732177734375,True
22,1151,1784807978.9844596,8,0.020120620727539062,0.002515077590942383,True
22,1152,1784807979.0050423,8,0.022605419158935547,0.0028256773948669434,True
22,1153,1784807979.0284474,8,0.018249988555908203,0.0022812485694885254,True
22,1154,1784807979.0470655,8,0.021175146102905273,0.002646893262863159,True
22,1155,1784807979.0688097,8,0.019571781158447266,0.002446472644805908,True
22,1156,1784807979.0886898,8,0.021013259887695312,0.002626657485961914,True
22,1157,1784807979.110124,8,0.01934027671813965,0.002417534589767456,True
22,1158,1784807979.1315954,8,0.019749879837036133,0.0024687349796295166,True
22,1159,1784807979.1520898,8,0.018993139266967773,0.0023741424083709717,True
22,1160,1784807979.1713865,8,0.019498348236083984,0.002437293529510498,True
22,1161,1784807979.191458,8,0.020826339721679688,0.002603292465209961,True
22,1162,1784807979.2127323,8,0.022669076919555664,0.002833634614944458,True
22,1163,1784807979.2357135,8,0.018915891647338867,0.0023644864559173584,True
22,1164,1784807979.2551792,8,0.021677255630493164,0.0027096569538116455,True
22,1165,1784807979.277359,8,0.01906108856201172,0.002382636070251465,True
22,1166,1784807979.2973306,8,0.01995563507080078,0.0024944543838500977,True
22,1167,1784807979.317728,8,0.021782398223876953,0.002722799777984619,True
22,1168,1784807979.3417184,8,0.018573760986328125,0.0023217201232910156,True
22,1169,1784807979.3608718,8,0.017876625061035156,0.0022345781326293945,True
22,1170,1784807979.3794906,8,0.019815683364868164,0.0024769604206085205,True
22,1171,1784807979.4008732,8,0.01955699920654297,0.002444624900817871,True
22,1172,1784807979.4208584,8,0.019215822219848633,0.002401977777481079,True
22,1173,1784807979.4409592,8,0.020247220993041992,0.002530902624130249,True
22,1174,1784807979.46159,8,0.019254446029663086,0.0024068057537078857,True
22,1175,1784807979.4812043,8,0.017234086990356445,0.0021542608737945557,True
22,1176,1784807979.4988818,8,0.02063274383544922,0.0025790929794311523,True
22,1177,1784807979.5199158,8,0.021398067474365234,0.0026747584342956543,True
22,1178,1784807979.5417364,8,0.02164292335510254,0.0027053654193878174,True
22,1179,1784807979.5661993,8,0.01734137535095215,0.0021676719188690186,True
22,1180,1784807979.5846956,8,0.01830315589904785,0.0022878944873809814,True
22,1181,1784807979.6034026,8,0.01974034309387207,0.002467542886734009,True
22,1182,1784807979.6236305,8,0.02124953269958496,0.00265619158744812,True
22,1183,1784807979.6457055,8,0.019010305404663086,0.0023762881755828857,True
22,1184,1784807979.6650689,8,0.01858806610107422,0.0023235082626342773,True
22,1185,1784807979.6844459,8,0.019834518432617188,0.0024793148040771484,True
22,1186,1784807979.7054744,8,0.019231557846069336,0.002403944730758667,True
22,1187,1784807979.725148,8,0.02132701873779297,0.002665877342224121,True
22,1188,1784807979.746786,8,0.02063465118408203,0.002579331398010254,True
22,1189,1784807979.7677455,8,0.020440340042114258,0.0025550425052642822,True
22,1190,1784807979.7885046,8,0.019655466079711914,0.0024569332599639893,True
22,1191,1784807979.8090534,8,0.02279829978942871,0.002849787473678589,True
22,1192,1784807979.8323216,8,0.01935887336730957,0.0024198591709136963,True
22,1193,1784807979.8520873,8,0.020158052444458008,0.002519756555557251,True
22,1194,1784807979.8735833,8,0.019553422927856445,0.0024441778659820557,True
22,1195,1784807979.8942566,8,0.019740581512451172,0.0024675726890563965,True
22,1196,1784807979.9146495,8,0.020005464553833008,0.002500683069229126,True
22,1197,1784807979.9351947,8,0.019063234329223633,0.002382904291152954,True
22,1198,1784807979.9545803,8,0.022289514541625977,0.002786189317703247,True
22,1199,1784807979.9773414,8,0.01998591423034668,0.002498239278793335,True
22,1200,1784807979.998987,8,0.021581411361694336,0.002697676420211792,True
22,1201,1784807980.021046,8,0.020871400833129883,0.0026089251041412354,True
22,1202,1784807980.0424757,8,0.02126908302307129,0.002658635377883911,True
22,1203,1784807980.064208,8,0.0208282470703125,0.0026035308837890625,True
22,1204,1784807980.0858402,8,0.02151656150817871,0.002689570188522339,True
22,1205,1784807980.1083498,8,0.018324851989746094,0.0022906064987182617,True
22,1206,1784807980.1271296,8,0.020751237869262695,0.002593904733657837,True
22,1207,1784807980.149507,8,0.018917560577392578,0.0023646950721740723,True
22,1208,1784807980.1700149,8,0.019275665283203125,0.0024094581604003906,True
22,1209,1784807980.1902776,8,0.020877599716186523,0.0026096999645233154,True
22,1210,1784807980.2119613,8,0.019992351531982422,0.0024990439414978027,True
22,1211,1784807980.232442,8,0.020289182662963867,0.0025361478328704834,True
22,1212,1784807980.253161,8,0.01993727684020996,0.002492159605026245,True
22,1213,1784807980.2737076,8,0.019200563430786133,0.0024000704288482666,True
22,1214,1784807980.2970445,8,0.019350767135620117,0.0024188458919525146,True
22,1215,1784807980.3166711,8,0.02050495147705078,0.0025631189346313477,True
22,1216,1784807980.3375874,8,0.02110576629638672,0.00263822078704834,True
22,1217,1784807980.3592548,8,0.020261049270629883,0.0025326311588287354,True
22,1218,1784807980.3800986,8,0.021189451217651367,0.002648681402206421,True
22,1219,1784807980.402158,8,0.020091533660888672,0.002511441707611084,True
22,1220,1784807980.4225838,8,0.02003931999206543,0.0025049149990081787,True
22,1221,1784807980.4431348,8,0.01983356475830078,0.0024791955947875977,True
22,1222,1784807980.4638839,8,0.021818876266479492,0.0027273595333099365,True
22,1223,1784807980.4862514,8,0.019854307174682617,0.002481788396835327,True
22,1224,1784807980.5064187,8,0.01995062828063965,0.002493828535079956,True
22,1225,1784807980.5266726,8,0.019327640533447266,0.002415955066680908,True
22,1226,1784807980.5463872,8,0.02126145362854004,0.002657681703567505,True
22,1227,1784807980.5686836,8,0.019411325454711914,0.0024264156818389893,True
22,1228,1784807980.5884497,8,0.01977372169494629,0.002471715211868286,True
22,1229,1784807980.608695,8,0.018425703048706055,0.002303212881088257,True
22,1230,1784807980.628017,8,0.01927495002746582,0.0024093687534332275,True
22,1231,1784807980.647951,8,0.019140243530273438,0.0023925304412841797,True
22,1232,1784807980.6678982,8,0.020903348922729492,0.0026129186153411865,True
22,1233,1784807980.6897535,8,0.01958775520324707,0.002448469400405884,True
22,1234,1784807980.7101727,8,0.02144789695739746,0.0026809871196746826,True
22,1235,1784807980.7323465,8,0.019730091094970703,0.002466261386871338,True
22,1236,1784807980.7525444,8,0.02032947540283203,0.002541184425354004,True
22,1237,1784807980.773464,8,0.019623994827270508,0.0024529993534088135,True
22,1238,1784807980.7979212,8,0.016767501831054688,0.002095937728881836,True
22,1239,1784807980.8151653,8,0.020348072052001953,0.002543509006500244,True
22,1240,1784807980.835857,8,0.018797636032104492,0.0023497045040130615,True
22,1241,1784807980.8559291,8,0.019708871841430664,0.002463608980178833,True
22,1242,1784807980.8760157,8,0.018893003463745117,0.0023616254329681396,True
22,1243,1784807980.895277,8,0.020684003829956055,0.002585500478744507,True
22,1244,1784807980.9164276,8,0.021605968475341797,0.0027007460594177246,True
22,1245,1784807980.9388032,8,0.021127700805664062,0.002640962600708008,True
22,1246,1784807980.9603672,8,0.020516395568847656,0.002564549446105957,True
22,1247,1784807980.9815123,8,0.01856827735900879,0.0023210346698760986,True
22,1248,1784807981.0005438,8,0.020200729370117188,0.0025250911712646484,True
22,1249,1784807981.021201,8,0.022513151168823242,0.0028141438961029053,True
22,1250,1784807981.0455976,8,0.01959967613220215,0.0024499595165252686,True
22,1251,1784807981.0659626,8,0.022193431854248047,0.002774178981781006,True
22,1252,1784807981.0884619,8,0.019472122192382812,0.0024340152740478516,True
22,1253,1784807981.1084661,8,0.021731138229370117,0.0027163922786712646,True
22,1254,1784807981.130898,8,0.019726991653442383,0.002465873956680298,True
22,1255,1784807981.1509366,8,0.021004915237426758,0.0026256144046783447,True
22,1256,1784807981.1723213,8,0.019963502883911133,0.0024954378604888916,True
22,1257,1784807981.192894,8,0.020184040069580078,0.0025230050086975098,True
22,1258,1784807981.2137496,8,0.019153594970703125,0.0023941993713378906,True
22,1259,1784807981.233373,8,0.019542694091796875,0.0024428367614746094,True
22,1260,1784807981.25368,8,0.02211141586303711,0.0027639269828796387,True
22,1261,1784807981.2764437,8,0.019542694091796875,0.0024428367614746094,True
22,1262,1784807981.2964106,8,0.020218849182128906,0.0025273561477661133,True
22,1263,1784807981.3170855,8,0.022361040115356445,0.0027951300144195557,True
22,1264,1784807981.3400683,8,0.019571304321289062,0.002446413040161133,True
22,1265,1784807981.3599677,8,0.021289825439453125,0.0026612281799316406,True
22,1266,1784807981.3815956,8,0.01907205581665039,0.002384006977081299,True
22,1267,1784807981.4009972,8,0.021236419677734375,0.002654552459716797,True
22,1268,1784807981.4226975,8,0.019642353057861328,0.002455294132232666,True
22,1269,1784807981.4428833,8,0.019582748413085938,0.002447843551635742,True
22,1270,1784807981.4646685,8,0.01873302459716797,0.002341628074645996,True
22,1271,1784807981.4840698,8,0.01929187774658203,0.002411484718322754,True
22,1272,1784807981.504333,8,0.019628524780273438,0.0024535655975341797,True
22,1273,1784807981.5243604,8,0.019360065460205078,0.0024200081825256348,True
22,1274,1784807981.5446174,8,0.020029783248901367,0.002503722906112671,True
22,1275,1784807981.5657802,8,0.019321441650390625,0.002415180206298828,True
22,1276,1784807981.5876653,8,0.017579078674316406,0.0021973848342895508,True
22,1277,1784807981.6058135,8,0.020978927612304688,0.002622365951538086,True
22,1278,1784807981.6285694,8,0.020239830017089844,0.0025299787521362305,True
22,1279,1784807981.6493094,8,0.02099752426147461,0.002624690532684326,True
22,1280,1784807981.6712568,8,0.019625186920166016,0.002453148365020752,True
22,1281,1784807981.691955,8,0.0189056396484375,0.0023632049560546875,True
22,1282,1784807981.7112083,8,0.0213775634765625,0.0026721954345703125,True
22,1283,1784807981.7349672,8,0.017925500869750977,0.002240687608718872,True
22,1284,1784807981.7534845,8,0.02141547203063965,0.002676934003829956,True
22,1285,1784807981.7755697,8,0.019651174545288086,0.0024563968181610107,True
22,1286,1784807981.7958043,8,0.01985621452331543,0.0024820268154144287,True
22,1287,1784807981.8169644,8,0.01972341537475586,0.0024654269218444824,True
22,1288,1784807981.83715,8,0.021369457244873047,0.002671182155609131,True
22,1289,1784807981.8591366,8,0.019348859786987305,0.002418607473373413,True
22,1290,1784807981.8788157,8,0.02185797691345215,0.0027322471141815186,True
22,1291,1784807981.902255,8,0.02306199073791504,0.00288274884223938,True
22,1292,1784807981.9259062,8,0.019845962524414062,0.002480745315551758,True
22,1293,1784807981.9463608,8,0.01929450035095215,0.0024118125438690186,True
22,1294,1784807981.966161,8,0.019924640655517578,0.0024905800819396973,True
22,1295,1784807981.9869168,8,0.020119190216064453,0.0025148987770080566,True
22,1296,1784807982.0075338,8,0.01878190040588379,0.0023477375507354736,True
22,1297,1784807982.0266418,8,0.019789457321166992,0.002473682165145874,True
22,1298,1784807982.0467622,8,0.021607637405395508,0.0027009546756744385,True
22,1299,1784807982.0687742,8,0.018903017044067383,0.002362877130508423,True
22,1300,1784807982.0880847,8,0.019903898239135742,0.0024879872798919678,True
22,1301,1784807982.1083364,8,0.019351959228515625,0.002418994903564453,True
22,1302,1784807982.128397,8,0.019163131713867188,0.0023953914642333984,True
22,1303,1784807982.148212,8,0.019563674926757812,0.0024454593658447266,True
22,1304,1784807982.1685002,8,0.019765615463256836,0.0024707019329071045,True
22,1305,1784807982.1887007,8,0.021068096160888672,0.002633512020111084,True
22,1306,1784807982.2101588,8,0.02018427848815918,0.0025230348110198975,True
22,1307,1784807982.2307332,8,0.02023029327392578,0.0025287866592407227,True
22,1308,1784807982.2515347,8,0.01837778091430664,0.00229722261428833,True
22,1309,1784807982.2710845,8,0.02418684959411621,0.0030233561992645264,True
22,1310,1784807982.295743,8,0.018708467483520508,0.0023385584354400635,True
22,1311,1784807982.3152332,8,0.01920294761657715,0.0024003684520721436,True
22,1312,1784807982.335917,8,0.02042984962463379,0.0025537312030792236,True
22,1313,1784807982.3567407,8,0.01985645294189453,0.0024820566177368164,True
22,1314,1784807982.3770692,8,0.020056486129760742,0.0025070607662200928,True
22,1315,1784807982.3982458,8,0.020201444625854492,0.0025251805782318115,True
22,1316,1784807982.4188132,8,0.020771503448486328,0.002596437931060791,True
22,1317,1784807982.440052,8,0.02049994468688965,0.002562493085861206,True
22,1318,1784807982.4610634,8,0.020554542541503906,0.0025693178176879883,True
22,1319,1784807982.481941,8,0.019136667251586914,0.0023920834064483643,True
22,1320,1784807982.5015864,8,0.019010305404663086,0.0023762881755828857,True
22,1321,1784807982.5211167,8,0.02164292335510254,0.0027053654193878174,True
22,1322,1784807982.5436316,8,0.020199298858642578,0.0025249123573303223,True
22,1323,1784807982.564978,8,0.018642663955688477,0.0023303329944610596,True
22,1324,1784807982.5839758,8,0.021150827407836914,0.0026438534259796143,True
22,1325,1784807982.6054978,8,0.01923084259033203,0.002403855323791504,True
22,1326,1784807982.6255503,8,0.02170562744140625,0.0027132034301757812,True
22,1327,1784807982.6476314,8,0.019264936447143555,0.0024081170558929443,True
22,1328,1784807982.6677072,8,0.02126455307006836,0.002658069133758545,True
22,1329,1784807982.689589,8,0.019707679748535156,0.0024634599685668945,True
22,1330,1784807982.7096338,8,0.02099776268005371,0.002624720335006714,True
22,1331,1784807982.731223,8,0.02119755744934082,0.0026496946811676025,True
22,1332,1784807982.753237,8,0.019609689712524414,0.0024512112140655518,True
22,1333,1784807982.773168,8,0.02006244659423828,0.002507805824279785,True
22,1334,1784807982.7936041,8,0.020145654678344727,0.002518206834793091,True
22,1335,1784807982.814243,8,0.018858671188354492,0.0023573338985443115,True
22,1336,1784807982.8335238,8,0.01999640464782715,0.0024995505809783936,True
22,1337,1784807982.853999,8,0.02163982391357422,0.0027049779891967773,True
22,1338,1784807982.8782098,8,0.01829838752746582,0.0022872984409332275,True
22,1339,1784807982.896901,8,0.018665075302124023,0.002333134412765503,True
22,1340,1784807982.9164264,8,0.019589900970458984,0.002448737621307373,True
22,1341,1784807982.9364538,8,0.019201040267944336,0.002400130033493042,True
22,1342,1784807982.9564352,8,0.019393205642700195,0.0024241507053375244,True
22,1343,1784807982.97626,8,0.019947528839111328,0.002493441104888916,True
22,1344,1784807982.9972408,8,0.019435644149780273,0.002429455518722534,True
22,1345,1784807983.0170798,8,0.019863128662109375,0.002482891082763672,True
22,1346,1784807983.037455,8,0.021108388900756836,0.0026385486125946045,True
22,1347,1784807983.0594578,8,0.019693851470947266,0.002461731433868408,True
22,1348,1784807983.0802798,8,0.018625974655151367,0.002328246831893921,True
22,1349,1784807983.0993488,8,0.020025253295898438,0.0025031566619873047,True
22,1350,1784807983.1199186,8,0.01904606819152832,0.00238075852394104,True
22,1351,1784807983.1402922,8,0.020054101943969727,0.002506762742996216,True
22,1352,1784807983.1608467,8,0.020119190216064453,0.0025148987770080566,True
22,1353,1784807983.1819668,8,0.019893884658813477,0.0024867355823516846,True
22,1354,1784807983.2023258,8,0.019557476043701172,0.0024446845054626465,True
22,1355,1784807983.2229612,8,0.023033857345581055,0.002879232168197632,True
22,1356,1784807983.2466698,8,0.02155017852783203,0.002693772315979004,True
22,1357,1784807983.2693813,8,0.020931005477905273,0.002616375684738159,True
22,1358,1784807983.2908843,8,0.020115137100219727,0.002514392137527466,True
22,1359,1784807983.311524,8,0.020786523818969727,0.002598315477371216,True
22,1360,1784807983.33268,8,0.020589828491210938,0.002573728561401367,True
22,1361,1784807983.3536649,8,0.02077960968017578,0.0025974512100219727,True
22,1362,1784807983.3753886,8,0.020058393478393555,0.0025072991847991943,True
22,1363,1784807983.395949,8,0.020421981811523438,0.0025527477264404297,True
22,1364,1784807983.4178278,8,0.02071213722229004,0.002589017152786255,True
22,1365,1784807983.439127,8,0.018467426300048828,0.0023084282875061035,True
22,1366,1784807983.458362,8,0.022084951400756836,0.0027606189250946045,True
22,1367,1784807983.4809792,8,0.019787311553955078,0.0024734139442443848,True
22,1368,1784807983.5013888,8,0.02017354965209961,0.002521693706512451,True
22,1369,1784807983.522425,8,0.021146297454833984,0.002643287181854248,True
22,1370,1784807983.5439765,8,0.020327329635620117,0.0025409162044525146,True
22,1371,1784807983.5647922,8,0.019554615020751953,0.002444326877593994,True
22,1372,1784807983.5854235,8,0.019185781478881836,0.0023982226848602295,True
22,1373,1784807983.6058242,8,0.022244691848754883,0.0027805864810943604,True
22,1374,1784807983.6285121,8,0.019791364669799805,0.0024739205837249756,True
22,1375,1784807983.6516197,8,0.018762826919555664,0.002345353364944458,True
22,1376,1784807983.671457,8,0.019773483276367188,0.0024716854095458984,True
22,1377,1784807983.6916316,8,0.02040576934814453,0.0025507211685180664,True
22,1378,1784807983.7128973,8,0.018996000289916992,0.002374500036239624,True
22,1379,1784807983.732681,8,0.02060866355895996,0.002576082944869995,True
22,1380,1784807983.7537265,8,0.02108287811279297,0.002635359764099121,True
22,1381,1784807983.7752335,8,0.02038717269897461,0.002548396587371826,True
22,1382,1784807983.796138,8,0.019628524780273438,0.0024535655975341797,True
22,1383,1784807983.8161566,8,0.02024364471435547,0.0025304555892944336,True
22,1384,1784807983.836998,8,0.020328283309936523,0.0025410354137420654,True
22,1385,1784807983.8580084,8,0.018907546997070312,0.002363443374633789,True
22,1386,1784807983.8774104,8,0.01908087730407715,0.0023851096630096436,True
22,1387,1784807983.897963,8,0.02159428596496582,0.0026992857456207275,True
22,1388,1784807983.919907,8,0.019885540008544922,0.0024856925010681152,True
22,1389,1784807983.9402478,8,0.02092742919921875,0.0026159286499023438,True
22,1390,1784807983.9615488,8,0.022217988967895508,0.0027772486209869385,True
22,1391,1784807983.98467,8,0.01752018928527832,0.00219002366065979,True
22,1392,1784807984.0026398,8,0.02095937728881836,0.002619922161102295,True
22,1393,1784807984.0244083,8,0.021035194396972656,0.002629399299621582,True
22,1394,1784807984.046168,8,0.01752328872680664,0.00219041109085083,True
22,1395,1784807984.0643847,8,0.0211336612701416,0.0026417076587677,True
22,1396,1784807984.0859435,8,0.01842951774597168,0.00230368971824646,True
22,1397,1784807984.1047792,8,0.020409822463989258,0.0025512278079986572,True
22,1398,1784807984.1255355,8,0.019374847412109375,0.002421855926513672,True
22,1399,1784807984.1458018,8,0.018858909606933594,0.0023573637008666992,True
22,1400,1784807984.1650734,8,0.021710872650146484,0.0027138590812683105,True
22,1401,1784807984.1875234,8,0.018129348754882812,0.0022661685943603516,True
22,1402,1784807984.2061713,8,0.020473003387451172,0.0025591254234313965,True
22,1403,1784807984.2278209,8,0.018811941146850586,0.0023514926433563232,True
22,1404,1784807984.2473173,8,0.019685745239257812,0.0024607181549072266,True
22,1405,1784807984.2674677,8,0.020232439041137695,0.002529054880142212,True
22,1406,1784807984.2886508,8,0.019661664962768555,0.0024577081203460693,True
22,1407,1784807984.3086178,8,0.02035069465637207,0.002543836832046509,True
22,1408,1784807984.3293846,8,0.018587827682495117,0.0023234784603118896,True
22,1409,1784807984.3489642,8,0.020224809646606445,0.0025281012058258057,True
22,1410,1784807984.369665,8,0.019199848175048828,0.0023999810218811035,True
22,1411,1784807984.3892877,8,0.02019333839416504,0.00252416729927063,True
22,1412,1784807984.4098697,8,0.02072763442993164,0.002590954303741455,True
22,1413,1784807984.4308867,8,0.021514415740966797,0.0026893019676208496,True
22,1414,1784807984.4529808,8,0.02039933204650879,0.0025499165058135986,True
22,1415,1784807984.4737248,8,0.02038860321044922,0.0025485754013061523,True
22,1416,1784807984.4945269,8,0.020487308502197266,0.002560913562774658,True
22,1417,1784807984.5171463,8,0.019052743911743164,0.0023815929889678955,True
22,1418,1784807984.5370755,8,0.019273996353149414,0.0024092495441436768,True
22,1419,1784807984.5570838,8,0.021364212036132812,0.0026705265045166016,True
22,1420,1784807984.5788136,8,0.020556926727294922,0.0025696158409118652,True
22,1421,1784807984.5997453,8,0.019948959350585938,0.002493619918823242,True
22,1422,1784807984.6201663,8,0.02376699447631836,0.002970874309539795,True
22,1423,1784807984.6461055,8,0.018737316131591797,0.0023421645164489746,True
22,1424,1784807984.665777,8,0.019997596740722656,0.002499699592590332,True
22,1425,1784807984.686297,8,0.019990205764770508,0.0024987757205963135,True
22,1426,1784807984.7065618,8,0.020981311798095703,0.002622663974761963,True
22,1427,1784807984.7278495,8,0.020748376846313477,0.0025935471057891846,True
22,1428,1784807984.74949,8,0.021219491958618164,0.0026524364948272705,True
22,1429,1784807984.771093,8,0.0193636417388916,0.00242045521736145,True
22,1430,1784807984.791428,8,0.020993471145629883,0.0026241838932037354,True
22,1431,1784807984.8129303,8,0.019127845764160156,0.0023909807205200195,True
22,1432,1784807984.832476,8,0.021984338760375977,0.002748042345046997,True
22,1433,1784807984.8554046,8,0.01886916160583496,0.00235864520072937,True
22,1434,1784807984.8754914,8,0.01935100555419922,0.0024188756942749023,True
22,1435,1784807984.895618,8,0.019985675811767578,0.0024982094764709473,True
22,1436,1784807984.916339,8,0.020990848541259766,0.0026238560676574707,True
22,1437,1784807984.9377055,8,0.021448850631713867,0.0026811063289642334,True
22,1438,1784807984.9601443,8,0.017875194549560547,0.0022343993186950684,True
22,1439,1784807984.9783938,8,0.021337032318115234,0.0026671290397644043,True
22,1440,1784807985.0001974,8,0.0190427303314209,0.0023803412914276123,True
22,1441,1784807985.0202768,8,0.019606590270996094,0.0024508237838745117,True
22,1442,1784807985.0406284,8,0.02213120460510254,0.0027664005756378174,True
22,1443,1784807985.0663235,8,0.017337799072265625,0.002167224884033203,True
22,1444,1784807985.084912,8,0.019878387451171875,0.0024847984313964844,True
22,1445,1784807985.105673,8,0.020519733428955078,0.0025649666786193848,True
22,1446,1784807985.126541,8,0.020741939544677734,0.002592742443084717,True
22,1447,1784807985.147708,8,0.019105195999145508,0.0023881494998931885,True
22,1448,1784807985.1672611,8,0.020296096801757812,0.0025370121002197266,True
22,1449,1784807985.1883566,8,0.021170854568481445,0.0026463568210601807,True
22,1450,1784807985.2098844,8,0.02134084701538086,0.0026676058769226074,True
22,1451,1784807985.231825,8,0.018480539321899414,0.0023100674152374268,True
22,1452,1784807985.2506206,8,0.018649578094482422,0.0023311972618103027,True
22,1453,1784807985.2703388,8,0.019199132919311523,0.0023998916149139404,True
22,1454,1784807985.2899244,8,0.020699262619018555,0.0025874078273773193,True
22,1455,1784807985.3111541,8,0.019260883331298828,0.0024076104164123535,True
22,1456,1784807985.330901,8,0.02033233642578125,0.0025415420532226562,True
22,1457,1784807985.3517992,8,0.018637418746948242,0.0023296773433685303,True
22,1458,1784807985.371146,8,0.02070760726928711,0.0025884509086608887,True
22,1459,1784807985.3925917,8,0.021953344345092773,0.0027441680431365967,True
22,1460,1784807985.4150763,8,0.019771337509155273,0.002471417188644409,True
22,1461,1784807985.435362,8,0.02000737190246582,0.0025009214878082275,True
22,1462,1784807985.4558039,8,0.018958091735839844,0.0023697614669799805,True
22,1463,1784807985.475226,8,0.019943952560424805,0.0024929940700531006,True
22,1464,1784807985.4955242,8,0.0214231014251709,0.0026778876781463623,True
22,1465,1784807985.5173259,8,0.01939868927001953,0.0024248361587524414,True
22,1466,1784807985.5373642,8,0.021057605743408203,0.0026322007179260254,True
22,1467,1784807985.558768,8,0.02092432975769043,0.0026155412197113037,True
22,1468,1784807985.5803034,8,0.019100189208984375,0.002387523651123047,True
22,1469,1784807985.6002927,8,0.022231578826904297,0.002778947353363037,True
22,1470,1784807985.6228874,8,0.020857572555541992,0.002607196569442749,True
22,1471,1784807985.6454425,8,0.020191192626953125,0.0025238990783691406,True
22,1472,1784807985.666287,8,0.01871466636657715,0.0023393332958221436,True
22,1473,1784807985.6856837,8,0.02046942710876465,0.002558678388595581,True
22,1474,1784807985.7066798,8,0.019929170608520508,0.0024911463260650635,True
22,1475,1784807985.727175,8,0.020930051803588867,0.0026162564754486084,True
22,1476,1784807985.7486627,8,0.019914865493774414,0.0024893581867218018,True
22,1477,1784807985.769005,8,0.020564556121826172,0.0025705695152282715,True
22,1478,1784807985.7900577,8,0.01945972442626953,0.0024324655532836914,True
22,1479,1784807985.810001,8,0.02005934715270996,0.002507418394088745,True
22,1480,1784807985.8319561,8,0.01848149299621582,0.0023101866245269775,True
22,1481,1784807985.8524957,8,0.019338607788085938,0.002417325973510742,True
22,1482,1784807985.8722708,8,0.020374298095703125,0.0025467872619628906,True
22,1483,1784807985.8929946,8,0.02108144760131836,0.002635180950164795,True
22,1484,1784807985.9149983,8,0.019285917282104492,0.0024107396602630615,True
22,1485,1784807985.9347534,8,0.019410371780395508,0.0024262964725494385,True
22,1486,1784807985.9545145,8,0.02063298225402832,0.00257912278175354,True
22,1487,1784807985.9755235,8,0.020021438598632812,0.0025026798248291016,True
22,1488,1784807985.9959543,8,0.02007746696472168,0.00250968337059021,True
22,1489,1784807986.0164368,8,0.021144866943359375,0.002643108367919922,True
22,1490,1784807986.037913,8,0.020750761032104492,0.0025938451290130615,True
22,1491,1784807986.0591962,8,0.01913619041442871,0.002392023801803589,True
22,1492,1784807986.0793612,8,0.02074456214904785,0.0025930702686309814,True
22,1493,1784807986.1003919,8,0.02183365821838379,0.0027292072772979736,True
22,1494,1784807986.1225731,8,0.020743370056152344,0.002592921257019043,True
22,1495,1784807986.1438632,8,0.019503355026245117,0.0024379193782806396,True
22,1496,1784807986.1637917,8,0.020314931869506836,0.0025393664836883545,True
22,1497,1784807986.1845152,8,0.01896953582763672,0.00237119197845459,True
22,1498,1784807986.2042456,8,0.020058155059814453,0.0025072693824768066,True
22,1499,1784807986.2247334,8,0.019410371780395508,0.0024262964725494385,True
22,1500,1784807986.2448878,8,0.0200653076171875,0.0025081634521484375,True
22,1501,1784807986.2663238,8,0.017510652542114258,0.0021888315677642822,True
22,1502,1784807986.28477,8,0.020978927612304688,0.002622365951538086,True
22,1503,1784807986.3063862,8,0.020598649978637695,0.002574831247329712,True
22,1504,1784807986.327658,8,0.019398927688598633,0.002424865961074829,True
22,1505,1784807986.3473458,8,0.019566059112548828,0.0024457573890686035,True
22,1506,1784807986.3674593,8,0.01910996437072754,0.0023887455463409424,True
22,1507,1784807986.3869703,8,0.019246339797973633,0.002405792474746704,True
22,1508,1784807986.4067118,8,0.020450115203857422,0.0025562644004821777,True
22,1509,1784807986.4277759,8,0.01587820053100586,0.0019847750663757324,True
22,1510,1784807986.4440565,8,0.01915884017944336,0.00239485502243042,True
22,1511,1784807986.4639878,8,0.02067422866821289,0.0025842785835266113,True
22,1512,1784807986.4850795,8,0.019695043563842773,0.0024618804454803467,True
22,1513,1784807986.5055897,8,0.022393226623535156,0.0027991533279418945,True
22,1514,1784807986.5284524,8,0.01911783218383789,0.0023897290229797363,True
22,1515,1784807986.5483518,8,0.019542217254638672,0.002442777156829834,True
22,1516,1784807986.5683,8,0.019178152084350586,0.0023972690105438232,True
22,1517,1784807986.5878956,8,0.020853757858276367,0.002606719732284546,True
22,1518,1784807986.6091776,8,0.020267963409423828,0.0025334954261779785,True
22,1519,1784807986.6297631,8,0.020985126495361328,0.002623140811920166,True
22,1520,1784807986.6510813,8,0.021712779998779297,0.002714097499847412,True
22,1521,1784807986.6732316,8,0.019870758056640625,0.002483844757080078,True
22,1522,1784807986.694336,8,0.018301963806152344,0.002287745475769043,True
22,1523,1784807986.713089,8,0.020349979400634766,0.0025437474250793457,True
22,1524,1784807986.7338855,8,0.019008159637451172,0.0023760199546813965,True
22,1525,1784807986.7533095,8,0.019138336181640625,0.002392292022705078,True
22,1526,1784807986.772867,8,0.020710468292236328,0.002588808536529541,True
22,1527,1784807986.7939181,8,0.01916193962097168,0.00239524245262146,True
22,1528,1784807986.813381,8,0.019246339797973633,0.002405792474746704,True
22,1529,1784807986.8335054,8,0.020644187927246094,0.0025805234909057617,True
22,1530,1784807986.8545792,8,0.020043611526489258,0.0025054514408111572,True
22,1531,1784807986.8755422,8,0.019438505172729492,0.0024298131465911865,True
22,1532,1784807986.8956337,8,0.019256114959716797,0.0024070143699645996,True
22,1533,1784807986.9152071,8,0.020303010940551758,0.0025378763675689697,True
22,1534,1784807986.936463,8,0.020958662033081055,0.002619832754135132,True
22,1535,1784807986.958455,8,0.020592689514160156,0.0025740861892700195,True
22,1536,1784807986.9838452,8,0.017413616180419922,0.0021767020225524902,True
22,1537,1784807987.0015447,8,0.020508766174316406,0.0025635957717895508,True
22,1538,1784807987.0226219,8,0.0192258358001709,0.0024032294750213623,True
22,1539,1784807987.042146,8,0.019922494888305664,0.002490311861038208,True
22,1540,1784807987.0626702,8,0.02103734016418457,0.0026296675205230713,True
22,1541,1784807987.0843718,8,0.022058486938476562,0.0027573108673095703,True
22,1542,1784807987.106714,8,0.01911020278930664,0.00238877534866333,True
22,1543,1784807987.1267354,8,0.02072000503540039,0.002590000629425049,True
22,1544,1784807987.1478853,8,0.021578311920166016,0.002697288990020752,True
22,1545,1784807987.169819,8,0.020572185516357422,0.0025715231895446777,True
22,1546,1784807987.1907284,8,0.019835233688354492,0.0024794042110443115,True
22,1547,1784807987.2109509,8,0.02052617073059082,0.0025657713413238525,True
22,1548,1784807987.232426,8,0.02079176902770996,0.002598971128463745,True
22,1549,1784807987.253527,8,0.01883864402770996,0.002354830503463745,True
22,1550,1784807987.2727246,8,0.019845247268676758,0.0024806559085845947,True
22,1551,1784807987.2931566,8,0.020893573760986328,0.002611696720123291,True
22,1552,1784807987.3144572,8,0.023156404495239258,0.0028945505619049072,True
22,1553,1784807987.338148,8,0.020406484603881836,0.0025508105754852295,True
22,1554,1784807987.3588667,8,0.018683433532714844,0.0023354291915893555,True
22,1555,1784807987.3787742,8,0.019910812377929688,0.002488851547241211,True
22,1556,1784807987.3992307,8,0.019051313400268555,0.0023814141750335693,True
22,1557,1784807987.4185808,8,0.020861387252807617,0.002607673406600952,True
22,1558,1784807987.440058,8,0.019389629364013672,0.002423703670501709,True
22,1559,1784807987.4601374,8,0.019782543182373047,0.002472817897796631,True
22,1560,1784807987.4803786,8,0.019094228744506836,0.0023867785930633545,True
22,1561,1784807987.4999127,8,0.021033525466918945,0.002629190683364868,True
22,1562,1784807987.5212903,8,0.01913166046142578,0.0023914575576782227,True
22,1563,1784807987.5407064,8,0.019123315811157227,0.0023904144763946533,True
22,1564,1784807987.5609295,8,0.020351886749267578,0.0025439858436584473,True
22,1565,1784807987.5818677,8,0.021551847457885742,0.0026939809322357178,True
22,1566,1784807987.604179,8,0.01875448226928711,0.0023443102836608887,True
22,1567,1784807987.6237376,8,0.019820213317871094,0.0024775266647338867,True
22,1568,1784807987.643998,8,0.020754337310791016,0.002594292163848877,True
22,1569,1784807987.6654813,8,0.019409894943237305,0.002426236867904663,True
22,1570,1784807987.6852877,8,0.019878149032592773,0.0024847686290740967,True
22,1571,1784807987.7057524,8,0.01826333999633789,0.0022829174995422363,True
22,1572,1784807987.724454,8,0.0204164981842041,0.0025520622730255127,True
22,1573,1784807987.7453003,8,0.020621776580810547,0.0025777220726013184,True
22,1574,1784807987.7663352,8,0.01913762092590332,0.002392202615737915,True
22,1575,1784807987.7858236,8,0.01740121841430664,0.00217515230178833,True
22,1576,1784807987.803652,8,0.01990795135498047,0.0024884939193725586,True
22,1577,1784807987.8243997,8,0.019994258880615234,0.0024992823600769043,True
22,1578,1784807987.8447342,8,0.0198824405670166,0.002485305070877075,True
22,1579,1784807987.865331,8,0.0194857120513916,0.00243571400642395,True
22,1580,1784807987.885275,8,0.02008962631225586,0.0025112032890319824,True
22,1581,1784807987.905796,8,0.02028632164001465,0.002535790205001831,True
22,1582,1784807987.9264588,8,0.01820826530456543,0.0022760331630706787,True
22,1583,1784807987.9450545,8,0.021458864212036133,0.0026823580265045166,True
22,1584,1784807987.9669755,8,0.020818471908569336,0.002602308988571167,True
22,1585,1784807987.9881172,8,0.01893758773803711,0.0023671984672546387,True
22,1586,1784807988.0077505,8,0.018654346466064453,0.0023317933082580566,True
22,1587,1784807988.0276678,8,0.018317699432373047,0.002289712429046631,True
22,1588,1784807988.0462713,8,0.020621538162231445,0.0025776922702789307,True
22,1589,1784807988.0675685,8,0.01853799819946289,0.0023172497749328613,True
22,1590,1784807988.086397,8,0.018398523330688477,0.0022998154163360596,True
22,1591,1784807988.1052594,8,0.020703554153442383,0.002587944269180298,True
22,1592,1784807988.1266973,8,0.020803451538085938,0.002600431442260742,True
22,1593,1784807988.1484718,8,0.018344640731811523,0.0022930800914764404,True
22,1594,1784807988.1671855,8,0.0198974609375,0.0024871826171875,True
22,1595,1784807988.1874259,8,0.019239187240600586,0.0024048984050750732,True
22,1596,1784807988.2069242,8,0.02070760726928711,0.0025884509086608887,True
22,1597,1784807988.2283695,8,0.020244598388671875,0.0025305747985839844,True
22,1598,1784807988.249086,8,0.019602537155151367,0.002450317144393921,True
22,1599,1784807988.269144,8,0.018756866455078125,0.0023446083068847656,True
22,1600,1784807988.2885685,8,0.021332740783691406,0.0026665925979614258,True
22,1601,1784807988.3104622,8,0.01987743377685547,0.0024846792221069336,True
22,1602,1784807988.3307154,8,0.01960015296936035,0.002450019121170044,True
22,1603,1784807988.3515656,8,0.02033233642578125,0.0025415420532226562,True
22,1604,1784807988.3724184,8,0.020641326904296875,0.0025801658630371094,True
22,1605,1784807988.3934896,8,0.020056962966918945,0.002507120370864868,True
22,1606,1784807988.414456,8,0.017730236053466797,0.0022162795066833496,True
22,1607,1784807988.43261,8,0.020646095275878906,0.0025807619094848633,True
22,1608,1784807988.4538684,8,0.02054905891418457,0.0025686323642730713,True
22,1609,1784807988.4748847,8,0.02130579948425293,0.002663224935531616,True
22,1610,1784807988.4965737,8,0.01894831657409668,0.002368539571762085,True
22,1611,1784807988.5159009,8,0.02105093002319336,0.00263136625289917,True
22,1612,1784807988.5378199,8,0.019594907760620117,0.0024493634700775146,True
22,1613,1784807988.557834,8,0.020407438278198242,0.0025509297847747803,True
22,1614,1784807988.578666,8,0.019997358322143555,0.0024996697902679443,True
22,1615,1784807988.5989714,8,0.020132064819335938,0.002516508102416992,True
22,1616,1784807988.619399,8,0.025074005126953125,0.0031342506408691406,True
22,1617,1784807988.6448371,8,0.01974320411682129,0.002467900514602661,True
22,1618,1784807988.6648636,8,0.01876068115234375,0.0023450851440429688,True
22,1619,1784807988.6841888,8,0.022439002990722656,0.002804875373840332,True
22,1620,1784807988.7069082,8,0.020644426345825195,0.0025805532932281494,True
22,1621,1784807988.7279186,8,0.020025968551635742,0.0025032460689544678,True
22,1622,1784807988.7483594,8,0.02038288116455078,0.0025478601455688477,True
22,1623,1784807988.7693777,8,0.019850492477416992,0.002481311559677124,True
22,1624,1784807988.7896867,8,0.020748376846313477,0.0025935471057891846,True
22,1625,1784807988.810872,8,0.020168542861938477,0.0025210678577423096,True
22,1626,1784807988.831438,8,0.021277666091918945,0.002659708261489868,True
22,1627,1784807988.8530564,8,0.018076658248901367,0.002259582281112671,True
22,1628,1784807988.8715446,8,0.019389629364013672,0.002423703670501709,True
22,1629,1784807988.891554,8,0.020889759063720703,0.002611219882965088,True
22,1630,1784807988.9129758,8,0.01970958709716797,0.002463698387145996,True
22,1631,1784807988.932987,8,0.018625974655151367,0.002328246831893921,True
22,1632,1784807988.952254,8,0.02407670021057129,0.003009587526321411,True
22,1633,1784807988.9767518,8,0.021108150482177734,0.002638518810272217,True
22,1634,1784807988.9981904,8,0.02037978172302246,0.0025474727153778076,True
22,1635,1784807989.0188951,8,0.020315170288085938,0.002539396286010742,True
22,1636,1784807989.0395412,8,0.019493579864501953,0.002436697483062744,True
22,1637,1784807989.0603378,8,0.021132469177246094,0.0026415586471557617,True
22,1638,1784807989.0820084,8,0.021286964416503906,0.0026608705520629883,True
22,1639,1784807989.1036654,8,0.020119667053222656,0.002514958381652832,True
22,1640,1784807989.1246443,8,0.02162909507751465,0.002703636884689331,True
22,1641,1784807989.1471307,8,0.019760608673095703,0.002470076084136963,True
22,1642,1784807989.1675053,8,0.023358821868896484,0.0029198527336120605,True
22,1643,1784807989.1912255,8,0.02102375030517578,0.0026279687881469727,True
22,1644,1784807989.2125404,8,0.01945638656616211,0.0024320483207702637,True
22,1645,1784807989.23258,8,0.02306842803955078,0.0028835535049438477,True
22,1646,1784807989.2579057,8,0.018367767333984375,0.002295970916748047,True
22,1647,1784807989.2770698,8,0.01950359344482422,0.0024379491806030273,True
22,1648,1784807989.2973773,8,0.023562908172607422,0.0029453635215759277,True
22,1649,1784807989.3216825,8,0.02101755142211914,0.0026271939277648926,True
22,1650,1784807989.3433425,8,0.020834684371948242,0.0026043355464935303,True
22,1651,1784807989.3645527,8,0.020018577575683594,0.0025023221969604492,True
22,1652,1784807989.3852448,8,0.020999908447265625,0.002624988555908203,True
22,1653,1784807989.4070446,8,0.02194809913635254,0.0027435123920440674,True
22,1654,1784807989.43087,8,0.02175283432006836,0.002719104290008545,True
22,1655,1784807989.4534945,8,0.021648406982421875,0.0027060508728027344,True
22,1656,1784807989.475565,8,0.019887924194335938,0.002485990524291992,True
22,1657,1784807989.496707,8,0.02094721794128418,0.0026184022426605225,True
22,1658,1784807989.518147,8,0.021214723587036133,0.0026518404483795166,True
22,1659,1784807989.5399313,8,0.019405364990234375,0.002425670623779297,True
22,1660,1784807989.561863,8,0.01993560791015625,0.0024919509887695312,True
22,1661,1784807989.5826511,8,0.019976377487182617,0.002497047185897827,True
22,1662,1784807989.6034958,8,0.020348548889160156,0.0025435686111450195,True
22,1663,1784807989.6244614,8,0.019849061965942383,0.002481132745742798,True
22,1664,1784807989.6449473,8,0.02050638198852539,0.002563297748565674,True
22,1665,1784807989.6661325,8,0.022971153259277344,0.002871394157409668,True
22,1666,1784807989.689439,8,0.019762039184570312,0.002470254898071289,True
22,1667,1784807989.7100165,8,0.018765687942504883,0.0023457109928131104,True
22,1668,1784807989.7290766,8,0.019376754760742188,0.0024220943450927734,True
22,1669,1784807989.7496028,8,0.020253896713256836,0.0025317370891571045,True
22,1670,1784807989.7704916,8,0.019152402877807617,0.002394050359725952,True
22,1671,1784807989.7900586,8,0.01975250244140625,0.0024690628051757812,True
22,1672,1784807989.8105547,8,0.02352762222290039,0.002940952777862549,True
22,1673,1784807989.834423,8,0.020090818405151367,0.002511352300643921,True
22,1674,1784807989.8550036,8,0.019524097442626953,0.002440512180328369,True
22,1675,1784807989.8750174,8,0.022134065628051758,0.0027667582035064697,True
22,1676,1784807989.8980935,8,0.020409107208251953,0.002551138401031494,True
22,1677,1784807989.9191306,8,0.021136999130249023,0.002642124891281128,True
22,1678,1784807989.9413242,8,0.017752885818481445,0.0022191107273101807,True
22,1679,1784807989.9594424,8,0.02109837532043457,0.0026372969150543213,True
22,1680,1784807989.9815342,8,0.019698143005371094,0.0024622678756713867,True
22,1681,1784807990.0017037,8,0.018573284149169922,0.0023216605186462402,True
22,1682,1784807990.0210462,8,0.021552324295043945,0.002694040536880493,True
22,1683,1784807990.0431857,8,0.01934361457824707,0.002417951822280884,True
22,1684,1784807990.0630765,8,0.021616220474243164,0.0027020275592803955,True
22,1685,1784807990.0852609,8,0.020556926727294922,0.0025696158409118652,True
22,1686,1784807990.1065652,8,0.02100992202758789,0.0026262402534484863,True
22,1687,1784807990.1281307,8,0.02173590660095215,0.0027169883251190186,True
22,1688,1784807990.1502056,8,0.02044534683227539,0.002555668354034424,True
22,1689,1784807990.1726232,8,0.01783442497253418,0.0022293031215667725,True
22,1690,1784807990.1909983,8,0.020954608917236328,0.002619326114654541,True
22,1691,1784807990.2125707,8,0.022395849227905273,0.002799481153488159,True
22,1692,1784807990.2353623,8,0.02088761329650879,0.0026109516620635986,True
22,1693,1784807990.2574205,8,0.019275426864624023,0.002409428358078003,True
22,1694,1784807990.2773948,8,0.020376205444335938,0.002547025680541992,True
22,1695,1784807990.2982047,8,0.020334243774414062,0.002541780471801758,True
22,1696,1784807990.3188775,8,0.021501779556274414,0.0026877224445343018,True
22,1697,1784807990.3407245,8,0.02196049690246582,0.0027450621128082275,True
22,1698,1784807990.363407,8,0.020917177200317383,0.002614647150039673,True
22,1699,1784807990.3855329,8,0.020902156829833984,0.002612769603729248,True
22,1700,1784807990.4068015,8,0.02214193344116211,0.0027677416801452637,True
22,1701,1784807990.4293666,8,0.016702651977539062,0.002087831497192383,True
22,1702,1784807990.4465854,8,0.019713878631591797,0.0024642348289489746,True
22,1703,1784807990.4666057,8,0.020800113677978516,0.0026000142097473145,True
22,1704,1784807990.4878726,8,0.0184781551361084,0.00230976939201355,True
22,1705,1784807990.5077162,8,0.021619796752929688,0.002702474594116211,True
22,1706,1784807990.5296679,8,0.018497943878173828,0.0023122429847717285,True
22,1707,1784807990.5485673,8,0.0208895206451416,0.0026111900806427,True
22,1708,1784807990.569868,8,0.019178390502929688,0.002397298812866211,True
22,1709,1784807990.5894854,8,0.0215604305267334,0.002695053815841675,True
22,1710,1784807990.611404,8,0.018176555633544922,0.0022720694541931152,True
22,1711,1784807990.6299002,8,0.01947808265686035,0.002434760332107544,True
22,1712,1784807990.650409,8,0.02139449119567871,0.002674311399459839,True
22,1713,1784807990.6722517,8,0.019672155380249023,0.002459019422531128,True
22,1714,1784807990.693496,8,0.01983952522277832,0.00247994065284729,True
22,1715,1784807990.7138097,8,0.020671606063842773,0.0025839507579803467,True
22,1716,1784807990.7351022,8,0.01805901527404785,0.0022573769092559814,True
22,1717,1784807990.7536721,8,0.020366191864013672,0.002545773983001709,True
22,1718,1784807990.774324,8,0.019141197204589844,0.0023926496505737305,True
22,1719,1784807990.793933,8,0.020264387130737305,0.002533048391342163,True
22,1720,1784807990.8146358,8,0.018065452575683594,0.0022581815719604492,True
22,1721,1784807990.8332999,8,0.018976449966430664,0.002372056245803833,True
22,1722,1784807990.8526654,8,0.02208709716796875,0.0027608871459960938,True
22,1723,1784807990.8751767,8,0.018244504928588867,0.0022805631160736084,True
22,1724,1784807990.895182,8,0.018574237823486328,0.002321779727935791,True
22,1725,1784807990.9141355,8,0.019760847091674805,0.0024701058864593506,True
22,1726,1784807990.9342527,8,0.01926136016845703,0.002407670021057129,True
22,1727,1784807990.954055,8,0.019698381423950195,0.0024622976779937744,True
22,1728,1784807990.9741583,8,0.0204470157623291,0.0025558769702911377,True
22,1729,1784807990.9951124,8,0.021140336990356445,0.0026425421237945557,True
22,1730,1784807991.0169392,8,0.01775979995727539,0.002219974994659424,True
22,1731,1784807991.0350893,8,0.025055646896362305,0.003131955862045288,True
22,1732,1784807991.0622387,8,0.02091503143310547,0.0026143789291381836,True
22,1733,1784807991.0837176,8,0.01981210708618164,0.002476513385772705,True
22,1734,1784807991.1040106,8,0.02071404457092285,0.0025892555713653564,True
22,1735,1784807991.1251245,8,0.019718647003173828,0.0024648308753967285,True
22,1736,1784807991.1452093,8,0.021319150924682617,0.002664893865585327,True
22,1737,1784807991.167221,8,0.018872737884521484,0.0023590922355651855,True
22,1738,1784807991.1867437,8,0.018901586532592773,0.0023626983165740967,True
22,1739,1784807991.206084,8,0.021973133087158203,0.0027466416358947754,True
22,1740,1784807991.2284145,8,0.01877593994140625,0.0023469924926757812,True
22,1741,1784807991.2474854,8,0.020084857940673828,0.0025106072425842285,True
22,1742,1784807991.2683487,8,0.019640445709228516,0.0024550557136535645,True
22,1743,1784807991.288467,8,0.020122289657592773,0.0025152862071990967,True
22,1744,1784807991.309072,8,0.02072453498840332,0.002590566873550415,True
22,1745,1784807991.3303049,8,0.020926713943481445,0.0026158392429351807,True
22,1746,1784807991.3519022,8,0.02117133140563965,0.002646416425704956,True
22,1747,1784807991.3733513,8,0.019550085067749023,0.002443760633468628,True
22,1748,1784807991.3933299,8,0.019430160522460938,0.002428770065307617,True
22,1749,1784807991.4131098,8,0.019155025482177734,0.002394378185272217,True
22,1750,1784807991.4327028,8,0.02048039436340332,0.002560049295425415,True
22,1751,1784807991.4535434,8,0.019369840621948242,0.0024212300777435303,True
22,1752,1784807991.47354,8,0.020058870315551758,0.0025073587894439697,True
22,1753,1784807991.493893,8,0.02236318588256836,0.002795398235321045,True
22,1754,1784807991.5165827,8,0.01937699317932129,0.002422124147415161,True
22,1755,1784807991.5362859,8,0.021624326705932617,0.002703040838241577,True
22,1756,1784807991.558516,8,0.020150184631347656,0.002518773078918457,True
22,1757,1784807991.579129,8,0.020246267318725586,0.0025307834148406982,True
22,1758,1784807991.600224,8,0.021000385284423828,0.0026250481605529785,True
22,1759,1784807991.62158,8,0.02051258087158203,0.002564072608947754,True
22,1760,1784807991.642448,8,0.02093195915222168,0.00261649489402771,True
22,1761,1784807991.663717,8,0.01955103874206543,0.0024438798427581787,True
22,1762,1784807991.6837668,8,0.018328428268432617,0.002291053533554077,True
22,1763,1784807991.7024374,8,0.021723031997680664,0.002715378999710083,True
22,1764,1784807991.7245758,8,0.02354598045349121,0.0029432475566864014,True
22,1765,1784807991.7485254,8,0.020333528518676758,0.0025416910648345947,True
22,1766,1784807991.7691941,8,0.019207000732421875,0.0024008750915527344,True
22,1767,1784807991.7887363,8,0.022115707397460938,0.002764463424682617,True
22,1768,1784807991.8114724,8,0.018874406814575195,0.0023593008518218994,True
22,1769,1784807991.8306954,8,0.018826723098754883,0.0023533403873443604,True
22,1770,1784807991.8498275,8,0.019494295120239258,0.0024367868900299072,True
22,1771,1784807991.8699422,8,0.01966094970703125,0.0024576187133789062,True
22,1772,1784807991.8900783,8,0.018144845962524414,0.0022681057453155518,True
22,1773,1784807991.9093604,8,0.01982426643371582,0.0024780333042144775,True
22,1774,1784807991.9298835,8,0.020597457885742188,0.0025746822357177734,True
22,1775,1784807991.9510555,8,0.02138805389404297,0.002673506736755371,True
22,1776,1784807991.9734054,8,0.019414901733398438,0.0024268627166748047,True
22,1777,1784807991.9931583,8,0.019778728485107422,0.0024723410606384277,True
22,1778,1784807992.0132961,8,0.02163529396057129,0.002704411745071411,True
22,1779,1784807992.0354888,8,0.0204317569732666,0.002553969621658325,True
22,1780,1784807992.0566447,8,0.020087480545043945,0.002510935068130493,True
22,1781,1784807992.0775483,8,0.020291566848754883,0.0025364458560943604,True
22,1782,1784807992.0981815,8,0.02000713348388672,0.00250089168548584,True
22,1783,1784807992.1186783,8,0.020061492919921875,0.0025076866149902344,True
22,1784,1784807992.139201,8,0.01953721046447754,0.0024421513080596924,True
22,1785,1784807992.1590798,8,0.017906665802001953,0.002238333225250244,True
22,1786,1784807992.1773112,8,0.0192413330078125,0.0024051666259765625,True
22,1787,1784807992.1970613,8,0.018800735473632812,0.0023500919342041016,True
22,1788,1784807992.2161815,8,0.018948078155517578,0.0023685097694396973,True
22,1789,1784807992.2360287,8,0.02023029327392578,0.0025287866592407227,True
22,1790,1784807992.256569,8,0.02082204818725586,0.0026027560234069824,True
22,1791,1784807992.2778254,8,0.021147489547729492,0.0026434361934661865,True
22,1792,1784807992.2995367,8,0.019600629806518555,0.0024500787258148193,True
22,1793,1784807992.319563,8,0.020183324813842773,0.0025229156017303467,True
22,1794,1784807992.3400028,8,0.0198214054107666,0.002477675676345825,True
22,1795,1784807992.3605955,8,0.020084142684936523,0.0025105178356170654,True
22,1796,1784807992.381019,8,0.019149065017700195,0.0023936331272125244,True
22,1797,1784807992.4006565,8,0.01983785629272461,0.002479732036590576,True
22,1798,1784807992.4207962,8,0.019827604293823242,0.0024784505367279053,True
22,1799,1784807992.440965,8,0.019939184188842773,0.0024923980236053467,True
22,1800,1784807992.4613504,8,0.02020406723022461,0.002525508403778076,True
22,1801,1784807992.4819462,8,0.019919157028198242,0.0024898946285247803,True
22,1802,1784807992.5022643,8,0.01925826072692871,0.002407282590866089,True
22,1803,1784807992.5225215,8,0.019995689392089844,0.0024994611740112305,True
22,1804,1784807992.5428803,8,0.019518613815307617,0.002439826726913452,True
22,1805,1784807992.562811,8,0.01917266845703125,0.0023965835571289062,True
22,1806,1784807992.5825486,8,0.020032405853271484,0.0025040507316589355,True
22,1807,1784807992.6028912,8,0.01993083953857422,0.0024913549423217773,True
22,1808,1784807992.6231751,8,0.020113229751586914,0.0025141537189483643,True
22,1809,1784807992.6436472,8,0.019852638244628906,0.0024815797805786133,True
22,1810,1784807992.6647155,8,0.01973581314086914,0.0024669766426086426,True
22,1811,1784807992.6848905,8,0.02043318748474121,0.0025541484355926514,True
22,1812,1784807992.7058327,8,0.021135807037353516,0.0026419758796691895,True
22,1813,1784807992.7274814,8,0.021365880966186523,0.0026707351207733154,True
22,1814,1784807992.7505755,8,0.022481203079223633,0.002810150384902954,True
22,1815,1784807992.7745185,8,0.020745038986206055,0.002593129873275757,True
22,1816,1784807992.7963812,8,0.017036914825439453,0.0021296143531799316,True
22,1817,1784807992.8141527,8,0.018379926681518555,0.0022974908351898193,True
22,1818,1784807992.8334882,8,0.01922011375427246,0.0024025142192840576,True
22,1819,1784807992.8531125,8,0.020754098892211914,0.0025942623615264893,True
22,1820,1784807992.8750417,8,0.020015954971313477,0.0025019943714141846,True
22,1821,1784807992.8955863,8,0.01942753791809082,0.0024284422397613525,True
22,1822,1784807992.9153256,8,0.020273685455322266,0.002534210681915283,True
22,1823,1784807992.9365144,8,0.020699739456176758,0.0025874674320220947,True
22,1824,1784807992.957839,8,0.01900339126586914,0.0023754239082336426,True
22,1825,1784807992.9773245,8,0.020209550857543945,0.002526193857192993,True
22,1826,1784807992.9980087,8,0.019594192504882812,0.0024492740631103516,True
22,1827,1784807993.0182636,8,0.018528223037719727,0.002316027879714966,True
22,1828,1784807993.037473,8,0.019739627838134766,0.0024674534797668457,True
22,1829,1784807993.0578334,8,0.02017354965209961,0.002521693706512451,True
22,1830,1784807993.0783062,8,0.021317481994628906,0.0026646852493286133,True
22,1831,1784807993.1001723,8,0.02173781394958496,0.00271722674369812,True
22,1832,1784807993.1226907,8,0.018850326538085938,0.002356290817260742,True
22,1833,1784807993.141951,8,0.020430326461791992,0.002553790807723999,True
22,1834,1784807993.162772,8,0.02023458480834961,0.002529323101043701,True
22,1835,1784807993.1888566,8,0.015727519989013672,0.001965939998626709,True
22,1836,1784807993.2057464,8,0.017969608306884766,0.0022462010383605957,True
22,1837,1784807993.22442,8,0.020846128463745117,0.0026057660579681396,True
22,1838,1784807993.2455764,8,0.019130229949951172,0.0023912787437438965,True
22,1839,1784807993.2653975,8,0.019307374954223633,0.002413421869277954,True
22,1840,1784807993.285871,8,0.019334793090820312,0.002416849136352539,True
22,1841,1784807993.305653,8,0.020506620407104492,0.0025633275508880615,True
22,1842,1784807993.3382654,8,0.008476018905639648,0.001059502363204956,True
22,1843,1784807993.3514266,8,0.015979290008544922,0.0019974112510681152,True
22,1844,1784807993.367894,8,0.018904924392700195,0.0023631155490875244,True
22,1845,1784807993.3871884,8,0.01922607421875,0.00240325927734375,True
22,1846,1784807993.4068613,8,0.01937556266784668,0.002421945333480835,True
22,1847,1784807993.4266672,8,0.018930435180664062,0.002366304397583008,True
22,1848,1784807993.445957,8,0.0206606388092041,0.0025825798511505127,True
22,1849,1784807993.467165,8,0.01909160614013672,0.00238645076751709,True
22,1850,1784807993.487178,8,0.02083301544189453,0.0026041269302368164,True
22,1851,1784807993.508496,8,0.019689559936523438,0.0024611949920654297,True
22,1852,1784807993.5285652,8,0.01904749870300293,0.002380937337875366,True
22,1853,1784807993.5480573,8,0.019692420959472656,0.002461552619934082,True
22,1854,1784807993.568783,8,0.018619537353515625,0.002327442169189453,True
22,1855,1784807993.5878036,8,0.019857168197631836,0.0024821460247039795,True
22,1856,1784807993.60806,8,0.019310951232910156,0.0024138689041137695,True
22,1857,1784807993.6278372,8,0.019963979721069336,0.002495497465133667,True
22,1858,1784807993.6481802,8,0.019803524017333984,0.002475440502166748,True
22,1859,1784807993.6687498,8,0.018954992294311523,0.0023693740367889404,True
22,1860,1784807993.6885493,8,0.02094554901123047,0.0026181936264038086,True
22,1861,1784807993.7100482,8,0.0205538272857666,0.002569228410720825,True
22,1862,1784807993.7322235,8,0.01689434051513672,0.00211179256439209,True
22,1863,1784807993.749545,8,0.017975568771362305,0.002246946096420288,True
22,1864,1784807993.7679138,8,0.019430160522460938,0.002428770065307617,True
22,1865,1784807993.7877033,8,0.019887924194335938,0.002485990524291992,True
22,1866,1784807993.8084233,8,0.019659042358398438,0.0024573802947998047,True
22,1867,1784807993.82884,8,0.01976633071899414,0.0024707913398742676,True
22,1868,1784807993.849465,8,0.020026445388793945,0.002503305673599243,True
22,1869,1784807993.8703303,8,0.021296262741088867,0.0026620328426361084,True
22,1870,1784807993.8920548,8,0.023690462112426758,0.0029613077640533447,True
22,1871,1784807993.9169543,8,0.01854848861694336,0.00231856107711792,True
22,1872,1784807993.9358518,8,0.020417213439941406,0.0025521516799926758,True
22,1873,1784807993.9565594,8,0.020670413970947266,0.002583801746368408,True
22,1874,1784807993.97779,8,0.019702911376953125,0.0024628639221191406,True
22,1875,1784807993.9982967,8,0.019980907440185547,0.0024976134300231934,True
22,1876,1784807994.0187278,8,0.019686460494995117,0.0024608075618743896,True
22,1877,1784807994.039168,8,0.019720077514648438,0.0024650096893310547,True
22,1878,1784807994.0592291,8,0.02242755889892578,0.0028034448623657227,True
22,1879,1784807994.082043,8,0.019728899002075195,0.0024661123752593994,True
22,1880,1784807994.1023216,8,0.020498275756835938,0.002562284469604492,True
22,1881,1784807994.1232278,8,0.020992755889892578,0.0026240944862365723,True
22,1882,1784807994.1446958,8,0.020578861236572266,0.002572357654571533,True
22,1883,1784807994.165663,8,0.020138025283813477,0.0025172531604766846,True
22,1884,1784807994.1861567,8,0.01870560646057129,0.002338200807571411,True
22,1885,1784807994.2060587,8,0.02091503143310547,0.0026143789291381836,True
22,1886,1784807994.2273939,8,0.020732641220092773,0.0025915801525115967,True
22,1887,1784807994.2484467,8,0.02032017707824707,0.002540022134780884,True
22,1888,1784807994.269277,8,0.019774913787841797,0.0024718642234802246,True
22,1889,1784807994.2894454,8,0.01912665367126465,0.002390831708908081,True
22,1890,1784807994.3089364,8,0.019335269927978516,0.0024169087409973145,True
22,1891,1784807994.328667,8,0.020876169204711914,0.0026095211505889893,True
22,1892,1784807994.3499322,8,0.02055954933166504,0.00256994366645813,True
22,1893,1784807994.3711114,8,0.020940303802490234,0.0026175379753112793,True
22,1894,1784807994.392424,8,0.019948482513427734,0.002493560314178467,True
22,1895,1784807994.4128897,8,0.018804073333740234,0.0023505091667175293,True
22,1896,1784807994.432267,8,0.01900649070739746,0.0023758113384246826,True
22,1897,1784807994.4516964,8,0.018296003341674805,0.0022870004177093506,True
22,1898,1784807994.4716134,8,0.018724441528320312,0.002340555191040039,True
22,1899,1784807994.4909644,8,0.022196531295776367,0.002774566411972046,True
22,1900,1784807994.5134313,8,0.02149677276611328,0.00268709659576416,True
22,1901,1784807994.5352762,8,0.01920318603515625,0.0024003982543945312,True
22,1902,1784807994.554865,8,0.019991159439086914,0.0024988949298858643,True
22,1903,1784807994.5751839,8,0.021991968154907227,0.0027489960193634033,True
22,1904,1784807994.5976477,8,0.019778013229370117,0.0024722516536712646,True
22,1905,1784807994.6177804,8,0.02017974853515625,0.0025224685668945312,True
22,1906,1784807994.638367,8,0.020562171936035156,0.0025702714920043945,True
22,1907,1784807994.6595225,8,0.019654273986816406,0.0024567842483520508,True
22,1908,1784807994.6796286,8,0.01946878433227539,0.002433598041534424,True
22,1909,1784807994.6994197,8,0.02004098892211914,0.0025051236152648926,True
22,1910,1784807994.7202837,8,0.021076440811157227,0.0026345551013946533,True
22,1911,1784807994.7419763,8,0.02153182029724121,0.0026914775371551514,True
22,1912,1784807994.764614,8,0.020613670349121094,0.0025767087936401367,True
22,1913,1784807994.7859647,8,0.01755356788635254,0.0021941959857940674,True
22,1914,1784807994.8041744,8,0.0234529972076416,0.0029316246509552,True
22,1915,1784807994.8293998,8,0.01941967010498047,0.0024274587631225586,True
22,1916,1784807994.8492463,8,0.0196077823638916,0.00245097279548645,True
22,1917,1784807994.8692524,8,0.020588159561157227,0.0025735199451446533,True
22,1918,1784807994.8913994,8,0.02190995216369629,0.002738744020462036,True
22,1919,1784807994.9139893,8,0.02002739906311035,0.002503424882888794,True
22,1920,1784807994.9345047,8,0.020169734954833984,0.002521216869354248,True
22,1921,1784807994.9557374,8,0.01962757110595703,0.002453446388244629,True
22,1922,1784807994.975851,8,0.01984572410583496,0.00248071551322937,True
22,1923,1784807994.9967434,8,0.018480539321899414,0.0023100674152374268,True
22,1924,1784807995.015806,8,0.01936960220336914,0.0024212002754211426,True
22,1925,1784807995.0356054,8,0.019434213638305664,0.002429276704788208,True
22,1926,1784807995.0555198,8,0.023860454559326172,0.0029825568199157715,True
22,1927,1784807995.0801156,8,0.019340991973876953,0.002417623996734619,True
22,1928,1784807995.1006143,8,0.019084453582763672,0.002385556697845459,True
22,1929,1784807995.1203053,8,0.01998758316040039,0.002498447895050049,True
22,1930,1784807995.1407554,8,0.018986940383911133,0.0023733675479888916,True
22,1931,1784807995.1609244,8,0.019593238830566406,0.0024491548538208008,True
22,1932,1784807995.1820095,8,0.020002365112304688,0.002500295639038086,True
22,1933,1784807995.2026474,8,0.01889491081237793,0.002361863851547241,True
22,1934,1784807995.221864,8,0.019671201705932617,0.002458900213241577,True
22,1935,1784807995.2418065,8,0.019869327545166016,0.002483665943145752,True
22,1936,1784807995.2619765,8,0.020287513732910156,0.0025359392166137695,True
22,1937,1784807995.2828407,8,0.021484851837158203,0.0026856064796447754,True
22,1938,1784807995.30469,8,0.01930689811706543,0.0024133622646331787,True
22,1939,1784807995.3246217,8,0.018790006637573242,0.0023487508296966553,True
22,1940,1784807995.3438659,8,0.01955699920654297,0.002444624900817871,True
22,1941,1784807995.3638244,8,0.019665956497192383,0.002458244562149048,True
22,1942,1784807995.3839262,8,0.019224882125854492,0.0024031102657318115,True
22,1943,1784807995.4035726,8,0.0205991268157959,0.0025748908519744873,True
22,1944,1784807995.4247513,8,0.020448684692382812,0.0025560855865478516,True
22,1945,1784807995.4458442,8,0.020823240280151367,0.002602905035018921,True
22,1946,1784807995.4673405,8,0.019361495971679688,0.002420186996459961,True
22,1947,1784807995.4872067,8,0.01998615264892578,0.0024982690811157227,True
22,1948,1784807995.507516,8,0.0216214656829834,0.002702683210372925,True
22,1949,1784807995.529715,8,0.020200252532958984,0.002525031566619873,True
22,1950,1784807995.550299,8,0.019591569900512695,0.002448946237564087,True
22,1951,1784807995.5708132,8,0.017548322677612305,0.002193540334701538,True
22,1952,1784807995.5886898,8,0.018456697463989258,0.0023070871829986572,True
22,1953,1784807995.6079366,8,0.018793821334838867,0.0023492276668548584,True
22,1954,1784807995.627076,8,0.022168397903442383,0.002771049737930298,True
22,1955,1784807995.6520822,8,0.015590667724609375,0.0019488334655761719,True
22,1956,1784807995.6682324,8,0.020668745040893555,0.0025835931301116943,True
22,1957,1784807995.6896198,8,0.020704030990600586,0.0025880038738250732,True
22,1958,1784807995.7112424,8,0.01960015296936035,0.002450019121170044,True
22,1959,1784807995.7311845,8,0.019063949584960938,0.002382993698120117,True
22,1960,1784807995.750745,8,0.01903367042541504,0.00237920880317688,True
22,1961,1784807995.7702482,8,0.019921064376831055,0.002490133047103882,True
22,1962,1784807995.7906778,8,0.018041610717773438,0.0022552013397216797,True
22,1963,1784807995.8097048,8,0.019748687744140625,0.002468585968017578,True
22,1964,1784807995.8298304,8,0.019978761672973633,0.002497345209121704,True
22,1965,1784807995.8502746,8,0.02138519287109375,0.0026731491088867188,True
22,1966,1784807995.8720322,8,0.020163536071777344,0.002520442008972168,True
22,1967,1784807995.8925004,8,0.021825075149536133,0.0027281343936920166,True
22,1968,1784807995.914684,8,0.019394636154174805,0.0024243295192718506,True
22,1969,1784807995.9345145,8,0.018302202224731445,0.0022877752780914307,True
22,1970,1784807995.9536254,8,0.01937413215637207,0.002421766519546509,True
22,1971,1784807995.973651,8,0.01963019371032715,0.0024537742137908936,True
22,1972,1784807995.9937477,8,0.0222320556640625,0.0027790069580078125,True
22,1973,1784807996.0166337,8,0.019601106643676758,0.0024501383304595947,True
22,1974,1784807996.0376444,8,0.019241809844970703,0.002405226230621338,True
22,1975,1784807996.0573444,8,0.019983768463134766,0.0024979710578918457,True
22,1976,1784807996.0778606,8,0.019385337829589844,0.0024231672286987305,True
22,1977,1784807996.0978177,8,0.022300004959106445,0.0027875006198883057,True
22,1978,1784807996.1236806,8,0.01851367950439453,0.0023142099380493164,True
22,1979,1784807996.142874,8,0.020203113555908203,0.0025253891944885254,True
22,1980,1784807996.1635563,8,0.018946170806884766,0.0023682713508605957,True
22,1981,1784807996.1831145,8,0.01932811737060547,0.0024160146713256836,True
22,1982,1784807996.2029588,8,0.022249460220336914,0.0027811825275421143,True
22,1983,1784807996.2256606,8,0.01871657371520996,0.002339571714401245,True
22,1984,1784807996.2449024,8,0.02161860466003418,0.0027023255825042725,True
22,1985,1784807996.2668445,8,0.020485639572143555,0.0025607049465179443,True
22,1986,1784807996.2877662,8,0.019617319107055664,0.002452164888381958,True
22,1987,1784807996.3077161,8,0.020624399185180664,0.002578049898147583,True
22,1988,1784807996.3287833,8,0.020638227462768555,0.0025797784328460693,True
22,1989,1784807996.3496962,8,0.01961994171142578,0.0024524927139282227,True
22,1990,1784807996.3697045,8,0.02117323875427246,0.0026466548442840576,True
22,1991,1784807996.3915036,8,0.01917743682861328,0.00239717960357666,True
22,1992,1784807996.4110146,8,0.02010941505432129,0.002513676881790161,True
22,1993,1784807996.4318535,8,0.018765926361083984,0.002345740795135498,True
22,1994,1784807996.4512112,8,0.01952815055847168,0.00244101881980896,True
22,1995,1784807996.4712167,8,0.019652605056762695,0.002456575632095337,True
22,1996,1784807996.491174,8,0.019870281219482422,0.0024837851524353027,True
22,1997,1784807996.5114067,8,0.022016525268554688,0.002752065658569336,True
22,1998,1784807996.5340912,8,0.02109050750732422,0.0026363134384155273,True
22,1999,1784807996.5556362,8,0.019512176513671875,0.0024390220642089844,True
22,2000,1784807996.5762994,8,0.021294593811035156,0.0026618242263793945,True
22,2001,1784807996.6004763,8,0.019571304321289062,0.002446413040161133,True
22,2002,1784807996.6208203,8,0.01951909065246582,0.0024398863315582275,True
22,2003,1784807996.6408098,8,0.02050304412841797,0.002562880516052246,True
22,2004,1784807996.6617408,8,0.020698070526123047,0.002587258815765381,True
22,2005,1784807996.6829357,8,0.02068781852722168,0.00258597731590271,True
22,2006,1784807996.7044153,8,0.018962860107421875,0.0023703575134277344,True
22,2007,1784807996.7241495,8,0.020604610443115234,0.0025755763053894043,True
22,2008,1784807996.7451973,8,0.020023584365844727,0.002502948045730591,True
22,2009,1784807996.7660453,8,0.020190715789794922,0.0025238394737243652,True
22,2010,1784807996.786743,8,0.020723819732666016,0.002590477466583252,True
22,2011,1784807996.8078218,8,0.021785974502563477,0.0027232468128204346,True
22,2012,1784807996.8301184,8,0.02208733558654785,0.0027609169483184814,True
22,2013,1784807996.8528605,8,0.019392967224121094,0.0024241209030151367,True
22,2014,1784807996.8733988,8,0.019976139068603516,0.0024970173835754395,True
22,2015,1784807996.893902,8,0.020100116729736328,0.002512514591217041,True
22,2016,1784807996.9147575,8,0.019498825073242188,0.0024373531341552734,True
22,2017,1784807996.934777,8,0.021433115005493164,0.0026791393756866455,True
22,2018,1784807996.9567955,8,0.02031993865966797,0.002539992332458496,True
22,2019,1784807996.9781935,8,0.019852638244628906,0.0024815797805786133,True
22,2020,1784807996.9987562,8,0.021087646484375,0.002635955810546875,True
22,2021,1784807997.0203538,8,0.019014835357666016,0.002376854419708252,True
22,2022,1784807997.0399053,8,0.020846843719482422,0.0026058554649353027,True
22,2023,1784807997.0613554,8,0.02149057388305664,0.00268632173538208,True
22,2024,1784807997.083804,8,0.01969122886657715,0.0024614036083221436,True
22,2025,1784807997.103952,8,0.01894521713256836,0.002368152141571045,True
22,2026,1784807997.123606,8,0.02110600471496582,0.0026382505893707275,True
22,2027,1784807997.1453001,8,0.019467592239379883,0.0024334490299224854,True
22,2028,1784807997.1658173,8,0.020173311233520508,0.0025216639041900635,True
22,2029,1784807997.1864116,8,0.020564556121826172,0.0025705695152282715,True
22,2030,1784807997.2075052,8,0.020689964294433594,0.0025862455368041992,True
22,2031,1784807997.2287092,8,0.020705461502075195,0.0025881826877593994,True
22,2032,1784807997.2501035,8,0.019064664840698242,0.0023830831050872803,True
22,2033,1784807997.2701702,8,0.020057201385498047,0.002507150173187256,True
22,2034,1784807997.2905233,8,0.018953561782836914,0.0023691952228546143,True
22,2035,1784807997.309826,8,0.017994165420532227,0.0022492706775665283,True
22,2036,1784807997.328658,8,0.019123077392578125,0.0023903846740722656,True
22,2037,1784807997.3482463,8,0.0199282169342041,0.0024910271167755127,True
22,2038,1784807997.3685098,8,0.021090984344482422,0.0026363730430603027,True
22,2039,1784807997.3907175,8,0.01897883415222168,0.00237235426902771,True
22,2040,1784807997.4100943,8,0.022456645965576172,0.0028070807456970215,True
22,2041,1784807997.4329698,8,0.020079612731933594,0.0025099515914916992,True
22,2042,1784807997.45348,8,0.020329713821411133,0.0025412142276763916,True
22,2043,1784807997.474613,8,0.019658327102661133,0.0024572908878326416,True
22,2044,1784807997.496671,8,0.019369125366210938,0.002421140670776367,True
22,2045,1784807997.5163226,8,0.01990985870361328,0.00248873233795166,True
22,2046,1784807997.5367687,8,0.020636320114135742,0.0025795400142669678,True
22,2047,1784807997.5577793,8,0.019875049591064453,0.0024843811988830566,True
22,2048,1784807997.57792,8,0.020190715789794922,0.0025238394737243652,True
22,2049,1784807997.5984812,8,0.019243717193603516,0.0024054646492004395,True
22,2050,1784807997.6180687,8,0.020379066467285156,0.0025473833084106445,True
22,2051,1784807997.6388276,8,0.021009445190429688,0.002626180648803711,True
22,2052,1784807997.6602955,8,0.021528959274291992,0.002691119909286499,True
22,2053,1784807997.6822066,8,0.018845796585083008,0.002355724573135376,True
22,2054,1784807997.7015462,8,0.02219223976135254,0.0027740299701690674,True
22,2055,1784807997.7240858,8,0.018563032150268555,0.0023203790187835693,True
22,2056,1784807997.743038,8,0.020794391632080078,0.0025992989540100098,True
22,2057,1784807997.7647953,8,0.02073955535888672,0.00259244441986084,True
22,2058,1784807997.7865076,8,0.02042841911315918,0.0025535523891448975,True
22,2059,1784807997.8073668,8,0.01992344856262207,0.002490431070327759,True
22,2060,1784807997.827799,8,0.02007460594177246,0.0025093257427215576,True
22,2061,1784807997.848863,8,0.018266677856445312,0.002283334732055664,True
22,2062,1784807997.868074,8,0.02042365074157715,0.0025529563426971436,True
22,2063,1784807997.888906,8,0.019821643829345703,0.002477705478668213,True
22,2064,1784807997.909532,8,0.022703170776367188,0.0028378963470458984,True
22,2065,1784807997.9332683,8,0.021010637283325195,0.0026263296604156494,True
22,2066,1784807997.9549637,8,0.021613597869873047,0.002701699733734131,True
22,2067,1784807997.9771645,8,0.021717071533203125,0.0027146339416503906,True
22,2068,1784807997.9993076,8,0.019275426864624023,0.002409428358078003,True
22,2069,1784807998.0192628,8,0.019254684448242188,0.0024068355560302734,True
22,2070,1784807998.039011,8,0.019623994827270508,0.0024529993534088135,True
22,2071,1784807998.0590541,8,0.01959061622619629,0.002448827028274536,True
22,2072,1784807998.0790436,8,0.020384788513183594,0.0025480985641479492,True
22,2073,1784807998.1002774,8,0.021518230438232422,0.0026897788047790527,True
22,2074,1784807998.1222181,8,0.018248558044433594,0.0022810697555541992,True
22,2075,1784807998.1410553,8,0.02002429962158203,0.002503037452697754,True
22,2076,1784807998.161456,8,0.020209074020385742,0.0025261342525482178,True
22,2077,1784807998.1821015,8,0.0192868709564209,0.0024108588695526123,True
22,2078,1784807998.2023911,8,0.0191805362701416,0.0023975670337677,True
22,2079,1784807998.2221963,8,0.021114826202392578,0.0026393532752990723,True
22,2080,1784807998.2437274,8,0.018457889556884766,0.0023072361946105957,True
22,2081,1784807998.2625573,8,0.020430326461791992,0.002553790807723999,True
22,2082,1784807998.2832916,8,0.018277645111083984,0.002284705638885498,True
22,2083,1784807998.3018777,8,0.01998138427734375,0.0024976730346679688,True
22,2084,1784807998.3221993,8,0.02049708366394043,0.0025621354579925537,True
22,2085,1784807998.343036,8,0.022305011749267578,0.0027881264686584473,True
22,2086,1784807998.3658192,8,0.017709732055664062,0.002213716506958008,True
22,2087,1784807998.3839688,8,0.020163536071777344,0.002520442008972168,True
22,2088,1784807998.404536,8,0.018033504486083984,0.002254188060760498,True
22,2089,1784807998.4228544,8,0.020049333572387695,0.002506166696548462,True
22,2090,1784807998.443241,8,0.021837472915649414,0.0027296841144561768,True
22,2091,1784807998.4654975,8,0.018448352813720703,0.002306044101715088,True
22,2092,1784807998.4843128,8,0.018912553787231445,0.0023640692234039307,True
22,2093,1784807998.5035875,8,0.017632722854614258,0.0022040903568267822,True
22,2094,1784807998.5215495,8,0.02011585235595703,0.002514481544494629,True
22,2095,1784807998.5421531,8,0.01918506622314453,0.0023981332778930664,True
22,2096,1784807998.5616925,8,0.01932692527770996,0.002415865659713745,True
22,2097,1784807998.5812647,8,0.02058100700378418,0.0025726258754730225,True
22,2098,1784807998.6021,8,0.019421815872192383,0.002427726984024048,True
22,2099,1784807998.6218555,8,0.019303083419799805,0.0024128854274749756,True
22,2100,1784807998.641717,8,0.018724441528320312,0.002340555191040039,True
22,2101,1784807998.6608047,8,0.018254518508911133,0.0022818148136138916,True
22,2102,1784807998.6794977,8,0.020055770874023438,0.0025069713592529297,True
22,2103,1784807998.699908,8,0.01988697052001953,0.0024858713150024414,True
22,2104,1784807998.7201493,8,0.019906997680664062,0.002488374710083008,True
22,2105,1784807998.7410915,8,0.021166086196899414,0.0026457607746124268,True
22,2106,1784807998.7626615,8,0.019681215286254883,0.0024601519107818604,True
22,2107,1784807998.7827065,8,0.019489526748657227,0.0024361908435821533,True
22,2108,1784807998.802616,8,0.019938230514526367,0.002492278814315796,True
22,2109,1784807998.822834,8,0.018861055374145508,0.0023576319217681885,True
22,2110,1784807998.842127,8,0.019638538360595703,0.002454817295074463,True
22,2111,1784807998.8620772,8,0.019635438919067383,0.002454429864883423,True
22,2112,1784807998.8820038,8,0.018848657608032227,0.0023560822010040283,True
22,2113,1784807998.901339,8,0.0191805362701416,0.0023975670337677,True
22,2114,1784807998.920775,8,0.018391847610473633,0.002298980951309204,True
22,2115,1784807998.9395022,8,0.019875526428222656,0.002484440803527832,True
22,2116,1784807998.9599175,8,0.019805431365966797,0.0024756789207458496,True
22,2117,1784807998.9803605,8,0.02050018310546875,0.0025625228881835938,True
22,2118,1784807999.0015216,8,0.02146458625793457,0.0026830732822418213,True
22,2119,1784807999.0234795,8,0.019153356552124023,0.002394169569015503,True
22,2120,1784807999.0429704,8,0.02074575424194336,0.00259321928024292,True
22,2121,1784807999.0642807,8,0.019802093505859375,0.002475261688232422,True
22,2122,1784807999.0847473,8,0.021382808685302734,0.002672851085662842,True
22,2123,1784807999.106545,8,0.01946568489074707,0.002433210611343384,True
22,2124,1784807999.1263702,8,0.019542932510375977,0.002442866563796997,True
22,2125,1784807999.1463954,8,0.021918773651123047,0.002739846706390381,True
22,2126,1784807999.168769,8,0.0177156925201416,0.0022144615650177,True
22,2127,1784807999.1867425,8,0.021032333374023438,0.0026290416717529297,True
22,2128,1784807999.2081375,8,0.019394874572753906,0.0024243593215942383,True
22,2129,1784807999.2279255,8,0.02034306526184082,0.0025428831577301025,True
22,2130,1784807999.2488275,8,0.02147364616394043,0.0026842057704925537,True
22,2131,1784807999.270845,8,0.019964933395385742,0.0024956166744232178,True
22,2132,1784807999.2911093,8,0.020511388778686523,0.0025639235973358154,True
22,2133,1784807999.3119488,8,0.018918514251708984,0.002364814281463623,True
22,2134,1784807999.3313808,8,0.0184173583984375,0.0023021697998046875,True
22,2135,1784807999.3512304,8,0.017170429229736328,0.002146303653717041,True
22,2136,1784807999.3686712,8,0.020655155181884766,0.0025818943977355957,True
22,2137,1784807999.389636,8,0.020078182220458984,0.002509772777557373,True
22,2138,1784807999.4101057,8,0.019703388214111328,0.002462923526763916,True
22,2139,1784807999.4301794,8,0.01971578598022461,0.002464473247528076,True
22,2140,1784807999.450285,8,0.020855188369750977,0.002606898546218872,True
22,2141,1784807999.471678,8,0.021460294723510742,0.0026825368404388428,True
22,2142,1784807999.4934802,8,0.02096080780029297,0.002620100975036621,True
22,2143,1784807999.5148494,8,0.019777536392211914,0.0024721920490264893,True
22,2144,1784807999.5350153,8,0.01978611946105957,0.0024732649326324463,True
22,2145,1784807999.555411,8,0.020345449447631836,0.0025431811809539795,True
22,2146,1784807999.5760653,8,0.022012948989868164,0.0027516186237335205,True
22,2147,1784807999.5986414,8,0.0199432373046875,0.0024929046630859375,True
22,2148,1784807999.6189468,8,0.019326210021972656,0.002415776252746582,True
22,2149,1784807999.6386132,8,0.02050948143005371,0.002563685178756714,True
22,2150,1784807999.6594818,8,0.020188331604003906,0.0025235414505004883,True
22,2151,1784807999.6801028,8,0.01977825164794922,0.0024722814559936523,True
22,2152,1784807999.7002904,8,0.019466400146484375,0.002433300018310547,True
22,2153,1784807999.72006,8,0.024044275283813477,0.0030055344104766846,True
22,2154,1784807999.745466,8,0.017858028411865234,0.0022322535514831543,True
22,2155,1784807999.7636578,8,0.019850492477416992,0.002481311559677124,True
22,2156,1784807999.7841616,8,0.020355224609375,0.002544403076171875,True
22,2157,1784807999.8048446,8,0.02043914794921875,0.0025548934936523438,True
22,2158,1784807999.8256245,8,0.0217437744140625,0.0027179718017578125,True
22,2159,1784807999.8478024,8,0.019657135009765625,0.002457141876220703,True
22,2160,1784807999.8677871,8,0.019190073013305664,0.002398759126663208,True
22,2161,1784807999.8873363,8,0.02217388153076172,0.002771735191345215,True
22,2162,1784807999.9099245,8,0.01972794532775879,0.0024659931659698486,True
22,2163,1784807999.9299154,8,0.018876075744628906,0.0023595094680786133,True
22,2164,1784807999.94919,8,0.020575284957885742,0.0025719106197357178,True
22,2165,1784807999.9708033,8,0.021306514739990234,0.0026633143424987793,True
22,2166,1784807999.9928622,8,0.019048452377319336,0.002381056547164917,True
22,2167,1784808000.0123231,8,0.02095794677734375,0.0026197433471679688,True
22,2168,1784808000.033593,8,0.020749568939208984,0.002593696117401123,True
22,2169,1784808000.054793,8,0.020160675048828125,0.0025200843811035156,True
22,2170,1784808000.0755863,8,0.018888473510742188,0.0023610591888427734,True
22,2171,1784808000.095146,8,0.01981949806213379,0.0024774372577667236,True
22,2172,1784808000.1156101,8,0.019724369049072266,0.002465546131134033,True
22,2173,1784808000.1356914,8,0.020950794219970703,0.002618849277496338,True
22,2174,1784808000.15705,8,0.019403696060180664,0.002425462007522583,True
22,2175,1784808000.176744,8,0.019340991973876953,0.002417623996734619,True
22,2176,1784808000.1963797,8,0.02191925048828125,0.0027399063110351562,True
22,2177,1784808000.2188308,8,0.020316600799560547,0.0025395750999450684,True
22,2178,1784808000.2394948,8,0.01873469352722168,0.00234183669090271,True
22,2179,1784808000.2586112,8,0.01988363265991211,0.0024854540824890137,True
22,2180,1784808000.279018,8,0.018814802169799805,0.0023518502712249756,True
22,2181,1784808000.2981982,8,0.019684553146362305,0.002460569143295288,True
22,2182,1784808000.3184445,8,0.021724700927734375,0.002715587615966797,True
22,2183,1784808000.3411794,8,0.016533851623535156,0.0020667314529418945,True
22,2184,1784808000.358088,8,0.020490646362304688,0.002561330795288086,True
22,2185,1784808000.3788948,8,0.019635677337646484,0.0024544596672058105,True
22,2186,1784808000.3988137,8,0.019699573516845703,0.002462446689605713,True
22,2187,1784808000.4195983,8,0.019591569900512695,0.002448946237564087,True
22,2188,1784808000.439558,8,0.019325733184814453,0.0024157166481018066,True
22,2189,1784808000.4596398,8,0.019644737243652344,0.002455592155456543,True
22,2190,1784808000.4795842,8,0.01945185661315918,0.0024314820766448975,True
22,2191,1784808000.4993563,8,0.019863128662109375,0.002482891082763672,True
22,2192,1784808000.5194967,8,0.019606351852416992,0.002450793981552124,True
22,2193,1784808000.5395522,8,0.019747257232666016,0.002468407154083252,True
22,2194,1784808000.5595992,8,0.01990795135498047,0.0024884939193725586,True
22,2195,1784808000.5798151,8,0.02158331871032715,0.0026979148387908936,True
22,2196,1784808000.6018572,8,0.018980026245117188,0.0023725032806396484,True
22,2197,1784808000.621378,8,0.018959999084472656,0.002369999885559082,True
22,2198,1784808000.640801,8,0.019466638565063477,0.0024333298206329346,True
22,2199,1784808000.6605892,8,0.01919245719909668,0.002399057149887085,True
22,2200,1784808000.6801865,8,0.020859718322753906,0.0026074647903442383,True
22,2201,1784808000.7014375,8,0.018597841262817383,0.002324730157852173,True
22,2202,1784808000.7203572,8,0.021321773529052734,0.002665221691131592,True
22,2203,1784808000.7420132,8,0.021753549575805664,0.002719193696975708,True
22,2204,1784808000.7642171,8,0.019295930862426758,0.0024119913578033447,True
22,2205,1784808000.7838855,8,0.018886327743530273,0.002360790967941284,True
22,2206,1784808000.8031294,8,0.019782304763793945,0.002472788095474243,True
22,2207,1784808000.823478,8,0.017970561981201172,0.0022463202476501465,True
22,2208,1784808000.8417695,8,0.01972222328186035,0.002465277910232544,True
22,2209,1784808000.8621824,8,0.018932342529296875,0.0023665428161621094,True
22,2210,1784808000.8815057,8,0.01961374282836914,0.0024517178535461426,True
22,2211,1784808000.901773,8,0.02278876304626465,0.002848595380783081,True
22,2212,1784808000.9252777,8,0.017189979553222656,0.002148747444152832,True
22,2213,1784808000.942899,8,0.02158188819885254,0.0026977360248565674,True
22,2214,1784808000.9657059,8,0.019640684127807617,0.002455085515975952,True
22,2215,1784808000.985902,8,0.019832611083984375,0.002479076385498047,True
22,2216,1784808001.0066543,8,0.018891096115112305,0.002361387014389038,True
22,2217,1784808001.0259538,8,0.018975496292114258,0.0023719370365142822,True
22,2218,1784808001.045495,8,0.02086329460144043,0.0026079118251800537,True
22,2219,1784808001.0668511,8,0.0224606990814209,0.0028075873851776123,True
22,2220,1784808001.0896077,8,0.019628286361694336,0.002453535795211792,True
22,2221,1784808001.1097438,8,0.018547534942626953,0.002318441867828369,True
22,2222,1784808001.1286771,8,0.02133941650390625,0.0026674270629882812,True
22,2223,1784808001.150413,8,0.018937110900878906,0.0023671388626098633,True
22,2224,1784808001.1696653,8,0.018458127975463867,0.0023072659969329834,True
22,2225,1784808001.188434,8,0.019298791885375977,0.002412348985671997,True
22,2226,1784808001.2091231,8,0.020450592041015625,0.002556324005126953,True
22,2227,1784808001.2298675,8,0.021102428436279297,0.002637803554534912,True
22,2228,1784808001.251437,8,0.019544601440429688,0.002443075180053711,True
22,2229,1784808001.2714348,8,0.021643400192260742,0.0027054250240325928,True
22,2230,1784808001.293895,8,0.01974797248840332,0.002468496561050415,True
22,2231,1784808001.3139937,8,0.019732952117919922,0.0024666190147399902,True
22,2232,1784808001.334144,8,0.02141284942626953,0.0026766061782836914,True
22,2233,1784808001.355872,8,0.019124269485473633,0.002390533685684204,True
22,2234,1784808001.375566,8,0.020876169204711914,0.0026095211505889893,True
22,2235,1784808001.396882,8,0.01905655860900879,0.0023820698261260986,True
22,2236,1784808001.41706,8,0.02039480209350586,0.0025493502616882324,True
22,2237,1784808001.437923,8,0.02041482925415039,0.002551853656768799,True
22,2238,1784808001.458969,8,0.0189664363861084,0.00237080454826355,True
22,2239,1784808001.4783382,8,0.01978611946105957,0.0024732649326324463,True
22,2240,1784808001.4993415,8,0.021026611328125,0.002628326416015625,True
22,2241,1784808001.5211132,8,0.01845526695251465,0.002306908369064331,True
22,2242,1784808001.5400624,8,0.020642757415771484,0.0025803446769714355,True
22,2243,1784808001.5613852,8,0.021785736083984375,0.002723217010498047,True
22,2244,1784808001.5838082,8,0.019318103790283203,0.0024147629737854004,True
22,2245,1784808001.6042304,8,0.01985025405883789,0.0024812817573547363,True
22,2246,1784808001.6243825,8,0.021546125411987305,0.002693265676498413,True
22,2247,1784808001.6461885,8,0.019250154495239258,0.0024062693119049072,True
22,2248,1784808001.6658528,8,0.020598649978637695,0.002574831247329712,True
22,2249,1784808001.687174,8,0.020153522491455078,0.0025191903114318848,True
22,2250,1784808001.7077742,8,0.02132725715637207,0.002665907144546509,True
22,2251,1784808001.7296722,8,0.020058870315551758,0.0025073587894439697,True
22,2252,1784808001.7507539,8,0.02122950553894043,0.0026536881923675537,True
22,2253,1784808001.7724295,8,0.019586563110351562,0.0024483203887939453,True
22,2254,1784808001.7924652,8,0.020989418029785156,0.0026236772537231445,True
22,2255,1784808001.8138924,8,0.019466876983642578,0.0024333596229553223,True
22,2256,1784808001.833749,8,0.01863551139831543,0.0023294389247894287,True
22,2257,1784808001.8527925,8,0.021303176879882812,0.0026628971099853516,True
22,2258,1784808001.875094,8,0.01982903480529785,0.0024786293506622314,True
22,2259,1784808001.8955655,8,0.01853466033935547,0.0023168325424194336,True
22,2260,1784808001.914645,8,0.017604351043701172,0.0022005438804626465,True
22,2261,1784808001.9326146,8,0.020745515823364258,0.0025931894779205322,True
22,2262,1784808001.9536517,8,0.019291400909423828,0.0024114251136779785,True
22,2263,1784808001.9733195,8,0.021073341369628906,0.0026341676712036133,True
22,2264,1784808001.9947684,8,0.020528078079223633,0.002566009759902954,True
22,2265,1784808002.0155632,8,0.020905256271362305,0.002613157033920288,True
22,2266,1784808002.0367723,8,0.019370555877685547,0.0024213194847106934,True
22,2267,1784808002.0564902,8,0.01993417739868164,0.002491772174835205,True
22,2268,1784808002.0768082,8,0.02007436752319336,0.00250929594039917,True
22,2269,1784808002.09726,8,0.02037954330444336,0.00254744291305542,True
22,2270,1784808002.1179996,8,0.020140886306762695,0.002517610788345337,True
22,2271,1784808002.1384852,8,0.020196914672851562,0.0025246143341064453,True
22,2272,1784808002.1591384,8,0.019428730010986328,0.002428591251373291,True
22,2273,1784808002.1791773,8,0.019809246063232422,0.0024761557579040527,True
22,2274,1784808002.199293,8,0.02076411247253418,0.0025955140590667725,True
22,2275,1784808002.2204707,8,0.019062042236328125,0.0023827552795410156,True
22,2276,1784808002.2400532,8,0.01874685287475586,0.0023433566093444824,True
22,2277,1784808002.2591505,8,0.021351337432861328,0.002668917179107666,True
22,2278,1784808002.2809596,8,0.02051234245300293,0.002564042806625366,True
22,2279,1784808002.3018546,8,0.019827842712402344,0.002478480339050293,True
22,2280,1784808002.3220053,8,0.020342350006103516,0.0025427937507629395,True
22,2281,1784808002.3427246,8,0.019013404846191406,0.0023766756057739258,True
22,2282,1784808002.362217,8,0.018629789352416992,0.002328723669052124,True
22,2283,1784808002.3811724,8,0.01972341537475586,0.0024654269218444824,True
22,2284,1784808002.4013872,8,0.019474267959594727,0.002434283494949341,True
22,2285,1784808002.4211888,8,0.0200042724609375,0.0025005340576171875,True
22,2286,1784808002.4416673,8,0.02065873146057129,0.002582341432571411,True
22,2287,1784808002.4627993,8,0.020566940307617188,0.0025708675384521484,True
22,2288,1784808002.4836214,8,0.02013850212097168,0.00251731276512146,True
22,2289,1784808002.5040336,8,0.0192263126373291,0.0024032890796661377,True
22,2290,1784808002.523687,8,0.02043938636779785,0.0025549232959747314,True
22,2291,1784808002.5445342,8,0.020369291305541992,0.002546161413192749,True
22,2292,1784808002.5653155,8,0.020088672637939453,0.0025110840797424316,True
22,2293,1784808002.585978,8,0.020234346389770508,0.0025292932987213135,True
22,2294,1784808002.6066315,8,0.02143073081970215,0.0026788413524627686,True
22,2295,1784808002.6285172,8,0.022794246673583984,0.002849280834197998,True
22,2296,1784808002.6516767,8,0.019481182098388672,0.002435147762298584,True
22,2297,1784808002.67144,8,0.021616220474243164,0.0027020275592803955,True
22,2298,1784808002.6935287,8,0.018484830856323242,0.0023106038570404053,True
22,2299,1784808002.7123857,8,0.02274632453918457,0.0028432905673980713,True
22,2300,1784808002.735436,8,0.019615888595581055,0.002451986074447632,True
22,2301,1784808002.7557244,8,0.02053236961364746,0.0025665462017059326,True
22,2302,1784808002.7767792,8,0.019980669021606445,0.0024975836277008057,True
22,2303,1784808002.7971206,8,0.021050214767456055,0.002631276845932007,True
22,2304,1784808002.818601,8,0.019174814224243164,0.0023968517780303955,True
22,2305,1784808002.838188,8,0.02039027214050293,0.002548784017562866,True
22,2306,1784808002.8590488,8,0.01910114288330078,0.0023876428604125977,True
22,2307,1784808002.8785737,8,0.01985311508178711,0.0024816393852233887,True
22,2308,1784808002.8988388,8,0.019481420516967773,0.0024351775646209717,True
22,2309,1784808002.918659,8,0.021008014678955078,0.0026260018348693848,True
22,2310,1784808002.9401286,8,0.0215299129486084,0.00269123911857605,True
22,2311,1784808002.962075,8,0.019031763076782227,0.0023789703845977783,True
22,2312,1784808002.9814405,8,0.020537853240966797,0.0025672316551208496,True
22,2313,1784808003.0025318,8,0.022197484970092773,0.0027746856212615967,True
22,2314,1784808003.0250978,8,0.01912093162536621,0.0023901164531707764,True
22,2315,1784808003.0446382,8,0.022044658660888672,0.002755582332611084,True
22,2316,1784808003.0669398,8,0.01995682716369629,0.002494603395462036,True
22,2317,1784808003.0872009,8,0.020543336868286133,0.0025679171085357666,True
22,2318,1784808003.1085486,8,0.019393444061279297,0.002424180507659912,True
22,2319,1784808003.1287487,8,0.019484758377075195,0.0024355947971343994,True
22,2320,1784808003.1485245,8,0.020666122436523438,0.0025832653045654297,True
22,2321,1784808003.169514,8,0.019777297973632812,0.0024721622467041016,True
22,2322,1784808003.189778,8,0.020128488540649414,0.0025160610675811768,True
22,2323,1784808003.2102702,8,0.019775867462158203,0.0024719834327697754,True
22,2324,1784808003.2304573,8,0.019289016723632812,0.0024111270904541016,True
22,2325,1784808003.2501662,8,0.02021002769470215,0.0025262534618377686,True
22,2326,1784808003.2706895,8,0.024979591369628906,0.0031224489212036133,True
22,2327,1784808003.2961166,8,0.019107818603515625,0.002388477325439453,True
22,2328,1784808003.3156517,8,0.01902031898498535,0.002377539873123169,True
22,2329,1784808003.3350725,8,0.02081775665283203,0.002602219581604004,True
22,2330,1784808003.3563707,8,0.020128488540649414,0.0025160610675811768,True
22,2331,1784808003.376922,8,0.020535945892333984,0.002566993236541748,True
22,2332,1784808003.3978317,8,0.01920628547668457,0.0024007856845855713,True
22,2333,1784808003.417418,8,0.02090930938720703,0.002613663673400879,True
22,2334,1784808003.4387085,8,0.019765377044677734,0.002470672130584717,True
22,2335,1784808003.4589553,8,0.021193504333496094,0.0026491880416870117,True
22,2336,1784808003.4804554,8,0.018451213836669922,0.0023064017295837402,True
22,2337,1784808003.4992695,8,0.01935744285583496,0.00241968035697937,True
22,2338,1784808003.5189972,8,0.019361019134521484,0.0024201273918151855,True
22,2339,1784808003.5387542,8,0.020584821701049805,0.0025731027126312256,True
22,2340,1784808003.55975,8,0.01846170425415039,0.002307713031768799,True
22,2341,1784808003.5785625,8,0.020223617553710938,0.002527952194213867,True
22,2342,1784808003.5990624,8,0.01907634735107422,0.0023845434188842773,True
22,2343,1784808003.6184647,8,0.01975393295288086,0.0024692416191101074,True
22,2344,1784808003.6385477,8,0.019951581954956055,0.002493947744369507,True
22,2345,1784808003.6588864,8,0.019117355346679688,0.002389669418334961,True
22,2346,1784808003.6783512,8,0.020216703414916992,0.002527087926864624,True
22,2347,1784808003.6989489,8,0.01878833770751953,0.0023485422134399414,True
22,2348,1784808003.718221,8,0.020230770111083984,0.002528846263885498,True
22,2349,1784808003.7388532,8,0.018442630767822266,0.002305328845977783,True
22,2350,1784808003.7577238,8,0.021456241607666016,0.002682030200958252,True
22,2351,1784808003.779466,8,0.02086353302001953,0.0026079416275024414,True
22,2352,1784808003.8007293,8,0.018546581268310547,0.0023183226585388184,True
22,2353,1784808003.8196054,8,0.019696712493896484,0.0024620890617370605,True
22,2354,1784808003.839614,8,0.021433115005493164,0.0026791393756866455,True
22,2355,1784808003.8615553,8,0.018898487091064453,0.0023623108863830566,True
22,2356,1784808003.8808413,8,0.0197141170501709,0.0024642646312713623,True
22,2357,1784808003.9009492,8,0.020683765411376953,0.002585470676422119,True
22,2358,1784808003.9219763,8,0.01849198341369629,0.002311497926712036,True
22,2359,1784808003.9408674,8,0.019942522048950195,0.0024928152561187744,True
22,2360,1784808003.9611917,8,0.02048659324645996,0.002560824155807495,True
22,2361,1784808003.9820385,8,0.019423723220825195,0.0024279654026031494,True
22,2362,1784808004.0017948,8,0.018307924270629883,0.0022884905338287354,True
22,2363,1784808004.0204775,8,0.022047996520996094,0.0027559995651245117,True
22,2364,1784808004.042897,8,0.018923282623291016,0.002365410327911377,True
22,2365,1784808004.0621853,8,0.019503116607666016,0.002437889575958252,True
22,2366,1784808004.0819943,8,0.02008843421936035,0.002511054277420044,True
22,2367,1784808004.102517,8,0.019996166229248047,0.002499520778656006,True
22,2368,1784808004.1227968,8,0.019683837890625,0.002460479736328125,True
22,2369,1784808004.1429029,8,0.019693613052368164,0.0024617016315460205,True
22,2370,1784808004.1629012,8,0.02095770835876465,0.002619713544845581,True
22,2371,1784808004.1841486,8,0.02126002311706543,0.0026575028896331787,True
22,2372,1784808004.2056985,8,0.01997661590576172,0.002497076988220215,True
22,2373,1784808004.2259915,8,0.0213925838470459,0.0026740729808807373,True
22,2374,1784808004.247744,8,0.018538236618041992,0.002317279577255249,True
22,2375,1784808004.2666469,8,0.02028679847717285,0.0025358498096466064,True
22,2376,1784808004.2873113,8,0.02023792266845703,0.002529740333557129,True
22,2377,1784808004.3078842,8,0.019641399383544922,0.0024551749229431152,True
22,2378,1784808004.327887,8,0.01911163330078125,0.0023889541625976562,True
22,2379,1784808004.3474646,8,0.021270275115966797,0.0026587843894958496,True
22,2380,1784808004.3692608,8,0.01899862289428711,0.0023748278617858887,True
22,2381,1784808004.388773,8,0.019769906997680664,0.002471238374710083,True
22,2382,1784808004.408926,8,0.02361464500427246,0.0029518306255340576,True
22,2383,1784808004.4329216,8,0.016071796417236328,0.002008974552154541,True
22,2384,1784808004.4493582,8,0.01989150047302246,0.0024864375591278076,True
22,2385,1784808004.469632,8,0.01898360252380371,0.002372950315475464,True
22,2386,1784808004.4890568,8,0.019471406936645508,0.0024339258670806885,True
22,2387,1784808004.5088851,8,0.018992900848388672,0.002374112606048584,True
22,2388,1784808004.5282552,8,0.02161717414855957,0.0027021467685699463,True
22,2389,1784808004.5501988,8,0.01947951316833496,0.00243493914604187,True
22,2390,1784808004.5700636,8,0.01955437660217285,0.0024442970752716064,True
22,2391,1784808004.5899994,8,0.019360780715942383,0.002420097589492798,True
22,2392,1784808004.609875,8,0.019786357879638672,0.002473294734954834,True
22,2393,1784808004.6300526,8,0.01958465576171875,0.0024480819702148438,True
22,2394,1784808004.650208,8,0.02111029624938965,0.002638787031173706,True
22,2395,1784808004.67204,8,0.020308494567871094,0.0025385618209838867,True
22,2396,1784808004.6926575,8,0.01945638656616211,0.0024320483207702637,True
22,2397,1784808004.7124643,8,0.019660234451293945,0.002457529306411743,True
22,2398,1784808004.7329001,8,0.020487546920776367,0.002560943365097046,True
22,2399,1784808004.753723,8,0.020235300064086914,0.0025294125080108643,True
22,2400,1784808004.774514,8,0.01958465576171875,0.0024480819702148438,True
22,2401,1784808004.7944067,8,0.020174026489257812,0.0025217533111572266,True
22,2402,1784808004.8149657,8,0.020447254180908203,0.0025559067726135254,True
22,2403,1784808004.835792,8,0.019758939743041992,0.002469867467880249,True
22,2404,1784808004.8559499,8,0.022626399993896484,0.0028282999992370605,True
22,2405,1784808004.8790329,8,0.020007610321044922,0.0025009512901306152,True
22,2406,1784808004.8995173,8,0.019432783126831055,0.002429097890853882,True
22,2407,1784808004.9193215,8,0.0202333927154541,0.0025291740894317627,True
22,2408,1784808004.9399393,8,0.024593114852905273,0.003074139356613159,True
22,2409,1784808004.966215,8,0.018149137496948242,0.0022686421871185303,True
22,2410,1784808004.9846456,8,0.019994020462036133,0.0024992525577545166,True
22,2411,1784808005.0050766,8,0.020580768585205078,0.0025725960731506348,True
22,2412,1784808005.026017,8,0.021924734115600586,0.0027405917644500732,True
22,2413,1784808005.0487754,8,0.019513607025146484,0.0024392008781433105,True
22,2414,1784808005.0686462,8,0.019176483154296875,0.0023970603942871094,True
22,2415,1784808005.088158,8,0.019324779510498047,0.002415597438812256,True
22,2416,1784808005.1077702,8,0.02142047882080078,0.0026775598526000977,True
22,2417,1784808005.1294956,8,0.019791126251220703,0.002473890781402588,True
22,2418,1784808005.1500752,8,0.01993107795715332,0.002491384744644165,True
22,2419,1784808005.1706994,8,0.018867015838623047,0.002358376979827881,True
22,2420,1784808005.189955,8,0.01932239532470703,0.002415299415588379,True
22,2421,1784808005.2097178,8,0.018919944763183594,0.0023649930953979492,True
22,2422,1784808005.2293239,8,0.019863128662109375,0.002482891082763672,True
22,2423,1784808005.249571,8,0.0198516845703125,0.0024814605712890625,True
22,2424,1784808005.2697518,8,0.020179033279418945,0.002522379159927368,True
22,2425,1784808005.2904289,8,0.019087553024291992,0.002385944128036499,True
22,2426,1784808005.3101575,8,0.020416259765625,0.002552032470703125,True
22,2427,1784808005.3309038,8,0.020836591720581055,0.002604573965072632,True
22,2428,1784808005.3520706,8,0.020343303680419922,0.0025429129600524902,True
22,2429,1784808005.372869,8,0.01927018165588379,0.0024087727069854736,True
22,2430,1784808005.392489,8,0.02100372314453125,0.0026254653930664062,True
22,2431,1784808005.41381,8,0.01876544952392578,0.0023456811904907227,True
22,2432,1784808005.4330037,8,0.018229246139526367,0.002278655767440796,True
22,2433,1784808005.4517145,8,0.02019214630126953,0.0025240182876586914,True
22,2434,1784808005.4722774,8,0.020083904266357422,0.0025104880332946777,True
22,2435,1784808005.4928348,8,0.020003080368041992,0.002500385046005249,True
22,2436,1784808005.5132234,8,0.021861553192138672,0.002732694149017334,True
22,2437,1784808005.5355852,8,0.0213162899017334,0.002664536237716675,True
22,2438,1784808005.557239,8,0.01966404914855957,0.0024580061435699463,True
22,2439,1784808005.5773542,8,0.019162893295288086,0.0023953616619110107,True
22,2440,1784808005.596951,8,0.020061254501342773,0.0025076568126678467,True
22,2441,1784808005.6173646,8,0.022304773330688477,0.0027880966663360596,True
22,2442,1784808005.6399932,8,0.019554615020751953,0.002444326877593994,True
22,2443,1784808005.6598692,8,0.01964735984802246,0.0024559199810028076,True
22,2444,1784808005.679868,8,0.02049422264099121,0.0025617778301239014,True
22,2445,1784808005.7006567,8,0.01922893524169922,0.0024036169052124023,True
22,2446,1784808005.7202687,8,0.019698619842529297,0.002462327480316162,True
22,2447,1784808005.7403867,8,0.020910978317260742,0.0026138722896575928,True
22,2448,1784808005.7616515,8,0.020853519439697266,0.002606689929962158,True
22,2449,1784808005.782922,8,0.019081592559814453,0.0023851990699768066,True
22,2450,1784808005.8024004,8,0.02093505859375,0.00261688232421875,True
22,2451,1784808005.8236816,8,0.020495891571044922,0.0025619864463806152,True
22,2452,1784808005.8444607,8,0.020513057708740234,0.0025641322135925293,True
22,2453,1784808005.8654065,8,0.019757509231567383,0.002469688653945923,True
22,2454,1784808005.8860366,8,0.020277976989746094,0.0025347471237182617,True
22,2455,1784808005.9074917,8,0.01804375648498535,0.002255469560623169,True
22,2456,1784808005.9259787,8,0.019825458526611328,0.002478182315826416,True
22,2457,1784808005.9463258,8,0.01961660385131836,0.002452075481414795,True
22,2458,1784808005.9663475,8,0.019814252853393555,0.0024767816066741943,True
22,2459,1784808005.9865675,8,0.019689321517944336,0.002461165189743042,True
22,2460,1784808006.0068312,8,0.019466161727905273,0.002433270215988159,True
22,2461,1784808006.0266507,8,0.019995450973510742,0.0024994313716888428,True
22,2462,1784808006.046996,8,0.020594358444213867,0.0025742948055267334,True
22,2463,1784808006.0678885,8,0.021059036254882812,0.0026323795318603516,True
22,2464,1784808006.0910592,8,0.018474578857421875,0.0023093223571777344,True
22,2465,1784808006.1098728,8,0.020049333572387695,0.002506166696548462,True
22,2466,1784808006.1304276,8,0.019151926040649414,0.0023939907550811768,True
22,2467,1784808006.1498446,8,0.01971888542175293,0.002464860677719116,True
22,2468,1784808006.16997,8,0.01985788345336914,0.0024822354316711426,True
22,2469,1784808006.1902282,8,0.01946091651916504,0.00243261456489563,True
22,2470,1784808006.210108,8,0.01867508888244629,0.002334386110305786,True
22,2471,1784808006.22917,8,0.019730806350708008,0.002466350793838501,True
22,2472,1784808006.2492669,8,0.019812345504760742,0.0024765431880950928,True
22,2473,1784808006.2693603,8,0.019591569900512695,0.002448946237564087,True
22,2474,1784808006.2894814,8,0.019335269927978516,0.0024169087409973145,True
22,2475,1784808006.3093019,8,0.02150106430053711,0.0026876330375671387,True
22,2476,1784808006.3312433,8,0.01938796043395996,0.002423495054244995,True
22,2477,1784808006.3509667,8,0.01959705352783203,0.002449631690979004,True
22,2478,1784808006.3708794,8,0.020906686782836914,0.0026133358478546143,True
22,2479,1784808006.3922935,8,0.021023273468017578,0.0026279091835021973,True
22,2480,1784808006.4137166,8,0.02080392837524414,0.0026004910469055176,True
22,2481,1784808006.4349146,8,0.018097639083862305,0.002262204885482788,True
22,2482,1784808006.4534369,8,0.018857717514038086,0.0023572146892547607,True
22,2483,1784808006.4727561,8,0.022950172424316406,0.0028687715530395508,True
22,2484,1784808006.4961426,8,0.01862812042236328,0.00232851505279541,True
22,2485,1784808006.5152354,8,0.020407676696777344,0.002550959587097168,True
22,2486,1784808006.5360637,8,0.01998591423034668,0.002498239278793335,True
22,2487,1784808006.5564945,8,0.019014596939086914,0.0023768246173858643,True
22,2488,1784808006.5763526,8,0.019037961959838867,0.0023797452449798584,True
22,2489,1784808006.595739,8,0.021741390228271484,0.0027176737785339355,True
22,2490,1784808006.617842,8,0.02033066749572754,0.0025413334369659424,True
22,2491,1784808006.6388862,8,0.02420949935913086,0.0030261874198913574,True
22,2492,1784808006.663515,8,0.022055387496948242,0.0027569234371185303,True
22,2493,1784808006.686271,8,0.019420146942138672,0.002427518367767334,True
22,2494,1784808006.7061265,8,0.021514177322387695,0.002689272165298462,True
22,2495,1784808006.7282338,8,0.020610332489013672,0.002576291561126709,True
22,2496,1784808006.749109,8,0.020073890686035156,0.0025092363357543945,True
22,2497,1784808006.7695746,8,0.0187380313873291,0.0023422539234161377,True
22,2498,1784808006.7886896,8,0.020426034927368164,0.0025532543659210205,True
22,2499,1784808006.8095133,8,0.021590232849121094,0.0026987791061401367,True
22,2500,1784808006.8315585,8,0.018889427185058594,0.0023611783981323242,True
22,2501,1784808006.8508554,8,0.02108168601989746,0.0026352107524871826,True
22,2502,1784808006.872388,8,0.020017385482788086,0.0025021731853485107,True
22,2503,1784808006.8926845,8,0.019026517868041992,0.002378314733505249,True
22,2504,1784808006.9120405,8,0.021197795867919922,0.0026497244834899902,True
22,2505,1784808006.9337206,8,0.01956629753112793,0.002445787191390991,True
22,2506,1784808006.9537945,8,0.020763158798217773,0.0025953948497772217,True
22,2507,1784808006.9750202,8,0.01926708221435547,0.0024083852767944336,True
22,2508,1784808006.9946156,8,0.018862485885620117,0.0023578107357025146,True
22,2509,1784808007.0140877,8,0.02121901512145996,0.002652376890182495,True
22,2510,1784808007.0356019,8,0.018970489501953125,0.0023713111877441406,True
22,2511,1784808007.0550163,8,0.02160191535949707,0.002700239419937134,True
22,2512,1784808007.076909,8,0.018445730209350586,0.0023057162761688232,True
22,2513,1784808007.0958247,8,0.019928455352783203,0.0024910569190979004,True
22,2514,1784808007.1160784,8,0.019759654998779297,0.002469956874847412,True
22,2515,1784808007.1363487,8,0.019483327865600586,0.0024354159832000732,True
22,2516,1784808007.1562653,8,0.019421815872192383,0.002427726984024048,True
22,2517,1784808007.1761317,8,0.019290924072265625,0.002411365509033203,True
22,2518,1784808007.1957824,8,0.021434307098388672,0.002679288387298584,True
22,2519,1784808007.2175612,8,0.02103567123413086,0.0026294589042663574,True
22,2520,1784808007.2389317,8,0.019327878952026367,0.002415984869003296,True
22,2521,1784808007.2585793,8,0.02004551887512207,0.002505689859390259,True
22,2522,1784808007.2796187,8,0.021720170974731445,0.0027150213718414307,True
22,2523,1784808007.3021286,8,0.018734455108642578,0.0023418068885803223,True
22,2524,1784808007.3211405,8,0.019566059112548828,0.0024457573890686035,True
22,2525,1784808007.3412077,8,0.01918625831604004,0.002398282289505005,True
22,2526,1784808007.3607738,8,0.019961118698120117,0.0024951398372650146,True
22,2527,1784808007.3813207,8,0.020137548446655273,0.002517193555831909,True
22,2528,1784808007.4019518,8,0.02022099494934082,0.0025276243686676025,True
22,2529,1784808007.4224806,8,0.019585132598876953,0.002448141574859619,True
22,2530,1784808007.442449,8,0.01986837387084961,0.002483546733856201,True
22,2531,1784808007.4625936,8,0.021757125854492188,0.0027196407318115234,True
22,2532,1784808007.4846706,8,0.02016925811767578,0.0025211572647094727,True
22,2533,1784808007.5056562,8,0.021708250045776367,0.002713531255722046,True
22,2534,1784808007.528054,8,0.019761323928833008,0.002470165491104126,True
22,2535,1784808007.5483317,8,0.019869565963745117,0.0024836957454681396,True
22,2536,1784808007.5688548,8,0.02203369140625,0.00275421142578125,True
22,2537,1784808007.5913363,8,0.021700620651245117,0.0027125775814056396,True
22,2538,1784808007.613535,8,0.018558740615844727,0.002319842576980591,True
22,2539,1784808007.632484,8,0.020679473876953125,0.0025849342346191406,True
22,2540,1784808007.653633,8,0.0200345516204834,0.002504318952560425,True
22,2541,1784808007.6739771,8,0.021642446517944336,0.002705305814743042,True
22,2542,1784808007.6960166,8,0.01874375343322754,0.0023429691791534424,True
22,2543,1784808007.7150075,8,0.020982980728149414,0.0026228725910186768,True
22,2544,1784808007.7364526,8,0.020732641220092773,0.0025915801525115967,True
22,2545,1784808007.7576327,8,0.018141746520996094,0.0022677183151245117,True
22,2546,1784808007.7761865,8,0.020223140716552734,0.002527892589569092,True
22,2547,1784808007.796707,8,0.01909613609313965,0.002387017011642456,True
22,2548,1784808007.8160944,8,0.019443035125732422,0.0024303793907165527,True
22,2549,1784808007.8359509,8,0.021434545516967773,0.0026793181896209717,True
22,2550,1784808007.8577392,8,0.02048945426940918,0.0025611817836761475,True
22,2551,1784808007.8785584,8,0.019525527954101562,0.0024406909942626953,True
22,2552,1784808007.898475,8,0.020806074142456055,0.002600759267807007,True
22,2553,1784808007.9200597,8,0.019756555557250977,0.002469569444656372,True
22,2554,1784808007.940326,8,0.023601531982421875,0.0029501914978027344,True
22,2555,1784808007.9644704,8,0.021636962890625,0.002704620361328125,True
22,2556,1784808007.9866061,8,0.018271446228027344,0.002283930778503418,True
22,2557,1784808008.0053494,8,0.02075648307800293,0.002594560384750366,True
22,2558,1784808008.0264747,8,0.018613815307617188,0.0023267269134521484,True
22,2559,1784808008.045381,8,0.021106243133544922,0.0026382803916931152,True
22,2560,1784808008.0668948,8,0.0203096866607666,0.002538710832595825,True
22,2561,1784808008.0877097,8,0.020203828811645508,0.0025254786014556885,True
22,2562,1784808008.1084292,8,0.020777225494384766,0.0025971531867980957,True
22,2563,1784808008.129696,8,0.01926589012145996,0.002408236265182495,True
22,2564,1784808008.149427,8,0.02199244499206543,0.0027490556240081787,True
22,2565,1784808008.17184,8,0.018959760665893555,0.0023699700832366943,True
22,2566,1784808008.1923711,8,0.0188138484954834,0.002351731061935425,True
22,2567,1784808008.2115288,8,0.01993584632873535,0.002491980791091919,True
22,2568,1784808008.2318857,8,0.018973588943481445,0.0023716986179351807,True
22,2569,1784808008.2511995,8,0.020601511001586914,0.0025751888751983643,True
22,2570,1784808008.272199,8,0.021746397018432617,0.002718299627304077,True
22,2571,1784808008.295525,8,0.01880645751953125,0.0023508071899414062,True
22,2572,1784808008.3146749,8,0.022942066192626953,0.002867758274078369,True
22,2573,1784808008.3379424,8,0.019718170166015625,0.002464771270751953,True
22,2574,1784808008.3580637,8,0.019557952880859375,0.002444744110107422,True
22,2575,1784808008.3779798,8,0.020800352096557617,0.002600044012069702,True
22,2576,1784808008.3991601,8,0.020252704620361328,0.002531588077545166,True
22,2577,1784808008.419849,8,0.019709110260009766,0.0024636387825012207,True
22,2578,1784808008.4402618,8,0.0212404727935791,0.0026550590991973877,True
22,2579,1784808008.461859,8,0.02000880241394043,0.0025011003017425537,True
22,2580,1784808008.4821458,8,0.019934415817260742,0.0024918019771575928,True
22,2581,1784808008.502486,8,0.01983356475830078,0.0024791955947875977,True
22,2582,1784808008.5225782,8,0.019112348556518555,0.0023890435695648193,True
22,2583,1784808008.5420568,8,0.019740819931030273,0.002467602491378784,True
22,2584,1784808008.562224,8,0.02002406120300293,0.002503007650375366,True
22,2585,1784808008.582581,8,0.020438194274902344,0.002554774284362793,True
22,2586,1784808008.6034114,8,0.01890110969543457,0.0023626387119293213,True
22,2587,1784808008.622657,8,0.020105600357055664,0.002513200044631958,True
22,2588,1784808008.6430407,8,0.019239425659179688,0.002404928207397461,True
22,2589,1784808008.6631138,8,0.020250797271728516,0.0025313496589660645,True
22,2590,1784808008.6837132,8,0.02113652229309082,0.0026420652866363525,True
22,2591,1784808008.7051232,8,0.01866936683654785,0.0023336708545684814,True
22,2592,1784808008.7242794,8,0.020702123641967773,0.0025877654552459717,True
22,2593,1784808008.7455966,8,0.019819974899291992,0.002477496862411499,True
22,2594,1784808008.7658975,8,0.02131509780883789,0.0026643872261047363,True
22,2595,1784808008.7874959,8,0.01963186264038086,0.0024539828300476074,True
22,2596,1784808008.807505,8,0.019642114639282227,0.0024552643299102783,True
22,2597,1784808008.8275495,8,0.02031683921813965,0.002539604902267456,True
22,2598,1784808008.8482268,8,0.0210111141204834,0.002626389265060425,True
22,2599,1784808008.8702388,8,0.019711017608642578,0.0024638772010803223,True
22,2600,1784808008.8903341,8,0.01957249641418457,0.0024465620517730713,True
22,2601,1784808008.9103677,8,0.020465850830078125,0.0025582313537597656,True
22,2602,1784808008.9312532,8,0.019060134887695312,0.002382516860961914,True
22,2603,1784808008.9510617,8,0.02099442481994629,0.002624303102493286,True
22,2604,1784808008.9724467,8,0.019320249557495117,0.0024150311946868896,True
22,2605,1784808008.9921148,8,0.019011259078979492,0.0023764073848724365,True
22,2606,1784808009.0115712,8,0.0193784236907959,0.0024223029613494873,True
22,2607,1784808009.0313363,8,0.01919865608215332,0.002399832010269165,True
22,2608,1784808009.0508478,8,0.020066022872924805,0.0025082528591156006,True
22,2609,1784808009.0712411,8,0.01972365379333496,0.00246545672416687,True
22,2610,1784808009.0913668,8,0.01884913444519043,0.0023561418056488037,True
22,2611,1784808009.11064,8,0.018786907196044922,0.0023483633995056152,True
22,2612,1784808009.1301496,8,0.018210411071777344,0.002276301383972168,True
22,2613,1784808009.1488597,8,0.019535064697265625,0.002441883087158203,True
22,2614,1784808009.1686878,8,0.02108144760131836,0.002635180950164795,True
22,2615,1784808009.1902106,8,0.019678115844726562,0.0024597644805908203,True
22,2616,1784808009.2110064,8,0.019209623336791992,0.002401202917098999,True
22,2617,1784808009.2304742,8,0.01972222328186035,0.002465277910232544,True
22,2618,1784808009.250499,8,0.021652698516845703,0.002706587314605713,True
22,2619,1784808009.2724679,8,0.020012378692626953,0.002501547336578369,True
22,2620,1784808009.2928555,8,0.023220062255859375,0.002902507781982422,True
22,2621,1784808009.316496,8,0.01842188835144043,0.0023027360439300537,True
22,2622,1784808009.335286,8,0.019693613052368164,0.0024617016315460205,True
22,2623,1784808009.3557577,8,0.020308494567871094,0.0025385618209838867,True
22,2624,1784808009.3764205,8,0.01898646354675293,0.002373307943344116,True
22,2625,1784808009.3957484,8,0.019541025161743164,0.0024426281452178955,True
22,2626,1784808009.4156973,8,0.019184112548828125,0.0023980140686035156,True
22,2627,1784808009.4352894,8,0.01910877227783203,0.002388596534729004,True
22,2628,1784808009.4548595,8,0.020888090133666992,0.002611011266708374,True
22,2629,1784808009.4761598,8,0.020050764083862305,0.002506345510482788,True
22,2630,1784808009.4964848,8,0.020091772079467773,0.0025114715099334717,True
22,2631,1784808009.5168445,8,0.02105998992919922,0.0026324987411499023,True
22,2632,1784808009.5382974,8,0.019629955291748047,0.002453744411468506,True
22,2633,1784808009.5582538,8,0.01973128318786621,0.0024664103984832764,True
22,2634,1784808009.5783439,8,0.01987767219543457,0.0024847090244293213,True
22,2635,1784808009.598606,8,0.020949125289916992,0.002618640661239624,True
22,2636,1784808009.6199431,8,0.019254446029663086,0.0024068057537078857,True
22,2637,1784808009.6396103,8,0.01868581771850586,0.0023357272148132324,True
22,2638,1784808009.6586347,8,0.020189762115478516,0.0025237202644348145,True
22,2639,1784808009.679106,8,0.02101302146911621,0.0026266276836395264,True
22,2640,1784808009.7004144,8,0.01982712745666504,0.00247839093208313,True
22,2641,1784808009.7206678,8,0.019770145416259766,0.0024712681770324707,True
22,2642,1784808009.7408848,8,0.02092432975769043,0.0026155412197113037,True
22,2643,1784808009.7621942,8,0.021212100982666016,0.002651512622833252,True
22,2644,1784808009.783786,8,0.01851058006286621,0.0023138225078582764,True
22,2645,1784808009.802599,8,0.02113819122314453,0.0026422739028930664,True
22,2646,1784808009.8241143,8,0.019812822341918945,0.002476602792739868,True
22,2647,1784808009.8444192,8,0.019855022430419922,0.0024818778038024902,True
22,2648,1784808009.8647614,8,0.018138408660888672,0.002267301082611084,True
22,2649,1784808009.883245,8,0.020765304565429688,0.002595663070678711,True
22,2650,1784808009.9043076,8,0.01960587501525879,0.0024507343769073486,True
22,2651,1784808009.9242635,8,0.020071744918823242,0.0025089681148529053,True
22,2652,1784808009.944768,8,0.020529508590698242,0.0025661885738372803,True
22,2653,1784808009.9657314,8,0.018662691116333008,0.002332836389541626,True
22,2654,1784808009.9847882,8,0.021442890167236328,0.002680361270904541,True
22,2655,1784808010.006696,8,0.019611597061157227,0.0024514496326446533,True
22,2656,1784808010.026766,8,0.02065134048461914,0.0025814175605773926,True
22,2657,1784808010.0478718,8,0.01928234100341797,0.002410292625427246,True
22,2658,1784808010.0676875,8,0.01961994171142578,0.0024524927139282227,True
22,2659,1784808010.088123,8,0.023456573486328125,0.0029320716857910156,True
22,2660,1784808010.111945,8,0.01946258544921875,0.0024328231811523438,True
22,2661,1784808010.1321154,8,0.02138376235961914,0.0026729702949523926,True
22,2662,1784808010.1539462,8,0.021018505096435547,0.0026273131370544434,True
22,2663,1784808010.175551,8,0.020168781280517578,0.0025210976600646973,True
22,2664,1784808010.1960528,8,0.018945693969726562,0.0023682117462158203,True
22,2665,1784808010.2153575,8,0.019620656967163086,0.0024525821208953857,True
22,2666,1784808010.2356951,8,0.020666837692260742,0.0025833547115325928,True
22,2667,1784808010.2567165,8,0.020345687866210938,0.002543210983276367,True
22,2668,1784808010.2773805,8,0.019071578979492188,0.0023839473724365234,True
22,2669,1784808010.2968361,8,0.022836685180664062,0.002854585647583008,True
22,2670,1784808010.320423,8,0.0205686092376709,0.0025710761547088623,True
22,2671,1784808010.3415103,8,0.02034282684326172,0.002542853355407715,True
22,2672,1784808010.3621712,8,0.018900632858276367,0.002362579107284546,True
22,2673,1784808010.3815048,8,0.019302845001220703,0.002412855625152588,True
22,2674,1784808010.4013562,8,0.019971847534179688,0.002496480941772461,True
22,2675,1784808010.4218726,8,0.020610570907592773,0.0025763213634490967,True
22,2676,1784808010.4430103,8,0.018967866897583008,0.002370983362197876,True
22,2677,1784808010.4622986,8,0.021122455596923828,0.0026403069496154785,True
22,2678,1784808010.4845092,8,0.01822948455810547,0.0022786855697631836,True
22,2679,1784808010.5033605,8,0.019154071807861328,0.002394258975982666,True
22,2680,1784808010.5231237,8,0.019413471221923828,0.0024266839027404785,True
22,2681,1784808010.5429568,8,0.01900959014892578,0.0023761987686157227,True
22,2682,1784808010.5625193,8,0.019449472427368164,0.0024311840534210205,True
22,2683,1784808010.582316,8,0.019547462463378906,0.0024434328079223633,True
22,2684,1784808010.6022174,8,0.020209550857543945,0.002526193857192993,True
22,2685,1784808010.622827,8,0.019518136978149414,0.0024397671222686768,True
22,2686,1784808010.6429176,8,0.024061918258666992,0.003007739782333374,True
22,2687,1784808010.6675634,8,0.01882481575012207,0.002353101968765259,True
22,2688,1784808010.6866477,8,0.019490480422973633,0.002436310052871704,True
22,2689,1784808010.7064435,8,0.01862502098083496,0.00232812762260437,True
22,2690,1784808010.7253432,8,0.020366191864013672,0.002545773983001709,True
22,2691,1784808010.746439,8,0.02133655548095703,0.002667069435119629,True
22,2692,1784808010.7680514,8,0.019823312759399414,0.0024779140949249268,True
22,2693,1784808010.7882073,8,0.022177457809448242,0.0027721822261810303,True
22,2694,1784808010.811278,8,0.019082069396972656,0.002385258674621582,True
22,2695,1784808010.8306684,8,0.019907236099243164,0.0024884045124053955,True
22,2696,1784808010.8509102,8,0.020580768585205078,0.0025725960731506348,True
22,2697,1784808010.8722494,8,0.020789623260498047,0.002598702907562256,True
22,2698,1784808010.8934164,8,0.019587993621826172,0.0024484992027282715,True
22,2699,1784808010.9133847,8,0.018520116806030273,0.002315014600753784,True
22,2700,1784808010.9321947,8,0.02068328857421875,0.0025854110717773438,True
22,2701,1784808010.953279,8,0.019521713256835938,0.002440214157104492,True
22,2702,1784808010.9736576,8,0.019395828247070312,0.002424478530883789,True
22,2703,1784808010.9934833,8,0.019649267196655273,0.002456158399581909,True
22,2704,1784808011.0135355,8,0.019921064376831055,0.002490133047103882,True
22,2705,1784808011.0337782,8,0.019921541213989258,0.0024901926517486572,True
22,2706,1784808011.0540657,8,0.0218963623046875,0.0027370452880859375,True
22,2707,1784808011.0765104,8,0.02036571502685547,0.0025457143783569336,True
22,2708,1784808011.0972073,8,0.019967317581176758,0.0024959146976470947,True
22,2709,1784808011.1176345,8,0.02133941650390625,0.0026674270629882812,True
22,2710,1784808011.1393254,8,0.02072882652282715,0.0025911033153533936,True
22,2711,1784808011.1605117,8,0.01898503303527832,0.00237312912940979,True
22,2712,1784808011.1798968,8,0.020055532455444336,0.002506941556930542,True
22,2713,1784808011.2005236,8,0.020726680755615234,0.0025908350944519043,True
22,2714,1784808011.2216733,8,0.018497943878173828,0.0023122429847717285,True
22,2715,1784808011.2405114,8,0.019968032836914062,0.002496004104614258,True
22,2716,1784808011.2608414,8,0.018999099731445312,0.002374887466430664,True
22,2717,1784808011.2802036,8,0.018841266632080078,0.0023551583290100098,True
22,2718,1784808011.2993696,8,0.021672487258911133,0.0027090609073638916,True
22,2719,1784808011.3214283,8,0.018817663192749023,0.002352207899093628,True
22,2720,1784808011.3406675,8,0.020854473114013672,0.002606809139251709,True
22,2721,1784808011.3618987,8,0.01974010467529297,0.002467513084411621,True
22,2722,1784808011.3819299,8,0.02038264274597168,0.00254783034324646,True
22,2723,1784808011.4026608,8,0.020507097244262695,0.002563387155532837,True
22,2724,1784808011.4234653,8,0.018976211547851562,0.0023720264434814453,True
22,2725,1784808011.4428313,8,0.022716999053955078,0.0028396248817443848,True
22,2726,1784808011.4658315,8,0.02048778533935547,0.0025609731674194336,True
22,2727,1784808011.4866772,8,0.021387815475463867,0.0026734769344329834,True
22,2728,1784808011.5084832,8,0.019900798797607422,0.0024875998497009277,True
22,2729,1784808011.5287023,8,0.020274877548217773,0.0025343596935272217,True
22,2730,1784808011.549404,8,0.019768238067626953,0.002471029758453369,True
22,2731,1784808011.5695622,8,0.019246578216552734,0.002405822277069092,True
22,2732,1784808011.5891542,8,0.019636869430541992,0.002454608678817749,True
22,2733,1784808011.6092324,8,0.019786596298217773,0.0024733245372772217,True
22,2734,1784808011.6293468,8,0.01851344108581543,0.0023141801357269287,True
22,2735,1784808011.648297,8,0.019472122192382812,0.0024340152740478516,True
22,2736,1784808011.668214,8,0.019774675369262695,0.002471834421157837,True
22,2737,1784808011.6883879,8,0.02041006088256836,0.002551257610321045,True
22,2738,1784808011.7091806,8,0.020823001861572266,0.002602875232696533,True
22,2739,1784808011.7303836,8,0.019300222396850586,0.0024125277996063232,True
22,2740,1784808011.7500885,8,0.018831253051757812,0.0023539066314697266,True
22,2741,1784808011.769331,8,0.020053625106811523,0.0025067031383514404,True
22,2742,1784808011.7898097,8,0.02047443389892578,0.0025593042373657227,True
22,2743,1784808011.8106904,8,0.02025461196899414,0.0025318264961242676,True
22,2744,1784808011.831298,8,0.02007579803466797,0.002509474754333496,True
22,2745,1784808011.851904,8,0.019730091094970703,0.002466261386871338,True
22,2746,1784808011.871918,8,0.02098393440246582,0.0026229918003082275,True
22,2747,1784808011.893291,8,0.018661975860595703,0.002332746982574463,True
22,2748,1784808011.9125245,8,0.02147531509399414,0.0026844143867492676,True
22,2749,1784808011.9351375,8,0.01928567886352539,0.002410709857940674,True
22,2750,1784808011.9548223,8,0.020231962203979492,0.0025289952754974365,True
22,2751,1784808011.975547,8,0.01803302764892578,0.0022541284561157227,True
22,2752,1784808011.9940708,8,0.021392345428466797,0.0026740431785583496,True
22,2753,1784808012.0163038,8,0.018680095672607422,0.0023350119590759277,True
22,2754,1784808012.0353801,8,0.021316051483154297,0.002664506435394287,True
22,2755,1784808012.0570495,8,0.019321203231811523,0.0024151504039764404,True
22,2756,1784808012.0766718,8,0.020954132080078125,0.0026192665100097656,True
22,2757,1784808012.0981321,8,0.019552230834960938,0.002444028854370117,True
22,2758,1784808012.1180003,8,0.019901275634765625,0.002487659454345703,True
22,2759,1784808012.1383693,8,0.018642425537109375,0.002330303192138672,True
22,2760,1784808012.1574452,8,0.019665241241455078,0.0024581551551818848,True
22,2761,1784808012.1776154,8,0.0200192928314209,0.0025024116039276123,True
22,2762,1784808012.1979098,8,0.01883387565612793,0.002354234457015991,True
22,2763,1784808012.2170327,8,0.019934654235839844,0.0024918317794799805,True
22,2764,1784808012.2375252,8,0.019826889038085938,0.002478361129760742,True
22,2765,1784808012.257708,8,0.02060985565185547,0.0025762319564819336,True
22,2766,1784808012.2786741,8,0.019803524017333984,0.002475440502166748,True
22,2767,1784808012.2988427,8,0.0202484130859375,0.0025310516357421875,True
22,2768,1784808012.319374,8,0.020704984664916992,0.002588123083114624,True
22,2769,1784808012.340653,8,0.02085423469543457,0.0026067793369293213,True
22,2770,1784808012.3621113,8,0.022948265075683594,0.0028685331344604492,True
22,2771,1784808012.3856525,8,0.020130157470703125,0.0025162696838378906,True
22,2772,1784808012.4061124,8,0.019864320755004883,0.0024830400943756104,True
22,2773,1784808012.4267132,8,0.02026987075805664,0.00253373384475708,True
22,2774,1784808012.4473224,8,0.020372390747070312,0.002546548843383789,True
22,2775,1784808012.4680152,8,0.020536184310913086,0.0025670230388641357,True
22,2776,1784808012.4890873,8,0.02124786376953125,0.0026559829711914062,True
22,2777,1784808012.5105712,8,0.019641399383544922,0.0024551749229431152,True
22,2778,1784808012.5305657,8,0.020527362823486328,0.002565920352935791,True
22,2779,1784808012.5519698,8,0.01983928680419922,0.0024799108505249023,True
22,2780,1784808012.573153,8,0.019974946975708008,0.002496868371963501,True
22,2781,1784808012.5934741,8,0.02157449722290039,0.002696812152862549,True
22,2782,1784808012.6153526,8,0.02096414566040039,0.002620518207550049,True
22,2783,1784808012.6366181,8,0.020005464553833008,0.002500683069229126,True
22,2784,1784808012.6570704,8,0.019819021224975586,0.0024773776531219482,True
22,2785,1784808012.6773279,8,0.0198824405670166,0.002485305070877075,True
22,2786,1784808012.6975994,8,0.019251346588134766,0.0024064183235168457,True
22,2787,1784808012.7171688,8,0.019039630889892578,0.0023799538612365723,True
22,2788,1784808012.7365577,8,0.02031421661376953,0.0025392770767211914,True
22,2789,1784808012.7571673,8,0.02056097984313965,0.002570122480392456,True
22,2790,1784808012.7781827,8,0.02028369903564453,0.0025354623794555664,True
22,2791,1784808012.7988148,8,0.0199277400970459,0.0024909675121307373,True
22,2792,1784808012.818991,8,0.02054738998413086,0.0025684237480163574,True
22,2793,1784808012.8398697,8,0.019834518432617188,0.0024793148040771484,True
22,2794,1784808012.860042,8,0.020363807678222656,0.002545475959777832,True
22,2795,1784808012.8807662,8,0.01986384391784668,0.002482980489730835,True
22,2796,1784808012.901073,8,0.0204010009765625,0.0025501251220703125,True
22,2797,1784808012.9218132,8,0.02045416831970215,0.0025567710399627686,True
22,2798,1784808012.9425411,8,0.02039313316345215,0.0025491416454315186,True
22,2799,1784808012.963305,8,0.02096414566040039,0.002620518207550049,True
22,2800,1784808012.9846094,8,0.019059181213378906,0.0023823976516723633,True
22,2801,1784808013.0040464,8,0.0193331241607666,0.002416640520095825,True
22,2802,1784808013.023738,8,0.020725250244140625,0.002590656280517578,True
22,2803,1784808013.044868,8,0.020188331604003906,0.0025235414505004883,True
22,2804,1784808013.0658393,8,0.020085811614990234,0.0025107264518737793,True
22,2805,1784808013.086541,8,0.020276308059692383,0.002534538507461548,True
22,2806,1784808013.107222,8,0.020261049270629883,0.0025326311588287354,True
22,2807,1784808013.1283715,8,0.019039392471313477,0.0023799240589141846,True
22,2808,1784808013.1478124,8,0.02098679542541504,0.00262334942817688,True
22,2809,1784808013.1692877,8,0.018853187561035156,0.0023566484451293945,True
22,2810,1784808013.188465,8,0.02022862434387207,0.002528578042984009,True
22,2811,1784808013.209104,8,0.019573211669921875,0.0024466514587402344,True
22,2812,1784808013.2298245,8,0.022354841232299805,0.0027943551540374756,True
22,2813,1784808013.2526553,8,0.020494937896728516,0.0025618672370910645,True
22,2814,1784808013.2744396,8,0.019934892654418945,0.002491861581802368,True
22,2815,1784808013.2948015,8,0.020716428756713867,0.0025895535945892334,True
22,2816,1784808013.3161054,8,0.022080183029174805,0.0027600228786468506,True
22,2817,1784808013.339282,8,0.020514965057373047,0.002564370632171631,True
22,2818,1784808013.3603191,8,0.022233247756958008,0.002779155969619751,True
22,2819,1784808013.3830929,8,0.019368648529052734,0.002421081066131592,True
22,2820,1784808013.4028077,8,0.019631624221801758,0.0024539530277252197,True
22,2821,1784808013.4228354,8,0.01940774917602539,0.002425968647003174,True
22,2822,1784808013.4426448,8,0.01931619644165039,0.002414524555206299,True
22,2823,1784808013.4627564,8,0.02087259292602539,0.002609074115753174,True
22,2824,1784808013.4840539,8,0.020303726196289062,0.002537965774536133,True
22,2825,1784808013.5052793,8,0.01941061019897461,0.002426326274871826,True
22,2826,1784808013.525066,8,0.02035999298095703,0.002544999122619629,True
22,2827,1784808013.5456996,8,0.020788908004760742,0.0025986135005950928,True
22,2828,1784808013.566882,8,0.02016901969909668,0.002521127462387085,True
22,2829,1784808013.5873876,8,0.019245147705078125,0.0024056434631347656,True
22,2830,1784808013.6069922,8,0.021810293197631836,0.0027262866497039795,True
22,2831,1784808013.6291895,8,0.019377946853637695,0.002422243356704712,True
22,2832,1784808013.6489651,8,0.019631147384643555,0.0024538934230804443,True
22,2833,1784808013.6691084,8,0.019933700561523438,0.0024917125701904297,True
22,2834,1784808013.6893678,8,0.0202176570892334,0.002527207136154175,True
22,2835,1784808013.71004,8,0.021030426025390625,0.002628803253173828,True
22,2836,1784808013.7313864,8,0.020386457443237305,0.002548307180404663,True
22,2837,1784808013.7521548,8,0.02019786834716797,0.002524733543395996,True
22,2838,1784808013.7726994,8,0.019449234008789062,0.002431154251098633,True
22,2839,1784808013.7927616,8,0.020772933959960938,0.002596616744995117,True
22,2840,1784808013.8139386,8,0.02119612693786621,0.0026495158672332764,True
22,2841,1784808013.8355026,8,0.019493818283081055,0.002436727285385132,True
22,2842,1784808013.8554254,8,0.019404888153076172,0.0024256110191345215,True
22,2843,1784808013.8752096,8,0.0199434757232666,0.002492934465408325,True
22,2844,1784808013.8954372,8,0.019516944885253906,0.0024396181106567383,True
22,2845,1784808013.915355,8,0.01905512809753418,0.0023818910121917725,True
22,2846,1784808013.935003,8,0.022089481353759766,0.0027611851692199707,True
22,2847,1784808013.9574072,8,0.018672943115234375,0.002334117889404297,True
22,2848,1784808013.9763658,8,0.019728899002075195,0.0024661123752593994,True
22,2849,1784808013.996416,8,0.019014835357666016,0.002376854419708252,True
22,2850,1784808014.0158694,8,0.019231557846069336,0.002403944730758667,True
22,2851,1784808014.035576,8,0.01948690414428711,0.0024358630180358887,True
22,2852,1784808014.0554485,8,0.01860952377319336,0.00232619047164917,True
22,2853,1784808014.0745487,8,0.020668506622314453,0.0025835633277893066,True
22,2854,1784808014.09578,8,0.0232999324798584,0.0029124915599823,True
22,2855,1784808014.119631,8,0.01887965202331543,0.0023599565029144287,True
22,2856,1784808014.1387916,8,0.01972365379333496,0.00246545672416687,True
22,2857,1784808014.1589227,8,0.02121114730834961,0.002651393413543701,True
22,2858,1784808014.180574,8,0.019529342651367188,0.0024411678314208984,True
22,2859,1784808014.2005916,8,0.01977372169494629,0.002471715211868286,True
22,2860,1784808014.2207303,8,0.01924872398376465,0.002406090497970581,True
22,2861,1784808014.240395,8,0.019209623336791992,0.002401202917098999,True
22,2862,1784808014.2605283,8,0.019055843353271484,0.0023819804191589355,True
22,2863,1784808014.2802572,8,0.018642425537109375,0.002330303192138672,True
22,2864,1784808014.2992055,8,0.01610732078552246,0.0020134150981903076,True
22,2865,1784808014.3157034,8,0.017715930938720703,0.002214491367340088,True
22,2866,1784808014.3338094,8,0.016697168350219727,0.002087146043777466,True
22,2867,1784808014.3510137,8,0.017115116119384766,0.0021393895149230957,True
22,2868,1784808014.3684301,8,0.01715230941772461,0.002144038677215576,True
22,2869,1784808014.3858247,8,0.01698780059814453,0.0021234750747680664,True
22,2870,1784808014.4032078,8,0.019562721252441406,0.0024453401565551758,True
22,2871,1784808014.4231465,8,0.01768946647644043,0.0022111833095550537,True
22,2872,1784808014.441194,8,0.015262603759765625,0.0019078254699707031,True
22,2873,1784808014.4567878,8,0.016822099685668945,0.002102762460708618,True
22,2874,1784808014.473893,8,0.014907360076904297,0.0018634200096130371,True
22,2875,1784808014.4891262,8,0.014441490173339844,0.0018051862716674805,True
22,2876,1784808014.5039105,8,0.01537013053894043,0.0019212663173675537,True
22,2877,1784808014.519566,8,0.015598773956298828,0.0019498467445373535,True
22,2878,1784808014.5354981,8,0.014276981353759766,0.0017846226692199707,True
22,2879,1784808014.5500813,8,0.014924049377441406,0.0018655061721801758,True
22,2880,1784808014.5655696,8,0.011982917785644531,0.0014978647232055664,True
22,2881,1784808014.5778818,8,0.013608932495117188,0.0017011165618896484,True
22,2882,1784808014.5918567,8,0.014668703079223633,0.001833587884902954,True
22,2883,1784808014.6072457,8,0.014294862747192383,0.0017868578433990479,True
22,2884,1784808014.622668,8,0.009957075119018555,0.0012446343898773193,True
22,2885,1784808014.6330621,8,0.012609243392944336,0.001576155424118042,True
22,2886,1784808014.6459472,8,0.011389017105102539,0.0014236271381378174,True
22,2887,1784808014.6577654,8,0.012922286987304688,0.001615285873413086,True
22,2888,1784808014.670961,8,0.013334512710571289,0.0016668140888214111,True
22,2889,1784808014.6847086,8,0.011142253875732422,0.0013927817344665527,True
22,2890,1784808014.6963034,8,0.013425827026367188,0.0016782283782958984,True
22,2891,1784808014.710074,8,0.009284019470214844,0.0011605024337768555,True
22,2892,1784808014.7197113,8,0.010719060897827148,0.0013398826122283936,True
22,2893,1784808014.7309043,8,0.010014533996582031,0.001251816749572754,True
22,2894,1784808014.7413976,8,0.00989842414855957,0.0012373030185699463,True
22,2895,1784808014.7516954,8,0.010553121566772461,0.0013191401958465576,True
22,2896,1784808014.7629333,8,0.011060237884521484,0.0013825297355651855,True
22,2897,1784808014.774267,8,0.009517431259155273,0.0011896789073944092,True
22,2898,1784808014.7841334,8,0.00904536247253418,0.0011306703090667725,True
22,2899,1784808014.7934859,8,0.007902860641479492,0.0009878575801849365,True
22,2900,1784808014.8016243,8,0.008516788482666016,0.001064598560333252,True
22,2901,1784808014.8106127,8,0.009018898010253906,0.0011273622512817383,True
22,2902,1784808014.820324,8,0.008954763412475586,0.0011193454265594482,True
22,2903,1784808014.829659,8,0.011119365692138672,0.001389920711517334,True
22,2904,1784808014.8414245,8,0.008366584777832031,0.001045823097229004,True
22,2905,1784808014.8501666,8,0.00806570053100586,0.0010082125663757324,True
22,2906,1784808014.8585265,8,0.008271455764770508,0.0010339319705963135,True
22,2907,1784808014.8671024,8,0.00970911979675293,0.0012136399745941162,True
22,2908,1784808014.8777483,8,0.007410287857055664,0.000926285982131958,True
22,2909,1784808014.885779,8,0.00795602798461914,0.0009945034980773926,True
22,2910,1784808014.8946695,8,0.0072367191314697266,0.0009045898914337158,True
22,2911,1784808014.9023535,8,0.006615161895751953,0.0008268952369689941,True
22,2912,1784808014.9093406,8,0.009670257568359375,0.0012087821960449219,True
22,2913,1784808014.9200451,8,0.007725715637207031,0.0009657144546508789,True
22,2914,1784808014.9281406,8,0.0070612430572509766,0.0008826553821563721,True
22,2915,1784808014.9391391,8,0.008349180221557617,0.0010436475276947021,True
22,2916,1784808014.948234,8,0.010119438171386719,0.0012649297714233398,True
22,2917,1784808014.9587967,8,0.006958723068237305,0.0008698403835296631,True
22,2918,1784808014.9664717,8,0.010363578796386719,0.0012954473495483398,True
22,2919,1784808014.9772973,8,0.008320808410644531,0.0010401010513305664,True
22,2920,1784808014.9859333,8,0.008244037628173828,0.0010305047035217285,True
22,2921,1784808014.994517,8,0.006874561309814453,0.0008593201637268066,True
22,2922,1784808015.001914,8,0.0058383941650390625,0.0007297992706298828,True
22,2923,1784808015.009851,8,0.00600123405456543,0.0007501542568206787,True
22,2924,1784808015.016179,8,0.006331920623779297,0.0007914900779724121,True
22,2925,1784808015.0231628,8,0.007601737976074219,0.0009502172470092773,True
22,2926,1784808015.031835,8,0.007245302200317383,0.0009056627750396729,True
22,2927,1784808015.039592,8,0.006162881851196289,0.0007703602313995361,True
22,2928,1784808015.0461972,8,0.006009578704833984,0.000751197338104248,True
22,2929,1784808015.0527656,8,0.007530689239501953,0.0009413361549377441,True
22,2930,1784808015.060806,8,0.0060253143310546875,0.0007531642913818359,True
22,2931,1784808015.068663,8,0.006354331970214844,0.0007942914962768555,True
22,2932,1784808015.0756307,8,0.005736589431762695,0.0007170736789703369,True
22,2933,1784808015.0816698,8,0.005186557769775391,0.0006483197212219238,True
22,2934,1784808015.0874796,8,0.007254123687744141,0.0009067654609680176,True
22,2935,1784808015.0950644,8,0.005121707916259766,0.0006402134895324707,True
22,2936,1784808015.1004202,8,0.005689382553100586,0.0007111728191375732,True
22,2937,1784808015.1063643,8,0.005263805389404297,0.0006579756736755371,True
22,2938,1784808015.111905,8,0.0051419734954833984,0.0006427466869354248,True
22,2939,1784808015.1172976,8,0.005313873291015625,0.0006642341613769531,True
22,2940,1784808015.1228397,8,0.005018472671508789,0.0006273090839385986,True
22,2941,1784808015.128204,8,0.005290985107421875,0.0006613731384277344,True
22,2942,1784808015.1337187,8,0.005441427230834961,0.0006801784038543701,True
22,2943,1784808015.1394038,8,0.005710124969482422,0.0007137656211853027,True
22,2944,1784808015.145424,8,0.005097150802612305,0.0006371438503265381,True
22,2945,1784808015.1507745,8,0.004732370376586914,0.0005915462970733643,True
22,2946,1784808015.155733,8,0.005306720733642578,0.0006633400917053223,True
22,2947,1784808015.161266,8,0.00530552864074707,0.0006631910800933838,True
22,2948,1784808015.1669583,8,0.005637407302856445,0.0007046759128570557,True
22,2949,1784808015.1728394,8,0.0046808719635009766,0.0005851089954376221,True
22,2950,1784808015.177823,8,0.004943132400512695,0.0006178915500640869,True
22,2951,1784808015.1830547,8,0.005104541778564453,0.0006380677223205566,True
22,2952,1784808015.188523,8,0.005421161651611328,0.000677645206451416,True
22,2953,1784808015.194213,8,0.004475831985473633,0.0005594789981842041,True
22,2954,1784808015.1990736,8,0.005640983581542969,0.0007051229476928711,True
22,2955,1784808015.2051926,8,0.00504302978515625,0.0006303787231445312,True
22,2956,1784808015.2104564,8,0.00487971305847168,0.00060996413230896,True
22,2957,1784808015.2155428,8,0.004229068756103516,0.0005286335945129395,True
22,2958,1784808015.2200072,8,0.004326343536376953,0.0005407929420471191,True
22,2959,1784808015.224525,8,0.004549503326416016,0.000568687915802002,True
22,2960,1784808015.2292652,8,0.004471778869628906,0.0005589723587036133,True
22,2961,1784808015.2339218,8,0.004052400588989258,0.0005065500736236572,True
22,2962,1784808015.238174,8,0.004580497741699219,0.0005725622177124023,True
22,2963,1784808015.2429554,8,0.0042154788970947266,0.0005269348621368408,True
22,2964,1784808015.2473733,8,0.0041599273681640625,0.0005199909210205078,True
22,2965,1784808015.2517025,8,0.0045318603515625,0.0005664825439453125,True
22,2966,1784808015.2564127,8,0.004114627838134766,0.0005143284797668457,True
