process_id,batch_id,timestamp,batch_size,batch_time_seconds,avg_query_time_seconds,success
12,1,1784807954.7937684,8,0.008963584899902344,0.001120448112487793,True
12,2,1784807954.8038855,8,0.010475397109985352,0.001309424638748169,True
12,3,1784807954.8152359,8,0.011533260345458984,0.001441657543182373,True
12,4,1784807954.8315365,8,0.009816646575927734,0.0012270808219909668,True
12,5,1784807954.843133,8,0.011427164077758789,0.0014283955097198486,True
12,6,1784807954.8551738,8,0.011134862899780273,0.0013918578624725342,True
12,7,1784807954.8758006,8,0.0075190067291259766,0.0009398758411407471,True
12,8,1784807954.8850355,8,0.013630390167236328,0.001703798770904541,True
12,9,1784807954.899865,8,0.011189937591552734,0.0013987421989440918,True
12,10,1784807954.913881,8,0.013159990310668945,0.0016449987888336182,True
12,11,1784807954.9280527,8,0.009749889373779297,0.0012187361717224121,True
12,12,1784807954.9391513,8,0.011734485626220703,0.0014668107032775879,True
12,13,1784807954.9587667,8,0.007552623748779297,0.0009440779685974121,True
12,14,1784807954.9749763,8,0.008359909057617188,0.0010449886322021484,True
12,15,1784807954.9844518,8,0.012636184692382812,0.0015795230865478516,True
12,16,1784807954.9998574,8,0.010980367660522461,0.0013725459575653076,True
12,17,1784807955.0234003,8,0.007456302642822266,0.0009320378303527832,True
12,18,1784807955.045683,8,0.010873794555664062,0.0013592243194580078,True
12,19,1784807955.0699694,8,0.009069204330444336,0.001133650541305542,True
12,20,1784807955.08973,8,0.00888824462890625,0.0011110305786132812,True
12,21,1784807955.0991483,8,0.015250205993652344,0.001906275749206543,True
12,22,1784807955.1150537,8,0.015483379364013672,0.001935422420501709,True
12,23,1784807955.1310592,8,0.016862869262695312,0.002107858657836914,True
12,24,1784807955.154494,8,0.009147882461547852,0.0011434853076934814,True
12,25,1784807955.1781256,8,0.007421731948852539,0.0009277164936065674,True
12,26,1784807955.196423,8,0.006890296936035156,0.0008612871170043945,True
12,27,1784807955.2140543,8,0.010606527328491211,0.0013258159160614014,True
12,28,1784807955.239614,8,0.007838010787963867,0.0009797513484954834,True
12,29,1784807955.2549064,8,0.014059782028198242,0.0017574727535247803,True
12,30,1784807955.2819579,8,0.008872509002685547,0.0011090636253356934,True
12,31,1784807955.3055708,8,0.007678985595703125,0.0009598731994628906,True
12,32,1784807955.3284986,8,0.00843358039855957,0.0010541975498199463,True
12,33,1784807955.3448622,8,0.01362156867980957,0.0017026960849761963,True
12,34,1784807955.3588974,8,0.020158052444458008,0.002519756555557251,True
12,35,1784807955.379527,8,0.01985955238342285,0.0024824440479278564,True
12,36,1784807955.3998811,8,0.02033519744873047,0.0025418996810913086,True
12,37,1784807955.4206681,8,0.02089858055114746,0.0026123225688934326,True
12,38,1784807955.442262,8,0.0196688175201416,0.0024586021900177,True
12,39,1784807955.4630687,8,0.019582509994506836,0.0024478137493133545,True
12,40,1784807955.4847653,8,0.01796889305114746,0.0022461116313934326,True
12,41,1784807955.5032752,8,0.02012324333190918,0.0025154054164886475,True
12,42,1784807955.5242364,8,0.019536972045898438,0.0024421215057373047,True
12,43,1784807955.54458,8,0.01881098747253418,0.0023513734340667725,True
12,44,1784807955.564017,8,0.019560575485229492,0.0024450719356536865,True
12,45,1784807955.5841367,8,0.02064990997314453,0.0025812387466430664,True
12,46,1784807955.605553,8,0.019177913665771484,0.0023972392082214355,True
12,47,1784807955.6258652,8,0.01926279067993164,0.002407848834991455,True
12,48,1784807955.6457148,8,0.020046710968017578,0.0025058388710021973,True
12,49,1784807955.6662736,8,0.019739151000976562,0.0024673938751220703,True
12,50,1784807955.686454,8,0.02016735076904297,0.002520918846130371,True
12,51,1784807955.7070522,8,0.019917964935302734,0.002489745616912842,True
12,52,1784807955.7273304,8,0.020791292190551758,0.0025989115238189697,True
12,53,1784807955.7485635,8,0.01996755599975586,0.0024959444999694824,True
12,54,1784807955.7691936,8,0.02035975456237793,0.002544969320297241,True
12,55,1784807955.7939587,8,0.016143083572387695,0.002017885446548462,True
12,56,1784807955.8106203,8,0.019737720489501953,0.002467215061187744,True
12,57,1784807955.8308303,8,0.02323293685913086,0.0029041171073913574,True
12,58,1784807955.8545537,8,0.017857789993286133,0.0022322237491607666,True
12,59,1784807955.8727982,8,0.020049333572387695,0.002506166696548462,True
12,60,1784807955.893318,8,0.0190432071685791,0.0023804008960723877,True
12,61,1784807955.9128773,8,0.019221782684326172,0.0024027228355407715,True
12,62,1784807955.932594,8,0.01961231231689453,0.0024515390396118164,True
12,63,1784807955.9526367,8,0.02017521858215332,0.002521902322769165,True
12,64,1784807955.9732857,8,0.021266698837280273,0.002658337354660034,True
12,65,1784807955.9949718,8,0.02177262306213379,0.0027215778827667236,True
12,66,1784807956.017227,8,0.021229267120361328,0.002653658390045166,True
12,67,1784807956.0391152,8,0.021741867065429688,0.002717733383178711,True
12,68,1784807956.0616827,8,0.019665241241455078,0.0024581551551818848,True
12,69,1784807956.0823367,8,0.01993727684020996,0.002492159605026245,True
12,70,1784807956.1027021,8,0.01928257942199707,0.002410322427749634,True
12,71,1784807956.1226861,8,0.019098997116088867,0.0023873746395111084,True
12,72,1784807956.14313,8,0.02205038070678711,0.0027562975883483887,True
12,73,1784807956.1662729,8,0.019328594207763672,0.002416074275970459,True
12,74,1784807956.1868317,8,0.021057844161987305,0.002632230520248413,True
12,75,1784807956.2083075,8,0.019102811813354492,0.0023878514766693115,True
12,76,1784807956.2279298,8,0.019910335540771484,0.0024887919425964355,True
12,77,1784807956.2489233,8,0.01953434944152832,0.00244179368019104,True
12,78,1784807956.2696261,8,0.019288063049316406,0.0024110078811645508,True
12,79,1784807956.289453,8,0.020085811614990234,0.0025107264518737793,True
12,80,1784807956.3101423,8,0.018621206283569336,0.002327650785446167,True
12,81,1784807956.3291676,8,0.022529125213623047,0.002816140651702881,True
12,82,1784807956.352281,8,0.01957416534423828,0.002446770668029785,True
12,83,1784807956.3723366,8,0.0195462703704834,0.002443283796310425,True
12,84,1784807956.3923738,8,0.019695043563842773,0.0024618804454803467,True
12,85,1784807956.4126494,8,0.02128767967224121,0.0026609599590301514,True
12,86,1784807956.434466,8,0.021343231201171875,0.0026679039001464844,True
12,87,1784807956.4563472,8,0.020773887634277344,0.002596735954284668,True
12,88,1784807956.4774992,8,0.018980026245117188,0.0023725032806396484,True
12,89,1784807956.4970596,8,0.02033066749572754,0.0025413334369659424,True
12,90,1784807956.5178273,8,0.01893901824951172,0.002367377281188965,True
12,91,1784807956.5373344,8,0.019236326217651367,0.002404540777206421,True
12,92,1784807956.5570662,8,0.019911766052246094,0.0024889707565307617,True
12,93,1784807956.5781093,8,0.01983809471130371,0.002479761838912964,True
12,94,1784807956.5990992,8,0.020117759704589844,0.0025147199630737305,True
12,95,1784807956.620563,8,0.018226146697998047,0.002278268337249756,True
12,96,1784807956.6394114,8,0.02150702476501465,0.002688378095626831,True
12,97,1784807956.66147,8,0.020129919052124023,0.002516239881515503,True
12,98,1784807956.68238,8,0.0186307430267334,0.002328842878341675,True
12,99,1784807956.701553,8,0.018265724182128906,0.0022832155227661133,True
12,100,1784807956.720369,8,0.021650314331054688,0.002706289291381836,True
12,101,1784807956.7428887,8,0.018719911575317383,0.002339988946914673,True
12,102,1784807956.7626987,8,0.019804716110229492,0.0024755895137786865,True
12,103,1784807956.7830627,8,0.01922750473022461,0.002403438091278076,True
12,104,1784807956.8068197,8,0.01594853401184082,0.0019935667514801025,True
12,105,1784807956.8233988,8,0.019125699996948242,0.0023907124996185303,True
12,106,1784807956.8430808,8,0.01933765411376953,0.0024172067642211914,True
12,107,1784807956.8629189,8,0.021769285202026367,0.002721160650253296,True
12,108,1784807956.8851333,8,0.02017664909362793,0.002522081136703491,True
12,109,1784807956.9070587,8,0.019722461700439453,0.0024653077125549316,True
12,110,1784807956.927417,8,0.019656896591186523,0.0024571120738983154,True
12,111,1784807956.9475513,8,0.020018815994262695,0.002502351999282837,True
12,112,1784807956.968019,8,0.01958179473876953,0.0024477243423461914,True
12,113,1784807956.9882858,8,0.021550416946411133,0.0026938021183013916,True
12,114,1784807957.010425,8,0.020030736923217773,0.0025038421154022217,True
12,115,1784807957.0310078,8,0.02232503890991211,0.0027906298637390137,True
12,116,1784807957.0539858,8,0.018960237503051758,0.0023700296878814697,True
12,117,1784807957.0735307,8,0.020574092864990234,0.0025717616081237793,True
12,118,1784807957.094754,8,0.01949930191040039,0.002437412738800049,True
12,119,1784807957.1147113,8,0.018482208251953125,0.0023102760314941406,True
12,120,1784807957.1345108,8,0.021445751190185547,0.0026807188987731934,True
12,121,1784807957.1568553,8,0.02001047134399414,0.0025013089179992676,True
12,122,1784807957.1773865,8,0.01890730857849121,0.0023634135723114014,True
12,123,1784807957.1967177,8,0.02133798599243164,0.002667248249053955,True
12,124,1784807957.2188454,8,0.018630266189575195,0.0023287832736968994,True
12,125,1784807957.2384906,8,0.019974946975708008,0.002496868371963501,True
12,126,1784807957.2593353,8,0.019259929656982422,0.0024074912071228027,True
12,127,1784807957.2790558,8,0.018139362335205078,0.0022674202919006348,True
12,128,1784807957.2977405,8,0.019190073013305664,0.002398759126663208,True
12,129,1784807957.3173516,8,0.022251129150390625,0.002781391143798828,True
12,130,1784807957.339888,8,0.02117300033569336,0.00264662504196167,True
12,131,1784807957.3615732,8,0.020155906677246094,0.0025194883346557617,True
12,132,1784807957.3821342,8,0.01915574073791504,0.00239446759223938,True
12,133,1784807957.4015973,8,0.02010941505432129,0.002513676881790161,True
12,134,1784807957.4219353,8,0.021949291229248047,0.002743661403656006,True
12,135,1784807957.4443357,8,0.020363330841064453,0.0025454163551330566,True
12,136,1784807957.4650006,8,0.01842975616455078,0.0023037195205688477,True
12,137,1784807957.4837694,8,0.02041792869567871,0.002552241086959839,True
12,138,1784807957.5045087,8,0.019824504852294922,0.0024780631065368652,True
12,139,1784807957.5246964,8,0.01974344253540039,0.002467930316925049,True
12,140,1784807957.5457723,8,0.020992040634155273,0.002624005079269409,True
12,141,1784807957.5672555,8,0.019656658172607422,0.0024570822715759277,True
12,142,1784807957.5873315,8,0.02278923988342285,0.0028486549854278564,True
12,143,1784807957.6107047,8,0.01646709442138672,0.00205838680267334,True
12,144,1784807957.628048,8,0.020807981491088867,0.0026009976863861084,True
12,145,1784807957.6491597,8,0.020846843719482422,0.0026058554649353027,True
12,146,1784807957.6703365,8,0.019045352935791016,0.002380669116973877,True
12,147,1784807957.6899576,8,0.01907801628112793,0.002384752035140991,True
12,148,1784807957.7094333,8,0.020058870315551758,0.0025073587894439697,True
12,149,1784807957.7298048,8,0.02043890953063965,0.002554863691329956,True
12,150,1784807957.750658,8,0.019915103912353516,0.0024893879890441895,True
12,151,1784807957.771205,8,0.022172212600708008,0.002771526575088501,True
12,152,1784807957.793762,8,0.01947498321533203,0.002434372901916504,True
12,153,1784807957.814618,8,0.019151687622070312,0.002393960952758789,True
12,154,1784807957.8341193,8,0.020254850387573242,0.0025318562984466553,True
12,155,1784807957.8547091,8,0.020284414291381836,0.0025355517864227295,True
12,156,1784807957.8753953,8,0.0215604305267334,0.002695053815841675,True
12,157,1784807957.8974435,8,0.01971745491027832,0.00246468186378479,True
12,158,1784807957.9179206,8,0.020884990692138672,0.002610623836517334,True
12,159,1784807957.9393687,8,0.022518157958984375,0.002814769744873047,True
12,160,1784807957.9623363,8,0.0202329158782959,0.0025291144847869873,True
12,161,1784807957.9830003,8,0.020125389099121094,0.0025156736373901367,True
12,162,1784807958.0034683,8,0.020572423934936523,0.0025715529918670654,True
12,163,1784807958.0243204,8,0.02183389663696289,0.0027292370796203613,True
12,164,1784807958.046615,8,0.02017498016357422,0.0025218725204467773,True
12,165,1784807958.067265,8,0.019547224044799805,0.0024434030055999756,True
12,166,1784807958.0872552,8,0.01933455467224121,0.0024168193340301514,True
12,167,1784807958.106866,8,0.02014780044555664,0.00251847505569458,True
12,168,1784807958.127397,8,0.0204012393951416,0.0025501549243927,True
12,169,1784807958.148088,8,0.020025253295898438,0.0025031566619873047,True
12,170,1784807958.1684763,8,0.02330923080444336,0.00291365385055542,True
12,171,1784807958.1924157,8,0.017957687377929688,0.002244710922241211,True
12,172,1784807958.210635,8,0.02021002769470215,0.0025262534618377686,True
12,173,1784807958.231298,8,0.02010321617126465,0.002512902021408081,True
12,174,1784807958.2519443,8,0.020904541015625,0.002613067626953125,True
12,175,1784807958.2737653,8,0.02064967155456543,0.0025812089443206787,True
12,176,1784807958.2955372,8,0.01957988739013672,0.00244748592376709,True
12,177,1784807958.3154812,8,0.020658254623413086,0.0025822818279266357,True
12,178,1784807958.3365464,8,0.01921677589416504,0.00240209698677063,True
12,179,1784807958.356139,8,0.0214078426361084,0.00267598032951355,True
12,180,1784807958.3779302,8,0.02018594741821289,0.0025232434272766113,True
12,181,1784807958.3988254,8,0.02161717414855957,0.0027021467685699463,True
12,182,1784807958.4212694,8,0.022228479385375977,0.002778559923171997,True
12,183,1784807958.4442759,8,0.018095016479492188,0.0022618770599365234,True
12,184,1784807958.4626472,8,0.019178390502929688,0.002397298812866211,True
12,185,1784807958.4821725,8,0.020999431610107422,0.0026249289512634277,True
12,186,1784807958.5040042,8,0.01950526237487793,0.002438157796859741,True
12,187,1784807958.5240884,8,0.01981496810913086,0.0024768710136413574,True
12,188,1784807958.544261,8,0.020516157150268555,0.0025645196437835693,True
12,189,1784807958.5650883,8,0.020360469818115234,0.0025450587272644043,True
12,190,1784807958.586012,8,0.018706083297729492,0.0023382604122161865,True
12,191,1784807958.6051843,8,0.019555330276489258,0.0024444162845611572,True
12,192,1784807958.625548,8,0.01860332489013672,0.00232541561126709,True
12,193,1784807958.644573,8,0.021042346954345703,0.002630293369293213,True
12,194,1784807958.6659157,8,0.01969146728515625,0.0024614334106445312,True
12,195,1784807958.6859534,8,0.01959848403930664,0.00244981050491333,True
12,196,1784807958.7059898,8,0.020145654678344727,0.002518206834793091,True
12,197,1784807958.7265239,8,0.02010059356689453,0.0025125741958618164,True
12,198,1784807958.747139,8,0.019156932830810547,0.0023946166038513184,True
12,199,1784807958.7667575,8,0.01980137825012207,0.002475172281265259,True
12,200,1784807958.7870183,8,0.020221471786499023,0.002527683973312378,True
12,201,1784807958.807706,8,0.02012777328491211,0.0025159716606140137,True
12,202,1784807958.8296108,8,0.021705150604248047,0.002713143825531006,True
12,203,1784807958.85175,8,0.020760536193847656,0.002595067024230957,True
12,204,1784807958.873211,8,0.023493051528930664,0.002936631441116333,True
12,205,1784807958.897118,8,0.019464492797851562,0.0024330615997314453,True
12,206,1784807958.9170072,8,0.019358396530151367,0.002419799566268921,True
12,207,1784807958.9368496,8,0.019768238067626953,0.002471029758453369,True
12,208,1784807958.9572303,8,0.01995539665222168,0.00249442458152771,True
12,209,1784807958.9775364,8,0.018956661224365234,0.0023695826530456543,True
12,210,1784807958.9973576,8,0.021651744842529297,0.002706468105316162,True
12,211,1784807959.0198374,8,0.020673513412475586,0.0025841891765594482,True
12,212,1784807959.0413854,8,0.02037644386291504,0.00254705548286438,True
12,213,1784807959.0621576,8,0.019879579544067383,0.002484947443008423,True
12,214,1784807959.0823758,8,0.02095937728881836,0.002619922161102295,True
12,215,1784807959.103587,8,0.019011974334716797,0.0023764967918395996,True
12,216,1784807959.1230817,8,0.01817631721496582,0.0022720396518707275,True
12,217,1784807959.1415565,8,0.021260738372802734,0.002657592296600342,True
12,218,1784807959.163325,8,0.020847320556640625,0.002605915069580078,True
12,219,1784807959.1846466,8,0.019978046417236328,0.002497255802154541,True
12,220,1784807959.2049208,8,0.01978302001953125,0.0024728775024414062,True
12,221,1784807959.2250097,8,0.02012944221496582,0.0025161802768707275,True
12,222,1784807959.2454517,8,0.020689964294433594,0.0025862455368041992,True
12,223,1784807959.2664754,8,0.019603729248046875,0.0024504661560058594,True
12,224,1784807959.2871118,8,0.020425796508789062,0.002553224563598633,True
12,225,1784807959.3079872,8,0.019377946853637695,0.002422243356704712,True
12,226,1784807959.327804,8,0.01978754997253418,0.0024734437465667725,True
12,227,1784807959.348286,8,0.02099895477294922,0.0026248693466186523,True
12,228,1784807959.3699098,8,0.02060532569885254,0.0025756657123565674,True
12,229,1784807959.3917167,8,0.020287752151489258,0.0025359690189361572,True
12,230,1784807959.4135034,8,0.01833653450012207,0.002292066812515259,True
12,231,1784807959.4322867,8,0.019049644470214844,0.0023812055587768555,True
12,232,1784807959.451623,8,0.01990795135498047,0.0024884939193725586,True
12,233,1784807959.4718575,8,0.01938605308532715,0.0024232566356658936,True
12,234,1784807959.4917507,8,0.02167344093322754,0.0027091801166534424,True
12,235,1784807959.5142355,8,0.019327878952026367,0.002415984869003296,True
12,236,1784807959.533955,8,0.02068781852722168,0.00258597731590271,True
12,237,1784807959.5554736,8,0.01961803436279297,0.002452254295349121,True
12,238,1784807959.576361,8,0.01932692527770996,0.002415865659713745,True
12,239,1784807959.5962262,8,0.020786762237548828,0.0025983452796936035,True
12,240,1784807959.6173208,8,0.020107269287109375,0.002513408660888672,True
12,241,1784807959.6380117,8,0.020416736602783203,0.0025520920753479004,True
12,242,1784807959.658706,8,0.01974010467529297,0.002467513084411621,True
12,243,1784807959.6787536,8,0.019931316375732422,0.0024914145469665527,True
12,244,1784807959.6990864,8,0.01877570152282715,0.0023469626903533936,True
12,245,1784807959.7181492,8,0.020467281341552734,0.002558410167694092,True
12,246,1784807959.7390692,8,0.01949477195739746,0.0024368464946746826,True
12,247,1784807959.7588391,8,0.019482135772705078,0.0024352669715881348,True
12,248,1784807959.7787745,8,0.01908278465270996,0.002385348081588745,True
12,249,1784807959.7982476,8,0.01882624626159668,0.002353280782699585,True
12,250,1784807959.817398,8,0.020143508911132812,0.0025179386138916016,True
12,251,1784807959.837875,8,0.019438743591308594,0.0024298429489135742,True
12,252,1784807959.8576539,8,0.020445823669433594,0.0025557279586791992,True
12,253,1784807959.8784235,8,0.020952701568603516,0.0026190876960754395,True
12,254,1784807959.8997667,8,0.01984238624572754,0.0024802982807159424,True
12,255,1784807959.9203827,8,0.020228147506713867,0.0025285184383392334,True
12,256,1784807959.9412618,8,0.02342677116394043,0.0029283463954925537,True
12,257,1784807959.9650795,8,0.017560720443725586,0.0021950900554656982,True
12,258,1784807959.9829469,8,0.020348072052001953,0.002543509006500244,True
12,259,1784807960.0039992,8,0.01993417739868164,0.002491772174835205,True
12,260,1784807960.024596,8,0.019532203674316406,0.0024415254592895508,True
12,261,1784807960.0444803,8,0.01944732666015625,0.0024309158325195312,True
12,262,1784807960.0650003,8,0.0197603702545166,0.002470046281814575,True
12,263,1784807960.0860434,8,0.01930522918701172,0.002413153648376465,True
12,264,1784807960.1060925,8,0.02053046226501465,0.002566307783126831,True
12,265,1784807960.1271892,8,0.019677162170410156,0.0024596452713012695,True
12,266,1784807960.1472633,8,0.02054429054260254,0.0025680363178253174,True
12,267,1784807960.1683009,8,0.019485950469970703,0.002435743808746338,True
12,268,1784807960.1887958,8,0.019853830337524414,0.0024817287921905518,True
12,269,1784807960.2091148,8,0.022382259368896484,0.0027977824211120605,True
12,270,1784807960.2320964,8,0.021526336669921875,0.0026907920837402344,True
12,271,1784807960.2540655,8,0.01821136474609375,0.0022764205932617188,True
12,272,1784807960.272894,8,0.021306753158569336,0.002663344144821167,True
12,273,1784807960.2946208,8,0.01898479461669922,0.0023730993270874023,True
12,274,1784807960.3143365,8,0.0190277099609375,0.0023784637451171875,True
12,275,1784807960.3338332,8,0.019913434982299805,0.0024891793727874756,True
12,276,1784807960.3544884,8,0.021323442459106445,0.0026654303073883057,True
12,277,1784807960.3762136,8,0.01833343505859375,0.0022916793823242188,True
12,278,1784807960.395093,8,0.019388198852539062,0.002423524856567383,True
12,279,1784807960.4149597,8,0.019042491912841797,0.0023803114891052246,True
12,280,1784807960.4343908,8,0.021474123001098633,0.002684265375137329,True
12,281,1784807960.4562314,8,0.01860952377319336,0.00232619047164917,True
12,282,1784807960.4751773,8,0.02001214027404785,0.0025015175342559814,True
12,283,1784807960.4959705,8,0.022464513778686523,0.0028080642223358154,True
12,284,1784807960.5194693,8,0.019290685653686523,0.0024113357067108154,True
12,285,1784807960.5394034,8,0.019296884536743164,0.0024121105670928955,True
12,286,1784807960.5591304,8,0.019690513610839844,0.0024613142013549805,True
12,287,1784807960.5792086,8,0.0195465087890625,0.0024433135986328125,True
12,288,1784807960.5991404,8,0.01993417739868164,0.002491772174835205,True
12,289,1784807960.6194837,8,0.019646167755126953,0.002455770969390869,True
12,290,1784807960.6393826,8,0.020070314407348633,0.002508789300918579,True
12,291,1784807960.6598883,8,0.019550323486328125,0.0024437904357910156,True
12,292,1784807960.6798108,8,0.019701480865478516,0.0024626851081848145,True
12,293,1784807960.6998696,8,0.019898176193237305,0.002487272024154663,True
12,294,1784807960.7200582,8,0.022591352462768555,0.0028239190578460693,True
12,295,1784807960.7431583,8,0.01869821548461914,0.0023372769355773926,True
12,296,1784807960.762409,8,0.018468618392944336,0.002308577299118042,True
12,297,1784807960.7811217,8,0.021131277084350586,0.0026414096355438232,True
12,298,1784807960.8029509,8,0.02122330665588379,0.0026529133319854736,True
12,299,1784807960.8245997,8,0.01890397071838379,0.0023629963397979736,True
12,300,1784807960.843998,8,0.019545793533325195,0.0024432241916656494,True
12,301,1784807960.8640807,8,0.019931554794311523,0.0024914443492889404,True
12,302,1784807960.884542,8,0.019102096557617188,0.0023877620697021484,True
12,303,1784807960.9044929,8,0.02027583122253418,0.0025344789028167725,True
12,304,1784807960.925604,8,0.018979787826538086,0.0023724734783172607,True
12,305,1784807960.944833,8,0.01970958709716797,0.002463698387145996,True
12,306,1784807960.9648478,8,0.020199060440063477,0.0025248825550079346,True
12,307,1784807960.985443,8,0.021284818649291992,0.002660602331161499,True
12,308,1784807961.0071127,8,0.018763303756713867,0.0023454129695892334,True
12,309,1784807961.026263,8,0.02046823501586914,0.0025585293769836426,True
12,310,1784807961.047251,8,0.021136045455932617,0.002642005681991577,True
12,311,1784807961.0696914,8,0.02117443084716797,0.002646803855895996,True
12,312,1784807961.0920382,8,0.020319700241088867,0.0025399625301361084,True
12,313,1784807961.112716,8,0.019287824630737305,0.002410978078842163,True
12,314,1784807961.1325674,8,0.02054119110107422,0.0025676488876342773,True
12,315,1784807961.1535447,8,0.019711732864379883,0.0024639666080474854,True
12,316,1784807961.1736908,8,0.020084619522094727,0.002510577440261841,True
12,317,1784807961.1941073,8,0.020495891571044922,0.0025619864463806152,True
12,318,1784807961.2150996,8,0.020785808563232422,0.0025982260704040527,True
12,319,1784807961.2363212,8,0.018474102020263672,0.002309262752532959,True
12,320,1784807961.2553368,8,0.01937270164489746,0.0024215877056121826,True
12,321,1784807961.2753096,8,0.018072128295898438,0.0022590160369873047,True
12,322,1784807961.2937262,8,0.019633769989013672,0.002454221248626709,True
12,323,1784807961.313707,8,0.019381046295166016,0.002422630786895752,True
12,324,1784807961.3333867,8,0.018825054168701172,0.0023531317710876465,True
12,325,1784807961.3529458,8,0.0203249454498291,0.0025406181812286377,True
12,326,1784807961.3738797,8,0.019456863403320312,0.002432107925415039,True
12,327,1784807961.393583,8,0.019468307495117188,0.0024335384368896484,True
12,328,1784807961.4134524,8,0.020628929138183594,0.0025786161422729492,True
12,329,1784807961.4343655,8,0.02117180824279785,0.0026464760303497314,True
12,330,1784807961.4558728,8,0.01907515525817871,0.002384394407272339,True
12,331,1784807961.475281,8,0.02115631103515625,0.0026445388793945312,True
12,332,1784807961.4970875,8,0.01891183853149414,0.0023639798164367676,True
12,333,1784807961.5164006,8,0.01993846893310547,0.0024923086166381836,True
12,334,1784807961.5366497,8,0.020555973052978516,0.0025694966316223145,True
12,335,1784807961.5575047,8,0.019118785858154297,0.002389848232269287,True
12,336,1784807961.5769656,8,0.01920342445373535,0.002400428056716919,True
12,337,1784807961.596709,8,0.020581722259521484,0.0025727152824401855,True
12,338,1784807961.6175604,8,0.02136850357055664,0.00267106294631958,True
12,339,1784807961.639371,8,0.020612716674804688,0.002576589584350586,True
12,340,1784807961.6603608,8,0.01865100860595703,0.002331376075744629,True
12,341,1784807961.6793008,8,0.022316455841064453,0.0027895569801330566,True
12,342,1784807961.7025568,8,0.01695704460144043,0.0021196305751800537,True
12,343,1784807961.7198,8,0.020260095596313477,0.0025325119495391846,True
12,344,1784807961.7403576,8,0.02140951156616211,0.0026761889457702637,True
12,345,1784807961.7625444,8,0.020198345184326172,0.0025247931480407715,True
12,346,1784807961.7842488,8,0.019456863403320312,0.002432107925415039,True
12,347,1784807961.8043292,8,0.019287824630737305,0.002410978078842163,True
12,348,1784807961.823999,8,0.019495010375976562,0.0024368762969970703,True
12,349,1784807961.8441849,8,0.0204465389251709,0.0025558173656463623,True
12,350,1784807961.8652587,8,0.02132701873779297,0.002665877342224121,True
12,351,1784807961.8871553,8,0.019739627838134766,0.0024674534797668457,True
12,352,1784807961.9075532,8,0.020622968673706055,0.002577871084213257,True
12,353,1784807961.9286373,8,0.019228696823120117,0.0024035871028900146,True
12,354,1784807961.9482381,8,0.02155447006225586,0.0026943087577819824,True
12,355,1784807961.9701078,8,0.018965721130371094,0.0023707151412963867,True
12,356,1784807961.9894106,8,0.021360158920288086,0.0026700198650360107,True
12,357,1784807962.011144,8,0.019570112228393555,0.0024462640285491943,True
12,358,1784807962.03108,8,0.020615100860595703,0.002576887607574463,True
12,359,1784807962.0520496,8,0.01919865608215332,0.002399832010269165,True
12,360,1784807962.071625,8,0.020073652267456055,0.002509206533432007,True
12,361,1784807962.0924232,8,0.01989269256591797,0.002486586570739746,True
12,362,1784807962.1126778,8,0.01929187774658203,0.002411484718322754,True
12,363,1784807962.1324008,8,0.023217201232910156,0.0029021501541137695,True
12,364,1784807962.155981,8,0.019443273544311523,0.0024304091930389404,True
12,365,1784807962.1757543,8,0.0200653076171875,0.0025081634521484375,True
12,366,1784807962.1961558,8,0.02180790901184082,0.0027259886264801025,True
12,367,1784807962.2184203,8,0.018965721130371094,0.0023707151412963867,True
12,368,1784807962.237983,8,0.019213438034057617,0.002401679754257202,True
12,369,1784807962.257593,8,0.02246832847595215,0.0028085410594940186,True
12,370,1784807962.2808352,8,0.021075725555419922,0.0026344656944274902,True
12,371,1784807962.3024924,8,0.01990509033203125,0.0024881362915039062,True
12,372,1784807962.322824,8,0.019707679748535156,0.0024634599685668945,True
12,373,1784807962.3429108,8,0.019544601440429688,0.002443075180053711,True
12,374,1784807962.3628032,8,0.019835472106933594,0.0024794340133666992,True
12,375,1784807962.382983,8,0.020362138748168945,0.002545267343521118,True
12,376,1784807962.403711,8,0.020544052124023438,0.0025680065155029297,True
12,377,1784807962.4245255,8,0.019341707229614258,0.0024177134037017822,True
12,378,1784807962.4442163,8,0.0205690860748291,0.0025711357593536377,True
12,379,1784807962.465151,8,0.018957138061523438,0.0023696422576904297,True
12,380,1784807962.4845073,8,0.020997285842895508,0.0026246607303619385,True
12,381,1784807962.5057743,8,0.02071237564086914,0.0025890469551086426,True
12,382,1784807962.5268173,8,0.019933462142944336,0.002491682767868042,True
12,383,1784807962.5476573,8,0.019902467727661133,0.0024878084659576416,True
12,384,1784807962.568182,8,0.019214868545532227,0.0024018585681915283,True
12,385,1784807962.5879352,8,0.020004987716674805,0.0025006234645843506,True
12,386,1784807962.6091492,8,0.019974946975708008,0.002496868371963501,True
12,387,1784807962.6295085,8,0.019881725311279297,0.002485215663909912,True
12,388,1784807962.6498604,8,0.021065235137939453,0.0026331543922424316,True
12,389,1784807962.6730702,8,0.021022796630859375,0.002627849578857422,True
12,390,1784807962.694436,8,0.01966071128845215,0.0024575889110565186,True
12,391,1784807962.7145739,8,0.018540620803833008,0.002317577600479126,True
12,392,1784807962.7334466,8,0.01985764503479004,0.002482205629348755,True
12,393,1784807962.753626,8,0.020743846893310547,0.0025929808616638184,True
12,394,1784807962.7747116,8,0.019118785858154297,0.002389848232269287,True
12,395,1784807962.7941957,8,0.020170211791992188,0.0025212764739990234,True
12,396,1784807962.8147876,8,0.024722576141357422,0.0030903220176696777,True
12,397,1784807962.8400183,8,0.0184934139251709,0.0023116767406463623,True
12,398,1784807962.8587992,8,0.020412445068359375,0.002551555633544922,True
12,399,1784807962.8795488,8,0.021356821060180664,0.002669602632522583,True
12,400,1784807962.9014554,8,0.020280838012695312,0.002535104751586914,True
12,401,1784807962.9221804,8,0.01896500587463379,0.0023706257343292236,True
12,402,1784807962.9415119,8,0.021528244018554688,0.002691030502319336,True
12,403,1784807962.9634967,8,0.02133321762084961,0.002666652202606201,True
12,404,1784807962.9852107,8,0.019751310348510742,0.0024689137935638428,True
12,405,1784807963.0052643,8,0.019805431365966797,0.0024756789207458496,True
12,406,1784807963.0254722,8,0.019434213638305664,0.002429276704788208,True
12,407,1784807963.0452938,8,0.020319461822509766,0.0025399327278137207,True
12,408,1784807963.066071,8,0.01937246322631836,0.002421557903289795,True
12,409,1784807963.0857875,8,0.01844930648803711,0.0023061633110046387,True
12,410,1784807963.104549,8,0.01921558380126953,0.0024019479751586914,True
12,411,1784807963.1241329,8,0.021325111389160156,0.0026656389236450195,True
12,412,1784807963.1458535,8,0.020394325256347656,0.002549290657043457,True
12,413,1784807963.1669118,8,0.021030187606811523,0.0026287734508514404,True
12,414,1784807963.1882887,8,0.020412206649780273,0.002551525831222534,True
12,415,1784807963.209095,8,0.02111983299255371,0.002639979124069214,True
12,416,1784807963.2304952,8,0.020825862884521484,0.0026032328605651855,True
12,417,1784807963.2518222,8,0.021421432495117188,0.0026776790618896484,True
12,418,1784807963.2737982,8,0.01899123191833496,0.00237390398979187,True
12,419,1784807963.2931056,8,0.020212173461914062,0.002526521682739258,True
12,420,1784807963.3144445,8,0.020434141159057617,0.002554267644882202,True
12,421,1784807963.3360431,8,0.02157115936279297,0.002696394920349121,True
12,422,1784807963.3581305,8,0.02241230010986328,0.00280153751373291,True
12,423,1784807963.3811293,8,0.022680044174194336,0.002835005521774292,True
12,424,1784807963.4042292,8,0.018563508987426758,0.0023204386234283447,True
12,425,1784807963.4232292,8,0.01964402198791504,0.00245550274848938,True
12,426,1784807963.4432425,8,0.022693157196044922,0.0028366446495056152,True
12,427,1784807963.4666128,8,0.020653486251831055,0.002581685781478882,True
12,428,1784807963.4876194,8,0.020325899124145508,0.0025407373905181885,True
12,429,1784807963.5082505,8,0.020450353622436523,0.0025562942028045654,True
12,430,1784807963.5289886,8,0.02000713348388672,0.00250089168548584,True
12,431,1784807963.5494375,8,0.019878387451171875,0.0024847984313964844,True
12,432,1784807963.570189,8,0.020236492156982422,0.0025295615196228027,True
12,433,1784807963.5909095,8,0.01970648765563965,0.002463310956954956,True
12,434,1784807963.6110775,8,0.02005171775817871,0.002506464719772339,True
12,435,1784807963.63209,8,0.021256685256958008,0.002657085657119751,True
12,436,1784807963.6553411,8,0.01951885223388672,0.00243985652923584,True
12,437,1784807963.6753159,8,0.019549846649169922,0.0024437308311462402,True
12,438,1784807963.6953292,8,0.019841670989990234,0.0024802088737487793,True
12,439,1784807963.7177782,8,0.0201263427734375,0.0025157928466796875,True
12,440,1784807963.7382612,8,0.021348237991333008,0.002668529748916626,True
12,441,1784807963.7601216,8,0.019556522369384766,0.0024445652961730957,True
12,442,1784807963.780287,8,0.02016592025756836,0.002520740032196045,True
12,443,1784807963.800835,8,0.02223515510559082,0.0027793943881988525,True
12,444,1784807963.8242621,8,0.019555330276489258,0.0024444162845611572,True
12,445,1784807963.844575,8,0.020465850830078125,0.0025582313537597656,True
12,446,1784807963.8654916,8,0.01983642578125,0.00247955322265625,True
12,447,1784807963.886358,8,0.022321462631225586,0.0027901828289031982,True
12,448,1784807963.909215,8,0.018656492233276367,0.002332061529159546,True
12,449,1784807963.9282486,8,0.021080970764160156,0.0026351213455200195,True
12,450,1784807963.9502919,8,0.022431612014770508,0.0028039515018463135,True
12,451,1784807963.973144,8,0.018413305282592773,0.0023016631603240967,True
12,452,1784807963.992034,8,0.0194852352142334,0.002435654401779175,True
12,453,1784807964.0118873,8,0.019555091857910156,0.0024443864822387695,True
12,454,1784807964.0318112,8,0.02138686180114746,0.0026733577251434326,True
12,455,1784807964.0535693,8,0.019879579544067383,0.002484947443008423,True
12,456,1784807964.0741105,8,0.020566701889038086,0.0025708377361297607,True
12,457,1784807964.0954819,8,0.020718097686767578,0.0025897622108459473,True
12,458,1784807964.1165993,8,0.02078723907470703,0.002598404884338379,True
12,459,1784807964.1377356,8,0.020158052444458008,0.002519756555557251,True
12,460,1784807964.1582968,8,0.021128416061401367,0.002641052007675171,True
12,461,1784807964.1798656,8,0.019657135009765625,0.002457141876220703,True
12,462,1784807964.1998591,8,0.02132558822631836,0.002665698528289795,True
12,463,1784807964.2214866,8,0.01965165138244629,0.002456456422805786,True
12,464,1784807964.2414308,8,0.019205570220947266,0.002400696277618408,True
12,465,1784807964.2609992,8,0.020953893661499023,0.002619236707687378,True
12,466,1784807964.2822452,8,0.020589113235473633,0.002573639154434204,True
12,467,1784807964.3037727,8,0.0202939510345459,0.0025367438793182373,True
12,468,1784807964.3247166,8,0.02141594886779785,0.0026769936084747314,True
12,469,1784807964.3465376,8,0.019950151443481445,0.0024937689304351807,True
12,470,1784807964.367098,8,0.020665645599365234,0.0025832056999206543,True
12,471,1784807964.388097,8,0.019906282424926758,0.0024882853031158447,True
12,472,1784807964.4088776,8,0.021384477615356445,0.0026730597019195557,True
12,473,1784807964.4305985,8,0.01882791519165039,0.002353489398956299,True
12,474,1784807964.4497552,8,0.02110147476196289,0.0026376843452453613,True
12,475,1784807964.471245,8,0.020049095153808594,0.0025061368942260742,True
12,476,1784807964.4916048,8,0.020387887954711914,0.0025484859943389893,True
12,477,1784807964.5123003,8,0.021657943725585938,0.002707242965698242,True
12,478,1784807964.5344827,8,0.018157243728637695,0.002269655466079712,True
12,479,1784807964.5529633,8,0.02395176887512207,0.002993971109390259,True
12,480,1784807964.5775814,8,0.01875138282775879,0.0023439228534698486,True
12,481,1784807964.5969844,8,0.01908731460571289,0.0023859143257141113,True
12,482,1784807964.6165757,8,0.01933002471923828,0.002416253089904785,True
12,483,1784807964.6363618,8,0.018889665603637695,0.002361208200454712,True
12,484,1784807964.6556518,8,0.020287036895751953,0.002535879611968994,True
12,485,1784807964.6763287,8,0.02066802978515625,0.0025835037231445312,True
12,486,1784807964.6973808,8,0.019779205322265625,0.002472400665283203,True
12,487,1784807964.7176273,8,0.019922494888305664,0.002490311861038208,True
12,488,1784807964.7388048,8,0.019790172576904297,0.002473771572113037,True
12,489,1784807964.7589865,8,0.02115345001220703,0.002644181251525879,True
12,490,1784807964.7806075,8,0.021192073822021484,0.0026490092277526855,True
12,491,1784807964.8026302,8,0.02214336395263672,0.00276792049407959,True
12,492,1784807964.8253245,8,0.020725011825561523,0.0025906264781951904,True
12,493,1784807964.8468323,8,0.020061016082763672,0.002507627010345459,True
12,494,1784807964.867539,8,0.020343542098999023,0.002542942762374878,True
12,495,1784807964.8888361,8,0.02069854736328125,0.0025873184204101562,True
12,496,1784807964.911174,8,0.02039170265197754,0.0025489628314971924,True
12,497,1784807964.9318597,8,0.019545793533325195,0.0024432241916656494,True
12,498,1784807964.9517012,8,0.02159261703491211,0.0026990771293640137,True
12,499,1784807964.9743235,8,0.020066261291503906,0.0025082826614379883,True
12,500,1784807964.9966018,8,0.01882338523864746,0.0023529231548309326,True
12,501,1784807965.0164804,8,0.020213842391967773,0.0025267302989959717,True
12,502,1784807965.0373716,8,0.022946834564208984,0.002868354320526123,True
12,503,1784807965.0607023,8,0.019969940185546875,0.0024962425231933594,True
12,504,1784807965.0812583,8,0.02032780647277832,0.00254097580909729,True
12,505,1784807965.1019585,8,0.022487640380859375,0.002810955047607422,True
12,506,1784807965.1254506,8,0.020538330078125,0.002567291259765625,True
12,507,1784807965.1474679,8,0.0202939510345459,0.0025367438793182373,True
12,508,1784807965.1688619,8,0.022026538848876953,0.002753317356109619,True
12,509,1784807965.1917174,8,0.02010202407836914,0.0025127530097961426,True
12,510,1784807965.2122297,8,0.019731760025024414,0.0024664700031280518,True
12,511,1784807965.232386,8,0.02010965347290039,0.002513706684112549,True
12,512,1784807965.2531965,8,0.020778417587280273,0.002597302198410034,True
12,513,1784807965.274483,8,0.020260334014892578,0.0025325417518615723,True
12,514,1784807965.2957602,8,0.020818471908569336,0.002602308988571167,True
12,515,1784807965.317431,8,0.021027803421020508,0.0026284754276275635,True
12,516,1784807965.338833,8,0.020950794219970703,0.002618849277496338,True
12,517,1784807965.3600342,8,0.020461320877075195,0.0025576651096343994,True
12,518,1784807965.3808732,8,0.020537853240966797,0.0025672316551208496,True
12,519,1784807965.401942,8,0.019225358963012695,0.002403169870376587,True
12,520,1784807965.421588,8,0.01888895034790039,0.002361118793487549,True
12,521,1784807965.4408069,8,0.019332408905029297,0.002416551113128662,True
12,522,1784807965.4604511,8,0.01995849609375,0.00249481201171875,True
12,523,1784807965.480896,8,0.019064903259277344,0.002383112907409668,True
12,524,1784807965.5004013,8,0.022227764129638672,0.002778470516204834,True
12,525,1784807965.5230746,8,0.021412134170532227,0.0026765167713165283,True
12,526,1784807965.544924,8,0.018306970596313477,0.0022883713245391846,True
12,527,1784807965.5635502,8,0.0196378231048584,0.0024547278881073,True
12,528,1784807965.5838163,8,0.019202232360839844,0.0024002790451049805,True
12,529,1784807965.6033247,8,0.021488189697265625,0.002686023712158203,True
12,530,1784807965.6251373,8,0.01939249038696289,0.0024240612983703613,True
12,531,1784807965.6449194,8,0.019889354705810547,0.0024861693382263184,True
12,532,1784807965.6658292,8,0.021404027938842773,0.0026755034923553467,True
12,533,1784807965.6877255,8,0.019137859344482422,0.0023922324180603027,True
12,534,1784807965.7072098,8,0.01968669891357422,0.0024608373641967773,True
12,535,1784807965.7273483,8,0.02177906036376953,0.0027223825454711914,True
12,536,1784807965.750036,8,0.019870996475219727,0.002483874559402466,True
12,537,1784807965.7702677,8,0.022907257080078125,0.0028634071350097656,True
12,538,1784807965.7935908,8,0.019928932189941406,0.0024911165237426758,True
12,539,1784807965.815077,8,0.019974470138549805,0.0024968087673187256,True
12,540,1784807965.835585,8,0.021581649780273438,0.0026977062225341797,True
12,541,1784807965.857922,8,0.019263267517089844,0.0024079084396362305,True
12,542,1784807965.87759,8,0.02046489715576172,0.002558112144470215,True
12,543,1784807965.8984563,8,0.02045726776123047,0.0025571584701538086,True
12,544,1784807965.919518,8,0.02422642707824707,0.003028303384780884,True
12,545,1784807965.9442182,8,0.020656108856201172,0.0025820136070251465,True
12,546,1784807965.9654367,8,0.01987433433532715,0.0024842917919158936,True
12,547,1784807965.9861548,8,0.023054838180541992,0.002881854772567749,True
12,548,1784807966.0099921,8,0.01972031593322754,0.0024650394916534424,True
12,549,1784807966.0303853,8,0.020880699157714844,0.0026100873947143555,True
12,550,1784807966.0516787,8,0.018887042999267578,0.0023608803749084473,True
12,551,1784807966.0710537,8,0.02021002769470215,0.0025262534618377686,True
12,552,1784807966.092135,8,0.0199739933013916,0.00249674916267395,True
12,553,1784807966.1124983,8,0.0203249454498291,0.0025406181812286377,True
12,554,1784807966.1333947,8,0.020269393920898438,0.0025336742401123047,True
12,555,1784807966.1540024,8,0.020900249481201172,0.0026125311851501465,True
12,556,1784807966.1752732,8,0.021466493606567383,0.002683311700820923,True
12,557,1784807966.1975367,8,0.020842552185058594,0.0026053190231323242,True
12,558,1784807966.2191584,8,0.01971578598022461,0.002464473247528076,True
12,559,1784807966.239594,8,0.019731760025024414,0.0024664700031280518,True
12,560,1784807966.2596118,8,0.022395610809326172,0.0027994513511657715,True
12,561,1784807966.2825432,8,0.02050185203552246,0.0025627315044403076,True
12,562,1784807966.303352,8,0.019948959350585938,0.002493619918823242,True
12,563,1784807966.323981,8,0.0196533203125,0.0024566650390625,True
12,564,1784807966.3442678,8,0.019747257232666016,0.002468407154083252,True
12,565,1784807966.3645165,8,0.021230697631835938,0.002653837203979492,True
12,566,1784807966.3863304,8,0.0221707820892334,0.002771347761154175,True
12,567,1784807966.4089165,8,0.020488500595092773,0.0025610625743865967,True
12,568,1784807966.429671,8,0.019105195999145508,0.0023881494998931885,True
12,569,1784807966.4490895,8,0.02131485939025879,0.0026643574237823486,True
12,570,1784807966.4707878,8,0.01886153221130371,0.002357691526412964,True
12,571,1784807966.4903417,8,0.021620988845825195,0.0027026236057281494,True
12,572,1784807966.5123615,8,0.019760847091674805,0.0024701058864593506,True
12,573,1784807966.5326533,8,0.021877765655517578,0.0027347207069396973,True
12,574,1784807966.555195,8,0.019938945770263672,0.002492368221282959,True
12,575,1784807966.5755002,8,0.019849538803100586,0.0024811923503875732,True
12,576,1784807966.5958116,8,0.021973133087158203,0.0027466416358947754,True
12,577,1784807966.6181965,8,0.021445512771606445,0.0026806890964508057,True
12,578,1784807966.6404576,8,0.019602060317993164,0.0024502575397491455,True
12,579,1784807966.6607091,8,0.021016597747802734,0.002627074718475342,True
12,580,1784807966.6826417,8,0.021136760711669922,0.0026420950889587402,True
12,581,1784807966.7043023,8,0.0248868465423584,0.0031108558177948,True
12,582,1784807966.731048,8,0.018664836883544922,0.0023331046104431152,True
12,583,1784807966.7501,8,0.022430419921875,0.002803802490234375,True
12,584,1784807966.77331,8,0.018083810806274414,0.0022604763507843018,True
12,585,1784807966.7920003,8,0.021509647369384766,0.0026887059211730957,True
12,586,1784807966.813851,8,0.018417835235595703,0.002302229404449463,True
12,587,1784807966.8328488,8,0.020728111267089844,0.0025910139083862305,True
12,588,1784807966.8546987,8,0.019600629806518555,0.0024500787258148193,True
12,589,1784807966.8748097,8,0.020752906799316406,0.0025941133499145508,True
12,590,1784807966.8960197,8,0.019482851028442383,0.002435356378555298,True
12,591,1784807966.9160707,8,0.01818537712097168,0.00227317214012146,True
12,592,1784807966.9348032,8,0.020051002502441406,0.0025063753128051758,True
12,593,1784807966.9555526,8,0.021115779876708984,0.002639472484588623,True
12,594,1784807966.977075,8,0.0199737548828125,0.0024967193603515625,True
12,595,1784807966.9977975,8,0.019390583038330078,0.0024238228797912598,True
12,596,1784807967.0178926,8,0.020686864852905273,0.002585858106613159,True
12,597,1784807967.039814,8,0.021971940994262695,0.002746492624282837,True
12,598,1784807967.062257,8,0.01953864097595215,0.0024423301219940186,True
12,599,1784807967.0823865,8,0.020522356033325195,0.0025652945041656494,True
12,600,1784807967.1035764,8,0.020991086959838867,0.0026238858699798584,True
12,601,1784807967.125563,8,0.019279956817626953,0.002409994602203369,True
12,602,1784807967.145772,8,0.01884150505065918,0.0023551881313323975,True
12,603,1784807967.1665034,8,0.020633220672607422,0.0025791525840759277,True
12,604,1784807967.187494,8,0.021741628646850586,0.0027177035808563232,True
12,605,1784807967.2099326,8,0.02083587646484375,0.0026044845581054688,True
12,606,1784807967.2322922,8,0.019930124282836914,0.0024912655353546143,True
12,607,1784807967.2528186,8,0.019258737564086914,0.0024073421955108643,True
12,608,1784807967.2728739,8,0.020360469818115234,0.0025450587272644043,True
12,609,1784807967.2939434,8,0.02081131935119629,0.002601414918899536,True
12,610,1784807967.3154233,8,0.020668506622314453,0.0025835633277893066,True
12,611,1784807967.337241,8,0.018745899200439453,0.0023432374000549316,True
12,612,1784807967.3563526,8,0.018218517303466797,0.0022773146629333496,True
12,613,1784807967.3754425,8,0.02037644386291504,0.00254705548286438,True
12,614,1784807967.3961904,8,0.02136373519897461,0.002670466899871826,True
12,615,1784807967.4184446,8,0.022537708282470703,0.002817213535308838,True
12,616,1784807967.4415858,8,0.018088102340698242,0.0022610127925872803,True
12,617,1784807967.4600112,8,0.022457122802734375,0.002807140350341797,True
12,618,1784807967.4830499,8,0.020503520965576172,0.0025629401206970215,True
12,619,1784807967.5044599,8,0.019676923751831055,0.002459615468978882,True
12,620,1784807967.524425,8,0.02295541763305664,0.00286942720413208,True
12,621,1784807967.5477092,8,0.02222156524658203,0.002777695655822754,True
12,622,1784807967.5708244,8,0.02234649658203125,0.0027933120727539062,True
12,623,1784807967.5938666,8,0.01913905143737793,0.002392381429672241,True
12,624,1784807967.6135864,8,0.019747018814086914,0.0024683773517608643,True
12,625,1784807967.6339087,8,0.0203704833984375,0.0025463104248046875,True
12,626,1784807967.6547434,8,0.019202232360839844,0.0024002790451049805,True
12,627,1784807967.6743126,8,0.021153926849365234,0.0026442408561706543,True
12,628,1784807967.696101,8,0.021628141403198242,0.0027035176753997803,True
12,629,1784807967.7182636,8,0.02030491828918457,0.0025381147861480713,True
12,630,1784807967.7390418,8,0.018636226654052734,0.002329528331756592,True
12,631,1784807967.7583828,8,0.02024984359741211,0.0025312304496765137,True
12,632,1784807967.779045,8,0.019765615463256836,0.0024707019329071045,True
12,633,1784807967.8000891,8,0.01976752281188965,0.002470940351486206,True
12,634,1784807967.8201983,8,0.019636869430541992,0.002454608678817749,True
12,635,1784807967.8404508,8,0.019240617752075195,0.0024050772190093994,True
12,636,1784807967.8613846,8,0.019357919692993164,0.0024197399616241455,True
12,637,1784807967.88111,8,0.02080368995666504,0.00260046124458313,True
12,638,1784807967.9023015,8,0.019553661346435547,0.0024442076683044434,True
12,639,1784807967.9221945,8,0.021057844161987305,0.002632230520248413,True
12,640,1784807967.9436483,8,0.020500659942626953,0.002562582492828369,True
12,641,1784807967.9644132,8,0.01930713653564453,0.0024133920669555664,True
12,642,1784807967.984013,8,0.021277427673339844,0.0026596784591674805,True
12,643,1784807968.0061667,8,0.019417762756347656,0.002427220344543457,True
12,644,1784807968.025848,8,0.023171424865722656,0.002896428108215332,True
12,645,1784807968.050891,8,0.01948714256286621,0.0024358928203582764,True
12,646,1784807968.0708473,8,0.020404338836669922,0.0025505423545837402,True
12,647,1784807968.091615,8,0.01959705352783203,0.002449631690979004,True
12,648,1784807968.1116397,8,0.021201133728027344,0.002650141716003418,True
12,649,1784807968.1341372,8,0.02002406120300293,0.002503007650375366,True
12,650,1784807968.1546595,8,0.020743846893310547,0.0025929808616638184,True
12,651,1784807968.1762953,8,0.0223696231842041,0.0027962028980255127,True
12,652,1784807968.1990638,8,0.02360987663269043,0.0029512345790863037,True
12,653,1784807968.223249,8,0.018542766571044922,0.0023178458213806152,True
12,654,1784807968.242243,8,0.0212399959564209,0.0026549994945526123,True
12,655,1784807968.2643216,8,0.02195453643798828,0.002744317054748535,True
12,656,1784807968.286723,8,0.020040035247802734,0.002505004405975342,True
12,657,1784807968.3072963,8,0.01792764663696289,0.0022409558296203613,True
12,658,1784807968.325971,8,0.01958775520324707,0.002448469400405884,True
12,659,1784807968.3461065,8,0.019999980926513672,0.002499997615814209,True
12,660,1784807968.3677814,8,0.019319772720336914,0.0024149715900421143,True
12,661,1784807968.388413,8,0.019263267517089844,0.0024079084396362305,True
12,662,1784807968.4089978,8,0.0207521915435791,0.0025940239429473877,True
12,663,1784807968.4301069,8,0.02023601531982422,0.0025295019149780273,True
12,664,1784807968.4510174,8,0.020314455032348633,0.002539306879043579,True
12,665,1784807968.4718883,8,0.019226551055908203,0.0024033188819885254,True
12,666,1784807968.4915488,8,0.018496990203857422,0.0023121237754821777,True
12,667,1784807968.51047,8,0.02090001106262207,0.002612501382827759,True
12,668,1784807968.5317886,8,0.019603490829467773,0.0024504363536834717,True
12,669,1784807968.551847,8,0.01900792121887207,0.002375990152359009,True
12,670,1784807968.5711973,8,0.01954197883605957,0.0024427473545074463,True
12,671,1784807968.591224,8,0.019249439239501953,0.002406179904937744,True
12,672,1784807968.610807,8,0.019728422164916992,0.002466052770614624,True
12,673,1784807968.6308737,8,0.018842697143554688,0.002355337142944336,True
12,674,1784807968.649982,8,0.021217823028564453,0.0026522278785705566,True
12,675,1784807968.6715128,8,0.01989006996154785,0.0024862587451934814,True
12,676,1784807968.6918466,8,0.021719932556152344,0.002714991569519043,True
12,677,1784807968.7144377,8,0.019954919815063477,0.0024943649768829346,True
12,678,1784807968.7346787,8,0.019120216369628906,0.0023900270462036133,True
12,679,1784807968.7540898,8,0.020331621170043945,0.002541452646255493,True
12,680,1784807968.774807,8,0.019533157348632812,0.0024416446685791016,True
12,681,1784807968.7950878,8,0.01968979835510254,0.0024612247943878174,True
12,682,1784807968.815156,8,0.020299673080444336,0.002537459135055542,True
12,683,1784807968.8360558,8,0.020158052444458008,0.002519756555557251,True
12,684,1784807968.8568072,8,0.01941704750061035,0.002427130937576294,True
12,685,1784807968.876778,8,0.02004218101501465,0.002505272626876831,True
12,686,1784807968.8971698,8,0.01899266242980957,0.0023740828037261963,True
12,687,1784807968.9165654,8,0.019400835037231445,0.0024251043796539307,True
12,688,1784807968.9363256,8,0.018197059631347656,0.002274632453918457,True
12,689,1784807968.9548578,8,0.0209195613861084,0.00261494517326355,True
12,690,1784807968.9761722,8,0.01950240135192871,0.002437800168991089,True
12,691,1784807968.9960113,8,0.01868128776550293,0.002335160970687866,True
12,692,1784807969.0151324,8,0.019861698150634766,0.0024827122688293457,True
12,693,1784807969.0354354,8,0.020216941833496094,0.0025271177291870117,True
12,694,1784807969.0560188,8,0.020587444305419922,0.0025734305381774902,True
12,695,1784807969.076975,8,0.020108938217163086,0.0025136172771453857,True
12,696,1784807969.0973773,8,0.02051258087158203,0.002564072608947754,True
12,697,1784807969.1182754,8,0.021743059158325195,0.0027178823947906494,True
12,698,1784807969.1405315,8,0.019615650177001953,0.002451956272125244,True
12,699,1784807969.1604464,8,0.02016305923461914,0.0025203824043273926,True
12,700,1784807969.1809914,8,0.01888585090637207,0.002360731363296509,True
12,701,1784807969.2001925,8,0.02021002769470215,0.0025262534618377686,True
12,702,1784807969.2211325,8,0.01939082145690918,0.0024238526821136475,True
12,703,1784807969.2411368,8,0.020491600036621094,0.0025614500045776367,True
12,704,1784807969.262106,8,0.01930546760559082,0.0024131834506988525,True
12,705,1784807969.281758,8,0.020989179611206055,0.002623647451400757,True
12,706,1784807969.3031673,8,0.019699811935424805,0.0024624764919281006,True
12,707,1784807969.3232048,8,0.02171635627746582,0.0027145445346832275,True
12,708,1784807969.3451576,8,0.018828630447387695,0.002353578805923462,True
12,709,1784807969.3642926,8,0.020346403121948242,0.0025433003902435303,True
12,710,1784807969.3856316,8,0.018576622009277344,0.002322077751159668,True
12,711,1784807969.4048038,8,0.01954364776611328,0.00244295597076416,True
12,712,1784807969.4248054,8,0.0186917781829834,0.002336472272872925,True
12,713,1784807969.4438796,8,0.019133806228637695,0.002391725778579712,True
12,714,1784807969.4633243,8,0.019794940948486328,0.002474367618560791,True
12,715,1784807969.4834578,8,0.021345853805541992,0.002668231725692749,True
12,716,1784807969.505762,8,0.019990921020507812,0.0024988651275634766,True
12,717,1784807969.526258,8,0.018665313720703125,0.0023331642150878906,True
12,718,1784807969.5460913,8,0.01909494400024414,0.0023868680000305176,True
12,719,1784807969.5658398,8,0.02065563201904297,0.002581954002380371,True
12,720,1784807969.5871835,8,0.02156662940979004,0.002695828676223755,True
12,721,1784807969.6092093,8,0.019304275512695312,0.002413034439086914,True
12,722,1784807969.6289017,8,0.019232511520385742,0.0024040639400482178,True
12,723,1784807969.6486423,8,0.021058320999145508,0.0026322901248931885,True
12,724,1784807969.6700523,8,0.019069910049438477,0.0023837387561798096,True
12,725,1784807969.6894224,8,0.020786046981811523,0.0025982558727264404,True
12,726,1784807969.7105417,8,0.019593477249145508,0.0024491846561431885,True
12,727,1784807969.7305555,8,0.01933598518371582,0.0024169981479644775,True
12,728,1784807969.7502363,8,0.01987147331237793,0.002483934164047241,True
12,729,1784807969.7705028,8,0.018084287643432617,0.002260535955429077,True
12,730,1784807969.7889762,8,0.019257068634033203,0.0024071335792541504,True
12,731,1784807969.8085155,8,0.020124197006225586,0.0025155246257781982,True
12,732,1784807969.8293521,8,0.019128799438476562,0.0023910999298095703,True
12,733,1784807969.8489113,8,0.019654273986816406,0.0024567842483520508,True
12,734,1784807969.8688865,8,0.01950383186340332,0.002437978982925415,True
12,735,1784807969.8889558,8,0.024560213088989258,0.0030700266361236572,True
12,736,1784807969.913832,8,0.021593570709228516,0.0026991963386535645,True
12,737,1784807969.935863,8,0.01961684226989746,0.0024521052837371826,True
12,738,1784807969.9558423,8,0.020020008087158203,0.0025025010108947754,True
12,739,1784807969.9762676,8,0.018746614456176758,0.0023433268070220947,True
12,740,1784807969.9953966,8,0.020322084426879883,0.0025402605533599854,True
12,741,1784807970.0162442,8,0.019402742385864258,0.0024253427982330322,True
12,742,1784807970.0359964,8,0.01987624168395996,0.002484530210494995,True
12,743,1784807970.0562186,8,0.019229412078857422,0.0024036765098571777,True
12,744,1784807970.0758262,8,0.020249128341674805,0.0025311410427093506,True
12,745,1784807970.096338,8,0.019422531127929688,0.002427816390991211,True
12,746,1784807970.1161094,8,0.019404888153076172,0.0024256110191345215,True
12,747,1784807970.135872,8,0.01941084861755371,0.002426356077194214,True
12,748,1784807970.1556668,8,0.020456314086914062,0.002557039260864258,True
12,749,1784807970.1766062,8,0.019764184951782227,0.0024705231189727783,True
12,750,1784807970.196645,8,0.020526409149169922,0.0025658011436462402,True
12,751,1784807970.2176218,8,0.018944740295410156,0.0023680925369262695,True
12,752,1784807970.2368734,8,0.020414113998413086,0.0025517642498016357,True
12,753,1784807970.2575655,8,0.019597291946411133,0.0024496614933013916,True
12,754,1784807970.2775795,8,0.02108311653137207,0.002635389566421509,True
12,755,1784807970.2990801,8,0.02086639404296875,0.0026082992553710938,True
12,756,1784807970.3206928,8,0.01928544044494629,0.002410680055618286,True
12,757,1784807970.3403862,8,0.02113032341003418,0.0026412904262542725,True
12,758,1784807970.3619678,8,0.018798351287841797,0.0023497939109802246,True
12,759,1784807970.3813748,8,0.02172088623046875,0.0027151107788085938,True
12,760,1784807970.404,8,0.019182443618774414,0.0023978054523468018,True
12,761,1784807970.424762,8,0.020162343978881836,0.0025202929973602295,True
12,762,1784807970.4454963,8,0.01932549476623535,0.002415686845779419,True
12,763,1784807970.4656906,8,0.023288488388061523,0.0029110610485076904,True
12,764,1784807970.4899018,8,0.02013421058654785,0.0025167763233184814,True
12,765,1784807970.5104084,8,0.020099639892578125,0.0025124549865722656,True
12,766,1784807970.531592,8,0.01793837547302246,0.0022422969341278076,True
12,767,1784807970.55031,8,0.022208213806152344,0.002776026725769043,True
12,768,1784807970.5731912,8,0.01969003677368164,0.002461254596710205,True
12,769,1784807970.5932596,8,0.02081751823425293,0.002602189779281616,True
12,770,1784807970.6144888,8,0.01959371566772461,0.002449214458465576,True
12,771,1784807970.634513,8,0.019811153411865234,0.0024763941764831543,True
12,772,1784807970.654637,8,0.01874685287475586,0.0023433566093444824,True
12,773,1784807970.6745844,8,0.02086782455444336,0.00260847806930542,True
12,774,1784807970.695726,8,0.021474123001098633,0.002684265375137329,True
12,775,1784807970.7175198,8,0.01998138427734375,0.0024976730346679688,True
12,776,1784807970.738695,8,0.01895618438720703,0.002369523048400879,True
12,777,1784807970.7585688,8,0.02006983757019043,0.0025087296962738037,True
12,778,1784807970.7792914,8,0.019014358520507812,0.0023767948150634766,True
12,779,1784807970.7987034,8,0.02139759063720703,0.002674698829650879,True
12,780,1784807970.8203537,8,0.021639585494995117,0.0027049481868743896,True
12,781,1784807970.8424191,8,0.018850088119506836,0.0023562610149383545,True
12,782,1784807970.8616097,8,0.018758773803710938,0.002344846725463867,True
12,783,1784807970.8806446,8,0.01951742172241211,0.0024396777153015137,True
12,784,1784807970.9004326,8,0.021104097366333008,0.002638012170791626,True
12,785,1784807970.9221642,8,0.01913142204284668,0.002391427755355835,True
12,786,1784807970.941632,8,0.019237756729125977,0.002404719591140747,True
12,787,1784807970.9612327,8,0.01894378662109375,0.0023679733276367188,True
12,788,1784807970.9807026,8,0.01995086669921875,0.0024938583374023438,True
12,789,1784807971.0009284,8,0.0200650691986084,0.00250813364982605,True
12,790,1784807971.021549,8,0.019044876098632812,0.0023806095123291016,True
12,791,1784807971.0414171,8,0.021288394927978516,0.0026610493659973145,True
12,792,1784807971.0631154,8,0.020253896713256836,0.0025317370891571045,True
12,793,1784807971.0836692,8,0.02100372314453125,0.0026254653930664062,True
12,794,1784807971.1049817,8,0.020664215087890625,0.002583026885986328,True
12,795,1784807971.125938,8,0.023127079010009766,0.0028908848762512207,True
12,796,1784807971.1493998,8,0.019980669021606445,0.0024975836277008057,True
12,797,1784807971.169637,8,0.020550966262817383,0.002568870782852173,True
12,798,1784807971.190611,8,0.02174234390258789,0.0027177929878234863,True
12,799,1784807971.2126818,8,0.01994800567626953,0.0024935007095336914,True
12,800,1784807971.2332726,8,0.019270658493041992,0.002408832311630249,True
12,801,1784807971.2528768,8,0.02138662338256836,0.002673327922821045,True
12,802,1784807971.2748702,8,0.019693613052368164,0.0024617016315460205,True
12,803,1784807971.2949264,8,0.02012801170349121,0.0025160014629364014,True
12,804,1784807971.315684,8,0.019905567169189453,0.0024881958961486816,True
12,805,1784807971.3362556,8,0.020161867141723633,0.002520233392715454,True
12,806,1784807971.3567927,8,0.021204710006713867,0.0026505887508392334,True
12,807,1784807971.3783216,8,0.020007610321044922,0.0025009512901306152,True
12,808,1784807971.3989942,8,0.02021956443786621,0.0025274455547332764,True
12,809,1784807971.420058,8,0.020488262176513672,0.002561032772064209,True
12,810,1784807971.4411044,8,0.0207827091217041,0.0025978386402130127,True
12,811,1784807971.4635866,8,0.019579648971557617,0.002447456121444702,True
12,812,1784807971.4837198,8,0.02145242691040039,0.002681553363800049,True
12,813,1784807971.5057805,8,0.020625829696655273,0.002578228712081909,True
12,814,1784807971.5276127,8,0.018628358840942383,0.002328544855117798,True
12,815,1784807971.546641,8,0.020084381103515625,0.002510547637939453,True
12,816,1784807971.5677333,8,0.020204782485961914,0.0025255978107452393,True
12,817,1784807971.5887654,8,0.021184682846069336,0.002648085355758667,True
12,818,1784807971.6107044,8,0.021686553955078125,0.0027108192443847656,True
12,819,1784807971.6337292,8,0.018960237503051758,0.0023700296878814697,True
12,820,1784807971.6529946,8,0.019829988479614258,0.0024787485599517822,True
12,821,1784807971.673149,8,0.01920914649963379,0.0024011433124542236,True
12,822,1784807971.6938353,8,0.02012801170349121,0.0025160014629364014,True
12,823,1784807971.714545,8,0.021741628646850586,0.0027177035808563232,True
12,824,1784807971.7369783,8,0.018035888671875,0.002254486083984375,True
12,825,1784807971.7555244,8,0.020266294479370117,0.0025332868099212646,True
12,826,1784807971.776296,8,0.020232439041137695,0.002529054880142212,True
12,827,1784807971.7969677,8,0.020917892456054688,0.002614736557006836,True
12,828,1784807971.8182695,8,0.01819443702697754,0.0022743046283721924,True
12,829,1784807971.8368382,8,0.019148588180541992,0.002393573522567749,True
12,830,1784807971.8564074,8,0.019056081771850586,0.0023820102214813232,True
12,831,1784807971.8758316,8,0.019359350204467773,0.0024199187755584717,True
12,832,1784807971.8960822,8,0.01997852325439453,0.0024973154067993164,True
12,833,1784807971.9184504,8,0.01941967010498047,0.0024274587631225586,True
12,834,1784807971.938206,8,0.01964569091796875,0.0024557113647460938,True
12,835,1784807971.9584434,8,0.020608901977539062,0.002576112747192383,True
12,836,1784807971.9794664,8,0.019263267517089844,0.0024079084396362305,True
12,837,1784807971.9992292,8,0.01941227912902832,0.00242653489112854,True
12,838,1784807972.019855,8,0.019380807876586914,0.0024226009845733643,True
12,839,1784807972.0395935,8,0.020601987838745117,0.0025752484798431396,True
12,840,1784807972.0605326,8,0.019406795501708984,0.002425849437713623,True
12,841,1784807972.0805712,8,0.021121740341186523,0.0026402175426483154,True
12,842,1784807972.1032794,8,0.019230127334594727,0.002403765916824341,True
12,843,1784807972.1228902,8,0.018360137939453125,0.0022950172424316406,True
12,844,1784807972.141667,8,0.01938605308532715,0.0024232566356658936,True
12,845,1784807972.1614525,8,0.02061152458190918,0.0025764405727386475,True
12,846,1784807972.1824245,8,0.023588895797729492,0.0029486119747161865,True
12,847,1784807972.2063334,8,0.020142316818237305,0.002517789602279663,True
12,848,1784807972.2268188,8,0.018672704696655273,0.002334088087081909,True
12,849,1784807972.2458036,8,0.02026844024658203,0.002533555030822754,True
12,850,1784807972.266554,8,0.02009725570678711,0.0025121569633483887,True
12,851,1784807972.2872376,8,0.02030491828918457,0.0025381147861480713,True
12,852,1784807972.308005,8,0.019307613372802734,0.002413451671600342,True
12,853,1784807972.3275836,8,0.0190889835357666,0.002386122941970825,True
12,854,1784807972.347233,8,0.018571853637695312,0.002321481704711914,True
12,855,1784807972.3661337,8,0.019852161407470703,0.002481520175933838,True
12,856,1784807972.3863163,8,0.01914811134338379,0.0023935139179229736,True
12,857,1784807972.4057791,8,0.02021956443786621,0.0025274455547332764,True
12,858,1784807972.4263585,8,0.02086615562438965,0.002608269453048706,True
12,859,1784807972.447527,8,0.02062821388244629,0.002578526735305786,True
12,860,1784807972.4685247,8,0.020954370498657227,0.0026192963123321533,True
12,861,1784807972.4898756,8,0.020720481872558594,0.0025900602340698242,True
12,862,1784807972.5109346,8,0.019922256469726562,0.0024902820587158203,True
12,863,1784807972.5313556,8,0.020042896270751953,0.002505362033843994,True
12,864,1784807972.5523977,8,0.01709580421447754,0.0021369755268096924,True
12,865,1784807972.5698903,8,0.019734859466552734,0.002466857433319092,True
12,866,1784807972.5900466,8,0.019733428955078125,0.0024666786193847656,True
12,867,1784807972.610116,8,0.01956343650817871,0.002445429563522339,True
12,868,1784807972.630083,8,0.020872116088867188,0.0026090145111083984,True
12,869,1784807972.651433,8,0.021835803985595703,0.002729475498199463,True
12,870,1784807972.6737406,8,0.020392894744873047,0.002549111843109131,True
12,871,1784807972.6946304,8,0.020868301391601562,0.0026085376739501953,True
12,872,1784807972.7164903,8,0.01990032196044922,0.0024875402450561523,True
12,873,1784807972.7369115,8,0.023718595504760742,0.0029648244380950928,True
12,874,1784807972.761371,8,0.018913984298706055,0.002364248037338257,True
12,875,1784807972.7806916,8,0.019084453582763672,0.002385556697845459,True
12,876,1784807972.8000813,8,0.02236795425415039,0.002795994281768799,True
12,877,1784807972.8229396,8,0.020219087600708008,0.002527385950088501,True
12,878,1784807972.8435616,8,0.02186274528503418,0.0027328431606292725,True
12,879,1784807972.8668067,8,0.020138025283813477,0.0025172531604766846,True
12,880,1784807972.8875678,8,0.020770788192749023,0.002596348524093628,True
12,881,1784807972.9086814,8,0.02075648307800293,0.002594560384750366,True
12,882,1784807972.9300086,8,0.0217745304107666,0.002721816301345825,True
12,883,1784807972.9524188,8,0.019213438034057617,0.002401679754257202,True
12,884,1784807972.9722855,8,0.02023601531982422,0.0025295019149780273,True
12,885,1784807972.9929502,8,0.019430160522460938,0.002428770065307617,True
12,886,1784807973.0136178,8,0.02020263671875,0.00252532958984375,True
12,887,1784807973.034306,8,0.02132558822631836,0.002665698528289795,True
12,888,1784807973.0561464,8,0.020672321319580078,0.0025840401649475098,True
12,889,1784807973.0772088,8,0.021025657653808594,0.0026282072067260742,True
12,890,1784807973.098771,8,0.019862651824951172,0.0024828314781188965,True
12,891,1784807973.119527,8,0.020815134048461914,0.0026018917560577393,True
12,892,1784807973.1407561,8,0.019794702529907227,0.0024743378162384033,True
12,893,1784807973.1608634,8,0.02064824104309082,0.0025810301303863525,True
12,894,1784807973.1818094,8,0.01997685432434082,0.0024971067905426025,True
12,895,1784807973.2021458,8,0.019356966018676758,0.0024196207523345947,True
12,896,1784807973.2218502,8,0.02040266990661621,0.0025503337383270264,True
12,897,1784807973.2426755,8,0.021159648895263672,0.002644956111907959,True
12,898,1784807973.2642505,8,0.020618915557861328,0.002577364444732666,True
12,899,1784807973.2851892,8,0.020438194274902344,0.002554774284362793,True
12,900,1784807973.3059244,8,0.02068161964416504,0.00258520245552063,True
12,901,1784807973.3269088,8,0.021018266677856445,0.0026272833347320557,True
12,902,1784807973.3484542,8,0.020365476608276367,0.002545684576034546,True
12,903,1784807973.3693674,8,0.018375635147094727,0.002296954393386841,True
12,904,1784807973.3881037,8,0.02218174934387207,0.002772718667984009,True
12,905,1784807973.4112265,8,0.018764972686767578,0.0023456215858459473,True
12,906,1784807973.430533,8,0.018561124801635742,0.0023201406002044678,True
12,907,1784807973.4493923,8,0.020173311233520508,0.0025216639041900635,True
12,908,1784807973.470263,8,0.02023768424987793,0.002529710531234741,True
12,909,1784807973.4933343,8,0.020656108856201172,0.0025820136070251465,True
12,910,1784807973.5145786,8,0.020154476165771484,0.0025193095207214355,True
12,911,1784807973.5351562,8,0.01990032196044922,0.0024875402450561523,True
12,912,1784807973.5558279,8,0.0209653377532959,0.0026206672191619873,True
12,913,1784807973.5772398,8,0.019722461700439453,0.0024653077125549316,True
12,914,1784807973.5974114,8,0.018828153610229492,0.0023535192012786865,True
12,915,1784807973.6167927,8,0.021196365356445312,0.002649545669555664,True
12,916,1784807973.6388323,8,0.018903017044067383,0.002362877130508423,True
12,917,1784807973.6580439,8,0.02044987678527832,0.00255623459815979,True
12,918,1784807973.6787806,8,0.018804073333740234,0.0023505091667175293,True
12,919,1784807973.6991386,8,0.01972818374633789,0.0024660229682922363,True
12,920,1784807973.719192,8,0.019765615463256836,0.0024707019329071045,True
12,921,1784807973.7392213,8,0.01984381675720215,0.0024804770946502686,True
12,922,1784807973.7594042,8,0.020058393478393555,0.0025072991847991943,True
12,923,1784807973.779784,8,0.01970648765563965,0.002463310956954956,True
12,924,1784807973.8002043,8,0.021051883697509766,0.0026314854621887207,True
12,925,1784807973.8217547,8,0.017993688583374023,0.002249211072921753,True
12,926,1784807973.8403125,8,0.02104353904724121,0.0026304423809051514,True
12,927,1784807973.8616982,8,0.020537614822387695,0.002567201852798462,True
12,928,1784807973.8827207,8,0.018399477005004883,0.0022999346256256104,True
12,929,1784807973.9015436,8,0.021530628204345703,0.002691328525543213,True
12,930,1784807973.9235704,8,0.018486499786376953,0.002310812473297119,True
12,931,1784807973.9424374,8,0.02154397964477539,0.002692997455596924,True
12,932,1784807973.9648283,8,0.020882129669189453,0.0026102662086486816,True
12,933,1784807973.9860744,8,0.01808762550354004,0.002260953187942505,True
12,934,1784807974.0045264,8,0.01961040496826172,0.002451300621032715,True
12,935,1784807974.024723,8,0.0207521915435791,0.0025940239429473877,True
12,936,1784807974.0461786,8,0.0191805362701416,0.0023975670337677,True
12,937,1784807974.065628,8,0.01989889144897461,0.002487361431121826,True
12,938,1784807974.085863,8,0.019030094146728516,0.0023787617683410645,True
12,939,1784807974.105231,8,0.02061605453491211,0.0025770068168640137,True
12,940,1784807974.1262536,8,0.01931023597717285,0.0024137794971466064,True
12,941,1784807974.1460109,8,0.02235102653503418,0.0027938783168792725,True
12,942,1784807974.1687613,8,0.019970417022705078,0.0024963021278381348,True
12,943,1784807974.19064,8,0.020254135131835938,0.002531766891479492,True
12,944,1784807974.2114112,8,0.018594026565551758,0.0023242533206939697,True
12,945,1784807974.2307172,8,0.019710302352905273,0.002463787794113159,True
12,946,1784807974.2507617,8,0.01923847198486328,0.00240480899810791,True
12,947,1784807974.270352,8,0.018991947174072266,0.002373993396759033,True
12,948,1784807974.2897298,8,0.02015542984008789,0.0025194287300109863,True
12,949,1784807974.3104613,8,0.018472671508789062,0.002309083938598633,True
12,950,1784807974.3292134,8,0.019972562789916992,0.002496570348739624,True
12,951,1784807974.349527,8,0.02190685272216797,0.002738356590270996,True
12,952,1784807974.3719325,8,0.018996715545654297,0.002374589443206787,True
12,953,1784807974.3912127,8,0.019862651824951172,0.0024828314781188965,True
12,954,1784807974.4113843,8,0.020044803619384766,0.0025056004524230957,True
12,955,1784807974.4323606,8,0.018837451934814453,0.0023546814918518066,True
12,956,1784807974.451626,8,0.021274805068969727,0.002659350633621216,True
12,957,1784807974.4733884,8,0.018584251403808594,0.0023230314254760742,True
12,958,1784807974.4923105,8,0.02035808563232422,0.0025447607040405273,True
12,959,1784807974.5131269,8,0.021645545959472656,0.002705693244934082,True
12,960,1784807974.5350893,8,0.019412517547607422,0.0024265646934509277,True
12,961,1784807974.5548809,8,0.018236637115478516,0.0022795796394348145,True
12,962,1784807974.57429,8,0.021098613739013672,0.002637326717376709,True
12,963,1784807974.599666,8,0.01935410499572754,0.0024192631244659424,True
12,964,1784807974.619398,8,0.01860976219177246,0.0023262202739715576,True
12,965,1784807974.6383893,8,0.0187075138092041,0.0023384392261505127,True
12,966,1784807974.6582375,8,0.018591880798339844,0.0023239850997924805,True
12,967,1784807974.6775248,8,0.019587278366088867,0.0024484097957611084,True
12,968,1784807974.6982956,8,0.019554615020751953,0.002444326877593994,True
12,969,1784807974.7182438,8,0.019051074981689453,0.0023813843727111816,True
12,970,1784807974.7379394,8,0.019387006759643555,0.0024233758449554443,True
12,971,1784807974.757802,8,0.020041227340698242,0.0025051534175872803,True
12,972,1784807974.7783682,8,0.02110123634338379,0.0026376545429229736,True
12,973,1784807974.800154,8,0.020249366760253906,0.0025311708450317383,True
12,974,1784807974.8213587,8,0.01864004135131836,0.002330005168914795,True
12,975,1784807974.8405988,8,0.02001476287841797,0.002501845359802246,True
12,976,1784807974.860899,8,0.019570350646972656,0.002446293830871582,True
12,977,1784807974.8808253,8,0.019903898239135742,0.0024879872798919678,True
12,978,1784807974.90107,8,0.0210268497467041,0.0026283562183380127,True
12,979,1784807974.9223943,8,0.019954681396484375,0.002494335174560547,True
12,980,1784807974.942699,8,0.019047975540161133,0.0023809969425201416,True
12,981,1784807974.962168,8,0.020105600357055664,0.002513200044631958,True
12,982,1784807974.982593,8,0.0199892520904541,0.0024986565113067627,True
12,983,1784807975.0030398,8,0.01932215690612793,0.002415269613265991,True
12,984,1784807975.0226724,8,0.019918203353881836,0.0024897754192352295,True
12,985,1784807975.0432067,8,0.020781993865966797,0.0025977492332458496,True
12,986,1784807975.0646665,8,0.01948714256286621,0.0024358928203582764,True
12,987,1784807975.084803,8,0.017345905303955078,0.0021682381629943848,True
12,988,1784807975.102785,8,0.022038936614990234,0.0027548670768737793,True
12,989,1784807975.1252198,8,0.01816868782043457,0.0022710859775543213,True
12,990,1784807975.1437395,8,0.019622802734375,0.002452850341796875,True
12,991,1784807975.1637948,8,0.020864248275756836,0.0026080310344696045,True
12,992,1784807975.1853921,8,0.01970982551574707,0.002463728189468384,True
12,993,1784807975.205866,8,0.020595550537109375,0.002574443817138672,True
12,994,1784807975.226761,8,0.021498918533325195,0.0026873648166656494,True
12,995,1784807975.2489839,8,0.019692182540893555,0.0024615228176116943,True
12,996,1784807975.2691343,8,0.021520137786865234,0.0026900172233581543,True
12,997,1784807975.2917159,8,0.019592761993408203,0.0024490952491760254,True
12,998,1784807975.3117864,8,0.020406007766723633,0.002550750970840454,True
12,999,1784807975.3325489,8,0.020277738571166992,0.002534717321395874,True
12,1000,1784807975.3532476,8,0.020962953567504883,0.0026203691959381104,True
12,1001,1784807975.374854,8,0.020257949829101562,0.0025322437286376953,True
12,1002,1784807975.3954482,8,0.01988673210144043,0.0024858415126800537,True
12,1003,1784807975.4160795,8,0.02039313316345215,0.0025491416454315186,True
12,1004,1784807975.4370172,8,0.0207366943359375,0.0025920867919921875,True
12,1005,1784807975.4582186,8,0.021497726440429688,0.002687215805053711,True
12,1006,1784807975.4800498,8,0.02021312713623047,0.0025266408920288086,True
12,1007,1784807975.5006015,8,0.019849538803100586,0.0024811923503875732,True
12,1008,1784807975.5208898,8,0.02141857147216797,0.002677321434020996,True
12,1009,1784807975.5429246,8,0.019124746322631836,0.0023905932903289795,True
12,1010,1784807975.562507,8,0.019336462020874023,0.002417057752609253,True
12,1011,1784807975.5822492,8,0.02011585235595703,0.002514481544494629,True
12,1012,1784807975.6026583,8,0.018741369247436523,0.0023426711559295654,True
12,1013,1784807975.621867,8,0.02139568328857422,0.0026744604110717773,True
12,1014,1784807975.6439292,8,0.019933223724365234,0.0024916529655456543,True
12,1015,1784807975.664474,8,0.01899576187133789,0.0023744702339172363,True
12,1016,1784807975.683852,8,0.02141404151916504,0.00267675518989563,True
12,1017,1784807975.7057312,8,0.02062702178955078,0.0025783777236938477,True
12,1018,1784807975.726643,8,0.018324851989746094,0.0022906064987182617,True
12,1019,1784807975.7453737,8,0.019451141357421875,0.0024313926696777344,True
12,1020,1784807975.7652504,8,0.021506309509277344,0.002688288688659668,True
12,1021,1784807975.7873344,8,0.01879572868347168,0.00234946608543396,True
12,1022,1784807975.80649,8,0.020167827606201172,0.0025209784507751465,True
12,1023,1784807975.8270388,8,0.021271228790283203,0.0026589035987854004,True
12,1024,1784807975.848862,8,0.020003795623779297,0.002500474452972412,True
12,1025,1784807975.8696811,8,0.02036452293395996,0.002545565366744995,True
12,1026,1784807975.8904688,8,0.020839452743530273,0.002604931592941284,True
12,1027,1784807975.9120617,8,0.019809484481811523,0.0024761855602264404,True
12,1028,1784807975.9333794,8,0.019515275955200195,0.0024394094944000244,True
12,1029,1784807975.953558,8,0.02211165428161621,0.0027639567852020264,True
12,1030,1784807975.9760072,8,0.019176721572875977,0.002397090196609497,True
12,1031,1784807975.9955826,8,0.0193026065826416,0.0024128258228302,True
12,1032,1784807976.0152957,8,0.021458864212036133,0.0026823580265045166,True
12,1033,1784807976.0377648,8,0.01933598518371582,0.0024169981479644775,True
12,1034,1784807976.0593183,8,0.020548582077026367,0.002568572759628296,True
12,1035,1784807976.0807178,8,0.021204233169555664,0.002650529146194458,True
12,1036,1784807976.103867,8,0.021635055541992188,0.0027043819427490234,True
12,1037,1784807976.1265445,8,0.01960015296936035,0.002450019121170044,True
12,1038,1784807976.1466148,8,0.021231651306152344,0.002653956413269043,True
12,1039,1784807976.168355,8,0.020964384078979492,0.0026205480098724365,True
12,1040,1784807976.1901493,8,0.020447254180908203,0.0025559067726135254,True
12,1041,1784807976.2110977,8,0.018825292587280273,0.002353161573410034,True
12,1042,1784807976.230534,8,0.021442651748657227,0.0026803314685821533,True
12,1043,1784807976.2526608,8,0.020181655883789062,0.002522706985473633,True
12,1044,1784807976.2733757,8,0.019942283630371094,0.0024927854537963867,True
12,1045,1784807976.2937524,8,0.019820213317871094,0.0024775266647338867,True
12,1046,1784807976.313928,8,0.023233413696289062,0.002904176712036133,True
12,1047,1784807976.3375366,8,0.018868684768676758,0.0023585855960845947,True
12,1048,1784807976.3570106,8,0.020682334899902344,0.002585291862487793,True
12,1049,1784807976.3779867,8,0.020566940307617188,0.0025708675384521484,True
12,1050,1784807976.3990498,8,0.01980733871459961,0.002475917339324951,True
12,1051,1784807976.4193697,8,0.01950383186340332,0.002437978982925415,True
12,1052,1784807976.4394507,8,0.02093982696533203,0.002617478370666504,True
12,1053,1784807976.4607732,8,0.02004694938659668,0.002505868673324585,True
12,1054,1784807976.4813216,8,0.020194053649902344,0.002524256706237793,True
12,1055,1784807976.5019002,8,0.01916050910949707,0.002395063638687134,True
12,1056,1784807976.5216591,8,0.019429683685302734,0.002428710460662842,True
12,1057,1784807976.5414853,8,0.01959681510925293,0.002449601888656616,True
12,1058,1784807976.5613856,8,0.02016615867614746,0.0025207698345184326,True
12,1059,1784807976.5819197,8,0.02083420753479004,0.002604275941848755,True
12,1060,1784807976.603111,8,0.019620418548583984,0.002452552318572998,True
12,1061,1784807976.6231759,8,0.018655061721801758,0.0023318827152252197,True
12,1062,1784807976.642174,8,0.019468069076538086,0.0024335086345672607,True
12,1063,1784807976.6619465,8,0.0213167667388916,0.00266459584236145,True
12,1064,1784807976.6838331,8,0.019031763076782227,0.0023789703845977783,True
12,1065,1784807976.7033677,8,0.021497488021850586,0.0026871860027313232,True
12,1066,1784807976.7255416,8,0.018438100814819336,0.002304762601852417,True
12,1067,1784807976.7445316,8,0.019614458084106445,0.0024518072605133057,True
12,1068,1784807976.764409,8,0.019823551177978516,0.0024779438972473145,True
12,1069,1784807976.7854238,8,0.020157575607299805,0.0025196969509124756,True
12,1070,1784807976.8060684,8,0.020261764526367188,0.0025327205657958984,True
12,1071,1784807976.8271115,8,0.022897958755493164,0.0028622448444366455,True
12,1072,1784807976.8506217,8,0.022648334503173828,0.0028310418128967285,True
12,1073,1784807976.8749156,8,0.0199887752532959,0.0024985969066619873,True
12,1074,1784807976.8952844,8,0.018866539001464844,0.0023583173751831055,True
12,1075,1784807976.9144979,8,0.020745515823364258,0.0025931894779205322,True
12,1076,1784807976.9358664,8,0.020067453384399414,0.0025084316730499268,True
12,1077,1784807976.9570112,8,0.018772363662719727,0.002346545457839966,True
12,1078,1784807976.9765828,8,0.021227359771728516,0.0026534199714660645,True
12,1079,1784807976.9984834,8,0.018973588943481445,0.0023716986179351807,True
12,1080,1784807977.0179315,8,0.01994776725769043,0.0024934709072113037,True
12,1081,1784807977.0383642,8,0.021794795989990234,0.0027243494987487793,True
12,1082,1784807977.060905,8,0.02010798454284668,0.002513498067855835,True
12,1083,1784807977.081824,8,0.021465539932250977,0.002683192491531372,True
12,1084,1784807977.1037354,8,0.020109891891479492,0.0025137364864349365,True
12,1085,1784807977.1247787,8,0.02015519142150879,0.0025193989276885986,True
12,1086,1784807977.1455374,8,0.019877195358276367,0.002484649419784546,True
12,1087,1784807977.165723,8,0.020609140396118164,0.0025761425495147705,True
12,1088,1784807977.1866667,8,0.01982903480529785,0.0024786293506622314,True
12,1089,1784807977.207356,8,0.01965045928955078,0.0024563074111938477,True
12,1090,1784807977.2274837,8,0.019642114639282227,0.0024552643299102783,True
12,1091,1784807977.247535,8,0.01972055435180664,0.00246506929397583,True
12,1092,1784807977.2686028,8,0.020685195922851562,0.0025856494903564453,True
12,1093,1784807977.2895746,8,0.02083301544189453,0.0026041269302368164,True
12,1094,1784807977.3111446,8,0.020218849182128906,0.0025273561477661133,True
12,1095,1784807977.331798,8,0.019887447357177734,0.002485930919647217,True
12,1096,1784807977.3520594,8,0.02117466926574707,0.002646833658218384,True
12,1097,1784807977.3737688,8,0.019135475158691406,0.0023919343948364258,True
12,1098,1784807977.3936434,8,0.019614458084106445,0.0024518072605133057,True
12,1099,1784807977.4138467,8,0.01995062828063965,0.002493828535079956,True
12,1100,1784807977.4351037,8,0.021050214767456055,0.002631276845932007,True
12,1101,1784807977.4566565,8,0.0195310115814209,0.0024413764476776123,True
12,1102,1784807977.4766717,8,0.019863128662109375,0.002482891082763672,True
12,1103,1784807977.4970577,8,0.021053075790405273,0.002631634473800659,True
12,1104,1784807977.5184865,8,0.019942522048950195,0.0024928152561187744,True
12,1105,1784807977.539198,8,0.020597457885742188,0.0025746822357177734,True
12,1106,1784807977.5603876,8,0.019780635833740234,0.0024725794792175293,True
12,1107,1784807977.5805404,8,0.0221402645111084,0.00276753306388855,True
12,1108,1784807977.6031084,8,0.023259878158569336,0.002907484769821167,True
12,1109,1784807977.6281712,8,0.018576383590698242,0.0023220479488372803,True
12,1110,1784807977.6473813,8,0.020145177841186523,0.0025181472301483154,True
12,1111,1784807977.6679657,8,0.021000146865844727,0.002625018358230591,True
12,1112,1784807977.6893349,8,0.01903533935546875,0.0023794174194335938,True
12,1113,1784807977.7088413,8,0.02025008201599121,0.0025312602519989014,True
12,1114,1784807977.7298768,8,0.01772594451904297,0.002215743064880371,True
12,1115,1784807977.748251,8,0.020344972610473633,0.002543121576309204,True
12,1116,1784807977.7692077,8,0.0203397274017334,0.002542465925216675,True
12,1117,1784807977.7899084,8,0.020978927612304688,0.002622365951538086,True
12,1118,1784807977.8114126,8,0.020270824432373047,0.002533853054046631,True
12,1119,1784807977.8321278,8,0.02135944366455078,0.0026699304580688477,True
12,1120,1784807977.8538814,8,0.01861262321472168,0.00232657790184021,True
12,1121,1784807977.8728669,8,0.02044057846069336,0.00255507230758667,True
12,1122,1784807977.8936567,8,0.018774986267089844,0.0023468732833862305,True
12,1123,1784807977.9129374,8,0.022695541381835938,0.002836942672729492,True
12,1124,1784807977.93613,8,0.018668174743652344,0.002333521842956543,True
12,1125,1784807977.9552114,8,0.02197408676147461,0.002746760845184326,True
12,1126,1784807977.9775875,8,0.019301176071166992,0.002412647008895874,True
12,1127,1784807977.99731,8,0.019422531127929688,0.002427816390991211,True
12,1128,1784807978.0178766,8,0.019451141357421875,0.0024313926696777344,True
12,1129,1784807978.0382593,8,0.02048969268798828,0.002561211585998535,True
12,1130,1784807978.0595653,8,0.021619319915771484,0.0027024149894714355,True
12,1131,1784807978.0821557,8,0.019902467727661133,0.0024878084659576416,True
12,1132,1784807978.1030428,8,0.020270109176635742,0.0025337636470794678,True
12,1133,1784807978.1237173,8,0.01966691017150879,0.0024583637714385986,True
12,1134,1784807978.1442401,8,0.019333600997924805,0.0024167001247406006,True
12,1135,1784807978.1646142,8,0.019583463668823242,0.0024479329586029053,True
12,1136,1784807978.1847801,8,0.022821903228759766,0.0028527379035949707,True
12,1137,1784807978.2079217,8,0.020305633544921875,0.0025382041931152344,True
12,1138,1784807978.2291863,8,0.019310712814331055,0.002413839101791382,True
12,1139,1784807978.2487862,8,0.018605470657348633,0.002325683832168579,True
12,1140,1784807978.267683,8,0.021327495574951172,0.0026659369468688965,True
12,1141,1784807978.2896552,8,0.0181732177734375,0.0022716522216796875,True
12,1142,1784807978.3085334,8,0.021518230438232422,0.0026897788047790527,True
12,1143,1784807978.3304663,8,0.02024698257446289,0.0025308728218078613,True
12,1144,1784807978.3518384,8,0.02034306526184082,0.0025428831577301025,True
12,1145,1784807978.3726418,8,0.01951146125793457,0.0024389326572418213,True
12,1146,1784807978.3926835,8,0.02008843421936035,0.002511054277420044,True
12,1147,1784807978.413569,8,0.019271373748779297,0.002408921718597412,True
12,1148,1784807978.434728,8,0.019499778747558594,0.0024374723434448242,True
12,1149,1784807978.4556034,8,0.02001357078552246,0.0025016963481903076,True
12,1150,1784807978.4762132,8,0.0203549861907959,0.0025443732738494873,True
12,1151,1784807978.4973211,8,0.020235776901245117,0.0025294721126556396,True
12,1152,1784807978.5182486,8,0.018624067306518555,0.0023280084133148193,True
12,1153,1784807978.5372224,8,0.020264863967895508,0.0025331079959869385,True
12,1154,1784807978.557738,8,0.019794702529907227,0.0024743378162384033,True
12,1155,1784807978.57809,8,0.020240068435668945,0.002530008554458618,True
12,1156,1784807978.599101,8,0.020501375198364258,0.0025626718997955322,True
12,1157,1784807978.6199882,8,0.02063727378845215,0.0025796592235565186,True
12,1158,1784807978.6409981,8,0.02138543128967285,0.0026731789112091064,True
12,1159,1784807978.6630063,8,0.022664308547973633,0.002833038568496704,True
12,1160,1784807978.6859293,8,0.01816534996032715,0.0022706687450408936,True
12,1161,1784807978.7043803,8,0.019112110137939453,0.0023890137672424316,True
12,1162,1784807978.7238748,8,0.019379377365112305,0.002422422170639038,True
12,1163,1784807978.7437158,8,0.01902031898498535,0.002377539873123169,True
12,1164,1784807978.7631655,8,0.019076108932495117,0.0023845136165618896,True
12,1165,1784807978.7828963,8,0.020199298858642578,0.0025249123573303223,True
12,1166,1784807978.8043342,8,0.022105693817138672,0.002763211727142334,True
12,1167,1784807978.8279746,8,0.018800735473632812,0.0023500919342041016,True
12,1168,1784807978.8471243,8,0.019701480865478516,0.0024626851081848145,True
12,1169,1784807978.8673587,8,0.02031850814819336,0.00253981351852417,True
12,1170,1784807978.887953,8,0.01968669891357422,0.0024608373641967773,True
12,1171,1784807978.9080818,8,0.02079296112060547,0.0025991201400756836,True
12,1172,1784807978.9293785,8,0.01952075958251953,0.0024400949478149414,True
12,1173,1784807978.9492238,8,0.01950383186340332,0.002437978982925415,True
12,1174,1784807978.9690433,8,0.01850748062133789,0.0023134350776672363,True
12,1175,1784807978.9882183,8,0.02019190788269043,0.0025239884853363037,True
12,1176,1784807979.0088427,8,0.020700693130493164,0.0025875866413116455,True
12,1177,1784807979.0303838,8,0.018842220306396484,0.0023552775382995605,True
12,1178,1784807979.0496416,8,0.019247770309448242,0.0024059712886810303,True
12,1179,1784807979.0694752,8,0.020354747772216797,0.0025443434715270996,True
12,1180,1784807979.0901766,8,0.019553184509277344,0.002444148063659668,True
12,1181,1784807979.110492,8,0.02213573455810547,0.0027669668197631836,True
12,1182,1784807979.1343484,8,0.019739866256713867,0.0024674832820892334,True
12,1183,1784807979.1545165,8,0.019266128540039062,0.002408266067504883,True
12,1184,1784807979.1741476,8,0.023743867874145508,0.0029679834842681885,True
12,1185,1784807979.19918,8,0.019995689392089844,0.0024994611740112305,True
12,1186,1784807979.2196069,8,0.019974231719970703,0.002496778964996338,True
12,1187,1784807979.24005,8,0.021232128143310547,0.0026540160179138184,True
12,1188,1784807979.262086,8,0.0198519229888916,0.00248149037361145,True
12,1189,1784807979.2827692,8,0.019071102142333984,0.002383887767791748,True
12,1190,1784807979.3023632,8,0.020493030548095703,0.002561628818511963,True
12,1191,1784807979.3235254,8,0.021385908126831055,0.002673238515853882,True
12,1192,1784807979.3454213,8,0.01976752281188965,0.002470940351486206,True
12,1193,1784807979.3660567,8,0.019512176513671875,0.0024390220642089844,True
12,1194,1784807979.3861206,8,0.02012491226196289,0.0025156140327453613,True
12,1195,1784807979.4065616,8,0.0189516544342041,0.0023689568042755127,True
12,1196,1784807979.4258428,8,0.020581960678100586,0.0025727450847625732,True
12,1197,1784807979.4471169,8,0.02207803726196289,0.0027597546577453613,True
12,1198,1784807979.469479,8,0.019689321517944336,0.002461165189743042,True
12,1199,1784807979.4895287,8,0.019109487533569336,0.002388685941696167,True
12,1200,1784807979.5093062,8,0.02136850357055664,0.00267106294631958,True
12,1201,1784807979.53128,8,0.020401477813720703,0.002550184726715088,True
12,1202,1784807979.5524793,8,0.01997995376586914,0.0024974942207336426,True
12,1203,1784807979.572761,8,0.020478248596191406,0.0025597810745239258,True
12,1204,1784807979.5938668,8,0.02144169807434082,0.0026802122592926025,True
12,1205,1784807979.6156788,8,0.019949913024902344,0.002493739128112793,True
12,1206,1784807979.6360645,8,0.0196988582611084,0.00246235728263855,True
12,1207,1784807979.6575913,8,0.021336078643798828,0.0026670098304748535,True
12,1208,1784807979.679361,8,0.019025087356567383,0.002378135919570923,True
12,1209,1784807979.6992724,8,0.019570112228393555,0.0024462640285491943,True
12,1210,1784807979.719131,8,0.02226424217224121,0.0027830302715301514,True
12,1211,1784807979.7417867,8,0.01963353157043457,0.0024541914463043213,True
12,1212,1784807979.7617683,8,0.02017998695373535,0.002522498369216919,True
12,1213,1784807979.782295,8,0.01921248435974121,0.0024015605449676514,True
12,1214,1784807979.8026962,8,0.019300222396850586,0.0024125277996063232,True
12,1215,1784807979.822404,8,0.020734310150146484,0.0025917887687683105,True
12,1216,1784807979.8438776,8,0.020792484283447266,0.002599060535430908,True
12,1217,1784807979.8653567,8,0.02129673957824707,0.002662092447280884,True
12,1218,1784807979.8878062,8,0.019333362579345703,0.002416670322418213,True
12,1219,1784807979.9077213,8,0.021103620529174805,0.0026379525661468506,True
12,1220,1784807979.9311023,8,0.020234346389770508,0.0025292932987213135,True
12,1221,1784807979.9520917,8,0.01959538459777832,0.00244942307472229,True
12,1222,1784807979.9722667,8,0.021292686462402344,0.002661585807800293,True
12,1223,1784807979.9941077,8,0.020941734313964844,0.0026177167892456055,True
12,1224,1784807980.0155213,8,0.020090579986572266,0.002511322498321533,True
12,1225,1784807980.0366745,8,0.020251750946044922,0.0025314688682556152,True
12,1226,1784807980.0576653,8,0.02021336555480957,0.0025266706943511963,True
12,1227,1784807980.0783017,8,0.021294832229614258,0.0026618540287017822,True
12,1228,1784807980.1006346,8,0.019776582717895508,0.0024720728397369385,True
12,1229,1784807980.120929,8,0.02001214027404785,0.0025015175342559814,True
12,1230,1784807980.1416159,8,0.01891160011291504,0.00236395001411438,True
12,1231,1784807980.1609702,8,0.02023458480834961,0.002529323101043701,True
12,1232,1784807980.1823292,8,0.020609140396118164,0.0025761425495147705,True
12,1233,1784807980.2034016,8,0.019272565841674805,0.0024090707302093506,True
12,1234,1784807980.2231271,8,0.020782947540283203,0.0025978684425354004,True
12,1235,1784807980.2455184,8,0.018901348114013672,0.002362668514251709,True
12,1236,1784807980.2648263,8,0.020723581314086914,0.0025904476642608643,True
12,1237,1784807980.2859247,8,0.018351078033447266,0.002293884754180908,True
12,1238,1784807980.3050363,8,0.02102208137512207,0.002627760171890259,True
12,1239,1784807980.3267064,8,0.020780086517333984,0.002597510814666748,True
12,1240,1784807980.3479006,8,0.018930912017822266,0.002366364002227783,True
12,1241,1784807980.367486,8,0.01880645751953125,0.0023508071899414062,True
12,1242,1784807980.38671,8,0.021264076232910156,0.0026580095291137695,True
12,1243,1784807980.4084094,8,0.019852161407470703,0.002481520175933838,True
12,1244,1784807980.428832,8,0.019734621047973633,0.002466827630996704,True
12,1245,1784807980.4493113,8,0.02319478988647461,0.002899348735809326,True
12,1246,1784807980.4731524,8,0.017451047897338867,0.0021813809871673584,True
12,1247,1784807980.4910915,8,0.01949024200439453,0.0024362802505493164,True
12,1248,1784807980.5109756,8,0.021037817001342773,0.0026297271251678467,True
12,1249,1784807980.5325055,8,0.018167495727539062,0.002270936965942383,True
12,1250,1784807980.551615,8,0.019465923309326172,0.0024332404136657715,True
12,1251,1784807980.5714378,8,0.022014379501342773,0.0027517974376678467,True
12,1252,1784807980.5939019,8,0.01859140396118164,0.002323925495147705,True
12,1253,1784807980.6128473,8,0.01956939697265625,0.0024461746215820312,True
12,1254,1784807980.6327603,8,0.020213842391967773,0.0025267302989959717,True
12,1255,1784807980.6533718,8,0.018507719039916992,0.002313464879989624,True
12,1256,1784807980.6724758,8,0.021971464157104492,0.0027464330196380615,True
12,1257,1784807980.6955156,8,0.01980304718017578,0.0024753808975219727,True
12,1258,1784807980.716584,8,0.020023822784423828,0.0025029778480529785,True
12,1259,1784807980.7369928,8,0.019061803817749023,0.002382725477218628,True
12,1260,1784807980.7566507,8,0.020439624786376953,0.002554953098297119,True
12,1261,1784807980.7777069,8,0.021191120147705078,0.0026488900184631348,True
12,1262,1784807980.7993617,8,0.019252300262451172,0.0024065375328063965,True
12,1263,1784807980.8191023,8,0.02102494239807129,0.002628117799758911,True
12,1264,1784807980.8412418,8,0.022792816162109375,0.002849102020263672,True
12,1265,1784807980.8645227,8,0.018237590789794922,0.0022796988487243652,True
12,1266,1784807980.8838818,8,0.020649433135986328,0.002581179141998291,True
12,1267,1784807980.9060638,8,0.02001643180847168,0.00250205397605896,True
12,1268,1784807980.9264503,8,0.01998591423034668,0.002498239278793335,True
12,1269,1784807980.9471238,8,0.020108699798583984,0.002513587474822998,True
12,1270,1784807980.9676526,8,0.019440412521362305,0.002430051565170288,True
12,1271,1784807980.9876335,8,0.02046823501586914,0.0025585293769836426,True
12,1272,1784807981.0085642,8,0.01910543441772461,0.002388179302215576,True
12,1273,1784807981.0294237,8,0.023638010025024414,0.0029547512531280518,True
12,1274,1784807981.0537727,8,0.020064115524291992,0.002508014440536499,True
12,1275,1784807981.0741854,8,0.020735502243041992,0.002591937780380249,True
12,1276,1784807981.0959892,8,0.019453048706054688,0.002431631088256836,True
12,1277,1784807981.116096,8,0.020260095596313477,0.0025325119495391846,True
12,1278,1784807981.1368256,8,0.019980669021606445,0.0024975836277008057,True
12,1279,1784807981.1574657,8,0.01897716522216797,0.002372145652770996,True
12,1280,1784807981.1771264,8,0.019437313079833984,0.002429664134979248,True
12,1281,1784807981.1969743,8,0.02057361602783203,0.002571702003479004,True
12,1282,1784807981.21816,8,0.01996779441833496,0.00249597430229187,True
12,1283,1784807981.2396069,8,0.0205535888671875,0.0025691986083984375,True
12,1284,1784807981.2604797,8,0.02094411849975586,0.0026180148124694824,True
12,1285,1784807981.2819161,8,0.018300771713256836,0.0022875964641571045,True
12,1286,1784807981.3016233,8,0.020353317260742188,0.0025441646575927734,True
12,1287,1784807981.3224962,8,0.02196478843688965,0.002745598554611206,True
12,1288,1784807981.3459504,8,0.01924610137939453,0.0024057626724243164,True
12,1289,1784807981.365574,8,0.020591259002685547,0.0025739073753356934,True
12,1290,1784807981.386528,8,0.021604299545288086,0.0027005374431610107,True
12,1291,1784807981.409361,8,0.020603418350219727,0.002575427293777466,True
12,1292,1784807981.4303331,8,0.017963886260986328,0.002245485782623291,True
12,1293,1784807981.4487174,8,0.02002406120300293,0.002503007650375366,True
12,1294,1784807981.4693935,8,0.021147489547729492,0.0026434361934661865,True
12,1295,1784807981.4909942,8,0.021234750747680664,0.002654343843460083,True
12,1296,1784807981.5128925,8,0.018970966339111328,0.002371370792388916,True
12,1297,1784807981.5323513,8,0.021806716918945312,0.002725839614868164,True
12,1298,1784807981.5550098,8,0.021786928176879883,0.0027233660221099854,True
12,1299,1784807981.5776722,8,0.01932835578918457,0.0024160444736480713,True
12,1300,1784807981.597731,8,0.021444082260131836,0.0026805102825164795,True
12,1301,1784807981.6201713,8,0.019178390502929688,0.002397298812866211,True
12,1302,1784807981.6406279,8,0.02468276023864746,0.0030853450298309326,True
12,1303,1784807981.6659646,8,0.0176393985748291,0.0022049248218536377,True
12,1304,1784807981.6841683,8,0.019596099853515625,0.002449512481689453,True
12,1305,1784807981.705684,8,0.01941680908203125,0.0024271011352539062,True
12,1306,1784807981.7254808,8,0.020268917083740234,0.0025336146354675293,True
12,1307,1784807981.7460818,8,0.02184009552001953,0.0027300119400024414,True
12,1308,1784807981.7685354,8,0.020344018936157227,0.0025430023670196533,True
12,1309,1784807981.7895727,8,0.019866466522216797,0.0024833083152770996,True
12,1310,1784807981.810889,8,0.020633697509765625,0.002579212188720703,True
12,1311,1784807981.8319767,8,0.021661043167114258,0.0027076303958892822,True
12,1312,1784807981.8543656,8,0.020190000534057617,0.002523750066757202,True
12,1313,1784807981.8758295,8,0.02206277847290039,0.002757847309112549,True
12,1314,1784807981.8983274,8,0.018808603286743164,0.0023510754108428955,True
12,1315,1784807981.9174886,8,0.020456790924072266,0.002557098865509033,True
12,1316,1784807981.938568,8,0.020108699798583984,0.002513587474822998,True
12,1317,1784807981.9590113,8,0.020127534866333008,0.002515941858291626,True
12,1318,1784807981.9795587,8,0.01944112777709961,0.002430140972137451,True
12,1319,1784807981.9997046,8,0.019138097763061523,0.0023922622203826904,True
12,1320,1784807982.0193365,8,0.02053523063659668,0.002566903829574585,True
12,1321,1784807982.0405385,8,0.021416187286376953,0.002677023410797119,True
12,1322,1784807982.0628765,8,0.02151966094970703,0.002689957618713379,True
12,1323,1784807982.0852625,8,0.019163846969604492,0.0023954808712005615,True
12,1324,1784807982.1056318,8,0.0188596248626709,0.0023574531078338623,True
12,1325,1784807982.1257617,8,0.021181821823120117,0.0026477277278900146,True
12,1326,1784807982.1473587,8,0.01873159408569336,0.00234144926071167,True
12,1327,1784807982.1665735,8,0.020717382431030273,0.002589672803878784,True
12,1328,1784807982.1877308,8,0.020481348037719727,0.002560168504714966,True
12,1329,1784807982.20959,8,0.01941227912902832,0.00242653489112854,True
12,1330,1784807982.229363,8,0.02097630500793457,0.0026220381259918213,True
12,1331,1784807982.251504,8,0.020132780075073242,0.0025165975093841553,True
12,1332,1784807982.2722356,8,0.022286653518676758,0.0027858316898345947,True
12,1333,1784807982.2948577,8,0.016462326049804688,0.002057790756225586,True
12,1334,1784807982.3118968,8,0.020273923873901367,0.002534240484237671,True
12,1335,1784807982.3326013,8,0.02225351333618164,0.002781689167022705,True
12,1336,1784807982.3552504,8,0.019339323043823242,0.0024174153804779053,True
12,1337,1784807982.375455,8,0.020677804946899414,0.0025847256183624268,True
12,1338,1784807982.3974142,8,0.020460128784179688,0.002557516098022461,True
12,1339,1784807982.4184935,8,0.020281314849853516,0.0025351643562316895,True
12,1340,1784807982.4391506,8,0.018974781036376953,0.002371847629547119,True
12,1341,1784807982.4583936,8,0.019933462142944336,0.002491682767868042,True
12,1342,1784807982.4787402,8,0.02093982696533203,0.002617478370666504,True
12,1343,1784807982.5001762,8,0.02024984359741211,0.0025312304496765137,True
12,1344,1784807982.521205,8,0.019970178604125977,0.002496272325515747,True
12,1345,1784807982.541584,8,0.019657135009765625,0.002457141876220703,True
12,1346,1784807982.5622487,8,0.019201993942260742,0.0024002492427825928,True
12,1347,1784807982.5824044,8,0.019841670989990234,0.0024802088737487793,True
12,1348,1784807982.6026306,8,0.01944756507873535,0.002430945634841919,True
12,1349,1784807982.6225595,8,0.019338607788085938,0.002417325973510742,True
12,1350,1784807982.642512,8,0.020874738693237305,0.002609342336654663,True
12,1351,1784807982.6637006,8,0.019658327102661133,0.0024572908878326416,True
12,1352,1784807982.684167,8,0.0214688777923584,0.0026836097240448,True
12,1353,1784807982.7061064,8,0.02007913589477539,0.002509891986846924,True
12,1354,1784807982.7267513,8,0.02043437957763672,0.00255429744720459,True
12,1355,1784807982.7485483,8,0.020794153213500977,0.002599269151687622,True
12,1356,1784807982.7697978,8,0.0194854736328125,0.0024356842041015625,True
12,1357,1784807982.7897825,8,0.01982879638671875,0.0024785995483398438,True
12,1358,1784807982.81009,8,0.01966094970703125,0.0024576187133789062,True
12,1359,1784807982.8301635,8,0.02072429656982422,0.0025905370712280273,True
12,1360,1784807982.8517683,8,0.018607616424560547,0.0023259520530700684,True
12,1361,1784807982.871385,8,0.020752906799316406,0.0025941133499145508,True
12,1362,1784807982.8928564,8,0.02178359031677246,0.0027229487895965576,True
12,1363,1784807982.9152076,8,0.021277904510498047,0.002659738063812256,True
12,1364,1784807982.9372113,8,0.022300004959106445,0.0027875006198883057,True
12,1365,1784807982.9601111,8,0.020067453384399414,0.0025084316730499268,True
12,1366,1784807982.9806395,8,0.020013093948364258,0.0025016367435455322,True
12,1367,1784807983.0028975,8,0.01792454719543457,0.0022405683994293213,True
12,1368,1784807983.0217576,8,0.020709514617919922,0.0025886893272399902,True
12,1369,1784807983.042807,8,0.020345449447631836,0.0025431811809539795,True
12,1370,1784807983.063527,8,0.020938396453857422,0.0026172995567321777,True
12,1371,1784807983.0852017,8,0.018853187561035156,0.0023566484451293945,True
12,1372,1784807983.1046011,8,0.02150106430053711,0.0026876330375671387,True
12,1373,1784807983.126402,8,0.019427061080932617,0.002428382635116577,True
12,1374,1784807983.1461527,8,0.020674943923950195,0.0025843679904937744,True
12,1375,1784807983.167519,8,0.02175736427307129,0.002719670534133911,True
12,1376,1784807983.1897142,8,0.019114255905151367,0.002389281988143921,True
12,1377,1784807983.2095659,8,0.019353389739990234,0.0024191737174987793,True
12,1378,1784807983.2306452,8,0.019488811492919922,0.0024361014366149902,True
12,1379,1784807983.2512228,8,0.01899886131286621,0.0023748576641082764,True
12,1380,1784807983.2716296,8,0.021450519561767578,0.0026813149452209473,True
12,1381,1784807983.2936962,8,0.019860029220581055,0.002482503652572632,True
12,1382,1784807983.3141835,8,0.02176833152770996,0.002721041440963745,True
12,1383,1784807983.3368886,8,0.019269466400146484,0.0024086833000183105,True
12,1384,1784807983.3566308,8,0.020485401153564453,0.0025606751441955566,True
12,1385,1784807983.3779755,8,0.021955490112304688,0.002744436264038086,True
12,1386,1784807983.400584,8,0.01940631866455078,0.0024257898330688477,True
12,1387,1784807983.4205606,8,0.019759416580200195,0.0024699270725250244,True
12,1388,1784807983.4408617,8,0.019420146942138672,0.002427518367767334,True
12,1389,1784807983.461049,8,0.02177596092224121,0.0027219951152801514,True
12,1390,1784807983.4834998,8,0.01962757110595703,0.002453446388244629,True
12,1391,1784807983.5035152,8,0.018173933029174805,0.0022717416286468506,True
12,1392,1784807983.5222983,8,0.019881725311279297,0.002485215663909912,True
12,1393,1784807983.542948,8,0.019072532653808594,0.0023840665817260742,True
12,1394,1784807983.56236,8,0.018776893615722656,0.002347111701965332,True
12,1395,1784807983.581429,8,0.021535634994506836,0.0026919543743133545,True
12,1396,1784807983.603625,8,0.018358469009399414,0.0022948086261749268,True
12,1397,1784807983.622376,8,0.022030353546142578,0.0027537941932678223,True
12,1398,1784807983.6453054,8,0.018687009811401367,0.002335876226425171,True
12,1399,1784807983.6645725,8,0.02163410186767578,0.0027042627334594727,True
12,1400,1784807983.686655,8,0.01963973045349121,0.0024549663066864014,True
12,1401,1784807983.7067885,8,0.019751548767089844,0.0024689435958862305,True
12,1402,1784807983.727836,8,0.018995046615600586,0.0023743808269500732,True
12,1403,1784807983.7473078,8,0.02053523063659668,0.002566903829574585,True
12,1404,1784807983.768462,8,0.020005226135253906,0.0025006532669067383,True
12,1405,1784807983.7889795,8,0.0193479061126709,0.0024184882640838623,True
12,1406,1784807983.8087475,8,0.021456003189086914,0.0026820003986358643,True
12,1407,1784807983.83063,8,0.01971745491027832,0.00246468186378479,True
12,1408,1784807983.8507226,8,0.01883983612060547,0.0023549795150756836,True
12,1409,1784807983.8700356,8,0.020138025283813477,0.0025172531604766846,True
12,1410,1784807983.892019,8,0.019348621368408203,0.0024185776710510254,True
12,1411,1784807983.9121778,8,0.02080702781677246,0.0026008784770965576,True
12,1412,1784807983.933348,8,0.021254539489746094,0.0026568174362182617,True
12,1413,1784807983.9552207,8,0.021173715591430664,0.002646714448928833,True
12,1414,1784807983.9772644,8,0.021099567413330078,0.0026374459266662598,True
12,1415,1784807983.998707,8,0.02082538604736328,0.00260317325592041,True
12,1416,1784807984.0200622,8,0.023752212524414062,0.002969026565551758,True
12,1417,1784807984.0448987,8,0.016704082489013672,0.002088010311126709,True
12,1418,1784807984.0622487,8,0.018290281295776367,0.002286285161972046,True
12,1419,1784807984.0812094,8,0.020838260650634766,0.0026047825813293457,True
12,1420,1784807984.102539,8,0.019020557403564453,0.0023775696754455566,True
12,1421,1784807984.1220002,8,0.018877744674682617,0.002359718084335327,True
12,1422,1784807984.1430688,8,0.01932811737060547,0.0024160146713256836,True
12,1423,1784807984.1634552,8,0.02049708366394043,0.0025621354579925537,True
12,1424,1784807984.1845102,8,0.019364118576049805,0.0024205148220062256,True
12,1425,1784807984.2042654,8,0.021316051483154297,0.002664506435394287,True
12,1426,1784807984.2259707,8,0.021645784378051758,0.0027057230472564697,True
12,1427,1784807984.2480145,8,0.020832061767578125,0.0026040077209472656,True
12,1428,1784807984.2699852,8,0.017714977264404297,0.002214372158050537,True
12,1429,1784807984.2888973,8,0.019830942153930664,0.002478867769241333,True
12,1430,1784807984.309106,8,0.020737171173095703,0.002592146396636963,True
12,1431,1784807984.3302872,8,0.019860267639160156,0.0024825334548950195,True
12,1432,1784807984.3507915,8,0.02004241943359375,0.0025053024291992188,True
12,1433,1784807984.3714108,8,0.019400596618652344,0.002425074577331543,True
12,1434,1784807984.3916106,8,0.018574237823486328,0.002321779727935791,True
12,1435,1784807984.4105456,8,0.020612001419067383,0.002576500177383423,True
12,1436,1784807984.4314919,8,0.020596027374267578,0.0025745034217834473,True
12,1437,1784807984.452749,8,0.020805835723876953,0.002600729465484619,True
12,1438,1784807984.4740202,8,0.019713401794433594,0.0024641752243041992,True
12,1439,1784807984.4941773,8,0.020935535430908203,0.0026169419288635254,True
12,1440,1784807984.515726,8,0.019870281219482422,0.0024837851524353027,True
12,1441,1784807984.536384,8,0.020078659057617188,0.0025098323822021484,True
12,1442,1784807984.5571308,8,0.020537853240966797,0.0025672316551208496,True
12,1443,1784807984.5781486,8,0.020438194274902344,0.002554774284362793,True
12,1444,1784807984.598998,8,0.02004528045654297,0.002505660057067871,True
12,1445,1784807984.6195526,8,0.02314138412475586,0.0028926730155944824,True
12,1446,1784807984.643106,8,0.01791095733642578,0.0022388696670532227,True
12,1447,1784807984.6614468,8,0.021701335906982422,0.0027126669883728027,True
12,1448,1784807984.6835394,8,0.02010512351989746,0.0025131404399871826,True
12,1449,1784807984.704104,8,0.019119977951049805,0.0023899972438812256,True
12,1450,1784807984.723775,8,0.02092123031616211,0.0026151537895202637,True
12,1451,1784807984.7450156,8,0.02080702781677246,0.0026008784770965576,True
12,1452,1784807984.766207,8,0.020831823348999023,0.002603977918624878,True
12,1453,1784807984.787805,8,0.023351669311523438,0.0029189586639404297,True
12,1454,1784807984.8114903,8,0.01824355125427246,0.0022804439067840576,True
12,1455,1784807984.8304684,8,0.018776416778564453,0.0023470520973205566,True
12,1456,1784807984.8496084,8,0.0208132266998291,0.0026016533374786377,True
12,1457,1784807984.870716,8,0.019276142120361328,0.002409517765045166,True
12,1458,1784807984.8913019,8,0.02159261703491211,0.0026990771293640137,True
12,1459,1784807984.9132354,8,0.01989293098449707,0.002486616373062134,True
12,1460,1784807984.9337397,8,0.021320581436157227,0.0026650726795196533,True
12,1461,1784807984.9554574,8,0.021820068359375,0.002727508544921875,True
12,1462,1784807984.977789,8,0.020006418228149414,0.0025008022785186768,True
12,1463,1784807984.9981716,8,0.019075870513916016,0.002384483814239502,True
12,1464,1784807985.0181768,8,0.02150893211364746,0.0026886165142059326,True
12,1465,1784807985.0405052,8,0.019511699676513672,0.002438962459564209,True
12,1466,1784807985.060641,8,0.019699573516845703,0.002462446689605713,True
12,1467,1784807985.0807571,8,0.020217180252075195,0.0025271475315093994,True
12,1468,1784807985.1016142,8,0.020362377166748047,0.002545297145843506,True
12,1469,1784807985.122684,8,0.019213438034057617,0.002401679754257202,True
12,1470,1784807985.1423151,8,0.020658254623413086,0.0025822818279266357,True
12,1471,1784807985.1634598,8,0.020401954650878906,0.0025502443313598633,True
12,1472,1784807985.1842651,8,0.02078533172607422,0.0025981664657592773,True
12,1473,1784807985.2071786,8,0.021112918853759766,0.0026391148567199707,True
12,1474,1784807985.2311053,8,0.013604164123535156,0.0017005205154418945,True
12,1475,1784807985.2451663,8,0.021338224411010742,0.0026672780513763428,True
12,1476,1784807985.267018,8,0.019147872924804688,0.002393484115600586,True
12,1477,1784807985.2865815,8,0.02131938934326172,0.002664923667907715,True
12,1478,1784807985.308295,8,0.019423246383666992,0.002427905797958374,True
12,1479,1784807985.3284059,8,0.01957416534423828,0.002446770668029785,True
12,1480,1784807985.3484151,8,0.019339323043823242,0.0024174153804779053,True
12,1481,1784807985.3684087,8,0.019464492797851562,0.0024330615997314453,True
12,1482,1784807985.3887167,8,0.019325733184814453,0.0024157166481018066,True
12,1483,1784807985.4084785,8,0.019056320190429688,0.002382040023803711,True
12,1484,1784807985.4278746,8,0.019399642944335938,0.002424955368041992,True
12,1485,1784807985.4477935,8,0.020465850830078125,0.0025582313537597656,True
12,1486,1784807985.4703417,8,0.020824432373046875,0.0026030540466308594,True
12,1487,1784807985.4916747,8,0.018703222274780273,0.002337902784347534,True
12,1488,1784807985.5112927,8,0.021148204803466797,0.0026435256004333496,True
12,1489,1784807985.5334554,8,0.019936800003051758,0.0024921000003814697,True
12,1490,1784807985.5539262,8,0.019924640655517578,0.0024905800819396973,True
12,1491,1784807985.5753577,8,0.01969623565673828,0.002462029457092285,True
12,1492,1784807985.595608,8,0.019703388214111328,0.002462923526763916,True
12,1493,1784807985.615731,8,0.02159428596496582,0.0026992857456207275,True
12,1494,1784807985.6383636,8,0.019428253173828125,0.0024285316467285156,True
12,1495,1784807985.6587691,8,0.020804405212402344,0.002600550651550293,True
12,1496,1784807985.6798682,8,0.020900726318359375,0.002612590789794922,True
12,1497,1784807985.7011611,8,0.019733667373657227,0.0024667084217071533,True
12,1498,1784807985.7212489,8,0.020932435989379883,0.0026165544986724854,True
12,1499,1784807985.7426083,8,0.019661664962768555,0.0024577081203460693,True
12,1500,1784807985.7625666,8,0.019877910614013672,0.002484738826751709,True
12,1501,1784807985.7828255,8,0.02031421661376953,0.0025392770767211914,True
12,1502,1784807985.804214,8,0.020911693572998047,0.002613961696624756,True
12,1503,1784807985.8288794,8,0.01627182960510254,0.0020339787006378174,True
12,1504,1784807985.8458943,8,0.021445512771606445,0.0026806890964508057,True
12,1505,1784807985.8713934,8,0.019871234893798828,0.0024839043617248535,True
12,1506,1784807985.8917904,8,0.020437240600585938,0.002554655075073242,True
12,1507,1784807985.9126937,8,0.02114081382751465,0.002642601728439331,True
12,1508,1784807985.934788,8,0.017961740493774414,0.0022452175617218018,True
12,1509,1784807985.9533427,8,0.02144932746887207,0.002681165933609009,True
12,1510,1784807985.9754708,8,0.01966404914855957,0.0024580061435699463,True
12,1511,1784807985.9958963,8,0.020479917526245117,0.0025599896907806396,True
12,1512,1784807986.0170617,8,0.019698381423950195,0.0024622976779937744,True
12,1513,1784807986.037082,8,0.02022266387939453,0.0025278329849243164,True
12,1514,1784807986.0577803,8,0.020018815994262695,0.002502351999282837,True
12,1515,1784807986.0782404,8,0.020679950714111328,0.002584993839263916,True
12,1516,1784807986.099375,8,0.02051091194152832,0.00256386399269104,True
12,1517,1784807986.1202805,8,0.020819425582885742,0.0026024281978607178,True
12,1518,1784807986.1420128,8,0.019778966903686523,0.0024723708629608154,True
12,1519,1784807986.1623092,8,0.019520282745361328,0.002440035343170166,True
12,1520,1784807986.1827292,8,0.016904830932617188,0.0021131038665771484,True
12,1521,1784807986.200002,8,0.019648313522338867,0.0024560391902923584,True
12,1522,1784807986.2204792,8,0.01906132698059082,0.0023826658725738525,True
12,1523,1784807986.2399387,8,0.01878046989440918,0.0023475587368011475,True
12,1524,1784807986.259368,8,0.019756317138671875,0.0024695396423339844,True
12,1525,1784807986.2794986,8,0.022018909454345703,0.002752363681793213,True
12,1526,1784807986.3022032,8,0.01999068260192871,0.002498835325241089,True
12,1527,1784807986.3240156,8,0.018024206161499023,0.002253025770187378,True
12,1528,1784807986.3429122,8,0.018100738525390625,0.002262592315673828,True
12,1529,1784807986.3613343,8,0.020181655883789062,0.002522706985473633,True
12,1530,1784807986.382411,8,0.019585371017456055,0.002448171377182007,True
12,1531,1784807986.4024515,8,0.024853229522705078,0.0031066536903381348,True
12,1532,1784807986.428633,8,0.01782059669494629,0.002227574586868286,True
12,1533,1784807986.4467316,8,0.022794723510742188,0.0028493404388427734,True
12,1534,1784807986.4700835,8,0.017470836639404297,0.002183854579925537,True
12,1535,1784807986.4884043,8,0.02046680450439453,0.0025583505630493164,True
12,1536,1784807986.5097613,8,0.021239042282104492,0.0026548802852630615,True
12,1537,1784807986.5314116,8,0.020761966705322266,0.002595245838165283,True
12,1538,1784807986.5528,8,0.02068185806274414,0.0025852322578430176,True
12,1539,1784807986.5738454,8,0.01959395408630371,0.002449244260787964,True
12,1540,1784807986.5939791,8,0.01883864402770996,0.002354830503463745,True
12,1541,1784807986.613271,8,0.019864320755004883,0.0024830400943756104,True
12,1542,1784807986.6335886,8,0.02120041847229004,0.002650052309036255,True
12,1543,1784807986.6552465,8,0.02099919319152832,0.00262489914894104,True
12,1544,1784807986.676927,8,0.022351503372192383,0.002793937921524048,True
12,1545,1784807986.6997123,8,0.01997995376586914,0.0024974942207336426,True
12,1546,1784807986.7202997,8,0.019356489181518555,0.0024195611476898193,True
12,1547,1784807986.7399778,8,0.02018451690673828,0.002523064613342285,True
12,1548,1784807986.760415,8,0.020409345626831055,0.002551168203353882,True
12,1549,1784807986.7810693,8,0.020116329193115234,0.0025145411491394043,True
12,1550,1784807986.8015509,8,0.018544673919677734,0.002318084239959717,True
12,1551,1784807986.8203516,8,0.022889375686645508,0.0028611719608306885,True
12,1552,1784807986.8437848,8,0.017633914947509766,0.0022042393684387207,True
12,1553,1784807986.862151,8,0.021464824676513672,0.002683103084564209,True
12,1554,1784807986.8841166,8,0.020188570022583008,0.002523571252822876,True
12,1555,1784807986.9059052,8,0.01868462562561035,0.002335578203201294,True
12,1556,1784807986.9249275,8,0.020282268524169922,0.0025352835655212402,True
12,1557,1784807986.945544,8,0.018661975860595703,0.002332746982574463,True
12,1558,1784807986.9644592,8,0.019901037216186523,0.0024876296520233154,True
12,1559,1784807986.9847584,8,0.01858830451965332,0.002323538064956665,True
12,1560,1784807987.0037458,8,0.01824951171875,0.00228118896484375,True
12,1561,1784807987.0224934,8,0.019570350646972656,0.002446293830871582,True
12,1562,1784807987.0423603,8,0.018930435180664062,0.002366304397583008,True
12,1563,1784807987.062178,8,0.019083261489868164,0.0023854076862335205,True
12,1564,1784807987.0817866,8,0.02050471305847168,0.00256308913230896,True
12,1565,1784807987.102656,8,0.019847393035888672,0.002480924129486084,True
12,1566,1784807987.1230335,8,0.02129077911376953,0.0026613473892211914,True
12,1567,1784807987.1455426,8,0.02052021026611328,0.00256502628326416,True
12,1568,1784807987.1664932,8,0.01836371421813965,0.002295464277267456,True
12,1569,1784807987.1851177,8,0.020264387130737305,0.002533048391342163,True
12,1570,1784807987.2057893,8,0.0195159912109375,0.0024394989013671875,True
12,1571,1784807987.2257032,8,0.02153801918029785,0.0026922523975372314,True
12,1572,1784807987.2475693,8,0.019107580184936523,0.0023884475231170654,True
12,1573,1784807987.2672505,8,0.021640539169311523,0.0027050673961639404,True
12,1574,1784807987.2899637,8,0.017857074737548828,0.0022321343421936035,True
12,1575,1784807987.3084378,8,0.019721269607543945,0.002465158700942993,True
12,1576,1784807987.3285105,8,0.020133495330810547,0.0025166869163513184,True
12,1577,1784807987.3489282,8,0.018323898315429688,0.002290487289428711,True
12,1578,1784807987.3676913,8,0.020552396774291992,0.002569049596786499,True
12,1579,1784807987.3886662,8,0.02094268798828125,0.0026178359985351562,True
12,1580,1784807987.4099436,8,0.020241975784301758,0.0025302469730377197,True
12,1581,1784807987.4304724,8,0.021131515502929688,0.002641439437866211,True
12,1582,1784807987.451885,8,0.019704341888427734,0.002463042736053467,True
12,1583,1784807987.4719455,8,0.020960092544555664,0.002620011568069458,True
12,1584,1784807987.494167,8,0.02344822883605957,0.0029310286045074463,True
12,1585,1784807987.5179818,8,0.015616893768310547,0.0019521117210388184,True
12,1586,1784807987.534087,8,0.021154165267944336,0.002644270658493042,True
12,1587,1784807987.5556235,8,0.0185089111328125,0.0023136138916015625,True
12,1588,1784807987.5747862,8,0.02050018310546875,0.0025625228881835938,True
12,1589,1784807987.5966973,8,0.01905989646911621,0.0023824870586395264,True
12,1590,1784807987.6160748,8,0.020128965377807617,0.002516120672225952,True
12,1591,1784807987.6365726,8,0.02051377296447754,0.0025642216205596924,True
12,1592,1784807987.6574044,8,0.01939249038696289,0.0024240612983703613,True
12,1593,1784807987.677145,8,0.01916217803955078,0.0023952722549438477,True
12,1594,1784807987.6966643,8,0.019239425659179688,0.002404928207397461,True
12,1595,1784807987.716216,8,0.022150516510009766,0.0027688145637512207,True
12,1596,1784807987.73886,8,0.019951820373535156,0.0024939775466918945,True
12,1597,1784807987.7592223,8,0.020444393157958984,0.002555549144744873,True
12,1598,1784807987.7804046,8,0.01787710189819336,0.00223463773727417,True
12,1599,1784807987.798592,8,0.019683122634887695,0.002460390329360962,True
12,1600,1784807987.8185825,8,0.0187070369720459,0.0023383796215057373,True
12,1601,1784807987.8377688,8,0.020064353942871094,0.0025080442428588867,True
12,1602,1784807987.858168,8,0.019622325897216797,0.0024527907371520996,True
12,1603,1784807987.8781574,8,0.018513202667236328,0.002314150333404541,True
12,1604,1784807987.8970501,8,0.02007150650024414,0.0025089383125305176,True
12,1605,1784807987.9174492,8,0.019908905029296875,0.0024886131286621094,True
12,1606,1784807987.9378698,8,0.018778324127197266,0.002347290515899658,True
12,1607,1784807987.9570065,8,0.021159887313842773,0.0026449859142303467,True
12,1608,1784807987.9793794,8,0.01887679100036621,0.0023595988750457764,True
12,1609,1784807987.9985878,8,0.019537687301635742,0.0024422109127044678,True
12,1610,1784807988.0186436,8,0.018839597702026367,0.002354949712753296,True
12,1611,1784807988.038056,8,0.02367544174194336,0.00295943021774292,True
12,1612,1784807988.0627313,8,0.01417231559753418,0.0017715394496917725,True
12,1613,1784807988.0771773,8,0.020428180694580078,0.0025535225868225098,True
12,1614,1784807988.0979853,8,0.019436120986938477,0.0024295151233673096,True
12,1615,1784807988.1179984,8,0.0206298828125,0.0025787353515625,True
12,1616,1784807988.138951,8,0.018565654754638672,0.002320706844329834,True
12,1617,1784807988.1578364,8,0.019985198974609375,0.002498149871826172,True
12,1618,1784807988.1781423,8,0.019974470138549805,0.0024968087673187256,True
12,1619,1784807988.1984003,8,0.021528244018554688,0.002691030502319336,True
12,1620,1784807988.2203326,8,0.02026963233947754,0.0025337040424346924,True
12,1621,1784807988.2409558,8,0.018996715545654297,0.002374589443206787,True
12,1622,1784807988.2602868,8,0.019582748413085938,0.002447843551635742,True
12,1623,1784807988.2801788,8,0.02255702018737793,0.002819627523422241,True
12,1624,1784807988.3031125,8,0.020187854766845703,0.002523481845855713,True
12,1625,1784807988.3238888,8,0.019108057022094727,0.002388507127761841,True
12,1626,1784807988.3438964,8,0.020949125289916992,0.002618640661239624,True
12,1627,1784807988.365404,8,0.020226001739501953,0.002528250217437744,True
12,1628,1784807988.3864453,8,0.019295692443847656,0.002411961555480957,True
12,1629,1784807988.4061449,8,0.02156352996826172,0.002695441246032715,True
12,1630,1784807988.4282331,8,0.019554853439331055,0.002444356679916382,True
12,1631,1784807988.448271,8,0.017873764038085938,0.002234220504760742,True
12,1632,1784807988.4664533,8,0.021199464797973633,0.002649933099746704,True
12,1633,1784807988.4882762,8,0.018703222274780273,0.002337902784347534,True
12,1634,1784807988.507393,8,0.01957392692565918,0.0024467408657073975,True
12,1635,1784807988.528324,8,0.020923376083374023,0.002615422010421753,True
12,1636,1784807988.5497115,8,0.020102500915527344,0.002512812614440918,True
12,1637,1784807988.5712926,8,0.01949787139892578,0.0024372339248657227,True
12,1638,1784807988.5912151,8,0.021651029586791992,0.002706378698348999,True
12,1639,1784807988.6133769,8,0.028447628021240234,0.0035559535026550293,True
12,1640,1784807988.6422696,8,0.019373178482055664,0.002421647310256958,True
12,1641,1784807988.6621423,8,0.018722057342529297,0.002340257167816162,True
12,1642,1784807988.6811776,8,0.0251922607421875,0.0031490325927734375,True
12,1643,1784807988.7066278,8,0.022767305374145508,0.0028459131717681885,True
12,1644,1784807988.7297325,8,0.019681692123413086,0.0024602115154266357,True
12,1645,1784807988.7497783,8,0.021680593490600586,0.0027100741863250732,True
12,1646,1784807988.771769,8,0.019711017608642578,0.0024638772010803223,True
12,1647,1784807988.7919352,8,0.021271467208862305,0.002658933401107788,True
12,1648,1784807988.8135877,8,0.019573211669921875,0.0024466514587402344,True
12,1649,1784807988.833629,8,0.021049022674560547,0.0026311278343200684,True
12,1650,1784807988.8555667,8,0.019527673721313477,0.0024409592151641846,True
12,1651,1784807988.8754432,8,0.020987272262573242,0.0026234090328216553,True
12,1652,1784807988.8973103,8,0.018193960189819336,0.002274245023727417,True
12,1653,1784807988.9160016,8,0.020458459854125977,0.002557307481765747,True
12,1654,1784807988.9369192,8,0.019296646118164062,0.002412080764770508,True
12,1655,1784807988.956588,8,0.01881861686706543,0.0023523271083831787,True
12,1656,1784807988.9765534,8,0.018922090530395508,0.0023652613162994385,True
12,1657,1784807988.9969184,8,0.01962113380432129,0.002452641725540161,True
12,1658,1784807989.0172958,8,0.021101713180541992,0.002637714147567749,True
12,1659,1784807989.0390162,8,0.019833087921142578,0.0024791359901428223,True
12,1660,1784807989.0602775,8,0.01905345916748047,0.0023816823959350586,True
12,1661,1784807989.0806894,8,0.018508434295654297,0.002313554286956787,True
12,1662,1784807989.0995486,8,0.02322101593017578,0.0029026269912719727,True
12,1663,1784807989.1230626,8,0.01978778839111328,0.00247347354888916,True
12,1664,1784807989.1433008,8,0.021430253982543945,0.002678781747817993,True
12,1665,1784807989.1656094,8,0.019181489944458008,0.002397686243057251,True
12,1666,1784807989.1852155,8,0.021030426025390625,0.002628803253173828,True
12,1667,1784807989.206734,8,0.020572185516357422,0.0025715231895446777,True
12,1668,1784807989.2277393,8,0.02719259262084961,0.003399074077606201,True
12,1669,1784807989.2558234,8,0.0200958251953125,0.0025119781494140625,True
12,1670,1784807989.2763443,8,0.02140069007873535,0.002675086259841919,True
12,1671,1784807989.298549,8,0.01949763298034668,0.002437204122543335,True
12,1672,1784807989.318579,8,0.02075934410095215,0.0025949180126190186,True
12,1673,1784807989.3397653,8,0.019766569137573242,0.0024708211421966553,True
12,1674,1784807989.3612843,8,0.019922733306884766,0.0024903416633605957,True
12,1675,1784807989.383554,8,0.01721024513244629,0.002151280641555786,True
12,1676,1784807989.4014306,8,0.01938343048095703,0.002422928810119629,True
12,1677,1784807989.4217813,8,0.023472070693969727,0.002934008836746216,True
12,1678,1784807989.4458048,8,0.019034385681152344,0.002379298210144043,True
12,1679,1784807989.4656425,8,0.019698619842529297,0.002462327480316162,True
12,1680,1784807989.4857721,8,0.020861387252807617,0.002607673406600952,True
12,1681,1784807989.5074522,8,0.01972651481628418,0.0024658143520355225,True
12,1682,1784807989.5279796,8,0.01908731460571289,0.0023859143257141113,True
12,1683,1784807989.5476596,8,0.02060222625732422,0.0025752782821655273,True
12,1684,1784807989.5689113,8,0.01993727684020996,0.002492159605026245,True
12,1685,1784807989.589289,8,0.020254135131835938,0.002531766891479492,True
12,1686,1784807989.610085,8,0.01901984214782715,0.0023774802684783936,True
12,1687,1784807989.6294136,8,0.021604537963867188,0.0027005672454833984,True
12,1688,1784807989.6513138,8,0.02072906494140625,0.0025911331176757812,True
12,1689,1784807989.673178,8,0.019639968872070312,0.002454996109008789,True
12,1690,1784807989.6937044,8,0.02059340476989746,0.0025741755962371826,True
12,1691,1784807989.71468,8,0.01986408233642578,0.0024830102920532227,True
12,1692,1784807989.7351127,8,0.019943952560424805,0.0024929940700531006,True
12,1693,1784807989.7558408,8,0.021597862243652344,0.002699732780456543,True
12,1694,1784807989.7785323,8,0.01817035675048828,0.002271294593811035,True
12,1695,1784807989.7982676,8,0.023268461227416992,0.002908557653427124,True
12,1696,1784807989.822159,8,0.019166231155395508,0.0023957788944244385,True
12,1697,1784807989.841834,8,0.019280672073364258,0.0024100840091705322,True
12,1698,1784807989.8626585,8,0.019919395446777344,0.002489924430847168,True
12,1699,1784807989.883139,8,0.019287109375,0.002410888671875,True
12,1700,1784807989.903271,8,0.02084803581237793,0.002606004476547241,True
12,1701,1784807989.924919,8,0.02429962158203125,0.0030374526977539062,True
12,1702,1784807989.9496415,8,0.018531322479248047,0.002316415309906006,True
12,1703,1784807989.968693,8,0.020774126052856445,0.0025967657566070557,True
12,1704,1784807989.9901557,8,0.0194091796875,0.0024261474609375,True
12,1705,1784807990.0104141,8,0.018513917922973633,0.002314239740371704,True
12,1706,1784807990.0302887,8,0.019609689712524414,0.0024512112140655518,True
12,1707,1784807990.0503054,8,0.019449710845947266,0.002431213855743408,True
12,1708,1784807990.0701678,8,0.020184755325317383,0.002523094415664673,True
12,1709,1784807990.0911734,8,0.020090341567993164,0.0025112926959991455,True
12,1710,1784807990.1129887,8,0.02039957046508789,0.0025499463081359863,True
12,1711,1784807990.1356018,8,0.022034883499145508,0.0027543604373931885,True
12,1712,1784807990.158009,8,0.020131587982177734,0.002516448497772217,True
12,1713,1784807990.1788006,8,0.020904064178466797,0.0026130080223083496,True
12,1714,1784807990.2001119,8,0.021724462509155273,0.002715557813644409,True
12,1715,1784807990.222284,8,0.020586252212524414,0.0025732815265655518,True
12,1716,1784807990.244124,8,0.018636465072631836,0.0023295581340789795,True
12,1717,1784807990.2634125,8,0.019536972045898438,0.0024421215057373047,True
12,1718,1784807990.283484,8,0.01863694190979004,0.002329617738723755,True
12,1719,1784807990.3027062,8,0.0213620662689209,0.0026702582836151123,True
12,1720,1784807990.3245757,8,0.019318580627441406,0.0024148225784301758,True
12,1721,1784807990.3459406,8,0.016788005828857422,0.0020985007286071777,True
12,1722,1784807990.363202,8,0.018671512603759766,0.0023339390754699707,True
12,1723,1784807990.3822916,8,0.02189040184020996,0.002736300230026245,True
12,1724,1784807990.40456,8,0.02160048484802246,0.0027000606060028076,True
12,1725,1784807990.4265049,8,0.01834249496459961,0.002292811870574951,True
12,1726,1784807990.445205,8,0.01976180076599121,0.0024702250957489014,True
12,1727,1784807990.4654195,8,0.01810598373413086,0.0022632479667663574,True
12,1728,1784807990.485799,8,0.019715070724487305,0.002464383840560913,True
12,1729,1784807990.506075,8,0.01838374137878418,0.0022979676723480225,True
12,1730,1784807990.5249803,8,0.021450519561767578,0.0026813149452209473,True
12,1731,1784807990.5474107,8,0.018886804580688477,0.0023608505725860596,True
12,1732,1784807990.5673964,8,0.02189946174621582,0.0027374327182769775,True
12,1733,1784807990.5906677,8,0.020592927932739258,0.0025741159915924072,True
12,1734,1784807990.6121345,8,0.020269155502319336,0.002533644437789917,True
12,1735,1784807990.6328952,8,0.01978158950805664,0.00247269868850708,True
12,1736,1784807990.653292,8,0.01995539665222168,0.00249442458152771,True
12,1737,1784807990.6737556,8,0.019610166549682617,0.002451270818710327,True
12,1738,1784807990.6943514,8,0.019222021102905273,0.002402752637863159,True
12,1739,1784807990.714975,8,0.020187854766845703,0.002523481845855713,True
12,1740,1784807990.735437,8,0.019301652908325195,0.0024127066135406494,True
12,1741,1784807990.7550867,8,0.02022528648376465,0.002528160810470581,True
12,1742,1784807990.7766595,8,0.017901182174682617,0.002237647771835327,True
12,1743,1784807990.7949746,8,0.021332740783691406,0.0026665925979614258,True
12,1744,1784807990.817252,8,0.018238067626953125,0.0022797584533691406,True
12,1745,1784807990.8361251,8,0.019129037857055664,0.002391129732131958,True
12,1746,1784807990.8557014,8,0.01956462860107422,0.0024455785751342773,True
12,1747,1784807990.8762724,8,0.017714738845825195,0.0022143423557281494,True
12,1748,1784807990.8952303,8,0.019385099411010742,0.0024231374263763428,True
12,1749,1784807990.9159575,8,0.019096851348876953,0.002387106418609619,True
12,1750,1784807990.9353864,8,0.01925802230834961,0.002407252788543701,True
12,1751,1784807990.955129,8,0.020274639129638672,0.002534329891204834,True
12,1752,1784807990.976102,8,0.019278287887573242,0.0024097859859466553,True
12,1753,1784807990.9957597,8,0.02161431312561035,0.002701789140701294,True
12,1754,1784807991.0185328,8,0.020356416702270508,0.0025445520877838135,True
12,1755,1784807991.0393162,8,0.020468950271606445,0.0025586187839508057,True
12,1756,1784807991.0600574,8,0.018207311630249023,0.002275913953781128,True
12,1757,1784807991.078982,8,0.019328594207763672,0.002416074275970459,True
12,1758,1784807991.0991552,8,0.018294334411621094,0.0022867918014526367,True
12,1759,1784807991.1181235,8,0.018445491790771484,0.0023056864738464355,True
12,1760,1784807991.1373277,8,0.018938779830932617,0.002367347478866577,True
12,1761,1784807991.15655,8,0.019763946533203125,0.0024704933166503906,True
12,1762,1784807991.1771975,8,0.0184633731842041,0.0023079216480255127,True
12,1763,1784807991.1962483,8,0.020540952682495117,0.0025676190853118896,True
12,1764,1784807991.2176147,8,0.01808023452758789,0.0022600293159484863,True
12,1765,1784807991.2360995,8,0.021300792694091797,0.0026625990867614746,True
12,1766,1784807991.2577028,8,0.01959395408630371,0.002449244260787964,True
12,1767,1784807991.2775822,8,0.022374629974365234,0.0027968287467956543,True
12,1768,1784807991.300589,8,0.018343448638916016,0.002292931079864502,True
12,1769,1784807991.3193507,8,0.019505977630615234,0.0024382472038269043,True
12,1770,1784807991.3393552,8,0.020834684371948242,0.0026043355464935303,True
12,1771,1784807991.3606184,8,0.01891016960144043,0.0023637712001800537,True
12,1772,1784807991.380549,8,0.020274877548217773,0.0025343596935272217,True
12,1773,1784807991.4013767,8,0.019775867462158203,0.0024719834327697754,True
12,1774,1784807991.4221988,8,0.02233290672302246,0.0027916133403778076,True
12,1775,1784807991.4456885,8,0.01816248893737793,0.002270311117172241,True
12,1776,1784807991.4641912,8,0.018965482711791992,0.002370685338973999,True
12,1777,1784807991.483515,8,0.020632505416870117,0.0025790631771087646,True
12,1778,1784807991.5044916,8,0.01948070526123047,0.0024350881576538086,True
12,1779,1784807991.524373,8,0.019142627716064453,0.0023928284645080566,True
12,1780,1784807991.5438454,8,0.020745515823364258,0.0025931894779205322,True
12,1781,1784807991.5648737,8,0.019855022430419922,0.0024818778038024902,True
12,1782,1784807991.5850737,8,0.021451711654663086,0.0026814639568328857,True
12,1783,1784807991.6068647,8,0.019109249114990234,0.0023886561393737793,True
12,1784,1784807991.6264706,8,0.021071672439575195,0.0026339590549468994,True
12,1785,1784807991.6478024,8,0.01818084716796875,0.0022726058959960938,True
12,1786,1784807991.6664596,8,0.020798206329345703,0.002599775791168213,True
12,1787,1784807991.6876154,8,0.020920991897583008,0.002615123987197876,True
12,1788,1784807991.7095976,8,0.017775774002075195,0.0022219717502593994,True
12,1789,1784807991.7279525,8,0.019296646118164062,0.002412080764770508,True
12,1790,1784807991.7477598,8,0.018361330032348633,0.002295166254043579,True
12,1791,1784807991.7665622,8,0.01860642433166504,0.00232580304145813,True
12,1792,1784807991.785451,8,0.022608280181884766,0.0028260350227355957,True
12,1793,1784807991.8083746,8,0.020573139190673828,0.0025716423988342285,True
12,1794,1784807991.8294306,8,0.02027606964111328,0.00253450870513916,True
12,1795,1784807991.8502078,8,0.020353078842163086,0.0025441348552703857,True
12,1796,1784807991.8718796,8,0.02124166488647461,0.002655208110809326,True
12,1797,1784807991.8936565,8,0.018811464309692383,0.002351433038711548,True
12,1798,1784807991.9128313,8,0.01900339126586914,0.0023754239082336426,True
12,1799,1784807991.9322937,8,0.018705129623413086,0.0023381412029266357,True
12,1800,1784807991.9516625,8,0.021397829055786133,0.0026747286319732666,True
12,1801,1784807991.973441,8,0.018702030181884766,0.0023377537727355957,True
12,1802,1784807991.9924507,8,0.021132230758666992,0.002641528844833374,True
12,1803,1784807992.0140676,8,0.018728256225585938,0.002341032028198242,True
12,1804,1784807992.0333488,8,0.020444631576538086,0.0025555789470672607,True
12,1805,1784807992.054308,8,0.02036452293395996,0.002545565366744995,True
12,1806,1784807992.075043,8,0.02016425132751465,0.002520531415939331,True
12,1807,1784807992.095493,8,0.020211219787597656,0.002526402473449707,True
12,1808,1784807992.1160688,8,0.020505905151367188,0.0025632381439208984,True
12,1809,1784807992.1370847,8,0.022050142288208008,0.002756267786026001,True
12,1810,1784807992.1594133,8,0.019834041595458984,0.002479255199432373,True
12,1811,1784807992.1796029,8,0.021066665649414062,0.002633333206176758,True
12,1812,1784807992.2009556,8,0.02009129524230957,0.0025114119052886963,True
12,1813,1784807992.2213995,8,0.019009828567504883,0.0023762285709381104,True
12,1814,1784807992.241431,8,0.020873546600341797,0.0026091933250427246,True
12,1815,1784807992.2627826,8,0.019927978515625,0.002490997314453125,True
12,1816,1784807992.2836723,8,0.019660472869873047,0.002457559108734131,True
12,1817,1784807992.304097,8,0.02086663246154785,0.0026083290576934814,True
12,1818,1784807992.3254068,8,0.018930912017822266,0.002366364002227783,True
12,1819,1784807992.3447452,8,0.022185564041137695,0.002773195505142212,True
12,1820,1784807992.3674202,8,0.020945310592651367,0.002618163824081421,True
12,1821,1784807992.3887267,8,0.019093751907348633,0.002386718988418579,True
12,1822,1784807992.4082787,8,0.01991438865661621,0.0024892985820770264,True
12,1823,1784807992.4287076,8,0.01857447624206543,0.0023218095302581787,True
12,1824,1784807992.4476967,8,0.019837617874145508,0.0024797022342681885,True
12,1825,1784807992.4678166,8,0.01986384391784668,0.002482980489730835,True
12,1826,1784807992.4883752,8,0.018307209014892578,0.0022884011268615723,True
12,1827,1784807992.5072048,8,0.02085709571838379,0.0026071369647979736,True
12,1828,1784807992.5286314,8,0.01873183250427246,0.0023414790630340576,True
12,1829,1784807992.5481696,8,0.01910877227783203,0.002388596534729004,True
12,1830,1784807992.5677836,8,0.021975040435791016,0.002746880054473877,True
12,1831,1784807992.5902026,8,0.018790721893310547,0.0023488402366638184,True
12,1832,1784807992.6096315,8,0.019507169723510742,0.0024383962154388428,True
12,1833,1784807992.629539,8,0.020352840423583984,0.002544105052947998,True
12,1834,1784807992.6503947,8,0.019719600677490234,0.0024649500846862793,True
12,1835,1784807992.6704206,8,0.020097732543945312,0.002512216567993164,True
12,1836,1784807992.690998,8,0.01965951919555664,0.00245743989944458,True
12,1837,1784807992.7113276,8,0.021680593490600586,0.0027100741863250732,True
12,1838,1784807992.7334027,8,0.019470691680908203,0.0024338364601135254,True
12,1839,1784807992.7536218,8,0.021631479263305664,0.002703934907913208,True
12,1840,1784807992.7756898,8,0.019297122955322266,0.002412140369415283,True
12,1841,1784807992.7961633,8,0.017308712005615234,0.0021635890007019043,True
12,1842,1784807992.8141124,8,0.02027297019958496,0.00253412127494812,True
12,1843,1784807992.8349862,8,0.0191037654876709,0.0023879706859588623,True
12,1844,1784807992.8550036,8,0.018901824951171875,0.0023627281188964844,True
12,1845,1784807992.8750498,8,0.018657207489013672,0.002332150936126709,True
12,1846,1784807992.8941453,8,0.019382238388061523,0.0024227797985076904,True
12,1847,1784807992.9148176,8,0.021025657653808594,0.0026282072067260742,True
12,1848,1784807992.9367535,8,0.019121646881103516,0.0023902058601379395,True
12,1849,1784807992.9569712,8,0.019213199615478516,0.0024016499519348145,True
12,1850,1784807992.9768097,8,0.019075632095336914,0.0023844540119171143,True
12,1851,1784807992.996651,8,0.01911473274230957,0.0023893415927886963,True
12,1852,1784807993.0161805,8,0.020057201385498047,0.002507150173187256,True
12,1853,1784807993.037347,8,0.01844477653503418,0.0023055970668792725,True
12,1854,1784807993.0567892,8,0.020788908004760742,0.0025986135005950928,True
12,1855,1784807993.0779276,8,0.01937079429626465,0.002421349287033081,True
12,1856,1784807993.0977478,8,0.01967144012451172,0.002458930015563965,True
12,1857,1784807993.1177788,8,0.020276308059692383,0.002534538507461548,True
12,1858,1784807993.1385045,8,0.020192861557006836,0.0025241076946258545,True
12,1859,1784807993.159764,8,0.019285917282104492,0.0024107396602630615,True
12,1860,1784807993.1839929,8,0.016185522079467773,0.0020231902599334717,True
12,1861,1784807993.2005851,8,0.020001649856567383,0.002500206232070923,True
12,1862,1784807993.2215288,8,0.019712209701538086,0.0024640262126922607,True
12,1863,1784807993.2417624,8,0.01963019371032715,0.0024537742137908936,True
12,1864,1784807993.261796,8,0.020026445388793945,0.002503305673599243,True
12,1865,1784807993.2828662,8,0.02075362205505371,0.002594202756881714,True
12,1866,1784807993.3051388,8,0.022840023040771484,0.0028550028800964355,True
12,1867,1784807993.3389952,8,0.010776519775390625,0.0013470649719238281,True
12,1868,1784807993.3516586,8,0.017307758331298828,0.0021634697914123535,True
12,1869,1784807993.371941,8,0.017653942108154297,0.002206742763519287,True
12,1870,1784807993.3900464,8,0.019713163375854492,0.0024641454219818115,True
12,1871,1784807993.410091,8,0.02202630043029785,0.0027532875537872314,True
12,1872,1784807993.4324687,8,0.019063234329223633,0.002382904291152954,True
12,1873,1784807993.4518394,8,0.01924586296081543,0.0024057328701019287,True
12,1874,1784807993.4714468,8,0.019898653030395508,0.0024873316287994385,True
12,1875,1784807993.491868,8,0.021576642990112305,0.002697080373764038,True
12,1876,1784807993.5139294,8,0.02052474021911621,0.0025655925273895264,True
12,1877,1784807993.5355408,8,0.019110679626464844,0.0023888349533081055,True
12,1878,1784807993.5550077,8,0.020519256591796875,0.0025649070739746094,True
12,1879,1784807993.5759714,8,0.019808530807495117,0.0024760663509368896,True
12,1880,1784807993.5962508,8,0.02152562141418457,0.0026907026767730713,True
12,1881,1784807993.6183286,8,0.01992011070251465,0.002490013837814331,True
12,1882,1784807993.6386318,8,0.020530223846435547,0.0025662779808044434,True
12,1883,1784807993.6595922,8,0.020336627960205078,0.0025420784950256348,True
12,1884,1784807993.6806607,8,0.02048015594482422,0.0025600194931030273,True
12,1885,1784807993.701988,8,0.019968032836914062,0.002496004104614258,True
12,1886,1784807993.7225044,8,0.02096080780029297,0.002620100975036621,True
12,1887,1784807993.7441745,8,0.018786907196044922,0.0023483633995056152,True
12,1888,1784807993.7639165,8,0.0202639102935791,0.0025329887866973877,True
12,1889,1784807993.7848558,8,0.019652366638183594,0.0024565458297729492,True
12,1890,1784807993.8049974,8,0.0198361873626709,0.0024795234203338623,True
12,1891,1784807993.8261127,8,0.020344257354736328,0.002543032169342041,True
12,1892,1784807993.8474743,8,0.021162748336791992,0.002645343542098999,True
12,1893,1784807993.869093,8,0.019241809844970703,0.002405226230621338,True
12,1894,1784807993.8894331,8,0.019649744033813477,0.0024562180042266846,True
12,1895,1784807993.9094312,8,0.021145105361938477,0.0026431381702423096,True
12,1896,1784807993.931003,8,0.019962310791015625,0.002495288848876953,True
12,1897,1784807993.9516103,8,0.020015954971313477,0.0025019943714141846,True
12,1898,1784807993.9721122,8,0.019701719284057617,0.002462714910507202,True
12,1899,1784807993.9931786,8,0.019835948944091797,0.0024794936180114746,True
12,1900,1784807994.014274,8,0.021320819854736328,0.002665102481842041,True
12,1901,1784807994.0361483,8,0.017858266830444336,0.002232283353805542,True
12,1902,1784807994.0543683,8,0.021035194396972656,0.002629399299621582,True
12,1903,1784807994.077893,8,0.02044987678527832,0.00255623459815979,True
12,1904,1784807994.0997066,8,0.01956939697265625,0.0024461746215820312,True
12,1905,1784807994.1197236,8,0.021236896514892578,0.0026546120643615723,True
12,1906,1784807994.1417856,8,0.01968836784362793,0.002461045980453491,True
12,1907,1784807994.1623576,8,0.01862621307373047,0.0023282766342163086,True
12,1908,1784807994.1814513,8,0.01947474479675293,0.002434343099594116,True
12,1909,1784807994.2025726,8,0.019496440887451172,0.0024370551109313965,True
12,1910,1784807994.2226913,8,0.018968820571899414,0.0023711025714874268,True
12,1911,1784807994.2420795,8,0.019112110137939453,0.0023890137672424316,True
12,1912,1784807994.2621179,8,0.02189469337463379,0.0027368366718292236,True
12,1913,1784807994.2848182,8,0.01957249641418457,0.0024465620517730713,True
12,1914,1784807994.3048627,8,0.019766569137573242,0.0024708211421966553,True
12,1915,1784807994.3252995,8,0.019307374954223633,0.002413421869277954,True
12,1916,1784807994.345335,8,0.02098393440246582,0.0026229918003082275,True
12,1917,1784807994.366806,8,0.02105712890625,0.00263214111328125,True
12,1918,1784807994.3885355,8,0.02041482925415039,0.002551853656768799,True
12,1919,1784807994.4105508,8,0.020734071731567383,0.002591758966445923,True
12,1920,1784807994.4330084,8,0.020273447036743164,0.0025341808795928955,True
12,1921,1784807994.4538484,8,0.020489215850830078,0.0025611519813537598,True
12,1922,1784807994.4752133,8,0.026559114456176758,0.0033198893070220947,True
12,1923,1784807994.5026555,8,0.017347335815429688,0.002168416976928711,True
12,1924,1784807994.5207386,8,0.020819664001464844,0.0026024580001831055,True
12,1925,1784807994.541994,8,0.019379854202270508,0.0024224817752838135,True
12,1926,1784807994.562075,8,0.023408174514770508,0.0029260218143463135,True
12,1927,1784807994.5865645,8,0.019720077514648438,0.0024650096893310547,True
12,1928,1784807994.6075804,8,0.018660783767700195,0.0023325979709625244,True
12,1929,1784807994.6269069,8,0.020959138870239258,0.0026198923587799072,True
12,1930,1784807994.649306,8,0.01931023597717285,0.0024137794971466064,True
12,1931,1784807994.6690166,8,0.020084857940673828,0.0025106072425842285,True
12,1932,1784807994.6894543,8,0.022264480590820312,0.002783060073852539,True
12,1933,1784807994.7120981,8,0.018558025360107422,0.0023197531700134277,True
12,1934,1784807994.7316206,8,0.02144765853881836,0.002680957317352295,True
12,1935,1784807994.7534676,8,0.020114660263061523,0.0025143325328826904,True
12,1936,1784807994.7740488,8,0.02034473419189453,0.0025430917739868164,True
12,1937,1784807994.7948678,8,0.019706010818481445,0.0024632513523101807,True
12,1938,1784807994.8159366,8,0.01884293556213379,0.0023553669452667236,True
12,1939,1784807994.8351858,8,0.019864797592163086,0.0024830996990203857,True
12,1940,1784807994.8557255,8,0.02027583122253418,0.0025344789028167725,True
12,1941,1784807994.8764122,8,0.019571542739868164,0.0024464428424835205,True
12,1942,1784807994.897046,8,0.019581079483032227,0.0024476349353790283,True
12,1943,1784807994.9174623,8,0.020000696182250977,0.002500087022781372,True
12,1944,1784807994.9379153,8,0.020244359970092773,0.0025305449962615967,True
12,1945,1784807994.958594,8,0.018352270126342773,0.0022940337657928467,True
12,1946,1784807994.9779947,8,0.01979994773864746,0.0024749934673309326,True
12,1947,1784807994.9984314,8,0.0196685791015625,0.0024585723876953125,True
12,1948,1784807995.0184846,8,0.020922422409057617,0.002615302801132202,True
12,1949,1784807995.0402942,8,0.024139404296875,0.003017425537109375,True
12,1950,1784807995.064859,8,0.01509237289428711,0.0018865466117858887,True
12,1951,1784807995.0804837,8,0.0206146240234375,0.0025768280029296875,True
12,1952,1784807995.1019428,8,0.020581483840942383,0.002572685480117798,True
12,1953,1784807995.1236446,8,0.0180513858795166,0.002256423234939575,True
12,1954,1784807995.1420474,8,0.02080392837524414,0.0026004910469055176,True
12,1955,1784807995.1631374,8,0.02140974998474121,0.0026762187480926514,True
12,1956,1784807995.1849096,8,0.019788742065429688,0.002473592758178711,True
12,1957,1784807995.2050705,8,0.020999431610107422,0.0026249289512634277,True
12,1958,1784807995.226836,8,0.019336223602294922,0.0024170279502868652,True
12,1959,1784807995.246902,8,0.01929497718811035,0.002411872148513794,True
12,1960,1784807995.2667055,8,0.020485877990722656,0.002560734748840332,True
12,1961,1784807995.2876902,8,0.01949286460876465,0.002436608076095581,True
12,1962,1784807995.307652,8,0.019709110260009766,0.0024636387825012207,True
12,1963,1784807995.3285403,8,0.018674373626708984,0.002334296703338623,True
12,1964,1784807995.347648,8,0.020248889923095703,0.002531111240386963,True
12,1965,1784807995.3685913,8,0.020914316177368164,0.0026142895221710205,True
12,1966,1784807995.3899713,8,0.020621299743652344,0.002577662467956543,True
12,1967,1784807995.4119248,8,0.019775390625,0.002471923828125,True
12,1968,1784807995.4325614,8,0.020174026489257812,0.0025217533111572266,True
12,1969,1784807995.4532588,8,0.019140243530273438,0.0023925304412841797,True
12,1970,1784807995.4727335,8,0.01825714111328125,0.0022821426391601562,True
12,1971,1784807995.49169,8,0.019621849060058594,0.0024527311325073242,True
12,1972,1784807995.51192,8,0.02030467987060547,0.0025380849838256836,True
12,1973,1784807995.5327713,8,0.019876956939697266,0.002484619617462158,True
12,1974,1784807995.5530837,8,0.021213769912719727,0.002651721239089966,True
12,1975,1784807995.5749466,8,0.019559621810913086,0.0024449527263641357,True
12,1976,1784807995.5948613,8,0.01957106590270996,0.002446383237838745,True
12,1977,1784807995.615146,8,0.020533323287963867,0.0025666654109954834,True
12,1978,1784807995.6373668,8,0.021615982055664062,0.002701997756958008,True
12,1979,1784807995.659427,8,0.021111726760864258,0.0026389658451080322,True
12,1980,1784807995.6811683,8,0.020210742950439453,0.0025263428688049316,True
12,1981,1784807995.7018514,8,0.020500659942626953,0.002562582492828369,True
12,1982,1784807995.7227576,8,0.019031763076782227,0.0023789703845977783,True
12,1983,1784807995.7426996,8,0.021151065826416016,0.002643883228302002,True
12,1984,1784807995.7642345,8,0.01970815658569336,0.00246351957321167,True
12,1985,1784807995.7847738,8,0.018839597702026367,0.002354949712753296,True
12,1986,1784807995.8042428,8,0.01902174949645996,0.002377718687057495,True
12,1987,1784807995.8239248,8,0.017662525177001953,0.002207815647125244,True
12,1988,1784807995.8421533,8,0.020813941955566406,0.0026017427444458008,True
12,1989,1784807995.863427,8,0.02112722396850586,0.0026409029960632324,True
12,1990,1784807995.8862064,8,0.01936817169189453,0.0024210214614868164,True
12,1991,1784807995.9068532,8,0.018711328506469727,0.002338916063308716,True
12,1992,1784807995.9261672,8,0.019096851348876953,0.002387106418609619,True
12,1993,1784807995.9456897,8,0.021566152572631836,0.0026957690715789795,True
12,1994,1784807995.967872,8,0.01914381980895996,0.002392977476119995,True
12,1995,1784807995.9873967,8,0.01998591423034668,0.002498239278793335,True
12,1996,1784807996.0081503,8,0.021747112274169922,0.0027183890342712402,True
12,1997,1784807996.0305166,8,0.01829671859741211,0.0022870898246765137,True
12,1998,1784807996.0495436,8,0.020467758178710938,0.002558469772338867,True
12,1999,1784807996.070654,8,0.020934343338012695,0.002616792917251587,True
12,2000,1784807996.0920997,8,0.02072739601135254,0.0025909245014190674,True
12,2001,1784807996.113202,8,0.019135236740112305,0.002391904592514038,True
12,2002,1784807996.1331327,8,0.020263195037841797,0.0025328993797302246,True
12,2003,1784807996.1549077,8,0.01972174644470215,0.0024652183055877686,True
12,2004,1784807996.1752045,8,0.02116703987121582,0.0026458799839019775,True
12,2005,1784807996.1973357,8,0.019150495529174805,0.0023938119411468506,True
12,2006,1784807996.2168558,8,0.021935701370239258,0.0027419626712799072,True
12,2007,1784807996.2404015,8,0.01870560646057129,0.002338200807571411,True
12,2008,1784807996.2597284,8,0.019571781158447266,0.002446472644805908,True
12,2009,1784807996.2796984,8,0.021280527114868164,0.0026600658893585205,True
12,2010,1784807996.301312,8,0.01853799819946289,0.0023172497749328613,True
12,2011,1784807996.3214583,8,0.019220352172851562,0.0024025440216064453,True
12,2012,1784807996.3426454,8,0.019969463348388672,0.002496182918548584,True
12,2013,1784807996.3631017,8,0.01973748207092285,0.0024671852588653564,True
12,2014,1784807996.383224,8,0.01996755599975586,0.0024959444999694824,True
12,2015,1784807996.4036055,8,0.02070307731628418,0.0025878846645355225,True
12,2016,1784807996.424848,8,0.01926445960998535,0.002408057451248169,True
12,2017,1784807996.4451504,8,0.021079540252685547,0.0026349425315856934,True
12,2018,1784807996.4671106,8,0.019768238067626953,0.002471029758453369,True
12,2019,1784807996.4882557,8,0.019572973251342773,0.0024466216564178467,True
12,2020,1784807996.5081596,8,0.021221160888671875,0.0026526451110839844,True
12,2021,1784807996.5297272,8,0.019768476486206055,0.002471059560775757,True
12,2022,1784807996.550841,8,0.01975703239440918,0.0024696290493011475,True
12,2023,1784807996.5713491,8,0.019144535064697266,0.002393066883087158,True
12,2024,1784807996.5909286,8,0.021300554275512695,0.002662569284439087,True
12,2025,1784807996.6128654,8,0.02071094512939453,0.0025888681411743164,True
12,2026,1784807996.6344016,8,0.01843571662902832,0.00230446457862854,True
12,2027,1784807996.6535165,8,0.021300792694091797,0.0026625990867614746,True
12,2028,1784807996.6753316,8,0.019353389739990234,0.0024191737174987793,True
12,2029,1784807996.695564,8,0.02068352699279785,0.0025854408740997314,True
12,2030,1784807996.7166047,8,0.018954038619995117,0.0023692548274993896,True
12,2031,1784807996.7363145,8,0.021075963973999023,0.002634495496749878,True
12,2032,1784807996.7577946,8,0.020427227020263672,0.002553403377532959,True
12,2033,1784807996.7788632,8,0.019930362701416016,0.002491295337677002,True
12,2034,1784807996.799862,8,0.02190423011779785,0.0027380287647247314,True
12,2035,1784807996.8226035,8,0.02187061309814453,0.0027338266372680664,True
12,2036,1784807996.8448634,8,0.019654273986816406,0.0024567842483520508,True
12,2037,1784807996.8649096,8,0.020532846450805664,0.002566605806350708,True
12,2038,1784807996.8865964,8,0.02067708969116211,0.0025846362113952637,True
12,2039,1784807996.9076903,8,0.021521568298339844,0.0026901960372924805,True
12,2040,1784807996.9297907,8,0.02061915397644043,0.0025773942470550537,True
12,2041,1784807996.950821,8,0.020467758178710938,0.002558469772338867,True
12,2042,1784807996.97159,8,0.021183013916015625,0.002647876739501953,True
12,2043,1784807996.9931548,8,0.02091813087463379,0.0026147663593292236,True
12,2044,1784807997.0148294,8,0.019652366638183594,0.0024565458297729492,True
12,2045,1784807997.0372078,8,0.019484996795654297,0.002435624599456787,True
12,2046,1784807997.0571692,8,0.022217512130737305,0.002777189016342163,True
12,2047,1784807997.0802329,8,0.019278526306152344,0.002409815788269043,True
12,2048,1784807997.1011744,8,0.019550800323486328,0.002443850040435791,True
12,2049,1784807997.1212008,8,0.01914381980895996,0.002392977476119995,True
12,2050,1784807997.1416368,8,0.019594907760620117,0.0024493634700775146,True
12,2051,1784807997.1616647,8,0.019701719284057617,0.002462714910507202,True
12,2052,1784807997.1822085,8,0.020722627639770508,0.0025903284549713135,True
12,2053,1784807997.203445,8,0.019741296768188477,0.0024676620960235596,True
12,2054,1784807997.2234654,8,0.019688129425048828,0.0024610161781311035,True
12,2055,1784807997.2437465,8,0.021059513092041016,0.002632439136505127,True
12,2056,1784807997.2651324,8,0.018622875213623047,0.002327859401702881,True
12,2057,1784807997.284467,8,0.020017385482788086,0.0025021731853485107,True
12,2058,1784807997.3049817,8,0.021402835845947266,0.002675354480743408,True
12,2059,1784807997.32727,8,0.020056962966918945,0.002507120370864868,True
12,2060,1784807997.3476312,8,0.021429061889648438,0.0026786327362060547,True
12,2061,1784807997.3694892,8,0.01903843879699707,0.002379804849624634,True
12,2062,1784807997.388934,8,0.0227203369140625,0.0028400421142578125,True
12,2063,1784807997.4121566,8,0.024433612823486328,0.003054201602935791,True
12,2064,1784807997.4371111,8,0.017364978790283203,0.0021706223487854004,True
12,2065,1784807997.4549809,8,0.02051544189453125,0.0025644302368164062,True
12,2066,1784807997.4768462,8,0.020411014556884766,0.0025513768196105957,True
12,2067,1784807997.4982429,8,0.01866602897644043,0.0023332536220550537,True
12,2068,1784807997.5172596,8,0.019895553588867188,0.0024869441986083984,True
12,2069,1784807997.5378165,8,0.020458698272705078,0.0025573372840881348,True
12,2070,1784807997.558795,8,0.019760847091674805,0.0024701058864593506,True
12,2071,1784807997.5789702,8,0.019591808319091797,0.0024489760398864746,True
12,2072,1784807997.5991676,8,0.020437002182006836,0.0025546252727508545,True
12,2073,1784807997.6198518,8,0.021041393280029297,0.002630174160003662,True
12,2074,1784807997.641223,8,0.019330978393554688,0.002416372299194336,True
12,2075,1784807997.6608698,8,0.02208852767944336,0.00276106595993042,True
12,2076,1784807997.683539,8,0.01891469955444336,0.00236433744430542,True
12,2077,1784807997.7029395,8,0.0206906795501709,0.0025863349437713623,True
12,2078,1784807997.7240784,8,0.02042222023010254,0.0025527775287628174,True
12,2079,1784807997.7449296,8,0.018601179122924805,0.0023251473903656006,True
12,2080,1784807997.765012,8,0.01968550682067871,0.002460688352584839,True
12,2081,1784807997.7854207,8,0.01847076416015625,0.0023088455200195312,True
12,2082,1784807997.8057442,8,0.019828081130981445,0.0024785101413726807,True
12,2083,1784807997.8260636,8,0.021697998046875,0.002712249755859375,True
12,2084,1784807997.849323,8,0.018398284912109375,0.002299785614013672,True
12,2085,1784807997.8681774,8,0.018808841705322266,0.002351105213165283,True
12,2086,1784807997.8881555,8,0.01967167854309082,0.0024589598178863525,True
12,2087,1784807997.9082277,8,0.019384145736694336,0.002423018217086792,True
12,2088,1784807997.9281235,8,0.019029855728149414,0.0023787319660186768,True
12,2089,1784807997.9476585,8,0.019069194793701172,0.0023836493492126465,True
12,2090,1784807997.9670396,8,0.023448944091796875,0.0029311180114746094,True
12,2091,1784807997.9910786,8,0.015427350997924805,0.0019284188747406006,True
12,2092,1784807998.0067596,8,0.020620346069335938,0.002577543258666992,True
12,2093,1784807998.0283346,8,0.02146124839782715,0.0026826560497283936,True
12,2094,1784807998.0500844,8,0.019284963607788086,0.0024106204509735107,True
12,2095,1784807998.0697923,8,0.018387556076049805,0.0022984445095062256,True
12,2096,1784807998.0885065,8,0.01987457275390625,0.0024843215942382812,True
12,2097,1784807998.1087692,8,0.018799543380737305,0.002349942922592163,True
12,2098,1784807998.1279907,8,0.019377946853637695,0.002422243356704712,True
12,2099,1784807998.148127,8,0.018036365509033203,0.0022545456886291504,True
12,2100,1784807998.166982,8,0.018678665161132812,0.0023348331451416016,True
12,2101,1784807998.1861827,8,0.018198728561401367,0.002274841070175171,True
12,2102,1784807998.2046254,8,0.020755290985107422,0.0025944113731384277,True
12,2103,1784807998.2257326,8,0.01788187026977539,0.002235233783721924,True
12,2104,1784807998.2442122,8,0.020147323608398438,0.0025184154510498047,True
12,2105,1784807998.2646914,8,0.018694400787353516,0.0023368000984191895,True
12,2106,1784807998.2838976,8,0.019376039505004883,0.0024220049381256104,True
12,2107,1784807998.3038979,8,0.02092289924621582,0.0026153624057769775,True
12,2108,1784807998.3251135,8,0.019630908966064453,0.0024538636207580566,True
12,2109,1784807998.34502,8,0.020883798599243164,0.0026104748249053955,True
12,2110,1784807998.366202,8,0.0195615291595459,0.0024451911449432373,True
12,2111,1784807998.3861642,8,0.020020484924316406,0.0025025606155395508,True
12,2112,1784807998.4065106,8,0.020360708236694336,0.002545088529586792,True
12,2113,1784807998.4278147,8,0.019460201263427734,0.002432525157928467,True
12,2114,1784807998.4478347,8,0.020747900009155273,0.002593487501144409,True
12,2115,1784807998.4700491,8,0.018872976303100586,0.0023591220378875732,True
12,2116,1784807998.4894457,8,0.019313335418701172,0.0024141669273376465,True
12,2117,1784807998.5091712,8,0.018599748611450195,0.0023249685764312744,True
12,2118,1784807998.5281653,8,0.018085241317749023,0.002260655164718628,True
12,2119,1784807998.54654,8,0.019210338592529297,0.002401292324066162,True
12,2120,1784807998.5660377,8,0.020659923553466797,0.0025824904441833496,True
12,2121,1784807998.5869315,8,0.021712303161621094,0.0027140378952026367,True
12,2122,1784807998.6090066,8,0.021381616592407227,0.0026727020740509033,True
12,2123,1784807998.6306853,8,0.019277095794677734,0.002409636974334717,True
12,2124,1784807998.6503723,8,0.01855158805847168,0.00231894850730896,True
12,2125,1784807998.6695778,8,0.018980741500854492,0.0023725926876068115,True
12,2126,1784807998.6888537,8,0.019832134246826172,0.0024790167808532715,True
12,2127,1784807998.709135,8,0.019498825073242188,0.0024373531341552734,True
12,2128,1784807998.7289705,8,0.021625280380249023,0.002703160047531128,True
12,2129,1784807998.751107,8,0.02034449577331543,0.0025430619716644287,True
12,2130,1784807998.7717953,8,0.018740415573120117,0.0023425519466400146,True
12,2131,1784807998.79094,8,0.020029544830322266,0.002503693103790283,True
12,2132,1784807998.8116953,8,0.01981973648071289,0.0024774670600891113,True
12,2133,1784807998.832807,8,0.020695924758911133,0.0025869905948638916,True
12,2134,1784807998.8545504,8,0.019046783447265625,0.002380847930908203,True
12,2135,1784807998.8764708,8,0.021822452545166016,0.002727806568145752,True
12,2136,1784807998.8992295,8,0.020939111709594727,0.002617388963699341,True
12,2137,1784807998.9206734,8,0.0201876163482666,0.002523452043533325,True
12,2138,1784807998.9411538,8,0.019019126892089844,0.0023773908615112305,True
12,2139,1784807998.9606037,8,0.019817590713500977,0.002477198839187622,True
12,2140,1784807998.9817,8,0.01888895034790039,0.002361118793487549,True
12,2141,1784807999.0008805,8,0.020208358764648438,0.0025260448455810547,True
12,2142,1784807999.021459,8,0.0198974609375,0.0024871826171875,True
12,2143,1784807999.041691,8,0.018647432327270508,0.0023309290409088135,True
12,2144,1784807999.060703,8,0.020001649856567383,0.002500206232070923,True
12,2145,1784807999.0811958,8,0.020230531692504883,0.0025288164615631104,True
12,2146,1784807999.1018274,8,0.019531965255737305,0.002441495656967163,True
12,2147,1784807999.1216862,8,0.019194841384887695,0.002399355173110962,True
12,2148,1784807999.141248,8,0.02476954460144043,0.0030961930751800537,True
12,2149,1784807999.1672003,8,0.02045154571533203,0.002556443214416504,True
12,2150,1784807999.1882312,8,0.020157814025878906,0.0025197267532348633,True
12,2151,1784807999.2087588,8,0.020343780517578125,0.0025429725646972656,True
12,2152,1784807999.2295046,8,0.019302845001220703,0.002412855625152588,True
12,2153,1784807999.2491686,8,0.01984429359436035,0.002480536699295044,True
12,2154,1784807999.2693775,8,0.018723726272583008,0.002340465784072876,True
12,2155,1784807999.2883472,8,0.021057844161987305,0.002632230520248413,True
12,2156,1784807999.310162,8,0.01943230628967285,0.0024290382862091064,True
12,2157,1784807999.3299115,8,0.019312143325805664,0.002414017915725708,True
12,2158,1784807999.3496606,8,0.018571138381958008,0.002321392297744751,True
12,2159,1784807999.3685727,8,0.018688201904296875,0.0023360252380371094,True
12,2160,1784807999.387864,8,0.019021034240722656,0.002377629280090332,True
12,2161,1784807999.4072373,8,0.01872849464416504,0.00234106183052063,True
12,2162,1784807999.4263096,8,0.0205535888671875,0.0025691986083984375,True
12,2163,1784807999.4472072,8,0.019327878952026367,0.002415984869003296,True
12,2164,1784807999.4668756,8,0.018599748611450195,0.0023249685764312744,True
12,2165,1784807999.4857621,8,0.019991159439086914,0.0024988949298858643,True
12,2166,1784807999.5063708,8,0.017638444900512695,0.002204805612564087,True
12,2167,1784807999.5243957,8,0.018915176391601562,0.0023643970489501953,True
12,2168,1784807999.5436552,8,0.01999974250793457,0.0024999678134918213,True
12,2169,1784807999.5642138,8,0.020743131637573242,0.0025928914546966553,True
12,2170,1784807999.5854483,8,0.01894211769104004,0.002367764711380005,True
12,2171,1784807999.6046999,8,0.019443511962890625,0.002430438995361328,True
12,2172,1784807999.6245735,8,0.01910686492919922,0.0023883581161499023,True
12,2173,1784807999.644691,8,0.018464326858520508,0.0023080408573150635,True
12,2174,1784807999.6638684,8,0.019180774688720703,0.002397596836090088,True
12,2175,1784807999.6834815,8,0.019061803817749023,0.002382725477218628,True
12,2176,1784807999.7030418,8,0.020136594772338867,0.0025170743465423584,True
12,2177,1784807999.723522,8,0.020807504653930664,0.002600938081741333,True
12,2178,1784807999.7460725,8,0.012269973754882812,0.0015337467193603516,True
12,2179,1784807999.7590003,8,0.019162654876708984,0.002395331859588623,True
12,2180,1784807999.7786748,8,0.01899433135986328,0.00237429141998291,True
12,2181,1784807999.7986588,8,0.020176172256469727,0.002522021532058716,True
12,2182,1784807999.8193817,8,0.019852638244628906,0.0024815797805786133,True
12,2183,1784807999.8398676,8,0.020314693450927734,0.002539336681365967,True
12,2184,1784807999.8605204,8,0.0181732177734375,0.0022716522216796875,True
12,2185,1784807999.8789525,8,0.021085739135742188,0.0026357173919677734,True
12,2186,1784807999.9005625,8,0.018360137939453125,0.0022950172424316406,True
12,2187,1784807999.919654,8,0.020140647888183594,0.0025175809860229492,True
12,2188,1784807999.9405286,8,0.018945693969726562,0.0023682117462158203,True
12,2189,1784807999.9601417,8,0.020025253295898438,0.0025031566619873047,True
12,2190,1784807999.98065,8,0.020205020904541016,0.002525627613067627,True
12,2191,1784808000.0015407,8,0.0199124813079834,0.002489060163497925,True
12,2192,1784808000.022593,8,0.01934671401977539,0.002418339252471924,True
12,2193,1784808000.0423594,8,0.019962787628173828,0.0024953484535217285,True
12,2194,1784808000.0632856,8,0.021976232528686523,0.0027470290660858154,True
12,2195,1784808000.08584,8,0.02108025550842285,0.0026350319385528564,True
12,2196,1784808000.107597,8,0.018909692764282227,0.0023637115955352783,True
12,2197,1784808000.1268764,8,0.01995563507080078,0.0024944543838500977,True
12,2198,1784808000.1470985,8,0.01918649673461914,0.0023983120918273926,True
12,2199,1784808000.1672182,8,0.01897120475769043,0.0023714005947113037,True
12,2200,1784808000.1868567,8,0.021502971649169922,0.0026878714561462402,True
12,2201,1784808000.2089202,8,0.018923044204711914,0.0023653805255889893,True
12,2202,1784808000.2283063,8,0.01925373077392578,0.0024067163467407227,True
12,2203,1784808000.2478607,8,0.019872665405273438,0.0024840831756591797,True
12,2204,1784808000.2681484,8,0.019835472106933594,0.0024794340133666992,True
12,2205,1784808000.288383,8,0.019230127334594727,0.002403765916824341,True
12,2206,1784808000.308196,8,0.019073963165283203,0.0023842453956604004,True
12,2207,1784808000.3275564,8,0.02258777618408203,0.002823472023010254,True
12,2208,1784808000.3515484,8,0.02115035057067871,0.002643793821334839,True
12,2209,1784808000.3734267,8,0.019964933395385742,0.0024956166744232178,True
12,2210,1784808000.3936524,8,0.01954793930053711,0.0024434924125671387,True
12,2211,1784808000.41344,8,0.02054452896118164,0.002568066120147705,True
12,2212,1784808000.434499,8,0.01986384391784668,0.002482980489730835,True
12,2213,1784808000.4547336,8,0.02023625373840332,0.002529531717300415,True
12,2214,1784808000.475276,8,0.020861148834228516,0.0026076436042785645,True
12,2215,1784808000.49648,8,0.020400285720825195,0.0025500357151031494,True
12,2216,1784808000.5172164,8,0.019828319549560547,0.0024785399436950684,True
12,2217,1784808000.5373685,8,0.018855810165405273,0.002356976270675659,True
12,2218,1784808000.5566254,8,0.018801450729370117,0.0023501813411712646,True
12,2219,1784808000.5757067,8,0.02059626579284668,0.002574533224105835,True
12,2220,1784808000.59675,8,0.019894838333129883,0.0024868547916412354,True
12,2221,1784808000.61696,8,0.019097328186035156,0.0023871660232543945,True
12,2222,1784808000.6363795,8,0.019668102264404297,0.002458512783050537,True
12,2223,1784808000.656687,8,0.020603418350219727,0.002575427293777466,True
12,2224,1784808000.6776311,8,0.019221782684326172,0.0024027228355407715,True
12,2225,1784808000.697134,8,0.02086663246154785,0.0026083290576934814,True
12,2226,1784808000.7185657,8,0.019525527954101562,0.0024406909942626953,True
12,2227,1784808000.738443,8,0.019278764724731445,0.0024098455905914307,True
12,2228,1784808000.758018,8,0.021179676055908203,0.0026474595069885254,True
12,2229,1784808000.7803752,8,0.020498275756835938,0.002562284469604492,True
12,2230,1784808000.8013914,8,0.020880937576293945,0.002610117197036743,True
12,2231,1784808000.8232772,8,0.019501209259033203,0.0024376511573791504,True
12,2232,1784808000.843329,8,0.02074575424194336,0.00259321928024292,True
12,2233,1784808000.86436,8,0.019896745681762695,0.002487093210220337,True
12,2234,1784808000.8850172,8,0.019086837768554688,0.002385854721069336,True
12,2235,1784808000.904776,8,0.022852182388305664,0.002856522798538208,True
12,2236,1784808000.9283159,8,0.017675399780273438,0.0022094249725341797,True
12,2237,1784808000.946603,8,0.02052450180053711,0.0025655627250671387,True
12,2238,1784808000.9675384,8,0.0208282470703125,0.0026035308837890625,True
12,2239,1784808000.9889143,8,0.018747329711914062,0.002343416213989258,True
12,2240,1784808001.0079744,8,0.019721508026123047,0.002465188503265381,True
12,2241,1784808001.0280397,8,0.020599365234375,0.002574920654296875,True
12,2242,1784808001.0490384,8,0.018635988235473633,0.002329498529434204,True
12,2243,1784808001.0682385,8,0.01996588706970215,0.0024957358837127686,True
12,2244,1784808001.0889227,8,0.018414974212646484,0.0023018717765808105,True
12,2245,1784808001.1082761,8,0.019955158233642578,0.0024943947792053223,True
12,2246,1784808001.1286452,8,0.019455671310424805,0.0024319589138031006,True
12,2247,1784808001.1485136,8,0.02065300941467285,0.0025816261768341064,True
12,2248,1784808001.1701834,8,0.0200040340423584,0.0025005042552948,True
12,2249,1784808001.190498,8,0.020055770874023438,0.0025069713592529297,True
12,2250,1784808001.2109053,8,0.01890110969543457,0.0023626387119293213,True
12,2251,1784808001.2301142,8,0.02095770835876465,0.002619713544845581,True
12,2252,1784808001.2515087,8,0.019452333450317383,0.002431541681289673,True
12,2253,1784808001.2714062,8,0.019817352294921875,0.0024771690368652344,True
12,2254,1784808001.2915702,8,0.019602060317993164,0.0024502575397491455,True
12,2255,1784808001.3117206,8,0.02005600929260254,0.0025070011615753174,True
12,2256,1784808001.332204,8,0.0199429988861084,0.00249287486076355,True
12,2257,1784808001.3525982,8,0.019196033477783203,0.0023995041847229004,True
12,2258,1784808001.3721151,8,0.019266128540039062,0.002408266067504883,True
12,2259,1784808001.392948,8,0.020275115966796875,0.0025343894958496094,True
12,2260,1784808001.4135664,8,0.019772768020629883,0.0024715960025787354,True
12,2261,1784808001.4336512,8,0.020198822021484375,0.002524852752685547,True
12,2262,1784808001.4541352,8,0.01941227912902832,0.00242653489112854,True
12,2263,1784808001.4738984,8,0.01990795135498047,0.0024884939193725586,True
12,2264,1784808001.4941165,8,0.023087263107299805,0.0028859078884124756,True
12,2265,1784808001.517678,8,0.019900798797607422,0.0024875998497009277,True
12,2266,1784808001.538098,8,0.0218198299407959,0.0027274787425994873,True
12,2267,1784808001.560271,8,0.020481586456298828,0.0025601983070373535,True
12,2268,1784808001.5810022,8,0.01945352554321289,0.0024316906929016113,True
12,2269,1784808001.6009088,8,0.020407915115356445,0.0025509893894195557,True
12,2270,1784808001.6219902,8,0.02105116844177246,0.0026313960552215576,True
12,2271,1784808001.6437225,8,0.021236419677734375,0.002654552459716797,True
12,2272,1784808001.665342,8,0.019178152084350586,0.0023972690105438232,True
12,2273,1784808001.6848428,8,0.01881885528564453,0.0023523569107055664,True
12,2274,1784808001.7039688,8,0.021021366119384766,0.0026276707649230957,True
12,2275,1784808001.7254548,8,0.020807266235351562,0.0026009082794189453,True
12,2276,1784808001.7466385,8,0.019060850143432617,0.002382606267929077,True
12,2277,1784808001.7671726,8,0.019400596618652344,0.002425074577331543,True
12,2278,1784808001.786987,8,0.02092742919921875,0.0026159286499023438,True
12,2279,1784808001.8084216,8,0.02161240577697754,0.0027015507221221924,True
12,2280,1784808001.8305311,8,0.020149946212768555,0.0025187432765960693,True
12,2281,1784808001.8510406,8,0.020369768142700195,0.0025462210178375244,True
12,2282,1784808001.8719246,8,0.020049333572387695,0.002506166696548462,True
12,2283,1784808001.8927052,8,0.02183699607849121,0.0027296245098114014,True
12,2284,1784808001.9153705,8,0.018068790435791016,0.002258598804473877,True
12,2285,1784808001.9338193,8,0.021428585052490234,0.0026785731315612793,True
12,2286,1784808001.955619,8,0.0193331241607666,0.002416640520095825,True
12,2287,1784808001.9753654,8,0.019120216369628906,0.0023900270462036133,True
12,2288,1784808001.9948595,8,0.020021677017211914,0.0025027096271514893,True
12,2289,1784808002.0152192,8,0.0193328857421875,0.0024166107177734375,True
12,2290,1784808002.0349348,8,0.02097916603088379,0.0026223957538604736,True
12,2291,1784808002.0563788,8,0.021610260009765625,0.002701282501220703,True
12,2292,1784808002.078574,8,0.021097898483276367,0.002637237310409546,True
12,2293,1784808002.0999804,8,0.019910812377929688,0.002488851547241211,True
12,2294,1784808002.1203127,8,0.020154714584350586,0.0025193393230438232,True
12,2295,1784808002.1407676,8,0.020092010498046875,0.0025115013122558594,True
12,2296,1784808002.1611736,8,0.020077228546142578,0.0025096535682678223,True
12,2297,1784808002.181728,8,0.02039790153503418,0.0025497376918792725,True
12,2298,1784808002.2030368,8,0.021480321884155273,0.002685040235519409,True
12,2299,1784808002.2249544,8,0.01956629753112793,0.002445787191390991,True
12,2300,1784808002.2448907,8,0.019095182418823242,0.0023868978023529053,True
12,2301,1784808002.2644024,8,0.019245386123657227,0.0024056732654571533,True
12,2302,1784808002.283962,8,0.019196510314941406,0.0023995637893676758,True
12,2303,1784808002.3035345,8,0.02005481719970703,0.002506852149963379,True
12,2304,1784808002.3240156,8,0.02203965187072754,0.0027549564838409424,True
12,2305,1784808002.3463128,8,0.020485639572143555,0.0025607049465179443,True
12,2306,1784808002.3673527,8,0.019066810607910156,0.0023833513259887695,True
12,2307,1784808002.3867517,8,0.020246267318725586,0.0025307834148406982,True
12,2308,1784808002.4074812,8,0.019443750381469727,0.002430468797683716,True
12,2309,1784808002.4271898,8,0.018980026245117188,0.0023725032806396484,True
12,2310,1784808002.4465878,8,0.01956939697265625,0.0024461746215820312,True
12,2311,1784808002.4665704,8,0.02164459228515625,0.0027055740356445312,True
12,2312,1784808002.4886615,8,0.019470930099487305,0.002433866262435913,True
12,2313,1784808002.5093217,8,0.01976323127746582,0.0024704039096832275,True
12,2314,1784808002.5293264,8,0.018907785415649414,0.0023634731769561768,True
12,2315,1784808002.5490797,8,0.02184581756591797,0.002730727195739746,True
12,2316,1784808002.57219,8,0.01880955696105957,0.0023511946201324463,True
12,2317,1784808002.5916688,8,0.0204470157623291,0.0025558769702911377,True
12,2318,1784808002.612423,8,0.021025657653808594,0.0026282072067260742,True
12,2319,1784808002.633941,8,0.020746231079101562,0.0025932788848876953,True
12,2320,1784808002.655134,8,0.01896834373474121,0.0023710429668426514,True
12,2321,1784808002.6748033,8,0.02295231819152832,0.00286903977394104,True
12,2322,1784808002.6994038,8,0.019908666610717773,0.0024885833263397217,True
12,2323,1784808002.7198238,8,0.020594358444213867,0.0025742948055267334,True
12,2324,1784808002.7408583,8,0.020949363708496094,0.0026186704635620117,True
12,2325,1784808002.762236,8,0.021253585815429688,0.002656698226928711,True
12,2326,1784808002.7842417,8,0.019750118255615234,0.0024687647819519043,True
12,2327,1784808002.804377,8,0.021193504333496094,0.0026491880416870117,True
12,2328,1784808002.8259354,8,0.018689393997192383,0.002336174249649048,True
12,2329,1784808002.8449988,8,0.0214998722076416,0.0026874840259552,True
12,2330,1784808002.866851,8,0.019819974899291992,0.002477496862411499,True
12,2331,1784808002.8870115,8,0.0204315185546875,0.0025539398193359375,True
12,2332,1784808002.9077394,8,0.020659923553466797,0.0025824904441833496,True
12,2333,1784808002.928885,8,0.019230365753173828,0.0024037957191467285,True
12,2334,1784808002.9485452,8,0.0215609073638916,0.00269511342048645,True
12,2335,1784808002.9703872,8,0.019247770309448242,0.0024059712886810303,True
12,2336,1784808002.9900093,8,0.01921868324279785,0.0024023354053497314,True
12,2337,1784808003.009571,8,0.021207809448242188,0.0026509761810302734,True
12,2338,1784808003.0310817,8,0.020874977111816406,0.0026093721389770508,True
12,2339,1784808003.052241,8,0.019943952560424805,0.0024929940700531006,True
12,2340,1784808003.0725431,8,0.019890785217285156,0.0024863481521606445,True
12,2341,1784808003.0928268,8,0.01917862892150879,0.0023973286151885986,True
12,2342,1784808003.1122859,8,0.020441532135009766,0.0025551915168762207,True
12,2343,1784808003.1330895,8,0.018790245056152344,0.002348780632019043,True
12,2344,1784808003.1522632,8,0.02005624771118164,0.002507030963897705,True
12,2345,1784808003.172752,8,0.020117521286010742,0.0025146901607513428,True
12,2346,1784808003.193253,8,0.01970815658569336,0.00246351957321167,True
12,2347,1784808003.2133584,8,0.02098226547241211,0.0026227831840515137,True
12,2348,1784808003.2346103,8,0.020298004150390625,0.002537250518798828,True
12,2349,1784808003.255262,8,0.02033233642578125,0.0025415420532226562,True
12,2350,1784808003.2759035,8,0.0226593017578125,0.0028324127197265625,True
12,2351,1784808003.298892,8,0.019679546356201172,0.0024599432945251465,True
12,2352,1784808003.318939,8,0.019724607467651367,0.002465575933456421,True
12,2353,1784808003.339019,8,0.021173715591430664,0.002646714448928833,True
12,2354,1784808003.3606393,8,0.019501686096191406,0.0024377107620239258,True
12,2355,1784808003.3805168,8,0.01937413215637207,0.002421766519546509,True
12,2356,1784808003.400447,8,0.01942610740661621,0.0024282634258270264,True
12,2357,1784808003.420304,8,0.019863367080688477,0.0024829208850860596,True
12,2358,1784808003.44052,8,0.01991438865661621,0.0024892985820770264,True
12,2359,1784808003.4607944,8,0.018943071365356445,0.0023678839206695557,True
12,2360,1784808003.4806514,8,0.021018505096435547,0.0026273131370544434,True
12,2361,1784808003.5023587,8,0.01961064338684082,0.0024513304233551025,True
12,2362,1784808003.522289,8,0.018789291381835938,0.002348661422729492,True
12,2363,1784808003.54155,8,0.018746376037597656,0.002343297004699707,True
12,2364,1784808003.560645,8,0.020869970321655273,0.002608746290206909,True
12,2365,1784808003.5818815,8,0.021491289138793945,0.002686411142349243,True
12,2366,1784808003.603757,8,0.019117355346679688,0.002389669418334961,True
12,2367,1784808003.6235478,8,0.02015542984008789,0.0025194287300109863,True
12,2368,1784808003.6442268,8,0.02099323272705078,0.0026241540908813477,True
12,2369,1784808003.665584,8,0.019927501678466797,0.0024909377098083496,True
12,2370,1784808003.6858928,8,0.02078723907470703,0.002598404884338379,True
12,2371,1784808003.7069943,8,0.01937079429626465,0.002421349287033081,True
12,2372,1784808003.7266526,8,0.018163442611694336,0.002270430326461792,True
12,2373,1784808003.7455103,8,0.020673036575317383,0.002584129571914673,True
12,2374,1784808003.7665045,8,0.019326210021972656,0.002415776252746582,True
12,2375,1784808003.7863138,8,0.019814014434814453,0.0024767518043518066,True
12,2376,1784808003.8066444,8,0.02003192901611328,0.00250399112701416,True
12,2377,1784808003.826979,8,0.019310474395751953,0.002413809299468994,True
12,2378,1784808003.8465586,8,0.02156686782836914,0.0026958584785461426,True
12,2379,1784808003.8684804,8,0.02037668228149414,0.0025470852851867676,True
12,2380,1784808003.889216,8,0.01938652992248535,0.002423316240310669,True
12,2381,1784808003.9089556,8,0.021419525146484375,0.002677440643310547,True
12,2382,1784808003.9307477,8,0.020624399185180664,0.002578049898147583,True
12,2383,1784808003.951717,8,0.020186424255371094,0.0025233030319213867,True
12,2384,1784808003.9724038,8,0.019263029098510742,0.0024078786373138428,True
12,2385,1784808003.9919975,8,0.01965045928955078,0.0024563074111938477,True
12,2386,1784808004.0120552,8,0.019431352615356445,0.0024289190769195557,True
12,2387,1784808004.0319998,8,0.020686626434326172,0.0025858283042907715,True
12,2388,1784808004.0530767,8,0.02039790153503418,0.0025497376918792725,True
12,2389,1784808004.0744402,8,0.020520448684692383,0.002565056085586548,True
12,2390,1784808004.0955808,8,0.02091503143310547,0.0026143789291381836,True
12,2391,1784808004.116888,8,0.021070241928100586,0.0026337802410125732,True
12,2392,1784808004.1383598,8,0.02093982696533203,0.002617478370666504,True
12,2393,1784808004.1597276,8,0.020510196685791016,0.002563774585723877,True
12,2394,1784808004.1805422,8,0.020784854888916016,0.002598106861114502,True
12,2395,1784808004.201686,8,0.021265268325805664,0.002658158540725708,True
12,2396,1784808004.2233121,8,0.02037525177001953,0.0025469064712524414,True
12,2397,1784808004.2441473,8,0.018329858779907227,0.0022912323474884033,True
12,2398,1784808004.2629755,8,0.020763635635375977,0.002595454454421997,True
12,2399,1784808004.2840385,8,0.020261526107788086,0.0025326907634735107,True
12,2400,1784808004.3046412,8,0.020903348922729492,0.0026129186153411865,True
12,2401,1784808004.3258111,8,0.020343303680419922,0.0025429129600524902,True
12,2402,1784808004.3464603,8,0.020374536514282227,0.0025468170642852783,True
12,2403,1784808004.3672338,8,0.019181489944458008,0.002397686243057251,True
12,2404,1784808004.3867342,8,0.021159887313842773,0.0026449859142303467,True
12,2405,1784808004.4083793,8,0.025592803955078125,0.0031991004943847656,True
12,2406,1784808004.4348323,8,0.016466379165649414,0.0020582973957061768,True
12,2407,1784808004.4518402,8,0.020484209060668945,0.002560526132583618,True
12,2408,1784808004.472961,8,0.020775794982910156,0.0025969743728637695,True
12,2409,1784808004.494382,8,0.01909494400024414,0.0023868680000305176,True
12,2410,1784808004.5139394,8,0.02025628089904785,0.0025320351123809814,True
12,2411,1784808004.5345805,8,0.020301342010498047,0.002537667751312256,True
12,2412,1784808004.555309,8,0.019557952880859375,0.002444744110107422,True
12,2413,1784808004.575305,8,0.021445512771606445,0.0026806890964508057,True
12,2414,1784808004.5971584,8,0.01889824867248535,0.002362281084060669,True
12,2415,1784808004.6165001,8,0.019298315048217773,0.0024122893810272217,True
12,2416,1784808004.6361935,8,0.020160436630249023,0.002520054578781128,True
12,2417,1784808004.6567552,8,0.019512653350830078,0.0024390816688537598,True
12,2418,1784808004.6766245,8,0.020036935806274414,0.0025046169757843018,True
12,2419,1784808004.6970954,8,0.019536972045898438,0.0024421215057373047,True
12,2420,1784808004.717051,8,0.019090652465820312,0.002386331558227539,True
12,2421,1784808004.7364051,8,0.020136356353759766,0.0025170445442199707,True
12,2422,1784808004.7568038,8,0.02225351333618164,0.002781689167022705,True
12,2423,1784808004.7794695,8,0.02173161506652832,0.00271645188331604,True
12,2424,1784808004.8016376,8,0.019603252410888672,0.002450406551361084,True
12,2425,1784808004.8215625,8,0.01936817169189453,0.0024210214614868164,True
12,2426,1784808004.8413305,8,0.019826650619506836,0.0024783313274383545,True
12,2427,1784808004.8615782,8,0.02199697494506836,0.002749621868133545,True
12,2428,1784808004.8838913,8,0.01985478401184082,0.0024818480014801025,True
12,2429,1784808004.9043157,8,0.020701169967651367,0.002587646245956421,True
12,2430,1784808004.9253922,8,0.019448041915893555,0.0024310052394866943,True
12,2431,1784808004.945348,8,0.022994518280029297,0.002874314785003662,True
12,2432,1784808004.9687045,8,0.01774001121520996,0.002217501401901245,True
12,2433,1784808004.9867206,8,0.0184023380279541,0.0023002922534942627,True
12,2434,1784808005.0054379,8,0.021280288696289062,0.002660036087036133,True
12,2435,1784808005.027302,8,0.020560503005981445,0.0025700628757476807,True
12,2436,1784808005.0482605,8,0.019110441207885742,0.0023888051509857178,True
12,2437,1784808005.0676641,8,0.01952505111694336,0.00244063138961792,True
12,2438,1784808005.087504,8,0.021010875701904297,0.002626359462738037,True
12,2439,1784808005.1088645,8,0.018938541412353516,0.0023673176765441895,True
12,2440,1784808005.1282363,8,0.020072221755981445,0.0025090277194976807,True
12,2441,1784808005.1486938,8,0.022272109985351562,0.0027840137481689453,True
12,2442,1784808005.1714833,8,0.018422603607177734,0.002302825450897217,True
12,2443,1784808005.1904883,8,0.02128314971923828,0.002660393714904785,True
12,2444,1784808005.2121224,8,0.019235849380493164,0.0024044811725616455,True
12,2445,1784808005.231811,8,0.020563840866088867,0.0025704801082611084,True
12,2446,1784808005.2533212,8,0.019293546676635742,0.0024116933345794678,True
12,2447,1784808005.273294,8,0.019342660903930664,0.002417832612991333,True
12,2448,1784808005.293455,8,0.020362138748168945,0.002545267343521118,True
12,2449,1784808005.3143084,8,0.01979804039001465,0.002474755048751831,True
12,2450,1784808005.3344777,8,0.020787715911865234,0.0025984644889831543,True
12,2451,1784808005.3556683,8,0.019772768020629883,0.0024715960025787354,True
12,2452,1784808005.375797,8,0.01926136016845703,0.002407670021057129,True
12,2453,1784808005.3954425,8,0.021296262741088867,0.0026620328426361084,True
12,2454,1784808005.4177911,8,0.0194091796875,0.0024261474609375,True
12,2455,1784808005.4375277,8,0.020359516143798828,0.0025449395179748535,True
12,2456,1784808005.4588687,8,0.02082681655883789,0.0026033520698547363,True
12,2457,1784808005.4806993,8,0.021358728408813477,0.0026698410511016846,True
12,2458,1784808005.5026543,8,0.02044224739074707,0.002555280923843384,True
12,2459,1784808005.5235496,8,0.0220944881439209,0.0027618110179901123,True
12,2460,1784808005.5464182,8,0.020235061645507812,0.0025293827056884766,True
12,2461,1784808005.5669959,8,0.02084660530090332,0.002605825662612915,True
12,2462,1784808005.5882275,8,0.01804971694946289,0.0022562146186828613,True
12,2463,1784808005.6066139,8,0.020766019821166992,0.002595752477645874,True
12,2464,1784808005.6276727,8,0.02073192596435547,0.0025914907455444336,True
12,2465,1784808005.648822,8,0.01963019371032715,0.0024537742137908936,True
12,2466,1784808005.668836,8,0.01987290382385254,0.0024841129779815674,True
12,2467,1784808005.6891475,8,0.020155906677246094,0.0025194883346557617,True
12,2468,1784808005.7095525,8,0.020596742630004883,0.0025745928287506104,True
12,2469,1784808005.7304218,8,0.02043771743774414,0.0025547146797180176,True
12,2470,1784808005.7513225,8,0.021680355072021484,0.0027100443840026855,True
12,2471,1784808005.7734027,8,0.01970958709716797,0.002463698387145996,True
12,2472,1784808005.7935832,8,0.020962238311767578,0.0026202797889709473,True
12,2473,1784808005.814817,8,0.020421981811523438,0.0025527477264404297,True
12,2474,1784808005.8355541,8,0.020753145217895508,0.0025941431522369385,True
12,2475,1784808005.8566961,8,0.01985955238342285,0.0024824440479278564,True
12,2476,1784808005.8772776,8,0.01945328712463379,0.0024316608905792236,True
12,2477,1784808005.897235,8,0.02004218101501465,0.002505272626876831,True
12,2478,1784808005.91862,8,0.01907181739807129,0.002383977174758911,True
12,2479,1784808005.938471,8,0.01974797248840332,0.002468496561050415,True
12,2480,1784808005.9585395,8,0.01960468292236328,0.00245058536529541,True
12,2481,1784808005.9784832,8,0.018429040908813477,0.0023036301136016846,True
12,2482,1784808005.9974809,8,0.021605968475341797,0.0027007460594177246,True
12,2483,1784808006.0193744,8,0.0185544490814209,0.0023193061351776123,True
12,2484,1784808006.0382838,8,0.020917654037475586,0.0026147067546844482,True
12,2485,1784808006.059543,8,0.018606901168823242,0.0023258626461029053,True
12,2486,1784808006.0784953,8,0.02106642723083496,0.00263330340385437,True
12,2487,1784808006.099962,8,0.020550012588500977,0.002568751573562622,True
12,2488,1784808006.120938,8,0.019787073135375977,0.002473384141921997,True
12,2489,1784808006.1409748,8,0.019084453582763672,0.002385556697845459,True
12,2490,1784808006.1606445,8,0.02068042755126953,0.0025850534439086914,True
12,2491,1784808006.1816611,8,0.018732309341430664,0.002341538667678833,True
12,2492,1784808006.2007897,8,0.02090740203857422,0.0026134252548217773,True
12,2493,1784808006.2222683,8,0.018906593322753906,0.0023633241653442383,True
12,2494,1784808006.2414646,8,0.020012617111206055,0.002501577138900757,True
12,2495,1784808006.2618942,8,0.019021272659301758,0.0023776590824127197,True
12,2496,1784808006.281413,8,0.01997542381286621,0.0024969279766082764,True
12,2497,1784808006.3017046,8,0.020389080047607422,0.0025486350059509277,True
12,2498,1784808006.3225305,8,0.018980979919433594,0.0023726224899291992,True
12,2499,1784808006.3419054,8,0.020272254943847656,0.002534031867980957,True
12,2500,1784808006.3626397,8,0.020097732543945312,0.002512216567993164,True
12,2501,1784808006.3832152,8,0.022499561309814453,0.0028124451637268066,True
12,2502,1784808006.4061153,8,0.01763439178466797,0.002204298973083496,True
12,2503,1784808006.4241593,8,0.018684864044189453,0.0023356080055236816,True
12,2504,1784808006.4434898,8,0.020846843719482422,0.0026058554649353027,True
12,2505,1784808006.4646668,8,0.020236492156982422,0.0025295615196228027,True
12,2506,1784808006.48576,8,0.021316051483154297,0.002664506435394287,True
12,2507,1784808006.5074763,8,0.02151942253112793,0.002689927816390991,True
12,2508,1784808006.529478,8,0.018770217895507812,0.0023462772369384766,True
12,2509,1784808006.5485582,8,0.019757509231567383,0.002469688653945923,True
12,2510,1784808006.5686946,8,0.021325111389160156,0.0026656389236450195,True
12,2511,1784808006.5905316,8,0.021235942840576172,0.0026544928550720215,True
12,2512,1784808006.6121082,8,0.0204012393951416,0.0025501549243927,True
12,2513,1784808006.6329176,8,0.018422603607177734,0.002302825450897217,True
12,2514,1784808006.6518464,8,0.02249598503112793,0.002811998128890991,True
12,2515,1784808006.6753123,8,0.020798921585083008,0.002599865198135376,True
12,2516,1784808006.6965163,8,0.01965188980102539,0.002456486225128174,True
12,2517,1784808006.7166142,8,0.02105879783630371,0.002632349729537964,True
12,2518,1784808006.7379844,8,0.019230365753173828,0.0024037957191467285,True
12,2519,1784808006.7575607,8,0.02134418487548828,0.002668023109436035,True
12,2520,1784808006.7792497,8,0.02054595947265625,0.0025682449340820312,True
12,2521,1784808006.800129,8,0.020638227462768555,0.0025797784328460693,True
12,2522,1784808006.8211932,8,0.018963336944580078,0.0023704171180725098,True
12,2523,1784808006.8404284,8,0.019257783889770508,0.0024072229862213135,True
12,2524,1784808006.860079,8,0.01869368553161621,0.0023367106914520264,True
12,2525,1784808006.8793373,8,0.020531654357910156,0.0025664567947387695,True
12,2526,1784808006.900205,8,0.019832134246826172,0.0024790167808532715,True
12,2527,1784808006.9205482,8,0.021408557891845703,0.002676069736480713,True
12,2528,1784808006.9425616,8,0.01953887939453125,0.0024423599243164062,True
12,2529,1784808006.9626567,8,0.01905226707458496,0.00238153338432312,True
12,2530,1784808006.9820476,8,0.0198209285736084,0.00247761607170105,True
12,2531,1784808007.0022814,8,0.01994156837463379,0.0024926960468292236,True
12,2532,1784808007.0226555,8,0.020012617111206055,0.002501577138900757,True
12,2533,1784808007.0432572,8,0.020839929580688477,0.0026049911975860596,True
12,2534,1784808007.0645046,8,0.021260499954223633,0.002657562494277954,True
12,2535,1784808007.0862577,8,0.01812458038330078,0.0022655725479125977,True
12,2536,1784808007.1047456,8,0.0205075740814209,0.0025634467601776123,True
12,2537,1784808007.1256645,8,0.01875448226928711,0.0023443102836608887,True
12,2538,1784808007.1447525,8,0.02066659927368164,0.002583324909210205,True
12,2539,1784808007.1657271,8,0.021198034286499023,0.002649754285812378,True
12,2540,1784808007.187263,8,0.02154850959777832,0.00269356369972229,True
12,2541,1784808007.2091563,8,0.014984130859375,0.001873016357421875,True
12,2542,1784808007.22441,8,0.02115011215209961,0.002643764019012451,True
12,2543,1784808007.2459376,8,0.019173860549926758,0.0023967325687408447,True
12,2544,1784808007.2655396,8,0.01980423927307129,0.002475529909133911,True
12,2545,1784808007.2856545,8,0.021896839141845703,0.002737104892730713,True
12,2546,1784808007.3078306,8,0.01916790008544922,0.0023959875106811523,True
12,2547,1784808007.3273716,8,0.019937753677368164,0.0024922192096710205,True
12,2548,1784808007.3477063,8,0.021828889846801758,0.0027286112308502197,True
12,2549,1784808007.3698657,8,0.019308805465698242,0.0024136006832122803,True
12,2550,1784808007.3894904,8,0.019434452056884766,0.0024293065071105957,True
12,2551,1784808007.4092798,8,0.021077394485473633,0.002634674310684204,True
12,2552,1784808007.4307618,8,0.020413875579833984,0.002551734447479248,True
12,2553,1784808007.4514775,8,0.01920151710510254,0.0024001896381378174,True
12,2554,1784808007.4709797,8,0.020930767059326172,0.0026163458824157715,True
12,2555,1784808007.4922595,8,0.02010822296142578,0.0025135278701782227,True
12,2556,1784808007.512848,8,0.02154254913330078,0.0026928186416625977,True
12,2557,1784808007.534821,8,0.020437955856323242,0.0025547444820404053,True
12,2558,1784808007.555682,8,0.019617080688476562,0.0024521350860595703,True
12,2559,1784808007.5756798,8,0.019974470138549805,0.0024968087673187256,True
12,2560,1784808007.5960526,8,0.020381927490234375,0.002547740936279297,True
12,2561,1784808007.6167727,8,0.019817829132080078,0.0024772286415100098,True
12,2562,1784808007.6370735,8,0.021064281463623047,0.002633035182952881,True
12,2563,1784808007.6585073,8,0.018236637115478516,0.0022795796394348145,True
12,2564,1784808007.6772792,8,0.020753145217895508,0.0025941431522369385,True
12,2565,1784808007.6982832,8,0.019921064376831055,0.002490133047103882,True
12,2566,1784808007.718581,8,0.019804000854492188,0.0024755001068115234,True
12,2567,1784808007.738743,8,0.020071029663085938,0.002508878707885742,True
12,2568,1784808007.7591667,8,0.021799325942993164,0.0027249157428741455,True
12,2569,1784808007.7813106,8,0.019014835357666016,0.002376854419708252,True
12,2570,1784808007.80092,8,0.02109217643737793,0.002636522054672241,True
12,2571,1784808007.8223808,8,0.01980876922607422,0.0024760961532592773,True
12,2572,1784808007.8428411,8,0.01971721649169922,0.0024646520614624023,True
12,2573,1784808007.862988,8,0.01963210105895996,0.002454012632369995,True
12,2574,1784808007.8829272,8,0.01861715316772461,0.002327144145965576,True
12,2575,1784808007.9019387,8,0.020209074020385742,0.0025261342525482178,True
12,2576,1784808007.9224675,8,0.018985271453857422,0.0023731589317321777,True
12,2577,1784808007.9418788,8,0.02051568031311035,0.002564460039138794,True
12,2578,1784808007.962865,8,0.018377304077148438,0.0022971630096435547,True
12,2579,1784808007.981644,8,0.01967787742614746,0.0024597346782684326,True
12,2580,1784808008.0019612,8,0.019423246383666992,0.002427905797958374,True
12,2581,1784808008.0216901,8,0.019506454467773438,0.0024383068084716797,True
12,2582,1784808008.0415368,8,0.020763874053955078,0.0025954842567443848,True
12,2583,1784808008.0625842,8,0.019640684127807617,0.002455085515975952,True
12,2584,1784808008.0826392,8,0.01970052719116211,0.0024625658988952637,True
12,2585,1784808008.1025825,8,0.021358489990234375,0.002669811248779297,True
12,2586,1784808008.1248906,8,0.018777847290039062,0.002347230911254883,True
12,2587,1784808008.1439183,8,0.020190715789794922,0.0025238394737243652,True
12,2588,1784808008.1645582,8,0.019086837768554688,0.002385854721069336,True
12,2589,1784808008.1839192,8,0.02106785774230957,0.0026334822177886963,True
12,2590,1784808008.2053392,8,0.02037954330444336,0.00254744291305542,True
12,2591,1784808008.2260804,8,0.017899751663208008,0.002237468957901001,True
12,2592,1784808008.2443244,8,0.01828289031982422,0.0022853612899780273,True
12,2593,1784808008.2630348,8,0.019910573959350586,0.0024888217449188232,True
12,2594,1784808008.2833219,8,0.023087024688720703,0.002885878086090088,True
12,2595,1784808008.3067014,8,0.019018173217773438,0.0023772716522216797,True
12,2596,1784808008.3260791,8,0.01987743377685547,0.0024846792221069336,True
12,2597,1784808008.346375,8,0.022812843322753906,0.0028516054153442383,True
12,2598,1784808008.3696182,8,0.01912975311279297,0.002391219139099121,True
12,2599,1784808008.389187,8,0.02167963981628418,0.0027099549770355225,True
12,2600,1784808008.411261,8,0.018658876419067383,0.002332359552383423,True
12,2601,1784808008.4302557,8,0.019373416900634766,0.0024216771125793457,True
12,2602,1784808008.4501662,8,0.020877599716186523,0.0026096999645233154,True
12,2603,1784808008.471561,8,0.0196990966796875,0.0024623870849609375,True
12,2604,1784808008.491654,8,0.02150583267211914,0.0026882290840148926,True
12,2605,1784808008.5136135,8,0.018822908401489258,0.0023528635501861572,True
12,2606,1784808008.53275,8,0.019467592239379883,0.0024334490299224854,True
12,2607,1784808008.5525289,8,0.020596742630004883,0.0025745928287506104,True
12,2608,1784808008.5735948,8,0.019243478775024414,0.0024054348468780518,True
12,2609,1784808008.5931928,8,0.019568204879760742,0.0024460256099700928,True
12,2610,1784808008.6131005,8,0.019654512405395508,0.0024568140506744385,True
12,2611,1784808008.6330464,8,0.020306825637817383,0.002538353204727173,True
12,2612,1784808008.6538846,8,0.018548011779785156,0.0023185014724731445,True
12,2613,1784808008.6731958,8,0.020105838775634766,0.0025132298469543457,True
12,2614,1784808008.6936839,8,0.01788020133972168,0.00223502516746521,True
12,2615,1784808008.7119162,8,0.018764972686767578,0.0023456215858459473,True
12,2616,1784808008.7310662,8,0.018793344497680664,0.002349168062210083,True
12,2617,1784808008.7504091,8,0.019092082977294922,0.0023865103721618652,True
12,2618,1784808008.7702649,8,0.01949596405029297,0.002436995506286621,True
12,2619,1784808008.7900336,8,0.0200045108795166,0.002500563859939575,True
12,2620,1784808008.8104498,8,0.01825881004333496,0.00228235125541687,True
12,2621,1784808008.8291357,8,0.020119428634643555,0.0025149285793304443,True
12,2622,1784808008.8495913,8,0.018599510192871094,0.0023249387741088867,True
12,2623,1784808008.8697064,8,0.021144628524780273,0.002643078565597534,True
12,2624,1784808008.891296,8,0.019892454147338867,0.0024865567684173584,True
12,2625,1784808008.911647,8,0.02207803726196289,0.0027597546577453613,True
12,2626,1784808008.9340668,8,0.019992351531982422,0.0024990439414978027,True
12,2627,1784808008.9544427,8,0.01995110511779785,0.0024938881397247314,True
12,2628,1784808008.9748378,8,0.02013540267944336,0.00251692533493042,True
12,2629,1784808008.9953024,8,0.021198034286499023,0.002649754285812378,True
12,2630,1784808009.0170467,8,0.021932363510131836,0.0027415454387664795,True
12,2631,1784808009.0393963,8,0.019567489624023438,0.0024459362030029297,True
12,2632,1784808009.0593805,8,0.018759965896606445,0.0023449957370758057,True
12,2633,1784808009.0784795,8,0.019449949264526367,0.002431243658065796,True
12,2634,1784808009.098785,8,0.018466711044311523,0.0023083388805389404,True
12,2635,1784808009.1176288,8,0.019301414489746094,0.0024126768112182617,True
12,2636,1784808009.1373067,8,0.020436525344848633,0.002554565668106079,True
12,2637,1784808009.1583877,8,0.020185470581054688,0.002523183822631836,True
12,2638,1784808009.1791232,8,0.020725727081298828,0.0025907158851623535,True
12,2639,1784808009.2005072,8,0.018646717071533203,0.0023308396339416504,True
12,2640,1784808009.219415,8,0.02056121826171875,0.0025701522827148438,True
12,2641,1784808009.2403507,8,0.017978191375732422,0.0022472739219665527,True
12,2642,1784808009.2585824,8,0.0214231014251709,0.0026778876781463623,True
12,2643,1784808009.2803595,8,0.020050525665283203,0.0025063157081604004,True
12,2644,1784808009.300801,8,0.018748044967651367,0.002343505620956421,True
12,2645,1784808009.31984,8,0.019756078720092773,0.0024695098400115967,True
12,2646,1784808009.3401492,8,0.020333051681518555,0.0025416314601898193,True
12,2647,1784808009.3608463,8,0.020737648010253906,0.0025922060012817383,True
12,2648,1784808009.3819277,8,0.018924713134765625,0.002365589141845703,True
12,2649,1784808009.4012704,8,0.020226716995239258,0.0025283396244049072,True
12,2650,1784808009.421868,8,0.02012157440185547,0.0025151968002319336,True
12,2651,1784808009.4424002,8,0.01979851722717285,0.0024748146533966064,True
12,2652,1784808009.4624624,8,0.020829439163208008,0.002603679895401001,True
12,2653,1784808009.483576,8,0.019941091537475586,0.0024926364421844482,True
12,2654,1784808009.5038383,8,0.019800424575805664,0.002475053071975708,True
12,2655,1784808009.523927,8,0.02066326141357422,0.0025829076766967773,True
12,2656,1784808009.5449057,8,0.019104719161987305,0.002388089895248413,True
12,2657,1784808009.5643117,8,0.02002716064453125,0.0025033950805664062,True
12,2658,1784808009.5846574,8,0.019877910614013672,0.002484738826751709,True
12,2659,1784808009.6048865,8,0.01966691017150879,0.0024583637714385986,True
12,2660,1784808009.6249635,8,0.02119588851928711,0.0026494860649108887,True
12,2661,1784808009.6464338,8,0.020859241485595703,0.002607405185699463,True
12,2662,1784808009.6678495,8,0.020071983337402344,0.002508997917175293,True
12,2663,1784808009.6883965,8,0.020069360733032227,0.0025086700916290283,True
12,2664,1784808009.7089472,8,0.021549224853515625,0.002693653106689453,True
12,2665,1784808009.7308843,8,0.02162027359008789,0.0027025341987609863,True
12,2666,1784808009.7529638,8,0.019765377044677734,0.002470672130584717,True
12,2667,1784808009.7731733,8,0.02062702178955078,0.0025783777236938477,True
12,2668,1784808009.7940972,8,0.019533395767211914,0.0024416744709014893,True
12,2669,1784808009.81425,8,0.020755529403686523,0.0025944411754608154,True
12,2670,1784808009.835817,8,0.020802974700927734,0.002600371837615967,True
12,2671,1784808009.8577244,8,0.020546913146972656,0.002568364143371582,True
12,2672,1784808009.8786404,8,0.019783973693847656,0.002472996711730957,True
12,2673,1784808009.898692,8,0.018680810928344727,0.002335101366043091,True
12,2674,1784808009.917716,8,0.019342899322509766,0.0024178624153137207,True
12,2675,1784808009.9374404,8,0.02002882957458496,0.00250360369682312,True
12,2676,1784808009.9577649,8,0.02073526382446289,0.0025919079780578613,True
12,2677,1784808009.9789126,8,0.020041465759277344,0.002505183219909668,True
12,2678,1784808009.9993453,8,0.020671606063842773,0.0025839507579803467,True
12,2679,1784808010.0204043,8,0.019702911376953125,0.0024628639221191406,True
12,2680,1784808010.0404704,8,0.019286155700683594,0.0024107694625854492,True
12,2681,1784808010.0601544,8,0.019665956497192383,0.002458244562149048,True
12,2682,1784808010.08021,8,0.023998737335205078,0.0029998421669006348,True
12,2683,1784808010.1045995,8,0.017598628997802734,0.002199828624725342,True
12,2684,1784808010.122542,8,0.020078182220458984,0.002509772777557373,True
12,2685,1784808010.1430092,8,0.018543481826782227,0.0023179352283477783,True
12,2686,1784808010.1619189,8,0.019846677780151367,0.002480834722518921,True
12,2687,1784808010.182077,8,0.01968097686767578,0.0024601221084594727,True
12,2688,1784808010.20214,8,0.021114110946655273,0.002639263868331909,True
12,2689,1784808010.2243917,8,0.021317720413208008,0.002664715051651001,True
12,2690,1784808010.2465842,8,0.01894688606262207,0.002368360757827759,True
12,2691,1784808010.2660766,8,0.02134108543395996,0.002667635679244995,True
12,2692,1784808010.28789,8,0.02094292640686035,0.002617865800857544,True
12,2693,1784808010.3091815,8,0.021272659301757812,0.0026590824127197266,True
12,2694,1784808010.3307366,8,0.019793987274169922,0.0024742484092712402,True
12,2695,1784808010.351004,8,0.020502328872680664,0.002562791109085083,True
12,2696,1784808010.3723407,8,0.020180702209472656,0.002522587776184082,True
12,2697,1784808010.3928783,8,0.020965099334716797,0.0026206374168395996,True
12,2698,1784808010.4141843,8,0.021028757095336914,0.0026285946369171143,True
12,2699,1784808010.4358594,8,0.019324541091918945,0.002415567636489868,True
12,2700,1784808010.4555376,8,0.02026653289794922,0.0025333166122436523,True
12,2701,1784808010.4761713,8,0.019219398498535156,0.0024024248123168945,True
12,2702,1784808010.4957366,8,0.02054142951965332,0.002567678689956665,True
12,2703,1784808010.5166593,8,0.018872737884521484,0.0023590922355651855,True
12,2704,1784808010.5358715,8,0.02123236656188965,0.002654045820236206,True
12,2705,1784808010.5574937,8,0.018682241439819336,0.002335280179977417,True
12,2706,1784808010.576513,8,0.020440340042114258,0.0025550425052642822,True
12,2707,1784808010.5972838,8,0.020144224166870117,0.0025180280208587646,True
12,2708,1784808010.6177244,8,0.01957416534423828,0.002446770668029785,True
12,2709,1784808010.6375823,8,0.019878387451171875,0.0024847984313964844,True
12,2710,1784808010.6577275,8,0.02025151252746582,0.0025314390659332275,True
12,2711,1784808010.6785328,8,0.01961827278137207,0.002452284097671509,True
12,2712,1784808010.6984346,8,0.022089481353759766,0.0027611851692199707,True
12,2713,1784808010.7209365,8,0.019294023513793945,0.002411752939224243,True
12,2714,1784808010.740659,8,0.019488811492919922,0.0024361014366149902,True
12,2715,1784808010.7604325,8,0.018892288208007812,0.0023615360260009766,True
12,2716,1784808010.779755,8,0.01961493492126465,0.002451866865158081,True
12,2717,1784808010.7996905,8,0.021346092224121094,0.0026682615280151367,True
12,2718,1784808010.8218517,8,0.020257949829101562,0.0025322437286376953,True
12,2719,1784808010.8424165,8,0.01955699920654297,0.002444624900817871,True
12,2720,1784808010.8623548,8,0.02055668830871582,0.0025695860385894775,True
12,2721,1784808010.8833976,8,0.021152496337890625,0.002644062042236328,True
12,2722,1784808010.9048407,8,0.01894211769104004,0.002367764711380005,True
12,2723,1784808010.9241438,8,0.01968550682067871,0.002460688352584839,True
12,2724,1784808010.9442694,8,0.0196075439453125,0.0024509429931640625,True
12,2725,1784808010.964405,8,0.018331289291381836,0.0022914111614227295,True
12,2726,1784808010.9831123,8,0.019082307815551758,0.0023852884769439697,True
12,2727,1784808011.0025125,8,0.02219700813293457,0.0027746260166168213,True
12,2728,1784808011.0250125,8,0.019507408142089844,0.0024384260177612305,True
12,2729,1784808011.0449092,8,0.0195162296295166,0.002439528703689575,True
12,2730,1784808011.0648673,8,0.020345687866210938,0.002543210983276367,True
12,2731,1784808011.0855184,8,0.019687652587890625,0.002460956573486328,True
12,2732,1784808011.1056392,8,0.021892070770263672,0.002736508846282959,True
12,2733,1784808011.1281793,8,0.01860332489013672,0.00232541561126709,True
12,2734,1784808011.1470976,8,0.020375490188598633,0.002546936273574829,True
12,2735,1784808011.1679618,8,0.020119905471801758,0.0025149881839752197,True
12,2736,1784808011.1886497,8,0.02387237548828125,0.0029840469360351562,True
12,2737,1784808011.213146,8,0.014726400375366211,0.0018408000469207764,True
12,2738,1784808011.2282677,8,0.020294666290283203,0.0025368332862854004,True
12,2739,1784808011.2488914,8,0.01934194564819336,0.00241774320602417,True
12,2740,1784808011.2686374,8,0.019847631454467773,0.0024809539318084717,True
12,2741,1784808011.2888534,8,0.020477294921875,0.002559661865234375,True
12,2742,1784808011.3096907,8,0.020027875900268555,0.0025034844875335693,True
12,2743,1784808011.330172,8,0.02241826057434082,0.0028022825717926025,True
12,2744,1784808011.3531344,8,0.01925373077392578,0.0024067163467407227,True
12,2745,1784808011.3728602,8,0.019717693328857422,0.0024647116661071777,True
12,2746,1784808011.3929296,8,0.019606351852416992,0.002450793981552124,True
12,2747,1784808011.4128947,8,0.019500732421875,0.002437591552734375,True
12,2748,1784808011.4329906,8,0.01983928680419922,0.0024799108505249023,True
12,2749,1784808011.453108,8,0.019839048385620117,0.0024798810482025146,True
12,2750,1784808011.4732747,8,0.022135257720947266,0.002766907215118408,True
12,2751,1784808011.4958696,8,0.02037191390991211,0.0025464892387390137,True
12,2752,1784808011.5164833,8,0.018891096115112305,0.002361387014389038,True
12,2753,1784808011.535682,8,0.018891096115112305,0.002361387014389038,True
12,2754,1784808011.554991,8,0.025967121124267578,0.0032458901405334473,True
12,2755,1784808011.5814998,8,0.019994258880615234,0.0024992823600769043,True
12,2756,1784808011.6019828,8,0.020084857940673828,0.0025106072425842285,True
12,2757,1784808011.6226678,8,0.02000284194946289,0.0025003552436828613,True
12,2758,1784808011.6430037,8,0.020598411560058594,0.0025748014450073242,True
12,2759,1784808011.6640527,8,0.018941402435302734,0.002367675304412842,True
12,2760,1784808011.68339,8,0.021457672119140625,0.002682209014892578,True
12,2761,1784808011.7053335,8,0.018409252166748047,0.002301156520843506,True
12,2762,1784808011.7244375,8,0.019204378128051758,0.0024005472660064697,True
12,2763,1784808011.7439773,8,0.01955437660217285,0.0024442970752716064,True
12,2764,1784808011.76392,8,0.018596887588500977,0.002324610948562622,True
12,2765,1784808011.7828429,8,0.021074533462524414,0.0026343166828155518,True
12,2766,1784808011.804355,8,0.022039175033569336,0.002754896879196167,True
12,2767,1784808011.826825,8,0.021801471710205078,0.0027251839637756348,True
12,2768,1784808011.8489022,8,0.0202786922454834,0.002534836530685425,True
12,2769,1784808011.869682,8,0.022181272506713867,0.0027726590633392334,True
12,2770,1784808011.8921444,8,0.020173072814941406,0.0025216341018676758,True
12,2771,1784808011.9126716,8,0.019789457321166992,0.002473682165145874,True
12,2772,1784808011.9328344,8,0.020138263702392578,0.0025172829627990723,True
12,2773,1784808011.9532855,8,0.02027750015258789,0.0025346875190734863,True
12,2774,1784808011.973941,8,0.01891803741455078,0.0023647546768188477,True
12,2775,1784808011.993244,8,0.020340681076049805,0.0025425851345062256,True
12,2776,1784808012.0138793,8,0.019625186920166016,0.002453148365020752,True
12,2777,1784808012.0339026,8,0.019355058670043945,0.002419382333755493,True
12,2778,1784808012.053975,8,0.020680665969848633,0.002585083246231079,True
12,2779,1784808012.07515,8,0.01938462257385254,0.0024230778217315674,True
12,2780,1784808012.0950716,8,0.021224498748779297,0.002653062343597412,True
12,2781,1784808012.1166158,8,0.019208669662475586,0.0024010837078094482,True
12,2782,1784808012.1364455,8,0.02029585838317871,0.002536982297897339,True
12,2783,1784808012.1578336,8,0.020798444747924805,0.0025998055934906006,True
12,2784,1784808012.1794276,8,0.01983475685119629,0.002479344606399536,True
12,2785,1784808012.1997573,8,0.020471811294555664,0.002558976411819458,True
12,2786,1784808012.2206674,8,0.02040243148803711,0.0025503039360046387,True
12,2787,1784808012.2415125,8,0.01983642578125,0.00247955322265625,True
12,2788,1784808012.2616932,8,0.01876997947692871,0.002346247434616089,True
12,2789,1784808012.280967,8,0.01822829246520996,0.002278536558151245,True
12,2790,1784808012.299451,8,0.02034282684326172,0.002542853355407715,True
12,2791,1784808012.3200927,8,0.02059340476989746,0.0025741755962371826,True
12,2792,1784808012.3410683,8,0.019739866256713867,0.0024674832820892334,True
12,2793,1784808012.3613842,8,0.021331787109375,0.002666473388671875,True
12,2794,1784808012.3831217,8,0.020607471466064453,0.0025759339332580566,True
12,2795,1784808012.4041429,8,0.018782377243041992,0.002347797155380249,True
12,2796,1784808012.4242985,8,0.019811630249023438,0.0024764537811279297,True
12,2797,1784808012.444534,8,0.018864870071411133,0.0023581087589263916,True
12,2798,1784808012.4637768,8,0.021323680877685547,0.0026654601097106934,True
12,2799,1784808012.485679,8,0.021869182586669922,0.0027336478233337402,True
12,2800,1784808012.5078785,8,0.018575429916381836,0.0023219287395477295,True
12,2801,1784808012.5271678,8,0.01855635643005371,0.002319544553756714,True
12,2802,1784808012.5460675,8,0.021857261657714844,0.0027321577072143555,True
12,2803,1784808012.5683842,8,0.0197598934173584,0.0024699866771698,True
12,2804,1784808012.58842,8,0.023110389709472656,0.002888798713684082,True
12,2805,1784808012.611788,8,0.018906116485595703,0.002363264560699463,True
12,2806,1784808012.6309967,8,0.019535303115844727,0.002441912889480591,True
12,2807,1784808012.6509426,8,0.02142024040222168,0.00267753005027771,True
12,2808,1784808012.6727812,8,0.018576383590698242,0.0023220479488372803,True
12,2809,1784808012.6917908,8,0.01949453353881836,0.002436816692352295,True
12,2810,1784808012.7116125,8,0.019216537475585938,0.002402067184448242,True
12,2811,1784808012.73121,8,0.02033090591430664,0.00254136323928833,True
12,2812,1784808012.7518687,8,0.020899534225463867,0.0026124417781829834,True
12,2813,1784808012.773015,8,0.019714832305908203,0.0024643540382385254,True
12,2814,1784808012.7931883,8,0.01912856101989746,0.0023910701274871826,True
12,2815,1784808012.8126395,8,0.019572973251342773,0.0024466216564178467,True
12,2816,1784808012.8325388,8,0.020801782608032227,0.0026002228260040283,True
12,2817,1784808012.8541994,8,0.019803762435913086,0.0024754703044891357,True
12,2818,1784808012.8744595,8,0.019469261169433594,0.0024336576461791992,True
12,2819,1784808012.8942254,8,0.02006697654724121,0.0025083720684051514,True
12,2820,1784808012.9151297,8,0.020081758499145508,0.0025102198123931885,True
12,2821,1784808012.9360545,8,0.021913766860961914,0.0027392208576202393,True
12,2822,1784808012.958394,8,0.019058704376220703,0.002382338047027588,True
12,2823,1784808012.9777036,8,0.020433664321899414,0.0025542080402374268,True
12,2824,1784808012.9986784,8,0.019092559814453125,0.0023865699768066406,True
12,2825,1784808013.0181487,8,0.021065950393676758,0.0026332437992095947,True
12,2826,1784808013.0395243,8,0.020512104034423828,0.0025640130043029785,True
12,2827,1784808013.0603206,8,0.019646883010864258,0.0024558603763580322,True
12,2828,1784808013.0803306,8,0.020788908004760742,0.0025986135005950928,True
12,2829,1784808013.1021397,8,0.021486759185791016,0.002685844898223877,True
12,2830,1784808013.1241913,8,0.0192720890045166,0.002409011125564575,True
12,2831,1784808013.1438875,8,0.02093672752380371,0.002617090940475464,True
12,2832,1784808013.1651807,8,0.01777482032775879,0.0022218525409698486,True
12,2833,1784808013.1835442,8,0.019983768463134766,0.0024979710578918457,True
12,2834,1784808013.2039847,8,0.01973867416381836,0.002467334270477295,True
12,2835,1784808013.2243195,8,0.019985198974609375,0.002498149871826172,True
12,2836,1784808013.2447324,8,0.018471240997314453,0.0023089051246643066,True
12,2837,1784808013.2640657,8,0.01931476593017578,0.0024143457412719727,True
12,2838,1784808013.2851348,8,0.0201723575592041,0.0025215446949005127,True
12,2839,1784808013.3056746,8,0.02014470100402832,0.00251808762550354,True
12,2840,1784808013.3263004,8,0.019463300704956055,0.002432912588119507,True
12,2841,1784808013.3460662,8,0.019347190856933594,0.0024183988571166992,True
12,2842,1784808013.3659096,8,0.01875162124633789,0.0023439526557922363,True
12,2843,1784808013.3849933,8,0.019145965576171875,0.0023932456970214844,True
12,2844,1784808013.4044504,8,0.019876718521118164,0.0024845898151397705,True
12,2845,1784808013.4247243,8,0.020491600036621094,0.0025614500045776367,True
12,2846,1784808013.4456625,8,0.019921541213989258,0.0024901926517486572,True
12,2847,1784808013.465957,8,0.020968198776245117,0.0026210248470306396,True
12,2848,1784808013.4873698,8,0.017842531204223633,0.002230316400527954,True
12,2849,1784808013.5056293,8,0.0202333927154541,0.0025291740894317627,True
12,2850,1784808013.5262172,8,0.020580768585205078,0.0025725960731506348,True
12,2851,1784808013.5471869,8,0.020891904830932617,0.002611488103866577,True
12,2852,1784808013.5684876,8,0.019414424896240234,0.0024268031120300293,True
12,2853,1784808013.5884295,8,0.02114701271057129,0.002643376588821411,True
12,2854,1784808013.610003,8,0.01966094970703125,0.0024576187133789062,True
12,2855,1784808013.630046,8,0.019278287887573242,0.0024097859859466553,True
12,2856,1784808013.6496634,8,0.019298791885375977,0.002412348985671997,True
12,2857,1784808013.6693366,8,0.020816564559936523,0.0026020705699920654,True
12,2858,1784808013.6906726,8,0.018830537796020508,0.0023538172245025635,True
12,2859,1784808013.7100096,8,0.02066636085510254,0.0025832951068878174,True
12,2860,1784808013.731041,8,0.01913928985595703,0.002392411231994629,True
12,2861,1784808013.750952,8,0.01993274688720703,0.002491593360900879,True
12,2862,1784808013.7715144,8,0.01914358139038086,0.0023929476737976074,True
12,2863,1784808013.790987,8,0.019378662109375,0.002422332763671875,True
12,2864,1784808013.8107657,8,0.020089149475097656,0.002511143684387207,True
12,2865,1784808013.8313844,8,0.01953434944152832,0.00244179368019104,True
12,2866,1784808013.8512537,8,0.019057750701904297,0.002382218837738037,True
12,2867,1784808013.8708165,8,0.020066022872924805,0.0025082528591156006,True
12,2868,1784808013.8913436,8,0.019483089447021484,0.0024353861808776855,True
12,2869,1784808013.9112115,8,0.02155160903930664,0.00269395112991333,True
12,2870,1784808013.933632,8,0.020289897918701172,0.0025362372398376465,True
12,2871,1784808013.9542463,8,0.020906925201416016,0.002613365650177002,True
12,2872,1784808013.9755626,8,0.019922494888305664,0.002490311861038208,True
12,2873,1784808013.9959548,8,0.02155470848083496,0.00269433856010437,True
12,2874,1784808014.018517,8,0.018579721450805664,0.002322465181350708,True
12,2875,1784808014.0377874,8,0.0207669734954834,0.002595871686935425,True
12,2876,1784808014.0595393,8,0.020193815231323242,0.0025242269039154053,True
12,2877,1784808014.080191,8,0.022083044052124023,0.002760380506515503,True
12,2878,1784808014.1027246,8,0.022270917892456055,0.002783864736557007,True
12,2879,1784808014.1257234,8,0.019204378128051758,0.0024005472660064697,True
12,2880,1784808014.1458278,8,0.019147872924804688,0.002393484115600586,True
12,2881,1784808014.1656568,8,0.020128250122070312,0.002516031265258789,True
12,2882,1784808014.1864462,8,0.019500255584716797,0.0024375319480895996,True
12,2883,1784808014.2063885,8,0.018129825592041016,0.002266228199005127,True
12,2884,1784808014.2248454,8,0.020294666290283203,0.0025368332862854004,True
12,2885,1784808014.2456138,8,0.02104783058166504,0.00263097882270813,True
12,2886,1784808014.2670197,8,0.019986391067504883,0.0024982988834381104,True
12,2887,1784808014.287396,8,0.01885986328125,0.00235748291015625,True
12,2888,1784808014.3065493,8,0.01681232452392578,0.0021015405654907227,True
12,2889,1784808014.3237944,8,0.017714262008666992,0.002214282751083374,True
12,2890,1784808014.3419867,8,0.017517805099487305,0.002189725637435913,True
12,2891,1784808014.359942,8,0.017113208770751953,0.002139151096343994,True
12,2892,1784808014.3774028,8,0.018697261810302734,0.002337157726287842,True
12,2893,1784808014.3964667,8,0.01672506332397461,0.002090632915496826,True
12,2894,1784808014.413489,8,0.01688838005065918,0.0021110475063323975,True
12,2895,1784808014.4306986,8,0.016455650329589844,0.0020569562911987305,True
12,2896,1784808014.4474356,8,0.01396322250366211,0.0017454028129577637,True
12,2897,1784808014.4622164,8,0.015597820281982422,0.0019497275352478027,True
12,2898,1784808014.4781249,8,0.014593362808227539,0.0018241703510284424,True
12,2899,1784808014.4930406,8,0.014460563659667969,0.001807570457458496,True
12,2900,1784808014.5078795,8,0.015427350997924805,0.0019284188747406006,True
12,2901,1784808014.5236678,8,0.015259265899658203,0.0019074082374572754,True
12,2902,1784808014.539314,8,0.013048887252807617,0.0016311109066009521,True
12,2903,1784808014.5529857,8,0.013825178146362305,0.001728147268295288,True
12,2904,1784808014.5673182,8,0.012683391571044922,0.0015854239463806152,True
12,2905,1784808014.580478,8,0.01311635971069336,0.00163954496383667,True
12,2906,1784808014.5940392,8,0.014415979385375977,0.001801997423171997,True
12,2907,1784808014.6091278,8,0.013324975967407227,0.0016656219959259033,True
12,2908,1784808014.623879,8,0.01248478889465332,0.001560598611831665,True
12,2909,1784808014.636771,8,0.012527704238891602,0.0015659630298614502,True
12,2910,1784808014.6497467,8,0.01270151138305664,0.00158768892288208,True
12,2911,1784808014.6630116,8,0.012234687805175781,0.0015293359756469727,True
12,2912,1784808014.6757686,8,0.011597871780395508,0.0014497339725494385,True
12,2913,1784808014.688096,8,0.010904550552368164,0.0013630688190460205,True
12,2914,1784808014.6993964,8,0.011217117309570312,0.001402139663696289,True
12,2915,1784808014.7109957,8,0.009407758712768555,0.0011759698390960693,True
12,2916,1784808014.7209806,8,0.009999752044677734,0.0012499690055847168,True
12,2917,1784808014.731301,8,0.011484622955322266,0.0014355778694152832,True
12,2918,1784808014.743285,8,0.009670257568359375,0.0012087821960449219,True
12,2919,1784808014.7533996,8,0.010678291320800781,0.0013347864151000977,True
12,2920,1784808014.7643433,8,0.012615680694580078,0.0015769600868225098,True
12,2921,1784808014.7775247,8,0.010520696640014648,0.001315087080001831,True
12,2922,1784808014.7886484,8,0.007765531539916992,0.000970691442489624,True
