process_id,batch_id,timestamp,batch_size,batch_time_seconds,avg_query_time_seconds,success
23,1,1784807955.3072145,8,0.009351730346679688,0.001168966293334961,True
23,2,1784807955.3361218,8,0.009984254837036133,0.0012480318546295166,True
23,3,1784807955.3476887,8,0.014930486679077148,0.0018663108348846436,True
23,4,1784807955.3631306,8,0.01933741569519043,0.0024171769618988037,True
23,5,1784807955.3829236,8,0.02004837989807129,0.002506047487258911,True
23,6,1784807955.4035463,8,0.020214080810546875,0.0025267601013183594,True
23,7,1784807955.4248354,8,0.018129587173461914,0.0022661983966827393,True
23,8,1784807955.4440565,8,0.0185091495513916,0.00231364369392395,True
23,9,1784807955.4636278,8,0.019893169403076172,0.0024866461753845215,True
23,10,1784807955.485114,8,0.02011847496032715,0.0025148093700408936,True
23,11,1784807955.5062857,8,0.019188642501831055,0.002398580312728882,True
23,12,1784807955.5263855,8,0.019682884216308594,0.0024603605270385742,True
23,13,1784807955.5465345,8,0.02108025550842285,0.0026350319385528564,True
23,14,1784807955.5681677,8,0.0178987979888916,0.00223734974861145,True
23,15,1784807955.5864737,8,0.020645618438720703,0.002580702304840088,True
23,16,1784807955.6083047,8,0.018642425537109375,0.002330303192138672,True
23,17,1784807955.6274025,8,0.020607471466064453,0.0025759339332580566,True
23,18,1784807955.6488006,8,0.019522666931152344,0.002440333366394043,True
23,19,1784807955.6688268,8,0.02007150650024414,0.0025089383125305176,True
23,20,1784807955.6895826,8,0.019724607467651367,0.002465575933456421,True
23,21,1784807955.7105842,8,0.019412517547607422,0.0024265646934509277,True
23,22,1784807955.7304938,8,0.019567251205444336,0.002445906400680542,True
23,23,1784807955.7506926,8,0.021654367446899414,0.0027067959308624268,True
23,24,1784807955.773501,8,0.01788187026977539,0.002235233783721924,True
23,25,1784807955.7947984,8,0.015841007232666016,0.001980125904083252,True
23,26,1784807955.8111198,8,0.021320104598999023,0.002665013074874878,True
23,27,1784807955.8329434,8,0.021832704544067383,0.002729088068008423,True
23,28,1784807955.8552659,8,0.018314838409423828,0.0022893548011779785,True
23,29,1784807955.87397,8,0.01925969123840332,0.002407461404800415,True
23,30,1784807955.893645,8,0.019350051879882812,0.0024187564849853516,True
23,31,1784807955.913446,8,0.019025325775146484,0.0023781657218933105,True
23,32,1784807955.9329836,8,0.020575761795043945,0.002571970224380493,True
23,33,1784807955.9540045,8,0.020154953002929688,0.002519369125366211,True
23,34,1784807955.9747643,8,0.019295930862426758,0.0024119913578033447,True
23,35,1784807955.9946892,8,0.02098536491394043,0.0026231706142425537,True
23,36,1784807956.0161467,8,0.019494056701660156,0.0024367570877075195,True
23,37,1784807956.036266,8,0.019371747970581055,0.002421468496322632,True
23,38,1784807956.0562294,8,0.02002573013305664,0.00250321626663208,True
23,39,1784807956.077886,8,0.018947601318359375,0.002368450164794922,True
23,40,1784807956.097411,8,0.019966602325439453,0.0024958252906799316,True
23,41,1784807956.117838,8,0.0195314884185791,0.0024414360523223877,True
23,42,1784807956.1381955,8,0.021721839904785156,0.0027152299880981445,True
23,43,1784807956.1606646,8,0.02050614356994629,0.002563267946243286,True
23,44,1784807956.181811,8,0.02004528045654297,0.002505660057067871,True
23,45,1784807956.2023394,8,0.021130084991455078,0.0026412606239318848,True
23,46,1784807956.2239497,8,0.02043604850769043,0.0025545060634613037,True
23,47,1784807956.2447755,8,0.02066969871520996,0.002583712339401245,True
23,48,1784807956.2665758,8,0.019850969314575195,0.0024813711643218994,True
23,49,1784807956.2869048,8,0.01885676383972168,0.00235709547996521,True
23,50,1784807956.3063598,8,0.018510818481445312,0.002313852310180664,True
23,51,1784807956.325396,8,0.02207779884338379,0.0027597248554229736,True
23,52,1784807956.347941,8,0.019446134567260742,0.0024307668209075928,True
23,53,1784807956.3679023,8,0.01923084259033203,0.002403855323791504,True
23,54,1784807956.388035,8,0.022010326385498047,0.002751290798187256,True
23,55,1784807956.4107099,8,0.01999497413635254,0.0024993717670440674,True
23,56,1784807956.431068,8,0.020944833755493164,0.0026181042194366455,True
23,57,1784807956.452669,8,0.020322322845458984,0.002540290355682373,True
23,58,1784807956.4733918,8,0.019978046417236328,0.002497255802154541,True
23,59,1784807956.494129,8,0.020701885223388672,0.002587735652923584,True
23,60,1784807956.515388,8,0.020815134048461914,0.0026018917560577393,True
23,61,1784807956.5366285,8,0.017893314361572266,0.002236664295196533,True
23,62,1784807956.5549865,8,0.020287275314331055,0.002535909414291382,True
23,63,1784807956.5757072,8,0.01964426040649414,0.0024555325508117676,True
23,64,1784807956.5957222,8,0.019967079162597656,0.002495884895324707,True
23,65,1784807956.6161158,8,0.020028352737426758,0.0025035440921783447,True
23,66,1784807956.6366484,8,0.020080089569091797,0.0025100111961364746,True
23,67,1784807956.6571958,8,0.02101278305053711,0.0026265978813171387,True
23,68,1784807956.6786947,8,0.019791126251220703,0.002473890781402588,True
23,69,1784807956.699239,8,0.02057814598083496,0.00257226824760437,True
23,70,1784807956.720376,8,0.020803451538085938,0.002600431442260742,True
23,71,1784807956.7416909,8,0.01846146583557129,0.002307683229446411,True
23,72,1784807956.7620025,8,0.02324366569519043,0.0029054582118988037,True
23,73,1784807956.7861395,8,0.0203096866607666,0.002538710832595825,True
23,74,1784807956.8083405,8,0.019084453582763672,0.002385556697845459,True
23,75,1784807956.8279738,8,0.020538330078125,0.002567291259765625,True
23,76,1784807956.849147,8,0.0202786922454834,0.002534836530685425,True
23,77,1784807956.8699272,8,0.020756244659423828,0.0025945305824279785,True
23,78,1784807956.8911383,8,0.019448041915893555,0.0024310052394866943,True
23,79,1784807956.9109828,8,0.01859140396118164,0.002323925495147705,True
23,80,1784807956.9299977,8,0.02081465721130371,0.002601832151412964,True
23,81,1784807956.9514575,8,0.021554946899414062,0.002694368362426758,True
23,82,1784807956.9735844,8,0.019738197326660156,0.0024672746658325195,True
23,83,1784807956.9937618,8,0.01954340934753418,0.0024429261684417725,True
23,84,1784807957.0139518,8,0.019617319107055664,0.002452164888381958,True
23,85,1784807957.0340505,8,0.0227203369140625,0.0028400421142578125,True
23,86,1784807957.0571766,8,0.02015972137451172,0.002519965171813965,True
23,87,1784807957.079097,8,0.019968032836914062,0.002496004104614258,True
23,88,1784807957.100707,8,0.020995616912841797,0.0026244521141052246,True
23,89,1784807957.1223743,8,0.01805853843688965,0.002257317304611206,True
23,90,1784807957.1409135,8,0.020600080490112305,0.002575010061264038,True
23,91,1784807957.1626885,8,0.01892542839050293,0.002365678548812866,True
23,92,1784807957.1822615,8,0.018706560134887695,0.002338320016860962,True
23,93,1784807957.2017882,8,0.020566940307617188,0.0025708675384521484,True
23,94,1784807957.222773,8,0.01954030990600586,0.0024425387382507324,True
23,95,1784807957.242835,8,0.021437644958496094,0.0026797056198120117,True
23,96,1784807957.2647896,8,0.02041459083557129,0.002551823854446411,True
23,97,1784807957.2858498,8,0.02047133445739746,0.0025589168071746826,True
23,98,1784807957.3069773,8,0.019374370574951172,0.0024217963218688965,True
23,99,1784807957.3273108,8,0.01947188377380371,0.002433985471725464,True
23,100,1784807957.3473318,8,0.020270109176635742,0.0025337636470794678,True
23,101,1784807957.3681831,8,0.021343469619750977,0.002667933702468872,True
23,102,1784807957.391098,8,0.01970529556274414,0.0024631619453430176,True
23,103,1784807957.4113579,8,0.021874189376831055,0.002734273672103882,True
23,104,1784807957.433883,8,0.022149085998535156,0.0027686357498168945,True
23,105,1784807957.4567237,8,0.019402742385864258,0.0024253427982330322,True
23,106,1784807957.477538,8,0.01912975311279297,0.002391219139099121,True
23,107,1784807957.4971921,8,0.020189523696899414,0.0025236904621124268,True
23,108,1784807957.5178933,8,0.019887447357177734,0.002485930919647217,True
23,109,1784807957.539003,8,0.019305944442749023,0.002413243055343628,True
23,110,1784807957.5588317,8,0.0201416015625,0.0025177001953125,True
23,111,1784807957.5796735,8,0.01898479461669922,0.0023730993270874023,True
23,112,1784807957.5994995,8,0.022758960723876953,0.002844870090484619,True
23,113,1784807957.623532,8,0.02069854736328125,0.0025873184204101562,True
23,114,1784807957.644966,8,0.0199739933013916,0.00249674916267395,True
23,115,1784807957.665484,8,0.018804550170898438,0.0023505687713623047,True
23,116,1784807957.6846945,8,0.020044803619384766,0.0025056004524230957,True
23,117,1784807957.705645,8,0.019956350326538086,0.0024945437908172607,True
23,118,1784807957.7265728,8,0.020487070083618164,0.0025608837604522705,True
23,119,1784807957.747705,8,0.019707441329956055,0.002463430166244507,True
23,120,1784807957.7684956,8,0.0189816951751709,0.0023727118968963623,True
23,121,1784807957.7887406,8,0.020328998565673828,0.0025411248207092285,True
23,122,1784807957.8098137,8,0.02152419090270996,0.002690523862838745,True
23,123,1784807957.8319979,8,0.021480798721313477,0.0026850998401641846,True
23,124,1784807957.8541937,8,0.019716501235961914,0.0024645626544952393,True
23,125,1784807957.874427,8,0.01974940299987793,0.002468675374984741,True
23,126,1784807957.8947566,8,0.019977092742919922,0.0024971365928649902,True
23,127,1784807957.9150498,8,0.020956039428710938,0.002619504928588867,True
23,128,1784807957.9363797,8,0.019220829010009766,0.0024026036262512207,True
23,129,1784807957.9560583,8,0.01929330825805664,0.00241166353225708,True
23,130,1784807957.9756227,8,0.02097034454345703,0.002621293067932129,True
23,131,1784807957.9968798,8,0.01906108856201172,0.002382636070251465,True
23,132,1784807958.0162723,8,0.020258426666259766,0.0025323033332824707,True
23,133,1784807958.0367901,8,0.02172112464904785,0.0027151405811309814,True
23,134,1784807958.0588863,8,0.01963329315185547,0.0024541616439819336,True
23,135,1784807958.078885,8,0.01942276954650879,0.0024278461933135986,True
23,136,1784807958.0987132,8,0.020128488540649414,0.0025160610675811768,True
23,137,1784807958.119487,8,0.020951032638549805,0.0026188790798187256,True
23,138,1784807958.1418157,8,0.020136117935180664,0.002517014741897583,True
23,139,1784807958.1625438,8,0.024804115295410156,0.0031005144119262695,True
23,140,1784807958.18779,8,0.017131328582763672,0.002141416072845459,True
23,141,1784807958.2056282,8,0.019858837127685547,0.0024823546409606934,True
23,142,1784807958.2261605,8,0.021375417709350586,0.0026719272136688232,True
23,143,1784807958.248261,8,0.020466089248657227,0.0025582611560821533,True
23,144,1784807958.2691503,8,0.02229595184326172,0.002786993980407715,True
23,145,1784807958.2918143,8,0.017652511596679688,0.002206563949584961,True
23,146,1784807958.3111331,8,0.016590595245361328,0.002073824405670166,True
23,147,1784807958.3281226,8,0.0200192928314209,0.0025024116039276123,True
23,148,1784807958.3487377,8,0.020233869552612305,0.002529233694076538,True
23,149,1784807958.371059,8,0.020978689193725586,0.0026223361492156982,True
23,150,1784807958.3930156,8,0.018262147903442383,0.002282768487930298,True
23,151,1784807958.4117205,8,0.021740436553955078,0.0027175545692443848,True
23,152,1784807958.4341862,8,0.019658565521240234,0.0024573206901550293,True
23,153,1784807958.4542232,8,0.019028186798095703,0.002378523349761963,True
23,154,1784807958.4735568,8,0.020267486572265625,0.002533435821533203,True
23,155,1784807958.4941852,8,0.020696163177490234,0.0025870203971862793,True
23,156,1784807958.5152807,8,0.01969599723815918,0.0024619996547698975,True
23,157,1784807958.5353196,8,0.021004676818847656,0.002625584602355957,True
23,158,1784807958.556717,8,0.019279003143310547,0.0024098753929138184,True
23,159,1784807958.576546,8,0.019050121307373047,0.002381265163421631,True
23,160,1784807958.5959656,8,0.018832921981811523,0.0023541152477264404,True
23,161,1784807958.6153543,8,0.020664453506469727,0.002583056688308716,True
23,162,1784807958.6363914,8,0.022310495376586914,0.0027888119220733643,True
23,163,1784807958.6593795,8,0.01970839500427246,0.0024635493755340576,True
23,164,1784807958.67944,8,0.020077228546142578,0.0025096535682678223,True
23,165,1784807958.69977,8,0.020891427993774414,0.0026114284992218018,True
23,166,1784807958.7215915,8,0.020151376724243164,0.0025189220905303955,True
23,167,1784807958.7423024,8,0.020792484283447266,0.002599060535430908,True
23,168,1784807958.7635329,8,0.01938605308532715,0.0024232566356658936,True
23,169,1784807958.7833264,8,0.02255868911743164,0.002819836139678955,True
23,170,1784807958.80653,8,0.020565509796142578,0.0025706887245178223,True
23,171,1784807958.828807,8,0.01911330223083496,0.00238916277885437,True
23,172,1784807958.8485794,8,0.019842147827148438,0.0024802684783935547,True
23,173,1784807958.868823,8,0.020596027374267578,0.0025745034217834473,True
23,174,1784807958.889849,8,0.019864797592163086,0.0024830996990203857,True
23,175,1784807958.9100177,8,0.020063400268554688,0.002507925033569336,True
23,176,1784807958.9303682,8,0.020092487335205078,0.0025115609169006348,True
23,177,1784807958.9507418,8,0.019627809524536133,0.0024534761905670166,True
23,178,1784807958.9706485,8,0.01955413818359375,0.0024442672729492188,True
23,179,1784807958.990549,8,0.019144296646118164,0.0023930370807647705,True
23,180,1784807959.0099669,8,0.020884990692138672,0.002610623836517334,True
23,181,1784807959.031163,8,0.019920825958251953,0.002490103244781494,True
23,182,1784807959.0514188,8,0.020570755004882812,0.0025713443756103516,True
23,183,1784807959.0723991,8,0.020753860473632812,0.0025942325592041016,True
23,184,1784807959.0934343,8,0.01953864097595215,0.0024423301219940186,True
23,185,1784807959.1134434,8,0.02265000343322754,0.0028312504291534424,True
23,186,1784807959.1364686,8,0.02092456817626953,0.0026155710220336914,True
23,187,1784807959.1578019,8,0.02081298828125,0.00260162353515625,True
23,188,1784807959.1797183,8,0.01989912986755371,0.002487391233444214,True
23,189,1784807959.1998866,8,0.020673513412475586,0.0025841891765594482,True
23,190,1784807959.2209804,8,0.021284103393554688,0.002660512924194336,True
23,191,1784807959.2428493,8,0.022382497787475586,0.0027978122234344482,True
23,192,1784807959.265883,8,0.019971132278442383,0.002496391534805298,True
23,193,1784807959.2862544,8,0.022014856338500977,0.002751857042312622,True
23,194,1784807959.3086288,8,0.020143747329711914,0.0025179684162139893,True
23,195,1784807959.329356,8,0.021136760711669922,0.0026420950889587402,True
23,196,1784807959.350815,8,0.019922494888305664,0.002490311861038208,True
23,197,1784807959.3718033,8,0.02241659164428711,0.0028020739555358887,True
23,198,1784807959.3948257,8,0.019905567169189453,0.0024881958961486816,True
23,199,1784807959.41542,8,0.02007317543029785,0.0025091469287872314,True
23,200,1784807959.4358282,8,0.020359039306640625,0.002544879913330078,True
23,201,1784807959.4566836,8,0.019302845001220703,0.002412855625152588,True
23,202,1784807959.4763906,8,0.01967906951904297,0.002459883689880371,True
23,203,1784807959.497321,8,0.01916670799255371,0.002395838499069214,True
23,204,1784807959.5170186,8,0.020546436309814453,0.0025683045387268066,True
23,205,1784807959.5381124,8,0.02225494384765625,0.0027818679809570312,True
23,206,1784807959.5606728,8,0.020053625106811523,0.0025067031383514404,True
23,207,1784807959.581207,8,0.018665075302124023,0.002333134412765503,True
23,208,1784807959.600238,8,0.02017831802368164,0.002522289752960205,True
23,209,1784807959.6208458,8,0.019730091094970703,0.002466261386871338,True
23,210,1784807959.6416125,8,0.019663095474243164,0.0024578869342803955,True
23,211,1784807959.661651,8,0.019474506378173828,0.0024343132972717285,True
23,212,1784807959.681441,8,0.01957535743713379,0.0024469196796417236,True
23,213,1784807959.701347,8,0.019518136978149414,0.0024397671222686768,True
23,214,1784807959.7212481,8,0.01946735382080078,0.0024334192276000977,True
23,215,1784807959.7410185,8,0.020627260208129883,0.0025784075260162354,True
23,216,1784807959.7620804,8,0.019619226455688477,0.0024524033069610596,True
23,217,1784807959.7828681,8,0.020540475845336914,0.0025675594806671143,True
23,218,1784807959.803712,8,0.021148681640625,0.002643585205078125,True
23,219,1784807959.8254914,8,0.01898336410522461,0.002372920513153076,True
23,220,1784807959.845306,8,0.01886725425720215,0.0023584067821502686,True
23,221,1784807959.8644555,8,0.019825458526611328,0.002478182315826416,True
23,222,1784807959.8847497,8,0.01968550682067871,0.002460688352584839,True
23,223,1784807959.9052758,8,0.01856231689453125,0.0023202896118164062,True
23,224,1784807959.924273,8,0.0208587646484375,0.0026073455810546875,True
23,225,1784807959.945477,8,0.021625041961669922,0.0027031302452087402,True
23,226,1784807959.9674883,8,0.019907236099243164,0.0024884045124053955,True
23,227,1784807959.9878983,8,0.019376039505004883,0.0024220049381256104,True
23,228,1784807960.0077317,8,0.020051240921020508,0.0025064051151275635,True
23,229,1784807960.028185,8,0.020250797271728516,0.0025313496589660645,True
23,230,1784807960.0487244,8,0.01936936378479004,0.002421170473098755,True
23,231,1784807960.0685537,8,0.021266698837280273,0.002658337354660034,True
23,232,1784807960.09019,8,0.02003026008605957,0.0025037825107574463,True
23,233,1784807960.110635,8,0.019051551818847656,0.002381443977355957,True
23,234,1784807960.1301138,8,0.02102375030517578,0.0026279687881469727,True
23,235,1784807960.1514266,8,0.019241809844970703,0.002405226230621338,True
23,236,1784807960.170966,8,0.020649433135986328,0.002581179141998291,True
23,237,1784807960.192136,8,0.020409584045410156,0.0025511980056762695,True
23,238,1784807960.2133527,8,0.019886016845703125,0.0024857521057128906,True
23,239,1784807960.2343004,8,0.019558191299438477,0.0024447739124298096,True
23,240,1784807960.254663,8,0.019440412521362305,0.002430051565170288,True
23,241,1784807960.2743585,8,0.020440101623535156,0.0025550127029418945,True
23,242,1784807960.2956555,8,0.020157814025878906,0.0025197267532348633,True
23,243,1784807960.3163533,8,0.020276546478271484,0.0025345683097839355,True
23,244,1784807960.3370683,8,0.021324872970581055,0.002665609121322632,True
23,245,1784807960.3590071,8,0.019574642181396484,0.0024468302726745605,True
23,246,1784807960.3788862,8,0.020570993423461914,0.0025713741779327393,True
23,247,1784807960.4001727,8,0.01917099952697754,0.0023963749408721924,True
23,248,1784807960.4197369,8,0.021071672439575195,0.0026339590549468994,True
23,249,1784807960.4412184,8,0.019748687744140625,0.002468585968017578,True
23,250,1784807960.4614284,8,0.021497726440429688,0.002687215805053711,True
23,251,1784807960.4837284,8,0.020383119583129883,0.0025478899478912354,True
23,252,1784807960.5047166,8,0.021554231643676758,0.0026942789554595947,True
23,253,1784807960.5275419,8,0.015449762344360352,0.001931220293045044,True
23,254,1784807960.5434463,8,0.018655061721801758,0.0023318827152252197,True
23,255,1784807960.5626175,8,0.019260168075561523,0.0024075210094451904,True
23,256,1784807960.5835817,8,0.020173311233520508,0.0025216639041900635,True
23,257,1784807960.6041431,8,0.021607160568237305,0.002700895071029663,True
23,258,1784807960.6261194,8,0.019665241241455078,0.0024581551551818848,True
23,259,1784807960.6462672,8,0.0201413631439209,0.0025176703929901123,True
23,260,1784807960.6668224,8,0.01839137077331543,0.0022989213466644287,True
23,261,1784807960.6855748,8,0.020346879959106445,0.0025433599948883057,True
23,262,1784807960.7063503,8,0.018850088119506836,0.0023562610149383545,True
23,263,1784807960.7256742,8,0.02128314971923828,0.002660393714904785,True
23,264,1784807960.7474031,8,0.01827239990234375,0.0022840499877929688,True
23,265,1784807960.7659445,8,0.019941329956054688,0.002492666244506836,True
23,266,1784807960.7862172,8,0.01928567886352539,0.002410709857940674,True
23,267,1784807960.8061993,8,0.020607709884643555,0.0025759637355804443,True
23,268,1784807960.8271432,8,0.020298480987548828,0.0025373101234436035,True
23,269,1784807960.8477755,8,0.019775867462158203,0.0024719834327697754,True
23,270,1784807960.86789,8,0.021284103393554688,0.002660512924194336,True
23,271,1784807960.889746,8,0.01936936378479004,0.002421170473098755,True
23,272,1784807960.9094365,8,0.02042841911315918,0.0025535523891448975,True
23,273,1784807960.9301717,8,0.02094864845275879,0.0026185810565948486,True
23,274,1784807960.9516256,8,0.019196033477783203,0.0023995041847229004,True
23,275,1784807960.971167,8,0.02031111717224121,0.0025388896465301514,True
23,276,1784807960.9917793,8,0.020584821701049805,0.0025731027126312256,True
23,277,1784807961.0126934,8,0.01983046531677246,0.0024788081645965576,True
23,278,1784807961.0328724,8,0.02021026611328125,0.0025262832641601562,True
23,279,1784807961.053432,8,0.020539045333862305,0.002567380666732788,True
23,280,1784807961.0747433,8,0.020160436630249023,0.002520054578781128,True
23,281,1784807961.0953865,8,0.020756244659423828,0.0025945305824279785,True
23,282,1784807961.116555,8,0.019318580627441406,0.0024148225784301758,True
23,283,1784807961.1362355,8,0.02117180824279785,0.0026464760303497314,True
23,284,1784807961.1577964,8,0.019804954528808594,0.0024756193161010742,True
23,285,1784807961.178705,8,0.019736051559448242,0.0024670064449310303,True
23,286,1784807961.1991823,8,0.01988840103149414,0.0024860501289367676,True
23,287,1784807961.2198303,8,0.019877195358276367,0.002484649419784546,True
23,288,1784807961.241105,8,0.020348787307739258,0.0025435984134674072,True
23,289,1784807961.26225,8,0.020739316940307617,0.002592414617538452,True
23,290,1784807961.2837484,8,0.021906137466430664,0.002738267183303833,True
23,291,1784807961.3060904,8,0.018689632415771484,0.0023362040519714355,True
23,292,1784807961.3263972,8,0.019722938537597656,0.002465367317199707,True
23,293,1784807961.3464732,8,0.020993947982788086,0.0026242434978485107,True
23,294,1784807961.3679442,8,0.021976947784423828,0.0027471184730529785,True
23,295,1784807961.3903346,8,0.020533323287963867,0.0025666654109954834,True
23,296,1784807961.4115129,8,0.021905899047851562,0.0027382373809814453,True
23,297,1784807961.4338596,8,0.020189285278320312,0.002523660659790039,True
23,298,1784807961.4543414,8,0.019368410110473633,0.002421051263809204,True
23,299,1784807961.4740074,8,0.01893448829650879,0.0023668110370635986,True
23,300,1784807961.493277,8,0.020031452178955078,0.0025039315223693848,True
23,301,1784807961.5136144,8,0.020195722579956055,0.002524465322494507,True
23,302,1784807961.5343363,8,0.020008325576782227,0.0025010406970977783,True
23,303,1784807961.5547402,8,0.022130489349365234,0.0027663111686706543,True
23,304,1784807961.5773306,8,0.02072453498840332,0.002590566873550415,True
23,305,1784807961.5984843,8,0.020626068115234375,0.002578258514404297,True
23,306,1784807961.619627,8,0.02201366424560547,0.0027517080307006836,True
23,307,1784807961.6430607,8,0.02028179168701172,0.002535223960876465,True
23,308,1784807961.663803,8,0.018375873565673828,0.0022969841957092285,True
23,309,1784807961.6825678,8,0.02485203742980957,0.0031065046787261963,True
23,310,1784807961.707693,8,0.016627073287963867,0.0020783841609954834,True
23,311,1784807961.7246041,8,0.018588781356811523,0.0023235976696014404,True
23,312,1784807961.7434692,8,0.021425485610961914,0.0026781857013702393,True
23,313,1784807961.7653463,8,0.019093751907348633,0.002386718988418579,True
23,314,1784807961.785147,8,0.019458293914794922,0.0024322867393493652,True
23,315,1784807961.8052044,8,0.019731521606445312,0.002466440200805664,True
23,316,1784807961.8252552,8,0.022295236587524414,0.0027869045734405518,True
23,317,1784807961.8480113,8,0.020192623138427734,0.002524077892303467,True
23,318,1784807961.8685896,8,0.020505189895629883,0.0025631487369537354,True
23,319,1784807961.889928,8,0.01849651336669922,0.0023120641708374023,True
23,320,1784807961.9087915,8,0.019591331481933594,0.0024489164352416992,True
23,321,1784807961.9287467,8,0.019448041915893555,0.0024310052394866943,True
23,322,1784807961.9484878,8,0.020958423614501953,0.002619802951812744,True
23,323,1784807961.9697251,8,0.020930051803588867,0.0026162564754486084,True
23,324,1784807961.991204,8,0.020606279373168945,0.002575784921646118,True
23,325,1784807962.0122619,8,0.018944263458251953,0.002368032932281494,True
23,326,1784807962.0315363,8,0.022058486938476562,0.0027573108673095703,True
23,327,1784807962.0539784,8,0.018327713012695312,0.002290964126586914,True
23,328,1784807962.0726151,8,0.02114582061767578,0.0026432275772094727,True
23,329,1784807962.0941615,8,0.020299196243286133,0.0025373995304107666,True
23,330,1784807962.1159291,8,0.02094101905822754,0.0026176273822784424,True
23,331,1784807962.1373758,8,0.020043611526489258,0.0025054514408111572,True
23,332,1784807962.1578932,8,0.020877361297607422,0.0026096701622009277,True
23,333,1784807962.1795464,8,0.0203094482421875,0.0025386810302734375,True
23,334,1784807962.200517,8,0.02046990394592285,0.0025587379932403564,True
23,335,1784807962.2213361,8,0.020843029022216797,0.0026053786277770996,True
23,336,1784807962.242479,8,0.01909804344177246,0.0023872554302215576,True
23,337,1784807962.262252,8,0.02205371856689453,0.0027567148208618164,True
23,338,1784807962.284661,8,0.018195152282714844,0.0022743940353393555,True
23,339,1784807962.3032165,8,0.02203655242919922,0.0027545690536499023,True
23,340,1784807962.3256104,8,0.018807649612426758,0.0023509562015533447,True
23,341,1784807962.344837,8,0.020178556442260742,0.0025223195552825928,True
23,342,1784807962.3654163,8,0.01956462860107422,0.0024455785751342773,True
23,343,1784807962.3853853,8,0.02086806297302246,0.0026085078716278076,True
23,344,1784807962.4065728,8,0.021381139755249023,0.002672642469406128,True
23,345,1784807962.428423,8,0.0204007625579834,0.002550095319747925,True
23,346,1784807962.4493177,8,0.019205093383789062,0.002400636672973633,True
23,347,1784807962.4690325,8,0.021169662475585938,0.002646207809448242,True
23,348,1784807962.4912496,8,0.02039027214050293,0.002548784017562866,True
23,349,1784807962.5121548,8,0.019578218460083008,0.002447277307510376,True
23,350,1784807962.5320842,8,0.02261495590209961,0.002826869487762451,True
23,351,1784807962.5551126,8,0.019124746322631836,0.0023905932903289795,True
23,352,1784807962.574799,8,0.01933598518371582,0.0024169981479644775,True
23,353,1784807962.5945888,8,0.020839691162109375,0.002604961395263672,True
23,354,1784807962.6162424,8,0.02028942108154297,0.002536177635192871,True
23,355,1784807962.6368523,8,0.019760847091674805,0.0024701058864593506,True
23,356,1784807962.6570497,8,0.019092321395874023,0.002386540174484253,True
23,357,1784807962.676969,8,0.02131366729736328,0.00266420841217041,True
23,358,1784807962.6990607,8,0.019345760345458984,0.002418220043182373,True
23,359,1784807962.7188327,8,0.020653247833251953,0.002581655979156494,True
23,360,1784807962.7398505,8,0.01963663101196289,0.0024545788764953613,True
23,361,1784807962.759824,8,0.01871633529663086,0.0023395419120788574,True
23,362,1784807962.7788832,8,0.02041029930114746,0.0025512874126434326,True
23,363,1784807962.7996843,8,0.01949453353881836,0.002436816692352295,True
23,364,1784807962.8194497,8,0.023969411849975586,0.0029961764812469482,True
23,365,1784807962.8437693,8,0.018766164779663086,0.0023457705974578857,True
23,366,1784807962.8632777,8,0.021045923233032227,0.0026307404041290283,True
23,367,1784807962.8847482,8,0.021523237228393555,0.0026904046535491943,True
23,368,1784807962.9066052,8,0.02019476890563965,0.002524346113204956,True
23,369,1784807962.927171,8,0.019815444946289062,0.002476930618286133,True
23,370,1784807962.9473636,8,0.022829055786132812,0.0028536319732666016,True
23,371,1784807962.9704945,8,0.02040266990661621,0.0025503337383270264,True
23,372,1784807962.991276,8,0.019287824630737305,0.002410978078842163,True
23,373,1784807963.01088,8,0.01992058753967285,0.0024900734424591064,True
23,374,1784807963.0311754,8,0.02107095718383789,0.0026338696479797363,True
23,375,1784807963.052527,8,0.02181553840637207,0.002726942300796509,True
23,376,1784807963.0747826,8,0.020180225372314453,0.0025225281715393066,True
23,377,1784807963.09536,8,0.01965641975402832,0.00245705246925354,True
23,378,1784807963.11544,8,0.021033048629760742,0.0026291310787200928,True
23,379,1784807963.1367745,8,0.020772218704223633,0.002596527338027954,True
23,380,1784807963.1580455,8,0.020423412322998047,0.002552926540374756,True
23,381,1784807963.1788292,8,0.01879715919494629,0.002349644899368286,True
23,382,1784807963.1980615,8,0.019009113311767578,0.0023761391639709473,True
23,383,1784807963.2183797,8,0.018250226974487305,0.002281278371810913,True
23,384,1784807963.2371874,8,0.022332429885864258,0.0027915537357330322,True
23,385,1784807963.259872,8,0.018869638442993164,0.0023587048053741455,True
23,386,1784807963.2790956,8,0.0192716121673584,0.0024089515209198,True
23,387,1784807963.2989311,8,0.020310640335083008,0.002538830041885376,True
23,388,1784807963.3195474,8,0.01965045928955078,0.0024563074111938477,True
23,389,1784807963.3395236,8,0.019852876663208008,0.002481609582901001,True
23,390,1784807963.3599398,8,0.021267175674438477,0.0026583969593048096,True
23,391,1784807963.381584,8,0.024185657501220703,0.003023207187652588,True
23,392,1784807963.4065397,8,0.018952369689941406,0.0023690462112426758,True
23,393,1784807963.426037,8,0.02060103416442871,0.002575129270553589,True
23,394,1784807963.4470413,8,0.020630598068237305,0.002578824758529663,True
23,395,1784807963.4681559,8,0.02456974983215332,0.003071218729019165,True
23,396,1784807963.4931548,8,0.019883394241333008,0.002485424280166626,True
23,397,1784807963.5137963,8,0.020450830459594727,0.002556353807449341,True
23,398,1784807963.5346143,8,0.020722389221191406,0.0025902986526489258,True
23,399,1784807963.5560114,8,0.02060866355895996,0.002576082944869995,True
23,400,1784807963.577076,8,0.020399093627929688,0.002549886703491211,True
23,401,1784807963.5978782,8,0.021271705627441406,0.0026589632034301758,True
23,402,1784807963.619957,8,0.021105289459228516,0.0026381611824035645,True
23,403,1784807963.6421247,8,0.016876697540283203,0.0021095871925354004,True
23,404,1784807963.6593425,8,0.02002120018005371,0.002502650022506714,True
23,405,1784807963.6797829,8,0.01986217498779297,0.002482771873474121,True
23,406,1784807963.6999626,8,0.02113795280456543,0.0026422441005706787,True
23,407,1784807963.721398,8,0.01940321922302246,0.0024254024028778076,True
23,408,1784807963.7417073,8,0.021340370178222656,0.002667546272277832,True
23,409,1784807963.763444,8,0.01999640464782715,0.0024995505809783936,True
23,410,1784807963.7837062,8,0.02011561393737793,0.002514451742172241,True
23,411,1784807963.804261,8,0.020101070404052734,0.002512633800506592,True
23,412,1784807963.8246565,8,0.0184323787689209,0.0023040473461151123,True
23,413,1784807963.8435066,8,0.019187450408935547,0.0023984313011169434,True
23,414,1784807963.862994,8,0.01996922492980957,0.0024961531162261963,True
23,415,1784807963.8833601,8,0.024144649505615234,0.0030180811882019043,True
23,416,1784807963.9082103,8,0.017791748046875,0.002223968505859375,True
23,417,1784807963.9262931,8,0.020500898361206055,0.002562612295150757,True
23,418,1784807963.9471276,8,0.020452260971069336,0.002556532621383667,True
23,419,1784807963.9684527,8,0.020203113555908203,0.0025253891944885254,True
23,420,1784807963.989077,8,0.02077174186706543,0.0025964677333831787,True
23,421,1784807964.0101564,8,0.020412206649780273,0.002551525831222534,True
23,422,1784807964.0308702,8,0.019974946975708008,0.002496868371963501,True
23,423,1784807964.0511546,8,0.019986391067504883,0.0024982988834381104,True
23,424,1784807964.0716865,8,0.020210742950439453,0.0025263428688049316,True
23,425,1784807964.0922549,8,0.020865440368652344,0.002608180046081543,True
23,426,1784807964.1135526,8,0.02036595344543457,0.0025457441806793213,True
23,427,1784807964.134348,8,0.018929719924926758,0.0023662149906158447,True
23,428,1784807964.1536627,8,0.021530628204345703,0.002691328525543213,True
23,429,1784807964.1761365,8,0.020490407943725586,0.0025613009929656982,True
23,430,1784807964.1969843,8,0.01978302001953125,0.0024728775024414062,True
23,431,1784807964.2171082,8,0.022019624710083008,0.002752453088760376,True
23,432,1784807964.2394981,8,0.020984172821044922,0.0026230216026306152,True
23,433,1784807964.2608628,8,0.0207059383392334,0.002588242292404175,True
23,434,1784807964.2819684,8,0.018749237060546875,0.0023436546325683594,True
23,435,1784807964.3011982,8,0.021273374557495117,0.0026591718196868896,True
23,436,1784807964.3229525,8,0.02026653289794922,0.0025333166122436523,True
23,437,1784807964.3435838,8,0.01876521110534668,0.002345651388168335,True
23,438,1784807964.3630784,8,0.02062535285949707,0.002578169107437134,True
23,439,1784807964.3843863,8,0.021695852279663086,0.0027119815349578857,True
23,440,1784807964.4064183,8,0.018961429595947266,0.002370178699493408,True
23,441,1784807964.425781,8,0.02146172523498535,0.002682715654373169,True
23,442,1784807964.4477026,8,0.02285289764404297,0.002856612205505371,True
23,443,1784807964.4708824,8,0.020737171173095703,0.002592146396636963,True
23,444,1784807964.4921987,8,0.020014286041259766,0.0025017857551574707,True
23,445,1784807964.5125713,8,0.021384000778198242,0.0026730000972747803,True
23,446,1784807964.5344799,8,0.018953800201416016,0.002369225025177002,True
23,447,1784807964.55386,8,0.0225985050201416,0.0028248131275177,True
23,448,1784807964.5769286,8,0.017833471298217773,0.0022291839122772217,True
23,449,1784807964.5960526,8,0.020515918731689453,0.0025644898414611816,True
23,450,1784807964.617065,8,0.01966714859008789,0.0024583935737609863,True
23,451,1784807964.6371617,8,0.019959211349487305,0.002494901418685913,True
23,452,1784807964.6581745,8,0.018803834915161133,0.0023504793643951416,True
23,453,1784807964.677669,8,0.02020740509033203,0.002525925636291504,True
23,454,1784807964.6991065,8,0.020301103591918945,0.002537637948989868,True
23,455,1784807964.7198544,8,0.020142555236816406,0.0025178194046020508,True
23,456,1784807964.7404726,8,0.021033287048339844,0.0026291608810424805,True
23,457,1784807964.7619033,8,0.01996135711669922,0.0024951696395874023,True
23,458,1784807964.7822886,8,0.019690513610839844,0.0024613142013549805,True
23,459,1784807964.8027637,8,0.019800186157226562,0.0024750232696533203,True
23,460,1784807964.824056,8,0.020263671875,0.002532958984375,True
23,461,1784807964.844804,8,0.020812034606933594,0.0026015043258666992,True
23,462,1784807964.8661544,8,0.021299362182617188,0.0026624202728271484,True
23,463,1784807964.8894434,8,0.020473957061767578,0.0025592446327209473,True
23,464,1784807964.911288,8,0.019719362258911133,0.0024649202823638916,True
23,465,1784807964.931303,8,0.019831180572509766,0.0024788975715637207,True
23,466,1784807964.951598,8,0.021784067153930664,0.002723008394241333,True
23,467,1784807964.9739676,8,0.0211031436920166,0.002637892961502075,True
23,468,1784807964.9962633,8,0.02183842658996582,0.0027298033237457275,True
23,469,1784807965.0198689,8,0.02075982093811035,0.002594977617263794,True
23,470,1784807965.0412009,8,0.01988840103149414,0.0024860501289367676,True
23,471,1784807965.0615761,8,0.021392822265625,0.002674102783203125,True
23,472,1784807965.0835197,8,0.02089405059814453,0.0026117563247680664,True
23,473,1784807965.1048205,8,0.021142244338989258,0.0026427805423736572,True
23,474,1784807965.1263213,8,0.019209623336791992,0.002401202917098999,True
23,475,1784807965.1458852,8,0.019038677215576172,0.0023798346519470215,True
23,476,1784807965.1654537,8,0.021524667739868164,0.0026905834674835205,True
23,477,1784807965.1895275,8,0.01482248306274414,0.0018528103828430176,True
23,478,1784807965.2048535,8,0.019542217254638672,0.002442777156829834,True
23,479,1784807965.2248063,8,0.019260168075561523,0.0024075210094451904,True
23,480,1784807965.2444935,8,0.02128314971923828,0.002660393714904785,True
23,481,1784807965.266512,8,0.01941394805908203,0.002426743507385254,True
23,482,1784807965.2864044,8,0.02045607566833496,0.00255700945854187,True
23,483,1784807965.3073301,8,0.01936626434326172,0.002420783042907715,True
23,484,1784807965.327255,8,0.02062702178955078,0.0025783777236938477,True
23,485,1784807965.3484654,8,0.021584749221801758,0.0026980936527252197,True
23,486,1784807965.370752,8,0.020745038986206055,0.002593129873275757,True
23,487,1784807965.392118,8,0.01968073844909668,0.002460092306137085,True
23,488,1784807965.4123487,8,0.020243167877197266,0.002530395984649658,True
23,489,1784807965.4331338,8,0.019649744033813477,0.0024562180042266846,True
23,490,1784807965.453089,8,0.01984238624572754,0.0024802982807159424,True
23,491,1784807965.4732616,8,0.020189762115478516,0.0025237202644348145,True
23,492,1784807965.4938307,8,0.019387006759643555,0.0024233758449554443,True
23,493,1784807965.5136688,8,0.019279003143310547,0.0024098753929138184,True
23,494,1784807965.5333023,8,0.024451017379760742,0.0030563771724700928,True
23,495,1784807965.558207,8,0.020236730575561523,0.0025295913219451904,True
23,496,1784807965.5788693,8,0.0208284854888916,0.00260356068611145,True
23,497,1784807965.5999703,8,0.019033193588256836,0.0023791491985321045,True
23,498,1784807965.619467,8,0.018350839614868164,0.0022938549518585205,True
23,499,1784807965.638155,8,0.01992058753967285,0.0024900734424591064,True
23,500,1784807965.6588416,8,0.01931595802307129,0.002414494752883911,True
23,501,1784807965.6785514,8,0.021918296813964844,0.0027397871017456055,True
23,502,1784807965.7008908,8,0.01970815658569336,0.00246351957321167,True
23,503,1784807965.721093,8,0.020950794219970703,0.002618849277496338,True
23,504,1784807965.742509,8,0.019957304000854492,0.0024946630001068115,True
23,505,1784807965.7632372,8,0.022301912307739258,0.0027877390384674072,True
23,506,1784807965.786138,8,0.017974138259887695,0.002246767282485962,True
23,507,1784807965.8048532,8,0.019609451293945312,0.002451181411743164,True
23,508,1784807965.825109,8,0.019565582275390625,0.002445697784423828,True
23,509,1784807965.8469799,8,0.0186920166015625,0.0023365020751953125,True
23,510,1784807965.8660104,8,0.018149614334106445,0.0022687017917633057,True
23,511,1784807965.8844557,8,0.021955013275146484,0.0027443766593933105,True
23,512,1784807965.9069395,8,0.020015716552734375,0.002501964569091797,True
23,513,1784807965.92834,8,0.021942138671875,0.002742767333984375,True
23,514,1784807965.950726,8,0.019855737686157227,0.0024819672107696533,True
23,515,1784807965.9709606,8,0.019324064254760742,0.0024155080318450928,True
23,516,1784807965.9908967,8,0.021625757217407227,0.0027032196521759033,True
23,517,1784807966.0130012,8,0.02010178565979004,0.002512723207473755,True
23,518,1784807966.0335429,8,0.019385814666748047,0.002423226833343506,True
23,519,1784807966.0533879,8,0.020995616912841797,0.0026244521141052246,True
23,520,1784807966.0747561,8,0.02038431167602539,0.002548038959503174,True
23,521,1784807966.0957608,8,0.020160675048828125,0.0025200843811035156,True
23,522,1784807966.1163146,8,0.022009849548339844,0.0027512311935424805,True
23,523,1784807966.1391165,8,0.020475387573242188,0.0025594234466552734,True
23,524,1784807966.1601207,8,0.021688461303710938,0.002711057662963867,True
23,525,1784807966.1822336,8,0.021317481994628906,0.0026646852493286133,True
23,526,1784807966.2038665,8,0.02078533172607422,0.0025981664657592773,True
23,527,1784807966.224943,8,0.0208132266998291,0.0026016533374786377,True
23,528,1784807966.246303,8,0.01890707015991211,0.0023633837699890137,True
23,529,1784807966.2655463,8,0.0216219425201416,0.0027027428150177,True
23,530,1784807966.287768,8,0.01972222328186035,0.002465277910232544,True
23,531,1784807966.3080163,8,0.019944429397583008,0.002493053674697876,True
23,532,1784807966.3283532,8,0.020217418670654297,0.002527177333831787,True
23,533,1784807966.3489447,8,0.0204775333404541,0.0025596916675567627,True
23,534,1784807966.3698013,8,0.020340919494628906,0.0025426149368286133,True
23,535,1784807966.3905618,8,0.021506547927856445,0.0026883184909820557,True
23,536,1784807966.4124396,8,0.020321130752563477,0.0025401413440704346,True
23,537,1784807966.433275,8,0.02109074592590332,0.002636343240737915,True
23,538,1784807966.4548206,8,0.0212094783782959,0.0026511847972869873,True
23,539,1784807966.4763925,8,0.02036595344543457,0.0025457441806793213,True
23,540,1784807966.4971063,8,0.020650148391723633,0.002581268548965454,True
23,541,1784807966.5182993,8,0.019428491592407227,0.0024285614490509033,True
23,542,1784807966.5383196,8,0.020314693450927734,0.002539336681365967,True
23,543,1784807966.559385,8,0.019948244094848633,0.002493530511856079,True
23,544,1784807966.5796547,8,0.022090435028076172,0.0027613043785095215,True
23,545,1784807966.6027715,8,0.02002406120300293,0.002503007650375366,True
23,546,1784807966.623231,8,0.019481897354125977,0.002435237169265747,True
23,547,1784807966.6430979,8,0.021136760711669922,0.0026420950889587402,True
23,548,1784807966.6646554,8,0.01944112777709961,0.002430140972137451,True
23,549,1784807966.6847012,8,0.020423412322998047,0.002552926540374756,True
23,550,1784807966.7063696,8,0.021271228790283203,0.0026589035987854004,True
23,551,1784807966.728811,8,0.01766347885131836,0.002207934856414795,True
23,552,1784807966.747106,8,0.021908998489379883,0.0027386248111724854,True
23,553,1784807966.77004,8,0.018511056900024414,0.0023138821125030518,True
23,554,1784807966.7889776,8,0.021381139755249023,0.002672642469406128,True
23,555,1784807966.8111427,8,0.019262075424194336,0.002407759428024292,True
23,556,1784807966.8310149,8,0.021081924438476562,0.0026352405548095703,True
23,557,1784807966.852487,8,0.019199132919311523,0.0023998916149139404,True
23,558,1784807966.872863,8,0.02085137367248535,0.002606421709060669,True
23,559,1784807966.895526,8,0.02107715606689453,0.0026346445083618164,True
23,560,1784807966.9170907,8,0.018344402313232422,0.0022930502891540527,True
23,561,1784807966.9357991,8,0.023633241653442383,0.002954155206680298,True
23,562,1784807966.9601114,8,0.023513078689575195,0.0029391348361968994,True
23,563,1784807966.984527,8,0.018380165100097656,0.002297520637512207,True
23,564,1784807967.0042615,8,0.019836902618408203,0.0024796128273010254,True
23,565,1784807967.0252025,8,0.02107715606689453,0.0026346445083618164,True
23,566,1784807967.046827,8,0.018376588821411133,0.0022970736026763916,True
23,567,1784807967.0659978,8,0.020563364028930664,0.002570420503616333,True
23,568,1784807967.0872366,8,0.019942045211791992,0.002492755651473999,True
23,569,1784807967.1076672,8,0.02010631561279297,0.002513289451599121,True
23,570,1784807967.1280625,8,0.020131349563598633,0.002516418695449829,True
23,571,1784807967.1486514,8,0.01962423324584961,0.002453029155731201,True
23,572,1784807967.1688058,8,0.020973682403564453,0.0026217103004455566,True
23,573,1784807967.1901498,8,0.019730329513549805,0.0024662911891937256,True
23,574,1784807967.2102807,8,0.019715070724487305,0.002464383840560913,True
23,575,1784807967.2304525,8,0.01976156234741211,0.0024701952934265137,True
23,576,1784807967.2507434,8,0.01997089385986328,0.00249636173248291,True
23,577,1784807967.2711542,8,0.02015519142150879,0.0025193989276885986,True
23,578,1784807967.2929797,8,0.021588802337646484,0.0026986002922058105,True
23,579,1784807967.3150961,8,0.020596742630004883,0.0025745928287506104,True
23,580,1784807967.3361313,8,0.02020716667175293,0.002525895833969116,True
23,581,1784807967.3568885,8,0.020984172821044922,0.0026230216026306152,True
23,582,1784807967.37844,8,0.02023768424987793,0.002529710531234741,True
23,583,1784807967.3993278,8,0.021324634552001953,0.002665579319000244,True
23,584,1784807967.4211702,8,0.02124309539794922,0.0026553869247436523,True
23,585,1784807967.4429488,8,0.020621299743652344,0.002577662467956543,True
23,586,1784807967.4643745,8,0.020761728286743164,0.0025952160358428955,True
23,587,1784807967.4856758,8,0.021121978759765625,0.002640247344970703,True
23,588,1784807967.5073206,8,0.020222187042236328,0.002527773380279541,True
23,589,1784807967.5283296,8,0.0192413330078125,0.0024051666259765625,True
23,590,1784807967.5479543,8,0.01941967010498047,0.0024274587631225586,True
23,591,1784807967.5678968,8,0.022705793380737305,0.002838224172592163,True
23,592,1784807967.5910861,8,0.018558502197265625,0.002319812774658203,True
23,593,1784807967.6101549,8,0.01929020881652832,0.00241127610206604,True
23,594,1784807967.6300192,8,0.021483421325683594,0.0026854276657104492,True
23,595,1784807967.6524093,8,0.019523143768310547,0.0024403929710388184,True
23,596,1784807967.6724997,8,0.02102041244506836,0.002627551555633545,True
23,597,1784807967.6942067,8,0.01974630355834961,0.002468287944793701,True
23,598,1784807967.714292,8,0.019994735717773438,0.0024993419647216797,True
23,599,1784807967.7346184,8,0.01917743682861328,0.00239717960357666,True
23,600,1784807967.754713,8,0.019138336181640625,0.002392292022705078,True
23,601,1784807967.7745187,8,0.01903057098388672,0.00237882137298584,True
23,602,1784807967.7940803,8,0.019633054733276367,0.002454131841659546,True
23,603,1784807967.8140857,8,0.018620729446411133,0.0023275911808013916,True
23,604,1784807967.8330593,8,0.020049571990966797,0.0025061964988708496,True
23,605,1784807967.8535576,8,0.02130889892578125,0.0026636123657226562,True
23,606,1784807967.8755429,8,0.019647598266601562,0.0024559497833251953,True
23,607,1784807967.8963006,8,0.01993703842163086,0.0024921298027038574,True
23,608,1784807967.9167514,8,0.019395828247070312,0.002424478530883789,True
23,609,1784807967.936598,8,0.020448684692382812,0.0025560855865478516,True
23,610,1784807967.9573953,8,0.020607471466064453,0.0025759339332580566,True
23,611,1784807967.9785893,8,0.020516633987426758,0.0025645792484283447,True
23,612,1784807967.99948,8,0.021434307098388672,0.002679288387298584,True
23,613,1784807968.021327,8,0.019290924072265625,0.002411365509033203,True
23,614,1784807968.041136,8,0.02002549171447754,0.0025031864643096924,True
23,615,1784807968.0615087,8,0.019416332244873047,0.002427041530609131,True
23,616,1784807968.0813,8,0.0209658145904541,0.0026207268238067627,True
23,617,1784807968.1025817,8,0.02029109001159668,0.002536386251449585,True
23,618,1784807968.1232882,8,0.020179033279418945,0.002522379159927368,True
23,619,1784807968.1441174,8,0.020325183868408203,0.0025406479835510254,True
23,620,1784807968.1649404,8,0.019953489303588867,0.0024941861629486084,True
23,621,1784807968.185331,8,0.02054595947265625,0.0025682449340820312,True
23,622,1784807968.2065146,8,0.021326541900634766,0.0026658177375793457,True
23,623,1784807968.228237,8,0.020819902420043945,0.002602487802505493,True
23,624,1784807968.2494965,8,0.019559383392333984,0.002444922924041748,True
23,625,1784807968.2694085,8,0.0228121280670166,0.002851516008377075,True
23,626,1784807968.2927086,8,0.020537137985229492,0.0025671422481536865,True
23,627,1784807968.313659,8,0.020125150680541992,0.002515643835067749,True
23,628,1784807968.3342917,8,0.019559621810913086,0.0024449527263641357,True
23,629,1784807968.3543663,8,0.020105361938476562,0.0025131702423095703,True
23,630,1784807968.3749466,8,0.020954608917236328,0.002619326114654541,True
23,631,1784807968.3962939,8,0.019444942474365234,0.0024306178092956543,True
23,632,1784807968.4167993,8,0.019683837890625,0.002460479736328125,True
23,633,1784807968.4369235,8,0.02104926109313965,0.002631157636642456,True
23,634,1784807968.4585521,8,0.020017623901367188,0.0025022029876708984,True
23,635,1784807968.479088,8,0.020750761032104492,0.0025938451290130615,True
23,636,1784807968.500273,8,0.018813371658325195,0.0023516714572906494,True
23,637,1784807968.5195,8,0.020830392837524414,0.0026037991046905518,True
23,638,1784807968.5406911,8,0.0218813419342041,0.0027351677417755127,True
23,639,1784807968.5637114,8,0.020754098892211914,0.0025942623615264893,True
23,640,1784807968.5849795,8,0.019949913024902344,0.002493739128112793,True
23,641,1784807968.6053863,8,0.01970982551574707,0.002463728189468384,True
23,642,1784807968.6256242,8,0.019782543182373047,0.002472817897796631,True
23,643,1784807968.645797,8,0.020618677139282227,0.0025773346424102783,True
23,644,1784807968.666748,8,0.02053070068359375,0.0025663375854492188,True
23,645,1784807968.6878219,8,0.02137303352355957,0.0026716291904449463,True
23,646,1784807968.7095895,8,0.01976943016052246,0.0024711787700653076,True
23,647,1784807968.729637,8,0.02022242546081543,0.0025278031826019287,True
23,648,1784807968.7501721,8,0.02263021469116211,0.0028287768363952637,True
23,649,1784807968.7730749,8,0.0205843448638916,0.00257304310798645,True
23,650,1784807968.7941566,8,0.019814491271972656,0.002476811408996582,True
23,651,1784807968.8142636,8,0.019086837768554688,0.002385854721069336,True
23,652,1784807968.8339713,8,0.019490957260131836,0.0024363696575164795,True
23,653,1784807968.8539398,8,0.020012378692626953,0.002501547336578369,True
23,654,1784807968.8746417,8,0.019972562789916992,0.002496570348739624,True
23,655,1784807968.8950016,8,0.018077611923217773,0.0022597014904022217,True
23,656,1784807968.913398,8,0.020855426788330078,0.0026069283485412598,True
23,657,1784807968.934677,8,0.019519567489624023,0.002439945936203003,True
23,658,1784807968.9546845,8,0.018752574920654297,0.002344071865081787,True
23,659,1784807968.9737828,8,0.019284486770629883,0.0024105608463287354,True
23,660,1784807968.993575,8,0.01919722557067871,0.002399653196334839,True
23,661,1784807969.0131543,8,0.019838809967041016,0.002479851245880127,True
23,662,1784807969.0334196,8,0.021350860595703125,0.0026688575744628906,True
23,663,1784807969.0551336,8,0.0209658145904541,0.0026207268238067627,True
23,664,1784807969.07638,8,0.018677949905395508,0.0023347437381744385,True
23,665,1784807969.0953288,8,0.02034306526184082,0.0025428831577301025,True
23,666,1784807969.1162353,8,0.0187685489654541,0.0023460686206817627,True
23,667,1784807969.1354167,8,0.020168542861938477,0.0025210678577423096,True
23,668,1784807969.1559148,8,0.020024538040161133,0.0025030672550201416,True
23,669,1784807969.1763916,8,0.018712759017944336,0.002339094877243042,True
23,670,1784807969.1954594,8,0.020485639572143555,0.0025607049465179443,True
23,671,1784807969.2163496,8,0.02137160301208496,0.00267145037651062,True
23,672,1784807969.2389567,8,0.020290613174438477,0.0025363266468048096,True
23,673,1784807969.2596817,8,0.018899202346801758,0.0023624002933502197,True
23,674,1784807969.2789407,8,0.021523237228393555,0.0026904046535491943,True
23,675,1784807969.3007438,8,0.018687963485717773,0.0023359954357147217,True
23,676,1784807969.3197298,8,0.020160913467407227,0.0025201141834259033,True
23,677,1784807969.3403397,8,0.021268844604492188,0.0026586055755615234,True
23,678,1784807969.3619726,8,0.01800370216369629,0.002250462770462036,True
23,679,1784807969.3804972,8,0.022784948348999023,0.002848118543624878,True
23,680,1784807969.4036064,8,0.019861698150634766,0.0024827122688293457,True
23,681,1784807969.4238164,8,0.019278287887573242,0.0024097859859466553,True
23,682,1784807969.4434264,8,0.01904439926147461,0.002380549907684326,True
23,683,1784807969.4632373,8,0.019699811935424805,0.0024624764919281006,True
23,684,1784807969.483414,8,0.021978139877319336,0.002747267484664917,True
23,685,1784807969.50585,8,0.01983475685119629,0.002479344606399536,True
23,686,1784807969.5264902,8,0.018997907638549805,0.0023747384548187256,True
23,687,1784807969.5462859,8,0.019916534423828125,0.0024895668029785156,True
23,688,1784807969.5665317,8,0.019431114196777344,0.002428889274597168,True
23,689,1784807969.5863857,8,0.020285367965698242,0.0025356709957122803,True
23,690,1784807969.6070664,8,0.01974630355834961,0.002468287944793701,True
23,691,1784807969.6274195,8,0.01933455467224121,0.0024168193340301514,True
23,692,1784807969.6472447,8,0.02094292640686035,0.002617865800857544,True
23,693,1784807969.6688645,8,0.01940178871154785,0.0024252235889434814,True
23,694,1784807969.6887083,8,0.0211794376373291,0.0026474297046661377,True
23,695,1784807969.7102587,8,0.020354270935058594,0.0025442838668823242,True
23,696,1784807969.730975,8,0.020610570907592773,0.0025763213634490967,True
23,697,1784807969.7520487,8,0.019405841827392578,0.0024257302284240723,True
23,698,1784807969.7718565,8,0.019960880279541016,0.002495110034942627,True
23,699,1784807969.7927759,8,0.019797801971435547,0.0024747252464294434,True
23,700,1784807969.8128433,8,0.021714448928833008,0.002714306116104126,True
23,701,1784807969.8353577,8,0.020747900009155273,0.002593487501144409,True
23,702,1784807969.8567247,8,0.01967334747314453,0.0024591684341430664,True
23,703,1784807969.8768198,8,0.021534442901611328,0.002691805362701416,True
23,704,1784807969.8990893,8,0.0205380916595459,0.0025672614574432373,True
23,705,1784807969.9211302,8,0.01761484146118164,0.002201855182647705,True
23,706,1784807969.9390576,8,0.02101874351501465,0.002627342939376831,True
23,707,1784807969.960422,8,0.018726587295532227,0.0023408234119415283,True
23,708,1784807969.9794552,8,0.018551111221313477,0.0023188889026641846,True
23,709,1784807969.9983258,8,0.019320964813232422,0.0024151206016540527,True
23,710,1784807970.0179873,8,0.01969742774963379,0.0024621784687042236,True
23,711,1784807970.038192,8,0.02067399024963379,0.0025842487812042236,True
23,712,1784807970.0591927,8,0.018535137176513672,0.002316892147064209,True
23,713,1784807970.078011,8,0.020401477813720703,0.002550184726715088,True
23,714,1784807970.0989587,8,0.019650697708129883,0.0024563372135162354,True
23,715,1784807970.118921,8,0.019774675369262695,0.002471834421157837,True
23,716,1784807970.1391132,8,0.020386695861816406,0.0025483369827270508,True
23,717,1784807970.1605802,8,0.018960952758789062,0.002370119094848633,True
23,718,1784807970.1799085,8,0.019400358200073242,0.0024250447750091553,True
23,719,1784807970.1998756,8,0.019516944885253906,0.0024396181106567383,True
23,720,1784807970.221201,8,0.017543792724609375,0.002192974090576172,True
23,721,1784807970.239118,8,0.02024984359741211,0.0025312304496765137,True
23,722,1784807970.2597964,8,0.021497488021850586,0.0026871860027313232,True
23,723,1784807970.2828171,8,0.019094467163085938,0.002386808395385742,True
23,724,1784807970.3023858,8,0.02087259292602539,0.002609074115753174,True
23,725,1784807970.3237789,8,0.019896507263183594,0.0024870634078979492,True
23,726,1784807970.3440385,8,0.01989269256591797,0.002486586570739746,True
23,727,1784807970.3643034,8,0.02059316635131836,0.002574145793914795,True
23,728,1784807970.3854184,8,0.019945621490478516,0.0024932026863098145,True
23,729,1784807970.4057202,8,0.020265579223632812,0.0025331974029541016,True
23,730,1784807970.4263842,8,0.019300460815429688,0.002412557601928711,True
23,731,1784807970.4460912,8,0.019776344299316406,0.0024720430374145508,True
23,732,1784807970.4662445,8,0.020023584365844727,0.002502948045730591,True
23,733,1784807970.486569,8,0.021059036254882812,0.0026323795318603516,True
23,734,1784807970.5079513,8,0.018519163131713867,0.0023148953914642334,True
23,735,1784807970.5267975,8,0.019763469696044922,0.0024704337120056152,True
23,736,1784807970.5469565,8,0.01809406280517578,0.0022617578506469727,True
23,737,1784807970.5654926,8,0.019357919692993164,0.0024197399616241455,True
23,738,1784807970.5853603,8,0.02187061309814453,0.0027338266372680664,True
23,739,1784807970.6075513,8,0.019066333770751953,0.002383291721343994,True
23,740,1784807970.627046,8,0.020096778869628906,0.0025120973587036133,True
23,741,1784807970.6476984,8,0.023268938064575195,0.0029086172580718994,True
23,742,1784807970.6713595,8,0.020394563674926758,0.0025493204593658447,True
23,743,1784807970.6922183,8,0.02000737190246582,0.0025009214878082275,True
23,744,1784807970.713009,8,0.019010066986083984,0.002376258373260498,True
23,745,1784807970.7325447,8,0.019553184509277344,0.002444148063659668,True
23,746,1784807970.752919,8,0.020238399505615234,0.0025297999382019043,True
23,747,1784807970.773491,8,0.019809722900390625,0.002476215362548828,True
23,748,1784807970.7937582,8,0.019421100616455078,0.0024276375770568848,True
23,749,1784807970.8134902,8,0.019949913024902344,0.002493739128112793,True
23,750,1784807970.8339806,8,0.01954817771911621,0.0024435222148895264,True
23,751,1784807970.8538682,8,0.02145218849182129,0.002681523561477661,True
23,752,1784807970.8760982,8,0.019762039184570312,0.002470254898071289,True
23,753,1784807970.896211,8,0.020884275436401367,0.002610534429550171,True
23,754,1784807970.9174554,8,0.020777463912963867,0.0025971829891204834,True
23,755,1784807970.9385984,8,0.018649816513061523,0.0023312270641326904,True
23,756,1784807970.9577038,8,0.020097732543945312,0.002512216567993164,True
23,757,1784807970.9781458,8,0.019278287887573242,0.0024097859859466553,True
23,758,1784807970.9977846,8,0.019591093063354492,0.0024488866329193115,True
23,759,1784807971.0181344,8,0.019198894500732422,0.0023998618125915527,True
23,760,1784807971.0379257,8,0.021008014678955078,0.0026260018348693848,True
23,761,1784807971.0593376,8,0.02217721939086914,0.0027721524238586426,True
23,762,1784807971.081832,8,0.02118849754333496,0.00264856219291687,True
23,763,1784807971.1039367,8,0.01934981346130371,0.002418726682662964,True
23,764,1784807971.12358,8,0.01921677589416504,0.00240209698677063,True
23,765,1784807971.1432114,8,0.02020716667175293,0.002525895833969116,True
23,766,1784807971.163852,8,0.020114660263061523,0.0025143325328826904,True
23,767,1784807971.1843936,8,0.020842313766479492,0.0026052892208099365,True
23,768,1784807971.2055426,8,0.01883983612060547,0.0023549795150756836,True
23,769,1784807971.224855,8,0.018921852111816406,0.0023652315139770508,True
23,770,1784807971.2443993,8,0.01985335350036621,0.0024816691875457764,True
23,771,1784807971.2648342,8,0.019286394119262695,0.002410799264907837,True
23,772,1784807971.2845223,8,0.02137279510498047,0.0026715993881225586,True
23,773,1784807971.3063803,8,0.020175457000732422,0.0025219321250915527,True
23,774,1784807971.3278487,8,0.01958179473876953,0.0024477243423461914,True
23,775,1784807971.3482165,8,0.02032637596130371,0.002540796995162964,True
23,776,1784807971.36888,8,0.018475055694580078,0.0023093819618225098,True
23,777,1784807971.3882992,8,0.01816844940185547,0.0022710561752319336,True
23,778,1784807971.406904,8,0.020898818969726562,0.0026123523712158203,True
23,779,1784807971.4282987,8,0.02051234245300293,0.002564042806625366,True
23,780,1784807971.449154,8,0.020386457443237305,0.002548307180404663,True
23,781,1784807971.469798,8,0.020090579986572266,0.002511322498321533,True
23,782,1784807971.4906251,8,0.020495891571044922,0.0025619864463806152,True
23,783,1784807971.512382,8,0.020607948303222656,0.002575993537902832,True
23,784,1784807971.5334256,8,0.023909568786621094,0.0029886960983276367,True
23,785,1784807971.558327,8,0.01862192153930664,0.00232774019241333,True
23,786,1784807971.5788102,8,0.020305871963500977,0.002538233995437622,True
23,787,1784807971.5997772,8,0.01940321922302246,0.0024254024028778076,True
23,788,1784807971.619594,8,0.020868539810180664,0.002608567476272583,True
23,789,1784807971.6414204,8,0.018850088119506836,0.0023562610149383545,True
23,790,1784807971.6607797,8,0.0195615291595459,0.0024451911449432373,True
23,791,1784807971.6808238,8,0.021065950393676758,0.0026332437992095947,True
23,792,1784807971.7022862,8,0.02139759063720703,0.002674698829650879,True
23,793,1784807971.724799,8,0.019564151763916016,0.002445518970489502,True
23,794,1784807971.7449355,8,0.019186973571777344,0.002398371696472168,True
23,795,1784807971.7644324,8,0.020156383514404297,0.002519547939300537,True
23,796,1784807971.7851832,8,0.021858930587768555,0.0027323663234710693,True
23,797,1784807971.8073716,8,0.01941370964050293,0.002426713705062866,True
23,798,1784807971.8271337,8,0.019793987274169922,0.0024742484092712402,True
23,799,1784807971.8473597,8,0.02118706703186035,0.002648383378982544,True
23,800,1784807971.868872,8,0.019228219985961914,0.0024035274982452393,True
23,801,1784807971.8884966,8,0.02054429054260254,0.0025680363178253174,True
23,802,1784807971.9093654,8,0.019610166549682617,0.002451270818710327,True
23,803,1784807971.92946,8,0.019782543182373047,0.002472817897796631,True
23,804,1784807971.949625,8,0.02126932144165039,0.002658665180206299,True
23,805,1784807971.9712381,8,0.02027106285095215,0.0025338828563690186,True
23,806,1784807971.9918814,8,0.01984095573425293,0.002480119466781616,True
23,807,1784807972.0122437,8,0.019493579864501953,0.002436697483062744,True
23,808,1784807972.0321152,8,0.019555091857910156,0.0024443864822387695,True
23,809,1784807972.0520725,8,0.021238088607788086,0.0026547610759735107,True
23,810,1784807972.073589,8,0.02031683921813965,0.002539604902267456,True
23,811,1784807972.0942001,8,0.020546913146972656,0.002568364143371582,True
23,812,1784807972.1152873,8,0.019489288330078125,0.0024361610412597656,True
23,813,1784807972.1351721,8,0.01969146728515625,0.0024614334106445312,True
23,814,1784807972.1557982,8,0.022078275680541992,0.002759784460067749,True
23,815,1784807972.1785243,8,0.022562503814697266,0.002820312976837158,True
23,816,1784807972.2017186,8,0.0220334529876709,0.0027541816234588623,True
23,817,1784807972.2242575,8,0.019279956817626953,0.002409994602203369,True
23,818,1784807972.2443383,8,0.02060985565185547,0.0025762319564819336,True
23,819,1784807972.265843,8,0.01847672462463379,0.0023095905780792236,True
23,820,1784807972.2846084,8,0.02037954330444336,0.00254744291305542,True
23,821,1784807972.3053443,8,0.021233081817626953,0.002654135227203369,True
23,822,1784807972.3270574,8,0.019096851348876953,0.002387106418609619,True
23,823,1784807972.3464272,8,0.01968240737915039,0.002460300922393799,True
23,824,1784807972.3664598,8,0.020727872848510742,0.0025909841060638428,True
23,825,1784807972.387492,8,0.01930403709411621,0.0024130046367645264,True
23,826,1784807972.407053,8,0.019829511642456055,0.002478688955307007,True
23,827,1784807972.4273255,8,0.019540786743164062,0.002442598342895508,True
23,828,1784807972.4472947,8,0.01891946792602539,0.002364933490753174,True
23,829,1784807972.4665477,8,0.018854379653930664,0.002356797456741333,True
23,830,1784807972.485727,8,0.019388914108276367,0.002423614263534546,True
23,831,1784807972.505498,8,0.0203397274017334,0.002542465925216675,True
23,832,1784807972.526265,8,0.018909454345703125,0.0023636817932128906,True
23,833,1784807972.5454612,8,0.020904541015625,0.002613067626953125,True
23,834,1784807972.5667048,8,0.021656274795532227,0.0027070343494415283,True
23,835,1784807972.5887542,8,0.019680023193359375,0.002460002899169922,True
23,836,1784807972.608879,8,0.021567821502685547,0.0026959776878356934,True
23,837,1784807972.6307988,8,0.01943182945251465,0.002428978681564331,True
23,838,1784807972.6508377,8,0.019057750701904297,0.002382218837738037,True
23,839,1784807972.6704087,8,0.01876091957092285,0.0023451149463653564,True
23,840,1784807972.6895993,8,0.019792795181274414,0.0024740993976593018,True
23,841,1784807972.7103808,8,0.01999664306640625,0.0024995803833007812,True
23,842,1784807972.7308567,8,0.020004749298095703,0.002500593662261963,True
23,843,1784807972.7514238,8,0.0205075740814209,0.0025634467601776123,True
23,844,1784807972.7724226,8,0.01902627944946289,0.0023782849311828613,True
23,845,1784807972.7922015,8,0.019382238388061523,0.0024227797985076904,True
23,846,1784807972.812144,8,0.020241737365722656,0.002530217170715332,True
23,847,1784807972.8327496,8,0.020541667938232422,0.0025677084922790527,True
23,848,1784807972.8536253,8,0.020308494567871094,0.0025385618209838867,True
23,849,1784807972.875378,8,0.018239498138427734,0.002279937267303467,True
23,850,1784807972.8940966,8,0.021396875381469727,0.002674609422683716,True
23,851,1784807972.9162426,8,0.020465612411499023,0.002558201551437378,True
23,852,1784807972.9370556,8,0.021496295928955078,0.0026870369911193848,True
23,853,1784807972.9590275,8,0.020108938217163086,0.0025136172771453857,True
23,854,1784807972.9794452,8,0.020305395126342773,0.0025381743907928467,True
23,855,1784807973.0001204,8,0.019961118698120117,0.0024951398372650146,True
23,856,1784807973.0206017,8,0.01988077163696289,0.0024850964546203613,True
23,857,1784807973.0409598,8,0.020483732223510742,0.0025604665279388428,True
23,858,1784807973.0617766,8,0.019535541534423828,0.0024419426918029785,True
23,859,1784807973.0816097,8,0.019604206085205078,0.0024505257606506348,True
23,860,1784807973.1016347,8,0.019374370574951172,0.0024217963218688965,True
23,861,1784807973.1219134,8,0.020847082138061523,0.0026058852672576904,True
23,862,1784807973.1430604,8,0.019283771514892578,0.0024104714393615723,True
23,863,1784807973.1626155,8,0.02023911476135254,0.0025298893451690674,True
23,864,1784807973.1832676,8,0.018973350524902344,0.002371668815612793,True
23,865,1784807973.2025914,8,0.020752668380737305,0.002594083547592163,True
23,866,1784807973.2236392,8,0.019600868225097656,0.002450108528137207,True
23,867,1784807973.243583,8,0.020605802536010742,0.0025757253170013428,True
23,868,1784807973.26472,8,0.021970033645629883,0.0027462542057037354,True
23,869,1784807973.2872982,8,0.01868128776550293,0.002335160970687866,True
23,870,1784807973.306438,8,0.021277666091918945,0.002659708261489868,True
23,871,1784807973.3280742,8,0.022516489028930664,0.002814561128616333,True
23,872,1784807973.3525178,8,0.017644166946411133,0.0022055208683013916,True
23,873,1784807973.3710105,8,0.020720958709716797,0.0025901198387145996,True
23,874,1784807973.392176,8,0.020287036895751953,0.002535879611968994,True
23,875,1784807973.4138727,8,0.01848316192626953,0.0023103952407836914,True
23,876,1784807973.4327042,8,0.02048516273498535,0.002560645341873169,True
23,877,1784807973.4537592,8,0.020366191864013672,0.002545773983001709,True
23,878,1784807973.4744759,8,0.018758058547973633,0.002344757318496704,True
23,879,1784807973.4935281,8,0.01929950714111328,0.00241243839263916,True
23,880,1784807973.5131056,8,0.01966094970703125,0.0024576187133789062,True
23,881,1784807973.5332265,8,0.021141767501831055,0.002642720937728882,True
23,882,1784807973.5548658,8,0.019801616668701172,0.0024752020835876465,True
23,883,1784807973.5751116,8,0.019208908081054688,0.002401113510131836,True
23,884,1784807973.5947747,8,0.020009517669677734,0.002501189708709717,True
23,885,1784807973.615149,8,0.01975870132446289,0.0024698376655578613,True
23,886,1784807973.6356468,8,0.019197702407836914,0.0023997128009796143,True
23,887,1784807973.6553595,8,0.020481348037719727,0.002560168504714966,True
23,888,1784807973.6761997,8,0.020573854446411133,0.0025717318058013916,True
23,889,1784807973.698721,8,0.01832723617553711,0.0022909045219421387,True
23,890,1784807973.7176154,8,0.018488168716430664,0.002311021089553833,True
23,891,1784807973.7365637,8,0.019148826599121094,0.0023936033248901367,True
23,892,1784807973.7561948,8,0.019759654998779297,0.002469956874847412,True
23,893,1784807973.7764351,8,0.01945042610168457,0.0024313032627105713,True
23,894,1784807973.796338,8,0.02060723304748535,0.002575904130935669,True
23,895,1784807973.8173568,8,0.019417285919189453,0.0024271607398986816,True
23,896,1784807973.8375275,8,0.019690990447998047,0.002461373805999756,True
23,897,1784807973.8579812,8,0.019959449768066406,0.0024949312210083008,True
23,898,1784807973.878575,8,0.019438982009887695,0.002429872751235962,True
23,899,1784807973.899613,8,0.020021677017211914,0.0025027096271514893,True
23,900,1784807973.9200811,8,0.019731998443603516,0.0024664998054504395,True
23,901,1784807973.9407995,8,0.02099609375,0.00262451171875,True
23,902,1784807973.962248,8,0.01908421516418457,0.0023855268955230713,True
23,903,1784807973.9816294,8,0.019844532012939453,0.0024805665016174316,True
23,904,1784807974.001929,8,0.01823592185974121,0.0022794902324676514,True
23,905,1784807974.0207117,8,0.02001786231994629,0.002502232789993286,True
23,906,1784807974.041072,8,0.019025325775146484,0.0023781657218933105,True
23,907,1784807974.0603986,8,0.020575523376464844,0.0025719404220581055,True
23,908,1784807974.0813146,8,0.02066206932067871,0.002582758665084839,True
23,909,1784807974.1027339,8,0.019475221633911133,0.0024344027042388916,True
23,910,1784807974.1239736,8,0.020684480667114258,0.0025855600833892822,True
23,911,1784807974.1449807,8,0.019901037216186523,0.0024876296520233154,True
23,912,1784807974.165343,8,0.02115321159362793,0.002644151449203491,True
23,913,1784807974.1867924,8,0.020435571670532227,0.0025544464588165283,True
23,914,1784807974.2077498,8,0.018457651138305664,0.002307206392288208,True
23,915,1784807974.2266073,8,0.021651506423950195,0.0027064383029937744,True
23,916,1784807974.2496672,8,0.018587589263916016,0.002323448657989502,True
23,917,1784807974.2688668,8,0.02013874053955078,0.0025173425674438477,True
23,918,1784807974.2894673,8,0.020989418029785156,0.0026236772537231445,True
23,919,1784807974.3114722,8,0.02034902572631836,0.002543628215789795,True
23,920,1784807974.332404,8,0.020412206649780273,0.002551525831222534,True
23,921,1784807974.3532352,8,0.018710851669311523,0.0023388564586639404,True
23,922,1784807974.3726196,8,0.019925832748413086,0.0024907290935516357,True
23,923,1784807974.3933232,8,0.020585060119628906,0.0025731325149536133,True
23,924,1784807974.4144402,8,0.020483016967773438,0.0025603771209716797,True
23,925,1784807974.4357808,8,0.019092082977294922,0.0023865103721618652,True
23,926,1784807974.4555058,8,0.0190732479095459,0.0023841559886932373,True
23,927,1784807974.4752593,8,0.02020263671875,0.00252532958984375,True
23,928,1784807974.4959655,8,0.018845319747924805,0.0023556649684906006,True
23,929,1784807974.5156248,8,0.021205425262451172,0.0026506781578063965,True
23,930,1784807974.537272,8,0.019591093063354492,0.0024488866329193115,True
23,931,1784807974.5572343,8,0.019361257553100586,0.0024201571941375732,True
23,932,1784807974.5770438,8,0.019878149032592773,0.0024847686290740967,True
23,933,1784807974.5983882,8,0.017723560333251953,0.002215445041656494,True
23,934,1784807974.6164703,8,0.018033504486083984,0.002254188060760498,True
23,935,1784807974.6348908,8,0.020763635635375977,0.002595454454421997,True
23,936,1784807974.6560469,8,0.019829511642456055,0.002478688955307007,True
23,937,1784807974.6762934,8,0.019568681716918945,0.002446085214614868,True
23,938,1784807974.6965613,8,0.01892852783203125,0.0023660659790039062,True
23,939,1784807974.71588,8,0.021259069442749023,0.002657383680343628,True
23,940,1784807974.7376368,8,0.020026683807373047,0.002503335475921631,True
23,941,1784807974.7584574,8,0.021089553833007812,0.0026361942291259766,True
23,942,1784807974.7800333,8,0.020683765411376953,0.002585470676422119,True
23,943,1784807974.8011754,8,0.020555496215820312,0.002569437026977539,True
23,944,1784807974.8220532,8,0.020421743392944336,0.002552717924118042,True
23,945,1784807974.8431933,8,0.01840972900390625,0.0023012161254882812,True
23,946,1784807974.8625193,8,0.01909017562866211,0.0023862719535827637,True
23,947,1784807974.8822188,8,0.022078275680541992,0.002759784460067749,True
23,948,1784807974.9049456,8,0.020350933074951172,0.0025438666343688965,True
23,949,1784807974.9257717,8,0.021196365356445312,0.002649545669555664,True
23,950,1784807974.947531,8,0.021021127700805664,0.002627640962600708,True
23,951,1784807974.9696195,8,0.01890254020690918,0.0023628175258636475,True
23,952,1784807974.9889095,8,0.02001357078552246,0.0025016963481903076,True
23,953,1784807975.0094616,8,0.02023482322692871,0.002529352903366089,True
23,954,1784807975.032038,8,0.019006967544555664,0.002375870943069458,True
23,955,1784807975.0513794,8,0.018550634384155273,0.002318829298019409,True
23,956,1784807975.0704675,8,0.0208432674407959,0.0026054084300994873,True
23,957,1784807975.0920427,8,0.02223038673400879,0.0027787983417510986,True
23,958,1784807975.115472,8,0.019843339920043945,0.002480417490005493,True
23,959,1784807975.1361969,8,0.019776582717895508,0.0024720728397369385,True
23,960,1784807975.1564457,8,0.020500898361206055,0.002562612295150757,True
23,961,1784807975.1775324,8,0.018223285675048828,0.0022779107093811035,True
23,962,1784807975.1971145,8,0.019594192504882812,0.0024492740631103516,True
23,963,1784807975.2171018,8,0.02022528648376465,0.002528160810470581,True
23,964,1784807975.2377677,8,0.02008342742919922,0.0025104284286499023,True
23,965,1784807975.2586448,8,0.021812915802001953,0.002726614475250244,True
23,966,1784807975.2813253,8,0.019031047821044922,0.0023788809776306152,True
23,967,1784807975.301206,8,0.019893169403076172,0.0024866461753845215,True
23,968,1784807975.3218174,8,0.021010160446166992,0.002626270055770874,True
23,969,1784807975.343634,8,0.020590543746948242,0.0025738179683685303,True
23,970,1784807975.3645573,8,0.019837141036987305,0.002479642629623413,True
23,971,1784807975.385153,8,0.01840043067932129,0.002300053834915161,True
23,972,1784807975.404882,8,0.019588232040405273,0.002448529005050659,True
23,973,1784807975.4248822,8,0.01940321922302246,0.0024254024028778076,True
23,974,1784807975.4449964,8,0.018745899200439453,0.0023432374000549316,True
23,975,1784807975.4640539,8,0.0192720890045166,0.002409011125564575,True
23,976,1784807975.483719,8,0.01924872398376465,0.002406090497970581,True
23,977,1784807975.5042741,8,0.01703786849975586,0.0021297335624694824,True
23,978,1784807975.5220306,8,0.020311594009399414,0.0025389492511749268,True
23,979,1784807975.5430343,8,0.021477460861206055,0.002684682607650757,True
23,980,1784807975.565051,8,0.019691944122314453,0.0024614930152893066,True
23,981,1784807975.5850873,8,0.019285917282104492,0.0024107396602630615,True
23,982,1784807975.6048033,8,0.0182039737701416,0.0022754967212677,True
23,983,1784807975.6233943,8,0.02061295509338379,0.0025766193866729736,True
23,984,1784807975.6452127,8,0.01970052719116211,0.0024625658988952637,True
23,985,1784807975.6652577,8,0.02274608612060547,0.0028432607650756836,True
23,986,1784807975.6885693,8,0.018196821212768555,0.0022746026515960693,True
23,987,1784807975.707301,8,0.021348237991333008,0.002668529748916626,True
23,988,1784807975.7291307,8,0.02082967758178711,0.0026037096977233887,True
23,989,1784807975.7513325,8,0.02055525779724121,0.0025694072246551514,True
23,990,1784807975.7727554,8,0.020815610885620117,0.0026019513607025146,True
23,991,1784807975.7942004,8,0.019715070724487305,0.002464383840560913,True
23,992,1784807975.814714,8,0.02096390724182129,0.002620488405227661,True
23,993,1784807975.8361416,8,0.019659042358398438,0.0024573802947998047,True
23,994,1784807975.8573637,8,0.019043684005737305,0.002380460500717163,True
23,995,1784807975.876796,8,0.019454479217529297,0.002431809902191162,True
23,996,1784807975.896702,8,0.021591901779174805,0.0026989877223968506,True
23,997,1784807975.918788,8,0.019507646560668945,0.002438455820083618,True
23,998,1784807975.9386241,8,0.01985645294189453,0.0024820566177368164,True
23,999,1784807975.9588125,8,0.0195620059967041,0.0024452507495880127,True
23,1000,1784807975.9794135,8,0.01840972900390625,0.0023012161254882812,True
23,1001,1784807975.998183,8,0.020917415618896484,0.0026146769523620605,True
23,1002,1784807976.0195003,8,0.022037506103515625,0.002754688262939453,True
23,1003,1784807976.042097,8,0.021029233932495117,0.0026286542415618896,True
23,1004,1784807976.0635004,8,0.021623611450195312,0.002702951431274414,True
23,1005,1784807976.0854607,8,0.021126508712768555,0.0026408135890960693,True
23,1006,1784807976.1071384,8,0.02009439468383789,0.0025117993354797363,True
23,1007,1784807976.1275392,8,0.019738435745239258,0.0024673044681549072,True
23,1008,1784807976.1477451,8,0.019434452056884766,0.0024293065071105957,True
23,1009,1784807976.1674838,8,0.018947839736938477,0.0023684799671173096,True
23,1010,1784807976.186938,8,0.019270896911621094,0.0024088621139526367,True
23,1011,1784807976.2065632,8,0.019572734832763672,0.002446591854095459,True
23,1012,1784807976.2263923,8,0.01940774917602539,0.002425968647003174,True
23,1013,1784807976.246122,8,0.018994808197021484,0.0023743510246276855,True
23,1014,1784807976.2660465,8,0.019753456115722656,0.002469182014465332,True
23,1015,1784807976.2864265,8,0.020093679428100586,0.0025117099285125732,True
23,1016,1784807976.3069732,8,0.023061037063598633,0.002882629632949829,True
23,1017,1784807976.3303525,8,0.017285585403442383,0.002160698175430298,True
23,1018,1784807976.3480074,8,0.01942920684814453,0.0024286508560180664,True
23,1019,1784807976.3679054,8,0.019313573837280273,0.002414196729660034,True
23,1020,1784807976.3875134,8,0.020399808883666992,0.002549976110458374,True
23,1021,1784807976.408606,8,0.018171310424804688,0.002271413803100586,True
23,1022,1784807976.4277017,8,0.021126747131347656,0.002640843391418457,True
23,1023,1784807976.4492898,8,0.019947052001953125,0.0024933815002441406,True
23,1024,1784807976.469577,8,0.018793582916259766,0.0023491978645324707,True
23,1025,1784807976.4888153,8,0.01950240135192871,0.002437800168991089,True
23,1026,1784807976.5086484,8,0.02041316032409668,0.002551645040512085,True
23,1027,1784807976.5294607,8,0.020285367965698242,0.0025356709957122803,True
23,1028,1784807976.5503018,8,0.020657062530517578,0.0025821328163146973,True
23,1029,1784807976.5713556,8,0.01907515525817871,0.002384394407272339,True
23,1030,1784807976.5909817,8,0.01950359344482422,0.0024379491806030273,True
23,1031,1784807976.6107862,8,0.019362688064575195,0.0024203360080718994,True
23,1032,1784807976.6304734,8,0.020580053329467773,0.0025725066661834717,True
23,1033,1784807976.6517618,8,0.021747589111328125,0.0027184486389160156,True
23,1034,1784807976.6739488,8,0.02014017105102539,0.002517521381378174,True
23,1035,1784807976.6944518,8,0.020172595977783203,0.0025215744972229004,True
23,1036,1784807976.7155282,8,0.018194198608398438,0.0022742748260498047,True
23,1037,1784807976.7342174,8,0.01989436149597168,0.00248679518699646,True
23,1038,1784807976.7545428,8,0.019242048263549805,0.0024052560329437256,True
23,1039,1784807976.774417,8,0.01813793182373047,0.0022672414779663086,True
23,1040,1784807976.793534,8,0.019814729690551758,0.0024768412113189697,True
23,1041,1784807976.8140051,8,0.020116806030273438,0.0025146007537841797,True
23,1042,1784807976.8344648,8,0.021535158157348633,0.002691894769668579,True
23,1043,1784807976.8563275,8,0.022602558135986328,0.002825319766998291,True
23,1044,1784807976.8799126,8,0.019426584243774414,0.0024283230304718018,True
23,1045,1784807976.8997,8,0.01990509033203125,0.0024881362915039062,True
23,1046,1784807976.9200578,8,0.0194242000579834,0.002428025007247925,True
23,1047,1784807976.93986,8,0.01994156837463379,0.0024926960468292236,True
23,1048,1784807976.960233,8,0.019827604293823242,0.0024784505367279053,True
23,1049,1784807976.9806805,8,0.021297216415405273,0.002662152051925659,True
23,1050,1784807977.0030196,8,0.0196535587310791,0.0024566948413848877,True
23,1051,1784807977.0230129,8,0.0205533504486084,0.00256916880607605,True
23,1052,1784807977.0439594,8,0.0195159912109375,0.0024394989013671875,True
23,1053,1784807977.063931,8,0.019257068634033203,0.0024071335792541504,True
23,1054,1784807977.083942,8,0.019965648651123047,0.002495706081390381,True
23,1055,1784807977.1043184,8,0.01986861228942871,0.002483576536178589,True
23,1056,1784807977.124771,8,0.020056486129760742,0.0025070607662200928,True
23,1057,1784807977.145473,8,0.020496368408203125,0.0025620460510253906,True
23,1058,1784807977.1663134,8,0.02147197723388672,0.00268399715423584,True
23,1059,1784807977.1882117,8,0.02013397216796875,0.0025167465209960938,True
23,1060,1784807977.2086928,8,0.020494461059570312,0.002561807632446289,True
23,1061,1784807977.2294958,8,0.022349834442138672,0.002793729305267334,True
23,1062,1784807977.2528741,8,0.018346071243286133,0.0022932589054107666,True
23,1063,1784807977.27156,8,0.019989013671875,0.002498626708984375,True
23,1064,1784807977.2919047,8,0.020538806915283203,0.0025673508644104004,True
23,1065,1784807977.3127787,8,0.02098536491394043,0.0026231706142425537,True
23,1066,1784807977.334782,8,0.019758224487304688,0.002469778060913086,True
23,1067,1784807977.3554845,8,0.018741846084594727,0.002342730760574341,True
23,1068,1784807977.3746247,8,0.019062280654907227,0.0023827850818634033,True
23,1069,1784807977.394245,8,0.02169489860534668,0.002711862325668335,True
23,1070,1784807977.4162643,8,0.01973438262939453,0.0024667978286743164,True
23,1071,1784807977.4364057,8,0.020999431610107422,0.0026249289512634277,True
23,1072,1784807977.4578826,8,0.0211031436920166,0.002637892961502075,True
23,1073,1784807977.479492,8,0.02320575714111328,0.00290071964263916,True
23,1074,1784807977.503742,8,0.016889333724975586,0.0021111667156219482,True
23,1075,1784807977.5211747,8,0.0183713436126709,0.0022964179515838623,True
23,1076,1784807977.5399241,8,0.01905059814453125,0.0023813247680664062,True
23,1077,1784807977.559405,8,0.0201263427734375,0.0025157928466796875,True
23,1078,1784807977.5800498,8,0.019890785217285156,0.0024863481521606445,True
23,1079,1784807977.6004827,8,0.019661426544189453,0.0024576783180236816,True
23,1080,1784807977.620512,8,0.019376039505004883,0.0024220049381256104,True
23,1081,1784807977.6405113,8,0.019678831100463867,0.0024598538875579834,True
23,1082,1784807977.6607869,8,0.02022409439086914,0.0025280117988586426,True
23,1083,1784807977.6814666,8,0.021579265594482422,0.0026974081993103027,True
23,1084,1784807977.7045534,8,0.021890878677368164,0.0027363598346710205,True
23,1085,1784807977.727931,8,0.020496606826782227,0.0025620758533477783,True
23,1086,1784807977.7496972,8,0.02069091796875,0.00258636474609375,True
23,1087,1784807977.7708032,8,0.021910667419433594,0.0027388334274291992,True
23,1088,1784807977.7944117,8,0.019263267517089844,0.0024079084396362305,True
23,1089,1784807977.8142724,8,0.018852949142456055,0.002356618642807007,True
23,1090,1784807977.8334756,8,0.02041316032409668,0.002551645040512085,True
23,1091,1784807977.854311,8,0.019272804260253906,0.0024091005325317383,True
23,1092,1784807977.873964,8,0.021622896194458008,0.002702862024307251,True
23,1093,1784807977.8959363,8,0.020890235900878906,0.0026112794876098633,True
23,1094,1784807977.9171798,8,0.022073745727539062,0.002759218215942383,True
23,1095,1784807977.9401064,8,0.02010178565979004,0.002512723207473755,True
23,1096,1784807977.9605422,8,0.019962549209594727,0.002495318651199341,True
23,1097,1784807977.9808857,8,0.021431922912597656,0.002678990364074707,True
23,1098,1784807978.0031638,8,0.01903986930847168,0.00237998366355896,True
23,1099,1784807978.022514,8,0.019355297088623047,0.002419412136077881,True
23,1100,1784807978.0426693,8,0.01983046531677246,0.0024788081645965576,True
23,1101,1784807978.0628798,8,0.024560213088989258,0.0030700266361236572,True
23,1102,1784807978.0885723,8,0.01706528663635254,0.0021331608295440674,True
23,1103,1784807978.1064577,8,0.018898725509643555,0.0023623406887054443,True
23,1104,1784807978.1258337,8,0.019336938858032227,0.0024171173572540283,True
23,1105,1784807978.1458573,8,0.01907825469970703,0.002384781837463379,True
23,1106,1784807978.1653407,8,0.019918441772460938,0.002489805221557617,True
23,1107,1784807978.185623,8,0.020758628845214844,0.0025948286056518555,True
23,1108,1784807978.2067704,8,0.01919865608215332,0.002399832010269165,True
23,1109,1784807978.226738,8,0.019819259643554688,0.002477407455444336,True
23,1110,1784807978.2469716,8,0.019604921340942383,0.002450615167617798,True
23,1111,1784807978.2669742,8,0.020917654037475586,0.0026147067546844482,True
23,1112,1784807978.288654,8,0.017624855041503906,0.0022031068801879883,True
23,1113,1784807978.3071284,8,0.021160602569580078,0.0026450753211975098,True
23,1114,1784807978.3286455,8,0.020582914352416992,0.002572864294052124,True
23,1115,1784807978.349716,8,0.019715309143066406,0.0024644136428833008,True
23,1116,1784807978.3697822,8,0.020167112350463867,0.0025208890438079834,True
23,1117,1784807978.3903673,8,0.02001667022705078,0.0025020837783813477,True
23,1118,1784807978.411473,8,0.020663738250732422,0.0025829672813415527,True
23,1119,1784807978.4325752,8,0.021617889404296875,0.0027022361755371094,True
23,1120,1784807978.454717,8,0.018063783645629883,0.0022579729557037354,True
23,1121,1784807978.4731827,8,0.021955251693725586,0.0027444064617156982,True
23,1122,1784807978.497264,8,0.019478797912597656,0.002434849739074707,True
23,1123,1784807978.517154,8,0.018866539001464844,0.0023583173751831055,True
23,1124,1784807978.5365272,8,0.020354747772216797,0.0025443434715270996,True
23,1125,1784807978.5573113,8,0.018855810165405273,0.002356976270675659,True
23,1126,1784807978.5765042,8,0.02071690559387207,0.002589613199234009,True
23,1127,1784807978.5975869,8,0.01961541175842285,0.0024519264698028564,True
23,1128,1784807978.6178124,8,0.019639968872070312,0.002454996109008789,True
23,1129,1784807978.6381779,8,0.019407272338867188,0.0024259090423583984,True
23,1130,1784807978.6579998,8,0.019116640090942383,0.002389580011367798,True
23,1131,1784807978.6779275,8,0.02052164077758789,0.0025652050971984863,True
23,1132,1784807978.6988301,8,0.019850730895996094,0.0024813413619995117,True
23,1133,1784807978.7191164,8,0.019951343536376953,0.002493917942047119,True
23,1134,1784807978.7396507,8,0.021430253982543945,0.002678781747817993,True
23,1135,1784807978.7614174,8,0.021215200424194336,0.002651900053024292,True
23,1136,1784807978.7829947,8,0.020630836486816406,0.0025788545608520508,True
23,1137,1784807978.8039787,8,0.020145893096923828,0.0025182366371154785,True
23,1138,1784807978.8245234,8,0.020125627517700195,0.0025157034397125244,True
23,1139,1784807978.8450072,8,0.018903255462646484,0.0023629069328308105,True
23,1140,1784807978.8643386,8,0.019368648529052734,0.002421081066131592,True
23,1141,1784807978.8840108,8,0.020498275756835938,0.002562284469604492,True
23,1142,1784807978.9049468,8,0.01956963539123535,0.002446204423904419,True
23,1143,1784807978.9249172,8,0.021273136138916016,0.002659142017364502,True
23,1144,1784807978.94662,8,0.020130634307861328,0.002516329288482666,True
23,1145,1784807978.9671602,8,0.02060246467590332,0.002575308084487915,True
23,1146,1784807978.9883807,8,0.022713422775268555,0.0028391778469085693,True
23,1147,1784807979.0116665,8,0.018777847290039062,0.002347230911254883,True
23,1148,1784807979.0307434,8,0.01982259750366211,0.0024778246879577637,True
23,1149,1784807979.0512094,8,0.02052164077758789,0.0025652050971984863,True
23,1150,1784807979.0723228,8,0.019739151000976562,0.0024673938751220703,True
23,1151,1784807979.0928323,8,0.022230863571166992,0.002778857946395874,True
23,1152,1784807979.1156905,8,0.018992185592651367,0.002374023199081421,True
23,1153,1784807979.1358798,8,0.01994180679321289,0.0024927258491516113,True
23,1154,1784807979.1562405,8,0.02104020118713379,0.0026300251483917236,True
23,1155,1784807979.1795833,8,0.020619630813598633,0.002577453851699829,True
23,1156,1784807979.2008598,8,0.018850326538085938,0.002356290817260742,True
23,1157,1784807979.2205465,8,0.020685195922851562,0.0025856494903564453,True
23,1158,1784807979.2421043,8,0.0205230712890625,0.0025653839111328125,True
23,1159,1784807979.2631311,8,0.021825790405273438,0.0027282238006591797,True
23,1160,1784807979.2853515,8,0.019131898880004883,0.0023914873600006104,True
23,1161,1784807979.3049219,8,0.0197451114654541,0.0024681389331817627,True
23,1162,1784807979.3250182,8,0.020148515701293945,0.002518564462661743,True
23,1163,1784807979.3458421,8,0.020836830139160156,0.0026046037673950195,True
23,1164,1784807979.3673906,8,0.021184682846069336,0.002648085355758667,True
23,1165,1784807979.3888826,8,0.020614147186279297,0.002576768398284912,True
23,1166,1784807979.4097884,8,0.0186309814453125,0.0023288726806640625,True
23,1167,1784807979.4286983,8,0.020976543426513672,0.002622067928314209,True
23,1168,1784807979.450183,8,0.02095794677734375,0.0026197433471679688,True
23,1169,1784807979.471422,8,0.018388032913208008,0.002298504114151001,True
23,1170,1784807979.4900928,8,0.019467592239379883,0.0024334490299224854,True
23,1171,1784807979.5099933,8,0.021986722946166992,0.002748340368270874,True
23,1172,1784807979.5329888,8,0.01953721046447754,0.0024421513080596924,True
23,1173,1784807979.5530581,8,0.018649816513061523,0.0023312270641326904,True
23,1174,1784807979.5721192,8,0.01945185661315918,0.0024314820766448975,True
23,1175,1784807979.5922933,8,0.019088268280029297,0.002386033535003662,True
23,1176,1784807979.6118023,8,0.019109487533569336,0.002388685941696167,True
23,1177,1784807979.6322086,8,0.020134449005126953,0.002516806125640869,True
23,1178,1784807979.6529505,8,0.02031540870666504,0.00253942608833313,True
23,1179,1784807979.6750877,8,0.019461393356323242,0.0024326741695404053,True
23,1180,1784807979.6949966,8,0.020745038986206055,0.002593129873275757,True
23,1181,1784807979.7163885,8,0.019974470138549805,0.0024968087673187256,True
23,1182,1784807979.7373009,8,0.020590543746948242,0.0025738179683685303,True
23,1183,1784807979.7587605,8,0.020212888717651367,0.002526611089706421,True
23,1184,1784807979.7793539,8,0.019874095916748047,0.002484261989593506,True
23,1185,1784807979.799832,8,0.018689393997192383,0.002336174249649048,True
23,1186,1784807979.8191588,8,0.02136683464050293,0.002670854330062866,True
23,1187,1784807979.8408415,8,0.020354747772216797,0.0025443434715270996,True
23,1188,1784807979.8618355,8,0.019243717193603516,0.0024054646492004395,True
23,1189,1784807979.881615,8,0.019583463668823242,0.0024479329586029053,True
23,1190,1784807979.901606,8,0.020598888397216797,0.0025748610496520996,True
23,1191,1784807979.9230072,8,0.019405126571655273,0.002425640821456909,True
23,1192,1784807979.942894,8,0.019625425338745117,0.0024531781673431396,True
23,1193,1784807979.9630742,8,0.02039790153503418,0.0025497376918792725,True
23,1194,1784807979.9859874,8,0.019608020782470703,0.002451002597808838,True
23,1195,1784807980.006185,8,0.02236199378967285,0.0027952492237091064,True
23,1196,1784807980.029275,8,0.02126789093017578,0.0026584863662719727,True
23,1197,1784807980.0517514,8,0.021845579147338867,0.0027306973934173584,True
23,1198,1784807980.0744786,8,0.02015209197998047,0.0025190114974975586,True
23,1199,1784807980.0955102,8,0.02123117446899414,0.0026538968086242676,True
23,1200,1784807980.1172688,8,0.021016597747802734,0.002627074718475342,True
23,1201,1784807980.138957,8,0.019782543182373047,0.002472817897796631,True
23,1202,1784807980.1596134,8,0.020336627960205078,0.0025420784950256348,True
23,1203,1784807980.1806967,8,0.021637916564941406,0.0027047395706176758,True
23,1204,1784807980.2028196,8,0.019022703170776367,0.002377837896347046,True
23,1205,1784807980.222474,8,0.021047115325927734,0.002630889415740967,True
23,1206,1784807980.2442188,8,0.01994037628173828,0.002492547035217285,True
23,1207,1784807980.264536,8,0.022042274475097656,0.002755284309387207,True
23,1208,1784807980.2871184,8,0.02093219757080078,0.0026165246963500977,True
23,1209,1784807980.3092835,8,0.021839380264282227,0.0027299225330352783,True
23,1210,1784807980.331619,8,0.019779443740844727,0.002472430467605591,True
23,1211,1784807980.3522403,8,0.02102375030517578,0.0026279687881469727,True
23,1212,1784807980.374795,8,0.018581151962280273,0.002322643995285034,True
23,1213,1784807980.394161,8,0.018755435943603516,0.0023444294929504395,True
23,1214,1784807980.4135869,8,0.022987842559814453,0.0028734803199768066,True
23,1215,1784807980.43908,8,0.01833057403564453,0.0022913217544555664,True
23,1216,1784807980.4578834,8,0.021631956100463867,0.0027039945125579834,True
23,1217,1784807980.4798703,8,0.02142333984375,0.00267791748046875,True
23,1218,1784807980.5017607,8,0.020762205123901367,0.002595275640487671,True
23,1219,1784807980.52342,8,0.019301891326904297,0.002412736415863037,True
23,1220,1784807980.5432305,8,0.02085113525390625,0.0026063919067382812,True
23,1221,1784807980.5644233,8,0.020461320877075195,0.0025576651096343994,True
23,1222,1784807980.5852354,8,0.018115997314453125,0.0022644996643066406,True
23,1223,1784807980.6037452,8,0.018126249313354492,0.0022657811641693115,True
23,1224,1784807980.6221716,8,0.019089460372924805,0.0023861825466156006,True
23,1225,1784807980.64163,8,0.019377708435058594,0.0024222135543823242,True
23,1226,1784807980.6614728,8,0.01909470558166504,0.00238683819770813,True
23,1227,1784807980.681556,8,0.01984882354736328,0.00248110294342041,True
23,1228,1784807980.7018523,8,0.018932342529296875,0.0023665428161621094,True
23,1229,1784807980.721295,8,0.020672082901000977,0.002584010362625122,True
23,1230,1784807980.7423654,8,0.019754409790039062,0.002469301223754883,True
23,1231,1784807980.7625422,8,0.020929813385009766,0.0026162266731262207,True
23,1232,1784807980.7838523,8,0.019932270050048828,0.0024915337562561035,True
23,1233,1784807980.8047144,8,0.02056145668029785,0.0025701820850372314,True
23,1234,1784807980.8257859,8,0.02079486846923828,0.002599358558654785,True
23,1235,1784807980.8470914,8,0.018990755081176758,0.0023738443851470947,True
23,1236,1784807980.8665032,8,0.020050764083862305,0.002506345510482788,True
23,1237,1784807980.887173,8,0.021103382110595703,0.002637922763824463,True
23,1238,1784807980.9086936,8,0.020726442337036133,0.0025908052921295166,True
23,1239,1784807980.9302206,8,0.01955270767211914,0.0024440884590148926,True
23,1240,1784807980.9502811,8,0.020692110061645508,0.0025865137577056885,True
23,1241,1784807980.971354,8,0.018764019012451172,0.0023455023765563965,True
23,1242,1784807980.9907718,8,0.019839763641357422,0.0024799704551696777,True
23,1243,1784807981.0109808,8,0.01955890655517578,0.0024448633193969727,True
23,1244,1784807981.0310802,8,0.024390459060668945,0.003048807382583618,True
23,1245,1784807981.0565407,8,0.019539356231689453,0.0024424195289611816,True
23,1246,1784807981.0763967,8,0.020462512969970703,0.002557814121246338,True
23,1247,1784807981.0972037,8,0.018886327743530273,0.002360790967941284,True
23,1248,1784807981.116614,8,0.02060222625732422,0.0025752782821655273,True
23,1249,1784807981.13759,8,0.020030975341796875,0.0025038719177246094,True
23,1250,1784807981.1582968,8,0.019927978515625,0.002490997314453125,True
23,1251,1784807981.178731,8,0.019784212112426758,0.0024730265140533447,True
23,1252,1784807981.19891,8,0.020638227462768555,0.0025797784328460693,True
23,1253,1784807981.220052,8,0.020695209503173828,0.0025869011878967285,True
23,1254,1784807981.2413712,8,0.019997596740722656,0.002499699592590332,True
23,1255,1784807981.2627897,8,0.021685123443603516,0.0027106404304504395,True
23,1256,1784807981.2855866,8,0.0178530216217041,0.0022316277027130127,True
23,1257,1784807981.3039584,8,0.020632266998291016,0.002579033374786377,True
23,1258,1784807981.3253257,8,0.019205808639526367,0.002400726079940796,True
23,1259,1784807981.3452053,8,0.020504474639892578,0.0025630593299865723,True
23,1260,1784807981.3660786,8,0.018535852432250977,0.002316981554031372,True
23,1261,1784807981.384935,8,0.019158601760864258,0.0023948252201080322,True
23,1262,1784807981.4048834,8,0.020325183868408203,0.0025406479835510254,True
23,1263,1784807981.4265838,8,0.019518136978149414,0.0024397671222686768,True
23,1264,1784807981.4465373,8,0.02080535888671875,0.0026006698608398438,True
23,1265,1784807981.467715,8,0.020553112030029297,0.002569139003753662,True
23,1266,1784807981.4890552,8,0.020827293395996094,0.0026034116744995117,True
23,1267,1784807981.511531,8,0.019891023635864258,0.0024863779544830322,True
23,1268,1784807981.531799,8,0.020827531814575195,0.0026034414768218994,True
23,1269,1784807981.5532353,8,0.019008636474609375,0.002376079559326172,True
23,1270,1784807981.5728245,8,0.019085168838500977,0.002385646104812622,True
23,1271,1784807981.59227,8,0.019497156143188477,0.0024371445178985596,True
23,1272,1784807981.612922,8,0.01865363121032715,0.0023317039012908936,True
23,1273,1784807981.631929,8,0.020991802215576172,0.0026239752769470215,True
23,1274,1784807981.6535387,8,0.02305436134338379,0.0028817951679229736,True
23,1275,1784807981.6772778,8,0.020040512084960938,0.002505064010620117,True
23,1276,1784807981.698177,8,0.01955723762512207,0.002444654703140259,True
23,1277,1784807981.7187996,8,0.01997971534729004,0.002497464418411255,True
23,1278,1784807981.7392197,8,0.01915884017944336,0.00239485502243042,True
23,1279,1784807981.758904,8,0.019562482833862305,0.002445310354232788,True
23,1280,1784807981.7790692,8,0.01839900016784668,0.002299875020980835,True
23,1281,1784807981.7978778,8,0.020832300186157227,0.0026040375232696533,True
23,1282,1784807981.8191354,8,0.020742177963256836,0.0025927722454071045,True
23,1283,1784807981.8402252,8,0.020174503326416016,0.002521812915802002,True
23,1284,1784807981.8607872,8,0.020303726196289062,0.002537965774536133,True
23,1285,1784807981.8816426,8,0.019783735275268555,0.0024729669094085693,True
23,1286,1784807981.9018269,8,0.02021622657775879,0.0025270283222198486,True
23,1287,1784807981.9225624,8,0.018488168716430664,0.002311021089553833,True
23,1288,1784807981.9422941,8,0.021114587783813477,0.0026393234729766846,True
23,1289,1784807981.964104,8,0.020247697830200195,0.0025309622287750244,True
23,1290,1784807981.985295,8,0.0209505558013916,0.00261881947517395,True
23,1291,1784807982.0076194,8,0.01987910270690918,0.0024848878383636475,True
23,1292,1784807982.0282972,8,0.021265745162963867,0.0026582181453704834,True
23,1293,1784807982.0502129,8,0.01839280128479004,0.002299100160598755,True
23,1294,1784807982.0692797,8,0.019009828567504883,0.0023762285709381104,True
23,1295,1784807982.089413,8,0.021758556365966797,0.0027198195457458496,True
23,1296,1784807982.111646,8,0.019639253616333008,0.002454906702041626,True
23,1297,1784807982.132639,8,0.0179293155670166,0.002241164445877075,True
23,1298,1784807982.1512918,8,0.018627166748046875,0.0023283958435058594,True
23,1299,1784807982.170458,8,0.020547151565551758,0.0025683939456939697,True
23,1300,1784807982.1916695,8,0.020197391510009766,0.0025246739387512207,True
23,1301,1784807982.2122235,8,0.018543004989624023,0.002317875623703003,True
23,1302,1784807982.232318,8,0.020221471786499023,0.002527683973312378,True
23,1303,1784807982.2531326,8,0.02092146873474121,0.0026151835918426514,True
23,1304,1784807982.2753174,8,0.0210115909576416,0.0026264488697052,True
23,1305,1784807982.296699,8,0.020071744918823242,0.0025089681148529053,True
23,1306,1784807982.3181367,8,0.01872849464416504,0.00234106183052063,True
23,1307,1784807982.3374789,8,0.022008895874023438,0.0027511119842529297,True
23,1308,1784807982.3600528,8,0.021083593368530273,0.002635449171066284,True
23,1309,1784807982.3816223,8,0.020270109176635742,0.0025337636470794678,True
23,1310,1784807982.4023485,8,0.02016282081604004,0.002520352602005005,True
23,1311,1784807982.4230597,8,0.02171492576599121,0.0027143657207489014,True
23,1312,1784807982.4452527,8,0.02192091941833496,0.00274011492729187,True
23,1313,1784807982.4679272,8,0.020659685134887695,0.002582460641860962,True
23,1314,1784807982.4890342,8,0.020664691925048828,0.0025830864906311035,True
23,1315,1784807982.5102274,8,0.01978278160095215,0.0024728477001190186,True
23,1316,1784807982.531165,8,0.019951343536376953,0.002493917942047119,True
23,1317,1784807982.5525498,8,0.020211219787597656,0.002526402473449707,True
23,1318,1784807982.573337,8,0.020815610885620117,0.0026019513607025146,True
23,1319,1784807982.5948107,8,0.018990516662597656,0.002373814582824707,True
23,1320,1784807982.614253,8,0.020270109176635742,0.0025337636470794678,True
23,1321,1784807982.6348426,8,0.02145075798034668,0.002681344747543335,True
23,1322,1784807982.6573372,8,0.019656896591186523,0.0024571120738983154,True
23,1323,1784807982.6777027,8,0.022559404373168945,0.002819925546646118,True
23,1324,1784807982.7011383,8,0.021539688110351562,0.0026924610137939453,True
23,1325,1784807982.723095,8,0.0204315185546875,0.0025539398193359375,True
23,1326,1784807982.7452908,8,0.01961541175842285,0.0024519264698028564,True
23,1327,1784807982.7663777,8,0.01845097541809082,0.0023063719272613525,True
23,1328,1784807982.7852228,8,0.02037668228149414,0.0025470852851867676,True
23,1329,1784807982.8059878,8,0.019862651824951172,0.0024828314781188965,True
23,1330,1784807982.8263063,8,0.02026653289794922,0.0025333166122436523,True
23,1331,1784807982.847478,8,0.0199429988861084,0.00249287486076355,True
23,1332,1784807982.8679028,8,0.023418188095092773,0.0029272735118865967,True
23,1333,1784807982.8919427,8,0.018337011337280273,0.002292126417160034,True
23,1334,1784807982.9114795,8,0.019345521926879883,0.0024181902408599854,True
23,1335,1784807982.9321666,8,0.019539356231689453,0.0024424195289611816,True
23,1336,1784807982.9522467,8,0.01913166046142578,0.0023914575576782227,True
23,1337,1784807982.9726994,8,0.01951432228088379,0.0024392902851104736,True
23,1338,1784807982.9925506,8,0.021340370178222656,0.002667546272277832,True
23,1339,1784807983.015112,8,0.01999950408935547,0.0024999380111694336,True
23,1340,1784807983.036546,8,0.01930832862854004,0.002413541078567505,True
23,1341,1784807983.0564988,8,0.019436359405517578,0.0024295449256896973,True
23,1342,1784807983.0763757,8,0.020694494247436523,0.0025868117809295654,True
23,1343,1784807983.0981417,8,0.0207366943359375,0.0025920867919921875,True
23,1344,1784807983.1202538,8,0.020581483840942383,0.002572685480117798,True
23,1345,1784807983.1416333,8,0.02038264274597168,0.00254783034324646,True
23,1346,1784807983.1624823,8,0.02180647850036621,0.0027258098125457764,True
23,1347,1784807983.1854868,8,0.019758939743041992,0.002469867467880249,True
23,1348,1784807983.2060943,8,0.019021987915039062,0.002377748489379883,True
23,1349,1784807983.2254953,8,0.02060079574584961,0.002575099468231201,True
23,1350,1784807983.2465892,8,0.021555185317993164,0.0026943981647491455,True
23,1351,1784807983.2693164,8,0.020250558853149414,0.0025313198566436768,True
23,1352,1784807983.289914,8,0.018671751022338867,0.0023339688777923584,True
23,1353,1784807983.3089802,8,0.020180702209472656,0.002522587776184082,True
23,1354,1784807983.3295557,8,0.022258281707763672,0.002782285213470459,True
23,1355,1784807983.3522284,8,0.01927495002746582,0.0024093687534332275,True
23,1356,1784807983.3722336,8,0.01932215690612793,0.002415269613265991,True
23,1357,1784807983.3921397,8,0.019324302673339844,0.0024155378341674805,True
23,1358,1784807983.4118748,8,0.020104169845581055,0.002513021230697632,True
23,1359,1784807983.4325473,8,0.020402908325195312,0.002550363540649414,True
23,1360,1784807983.453343,8,0.022574901580810547,0.0028218626976013184,True
23,1361,1784807983.4780524,8,0.021842241287231445,0.0027302801609039307,True
23,1362,1784807983.5003533,8,0.018433809280395508,0.0023042261600494385,True
23,1363,1784807983.522166,8,0.022918224334716797,0.0028647780418395996,True
23,1364,1784807983.5455956,8,0.02030181884765625,0.0025377273559570312,True
23,1365,1784807983.5662851,8,0.02077031135559082,0.0025962889194488525,True
23,1366,1784807983.5873802,8,0.019434452056884766,0.0024293065071105957,True
23,1367,1784807983.6075432,8,0.020099401473999023,0.002512425184249878,True
23,1368,1784807983.6280782,8,0.02015852928161621,0.0025198161602020264,True
23,1369,1784807983.6501963,8,0.019460439682006836,0.0024325549602508545,True
23,1370,1784807983.6700654,8,0.01952528953552246,0.0024406611919403076,True
23,1371,1784807983.6901984,8,0.02038264274597168,0.00254783034324646,True
23,1372,1784807983.7112267,8,0.020718097686767578,0.0025897622108459473,True
23,1373,1784807983.732574,8,0.01952385902404785,0.0024404823780059814,True
23,1374,1784807983.7529583,8,0.019890308380126953,0.002486288547515869,True
23,1375,1784807983.773315,8,0.021375179290771484,0.0026718974113464355,True
23,1376,1784807983.795282,8,0.02008819580078125,0.0025110244750976562,True
23,1377,1784807983.8157012,8,0.01929950714111328,0.00241243839263916,True
23,1378,1784807983.8355334,8,0.019213199615478516,0.0024016499519348145,True
23,1379,1784807983.8551307,8,0.020711421966552734,0.002588927745819092,True
23,1380,1784807983.876163,8,0.020161867141723633,0.002520233392715454,True
23,1381,1784807983.8972042,8,0.01891946792602539,0.002364933490753174,True
23,1382,1784807983.9165401,8,0.019536256790161133,0.0024420320987701416,True
23,1383,1784807983.936652,8,0.019923686981201172,0.0024904608726501465,True
23,1384,1784807983.9572446,8,0.02245497703552246,0.0028068721294403076,True
23,1385,1784807983.980173,8,0.017622947692871094,0.0022028684616088867,True
23,1386,1784807983.9983191,8,0.019844532012939453,0.0024805665016174316,True
23,1387,1784807984.0185497,8,0.024058818817138672,0.003007352352142334,True
23,1388,1784807984.043271,8,0.016022682189941406,0.0020028352737426758,True
23,1389,1784807984.059875,8,0.020008087158203125,0.0025010108947753906,True
23,1390,1784807984.0802903,8,0.021479129791259766,0.0026848912239074707,True
23,1391,1784807984.1024706,8,0.019913434982299805,0.0024891793727874756,True
23,1392,1784807984.1229694,8,0.021968364715576172,0.0027460455894470215,True
23,1393,1784807984.1459196,8,0.02115654945373535,0.002644568681716919,True
23,1394,1784807984.1673949,8,0.020272254943847656,0.002534031867980957,True
23,1395,1784807984.1887648,8,0.01860356330871582,0.0023254454135894775,True
23,1396,1784807984.2082233,8,0.020722627639770508,0.0025903284549713135,True
23,1397,1784807984.2293646,8,0.01944136619567871,0.002430170774459839,True
23,1398,1784807984.2492378,8,0.019481658935546875,0.0024352073669433594,True
23,1399,1784807984.2699292,8,0.022464275360107422,0.0028080344200134277,True
23,1400,1784807984.2928548,8,0.019726276397705078,0.0024657845497131348,True
23,1401,1784807984.3129869,8,0.019705533981323242,0.0024631917476654053,True
23,1402,1784807984.3330722,8,0.02129507064819336,0.00266188383102417,True
23,1403,1784807984.3549006,8,0.019429445266723633,0.002428680658340454,True
23,1404,1784807984.3747818,8,0.01935577392578125,0.0024194717407226562,True
23,1405,1784807984.3948255,8,0.01880168914794922,0.0023502111434936523,True
23,1406,1784807984.41395,8,0.019805431365966797,0.0024756789207458496,True
23,1407,1784807984.4341125,8,0.02057337760925293,0.002571672201156616,True
23,1408,1784807984.4566514,8,0.02009439468383789,0.0025117993354797363,True
23,1409,1784807984.4772582,8,0.01898336410522461,0.002372920513153076,True
23,1410,1784807984.4966755,8,0.019967317581176758,0.0024959146976470947,True
23,1411,1784807984.517998,8,0.02023172378540039,0.002528965473175049,True
23,1412,1784807984.538563,8,0.01980137825012207,0.002475172281265259,True
23,1413,1784807984.5592763,8,0.019024133682250977,0.002378016710281372,True
23,1414,1784807984.5801249,8,0.02025437355041504,0.00253179669380188,True
23,1415,1784807984.6008008,8,0.02149486541748047,0.0026868581771850586,True
23,1416,1784807984.6232464,8,0.02061605453491211,0.0025770068168640137,True
23,1417,1784807984.6461368,8,0.01780247688293457,0.0022253096103668213,True
23,1418,1784807984.6647372,8,0.019753217697143555,0.0024691522121429443,True
23,1419,1784807984.6848307,8,0.019774436950683594,0.0024718046188354492,True
23,1420,1784807984.7050548,8,0.02108597755432129,0.002635747194290161,True
23,1421,1784807984.7270615,8,0.02097606658935547,0.0026220083236694336,True
23,1422,1784807984.7485087,8,0.018990039825439453,0.0023737549781799316,True
23,1423,1784807984.7680526,8,0.022252798080444336,0.002781599760055542,True
23,1424,1784807984.7912247,8,0.019200563430786133,0.0024000704288482666,True
23,1425,1784807984.8111022,8,0.018722057342529297,0.002340257167816162,True
23,1426,1784807984.8304508,8,0.021320581436157227,0.0026650726795196533,True
23,1427,1784807984.8521528,8,0.021063804626464844,0.0026329755783081055,True
23,1428,1784807984.8736413,8,0.018802165985107422,0.0023502707481384277,True
23,1429,1784807984.8928986,8,0.01954507827758789,0.0024431347846984863,True
23,1430,1784807984.9130905,8,0.02013707160949707,0.002517133951187134,True
23,1431,1784807984.9338627,8,0.019826412200927734,0.002478301525115967,True
23,1432,1784807984.9539835,8,0.020592927932739258,0.0025741159915924072,True
23,1433,1784807984.974944,8,0.020196914672851562,0.0025246143341064453,True
23,1434,1784807984.9955144,8,0.019920825958251953,0.002490103244781494,True
23,1435,1784807985.0158057,8,0.020828962326049805,0.0026036202907562256,True
23,1436,1784807985.0373218,8,0.019765615463256836,0.0024707019329071045,True
23,1437,1784807985.0574508,8,0.019132375717163086,0.0023915469646453857,True
23,1438,1784807985.0769467,8,0.019138336181640625,0.002392292022705078,True
23,1439,1784807985.0975013,8,0.019791603088378906,0.0024739503860473633,True
23,1440,1784807985.1178136,8,0.02182602882385254,0.0027282536029815674,True
23,1441,1784807985.1406446,8,0.02045416831970215,0.0025567710399627686,True
23,1442,1784807985.1615984,8,0.020132064819335938,0.002516508102416992,True
23,1443,1784807985.1821988,8,0.02137923240661621,0.0026724040508270264,True
23,1444,1784807985.2053778,8,0.02194499969482422,0.0027431249618530273,True
23,1445,1784807985.229598,8,0.014140605926513672,0.001767575740814209,True
23,1446,1784807985.2444882,8,0.019691944122314453,0.0024614930152893066,True
23,1447,1784807985.2646077,8,0.019448280334472656,0.002431035041809082,True
23,1448,1784807985.2848504,8,0.019147634506225586,0.0023934543132781982,True
23,1449,1784807985.3052359,8,0.019704580307006836,0.0024630725383758545,True
23,1450,1784807985.325349,8,0.021035432815551758,0.0026294291019439697,True
23,1451,1784807985.3469672,8,0.0173797607421875,0.0021724700927734375,True
23,1452,1784807985.3650758,8,0.019562721252441406,0.0024453401565551758,True
23,1453,1784807985.3857381,8,0.02032947540283203,0.002541184425354004,True
23,1454,1784807985.4065976,8,0.019579172134399414,0.0024473965167999268,True
23,1455,1784807985.4276934,8,0.01830148696899414,0.0022876858711242676,True
23,1456,1784807985.4465911,8,0.021662473678588867,0.0027078092098236084,True
23,1457,1784807985.4695706,8,0.020288944244384766,0.0025361180305480957,True
23,1458,1784807985.49023,8,0.018943071365356445,0.0023678839206695557,True
23,1459,1784807985.509569,8,0.018979310989379883,0.0023724138736724854,True
23,1460,1784807985.5293968,8,0.0190732479095459,0.0023841559886932373,True
23,1461,1784807985.549393,8,0.020931482315063477,0.0026164352893829346,True
23,1462,1784807985.571039,8,0.020154476165771484,0.0025193095207214355,True
23,1463,1784807985.5922048,8,0.019063234329223633,0.002382904291152954,True
23,1464,1784807985.6117013,8,0.02051234245300293,0.002564042806625366,True
23,1465,1784807985.6325912,8,0.019521236419677734,0.002440154552459717,True
23,1466,1784807985.6525872,8,0.02018570899963379,0.0025232136249542236,True
23,1467,1784807985.6739283,8,0.01960897445678711,0.0024511218070983887,True
23,1468,1784807985.6940951,8,0.01987290382385254,0.0024841129779815674,True
23,1469,1784807985.714633,8,0.01953721046447754,0.0024421513080596924,True
23,1470,1784807985.734674,8,0.020872831344604492,0.0026091039180755615,True
23,1471,1784807985.755922,8,0.020192384719848633,0.002524048089981079,True
23,1472,1784807985.776525,8,0.02023458480834961,0.002529323101043701,True
23,1473,1784807985.7971756,8,0.027137279510498047,0.003392159938812256,True
23,1474,1784807985.8279192,8,0.014647483825683594,0.0018309354782104492,True
23,1475,1784807985.844248,8,0.01961374282836914,0.0024517178535461426,True
23,1476,1784807985.864644,8,0.01844477653503418,0.0023055970668792725,True
23,1477,1784807985.8835676,8,0.020746469497680664,0.002593308687210083,True
23,1478,1784807985.9049354,8,0.02028656005859375,0.0025358200073242188,True
23,1479,1784807985.926213,8,0.020853757858276367,0.002606719732284546,True
23,1480,1784807985.9474854,8,0.020869016647338867,0.0026086270809173584,True
23,1481,1784807985.9687424,8,0.02004694938659668,0.002505868673324585,True
23,1482,1784807985.9892004,8,0.020489931106567383,0.002561241388320923,True
23,1483,1784807986.0100117,8,0.0191800594329834,0.002397507429122925,True
23,1484,1784807986.0302432,8,0.020190954208374023,0.002523869276046753,True
23,1485,1784807986.051102,8,0.019389629364013672,0.002423703670501709,True
23,1486,1784807986.0710595,8,0.019380569458007812,0.0024225711822509766,True
23,1487,1784807986.0911596,8,0.02002716064453125,0.0025033950805664062,True
23,1488,1784807986.111598,8,0.020714759826660156,0.0025893449783325195,True
23,1489,1784807986.1329632,8,0.01915264129638672,0.00239408016204834,True
23,1490,1784807986.1525126,8,0.019654035568237305,0.002456754446029663,True
23,1491,1784807986.172537,8,0.019705533981323242,0.0024631917476654053,True
23,1492,1784807986.1928732,8,0.021109342575073242,0.0026386678218841553,True
23,1493,1784807986.2143464,8,0.01909160614013672,0.00238645076751709,True
23,1494,1784807986.2337484,8,0.020424604415893555,0.0025530755519866943,True
23,1495,1784807986.254633,8,0.02057504653930664,0.00257188081741333,True
23,1496,1784807986.27559,8,0.019565105438232422,0.0024456381797790527,True
23,1497,1784807986.295469,8,0.02029585838317871,0.002536982297897339,True
23,1498,1784807986.3161674,8,0.020363807678222656,0.002545475959777832,True
23,1499,1784807986.337195,8,0.019901752471923828,0.0024877190589904785,True
23,1500,1784807986.3574078,8,0.02053213119506836,0.002566516399383545,True
23,1501,1784807986.378415,8,0.01926445960998535,0.002408057451248169,True
23,1502,1784807986.3981333,8,0.0184171199798584,0.0023021399974823,True
23,1503,1784807986.417254,8,0.02164626121520996,0.002705782651901245,True
23,1504,1784807986.4392295,8,0.020514488220214844,0.0025643110275268555,True
23,1505,1784807986.4602509,8,0.019437074661254883,0.0024296343326568604,True
23,1506,1784807986.4803085,8,0.020010948181152344,0.002501368522644043,True
23,1507,1784807986.5009034,8,0.019463300704956055,0.002432912588119507,True
23,1508,1784807986.5216162,8,0.019443035125732422,0.0024303793907165527,True
23,1509,1784807986.5415852,8,0.021514415740966797,0.0026893019676208496,True
23,1510,1784807986.5635595,8,0.017908334732055664,0.002238541841506958,True
23,1511,1784807986.5819502,8,0.019495725631713867,0.0024369657039642334,True
23,1512,1784807986.6021094,8,0.019995689392089844,0.0024994611740112305,True
23,1513,1784807986.622477,8,0.01871967315673828,0.002339959144592285,True
23,1514,1784807986.6417928,8,0.019196271896362305,0.002399533987045288,True
23,1515,1784807986.6614597,8,0.020971298217773438,0.0026214122772216797,True
23,1516,1784807986.6829755,8,0.02029585838317871,0.002536982297897339,True
23,1517,1784807986.7036765,8,0.021078109741210938,0.002634763717651367,True
23,1518,1784807986.7254012,8,0.019206523895263672,0.002400815486907959,True
23,1519,1784807986.745119,8,0.01898360252380371,0.002372950315475464,True
23,1520,1784807986.7645006,8,0.02000141143798828,0.002500176429748535,True
23,1521,1784807986.7848501,8,0.01923966407775879,0.0024049580097198486,True
23,1522,1784807986.8045442,8,0.019773483276367188,0.0024716854095458984,True
23,1523,1784807986.824834,8,0.021697998046875,0.002712249755859375,True
23,1524,1784807986.8470607,8,0.02033543586730957,0.0025419294834136963,True
23,1525,1784807986.8677285,8,0.020012617111206055,0.002501577138900757,True
23,1526,1784807986.8880386,8,0.01969599723815918,0.0024619996547698975,True
23,1527,1784807986.9081554,8,0.01874566078186035,0.002343207597732544,True
23,1528,1784807986.927244,8,0.01996612548828125,0.0024957656860351562,True
23,1529,1784807986.9476497,8,0.019946813583374023,0.002493351697921753,True
23,1530,1784807986.9685712,8,0.022997140884399414,0.0028746426105499268,True
23,1531,1784807986.992154,8,0.01950836181640625,0.0024385452270507812,True
23,1532,1784807987.012115,8,0.018900632858276367,0.002362579107284546,True
23,1533,1784807987.031309,8,0.01979970932006836,0.002474963665008545,True
23,1534,1784807987.051402,8,0.01948714256286621,0.0024358928203582764,True
23,1535,1784807987.071245,8,0.018808603286743164,0.0023510754108428955,True
23,1536,1784807987.0903168,8,0.019924163818359375,0.002490520477294922,True
23,1537,1784807987.111251,8,0.02091050148010254,0.0026138126850128174,True
23,1538,1784807987.132562,8,0.019917011260986328,0.002489626407623291,True
23,1539,1784807987.1533172,8,0.01959538459777832,0.00244942307472229,True
23,1540,1784807987.1740515,8,0.021297693252563477,0.0026622116565704346,True
23,1541,1784807987.195657,8,0.021408557891845703,0.002676069736480713,True
23,1542,1784807987.2174728,8,0.02013850212097168,0.00251731276512146,True
23,1543,1784807987.2379305,8,0.01858067512512207,0.002322584390640259,True
23,1544,1784807987.2568705,8,0.02287578582763672,0.00285947322845459,True
23,1545,1784807987.2800844,8,0.018658876419067383,0.002332359552383423,True
23,1546,1784807987.2994533,8,0.02016305923461914,0.0025203824043273926,True
23,1547,1784807987.3199077,8,0.021157503128051758,0.0026446878910064697,True
23,1548,1784807987.341398,8,0.020008563995361328,0.002501070499420166,True
23,1549,1784807987.361771,8,0.019567251205444336,0.002445906400680542,True
23,1550,1784807987.3820076,8,0.020680665969848633,0.002585083246231079,True
23,1551,1784807987.4029803,8,0.019817590713500977,0.002477198839187622,True
23,1552,1784807987.4233227,8,0.01860213279724121,0.0023252665996551514,True
23,1553,1784807987.442218,8,0.019631624221801758,0.0024539530277252197,True
23,1554,1784807987.4622586,8,0.0210878849029541,0.0026359856128692627,True
23,1555,1784807987.4836674,8,0.0204312801361084,0.00255391001701355,True
23,1556,1784807987.5044136,8,0.02209305763244629,0.002761632204055786,True
23,1557,1784807987.5268364,8,0.02104353904724121,0.0026304423809051514,True
23,1558,1784807987.5484755,8,0.019711732864379883,0.0024639666080474854,True
23,1559,1784807987.568516,8,0.02016448974609375,0.0025205612182617188,True
23,1560,1784807987.5891013,8,0.02140355110168457,0.0026754438877105713,True
23,1561,1784807987.611191,8,0.019965171813964844,0.0024956464767456055,True
23,1562,1784807987.632357,8,0.018741130828857422,0.0023426413536071777,True
23,1563,1784807987.6533122,8,0.018007516860961914,0.0022509396076202393,True
23,1564,1784807987.6720378,8,0.019814729690551758,0.0024768412113189697,True
23,1565,1784807987.6925879,8,0.01938033103942871,0.002422541379928589,True
23,1566,1784807987.7123902,8,0.019700288772583008,0.002462536096572876,True
23,1567,1784807987.7324834,8,0.018007755279541016,0.002250969409942627,True
23,1568,1784807987.7513967,8,0.022430419921875,0.002803802490234375,True
23,1569,1784807987.7743127,8,0.020702838897705078,0.0025878548622131348,True
23,1570,1784807987.7954361,8,0.01968836784362793,0.002461045980453491,True
23,1571,1784807987.8158638,8,0.021636247634887695,0.002704530954360962,True
23,1572,1784807987.8379407,8,0.022227048873901367,0.002778381109237671,True
23,1573,1784807987.8608305,8,0.018096208572387695,0.002262026071548462,True
23,1574,1784807987.8794107,8,0.018599987030029297,0.002324998378753662,True
23,1575,1784807987.8991916,8,0.021229982376098633,0.002653747797012329,True
23,1576,1784807987.920746,8,0.019534587860107422,0.0024418234825134277,True
23,1577,1784807987.9409838,8,0.02033209800720215,0.0025415122509002686,True
23,1578,1784807987.961689,8,0.01932692527770996,0.002415865659713745,True
23,1579,1784807987.9816706,8,0.02175426483154297,0.002719283103942871,True
23,1580,1784807988.0038261,8,0.020615816116333008,0.002576977014541626,True
23,1581,1784807988.0250347,8,0.018427133560180664,0.002303391695022583,True
23,1582,1784807988.0437474,8,0.021641969680786133,0.0027052462100982666,True
23,1583,1784807988.0657682,8,0.01775074005126953,0.0022188425064086914,True
23,1584,1784807988.0837834,8,0.022796154022216797,0.0028495192527770996,True
23,1585,1784807988.107212,8,0.020228862762451172,0.0025286078453063965,True
23,1586,1784807988.127965,8,0.01950240135192871,0.002437800168991089,True
23,1587,1784807988.1484444,8,0.01981186866760254,0.0024764835834503174,True
23,1588,1784807988.168833,8,0.02057957649230957,0.0025724470615386963,True
23,1589,1784807988.1897922,8,0.019400835037231445,0.0024251043796539307,True
23,1590,1784807988.2095635,8,0.02029728889465332,0.002537161111831665,True
23,1591,1784807988.2303174,8,0.018754005432128906,0.0023442506790161133,True
23,1592,1784807988.2495186,8,0.01971602439880371,0.002464503049850464,True
23,1593,1784807988.2695968,8,0.02124786376953125,0.0026559829711914062,True
23,1594,1784807988.2913408,8,0.018718719482421875,0.0023398399353027344,True
23,1595,1784807988.3103912,8,0.019254207611083984,0.002406775951385498,True
23,1596,1784807988.3299618,8,0.021219730377197266,0.002652466297149658,True
23,1597,1784807988.35162,8,0.018921613693237305,0.002365201711654663,True
23,1598,1784807988.3709853,8,0.020843505859375,0.002605438232421875,True
23,1599,1784807988.3923144,8,0.02238607406616211,0.0027982592582702637,True
23,1600,1784807988.4155688,8,0.01913142204284668,0.002391427755355835,True
23,1601,1784807988.4358616,8,0.02042698860168457,0.0025533735752105713,True
23,1602,1784807988.457521,8,0.02123856544494629,0.002654820680618286,True
23,1603,1784807988.479247,8,0.02005791664123535,0.002507239580154419,True
23,1604,1784807988.4999592,8,0.020544052124023438,0.0025680065155029297,True
23,1605,1784807988.520971,8,0.020475387573242188,0.0025594234466552734,True
23,1606,1784807988.5418847,8,0.020830631256103516,0.0026038289070129395,True
23,1607,1784807988.563154,8,0.020077943801879883,0.0025097429752349854,True
23,1608,1784807988.5839143,8,0.021256208419799805,0.0026570260524749756,True
23,1609,1784807988.6056213,8,0.02049088478088379,0.0025613605976104736,True
23,1610,1784807988.6268332,8,0.020403623580932617,0.002550452947616577,True
23,1611,1784807988.647689,8,0.0202786922454834,0.002534836530685425,True
23,1612,1784807988.6686006,8,0.02044367790222168,0.00255545973777771,True
23,1613,1784807988.6896975,8,0.0206296443939209,0.0025787055492401123,True
23,1614,1784807988.7107553,8,0.020650148391723633,0.002581268548965454,True
23,1615,1784807988.7317665,8,0.019803524017333984,0.002475440502166748,True
23,1616,1784807988.7519338,8,0.02117180824279785,0.0026464760303497314,True
23,1617,1784807988.7737515,8,0.01968240737915039,0.002460300922393799,True
23,1618,1784807988.7937195,8,0.021603107452392578,0.0027003884315490723,True
23,1619,1784807988.816149,8,0.021664857864379883,0.0027081072330474854,True
23,1620,1784807988.8385017,8,0.020230770111083984,0.002528846263885498,True
23,1621,1784807988.8591456,8,0.020329952239990234,0.0025412440299987793,True
23,1622,1784807988.8802814,8,0.0219419002532959,0.0027427375316619873,True
23,1623,1784807988.9026418,8,0.019974470138549805,0.0024968087673187256,True
23,1624,1784807988.923276,8,0.02001166343688965,0.002501457929611206,True
23,1625,1784807988.9439945,8,0.01971912384033203,0.002464890480041504,True
23,1626,1784807988.9640393,8,0.01880955696105957,0.0023511946201324463,True
23,1627,1784807988.9834316,8,0.019516944885253906,0.0024396181106567383,True
23,1628,1784807989.0032656,8,0.018672466278076172,0.0023340582847595215,True
23,1629,1784807989.0223835,8,0.02015233039855957,0.0025190412998199463,True
23,1630,1784807989.0428483,8,0.019870519638061523,0.0024838149547576904,True
23,1631,1784807989.0631523,8,0.0205690860748291,0.0025711357593536377,True
23,1632,1784807989.0845551,8,0.02272772789001465,0.002840965986251831,True
23,1633,1784807989.1076434,8,0.01922774314880371,0.002403467893600464,True
23,1634,1784807989.1273775,8,0.019816160202026367,0.002477020025253296,True
23,1635,1784807989.1476383,8,0.022548198699951172,0.0028185248374938965,True
23,1636,1784807989.1706207,8,0.019891023635864258,0.0024863779544830322,True
23,1637,1784807989.1909003,8,0.019586563110351562,0.0024483203887939453,True
23,1638,1784807989.2112489,8,0.0200045108795166,0.002500563859939575,True
23,1639,1784807989.2318294,8,0.023453235626220703,0.002931654453277588,True
23,1640,1784807989.2561464,8,0.018448829650878906,0.0023061037063598633,True
23,1641,1784807989.2751322,8,0.01877593994140625,0.0023469924926757812,True
23,1642,1784807989.2943127,8,0.020376205444335938,0.002547025680541992,True
23,1643,1784807989.3150952,8,0.019707202911376953,0.002463400363922119,True
23,1644,1784807989.3353238,8,0.021077394485473633,0.002634674310684204,True
23,1645,1784807989.3568392,8,0.01858663558959961,0.002323329448699951,True
23,1646,1784807989.375891,8,0.01964879035949707,0.002456098794937134,True
23,1647,1784807989.396002,8,0.019501447677612305,0.002437680959701538,True
23,1648,1784807989.4164245,8,0.020107269287109375,0.002513408660888672,True
23,1649,1784807989.4381287,8,0.021059513092041016,0.002632439136505127,True
23,1650,1784807989.4598687,8,0.019988059997558594,0.0024985074996948242,True
23,1651,1784807989.4804542,8,0.01926732063293457,0.0024084150791168213,True
23,1652,1784807989.500226,8,0.020404815673828125,0.0025506019592285156,True
23,1653,1784807989.52094,8,0.019469261169433594,0.0024336576461791992,True
23,1654,1784807989.5417843,8,0.022999286651611328,0.002874910831451416,True
23,1655,1784807989.56602,8,0.0182650089263916,0.00228312611579895,True
23,1656,1784807989.5848117,8,0.019260406494140625,0.002407550811767578,True
23,1657,1784807989.6045854,8,0.01987004280090332,0.002483755350112915,True
23,1658,1784807989.6248841,8,0.01922750473022461,0.002403438091278076,True
23,1659,1784807989.6453927,8,0.018916845321655273,0.002364605665206909,True
23,1660,1784807989.6657786,8,0.020864486694335938,0.002608060836791992,True
23,1661,1784807989.6877005,8,0.021516799926757812,0.0026895999908447266,True
23,1662,1784807989.7097073,8,0.02041316032409668,0.002551645040512085,True
23,1663,1784807989.730478,8,0.020999908447265625,0.002624988555908203,True
23,1664,1784807989.751868,8,0.020450592041015625,0.002556324005126953,True
23,1665,1784807989.7726908,8,0.019563674926757812,0.0024454593658447266,True
23,1666,1784807989.7926831,8,0.023560762405395508,0.0029450953006744385,True
23,1667,1784807989.8165147,8,0.020359516143798828,0.0025449395179748535,True
23,1668,1784807989.8375537,8,0.020089149475097656,0.002511143684387207,True
23,1669,1784807989.8580544,8,0.018857479095458984,0.002357184886932373,True
23,1670,1784807989.8773098,8,0.02210378646850586,0.0027629733085632324,True
23,1671,1784807989.9000807,8,0.01932692527770996,0.002415865659713745,True
23,1672,1784807989.9197874,8,0.020833492279052734,0.002604186534881592,True
23,1673,1784807989.9422503,8,0.019132137298583984,0.002391517162322998,True
23,1674,1784807989.9616854,8,0.02204298973083496,0.00275537371635437,True
23,1675,1784807989.9841697,8,0.018918514251708984,0.002364814281463623,True
23,1676,1784807990.003747,8,0.0226743221282959,0.0028342902660369873,True
23,1677,1784807990.0268674,8,0.018533706665039062,0.002316713333129883,True
23,1678,1784807990.04587,8,0.019444942474365234,0.0024306178092956543,True
23,1679,1784807990.0679243,8,0.020475149154663086,0.0025593936443328857,True
23,1680,1784807990.088981,8,0.02209758758544922,0.0027621984481811523,True
23,1681,1784807990.1123734,8,0.020903587341308594,0.0026129484176635742,True
23,1682,1784807990.1345706,8,0.01977682113647461,0.002472102642059326,True
23,1683,1784807990.1552062,8,0.018617630004882812,0.0023272037506103516,True
23,1684,1784807990.1742296,8,0.0215761661529541,0.0026970207691192627,True
23,1685,1784807990.1964102,8,0.019827604293823242,0.0024784505367279053,True
23,1686,1784807990.2165956,8,0.02028369903564453,0.0025354623794555664,True
23,1687,1784807990.2373042,8,0.021084070205688477,0.0026355087757110596,True
23,1688,1784807990.259039,8,0.019454479217529297,0.002431809902191162,True
23,1689,1784807990.278891,8,0.02052164077758789,0.0025652050971984863,True
23,1690,1784807990.299826,8,0.020874500274658203,0.0026093125343322754,True
23,1691,1784807990.3220139,8,0.019729137420654297,0.002466142177581787,True
23,1692,1784807990.3427315,8,0.0204160213470459,0.0025520026683807373,True
23,1693,1784807990.3642836,8,0.02162003517150879,0.0027025043964385986,True
23,1694,1784807990.3865223,8,0.02184462547302246,0.0027305781841278076,True
23,1695,1784807990.408823,8,0.0206754207611084,0.00258442759513855,True
23,1696,1784807990.430511,8,0.02030158042907715,0.0025376975536346436,True
23,1697,1784807990.4516098,8,0.020752906799316406,0.0025941133499145508,True
23,1698,1784807990.4727252,8,0.020354032516479492,0.0025442540645599365,True
23,1699,1784807990.493695,8,0.020277976989746094,0.0025347471237182617,True
23,1700,1784807990.5143993,8,0.01978588104248047,0.0024732351303100586,True
23,1701,1784807990.5347583,8,0.01931476593017578,0.0024143457412719727,True
23,1702,1784807990.5546892,8,0.01888132095336914,0.0023601651191711426,True
23,1703,1784807990.5738862,8,0.01972818374633789,0.0024660229682922363,True
23,1704,1784807990.5941067,8,0.021709918975830078,0.0027137398719787598,True
23,1705,1784807990.616195,8,0.01872420310974121,0.0023405253887176514,True
23,1706,1784807990.6355593,8,0.0202939510345459,0.0025367438793182373,True
23,1707,1784807990.6563382,8,0.020514488220214844,0.0025643110275268555,True
23,1708,1784807990.677595,8,0.01957845687866211,0.0024473071098327637,True
23,1709,1784807990.6974955,8,0.0193936824798584,0.0024242103099823,True
23,1710,1784807990.7173157,8,0.021139144897460938,0.002642393112182617,True
23,1711,1784807990.7390466,8,0.019215106964111328,0.002401888370513916,True
23,1712,1784807990.7587037,8,0.01876521110534668,0.002345651388168335,True
23,1713,1784807990.7779925,8,0.01905536651611328,0.00238192081451416,True
23,1714,1784807990.797472,8,0.020972251892089844,0.0026215314865112305,True
23,1715,1784807990.8191564,8,0.021373271942138672,0.002671658992767334,True
23,1716,1784807990.8409052,8,0.01921367645263672,0.00240170955657959,True
23,1717,1784807990.86079,8,0.02063584327697754,0.0025794804096221924,True
23,1718,1784807990.8819432,8,0.019942760467529297,0.002492845058441162,True
23,1719,1784807990.9022202,8,0.021116256713867188,0.0026395320892333984,True
23,1720,1784807990.9240017,8,0.019368648529052734,0.002421081066131592,True
23,1721,1784807990.945516,8,0.020076990127563477,0.0025096237659454346,True
23,1722,1784807990.9660592,8,0.018087387084960938,0.002260923385620117,True
23,1723,1784807990.984671,8,0.020297527313232422,0.0025371909141540527,True
23,1724,1784807991.0057852,8,0.019430875778198242,0.0024288594722747803,True
23,1725,1784807991.0257177,8,0.022419214248657227,0.0028024017810821533,True
23,1726,1784807991.0487554,8,0.021236181259155273,0.002654522657394409,True
23,1727,1784807991.0707092,8,0.01943826675415039,0.002429783344268799,True
23,1728,1784807991.0905867,8,0.019081592559814453,0.0023851990699768066,True
23,1729,1784807991.11006,8,0.019568204879760742,0.0024460256099700928,True
23,1730,1784807991.1310391,8,0.020456790924072266,0.002557098865509033,True
23,1731,1784807991.152163,8,0.018387317657470703,0.002298414707183838,True
23,1732,1784807991.1709936,8,0.01895284652709961,0.002369105815887451,True
23,1733,1784807991.1913695,8,0.01995992660522461,0.002494990825653076,True
23,1734,1784807991.2119086,8,0.020587444305419922,0.0025734305381774902,True
23,1735,1784807991.2333257,8,0.02074408531188965,0.002593010663986206,True
23,1736,1784807991.2547712,8,0.019453763961791992,0.002431720495223999,True
23,1737,1784807991.274656,8,0.019809961318969727,0.002476245164871216,True
23,1738,1784807991.294947,8,0.018442392349243164,0.0023052990436553955,True
23,1739,1784807991.3139107,8,0.018825769424438477,0.0023532211780548096,True
23,1740,1784807991.3332844,8,0.020787477493286133,0.0025984346866607666,True
23,1741,1784807991.3546963,8,0.018956661224365234,0.0023695826530456543,True
23,1742,1784807991.374076,8,0.0192258358001709,0.0024032294750213623,True
23,1743,1784807991.393902,8,0.02101612091064453,0.0026270151138305664,True
23,1744,1784807991.4153063,8,0.020893096923828125,0.0026116371154785156,True
23,1745,1784807991.4366534,8,0.019824981689453125,0.0024781227111816406,True
23,1746,1784807991.4570503,8,0.021159887313842773,0.0026449859142303467,True
23,1747,1784807991.4786975,8,0.019128799438476562,0.0023910999298095703,True
23,1748,1784807991.4985807,8,0.019495487213134766,0.0024369359016418457,True
23,1749,1784807991.5185516,8,0.02067399024963379,0.0025842487812042236,True
23,1750,1784807991.5397325,8,0.019693851470947266,0.002461731433868408,True
23,1751,1784807991.5598528,8,0.021072864532470703,0.002634108066558838,True
23,1752,1784807991.5813887,8,0.019178390502929688,0.002397298812866211,True
23,1753,1784807991.6013389,8,0.021647214889526367,0.002705901861190796,True
23,1754,1784807991.6236975,8,0.022560834884643555,0.0028201043605804443,True
23,1755,1784807991.6466787,8,0.01743316650390625,0.0021791458129882812,True
23,1756,1784807991.6643872,8,0.021100997924804688,0.002637624740600586,True
23,1757,1784807991.6857564,8,0.021472454071044922,0.0026840567588806152,True
23,1758,1784807991.707587,8,0.01961064338684082,0.0024513304233551025,True
23,1759,1784807991.7276251,8,0.018407344818115234,0.0023009181022644043,True
23,1760,1784807991.7463777,8,0.020009756088256836,0.0025012195110321045,True
23,1761,1784807991.7667425,8,0.018841981887817383,0.002355247735977173,True
23,1762,1784807991.7858272,8,0.020078659057617188,0.0025098323822021484,True
23,1763,1784807991.8062687,8,0.01901721954345703,0.002377152442932129,True
23,1764,1784807991.8256464,8,0.019781112670898438,0.0024726390838623047,True
23,1765,1784807991.845788,8,0.019301652908325195,0.0024127066135406494,True
23,1766,1784807991.8657777,8,0.01936507225036621,0.0024206340312957764,True
23,1767,1784807991.8855333,8,0.022652149200439453,0.0028315186500549316,True
23,1768,1784807991.9091177,8,0.0186917781829834,0.002336472272872925,True
23,1769,1784807991.9287002,8,0.01888251304626465,0.002360314130783081,True
23,1770,1784807991.9479349,8,0.020022153854370117,0.0025027692317962646,True
23,1771,1784807991.9694211,8,0.019362688064575195,0.0024203360080718994,True
23,1772,1784807991.9896636,8,0.021435260772705078,0.0026794075965881348,True
23,1773,1784807992.012875,8,0.019289731979370117,0.0024112164974212646,True
23,1774,1784807992.032477,8,0.019650697708129883,0.0024563372135162354,True
23,1775,1784807992.0525446,8,0.018428564071655273,0.002303570508956909,True
23,1776,1784807992.071531,8,0.02069878578186035,0.002587348222732544,True
23,1777,1784807992.0925972,8,0.020064592361450195,0.0025080740451812744,True
23,1778,1784807992.113222,8,0.019256114959716797,0.0024070143699645996,True
23,1779,1784807992.1327806,8,0.01945805549621582,0.0024322569370269775,True
23,1780,1784807992.1527967,8,0.021770715713500977,0.002721339464187622,True
23,1781,1784807992.175043,8,0.019794225692749023,0.002474278211593628,True
23,1782,1784807992.1955929,8,0.020163774490356445,0.0025204718112945557,True
23,1783,1784807992.2164743,8,0.01957416534423828,0.002446770668029785,True
23,1784,1784807992.2363243,8,0.019674062728881836,0.0024592578411102295,True
23,1785,1784807992.2563548,8,0.01962757110595703,0.002453446388244629,True
23,1786,1784807992.2764008,8,0.02112603187561035,0.002640753984451294,True
23,1787,1784807992.2979403,8,0.0191192626953125,0.0023899078369140625,True
23,1788,1784807992.3175406,8,0.01906561851501465,0.002383202314376831,True
23,1789,1784807992.337064,8,0.019640207290649414,0.0024550259113311768,True
23,1790,1784807992.3569965,8,0.019603252410888672,0.002450406551361084,True
23,1791,1784807992.3773093,8,0.019463777542114258,0.0024329721927642822,True
23,1792,1784807992.3971665,8,0.02020716667175293,0.002525895833969116,True
23,1793,1784807992.417658,8,0.019489526748657227,0.0024361908435821533,True
23,1794,1784807992.4381216,8,0.020045042037963867,0.0025056302547454834,True
23,1795,1784807992.458661,8,0.02084827423095703,0.002606034278869629,True
23,1796,1784807992.4799125,8,0.019186735153198242,0.0023983418941497803,True
23,1797,1784807992.4993937,8,0.019298076629638672,0.002412259578704834,True
23,1798,1784807992.5192423,8,0.01947927474975586,0.0024349093437194824,True
23,1799,1784807992.5390768,8,0.017919063568115234,0.0022398829460144043,True
23,1800,1784807992.5574274,8,0.01862788200378418,0.0023284852504730225,True
23,1801,1784807992.5764027,8,0.019430160522460938,0.002428770065307617,True
23,1802,1784807992.5961814,8,0.019702672958374023,0.002462834119796753,True
23,1803,1784807992.6162295,8,0.02007579803466797,0.002509474754333496,True
23,1804,1784807992.6366127,8,0.02001786231994629,0.002502232789993286,True
23,1805,1784807992.6573207,8,0.019356727600097656,0.002419590950012207,True
23,1806,1784807992.6770947,8,0.01913309097290039,0.002391636371612549,True
23,1807,1784807992.6965477,8,0.01921391487121582,0.0024017393589019775,True
23,1808,1784807992.7161703,8,0.018937110900878906,0.0023671388626098633,True
23,1809,1784807992.735453,8,0.019553422927856445,0.0024441778659820557,True
23,1810,1784807992.7553444,8,0.023469209671020508,0.0029336512088775635,True
23,1811,1784807992.7796025,8,0.01706671714782715,0.0021333396434783936,True
23,1812,1784807992.7988188,8,0.018653154373168945,0.002331644296646118,True
23,1813,1784807992.8178115,8,0.01849985122680664,0.00231248140335083,True
23,1814,1784807992.8367727,8,0.018540143966674805,0.0023175179958343506,True
23,1815,1784807992.8557081,8,0.02133917808532715,0.0026673972606658936,True
23,1816,1784807992.8773506,8,0.02020716667175293,0.002525895833969116,True
23,1817,1784807992.8978815,8,0.01917290687561035,0.002396613359451294,True
23,1818,1784807992.9175274,8,0.019872665405273438,0.0024840831756591797,True
23,1819,1784807992.937867,8,0.019906282424926758,0.0024882853031158447,True
23,1820,1784807992.9584153,8,0.019797801971435547,0.0024747252464294434,True
23,1821,1784807992.9785533,8,0.02169013023376465,0.002711266279220581,True
23,1822,1784807993.0016513,8,0.020345211029052734,0.002543151378631592,True
23,1823,1784807993.0231245,8,0.018227815628051758,0.0022784769535064697,True
23,1824,1784807993.0418322,8,0.02012038230895996,0.002515047788619995,True
23,1825,1784807993.0627847,8,0.01998305320739746,0.0024978816509246826,True
23,1826,1784807993.083151,8,0.01950240135192871,0.002437800168991089,True
23,1827,1784807993.103323,8,0.019956111907958984,0.002494513988494873,True
23,1828,1784807993.1238227,8,0.020112276077270508,0.0025140345096588135,True
23,1829,1784807993.1443622,8,0.0219113826751709,0.0027389228343963623,True
23,1830,1784807993.166721,8,0.01786184310913086,0.0022327303886413574,True
23,1831,1784807993.1887972,8,0.01766180992126465,0.002207726240158081,True
23,1832,1784807993.2069132,8,0.020342111587524414,0.0025427639484405518,True
23,1833,1784807993.2280595,8,0.020488977432250977,0.002561122179031372,True
23,1834,1784807993.2494354,8,0.019498348236083984,0.002437293529510498,True
23,1835,1784807993.269355,8,0.020287513732910156,0.0025359392166137695,True
23,1836,1784807993.290054,8,0.023612022399902344,0.002951502799987793,True
23,1837,1784807993.3151777,8,0.01625680923461914,0.0020321011543273926,True
23,1838,1784807993.3424804,8,0.009302139282226562,0.0011627674102783203,True
23,1839,1784807993.3521473,8,0.016804933547973633,0.002100616693496704,True
23,1840,1784807993.3731415,8,0.0165560245513916,0.00206950306892395,True
23,1841,1784807993.3902555,8,0.019857406616210938,0.002482175827026367,True
23,1842,1784807993.4104147,8,0.02138829231262207,0.002673536539077759,True
23,1843,1784807993.4321492,8,0.017565250396728516,0.0021956562995910645,True
23,1844,1784807993.4501693,8,0.017220735549926758,0.0021525919437408447,True
23,1845,1784807993.4679077,8,0.02110743522644043,0.0026384294033050537,True
23,1846,1784807993.4894965,8,0.019623279571533203,0.0024529099464416504,True
23,1847,1784807993.5094504,8,0.0195004940032959,0.0024375617504119873,True
23,1848,1784807993.529542,8,0.020585298538208008,0.002573162317276001,True
23,1849,1784807993.5506968,8,0.019868850708007812,0.0024836063385009766,True
23,1850,1784807993.5713427,8,0.019629955291748047,0.002453744411468506,True
23,1851,1784807993.5917034,8,0.020087480545043945,0.002510935068130493,True
23,1852,1784807993.612212,8,0.02064800262451172,0.002581000328063965,True
23,1853,1784807993.6332262,8,0.018413543701171875,0.0023016929626464844,True
23,1854,1784807993.6531737,8,0.019820690155029297,0.002477586269378662,True
23,1855,1784807993.6738327,8,0.019482851028442383,0.002435356378555298,True
23,1856,1784807993.6940951,8,0.018527507781982422,0.0023159384727478027,True
23,1857,1784807993.713111,8,0.022687673568725586,0.0028359591960906982,True
23,1858,1784807993.7376702,8,0.021848678588867188,0.0027310848236083984,True
23,1859,1784807993.7602525,8,0.020205020904541016,0.002525627613067627,True
23,1860,1784807993.7808814,8,0.019905805587768555,0.0024882256984710693,True
23,1861,1784807993.8013492,8,0.020698070526123047,0.002587258815765381,True
23,1862,1784807993.8225312,8,0.018813610076904297,0.002351701259613037,True
23,1863,1784807993.8418548,8,0.02126002311706543,0.0026575028896331787,True
23,1864,1784807993.863469,8,0.019473791122436523,0.0024342238903045654,True
23,1865,1784807993.8833113,8,0.020223617553710938,0.002527952194213867,True
23,1866,1784807993.905536,8,0.021143198013305664,0.002642899751663208,True
23,1867,1784807993.9283874,8,0.020393848419189453,0.0025492310523986816,True
23,1868,1784807993.9491427,8,0.02145099639892578,0.0026813745498657227,True
23,1869,1784807993.9711823,8,0.019217252731323242,0.0024021565914154053,True
23,1870,1784807993.9907146,8,0.02034735679626465,0.002543419599533081,True
23,1871,1784807994.011596,8,0.01908564567565918,0.0023857057094573975,True
23,1872,1784807994.030987,8,0.0190732479095459,0.0023841559886932373,True
23,1873,1784807994.050458,8,0.020367860794067383,0.002545982599258423,True
23,1874,1784807994.071553,8,0.020735740661621094,0.0025919675827026367,True
23,1875,1784807994.092702,8,0.02169942855834961,0.002712428569793701,True
23,1876,1784807994.114846,8,0.02042841911315918,0.0025535523891448975,True
23,1877,1784807994.135927,8,0.019777774810791016,0.002472221851348877,True
23,1878,1784807994.1572874,8,0.018466711044311523,0.0023083388805389404,True
23,1879,1784807994.1761367,8,0.018230915069580078,0.0022788643836975098,True
23,1880,1784807994.1948948,8,0.02241969108581543,0.0028024613857269287,True
23,1881,1784807994.2182367,8,0.01915597915649414,0.0023944973945617676,True
23,1882,1784807994.2379599,8,0.02054142951965332,0.002567678689956665,True
23,1883,1784807994.2595458,8,0.01953864097595215,0.0024423301219940186,True
23,1884,1784807994.27959,8,0.020444393157958984,0.002555549144744873,True
23,1885,1784807994.300329,8,0.02079629898071289,0.0025995373725891113,True
23,1886,1784807994.3214085,8,0.02016925811767578,0.0025211572647094727,True
23,1887,1784807994.3422801,8,0.019900083541870117,0.0024875104427337646,True
23,1888,1784807994.3627148,8,0.020812511444091797,0.0026015639305114746,True
23,1889,1784807994.384633,8,0.020518779754638672,0.002564847469329834,True
23,1890,1784807994.4057302,8,0.018927335739135742,0.0023659169673919678,True
23,1891,1784807994.4251134,8,0.02063608169555664,0.00257951021194458,True
23,1892,1784807994.446432,8,0.020693063735961914,0.0025866329669952393,True
23,1893,1784807994.4675608,8,0.020496606826782227,0.0025620758533477783,True
23,1894,1784807994.4887953,8,0.021602869033813477,0.0027003586292266846,True
23,1895,1784807994.5109205,8,0.018623828887939453,0.0023279786109924316,True
23,1896,1784807994.530255,8,0.0204617977142334,0.002557724714279175,True
23,1897,1784807994.5514758,8,0.02013421058654785,0.0025167763233184814,True
23,1898,1784807994.5719624,8,0.020183324813842773,0.0025229156017303467,True
23,1899,1784807994.592647,8,0.021836519241333008,0.002729564905166626,True
23,1900,1784807994.6148584,8,0.019679784774780273,0.002459973096847534,True
23,1901,1784807994.635179,8,0.019988298416137695,0.002498537302017212,True
23,1902,1784807994.6559887,8,0.020137310028076172,0.0025171637535095215,True
23,1903,1784807994.6766589,8,0.02044081687927246,0.0025551021099090576,True
23,1904,1784807994.6973965,8,0.020409584045410156,0.0025511980056762695,True
23,1905,1784807994.7182086,8,0.019574642181396484,0.0024468302726745605,True
23,1906,1784807994.7382667,8,0.018870115280151367,0.002358764410018921,True
23,1907,1784807994.7584767,8,0.018306255340576172,0.0022882819175720215,True
23,1908,1784807994.777217,8,0.019620656967163086,0.0024525821208953857,True
23,1909,1784807994.7972226,8,0.020607948303222656,0.002575993537902832,True
23,1910,1784807994.8184624,8,0.018449783325195312,0.002306222915649414,True
23,1911,1784807994.8372943,8,0.01962900161743164,0.002453625202178955,True
23,1912,1784807994.857568,8,0.019619464874267578,0.0024524331092834473,True
23,1913,1784807994.87752,8,0.020781517028808594,0.0025976896286010742,True
23,1914,1784807994.8987486,8,0.01887822151184082,0.0023597776889801025,True
23,1915,1784807994.91815,8,0.02051067352294922,0.0025638341903686523,True
23,1916,1784807994.9393427,8,0.020175695419311523,0.0025219619274139404,True
23,1917,1784807994.9598894,8,0.02091073989868164,0.002613842487335205,True
23,1918,1784807994.9814277,8,0.019293546676635742,0.0024116933345794678,True
23,1919,1784807995.0016387,8,0.019765853881835938,0.002470731735229492,True
23,1920,1784807995.0225177,8,0.019846200942993164,0.0024807751178741455,True
23,1921,1784807995.042794,8,0.022974252700805664,0.002871781587600708,True
23,1922,1784807995.067216,8,0.018820524215698242,0.0023525655269622803,True
23,1923,1784807995.0864425,8,0.018467426300048828,0.0023084282875061035,True
23,1924,1784807995.1054049,8,0.019305706024169922,0.0024132132530212402,True
23,1925,1784807995.1253219,8,0.020341873168945312,0.002542734146118164,True
23,1926,1784807995.146073,8,0.02063775062561035,0.002579718828201294,True
23,1927,1784807995.167959,8,0.019894123077392578,0.0024867653846740723,True
23,1928,1784807995.1882322,8,0.019272804260253906,0.0024091005325317383,True
23,1929,1784807995.2081864,8,0.020616769790649414,0.0025770962238311768,True
23,1930,1784807995.2293403,8,0.01998424530029297,0.002498030662536621,True
23,1931,1784807995.2498102,8,0.020699262619018555,0.0025874078273773193,True
23,1932,1784807995.271014,8,0.020734786987304688,0.002591848373413086,True
23,1933,1784807995.2921355,8,0.019820213317871094,0.0024775266647338867,True
23,1934,1784807995.3128119,8,0.019403457641601562,0.0024254322052001953,True
23,1935,1784807995.3326368,8,0.02316141128540039,0.002895176410675049,True
23,1936,1784807995.356491,8,0.01871180534362793,0.002338975667953491,True
23,1937,1784807995.3760176,8,0.02118659019470215,0.0026483237743377686,True
23,1938,1784807995.397693,8,0.019476652145385742,0.0024345815181732178,True
23,1939,1784807995.418158,8,0.0205996036529541,0.0025749504566192627,True
23,1940,1784807995.439199,8,0.022130250930786133,0.0027662813663482666,True
23,1941,1784807995.4619002,8,0.01965475082397461,0.002456843852996826,True
23,1942,1784807995.4824016,8,0.021105289459228516,0.0026381611824035645,True
23,1943,1784807995.5040112,8,0.023188352584838867,0.0028985440731048584,True
23,1944,1784807995.5285435,8,0.018962621688842773,0.0023703277111053467,True
23,1945,1784807995.5486207,8,0.021242380142211914,0.0026552975177764893,True
23,1946,1784807995.5710387,8,0.019441604614257812,0.0024302005767822266,True
23,1947,1784807995.591197,8,0.020801544189453125,0.0026001930236816406,True
23,1948,1784807995.612389,8,0.021155595779418945,0.002644449472427368,True
23,1949,1784807995.6339486,8,0.020337581634521484,0.0025421977043151855,True
23,1950,1784807995.6549592,8,0.020401477813720703,0.002550184726715088,True
23,1951,1784807995.6763577,8,0.02107524871826172,0.002634406089782715,True
23,1952,1784807995.6979222,8,0.020061969757080078,0.0025077462196350098,True
23,1953,1784807995.7184627,8,0.01839613914489746,0.0022995173931121826,True
23,1954,1784807995.737875,8,0.020501136779785156,0.0025626420974731445,True
23,1955,1784807995.7587752,8,0.020029783248901367,0.002503722906112671,True
23,1956,1784807995.7793741,8,0.021832704544067383,0.002729088068008423,True
23,1957,1784807995.8022754,8,0.021575927734375,0.002696990966796875,True
23,1958,1784807995.8246913,8,0.01945018768310547,0.0024312734603881836,True
23,1959,1784807995.8448586,8,0.02186441421508789,0.0027330517768859863,True
23,1960,1784807995.8676693,8,0.01980876922607422,0.0024760961532592773,True
23,1961,1784807995.888395,8,0.019240140914916992,0.002405017614364624,True
23,1962,1784807995.9081652,8,0.019428730010986328,0.002428591251373291,True
23,1963,1784807995.9280577,8,0.019962787628173828,0.0024953484535217285,True
23,1964,1784807995.9484541,8,0.019774198532104492,0.0024717748165130615,True
23,1965,1784807995.9686618,8,0.020064830780029297,0.002508103847503662,True
23,1966,1784807995.98901,8,0.02203989028930664,0.00275498628616333,True
23,1967,1784807996.0122404,8,0.01745748519897461,0.002182185649871826,True
23,1968,1784807996.0310183,8,0.01872086524963379,0.0023401081562042236,True
23,1969,1784807996.0503948,8,0.02168750762939453,0.0027109384536743164,True
23,1970,1784807996.0726364,8,0.02118992805480957,0.0026487410068511963,True
23,1971,1784807996.094198,8,0.02105426788330078,0.0026317834854125977,True
23,1972,1784807996.1158257,8,0.022590160369873047,0.002823770046234131,True
23,1973,1784807996.1395743,8,0.01955890655517578,0.0024448633193969727,True
23,1974,1784807996.159802,8,0.019968509674072266,0.002496063709259033,True
23,1975,1784807996.1805396,8,0.02081012725830078,0.0026012659072875977,True
23,1976,1784807996.2016416,8,0.02321767807006836,0.002902209758758545,True
23,1977,1784807996.225243,8,0.018770217895507812,0.0023462772369384766,True
23,1978,1784807996.2444363,8,0.02106499671936035,0.002633124589920044,True
23,1979,1784807996.265909,8,0.019514799118041992,0.002439349889755249,True
23,1980,1784807996.2861102,8,0.020405292510986328,0.002550661563873291,True
23,1981,1784807996.3069828,8,0.020411252975463867,0.0025514066219329834,True
23,1982,1784807996.3276992,8,0.01936030387878418,0.0024200379848480225,True
23,1983,1784807996.3481088,8,0.019535541534423828,0.0024419426918029785,True
23,1984,1784807996.3679569,8,0.02066349983215332,0.002582937479019165,True
23,1985,1784807996.3892264,8,0.019665002822875977,0.002458125352859497,True
23,1986,1784807996.4093146,8,0.02054286003112793,0.002567857503890991,True
23,1987,1784807996.4302824,8,0.019604206085205078,0.0024505257606506348,True
23,1988,1784807996.451193,8,0.020941734313964844,0.0026177167892456055,True
23,1989,1784807996.472608,8,0.020912647247314453,0.0026140809059143066,True
23,1990,1784807996.493926,8,0.019572734832763672,0.002446591854095459,True
23,1991,1784807996.5143979,8,0.020745038986206055,0.002593129873275757,True
23,1992,1784807996.5364516,8,0.02007317543029785,0.0025091469287872314,True
23,1993,1784807996.5573707,8,0.019594430923461914,0.0024493038654327393,True
23,1994,1784807996.5774713,8,0.020833730697631836,0.0026042163372039795,True
23,1995,1784807996.5996423,8,0.019582033157348633,0.002447754144668579,True
23,1996,1784807996.620097,8,0.019940614700317383,0.002492576837539673,True
23,1997,1784807996.6407764,8,0.01937127113342285,0.0024214088916778564,True
23,1998,1784807996.6605504,8,0.020856618881225586,0.0026070773601531982,True
23,1999,1784807996.6819084,8,0.021251678466796875,0.0026564598083496094,True
23,2000,1784807996.7036695,8,0.019772052764892578,0.0024715065956115723,True
23,2001,1784807996.7244415,8,0.01974034309387207,0.002467542886734009,True
23,2002,1784807996.7445624,8,0.017301082611083984,0.002162635326385498,True
23,2003,1784807996.7622275,8,0.019722938537597656,0.002465367317199707,True
23,2004,1784807996.7826188,8,0.023310422897338867,0.0029138028621673584,True
23,2005,1784807996.806318,8,0.021605253219604492,0.0027006566524505615,True
23,2006,1784807996.8290155,8,0.02077317237854004,0.002596646547317505,True
23,2007,1784807996.8500624,8,0.021275758743286133,0.0026594698429107666,True
23,2008,1784807996.871816,8,0.02029109001159668,0.002536386251449585,True
23,2009,1784807996.8924026,8,0.02043294906616211,0.0025541186332702637,True
23,2010,1784807996.913408,8,0.019643783569335938,0.002455472946166992,True
23,2011,1784807996.9337025,8,0.020374774932861328,0.002546846866607666,True
23,2012,1784807996.9547584,8,0.02035355567932129,0.002544194459915161,True
23,2013,1784807996.9764988,8,0.019359588623046875,0.0024199485778808594,True
23,2014,1784807996.996499,8,0.02018117904663086,0.0025226473808288574,True
23,2015,1784807997.0171382,8,0.017768383026123047,0.002221047878265381,True
23,2016,1784807997.0371954,8,0.017339706420898438,0.0021674633026123047,True
23,2017,1784807997.0555208,8,0.019972801208496094,0.0024966001510620117,True
23,2018,1784807997.0760612,8,0.01960277557373047,0.0024503469467163086,True
23,2019,1784807997.0962899,8,0.020299196243286133,0.0025373995304107666,True
23,2020,1784807997.1169467,8,0.02002406120300293,0.002503007650375366,True
23,2021,1784807997.137826,8,0.021501541137695312,0.002687692642211914,True
23,2022,1784807997.1605833,8,0.019643068313598633,0.002455383539199829,True
23,2023,1784807997.180685,8,0.019179105758666992,0.002397388219833374,True
23,2024,1784807997.200628,8,0.019469738006591797,0.0024337172508239746,True
23,2025,1784807997.2209435,8,0.021569252014160156,0.0026961565017700195,True
23,2026,1784807997.2429404,8,0.019636869430541992,0.002454608678817749,True
23,2027,1784807997.2629704,8,0.019385814666748047,0.002423226833343506,True
23,2028,1784807997.2828288,8,0.021116971969604492,0.0026396214962005615,True
23,2029,1784807997.3043025,8,0.018511295318603516,0.0023139119148254395,True
23,2030,1784807997.324155,8,0.019033193588256836,0.0023791491985321045,True
23,2031,1784807997.344359,8,0.018852710723876953,0.002356588840484619,True
23,2032,1784807997.3637207,8,0.021391868591308594,0.0026739835739135742,True
23,2033,1784807997.3855689,8,0.019863605499267578,0.0024829506874084473,True
23,2034,1784807997.4060516,8,0.01842784881591797,0.002303481101989746,True
23,2035,1784807997.4248478,8,0.021972179412841797,0.0027465224266052246,True
23,2036,1784807997.4474154,8,0.01817011833190918,0.0022712647914886475,True
23,2037,1784807997.46719,8,0.018982648849487305,0.002372831106185913,True
23,2038,1784807997.486873,8,0.019963979721069336,0.002495497465133667,True
23,2039,1784807997.5071275,8,0.019537925720214844,0.0024422407150268555,True
23,2040,1784807997.5274878,8,0.02020740509033203,0.002525925636291504,True
23,2041,1784807997.5483477,8,0.018933534622192383,0.002366691827774048,True
23,2042,1784807997.5676808,8,0.02057814598083496,0.00257226824760437,True
23,2043,1784807997.5890698,8,0.020107030868530273,0.002513378858566284,True
23,2044,1784807997.6094687,8,0.019432783126831055,0.002429097890853882,True
23,2045,1784807997.629214,8,0.019528865814208984,0.002441108226776123,True
23,2046,1784807997.649382,8,0.019805431365966797,0.0024756789207458496,True
23,2047,1784807997.6697319,8,0.019510746002197266,0.002438843250274658,True
23,2048,1784807997.6895695,8,0.018958330154418945,0.002369791269302368,True
23,2049,1784807997.7095497,8,0.02065110206604004,0.002581387758255005,True
23,2050,1784807997.7307074,8,0.020790815353393555,0.0025988519191741943,True
23,2051,1784807997.751762,8,0.019568920135498047,0.002446115016937256,True
23,2052,1784807997.7716916,8,0.019588232040405273,0.002448529005050659,True
23,2053,1784807997.7917025,8,0.019431114196777344,0.002428889274597168,True
23,2054,1784807997.8120863,8,0.018135786056518555,0.0022669732570648193,True
23,2055,1784807997.8309557,8,0.018296003341674805,0.0022870004177093506,True
23,2056,1784807997.8495917,8,0.018709421157836914,0.0023386776447296143,True
23,2057,1784807997.8685744,8,0.021035194396972656,0.002629399299621582,True
23,2058,1784807997.8904448,8,0.019193410873413086,0.0023991763591766357,True
23,2059,1784807997.9099836,8,0.02121138572692871,0.002651423215866089,True
23,2060,1784807997.9315584,8,0.018457889556884766,0.0023072361946105957,True
23,2061,1784807997.9508088,8,0.018430471420288086,0.0023038089275360107,True
23,2062,1784807997.969597,8,0.022073745727539062,0.002759218215942383,True
23,2063,1784807997.9927537,8,0.016790151596069336,0.002098768949508667,True
23,2064,1784807998.0100987,8,0.019603729248046875,0.0024504661560058594,True
23,2065,1784807998.0306575,8,0.019586563110351562,0.0024483203887939453,True
23,2066,1784807998.0506682,8,0.019517183303833008,0.002439647912979126,True
23,2067,1784807998.0711615,8,0.02106499671936035,0.002633124589920044,True
23,2068,1784807998.092704,8,0.02030205726623535,0.002537757158279419,True
23,2069,1784807998.1136422,8,0.02061772346496582,0.0025772154331207275,True
23,2070,1784807998.1346376,8,0.02068018913269043,0.0025850236415863037,True
23,2071,1784807998.155595,8,0.021788835525512695,0.002723604440689087,True
23,2072,1784807998.1779344,8,0.021862506866455078,0.0027328133583068848,True
23,2073,1784807998.2002501,8,0.01854228973388672,0.00231778621673584,True
23,2074,1784807998.2191553,8,0.018552541732788086,0.0023190677165985107,True
23,2075,1784807998.2380557,8,0.021572351455688477,0.0026965439319610596,True
23,2076,1784807998.2599456,8,0.019526958465576172,0.0024408698081970215,True
23,2077,1784807998.2804158,8,0.017853975296020508,0.0022317469120025635,True
23,2078,1784807998.2988315,8,0.020003318786621094,0.0025004148483276367,True
23,2079,1784807998.3192143,8,0.020061731338500977,0.002507716417312622,True
23,2080,1784807998.3395543,8,0.02040576934814453,0.0025507211685180664,True
23,2081,1784807998.3602858,8,0.019420623779296875,0.0024275779724121094,True
23,2082,1784807998.3800595,8,0.018665075302124023,0.002333134412765503,True
23,2083,1784807998.399187,8,0.01955890655517578,0.0024448633193969727,True
23,2084,1784807998.4190834,8,0.020479440689086914,0.0025599300861358643,True
23,2085,1784807998.439894,8,0.02197575569152832,0.00274696946144104,True
23,2086,1784807998.462327,8,0.020389080047607422,0.0025486350059509277,True
23,2087,1784807998.4830985,8,0.021716594696044922,0.0027145743370056152,True
23,2088,1784807998.5055404,8,0.019089221954345703,0.002386152744293213,True
23,2089,1784807998.5274785,8,0.019666194915771484,0.0024582743644714355,True
23,2090,1784807998.5476468,8,0.01896381378173828,0.002370476722717285,True
23,2091,1784807998.5669703,8,0.01925802230834961,0.002407252788543701,True
23,2092,1784807998.5865319,8,0.02032613754272461,0.002540767192840576,True
23,2093,1784807998.6071377,8,0.020377159118652344,0.002547144889831543,True
23,2094,1784807998.6277943,8,0.018146514892578125,0.0022683143615722656,True
23,2095,1784807998.64629,8,0.018903732299804688,0.002362966537475586,True
23,2096,1784807998.6655843,8,0.02274942398071289,0.0028436779975891113,True
23,2097,1784807998.6887825,8,0.017693519592285156,0.0022116899490356445,True
23,2098,1784807998.7067156,8,0.02093052864074707,0.002616316080093384,True
23,2099,1784807998.7281625,8,0.019888639450073242,0.0024860799312591553,True
23,2100,1784807998.748388,8,0.01898479461669922,0.0023730993270874023,True
23,2101,1784807998.7678857,8,0.020357370376586914,0.0025446712970733643,True
23,2102,1784807998.788566,8,0.019219398498535156,0.0024024248123168945,True
23,2103,1784807998.8083816,8,0.020073413848876953,0.002509176731109619,True
23,2104,1784807998.828822,8,0.019414424896240234,0.0024268031120300293,True
23,2105,1784807998.848577,8,0.018889665603637695,0.002361208200454712,True
23,2106,1784807998.8677893,8,0.020498037338256836,0.0025622546672821045,True
23,2107,1784807998.8886328,8,0.01992321014404297,0.002490401268005371,True
23,2108,1784807998.9091136,8,0.01747441291809082,0.0021843016147613525,True
23,2109,1784807998.9269557,8,0.019737958908081055,0.002467244863510132,True
23,2110,1784807998.9470086,8,0.020186424255371094,0.0025233030319213867,True
23,2111,1784807998.96771,8,0.02124786376953125,0.0026559829711914062,True
23,2112,1784807998.9897442,8,0.018496274948120117,0.0023120343685150146,True
23,2113,1784807999.0093267,8,0.01900029182434082,0.0023750364780426025,True
23,2114,1784807999.0286856,8,0.01928091049194336,0.00241011381149292,True
23,2115,1784807999.0482297,8,0.020089387893676758,0.0025111734867095947,True
23,2116,1784807999.0689569,8,0.020433664321899414,0.0025542080402374268,True
23,2117,1784807999.0896473,8,0.020937204360961914,0.0026171505451202393,True
23,2118,1784807999.1110706,8,0.020415782928466797,0.0025519728660583496,True
23,2119,1784807999.1317844,8,0.01937699317932129,0.002422124147415161,True
23,2120,1784807999.1516275,8,0.02174663543701172,0.002718329429626465,True
23,2121,1784807999.1737142,8,0.020122289657592773,0.0025152862071990967,True
23,2122,1784807999.1941254,8,0.019419431686401367,0.002427428960800171,True
23,2123,1784807999.2138596,8,0.018983125686645508,0.0023728907108306885,True
23,2124,1784807999.2336411,8,0.020140886306762695,0.002517610788345337,True
23,2125,1784807999.2541401,8,0.02076554298400879,0.0025956928730010986,True
23,2126,1784807999.2753096,8,0.019450664520263672,0.002431333065032959,True
23,2127,1784807999.2951927,8,0.018175601959228516,0.0022719502449035645,True
23,2128,1784807999.3137293,8,0.020771026611328125,0.0025963783264160156,True
23,2129,1784807999.3348134,8,0.02095317840576172,0.002619147300720215,True
23,2130,1784807999.3561082,8,0.019312620162963867,0.0024140775203704834,True
23,2131,1784807999.376014,8,0.020540237426757812,0.0025675296783447266,True
23,2132,1784807999.3969266,8,0.02077937126159668,0.002597421407699585,True
23,2133,1784807999.4181023,8,0.01951289176940918,0.0024391114711761475,True
23,2134,1784807999.437969,8,0.020266056060791016,0.002533257007598877,True
23,2135,1784807999.4587855,8,0.019855976104736328,0.002481997013092041,True
23,2136,1784807999.4789677,8,0.020532846450805664,0.002566605806350708,True
23,2137,1784807999.4998183,8,0.01889967918395996,0.002362459897994995,True
23,2138,1784807999.5190475,8,0.019905805587768555,0.0024882256984710693,True
23,2139,1784807999.5393116,8,0.01823282241821289,0.0022791028022766113,True
23,2140,1784807999.5578609,8,0.019406795501708984,0.002425849437713623,True
23,2141,1784807999.577805,8,0.019245386123657227,0.0024056732654571533,True
23,2142,1784807999.5974042,8,0.018349885940551758,0.0022937357425689697,True
23,2143,1784807999.6161673,8,0.019730567932128906,0.0024663209915161133,True
23,2144,1784807999.6362145,8,0.019864320755004883,0.0024830400943756104,True
23,2145,1784807999.656439,8,0.020261526107788086,0.0025326907634735107,True
23,2146,1784807999.677107,8,0.02011275291442871,0.002514094114303589,True
23,2147,1784807999.697934,8,0.01797652244567871,0.002247065305709839,True
23,2148,1784807999.716308,8,0.018751859664916992,0.002343982458114624,True
23,2149,1784807999.73547,8,0.01923966407775879,0.0024049580097198486,True
23,2150,1784807999.75517,8,0.020094633102416992,0.002511829137802124,True
23,2151,1784807999.7757254,8,0.018319368362426758,0.0022899210453033447,True
23,2152,1784807999.7943306,8,0.02111959457397461,0.002639949321746826,True
23,2153,1784807999.8157737,8,0.017879486083984375,0.002234935760498047,True
23,2154,1784807999.8341963,8,0.021291017532348633,0.002661377191543579,True
23,2155,1784807999.8558533,8,0.020319461822509766,0.0025399327278137207,True
23,2156,1784807999.8772147,8,0.018877029418945312,0.002359628677368164,True
23,2157,1784807999.8965423,8,0.02019476890563965,0.002524346113204956,True
23,2158,1784807999.9174476,8,0.019433021545410156,0.0024291276931762695,True
23,2159,1784807999.937742,8,0.020309925079345703,0.002538740634918213,True
23,2160,1784807999.958652,8,0.021086692810058594,0.0026358366012573242,True
23,2161,1784807999.9801114,8,0.020474672317504883,0.0025593340396881104,True
23,2162,1784808000.0013733,8,0.021222352981567383,0.002652794122695923,True
23,2163,1784808000.0234575,8,0.019691944122314453,0.0024614930152893066,True
23,2164,1784808000.0438874,8,0.019121646881103516,0.0023902058601379395,True
23,2165,1784808000.063399,8,0.020653247833251953,0.002581655979156494,True
23,2166,1784808000.0844376,8,0.01829242706298828,0.002286553382873535,True
23,2167,1784808000.103059,8,0.019199848175048828,0.0023999810218811035,True
23,2168,1784808000.1225624,8,0.0196840763092041,0.0024605095386505127,True
23,2169,1784808000.142666,8,0.019307851791381836,0.0024134814739227295,True
23,2170,1784808000.1625903,8,0.022546052932739258,0.0028182566165924072,True
23,2171,1784808000.1856303,8,0.020222902297973633,0.002527862787246704,True
23,2172,1784808000.2061968,8,0.01973867416381836,0.002467334270477295,True
23,2173,1784808000.2263095,8,0.019298076629638672,0.002412259578704834,True
23,2174,1784808000.2459466,8,0.02013540267944336,0.00251692533493042,True
23,2175,1784808000.2664764,8,0.01871657371520996,0.002339571714401245,True
23,2176,1784808000.285465,8,0.01936817169189453,0.0024210214614868164,True
23,2177,1784808000.3059366,8,0.018604755401611328,0.002325594425201416,True
23,2178,1784808000.324915,8,0.023024797439575195,0.0028780996799468994,True
23,2179,1784808000.3485112,8,0.021225929260253906,0.0026532411575317383,True
23,2180,1784808000.370088,8,0.01971292495727539,0.002464115619659424,True
23,2181,1784808000.3904886,8,0.020879030227661133,0.0026098787784576416,True
23,2182,1784808000.4118207,8,0.02175140380859375,0.0027189254760742188,True
23,2183,1784808000.4346035,8,0.018558740615844727,0.002319842576980591,True
23,2184,1784808000.4535809,8,0.021642684936523438,0.0027053356170654297,True
23,2185,1784808000.475517,8,0.019611597061157227,0.0024514496326446533,True
23,2186,1784808000.495583,8,0.018884897232055664,0.002360612154006958,True
23,2187,1784808000.5148776,8,0.0219423770904541,0.0027427971363067627,True
23,2188,1784808000.537251,8,0.020105600357055664,0.002513200044631958,True
23,2189,1784808000.5578632,8,0.019441604614257812,0.0024302005767822266,True
23,2190,1784808000.5777073,8,0.02170085906982422,0.0027126073837280273,True
23,2191,1784808000.5997531,8,0.018051862716674805,0.0022564828395843506,True
23,2192,1784808000.6205373,8,0.018953561782836914,0.0023691952228546143,True
23,2193,1784808000.640711,8,0.021389484405517578,0.0026736855506896973,True
23,2194,1784808000.6625495,8,0.020196199417114258,0.0025245249271392822,True
23,2195,1784808000.6831079,8,0.02047562599182129,0.002559453248977661,True
23,2196,1784808000.7042956,8,0.019978046417236328,0.002497255802154541,True
23,2197,1784808000.7245693,8,0.019705533981323242,0.0024631917476654053,True
23,2198,1784808000.744712,8,0.02095651626586914,0.0026195645332336426,True
23,2199,1784808000.7660625,8,0.01932072639465332,0.002415090799331665,True
23,2200,1784808000.7862208,8,0.019937753677368164,0.0024922192096710205,True
23,2201,1784808000.8065712,8,0.021166324615478516,0.0026457905769348145,True
23,2202,1784808000.828296,8,0.02053213119506836,0.002566516399383545,True
23,2203,1784808000.8493593,8,0.018751144409179688,0.002343893051147461,True
23,2204,1784808000.8685474,8,0.019997358322143555,0.0024996697902679443,True
23,2205,1784808000.8889282,8,0.01990985870361328,0.00248873233795166,True
23,2206,1784808000.909295,8,0.021782398223876953,0.002722799777984619,True
23,2207,1784808000.93141,8,0.017919540405273438,0.0022399425506591797,True
23,2208,1784808000.9498415,8,0.020400285720825195,0.0025500357151031494,True
23,2209,1784808000.9705243,8,0.019898176193237305,0.002487272024154663,True
23,2210,1784808000.990889,8,0.02151966094970703,0.002689957618713379,True
23,2211,1784808001.0128393,8,0.019280672073364258,0.0024100840091705322,True
23,2212,1784808001.0328016,8,0.01986551284790039,0.002483189105987549,True
23,2213,1784808001.0535364,8,0.019985675811767578,0.0024982094764709473,True
23,2214,1784808001.0741522,8,0.01935124397277832,0.00241890549659729,True
23,2215,1784808001.0938957,8,0.02055525779724121,0.0025694072246551514,True
23,2216,1784808001.1148188,8,0.018960237503051758,0.0023700296878814697,True
23,2217,1784808001.1340983,8,0.021271705627441406,0.0026589632034301758,True
23,2218,1784808001.1556456,8,0.019254207611083984,0.002406775951385498,True
23,2219,1784808001.1754756,8,0.019287824630737305,0.002410978078842163,True
23,2220,1784808001.1950638,8,0.02066349983215332,0.002582937479019165,True
23,2221,1784808001.216205,8,0.019232749938964844,0.0024040937423706055,True
23,2222,1784808001.2357757,8,0.020874738693237305,0.002609342336654663,True
23,2223,1784808001.2571096,8,0.020255088806152344,0.002531886100769043,True
23,2224,1784808001.277814,8,0.018268823623657227,0.0022836029529571533,True
23,2225,1784808001.2965064,8,0.019548892974853516,0.0024436116218566895,True
23,2226,1784808001.316434,8,0.0198061466217041,0.0024757683277130127,True
23,2227,1784808001.3367186,8,0.022341251373291016,0.002792656421661377,True
23,2228,1784808001.3594677,8,0.019103288650512695,0.002387911081314087,True
23,2229,1784808001.3789215,8,0.019253015518188477,0.0024066269397735596,True
23,2230,1784808001.3985512,8,0.020859241485595703,0.002607405185699463,True
23,2231,1784808001.4197292,8,0.019234180450439453,0.0024042725563049316,True
23,2232,1784808001.4394255,8,0.019214153289794922,0.0024017691612243652,True
23,2233,1784808001.4591033,8,0.019713878631591797,0.0024642348289489746,True
23,2234,1784808001.4791787,8,0.021297454833984375,0.002662181854248047,True
23,2235,1784808001.5008707,8,0.02051830291748047,0.0025647878646850586,True
23,2236,1784808001.5217004,8,0.020429611206054688,0.002553701400756836,True
23,2237,1784808001.5425508,8,0.018289804458618164,0.0022862255573272705,True
23,2238,1784808001.5613916,8,0.01897406578063965,0.002371758222579956,True
23,2239,1784808001.5806653,8,0.02174234390258789,0.0027177929878234863,True
23,2240,1784808001.6027792,8,0.01928853988647461,0.002411067485809326,True
23,2241,1784808001.6223812,8,0.020186901092529297,0.002523362636566162,True
23,2242,1784808001.6428816,8,0.01936483383178711,0.0024206042289733887,True
23,2243,1784808001.662648,8,0.021800518035888672,0.002725064754486084,True
23,2244,1784808001.6848762,8,0.020173311233520508,0.0025216639041900635,True
23,2245,1784808001.7054555,8,0.01937103271484375,0.0024213790893554688,True
23,2246,1784808001.7253082,8,0.021950244903564453,0.0027437806129455566,True
23,2247,1784808001.7477512,8,0.02000880241394043,0.0025011003017425537,True
23,2248,1784808001.768796,8,0.020158767700195312,0.002519845962524414,True
23,2249,1784808001.7894466,8,0.021398305892944336,0.002674788236618042,True
23,2250,1784808001.8115065,8,0.019189834594726562,0.0023987293243408203,True
23,2251,1784808001.831037,8,0.01929497718811035,0.002411872148513794,True
23,2252,1784808001.8506148,8,0.020807981491088867,0.0026009976863861084,True
23,2253,1784808001.8719532,8,0.018468856811523438,0.0023086071014404297,True
23,2254,1784808001.8909183,8,0.020431995391845703,0.002553999423980713,True
23,2255,1784808001.9116614,8,0.019450664520263672,0.002431333065032959,True
23,2256,1784808001.9314537,8,0.019298315048217773,0.0024122893810272217,True
23,2257,1784808001.9511807,8,0.019714832305908203,0.0024643540382385254,True
23,2258,1784808001.971321,8,0.019014835357666016,0.002376854419708252,True
23,2259,1784808001.9907148,8,0.019007205963134766,0.0023759007453918457,True
23,2260,1784808002.0100057,8,0.019512176513671875,0.0024390220642089844,True
23,2261,1784808002.0298095,8,0.02131199836730957,0.0026639997959136963,True
23,2262,1784808002.0515776,8,0.019654035568237305,0.002456754446029663,True
23,2263,1784808002.071575,8,0.02303934097290039,0.002879917621612549,True
23,2264,1784808002.09594,8,0.02072453498840332,0.002590566873550415,True
23,2265,1784808002.1169415,8,0.019469499588012695,0.002433687448501587,True
23,2266,1784808002.136718,8,0.023693323135375977,0.002961665391921997,True
23,2267,1784808002.1607816,8,0.021697282791137695,0.002712160348892212,True
23,2268,1784808002.1831212,8,0.02013373374938965,0.002516716718673706,True
23,2269,1784808002.2037919,8,0.020734071731567383,0.002591758966445923,True
23,2270,1784808002.2248871,8,0.01968550682067871,0.002460688352584839,True
23,2271,1784808002.245043,8,0.020661592483520508,0.0025826990604400635,True
23,2272,1784808002.2665658,8,0.02093672752380371,0.002617090940475464,True
23,2273,1784808002.2883837,8,0.020494699478149414,0.0025618374347686768,True
23,2274,1784808002.3095388,8,0.0202181339263916,0.00252726674079895,True
23,2275,1784808002.3301992,8,0.021579742431640625,0.002697467803955078,True
23,2276,1784808002.352149,8,0.019632339477539062,0.002454042434692383,True
23,2277,1784808002.3720632,8,0.01860356330871582,0.0023254454135894775,True
23,2278,1784808002.3909316,8,0.021179914474487305,0.002647489309310913,True
23,2279,1784808002.4123867,8,0.020390987396240234,0.0025488734245300293,True
23,2280,1784808002.4335098,8,0.01910233497619629,0.002387791872024536,True
23,2281,1784808002.453218,8,0.02045416831970215,0.0025567710399627686,True
23,2282,1784808002.4740863,8,0.019760608673095703,0.002470076084136963,True
23,2283,1784808002.4943051,8,0.02057671546936035,0.002572089433670044,True
23,2284,1784808002.5152137,8,0.0200502872467041,0.0025062859058380127,True
23,2285,1784808002.535685,8,0.020704984664916992,0.002588123083114624,True
23,2286,1784808002.5567327,8,0.019917011260986328,0.002489626407623291,True
23,2287,1784808002.577016,8,0.021235227584838867,0.0026544034481048584,True
23,2288,1784808002.5986571,8,0.019356727600097656,0.002419590950012207,True
23,2289,1784808002.6185,8,0.019750356674194336,0.002468794584274292,True
23,2290,1784808002.6386514,8,0.020621538162231445,0.0025776922702789307,True
23,2291,1784808002.6596043,8,0.01947927474975586,0.0024349093437194824,True
23,2292,1784808002.6795352,8,0.022301673889160156,0.0027877092361450195,True
23,2293,1784808002.7022815,8,0.01902294158935547,0.0023778676986694336,True
23,2294,1784808002.7217014,8,0.020010709762573242,0.0025013387203216553,True
23,2295,1784808002.7420385,8,0.02054309844970703,0.002567887306213379,True
23,2296,1784808002.7630458,8,0.019334793090820312,0.002416849136352539,True
23,2297,1784808002.782742,8,0.01824808120727539,0.002281010150909424,True
23,2298,1784808002.8014128,8,0.02016472816467285,0.0025205910205841064,True
23,2299,1784808002.821977,8,0.021252870559692383,0.002656608819961548,True
23,2300,1784808002.8436592,8,0.02019476890563965,0.002524346113204956,True
23,2301,1784808002.864278,8,0.01977396011352539,0.002471745014190674,True
23,2302,1784808002.884825,8,0.019047975540161133,0.0023809969425201416,True
23,2303,1784808002.9042633,8,0.021281957626342773,0.0026602447032928467,True
23,2304,1784808002.9259686,8,0.020607948303222656,0.002575993537902832,True
23,2305,1784808002.9474125,8,0.019039392471313477,0.0023799240589141846,True
23,2306,1784808002.9668415,8,0.018964052200317383,0.002370506525039673,True
23,2307,1784808002.9866807,8,0.019959688186645508,0.0024949610233306885,True
23,2308,1784808003.0070186,8,0.019891977310180664,0.002486497163772583,True
23,2309,1784808003.0273426,8,0.021131038665771484,0.0026413798332214355,True
23,2310,1784808003.0489264,8,0.021295547485351562,0.0026619434356689453,True
23,2311,1784808003.0707762,8,0.020874738693237305,0.002609342336654663,True
23,2312,1784808003.0937276,8,0.0187532901763916,0.00234416127204895,True
23,2313,1784808003.1128762,8,0.021203279495239258,0.0026504099369049072,True
23,2314,1784808003.134893,8,0.02008342742919922,0.0025104284286499023,True
23,2315,1784808003.1553411,8,0.019169092178344727,0.002396136522293091,True
23,2316,1784808003.1749108,8,0.020863771438598633,0.002607971429824829,True
23,2317,1784808003.1961374,8,0.022027015686035156,0.0027533769607543945,True
23,2318,1784808003.2186117,8,0.0206296443939209,0.0025787055492401123,True
23,2319,1784808003.239606,8,0.019890785217285156,0.0024863481521606445,True
23,2320,1784808003.2597625,8,0.01941823959350586,0.0024272799491882324,True
23,2321,1784808003.2795684,8,0.02196478843688965,0.002745598554611206,True
23,2322,1784808003.3019948,8,0.020258665084838867,0.0025323331356048584,True
23,2323,1784808003.3228068,8,0.02136063575744629,0.002670079469680786,True
23,2324,1784808003.344618,8,0.020267963409423828,0.0025334954261779785,True
23,2325,1784808003.3652956,8,0.019985437393188477,0.0024981796741485596,True
23,2326,1784808003.385741,8,0.021335601806640625,0.002666950225830078,True
23,2327,1784808003.4073381,8,0.020987510681152344,0.002623438835144043,True
23,2328,1784808003.4287815,8,0.019767284393310547,0.0024709105491638184,True
23,2329,1784808003.4488745,8,0.019393444061279297,0.002424180507659912,True
23,2330,1784808003.4686294,8,0.019324541091918945,0.002415567636489868,True
23,2331,1784808003.4883356,8,0.022082805633544922,0.0027603507041931152,True
23,2332,1784808003.510726,8,0.01922464370727539,0.002403080463409424,True
23,2333,1784808003.5303028,8,0.02114701271057129,0.002643376588821411,True
23,2334,1784808003.552088,8,0.020384788513183594,0.0025480985641479492,True
23,2335,1784808003.572855,8,0.02025151252746582,0.0025314390659332275,True
23,2336,1784808003.5934474,8,0.019877195358276367,0.002484649419784546,True
23,2337,1784808003.6139886,8,0.020617008209228516,0.0025771260261535645,True
23,2338,1784808003.635677,8,0.02057170867919922,0.0025714635848999023,True
23,2339,1784808003.656599,8,0.01916360855102539,0.002395451068878174,True
23,2340,1784808003.6763608,8,0.01930093765258789,0.0024126172065734863,True
23,2341,1784808003.696108,8,0.01966238021850586,0.0024577975273132324,True
23,2342,1784808003.7161713,8,0.01993250846862793,0.002491563558578491,True
23,2343,1784808003.7366295,8,0.02051830291748047,0.0025647878646850586,True
23,2344,1784808003.7576516,8,0.021147966384887695,0.002643495798110962,True
23,2345,1784808003.7793813,8,0.020358800888061523,0.0025448501110076904,True
23,2346,1784808003.8001251,8,0.019630908966064453,0.0024538636207580566,True
23,2347,1784808003.8201325,8,0.020277976989746094,0.0025347471237182617,True
23,2348,1784808003.8410597,8,0.022147178649902344,0.002768397331237793,True
23,2349,1784808003.863771,8,0.02106499671936035,0.002633124589920044,True
23,2350,1784808003.8851585,8,0.021407604217529297,0.002675950527191162,True
23,2351,1784808003.9070165,8,0.020203113555908203,0.0025253891944885254,True
23,2352,1784808003.927493,8,0.02129340171813965,0.002661675214767456,True
23,2353,1784808003.949352,8,0.019975662231445312,0.002496957778930664,True
23,2354,1784808003.9698272,8,0.020111560821533203,0.0025139451026916504,True
23,2355,1784808003.9907098,8,0.01978445053100586,0.0024730563163757324,True
23,2356,1784808004.0110023,8,0.020368099212646484,0.0025460124015808105,True
23,2357,1784808004.0318184,8,0.020134687423706055,0.002516835927963257,True
23,2358,1784808004.0525713,8,0.020149946212768555,0.0025187432765960693,True
23,2359,1784808004.0731282,8,0.020864248275756836,0.0026080310344696045,True
23,2360,1784808004.094364,8,0.021409988403320312,0.002676248550415039,True
23,2361,1784808004.1161716,8,0.018994808197021484,0.0023743510246276855,True
23,2362,1784808004.1356099,8,0.01968860626220703,0.002461075782775879,True
23,2363,1784808004.1558814,8,0.018773317337036133,0.0023466646671295166,True
23,2364,1784808004.174887,8,0.0205380916595459,0.0025672614574432373,True
23,2365,1784808004.195732,8,0.02028369903564453,0.0025354623794555664,True
23,2366,1784808004.216319,8,0.02035212516784668,0.002544015645980835,True
23,2367,1784808004.2370203,8,0.020813465118408203,0.0026016831398010254,True
23,2368,1784808004.2581902,8,0.018138647079467773,0.0022673308849334717,True
23,2369,1784808004.2769263,8,0.020465612411499023,0.002558201551437378,True
23,2370,1784808004.297772,8,0.019800901412963867,0.0024751126766204834,True
23,2371,1784808004.3179572,8,0.020624160766601562,0.0025780200958251953,True
23,2372,1784808004.3390114,8,0.020235776901245117,0.0025294721126556396,True
23,2373,1784808004.3596516,8,0.018924236297607422,0.0023655295372009277,True
23,2374,1784808004.3788168,8,0.022459745407104492,0.0028074681758880615,True
23,2375,1784808004.4015834,8,0.01999354362487793,0.002499192953109741,True
23,2376,1784808004.4221592,8,0.02235269546508789,0.0027940869331359863,True
23,2377,1784808004.44511,8,0.02027297019958496,0.00253412127494812,True
23,2378,1784808004.465872,8,0.023358821868896484,0.0029198527336120605,True
23,2379,1784808004.4896972,8,0.01979851722717285,0.0024748146533966064,True
23,2380,1784808004.5098364,8,0.020159244537353516,0.0025199055671691895,True
23,2381,1784808004.5304537,8,0.020283937454223633,0.002535492181777954,True
23,2382,1784808004.5512064,8,0.018535614013671875,0.0023169517517089844,True
23,2383,1784808004.5700176,8,0.021157503128051758,0.0026446878910064697,True
23,2384,1784808004.591492,8,0.02084493637084961,0.002605617046356201,True
23,2385,1784808004.6126814,8,0.02196955680847168,0.00274619460105896,True
23,2386,1784808004.6350186,8,0.021097183227539062,0.002637147903442383,True
23,2387,1784808004.6564627,8,0.019464969635009766,0.0024331212043762207,True
23,2388,1784808004.678395,8,0.020734310150146484,0.0025917887687683105,True
23,2389,1784808004.6996453,8,0.02099609375,0.00262451171875,True
23,2390,1784808004.7210686,8,0.02035212516784668,0.002544015645980835,True
23,2391,1784808004.7417421,8,0.0202023983001709,0.0025252997875213623,True
23,2392,1784808004.7623286,8,0.021228313446044922,0.0026535391807556152,True
23,2393,1784808004.7840428,8,0.019259214401245117,0.0024074018001556396,True
23,2394,1784808004.8036482,8,0.020209074020385742,0.0025261342525482178,True
23,2395,1784808004.8242419,8,0.020610570907592773,0.0025763213634490967,True
23,2396,1784808004.8452826,8,0.020775318145751953,0.002596914768218994,True
23,2397,1784808004.8674645,8,0.01891160011291504,0.00236395001411438,True
23,2398,1784808004.887232,8,0.020818710327148438,0.0026023387908935547,True
23,2399,1784808004.9084544,8,0.01959061622619629,0.002448827028274536,True
23,2400,1784808004.928398,8,0.019684791564941406,0.0024605989456176758,True
23,2401,1784808004.948488,8,0.02174687385559082,0.0027183592319488525,True
23,2402,1784808004.9705098,8,0.019864559173583984,0.002483069896697998,True
23,2403,1784808004.9907155,8,0.018819570541381836,0.0023524463176727295,True
23,2404,1784808005.0099006,8,0.019705772399902344,0.002463221549987793,True
23,2405,1784808005.029875,8,0.01988506317138672,0.00248563289642334,True
23,2406,1784808005.0501196,8,0.020485877990722656,0.002560734748840332,True
23,2407,1784808005.0709949,8,0.019884586334228516,0.0024855732917785645,True
23,2408,1784808005.0912268,8,0.020265817642211914,0.0025332272052764893,True
23,2409,1784808005.1118774,8,0.01885843276977539,0.002357304096221924,True
23,2410,1784808005.1313028,8,0.020468473434448242,0.0025585591793060303,True
23,2411,1784808005.152102,8,0.020967721939086914,0.0026209652423858643,True
23,2412,1784808005.1734734,8,0.021565675735473633,0.002695709466934204,True
23,2413,1784808005.1955216,8,0.018435955047607422,0.0023044943809509277,True
23,2414,1784808005.2147932,8,0.01861286163330078,0.0023266077041625977,True
23,2415,1784808005.233834,8,0.020710468292236328,0.002588808536529541,True
23,2416,1784808005.2549984,8,0.021012306213378906,0.0026265382766723633,True
23,2417,1784808005.2762866,8,0.019863605499267578,0.0024829506874084473,True
23,2418,1784808005.2965493,8,0.019252777099609375,0.002406597137451172,True
23,2419,1784808005.3162155,8,0.019966840744018555,0.0024958550930023193,True
23,2420,1784808005.3369749,8,0.019888877868652344,0.002486109733581543,True
23,2421,1784808005.3577769,8,0.01989126205444336,0.00248640775680542,True
23,2422,1784808005.3781493,8,0.020817279815673828,0.0026021599769592285,True
23,2423,1784808005.3995497,8,0.021615028381347656,0.002701878547668457,True
23,2424,1784808005.4216168,8,0.018428802490234375,0.002303600311279297,True
23,2425,1784808005.4406412,8,0.019224166870117188,0.0024030208587646484,True
23,2426,1784808005.4603915,8,0.019734859466552734,0.002466857433319092,True
23,2427,1784808005.480534,8,0.020625829696655273,0.002578228712081909,True
23,2428,1784808005.5014973,8,0.018078088760375977,0.002259761095046997,True
23,2429,1784808005.5199783,8,0.01976490020751953,0.0024706125259399414,True
23,2430,1784808005.5402071,8,0.02029728889465332,0.002537161111831665,True
23,2431,1784808005.5607753,8,0.022073745727539062,0.002759218215942383,True
23,2432,1784808005.5832283,8,0.01854848861694336,0.00231856107711792,True
23,2433,1784808005.602054,8,0.02014756202697754,0.0025184452533721924,True
23,2434,1784808005.6225374,8,0.02155160903930664,0.00269395112991333,True
23,2435,1784808005.6446285,8,0.021020889282226562,0.0026276111602783203,True
23,2436,1784808005.6660519,8,0.019049882888793945,0.002381235361099243,True
23,2437,1784808005.685447,8,0.01951766014099121,0.0024397075176239014,True
23,2438,1784808005.7052717,8,0.01931166648864746,0.0024139583110809326,True
23,2439,1784808005.7248945,8,0.02049994468688965,0.002562493085861206,True
23,2440,1784808005.7458222,8,0.01859450340270996,0.002324312925338745,True
23,2441,1784808005.764863,8,0.01963520050048828,0.002454400062561035,True
23,2442,1784808005.7848482,8,0.02171039581298828,0.002713799476623535,True
23,2443,1784808005.806869,8,0.022126197814941406,0.0027657747268676758,True
23,2444,1784808005.8295162,8,0.01977062225341797,0.002471327781677246,True
23,2445,1784808005.849746,8,0.018251419067382812,0.0022814273834228516,True
23,2446,1784808005.8684008,8,0.019774913787841797,0.0024718642234802246,True
23,2447,1784808005.8887072,8,0.019387483596801758,0.0024234354496002197,True
23,2448,1784808005.908643,8,0.019962072372436523,0.0024952590465545654,True
23,2449,1784808005.9291716,8,0.020105838775634766,0.0025132298469543457,True
23,2450,1784808005.9498463,8,0.023166418075561523,0.0028958022594451904,True
23,2451,1784808005.9736793,8,0.020417451858520508,0.0025521814823150635,True
23,2452,1784808005.9946282,8,0.0177767276763916,0.00222209095954895,True
23,2453,1784808006.0127804,8,0.0191802978515625,0.0023975372314453125,True
23,2454,1784808006.0322807,8,0.020040035247802734,0.002505004405975342,True
23,2455,1784808006.0529275,8,0.018893957138061523,0.0023617446422576904,True
23,2456,1784808006.072173,8,0.024277925491333008,0.003034740686416626,True
23,2457,1784808006.0968816,8,0.017292499542236328,0.002161562442779541,True
23,2458,1784808006.1144195,8,0.02019667625427246,0.0025245845317840576,True
23,2459,1784808006.1349716,8,0.021747589111328125,0.0027184486389160156,True
23,2460,1784808006.1570857,8,0.02037835121154785,0.0025472939014434814,True
23,2461,1784808006.17776,8,0.02022838592529297,0.002528548240661621,True
23,2462,1784808006.1983864,8,0.02111673355102539,0.002639591693878174,True
23,2463,1784808006.219899,8,0.01880025863647461,0.002350032329559326,True
23,2464,1784808006.2389731,8,0.01985311508178711,0.0024816393852233887,True
23,2465,1784808006.2593417,8,0.02015542984008789,0.0025194287300109863,True
23,2466,1784808006.2801936,8,0.019255876541137695,0.002406984567642212,True
23,2467,1784808006.2997973,8,0.021597862243652344,0.002699732780456543,True
23,2468,1784808006.321823,8,0.018457412719726562,0.0023071765899658203,True
23,2469,1784808006.3406434,8,0.01913166046142578,0.0023914575576782227,True
23,2470,1784808006.3602421,8,0.019477128982543945,0.002434641122817993,True
23,2471,1784808006.3807878,8,0.02113056182861328,0.00264132022857666,True
23,2472,1784808006.4027863,8,0.019751787185668945,0.002468973398208618,True
23,2473,1784808006.4230692,8,0.02067112922668457,0.0025838911533355713,True
23,2474,1784808006.4440982,8,0.019356489181518555,0.0024195611476898193,True
23,2475,1784808006.4639118,8,0.02146315574645996,0.002682894468307495,True
23,2476,1784808006.4858992,8,0.018339872360229492,0.0022924840450286865,True
23,2477,1784808006.5045857,8,0.02295064926147461,0.002868831157684326,True
23,2478,1784808006.5278394,8,0.020644187927246094,0.0025805234909057617,True
23,2479,1784808006.548835,8,0.019103527069091797,0.0023879408836364746,True
23,2480,1784808006.5683894,8,0.019443511962890625,0.002430438995361328,True
23,2481,1784808006.5881462,8,0.019857168197631836,0.0024821460247039795,True
23,2482,1784808006.608508,8,0.020155906677246094,0.0025194883346557617,True
23,2483,1784808006.629067,8,0.019445419311523438,0.0024306774139404297,True
23,2484,1784808006.64904,8,0.020796775817871094,0.0025995969772338867,True
23,2485,1784808006.6701913,8,0.02069234848022461,0.002586543560028076,True
23,2486,1784808006.6913106,8,0.0207979679107666,0.002599745988845825,True
23,2487,1784808006.7125628,8,0.019556283950805664,0.002444535493850708,True
23,2488,1784808006.732468,8,0.019895076751708984,0.002486884593963623,True
23,2489,1784808006.7530646,8,0.020032882690429688,0.002504110336303711,True
23,2490,1784808006.7734702,8,0.019089460372924805,0.0023861825466156006,True
23,2491,1784808006.79292,8,0.019089698791503906,0.0023862123489379883,True
23,2492,1784808006.8123229,8,0.0196382999420166,0.002454787492752075,True
23,2493,1784808006.8322587,8,0.01948714256286621,0.0024358928203582764,True
23,2494,1784808006.8521378,8,0.01967906951904297,0.002459883689880371,True
23,2495,1784808006.8722196,8,0.01885056495666504,0.00235632061958313,True
23,2496,1784808006.8913805,8,0.020994901657104492,0.0026243627071380615,True
23,2497,1784808006.9127157,8,0.019853830337524414,0.0024817287921905518,True
23,2498,1784808006.9328463,8,0.01895451545715332,0.002369314432144165,True
23,2499,1784808006.9522943,8,0.020595788955688477,0.0025744736194610596,True
23,2500,1784808006.9734108,8,0.018802165985107422,0.0023502707481384277,True
23,2501,1784808006.9933226,8,0.019656658172607422,0.0024570822715759277,True
23,2502,1784808007.013819,8,0.022575855255126953,0.002821981906890869,True
23,2503,1784808007.0371883,8,0.019204378128051758,0.0024005472660064697,True
23,2504,1784808007.05718,8,0.020366430282592773,0.0025458037853240967,True
23,2505,1784808007.0782669,8,0.021234512329101562,0.0026543140411376953,True
23,2506,1784808007.1000834,8,0.01990222930908203,0.002487778663635254,True
23,2507,1784808007.120407,8,0.021881818771362305,0.002735227346420288,True
23,2508,1784808007.1426828,8,0.019026756286621094,0.0023783445358276367,True
23,2509,1784808007.1620498,8,0.019197463989257812,0.0023996829986572266,True
23,2510,1784808007.181586,8,0.01863551139831543,0.0023294389247894287,True
23,2511,1784808007.2005305,8,0.022218942642211914,0.0027773678302764893,True
23,2512,1784808007.223124,8,0.01972508430480957,0.0024656355381011963,True
23,2513,1784808007.2432225,8,0.019983530044555664,0.002497941255569458,True
23,2514,1784808007.263481,8,0.02224135398864746,0.0027801692485809326,True
23,2515,1784808007.286081,8,0.0186002254486084,0.00232502818107605,True
23,2516,1784808007.305037,8,0.01847052574157715,0.0023088157176971436,True
23,2517,1784808007.323808,8,0.02095174789428711,0.0026189684867858887,True
23,2518,1784808007.3451407,8,0.020633459091186523,0.0025791823863983154,True
23,2519,1784808007.3661792,8,0.02042531967163086,0.0025531649589538574,True
23,2520,1784808007.3871622,8,0.020779848098754883,0.0025974810123443604,True
23,2521,1784808007.408306,8,0.01994800567626953,0.0024935007095336914,True
23,2522,1784808007.4285114,8,0.018978118896484375,0.002372264862060547,True
23,2523,1784808007.447844,8,0.019269943237304688,0.002408742904663086,True
23,2524,1784808007.467502,8,0.018086671829223633,0.002260833978652954,True
23,2525,1784808007.4859288,8,0.01970696449279785,0.0024633705615997314,True
23,2526,1784808007.505899,8,0.019351959228515625,0.002418994903564453,True
23,2527,1784808007.5256348,8,0.020405054092407227,0.0025506317615509033,True
23,2528,1784808007.546397,8,0.01932239532470703,0.002415299415588379,True
23,2529,1784808007.5661523,8,0.020572900772094727,0.002571612596511841,True
23,2530,1784808007.5870469,8,0.01962900161743164,0.002453625202178955,True
23,2531,1784808007.6070874,8,0.019504785537719727,0.002438098192214966,True
23,2532,1784808007.6278753,8,0.020826339721679688,0.002603292465209961,True
23,2533,1784808007.6493962,8,0.020999670028686523,0.0026249587535858154,True
23,2534,1784808007.6708121,8,0.02063751220703125,0.0025796890258789062,True
23,2535,1784808007.6922169,8,0.019791841506958008,0.002473980188369751,True
23,2536,1784808007.7124472,8,0.0213470458984375,0.0026683807373046875,True
23,2537,1784808007.7344503,8,0.020781755447387695,0.002597719430923462,True
23,2538,1784808007.7555308,8,0.021587133407592773,0.0026983916759490967,True
23,2539,1784808007.7773778,8,0.019070148468017578,0.0023837685585021973,True
23,2540,1784808007.7967417,8,0.021654129028320312,0.002706766128540039,True
23,2541,1784808007.8187559,8,0.019674301147460938,0.002459287643432617,True
23,2542,1784808007.838875,8,0.021098613739013672,0.002637326717376709,True
23,2543,1784808007.8604112,8,0.0183565616607666,0.002294570207595825,True
23,2544,1784808007.8794413,8,0.022096633911132812,0.0027620792388916016,True
23,2545,1784808007.9020145,8,0.01981377601623535,0.002476722002029419,True
23,2546,1784808007.922319,8,0.018941879272460938,0.002367734909057617,True
23,2547,1784808007.941706,8,0.01895427703857422,0.0023692846298217773,True
23,2548,1784808007.9610443,8,0.019164323806762695,0.002395540475845337,True
23,2549,1784808007.9806225,8,0.020541906356811523,0.0025677382946014404,True
23,2550,1784808008.0021956,8,0.019603252410888672,0.002450406551361084,True
23,2551,1784808008.022089,8,0.019828319549560547,0.0024785399436950684,True
23,2552,1784808008.042345,8,0.01974010467529297,0.002467513084411621,True
23,2553,1784808008.0624669,8,0.01973700523376465,0.002467125654220581,True
23,2554,1784808008.0826442,8,0.01917266845703125,0.0023965835571289062,True
23,2555,1784808008.1021788,8,0.019353389739990234,0.0024191737174987793,True
23,2556,1784808008.122046,8,0.019335031509399414,0.0024168789386749268,True
23,2557,1784808008.1417437,8,0.020298480987548828,0.0025373101234436035,True
23,2558,1784808008.1625419,8,0.018920183181762695,0.002365022897720337,True
23,2559,1784808008.181714,8,0.021500110626220703,0.002687513828277588,True
23,2560,1784808008.203557,8,0.020367860794067383,0.002545982599258423,True
23,2561,1784808008.2242043,8,0.01879429817199707,0.002349287271499634,True
23,2562,1784808008.2433324,8,0.01970958709716797,0.002463698387145996,True
23,2563,1784808008.263515,8,0.019190311431884766,0.0023987889289855957,True
23,2564,1784808008.2831495,8,0.020767688751220703,0.002595961093902588,True
23,2565,1784808008.3043275,8,0.0183413028717041,0.0022926628589630127,True
23,2566,1784808008.323118,8,0.019518613815307617,0.002439826726913452,True
23,2567,1784808008.3429892,8,0.02030181884765625,0.0025377273559570312,True
23,2568,1784808008.3638122,8,0.021462440490722656,0.002682805061340332,True
23,2569,1784808008.3855793,8,0.019913911819458008,0.002489238977432251,True
23,2570,1784808008.4058857,8,0.018827438354492188,0.0023534297943115234,True
23,2571,1784808008.4252985,8,0.02016282081604004,0.002520352602005005,True
23,2572,1784808008.4460056,8,0.02123570442199707,0.002654463052749634,True
23,2573,1784808008.4685602,8,0.020409107208251953,0.002551138401031494,True
23,2574,1784808008.490412,8,0.019809484481811523,0.0024761855602264404,True
23,2575,1784808008.5106578,8,0.019243478775024414,0.0024054348468780518,True
23,2576,1784808008.5302937,8,0.018620729446411133,0.0023275911808013916,True
23,2577,1784808008.549431,8,0.020175457000732422,0.0025219321250915527,True
23,2578,1784808008.5699666,8,0.019389629364013672,0.002423703670501709,True
23,2579,1784808008.5897248,8,0.01921534538269043,0.0024019181728363037,True
23,2580,1784808008.6093693,8,0.021172761917114258,0.0026465952396392822,True
23,2581,1784808008.6308637,8,0.020846843719482422,0.0026058554649353027,True
23,2582,1784808008.6525664,8,0.019688844680786133,0.0024611055850982666,True
23,2583,1784808008.6733296,8,0.022023916244506836,0.0027529895305633545,True
23,2584,1784808008.6957357,8,0.019391536712646484,0.0024239420890808105,True
23,2585,1784808008.715387,8,0.019520282745361328,0.002440035343170166,True
23,2586,1784808008.7352512,8,0.020706892013549805,0.0025883615016937256,True
23,2587,1784808008.7563543,8,0.020160675048828125,0.0025200843811035156,True
23,2588,1784808008.776861,8,0.019693374633789062,0.002461671829223633,True
23,2589,1784808008.7970996,8,0.020353317260742188,0.0025441646575927734,True
23,2590,1784808008.8179572,8,0.019830942153930664,0.002478867769241333,True
23,2591,1784808008.8381178,8,0.017549991607666016,0.002193748950958252,True
23,2592,1784808008.8560522,8,0.01955699920654297,0.002444624900817871,True
23,2593,1784808008.876039,8,0.019493579864501953,0.002436697483062744,True
23,2594,1784808008.895786,8,0.021527767181396484,0.0026909708976745605,True
23,2595,1784808008.917664,8,0.01972174644470215,0.0024652183055877686,True
23,2596,1784808008.938327,8,0.01941204071044922,0.0024265050888061523,True
23,2597,1784808008.9583855,8,0.01892685890197754,0.0023658573627471924,True
23,2598,1784808008.9776716,8,0.01976156234741211,0.0024701952934265137,True
23,2599,1784808008.997935,8,0.019353389739990234,0.0024191737174987793,True
23,2600,1784808009.0176058,8,0.01903367042541504,0.00237920880317688,True
23,2601,1784808009.0370536,8,0.019143342971801758,0.0023929178714752197,True
23,2602,1784808009.056485,8,0.018664121627807617,0.002333015203475952,True
23,2603,1784808009.0755334,8,0.01895618438720703,0.002369523048400879,True
23,2604,1784808009.094821,8,0.01966261863708496,0.00245782732963562,True
23,2605,1784808009.114856,8,0.019770145416259766,0.0024712681770324707,True
23,2606,1784808009.1350768,8,0.0190274715423584,0.0023784339427948,True
23,2607,1784808009.154463,8,0.020981311798095703,0.002622663974761963,True
23,2608,1784808009.1760635,8,0.021403789520263672,0.002675473690032959,True
23,2609,1784808009.1979628,8,0.018427610397338867,0.0023034512996673584,True
23,2610,1784808009.216802,8,0.02043461799621582,0.0025543272495269775,True
23,2611,1784808009.2374766,8,0.019264936447143555,0.0024081170558929443,True
23,2612,1784808009.257003,8,0.020413637161254883,0.0025517046451568604,True
23,2613,1784808009.2777276,8,0.0203549861907959,0.0025443732738494873,True
23,2614,1784808009.298466,8,0.02049994468688965,0.002562493085861206,True
23,2615,1784808009.3194296,8,0.020083904266357422,0.0025104880332946777,True
23,2616,1784808009.3401227,8,0.02028346061706543,0.0025354325771331787,True
23,2617,1784808009.3607974,8,0.019885778427124023,0.002485722303390503,True
23,2618,1784808009.380966,8,0.019228696823120117,0.0024035871028900146,True
23,2619,1784808009.4004922,8,0.01955890655517578,0.0024448633193969727,True
23,2620,1784808009.4203625,8,0.02047872543334961,0.002559840679168701,True
23,2621,1784808009.4413266,8,0.019399642944335938,0.002424955368041992,True
23,2622,1784808009.4610739,8,0.019428253173828125,0.0024285316467285156,True
23,2623,1784808009.4808168,8,0.02138805389404297,0.002673506736755371,True
23,2624,1784808009.50246,8,0.019164562225341797,0.0023955702781677246,True
23,2625,1784808009.5219958,8,0.022312641143798828,0.0027890801429748535,True
23,2626,1784808009.544717,8,0.019394397735595703,0.002424299716949463,True
23,2627,1784808009.5643907,8,0.020618438720703125,0.0025773048400878906,True
23,2628,1784808009.5854418,8,0.01966404914855957,0.0024580061435699463,True
23,2629,1784808009.605466,8,0.02347278594970703,0.002934098243713379,True
23,2630,1784808009.6292453,8,0.01825714111328125,0.0022821426391601562,True
23,2631,1784808009.6487596,8,0.02062511444091797,0.002578139305114746,True
23,2632,1784808009.669889,8,0.020195484161376953,0.002524435520172119,True
23,2633,1784808009.690359,8,0.019932270050048828,0.0024915337562561035,True
23,2634,1784808009.710618,8,0.019766569137573242,0.0024708211421966553,True
23,2635,1784808009.730654,8,0.01912403106689453,0.0023905038833618164,True
23,2636,1784808009.7501457,8,0.020398855209350586,0.0025498569011688232,True
23,2637,1784808009.7709205,8,0.019119977951049805,0.0023899972438812256,True
23,2638,1784808009.7903564,8,0.020500898361206055,0.002562612295150757,True
23,2639,1784808009.811167,8,0.01967930793762207,0.002459913492202759,True
23,2640,1784808009.8317032,8,0.01995682716369629,0.002494603395462036,True
23,2641,1784808009.852247,8,0.01998305320739746,0.0024978816509246826,True
23,2642,1784808009.872755,8,0.020682811737060547,0.0025853514671325684,True
23,2643,1784808009.8939466,8,0.020944833755493164,0.0026181042194366455,True
23,2644,1784808009.915505,8,0.0193026065826416,0.0024128258228302,True
23,2645,1784808009.9352264,8,0.021848201751708984,0.002731025218963623,True
23,2646,1784808009.957482,8,0.019861698150634766,0.0024827122688293457,True
23,2647,1784808009.9777498,8,0.019893169403076172,0.0024866461753845215,True
23,2648,1784808009.9982822,8,0.019449949264526367,0.002431243658065796,True
23,2649,1784808010.0180619,8,0.019420385360717773,0.0024275481700897217,True
23,2650,1784808010.038061,8,0.020650148391723633,0.002581268548965454,True
23,2651,1784808010.0591865,8,0.018929719924926758,0.0023662149906158447,True
23,2652,1784808010.0784347,8,0.022832155227661133,0.0028540194034576416,True
23,2653,1784808010.1016247,8,0.018359899520874023,0.002294987440109253,True
23,2654,1784808010.1203783,8,0.01968860626220703,0.002461075782775879,True
23,2655,1784808010.140821,8,0.020714759826660156,0.0025893449783325195,True
23,2656,1784808010.1619496,8,0.022191762924194336,0.002773970365524292,True
23,2657,1784808010.1844676,8,0.01984405517578125,0.0024805068969726562,True
23,2658,1784808010.2046604,8,0.020771026611328125,0.0025963783264160156,True
23,2659,1784808010.2257402,8,0.018787860870361328,0.002348482608795166,True
23,2660,1784808010.244823,8,0.020691633224487305,0.002586454153060913,True
23,2661,1784808010.2659686,8,0.0191037654876709,0.0023879706859588623,True
23,2662,1784808010.285363,8,0.020387649536132812,0.0025484561920166016,True
23,2663,1784808010.3061216,8,0.019566774368286133,0.0024458467960357666,True
23,2664,1784808010.3260453,8,0.020136594772338867,0.0025170743465423584,True
23,2665,1784808010.3465486,8,0.02021932601928711,0.0025274157524108887,True
23,2666,1784808010.3671443,8,0.019567489624023438,0.0024459362030029297,True
23,2667,1784808010.3875997,8,0.019292831420898438,0.0024116039276123047,True
23,2668,1784808010.4073336,8,0.01872539520263672,0.00234067440032959,True
23,2669,1784808010.4263659,8,0.020122766494750977,0.002515345811843872,True
23,2670,1784808010.4469478,8,0.02035379409790039,0.002544224262237549,True
23,2671,1784808010.4676692,8,0.019795656204223633,0.002474457025527954,True
23,2672,1784808010.4879367,8,0.01990365982055664,0.00248795747756958,True
23,2673,1784808010.508139,8,0.020113468170166016,0.002514183521270752,True
23,2674,1784808010.5286555,8,0.019973039627075195,0.0024966299533843994,True
23,2675,1784808010.5495362,8,0.020721435546875,0.002590179443359375,True
23,2676,1784808010.5715818,8,0.021675586700439453,0.0027094483375549316,True
23,2677,1784808010.5936882,8,0.02167534828186035,0.002709418535232544,True
23,2678,1784808010.6160448,8,0.019807100296020508,0.0024758875370025635,True
23,2679,1784808010.6378567,8,0.025867223739624023,0.003233402967453003,True
23,2680,1784808010.6641428,8,0.016693592071533203,0.0020866990089416504,True
23,2681,1784808010.6811767,8,0.01837944984436035,0.002297431230545044,True
23,2682,1784808010.699873,8,0.020090818405151367,0.002511352300643921,True
23,2683,1784808010.7203066,8,0.017926692962646484,0.0022408366203308105,True
23,2684,1784808010.738732,8,0.020380258560180664,0.002547532320022583,True
23,2685,1784808010.7595134,8,0.01942300796508789,0.0024278759956359863,True
23,2686,1784808010.7793472,8,0.019558429718017578,0.0024448037147521973,True
23,2687,1784808010.7993705,8,0.019594907760620117,0.0024493634700775146,True
23,2688,1784808010.819382,8,0.01821422576904297,0.002276778221130371,True
23,2689,1784808010.837947,8,0.019436359405517578,0.0024295449256896973,True
23,2690,1784808010.8583605,8,0.021277666091918945,0.002659708261489868,True
23,2691,1784808010.880161,8,0.018903493881225586,0.0023629367351531982,True
23,2692,1784808010.900207,8,0.019960403442382812,0.0024950504302978516,True
23,2693,1784808010.9208164,8,0.02097773551940918,0.0026222169399261475,True
23,2694,1784808010.9422193,8,0.022052526473999023,0.002756565809249878,True
23,2695,1784808010.9646664,8,0.02213263511657715,0.0027665793895721436,True
23,2696,1784808010.9874146,8,0.019814014434814453,0.0024767518043518066,True
23,2697,1784808011.0075953,8,0.020718812942504883,0.0025898516178131104,True
23,2698,1784808011.0286832,8,0.0199129581451416,0.0024891197681427,True
23,2699,1784808011.0495508,8,0.01996302604675293,0.002495378255844116,True
23,2700,1784808011.0700414,8,0.01985335350036621,0.0024816691875457764,True
23,2701,1784808011.0903497,8,0.020102262496948242,0.0025127828121185303,True
23,2702,1784808011.11113,8,0.021146535873413086,0.0026433169841766357,True
23,2703,1784808011.1326349,8,0.020338773727416992,0.002542346715927124,True
23,2704,1784808011.1533365,8,0.019585847854614258,0.0024482309818267822,True
23,2705,1784808011.173404,8,0.020224809646606445,0.0025281012058258057,True
23,2706,1784808011.1941779,8,0.02429962158203125,0.0030374526977539062,True
23,2707,1784808011.2187994,8,0.01864933967590332,0.002331167459487915,True
23,2708,1784808011.238262,8,0.02025628089904785,0.0025320351123809814,True
23,2709,1784808011.2593555,8,0.021542072296142578,0.0026927590370178223,True
23,2710,1784808011.281262,8,0.02141857147216797,0.002677321434020996,True
23,2711,1784808011.3031964,8,0.018672466278076172,0.0023340582847595215,True
23,2712,1784808011.3223126,8,0.02086472511291504,0.00260809063911438,True
23,2713,1784808011.3435779,8,0.019290447235107422,0.0024113059043884277,True
23,2714,1784808011.3640773,8,0.020294666290283203,0.0025368332862854004,True
23,2715,1784808011.3846645,8,0.019440174102783203,0.0024300217628479004,True
23,2716,1784808011.40446,8,0.018469810485839844,0.0023087263107299805,True
23,2717,1784808011.4232724,8,0.018853187561035156,0.0023566484451293945,True
23,2718,1784808011.4424772,8,0.020383358001708984,0.002547919750213623,True
23,2719,1784808011.4633324,8,0.019571542739868164,0.0024464428424835205,True
23,2720,1784808011.483237,8,0.019028902053833008,0.002378612756729126,True
23,2721,1784808011.5026207,8,0.020853519439697266,0.002606689929962158,True
23,2722,1784808011.5246458,8,0.01987147331237793,0.002483934164047241,True
23,2723,1784808011.544794,8,0.02170109748840332,0.002712637186050415,True
23,2724,1784808011.5673203,8,0.01981949806213379,0.0024774372577667236,True
23,2725,1784808011.5879233,8,0.020789623260498047,0.002598702907562256,True
23,2726,1784808011.6092794,8,0.019870519638061523,0.0024838149547576904,True
23,2727,1784808011.629526,8,0.02078557014465332,0.002598196268081665,True
23,2728,1784808011.6507332,8,0.02035808563232422,0.0025447607040405273,True
23,2729,1784808011.671475,8,0.02009296417236328,0.00251162052154541,True
23,2730,1784808011.6919203,8,0.0195159912109375,0.0024394989013671875,True
23,2731,1784808011.7118423,8,0.020440340042114258,0.0025550425052642822,True
23,2732,1784808011.7329752,8,0.019175052642822266,0.002396881580352783,True
23,2733,1784808011.75262,8,0.019464969635009766,0.0024331212043762207,True
23,2734,1784808011.7727935,8,0.019912004470825195,0.0024890005588531494,True
23,2735,1784808011.793135,8,0.025755882263183594,0.0032194852828979492,True
23,2736,1784808011.8216395,8,0.017992734909057617,0.002249091863632202,True
23,2737,1784808011.8402734,8,0.019516944885253906,0.0024396181106567383,True
23,2738,1784808011.8612971,8,0.0211184024810791,0.0026398003101348877,True
23,2739,1784808011.8839755,8,0.020543336868286133,0.0025679171085357666,True
23,2740,1784808011.9052525,8,0.020133495330810547,0.0025166869163513184,True
23,2741,1784808011.9263873,8,0.02013707160949707,0.002517133951187134,True
23,2742,1784808011.9468405,8,0.02125239372253418,0.0026565492153167725,True
23,2743,1784808011.9684677,8,0.01937389373779297,0.002421736717224121,True
23,2744,1784808011.9883034,8,0.019795894622802734,0.002474486827850342,True
23,2745,1784808012.0085435,8,0.021260738372802734,0.002657592296600342,True
23,2746,1784808012.0302339,8,0.020119667053222656,0.002514958381652832,True
23,2747,1784808012.0509138,8,0.018826007843017578,0.0023532509803771973,True
23,2748,1784808012.0700862,8,0.020039796829223633,0.002504974603652954,True
23,2749,1784808012.0905294,8,0.01970386505126953,0.0024629831314086914,True
23,2750,1784808012.110955,8,0.01961660385131836,0.002452075481414795,True
23,2751,1784808012.1314054,8,0.021927595138549805,0.0027409493923187256,True
23,2752,1784808012.1540852,8,0.019764184951782227,0.0024705231189727783,True
23,2753,1784808012.17422,8,0.02109503746032715,0.0026368796825408936,True
23,2754,1784808012.1956553,8,0.01965022087097168,0.00245627760887146,True
23,2755,1784808012.2156594,8,0.020557403564453125,0.0025696754455566406,True
23,2756,1784808012.2372513,8,0.01804661750793457,0.0022558271884918213,True
23,2757,1784808012.2557921,8,0.020304203033447266,0.002538025379180908,True
23,2758,1784808012.2765033,8,0.020212888717651367,0.002526611089706421,True
23,2759,1784808012.2971456,8,0.020021915435791016,0.002502739429473877,True
23,2760,1784808012.3175159,8,0.02065253257751465,0.002581566572189331,True
23,2761,1784808012.3388927,8,0.019696712493896484,0.0024620890617370605,True
23,2762,1784808012.3588603,8,0.022770404815673828,0.0028463006019592285,True
23,2763,1784808012.3823388,8,0.019170045852661133,0.0023962557315826416,True
23,2764,1784808012.4018397,8,0.02141284942626953,0.0026766061782836914,True
23,2765,1784808012.424104,8,0.018802642822265625,0.002350330352783203,True
23,2766,1784808012.4432294,8,0.021113157272338867,0.0026391446590423584,True
23,2767,1784808012.4650927,8,0.020013093948364258,0.0025016367435455322,True
23,2768,1784808012.4857657,8,0.019794225692749023,0.002474278211593628,True
23,2769,1784808012.505931,8,0.0205078125,0.0025634765625,True
23,2770,1784808012.5270646,8,0.021020889282226562,0.0026276111602783203,True
23,2771,1784808012.5489054,8,0.02099609375,0.00262451171875,True
23,2772,1784808012.570335,8,0.019892454147338867,0.0024865567684173584,True
23,2773,1784808012.5906446,8,0.021354198455810547,0.0026692748069763184,True
23,2774,1784808012.6124318,8,0.020812034606933594,0.0026015043258666992,True
23,2775,1784808012.6337807,8,0.021549224853515625,0.002693653106689453,True
23,2776,1784808012.6558146,8,0.02056097984313965,0.002570122480392456,True
23,2777,1784808012.6767411,8,0.022899389266967773,0.0028624236583709717,True
23,2778,1784808012.699924,8,0.019517183303833008,0.002439647912979126,True
23,2779,1784808012.7202318,8,0.020992279052734375,0.002624034881591797,True
23,2780,1784808012.741546,8,0.020192623138427734,0.002524077892303467,True
23,2781,1784808012.7626638,8,0.02017045021057129,0.002521306276321411,True
23,2782,1784808012.78338,8,0.021595001220703125,0.0026993751525878906,True
23,2783,1784808012.8055897,8,0.018838882446289062,0.002354860305786133,True
23,2784,1784808012.8248327,8,0.021419286727905273,0.002677410840988159,True
23,2785,1784808012.8466322,8,0.01982259750366211,0.0024778246879577637,True
23,2786,1784808012.8669934,8,0.022435665130615234,0.0028044581413269043,True
23,2787,1784808012.889993,8,0.019870281219482422,0.0024837851524353027,True
23,2788,1784808012.9106812,8,0.020739316940307617,0.002592414617538452,True
23,2789,1784808012.9318476,8,0.02411818504333496,0.00301477313041687,True
23,2790,1784808012.957214,8,0.019850492477416992,0.002481311559677124,True
23,2791,1784808012.9782336,8,0.020046710968017578,0.0025058388710021973,True
23,2792,1784808012.9987273,8,0.02042531967163086,0.0025531649589538574,True
23,2793,1784808013.0196102,8,0.02040243148803711,0.0025503039360046387,True
23,2794,1784808013.0403874,8,0.018839120864868164,0.0023548901081085205,True
23,2795,1784808013.059602,8,0.019713640213012695,0.002464205026626587,True
23,2796,1784808013.0798795,8,0.020427227020263672,0.002553403377532959,True
23,2797,1784808013.1006944,8,0.018848896026611328,0.002356112003326416,True
23,2798,1784808013.120095,8,0.02059197425842285,0.0025739967823028564,True
23,2799,1784808013.1411438,8,0.020923852920532227,0.0026154816150665283,True
23,2800,1784808013.1626813,8,0.019887208938598633,0.002485901117324829,True
23,2801,1784808013.1828659,8,0.021745920181274414,0.0027182400226593018,True
23,2802,1784808013.205141,8,0.0213625431060791,0.0026703178882598877,True
23,2803,1784808013.2274816,8,0.01936054229736328,0.00242006778717041,True
23,2804,1784808013.2471442,8,0.021445035934448242,0.0026806294918060303,True
23,2805,1784808013.2691398,8,0.01980757713317871,0.002475947141647339,True
23,2806,1784808013.2893689,8,0.020331621170043945,0.002541452646255493,True
23,2807,1784808013.3103566,8,0.02041912078857422,0.0025523900985717773,True
23,2808,1784808013.331297,8,0.01918649673461914,0.0023983120918273926,True
23,2809,1784808013.350799,8,0.020568370819091797,0.0025710463523864746,True
23,2810,1784808013.3716877,8,0.021566152572631836,0.0026957690715789795,True
23,2811,1784808013.3937805,8,0.0197601318359375,0.0024700164794921875,True
23,2812,1784808013.4138453,8,0.01999974250793457,0.0024999678134918213,True
23,2813,1784808013.434201,8,0.02070307731628418,0.0025878846645355225,True
23,2814,1784808013.455369,8,0.02050924301147461,0.002563655376434326,True
23,2815,1784808013.476389,8,0.02156972885131836,0.002696216106414795,True
23,2816,1784808013.498252,8,0.019352436065673828,0.0024190545082092285,True
23,2817,1784808013.5178676,8,0.023060083389282227,0.0028825104236602783,True
23,2818,1784808013.5412436,8,0.019865989685058594,0.0024832487106323242,True
23,2819,1784808013.561696,8,0.019352197647094727,0.002419024705886841,True
23,2820,1784808013.5814397,8,0.018728971481323242,0.0023411214351654053,True
23,2821,1784808013.6004455,8,0.02016758918762207,0.002520948648452759,True
23,2822,1784808013.6210077,8,0.01952385902404785,0.0024404823780059814,True
23,2823,1784808013.6408179,8,0.01949024200439453,0.0024362802505493164,True
23,2824,1784808013.6607037,8,0.019690513610839844,0.0024613142013549805,True
23,2825,1784808013.680754,8,0.02037978172302246,0.0025474727153778076,True
23,2826,1784808013.7015178,8,0.020771503448486328,0.002596437931060791,True
23,2827,1784808013.7226312,8,0.0192413330078125,0.0024051666259765625,True
23,2828,1784808013.7422833,8,0.02008223533630371,0.002510279417037964,True
23,2829,1784808013.7629023,8,0.021401643753051758,0.0026752054691314697,True
23,2830,1784808013.7853055,8,0.01998162269592285,0.0024977028369903564,True
23,2831,1784808013.805757,8,0.024136781692504883,0.0030170977115631104,True
23,2832,1784808013.8304396,8,0.018703937530517578,0.0023379921913146973,True
23,2833,1784808013.849574,8,0.019312620162963867,0.0024140775203704834,True
23,2834,1784808013.8693886,8,0.01933431625366211,0.0024167895317077637,True
23,2835,1784808013.889277,8,0.02022385597229004,0.002527981996536255,True
23,2836,1784808013.9098523,8,0.02191329002380371,0.002739161252975464,True
23,2837,1784808013.9321842,8,0.01876091957092285,0.0023451149463653564,True
23,2838,1784808013.9513662,8,0.021103382110595703,0.002637922763824463,True
23,2839,1784808013.9727457,8,0.02190423011779785,0.0027380287647247314,True
23,2840,1784808013.9954379,8,0.019177675247192383,0.002397209405899048,True
23,2841,1784808014.0158675,8,0.018733978271484375,0.002341747283935547,True
23,2842,1784808014.034994,8,0.022501468658447266,0.002812683582305908,True
23,2843,1784808014.0578458,8,0.01932525634765625,0.0024156570434570312,True
23,2844,1784808014.0776393,8,0.01874542236328125,0.0023431777954101562,True
23,2845,1784808014.0968075,8,0.023488998413085938,0.002936124801635742,True
23,2846,1784808014.121708,8,0.016631126403808594,0.0020788908004760742,True
23,2847,1784808014.1387053,8,0.020498275756835938,0.002562284469604492,True
23,2848,1784808014.1596103,8,0.018811702728271484,0.0023514628410339355,True
23,2849,1784808014.1787994,8,0.019406557083129883,0.0024258196353912354,True
23,2850,1784808014.1984692,8,0.02203679084777832,0.00275459885597229,True
23,2851,1784808014.2208138,8,0.02063608169555664,0.00257951021194458,True
23,2852,1784808014.2417982,8,0.02161407470703125,0.0027017593383789062,True
23,2853,1784808014.264079,8,0.016651630401611328,0.002081453800201416,True
23,2854,1784808014.281569,8,0.020421743392944336,0.002552717924118042,True
23,2855,1784808014.302498,8,0.017314434051513672,0.002164304256439209,True
23,2856,1784808014.3201458,8,0.018274545669555664,0.002284318208694458,True
23,2857,1784808014.3391123,8,0.01859140396118164,0.002323925495147705,True
23,2858,1784808014.3581784,8,0.016222476959228516,0.0020278096199035645,True
23,2859,1784808014.3747427,8,0.017856121063232422,0.0022320151329040527,True
23,2860,1784808014.3929532,8,0.015718936920166016,0.001964867115020752,True
23,2861,1784808014.4089997,8,0.016744375228881836,0.0020930469036102295,True
23,2862,1784808014.426017,8,0.014375925064086914,0.0017969906330108643,True
23,2863,1784808014.440743,8,0.014505147933959961,0.0018131434917449951,True
23,2864,1784808014.4555209,8,0.0164487361907959,0.0020560920238494873,True
23,2865,1784808014.4724114,8,0.016081571578979492,0.0020101964473724365,True
23,2866,1784808014.4888728,8,0.013796567916870117,0.0017245709896087646,True
23,2867,1784808014.5033453,8,0.01528310775756836,0.001910388469696045,True
23,2868,1784808014.519098,8,0.014613151550292969,0.001826643943786621,True
23,2869,1784808014.5341477,8,0.015170574188232422,0.0018963217735290527,True
23,2870,1784808014.5497336,8,0.012883901596069336,0.001610487699508667,True
23,2871,1784808014.562953,8,0.014599323272705078,0.0018249154090881348,True
23,2872,1784808014.577898,8,0.014176130294799805,0.0017720162868499756,True
23,2873,1784808014.5924208,8,0.012988805770874023,0.001623600721359253,True
23,2874,1784808014.6057234,8,0.01288294792175293,0.0016103684902191162,True
23,2875,1784808014.6191974,8,0.011370420455932617,0.0014213025569915771,True
23,2876,1784808014.6310005,8,0.013901472091674805,0.0017376840114593506,True
23,2877,1784808014.6452997,8,0.011607170104980469,0.0014508962631225586,True
23,2878,1784808014.6574128,8,0.012231111526489258,0.0015288889408111572,True
23,2879,1784808014.6702626,8,0.011544466018676758,0.0014430582523345947,True
23,2880,1784808014.682175,8,0.010792970657348633,0.001349121332168579,True
23,2881,1784808014.693321,8,0.011306285858154297,0.0014132857322692871,True
23,2882,1784808014.7053928,8,0.011035919189453125,0.0013794898986816406,True
23,2883,1784808014.7169404,8,0.011433124542236328,0.001429140567779541,True
23,2884,1784808014.728972,8,0.012042522430419922,0.0015053153038024902,True
23,2885,1784808014.7415,8,0.010650396347045898,0.0013312995433807373,True
23,2886,1784808014.7525153,8,0.010853052139282227,0.0013566315174102783,True
23,2887,1784808014.7637582,8,0.010895729064941406,0.0013619661331176758,True
23,2888,1784808014.7751532,8,0.007953405380249023,0.000994175672531128,True
23,2889,1784808014.7835119,8,0.010978460311889648,0.001372307538986206,True
23,2890,1784808014.795832,8,0.009470701217651367,0.001183837652206421,True
23,2891,1784808014.8056989,8,0.008308887481689453,0.0010386109352111816,True
23,2892,1784808014.8144162,8,0.010384082794189453,0.0012980103492736816,True
23,2893,1784808014.8256335,8,0.01006317138671875,0.0012578964233398438,True
23,2894,1784808014.8365242,8,0.008280277252197266,0.0010350346565246582,True
23,2895,1784808014.845448,8,0.010146617889404297,0.0012683272361755371,True
23,2896,1784808014.8568733,8,0.008190393447875977,0.001023799180984497,True
23,2897,1784808014.866233,8,0.010330677032470703,0.0012913346290588379,True
23,2898,1784808014.8771431,8,0.008783817291259766,0.0010979771614074707,True
23,2899,1784808014.886473,8,0.008217811584472656,0.001027226448059082,True
23,2900,1784808014.8951352,8,0.007960081100463867,0.0009950101375579834,True
23,2901,1784808014.9034595,8,0.00911855697631836,0.001139819622039795,True
23,2902,1784808014.91369,8,0.006969928741455078,0.0008712410926818848,True
23,2903,1784808014.9216163,8,0.007547616958618164,0.0009434521198272705,True
23,2904,1784808014.9296808,8,0.007918834686279297,0.0009898543357849121,True
23,2905,1784808014.939321,8,0.006929636001586914,0.0008662045001983643,True
23,2906,1784808014.946659,8,0.007750272750854492,0.0009687840938568115,True
23,2907,1784808014.9553185,8,0.006721019744873047,0.0008401274681091309,True
23,2908,1784808014.962359,8,0.008694171905517578,0.0010867714881896973,True
23,2909,1784808014.9719434,8,0.008809804916381836,0.0011012256145477295,True
23,2910,1784808014.9812336,8,0.006045103073120117,0.0007556378841400146,True
23,2911,1784808014.9876168,8,0.009174108505249023,0.001146763563156128,True
23,2912,1784808014.9972465,8,0.010369300842285156,0.0012961626052856445,True
23,2913,1784808015.0089455,8,0.005645275115966797,0.0007056593894958496,True
23,2914,1784808015.0160055,8,0.006009578704833984,0.000751197338104248,True
23,2915,1784808015.0232177,8,0.007548332214355469,0.0009435415267944336,True
23,2916,1784808015.0318596,8,0.0058324337005615234,0.0007290542125701904,True
23,2917,1784808015.0380056,8,0.007097721099853516,0.0008872151374816895,True
23,2918,1784808015.0455787,8,0.0062334537506103516,0.0007791817188262939,True
23,2919,1784808015.0521762,8,0.007096529006958008,0.000887066125869751,True
23,2920,1784808015.059533,8,0.006231069564819336,0.000778883695602417,True
23,2921,1784808015.065998,8,0.007442951202392578,0.0009303689002990723,True
23,2922,1784808015.073723,8,0.006478071212768555,0.0008097589015960693,True
23,2923,1784808015.0804336,8,0.006455421447753906,0.0008069276809692383,True
23,2924,1784808015.0875807,8,0.0072901248931884766,0.0009112656116485596,True
23,2925,1784808015.0960014,8,0.005282163619995117,0.0006602704524993896,True
23,2926,1784808015.1025946,8,0.00580286979675293,0.0007253587245941162,True
23,2927,1784808015.1087785,8,0.006119251251220703,0.0007649064064025879,True
23,2928,1784808015.1157072,8,0.006016969680786133,0.0007521212100982666,True
23,2929,1784808015.1223292,8,0.005274772644042969,0.0006593465805053711,True
23,2930,1784808015.127953,8,0.005414009094238281,0.0006767511367797852,True
23,2931,1784808015.1336253,8,0.005654811859130859,0.0007068514823913574,True
23,2932,1784808015.139512,8,0.00530242919921875,0.0006628036499023438,True
23,2933,1784808015.1450608,8,0.0056438446044921875,0.0007054805755615234,True
23,2934,1784808015.1509092,8,0.005231618881225586,0.0006539523601531982,True
23,2935,1784808015.156446,8,0.005634784698486328,0.000704348087310791,True
23,2936,1784808015.1623316,8,0.004864692687988281,0.0006080865859985352,True
23,2937,1784808015.1674101,8,0.00557708740234375,0.0006971359252929688,True
23,2938,1784808015.1731906,8,0.00473332405090332,0.000591665506362915,True
23,2939,1784808015.1781075,8,0.004812717437744141,0.0006015896797180176,True
23,2940,1784808015.1833386,8,0.005011796951293945,0.0006264746189117432,True
23,2941,1784808015.1887379,8,0.0047245025634765625,0.0005905628204345703,True
23,2942,1784808015.1936843,8,0.005147218704223633,0.0006434023380279541,True
23,2943,1784808015.19922,8,0.00555729866027832,0.00069466233253479,True
23,2944,1784808015.2052736,8,0.005057334899902344,0.000632166862487793,True
23,2945,1784808015.2105894,8,0.0045397281646728516,0.0005674660205841064,True
23,2946,1784808015.2153692,8,0.004476070404052734,0.0005595088005065918,True
23,2947,1784808015.2200465,8,0.0047566890716552734,0.0005945861339569092,True
23,2948,1784808015.2249844,8,0.004697084426879883,0.0005871355533599854,True
23,2949,1784808015.2298784,8,0.004056692123413086,0.0005070865154266357,True
23,2950,1784808015.2341282,8,0.0042378902435302734,0.0005297362804412842,True
23,2951,1784808015.2385628,8,0.004111766815185547,0.0005139708518981934,True
23,2952,1784808015.242874,8,0.004228115081787109,0.0005285143852233887,True
23,2953,1784808015.2473178,8,0.004601240158081055,0.0005751550197601318,True
23,2954,1784808015.2521288,8,0.004489421844482422,0.0005611777305603027,True
23,2955,1784808015.2568088,8,0.0042574405670166016,0.0005321800708770752,True
23,2956,1784808015.261508,8,0.00455927848815918,0.0005699098110198975,True
23,2957,1784808015.266268,8,0.0038657188415527344,0.0004832148551940918,True
23,2958,1784808015.270326,8,0.004128694534301758,0.0005160868167877197,True
23,2959,1784808015.2746432,8,0.004354000091552734,0.0005442500114440918,True
23,2960,1784808015.279186,8,0.004301548004150391,0.0005376935005187988,True
23,2961,1784808015.2836735,8,0.0037279129028320312,0.0004659891128540039,True
23,2962,1784808015.2875888,8,0.0041713714599609375,0.0005214214324951172,True
23,2963,1784808015.2919514,8,0.003930091857910156,0.0004912614822387695,True
23,2964,1784808015.2960684,8,0.0038862228393554688,0.0004857778549194336,True
23,2965,1784808015.3001425,8,0.004031658172607422,0.0005039572715759277,True
23,2966,1784808015.304348,8,0.0038759708404541016,0.0004844963550567627,True
