process_id,batch_id,timestamp,batch_size,batch_time_seconds,avg_query_time_seconds,success
9,1,1784807954.6554246,8,0.010178327560424805,0.0012722909450531006,True
9,2,1784807954.667077,8,0.00902557373046875,0.0011281967163085938,True
9,3,1784807954.6774852,8,0.009991645812988281,0.0012489557266235352,True
9,4,1784807954.6919303,8,0.01035308837890625,0.0012941360473632812,True
9,5,1784807954.7069461,8,0.0074918270111083984,0.0009364783763885498,True
9,6,1784807954.7150724,8,0.007419586181640625,0.0009274482727050781,True
9,7,1784807954.724417,8,0.013419151306152344,0.001677393913269043,True
9,8,1784807954.7384996,8,0.009241342544555664,0.001155167818069458,True
9,9,1784807954.7483644,8,0.00853109359741211,0.0010663866996765137,True
9,10,1784807954.7581563,8,0.009467601776123047,0.0011834502220153809,True
9,11,1784807954.768149,8,0.010725736618041992,0.001340717077255249,True
9,12,1784807954.7842462,8,0.007089376449584961,0.0008861720561981201,True
9,13,1784807954.7928066,8,0.009662389755249023,0.001207798719406128,True
9,14,1784807954.8032925,8,0.010979413986206055,0.0013724267482757568,True
9,15,1784807954.8171072,8,0.008938312530517578,0.0011172890663146973,True
9,16,1784807954.8320312,8,0.008487462997436523,0.0010609328746795654,True
9,17,1784807954.842599,8,0.01291966438293457,0.0016149580478668213,True
9,18,1784807954.8568208,8,0.010267257690429688,0.001283407211303711,True
9,19,1784807954.8754466,8,0.007028102874755859,0.0008785128593444824,True
9,20,1784807954.8845258,8,0.013207674026489258,0.0016509592533111572,True
9,21,1784807954.8988094,8,0.011992454528808594,0.0014990568161010742,True
9,22,1784807954.9122472,8,0.011312723159790039,0.0014140903949737549,True
9,23,1784807954.9242005,8,0.01440119743347168,0.00180014967918396,True
9,24,1784807954.9401987,8,0.013400793075561523,0.0016750991344451904,True
9,25,1784807954.9607463,8,0.00811457633972168,0.00101432204246521,True
9,26,1784807954.9776251,8,0.011080265045166016,0.001385033130645752,True
9,27,1784807954.9939024,8,0.012877941131591797,0.0016097426414489746,True
9,28,1784807955.015284,8,0.005959987640380859,0.0007449984550476074,True
9,29,1784807955.033107,8,0.010014533996582031,0.001251816749572754,True
9,30,1784807955.0495903,8,0.009656190872192383,0.0012070238590240479,True
9,31,1784807955.0706422,8,0.008506298065185547,0.0010632872581481934,True
9,32,1784807955.0917244,8,0.010333538055419922,0.0012916922569274902,True
9,33,1784807955.10358,8,0.015160322189331055,0.0018950402736663818,True
9,34,1784807955.1209126,8,0.013383626937866211,0.0016729533672332764,True
9,35,1784807955.1350162,8,0.01605987548828125,0.0020074844360351562,True
9,36,1784807955.1605449,8,0.007988214492797852,0.0009985268115997314,True
9,37,1784807955.1789541,8,0.010648965835571289,0.0013311207294464111,True
9,38,1784807955.2024856,8,0.007260560989379883,0.0009075701236724854,True
9,39,1784807955.2181559,8,0.00792241096496582,0.0009903013706207275,True
9,40,1784807955.2444756,8,0.006387472152709961,0.0007984340190887451,True
9,41,1784807955.268889,8,0.010377168655395508,0.0012971460819244385,True
9,42,1784807955.2953806,8,0.009414911270141602,0.0011768639087677002,True
9,43,1784807955.3226516,8,0.006243705749511719,0.0007804632186889648,True
9,44,1784807955.3383143,8,0.009316205978393555,0.0011645257472991943,True
9,45,1784807955.35015,8,0.016222476959228516,0.0020278096199035645,True
9,46,1784807955.3669693,8,0.022261857986450195,0.0027827322483062744,True
9,47,1784807955.3904054,8,0.020182132720947266,0.002522766590118408,True
9,48,1784807955.4110823,8,0.020067214965820312,0.002508401870727539,True
9,49,1784807955.4318032,8,0.019351482391357422,0.0024189352989196777,True
9,50,1784807955.4522765,8,0.02098250389099121,0.0026228129863739014,True
9,51,1784807955.4751635,8,0.019803762435913086,0.0024754703044891357,True
9,52,1784807955.4955204,8,0.020575761795043945,0.002571970224380493,True
9,53,1784807955.5166054,8,0.0193326473236084,0.00241658091545105,True
9,54,1784807955.5365665,8,0.019089937210083008,0.002386242151260376,True
9,55,1784807955.5561702,8,0.018581628799438477,0.0023227035999298096,True
9,56,1784807955.5755494,8,0.020709991455078125,0.0025887489318847656,True
9,57,1784807955.596679,8,0.020337820053100586,0.0025422275066375732,True
9,58,1784807955.6175928,8,0.019828319549560547,0.0024785399436950684,True
9,59,1784807955.6380382,8,0.019762754440307617,0.002470344305038452,True
9,60,1784807955.6590586,8,0.018594980239868164,0.0023243725299835205,True
9,61,1784807955.6782126,8,0.018581390380859375,0.002322673797607422,True
9,62,1784807955.6976714,8,0.020766019821166992,0.002595752477645874,True
9,63,1784807955.71912,8,0.018757104873657227,0.0023446381092071533,True
9,64,1784807955.7388046,8,0.01839590072631836,0.002299487590789795,True
9,65,1784807955.7579308,8,0.018677711486816406,0.0023347139358520508,True
9,66,1784807955.7770982,8,0.019668102264404297,0.002458512783050537,True
9,67,1784807955.7980464,8,0.020368099212646484,0.0025460124015808105,True
9,68,1784807955.8188648,8,0.02077031135559082,0.0025962889194488525,True
9,69,1784807955.8405776,8,0.021073102951049805,0.0026341378688812256,True
9,70,1784807955.8620923,8,0.01960158348083496,0.00245019793510437,True
9,71,1784807955.8821685,8,0.020723342895507812,0.0025904178619384766,True
9,72,1784807955.9035826,8,0.018973588943481445,0.0023716986179351807,True
9,73,1784807955.9233177,8,0.020475149154663086,0.0025593936443328857,True
9,74,1784807955.944358,8,0.01905536651611328,0.00238192081451416,True
9,75,1784807955.9638124,8,0.020371437072753906,0.0025464296340942383,True
9,76,1784807955.98462,8,0.019576072692871094,0.0024470090866088867,True
9,77,1784807956.004829,8,0.02012324333190918,0.0025154054164886475,True
9,78,1784807956.026277,8,0.019954681396484375,0.002494335174560547,True
9,79,1784807956.0467477,8,0.019200563430786133,0.0024000704288482666,True
9,80,1784807956.066441,8,0.019757747650146484,0.0024697184562683105,True
9,81,1784807956.0870426,8,0.020522117614746094,0.0025652647018432617,True
9,82,1784807956.1081665,8,0.019943714141845703,0.002492964267730713,True
9,83,1784807956.1287541,8,0.019189834594726562,0.0023987293243408203,True
9,84,1784807956.1485739,8,0.020608901977539062,0.002576112747192383,True
9,85,1784807956.1696937,8,0.01935124397277832,0.00241890549659729,True
9,86,1784807956.1895177,8,0.020213842391967773,0.0025267302989959717,True
9,87,1784807956.2104332,8,0.020407915115356445,0.0025509893894195557,True
9,88,1784807956.2315447,8,0.01926112174987793,0.002407640218734741,True
9,89,1784807956.2512765,8,0.02132272720336914,0.0026653409004211426,True
9,90,1784807956.273061,8,0.020807266235351562,0.0026009082794189453,True
9,91,1784807956.294629,8,0.019825220108032227,0.0024781525135040283,True
9,92,1784807956.3152337,8,0.019327640533447266,0.002415955066680908,True
9,93,1784807956.3350675,8,0.021326303482055664,0.002665787935256958,True
9,94,1784807956.3568435,8,0.02000141143798828,0.002500176429748535,True
9,95,1784807956.3773882,8,0.020052433013916016,0.002506554126739502,True
9,96,1784807956.3979778,8,0.019927978515625,0.002490997314453125,True
9,97,1784807956.4184356,8,0.019986629486083984,0.002498328685760498,True
9,98,1784807956.4389315,8,0.019487380981445312,0.002435922622680664,True
9,99,1784807956.4588444,8,0.0199432373046875,0.0024929046630859375,True
9,100,1784807956.4793413,8,0.01967477798461914,0.0024593472480773926,True
9,101,1784807956.4993947,8,0.020238399505615234,0.0025297999382019043,True
9,102,1784807956.5203717,8,0.01930689811706543,0.0024133622646331787,True
9,103,1784807956.5401242,8,0.018402576446533203,0.0023003220558166504,True
9,104,1784807956.5591195,8,0.019550561904907227,0.0024438202381134033,True
9,105,1784807956.579259,8,0.01885199546813965,0.002356499433517456,True
9,106,1784807956.599162,8,0.0199737548828125,0.0024967193603515625,True
9,107,1784807956.6216063,8,0.018793582916259766,0.0023491978645324707,True
9,108,1784807956.6411347,8,0.0194852352142334,0.002435654401779175,True
9,109,1784807956.6612117,8,0.0184323787689209,0.0023040473461151123,True
9,110,1784807956.6801057,8,0.018345117568969727,0.002293139696121216,True
9,111,1784807956.6992176,8,0.019253253936767578,0.0024066567420959473,True
9,112,1784807956.7193735,8,0.020849227905273438,0.0026061534881591797,True
9,113,1784807956.7408204,8,0.019500732421875,0.002437591552734375,True
9,114,1784807956.761954,8,0.018007755279541016,0.002250969409942627,True
9,115,1784807956.7807913,8,0.020136356353759766,0.0025170445442199707,True
9,116,1784807956.8063605,8,0.017918109893798828,0.0022397637367248535,True
9,117,1784807956.825602,8,0.019633054733276367,0.002454131841659546,True
9,118,1784807956.845847,8,0.020166635513305664,0.002520829439163208,True
9,119,1784807956.866618,8,0.02055215835571289,0.0025690197944641113,True
9,120,1784807956.8878028,8,0.018552064895629883,0.0023190081119537354,True
9,121,1784807956.9070876,8,0.02163219451904297,0.002704024314880371,True
9,122,1784807956.9292,8,0.020618677139282227,0.0025773346424102783,True
9,123,1784807956.950424,8,0.020357131958007812,0.0025446414947509766,True
9,124,1784807956.971417,8,0.019344329833984375,0.002418041229248047,True
9,125,1784807956.9912179,8,0.021516799926757812,0.0026895999908447266,True
9,126,1784807957.0132217,8,0.020039796829223633,0.002504974603652954,True
9,127,1784807957.0335722,8,0.021389484405517578,0.0026736855506896973,True
9,128,1784807957.055368,8,0.02075791358947754,0.0025947391986846924,True
9,129,1784807957.07639,8,0.022180557250976562,0.0027725696563720703,True
9,130,1784807957.0989225,8,0.01909160614013672,0.00238645076751709,True
9,131,1784807957.1183937,8,0.01947021484375,0.00243377685546875,True
9,132,1784807957.1382382,8,0.02285456657409668,0.002856820821762085,True
9,133,1784807957.1615314,8,0.01831793785095215,0.0022897422313690186,True
9,134,1784807957.1805587,8,0.018965959548950195,0.0023707449436187744,True
9,135,1784807957.1998515,8,0.019249677658081055,0.002406209707260132,True
9,136,1784807957.2195778,8,0.020713329315185547,0.0025891661643981934,True
9,137,1784807957.2406316,8,0.01979970932006836,0.002474963665008545,True
9,138,1784807957.2607095,8,0.020735502243041992,0.002591937780380249,True
9,139,1784807957.2818594,8,0.020192384719848633,0.002524048089981079,True
9,140,1784807957.3024495,8,0.019198179244995117,0.0023997724056243896,True
9,141,1784807957.322085,8,0.01771831512451172,0.002214789390563965,True
9,142,1784807957.3401778,8,0.021241188049316406,0.0026551485061645508,True
9,143,1784807957.3617766,8,0.02056288719177246,0.0025703608989715576,True
9,144,1784807957.382676,8,0.020740270614624023,0.002592533826828003,True
9,145,1784807957.403685,8,0.020790576934814453,0.0025988221168518066,True
9,146,1784807957.4249446,8,0.021022796630859375,0.002627849578857422,True
9,147,1784807957.44633,8,0.021033287048339844,0.0026291608810424805,True
9,148,1784807957.467726,8,0.020156145095825195,0.0025195181369781494,True
9,149,1784807957.4892673,8,0.019202232360839844,0.0024002790451049805,True
9,150,1784807957.5092776,8,0.020255088806152344,0.002531886100769043,True
9,151,1784807957.5300722,8,0.020803451538085938,0.002600431442260742,True
9,152,1784807957.5515137,8,0.021039962768554688,0.002629995346069336,True
9,153,1784807957.5728958,8,0.019669771194458008,0.002458721399307251,True
9,154,1784807957.5932982,8,0.020650625228881836,0.0025813281536102295,True
9,155,1784807957.6142662,8,0.01961207389831543,0.0024515092372894287,True
9,156,1784807957.634869,8,0.021140575408935547,0.0026425719261169434,True
9,157,1784807957.6569707,8,0.02041912078857422,0.0025523900985717773,True
9,158,1784807957.6778338,8,0.020179033279418945,0.002522379159927368,True
9,159,1784807957.6988266,8,0.019678592681884766,0.0024598240852355957,True
9,160,1784807957.7189012,8,0.019643306732177734,0.002455413341522217,True
9,161,1784807957.738932,8,0.021127939224243164,0.0026409924030303955,True
9,162,1784807957.7606883,8,0.020482778549194336,0.002560347318649292,True
9,163,1784807957.7819443,8,0.0194094181060791,0.0024261772632598877,True
9,164,1784807957.802074,8,0.021071910858154297,0.002633988857269287,True
9,165,1784807957.8235137,8,0.020786523818969727,0.002598315477371216,True
9,166,1784807957.8446832,8,0.020215749740600586,0.0025269687175750732,True
9,167,1784807957.8656445,8,0.020015716552734375,0.002501964569091797,True
9,168,1784807957.885927,8,0.020661115646362305,0.002582639455795288,True
9,169,1784807957.9069884,8,0.02138662338256836,0.002673327922821045,True
9,170,1784807957.9287694,8,0.01993274688720703,0.002491593360900879,True
9,171,1784807957.9490507,8,0.020401954650878906,0.0025502443313598633,True
9,172,1784807957.9699223,8,0.01916670799255371,0.002395838499069214,True
9,173,1784807957.9895122,8,0.018683910369873047,0.002335488796234131,True
9,174,1784807958.0086741,8,0.01994609832763672,0.00249326229095459,True
9,175,1784807958.0291128,8,0.020131349563598633,0.002516418695449829,True
9,176,1784807958.049603,8,0.020142078399658203,0.0025177597999572754,True
9,177,1784807958.0701034,8,0.019598722457885742,0.0024498403072357178,True
9,178,1784807958.090063,8,0.01890873908996582,0.0023635923862457275,True
9,179,1784807958.109333,8,0.02038097381591797,0.002547621726989746,True
9,180,1784807958.130121,8,0.01959991455078125,0.0024499893188476562,True
9,181,1784807958.1500714,8,0.019696474075317383,0.002462059259414673,True
9,182,1784807958.1702106,8,0.022832870483398438,0.0028541088104248047,True
9,183,1784807958.1934707,8,0.01932692527770996,0.002415865659713745,True
9,184,1784807958.2131417,8,0.02002573013305664,0.00250321626663208,True
9,185,1784807958.2334793,8,0.019268512725830078,0.0024085640907287598,True
9,186,1784807958.2531345,8,0.019821643829345703,0.002477705478668213,True
9,187,1784807958.2732937,8,0.021550893783569336,0.002693861722946167,True
9,188,1784807958.295624,8,0.01726245880126953,0.0021578073501586914,True
9,189,1784807958.313192,8,0.01712942123413086,0.0021411776542663574,True
9,190,1784807958.3308473,8,0.020499706268310547,0.0025624632835388184,True
9,191,1784807958.351667,8,0.01941227912902832,0.00242653489112854,True
9,192,1784807958.3713803,8,0.019936800003051758,0.0024921000003814697,True
9,193,1784807958.3917007,8,0.01977825164794922,0.0024722814559936523,True
9,194,1784807958.413756,8,0.01976943016052246,0.0024711787700653076,True
9,195,1784807958.4342449,8,0.01852726936340332,0.002315908670425415,True
9,196,1784807958.4533415,8,0.020288467407226562,0.0025360584259033203,True
9,197,1784807958.4739952,8,0.022388935089111328,0.002798616886138916,True
9,198,1784807958.4967895,8,0.02015542984008789,0.0025194287300109863,True
9,199,1784807958.5172956,8,0.01860952377319336,0.00232619047164917,True
9,200,1784807958.5365722,8,0.020310401916503906,0.0025388002395629883,True
9,201,1784807958.5581288,8,0.02108454704284668,0.002635568380355835,True
9,202,1784807958.5799105,8,0.019626379013061523,0.0024532973766326904,True
9,203,1784807958.5999298,8,0.021164894104003906,0.0026456117630004883,True
9,204,1784807958.6218975,8,0.02016472816467285,0.0025205910205841064,True
9,205,1784807958.642557,8,0.02030777931213379,0.0025384724140167236,True
9,206,1784807958.6633918,8,0.019689559936523438,0.0024611949920654297,True
9,207,1784807958.683673,8,0.01840662956237793,0.002300828695297241,True
9,208,1784807958.702464,8,0.019530057907104492,0.0024412572383880615,True
9,209,1784807958.7223122,8,0.020996809005737305,0.002624601125717163,True
9,210,1784807958.7437038,8,0.02081012725830078,0.0026012659072875977,True
9,211,1784807958.7655277,8,0.020684003829956055,0.002585500478744507,True
9,212,1784807958.7867904,8,0.018803119659423828,0.0023503899574279785,True
9,213,1784807958.806129,8,0.019831418991088867,0.0024789273738861084,True
9,214,1784807958.8263392,8,0.021219968795776367,0.002652496099472046,True
9,215,1784807958.8482602,8,0.018494129180908203,0.0023117661476135254,True
9,216,1784807958.8671844,8,0.019712448120117188,0.0024640560150146484,True
9,217,1784807958.8871412,8,0.018336057662963867,0.0022920072078704834,True
9,218,1784807958.9061384,8,0.021558046340942383,0.002694755792617798,True
9,219,1784807958.9280925,8,0.019824504852294922,0.0024780631065368652,True
9,220,1784807958.948423,8,0.019688129425048828,0.0024610161781311035,True
9,221,1784807958.9684258,8,0.022570133209228516,0.0028212666511535645,True
9,222,1784807958.9913712,8,0.020770788192749023,0.002596348524093628,True
9,223,1784807959.0124538,8,0.022002220153808594,0.0027502775192260742,True
9,224,1784807959.0349748,8,0.0190432071685791,0.0023804008960723877,True
9,225,1784807959.0544333,8,0.019956588745117188,0.0024945735931396484,True
9,226,1784807959.074755,8,0.0205686092376709,0.0025710761547088623,True
9,227,1784807959.0957677,8,0.020815134048461914,0.0026018917560577393,True
9,228,1784807959.1170614,8,0.021702289581298828,0.0027127861976623535,True
9,229,1784807959.1397316,8,0.020191192626953125,0.0025238990783691406,True
9,230,1784807959.160514,8,0.020224809646606445,0.0025281012058258057,True
9,231,1784807959.1811612,8,0.019817590713500977,0.002477198839187622,True
9,232,1784807959.2017028,8,0.02009868621826172,0.002512335777282715,True
9,233,1784807959.2222264,8,0.01902318000793457,0.0023778975009918213,True
9,234,1784807959.2418082,8,0.01985788345336914,0.0024822354316711426,True
9,235,1784807959.262014,8,0.01942753791809082,0.0024284422397613525,True
9,236,1784807959.2820165,8,0.021177053451538086,0.0026471316814422607,True
9,237,1784807959.3036408,8,0.01962876319885254,0.0024535953998565674,True
9,238,1784807959.323553,8,0.020746946334838867,0.0025933682918548584,True
9,239,1784807959.344873,8,0.01904463768005371,0.002380579710006714,True
9,240,1784807959.365601,8,0.02056884765625,0.00257110595703125,True
9,241,1784807959.3868568,8,0.01784372329711914,0.0022304654121398926,True
9,242,1784807959.4051716,8,0.020151615142822266,0.002518951892852783,True
9,243,1784807959.4258492,8,0.02100348472595215,0.0026254355907440186,True
9,244,1784807959.447284,8,0.02009439468383789,0.0025117993354797363,True
9,245,1784807959.4679346,8,0.01963973045349121,0.0024549663066864014,True
9,246,1784807959.4880643,8,0.021915674209594727,0.002739459276199341,True
9,247,1784807959.5105662,8,0.01964402198791504,0.00245550274848938,True
9,248,1784807959.5306728,8,0.018704891204833984,0.002338111400604248,True
9,249,1784807959.549851,8,0.01892542839050293,0.002365678548812866,True
9,250,1784807959.5694225,8,0.021014690399169922,0.0026268362998962402,True
9,251,1784807959.5908244,8,0.0200655460357666,0.002508193254470825,True
9,252,1784807959.6113715,8,0.01923394203186035,0.002404242753982544,True
9,253,1784807959.6309123,8,0.020524024963378906,0.0025655031204223633,True
9,254,1784807959.6518676,8,0.02190852165222168,0.00273856520652771,True
9,255,1784807959.6741188,8,0.018466472625732422,0.0023083090782165527,True
9,256,1784807959.6929147,8,0.018532991409301758,0.0023166239261627197,True
9,257,1784807959.7117894,8,0.020784616470336914,0.0025980770587921143,True
9,258,1784807959.7328615,8,0.018143653869628906,0.0022679567337036133,True
9,259,1784807959.7513354,8,0.018795013427734375,0.002349376678466797,True
9,260,1784807959.7705283,8,0.019527196884155273,0.002440899610519409,True
9,261,1784807959.790448,8,0.018538236618041992,0.002317279577255249,True
9,262,1784807959.8092847,8,0.020768404006958008,0.002596050500869751,True
9,263,1784807959.8309374,8,0.01880502700805664,0.00235062837600708,True
9,264,1784807959.8500485,8,0.019563674926757812,0.0024454593658447266,True
9,265,1784807959.869899,8,0.020424604415893555,0.0025530755519866943,True
9,266,1784807959.8907046,8,0.020717382431030273,0.002589672803878784,True
9,267,1784807959.9118323,8,0.01880669593811035,0.002350836992263794,True
9,268,1784807959.9309325,8,0.01991891860961914,0.0024898648262023926,True
9,269,1784807959.9513402,8,0.020551204681396484,0.0025689005851745605,True
9,270,1784807959.9722664,8,0.02132415771484375,0.0026655197143554688,True
9,271,1784807959.9942596,8,0.021065235137939453,0.0026331543922424316,True
9,272,1784807960.0157964,8,0.019963741302490234,0.0024954676628112793,True
9,273,1784807960.0361776,8,0.018997907638549805,0.0023747384548187256,True
9,274,1784807960.0558155,8,0.01991558074951172,0.002489447593688965,True
9,275,1784807960.0761619,8,0.019994020462036133,0.0024992525577545166,True
9,276,1784807960.0965216,8,0.02042222023010254,0.0025527775287628174,True
9,277,1784807960.1175783,8,0.02102041244506836,0.002627551555633545,True
9,278,1784807960.1391137,8,0.02036261558532715,0.0025453269481658936,True
9,279,1784807960.159851,8,0.01968860626220703,0.002461075782775879,True
9,280,1784807960.1803703,8,0.020625591278076172,0.0025781989097595215,True
9,281,1784807960.20163,8,0.019967079162597656,0.002495884895324707,True
9,282,1784807960.2221146,8,0.02216029167175293,0.002770036458969116,True
9,283,1784807960.2447588,8,0.019439220428466797,0.0024299025535583496,True
9,284,1784807960.2646308,8,0.020909547805786133,0.0026136934757232666,True
9,285,1784807960.2861543,8,0.01967620849609375,0.0024595260620117188,True
9,286,1784807960.306157,8,0.01839160919189453,0.0022989511489868164,True
9,287,1784807960.3249626,8,0.020003795623779297,0.002500474452972412,True
9,288,1784807960.345666,8,0.019040822982788086,0.0023801028728485107,True
9,289,1784807960.3650796,8,0.018578529357910156,0.0023223161697387695,True
9,290,1784807960.3840485,8,0.020006179809570312,0.002500772476196289,True
9,291,1784807960.4045074,8,0.019524574279785156,0.0024405717849731445,True
9,292,1784807960.4244435,8,0.02105259895324707,0.002631574869155884,True
9,293,1784807960.4458375,8,0.021702289581298828,0.0027127861976623535,True
9,294,1784807960.4681199,8,0.019853830337524414,0.0024817287921905518,True
9,295,1784807960.4884787,8,0.020178556442260742,0.0025223195552825928,True
9,296,1784807960.5089,8,0.021610736846923828,0.0027013421058654785,True
9,297,1784807960.5309107,8,0.020014286041259766,0.0025017857551574707,True
9,298,1784807960.5513773,8,0.019843339920043945,0.002480417490005493,True
9,299,1784807960.5715733,8,0.019030332565307617,0.002378791570663452,True
9,300,1784807960.5910773,8,0.020403385162353516,0.0025504231452941895,True
9,301,1784807960.6118827,8,0.019246339797973633,0.002405792474746704,True
9,302,1784807960.6315634,8,0.021514177322387695,0.002689272165298462,True
9,303,1784807960.6535559,8,0.019234180450439453,0.0024042725563049316,True
9,304,1784807960.673109,8,0.020003557205200195,0.0025004446506500244,True
9,305,1784807960.6935556,8,0.01953887939453125,0.0024423599243164062,True
9,306,1784807960.7133925,8,0.02225184440612793,0.002781480550765991,True
9,307,1784807960.7359946,8,0.019061565399169922,0.0023826956748962402,True
9,308,1784807960.7554085,8,0.020540952682495117,0.0025676190853118896,True
9,309,1784807960.776537,8,0.019122838973999023,0.002390354871749878,True
9,310,1784807960.7960193,8,0.020801782608032227,0.0026002228260040283,True
9,311,1784807960.8176937,8,0.0201723575592041,0.0025215446949005127,True
9,312,1784807960.838146,8,0.01992511749267578,0.0024906396865844727,True
9,313,1784807960.8586073,8,0.020284414291381836,0.0025355517864227295,True
9,314,1784807960.879243,8,0.02125096321105957,0.0026563704013824463,True
9,315,1784807960.9017665,8,0.020626306533813477,0.0025782883167266846,True
9,316,1784807960.9229705,8,0.020769357681274414,0.0025961697101593018,True
9,317,1784807960.9443219,8,0.02008962631225586,0.0025112032890319824,True
9,318,1784807960.965008,8,0.018963336944580078,0.0023704171180725098,True
9,319,1784807960.9842665,8,0.019179821014404297,0.002397477626800537,True
9,320,1784807961.0037704,8,0.02085590362548828,0.002606987953186035,True
9,321,1784807961.0249953,8,0.019835710525512695,0.002479463815689087,True
9,322,1784807961.0457933,8,0.021100282669067383,0.002637535333633423,True
9,323,1784807961.0675235,8,0.019772768020629883,0.0024715960025787354,True
9,324,1784807961.0878947,8,0.021207094192504883,0.0026508867740631104,True
9,325,1784807961.1096077,8,0.01900315284729004,0.002375394105911255,True
9,326,1784807961.129361,8,0.019855737686157227,0.0024819672107696533,True
9,327,1784807961.1496053,8,0.018911123275756836,0.0023638904094696045,True
9,328,1784807961.169861,8,0.020687341690063477,0.0025859177112579346,True
9,329,1784807961.191215,8,0.021039485931396484,0.0026299357414245605,True
9,330,1784807961.2133355,8,0.018826007843017578,0.0023532509803771973,True
9,331,1784807961.2336278,8,0.02207159996032715,0.0027589499950408936,True
9,332,1784807961.2564461,8,0.020542383193969727,0.002567797899246216,True
9,333,1784807961.2773187,8,0.020392656326293945,0.002549082040786743,True
9,334,1784807961.2983925,8,0.01872396469116211,0.0023404955863952637,True
9,335,1784807961.3175583,8,0.021738767623901367,0.002717345952987671,True
9,336,1784807961.3397806,8,0.020412445068359375,0.002551555633544922,True
9,337,1784807961.3606322,8,0.019997835159301758,0.0024997293949127197,True
9,338,1784807961.3811102,8,0.019773483276367188,0.0024716854095458984,True
9,339,1784807961.401705,8,0.020097017288208008,0.002512127161026001,True
9,340,1784807961.4223096,8,0.0200808048248291,0.0025101006031036377,True
9,341,1784807961.4430115,8,0.019809484481811523,0.0024761855602264404,True
9,342,1784807961.4634123,8,0.02036571502685547,0.0025457143783569336,True
9,343,1784807961.4842536,8,0.02044534683227539,0.002555668354034424,True
9,344,1784807961.5054128,8,0.02257561683654785,0.0028219521045684814,True
9,345,1784807961.5284781,8,0.02010345458984375,0.0025129318237304688,True
9,346,1784807961.5501435,8,0.02038884162902832,0.00254860520362854,True
9,347,1784807961.570934,8,0.019542455673217773,0.0024428069591522217,True
9,348,1784807961.5908566,8,0.020755529403686523,0.0025944411754608154,True
9,349,1784807961.6120543,8,0.020320653915405273,0.002540081739425659,True
9,350,1784807961.6331625,8,0.019981861114501953,0.002497732639312744,True
9,351,1784807961.6537423,8,0.021243572235107422,0.0026554465293884277,True
9,352,1784807961.67631,8,0.01924896240234375,0.0024061203002929688,True
9,353,1784807961.6958978,8,0.021808624267578125,0.0027260780334472656,True
9,354,1784807961.7180798,8,0.019893169403076172,0.0024866461753845215,True
9,355,1784807961.7383828,8,0.018462657928466797,0.0023078322410583496,True
9,356,1784807961.7571309,8,0.020070552825927734,0.002508819103240967,True
9,357,1784807961.7776525,8,0.02072596549987793,0.002590745687484741,True
9,358,1784807961.7987175,8,0.019604921340942383,0.002450615167617798,True
9,359,1784807961.8185933,8,0.020235061645507812,0.0025293827056884766,True
9,360,1784807961.8391957,8,0.021256208419799805,0.0026570260524749756,True
9,361,1784807961.8608248,8,0.020273923873901367,0.002534240484237671,True
9,362,1784807961.8814003,8,0.019855737686157227,0.0024819672107696533,True
9,363,1784807961.90173,8,0.02031564712524414,0.0025394558906555176,True
9,364,1784807961.9224427,8,0.018678665161132812,0.0023348331451416016,True
9,365,1784807961.9415345,8,0.018898487091064453,0.0023623108863830566,True
9,366,1784807961.9607346,8,0.019102811813354492,0.0023878514766693115,True
9,367,1784807961.980189,8,0.019418001174926758,0.0024272501468658447,True
9,368,1784807962.0000627,8,0.019033432006835938,0.002379179000854492,True
9,369,1784807962.0195215,8,0.019021987915039062,0.002377748489379883,True
9,370,1784807962.038978,8,0.021051406860351562,0.0026314258575439453,True
9,371,1784807962.0604918,8,0.018886089324951172,0.0023607611656188965,True
9,372,1784807962.0796907,8,0.020940303802490234,0.0026175379753112793,True
9,373,1784807962.1010451,8,0.022466421127319336,0.002808302640914917,True
9,374,1784807962.1238334,8,0.01894545555114746,0.0023681819438934326,True
9,375,1784807962.1432211,8,0.020891904830932617,0.002611488103866577,True
9,376,1784807962.164469,8,0.020333528518676758,0.0025416910648345947,True
9,377,1784807962.1851683,8,0.019849061965942383,0.002481132745742798,True
9,378,1784807962.2057269,8,0.020672082901000977,0.002584010362625122,True
9,379,1784807962.2270944,8,0.019402027130126953,0.002425253391265869,True
9,380,1784807962.2470438,8,0.023308277130126953,0.002913534641265869,True
9,381,1784807962.270688,8,0.021906614303588867,0.0027383267879486084,True
9,382,1784807962.2929041,8,0.022301197052001953,0.002787649631500244,True
9,383,1784807962.315577,8,0.018813610076904297,0.002351701259613037,True
9,384,1784807962.334858,8,0.020081520080566406,0.0025101900100708008,True
9,385,1784807962.355621,8,0.02208232879638672,0.00276029109954834,True
9,386,1784807962.3783383,8,0.019863605499267578,0.0024829506874084473,True
9,387,1784807962.398813,8,0.01964426040649414,0.0024555325508117676,True
9,388,1784807962.4197016,8,0.02145671844482422,0.0026820898056030273,True
9,389,1784807962.4414263,8,0.020719051361083984,0.002589881420135498,True
9,390,1784807962.4624887,8,0.02123713493347168,0.00265464186668396,True
9,391,1784807962.4840505,8,0.019778966903686523,0.0024723708629608154,True
9,392,1784807962.504319,8,0.021121978759765625,0.002640247344970703,True
9,393,1784807962.52591,8,0.019407033920288086,0.0024258792400360107,True
9,394,1784807962.5457277,8,0.018433809280395508,0.0023042261600494385,True
9,395,1784807962.5644543,8,0.02179694175720215,0.0027246177196502686,True
9,396,1784807962.5866177,8,0.020066022872924805,0.0025082528591156006,True
9,397,1784807962.607232,8,0.02170252799987793,0.002712815999984741,True
9,398,1784807962.6293237,8,0.019626617431640625,0.002453327178955078,True
9,399,1784807962.6494608,8,0.021482467651367188,0.0026853084564208984,True
9,400,1784807962.6723628,8,0.019381046295166016,0.002422630786895752,True
9,401,1784807962.692228,8,0.020246028900146484,0.0025307536125183105,True
9,402,1784807962.7128208,8,0.019976139068603516,0.0024970173835754395,True
9,403,1784807962.7332556,8,0.0200192928314209,0.0025024116039276123,True
9,404,1784807962.7535944,8,0.019205570220947266,0.002400696277618408,True
9,405,1784807962.7734249,8,0.020584583282470703,0.002573072910308838,True
9,406,1784807962.7943692,8,0.01999211311340332,0.002499014139175415,True
9,407,1784807962.8147714,8,0.021727800369262695,0.002715975046157837,True
9,408,1784807962.8373756,8,0.02084660530090332,0.002605825662612915,True
9,409,1784807962.8587124,8,0.020823001861572266,0.002602875232696533,True
9,410,1784807962.8800423,8,0.021198511123657227,0.0026498138904571533,True
9,411,1784807962.9016852,8,0.02171611785888672,0.00271451473236084,True
9,412,1784807962.923738,8,0.020879745483398438,0.0026099681854248047,True
9,413,1784807962.9449832,8,0.019071578979492188,0.0023839473724365234,True
9,414,1784807962.96442,8,0.02037358283996582,0.0025466978549957275,True
9,415,1784807962.9852247,8,0.0206606388092041,0.0025825798511505127,True
9,416,1784807963.006199,8,0.020778894424438477,0.0025973618030548096,True
9,417,1784807963.027505,8,0.020294904708862305,0.002536863088607788,True
9,418,1784807963.0481644,8,0.01820540428161621,0.0022756755352020264,True
9,419,1784807963.0668576,8,0.02124190330505371,0.002655237913131714,True
9,420,1784807963.0886543,8,0.018718242645263672,0.002339780330657959,True
9,421,1784807963.107661,8,0.02073192596435547,0.0025914907455444336,True
9,422,1784807963.1292062,8,0.019890785217285156,0.0024863481521606445,True
9,423,1784807963.1494803,8,0.020416259765625,0.002552032470703125,True
9,424,1784807963.17112,8,0.019339799880981445,0.0024174749851226807,True
9,425,1784807963.1909206,8,0.02126169204711914,0.0026577115058898926,True
9,426,1784807963.2127023,8,0.02099323272705078,0.0026241540908813477,True
9,427,1784807963.234426,8,0.01954174041748047,0.0024427175521850586,True
9,428,1784807963.2543805,8,0.019780397415161133,0.0024725496768951416,True
9,429,1784807963.274519,8,0.02016139030456543,0.0025201737880706787,True
9,430,1784807963.2949615,8,0.01983165740966797,0.002478957176208496,True
9,431,1784807963.315561,8,0.022291183471679688,0.002786397933959961,True
9,432,1784807963.3385897,8,0.023699522018432617,0.002962440252304077,True
9,433,1784807963.3627381,8,0.020605087280273438,0.0025756359100341797,True
9,434,1784807963.383697,8,0.023575782775878906,0.0029469728469848633,True
9,435,1784807963.4076674,8,0.020146846771240234,0.0025183558464050293,True
9,436,1784807963.4292202,8,0.018640756607055664,0.002330094575881958,True
9,437,1784807963.4482255,8,0.019999265670776367,0.002499908208847046,True
9,438,1784807963.4685414,8,0.01976633071899414,0.0024707913398742676,True
9,439,1784807963.4892209,8,0.019105911254882812,0.0023882389068603516,True
9,440,1784807963.508661,8,0.01990222930908203,0.002487778663635254,True
9,441,1784807963.528887,8,0.018284320831298828,0.0022855401039123535,True
9,442,1784807963.5475113,8,0.022813081741333008,0.002851635217666626,True
9,443,1784807963.5706496,8,0.019870996475219727,0.002483874559402466,True
9,444,1784807963.591143,8,0.020066499710083008,0.002508312463760376,True
9,445,1784807963.6116178,8,0.02020883560180664,0.00252610445022583,True
9,446,1784807963.6321754,8,0.021126270294189453,0.0026407837867736816,True
9,447,1784807963.6547482,8,0.01909637451171875,0.0023870468139648438,True
9,448,1784807963.6745362,8,0.019281864166259766,0.0024102330207824707,True
9,449,1784807963.6942065,8,0.018765926361083984,0.002345740795135498,True
9,450,1784807963.7133746,8,0.020720243453979492,0.0025900304317474365,True
9,451,1784807963.7344387,8,0.019915103912353516,0.0024893879890441895,True
9,452,1784807963.7548077,8,0.021181344985961914,0.0026476681232452393,True
9,453,1784807963.7766519,8,0.020318984985351562,0.0025398731231689453,True
9,454,1784807963.7972746,8,0.022533893585205078,0.0028167366981506348,True
9,455,1784807963.8209834,8,0.017635107040405273,0.002204388380050659,True
9,456,1784807963.838983,8,0.02058100700378418,0.0025726258754730225,True
9,457,1784807963.8599045,8,0.018950462341308594,0.0023688077926635742,True
9,458,1784807963.8795545,8,0.020802974700927734,0.002600371837615967,True
9,459,1784807963.9015908,8,0.01991128921508789,0.0024889111518859863,True
9,460,1784807963.9219906,8,0.020571231842041016,0.002571403980255127,True
9,461,1784807963.9428713,8,0.020521163940429688,0.002565145492553711,True
9,462,1784807963.9637332,8,0.020072460174560547,0.0025090575218200684,True
9,463,1784807963.984176,8,0.01991105079650879,0.0024888813495635986,True
9,464,1784807964.0045505,8,0.02028369903564453,0.0025354623794555664,True
9,465,1784807964.025163,8,0.020006656646728516,0.0025008320808410645,True
9,466,1784807964.0455863,8,0.019639015197753906,0.0024548768997192383,True
9,467,1784807964.065569,8,0.01998448371887207,0.002498060464859009,True
9,468,1784807964.0859356,8,0.019040584564208984,0.002380073070526123,True
9,469,1784807964.1053178,8,0.02015519142150879,0.0025193989276885986,True
9,470,1784807964.1269033,8,0.02045893669128418,0.0025573670864105225,True
9,471,1784807964.1483748,8,0.020218372344970703,0.002527296543121338,True
9,472,1784807964.1693432,8,0.01979970932006836,0.002474963665008545,True
9,473,1784807964.1895478,8,0.019609451293945312,0.002451181411743164,True
9,474,1784807964.209464,8,0.020038366317749023,0.002504795789718628,True
9,475,1784807964.2298844,8,0.019497156143188477,0.0024371445178985596,True
9,476,1784807964.2499435,8,0.019509553909301758,0.0024386942386627197,True
9,477,1784807964.2699108,8,0.020750045776367188,0.0025937557220458984,True
9,478,1784807964.2911153,8,0.019100189208984375,0.002387523651123047,True
9,479,1784807964.310701,8,0.0203704833984375,0.0025463104248046875,True
9,480,1784807964.331486,8,0.019077062606811523,0.0023846328258514404,True
9,481,1784807964.3509936,8,0.019516468048095703,0.002439558506011963,True
9,482,1784807964.3710139,8,0.02141857147216797,0.002677321434020996,True
9,483,1784807964.3927934,8,0.01913309097290039,0.002391636371612549,True
9,484,1784807964.4123685,8,0.019179344177246094,0.0023974180221557617,True
9,485,1784807964.4321287,8,0.02045297622680664,0.00255662202835083,True
9,486,1784807964.453015,8,0.01905345916748047,0.0023816823959350586,True
9,487,1784807964.4726465,8,0.01946544647216797,0.002433180809020996,True
9,488,1784807964.4927444,8,0.02266383171081543,0.0028329789638519287,True
9,489,1784807964.516401,8,0.0210113525390625,0.0026264190673828125,True
9,490,1784807964.5403073,8,0.017596960067749023,0.002199620008468628,True
9,491,1784807964.5582874,8,0.020842790603637695,0.002605348825454712,True
9,492,1784807964.5795243,8,0.01995849609375,0.00249481201171875,True
9,493,1784807964.5998993,8,0.01996636390686035,0.002495795488357544,True
9,494,1784807964.6203887,8,0.02110600471496582,0.0026382505893707275,True
9,495,1784807964.6424525,8,0.02193450927734375,0.0027418136596679688,True
9,496,1784807964.664722,8,0.02075791358947754,0.0025947391986846924,True
9,497,1784807964.686031,8,0.019320249557495117,0.0024150311946868896,True
9,498,1784807964.7059402,8,0.02109670639038086,0.0026370882987976074,True
9,499,1784807964.7274396,8,0.01970958709716797,0.002463698387145996,True
9,500,1784807964.747675,8,0.02033519744873047,0.0025418996810913086,True
9,501,1784807964.7686965,8,0.02103590965270996,0.002629488706588745,True
9,502,1784807964.7910776,8,0.020468711853027344,0.002558588981628418,True
9,503,1784807964.8124151,8,0.020746231079101562,0.0025932788848876953,True
9,504,1784807964.833531,8,0.02245354652404785,0.0028066933155059814,True
9,505,1784807964.8571901,8,0.019617795944213867,0.0024522244930267334,True
9,506,1784807964.8773217,8,0.020039796829223633,0.002504974603652954,True
9,507,1784807964.898168,8,0.020427703857421875,0.0025534629821777344,True
9,508,1784807964.9198275,8,0.019336938858032227,0.0024171173572540283,True
9,509,1784807964.9396327,8,0.021556615829467773,0.0026945769786834717,True
9,510,1784807964.961868,8,0.019612550735473633,0.002451568841934204,True
9,511,1784807964.982059,8,0.019868850708007812,0.0024836063385009766,True
9,512,1784807965.0022862,8,0.022014617919921875,0.0027518272399902344,True
9,513,1784807965.0254009,8,0.022159576416015625,0.002769947052001953,True
9,514,1784807965.0483778,8,0.0184328556060791,0.0023041069507598877,True
9,515,1784807965.0672688,8,0.020266056060791016,0.002533257007598877,True
9,516,1784807965.0879488,8,0.020404815673828125,0.0025506019592285156,True
9,517,1784807965.1087866,8,0.018572568893432617,0.002321571111679077,True
9,518,1784807965.127907,8,0.02122664451599121,0.0026533305644989014,True
9,519,1784807965.1496181,8,0.0202176570892334,0.002527207136154175,True
9,520,1784807965.1708364,8,0.0219419002532959,0.0027427375316619873,True
9,521,1784807965.1933055,8,0.020068883895874023,0.002508610486984253,True
9,522,1784807965.213733,8,0.022085189819335938,0.002760648727416992,True
9,523,1784807965.2365985,8,0.02034449577331543,0.0025430619716644287,True
9,524,1784807965.2573328,8,0.021585702896118164,0.0026982128620147705,True
9,525,1784807965.2796774,8,0.020587682723999023,0.002573460340499878,True
9,526,1784807965.3007355,8,0.020483970642089844,0.0025604963302612305,True
9,527,1784807965.3228886,8,0.019402742385864258,0.0024253427982330322,True
9,528,1784807965.3426902,8,0.020447492599487305,0.002555936574935913,True
9,529,1784807965.3644643,8,0.02124333381652832,0.00265541672706604,True
9,530,1784807965.3863218,8,0.019026517868041992,0.002378314733505249,True
9,531,1784807965.4056184,8,0.02091383934020996,0.002614229917526245,True
9,532,1784807965.427072,8,0.019683122634887695,0.002460390329360962,True
9,533,1784807965.447221,8,0.020363807678222656,0.002545475959777832,True
9,534,1784807965.4679239,8,0.020339488983154297,0.002542436122894287,True
9,535,1784807965.4888375,8,0.02013254165649414,0.0025165677070617676,True
9,536,1784807965.5093117,8,0.019840478897094727,0.002480059862136841,True
9,537,1784807965.5295362,8,0.020374774932861328,0.002546846866607666,True
9,538,1784807965.5503266,8,0.019971132278442383,0.002496391534805298,True
9,539,1784807965.5706995,8,0.018919944763183594,0.0023649930953979492,True
9,540,1784807965.590117,8,0.02019810676574707,0.002524763345718384,True
9,541,1784807965.610733,8,0.019977569580078125,0.0024971961975097656,True
9,542,1784807965.6318178,8,0.019762754440307617,0.002470344305038452,True
9,543,1784807965.6523287,8,0.019869089126586914,0.0024836361408233643,True
9,544,1784807965.6726189,8,0.019713640213012695,0.002464205026626587,True
9,545,1784807965.6938555,8,0.019097089767456055,0.002387136220932007,True
9,546,1784807965.713379,8,0.021037817001342773,0.0026297271251678467,True
9,547,1784807965.7348654,8,0.020721912384033203,0.0025902390480041504,True
9,548,1784807965.7561693,8,0.019109487533569336,0.002388685941696167,True
9,549,1784807965.7756023,8,0.02134990692138672,0.00266873836517334,True
9,550,1784807965.7979326,8,0.02142024040222168,0.00267753005027771,True
9,551,1784807965.8196595,8,0.022612571716308594,0.0028265714645385742,True
9,552,1784807965.8426,8,0.01924443244934082,0.0024055540561676025,True
9,553,1784807965.8623714,8,0.02001166343688965,0.002501457929611206,True
9,554,1784807965.8833914,8,0.02280426025390625,0.0028505325317382812,True
9,555,1784807965.9065294,8,0.019678592681884766,0.0024598240852355957,True
9,556,1784807965.9265654,8,0.018695592880249023,0.002336949110031128,True
9,557,1784807965.9456236,8,0.020035266876220703,0.002504408359527588,True
9,558,1784807965.9664123,8,0.019915103912353516,0.0024893879890441895,True
9,559,1784807965.9867816,8,0.02122664451599121,0.0026533305644989014,True
9,560,1784807966.0084145,8,0.02143383026123047,0.0026792287826538086,True
9,561,1784807966.030369,8,0.020579099655151367,0.002572387456893921,True
9,562,1784807966.0513306,8,0.021079301834106445,0.0026349127292633057,True
9,563,1784807966.0730026,8,0.01858663558959961,0.002323329448699951,True
9,564,1784807966.092258,8,0.018979310989379883,0.0023724138736724854,True
9,565,1784807966.1116607,8,0.021959543228149414,0.0027449429035186768,True
9,566,1784807966.1346383,8,0.01963019371032715,0.0024537742137908936,True
9,567,1784807966.1547499,8,0.021776199340820312,0.002722024917602539,True
9,568,1784807966.1768467,8,0.02156519889831543,0.0026956498622894287,True
9,569,1784807966.198747,8,0.021775245666503906,0.0027219057083129883,True
9,570,1784807966.2209203,8,0.020620346069335938,0.002577543258666992,True
9,571,1784807966.242177,8,0.02131175994873047,0.0026639699935913086,True
9,572,1784807966.263865,8,0.02093219757080078,0.0026165246963500977,True
9,573,1784807966.2861524,8,0.02093982696533203,0.002617478370666504,True
9,574,1784807966.3078651,8,0.019614458084106445,0.0024518072605133057,True
9,575,1784807966.3281474,8,0.019436120986938477,0.0024295151233673096,True
9,576,1784807966.3480105,8,0.01962757110595703,0.002453446388244629,True
9,577,1784807966.3679419,8,0.021070003509521484,0.0026337504386901855,True
9,578,1784807966.3901122,8,0.020628690719604492,0.0025785863399505615,True
9,579,1784807966.4111056,8,0.019985675811767578,0.0024982094764709473,True
9,580,1784807966.431431,8,0.019628286361694336,0.002453535795211792,True
9,581,1784807966.451941,8,0.021222829818725586,0.0026528537273406982,True
9,582,1784807966.4738271,8,0.01911759376525879,0.0023896992206573486,True
9,583,1784807966.4932656,8,0.020015478134155273,0.002501934766769409,True
9,584,1784807966.5145047,8,0.01978611946105957,0.0024732649326324463,True
9,585,1784807966.534601,8,0.01996445655822754,0.0024955570697784424,True
9,586,1784807966.5557797,8,0.02173328399658203,0.002716660499572754,True
9,587,1784807966.5778956,8,0.019067764282226562,0.0023834705352783203,True
9,588,1784807966.5987284,8,0.021062135696411133,0.0026327669620513916,True
9,589,1784807966.6202173,8,0.019259214401245117,0.0024074018001556396,True
9,590,1784807966.6404352,8,0.020721435546875,0.002590179443359375,True
9,591,1784807966.6615222,8,0.020639419555664062,0.002579927444458008,True
9,592,1784807966.6827621,8,0.019730567932128906,0.0024663209915161133,True
9,593,1784807966.703163,8,0.020388126373291016,0.002548515796661377,True
9,594,1784807966.724813,8,0.019942283630371094,0.0024927854537963867,True
9,595,1784807966.7457514,8,0.02029705047607422,0.0025371313095092773,True
9,596,1784807966.7663639,8,0.021517038345336914,0.0026896297931671143,True
9,597,1784807966.7884088,8,0.019503355026245117,0.0024379193782806396,True
9,598,1784807966.808525,8,0.02017664909362793,0.002522081136703491,True
9,599,1784807966.8293555,8,0.02106499671936035,0.002633124589920044,True
9,600,1784807966.8508105,8,0.01995110511779785,0.0024938881397247314,True
9,601,1784807966.8713224,8,0.021519184112548828,0.0026898980140686035,True
9,602,1784807966.8937347,8,0.01958012580871582,0.0024475157260894775,True
9,603,1784807966.913673,8,0.020020723342895508,0.0025025904178619385,True
9,604,1784807966.934699,8,0.020516633987426758,0.0025645792484283447,True
9,605,1784807966.955837,8,0.02389669418334961,0.002987086772918701,True
9,606,1784807966.9803548,8,0.01945352554321289,0.0024316906929016113,True
9,607,1784807967.0004895,8,0.020615100860595703,0.002576887607574463,True
9,608,1784807967.0214229,8,0.020382404327392578,0.0025478005409240723,True
9,609,1784807967.0424588,8,0.02132439613342285,0.0026655495166778564,True
9,610,1784807967.0644555,8,0.019520998001098633,0.002440124750137329,True
9,611,1784807967.0843554,8,0.018781185150146484,0.0023476481437683105,True
9,612,1784807967.10369,8,0.02094554901123047,0.0026181936264038086,True
9,613,1784807967.1251335,8,0.01936793327331543,0.0024209916591644287,True
9,614,1784807967.1458135,8,0.01925063133239746,0.0024063289165496826,True
9,615,1784807967.1669703,8,0.018596887588500977,0.002324610948562622,True
9,616,1784807967.186879,8,0.018584728240966797,0.0023230910301208496,True
9,617,1784807967.2058966,8,0.019537925720214844,0.0024422407150268555,True
9,618,1784807967.2261357,8,0.020013093948364258,0.0025016367435455322,True
9,619,1784807967.2470775,8,0.01963973045349121,0.0024549663066864014,True
9,620,1784807967.2672567,8,0.022602558135986328,0.002825319766998291,True
9,621,1784807967.29054,8,0.018892288208007812,0.0023615360260009766,True
9,622,1784807967.3102267,8,0.020595550537109375,0.002574443817138672,True
9,623,1784807967.3312788,8,0.01956319808959961,0.002445399761199951,True
9,624,1784807967.3512,8,0.0193636417388916,0.00242045521736145,True
9,625,1784807967.3712559,8,0.020831823348999023,0.002603977918624878,True
9,626,1784807967.3924034,8,0.02048015594482422,0.0025600194931030273,True
9,627,1784807967.4132893,8,0.022042512893676758,0.0027553141117095947,True
9,628,1784807967.4361398,8,0.02008652687072754,0.0025108158588409424,True
9,629,1784807967.4566476,8,0.020177602767944336,0.002522200345993042,True
9,630,1784807967.477796,8,0.020113468170166016,0.002514183521270752,True
9,631,1784807967.498367,8,0.020144939422607422,0.0025181174278259277,True
9,632,1784807967.5191138,8,0.01857471466064453,0.0023218393325805664,True
9,633,1784807967.5382621,8,0.02225184440612793,0.002781480550765991,True
9,634,1784807967.5613127,8,0.01987624168395996,0.002484530210494995,True
9,635,1784807967.5822945,8,0.02027416229248047,0.0025342702865600586,True
9,636,1784807967.6031537,8,0.018717288970947266,0.002339661121368408,True
9,637,1784807967.6224146,8,0.021149396896362305,0.002643674612045288,True
9,638,1784807967.6451435,8,0.019225120544433594,0.0024031400680541992,True
9,639,1784807967.665264,8,0.018710851669311523,0.0023388564586639404,True
9,640,1784807967.6849244,8,0.0201873779296875,0.0025234222412109375,True
9,641,1784807967.7064958,8,0.018932819366455078,0.0023666024208068848,True
9,642,1784807967.725862,8,0.020893096923828125,0.0026116371154785156,True
9,643,1784807967.7471921,8,0.018591880798339844,0.0023239850997924805,True
9,644,1784807967.7661905,8,0.02188253402709961,0.002735316753387451,True
9,645,1784807967.7888799,8,0.01936817169189453,0.0024210214614868164,True
9,646,1784807967.808689,8,0.01909160614013672,0.00238645076751709,True
9,647,1784807967.8288734,8,0.018379688262939453,0.0022974610328674316,True
9,648,1784807967.8478174,8,0.02000737190246582,0.0025009214878082275,True
9,649,1784807967.869119,8,0.02104663848876953,0.0026308298110961914,True
9,650,1784807967.8918488,8,0.019323110580444336,0.002415388822555542,True
9,651,1784807967.9117944,8,0.019877910614013672,0.002484738826751709,True
9,652,1784807967.9321427,8,0.0206756591796875,0.0025844573974609375,True
9,653,1784807967.953278,8,0.020421504974365234,0.0025526881217956543,True
9,654,1784807967.9740512,8,0.01960158348083496,0.00245019793510437,True
9,655,1784807967.9947803,8,0.01882147789001465,0.002352684736251831,True
9,656,1784807968.0145087,8,0.017751216888427734,0.002218902111053467,True
9,657,1784807968.032753,8,0.021178007125854492,0.0026472508907318115,True
9,658,1784807968.054307,8,0.0205233097076416,0.0025654137134552,True
9,659,1784807968.0756946,8,0.019447803497314453,0.0024309754371643066,True
9,660,1784807968.0959632,8,0.017946481704711914,0.0022433102130889893,True
9,661,1784807968.114409,8,0.018854618072509766,0.0023568272590637207,True
9,662,1784807968.1340199,8,0.01917552947998047,0.0023969411849975586,True
9,663,1784807968.154326,8,0.019832611083984375,0.002479076385498047,True
9,664,1784807968.174581,8,0.019356966018676758,0.0024196207523345947,True
9,665,1784807968.1942818,8,0.023266315460205078,0.0029082894325256348,True
9,666,1784807968.2182586,8,0.018757104873657227,0.0023446381092071533,True
9,667,1784807968.237479,8,0.019495725631713867,0.0024369657039642334,True
9,668,1784807968.257642,8,0.019651174545288086,0.0024563968181610107,True
9,669,1784807968.2777474,8,0.019105195999145508,0.0023881494998931885,True
9,670,1784807968.2972002,8,0.0206756591796875,0.0025844573974609375,True
9,671,1784807968.3181908,8,0.020428180694580078,0.0025535225868225098,True
9,672,1784807968.338986,8,0.018604516983032227,0.0023255646228790283,True
9,673,1784807968.358015,8,0.020906448364257812,0.0026133060455322266,True
9,674,1784807968.3792853,8,0.018416404724121094,0.0023020505905151367,True
9,675,1784807968.3982115,8,0.02014303207397461,0.002517879009246826,True
9,676,1784807968.4186602,8,0.021556854248046875,0.0026946067810058594,True
9,677,1784807968.4411044,8,0.01924872398376465,0.002406090497970581,True
9,678,1784807968.460815,8,0.019219160079956055,0.002402395009994507,True
9,679,1784807968.480509,8,0.020888566970825195,0.0026110708713531494,True
9,680,1784807968.5016875,8,0.018742799758911133,0.0023428499698638916,True
9,681,1784807968.5207303,8,0.01954936981201172,0.002443671226501465,True
9,682,1784807968.5406508,8,0.020563602447509766,0.0025704503059387207,True
9,683,1784807968.5616302,8,0.01967787742614746,0.0024597346782684326,True
9,684,1784807968.5816786,8,0.019707202911376953,0.002463400363922119,True
9,685,1784807968.6018693,8,0.02082228660583496,0.00260278582572937,True
9,686,1784807968.6230628,8,0.020488500595092773,0.0025610625743865967,True
9,687,1784807968.6438897,8,0.018932819366455078,0.0023666024208068848,True
9,688,1784807968.6632378,8,0.021088600158691406,0.0026360750198364258,True
9,689,1784807968.6846046,8,0.02053546905517578,0.0025669336318969727,True
9,690,1784807968.705716,8,0.019645214080810547,0.0024556517601013184,True
9,691,1784807968.7257798,8,0.019285917282104492,0.0024107396602630615,True
9,692,1784807968.7454307,8,0.022768735885620117,0.0028460919857025146,True
9,693,1784807968.768754,8,0.02040410041809082,0.0025505125522613525,True
9,694,1784807968.7894905,8,0.0192873477935791,0.0024109184741973877,True
9,695,1784807968.8092017,8,0.020167112350463867,0.0025208890438079834,True
9,696,1784807968.8297024,8,0.02019667625427246,0.0025245845317840576,True
9,697,1784807968.8502512,8,0.021227121353149414,0.0026533901691436768,True
9,698,1784807968.8722126,8,0.02015233039855957,0.0025190412998199463,True
9,699,1784807968.8927836,8,0.0189056396484375,0.0023632049560546875,True
9,700,1784807968.9122522,8,0.019578933715820312,0.002447366714477539,True
9,701,1784807968.9322412,8,0.018974781036376953,0.002371847629547119,True
9,702,1784807968.95163,8,0.019702911376953125,0.0024628639221191406,True
9,703,1784807968.9716697,8,0.020280122756958008,0.002535015344619751,True
9,704,1784807968.9923568,8,0.019478559494018555,0.0024348199367523193,True
9,705,1784807969.012118,8,0.019526243209838867,0.0024407804012298584,True
9,706,1784807969.032118,8,0.01981043815612793,0.002476304769515991,True
9,707,1784807969.0522757,8,0.020096778869628906,0.0025120973587036133,True
9,708,1784807969.072758,8,0.01944422721862793,0.002430528402328491,True
9,709,1784807969.0925236,8,0.01916646957397461,0.002395808696746826,True
9,710,1784807969.111964,8,0.0209805965423584,0.0026225745677948,True
9,711,1784807969.1332092,8,0.01891040802001953,0.0023638010025024414,True
9,712,1784807969.152731,8,0.019524335861206055,0.002440541982650757,True
9,713,1784807969.1726453,8,0.019922971725463867,0.0024903714656829834,True
9,714,1784807969.1929073,8,0.020208358764648438,0.0025260448455810547,True
9,715,1784807969.2134085,8,0.01979374885559082,0.0024742186069488525,True
9,716,1784807969.233578,8,0.019093036651611328,0.002386629581451416,True
9,717,1784807969.252972,8,0.018537044525146484,0.0023171305656433105,True
9,718,1784807969.2719297,8,0.02043294906616211,0.0025541186332702637,True
9,719,1784807969.292885,8,0.01945328712463379,0.0024316608905792236,True
9,720,1784807969.3126612,8,0.021149635314941406,0.0026437044143676758,True
9,721,1784807969.334258,8,0.020893573760986328,0.002611696720123291,True
9,722,1784807969.3554618,8,0.020049571990966797,0.0025061964988708496,True
9,723,1784807969.3758333,8,0.01965951919555664,0.00245743989944458,True
9,724,1784807969.3959224,8,0.02021622657775879,0.0025270283222198486,True
9,725,1784807969.416812,8,0.01748800277709961,0.002186000347137451,True
9,726,1784807969.4345984,8,0.021327733993530273,0.002665966749191284,True
9,727,1784807969.4563446,8,0.019707202911376953,0.002463400363922119,True
9,728,1784807969.4763787,8,0.020522356033325195,0.0025652945041656494,True
9,729,1784807969.4976766,8,0.019764184951782227,0.0024705231189727783,True
9,730,1784807969.5181272,8,0.01998138427734375,0.0024976730346679688,True
9,731,1784807969.5385585,8,0.019347190856933594,0.0024183988571166992,True
9,732,1784807969.558481,8,0.02113628387451172,0.002642035484313965,True
9,733,1784807969.5804331,8,0.020644664764404297,0.002580583095550537,True
9,734,1784807969.6017246,8,0.020198822021484375,0.002524852752685547,True
9,735,1784807969.622393,8,0.021770238876342773,0.0027212798595428467,True
9,736,1784807969.6444576,8,0.01993083953857422,0.0024913549423217773,True
9,737,1784807969.6647696,8,0.018133878707885742,0.0022667348384857178,True
9,738,1784807969.6833498,8,0.02044200897216797,0.002555251121520996,True
9,739,1784807969.704826,8,0.020119428634643555,0.0025149285793304443,True
9,740,1784807969.7254376,8,0.01970052719116211,0.0024625658988952637,True
9,741,1784807969.745502,8,0.0194699764251709,0.0024337470531463623,True
9,742,1784807969.765394,8,0.02103710174560547,0.0026296377182006836,True
9,743,1784807969.7868643,8,0.019101858139038086,0.0023877322673797607,True
9,744,1784807969.8063428,8,0.021914243698120117,0.0027392804622650146,True
9,745,1784807969.8285913,8,0.019717693328857422,0.0024647116661071777,True
9,746,1784807969.8488212,8,0.021842479705810547,0.0027303099632263184,True
9,747,1784807969.8713737,8,0.02222299575805664,0.00277787446975708,True
9,748,1784807969.893891,8,0.019443273544311523,0.0024304091930389404,True
9,749,1784807969.9136863,8,0.019226789474487305,0.002403348684310913,True
9,750,1784807969.9332104,8,0.018914461135864258,0.0023643076419830322,True
9,751,1784807969.952487,8,0.019773006439208984,0.002471625804901123,True
9,752,1784807969.9725199,8,0.019287586212158203,0.0024109482765197754,True
9,753,1784807969.9921548,8,0.020484447479248047,0.002560555934906006,True
9,754,1784807970.012992,8,0.019677162170410156,0.0024596452713012695,True
9,755,1784807970.0333555,8,0.022192716598510742,0.0027740895748138428,True
9,756,1784807970.055872,8,0.01952505111694336,0.00244063138961792,True
9,757,1784807970.0758193,8,0.021031856536865234,0.0026289820671081543,True
9,758,1784807970.0973387,8,0.01827836036682129,0.002284795045852661,True
9,759,1784807970.1160007,8,0.020947933197021484,0.0026184916496276855,True
9,760,1784807970.1373436,8,0.0185089111328125,0.0023136138916015625,True
9,761,1784807970.1562002,8,0.02173018455505371,0.002716273069381714,True
9,762,1784807970.178288,8,0.01914525032043457,0.0023931562900543213,True
9,763,1784807970.197825,8,0.01907968521118164,0.002384960651397705,True
9,764,1784807970.217694,8,0.018415451049804688,0.002301931381225586,True
9,765,1784807970.2364347,8,0.02046513557434082,0.0025581419467926025,True
9,766,1784807970.2574775,8,0.018938541412353516,0.0023673176765441895,True
9,767,1784807970.2769024,8,0.019705533981323242,0.0024631917476654053,True
9,768,1784807970.2969468,8,0.019945621490478516,0.0024932026863098145,True
9,769,1784807970.3173509,8,0.018924474716186523,0.0023655593395233154,True
9,770,1784807970.3365781,8,0.020441055297851562,0.0025551319122314453,True
9,771,1784807970.357465,8,0.021030902862548828,0.0026288628578186035,True
9,772,1784807970.3788733,8,0.019594192504882812,0.0024492740631103516,True
9,773,1784807970.3987472,8,0.021952152252197266,0.002744019031524658,True
9,774,1784807970.4210544,8,0.022505521774291992,0.002813190221786499,True
9,775,1784807970.443989,8,0.0189211368560791,0.0023651421070098877,True
9,776,1784807970.463242,8,0.019625425338745117,0.0024531781673431396,True
9,777,1784807970.4833257,8,0.021764755249023438,0.0027205944061279297,True
9,778,1784807970.5054789,8,0.018811941146850586,0.0023514926433563232,True
9,779,1784807970.5247533,8,0.022063016891479492,0.0027578771114349365,True
9,780,1784807970.5472844,8,0.019661664962768555,0.0024577081203460693,True
9,781,1784807970.5674026,8,0.02115631103515625,0.0026445388793945312,True
9,782,1784807970.5889795,8,0.020551204681396484,0.0025689005851745605,True
9,783,1784807970.6101677,8,0.01994943618774414,0.0024936795234680176,True
9,784,1784807970.6306062,8,0.020953655242919922,0.0026192069053649902,True
9,785,1784807970.6520963,8,0.01942753791809082,0.0024284422397613525,True
9,786,1784807970.672673,8,0.018203020095825195,0.0022753775119781494,True
9,787,1784807970.6917279,8,0.021802902221679688,0.002725362777709961,True
9,788,1784807970.7139578,8,0.0192720890045166,0.002409011125564575,True
9,789,1784807970.733643,8,0.02174067497253418,0.0027175843715667725,True
9,790,1784807970.755828,8,0.020218849182128906,0.0025273561477661133,True
9,791,1784807970.7788603,8,0.018343448638916016,0.002292931079864502,True
9,792,1784807970.7977324,8,0.021286725997924805,0.0026608407497406006,True
9,793,1784807970.8195248,8,0.02006077766418457,0.0025075972080230713,True
9,794,1784807970.839985,8,0.022184133529663086,0.0027730166912078857,True
9,795,1784807970.8632443,8,0.01824021339416504,0.00228002667427063,True
9,796,1784807970.8818135,8,0.01979231834411621,0.0024740397930145264,True
9,797,1784807970.9019234,8,0.021001815795898438,0.0026252269744873047,True
9,798,1784807970.923236,8,0.021775245666503906,0.0027219057083129883,True
9,799,1784807970.9453988,8,0.02010345458984375,0.0025129318237304688,True
9,800,1784807970.9660137,8,0.0195314884185791,0.0024414360523223877,True
9,801,1784807970.9858987,8,0.02027726173400879,0.0025346577167510986,True
9,802,1784807971.0078194,8,0.022746562957763672,0.002843320369720459,True
9,803,1784807971.0317235,8,0.018615245819091797,0.0023269057273864746,True
9,804,1784807971.050948,8,0.022817611694335938,0.002852201461791992,True
9,805,1784807971.074673,8,0.015578746795654297,0.0019473433494567871,True
9,806,1784807971.0907462,8,0.01916646957397461,0.002395808696746826,True
9,807,1784807971.1102982,8,0.020638704299926758,0.0025798380374908447,True
9,808,1784807971.131361,8,0.020850181579589844,0.0026062726974487305,True
9,809,1784807971.1529322,8,0.019817590713500977,0.002477198839187622,True
9,810,1784807971.1732473,8,0.019070148468017578,0.0023837685585021973,True
9,811,1784807971.192602,8,0.020255565643310547,0.0025319457054138184,True
9,812,1784807971.2132034,8,0.0225222110748291,0.0028152763843536377,True
9,813,1784807971.2361376,8,0.018688440322875977,0.002336055040359497,True
9,814,1784807971.2552173,8,0.02109384536743164,0.002636730670928955,True
9,815,1784807971.2766433,8,0.02093338966369629,0.002616673707962036,True
9,816,1784807971.298103,8,0.019373655319213867,0.0024217069149017334,True
9,817,1784807971.3179517,8,0.020664453506469727,0.002583056688308716,True
9,818,1784807971.3390002,8,0.02032470703125,0.00254058837890625,True
9,819,1784807971.3596644,8,0.020880699157714844,0.0026100873947143555,True
9,820,1784807971.3810499,8,0.01992011070251465,0.002490013837814331,True
9,821,1784807971.4012585,8,0.019538164138793945,0.002442270517349243,True
9,822,1784807971.421206,8,0.02010059356689453,0.0025125741958618164,True
9,823,1784807971.4417942,8,0.022847414016723633,0.002855926752090454,True
9,824,1784807971.4649937,8,0.02051854133605957,0.0025648176670074463,True
9,825,1784807971.4860973,8,0.01903390884399414,0.0023792386054992676,True
9,826,1784807971.5057511,8,0.020548343658447266,0.002568542957305908,True
9,827,1784807971.5269005,8,0.0177915096282959,0.0022239387035369873,True
9,828,1784807971.545124,8,0.019545316696166992,0.002443164587020874,True
9,829,1784807971.5650957,8,0.01961660385131836,0.002452075481414795,True
9,830,1784807971.5860503,8,0.018321990966796875,0.0022902488708496094,True
9,831,1784807971.6047313,8,0.018454551696777344,0.002306818962097168,True
9,832,1784807971.623577,8,0.019852876663208008,0.002481609582901001,True
9,833,1784807971.6441047,8,0.02009868621826172,0.002512335777282715,True
9,834,1784807971.66471,8,0.01963353157043457,0.0024541914463043213,True
9,835,1784807971.6846673,8,0.01993560791015625,0.0024919509887695312,True
9,836,1784807971.7053337,8,0.021414995193481445,0.0026768743991851807,True
9,837,1784807971.7275674,8,0.02008962631225586,0.0025112032890319824,True
9,838,1784807971.748213,8,0.01868128776550293,0.002335160970687866,True
9,839,1784807971.7673888,8,0.02012324333190918,0.0025154054164886475,True
9,840,1784807971.7878475,8,0.018976211547851562,0.0023720264434814453,True
9,841,1784807971.8071673,8,0.019869327545166016,0.002483665943145752,True
9,842,1784807971.8273826,8,0.019704580307006836,0.0024630725383758545,True
9,843,1784807971.8480523,8,0.019895076751708984,0.002486884593963623,True
9,844,1784807971.8683035,8,0.01954483985900879,0.0024431049823760986,True
9,845,1784807971.8885114,8,0.022537708282470703,0.002817213535308838,True
9,846,1784807971.9115899,8,0.020188093185424805,0.0025235116481781006,True
9,847,1784807971.9320974,8,0.01951766014099121,0.0024397075176239014,True
9,848,1784807971.9519007,8,0.019890308380126953,0.002486288547515869,True
9,849,1784807971.9725547,8,0.02118396759033203,0.002647995948791504,True
9,850,1784807971.994292,8,0.02244400978088379,0.0028055012226104736,True
9,851,1784807972.0171974,8,0.019733190536499023,0.002466648817062378,True
9,852,1784807972.037333,8,0.022053956985473633,0.002756744623184204,True
9,853,1784807972.0600874,8,0.020062685012817383,0.002507835626602173,True
9,854,1784807972.080585,8,0.021168947219848633,0.002646118402481079,True
9,855,1784807972.1031928,8,0.022753238677978516,0.0028441548347473145,True
9,856,1784807972.1264298,8,0.01948070526123047,0.0024350881576538086,True
9,857,1784807972.146247,8,0.020132780075073242,0.0025165975093841553,True
9,858,1784807972.1669397,8,0.021468639373779297,0.002683579921722412,True
9,859,1784807972.1888514,8,0.021617412567138672,0.002702176570892334,True
9,860,1784807972.2107623,8,0.020059585571289062,0.002507448196411133,True
9,861,1784807972.2313695,8,0.018959760665893555,0.0023699700832366943,True
9,862,1784807972.2508528,8,0.01880168914794922,0.0023502111434936523,True
9,863,1784807972.2704375,8,0.019942045211791992,0.002492755651473999,True
9,864,1784807972.2908385,8,0.02047276496887207,0.002559095621109009,True
9,865,1784807972.3117223,8,0.020106792449951172,0.0025133490562438965,True
9,866,1784807972.332135,8,0.02025294303894043,0.0025316178798675537,True
9,867,1784807972.3527641,8,0.020611047744750977,0.002576380968093872,True
9,868,1784807972.3736136,8,0.020613908767700195,0.0025767385959625244,True
9,869,1784807972.3946123,8,0.021448373794555664,0.002681046724319458,True
9,870,1784807972.4164405,8,0.01941967010498047,0.0024274587631225586,True
9,871,1784807972.4362264,8,0.01871943473815918,0.0023399293422698975,True
9,872,1784807972.4553604,8,0.01955556869506836,0.002444446086883545,True
9,873,1784807972.4753995,8,0.019896268844604492,0.0024870336055755615,True
9,874,1784807972.495816,8,0.019865036010742188,0.0024831295013427734,True
9,875,1784807972.5164356,8,0.018266916275024414,0.0022833645343780518,True
9,876,1784807972.5350134,8,0.019409656524658203,0.0024262070655822754,True
9,877,1784807972.5547652,8,0.0206601619720459,0.0025825202465057373,True
9,878,1784807972.5757318,8,0.019657373428344727,0.002457171678543091,True
9,879,1784807972.5959947,8,0.01980733871459961,0.002475917339324951,True
9,880,1784807972.6162202,8,0.0189056396484375,0.0023632049560546875,True
9,881,1784807972.6356058,8,0.019205570220947266,0.002400696277618408,True
9,882,1784807972.6551785,8,0.019820213317871094,0.0024775266647338867,True
9,883,1784807972.6757355,8,0.017893314361572266,0.002236664295196533,True
9,884,1784807972.6939716,8,0.020044565200805664,0.002505570650100708,True
9,885,1784807972.7143252,8,0.0212705135345459,0.0026588141918182373,True
9,886,1784807972.7360668,8,0.02195000648498535,0.002743750810623169,True
9,887,1784807972.7587364,8,0.0194246768951416,0.0024280846118927,True
9,888,1784807972.7790427,8,0.019333839416503906,0.0024167299270629883,True
9,889,1784807972.7987802,8,0.020302772521972656,0.002537846565246582,True
9,890,1784807972.8194892,8,0.019436359405517578,0.0024295449256896973,True
9,891,1784807972.839271,8,0.020336151123046875,0.0025420188903808594,True
9,892,1784807972.8601234,8,0.020354747772216797,0.0025443434715270996,True
9,893,1784807972.8813467,8,0.020815134048461914,0.0026018917560577393,True
9,894,1784807972.902769,8,0.02116084098815918,0.0026451051235198975,True
9,895,1784807972.924345,8,0.02109837532043457,0.0026372969150543213,True
9,896,1784807972.9464931,8,0.01979660987854004,0.002474576234817505,True
9,897,1784807972.9669466,8,0.01803302764892578,0.0022541284561157227,True
9,898,1784807972.9853623,8,0.02001190185546875,0.0025014877319335938,True
9,899,1784807973.0057266,8,0.019190073013305664,0.002398759126663208,True
9,900,1784807973.025263,8,0.0204622745513916,0.00255778431892395,True
9,901,1784807973.046002,8,0.020457029342651367,0.002557128667831421,True
9,902,1784807973.0668247,8,0.02095317840576172,0.002619147300720215,True
9,903,1784807973.0882037,8,0.020439863204956055,0.002554982900619507,True
9,904,1784807973.1095076,8,0.019480228424072266,0.002435028553009033,True
9,905,1784807973.1294892,8,0.01940155029296875,0.0024251937866210938,True
9,906,1784807973.149517,8,0.019756078720092773,0.0024695098400115967,True
9,907,1784807973.1696951,8,0.020534276962280273,0.002566784620285034,True
9,908,1784807973.1906464,8,0.019115686416625977,0.002389460802078247,True
9,909,1784807973.210156,8,0.019301176071166992,0.002412647008895874,True
9,910,1784807973.2301629,8,0.02129817008972168,0.00266227126121521,True
9,911,1784807973.2519717,8,0.021569490432739258,0.0026961863040924072,True
9,912,1784807973.2738137,8,0.01999664306640625,0.0024995803833007812,True
9,913,1784807973.2942984,8,0.019938230514526367,0.002492278814315796,True
9,914,1784807973.314549,8,0.018894672393798828,0.0023618340492248535,True
9,915,1784807973.3338397,8,0.02154994010925293,0.002693742513656616,True
9,916,1784807973.3557308,8,0.01938176155090332,0.002422720193862915,True
9,917,1784807973.3760161,8,0.02010798454284668,0.002513498067855835,True
9,918,1784807973.3964643,8,0.020987272262573242,0.0026234090328216553,True
9,919,1784807973.4182763,8,0.01947784423828125,0.0024347305297851562,True
9,920,1784807973.4386702,8,0.019745826721191406,0.0024682283401489258,True
9,921,1784807973.4590068,8,0.019413232803344727,0.002426654100418091,True
9,922,1784807973.478754,8,0.02096843719482422,0.0026210546493530273,True
9,923,1784807973.5001726,8,0.02086806297302246,0.0026085078716278076,True
9,924,1784807973.522041,8,0.019618511199951172,0.0024523138999938965,True
9,925,1784807973.54194,8,0.020409584045410156,0.0025511980056762695,True
9,926,1784807973.5629098,8,0.02177596092224121,0.0027219951152801514,True
9,927,1784807973.5850573,8,0.02189040184020996,0.002736300230026245,True
9,928,1784807973.6072829,8,0.02077198028564453,0.0025964975357055664,True
9,929,1784807973.628393,8,0.01977062225341797,0.002471327781677246,True
9,930,1784807973.6484687,8,0.020516157150268555,0.0025645196437835693,True
9,931,1784807973.669354,8,0.01925945281982422,0.0024074316024780273,True
9,932,1784807973.6890721,8,0.019315719604492188,0.0024144649505615234,True
9,933,1784807973.7086995,8,0.020019054412841797,0.0025023818016052246,True
9,934,1784807973.7290437,8,0.019015073776245117,0.0023768842220306396,True
9,935,1784807973.7483344,8,0.021898269653320312,0.002737283706665039,True
9,936,1784807973.7705564,8,0.019399642944335938,0.002424955368041992,True
9,937,1784807973.7905147,8,0.01933455467224121,0.0024168193340301514,True
9,938,1784807973.810389,8,0.018619537353515625,0.002327442169189453,True
9,939,1784807973.8293571,8,0.019375085830688477,0.0024218857288360596,True
9,940,1784807973.8493145,8,0.0198667049407959,0.0024833381175994873,True
9,941,1784807973.8704534,8,0.020084142684936523,0.0025105178356170654,True
9,942,1784807973.8916042,8,0.019379377365112305,0.002422422170639038,True
9,943,1784807973.9113643,8,0.02069544792175293,0.002586930990219116,True
9,944,1784807973.932912,8,0.02341747283935547,0.0029271841049194336,True
9,945,1784807973.9569619,8,0.019512653350830078,0.0024390816688537598,True
9,946,1784807973.9769008,8,0.019352197647094727,0.002419024705886841,True
9,947,1784807973.9966514,8,0.01984262466430664,0.00248032808303833,True
9,948,1784807974.0168798,8,0.02023482322692871,0.002529352903366089,True
9,949,1784807974.0377061,8,0.020160675048828125,0.0025200843811035156,True
9,950,1784807974.0583904,8,0.019797325134277344,0.002474665641784668,True
9,951,1784807974.078775,8,0.019590139389038086,0.0024487674236297607,True
9,952,1784807974.0989969,8,0.019692182540893555,0.0024615228176116943,True
9,953,1784807974.1190944,8,0.020092487335205078,0.0025115609169006348,True
9,954,1784807974.1398602,8,0.01987004280090332,0.002483755350112915,True
9,955,1784807974.16071,8,0.018593549728393555,0.0023241937160491943,True
9,956,1784807974.1796212,8,0.0202791690826416,0.0025348961353302,True
9,957,1784807974.200682,8,0.01875019073486328,0.00234377384185791,True
9,958,1784807974.219977,8,0.018846511840820312,0.002355813980102539,True
9,959,1784807974.2392113,8,0.019953250885009766,0.0024941563606262207,True
9,960,1784807974.2596064,8,0.02024555206298828,0.002530694007873535,True
9,961,1784807974.280309,8,0.019633769989013672,0.002454221248626709,True
9,962,1784807974.3004477,8,0.020688772201538086,0.0025860965251922607,True
9,963,1784807974.3216362,8,0.018652915954589844,0.0023316144943237305,True
9,964,1784807974.341296,8,0.020601511001586914,0.0025751888751983643,True
9,965,1784807974.3626401,8,0.01868462562561035,0.002335578203201294,True
9,966,1784807974.3818076,8,0.020117521286010742,0.0025146901607513428,True
9,967,1784807974.4022918,8,0.019427776336669922,0.0024284720420837402,True
9,968,1784807974.4220579,8,0.018513202667236328,0.002314150333404541,True
9,969,1784807974.4417446,8,0.02074289321899414,0.0025928616523742676,True
9,970,1784807974.462973,8,0.01978611946105957,0.0024732649326324463,True
9,971,1784807974.4837146,8,0.02013421058654785,0.0025167763233184814,True
9,972,1784807974.5044458,8,0.01873302459716797,0.002341628074645996,True
9,973,1784807974.5237358,8,0.023966073989868164,0.0029957592487335205,True
9,974,1784807974.5481226,8,0.019957780838012695,0.002494722604751587,True
9,975,1784807974.5685418,8,0.01927971839904785,0.0024099647998809814,True
9,976,1784807974.5884552,8,0.021370410919189453,0.0026713013648986816,True
9,977,1784807974.61023,8,0.01842355728149414,0.0023029446601867676,True
9,978,1784807974.6292331,8,0.021774768829345703,0.002721846103668213,True
9,979,1784807974.651562,8,0.020797252655029297,0.002599656581878662,True
9,980,1784807974.6735198,8,0.020928621292114258,0.0026160776615142822,True
9,981,1784807974.6949198,8,0.018213748931884766,0.0022767186164855957,True
9,982,1784807974.714083,8,0.0196077823638916,0.00245097279548645,True
9,983,1784807974.734095,8,0.02009272575378418,0.0025115907192230225,True
9,984,1784807974.754651,8,0.021684885025024414,0.0027106106281280518,True
9,985,1784807974.777222,8,0.01963663101196289,0.0024545788764953613,True
9,986,1784807974.7972057,8,0.019238948822021484,0.0024048686027526855,True
9,987,1784807974.817039,8,0.019622325897216797,0.0024527907371520996,True
9,988,1784807974.837579,8,0.019461631774902344,0.002432703971862793,True
9,989,1784807974.857475,8,0.01973891258239746,0.0024673640727996826,True
9,990,1784807974.877567,8,0.018842697143554688,0.002355337142944336,True
9,991,1784807974.8967614,8,0.019144773483276367,0.002393096685409546,True
9,992,1784807974.9165027,8,0.020237207412719727,0.002529650926589966,True
9,993,1784807974.937082,8,0.02224278450012207,0.002780348062515259,True
9,994,1784807974.9600086,8,0.02148294448852539,0.002685368061065674,True
9,995,1784807974.981957,8,0.018290996551513672,0.002286374568939209,True
9,996,1784807975.000596,8,0.021497249603271484,0.0026871562004089355,True
9,997,1784807975.0225644,8,0.018006563186645508,0.0022508203983306885,True
9,998,1784807975.0409162,8,0.020392656326293945,0.002549082040786743,True
9,999,1784807975.0615761,8,0.01954174041748047,0.0024427175521850586,True
9,1000,1784807975.0816135,8,0.026961326599121094,0.0033701658248901367,True
9,1001,1784807975.109142,8,0.01735663414001465,0.002169579267501831,True
9,1002,1784807975.1271012,8,0.01847696304321289,0.0023096203804016113,True
9,1003,1784807975.1460052,8,0.019600629806518555,0.0024500787258148193,True
9,1004,1784807975.1660564,8,0.020200729370117188,0.0025250911712646484,True
9,1005,1784807975.1867085,8,0.021109819412231445,0.0026387274265289307,True
9,1006,1784807975.208116,8,0.01809382438659668,0.002261728048324585,True
9,1007,1784807975.226563,8,0.022027254104614258,0.0027534067630767822,True
9,1008,1784807975.2491863,8,0.019794702529907227,0.0024743378162384033,True
9,1009,1784807975.2692733,8,0.02144646644592285,0.0026808083057403564,True
9,1010,1784807975.2915735,8,0.017365455627441406,0.0021706819534301758,True
9,1011,1784807975.309257,8,0.020313501358032227,0.0025391876697540283,True
9,1012,1784807975.3299327,8,0.020494699478149414,0.0025618374347686768,True
9,1013,1784807975.3507497,8,0.019299030303955078,0.0024123787879943848,True
9,1014,1784807975.3703535,8,0.019049644470214844,0.0023812055587768555,True
9,1015,1784807975.3897324,8,0.0221250057220459,0.0027656257152557373,True
9,1016,1784807975.4122398,8,0.018604040145874023,0.002325505018234253,True
9,1017,1784807975.4313645,8,0.018358945846557617,0.002294868230819702,True
9,1018,1784807975.4502048,8,0.019718647003173828,0.0024648308753967285,True
9,1019,1784807975.4705029,8,0.022176742553710938,0.002772092819213867,True
9,1020,1784807975.4937117,8,0.01891040802001953,0.0023638010025024414,True
9,1021,1784807975.5147367,8,0.016909122467041016,0.002113640308380127,True
9,1022,1784807975.532123,8,0.019066810607910156,0.0023833513259887695,True
9,1023,1784807975.5514858,8,0.021274805068969727,0.002659350633621216,True
9,1024,1784807975.5731044,8,0.0209653377532959,0.0026206672191619873,True
9,1025,1784807975.594537,8,0.021192312240600586,0.0026490390300750732,True
9,1026,1784807975.6162353,8,0.0197451114654541,0.0024681389331817627,True
9,1027,1784807975.6363444,8,0.02162003517150879,0.0027025043964385986,True
9,1028,1784807975.6583788,8,0.020035266876220703,0.002504408359527588,True
9,1029,1784807975.678811,8,0.02180790901184082,0.0027259886264801025,True
9,1030,1784807975.7009976,8,0.022620677947998047,0.002827584743499756,True
9,1031,1784807975.7241082,8,0.019611835479736328,0.002451479434967041,True
9,1032,1784807975.744164,8,0.0191497802734375,0.0023937225341796875,True
9,1033,1784807975.7637067,8,0.021652698516845703,0.002706587314605713,True
9,1034,1784807975.7857304,8,0.019377946853637695,0.002422243356704712,True
9,1035,1784807975.805557,8,0.019010305404663086,0.0023762881755828857,True
9,1036,1784807975.8250105,8,0.020931243896484375,0.002616405487060547,True
9,1037,1784807975.84649,8,0.018822431564331055,0.002352803945541382,True
9,1038,1784807975.8656454,8,0.021146059036254883,0.0026432573795318604,True
9,1039,1784807975.8879817,8,0.019962549209594727,0.002495318651199341,True
9,1040,1784807975.9084342,8,0.02064061164855957,0.0025800764560699463,True
9,1041,1784807975.9318748,8,0.019095659255981445,0.0023869574069976807,True
9,1042,1784807975.9513779,8,0.02113175392150879,0.0026414692401885986,True
9,1043,1784807975.973246,8,0.018606901168823242,0.0023258626461029053,True
9,1044,1784807975.9922771,8,0.021329879760742188,0.0026662349700927734,True
9,1045,1784807976.014104,8,0.02247452735900879,0.0028093159198760986,True
9,1046,1784807976.0371811,8,0.017798185348510742,0.0022247731685638428,True
9,1047,1784807976.055359,8,0.020032167434692383,0.002504020929336548,True
9,1048,1784807976.0759177,8,0.02028512954711914,0.0025356411933898926,True
9,1049,1784807976.096676,8,0.02091050148010254,0.0026138126850128174,True
9,1050,1784807976.1180587,8,0.021157503128051758,0.0026446878910064697,True
9,1051,1784807976.1395566,8,0.02004551887512207,0.002505689859390259,True
9,1052,1784807976.1602588,8,0.0193941593170166,0.002424269914627075,True
9,1053,1784807976.1799614,8,0.020038843154907227,0.0025048553943634033,True
9,1054,1784807976.2003598,8,0.020595312118530273,0.002574414014816284,True
9,1055,1784807976.2214172,8,0.020729780197143555,0.0025912225246429443,True
9,1056,1784807976.2425761,8,0.018516063690185547,0.0023145079612731934,True
9,1057,1784807976.261376,8,0.02080059051513672,0.00260007381439209,True
9,1058,1784807976.282578,8,0.018299341201782227,0.0022874176502227783,True
9,1059,1784807976.3013377,8,0.020818471908569336,0.002602308988571167,True
9,1060,1784807976.3226264,8,0.0219118595123291,0.0027389824390411377,True
9,1061,1784807976.3449206,8,0.02051091194152832,0.00256386399269104,True
9,1062,1784807976.3660967,8,0.01853632926940918,0.0023170411586761475,True
9,1063,1784807976.3851547,8,0.01834869384765625,0.0022935867309570312,True
9,1064,1784807976.404376,8,0.020694971084594727,0.002586871385574341,True
9,1065,1784807976.42685,8,0.019855737686157227,0.0024819672107696533,True
9,1066,1784807976.447157,8,0.020199060440063477,0.0025248825550079346,True
9,1067,1784807976.4677064,8,0.021228551864624023,0.002653568983078003,True
9,1068,1784807976.489792,8,0.0198822021484375,0.0024852752685546875,True
9,1069,1784807976.5100133,8,0.019632816314697266,0.002454102039337158,True
9,1070,1784807976.5309286,8,0.02150130271911621,0.0026876628398895264,True
9,1071,1784807976.5530403,8,0.019399404525756836,0.0024249255657196045,True
9,1072,1784807976.5728571,8,0.021009206771850586,0.0026261508464813232,True
9,1073,1784807976.5945609,8,0.018666744232177734,0.002333343029022217,True
9,1074,1784807976.6142917,8,0.020595073699951172,0.0025743842124938965,True
9,1075,1784807976.636216,8,0.019426345825195312,0.002428293228149414,True
9,1076,1784807976.6563144,8,0.01899862289428711,0.0023748278617858887,True
9,1077,1784807976.67576,8,0.020832538604736328,0.002604067325592041,True
9,1078,1784807976.6970887,8,0.019643783569335938,0.002455472946166992,True
9,1079,1784807976.7171001,8,0.020528078079223633,0.002566009759902954,True
9,1080,1784807976.7389066,8,0.02054429054260254,0.0025680363178253174,True
9,1081,1784807976.7597811,8,0.02084064483642578,0.0026050806045532227,True
9,1082,1784807976.7809339,8,0.019878149032592773,0.0024847686290740967,True
9,1083,1784807976.801264,8,0.019568204879760742,0.0024460256099700928,True
9,1084,1784807976.8212116,8,0.020311355590820312,0.002538919448852539,True
9,1085,1784807976.84214,8,0.019577980041503906,0.0024472475051879883,True
9,1086,1784807976.8621554,8,0.02119612693786621,0.0026495158672332764,True
9,1087,1784807976.8840923,8,0.01980876922607422,0.0024760961532592773,True
9,1088,1784807976.9043424,8,0.01979827880859375,0.0024747848510742188,True
9,1089,1784807976.92449,8,0.021718740463256836,0.0027148425579071045,True
9,1090,1784807976.9471283,8,0.018906831741333008,0.002363353967666626,True
9,1091,1784807976.9664037,8,0.019001483917236328,0.002375185489654541,True
9,1092,1784807976.9860332,8,0.020280838012695312,0.002535104751586914,True
9,1093,1784807977.0069463,8,0.01866888999938965,0.002333611249923706,True
9,1094,1784807977.026291,8,0.020760297775268555,0.0025950372219085693,True
9,1095,1784807977.047456,8,0.021635770797729492,0.0027044713497161865,True
9,1096,1784807977.0694692,8,0.019548416137695312,0.002443552017211914,True
9,1097,1784807977.0893376,8,0.02048659324645996,0.002560824155807495,True
9,1098,1784807977.110231,8,0.018601179122924805,0.0023251473903656006,True
9,1099,1784807977.1293054,8,0.019422292709350586,0.0024277865886688232,True
9,1100,1784807977.1490817,8,0.02153944969177246,0.0026924312114715576,True
9,1101,1784807977.1711853,8,0.019690990447998047,0.002461373805999756,True
9,1102,1784807977.191646,8,0.02065753936767578,0.0025821924209594727,True
9,1103,1784807977.2128794,8,0.020725727081298828,0.0025907158851623535,True
9,1104,1784807977.233949,8,0.020206212997436523,0.0025257766246795654,True
9,1105,1784807977.2549825,8,0.01848149299621582,0.0023101866245269775,True
9,1106,1784807977.2740855,8,0.019887924194335938,0.002485990524291992,True
9,1107,1784807977.294467,8,0.02062535285949707,0.002578169107437134,True
9,1108,1784807977.3155458,8,0.02062678337097168,0.00257834792137146,True
9,1109,1784807977.337635,8,0.019644975662231445,0.0024556219577789307,True
9,1110,1784807977.3576593,8,0.02053046226501465,0.002566307783126831,True
9,1111,1784807977.3785324,8,0.02002120018005371,0.002502650022506714,True
9,1112,1784807977.3989394,8,0.019110441207885742,0.0023888051509857178,True
9,1113,1784807977.4193792,8,0.020599842071533203,0.0025749802589416504,True
9,1114,1784807977.4410815,8,0.019657135009765625,0.002457141876220703,True
9,1115,1784807977.461314,8,0.02191448211669922,0.0027393102645874023,True
9,1116,1784807977.4843996,8,0.022196292877197266,0.002774536609649658,True
9,1117,1784807977.50709,8,0.018018245697021484,0.0022522807121276855,True
9,1118,1784807977.5258236,8,0.01958298683166504,0.00244787335395813,True
9,1119,1784807977.545812,8,0.020577669143676758,0.0025722086429595947,True
9,1120,1784807977.56687,8,0.02009749412536621,0.0025121867656707764,True
9,1121,1784807977.58791,8,0.020882129669189453,0.0026102662086486816,True
9,1122,1784807977.6099963,8,0.019190549850463867,0.0023988187313079834,True
9,1123,1784807977.629618,8,0.021308422088623047,0.002663552761077881,True
9,1124,1784807977.651542,8,0.02072906494140625,0.0025911331176757812,True
9,1125,1784807977.672901,8,0.01905369758605957,0.0023817121982574463,True
9,1126,1784807977.6928372,8,0.01943802833557129,0.002429753541946411,True
9,1127,1784807977.7126675,8,0.020854711532592773,0.0026068389415740967,True
9,1128,1784807977.7339737,8,0.01999950408935547,0.0024999380111694336,True
9,1129,1784807977.7548044,8,0.021982669830322266,0.002747833728790283,True
9,1130,1784807977.7772915,8,0.0211029052734375,0.0026378631591796875,True
9,1131,1784807977.7988331,8,0.019576549530029297,0.002447068691253662,True
9,1132,1784807977.81906,8,0.020025014877319336,0.002503126859664917,True
9,1133,1784807977.8395016,8,0.01975393295288086,0.0024692416191101074,True
9,1134,1784807977.85985,8,0.020778894424438477,0.0025973618030548096,True
9,1135,1784807977.8822966,8,0.019073963165283203,0.0023842453956604004,True
9,1136,1784807977.90176,8,0.019464969635009766,0.0024331212043762207,True
9,1137,1784807977.9215193,8,0.020943403244018555,0.0026179254055023193,True
9,1138,1784807977.943085,8,0.020738840103149414,0.0025923550128936768,True
9,1139,1784807977.9645827,8,0.018177032470703125,0.0022721290588378906,True
9,1140,1784807977.9834635,8,0.019858360290527344,0.002482295036315918,True
9,1141,1784807978.0038667,8,0.020569324493408203,0.0025711655616760254,True
9,1142,1784807978.025061,8,0.020251989364624023,0.002531498670578003,True
9,1143,1784807978.0461237,8,0.020333051681518555,0.0025416314601898193,True
9,1144,1784807978.0671885,8,0.02714371681213379,0.0033929646015167236,True
9,1145,1784807978.0949204,8,0.016503572463989258,0.0020629465579986572,True
9,1146,1784807978.1120906,8,0.01892256736755371,0.002365320920944214,True
9,1147,1784807978.1314485,8,0.020214080810546875,0.0025267601013183594,True
9,1148,1784807978.1521134,8,0.020637989044189453,0.0025797486305236816,True
9,1149,1784807978.1735427,8,0.020001649856567383,0.002500206232070923,True
9,1150,1784807978.1957676,8,0.0206758975982666,0.002584487199783325,True
9,1151,1784807978.217176,8,0.01991891860961914,0.0024898648262023926,True
9,1152,1784807978.2374563,8,0.01997852325439453,0.0024973154067993164,True
9,1153,1784807978.2583065,8,0.020107030868530273,0.002513378858566284,True
9,1154,1784807978.2794805,8,0.020304203033447266,0.002538025379180908,True
9,1155,1784807978.3004262,8,0.018141746520996094,0.0022677183151245117,True
9,1156,1784807978.3193004,8,0.022235393524169922,0.0027794241905212402,True
9,1157,1784807978.3428047,8,0.02007293701171875,0.0025091171264648438,True
9,1158,1784807978.363332,8,0.020407676696777344,0.002550959587097168,True
9,1159,1784807978.3844874,8,0.01969122886657715,0.0024614036083221436,True
9,1160,1784807978.4046116,8,0.02003002166748047,0.0025037527084350586,True
9,1161,1784807978.4250433,8,0.020241498947143555,0.0025301873683929443,True
9,1162,1784807978.4456854,8,0.019948720932006836,0.0024935901165008545,True
9,1163,1784807978.466046,8,0.01922607421875,0.00240325927734375,True
9,1164,1784807978.4861622,8,0.01935100555419922,0.0024188756942749023,True
9,1165,1784807978.5062952,8,0.019184112548828125,0.0023980140686035156,True
9,1166,1784807978.526047,8,0.018691301345825195,0.0023364126682281494,True
9,1167,1784807978.5458238,8,0.019765377044677734,0.002470672130584717,True
9,1168,1784807978.5659144,8,0.0214993953704834,0.002687424421310425,True
9,1169,1784807978.5879896,8,0.01928091049194336,0.00241011381149292,True
9,1170,1784807978.6076777,8,0.020467519760131836,0.0025584399700164795,True
9,1171,1784807978.628518,8,0.018477201461791992,0.002309650182723999,True
9,1172,1784807978.6473844,8,0.01821303367614746,0.0022766292095184326,True
9,1173,1784807978.6660116,8,0.021227121353149414,0.0026533901691436768,True
9,1174,1784807978.6875298,8,0.017873525619506836,0.0022341907024383545,True
9,1175,1784807978.7057452,8,0.020019054412841797,0.0025023818016052246,True
9,1176,1784807978.7261214,8,0.019888639450073242,0.0024860799312591553,True
9,1177,1784807978.7463527,8,0.01987600326538086,0.0024845004081726074,True
9,1178,1784807978.766558,8,0.01983189582824707,0.002478986978530884,True
9,1179,1784807978.7868726,8,0.022103548049926758,0.0027629435062408447,True
9,1180,1784807978.8095615,8,0.021437883377075195,0.0026797354221343994,True
9,1181,1784807978.8317378,8,0.01873469352722168,0.00234183669090271,True
9,1182,1784807978.850869,8,0.02060842514038086,0.0025760531425476074,True
9,1183,1784807978.872146,8,0.01829814910888672,0.00228726863861084,True
9,1184,1784807978.8910522,8,0.019339799880981445,0.0024174749851226807,True
9,1185,1784807978.910687,8,0.02070760726928711,0.0025884509086608887,True
9,1186,1784807978.9316723,8,0.019251108169555664,0.002406388521194458,True
9,1187,1784807978.951352,8,0.01884150505065918,0.0023551881313323975,True
9,1188,1784807978.970836,8,0.019083261489868164,0.0023854076862335205,True
9,1189,1784807978.9904473,8,0.019176721572875977,0.002397090196609497,True
9,1190,1784807979.0101418,8,0.02056574821472168,0.00257071852684021,True
9,1191,1784807979.031995,8,0.018080472946166992,0.002260059118270874,True
9,1192,1784807979.050481,8,0.02116537094116211,0.0026456713676452637,True
9,1193,1784807979.0724275,8,0.02031254768371582,0.0025390684604644775,True
9,1194,1784807979.0931704,8,0.020081520080566406,0.0025101900100708008,True
9,1195,1784807979.1137426,8,0.018969058990478516,0.0023711323738098145,True
9,1196,1784807979.1349304,8,0.018918514251708984,0.002364814281463623,True
9,1197,1784807979.1541789,8,0.019777297973632812,0.0024721622467041016,True
9,1198,1784807979.174455,8,0.02014446258544922,0.0025180578231811523,True
9,1199,1784807979.1956258,8,0.020728111267089844,0.0025910139083862305,True
9,1200,1784807979.2168298,8,0.019733667373657227,0.0024667084217071533,True
9,1201,1784807979.2371092,8,0.0195004940032959,0.0024375617504119873,True
9,1202,1784807979.2569823,8,0.021907567977905273,0.002738445997238159,True
9,1203,1784807979.2793543,8,0.019582748413085938,0.002447843551635742,True
9,1204,1784807979.2994,8,0.019777774810791016,0.002472221851348877,True
9,1205,1784807979.3195581,8,0.020013809204101562,0.0025017261505126953,True
9,1206,1784807979.3404224,8,0.021576881408691406,0.0026971101760864258,True
9,1207,1784807979.3624663,8,0.02005600929260254,0.0025070011615753174,True
9,1208,1784807979.3833373,8,0.02035212516784668,0.002544015645980835,True
9,1209,1784807979.4041963,8,0.02047252655029297,0.002559065818786621,True
9,1210,1784807979.4253385,8,0.020066261291503906,0.0025082826614379883,True
9,1211,1784807979.447051,8,0.0206601619720459,0.0025825202465057373,True
9,1212,1784807979.4683287,8,0.018772125244140625,0.002346515655517578,True
9,1213,1784807979.4881353,8,0.019617557525634766,0.0024521946907043457,True
9,1214,1784807979.5081065,8,0.018178939819335938,0.002272367477416992,True
9,1215,1784807979.5266972,8,0.018959999084472656,0.002369999885559082,True
9,1216,1784807979.546824,8,0.021183252334594727,0.002647906541824341,True
9,1217,1784807979.5693994,8,0.021293163299560547,0.0026616454124450684,True
9,1218,1784807979.5911481,8,0.018785715103149414,0.0023482143878936768,True
9,1219,1784807979.6109276,8,0.019696474075317383,0.002462059259414673,True
9,1220,1784807979.631716,8,0.018576383590698242,0.0023220479488372803,True
9,1221,1784807979.6508558,8,0.018031835556030273,0.002253979444503784,True
9,1222,1784807979.6700587,8,0.019826650619506836,0.0024783313274383545,True
9,1223,1784807979.6907365,8,0.021477222442626953,0.002684652805328369,True
9,1224,1784807979.712847,8,0.018436431884765625,0.002304553985595703,True
9,1225,1784807979.7318118,8,0.019832849502563477,0.0024791061878204346,True
9,1226,1784807979.7520614,8,0.0196378231048584,0.0024547278881073,True
9,1227,1784807979.7723374,8,0.02069854736328125,0.0025873184204101562,True
9,1228,1784807979.7951035,8,0.020194053649902344,0.002524256706237793,True
9,1229,1784807979.8161077,8,0.02080535888671875,0.0026006698608398438,True
9,1230,1784807979.8381748,8,0.020139455795288086,0.0025174319744110107,True
9,1231,1784807979.859128,8,0.02171802520751953,0.0027147531509399414,True
9,1232,1784807979.8814652,8,0.018790006637573242,0.0023487508296966553,True
9,1233,1784807979.900968,8,0.020981788635253906,0.0026227235794067383,True
9,1234,1784807979.9224963,8,0.01850271224975586,0.0023128390312194824,True
9,1235,1784807979.941602,8,0.019305944442749023,0.002413243055343628,True
9,1236,1784807979.961683,8,0.02083897590637207,0.002604871988296509,True
9,1237,1784807979.9833882,8,0.01822805404663086,0.0022785067558288574,True
9,1238,1784807980.002764,8,0.021692991256713867,0.0027116239070892334,True
9,1239,1784807980.0252173,8,0.018410444259643555,0.0023013055324554443,True
9,1240,1784807980.044394,8,0.019127368927001953,0.002390921115875244,True
9,1241,1784807980.0638442,8,0.0206754207611084,0.00258442759513855,True
9,1242,1784807980.0848322,8,0.021216154098510742,0.0026520192623138428,True
9,1243,1784807980.1064482,8,0.019004106521606445,0.0023755133152008057,True
9,1244,1784807980.1261585,8,0.02127218246459961,0.002659022808074951,True
9,1245,1784807980.1485498,8,0.02009439468383789,0.0025117993354797363,True
9,1246,1784807980.1707413,8,0.021332502365112305,0.002666562795639038,True
9,1247,1784807980.1932592,8,0.019128084182739258,0.0023910105228424072,True
9,1248,1784807980.212895,8,0.020394325256347656,0.002549290657043457,True
9,1249,1784807980.233801,8,0.020151376724243164,0.0025189220905303955,True
9,1250,1784807980.2544131,8,0.021398305892944336,0.002674788236618042,True
9,1251,1784807980.2769344,8,0.017886877059936523,0.0022358596324920654,True
9,1252,1784807980.2963877,8,0.018380165100097656,0.002297520637512207,True
9,1253,1784807980.3152788,8,0.019161701202392578,0.0023952126502990723,True
9,1254,1784807980.3350756,8,0.02016592025756836,0.002520740032196045,True
9,1255,1784807980.3559277,8,0.019974470138549805,0.0024968087673187256,True
9,1256,1784807980.376394,8,0.02024698257446289,0.0025308728218078613,True
9,1257,1784807980.397083,8,0.021373271942138672,0.002671658992767334,True
9,1258,1784807980.4205003,8,0.02080249786376953,0.0026003122329711914,True
9,1259,1784807980.4430366,8,0.02046799659729004,0.002558499574661255,True
9,1260,1784807980.4643445,8,0.020039081573486328,0.002504885196685791,True
9,1261,1784807980.4848263,8,0.019689321517944336,0.002461165189743042,True
9,1262,1784807980.5050094,8,0.019318580627441406,0.0024148225784301758,True
9,1263,1784807980.5247288,8,0.019376754760742188,0.0024220943450927734,True
9,1264,1784807980.544573,8,0.021611452102661133,0.0027014315128326416,True
9,1265,1784807980.5666537,8,0.01909494400024414,0.0023868680000305176,True
9,1266,1784807980.5862832,8,0.019817352294921875,0.0024771690368652344,True
9,1267,1784807980.6067636,8,0.020724773406982422,0.0025905966758728027,True
9,1268,1784807980.6279585,8,0.019348621368408203,0.0024185776710510254,True
9,1269,1784807980.6479805,8,0.022935867309570312,0.002866983413696289,True
9,1270,1784807980.6720607,8,0.01983499526977539,0.002479374408721924,True
9,1271,1784807980.6923213,8,0.021152734756469727,0.002644091844558716,True
9,1272,1784807980.7143905,8,0.021576404571533203,0.0026970505714416504,True
9,1273,1784807980.736358,8,0.018634557723999023,0.002329319715499878,True
9,1274,1784807980.756775,8,0.01881241798400879,0.0023515522480010986,True
9,1275,1784807980.7767646,8,0.01956772804260254,0.0024459660053253174,True
9,1276,1784807980.7984066,8,0.019411087036132812,0.0024263858795166016,True
9,1277,1784807980.8189368,8,0.018558502197265625,0.002319812774658203,True
9,1278,1784807980.8378205,8,0.020359516143798828,0.0025449395179748535,True
9,1279,1784807980.859467,8,0.01984429359436035,0.002480536699295044,True
9,1280,1784807980.8797984,8,0.020411014556884766,0.0025513768196105957,True
9,1281,1784807980.9006758,8,0.02207350730895996,0.002759188413619995,True
9,1282,1784807980.923139,8,0.018416881561279297,0.002302110195159912,True
9,1283,1784807980.9420793,8,0.023137807846069336,0.002892225980758667,True
9,1284,1784807980.9656549,8,0.01984429359436035,0.002480536699295044,True
9,1285,1784807980.9858088,8,0.02210521697998047,0.0027631521224975586,True
9,1286,1784807981.008427,8,0.019985198974609375,0.002498149871826172,True
9,1287,1784807981.028917,8,0.021057605743408203,0.0026322007179260254,True
9,1288,1784807981.0503266,8,0.02093672752380371,0.002617090940475464,True
9,1289,1784807981.0716124,8,0.019445419311523438,0.0024306774139404297,True
9,1290,1784807981.0915449,8,0.020845651626586914,0.0026057064533233643,True
9,1291,1784807981.1127672,8,0.020241498947143555,0.0025301873683929443,True
9,1292,1784807981.1333327,8,0.021216630935668945,0.002652078866958618,True
9,1293,1784807981.1553555,8,0.01957559585571289,0.0024469494819641113,True
9,1294,1784807981.1753402,8,0.018538713455200195,0.0023173391819000244,True
9,1295,1784807981.1944036,8,0.02064967155456543,0.0025812089443206787,True
9,1296,1784807981.2156956,8,0.0206296443939209,0.0025787055492401123,True
9,1297,1784807981.2366629,8,0.02089405059814453,0.0026117563247680664,True
9,1298,1784807981.258188,8,0.02031683921813965,0.002539604902267456,True
9,1299,1784807981.2789345,8,0.021291255950927734,0.002661406993865967,True
9,1300,1784807981.3012545,8,0.019614696502685547,0.0024518370628356934,True
9,1301,1784807981.3213024,8,0.019392728805541992,0.002424091100692749,True
9,1302,1784807981.3413322,8,0.019851207733154297,0.002481400966644287,True
9,1303,1784807981.3618329,8,0.021356821060180664,0.002669602632522583,True
9,1304,1784807981.3847437,8,0.02361750602722168,0.00295218825340271,True
9,1305,1784807981.4091468,8,0.02033853530883789,0.0025423169136047363,True
9,1306,1784807981.43074,8,0.01857471466064453,0.0023218393325805664,True
9,1307,1784807981.4499533,8,0.020751476287841797,0.0025939345359802246,True
9,1308,1784807981.4720356,8,0.01971912384033203,0.002464890480041504,True
9,1309,1784807981.4926705,8,0.01974034309387207,0.002467542886734009,True
9,1310,1784807981.513117,8,0.021442651748657227,0.0026803314685821533,True
9,1311,1784807981.5348504,8,0.020537853240966797,0.0025672316551208496,True
9,1312,1784807981.556036,8,0.020776987075805664,0.002597123384475708,True
9,1313,1784807981.5779574,8,0.018979787826538086,0.0023724734783172607,True
9,1314,1784807981.5975916,8,0.021687984466552734,0.002710998058319092,True
9,1315,1784807981.620176,8,0.0184783935546875,0.0023097991943359375,True
9,1316,1784807981.6393366,8,0.020010709762573242,0.0025013387203216553,True
9,1317,1784807981.6604571,8,0.020177125930786133,0.0025221407413482666,True
9,1318,1784807981.6815066,8,0.02080821990966797,0.002601027488708496,True
9,1319,1784807981.7030973,8,0.019263744354248047,0.002407968044281006,True
9,1320,1784807981.7231297,8,0.019845008850097656,0.002480626106262207,True
9,1321,1784807981.744771,8,0.020502090454101562,0.0025627613067626953,True
9,1322,1784807981.7658718,8,0.020808696746826172,0.0026010870933532715,True
9,1323,1784807981.7878003,8,0.019742965698242188,0.0024678707122802734,True
9,1324,1784807981.8080058,8,0.020327329635620117,0.0025409162044525146,True
9,1325,1784807981.8288643,8,0.019546031951904297,0.002443253993988037,True
9,1326,1784807981.8487675,8,0.01960301399230957,0.0024503767490386963,True
9,1327,1784807981.8704307,8,0.021416664123535156,0.0026770830154418945,True
9,1328,1784807981.8922353,8,0.02048039436340332,0.002560049295425415,True
9,1329,1784807981.9130993,8,0.021682262420654297,0.002710282802581787,True
9,1330,1784807981.935144,8,0.019113779067993164,0.0023892223834991455,True
9,1331,1784807981.955247,8,0.020589828491210938,0.002573728561401367,True
9,1332,1784807981.976398,8,0.018709421157836914,0.0023386776447296143,True
9,1333,1784807981.9955044,8,0.02065420150756836,0.002581775188446045,True
9,1334,1784807982.0166142,8,0.020750999450683594,0.0025938749313354492,True
9,1335,1784807982.037765,8,0.020700931549072266,0.002587616443634033,True
9,1336,1784807982.059332,8,0.019636154174804688,0.002454519271850586,True
9,1337,1784807982.079686,8,0.01988983154296875,0.0024862289428710938,True
9,1338,1784807982.0999544,8,0.01924586296081543,0.0024057328701019287,True
9,1339,1784807982.1198816,8,0.019133329391479492,0.0023916661739349365,True
9,1340,1784807982.1396585,8,0.02044534683227539,0.002555668354034424,True
9,1341,1784807982.16045,8,0.020269393920898438,0.0025336742401123047,True
9,1342,1784807982.1811097,8,0.02129077911376953,0.0026613473892211914,True
9,1343,1784807982.2030685,8,0.02193474769592285,0.0027418434619903564,True
9,1344,1784807982.226017,8,0.021050691604614258,0.0026313364505767822,True
9,1345,1784807982.2478068,8,0.018605947494506836,0.0023257434368133545,True
9,1346,1784807982.2688804,8,0.0204007625579834,0.002550095319747925,True
9,1347,1784807982.2899356,8,0.018909931182861328,0.002363741397857666,True
9,1348,1784807982.3102276,8,0.01875162124633789,0.0023439526557922363,True
9,1349,1784807982.3296678,8,0.020728111267089844,0.0025910139083862305,True
9,1350,1784807982.3512132,8,0.021041154861450195,0.0026301443576812744,True
9,1351,1784807982.37485,8,0.02146434783935547,0.0026830434799194336,True
9,1352,1784807982.396673,8,0.019912242889404297,0.002489030361175537,True
9,1353,1784807982.4169471,8,0.019463300704956055,0.002432912588119507,True
9,1354,1784807982.4369323,8,0.019211292266845703,0.002401411533355713,True
9,1355,1784807982.4570081,8,0.019889354705810547,0.0024861693382263184,True
9,1356,1784807982.4784818,8,0.021036386489868164,0.0026295483112335205,True
9,1357,1784807982.5000613,8,0.02024078369140625,0.0025300979614257812,True
9,1358,1784807982.5208092,8,0.01925945281982422,0.0024074316024780273,True
9,1359,1784807982.5407526,8,0.020729541778564453,0.0025911927223205566,True
9,1360,1784807982.5621207,8,0.019947290420532227,0.0024934113025665283,True
9,1361,1784807982.5824091,8,0.021074295043945312,0.002634286880493164,True
9,1362,1784807982.6037977,8,0.01949906349182129,0.002437382936477661,True
9,1363,1784807982.62364,8,0.020302534103393555,0.0025378167629241943,True
9,1364,1784807982.6451216,8,0.019274234771728516,0.0024092793464660645,True
9,1365,1784807982.6658566,8,0.020734071731567383,0.002591758966445923,True
9,1366,1784807982.6869614,8,0.020435333251953125,0.0025544166564941406,True
9,1367,1784807982.7079103,8,0.019057750701904297,0.002382218837738037,True
9,1368,1784807982.7274609,8,0.020003795623779297,0.002500474452972412,True
9,1369,1784807982.7485328,8,0.01855015754699707,0.002318769693374634,True
9,1370,1784807982.7680004,8,0.021387338638305664,0.002673417329788208,True
9,1371,1784807982.792338,8,0.021196365356445312,0.002649545669555664,True
9,1372,1784807982.814232,8,0.020215511322021484,0.0025269389152526855,True
9,1373,1784807982.835135,8,0.021635770797729492,0.0027044713497161865,True
9,1374,1784807982.8574543,8,0.02298760414123535,0.002873450517654419,True
9,1375,1784807982.880953,8,0.01841878890991211,0.0023023486137390137,True
9,1376,1784807982.8998146,8,0.020873546600341797,0.0026091933250427246,True
9,1377,1784807982.921224,8,0.018358707427978516,0.0022948384284973145,True
9,1378,1784807982.9398882,8,0.018736839294433594,0.0023421049118041992,True
9,1379,1784807982.9591594,8,0.022841453552246094,0.0028551816940307617,True
9,1380,1784807982.9824746,8,0.01971578598022461,0.002464473247528076,True
9,1381,1784807983.0033693,8,0.020995140075683594,0.0026243925094604492,True
9,1382,1784807983.0247138,8,0.020880937576293945,0.002610117197036743,True
9,1383,1784807983.0458992,8,0.01974773406982422,0.0024684667587280273,True
9,1384,1784807983.0673776,8,0.01817154884338379,0.0022714436054229736,True
9,1385,1784807983.087116,8,0.020421504974365234,0.0025526881217956543,True
9,1386,1784807983.1082945,8,0.018645524978637695,0.002330690622329712,True
9,1387,1784807983.127721,8,0.01896953582763672,0.00237119197845459,True
9,1388,1784807983.1470797,8,0.01975083351135254,0.0024688541889190674,True
9,1389,1784807983.1674068,8,0.01951146125793457,0.0024389326572418213,True
9,1390,1784807983.1872897,8,0.01924443244934082,0.0024055540561676025,True
9,1391,1784807983.2069542,8,0.020576000213623047,0.002572000026702881,True
9,1392,1784807983.227939,8,0.0213623046875,0.0026702880859375,True
9,1393,1784807983.2502835,8,0.018673419952392578,0.0023341774940490723,True
9,1394,1784807983.2695355,8,0.019317150115966797,0.0024146437644958496,True
9,1395,1784807983.2892678,8,0.01810312271118164,0.002262890338897705,True
9,1396,1784807983.3081543,8,0.020076274871826172,0.0025095343589782715,True
9,1397,1784807983.328838,8,0.020523548126220703,0.002565443515777588,True
9,1398,1784807983.3499641,8,0.020477771759033203,0.0025597214698791504,True
9,1399,1784807983.3708553,8,0.020824432373046875,0.0026030540466308594,True
9,1400,1784807983.3926795,8,0.023193836212158203,0.0028992295265197754,True
9,1401,1784807983.4177043,8,0.024817466735839844,0.0031021833419799805,True
9,1402,1784807983.4429488,8,0.018658161163330078,0.0023322701454162598,True
9,1403,1784807983.4619727,8,0.021672725677490234,0.0027090907096862793,True
9,1404,1784807983.4845517,8,0.021182537078857422,0.0026478171348571777,True
9,1405,1784807983.5063272,8,0.02225327491760254,0.0027816593647003174,True
9,1406,1784807983.5304742,8,0.021303892135620117,0.0026629865169525146,True
9,1407,1784807983.5523543,8,0.01820993423461914,0.0022762417793273926,True
9,1408,1784807983.570833,8,0.020813941955566406,0.0026017427444458008,True
9,1409,1784807983.5921633,8,0.019584178924560547,0.0024480223655700684,True
9,1410,1784807983.612403,8,0.019923686981201172,0.0024904608726501465,True
9,1411,1784807983.6328769,8,0.021416664123535156,0.0026770830154418945,True
9,1412,1784807983.6546848,8,0.021404504776000977,0.002675563097000122,True
9,1413,1784807983.6765409,8,0.022115468978881836,0.0027644336223602295,True
9,1414,1784807983.699219,8,0.019994020462036133,0.0024992525577545166,True
9,1415,1784807983.7205088,8,0.022024154663085938,0.002753019332885742,True
9,1416,1784807983.7431626,8,0.018991947174072266,0.002373993396759033,True
9,1417,1784807983.7630038,8,0.018683671951293945,0.002335458993911743,True
9,1418,1784807983.782909,8,0.0198366641998291,0.0024795830249786377,True
9,1419,1784807983.8033485,8,0.0198976993560791,0.0024872124195098877,True
9,1420,1784807983.8235884,8,0.02140665054321289,0.0026758313179016113,True
9,1421,1784807983.8457198,8,0.019781827926635742,0.0024727284908294678,True
9,1422,1784807983.8660343,8,0.019341468811035156,0.0024176836013793945,True
9,1423,1784807983.8858085,8,0.021578311920166016,0.002697288990020752,True
9,1424,1784807983.9085636,8,0.019221067428588867,0.0024026334285736084,True
9,1425,1784807983.928116,8,0.02104473114013672,0.00263059139251709,True
9,1426,1784807983.949614,8,0.02261662483215332,0.002827078104019165,True
9,1427,1784807983.9733863,8,0.01792311668395996,0.002240389585494995,True
9,1428,1784807983.9918442,8,0.021160602569580078,0.0026450753211975098,True
9,1429,1784807984.014233,8,0.02162480354309082,0.0027031004428863525,True
9,1430,1784807984.0362403,8,0.01958942413330078,0.0024486780166625977,True
9,1431,1784807984.056378,8,0.019558191299438477,0.0024447739124298096,True
9,1432,1784807984.0762475,8,0.020977497100830078,0.0026221871376037598,True
9,1433,1784807984.0980375,8,0.020067691802978516,0.0025084614753723145,True
9,1434,1784807984.1184876,8,0.02176046371459961,0.002720057964324951,True
9,1435,1784807984.1407845,8,0.021007299423217773,0.0026259124279022217,True
9,1436,1784807984.162176,8,0.019028425216674805,0.0023785531520843506,True
9,1437,1784807984.1816437,8,0.02178215980529785,0.0027227699756622314,True
9,1438,1784807984.2039008,8,0.019912004470825195,0.0024890005588531494,True
9,1439,1784807984.2243202,8,0.01972365379333496,0.00246545672416687,True
9,1440,1784807984.2444966,8,0.020502805709838867,0.0025628507137298584,True
9,1441,1784807984.265543,8,0.0191497802734375,0.0023937225341796875,True
9,1442,1784807984.2850955,8,0.01924753189086914,0.0024059414863586426,True
9,1443,1784807984.3047032,8,0.021914005279541016,0.002739250659942627,True
9,1444,1784807984.327208,8,0.02026844024658203,0.002533555030822754,True
9,1445,1784807984.3480856,8,0.021483182907104492,0.0026853978633880615,True
9,1446,1784807984.370339,8,0.019968748092651367,0.002496093511581421,True
9,1447,1784807984.3917067,8,0.020775318145751953,0.002596914768218994,True
9,1448,1784807984.413479,8,0.021828889846801758,0.0027286112308502197,True
9,1449,1784807984.436501,8,0.021015167236328125,0.0026268959045410156,True
9,1450,1784807984.4580624,8,0.0207216739654541,0.0025902092456817627,True
9,1451,1784807984.4792085,8,0.021385908126831055,0.002673238515853882,True
9,1452,1784807984.5010996,8,0.01957845687866211,0.0024473071098327637,True
9,1453,1784807984.5212615,8,0.01993560791015625,0.0024919509887695312,True
9,1454,1784807984.541634,8,0.020072221755981445,0.0025090277194976807,True
9,1455,1784807984.562099,8,0.02299022674560547,0.0028737783432006836,True
9,1456,1784807984.5865877,8,0.01988077163696289,0.0024850964546203613,True
9,1457,1784807984.6069183,8,0.023685216903686523,0.0029606521129608154,True
9,1458,1784807984.6330826,8,0.018108606338500977,0.002263575792312622,True
9,1459,1784807984.6516116,8,0.021137475967407227,0.0026421844959259033,True
9,1460,1784807984.6732578,8,0.020724773406982422,0.0025905966758728027,True
9,1461,1784807984.6950202,8,0.019276142120361328,0.002409517765045166,True
9,1462,1784807984.7146761,8,0.020697355270385742,0.0025871694087982178,True
9,1463,1784807984.7358477,8,0.021608829498291016,0.002701103687286377,True
9,1464,1784807984.7578259,8,0.02069711685180664,0.00258713960647583,True
9,1465,1784807984.7792244,8,0.019694805145263672,0.002461850643157959,True
9,1466,1784807984.799621,8,0.01999044418334961,0.002498805522918701,True
9,1467,1784807984.8202183,8,0.01930403709411621,0.0024130046367645264,True
9,1468,1784807984.8399909,8,0.02065420150756836,0.002581775188446045,True
9,1469,1784807984.8620157,8,0.02273082733154297,0.002841353416442871,True
9,1470,1784807984.8851779,8,0.01939845085144043,0.0024248063564300537,True
9,1471,1784807984.9049966,8,0.02038288116455078,0.0025478601455688477,True
9,1472,1784807984.926215,8,0.019847869873046875,0.0024809837341308594,True
9,1473,1784807984.9464428,8,0.01976466178894043,0.0024705827236175537,True
9,1474,1784807984.9669907,8,0.018505096435546875,0.0023131370544433594,True
9,1475,1784807984.9858747,8,0.020442724227905273,0.002555340528488159,True
9,1476,1784807985.0066195,8,0.021413803100585938,0.002676725387573242,True
9,1477,1784807985.028754,8,0.018758773803710938,0.002344846725463867,True
9,1478,1784807985.0478928,8,0.01863694190979004,0.002329617738723755,True
9,1479,1784807985.0669143,8,0.02012157440185547,0.0025151968002319336,True
9,1480,1784807985.0875154,8,0.018628835678100586,0.0023286044597625732,True
9,1481,1784807985.1065788,8,0.019790172576904297,0.002473771572113037,True
9,1482,1784807985.126936,8,0.021065473556518555,0.0026331841945648193,True
9,1483,1784807985.1484096,8,0.022282123565673828,0.0027852654457092285,True
9,1484,1784807985.1710205,8,0.020842313766479492,0.0026052892208099365,True
9,1485,1784807985.1922495,8,0.020702362060546875,0.0025877952575683594,True
9,1486,1784807985.2133427,8,0.02162313461303711,0.0027028918266296387,True
9,1487,1784807985.2352884,8,0.021837234497070312,0.002729654312133789,True
9,1488,1784807985.2577488,8,0.022200584411621094,0.0027750730514526367,True
9,1489,1784807985.2804818,8,0.0198214054107666,0.002477675676345825,True
9,1490,1784807985.300769,8,0.020177602767944336,0.002522200345993042,True
9,1491,1784807985.3213472,8,0.02269458770751953,0.0028368234634399414,True
9,1492,1784807985.3450384,8,0.021534204483032227,0.0026917755603790283,True
9,1493,1784807985.3678715,8,0.01982736587524414,0.0024784207344055176,True
9,1494,1784807985.3886695,8,0.021123647689819336,0.002640455961227417,True
9,1495,1784807985.4102106,8,0.019389629364013672,0.002423703670501709,True
9,1496,1784807985.4299777,8,0.019529342651367188,0.0024411678314208984,True
9,1497,1784807985.450488,8,0.01905536651611328,0.00238192081451416,True
9,1498,1784807985.4701967,8,0.02132558822631836,0.002665698528289795,True
9,1499,1784807985.491924,8,0.020615339279174805,0.0025769174098968506,True
9,1500,1784807985.5131686,8,0.0210111141204834,0.002626389265060425,True
9,1501,1784807985.5346518,8,0.019875526428222656,0.002484440803527832,True
9,1502,1784807985.5552957,8,0.01950383186340332,0.002437978982925415,True
9,1503,1784807985.5763018,8,0.02044391632080078,0.0025554895401000977,True
9,1504,1784807985.5971663,8,0.02127838134765625,0.0026597976684570312,True
9,1505,1784807985.6189306,8,0.01985955238342285,0.0024824440479278564,True
9,1506,1784807985.6391542,8,0.018642902374267578,0.0023303627967834473,True
9,1507,1784807985.6585338,8,0.019743680953979492,0.0024679601192474365,True
9,1508,1784807985.678727,8,0.020666837692260742,0.0025833547115325928,True
9,1509,1784807985.7002568,8,0.0193326473236084,0.00241658091545105,True
9,1510,1784807985.720262,8,0.02096700668334961,0.002620875835418701,True
9,1511,1784807985.741635,8,0.02378988265991211,0.0029737353324890137,True
9,1512,1784807985.7657938,8,0.019705772399902344,0.002463221549987793,True
9,1513,1784807985.7858517,8,0.019412517547607422,0.0024265646934509277,True
9,1514,1784807985.8058002,8,0.021717548370361328,0.002714693546295166,True
9,1515,1784807985.8292513,8,0.018308401107788086,0.0022885501384735107,True
9,1516,1784807985.848002,8,0.02005171775817871,0.002506464719772339,True
9,1517,1784807985.869329,8,0.020097732543945312,0.002512216567993164,True
9,1518,1784807985.8898294,8,0.018294095993041992,0.002286761999130249,True
9,1519,1784807985.9086337,8,0.021058082580566406,0.0026322603225708008,True
9,1520,1784807985.9313407,8,0.018403291702270508,0.0023004114627838135,True
9,1521,1784807985.9504986,8,0.021101951599121094,0.0026377439498901367,True
9,1522,1784807985.9720552,8,0.021366357803344727,0.002670794725418091,True
9,1523,1784807985.9938693,8,0.019774675369262695,0.002471834421157837,True
9,1524,1784807986.0140445,8,0.020786523818969727,0.002598315477371216,True
9,1525,1784807986.0353127,8,0.019491910934448242,0.0024364888668060303,True
9,1526,1784807986.0554378,8,0.020331859588623047,0.002541482448577881,True
9,1527,1784807986.0761132,8,0.021477699279785156,0.0026847124099731445,True
9,1528,1784807986.0989492,8,0.019904136657714844,0.0024880170822143555,True
9,1529,1784807986.1192594,8,0.020737648010253906,0.0025922060012817383,True
9,1530,1784807986.1405368,8,0.0195925235748291,0.0024490654468536377,True
9,1531,1784807986.1604276,8,0.020808935165405273,0.002601116895675659,True
9,1532,1784807986.182594,8,0.01945972442626953,0.0024324655532836914,True
9,1533,1784807986.202403,8,0.02015399932861328,0.00251924991607666,True
9,1534,1784807986.2230878,8,0.019284725189208984,0.002410590648651123,True
9,1535,1784807986.243223,8,0.021375417709350586,0.0026719272136688232,True
9,1536,1784807986.2664645,8,0.01911187171936035,0.002388983964920044,True
9,1537,1784807986.2865107,8,0.01994037628173828,0.002492547035217285,True
9,1538,1784807986.3067455,8,0.020459651947021484,0.0025574564933776855,True
9,1539,1784807986.327897,8,0.01967620849609375,0.0024595260620117188,True
9,1540,1784807986.3480408,8,0.020138025283813477,0.0025172531604766846,True
9,1541,1784807986.368559,8,0.019342660903930664,0.002417832612991333,True
9,1542,1784807986.3883278,8,0.020543336868286133,0.0025679171085357666,True
9,1543,1784807986.4093943,8,0.022264957427978516,0.0027831196784973145,True
9,1544,1784807986.43205,8,0.018214941024780273,0.002276867628097534,True
9,1545,1784807986.4511836,8,0.019807815551757812,0.0024759769439697266,True
9,1546,1784807986.4714196,8,0.019785642623901367,0.002473205327987671,True
9,1547,1784807986.491622,8,0.019955873489379883,0.0024944841861724854,True
9,1548,1784807986.5121238,8,0.021398305892944336,0.002674788236618042,True
9,1549,1784807986.5340445,8,0.020254850387573242,0.0025318562984466553,True
9,1550,1784807986.5547357,8,0.017986297607421875,0.0022482872009277344,True
9,1551,1784807986.573381,8,0.02180004119873047,0.0027250051498413086,True
9,1552,1784807986.596254,8,0.019283056259155273,0.002410382032394409,True
9,1553,1784807986.6159315,8,0.017982006072998047,0.002247750759124756,True
9,1554,1784807986.6342936,8,0.01993703842163086,0.0024921298027038574,True
9,1555,1784807986.654591,8,0.01957869529724121,0.0024473369121551514,True
9,1556,1784807986.6747806,8,0.020967721939086914,0.0026209652423858643,True
9,1557,1784807986.696109,8,0.018839597702026367,0.002354949712753296,True
9,1558,1784807986.7153096,8,0.02037954330444336,0.00254744291305542,True
9,1559,1784807986.736004,8,0.02092146873474121,0.0026151835918426514,True
9,1560,1784807986.75737,8,0.020104646682739258,0.0025130808353424072,True
9,1561,1784807986.7778885,8,0.019944190979003906,0.0024930238723754883,True
9,1562,1784807986.798488,8,0.0207979679107666,0.002599745988845825,True
9,1563,1784807986.819936,8,0.020071744918823242,0.0025089681148529053,True
9,1564,1784807986.8405652,8,0.02095174789428711,0.0026189684867858887,True
9,1565,1784807986.8622062,8,0.019512653350830078,0.0024390816688537598,True
9,1566,1784807986.8820148,8,0.019284725189208984,0.002410590648651123,True
9,1567,1784807986.9019816,8,0.018903732299804688,0.002362966537475586,True
9,1568,1784807986.9212482,8,0.020436525344848633,0.002554565668106079,True
9,1569,1784807986.9423776,8,0.018873929977416992,0.002359241247177124,True
9,1570,1784807986.961559,8,0.02095317840576172,0.002619147300720215,True
9,1571,1784807986.9838657,8,0.015636444091796875,0.0019545555114746094,True
9,1572,1784807987.0000346,8,0.01982426643371582,0.0024780333042144775,True
9,1573,1784807987.0207806,8,0.018435001373291016,0.002304375171661377,True
9,1574,1784807987.039941,8,0.01831197738647461,0.002288997173309326,True
9,1575,1784807987.058965,8,0.019220590591430664,0.002402573823928833,True
9,1576,1784807987.0795097,8,0.019978761672973633,0.002497345209121704,True
9,1577,1784807987.0998828,8,0.01918935775756836,0.002398669719696045,True
9,1578,1784807987.1199768,8,0.018238067626953125,0.0022797584533691406,True
9,1579,1784807987.1386845,8,0.018729209899902344,0.002341151237487793,True
9,1580,1784807987.1577032,8,0.021981000900268555,0.0027476251125335693,True
9,1581,1784807987.180101,8,0.01990199089050293,0.002487748861312866,True
9,1582,1784807987.2002716,8,0.01947760581970215,0.0024347007274627686,True
9,1583,1784807987.2202044,8,0.019489288330078125,0.0024361610412597656,True
9,1584,1784807987.2401574,8,0.020711660385131836,0.0025889575481414795,True
9,1585,1784807987.261474,8,0.019155502319335938,0.002394437789916992,True
9,1586,1784807987.2809527,8,0.02056145668029785,0.0025701820850372314,True
9,1587,1784807987.3018358,8,0.019692182540893555,0.0024615228176116943,True
9,1588,1784807987.3219125,8,0.021053075790405273,0.002631634473800659,True
9,1589,1784807987.3432493,8,0.020182132720947266,0.002522766590118408,True
9,1590,1784807987.3637292,8,0.019525527954101562,0.0024406909942626953,True
9,1591,1784807987.3836236,8,0.0196990966796875,0.0024623870849609375,True
9,1592,1784807987.4037092,8,0.021536827087402344,0.002692103385925293,True
9,1593,1784807987.4255645,8,0.019301414489746094,0.0024126768112182617,True
9,1594,1784807987.445245,8,0.021376609802246094,0.0026720762252807617,True
9,1595,1784807987.467154,8,0.019383907318115234,0.0024229884147644043,True
9,1596,1784807987.4868436,8,0.01912713050842285,0.0023908913135528564,True
9,1597,1784807987.5063574,8,0.021679401397705078,0.0027099251747131348,True
9,1598,1784807987.5286126,8,0.020578384399414062,0.002572298049926758,True
9,1599,1784807987.5496697,8,0.019718647003173828,0.0024648308753967285,True
9,1600,1784807987.5698729,8,0.02078533172607422,0.0025981664657592773,True
9,1601,1784807987.5913591,8,0.0198366641998291,0.0024795830249786377,True
9,1602,1784807987.6115067,8,0.018366098403930664,0.002295762300491333,True
9,1603,1784807987.6303022,8,0.020151615142822266,0.002518951892852783,True
9,1604,1784807987.6521583,8,0.017957687377929688,0.002244710922241211,True
9,1605,1784807987.6709225,8,0.018956661224365234,0.0023695826530456543,True
9,1606,1784807987.690807,8,0.01969599723815918,0.0024619996547698975,True
9,1607,1784807987.7116048,8,0.01911640167236328,0.00238955020904541,True
9,1608,1784807987.7312324,8,0.01738429069519043,0.0021730363368988037,True
9,1609,1784807987.7489505,8,0.021017789840698242,0.0026272237300872803,True
9,1610,1784807987.7702582,8,0.022016286849975586,0.0027520358562469482,True
9,1611,1784807987.7927651,8,0.02098870277404785,0.0026235878467559814,True
9,1612,1784807987.8144555,8,0.01897454261779785,0.0023718178272247314,True
9,1613,1784807987.834115,8,0.02000880241394043,0.0025011003017425537,True
9,1614,1784807987.8546112,8,0.019382476806640625,0.002422809600830078,True
9,1615,1784807987.8743298,8,0.021442174911499023,0.002680271863937378,True
9,1616,1784807987.8967152,8,0.018774986267089844,0.0023468732833862305,True
9,1617,1784807987.9159348,8,0.023499488830566406,0.0029374361038208008,True
9,1618,1784807987.9397273,8,0.019385337829589844,0.0024231672286987305,True
9,1619,1784807987.959519,8,0.019991636276245117,0.0024989545345306396,True
9,1620,1784807987.9798768,8,0.02083754539489746,0.0026046931743621826,True
9,1621,1784807988.0011551,8,0.019707679748535156,0.0024634599685668945,True
9,1622,1784807988.0215282,8,0.018069028854370117,0.0022586286067962646,True
9,1623,1784807988.039937,8,0.02286696434020996,0.002858370542526245,True
9,1624,1784807988.0631678,8,0.01714348793029785,0.0021429359912872314,True
9,1625,1784807988.0806293,8,0.018913984298706055,0.002364248037338257,True
9,1626,1784807988.0998898,8,0.02005600929260254,0.0025070011615753174,True
9,1627,1784807988.1203413,8,0.020977497100830078,0.0026221871376037598,True
9,1628,1784807988.141693,8,0.019182682037353516,0.0023978352546691895,True
9,1629,1784807988.1611845,8,0.022868633270263672,0.002858579158782959,True
9,1630,1784807988.1844866,8,0.0206601619720459,0.0025825202465057373,True
9,1631,1784807988.205395,8,0.02067852020263672,0.00258481502532959,True
9,1632,1784807988.2264926,8,0.019614219665527344,0.002451777458190918,True
9,1633,1784807988.2465994,8,0.019471406936645508,0.0024339258670806885,True
9,1634,1784807988.2666204,8,0.020815134048461914,0.0026018917560577393,True
9,1635,1784807988.2877634,8,0.019481420516967773,0.0024351775646209717,True
9,1636,1784807988.3076656,8,0.020953655242919922,0.0026192069053649902,True
9,1637,1784807988.3289776,8,0.020989656448364258,0.0026237070560455322,True
9,1638,1784807988.3506896,8,0.01975417137145996,0.002469271421432495,True
9,1639,1784807988.3710797,8,0.019968509674072266,0.002496063709259033,True
9,1640,1784807988.391398,8,0.019908428192138672,0.002488553524017334,True
9,1641,1784807988.411578,8,0.020293474197387695,0.002536684274673462,True
9,1642,1784807988.43226,8,0.02122330665588379,0.0026529133319854736,True
9,1643,1784807988.45399,8,0.017895936965942383,0.002236992120742798,True
9,1644,1784807988.4722831,8,0.019928693771362305,0.002491086721420288,True
9,1645,1784807988.4925218,8,0.019726991653442383,0.002465873956680298,True
9,1646,1784807988.5126932,8,0.02088022232055664,0.00261002779006958,True
9,1647,1784807988.5339372,8,0.020945072174072266,0.002618134021759033,True
9,1648,1784807988.5552385,8,0.020628929138183594,0.0025786161422729492,True
9,1649,1784807988.576735,8,0.018837690353393555,0.0023547112941741943,True
9,1650,1784807988.5961993,8,0.021914958953857422,0.0027393698692321777,True
9,1651,1784807988.618529,8,0.02214646339416504,0.00276830792427063,True
9,1652,1784807988.6410196,8,0.016829729080200195,0.0021037161350250244,True
9,1653,1784807988.6582124,8,0.01906895637512207,0.002383619546890259,True
9,1654,1784807988.6775808,8,0.02279067039489746,0.0028488337993621826,True
9,1655,1784807988.7007396,8,0.0198514461517334,0.002481430768966675,True
9,1656,1784807988.7210867,8,0.0197601318359375,0.0024700164794921875,True
9,1657,1784807988.7415721,8,0.01992058753967285,0.0024900734424591064,True
9,1658,1784807988.7618263,8,0.0203399658203125,0.0025424957275390625,True
9,1659,1784807988.782624,8,0.021697521209716797,0.0027121901512145996,True
9,1660,1784807988.804629,8,0.02193737030029297,0.002742171287536621,True
9,1661,1784807988.8269975,8,0.021860122680664062,0.002732515335083008,True
9,1662,1784807988.8499062,8,0.01736927032470703,0.002171158790588379,True
9,1663,1784807988.8694682,8,0.019636154174804688,0.002454519271850586,True
9,1664,1784807988.8895805,8,0.019176721572875977,0.002397090196609497,True
9,1665,1784807988.9090967,8,0.021875619888305664,0.002734452486038208,True
9,1666,1784807988.932162,8,0.020133495330810547,0.0025166869163513184,True
9,1667,1784807988.9526863,8,0.020815610885620117,0.0026019513607025146,True
9,1668,1784807988.973808,8,0.01913905143737793,0.002392381429672241,True
9,1669,1784807988.9933534,8,0.021914005279541016,0.002739250659942627,True
9,1670,1784807989.015873,8,0.019385099411010742,0.0024231374263763428,True
9,1671,1784807989.0362647,8,0.021492481231689453,0.0026865601539611816,True
9,1672,1784807989.0582707,8,0.019327402114868164,0.0024159252643585205,True
9,1673,1784807989.0780182,8,0.020247220993041992,0.002530902624130249,True
9,1674,1784807989.0987065,8,0.02062082290649414,0.0025776028633117676,True
9,1675,1784807989.1199129,8,0.02053356170654297,0.002566695213317871,True
9,1676,1784807989.1409354,8,0.02106642723083496,0.00263330340385437,True
9,1677,1784807989.162433,8,0.019730091094970703,0.002466261386871338,True
9,1678,1784807989.1824722,8,0.01971268653869629,0.002464085817337036,True
9,1679,1784807989.2024736,8,0.02038264274597168,0.00254783034324646,True
9,1680,1784807989.2232962,8,0.021174192428588867,0.0026467740535736084,True
9,1681,1784807989.2448633,8,0.01946115493774414,0.0024326443672180176,True
9,1682,1784807989.2664497,8,0.018930912017822266,0.002366364002227783,True
9,1683,1784807989.2863991,8,0.01926255226135254,0.0024078190326690674,True
9,1684,1784807989.3062513,8,0.02083897590637207,0.002604871988296509,True
9,1685,1784807989.327547,8,0.02015089988708496,0.00251886248588562,True
9,1686,1784807989.3479993,8,0.02049398422241211,0.0025617480278015137,True
9,1687,1784807989.3689208,8,0.02254199981689453,0.0028177499771118164,True
9,1688,1784807989.3926778,8,0.0191190242767334,0.002389878034591675,True
9,1689,1784807989.4127758,8,0.021384477615356445,0.0026730597019195557,True
9,1690,1784807989.4345634,8,0.020369768142700195,0.0025462210178375244,True
9,1691,1784807989.455482,8,0.021289348602294922,0.0026611685752868652,True
9,1692,1784807989.4776628,8,0.020652055740356445,0.0025815069675445557,True
9,1693,1784807989.4987574,8,0.019540786743164062,0.002442598342895508,True
9,1694,1784807989.518719,8,0.020665407180786133,0.0025831758975982666,True
9,1695,1784807989.539927,8,0.019766569137573242,0.0024708211421966553,True
9,1696,1784807989.5623329,8,0.019481658935546875,0.0024352073669433594,True
9,1697,1784807989.5826075,8,0.01819324493408203,0.002274155616760254,True
9,1698,1784807989.601321,8,0.018680572509765625,0.002335071563720703,True
9,1699,1784807989.6203892,8,0.0203702449798584,0.0025462806224823,True
9,1700,1784807989.6411335,8,0.02073526382446289,0.0025919079780578613,True
9,1701,1784807989.662647,8,0.02268528938293457,0.0028356611728668213,True
9,1702,1784807989.6855993,8,0.02086329460144043,0.0026079118251800537,True
9,1703,1784807989.7068489,8,0.021668672561645508,0.0027085840702056885,True
9,1704,1784807989.7288606,8,0.020912647247314453,0.0026140809059143066,True
9,1705,1784807989.7501264,8,0.02016162872314453,0.0025202035903930664,True
9,1706,1784807989.7709146,8,0.020943403244018555,0.0026179254055023193,True
9,1707,1784807989.7922475,8,0.023211002349853516,0.0029013752937316895,True
9,1708,1784807989.8158135,8,0.019537925720214844,0.0024422407150268555,True
9,1709,1784807989.8357842,8,0.022024154663085938,0.002753019332885742,True
9,1710,1784807989.8585498,8,0.02057027816772461,0.002571284770965576,True
9,1711,1784807989.8795338,8,0.021638870239257812,0.0027048587799072266,True
9,1712,1784807989.9027655,8,0.020758867263793945,0.002594858407974243,True
9,1713,1784807989.9239426,8,0.020525455474853516,0.0025656819343566895,True
9,1714,1784807989.9452076,8,0.020473718643188477,0.0025592148303985596,True
9,1715,1784807989.9666102,8,0.021073341369628906,0.0026341676712036133,True
9,1716,1784807989.988092,8,0.019585132598876953,0.002448141574859619,True
9,1717,1784807990.00848,8,0.019641876220703125,0.0024552345275878906,True
9,1718,1784807990.0284705,8,0.02012777328491211,0.0025159716606140137,True
9,1719,1784807990.0491455,8,0.018977642059326172,0.0023722052574157715,True
9,1720,1784807990.0685334,8,0.020327329635620117,0.0025409162044525146,True
9,1721,1784807990.0893157,8,0.019580841064453125,0.0024476051330566406,True
9,1722,1784807990.109235,8,0.02071523666381836,0.002589404582977295,True
9,1723,1784807990.130289,8,0.022292613983154297,0.002786576747894287,True
9,1724,1784807990.152947,8,0.018820524215698242,0.0023525655269622803,True
9,1725,1784807990.1721437,8,0.02176690101623535,0.002720862627029419,True
9,1726,1784807990.1943173,8,0.019690513610839844,0.0024613142013549805,True
9,1727,1784807990.214433,8,0.020058870315551758,0.0025073587894439697,True
9,1728,1784807990.2349303,8,0.01944589614868164,0.002430737018585205,True
9,1729,1784807990.2549129,8,0.02169036865234375,0.0027112960815429688,True
9,1730,1784807990.2769644,8,0.018233537673950195,0.0022791922092437744,True
9,1731,1784807990.2955177,8,0.021070241928100586,0.0026337802410125732,True
9,1732,1784807990.3173823,8,0.019901514053344727,0.002487689256668091,True
9,1733,1784807990.337799,8,0.01944422721862793,0.002430528402328491,True
9,1734,1784807990.357875,8,0.02111673355102539,0.002639591693878174,True
9,1735,1784807990.3797085,8,0.02035975456237793,0.002544969320297241,True
9,1736,1784807990.4005191,8,0.02324223518371582,0.0029052793979644775,True
9,1737,1784807990.424286,8,0.016466379165649414,0.0020582973957061768,True
9,1738,1784807990.4423163,8,0.017741918563842773,0.0022177398204803467,True
9,1739,1784807990.4609172,8,0.017670392990112305,0.002208799123764038,True
9,1740,1784807990.4789631,8,0.019873619079589844,0.0024842023849487305,True
9,1741,1784807990.499125,8,0.01909661293029785,0.0023870766162872314,True
9,1742,1784807990.5189698,8,0.020238637924194336,0.002529829740524292,True
9,1743,1784807990.5404553,8,0.02044057846069336,0.00255507230758667,True
9,1744,1784807990.5612903,8,0.02033376693725586,0.0025417208671569824,True
9,1745,1784807990.5824182,8,0.021912097930908203,0.0027390122413635254,True
9,1746,1784807990.6046424,8,0.019984006881713867,0.0024980008602142334,True
9,1747,1784807990.6249895,8,0.01964426040649414,0.0024555325508117676,True
9,1748,1784807990.6449027,8,0.020287275314331055,0.002535909414291382,True
9,1749,1784807990.665691,8,0.02068018913269043,0.0025850236415863037,True
9,1750,1784807990.686762,8,0.018718719482421875,0.0023398399353027344,True
9,1751,1784807990.705963,8,0.020190000534057617,0.002523750066757202,True
9,1752,1784807990.7264607,8,0.018059253692626953,0.002257406711578369,True
9,1753,1784807990.7450688,8,0.0198667049407959,0.0024833381175994873,True
9,1754,1784807990.7652743,8,0.019392013549804688,0.002424001693725586,True
9,1755,1784807990.7851465,8,0.01860976219177246,0.0023262202739715576,True
9,1756,1784807990.8040185,8,0.020087242126464844,0.0025109052658081055,True
9,1757,1784807990.8245757,8,0.020126819610595703,0.002515852451324463,True
9,1758,1784807990.845019,8,0.020281553268432617,0.002535194158554077,True
9,1759,1784807990.8657486,8,0.020885944366455078,0.0026107430458068848,True
9,1760,1784807990.8888922,8,0.01922321319580078,0.0024029016494750977,True
9,1761,1784807990.90882,8,0.018129825592041016,0.002266228199005127,True
9,1762,1784807990.9273667,8,0.01951742172241211,0.0024396777153015137,True
9,1763,1784807990.9476302,8,0.020742416381835938,0.002592802047729492,True
9,1764,1784807990.9687376,8,0.020316123962402344,0.002539515495300293,True
9,1765,1784807990.9895694,8,0.019636154174804688,0.002454519271850586,True
9,1766,1784807991.009667,8,0.020274877548217773,0.0025343596935272217,True
9,1767,1784807991.0304806,8,0.022536039352416992,0.002817004919052124,True
9,1768,1784807991.0533457,8,0.01907038688659668,0.002383798360824585,True
9,1769,1784807991.0727327,8,0.019530296325683594,0.0024412870407104492,True
9,1770,1784807991.0927896,8,0.01986861228942871,0.002483576536178589,True
9,1771,1784807991.1136267,8,0.019081830978393555,0.0023852288722991943,True
9,1772,1784807991.1331627,8,0.019338369369506836,0.0024172961711883545,True
9,1773,1784807991.1531873,8,0.019314289093017578,0.0024142861366271973,True
9,1774,1784807991.172784,8,0.018027305603027344,0.002253413200378418,True
9,1775,1784807991.1912966,8,0.020203828811645508,0.0025254786014556885,True
9,1776,1784807991.2120776,8,0.019967079162597656,0.002495884895324707,True
9,1777,1784807991.2329426,8,0.01781606674194336,0.00222700834274292,True
9,1778,1784807991.2511773,8,0.020424604415893555,0.0025530755519866943,True
9,1779,1784807991.2718885,8,0.024194955825805664,0.003024369478225708,True
9,1780,1784807991.2964027,8,0.01838827133178711,0.0022985339164733887,True
9,1781,1784807991.3151588,8,0.020297765731811523,0.0025372207164764404,True
9,1782,1784807991.3358421,8,0.020924806594848633,0.002615600824356079,True
9,1783,1784807991.3573008,8,0.019102811813354492,0.0023878514766693115,True
9,1784,1784807991.3773851,8,0.019385576248168945,0.002423197031021118,True
9,1785,1784807991.3970885,8,0.021376609802246094,0.0026720762252807617,True
9,1786,1784807991.418741,8,0.019708633422851562,0.0024635791778564453,True
9,1787,1784807991.4387975,8,0.019893884658813477,0.0024867355823516846,True
9,1788,1784807991.4591043,8,0.020040512084960938,0.002505064010620117,True
9,1789,1784807991.4795218,8,0.020465850830078125,0.0025582313537597656,True
9,1790,1784807991.5004344,8,0.020723819732666016,0.002590477466583252,True
9,1791,1784807991.5228443,8,0.018984556198120117,0.0023730695247650146,True
9,1792,1784807991.5426748,8,0.019875049591064453,0.0024843811988830566,True
9,1793,1784807991.5629494,8,0.01965808868408203,0.002457261085510254,True
9,1794,1784807991.5840187,8,0.020822763442993164,0.0026028454303741455,True
9,1795,1784807991.6052551,8,0.017709016799926758,0.0022136270999908447,True
9,1796,1784807991.6236033,8,0.01840686798095703,0.002300858497619629,True
9,1797,1784807991.6423717,8,0.01958942413330078,0.0024486780166625977,True
9,1798,1784807991.662266,8,0.019254207611083984,0.002406775951385498,True
9,1799,1784807991.681878,8,0.01937103271484375,0.0024213790893554688,True
9,1800,1784807991.701849,8,0.0192563533782959,0.0024070441722869873,True
9,1801,1784807991.7215629,8,0.0187985897064209,0.0023498237133026123,True
9,1802,1784807991.740767,8,0.021654844284057617,0.002706855535507202,True
9,1803,1784807991.7627387,8,0.02005290985107422,0.0025066137313842773,True
9,1804,1784807991.7832065,8,0.01927781105041504,0.00240972638130188,True
9,1805,1784807991.8029423,8,0.0183107852935791,0.0022888481616973877,True
9,1806,1784807991.8219998,8,0.019388437271118164,0.0024235546588897705,True
9,1807,1784807991.8421686,8,0.01815652847290039,0.002269566059112549,True
9,1808,1784807991.8611572,8,0.019495725631713867,0.0024369657039642334,True
9,1809,1784807991.881382,8,0.019540071487426758,0.0024425089359283447,True
9,1810,1784807991.9022896,8,0.019954919815063477,0.0024943649768829346,True
9,1811,1784807991.923103,8,0.019083738327026367,0.002385467290878296,True
9,1812,1784807991.9426498,8,0.01946234703063965,0.002432793378829956,True
9,1813,1784807991.9624598,8,0.01967620849609375,0.0024595260620117188,True
9,1814,1784807991.9824517,8,0.01897597312927246,0.0023719966411590576,True
9,1815,1784807992.0026276,8,0.020367860794067383,0.002545982599258423,True
9,1816,1784807992.0235255,8,0.02111959457397461,0.002639949321746826,True
9,1817,1784807992.0453384,8,0.022634029388427734,0.002829253673553467,True
9,1818,1784807992.068443,8,0.01973104476928711,0.0024663805961608887,True
9,1819,1784807992.0885062,8,0.020345211029052734,0.002543151378631592,True
9,1820,1784807992.1094,8,0.019400596618652344,0.002425074577331543,True
9,1821,1784807992.1293163,8,0.018134593963623047,0.002266824245452881,True
9,1822,1784807992.1477551,8,0.020160913467407227,0.0025201141834259033,True
9,1823,1784807992.1683402,8,0.022572040557861328,0.002821505069732666,True
9,1824,1784807992.1913805,8,0.01873326301574707,0.002341657876968384,True
9,1825,1784807992.2111006,8,0.0192415714263916,0.00240519642829895,True
9,1826,1784807992.2306714,8,0.01978588104248047,0.0024732351303100586,True
9,1827,1784807992.2513726,8,0.020453929901123047,0.002556741237640381,True
9,1828,1784807992.2731016,8,0.019046545028686523,0.0023808181285858154,True
9,1829,1784807992.2927468,8,0.019568204879760742,0.0024460256099700928,True
9,1830,1784807992.3128123,8,0.019374847412109375,0.002421855926513672,True
9,1831,1784807992.3326452,8,0.021056175231933594,0.0026320219039916992,True
9,1832,1784807992.3543558,8,0.01959681510925293,0.002449601888656616,True
9,1833,1784807992.374431,8,0.020663738250732422,0.0025829672813415527,True
9,1834,1784807992.3953738,8,0.01898193359375,0.00237274169921875,True
9,1835,1784807992.4146833,8,0.021392107009887695,0.002674013376235962,True
9,1836,1784807992.4365695,8,0.019539356231689453,0.0024424195289611816,True
9,1837,1784807992.4570546,8,0.0195162296295166,0.002439528703689575,True
9,1838,1784807992.4769042,8,0.0198819637298584,0.0024852454662323,True
9,1839,1784807992.4971972,8,0.018665313720703125,0.0023331642150878906,True
9,1840,1784807992.516494,8,0.020041227340698242,0.0025051534175872803,True
9,1841,1784807992.5375977,8,0.020670413970947266,0.002583801746368408,True
9,1842,1784807992.5593402,8,0.018915414810180664,0.002364426851272583,True
9,1843,1784807992.5787287,8,0.020114660263061523,0.0025143325328826904,True
9,1844,1784807992.599337,8,0.019384145736694336,0.002423018217086792,True
9,1845,1784807992.6192973,8,0.01941061019897461,0.002426326274871826,True
9,1846,1784807992.639274,8,0.019785165786743164,0.0024731457233428955,True
9,1847,1784807992.6608617,8,0.019357681274414062,0.002419710159301758,True
9,1848,1784807992.6805794,8,0.01970362663269043,0.0024629533290863037,True
9,1849,1784807992.7007651,8,0.020093917846679688,0.002511739730834961,True
9,1850,1784807992.7214334,8,0.020200252532958984,0.002525031566619873,True
9,1851,1784807992.7422204,8,0.020848751068115234,0.0026060938835144043,True
9,1852,1784807992.763525,8,0.019228219985961914,0.0024035274982452393,True
9,1853,1784807992.783192,8,0.021289825439453125,0.0026612281799316406,True
9,1854,1784807992.8049295,8,0.019481182098388672,0.002435147762298584,True
9,1855,1784807992.8247843,8,0.021234750747680664,0.002654343843460083,True
9,1856,1784807992.846381,8,0.019583940505981445,0.0024479925632476807,True
9,1857,1784807992.8662832,8,0.020459651947021484,0.0025574564933776855,True
9,1858,1784807992.8876662,8,0.019336223602294922,0.0024170279502868652,True
9,1859,1784807992.9074554,8,0.020549535751342773,0.0025686919689178467,True
9,1860,1784807992.9283793,8,0.018565654754638672,0.002320706844329834,True
9,1861,1784807992.9494538,8,0.021646738052368164,0.0027058422565460205,True
9,1862,1784807992.971926,8,0.01820540428161621,0.0022756755352020264,True
9,1863,1784807992.9905686,8,0.021490097045898438,0.0026862621307373047,True
9,1864,1784807993.012492,8,0.019025325775146484,0.0023781657218933105,True
9,1865,1784807993.0324364,8,0.0188291072845459,0.0023536384105682373,True
9,1866,1784807993.0517397,8,0.02100849151611328,0.00262606143951416,True
9,1867,1784807993.0731866,8,0.020526885986328125,0.0025658607482910156,True
9,1868,1784807993.0944574,8,0.019536733627319336,0.002442091703414917,True
9,1869,1784807993.1144824,8,0.019361019134521484,0.0024201273918151855,True
9,1870,1784807993.1346169,8,0.02061152458190918,0.0025764405727386475,True
9,1871,1784807993.1569903,8,0.02202320098876953,0.0027529001235961914,True
9,1872,1784807993.1808228,8,0.017564773559570312,0.002195596694946289,True
9,1873,1784807993.1989546,8,0.02157902717590332,0.002697378396987915,True
9,1874,1784807993.2210145,8,0.01984262466430664,0.00248032808303833,True
9,1875,1784807993.2412748,8,0.019595623016357422,0.0024494528770446777,True
9,1876,1784807993.261354,8,0.019826650619506836,0.0024783313274383545,True
9,1877,1784807993.281592,8,0.021015644073486328,0.002626955509185791,True
9,1878,1784807993.3029814,8,0.02055811882019043,0.0025697648525238037,True
9,1879,1784807993.3394227,8,0.01238560676574707,0.0015482008457183838,True
9,1880,1784807993.3526063,8,0.019392967224121094,0.0024241209030151367,True
9,1881,1784807993.3753505,8,0.02245187759399414,0.0028064846992492676,True
9,1882,1784807993.398627,8,0.020282983779907227,0.0025353729724884033,True
9,1883,1784807993.419297,8,0.019600629806518555,0.0024500787258148193,True
9,1884,1784807993.440133,8,0.018538236618041992,0.002317279577255249,True
9,1885,1784807993.4594064,8,0.022318124771118164,0.0027897655963897705,True
9,1886,1784807993.482826,8,0.01871490478515625,0.0023393630981445312,True
9,1887,1784807993.5025432,8,0.01810288429260254,0.0022628605365753174,True
9,1888,1784807993.5209172,8,0.01997518539428711,0.0024968981742858887,True
9,1889,1784807993.5413404,8,0.018252849578857422,0.0022816061973571777,True
9,1890,1784807993.5608165,8,0.019681215286254883,0.0024601519107818604,True
9,1891,1784807993.5809436,8,0.020613670349121094,0.0025767087936401367,True
9,1892,1784807993.6022515,8,0.020669221878051758,0.0025836527347564697,True
9,1893,1784807993.6238503,8,0.01965808868408203,0.002457261085510254,True
9,1894,1784807993.643968,8,0.019543170928955078,0.0024428963661193848,True
9,1895,1784807993.664038,8,0.02004408836364746,0.0025055110454559326,True
9,1896,1784807993.6851974,8,0.020812034606933594,0.0026015043258666992,True
9,1897,1784807993.7066114,8,0.019603729248046875,0.0024504661560058594,True
9,1898,1784807993.7265966,8,0.018550395965576172,0.0023187994956970215,True
9,1899,1784807993.7459385,8,0.018813371658325195,0.0023516714572906494,True
9,1900,1784807993.7654536,8,0.019995450973510742,0.0024994313716888428,True
9,1901,1784807993.786376,8,0.01867532730102539,0.002334415912628174,True
9,1902,1784807993.8054528,8,0.02141547203063965,0.002676934003829956,True
9,1903,1784807993.8275716,8,0.01982855796813965,0.002478569746017456,True
9,1904,1784807993.8478892,8,0.021126985549926758,0.0026408731937408447,True
9,1905,1784807993.8695338,8,0.02093219757080078,0.0026165246963500977,True
9,1906,1784807993.8908083,8,0.024915218353271484,0.0031144022941589355,True
9,1907,1784807993.9170003,8,0.0169830322265625,0.0021228790283203125,True
9,1908,1784807993.9344563,8,0.020406723022460938,0.002550840377807617,True
9,1909,1784807993.955449,8,0.020117759704589844,0.0025147199630737305,True
9,1910,1784807993.976119,8,0.020083904266357422,0.0025104880332946777,True
9,1911,1784807993.9969347,8,0.020396947860717773,0.0025496184825897217,True
9,1912,1784807994.0180907,8,0.018398761749267578,0.0022998452186584473,True
9,1913,1784807994.0383372,8,0.019266605377197266,0.002408325672149658,True
9,1914,1784807994.0579448,8,0.019850969314575195,0.0024813711643218994,True
9,1915,1784807994.0783324,8,0.01994919776916504,0.00249364972114563,True
9,1916,1784807994.098876,8,0.017862319946289062,0.002232789993286133,True
9,1917,1784807994.1172028,8,0.020155906677246094,0.0025194883346557617,True
9,1918,1784807994.1381156,8,0.020027637481689453,0.0025034546852111816,True
9,1919,1784807994.1593287,8,0.017522811889648438,0.0021903514862060547,True
9,1920,1784807994.1771736,8,0.02023935317993164,0.002529919147491455,True
9,1921,1784807994.1977792,8,0.019274473190307617,0.002409309148788452,True
9,1922,1784807994.2182117,8,0.020782947540283203,0.0025978684425354004,True
9,1923,1784807994.2400618,8,0.019697189331054688,0.002462148666381836,True
9,1924,1784807994.2601552,8,0.021121978759765625,0.002640247344970703,True
9,1925,1784807994.2817056,8,0.01957845687866211,0.0024473071098327637,True
9,1926,1784807994.301628,8,0.020055770874023438,0.0025069713592529297,True
9,1927,1784807994.3223808,8,0.020929813385009766,0.0026162266731262207,True
9,1928,1784807994.344513,8,0.019495725631713867,0.0024369657039642334,True
9,1929,1784807994.3646557,8,0.019556045532226562,0.0024445056915283203,True
9,1930,1784807994.3848245,8,0.02029585838317871,0.002536982297897339,True
9,1931,1784807994.4058974,8,0.019245386123657227,0.0024056732654571533,True
9,1932,1784807994.425756,8,0.019904375076293945,0.002488046884536743,True
9,1933,1784807994.4465697,8,0.01986241340637207,0.002482801675796509,True
9,1934,1784807994.4666972,8,0.01977086067199707,0.002471357583999634,True
9,1935,1784807994.4869146,8,0.02243781089782715,0.0028047263622283936,True
9,1936,1784807994.5096543,8,0.019390106201171875,0.0024237632751464844,True
9,1937,1784807994.5299392,8,0.020404577255249023,0.002550572156906128,True
9,1938,1784807994.550827,8,0.019563674926757812,0.0024454593658447266,True
9,1939,1784807994.5718699,8,0.01959705352783203,0.002449631690979004,True
9,1940,1784807994.591845,8,0.021356821060180664,0.002669602632522583,True
9,1941,1784807994.6140356,8,0.01948857307434082,0.0024360716342926025,True
9,1942,1784807994.633953,8,0.02112412452697754,0.0026405155658721924,True
9,1943,1784807994.656055,8,0.020334720611572266,0.002541840076446533,True
9,1944,1784807994.6767988,8,0.020028352737426758,0.0025035440921783447,True
9,1945,1784807994.6973166,8,0.01973724365234375,0.0024671554565429688,True
9,1946,1784807994.7175767,8,0.01961374282836914,0.0024517178535461426,True
9,1947,1784807994.738609,8,0.02075958251953125,0.0025949478149414062,True
9,1948,1784807994.760399,8,0.019974470138549805,0.0024968087673187256,True
9,1949,1784807994.7808824,8,0.019757986068725586,0.0024697482585906982,True
9,1950,1784807994.8009896,8,0.02102041244506836,0.002627551555633545,True
9,1951,1784807994.8227165,8,0.01796555519104004,0.002245694398880005,True
9,1952,1784807994.8415854,8,0.020064830780029297,0.002508103847503662,True
9,1953,1784807994.8620946,8,0.022485017776489258,0.0028106272220611572,True
9,1954,1784807994.8849487,8,0.020999670028686523,0.0026249587535858154,True
9,1955,1784807994.9070597,8,0.01909160614013672,0.00238645076751709,True
9,1956,1784807994.9264688,8,0.019325733184814453,0.0024157166481018066,True
9,1957,1784807994.946196,8,0.020617961883544922,0.0025772452354431152,True
9,1958,1784807994.9676766,8,0.01997828483581543,0.0024972856044769287,True
9,1959,1784807994.988142,8,0.019239425659179688,0.002404928207397461,True
9,1960,1784807995.0080674,8,0.0188601016998291,0.0023575127124786377,True
9,1961,1784807995.027737,8,0.02005600929260254,0.0025070011615753174,True
9,1962,1784807995.0484364,8,0.02130413055419922,0.0026630163192749023,True
9,1963,1784807995.0709338,8,0.019489049911499023,0.002436131238937378,True
9,1964,1784807995.0910442,8,0.020150423049926758,0.0025188028812408447,True
9,1965,1784807995.1114905,8,0.020610570907592773,0.0025763213634490967,True
9,1966,1784807995.1324644,8,0.019045591354370117,0.0023806989192962646,True
9,1967,1784807995.1520963,8,0.01850128173828125,0.0023126602172851562,True
9,1968,1784807995.1709783,8,0.020358562469482422,0.0025448203086853027,True
9,1969,1784807995.1918085,8,0.02009725570678711,0.0025121569633483887,True
9,1970,1784807995.2126038,8,0.018946409225463867,0.0023683011531829834,True
9,1971,1784807995.2318895,8,0.021416187286376953,0.002677023410797119,True
9,1972,1784807995.2537808,8,0.019635677337646484,0.0024544596672058105,True
9,1973,1784807995.273783,8,0.01942586898803711,0.0024282336235046387,True
9,1974,1784807995.2938116,8,0.019937753677368164,0.0024922192096710205,True
9,1975,1784807995.3142169,8,0.019728899002075195,0.0024661123752593994,True
9,1976,1784807995.33486,8,0.01931595802307129,0.002414494752883911,True
9,1977,1784807995.354565,8,0.0183718204498291,0.0022964775562286377,True
9,1978,1784807995.374266,8,0.01759958267211914,0.0021999478340148926,True
9,1979,1784807995.3922985,8,0.019623517990112305,0.002452939748764038,True
9,1980,1784807995.4123611,8,0.020195960998535156,0.0025244951248168945,True
9,1981,1784807995.4328933,8,0.020414352416992188,0.0025517940521240234,True
9,1982,1784807995.4537094,8,0.02089667320251465,0.002612084150314331,True
9,1983,1784807995.4756281,8,0.0204164981842041,0.0025520622730255127,True
9,1984,1784807995.4973304,8,0.01963520050048828,0.002454400062561035,True
9,1985,1784807995.5178027,8,0.021677255630493164,0.0027096569538116455,True
9,1986,1784807995.5401824,8,0.019482851028442383,0.002435356378555298,True
9,1987,1784807995.5602448,8,0.021373271942138672,0.002671658992767334,True
9,1988,1784807995.5842154,8,0.021654844284057617,0.002706855535507202,True
9,1989,1784807995.6064072,8,0.01918649673461914,0.0023983120918273926,True
9,1990,1784807995.62604,8,0.02461838722229004,0.003077298402786255,True
9,1991,1784807995.653292,8,0.01774764060974121,0.0022184550762176514,True
9,1992,1784807995.6715498,8,0.022088050842285156,0.0027610063552856445,True
9,1993,1784807995.6939745,8,0.01929473876953125,0.0024118423461914062,True
9,1994,1784807995.7136185,8,0.021091699600219727,0.002636462450027466,True
9,1995,1784807995.736158,8,0.01973700523376465,0.002467125654220581,True
9,1996,1784807995.7563128,8,0.019301176071166992,0.002412647008895874,True
9,1997,1784807995.7760842,8,0.01952648162841797,0.002440810203552246,True
9,1998,1784807995.796086,8,0.021155357360839844,0.0026444196701049805,True
9,1999,1784807995.8178756,8,0.018799543380737305,0.002349942922592163,True
9,2000,1784807995.8371937,8,0.01949763298034668,0.002437204122543335,True
9,2001,1784807995.8573754,8,0.021091461181640625,0.002636432647705078,True
9,2002,1784807995.8792071,8,0.018589019775390625,0.002323627471923828,True
9,2003,1784807995.8982503,8,0.020368099212646484,0.0025460124015808105,True
9,2004,1784807995.9191368,8,0.021996259689331055,0.002749532461166382,True
9,2005,1784807995.9434278,8,0.019402503967285156,0.0024253129959106445,True
9,2006,1784807995.9632535,8,0.018997669219970703,0.002374708652496338,True
9,2007,1784807995.9832108,8,0.020281076431274414,0.0025351345539093018,True
9,2008,1784807996.0044374,8,0.019110441207885742,0.0023888051509857178,True
9,2009,1784807996.02394,8,0.021672725677490234,0.0027090907096862793,True
9,2010,1784807996.0462155,8,0.019597291946411133,0.0024496614933013916,True
9,2011,1784807996.0668778,8,0.019605398178100586,0.0024506747722625732,True
9,2012,1784807996.08686,8,0.01880812644958496,0.00235101580619812,True
9,2013,1784807996.1064076,8,0.01877140998840332,0.002346426248550415,True
9,2014,1784807996.1259594,8,0.01984262466430664,0.00248032808303833,True
9,2015,1784807996.146232,8,0.02031421661376953,0.0025392770767211914,True
9,2016,1784807996.1669822,8,0.020246267318725586,0.0025307834148406982,True
9,2017,1784807996.1878223,8,0.01876974105834961,0.002346217632293701,True
9,2018,1784807996.2073832,8,0.023426532745361328,0.002928316593170166,True
9,2019,1784807996.2323515,8,0.020358800888061523,0.0025448501110076904,True
9,2020,1784807996.253096,8,0.02074289321899414,0.0025928616523742676,True
9,2021,1784807996.2748756,8,0.0188143253326416,0.0023517906665802,True
9,2022,1784807996.2942946,8,0.022322893142700195,0.0027903616428375244,True
9,2023,1784807996.317202,8,0.019736289978027344,0.002467036247253418,True
9,2024,1784807996.3376076,8,0.02017974853515625,0.0025224685668945312,True
9,2025,1784807996.358108,8,0.020153284072875977,0.002519160509109497,True
9,2026,1784807996.3798354,8,0.01960158348083496,0.00245019793510437,True
9,2027,1784807996.3997676,8,0.021463394165039062,0.002682924270629883,True
9,2028,1784807996.421831,8,0.01823139190673828,0.002278923988342285,True
9,2029,1784807996.4404528,8,0.02135014533996582,0.0026687681674957275,True
9,2030,1784807996.462387,8,0.02100348472595215,0.0026254355907440186,True
9,2031,1784807996.4839683,8,0.01924443244934082,0.0024055540561676025,True
9,2032,1784807996.5037453,8,0.020258665084838867,0.0025323331356048584,True
9,2033,1784807996.52458,8,0.020800113677978516,0.0026000142097473145,True
9,2034,1784807996.545971,8,0.018366575241088867,0.0022958219051361084,True
9,2035,1784807996.564844,8,0.02156853675842285,0.0026960670948028564,True
9,2036,1784807996.5869443,8,0.02012491226196289,0.0025156140327453613,True
9,2037,1784807996.6077032,8,0.01968550682067871,0.002460688352584839,True
9,2038,1784807996.62834,8,0.020871877670288086,0.0026089847087860107,True
9,2039,1784807996.649597,8,0.02022099494934082,0.0025276243686676025,True
9,2040,1784807996.6728387,8,0.016135454177856445,0.0020169317722320557,True
9,2041,1784807996.6897852,8,0.019785404205322266,0.002473175525665283,True
9,2042,1784807996.7101097,8,0.020607948303222656,0.002575993537902832,True
9,2043,1784807996.731253,8,0.01983809471130371,0.002479761838912964,True
9,2044,1784807996.7516723,8,0.02215290069580078,0.0027691125869750977,True
9,2045,1784807996.7744644,8,0.02104043960571289,0.0026300549507141113,True
9,2046,1784807996.7962348,8,0.02087235450744629,0.002609044313430786,True
9,2047,1784807996.8176806,8,0.02571392059326172,0.003214240074157715,True
9,2048,1784807996.8442872,8,0.017267704010009766,0.0021584630012512207,True
9,2049,1784807996.8628125,8,0.019748687744140625,0.002468585968017578,True
9,2050,1784807996.8830929,8,0.0210263729095459,0.0026282966136932373,True
9,2051,1784807996.9045253,8,0.021074771881103516,0.0026343464851379395,True
9,2052,1784807996.9260616,8,0.020575284957885742,0.0025719106197357178,True
9,2053,1784807996.946993,8,0.020188570022583008,0.002523571252822876,True
9,2054,1784807996.9678824,8,0.019814252853393555,0.0024767816066741943,True
9,2055,1784807996.9881663,8,0.019019603729248047,0.002377450466156006,True
9,2056,1784807997.0076911,8,0.020653486251831055,0.002581685781478882,True
9,2057,1784807997.0294018,8,0.021545886993408203,0.0026932358741760254,True
9,2058,1784807997.052006,8,0.021348237991333008,0.002668529748916626,True
9,2059,1784807997.0745828,8,0.021085500717163086,0.0026356875896453857,True
9,2060,1784807997.0962067,8,0.019561290740966797,0.0024451613426208496,True
9,2061,1784807997.1162782,8,0.02152109146118164,0.002690136432647705,True
9,2062,1784807997.1381745,8,0.0204770565032959,0.0025596320629119873,True
9,2063,1784807997.1591163,8,0.018169403076171875,0.0022711753845214844,True
9,2064,1784807997.1778448,8,0.02115464210510254,0.0026443302631378174,True
9,2065,1784807997.1993814,8,0.018340110778808594,0.0022925138473510742,True
9,2066,1784807997.2185419,8,0.01962876319885254,0.0024535953998565674,True
9,2067,1784807997.2388484,8,0.021910905838012695,0.002738863229751587,True
9,2068,1784807997.2614515,8,0.01912665367126465,0.002390831708908081,True
9,2069,1784807997.2809722,8,0.02080988883972168,0.00260123610496521,True
9,2070,1784807997.3020742,8,0.020636320114135742,0.0025795400142669678,True
9,2071,1784807997.323128,8,0.018646955490112305,0.002330869436264038,True
9,2072,1784807997.3422287,8,0.020604610443115234,0.0025755763053894043,True
9,2073,1784807997.363815,8,0.019899845123291016,0.002487480640411377,True
9,2074,1784807997.3841183,8,0.021424531936645508,0.0026780664920806885,True
9,2075,1784807997.4062164,8,0.02018260955810547,0.0025228261947631836,True
9,2076,1784807997.4267335,8,0.021319866180419922,0.0026649832725524902,True
9,2077,1784807997.4483151,8,0.020954370498657227,0.0026192963123321533,True
9,2078,1784807997.4706862,8,0.01987171173095703,0.002483963966369629,True
9,2079,1784807997.4916193,8,0.0185086727142334,0.002313584089279175,True
9,2080,1784807997.5105054,8,0.02004241943359375,0.0025053024291992188,True
9,2081,1784807997.531679,8,0.022032976150512695,0.002754122018814087,True
9,2082,1784807997.5540967,8,0.02006053924560547,0.0025075674057006836,True
9,2083,1784807997.5747004,8,0.0208742618560791,0.0026092827320098877,True
9,2084,1784807997.5959191,8,0.020134449005126953,0.002516806125640869,True
9,2085,1784807997.6177442,8,0.020457029342651367,0.002557128667831421,True
9,2086,1784807997.638836,8,0.019608736038208008,0.002451092004776001,True
9,2087,1784807997.6587818,8,0.01992058753967285,0.0024900734424591064,True
9,2088,1784807997.6791344,8,0.019493818283081055,0.002436727285385132,True
9,2089,1784807997.6989317,8,0.019548416137695312,0.002443552017211914,True
9,2090,1784807997.7189205,8,0.020069360733032227,0.0025086700916290283,True
9,2091,1784807997.7393017,8,0.018798351287841797,0.0023497939109802246,True
9,2092,1784807997.7584877,8,0.01924300193786621,0.0024053752422332764,True
9,2093,1784807997.7780044,8,0.022856712341308594,0.0028570890426635742,True
9,2094,1784807997.8015816,8,0.017438411712646484,0.0021798014640808105,True
9,2095,1784807997.8198822,8,0.01957225799560547,0.0024465322494506836,True
9,2096,1784807997.8404152,8,0.019850730895996094,0.0024813413619995117,True
9,2097,1784807997.860933,8,0.01881122589111328,0.00235140323638916,True
9,2098,1784807997.8801184,8,0.019782304763793945,0.002472788095474243,True
9,2099,1784807997.9006073,8,0.018784761428833008,0.002348095178604126,True
9,2100,1784807997.9197218,8,0.02091360092163086,0.0026142001152038574,True
9,2101,1784807997.9411776,8,0.018735170364379883,0.0023418962955474854,True
9,2102,1784807997.9611118,8,0.025624513626098633,0.003203064203262329,True
9,2103,1784807997.9904077,8,0.01818227767944336,0.00227278470993042,True
9,2104,1784807998.0090652,8,0.020265817642211914,0.0025332272052764893,True
9,2105,1784807998.0296984,8,0.019073963165283203,0.0023842453956604004,True
9,2106,1784807998.0491748,8,0.019953250885009766,0.0024941563606262207,True
9,2107,1784807998.0697198,8,0.019672632217407227,0.0024590790271759033,True
9,2108,1784807998.0900857,8,0.01953577995300293,0.002441972494125366,True
9,2109,1784807998.1100135,8,0.019657135009765625,0.002457141876220703,True
9,2110,1784807998.130428,8,0.0189058780670166,0.002363234758377075,True
9,2111,1784807998.1498022,8,0.020162105560302734,0.002520263195037842,True
9,2112,1784807998.1703057,8,0.020250797271728516,0.0025313496589660645,True
9,2113,1784807998.1910918,8,0.02024698257446289,0.0025308728218078613,True
9,2114,1784807998.2116683,8,0.0184781551361084,0.00230976939201355,True
9,2115,1784807998.2305772,8,0.01903510093688965,0.002379387617111206,True
9,2116,1784807998.2500062,8,0.018691301345825195,0.0023364126682281494,True
9,2117,1784807998.2691622,8,0.020563602447509766,0.0025704503059387207,True
9,2118,1784807998.2901196,8,0.01877140998840332,0.002346426248550415,True
9,2119,1784807998.309597,8,0.019643545150756836,0.0024554431438446045,True
9,2120,1784807998.3295827,8,0.02034282684326172,0.002542853355407715,True
9,2121,1784807998.35032,8,0.019286394119262695,0.002410799264907837,True
9,2122,1784807998.3703682,8,0.01876664161682129,0.002345830202102661,True
9,2123,1784807998.3894892,8,0.0205686092376709,0.0025710761547088623,True
9,2124,1784807998.4105222,8,0.01883840560913086,0.0023548007011413574,True
9,2125,1784807998.4297724,8,0.02103900909423828,0.002629876136779785,True
9,2126,1784807998.4512715,8,0.019611835479736328,0.002451479434967041,True
9,2127,1784807998.471602,8,0.019221067428588867,0.0024026334285736084,True
9,2128,1784807998.4912376,8,0.01963067054748535,0.002453833818435669,True
9,2129,1784807998.511295,8,0.01957535743713379,0.0024469196796417236,True
9,2130,1784807998.5311303,8,0.01907825469970703,0.002384781837463379,True
9,2131,1784807998.5506668,8,0.02069377899169922,0.0025867223739624023,True
9,2132,1784807998.5717115,8,0.0222625732421875,0.0027828216552734375,True
9,2133,1784807998.5942836,8,0.01614975929260254,0.0020187199115753174,True
9,2134,1784807998.6107595,8,0.019632577896118164,0.0024540722370147705,True
9,2135,1784807998.6306906,8,0.020157575607299805,0.0025196969509124756,True
9,2136,1784807998.6511223,8,0.020821809768676758,0.0026027262210845947,True
9,2137,1784807998.672222,8,0.019767284393310547,0.0024709105491638184,True
9,2138,1784807998.6927671,8,0.021472454071044922,0.0026840567588806152,True
9,2139,1784807998.7146041,8,0.01873493194580078,0.0023418664932250977,True
9,2140,1784807998.733761,8,0.020563364028930664,0.002570420503616333,True
9,2141,1784807998.7549953,8,0.019162654876708984,0.002395331859588623,True
9,2142,1784807998.7744656,8,0.019666433334350586,0.0024583041667938232,True
9,2143,1784807998.7946222,8,0.01900005340576172,0.002375006675720215,True
9,2144,1784807998.8140202,8,0.020073890686035156,0.0025092363357543945,True
9,2145,1784807998.8343725,8,0.02088451385498047,0.0026105642318725586,True
9,2146,1784807998.8556108,8,0.01912093162536621,0.0023901164531707764,True
9,2147,1784807998.8752844,8,0.018887042999267578,0.0023608803749084473,True
9,2148,1784807998.8945258,8,0.0195467472076416,0.0024433434009552,True
9,2149,1784807998.914623,8,0.018844127655029297,0.002355515956878662,True
9,2150,1784807998.9339104,8,0.020447492599487305,0.002555936574935913,True
9,2151,1784807998.954655,8,0.02050161361694336,0.00256270170211792,True
9,2152,1784807998.9758308,8,0.02066516876220703,0.002583146095275879,True
9,2153,1784807998.9971497,8,0.019112110137939453,0.0023890137672424316,True
9,2154,1784807999.0167155,8,0.019718647003173828,0.0024648308753967285,True
9,2155,1784807999.0368443,8,0.01916646957397461,0.002395808696746826,True
9,2156,1784807999.0566308,8,0.020307540893554688,0.002538442611694336,True
9,2157,1784807999.0774615,8,0.02027273178100586,0.0025340914726257324,True
9,2158,1784807999.0982955,8,0.018459796905517578,0.0023074746131896973,True
9,2159,1784807999.1171412,8,0.018879413604736328,0.002359926700592041,True
9,2160,1784807999.1367905,8,0.021140336990356445,0.0026425421237945557,True
9,2161,1784807999.1582634,8,0.021601200103759766,0.0027001500129699707,True
9,2162,1784807999.1802073,8,0.018195390701293945,0.002274423837661743,True
9,2163,1784807999.1988142,8,0.020337343215942383,0.002542167901992798,True
9,2164,1784807999.2197013,8,0.019232749938964844,0.0024040937423706055,True
9,2165,1784807999.2395353,8,0.018416643142700195,0.0023020803928375244,True
9,2166,1784807999.2582772,8,0.020428180694580078,0.0025535225868225098,True
9,2167,1784807999.2789466,8,0.020958423614501953,0.002619802951812744,True
9,2168,1784807999.3001895,8,0.0204010009765625,0.0025501251220703125,True
9,2169,1784807999.3209636,8,0.017739057540893555,0.0022173821926116943,True
9,2170,1784807999.3390687,8,0.01866626739501953,0.0023332834243774414,True
9,2171,1784807999.3584952,8,0.01949930191040039,0.002437412738800049,True
9,2172,1784807999.3783827,8,0.01921987533569336,0.00240248441696167,True
9,2173,1784807999.3978918,8,0.019792556762695312,0.002474069595336914,True
9,2174,1784807999.4180765,8,0.019203901290893555,0.0024004876613616943,True
9,2175,1784807999.4375966,8,0.018872976303100586,0.0023591220378875732,True
9,2176,1784807999.456801,8,0.020400285720825195,0.0025500357151031494,True
9,2177,1784807999.4774883,8,0.020794153213500977,0.002599269151687622,True
9,2178,1784807999.498612,8,0.021370410919189453,0.0026713013648986816,True
9,2179,1784807999.5204375,8,0.018523454666137695,0.002315431833267212,True
9,2180,1784807999.539391,8,0.019590139389038086,0.0024487674236297607,True
9,2181,1784807999.5593593,8,0.019847869873046875,0.0024809837341308594,True
9,2182,1784807999.5795808,8,0.02094268798828125,0.0026178359985351562,True
9,2183,1784807999.6009822,8,0.018628597259521484,0.0023285746574401855,True
9,2184,1784807999.6199408,8,0.020611286163330078,0.0025764107704162598,True
9,2185,1784807999.6408443,8,0.01887679100036621,0.0023595988750457764,True
9,2186,1784807999.660065,8,0.019435405731201172,0.0024294257164001465,True
9,2187,1784807999.6798382,8,0.018169641494750977,0.002271205186843872,True
9,2188,1784807999.6984012,8,0.019099712371826172,0.0023874640464782715,True
9,2189,1784807999.7178838,8,0.026351213455200195,0.0032939016819000244,True
9,2190,1784807999.7458503,8,0.013419151306152344,0.001677393913269043,True
9,2191,1784807999.7595978,8,0.019635915756225586,0.0024544894695281982,True
9,2192,1784807999.7796628,8,0.02001500129699707,0.002501875162124634,True
9,2193,1784807999.80022,8,0.01875925064086914,0.0023449063301086426,True
9,2194,1784807999.8194506,8,0.019305706024169922,0.0024132132530212402,True
9,2195,1784807999.8390965,8,0.019852638244628906,0.0024815797805786133,True
9,2196,1784807999.85932,8,0.018728256225585938,0.002341032028198242,True
9,2197,1784807999.8783712,8,0.020646333694458008,0.002580791711807251,True
9,2198,1784807999.8993762,8,0.020077943801879883,0.0025097429752349854,True
9,2199,1784807999.9198914,8,0.019737720489501953,0.002467215061187744,True
9,2200,1784807999.940118,8,0.01802849769592285,0.0022535622119903564,True
9,2201,1784807999.9587517,8,0.01905679702758789,0.0023820996284484863,True
9,2202,1784807999.9783173,8,0.019539594650268555,0.0024424493312835693,True
9,2203,1784807999.9985554,8,0.02062511444091797,0.002578139305114746,True
9,2204,1784808000.0200202,8,0.018527507781982422,0.0023159384727478027,True
9,2205,1784808000.0389154,8,0.020180225372314453,0.0025225281715393066,True
9,2206,1784808000.0595133,8,0.019684791564941406,0.0024605989456176758,True
9,2207,1784808000.079749,8,0.01900315284729004,0.002375394105911255,True
9,2208,1784808000.099154,8,0.018170833587646484,0.0022713541984558105,True
9,2209,1784808000.1176927,8,0.0211789608001709,0.0026473701000213623,True
9,2210,1784808000.1391704,8,0.02061176300048828,0.002576470375061035,True
9,2211,1784808000.1601102,8,0.019621849060058594,0.0024527311325073242,True
9,2212,1784808000.18024,8,0.019857168197631836,0.0024821460247039795,True
9,2213,1784808000.200803,8,0.01970839500427246,0.0024635493755340576,True
9,2214,1784808000.221714,8,0.020520687103271484,0.0025650858879089355,True
9,2215,1784808000.2428403,8,0.02036452293395996,0.002545565366744995,True
9,2216,1784808000.2635934,8,0.019085407257080078,0.0023856759071350098,True
9,2217,1784808000.2830153,8,0.02041792869567871,0.002552241086959839,True
9,2218,1784808000.3037403,8,0.019477128982543945,0.002434641122817993,True
9,2219,1784808000.32367,8,0.021800994873046875,0.0027251243591308594,True
9,2220,1784808000.3472013,8,0.019381999969482422,0.0024227499961853027,True
9,2221,1784808000.366883,8,0.019231796264648438,0.0024039745330810547,True
9,2222,1784808000.3864102,8,0.021410703659057617,0.002676337957382202,True
9,2223,1784808000.4081478,8,0.018997669219970703,0.002374708652496338,True
9,2224,1784808000.4275548,8,0.02118062973022461,0.002647578716278076,True
9,2225,1784808000.4491768,8,0.018931865692138672,0.002366483211517334,True
9,2226,1784808000.468686,8,0.019937992095947266,0.002492249011993408,True
9,2227,1784808000.4889336,8,0.020322799682617188,0.0025403499603271484,True
9,2228,1784808000.509777,8,0.018761396408081055,0.002345174551010132,True
9,2229,1784808000.528956,8,0.01967024803161621,0.0024587810039520264,True
9,2230,1784808000.5489967,8,0.01916670799255371,0.002395838499069214,True
9,2231,1784808000.5685668,8,0.01790022850036621,0.0022375285625457764,True
9,2232,1784808000.5868456,8,0.02049088478088379,0.0025613605976104736,True
9,2233,1784808000.6080055,8,0.019655227661132812,0.0024569034576416016,True
9,2234,1784808000.6282449,8,0.02049112319946289,0.0025613903999328613,True
9,2235,1784808000.649155,8,0.019597530364990234,0.0024496912956237793,True
9,2236,1784808000.6691122,8,0.01950860023498535,0.002438575029373169,True
9,2237,1784808000.688993,8,0.018748998641967773,0.0023436248302459717,True
9,2238,1784808000.708379,8,0.019071102142333984,0.002383887767791748,True
9,2239,1784808000.7278163,8,0.0187375545501709,0.0023421943187713623,True
9,2240,1784808000.746934,8,0.020864009857177734,0.002608001232147217,True
9,2241,1784808000.7681124,8,0.01890110969543457,0.0023626387119293213,True
9,2242,1784808000.787646,8,0.020753145217895508,0.0025941431522369385,True
9,2243,1784808000.8096435,8,0.02025628089904785,0.0025320351123809814,True
9,2244,1784808000.8302104,8,0.02173161506652832,0.00271645188331604,True
9,2245,1784808000.8524854,8,0.018523693084716797,0.0023154616355895996,True
9,2246,1784808000.871372,8,0.019995450973510742,0.0024994313716888428,True
9,2247,1784808000.89169,8,0.020657777786254883,0.0025822222232818604,True
9,2248,1784808000.912697,8,0.021364688873291016,0.002670586109161377,True
9,2249,1784808000.934348,8,0.01856207847595215,0.0023202598094940186,True
9,2250,1784808000.9535775,8,0.01914072036743164,0.002392590045928955,True
9,2251,1784808000.973509,8,0.02010059356689453,0.0025125741958618164,True
9,2252,1784808000.9939795,8,0.01992011070251465,0.002490013837814331,True
9,2253,1784808001.014297,8,0.020946025848388672,0.002618253231048584,True
9,2254,1784808001.0364745,8,0.0192718505859375,0.0024089813232421875,True
9,2255,1784808001.056167,8,0.020252227783203125,0.0025315284729003906,True
9,2256,1784808001.0770838,8,0.019275188446044922,0.0024093985557556152,True
9,2257,1784808001.0967634,8,0.020333290100097656,0.002541661262512207,True
9,2258,1784808001.1174788,8,0.018300533294677734,0.002287566661834717,True
9,2259,1784808001.1361592,8,0.020536184310913086,0.0025670230388641357,True
9,2260,1784808001.1570873,8,0.020616531372070312,0.002577066421508789,True
9,2261,1784808001.1781256,8,0.02073836326599121,0.0025922954082489014,True
9,2262,1784808001.2001653,8,0.01972174644470215,0.0024652183055877686,True
9,2263,1784808001.2205868,8,0.020182132720947266,0.002522766590118408,True
9,2264,1784808001.2411854,8,0.021678686141967773,0.0027098357677459717,True
9,2265,1784808001.2632737,8,0.018837451934814453,0.0023546814918518066,True
9,2266,1784808001.2832947,8,0.019141435623168945,0.002392679452896118,True
9,2267,1784808001.3027942,8,0.020292282104492188,0.0025365352630615234,True
9,2268,1784808001.3234274,8,0.018918991088867188,0.0023648738861083984,True
9,2269,1784808001.3427439,8,0.019363880157470703,0.002420485019683838,True
9,2270,1784808001.3624272,8,0.02088332176208496,0.00261041522026062,True
9,2271,1784808001.383601,8,0.019845008850097656,0.002480626106262207,True
9,2272,1784808001.4037747,8,0.019781112670898438,0.0024726390838623047,True
9,2273,1784808001.4239767,8,0.022101402282714844,0.0027626752853393555,True
9,2274,1784808001.4463809,8,0.019718408584594727,0.002464801073074341,True
9,2275,1784808001.466934,8,0.019933700561523438,0.0024917125701904297,True
9,2276,1784808001.4872286,8,0.023567676544189453,0.0029459595680236816,True
9,2277,1784808001.511082,8,0.019176244735717773,0.0023970305919647217,True
9,2278,1784808001.5311809,8,0.017920255661010742,0.0022400319576263428,True
9,2279,1784808001.5496619,8,0.017649173736572266,0.002206146717071533,True
9,2280,1784808001.5677152,8,0.02072620391845703,0.002590775489807129,True
9,2281,1784808001.5887117,8,0.018998146057128906,0.0023747682571411133,True
9,2282,1784808001.6080043,8,0.020093917846679688,0.002511739730834961,True
9,2283,1784808001.6287732,8,0.019597530364990234,0.0024496912956237793,True
9,2284,1784808001.6488926,8,0.019035816192626953,0.002379477024078369,True
9,2285,1784808001.6683857,8,0.0207061767578125,0.0025882720947265625,True
9,2286,1784808001.6894016,8,0.01955246925354004,0.002444058656692505,True
9,2287,1784808001.7092433,8,0.021013498306274414,0.0026266872882843018,True
9,2288,1784808001.7306595,8,0.020814180374145508,0.0026017725467681885,True
9,2289,1784808001.7518883,8,0.01974034309387207,0.002467542886734009,True
9,2290,1784808001.771919,8,0.01893329620361328,0.00236666202545166,True
9,2291,1784808001.7912621,8,0.018736839294433594,0.0023421049118041992,True
9,2292,1784808001.8103967,8,0.020284652709960938,0.002535581588745117,True
9,2293,1784808001.831079,8,0.01858210563659668,0.002322763204574585,True
9,2294,1784808001.8499405,8,0.019243240356445312,0.002405405044555664,True
9,2295,1784808001.8696182,8,0.019427061080932617,0.002428382635116577,True
9,2296,1784808001.8894103,8,0.019188880920410156,0.0023986101150512695,True
9,2297,1784808001.9090033,8,0.021126985549926758,0.0026408731937408447,True
9,2298,1784808001.930594,8,0.02149033546447754,0.0026862919330596924,True
9,2299,1784808001.952409,8,0.019318342208862305,0.002414792776107788,True
9,2300,1784808001.972286,8,0.02145099639892578,0.0026813745498657227,True
9,2301,1784808001.9941614,8,0.019191503524780273,0.002398937940597534,True
9,2302,1784808002.0137038,8,0.020867586135864258,0.0026084482669830322,True
9,2303,1784808002.0349274,8,0.01905965805053711,0.0023824572563171387,True
9,2304,1784808002.0542638,8,0.02091693878173828,0.002614617347717285,True
9,2305,1784808002.0754974,8,0.020781278610229492,0.0025976598262786865,True
9,2306,1784808002.0967145,8,0.018763065338134766,0.0023453831672668457,True
9,2307,1784808002.1159077,8,0.01978754997253418,0.0024734437465667725,True
9,2308,1784808002.135999,8,0.020374536514282227,0.0025468170642852783,True
9,2309,1784808002.156826,8,0.02067279815673828,0.002584099769592285,True
9,2310,1784808002.1779253,8,0.019473791122436523,0.0024342238903045654,True
9,2311,1784808002.1980307,8,0.019455909729003906,0.0024319887161254883,True
9,2312,1784808002.2181122,8,0.021154403686523438,0.0026443004608154297,True
9,2313,1784808002.2395942,8,0.0199434757232666,0.002492934465408325,True
9,2314,1784808002.2601044,8,0.020222187042236328,0.002527773380279541,True
9,2315,1784808002.2808542,8,0.01837158203125,0.00229644775390625,True
9,2316,1784808002.2998722,8,0.01952505111694336,0.00244063138961792,True
9,2317,1784808002.3197248,8,0.01906728744506836,0.002383410930633545,True
9,2318,1784808002.339266,8,0.023404359817504883,0.0029255449771881104,True
9,2319,1784808002.3630466,8,0.020070552825927734,0.002508819103240967,True
9,2320,1784808002.3835135,8,0.01971912384033203,0.002464890480041504,True
9,2321,1784808002.4035122,8,0.01946115493774414,0.0024326443672180176,True
9,2322,1784808002.423232,8,0.02150893211364746,0.0026886165142059326,True
9,2323,1784808002.4451418,8,0.019371747970581055,0.002421468496322632,True
9,2324,1784808002.4649694,8,0.019352197647094727,0.002419024705886841,True
9,2325,1784808002.4847322,8,0.021136760711669922,0.0026420950889587402,True
9,2326,1784808002.5061376,8,0.02093958854675293,0.002617448568344116,True
9,2327,1784808002.5274405,8,0.019872188568115234,0.0024840235710144043,True
9,2328,1784808002.5483472,8,0.020920991897583008,0.002615123987197876,True
9,2329,1784808002.5698326,8,0.019173622131347656,0.002396702766418457,True
9,2330,1784808002.589516,8,0.020563364028930664,0.002570420503616333,True
9,2331,1784808002.6104722,8,0.02097344398498535,0.002621680498123169,True
9,2332,1784808002.6324759,8,0.019405364990234375,0.002425670623779297,True
9,2333,1784808002.652792,8,0.02008843421936035,0.002511054277420044,True
9,2334,1784808002.673239,8,0.021308422088623047,0.002663552761077881,True
9,2335,1784808002.6957154,8,0.0188443660736084,0.00235554575920105,True
9,2336,1784808002.715067,8,0.018362760543823242,0.0022953450679779053,True
9,2337,1784808002.733735,8,0.01912665367126465,0.002390831708908081,True
9,2338,1784808002.7532809,8,0.021677017211914062,0.002709627151489258,True
9,2339,1784808002.775352,8,0.01797938346862793,0.002247422933578491,True
9,2340,1784808002.7940567,8,0.019978046417236328,0.002497255802154541,True
9,2341,1784808002.8144855,8,0.020778417587280273,0.002597302198410034,True
9,2342,1784808002.8357162,8,0.020552396774291992,0.002569049596786499,True
9,2343,1784808002.8568616,8,0.02026200294494629,0.002532750368118286,True
9,2344,1784808002.8774998,8,0.019801855087280273,0.002475231885910034,True
9,2345,1784808002.8975554,8,0.01944875717163086,0.0024310946464538574,True
9,2346,1784808002.9175515,8,0.019266128540039062,0.002408266067504883,True
9,2347,1784808002.937148,8,0.0201261043548584,0.0025157630443573,True
9,2348,1784808002.957502,8,0.0198214054107666,0.002477675676345825,True
9,2349,1784808002.9777207,8,0.020546674728393555,0.0025683343410491943,True
9,2350,1784808002.9985127,8,0.02097773551940918,0.0026222169399261475,True
9,2351,1784808003.0198154,8,0.019044160842895508,0.0023805201053619385,True
9,2352,1784808003.0392733,8,0.019705772399902344,0.002463221549987793,True
9,2353,1784808003.059361,8,0.019556760787963867,0.0024445950984954834,True
9,2354,1784808003.0792692,8,0.02065420150756836,0.002581775188446045,True
9,2355,1784808003.1002436,8,0.01930832862854004,0.002413541078567505,True
9,2356,1784808003.1198926,8,0.019885778427124023,0.002485722303390503,True
9,2357,1784808003.140153,8,0.018907546997070312,0.002363443374633789,True
9,2358,1784808003.1594737,8,0.020441055297851562,0.0025551319122314453,True
9,2359,1784808003.1803384,8,0.018894195556640625,0.002361774444580078,True
9,2360,1784808003.1995885,8,0.020841598510742188,0.0026051998138427734,True
9,2361,1784808003.2207813,8,0.018938302993774414,0.0023672878742218018,True
9,2362,1784808003.2407424,8,0.018529891967773438,0.0023162364959716797,True
9,2363,1784808003.2596548,8,0.019105195999145508,0.0023881494998931885,True
9,2364,1784808003.2790904,8,0.02161860466003418,0.0027023255825042725,True
9,2365,1784808003.301114,8,0.019809246063232422,0.0024761557579040527,True
9,2366,1784808003.3213527,8,0.020513296127319336,0.002564162015914917,True
9,2367,1784808003.3422198,8,0.018915414810180664,0.002364426851272583,True
9,2368,1784808003.3614545,8,0.019444942474365234,0.0024306178092956543,True
9,2369,1784808003.3814294,8,0.021050691604614258,0.0026313364505767822,True
9,2370,1784808003.4027982,8,0.01923656463623047,0.0024045705795288086,True
9,2371,1784808003.4224684,8,0.0214998722076416,0.0026874840259552,True
9,2372,1784808003.4444113,8,0.01918792724609375,0.0023984909057617188,True
9,2373,1784808003.4638925,8,0.020841121673583984,0.002605140209197998,True
9,2374,1784808003.4852746,8,0.01856827735900879,0.0023210346698760986,True
9,2375,1784808003.50429,8,0.01859903335571289,0.0023248791694641113,True
9,2376,1784808003.5232043,8,0.02093815803527832,0.00261726975440979,True
9,2377,1784808003.5445445,8,0.01856231689453125,0.0023202896118164062,True
9,2378,1784808003.563505,8,0.024248838424682617,0.003031104803085327,True
9,2379,1784808003.588239,8,0.01967334747314453,0.0024591684341430664,True
9,2380,1784808003.608255,8,0.019993066787719727,0.002499133348464966,True
9,2381,1784808003.6287408,8,0.019298315048217773,0.0024122893810272217,True
9,2382,1784808003.6488411,8,0.01960158348083496,0.00245019793510437,True
9,2383,1784808003.6687605,8,0.018976688385009766,0.0023720860481262207,True
9,2384,1784808003.688107,8,0.0195925235748291,0.0024490654468536377,True
9,2385,1784808003.7081423,8,0.020859718322753906,0.0026074647903442383,True
9,2386,1784808003.7294648,8,0.019831180572509766,0.0024788975715637207,True
9,2387,1784808003.7496784,8,0.02037954330444336,0.00254744291305542,True
9,2388,1784808003.7703319,8,0.020559310913085938,0.002569913864135742,True
9,2389,1784808003.791248,8,0.019992351531982422,0.0024990439414978027,True
9,2390,1784808003.8116512,8,0.019765377044677734,0.002470672130584717,True
9,2391,1784808003.8317907,8,0.01955437660217285,0.0024442970752716064,True
9,2392,1784808003.8516452,8,0.02176189422607422,0.0027202367782592773,True
9,2393,1784808003.8738112,8,0.02053236961364746,0.0025665462017059326,True
9,2394,1784808003.8947093,8,0.020899295806884766,0.0026124119758605957,True
9,2395,1784808003.916114,8,0.019390344619750977,0.002423793077468872,True
9,2396,1784808003.9358666,8,0.020183324813842773,0.0025229156017303467,True
9,2397,1784808003.9563658,8,0.01824784278869629,0.002280980348587036,True
9,2398,1784808003.9749432,8,0.021939992904663086,0.0027424991130828857,True
9,2399,1784808003.9973588,8,0.018512487411499023,0.002314060926437378,True
9,2400,1784808004.0162513,8,0.021088600158691406,0.0026360750198364258,True
9,2401,1784808004.0376234,8,0.020703554153442383,0.002587944269180298,True
9,2402,1784808004.0586646,8,0.01979684829711914,0.0024746060371398926,True
9,2403,1784808004.0788312,8,0.020298242568969727,0.002537280321121216,True
9,2404,1784808004.0995188,8,0.01959371566772461,0.002449214458465576,True
9,2405,1784808004.1194508,8,0.020070552825927734,0.002508819103240967,True
9,2406,1784808004.1397762,8,0.02086353302001953,0.0026079416275024414,True
9,2407,1784808004.161043,8,0.019446849822998047,0.002430856227874756,True
9,2408,1784808004.1807299,8,0.0190582275390625,0.0023822784423828125,True
9,2409,1784808004.2000868,8,0.02022838592529297,0.002528548240661621,True
9,2410,1784808004.220664,8,0.020001888275146484,0.0025002360343933105,True
9,2411,1784808004.2410445,8,0.020427703857421875,0.0025534629821777344,True
9,2412,1784808004.2617724,8,0.019988536834716797,0.0024985671043395996,True
9,2413,1784808004.2821283,8,0.0198056697845459,0.0024757087230682373,True
9,2414,1784808004.3023796,8,0.01999688148498535,0.002499610185623169,True
9,2415,1784808004.3226614,8,0.02033209800720215,0.0025415122509002686,True
9,2416,1784808004.343345,8,0.020557165145874023,0.002569645643234253,True
9,2417,1784808004.3643665,8,0.01876544952392578,0.0023456811904907227,True
9,2418,1784808004.3836823,8,0.02118372917175293,0.002647966146469116,True
9,2419,1784808004.405159,8,0.025942325592041016,0.003242790699005127,True
9,2420,1784808004.4315727,8,0.017585039138793945,0.002198129892349243,True
9,2421,1784808004.4495196,8,0.02030658721923828,0.002538323402404785,True
9,2422,1784808004.470179,8,0.020626068115234375,0.002578258514404297,True
9,2423,1784808004.4912503,8,0.019803762435913086,0.0024754703044891357,True
9,2424,1784808004.5115108,8,0.01933908462524414,0.0024173855781555176,True
9,2425,1784808004.5312011,8,0.01978135108947754,0.0024726688861846924,True
9,2426,1784808004.5519884,8,0.020285844802856445,0.0025357306003570557,True
9,2427,1784808004.572695,8,0.023223876953125,0.002902984619140625,True
9,2428,1784808004.5963984,8,0.018208026885986328,0.002276003360748291,True
9,2429,1784808004.614986,8,0.02018594741821289,0.0025232434272766113,True
9,2430,1784808004.635783,8,0.019984960556030273,0.002498120069503784,True
9,2431,1784808004.6562548,8,0.020943403244018555,0.0026179254055023193,True
9,2432,1784808004.6778774,8,0.01930689811706543,0.0024133622646331787,True
9,2433,1784808004.6974733,8,0.02075648307800293,0.002594560384750366,True
9,2434,1784808004.718601,8,0.019432783126831055,0.002429097890853882,True
9,2435,1784808004.7384126,8,0.020991086959838867,0.0026238858699798584,True
9,2436,1784808004.7597797,8,0.019182205200195312,0.002397775650024414,True
9,2437,1784808004.7794204,8,0.018703460693359375,0.002337932586669922,True
9,2438,1784808004.7984476,8,0.020387649536132812,0.0025484561920166016,True
9,2439,1784808004.8191664,8,0.019253253936767578,0.0024066567420959473,True
9,2440,1784808004.8387752,8,0.019960641860961914,0.0024950802326202393,True
9,2441,1784808004.859444,8,0.021539688110351562,0.0026924610137939453,True
9,2442,1784808004.881407,8,0.020489215850830078,0.0025611519813537598,True
9,2443,1784808004.904257,8,0.02023911476135254,0.0025298893451690674,True
9,2444,1784808004.9248765,8,0.02000141143798828,0.002500176429748535,True
9,2445,1784808004.9453423,8,0.022954463958740234,0.0028693079948425293,True
9,2446,1784808004.9687476,8,0.018949031829833984,0.002368628978729248,True
9,2447,1784808004.9880607,8,0.018803834915161133,0.0023504793643951416,True
9,2448,1784808005.0071797,8,0.02044844627380371,0.002556055784225464,True
9,2449,1784808005.0279691,8,0.02076268196105957,0.0025953352451324463,True
9,2450,1784808005.0493286,8,0.018626689910888672,0.002328336238861084,True
9,2451,1784808005.0684454,8,0.020372629165649414,0.0025465786457061768,True
9,2452,1784808005.0891562,8,0.02033233642578125,0.0025415420532226562,True
9,2453,1784808005.109804,8,0.019848108291625977,0.002481013536453247,True
9,2454,1784808005.130114,8,0.020450353622436523,0.0025562942028045654,True
9,2455,1784808005.1509256,8,0.01880931854248047,0.0023511648178100586,True
9,2456,1784808005.1701958,8,0.020617008209228516,0.0025771260261535645,True
9,2457,1784808005.1915274,8,0.0192410945892334,0.002405136823654175,True
9,2458,1784808005.2110507,8,0.019912242889404297,0.002489030361175537,True
9,2459,1784808005.2313328,8,0.021194934844970703,0.002649366855621338,True
9,2460,1784808005.2528625,8,0.01984119415283203,0.002480149269104004,True
9,2461,1784808005.2732382,8,0.02126622200012207,0.002658277750015259,True
9,2462,1784808005.295012,8,0.01880955696105957,0.0023511946201324463,True
9,2463,1784808005.3143926,8,0.02066826820373535,0.002583533525466919,True
9,2464,1784808005.3354175,8,0.020113468170166016,0.002514183521270752,True
9,2465,1784808005.3558908,8,0.020852088928222656,0.002606511116027832,True
9,2466,1784808005.3774858,8,0.018304824829101562,0.0022881031036376953,True
9,2467,1784808005.3966632,8,0.019779205322265625,0.002472400665283203,True
9,2468,1784808005.4173024,8,0.020743370056152344,0.002592921257019043,True
9,2469,1784808005.438374,8,0.01973414421081543,0.0024667680263519287,True
9,2470,1784808005.4586022,8,0.020322561264038086,0.0025403201580047607,True
9,2471,1784808005.479222,8,0.021394968032836914,0.0026743710041046143,True
9,2472,1784808005.500938,8,0.019292116165161133,0.0024115145206451416,True
9,2473,1784808005.5205686,8,0.022595643997192383,0.002824455499649048,True
9,2474,1784808005.5435398,8,0.019907712936401367,0.002488464117050171,True
9,2475,1784808005.5637453,8,0.021065950393676758,0.0026332437992095947,True
9,2476,1784808005.58518,8,0.01805424690246582,0.0022567808628082275,True
9,2477,1784808005.6036437,8,0.018310070037841797,0.0022887587547302246,True
9,2478,1784808005.6223695,8,0.020440340042114258,0.0025550425052642822,True
9,2479,1784808005.64326,8,0.020174264907836914,0.0025217831134796143,True
9,2480,1784808005.6638062,8,0.0185697078704834,0.002321213483810425,True
9,2481,1784808005.6827216,8,0.019878149032592773,0.0024847686290740967,True
9,2482,1784808005.7029445,8,0.020136594772338867,0.0025170743465423584,True
9,2483,1784808005.7234404,8,0.020817041397094727,0.002602130174636841,True
9,2484,1784808005.7445924,8,0.019556522369384766,0.0024445652961730957,True
9,2485,1784808005.764732,8,0.01962590217590332,0.002453237771987915,True
9,2486,1784808005.784766,8,0.020698070526123047,0.002587258815765381,True
9,2487,1784808005.8058026,8,0.0186007022857666,0.002325087785720825,True
9,2488,1784808005.8248053,8,0.019002676010131836,0.0023753345012664795,True
9,2489,1784808005.84442,8,0.01912713050842285,0.0023908913135528564,True
9,2490,1784808005.863968,8,0.020224332809448242,0.0025280416011810303,True
9,2491,1784808005.8845668,8,0.019646644592285156,0.0024558305740356445,True
9,2492,1784808005.904635,8,0.019330263137817383,0.002416282892227173,True
9,2493,1784808005.9250584,8,0.019560813903808594,0.0024451017379760742,True
9,2494,1784808005.945935,8,0.019006729125976562,0.0023758411407470703,True
9,2495,1784808005.9653802,8,0.021444082260131836,0.0026805102825164795,True
9,2496,1784808005.9872174,8,0.020094633102416992,0.002511829137802124,True
9,2497,1784808006.0076334,8,0.019411563873291016,0.002426445484161377,True
9,2498,1784808006.0273492,8,0.0191648006439209,0.0023956000804901123,True
9,2499,1784808006.0469208,8,0.020035266876220703,0.002504408359527588,True
9,2500,1784808006.0673847,8,0.024616003036499023,0.003077000379562378,True
9,2501,1784808006.0923347,8,0.017141342163085938,0.002142667770385742,True
9,2502,1784808006.1098375,8,0.019053936004638672,0.002381742000579834,True
9,2503,1784808006.129292,8,0.019912242889404297,0.002489030361175537,True
9,2504,1784808006.1496313,8,0.019339323043823242,0.0024174153804779053,True
9,2505,1784808006.16933,8,0.021798372268676758,0.0027247965335845947,True
9,2506,1784808006.191506,8,0.020885944366455078,0.0026107430458068848,True
9,2507,1784808006.2127593,8,0.01989126205444336,0.00248640775680542,True
9,2508,1784808006.2331536,8,0.0198214054107666,0.002477675676345825,True
9,2509,1784808006.2540145,8,0.017904043197631836,0.0022380053997039795,True
9,2510,1784808006.27233,8,0.02058267593383789,0.0025728344917297363,True
9,2511,1784808006.2933342,8,0.01989579200744629,0.002486974000930786,True
9,2512,1784808006.313657,8,0.01910686492919922,0.0023883581161499023,True
9,2513,1784808006.3331985,8,0.01987147331237793,0.002483934164047241,True
9,2514,1784808006.353544,8,0.019206523895263672,0.002400815486907959,True
9,2515,1784808006.3731039,8,0.021868467330932617,0.002733558416366577,True
9,2516,1784808006.39534,8,0.020747661590576172,0.0025934576988220215,True
9,2517,1784808006.4163585,8,0.020325660705566406,0.0025407075881958008,True
9,2518,1784808006.4370189,8,0.01896953582763672,0.00237119197845459,True
9,2519,1784808006.4564514,8,0.02277827262878418,0.0028472840785980225,True
9,2520,1784808006.4797227,8,0.01959228515625,0.00244903564453125,True
9,2521,1784808006.4998262,8,0.023426532745361328,0.002928316593170166,True
9,2522,1784808006.5236278,8,0.018335580825805664,0.002291947603225708,True
9,2523,1784808006.5422666,8,0.02017951011657715,0.0025224387645721436,True
9,2524,1784808006.5630462,8,0.018725872039794922,0.0023407340049743652,True
9,2525,1784808006.58263,8,0.02035379409790039,0.002544224262237549,True
9,2526,1784808006.6034288,8,0.018244266510009766,0.0022805333137512207,True
9,2527,1784808006.6221354,8,0.02161264419555664,0.00270158052444458,True
9,2528,1784808006.644095,8,0.021565675735473633,0.002695709466934204,True
9,2529,1784808006.6659694,8,0.019604206085205078,0.0024505257606506348,True
9,2530,1784808006.6862106,8,0.020796775817871094,0.0025995969772338867,True
9,2531,1784808006.70738,8,0.019514799118041992,0.002439349889755249,True
9,2532,1784808006.7272382,8,0.01935291290283203,0.002419114112854004,True
9,2533,1784808006.7469394,8,0.02042388916015625,0.0025529861450195312,True
9,2534,1784808006.767831,8,0.021082639694213867,0.0026353299617767334,True
9,2535,1784808006.7892976,8,0.019577980041503906,0.0024472475051879883,True
9,2536,1784808006.809199,8,0.019837617874145508,0.0024797022342681885,True
9,2537,1784808006.8295243,8,0.019855260848999023,0.002481907606124878,True
9,2538,1784808006.8496554,8,0.020751476287841797,0.0025939345359802246,True
9,2539,1784808006.8706985,8,0.023100614547729492,0.0028875768184661865,True
9,2540,1784808006.8941557,8,0.021062612533569336,0.002632826566696167,True
9,2541,1784808006.9157116,8,0.0185391902923584,0.0023173987865448,True
9,2542,1784808006.934696,8,0.022161483764648438,0.0027701854705810547,True
9,2543,1784808006.9572477,8,0.020160436630249023,0.002520054578781128,True
9,2544,1784808006.9777355,8,0.019684791564941406,0.0024605989456176758,True
9,2545,1784808006.9978032,8,0.020191192626953125,0.0025238990783691406,True
9,2546,1784808007.0185072,8,0.019463777542114258,0.0024329721927642822,True
9,2547,1784808007.0386453,8,0.019546031951904297,0.002443253993988037,True
9,2548,1784808007.0590093,8,0.021353483200073242,0.0026691854000091553,True
9,2549,1784808007.0810306,8,0.0212709903717041,0.0026588737964630127,True
9,2550,1784808007.1032066,8,0.018731117248535156,0.0023413896560668945,True
9,2551,1784808007.1223073,8,0.02159404754638672,0.00269925594329834,True
9,2552,1784808007.1443782,8,0.020458221435546875,0.0025572776794433594,True
9,2553,1784808007.1653059,8,0.019139528274536133,0.0023924410343170166,True
9,2554,1784808007.18483,8,0.022803783416748047,0.002850472927093506,True
9,2555,1784808007.2079632,8,0.015911340713500977,0.001988917589187622,True
9,2556,1784808007.2242482,8,0.01981210708618164,0.002476513385772705,True
9,2557,1784808007.2444704,8,0.019480228424072266,0.002435028553009033,True
9,2558,1784808007.2643013,8,0.019162893295288086,0.0023953616619110107,True
9,2559,1784808007.2837684,8,0.01840043067932129,0.002300053834915161,True
9,2560,1784808007.302487,8,0.01910257339477539,0.002387821674346924,True
9,2561,1784808007.3219616,8,0.021887779235839844,0.0027359724044799805,True
9,2562,1784808007.3441575,8,0.02020406723022461,0.002525508403778076,True
9,2563,1784808007.3646932,8,0.019366025924682617,0.002420753240585327,True
9,2564,1784808007.3844385,8,0.020453929901123047,0.002556741237640381,True
9,2565,1784808007.405229,8,0.021495580673217773,0.0026869475841522217,True
9,2566,1784808007.4271789,8,0.020432233810424805,0.0025540292263031006,True
9,2567,1784808007.4480743,8,0.019516468048095703,0.002439558506011963,True
9,2568,1784808007.4681532,8,0.01973414421081543,0.0024667680263519287,True
9,2569,1784808007.4883826,8,0.018571138381958008,0.002321392297744751,True
9,2570,1784808007.507288,8,0.02032947540283203,0.002541184425354004,True
9,2571,1784808007.5281286,8,0.02260732650756836,0.002825915813446045,True
9,2572,1784808007.5510194,8,0.01772308349609375,0.0022153854370117188,True
9,2573,1784808007.5691726,8,0.020952463150024414,0.0026190578937530518,True
9,2574,1784808007.5906281,8,0.01974010467529297,0.002467513084411621,True
9,2575,1784808007.610759,8,0.021702051162719727,0.002712756395339966,True
9,2576,1784808007.6327403,8,0.019712209701538086,0.0024640262126922607,True
9,2577,1784808007.6527915,8,0.02061915397644043,0.0025773942470550537,True
9,2578,1784808007.673732,8,0.019625425338745117,0.0024531781673431396,True
9,2579,1784808007.693698,8,0.019633054733276367,0.002454131841659546,True
9,2580,1784808007.7136521,8,0.020227909088134766,0.0025284886360168457,True
9,2581,1784808007.7343574,8,0.02037525177001953,0.0025469064712524414,True
9,2582,1784808007.7551498,8,0.018592357635498047,0.002324044704437256,True
9,2583,1784808007.7740967,8,0.020207643508911133,0.0025259554386138916,True
9,2584,1784808007.794719,8,0.021395444869995117,0.0026744306087493896,True
9,2585,1784808007.816442,8,0.020381450653076172,0.0025476813316345215,True
9,2586,1784808007.8371997,8,0.019424915313720703,0.002428114414215088,True
9,2587,1784808007.857012,8,0.019501209259033203,0.0024376511573791504,True
9,2588,1784808007.876831,8,0.019977807998657227,0.0024972259998321533,True
9,2589,1784808007.8972151,8,0.01910114288330078,0.0023876428604125977,True
9,2590,1784808007.9172525,8,0.019371509552001953,0.002421438694000244,True
9,2591,1784808007.9369266,8,0.023018598556518555,0.0028773248195648193,True
9,2592,1784808007.9604857,8,0.019449234008789062,0.002431154251098633,True
9,2593,1784808007.9802916,8,0.019063711166381836,0.0023829638957977295,True
9,2594,1784808007.9996758,8,0.019850730895996094,0.0024813413619995117,True
9,2595,1784808008.0199022,8,0.019871950149536133,0.0024839937686920166,True
9,2596,1784808008.0401716,8,0.019368886947631836,0.0024211108684539795,True
9,2597,1784808008.0598476,8,0.02016472816467285,0.0025205910205841064,True
9,2598,1784808008.0804722,8,0.018309831619262695,0.002288728952407837,True
9,2599,1784808008.099091,8,0.019794225692749023,0.002474278211593628,True
9,2600,1784808008.119252,8,0.020531415939331055,0.002566426992416382,True
9,2601,1784808008.140827,8,0.018755435943603516,0.0023444294929504395,True
9,2602,1784808008.1600506,8,0.01929020881652832,0.00241127610206604,True
9,2603,1784808008.1796942,8,0.019969940185546875,0.0024962425231933594,True
9,2604,1784808008.2000651,8,0.020071029663085938,0.002508878707885742,True
9,2605,1784808008.220498,8,0.02079296112060547,0.0025991201400756836,True
9,2606,1784808008.2416818,8,0.022008895874023438,0.0027511119842529297,True
9,2607,1784808008.263955,8,0.02045440673828125,0.0025568008422851562,True
9,2608,1784808008.284807,8,0.020107030868530273,0.002513378858566284,True
9,2609,1784808008.3053336,8,0.018815279006958008,0.002351909875869751,True
9,2610,1784808008.3244076,8,0.02118659019470215,0.0026483237743377686,True
9,2611,1784808008.346431,8,0.017894506454467773,0.0022368133068084717,True
9,2612,1784808008.3648908,8,0.019489288330078125,0.0024361610412597656,True
9,2613,1784808008.3847644,8,0.019433021545410156,0.0024291276931762695,True
9,2614,1784808008.4045312,8,0.020214557647705078,0.0025268197059631348,True
9,2615,1784808008.4252648,8,0.0190582275390625,0.0023822784423828125,True
9,2616,1784808008.444833,8,0.01932549476623535,0.002415686845779419,True
9,2617,1784808008.4644792,8,0.01851797103881836,0.002314746379852295,True
9,2618,1784808008.4833505,8,0.019804954528808594,0.0024756193161010742,True
9,2619,1784808008.5035453,8,0.021257877349853516,0.0026572346687316895,True
9,2620,1784808008.5253935,8,0.0202939510345459,0.0025367438793182373,True
9,2621,1784808008.546009,8,0.02004265785217285,0.0025053322315216064,True
9,2622,1784808008.566391,8,0.020435333251953125,0.0025544166564941406,True
9,2623,1784808008.587407,8,0.020296335220336914,0.0025370419025421143,True
9,2624,1784808008.6080868,8,0.02011704444885254,0.0025146305561065674,True
9,2625,1784808008.6285012,8,0.020859956741333008,0.002607494592666626,True
9,2626,1784808008.6497414,8,0.01961994171142578,0.0024524927139282227,True
9,2627,1784808008.6700554,8,0.01880192756652832,0.00235024094581604,True
9,2628,1784808008.6892629,8,0.0201568603515625,0.0025196075439453125,True
9,2629,1784808008.7097652,8,0.021166324615478516,0.0026457905769348145,True
9,2630,1784808008.7312126,8,0.021343231201171875,0.0026679039001464844,True
9,2631,1784808008.7529323,8,0.01964116096496582,0.0024551451206207275,True
9,2632,1784808008.7730114,8,0.021519184112548828,0.0026898980140686035,True
9,2633,1784808008.795015,8,0.01888728141784668,0.002360910177230835,True
9,2634,1784808008.814367,8,0.01878643035888672,0.00234830379486084,True
9,2635,1784808008.8334348,8,0.01961231231689453,0.0024515390396118164,True
9,2636,1784808008.8534324,8,0.020967721939086914,0.0026209652423858643,True
9,2637,1784808008.8748553,8,0.02021932601928711,0.0025274157524108887,True
9,2638,1784808008.895392,8,0.020343303680419922,0.0025429129600524902,True
9,2639,1784808008.9160738,8,0.0205690860748291,0.0025711357593536377,True
9,2640,1784808008.9370425,8,0.020677804946899414,0.0025847256183624268,True
9,2641,1784808008.958476,8,0.021361827850341797,0.0026702284812927246,True
9,2642,1784808008.9802222,8,0.020438194274902344,0.002554774284362793,True
9,2643,1784808009.0011375,8,0.01929306983947754,0.0024116337299346924,True
9,2644,1784808009.0210042,8,0.02087545394897461,0.002609431743621826,True
9,2645,1784808009.0423405,8,0.022049427032470703,0.002756178379058838,True
9,2646,1784808009.0649898,8,0.020689964294433594,0.0025862455368041992,True
9,2647,1784808009.0860014,8,0.018274307250976562,0.0022842884063720703,True
9,2648,1784808009.1048706,8,0.01825261116027832,0.00228157639503479,True
9,2649,1784808009.1235802,8,0.019097089767456055,0.002387136220932007,True
9,2650,1784808009.1431506,8,0.020349740982055664,0.002543717622756958,True
9,2651,1784808009.164043,8,0.02176523208618164,0.002720654010772705,True
9,2652,1784808009.1866586,8,0.019513845443725586,0.0024392306804656982,True
9,2653,1784808009.2065604,8,0.021329641342163086,0.0026662051677703857,True
9,2654,1784808009.2288432,8,0.02087855339050293,0.002609819173812866,True
9,2655,1784808009.2500424,8,0.02033543586730957,0.0025419294834136963,True
9,2656,1784808009.270735,8,0.018933773040771484,0.0023667216300964355,True
9,2657,1784808009.2900536,8,0.021446943283081055,0.002680867910385132,True
9,2658,1784808009.3119302,8,0.019487857818603516,0.0024359822273254395,True
9,2659,1784808009.3317244,8,0.02077937126159668,0.002597421407699585,True
9,2660,1784808009.3528085,8,0.02034616470336914,0.0025432705879211426,True
9,2661,1784808009.3735526,8,0.020261287689208984,0.002532660961151123,True
9,2662,1784808009.3942118,8,0.02108597755432129,0.002635747194290161,True
9,2663,1784808009.415713,8,0.020032882690429688,0.002504110336303711,True
9,2664,1784808009.4361155,8,0.01943802833557129,0.002429753541946411,True
9,2665,1784808009.455963,8,0.02110600471496582,0.0026382505893707275,True
9,2666,1784808009.477386,8,0.02065253257751465,0.002581566572189331,True
9,2667,1784808009.4986966,8,0.01970386505126953,0.0024629831314086914,True
9,2668,1784808009.518782,8,0.021631717681884766,0.0027039647102355957,True
9,2669,1784808009.5406995,8,0.01995539665222168,0.00249442458152771,True
9,2670,1784808009.5610886,8,0.01975250244140625,0.0024690628051757812,True
9,2671,1784808009.5811768,8,0.021890640258789062,0.002736330032348633,True
9,2672,1784808009.6033695,8,0.01967906951904297,0.002459883689880371,True
9,2673,1784808009.6233811,8,0.020095109939575195,0.0025118887424468994,True
9,2674,1784808009.6438622,8,0.01919722557067871,0.002399653196334839,True
9,2675,1784808009.663557,8,0.020662784576416016,0.002582848072052002,True
9,2676,1784808009.6846128,8,0.021800518035888672,0.002725064754486084,True
9,2677,1784808009.7069583,8,0.019986629486083984,0.002498328685760498,True
9,2678,1784808009.7274213,8,0.01885390281677246,0.0023567378520965576,True
9,2679,1784808009.7465932,8,0.020120620727539062,0.002515077590942383,True
9,2680,1784808009.7670166,8,0.02185845375061035,0.002732306718826294,True
9,2681,1784808009.789324,8,0.018598079681396484,0.0023247599601745605,True
9,2682,1784808009.8083866,8,0.02044200897216797,0.002555251121520996,True
9,2683,1784808009.8291183,8,0.018507719039916992,0.002313464879989624,True
9,2684,1784808009.847969,8,0.019184350967407227,0.0023980438709259033,True
9,2685,1784808009.8675075,8,0.02124762535095215,0.0026559531688690186,True
9,2686,1784808009.8892145,8,0.020140409469604492,0.0025175511837005615,True
9,2687,1784808009.9096656,8,0.018901348114013672,0.002362668514251709,True
9,2688,1784808009.9291697,8,0.020022869110107422,0.0025028586387634277,True
9,2689,1784808009.950478,8,0.020308971405029297,0.002538621425628662,True
9,2690,1784808009.9712796,8,0.018892288208007812,0.0023615360260009766,True
9,2691,1784808009.990495,8,0.018266677856445312,0.002283334732055664,True
9,2692,1784808010.0092523,8,0.019298315048217773,0.0024122893810272217,True
9,2693,1784808010.0289023,8,0.020931243896484375,0.002616405487060547,True
9,2694,1784808010.0502288,8,0.019627094268798828,0.0024533867835998535,True
9,2695,1784808010.0702648,8,0.01915574073791504,0.00239446759223938,True
9,2696,1784808010.0900688,8,0.023518800735473633,0.002939850091934204,True
9,2697,1784808010.1143537,8,0.019882678985595703,0.002485334873199463,True
9,2698,1784808010.1361427,8,0.02002692222595215,0.0025033652782440186,True
9,2699,1784808010.1565533,8,0.019392967224121094,0.0024241209030151367,True
9,2700,1784808010.1763337,8,0.02029275894165039,0.002536594867706299,True
9,2701,1784808010.1969256,8,0.021483659744262695,0.002685457468032837,True
9,2702,1784808010.2187414,8,0.022057771682739258,0.0027572214603424072,True
9,2703,1784808010.241231,8,0.02019214630126953,0.0025240182876586914,True
9,2704,1784808010.2618809,8,0.017979145050048828,0.0022473931312561035,True
9,2705,1784808010.2803304,8,0.021105051040649414,0.0026381313800811768,True
9,2706,1784808010.3018186,8,0.0201418399810791,0.0025177299976348877,True
9,2707,1784808010.3223894,8,0.021222829818725586,0.0026528537273406982,True
9,2708,1784808010.3443003,8,0.01837468147277832,0.00229683518409729,True
9,2709,1784808010.363158,8,0.019700050354003906,0.0024625062942504883,True
9,2710,1784808010.3834546,8,0.018836021423339844,0.0023545026779174805,True
9,2711,1784808010.4026275,8,0.019436359405517578,0.0024295449256896973,True
9,2712,1784808010.4224083,8,0.019558429718017578,0.0024448037147521973,True
9,2713,1784808010.4424078,8,0.020778179168701172,0.0025972723960876465,True
9,2714,1784808010.4636016,8,0.02058267593383789,0.0025728344917297363,True
9,2715,1784808010.4847817,8,0.01875782012939453,0.0023447275161743164,True
9,2716,1784808010.5039096,8,0.022313833236694336,0.002789229154586792,True
9,2717,1784808010.5267186,8,0.01933741569519043,0.0024171769618988037,True
9,2718,1784808010.5463984,8,0.020742416381835938,0.002592802047729492,True
9,2719,1784808010.5675604,8,0.018051624298095703,0.002256453037261963,True
9,2720,1784808010.5860868,8,0.02137613296508789,0.0026720166206359863,True
9,2721,1784808010.6077833,8,0.02228856086730957,0.0027860701084136963,True
9,2722,1784808010.63036,8,0.019565820693969727,0.002445727586746216,True
9,2723,1784808010.6502635,8,0.02219414710998535,0.002774268388748169,True
9,2724,1784808010.6728995,8,0.020297765731811523,0.0025372207164764404,True
9,2725,1784808010.6937647,8,0.019918441772460938,0.002489805221557617,True
9,2726,1784808010.7140813,8,0.01934361457824707,0.002417951822280884,True
9,2727,1784808010.733838,8,0.019135236740112305,0.002391904592514038,True
9,2728,1784808010.7539265,8,0.0207517147064209,0.0025939643383026123,True
9,2729,1784808010.7750194,8,0.019214153289794922,0.0024017691612243652,True
9,2730,1784808010.7946494,8,0.022209882736206055,0.002776235342025757,True
9,2731,1784808010.8173823,8,0.018290996551513672,0.002286374568939209,True
9,2732,1784808010.836222,8,0.02074575424194336,0.00259321928024292,True
9,2733,1784808010.8573604,8,0.020151615142822266,0.002518951892852783,True
9,2734,1784808010.8779275,8,0.020964860916137695,0.002620607614517212,True
9,2735,1784808010.899537,8,0.01739215850830078,0.0021740198135375977,True
9,2736,1784808010.9172182,8,0.019422292709350586,0.0024277865886688232,True
9,2737,1784808010.9370596,8,0.019829273223876953,0.002478659152984619,True
9,2738,1784808010.9574113,8,0.01944422721862793,0.002430528402328491,True
9,2739,1784808010.9773576,8,0.01963520050048828,0.002454400062561035,True
9,2740,1784808010.9974122,8,0.019907236099243164,0.0024884045124053955,True
9,2741,1784808011.0176008,8,0.019119977951049805,0.0023899972438812256,True
9,2742,1784808011.0371537,8,0.017891645431518555,0.0022364556789398193,True
9,2743,1784808011.05544,8,0.021375417709350586,0.0026719272136688232,True
9,2744,1784808011.07736,8,0.020690441131591797,0.0025863051414489746,True
9,2745,1784808011.0985293,8,0.020714282989501953,0.002589285373687744,True
9,2746,1784808011.1195164,8,0.019031047821044922,0.0023788809776306152,True
9,2747,1784808011.1392114,8,0.01895928382873535,0.002369910478591919,True
9,2748,1784808011.1585069,8,0.022043704986572266,0.002755463123321533,True
9,2749,1784808011.180863,8,0.019770145416259766,0.0024712681770324707,True
9,2750,1784808011.2008686,8,0.02232217788696289,0.0027902722358703613,True
9,2751,1784808011.223626,8,0.019072771072387695,0.002384096384048462,True
9,2752,1784808011.2431254,8,0.022518157958984375,0.002814769744873047,True
9,2753,1784808011.266118,8,0.019206523895263672,0.002400815486907959,True
9,2754,1784808011.285676,8,0.02148270606994629,0.002685338258743286,True
9,2755,1784808011.3075051,8,0.019536733627319336,0.002442091703414917,True
9,2756,1784808011.327311,8,0.019359827041625977,0.002419978380203247,True
9,2757,1784808011.3473513,8,0.020543813705444336,0.002567976713180542,True
9,2758,1784808011.368213,8,0.02037954330444336,0.00254744291305542,True
9,2759,1784808011.3890748,8,0.020945072174072266,0.002618134021759033,True
9,2760,1784808011.410406,8,0.01965165138244629,0.002456456422805786,True
9,2761,1784808011.4305022,8,0.019062519073486328,0.002382814884185791,True
9,2762,1784808011.4498546,8,0.019231081008911133,0.0024038851261138916,True
9,2763,1784808011.4695468,8,0.02090167999267578,0.0026127099990844727,True
9,2764,1784808011.490841,8,0.02098703384399414,0.0026233792304992676,True
9,2765,1784808011.5121856,8,0.020445585250854492,0.0025556981563568115,True
9,2766,1784808011.533069,8,0.02044224739074707,0.002555280923843384,True
9,2767,1784808011.5544355,8,0.019814491271972656,0.002476811408996582,True
9,2768,1784808011.5747278,8,0.02112722396850586,0.0026409029960632324,True
9,2769,1784808011.5962954,8,0.01934957504272461,0.002418696880340576,True
9,2770,1784808011.61605,8,0.02229022979736328,0.00278627872467041,True
9,2771,1784808011.6387405,8,0.01900172233581543,0.0023752152919769287,True
9,2772,1784808011.658444,8,0.020795822143554688,0.002599477767944336,True
9,2773,1784808011.679859,8,0.019107818603515625,0.002388477325439453,True
9,2774,1784808011.6993072,8,0.0186007022857666,0.002325087785720825,True
9,2775,1784808011.7182658,8,0.019428253173828125,0.0024285316467285156,True
9,2776,1784808011.7382095,8,0.02252936363220215,0.0028161704540252686,True
9,2777,1784808011.7617326,8,0.020331859588623047,0.002541482448577881,True
9,2778,1784808011.7823718,8,0.019418001174926758,0.0024272501468658447,True
9,2779,1784808011.8025768,8,0.022094011306762695,0.002761751413345337,True
9,2780,1784808011.8250566,8,0.01887202262878418,0.0023590028285980225,True
9,2781,1784808011.8443756,8,0.020363807678222656,0.002545475959777832,True
9,2782,1784808011.8651428,8,0.02011418342590332,0.002514272928237915,True
9,2783,1784808011.8856564,8,0.02054429054260254,0.0025680363178253174,True
9,2784,1784808011.9066663,8,0.019666671752929688,0.002458333969116211,True
9,2785,1784808011.9271169,8,0.02026653289794922,0.0025333166122436523,True
9,2786,1784808011.947811,8,0.020277023315429688,0.002534627914428711,True
9,2787,1784808011.9684582,8,0.019366025924682617,0.002420753240585327,True
9,2788,1784808011.9883797,8,0.021105051040649414,0.0026381313800811768,True
9,2789,1784808012.010689,8,0.020302295684814453,0.0025377869606018066,True
9,2790,1784808012.031414,8,0.019644737243652344,0.002455592155456543,True
9,2791,1784808012.0513911,8,0.020501136779785156,0.0025626420974731445,True
9,2792,1784808012.0722876,8,0.018539905548095703,0.002317488193511963,True
9,2793,1784808012.091226,8,0.019756555557250977,0.002469569444656372,True
9,2794,1784808012.111357,8,0.019683361053466797,0.0024604201316833496,True
9,2795,1784808012.1316035,8,0.0189361572265625,0.0023670196533203125,True
9,2796,1784808012.151061,8,0.02104663848876953,0.0026308298110961914,True
9,2797,1784808012.1724954,8,0.02114272117614746,0.0026428401470184326,True
9,2798,1784808012.1939628,8,0.020859956741333008,0.002607494592666626,True
9,2799,1784808012.215251,8,0.019865036010742188,0.0024831295013427734,True
9,2800,1784808012.235463,8,0.019028663635253906,0.0023785829544067383,True
9,2801,1784808012.254909,8,0.020587921142578125,0.0025734901428222656,True
9,2802,1784808012.275947,8,0.01987314224243164,0.002484142780303955,True
9,2803,1784808012.2964828,8,0.019422531127929688,0.002427816390991211,True
9,2804,1784808012.3162396,8,0.020628929138183594,0.0025786161422729492,True
9,2805,1784808012.337261,8,0.020488262176513672,0.002561032772064209,True
9,2806,1784808012.3584154,8,0.021630525588989258,0.0027038156986236572,True
9,2807,1784808012.380879,8,0.018763303756713867,0.0023454129695892334,True
9,2808,1784808012.4002595,8,0.019500017166137695,0.002437502145767212,True
9,2809,1784808012.420168,8,0.019585609436035156,0.0024482011795043945,True
9,2810,1784808012.440175,8,0.02207493782043457,0.0027593672275543213,True
9,2811,1784808012.462893,8,0.02083277702331543,0.0026040971279144287,True
9,2812,1784808012.4840033,8,0.020917415618896484,0.0026146769523620605,True
9,2813,1784808012.5054653,8,0.01819443702697754,0.0022743046283721924,True
9,2814,1784808012.5241408,8,0.018706083297729492,0.0023382604122161865,True
9,2815,1784808012.5432045,8,0.020310640335083008,0.002538830041885376,True
9,2816,1784808012.5639095,8,0.0208127498626709,0.0026015937328338623,True
9,2817,1784808012.5851493,8,0.02027153968811035,0.002533942461013794,True
9,2818,1784808012.605762,8,0.019300460815429688,0.002412557601928711,True
9,2819,1784808012.6265502,8,0.020035743713378906,0.0025044679641723633,True
9,2820,1784808012.6471496,8,0.021253585815429688,0.002656698226928711,True
9,2821,1784808012.668897,8,0.021303415298461914,0.0026629269123077393,True
9,2822,1784808012.690755,8,0.02079629898071289,0.0025995373725891113,True
9,2823,1784808012.7120109,8,0.020873546600341797,0.0026091933250427246,True
9,2824,1784808012.734317,8,0.019214153289794922,0.0024017691612243652,True
9,2825,1784808012.753959,8,0.022139310836791992,0.002767413854598999,True
9,2826,1784808012.7764978,8,0.01892566680908203,0.002365708351135254,True
9,2827,1784808012.7957988,8,0.020251035690307617,0.002531379461288452,True
9,2828,1784808012.8164248,8,0.02201390266418457,0.0027517378330230713,True
9,2829,1784808012.8395762,8,0.02184915542602539,0.002731144428253174,True
9,2830,1784808012.8618104,8,0.021663665771484375,0.002707958221435547,True
9,2831,1784808012.8838809,8,0.01903080940246582,0.0023788511753082275,True
9,2832,1784808012.9033005,8,0.01826167106628418,0.0022827088832855225,True
9,2833,1784808012.9220023,8,0.022919178009033203,0.0028648972511291504,True
9,2834,1784808012.9456172,8,0.022732973098754883,0.0028416216373443604,True
9,2835,1784808012.968916,8,0.020964622497558594,0.0026205778121948242,True
9,2836,1784808012.9903393,8,0.019955873489379883,0.0024944841861724854,True
9,2837,1784808013.01087,8,0.019684791564941406,0.0024605989456176758,True
9,2838,1784808013.0310981,8,0.019188642501831055,0.002398580312728882,True
9,2839,1784808013.0507498,8,0.01982259750366211,0.0024778246879577637,True
9,2840,1784808013.0708284,8,0.020837068557739258,0.0026046335697174072,True
9,2841,1784808013.0919716,8,0.020860671997070312,0.002607583999633789,True
9,2842,1784808013.1131809,8,0.021275043487548828,0.0026593804359436035,True
9,2843,1784808013.1350136,8,0.020908832550048828,0.0026136040687561035,True
9,2844,1784808013.1564596,8,0.01781916618347168,0.00222739577293396,True
9,2845,1784808013.1747472,8,0.01959085464477539,0.002448856830596924,True
9,2846,1784808013.1946769,8,0.019506216049194336,0.002438277006149292,True
9,2847,1784808013.2147694,8,0.02082061767578125,0.0026025772094726562,True
9,2848,1784808013.236087,8,0.019285917282104492,0.0024107396602630615,True
9,2849,1784808013.2557266,8,0.02050638198852539,0.002563297748565674,True
9,2850,1784808013.2769058,8,0.021201610565185547,0.0026502013206481934,True
9,2851,1784808013.2987187,8,0.018546104431152344,0.002318263053894043,True
9,2852,1784808013.3176398,8,0.020019054412841797,0.0025023818016052246,True
9,2853,1784808013.3379743,8,0.018419504165649414,0.0023024380207061768,True
9,2854,1784808013.3569567,8,0.01888751983642578,0.0023609399795532227,True
9,2855,1784808013.3762155,8,0.019316434860229492,0.0024145543575286865,True
9,2856,1784808013.3959236,8,0.020087480545043945,0.002510935068130493,True
9,2857,1784808013.4163365,8,0.021283626556396484,0.0026604533195495605,True
9,2858,1784808013.438,8,0.019828319549560547,0.0024785399436950684,True
9,2859,1784808013.4581506,8,0.020490169525146484,0.0025612711906433105,True
9,2860,1784808013.4791048,8,0.019411563873291016,0.002426445484161377,True
9,2861,1784808013.4991915,8,0.019739151000976562,0.0024673938751220703,True
9,2862,1784808013.519389,8,0.020383834838867188,0.0025479793548583984,True
9,2863,1784808013.5403063,8,0.022133827209472656,0.002766728401184082,True
9,2864,1784808013.5630083,8,0.022011756896972656,0.002751469612121582,True
9,2865,1784808013.5854003,8,0.018132686614990234,0.0022665858268737793,True
9,2866,1784808013.6039119,8,0.019974708557128906,0.0024968385696411133,True
9,2867,1784808013.6246645,8,0.02205944061279297,0.002757430076599121,True
9,2868,1784808013.6472168,8,0.021486520767211914,0.0026858150959014893,True
9,2869,1784808013.6694121,8,0.021159887313842773,0.0026449859142303467,True
9,2870,1784808013.6909027,8,0.021712303161621094,0.0027140378952026367,True
9,2871,1784808013.713012,8,0.02135324478149414,0.0026691555976867676,True
9,2872,1784808013.7352047,8,0.021719694137573242,0.0027149617671966553,True
9,2873,1784808013.7574298,8,0.020653963088989258,0.0025817453861236572,True
9,2874,1784808013.778417,8,0.019146203994750977,0.002393275499343872,True
9,2875,1784808013.7978816,8,0.020045995712280273,0.002505749464035034,True
9,2876,1784808013.8185124,8,0.019230127334594727,0.002403765916824341,True
9,2877,1784808013.838318,8,0.01864027976989746,0.0023300349712371826,True
9,2878,1784808013.8574388,8,0.020293235778808594,0.0025366544723510742,True
9,2879,1784808013.8784,8,0.021531343460083008,0.002691417932510376,True
9,2880,1784808013.9012794,8,0.019425392150878906,0.0024281740188598633,True
9,2881,1784808013.9218743,8,0.019435405731201172,0.0024294257164001465,True
9,2882,1784808013.9417548,8,0.021250247955322266,0.002656280994415283,True
9,2883,1784808013.9637592,8,0.019196748733520508,0.0023995935916900635,True
9,2884,1784808013.9836285,8,0.020916461944580078,0.0026145577430725098,True
9,2885,1784808014.004915,8,0.020297527313232422,0.0025371909141540527,True
9,2886,1784808014.0258338,8,0.019478559494018555,0.0024348199367523193,True
9,2887,1784808014.0457196,8,0.01952648162841797,0.002440810203552246,True
9,2888,1784808014.0657666,8,0.020022153854370117,0.0025027692317962646,True
9,2889,1784808014.0860865,8,0.020656585693359375,0.002582073211669922,True
9,2890,1784808014.1071022,8,0.020141124725341797,0.0025176405906677246,True
9,2891,1784808014.1275861,8,0.01958298683166504,0.00244787335395813,True
9,2892,1784808014.1474957,8,0.01973247528076172,0.002466559410095215,True
9,2893,1784808014.167617,8,0.019197463989257812,0.0023996829986572266,True
9,2894,1784808014.187211,8,0.019211530685424805,0.0024014413356781006,True
9,2895,1784808014.2067487,8,0.020816802978515625,0.002602100372314453,True
9,2896,1784808014.2283225,8,0.020466089248657227,0.0025582611560821533,True
9,2897,1784808014.249121,8,0.01923990249633789,0.0024049878120422363,True
9,2898,1784808014.268874,8,0.0191347599029541,0.0023918449878692627,True
9,2899,1784808014.2885711,8,0.01880502700805664,0.00235062837600708,True
9,2900,1784808014.307915,8,0.018475770950317383,0.002309471368789673,True
9,2901,1784808014.326712,8,0.020514726638793945,0.002564340829849243,True
9,2902,1784808014.3475971,8,0.017151355743408203,0.0021439194679260254,True
9,2903,1784808014.3652053,8,0.01709294319152832,0.00213661789894104,True
9,2904,1784808014.3826578,8,0.015923738479614258,0.0019904673099517822,True
9,2905,1784808014.3989427,8,0.01742243766784668,0.002177804708480835,True
9,2906,1784808014.4169931,8,0.015175104141235352,0.001896888017654419,True
9,2907,1784808014.4324956,8,0.0164797306060791,0.0020599663257598877,True
9,2908,1784808014.4492986,8,0.01591777801513672,0.00198972225189209,True
9,2909,1784808014.4655373,8,0.01508188247680664,0.00188523530960083,True
9,2910,1784808014.4809408,8,0.01629495620727539,0.002036869525909424,True
9,2911,1784808014.4976192,8,0.013164043426513672,0.001645505428314209,True
9,2912,1784808014.5111513,8,0.015339851379394531,0.0019174814224243164,True
9,2913,1784808014.5268042,8,0.015226125717163086,0.0019032657146453857,True
9,2914,1784808014.5423849,8,0.012392282485961914,0.0015490353107452393,True
9,2915,1784808014.5551193,8,0.013498306274414062,0.0016872882843017578,True
9,2916,1784808014.5690637,8,0.012115716934204102,0.0015144646167755127,True
9,2917,1784808014.5816262,8,0.013035774230957031,0.001629471778869629,True
9,2918,1784808014.595164,8,0.013087987899780273,0.0016359984874725342,True
9,2919,1784808014.6085887,8,0.01182866096496582,0.0014785826206207275,True
9,2920,1784808014.6207163,8,0.011851310729980469,0.0014814138412475586,True
9,2921,1784808014.6330898,8,0.013561248779296875,0.0016951560974121094,True
9,2922,1784808014.6470072,8,0.011951684951782227,0.0014939606189727783,True
