process_id,batch_id,timestamp,batch_size,batch_time_seconds,avg_query_time_seconds,success
6,1,1784807954.5158234,8,0.0070917606353759766,0.0008864700794219971,True
6,2,1784807954.524248,8,0.006860017776489258,0.0008575022220611572,True
6,3,1784807954.5319479,8,0.006372928619384766,0.0007966160774230957,True
6,4,1784807954.5388155,8,0.00684809684753418,0.0008560121059417725,True
6,5,1784807954.5467665,8,0.007021903991699219,0.0008777379989624023,True
6,6,1784807954.5544252,8,0.007092475891113281,0.0008865594863891602,True
6,7,1784807954.5621536,8,0.008955240249633789,0.0011194050312042236,True
6,8,1784807954.5719938,8,0.005568265914916992,0.000696033239364624,True
6,9,1784807954.5790758,8,0.006908416748046875,0.0008635520935058594,True
6,10,1784807954.588835,8,0.007013559341430664,0.000876694917678833,True
6,11,1784807954.596378,8,0.00690770149230957,0.0008634626865386963,True
6,12,1784807954.6037226,8,0.005739450454711914,0.0007174313068389893,True
6,13,1784807954.6105106,8,0.008008241653442383,0.0010010302066802979,True
6,14,1784807954.6191242,8,0.008286476135253906,0.0010358095169067383,True
6,15,1784807954.627996,8,0.006906986236572266,0.0008633732795715332,True
6,16,1784807954.6367507,8,0.008705615997314453,0.0010882019996643066,True
6,17,1784807954.6462414,8,0.0068280696868896484,0.0008535087108612061,True
6,18,1784807954.6547785,8,0.010215044021606445,0.0012768805027008057,True
6,19,1784807954.6655438,8,0.01050114631652832,0.00131264328956604,True
6,20,1784807954.677651,8,0.007218360900878906,0.0009022951126098633,True
6,21,1784807954.6853085,8,0.005735635757446289,0.0007169544696807861,True
6,22,1784807954.6952326,8,0.008332252502441406,0.0010415315628051758,True
6,23,1784807954.7082777,8,0.008674144744873047,0.0010842680931091309,True
6,24,1784807954.7205105,8,0.006587028503417969,0.0008233785629272461,True
6,25,1784807954.7286615,8,0.008626461029052734,0.0010783076286315918,True
6,26,1784807954.7379546,8,0.008334636688232422,0.0010418295860290527,True
6,27,1784807954.7471786,8,0.007706403732299805,0.0009633004665374756,True
6,28,1784807954.7558126,8,0.009473800659179688,0.001184225082397461,True
6,29,1784807954.7659056,8,0.00952768325805664,0.00119096040725708,True
6,30,1784807954.7761326,8,0.0074694156646728516,0.0009336769580841064,True
6,31,1784807954.7901495,8,0.009870529174804688,0.001233816146850586,True
6,32,1784807954.8004987,8,0.009456634521484375,0.0011820793151855469,True
6,33,1784807954.8104491,8,0.010072946548461914,0.0012591183185577393,True
6,34,1784807954.828953,8,0.007231235504150391,0.0009039044380187988,True
6,35,1784807954.8393872,8,0.008717060089111328,0.001089632511138916,True
6,36,1784807954.8487077,8,0.011700630187988281,0.0014625787734985352,True
6,37,1784807954.8613594,8,0.011063098907470703,0.0013828873634338379,True
6,38,1784807954.8798258,8,0.009440898895263672,0.001180112361907959,True
6,39,1784807954.8902066,8,0.012853622436523438,0.0016067028045654297,True
6,40,1784807954.9035532,8,0.012761592864990234,0.0015951991081237793,True
6,41,1784807954.9185317,8,0.010998249053955078,0.0013747811317443848,True
6,42,1784807954.9321702,8,0.0096282958984375,0.0012035369873046875,True
6,43,1784807954.9457476,8,0.007788896560668945,0.0009736120700836182,True
6,44,1784807954.9665163,8,0.005423545837402344,0.000677943229675293,True
6,45,1784807954.9788628,8,0.01236724853515625,0.0015459060668945312,True
6,46,1784807954.9938319,8,0.010211467742919922,0.0012764334678649902,True
6,47,1784807955.0127676,8,0.006056547164916992,0.000757068395614624,True
6,48,1784807955.0294223,8,0.009657859802246094,0.0012072324752807617,True
6,49,1784807955.0487676,8,0.009603738784790039,0.0012004673480987549,True
6,50,1784807955.0673926,8,0.009078502655029297,0.0011348128318786621,True
6,51,1784807955.0847962,8,0.0060710906982421875,0.0007588863372802734,True
6,52,1784807955.0962958,8,0.014345407485961914,0.0017931759357452393,True
6,53,1784807955.1123884,8,0.01569223403930664,0.00196152925491333,True
6,54,1784807955.128593,8,0.016575098037719727,0.002071887254714966,True
6,55,1784807955.1568143,8,0.008355379104614258,0.0010444223880767822,True
6,56,1784807955.178249,8,0.012804985046386719,0.0016006231307983398,True
6,57,1784807955.2029305,8,0.009046077728271484,0.0011307597160339355,True
6,58,1784807955.2249184,8,0.006433010101318359,0.0008041262626647949,True
6,59,1784807955.245811,8,0.005774974822998047,0.0007218718528747559,True
6,60,1784807955.2657182,8,0.011239767074584961,0.0014049708843231201,True
6,61,1784807955.2908216,8,0.009598970413208008,0.001199871301651001,True
6,62,1784807955.3119848,8,0.010730504989624023,0.001341313123703003,True
6,63,1784807955.3338616,8,0.007298946380615234,0.0009123682975769043,True
6,64,1784807955.3475075,8,0.01797795295715332,0.002247244119644165,True
6,65,1784807955.3660753,8,0.01873612403869629,0.002342015504837036,True
6,66,1784807955.385226,8,0.020132064819335938,0.002516508102416992,True
6,67,1784807955.4059112,8,0.020376920700073242,0.0025471150875091553,True
6,68,1784807955.4277408,8,0.018955230712890625,0.002369403839111328,True
6,69,1784807955.447862,8,0.020109176635742188,0.0025136470794677734,True
6,70,1784807955.468536,8,0.020716190338134766,0.0025895237922668457,True
6,71,1784807955.4898713,8,0.020500659942626953,0.002562582492828369,True
6,72,1784807955.5113404,8,0.019301891326904297,0.002412736415863037,True
6,73,1784807955.531438,8,0.020296096801757812,0.0025370121002197266,True
6,74,1784807955.5525198,8,0.01953577995300293,0.002441972494125366,True
6,75,1784807955.5728652,8,0.019399166107177734,0.002424895763397217,True
6,76,1784807955.5932462,8,0.01992321014404297,0.002490401268005371,True
6,77,1784807955.6143606,8,0.01819324493408203,0.002274155616760254,True
6,78,1784807955.6331022,8,0.020415782928466797,0.0025519728660583496,True
6,79,1784807955.654198,8,0.01879096031188965,0.002348870038986206,True
6,80,1784807955.6735022,8,0.019561290740966797,0.0024451613426208496,True
6,81,1784807955.693522,8,0.019611597061157227,0.0024514496326446533,True
6,82,1784807955.7136638,8,0.02015542984008789,0.0025194287300109863,True
6,83,1784807955.7343504,8,0.02021932601928711,0.0025274157524108887,True
6,84,1784807955.7549667,8,0.01893901824951172,0.002367377281188965,True
6,85,1784807955.7744741,8,0.019190073013305664,0.002398759126663208,True
6,86,1784807955.7969942,8,0.01729106903076172,0.002161383628845215,True
6,87,1784807955.8146842,8,0.021721839904785156,0.0027152299880981445,True
6,88,1784807955.8368742,8,0.023929119110107422,0.0029911398887634277,True
6,89,1784807955.8613093,8,0.019004344940185547,0.0023755431175231934,True
6,90,1784807955.8807693,8,0.020745038986206055,0.002593129873275757,True
6,91,1784807955.902048,8,0.01924443244934082,0.0024055540561676025,True
6,92,1784807955.921759,8,0.018570899963378906,0.0023213624954223633,True
6,93,1784807955.9407704,8,0.02014613151550293,0.002518266439437866,True
6,94,1784807955.961331,8,0.02014899253845215,0.0025186240673065186,True
6,95,1784807955.982192,8,0.020214080810546875,0.0025267601013183594,True
6,96,1784807956.002934,8,0.019033432006835938,0.002379179000854492,True
6,97,1784807956.0224597,8,0.019378185272216797,0.0024222731590270996,True
6,98,1784807956.0424135,8,0.019255399703979492,0.0024069249629974365,True
6,99,1784807956.0622523,8,0.018635988235473633,0.002329498529434204,True
6,100,1784807956.082142,8,0.017554283142089844,0.0021942853927612305,True
6,101,1784807956.1007264,8,0.020090103149414062,0.002511262893676758,True
6,102,1784807956.121373,8,0.020174026489257812,0.0025217533111572266,True
6,103,1784807956.1420975,8,0.017861366271972656,0.002232670783996582,True
6,104,1784807956.1608377,8,0.02040863037109375,0.0025510787963867188,True
6,105,1784807956.1818786,8,0.01961350440979004,0.002451688051223755,True
6,106,1784807956.201962,8,0.01927661895751953,0.0024095773696899414,True
6,107,1784807956.2219088,8,0.020061254501342773,0.0025076568126678467,True
6,108,1784807956.2428725,8,0.02029275894165039,0.002536594867706299,True
6,109,1784807956.263995,8,0.01918959617614746,0.0023986995220184326,True
6,110,1784807956.2850149,8,0.019119739532470703,0.002389967441558838,True
6,111,1784807956.3046126,8,0.01955699920654297,0.002444624900817871,True
6,112,1784807956.3246307,8,0.020212173461914062,0.002526521682739258,True
6,113,1784807956.3453908,8,0.018275737762451172,0.0022844672203063965,True
6,114,1784807956.3643494,8,0.020607471466064453,0.0025759339332580566,True
6,115,1784807956.3853867,8,0.0193789005279541,0.0024223625659942627,True
6,116,1784807956.4054759,8,0.0221250057220459,0.0027656257152557373,True
6,117,1784807956.428445,8,0.018055438995361328,0.002256929874420166,True
6,118,1784807956.4469895,8,0.01909923553466797,0.002387404441833496,True
6,119,1784807956.4671772,8,0.02138996124267578,0.0026737451553344727,True
6,120,1784807956.4890862,8,0.0213620662689209,0.0026702582836151123,True
6,121,1784807956.5108263,8,0.020194053649902344,0.002524256706237793,True
6,122,1784807956.531474,8,0.022021770477294922,0.0027527213096618652,True
6,123,1784807956.554584,8,0.020327091217041016,0.002540886402130127,True
6,124,1784807956.5753622,8,0.018431663513183594,0.0023039579391479492,True
6,125,1784807956.5947022,8,0.01999354362487793,0.002499192953109741,True
6,126,1784807956.615521,8,0.018891572952270508,0.0023614466190338135,True
6,127,1784807956.634708,8,0.020380735397338867,0.0025475919246673584,True
6,128,1784807956.6554039,8,0.021279573440551758,0.0026599466800689697,True
6,129,1784807956.6770482,8,0.01995229721069336,0.00249403715133667,True
6,130,1784807956.6973805,8,0.019586801528930664,0.002448350191116333,True
6,131,1784807956.7177854,8,0.019621610641479492,0.0024527013301849365,True
6,132,1784807956.7377536,8,0.02186131477355957,0.0027326643466949463,True
6,133,1784807956.7612915,8,0.018969058990478516,0.0023711323738098145,True
6,134,1784807956.7810106,8,0.0181577205657959,0.0022697150707244873,True
6,135,1784807956.8041127,8,0.015523910522460938,0.0019404888153076172,True
6,136,1784807956.8203769,8,0.020457744598388672,0.002557218074798584,True
6,137,1784807956.8411753,8,0.018973827362060547,0.0023717284202575684,True
6,138,1784807956.8611865,8,0.019262075424194336,0.002407759428024292,True
6,139,1784807956.8811822,8,0.0215909481048584,0.0026988685131073,True
6,140,1784807956.9035957,8,0.02090001106262207,0.002612501382827759,True
6,141,1784807956.9248066,8,0.019046545028686523,0.0023808181285858154,True
6,142,1784807956.944376,8,0.01909327507019043,0.0023866593837738037,True
6,143,1784807956.9637995,8,0.020407676696777344,0.002550959587097168,True
6,144,1784807956.9845054,8,0.020421504974365234,0.0025526881217956543,True
6,145,1784807957.0053172,8,0.020485639572143555,0.0025607049465179443,True
6,146,1784807957.026097,8,0.023171424865722656,0.002896428108215332,True
6,147,1784807957.0496337,8,0.01910114288330078,0.0023876428604125977,True
6,148,1784807957.0692048,8,0.019878864288330078,0.0024848580360412598,True
6,149,1784807957.089421,8,0.019976377487182617,0.002497047185897827,True
6,150,1784807957.109737,8,0.02069377899169922,0.0025867223739624023,True
6,151,1784807957.1307886,8,0.021097421646118164,0.0026371777057647705,True
6,152,1784807957.152235,8,0.01994609832763672,0.00249326229095459,True
6,153,1784807957.1725512,8,0.019181251525878906,0.0023976564407348633,True
6,154,1784807957.192165,8,0.020490407943725586,0.0025613009929656982,True
6,155,1784807957.2129972,8,0.02008819580078125,0.0025110244750976562,True
6,156,1784807957.2334561,8,0.020650863647460938,0.002581357955932617,True
6,157,1784807957.2545178,8,0.019434452056884766,0.0024293065071105957,True
6,158,1784807957.2745655,8,0.02059149742126465,0.002573937177658081,True
6,159,1784807957.2954164,8,0.019597291946411133,0.0024496614933013916,True
6,160,1784807957.3158777,8,0.02140021324157715,0.0026750266551971436,True
6,161,1784807957.3375807,8,0.020665645599365234,0.0025832056999206543,True
6,162,1784807957.3587108,8,0.019229650497436523,0.0024037063121795654,True
6,163,1784807957.3782804,8,0.020584583282470703,0.002573072910308838,True
6,164,1784807957.3993478,8,0.018779516220092773,0.0023474395275115967,True
6,165,1784807957.418442,8,0.022085189819335938,0.002760648727416992,True
6,166,1784807957.4413939,8,0.01861405372619629,0.002326756715774536,True
6,167,1784807957.4604378,8,0.020272016525268555,0.0025340020656585693,True
6,168,1784807957.4813101,8,0.019980192184448242,0.0024975240230560303,True
6,169,1784807957.5017066,8,0.02012038230895996,0.002515047788619995,True
6,170,1784807957.5223243,8,0.021149635314941406,0.0026437044143676758,True
6,171,1784807957.5438945,8,0.019690990447998047,0.002461373805999756,True
6,172,1784807957.564954,8,0.018298864364624023,0.002287358045578003,True
6,173,1784807957.5835989,8,0.02391958236694336,0.00298994779586792,True
6,174,1784807957.6081119,8,0.016640663146972656,0.002080082893371582,True
6,175,1784807957.6254575,8,0.020292997360229492,0.0025366246700286865,True
6,176,1784807957.6462164,8,0.020129680633544922,0.0025162100791931152,True
6,177,1784807957.6668391,8,0.02250385284423828,0.002812981605529785,True
6,178,1784807957.690107,8,0.020613908767700195,0.0025767385959625244,True
6,179,1784807957.7112436,8,0.019311189651489258,0.0024138987064361572,True
6,180,1784807957.7311761,8,0.02054882049560547,0.0025686025619506836,True
6,181,1784807957.7530172,8,0.019162416458129883,0.0023953020572662354,True
6,182,1784807957.7726607,8,0.019052505493164062,0.002381563186645508,True
6,183,1784807957.792015,8,0.019474029541015625,0.002434253692626953,True
6,184,1784807957.8121846,8,0.01952981948852539,0.002441227436065674,True
6,185,1784807957.8321402,8,0.018248796463012695,0.002281099557876587,True
6,186,1784807957.8511117,8,0.020585298538208008,0.002573162317276001,True
6,187,1784807957.8721662,8,0.019546031951904297,0.002443253993988037,True
6,188,1784807957.8924534,8,0.019554853439331055,0.002444356679916382,True
6,189,1784807957.912738,8,0.020455598831176758,0.0025569498538970947,True
6,190,1784807957.9339569,8,0.020664215087890625,0.002583026885986328,True
6,191,1784807957.9553056,8,0.018067121505737305,0.002258390188217163,True
6,192,1784807957.973747,8,0.019782543182373047,0.002472817897796631,True
6,193,1784807957.9938018,8,0.01946234703063965,0.002432793378829956,True
6,194,1784807958.013583,8,0.01935124397277832,0.00241890549659729,True
6,195,1784807958.0332198,8,0.02002263069152832,0.00250282883644104,True
6,196,1784807958.0537667,8,0.019476652145385742,0.0024345815181732178,True
6,197,1784807958.0735598,8,0.01962900161743164,0.002453625202178955,True
6,198,1784807958.0934753,8,0.019673824310302734,0.002459228038787842,True
6,199,1784807958.1134448,8,0.020650625228881836,0.0025813281536102295,True
6,200,1784807958.1345847,8,0.021275997161865234,0.0026594996452331543,True
6,201,1784807958.156536,8,0.02008223533630371,0.002510279417037964,True
6,202,1784807958.1769805,8,0.021719694137573242,0.0027149617671966553,True
6,203,1784807958.19898,8,0.020592927932739258,0.0025741159915924072,True
6,204,1784807958.2198439,8,0.01913619041442871,0.002392023801803589,True
6,205,1784807958.239501,8,0.020605802536010742,0.0025757253170013428,True
6,206,1784807958.2605166,8,0.020333290100097656,0.002541661262512207,True
6,207,1784807958.2813375,8,0.019958972930908203,0.0024948716163635254,True
6,208,1784807958.3016179,8,0.02155613899230957,0.0026945173740386963,True
6,209,1784807958.3237839,8,0.020173311233520508,0.0025216639041900635,True
6,210,1784807958.345232,8,0.02152252197265625,0.0026903152465820312,True
6,211,1784807958.3673232,8,0.019550323486328125,0.0024437904357910156,True
6,212,1784807958.3872378,8,0.020275354385375977,0.002534419298171997,True
6,213,1784807958.407786,8,0.021311283111572266,0.002663910388946533,True
6,214,1784807958.4294512,8,0.02069091796875,0.00258636474609375,True
6,215,1784807958.450492,8,0.019011259078979492,0.0023764073848724365,True
6,216,1784807958.4697726,8,0.021153926849365234,0.0026442408561706543,True
6,217,1784807958.4913168,8,0.020096540451049805,0.0025120675563812256,True
6,218,1784807958.5117543,8,0.02093791961669922,0.0026172399520874023,True
6,219,1784807958.5332382,8,0.018865346908569336,0.002358168363571167,True
6,220,1784807958.5524192,8,0.01990485191345215,0.0024881064891815186,True
6,221,1784807958.5731978,8,0.020188331604003906,0.0025235414505004883,True
6,222,1784807958.5937536,8,0.019703388214111328,0.002462923526763916,True
6,223,1784807958.6138546,8,0.020884275436401367,0.002610534429550171,True
6,224,1784807958.6350536,8,0.019357681274414062,0.002419710159301758,True
6,225,1784807958.654821,8,0.019280672073364258,0.0024100840091705322,True
6,226,1784807958.6747532,8,0.01987290382385254,0.0024841129779815674,True
6,227,1784807958.695046,8,0.020197153091430664,0.002524644136428833,True
6,228,1784807958.71571,8,0.0211946964263916,0.00264933705329895,True
6,229,1784807958.7372153,8,0.020288467407226562,0.0025360584259033203,True
6,230,1784807958.7579188,8,0.018814802169799805,0.0023518502712249756,True
6,231,1784807958.777204,8,0.021491050720214844,0.0026863813400268555,True
6,232,1784807958.7993917,8,0.0203399658203125,0.0025424957275390625,True
6,233,1784807958.8201573,8,0.021637439727783203,0.0027046799659729004,True
6,234,1784807958.842384,8,0.020322322845458984,0.002540290355682373,True
6,235,1784807958.8639715,8,0.019156932830810547,0.0023946166038513184,True
6,236,1784807958.883425,8,0.021248579025268555,0.0026560723781585693,True
6,237,1784807958.9050753,8,0.020213603973388672,0.002526700496673584,True
6,238,1784807958.9256423,8,0.020282506942749023,0.002535313367843628,True
6,239,1784807958.94632,8,0.020372629165649414,0.0025465786457061768,True
6,240,1784807958.9671822,8,0.020743370056152344,0.002592921257019043,True
6,241,1784807958.988211,8,0.021093368530273438,0.0026366710662841797,True
6,242,1784807959.00963,8,0.019872426986694336,0.002484053373336792,True
6,243,1784807959.0298092,8,0.022107601165771484,0.0027634501457214355,True
6,244,1784807959.0523667,8,0.020198583602905273,0.002524822950363159,True
6,245,1784807959.07292,8,0.021315336227416992,0.002664417028427124,True
6,246,1784807959.094684,8,0.02033257484436035,0.002541571855545044,True
6,247,1784807959.1153662,8,0.02004718780517578,0.0025058984756469727,True
6,248,1784807959.1359499,8,0.0185244083404541,0.0023155510425567627,True
6,249,1784807959.155229,8,0.0202791690826416,0.0025348961353302,True
6,250,1784807959.1760054,8,0.02113938331604004,0.002642422914505005,True
6,251,1784807959.1977968,8,0.020548582077026367,0.002568572759628296,True
6,252,1784807959.2187545,8,0.020141124725341797,0.0025176405906677246,True
6,253,1784807959.2394652,8,0.020691871643066406,0.0025864839553833008,True
6,254,1784807959.2606552,8,0.02045440673828125,0.0025568008422851562,True
6,255,1784807959.2821336,8,0.019458770751953125,0.0024323463439941406,True
6,256,1784807959.3019123,8,0.019731998443603516,0.0024664998054504395,True
6,257,1784807959.3221004,8,0.019039630889892578,0.0023799538612365723,True
6,258,1784807959.3416064,8,0.019934892654418945,0.002491861581802368,True
6,259,1784807959.361925,8,0.023323535919189453,0.0029154419898986816,True
6,260,1784807959.3862092,8,0.016960620880126953,0.002120077610015869,True
6,261,1784807959.4035091,8,0.021567821502685547,0.0026959776878356934,True
6,262,1784807959.4254155,8,0.018407344818115234,0.0023009181022644043,True
6,263,1784807959.4443705,8,0.021429061889648438,0.0026786327362060547,True
6,264,1784807959.4661367,8,0.019948720932006836,0.0024935901165008545,True
6,265,1784807959.4866915,8,0.01961684226989746,0.0024521052837371826,True
6,266,1784807959.507779,8,0.018291473388671875,0.0022864341735839844,True
6,267,1784807959.5264702,8,0.02227163314819336,0.00278395414352417,True
6,268,1784807959.5491438,8,0.0186769962310791,0.0023346245288848877,True
6,269,1784807959.5681407,8,0.019916772842407227,0.0024895966053009033,True
6,270,1784807959.588395,8,0.01916217803955078,0.0023952722549438477,True
6,271,1784807959.607943,8,0.02004718780517578,0.0025058984756469727,True
6,272,1784807959.6284366,8,0.02100396156311035,0.002625495195388794,True
6,273,1784807959.6498504,8,0.020380020141601562,0.0025475025177001953,True
6,274,1784807959.6705644,8,0.019577980041503906,0.0024472475051879883,True
6,275,1784807959.6909792,8,0.020792007446289062,0.002599000930786133,True
6,276,1784807959.7122896,8,0.01958918571472168,0.00244864821434021,True
6,277,1784807959.7322557,8,0.02018260955810547,0.0025228261947631836,True
6,278,1784807959.7528262,8,0.019875764846801758,0.0024844706058502197,True
6,279,1784807959.7735577,8,0.02232837677001953,0.0027910470962524414,True
6,280,1784807959.7962384,8,0.023540019989013672,0.002942502498626709,True
6,281,1784807959.8203692,8,0.018384456634521484,0.0022980570793151855,True
6,282,1784807959.8399396,8,0.019510507583618164,0.0024388134479522705,True
6,283,1784807959.8601727,8,0.02332329750061035,0.002915412187576294,True
6,284,1784807959.8839016,8,0.020712852478027344,0.002589106559753418,True
6,285,1784807959.905051,8,0.0187685489654541,0.0023460686206817627,True
6,286,1784807959.9242542,8,0.019920825958251953,0.002490103244781494,True
6,287,1784807959.944513,8,0.021920204162597656,0.002740025520324707,True
6,288,1784807959.9672792,8,0.01828622817993164,0.002285778522491455,True
6,289,1784807959.9862223,8,0.02110743522644043,0.0026384294033050537,True
6,290,1784807960.008017,8,0.019591569900512695,0.002448946237564087,True
6,291,1784807960.0279834,8,0.018556833267211914,0.0023196041584014893,True
6,292,1784807960.0468605,8,0.021773338317871094,0.0027216672897338867,True
6,293,1784807960.0689754,8,0.019708633422851562,0.0024635791778564453,True
6,294,1784807960.0891426,8,0.01934957504272461,0.002418696880340576,True
6,295,1784807960.108879,8,0.020783424377441406,0.0025979280471801758,True
6,296,1784807960.1299767,8,0.019356966018676758,0.0024196207523345947,True
6,297,1784807960.149608,8,0.01955580711364746,0.0024444758892059326,True
6,298,1784807960.1696076,8,0.021213293075561523,0.0026516616344451904,True
6,299,1784807960.1912937,8,0.01893305778503418,0.0023666322231292725,True
6,300,1784807960.2106938,8,0.01925826072692871,0.002407282590866089,True
6,301,1784807960.2303388,8,0.02088332176208496,0.00261041522026062,True
6,302,1784807960.2516036,8,0.019989728927612305,0.002498716115951538,True
6,303,1784807960.2719789,8,0.01994490623474121,0.0024931132793426514,True
6,304,1784807960.2922778,8,0.01987004280090332,0.002483755350112915,True
6,305,1784807960.3133235,8,0.02064204216003418,0.0025802552700042725,True
6,306,1784807960.3343334,8,0.019944190979003906,0.0024930238723754883,True
6,307,1784807960.3552296,8,0.021229028701782227,0.0026536285877227783,True
6,308,1784807960.3768594,8,0.019557714462280273,0.002444714307785034,True
6,309,1784807960.3976777,8,0.02056288719177246,0.0025703608989715576,True
6,310,1784807960.418675,8,0.019568681716918945,0.002446085214614868,True
6,311,1784807960.4401493,8,0.02059793472290039,0.002574741840362549,True
6,312,1784807960.4610722,8,0.019505023956298828,0.0024381279945373535,True
6,313,1784807960.4816666,8,0.0200498104095459,0.0025062263011932373,True
6,314,1784807960.5020323,8,0.023961544036865234,0.0029951930046081543,True
6,315,1784807960.527418,8,0.018822908401489258,0.0023528635501861572,True
6,316,1784807960.5468934,8,0.019896268844604492,0.0024870336055755615,True
6,317,1784807960.5671375,8,0.021810293197631836,0.0027262866497039795,True
6,318,1784807960.589501,8,0.020116567611694336,0.002514570951461792,True
6,319,1784807960.6099718,8,0.019187450408935547,0.0023984313011169434,True
6,320,1784807960.6294966,8,0.019726991653442383,0.002465873956680298,True
6,321,1784807960.6495311,8,0.01982569694519043,0.0024782121181488037,True
6,322,1784807960.6696923,8,0.020372629165649414,0.0025465786457061768,True
6,323,1784807960.6904302,8,0.01982426643371582,0.0024780333042144775,True
6,324,1784807960.7107382,8,0.02095770835876465,0.002619713544845581,True
6,325,1784807960.7320714,8,0.02066802978515625,0.0025835037231445312,True
6,326,1784807960.753089,8,0.01911306381225586,0.0023891329765319824,True
6,327,1784807960.7725708,8,0.020050764083862305,0.002506345510482788,True
6,328,1784807960.7929118,8,0.019616365432739258,0.0024520456790924072,True
6,329,1784807960.812912,8,0.019036531448364258,0.0023795664310455322,True
6,330,1784807960.8324254,8,0.020188093185424805,0.0025235116481781006,True
6,331,1784807960.8531008,8,0.020496606826782227,0.0025620758533477783,True
6,332,1784807960.874012,8,0.019481658935546875,0.0024352073669433594,True
6,333,1784807960.8939922,8,0.02139115333557129,0.002673894166946411,True
6,334,1784807960.9158483,8,0.019666671752929688,0.002458333969116211,True
6,335,1784807960.9359808,8,0.02084517478942871,0.002605646848678589,True
6,336,1784807960.957307,8,0.020501136779785156,0.0025626420974731445,True
6,337,1784807960.9781504,8,0.02046799659729004,0.002558499574661255,True
6,338,1784807960.999062,8,0.020089387893676758,0.0025111734867095947,True
6,339,1784807961.0194697,8,0.02267313003540039,0.002834141254425049,True
6,340,1784807961.0425236,8,0.020729780197143555,0.0025912225246429443,True
6,341,1784807961.0637093,8,0.019628524780273438,0.0024535655975341797,True
6,342,1784807961.0837243,8,0.019975900650024414,0.0024969875812530518,True
6,343,1784807961.1046226,8,0.019357919692993164,0.0024197399616241455,True
6,344,1784807961.1245854,8,0.019739389419555664,0.002467423677444458,True
6,345,1784807961.14464,8,0.019252300262451172,0.0024065375328063965,True
6,346,1784807961.1645188,8,0.020361661911010742,0.0025452077388763428,True
6,347,1784807961.1853082,8,0.022079944610595703,0.002759993076324463,True
6,348,1784807961.2077553,8,0.02094721794128418,0.0026184022426605225,True
6,349,1784807961.2290528,8,0.019690990447998047,0.002461373805999756,True
6,350,1784807961.2495198,8,0.02023768424987793,0.002529710531234741,True
6,351,1784807961.2704897,8,0.01846766471862793,0.002308458089828491,True
6,352,1784807961.2896707,8,0.01840996742248535,0.002301245927810669,True
6,353,1784807961.3091507,8,0.018978595733642578,0.0023723244667053223,True
6,354,1784807961.328788,8,0.018542766571044922,0.0023178458213806152,True
6,355,1784807961.3476892,8,0.019834518432617188,0.0024793148040771484,True
6,356,1784807961.367959,8,0.02090620994567871,0.002613276243209839,True
6,357,1784807961.389213,8,0.02073979377746582,0.0025924742221832275,True
6,358,1784807961.4102352,8,0.019823789596557617,0.002477973699569702,True
6,359,1784807961.4304326,8,0.020513534545898438,0.0025641918182373047,True
6,360,1784807961.4513302,8,0.0193936824798584,0.0024242103099823,True
6,361,1784807961.471169,8,0.01987004280090332,0.002483755350112915,True
6,362,1784807961.4914474,8,0.01883864402770996,0.002354830503463745,True
6,363,1784807961.5107684,8,0.020551204681396484,0.0025689005851745605,True
6,364,1784807961.5317082,8,0.021008729934692383,0.002626091241836548,True
6,365,1784807961.5534816,8,0.021317720413208008,0.002664715051651001,True
6,366,1784807961.575184,8,0.01853203773498535,0.002316504716873169,True
6,367,1784807961.5941305,8,0.0196688175201416,0.0024586021900177,True
6,368,1784807961.6141558,8,0.02216362953186035,0.002770453691482544,True
6,369,1784807961.636916,8,0.02238011360168457,0.0027975142002105713,True
6,370,1784807961.6599476,8,0.01950383186340332,0.002437978982925415,True
6,371,1784807961.679845,8,0.02252340316772461,0.002815425395965576,True
6,372,1784807961.7059257,8,0.017920255661010742,0.0022400319576263428,True
6,373,1784807961.7241783,8,0.018781185150146484,0.0023476481437683105,True
6,374,1784807961.743331,8,0.019054174423217773,0.0023817718029022217,True
6,375,1784807961.763322,8,0.02045440673828125,0.0025568008422851562,True
6,376,1784807961.7844145,8,0.01839923858642578,0.0022999048233032227,True
6,377,1784807961.8039086,8,0.020833730697631836,0.0026042163372039795,True
6,378,1784807961.82556,8,0.018839597702026367,0.002354949712753296,True
6,379,1784807961.8452725,8,0.021712779998779297,0.002714097499847412,True
6,380,1784807961.8674076,8,0.01892232894897461,0.002365291118621826,True
6,381,1784807961.8867648,8,0.021811485290527344,0.002726435661315918,True
6,382,1784807961.9089015,8,0.020096540451049805,0.0025120675563812256,True
6,383,1784807961.9293272,8,0.02037811279296875,0.0025472640991210938,True
6,384,1784807961.950042,8,0.020721435546875,0.002590179443359375,True
6,385,1784807961.9711924,8,0.01952528953552246,0.0024406611919403076,True
6,386,1784807961.9910955,8,0.019506216049194336,0.002438277006149292,True
6,387,1784807962.0108945,8,0.019173383712768555,0.0023966729640960693,True
6,388,1784807962.0303726,8,0.02142024040222168,0.00267753005027771,True
6,389,1784807962.0521493,8,0.019336223602294922,0.0024170279502868652,True
6,390,1784807962.0719476,8,0.019580602645874023,0.002447575330734253,True
6,391,1784807962.0923371,8,0.019329071044921875,0.0024161338806152344,True
6,392,1784807962.111955,8,0.021133899688720703,0.002641737461090088,True
6,393,1784807962.133507,8,0.019640207290649414,0.0024550259113311768,True
6,394,1784807962.153589,8,0.02134990692138672,0.00266873836517334,True
6,395,1784807962.1754854,8,0.019589900970458984,0.002448737621307373,True
6,396,1784807962.1954334,8,0.021819114685058594,0.0027273893356323242,True
6,397,1784807962.217581,8,0.018903493881225586,0.0023629367351531982,True
6,398,1784807962.2368474,8,0.02036118507385254,0.0025451481342315674,True
6,399,1784807962.2576354,8,0.021527528762817383,0.002690941095352173,True
6,400,1784807962.280643,8,0.01477813720703125,0.0018472671508789062,True
6,401,1784807962.29633,8,0.022171735763549805,0.0027714669704437256,True
6,402,1784807962.3187594,8,0.02106618881225586,0.0026332736015319824,True
6,403,1784807962.3402312,8,0.020048141479492188,0.0025060176849365234,True
6,404,1784807962.3607686,8,0.019991159439086914,0.0024988949298858643,True
6,405,1784807962.3811104,8,0.019440412521362305,0.002430051565170288,True
6,406,1784807962.4010375,8,0.018466949462890625,0.002308368682861328,True
6,407,1784807962.4198449,8,0.020827054977416992,0.002603381872177124,True
6,408,1784807962.441033,8,0.02132701873779297,0.002665877342224121,True
6,409,1784807962.4630394,8,0.020482540130615234,0.0025603175163269043,True
6,410,1784807962.483895,8,0.018791913986206055,0.002348989248275757,True
6,411,1784807962.5029657,8,0.021420955657958984,0.002677619457244873,True
6,412,1784807962.5248356,8,0.020397663116455078,0.0025497078895568848,True
6,413,1784807962.5457761,8,0.02009439468383789,0.0025117993354797363,True
6,414,1784807962.5661786,8,0.020242691040039062,0.002530336380004883,True
6,415,1784807962.5867257,8,0.021237850189208984,0.002654731273651123,True
6,416,1784807962.6082866,8,0.02018594741821289,0.0025232434272766113,True
6,417,1784807962.6288238,8,0.019406795501708984,0.002425849437713623,True
6,418,1784807962.6485975,8,0.020958900451660156,0.0026198625564575195,True
6,419,1784807962.6699715,8,0.020125627517700195,0.0025157034397125244,True
6,420,1784807962.690718,8,0.01950812339782715,0.0024385154247283936,True
6,421,1784807962.711129,8,0.018932580947875977,0.002366572618484497,True
6,422,1784807962.7305737,8,0.02069544792175293,0.002586930990219116,True
6,423,1784807962.7516475,8,0.02144169807434082,0.0026802122592926025,True
6,424,1784807962.773432,8,0.019524574279785156,0.0024405717849731445,True
6,425,1784807962.7932918,8,0.020233154296875,0.002529144287109375,True
6,426,1784807962.8138986,8,0.01904606819152832,0.00238075852394104,True
6,427,1784807962.8332818,8,0.022085189819335938,0.002760648727416992,True
6,428,1784807962.855673,8,0.020243167877197266,0.002530395984649658,True
6,429,1784807962.876258,8,0.02081608772277832,0.00260201096534729,True
6,430,1784807962.8974602,8,0.019444704055786133,0.0024305880069732666,True
6,431,1784807962.9173217,8,0.019803524017333984,0.002475440502166748,True
6,432,1784807962.9375563,8,0.021916627883911133,0.0027395784854888916,True
6,433,1784807962.9597728,8,0.02139449119567871,0.002674311399459839,True
6,434,1784807962.981518,8,0.019849300384521484,0.0024811625480651855,True
6,435,1784807963.001832,8,0.02103257179260254,0.0026290714740753174,True
6,436,1784807963.0231333,8,0.021407365798950195,0.0026759207248687744,True
6,437,1784807963.0453172,8,0.019423723220825195,0.0024279654026031494,True
6,438,1784807963.0654473,8,0.01761007308959961,0.002201259136199951,True
6,439,1784807963.0834668,8,0.020642995834350586,0.0025803744792938232,True
6,440,1784807963.1048892,8,0.019874095916748047,0.002484261989593506,True
6,441,1784807963.1251736,8,0.02021193504333496,0.00252649188041687,True
6,442,1784807963.1458013,8,0.02033233642578125,0.0025415420532226562,True
6,443,1784807963.1666255,8,0.020293474197387695,0.002536684274673462,True
6,444,1784807963.1872382,8,0.019337177276611328,0.002417147159576416,True
6,445,1784807963.2070746,8,0.01964879035949707,0.002456098794937134,True
6,446,1784807963.227116,8,0.020163536071777344,0.002520442008972168,True
6,447,1784807963.247645,8,0.02201056480407715,0.0027513206005096436,True
6,448,1784807963.270037,8,0.01952981948852539,0.002441227436065674,True
6,449,1784807963.28988,8,0.019246339797973633,0.002405792474746704,True
6,450,1784807963.309491,8,0.02017354965209961,0.002521693706512451,True
6,451,1784807963.3301978,8,0.019899368286132812,0.0024874210357666016,True
6,452,1784807963.3504472,8,0.02108287811279297,0.002635359764099121,True
6,453,1784807963.3727665,8,0.01966238021850586,0.0024577975273132324,True
6,454,1784807963.3930194,8,0.023591279983520508,0.0029489099979400635,True
6,455,1784807963.416942,8,0.020282268524169922,0.0025352835655212402,True
6,456,1784807963.4382243,8,0.019466638565063477,0.0024333298206329346,True
6,457,1784807963.4579606,8,0.01989889144897461,0.002487361431121826,True
6,458,1784807963.4782512,8,0.019967079162597656,0.002495884895324707,True
6,459,1784807963.4986227,8,0.01923990249633789,0.0024049878120422363,True
6,460,1784807963.518234,8,0.020947694778442383,0.002618461847305298,True
6,461,1784807963.5395062,8,0.021122217178344727,0.002640277147293091,True
6,462,1784807963.560929,8,0.0201568603515625,0.0025196075439453125,True
6,463,1784807963.5814645,8,0.02032637596130371,0.002540796995162964,True
6,464,1784807963.6024013,8,0.017959117889404297,0.002244889736175537,True
6,465,1784807963.6206856,8,0.020403623580932617,0.002550452947616577,True
6,466,1784807963.6424704,8,0.01858830451965332,0.002323538064956665,True
6,467,1784807963.6615276,8,0.019728660583496094,0.0024660825729370117,True
6,468,1784807963.6816132,8,0.020603179931640625,0.002575397491455078,True
6,469,1784807963.703687,8,0.023881196975708008,0.002985149621963501,True
6,470,1784807963.7285888,8,0.01969313621520996,0.002461642026901245,True
6,471,1784807963.7488806,8,0.020003080368041992,0.002500385046005249,True
6,472,1784807963.7693205,8,0.01929783821105957,0.0024122297763824463,True
6,473,1784807963.7889376,8,0.02067852020263672,0.00258481502532959,True
6,474,1784807963.8098946,8,0.020292997360229492,0.0025366246700286865,True
6,475,1784807963.8308873,8,0.01969432830810547,0.0024617910385131836,True
6,476,1784807963.8509476,8,0.019629955291748047,0.002453744411468506,True
6,477,1784807963.870928,8,0.021547555923461914,0.0026934444904327393,True
6,478,1784807963.8928542,8,0.02035069465637207,0.002543836832046509,True
6,479,1784807963.9135406,8,0.020837068557739258,0.0026046335697174072,True
6,480,1784807963.934788,8,0.019924640655517578,0.0024905800819396973,True
6,481,1784807963.9551973,8,0.022043943405151367,0.002755492925643921,True
6,482,1784807963.9775417,8,0.02106189727783203,0.002632737159729004,True
6,483,1784807963.9988747,8,0.0187528133392334,0.002344101667404175,True
6,484,1784807964.0178652,8,0.019819259643554688,0.002477407455444336,True
6,485,1784807964.0381198,8,0.021910429000854492,0.0027388036251068115,True
6,486,1784807964.0603032,8,0.019850969314575195,0.0024813711643218994,True
6,487,1784807964.080382,8,0.019516468048095703,0.002439558506011963,True
6,488,1784807964.1002073,8,0.020256519317626953,0.002532064914703369,True
6,489,1784807964.1208224,8,0.02046370506286621,0.0025579631328582764,True
6,490,1784807964.1421962,8,0.021522998809814453,0.0026903748512268066,True
6,491,1784807964.164209,8,0.01987147331237793,0.002483934164047241,True
6,492,1784807964.18451,8,0.01977682113647461,0.002472102642059326,True
6,493,1784807964.2048128,8,0.01959061622619629,0.002448827028274536,True
6,494,1784807964.2249088,8,0.020355224609375,0.002544403076171875,True
6,495,1784807964.2455976,8,0.019805431365966797,0.0024756789207458496,True
6,496,1784807964.265837,8,0.020112991333007812,0.0025141239166259766,True
6,497,1784807964.2863512,8,0.018991947174072266,0.002373993396759033,True
6,498,1784807964.3057323,8,0.02048349380493164,0.002560436725616455,True
6,499,1784807964.3266344,8,0.020342350006103516,0.0025427937507629395,True
6,500,1784807964.3473363,8,0.021363496780395508,0.0026704370975494385,True
6,501,1784807964.3691273,8,0.022173166275024414,0.0027716457843780518,True
6,502,1784807964.391954,8,0.020204782485961914,0.0025255978107452393,True
6,503,1784807964.4127443,8,0.021044015884399414,0.0026305019855499268,True
6,504,1784807964.4343805,8,0.022573232650756836,0.0028216540813446045,True
6,505,1784807964.4577723,8,0.01872110366821289,0.0023401379585266113,True
6,506,1784807964.4769127,8,0.020503520965576172,0.0025629401206970215,True
6,507,1784807964.4980648,8,0.020284414291381836,0.0025355517864227295,True
6,508,1784807964.5187576,8,0.020762205123901367,0.002595275640487671,True
6,509,1784807964.5411077,8,0.018840551376342773,0.0023550689220428467,True
6,510,1784807964.5602589,8,0.0215761661529541,0.0026970207691192627,True
6,511,1784807964.5822804,8,0.02139568328857422,0.0026744604110717773,True
6,512,1784807964.6050591,8,0.019084453582763672,0.002385556697845459,True
6,513,1784807964.624604,8,0.021368026733398438,0.0026710033416748047,True
6,514,1784807964.6467721,8,0.023350000381469727,0.002918750047683716,True
6,515,1784807964.670763,8,0.017653703689575195,0.0022067129611968994,True
6,516,1784807964.6889844,8,0.021268129348754883,0.0026585161685943604,True
6,517,1784807964.7108672,8,0.020888805389404297,0.002611100673675537,True
6,518,1784807964.7321718,8,0.020145416259765625,0.002518177032470703,True
6,519,1784807964.7527885,8,0.02007913589477539,0.002509891986846924,True
6,520,1784807964.7747045,8,0.020061731338500977,0.002507716417312622,True
6,521,1784807964.7955942,8,0.018776655197143555,0.0023470818996429443,True
6,522,1784807964.8147953,8,0.020463228225708008,0.002557903528213501,True
6,523,1784807964.8355567,8,0.022161483764648438,0.0027701854705810547,True
6,524,1784807964.858155,8,0.020093441009521484,0.0025116801261901855,True
6,525,1784807964.8787186,8,0.020677566528320312,0.002584695816040039,True
6,526,1784807964.8998382,8,0.022146224975585938,0.002768278121948242,True
6,527,1784807964.922746,8,0.021138906478881836,0.0026423633098602295,True
6,528,1784807964.9443362,8,0.020256996154785156,0.0025321245193481445,True
6,529,1784807964.964987,8,0.019578933715820312,0.002447366714477539,True
6,530,1784807964.9852006,8,0.019003868103027344,0.002375483512878418,True
6,531,1784807965.0047133,8,0.021070241928100586,0.0026337802410125732,True
6,532,1784807965.0262117,8,0.019722938537597656,0.002465367317199707,True
6,533,1784807965.0463974,8,0.019230365753173828,0.0024037957191467285,True
6,534,1784807965.0668664,8,0.02098560333251953,0.0026232004165649414,True
6,535,1784807965.088545,8,0.02015829086303711,0.0025197863578796387,True
6,536,1784807965.1094131,8,0.019923686981201172,0.0024904608726501465,True
6,537,1784807965.1299999,8,0.019927024841308594,0.0024908781051635742,True
6,538,1784807965.1503696,8,0.020789623260498047,0.002598702907562256,True
6,539,1784807965.1716504,8,0.022577762603759766,0.0028222203254699707,True
6,540,1784807965.194657,8,0.019812822341918945,0.002476602792739868,True
6,541,1784807965.214993,8,0.020858287811279297,0.002607285976409912,True
6,542,1784807965.23643,8,0.019421100616455078,0.0024276375770568848,True
6,543,1784807965.2561605,8,0.020426511764526367,0.002553313970565796,True
6,544,1784807965.2775242,8,0.020702600479125977,0.002587825059890747,True
6,545,1784807965.2993004,8,0.02103257179260254,0.0026290714740753174,True
6,546,1784807965.3215013,8,0.02013254165649414,0.0025165677070617676,True
6,547,1784807965.3420947,8,0.021733999252319336,0.002716749906539917,True
6,548,1784807965.36517,8,0.024349212646484375,0.003043651580810547,True
6,549,1784807965.3901792,8,0.019585371017456055,0.002448171377182007,True
6,550,1784807965.4102044,8,0.022266626358032227,0.0027833282947540283,True
6,551,1784807965.4330196,8,0.020900726318359375,0.002612590789794922,True
6,552,1784807965.4544277,8,0.02027297019958496,0.00253412127494812,True
6,553,1784807965.475008,8,0.020592927932739258,0.0025741159915924072,True
6,554,1784807965.4959016,8,0.021271228790283203,0.0026589035987854004,True
6,555,1784807965.5175385,8,0.0200958251953125,0.0025119781494140625,True
6,556,1784807965.5380855,8,0.022039175033569336,0.002754896879196167,True
6,557,1784807965.5605142,8,0.020460844039916992,0.002557605504989624,True
6,558,1784807965.5812585,8,0.020551443099975586,0.0025689303874969482,True
6,559,1784807965.60214,8,0.019221782684326172,0.0024027228355407715,True
6,560,1784807965.6216292,8,0.020431995391845703,0.002553999423980713,True
6,561,1784807965.6424901,8,0.019379138946533203,0.0024223923683166504,True
6,562,1784807965.6622877,8,0.020264148712158203,0.0025330185890197754,True
6,563,1784807965.682964,8,0.019388198852539062,0.002423524856567383,True
6,564,1784807965.7026722,8,0.02080821990966797,0.002601027488708496,True
6,565,1784807965.723949,8,0.020218610763549805,0.0025273263454437256,True
6,566,1784807965.7445216,8,0.02044677734375,0.00255584716796875,True
6,567,1784807965.7654145,8,0.022053956985473633,0.002756744623184204,True
6,568,1784807965.7877586,8,0.01887822151184082,0.0023597776889801025,True
6,569,1784807965.8089013,8,0.019704818725585938,0.002463102340698242,True
6,570,1784807965.8292258,8,0.0201566219329834,0.002519577741622925,True
6,571,1784807965.8498409,8,0.01971125602722168,0.00246390700340271,True
6,572,1784807965.8709037,8,0.018666505813598633,0.002333313226699829,True
6,573,1784807965.8899057,8,0.0229949951171875,0.0028743743896484375,True
6,574,1784807965.9132214,8,0.02036261558532715,0.0025453269481658936,True
6,575,1784807965.9339354,8,0.0204164981842041,0.0025520622730255127,True
6,576,1784807965.9548862,8,0.01996636390686035,0.002495795488357544,True
6,577,1784807965.9753332,8,0.018076419830322266,0.002259552478790283,True
6,578,1784807965.9937613,8,0.022631168365478516,0.0028288960456848145,True
6,579,1784807966.017108,8,0.020395755767822266,0.002549469470977783,True
6,580,1784807966.0378742,8,0.02041316032409668,0.002551645040512085,True
6,581,1784807966.0586524,8,0.019766807556152344,0.002470850944519043,True
6,582,1784807966.079562,8,0.019295692443847656,0.002411961555480957,True
6,583,1784807966.099351,8,0.02078700065612793,0.002598375082015991,True
6,584,1784807966.1205256,8,0.019992589950561523,0.0024990737438201904,True
6,585,1784807966.141394,8,0.020984649658203125,0.0026230812072753906,True
6,586,1784807966.1630023,8,0.02097010612487793,0.002621263265609741,True
6,587,1784807966.1844263,8,0.020266056060791016,0.002533257007598877,True
6,588,1784807966.205107,8,0.022394180297851562,0.0027992725372314453,True
6,589,1784807966.2284265,8,0.02073192596435547,0.0025914907455444336,True
6,590,1784807966.2497075,8,0.019449949264526367,0.002431243658065796,True
6,591,1784807966.2697709,8,0.019480466842651367,0.002435058355331421,True
6,592,1784807966.2901042,8,0.020110607147216797,0.0025138258934020996,True
6,593,1784807966.3105903,8,0.020672082901000977,0.002584010362625122,True
6,594,1784807966.33165,8,0.020265817642211914,0.0025332272052764893,True
6,595,1784807966.3524818,8,0.021114110946655273,0.002639263868331909,True
6,596,1784807966.3740478,8,0.022158145904541016,0.002769768238067627,True
6,597,1784807966.3967006,8,0.020119667053222656,0.002514958381652832,True
6,598,1784807966.4173572,8,0.022065162658691406,0.0027581453323364258,True
6,599,1784807966.4398084,8,0.020849227905273438,0.0026061534881591797,True
6,600,1784807966.4612613,8,0.020531892776489258,0.0025664865970611572,True
6,601,1784807966.4832628,8,0.01949930191040039,0.002437412738800049,True
6,602,1784807966.5032117,8,0.020908355712890625,0.002613544464111328,True
6,603,1784807966.525119,8,0.020590782165527344,0.002573847770690918,True
6,604,1784807966.546181,8,0.021292448043823242,0.0026615560054779053,True
6,605,1784807966.568477,8,0.020912647247314453,0.0026140809059143066,True
6,606,1784807966.5900478,8,0.020442962646484375,0.002555370330810547,True
6,607,1784807966.6108692,8,0.020878314971923828,0.0026097893714904785,True
6,608,1784807966.6341944,8,0.020907878875732422,0.0026134848594665527,True
6,609,1784807966.6559374,8,0.020505428314208984,0.002563178539276123,True
6,610,1784807966.6767762,8,0.020984172821044922,0.0026230216026306152,True
6,611,1784807966.6982918,8,0.019596338272094727,0.002449542284011841,True
6,612,1784807966.7184699,8,0.01982855796813965,0.002478569746017456,True
6,613,1784807966.7392313,8,0.020056962966918945,0.002507120370864868,True
6,614,1784807966.7601452,8,0.020309925079345703,0.002538740634918213,True
6,615,1784807966.780927,8,0.020466327667236328,0.002558290958404541,True
6,616,1784807966.8023157,8,0.021136999130249023,0.002642124891281128,True
6,617,1784807966.8239837,8,0.02131938934326172,0.002664923667907715,True
6,618,1784807966.8457177,8,0.021205663681030273,0.002650707960128784,True
6,619,1784807966.867641,8,0.019071340560913086,0.0023839175701141357,True
6,620,1784807966.887253,8,0.020076751708984375,0.002509593963623047,True
6,621,1784807966.9085429,8,0.019409656524658203,0.0024262070655822754,True
6,622,1784807966.929372,8,0.021158933639526367,0.002644866704940796,True
6,623,1784807966.9510098,8,0.020242929458618164,0.0025303661823272705,True
6,624,1784807966.971751,8,0.021221637725830078,0.0026527047157287598,True
6,625,1784807966.9935718,8,0.020089387893676758,0.0025111734867095947,True
6,626,1784807967.0141637,8,0.022033214569091797,0.0027541518211364746,True
6,627,1784807967.036618,8,0.020125389099121094,0.0025156736373901367,True
6,628,1784807967.0574887,8,0.021135807037353516,0.0026419758796691895,True
6,629,1784807967.0792024,8,0.018274307250976562,0.0022842884063720703,True
6,630,1784807967.098155,8,0.02195572853088379,0.0027444660663604736,True
6,631,1784807967.1206777,8,0.019663095474243164,0.0024578869342803955,True
6,632,1784807967.1408577,8,0.02344059944152832,0.00293007493019104,True
6,633,1784807967.1662538,8,0.019136905670166016,0.002392113208770752,True
6,634,1784807967.18665,8,0.01942276954650879,0.0024278461933135986,True
6,635,1784807967.206437,8,0.020339250564575195,0.0025424063205718994,True
6,636,1784807967.2271113,8,0.021946191787719727,0.002743273973464966,True
6,637,1784807967.249398,8,0.02056741714477539,0.002570927143096924,True
6,638,1784807967.270387,8,0.019776105880737305,0.002472013235092163,True
6,639,1784807967.2917492,8,0.02077507972717285,0.0025968849658966064,True
6,640,1784807967.3132184,8,0.020163536071777344,0.002520442008972168,True
6,641,1784807967.334698,8,0.018778324127197266,0.002347290515899658,True
6,642,1784807967.3543413,8,0.01995253562927246,0.0024940669536590576,True
6,643,1784807967.3756924,8,0.020618200302124023,0.002577275037765503,True
6,644,1784807967.3966622,8,0.020856380462646484,0.0026070475578308105,True
6,645,1784807967.4186163,8,0.0221407413482666,0.002767592668533325,True
6,646,1784807967.4412136,8,0.019910335540771484,0.0024887919425964355,True
6,647,1784807967.4620962,8,0.019644498825073242,0.0024555623531341553,True
6,648,1784807967.482208,8,0.02034926414489746,0.0025436580181121826,True
6,649,1784807967.5030558,8,0.019687891006469727,0.002460986375808716,True
6,650,1784807967.5237348,8,0.02052903175354004,0.002566128969192505,True
6,651,1784807967.544707,8,0.01912832260131836,0.002391040325164795,True
6,652,1784807967.5646489,8,0.023885726928710938,0.002985715866088867,True
6,653,1784807967.5890913,8,0.01636219024658203,0.002045273780822754,True
6,654,1784807967.6058192,8,0.019492626190185547,0.0024365782737731934,True
6,655,1784807967.625712,8,0.01975274085998535,0.002469092607498169,True
6,656,1784807967.6459394,8,0.019811391830444336,0.002476423978805542,True
6,657,1784807967.6663346,8,0.018854856491088867,0.0023568570613861084,True
6,658,1784807967.6855361,8,0.020905494689941406,0.0026131868362426758,True
6,659,1784807967.7068605,8,0.01959991455078125,0.0024499893188476562,True
6,660,1784807967.7268243,8,0.021100521087646484,0.0026375651359558105,True
6,661,1784807967.7482417,8,0.019189834594726562,0.0023987293243408203,True
6,662,1784807967.7678845,8,0.01991868019104004,0.002489835023880005,True
6,663,1784807967.7889729,8,0.022486209869384766,0.0028107762336730957,True
6,664,1784807967.8118477,8,0.01837158203125,0.00229644775390625,True
6,665,1784807967.831358,8,0.02018880844116211,0.0025236010551452637,True
6,666,1784807967.852196,8,0.020200014114379883,0.0025250017642974854,True
6,667,1784807967.8729537,8,0.020740270614624023,0.002592533826828003,True
6,668,1784807967.8942297,8,0.0180509090423584,0.0022563636302948,True
6,669,1784807967.9126923,8,0.020114898681640625,0.002514362335205078,True
6,670,1784807967.9337716,8,0.02208685874938965,0.002760857343673706,True
6,671,1784807967.9564292,8,0.020612716674804688,0.002576589584350586,True
6,672,1784807967.9778852,8,0.01963949203491211,0.0024549365043640137,True
6,673,1784807967.9979157,8,0.021327972412109375,0.002665996551513672,True
6,674,1784807968.0201616,8,0.018711566925048828,0.0023389458656311035,True
6,675,1784807968.0398908,8,0.01939225196838379,0.0024240314960479736,True
6,676,1784807968.0597847,8,0.021846532821655273,0.002730816602706909,True
6,677,1784807968.0820782,8,0.02133035659790039,0.002666294574737549,True
6,678,1784807968.1039517,8,0.01991558074951172,0.002489447593688965,True
6,679,1784807968.1244798,8,0.018578052520751953,0.002322256565093994,True
6,680,1784807968.143813,8,0.02128911018371582,0.0026611387729644775,True
6,681,1784807968.165682,8,0.018717050552368164,0.0023396313190460205,True
6,682,1784807968.1847916,8,0.0218203067779541,0.0027275383472442627,True
6,683,1784807968.2072463,8,0.02029561996459961,0.002536952495574951,True
6,684,1784807968.2279978,8,0.01873016357421875,0.0023412704467773438,True
6,685,1784807968.2476401,8,0.02093815803527832,0.00261726975440979,True
6,686,1784807968.2691317,8,0.02075934410095215,0.0025949180126190186,True
6,687,1784807968.290615,8,0.019873857498168945,0.002484232187271118,True
6,688,1784807968.311804,8,0.019847869873046875,0.0024809837341308594,True
6,689,1784807968.3325198,8,0.01929926872253418,0.0024124085903167725,True
6,690,1784807968.352339,8,0.019742727279663086,0.0024678409099578857,True
6,691,1784807968.372445,8,0.019339799880981445,0.0024174749851226807,True
6,692,1784807968.3922846,8,0.019814491271972656,0.002476811408996582,True
6,693,1784807968.4125497,8,0.022106170654296875,0.0027632713317871094,True
6,694,1784807968.4354908,8,0.019201278686523438,0.0024001598358154297,True
6,695,1784807968.4550793,8,0.018932819366455078,0.0023666024208068848,True
6,696,1784807968.4744527,8,0.02045607566833496,0.00255700945854187,True
6,697,1784807968.4952655,8,0.020118236541748047,0.002514779567718506,True
6,698,1784807968.5157561,8,0.020647287368774414,0.0025809109210968018,True
6,699,1784807968.5367944,8,0.019918203353881836,0.0024897754192352295,True
6,700,1784807968.5576327,8,0.019754886627197266,0.002469360828399658,True
6,701,1784807968.5776658,8,0.01901698112487793,0.002377122640609741,True
6,702,1784807968.5971284,8,0.01952362060546875,0.0024404525756835938,True
6,703,1784807968.6170728,8,0.021308183670043945,0.002663522958755493,True
6,704,1784807968.6386907,8,0.019118547439575195,0.0023898184299468994,True
6,705,1784807968.658103,8,0.019724369049072266,0.002465546131134033,True
6,706,1784807968.6783013,8,0.021394014358520508,0.0026742517948150635,True
6,707,1784807968.7000723,8,0.01962733268737793,0.002453416585922241,True
6,708,1784807968.720047,8,0.01969003677368164,0.002461254596710205,True
6,709,1784807968.740499,8,0.01984262466430664,0.00248032808303833,True
6,710,1784807968.760775,8,0.0219118595123291,0.0027389824390411377,True
6,711,1784807968.7830124,8,0.01942610740661621,0.0024282634258270264,True
6,712,1784807968.802725,8,0.01980900764465332,0.002476125955581665,True
6,713,1784807968.8236368,8,0.02102351188659668,0.002627938985824585,True
6,714,1784807968.8451872,8,0.018886566162109375,0.002360820770263672,True
6,715,1784807968.864369,8,0.021896839141845703,0.002737104892730713,True
6,716,1784807968.887471,8,0.020676851272583008,0.002584606409072876,True
6,717,1784807968.9085546,8,0.01902174949645996,0.002377718687057495,True
6,718,1784807968.927986,8,0.01971888542175293,0.002464860677719116,True
6,719,1784807968.9482708,8,0.019263029098510742,0.0024078786373138428,True
6,720,1784807968.9678593,8,0.020107507705688477,0.0025134384632110596,True
6,721,1784807968.988289,8,0.022320270538330078,0.0027900338172912598,True
6,722,1784807969.0109432,8,0.02066826820373535,0.002583533525466919,True
6,723,1784807969.033399,8,0.019567489624023438,0.0024459362030029297,True
6,724,1784807969.053264,8,0.019185543060302734,0.002398192882537842,True
6,725,1784807969.072847,8,0.020305395126342773,0.0025381743907928467,True
6,726,1784807969.0935922,8,0.018908977508544922,0.0023636221885681152,True
6,727,1784807969.112805,8,0.019751310348510742,0.0024689137935638428,True
6,728,1784807969.1329184,8,0.02032184600830078,0.0025402307510375977,True
6,729,1784807969.1536894,8,0.020556211471557617,0.002569526433944702,True
6,730,1784807969.1745756,8,0.019406557083129883,0.0024258196353912354,True
6,731,1784807969.1945498,8,0.018886566162109375,0.002360820770263672,True
6,732,1784807969.2137594,8,0.02199554443359375,0.0027494430541992188,True
6,733,1784807969.236436,8,0.019131898880004883,0.0023914873600006104,True
6,734,1784807969.255876,8,0.019975662231445312,0.002496957778930664,True
6,735,1784807969.2763655,8,0.019718170166015625,0.002464771270751953,True
6,736,1784807969.2963982,8,0.019660234451293945,0.002457529306411743,True
6,737,1784807969.316502,8,0.021457672119140625,0.002682209014892578,True
6,738,1784807969.3382602,8,0.018999576568603516,0.0023749470710754395,True
6,739,1784807969.357611,8,0.019190549850463867,0.0023988187313079834,True
6,740,1784807969.377236,8,0.021007299423217773,0.0026259124279022217,True
6,741,1784807969.3988385,8,0.018780231475830078,0.0023475289344787598,True
6,742,1784807969.4180095,8,0.020512104034423828,0.0025640130043029785,True
6,743,1784807969.4390788,8,0.02085423469543457,0.0026067793369293213,True
6,744,1784807969.4603837,8,0.020030736923217773,0.0025038421154022217,True
6,745,1784807969.4813015,8,0.020444154739379883,0.0025555193424224854,True
6,746,1784807969.5021598,8,0.019274234771728516,0.0024092793464660645,True
6,747,1784807969.5220473,8,0.019746065139770508,0.0024682581424713135,True
6,748,1784807969.5428927,8,0.02149200439453125,0.0026865005493164062,True
6,749,1784807969.564787,8,0.018572092056274414,0.0023215115070343018,True
6,750,1784807969.5837722,8,0.02013397216796875,0.0025167465209960938,True
6,751,1784807969.6045544,8,0.020966529846191406,0.0026208162307739258,True
6,752,1784807969.6260488,8,0.019390583038330078,0.0024238228797912598,True
6,753,1784807969.6461873,8,0.019765138626098633,0.002470642328262329,True
6,754,1784807969.666256,8,0.01979517936706543,0.0024743974208831787,True
6,755,1784807969.686449,8,0.021123647689819336,0.002640455961227417,True
6,756,1784807969.7078776,8,0.020035982131958008,0.002504497766494751,True
6,757,1784807969.7282534,8,0.020804166793823242,0.0026005208492279053,True
6,758,1784807969.7494912,8,0.017900705337524414,0.0022375881671905518,True
6,759,1784807969.7677915,8,0.02140069007873535,0.002675086259841919,True
6,760,1784807969.789834,8,0.019696712493896484,0.0024620890617370605,True
6,761,1784807969.8099217,8,0.01942133903503418,0.0024276673793792725,True
6,762,1784807969.829674,8,0.021484375,0.002685546875,True
6,763,1784807969.8516161,8,0.01982593536376953,0.0024782419204711914,True
6,764,1784807969.8717017,8,0.02192544937133789,0.0027406811714172363,True
6,765,1784807969.894482,8,0.016365766525268555,0.0020457208156585693,True
6,766,1784807969.91121,8,0.019908428192138672,0.002488553524017334,True
6,767,1784807969.9314623,8,0.020618915557861328,0.002577364444732666,True
6,768,1784807969.9525666,8,0.019942760467529297,0.002492845058441162,True
6,769,1784807969.9728637,8,0.020738840103149414,0.0025923550128936768,True
6,770,1784807969.9940102,8,0.019191980361938477,0.0023989975452423096,True
6,771,1784807970.0135484,8,0.01980757713317871,0.002475947141647339,True
6,772,1784807970.0336485,8,0.018753767013549805,0.0023442208766937256,True
6,773,1784807970.0528393,8,0.02134847640991211,0.0026685595512390137,True
6,774,1784807970.0745015,8,0.019028425216674805,0.0023785531520843506,True
6,775,1784807970.0938675,8,0.020108461380004883,0.0025135576725006104,True
6,776,1784807970.1143491,8,0.02150273323059082,0.0026878416538238525,True
6,777,1784807970.1361704,8,0.020253658294677734,0.002531707286834717,True
6,778,1784807970.1569996,8,0.019171714782714844,0.0023964643478393555,True
6,779,1784807970.1780024,8,0.0191042423248291,0.0023880302906036377,True
6,780,1784807970.197594,8,0.022565364837646484,0.0028206706047058105,True
6,781,1784807970.2216272,8,0.01785898208618164,0.002232372760772705,True
6,782,1784807970.2399535,8,0.020163536071777344,0.002520442008972168,True
6,783,1784807970.2605824,8,0.020831584930419922,0.0026039481163024902,True
6,784,1784807970.282495,8,0.0191648006439209,0.0023956000804901123,True
6,785,1784807970.3021636,8,0.021143436431884766,0.0026429295539855957,True
6,786,1784807970.3240666,8,0.022001028060913086,0.0027501285076141357,True
6,787,1784807970.3468792,8,0.020084142684936523,0.0025105178356170654,True
6,788,1784807970.3675654,8,0.01912093162536621,0.0023901164531707764,True
6,789,1784807970.3869648,8,0.019751548767089844,0.0024689435958862305,True
6,790,1784807970.4069889,8,0.021268129348754883,0.0026585161685943604,True
6,791,1784807970.4287493,8,0.01879262924194336,0.00234907865524292,True
6,792,1784807970.4478798,8,0.020076274871826172,0.0025095343589782715,True
6,793,1784807970.4683425,8,0.018366098403930664,0.002295762300491333,True
6,794,1784807970.4870439,8,0.020989418029785156,0.0026236772537231445,True
6,795,1784807970.5083637,8,0.020532608032226562,0.0025665760040283203,True
6,796,1784807970.5292284,8,0.020016908645629883,0.0025021135807037354,True
6,797,1784807970.5495217,8,0.020138978958129883,0.0025173723697662354,True
6,798,1784807970.5699182,8,0.019477128982543945,0.002434641122817993,True
6,799,1784807970.5899198,8,0.020705699920654297,0.002588212490081787,True
6,800,1784807970.6110935,8,0.018915414810180664,0.002364426851272583,True
6,801,1784807970.630386,8,0.021129608154296875,0.0026412010192871094,True
6,802,1784807970.6519313,8,0.019376516342163086,0.0024220645427703857,True
6,803,1784807970.6716828,8,0.018321752548217773,0.0022902190685272217,True
6,804,1784807970.6904886,8,0.01956915855407715,0.0024461448192596436,True
6,805,1784807970.7105825,8,0.01952958106994629,0.002441197633743286,True
6,806,1784807970.7307844,8,0.01897287368774414,0.0023716092109680176,True
6,807,1784807970.7500641,8,0.01969456672668457,0.0024618208408355713,True
6,808,1784807970.7701476,8,0.020165681838989258,0.0025207102298736572,True
6,809,1784807970.7908173,8,0.018836259841918945,0.002354532480239868,True
6,810,1784807970.8100545,8,0.019928932189941406,0.0024911165237426758,True
6,811,1784807970.830316,8,0.019361019134521484,0.0024201273918151855,True
6,812,1784807970.850315,8,0.018309354782104492,0.0022886693477630615,True
6,813,1784807970.868998,8,0.022490262985229492,0.0028112828731536865,True
6,814,1784807970.8918939,8,0.020589828491210938,0.002573728561401367,True
6,815,1784807970.9132168,8,0.022985219955444336,0.002873152494430542,True
6,816,1784807970.9365284,8,0.020778656005859375,0.002597332000732422,True
6,817,1784807970.958015,8,0.020517349243164062,0.002564668655395508,True
6,818,1784807970.9788923,8,0.01922607421875,0.00240325927734375,True
6,819,1784807970.998407,8,0.020190000534057617,0.002523750066757202,True
6,820,1784807971.0192392,8,0.018091917037963867,0.0022614896297454834,True
6,821,1784807971.0378227,8,0.019887208938598633,0.002485901117324829,True
6,822,1784807971.0586913,8,0.022071123123168945,0.002758890390396118,True
6,823,1784807971.0811858,8,0.02045893669128418,0.0025573670864105225,True
6,824,1784807971.102407,8,0.019411802291870117,0.0024264752864837646,True
6,825,1784807971.1221843,8,0.022142887115478516,0.0027678608894348145,True
6,826,1784807971.1453028,8,0.020519256591796875,0.0025649070739746094,True
6,827,1784807971.166195,8,0.01998281478881836,0.002497851848602295,True
6,828,1784807971.1866004,8,0.019585847854614258,0.0024482309818267822,True
6,829,1784807971.2071445,8,0.019243478775024414,0.0024054348468780518,True
6,830,1784807971.2269778,8,0.021328449249267578,0.0026660561561584473,True
6,831,1784807971.2487848,8,0.020847797393798828,0.0026059746742248535,True
6,832,1784807971.2700617,8,0.019327402114868164,0.0024159252643585205,True
6,833,1784807971.2905881,8,0.021770238876342773,0.0027212798595428467,True
6,834,1784807971.312938,8,0.020975351333618164,0.0026219189167022705,True
6,835,1784807971.3345075,8,0.0203707218170166,0.002546340227127075,True
6,836,1784807971.3557358,8,0.020357847213745117,0.0025447309017181396,True
6,837,1784807971.3764699,8,0.020601749420166016,0.002575218677520752,True
6,838,1784807971.3974092,8,0.021009445190429688,0.002626180648803711,True
6,839,1784807971.4187577,8,0.019966840744018555,0.0024958550930023193,True
6,840,1784807971.4391701,8,0.020303010940551758,0.0025378763675689697,True
6,841,1784807971.4599102,8,0.01815319061279297,0.002269148826599121,True
6,842,1784807971.4785757,8,0.020705461502075195,0.0025881826877593994,True
6,843,1784807971.49988,8,0.01987004280090332,0.002483755350112915,True
6,844,1784807971.520233,8,0.01992177963256836,0.002490222454071045,True
6,845,1784807971.5408287,8,0.020709514617919922,0.0025886893272399902,True
6,846,1784807971.5620575,8,0.0197906494140625,0.0024738311767578125,True
6,847,1784807971.5823503,8,0.020376920700073242,0.0025471150875091553,True
6,848,1784807971.6031985,8,0.022316932678222656,0.002789616584777832,True
6,849,1784807971.6258945,8,0.021633386611938477,0.0027041733264923096,True
6,850,1784807971.6485786,8,0.023506641387939453,0.0029383301734924316,True
6,851,1784807971.673443,8,0.021428823471069336,0.002678602933883667,True
6,852,1784807971.695239,8,0.019396305084228516,0.0024245381355285645,True
6,853,1784807971.7149513,8,0.02033066749572754,0.0025413334369659424,True
6,854,1784807971.7358057,8,0.020006418228149414,0.0025008022785186768,True
6,855,1784807971.756321,8,0.02031397819519043,0.0025392472743988037,True
6,856,1784807971.7769322,8,0.019908428192138672,0.002488553524017334,True
6,857,1784807971.797277,8,0.021201133728027344,0.002650141716003418,True
6,858,1784807971.818905,8,0.018549203872680664,0.002318650484085083,True
6,859,1784807971.838492,8,0.020694255828857422,0.0025867819786071777,True
6,860,1784807971.859676,8,0.020735979080200195,0.0025919973850250244,True
6,861,1784807971.88115,8,0.01914501190185547,0.0023931264877319336,True
6,862,1784807971.901818,8,0.01850295066833496,0.00231286883354187,True
6,863,1784807971.9207473,8,0.022099733352661133,0.0027624666690826416,True
6,864,1784807971.9434924,8,0.02114129066467285,0.0026426613330841064,True
6,865,1784807971.9651504,8,0.01912093162536621,0.0023901164531707764,True
6,866,1784807971.984746,8,0.020383834838867188,0.0025479793548583984,True
6,867,1784807972.005603,8,0.01947164535522461,0.002433955669403076,True
6,868,1784807972.0263057,8,0.01898813247680664,0.00237351655960083,True
6,869,1784807972.0459356,8,0.01961994171142578,0.0024524927139282227,True
6,870,1784807972.0659444,8,0.022122621536254883,0.0027653276920318604,True
6,871,1784807972.0887103,8,0.024782896041870117,0.0030978620052337646,True
6,872,1784807972.113891,8,0.01996588706970215,0.0024957358837127686,True
6,873,1784807972.1342702,8,0.019283056259155273,0.002410382032394409,True
6,874,1784807972.1540432,8,0.021068334579467773,0.0026335418224334717,True
6,875,1784807972.1761112,8,0.02139592170715332,0.002674490213394165,True
6,876,1784807972.198488,8,0.017857789993286133,0.0022322237491607666,True
6,877,1784807972.2166257,8,0.018117904663085938,0.002264738082885742,True
6,878,1784807972.2357402,8,0.022342443466186523,0.0027928054332733154,True
6,879,1784807972.258491,8,0.01938652992248535,0.002423316240310669,True
6,880,1784807972.2787402,8,0.020009994506835938,0.002501249313354492,True
6,881,1784807972.29923,8,0.019776105880737305,0.002472013235092163,True
6,882,1784807972.3194554,8,0.020430326461791992,0.002553790807723999,True
6,883,1784807972.3402812,8,0.018693208694458008,0.002336651086807251,True
6,884,1784807972.3594043,8,0.01992034912109375,0.0024900436401367188,True
6,885,1784807972.379663,8,0.020837783813476562,0.0026047229766845703,True
6,886,1784807972.4008853,8,0.018456459045410156,0.0023070573806762695,True
6,887,1784807972.4200819,8,0.020746231079101562,0.0025932788848876953,True
6,888,1784807972.4412673,8,0.0222012996673584,0.0027751624584198,True
6,889,1784807972.4638803,8,0.019654512405395508,0.0024568140506744385,True
6,890,1784807972.483973,8,0.01940608024597168,0.00242576003074646,True
6,891,1784807972.5036588,8,0.021676301956176758,0.0027095377445220947,True
6,892,1784807972.525687,8,0.0186617374420166,0.002332717180252075,True
6,893,1784807972.5447042,8,0.021066665649414062,0.002633333206176758,True
6,894,1784807972.5661917,8,0.020218849182128906,0.0025273561477661133,True
6,895,1784807972.587114,8,0.020734786987304688,0.002591848373413086,True
6,896,1784807972.6088119,8,0.018184185028076172,0.0022730231285095215,True
6,897,1784807972.6274135,8,0.01881861686706543,0.0023523271083831787,True
6,898,1784807972.6466272,8,0.020709514617919922,0.0025886893272399902,True
6,899,1784807972.6681423,8,0.018357515335083008,0.002294689416885376,True
6,900,1784807972.686797,8,0.02191019058227539,0.002738773822784424,True
6,901,1784807972.7095032,8,0.018596887588500977,0.002324610948562622,True
6,902,1784807972.7287655,8,0.02033066749572754,0.0025413334369659424,True
6,903,1784807972.7494676,8,0.02148580551147461,0.002685725688934326,True
6,904,1784807972.7713308,8,0.019747257232666016,0.002468407154083252,True
6,905,1784807972.7918928,8,0.021808624267578125,0.0027260780334472656,True
6,906,1784807972.8140857,8,0.019777297973632812,0.0024721622467041016,True
6,907,1784807972.8343096,8,0.01968693733215332,0.002460867166519165,True
6,908,1784807972.8543448,8,0.02090287208557129,0.002612859010696411,True
6,909,1784807972.8755455,8,0.019881248474121094,0.0024851560592651367,True
6,910,1784807972.8957753,8,0.02205204963684082,0.0027565062046051025,True
6,911,1784807972.9181826,8,0.02047276496887207,0.002559095621109009,True
6,912,1784807972.938976,8,0.01971125602722168,0.00246390700340271,True
6,913,1784807972.95906,8,0.019646883010864258,0.0024558603763580322,True
6,914,1784807972.979125,8,0.021331310272216797,0.0026664137840270996,True
6,915,1784807973.0007756,8,0.020409822463989258,0.0025512278079986572,True
6,916,1784807973.021454,8,0.02039933204650879,0.0025499165058135986,True
6,917,1784807973.0422325,8,0.019856691360473633,0.002482086420059204,True
6,918,1784807973.0638719,8,0.018929481506347656,0.002366185188293457,True
6,919,1784807973.0832264,8,0.02093362808227539,0.002616703510284424,True
6,920,1784807973.1046119,8,0.022821426391601562,0.0028526782989501953,True
6,921,1784807973.1284642,8,0.020265579223632812,0.0025331974029541016,True
6,922,1784807973.1495988,8,0.020618438720703125,0.0025773048400878906,True
6,923,1784807973.1705005,8,0.02002429962158203,0.002503037452697754,True
6,924,1784807973.1909077,8,0.020061731338500977,0.002507716417312622,True
6,925,1784807973.2114038,8,0.021420717239379883,0.0026775896549224854,True
6,926,1784807973.2331376,8,0.020084381103515625,0.002510547637939453,True
6,927,1784807973.2537115,8,0.019682884216308594,0.0024603605270385742,True
6,928,1784807973.2737486,8,0.020005464553833008,0.002500683069229126,True
6,929,1784807973.2941854,8,0.02159905433654785,0.0026998817920684814,True
6,930,1784807973.3164868,8,0.01976490020751953,0.0024706125259399414,True
6,931,1784807973.3367465,8,0.022508621215820312,0.002813577651977539,True
6,932,1784807973.3596,8,0.020601749420166016,0.002575218677520752,True
6,933,1784807973.3807936,8,0.019751310348510742,0.0024689137935638428,True
6,934,1784807973.4008996,8,0.020313024520874023,0.002539128065109253,True
6,935,1784807973.4216113,8,0.020901918411254883,0.0026127398014068604,True
6,936,1784807973.44287,8,0.018834590911865234,0.0023543238639831543,True
6,937,1784807973.4623373,8,0.02147078514099121,0.0026838481426239014,True
6,938,1784807973.4849818,8,0.018627643585205078,0.0023284554481506348,True
6,939,1784807973.5038905,8,0.020935535430908203,0.0026169419288635254,True
6,940,1784807973.5252478,8,0.019671916961669922,0.0024589896202087402,True
6,941,1784807973.545338,8,0.019323110580444336,0.002415388822555542,True
6,942,1784807973.5650513,8,0.020812273025512695,0.002601534128189087,True
6,943,1784807973.5863693,8,0.01979517936706543,0.0024743974208831787,True
6,944,1784807973.6065722,8,0.02138972282409668,0.002673715353012085,True
6,945,1784807973.6297262,8,0.020795583724975586,0.0025994479656219482,True
6,946,1784807973.6508474,8,0.02032756805419922,0.0025409460067749023,True
6,947,1784807973.6717498,8,0.01989459991455078,0.0024868249893188477,True
6,948,1784807973.6923387,8,0.019566774368286133,0.0024458467960357666,True
6,949,1784807973.71271,8,0.018651723861694336,0.002331465482711792,True
6,950,1784807973.7318208,8,0.019385337829589844,0.0024231672286987305,True
6,951,1784807973.751613,8,0.01985001564025879,0.0024812519550323486,True
6,952,1784807973.7728229,8,0.018802165985107422,0.0023502707481384277,True
6,953,1784807973.7920065,8,0.022006750106811523,0.0027508437633514404,True
6,954,1784807973.814433,8,0.02023768424987793,0.002529710531234741,True
6,955,1784807973.835317,8,0.018919706344604492,0.0023649632930755615,True
6,956,1784807973.8546624,8,0.0198516845703125,0.0024814605712890625,True
6,957,1784807973.874989,8,0.01961803436279297,0.002452254295349121,True
6,958,1784807973.8952105,8,0.0200650691986084,0.00250813364982605,True
6,959,1784807973.9157107,8,0.021847248077392578,0.0027309060096740723,True
6,960,1784807973.9387949,8,0.02198624610900879,0.0027482807636260986,True
6,961,1784807973.96144,8,0.0189666748046875,0.0023708343505859375,True
6,962,1784807973.9807081,8,0.01950693130493164,0.002438366413116455,True
6,963,1784807974.000859,8,0.020227909088134766,0.0025284886360168457,True
6,964,1784807974.0213764,8,0.019862651824951172,0.0024828314781188965,True
6,965,1784807974.0415664,8,0.018950939178466797,0.0023688673973083496,True
6,966,1784807974.0608923,8,0.019505023956298828,0.0024381279945373535,True
6,967,1784807974.0810142,8,0.019964933395385742,0.0024956166744232178,True
6,968,1784807974.1016693,8,0.019974946975708008,0.002496868371963501,True
6,969,1784807974.1227708,8,0.018997669219970703,0.002374708652496338,True
6,970,1784807974.1421528,8,0.020635128021240234,0.0025793910026550293,True
6,971,1784807974.1631465,8,0.020513296127319336,0.002564162015914917,True
6,972,1784807974.1841059,8,0.02002239227294922,0.0025027990341186523,True
6,973,1784807974.204827,8,0.02028965950012207,0.002536207437515259,True
6,974,1784807974.2257662,8,0.01969456672668457,0.0024618208408355713,True
6,975,1784807974.2457836,8,0.02099323272705078,0.0026241540908813477,True
6,976,1784807974.2674007,8,0.018203258514404297,0.002275407314300537,True
6,977,1784807974.2860007,8,0.01877593994140625,0.0023469924926757812,True
6,978,1784807974.3051171,8,0.020610332489013672,0.002576291561126709,True
6,979,1784807974.3267965,8,0.019365549087524414,0.0024206936359405518,True
6,980,1784807974.3482342,8,0.01974010467529297,0.002467513084411621,True
6,981,1784807974.3684416,8,0.021362781524658203,0.0026703476905822754,True
6,982,1784807974.390416,8,0.022668838500976562,0.0028336048126220703,True
6,983,1784807974.4141617,8,0.01816415786743164,0.002270519733428955,True
6,984,1784807974.4331174,8,0.021007061004638672,0.002625882625579834,True
6,985,1784807974.4545214,8,0.01996612548828125,0.0024957656860351562,True
6,986,1784807974.4752018,8,0.021279335021972656,0.002659916877746582,True
6,987,1784807974.4973187,8,0.02118849754333496,0.00264856219291687,True
6,988,1784807974.5190158,8,0.02061009407043457,0.0025762617588043213,True
6,989,1784807974.5404332,8,0.020369291305541992,0.002546161413192749,True
6,990,1784807974.561989,8,0.018744230270385742,0.0023430287837982178,True
6,991,1784807974.5811546,8,0.02074146270751953,0.0025926828384399414,True
6,992,1784807974.6028197,8,0.02014470100402832,0.00251808762550354,True
6,993,1784807974.6234953,8,0.01860809326171875,0.0023260116577148438,True
6,994,1784807974.642755,8,0.020209789276123047,0.002526223659515381,True
6,995,1784807974.6633167,8,0.021224021911621094,0.0026530027389526367,True
6,996,1784807974.6849947,8,0.019289255142211914,0.0024111568927764893,True
6,997,1784807974.7050703,8,0.019597291946411133,0.0024496614933013916,True
6,998,1784807974.724998,8,0.019056320190429688,0.002382040023803711,True
6,999,1784807974.7444696,8,0.020961761474609375,0.002620220184326172,True
6,1000,1784807974.7661371,8,0.02096724510192871,0.002620905637741089,True
6,1001,1784807974.7879577,8,0.018838167190551758,0.0023547708988189697,True
6,1002,1784807974.8072383,8,0.02148270606994629,0.002685338258743286,True
6,1003,1784807974.8293703,8,0.019854068756103516,0.0024817585945129395,True
6,1004,1784807974.8499343,8,0.020690441131591797,0.0025863051414489746,True
6,1005,1784807974.8709157,8,0.02067852020263672,0.00258481502532959,True
6,1006,1784807974.8920684,8,0.019006967544555664,0.002375870943069458,True
6,1007,1784807974.9113703,8,0.020963191986083984,0.002620398998260498,True
6,1008,1784807974.932617,8,0.018474578857421875,0.0023093223571777344,True
6,1009,1784807974.9514654,8,0.02104783058166504,0.00263097882270813,True
6,1010,1784807974.9728608,8,0.018590211868286133,0.0023237764835357666,True
6,1011,1784807974.9917345,8,0.018647432327270508,0.0023309290409088135,True
6,1012,1784807975.010886,8,0.019921302795410156,0.0024901628494262695,True
6,1013,1784807975.0323124,8,0.020595550537109375,0.002574443817138672,True
6,1014,1784807975.0537908,8,0.02082037925720215,0.0026025474071502686,True
6,1015,1784807975.0750518,8,0.019308805465698242,0.0024136006832122803,True
6,1016,1784807975.0947328,8,0.022016525268554688,0.002752065658569336,True
6,1017,1784807975.1171122,8,0.020865201950073242,0.0026081502437591553,True
6,1018,1784807975.1383631,8,0.023599624633789062,0.002949953079223633,True
6,1019,1784807975.1623824,8,0.019442081451416016,0.002430260181427002,True
6,1020,1784807975.1823447,8,0.019471406936645508,0.0024339258670806885,True
6,1021,1784807975.2022092,8,0.020595788955688477,0.0025744736194610596,True
6,1022,1784807975.223375,8,0.019612550735473633,0.002451568841934204,True
6,1023,1784807975.2438493,8,0.019858598709106445,0.0024823248386383057,True
6,1024,1784807975.2645013,8,0.020359277725219727,0.002544909715652466,True
6,1025,1784807975.2865922,8,0.018976211547851562,0.0023720264434814453,True
6,1026,1784807975.3060074,8,0.019575834274291992,0.002446979284286499,True
6,1027,1784807975.3273563,8,0.018270492553710938,0.002283811569213867,True
6,1028,1784807975.3463435,8,0.019469738006591797,0.0024337172508239746,True
6,1029,1784807975.3664637,8,0.01890420913696289,0.0023630261421203613,True
6,1030,1784807975.3857725,8,0.02074742317199707,0.002593427896499634,True
6,1031,1784807975.4068174,8,0.018987655639648438,0.0023734569549560547,True
6,1032,1784807975.426552,8,0.020551204681396484,0.0025689005851745605,True
6,1033,1784807975.4474044,8,0.02136516571044922,0.0026706457138061523,True
6,1034,1784807975.4691765,8,0.019325971603393555,0.0024157464504241943,True
6,1035,1784807975.4897795,8,0.01815962791442871,0.002269953489303589,True
6,1036,1784807975.5085285,8,0.0207979679107666,0.002599745988845825,True
6,1037,1784807975.5296485,8,0.019846439361572266,0.002480804920196533,True
6,1038,1784807975.5498161,8,0.019417524337768555,0.0024271905422210693,True
6,1039,1784807975.5702646,8,0.01984691619873047,0.0024808645248413086,True
6,1040,1784807975.5908015,8,0.020503997802734375,0.002562999725341797,True
6,1041,1784807975.6128633,8,0.018671512603759766,0.0023339390754699707,True
6,1042,1784807975.6322725,8,0.01951313018798828,0.002439141273498535,True
6,1043,1784807975.6521282,8,0.019328594207763672,0.002416074275970459,True
6,1044,1784807975.6726687,8,0.01927328109741211,0.0024091601371765137,True
6,1045,1784807975.6924417,8,0.019219636917114258,0.0024024546146392822,True
6,1046,1784807975.7123287,8,0.020546674728393555,0.0025683343410491943,True
6,1047,1784807975.7332592,8,0.02188420295715332,0.002735525369644165,True
6,1048,1784807975.755952,8,0.018579721450805664,0.002322465181350708,True
6,1049,1784807975.7752917,8,0.019626140594482422,0.0024532675743103027,True
6,1050,1784807975.7958028,8,0.018830060958862305,0.002353757619857788,True
6,1051,1784807975.8149643,8,0.019485950469970703,0.002435743808746338,True
6,1052,1784807975.8349936,8,0.019961833953857422,0.0024952292442321777,True
6,1053,1784807975.855761,8,0.018674850463867188,0.0023343563079833984,True
6,1054,1784807975.8750896,8,0.01983356475830078,0.0024791955947875977,True
6,1055,1784807975.89531,8,0.020397424697875977,0.002549678087234497,True
6,1056,1784807975.9161882,8,0.02035236358642578,0.0025440454483032227,True
6,1057,1784807975.9368787,8,0.019833803176879883,0.0024792253971099854,True
6,1058,1784807975.9570441,8,0.020220041275024414,0.0025275051593780518,True
6,1059,1784807975.97766,8,0.020627498626708984,0.002578437328338623,True
6,1060,1784807975.9986117,8,0.01885509490966797,0.002356886863708496,True
6,1061,1784807976.0177977,8,0.019273757934570312,0.002409219741821289,True
6,1062,1784807976.0377893,8,0.01929616928100586,0.0024120211601257324,True
6,1063,1784807976.0579815,8,0.02030467987060547,0.0025380849838256836,True
6,1064,1784807976.0786262,8,0.02047443389892578,0.0025593042373657227,True
6,1065,1784807976.0994055,8,0.019504308700561523,0.0024380385875701904,True
6,1066,1784807976.1196394,8,0.02015542984008789,0.0025194287300109863,True
6,1067,1784807976.140587,8,0.021398544311523438,0.0026748180389404297,True
6,1068,1784807976.1624813,8,0.019852876663208008,0.002481609582901001,True
6,1069,1784807976.182695,8,0.02070903778076172,0.002588629722595215,True
6,1070,1784807976.2037513,8,0.019562959671020508,0.0024453699588775635,True
6,1071,1784807976.2237058,8,0.020431995391845703,0.002553999423980713,True
6,1072,1784807976.2445507,8,0.01935124397277832,0.00241890549659729,True
6,1073,1784807976.2642033,8,0.018997907638549805,0.0023747384548187256,True
6,1074,1784807976.2841597,8,0.01885366439819336,0.00235670804977417,True
6,1075,1784807976.3034098,8,0.02127981185913086,0.0026599764823913574,True
6,1076,1784807976.3250766,8,0.02028346061706543,0.0025354325771331787,True
6,1077,1784807976.345767,8,0.020079851150512695,0.002509981393814087,True
6,1078,1784807976.3665032,8,0.019906997680664062,0.002488374710083008,True
6,1079,1784807976.3872113,8,0.02005743980407715,0.0025071799755096436,True
6,1080,1784807976.408402,8,0.017762422561645508,0.0022203028202056885,True
6,1081,1784807976.4274986,8,0.01946282386779785,0.0024328529834747314,True
6,1082,1784807976.447388,8,0.01947307586669922,0.0024341344833374023,True
6,1083,1784807976.4673269,8,0.019969701766967773,0.0024962127208709717,True
6,1084,1784807976.4876273,8,0.018868446350097656,0.002358555793762207,True
6,1085,1784807976.5068843,8,0.0201261043548584,0.0025157630443573,True
6,1086,1784807976.5273225,8,0.02098989486694336,0.00262373685836792,True
6,1087,1784807976.5489264,8,0.022079944610595703,0.002759993076324463,True
6,1088,1784807976.5713117,8,0.021022558212280273,0.002627819776535034,True
6,1089,1784807976.5925963,8,0.020519256591796875,0.0025649070739746094,True
6,1090,1784807976.6138573,8,0.018558025360107422,0.0023197531700134277,True
6,1091,1784807976.6329021,8,0.020035266876220703,0.002504408359527588,True
6,1092,1784807976.6532724,8,0.01983499526977539,0.002479374408721924,True
6,1093,1784807976.6734529,8,0.019317150115966797,0.0024146437644958496,True
6,1094,1784807976.6931977,8,0.021884918212890625,0.002735614776611328,True
6,1095,1784807976.7158842,8,0.019547462463378906,0.0024434328079223633,True
6,1096,1784807976.7381043,8,0.019793987274169922,0.0024742484092712402,True
6,1097,1784807976.7584424,8,0.02055811882019043,0.0025697648525238037,True
6,1098,1784807976.779487,8,0.020532846450805664,0.002566605806350708,True
6,1099,1784807976.8005798,8,0.01788496971130371,0.002235621213912964,True
6,1100,1784807976.8187792,8,0.020904064178466797,0.0026130080223083496,True
6,1101,1784807976.8400762,8,0.019010305404663086,0.0023762881755828857,True
6,1102,1784807976.8598971,8,0.02357316017150879,0.0029466450214385986,True
6,1103,1784807976.8838663,8,0.018562793731689453,0.0023203492164611816,True
6,1104,1784807976.9028294,8,0.01943373680114746,0.0024292171001434326,True
6,1105,1784807976.922829,8,0.01976609230041504,0.00247076153755188,True
6,1106,1784807976.9430878,8,0.020822525024414062,0.002602815628051758,True
6,1107,1784807976.964647,8,0.019287586212158203,0.0024109482765197754,True
6,1108,1784807976.9852428,8,0.019966840744018555,0.0024958550930023193,True
6,1109,1784807977.0057757,8,0.019689083099365234,0.0024611353874206543,True
6,1110,1784807977.0259223,8,0.020682811737060547,0.0025853514671325684,True
6,1111,1784807977.047079,8,0.019418001174926758,0.0024272501468658447,True
6,1112,1784807977.0669515,8,0.02028179168701172,0.002535223960876465,True
6,1113,1784807977.088476,8,0.01886892318725586,0.0023586153984069824,True
6,1114,1784807977.1077383,8,0.02007770538330078,0.0025097131729125977,True
6,1115,1784807977.1281588,8,0.020943641662597656,0.002617955207824707,True
6,1116,1784807977.1502676,8,0.02052760124206543,0.0025659501552581787,True
6,1117,1784807977.1715453,8,0.022107362747192383,0.002763420343399048,True
6,1118,1784807977.1941571,8,0.019735336303710938,0.002466917037963867,True
6,1119,1784807977.2142801,8,0.020961761474609375,0.002620220184326172,True
6,1120,1784807977.2357142,8,0.02063274383544922,0.0025790929794311523,True
6,1121,1784807977.2572055,8,0.019315719604492188,0.0024144649505615234,True
6,1122,1784807977.2772076,8,0.018642663955688477,0.0023303329944610596,True
6,1123,1784807977.2969127,8,0.020174026489257812,0.0025217533111572266,True
6,1124,1784807977.3173892,8,0.02111196517944336,0.00263899564743042,True
6,1125,1784807977.3390179,8,0.019858360290527344,0.002482295036315918,True
6,1126,1784807977.3592803,8,0.021471023559570312,0.002683877944946289,True
6,1127,1784807977.3815799,8,0.02248096466064453,0.0028101205825805664,True
6,1128,1784807977.4047403,8,0.01947498321533203,0.002434372901916504,True
6,1129,1784807977.424719,8,0.0224301815032959,0.0028037726879119873,True
6,1130,1784807977.4474897,8,0.021778345108032227,0.0027222931385040283,True
6,1131,1784807977.4705033,8,0.020467758178710938,0.002558469772338867,True
6,1132,1784807977.4914904,8,0.02167677879333496,0.00270959734916687,True
6,1133,1784807977.514397,8,0.017985105514526367,0.002248138189315796,True
6,1134,1784807977.5329442,8,0.020206928253173828,0.0025258660316467285,True
6,1135,1784807977.5537508,8,0.020045995712280273,0.002505749464035034,True
6,1136,1784807977.5745308,8,0.020577669143676758,0.0025722086429595947,True
6,1137,1784807977.595598,8,0.019062519073486328,0.002382814884185791,True
6,1138,1784807977.6155035,8,0.019368886947631836,0.0024211108684539795,True
6,1139,1784807977.6357305,8,0.019841432571411133,0.0024801790714263916,True
6,1140,1784807977.6561198,8,0.021565914154052734,0.002695739269256592,True
6,1141,1784807977.6782389,8,0.020721435546875,0.002590179443359375,True
6,1142,1784807977.700469,8,0.01866769790649414,0.0023334622383117676,True
6,1143,1784807977.720234,8,0.020103931427001953,0.002512991428375244,True
6,1144,1784807977.7411666,8,0.020173311233520508,0.0025216639041900635,True
6,1145,1784807977.7617843,8,0.01950383186340332,0.002437978982925415,True
6,1146,1784807977.781697,8,0.018775224685668945,0.002346903085708618,True
6,1147,1784807977.8007674,8,0.020772695541381836,0.0025965869426727295,True
6,1148,1784807977.8218482,8,0.02053356170654297,0.002566695213317871,True
6,1149,1784807977.8430552,8,0.020534992218017578,0.0025668740272521973,True
6,1150,1784807977.8641987,8,0.019491195678710938,0.002436399459838867,True
6,1151,1784807977.8843923,8,0.019482851028442383,0.002435356378555298,True
6,1152,1784807977.904909,8,0.01972341537475586,0.0024654269218444824,True
6,1153,1784807977.925366,8,0.02030348777770996,0.002537935972213745,True
6,1154,1784807977.9460967,8,0.020481348037719727,0.002560168504714966,True
6,1155,1784807977.9669785,8,0.01960015296936035,0.002450019121170044,True
6,1156,1784807977.9877656,8,0.019305706024169922,0.0024132132530212402,True
6,1157,1784807978.0074005,8,0.020395755767822266,0.002549469470977783,True
6,1158,1784807978.028553,8,0.02044510841369629,0.002555638551712036,True
6,1159,1784807978.0499814,8,0.020748138427734375,0.002593517303466797,True
6,1160,1784807978.0713618,8,0.022938013076782227,0.0028672516345977783,True
6,1161,1784807978.0950744,8,0.016756534576416016,0.002094566822052002,True
6,1162,1784807978.1127868,8,0.020753860473632812,0.0025942325592041016,True
6,1163,1784807978.1339102,8,0.02018260955810547,0.0025228261947631836,True
6,1164,1784807978.1545348,8,0.019080400466918945,0.002385050058364868,True
6,1165,1784807978.1758277,8,0.019044876098632812,0.0023806095123291016,True
6,1166,1784807978.1956043,8,0.019047260284423828,0.0023809075355529785,True
6,1167,1784807978.2151418,8,0.019967317581176758,0.0024959146976470947,True
6,1168,1784807978.2355926,8,0.021638870239257812,0.0027048587799072266,True
6,1169,1784807978.2579055,8,0.018575429916381836,0.0023219287395477295,True
6,1170,1784807978.2768483,8,0.02054309844970703,0.002567887306213379,True
6,1171,1784807978.2991576,8,0.01701211929321289,0.0021265149116516113,True
6,1172,1784807978.3166127,8,0.021677732467651367,0.002709716558456421,True
6,1173,1784807978.3389258,8,0.01891040802001953,0.0023638010025024414,True
6,1174,1784807978.3582442,8,0.019475936889648438,0.0024344921112060547,True
6,1175,1784807978.378483,8,0.020334720611572266,0.002541840076446533,True
6,1176,1784807978.3992245,8,0.02275538444519043,0.0028444230556488037,True
6,1177,1784807978.4224217,8,0.021020174026489258,0.0026275217533111572,True
6,1178,1784807978.4446504,8,0.020574331283569336,0.002571791410446167,True
6,1179,1784807978.4655557,8,0.019635677337646484,0.0024544596672058105,True
6,1180,1784807978.4858882,8,0.02030348777770996,0.002537935972213745,True
6,1181,1784807978.5065389,8,0.020563125610351562,0.0025703907012939453,True
6,1182,1784807978.527635,8,0.020081520080566406,0.0025101900100708008,True
6,1183,1784807978.548322,8,0.018693923950195312,0.002336740493774414,True
6,1184,1784807978.5676446,8,0.019786834716796875,0.0024733543395996094,True
6,1185,1784807978.588143,8,0.020635604858398438,0.0025794506072998047,True
6,1186,1784807978.611284,8,0.017838716506958008,0.002229839563369751,True
6,1187,1784807978.6294816,8,0.020356416702270508,0.0025445520877838135,True
6,1188,1784807978.6501732,8,0.019168853759765625,0.002396106719970703,True
6,1189,1784807978.6696637,8,0.021991729736328125,0.0027489662170410156,True
6,1190,1784807978.6921563,8,0.01996326446533203,0.002495408058166504,True
6,1191,1784807978.7125301,8,0.019425153732299805,0.0024281442165374756,True
6,1192,1784807978.7324748,8,0.01901388168334961,0.002376735210418701,True
6,1193,1784807978.7518961,8,0.0207979679107666,0.002599745988845825,True
6,1194,1784807978.7730632,8,0.02054905891418457,0.0025686323642730713,True
6,1195,1784807978.7940066,8,0.019140005111694336,0.002392500638961792,True
6,1196,1784807978.8135002,8,0.018923521041870117,0.0023654401302337646,True
6,1197,1784807978.8334734,8,0.020624637603759766,0.0025780797004699707,True
6,1198,1784807978.8546093,8,0.02026677131652832,0.00253334641456604,True
6,1199,1784807978.8753119,8,0.018245935440063477,0.0022807419300079346,True
6,1200,1784807978.8940194,8,0.020247697830200195,0.0025309622287750244,True
6,1201,1784807978.914755,8,0.022112131118774414,0.0027640163898468018,True
6,1202,1784807978.9372125,8,0.019902944564819336,0.002487868070602417,True
6,1203,1784807978.9574616,8,0.019352436065673828,0.0024190545082092285,True
6,1204,1784807978.9771771,8,0.02093195915222168,0.00261649489402771,True
6,1205,1784807978.99841,8,0.021185636520385742,0.0026482045650482178,True
6,1206,1784807979.020686,8,0.02174687385559082,0.0027183592319488525,True
6,1207,1784807979.0441933,8,0.01909923553466797,0.002387404441833496,True
6,1208,1784807979.063737,8,0.01922464370727539,0.002403080463409424,True
6,1209,1784807979.083474,8,0.019063234329223633,0.002382904291152954,True
6,1210,1784807979.1035233,8,0.01992511749267578,0.0024906396865844727,True
6,1211,1784807979.125994,8,0.01958608627319336,0.00244826078414917,True
6,1212,1784807979.1466494,8,0.019545316696166992,0.002443164587020874,True
6,1213,1784807979.166973,8,0.0194852352142334,0.002435654401779175,True
6,1214,1784807979.186778,8,0.020955324172973633,0.002619415521621704,True
6,1215,1784807979.208225,8,0.018427610397338867,0.0023034512996673584,True
6,1216,1784807979.227178,8,0.020453214645385742,0.0025566518306732178,True
6,1217,1784807979.24807,8,0.02305912971496582,0.0028823912143707275,True
6,1218,1784807979.2733335,8,0.016017913818359375,0.002002239227294922,True
6,1219,1784807979.2903073,8,0.01964712142944336,0.00245589017868042,True
6,1220,1784807979.3103554,8,0.01894068717956543,0.0023675858974456787,True
6,1221,1784807979.330607,8,0.020131826400756836,0.0025164783000946045,True
6,1222,1784807979.3510504,8,0.021851539611816406,0.0027314424514770508,True
6,1223,1784807979.3736272,8,0.019780635833740234,0.0024725794792175293,True
6,1224,1784807979.3940525,8,0.020496368408203125,0.0025620460510253906,True
6,1225,1784807979.414928,8,0.02158665657043457,0.0026983320713043213,True
6,1226,1784807979.4373791,8,0.019845008850097656,0.002480626106262207,True
6,1227,1784807979.457891,8,0.021568775177001953,0.002696096897125244,True
6,1228,1784807979.4798732,8,0.01997971534729004,0.002497464418411255,True
6,1229,1784807979.5003104,8,0.02191758155822754,0.0027396976947784424,True
6,1230,1784807979.5226612,8,0.017890453338623047,0.002236306667327881,True
6,1231,1784807979.541418,8,0.019168615341186523,0.0023960769176483154,True
6,1232,1784807979.5609567,8,0.021615028381347656,0.002701878547668457,True
6,1233,1784807979.5858166,8,0.020061731338500977,0.002507716417312622,True
6,1234,1784807979.6064095,8,0.019438743591308594,0.0024298429489135742,True
6,1235,1784807979.626441,8,0.01930689811706543,0.0024133622646331787,True
6,1236,1784807979.6464057,8,0.019036531448364258,0.0023795664310455322,True
6,1237,1784807979.66606,8,0.021644115447998047,0.002705514430999756,True
6,1238,1784807979.6882215,8,0.020521163940429688,0.002565145492553711,True
6,1239,1784807979.7096362,8,0.021021604537963867,0.0026277005672454834,True
6,1240,1784807979.7310536,8,0.01930069923400879,0.0024125874042510986,True
6,1241,1784807979.7511618,8,0.018759489059448242,0.0023449361324310303,True
6,1242,1784807979.7703233,8,0.020911455154418945,0.002613931894302368,True
6,1243,1784807979.7916644,8,0.01941680908203125,0.0024271011352539062,True
6,1244,1784807979.8118293,8,0.02348041534423828,0.002935051918029785,True
6,1245,1784807979.8358655,8,0.020518779754638672,0.002564847469329834,True
6,1246,1784807979.8571365,8,0.020112991333007812,0.0025141239166259766,True
6,1247,1784807979.878084,8,0.019500017166137695,0.002437502145767212,True
6,1248,1784807979.898079,8,0.020175457000732422,0.0025219321250915527,True
6,1249,1784807979.919371,8,0.020253896713256836,0.0025317370891571045,True
6,1250,1784807979.9408703,8,0.02071380615234375,0.0025892257690429688,True
6,1251,1784807979.962583,8,0.020502328872680664,0.002562791109085083,True
6,1252,1784807979.9842362,8,0.019247055053710938,0.002405881881713867,True
6,1253,1784807980.0038946,8,0.021416664123535156,0.0026770830154418945,True
6,1254,1784807980.0258775,8,0.020404577255249023,0.002550572156906128,True
6,1255,1784807980.0471117,8,0.019661426544189453,0.0024576783180236816,True
6,1256,1784807980.0671365,8,0.020863771438598633,0.002607971429824829,True
6,1257,1784807980.0884807,8,0.019390583038330078,0.0024238228797912598,True
6,1258,1784807980.108532,8,0.02080249786376953,0.0026003122329711914,True
6,1259,1784807980.1306546,8,0.019303560256958008,0.002412945032119751,True
6,1260,1784807980.1506457,8,0.01921224594116211,0.0024015307426452637,True
6,1261,1784807980.171427,8,0.019878387451171875,0.0024847984313964844,True
6,1262,1784807980.1921978,8,0.018905162811279297,0.002363145351409912,True
6,1263,1784807980.2116055,8,0.019752979278564453,0.0024691224098205566,True
6,1264,1784807980.2317967,8,0.019513607025146484,0.0024392008781433105,True
6,1265,1784807980.2518294,8,0.020731449127197266,0.002591431140899658,True
6,1266,1784807980.273328,8,0.019191503524780273,0.002398937940597534,True
6,1267,1784807980.2934685,8,0.016820430755615234,0.0021025538444519043,True
6,1268,1784807980.3106422,8,0.02147364616394043,0.0026842057704925537,True
6,1269,1784807980.332555,8,0.019560575485229492,0.0024450719356536865,True
6,1270,1784807980.3525214,8,0.020827293395996094,0.0026034116744995117,True
6,1271,1784807980.3737223,8,0.0211031436920166,0.002637892961502075,True
6,1272,1784807980.3955197,8,0.017834901809692383,0.002229362726211548,True
6,1273,1784807980.413749,8,0.019465923309326172,0.0024332404136657715,True
6,1274,1784807980.4335704,8,0.01957869529724121,0.0024473369121551514,True
6,1275,1784807980.4548287,8,0.02226710319519043,0.0027833878993988037,True
6,1276,1784807980.4778702,8,0.02266073226928711,0.0028325915336608887,True
6,1277,1784807980.501419,8,0.01920938491821289,0.0024011731147766113,True
6,1278,1784807980.5211632,8,0.01999354362487793,0.002499192953109741,True
6,1279,1784807980.5416012,8,0.021083593368530273,0.002635449171066284,True
6,1280,1784807980.5633543,8,0.022461652755737305,0.002807706594467163,True
6,1281,1784807980.587199,8,0.020921945571899414,0.0026152431964874268,True
6,1282,1784807980.6087775,8,0.021040916442871094,0.0026301145553588867,True
6,1283,1784807980.6302903,8,0.021859169006347656,0.002732396125793457,True
6,1284,1784807980.653083,8,0.01904463768005371,0.002380579710006714,True
6,1285,1784807980.6725738,8,0.021578311920166016,0.002697288990020752,True
6,1286,1784807980.6944776,8,0.018878698348999023,0.002359837293624878,True
6,1287,1784807980.7143083,8,0.020102977752685547,0.0025128722190856934,True
6,1288,1784807980.7355676,8,0.0190277099609375,0.0023784637451171875,True
6,1289,1784807980.7553854,8,0.01956009864807129,0.002445012331008911,True
6,1290,1784807980.7753093,8,0.019575834274291992,0.002446979284286499,True
6,1291,1784807980.7982254,8,0.01783585548400879,0.0022294819355010986,True
6,1292,1784807980.8166745,8,0.020108938217163086,0.0025136172771453857,True
6,1293,1784807980.8371997,8,0.020106077194213867,0.0025132596492767334,True
6,1294,1784807980.857667,8,0.020349740982055664,0.002543717622756958,True
6,1295,1784807980.8790162,8,0.019589662551879883,0.0024487078189849854,True
6,1296,1784807980.8993626,8,0.019332170486450195,0.0024165213108062744,True
6,1297,1784807980.9192383,8,0.021238327026367188,0.0026547908782958984,True
6,1298,1784807980.9408054,8,0.019566774368286133,0.0024458467960357666,True
6,1299,1784807980.9607131,8,0.020336389541625977,0.002542048692703247,True
6,1300,1784807980.9815466,8,0.021404743194580078,0.0026755928993225098,True
6,1301,1784807981.003603,8,0.01854681968688965,0.002318352460861206,True
6,1302,1784807981.0230618,8,0.021314620971679688,0.002664327621459961,True
6,1303,1784807981.0463514,8,0.018784523010253906,0.0023480653762817383,True
6,1304,1784807981.0659254,8,0.020293235778808594,0.0025366544723510742,True
6,1305,1784807981.0872757,8,0.01846456527709961,0.002308070659637451,True
6,1306,1784807981.1073215,8,0.01894235610961914,0.0023677945137023926,True
6,1307,1784807981.1271331,8,0.020491361618041992,0.002561420202255249,True
6,1308,1784807981.1485,8,0.019221067428588867,0.0024026334285736084,True
6,1309,1784807981.168296,8,0.021260738372802734,0.002657592296600342,True
6,1310,1784807981.1901631,8,0.02158212661743164,0.002697765827178955,True
6,1311,1784807981.2121832,8,0.018023252487182617,0.002252906560897827,True
6,1312,1784807981.2313528,8,0.018851518630981445,0.0023564398288726807,True
6,1313,1784807981.2508354,8,0.019733428955078125,0.0024666786193847656,True
6,1314,1784807981.2710555,8,0.02086496353149414,0.0026081204414367676,True
6,1315,1784807981.292311,8,0.019707441329956055,0.002463430166244507,True
6,1316,1784807981.3124576,8,0.020557641983032227,0.0025697052478790283,True
6,1317,1784807981.3334181,8,0.019252300262451172,0.0024065375328063965,True
6,1318,1784807981.353177,8,0.02118515968322754,0.0026481449604034424,True
6,1319,1784807981.3760884,8,0.020292997360229492,0.0025366246700286865,True
6,1320,1784807981.3968854,8,0.019877195358276367,0.002484649419784546,True
6,1321,1784807981.41736,8,0.019234180450439453,0.0024042725563049316,True
6,1322,1784807981.4384062,8,0.020058870315551758,0.0025073587894439697,True
6,1323,1784807981.4591858,8,0.0197293758392334,0.002466171979904175,True
6,1324,1784807981.4807062,8,0.01803302764892578,0.0022541284561157227,True
6,1325,1784807981.4992216,8,0.02064037322998047,0.0025800466537475586,True
6,1326,1784807981.5210865,8,0.0205841064453125,0.0025730133056640625,True
6,1327,1784807981.5421019,8,0.01926708221435547,0.0024083852767944336,True
6,1328,1784807981.5617487,8,0.02268362045288086,0.0028354525566101074,True
6,1329,1784807981.5861096,8,0.01945638656616211,0.0024320483207702637,True
6,1330,1784807981.6061082,8,0.019073009490966797,0.0023841261863708496,True
6,1331,1784807981.6257482,8,0.018495798110961914,0.0023119747638702393,True
6,1332,1784807981.645922,8,0.021285533905029297,0.002660691738128662,True
6,1333,1784807981.6675525,8,0.017699480056762695,0.002212435007095337,True
6,1334,1784807981.6855645,8,0.01887965202331543,0.0023599565029144287,True
6,1335,1784807981.7062323,8,0.020557165145874023,0.002569645643234253,True
6,1336,1784807981.7276487,8,0.019506216049194336,0.002438277006149292,True
6,1337,1784807981.7475817,8,0.01986241340637207,0.002482801675796509,True
6,1338,1784807981.768392,8,0.02090740203857422,0.0026134252548217773,True
6,1339,1784807981.7895947,8,0.01874375343322754,0.0023429691791534424,True
6,1340,1784807981.808837,8,0.021821022033691406,0.0027276277542114258,True
6,1341,1784807981.8312705,8,0.019551992416381836,0.0024439990520477295,True
6,1342,1784807981.851307,8,0.02047109603881836,0.002558887004852295,True
6,1343,1784807981.8731961,8,0.018129825592041016,0.002266228199005127,True
6,1344,1784807981.8916354,8,0.020850419998168945,0.002606302499771118,True
6,1345,1784807981.913096,8,0.020768404006958008,0.002596050500869751,True
6,1346,1784807981.9342196,8,0.02008986473083496,0.00251123309135437,True
6,1347,1784807981.955283,8,0.020682573318481445,0.0025853216648101807,True
6,1348,1784807981.9766612,8,0.020055055618286133,0.0025068819522857666,True
6,1349,1784807981.9973435,8,0.0186002254486084,0.00232502818107605,True
6,1350,1784807982.0164216,8,0.02003955841064453,0.0025049448013305664,True
6,1351,1784807982.0368736,8,0.019837617874145508,0.0024797022342681885,True
6,1352,1784807982.0572627,8,0.019940853118896484,0.0024926066398620605,True
6,1353,1784807982.0775127,8,0.02070760726928711,0.0025884509086608887,True
6,1354,1784807982.098782,8,0.019501686096191406,0.0024377107620239258,True
6,1355,1784807982.11873,8,0.019942283630371094,0.0024927854537963867,True
6,1356,1784807982.1396,8,0.020228862762451172,0.0025286078453063965,True
6,1357,1784807982.160173,8,0.019924640655517578,0.0024905800819396973,True
6,1358,1784807982.1804764,8,0.021481037139892578,0.0026851296424865723,True
6,1359,1784807982.2027907,8,0.01822209358215332,0.002277761697769165,True
6,1360,1784807982.2219028,8,0.020418643951416016,0.002552330493927002,True
6,1361,1784807982.2427366,8,0.020450353622436523,0.0025562942028045654,True
6,1362,1784807982.2636118,8,0.01964402198791504,0.00245550274848938,True
6,1363,1784807982.2840188,8,0.01942753791809082,0.0024284422397613525,True
6,1364,1784807982.3039777,8,0.018901348114013672,0.002362668514251709,True
6,1365,1784807982.323781,8,0.02188730239868164,0.002735912799835205,True
6,1366,1784807982.34656,8,0.020856142044067383,0.002607017755508423,True
6,1367,1784807982.3679955,8,0.019734621047973633,0.002466827630996704,True
6,1368,1784807982.3884568,8,0.019370079040527344,0.002421259880065918,True
6,1369,1784807982.4095774,8,0.02190089225769043,0.0027376115322113037,True
6,1370,1784807982.432145,8,0.02078866958618164,0.002598583698272705,True
6,1371,1784807982.453351,8,0.022467374801635742,0.0028084218502044678,True
6,1372,1784807982.4766035,8,0.018787145614624023,0.002348393201828003,True
6,1373,1784807982.496266,8,0.019225597381591797,0.0024031996726989746,True
6,1374,1784807982.51667,8,0.020187854766845703,0.002523481845855713,True
6,1375,1784807982.537399,8,0.018670082092285156,0.0023337602615356445,True
6,1376,1784807982.5563955,8,0.022389888763427734,0.002798736095428467,True
6,1377,1784807982.5805893,8,0.021963834762573242,0.0027454793453216553,True
6,1378,1784807982.6029377,8,0.021699905395507812,0.0027124881744384766,True
6,1379,1784807982.6255386,8,0.018588542938232422,0.0023235678672790527,True
6,1380,1784807982.645403,8,0.01896953582763672,0.00237119197845459,True
6,1381,1784807982.6648474,8,0.018898487091064453,0.0023623108863830566,True
6,1382,1784807982.684279,8,0.020780563354492188,0.0025975704193115234,True
6,1383,1784807982.7055798,8,0.020932912826538086,0.0026166141033172607,True
6,1384,1784807982.726931,8,0.02067255973815918,0.0025840699672698975,True
6,1385,1784807982.7484815,8,0.0219571590423584,0.0027446448802948,True
6,1386,1784807982.7707746,8,0.019940614700317383,0.002492576837539673,True
6,1387,1784807982.791131,8,0.019935131072998047,0.002491891384124756,True
6,1388,1784807982.8114095,8,0.019979238510131836,0.0024974048137664795,True
6,1389,1784807982.8318,8,0.02081155776977539,0.002601444721221924,True
6,1390,1784807982.8537629,8,0.022010326385498047,0.002751290798187256,True
6,1391,1784807982.8773394,8,0.02045297622680664,0.00255662202835083,True
6,1392,1784807982.8982196,8,0.020021677017211914,0.0025027096271514893,True
6,1393,1784807982.9185941,8,0.01878809928894043,0.0023485124111175537,True
6,1394,1784807982.937693,8,0.019575119018554688,0.002446889877319336,True
6,1395,1784807982.9576144,8,0.021126508712768555,0.0026408135890960693,True
6,1396,1784807982.9791985,8,0.01914238929748535,0.002392798662185669,True
6,1397,1784807982.9987292,8,0.019246339797973633,0.002405792474746704,True
6,1398,1784807983.0186994,8,0.01925945281982422,0.0024074316024780273,True
6,1399,1784807983.0387042,8,0.020206212997436523,0.0025257766246795654,True
6,1400,1784807983.0594225,8,0.02205061912536621,0.0027563273906707764,True
6,1401,1784807983.0822687,8,0.02002716064453125,0.0025033950805664062,True
6,1402,1784807983.102733,8,0.02037668228149414,0.0025470852851867676,True
6,1403,1784807983.1236959,8,0.021265506744384766,0.0026581883430480957,True
6,1404,1784807983.1453438,8,0.01997232437133789,0.0024965405464172363,True
6,1405,1784807983.1658025,8,0.020728111267089844,0.0025910139083862305,True
6,1406,1784807983.187189,8,0.021008729934692383,0.002626091241836548,True
6,1407,1784807983.2085412,8,0.020375728607177734,0.002546966075897217,True
6,1408,1784807983.2294645,8,0.02074432373046875,0.0025930404663085938,True
6,1409,1784807983.2523801,8,0.018280029296875,0.002285003662109375,True
6,1410,1784807983.2713482,8,0.018509626388549805,0.0023137032985687256,True
6,1411,1784807983.2907526,8,0.019089698791503906,0.0023862123489379883,True
6,1412,1784807983.3103197,8,0.019947528839111328,0.002493441104888916,True
6,1413,1784807983.3305879,8,0.02070927619934082,0.0025886595249176025,True
6,1414,1784807983.3516734,8,0.020369291305541992,0.002546161413192749,True
6,1415,1784807983.3725529,8,0.01977396011352539,0.002471745014190674,True
6,1416,1784807983.392663,8,0.02328324317932129,0.002910405397415161,True
6,1417,1784807983.4171755,8,0.018573999404907227,0.0023217499256134033,True
6,1418,1784807983.4363174,8,0.02004218101501465,0.002505272626876831,True
6,1419,1784807983.4570603,8,0.02329397201538086,0.0029117465019226074,True
6,1420,1784807983.4807165,8,0.01983475685119629,0.002479344606399536,True
6,1421,1784807983.5012918,8,0.019871234893798828,0.0024839043617248535,True
6,1422,1784807983.522082,8,0.01747298240661621,0.0021841228008270264,True
6,1423,1784807983.5402796,8,0.020359039306640625,0.002544879913330078,True
6,1424,1784807983.5610461,8,0.019903182983398438,0.0024878978729248047,True
6,1425,1784807983.5819385,8,0.01837444305419922,0.0022968053817749023,True
6,1426,1784807983.6006722,8,0.020454883575439453,0.0025568604469299316,True
6,1427,1784807983.6216185,8,0.019948482513427734,0.002493560314178467,True
6,1428,1784807983.6420624,8,0.018691062927246094,0.0023363828659057617,True
6,1429,1784807983.6611793,8,0.021207094192504883,0.0026508867740631104,True
6,1430,1784807983.6826947,8,0.019938230514526367,0.002492278814315796,True
6,1431,1784807983.7035446,8,0.018421649932861328,0.002302706241607666,True
6,1432,1784807983.7228158,8,0.019561767578125,0.002445220947265625,True
6,1433,1784807983.7432828,8,0.022041797637939453,0.0027552247047424316,True
6,1434,1784807983.765822,8,0.01990509033203125,0.0024881362915039062,True
6,1435,1784807983.7862191,8,0.02031111717224121,0.0025388896465301514,True
6,1436,1784807983.8071365,8,0.020429372787475586,0.0025536715984344482,True
6,1437,1784807983.8286545,8,0.01954054832458496,0.00244256854057312,True
6,1438,1784807983.848928,8,0.019579172134399414,0.0024473965167999268,True
6,1439,1784807983.8689497,8,0.020141124725341797,0.0025176405906677246,True
6,1440,1784807983.8903787,8,0.018308162689208984,0.002288520336151123,True
6,1441,1784807983.9092026,8,0.020990371704101562,0.0026237964630126953,True
6,1442,1784807983.9306529,8,0.020116090774536133,0.0025145113468170166,True
6,1443,1784807983.9515998,8,0.024744510650634766,0.0030930638313293457,True
6,1444,1784807983.9770622,8,0.018898725509643555,0.0023623406887054443,True
6,1445,1784807983.996377,8,0.01915717124938965,0.002394646406173706,True
6,1446,1784807984.0161755,8,0.01835155487060547,0.0022939443588256836,True
6,1447,1784807984.035628,8,0.022568941116333008,0.002821117639541626,True
6,1448,1784807984.0585968,8,0.019857406616210938,0.002482175827026367,True
6,1449,1784807984.0788887,8,0.019583702087402344,0.002447962760925293,True
6,1450,1784807984.0990672,8,0.0213623046875,0.0026702880859375,True
6,1451,1784807984.1208177,8,0.020418167114257812,0.0025522708892822266,True
6,1452,1784807984.1421432,8,0.02156686782836914,0.0026958584785461426,True
6,1453,1784807984.164597,8,0.02105259895324707,0.002631574869155884,True
6,1454,1784807984.1876876,8,0.01968526840209961,0.002460658550262451,True
6,1455,1784807984.208153,8,0.019093990325927734,0.002386748790740967,True
6,1456,1784807984.2280402,8,0.02141261100769043,0.0026765763759613037,True
6,1457,1784807984.2502518,8,0.018959522247314453,0.0023699402809143066,True
6,1458,1784807984.2700028,8,0.01901102066040039,0.002376377582550049,True
6,1459,1784807984.2894948,8,0.019972562789916992,0.002496570348739624,True
6,1460,1784807984.3098545,8,0.02049398422241211,0.0025617480278015137,True
6,1461,1784807984.3307624,8,0.020273923873901367,0.002534240484237671,True
6,1462,1784807984.351473,8,0.020475387573242188,0.0025594234466552734,True
6,1463,1784807984.373056,8,0.021122455596923828,0.0026403069496154785,True
6,1464,1784807984.3956778,8,0.02024388313293457,0.0025304853916168213,True
6,1465,1784807984.4164004,8,0.019758224487304688,0.002469778060913086,True
6,1466,1784807984.4366245,8,0.01976943016052246,0.0024711787700653076,True
6,1467,1784807984.4567337,8,0.020167112350463867,0.0025208890438079834,True
6,1468,1784807984.4772606,8,0.020536184310913086,0.0025670230388641357,True
6,1469,1784807984.49876,8,0.02023005485534668,0.002528756856918335,True
6,1470,1784807984.5194004,8,0.020804166793823242,0.0026005208492279053,True
6,1471,1784807984.5406883,8,0.0203092098236084,0.00253865122795105,True
6,1472,1784807984.561864,8,0.019744396209716797,0.0024680495262145996,True
6,1473,1784807984.582045,8,0.020389080047607422,0.0025486350059509277,True
6,1474,1784807984.6028879,8,0.020425796508789062,0.002553224563598633,True
6,1475,1784807984.6244953,8,0.02493000030517578,0.0031162500381469727,True
6,1476,1784807984.6501365,8,0.021434545516967773,0.0026793181896209717,True
6,1477,1784807984.6722138,8,0.019895076751708984,0.002486884593963623,True
6,1478,1784807984.6925535,8,0.02008056640625,0.00251007080078125,True
6,1479,1784807984.7133603,8,0.0212247371673584,0.0026530921459198,True
6,1480,1784807984.7351012,8,0.020450830459594727,0.002556353807449341,True
6,1481,1784807984.7559288,8,0.020454883575439453,0.0025568604469299316,True
6,1482,1784807984.7767143,8,0.019726276397705078,0.0024657845497131348,True
6,1483,1784807984.797156,8,0.02079463005065918,0.0025993287563323975,True
6,1484,1784807984.8185403,8,0.020296812057495117,0.0025371015071868896,True
6,1485,1784807984.8391492,8,0.020424604415893555,0.0025530755519866943,True
6,1486,1784807984.860072,8,0.019666194915771484,0.0024582743644714355,True
6,1487,1784807984.881055,8,0.02130436897277832,0.00266304612159729,True
6,1488,1784807984.9027667,8,0.021053552627563477,0.0026316940784454346,True
6,1489,1784807984.9241521,8,0.019768953323364258,0.0024711191654205322,True
6,1490,1784807984.9446652,8,0.021254539489746094,0.0026568174362182617,True
6,1491,1784807984.9663503,8,0.02113032341003418,0.0026412904262542725,True
6,1492,1784807984.9880748,8,0.020708322525024414,0.0025885403156280518,True
6,1493,1784807985.0092993,8,0.019443273544311523,0.0024304091930389404,True
6,1494,1784807985.0296683,8,0.021042346954345703,0.002630293369293213,True
6,1495,1784807985.0511427,8,0.021251201629638672,0.002656400203704834,True
6,1496,1784807985.0735369,8,0.022457599639892578,0.0028071999549865723,True
6,1497,1784807985.0973349,8,0.01867198944091797,0.002333998680114746,True
6,1498,1784807985.1164384,8,0.019985198974609375,0.002498149871826172,True
6,1499,1784807985.1376338,8,0.019489765167236328,0.002436220645904541,True
6,1500,1784807985.1574557,8,0.022714614868164062,0.002839326858520508,True
6,1501,1784807985.1804757,8,0.01962900161743164,0.002453625202178955,True
6,1502,1784807985.2004128,8,0.019792795181274414,0.0024740993976593018,True
6,1503,1784807985.2205205,8,0.02205348014831543,0.0027566850185394287,True
6,1504,1784807985.2430782,8,0.020446300506591797,0.0025557875633239746,True
6,1505,1784807985.2641284,8,0.01970696449279785,0.0024633705615997314,True
6,1506,1784807985.2847383,8,0.020078659057617188,0.0025098323822021484,True
6,1507,1784807985.3051207,8,0.02185845375061035,0.002732306718826294,True
6,1508,1784807985.3275595,8,0.01906275749206543,0.0023828446865081787,True
6,1509,1784807985.347144,8,0.019459962844848633,0.002432495355606079,True
6,1510,1784807985.36721,8,0.01930379867553711,0.0024129748344421387,True
6,1511,1784807985.3880854,8,0.018368244171142578,0.0022960305213928223,True
6,1512,1784807985.406869,8,0.019350051879882812,0.0024187564849853516,True
6,1513,1784807985.4267166,8,0.02020096778869629,0.002525120973587036,True
6,1514,1784807985.4474683,8,0.020411968231201172,0.0025514960289001465,True
6,1515,1784807985.4691415,8,0.018979549407958984,0.002372443675994873,True
6,1516,1784807985.4885075,8,0.019550323486328125,0.0024437904357910156,True
6,1517,1784807985.5089114,8,0.02194070816040039,0.002742588520050049,True
6,1518,1784807985.532623,8,0.019569873809814453,0.0024462342262268066,True
6,1519,1784807985.5525622,8,0.02048635482788086,0.0025607943534851074,True
6,1520,1784807985.5733812,8,0.019815921783447266,0.002476990222930908,True
6,1521,1784807985.593504,8,0.021444320678710938,0.002680540084838867,True
6,1522,1784807985.615403,8,0.020224571228027344,0.002528071403503418,True
6,1523,1784807985.6364675,8,0.019946813583374023,0.002493351697921753,True
6,1524,1784807985.6569042,8,0.019863128662109375,0.002482891082763672,True
6,1525,1784807985.6775463,8,0.02096247673034668,0.002620309591293335,True
6,1526,1784807985.698889,8,0.02036285400390625,0.0025453567504882812,True
6,1527,1784807985.7196603,8,0.0198061466217041,0.0024757683277130127,True
6,1528,1784807985.7398484,8,0.01981973648071289,0.0024774670600891113,True
6,1529,1784807985.761223,8,0.0203702449798584,0.0025462806224823,True
6,1530,1784807985.7825203,8,0.0202786922454834,0.002534836530685425,True
6,1531,1784807985.8032403,8,0.023801565170288086,0.0029751956462860107,True
6,1532,1784807985.830088,8,0.018991708755493164,0.0023739635944366455,True
6,1533,1784807985.8500352,8,0.021051645278930664,0.002631455659866333,True
6,1534,1784807985.8714638,8,0.02241992950439453,0.0028024911880493164,True
6,1535,1784807985.8948495,8,0.019885540008544922,0.0024856925010681152,True
6,1536,1784807985.91562,8,0.022480249404907227,0.0028100311756134033,True
6,1537,1784807985.9384325,8,0.02056431770324707,0.002570539712905884,True
6,1538,1784807985.9607656,8,0.01910257339477539,0.002387821674346924,True
6,1539,1784807985.9813182,8,0.0172579288482666,0.002157241106033325,True
6,1540,1784807985.9992523,8,0.02014327049255371,0.002517908811569214,True
6,1541,1784807986.0198994,8,0.019548416137695312,0.002443552017211914,True
6,1542,1784807986.0397458,8,0.020668745040893555,0.0025835931301116943,True
6,1543,1784807986.060793,8,0.01931929588317871,0.002414911985397339,True
6,1544,1784807986.0805523,8,0.020166873931884766,0.0025208592414855957,True
6,1545,1784807986.1010919,8,0.020369529724121094,0.0025461912155151367,True
6,1546,1784807986.1220508,8,0.019991397857666016,0.002498924732208252,True
6,1547,1784807986.142803,8,0.0202791690826416,0.0025348961353302,True
6,1548,1784807986.1635149,8,0.021908283233642578,0.0027385354042053223,True
6,1549,1784807986.1858032,8,0.021574735641479492,0.0026968419551849365,True
6,1550,1784807986.207711,8,0.01995849609375,0.00249481201171875,True
6,1551,1784807986.2280161,8,0.019745349884033203,0.0024681687355041504,True
6,1552,1784807986.2482793,8,0.021883010864257812,0.0027353763580322266,True
6,1553,1784807986.2705219,8,0.019408702850341797,0.0024260878562927246,True
6,1554,1784807986.290927,8,0.0218045711517334,0.002725571393966675,True
6,1555,1784807986.3130698,8,0.020590782165527344,0.002573847770690918,True
6,1556,1784807986.3339882,8,0.019749879837036133,0.0024687349796295166,True
6,1557,1784807986.3541017,8,0.020812034606933594,0.0026015043258666992,True
6,1558,1784807986.375234,8,0.019269466400146484,0.0024086833000183105,True
6,1559,1784807986.3948317,8,0.02293229103088379,0.0028665363788604736,True
6,1560,1784807986.4180794,8,0.022776365280151367,0.002847045660018921,True
6,1561,1784807986.4413362,8,0.019706010818481445,0.0024632513523101807,True
6,1562,1784807986.461358,8,0.020175457000732422,0.0025219321250915527,True
6,1563,1784807986.482075,8,0.019294023513793945,0.002411752939224243,True
6,1564,1784807986.502146,8,0.021144628524780273,0.002643078565597534,True
6,1565,1784807986.5241785,8,0.019025087356567383,0.002378135919570923,True
6,1566,1784807986.5438063,8,0.019917964935302734,0.002489745616912842,True
6,1567,1784807986.5655942,8,0.020860671997070312,0.002607583999633789,True
6,1568,1784807986.5868297,8,0.021762609481811523,0.0027203261852264404,True
6,1569,1784807986.6090467,8,0.01952672004699707,0.002440840005874634,True
6,1570,1784807986.6289477,8,0.019687652587890625,0.002460956573486328,True
6,1571,1784807986.649011,8,0.019931554794311523,0.0024914443492889404,True
6,1572,1784807986.669325,8,0.024788379669189453,0.0030985474586486816,True
6,1573,1784807986.69476,8,0.01987004280090332,0.002483755350112915,True
6,1574,1784807986.715055,8,0.02013850212097168,0.00251731276512146,True
6,1575,1784807986.7355337,8,0.02115035057067871,0.002643793821334839,True
6,1576,1784807986.7573166,8,0.0190732479095459,0.0023841559886932373,True
6,1577,1784807986.777092,8,0.022744178771972656,0.002843022346496582,True
6,1578,1784807986.8006165,8,0.019919633865356445,0.0024899542331695557,True
6,1579,1784807986.8213947,8,0.021223783493041992,0.002652972936630249,True
6,1580,1784807986.8433673,8,0.019362449645996094,0.0024203062057495117,True
6,1581,1784807986.8630579,8,0.019469738006591797,0.0024337172508239746,True
6,1582,1784807986.8829205,8,0.019593238830566406,0.0024491548538208008,True
6,1583,1784807986.9028866,8,0.019977092742919922,0.0024971365928649902,True
6,1584,1784807986.923281,8,0.0195314884185791,0.0024414360523223877,True
6,1585,1784807986.943233,8,0.02056741714477539,0.002570927143096924,True
6,1586,1784807986.9642687,8,0.021626710891723633,0.002703338861465454,True
6,1587,1784807986.9863162,8,0.019460439682006836,0.0024325549602508545,True
6,1588,1784807987.0061626,8,0.020165205001831055,0.002520650625228882,True
6,1589,1784807987.0268714,8,0.022584199905395508,0.0028230249881744385,True
6,1590,1784807987.0497692,8,0.01932978630065918,0.0024162232875823975,True
6,1591,1784807987.0694182,8,0.020429134368896484,0.0025536417961120605,True
6,1592,1784807987.0905638,8,0.020578622817993164,0.0025723278522491455,True
6,1593,1784807987.1115234,8,0.01830267906188965,0.002287834882736206,True
6,1594,1784807987.1301944,8,0.02015233039855957,0.0025190412998199463,True
6,1595,1784807987.1506107,8,0.020547866821289062,0.002568483352661133,True
6,1596,1784807987.1715317,8,0.02065134048461914,0.0025814175605773926,True
6,1597,1784807987.1924644,8,0.02047133445739746,0.0025589168071746826,True
6,1598,1784807987.2134378,8,0.020947694778442383,0.002618461847305298,True
6,1599,1784807987.2350774,8,0.019939422607421875,0.0024924278259277344,True
6,1600,1784807987.255501,8,0.021113872528076172,0.0026392340660095215,True
6,1601,1784807987.2769558,8,0.021547555923461914,0.0026934444904327393,True
6,1602,1784807987.2991858,8,0.01908135414123535,0.002385169267654419,True
6,1603,1784807987.3185928,8,0.019805431365966797,0.0024756789207458496,True
6,1604,1784807987.338745,8,0.021325111389160156,0.0026656389236450195,True
6,1605,1784807987.3604102,8,0.020665645599365234,0.0025832056999206543,True
6,1606,1784807987.3815267,8,0.019751548767089844,0.0024689435958862305,True
6,1607,1784807987.401728,8,0.01988506317138672,0.00248563289642334,True
6,1608,1784807987.4219935,8,0.0186460018157959,0.0023307502269744873,True
6,1609,1784807987.4410863,8,0.018728017807006836,0.0023410022258758545,True
6,1610,1784807987.4602187,8,0.020259857177734375,0.002532482147216797,True
6,1611,1784807987.4809356,8,0.01977825164794922,0.0024722814559936523,True
6,1612,1784807987.5011947,8,0.021279096603393555,0.0026598870754241943,True
6,1613,1784807987.5229034,8,0.01909804344177246,0.0023872554302215576,True
6,1614,1784807987.5427034,8,0.019768238067626953,0.002471029758453369,True
6,1615,1784807987.5631118,8,0.020421504974365234,0.0025526881217956543,True
6,1616,1784807987.5845616,8,0.02037334442138672,0.00254666805267334,True
6,1617,1784807987.6056795,8,0.019089698791503906,0.0023862123489379883,True
6,1618,1784807987.6253557,8,0.02069878578186035,0.002587348222732544,True
6,1619,1784807987.6464577,8,0.019130706787109375,0.002391338348388672,True
6,1620,1784807987.665961,8,0.019703388214111328,0.002462923526763916,True
6,1621,1784807987.685978,8,0.019341468811035156,0.0024176836013793945,True
6,1622,1784807987.705804,8,0.019257545471191406,0.0024071931838989258,True
6,1623,1784807987.7255092,8,0.01993727684020996,0.002492159605026245,True
6,1624,1784807987.745993,8,0.01963329315185547,0.0024541616439819336,True
6,1625,1784807987.7662532,8,0.02060413360595703,0.002575516700744629,True
6,1626,1784807987.7872713,8,0.019793272018432617,0.002474159002304077,True
6,1627,1784807987.8075495,8,0.019328594207763672,0.002416074275970459,True
6,1628,1784807987.8272908,8,0.021106481552124023,0.002638310194015503,True
6,1629,1784807987.848909,8,0.020300626754760742,0.0025375783443450928,True
6,1630,1784807987.8695283,8,0.020273208618164062,0.002534151077270508,True
6,1631,1784807987.8901207,8,0.021193504333496094,0.0026491880416870117,True
6,1632,1784807987.9116247,8,0.022616863250732422,0.0028271079063415527,True
6,1633,1784807987.9346159,8,0.018222570419311523,0.0022778213024139404,True
6,1634,1784807987.9532168,8,0.020360469818115234,0.0025450587272644043,True
6,1635,1784807987.9739249,8,0.021619558334350586,0.0027024447917938232,True
6,1636,1784807987.9958591,8,0.018513202667236328,0.002314150333404541,True
6,1637,1784807988.0147502,8,0.018656253814697266,0.002332031726837158,True
6,1638,1784807988.033797,8,0.02113628387451172,0.002642035484313965,True
6,1639,1784807988.055279,8,0.019178390502929688,0.002397298812866211,True
6,1640,1784807988.0747602,8,0.02059793472290039,0.002574741840362549,True
6,1641,1784807988.0957062,8,0.018952608108520508,0.0023690760135650635,True
6,1642,1784807988.1149828,8,0.020860671997070312,0.002607583999633789,True
6,1643,1784807988.136158,8,0.018672943115234375,0.002334117889404297,True
6,1644,1784807988.1552522,8,0.020895004272460938,0.002611875534057617,True
6,1645,1784807988.176533,8,0.020630359649658203,0.0025787949562072754,True
6,1646,1784807988.1974516,8,0.01903557777404785,0.0023794472217559814,True
6,1647,1784807988.216872,8,0.01981973648071289,0.0024774670600891113,True
6,1648,1784807988.2376142,8,0.021372318267822266,0.002671539783477783,True
6,1649,1784807988.2593813,8,0.018305540084838867,0.0022881925106048584,True
6,1650,1784807988.2780066,8,0.020616769790649414,0.0025770962238311768,True
6,1651,1784807988.2991617,8,0.01983046531677246,0.0024788081645965576,True
6,1652,1784807988.3194695,8,0.018748760223388672,0.002343595027923584,True
6,1653,1784807988.3385236,8,0.019162893295288086,0.0023953616619110107,True
6,1654,1784807988.3580706,8,0.020285606384277344,0.002535700798034668,True
6,1655,1784807988.3789046,8,0.019164562225341797,0.0023955702781677246,True
6,1656,1784807988.3983674,8,0.018179893493652344,0.002272486686706543,True
6,1657,1784807988.416969,8,0.019743919372558594,0.0024679899215698242,True
6,1658,1784807988.4371722,8,0.01940155029296875,0.0024251937866210938,True
6,1659,1784807988.4568472,8,0.020740270614624023,0.002592533826828003,True
6,1660,1784807988.4780982,8,0.019866943359375,0.002483367919921875,True
6,1661,1784807988.4985974,8,0.019301652908325195,0.0024127066135406494,True
6,1662,1784807988.518519,8,0.021807432174682617,0.002725929021835327,True
6,1663,1784807988.5406947,8,0.020813941955566406,0.0026017427444458008,True
6,1664,1784807988.5621219,8,0.019956111907958984,0.002494513988494873,True
6,1665,1784807988.582392,8,0.018836021423339844,0.0023545026779174805,True
6,1666,1784807988.6015103,8,0.02002263069152832,0.00250282883644104,True
6,1667,1784807988.6218724,8,0.022394418716430664,0.002799302339553833,True
6,1668,1784807988.6446757,8,0.021539688110351562,0.0026924610137939453,True
6,1669,1784807988.6666715,8,0.02022528648376465,0.002528160810470581,True
6,1670,1784807988.687246,8,0.022924184799194336,0.002865523099899292,True
6,1671,1784807988.7105644,8,0.020754575729370117,0.0025943219661712646,True
6,1672,1784807988.7316718,8,0.022046566009521484,0.0027558207511901855,True
6,1673,1784807988.7540765,8,0.020309925079345703,0.002538740634918213,True
6,1674,1784807988.7747102,8,0.018990278244018555,0.0023737847805023193,True
6,1675,1784807988.7942333,8,0.020298242568969727,0.002537280321121216,True
6,1676,1784807988.8149593,8,0.019199609756469727,0.002399951219558716,True
6,1677,1784807988.8346827,8,0.02046966552734375,0.0025587081909179688,True
6,1678,1784807988.8560605,8,0.023270845413208008,0.002908855676651001,True
6,1679,1784807988.8800538,8,0.019415855407714844,0.0024269819259643555,True
6,1680,1784807988.9001844,8,0.020729541778564453,0.0025911927223205566,True
6,1681,1784807988.921269,8,0.020918607711791992,0.002614825963973999,True
6,1682,1784807988.9425874,8,0.022350788116455078,0.0027938485145568848,True
6,1683,1784807988.9653761,8,0.018047094345092773,0.0022558867931365967,True
6,1684,1784807988.9837596,8,0.021974563598632812,0.0027468204498291016,True
6,1685,1784807989.0060387,8,0.02148890495300293,0.002686113119125366,True
6,1686,1784807989.0278082,8,0.019623517990112305,0.002452939748764038,True
6,1687,1784807989.048125,8,0.021078824996948242,0.0026348531246185303,True
6,1688,1784807989.070781,8,0.019701719284057617,0.002462714910507202,True
6,1689,1784807989.09104,8,0.02176499366760254,0.0027206242084503174,True
6,1690,1784807989.1137495,8,0.0197296142578125,0.0024662017822265625,True
6,1691,1784807989.1342049,8,0.020095109939575195,0.0025118887424468994,True
6,1692,1784807989.1546123,8,0.020142078399658203,0.0025177597999572754,True
6,1693,1784807989.175156,8,0.02160024642944336,0.00270003080368042,True
6,1694,1784807989.1975963,8,0.01998114585876465,0.002497643232345581,True
6,1695,1784807989.2184174,8,0.019623517990112305,0.002452939748764038,True
6,1696,1784807989.2385151,8,0.02054762840270996,0.002568453550338745,True
6,1697,1784807989.2597234,8,0.02110576629638672,0.00263822078704834,True
6,1698,1784807989.2818184,8,0.018730878829956055,0.002341359853744507,True
6,1699,1784807989.3009105,8,0.018764257431030273,0.002345532178878784,True
6,1700,1784807989.3202076,8,0.02110457420349121,0.0026380717754364014,True
6,1701,1784807989.3418121,8,0.018562793731689453,0.0023203492164611816,True
6,1702,1784807989.3626747,8,0.019363880157470703,0.002420485019683838,True
6,1703,1784807989.3840888,8,0.01960587501525879,0.0024507343769073486,True
6,1704,1784807989.4040964,8,0.020535707473754883,0.0025669634342193604,True
6,1705,1784807989.4257054,8,0.021246671676635742,0.0026558339595794678,True
6,1706,1784807989.4479482,8,0.02024245262145996,0.002530306577682495,True
6,1707,1784807989.4688344,8,0.018860340118408203,0.0023575425148010254,True
6,1708,1784807989.4900837,8,0.018667936325073242,0.0023334920406341553,True
6,1709,1784807989.5091782,8,0.019904613494873047,0.002488076686859131,True
6,1710,1784807989.5295298,8,0.018944740295410156,0.0023680925369262695,True
6,1711,1784807989.5491076,8,0.020501136779785156,0.0025626420974731445,True
6,1712,1784807989.57005,8,0.019829273223876953,0.002478659152984619,True
6,1713,1784807989.5910926,8,0.021455764770507812,0.0026819705963134766,True
6,1714,1784807989.6130934,8,0.021357297897338867,0.0026696622371673584,True
6,1715,1784807989.6363707,8,0.019222259521484375,0.002402782440185547,True
6,1716,1784807989.658964,8,0.020248889923095703,0.002531111240386963,True
6,1717,1784807989.679623,8,0.018627405166625977,0.002328425645828247,True
6,1718,1784807989.6986825,8,0.022196292877197266,0.002774536609649658,True
6,1719,1784807989.721649,8,0.021908998489379883,0.0027386248111724854,True
6,1720,1784807989.744396,8,0.02019190788269043,0.0025239884853363037,True
6,1721,1784807989.765729,8,0.02244281768798828,0.002805352210998535,True
6,1722,1784807989.7884855,8,0.01973724365234375,0.0024671554565429688,True
6,1723,1784807989.8089066,8,0.022417068481445312,0.002802133560180664,True
6,1724,1784807989.8316352,8,0.019855976104736328,0.002481997013092041,True
6,1725,1784807989.85245,8,0.02118539810180664,0.00264817476272583,True
6,1726,1784807989.874263,8,0.019242286682128906,0.0024052858352661133,True
6,1727,1784807989.8946788,8,0.019438505172729492,0.0024298131465911865,True
6,1728,1784807989.9149346,8,0.019919395446777344,0.002489924430847168,True
6,1729,1784807989.93536,8,0.02003622055053711,0.0025045275688171387,True
6,1730,1784807989.9557612,8,0.019011735916137695,0.002376466989517212,True
6,1731,1784807989.9756794,8,0.020268917083740234,0.0025336146354675293,True
6,1732,1784807989.9965343,8,0.019764184951782227,0.0024705231189727783,True
6,1733,1784807990.0166125,8,0.018743276596069336,0.002342909574508667,True
6,1734,1784807990.035688,8,0.020941734313964844,0.0026177167892456055,True
6,1735,1784807990.0572047,8,0.02137470245361328,0.00267183780670166,True
6,1736,1784807990.0794704,8,0.01952815055847168,0.00244101881980896,True
6,1737,1784807990.099472,8,0.01999044418334961,0.002498805522918701,True
6,1738,1784807990.1198735,8,0.022946834564208984,0.002868354320526123,True
6,1739,1784807990.1438036,8,0.01988387107849121,0.0024854838848114014,True
6,1740,1784807990.1652837,8,0.019016504287719727,0.002377063035964966,True
6,1741,1784807990.1846066,8,0.020180940628051758,0.0025226175785064697,True
6,1742,1784807990.2051618,8,0.02034163475036621,0.0025427043437957764,True
6,1743,1784807990.2259827,8,0.021851539611816406,0.0027314424514770508,True
6,1744,1784807990.2483532,8,0.01914381980895996,0.002392977476119995,True
6,1745,1784807990.268485,8,0.021468400955200195,0.0026835501194000244,True
6,1746,1784807990.2905812,8,0.01885533332824707,0.002356916666030884,True
6,1747,1784807990.3098524,8,0.019847631454467773,0.0024809539318084717,True
6,1748,1784807990.3301153,8,0.020875930786132812,0.0026094913482666016,True
6,1749,1784807990.3513222,8,0.018663644790649414,0.0023329555988311768,True
6,1750,1784807990.3703725,8,0.020089387893676758,0.0025111734867095947,True
6,1751,1784807990.3908024,8,0.020662546157836914,0.0025828182697296143,True
6,1752,1784807990.4121766,8,0.020795583724975586,0.0025994479656219482,True
6,1753,1784807990.4334154,8,0.02068638801574707,0.002585798501968384,True
6,1754,1784807990.454543,8,0.019044876098632812,0.0023806095123291016,True
6,1755,1784807990.4740803,8,0.019740819931030273,0.002467602491378784,True
6,1756,1784807990.4943264,8,0.020448923110961914,0.0025561153888702393,True
6,1757,1784807990.5156562,8,0.021281957626342773,0.0026602447032928467,True
6,1758,1784807990.537293,8,0.01832723617553711,0.0022909045219421387,True
6,1759,1784807990.5561583,8,0.019330978393554688,0.002416372299194336,True
6,1760,1784807990.5757852,8,0.02005290985107422,0.0025066137313842773,True
6,1761,1784807990.5962634,8,0.02006220817565918,0.0025077760219573975,True
6,1762,1784807990.6171749,8,0.02054882049560547,0.0025686025619506836,True
6,1763,1784807990.6380892,8,0.02013254165649414,0.0025165677070617676,True
6,1764,1784807990.6588976,8,0.019705533981323242,0.0024631917476654053,True
6,1765,1784807990.6791809,8,0.019743919372558594,0.0024679899215698242,True
6,1766,1784807990.7003005,8,0.02035045623779297,0.002543807029724121,True
6,1767,1784807990.721631,8,0.020937681198120117,0.0026172101497650146,True
6,1768,1784807990.7432644,8,0.0180056095123291,0.0022507011890411377,True
6,1769,1784807990.7622437,8,0.02131032943725586,0.0026637911796569824,True
6,1770,1784807990.7846878,8,0.01972794532775879,0.0024659931659698486,True
6,1771,1784807990.804786,8,0.018959999084472656,0.002369999885559082,True
6,1772,1784807990.8245041,8,0.02029109001159668,0.002536386251449585,True
6,1773,1784807990.845289,8,0.019567489624023438,0.0024459362030029297,True
6,1774,1784807990.8652291,8,0.019221067428588867,0.0024026334285736084,True
6,1775,1784807990.8849096,8,0.019433259963989258,0.0024291574954986572,True
6,1776,1784807990.9049325,8,0.0207669734954834,0.002595871686935425,True
6,1777,1784807990.9263096,8,0.01794123649597168,0.00224265456199646,True
6,1778,1784807990.9447458,8,0.021033525466918945,0.002629190683364868,True
6,1779,1784807990.9663832,8,0.018887996673583984,0.002360999584197998,True
6,1780,1784807990.985976,8,0.0213162899017334,0.002664536237716675,True
6,1781,1784807991.0077984,8,0.01998615264892578,0.0024982690811157227,True
6,1782,1784807991.0282116,8,0.0194244384765625,0.0024280548095703125,True
6,1783,1784807991.0480843,8,0.02205634117126465,0.002757042646408081,True
6,1784,1784807991.0709374,8,0.020234346389770508,0.0025292932987213135,True
6,1785,1784807991.0914862,8,0.018707752227783203,0.0023384690284729004,True
6,1786,1784807991.1105583,8,0.019307613372802734,0.002413451671600342,True
6,1787,1784807991.1314025,8,0.018735885620117188,0.0023419857025146484,True
6,1788,1784807991.1506875,8,0.022150516510009766,0.0027688145637512207,True
6,1789,1784807991.173308,8,0.018924236297607422,0.0023655295372009277,True
6,1790,1784807991.1926277,8,0.02090620994567871,0.002613276243209839,True
6,1791,1784807991.2141795,8,0.019183635711669922,0.0023979544639587402,True
6,1792,1784807991.2338207,8,0.018903017044067383,0.002362877130508423,True
6,1793,1784807991.2532616,8,0.019803285598754883,0.0024754106998443604,True
6,1794,1784807991.274193,8,0.018801450729370117,0.0023501813411712646,True
6,1795,1784807991.293484,8,0.02040410041809082,0.0025505125522613525,True
6,1796,1784807991.3146746,8,0.019882678985595703,0.002485334873199463,True
6,1797,1784807991.334993,8,0.01938796043395996,0.002423495054244995,True
6,1798,1784807991.3553445,8,0.02021479606628418,0.0025268495082855225,True
6,1799,1784807991.3763387,8,0.019150257110595703,0.002393782138824463,True
6,1800,1784807991.3959303,8,0.01954174041748047,0.0024427175521850586,True
6,1801,1784807991.4158835,8,0.01986861228942871,0.002483576536178589,True
6,1802,1784807991.4361186,8,0.019737720489501953,0.002467215061187744,True
6,1803,1784807991.4567761,8,0.019282817840576172,0.0024103522300720215,True
6,1804,1784807991.4765265,8,0.018456220626831055,0.002307027578353882,True
6,1805,1784807991.4952965,8,0.019586563110351562,0.0024483203887939453,True
6,1806,1784807991.5154064,8,0.019382238388061523,0.0024227797985076904,True
6,1807,1784807991.535147,8,0.019258499145507812,0.0024073123931884766,True
6,1808,1784807991.5547163,8,0.020709514617919922,0.0025886893272399902,True
6,1809,1784807991.5759203,8,0.020507097244262695,0.002563387155532837,True
6,1810,1784807991.5969005,8,0.023056507110595703,0.002882063388824463,True
6,1811,1784807991.620902,8,0.01988959312438965,0.002486199140548706,True
6,1812,1784807991.641237,8,0.019547462463378906,0.0024434328079223633,True
6,1813,1784807991.6612897,8,0.01998305320739746,0.0024978816509246826,True
6,1814,1784807991.6816514,8,0.01886773109436035,0.002358466386795044,True
6,1815,1784807991.7022026,8,0.02019786834716797,0.002524733543395996,True
6,1816,1784807991.7227347,8,0.019604206085205078,0.0024505257606506348,True
6,1817,1784807991.7426934,8,0.019138813018798828,0.0023923516273498535,True
6,1818,1784807991.762248,8,0.020596742630004883,0.0025745928287506104,True
6,1819,1784807991.7832682,8,0.019717931747436523,0.0024647414684295654,True
6,1820,1784807991.803271,8,0.02115011215209961,0.002643764019012451,True
6,1821,1784807991.8247535,8,0.020431995391845703,0.002553999423980713,True
6,1822,1784807991.8457048,8,0.021543025970458984,0.002692878246307373,True
6,1823,1784807991.8676395,8,0.019010543823242188,0.0023763179779052734,True
6,1824,1784807991.887004,8,0.018732547760009766,0.0023415684700012207,True
6,1825,1784807991.9060416,8,0.022176265716552734,0.002772033214569092,True
6,1826,1784807991.928835,8,0.01862335205078125,0.0023279190063476562,True
6,1827,1784807991.947921,8,0.019648075103759766,0.0024560093879699707,True
6,1828,1784807991.968486,8,0.018758773803710938,0.002344846725463867,True
6,1829,1784807991.9878435,8,0.020629405975341797,0.0025786757469177246,True
6,1830,1784807992.0089717,8,0.019677162170410156,0.0024596452713012695,True
6,1831,1784807992.0291097,8,0.019676923751831055,0.002459615468978882,True
6,1832,1784807992.049111,8,0.02070927619934082,0.0025886595249176025,True
6,1833,1784807992.070274,8,0.019669294357299805,0.0024586617946624756,True
6,1834,1784807992.0904548,8,0.0197756290435791,0.0024719536304473877,True
6,1835,1784807992.1108265,8,0.018702030181884766,0.0023377537727355957,True
6,1836,1784807992.12991,8,0.019411563873291016,0.002426445484161377,True
6,1837,1784807992.149823,8,0.01895928382873535,0.002369910478591919,True
6,1838,1784807992.169292,8,0.023136377334594727,0.002892047166824341,True
6,1839,1784807992.1938908,8,0.018375396728515625,0.002296924591064453,True
6,1840,1784807992.2126446,8,0.01897883415222168,0.00237235426902771,True
6,1841,1784807992.232137,8,0.019800901412963867,0.0024751126766204834,True
6,1842,1784807992.2526834,8,0.022376060485839844,0.0027970075607299805,True
6,1843,1784807992.275345,8,0.020282506942749023,0.002535313367843628,True
6,1844,1784807992.2962105,8,0.018768310546875,0.002346038818359375,True
6,1845,1784807992.31531,8,0.019693613052368164,0.0024617016315460205,True
6,1846,1784807992.3353016,8,0.019823074340820312,0.002477884292602539,True
6,1847,1784807992.3557084,8,0.019654512405395508,0.0024568140506744385,True
6,1848,1784807992.375833,8,0.019902944564819336,0.002487868070602417,True
6,1849,1784807992.3963127,8,0.01774764060974121,0.0022184550762176514,True
6,1850,1784807992.4143395,8,0.018885374069213867,0.0023606717586517334,True
6,1851,1784807992.4335306,8,0.019659042358398438,0.0024573802947998047,True
6,1852,1784807992.4535496,8,0.019180774688720703,0.002397596836090088,True
6,1853,1784807992.4731684,8,0.020070314407348633,0.002508789300918579,True
6,1854,1784807992.4936187,8,0.01981520652770996,0.002476900815963745,True
6,1855,1784807992.5144026,8,0.018615007400512695,0.002326875925064087,True
6,1856,1784807992.5344815,8,0.020195960998535156,0.0025244951248168945,True
6,1857,1784807992.555242,8,0.01962113380432129,0.002452641725540161,True
6,1858,1784807992.5754259,8,0.01897716522216797,0.002372145652770996,True
6,1859,1784807992.5950615,8,0.02015542984008789,0.0025194287300109863,True
6,1860,1784807992.615552,8,0.0203244686126709,0.0025405585765838623,True
6,1861,1784807992.6362655,8,0.01862788200378418,0.0023284852504730225,True
6,1862,1784807992.6562417,8,0.01938796043395996,0.002423495054244995,True
6,1863,1784807992.6760874,8,0.019066810607910156,0.0023833513259887695,True
6,1864,1784807992.6954622,8,0.022281408309936523,0.0027851760387420654,True
6,1865,1784807992.718067,8,0.01830148696899414,0.0022876858711242676,True
6,1866,1784807992.7366858,8,0.020580530166625977,0.002572566270828247,True
6,1867,1784807992.7576842,8,0.021193504333496094,0.0026491880416870117,True
6,1868,1784807992.779588,8,0.020006656646728516,0.0025008320808410645,True
6,1869,1784807992.8008006,8,0.02096271514892578,0.0026203393936157227,True
6,1870,1784807992.8221097,8,0.020503997802734375,0.002562999725341797,True
6,1871,1784807992.8430955,8,0.02181553840637207,0.002726942300796509,True
6,1872,1784807992.8652277,8,0.01888585090637207,0.002360731363296509,True
6,1873,1784807992.8861248,8,0.019344806671142578,0.0024181008338928223,True
6,1874,1784807992.9065483,8,0.018819332122802734,0.002352416515350342,True
6,1875,1784807992.9257782,8,0.019013166427612305,0.002376645803451538,True
6,1876,1784807992.9459383,8,0.019506216049194336,0.002438277006149292,True
6,1877,1784807992.9658675,8,0.018316984176635742,0.0022896230220794678,True
6,1878,1784807992.9849153,8,0.02150559425354004,0.002688199281692505,True
6,1879,1784807993.0068798,8,0.019867897033691406,0.0024834871292114258,True
6,1880,1784807993.027053,8,0.02045583724975586,0.0025569796562194824,True
6,1881,1784807993.0487893,8,0.021757125854492188,0.0027196407318115234,True
6,1882,1784807993.0713909,8,0.0207979679107666,0.002599745988845825,True
6,1883,1784807993.0928824,8,0.018892288208007812,0.0023615360260009766,True
6,1884,1784807993.1125157,8,0.021098852157592773,0.0026373565196990967,True
6,1885,1784807993.1339579,8,0.019008636474609375,0.002376079559326172,True
6,1886,1784807993.1533165,8,0.01969599723815918,0.0024619996547698975,True
6,1887,1784807993.1734607,8,0.020999670028686523,0.0026249587535858154,True
6,1888,1784807993.1976097,8,0.01814579963684082,0.0022682249546051025,True
6,1889,1784807993.216203,8,0.02132391929626465,0.002665489912033081,True
6,1890,1784807993.238343,8,0.020189762115478516,0.0025237202644348145,True
6,1891,1784807993.2596593,8,0.018988609313964844,0.0023735761642456055,True
6,1892,1784807993.280584,8,0.02104783058166504,0.00263097882270813,True
6,1893,1784807993.3022537,8,0.020598649978637695,0.002574831247329712,True
6,1894,1784807993.3262131,8,0.012463808059692383,0.0015579760074615479,True
6,1895,1784807993.3432274,8,0.011660575866699219,0.0014575719833374023,True
6,1896,1784807993.3551815,8,0.019197702407836914,0.0023997128009796143,True
6,1897,1784807993.3765097,8,0.0193941593170166,0.002424269914627075,True
6,1898,1784807993.3971717,8,0.020985841751098633,0.002623230218887329,True
6,1899,1784807993.4189918,8,0.019778728485107422,0.0024723410606384277,True
6,1900,1784807993.4409213,8,0.020154953002929688,0.002519369125366211,True
6,1901,1784807993.4613447,8,0.021155834197998047,0.002644479274749756,True
6,1902,1784807993.484268,8,0.020051956176757812,0.0025064945220947266,True
6,1903,1784807993.5046837,8,0.020890235900878906,0.0026112794876098633,True
6,1904,1784807993.5266595,8,0.021044492721557617,0.002630561590194702,True
6,1905,1784807993.5483181,8,0.021569490432739258,0.0026961863040924072,True
6,1906,1784807993.570347,8,0.020366430282592773,0.0025458037853240967,True
6,1907,1784807993.5911987,8,0.019847393035888672,0.002480924129486084,True
6,1908,1784807993.6114695,8,0.021177053451538086,0.0026471316814422607,True
6,1909,1784807993.633172,8,0.019389867782592773,0.0024237334728240967,True
6,1910,1784807993.6533115,8,0.018502473831176758,0.0023128092288970947,True
6,1911,1784807993.6726596,8,0.019672155380249023,0.002459019422531128,True
6,1912,1784807993.6928906,8,0.019588232040405273,0.002448529005050659,True
6,1913,1784807993.713149,8,0.021061420440673828,0.0026326775550842285,True
6,1914,1784807993.7349675,8,0.01943063735961914,0.0024288296699523926,True
6,1915,1784807993.7554793,8,0.020145893096923828,0.0025182366371154785,True
6,1916,1784807993.7762105,8,0.021167755126953125,0.0026459693908691406,True
6,1917,1784807993.798524,8,0.019092798233032227,0.0023865997791290283,True
6,1918,1784807993.8179975,8,0.018783092498779297,0.002347886562347412,True
6,1919,1784807993.8387654,8,0.019252777099609375,0.002406597137451172,True
6,1920,1784807993.8592558,8,0.020541906356811523,0.0025677382946014404,True
6,1921,1784807993.880414,8,0.019344568252563477,0.0024180710315704346,True
6,1922,1784807993.9001153,8,0.021759748458862305,0.002719968557357788,True
6,1923,1784807993.9225214,8,0.020550251007080078,0.0025687813758850098,True
6,1924,1784807993.9435554,8,0.019280672073364258,0.0024100840091705322,True
6,1925,1784807993.9635441,8,0.01973247528076172,0.002466559410095215,True
6,1926,1784807993.9836435,8,0.021199464797973633,0.002649933099746704,True
6,1927,1784807994.0058823,8,0.019284725189208984,0.002410590648651123,True
6,1928,1784807994.0261421,8,0.020099163055419922,0.0025123953819274902,True
6,1929,1784807994.0491457,8,0.019080638885498047,0.002385079860687256,True
6,1930,1784807994.0688338,8,0.020246505737304688,0.002530813217163086,True
6,1931,1784807994.0902185,8,0.020957231521606445,0.0026196539402008057,True
6,1932,1784807994.1117322,8,0.01905083656311035,0.002381354570388794,True
6,1933,1784807994.1319885,8,0.021421194076538086,0.0026776492595672607,True
6,1934,1784807994.1541455,8,0.01956963539123535,0.002446204423904419,True
6,1935,1784807994.1741433,8,0.01985788345336914,0.0024822354316711426,True
6,1936,1784807994.1944828,8,0.02224588394165039,0.002780735492706299,True
6,1937,1784807994.2179348,8,0.017377138137817383,0.002172142267227173,True
6,1938,1784807994.2359126,8,0.019544601440429688,0.002443075180053711,True
6,1939,1784807994.256091,8,0.020473957061767578,0.0025592446327209473,True
6,1940,1784807994.2769315,8,0.01837444305419922,0.0022968053817749023,True
6,1941,1784807994.2957056,8,0.0211331844329834,0.002641648054122925,True
6,1942,1784807994.317901,8,0.020861387252807617,0.002607673406600952,True
6,1943,1784807994.339271,8,0.020428180694580078,0.0025535225868225098,True
6,1944,1784807994.3602,8,0.01860189437866211,0.0023252367973327637,True
6,1945,1784807994.3794534,8,0.020212411880493164,0.0025265514850616455,True
6,1946,1784807994.4000602,8,0.01941084861755371,0.002426356077194214,True
6,1947,1784807994.4199824,8,0.020718812942504883,0.0025898516178131104,True
6,1948,1784807994.4411283,8,0.020925045013427734,0.002615630626678467,True
6,1949,1784807994.4626515,8,0.020409584045410156,0.0025511980056762695,True
6,1950,1784807994.4834704,8,0.02045583724975586,0.0025569796562194824,True
6,1951,1784807994.5048833,8,0.0204617977142334,0.002557724714279175,True
6,1952,1784807994.5261178,8,0.02048039436340332,0.002560049295425415,True
6,1953,1784807994.5483298,8,0.019740581512451172,0.0024675726890563965,True
6,1954,1784807994.5690172,8,0.021371841430664062,0.002671480178833008,True
6,1955,1784807994.5908813,8,0.020586013793945312,0.002573251724243164,True
6,1956,1784807994.6123512,8,0.019988059997558594,0.0024985074996948242,True
6,1957,1784807994.632829,8,0.020156383514404297,0.002519547939300537,True
6,1958,1784807994.6534708,8,0.01944112777709961,0.002430140972137451,True
6,1959,1784807994.673937,8,0.02012801170349121,0.0025160014629364014,True
6,1960,1784807994.694704,8,0.02088618278503418,0.0026107728481292725,True
6,1961,1784807994.7166898,8,0.01866912841796875,0.0023336410522460938,True
6,1962,1784807994.7357495,8,0.02021932601928711,0.0025274157524108887,True
6,1963,1784807994.7566824,8,0.01892256736755371,0.002365320920944214,True
6,1964,1784807994.7763941,8,0.020137548446655273,0.002517193555831909,True
6,1965,1784807994.7968948,8,0.019962549209594727,0.002495318651199341,True
6,1966,1784807994.8173435,8,0.0203702449798584,0.0025462806224823,True
6,1967,1784807994.838233,8,0.01894998550415039,0.002368748188018799,True
6,1968,1784807994.857745,8,0.019666433334350586,0.0024583041667938232,True
6,1969,1784807994.8780618,8,0.01892256736755371,0.002365320920944214,True
6,1970,1784807994.8973083,8,0.01946258544921875,0.0024328231811523438,True
6,1971,1784807994.9173973,8,0.02139902114868164,0.002674877643585205,True
6,1972,1784807994.9393833,8,0.020624160766601562,0.0025780200958251953,True
6,1973,1784807994.9603727,8,0.020721435546875,0.002590179443359375,True
6,1974,1784807994.9815602,8,0.018908023834228516,0.0023635029792785645,True
6,1975,1784807995.0007756,8,0.020241975784301758,0.0025302469730377197,True
6,1976,1784807995.021502,8,0.019431352615356445,0.0024289190769195557,True
6,1977,1784807995.041292,8,0.02445077896118164,0.003056347370147705,True
6,1978,1784807995.0668788,8,0.015920400619506836,0.0019900500774383545,True
6,1979,1784807995.0834107,8,0.020108938217163086,0.0025136172771453857,True
6,1980,1784807995.1038942,8,0.020734548568725586,0.0025918185710906982,True
6,1981,1784807995.1251264,8,0.021307706832885742,0.0026634633541107178,True
6,1982,1784807995.1467419,8,0.019968032836914062,0.002496004104614258,True
6,1983,1784807995.1677558,8,0.017916440963745117,0.0022395551204681396,True
6,1984,1784807995.186053,8,0.0207059383392334,0.002588242292404175,True
6,1985,1784807995.2071621,8,0.020659685134887695,0.002582460641860962,True
6,1986,1784807995.228349,8,0.018451690673828125,0.0023064613342285156,True
6,1987,1784807995.2472641,8,0.01823902130126953,0.0022798776626586914,True
6,1988,1784807995.2664049,8,0.020462989807128906,0.0025578737258911133,True
6,1989,1784807995.2873144,8,0.01816844940185547,0.0022710561752319336,True
6,1990,1784807995.3058763,8,0.021359682083129883,0.0026699602603912354,True
6,1991,1784807995.3286664,8,0.02175736427307129,0.002719670534133911,True
6,1992,1784807995.3508453,8,0.021001100540161133,0.0026251375675201416,True
6,1993,1784807995.3743615,8,0.02048015594482422,0.0025600194931030273,True
6,1994,1784807995.395334,8,0.019740819931030273,0.002467602491378784,True
6,1995,1784807995.415441,8,0.02007460594177246,0.0025093257427215576,True
6,1996,1784807995.4358938,8,0.019919633865356445,0.0024899542331695557,True
6,1997,1784807995.4569964,8,0.019254684448242188,0.0024068355560302734,True
6,1998,1784807995.4765944,8,0.021722078323364258,0.0027152597904205322,True
6,1999,1784807995.498946,8,0.021144390106201172,0.0026430487632751465,True
6,2000,1784807995.5205247,8,0.01905226707458496,0.00238153338432312,True
6,2001,1784807995.540186,8,0.020874500274658203,0.0026093125343322754,True
6,2002,1784807995.5615065,8,0.020274639129638672,0.002534329891204834,True
6,2003,1784807995.5831742,8,0.01779770851135254,0.0022247135639190674,True
6,2004,1784807995.6016793,8,0.02207636833190918,0.0027595460414886475,True
6,2005,1784807995.6241736,8,0.021101713180541992,0.002637714147567749,True
6,2006,1784807995.6485145,8,0.017845869064331055,0.002230733633041382,True
6,2007,1784807995.66806,8,0.02112293243408203,0.002640366554260254,True
6,2008,1784807995.6897118,8,0.01985025405883789,0.0024812817573547363,True
6,2009,1784807995.7100205,8,0.018671274185180664,0.002333909273147583,True
6,2010,1784807995.7291794,8,0.02012181282043457,0.0025152266025543213,True
6,2011,1784807995.7497816,8,0.022549867630004883,0.0028187334537506104,True
6,2012,1784807995.7730377,8,0.018903493881225586,0.0023629367351531982,True
6,2013,1784807995.7934842,8,0.020110368728637695,0.002513796091079712,True
6,2014,1784807995.8145454,8,0.02039027214050293,0.002548784017562866,True
6,2015,1784807995.8353565,8,0.02053380012512207,0.002566725015640259,True
6,2016,1784807995.8563704,8,0.018509626388549805,0.0023137032985687256,True
6,2017,1784807995.8752563,8,0.019974231719970703,0.002496778964996338,True
6,2018,1784807995.8958058,8,0.020883560180664062,0.002610445022583008,True
6,2019,1784807995.917112,8,0.02070307731628418,0.0025878846645355225,True
6,2020,1784807995.938271,8,0.02291727066040039,0.002864658832550049,True
6,2021,1784807995.9629936,8,0.020342350006103516,0.0025427937507629395,True
6,2022,1784807995.983785,8,0.019976377487182617,0.002497047185897827,True
6,2023,1784807996.0043852,8,0.018823623657226562,0.0023529529571533203,True
6,2024,1784807996.0236793,8,0.021489858627319336,0.002686232328414917,True
6,2025,1784807996.0457518,8,0.020857810974121094,0.0026072263717651367,True
6,2026,1784807996.066956,8,0.020773649215698242,0.0025967061519622803,True
6,2027,1784807996.088171,8,0.024371623992919922,0.0030464529991149902,True
6,2028,1784807996.1129973,8,0.019046545028686523,0.0023808181285858154,True
6,2029,1784807996.1328092,8,0.019510984420776367,0.002438873052597046,True
6,2030,1784807996.1527152,8,0.019611597061157227,0.0024514496326446533,True
6,2031,1784807996.1727307,8,0.019843578338623047,0.002480447292327881,True
6,2032,1784807996.193128,8,0.020622730255126953,0.002577841281890869,True
6,2033,1784807996.2143328,8,0.02293229103088379,0.0028665363788604736,True
6,2034,1784807996.2377694,8,0.019526958465576172,0.0024408698081970215,True
6,2035,1784807996.2578301,8,0.02052021026611328,0.00256502628326416,True
6,2036,1784807996.2787554,8,0.020658254623413086,0.0025822818279266357,True
6,2037,1784807996.2997732,8,0.022351980209350586,0.0027939975261688232,True
6,2038,1784807996.3227365,8,0.020042896270751953,0.002505362033843994,True
6,2039,1784807996.3431876,8,0.0210723876953125,0.0026340484619140625,True
6,2040,1784807996.3646686,8,0.020531177520751953,0.002566397190093994,True
6,2041,1784807996.386213,8,0.02105402946472168,0.00263175368309021,True
6,2042,1784807996.4078786,8,0.019290447235107422,0.0024113059043884277,True
6,2043,1784807996.4284914,8,0.018897533416748047,0.002362191677093506,True
6,2044,1784807996.4479792,8,0.019321918487548828,0.0024152398109436035,True
6,2045,1784807996.4693437,8,0.019553661346435547,0.0024442076683044434,True
6,2046,1784807996.4895742,8,0.020522117614746094,0.0025652647018432617,True
6,2047,1784807996.510612,8,0.01943683624267578,0.0024296045303344727,True
6,2048,1784807996.5307972,8,0.0195157527923584,0.0024394690990448,True
6,2049,1784807996.5509431,8,0.01967000961303711,0.0024587512016296387,True
6,2050,1784807996.5715036,8,0.021049976348876953,0.002631247043609619,True
6,2051,1784807996.5929976,8,0.020259380340576172,0.0025324225425720215,True
6,2052,1784807996.6135488,8,0.020760536193847656,0.002595067024230957,True
6,2053,1784807996.634758,8,0.02042698860168457,0.0025533735752105713,True
6,2054,1784807996.6556487,8,0.020526885986328125,0.0025658607482910156,True
6,2055,1784807996.6766253,8,0.02118086814880371,0.002647608518600464,True
6,2056,1784807996.6982615,8,0.02043008804321289,0.0025537610054016113,True
6,2057,1784807996.719566,8,0.020632028579711914,0.0025790035724639893,True
6,2058,1784807996.7406878,8,0.02017688751220703,0.002522110939025879,True
6,2059,1784807996.7612555,8,0.01989912986755371,0.002487391233444214,True
6,2060,1784807996.7815785,8,0.020507097244262695,0.002563387155532837,True
6,2061,1784807996.8029747,8,0.018980979919433594,0.0023726224899291992,True
6,2062,1784807996.8225348,8,0.024596452713012695,0.003074556589126587,True
6,2063,1784807996.8474588,8,0.01815938949584961,0.002269923686981201,True
6,2064,1784807996.8660767,8,0.020247697830200195,0.0025309622287750244,True
6,2065,1784807996.8868191,8,0.021068096160888672,0.002633512020111084,True
6,2066,1784807996.9086366,8,0.01982402801513672,0.00247800350189209,True
6,2067,1784807996.9288356,8,0.018297672271728516,0.0022872090339660645,True
6,2068,1784807996.9474368,8,0.020713090896606445,0.0025891363620758057,True
6,2069,1784807996.968454,8,0.020373106002807617,0.002546638250350952,True
6,2070,1784807996.9895353,8,0.020369768142700195,0.0025462210178375244,True
6,2071,1784807997.0105968,8,0.019658803939819336,0.002457350492477417,True
6,2072,1784807997.0306833,8,0.019277095794677734,0.002409636974334717,True
6,2073,1784807997.050545,8,0.02053666114807129,0.002567082643508911,True
6,2074,1784807997.0714452,8,0.020055055618286133,0.0025068819522857666,True
6,2075,1784807997.091925,8,0.019815444946289062,0.002476930618286133,True
6,2076,1784807997.1121957,8,0.020534276962280273,0.002566784620285034,True
6,2077,1784807997.133188,8,0.019160985946655273,0.002395123243331909,True
6,2078,1784807997.1529124,8,0.019868850708007812,0.0024836063385009766,True
6,2079,1784807997.1734924,8,0.020572662353515625,0.002571582794189453,True
6,2080,1784807997.1948478,8,0.020572185516357422,0.0025715231895446777,True
6,2081,1784807997.2157557,8,0.019460678100585938,0.002432584762573242,True
6,2082,1784807997.2357924,8,0.019611120223999023,0.002451390027999878,True
6,2083,1784807997.256201,8,0.020233154296875,0.002529144287109375,True
6,2084,1784807997.2769122,8,0.019317150115966797,0.0024146437644958496,True
6,2085,1784807997.2966034,8,0.020316362380981445,0.0025395452976226807,True
6,2086,1784807997.3173249,8,0.02052903175354004,0.002566128969192505,True
6,2087,1784807997.3396213,8,0.019319772720336914,0.0024149715900421143,True
6,2088,1784807997.359391,8,0.01871204376220703,0.002339005470275879,True
6,2089,1784807997.378667,8,0.021321773529052734,0.002665221691131592,True
6,2090,1784807997.400429,8,0.018306493759155273,0.002288311719894409,True
6,2091,1784807997.4191017,8,0.02219843864440918,0.0027748048305511475,True
6,2092,1784807997.441679,8,0.01865863800048828,0.002332329750061035,True
6,2093,1784807997.4607997,8,0.020670413970947266,0.002583801746368408,True
6,2094,1784807997.4823797,8,0.01968669891357422,0.0024608373641967773,True
6,2095,1784807997.503872,8,0.01845073699951172,0.002306342124938965,True
6,2096,1784807997.5227547,8,0.022312641143798828,0.0027890801429748535,True
6,2097,1784807997.5457497,8,0.02053093910217285,0.0025663673877716064,True
6,2098,1784807997.5671163,8,0.01876997947692871,0.002346247434616089,True
6,2099,1784807997.5861635,8,0.0194547176361084,0.00243183970451355,True
6,2100,1784807997.6066732,8,0.01951909065246582,0.0024398863315582275,True
6,2101,1784807997.6265433,8,0.019953489303588867,0.0024941861629486084,True
6,2102,1784807997.6468499,8,0.018948078155517578,0.0023685097694396973,True
6,2103,1784807997.66612,8,0.02057623863220215,0.0025720298290252686,True
6,2104,1784807997.6873913,8,0.020457983016967773,0.0025572478771209717,True
6,2105,1784807997.7082658,8,0.018511295318603516,0.0023139119148254395,True
6,2106,1784807997.727181,8,0.019644737243652344,0.002455592155456543,True
6,2107,1784807997.7473445,8,0.021074295043945312,0.002634286880493164,True
6,2108,1784807997.768735,8,0.019060611724853516,0.0023825764656066895,True
6,2109,1784807997.7881377,8,0.0198516845703125,0.0024814605712890625,True
6,2110,1784807997.8083527,8,0.020183801651000977,0.002522975206375122,True
6,2111,1784807997.8288813,8,0.018906593322753906,0.0023633241653442383,True
6,2112,1784807997.849333,8,0.021325349807739258,0.0026656687259674072,True
6,2113,1784807997.8712595,8,0.019506216049194336,0.002438277006149292,True
6,2114,1784807997.8919654,8,0.020505189895629883,0.0025631487369537354,True
6,2115,1784807997.9128897,8,0.019505023956298828,0.0024381279945373535,True
6,2116,1784807997.9334369,8,0.019001245498657227,0.0023751556873321533,True
6,2117,1784807997.9529574,8,0.020380735397338867,0.0025475919246673584,True
6,2118,1784807997.9737868,8,0.020846843719482422,0.0026058554649353027,True
6,2119,1784807997.9950867,8,0.018337249755859375,0.002292156219482422,True
6,2120,1784807998.0149353,8,0.01926445960998535,0.002408057451248169,True
6,2121,1784807998.0347962,8,0.020615100860595703,0.002576887607574463,True
6,2122,1784807998.0557125,8,0.02012777328491211,0.0025159716606140137,True
6,2123,1784807998.076172,8,0.018904924392700195,0.0023631155490875244,True
6,2124,1784807998.0953724,8,0.019275188446044922,0.0024093985557556152,True
6,2125,1784807998.1157398,8,0.01985788345336914,0.0024822354316711426,True
6,2126,1784807998.1359637,8,0.018787622451782227,0.0023484528064727783,True
6,2127,1784807998.15529,8,0.018213272094726562,0.0022766590118408203,True
6,2128,1784807998.1738327,8,0.021418094635009766,0.0026772618293762207,True
6,2129,1784807998.1956928,8,0.02022838592529297,0.002528548240661621,True
6,2130,1784807998.2163622,8,0.021463394165039062,0.002682924270629883,True
6,2131,1784807998.2383852,8,0.019200801849365234,0.0024001002311706543,True
6,2132,1784807998.2578595,8,0.019115209579467773,0.0023894011974334717,True
6,2133,1784807998.2773995,8,0.019339799880981445,0.0024174749851226807,True
6,2134,1784807998.2972016,8,0.018199443817138672,0.002274930477142334,True
6,2135,1784807998.3157182,8,0.019720077514648438,0.0024650096893310547,True
6,2136,1784807998.3358612,8,0.019733190536499023,0.002466648817062378,True
6,2137,1784807998.3561075,8,0.019315242767333984,0.002414405345916748,True
6,2138,1784807998.375794,8,0.021335840225219727,0.002666980028152466,True
6,2139,1784807998.3977382,8,0.01919841766357422,0.0023998022079467773,True
6,2140,1784807998.4173162,8,0.019985198974609375,0.002498149871826172,True
6,2141,1784807998.4377558,8,0.02004837989807129,0.002506047487258911,True
6,2142,1784807998.4581423,8,0.022237539291381836,0.0027796924114227295,True
6,2143,1784807998.4807394,8,0.018625259399414062,0.002328157424926758,True
6,2144,1784807998.499749,8,0.020878314971923828,0.0026097893714904785,True
6,2145,1784807998.5209575,8,0.019611358642578125,0.0024514198303222656,True
6,2146,1784807998.5408688,8,0.019946575164794922,0.0024933218955993652,True
6,2147,1784807998.5611148,8,0.01922893524169922,0.0024036169052124023,True
6,2148,1784807998.5807834,8,0.02213263511657715,0.0027665793895721436,True
6,2149,1784807998.6031666,8,0.019571542739868164,0.0024464428424835205,True
6,2150,1784807998.6229813,8,0.020812034606933594,0.0026015043258666992,True
6,2151,1784807998.644161,8,0.018152236938476562,0.0022690296173095703,True
6,2152,1784807998.6627293,8,0.020212888717651367,0.002526611089706421,True
6,2153,1784807998.6832042,8,0.01998758316040039,0.002498447895050049,True
6,2154,1784807998.7039015,8,0.020621538162231445,0.0025776922702789307,True
6,2155,1784807998.72486,8,0.020428180694580078,0.0025535225868225098,True
6,2156,1784807998.7457173,8,0.020603656768798828,0.0025754570960998535,True
6,2157,1784807998.7675898,8,0.01779317855834961,0.002224147319793701,True
6,2158,1784807998.7857687,8,0.020311832427978516,0.0025389790534973145,True
6,2159,1784807998.8065577,8,0.018602609634399414,0.0023253262042999268,True
6,2160,1784807998.8256989,8,0.018183231353759766,0.0022729039192199707,True
6,2161,1784807998.8442357,8,0.019531965255737305,0.002441495656967163,True
6,2162,1784807998.864259,8,0.019095420837402344,0.002386927604675293,True
6,2163,1784807998.8836432,8,0.020113706588745117,0.0025142133235931396,True
6,2164,1784807998.9042618,8,0.019193410873413086,0.0023991763591766357,True
6,2165,1784807998.9237359,8,0.019824743270874023,0.002478092908859253,True
6,2166,1784807998.9440913,8,0.021321535110473633,0.002665191888809204,True
6,2167,1784807998.9658413,8,0.01790142059326172,0.002237677574157715,True
6,2168,1784807998.984231,8,0.019959449768066406,0.0024949312210083008,True
6,2169,1784807999.004488,8,0.020679473876953125,0.0025849342346191406,True
6,2170,1784807999.0255165,8,0.021126508712768555,0.0026408135890960693,True
6,2171,1784807999.0469656,8,0.01959371566772461,0.002449214458465576,True
6,2172,1784807999.067041,8,0.020023107528686523,0.0025028884410858154,True
6,2173,1784807999.0874114,8,0.019190073013305664,0.002398759126663208,True
6,2174,1784807999.1069074,8,0.019695043563842773,0.0024618804454803467,True
6,2175,1784807999.126883,8,0.019715309143066406,0.0024644136428833008,True
6,2176,1784807999.146907,8,0.024204492568969727,0.003025561571121216,True
6,2177,1784807999.1714525,8,0.01817011833190918,0.0022712647914886475,True
6,2178,1784807999.19026,8,0.01939105987548828,0.002423882484436035,True
6,2179,1784807999.2100623,8,0.019364356994628906,0.0024205446243286133,True
6,2180,1784807999.2297523,8,0.020864248275756836,0.0026080310344696045,True
6,2181,1784807999.2510648,8,0.01926279067993164,0.002407848834991455,True
6,2182,1784807999.2707195,8,0.019871234893798828,0.0024839043617248535,True
6,2183,1784807999.2910118,8,0.02097010612487793,0.002621263265609741,True
6,2184,1784807999.3125405,8,0.01967597007751465,0.002459496259689331,True
6,2185,1784807999.3325057,8,0.018658876419067383,0.002332359552383423,True
6,2186,1784807999.3515015,8,0.020381450653076172,0.0025476813316345215,True
6,2187,1784807999.372843,8,0.017777681350708008,0.002222210168838501,True
6,2188,1784807999.3908994,8,0.018611907958984375,0.002326488494873047,True
6,2189,1784807999.4100182,8,0.021921634674072266,0.002740204334259033,True
6,2190,1784807999.432223,8,0.017991065979003906,0.0022488832473754883,True
6,2191,1784807999.4506016,8,0.020544052124023438,0.0025680065155029297,True
6,2192,1784807999.47186,8,0.018442392349243164,0.0023052990436553955,True
6,2193,1784807999.4905958,8,0.019336223602294922,0.0024170279502868652,True
6,2194,1784807999.5102766,8,0.019640445709228516,0.0024550557136535645,True
6,2195,1784807999.530351,8,0.020117759704589844,0.0025147199630737305,True
6,2196,1784807999.5508144,8,0.019178390502929688,0.002397298812866211,True
6,2197,1784807999.5703492,8,0.019725322723388672,0.002465665340423584,True
6,2198,1784807999.5903301,8,0.019770383834838867,0.0024712979793548584,True
6,2199,1784807999.610536,8,0.019657135009765625,0.002457141876220703,True
6,2200,1784807999.630538,8,0.01986384391784668,0.002482980489730835,True
6,2201,1784807999.6508114,8,0.019154071807861328,0.002394258975982666,True
6,2202,1784807999.6703632,8,0.020877361297607422,0.0026096701622009277,True
6,2203,1784807999.6916094,8,0.018507003784179688,0.002313375473022461,True
6,2204,1784807999.7105284,8,0.019635677337646484,0.0024544596672058105,True
6,2205,1784807999.7304373,8,0.020577669143676758,0.0025722086429595947,True
6,2206,1784807999.7513657,8,0.021927833557128906,0.0027409791946411133,True
6,2207,1784807999.7736018,8,0.017941713333129883,0.0022427141666412354,True
6,2208,1784807999.7920055,8,0.02007889747619629,0.002509862184524536,True
6,2209,1784807999.8127017,8,0.019760608673095703,0.002470076084136963,True
6,2210,1784807999.8327987,8,0.01930689811706543,0.0024133622646331787,True
6,2211,1784807999.8526204,8,0.02003002166748047,0.0025037527084350586,True
6,2212,1784807999.8735082,8,0.020767927169799805,0.0025959908962249756,True
6,2213,1784807999.894666,8,0.0187530517578125,0.0023441314697265625,True
6,2214,1784807999.9140012,8,0.019802570343017578,0.0024753212928771973,True
6,2215,1784807999.9341137,8,0.02119588851928711,0.0026494860649108887,True
6,2216,1784807999.955989,8,0.020783424377441406,0.0025979280471801758,True
6,2217,1784807999.9771514,8,0.018398284912109375,0.002299785614013672,True
6,2218,1784807999.9959006,8,0.019698143005371094,0.0024622678756713867,True
6,2219,1784808000.0161386,8,0.019524097442626953,0.002440512180328369,True
6,2220,1784808000.0361764,8,0.01935267448425293,0.002419084310531616,True
6,2221,1784808000.056077,8,0.02100825309753418,0.0026260316371917725,True
6,2222,1784808000.0775287,8,0.01864147186279297,0.002330183982849121,True
6,2223,1784808000.0965664,8,0.019933700561523438,0.0024917125701904297,True
6,2224,1784808000.1169124,8,0.01961684226989746,0.0024521052837371826,True
6,2225,1784808000.1368449,8,0.019106626510620117,0.0023883283138275146,True
6,2226,1784808000.1562965,8,0.019931793212890625,0.002491474151611328,True
6,2227,1784808000.176599,8,0.019397974014282227,0.0024247467517852783,True
6,2228,1784808000.1963377,8,0.01913142204284668,0.002391427755355835,True
6,2229,1784808000.215809,8,0.01837611198425293,0.002297013998031616,True
6,2230,1784808000.2344792,8,0.020318269729614258,0.0025397837162017822,True
6,2231,1784808000.2551959,8,0.01909923553466797,0.002387404441833496,True
6,2232,1784808000.2748609,8,0.02002096176147461,0.002502620220184326,True
6,2233,1784808000.2951324,8,0.019269466400146484,0.0024086833000183105,True
6,2234,1784808000.314712,8,0.019247770309448242,0.0024059712886810303,True
6,2235,1784808000.3343241,8,0.02351069450378418,0.0029388368129730225,True
6,2236,1784808000.3581579,8,0.020162582397460938,0.002520322799682617,True
6,2237,1784808000.3787723,8,0.018538951873779297,0.002317368984222412,True
6,2238,1784808000.3979337,8,0.021551132202148438,0.0026938915252685547,True
6,2239,1784808000.4198768,8,0.018943309783935547,0.0023679137229919434,True
6,2240,1784808000.43924,8,0.020570039749145508,0.0025712549686431885,True
6,2241,1784808000.4606333,8,0.020429611206054688,0.002553701400756836,True
6,2242,1784808000.4821594,8,0.020146846771240234,0.0025183558464050293,True
6,2243,1784808000.5026455,8,0.02049994468688965,0.002562493085861206,True
6,2244,1784808000.5239482,8,0.018814802169799805,0.0023518502712249756,True
6,2245,1784808000.543172,8,0.019793033599853516,0.0024741291999816895,True
6,2246,1784808000.5633707,8,0.018455028533935547,0.0023068785667419434,True
6,2247,1784808000.5821652,8,0.019887685775756836,0.0024859607219696045,True
6,2248,1784808000.6025147,8,0.021190404891967773,0.0026488006114959717,True
6,2249,1784808000.6240427,8,0.018538951873779297,0.002317368984222412,True
6,2250,1784808000.6429398,8,0.02146315574645996,0.002682894468307495,True
6,2251,1784808000.6647365,8,0.019637346267700195,0.0024546682834625244,True
6,2252,1784808000.6846595,8,0.020352602005004883,0.0025440752506256104,True
6,2253,1784808000.7058754,8,0.021114110946655273,0.002639263868331909,True
6,2254,1784808000.727521,8,0.02202606201171875,0.0027532577514648438,True
6,2255,1784808000.7499382,8,0.019487380981445312,0.002435922622680664,True
6,2256,1784808000.770283,8,0.019994020462036133,0.0024992525577545166,True
6,2257,1784808000.7911987,8,0.020310401916503906,0.0025388002395629883,True
6,2258,1784808000.8119614,8,0.018677473068237305,0.002334684133529663,True
6,2259,1784808000.8313053,8,0.02044200897216797,0.002555251121520996,True
6,2260,1784808000.8525667,8,0.019586563110351562,0.0024483203887939453,True
6,2261,1784808000.8727908,8,0.021087169647216797,0.0026358962059020996,True
6,2262,1784808000.8944492,8,0.02109503746032715,0.0026368796825408936,True
6,2263,1784808000.916058,8,0.022624731063842773,0.0028280913829803467,True
6,2264,1784808000.9402583,8,0.01958751678466797,0.002448439598083496,True
6,2265,1784808000.9601421,8,0.02017831802368164,0.002522289752960205,True
6,2266,1784808000.981288,8,0.019084692001342773,0.0023855865001678467,True
6,2267,1784808001.0008082,8,0.021837711334228516,0.0027297139167785645,True
6,2268,1784808001.0229285,8,0.02042245864868164,0.002552807331085205,True
6,2269,1784808001.043624,8,0.020009994506835938,0.002501249313354492,True
6,2270,1784808001.064011,8,0.02078700065612793,0.002598375082015991,True
6,2271,1784808001.0853057,8,0.02117466926574707,0.002646833658218384,True
6,2272,1784808001.1069062,8,0.018645286560058594,0.0023306608200073242,True
6,2273,1784808001.1259904,8,0.02065277099609375,0.0025815963745117188,True
6,2274,1784808001.1470616,8,0.020397186279296875,0.0025496482849121094,True
6,2275,1784808001.1682577,8,0.01953434944152832,0.00244179368019104,True
6,2276,1784808001.1881304,8,0.02048039436340332,0.002560049295425415,True
6,2277,1784808001.20894,8,0.019297122955322266,0.002412140369415283,True
6,2278,1784808001.2285378,8,0.020183801651000977,0.002522975206375122,True
6,2279,1784808001.249298,8,0.01960277557373047,0.0024503469467163086,True
6,2280,1784808001.2692714,8,0.019213438034057617,0.002401679754257202,True
6,2281,1784808001.2889736,8,0.020809412002563477,0.0026011765003204346,True
6,2282,1784808001.3105643,8,0.018374204635620117,0.0022967755794525146,True
6,2283,1784808001.3293188,8,0.021161556243896484,0.0026451945304870605,True
6,2284,1784808001.3508503,8,0.020615100860595703,0.002576887607574463,True
6,2285,1784808001.3721566,8,0.020038127899169922,0.0025047659873962402,True
6,2286,1784808001.3928616,8,0.01914668083190918,0.0023933351039886475,True
6,2287,1784808001.4123363,8,0.019748926162719727,0.002468615770339966,True
6,2288,1784808001.4324317,8,0.019790172576904297,0.002473771572113037,True
6,2289,1784808001.4526384,8,0.019887447357177734,0.002485930919647217,True
6,2290,1784808001.4732425,8,0.02014780044555664,0.00251847505569458,True
6,2291,1784808001.4938018,8,0.020746707916259766,0.0025933384895324707,True
6,2292,1784808001.514838,8,0.01944565773010254,0.0024307072162628174,True
6,2293,1784808001.534836,8,0.020725011825561523,0.0025906264781951904,True
6,2294,1784808001.5559556,8,0.01929759979248047,0.0024121999740600586,True
6,2295,1784808001.5757093,8,0.019851207733154297,0.002481400966644287,True
6,2296,1784808001.5958877,8,0.019904613494873047,0.002488076686859131,True
6,2297,1784808001.616128,8,0.019954681396484375,0.002494335174560547,True
6,2298,1784808001.636471,8,0.021310806274414062,0.002663850784301758,True
6,2299,1784808001.6581194,8,0.01879143714904785,0.0023489296436309814,True
6,2300,1784808001.677272,8,0.020241975784301758,0.0025302469730377197,True
6,2301,1784808001.6979358,8,0.019449710845947266,0.002431213855743408,True
6,2302,1784808001.7176793,8,0.020035266876220703,0.002504408359527588,True
6,2303,1784808001.73813,8,0.01966118812561035,0.002457648515701294,True
6,2304,1784808001.7580178,8,0.021385669708251953,0.002673208713531494,True
6,2305,1784808001.779907,8,0.02048468589782715,0.0025605857372283936,True
6,2306,1784808001.8008826,8,0.019669294357299805,0.0024586617946624756,True
6,2307,1784808001.8210506,8,0.01838850975036621,0.0022985637187957764,True
6,2308,1784808001.8404524,8,0.019141197204589844,0.0023926496505737305,True
6,2309,1784808001.8599474,8,0.020290374755859375,0.002536296844482422,True
6,2310,1784808001.8806098,8,0.019893884658813477,0.0024867355823516846,True
6,2311,1784808001.9008508,8,0.019145727157592773,0.0023932158946990967,True
6,2312,1784808001.9203677,8,0.02059173583984375,0.0025739669799804688,True
6,2313,1784808001.9413269,8,0.018584012985229492,0.0023230016231536865,True
6,2314,1784808001.9603157,8,0.019250154495239258,0.0024062693119049072,True
6,2315,1784808001.9799733,8,0.01950526237487793,0.002438157796859741,True
6,2316,1784808001.9999301,8,0.02054309844970703,0.002567887306213379,True
6,2317,1784808002.0207837,8,0.01974320411682129,0.002467900514602661,True
6,2318,1784808002.0411274,8,0.020392656326293945,0.002549082040786743,True
6,2319,1784808002.0619256,8,0.025345802307128906,0.0031682252883911133,True
6,2320,1784808002.087684,8,0.017386436462402344,0.002173304557800293,True
6,2321,1784808002.1054552,8,0.02162027359008789,0.0027025341987609863,True
6,2322,1784808002.127395,8,0.019655227661132812,0.0024569034576416016,True
6,2323,1784808002.14741,8,0.018987178802490234,0.0023733973503112793,True
6,2324,1784808002.1668653,8,0.02087569236755371,0.002609461545944214,True
6,2325,1784808002.1880832,8,0.02177715301513672,0.00272214412689209,True
6,2326,1784808002.210347,8,0.01947307586669922,0.0024341344833374023,True
6,2327,1784808002.2301197,8,0.02016425132751465,0.002520531415939331,True
6,2328,1784808002.2507572,8,0.01896953582763672,0.00237119197845459,True
6,2329,1784808002.2703395,8,0.02059173583984375,0.0025739669799804688,True
6,2330,1784808002.2916665,8,0.019973039627075195,0.0024966299533843994,True
6,2331,1784808002.312058,8,0.020665884017944336,0.002583235502243042,True
6,2332,1784808002.3331165,8,0.019946575164794922,0.0024933218955993652,True
6,2333,1784808002.354573,8,0.019753456115722656,0.002469182014465332,True
6,2334,1784808002.3747494,8,0.01982283592224121,0.0024778544902801514,True
6,2335,1784808002.3949115,8,0.021162748336791992,0.002645343542098999,True
6,2336,1784808002.4164648,8,0.01916813850402832,0.00239601731300354,True
6,2337,1784808002.436152,8,0.019673585891723633,0.002459198236465454,True
6,2338,1784808002.4561832,8,0.02045726776123047,0.0025571584701538086,True
6,2339,1784808002.4770093,8,0.019685029983520508,0.0024606287479400635,True
6,2340,1784808002.4970865,8,0.022279024124145508,0.0027848780155181885,True
6,2341,1784808002.519725,8,0.02065896987915039,0.002582371234893799,True
6,2342,1784808002.5406892,8,0.020500659942626953,0.002562582492828369,True
6,2343,1784808002.5617235,8,0.020549297332763672,0.002568662166595459,True
6,2344,1784808002.5826344,8,0.02202320098876953,0.0027529001235961914,True
6,2345,1784808002.6050375,8,0.01960444450378418,0.0024505555629730225,True
6,2346,1784808002.6249487,8,0.020188570022583008,0.002523571252822876,True
6,2347,1784808002.6453848,8,0.020495176315307617,0.002561897039413452,True
6,2348,1784808002.6662486,8,0.02356410026550293,0.002945512533187866,True
6,2349,1784808002.6901913,8,0.017863035202026367,0.002232879400253296,True
6,2350,1784808002.7084181,8,0.02093815803527832,0.00261726975440979,True
6,2351,1784808002.7296798,8,0.019619464874267578,0.0024524331092834473,True
6,2352,1784808002.7497296,8,0.019886493682861328,0.002485811710357666,True
6,2353,1784808002.7699168,8,0.020496368408203125,0.0025620460510253906,True
6,2354,1784808002.7906733,8,0.020342350006103516,0.0025427937507629395,True
6,2355,1784808002.811417,8,0.020687341690063477,0.0025859177112579346,True
6,2356,1784808002.8324122,8,0.01896834373474121,0.0023710429668426514,True
6,2357,1784808002.8517423,8,0.019411325454711914,0.0024264156818389893,True
6,2358,1784808002.8715808,8,0.0195615291595459,0.0024451911449432373,True
6,2359,1784808002.8915317,8,0.018859148025512695,0.002357393503189087,True
6,2360,1784808002.910817,8,0.0212249755859375,0.0026531219482421875,True
6,2361,1784808002.9324453,8,0.02075362205505371,0.002594202756881714,True
6,2362,1784808002.9535272,8,0.02026510238647461,0.002533137798309326,True
6,2363,1784808002.9741354,8,0.020379066467285156,0.0025473833084106445,True
6,2364,1784808002.9948134,8,0.020540237426757812,0.0025675296783447266,True
6,2365,1784808003.0157473,8,0.01925516128540039,0.002406895160675049,True
6,2366,1784808003.0354345,8,0.019891023635864258,0.0024863779544830322,True
6,2367,1784808003.0556972,8,0.020417213439941406,0.0025521516799926758,True
6,2368,1784808003.0764143,8,0.02000713348388672,0.00250089168548584,True
6,2369,1784808003.096889,8,0.01999688148498535,0.002499610185623169,True
6,2370,1784808003.117425,8,0.01986074447631836,0.002482593059539795,True
6,2371,1784808003.1375263,8,0.021333932876586914,0.0026667416095733643,True
6,2372,1784808003.1593797,8,0.02010488510131836,0.002513110637664795,True
6,2373,1784808003.1798615,8,0.01884317398071289,0.0023553967475891113,True
6,2374,1784808003.1989796,8,0.019849777221679688,0.002481222152709961,True
6,2375,1784808003.2191734,8,0.022335529327392578,0.0027919411659240723,True
6,2376,1784808003.2419622,8,0.022446393966674805,0.0028057992458343506,True
6,2377,1784808003.2647758,8,0.0208892822265625,0.0026111602783203125,True
6,2378,1784808003.2860029,8,0.02153801918029785,0.0026922523975372314,True
6,2379,1784808003.3081017,8,0.020441770553588867,0.0025552213191986084,True
6,2380,1784808003.3288405,8,0.01958322525024414,0.0024479031562805176,True
6,2381,1784808003.348897,8,0.018090248107910156,0.0022612810134887695,True
6,2382,1784808003.3672667,8,0.021737098693847656,0.002717137336730957,True
6,2383,1784808003.389566,8,0.019725561141967773,0.0024656951427459717,True
6,2384,1784808003.4098248,8,0.019984960556030273,0.002498120069503784,True
6,2385,1784808003.4306808,8,0.020714998245239258,0.0025893747806549072,True
6,2386,1784808003.4519882,8,0.01929783821105957,0.0024122297763824463,True
6,2387,1784808003.4719667,8,0.01797342300415039,0.002246677875518799,True
6,2388,1784808003.490331,8,0.02183675765991211,0.0027295947074890137,True
6,2389,1784808003.5132957,8,0.022083044052124023,0.002760380506515503,True
6,2390,1784808003.5359,8,0.020865678787231445,0.0026082098484039307,True
6,2391,1784808003.5573814,8,0.021330595016479492,0.0026663243770599365,True
6,2392,1784808003.5790715,8,0.02053523063659668,0.002566903829574585,True
6,2393,1784808003.6001267,8,0.020456790924072266,0.002557098865509033,True
6,2394,1784808003.6208742,8,0.017847776412963867,0.0022309720516204834,True
6,2395,1784808003.6391017,8,0.019721508026123047,0.002465188503265381,True
6,2396,1784808003.659154,8,0.020165443420410156,0.0025206804275512695,True
6,2397,1784808003.679714,8,0.020094633102416992,0.002511829137802124,True
6,2398,1784808003.7004423,8,0.019167423248291016,0.002395927906036377,True
6,2399,1784808003.7199266,8,0.020653724670410156,0.0025817155838012695,True
6,2400,1784808003.7409794,8,0.02054882049560547,0.0025686025619506836,True
6,2401,1784808003.7617714,8,0.020970582962036133,0.0026213228702545166,True
6,2402,1784808003.7832003,8,0.02019643783569336,0.00252455472946167,True
6,2403,1784808003.8036978,8,0.020441293716430664,0.002555161714553833,True
6,2404,1784808003.8246481,8,0.018026113510131836,0.0022532641887664795,True
6,2405,1784808003.8433113,8,0.019631624221801758,0.0024539530277252197,True
6,2406,1784808003.8634133,8,0.020194530487060547,0.0025243163108825684,True
6,2407,1784808003.883992,8,0.020003795623779297,0.002500474452972412,True
6,2408,1784808003.9044783,8,0.020853042602539062,0.002606630325317383,True
6,2409,1784808003.9258456,8,0.018855810165405273,0.002356976270675659,True
6,2410,1784808003.9453247,8,0.01947951316833496,0.00243493914604187,True
6,2411,1784808003.96521,8,0.01979207992553711,0.0024740099906921387,True
6,2412,1784808003.9858634,8,0.02020406723022461,0.002525508403778076,True
6,2413,1784808004.0064573,8,0.01894354820251465,0.002367943525314331,True
6,2414,1784808004.025661,8,0.019336938858032227,0.0024171173572540283,True
6,2415,1784808004.0453084,8,0.020340919494628906,0.0025426149368286133,True
6,2416,1784808004.0659766,8,0.02011895179748535,0.002514868974685669,True
6,2417,1784808004.0863376,8,0.02034449577331543,0.0025430619716644287,True
6,2418,1784808004.107137,8,0.01989889144897461,0.002487361431121826,True
6,2419,1784808004.127498,8,0.01937103271484375,0.0024213790893554688,True
6,2420,1784808004.1472933,8,0.01899099349975586,0.0023738741874694824,True
6,2421,1784808004.166746,8,0.018652915954589844,0.0023316144943237305,True
6,2422,1784808004.1857915,8,0.021010398864746094,0.0026262998580932617,True
6,2423,1784808004.2071462,8,0.02074289321899414,0.0025928616523742676,True
6,2424,1784808004.2281609,8,0.021797657012939453,0.0027247071266174316,True
6,2425,1784808004.2507207,8,0.020865678787231445,0.0026082098484039307,True
6,2426,1784808004.2719414,8,0.02102804183959961,0.002628505229949951,True
6,2427,1784808004.2934542,8,0.0185396671295166,0.002317458391189575,True
6,2428,1784808004.3124166,8,0.01962423324584961,0.002453029155731201,True
6,2429,1784808004.332388,8,0.023549318313598633,0.002943664789199829,True
6,2430,1784808004.3564112,8,0.018681049346923828,0.0023351311683654785,True
6,2431,1784808004.3753982,8,0.020384788513183594,0.0025480985641479492,True
6,2432,1784808004.3960788,8,0.022447824478149414,0.0028059780597686768,True
6,2433,1784808004.4188302,8,0.023070812225341797,0.0028838515281677246,True
6,2434,1784808004.4423282,8,0.018830537796020508,0.0023538172245025635,True
6,2435,1784808004.46151,8,0.01984119415283203,0.002480149269104004,True
6,2436,1784808004.4819105,8,0.018738508224487305,0.002342313528060913,True
6,2437,1784808004.5018685,8,0.019072532653808594,0.0023840665817260742,True
6,2438,1784808004.521368,8,0.019272327423095703,0.002409040927886963,True
6,2439,1784808004.5415432,8,0.020905733108520508,0.0026132166385650635,True
6,2440,1784808004.562827,8,0.018900156021118164,0.0023625195026397705,True
6,2441,1784808004.5820498,8,0.02048492431640625,0.0025606155395507812,True
6,2442,1784808004.6029727,8,0.018941879272460938,0.002367734909057617,True
6,2443,1784808004.6222506,8,0.01993560791015625,0.0024919509887695312,True
6,2444,1784808004.6425993,8,0.01995229721069336,0.00249403715133667,True
6,2445,1784808004.6629148,8,0.019117355346679688,0.002389669418334961,True
6,2446,1784808004.6824527,8,0.019733905792236328,0.002466738224029541,True
6,2447,1784808004.702466,8,0.02072930335998535,0.002591162919998169,True
6,2448,1784808004.723596,8,0.021448373794555664,0.002681046724319458,True
6,2449,1784808004.7453444,8,0.019869565963745117,0.0024836957454681396,True
6,2450,1784808004.7656136,8,0.019211769104003906,0.0024014711380004883,True
6,2451,1784808004.785384,8,0.021172046661376953,0.002646505832672119,True
6,2452,1784808004.8075247,8,0.018036603927612305,0.002254575490951538,True
6,2453,1784808004.8259034,8,0.02149224281311035,0.002686530351638794,True
6,2454,1784808004.8477159,8,0.02228689193725586,0.0027858614921569824,True
6,2455,1784808004.8704302,8,0.01954174041748047,0.0024427175521850586,True
6,2456,1784808004.8904498,8,0.021492481231689453,0.0026865601539611816,True
6,2457,1784808004.9139078,8,0.01839613914489746,0.0022995173931121826,True
6,2458,1784808004.932763,8,0.021308422088623047,0.002663552761077881,True
6,2459,1784808004.9548979,8,0.02128458023071289,0.0026605725288391113,True
6,2460,1784808004.9768832,8,0.020111560821533203,0.0025139451026916504,True
6,2461,1784808004.9974399,8,0.018776416778564453,0.0023470520973205566,True
6,2462,1784808005.016885,8,0.021268129348754883,0.0026585161685943604,True
6,2463,1784808005.0386107,8,0.020287275314331055,0.002535909414291382,True
6,2464,1784808005.059959,8,0.018893957138061523,0.0023617446422576904,True
6,2465,1784808005.0792322,8,0.019197463989257812,0.0023996829986572266,True
6,2466,1784808005.0988712,8,0.019560575485229492,0.0024450719356536865,True
6,2467,1784808005.1186993,8,0.02019810676574707,0.002524763345718384,True
6,2468,1784808005.13938,8,0.02028036117553711,0.0025350451469421387,True
6,2469,1784808005.1599827,8,0.019768714904785156,0.0024710893630981445,True
6,2470,1784808005.1802013,8,0.01961827278137207,0.002452284097671509,True
6,2471,1784808005.2001567,8,0.021111011505126953,0.002638876438140869,True
6,2472,1784808005.2216663,8,0.019777297973632812,0.0024721622467041016,True
6,2473,1784808005.2419198,8,0.018841028213500977,0.002355128526687622,True
6,2474,1784808005.261422,8,0.020209789276123047,0.002526223659515381,True
6,2475,1784808005.2821012,8,0.020369291305541992,0.002546161413192749,True
6,2476,1784808005.3033073,8,0.02212381362915039,0.002765476703643799,True
6,2477,1784808005.3262506,8,0.01683640480041504,0.00210455060005188,True
6,2478,1784808005.3435636,8,0.01941847801208496,0.00242730975151062,True
6,2479,1784808005.3633525,8,0.019978761672973633,0.002497345209121704,True
6,2480,1784808005.3836813,8,0.01985955238342285,0.0024824440479278564,True
6,2481,1784808005.4040565,8,0.018079042434692383,0.002259880304336548,True
6,2482,1784808005.422666,8,0.02014303207397461,0.002517879009246826,True
6,2483,1784808005.4436455,8,0.018123388290405273,0.002265423536300659,True
6,2484,1784808005.462076,8,0.021090269088745117,0.0026362836360931396,True
6,2485,1784808005.4834294,8,0.020251035690307617,0.002531379461288452,True
6,2486,1784808005.5040991,8,0.02332592010498047,0.0029157400131225586,True
6,2487,1784808005.5277534,8,0.017118215560913086,0.0021397769451141357,True
6,2488,1784808005.5459332,8,0.018990755081176758,0.0023738443851470947,True
6,2489,1784808005.5653162,8,0.01993870735168457,0.0024923384189605713,True
6,2490,1784808005.585561,8,0.018450021743774414,0.0023062527179718018,True
6,2491,1784808005.6044796,8,0.02096843719482422,0.0026210546493530273,True
6,2492,1784808005.6258495,8,0.01923990249633789,0.0024049878120422363,True
6,2493,1784808005.645479,8,0.02047109603881836,0.002558887004852295,True
6,2494,1784808005.6664197,8,0.019752979278564453,0.0024691224098205566,True
6,2495,1784808005.6865566,8,0.020070552825927734,0.002508819103240967,True
6,2496,1784808005.7068925,8,0.01966094970703125,0.0024576187133789062,True
6,2497,1784808005.7268856,8,0.02055978775024414,0.0025699734687805176,True
6,2498,1784808005.7480674,8,0.019142627716064453,0.0023928284645080566,True
6,2499,1784808005.7676213,8,0.020064592361450195,0.0025080740451812744,True
6,2500,1784808005.7881007,8,0.018956899642944336,0.002369612455368042,True
6,2501,1784808005.807509,8,0.02008509635925293,0.002510637044906616,True
6,2502,1784808005.8280053,8,0.018964290618896484,0.0023705363273620605,True
6,2503,1784808005.8482926,8,0.02028632164001465,0.002535790205001831,True
6,2504,1784808005.8690689,8,0.02165961265563965,0.002707451581954956,True
6,2505,1784808005.8913913,8,0.01874375343322754,0.0023429691791534424,True
6,2506,1784808005.910678,8,0.020376205444335938,0.002547025680541992,True
6,2507,1784808005.931363,8,0.021722078323364258,0.0027152597904205322,True
6,2508,1784808005.9536273,8,0.019290447235107422,0.0024113059043884277,True
6,2509,1784808005.9737656,8,0.01963973045349121,0.0024549663066864014,True
6,2510,1784808005.9943357,8,0.019730567932128906,0.0024663209915161133,True
6,2511,1784808006.014496,8,0.018155336380004883,0.0022694170475006104,True
6,2512,1784808006.0332398,8,0.02174520492553711,0.0027181506156921387,True
6,2513,1784808006.055663,8,0.01952219009399414,0.0024402737617492676,True
6,2514,1784808006.0759816,8,0.020767688751220703,0.002595961093902588,True
6,2515,1784808006.097334,8,0.01812434196472168,0.00226554274559021,True
6,2516,1784808006.1158085,8,0.019322872161865234,0.0024153590202331543,True
6,2517,1784808006.1355634,8,0.020262479782104492,0.0025328099727630615,True
6,2518,1784808006.156115,8,0.018819332122802734,0.002352416515350342,True
6,2519,1784808006.175346,8,0.019345760345458984,0.002418220043182373,True
6,2520,1784808006.1950457,8,0.018700122833251953,0.002337515354156494,True
6,2521,1784808006.2140481,8,0.018491506576538086,0.0023114383220672607,True
6,2522,1784808006.232966,8,0.02074742317199707,0.002593427896499634,True
6,2523,1784808006.254209,8,0.019910335540771484,0.0024887919425964355,True
6,2524,1784808006.2745018,8,0.020742416381835938,0.002592802047729492,True
6,2525,1784808006.2956295,8,0.01826643943786621,0.0022833049297332764,True
6,2526,1784808006.314485,8,0.01880168914794922,0.0023502111434936523,True
6,2527,1784808006.3337948,8,0.02001643180847168,0.00250205397605896,True
6,2528,1784808006.3541212,8,0.020409822463989258,0.0025512278079986572,True
6,2529,1784808006.3749094,8,0.021466732025146484,0.0026833415031433105,True
6,2530,1784808006.3967762,8,0.021696090698242188,0.0027120113372802734,True
6,2531,1784808006.4188235,8,0.018698930740356445,0.0023373663425445557,True
6,2532,1784808006.4380054,8,0.018988370895385742,0.0023735463619232178,True
6,2533,1784808006.4576557,8,0.01968526840209961,0.002460658550262451,True
6,2534,1784808006.477704,8,0.01870560646057129,0.002338200807571411,True
6,2535,1784808006.496783,8,0.018514633178710938,0.002314329147338867,True
6,2536,1784808006.5155404,8,0.019980192184448242,0.0024975240230560303,True
6,2537,1784808006.5360494,8,0.020617008209228516,0.0025771260261535645,True
6,2538,1784808006.556986,8,0.020463943481445312,0.002557992935180664,True
6,2539,1784808006.5778074,8,0.01992654800415039,0.002490818500518799,True
6,2540,1784808006.5980844,8,0.020622968673706055,0.002577871084213257,True
6,2541,1784808006.619057,8,0.018911361694335938,0.002363920211791992,True
6,2542,1784808006.6383953,8,0.022014141082763672,0.002751767635345459,True
6,2543,1784808006.66078,8,0.02008223533630371,0.002510279417037964,True
6,2544,1784808006.6811435,8,0.02101588249206543,0.0026269853115081787,True
6,2545,1784808006.7026176,8,0.018828153610229492,0.0023535192012786865,True
6,2546,1784808006.721794,8,0.020957231521606445,0.0026196539402008057,True
6,2547,1784808006.7432,8,0.02096104621887207,0.002620130777359009,True
6,2548,1784808006.7645297,8,0.019907712936401367,0.002488464117050171,True
6,2549,1784808006.7847865,8,0.020849943161010742,0.0026062428951263428,True
6,2550,1784808006.8064244,8,0.020469188690185547,0.0025586485862731934,True
6,2551,1784808006.8275735,8,0.01911163330078125,0.0023889541625976562,True
6,2552,1784808006.8471248,8,0.019058704376220703,0.002382338047027588,True
6,2553,1784808006.8665133,8,0.020421743392944336,0.002552717924118042,True
6,2554,1784808006.8873627,8,0.020499706268310547,0.0025624632835388184,True
6,2555,1784808006.9083369,8,0.01986408233642578,0.0024830102920532227,True
6,2556,1784808006.9294631,8,0.019190311431884766,0.0023987889289855957,True
6,2557,1784808006.9491775,8,0.020247697830200195,0.0025309622287750244,True
6,2558,1784808006.9700332,8,0.01911330223083496,0.00238916277885437,True
6,2559,1784808006.989975,8,0.019253015518188477,0.0024066269397735596,True
6,2560,1784808007.0100555,8,0.022194623947143555,0.0027743279933929443,True
6,2561,1784808007.0330842,8,0.02046036720275879,0.0025575459003448486,True
6,2562,1784808007.054586,8,0.02057623863220215,0.0025720298290252686,True
6,2563,1784808007.0755677,8,0.019594907760620117,0.0024493634700775146,True
6,2564,1784808007.0955033,8,0.02052927017211914,0.0025661587715148926,True
6,2565,1784808007.1165566,8,0.02173018455505371,0.002716273069381714,True
6,2566,1784808007.1402738,8,0.018903732299804688,0.002362966537475586,True
6,2567,1784808007.1596088,8,0.02034926414489746,0.0025436580181121826,True
6,2568,1784808007.1802626,8,0.019644975662231445,0.0024556219577789307,True
6,2569,1784808007.200372,8,0.020532608032226562,0.0025665760040283203,True
6,2570,1784808007.221292,8,0.019902467727661133,0.0024878084659576416,True
6,2571,1784808007.2415655,8,0.01979851722717285,0.0024748146533966064,True
6,2572,1784808007.261812,8,0.01919698715209961,0.002399623394012451,True
6,2573,1784808007.2814023,8,0.020023345947265625,0.002502918243408203,True
6,2574,1784808007.301783,8,0.02121734619140625,0.0026521682739257812,True
6,2575,1784808007.323575,8,0.01888442039489746,0.0023605525493621826,True
6,2576,1784808007.342839,8,0.020229578018188477,0.0025286972522735596,True
6,2577,1784808007.363452,8,0.02065253257751465,0.002581566572189331,True
6,2578,1784808007.3844695,8,0.0203399658203125,0.0025424957275390625,True
6,2579,1784808007.4052186,8,0.02059769630432129,0.002574712038040161,True
6,2580,1784808007.4262164,8,0.019063234329223633,0.002382904291152954,True
6,2581,1784808007.4456198,8,0.02187800407409668,0.002734750509262085,True
6,2582,1784808007.4680402,8,0.02120494842529297,0.002650618553161621,True
6,2583,1784808007.4898107,8,0.019582271575927734,0.002447783946990967,True
6,2584,1784808007.5098407,8,0.02010941505432129,0.002513676881790161,True
6,2585,1784808007.5303252,8,0.021462440490722656,0.002682805061340332,True
6,2586,1784808007.5521653,8,0.01922774314880371,0.002403467893600464,True
6,2587,1784808007.5717213,8,0.019040822982788086,0.0023801028728485107,True
6,2588,1784808007.5911493,8,0.019825458526611328,0.002478182315826416,True
6,2589,1784808007.6112583,8,0.019240140914916992,0.002405017614364624,True
6,2590,1784808007.6308808,8,0.01866602897644043,0.0023332536220550537,True
6,2591,1784808007.6500406,8,0.01981043815612793,0.002476304769515991,True
6,2592,1784808007.6704214,8,0.019775390625,0.002471923828125,True
6,2593,1784808007.6906734,8,0.02030634880065918,0.0025382936000823975,True
6,2594,1784808007.711293,8,0.020190715789794922,0.0025238394737243652,True
6,2595,1784808007.731817,8,0.022076129913330078,0.0027595162391662598,True
6,2596,1784808007.7542865,8,0.01937103271484375,0.0024213790893554688,True
6,2597,1784808007.7739952,8,0.01923060417175293,0.002403825521469116,True
6,2598,1784808007.7935967,8,0.02049422264099121,0.0025617778301239014,True
6,2599,1784808007.814348,8,0.020193815231323242,0.0025242269039154053,True
6,2600,1784808007.8348253,8,0.020177364349365234,0.0025221705436706543,True
6,2601,1784808007.855321,8,0.019157886505126953,0.002394735813140869,True
6,2602,1784808007.8752909,8,0.018523693084716797,0.0023154616355895996,True
6,2603,1784808007.8942215,8,0.021245718002319336,0.002655714750289917,True
6,2604,1784808007.917096,8,0.01925206184387207,0.002406507730484009,True
6,2605,1784808007.9366746,8,0.019214630126953125,0.0024018287658691406,True
6,2606,1784808007.956214,8,0.01929950714111328,0.00241243839263916,True
6,2607,1784808007.9758933,8,0.018795251846313477,0.0023494064807891846,True
6,2608,1784808007.9953647,8,0.018611669540405273,0.002326458692550659,True
6,2609,1784808008.0143187,8,0.019054412841796875,0.0023818016052246094,True
6,2610,1784808008.0336845,8,0.019938230514526367,0.002492278814315796,True
6,2611,1784808008.0539954,8,0.019466876983642578,0.0024333596229553223,True
6,2612,1784808008.0737891,8,0.018397092819213867,0.0022996366024017334,True
6,2613,1784808008.0926077,8,0.018288850784301758,0.0022861063480377197,True
6,2614,1784808008.1113613,8,0.02058243751525879,0.0025728046894073486,True
6,2615,1784808008.132466,8,0.020895957946777344,0.002611994743347168,True
6,2616,1784808008.1537325,8,0.01820969581604004,0.002276211977005005,True
6,2617,1784808008.1723304,8,0.019592761993408203,0.0024490952491760254,True
6,2618,1784808008.1924527,8,0.02045154571533203,0.002556443214416504,True
6,2619,1784808008.213222,8,0.018872737884521484,0.0023590922355651855,True
6,2620,1784808008.2323763,8,0.020777463912963867,0.0025971829891204834,True
6,2621,1784808008.2534254,8,0.02283644676208496,0.00285455584526062,True
6,2622,1784808008.2766066,8,0.022981882095336914,0.0028727352619171143,True
6,2623,1784808008.3000932,8,0.018136024475097656,0.002267003059387207,True
6,2624,1784808008.3185072,8,0.019281387329101562,0.0024101734161376953,True
6,2625,1784808008.338266,8,0.020236968994140625,0.002529621124267578,True
6,2626,1784808008.3588445,8,0.018641233444213867,0.0023301541805267334,True
6,2627,1784808008.3779557,8,0.02095341682434082,0.0026191771030426025,True
6,2628,1784808008.3993363,8,0.01945948600769043,0.0024324357509613037,True
6,2629,1784808008.4191387,8,0.02051401138305664,0.00256425142288208,True
6,2630,1784808008.4399178,8,0.01873493194580078,0.0023418664932250977,True
6,2631,1784808008.4590056,8,0.020200252532958984,0.002525031566619873,True
6,2632,1784808008.4796116,8,0.019393444061279297,0.002424180507659912,True
6,2633,1784808008.499447,8,0.019311189651489258,0.0024138987064361572,True
6,2634,1784808008.519217,8,0.019232511520385742,0.0024040639400482178,True
6,2635,1784808008.5387754,8,0.01996302604675293,0.002495378255844116,True
6,2636,1784808008.559193,8,0.021157503128051758,0.0026446878910064697,True
6,2637,1784808008.5806983,8,0.01990985870361328,0.00248873233795166,True
6,2638,1784808008.6009119,8,0.018904447555541992,0.002363055944442749,True
6,2639,1784808008.6202056,8,0.018862247467041016,0.002357780933380127,True
6,2640,1784808008.6394627,8,0.021029949188232422,0.0026287436485290527,True
6,2641,1784808008.6609063,8,0.019107818603515625,0.002388477325439453,True
6,2642,1784808008.6804771,8,0.021811246871948242,0.0027264058589935303,True
6,2643,1784808008.702623,8,0.019472122192382812,0.0024340152740478516,True
6,2644,1784808008.7224908,8,0.019328594207763672,0.002416074275970459,True
6,2645,1784808008.7422729,8,0.020583152770996094,0.0025728940963745117,True
6,2646,1784808008.7632225,8,0.01918172836303711,0.0023977160453796387,True
6,2647,1784808008.7827187,8,0.020235538482666016,0.002529442310333252,True
6,2648,1784808008.8032954,8,0.020605802536010742,0.0025757253170013428,True
6,2649,1784808008.82432,8,0.02240586280822754,0.0028007328510284424,True
6,2650,1784808008.846985,8,0.018988609313964844,0.0023735761642456055,True
6,2651,1784808008.8665478,8,0.01958608627319336,0.00244826078414917,True
6,2652,1784808008.8869276,8,0.020531892776489258,0.0025664865970611572,True
6,2653,1784808008.907916,8,0.019046783447265625,0.002380847930908203,True
6,2654,1784808008.9276166,8,0.019018173217773438,0.0023772716522216797,True
6,2655,1784808008.9469662,8,0.021313905715942383,0.002664238214492798,True
6,2656,1784808008.968666,8,0.017730712890625,0.002216339111328125,True
6,2657,1784808008.9867442,8,0.02216196060180664,0.00277024507522583,True
6,2658,1784808009.009286,8,0.019577503204345703,0.002447187900543213,True
6,2659,1784808009.0293272,8,0.020937442779541016,0.002617180347442627,True
6,2660,1784808009.0506096,8,0.018583059310913086,0.0023228824138641357,True
6,2661,1784808009.0696502,8,0.02147531509399414,0.0026844143867492676,True
6,2662,1784808009.091469,8,0.01924443244934082,0.0024055540561676025,True
6,2663,1784808009.1111245,8,0.020376205444335938,0.002547025680541992,True
6,2664,1784808009.1319506,8,0.019826889038085938,0.002478361129760742,True
6,2665,1784808009.1521497,8,0.019211292266845703,0.002401411533355713,True
6,2666,1784808009.1716633,8,0.019147157669067383,0.002393394708633423,True
6,2667,1784808009.1911306,8,0.019284963607788086,0.0024106204509735107,True
6,2668,1784808009.211131,8,0.022311687469482422,0.0027889609336853027,True
6,2669,1784808009.2337124,8,0.019189119338989258,0.0023986399173736572,True
6,2670,1784808009.2532518,8,0.019952774047851562,0.0024940967559814453,True
6,2671,1784808009.2735689,8,0.0208432674407959,0.0026054084300994873,True
6,2672,1784808009.2947342,8,0.02117133140563965,0.002646416425704956,True
6,2673,1784808009.3164437,8,0.018476247787475586,0.0023095309734344482,True
6,2674,1784808009.3352935,8,0.019837379455566406,0.0024796724319458008,True
6,2675,1784808009.3558028,8,0.02014327049255371,0.002517908811569214,True
6,2676,1784808009.376363,8,0.019537687301635742,0.0024422109127044678,True
6,2677,1784808009.3962703,8,0.02093195915222168,0.00261649489402771,True
6,2678,1784808009.4175515,8,0.019560813903808594,0.0024451017379760742,True
6,2679,1784808009.4374712,8,0.021882295608520508,0.0027352869510650635,True
6,2680,1784808009.4596512,8,0.018713951110839844,0.0023392438888549805,True
6,2681,1784808009.4787412,8,0.02008986473083496,0.00251123309135437,True
6,2682,1784808009.4991286,8,0.02038860321044922,0.0025485754013061523,True
6,2683,1784808009.5198605,8,0.021923065185546875,0.0027403831481933594,True
6,2684,1784808009.542155,8,0.019634246826171875,0.0024542808532714844,True
6,2685,1784808009.5621502,8,0.020041704177856445,0.0025052130222320557,True
6,2686,1784808009.582493,8,0.01882004737854004,0.002352505922317505,True
6,2687,1784808009.6017032,8,0.020305633544921875,0.0025382041931152344,True
6,2688,1784808009.622455,8,0.018947839736938477,0.0023684799671173096,True
6,2689,1784808009.6421752,8,0.020661354064941406,0.0025826692581176758,True
6,2690,1784808009.663497,8,0.020204782485961914,0.0025255978107452393,True
6,2691,1784808009.6840634,8,0.019990921020507812,0.0024988651275634766,True
6,2692,1784808009.7044413,8,0.019495725631713867,0.0024369657039642334,True
6,2693,1784808009.7244658,8,0.019861936569213867,0.0024827420711517334,True
6,2694,1784808009.7446997,8,0.020496606826782227,0.0025620758533477783,True
6,2695,1784808009.7657046,8,0.021626710891723633,0.002703338861465454,True
6,2696,1784808009.7876837,8,0.01796126365661621,0.0022451579570770264,True
6,2697,1784808009.805939,8,0.020038604736328125,0.0025048255920410156,True
6,2698,1784808009.8263323,8,0.020038127899169922,0.0025047659873962402,True
6,2699,1784808009.8469489,8,0.020266294479370117,0.0025332868099212646,True
6,2700,1784808009.8675365,8,0.018754959106445312,0.002344369888305664,True
6,2701,1784808009.8866248,8,0.02043437957763672,0.00255429744720459,True
6,2702,1784808009.9075599,8,0.018062114715576172,0.0022577643394470215,True
6,2703,1784808009.9259093,8,0.01906561851501465,0.002383202314376831,True
6,2704,1784808009.9452658,8,0.020093441009521484,0.0025116801261901855,True
6,2705,1784808009.9656935,8,0.019451141357421875,0.0024313926696777344,True
6,2706,1784808009.985513,8,0.021325349807739258,0.0026656687259674072,True
6,2707,1784808010.007223,8,0.018712282180786133,0.0023390352725982666,True
6,2708,1784808010.026386,8,0.02018427848815918,0.0025230348110198975,True
6,2709,1784808010.046995,8,0.019092082977294922,0.0023865103721618652,True
6,2710,1784808010.066474,8,0.019954204559326172,0.0024942755699157715,True
6,2711,1784808010.0867064,8,0.02203845977783203,0.002754807472229004,True
6,2712,1784808010.1092613,8,0.020076513290405273,0.002509564161300659,True
6,2713,1784808010.1298254,8,0.019776582717895508,0.0024720728397369385,True
6,2714,1784808010.1500008,8,0.020164012908935547,0.0025205016136169434,True
6,2715,1784808010.1708992,8,0.01830005645751953,0.0022875070571899414,True
6,2716,1784808010.189512,8,0.02038407325744629,0.002548009157180786,True
6,2717,1784808010.2102442,8,0.02020549774169922,0.0025256872177124023,True
6,2718,1784808010.2307665,8,0.020845413208007812,0.0026056766510009766,True
6,2719,1784808010.2520971,8,0.019556045532226562,0.0024445056915283203,True
6,2720,1784808010.272094,8,0.019306182861328125,0.0024132728576660156,True
6,2721,1784808010.291898,8,0.02038860321044922,0.0025485754013061523,True
6,2722,1784808010.3126206,8,0.019809246063232422,0.0024761557579040527,True
6,2723,1784808010.332868,8,0.019918441772460938,0.002489805221557617,True
6,2724,1784808010.3532126,8,0.020068645477294922,0.0025085806846618652,True
6,2725,1784808010.3736773,8,0.02035975456237793,0.002544969320297241,True
6,2726,1784808010.3945408,8,0.020838499069213867,0.0026048123836517334,True
6,2727,1784808010.4158142,8,0.019339561462402344,0.002417445182800293,True
6,2728,1784808010.435755,8,0.018322229385375977,0.002290278673171997,True
6,2729,1784808010.4545162,8,0.021538257598876953,0.002692282199859619,True
6,2730,1784808010.4764414,8,0.020425081253051758,0.0025531351566314697,True
6,2731,1784808010.4972143,8,0.019945859909057617,0.002493232488632202,True
6,2732,1784808010.5178797,8,0.020177125930786133,0.0025221407413482666,True
6,2733,1784808010.5384133,8,0.01957535743713379,0.0024469196796417236,True
6,2734,1784808010.5588496,8,0.019159793853759766,0.0023949742317199707,True
6,2735,1784808010.579093,8,0.02066636085510254,0.0025832951068878174,True
6,2736,1784808010.6002362,8,0.020157814025878906,0.0025197267532348633,True
6,2737,1784808010.6208045,8,0.01862621307373047,0.0023282766342163086,True
6,2738,1784808010.6400619,8,0.024441242218017578,0.0030551552772521973,True
6,2739,1784808010.6654215,8,0.017825841903686523,0.0022282302379608154,True
6,2740,1784808010.6837087,8,0.019829988479614258,0.0024787485599517822,True
6,2741,1784808010.7042334,8,0.019669055938720703,0.002458631992340088,True
6,2742,1784808010.7250972,8,0.019443035125732422,0.0024303793907165527,True
6,2743,1784808010.7449405,8,0.020313024520874023,0.002539128065109253,True
6,2744,1784808010.7659192,8,0.019848108291625977,0.002481013536453247,True
6,2745,1784808010.7870893,8,0.020455121994018555,0.0025568902492523193,True
6,2746,1784808010.808109,8,0.020426511764526367,0.002553313970565796,True
6,2747,1784808010.828915,8,0.019239187240600586,0.0024048984050750732,True
6,2748,1784808010.8487194,8,0.0220491886138916,0.00275614857673645,True
6,2749,1784808010.8712213,8,0.019025564193725586,0.0023781955242156982,True
6,2750,1784808010.8905737,8,0.020308732986450195,0.0025385916233062744,True
6,2751,1784808010.9113886,8,0.018958568572998047,0.002369821071624756,True
6,2752,1784808010.9308388,8,0.01802539825439453,0.0022531747817993164,True
6,2753,1784808010.9493017,8,0.020451068878173828,0.0025563836097717285,True
6,2754,1784808010.9702075,8,0.019604921340942383,0.002450615167617798,True
6,2755,1784808010.9903376,8,0.019291162490844727,0.002411395311355591,True
6,2756,1784808011.0098977,8,0.02147054672241211,0.0026838183403015137,True
6,2757,1784808011.0317574,8,0.018770217895507812,0.0023462772369384766,True
6,2758,1784808011.0510888,8,0.01934671401977539,0.002418339252471924,True
6,2759,1784808011.070743,8,0.019590139389038086,0.0024487674236297607,True
6,2760,1784808011.0907476,8,0.019887447357177734,0.002485930919647217,True
6,2761,1784808011.111115,8,0.019822120666503906,0.0024777650833129883,True
6,2762,1784808011.1314235,8,0.019413232803344727,0.002426654100418091,True
6,2763,1784808011.1513312,8,0.019352197647094727,0.002419024705886841,True
6,2764,1784808011.1710973,8,0.02074742317199707,0.002593427896499634,True
6,2765,1784808011.1922386,8,0.02115917205810547,0.0026448965072631836,True
6,2766,1784808011.2141573,8,0.018332481384277344,0.002291560173034668,True
6,2767,1784808011.2330096,8,0.020589828491210938,0.002573728561401367,True
6,2768,1784808011.2539182,8,0.018526792526245117,0.0023158490657806396,True
6,2769,1784808011.2728343,8,0.020837783813476562,0.0026047229766845703,True
6,2770,1784808011.2941146,8,0.019279956817626953,0.002409994602203369,True
6,2771,1784808011.3137646,8,0.02003169059753418,0.0025039613246917725,True
6,2772,1784808011.3341424,8,0.0202484130859375,0.0025310516357421875,True
6,2773,1784808011.3548872,8,0.018600940704345703,0.002325117588043213,True
6,2774,1784808011.373988,8,0.020934343338012695,0.002616792917251587,True
6,2775,1784808011.3952885,8,0.022402048110961914,0.0028002560138702393,True
6,2776,1784808011.4183238,8,0.02161097526550293,0.002701371908187866,True
6,2777,1784808011.4403398,8,0.02046060562133789,0.0025575757026672363,True
6,2778,1784808011.4612708,8,0.01977229118347168,0.00247153639793396,True
6,2779,1784808011.4814239,8,0.01917862892150879,0.0023973286151885986,True
6,2780,1784808011.501154,8,0.022087574005126953,0.002760946750640869,True
6,2781,1784808011.5236175,8,0.018915176391601562,0.0023643970489501953,True
6,2782,1784808011.5428576,8,0.020380258560180664,0.002547532320022583,True
6,2783,1784808011.5635338,8,0.02137589454650879,0.0026719868183135986,True
6,2784,1784808011.585394,8,0.01996779441833496,0.00249597430229187,True
6,2785,1784808011.6060603,8,0.019982576370239258,0.0024978220462799072,True
6,2786,1784808011.6266842,8,0.020842790603637695,0.002605348825454712,True
6,2787,1784808011.647916,8,0.021194934844970703,0.002649366855621338,True
6,2788,1784808011.6695454,8,0.01990795135498047,0.0024884939193725586,True
6,2789,1784808011.689891,8,0.01949596405029297,0.002436995506286621,True
6,2790,1784808011.7097394,8,0.02088141441345215,0.0026101768016815186,True
6,2791,1784808011.731637,8,0.018580198287963867,0.0023225247859954834,True
6,2792,1784808011.7506566,8,0.01950812339782715,0.0024385154247283936,True
6,2793,1784808011.7706904,8,0.021237611770629883,0.0026547014713287354,True
6,2794,1784808011.7923057,8,0.018899202346801758,0.0023624002933502197,True
6,2795,1784808011.8123364,8,0.020267963409423828,0.0025334954261779785,True
6,2796,1784808011.8338363,8,0.020506858825683594,0.0025633573532104492,True
6,2797,1784808011.854763,8,0.020833253860473633,0.002604156732559204,True
6,2798,1784808011.876176,8,0.019832849502563477,0.0024791061878204346,True
6,2799,1784808011.8964157,8,0.019698381423950195,0.0024622976779937744,True
6,2800,1784808011.9165077,8,0.020149707794189453,0.0025187134742736816,True
6,2801,1784808011.9370844,8,0.019957780838012695,0.002494722604751587,True
6,2802,1784808011.957365,8,0.019876480102539062,0.002484560012817383,True
6,2803,1784808011.977542,8,0.02092146873474121,0.0026151835918426514,True
6,2804,1784808011.9987411,8,0.020040035247802734,0.002505004405975342,True
6,2805,1784808012.0191174,8,0.018251419067382812,0.0022814273834228516,True
6,2806,1784808012.037749,8,0.020036697387695312,0.002504587173461914,True
6,2807,1784808012.0586371,8,0.02037191390991211,0.0025464892387390137,True
6,2808,1784808012.0795774,8,0.0207822322845459,0.0025977790355682373,True
6,2809,1784808012.1011367,8,0.020952463150024414,0.0026190578937530518,True
6,2810,1784808012.1225839,8,0.021837472915649414,0.0027296841144561768,True
6,2811,1784808012.1450534,8,0.020123958587646484,0.0025154948234558105,True
6,2812,1784808012.1655161,8,0.020313739776611328,0.002539217472076416,True
6,2813,1784808012.186094,8,0.020531654357910156,0.0025664567947387695,True
6,2814,1784808012.207086,8,0.021840572357177734,0.002730071544647217,True
6,2815,1784808012.229324,8,0.020329713821411133,0.0025412142276763916,True
6,2816,1784808012.2499576,8,0.020200729370117188,0.0025250911712646484,True
6,2817,1784808012.2705834,8,0.019461393356323242,0.0024326741695404053,True
6,2818,1784808012.2903533,8,0.021638154983520508,0.0027047693729400635,True
6,2819,1784808012.3129232,8,0.020597219467163086,0.0025746524333953857,True
6,2820,1784808012.3343477,8,0.01953601837158203,0.002442002296447754,True
6,2821,1784808012.3547711,8,0.022293567657470703,0.002786695957183838,True
6,2822,1784808012.3774889,8,0.01701664924621582,0.0021270811557769775,True
6,2823,1784808012.3948605,8,0.0208587646484375,0.0026073455810546875,True
6,2824,1784808012.416169,8,0.01902008056640625,0.0023775100708007812,True
6,2825,1784808012.435647,8,0.02013850212097168,0.00251731276512146,True
6,2826,1784808012.4562645,8,0.019446134567260742,0.0024307668209075928,True
6,2827,1784808012.4761574,8,0.01959705352783203,0.002449631690979004,True
6,2828,1784808012.4960678,8,0.019847869873046875,0.0024809837341308594,True
6,2829,1784808012.5162518,8,0.020889997482299805,0.0026112496852874756,True
6,2830,1784808012.5375311,8,0.018872737884521484,0.0023590922355651855,True
6,2831,1784808012.55671,8,0.019414424896240234,0.0024268031120300293,True
6,2832,1784808012.5765662,8,0.020992040634155273,0.002624005079269409,True
6,2833,1784808012.5979748,8,0.01937079429626465,0.002421349287033081,True
6,2834,1784808012.6177742,8,0.021448612213134766,0.0026810765266418457,True
6,2835,1784808012.639717,8,0.020871639251708984,0.002608954906463623,True
6,2836,1784808012.6609104,8,0.02085256576538086,0.0026065707206726074,True
6,2837,1784808012.6820967,8,0.020430564880371094,0.0025538206100463867,True
6,2838,1784808012.7028935,8,0.019011974334716797,0.0023764967918395996,True
6,2839,1784808012.7222433,8,0.02052164077758789,0.0025652050971984863,True
6,2840,1784808012.7431343,8,0.019552230834960938,0.002444028854370117,True
6,2841,1784808012.7630124,8,0.02026987075805664,0.00253373384475708,True
6,2842,1784808012.78356,8,0.018601417541503906,0.0023251771926879883,True
6,2843,1784808012.8024745,8,0.017502784729003906,0.0021878480911254883,True
6,2844,1784808012.8203278,8,0.018748998641967773,0.0023436248302459717,True
6,2845,1784808012.8396027,8,0.020827770233154297,0.002603471279144287,True
6,2846,1784808012.8608847,8,0.018846750259399414,0.0023558437824249268,True
6,2847,1784808012.8800914,8,0.020534753799438477,0.0025668442249298096,True
6,2848,1784808012.9010692,8,0.018765926361083984,0.002345740795135498,True
6,2849,1784808012.9202657,8,0.019956350326538086,0.0024945437908172607,True
6,2850,1784808012.9406576,8,0.021494150161743164,0.0026867687702178955,True
6,2851,1784808012.9624488,8,0.0200960636138916,0.00251200795173645,True
6,2852,1784808012.9828155,8,0.019466876983642578,0.0024333596229553223,True
6,2853,1784808013.0027092,8,0.019269943237304688,0.002408742904663086,True
6,2854,1784808013.022299,8,0.02144765853881836,0.002680957317352295,True
6,2855,1784808013.044176,8,0.018538236618041992,0.002317279577255249,True
6,2856,1784808013.0630639,8,0.019804000854492188,0.0024755001068115234,True
6,2857,1784808013.0835335,8,0.02105402946472168,0.00263175368309021,True
6,2858,1784808013.1049268,8,0.018796205520629883,0.0023495256900787354,True
6,2859,1784808013.1244464,8,0.019966840744018555,0.0024958550930023193,True
6,2860,1784808013.1449158,8,0.02020716667175293,0.002525895833969116,True
6,2861,1784808013.165525,8,0.02149367332458496,0.00268670916557312,True
6,2862,1784808013.1879852,8,0.021002531051635742,0.0026253163814544678,True
6,2863,1784808013.2104669,8,0.019813060760498047,0.002476632595062256,True
6,2864,1784808013.2309794,8,0.021260738372802734,0.002657592296600342,True
6,2865,1784808013.2536411,8,0.019964933395385742,0.0024956166744232178,True
6,2866,1784808013.2739823,8,0.01794266700744629,0.002242833375930786,True
6,2867,1784808013.2928615,8,0.020459413528442383,0.002557426691055298,True
6,2868,1784808013.3137712,8,0.02018284797668457,0.0025228559970855713,True
6,2869,1784808013.3345556,8,0.020177125930786133,0.0025221407413482666,True
6,2870,1784808013.356839,8,0.021877050399780273,0.002734631299972534,True
6,2871,1784808013.3794546,8,0.018100261688232422,0.0022625327110290527,True
6,2872,1784808013.3980978,8,0.018875837326049805,0.0023594796657562256,True
6,2873,1784808013.4173558,8,0.022317886352539062,0.002789735794067383,True
6,2874,1784808013.4401474,8,0.018177509307861328,0.002272188663482666,True
6,2875,1784808013.4586937,8,0.02061009407043457,0.0025762617588043213,True
6,2876,1784808013.4796157,8,0.01978158950805664,0.00247269868850708,True
6,2877,1784808013.4997952,8,0.020180702209472656,0.002522587776184082,True
6,2878,1784808013.5202968,8,0.021445751190185547,0.0026807188987731934,True
6,2879,1784808013.5420141,8,0.01988053321838379,0.0024850666522979736,True
6,2880,1784808013.5623567,8,0.019655942916870117,0.0024569928646087646,True
6,2881,1784808013.582346,8,0.01907491683959961,0.002384364604949951,True
6,2882,1784808013.6017737,8,0.020912647247314453,0.0026140809059143066,True
6,2883,1784808013.623132,8,0.02046966552734375,0.0025587081909179688,True
6,2884,1784808013.6440358,8,0.019027233123779297,0.002378404140472412,True
6,2885,1784808013.6635141,8,0.021201372146606445,0.0026501715183258057,True
6,2886,1784808013.6851566,8,0.020325660705566406,0.0025407075881958008,True
6,2887,1784808013.7057931,8,0.0195925235748291,0.0024490654468536377,True
6,2888,1784808013.7258747,8,0.02041935920715332,0.002552419900894165,True
6,2889,1784808013.7466235,8,0.01993870735168457,0.0024923384189605713,True
6,2890,1784808013.7670178,8,0.02063775062561035,0.002579718828201294,True
6,2891,1784808013.7881062,8,0.019496440887451172,0.0024370551109313965,True
6,2892,1784808013.8079538,8,0.021509885787963867,0.0026887357234954834,True
6,2893,1784808013.8298895,8,0.01907634735107422,0.0023845434188842773,True
6,2894,1784808013.849732,8,0.020003557205200195,0.0025004446506500244,True
6,2895,1784808013.8701801,8,0.021893024444580078,0.0027366280555725098,True
6,2896,1784808013.8925467,8,0.020964860916137695,0.002620607614517212,True
6,2897,1784808013.914146,8,0.019301891326904297,0.002412736415863037,True
6,2898,1784808013.934073,8,0.020074844360351562,0.0025093555450439453,True
6,2899,1784808013.9551008,8,0.01924443244934082,0.0024055540561676025,True
6,2900,1784808013.9746134,8,0.01942896842956543,0.0024286210536956787,True
6,2901,1784808013.994588,8,0.020080089569091797,0.0025100111961364746,True
6,2902,1784808014.0151145,8,0.019936561584472656,0.002492070198059082,True
6,2903,1784808014.0355866,8,0.021842002868652344,0.002730250358581543,True
6,2904,1784808014.0577936,8,0.0196382999420166,0.002454787492752075,True
6,2905,1784808014.0778337,8,0.019794225692749023,0.002474278211593628,True
6,2906,1784808014.097936,8,0.022523164749145508,0.0028153955936431885,True
6,2907,1784808014.1218023,8,0.01777791976928711,0.0022222399711608887,True
6,2908,1784808014.1399505,8,0.0206143856048584,0.0025767982006073,True
6,2909,1784808014.1609044,8,0.01993250846862793,0.002491563558578491,True
6,2910,1784808014.1814094,8,0.020219802856445312,0.002527475357055664,True
6,2911,1784808014.2021368,8,0.021073579788208008,0.002634197473526001,True
6,2912,1784808014.2239995,8,0.020111799240112305,0.002513974905014038,True
6,2913,1784808014.244519,8,0.020816326141357422,0.0026020407676696777,True
6,2914,1784808014.265757,8,0.0191652774810791,0.0023956596851348877,True
6,2915,1784808014.285914,8,0.020434856414794922,0.0025543570518493652,True
6,2916,1784808014.306707,8,0.017469406127929688,0.002183675765991211,True
6,2917,1784808014.3245609,8,0.01895737648010254,0.0023696720600128174,True
6,2918,1784808014.3438265,8,0.016493797302246094,0.0020617246627807617,True
6,2919,1784808014.3607533,8,0.020171642303466797,0.0025214552879333496,True
6,2920,1784808014.3812902,8,0.01798844337463379,0.0022485554218292236,True
6,2921,1784808014.39961,8,0.01684284210205078,0.0021053552627563477,True
6,2922,1784808014.4170744,8,0.014543533325195312,0.001817941665649414,True
6,2923,1784808014.432066,8,0.017282485961914062,0.002160310745239258,True
6,2924,1784808014.4497457,8,0.014623403549194336,0.001827925443649292,True
6,2925,1784808014.46464,8,0.014944314956665039,0.0018680393695831299,True
6,2926,1784808014.4802032,8,0.01772284507751465,0.002215355634689331,True
6,2927,1784808014.4983199,8,0.016367435455322266,0.002045929431915283,True
6,2928,1784808014.5150988,8,0.014725923538208008,0.001840740442276001,True
