process_id,batch_id,timestamp,batch_size,batch_time_seconds,avg_query_time_seconds,success
6,1,1784807882.9666839,8,0.007206916809082031,0.0009008646011352539,True
6,2,1784807882.9752815,8,0.006882667541503906,0.0008603334426879883,True
6,3,1784807882.9838345,8,0.00666499137878418,0.0008331239223480225,True
6,4,1784807882.9911945,8,0.007816076278686523,0.0009770095348358154,True
6,5,1784807883.000096,8,0.007356166839599609,0.0009195208549499512,True
6,6,1784807883.0081213,8,0.0065021514892578125,0.0008127689361572266,True
6,7,1784807883.0155394,8,0.006707429885864258,0.0008384287357330322,True
6,8,1784807883.0228956,8,0.007366657257080078,0.0009208321571350098,True
6,9,1784807883.0307927,8,0.007088422775268555,0.0008860528469085693,True
6,10,1784807883.0394084,8,0.006636381149291992,0.000829547643661499,True
6,11,1784807883.0484004,8,0.006184101104736328,0.000773012638092041,True
6,12,1784807883.0552893,8,0.008178472518920898,0.0010223090648651123,True
6,13,1784807883.0667398,8,0.009090185165405273,0.0011362731456756592,True
6,14,1784807883.0773156,8,0.0063016414642333984,0.0007877051830291748,True
6,15,1784807883.0844681,8,0.007381916046142578,0.0009227395057678223,True
6,16,1784807883.0940306,8,0.008568763732910156,0.0010710954666137695,True
6,17,1784807883.1048517,8,0.01060938835144043,0.0013261735439300537,True
6,18,1784807883.116594,8,0.00684666633605957,0.0008558332920074463,True
6,19,1784807883.1243007,8,0.008608341217041016,0.001076042652130127,True
6,20,1784807883.1335876,8,0.008455514907836914,0.0010569393634796143,True
6,21,1784807883.1471827,8,0.007145881652832031,0.0008932352066040039,True
6,22,1784807883.1548405,8,0.007563591003417969,0.0009454488754272461,True
6,23,1784807883.1638412,8,0.007088184356689453,0.0008860230445861816,True
6,24,1784807883.1732566,8,0.009999752044677734,0.0012499690055847168,True
6,25,1784807883.1850786,8,0.006417751312255859,0.0008022189140319824,True
6,26,1784807883.1927395,8,0.012813091278076172,0.0016016364097595215,True
6,27,1784807883.2077558,8,0.008790731430053711,0.0010988414287567139,True
6,28,1784807883.2170851,8,0.010097742080688477,0.0012622177600860596,True
6,29,1784807883.2279775,8,0.008147239685058594,0.0010184049606323242,True
6,30,1784807883.2378352,8,0.008340835571289062,0.0010426044464111328,True
6,31,1784807883.2485049,8,0.010251998901367188,0.0012814998626708984,True
6,32,1784807883.2609358,8,0.008471012115478516,0.0010588765144348145,True
6,33,1784807883.2747934,8,0.010289669036865234,0.0012862086296081543,True
6,34,1784807883.2857769,8,0.008330106735229492,0.0010412633419036865,True
6,35,1784807883.2947268,8,0.010545015335083008,0.001318126916885376,True
6,36,1784807883.312199,8,0.006900310516357422,0.0008625388145446777,True
6,37,1784807883.3208172,8,0.01358485221862793,0.0016981065273284912,True
6,38,1784807883.3384714,8,0.007904052734375,0.000988006591796875,True
6,39,1784807883.3478305,8,0.009206771850585938,0.0011508464813232422,True
6,40,1784807883.3603795,8,0.010828495025634766,0.0013535618782043457,True
6,41,1784807883.372409,8,0.011702775955200195,0.0014628469944000244,True
6,42,1784807883.390783,8,0.007065534591674805,0.0008831918239593506,True
6,43,1784807883.4054236,8,0.009641408920288086,0.0012051761150360107,True
6,44,1784807883.4187708,8,0.011479616165161133,0.0014349520206451416,True
6,45,1784807883.4327826,8,0.008708000183105469,0.0010885000228881836,True
6,46,1784807883.4523602,8,0.009470224380493164,0.0011837780475616455,True
6,47,1784807883.4717772,8,0.007973670959472656,0.000996708869934082,True
6,48,1784807883.4899583,8,0.006757974624633789,0.0008447468280792236,True
6,49,1784807883.5033076,8,0.008574247360229492,0.0010717809200286865,True
6,50,1784807883.5160878,8,0.012003421783447266,0.0015004277229309082,True
6,51,1784807883.5285454,8,0.016709566116333008,0.002088695764541626,True
6,52,1784807883.5476797,8,0.014434337615966797,0.0018042922019958496,True
6,53,1784807883.576249,8,0.008342504501342773,0.0010428130626678467,True
6,54,1784807883.598628,8,0.012553691864013672,0.001569211483001709,True
6,55,1784807883.6124759,8,0.015688657760620117,0.0019610822200775146,True
6,56,1784807883.6327322,8,0.014555215835571289,0.0018194019794464111,True
6,57,1784807883.6672041,8,0.010442018508911133,0.0013052523136138916,True
6,58,1784807883.6920981,8,0.011367321014404297,0.0014209151268005371,True
6,59,1784807883.7040982,8,0.019079208374023438,0.0023849010467529297,True
6,60,1784807883.730218,8,0.01026010513305664,0.00128251314163208,True
6,61,1784807883.758244,8,0.010598421096801758,0.0013248026371002197,True
6,62,1784807883.7794535,8,0.012388467788696289,0.0015485584735870361,True
6,63,1784807883.8164427,8,0.007033348083496094,0.0008791685104370117,True
6,64,1784807883.8339455,8,0.012459754943847656,0.001557469367980957,True
6,65,1784807883.8519444,8,0.01354527473449707,0.0016931593418121338,True
6,66,1784807883.8695812,8,0.013068437576293945,0.0016335546970367432,True
6,67,1784807883.8841076,8,0.01973748207092285,0.0024671852588653564,True
6,68,1784807883.9045444,8,0.0191037654876709,0.0023879706859588623,True
6,69,1784807883.924119,8,0.021527767181396484,0.0026909708976745605,True
6,70,1784807883.9461792,8,0.0211944580078125,0.0026493072509765625,True
6,71,1784807883.9706187,8,0.015970468521118164,0.0019963085651397705,True
6,72,1784807883.987277,8,0.02060699462890625,0.0025758743286132812,True
6,73,1784807884.0093837,8,0.021175861358642578,0.0026469826698303223,True
6,74,1784807884.0310876,8,0.020264387130737305,0.002533048391342163,True
6,75,1784807884.0518675,8,0.02069401741027832,0.00258675217628479,True
6,76,1784807884.073212,8,0.020018339157104492,0.0025022923946380615,True
6,77,1784807884.093855,8,0.019033432006835938,0.002379179000854492,True
6,78,1784807884.113496,8,0.020026445388793945,0.002503305673599243,True
6,79,1784807884.1340146,8,0.020911693572998047,0.002613961696624756,True
6,80,1784807884.1553023,8,0.022292137145996094,0.0027865171432495117,True
6,81,1784807884.1788146,8,0.020088672637939453,0.0025110840797424316,True
6,82,1784807884.2001054,8,0.018663883209228516,0.0023329854011535645,True
6,83,1784807884.2191873,8,0.021922826766967773,0.0027403533458709717,True
6,84,1784807884.2426581,8,0.02023935317993164,0.002529919147491455,True
6,85,1784807884.2634606,8,0.020378828048706055,0.002547353506088257,True
6,86,1784807884.2847095,8,0.019356489181518555,0.0024195611476898193,True
6,87,1784807884.3050182,8,0.020572900772094727,0.002571612596511841,True
6,88,1784807884.3270733,8,0.019742488861083984,0.002467811107635498,True
6,89,1784807884.3474164,8,0.019707679748535156,0.0024634599685668945,True
6,90,1784807884.3675897,8,0.022101879119873047,0.002762734889984131,True
6,91,1784807884.3901803,8,0.020657062530517578,0.0025821328163146973,True
6,92,1784807884.4113228,8,0.02008676528930664,0.00251084566116333,True
6,93,1784807884.4318979,8,0.01909804344177246,0.0023872554302215576,True
6,94,1784807884.45207,8,0.019840240478515625,0.002480030059814453,True
6,95,1784807884.4727108,8,0.020272254943847656,0.002534031867980957,True
6,96,1784807884.4940495,8,0.020117998123168945,0.002514749765396118,True
6,97,1784807884.514806,8,0.020700693130493164,0.0025875866413116455,True
6,98,1784807884.535946,8,0.019884109497070312,0.002485513687133789,True
6,99,1784807884.5565157,8,0.021368026733398438,0.0026710033416748047,True
6,100,1784807884.578745,8,0.020290851593017578,0.0025363564491271973,True
6,101,1784807884.599482,8,0.019870996475219727,0.002483874559402466,True
6,102,1784807884.6200798,8,0.022567272186279297,0.002820909023284912,True
6,103,1784807884.6435091,8,0.018957853317260742,0.0023697316646575928,True
6,104,1784807884.6629918,8,0.020134925842285156,0.0025168657302856445,True
6,105,1784807884.683656,8,0.019549131393432617,0.002443641424179077,True
6,106,1784807884.7037807,8,0.019742250442504883,0.0024677813053131104,True
6,107,1784807884.7240446,8,0.020169734954833984,0.002521216869354248,True
6,108,1784807884.7448704,8,0.021134138107299805,0.0026417672634124756,True
6,109,1784807884.7667353,8,0.018670320510864258,0.0023337900638580322,True
6,110,1784807884.7858973,8,0.019400358200073242,0.0024250447750091553,True
6,111,1784807884.8058527,8,0.020950794219970703,0.002618849277496338,True
6,112,1784807884.8272452,8,0.020056962966918945,0.002507120370864868,True
6,113,1784807884.8479056,8,0.01841902732849121,0.0023023784160614014,True
6,114,1784807884.8671882,8,0.019269466400146484,0.0024086833000183105,True
6,115,1784807884.887317,8,0.019644498825073242,0.0024555623531341553,True
6,116,1784807884.907475,8,0.020210742950439453,0.0025263428688049316,True
6,117,1784807884.928203,8,0.019689083099365234,0.0024611353874206543,True
6,118,1784807884.9486449,8,0.02030158042907715,0.0025376975536346436,True
6,119,1784807884.9698021,8,0.019243478775024414,0.0024054348468780518,True
6,120,1784807884.989615,8,0.021312713623046875,0.0026640892028808594,True
6,121,1784807885.0114455,8,0.019984960556030273,0.002498120069503784,True
6,122,1784807885.0322573,8,0.018955469131469727,0.002369433641433716,True
6,123,1784807885.0517077,8,0.021870851516723633,0.002733856439590454,True
6,124,1784807885.0743606,8,0.018178462982177734,0.002272307872772217,True
6,125,1784807885.0931387,8,0.02007007598876953,0.0025087594985961914,True
6,126,1784807885.113692,8,0.020104646682739258,0.0025130808353424072,True
6,127,1784807885.134143,8,0.02007889747619629,0.002509862184524536,True
6,128,1784807885.1545992,8,0.021926164627075195,0.0027407705783843994,True
6,129,1784807885.176922,8,0.019238710403442383,0.002404838800430298,True
6,130,1784807885.1965258,8,0.0196380615234375,0.0024547576904296875,True
6,131,1784807885.2165222,8,0.021492958068847656,0.002686619758605957,True
6,132,1784807885.2384837,8,0.021301746368408203,0.0026627182960510254,True
6,133,1784807885.260248,8,0.019753217697143555,0.0024691522121429443,True
6,134,1784807885.2803607,8,0.020138263702392578,0.0025172829627990723,True
6,135,1784807885.3008468,8,0.01932525634765625,0.0024156570434570312,True
6,136,1784807885.3205965,8,0.019832134246826172,0.0024790167808532715,True
6,137,1784807885.3409185,8,0.019362449645996094,0.0024203062057495117,True
6,138,1784807885.3606377,8,0.019435644149780273,0.002429455518722534,True
6,139,1784807885.3804603,8,0.019661426544189453,0.0024576783180236816,True
6,140,1784807885.4004755,8,0.01814746856689453,0.0022684335708618164,True
6,141,1784807885.4190018,8,0.01991558074951172,0.002489447593688965,True
6,142,1784807885.439266,8,0.02127218246459961,0.002659022808074951,True
6,143,1784807885.4609563,8,0.019121885299682617,0.002390235662460327,True
6,144,1784807885.4807985,8,0.019453763961791992,0.002431720495223999,True
6,145,1784807885.5006623,8,0.020473003387451172,0.0025591254234313965,True
6,146,1784807885.5215871,8,0.01923656463623047,0.0024045705795288086,True
6,147,1784807885.541941,8,0.019515037536621094,0.0024393796920776367,True
6,148,1784807885.5619793,8,0.019017934799194336,0.002377241849899292,True
6,149,1784807885.5813596,8,0.01902151107788086,0.0023776888847351074,True
6,150,1784807885.6008556,8,0.0197446346282959,0.0024680793285369873,True
6,151,1784807885.6209714,8,0.01914072036743164,0.002392590045928955,True
6,152,1784807885.6407,8,0.018885374069213867,0.0023606717586517334,True
6,153,1784807885.6599596,8,0.019610881805419922,0.0024513602256774902,True
6,154,1784807885.6798975,8,0.018621444702148438,0.0023276805877685547,True
6,155,1784807885.6988695,8,0.019780397415161133,0.0024725496768951416,True
6,156,1784807885.7199552,8,0.017596721649169922,0.0021995902061462402,True
6,157,1784807885.7380137,8,0.020589113235473633,0.002573639154434204,True
6,158,1784807885.7589612,8,0.019559383392333984,0.002444922924041748,True
6,159,1784807885.7789443,8,0.0235898494720459,0.0029487311840057373,True
6,160,1784807885.80362,8,0.01720118522644043,0.0021501481533050537,True
6,161,1784807885.8211286,8,0.02054119110107422,0.0025676488876342773,True
6,162,1784807885.8420546,8,0.018865346908569336,0.002358168363571167,True
6,163,1784807885.8614225,8,0.020560503005981445,0.0025700628757476807,True
6,164,1784807885.8824875,8,0.019797325134277344,0.002474665641784668,True
6,165,1784807885.903038,8,0.019147634506225586,0.0023934543132781982,True
6,166,1784807885.9225378,8,0.02005314826965332,0.002506643533706665,True
6,167,1784807885.9430153,8,0.02047562599182129,0.002559453248977661,True
6,168,1784807885.964058,8,0.020932435989379883,0.0026165544986724854,True
6,169,1784807885.9854066,8,0.019109725952148438,0.0023887157440185547,True
6,170,1784807886.0049968,8,0.01946544647216797,0.002433180809020996,True
6,171,1784807886.0249348,8,0.019185543060302734,0.002398192882537842,True
6,172,1784807886.0444696,8,0.018946170806884766,0.0023682713508605957,True
6,173,1784807886.0642922,8,0.021254539489746094,0.0026568174362182617,True
6,174,1784807886.0858595,8,0.019898653030395508,0.0024873316287994385,True
6,175,1784807886.1061819,8,0.02047443389892578,0.0025593042373657227,True
6,176,1784807886.1269376,8,0.0207827091217041,0.0025978386402130127,True
6,177,1784807886.1479993,8,0.021069049835205078,0.0026336312294006348,True
6,178,1784807886.1698434,8,0.019431352615356445,0.0024289190769195557,True
6,179,1784807886.1896646,8,0.02001643180847168,0.00250205397605896,True
6,180,1784807886.2099469,8,0.01999521255493164,0.002499401569366455,True
6,181,1784807886.2303345,8,0.02078986167907715,0.0025987327098846436,True
6,182,1784807886.2515392,8,0.020772933959960938,0.002596616744995117,True
6,183,1784807886.272731,8,0.019054651260375977,0.002381831407546997,True
6,184,1784807886.2925286,8,0.02080225944519043,0.0026002824306488037,True
6,185,1784807886.3136134,8,0.019637107849121094,0.0024546384811401367,True
6,186,1784807886.3336942,8,0.019679546356201172,0.0024599432945251465,True
6,187,1784807886.3537128,8,0.017780542373657227,0.0022225677967071533,True
6,188,1784807886.3719656,8,0.024398326873779297,0.003049790859222412,True
6,189,1784807886.3972125,8,0.019821882247924805,0.0024777352809906006,True
6,190,1784807886.4174666,8,0.019667387008666992,0.002458423376083374,True
6,191,1784807886.4374242,8,0.02008342742919922,0.0025104284286499023,True
6,192,1784807886.457847,8,0.019396305084228516,0.0024245381355285645,True
6,193,1784807886.477665,8,0.021918535232543945,0.002739816904067993,True
6,194,1784807886.5000381,8,0.019777297973632812,0.0024721622467041016,True
6,195,1784807886.520193,8,0.020126819610595703,0.002515852451324463,True
6,196,1784807886.5407894,8,0.019176006317138672,0.002397000789642334,True
6,197,1784807886.56071,8,0.020812511444091797,0.0026015639305114746,True
6,198,1784807886.5822318,8,0.022042512893676758,0.0027553141117095947,True
6,199,1784807886.6046977,8,0.020379066467285156,0.0025473833084106445,True
6,200,1784807886.6256075,8,0.020722627639770508,0.0025903284549713135,True
6,201,1784807886.6468706,8,0.020583391189575195,0.0025729238986968994,True
6,202,1784807886.6678727,8,0.01995396614074707,0.002494245767593384,True
6,203,1784807886.6881604,8,0.018977642059326172,0.0023722052574157715,True
6,204,1784807886.7075188,8,0.02165389060974121,0.0027067363262176514,True
6,205,1784807886.7297072,8,0.019549131393432617,0.002443641424179077,True
6,206,1784807886.7497199,8,0.020196199417114258,0.0025245249271392822,True
6,207,1784807886.7703273,8,0.01971578598022461,0.002464473247528076,True
6,208,1784807886.7904232,8,0.019585132598876953,0.002448141574859619,True
6,209,1784807886.8103516,8,0.019027233123779297,0.002378404140472412,True
6,210,1784807886.8300107,8,0.019800186157226562,0.0024750232696533203,True
6,211,1784807886.8504815,8,0.019072294235229492,0.0023840367794036865,True
6,212,1784807886.8699727,8,0.0206298828125,0.0025787353515625,True
6,213,1784807886.8911328,8,0.01972222328186035,0.002465277910232544,True
6,214,1784807886.9118428,8,0.020345449447631836,0.0025431811809539795,True
6,215,1784807886.9325945,8,0.020064353942871094,0.0025080442428588867,True
6,216,1784807886.9530792,8,0.019404888153076172,0.0024256110191345215,True
6,217,1784807886.9727895,8,0.020963668823242188,0.0026204586029052734,True
6,218,1784807886.9941192,8,0.022171497344970703,0.002771437168121338,True
6,219,1784807887.0167723,8,0.01866459846496582,0.0023330748081207275,True
6,220,1784807887.0357847,8,0.021152973175048828,0.0026441216468811035,True
6,221,1784807887.0574408,8,0.018601179122924805,0.0023251473903656006,True
6,222,1784807887.077093,8,0.019249916076660156,0.0024062395095825195,True
6,223,1784807887.0969675,8,0.019774675369262695,0.002471834421157837,True
6,224,1784807887.1170683,8,0.021721363067626953,0.002715170383453369,True
6,225,1784807887.1391468,8,0.02162456512451172,0.002703070640563965,True
6,226,1784807887.1613898,8,0.019445180892944336,0.002430647611618042,True
6,227,1784807887.1813147,8,0.020476102828979492,0.0025595128536224365,True
6,228,1784807887.2022545,8,0.019710540771484375,0.002463817596435547,True
6,229,1784807887.2223725,8,0.021291017532348633,0.002661377191543579,True
6,230,1784807887.244366,8,0.021258831024169922,0.0026573538780212402,True
6,231,1784807887.2663527,8,0.020235061645507812,0.0025293827056884766,True
6,232,1784807887.287212,8,0.019582271575927734,0.002447783946990967,True
6,233,1784807887.3072891,8,0.020542144775390625,0.002567768096923828,True
6,234,1784807887.328328,8,0.02013421058654785,0.0025167763233184814,True
6,235,1784807887.3490448,8,0.021974802017211914,0.0027468502521514893,True
6,236,1784807887.3715584,8,0.019044876098632812,0.0023806095123291016,True
6,237,1784807887.391142,8,0.01948094367980957,0.0024351179599761963,True
6,238,1784807887.411553,8,0.019853830337524414,0.0024817287921905518,True
6,239,1784807887.4318662,8,0.020303964614868164,0.0025379955768585205,True
6,240,1784807887.4529235,8,0.01836419105529785,0.0022955238819122314,True
6,241,1784807887.471962,8,0.020991802215576172,0.0026239752769470215,True
6,242,1784807887.493431,8,0.019506216049194336,0.002438277006149292,True
6,243,1784807887.5134466,8,0.01846003532409668,0.002307504415512085,True
6,244,1784807887.532779,8,0.02201676368713379,0.0027520954608917236,True
6,245,1784807887.5553598,8,0.023103713989257812,0.0028879642486572266,True
6,246,1784807887.5794778,8,0.020418643951416016,0.002552330493927002,True
6,247,1784807887.6013963,8,0.01836681365966797,0.002295851707458496,True
6,248,1784807887.620245,8,0.019477367401123047,0.002434670925140381,True
6,249,1784807887.6402383,8,0.020211458206176758,0.0025264322757720947,True
6,250,1784807887.6608095,8,0.020250558853149414,0.0025313198566436768,True
6,251,1784807887.6813967,8,0.021298646926879883,0.0026623308658599854,True
6,252,1784807887.7030728,8,0.021163225173950195,0.0026454031467437744,True
6,253,1784807887.7245982,8,0.019966602325439453,0.0024958252906799316,True
6,254,1784807887.7450001,8,0.020096540451049805,0.0025120675563812256,True
6,255,1784807887.76558,8,0.01940011978149414,0.0024250149726867676,True
6,256,1784807887.7854495,8,0.019232749938964844,0.0024040937423706055,True
6,257,1784807887.805114,8,0.019272565841674805,0.0024090707302093506,True
6,258,1784807887.8247516,8,0.019906044006347656,0.002488255500793457,True
6,259,1784807887.8450959,8,0.020123004913330078,0.0025153756141662598,True
6,260,1784807887.8661125,8,0.019359350204467773,0.0024199187755584717,True
6,261,1784807887.8859267,8,0.0179903507232666,0.002248793840408325,True
6,262,1784807887.9042275,8,0.02107071876525879,0.0026338398456573486,True
6,263,1784807887.925737,8,0.018975496292114258,0.0023719370365142822,True
6,264,1784807887.9450505,8,0.01870560646057129,0.002338200807571411,True
6,265,1784807887.964155,8,0.020571470260620117,0.0025714337825775146,True
6,266,1784807887.9850855,8,0.019067764282226562,0.0023834705352783203,True
6,267,1784807888.0046117,8,0.019513368606567383,0.002439171075820923,True
6,268,1784807888.0244627,8,0.0190277099609375,0.0023784637451171875,True
6,269,1784807888.0438917,8,0.019211769104003906,0.0024014711380004883,True
6,270,1784807888.063489,8,0.020935773849487305,0.002616971731185913,True
6,271,1784807888.0847383,8,0.020923137664794922,0.0026153922080993652,True
6,272,1784807888.1059551,8,0.019641876220703125,0.0024552345275878906,True
6,273,1784807888.1259696,8,0.024143218994140625,0.003017902374267578,True
6,274,1784807888.1504207,8,0.018085718154907227,0.0022607147693634033,True
6,275,1784807888.1688719,8,0.020145893096923828,0.0025182366371154785,True
6,276,1784807888.1894677,8,0.020830154418945312,0.002603769302368164,True
6,277,1784807888.2106245,8,0.019308805465698242,0.0024136006832122803,True
6,278,1784807888.2302482,8,0.020843029022216797,0.0026053786277770996,True
6,279,1784807888.2515135,8,0.018721818923950195,0.0023402273654937744,True
6,280,1784807888.2705753,8,0.019123554229736328,0.002390444278717041,True
6,281,1784807888.2900074,8,0.019077777862548828,0.0023847222328186035,True
6,282,1784807888.309375,8,0.020548105239868164,0.0025685131549835205,True
6,283,1784807888.330381,8,0.01961994171142578,0.0024524927139282227,True
6,284,1784807888.3503084,8,0.019187211990356445,0.0023984014987945557,True
6,285,1784807888.3700416,8,0.02021622657775879,0.0025270283222198486,True
6,286,1784807888.39061,8,0.020051002502441406,0.0025063753128051758,True
6,287,1784807888.4115994,8,0.021076440811157227,0.0026345551013946533,True
6,288,1784807888.4329526,8,0.02013540267944336,0.00251692533493042,True
6,289,1784807888.4534369,8,0.01802992820739746,0.0022537410259246826,True
6,290,1784807888.4717507,8,0.021607637405395508,0.0027009546756744385,True
6,291,1784807888.49378,8,0.01755499839782715,0.0021943747997283936,True
6,292,1784807888.5116665,8,0.021211624145507812,0.0026514530181884766,True
6,293,1784807888.5333822,8,0.020588397979736328,0.002573549747467041,True
6,294,1784807888.554386,8,0.019231319427490234,0.0024039149284362793,True
6,295,1784807888.5740447,8,0.019916057586669922,0.0024895071983337402,True
6,296,1784807888.594313,8,0.018136024475097656,0.002267003059387207,True
6,297,1784807888.6131685,8,0.019068479537963867,0.0023835599422454834,True
6,298,1784807888.6328816,8,0.019751548767089844,0.0024689435958862305,True
6,299,1784807888.6537013,8,0.020794391632080078,0.0025992989540100098,True
6,300,1784807888.675203,8,0.0205233097076416,0.0025654137134552,True
6,301,1784807888.6961381,8,0.019318580627441406,0.0024148225784301758,True
6,302,1784807888.7157822,8,0.019478559494018555,0.0024348199367523193,True
6,303,1784807888.7356424,8,0.018933773040771484,0.0023667216300964355,True
6,304,1784807888.7553928,8,0.02482891082763672,0.00310361385345459,True
6,305,1784807888.7805662,8,0.01584148406982422,0.0019801855087280273,True
6,306,1784807888.7967477,8,0.020427703857421875,0.0025534629821777344,True
6,307,1784807888.8174503,8,0.020110368728637695,0.002513796091079712,True
6,308,1784807888.838183,8,0.020958900451660156,0.0026198625564575195,True
6,309,1784807888.8607903,8,0.020907878875732422,0.0026134848594665527,True
6,310,1784807888.8826206,8,0.020037174224853516,0.0025046467781066895,True
6,311,1784807888.9030912,8,0.021228313446044922,0.0026535391807556152,True
6,312,1784807888.9246657,8,0.019626379013061523,0.0024532973766326904,True
6,313,1784807888.944594,8,0.0200650691986084,0.00250813364982605,True
6,314,1784807888.9650369,8,0.020402908325195312,0.002550363540649414,True
6,315,1784807888.9858408,8,0.02221393585205078,0.0027767419815063477,True
6,316,1784807889.0084262,8,0.01942753791809082,0.0024284422397613525,True
6,317,1784807889.0281463,8,0.0205838680267334,0.002572983503341675,True
6,318,1784807889.0491686,8,0.02069377899169922,0.0025867223739624023,True
6,319,1784807889.0702758,8,0.021103858947753906,0.0026379823684692383,True
6,320,1784807889.0916705,8,0.018739700317382812,0.0023424625396728516,True
6,321,1784807889.111152,8,0.020322084426879883,0.0025402605533599854,True
6,322,1784807889.132392,8,0.02010512351989746,0.0025131404399871826,True
6,323,1784807889.1528192,8,0.01914834976196289,0.0023935437202453613,True
6,324,1784807889.1723738,8,0.020186901092529297,0.002523362636566162,True
6,325,1784807889.1928837,8,0.024272918701171875,0.0030341148376464844,True
6,326,1784807889.2174623,8,0.019664764404296875,0.0024580955505371094,True
6,327,1784807889.2376502,8,0.01875448226928711,0.0023443102836608887,True
6,328,1784807889.2567673,8,0.02184271812438965,0.002730339765548706,True
6,329,1784807889.278951,8,0.02197098731994629,0.002746373414993286,True
6,330,1784807889.301452,8,0.02210211753845215,0.0027627646923065186,True
6,331,1784807889.325855,8,0.016834259033203125,0.0021042823791503906,True
6,332,1784807889.3432026,8,0.019107818603515625,0.002388477325439453,True
6,333,1784807889.362632,8,0.020176172256469727,0.002522021532058716,True
6,334,1784807889.3832638,8,0.02118062973022461,0.002647578716278076,True
6,335,1784807889.4049141,8,0.018880605697631836,0.0023600757122039795,True
6,336,1784807889.4240735,8,0.01969289779663086,0.0024616122245788574,True
6,337,1784807889.4441783,8,0.019781827926635742,0.0024727284908294678,True
6,338,1784807889.4648676,8,0.020275115966796875,0.0025343894958496094,True
6,339,1784807889.48547,8,0.01830148696899414,0.0022876858711242676,True
6,340,1784807889.5042021,8,0.019857406616210938,0.002482175827026367,True
6,341,1784807889.5245063,8,0.019794940948486328,0.002474367618560791,True
6,342,1784807889.5446765,8,0.018698930740356445,0.0023373663425445557,True
6,343,1784807889.5637145,8,0.020562171936035156,0.0025702714920043945,True
6,344,1784807889.5847785,8,0.01946711540222168,0.00243338942527771,True
6,345,1784807889.604767,8,0.020334720611572266,0.002541840076446533,True
6,346,1784807889.6254995,8,0.019260883331298828,0.0024076104164123535,True
6,347,1784807889.6450694,8,0.02035355567932129,0.002544194459915161,True
6,348,1784807889.6660738,8,0.0192415714263916,0.00240519642829895,True
6,349,1784807889.6856763,8,0.020004749298095703,0.002500593662261963,True
6,350,1784807889.7074406,8,0.01925182342529297,0.002406477928161621,True
6,351,1784807889.727012,8,0.02159881591796875,0.0026998519897460938,True
6,352,1784807889.7491293,8,0.021377086639404297,0.002672135829925537,True
6,353,1784807889.771,8,0.0203249454498291,0.0025406181812286377,True
6,354,1784807889.7919683,8,0.020208120346069336,0.002526015043258667,True
6,355,1784807889.812852,8,0.019109010696411133,0.0023886263370513916,True
6,356,1784807889.8328788,8,0.019119739532470703,0.002389967441558838,True
6,357,1784807889.8527105,8,0.02034783363342285,0.0025434792041778564,True
6,358,1784807889.8734753,8,0.024074316024780273,0.003009289503097534,True
6,359,1784807889.8984802,8,0.017243623733520508,0.0021554529666900635,True
6,360,1784807889.916228,8,0.021841764450073242,0.0027302205562591553,True
6,361,1784807889.9384437,8,0.01987934112548828,0.002484917640686035,True
6,362,1784807889.9587235,8,0.019765615463256836,0.0024707019329071045,True
6,363,1784807889.9788606,8,0.01994919776916504,0.00249364972114563,True
6,364,1784807889.9993203,8,0.02137923240661621,0.0026724040508270264,True
6,365,1784807890.0213878,8,0.021231889724731445,0.0026539862155914307,True
6,366,1784807890.043065,8,0.020354270935058594,0.0025442838668823242,True
6,367,1784807890.0638828,8,0.021128416061401367,0.002641052007675171,True
6,368,1784807890.085307,8,0.019585609436035156,0.0024482011795043945,True
6,369,1784807890.105308,8,0.02097177505493164,0.002621471881866455,True
6,370,1784807890.126602,8,0.01865530014038086,0.0023319125175476074,True
6,371,1784807890.145685,8,0.01998448371887207,0.002498060464859009,True
6,372,1784807890.1659594,8,0.02001643180847168,0.00250205397605896,True
6,373,1784807890.186327,8,0.0199737548828125,0.0024967193603515625,True
6,374,1784807890.206615,8,0.02065730094909668,0.002582162618637085,True
6,375,1784807890.2277567,8,0.019444942474365234,0.0024306178092956543,True
6,376,1784807890.2477078,8,0.020196914672851562,0.0025246143341064453,True
6,377,1784807890.2686598,8,0.020481348037719727,0.002560168504714966,True
6,378,1784807890.2895265,8,0.01954030990600586,0.0024425387382507324,True
6,379,1784807890.3094668,8,0.020392656326293945,0.002549082040786743,True
6,380,1784807890.3318772,8,0.01800990104675293,0.002251237630844116,True
6,381,1784807890.3502793,8,0.020619630813598633,0.002577453851699829,True
6,382,1784807890.3718479,8,0.020825862884521484,0.0026032328605651855,True
6,383,1784807890.3938396,8,0.01987934112548828,0.002484917640686035,True
6,384,1784807890.4143214,8,0.019515514373779297,0.002439439296722412,True
6,385,1784807890.4350786,8,0.020860910415649414,0.0026076138019561768,True
6,386,1784807890.4563978,8,0.021210908889770508,0.0026513636112213135,True
6,387,1784807890.478005,8,0.019527435302734375,0.002440929412841797,True
6,388,1784807890.497938,8,0.020786523818969727,0.002598315477371216,True
6,389,1784807890.5192149,8,0.020764827728271484,0.0025956034660339355,True
6,390,1784807890.5404437,8,0.02103447914123535,0.002629309892654419,True
6,391,1784807890.5618703,8,0.019186973571777344,0.002398371696472168,True
6,392,1784807890.5814664,8,0.019753217697143555,0.0024691522121429443,True
6,393,1784807890.6016726,8,0.019438982009887695,0.002429872751235962,True
6,394,1784807890.6215096,8,0.01870417594909668,0.002338021993637085,True
6,395,1784807890.6406221,8,0.02020549774169922,0.0025256872177124023,True
6,396,1784807890.6614308,8,0.020017623901367188,0.0025022029876708984,True
6,397,1784807890.6818106,8,0.01916360855102539,0.002395451068878174,True
6,398,1784807890.7017198,8,0.020713329315185547,0.0025891661643981934,True
6,399,1784807890.7230582,8,0.019111156463623047,0.002388894557952881,True
6,400,1784807890.743796,8,0.02033853530883789,0.0025423169136047363,True
6,401,1784807890.7652729,8,0.01909637451171875,0.0023870468139648438,True
6,402,1784807890.7847822,8,0.02133464813232422,0.0026668310165405273,True
6,403,1784807890.8064563,8,0.019749879837036133,0.0024687349796295166,True
6,404,1784807890.8272858,8,0.01969289779663086,0.0024616122245788574,True
6,405,1784807890.8475451,8,0.021282196044921875,0.0026602745056152344,True
6,406,1784807890.8695502,8,0.021453380584716797,0.0026816725730895996,True
6,407,1784807890.892349,8,0.019668102264404297,0.002458512783050537,True
6,408,1784807890.912531,8,0.021618127822875977,0.002702265977859497,True
6,409,1784807890.9345152,8,0.019896745681762695,0.002487093210220337,True
6,410,1784807890.9549282,8,0.02067089080810547,0.0025838613510131836,True
6,411,1784807890.9765294,8,0.019919633865356445,0.0024899542331695557,True
6,412,1784807890.9970365,8,0.020887136459350586,0.0026108920574188232,True
6,413,1784807891.0182996,8,0.019637346267700195,0.0024546682834625244,True
6,414,1784807891.0383081,8,0.020129919052124023,0.002516239881515503,True
6,415,1784807891.0588045,8,0.021805763244628906,0.0027257204055786133,True
6,416,1784807891.0815191,8,0.017904281616210938,0.002238035202026367,True
6,417,1784807891.1001265,8,0.020874977111816406,0.0026093721389770508,True
6,418,1784807891.1215353,8,0.020545244216918945,0.002568155527114868,True
6,419,1784807891.1424212,8,0.018014192581176758,0.0022517740726470947,True
6,420,1784807891.160965,8,0.01972818374633789,0.0024660229682922363,True
6,421,1784807891.1811576,8,0.02118849754333496,0.00264856219291687,True
6,422,1784807891.202718,8,0.021086454391479492,0.0026358067989349365,True
6,423,1784807891.2242255,8,0.02034592628479004,0.002543240785598755,True
6,424,1784807891.2450027,8,0.019850730895996094,0.0024813413619995117,True
6,425,1784807891.2654004,8,0.019702672958374023,0.002462834119796753,True
6,426,1784807891.2857478,8,0.02041339874267578,0.0025516748428344727,True
6,427,1784807891.3067334,8,0.01961207389831543,0.0024515092372894287,True
6,428,1784807891.3268242,8,0.02045440673828125,0.0025568008422851562,True
6,429,1784807891.3476138,8,0.020697593688964844,0.0025871992111206055,True
6,430,1784807891.3687968,8,0.018042564392089844,0.0022553205490112305,True
6,431,1784807891.387952,8,0.019825220108032227,0.0024781525135040283,True
6,432,1784807891.4082122,8,0.021304607391357422,0.0026630759239196777,True
6,433,1784807891.430348,8,0.018893718719482422,0.0023617148399353027,True
6,434,1784807891.4499722,8,0.02163982391357422,0.0027049779891967773,True
6,435,1784807891.4719954,8,0.020469188690185547,0.0025586485862731934,True
6,436,1784807891.4929597,8,0.019083499908447266,0.002385437488555908,True
6,437,1784807891.5129106,8,0.020064353942871094,0.0025080442428588867,True
6,438,1784807891.5333717,8,0.019071340560913086,0.0023839175701141357,True
6,439,1784807891.5527894,8,0.02101922035217285,0.0026274025440216064,True
6,440,1784807891.5741875,8,0.019657373428344727,0.002457171678543091,True
6,441,1784807891.594288,8,0.020117759704589844,0.0025147199630737305,True
6,442,1784807891.614828,8,0.019945383071899414,0.0024931728839874268,True
6,443,1784807891.635215,8,0.020422697067260742,0.0025528371334075928,True
6,444,1784807891.6559138,8,0.021948575973510742,0.0027435719966888428,True
6,445,1784807891.6784263,8,0.02043437957763672,0.00255429744720459,True
6,446,1784807891.6994095,8,0.0185697078704834,0.002321213483810425,True
6,447,1784807891.719567,8,0.02149343490600586,0.0026866793632507324,True
6,448,1784807891.7417455,8,0.020610809326171875,0.0025763511657714844,True
6,449,1784807891.762714,8,0.020468711853027344,0.002558588981628418,True
6,450,1784807891.7835886,8,0.01989889144897461,0.002487361431121826,True
6,451,1784807891.8038275,8,0.020156383514404297,0.002519547939300537,True
6,452,1784807891.8244152,8,0.01966118812561035,0.002457648515701294,True
6,453,1784807891.8445148,8,0.0220184326171875,0.0027523040771484375,True
6,454,1784807891.8669665,8,0.01970839500427246,0.0024635493755340576,True
6,455,1784807891.8871303,8,0.019365787506103516,0.0024207234382629395,True
6,456,1784807891.9070659,8,0.02251720428466797,0.002814650535583496,True
6,457,1784807891.9299483,8,0.019855976104736328,0.002481997013092041,True
6,458,1784807891.9501512,8,0.019919872283935547,0.0024899840354919434,True
6,459,1784807891.9704182,8,0.01967024803161621,0.0024587810039520264,True
6,460,1784807891.9903927,8,0.020596742630004883,0.0025745928287506104,True
6,461,1784807892.0114546,8,0.01828742027282715,0.0022859275341033936,True
6,462,1784807892.030185,8,0.01912999153137207,0.002391248941421509,True
6,463,1784807892.0496144,8,0.02200484275817871,0.002750605344772339,True
6,464,1784807892.0719626,8,0.01917743682861328,0.00239717960357666,True
6,465,1784807892.091556,8,0.019161224365234375,0.002395153045654297,True
6,466,1784807892.1112428,8,0.020774126052856445,0.0025967657566070557,True
6,467,1784807892.1324253,8,0.01947951316833496,0.00243493914604187,True
6,468,1784807892.1527011,8,0.02071380615234375,0.0025892257690429688,True
6,469,1784807892.1737247,8,0.019642353057861328,0.002455294132232666,True
6,470,1784807892.1945884,8,0.023301124572753906,0.0029126405715942383,True
6,471,1784807892.220253,8,0.01794123649597168,0.00224265456199646,True
6,472,1784807892.238785,8,0.017727375030517578,0.0022159218788146973,True
6,473,1784807892.256824,8,0.020130395889282227,0.0025162994861602783,True
6,474,1784807892.2774653,8,0.020006418228149414,0.0025008022785186768,True
6,475,1784807892.2988036,8,0.01961684226989746,0.0024521052837371826,True
6,476,1784807892.3188128,8,0.01970362663269043,0.0024629533290863037,True
6,477,1784807892.3389258,8,0.020867347717285156,0.0026084184646606445,True
6,478,1784807892.3604228,8,0.01861119270324707,0.002326399087905884,True
6,479,1784807892.3794699,8,0.020578861236572266,0.002572357654571533,True
6,480,1784807892.4006,8,0.02012324333190918,0.0025154054164886475,True
6,481,1784807892.4211254,8,0.019370555877685547,0.0024213194847106934,True
6,482,1784807892.440843,8,0.018628835678100586,0.0023286044597625732,True
6,483,1784807892.4603019,8,0.019253015518188477,0.0024066269397735596,True
6,484,1784807892.4810445,8,0.02017045021057129,0.002521306276321411,True
6,485,1784807892.5017853,8,0.019964218139648438,0.0024955272674560547,True
6,486,1784807892.5221334,8,0.019640445709228516,0.0024550557136535645,True
6,487,1784807892.542209,8,0.018930912017822266,0.002366364002227783,True
6,488,1784807892.5615156,8,0.01896190643310547,0.0023702383041381836,True
6,489,1784807892.5812898,8,0.01919388771057129,0.002399235963821411,True
6,490,1784807892.6011415,8,0.021117210388183594,0.0026396512985229492,True
6,491,1784807892.6226163,8,0.01859879493713379,0.0023248493671417236,True
6,492,1784807892.641564,8,0.0195310115814209,0.0024413764476776123,True
6,493,1784807892.6615665,8,0.020148038864135742,0.0025185048580169678,True
6,494,1784807892.6820135,8,0.021071910858154297,0.002633988857269287,True
6,495,1784807892.7035332,8,0.02152109146118164,0.002690136432647705,True
6,496,1784807892.725558,8,0.021395444869995117,0.0026744306087493896,True
6,497,1784807892.747462,8,0.020697355270385742,0.0025871694087982178,True
6,498,1784807892.7687478,8,0.0253908634185791,0.0031738579273223877,True
6,499,1784807892.7945948,8,0.019144773483276367,0.002393096685409546,True
6,500,1784807892.8143225,8,0.021100282669067383,0.002637535333633423,True
6,501,1784807892.8362255,8,0.02019047737121582,0.0025238096714019775,True
6,502,1784807892.8567784,8,0.020128965377807617,0.002516120672225952,True
6,503,1784807892.8773715,8,0.022910594940185547,0.0028638243675231934,True
6,504,1784807892.901,8,0.02025890350341797,0.002532362937927246,True
6,505,1784807892.9219756,8,0.018636226654052734,0.002329528331756592,True
6,506,1784807892.9417171,8,0.019332408905029297,0.002416551113128662,True
6,507,1784807892.9617324,8,0.020772457122802734,0.002596557140350342,True
6,508,1784807892.9830976,8,0.02029705047607422,0.0025371313095092773,True
6,509,1784807893.004846,8,0.019077301025390625,0.002384662628173828,True
6,510,1784807893.024226,8,0.01916193962097168,0.00239524245262146,True
6,511,1784807893.043721,8,0.019707202911376953,0.002463400363922119,True
6,512,1784807893.063838,8,0.020154714584350586,0.0025193393230438232,True
6,513,1784807893.0845323,8,0.019108295440673828,0.0023885369300842285,True
6,514,1784807893.1040032,8,0.02077317237854004,0.002596646547317505,True
6,515,1784807893.1251793,8,0.019922971725463867,0.0024903714656829834,True
6,516,1784807893.145446,8,0.01976609230041504,0.00247076153755188,True
6,517,1784807893.1658208,8,0.02008652687072754,0.0025108158588409424,True
6,518,1784807893.1862786,8,0.019522905349731445,0.0024403631687164307,True
6,519,1784807893.2062392,8,0.019500017166137695,0.002437502145767212,True
6,520,1784807893.226073,8,0.02026200294494629,0.002532750368118286,True
6,521,1784807893.2467759,8,0.02026844024658203,0.002533555030822754,True
6,522,1784807893.267411,8,0.020895004272460938,0.002611875534057617,True
6,523,1784807893.2888153,8,0.0209500789642334,0.002618759870529175,True
6,524,1784807893.3100772,8,0.019696950912475586,0.0024621188640594482,True
6,525,1784807893.3301928,8,0.019606590270996094,0.0024508237838745117,True
6,526,1784807893.3503196,8,0.021167278289794922,0.0026459097862243652,True
6,527,1784807893.37188,8,0.019410371780395508,0.0024262964725494385,True
6,528,1784807893.3916044,8,0.02072739601135254,0.0025909245014190674,True
6,529,1784807893.4126651,8,0.02082037925720215,0.0026025474071502686,True
6,530,1784807893.4338377,8,0.020216941833496094,0.0025271177291870117,True
6,531,1784807893.4545932,8,0.018770217895507812,0.0023462772369384766,True
6,532,1784807893.4736729,8,0.022053003311157227,0.0027566254138946533,True
6,533,1784807893.4960976,8,0.020719528198242188,0.0025899410247802734,True
6,534,1784807893.5171516,8,0.018865346908569336,0.002358168363571167,True
6,535,1784807893.536536,8,0.023718595504760742,0.0029648244380950928,True
6,536,1784807893.561075,8,0.0200197696685791,0.0025024712085723877,True
6,537,1784807893.581731,8,0.019615888595581055,0.002451986074447632,True
6,538,1784807893.6018345,8,0.02040243148803711,0.0025503039360046387,True
6,539,1784807893.6227093,8,0.020746231079101562,0.0025932788848876953,True
6,540,1784807893.64397,8,0.020822763442993164,0.0026028454303741455,True
6,541,1784807893.6655467,8,0.02005791664123535,0.002507239580154419,True
6,542,1784807893.686371,8,0.019702911376953125,0.0024628639221191406,True
6,543,1784807893.7064621,8,0.019357681274414062,0.002419710159301758,True
6,544,1784807893.7261717,8,0.02156805992126465,0.002696007490158081,True
6,545,1784807893.7482328,8,0.020746946334838867,0.0025933682918548584,True
6,546,1784807893.769891,8,0.0186159610748291,0.0023269951343536377,True
6,547,1784807893.7889295,8,0.020575523376464844,0.0025719404220581055,True
6,548,1784807893.8099415,8,0.020373106002807617,0.002546638250350952,True
6,549,1784807893.8309562,8,0.01975727081298828,0.002469658851623535,True
6,550,1784807893.8515184,8,0.020682811737060547,0.0025853514671325684,True
6,551,1784807893.8727043,8,0.020599842071533203,0.0025749802589416504,True
6,552,1784807893.893691,8,0.01964712142944336,0.00245589017868042,True
6,553,1784807893.9137967,8,0.022188425064086914,0.0027735531330108643,True
6,554,1784807893.936593,8,0.022051095962524414,0.0027563869953155518,True
6,555,1784807893.959317,8,0.020179271697998047,0.002522408962249756,True
6,556,1784807893.9799616,8,0.019616127014160156,0.0024520158767700195,True
6,557,1784807894.0005333,8,0.0214083194732666,0.002676039934158325,True
6,558,1784807894.0230935,8,0.02124762535095215,0.0026559531688690186,True
6,559,1784807894.0448194,8,0.01932215690612793,0.002415269613265991,True
6,560,1784807894.064869,8,0.01951313018798828,0.002439141273498535,True
6,561,1784807894.0854075,8,0.020279407501220703,0.002534925937652588,True
6,562,1784807894.1060505,8,0.022947311401367188,0.0028684139251708984,True
6,563,1784807894.1301315,8,0.01992654800415039,0.002490818500518799,True
6,564,1784807894.1508338,8,0.019685029983520508,0.0024606287479400635,True
6,565,1784807894.1712286,8,0.0203244686126709,0.0025405585765838623,True
6,566,1784807894.191955,8,0.020078659057617188,0.0025098323822021484,True
6,567,1784807894.2123122,8,0.021071672439575195,0.0026339590549468994,True
6,568,1784807894.2337663,8,0.019437551498413086,0.0024296939373016357,True
6,569,1784807894.2534761,8,0.020286083221435547,0.0025357604026794434,True
6,570,1784807894.2740867,8,0.019579410552978516,0.0024474263191223145,True
6,571,1784807894.2942498,8,0.020604372024536133,0.0025755465030670166,True
6,572,1784807894.3155265,8,0.02014756202697754,0.0025184452533721924,True
6,573,1784807894.3362422,8,0.02225780487060547,0.0027822256088256836,True
6,574,1784807894.358789,8,0.019539594650268555,0.0024424493312835693,True
6,575,1784807894.378634,8,0.021981000900268555,0.0027476251125335693,True
6,576,1784807894.4010878,8,0.017780303955078125,0.0022225379943847656,True
6,577,1784807894.419315,8,0.020972013473510742,0.0026215016841888428,True
6,578,1784807894.4405687,8,0.018949508666992188,0.0023686885833740234,True
6,579,1784807894.459944,8,0.019366741180419922,0.0024208426475524902,True
6,580,1784807894.480004,8,0.022824525833129883,0.0028530657291412354,True
6,581,1784807894.5032027,8,0.021759033203125,0.002719879150390625,True
6,582,1784807894.5253274,8,0.02016282081604004,0.002520352602005005,True
6,583,1784807894.5457625,8,0.018751859664916992,0.002343982458114624,True
6,584,1784807894.564891,8,0.021674633026123047,0.002709329128265381,True
6,585,1784807894.5870414,8,0.019375324249267578,0.0024219155311584473,True
6,586,1784807894.6074584,8,0.019791841506958008,0.002473980188369751,True
6,587,1784807894.627747,8,0.02045464515686035,0.002556830644607544,True
6,588,1784807894.6490052,8,0.019469499588012695,0.002433687448501587,True
6,589,1784807894.6689258,8,0.02025890350341797,0.002532362937927246,True
6,590,1784807894.6895692,8,0.019403934478759766,0.0024254918098449707,True
6,591,1784807894.7094045,8,0.02041339874267578,0.0025516748428344727,True
6,592,1784807894.7303562,8,0.019287586212158203,0.0024109482765197754,True
6,593,1784807894.7500377,8,0.019741535186767578,0.0024676918983459473,True
6,594,1784807894.7702644,8,0.01882648468017578,0.0023533105850219727,True
6,595,1784807894.7893512,8,0.019556045532226562,0.0024445056915283203,True
6,596,1784807894.8092647,8,0.019457578659057617,0.002432197332382202,True
6,597,1784807894.829161,8,0.020969867706298828,0.0026212334632873535,True
6,598,1784807894.850566,8,0.019933223724365234,0.0024916529655456543,True
6,599,1784807894.8718882,8,0.01817607879638672,0.00227200984954834,True
6,600,1784807894.8905354,8,0.0234375,0.0029296875,True
6,601,1784807894.9146545,8,0.020125865936279297,0.002515733242034912,True
6,602,1784807894.9351509,8,0.019964933395385742,0.0024956166744232178,True
6,603,1784807894.956254,8,0.019101619720458984,0.002387702465057373,True
6,604,1784807894.9756806,8,0.02093195915222168,0.00261649489402771,True
6,605,1784807894.9975574,8,0.01950240135192871,0.002437800168991089,True
6,606,1784807895.0175042,8,0.019469499588012695,0.002433687448501587,True
6,607,1784807895.0384219,8,0.01999807357788086,0.0024997591972351074,True
6,608,1784807895.0588562,8,0.02337503433227539,0.002921879291534424,True
6,609,1784807895.082647,8,0.01797652244567871,0.002247065305709839,True
6,610,1784807895.1008866,8,0.020037174224853516,0.0025046467781066895,True
6,611,1784807895.121287,8,0.019943714141845703,0.002492964267730713,True
6,612,1784807895.1416154,8,0.020096302032470703,0.002512037754058838,True
6,613,1784807895.1623485,8,0.020188570022583008,0.002523571252822876,True
6,614,1784807895.182975,8,0.01985931396484375,0.0024824142456054688,True
6,615,1784807895.2031548,8,0.019563674926757812,0.0024454593658447266,True
6,616,1784807895.2233098,8,0.019490480422973633,0.002436310052871704,True
6,617,1784807895.2431314,8,0.020611047744750977,0.002576380968093872,True
6,618,1784807895.2640545,8,0.019896984100341797,0.0024871230125427246,True
6,619,1784807895.284328,8,0.020795345306396484,0.0025994181632995605,True
6,620,1784807895.3055394,8,0.021012544631958008,0.002626568078994751,True
6,621,1784807895.326882,8,0.02035069465637207,0.002543836832046509,True
6,622,1784807895.3475683,8,0.018942832946777344,0.002367854118347168,True
6,623,1784807895.3668244,8,0.019580841064453125,0.0024476051330566406,True
6,624,1784807895.3867588,8,0.020080089569091797,0.0025100111961364746,True
6,625,1784807895.4072618,8,0.017839908599853516,0.0022299885749816895,True
6,626,1784807895.4253824,8,0.019356966018676758,0.0024196207523345947,True
6,627,1784807895.4451363,8,0.020614147186279297,0.002576768398284912,True
6,628,1784807895.4661202,8,0.020999670028686523,0.0026249587535858154,True
6,629,1784807895.4877257,8,0.021994829177856445,0.0027493536472320557,True
6,630,1784807895.5104485,8,0.01948690414428711,0.0024358630180358887,True
6,631,1784807895.5302477,8,0.019870758056640625,0.002483844757080078,True
6,632,1784807895.5505023,8,0.0211026668548584,0.0026378333568573,True
6,633,1784807895.5719748,8,0.019033193588256836,0.0023791491985321045,True
6,634,1784807895.5913336,8,0.01987457275390625,0.0024843215942382812,True
6,635,1784807895.611562,8,0.020293235778808594,0.0025366544723510742,True
6,636,1784807895.6322746,8,0.020825624465942383,0.002603203058242798,True
6,637,1784807895.6534646,8,0.01949334144592285,0.0024366676807403564,True
6,638,1784807895.6739366,8,0.021983623504638672,0.002747952938079834,True
6,639,1784807895.6966422,8,0.019026517868041992,0.002378314733505249,True
6,640,1784807895.7159832,8,0.021206140518188477,0.0026507675647735596,True
6,641,1784807895.7375972,8,0.021490097045898438,0.0026862621307373047,True
6,642,1784807895.7595005,8,0.021065711975097656,0.002633213996887207,True
6,643,1784807895.780946,8,0.02111196517944336,0.00263899564743042,True
6,644,1784807895.8025696,8,0.018558740615844727,0.002319842576980591,True
6,645,1784807895.8215637,8,0.021376371383666992,0.002672046422958374,True
6,646,1784807895.8438792,8,0.019533157348632812,0.0024416446685791016,True
6,647,1784807895.863875,8,0.02043294906616211,0.0025541186332702637,True
6,648,1784807895.8846328,8,0.018973112106323242,0.0023716390132904053,True
6,649,1784807895.9040194,8,0.01919078826904297,0.002398848533630371,True
6,650,1784807895.9237897,8,0.01965951919555664,0.00245743989944458,True
6,651,1784807895.9439611,8,0.021160602569580078,0.0026450753211975098,True
6,652,1784807895.9654286,8,0.022339820861816406,0.0027924776077270508,True
6,653,1784807895.988095,8,0.019689321517944336,0.002461165189743042,True
6,654,1784807896.0083463,8,0.01918792724609375,0.0023984909057617188,True
6,655,1784807896.0278192,8,0.019956350326538086,0.0024945437908172607,True
6,656,1784807896.048162,8,0.019947290420532227,0.0024934113025665283,True
6,657,1784807896.0685441,8,0.019626140594482422,0.0024532675743103027,True
6,658,1784807896.0886075,8,0.02092146873474121,0.0026151835918426514,True
6,659,1784807896.1101487,8,0.018908262252807617,0.002363532781600952,True
6,660,1784807896.129402,8,0.021068811416625977,0.002633601427078247,True
6,661,1784807896.1509666,8,0.01911616325378418,0.0023895204067230225,True
6,662,1784807896.1705265,8,0.021699190139770508,0.0027123987674713135,True
6,663,1784807896.1928334,8,0.020425081253051758,0.0025531351566314697,True
6,664,1784807896.2141755,8,0.020438194274902344,0.002554774284362793,True
6,665,1784807896.2349846,8,0.02034735679626465,0.002543419599533081,True
6,666,1784807896.2555635,8,0.021548748016357422,0.0026935935020446777,True
6,667,1784807896.2788372,8,0.020128250122070312,0.002516031265258789,True
6,668,1784807896.299511,8,0.019496679306030273,0.002437084913253784,True
6,669,1784807896.3193047,8,0.0213625431060791,0.0026703178882598877,True
6,670,1784807896.3410554,8,0.01992654800415039,0.002490818500518799,True
6,671,1784807896.3614461,8,0.019733905792236328,0.002466738224029541,True
6,672,1784807896.381515,8,0.02078413963317871,0.002598017454147339,True
6,673,1784807896.402595,8,0.021663188934326172,0.0027078986167907715,True
6,674,1784807896.424595,8,0.02141880989074707,0.002677351236343384,True
6,675,1784807896.4470582,8,0.02029705047607422,0.0025371313095092773,True
6,676,1784807896.468436,8,0.020723581314086914,0.0025904476642608643,True
6,677,1784807896.4895372,8,0.020005226135253906,0.0025006532669067383,True
6,678,1784807896.5101995,8,0.01857757568359375,0.0023221969604492188,True
6,679,1784807896.5294662,8,0.020767688751220703,0.002595961093902588,True
6,680,1784807896.550583,8,0.01877570152282715,0.0023469626903533936,True
6,681,1784807896.56971,8,0.021021366119384766,0.0026276707649230957,True
6,682,1784807896.5910082,8,0.020339488983154297,0.002542436122894287,True
6,683,1784807896.611669,8,0.01963663101196289,0.0024545788764953613,True
6,684,1784807896.631665,8,0.01997828483581543,0.0024972856044769287,True
6,685,1784807896.651931,8,0.019658565521240234,0.0024573206901550293,True
6,686,1784807896.6718776,8,0.021306276321411133,0.0026632845401763916,True
6,687,1784807896.6934743,8,0.018793344497680664,0.002349168062210083,True
6,688,1784807896.7125952,8,0.019103288650512695,0.002387911081314087,True
6,689,1784807896.7322755,8,0.020760059356689453,0.0025950074195861816,True
6,690,1784807896.753375,8,0.02054286003112793,0.002567857503890991,True
6,691,1784807896.774326,8,0.02183985710144043,0.0027299821376800537,True
6,692,1784807896.7972417,8,0.02216362953186035,0.002770453691482544,True
6,693,1784807896.8197947,8,0.020273208618164062,0.002534151077270508,True
6,694,1784807896.840741,8,0.020980119705200195,0.0026225149631500244,True
6,695,1784807896.8630824,8,0.022243738174438477,0.0027804672718048096,True
6,696,1784807896.8857198,8,0.021465539932250977,0.002683192491531372,True
6,697,1784807896.90757,8,0.02222585678100586,0.0027782320976257324,True
6,698,1784807896.9303653,8,0.020549535751342773,0.0025686919689178467,True
6,699,1784807896.951412,8,0.020146608352661133,0.0025183260440826416,True
6,700,1784807896.972061,8,0.0206606388092041,0.0025825798511505127,True
6,701,1784807896.9931638,8,0.019351720809936523,0.0024189651012420654,True
6,702,1784807897.0128727,8,0.019311189651489258,0.0024138987064361572,True
6,703,1784807897.0331962,8,0.019671916961669922,0.0024589896202087402,True
6,704,1784807897.0532858,8,0.020183324813842773,0.0025229156017303467,True
6,705,1784807897.0740645,8,0.01938605308532715,0.0024232566356658936,True
6,706,1784807897.0960755,8,0.02077770233154297,0.002597212791442871,True
6,707,1784807897.1172795,8,0.019885778427124023,0.002485722303390503,True
6,708,1784807897.1382265,8,0.020392179489135742,0.0025490224361419678,True
6,709,1784807897.1593282,8,0.020576953887939453,0.0025721192359924316,True
6,710,1784807897.1805143,8,0.022301673889160156,0.0027877092361450195,True
6,711,1784807897.2035334,8,0.020251035690307617,0.002531379461288452,True
6,712,1784807897.2241793,8,0.021863937377929688,0.002732992172241211,True
6,713,1784807897.2464247,8,0.018799304962158203,0.0023499131202697754,True
6,714,1784807897.2657685,8,0.021131515502929688,0.002641439437866211,True
6,715,1784807897.2872183,8,0.019008874893188477,0.0023761093616485596,True
6,716,1784807897.3064957,8,0.021355152130126953,0.002669394016265869,True
6,717,1784807897.3282537,8,0.02034759521484375,0.0025434494018554688,True
6,718,1784807897.3488824,8,0.021018028259277344,0.002627253532409668,True
6,719,1784807897.3704154,8,0.020004987716674805,0.0025006234645843506,True
6,720,1784807897.3907433,8,0.020546674728393555,0.0025683343410491943,True
6,721,1784807897.4123304,8,0.020354270935058594,0.0025442838668823242,True
6,722,1784807897.43315,8,0.020822525024414062,0.002602815628051758,True
6,723,1784807897.4544213,8,0.022191762924194336,0.002773970365524292,True
6,724,1784807897.4771485,8,0.016628026962280273,0.002078503370285034,True
6,725,1784807897.494165,8,0.019669771194458008,0.002458721399307251,True
6,726,1784807897.514368,8,0.020713329315185547,0.0025891661643981934,True
6,727,1784807897.5354347,8,0.019632577896118164,0.0024540722370147705,True
6,728,1784807897.5556288,8,0.0207369327545166,0.002592116594314575,True
6,729,1784807897.5773559,8,0.021098613739013672,0.002637326717376709,True
6,730,1784807897.5987601,8,0.018607378005981445,0.0023259222507476807,True
6,731,1784807897.617822,8,0.019060134887695312,0.002382516860961914,True
6,732,1784807897.6371973,8,0.019881486892700195,0.0024851858615875244,True
6,733,1784807897.6573942,8,0.01916670799255371,0.002395838499069214,True
6,734,1784807897.6768808,8,0.02004098892211914,0.0025051236152648926,True
6,735,1784807897.6972477,8,0.019308090209960938,0.002413511276245117,True
6,736,1784807897.7175283,8,0.017978429794311523,0.0022473037242889404,True
6,737,1784807897.7358701,8,0.020795583724975586,0.0025994479656219482,True
6,738,1784807897.7571504,8,0.02108311653137207,0.002635389566421509,True
6,739,1784807897.7786238,8,0.018753528594970703,0.002344191074371338,True
6,740,1784807897.7977629,8,0.019522428512573242,0.0024403035640716553,True
6,741,1784807897.8176806,8,0.018768310546875,0.002346038818359375,True
6,742,1784807897.8370914,8,0.01979970932006836,0.002474963665008545,True
6,743,1784807897.857188,8,0.02064657211303711,0.0025808215141296387,True
6,744,1784807897.878528,8,0.020966291427612305,0.002620786428451538,True
6,745,1784807897.89982,8,0.019820213317871094,0.0024775266647338867,True
6,746,1784807897.9212232,8,0.020459890365600586,0.0025574862957000732,True
6,747,1784807897.9427962,8,0.019290924072265625,0.002411365509033203,True
6,748,1784807897.9626582,8,0.017984628677368164,0.0022480785846710205,True
6,749,1784807897.9810388,8,0.0205843448638916,0.00257304310798645,True
6,750,1784807898.0019228,8,0.019757986068725586,0.0024697482585906982,True
6,751,1784807898.0220814,8,0.023656845092773438,0.0029571056365966797,True
6,752,1784807898.0462444,8,0.016678810119628906,0.0020848512649536133,True
6,753,1784807898.0634847,8,0.018893003463745117,0.0023616254329681396,True
6,754,1784807898.0829763,8,0.020226478576660156,0.0025283098220825195,True
6,755,1784807898.1037428,8,0.021326780319213867,0.0026658475399017334,True
6,756,1784807898.1254084,8,0.02019214630126953,0.0025240182876586914,True
6,757,1784807898.1460922,8,0.02110433578491211,0.0026380419731140137,True
6,758,1784807898.1675296,8,0.021210432052612305,0.002651304006576538,True
6,759,1784807898.1891346,8,0.019188880920410156,0.0023986101150512695,True
6,760,1784807898.2086897,8,0.019987106323242188,0.0024983882904052734,True
6,761,1784807898.2301645,8,0.019341468811035156,0.0024176836013793945,True
6,762,1784807898.2500007,8,0.018828630447387695,0.002353578805923462,True
6,763,1784807898.2691092,8,0.02272963523864746,0.0028412044048309326,True
6,764,1784807898.2925482,8,0.02144169807434082,0.0026802122592926025,True
6,765,1784807898.3146358,8,0.019764184951782227,0.0024705231189727783,True
6,766,1784807898.3349357,8,0.020566225051879883,0.0025707781314849854,True
6,767,1784807898.3557925,8,0.020867347717285156,0.0026084184646606445,True
6,768,1784807898.3770454,8,0.021965503692626953,0.002745687961578369,True
6,769,1784807898.4007094,8,0.018157482147216797,0.0022696852684020996,True
6,770,1784807898.4191756,8,0.021216630935668945,0.002652078866958618,True
6,771,1784807898.4407873,8,0.019633769989013672,0.002454221248626709,True
6,772,1784807898.4607675,8,0.021757841110229492,0.0027197301387786865,True
6,773,1784807898.4828818,8,0.020333051681518555,0.0025416314601898193,True
6,774,1784807898.5037777,8,0.02063727378845215,0.0025796592235565186,True
6,775,1784807898.5249662,8,0.020636320114135742,0.0025795400142669678,True
6,776,1784807898.545985,8,0.020095109939575195,0.0025118887424468994,True
6,777,1784807898.566664,8,0.021640300750732422,0.0027050375938415527,True
6,778,1784807898.5886493,8,0.019142866134643555,0.0023928582668304443,True
6,779,1784807898.6081133,8,0.020832061767578125,0.0026040077209472656,True
6,780,1784807898.6293502,8,0.020051002502441406,0.0025063753128051758,True
6,781,1784807898.6496806,8,0.021423816680908203,0.0026779770851135254,True
6,782,1784807898.6714125,8,0.02052021026611328,0.00256502628326416,True
6,783,1784807898.6926508,8,0.018522024154663086,0.0023152530193328857,True
6,784,1784807898.7115476,8,0.020569562911987305,0.002571195363998413,True
6,785,1784807898.7324872,8,0.019348859786987305,0.002418607473373413,True
6,786,1784807898.7525294,8,0.020624399185180664,0.002578049898147583,True
6,787,1784807898.7738152,8,0.02010059356689453,0.0025125741958618164,True
6,788,1784807898.7944064,8,0.0191805362701416,0.0023975670337677,True
6,789,1784807898.8140085,8,0.021081209182739258,0.0026351511478424072,True
6,790,1784807898.8354557,8,0.02081155776977539,0.002601444721221924,True
6,791,1784807898.8566034,8,0.019678115844726562,0.0024597644805908203,True
6,792,1784807898.8766427,8,0.01968550682067871,0.002460688352584839,True
6,793,1784807898.8967478,8,0.021286964416503906,0.0026608705520629883,True
6,794,1784807898.918468,8,0.021845579147338867,0.0027306973934173584,True
6,795,1784807898.9407113,8,0.019894123077392578,0.0024867653846740723,True
6,796,1784807898.960948,8,0.019943714141845703,0.002492964267730713,True
6,797,1784807898.9815269,8,0.02033829689025879,0.0025422871112823486,True
6,798,1784807899.0023603,8,0.019949913024902344,0.002493739128112793,True
6,799,1784807899.0226507,8,0.01732349395751953,0.0021654367446899414,True
6,800,1784807899.040464,8,0.01873922348022461,0.002342402935028076,True
6,801,1784807899.0595434,8,0.019299983978271484,0.0024124979972839355,True
6,802,1784807899.0792992,8,0.02213430404663086,0.0027667880058288574,True
6,803,1784807899.1017482,8,0.020930051803588867,0.0026162564754486084,True
6,804,1784807899.12312,8,0.021095752716064453,0.0026369690895080566,True
6,805,1784807899.145433,8,0.018970489501953125,0.0023713111877441406,True
6,806,1784807899.1648386,8,0.021131277084350586,0.0026414096355438232,True
6,807,1784807899.1862686,8,0.020440340042114258,0.0025550425052642822,True
6,808,1784807899.207014,8,0.01966691017150879,0.0024583637714385986,True
6,809,1784807899.2269926,8,0.020472288131713867,0.0025590360164642334,True
6,810,1784807899.2477496,8,0.020181894302368164,0.0025227367877960205,True
6,811,1784807899.2683268,8,0.020415306091308594,0.0025519132614135742,True
6,812,1784807899.2890904,8,0.020359516143798828,0.0025449395179748535,True
6,813,1784807899.3100772,8,0.019232511520385742,0.0024040639400482178,True
6,814,1784807899.329643,8,0.020246028900146484,0.0025307536125183105,True
6,815,1784807899.3503036,8,0.020507335662841797,0.0025634169578552246,True
6,816,1784807899.3713195,8,0.020949125289916992,0.002618640661239624,True
6,817,1784807899.3926055,8,0.019860267639160156,0.0024825334548950195,True
6,818,1784807899.4129367,8,0.018208742141723633,0.002276092767715454,True
6,819,1784807899.4316022,8,0.01965808868408203,0.002457261085510254,True
6,820,1784807899.4518905,8,0.020499467849731445,0.0025624334812164307,True
6,821,1784807899.472783,8,0.019544124603271484,0.0024430155754089355,True
6,822,1784807899.4928458,8,0.021445274353027344,0.002680659294128418,True
6,823,1784807899.5151556,8,0.019792795181274414,0.0024740993976593018,True
6,824,1784807899.5356822,8,0.02015376091003418,0.0025192201137542725,True
6,825,1784807899.5563881,8,0.01955723762512207,0.002444654703140259,True
6,826,1784807899.5764592,8,0.02088451385498047,0.0026105642318725586,True
6,827,1784807899.5977306,8,0.021448135375976562,0.0026810169219970703,True
6,828,1784807899.6195374,8,0.01833200454711914,0.0022915005683898926,True
6,829,1784807899.6384406,8,0.0208737850189209,0.0026092231273651123,True
6,830,1784807899.6596463,8,0.023098230361938477,0.0028872787952423096,True
6,831,1784807899.6839516,8,0.01988840103149414,0.0024860501289367676,True
6,832,1784807899.7041936,8,0.02080845832824707,0.002601057291030884,True
6,833,1784807899.7256417,8,0.020090341567993164,0.0025112926959991455,True
6,834,1784807899.7463138,8,0.020695924758911133,0.0025869905948638916,True
6,835,1784807899.7674289,8,0.01967310905456543,0.0024591386318206787,True
6,836,1784807899.7875223,8,0.019272804260253906,0.0024091005325317383,True
6,837,1784807899.807256,8,0.019702434539794922,0.0024628043174743652,True
6,838,1784807899.8274055,8,0.02245497703552246,0.0028068721294403076,True
6,839,1784807899.8507586,8,0.020779848098754883,0.0025974810123443604,True
6,840,1784807899.871837,8,0.02091360092163086,0.0026142001152038574,True
6,841,1784807899.8931212,8,0.019943714141845703,0.002492964267730713,True
6,842,1784807899.913374,8,0.02048778533935547,0.0025609731674194336,True
6,843,1784807899.9346554,8,0.020460844039916992,0.002557605504989624,True
6,844,1784807899.9558566,8,0.01961660385131836,0.002452075481414795,True
6,845,1784807899.9759433,8,0.02176809310913086,0.0027210116386413574,True
6,846,1784807900.0007143,8,0.01818704605102539,0.002273380756378174,True
6,847,1784807900.0192862,8,0.020733356475830078,0.0025916695594787598,True
6,848,1784807900.0404642,8,0.021307945251464844,0.0026634931564331055,True
6,849,1784807900.0620668,8,0.018743515014648438,0.0023429393768310547,True
6,850,1784807900.081239,8,0.01941227912902832,0.00242653489112854,True
6,851,1784807900.10094,8,0.02117133140563965,0.002646416425704956,True
6,852,1784807900.122464,8,0.019773483276367188,0.0024716854095458984,True
6,853,1784807900.1427894,8,0.018584489822387695,0.002323061227798462,True
6,854,1784807900.1617692,8,0.020296096801757812,0.0025370121002197266,True
6,855,1784807900.1824737,8,0.018732309341430664,0.002341538667678833,True
6,856,1784807900.2018397,8,0.018642187118530273,0.002330273389816284,True
6,857,1784807900.2208195,8,0.019806385040283203,0.0024757981300354004,True
6,858,1784807900.241055,8,0.020510196685791016,0.002563774585723877,True
6,859,1784807900.262012,8,0.02068042755126953,0.0025850534439086914,True
6,860,1784807900.2838354,8,0.020822525024414062,0.002602815628051758,True
6,861,1784807900.3049734,8,0.021430015563964844,0.0026787519454956055,True
6,862,1784807900.3271742,8,0.019144773483276367,0.002393096685409546,True
6,863,1784807900.3467925,8,0.02129840850830078,0.0026623010635375977,True
6,864,1784807900.3686926,8,0.01985454559326172,0.002481818199157715,True
6,865,1784807900.3890498,8,0.020620107650756836,0.0025775134563446045,True
6,866,1784807900.4099848,8,0.020764827728271484,0.0025956034660339355,True
6,867,1784807900.431079,8,0.021619558334350586,0.0027024447917938232,True
6,868,1784807900.4530108,8,0.020776748657226562,0.0025970935821533203,True
6,869,1784807900.4747021,8,0.020069122314453125,0.0025086402893066406,True
6,870,1784807900.4951308,8,0.02053999900817871,0.002567499876022339,True
6,871,1784807900.5160558,8,0.019377470016479492,0.0024221837520599365,True
6,872,1784807900.5359442,8,0.019374370574951172,0.0024217963218688965,True
6,873,1784807900.5558867,8,0.021424531936645508,0.0026780664920806885,True
6,874,1784807900.5781207,8,0.020813465118408203,0.0026016831398010254,True
6,875,1784807900.5997493,8,0.020558834075927734,0.002569854259490967,True
6,876,1784807900.621398,8,0.01981186866760254,0.0024764835834503174,True
6,877,1784807900.641854,8,0.019762039184570312,0.002470254898071289,True
6,878,1784807900.6628811,8,0.02117609977722168,0.00264701247215271,True
6,879,1784807900.6846075,8,0.019773244857788086,0.0024716556072235107,True
6,880,1784807900.7078905,8,0.020078659057617188,0.0025098323822021484,True
6,881,1784807900.728528,8,0.020117521286010742,0.0025146901607513428,True
6,882,1784807900.7490413,8,0.02309560775756836,0.002886950969696045,True
6,883,1784807900.7731543,8,0.020368576049804688,0.002546072006225586,True
6,884,1784807900.7943592,8,0.020434856414794922,0.0025543570518493652,True
6,885,1784807900.81586,8,0.019718647003173828,0.0024648308753967285,True
6,886,1784807900.8364844,8,0.020063400268554688,0.002507925033569336,True
6,887,1784807900.8570383,8,0.019754409790039062,0.002469301223754883,True
6,888,1784807900.877366,8,0.019715070724487305,0.002464383840560913,True
6,889,1784807900.8974216,8,0.020346403121948242,0.0025433003902435303,True
6,890,1784807900.9181414,8,0.021233320236206055,0.002654165029525757,True
6,891,1784807900.9396918,8,0.01956486701965332,0.002445608377456665,True
6,892,1784807900.9596684,8,0.020923376083374023,0.002615422010421753,True
6,893,1784807900.981198,8,0.020673751831054688,0.002584218978881836,True
6,894,1784807901.0023024,8,0.01969146728515625,0.0024614334106445312,True
6,895,1784807901.0243208,8,0.02082991600036621,0.0026037395000457764,True
6,896,1784807901.0456297,8,0.021309852600097656,0.002663731575012207,True
6,897,1784807901.0674753,8,0.01943230628967285,0.0024290382862091064,True
6,898,1784807901.0882454,8,0.01889514923095703,0.002361893653869629,True
6,899,1784807901.1084068,8,0.01900029182434082,0.0023750364780426025,True
6,900,1784807901.1289563,8,0.02037215232849121,0.0025465190410614014,True
6,901,1784807901.1498911,8,0.02187943458557129,0.002734929323196411,True
6,902,1784807901.1724558,8,0.01871180534362793,0.002338975667953491,True
6,903,1784807901.1915479,8,0.01943373680114746,0.0024292171001434326,True
6,904,1784807901.2114568,8,0.019803285598754883,0.0024754106998443604,True
6,905,1784807901.231754,8,0.020000696182250977,0.002500087022781372,True
6,906,1784807901.2522764,8,0.02041792869567871,0.002552241086959839,True
6,907,1784807901.2731807,8,0.019992589950561523,0.0024990737438201904,True
6,908,1784807901.2934618,8,0.02023911476135254,0.0025298893451690674,True
6,909,1784807901.3141794,8,0.01955270767211914,0.0024440884590148926,True
6,910,1784807901.3341293,8,0.019733905792236328,0.002466738224029541,True
6,911,1784807901.354495,8,0.019739866256713867,0.0024674832820892334,True
6,912,1784807901.3746727,8,0.019145488739013672,0.002393186092376709,True
6,913,1784807901.3941135,8,0.02037215232849121,0.0025465190410614014,True
6,914,1784807901.4148474,8,0.019023895263671875,0.0023779869079589844,True
6,915,1784807901.4344974,8,0.020381689071655273,0.002547711133956909,True
6,916,1784807901.4553268,8,0.019766807556152344,0.002470850944519043,True
6,917,1784807901.4753428,8,0.023886919021606445,0.0029858648777008057,True
6,918,1784807901.4996283,8,0.020389795303344727,0.002548724412918091,True
6,919,1784807901.520442,8,0.018930435180664062,0.002366304397583008,True
6,920,1784807901.5401666,8,0.020067453384399414,0.0025084316730499268,True
6,921,1784807901.5608482,8,0.023555755615234375,0.002944469451904297,True
6,922,1784807901.5863857,8,0.0187680721282959,0.0023460090160369873,True
6,923,1784807901.605501,8,0.0188753604888916,0.00235942006111145,True
6,924,1784807901.6248147,8,0.02033257484436035,0.002541571855545044,True
6,925,1784807901.6456466,8,0.01937246322631836,0.002421557903289795,True
6,926,1784807901.665418,8,0.019384384155273438,0.0024230480194091797,True
6,927,1784807901.6852453,8,0.019904613494873047,0.002488076686859131,True
6,928,1784807901.7055483,8,0.02001333236694336,0.00250166654586792,True
6,929,1784807901.7258608,8,0.019610881805419922,0.0024513602256774902,True
6,930,1784807901.746234,8,0.020134925842285156,0.0025168657302856445,True
6,931,1784807901.7666495,8,0.01958775520324707,0.002448469400405884,True
6,932,1784807901.7872548,8,0.019266843795776367,0.002408355474472046,True
6,933,1784807901.8072493,8,0.020238161087036133,0.0025297701358795166,True
6,934,1784807901.828323,8,0.0202333927154541,0.0025291740894317627,True
6,935,1784807901.8491712,8,0.018250465393066406,0.0022813081741333008,True
6,936,1784807901.8682575,8,0.018924236297607422,0.0023655295372009277,True
6,937,1784807901.887821,8,0.021049022674560547,0.0026311278343200684,True
6,938,1784807901.909332,8,0.01918935775756836,0.002398669719696045,True
6,939,1784807901.9291735,8,0.019897937774658203,0.0024872422218322754,True
6,940,1784807901.9500782,8,0.02112603187561035,0.002640753984451294,True
6,941,1784807901.9716225,8,0.020391464233398438,0.0025489330291748047,True
6,942,1784807901.992435,8,0.020511865615844727,0.002563983201980591,True
6,943,1784807902.0135562,8,0.018897294998168945,0.002362161874771118,True
6,944,1784807902.0328453,8,0.02058720588684082,0.0025734007358551025,True
6,945,1784807902.0537715,8,0.01921868324279785,0.0024023354053497314,True
6,946,1784807902.0733645,8,0.019559144973754883,0.0024448931217193604,True
6,947,1784807902.0933282,8,0.0222475528717041,0.0027809441089630127,True
6,948,1784807902.1160064,8,0.020123004913330078,0.0025153756141662598,True
6,949,1784807902.1364396,8,0.019559383392333984,0.002444922924041748,True
6,950,1784807902.1564362,8,0.020487546920776367,0.002560943365097046,True
6,951,1784807902.177654,8,0.021769285202026367,0.002721160650253296,True
6,952,1784807902.2004585,8,0.019142866134643555,0.0023928582668304443,True
6,953,1784807902.220457,8,0.020544767379760742,0.0025680959224700928,True
6,954,1784807902.2423232,8,0.01912689208984375,0.0023908615112304688,True
6,955,1784807902.262007,8,0.021216630935668945,0.002652078866958618,True
6,956,1784807902.283569,8,0.021176815032958984,0.002647101879119873,True
6,957,1784807902.3054142,8,0.018877029418945312,0.002359628677368164,True
6,958,1784807902.324755,8,0.020220041275024414,0.0025275051593780518,True
6,959,1784807902.345354,8,0.01955413818359375,0.0024442672729492188,True
6,960,1784807902.3652327,8,0.02021193504333496,0.00252649188041687,True
6,961,1784807902.3858943,8,0.019997835159301758,0.0024997293949127197,True
6,962,1784807902.4062333,8,0.020247697830200195,0.0025309622287750244,True
6,963,1784807902.4269922,8,0.020156145095825195,0.0025195181369781494,True
6,964,1784807902.447503,8,0.0199129581451416,0.0024891197681427,True
6,965,1784807902.4680037,8,0.020429372787475586,0.0025536715984344482,True
6,966,1784807902.4887981,8,0.01900935173034668,0.002376168966293335,True
6,967,1784807902.5081463,8,0.019498348236083984,0.002437293529510498,True
6,968,1784807902.5280187,8,0.02050018310546875,0.0025625228881835938,True
6,969,1784807902.5490813,8,0.018763065338134766,0.0023453831672668457,True
6,970,1784807902.5684712,8,0.020583629608154297,0.002572953701019287,True
6,971,1784807902.5895953,8,0.019547462463378906,0.0024434328079223633,True
6,972,1784807902.6095712,8,0.019707202911376953,0.002463400363922119,True
6,973,1784807902.6296237,8,0.019325971603393555,0.0024157464504241943,True
6,974,1784807902.6493928,8,0.0206451416015625,0.0025806427001953125,True
6,975,1784807902.6704519,8,0.019425630569458008,0.002428203821182251,True
6,976,1784807902.690243,8,0.02005767822265625,0.0025072097778320312,True
6,977,1784807902.710583,8,0.02083420753479004,0.002604275941848755,True
6,978,1784807902.7318294,8,0.020702600479125977,0.002587825059890747,True
6,979,1784807902.7535276,8,0.02708745002746582,0.0033859312534332275,True
6,980,1784807902.781825,8,0.019084453582763672,0.002385556697845459,True
6,981,1784807902.8014455,8,0.022048473358154297,0.002756059169769287,True
6,982,1784807902.8241043,8,0.018546342849731445,0.0023182928562164307,True
6,983,1784807902.8433363,8,0.01880168914794922,0.0023502111434936523,True
6,984,1784807902.8627968,8,0.022794008255004883,0.0028492510318756104,True
6,985,1784807902.8862596,8,0.02008843421936035,0.002511054277420044,True
6,986,1784807902.9067814,8,0.020323991775512695,0.002540498971939087,True
6,987,1784807902.9277873,8,0.01947164535522461,0.002433955669403076,True
6,988,1784807902.947816,8,0.019822120666503906,0.0024777650833129883,True
6,989,1784807902.9681005,8,0.02178645133972168,0.00272330641746521,True
6,990,1784807902.9904392,8,0.020634174346923828,0.0025792717933654785,True
6,991,1784807903.0113728,8,0.020045042037963867,0.0025056302547454834,True
6,992,1784807903.031905,8,0.018795013427734375,0.002349376678466797,True
6,993,1784807903.0512266,8,0.02056407928466797,0.002570509910583496,True
6,994,1784807903.072167,8,0.020129680633544922,0.0025162100791931152,True
6,995,1784807903.0933335,8,0.01985001564025879,0.0024812519550323486,True
6,996,1784807903.1135695,8,0.01922774314880371,0.002403467893600464,True
6,997,1784807903.1331804,8,0.019611597061157227,0.0024514496326446533,True
6,998,1784807903.1532147,8,0.020468473434448242,0.0025585591793060303,True
6,999,1784807903.1739845,8,0.01943039894104004,0.002428799867630005,True
6,1000,1784807903.1938088,8,0.02058100700378418,0.0025726258754730225,True
6,1001,1784807903.2147539,8,0.020423412322998047,0.002552926540374756,True
6,1002,1784807903.235667,8,0.019565343856811523,0.0024456679821014404,True
6,1003,1784807903.2556138,8,0.019286155700683594,0.0024107694625854492,True
6,1004,1784807903.275261,8,0.021840333938598633,0.002730041742324829,True
6,1005,1784807903.297501,8,0.017956018447875977,0.002244502305984497,True
6,1006,1784807903.315728,8,0.019730806350708008,0.002466350793838501,True
6,1007,1784807903.335792,8,0.0194549560546875,0.0024318695068359375,True
6,1008,1784807903.3556306,8,0.02208876609802246,0.0027610957622528076,True
6,1009,1784807903.3781137,8,0.020684003829956055,0.002585500478744507,True
6,1010,1784807903.3997214,8,0.020836591720581055,0.002604573965072632,True
6,1011,1784807903.4211545,8,0.01902008056640625,0.0023775100708007812,True
6,1012,1784807903.4407446,8,0.020775556564331055,0.002596944570541382,True
6,1013,1784807903.4621043,8,0.020372629165649414,0.0025465786457061768,True
6,1014,1784807903.4829133,8,0.019567012786865234,0.0024458765983581543,True
6,1015,1784807903.5030007,8,0.021060705184936523,0.0026325881481170654,True
6,1016,1784807903.5244777,8,0.018766164779663086,0.0023457705974578857,True
6,1017,1784807903.543591,8,0.022242307662963867,0.0027802884578704834,True
6,1018,1784807903.5670607,8,0.02070164680480957,0.0025877058506011963,True
6,1019,1784807903.5887253,8,0.019782304763793945,0.002472788095474243,True
6,1020,1784807903.6088686,8,0.02056145668029785,0.0025701820850372314,True
6,1021,1784807903.6300125,8,0.0224001407623291,0.0028000175952911377,True
6,1022,1784807903.652873,8,0.01984119415283203,0.002480149269104004,True
6,1023,1784807903.6732244,8,0.01960301399230957,0.0024503767490386963,True
6,1024,1784807903.6942089,8,0.01984715461730957,0.0024808943271636963,True
6,1025,1784807903.7144873,8,0.021236896514892578,0.0026546120643615723,True
6,1026,1784807903.736227,8,0.020583152770996094,0.0025728940963745117,True
6,1027,1784807903.7571635,8,0.018835783004760742,0.0023544728755950928,True
6,1028,1784807903.776345,8,0.021009206771850586,0.0026261508464813232,True
6,1029,1784807903.7976558,8,0.020780563354492188,0.0025975704193115234,True
6,1030,1784807903.8188093,8,0.019666671752929688,0.002458333969116211,True
6,1031,1784807903.8392744,8,0.0215606689453125,0.0026950836181640625,True
6,1032,1784807903.8613048,8,0.018818378448486328,0.002352297306060791,True
6,1033,1784807903.8804145,8,0.019917726516723633,0.002489715814590454,True
6,1034,1784807903.9007366,8,0.02125859260559082,0.0026573240756988525,True
6,1035,1784807903.922443,8,0.021244525909423828,0.0026555657386779785,True
6,1036,1784807903.9440703,8,0.020527362823486328,0.002565920352935791,True
6,1037,1784807903.9649627,8,0.021069765090942383,0.002633720636367798,True
6,1038,1784807903.9865892,8,0.019950151443481445,0.0024937689304351807,True
6,1039,1784807904.0069704,8,0.019661426544189453,0.0024576783180236816,True
6,1040,1784807904.027073,8,0.02104353904724121,0.0026304423809051514,True
6,1041,1784807904.0484443,8,0.01955103874206543,0.0024438798427581787,True
6,1042,1784807904.0684433,8,0.0208284854888916,0.00260356068611145,True
6,1043,1784807904.0899298,8,0.02014923095703125,0.0025186538696289062,True
6,1044,1784807904.1105108,8,0.020029544830322266,0.002503693103790283,True
6,1045,1784807904.130943,8,0.021681785583496094,0.0027102231979370117,True
6,1046,1784807904.153097,8,0.019643783569335938,0.002455472946166992,True
6,1047,1784807904.1732085,8,0.02079319953918457,0.0025991499423980713,True
6,1048,1784807904.195106,8,0.0208432674407959,0.0026054084300994873,True
6,1049,1784807904.2163246,8,0.018969297409057617,0.002371162176132202,True
6,1050,1784807904.2356431,8,0.0189516544342041,0.0023689568042755127,True
6,1051,1784807904.2549791,8,0.020084619522094727,0.002510577440261841,True
6,1052,1784807904.2754326,8,0.021553754806518555,0.0026942193508148193,True
6,1053,1784807904.2975504,8,0.019954681396484375,0.002494335174560547,True
6,1054,1784807904.317812,8,0.021839380264282227,0.0027299225330352783,True
6,1055,1784807904.3400362,8,0.01938915252685547,0.0024236440658569336,True
6,1056,1784807904.359772,8,0.019435882568359375,0.002429485321044922,True
6,1057,1784807904.3796365,8,0.020763158798217773,0.0025953948497772217,True
6,1058,1784807904.4014735,8,0.01822638511657715,0.0022782981395721436,True
6,1059,1784807904.4200404,8,0.019307374954223633,0.002413421869277954,True
6,1060,1784807904.4398687,8,0.021324872970581055,0.002665609121322632,True
6,1061,1784807904.4615157,8,0.021242141723632812,0.0026552677154541016,True
6,1062,1784807904.483257,8,0.020323514938354492,0.0025404393672943115,True
6,1063,1784807904.5040653,8,0.019394397735595703,0.002424299716949463,True
6,1064,1784807904.5238023,8,0.018458127975463867,0.0023072659969329834,True
6,1065,1784807904.5436401,8,0.0201416015625,0.0025177001953125,True
6,1066,1784807904.5643158,8,0.016757965087890625,0.002094745635986328,True
6,1067,1784807904.5814133,8,0.019988298416137695,0.002498537302017212,True
6,1068,1784807904.6017287,8,0.019839048385620117,0.0024798810482025146,True
6,1069,1784807904.6219869,8,0.019483327865600586,0.0024354159832000732,True
6,1070,1784807904.6418753,8,0.01972198486328125,0.0024652481079101562,True
6,1071,1784807904.661861,8,0.019963502883911133,0.0024954378604888916,True
6,1072,1784807904.6822686,8,0.019780397415161133,0.0024725496768951416,True
6,1073,1784807904.702351,8,0.01944112777709961,0.002430140972137451,True
6,1074,1784807904.7222645,8,0.019443035125732422,0.0024303793907165527,True
6,1075,1784807904.7420394,8,0.019697189331054688,0.002462148666381836,True
6,1076,1784807904.7621136,8,0.019921302795410156,0.0024901628494262695,True
6,1077,1784807904.782451,8,0.019825458526611328,0.002478182315826416,True
6,1078,1784807904.8034716,8,0.020029306411743164,0.0025036633014678955,True
6,1079,1784807904.8245118,8,0.0197908878326416,0.0024738609790802,True
6,1080,1784807904.8446343,8,0.02056145668029785,0.0025701820850372314,True
6,1081,1784807904.8656244,8,0.023625612258911133,0.0029532015323638916,True
6,1082,1784807904.8896096,8,0.020188570022583008,0.002523571252822876,True
6,1083,1784807904.910656,8,0.020633697509765625,0.002579212188720703,True
6,1084,1784807904.9319847,8,0.021001338958740234,0.0026251673698425293,True
6,1085,1784807904.9534643,8,0.020731449127197266,0.002591431140899658,True
6,1086,1784807904.974661,8,0.019495487213134766,0.0024369359016418457,True
6,1087,1784807904.9947374,8,0.020767688751220703,0.002595961093902588,True
6,1088,1784807905.0161939,8,0.01929187774658203,0.002411484718322754,True
6,1089,1784807905.035843,8,0.02087092399597168,0.00260886549949646,True
6,1090,1784807905.0572174,8,0.019992351531982422,0.0024990439414978027,True
6,1091,1784807905.0776494,8,0.019132375717163086,0.0023915469646453857,True
6,1092,1784807905.0974846,8,0.02011895179748535,0.002514868974685669,True
6,1093,1784807905.1180522,8,0.020537853240966797,0.0025672316551208496,True
6,1094,1784807905.1393824,8,0.021662473678588867,0.0027078092098236084,True
6,1095,1784807905.1615212,8,0.01859116554260254,0.0023238956928253174,True
6,1096,1784807905.1816092,8,0.0222012996673584,0.0027751624584198,True
6,1097,1784807905.204314,8,0.02042388916015625,0.0025529861450195312,True
6,1098,1784807905.2252672,8,0.019573211669921875,0.0024466514587402344,True
6,1099,1784807905.2453315,8,0.02079296112060547,0.0025991201400756836,True
6,1100,1784807905.2684042,8,0.0195159912109375,0.0024394989013671875,True
6,1101,1784807905.288264,8,0.020038127899169922,0.0025047659873962402,True
6,1102,1784807905.308606,8,0.019585609436035156,0.0024482011795043945,True
6,1103,1784807905.3286104,8,0.019695043563842773,0.0024618804454803467,True
6,1104,1784807905.348798,8,0.019939899444580078,0.0024924874305725098,True
6,1105,1784807905.3707075,8,0.018553495407104492,0.0023191869258880615,True
6,1106,1784807905.3896036,8,0.021468162536621094,0.0026835203170776367,True
6,1107,1784807905.4118087,8,0.01935601234436035,0.002419501543045044,True
6,1108,1784807905.431474,8,0.020671844482421875,0.0025839805603027344,True
6,1109,1784807905.4525118,8,0.02094888687133789,0.0026186108589172363,True
6,1110,1784807905.474245,8,0.01664447784423828,0.002080559730529785,True
6,1111,1784807905.4916553,8,0.022202014923095703,0.002775251865386963,True
6,1112,1784807905.5142024,8,0.021394968032836914,0.0026743710041046143,True
6,1113,1784807905.5363383,8,0.019071102142333984,0.002383887767791748,True
6,1114,1784807905.5558238,8,0.018521785736083984,0.002315223217010498,True
6,1115,1784807905.5746427,8,0.02072763442993164,0.002590954303741455,True
6,1116,1784807905.5957828,8,0.019469261169433594,0.0024336576461791992,True
6,1117,1784807905.6155112,8,0.020188570022583008,0.002523571252822876,True
6,1118,1784807905.6359985,8,0.019260883331298828,0.0024076104164123535,True
6,1119,1784807905.6556919,8,0.020687341690063477,0.0025859177112579346,True
6,1120,1784807905.6771119,8,0.02079629898071289,0.0025995373725891113,True
6,1121,1784807905.6995945,8,0.020543575286865234,0.0025679469108581543,True
6,1122,1784807905.7211385,8,0.021839618682861328,0.002729952335357666,True
6,1123,1784807905.7436075,8,0.01566290855407715,0.0019578635692596436,True
6,1124,1784807905.7597702,8,0.02065420150756836,0.002581775188446045,True
6,1125,1784807905.7808247,8,0.021116018295288086,0.0026395022869110107,True
6,1126,1784807905.8029294,8,0.019425392150878906,0.0024281740188598633,True
6,1127,1784807905.8233972,8,0.022939682006835938,0.002867460250854492,True
6,1128,1784807905.8468206,8,0.019392967224121094,0.0024241209030151367,True
6,1129,1784807905.8665833,8,0.02054429054260254,0.0025680363178253174,True
6,1130,1784807905.8875449,8,0.020069599151611328,0.002508699893951416,True
6,1131,1784807905.9079647,8,0.01969766616821289,0.0024622082710266113,True
6,1132,1784807905.9280372,8,0.023324012756347656,0.002915501594543457,True
6,1133,1784807905.9517274,8,0.019638538360595703,0.002454817295074463,True
6,1134,1784807905.9717927,8,0.020213842391967773,0.0025267302989959717,True
6,1135,1784807905.9925542,8,0.021932363510131836,0.0027415454387664795,True
6,1136,1784807906.0148916,8,0.020540237426757812,0.0025675296783447266,True
6,1137,1784807906.0359237,8,0.018753528594970703,0.002344191074371338,True
6,1138,1784807906.0552852,8,0.021316051483154297,0.002664506435394287,True
6,1139,1784807906.0776627,8,0.020227670669555664,0.002528458833694458,True
6,1140,1784807906.0986044,8,0.020348548889160156,0.0025435686111450195,True
6,1141,1784807906.1193545,8,0.019401073455810547,0.0024251341819763184,True
6,1142,1784807906.1392074,8,0.020739316940307617,0.002592414617538452,True
6,1143,1784807906.1609564,8,0.020447492599487305,0.002555936574935913,True
6,1144,1784807906.1820045,8,0.021825075149536133,0.0027281343936920166,True
6,1145,1784807906.2041516,8,0.01932668685913086,0.0024158358573913574,True
6,1146,1784807906.2237875,8,0.020703792572021484,0.0025879740715026855,True
6,1147,1784807906.2448688,8,0.02053213119506836,0.002566516399383545,True
6,1148,1784807906.2658656,8,0.02209758758544922,0.0027621984481811523,True
6,1149,1784807906.288305,8,0.02044367790222168,0.00255545973777771,True
6,1150,1784807906.3094938,8,0.017238140106201172,0.0021547675132751465,True
6,1151,1784807906.3271143,8,0.020286083221435547,0.0025357604026794434,True
6,1152,1784807906.3479645,8,0.020914554595947266,0.002614319324493408,True
6,1153,1784807906.369211,8,0.019108295440673828,0.0023885369300842285,True
6,1154,1784807906.388619,8,0.019756317138671875,0.0024695396423339844,True
6,1155,1784807906.4087036,8,0.020735979080200195,0.0025919973850250244,True
6,1156,1784807906.429741,8,0.019141435623168945,0.002392679452896118,True
6,1157,1784807906.4492068,8,0.021044254302978516,0.0026305317878723145,True
6,1158,1784807906.4705548,8,0.019611120223999023,0.002451390027999878,True
6,1159,1784807906.4904249,8,0.02111339569091797,0.002639174461364746,True
6,1160,1784807906.5124054,8,0.019954204559326172,0.0024942755699157715,True
6,1161,1784807906.5332596,8,0.018320560455322266,0.002290070056915283,True
6,1162,1784807906.5524058,8,0.02026653289794922,0.0025333166122436523,True
6,1163,1784807906.5731251,8,0.01979994773864746,0.0024749934673309326,True
6,1164,1784807906.5933447,8,0.020203113555908203,0.0025253891944885254,True
6,1165,1784807906.6145134,8,0.019610166549682617,0.002451270818710327,True
6,1166,1784807906.6352422,8,0.020261287689208984,0.002532660961151123,True
6,1167,1784807906.6558704,8,0.019839048385620117,0.0024798810482025146,True
6,1168,1784807906.6761465,8,0.0200960636138916,0.00251200795173645,True
6,1169,1784807906.6966572,8,0.020434141159057617,0.002554267644882202,True
6,1170,1784807906.717925,8,0.018575191497802734,0.002321898937225342,True
6,1171,1784807906.7369318,8,0.019588947296142578,0.0024486184120178223,True
6,1172,1784807906.7568967,8,0.021739721298217773,0.0027174651622772217,True
6,1173,1784807906.7789845,8,0.020316362380981445,0.0025395452976226807,True
6,1174,1784807906.7997417,8,0.02161860466003418,0.0027023255825042725,True
6,1175,1784807906.82171,8,0.01885080337524414,0.0023563504219055176,True
6,1176,1784807906.8411908,8,0.02071976661682129,0.002589970827102661,True
6,1177,1784807906.8623831,8,0.020686864852905273,0.002585858106613159,True
6,1178,1784807906.8835623,8,0.020934581756591797,0.0026168227195739746,True
6,1179,1784807906.9049716,8,0.020793914794921875,0.0025992393493652344,True
6,1180,1784807906.9263515,8,0.018767833709716797,0.0023459792137145996,True
6,1181,1784807906.9454787,8,0.02145838737487793,0.002682298421859741,True
6,1182,1784807906.9673872,8,0.020363569259643555,0.0025454461574554443,True
6,1183,1784807906.9882016,8,0.021025896072387695,0.002628237009048462,True
6,1184,1784807907.0096323,8,0.020055294036865234,0.0025069117546081543,True
6,1185,1784807907.0300074,8,0.01868724822998047,0.0023359060287475586,True
6,1186,1784807907.0490994,8,0.020116090774536133,0.0025145113468170166,True
6,1187,1784807907.0697868,8,0.01776599884033203,0.002220749855041504,True
6,1188,1784807907.08843,8,0.020807981491088867,0.0026009976863861084,True
6,1189,1784807907.1095686,8,0.01917099952697754,0.0023963749408721924,True
6,1190,1784807907.1290307,8,0.020175933837890625,0.002521991729736328,True
6,1191,1784807907.1495621,8,0.020483732223510742,0.0025604665279388428,True
6,1192,1784807907.1703634,8,0.020957231521606445,0.0026196539402008057,True
6,1193,1784807907.1916745,8,0.020925283432006836,0.0026156604290008545,True
6,1194,1784807907.2129068,8,0.019156455993652344,0.002394556999206543,True
6,1195,1784807907.232448,8,0.0186614990234375,0.0023326873779296875,True
6,1196,1784807907.2514586,8,0.021199941635131836,0.0026499927043914795,True
6,1197,1784807907.2730954,8,0.021298885345458984,0.002662360668182373,True
6,1198,1784807907.2954304,8,0.020806550979614258,0.0026008188724517822,True
6,1199,1784807907.3167906,8,0.021528244018554688,0.002691030502319336,True
6,1200,1784807907.3388476,8,0.019658565521240234,0.0024573206901550293,True
6,1201,1784807907.3588562,8,0.018988370895385742,0.0023735463619232178,True
6,1202,1784807907.3781633,8,0.021564960479736328,0.002695620059967041,True
6,1203,1784807907.4009423,8,0.01990795135498047,0.0024884939193725586,True
6,1204,1784807907.4211593,8,0.020780563354492188,0.0025975704193115234,True
6,1205,1784807907.4426994,8,0.020270586013793945,0.002533823251724243,True
6,1206,1784807907.463326,8,0.021686553955078125,0.0027108192443847656,True
6,1207,1784807907.4854636,8,0.019388675689697266,0.002423584461212158,True
6,1208,1784807907.5051572,8,0.020545244216918945,0.002568155527114868,True
6,1209,1784807907.5259943,8,0.02023911476135254,0.0025298893451690674,True
6,1210,1784807907.5465446,8,0.02140331268310547,0.0026754140853881836,True
6,1211,1784807907.5683022,8,0.01985764503479004,0.002482205629348755,True
6,1212,1784807907.5885255,8,0.020155668258666992,0.002519458532333374,True
6,1213,1784807907.6090665,8,0.018543481826782227,0.0023179352283477783,True
6,1214,1784807907.628055,8,0.01875138282775879,0.0023439228534698486,True
6,1215,1784807907.6474824,8,0.01982903480529785,0.0024786293506622314,True
6,1216,1784807907.668342,8,0.021829605102539062,0.002728700637817383,True
6,1217,1784807907.6907642,8,0.019362688064575195,0.0024203360080718994,True
6,1218,1784807907.7106507,8,0.018924474716186523,0.0023655593395233154,True
6,1219,1784807907.7298703,8,0.020711660385131836,0.0025889575481414795,True
6,1220,1784807907.7514203,8,0.018552303314208984,0.002319037914276123,True
6,1221,1784807907.7713377,8,0.017093658447265625,0.002136707305908203,True
6,1222,1784807907.788867,8,0.020627260208129883,0.0025784075260162354,True
6,1223,1784807907.809852,8,0.017996788024902344,0.002249598503112793,True
6,1224,1784807907.8283103,8,0.01995110511779785,0.0024938881397247314,True
6,1225,1784807907.8486292,8,0.019985198974609375,0.002498149871826172,True
6,1226,1784807907.8690972,8,0.01899552345275879,0.0023744404315948486,True
6,1227,1784807907.888386,8,0.019677162170410156,0.0024596452713012695,True
6,1228,1784807907.9090114,8,0.021047115325927734,0.002630889415740967,True
6,1229,1784807907.930689,8,0.020503520965576172,0.0025629401206970215,True
6,1230,1784807907.9515643,8,0.020632505416870117,0.0025790631771087646,True
6,1231,1784807907.972529,8,0.019290685653686523,0.0024113357067108154,True
6,1232,1784807907.9927251,8,0.02037954330444336,0.00254744291305542,True
6,1233,1784807908.013497,8,0.020572662353515625,0.002571582794189453,True
6,1234,1784807908.0345259,8,0.0202023983001709,0.0025252997875213623,True
6,1235,1784807908.0551145,8,0.023091793060302734,0.002886474132537842,True
6,1236,1784807908.0790129,8,0.01848125457763672,0.00231015682220459,True
6,1237,1784807908.0978632,8,0.0196230411529541,0.0024528801441192627,True
6,1238,1784807908.117889,8,0.01900768280029297,0.002375960350036621,True
6,1239,1784807908.137399,8,0.021551847457885742,0.0026939809322357178,True
6,1240,1784807908.159489,8,0.01866626739501953,0.0023332834243774414,True
6,1241,1784807908.1784484,8,0.019130229949951172,0.0023912787437438965,True
6,1242,1784807908.19793,8,0.020087003707885742,0.0025108754634857178,True
6,1243,1784807908.2184532,8,0.023203372955322266,0.002900421619415283,True
6,1244,1784807908.2429624,8,0.01908111572265625,0.0023851394653320312,True
6,1245,1784807908.2624552,8,0.01964116096496582,0.0024551451206207275,True
6,1246,1784807908.2825263,8,0.020310401916503906,0.0025388002395629883,True
6,1247,1784807908.3032422,8,0.019826412200927734,0.002478301525115967,True
6,1248,1784807908.3234973,8,0.020074129104614258,0.0025092661380767822,True
6,1249,1784807908.3440378,8,0.01792621612548828,0.002240777015686035,True
6,1250,1784807908.3624628,8,0.020134687423706055,0.002516835927963257,True
6,1251,1784807908.382968,8,0.020827054977416992,0.002603381872177124,True
6,1252,1784807908.404199,8,0.02109527587890625,0.0026369094848632812,True
6,1253,1784807908.4260647,8,0.021711111068725586,0.0027138888835906982,True
6,1254,1784807908.4482045,8,0.019923686981201172,0.0024904608726501465,True
6,1255,1784807908.4684782,8,0.02130722999572754,0.0026634037494659424,True
6,1256,1784807908.4901571,8,0.02057814598083496,0.00257226824760437,True
6,1257,1784807908.5110855,8,0.020005464553833008,0.002500683069229126,True
6,1258,1784807908.5320196,8,0.020479917526245117,0.0025599896907806396,True
6,1259,1784807908.5530043,8,0.020951509475708008,0.002618938684463501,True
6,1260,1784807908.5744166,8,0.020392894744873047,0.002549111843109131,True
6,1261,1784807908.5954494,8,0.021013498306274414,0.0026266872882843018,True
6,1262,1784807908.616838,8,0.02094435691833496,0.00261804461479187,True
6,1263,1784807908.6390526,8,0.019870519638061523,0.0024838149547576904,True
6,1264,1784807908.6592622,8,0.02266836166381836,0.002833545207977295,True
6,1265,1784807908.6825209,8,0.020099639892578125,0.0025124549865722656,True
6,1266,1784807908.7031481,8,0.019685983657836914,0.0024607479572296143,True
6,1267,1784807908.7231565,8,0.021317243576049805,0.0026646554470062256,True
6,1268,1784807908.7448394,8,0.01978468894958496,0.00247308611869812,True
6,1269,1784807908.7649608,8,0.020270109176635742,0.0025337636470794678,True
6,1270,1784807908.785624,8,0.021427631378173828,0.0026784539222717285,True
6,1271,1784807908.8078415,8,0.019617795944213867,0.0024522244930267334,True
6,1272,1784807908.8280733,8,0.019492387771606445,0.0024365484714508057,True
6,1273,1784807908.8481276,8,0.021108388900756836,0.0026385486125946045,True
6,1274,1784807908.8700619,8,0.019248485565185547,0.0024060606956481934,True
6,1275,1784807908.8896403,8,0.01965022087097168,0.00245627760887146,True
6,1276,1784807908.9096704,8,0.01934528350830078,0.0024181604385375977,True
6,1277,1784807908.929454,8,0.019664287567138672,0.002458035945892334,True
6,1278,1784807908.949526,8,0.01967906951904297,0.002459883689880371,True
6,1279,1784807908.9696372,8,0.018359661102294922,0.0022949576377868652,True
6,1280,1784807908.988437,8,0.02005171775817871,0.002506464719772339,True
6,1281,1784807909.009254,8,0.020404338836669922,0.0025505423545837402,True
6,1282,1784807909.0307755,8,0.01849222183227539,0.002311527729034424,True
6,1283,1784807909.0495427,8,0.02028489112854004,0.002535611391067505,True
6,1284,1784807909.070417,8,0.02013564109802246,0.0025169551372528076,True
6,1285,1784807909.0909088,8,0.020199298858642578,0.0025249123573303223,True
6,1286,1784807909.1116312,8,0.018814563751220703,0.002351820468902588,True
6,1287,1784807909.1308806,8,0.020573854446411133,0.0025717318058013916,True
6,1288,1784807909.1521633,8,0.019778013229370117,0.0024722516536712646,True
6,1289,1784807909.1724348,8,0.019281864166259766,0.0024102330207824707,True
6,1290,1784807909.192095,8,0.02074575424194336,0.00259321928024292,True
6,1291,1784807909.213238,8,0.019550561904907227,0.0024438202381134033,True
6,1292,1784807909.2331638,8,0.022583723068237305,0.002822965383529663,True
6,1293,1784807909.2560873,8,0.019089221954345703,0.002386152744293213,True
6,1294,1784807909.275455,8,0.020969152450561523,0.0026211440563201904,True
6,1295,1784807909.2967758,8,0.020094871520996094,0.0025118589401245117,True
6,1296,1784807909.3172154,8,0.019661664962768555,0.0024577081203460693,True
6,1297,1784807909.3372493,8,0.020364761352539062,0.002545595169067383,True
6,1298,1784807909.3579626,8,0.020488500595092773,0.0025610625743865967,True
6,1299,1784807909.378818,8,0.020559310913085938,0.002569913864135742,True
6,1300,1784807909.3997455,8,0.019803524017333984,0.002475440502166748,True
6,1301,1784807909.4198956,8,0.021921396255493164,0.0027401745319366455,True
6,1302,1784807909.4422162,8,0.01973581314086914,0.0024669766426086426,True
6,1303,1784807909.4622712,8,0.0219118595123291,0.0027389824390411377,True
6,1304,1784807909.4845,8,0.01910090446472168,0.00238761305809021,True
6,1305,1784807909.5039017,8,0.020806312561035156,0.0026007890701293945,True
6,1306,1784807909.5251951,8,0.019626855850219727,0.002453356981277466,True
6,1307,1784807909.5451198,8,0.020069122314453125,0.0025086402893066406,True
6,1308,1784807909.5662131,8,0.0199735164642334,0.002496689558029175,True
6,1309,1784807909.5867872,8,0.02046656608581543,0.0025583207607269287,True
6,1310,1784807909.6077204,8,0.020273685455322266,0.002534210681915283,True
6,1311,1784807909.6293068,8,0.020196199417114258,0.0025245249271392822,True
6,1312,1784807909.6498394,8,0.019965171813964844,0.0024956464767456055,True
6,1313,1784807909.6702952,8,0.018969297409057617,0.002371162176132202,True
6,1314,1784807909.6897547,8,0.020798683166503906,0.0025998353958129883,True
6,1315,1784807909.710995,8,0.021419286727905273,0.002677410840988159,True
6,1316,1784807909.73306,8,0.01979351043701172,0.002474188804626465,True
6,1317,1784807909.753684,8,0.018261194229125977,0.002282649278640747,True
6,1318,1784807909.772971,8,0.02079606056213379,0.0025995075702667236,True
6,1319,1784807909.7942495,8,0.020450353622436523,0.0025562942028045654,True
6,1320,1784807909.815248,8,0.020899534225463867,0.0026124417781829834,True
6,1321,1784807909.836561,8,0.019225358963012695,0.002403169870376587,True
6,1322,1784807909.856413,8,0.018607616424560547,0.0023259520530700684,True
6,1323,1784807909.8753495,8,0.01976609230041504,0.00247076153755188,True
6,1324,1784807909.8954778,8,0.019887447357177734,0.002485930919647217,True
6,1325,1784807909.916423,8,0.02072453498840332,0.002590566873550415,True
6,1326,1784807909.9374425,8,0.020050764083862305,0.002506345510482788,True
6,1327,1784807909.9581532,8,0.020705461502075195,0.0025881826877593994,True
6,1328,1784807909.9792666,8,0.020337343215942383,0.002542167901992798,True
6,1329,1784807910.000018,8,0.02065300941467285,0.0025816261768341064,True
6,1330,1784807910.021358,8,0.020704984664916992,0.002588123083114624,True
6,1331,1784807910.0425677,8,0.018572092056274414,0.0023215115070343018,True
6,1332,1784807910.0619256,8,0.021907329559326172,0.0027384161949157715,True
6,1333,1784807910.0843074,8,0.02116680145263672,0.00264585018157959,True
6,1334,1784807910.1059606,8,0.019869565963745117,0.0024836957454681396,True
6,1335,1784807910.1264317,8,0.022686243057250977,0.002835780382156372,True
6,1336,1784807910.1494937,8,0.02034926414489746,0.0025436580181121826,True
6,1337,1784807910.1705241,8,0.0205533504486084,0.00256916880607605,True
6,1338,1784807910.1920753,8,0.018930912017822266,0.002366364002227783,True
6,1339,1784807910.2118208,8,0.019814014434814453,0.0024767518043518066,True
6,1340,1784807910.23263,8,0.02130866050720215,0.0026635825634002686,True
6,1341,1784807910.254383,8,0.020926952362060547,0.0026158690452575684,True
6,1342,1784807910.2758558,8,0.01939988136291504,0.00242498517036438,True
6,1343,1784807910.2960396,8,0.020355701446533203,0.0025444626808166504,True
6,1344,1784807910.3169227,8,0.02080678939819336,0.00260084867477417,True
6,1345,1784807910.3384995,8,0.020473957061767578,0.0025592446327209473,True
6,1346,1784807910.3596194,8,0.021029233932495117,0.0026286542415618896,True
6,1347,1784807910.3815033,8,0.018996477127075195,0.0023745596408843994,True
6,1348,1784807910.4010077,8,0.020915508270263672,0.002614438533782959,True
6,1349,1784807910.423111,8,0.022063016891479492,0.0027578771114349365,True
6,1350,1784807910.448986,8,0.02066206932067871,0.002582758665084839,True
6,1351,1784807910.470439,8,0.019355297088623047,0.002419412136077881,True
6,1352,1784807910.4902093,8,0.019176721572875977,0.002397090196609497,True
6,1353,1784807910.5100691,8,0.019821882247924805,0.0024777352809906006,True
6,1354,1784807910.5304086,8,0.02213764190673828,0.002767205238342285,True
6,1355,1784807910.553325,8,0.018739938735961914,0.0023424923419952393,True
6,1356,1784807910.5727458,8,0.019861936569213867,0.0024827420711517334,True
6,1357,1784807910.5930586,8,0.020071029663085938,0.002508878707885742,True
6,1358,1784807910.61387,8,0.021192073822021484,0.0026490092277526855,True
6,1359,1784807910.6362572,8,0.020287036895751953,0.002535879611968994,True
6,1360,1784807910.656801,8,0.020433902740478516,0.0025542378425598145,True
6,1361,1784807910.6775417,8,0.02104949951171875,0.0026311874389648438,True
6,1362,1784807910.6988528,8,0.019632577896118164,0.0024540722370147705,True
6,1363,1784807910.7189167,8,0.019089937210083008,0.002386242151260376,True
6,1364,1784807910.7386737,8,0.021390199661254883,0.0026737749576568604,True
6,1365,1784807910.7605557,8,0.020947694778442383,0.002618461847305298,True
6,1366,1784807910.7825212,8,0.019067764282226562,0.0023834705352783203,True
6,1367,1784807910.8022354,8,0.021570682525634766,0.0026963353157043457,True
6,1368,1784807910.8245094,8,0.020207881927490234,0.0025259852409362793,True
6,1369,1784807910.8450127,8,0.021086692810058594,0.0026358366012573242,True
6,1370,1784807910.8664267,8,0.01998734474182129,0.002498418092727661,True
6,1371,1784807910.8868935,8,0.0206758975982666,0.002584487199783325,True
6,1372,1784807910.9087522,8,0.019980669021606445,0.0024975836277008057,True
6,1373,1784807910.9291737,8,0.01982593536376953,0.0024782419204711914,True
6,1374,1784807910.949328,8,0.020891427993774414,0.0026114284992218018,True
6,1375,1784807910.9709117,8,0.018962383270263672,0.002370297908782959,True
6,1376,1784807910.9905477,8,0.01997232437133789,0.0024965405464172363,True
6,1377,1784807911.0108035,8,0.0219118595123291,0.0027389824390411377,True
6,1378,1784807911.0331755,8,0.020224332809448242,0.0025280416011810303,True
6,1379,1784807911.0537167,8,0.0197906494140625,0.0024738311767578125,True
6,1380,1784807911.073885,8,0.019789695739746094,0.0024737119674682617,True
6,1381,1784807911.0941956,8,0.021818161010742188,0.0027272701263427734,True
6,1382,1784807911.1164334,8,0.01867985725402832,0.00233498215675354,True
6,1383,1784807911.1356058,8,0.018596887588500977,0.002324610948562622,True
6,1384,1784807911.154548,8,0.01970052719116211,0.0024625658988952637,True
6,1385,1784807911.1752868,8,0.019972801208496094,0.0024966001510620117,True
6,1386,1784807911.1960433,8,0.019913196563720703,0.002489149570465088,True
6,1387,1784807911.2171738,8,0.02054905891418457,0.0025686323642730713,True
6,1388,1784807911.238513,8,0.021890878677368164,0.0027363598346710205,True
6,1389,1784807911.2607908,8,0.020804405212402344,0.002600550651550293,True
6,1390,1784807911.2819748,8,0.020044326782226562,0.0025055408477783203,True
6,1391,1784807911.302366,8,0.021582365036010742,0.0026977956295013428,True
6,1392,1784807911.3242352,8,0.021718263626098633,0.002714782953262329,True
6,1393,1784807911.346393,8,0.018469810485839844,0.0023087263107299805,True
6,1394,1784807911.3652463,8,0.021364688873291016,0.002670586109161377,True
6,1395,1784807911.3872201,8,0.01995849609375,0.00249481201171875,True
6,1396,1784807911.4076154,8,0.019859790802001953,0.002482473850250244,True
6,1397,1784807911.4278028,8,0.020116329193115234,0.0025145411491394043,True
6,1398,1784807911.4483526,8,0.020923852920532227,0.0026154816150665283,True
6,1399,1784807911.4696488,8,0.01936936378479004,0.002421170473098755,True
6,1400,1784807911.4897807,8,0.020705461502075195,0.0025881826877593994,True
6,1401,1784807911.5109415,8,0.018167972564697266,0.002270996570587158,True
6,1402,1784807911.529418,8,0.020205020904541016,0.002525627613067627,True
6,1403,1784807911.549962,8,0.02024078369140625,0.0025300979614257812,True
6,1404,1784807911.5717738,8,0.02169632911682129,0.002712041139602661,True
6,1405,1784807911.5940785,8,0.02071380615234375,0.0025892257690429688,True
6,1406,1784807911.6153212,8,0.019543886184692383,0.002442985773086548,True
6,1407,1784807911.635656,8,0.0218505859375,0.0027313232421875,True
6,1408,1784807911.6588206,8,0.021392822265625,0.002674102783203125,True
6,1409,1784807911.680922,8,0.020229101181030273,0.002528637647628784,True
6,1410,1784807911.7035046,8,0.020296335220336914,0.0025370419025421143,True
6,1411,1784807911.7245843,8,0.019337177276611328,0.002417147159576416,True
6,1412,1784807911.7445376,8,0.02031254768371582,0.0025390684604644775,True
6,1413,1784807911.7652996,8,0.01915740966796875,0.0023946762084960938,True
6,1414,1784807911.7851126,8,0.01894235610961914,0.0023677945137023926,True
6,1415,1784807911.8044941,8,0.02189922332763672,0.00273740291595459,True
6,1416,1784807911.8267035,8,0.017914533615112305,0.002239316701889038,True
6,1417,1784807911.8450944,8,0.021946430206298828,0.0027433037757873535,True
6,1418,1784807911.8676345,8,0.017969131469726562,0.0022461414337158203,True
6,1419,1784807911.8858902,8,0.021458864212036133,0.0026823580265045166,True
6,1420,1784807911.9091892,8,0.019930362701416016,0.002491295337677002,True
6,1421,1784807911.9295173,8,0.01982259750366211,0.0024778246879577637,True
6,1422,1784807911.9497778,8,0.02055668830871582,0.0025695860385894775,True
6,1423,1784807911.9706318,8,0.020449161529541016,0.002556145191192627,True
6,1424,1784807911.9914422,8,0.020418643951416016,0.002552330493927002,True
6,1425,1784807912.012264,8,0.019030332565307617,0.002378791570663452,True
6,1426,1784807912.0317323,8,0.020394325256347656,0.002549290657043457,True
6,1427,1784807912.0525887,8,0.01996779441833496,0.00249597430229187,True
6,1428,1784807912.0729573,8,0.02051711082458496,0.00256463885307312,True
6,1429,1784807912.0941086,8,0.020480632781982422,0.0025600790977478027,True
6,1430,1784807912.1149821,8,0.020979642868041992,0.002622455358505249,True
6,1431,1784807912.1364496,8,0.020561695098876953,0.002570211887359619,True
6,1432,1784807912.1574128,8,0.019717693328857422,0.0024647116661071777,True
6,1433,1784807912.17818,8,0.02446579933166504,0.00305822491645813,True
6,1434,1784807912.203737,8,0.01963639259338379,0.0024545490741729736,True
6,1435,1784807912.223913,8,0.020941734313964844,0.0026177167892456055,True
6,1436,1784807912.245157,8,0.020489215850830078,0.0025611519813537598,True
6,1437,1784807912.2660913,8,0.018517732620239258,0.0023147165775299072,True
6,1438,1784807912.2850518,8,0.0197451114654541,0.0024681389331817627,True
6,1439,1784807912.3052096,8,0.019477367401123047,0.002434670925140381,True
6,1440,1784807912.32508,8,0.020897626876831055,0.002612203359603882,True
6,1441,1784807912.3466132,8,0.02024102210998535,0.002530127763748169,True
6,1442,1784807912.3672438,8,0.020736217498779297,0.002592027187347412,True
6,1443,1784807912.3883471,8,0.019878864288330078,0.0024848580360412598,True
6,1444,1784807912.4087434,8,0.02156543731689453,0.0026956796646118164,True
6,1445,1784807912.4311914,8,0.020080089569091797,0.0025100111961364746,True
6,1446,1784807912.451835,8,0.020270586013793945,0.002533823251724243,True
6,1447,1784807912.472504,8,0.020833730697631836,0.0026042163372039795,True
6,1448,1784807912.4940858,8,0.018813371658325195,0.0023516714572906494,True
6,1449,1784807912.5132368,8,0.021606922149658203,0.0027008652687072754,True
6,1450,1784807912.535152,8,0.019797563552856445,0.0024746954441070557,True
6,1451,1784807912.5553591,8,0.019255399703979492,0.0024069249629974365,True
6,1452,1784807912.575003,8,0.020069360733032227,0.0025086700916290283,True
6,1453,1784807912.595723,8,0.020583152770996094,0.0025728940963745117,True
6,1454,1784807912.616838,8,0.020519018173217773,0.0025648772716522217,True
6,1455,1784807912.6385233,8,0.020714521408081055,0.002589315176010132,True
6,1456,1784807912.660057,8,0.019420623779296875,0.0024275779724121094,True
6,1457,1784807912.6798837,8,0.02102804183959961,0.002628505229949951,True
6,1458,1784807912.7013898,8,0.019624948501586914,0.0024531185626983643,True
6,1459,1784807912.7214396,8,0.020143985748291016,0.002517998218536377,True
6,1460,1784807912.741897,8,0.019214391708374023,0.002401798963546753,True
6,1461,1784807912.7615068,8,0.021979331970214844,0.0027474164962768555,True
6,1462,1784807912.7837858,8,0.019052982330322266,0.002381622791290283,True
6,1463,1784807912.8031907,8,0.021477937698364258,0.0026847422122955322,True
6,1464,1784807912.8251014,8,0.019763708114624023,0.002470463514328003,True
6,1465,1784807912.845432,8,0.01987314224243164,0.002484142780303955,True
6,1466,1784807912.866525,8,0.020607471466064453,0.0025759339332580566,True
6,1467,1784807912.8874834,8,0.020252704620361328,0.002531588077545166,True
6,1468,1784807912.9081693,8,0.018684864044189453,0.0023356080055236816,True
6,1469,1784807912.9274178,8,0.020029544830322266,0.002503693103790283,True
6,1470,1784807912.9479249,8,0.0198819637298584,0.0024852454662323,True
6,1471,1784807912.9681058,8,0.018216609954833984,0.002277076244354248,True
6,1472,1784807912.986968,8,0.020330429077148438,0.0025413036346435547,True
6,1473,1784807913.0076098,8,0.01903557777404785,0.0023794472217559814,True
6,1474,1784807913.027291,8,0.01976609230041504,0.00247076153755188,True
6,1475,1784807913.0474145,8,0.02068352699279785,0.0025854408740997314,True
6,1476,1784807913.0684671,8,0.01938652992248535,0.002423316240310669,True
6,1477,1784807913.0882666,8,0.019937753677368164,0.0024922192096710205,True
6,1478,1784807913.1085627,8,0.020119428634643555,0.0025149285793304443,True
6,1479,1784807913.1292124,8,0.019755125045776367,0.002469390630722046,True
6,1480,1784807913.149241,8,0.01932835578918457,0.0024160444736480713,True
6,1481,1784807913.1691709,8,0.02170085906982422,0.0027126073837280273,True
6,1482,1784807913.1912327,8,0.0205078125,0.0025634765625,True
6,1483,1784807913.212082,8,0.019536256790161133,0.0024420320987701416,True
6,1484,1784807913.2319798,8,0.020577430725097656,0.002572178840637207,True
6,1485,1784807913.2528985,8,0.020261287689208984,0.002532660961151123,True
6,1486,1784807913.273592,8,0.019230365753173828,0.0024037957191467285,True
6,1487,1784807913.2932382,8,0.01872110366821289,0.0023401379585266113,True
6,1488,1784807913.312275,8,0.021106719970703125,0.0026383399963378906,True
6,1489,1784807913.3337324,8,0.0200040340423584,0.0025005042552948,True
6,1490,1784807913.3543642,8,0.02055072784423828,0.002568840980529785,True
6,1491,1784807913.3752942,8,0.019837617874145508,0.0024797022342681885,True
6,1492,1784807913.3955288,8,0.01986837387084961,0.002483546733856201,True
6,1493,1784807913.4159095,8,0.019815921783447266,0.002476990222930908,True
6,1494,1784807913.436345,8,0.020618200302124023,0.002577275037765503,True
6,1495,1784807913.4574268,8,0.022669315338134766,0.0028336644172668457,True
6,1496,1784807913.4805806,8,0.01981973648071289,0.0024774670600891113,True
6,1497,1784807913.500902,8,0.018990755081176758,0.0023738443851470947,True
6,1498,1784807913.5203264,8,0.02064037322998047,0.0025800466537475586,True
6,1499,1784807913.5416377,8,0.02227640151977539,0.002784550189971924,True
6,1500,1784807913.5647588,8,0.01991891860961914,0.0024898648262023926,True
6,1501,1784807913.5849905,8,0.018555164337158203,0.0023193955421447754,True
6,1502,1784807913.6038516,8,0.019220590591430664,0.002402573823928833,True
6,1503,1784807913.6233747,8,0.01922893524169922,0.0024036169052124023,True
6,1504,1784807913.6428816,8,0.020572900772094727,0.002571612596511841,True
6,1505,1784807913.6636965,8,0.020406246185302734,0.002550780773162842,True
6,1506,1784807913.6844528,8,0.021109342575073242,0.0026386678218841553,True
6,1507,1784807913.7060695,8,0.02024555206298828,0.002530694007873535,True
6,1508,1784807913.7266965,8,0.019381284713745117,0.0024226605892181396,True
6,1509,1784807913.7464128,8,0.02013254165649414,0.0025165677070617676,True
6,1510,1784807913.7669442,8,0.0199892520904541,0.0024986565113067627,True
6,1511,1784807913.787292,8,0.01832890510559082,0.0022911131381988525,True
6,1512,1784807913.8061185,8,0.02006244659423828,0.002507805824279785,True
6,1513,1784807913.826712,8,0.01988506317138672,0.00248563289642334,True
6,1514,1784807913.846951,8,0.01999521255493164,0.002499401569366455,True
6,1515,1784807913.8675952,8,0.019641399383544922,0.0024551749229431152,True
6,1516,1784807913.8879495,8,0.020834922790527344,0.002604365348815918,True
6,1517,1784807913.9094572,8,0.020798444747924805,0.0025998055934906006,True
6,1518,1784807913.930575,8,0.02114725112915039,0.002643406391143799,True
6,1519,1784807913.9526129,8,0.021283388137817383,0.002660423517227173,True
6,1520,1784807913.9743264,8,0.019554615020751953,0.002444326877593994,True
6,1521,1784807913.9942064,8,0.01952219009399414,0.0024402737617492676,True
6,1522,1784807914.014067,8,0.01940298080444336,0.00242537260055542,True
6,1523,1784807914.033776,8,0.019234895706176758,0.0024043619632720947,True
6,1524,1784807914.0533442,8,0.022050857543945312,0.002756357192993164,True
6,1525,1784807914.0757864,8,0.018384933471679688,0.002298116683959961,True
6,1526,1784807914.0949593,8,0.021282672882080078,0.0026603341102600098,True
6,1527,1784807914.1169994,8,0.020526647567749023,0.002565830945968628,True
6,1528,1784807914.1379764,8,0.02039933204650879,0.0025499165058135986,True
6,1529,1784807914.1587243,8,0.020482540130615234,0.0025603175163269043,True
6,1530,1784807914.179821,8,0.020621299743652344,0.002577662467956543,True
6,1531,1784807914.2010615,8,0.01978611946105957,0.0024732649326324463,True
6,1532,1784807914.22128,8,0.021157264709472656,0.002644658088684082,True
6,1533,1784807914.24279,8,0.020534276962280273,0.002566784620285034,True
6,1534,1784807914.2637618,8,0.020716428756713867,0.0025895535945892334,True
6,1535,1784807914.2848706,8,0.0209043025970459,0.0026130378246307373,True
6,1536,1784807914.3060935,8,0.019660234451293945,0.002457529306411743,True
6,1537,1784807914.3261921,8,0.021563053131103516,0.0026953816413879395,True
6,1538,1784807914.3480659,8,0.02011394500732422,0.0025142431259155273,True
6,1539,1784807914.3686402,8,0.020249128341674805,0.0025311410427093506,True
6,1540,1784807914.3893614,8,0.02138829231262207,0.002673536539077759,True
6,1541,1784807914.41113,8,0.018845558166503906,0.0023556947708129883,True
6,1542,1784807914.4303763,8,0.019844532012939453,0.0024805665016174316,True
6,1543,1784807914.450604,8,0.019694089889526367,0.002461761236190796,True
6,1544,1784807914.4706016,8,0.018842220306396484,0.0023552775382995605,True
6,1545,1784807914.489883,8,0.01944732666015625,0.0024309158325195312,True
6,1546,1784807914.5097346,8,0.020689725875854492,0.0025862157344818115,True
6,1547,1784807914.5307963,8,0.019404888153076172,0.0024256110191345215,True
6,1548,1784807914.550621,8,0.023034095764160156,0.0028792619705200195,True
6,1549,1784807914.573995,8,0.020830869674682617,0.002603858709335327,True
6,1550,1784807914.5952094,8,0.021208763122558594,0.0026510953903198242,True
6,1551,1784807914.6167152,8,0.019072771072387695,0.002384096384048462,True
6,1552,1784807914.6361024,8,0.021372318267822266,0.002671539783477783,True
6,1553,1784807914.658107,8,0.018936634063720703,0.002367079257965088,True
6,1554,1784807914.6777694,8,0.024599313735961914,0.0030749142169952393,True
6,1555,1784807914.7030125,8,0.02003335952758789,0.0025041699409484863,True
6,1556,1784807914.7234778,8,0.02098250389099121,0.0026228129863739014,True
6,1557,1784807914.7449589,8,0.01897907257080078,0.0023723840713500977,True
6,1558,1784807914.7645082,8,0.018121957778930664,0.002265244722366333,True
6,1559,1784807914.783194,8,0.019141674041748047,0.002392709255218506,True
6,1560,1784807914.8027961,8,0.019218921661376953,0.002402365207672119,True
6,1561,1784807914.8223548,8,0.020105600357055664,0.002513200044631958,True
6,1562,1784807914.8427913,8,0.020539283752441406,0.0025674104690551758,True
6,1563,1784807914.8638008,8,0.018589258193969727,0.002323657274246216,True
6,1564,1784807914.882723,8,0.020628690719604492,0.0025785863399505615,True
6,1565,1784807914.9038925,8,0.01965641975402832,0.00245705246925354,True
6,1566,1784807914.9238415,8,0.019713163375854492,0.0024641454219818115,True
6,1567,1784807914.9440455,8,0.01916337013244629,0.002395421266555786,True
6,1568,1784807914.963642,8,0.02065253257751465,0.002581566572189331,True
6,1569,1784807914.9846995,8,0.020763874053955078,0.0025954842567443848,True
6,1570,1784807915.00576,8,0.02005314826965332,0.002506643533706665,True
6,1571,1784807915.026211,8,0.0193483829498291,0.0024185478687286377,True
6,1572,1784807915.045906,8,0.020427465438842773,0.0025534331798553467,True
6,1573,1784807915.068991,8,0.018669605255126953,0.002333700656890869,True
6,1574,1784807915.0891607,8,0.019318342208862305,0.002414792776107788,True
6,1575,1784807915.1088462,8,0.02058863639831543,0.0025735795497894287,True
6,1576,1784807915.1301177,8,0.02248668670654297,0.002810835838317871,True
6,1577,1784807915.15295,8,0.018419504165649414,0.0023024380207061768,True
6,1578,1784807915.1719272,8,0.02076864242553711,0.0025960803031921387,True
6,1579,1784807915.1931646,8,0.019590139389038086,0.0024487674236297607,True
6,1580,1784807915.2130876,8,0.019855499267578125,0.0024819374084472656,True
6,1581,1784807915.2333934,8,0.021162033081054688,0.002645254135131836,True
6,1582,1784807915.255043,8,0.020686626434326172,0.0025858283042907715,True
6,1583,1784807915.2761035,8,0.019581079483032227,0.0024476349353790283,True
6,1584,1784807915.2960126,8,0.021947383880615234,0.0027434229850769043,True
6,1585,1784807915.3184996,8,0.020716190338134766,0.0025895237922668457,True
6,1586,1784807915.3401768,8,0.02033066749572754,0.0025413334369659424,True
6,1587,1784807915.3608696,8,0.020992755889892578,0.0026240944862365723,True
6,1588,1784807915.3823173,8,0.01836872100830078,0.0022960901260375977,True
6,1589,1784807915.4011183,8,0.020979642868041992,0.002622455358505249,True
6,1590,1784807915.4224517,8,0.020946264266967773,0.0026182830333709717,True
6,1591,1784807915.4438503,8,0.01927351951599121,0.0024091899394989014,True
6,1592,1784807915.4637036,8,0.019501924514770508,0.0024377405643463135,True
6,1593,1784807915.4836109,8,0.020095348358154297,0.002511918544769287,True
6,1594,1784807915.504088,8,0.020093917846679688,0.002511739730834961,True
6,1595,1784807915.524551,8,0.019719600677490234,0.0024649500846862793,True
6,1596,1784807915.5448105,8,0.018119096755981445,0.0022648870944976807,True
6,1597,1784807915.5638804,8,0.019371509552001953,0.002421438694000244,True
6,1598,1784807915.583573,8,0.020392656326293945,0.002549082040786743,True
6,1599,1784807915.6043525,8,0.020520925521850586,0.0025651156902313232,True
6,1600,1784807915.6253157,8,0.019686222076416016,0.002460777759552002,True
6,1601,1784807915.6458595,8,0.021558284759521484,0.0026947855949401855,True
6,1602,1784807915.6678305,8,0.020586490631103516,0.0025733113288879395,True
6,1603,1784807915.6889274,8,0.019205808639526367,0.002400726079940796,True
6,1604,1784807915.7086983,8,0.020992517471313477,0.0026240646839141846,True
6,1605,1784807915.7301257,8,0.020092248916625977,0.002511531114578247,True
6,1606,1784807915.7516491,8,0.018768310546875,0.002346038818359375,True
6,1607,1784807915.7710116,8,0.02155137062072754,0.0026939213275909424,True
6,1608,1784807915.7930477,8,0.019355058670043945,0.002419382333755493,True
6,1609,1784807915.8128693,8,0.021653413772583008,0.002706676721572876,True
6,1610,1784807915.8354414,8,0.020760536193847656,0.002595067024230957,True
6,1611,1784807915.8565478,8,0.020518779754638672,0.002564847469329834,True
6,1612,1784807915.8775692,8,0.018909454345703125,0.0023636817932128906,True
6,1613,1784807915.897113,8,0.020522356033325195,0.0025652945041656494,True
6,1614,1784807915.9181924,8,0.020033836364746094,0.0025042295455932617,True
6,1615,1784807915.9395435,8,0.019932985305786133,0.0024916231632232666,True
6,1616,1784807915.9600391,8,0.019362926483154297,0.002420365810394287,True
6,1617,1784807915.9797182,8,0.020337820053100586,0.0025422275066375732,True
6,1618,1784807916.0005105,8,0.01975846290588379,0.0024698078632354736,True
6,1619,1784807916.0215738,8,0.01912236213684082,0.0023902952671051025,True
6,1620,1784807916.041074,8,0.021221160888671875,0.0026526451110839844,True
6,1621,1784807916.0628226,8,0.018918514251708984,0.002364814281463623,True
6,1622,1784807916.0821378,8,0.02091670036315918,0.0026145875453948975,True
6,1623,1784807916.1034238,8,0.02087569236755371,0.002609461545944214,True
6,1624,1784807916.1251504,8,0.01902294158935547,0.0023778676986694336,True
6,1625,1784807916.1445663,8,0.02060079574584961,0.002575099468231201,True
6,1626,1784807916.1655245,8,0.019757509231567383,0.002469688653945923,True
6,1627,1784807916.186705,8,0.019221067428588867,0.0024026334285736084,True
6,1628,1784807916.2065156,8,0.019694089889526367,0.002461761236190796,True
6,1629,1784807916.2266402,8,0.020609378814697266,0.002576172351837158,True
6,1630,1784807916.247735,8,0.01991868019104004,0.002489835023880005,True
6,1631,1784807916.2681878,8,0.018245458602905273,0.002280682325363159,True
6,1632,1784807916.286734,8,0.02580094337463379,0.0032251179218292236,True
6,1633,1784807916.3128726,8,0.01810598373413086,0.0022632479667663574,True
6,1634,1784807916.3313735,8,0.019540071487426758,0.0024425089359283447,True
6,1635,1784807916.3513238,8,0.021331310272216797,0.0026664137840270996,True
6,1636,1784807916.3731027,8,0.019433975219726562,0.0024292469024658203,True
6,1637,1784807916.392834,8,0.019583702087402344,0.002447962760925293,True
6,1638,1784807916.4130106,8,0.02053976058959961,0.002567470073699951,True
6,1639,1784807916.4338617,8,0.020541906356811523,0.0025677382946014404,True
6,1640,1784807916.4548204,8,0.021084308624267578,0.0026355385780334473,True
6,1641,1784807916.4762833,8,0.0205538272857666,0.002569228410720825,True
6,1642,1784807916.4971347,8,0.021994590759277344,0.002749323844909668,True
6,1643,1784807916.5194402,8,0.01968526840209961,0.002460658550262451,True
6,1644,1784807916.5398238,8,0.021167278289794922,0.0026459097862243652,True
6,1645,1784807916.5619922,8,0.018867969512939453,0.0023584961891174316,True
6,1646,1784807916.5812569,8,0.02024531364440918,0.0025306642055511475,True
6,1647,1784807916.6019435,8,0.021227121353149414,0.0026533901691436768,True
6,1648,1784807916.6234767,8,0.020661354064941406,0.0025826692581176758,True
6,1649,1784807916.6445308,8,0.020511865615844727,0.002563983201980591,True
6,1650,1784807916.6657941,8,0.019202470779418945,0.002400308847427368,True
6,1651,1784807916.6854386,8,0.020916461944580078,0.0026145577430725098,True
6,1652,1784807916.7066786,8,0.02049398422241211,0.0025617480278015137,True
6,1653,1784807916.72761,8,0.018832921981811523,0.0023541152477264404,True
6,1654,1784807916.7467427,8,0.01982259750366211,0.0024778246879577637,True
6,1655,1784807916.7669053,8,0.01964569091796875,0.0024557113647460938,True
6,1656,1784807916.7869747,8,0.020822763442993164,0.0026028454303741455,True
6,1657,1784807916.8082051,8,0.019601821899414062,0.002450227737426758,True
6,1658,1784807916.8282418,8,0.019493579864501953,0.002436697483062744,True
6,1659,1784807916.8481185,8,0.020683765411376953,0.002585470676422119,True
6,1660,1784807916.8694448,8,0.01947760581970215,0.0024347007274627686,True
6,1661,1784807916.88943,8,0.02254462242126465,0.002818077802658081,True
6,1662,1784807916.9129875,8,0.019214868545532227,0.0024018585681915283,True
6,1663,1784807916.932526,8,0.01883077621459961,0.002353847026824951,True
6,1664,1784807916.9518971,8,0.020545005798339844,0.0025681257247924805,True
6,1665,1784807916.9729707,8,0.019670963287353516,0.0024588704109191895,True
6,1666,1784807916.9933312,8,0.020366907119750977,0.002545863389968872,True
6,1667,1784807917.0142028,8,0.023741960525512695,0.002967745065689087,True
6,1668,1784807917.0389102,8,0.01960277557373047,0.0024503469467163086,True
6,1669,1784807917.0588863,8,0.021593570709228516,0.0026991963386535645,True
6,1670,1784807917.0809023,8,0.0195159912109375,0.0024394989013671875,True
6,1671,1784807917.101304,8,0.019707679748535156,0.0024634599685668945,True
6,1672,1784807917.1214256,8,0.021328449249267578,0.0026660561561584473,True
6,1673,1784807917.1431582,8,0.020725250244140625,0.002590656280517578,True
6,1674,1784807917.16431,8,0.020898103713989258,0.0026122629642486572,True
6,1675,1784807917.1857946,8,0.019600391387939453,0.0024500489234924316,True
6,1676,1784807917.205873,8,0.020411014556884766,0.0025513768196105957,True
6,1677,1784807917.2268078,8,0.02029728889465332,0.002537161111831665,True
6,1678,1784807917.2477813,8,0.019179582595825195,0.0023974478244781494,True
6,1679,1784807917.2673576,8,0.020590782165527344,0.002573847770690918,True
6,1680,1784807917.2882874,8,0.020007610321044922,0.0025009512901306152,True
6,1681,1784807917.308612,8,0.019650697708129883,0.0024563372135162354,True
6,1682,1784807917.3287342,8,0.02188396453857422,0.0027354955673217773,True
6,1683,1784807917.3509624,8,0.021279335021972656,0.002659916877746582,True
6,1684,1784807917.3730412,8,0.021036386489868164,0.0026295483112335205,True
6,1685,1784807917.3944874,8,0.02073979377746582,0.0025924742221832275,True
6,1686,1784807917.4156272,8,0.02137160301208496,0.00267145037651062,True
6,1687,1784807917.4373145,8,0.019213199615478516,0.0024016499519348145,True
6,1688,1784807917.4568717,8,0.02220463752746582,0.0027755796909332275,True
6,1689,1784807917.479954,8,0.018846988677978516,0.0023558735847473145,True
6,1690,1784807917.4991975,8,0.0218355655670166,0.002729445695877075,True
6,1691,1784807917.5213594,8,0.018323898315429688,0.002290487289428711,True
6,1692,1784807917.540149,8,0.021943330764770508,0.0027429163455963135,True
6,1693,1784807917.562618,8,0.01952838897705078,0.0024410486221313477,True
6,1694,1784807917.5824742,8,0.01984262466430664,0.00248032808303833,True
6,1695,1784807917.6026535,8,0.01981973648071289,0.0024774670600891113,True
6,1696,1784807917.6229503,8,0.021069765090942383,0.002633720636367798,True
6,1697,1784807917.644477,8,0.020306110382080078,0.0025382637977600098,True
6,1698,1784807917.6651,8,0.019489049911499023,0.002436131238937378,True
6,1699,1784807917.68491,8,0.020853757858276367,0.002606719732284546,True
6,1700,1784807917.7066433,8,0.022037029266357422,0.0027546286582946777,True
6,1701,1784807917.7293704,8,0.020464658737182617,0.002558082342147827,True
6,1702,1784807917.750304,8,0.020799875259399414,0.0025999844074249268,True
6,1703,1784807917.772327,8,0.019785642623901367,0.002473205327987671,True
6,1704,1784807917.7928407,8,0.02116537094116211,0.0026456713676452637,True
6,1705,1784807917.8145058,8,0.02014899253845215,0.0025186240673065186,True
6,1706,1784807917.8349347,8,0.020918846130371094,0.0026148557662963867,True
6,1707,1784807917.8562675,8,0.019807815551757812,0.0024759769439697266,True
6,1708,1784807917.8764343,8,0.020738840103149414,0.0025923550128936768,True
6,1709,1784807917.8975368,8,0.019824981689453125,0.0024781227111816406,True
6,1710,1784807917.9176972,8,0.02079010009765625,0.0025987625122070312,True
6,1711,1784807917.9389148,8,0.01899123191833496,0.00237390398979187,True
6,1712,1784807917.9583035,8,0.019353866577148438,0.0024192333221435547,True
6,1713,1784807917.9784925,8,0.01883673667907715,0.0023545920848846436,True
6,1714,1784807917.9976974,8,0.020613670349121094,0.0025767087936401367,True
6,1715,1784807918.0186558,8,0.020550012588500977,0.002568751573562622,True
6,1716,1784807918.0395427,8,0.0191650390625,0.0023956298828125,True
6,1717,1784807918.0592277,8,0.01886582374572754,0.0023582279682159424,True
6,1718,1784807918.0784197,8,0.02062678337097168,0.00257834792137146,True
6,1719,1784807918.0994368,8,0.020142316818237305,0.002517789602279663,True
6,1720,1784807918.1199214,8,0.02207779884338379,0.0027597248554229736,True
6,1721,1784807918.142694,8,0.020868539810180664,0.002608567476272583,True
6,1722,1784807918.1644394,8,0.02142500877380371,0.002678126096725464,True
6,1723,1784807918.1863425,8,0.019338607788085938,0.002417325973510742,True
6,1724,1784807918.2062426,8,0.021123409271240234,0.0026404261589050293,True
6,1725,1784807918.2279725,8,0.02142167091369629,0.002677708864212036,True
6,1726,1784807918.2506962,8,0.019160032272338867,0.0023950040340423584,True
6,1727,1784807918.2704139,8,0.01953125,0.00244140625,True
6,1728,1784807918.2905724,8,0.02173924446105957,0.0027174055576324463,True
6,1729,1784807918.312665,8,0.020453691482543945,0.002556711435317993,True
6,1730,1784807918.3334227,8,0.019847631454467773,0.0024809539318084717,True
6,1731,1784807918.3538873,8,0.01900482177734375,0.0023756027221679688,True
6,1732,1784807918.3733213,8,0.019460201263427734,0.002432525157928467,True
6,1733,1784807918.3931196,8,0.0209805965423584,0.0026225745677948,True
6,1734,1784807918.4144614,8,0.019202232360839844,0.0024002790451049805,True
6,1735,1784807918.4340851,8,0.020357131958007812,0.0025446414947509766,True
6,1736,1784807918.454814,8,0.022493839263916016,0.002811729907989502,True
6,1737,1784807918.4776826,8,0.020607948303222656,0.002575993537902832,True
6,1738,1784807918.4992304,8,0.019860029220581055,0.002482503652572632,True
6,1739,1784807918.5203757,8,0.02120375633239746,0.0026504695415496826,True
6,1740,1784807918.5424726,8,0.024228572845458984,0.003028571605682373,True
6,1741,1784807918.5677335,8,0.017142295837402344,0.002142786979675293,True
6,1742,1784807918.58624,8,0.017413616180419922,0.0021767020225524902,True
6,1743,1784807918.60546,8,0.019863128662109375,0.002482891082763672,True
6,1744,1784807918.62609,8,0.019715070724487305,0.002464383840560913,True
6,1745,1784807918.646343,8,0.022885560989379883,0.0028606951236724854,True
6,1746,1784807918.6695852,8,0.022351503372192383,0.002793937921524048,True
6,1747,1784807918.6924257,8,0.020725250244140625,0.002590656280517578,True
6,1748,1784807918.713468,8,0.01939225196838379,0.0024240314960479736,True
6,1749,1784807918.733298,8,0.021411657333374023,0.002676457166671753,True
6,1750,1784807918.7550714,8,0.02084493637084961,0.002605617046356201,True
6,1751,1784807918.7763479,8,0.02134227752685547,0.0026677846908569336,True
6,1752,1784807918.7984052,8,0.020275592803955078,0.0025344491004943848,True
6,1753,1784807918.819062,8,0.0203399658203125,0.0025424957275390625,True
6,1754,1784807918.840171,8,0.02271437644958496,0.00283929705619812,True
6,1755,1784807918.863303,8,0.019215106964111328,0.002401888370513916,True
6,1756,1784807918.8831017,8,0.020606040954589844,0.0025757551193237305,True
6,1757,1784807918.9042063,8,0.021318912506103516,0.0026648640632629395,True
6,1758,1784807918.9260356,8,0.018505096435546875,0.0023131370544433594,True
6,1759,1784807918.9448886,8,0.021486282348632812,0.0026857852935791016,True
6,1760,1784807918.966677,8,0.0204620361328125,0.0025577545166015625,True
6,1761,1784807918.9875307,8,0.019714832305908203,0.0024643540382385254,True
6,1762,1784807919.007868,8,0.019670963287353516,0.0024588704109191895,True
6,1763,1784807919.027906,8,0.019828081130981445,0.0024785101413726807,True
6,1764,1784807919.0481658,8,0.021953821182250977,0.002744227647781372,True
6,1765,1784807919.0704582,8,0.020639657974243164,0.0025799572467803955,True
6,1766,1784807919.0915053,8,0.020852327346801758,0.0026065409183502197,True
6,1767,1784807919.1127057,8,0.020591020584106445,0.0025738775730133057,True
6,1768,1784807919.1338294,8,0.02179551124572754,0.0027244389057159424,True
6,1769,1784807919.1560986,8,0.019220590591430664,0.002402573823928833,True
6,1770,1784807919.1756384,8,0.020624160766601562,0.0025780200958251953,True
6,1771,1784807919.1966288,8,0.020199060440063477,0.0025248825550079346,True
6,1772,1784807919.2172937,8,0.01908111572265625,0.0023851394653320312,True
6,1773,1784807919.2370481,8,0.021350860595703125,0.0026688575744628906,True
6,1774,1784807919.259535,8,0.019586801528930664,0.002448350191116333,True
6,1775,1784807919.2796998,8,0.025015830993652344,0.003126978874206543,True
6,1776,1784807919.305591,8,0.019011974334716797,0.0023764967918395996,True
6,1777,1784807919.3251064,8,0.020251750946044922,0.0025314688682556152,True
6,1778,1784807919.3456888,8,0.01901388168334961,0.002376735210418701,True
6,1779,1784807919.3650594,8,0.022604703903198242,0.0028255879878997803,True
6,1780,1784807919.3881323,8,0.020076990127563477,0.0025096237659454346,True
6,1781,1784807919.4084995,8,0.019004344940185547,0.0023755431175231934,True
6,1782,1784807919.427823,8,0.021027565002441406,0.0026284456253051758,True
6,1783,1784807919.4492383,8,0.021730899810791016,0.002716362476348877,True
6,1784,1784807919.4714406,8,0.017891407012939453,0.0022364258766174316,True
6,1785,1784807919.4901905,8,0.020217180252075195,0.0025271475315093994,True
6,1786,1784807919.5108478,8,0.02162337303161621,0.0027029216289520264,True
6,1787,1784807919.533325,8,0.018949508666992188,0.0023686885833740234,True
6,1788,1784807919.5526288,8,0.018612384796142578,0.0023265480995178223,True
6,1789,1784807919.5715816,8,0.021715402603149414,0.0027144253253936768,True
6,1790,1784807919.593698,8,0.019145488739013672,0.002393186092376709,True
6,1791,1784807919.6131961,8,0.018660306930541992,0.002332538366317749,True
6,1792,1784807919.6321483,8,0.020564794540405273,0.002570599317550659,True
6,1793,1784807919.65331,8,0.018687725067138672,0.002335965633392334,True
6,1794,1784807919.67245,8,0.020475387573242188,0.0025594234466552734,True
6,1795,1784807919.693325,8,0.0213775634765625,0.0026721954345703125,True
6,1796,1784807919.7151923,8,0.019510984420776367,0.002438873052597046,True
6,1797,1784807919.7352004,8,0.02004098892211914,0.0025051236152648926,True
6,1798,1784807919.7560122,8,0.019957304000854492,0.0024946630001068115,True
6,1799,1784807919.7763531,8,0.02115345001220703,0.002644181251525879,True
6,1800,1784807919.7978466,8,0.02002859115600586,0.0025035738945007324,True
6,1801,1784807919.8183389,8,0.019937992095947266,0.002492249011993408,True
6,1802,1784807919.8393576,8,0.02426767349243164,0.003033459186553955,True
6,1803,1784807919.8645177,8,0.017314434051513672,0.002164304256439209,True
6,1804,1784807919.8823175,8,0.020573139190673828,0.0025716423988342285,True
6,1805,1784807919.903496,8,0.018573284149169922,0.0023216605186462402,True
6,1806,1784807919.92246,8,0.021201133728027344,0.002650141716003418,True
6,1807,1784807919.9441817,8,0.020608901977539062,0.002576112747192383,True
6,1808,1784807919.965419,8,0.02014017105102539,0.002517521381378174,True
6,1809,1784807919.9867332,8,0.020680665969848633,0.002585083246231079,True
6,1810,1784807920.0079505,8,0.02061319351196289,0.0025766491889953613,True
6,1811,1784807920.029006,8,0.02068924903869629,0.002586156129837036,True
6,1812,1784807920.050205,8,0.022575855255126953,0.002821981906890869,True
6,1813,1784807920.073788,8,0.017829179763793945,0.002228647470474243,True
6,1814,1784807920.092419,8,0.018877744674682617,0.002359718084335327,True
6,1815,1784807920.1117587,8,0.018830537796020508,0.0023538172245025635,True
6,1816,1784807920.1308937,8,0.0190582275390625,0.0023822784423828125,True
6,1817,1784807920.1503553,8,0.0200045108795166,0.002500563859939575,True
6,1818,1784807920.1708941,8,0.020854473114013672,0.002606809139251709,True
6,1819,1784807920.1922245,8,0.020750999450683594,0.0025938749313354492,True
6,1820,1784807920.2137241,8,0.02034592628479004,0.002543240785598755,True
6,1821,1784807920.2345254,8,0.020043611526489258,0.0025054514408111572,True
6,1822,1784807920.255107,8,0.0216219425201416,0.0027027428150177,True
6,1823,1784807920.2773874,8,0.01934671401977539,0.002418339252471924,True
6,1824,1784807920.2973506,8,0.020869016647338867,0.0026086270809173584,True
6,1825,1784807920.3188362,8,0.019951581954956055,0.002493947744369507,True
6,1826,1784807920.339144,8,0.019039630889892578,0.0023799538612365723,True
6,1827,1784807920.3586264,8,0.022631406784057617,0.002828925848007202,True
6,1828,1784807920.3815665,8,0.020488739013671875,0.0025610923767089844,True
6,1829,1784807920.402426,8,0.020619869232177734,0.002577483654022217,True
6,1830,1784807920.4233282,8,0.019834518432617188,0.0024793148040771484,True
6,1831,1784807920.4435904,8,0.020951509475708008,0.002618938684463501,True
6,1832,1784807920.4655375,8,0.020626306533813477,0.0025782883167266846,True
6,1833,1784807920.4872932,8,0.01936650276184082,0.0024208128452301025,True
6,1834,1784807920.5077767,8,0.018764019012451172,0.0023455023765563965,True
6,1835,1784807920.527053,8,0.020168542861938477,0.0025210678577423096,True
6,1836,1784807920.547751,8,0.021008968353271484,0.0026261210441589355,True
6,1837,1784807920.569236,8,0.02042365074157715,0.0025529563426971436,True
6,1838,1784807920.5904925,8,0.0205841064453125,0.0025730133056640625,True
6,1839,1784807920.6115477,8,0.019861698150634766,0.0024827122688293457,True
6,1840,1784807920.6318834,8,0.021820068359375,0.002727508544921875,True
6,1841,1784807920.6540856,8,0.020228862762451172,0.0025286078453063965,True
6,1842,1784807920.675091,8,0.01899099349975586,0.0023738741874694824,True
6,1843,1784807920.694396,8,0.020078182220458984,0.002509772777557373,True
6,1844,1784807920.7147932,8,0.019068479537963867,0.0023835599422454834,True
6,1845,1784807920.73459,8,0.020771503448486328,0.002596437931060791,True
6,1846,1784807920.7559135,8,0.021271705627441406,0.0026589632034301758,True
6,1847,1784807920.7774804,8,0.01889777183532715,0.0023622214794158936,True
6,1848,1784807920.7972925,8,0.02221846580505371,0.002777308225631714,True
6,1849,1784807920.8213196,8,0.018538951873779297,0.002317368984222412,True
6,1850,1784807920.840673,8,0.02001023292541504,0.00250127911567688,True
6,1851,1784807920.861411,8,0.018090248107910156,0.0022612810134887695,True
6,1852,1784807920.8800993,8,0.019417285919189453,0.0024271607398986816,True
6,1853,1784807920.900637,8,0.018329858779907227,0.0022912323474884033,True
6,1854,1784807920.9194667,8,0.02115797996520996,0.002644747495651245,True
6,1855,1784807920.941069,8,0.019078969955444336,0.002384871244430542,True
6,1856,1784807920.9610043,8,0.020397186279296875,0.0025496482849121094,True
6,1857,1784807920.9819188,8,0.024071216583251953,0.003008902072906494,True
6,1858,1784807921.0067484,8,0.020200729370117188,0.0025250911712646484,True
6,1859,1784807921.0275228,8,0.019458532333374023,0.002432316541671753,True
6,1860,1784807921.0474625,8,0.01996016502380371,0.002495020627975464,True
6,1861,1784807921.0694838,8,0.019280433654785156,0.0024100542068481445,True
6,1862,1784807921.090049,8,0.018999576568603516,0.0023749470710754395,True
6,1863,1784807921.1098585,8,0.02061319351196289,0.0025766491889953613,True
6,1864,1784807921.1312006,8,0.01948690414428711,0.0024358630180358887,True
6,1865,1784807921.151127,8,0.02049732208251953,0.0025621652603149414,True
6,1866,1784807921.172374,8,0.019188880920410156,0.0023986101150512695,True
6,1867,1784807921.1920478,8,0.01960277557373047,0.0024503469467163086,True
6,1868,1784807921.2120702,8,0.020869970321655273,0.002608746290206909,True
6,1869,1784807921.2334576,8,0.019863128662109375,0.002482891082763672,True
6,1870,1784807921.2537575,8,0.020568370819091797,0.0025710463523864746,True
6,1871,1784807921.2750692,8,0.019542217254638672,0.002442777156829834,True
6,1872,1784807921.295271,8,0.01883554458618164,0.002354443073272705,True
6,1873,1784807921.3144069,8,0.019795894622802734,0.002474486827850342,True
6,1874,1784807921.3345158,8,0.022083044052124023,0.002760380506515503,True
6,1875,1784807921.3569787,8,0.019413232803344727,0.002426654100418091,True
6,1876,1784807921.3767638,8,0.020180225372314453,0.0025225281715393066,True
6,1877,1784807921.3974285,8,0.017777204513549805,0.0022221505641937256,True
6,1878,1784807921.4155025,8,0.019504070281982422,0.0024380087852478027,True
6,1879,1784807921.4355037,8,0.01946544647216797,0.002433180809020996,True
6,1880,1784807921.4553928,8,0.018654584884643555,0.0023318231105804443,True
6,1881,1784807921.4743903,8,0.018864870071411133,0.0023581087589263916,True
6,1882,1784807921.4937577,8,0.02115488052368164,0.002644360065460205,True
6,1883,1784807921.515362,8,0.020064353942871094,0.0025080442428588867,True
6,1884,1784807921.5357156,8,0.020719528198242188,0.0025899410247802734,True
6,1885,1784807921.5568743,8,0.020873069763183594,0.0026091337203979492,True
6,1886,1784807921.578222,8,0.019651174545288086,0.0024563968181610107,True
6,1887,1784807921.5982409,8,0.022237300872802734,0.002779662609100342,True
6,1888,1784807921.6213336,8,0.022028207778930664,0.002753525972366333,True
6,1889,1784807921.6437511,8,0.0186007022857666,0.002325087785720825,True
6,1890,1784807921.6627264,8,0.0189058780670166,0.002363234758377075,True
6,1891,1784807921.6822438,8,0.019187450408935547,0.0023984313011169434,True
6,1892,1784807921.7026231,8,0.019704103469848633,0.002463012933731079,True
6,1893,1784807921.7229722,8,0.01980900764465332,0.002476125955581665,True
6,1894,1784807921.7434776,8,0.020133256912231445,0.0025166571140289307,True
6,1895,1784807921.7646298,8,0.01924610137939453,0.0024057626724243164,True
6,1896,1784807921.784226,8,0.019939422607421875,0.0024924278259277344,True
6,1897,1784807921.8046472,8,0.021552085876464844,0.0026940107345581055,True
6,1898,1784807921.8264759,8,0.01968097686767578,0.0024601221084594727,True
6,1899,1784807921.8465438,8,0.02108311653137207,0.002635389566421509,True
6,1900,1784807921.8681316,8,0.019713878631591797,0.0024642348289489746,True
6,1901,1784807921.8882058,8,0.019917964935302734,0.002489745616912842,True
6,1902,1784807921.9084532,8,0.01975870132446289,0.0024698376655578613,True
6,1903,1784807921.9288385,8,0.01732015609741211,0.0021650195121765137,True
6,1904,1784807921.9464514,8,0.018589258193969727,0.002323657274246216,True
6,1905,1784807921.9655867,8,0.02074122428894043,0.0025926530361175537,True
6,1906,1784807921.986735,8,0.01957082748413086,0.0024463534355163574,True
6,1907,1784807922.0069523,8,0.019150257110595703,0.002393782138824463,True
6,1908,1784807922.0267859,8,0.02121567726135254,0.0026519596576690674,True
6,1909,1784807922.0485365,8,0.019201993942260742,0.0024002492427825928,True
6,1910,1784807922.068168,8,0.019577980041503906,0.0024472475051879883,True
6,1911,1784807922.089507,8,0.019395112991333008,0.002424389123916626,True
6,1912,1784807922.1092622,8,0.02128124237060547,0.0026601552963256836,True
6,1913,1784807922.1312196,8,0.019307613372802734,0.002413451671600342,True
6,1914,1784807922.1509616,8,0.02356743812561035,0.002945929765701294,True
6,1915,1784807922.1749177,8,0.018630266189575195,0.0023287832736968994,True
6,1916,1784807922.1944604,8,0.019312143325805664,0.002414017915725708,True
6,1917,1784807922.214116,8,0.01928853988647461,0.002411067485809326,True
6,1918,1784807922.2338371,8,0.019803524017333984,0.002475440502166748,True
6,1919,1784807922.2539423,8,0.021265268325805664,0.002658158540725708,True
6,1920,1784807922.2755804,8,0.01910400390625,0.00238800048828125,True
6,1921,1784807922.2949643,8,0.019033432006835938,0.002379179000854492,True
6,1922,1784807922.314276,8,0.020126819610595703,0.002515852451324463,True
6,1923,1784807922.3351061,8,0.021206140518188477,0.0026507675647735596,True
6,1924,1784807922.356687,8,0.01954483985900879,0.0024431049823760986,True
6,1925,1784807922.3766987,8,0.020694255828857422,0.0025867819786071777,True
6,1926,1784807922.3979764,8,0.019979000091552734,0.002497375011444092,True
6,1927,1784807922.418538,8,0.018570423126220703,0.002321302890777588,True
6,1928,1784807922.4377906,8,0.01914072036743164,0.002392590045928955,True
6,1929,1784807922.4574478,8,0.019377470016479492,0.0024221837520599365,True
6,1930,1784807922.4772851,8,0.02052617073059082,0.0025657713413238525,True
6,1931,1784807922.4983273,8,0.019251585006713867,0.0024064481258392334,True
6,1932,1784807922.517974,8,0.020755529403686523,0.0025944411754608154,True
6,1933,1784807922.5391517,8,0.020731449127197266,0.002591431140899658,True
6,1934,1784807922.5603964,8,0.017914772033691406,0.0022393465042114258,True
6,1935,1784807922.5786521,8,0.02146434783935547,0.0026830434799194336,True
6,1936,1784807922.6004508,8,0.01940464973449707,0.002425581216812134,True
6,1937,1784807922.6202078,8,0.01890707015991211,0.0023633837699890137,True
6,1938,1784807922.6395102,8,0.019884109497070312,0.002485513687133789,True
6,1939,1784807922.659686,8,0.018739938735961914,0.0023424923419952393,True
6,1940,1784807922.6788142,8,0.0210726261138916,0.00263407826423645,True
6,1941,1784807922.700313,8,0.019276857376098633,0.002409607172012329,True
6,1942,1784807922.7200499,8,0.02051687240600586,0.0025646090507507324,True
6,1943,1784807922.7413876,8,0.020273208618164062,0.002534151077270508,True
6,1944,1784807922.7619252,8,0.020607948303222656,0.002575993537902832,True
6,1945,1784807922.7828577,8,0.020142078399658203,0.0025177597999572754,True
6,1946,1784807922.8033469,8,0.019582748413085938,0.002447843551635742,True
6,1947,1784807922.8233874,8,0.02049732208251953,0.0025621652603149414,True
6,1948,1784807922.8442492,8,0.019747018814086914,0.0024683773517608643,True
6,1949,1784807922.8643076,8,0.018541812896728516,0.0023177266120910645,True
6,1950,1784807922.8833191,8,0.019113540649414062,0.002389192581176758,True
6,1951,1784807922.9029238,8,0.020775556564331055,0.002596944570541382,True
6,1952,1784807922.9239995,8,0.0215606689453125,0.0026950836181640625,True
6,1953,1784807922.946047,8,0.018872976303100586,0.0023591220378875732,True
6,1954,1784807922.965344,8,0.019846200942993164,0.0024807751178741455,True
6,1955,1784807922.9855666,8,0.018482446670532227,0.0023103058338165283,True
6,1956,1784807923.0044615,8,0.020390033721923828,0.0025487542152404785,True
6,1957,1784807923.0251305,8,0.020234107971191406,0.0025292634963989258,True
6,1958,1784807923.0457044,8,0.02018141746520996,0.002522677183151245,True
6,1959,1784807923.0661917,8,0.020361900329589844,0.0025452375411987305,True
6,1960,1784807923.0872808,8,0.019472599029541016,0.002434074878692627,True
6,1961,1784807923.107232,8,0.02007007598876953,0.0025087594985961914,True
6,1962,1784807923.1276047,8,0.020563125610351562,0.0025703907012939453,True
6,1963,1784807923.1484585,8,0.01895427703857422,0.0023692846298217773,True
6,1964,1784807923.1676962,8,0.01859283447265625,0.0023241043090820312,True
6,1965,1784807923.186604,8,0.019687652587890625,0.002460956573486328,True
6,1966,1784807923.2068737,8,0.018599510192871094,0.0023249387741088867,True
6,1967,1784807923.225914,8,0.01979660987854004,0.002474576234817505,True
6,1968,1784807923.2461271,8,0.01993274688720703,0.002491593360900879,True
6,1969,1784807923.2663493,8,0.020648717880249023,0.002581089735031128,True
6,1970,1784807923.2874053,8,0.01963663101196289,0.0024545788764953613,True
6,1971,1784807923.3075058,8,0.020209789276123047,0.002526223659515381,True
6,1972,1784807923.3285637,8,0.019533157348632812,0.0024416446685791016,True
6,1973,1784807923.348522,8,0.01894545555114746,0.0023681819438934326,True
6,1974,1784807923.3677537,8,0.018288850784301758,0.0022861063480377197,True
6,1975,1784807923.3863628,8,0.020656108856201172,0.0025820136070251465,True
6,1976,1784807923.407318,8,0.019465923309326172,0.0024332404136657715,True
6,1977,1784807923.427146,8,0.021016836166381836,0.0026271045207977295,True
6,1978,1784807923.4503088,8,0.01987314224243164,0.002484142780303955,True
6,1979,1784807923.470562,8,0.02025604248046875,0.0025320053100585938,True
6,1980,1784807923.4911826,8,0.019926786422729492,0.0024908483028411865,True
6,1981,1784807923.5119562,8,0.018362045288085938,0.002295255661010742,True
6,1982,1784807923.531083,8,0.020636320114135742,0.0025795400142669678,True
6,1983,1784807923.5521162,8,0.019103288650512695,0.002387911081314087,True
6,1984,1784807923.5715656,8,0.019910335540771484,0.0024887919425964355,True
6,1985,1784807923.5918262,8,0.019295215606689453,0.0024119019508361816,True
6,1986,1784807923.6117074,8,0.02092742919921875,0.0026159286499023438,True
6,1987,1784807923.6338215,8,0.01984572410583496,0.00248071551322937,True
6,1988,1784807923.6545515,8,0.020648956298828125,0.0025811195373535156,True
6,1989,1784807923.6759698,8,0.02023029327392578,0.0025287866592407227,True
6,1990,1784807923.6965435,8,0.021193742752075195,0.0026492178440093994,True
6,1991,1784807923.7181034,8,0.02008795738220215,0.0025109946727752686,True
6,1992,1784807923.7386842,8,0.02047133445739746,0.0025589168071746826,True
6,1993,1784807923.760378,8,0.02107977867126465,0.002634972333908081,True
6,1994,1784807923.7823615,8,0.019823312759399414,0.0024779140949249268,True
6,1995,1784807923.8027236,8,0.020865440368652344,0.002608180046081543,True
6,1996,1784807923.8245516,8,0.01878643035888672,0.00234830379486084,True
6,1997,1784807923.8439748,8,0.018797636032104492,0.0023497045040130615,True
6,1998,1784807923.8631444,8,0.019939184188842773,0.0024923980236053467,True
6,1999,1784807923.8835468,8,0.020372867584228516,0.0025466084480285645,True
6,2000,1784807923.9046075,8,0.018659114837646484,0.0023323893547058105,True
6,2001,1784807923.9236217,8,0.025322675704956055,0.003165334463119507,True
6,2002,1784807923.9492865,8,0.01877427101135254,0.0023467838764190674,True
6,2003,1784807923.9684167,8,0.0191037654876709,0.0023879706859588623,True
6,2004,1784807923.9878285,8,0.020767927169799805,0.0025959908962249756,True
6,2005,1784807924.0089037,8,0.01947307586669922,0.0024341344833374023,True
6,2006,1784807924.0288177,8,0.019642353057861328,0.002455294132232666,True
6,2007,1784807924.048844,8,0.021329641342163086,0.0026662051677703857,True
6,2008,1784807924.0707448,8,0.018403053283691406,0.0023003816604614258,True
6,2009,1784807924.0895472,8,0.01985025405883789,0.0024812817573547363,True
6,2010,1784807924.1102962,8,0.019701242446899414,0.0024626553058624268,True
6,2011,1784807924.1305358,8,0.01865100860595703,0.002331376075744629,True
6,2012,1784807924.1499157,8,0.020133256912231445,0.0025166571140289307,True
6,2013,1784807924.1709325,8,0.022135019302368164,0.0027668774127960205,True
6,2014,1784807924.193454,8,0.021973133087158203,0.0027466416358947754,True
6,2015,1784807924.2163923,8,0.018554210662841797,0.0023192763328552246,True
6,2016,1784807924.2364488,8,0.02091360092163086,0.0026142001152038574,True
6,2017,1784807924.258065,8,0.02061152458190918,0.0025764405727386475,True
6,2018,1784807924.2791667,8,0.018760204315185547,0.0023450255393981934,True
6,2019,1784807924.3000612,8,0.020661115646362305,0.002582639455795288,True
6,2020,1784807924.3211904,8,0.022045373916625977,0.002755671739578247,True
6,2021,1784807924.3437893,8,0.020250320434570312,0.002531290054321289,True
6,2022,1784807924.364598,8,0.018763065338134766,0.0023453831672668457,True
6,2023,1784807924.3837564,8,0.020600557327270508,0.0025750696659088135,True
6,2024,1784807924.404687,8,0.01996016502380371,0.002495020627975464,True
6,2025,1784807924.4250793,8,0.018341779708862305,0.002292722463607788,True
6,2026,1784807924.4437616,8,0.019124507904052734,0.002390563488006592,True
6,2027,1784807924.4633574,8,0.019070148468017578,0.0023837685585021973,True
6,2028,1784807924.4828415,8,0.02554464340209961,0.003193080425262451,True
6,2029,1784807924.5088546,8,0.01969432830810547,0.0024617910385131836,True
6,2030,1784807924.5294054,8,0.019367218017578125,0.0024209022521972656,True
6,2031,1784807924.549319,8,0.020728349685668945,0.002591043710708618,True
6,2032,1784807924.570424,8,0.02032017707824707,0.002540022134780884,True
6,2033,1784807924.591512,8,0.02147388458251953,0.0026842355728149414,True
6,2034,1784807924.6134644,8,0.019042491912841797,0.0023803114891052246,True
6,2035,1784807924.632974,8,0.020366191864013672,0.002545773983001709,True
6,2036,1784807924.6537886,8,0.02085089683532715,0.0026063621044158936,True
6,2037,1784807924.6753926,8,0.019500017166137695,0.002437502145767212,True
6,2038,1784807924.695661,8,0.01992058753967285,0.0024900734424591064,True
6,2039,1784807924.715873,8,0.019329547882080078,0.0024161934852600098,True
6,2040,1784807924.735646,8,0.01994943618774414,0.0024936795234680176,True
6,2041,1784807924.755913,8,0.01942610740661621,0.0024282634258270264,True
6,2042,1784807924.7758281,8,0.019244909286499023,0.002405613660812378,True
6,2043,1784807924.7958102,8,0.020877361297607422,0.0026096701622009277,True
6,2044,1784807924.8169808,8,0.019779205322265625,0.002472400665283203,True
6,2045,1784807924.837098,8,0.019197463989257812,0.0023996829986572266,True
6,2046,1784807924.8566387,8,0.020978689193725586,0.0026223361492156982,True
6,2047,1784807924.8780575,8,0.02079033851623535,0.002598792314529419,True
6,2048,1784807924.8992972,8,0.018863916397094727,0.002357989549636841,True
6,2049,1784807924.918925,8,0.020061254501342773,0.0025076568126678467,True
6,2050,1784807924.939507,8,0.019792556762695312,0.002474069595336914,True
6,2051,1784807924.959856,8,0.022814035415649414,0.0028517544269561768,True
6,2052,1784807924.983158,8,0.020052194595336914,0.0025065243244171143,True
6,2053,1784807925.0040915,8,0.020350217819213867,0.0025437772274017334,True
6,2054,1784807925.0252156,8,0.02102494239807129,0.002628117799758911,True
6,2055,1784807925.0466774,8,0.018666744232177734,0.002333343029022217,True
6,2056,1784807925.0657716,8,0.020127058029174805,0.0025158822536468506,True
6,2057,1784807925.0863528,8,0.02087569236755371,0.002609461545944214,True
6,2058,1784807925.1077352,8,0.019917726516723633,0.002489715814590454,True
6,2059,1784807925.1279619,8,0.02071523666381836,0.002589404582977295,True
6,2060,1784807925.1491997,8,0.02095794677734375,0.0026197433471679688,True
6,2061,1784807925.1707482,8,0.019112825393676758,0.0023891031742095947,True
6,2062,1784807925.1902072,8,0.021024465560913086,0.0026280581951141357,True
6,2063,1784807925.2116175,8,0.01990485191345215,0.0024881064891815186,True
6,2064,1784807925.232139,8,0.019670486450195312,0.002458810806274414,True
6,2065,1784807925.2523947,8,0.018237590789794922,0.0022796988487243652,True
6,2066,1784807925.2709258,8,0.020261764526367188,0.0025327205657958984,True
6,2067,1784807925.2918758,8,0.01885390281677246,0.0023567378520965576,True
6,2068,1784807925.3111453,8,0.01999521255493164,0.002499401569366455,True
6,2069,1784807925.3315787,8,0.020275354385375977,0.002534419298171997,True
6,2070,1784807925.3529568,8,0.02004075050354004,0.002505093812942505,True
6,2071,1784807925.3736186,8,0.020242929458618164,0.0025303661823272705,True
6,2072,1784807925.3942106,8,0.02196192741394043,0.0027452409267425537,True
6,2073,1784807925.4165714,8,0.019013166427612305,0.002376645803451538,True
6,2074,1784807925.435924,8,0.019416093826293945,0.002427011728286743,True
6,2075,1784807925.455744,8,0.02022552490234375,0.0025281906127929688,True
6,2076,1784807925.476371,8,0.01960897445678711,0.0024511218070983887,True
6,2077,1784807925.4963226,8,0.019294023513793945,0.002411752939224243,True
6,2078,1784807925.5159461,8,0.019694089889526367,0.002461761236190796,True
6,2079,1784807925.5359595,8,0.0206146240234375,0.0025768280029296875,True
6,2080,1784807925.556885,8,0.01875615119934082,0.0023445188999176025,True
6,2081,1784807925.5760107,8,0.02185511589050293,0.002731889486312866,True
6,2082,1784807925.5984008,8,0.01941967010498047,0.0024274587631225586,True
6,2083,1784807925.6181836,8,0.019148588180541992,0.002393573522567749,True
6,2084,1784807925.6377099,8,0.020418643951416016,0.002552330493927002,True
6,2085,1784807925.6588755,8,0.020531892776489258,0.0025664865970611572,True
6,2086,1784807925.6802337,8,0.021190166473388672,0.002648770809173584,True
6,2087,1784807925.702072,8,0.01997232437133789,0.0024965405464172363,True
6,2088,1784807925.72248,8,0.019995927810668945,0.002499490976333618,True
6,2089,1784807925.7428746,8,0.01962757110595703,0.002453446388244629,True
6,2090,1784807925.7636297,8,0.02031087875366211,0.0025388598442077637,True
6,2091,1784807925.784369,8,0.02028203010559082,0.0025352537631988525,True
6,2092,1784807925.8049963,8,0.019911527633666992,0.002488940954208374,True
6,2093,1784807925.8252194,8,0.019196748733520508,0.0023995935916900635,True
6,2094,1784807925.845236,8,0.02020263671875,0.00252532958984375,True
6,2095,1784807925.865691,8,0.01806497573852539,0.002258121967315674,True
6,2096,1784807925.8840091,8,0.019585609436035156,0.0024482011795043945,True
6,2097,1784807925.9039402,8,0.021472692489624023,0.002684086561203003,True
6,2098,1784807925.9267542,8,0.01941227912902832,0.00242653489112854,True
6,2099,1784807925.9464612,8,0.020760536193847656,0.002595067024230957,True
6,2100,1784807925.9676383,8,0.0215606689453125,0.0026950836181640625,True
6,2101,1784807925.989974,8,0.021027803421020508,0.0026284754276275635,True
6,2102,1784807926.0117097,8,0.019495725631713867,0.0024369657039642334,True
6,2103,1784807926.0320866,8,0.021312713623046875,0.0026640892028808594,True
6,2104,1784807926.0537875,8,0.020842790603637695,0.002605348825454712,True
6,2105,1784807926.075081,8,0.019969463348388672,0.002496182918548584,True
6,2106,1784807926.0955024,8,0.019825458526611328,0.002478182315826416,True
6,2107,1784807926.1167023,8,0.019344329833984375,0.002418041229248047,True
6,2108,1784807926.1369078,8,0.01947617530822754,0.0024345219135284424,True
6,2109,1784807926.1569016,8,0.019583463668823242,0.0024479329586029053,True
6,2110,1784807926.176841,8,0.019301652908325195,0.0024127066135406494,True
6,2111,1784807926.1965098,8,0.01982903480529785,0.0024786293506622314,True
6,2112,1784807926.216708,8,0.020725488662719727,0.002590686082839966,True
6,2113,1784807926.2381594,8,0.019008159637451172,0.0023760199546813965,True
6,2114,1784807926.2576418,8,0.021084070205688477,0.0026355087757110596,True
6,2115,1784807926.2791607,8,0.021929025650024414,0.0027411282062530518,True
6,2116,1784807926.301524,8,0.019918203353881836,0.0024897754192352295,True
6,2117,1784807926.3218184,8,0.021824121475219727,0.002728015184402466,True
6,2118,1784807926.3440132,8,0.018398046493530273,0.002299755811691284,True
6,2119,1784807926.362768,8,0.021106719970703125,0.0026383399963378906,True
6,2120,1784807926.384247,8,0.020353078842163086,0.0025441348552703857,True
6,2121,1784807926.404963,8,0.020253419876098633,0.002531677484512329,True
6,2122,1784807926.4255323,8,0.02066516876220703,0.002583146095275879,True
6,2123,1784807926.446568,8,0.019863367080688477,0.0024829208850860596,True
6,2124,1784807926.4669323,8,0.019539356231689453,0.0024424195289611816,True
6,2125,1784807926.4869258,8,0.01911449432373047,0.0023893117904663086,True
6,2126,1784807926.5063782,8,0.019839763641357422,0.0024799704551696777,True
6,2127,1784807926.5265958,8,0.018644094467163086,0.0023305118083953857,True
6,2128,1784807926.545701,8,0.019407987594604492,0.0024259984493255615,True
6,2129,1784807926.5659864,8,0.02089524269104004,0.002611905336380005,True
6,2130,1784807926.5872052,8,0.019594907760620117,0.0024493634700775146,True
6,2131,1784807926.6071854,8,0.020357370376586914,0.0025446712970733643,True
6,2132,1784807926.6279914,8,0.018447160720825195,0.0023058950901031494,True
6,2133,1784807926.6468065,8,0.021570920944213867,0.0026963651180267334,True
6,2134,1784807926.668618,8,0.01982855796813965,0.002478569746017456,True
6,2135,1784807926.688876,8,0.018101215362548828,0.0022626519203186035,True
6,2136,1784807926.7073612,8,0.02205944061279297,0.002757430076599121,True
6,2137,1784807926.7307615,8,0.021503448486328125,0.0026879310607910156,True
6,2138,1784807926.752725,8,0.020452499389648438,0.0025565624237060547,True
6,2139,1784807926.7739103,8,0.019032716751098633,0.002379089593887329,True
6,2140,1784807926.7933104,8,0.01980113983154297,0.002475142478942871,True
6,2141,1784807926.8134727,8,0.020390987396240234,0.0025488734245300293,True
6,2142,1784807926.834197,8,0.0206911563873291,0.0025863945484161377,True
6,2143,1784807926.8551931,8,0.018875598907470703,0.002359449863433838,True
6,2144,1784807926.8745108,8,0.022423982620239258,0.0028029978275299072,True
6,2145,1784807926.8977683,8,0.018589019775390625,0.002323627471923828,True
6,2146,1784807926.9167328,8,0.01875162124633789,0.0023439526557922363,True
6,2147,1784807926.9358563,8,0.02009296417236328,0.00251162052154541,True
6,2148,1784807926.9562879,8,0.020159006118774414,0.0025198757648468018,True
6,2149,1784807926.9768338,8,0.019914865493774414,0.0024893581867218018,True
6,2150,1784807926.9970977,8,0.019411563873291016,0.002426445484161377,True
6,2151,1784807927.0171087,8,0.02039170265197754,0.0025489628314971924,True
6,2152,1784807927.0379412,8,0.018835783004760742,0.0023544728755950928,True
6,2153,1784807927.0571263,8,0.02095770835876465,0.002619713544845581,True
6,2154,1784807927.0783644,8,0.019285917282104492,0.0024107396602630615,True
6,2155,1784807927.0980127,8,0.020431041717529297,0.002553880214691162,True
6,2156,1784807927.1187825,8,0.01945781707763672,0.00243222713470459,True
6,2157,1784807927.1386497,8,0.018752574920654297,0.002344071865081787,True
6,2158,1784807927.1577601,8,0.02062082290649414,0.0025776028633117676,True
6,2159,1784807927.1787963,8,0.020632505416870117,0.0025790631771087646,True
6,2160,1784807927.2002037,8,0.018330812454223633,0.002291351556777954,True
6,2161,1784807927.2188568,8,0.019324541091918945,0.002415567636489868,True
6,2162,1784807927.2385242,8,0.0205996036529541,0.0025749504566192627,True
6,2163,1784807927.2596943,8,0.018749475479125977,0.002343684434890747,True
6,2164,1784807927.2793055,8,0.019542694091796875,0.0024428367614746094,True
6,2165,1784807927.3002381,8,0.019062280654907227,0.0023827850818634033,True
6,2166,1784807927.3198438,8,0.02061939239501953,0.0025774240493774414,True
6,2167,1784807927.3410044,8,0.0204160213470459,0.0025520026683807373,True
6,2168,1784807927.361818,8,0.019365787506103516,0.0024207234382629395,True
6,2169,1784807927.3816056,8,0.019861698150634766,0.0024827122688293457,True
6,2170,1784807927.4019012,8,0.019825220108032227,0.0024781525135040283,True
6,2171,1784807927.4222183,8,0.020603418350219727,0.002575427293777466,True
6,2172,1784807927.4432497,8,0.018680572509765625,0.002335071563720703,True
6,2173,1784807927.4624648,8,0.020651578903198242,0.0025814473628997803,True
6,2174,1784807927.4834301,8,0.021334409713745117,0.0026668012142181396,True
6,2175,1784807927.5051005,8,0.021059274673461914,0.0026324093341827393,True
6,2176,1784807927.5264988,8,0.020620346069335938,0.002577543258666992,True
6,2177,1784807927.5474937,8,0.021973371505737305,0.002746671438217163,True
6,2178,1784807927.5699165,8,0.01860809326171875,0.0023260116577148438,True
6,2179,1784807927.5888824,8,0.019793987274169922,0.0024742484092712402,True
6,2180,1784807927.609047,8,0.019106388092041016,0.002388298511505127,True
6,2181,1784807927.6286132,8,0.021006107330322266,0.002625763416290283,True
6,2182,1784807927.650045,8,0.020479440689086914,0.0025599300861358643,True
6,2183,1784807927.671007,8,0.019357919692993164,0.0024197399616241455,True
6,2184,1784807927.6907034,8,0.021979093551635742,0.0027473866939544678,True
6,2185,1784807927.713227,8,0.019730567932128906,0.0024663209915161133,True
6,2186,1784807927.7333612,8,0.019948959350585938,0.002493619918823242,True
6,2187,1784807927.753969,8,0.020520687103271484,0.0025650858879089355,True
6,2188,1784807927.7750072,8,0.019525766372680664,0.002440720796585083,True
6,2189,1784807927.7950745,8,0.01892852783203125,0.0023660659790039062,True
6,2190,1784807927.8145838,8,0.019551753997802734,0.002443969249725342,True
6,2191,1784807927.834705,8,0.01986241340637207,0.002482801675796509,True
6,2192,1784807927.8549814,8,0.02126169204711914,0.0026577115058898926,True
6,2193,1784807927.8768215,8,0.019062280654907227,0.0023827850818634033,True
6,2194,1784807927.8963044,8,0.01826930046081543,0.0022836625576019287,True
6,2195,1784807927.9149907,8,0.019535064697265625,0.002441883087158203,True
6,2196,1784807927.934925,8,0.021457433700561523,0.0026821792125701904,True
6,2197,1784807927.9576004,8,0.017602920532226562,0.0022003650665283203,True
6,2198,1784807927.9756212,8,0.02005600929260254,0.0025070011615753174,True
6,2199,1784807927.9961069,8,0.02235102653503418,0.0027938783168792725,True
6,2200,1784807928.0187724,8,0.01990365982055664,0.00248795747756958,True
6,2201,1784807928.0396993,8,0.020940542221069336,0.002617567777633667,True
6,2202,1784807928.061036,8,0.021739959716796875,0.0027174949645996094,True
6,2203,1784807928.0834215,8,0.018962383270263672,0.002370297908782959,True
6,2204,1784807928.1026974,8,0.019312381744384766,0.0024140477180480957,True
6,2205,1784807928.1224062,8,0.021021604537963867,0.0026277005672454834,True
6,2206,1784807928.1437383,8,0.01965498924255371,0.002456873655319214,True
6,2207,1784807928.1637704,8,0.017632007598876953,0.002204000949859619,True
6,2208,1784807928.1822221,8,0.019431591033935547,0.0024289488792419434,True
6,2209,1784807928.2019973,8,0.02046656608581543,0.0025583207607269287,True
6,2210,1784807928.222779,8,0.021082401275634766,0.0026353001594543457,True
6,2211,1784807928.2442067,8,0.019327878952026367,0.002415984869003296,True
6,2212,1784807928.263961,8,0.019742965698242188,0.0024678707122802734,True
6,2213,1784807928.2840648,8,0.02047443389892578,0.0025593042373657227,True
6,2214,1784807928.305133,8,0.01948380470275879,0.0024354755878448486,True
6,2215,1784807928.3251748,8,0.020931720733642578,0.0026164650917053223,True
6,2216,1784807928.3465278,8,0.02111029624938965,0.002638787031173706,True
6,2217,1784807928.368054,8,0.020282268524169922,0.0025352835655212402,True
6,2218,1784807928.3886926,8,0.020375967025756836,0.0025469958782196045,True
6,2219,1784807928.4094763,8,0.019338369369506836,0.0024172961711883545,True
6,2220,1784807928.429417,8,0.018885374069213867,0.0023606717586517334,True
6,2221,1784807928.4486384,8,0.02011704444885254,0.0025146305561065674,True
6,2222,1784807928.4691782,8,0.020445823669433594,0.0025557279586791992,True
6,2223,1784807928.4899216,8,0.020742177963256836,0.0025927722454071045,True
6,2224,1784807928.5132341,8,0.018405675888061523,0.0023007094860076904,True
6,2225,1784807928.5322406,8,0.020209789276123047,0.002526223659515381,True
6,2226,1784807928.5529165,8,0.01960444450378418,0.0024505555629730225,True
6,2227,1784807928.5728421,8,0.0194399356842041,0.0024299919605255127,True
6,2228,1784807928.5925722,8,0.02257680892944336,0.00282210111618042,True
6,2229,1784807928.6158774,8,0.022577285766601562,0.0028221607208251953,True
6,2230,1784807928.639096,8,0.017428874969482422,0.0021786093711853027,True
6,2231,1784807928.656834,8,0.021035194396972656,0.002629399299621582,True
6,2232,1784807928.6784472,8,0.021307945251464844,0.0026634931564331055,True
6,2233,1784807928.7001371,8,0.01805257797241211,0.0022565722465515137,True
6,2234,1784807928.7188923,8,0.019074201583862305,0.002384275197982788,True
6,2235,1784807928.7388477,8,0.021299123764038086,0.0026623904705047607,True
6,2236,1784807928.760607,8,0.022871732711791992,0.002858966588973999,True
6,2237,1784807928.7838717,8,0.018497467041015625,0.002312183380126953,True
6,2238,1784807928.8026862,8,0.019840002059936523,0.0024800002574920654,True
6,2239,1784807928.8230474,8,0.020363330841064453,0.0025454163551330566,True
6,2240,1784807928.8438563,8,0.02002692222595215,0.0025033652782440186,True
6,2241,1784807928.864694,8,0.018618106842041016,0.002327263355255127,True
6,2242,1784807928.8837888,8,0.020179271697998047,0.002522408962249756,True
6,2243,1784807928.904281,8,0.01905989646911621,0.0023824870586395264,True
6,2244,1784807928.9241126,8,0.01987624168395996,0.002484530210494995,True
6,2245,1784807928.9443953,8,0.02122020721435547,0.0026525259017944336,True
6,2246,1784807928.9664567,8,0.019414186477661133,0.0024267733097076416,True
6,2247,1784807928.9862287,8,0.020433425903320312,0.002554178237915039,True
6,2248,1784807929.0069892,8,0.022552967071533203,0.0028191208839416504,True
6,2249,1784807929.0301623,8,0.018395423889160156,0.0022994279861450195,True
6,2250,1784807929.0489204,8,0.02082228660583496,0.00260278582572937,True
6,2251,1784807929.0702515,8,0.02335643768310547,0.0029195547103881836,True
6,2252,1784807929.0940027,8,0.01943826675415039,0.002429783344268799,True
6,2253,1784807929.113988,8,0.01994609832763672,0.00249326229095459,True
6,2254,1784807929.1346886,8,0.020679950714111328,0.002584993839263916,True
6,2255,1784807929.1558275,8,0.021552562713623047,0.002694070339202881,True
6,2256,1784807929.1777258,8,0.02106761932373047,0.0026334524154663086,True
6,2257,1784807929.1990678,8,0.019440174102783203,0.0024300217628479004,True
6,2258,1784807929.2187822,8,0.021553516387939453,0.0026941895484924316,True
6,2259,1784807929.240593,8,0.020468950271606445,0.0025586187839508057,True
6,2260,1784807929.2613165,8,0.019846677780151367,0.002480834722518921,True
6,2261,1784807929.2818732,8,0.01956939697265625,0.0024461746215820312,True
6,2262,1784807929.301778,8,0.02021050453186035,0.002526313066482544,True
6,2263,1784807929.3224096,8,0.019192218780517578,0.0023990273475646973,True
6,2264,1784807929.3419473,8,0.01970076560974121,0.0024625957012176514,True
6,2265,1784807929.363035,8,0.01987433433532715,0.0024842917919158936,True
6,2266,1784807929.3832855,8,0.018402814865112305,0.002300351858139038,True
6,2267,1784807929.4020476,8,0.020731449127197266,0.002591431140899658,True
6,2268,1784807929.4231718,8,0.02010178565979004,0.002512723207473755,True
6,2269,1784807929.443595,8,0.018744468688964844,0.0023430585861206055,True
6,2270,1784807929.462741,8,0.020882844924926758,0.0026103556156158447,True
6,2271,1784807929.4839127,8,0.019542932510375977,0.002442866563796997,True
6,2272,1784807929.503966,8,0.01856398582458496,0.00232049822807312,True
6,2273,1784807929.5229063,8,0.019269466400146484,0.0024086833000183105,True
6,2274,1784807929.5426273,8,0.021082401275634766,0.0026353001594543457,True
6,2275,1784807929.5645094,8,0.01918315887451172,0.002397894859313965,True
6,2276,1784807929.584041,8,0.019999027252197266,0.002499878406524658,True
6,2277,1784807929.6043417,8,0.021268129348754883,0.0026585161685943604,True
6,2278,1784807929.6262121,8,0.019606351852416992,0.002450793981552124,True
6,2279,1784807929.6462824,8,0.018773794174194336,0.002346724271774292,True
6,2280,1784807929.6654382,8,0.021463394165039062,0.002682924270629883,True
6,2281,1784807929.687244,8,0.020029067993164062,0.002503633499145508,True
6,2282,1784807929.7092366,8,0.02163529396057129,0.002704411745071411,True
6,2283,1784807929.7313356,8,0.01964592933654785,0.0024557411670684814,True
6,2284,1784807929.7515433,8,0.020101308822631836,0.0025126636028289795,True
6,2285,1784807929.7719896,8,0.019123554229736328,0.002390444278717041,True
6,2286,1784807929.7914445,8,0.019653797149658203,0.0024567246437072754,True
6,2287,1784807929.8114066,8,0.01988840103149414,0.0024860501289367676,True
6,2288,1784807929.8317044,8,0.020105838775634766,0.0025132298469543457,True
6,2289,1784807929.8522086,8,0.019224882125854492,0.0024031102657318115,True
6,2290,1784807929.8728962,8,0.020171165466308594,0.0025213956832885742,True
6,2291,1784807929.8935041,8,0.02225041389465332,0.002781301736831665,True
6,2292,1784807929.9170668,8,0.019670963287353516,0.0024588704109191895,True
6,2293,1784807929.937302,8,0.019977092742919922,0.0024971365928649902,True
6,2294,1784807929.957624,8,0.019324064254760742,0.0024155080318450928,True
6,2295,1784807929.9778032,8,0.02104663848876953,0.0026308298110961914,True
6,2296,1784807929.9992957,8,0.020262956619262695,0.002532869577407837,True
6,2297,1784807930.0199594,8,0.021906614303588867,0.0027383267879486084,True
6,2298,1784807930.0422435,8,0.020273923873901367,0.002534240484237671,True
6,2299,1784807930.0629172,8,0.01835346221923828,0.002294182777404785,True
6,2300,1784807930.0815823,8,0.02049732208251953,0.0025621652603149414,True
6,2301,1784807930.102343,8,0.01941657066345215,0.0024270713329315186,True
6,2302,1784807930.122139,8,0.020934343338012695,0.002616792917251587,True
6,2303,1784807930.1433842,8,0.018435001373291016,0.002304375171661377,True
6,2304,1784807930.1621459,8,0.020496845245361328,0.002562105655670166,True
6,2305,1784807930.1833255,8,0.019841909408569336,0.002480238676071167,True
6,2306,1784807930.2036958,8,0.022135496139526367,0.002766937017440796,True
6,2307,1784807930.2266994,8,0.020048856735229492,0.0025061070919036865,True
6,2308,1784807930.2471716,8,0.02105426788330078,0.0026317834854125977,True
6,2309,1784807930.2686706,8,0.01970648765563965,0.002463310956954956,True
6,2310,1784807930.2887893,8,0.022812366485595703,0.002851545810699463,True
6,2311,1784807930.31212,8,0.02078557014465332,0.002598196268081665,True
6,2312,1784807930.3332431,8,0.022233247756958008,0.002779155969619751,True
6,2313,1784807930.3564496,8,0.017058849334716797,0.0021323561668395996,True
6,2314,1784807930.3744183,8,0.018980979919433594,0.0023726224899291992,True
6,2315,1784807930.3937626,8,0.02068185806274414,0.0025852322578430176,True
6,2316,1784807930.4147716,8,0.02104496955871582,0.0026306211948394775,True
6,2317,1784807930.4369714,8,0.01746845245361328,0.00218355655670166,True
6,2318,1784807930.4547327,8,0.021286964416503906,0.0026608705520629883,True
6,2319,1784807930.4766326,8,0.019201278686523438,0.0024001598358154297,True
6,2320,1784807930.49619,8,0.020127296447753906,0.0025159120559692383,True
6,2321,1784807930.5167189,8,0.019580841064453125,0.0024476051330566406,True
6,2322,1784807930.5367153,8,0.02069544792175293,0.002586930990219116,True
6,2323,1784807930.5576973,8,0.02090740203857422,0.0026134252548217773,True
6,2324,1784807930.579933,8,0.018590450286865234,0.0023238062858581543,True
6,2325,1784807930.5998623,8,0.019824743270874023,0.002478092908859253,True
6,2326,1784807930.6201468,8,0.019906044006347656,0.002488255500793457,True
6,2327,1784807930.6406214,8,0.019962310791015625,0.002495288848876953,True
6,2328,1784807930.6609836,8,0.0202939510345459,0.0025367438793182373,True
6,2329,1784807930.681598,8,0.019725322723388672,0.002465665340423584,True
6,2330,1784807930.7016268,8,0.021189451217651367,0.002648681402206421,True
6,2331,1784807930.7231715,8,0.01894974708557129,0.002368718385696411,True
6,2332,1784807930.7423959,8,0.019524335861206055,0.002440541982650757,True
6,2333,1784807930.7622664,8,0.019562721252441406,0.0024453401565551758,True
6,2334,1784807930.782274,8,0.019094228744506836,0.0023867785930633545,True
6,2335,1784807930.8017802,8,0.019510507583618164,0.0024388134479522705,True
6,2336,1784807930.8221543,8,0.019288301467895508,0.0024110376834869385,True
6,2337,1784807930.8423269,8,0.019979000091552734,0.002497375011444092,True
6,2338,1784807930.862755,8,0.021203279495239258,0.0026504099369049072,True
6,2339,1784807930.8845193,8,0.01793837547302246,0.0022422969341278076,True
6,2340,1784807930.9031997,8,0.018886566162109375,0.002360820770263672,True
6,2341,1784807930.9223933,8,0.019043922424316406,0.0023804903030395508,True
6,2342,1784807930.941848,8,0.021162986755371094,0.0026453733444213867,True
6,2343,1784807930.9634855,8,0.022065162658691406,0.0027581453323364258,True
6,2344,1784807930.9861264,8,0.02063298225402832,0.00257912278175354,True
6,2345,1784807931.0076244,8,0.01851511001586914,0.0023143887519836426,True
6,2346,1784807931.0271378,8,0.018512964248657227,0.0023141205310821533,True
6,2347,1784807931.0461316,8,0.02010631561279297,0.002513289451599121,True
6,2348,1784807931.0666625,8,0.01959705352783203,0.002449631690979004,True
6,2349,1784807931.0868828,8,0.019835472106933594,0.0024794340133666992,True
6,2350,1784807931.1071992,8,0.019711971282958984,0.002463996410369873,True
6,2351,1784807931.1279032,8,0.021054744720458984,0.002631843090057373,True
6,2352,1784807931.1493616,8,0.01856541633605957,0.0023206770420074463,True
6,2353,1784807931.1685805,8,0.02203989028930664,0.00275498628616333,True
6,2354,1784807931.1909838,8,0.02109694480895996,0.002637118101119995,True
6,2355,1784807931.2124333,8,0.018670320510864258,0.0023337900638580322,True
6,2356,1784807931.2314885,8,0.020930051803588867,0.0026162564754486084,True
6,2357,1784807931.254251,8,0.020787954330444336,0.002598494291305542,True
6,2358,1784807931.2754037,8,0.020388126373291016,0.002548515796661377,True
6,2359,1784807931.2963586,8,0.018573999404907227,0.0023217499256134033,True
6,2360,1784807931.3156877,8,0.019644737243652344,0.002455592155456543,True
6,2361,1784807931.336126,8,0.018710613250732422,0.0023388266563415527,True
6,2362,1784807931.3555553,8,0.019698619842529297,0.002462327480316162,True
6,2363,1784807931.3758397,8,0.021236181259155273,0.002654522657394409,True
6,2364,1784807931.397974,8,0.018776893615722656,0.002347111701965332,True
6,2365,1784807931.417309,8,0.019806385040283203,0.0024757981300354004,True
6,2366,1784807931.4375021,8,0.02241826057434082,0.0028022825717926025,True
6,2367,1784807931.460576,8,0.019840002059936523,0.0024800002574920654,True
6,2368,1784807931.4814694,8,0.021550655364990234,0.0026938319206237793,True
6,2369,1784807931.5033338,8,0.01941657066345215,0.0024270713329315186,True
6,2370,1784807931.5230498,8,0.02492976188659668,0.003116220235824585,True
6,2371,1784807931.5490034,8,0.020639657974243164,0.0025799572467803955,True
6,2372,1784807931.5711396,8,0.02128291130065918,0.0026603639125823975,True
6,2373,1784807931.5928423,8,0.020955324172973633,0.002619415521621704,True
6,2374,1784807931.614273,8,0.02127814292907715,0.0026597678661346436,True
6,2375,1784807931.6363308,8,0.020893335342407227,0.0026116669178009033,True
6,2376,1784807931.6577659,8,0.020779848098754883,0.0025974810123443604,True
6,2377,1784807931.679476,8,0.01731705665588379,0.0021646320819854736,True
6,2378,1784807931.6973495,8,0.021091699600219727,0.002636462450027466,True
6,2379,1784807931.7188387,8,0.01983189582824707,0.002478986978530884,True
6,2380,1784807931.739204,8,0.019745588302612305,0.002468198537826538,True
6,2381,1784807931.75936,8,0.019197463989257812,0.0023996829986572266,True
6,2382,1784807931.779077,8,0.01916027069091797,0.002395033836364746,True
6,2383,1784807931.798556,8,0.019162654876708984,0.002395331859588623,True
6,2384,1784807931.8187838,8,0.019869327545166016,0.002483665943145752,True
6,2385,1784807931.839374,8,0.0186007022857666,0.002325087785720825,True
6,2386,1784807931.8585186,8,0.020533084869384766,0.0025666356086730957,True
6,2387,1784807931.879393,8,0.01825428009033203,0.002281785011291504,True
6,2388,1784807931.8983266,8,0.022492408752441406,0.0028115510940551758,True
6,2389,1784807931.9211853,8,0.017937898635864258,0.0022422373294830322,True
6,2390,1784807931.9395971,8,0.0206453800201416,0.0025806725025177,True
6,2391,1784807931.9607737,8,0.01994800567626953,0.0024935007095336914,True
6,2392,1784807931.9826326,8,0.02006983757019043,0.0025087296962738037,True
6,2393,1784807932.0036583,8,0.021140098571777344,0.002642512321472168,True
6,2394,1784807932.025352,8,0.02079463005065918,0.0025993287563323975,True
6,2395,1784807932.0466218,8,0.019483089447021484,0.0024353861808776855,True
6,2396,1784807932.066501,8,0.019648313522338867,0.0024560391902923584,True
6,2397,1784807932.0864725,8,0.018826961517333984,0.002353370189666748,True
6,2398,1784807932.105602,8,0.01965022087097168,0.00245627760887146,True
6,2399,1784807932.1257458,8,0.01914691925048828,0.002393364906311035,True
6,2400,1784807932.1456451,8,0.019160985946655273,0.002395123243331909,True
6,2401,1784807932.165242,8,0.023484468460083008,0.002935558557510376,True
6,2402,1784807932.1891124,8,0.020642518997192383,0.002580314874649048,True
6,2403,1784807932.2101297,8,0.020059823989868164,0.0025074779987335205,True
6,2404,1784807932.2309327,8,0.019099950790405273,0.002387493848800659,True
6,2405,1784807932.2512796,8,0.019526004791259766,0.0024407505989074707,True
6,2406,1784807932.271309,8,0.019269704818725586,0.0024087131023406982,True
6,2407,1784807932.291102,8,0.019110441207885742,0.0023888051509857178,True
6,2408,1784807932.311489,8,0.020908832550048828,0.0026136040687561035,True
6,2409,1784807932.3328102,8,0.019687175750732422,0.0024608969688415527,True
6,2410,1784807932.3529239,8,0.01902318000793457,0.0023778975009918213,True
6,2411,1784807932.3723438,8,0.020282506942749023,0.002535313367843628,True
6,2412,1784807932.3934493,8,0.020231962203979492,0.0025289952754974365,True
6,2413,1784807932.414084,8,0.01982879638671875,0.0024785995483398438,True
6,2414,1784807932.434443,8,0.019405364990234375,0.002425670623779297,True
6,2415,1784807932.455124,8,0.021312236785888672,0.002664029598236084,True
6,2416,1784807932.476927,8,0.0211946964263916,0.00264933705329895,True
6,2417,1784807932.4990814,8,0.01876544952392578,0.0023456811904907227,True
6,2418,1784807932.5182807,8,0.02292037010192871,0.002865046262741089,True
6,2419,1784807932.5417798,8,0.018224239349365234,0.0022780299186706543,True
6,2420,1784807932.5603871,8,0.020756959915161133,0.0025946199893951416,True
6,2421,1784807932.5815573,8,0.019883155822753906,0.0024853944778442383,True
6,2422,1784807932.6019197,8,0.01999950408935547,0.0024999380111694336,True
6,2423,1784807932.622394,8,0.021689414978027344,0.002711176872253418,True
6,2424,1784807932.6445374,8,0.019730567932128906,0.0024663209915161133,True
6,2425,1784807932.664731,8,0.02094888687133789,0.0026186108589172363,True
6,2426,1784807932.686285,8,0.020984172821044922,0.0026230216026306152,True
6,2427,1784807932.7076066,8,0.018780946731567383,0.002347618341445923,True
6,2428,1784807932.726894,8,0.02101874351501465,0.002627342939376831,True
6,2429,1784807932.7483263,8,0.02032780647277832,0.00254097580909729,True
6,2430,1784807932.7692435,8,0.0196225643157959,0.0024528205394744873,True
6,2431,1784807932.7901995,8,0.021071672439575195,0.0026339590549468994,True
6,2432,1784807932.8120873,8,0.02027273178100586,0.0025340914726257324,True
6,2433,1784807932.8328614,8,0.021309614181518555,0.0026637017726898193,True
6,2434,1784807932.8560781,8,0.019145965576171875,0.0023932456970214844,True
6,2435,1784807932.876161,8,0.01937580108642578,0.0024219751358032227,True
6,2436,1784807932.8966134,8,0.02175617218017578,0.0027195215225219727,True
6,2437,1784807932.9186895,8,0.018979549407958984,0.002372443675994873,True
6,2438,1784807932.938116,8,0.020085573196411133,0.0025106966495513916,True
6,2439,1784807932.958666,8,0.019167661666870117,0.0023959577083587646,True
6,2440,1784807932.9781601,8,0.020815134048461914,0.0026018917560577393,True
6,2441,1784807932.9995856,8,0.018335342407226562,0.0022919178009033203,True
6,2442,1784807933.0186765,8,0.01990199089050293,0.002487748861312866,True
6,2443,1784807933.0389197,8,0.021006345748901367,0.002625793218612671,True
6,2444,1784807933.0606468,8,0.01941204071044922,0.0024265050888061523,True
6,2445,1784807933.080393,8,0.019754648208618164,0.0024693310260772705,True
6,2446,1784807933.1005077,8,0.02144932746887207,0.002681165933609009,True
6,2447,1784807933.1223192,8,0.019748210906982422,0.0024685263633728027,True
6,2448,1784807933.142553,8,0.02010202407836914,0.0025127530097961426,True
6,2449,1784807933.1629715,8,0.020840167999267578,0.0026050209999084473,True
6,2450,1784807933.1842904,8,0.020674705505371094,0.0025843381881713867,True
6,2451,1784807933.2056723,8,0.01786351203918457,0.0022329390048980713,True
6,2452,1784807933.2240572,8,0.019519329071044922,0.0024399161338806152,True
6,2453,1784807933.2441893,8,0.022031545639038086,0.0027539432048797607,True
6,2454,1784807933.2666268,8,0.019953250885009766,0.0024941563606262207,True
6,2455,1784807933.2872422,8,0.01938796043395996,0.002423495054244995,True
6,2456,1784807933.3070822,8,0.01900196075439453,0.0023752450942993164,True
6,2457,1784807933.3264132,8,0.018903255462646484,0.0023629069328308105,True
6,2458,1784807933.346288,8,0.02178215980529785,0.0027227699756622314,True
6,2459,1784807933.3684852,8,0.020029544830322266,0.002503693103790283,True
6,2460,1784807933.389168,8,0.01879286766052246,0.0023491084575653076,True
6,2461,1784807933.4087121,8,0.019020795822143555,0.0023775994777679443,True
6,2462,1784807933.428315,8,0.025021076202392578,0.0031276345252990723,True
6,2463,1784807933.4537401,8,0.019230365753173828,0.0024037957191467285,True
6,2464,1784807933.4734306,8,0.019217729568481445,0.0024022161960601807,True
6,2465,1784807933.4941888,8,0.019513845443725586,0.0024392306804656982,True
6,2466,1784807933.5140364,8,0.019073009490966797,0.0023841261863708496,True
6,2467,1784807933.533427,8,0.02183985710144043,0.0027299821376800537,True
6,2468,1784807933.5555644,8,0.019428730010986328,0.002428591251373291,True
6,2469,1784807933.5754223,8,0.02046513557434082,0.0025581419467926025,True
6,2470,1784807933.5963423,8,0.019397258758544922,0.0024246573448181152,True
6,2471,1784807933.616093,8,0.020906925201416016,0.002613365650177002,True
6,2472,1784807933.637482,8,0.01844644546508789,0.0023058056831359863,True
6,2473,1784807933.6565776,8,0.018893003463745117,0.0023616254329681396,True
6,2474,1784807933.6759715,8,0.02115345001220703,0.002644181251525879,True
6,2475,1784807933.697854,8,0.019727706909179688,0.002465963363647461,True
6,2476,1784807933.7179384,8,0.01894092559814453,0.0023676156997680664,True
6,2477,1784807933.7374742,8,0.019580364227294922,0.0024475455284118652,True
6,2478,1784807933.7582736,8,0.01808643341064453,0.0022608041763305664,True
6,2479,1784807933.7770205,8,0.020969867706298828,0.0026212334632873535,True
6,2480,1784807933.7987833,8,0.02055525779724121,0.0025694072246551514,True
6,2481,1784807933.819746,8,0.02142024040222168,0.00267753005027771,True
6,2482,1784807933.8415062,8,0.019283294677734375,0.002410411834716797,True
6,2483,1784807933.8611586,8,0.022534847259521484,0.0028168559074401855,True
6,2484,1784807933.8840787,8,0.019683361053466797,0.0024604201316833496,True
6,2485,1784807933.9041016,8,0.0201876163482666,0.002523452043533325,True
6,2486,1784807933.9246454,8,0.020188331604003906,0.0025235414505004883,True
6,2487,1784807933.9452727,8,0.02125692367553711,0.0026571154594421387,True
6,2488,1784807933.966807,8,0.019257783889770508,0.0024072229862213135,True
6,2489,1784807933.9863503,8,0.01932978630065918,0.0024162232875823975,True
6,2490,1784807934.0059578,8,0.01988840103149414,0.0024860501289367676,True
6,2491,1784807934.0262058,8,0.019431352615356445,0.0024289190769195557,True
6,2492,1784807934.0460498,8,0.01958441734313965,0.002448052167892456,True
6,2493,1784807934.0663114,8,0.019659757614135742,0.0024574697017669678,True
6,2494,1784807934.0863338,8,0.020806074142456055,0.002600759267807007,True
6,2495,1784807934.1074374,8,0.01970076560974121,0.0024625957012176514,True
6,2496,1784807934.127497,8,0.021231412887573242,0.0026539266109466553,True
6,2497,1784807934.1491792,8,0.01839447021484375,0.0022993087768554688,True
6,2498,1784807934.168143,8,0.01861715316772461,0.002327144145965576,True
6,2499,1784807934.1871514,8,0.01958751678466797,0.002448439598083496,True
6,2500,1784807934.207738,8,0.02005314826965332,0.002506643533706665,True
6,2501,1784807934.2286227,8,0.020884990692138672,0.002610623836517334,True
6,2502,1784807934.2501025,8,0.018351078033447266,0.002293884754180908,True
6,2503,1784807934.2687445,8,0.021170377731323242,0.0026462972164154053,True
6,2504,1784807934.2908082,8,0.020097732543945312,0.002512216567993164,True
6,2505,1784807934.3113892,8,0.018647432327270508,0.0023309290409088135,True
6,2506,1784807934.3306546,8,0.01954817771911621,0.0024435222148895264,True
6,2507,1784807934.3506243,8,0.020572662353515625,0.002571582794189453,True
6,2508,1784807934.3715627,8,0.021762609481811523,0.0027203261852264404,True
6,2509,1784807934.3936207,8,0.01989459991455078,0.0024868249893188477,True
6,2510,1784807934.4138317,8,0.02060699462890625,0.0025758743286132812,True
6,2511,1784807934.4348466,8,0.018961668014526367,0.002370208501815796,True
6,2512,1784807934.4545054,8,0.0197751522064209,0.0024718940258026123,True
6,2513,1784807934.4757154,8,0.022090673446655273,0.002761334180831909,True
6,2514,1784807934.4986246,8,0.018466711044311523,0.0023083388805389404,True
6,2515,1784807934.5173972,8,0.019910573959350586,0.0024888217449188232,True
6,2516,1784807934.5378978,8,0.017786741256713867,0.0022233426570892334,True
6,2517,1784807934.5566084,8,0.019377946853637695,0.002422243356704712,True
6,2518,1784807934.57633,8,0.018772363662719727,0.002346545457839966,True
6,2519,1784807934.5953865,8,0.017594337463378906,0.0021992921829223633,True
6,2520,1784807934.6134267,8,0.01967024803161621,0.0024587810039520264,True
6,2521,1784807934.6339018,8,0.02078390121459961,0.002597987651824951,True
6,2522,1784807934.6552002,8,0.020603418350219727,0.002575427293777466,True
6,2523,1784807934.6761956,8,0.020229339599609375,0.002528667449951172,True
6,2524,1784807934.6974733,8,0.020049095153808594,0.0025061368942260742,True
6,2525,1784807934.7178721,8,0.020118236541748047,0.002514779567718506,True
6,2526,1784807934.7384164,8,0.019113540649414062,0.002389192581176758,True
6,2527,1784807934.757938,8,0.020055770874023438,0.0025069713592529297,True
6,2528,1784807934.7783494,8,0.020201921463012695,0.002525240182876587,True
6,2529,1784807934.79891,8,0.019649982452392578,0.0024562478065490723,True
6,2530,1784807934.8188405,8,0.019489288330078125,0.0024361610412597656,True
6,2531,1784807934.8386939,8,0.020786523818969727,0.002598315477371216,True
6,2532,1784807934.8598747,8,0.019644498825073242,0.0024555623531341553,True
6,2533,1784807934.8798397,8,0.017893314361572266,0.002236664295196533,True
6,2534,1784807934.898011,8,0.019939184188842773,0.0024923980236053467,True
6,2535,1784807934.9183035,8,0.019416332244873047,0.002427041530609131,True
6,2536,1784807934.9382231,8,0.020463228225708008,0.002557903528213501,True
6,2537,1784807934.959064,8,0.02202773094177246,0.0027534663677215576,True
6,2538,1784807934.9813745,8,0.019187450408935547,0.0023984313011169434,True
6,2539,1784807935.0009909,8,0.0211029052734375,0.0026378631591796875,True
6,2540,1784807935.022638,8,0.019799232482910156,0.0024749040603637695,True
6,2541,1784807935.0427458,8,0.01887369155883789,0.0023592114448547363,True
6,2542,1784807935.0618727,8,0.021212339401245117,0.0026515424251556396,True
6,2543,1784807935.0833654,8,0.020825862884521484,0.0026032328605651855,True
6,2544,1784807935.1045072,8,0.021423816680908203,0.0026779770851135254,True
6,2545,1784807935.128071,8,0.0210573673248291,0.0026321709156036377,True
6,2546,1784807935.1498554,8,0.018832683563232422,0.0023540854454040527,True
6,2547,1784807935.1692157,8,0.020246028900146484,0.0025307536125183105,True
6,2548,1784807935.189977,8,0.019778013229370117,0.0024722516536712646,True
6,2549,1784807935.2112012,8,0.02117753028869629,0.002647191286087036,True
6,2550,1784807935.2331502,8,0.018975019454956055,0.002371877431869507,True
6,2551,1784807935.2524288,8,0.02066493034362793,0.002583116292953491,True
6,2552,1784807935.2734914,8,0.021630525588989258,0.0027038156986236572,True
6,2553,1784807935.2955387,8,0.019954442977905273,0.002494305372238159,True
6,2554,1784807935.3158402,8,0.020562410354614258,0.0025703012943267822,True
6,2555,1784807935.3371181,8,0.017843961715698242,0.0022304952144622803,True
6,2556,1784807935.3556335,8,0.020529985427856445,0.0025662481784820557,True
6,2557,1784807935.377202,8,0.020639657974243164,0.0025799572467803955,True
6,2558,1784807935.3991575,8,0.02100086212158203,0.002625107765197754,True
6,2559,1784807935.4207482,8,0.020701169967651367,0.002587646245956421,True
6,2560,1784807935.4432,8,0.020394086837768555,0.0025492608547210693,True
6,2561,1784807935.4648838,8,0.018939971923828125,0.0023674964904785156,True
6,2562,1784807935.484321,8,0.019655942916870117,0.0024569928646087646,True
6,2563,1784807935.5044215,8,0.019926071166992188,0.0024907588958740234,True
6,2564,1784807935.5263882,8,0.021117210388183594,0.0026396512985229492,True
6,2565,1784807935.5480847,8,0.018868446350097656,0.002358555793762207,True
6,2566,1784807935.5672853,8,0.019007205963134766,0.0023759007453918457,True
6,2567,1784807935.5869274,8,0.019968509674072266,0.002496063709259033,True
6,2568,1784807935.6073735,8,0.018588781356811523,0.0023235976696014404,True
6,2569,1784807935.6266124,8,0.0205533504486084,0.00256916880607605,True
6,2570,1784807935.6476452,8,0.019375324249267578,0.0024219155311584473,True
6,2571,1784807935.6675665,8,0.018758773803710938,0.002344846725463867,True
6,2572,1784807935.6870525,8,0.023316621780395508,0.0029145777225494385,True
6,2573,1784807935.7107482,8,0.02126765251159668,0.002658456563949585,True
6,2574,1784807935.732364,8,0.01898336410522461,0.002372920513153076,True
6,2575,1784807935.7517476,8,0.019972801208496094,0.0024966001510620117,True
6,2576,1784807935.7720172,8,0.020101547241210938,0.002512693405151367,True
6,2577,1784807935.7924576,8,0.019248247146606445,0.0024060308933258057,True
6,2578,1784807935.812154,8,0.020333290100097656,0.002541661262512207,True
6,2579,1784807935.832808,8,0.02070331573486328,0.00258791446685791,True
6,2580,1784807935.8542876,8,0.019492626190185547,0.0024365782737731934,True
6,2581,1784807935.8748016,8,0.020244836807250977,0.002530604600906372,True
6,2582,1784807935.89601,8,0.01858353614807129,0.002322942018508911,True
6,2583,1784807935.9150844,8,0.0209810733795166,0.002622634172439575,True
6,2584,1784807935.9365022,8,0.01945209503173828,0.002431511878967285,True
6,2585,1784807935.9572034,8,0.019938230514526367,0.002492278814315796,True
6,2586,1784807935.9779024,8,0.02014613151550293,0.002518266439437866,True
6,2587,1784807935.9985528,8,0.020788908004760742,0.0025986135005950928,True
6,2588,1784807936.0197062,8,0.01899552345275879,0.0023744404315948486,True
6,2589,1784807936.0391974,8,0.020848751068115234,0.0026060938835144043,True
6,2590,1784807936.060576,8,0.020189762115478516,0.0025237202644348145,True
6,2591,1784807936.0816164,8,0.019082069396972656,0.002385258674621582,True
6,2592,1784807936.1011481,8,0.02235269546508789,0.0027940869331359863,True
6,2593,1784807936.1244273,8,0.019319772720336914,0.0024149715900421143,True
6,2594,1784807936.144902,8,0.019984960556030273,0.002498120069503784,True
6,2595,1784807936.165362,8,0.02062368392944336,0.00257796049118042,True
6,2596,1784807936.187516,8,0.022353410720825195,0.0027941763401031494,True
6,2597,1784807936.2114332,8,0.019059419631958008,0.002382427453994751,True
6,2598,1784807936.2308774,8,0.019549131393432617,0.002443641424179077,True
6,2599,1784807936.2508826,8,0.01987457275390625,0.0024843215942382812,True
6,2600,1784807936.2712605,8,0.02298903465270996,0.002873629331588745,True
6,2601,1784807936.2946124,8,0.018406152725219727,0.002300769090652466,True
6,2602,1784807936.3133461,8,0.02043604850769043,0.0025545060634613037,True
6,2603,1784807936.3341358,8,0.020677566528320312,0.002584695816040039,True
6,2604,1784807936.3551722,8,0.019704103469848633,0.002463012933731079,True
6,2605,1784807936.3757088,8,0.01971268653869629,0.002464085817337036,True
6,2606,1784807936.3957455,8,0.01997518539428711,0.0024968981742858887,True
6,2607,1784807936.4164658,8,0.020879507064819336,0.002609938383102417,True
6,2608,1784807936.437788,8,0.01909017562866211,0.0023862719535827637,True
6,2609,1784807936.4573545,8,0.01987004280090332,0.002483755350112915,True
6,2610,1784807936.4776492,8,0.019675731658935547,0.0024594664573669434,True
6,2611,1784807936.497848,8,0.02086806297302246,0.0026085078716278076,True
6,2612,1784807936.519221,8,0.019945859909057617,0.002493232488632202,True
6,2613,1784807936.5396075,8,0.021131277084350586,0.0026414096355438232,True
6,2614,1784807936.5612233,8,0.018624067306518555,0.0023280084133148193,True
6,2615,1784807936.580602,8,0.0190279483795166,0.002378493547439575,True
6,2616,1784807936.600479,8,0.01853656768798828,0.002317070960998535,True
6,2617,1784807936.6199389,8,0.020120859146118164,0.0025151073932647705,True
6,2618,1784807936.6405146,8,0.020134687423706055,0.002516835927963257,True
6,2619,1784807936.6621954,8,0.020232439041137695,0.002529054880142212,True
6,2620,1784807936.6827893,8,0.021396160125732422,0.0026745200157165527,True
6,2621,1784807936.704832,8,0.021096229553222656,0.002637028694152832,True
6,2622,1784807936.72643,8,0.020614147186279297,0.002576768398284912,True
6,2623,1784807936.7480392,8,0.019948959350585938,0.002493619918823242,True
6,2624,1784807936.7689245,8,0.018117666244506836,0.0022647082805633545,True
6,2625,1784807936.7873876,8,0.022148847579956055,0.002768605947494507,True
6,2626,1784807936.8116555,8,0.01795649528503418,0.0022445619106292725,True
6,2627,1784807936.8299081,8,0.020340681076049805,0.0025425851345062256,True
6,2628,1784807936.8512204,8,0.02307868003845215,0.0028848350048065186,True
6,2629,1784807936.874764,8,0.01785135269165039,0.002231419086456299,True
6,2630,1784807936.893741,8,0.01891469955444336,0.00236433744430542,True
6,2631,1784807936.9129832,8,0.021181821823120117,0.0026477277278900146,True
6,2632,1784807936.9355855,8,0.018686294555664062,0.002335786819458008,True
6,2633,1784807936.9546616,8,0.02010798454284668,0.002513498067855835,True
6,2634,1784807936.9752893,8,0.019392013549804688,0.002424001693725586,True
6,2635,1784807936.9951448,8,0.018326759338378906,0.0022908449172973633,True
6,2636,1784807937.0143957,8,0.01933884620666504,0.00241735577583313,True
6,2637,1784807937.0345662,8,0.02106928825378418,0.0026336610317230225,True
6,2638,1784807937.0562544,8,0.02137017250061035,0.002671271562576294,True
6,2639,1784807937.079125,8,0.019199848175048828,0.0023999810218811035,True
6,2640,1784807937.098637,8,0.018424272537231445,0.0023030340671539307,True
6,2641,1784807937.1183934,8,0.020310401916503906,0.0025388002395629883,True
6,2642,1784807937.139308,8,0.021028518676757812,0.0026285648345947266,True
6,2643,1784807937.1616135,8,0.01835036277770996,0.002293795347213745,True
6,2644,1784807937.1805177,8,0.0198824405670166,0.002485305070877075,True
6,2645,1784807937.2011607,8,0.020559310913085938,0.002569913864135742,True
6,2646,1784807937.2221293,8,0.020449399948120117,0.0025561749935150146,True
6,2647,1784807937.2429886,8,0.019291400909423828,0.0024114251136779785,True
6,2648,1784807937.2626626,8,0.019251346588134766,0.0024064183235168457,True
6,2649,1784807937.2824388,8,0.02114272117614746,0.0026428401470184326,True
6,2650,1784807937.3038886,8,0.019694089889526367,0.002461761236190796,True
6,2651,1784807937.3244863,8,0.020479917526245117,0.0025599896907806396,True
6,2652,1784807937.3457596,8,0.020417451858520508,0.0025521814823150635,True
6,2653,1784807937.366652,8,0.01808929443359375,0.0022611618041992188,True
6,2654,1784807937.3851721,8,0.021218538284301758,0.0026523172855377197,True
6,2655,1784807937.406853,8,0.020947694778442383,0.002618461847305298,True
6,2656,1784807937.4281483,8,0.02332472801208496,0.00291559100151062,True
6,2657,1784807937.452178,8,0.017766475677490234,0.0022208094596862793,True
6,2658,1784807937.4709802,8,0.02053236961364746,0.0025665462017059326,True
6,2659,1784807937.4921758,8,0.019807815551757812,0.0024759769439697266,True
6,2660,1784807937.5124013,8,0.01917886734008789,0.0023973584175109863,True
6,2661,1784807937.5325105,8,0.020685195922851562,0.0025856494903564453,True
6,2662,1784807937.5537186,8,0.020634174346923828,0.0025792717933654785,True
6,2663,1784807937.574981,8,0.018486738204956055,0.002310842275619507,True
6,2664,1784807937.5948513,8,0.021031856536865234,0.0026289820671081543,True
6,2665,1784807937.6162934,8,0.019276142120361328,0.002409517765045166,True
6,2666,1784807937.6367352,8,0.01806163787841797,0.002257704734802246,True
6,2667,1784807937.6557233,8,0.019236087799072266,0.002404510974884033,True
6,2668,1784807937.6753373,8,0.02053689956665039,0.002567112445831299,True
6,2669,1784807937.696177,8,0.02024531364440918,0.0025306642055511475,True
6,2670,1784807937.7177522,8,0.02093648910522461,0.002617061138153076,True
6,2671,1784807937.7391992,8,0.019799470901489258,0.0024749338626861572,True
6,2672,1784807937.7596166,8,0.019794225692749023,0.002474278211593628,True
6,2673,1784807937.7798097,8,0.019034385681152344,0.002379298210144043,True
6,2674,1784807937.799339,8,0.022289752960205078,0.0027862191200256348,True
6,2675,1784807937.8220797,8,0.01800990104675293,0.002251237630844116,True
6,2676,1784807937.840401,8,0.019791364669799805,0.0024739205837249756,True
6,2677,1784807937.8606684,8,0.020374536514282227,0.0025468170642852783,True
6,2678,1784807937.8816533,8,0.019410371780395508,0.0024262964725494385,True
6,2679,1784807937.9016552,8,0.020160675048828125,0.0025200843811035156,True
6,2680,1784807937.9222221,8,0.021122455596923828,0.0026403069496154785,True
6,2681,1784807937.9438148,8,0.01937270164489746,0.0024215877056121826,True
6,2682,1784807937.9636424,8,0.021528959274291992,0.002691119909286499,True
6,2683,1784807937.9857213,8,0.019546031951904297,0.002443253993988037,True
6,2684,1784807938.0072749,8,0.02132892608642578,0.0026661157608032227,True
6,2685,1784807938.029515,8,0.019945859909057617,0.002493232488632202,True
6,2686,1784807938.0502372,8,0.020928144454956055,0.002616018056869507,True
6,2687,1784807938.0729876,8,0.01811695098876953,0.0022646188735961914,True
6,2688,1784807938.0915003,8,0.01949787139892578,0.0024372339248657227,True
6,2689,1784807938.1115832,8,0.020315170288085938,0.002539396286010742,True
6,2690,1784807938.1324906,8,0.019977807998657227,0.0024972259998321533,True
6,2691,1784807938.1530604,8,0.020491838455200195,0.0025614798069000244,True
6,2692,1784807938.1740358,8,0.01895427703857422,0.0023692846298217773,True
6,2693,1784807938.19361,8,0.021648406982421875,0.0027060508728027344,True
6,2694,1784807938.215703,8,0.019425153732299805,0.0024281442165374756,True
6,2695,1784807938.235561,8,0.0206451416015625,0.0025806427001953125,True
6,2696,1784807938.2564769,8,0.019766807556152344,0.002470850944519043,True
6,2697,1784807938.276628,8,0.020071744918823242,0.0025089681148529053,True
6,2698,1784807938.2971942,8,0.019743680953979492,0.0024679601192474365,True
6,2699,1784807938.3173814,8,0.020172595977783203,0.0025215744972229004,True
6,2700,1784807938.337995,8,0.0206906795501709,0.0025863349437713623,True
6,2701,1784807938.3590817,8,0.019570350646972656,0.002446293830871582,True
6,2702,1784807938.3790603,8,0.020275115966796875,0.0025343894958496094,True
6,2703,1784807938.3997216,8,0.02212691307067871,0.002765864133834839,True
6,2704,1784807938.4223368,8,0.018728971481323242,0.0023411214351654053,True
6,2705,1784807938.4414601,8,0.021389245986938477,0.0026736557483673096,True
6,2706,1784807938.4633722,8,0.020861148834228516,0.0026076436042785645,True
6,2707,1784807938.4846802,8,0.01969289779663086,0.0024616122245788574,True
6,2708,1784807938.504881,8,0.021321773529052734,0.002665221691131592,True
6,2709,1784807938.5269554,8,0.020320892333984375,0.002540111541748047,True
6,2710,1784807938.547853,8,0.019101619720458984,0.002387702465057373,True
6,2711,1784807938.567276,8,0.020480871200561523,0.0025601089000701904,True
6,2712,1784807938.5881665,8,0.02044081687927246,0.0025551021099090576,True
6,2713,1784807938.6091676,8,0.01996016502380371,0.002495020627975464,True
6,2714,1784807938.629644,8,0.022125244140625,0.002765655517578125,True
6,2715,1784807938.654141,8,0.017494916915893555,0.0021868646144866943,True
6,2716,1784807938.6722372,8,0.020563364028930664,0.002570420503616333,True
6,2717,1784807938.6937807,8,0.019393205642700195,0.0024241507053375244,True
6,2718,1784807938.7137487,8,0.021216630935668945,0.002652078866958618,True
6,2719,1784807938.7360492,8,0.0180814266204834,0.002260178327560425,True
6,2720,1784807938.7549171,8,0.019627809524536133,0.0024534761905670166,True
6,2721,1784807938.7751875,8,0.019945859909057617,0.002493232488632202,True
6,2722,1784807938.7960954,8,0.019209861755371094,0.0024012327194213867,True
6,2723,1784807938.8161776,8,0.01959848403930664,0.00244981050491333,True
6,2724,1784807938.8373318,8,0.01971745491027832,0.00246468186378479,True
6,2725,1784807938.857454,8,0.02063608169555664,0.00257951021194458,True
6,2726,1784807938.8784592,8,0.019655704498291016,0.002456963062286377,True
6,2727,1784807938.8985944,8,0.01960897445678711,0.0024511218070983887,True
6,2728,1784807938.9186192,8,0.020209312438964844,0.0025261640548706055,True
6,2729,1784807938.9392397,8,0.018734216690063477,0.0023417770862579346,True
6,2730,1784807938.9589224,8,0.019191503524780273,0.002398937940597534,True
6,2731,1784807938.9784703,8,0.020752906799316406,0.0025941133499145508,True
6,2732,1784807938.9995773,8,0.02059197425842285,0.0025739967823028564,True
6,2733,1784807939.0205324,8,0.021332502365112305,0.002666562795639038,True
6,2734,1784807939.0431926,8,0.020669937133789062,0.002583742141723633,True
6,2735,1784807939.0643668,8,0.021047592163085938,0.002630949020385742,True
6,2736,1784807939.0860004,8,0.01956915855407715,0.0024461448192596436,True
6,2737,1784807939.10589,8,0.020340919494628906,0.0025426149368286133,True
6,2738,1784807939.1266155,8,0.022361040115356445,0.0027951300144195557,True
6,2739,1784807939.149903,8,0.019769668579101562,0.0024712085723876953,True
6,2740,1784807939.1701148,8,0.019296884536743164,0.0024121105670928955,True
6,2741,1784807939.1900024,8,0.020082712173461914,0.0025103390216827393,True
6,2742,1784807939.210412,8,0.020941972732543945,0.002617746591567993,True
6,2743,1784807939.233142,8,0.018840789794921875,0.0023550987243652344,True
6,2744,1784807939.2524896,8,0.02247929573059082,0.0028099119663238525,True
6,2745,1784807939.2756507,8,0.018283605575561523,0.0022854506969451904,True
6,2746,1784807939.295137,8,0.020871877670288086,0.0026089847087860107,True
6,2747,1784807939.31637,8,0.02086472511291504,0.00260809063911438,True
6,2748,1784807939.337567,8,0.021532297134399414,0.0026915371417999268,True
6,2749,1784807939.359498,8,0.020381927490234375,0.002547740936279297,True
6,2750,1784807939.3816154,8,0.018979310989379883,0.0023724138736724854,True
6,2751,1784807939.4009802,8,0.021181344985961914,0.0026476681232452393,True
6,2752,1784807939.4225671,8,0.020047426223754883,0.0025059282779693604,True
6,2753,1784807939.442997,8,0.021602392196655273,0.002700299024581909,True
6,2754,1784807939.4654028,8,0.01952362060546875,0.0024404525756835938,True
6,2755,1784807939.4863508,8,0.020881175994873047,0.002610146999359131,True
6,2756,1784807939.5080085,8,0.02148151397705078,0.0026851892471313477,True
6,2757,1784807939.5306978,8,0.02084827423095703,0.002606034278869629,True
6,2758,1784807939.5529528,8,0.0202639102935791,0.0025329887866973877,True
6,2759,1784807939.5738378,8,0.01933455467224121,0.0024168193340301514,True
6,2760,1784807939.5941179,8,0.020542144775390625,0.002567768096923828,True
6,2761,1784807939.615792,8,0.023514747619628906,0.0029393434524536133,True
6,2762,1784807939.6402528,8,0.019347667694091797,0.0024184584617614746,True
6,2763,1784807939.6606324,8,0.020455360412597656,0.002556920051574707,True
6,2764,1784807939.6814973,8,0.019207000732421875,0.0024008750915527344,True
6,2765,1784807939.7014797,8,0.01876997947692871,0.002346247434616089,True
6,2766,1784807939.721092,8,0.021399497985839844,0.0026749372482299805,True
6,2767,1784807939.7428951,8,0.018883228302001953,0.002360403537750244,True
6,2768,1784807939.7622101,8,0.019777297973632812,0.0024721622467041016,True
6,2769,1784807939.7834718,8,0.023965835571289062,0.002995729446411133,True
6,2770,1784807939.8078043,8,0.020770788192749023,0.002596348524093628,True
6,2771,1784807939.828928,8,0.019126415252685547,0.0023908019065856934,True
6,2772,1784807939.8485286,8,0.02028799057006836,0.002535998821258545,True
6,2773,1784807939.8691335,8,0.019908905029296875,0.0024886131286621094,True
6,2774,1784807939.8894033,8,0.020869016647338867,0.0026086270809173584,True
6,2775,1784807939.9116251,8,0.021288633346557617,0.002661079168319702,True
6,2776,1784807939.9338932,8,0.020946264266967773,0.0026182830333709717,True
6,2777,1784807939.955391,8,0.020499467849731445,0.0025624334812164307,True
6,2778,1784807939.9765136,8,0.019788742065429688,0.002473592758178711,True
6,2779,1784807939.9968636,8,0.019716501235961914,0.0024645626544952393,True
6,2780,1784807940.0175967,8,0.020661354064941406,0.0025826692581176758,True
6,2781,1784807940.0387294,8,0.020114421844482422,0.0025143027305603027,True
6,2782,1784807940.0597878,8,0.020745277404785156,0.0025931596755981445,True
6,2783,1784807940.0808356,8,0.01935291290283203,0.002419114112854004,True
6,2784,1784807940.1007032,8,0.02190685272216797,0.002738356590270996,True
6,2785,1784807940.1230106,8,0.018827438354492188,0.0023534297943115234,True
6,2786,1784807940.1423273,8,0.02055191993713379,0.0025689899921417236,True
6,2787,1784807940.1636534,8,0.0206296443939209,0.0025787055492401123,True
6,2788,1784807940.1850903,8,0.019227981567382812,0.0024034976959228516,True
6,2789,1784807940.2046304,8,0.019506216049194336,0.002438277006149292,True
6,2790,1784807940.2245605,8,0.018630027770996094,0.0023287534713745117,True
6,2791,1784807940.2440972,8,0.020334720611572266,0.002541840076446533,True
6,2792,1784807940.2648406,8,0.019762516021728516,0.0024703145027160645,True
6,2793,1784807940.2851865,8,0.02048778533935547,0.0025609731674194336,True
6,2794,1784807940.306048,8,0.018755674362182617,0.002344459295272827,True
6,2795,1784807940.3252335,8,0.019827842712402344,0.002478480339050293,True
6,2796,1784807940.3465269,8,0.019901514053344727,0.002487689256668091,True
6,2797,1784807940.3672097,8,0.02317214012145996,0.002896517515182495,True
6,2798,1784807940.3909712,8,0.01819586753845215,0.0022744834423065186,True
6,2799,1784807940.4094713,8,0.019713401794433594,0.0024641752243041992,True
6,2800,1784807940.429533,8,0.0194091796875,0.0024261474609375,True
6,2801,1784807940.449194,8,0.020233869552612305,0.002529233694076538,True
6,2802,1784807940.4697514,8,0.020910263061523438,0.0026137828826904297,True
6,2803,1784807940.4910169,8,0.01982569694519043,0.0024782121181488037,True
6,2804,1784807940.511175,8,0.019464731216430664,0.002433091402053833,True
6,2805,1784807940.5310497,8,0.019228219985961914,0.0024035274982452393,True
6,2806,1784807940.5506392,8,0.021401643753051758,0.0026752054691314697,True
6,2807,1784807940.5730987,8,0.02140951156616211,0.0026761889457702637,True
6,2808,1784807940.5948105,8,0.01831531524658203,0.002289414405822754,True
6,2809,1784807940.613658,8,0.019385099411010742,0.0024231374263763428,True
6,2810,1784807940.633335,8,0.02307271957397461,0.002884089946746826,True
6,2811,1784807940.6567657,8,0.020556211471557617,0.002569526433944702,True
6,2812,1784807940.6776323,8,0.020957469940185547,0.0026196837425231934,True
6,2813,1784807940.6989372,8,0.01894211769104004,0.002367764711380005,True
6,2814,1784807940.7182488,8,0.02082681655883789,0.0026033520698547363,True
6,2815,1784807940.7395163,8,0.019663572311401367,0.002457946538925171,True
6,2816,1784807940.7595046,8,0.02124929428100586,0.0026561617851257324,True
6,2817,1784807940.7816095,8,0.019256591796875,0.002407073974609375,True
6,2818,1784807940.801337,8,0.022422075271606445,0.0028027594089508057,True
6,2819,1784807940.8242698,8,0.018172502517700195,0.0022715628147125244,True
6,2820,1784807940.8428435,8,0.019070863723754883,0.0023838579654693604,True
6,2821,1784807940.8622515,8,0.021022796630859375,0.002627849578857422,True
6,2822,1784807940.8836296,8,0.02095651626586914,0.0026195645332336426,True
6,2823,1784807940.9053185,8,0.01988840103149414,0.0024860501289367676,True
6,2824,1784807940.9255857,8,0.020407915115356445,0.0025509893894195557,True
6,2825,1784807940.9466884,8,0.021599531173706055,0.002699941396713257,True
6,2826,1784807940.9686801,8,0.020953655242919922,0.0026192069053649902,True
6,2827,1784807940.990313,8,0.021037578582763672,0.002629697322845459,True
6,2828,1784807941.013063,8,0.021582603454589844,0.0026978254318237305,True
6,2829,1784807941.036335,8,0.020351409912109375,0.002543926239013672,True
6,2830,1784807941.0571532,8,0.02080512046813965,0.002600640058517456,True
6,2831,1784807941.0786192,8,0.021300077438354492,0.0026625096797943115,True
6,2832,1784807941.1023786,8,0.018312692642211914,0.0022890865802764893,True
6,2833,1784807941.1212685,8,0.02071857452392578,0.0025898218154907227,True
6,2834,1784807941.1428208,8,0.018419265747070312,0.002302408218383789,True
6,2835,1784807941.1618655,8,0.018615007400512695,0.002326875925064087,True
6,2836,1784807941.1810763,8,0.020368576049804688,0.002546072006225586,True
6,2837,1784807941.2018373,8,0.018935203552246094,0.0023669004440307617,True
6,2838,1784807941.2213154,8,0.019885778427124023,0.002485722303390503,True
6,2839,1784807941.2418683,8,0.020113706588745117,0.0025142133235931396,True
6,2840,1784807941.2623217,8,0.019181013107299805,0.0023976266384124756,True
6,2841,1784807941.2818327,8,0.02135467529296875,0.0026693344116210938,True
6,2842,1784807941.30358,8,0.021771669387817383,0.002721458673477173,True
6,2843,1784807941.3260417,8,0.01861572265625,0.00232696533203125,True
6,2844,1784807941.3452325,8,0.01846599578857422,0.0023082494735717773,True
6,2845,1784807941.3643339,8,0.02061319351196289,0.0025766491889953613,True
6,2846,1784807941.385396,8,0.01981949806213379,0.0024774372577667236,True
6,2847,1784807941.4056404,8,0.019861221313476562,0.0024826526641845703,True
6,2848,1784807941.425814,8,0.019724369049072266,0.002465546131134033,True
6,2849,1784807941.4459717,8,0.020624637603759766,0.0025780797004699707,True
6,2850,1784807941.4669714,8,0.020595312118530273,0.002574414014816284,True
6,2851,1784807941.487898,8,0.01993083953857422,0.0024913549423217773,True
6,2852,1784807941.5081968,8,0.024428844451904297,0.003053605556488037,True
6,2853,1784807941.5338285,8,0.014724016189575195,0.0018405020236968994,True
6,2854,1784807941.548893,8,0.018924474716186523,0.0023655593395233154,True
6,2855,1784807941.5681593,8,0.020392179489135742,0.0025490224361419678,True
6,2856,1784807941.5891373,8,0.020482301712036133,0.0025602877140045166,True
6,2857,1784807941.609978,8,0.020699501037597656,0.002587437629699707,True
6,2858,1784807941.631128,8,0.019808053970336914,0.0024760067462921143,True
6,2859,1784807941.6512287,8,0.019828319549560547,0.0024785399436950684,True
6,2860,1784807941.6714594,8,0.019181251525878906,0.0023976564407348633,True
6,2861,1784807941.6911037,8,0.0224912166595459,0.0028114020824432373,True
6,2862,1784807941.7139258,8,0.01884603500366211,0.0023557543754577637,True
6,2863,1784807941.7330832,8,0.02120804786682129,0.002651005983352661,True
6,2864,1784807941.754862,8,0.019205093383789062,0.002400636672973633,True
6,2865,1784807941.7746613,8,0.021268367767333984,0.002658545970916748,True
6,2866,1784807941.7963572,8,0.019417524337768555,0.0024271905422210693,True
6,2867,1784807941.8162322,8,0.021333694458007812,0.0026667118072509766,True
6,2868,1784807941.8382797,8,0.019483327865600586,0.0024354159832000732,True
6,2869,1784807941.8580987,8,0.020494937896728516,0.0025618672370910645,True
6,2870,1784807941.8793352,8,0.02091383934020996,0.002614229917526245,True
6,2871,1784807941.9005573,8,0.01876068115234375,0.0023450851440429688,True
6,2872,1784807941.9198093,8,0.020477294921875,0.002559661865234375,True
6,2873,1784807941.9407847,8,0.021060705184936523,0.0026325881481170654,True
6,2874,1784807941.9622974,8,0.019999027252197266,0.002499878406524658,True
6,2875,1784807941.982959,8,0.019858598709106445,0.0024823248386383057,True
6,2876,1784807942.0041494,8,0.019020557403564453,0.0023775696754455566,True
6,2877,1784807942.0236335,8,0.022414684295654297,0.002801835536956787,True
6,2878,1784807942.0467126,8,0.023302316665649414,0.0029127895832061768,True
6,2879,1784807942.0712073,8,0.022093772888183594,0.0027617216110229492,True
6,2880,1784807942.093666,8,0.016755104064941406,0.0020943880081176758,True
6,2881,1784807942.1117215,8,0.02007460594177246,0.0025093257427215576,True
6,2882,1784807942.1323214,8,0.021002531051635742,0.0026253163814544678,True
6,2883,1784807942.1538398,8,0.020524263381958008,0.002565532922744751,True
6,2884,1784807942.1747594,8,0.02051377296447754,0.0025642216205596924,True
6,2885,1784807942.1956089,8,0.020457744598388672,0.002557218074798584,True
6,2886,1784807942.216437,8,0.02017664909362793,0.002522081136703491,True
6,2887,1784807942.2371569,8,0.019130468368530273,0.002391308546066284,True
6,2888,1784807942.2566576,8,0.022159099578857422,0.0027698874473571777,True
6,2889,1784807942.279289,8,0.021088838577270508,0.0026361048221588135,True
6,2890,1784807942.3008358,8,0.01880168914794922,0.0023502111434936523,True
6,2891,1784807942.3201427,8,0.021729230880737305,0.002716153860092163,True
6,2892,1784807942.3422792,8,0.02118968963623047,0.0026487112045288086,True
6,2893,1784807942.3638356,8,0.02179574966430664,0.00272446870803833,True
6,2894,1784807942.3864408,8,0.020061731338500977,0.002507716417312622,True
6,2895,1784807942.4071403,8,0.02000880241394043,0.0025011003017425537,True
6,2896,1784807942.427599,8,0.020598649978637695,0.002574831247329712,True
6,2897,1784807942.4487407,8,0.018417835235595703,0.002302229404449463,True
6,2898,1784807942.4674983,8,0.02077484130859375,0.0025968551635742188,True
6,2899,1784807942.488798,8,0.021763086318969727,0.002720385789871216,True
6,2900,1784807942.510898,8,0.01896834373474121,0.0023710429668426514,True
6,2901,1784807942.5303004,8,0.02009749412536621,0.0025121867656707764,True
6,2902,1784807942.5508718,8,0.019167661666870117,0.0023959577083587646,True
6,2903,1784807942.5704305,8,0.020047903060913086,0.0025059878826141357,True
6,2904,1784807942.5908809,8,0.021137714385986328,0.002642214298248291,True
6,2905,1784807942.6123886,8,0.020472049713134766,0.0025590062141418457,True
6,2906,1784807942.6332986,8,0.018815279006958008,0.002351909875869751,True
6,2907,1784807942.6530204,8,0.02290201187133789,0.0028627514839172363,True
6,2908,1784807942.676367,8,0.02119588851928711,0.0026494860649108887,True
6,2909,1784807942.6985707,8,0.019488096237182617,0.002436012029647827,True
6,2910,1784807942.7185042,8,0.017978668212890625,0.002247333526611328,True
6,2911,1784807942.736759,8,0.017676115036010742,0.0022095143795013428,True
6,2912,1784807942.7547636,8,0.018643856048583984,0.002330482006072998,True
6,2913,1784807942.7737398,8,0.0176546573638916,0.00220683217048645,True
6,2914,1784807942.7917604,8,0.0177919864654541,0.0022239983081817627,True
6,2915,1784807942.809903,8,0.018201112747192383,0.002275139093399048,True
6,2916,1784807942.8284411,8,0.017528772354125977,0.002191096544265747,True
6,2917,1784807942.8462565,8,0.018733978271484375,0.002341747283935547,True
6,2918,1784807942.8656003,8,0.016365766525268555,0.0020457208156585693,True
6,2919,1784807942.882487,8,0.017314434051513672,0.002164304256439209,True
6,2920,1784807942.9001389,8,0.01560831069946289,0.0019510388374328613,True
6,2921,1784807942.9160645,8,0.016275405883789062,0.002034425735473633,True
6,2922,1784807942.932653,8,0.01505589485168457,0.0018819868564605713,True
6,2923,1784807942.9480386,8,0.014047861099243164,0.0017559826374053955,True
6,2924,1784807942.962551,8,0.014952898025512695,0.001869112253189087,True
