process_id,batch_id,timestamp,batch_size,batch_time_seconds,avg_query_time_seconds,success
4,1,1784807882.8751893,8,0.0062351226806640625,0.0007793903350830078,True
4,2,1784807882.882466,8,0.006001710891723633,0.0007502138614654541,True
4,3,1784807882.8889172,8,0.005990028381347656,0.000748753547668457,True
4,4,1784807882.895273,8,0.006014823913574219,0.0007518529891967773,True
4,5,1784807882.9018414,8,0.00648951530456543,0.0008111894130706787,True
4,6,1784807882.9092774,8,0.006546974182128906,0.0008183717727661133,True
4,7,1784807882.9162831,8,0.0062885284423828125,0.0007860660552978516,True
4,8,1784807882.9231205,8,0.006569623947143555,0.0008212029933929443,True
4,9,1784807882.930177,8,0.007602691650390625,0.0009503364562988281,True
4,10,1784807882.9390993,8,0.006116151809692383,0.0007645189762115479,True
4,11,1784807882.9457614,8,0.005667924880981445,0.0007084906101226807,True
4,12,1784807882.9521835,8,0.006111621856689453,0.0007639527320861816,True
4,13,1784807882.9589326,8,0.006168365478515625,0.0007710456848144531,True
4,14,1784807882.9662876,8,0.006087064743041992,0.000760883092880249,True
4,15,1784807882.973037,8,0.007186412811279297,0.0008983016014099121,True
4,16,1784807882.9808571,8,0.006975889205932617,0.0008719861507415771,True
4,17,1784807882.98953,8,0.007734775543212891,0.0009668469429016113,True
4,18,1784807882.9979663,8,0.00603795051574707,0.0007547438144683838,True
4,19,1784807883.0058422,8,0.006221294403076172,0.0007776618003845215,True
4,20,1784807883.0125127,8,0.0074024200439453125,0.0009253025054931641,True
4,21,1784807883.0204728,8,0.008095979690551758,0.0010119974613189697,True
4,22,1784807883.0292883,8,0.00778508186340332,0.000973135232925415,True
4,23,1784807883.0385256,8,0.007176637649536133,0.0008970797061920166,True
4,24,1784807883.0461586,8,0.007180690765380859,0.0008975863456726074,True
4,25,1784807883.055149,8,0.00746607780456543,0.0009332597255706787,True
4,26,1784807883.0653129,8,0.007831096649169922,0.0009788870811462402,True
4,27,1784807883.0740297,8,0.006437540054321289,0.0008046925067901611,True
4,28,1784807883.0812495,8,0.009208440780639648,0.001151055097579956,True
4,29,1784807883.0909064,8,0.007802724838256836,0.0009753406047821045,True
4,30,1784807883.0993946,8,0.007116079330444336,0.000889509916305542,True
4,31,1784807883.1073525,8,0.008970499038696289,0.0011213123798370361,True
4,32,1784807883.1180477,8,0.007790565490722656,0.000973820686340332,True
4,33,1784807883.1281314,8,0.0073010921478271484,0.0009126365184783936,True
4,34,1784807883.136301,8,0.0067789554595947266,0.0008473694324493408,True
4,35,1784807883.14735,8,0.008516550064086914,0.0010645687580108643,True
4,36,1784807883.1565046,8,0.008193254470825195,0.0010241568088531494,True
4,37,1784807883.1669092,8,0.00700831413269043,0.0008760392665863037,True
4,38,1784807883.1745238,8,0.009516477584838867,0.0011895596981048584,True
4,39,1784807883.1887965,8,0.007861137390136719,0.0009826421737670898,True
4,40,1784807883.1973524,8,0.007786273956298828,0.0009732842445373535,True
4,41,1784807883.2063656,8,0.00838613510131836,0.001048266887664795,True
4,42,1784807883.2153702,8,0.010341167449951172,0.0012926459312438965,True
4,43,1784807883.2262433,8,0.011584997177124023,0.001448124647140503,True
4,44,1784807883.2406127,8,0.009334802627563477,0.0011668503284454346,True
4,45,1784807883.25054,8,0.01134181022644043,0.0014177262783050537,True
4,46,1784807883.2642443,8,0.00714874267578125,0.0008935928344726562,True
4,47,1784807883.2739875,8,0.008995532989501953,0.0011244416236877441,True
4,48,1784807883.2863224,8,0.009000539779663086,0.0011250674724578857,True
4,49,1784807883.2961404,8,0.01042318344116211,0.0013028979301452637,True
4,50,1784807883.3181174,8,0.008043050765991211,0.0010053813457489014,True
4,51,1784807883.327086,8,0.011819839477539062,0.0014774799346923828,True
4,52,1784807883.3473272,8,0.00858163833618164,0.001072704792022705,True
4,53,1784807883.3563607,8,0.012501716613769531,0.0015627145767211914,True
4,54,1784807883.3703735,8,0.012637853622436523,0.0015797317028045654,True
4,55,1784807883.389496,8,0.007729053497314453,0.0009661316871643066,True
4,56,1784807883.405473,8,0.009866952896118164,0.0012333691120147705,True
4,57,1784807883.4178905,8,0.011764764785766602,0.0014705955982208252,True
4,58,1784807883.437074,8,0.0063037872314453125,0.0007879734039306641,True
4,59,1784807883.453708,8,0.010116100311279297,0.0012645125389099121,True
4,60,1784807883.474412,8,0.008400440216064453,0.0010500550270080566,True
4,61,1784807883.4904633,8,0.0068972110748291016,0.0008621513843536377,True
4,62,1784807883.505807,8,0.011322498321533203,0.0014153122901916504,True
4,63,1784807883.5219533,8,0.01153254508972168,0.00144156813621521,True
4,64,1784807883.535609,8,0.017886877059936523,0.0022358596324920654,True
4,65,1784807883.5544796,8,0.013247251510620117,0.0016559064388275146,True
4,66,1784807883.5804136,8,0.007933616638183594,0.0009917020797729492,True
4,67,1784807883.5988786,8,0.012236356735229492,0.0015295445919036865,True
4,68,1784807883.6118445,8,0.013689994812011719,0.0017112493515014648,True
4,69,1784807883.6300366,8,0.013069629669189453,0.0016337037086486816,True
4,70,1784807883.6558516,8,0.009547233581542969,0.001193404197692871,True
4,71,1784807883.6850183,8,0.007166624069213867,0.0008958280086517334,True
4,72,1784807883.6982782,8,0.018684864044189453,0.0023356080055236816,True
4,73,1784807883.722574,8,0.01336216926574707,0.0016702711582183838,True
4,74,1784807883.7529345,8,0.008796930313110352,0.001099616289138794,True
4,75,1784807883.778323,8,0.009300708770751953,0.0011625885963439941,True
4,76,1784807883.799916,8,0.007770538330078125,0.0009713172912597656,True
4,77,1784807883.82291,8,0.006108522415161133,0.0007635653018951416,True
4,78,1784807883.8382063,8,0.012929916381835938,0.0016162395477294922,True
4,79,1784807883.8581471,8,0.013456344604492188,0.0016820430755615234,True
4,80,1784807883.8736317,8,0.020077943801879883,0.0025097429752349854,True
4,81,1784807883.8953187,8,0.020227909088134766,0.0025284886360168457,True
4,82,1784807883.9160945,8,0.019136905670166016,0.002392113208770752,True
4,83,1784807883.9360774,8,0.019721508026123047,0.002465188503265381,True
4,84,1784807883.9563246,8,0.02106451988220215,0.0026330649852752686,True
4,85,1784807883.978068,8,0.020081043243408203,0.0025101304054260254,True
4,86,1784807883.9986036,8,0.020706653594970703,0.002588331699371338,True
4,87,1784807884.0198572,8,0.020262718200683594,0.0025328397750854492,True
4,88,1784807884.0409157,8,0.0209200382232666,0.002615004777908325,True
4,89,1784807884.0622818,8,0.02017974853515625,0.0025224685668945312,True
4,90,1784807884.0829716,8,0.021506071090698242,0.0026882588863372803,True
4,91,1784807884.1051984,8,0.020375490188598633,0.002546936273574829,True
4,92,1784807884.1260316,8,0.020457029342651367,0.002557128667831421,True
4,93,1784807884.1474662,8,0.018802404403686523,0.0023503005504608154,True
4,94,1784807884.1669824,8,0.02113199234008789,0.0026414990425109863,True
4,95,1784807884.1889267,8,0.019186973571777344,0.002398371696472168,True
4,96,1784807884.2088077,8,0.019493579864501953,0.002436697483062744,True
4,97,1784807884.2300775,8,0.019098997116088867,0.0023873746395111084,True
4,98,1784807884.2496345,8,0.01973247528076172,0.002466559410095215,True
4,99,1784807884.2697663,8,0.021938085556030273,0.002742260694503784,True
4,100,1784807884.2929273,8,0.018581390380859375,0.002322673797607422,True
4,101,1784807884.312144,8,0.02138829231262207,0.002673536539077759,True
4,102,1784807884.3340173,8,0.020985126495361328,0.002623140811920166,True
4,103,1784807884.3554997,8,0.019431114196777344,0.002428889274597168,True
4,104,1784807884.3754897,8,0.02028822898864746,0.0025360286235809326,True
4,105,1784807884.3963284,8,0.019037246704101562,0.0023796558380126953,True
4,106,1784807884.4160113,8,0.018681764602661133,0.0023352205753326416,True
4,107,1784807884.4355922,8,0.020293235778808594,0.0025366544723510742,True
4,108,1784807884.4571643,8,0.02130579948425293,0.002663224935531616,True
4,109,1784807884.4793282,8,0.019535303115844727,0.002441912889480591,True
4,110,1784807884.4996452,8,0.020158767700195312,0.002519845962524414,True
4,111,1784807884.5203283,8,0.019862890243530273,0.002482861280441284,True
4,112,1784807884.5409365,8,0.02254462242126465,0.002818077802658081,True
4,113,1784807884.5640824,8,0.019298553466796875,0.0024123191833496094,True
4,114,1784807884.5841274,8,0.019932985305786133,0.0024916231632232666,True
4,115,1784807884.6046338,8,0.020492076873779297,0.002561509609222412,True
4,116,1784807884.6255386,8,0.019046306610107422,0.0023807883262634277,True
4,117,1784807884.6451151,8,0.02062678337097168,0.00257834792137146,True
4,118,1784807884.6665046,8,0.020003557205200195,0.0025004446506500244,True
4,119,1784807884.6869018,8,0.02010202407836914,0.0025127530097961426,True
4,120,1784807884.7074666,8,0.01858973503112793,0.002323716878890991,True
4,121,1784807884.7267416,8,0.022559165954589844,0.0028198957443237305,True
4,122,1784807884.7502003,8,0.01935887336730957,0.0024198591709136963,True
4,123,1784807884.770161,8,0.020426511764526367,0.002553313970565796,True
4,124,1784807884.790965,8,0.020085811614990234,0.0025107264518737793,True
4,125,1784807884.8117273,8,0.019711017608642578,0.0024638772010803223,True
4,126,1784807884.8318965,8,0.019353151321411133,0.0024191439151763916,True
4,127,1784807884.8515165,8,0.019759654998779297,0.002469956874847412,True
4,128,1784807884.8715827,8,0.02060389518737793,0.002575486898422241,True
4,129,1784807884.8927512,8,0.01965785026550293,0.002457231283187866,True
4,130,1784807884.9126909,8,0.019710063934326172,0.0024637579917907715,True
4,131,1784807884.932678,8,0.02058887481689453,0.0025736093521118164,True
4,132,1784807884.9537911,8,0.020713329315185547,0.0025891661643981934,True
4,133,1784807884.974782,8,0.020555496215820312,0.002569437026977539,True
4,134,1784807884.9957385,8,0.020145893096923828,0.0025182366371154785,True
4,135,1784807885.0162258,8,0.021304845809936523,0.0026631057262420654,True
4,136,1784807885.0379035,8,0.019384145736694336,0.002423018217086792,True
4,137,1784807885.0576181,8,0.020399808883666992,0.002549976110458374,True
4,138,1784807885.0785956,8,0.018840312957763672,0.002355039119720459,True
4,139,1784807885.097786,8,0.02037334442138672,0.00254666805267334,True
4,140,1784807885.1185415,8,0.019118785858154297,0.002389848232269287,True
4,141,1784807885.137984,8,0.01957416534423828,0.002446770668029785,True
4,142,1784807885.1579545,8,0.021585464477539062,0.002698183059692383,True
4,143,1784807885.1798408,8,0.020009279251098633,0.002501159906387329,True
4,144,1784807885.2003052,8,0.020615339279174805,0.0025769174098968506,True
4,145,1784807885.221336,8,0.019011259078979492,0.0023764073848724365,True
4,146,1784807885.241044,8,0.021038293838500977,0.002629786729812622,True
4,147,1784807885.2624176,8,0.02016615867614746,0.0025207698345184326,True
4,148,1784807885.2829494,8,0.021154403686523438,0.0026443004608154297,True
4,149,1784807885.3043642,8,0.0198061466217041,0.0024757683277130127,True
4,150,1784807885.3245826,8,0.0204317569732666,0.002553969621658325,True
4,151,1784807885.3453827,8,0.01973414421081543,0.0024667680263519287,True
4,152,1784807885.3654962,8,0.01996755599975586,0.0024959444999694824,True
4,153,1784807885.3858025,8,0.020247220993041992,0.002530902624130249,True
4,154,1784807885.4064076,8,0.019269227981567383,0.002408653497695923,True
4,155,1784807885.4260693,8,0.019463062286376953,0.002432882785797119,True
4,156,1784807885.4459097,8,0.020447731018066406,0.0025559663772583008,True
4,157,1784807885.4667284,8,0.020819664001464844,0.0026024580001831055,True
4,158,1784807885.4879508,8,0.01882195472717285,0.0023527443408966064,True
4,159,1784807885.5071013,8,0.019994258880615234,0.0024992823600769043,True
4,160,1784807885.527424,8,0.019588708877563477,0.0024485886096954346,True
4,161,1784807885.5476182,8,0.0214846134185791,0.0026855766773223877,True
4,162,1784807885.5708725,8,0.020204544067382812,0.0025255680084228516,True
4,163,1784807885.5913641,8,0.020459651947021484,0.0025574564933776855,True
4,164,1784807885.6122143,8,0.019164323806762695,0.002395540475845337,True
4,165,1784807885.6317418,8,0.01999974250793457,0.0024999678134918213,True
4,166,1784807885.6525173,8,0.020811080932617188,0.0026013851165771484,True
4,167,1784807885.6737823,8,0.020209789276123047,0.002526223659515381,True
4,168,1784807885.6944695,8,0.019025564193725586,0.0023781955242156982,True
4,169,1784807885.7138865,8,0.020326614379882812,0.0025408267974853516,True
4,170,1784807885.7347379,8,0.019861221313476562,0.0024826526641845703,True
4,171,1784807885.7549107,8,0.01984572410583496,0.00248071551322937,True
4,172,1784807885.7751443,8,0.02094244956970215,0.0026178061962127686,True
4,173,1784807885.7965837,8,0.020245790481567383,0.002530723810195923,True
4,174,1784807885.8172023,8,0.020737409591674805,0.0025921761989593506,True
4,175,1784807885.838898,8,0.018856287002563477,0.0023570358753204346,True
4,176,1784807885.8582492,8,0.0205080509185791,0.0025635063648223877,True
4,177,1784807885.8791242,8,0.019724607467651367,0.002465575933456421,True
4,178,1784807885.8991256,8,0.01865100860595703,0.002331376075744629,True
4,179,1784807885.918226,8,0.020067453384399414,0.0025084316730499268,True
4,180,1784807885.938637,8,0.019698381423950195,0.0024622976779937744,True
4,181,1784807885.9586208,8,0.02086639404296875,0.0026082992553710938,True
4,182,1784807885.9801888,8,0.024044275283813477,0.0030055344104766846,True
4,183,1784807886.005114,8,0.020425081253051758,0.0025531351566314697,True
4,184,1784807886.0258431,8,0.020601511001586914,0.0025751888751983643,True
4,185,1784807886.047256,8,0.020533323287963867,0.0025666654109954834,True
4,186,1784807886.0682383,8,0.020238637924194336,0.002529829740524292,True
4,187,1784807886.08889,8,0.020424842834472656,0.002553105354309082,True
4,188,1784807886.109993,8,0.01945805549621582,0.0024322569370269775,True
4,189,1784807886.1298666,8,0.020348072052001953,0.002543509006500244,True
4,190,1784807886.150607,8,0.018772125244140625,0.002346515655517578,True
4,191,1784807886.169893,8,0.018838882446289062,0.002354860305786133,True
4,192,1784807886.1892657,8,0.020144224166870117,0.0025180280208587646,True
4,193,1784807886.2104049,8,0.022240161895751953,0.002780020236968994,True
4,194,1784807886.233282,8,0.02069258689880371,0.002586573362350464,True
4,195,1784807886.25423,8,0.020049095153808594,0.0025061368942260742,True
4,196,1784807886.2749517,8,0.019575119018554688,0.002446889877319336,True
4,197,1784807886.295049,8,0.02024388313293457,0.0025304853916168213,True
4,198,1784807886.3156734,8,0.020850658416748047,0.002606332302093506,True
4,199,1784807886.3382616,8,0.020672321319580078,0.0025840401649475098,True
4,200,1784807886.3594317,8,0.02047562599182129,0.002559453248977661,True
4,201,1784807886.380343,8,0.022500991821289062,0.002812623977661133,True
4,202,1784807886.4032848,8,0.02025127410888672,0.00253140926361084,True
4,203,1784807886.4238913,8,0.019729137420654297,0.002466142177581787,True
4,204,1784807886.4440362,8,0.022047996520996094,0.0027559995651245117,True
4,205,1784807886.4666812,8,0.021662235260009766,0.0027077794075012207,True
4,206,1784807886.4889414,8,0.02312469482421875,0.0028905868530273438,True
4,207,1784807886.5126147,8,0.01970052719116211,0.0024625658988952637,True
4,208,1784807886.5328822,8,0.019803524017333984,0.002475440502166748,True
4,209,1784807886.5531535,8,0.020847082138061523,0.0026058852672576904,True
4,210,1784807886.5748484,8,0.019649744033813477,0.0024562180042266846,True
4,211,1784807886.59523,8,0.01927971839904785,0.0024099647998809814,True
4,212,1784807886.61485,8,0.019666671752929688,0.002458333969116211,True
4,213,1784807886.634895,8,0.01984882354736328,0.00248110294342041,True
4,214,1784807886.6552002,8,0.020337820053100586,0.0025422275066375732,True
4,215,1784807886.6765327,8,0.01961660385131836,0.002452075481414795,True
4,216,1784807886.6968539,8,0.01954364776611328,0.00244295597076416,True
4,217,1784807886.7168286,8,0.019520998001098633,0.002440124750137329,True
4,218,1784807886.7368772,8,0.01990365982055664,0.00248795747756958,True
4,219,1784807886.7573059,8,0.01976490020751953,0.0024706125259399414,True
4,220,1784807886.7773938,8,0.02054309844970703,0.002567887306213379,True
4,221,1784807886.798286,8,0.0188748836517334,0.002359360456466675,True
4,222,1784807886.8176377,8,0.01995992660522461,0.002494990825653076,True
4,223,1784807886.8381736,8,0.019423246383666992,0.002427905797958374,True
4,224,1784807886.8581495,8,0.020968198776245117,0.0026210248470306396,True
4,225,1784807886.879504,8,0.01908254623413086,0.0023853182792663574,True
4,226,1784807886.8989308,8,0.020626068115234375,0.002578258514404297,True
4,227,1784807886.9198508,8,0.019345521926879883,0.0024181902408599854,True
4,228,1784807886.9395196,8,0.02017831802368164,0.002522289752960205,True
4,229,1784807886.9601398,8,0.02041339874267578,0.0025516748428344727,True
4,230,1784807886.9809327,8,0.019434452056884766,0.0024293065071105957,True
4,231,1784807887.0008159,8,0.02246570587158203,0.002808213233947754,True
4,232,1784807887.0236201,8,0.019681453704833984,0.002460181713104248,True
4,233,1784807887.0437775,8,0.021861791610717773,0.0027327239513397217,True
4,234,1784807887.0660036,8,0.019771099090576172,0.0024713873863220215,True
4,235,1784807887.086116,8,0.021050214767456055,0.002631276845932007,True
4,236,1784807887.1075063,8,0.01937580108642578,0.0024219751358032227,True
4,237,1784807887.1271756,8,0.019507408142089844,0.0024384260177612305,True
4,238,1784807887.1472402,8,0.02159738540649414,0.0026996731758117676,True
4,239,1784807887.1692922,8,0.019819259643554688,0.002477407455444336,True
4,240,1784807887.1895945,8,0.021105289459228516,0.0026381611824035645,True
4,241,1784807887.2111638,8,0.019791603088378906,0.0024739503860473633,True
4,242,1784807887.2313132,8,0.02030324935913086,0.0025379061698913574,True
4,243,1784807887.2524567,8,0.020716428756713867,0.0025895535945892334,True
4,244,1784807887.2734458,8,0.02089214324951172,0.002611517906188965,True
4,245,1784807887.2947595,8,0.019608020782470703,0.002451002597808838,True
4,246,1784807887.314738,8,0.022820472717285156,0.0028525590896606445,True
4,247,1784807887.3384802,8,0.019684791564941406,0.0024605989456176758,True
4,248,1784807887.358687,8,0.0200958251953125,0.0025119781494140625,True
4,249,1784807887.379709,8,0.020072460174560547,0.0025090575218200684,True
4,250,1784807887.4004219,8,0.02206254005432129,0.002757817506790161,True
4,251,1784807887.4229453,8,0.020547866821289062,0.002568483352661133,True
4,252,1784807887.443815,8,0.01916027069091797,0.002395033836364746,True
4,253,1784807887.4633467,8,0.020455598831176758,0.0025569498538970947,True
4,254,1784807887.4841144,8,0.019669294357299805,0.0024586617946624756,True
4,255,1784807887.5041332,8,0.019633769989013672,0.002454221248626709,True
4,256,1784807887.5243838,8,0.020752668380737305,0.002594083547592163,True
4,257,1784807887.5455258,8,0.020237445831298828,0.0025296807289123535,True
4,258,1784807887.5663285,8,0.020541667938232422,0.0025677084922790527,True
4,259,1784807887.5872293,8,0.019230365753173828,0.0024037957191467285,True
4,260,1784807887.6067772,8,0.02099132537841797,0.002623915672302246,True
4,261,1784807887.6281798,8,0.01876378059387207,0.002345472574234009,True
4,262,1784807887.647312,8,0.020677804946899414,0.0025847256183624268,True
4,263,1784807887.6683474,8,0.020932912826538086,0.0026166141033172607,True
4,264,1784807887.689763,8,0.022823095321655273,0.002852886915206909,True
4,265,1784807887.7130811,8,0.01868915557861328,0.00233614444732666,True
4,266,1784807887.7321436,8,0.02033686637878418,0.0025421082973480225,True
4,267,1784807887.7530525,8,0.01930522918701172,0.002413153648376465,True
4,268,1784807887.772704,8,0.019276142120361328,0.002409517765045166,True
4,269,1784807887.7926285,8,0.01940774917602539,0.002425968647003174,True
4,270,1784807887.8124886,8,0.020044326782226562,0.0025055408477783203,True
4,271,1784807887.8332052,8,0.020978212356567383,0.002622276544570923,True
4,272,1784807887.8545802,8,0.0205841064453125,0.0025730133056640625,True
4,273,1784807887.8755932,8,0.018691539764404297,0.002336442470550537,True
4,274,1784807887.8946562,8,0.018881559371948242,0.0023601949214935303,True
4,275,1784807887.9140098,8,0.020515918731689453,0.0025644898414611816,True
4,276,1784807887.9350364,8,0.02014446258544922,0.0025180578231811523,True
4,277,1784807887.9555776,8,0.019181251525878906,0.0023976564407348633,True
4,278,1784807887.9750597,8,0.02005314826965332,0.002506643533706665,True
4,279,1784807887.9955325,8,0.020093679428100586,0.0025117099285125732,True
4,280,1784807888.0159526,8,0.020284652709960938,0.002535581588745117,True
4,281,1784807888.036627,8,0.019608020782470703,0.002451002597808838,True
4,282,1784807888.0566282,8,0.01930403709411621,0.0024130046367645264,True
4,283,1784807888.0762908,8,0.020909786224365234,0.0026137232780456543,True
4,284,1784807888.0975292,8,0.02107405662536621,0.0026342570781707764,True
4,285,1784807888.1190565,8,0.018837928771972656,0.002354741096496582,True
4,286,1784807888.13832,8,0.02088618278503418,0.0026107728481292725,True
4,287,1784807888.1599257,8,0.021152734756469727,0.002644091844558716,True
4,288,1784807888.181486,8,0.01841425895690918,0.0023017823696136475,True
4,289,1784807888.200197,8,0.01963186264038086,0.0024539828300476074,True
4,290,1784807888.2201738,8,0.020203590393066406,0.0025254487991333008,True
4,291,1784807888.2406774,8,0.01889944076538086,0.0023624300956726074,True
4,292,1784807888.260427,8,0.0212249755859375,0.0026531219482421875,True
4,293,1784807888.282334,8,0.019422054290771484,0.0024277567863464355,True
4,294,1784807888.3021278,8,0.01842665672302246,0.0023033320903778076,True
4,295,1784807888.320874,8,0.020058631896972656,0.002507328987121582,True
4,296,1784807888.3413217,8,0.0188443660736084,0.00235554575920105,True
4,297,1784807888.360606,8,0.020745515823364258,0.0025931894779205322,True
4,298,1784807888.3820753,8,0.021092891693115234,0.0026366114616394043,True
4,299,1784807888.4035573,8,0.019672155380249023,0.002459019422531128,True
4,300,1784807888.4236126,8,0.020452022552490234,0.0025565028190612793,True
4,301,1784807888.4444373,8,0.021200180053710938,0.002650022506713867,True
4,302,1784807888.4660156,8,0.021859407424926758,0.0027324259281158447,True
4,303,1784807888.488572,8,0.019385814666748047,0.002423226833343506,True
4,304,1784807888.5087395,8,0.023146629333496094,0.0028933286666870117,True
4,305,1784807888.5324779,8,0.018931865692138672,0.002366483211517334,True
4,306,1784807888.551725,8,0.02099299430847168,0.00262412428855896,True
4,307,1784807888.5731604,8,0.02039647102355957,0.0025495588779449463,True
4,308,1784807888.5941029,8,0.01854252815246582,0.0023178160190582275,True
4,309,1784807888.6131444,8,0.020592212677001953,0.002574026584625244,True
4,310,1784807888.6346033,8,0.0198671817779541,0.0024833977222442627,True
4,311,1784807888.6555598,8,0.02013683319091797,0.002517104148864746,True
4,312,1784807888.676144,8,0.02007770538330078,0.0025097131729125977,True
4,313,1784807888.696611,8,0.02062678337097168,0.00257834792137146,True
4,314,1784807888.7176168,8,0.019898653030395508,0.0024873316287994385,True
4,315,1784807888.7379553,8,0.01970076560974121,0.0024625957012176514,True
4,316,1784807888.758947,8,0.022427797317504883,0.0028034746646881104,True
4,317,1784807888.78184,8,0.019787311553955078,0.0024734139442443848,True
4,318,1784807888.8019462,8,0.01989126205444336,0.00248640775680542,True
4,319,1784807888.8222566,8,0.0199739933013916,0.00249674916267395,True
4,320,1784807888.8426585,8,0.020580530166625977,0.002572566270828247,True
4,321,1784807888.8636236,8,0.021141529083251953,0.002642691135406494,True
4,322,1784807888.8858352,8,0.0197145938873291,0.0024643242359161377,True
4,323,1784807888.9062405,8,0.019039392471313477,0.0023799240589141846,True
4,324,1784807888.9256604,8,0.01981830596923828,0.002477288246154785,True
4,325,1784807888.945916,8,0.020304441452026367,0.002538055181503296,True
4,326,1784807888.9666414,8,0.0176541805267334,0.002206772565841675,True
4,327,1784807888.9846094,8,0.021336793899536133,0.0026670992374420166,True
4,328,1784807889.0063567,8,0.01853013038635254,0.0023162662982940674,True
4,329,1784807889.0252118,8,0.020641088485717773,0.0025801360607147217,True
4,330,1784807889.0463521,8,0.018738985061645508,0.0023423731327056885,True
4,331,1784807889.0655627,8,0.01969313621520996,0.002461642026901245,True
4,332,1784807889.0855713,8,0.019772052764892578,0.0024715065956115723,True
4,333,1784807889.1056402,8,0.021235942840576172,0.0026544928550720215,True
4,334,1784807889.127286,8,0.01827836036682129,0.002284795045852661,True
4,335,1784807889.1458955,8,0.020461559295654297,0.002557694911956787,True
4,336,1784807889.1667407,8,0.019185304641723633,0.002398163080215454,True
4,337,1784807889.1862578,8,0.01951003074645996,0.002438753843307495,True
4,338,1784807889.2060473,8,0.02232217788696289,0.0027902722358703613,True
4,339,1784807889.2292023,8,0.020227670669555664,0.002528458833694458,True
4,340,1784807889.24985,8,0.019588470458984375,0.002448558807373047,True
4,341,1784807889.2697449,8,0.02014899253845215,0.0025186240673065186,True
4,342,1784807889.2903457,8,0.02095937728881836,0.002619922161102295,True
4,343,1784807889.3116047,8,0.02053093910217285,0.0025663673877716064,True
4,344,1784807889.333309,8,0.019855499267578125,0.0024819374084472656,True
4,345,1784807889.353828,8,0.020159482955932617,0.002519935369491577,True
4,346,1784807889.3743958,8,0.0183563232421875,0.0022945404052734375,True
4,347,1784807889.3932583,8,0.02243947982788086,0.0028049349784851074,True
4,348,1784807889.4163272,8,0.01754617691040039,0.002193272113800049,True
4,349,1784807889.4344616,8,0.018275737762451172,0.0022844672203063965,True
4,350,1784807889.453226,8,0.01871800422668457,0.0023397505283355713,True
4,351,1784807889.4722338,8,0.021402835845947266,0.002675354480743408,True
4,352,1784807889.4939427,8,0.020540237426757812,0.0025675296783447266,True
4,353,1784807889.515041,8,0.018468618392944336,0.002308577299118042,True
4,354,1784807889.5337782,8,0.02053236961364746,0.0025665462017059326,True
4,355,1784807889.5549757,8,0.021129608154296875,0.0026412010192871094,True
4,356,1784807889.5774736,8,0.01940464973449707,0.002425581216812134,True
4,357,1784807889.5973094,8,0.021003246307373047,0.002625405788421631,True
4,358,1784807889.6187272,8,0.02082347869873047,0.0026029348373413086,True
4,359,1784807889.6400063,8,0.020212411880493164,0.0025265514850616455,True
4,360,1784807889.6607065,8,0.021071672439575195,0.0026339590549468994,True
4,361,1784807889.6822252,8,0.020437240600585938,0.002554655075073242,True
4,362,1784807889.703152,8,0.020618915557861328,0.002577364444732666,True
4,363,1784807889.7244282,8,0.020565509796142578,0.0025706887245178223,True
4,364,1784807889.7454715,8,0.020079612731933594,0.0025099515914916992,True
4,365,1784807889.76591,8,0.020479679107666016,0.002559959888458252,True
4,366,1784807889.786886,8,0.019438505172729492,0.0024298131465911865,True
4,367,1784807889.8066983,8,0.018229007720947266,0.002278625965118408,True
4,368,1784807889.8252313,8,0.022098064422607422,0.0027622580528259277,True
4,369,1784807889.848171,8,0.021996021270751953,0.002749502658843994,True
4,370,1784807889.8705158,8,0.02028679847717285,0.0025358498096466064,True
4,371,1784807889.8911717,8,0.02346324920654297,0.002932906150817871,True
4,372,1784807889.9157686,8,0.019016027450561523,0.0023770034313201904,True
4,373,1784807889.935445,8,0.019771575927734375,0.002471446990966797,True
4,374,1784807889.955651,8,0.018167972564697266,0.002270996570587158,True
4,375,1784807889.9742186,8,0.021558523178100586,0.0026948153972625732,True
4,376,1784807889.99625,8,0.021112442016601562,0.0026390552520751953,True
4,377,1784807890.017642,8,0.0195004940032959,0.0024375617504119873,True
4,378,1784807890.0375755,8,0.020443439483642578,0.0025554299354553223,True
4,379,1784807890.058565,8,0.022026538848876953,0.002753317356109619,True
4,380,1784807890.0808892,8,0.020757198333740234,0.0025946497917175293,True
4,381,1784807890.1021848,8,0.019498825073242188,0.0024373531341552734,True
4,382,1784807890.1220665,8,0.023145675659179688,0.002893209457397461,True
4,383,1784807890.1457918,8,0.019570350646972656,0.002446293830871582,True
4,384,1784807890.165755,8,0.020627260208129883,0.0025784075260162354,True
4,385,1784807890.186711,8,0.019730091094970703,0.002466261386871338,True
4,386,1784807890.2074955,8,0.02096843719482422,0.0026210546493530273,True
4,387,1784807890.2289417,8,0.019754409790039062,0.002469301223754883,True
4,388,1784807890.2492206,8,0.02094888687133789,0.0026186108589172363,True
4,389,1784807890.2705255,8,0.020606517791748047,0.002575814723968506,True
4,390,1784807890.2914,8,0.01877117156982422,0.0023463964462280273,True
4,391,1784807890.310476,8,0.019820213317871094,0.0024775266647338867,True
4,392,1784807890.3316748,8,0.021570920944213867,0.0026963651180267334,True
4,393,1784807890.3537605,8,0.018357276916503906,0.0022946596145629883,True
4,394,1784807890.372617,8,0.020860910415649414,0.0026076138019561768,True
4,395,1784807890.3939793,8,0.01966691017150879,0.0024583637714385986,True
4,396,1784807890.4141996,8,0.02022242546081543,0.0025278031826019287,True
4,397,1784807890.4348464,8,0.01921558380126953,0.0024019479751586914,True
4,398,1784807890.454426,8,0.02001500129699707,0.002501875162124634,True
4,399,1784807890.4747071,8,0.020407438278198242,0.0025509297847747803,True
4,400,1784807890.4957936,8,0.020416259765625,0.002552032470703125,True
4,401,1784807890.5166404,8,0.019927024841308594,0.0024908781051635742,True
4,402,1784807890.537797,8,0.02004551887512207,0.002505689859390259,True
4,403,1784807890.5585957,8,0.01979207992553711,0.0024740099906921387,True
4,404,1784807890.5787418,8,0.01919722557067871,0.002399653196334839,True
4,405,1784807890.598328,8,0.021275758743286133,0.0026594698429107666,True
4,406,1784807890.6202242,8,0.0214688777923584,0.0026836097240448,True
4,407,1784807890.6422138,8,0.019381284713745117,0.0024226605892181396,True
4,408,1784807890.662036,8,0.02186107635498047,0.0027326345443725586,True
4,409,1784807890.6847353,8,0.020907878875732422,0.0026134848594665527,True
4,410,1784807890.7060745,8,0.020739078521728516,0.0025923848152160645,True
4,411,1784807890.7272053,8,0.02055668830871582,0.0025695860385894775,True
4,412,1784807890.748621,8,0.019637346267700195,0.0024546682834625244,True
4,413,1784807890.7695897,8,0.01979351043701172,0.002474188804626465,True
4,414,1784807890.7898855,8,0.019924402236938477,0.0024905502796173096,True
4,415,1784807890.8103368,8,0.020819664001464844,0.0026024580001831055,True
4,416,1784807890.8315568,8,0.020355224609375,0.002544403076171875,True
4,417,1784807890.8523324,8,0.01957416534423828,0.002446770668029785,True
4,418,1784807890.8724241,8,0.01884627342224121,0.0023557841777801514,True
4,419,1784807890.891733,8,0.020952939987182617,0.002619117498397827,True
4,420,1784807890.913053,8,0.02334141731262207,0.002917677164077759,True
4,421,1784807890.9373598,8,0.018515825271606445,0.0023144781589508057,True
4,422,1784807890.9563172,8,0.02187943458557129,0.002734929323196411,True
4,423,1784807890.978819,8,0.018658876419067383,0.002332359552383423,True
4,424,1784807890.9978104,8,0.019752025604248047,0.002469003200531006,True
4,425,1784807891.018512,8,0.01983952522277832,0.00247994065284729,True
4,426,1784807891.0388153,8,0.019970417022705078,0.0024963021278381348,True
4,427,1784807891.059041,8,0.021806955337524414,0.0027258694171905518,True
4,428,1784807891.0816333,8,0.018743515014648438,0.0023429393768310547,True
4,429,1784807891.1007469,8,0.02048659324645996,0.002560824155807495,True
4,430,1784807891.121666,8,0.021074771881103516,0.0026343464851379395,True
4,431,1784807891.1432242,8,0.018848657608032227,0.0023560822010040283,True
4,432,1784807891.1624954,8,0.020059585571289062,0.002507448196411133,True
4,433,1784807891.1829462,8,0.020376205444335938,0.002547025680541992,True
4,434,1784807891.2037299,8,0.02004075050354004,0.002505093812942505,True
4,435,1784807891.2242188,8,0.02034616470336914,0.0025432705879211426,True
4,436,1784807891.2450933,8,0.019992589950561523,0.0024990737438201904,True
4,437,1784807891.2655063,8,0.020478248596191406,0.0025597810745239258,True
4,438,1784807891.2866685,8,0.01984119415283203,0.002480149269104004,True
4,439,1784807891.3069499,8,0.019939184188842773,0.0024923980236053467,True
4,440,1784807891.3274097,8,0.022182464599609375,0.002772808074951172,True
4,441,1784807891.3504965,8,0.019138097763061523,0.0023922622203826904,True
4,442,1784807891.3700588,8,0.019527673721313477,0.0024409592151641846,True
4,443,1784807891.389928,8,0.02185654640197754,0.0027320683002471924,True
4,444,1784807891.4121816,8,0.020160675048828125,0.0025200843811035156,True
4,445,1784807891.432719,8,0.020088911056518555,0.0025111138820648193,True
4,446,1784807891.4531715,8,0.018585920333862305,0.002323240041732788,True
4,447,1784807891.472337,8,0.020522117614746094,0.0025652647018432617,True
4,448,1784807891.4937723,8,0.021172523498535156,0.0026465654373168945,True
4,449,1784807891.515313,8,0.020259380340576172,0.0025324225425720215,True
4,450,1784807891.5358713,8,0.020340442657470703,0.002542555332183838,True
4,451,1784807891.5574374,8,0.021380186080932617,0.002672523260116577,True
4,452,1784807891.5792274,8,0.021272659301757812,0.0026590824127197266,True
4,453,1784807891.6013215,8,0.020592451095581055,0.002574056386947632,True
4,454,1784807891.6223423,8,0.019444942474365234,0.0024306178092956543,True
4,455,1784807891.6427095,8,0.023422956466674805,0.0029278695583343506,True
4,456,1784807891.6672466,8,0.021125316619873047,0.002640664577484131,True
4,457,1784807891.6888862,8,0.021031856536865234,0.0026289820671081543,True
4,458,1784807891.7112267,8,0.0199887752532959,0.0024985969066619873,True
4,459,1784807891.7316298,8,0.020684242248535156,0.0025855302810668945,True
4,460,1784807891.7528198,8,0.022285938262939453,0.0027857422828674316,True
4,461,1784807891.7759726,8,0.021447420120239258,0.0026809275150299072,True
4,462,1784807891.7979097,8,0.020144224166870117,0.0025180280208587646,True
4,463,1784807891.8185325,8,0.02109503746032715,0.0026368796825408936,True
4,464,1784807891.8400984,8,0.020518064498901367,0.002564758062362671,True
4,465,1784807891.8610542,8,0.021351099014282227,0.0026688873767852783,True
4,466,1784807891.8831258,8,0.01866316795349121,0.0023328959941864014,True
4,467,1784807891.9026127,8,0.018733501434326172,0.0023416876792907715,True
4,468,1784807891.922148,8,0.019736051559448242,0.0024670064449310303,True
4,469,1784807891.9424782,8,0.020801544189453125,0.0026001930236816406,True
4,470,1784807891.963573,8,0.019725561141967773,0.0024656951427459717,True
4,471,1784807891.9837954,8,0.019122600555419922,0.0023903250694274902,True
4,472,1784807892.003248,8,0.020370006561279297,0.002546250820159912,True
4,473,1784807892.024192,8,0.01892709732055664,0.00236588716506958,True
4,474,1784807892.0435414,8,0.019398927688598633,0.002424865961074829,True
4,475,1784807892.0635185,8,0.02120661735534668,0.002650827169418335,True
4,476,1784807892.0852258,8,0.021426677703857422,0.0026783347129821777,True
4,477,1784807892.1070046,8,0.019626855850219727,0.002453356981277466,True
4,478,1784807892.1270704,8,0.019529104232788086,0.0024411380290985107,True
4,479,1784807892.1471536,8,0.019670724868774414,0.0024588406085968018,True
4,480,1784807892.1673856,8,0.019799232482910156,0.0024749040603637695,True
4,481,1784807892.1875644,8,0.018800973892211914,0.0023501217365264893,True
4,482,1784807892.2074127,8,0.019977331161499023,0.002497166395187378,True
4,483,1784807892.2276955,8,0.0198214054107666,0.002477675676345825,True
4,484,1784807892.2478108,8,0.01896190643310547,0.0023702383041381836,True
4,485,1784807892.2674115,8,0.022546052932739258,0.0028182566165924072,True
4,486,1784807892.290302,8,0.019417762756347656,0.002427220344543457,True
4,487,1784807892.3106043,8,0.01847553253173828,0.002309441566467285,True
4,488,1784807892.3294604,8,0.02071404457092285,0.0025892555713653564,True
4,489,1784807892.3507404,8,0.019245147705078125,0.0024056434631347656,True
4,490,1784807892.370735,8,0.020534038543701172,0.0025667548179626465,True
4,491,1784807892.3918192,8,0.02012157440185547,0.0025151968002319336,True
4,492,1784807892.4122446,8,0.020457029342651367,0.002557128667831421,True
4,493,1784807892.4338307,8,0.020801544189453125,0.0026001930236816406,True
4,494,1784807892.4553368,8,0.020525455474853516,0.0025656819343566895,True
4,495,1784807892.4764345,8,0.019899368286132812,0.0024874210357666016,True
4,496,1784807892.4967034,8,0.01967930793762207,0.002459913492202759,True
4,497,1784807892.517296,8,0.02018880844116211,0.0025236010551452637,True
4,498,1784807892.5378685,8,0.020079851150512695,0.002509981393814087,True
4,499,1784807892.5583184,8,0.020850658416748047,0.002606332302093506,True
4,500,1784807892.579533,8,0.01838231086730957,0.0022977888584136963,True
4,501,1784807892.5983658,8,0.019129276275634766,0.0023911595344543457,True
4,502,1784807892.6178672,8,0.019059181213378906,0.0023823976516723633,True
4,503,1784807892.637244,8,0.019958972930908203,0.0024948716163635254,True
4,504,1784807892.6577282,8,0.022113800048828125,0.0027642250061035156,True
4,505,1784807892.6802332,8,0.021184206008911133,0.0026480257511138916,True
4,506,1784807892.7018938,8,0.018844127655029297,0.002355515956878662,True
4,507,1784807892.7210183,8,0.02205491065979004,0.002756863832473755,True
4,508,1784807892.7435105,8,0.01947331428527832,0.00243416428565979,True
4,509,1784807892.763439,8,0.021716833114624023,0.002714604139328003,True
4,510,1784807892.785616,8,0.019263505935668945,0.002407938241958618,True
4,511,1784807892.8053932,8,0.019572019577026367,0.002446502447128296,True
4,512,1784807892.8252788,8,0.020008087158203125,0.0025010108947753906,True
4,513,1784807892.8456337,8,0.02213144302368164,0.002766430377960205,True
4,514,1784807892.8681264,8,0.022248268127441406,0.0027810335159301758,True
4,515,1784807892.8912866,8,0.020240068435668945,0.002530008554458618,True
4,516,1784807892.9120386,8,0.01886606216430664,0.00235825777053833,True
4,517,1784807892.9313772,8,0.01974773406982422,0.0024684667587280273,True
4,518,1784807892.9518633,8,0.02325439453125,0.00290679931640625,True
4,519,1784807892.9754589,8,0.0197446346282959,0.0024680793285369873,True
4,520,1784807892.9957778,8,0.018837928771972656,0.002354741096496582,True
4,521,1784807893.0149567,8,0.019176244735717773,0.0023970305919647217,True
4,522,1784807893.0345833,8,0.02169179916381836,0.002711474895477295,True
4,523,1784807893.0567684,8,0.019068002700805664,0.002383500337600708,True
4,524,1784807893.0763228,8,0.0197908878326416,0.0024738609790802,True
4,525,1784807893.0967512,8,0.020145416259765625,0.002518177032470703,True
4,526,1784807893.1174397,8,0.022089481353759766,0.0027611851692199707,True
4,527,1784807893.1399279,8,0.019618749618530273,0.002452343702316284,True
4,528,1784807893.1599085,8,0.0205380916595459,0.0025672614574432373,True
4,529,1784807893.180817,8,0.018486499786376953,0.002310812473297119,True
4,530,1784807893.199587,8,0.018667936325073242,0.0023334920406341553,True
4,531,1784807893.2186613,8,0.020011425018310547,0.0025014281272888184,True
4,532,1784807893.2393498,8,0.021739721298217773,0.0027174651622772217,True
4,533,1784807893.2614152,8,0.01862502098083496,0.00232812762260437,True
4,534,1784807893.2807379,8,0.020990371704101562,0.0026237964630126953,True
4,535,1784807893.3023133,8,0.02009415626525879,0.0025117695331573486,True
4,536,1784807893.323167,8,0.019533872604370117,0.0024417340755462646,True
4,537,1784807893.3431067,8,0.022541046142578125,0.0028176307678222656,True
4,538,1784807893.3659759,8,0.01728677749633789,0.0021608471870422363,True
4,539,1784807893.3835828,8,0.019039154052734375,0.002379894256591797,True
4,540,1784807893.4035676,8,0.019838809967041016,0.002479851245880127,True
4,541,1784807893.424319,8,0.018558979034423828,0.0023198723793029785,True
4,542,1784807893.443305,8,0.019785642623901367,0.002473205327987671,True
4,543,1784807893.4634717,8,0.020029544830322266,0.002503693103790283,True
4,544,1784807893.4839106,8,0.021680593490600586,0.0027100741863250732,True
4,545,1784807893.5059843,8,0.019778966903686523,0.0024723708629608154,True
4,546,1784807893.526485,8,0.020931720733642578,0.0026164650917053223,True
4,547,1784807893.5496705,8,0.019386768341064453,0.0024233460426330566,True
4,548,1784807893.569804,8,0.018202781677246094,0.0022753477096557617,True
4,549,1784807893.588488,8,0.020309925079345703,0.002538740634918213,True
4,550,1784807893.6091745,8,0.01951313018798828,0.002439141273498535,True
4,551,1784807893.629292,8,0.02008223533630371,0.002510279417037964,True
4,552,1784807893.649705,8,0.01876235008239746,0.0023452937602996826,True
4,553,1784807893.6694293,8,0.018418550491333008,0.002302318811416626,True
4,554,1784807893.6886077,8,0.020281314849853516,0.0025351643562316895,True
4,555,1784807893.7093244,8,0.02037215232849121,0.0025465190410614014,True
4,556,1784807893.730072,8,0.019275665283203125,0.0024094581604003906,True
4,557,1784807893.749661,8,0.021296024322509766,0.0026620030403137207,True
4,558,1784807893.7720942,8,0.018697500228881836,0.0023371875286102295,True
4,559,1784807893.7912986,8,0.021124839782714844,0.0026406049728393555,True
4,560,1784807893.812797,8,0.020754337310791016,0.002594292163848877,True
4,561,1784807893.8340917,8,0.01934671401977539,0.002418339252471924,True
4,562,1784807893.8538184,8,0.022925376892089844,0.0028656721115112305,True
4,563,1784807893.878938,8,0.01847982406616211,0.0023099780082702637,True
4,564,1784807893.8981388,8,0.020302772521972656,0.002537846565246582,True
4,565,1784807893.9188921,8,0.021448612213134766,0.0026810765266418457,True
4,566,1784807893.941922,8,0.02024531364440918,0.0025306642055511475,True
4,567,1784807893.9629207,8,0.019024133682250977,0.002378016710281372,True
4,568,1784807893.9823205,8,0.022218942642211914,0.0027773678302764893,True
4,569,1784807894.0050619,8,0.01967906951904297,0.002459883689880371,True
4,570,1784807894.0252473,8,0.021036863327026367,0.002629607915878296,True
4,571,1784807894.047081,8,0.019849777221679688,0.002481222152709961,True
4,572,1784807894.0672536,8,0.021561861038208008,0.002695232629776001,True
4,573,1784807894.089231,8,0.019253253936767578,0.0024066567420959473,True
4,574,1784807894.108821,8,0.01952362060546875,0.0024404525756835938,True
4,575,1784807894.1287086,8,0.019572734832763672,0.002446591854095459,True
4,576,1784807894.1487353,8,0.018900394439697266,0.002362549304962158,True
4,577,1784807894.168504,8,0.021842241287231445,0.0027302801609039307,True
4,578,1784807894.190758,8,0.019701719284057617,0.002462714910507202,True
4,579,1784807894.2107642,8,0.02127218246459961,0.002659022808074951,True
4,580,1784807894.2324846,8,0.019988059997558594,0.0024985074996948242,True
4,581,1784807894.2527757,8,0.019801616668701172,0.0024752020835876465,True
4,582,1784807894.2729473,8,0.01950669288635254,0.0024383366107940674,True
4,583,1784807894.2932217,8,0.01994156837463379,0.0024926960468292236,True
4,584,1784807894.3137534,8,0.018854141235351562,0.0023567676544189453,True
4,585,1784807894.3329492,8,0.01878499984741211,0.0023481249809265137,True
4,586,1784807894.352,8,0.021376371383666992,0.002672046422958374,True
4,587,1784807894.3738718,8,0.02072000503540039,0.002590000629425049,True
4,588,1784807894.395285,8,0.019261837005615234,0.0024077296257019043,True
4,589,1784807894.4148507,8,0.021008729934692383,0.002626091241836548,True
4,590,1784807894.4363797,8,0.021460533142089844,0.0026825666427612305,True
4,591,1784807894.4581952,8,0.01927018165588379,0.0024087727069854736,True
4,592,1784807894.4779575,8,0.021158456802368164,0.0026448071002960205,True
4,593,1784807894.4998944,8,0.018463611602783203,0.0023079514503479004,True
4,594,1784807894.5188043,8,0.020095348358154297,0.002511918544769287,True
4,595,1784807894.5393355,8,0.019853830337524414,0.0024817287921905518,True
4,596,1784807894.560696,8,0.01839303970336914,0.0022991299629211426,True
4,597,1784807894.5794446,8,0.02070903778076172,0.002588629722595215,True
4,598,1784807894.6004918,8,0.019730329513549805,0.0024662911891937256,True
4,599,1784807894.6211703,8,0.018375635147094727,0.002296954393386841,True
4,600,1784807894.6399207,8,0.021099567413330078,0.0026374459266662598,True
4,601,1784807894.661531,8,0.020448923110961914,0.0025561153888702393,True
4,602,1784807894.6824577,8,0.018921852111816406,0.0023652315139770508,True
4,603,1784807894.7016985,8,0.0187380313873291,0.0023422539234161377,True
4,604,1784807894.7209625,8,0.020432472229003906,0.0025540590286254883,True
4,605,1784807894.7421656,8,0.020241260528564453,0.0025301575660705566,True
4,606,1784807894.7633235,8,0.019565343856811523,0.0024456679821014404,True
4,607,1784807894.783194,8,0.01891326904296875,0.0023641586303710938,True
4,608,1784807894.8026063,8,0.018731355667114258,0.0023414194583892822,True
4,609,1784807894.8216395,8,0.020403623580932617,0.002550452947616577,True
4,610,1784807894.8426685,8,0.0208737850189209,0.0026092231273651123,True
4,611,1784807894.86395,8,0.019843339920043945,0.002480417490005493,True
4,612,1784807894.884931,8,0.021575450897216797,0.0026969313621520996,True
4,613,1784807894.9077559,8,0.019498825073242188,0.0024373531341552734,True
4,614,1784807894.927717,8,0.021128177642822266,0.002641022205352783,True
4,615,1784807894.9497907,8,0.019600868225097656,0.002450108528137207,True
4,616,1784807894.9709542,8,0.020453453063964844,0.0025566816329956055,True
4,617,1784807894.9921563,8,0.020943880081176758,0.0026179850101470947,True
4,618,1784807895.0135279,8,0.021481752395629883,0.0026852190494537354,True
4,619,1784807895.036043,8,0.020994186401367188,0.0026242733001708984,True
4,620,1784807895.0574224,8,0.01948237419128418,0.0024352967739105225,True
4,621,1784807895.0773084,8,0.02140522003173828,0.002675652503967285,True
4,622,1784807895.0994222,8,0.019412755966186523,0.0024265944957733154,True
4,623,1784807895.1192763,8,0.019925594329833984,0.002490699291229248,True
4,624,1784807895.1396122,8,0.01949453353881836,0.002436816692352295,True
4,625,1784807895.1598773,8,0.019953489303588867,0.0024941861629486084,True
4,626,1784807895.180352,8,0.021049976348876953,0.002631247043609619,True
4,627,1784807895.2027078,8,0.02005743980407715,0.0025071799755096436,True
4,628,1784807895.2234347,8,0.01955127716064453,0.0024439096450805664,True
4,629,1784807895.2432716,8,0.020730972290039062,0.002591371536254883,True
4,630,1784807895.2643955,8,0.01976299285888672,0.00247037410736084,True
4,631,1784807895.2846382,8,0.020447969436645508,0.0025559961795806885,True
4,632,1784807895.3055227,8,0.020542621612548828,0.0025678277015686035,True
4,633,1784807895.3265119,8,0.019151687622070312,0.002393960952758789,True
4,634,1784807895.3463175,8,0.019845008850097656,0.002480626106262207,True
4,635,1784807895.366522,8,0.02044367790222168,0.00255545973777771,True
4,636,1784807895.3873973,8,0.02043604850769043,0.0025545060634613037,True
4,637,1784807895.408167,8,0.019026517868041992,0.002378314733505249,True
4,638,1784807895.4276693,8,0.019174575805664062,0.002396821975708008,True
4,639,1784807895.4472055,8,0.01936030387878418,0.0024200379848480225,True
4,640,1784807895.4669974,8,0.020089387893676758,0.0025111734867095947,True
4,641,1784807895.4878078,8,0.01853799819946289,0.0023172497749328613,True
4,642,1784807895.5066235,8,0.01956915855407715,0.0024461448192596436,True
4,643,1784807895.526545,8,0.01985955238342285,0.0024824440479278564,True
4,644,1784807895.5467079,8,0.019188880920410156,0.0023986101150512695,True
4,645,1784807895.5661798,8,0.020893096923828125,0.0026116371154785156,True
4,646,1784807895.5874815,8,0.018387317657470703,0.002298414707183838,True
4,647,1784807895.6061745,8,0.022188901901245117,0.0027736127376556396,True
4,648,1784807895.6288292,8,0.019881725311279297,0.002485215663909912,True
4,649,1784807895.649125,8,0.020153284072875977,0.002519160509109497,True
4,650,1784807895.6696427,8,0.022520065307617188,0.0028150081634521484,True
4,651,1784807895.6927204,8,0.0192868709564209,0.0024108588695526123,True
4,652,1784807895.7124119,8,0.018942594528198242,0.0023678243160247803,True
4,653,1784807895.7316434,8,0.020031452178955078,0.0025039315223693848,True
4,654,1784807895.7524922,8,0.019336462020874023,0.002417057752609253,True
4,655,1784807895.7726383,8,0.019733667373657227,0.0024667084217071533,True
4,656,1784807895.793602,8,0.01987600326538086,0.0024845004081726074,True
4,657,1784807895.8139315,8,0.02139759063720703,0.002674698829650879,True
4,658,1784807895.8358743,8,0.020788908004760742,0.0025986135005950928,True
4,659,1784807895.857245,8,0.020205974578857422,0.0025257468223571777,True
4,660,1784807895.8781095,8,0.018969297409057617,0.002371162176132202,True
4,661,1784807895.8975513,8,0.019646644592285156,0.0024558305740356445,True
4,662,1784807895.9181054,8,0.020582199096679688,0.002572774887084961,True
4,663,1784807895.9393816,8,0.020236492156982422,0.0025295615196228027,True
4,664,1784807895.9603086,8,0.021959543228149414,0.0027449429035186768,True
4,665,1784807895.9826646,8,0.019386768341064453,0.0024233460426330566,True
4,666,1784807896.0025496,8,0.02042555809020996,0.002553194761276245,True
4,667,1784807896.023667,8,0.01947808265686035,0.002434760332107544,True
4,668,1784807896.043423,8,0.020225048065185547,0.0025281310081481934,True
4,669,1784807896.0640674,8,0.02091050148010254,0.0026138126850128174,True
4,670,1784807896.0854023,8,0.020562410354614258,0.0025703012943267822,True
4,671,1784807896.106445,8,0.019266128540039062,0.002408266067504883,True
4,672,1784807896.1260548,8,0.020633459091186523,0.0025791823863983154,True
4,673,1784807896.1471014,8,0.01906728744506836,0.002383410930633545,True
4,674,1784807896.1667225,8,0.021435022354125977,0.002679377794265747,True
4,675,1784807896.1889381,8,0.019530057907104492,0.0024412572383880615,True
4,676,1784807896.2090654,8,0.018582820892333984,0.002322852611541748,True
4,677,1784807896.2284005,8,0.021120786666870117,0.0026400983333587646,True
4,678,1784807896.2501097,8,0.02058887481689453,0.0025736093521118164,True
4,679,1784807896.2711165,8,0.021230697631835938,0.002653837203979492,True
4,680,1784807896.292763,8,0.0188138484954834,0.002351731061935425,True
4,681,1784807896.3123374,8,0.02160930633544922,0.0027011632919311523,True
4,682,1784807896.334419,8,0.021013975143432617,0.002626746892929077,True
4,683,1784807896.3558064,8,0.019039154052734375,0.002379894256591797,True
4,684,1784807896.3751762,8,0.020659685134887695,0.002582460641860962,True
4,685,1784807896.3962882,8,0.019672870635986328,0.002459108829498291,True
4,686,1784807896.4162645,8,0.020723581314086914,0.0025904476642608643,True
4,687,1784807896.4373968,8,0.0198974609375,0.0024871826171875,True
4,688,1784807896.4580607,8,0.020341157913208008,0.002542644739151001,True
4,689,1784807896.478716,8,0.020859718322753906,0.0026074647903442383,True
4,690,1784807896.5000374,8,0.02123713493347168,0.00265464186668396,True
4,691,1784807896.5217745,8,0.018826723098754883,0.0023533403873443604,True
4,692,1784807896.5408525,8,0.020610332489013672,0.002576291561126709,True
4,693,1784807896.561908,8,0.020531654357910156,0.0025664567947387695,True
4,694,1784807896.5829031,8,0.01937413215637207,0.002421766519546509,True
4,695,1784807896.6031232,8,0.019062042236328125,0.0023827552795410156,True
4,696,1784807896.6227713,8,0.019948482513427734,0.002493560314178467,True
4,697,1784807896.643155,8,0.019654512405395508,0.0024568140506744385,True
4,698,1784807896.6633408,8,0.021129608154296875,0.0026412010192871094,True
4,699,1784807896.6851618,8,0.020734548568725586,0.0025918185710906982,True
4,700,1784807896.7073846,8,0.020071744918823242,0.0025089681148529053,True
4,701,1784807896.7279727,8,0.019812822341918945,0.002476602792739868,True
4,702,1784807896.7489088,8,0.019414901733398438,0.0024268627166748047,True
4,703,1784807896.768925,8,0.021259069442749023,0.002657383680343628,True
4,704,1784807896.79061,8,0.02227163314819336,0.00278395414352417,True
4,705,1784807896.8142478,8,0.021332979202270508,0.0026666224002838135,True
4,706,1784807896.8359814,8,0.021800994873046875,0.0027251243591308594,True
4,707,1784807896.858485,8,0.02005624771118164,0.002507030963897705,True
4,708,1784807896.8795843,8,0.020351648330688477,0.0025439560413360596,True
4,709,1784807896.9003103,8,0.020828723907470703,0.002603590488433838,True
4,710,1784807896.9221919,8,0.020008087158203125,0.0025010108947753906,True
4,711,1784807896.9431753,8,0.02045607566833496,0.00255700945854187,True
4,712,1784807896.9640496,8,0.020479679107666016,0.002559959888458252,True
4,713,1784807896.9849946,8,0.019286155700683594,0.0024107694625854492,True
4,714,1784807897.0052283,8,0.02035975456237793,0.002544969320297241,True
4,715,1784807897.0259557,8,0.020227670669555664,0.002528458833694458,True
4,716,1784807897.0467641,8,0.020593881607055664,0.002574235200881958,True
4,717,1784807897.0678132,8,0.01985454559326172,0.002481818199157715,True
4,718,1784807897.0879877,8,0.018739700317382812,0.0023424625396728516,True
4,719,1784807897.1074235,8,0.01861262321472168,0.00232657790184021,True
4,720,1784807897.126413,8,0.01983332633972168,0.00247916579246521,True
4,721,1784807897.1471148,8,0.019298076629638672,0.002412259578704834,True
4,722,1784807897.16708,8,0.021248579025268555,0.0026560723781585693,True
4,723,1784807897.1895576,8,0.018874645233154297,0.002359330654144287,True
4,724,1784807897.2088854,8,0.01856231689453125,0.0023202896118164062,True
4,725,1784807897.227729,8,0.02155756950378418,0.0026946961879730225,True
4,726,1784807897.24963,8,0.020973920822143555,0.0026217401027679443,True
4,727,1784807897.2709508,8,0.021062612533569336,0.002632826566696167,True
4,728,1784807897.29252,8,0.01830291748046875,0.0022878646850585938,True
4,729,1784807897.3115687,8,0.020189285278320312,0.002523660659790039,True
4,730,1784807897.3334813,8,0.019681930541992188,0.0024602413177490234,True
4,731,1784807897.3541105,8,0.019683361053466797,0.0024604201316833496,True
4,732,1784807897.3745677,8,0.019683837890625,0.002460479736328125,True
4,733,1784807897.3946276,8,0.020653724670410156,0.0025817155838012695,True
4,734,1784807897.415581,8,0.02002716064453125,0.0025033950805664062,True
4,735,1784807897.4360092,8,0.020626068115234375,0.002578258514404297,True
4,736,1784807897.4570398,8,0.02274918556213379,0.0028436481952667236,True
4,737,1784807897.4811203,8,0.019083738327026367,0.002385467290878296,True
4,738,1784807897.500576,8,0.020278215408325195,0.0025347769260406494,True
4,739,1784807897.5212562,8,0.018843650817871094,0.0023554563522338867,True
4,740,1784807897.5404372,8,0.019724607467651367,0.002465575933456421,True
4,741,1784807897.560485,8,0.019555091857910156,0.0024443864822387695,True
4,742,1784807897.5803573,8,0.020528554916381836,0.0025660693645477295,True
4,743,1784807897.6014864,8,0.020087480545043945,0.002510935068130493,True
4,744,1784807897.6218786,8,0.02045917510986328,0.00255739688873291,True
4,745,1784807897.6427374,8,0.020806312561035156,0.0026007890701293945,True
4,746,1784807897.6639564,8,0.021047592163085938,0.002630949020385742,True
4,747,1784807897.6853235,8,0.019019126892089844,0.0023773908615112305,True
4,748,1784807897.7047315,8,0.020559310913085938,0.002569913864135742,True
4,749,1784807897.7255673,8,0.019573211669921875,0.0024466514587402344,True
4,750,1784807897.745512,8,0.019963979721069336,0.002495497465133667,True
4,751,1784807897.7658672,8,0.01993560791015625,0.0024919509887695312,True
4,752,1784807897.7862122,8,0.01949477195739746,0.0024368464946746826,True
4,753,1784807897.806081,8,0.020438671112060547,0.0025548338890075684,True
4,754,1784807897.8276958,8,0.019402503967285156,0.0024253129959106445,True
4,755,1784807897.847406,8,0.018604040145874023,0.002325505018234253,True
4,756,1784807897.8665433,8,0.020011186599731445,0.0025013983249664307,True
4,757,1784807897.8869972,8,0.020442724227905273,0.002555340528488159,True
4,758,1784807897.9078898,8,0.019983291625976562,0.0024979114532470703,True
4,759,1784807897.9281447,8,0.019146442413330078,0.0023933053016662598,True
4,760,1784807897.9478314,8,0.020011425018310547,0.0025014281272888184,True
4,761,1784807897.9687362,8,0.01975417137145996,0.002469271421432495,True
4,762,1784807897.9894433,8,0.02003955841064453,0.0025049448013305664,True
4,763,1784807898.0098755,8,0.019002199172973633,0.002375274896621704,True
4,764,1784807898.0293808,8,0.022309303283691406,0.0027886629104614258,True
4,765,1784807898.0520108,8,0.019636869430541992,0.002454608678817749,True
4,766,1784807898.0720186,8,0.018860816955566406,0.0023576021194458008,True
4,767,1784807898.0917351,8,0.020612239837646484,0.0025765299797058105,True
4,768,1784807898.1126902,8,0.019888639450073242,0.0024860799312591553,True
4,769,1784807898.1331458,8,0.020067453384399414,0.0025084316730499268,True
4,770,1784807898.1537642,8,0.019553661346435547,0.0024442076683044434,True
4,771,1784807898.1746924,8,0.018921852111816406,0.0023652315139770508,True
4,772,1784807898.194006,8,0.02042222023010254,0.0025527775287628174,True
4,773,1784807898.2147498,8,0.018935441970825195,0.0023669302463531494,True
4,774,1784807898.234689,8,0.020863771438598633,0.002607971429824829,True
4,775,1784807898.2562342,8,0.023019790649414062,0.002877473831176758,True
4,776,1784807898.2795775,8,0.021247386932373047,0.002655923366546631,True
4,777,1784807898.302146,8,0.020917892456054688,0.002614736557006836,True
4,778,1784807898.3237617,8,0.020794153213500977,0.002599269151687622,True
4,779,1784807898.3451986,8,0.018703222274780273,0.002337902784347534,True
4,780,1784807898.365735,8,0.020612478256225586,0.0025765597820281982,True
4,781,1784807898.3871355,8,0.019762039184570312,0.002470254898071289,True
4,782,1784807898.4072442,8,0.020606517791748047,0.002575814723968506,True
4,783,1784807898.4282422,8,0.01888871192932129,0.002361088991165161,True
4,784,1784807898.447448,8,0.01988363265991211,0.0024854540824890137,True
4,785,1784807898.4676578,8,0.01976752281188965,0.002470940351486206,True
4,786,1784807898.4880512,8,0.02240276336669922,0.0028003454208374023,True
4,787,1784807898.511445,8,0.02041912078857422,0.0025523900985717773,True
4,788,1784807898.5323813,8,0.020094633102416992,0.002511829137802124,True
4,789,1784807898.5534039,8,0.021323680877685547,0.0026654601097106934,True
4,790,1784807898.5754392,8,0.01974010467529297,0.002467513084411621,True
4,791,1784807898.5957048,8,0.01835155487060547,0.0022939443588256836,True
4,792,1784807898.61539,8,0.01990795135498047,0.0024884939193725586,True
4,793,1784807898.6355622,8,0.018960952758789062,0.002370119094848633,True
4,794,1784807898.6551769,8,0.020122528076171875,0.0025153160095214844,True
4,795,1784807898.6756663,8,0.01965045928955078,0.0024563074111938477,True
4,796,1784807898.6956568,8,0.01961517333984375,0.0024518966674804688,True
4,797,1784807898.715609,8,0.021661758422851562,0.0027077198028564453,True
4,798,1784807898.737674,8,0.021016597747802734,0.002627074718475342,True
4,799,1784807898.7591445,8,0.020899534225463867,0.0026124417781829834,True
4,800,1784807898.7804863,8,0.01966571807861328,0.00245821475982666,True
4,801,1784807898.801063,8,0.021188974380493164,0.0026486217975616455,True
4,802,1784807898.8227596,8,0.019314289093017578,0.0024142861366271973,True
4,803,1784807898.8429348,8,0.020379066467285156,0.0025473833084106445,True
4,804,1784807898.863748,8,0.01987457275390625,0.0024843215942382812,True
4,805,1784807898.884077,8,0.02069401741027832,0.00258675217628479,True
4,806,1784807898.9051707,8,0.019383668899536133,0.0024229586124420166,True
4,807,1784807898.92503,8,0.020778894424438477,0.0025973618030548096,True
4,808,1784807898.9464881,8,0.018186092376708984,0.002273261547088623,True
4,809,1784807898.9653769,8,0.021123647689819336,0.002640455961227417,True
4,810,1784807898.9868712,8,0.020845890045166016,0.002605736255645752,True
4,811,1784807899.0087278,8,0.019586563110351562,0.0024483203887939453,True
4,812,1784807899.0291395,8,0.020489215850830078,0.0025611519813537598,True
4,813,1784807899.050379,8,0.020874500274658203,0.0026093125343322754,True
4,814,1784807899.0715382,8,0.021706581115722656,0.002713322639465332,True
4,815,1784807899.0935788,8,0.020557641983032227,0.0025697052478790283,True
4,816,1784807899.1146023,8,0.020624399185180664,0.002578049898147583,True
4,817,1784807899.135526,8,0.02148580551147461,0.002685725688934326,True
4,818,1784807899.1573238,8,0.020453214645385742,0.0025566518306732178,True
4,819,1784807899.1781402,8,0.021602869033813477,0.0027003586292266846,True
4,820,1784807899.2001665,8,0.018770694732666016,0.002346336841583252,True
4,821,1784807899.2192457,8,0.01950240135192871,0.002437800168991089,True
4,822,1784807899.2392933,8,0.02098703384399414,0.0026233792304992676,True
4,823,1784807899.2606707,8,0.021734237670898438,0.0027167797088623047,True
4,824,1784807899.2826865,8,0.018900156021118164,0.0023625195026397705,True
4,825,1784807899.3019648,8,0.019771337509155273,0.002471417188644409,True
4,826,1784807899.322136,8,0.01991868019104004,0.002489835023880005,True
4,827,1784807899.3425744,8,0.01998162269592285,0.0024977028369903564,True
4,828,1784807899.3629012,8,0.019113779067993164,0.0023892223834991455,True
4,829,1784807899.382546,8,0.020561695098876953,0.002570211887359619,True
4,830,1784807899.403458,8,0.020903825759887695,0.002612978219985962,True
4,831,1784807899.425161,8,0.019287824630737305,0.002410978078842163,True
4,832,1784807899.4448762,8,0.020346403121948242,0.0025433003902435303,True
4,833,1784807899.466305,8,0.0222017765045166,0.002775222063064575,True
4,834,1784807899.488988,8,0.020621538162231445,0.0025776922702789307,True
4,835,1784807899.511225,8,0.020567893981933594,0.0025709867477416992,True
4,836,1784807899.5323405,8,0.019489765167236328,0.002436220645904541,True
4,837,1784807899.5523846,8,0.0203857421875,0.0025482177734375,True
4,838,1784807899.5732555,8,0.0212252140045166,0.002653151750564575,True
4,839,1784807899.5959027,8,0.019841432571411133,0.0024801790714263916,True
4,840,1784807899.6160836,8,0.02036762237548828,0.002545952796936035,True
4,841,1784807899.6369581,8,0.019740819931030273,0.002467602491378784,True
4,842,1784807899.6571083,8,0.019347429275512695,0.002418428659439087,True
4,843,1784807899.6768072,8,0.019496917724609375,0.002437114715576172,True
4,844,1784807899.6969194,8,0.020074844360351562,0.0025093555450439453,True
4,845,1784807899.717578,8,0.020725250244140625,0.002590656280517578,True
4,846,1784807899.738629,8,0.020056962966918945,0.002507120370864868,True
4,847,1784807899.759212,8,0.020773887634277344,0.002596735954284668,True
4,848,1784807899.7806728,8,0.020171165466308594,0.0025213956832885742,True
4,849,1784807899.8012314,8,0.019363880157470703,0.002420485019683838,True
4,850,1784807899.8210356,8,0.020441770553588867,0.0025552213191986084,True
4,851,1784807899.8427212,8,0.0211794376373291,0.0026474297046661377,True
4,852,1784807899.8647108,8,0.020383596420288086,0.0025479495525360107,True
4,853,1784807899.8860857,8,0.01936626434326172,0.002420783042907715,True
4,854,1784807899.9069414,8,0.020013093948364258,0.0025016367435455322,True
4,855,1784807899.9273694,8,0.02172374725341797,0.002715468406677246,True
4,856,1784807899.9496555,8,0.020099163055419922,0.0025123953819274902,True
4,857,1784807899.97115,8,0.019518613815307617,0.002439826726913452,True
4,858,1784807899.9919345,8,0.021250247955322266,0.002656280994415283,True
4,859,1784807900.013808,8,0.020380258560180664,0.002547532320022583,True
4,860,1784807900.0347784,8,0.020888566970825195,0.0026110708713531494,True
4,861,1784807900.0560513,8,0.019760608673095703,0.002470076084136963,True
4,862,1784807900.0762904,8,0.01921868324279785,0.0024023354053497314,True
4,863,1784807900.095839,8,0.02042531967163086,0.0025531649589538574,True
4,864,1784807900.1168015,8,0.02019214630126953,0.0025240182876586914,True
4,865,1784807900.1373708,8,0.019778966903686523,0.0024723708629608154,True
4,866,1784807900.1576061,8,0.02018284797668457,0.0025228559970855713,True
4,867,1784807900.1782346,8,0.019748449325561523,0.0024685561656951904,True
4,868,1784807900.198524,8,0.020076274871826172,0.0025095343589782715,True
4,869,1784807900.2196047,8,0.02014636993408203,0.002518296241760254,True
4,870,1784807900.240274,8,0.020625829696655273,0.002578228712081909,True
4,871,1784807900.2612078,8,0.02087879180908203,0.002609848976135254,True
4,872,1784807900.282434,8,0.018959522247314453,0.0023699402809143066,True
4,873,1784807900.30176,8,0.019449710845947266,0.002431213855743408,True
4,874,1784807900.3219678,8,0.018483638763427734,0.002310454845428467,True
4,875,1784807900.3408847,8,0.02094268798828125,0.0026178359985351562,True
4,876,1784807900.3622606,8,0.020048141479492188,0.0025060176849365234,True
4,877,1784807900.382677,8,0.022813081741333008,0.002851635217666626,True
4,878,1784807900.4060788,8,0.019179582595825195,0.0023974478244781494,True
4,879,1784807900.425638,8,0.023687124252319336,0.002960890531539917,True
4,880,1784807900.4500086,8,0.021372079849243164,0.0026715099811553955,True
4,881,1784807900.4717662,8,0.018168926239013672,0.002271115779876709,True
4,882,1784807900.4904969,8,0.02025747299194336,0.00253218412399292,True
4,883,1784807900.511303,8,0.019228219985961914,0.0024035274982452393,True
4,884,1784807900.5314343,8,0.020532846450805664,0.002566605806350708,True
4,885,1784807900.552942,8,0.020119428634643555,0.0025149285793304443,True
4,886,1784807900.5735233,8,0.02165699005126953,0.0027071237564086914,True
4,887,1784807900.5963044,8,0.019439220428466797,0.0024299025535583496,True
4,888,1784807900.616388,8,0.02166438102722168,0.00270804762840271,True
4,889,1784807900.6384609,8,0.02039194107055664,0.00254899263381958,True
4,890,1784807900.6592467,8,0.02003622055053711,0.0025045275688171387,True
4,891,1784807900.6798148,8,0.0214846134185791,0.0026855766773223877,True
4,892,1784807900.7016554,8,0.019269943237304688,0.002408742904663086,True
4,893,1784807900.7213383,8,0.020436525344848633,0.002554565668106079,True
4,894,1784807900.7424397,8,0.020108938217163086,0.0025136172771453857,True
4,895,1784807900.762874,8,0.019586801528930664,0.002448350191116333,True
4,896,1784807900.7827537,8,0.019915103912353516,0.0024893879890441895,True
4,897,1784807900.8033128,8,0.01985454559326172,0.002481818199157715,True
4,898,1784807900.8236284,8,0.02200484275817871,0.002750605344772339,True
4,899,1784807900.8461425,8,0.01940155029296875,0.0024251937866210938,True
4,900,1784807900.866257,8,0.020255088806152344,0.002531886100769043,True
4,901,1784807900.8873546,8,0.019022464752197266,0.002377808094024658,True
4,902,1784807900.9089832,8,0.017717361450195312,0.002214670181274414,True
4,903,1784807900.9273837,8,0.021123409271240234,0.0026404261589050293,True
4,904,1784807900.9489474,8,0.01951456069946289,0.0024393200874328613,True
4,905,1784807900.968813,8,0.024124860763549805,0.0030156075954437256,True
4,906,1784807900.9939291,8,0.019738435745239258,0.0024673044681549072,True
4,907,1784807901.014333,8,0.018319368362426758,0.0022899210453033447,True
4,908,1784807901.0337112,8,0.020212650299072266,0.002526581287384033,True
4,909,1784807901.0548205,8,0.02083873748779297,0.002604842185974121,True
4,910,1784807901.076083,8,0.018698692321777344,0.002337336540222168,True
4,911,1784807901.0951326,8,0.020415782928466797,0.0025519728660583496,True
4,912,1784807901.1161401,8,0.02042245864868164,0.002552807331085205,True
4,913,1784807901.1369193,8,0.02080702781677246,0.0026008784770965576,True
4,914,1784807901.158612,8,0.018643617630004883,0.0023304522037506104,True
4,915,1784807901.1778767,8,0.01876688003540039,0.002345860004425049,True
4,916,1784807901.1971865,8,0.021946430206298828,0.0027433037757873535,True
4,917,1784807901.2200077,8,0.020198583602905273,0.002524822950363159,True
4,918,1784807901.2406368,8,0.020576953887939453,0.0025721192359924316,True
4,919,1784807901.2620432,8,0.020570755004882812,0.0025713443756103516,True
4,920,1784807901.2829545,8,0.019402503967285156,0.0024253129959106445,True
4,921,1784807901.3027894,8,0.01932239532470703,0.002415299415588379,True
4,922,1784807901.3224225,8,0.019222736358642578,0.0024028420448303223,True
4,923,1784807901.342045,8,0.019839763641357422,0.0024799704551696777,True
4,924,1784807901.362217,8,0.02033257484436035,0.002541571855545044,True
4,925,1784807901.3830383,8,0.019439220428466797,0.0024299025535583496,True
4,926,1784807901.402826,8,0.021392822265625,0.002674102783203125,True
4,927,1784807901.4246597,8,0.019220352172851562,0.0024025440216064453,True
4,928,1784807901.444174,8,0.01963496208190918,0.0024543702602386475,True
4,929,1784807901.464107,8,0.021659135818481445,0.0027073919773101807,True
4,930,1784807901.4862132,8,0.019163846969604492,0.0023954808712005615,True
4,931,1784807901.5057442,8,0.0190579891204834,0.002382248640060425,True
4,932,1784807901.5251231,8,0.019835710525512695,0.002479463815689087,True
4,933,1784807901.5453172,8,0.018476009368896484,0.0023095011711120605,True
4,934,1784807901.5641296,8,0.022004365921020508,0.0027505457401275635,True
4,935,1784807901.5865138,8,0.02153801918029785,0.0026922523975372314,True
4,936,1784807901.608425,8,0.020459413528442383,0.002557426691055298,True
4,937,1784807901.629469,8,0.020581483840942383,0.002572685480117798,True
4,938,1784807901.6507363,8,0.020721435546875,0.002590179443359375,True
4,939,1784807901.672409,8,0.02025318145751953,0.0025316476821899414,True
4,940,1784807901.692972,8,0.02049732208251953,0.0025621652603149414,True
4,941,1784807901.7140968,8,0.02032160758972168,0.00254020094871521,True
4,942,1784807901.7347963,8,0.0203249454498291,0.0025406181812286377,True
4,943,1784807901.7561553,8,0.019664525985717773,0.0024580657482147217,True
4,944,1784807901.7761223,8,0.0201418399810791,0.0025177299976348877,True
4,945,1784807901.796607,8,0.019562244415283203,0.0024452805519104004,True
4,946,1784807901.816466,8,0.02177286148071289,0.0027216076850891113,True
4,947,1784807901.8386238,8,0.02098536491394043,0.0026231706142425537,True
4,948,1784807901.8599381,8,0.018605470657348633,0.002325683832168579,True
4,949,1784807901.8802562,8,0.020090818405151367,0.002511352300643921,True
4,950,1784807901.9007983,8,0.020649433135986328,0.002581179141998291,True
4,951,1784807901.9222462,8,0.020052671432495117,0.0025065839290618896,True
4,952,1784807901.9429085,8,0.02010345458984375,0.0025129318237304688,True
4,953,1784807901.963484,8,0.020937442779541016,0.002617180347442627,True
4,954,1784807901.9854798,8,0.01927638053894043,0.0024095475673675537,True
4,955,1784807902.0055351,8,0.019269943237304688,0.002408742904663086,True
4,956,1784807902.0254204,8,0.0196225643157959,0.0024528205394744873,True
4,957,1784807902.045459,8,0.018726348876953125,0.0023407936096191406,True
4,958,1784807902.0648813,8,0.020488739013671875,0.0025610923767089844,True
4,959,1784807902.0858831,8,0.01885366439819336,0.00235670804977417,True
4,960,1784807902.1051517,8,0.020802021026611328,0.002600252628326416,True
4,961,1784807902.1268568,8,0.019752979278564453,0.0024691224098205566,True
4,962,1784807902.1476276,8,0.0223081111907959,0.0027885138988494873,True
4,963,1784807902.171615,8,0.01983642578125,0.00247955322265625,True
4,964,1784807902.1919453,8,0.019539833068847656,0.002442479133605957,True
4,965,1784807902.2121108,8,0.019456148147583008,0.002432018518447876,True
4,966,1784807902.2319636,8,0.019048213958740234,0.0023810267448425293,True
4,967,1784807902.2514005,8,0.02108621597290039,0.002635776996612549,True
4,968,1784807902.2729015,8,0.01940751075744629,0.002425938844680786,True
4,969,1784807902.2927449,8,0.019868135452270508,0.0024835169315338135,True
4,970,1784807902.31288,8,0.019441843032836914,0.0024302303791046143,True
4,971,1784807902.332663,8,0.02086162567138672,0.00260770320892334,True
4,972,1784807902.3538167,8,0.019730329513549805,0.0024662911891937256,True
4,973,1784807902.3743796,8,0.01975226402282715,0.0024690330028533936,True
4,974,1784807902.3945098,8,0.019362926483154297,0.002420365810394287,True
4,975,1784807902.4143176,8,0.020366907119750977,0.002545863389968872,True
4,976,1784807902.4351223,8,0.0200653076171875,0.0025081634521484375,True
4,977,1784807902.4555273,8,0.0192718505859375,0.0024089813232421875,True
4,978,1784807902.475241,8,0.019328594207763672,0.002416074275970459,True
4,979,1784807902.4949944,8,0.021897315979003906,0.0027371644973754883,True
4,980,1784807902.5172527,8,0.01951003074645996,0.002438753843307495,True
4,981,1784807902.537192,8,0.019084453582763672,0.002385556697845459,True
4,982,1784807902.5566099,8,0.02090740203857422,0.0026134252548217773,True
4,983,1784807902.5790126,8,0.022154569625854492,0.0027693212032318115,True
4,984,1784807902.601582,8,0.01882147789001465,0.002352684736251831,True
4,985,1784807902.6206954,8,0.02050185203552246,0.0025627315044403076,True
4,986,1784807902.6415558,8,0.0183260440826416,0.0022907555103302,True
4,987,1784807902.6602545,8,0.019863605499267578,0.0024829506874084473,True
4,988,1784807902.6805365,8,0.019678115844726562,0.0024597644805908203,True
4,989,1784807902.7006352,8,0.02009272575378418,0.0025115907192230225,True
4,990,1784807902.7210543,8,0.02035975456237793,0.002544969320297241,True
4,991,1784807902.741772,8,0.020552873611450195,0.0025691092014312744,True
4,992,1784807902.7629828,8,0.023231029510498047,0.002903878688812256,True
4,993,1784807902.7866037,8,0.019873619079589844,0.0024842023849487305,True
4,994,1784807902.8073754,8,0.019858360290527344,0.002482295036315918,True
4,995,1784807902.8277516,8,0.0198366641998291,0.0024795830249786377,True
4,996,1784807902.8479629,8,0.020505905151367188,0.0025632381439208984,True
4,997,1784807902.8699057,8,0.01896047592163086,0.0023700594902038574,True
4,998,1784807902.8898726,8,0.01763916015625,0.00220489501953125,True
4,999,1784807902.9088526,8,0.019502639770507812,0.0024378299713134766,True
4,1000,1784807902.928846,8,0.019700050354003906,0.0024625062942504883,True
4,1001,1784807902.9493392,8,0.019240379333496094,0.0024050474166870117,True
4,1002,1784807902.9691894,8,0.020734071731567383,0.002591758966445923,True
4,1003,1784807902.9903636,8,0.020258665084838867,0.0025323331356048584,True
4,1004,1784807903.0109394,8,0.01920914649963379,0.0024011433124542236,True
4,1005,1784807903.0305197,8,0.018350839614868164,0.0022938549518585205,True
4,1006,1784807903.049202,8,0.020082473754882812,0.0025103092193603516,True
4,1007,1784807903.0695636,8,0.01964545249938965,0.002455681562423706,True
4,1008,1784807903.089629,8,0.01985025405883789,0.0024812817573547363,True
4,1009,1784807903.1099958,8,0.02164936065673828,0.002706170082092285,True
4,1010,1784807903.1320379,8,0.01947760581970215,0.0024347007274627686,True
4,1011,1784807903.1518774,8,0.02175307273864746,0.0027191340923309326,True
4,1012,1784807903.1740026,8,0.020286083221435547,0.0025357604026794434,True
4,1013,1784807903.1946714,8,0.020987510681152344,0.002623438835144043,True
4,1014,1784807903.2162037,8,0.01797008514404297,0.002246260643005371,True
4,1015,1784807903.234511,8,0.01954197883605957,0.0024427473545074463,True
4,1016,1784807903.2544267,8,0.018504619598388672,0.002313077449798584,True
4,1017,1784807903.2732654,8,0.02040243148803711,0.0025503039360046387,True
4,1018,1784807903.2943614,8,0.0223541259765625,0.0027942657470703125,True
4,1019,1784807903.3171728,8,0.018920421600341797,0.0023650527000427246,True
4,1020,1784807903.3372324,8,0.019321918487548828,0.0024152398109436035,True
4,1021,1784807903.3571162,8,0.026766061782836914,0.0033457577228546143,True
4,1022,1784807903.3842626,8,0.018550872802734375,0.002318859100341797,True
4,1023,1784807903.4033332,8,0.019450902938842773,0.0024313628673553467,True
4,1024,1784807903.4246383,8,0.021913766860961914,0.0027392208576202393,True
4,1025,1784807903.44727,8,0.019191741943359375,0.002398967742919922,True
4,1026,1784807903.466952,8,0.02014636993408203,0.002518296241760254,True
4,1027,1784807903.4874628,8,0.019753694534301758,0.0024692118167877197,True
4,1028,1784807903.507619,8,0.020642518997192383,0.002580314874649048,True
4,1029,1784807903.5288439,8,0.021014690399169922,0.0026268362998962402,True
4,1030,1784807903.5509531,8,0.020159006118774414,0.0025198757648468018,True
4,1031,1784807903.5714626,8,0.020230531692504883,0.0025288164615631104,True
4,1032,1784807903.592148,8,0.01941061019897461,0.002426326274871826,True
4,1033,1784807903.612122,8,0.01983785629272461,0.002479732036590576,True
4,1034,1784807903.6326551,8,0.018613100051879883,0.0023266375064849854,True
4,1035,1784807903.6515887,8,0.019346952438354492,0.0024183690547943115,True
4,1036,1784807903.6713424,8,0.019240856170654297,0.002405107021331787,True
4,1037,1784807903.6911144,8,0.020551681518554688,0.002568960189819336,True
4,1038,1784807903.7124372,8,0.02232050895690918,0.0027900636196136475,True
4,1039,1784807903.7354114,8,0.019694805145263672,0.002461850643157959,True
4,1040,1784807903.7559085,8,0.018492698669433594,0.0023115873336791992,True
4,1041,1784807903.7754307,8,0.021558046340942383,0.002694755792617798,True
4,1042,1784807903.7972872,8,0.01903843879699707,0.002379804849624634,True
4,1043,1784807903.8166642,8,0.020612001419067383,0.002576500177383423,True
4,1044,1784807903.8378005,8,0.01918339729309082,0.0023979246616363525,True
4,1045,1784807903.8573074,8,0.019841670989990234,0.0024802088737487793,True
4,1046,1784807903.8775494,8,0.01970648765563965,0.002463310956954956,True
4,1047,1784807903.8975928,8,0.021516084671020508,0.0026895105838775635,True
4,1048,1784807903.9194686,8,0.0215451717376709,0.0026931464672088623,True
4,1049,1784807903.9414604,8,0.017828941345214844,0.0022286176681518555,True
4,1050,1784807903.9596572,8,0.019566774368286133,0.0024458467960357666,True
4,1051,1784807903.9802115,8,0.020518064498901367,0.002564758062362671,True
4,1052,1784807904.0011675,8,0.020446300506591797,0.0025557875633239746,True
4,1053,1784807904.022124,8,0.020006418228149414,0.0025008022785186768,True
4,1054,1784807904.0427938,8,0.0207977294921875,0.0025997161865234375,True
4,1055,1784807904.0641582,8,0.01988530158996582,0.0024856626987457275,True
4,1056,1784807904.0843568,8,0.02139902114868164,0.002674877643585205,True
4,1057,1784807904.1062942,8,0.021549701690673828,0.0026937127113342285,True
4,1058,1784807904.128227,8,0.020218610763549805,0.0025273263454437256,True
4,1059,1784807904.1492941,8,0.021904468536376953,0.002738058567047119,True
4,1060,1784807904.1718147,8,0.02035999298095703,0.002544999122619629,True
4,1061,1784807904.1929827,8,0.020847320556640625,0.002605915069580078,True
4,1062,1784807904.2152314,8,0.021224498748779297,0.002653062343597412,True
4,1063,1784807904.2368445,8,0.018908977508544922,0.0023636221885681152,True
4,1064,1784807904.2561324,8,0.020752668380737305,0.002594083547592163,True
4,1065,1784807904.277309,8,0.019530773162841797,0.0024413466453552246,True
4,1066,1784807904.2972674,8,0.019349098205566406,0.0024186372756958008,True
4,1067,1784807904.3169758,8,0.020317554473876953,0.002539694309234619,True
4,1068,1784807904.3375952,8,0.01920032501220703,0.002400040626525879,True
4,1069,1784807904.3571372,8,0.021259546279907227,0.0026574432849884033,True
4,1070,1784807904.3791509,8,0.018826007843017578,0.0023532509803771973,True
4,1071,1784807904.3983526,8,0.021355628967285156,0.0026694536209106445,True
4,1072,1784807904.4200566,8,0.021791458129882812,0.0027239322662353516,True
4,1073,1784807904.442175,8,0.0193023681640625,0.0024127960205078125,True
4,1074,1784807904.4620585,8,0.020444631576538086,0.0025555789470672607,True
4,1075,1784807904.482835,8,0.01952528953552246,0.0024406611919403076,True
4,1076,1784807904.5026665,8,0.020551443099975586,0.0025689303874969482,True
4,1077,1784807904.523606,8,0.019516468048095703,0.002439558506011963,True
4,1078,1784807904.5434973,8,0.024990320205688477,0.0031237900257110596,True
4,1079,1784807904.5690455,8,0.019618511199951172,0.0024523138999938965,True
4,1080,1784807904.5891743,8,0.019002437591552734,0.002375304698944092,True
4,1081,1784807904.6084855,8,0.020720720291137695,0.002590090036392212,True
4,1082,1784807904.6296287,8,0.02104949951171875,0.0026311874389648438,True
4,1083,1784807904.6511028,8,0.01928877830505371,0.002411097288131714,True
4,1084,1784807904.6707332,8,0.020078182220458984,0.002509772777557373,True
4,1085,1784807904.6912742,8,0.019561290740966797,0.0024451613426208496,True
4,1086,1784807904.711214,8,0.020689725875854492,0.0025862157344818115,True
4,1087,1784807904.732194,8,0.021561145782470703,0.002695143222808838,True
4,1088,1784807904.7550461,8,0.021564722061157227,0.0026955902576446533,True
4,1089,1784807904.7772295,8,0.02008342742919922,0.0025104284286499023,True
4,1090,1784807904.7979705,8,0.018918275833129883,0.0023647844791412354,True
4,1091,1784807904.8176425,8,0.020130157470703125,0.0025162696838378906,True
4,1092,1784807904.8381672,8,0.021717309951782227,0.0027146637439727783,True
4,1093,1784807904.8603399,8,0.02000880241394043,0.0025011003017425537,True
4,1094,1784807904.8806934,8,0.01949906349182129,0.002437382936477661,True
4,1095,1784807904.901211,8,0.02144145965576172,0.002680182456970215,True
4,1096,1784807904.923502,8,0.019060373306274414,0.0023825466632843018,True
4,1097,1784807904.9432292,8,0.020115137100219727,0.002514392137527466,True
4,1098,1784807904.9636464,8,0.020519495010375977,0.002564936876296997,True
4,1099,1784807904.9847033,8,0.01775336265563965,0.002219170331954956,True
4,1100,1784807905.0031629,8,0.01944899559020996,0.002431124448776245,True
4,1101,1784807905.0230525,8,0.019703149795532227,0.0024628937244415283,True
4,1102,1784807905.043169,8,0.019647598266601562,0.0024559497833251953,True
4,1103,1784807905.063987,8,0.020780324935913086,0.0025975406169891357,True
4,1104,1784807905.085234,8,0.019887447357177734,0.002485930919647217,True
4,1105,1784807905.1064136,8,0.021022796630859375,0.002627849578857422,True
4,1106,1784807905.127997,8,0.01975536346435547,0.0024694204330444336,True
4,1107,1784807905.148082,8,0.021147727966308594,0.0026434659957885742,True
4,1108,1784807905.169691,8,0.02031111717224121,0.0025388896465301514,True
4,1109,1784807905.1904333,8,0.020217418670654297,0.002527177333831787,True
4,1110,1784807905.2110186,8,0.021340131759643555,0.0026675164699554443,True
4,1111,1784807905.2328074,8,0.02007317543029785,0.0025091469287872314,True
4,1112,1784807905.2533915,8,0.018863677978515625,0.002357959747314453,True
4,1113,1784807905.2727706,8,0.02064657211303711,0.0025808215141296387,True
4,1114,1784807905.2937982,8,0.019385099411010742,0.0024231374263763428,True
4,1115,1784807905.313648,8,0.01708245277404785,0.0021353065967559814,True
4,1116,1784807905.3310206,8,0.021384239196777344,0.002673029899597168,True
4,1117,1784807905.35272,8,0.02203845977783203,0.002754807472229004,True
4,1118,1784807905.3755028,8,0.01819634437561035,0.002274543046951294,True
4,1119,1784807905.3942935,8,0.02094745635986328,0.00261843204498291,True
4,1120,1784807905.4155438,8,0.021134138107299805,0.0026417672634124756,True
4,1121,1784807905.436991,8,0.020355939865112305,0.002544492483139038,True
4,1122,1784807905.4577444,8,0.018107891082763672,0.002263486385345459,True
4,1123,1784807905.4768832,8,0.020082473754882812,0.0025103092193603516,True
4,1124,1784807905.4973404,8,0.019803285598754883,0.0024754106998443604,True
4,1125,1784807905.517428,8,0.020866870880126953,0.002608358860015869,True
4,1126,1784807905.538667,8,0.020978689193725586,0.0026223361492156982,True
4,1127,1784807905.5599914,8,0.01882338523864746,0.0023529231548309326,True
4,1128,1784807905.5791652,8,0.02145242691040039,0.002681553363800049,True
4,1129,1784807905.600954,8,0.01965951919555664,0.00245743989944458,True
4,1130,1784807905.6210642,8,0.02115154266357422,0.0026439428329467773,True
4,1131,1784807905.6433022,8,0.0199127197265625,0.0024890899658203125,True
4,1132,1784807905.6637573,8,0.019930601119995117,0.0024913251399993896,True
4,1133,1784807905.6841216,8,0.019449472427368164,0.0024311840534210205,True
4,1134,1784807905.7041109,8,0.018857717514038086,0.0023572146892547607,True
4,1135,1784807905.7233422,8,0.021207094192504883,0.0026508867740631104,True
4,1136,1784807905.7449322,8,0.017251014709472656,0.002156376838684082,True
4,1137,1784807905.7625177,8,0.021555662155151367,0.002694457769393921,True
4,1138,1784807905.7843993,8,0.019927501678466797,0.0024909377098083496,True
4,1139,1784807905.8049383,8,0.019670724868774414,0.0024588406085968018,True
4,1140,1784807905.8249485,8,0.020038843154907227,0.0025048553943634033,True
4,1141,1784807905.8454745,8,0.018610239028930664,0.002326279878616333,True
4,1142,1784807905.8647096,8,0.020432472229003906,0.0025540590286254883,True
4,1143,1784807905.885461,8,0.019988536834716797,0.0024985671043395996,True
4,1144,1784807905.9058084,8,0.01940321922302246,0.0024254024028778076,True
4,1145,1784807905.9255795,8,0.02006673812866211,0.0025083422660827637,True
4,1146,1784807905.945956,8,0.02004218101501465,0.002505272626876831,True
4,1147,1784807905.9663942,8,0.019289255142211914,0.0024111568927764893,True
4,1148,1784807905.9861615,8,0.020392417907714844,0.0025490522384643555,True
4,1149,1784807906.0070148,8,0.019686222076416016,0.002460777759552002,True
4,1150,1784807906.0270615,8,0.02145218849182129,0.002681523561477661,True
4,1151,1784807906.0489323,8,0.019659757614135742,0.0024574697017669678,True
4,1152,1784807906.0689907,8,0.01957559585571289,0.0024469494819641113,True
4,1153,1784807906.0892055,8,0.019448518753051758,0.0024310648441314697,True
4,1154,1784807906.1094193,8,0.017108678817749023,0.002138584852218628,True
4,1155,1784807906.1269844,8,0.020781517028808594,0.0025976896286010742,True
4,1156,1784807906.1484077,8,0.019329309463500977,0.002416163682937622,True
4,1157,1784807906.1683724,8,0.019707918167114258,0.0024634897708892822,True
4,1158,1784807906.1887667,8,0.020068883895874023,0.002508610486984253,True
4,1159,1784807906.2092469,8,0.020437240600585938,0.002554655075073242,True
4,1160,1784807906.2300742,8,0.01933741569519043,0.0024171769618988037,True
4,1161,1784807906.2499256,8,0.01917552947998047,0.0023969411849975586,True
4,1162,1784807906.2694607,8,0.02153801918029785,0.0026922523975372314,True
4,1163,1784807906.291265,8,0.01892232894897461,0.002365291118621826,True
4,1164,1784807906.3108935,8,0.020009517669677734,0.002501189708709717,True
4,1165,1784807906.3312964,8,0.02093338966369629,0.002616673707962036,True
4,1166,1784807906.3525314,8,0.020071744918823242,0.0025089681148529053,True
4,1167,1784807906.3729594,8,0.018979787826538086,0.0023724734783172607,True
4,1168,1784807906.3923087,8,0.020528078079223633,0.002566009759902954,True
4,1169,1784807906.4132144,8,0.0193784236907959,0.0024223029613494873,True
4,1170,1784807906.4331622,8,0.02158355712890625,0.0026979446411132812,True
4,1171,1784807906.4553108,8,0.01947021484375,0.00243377685546875,True
4,1172,1784807906.4752119,8,0.02025437355041504,0.00253179669380188,True
4,1173,1784807906.495853,8,0.01971268653869629,0.002464085817337036,True
4,1174,1784807906.5161972,8,0.020240306854248047,0.002530038356781006,True
4,1175,1784807906.5367818,8,0.020546913146972656,0.002568364143371582,True
4,1176,1784807906.557676,8,0.020076513290405273,0.002509564161300659,True
4,1177,1784807906.5789645,8,0.02024531364440918,0.0025306642055511475,True
4,1178,1784807906.600518,8,0.019425392150878906,0.0024281740188598633,True
4,1179,1784807906.6205802,8,0.019546031951904297,0.002443253993988037,True
4,1180,1784807906.6416655,8,0.019642353057861328,0.002455294132232666,True
4,1181,1784807906.661624,8,0.020512104034423828,0.0025640130043029785,True
4,1182,1784807906.6825106,8,0.02049541473388672,0.00256192684173584,True
4,1183,1784807906.7036896,8,0.018368005752563477,0.0022960007190704346,True
4,1184,1784807906.7223754,8,0.019977807998657227,0.0024972259998321533,True
4,1185,1784807906.7427244,8,0.020712614059448242,0.0025890767574310303,True
4,1186,1784807906.7638505,8,0.019811153411865234,0.0024763941764831543,True
4,1187,1784807906.7839992,8,0.021209716796875,0.002651214599609375,True
4,1188,1784807906.8057609,8,0.020663976669311523,0.0025829970836639404,True
4,1189,1784807906.8270705,8,0.02040886878967285,0.0025511085987091064,True
4,1190,1784807906.8482049,8,0.02175450325012207,0.002719312906265259,True
4,1191,1784807906.870432,8,0.01923823356628418,0.0024047791957855225,True
4,1192,1784807906.890127,8,0.02178955078125,0.00272369384765625,True
4,1193,1784807906.9122584,8,0.020599365234375,0.002574920654296875,True
4,1194,1784807906.9331973,8,0.019941091537475586,0.0024926364421844482,True
4,1195,1784807906.9534347,8,0.018352985382080078,0.0022941231727600098,True
4,1196,1784807906.9723165,8,0.019381999969482422,0.0024227499961853027,True
4,1197,1784807906.9920816,8,0.020664453506469727,0.002583056688308716,True
4,1198,1784807907.0131044,8,0.01969003677368164,0.002461254596710205,True
4,1199,1784807907.0333076,8,0.01858973503112793,0.002323716878890991,True
4,1200,1784807907.0524404,8,0.019687414169311523,0.0024609267711639404,True
4,1201,1784807907.072517,8,0.020435571670532227,0.0025544464588165283,True
4,1202,1784807907.0934494,8,0.0203855037689209,0.0025481879711151123,True
4,1203,1784807907.1142857,8,0.019496917724609375,0.002437114715576172,True
4,1204,1784807907.1341698,8,0.019933700561523438,0.0024917125701904297,True
4,1205,1784807907.1545696,8,0.02016282081604004,0.002520352602005005,True
4,1206,1784807907.1752262,8,0.020701885223388672,0.002587735652923584,True
4,1207,1784807907.196357,8,0.0186765193939209,0.0023345649242401123,True
4,1208,1784807907.2156012,8,0.020050048828125,0.002506256103515625,True
4,1209,1784807907.2364008,8,0.019352197647094727,0.002419024705886841,True
4,1210,1784807907.256435,8,0.020917177200317383,0.002614647150039673,True
4,1211,1784807907.2777765,8,0.021027326583862305,0.002628415822982788,True
4,1212,1784807907.299383,8,0.01944899559020996,0.002431124448776245,True
4,1213,1784807907.319152,8,0.018563508987426758,0.0023204386234283447,True
4,1214,1784807907.3380418,8,0.020027875900268555,0.0025034844875335693,True
4,1215,1784807907.358442,8,0.021724700927734375,0.002715587615966797,True
4,1216,1784807907.3805983,8,0.01952195167541504,0.00244024395942688,True
4,1217,1784807907.4007132,8,0.01785898208618164,0.002232372760772705,True
4,1218,1784807907.4189253,8,0.01984572410583496,0.00248071551322937,True
4,1219,1784807907.4391744,8,0.02025747299194336,0.00253218412399292,True
4,1220,1784807907.4601078,8,0.021326303482055664,0.002665787935256958,True
4,1221,1784807907.482079,8,0.02032613754272461,0.002540767192840576,True
4,1222,1784807907.5027776,8,0.018572330474853516,0.0023215413093566895,True
4,1223,1784807907.5220165,8,0.02018141746520996,0.002522677183151245,True
4,1224,1784807907.5425525,8,0.019811153411865234,0.0024763941764831543,True
4,1225,1784807907.5627604,8,0.021898746490478516,0.0027373433113098145,True
4,1226,1784807907.5849657,8,0.020381689071655273,0.002547711133956909,True
4,1227,1784807907.6063678,8,0.018683195114135742,0.0023353993892669678,True
4,1228,1784807907.6254628,8,0.018923282623291016,0.002365410327911377,True
4,1229,1784807907.6448934,8,0.02012324333190918,0.0025154054164886475,True
4,1230,1784807907.6653697,8,0.02025604248046875,0.0025320053100585938,True
4,1231,1784807907.68601,8,0.01806187629699707,0.002257734537124634,True
4,1232,1784807907.7045448,8,0.020949840545654297,0.002618730068206787,True
4,1233,1784807907.726012,8,0.020399808883666992,0.002549976110458374,True
4,1234,1784807907.7467327,8,0.019506216049194336,0.002438277006149292,True
4,1235,1784807907.7665825,8,0.021365880966186523,0.0026707351207733154,True
4,1236,1784807907.7883446,8,0.01993083953857422,0.0024913549423217773,True
4,1237,1784807907.808649,8,0.018755674362182617,0.002344459295272827,True
4,1238,1784807907.8281481,8,0.020097970962524414,0.0025122463703155518,True
4,1239,1784807907.848636,8,0.020625829696655273,0.002578228712081909,True
4,1240,1784807907.8696985,8,0.019972801208496094,0.0024966001510620117,True
4,1241,1784807907.8902974,8,0.019217967987060547,0.0024022459983825684,True
4,1242,1784807907.9097917,8,0.020366907119750977,0.002545863389968872,True
4,1243,1784807907.930602,8,0.019816875457763672,0.002477109432220459,True
4,1244,1784807907.9510877,8,0.023379802703857422,0.0029224753379821777,True
4,1245,1784807907.974788,8,0.01920294761657715,0.0024003684520721436,True
4,1246,1784807907.9947665,8,0.019677400588989258,0.0024596750736236572,True
4,1247,1784807908.015108,8,0.020202159881591797,0.0025252699851989746,True
4,1248,1784807908.0357492,8,0.020750045776367188,0.0025937557220458984,True
4,1249,1784807908.0572598,8,0.02109837532043457,0.0026372969150543213,True
4,1250,1784807908.0795,8,0.02055501937866211,0.0025693774223327637,True
4,1251,1784807908.1004117,8,0.020051002502441406,0.0025063753128051758,True
4,1252,1784807908.121102,8,0.019627094268798828,0.0024533867835998535,True
4,1253,1784807908.1410184,8,0.019802570343017578,0.0024753212928771973,True
4,1254,1784807908.1616955,8,0.019427776336669922,0.0024284720420837402,True
4,1255,1784807908.1813917,8,0.02002859115600586,0.0025035738945007324,True
4,1256,1784807908.2018003,8,0.020687580108642578,0.0025859475135803223,True
4,1257,1784807908.223094,8,0.021227598190307617,0.002653449773788452,True
4,1258,1784807908.2447205,8,0.019375085830688477,0.0024218857288360596,True
4,1259,1784807908.2644975,8,0.020972013473510742,0.0026215016841888428,True
4,1260,1784807908.2860518,8,0.020506620407104492,0.0025633275508880615,True
4,1261,1784807908.3071742,8,0.019862651824951172,0.0024828314781188965,True
4,1262,1784807908.3274004,8,0.02037525177001953,0.0025469064712524414,True
4,1263,1784807908.3485663,8,0.021070003509521484,0.0026337504386901855,True
4,1264,1784807908.3699732,8,0.0199735164642334,0.002496689558029175,True
4,1265,1784807908.3910556,8,0.020930767059326172,0.0026163458824157715,True
4,1266,1784807908.4125865,8,0.018018245697021484,0.0022522807121276855,True
4,1267,1784807908.4317431,8,0.02225351333618164,0.002781689167022705,True
4,1268,1784807908.455502,8,0.01990962028503418,0.0024887025356292725,True
4,1269,1784807908.4763763,8,0.019735097885131836,0.0024668872356414795,True
4,1270,1784807908.4965894,8,0.019276857376098633,0.002409607172012329,True
4,1271,1784807908.5162754,8,0.0198824405670166,0.002485305070877075,True
4,1272,1784807908.5366201,8,0.020119905471801758,0.0025149881839752197,True
4,1273,1784807908.5570538,8,0.020685195922851562,0.0025856494903564453,True
4,1274,1784807908.578152,8,0.018839120864868164,0.0023548901081085205,True
4,1275,1784807908.5974371,8,0.020945310592651367,0.002618163824081421,True
4,1276,1784807908.619151,8,0.020261526107788086,0.0025326907634735107,True
4,1277,1784807908.639897,8,0.020521879196166992,0.002565234899520874,True
4,1278,1784807908.6608,8,0.020458459854125977,0.002557307481765747,True
4,1279,1784807908.6818006,8,0.020077943801879883,0.0025097429752349854,True
4,1280,1784807908.7032719,8,0.02151036262512207,0.002688795328140259,True
4,1281,1784807908.7251947,8,0.020942211151123047,0.002617776393890381,True
4,1282,1784807908.7470336,8,0.02194666862487793,0.002743333578109741,True
4,1283,1784807908.7693546,8,0.019380807876586914,0.0024226009845733643,True
4,1284,1784807908.789054,8,0.020035505294799805,0.0025044381618499756,True
4,1285,1784807908.8097937,8,0.020177125930786133,0.0025221407413482666,True
4,1286,1784807908.8303485,8,0.018717288970947266,0.002339661121368408,True
4,1287,1784807908.8498046,8,0.022690534591674805,0.0028363168239593506,True
4,1288,1784807908.8732302,8,0.020112037658691406,0.0025140047073364258,True
4,1289,1784807908.8936825,8,0.01958751678466797,0.002448439598083496,True
4,1290,1784807908.9138231,8,0.021864891052246094,0.0027331113815307617,True
4,1291,1784807908.9362612,8,0.01978754997253418,0.0024734437465667725,True
4,1292,1784807908.9567666,8,0.01910090446472168,0.00238761305809021,True
4,1293,1784807908.9761987,8,0.021319866180419922,0.0026649832725524902,True
4,1294,1784807908.9978883,8,0.021215438842773438,0.0026519298553466797,True
4,1295,1784807909.019402,8,0.018601655960083008,0.002325206995010376,True
4,1296,1784807909.038324,8,0.01885509490966797,0.002356886863708496,True
4,1297,1784807909.0575624,8,0.0202333927154541,0.0025291740894317627,True
4,1298,1784807909.0783162,8,0.01950836181640625,0.0024385452270507812,True
4,1299,1784807909.098207,8,0.0187685489654541,0.0023460686206817627,True
4,1300,1784807909.1174092,8,0.01930546760559082,0.0024131834506988525,True
4,1301,1784807909.137103,8,0.019242525100708008,0.002405315637588501,True
4,1302,1784807909.1566339,8,0.019460439682006836,0.0024325549602508545,True
4,1303,1784807909.1768563,8,0.018761873245239258,0.0023452341556549072,True
4,1304,1784807909.1961055,8,0.02075982093811035,0.002594977617263794,True
4,1305,1784807909.2172081,8,0.01937270164489746,0.0024215877056121826,True
4,1306,1784807909.2369246,8,0.022954702377319336,0.002869337797164917,True
4,1307,1784807909.2601523,8,0.019820451736450195,0.0024775564670562744,True
4,1308,1784807909.2802613,8,0.021942615509033203,0.0027428269386291504,True
4,1309,1784807909.3025713,8,0.0203397274017334,0.002542465925216675,True
4,1310,1784807909.3232381,8,0.020340919494628906,0.0025426149368286133,True
4,1311,1784807909.3439567,8,0.02111530303955078,0.0026394128799438477,True
4,1312,1784807909.365445,8,0.01807403564453125,0.0022592544555664062,True
4,1313,1784807909.383796,8,0.017915964126586914,0.0022394955158233643,True
4,1314,1784807909.4021556,8,0.01929640769958496,0.00241205096244812,True
4,1315,1784807909.4217856,8,0.019935131072998047,0.002491891384124756,True
4,1316,1784807909.442164,8,0.018024444580078125,0.0022530555725097656,True
4,1317,1784807909.4605453,8,0.019771814346313477,0.0024714767932891846,True
4,1318,1784807909.4810464,8,0.018959999084472656,0.002369999885559082,True
4,1319,1784807909.5009882,8,0.020581960678100586,0.0025727450847625732,True
4,1320,1784807909.522134,8,0.02016592025756836,0.002520740032196045,True
4,1321,1784807909.5439603,8,0.01787114143371582,0.0022338926792144775,True
4,1322,1784807909.562573,8,0.019404172897338867,0.0024255216121673584,True
4,1323,1784807909.5823047,8,0.019868135452270508,0.0024835169315338135,True
4,1324,1784807909.6024337,8,0.021271228790283203,0.0026589035987854004,True
4,1325,1784807909.624072,8,0.020904064178466797,0.0026130080223083496,True
4,1326,1784807909.6453686,8,0.021708250045776367,0.002713531255722046,True
4,1327,1784807909.6675892,8,0.018299102783203125,0.0022873878479003906,True
4,1328,1784807909.6863024,8,0.01927971839904785,0.0024099647998809814,True
4,1329,1784807909.7058806,8,0.021699190139770508,0.0027123987674713135,True
4,1330,1784807909.7279239,8,0.018834352493286133,0.0023542940616607666,True
4,1331,1784807909.7478347,8,0.02110123634338379,0.0026376545429229736,True
4,1332,1784807909.7696674,8,0.020611286163330078,0.0025764107704162598,True
4,1333,1784807909.791136,8,0.021993637084960938,0.002749204635620117,True
4,1334,1784807909.8136704,8,0.01903676986694336,0.00237959623336792,True
4,1335,1784807909.8331194,8,0.02185344696044922,0.0027316808700561523,True
4,1336,1784807909.8562229,8,0.020479679107666016,0.002559959888458252,True
4,1337,1784807909.8774204,8,0.019748926162719727,0.002468615770339966,True
4,1338,1784807909.8978107,8,0.018659591674804688,0.002332448959350586,True
4,1339,1784807909.9177887,8,0.020895957946777344,0.002611994743347168,True
4,1340,1784807909.9394581,8,0.019988298416137695,0.002498537302017212,True
4,1341,1784807909.9598124,8,0.020174026489257812,0.0025217533111572266,True
4,1342,1784807909.9803545,8,0.018403053283691406,0.0023003816604614258,True
4,1343,1784807909.9991162,8,0.01929950714111328,0.00241243839263916,True
4,1344,1784807910.0187554,8,0.020414113998413086,0.0025517642498016357,True
4,1345,1784807910.0400882,8,0.020206212997436523,0.0025257766246795654,True
4,1346,1784807910.0606794,8,0.019455909729003906,0.0024319887161254883,True
4,1347,1784807910.0806484,8,0.02196645736694336,0.00274580717086792,True
4,1348,1784807910.1030867,8,0.019269704818725586,0.0024087131023406982,True
4,1349,1784807910.1238194,8,0.020236492156982422,0.0025295615196228027,True
4,1350,1784807910.1447163,8,0.01981043815612793,0.002476304769515991,True
4,1351,1784807910.1650941,8,0.021438121795654297,0.002679765224456787,True
4,1352,1784807910.186854,8,0.019162416458129883,0.0023953020572662354,True
4,1353,1784807910.2075841,8,0.02085590362548828,0.002606987953186035,True
4,1354,1784807910.2291827,8,0.019295454025268555,0.0024119317531585693,True
4,1355,1784807910.2491927,8,0.019681215286254883,0.0024601519107818604,True
4,1356,1784807910.2692788,8,0.020008563995361328,0.002501070499420166,True
4,1357,1784807910.2897284,8,0.020644426345825195,0.0025805532932281494,True
4,1358,1784807910.310889,8,0.02041339874267578,0.0025516748428344727,True
4,1359,1784807910.331839,8,0.020139455795288086,0.0025174319744110107,True
4,1360,1784807910.3526566,8,0.01974773406982422,0.0024684667587280273,True
4,1361,1784807910.3731432,8,0.018926620483398438,0.0023658275604248047,True
4,1362,1784807910.3930655,8,0.020184040069580078,0.0025230050086975098,True
4,1363,1784807910.4138982,8,0.02361440658569336,0.00295180082321167,True
4,1364,1784807910.439003,8,0.019033432006835938,0.002379179000854492,True
4,1365,1784807910.4597027,8,0.02122783660888672,0.00265347957611084,True
4,1366,1784807910.4814742,8,0.019698381423950195,0.0024622976779937744,True
4,1367,1784807910.5018635,8,0.02112865447998047,0.0026410818099975586,True
4,1368,1784807910.5234668,8,0.01943373680114746,0.0024292171001434326,True
4,1369,1784807910.54384,8,0.019119739532470703,0.002389967441558838,True
4,1370,1784807910.5639708,8,0.020331621170043945,0.002541452646255493,True
4,1371,1784807910.5847542,8,0.020935535430908203,0.0026169419288635254,True
4,1372,1784807910.6064682,8,0.02044963836669922,0.0025562047958374023,True
4,1373,1784807910.627658,8,0.0196075439453125,0.0024509429931640625,True
4,1374,1784807910.6477358,8,0.02195882797241211,0.0027448534965515137,True
4,1375,1784807910.6701515,8,0.01941823959350586,0.0024272799491882324,True
4,1376,1784807910.6900332,8,0.019221782684326172,0.0024027228355407715,True
4,1377,1784807910.710333,8,0.021323442459106445,0.0026654303073883057,True
4,1378,1784807910.732004,8,0.021788835525512695,0.002723604440689087,True
4,1379,1784807910.7546732,8,0.021831035614013672,0.002728879451751709,True
4,1380,1784807910.777108,8,0.020371675491333008,0.002546459436416626,True
4,1381,1784807910.798018,8,0.02017831802368164,0.002522289752960205,True
4,1382,1784807910.8197906,8,0.02254199981689453,0.0028177499771118164,True
4,1383,1784807910.8428366,8,0.018612384796142578,0.0023265480995178223,True
4,1384,1784807910.8621044,8,0.021491050720214844,0.0026863813400268555,True
4,1385,1784807910.8840344,8,0.020265579223632812,0.0025331974029541016,True
4,1386,1784807910.9048948,8,0.01979660987854004,0.002474576234817505,True
4,1387,1784807910.92514,8,0.021213769912719727,0.002651721239089966,True
4,1388,1784807910.9474053,8,0.020054340362548828,0.0025067925453186035,True
4,1389,1784807910.967919,8,0.0213930606842041,0.0026741325855255127,True
4,1390,1784807910.9909067,8,0.020239830017089844,0.0025299787521362305,True
4,1391,1784807911.0121422,8,0.022262096405029297,0.002782762050628662,True
4,1392,1784807911.0353198,8,0.019594430923461914,0.0024493038654327393,True
4,1393,1784807911.0555868,8,0.01916956901550293,0.002396196126937866,True
4,1394,1784807911.0752263,8,0.019460201263427734,0.002432525157928467,True
4,1395,1784807911.0951102,8,0.02125406265258789,0.0026567578315734863,True
4,1396,1784807911.1167467,8,0.020151853561401367,0.002518981695175171,True
4,1397,1784807911.1372902,8,0.019377946853637695,0.002422243356704712,True
4,1398,1784807911.1572385,8,0.02062821388244629,0.002578526735305786,True
4,1399,1784807911.178184,8,0.018659591674804688,0.002332448959350586,True
4,1400,1784807911.197244,8,0.020293235778808594,0.0025366544723510742,True
4,1401,1784807911.2180185,8,0.020090103149414062,0.002511262893676758,True
4,1402,1784807911.2385685,8,0.01888728141784668,0.002360910177230835,True
4,1403,1784807911.2582078,8,0.020374059677124023,0.002546757459640503,True
4,1404,1784807911.2789001,8,0.021828889846801758,0.0027286112308502197,True
4,1405,1784807911.3017898,8,0.01991748809814453,0.0024896860122680664,True
4,1406,1784807911.322058,8,0.01922750473022461,0.002403438091278076,True
4,1407,1784807911.3416052,8,0.019757509231567383,0.002469688653945923,True
4,1408,1784807911.3616188,8,0.02082657814025879,0.0026033222675323486,True
4,1409,1784807911.3827906,8,0.019317626953125,0.002414703369140625,True
4,1410,1784807911.4026058,8,0.019771337509155273,0.002471417188644409,True
4,1411,1784807911.422698,8,0.020427703857421875,0.0025534629821777344,True
4,1412,1784807911.443522,8,0.019658565521240234,0.0024573206901550293,True
4,1413,1784807911.4636111,8,0.018544912338256836,0.0023181140422821045,True
4,1414,1784807911.4825027,8,0.02069377899169922,0.0025867223739624023,True
4,1415,1784807911.5034938,8,0.020490169525146484,0.0025612711906433105,True
4,1416,1784807911.5243597,8,0.019281387329101562,0.0024101734161376953,True
4,1417,1784807911.5440586,8,0.022062063217163086,0.0027577579021453857,True
4,1418,1784807911.5665376,8,0.01934337615966797,0.002417922019958496,True
4,1419,1784807911.586276,8,0.02294921875,0.00286865234375,True
4,1420,1784807911.6102872,8,0.02097630500793457,0.0026220381259918213,True
4,1421,1784807911.6318154,8,0.020418882369995117,0.0025523602962493896,True
4,1422,1784807911.6526701,8,0.019337177276611328,0.002417147159576416,True
4,1423,1784807911.6728296,8,0.0217592716217041,0.0027199089527130127,True
4,1424,1784807911.6954794,8,0.02072429656982422,0.0025905370712280273,True
4,1425,1784807911.716667,8,0.019570350646972656,0.002446293830871582,True
4,1426,1784807911.7368786,8,0.02005457878112793,0.002506822347640991,True
4,1427,1784807911.7583246,8,0.02019643783569336,0.00252455472946167,True
4,1428,1784807911.778999,8,0.02058863639831543,0.0025735795497894287,True
4,1429,1784807911.8000023,8,0.019675254821777344,0.002459406852722168,True
4,1430,1784807911.8200939,8,0.02073502540588379,0.0025918781757354736,True
4,1431,1784807911.8411791,8,0.020541906356811523,0.0025677382946014404,True
4,1432,1784807911.8622148,8,0.020256519317626953,0.002532064914703369,True
4,1433,1784807911.8828206,8,0.020509958267211914,0.0025637447834014893,True
4,1434,1784807911.903682,8,0.021755456924438477,0.0027194321155548096,True
4,1435,1784807911.9257576,8,0.02181529998779297,0.002726912498474121,True
4,1436,1784807911.948048,8,0.019705772399902344,0.002463221549987793,True
4,1437,1784807911.9681034,8,0.020811080932617188,0.0026013851165771484,True
4,1438,1784807911.9893665,8,0.020823240280151367,0.002602905035018921,True
4,1439,1784807912.0105238,8,0.02007579803466797,0.002509474754333496,True
4,1440,1784807912.031101,8,0.02357935905456543,0.0029474198818206787,True
4,1441,1784807912.0556147,8,0.019597291946411133,0.0024496614933013916,True
4,1442,1784807912.0756047,8,0.018651247024536133,0.0023314058780670166,True
4,1443,1784807912.0947804,8,0.020811796188354492,0.0026014745235443115,True
4,1444,1784807912.1161938,8,0.018646955490112305,0.002330869436264038,True
4,1445,1784807912.1352432,8,0.020481586456298828,0.0025601983070373535,True
4,1446,1784807912.1563015,8,0.019641637802124023,0.002455204725265503,True
4,1447,1784807912.1771104,8,0.02176356315612793,0.002720445394515991,True
4,1448,1784807912.2001183,8,0.01974630355834961,0.002468287944793701,True
4,1449,1784807912.2204492,8,0.019356489181518555,0.0024195611476898193,True
4,1450,1784807912.2401183,8,0.01979827880859375,0.0024747848510742188,True
4,1451,1784807912.2602937,8,0.020647764205932617,0.002580970525741577,True
4,1452,1784807912.2815871,8,0.020072221755981445,0.0025090277194976807,True
4,1453,1784807912.3019645,8,0.020366668701171875,0.0025458335876464844,True
4,1454,1784807912.3227415,8,0.02013564109802246,0.0025169551372528076,True
4,1455,1784807912.3433225,8,0.020853757858276367,0.002606719732284546,True
4,1456,1784807912.3646703,8,0.020702838897705078,0.0025878548622131348,True
4,1457,1784807912.3857827,8,0.018888235092163086,0.0023610293865203857,True
4,1458,1784807912.4054408,8,0.018843412399291992,0.002355426549911499,True
4,1459,1784807912.4246674,8,0.020277976989746094,0.0025347471237182617,True
4,1460,1784807912.4453552,8,0.020021438598632812,0.0025026798248291016,True
4,1461,1784807912.4657066,8,0.01905226707458496,0.00238153338432312,True
4,1462,1784807912.4854004,8,0.02065873146057129,0.002582341432571411,True
4,1463,1784807912.5064154,8,0.019892215728759766,0.0024865269660949707,True
4,1464,1784807912.52662,8,0.01954174041748047,0.0024427175521850586,True
4,1465,1784807912.5465496,8,0.020722627639770508,0.0025903284549713135,True
4,1466,1784807912.5677104,8,0.019685745239257812,0.0024607181549072266,True
4,1467,1784807912.5876691,8,0.021059274673461914,0.0026324093341827393,True
4,1468,1784807912.6091475,8,0.018706560134887695,0.002338320016860962,True
4,1469,1784807912.6282837,8,0.019641399383544922,0.0024551749229431152,True
4,1470,1784807912.6484513,8,0.02034926414489746,0.0025436580181121826,True
4,1471,1784807912.669176,8,0.0189359188079834,0.002366989850997925,True
4,1472,1784807912.6884468,8,0.0181272029876709,0.0022659003734588623,True
4,1473,1784807912.7070203,8,0.020374298095703125,0.0025467872619628906,True
4,1474,1784807912.7277339,8,0.019366025924682617,0.002420753240585327,True
4,1475,1784807912.7474656,8,0.02530217170715332,0.003162771463394165,True
4,1476,1784807912.773294,8,0.019242286682128906,0.0024052858352661133,True
4,1477,1784807912.7929025,8,0.02242755889892578,0.0028034448623657227,True
4,1478,1784807912.8157363,8,0.020103931427001953,0.002512991428375244,True
4,1479,1784807912.8361733,8,0.019798755645751953,0.002474844455718994,True
4,1480,1784807912.8562698,8,0.020018815994262695,0.002502351999282837,True
4,1481,1784807912.8779986,8,0.01871466636657715,0.0023393332958221436,True
4,1482,1784807912.8972347,8,0.021147966384887695,0.002643495798110962,True
4,1483,1784807912.9190938,8,0.01934814453125,0.00241851806640625,True
4,1484,1784807912.9388368,8,0.01969742774963379,0.0024621784687042236,True
4,1485,1784807912.9599268,8,0.019135475158691406,0.0023919343948364258,True
4,1486,1784807912.980428,8,0.018500566482543945,0.002312570810317993,True
4,1487,1784807912.9994876,8,0.019156932830810547,0.0023946166038513184,True
4,1488,1784807913.0189984,8,0.018628835678100586,0.0023286044597625732,True
4,1489,1784807913.0381923,8,0.019516706466674805,0.0024395883083343506,True
4,1490,1784807913.058138,8,0.02030205726623535,0.002537757158279419,True
4,1491,1784807913.078732,8,0.018891096115112305,0.002361387014389038,True
4,1492,1784807913.0980463,8,0.020234346389770508,0.0025292932987213135,True
4,1493,1784807913.1185997,8,0.019373416900634766,0.0024216771125793457,True
4,1494,1784807913.138412,8,0.019940853118896484,0.0024926066398620605,True
4,1495,1784807913.158605,8,0.019855022430419922,0.0024818778038024902,True
4,1496,1784807913.1792362,8,0.021451950073242188,0.0026814937591552734,True
4,1497,1784807913.2010522,8,0.01871800422668457,0.0023397505283355713,True
4,1498,1784807913.220038,8,0.022312164306640625,0.002789020538330078,True
4,1499,1784807913.242956,8,0.020098209381103516,0.0025122761726379395,True
4,1500,1784807913.263634,8,0.018370628356933594,0.0022963285446166992,True
4,1501,1784807913.2824674,8,0.019878387451171875,0.0024847984313964844,True
4,1502,1784807913.3026865,8,0.020142316818237305,0.002517789602279663,True
4,1503,1784807913.3231895,8,0.021615028381347656,0.002701878547668457,True
4,1504,1784807913.3453348,8,0.020479679107666016,0.002559959888458252,True
4,1505,1784807913.3663068,8,0.01917099952697754,0.0023963749408721924,True
4,1506,1784807913.3857706,8,0.019751787185668945,0.002468973398208618,True
4,1507,1784807913.4058068,8,0.020897626876831055,0.002612203359603882,True
4,1508,1784807913.4272604,8,0.020111083984375,0.002513885498046875,True
4,1509,1784807913.4476583,8,0.019614696502685547,0.0024518370628356934,True
4,1510,1784807913.4676826,8,0.022210121154785156,0.0027762651443481445,True
4,1511,1784807913.490253,8,0.019222021102905273,0.002402752637863159,True
4,1512,1784807913.5099247,8,0.020451784133911133,0.0025564730167388916,True
4,1513,1784807913.5306654,8,0.020706653594970703,0.002588331699371338,True
4,1514,1784807913.5518425,8,0.023807525634765625,0.002975940704345703,True
4,1515,1784807913.576284,8,0.018073320388793945,0.002259165048599243,True
4,1516,1784807913.595367,8,0.020752429962158203,0.0025940537452697754,True
4,1517,1784807913.6166837,8,0.02088022232055664,0.00261002779006958,True
4,1518,1784807913.6380584,8,0.019684314727783203,0.0024605393409729004,True
4,1519,1784807913.6581268,8,0.020795822143554688,0.002599477767944336,True
4,1520,1784807913.6795683,8,0.020303726196289062,0.002537965774536133,True
4,1521,1784807913.7001836,8,0.018492698669433594,0.0023115873336791992,True
4,1522,1784807913.7190018,8,0.022871732711791992,0.002858966588973999,True
4,1523,1784807913.7421827,8,0.019049644470214844,0.0023812055587768555,True
4,1524,1784807913.7615724,8,0.02111029624938965,0.002638787031173706,True
4,1525,1784807913.782975,8,0.020613670349121094,0.0025767087936401367,True
4,1526,1784807913.8039796,8,0.017673969268798828,0.0022092461585998535,True
4,1527,1784807913.8231976,8,0.021544694900512695,0.002693086862564087,True
4,1528,1784807913.8451126,8,0.01949763298034668,0.002437204122543335,True
4,1529,1784807913.8654878,8,0.019995927810668945,0.002499490976333618,True
4,1530,1784807913.8860629,8,0.019494056701660156,0.0024367570877075195,True
4,1531,1784807913.906189,8,0.019921541213989258,0.0024901926517486572,True
4,1532,1784807913.9268284,8,0.02043461799621582,0.0025543272495269775,True
4,1533,1784807913.9476304,8,0.021561384201049805,0.0026951730251312256,True
4,1534,1784807913.970774,8,0.020659208297729492,0.0025824010372161865,True
4,1535,1784807913.9918742,8,0.018649578094482422,0.0023311972618103027,True
4,1536,1784807914.0109832,8,0.0202481746673584,0.0025310218334198,True
4,1537,1784807914.0324724,8,0.0192413330078125,0.0024051666259765625,True
4,1538,1784807914.0521166,8,0.01899266242980957,0.0023740828037261963,True
4,1539,1784807914.0716164,8,0.021014690399169922,0.0026268362998962402,True
4,1540,1784807914.09302,8,0.019110679626464844,0.0023888349533081055,True
4,1541,1784807914.1126564,8,0.018533945083618164,0.0023167431354522705,True
4,1542,1784807914.1314976,8,0.020398855209350586,0.0025498569011688232,True
4,1543,1784807914.152286,8,0.020136356353759766,0.0025170445442199707,True
4,1544,1784807914.172737,8,0.020117759704589844,0.0025147199630737305,True
4,1545,1784807914.193416,8,0.019122838973999023,0.002390354871749878,True
4,1546,1784807914.2128441,8,0.02158379554748535,0.002697974443435669,True
4,1547,1784807914.23475,8,0.02007579803466797,0.002509474754333496,True
4,1548,1784807914.2552338,8,0.02155900001525879,0.0026948750019073486,True
4,1549,1784807914.2771027,8,0.018542051315307617,0.002317756414413452,True
4,1550,1784807914.2959502,8,0.019864320755004883,0.0024830400943756104,True
4,1551,1784807914.316149,8,0.022425174713134766,0.0028031468391418457,True
4,1552,1784807914.33905,8,0.02061605453491211,0.0025770068168640137,True
4,1553,1784807914.360677,8,0.01792764663696289,0.0022409558296203613,True
4,1554,1784807914.3789802,8,0.019404172897338867,0.0024255216121673584,True
4,1555,1784807914.3986652,8,0.01984691619873047,0.0024808645248413086,True
4,1556,1784807914.418872,8,0.019793033599853516,0.0024741291999816895,True
4,1557,1784807914.439138,8,0.020686626434326172,0.0025858283042907715,True
4,1558,1784807914.4603307,8,0.02037525177001953,0.0025469064712524414,True
4,1559,1784807914.4810977,8,0.019297361373901367,0.002412170171737671,True
4,1560,1784807914.5008514,8,0.018824338912963867,0.0023530423641204834,True
4,1561,1784807914.520479,8,0.01996326446533203,0.002495408058166504,True
4,1562,1784807914.5408144,8,0.024558544158935547,0.0030698180198669434,True
4,1563,1784807914.5667465,8,0.020606279373168945,0.002575784921646118,True
4,1564,1784807914.5877633,8,0.018938541412353516,0.0023673176765441895,True
4,1565,1784807914.6071105,8,0.01992321014404297,0.002490401268005371,True
4,1566,1784807914.6274078,8,0.021131038665771484,0.0026413798332214355,True
4,1567,1784807914.6489081,8,0.018844127655029297,0.002355515956878662,True
4,1568,1784807914.6680841,8,0.02061605453491211,0.0025770068168640137,True
4,1569,1784807914.6891088,8,0.019873857498168945,0.002484232187271118,True
4,1570,1784807914.7093432,8,0.01818561553955078,0.0022732019424438477,True
4,1571,1784807914.7279768,8,0.01952052116394043,0.0024400651454925537,True
4,1572,1784807914.7479093,8,0.020418643951416016,0.002552330493927002,True
4,1573,1784807914.7686594,8,0.020880699157714844,0.0026100873947143555,True
4,1574,1784807914.789889,8,0.018862247467041016,0.002357780933380127,True
4,1575,1784807914.8091524,8,0.02023172378540039,0.002528965473175049,True
4,1576,1784807914.8298106,8,0.01981043815612793,0.002476304769515991,True
4,1577,1784807914.849965,8,0.02064824104309082,0.0025810301303863525,True
4,1578,1784807914.870969,8,0.019894838333129883,0.0024868547916412354,True
4,1579,1784807914.8912432,8,0.018512248992919922,0.0023140311241149902,True
4,1580,1784807914.9101045,8,0.0197751522064209,0.0024718940258026123,True
4,1581,1784807914.9302235,8,0.018837451934814453,0.0023546814918518066,True
4,1582,1784807914.9493675,8,0.01985764503479004,0.002482205629348755,True
4,1583,1784807914.9699073,8,0.020304203033447266,0.002538025379180908,True
4,1584,1784807914.9906137,8,0.020916461944580078,0.0026145577430725098,True
4,1585,1784807915.012162,8,0.018635034561157227,0.0023293793201446533,True
4,1586,1784807915.0311875,8,0.019414901733398438,0.0024268627166748047,True
4,1587,1784807915.0512128,8,0.018872499465942383,0.002359062433242798,True
4,1588,1784807915.070559,8,0.019143104553222656,0.002392888069152832,True
4,1589,1784807915.090518,8,0.0199737548828125,0.0024967193603515625,True
4,1590,1784807915.110887,8,0.01915431022644043,0.0023942887783050537,True
4,1591,1784807915.1306498,8,0.022834062576293945,0.002854257822036743,True
4,1592,1784807915.1540887,8,0.018899917602539062,0.002362489700317383,True
4,1593,1784807915.173606,8,0.0193789005279541,0.0024223625659942627,True
4,1594,1784807915.1941001,8,0.020296573638916016,0.002537071704864502,True
4,1595,1784807915.214679,8,0.02017378807067871,0.002521723508834839,True
4,1596,1784807915.2351298,8,0.019950389862060547,0.0024937987327575684,True
4,1597,1784807915.2554443,8,0.022449254989624023,0.002806156873703003,True
4,1598,1784807915.2783408,8,0.01826643943786621,0.0022833049297332764,True
4,1599,1784807915.297039,8,0.02139592170715332,0.002674490213394165,True
4,1600,1784807915.3187456,8,0.01933908462524414,0.0024173855781555176,True
4,1601,1784807915.3384073,8,0.018667221069335938,0.002333402633666992,True
4,1602,1784807915.357515,8,0.019008874893188477,0.0023761093616485596,True
4,1603,1784807915.3769753,8,0.020393848419189453,0.0025492310523986816,True
4,1604,1784807915.3977818,8,0.019704341888427734,0.002463042736053467,True
4,1605,1784807915.4179492,8,0.019754648208618164,0.0024693310260772705,True
4,1606,1784807915.4384239,8,0.01833486557006836,0.002291858196258545,True
4,1607,1784807915.4570596,8,0.019193649291992188,0.0023992061614990234,True
4,1608,1784807915.4768872,8,0.02089214324951172,0.002611517906188965,True
4,1609,1784807915.4981868,8,0.02258467674255371,0.002823084592819214,True
4,1610,1784807915.5211616,8,0.018288373947143555,0.0022860467433929443,True
4,1611,1784807915.539735,8,0.020177364349365234,0.0025221705436706543,True
4,1612,1784807915.5602643,8,0.01990795135498047,0.0024884939193725586,True
4,1613,1784807915.5804398,8,0.020097017288208008,0.002512127161026001,True
4,1614,1784807915.6014285,8,0.022099971771240234,0.0027624964714050293,True
4,1615,1784807915.625122,8,0.01961040496826172,0.002451300621032715,True
4,1616,1784807915.6451712,8,0.019811630249023438,0.0024764537811279297,True
4,1617,1784807915.6653104,8,0.020216703414916992,0.002527087926864624,True
4,1618,1784807915.685879,8,0.020452260971069336,0.002556532621383667,True
4,1619,1784807915.706783,8,0.018425941467285156,0.0023032426834106445,True
4,1620,1784807915.725595,8,0.02306675910949707,0.002883344888687134,True
4,1621,1784807915.7489853,8,0.0199892520904541,0.0024986565113067627,True
4,1622,1784807915.7695873,8,0.018081188201904297,0.002260148525238037,True
4,1623,1784807915.7883043,8,0.021985292434692383,0.002748161554336548,True
4,1624,1784807915.8107102,8,0.01928234100341797,0.002410292625427246,True
4,1625,1784807915.8305237,8,0.019869327545166016,0.002483665943145752,True
4,1626,1784807915.8512063,8,0.021747112274169922,0.0027183890342712402,True
4,1627,1784807915.8734064,8,0.018332958221435547,0.0022916197776794434,True
4,1628,1784807915.8923295,8,0.020106792449951172,0.0025133490562438965,True
4,1629,1784807915.9128246,8,0.022840023040771484,0.0028550028800964355,True
4,1630,1784807915.9361084,8,0.020458698272705078,0.0025573372840881348,True
4,1631,1784807915.9571092,8,0.019905567169189453,0.0024881958961486816,True
4,1632,1784807915.9773495,8,0.020250320434570312,0.002531290054321289,True
4,1633,1784807915.998133,8,0.021831750869750977,0.002728968858718872,True
4,1634,1784807916.020864,8,0.01787853240966797,0.002234816551208496,True
4,1635,1784807916.0391066,8,0.02026653289794922,0.0025333166122436523,True
4,1636,1784807916.0597515,8,0.02004837989807129,0.002506047487258911,True
4,1637,1784807916.0803802,8,0.020081281661987305,0.002510160207748413,True
4,1638,1784807916.100922,8,0.021026134490966797,0.0026282668113708496,True
4,1639,1784807916.1224036,8,0.019242286682128906,0.0024052858352661133,True
4,1640,1784807916.1422608,8,0.019886255264282227,0.0024857819080352783,True
4,1641,1784807916.162663,8,0.019344091415405273,0.002418011426925659,True
4,1642,1784807916.1831079,8,0.021666526794433594,0.0027083158493041992,True
4,1643,1784807916.2051628,8,0.019475221633911133,0.0024344027042388916,True
4,1644,1784807916.2253973,8,0.018987417221069336,0.002373427152633667,True
4,1645,1784807916.2454448,8,0.019171953201293945,0.002396494150161743,True
4,1646,1784807916.2649484,8,0.020615339279174805,0.0025769174098968506,True
4,1647,1784807916.2861266,8,0.020261287689208984,0.002532660961151123,True
4,1648,1784807916.3077335,8,0.021198272705078125,0.0026497840881347656,True
4,1649,1784807916.3293235,8,0.020764827728271484,0.0025956034660339355,True
4,1650,1784807916.3504243,8,0.021884918212890625,0.002735614776611328,True
4,1651,1784807916.3727121,8,0.023959636688232422,0.0029949545860290527,True
4,1652,1784807916.397414,8,0.019868850708007812,0.0024836063385009766,True
4,1653,1784807916.4177275,8,0.020955324172973633,0.002619415521621704,True
4,1654,1784807916.4391196,8,0.019994497299194336,0.002499312162399292,True
4,1655,1784807916.459407,8,0.01949024200439453,0.0024362802505493164,True
4,1656,1784807916.4795732,8,0.022433996200561523,0.0028042495250701904,True
4,1657,1784807916.5024035,8,0.0197908878326416,0.0024738609790802,True
4,1658,1784807916.5224705,8,0.020244359970092773,0.0025305449962615967,True
4,1659,1784807916.543145,8,0.020940780639648438,0.0026175975799560547,True
4,1660,1784807916.56437,8,0.019196510314941406,0.0023995637893676758,True
4,1661,1784807916.5839539,8,0.020918607711791992,0.002614825963973999,True
4,1662,1784807916.6052053,8,0.022009849548339844,0.0027512311935424805,True
4,1663,1784807916.6276295,8,0.01845693588256836,0.002307116985321045,True
4,1664,1784807916.6463728,8,0.018568754196166992,0.002321094274520874,True
4,1665,1784807916.6659038,8,0.021329164505004883,0.0026661455631256104,True
4,1666,1784807916.6876256,8,0.020670652389526367,0.002583831548690796,True
4,1667,1784807916.708647,8,0.01999974250793457,0.0024999678134918213,True
4,1668,1784807916.7296174,8,0.01942157745361328,0.00242769718170166,True
4,1669,1784807916.749317,8,0.021024703979492188,0.0026280879974365234,True
4,1670,1784807916.7706983,8,0.020229339599609375,0.002528667449951172,True
4,1671,1784807916.791449,8,0.020145416259765625,0.002518177032470703,True
4,1672,1784807916.8123236,8,0.020005464553833008,0.002500683069229126,True
4,1673,1784807916.8327556,8,0.020746469497680664,0.002593308687210083,True
4,1674,1784807916.8543115,8,0.019402265548706055,0.002425283193588257,True
4,1675,1784807916.873965,8,0.020001649856567383,0.002500206232070923,True
4,1676,1784807916.894299,8,0.021575927734375,0.002696990966796875,True
4,1677,1784807916.9163098,8,0.020560264587402344,0.002570033073425293,True
4,1678,1784807916.9372475,8,0.01920938491821289,0.0024011731147766113,True
4,1679,1784807916.956897,8,0.0208737850189209,0.0026092231273651123,True
4,1680,1784807916.978274,8,0.020852327346801758,0.0026065409183502197,True
4,1681,1784807916.999487,8,0.02000594139099121,0.0025007426738739014,True
4,1682,1784807917.0198178,8,0.020422697067260742,0.0025528371334075928,True
4,1683,1784807917.040732,8,0.020212650299072266,0.002526581287384033,True
4,1684,1784807917.0613923,8,0.019416332244873047,0.002427041530609131,True
4,1685,1784807917.0812228,8,0.023152828216552734,0.002894103527069092,True
4,1686,1784807917.1047635,8,0.02053999900817871,0.002567499876022339,True
4,1687,1784807917.1256218,8,0.02052927017211914,0.0025661587715148926,True
4,1688,1784807917.147053,8,0.01983642578125,0.00247955322265625,True
4,1689,1784807917.1673715,8,0.022190332412719727,0.002773791551589966,True
4,1690,1784807917.1900437,8,0.01955890655517578,0.0024448633193969727,True
4,1691,1784807917.210508,8,0.019476652145385742,0.0024345815181732178,True
4,1692,1784807917.2307777,8,0.019149065017700195,0.0023936331272125244,True
4,1693,1784807917.2502792,8,0.019113540649414062,0.002389192581176758,True
4,1694,1784807917.2697608,8,0.01946854591369629,0.002433568239212036,True
4,1695,1784807917.290188,8,0.021017074584960938,0.002627134323120117,True
4,1696,1784807917.3127353,8,0.020325183868408203,0.0025406479835510254,True
4,1697,1784807917.3345287,8,0.019131898880004883,0.0023914873600006104,True
4,1698,1784807917.3540974,8,0.02080821990966797,0.002601027488708496,True
4,1699,1784807917.3752708,8,0.01969122886657715,0.0024614036083221436,True
4,1700,1784807917.3963327,8,0.020617008209228516,0.0025771260261535645,True
4,1701,1784807917.4173958,8,0.01982736587524414,0.0024784207344055176,True
4,1702,1784807917.4375908,8,0.020654678344726562,0.0025818347930908203,True
4,1703,1784807917.4585552,8,0.0214078426361084,0.00267598032951355,True
4,1704,1784807917.4803972,8,0.020206451416015625,0.002525806427001953,True
4,1705,1784807917.5009935,8,0.021887779235839844,0.0027359724044799805,True
4,1706,1784807917.5231824,8,0.0193328857421875,0.0024166107177734375,True
4,1707,1784807917.5429184,8,0.019611358642578125,0.0024514198303222656,True
4,1708,1784807917.5628982,8,0.02158355712890625,0.0026979446411132812,True
4,1709,1784807917.5847752,8,0.02217388153076172,0.002771735191345215,True
4,1710,1784807917.607357,8,0.0199735164642334,0.002496689558029175,True
4,1711,1784807917.6282408,8,0.019473791122436523,0.0024342238903045654,True
4,1712,1784807917.6480873,8,0.02054452896118164,0.002568066120147705,True
4,1713,1784807917.6696832,8,0.02084040641784668,0.002605050802230835,True
4,1714,1784807917.691165,8,0.02131509780883789,0.0026643872261047363,True
4,1715,1784807917.7144506,8,0.021249055862426758,0.0026561319828033447,True
4,1716,1784807917.736096,8,0.020451784133911133,0.0025564730167388916,True
4,1717,1784807917.7569473,8,0.019993066787719727,0.002499133348464966,True
4,1718,1784807917.7775197,8,0.020915985107421875,0.0026144981384277344,True
4,1719,1784807917.798745,8,0.019014835357666016,0.002376854419708252,True
4,1720,1784807917.818162,8,0.01987433433532715,0.0024842917919158936,True
4,1721,1784807917.8383248,8,0.019310712814331055,0.002413839101791382,True
4,1722,1784807917.8580015,8,0.023385047912597656,0.002923130989074707,True
4,1723,1784807917.881808,8,0.019009113311767578,0.0023761391639709473,True
4,1724,1784807917.9017906,8,0.019252300262451172,0.0024065375328063965,True
4,1725,1784807917.92149,8,0.02267599105834961,0.002834498882293701,True
4,1726,1784807917.9444885,8,0.019702434539794922,0.0024628043174743652,True
4,1727,1784807917.9646714,8,0.01957249641418457,0.0024465620517730713,True
4,1728,1784807917.9845974,8,0.021089792251586914,0.0026362240314483643,True
4,1729,1784807918.0060475,8,0.019555330276489258,0.0024444162845611572,True
4,1730,1784807918.0259295,8,0.01983046531677246,0.0024788081645965576,True
4,1731,1784807918.0462193,8,0.019662857055664062,0.002457857131958008,True
4,1732,1784807918.0664217,8,0.019689321517944336,0.002461165189743042,True
4,1733,1784807918.0864446,8,0.020747661590576172,0.0025934576988220215,True
4,1734,1784807918.1075108,8,0.02225780487060547,0.0027822256088256836,True
4,1735,1784807918.1302335,8,0.02263665199279785,0.0028295814990997314,True
4,1736,1784807918.1532269,8,0.019428730010986328,0.002428591251373291,True
4,1737,1784807918.172961,8,0.020221948623657227,0.0025277435779571533,True
4,1738,1784807918.193819,8,0.02109241485595703,0.002636551856994629,True
4,1739,1784807918.2153926,8,0.019688844680786133,0.0024611055850982666,True
4,1740,1784807918.235567,8,0.02028679847717285,0.0025358498096466064,True
4,1741,1784807918.2561684,8,0.019200801849365234,0.0024001002311706543,True
4,1742,1784807918.2757654,8,0.02014756202697754,0.0025184452533721924,True
4,1743,1784807918.2967424,8,0.023259401321411133,0.0029074251651763916,True
4,1744,1784807918.3209949,8,0.01904916763305664,0.00238114595413208,True
4,1745,1784807918.3417847,8,0.022320270538330078,0.0027900338172912598,True
4,1746,1784807918.364449,8,0.020040512084960938,0.002505064010620117,True
4,1747,1784807918.3852084,8,0.017137765884399414,0.0021422207355499268,True
4,1748,1784807918.4032555,8,0.019301652908325195,0.0024127066135406494,True
4,1749,1784807918.4228325,8,0.020244359970092773,0.0025305449962615967,True
4,1750,1784807918.4434912,8,0.02120184898376465,0.002650231122970581,True
4,1751,1784807918.4651773,8,0.020956039428710938,0.002619504928588867,True
4,1752,1784807918.4866095,8,0.018900632858276367,0.002362579107284546,True
4,1753,1784807918.5059419,8,0.020877599716186523,0.0026096999645233154,True
4,1754,1784807918.527253,8,0.02091240882873535,0.002614051103591919,True
4,1755,1784807918.5484455,8,0.019718408584594727,0.002464801073074341,True
4,1756,1784807918.5684927,8,0.020824670791625977,0.002603083848953247,True
4,1757,1784807918.5901964,8,0.020226478576660156,0.0025283098220825195,True
4,1758,1784807918.611053,8,0.0203702449798584,0.0025462806224823,True
4,1759,1784807918.6318092,8,0.020142316818237305,0.002517789602279663,True
4,1760,1784807918.6524317,8,0.02373337745666504,0.00296667218208313,True
4,1761,1784807918.6765437,8,0.020430326461791992,0.002553790807723999,True
4,1762,1784807918.697445,8,0.02120208740234375,0.0026502609252929688,True
4,1763,1784807918.720071,8,0.021368980407714844,0.0026711225509643555,True
4,1764,1784807918.7417426,8,0.018471240997314453,0.0023089051246643066,True
4,1765,1784807918.760719,8,0.018805742263793945,0.002350717782974243,True
4,1766,1784807918.779879,8,0.020258665084838867,0.0025323331356048584,True
4,1767,1784807918.8005958,8,0.02074408531188965,0.002593010663986206,True
4,1768,1784807918.8216472,8,0.021066904067993164,0.0026333630084991455,True
4,1769,1784807918.8430643,8,0.020451784133911133,0.0025564730167388916,True
4,1770,1784807918.8640156,8,0.019748449325561523,0.0024685561656951904,True
4,1771,1784807918.8840094,8,0.0222165584564209,0.0027770698070526123,True
4,1772,1784807918.906539,8,0.018741130828857422,0.0023426413536071777,True
4,1773,1784807918.9256883,8,0.01861095428466797,0.002326369285583496,True
4,1774,1784807918.9445808,8,0.022174596786499023,0.002771824598312378,True
4,1775,1784807918.9671206,8,0.01847982406616211,0.0023099780082702637,True
4,1776,1784807918.9859467,8,0.019963502883911133,0.0024954378604888916,True
4,1777,1784807919.0063934,8,0.019154071807861328,0.002394258975982666,True
4,1778,1784807919.0259411,8,0.021067142486572266,0.002633392810821533,True
4,1779,1784807919.0473943,8,0.021403074264526367,0.002675384283065796,True
4,1780,1784807919.0692425,8,0.01929950714111328,0.00241243839263916,True
4,1781,1784807919.0889397,8,0.022232532501220703,0.002779066562652588,True
4,1782,1784807919.1116543,8,0.019318819046020508,0.0024148523807525635,True
4,1783,1784807919.1314456,8,0.019845247268676758,0.0024806559085845947,True
4,1784,1784807919.1523132,8,0.02111220359802246,0.0026390254497528076,True
4,1785,1784807919.1742249,8,0.019055843353271484,0.0023819804191589355,True
4,1786,1784807919.1936932,8,0.020515918731689453,0.0025644898414611816,True
4,1787,1784807919.214611,8,0.021173715591430664,0.002646714448928833,True
4,1788,1784807919.236258,8,0.020026206970214844,0.0025032758712768555,True
4,1789,1784807919.2590475,8,0.01893782615661621,0.0023672282695770264,True
4,1790,1784807919.2785602,8,0.0231015682220459,0.0028876960277557373,True
4,1791,1784807919.302159,8,0.018236398696899414,0.0022795498371124268,True
4,1792,1784807919.32069,8,0.02049994468688965,0.002562493085861206,True
4,1793,1784807919.3418324,8,0.019634723663330078,0.0024543404579162598,True
4,1794,1784807919.3619032,8,0.02081584930419922,0.0026019811630249023,True
4,1795,1784807919.3832977,8,0.01958179473876953,0.0024477243423461914,True
4,1796,1784807919.403361,8,0.019470930099487305,0.002433866262435913,True
4,1797,1784807919.4232326,8,0.019437789916992188,0.0024297237396240234,True
4,1798,1784807919.4433842,8,0.02346205711364746,0.0029327571392059326,True
4,1799,1784807919.4680393,8,0.018392562866210938,0.002299070358276367,True
4,1800,1784807919.486818,8,0.020694971084594727,0.002586871385574341,True
4,1801,1784807919.507847,8,0.020487546920776367,0.002560943365097046,True
4,1802,1784807919.5287175,8,0.021025657653808594,0.0026282072067260742,True
4,1803,1784807919.550125,8,0.02203536033630371,0.002754420042037964,True
4,1804,1784807919.5728056,8,0.02290654182434082,0.0028633177280426025,True
4,1805,1784807919.5960052,8,0.01879286766052246,0.0023491084575653076,True
4,1806,1784807919.6151898,8,0.020069122314453125,0.0025086402893066406,True
4,1807,1784807919.6362932,8,0.021384000778198242,0.0026730000972747803,True
4,1808,1784807919.658555,8,0.023399829864501953,0.002924978733062744,True
4,1809,1784807919.6825557,8,0.019298315048217773,0.0024122893810272217,True
4,1810,1784807919.7023485,8,0.02102971076965332,0.002628713846206665,True
4,1811,1784807919.7238364,8,0.02196025848388672,0.00274503231048584,True
4,1812,1784807919.7469926,8,0.019838333129882812,0.0024797916412353516,True
4,1813,1784807919.7675858,8,0.01970696449279785,0.0024633705615997314,True
4,1814,1784807919.7882068,8,0.020415782928466797,0.0025519728660583496,True
4,1815,1784807919.8089662,8,0.020943164825439453,0.0026178956031799316,True
4,1816,1784807919.830277,8,0.01878666877746582,0.0023483335971832275,True
4,1817,1784807919.8497124,8,0.019940853118896484,0.0024926066398620605,True
4,1818,1784807919.8700833,8,0.02128124237060547,0.0026601552963256836,True
4,1819,1784807919.891758,8,0.01852130889892578,0.0023151636123657227,True
4,1820,1784807919.9108093,8,0.0198056697845459,0.0024757087230682373,True
4,1821,1784807919.9310331,8,0.019212007522583008,0.002401500940322876,True
4,1822,1784807919.9510589,8,0.019883394241333008,0.002485424280166626,True
4,1823,1784807919.9716618,8,0.020270586013793945,0.002533823251724243,True
4,1824,1784807919.9925342,8,0.021207332611083984,0.002650916576385498,True
4,1825,1784807920.0154562,8,0.0204775333404541,0.0025596916675567627,True
4,1826,1784807920.0365453,8,0.01906728744506836,0.002383410930633545,True
4,1827,1784807920.0561845,8,0.0201418399810791,0.0025177299976348877,True
4,1828,1784807920.0770204,8,0.020357608795166016,0.002544701099395752,True
4,1829,1784807920.097717,8,0.023427248001098633,0.002928406000137329,True
4,1830,1784807920.1215792,8,0.02014327049255371,0.002517908811569214,True
4,1831,1784807920.1425645,8,0.020055770874023438,0.0025069713592529297,True
4,1832,1784807920.1629848,8,0.019433259963989258,0.0024291574954986572,True
4,1833,1784807920.1829143,8,0.02152848243713379,0.0026910603046417236,True
4,1834,1784807920.2049105,8,0.020425796508789062,0.002553224563598633,True
4,1835,1784807920.2257285,8,0.01936483383178711,0.0024206042289733887,True
4,1836,1784807920.2453809,8,0.018187522888183594,0.0022734403610229492,True
4,1837,1784807920.2638729,8,0.019732952117919922,0.0024666190147399902,True
4,1838,1784807920.2846448,8,0.019602537155151367,0.002450317144393921,True
4,1839,1784807920.3047674,8,0.02017378807067871,0.002521723508834839,True
4,1840,1784807920.3252425,8,0.02131032943725586,0.0026637911796569824,True
4,1841,1784807920.3480499,8,0.01996922492980957,0.0024961531162261963,True
4,1842,1784807920.3683102,8,0.01990818977355957,0.0024885237216949463,True
4,1843,1784807920.388689,8,0.02013254165649414,0.0025165677070617676,True
4,1844,1784807920.409221,8,0.02412128448486328,0.00301516056060791,True
4,1845,1784807920.4357226,8,0.016804218292236328,0.002100527286529541,True
4,1846,1784807920.4529858,8,0.017616987228393555,0.0022021234035491943,True
4,1847,1784807920.471103,8,0.020850181579589844,0.0026062726974487305,True
4,1848,1784807920.492366,8,0.019676685333251953,0.002459585666656494,True
4,1849,1784807920.5124063,8,0.020637035369873047,0.002579629421234131,True
4,1850,1784807920.5338604,8,0.0193634033203125,0.0024204254150390625,True
4,1851,1784807920.5563028,8,0.019892454147338867,0.0024865567684173584,True
4,1852,1784807920.5775619,8,0.019000768661499023,0.002375096082687378,True
4,1853,1784807920.5970318,8,0.018041610717773438,0.0022552013397216797,True
4,1854,1784807920.615632,8,0.021381139755249023,0.002672642469406128,True
4,1855,1784807920.63737,8,0.01835036277770996,0.002293795347213745,True
4,1856,1784807920.6562233,8,0.021294593811035156,0.0026618242263793945,True
4,1857,1784807920.677978,8,0.01950693130493164,0.002438366413116455,True
4,1858,1784807920.6981516,8,0.02049708366394043,0.0025621354579925537,True
4,1859,1784807920.7191749,8,0.02013373374938965,0.002516716718673706,True
4,1860,1784807920.739858,8,0.02037525177001953,0.0025469064712524414,True
4,1861,1784807920.7610435,8,0.01924610137939453,0.0024057626724243164,True
4,1862,1784807920.7806153,8,0.020661592483520508,0.0025826990604400635,True
4,1863,1784807920.8016164,8,0.019823074340820312,0.002477884292602539,True
4,1864,1784807920.821813,8,0.018195629119873047,0.002274453639984131,True
4,1865,1784807920.8411353,8,0.020988941192626953,0.002623617649078369,True
4,1866,1784807920.8627646,8,0.021338462829589844,0.0026673078536987305,True
4,1867,1784807920.8846803,8,0.02024245262145996,0.002530306577682495,True
4,1868,1784807920.905726,8,0.01871037483215332,0.002338796854019165,True
4,1869,1784807920.9248862,8,0.02090597152709961,0.002613246440887451,True
4,1870,1784807920.946719,8,0.021088600158691406,0.0026360750198364258,True
4,1871,1784807920.968227,8,0.025186777114868164,0.0031483471393585205,True
4,1872,1784807920.993979,8,0.02040410041809082,0.0025505125522613525,True
4,1873,1784807921.0148523,8,0.021086931228637695,0.002635866403579712,True
4,1874,1784807921.0378149,8,0.019029617309570312,0.002378702163696289,True
4,1875,1784807921.057283,8,0.021247386932373047,0.002655923366546631,True
4,1876,1784807921.0791419,8,0.020458698272705078,0.0025573372840881348,True
4,1877,1784807921.1003594,8,0.019336462020874023,0.002417057752609253,True
4,1878,1784807921.120152,8,0.02138066291809082,0.0026725828647613525,True
4,1879,1784807921.1419983,8,0.020869970321655273,0.002608746290206909,True
4,1880,1784807921.1635725,8,0.01974344253540039,0.002467930316925049,True
4,1881,1784807921.1837401,8,0.02078413963317871,0.002598017454147339,True
4,1882,1784807921.2060928,8,0.02012181282043457,0.0025152266025543213,True
4,1883,1784807921.226824,8,0.019528865814208984,0.002441108226776123,True
4,1884,1784807921.2471085,8,0.019350767135620117,0.0024188458919525146,True
4,1885,1784807921.2678483,8,0.020750045776367188,0.0025937557220458984,True
4,1886,1784807921.2891858,8,0.020755290985107422,0.0025944113731384277,True
4,1887,1784807921.3103943,8,0.020869970321655273,0.002608746290206909,True
4,1888,1784807921.3316848,8,0.021627187728881836,0.0027033984661102295,True
4,1889,1784807921.3537316,8,0.019403457641601562,0.0024254322052001953,True
4,1890,1784807921.3736553,8,0.019964933395385742,0.0024956166744232178,True
4,1891,1784807921.394111,8,0.02017688751220703,0.002522110939025879,True
4,1892,1784807921.4157581,8,0.022374629974365234,0.0027968287467956543,True
4,1893,1784807921.439249,8,0.020169496536254883,0.0025211870670318604,True
4,1894,1784807921.4597542,8,0.02061772346496582,0.0025772154331207275,True
4,1895,1784807921.4806406,8,0.021416902542114258,0.0026771128177642822,True
4,1896,1784807921.5024045,8,0.01917719841003418,0.0023971498012542725,True
4,1897,1784807921.5219796,8,0.01961827278137207,0.002452284097671509,True
4,1898,1784807921.5420682,8,0.020524263381958008,0.002565532922744751,True
4,1899,1784807921.5630171,8,0.021112918853759766,0.0026391148567199707,True
4,1900,1784807921.5845337,8,0.020587682723999023,0.002573460340499878,True
4,1901,1784807921.6055307,8,0.019908428192138672,0.002488553524017334,True
4,1902,1784807921.6259797,8,0.02158331871032715,0.0026979148387908936,True
4,1903,1784807921.648354,8,0.01925349235534668,0.002406686544418335,True
4,1904,1784807921.667898,8,0.020596981048583984,0.002574622631072998,True
4,1905,1784807921.6889186,8,0.020004749298095703,0.002500593662261963,True
4,1906,1784807921.7093344,8,0.0202634334564209,0.0025329291820526123,True
4,1907,1784807921.7301795,8,0.020392417907714844,0.0025490522384643555,True
4,1908,1784807921.7510943,8,0.019673585891723633,0.002459198236465454,True
4,1909,1784807921.7711158,8,0.01988840103149414,0.0024860501289367676,True
4,1910,1784807921.7914014,8,0.021243572235107422,0.0026554465293884277,True
4,1911,1784807921.8129914,8,0.02047443389892578,0.0025593042373657227,True
4,1912,1784807921.8337674,8,0.020850419998168945,0.002606302499771118,True
4,1913,1784807921.8549557,8,0.020750761032104492,0.0025938451290130615,True
4,1914,1784807921.8759873,8,0.019031286239624023,0.002378910779953003,True
4,1915,1784807921.895344,8,0.019765615463256836,0.0024707019329071045,True
4,1916,1784807921.915515,8,0.019078731536865234,0.0023848414421081543,True
4,1917,1784807921.935337,8,0.021184444427490234,0.0026480555534362793,True
4,1918,1784807921.957384,8,0.019628047943115234,0.0024535059928894043,True
4,1919,1784807921.9774578,8,0.02016139030456543,0.0025201737880706787,True
4,1920,1784807921.9991028,8,0.021234989166259766,0.0026543736457824707,True
4,1921,1784807922.020776,8,0.020366430282592773,0.0025458037853240967,True
4,1922,1784807922.0416517,8,0.02147078514099121,0.0026838481426239014,True
4,1923,1784807922.063583,8,0.01994919776916504,0.00249364972114563,True
4,1924,1784807922.083998,8,0.01919245719909668,0.002399057149887085,True
4,1925,1784807922.1037798,8,0.019426822662353516,0.0024283528327941895,True
4,1926,1784807922.12365,8,0.021579265594482422,0.0026974081993103027,True
4,1927,1784807922.1458244,8,0.019990205764770508,0.0024987757205963135,True
4,1928,1784807922.1662521,8,0.023999691009521484,0.0029999613761901855,True
4,1929,1784807922.1910994,8,0.019278287887573242,0.0024097859859466553,True
4,1930,1784807922.210708,8,0.018974781036376953,0.002371847629547119,True
4,1931,1784807922.2300403,8,0.020996809005737305,0.002624601125717163,True
4,1932,1784807922.2514687,8,0.020405054092407227,0.0025506317615509033,True
4,1933,1784807922.2725642,8,0.020182371139526367,0.002522796392440796,True
4,1934,1784807922.293123,8,0.018578052520751953,0.002322256565093994,True
4,1935,1784807922.312017,8,0.01991891860961914,0.0024898648262023926,True
4,1936,1784807922.3325126,8,0.02032470703125,0.00254058837890625,True
4,1937,1784807922.3533204,8,0.022357702255249023,0.002794712781906128,True
4,1938,1784807922.3765018,8,0.019353628158569336,0.002419203519821167,True
4,1939,1784807922.3962998,8,0.020266294479370117,0.0025332868099212646,True
4,1940,1784807922.4170709,8,0.0202791690826416,0.0025348961353302,True
4,1941,1784807922.4384525,8,0.019596576690673828,0.0024495720863342285,True
4,1942,1784807922.4585671,8,0.019444704055786133,0.0024305880069732666,True
4,1943,1784807922.478691,8,0.019501686096191406,0.0024377107620239258,True
4,1944,1784807922.4987833,8,0.019768238067626953,0.002471029758453369,True
4,1945,1784807922.5189414,8,0.019856929779052734,0.002482116222381592,True
4,1946,1784807922.5392737,8,0.022901058197021484,0.0028626322746276855,True
4,1947,1784807922.5625787,8,0.018279075622558594,0.0022848844528198242,True
4,1948,1784807922.5812306,8,0.022016048431396484,0.0027520060539245605,True
4,1949,1784807922.6035943,8,0.01857924461364746,0.0023224055767059326,True
4,1950,1784807922.6225889,8,0.021892070770263672,0.002736508846282959,True
4,1951,1784807922.644773,8,0.019948482513427734,0.002493560314178467,True
4,1952,1784807922.6650856,8,0.02034306526184082,0.0025428831577301025,True
4,1953,1784807922.6858633,8,0.020503759384155273,0.002562969923019409,True
4,1954,1784807922.707035,8,0.020711898803710938,0.002588987350463867,True
4,1955,1784807922.7282603,8,0.023354530334472656,0.002919316291809082,True
4,1956,1784807922.7519622,8,0.01885533332824707,0.002356916666030884,True
4,1957,1784807922.7711308,8,0.01943230628967285,0.0024290382862091064,True
4,1958,1784807922.7909486,8,0.020389318466186523,0.0025486648082733154,True
4,1959,1784807922.811673,8,0.019661903381347656,0.002457737922668457,True
4,1960,1784807922.8316052,8,0.019597291946411133,0.0024496614933013916,True
4,1961,1784807922.8516278,8,0.02043008804321289,0.0025537610054016113,True
4,1962,1784807922.8725028,8,0.018947362899780273,0.002368420362472534,True
4,1963,1784807922.8924406,8,0.021507740020751953,0.002688467502593994,True
4,1964,1784807922.9149628,8,0.02008199691772461,0.002510249614715576,True
4,1965,1784807922.9353616,8,0.01995682716369629,0.002494603395462036,True
4,1966,1784807922.9557128,8,0.019501209259033203,0.0024376511573791504,True
4,1967,1784807922.9756112,8,0.019634723663330078,0.0024543404579162598,True
4,1968,1784807922.9955957,8,0.020462989807128906,0.0025578737258911133,True
4,1969,1784807923.016437,8,0.018458127975463867,0.0023072659969329834,True
4,1970,1784807923.0354574,8,0.018962621688842773,0.0023703277111053467,True
4,1971,1784807923.0547252,8,0.019847631454467773,0.0024809539318084717,True
4,1972,1784807923.0750937,8,0.021094083786010742,0.0026367604732513428,True
4,1973,1784807923.0972438,8,0.02032303810119629,0.002540379762649536,True
4,1974,1784807923.118177,8,0.019888877868652344,0.002486109733581543,True
4,1975,1784807923.1384022,8,0.019272804260253906,0.0024091005325317383,True
4,1976,1784807923.1579747,8,0.01918339729309082,0.0023979246616363525,True
4,1977,1784807923.1774445,8,0.019311904907226562,0.0024139881134033203,True
4,1978,1784807923.1971214,8,0.01919245719909668,0.002399057149887085,True
4,1979,1784807923.2167177,8,0.0207061767578125,0.0025882720947265625,True
4,1980,1784807923.2383482,8,0.021488189697265625,0.002686023712158203,True
4,1981,1784807923.2611096,8,0.01935410499572754,0.0024192631244659424,True
4,1982,1784807923.2811725,8,0.02068805694580078,0.0025860071182250977,True
4,1983,1784807923.3023434,8,0.021094560623168945,0.002636820077896118,True
4,1984,1784807923.32391,8,0.018863677978515625,0.002357959747314453,True
4,1985,1784807923.3437982,8,0.020705223083496094,0.0025881528854370117,True
4,1986,1784807923.364854,8,0.020618915557861328,0.002577364444732666,True
4,1987,1784807923.3858519,8,0.01987481117248535,0.002484351396560669,True
4,1988,1784807923.4063373,8,0.021989822387695312,0.002748727798461914,True
4,1989,1784807923.429245,8,0.020565271377563477,0.0025706589221954346,True
4,1990,1784807923.4502928,8,0.018006086349487305,0.002250760793685913,True
4,1991,1784807923.4690547,8,0.019758939743041992,0.002469867467880249,True
4,1992,1784807923.489197,8,0.021680593490600586,0.0027100741863250732,True
4,1993,1784807923.5120535,8,0.01968216896057129,0.002460271120071411,True
4,1994,1784807923.5322788,8,0.019840478897094727,0.002480059862136841,True
4,1995,1784807923.5525618,8,0.020303964614868164,0.0025379955768585205,True
4,1996,1784807923.5732112,8,0.021311521530151367,0.002663940191268921,True
4,1997,1784807923.5949037,8,0.020107030868530273,0.002513378858566284,True
4,1998,1784807923.6155534,8,0.020409107208251953,0.002551138401031494,True
4,1999,1784807923.6362512,8,0.019061803817749023,0.002382725477218628,True
4,2000,1784807923.6558065,8,0.020415782928466797,0.0025519728660583496,True
4,2001,1784807923.676908,8,0.023082733154296875,0.0028853416442871094,True
4,2002,1784807923.7006798,8,0.02048635482788086,0.0025607943534851074,True
4,2003,1784807923.721743,8,0.0194699764251709,0.0024337470531463623,True
4,2004,1784807923.7418456,8,0.020569324493408203,0.0025711655616760254,True
4,2005,1784807923.7628176,8,0.02030491828918457,0.0025381147861480713,True
4,2006,1784807923.7838404,8,0.02094411849975586,0.0026180148124694824,True
4,2007,1784807923.8051789,8,0.01909613609313965,0.002387017011642456,True
4,2008,1784807923.8257651,8,0.019493579864501953,0.002436697483062744,True
4,2009,1784807923.8456538,8,0.01947808265686035,0.002434760332107544,True
4,2010,1784807923.86576,8,0.019453763961791992,0.002431720495223999,True
4,2011,1784807923.88573,8,0.019861459732055664,0.002482682466506958,True
4,2012,1784807923.906339,8,0.018835783004760742,0.0023544728755950928,True
4,2013,1784807923.9265025,8,0.023373842239379883,0.0029217302799224854,True
4,2014,1784807923.9504128,8,0.0176544189453125,0.0022068023681640625,True
4,2015,1784807923.9684114,8,0.019890546798706055,0.002486318349838257,True
4,2016,1784807923.9887064,8,0.018784046173095703,0.002348005771636963,True
4,2017,1784807924.0085611,8,0.020753145217895508,0.0025941431522369385,True
4,2018,1784807924.030356,8,0.0204925537109375,0.0025615692138671875,True
4,2019,1784807924.051269,8,0.0210111141204834,0.002626389265060425,True
4,2020,1784807924.0727344,8,0.021060466766357422,0.0026325583457946777,True
4,2021,1784807924.0963125,8,0.02117443084716797,0.002646803855895996,True
4,2022,1784807924.1179729,8,0.01815509796142578,0.0022693872451782227,True
4,2023,1784807924.1366336,8,0.02022552490234375,0.0025281906127929688,True
4,2024,1784807924.1572607,8,0.020290613174438477,0.0025363266468048096,True
4,2025,1784807924.1780555,8,0.020392417907714844,0.0025490522384643555,True
4,2026,1784807924.1988223,8,0.021674394607543945,0.002709299325942993,True
4,2027,1784807924.2208862,8,0.018504858016967773,0.0023131072521209717,True
4,2028,1784807924.2405095,8,0.018280744552612305,0.002285093069076538,True
4,2029,1784807924.2591865,8,0.02041006088256836,0.002551257610321045,True
4,2030,1784807924.2799497,8,0.01864767074584961,0.002330958843231201,True
4,2031,1784807924.299306,8,0.021003007888793945,0.002625375986099243,True
4,2032,1784807924.320783,8,0.018744468688964844,0.0023430585861206055,True
4,2033,1784807924.3401682,8,0.019321203231811523,0.0024151504039764404,True
4,2034,1784807924.359891,8,0.02123403549194336,0.00265425443649292,True
4,2035,1784807924.3824375,8,0.0195620059967041,0.0024452507495880127,True
4,2036,1784807924.402436,8,0.019394874572753906,0.0024243593215942383,True
4,2037,1784807924.4221964,8,0.01956796646118164,0.002445995807647705,True
4,2038,1784807924.442315,8,0.018917560577392578,0.0023646950721740723,True
4,2039,1784807924.461641,8,0.019112110137939453,0.0023890137672424316,True
4,2040,1784807924.4811835,8,0.02102184295654297,0.002627730369567871,True
4,2041,1784807924.5026236,8,0.021759748458862305,0.002719968557357788,True
4,2042,1784807924.5247207,8,0.020125389099121094,0.0025156736373901367,True
4,2043,1784807924.5452063,8,0.018769025802612305,0.002346128225326538,True
4,2044,1784807924.5643294,8,0.020790576934814453,0.0025988221168518066,True
4,2045,1784807924.5854878,8,0.020383119583129883,0.0025478899478912354,True
4,2046,1784807924.6062956,8,0.019196033477783203,0.0023995041847229004,True
4,2047,1784807924.625786,8,0.018746137619018555,0.0023432672023773193,True
4,2048,1784807924.6448793,8,0.02032017707824707,0.002540022134780884,True
4,2049,1784807924.665543,8,0.019570112228393555,0.0024462640285491943,True
4,2050,1784807924.6854992,8,0.020220518112182617,0.002527564764022827,True
4,2051,1784807924.7063496,8,0.021670103073120117,0.0027087628841400146,True
4,2052,1784807924.7283053,8,0.019750118255615234,0.0024687647819519043,True
4,2053,1784807924.748541,8,0.020283937454223633,0.002535492181777954,True
4,2054,1784807924.7692606,8,0.02403879165649414,0.0030048489570617676,True
4,2055,1784807924.7937334,8,0.01981639862060547,0.0024770498275756836,True
4,2056,1784807924.8143375,8,0.021203994750976562,0.0026504993438720703,True
4,2057,1784807924.8360891,8,0.018836498260498047,0.002354562282562256,True
4,2058,1784807924.8552613,8,0.022150516510009766,0.0027688145637512207,True
4,2059,1784807924.8778946,8,0.019479751586914062,0.002434968948364258,True
4,2060,1784807924.8979056,8,0.01846003532409668,0.002307504415512085,True
4,2061,1784807924.9166594,8,0.01928114891052246,0.0024101436138153076,True
4,2062,1784807924.9365962,8,0.019620418548583984,0.002452552318572998,True
4,2063,1784807924.9567,8,0.019006729125976562,0.0023758411407470703,True
4,2064,1784807924.976592,8,0.019413232803344727,0.002426654100418091,True
4,2065,1784807924.996515,8,0.019016027450561523,0.0023770034313201904,True
4,2066,1784807925.0163898,8,0.021027565002441406,0.0026284456253051758,True
4,2067,1784807925.038428,8,0.019960641860961914,0.0024950802326202393,True
4,2068,1784807925.059222,8,0.020380020141601562,0.0025475025177001953,True
4,2069,1784807925.0800085,8,0.018178701400756836,0.0022723376750946045,True
4,2070,1784807925.0985808,8,0.021158456802368164,0.0026448071002960205,True
4,2071,1784807925.1211028,8,0.022307872772216797,0.0027884840965270996,True
4,2072,1784807925.1437488,8,0.01956772804260254,0.0024459660053253174,True
4,2073,1784807925.163711,8,0.019906282424926758,0.0024882853031158447,True
4,2074,1784807925.183977,8,0.018842220306396484,0.0023552775382995605,True
4,2075,1784807925.2032175,8,0.022695302963256836,0.0028369128704071045,True
4,2076,1784807925.226495,8,0.0192410945892334,0.002405136823654175,True
4,2077,1784807925.2461016,8,0.0184938907623291,0.0023117363452911377,True
4,2078,1784807925.265119,8,0.0200803279876709,0.0025100409984588623,True
4,2079,1784807925.2861514,8,0.01929450035095215,0.0024118125438690186,True
4,2080,1784807925.305858,8,0.01836395263671875,0.0022954940795898438,True
4,2081,1784807925.3247066,8,0.02018117904663086,0.0025226473808288574,True
4,2082,1784807925.3452368,8,0.020523548126220703,0.002565443515777588,True
4,2083,1784807925.3662474,8,0.021468162536621094,0.0026835203170776367,True
4,2084,1784807925.3881621,8,0.018796443939208984,0.002349555492401123,True
4,2085,1784807925.4073308,8,0.021224260330200195,0.0026530325412750244,True
4,2086,1784807925.429183,8,0.018950462341308594,0.0023688077926635742,True
4,2087,1784807925.4487157,8,0.019771337509155273,0.002471417188644409,True
4,2088,1784807925.46885,8,0.01932811737060547,0.0024160146713256836,True
4,2089,1784807925.4893196,8,0.02055072784423828,0.002568840980529785,True
4,2090,1784807925.5101752,8,0.0200803279876709,0.0025100409984588623,True
4,2091,1784807925.5308342,8,0.01889634132385254,0.0023620426654815674,True
4,2092,1784807925.5500934,8,0.021643400192260742,0.0027054250240325928,True
4,2093,1784807925.57293,8,0.01880335807800293,0.002350419759750366,True
4,2094,1784807925.5921464,8,0.0189511775970459,0.0023688971996307373,True
4,2095,1784807925.6118908,8,0.01968979835510254,0.0024612247943878174,True
4,2096,1784807925.631922,8,0.020006656646728516,0.0025008320808410645,True
4,2097,1784807925.6524894,8,0.018931150436401367,0.002366393804550171,True
4,2098,1784807925.671749,8,0.022071361541748047,0.002758920192718506,True
4,2099,1784807925.6941352,8,0.018036842346191406,0.0022546052932739258,True
4,2100,1784807925.7128687,8,0.019881725311279297,0.002485215663909912,True
4,2101,1784807925.7330644,8,0.019199848175048828,0.0023999810218811035,True
4,2102,1784807925.7532809,8,0.020348072052001953,0.002543509006500244,True
4,2103,1784807925.7747307,8,0.020206212997436523,0.0025257766246795654,True
4,2104,1784807925.795813,8,0.019985437393188477,0.0024981796741485596,True
4,2105,1784807925.8166063,8,0.021062135696411133,0.0026327669620513916,True
4,2106,1784807925.8380733,8,0.0200347900390625,0.0025043487548828125,True
4,2107,1784807925.8584933,8,0.019033432006835938,0.002379179000854492,True
4,2108,1784807925.877802,8,0.019047260284423828,0.0023809075355529785,True
4,2109,1784807925.8971918,8,0.01973247528076172,0.002466559410095215,True
4,2110,1784807925.917411,8,0.021214723587036133,0.0026518404483795166,True
4,2111,1784807925.9389987,8,0.019911527633666992,0.002488940954208374,True
4,2112,1784807925.959459,8,0.020251035690307617,0.002531379461288452,True
4,2113,1784807925.9804835,8,0.02140498161315918,0.0026756227016448975,True
4,2114,1784807926.0023923,8,0.021272659301757812,0.0026590824127197266,True
4,2115,1784807926.0240676,8,0.01907062530517578,0.0023838281631469727,True
4,2116,1784807926.043494,8,0.02098369598388672,0.00262296199798584,True
4,2117,1784807926.065285,8,0.01973128318786621,0.0024664103984832764,True
4,2118,1784807926.0854173,8,0.020546913146972656,0.002568364143371582,True
4,2119,1784807926.1065083,8,0.020746231079101562,0.0025932788848876953,True
4,2120,1784807926.1276531,8,0.01856255531311035,0.002320319414138794,True
4,2121,1784807926.1472378,8,0.020129680633544922,0.0025162100791931152,True
4,2122,1784807926.1678593,8,0.019061803817749023,0.002382725477218628,True
4,2123,1784807926.1873171,8,0.02146005630493164,0.002682507038116455,True
4,2124,1784807926.2091286,8,0.020345449447631836,0.0025431811809539795,True
4,2125,1784807926.229916,8,0.020258665084838867,0.0025323331356048584,True
4,2126,1784807926.2506545,8,0.019161701202392578,0.0023952126502990723,True
4,2127,1784807926.2701948,8,0.02019810676574707,0.002524763345718384,True
4,2128,1784807926.291095,8,0.02248525619506836,0.002810657024383545,True
4,2129,1784807926.313942,8,0.021152257919311523,0.0026440322399139404,True
4,2130,1784807926.3354588,8,0.020963430404663086,0.0026204288005828857,True
4,2131,1784807926.3569112,8,0.01927971839904785,0.0024099647998809814,True
4,2132,1784807926.3766096,8,0.01943373680114746,0.0024292171001434326,True
4,2133,1784807926.3964608,8,0.0204010009765625,0.0025501251220703125,True
4,2134,1784807926.4171984,8,0.019430875778198242,0.0024288594722747803,True
4,2135,1784807926.4372053,8,0.018024682998657227,0.0022530853748321533,True
4,2136,1784807926.455532,8,0.02260279655456543,0.0028253495693206787,True
4,2137,1784807926.4789271,8,0.018242597579956055,0.002280324697494507,True
4,2138,1784807926.4976609,8,0.020267009735107422,0.0025333762168884277,True
4,2139,1784807926.518228,8,0.021008014678955078,0.0026260018348693848,True
4,2140,1784807926.5395515,8,0.018790721893310547,0.0023488402366638184,True
4,2141,1784807926.5586097,8,0.021190643310546875,0.0026488304138183594,True
4,2142,1784807926.5801413,8,0.02091050148010254,0.0026138126850128174,True
4,2143,1784807926.6014144,8,0.021087169647216797,0.0026358962059020996,True
4,2144,1784807926.6228812,8,0.02068352699279785,0.0025854408740997314,True
4,2145,1784807926.643872,8,0.02142477035522461,0.002678096294403076,True
4,2146,1784807926.6656795,8,0.020568132400512695,0.002571016550064087,True
4,2147,1784807926.6867373,8,0.018259763717651367,0.002282470464706421,True
4,2148,1784807926.705258,8,0.02127838134765625,0.0026597976684570312,True
4,2149,1784807926.7268493,8,0.018378257751464844,0.0022972822189331055,True
4,2150,1784807926.7456005,8,0.019765615463256836,0.0024707019329071045,True
4,2151,1784807926.7663398,8,0.0192108154296875,0.0024013519287109375,True
4,2152,1784807926.785884,8,0.01941990852355957,0.0024274885654449463,True
4,2153,1784807926.8057513,8,0.01907515525817871,0.002384394407272339,True
4,2154,1784807926.8254652,8,0.019231319427490234,0.0024039149284362793,True
4,2155,1784807926.8450155,8,0.018710613250732422,0.0023388266563415527,True
4,2156,1784807926.8639836,8,0.021777868270874023,0.002722233533859253,True
4,2157,1784807926.8862216,8,0.022051095962524414,0.0027563869953155518,True
4,2158,1784807926.9087777,8,0.018604516983032227,0.0023255646228790283,True
4,2159,1784807926.9277623,8,0.019510507583618164,0.0024388134479522705,True
4,2160,1784807926.9475677,8,0.019270896911621094,0.0024088621139526367,True
4,2161,1784807926.9671535,8,0.020548105239868164,0.0025685131549835205,True
4,2162,1784807926.9880638,8,0.018860578536987305,0.002357572317123413,True
4,2163,1784807927.0074534,8,0.019583463668823242,0.0024479329586029053,True
4,2164,1784807927.0273898,8,0.021038055419921875,0.0026297569274902344,True
4,2165,1784807927.0487683,8,0.02042245864868164,0.002552807331085205,True
4,2166,1784807927.0696154,8,0.017596006393432617,0.002199500799179077,True
4,2167,1784807927.087599,8,0.019231319427490234,0.0024039149284362793,True
4,2168,1784807927.1071465,8,0.01883673667907715,0.0023545920848846436,True
4,2169,1784807927.1263614,8,0.019516468048095703,0.002439558506011963,True
4,2170,1784807927.146304,8,0.018917322158813477,0.0023646652698516846,True
4,2171,1784807927.1656127,8,0.019433975219726562,0.0024292469024658203,True
4,2172,1784807927.1853926,8,0.01974797248840332,0.002468496561050415,True
4,2173,1784807927.2055085,8,0.018983125686645508,0.0023728907108306885,True
4,2174,1784807927.2248185,8,0.01949143409729004,0.002436429262161255,True
4,2175,1784807927.2446706,8,0.020029783248901367,0.002503722906112671,True
4,2176,1784807927.265321,8,0.01985788345336914,0.0024822354316711426,True
4,2177,1784807927.2855008,8,0.02125406265258789,0.0026567578315734863,True
4,2178,1784807927.3070807,8,0.020545482635498047,0.002568185329437256,True
4,2179,1784807927.3296444,8,0.01906895637512207,0.002383619546890259,True
4,2180,1784807927.3490288,8,0.018820762634277344,0.002352595329284668,True
4,2181,1784807927.3682294,8,0.019230127334594727,0.002403765916824341,True
4,2182,1784807927.3886318,8,0.02275848388671875,0.0028448104858398438,True
4,2183,1784807927.411843,8,0.019353151321411133,0.0024191439151763916,True
4,2184,1784807927.4315636,8,0.019413471221923828,0.0024266839027404785,True
4,2185,1784807927.4514108,8,0.019823789596557617,0.002477973699569702,True
4,2186,1784807927.471621,8,0.023473024368286133,0.0029341280460357666,True
4,2187,1784807927.4964688,8,0.015810728073120117,0.0019763410091400146,True
4,2188,1784807927.5126214,8,0.018938302993774414,0.0023672878742218018,True
4,2189,1784807927.5326107,8,0.02011847496032715,0.0025148093700408936,True
4,2190,1784807927.5532317,8,0.02014470100402832,0.00251808762550354,True
4,2191,1784807927.573878,8,0.019442319869995117,0.0024302899837493896,True
4,2192,1784807927.5936532,8,0.01973557472229004,0.002466946840286255,True
4,2193,1784807927.613823,8,0.01977825164794922,0.0024722814559936523,True
4,2194,1784807927.6339486,8,0.018790245056152344,0.002348780632019043,True
4,2195,1784807927.6532986,8,0.01967477798461914,0.0024593472480773926,True
4,2196,1784807927.673977,8,0.020111083984375,0.002513885498046875,True
4,2197,1784807927.6945708,8,0.0202786922454834,0.002534836530685425,True
4,2198,1784807927.7151475,8,0.020217180252075195,0.0025271475315093994,True
4,2199,1784807927.7356355,8,0.019066810607910156,0.0023833513259887695,True
4,2200,1784807927.755165,8,0.019914627075195312,0.002489328384399414,True
4,2201,1784807927.7753658,8,0.02187943458557129,0.002734929323196411,True
4,2202,1784807927.797575,8,0.018996238708496094,0.0023745298385620117,True
4,2203,1784807927.816963,8,0.02032637596130371,0.002540796995162964,True
4,2204,1784807927.8376534,8,0.02035832405090332,0.002544790506362915,True
4,2205,1784807927.8583367,8,0.0197145938873291,0.0024643242359161377,True
4,2206,1784807927.8791296,8,0.020862579345703125,0.0026078224182128906,True
4,2207,1784807927.9005597,8,0.019797563552856445,0.0024746954441070557,True
4,2208,1784807927.9207594,8,0.019234418869018555,0.0024043023586273193,True
4,2209,1784807927.9404736,8,0.020334720611572266,0.002541840076446533,True
4,2210,1784807927.9612846,8,0.019610166549682617,0.002451270818710327,True
4,2211,1784807927.9814265,8,0.019830703735351562,0.0024788379669189453,True
4,2212,1784807928.0017033,8,0.020239591598510742,0.0025299489498138428,True
4,2213,1784807928.0223532,8,0.018376588821411133,0.0022970736026763916,True
4,2214,1784807928.041201,8,0.020722389221191406,0.0025902986526489258,True
4,2215,1784807928.06224,8,0.022103071212768555,0.0027628839015960693,True
4,2216,1784807928.0853174,8,0.018568754196166992,0.002321094274520874,True
4,2217,1784807928.104193,8,0.019804954528808594,0.0024756193161010742,True
4,2218,1784807928.1242633,8,0.019429445266723633,0.002428680658340454,True
4,2219,1784807928.143975,8,0.019858837127685547,0.0024823546409606934,True
4,2220,1784807928.1642933,8,0.018227577209472656,0.002278447151184082,True
4,2221,1784807928.182935,8,0.020735979080200195,0.0025919973850250244,True
4,2222,1784807928.204894,8,0.021834373474121094,0.0027292966842651367,True
4,2223,1784807928.2283535,8,0.01955270767211914,0.0024440884590148926,True
4,2224,1784807928.2487268,8,0.02008366584777832,0.00251045823097229,True
4,2225,1784807928.269179,8,0.01951122283935547,0.0024389028549194336,True
4,2226,1784807928.2898324,8,0.019272804260253906,0.0024091005325317383,True
4,2227,1784807928.3094842,8,0.020036935806274414,0.0025046169757843018,True
4,2228,1784807928.3302195,8,0.018729686737060547,0.0023412108421325684,True
4,2229,1784807928.3494556,8,0.019677400588989258,0.0024596750736236572,True
4,2230,1784807928.369633,8,0.019631624221801758,0.0024539530277252197,True
4,2231,1784807928.3896627,8,0.0203399658203125,0.0025424957275390625,True
4,2232,1784807928.4105933,8,0.019747018814086914,0.0024683773517608643,True
4,2233,1784807928.4312012,8,0.018678665161132812,0.0023348331451416016,True
4,2234,1784807928.4502017,8,0.018261194229125977,0.002282649278640747,True
4,2235,1784807928.4689903,8,0.019131898880004883,0.0023914873600006104,True
4,2236,1784807928.488508,8,0.01885247230529785,0.0023565590381622314,True
4,2237,1784807928.5077593,8,0.01917576789855957,0.0023969709873199463,True
4,2238,1784807928.52737,8,0.02097177505493164,0.002621471881866455,True
4,2239,1784807928.548732,8,0.020362138748168945,0.002545267343521118,True
4,2240,1784807928.5694137,8,0.020048856735229492,0.0025061070919036865,True
4,2241,1784807928.5898504,8,0.02129197120666504,0.00266149640083313,True
4,2242,1784807928.612641,8,0.02289891242980957,0.0028623640537261963,True
4,2243,1784807928.6378102,8,0.017900466918945312,0.002237558364868164,True
4,2244,1784807928.6563435,8,0.021286964416503906,0.0026608705520629883,True
4,2245,1784807928.6782646,8,0.02108454704284668,0.002635568380355835,True
4,2246,1784807928.6997473,8,0.018698453903198242,0.0023373067378997803,True
4,2247,1784807928.7199097,8,0.018585205078125,0.002323150634765625,True
4,2248,1784807928.739074,8,0.021008014678955078,0.0026260018348693848,True
4,2249,1784807928.7604709,8,0.019711971282958984,0.002463996410369873,True
4,2250,1784807928.780668,8,0.020534992218017578,0.0025668740272521973,True
4,2251,1784807928.801646,8,0.0189056396484375,0.0023632049560546875,True
4,2252,1784807928.8208292,8,0.021047115325927734,0.002630889415740967,True
4,2253,1784807928.8436227,8,0.02025437355041504,0.00253179669380188,True
4,2254,1784807928.864431,8,0.019792556762695312,0.002474069595336914,True
4,2255,1784807928.8849525,8,0.02048802375793457,0.0025610029697418213,True
4,2256,1784807928.9059649,8,0.019839763641357422,0.0024799704551696777,True
4,2257,1784807928.926393,8,0.02144908905029297,0.002681136131286621,True
4,2258,1784807928.9483125,8,0.02002882957458496,0.00250360369682312,True
4,2259,1784807928.968745,8,0.019165754318237305,0.002395719289779663,True
4,2260,1784807928.988451,8,0.019486427307128906,0.0024358034133911133,True
4,2261,1784807929.008395,8,0.019315481185913086,0.0024144351482391357,True
4,2262,1784807929.0281577,8,0.018875837326049805,0.0023594796657562256,True
4,2263,1784807929.0474932,8,0.022047042846679688,0.002755880355834961,True
4,2264,1784807929.069938,8,0.01911640167236328,0.00238955020904541,True
4,2265,1784807929.0893629,8,0.021797895431518555,0.0027247369289398193,True
4,2266,1784807929.1115756,8,0.01807999610900879,0.0022599995136260986,True
4,2267,1784807929.1302838,8,0.019031524658203125,0.0023789405822753906,True
4,2268,1784807929.1496842,8,0.023224592208862305,0.002903074026107788,True
4,2269,1784807929.1738987,8,0.015032052993774414,0.0018790066242218018,True
4,2270,1784807929.1893604,8,0.020056486129760742,0.0025070607662200928,True
4,2271,1784807929.2097433,8,0.020748138427734375,0.002593517303466797,True
4,2272,1784807929.2308052,8,0.018362998962402344,0.002295374870300293,True
4,2273,1784807929.2497272,8,0.021607637405395508,0.0027009546756744385,True
4,2274,1784807929.271646,8,0.019131183624267578,0.0023913979530334473,True
4,2275,1784807929.29143,8,0.0214691162109375,0.0026836395263671875,True
4,2276,1784807929.3132985,8,0.01817178726196289,0.0022714734077453613,True
4,2277,1784807929.3318799,8,0.019897937774658203,0.0024872422218322754,True
4,2278,1784807929.3521965,8,0.020857572555541992,0.002607196569442749,True
4,2279,1784807929.3733723,8,0.019054412841796875,0.0023818016052246094,True
4,2280,1784807929.392766,8,0.01837301254272461,0.002296626567840576,True
4,2281,1784807929.4114783,8,0.01981639862060547,0.0024770498275756836,True
4,2282,1784807929.4316869,8,0.020204544067382812,0.0025255680084228516,True
4,2283,1784807929.4525898,8,0.018665552139282227,0.0023331940174102783,True
4,2284,1784807929.471612,8,0.019177675247192383,0.002397209405899048,True
4,2285,1784807929.4912772,8,0.018436193466186523,0.0023045241832733154,True
4,2286,1784807929.5106025,8,0.019608497619628906,0.0024510622024536133,True
4,2287,1784807929.530554,8,0.019678592681884766,0.0024598240852355957,True
4,2288,1784807929.5513623,8,0.020708084106445312,0.002588510513305664,True
4,2289,1784807929.5725183,8,0.020448923110961914,0.0025561153888702393,True
4,2290,1784807929.593532,8,0.019034624099731445,0.0023793280124664307,True
4,2291,1784807929.6129858,8,0.019321918487548828,0.0024152398109436035,True
4,2292,1784807929.6326745,8,0.0194852352142334,0.002435654401779175,True
4,2293,1784807929.6524742,8,0.019031286239624023,0.002378910779953003,True
4,2294,1784807929.6719513,8,0.022418498992919922,0.0028023123741149902,True
4,2295,1784807929.6952076,8,0.019994735717773438,0.0024993419647216797,True
4,2296,1784807929.7156475,8,0.019602060317993164,0.0024502575397491455,True
4,2297,1784807929.7359667,8,0.025623559951782227,0.0032029449939727783,True
4,2298,1784807929.7628026,8,0.019371747970581055,0.002421468496322632,True
4,2299,1784807929.7825465,8,0.01992201805114746,0.0024902522563934326,True
4,2300,1784807929.802885,8,0.020402908325195312,0.002550363540649414,True
4,2301,1784807929.8236094,8,0.02021479606628418,0.0025268495082855225,True
4,2302,1784807929.8442037,8,0.02102184295654297,0.002627730369567871,True
4,2303,1784807929.8658514,8,0.019853830337524414,0.0024817287921905518,True
4,2304,1784807929.8861034,8,0.02044224739074707,0.002555280923843384,True
4,2305,1784807929.9071853,8,0.020286083221435547,0.0025357604026794434,True
4,2306,1784807929.9279437,8,0.020477771759033203,0.0025597214698791504,True
4,2307,1784807929.948838,8,0.020612716674804688,0.002576589584350586,True
4,2308,1784807929.969874,8,0.019319534301757812,0.0024149417877197266,True
4,2309,1784807929.9895277,8,0.022273778915405273,0.002784222364425659,True
4,2310,1784807930.0121918,8,0.019810199737548828,0.0024762749671936035,True
4,2311,1784807930.0324142,8,0.01932549476623535,0.002415686845779419,True
4,2312,1784807930.0520446,8,0.019030332565307617,0.002378791570663452,True
4,2313,1784807930.0715108,8,0.01831197738647461,0.002288997173309326,True
4,2314,1784807930.0907423,8,0.020469188690185547,0.0025586485862731934,True
4,2315,1784807930.1116264,8,0.021421194076538086,0.0026776492595672607,True
4,2316,1784807930.1350873,8,0.01717543601989746,0.0021469295024871826,True
4,2317,1784807930.152698,8,0.023200035095214844,0.0029000043869018555,True
4,2318,1784807930.1764145,8,0.019441604614257812,0.0024302005767822266,True
4,2319,1784807930.1963906,8,0.02082967758178711,0.0026037096977233887,True
4,2320,1784807930.2177708,8,0.023784160614013672,0.002973020076751709,True
4,2321,1784807930.2425447,8,0.02121567726135254,0.0026519596576690674,True
4,2322,1784807930.2642424,8,0.020840883255004883,0.0026051104068756104,True
4,2323,1784807930.2856245,8,0.020077943801879883,0.0025097429752349854,True
4,2324,1784807930.3060915,8,0.019389867782592773,0.0024237334728240967,True
4,2325,1784807930.3258724,8,0.02338433265686035,0.002923041582107544,True
4,2326,1784807930.3495321,8,0.019902706146240234,0.0024878382682800293,True
4,2327,1784807930.3699076,8,0.01933765411376953,0.0024172067642211914,True
4,2328,1784807930.389702,8,0.019696712493896484,0.0024620890617370605,True
4,2329,1784807930.4101496,8,0.02002096176147461,0.002502620220184326,True
4,2330,1784807930.4305649,8,0.020342588424682617,0.002542823553085327,True
4,2331,1784807930.4512048,8,0.020938396453857422,0.0026172995567321777,True
4,2332,1784807930.4725494,8,0.018708229064941406,0.0023385286331176758,True
4,2333,1784807930.491754,8,0.020402908325195312,0.002550363540649414,True
4,2334,1784807930.513145,8,0.022443294525146484,0.0028054118156433105,True
4,2335,1784807930.5360072,8,0.019089937210083008,0.002386242151260376,True
4,2336,1784807930.5554621,8,0.01994943618774414,0.0024936795234680176,True
4,2337,1784807930.5759056,8,0.019170522689819336,0.002396315336227417,True
4,2338,1784807930.5960345,8,0.020211219787597656,0.002526402473449707,True
4,2339,1784807930.617085,8,0.018339157104492188,0.0022923946380615234,True
4,2340,1784807930.6357868,8,0.019089698791503906,0.0023862123489379883,True
4,2341,1784807930.655234,8,0.019969701766967773,0.0024962127208709717,True
4,2342,1784807930.675644,8,0.019695043563842773,0.0024618804454803467,True
4,2343,1784807930.6956809,8,0.01888895034790039,0.002361118793487549,True
4,2344,1784807930.7149508,8,0.019112825393676758,0.0023891031742095947,True
4,2345,1784807930.7344294,8,0.02010202407836914,0.0025127530097961426,True
4,2346,1784807930.754893,8,0.0205385684967041,0.0025673210620880127,True
4,2347,1784807930.7757075,8,0.02145552635192871,0.002681940793991089,True
4,2348,1784807930.7978075,8,0.019665002822875977,0.002458125352859497,True
4,2349,1784807930.8178506,8,0.02184295654296875,0.0027303695678710938,True
4,2350,1784807930.840036,8,0.020130395889282227,0.0025162994861602783,True
4,2351,1784807930.8604975,8,0.020212888717651367,0.002526611089706421,True
4,2352,1784807930.8810048,8,0.019516706466674805,0.0024395883083343506,True
4,2353,1784807930.9009287,8,0.018792152404785156,0.0023490190505981445,True
4,2354,1784807930.920067,8,0.020066022872924805,0.0025082528591156006,True
4,2355,1784807930.9407737,8,0.018613576889038086,0.0023266971111297607,True
4,2356,1784807930.960081,8,0.019208431243896484,0.0024010539054870605,True
4,2357,1784807930.979626,8,0.021121740341186523,0.0026402175426483154,True
4,2358,1784807931.0014155,8,0.01916193962097168,0.00239524245262146,True
4,2359,1784807931.0211823,8,0.020133018493652344,0.002516627311706543,True
4,2360,1784807931.04191,8,0.019713401794433594,0.0024641752243041992,True
4,2361,1784807931.062019,8,0.018910646438598633,0.002363830804824829,True
4,2362,1784807931.0815237,8,0.01951766014099121,0.0024397075176239014,True
4,2363,1784807931.1014292,8,0.02149510383605957,0.0026868879795074463,True
4,2364,1784807931.1232996,8,0.01922917366027832,0.00240364670753479,True
4,2365,1784807931.1429026,8,0.01976752281188965,0.002470940351486206,True
4,2366,1784807931.1633961,8,0.01930999755859375,0.0024137496948242188,True
4,2367,1784807931.183411,8,0.018767595291137695,0.002345949411392212,True
4,2368,1784807931.2025802,8,0.020391225814819336,0.002548903226852417,True
4,2369,1784807931.223457,8,0.019870281219482422,0.0024837851524353027,True
4,2370,1784807931.2436588,8,0.019572734832763672,0.002446591854095459,True
4,2371,1784807931.2635407,8,0.020557880401611328,0.002569735050201416,True
4,2372,1784807931.2845094,8,0.018691539764404297,0.002336442470550537,True
4,2373,1784807931.3034928,8,0.019451141357421875,0.0024313926696777344,True
4,2374,1784807931.3234506,8,0.021216869354248047,0.002652108669281006,True
4,2375,1784807931.346587,8,0.02055978775024414,0.0025699734687805176,True
4,2376,1784807931.3684196,8,0.020185470581054688,0.002523183822631836,True
4,2377,1784807931.3890529,8,0.019380807876586914,0.0024226009845733643,True
4,2378,1784807931.4086933,8,0.021002769470214844,0.0026253461837768555,True
4,2379,1784807931.4300933,8,0.018819808959960938,0.002352476119995117,True
4,2380,1784807931.4493155,8,0.020078659057617188,0.0025098323822021484,True
4,2381,1784807931.4698887,8,0.020718812942504883,0.0025898516178131104,True
4,2382,1784807931.491535,8,0.018857717514038086,0.0023572146892547607,True
4,2383,1784807931.5110598,8,0.020214557647705078,0.0025268197059631348,True
4,2384,1784807931.5322797,8,0.021848440170288086,0.0027310550212860107,True
4,2385,1784807931.55449,8,0.0217134952545166,0.002714186906814575,True
4,2386,1784807931.5769114,8,0.02006387710571289,0.0025079846382141113,True
4,2387,1784807931.597472,8,0.01980447769165039,0.002475559711456299,True
4,2388,1784807931.619794,8,0.020085811614990234,0.0025107264518737793,True
4,2389,1784807931.6404798,8,0.019147396087646484,0.0023934245109558105,True
4,2390,1784807931.6599438,8,0.019752025604248047,0.002469003200531006,True
4,2391,1784807931.680262,8,0.019960641860961914,0.0024950802326202393,True
4,2392,1784807931.7006333,8,0.018709897994995117,0.0023387372493743896,True
4,2393,1784807931.7203443,8,0.021330595016479492,0.0026663243770599365,True
4,2394,1784807931.7421513,8,0.02158808708190918,0.0026985108852386475,True
4,2395,1784807931.7642674,8,0.019255638122558594,0.0024069547653198242,True
4,2396,1784807931.783911,8,0.01951003074645996,0.002438753843307495,True
4,2397,1784807931.8050594,8,0.02106499671936035,0.002633124589920044,True
4,2398,1784807931.8265636,8,0.020850658416748047,0.002606332302093506,True
4,2399,1784807931.8477743,8,0.01996469497680664,0.00249558687210083,True
4,2400,1784807931.8681831,8,0.018515825271606445,0.0023144781589508057,True
4,2401,1784807931.887058,8,0.019509315490722656,0.002438664436340332,True
4,2402,1784807931.9074247,8,0.02111196517944336,0.00263899564743042,True
4,2403,1784807931.929274,8,0.02000880241394043,0.0025011003017425537,True
4,2404,1784807931.9508476,8,0.019230127334594727,0.002403765916824341,True
4,2405,1784807931.9706213,8,0.01856684684753418,0.0023208558559417725,True
4,2406,1784807931.9903598,8,0.01891493797302246,0.0023643672466278076,True
4,2407,1784807932.0096385,8,0.021953344345092773,0.0027441680431365967,True
4,2408,1784807932.0322113,8,0.019040346145629883,0.0023800432682037354,True
4,2409,1784807932.052209,8,0.020972728729248047,0.002621591091156006,True
4,2410,1784807932.073709,8,0.017908573150634766,0.0022385716438293457,True
4,2411,1784807932.0929587,8,0.02046990394592285,0.0025587379932403564,True
4,2412,1784807932.114044,8,0.020501375198364258,0.0025626718997955322,True
4,2413,1784807932.1357405,8,0.019611358642578125,0.0024514198303222656,True
4,2414,1784807932.156239,8,0.0220334529876709,0.0027541816234588623,True
4,2415,1784807932.1795673,8,0.022423982620239258,0.0028029978275299072,True
4,2416,1784807932.2026534,8,0.018218517303466797,0.0022773146629333496,True
4,2417,1784807932.221331,8,0.0210723876953125,0.0026340484619140625,True
4,2418,1784807932.2429237,8,0.02238297462463379,0.0027978718280792236,True
4,2419,1784807932.2660685,8,0.02090597152709961,0.002613246440887451,True
4,2420,1784807932.2879884,8,0.020861387252807617,0.002607673406600952,True
4,2421,1784807932.3096607,8,0.019994735717773438,0.0024993419647216797,True
4,2422,1784807932.3303607,8,0.020286083221435547,0.0025357604026794434,True
4,2423,1784807932.3511157,8,0.02234649658203125,0.0027933120727539062,True
4,2424,1784807932.3738613,8,0.01961207389831543,0.0024515092372894287,True
4,2425,1784807932.3939748,8,0.019257783889770508,0.0024072229862213135,True
4,2426,1784807932.4136648,8,0.01969766616821289,0.0024622082710266113,True
4,2427,1784807932.4346967,8,0.022172212600708008,0.002771526575088501,True
4,2428,1784807932.4575036,8,0.019396305084228516,0.0024245381355285645,True
4,2429,1784807932.477442,8,0.02148604393005371,0.002685755491256714,True
4,2430,1784807932.4999256,8,0.01861882209777832,0.00232735276222229,True
4,2431,1784807932.5188413,8,0.020320415496826172,0.0025400519371032715,True
4,2432,1784807932.539469,8,0.019004106521606445,0.0023755133152008057,True
4,2433,1784807932.5587645,8,0.02019047737121582,0.0025238096714019775,True
4,2434,1784807932.5792704,8,0.019698619842529297,0.002462327480316162,True
4,2435,1784807932.5992732,8,0.02094244956970215,0.0026178061962127686,True
4,2436,1784807932.6206472,8,0.019443511962890625,0.002430438995361328,True
4,2437,1784807932.6404278,8,0.018606901168823242,0.0023258626461029053,True
4,2438,1784807932.6594102,8,0.019095420837402344,0.002386927604675293,True
4,2439,1784807932.6789618,8,0.022355079650878906,0.0027943849563598633,True
4,2440,1784807932.701758,8,0.019995689392089844,0.0024994611740112305,True
4,2441,1784807932.7221398,8,0.020232200622558594,0.0025290250778198242,True
4,2442,1784807932.7427382,8,0.020140886306762695,0.002517610788345337,True
4,2443,1784807932.7632554,8,0.020368337631225586,0.0025460422039031982,True
4,2444,1784807932.7845864,8,0.02438044548034668,0.003047555685043335,True
4,2445,1784807932.8100834,8,0.01967644691467285,0.0024595558643341064,True
4,2446,1784807932.8300908,8,0.020781993865966797,0.0025977492332458496,True
4,2447,1784807932.8511977,8,0.02015542984008789,0.0025194287300109863,True
4,2448,1784807932.87166,8,0.01943039894104004,0.002428799867630005,True
4,2449,1784807932.8925571,8,0.018122196197509766,0.0022652745246887207,True
4,2450,1784807932.9120095,8,0.01956486701965332,0.002445608377456665,True
4,2451,1784807932.9319885,8,0.020368099212646484,0.0025460124015808105,True
4,2452,1784807932.952836,8,0.020999431610107422,0.0026249289512634277,True
4,2453,1784807932.9743493,8,0.019031763076782227,0.0023789703845977783,True
4,2454,1784807932.9937613,8,0.020085811614990234,0.0025107264518737793,True
4,2455,1784807933.01433,8,0.01989436149597168,0.00248679518699646,True
4,2456,1784807933.0345626,8,0.020376920700073242,0.0025471150875091553,True
4,2457,1784807933.055565,8,0.020906925201416016,0.002613365650177002,True
4,2458,1784807933.0771937,8,0.02081608772277832,0.00260201096534729,True
4,2459,1784807933.0983274,8,0.019196271896362305,0.002399533987045288,True
4,2460,1784807933.1178355,8,0.021223068237304688,0.002652883529663086,True
4,2461,1784807933.1393807,8,0.01938772201538086,0.0024234652519226074,True
4,2462,1784807933.1606886,8,0.01898503303527832,0.00237312912940979,True
4,2463,1784807933.1808631,8,0.018733739852905273,0.002341717481613159,True
4,2464,1784807933.2001638,8,0.019807815551757812,0.0024759769439697266,True
4,2465,1784807933.2203255,8,0.020107507705688477,0.0025134384632110596,True
4,2466,1784807933.2408745,8,0.018565893173217773,0.0023207366466522217,True
4,2467,1784807933.2607858,8,0.022058963775634766,0.0027573704719543457,True
4,2468,1784807933.283224,8,0.020508289337158203,0.0025635361671447754,True
4,2469,1784807933.3042984,8,0.02219390869140625,0.0027742385864257812,True
4,2470,1784807933.327134,8,0.021077632904052734,0.002634704113006592,True
4,2471,1784807933.34895,8,0.02236151695251465,0.002795189619064331,True
4,2472,1784807933.3719103,8,0.019301652908325195,0.0024127066135406494,True
4,2473,1784807933.3926349,8,0.019701004028320312,0.002462625503540039,True
4,2474,1784807933.4132519,8,0.019546985626220703,0.002443373203277588,True
4,2475,1784807933.4331274,8,0.021575927734375,0.002696990966796875,True
4,2476,1784807933.4563856,8,0.01811671257019043,0.0022645890712738037,True
4,2477,1784807933.474839,8,0.019502639770507812,0.0024378299713134766,True
4,2478,1784807933.4947252,8,0.020020723342895508,0.0025025904178619385,True
4,2479,1784807933.5157459,8,0.02100682258605957,0.0026258528232574463,True
4,2480,1784807933.5373924,8,0.020201683044433594,0.0025252103805541992,True
4,2481,1784807933.5580626,8,0.018917083740234375,0.002364635467529297,True
4,2482,1784807933.5775514,8,0.020552873611450195,0.0025691092014312744,True
4,2483,1784807933.5990446,8,0.019750118255615234,0.0024687647819519043,True
4,2484,1784807933.6196053,8,0.02088141441345215,0.0026101768016815186,True
4,2485,1784807933.6418014,8,0.020073652267456055,0.002509206533432007,True
4,2486,1784807933.66249,8,0.018268108367919922,0.0022835135459899902,True
4,2487,1784807933.6816452,8,0.01946091651916504,0.00243261456489563,True
4,2488,1784807933.7015724,8,0.020345449447631836,0.0025431811809539795,True
4,2489,1784807933.7226334,8,0.01986837387084961,0.002483546733856201,True
4,2490,1784807933.742919,8,0.019580364227294922,0.0024475455284118652,True
4,2491,1784807933.7629192,8,0.02125692367553711,0.0026571154594421387,True
4,2492,1784807933.784697,8,0.019663572311401367,0.002457946538925171,True
4,2493,1784807933.8049254,8,0.020339488983154297,0.002542436122894287,True
4,2494,1784807933.8255768,8,0.01927495002746582,0.0024093687534332275,True
4,2495,1784807933.8453255,8,0.02151942253112793,0.002689927816390991,True
4,2496,1784807933.8672287,8,0.01936817169189453,0.0024210214614868164,True
4,2497,1784807933.8870077,8,0.020322561264038086,0.0025403201580047607,True
4,2498,1784807933.9077635,8,0.018840789794921875,0.0023550987243652344,True
4,2499,1784807933.9275365,8,0.019472122192382812,0.0024340152740478516,True
4,2500,1784807933.94737,8,0.020317792892456055,0.002539724111557007,True
4,2501,1784807933.968312,8,0.01953864097595215,0.0024423301219940186,True
4,2502,1784807933.988292,8,0.020004987716674805,0.0025006234645843506,True
4,2503,1784807934.0088573,8,0.018651247024536133,0.0023314058780670166,True
4,2504,1784807934.0286274,8,0.02079033851623535,0.002598792314529419,True
4,2505,1784807934.049808,8,0.01880812644958496,0.00235101580619812,True
4,2506,1784807934.068964,8,0.019697189331054688,0.002462148666381836,True
4,2507,1784807934.089088,8,0.020142316818237305,0.002517789602279663,True
4,2508,1784807934.109595,8,0.02078700065612793,0.002598375082015991,True
4,2509,1784807934.1309297,8,0.017893314361572266,0.002236664295196533,True
4,2510,1784807934.149164,8,0.0215911865234375,0.0026988983154296875,True
4,2511,1784807934.1712923,8,0.018391847610473633,0.002298980951309204,True
4,2512,1784807934.1903136,8,0.022828102111816406,0.0028535127639770508,True
4,2513,1784807934.2135131,8,0.01959371566772461,0.002449214458465576,True
4,2514,1784807934.233604,8,0.018705368041992188,0.0023381710052490234,True
4,2515,1784807934.2526543,8,0.021141767501831055,0.002642720937728882,True
4,2516,1784807934.2741241,8,0.019618988037109375,0.002452373504638672,True
4,2517,1784807934.294107,8,0.019428014755249023,0.002428501844406128,True
4,2518,1784807934.313972,8,0.01893925666809082,0.0023674070835113525,True
4,2519,1784807934.334782,8,0.018836021423339844,0.0023545026779174805,True
4,2520,1784807934.3542037,8,0.019031763076782227,0.0023789703845977783,True
4,2521,1784807934.3735437,8,0.0213162899017334,0.002664536237716675,True
4,2522,1784807934.39553,8,0.02164173126220703,0.002705216407775879,True
4,2523,1784807934.4174948,8,0.019554853439331055,0.002444356679916382,True
4,2524,1784807934.4374652,8,0.019618988037109375,0.002452373504638672,True
4,2525,1784807934.4576075,8,0.020018815994262695,0.002502351999282837,True
4,2526,1784807934.4781892,8,0.020023345947265625,0.002502918243408203,True
4,2527,1784807934.499055,8,0.01974320411682129,0.002467900514602661,True
4,2528,1784807934.5193613,8,0.019735097885131836,0.0024668872356414795,True
4,2529,1784807934.5399954,8,0.019572973251342773,0.0024466216564178467,True
4,2530,1784807934.5605583,8,0.019552946090698242,0.0024441182613372803,True
4,2531,1784807934.5804498,8,0.02080702781677246,0.0026008784770965576,True
4,2532,1784807934.601593,8,0.019680500030517578,0.0024600625038146973,True
4,2533,1784807934.621648,8,0.02065873146057129,0.002582341432571411,True
4,2534,1784807934.6427,8,0.017911434173583984,0.002238929271697998,True
4,2535,1784807934.6609313,8,0.018224477767944336,0.002278059720993042,True
4,2536,1784807934.6794329,8,0.02131032943725586,0.0026637911796569824,True
4,2537,1784807934.7012682,8,0.01854109764099121,0.0023176372051239014,True
4,2538,1784807934.7202861,8,0.019313812255859375,0.002414226531982422,True
4,2539,1784807934.7401018,8,0.019872188568115234,0.0024840235710144043,True
4,2540,1784807934.7603843,8,0.020502567291259766,0.0025628209114074707,True
4,2541,1784807934.7812226,8,0.019019126892089844,0.0023773908615112305,True
4,2542,1784807934.800946,8,0.019843578338623047,0.002480447292327881,True
4,2543,1784807934.8213987,8,0.021009206771850586,0.0026261508464813232,True
4,2544,1784807934.843745,8,0.020763158798217773,0.0025953948497772217,True
4,2545,1784807934.865396,8,0.019300222396850586,0.0024125277996063232,True
4,2546,1784807934.8855774,8,0.021844148635864258,0.0027305185794830322,True
4,2547,1784807934.908826,8,0.021387100219726562,0.0026733875274658203,True
4,2548,1784807934.9309072,8,0.02025151252746582,0.0025314390659332275,True
4,2549,1784807934.9514563,8,0.021102190017700195,0.0026377737522125244,True
4,2550,1784807934.9735515,8,0.019246578216552734,0.002405822277069092,True
4,2551,1784807934.9931033,8,0.019446611404418945,0.002430826425552368,True
4,2552,1784807935.0129511,8,0.02138829231262207,0.002673536539077759,True
4,2553,1784807935.0350778,8,0.01980113983154297,0.002475142478942871,True
4,2554,1784807935.0556974,8,0.019627809524536133,0.0024534761905670166,True
4,2555,1784807935.0756853,8,0.020256996154785156,0.0025321245193481445,True
4,2556,1784807935.096416,8,0.020549535751342773,0.0025686919689178467,True
4,2557,1784807935.1173851,8,0.020815134048461914,0.0026018917560577393,True
4,2558,1784807935.1385412,8,0.01913166046142578,0.0023914575576782227,True
4,2559,1784807935.1586173,8,0.019440174102783203,0.0024300217628479004,True
4,2560,1784807935.178455,8,0.01943039894104004,0.002428799867630005,True
4,2561,1784807935.1982772,8,0.01853156089782715,0.0023164451122283936,True
4,2562,1784807935.217619,8,0.020624637603759766,0.0025780797004699707,True
4,2563,1784807935.2389312,8,0.019762039184570312,0.002470254898071289,True
4,2564,1784807935.2590568,8,0.02084064483642578,0.0026050806045532227,True
4,2565,1784807935.2803307,8,0.021054506301879883,0.0026318132877349854,True
4,2566,1784807935.3017187,8,0.019028663635253906,0.0023785829544067383,True
4,2567,1784807935.3211093,8,0.01990985870361328,0.00248873233795166,True
4,2568,1784807935.342517,8,0.019256114959716797,0.0024070143699645996,True
4,2569,1784807935.3625,8,0.022111177444458008,0.002763897180557251,True
4,2570,1784807935.3856838,8,0.020583391189575195,0.0025729238986968994,True
4,2571,1784807935.4066718,8,0.01877140998840332,0.002346426248550415,True
4,2572,1784807935.4257662,8,0.021377086639404297,0.002672135829925537,True
4,2573,1784807935.4475489,8,0.02028822898864746,0.0025360286235809326,True
4,2574,1784807935.4685714,8,0.017915010452270508,0.0022393763065338135,True
4,2575,1784807935.4869199,8,0.020603418350219727,0.002575427293777466,True
4,2576,1784807935.5082192,8,0.020277023315429688,0.002534627914428711,True
4,2577,1784807935.52888,8,0.01886582374572754,0.0023582279682159424,True
4,2578,1784807935.5481293,8,0.021066904067993164,0.0026333630084991455,True
4,2579,1784807935.5698218,8,0.019524097442626953,0.002440512180328369,True
4,2580,1784807935.5900042,8,0.018676280975341797,0.0023345351219177246,True
4,2581,1784807935.610201,8,0.020691871643066406,0.0025864839553833008,True
4,2582,1784807935.63138,8,0.02002263069152832,0.00250282883644104,True
4,2583,1784807935.651881,8,0.019110679626464844,0.0023888349533081055,True
4,2584,1784807935.6718428,8,0.02473139762878418,0.0030914247035980225,True
4,2585,1784807935.6972377,8,0.01633429527282715,0.0020417869091033936,True
4,2586,1784807935.713922,8,0.020134925842285156,0.0025168657302856445,True
4,2587,1784807935.734581,8,0.018969058990478516,0.0023711323738098145,True
4,2588,1784807935.7542727,8,0.018877506256103516,0.0023596882820129395,True
4,2589,1784807935.773583,8,0.02135753631591797,0.002669692039489746,True
4,2590,1784807935.7953997,8,0.01974034309387207,0.002467542886734009,True
4,2591,1784807935.8159888,8,0.0195920467376709,0.0024490058422088623,True
4,2592,1784807935.8362145,8,0.021518945693969727,0.002689868211746216,True
4,2593,1784807935.8583972,8,0.020412445068359375,0.002551555633544922,True
4,2594,1784807935.8792274,8,0.02007889747619629,0.002509862184524536,True
4,2595,1784807935.8997893,8,0.02010321617126465,0.002512902021408081,True
4,2596,1784807935.920194,8,0.020394086837768555,0.0025492608547210693,True
4,2597,1784807935.9409432,8,0.019146203994750977,0.002393275499343872,True
4,2598,1784807935.9611194,8,0.020319461822509766,0.0025399327278137207,True
4,2599,1784807935.982123,8,0.018607616424560547,0.0023259520530700684,True
4,2600,1784807936.001226,8,0.021720170974731445,0.0027150213718414307,True
4,2601,1784807936.0240722,8,0.018980741500854492,0.0023725926876068115,True
4,2602,1784807936.0434582,8,0.01917576789855957,0.0023969709873199463,True
4,2603,1784807936.0636926,8,0.020814895629882812,0.0026018619537353516,True
4,2604,1784807936.0848768,8,0.021242618560791016,0.002655327320098877,True
4,2605,1784807936.1080806,8,0.019307613372802734,0.002413451671600342,True
4,2606,1784807936.1278694,8,0.018410205841064453,0.0023012757301330566,True
4,2607,1784807936.1469178,8,0.020315885543823242,0.0025394856929779053,True
4,2608,1784807936.1675851,8,0.0192110538482666,0.002401381731033325,True
4,2609,1784807936.1875062,8,0.01856398582458496,0.00232049822807312,True
4,2610,1784807936.2068775,8,0.018897056579589844,0.0023621320724487305,True
4,2611,1784807936.2267063,8,0.019025802612304688,0.002378225326538086,True
4,2612,1784807936.246249,8,0.01925206184387207,0.002406507730484009,True
4,2613,1784807936.2662385,8,0.02328014373779297,0.002910017967224121,True
4,2614,1784807936.2901032,8,0.019393205642700195,0.0024241507053375244,True
4,2615,1784807936.3098867,8,0.020235300064086914,0.0025294125080108643,True
4,2616,1784807936.3306298,8,0.020657777786254883,0.0025822222232818604,True
4,2617,1784807936.3523307,8,0.0207216739654541,0.0025902092456817627,True
4,2618,1784807936.3735366,8,0.020505428314208984,0.002563178539276123,True
4,2619,1784807936.394645,8,0.020603418350219727,0.002575427293777466,True
4,2620,1784807936.4162877,8,0.021628141403198242,0.0027035176753997803,True
4,2621,1784807936.4387734,8,0.02107858657836914,0.0026348233222961426,True
4,2622,1784807936.4610448,8,0.019295454025268555,0.0024119317531585693,True
4,2623,1784807936.4809175,8,0.020976781845092773,0.0026220977306365967,True
4,2624,1784807936.502533,8,0.02068781852722168,0.00258597731590271,True
4,2625,1784807936.5236511,8,0.020081281661987305,0.002510160207748413,True
4,2626,1784807936.5445292,8,0.020299196243286133,0.0025373995304107666,True
4,2627,1784807936.5652328,8,0.019692182540893555,0.0024615228176116943,True
4,2628,1784807936.5857806,8,0.020541906356811523,0.0025677382946014404,True
4,2629,1784807936.6068876,8,0.019316673278808594,0.0024145841598510742,True
4,2630,1784807936.626679,8,0.019677162170410156,0.0024596452713012695,True
4,2631,1784807936.647091,8,0.019275903701782227,0.0024094879627227783,True
4,2632,1784807936.6678581,8,0.022672414779663086,0.0028340518474578857,True
4,2633,1784807936.6912105,8,0.01755356788635254,0.0021941959857940674,True
4,2634,1784807936.709251,8,0.020284652709960938,0.002535581588745117,True
4,2635,1784807936.7298925,8,0.020966768264770508,0.0026208460330963135,True
4,2636,1784807936.7513745,8,0.020326852798461914,0.0025408565998077393,True
4,2637,1784807936.7723784,8,0.01930999755859375,0.0024137496948242188,True
4,2638,1784807936.792122,8,0.02111506462097168,0.00263938307762146,True
4,2639,1784807936.8136551,8,0.020658016204833984,0.002582252025604248,True
4,2640,1784807936.834725,8,0.018546104431152344,0.002318263053894043,True
4,2641,1784807936.8536253,8,0.02328181266784668,0.002910226583480835,True
4,2642,1784807936.8774421,8,0.017768383026123047,0.002221047878265381,True
4,2643,1784807936.8957245,8,0.018604516983032227,0.0023255646228790283,True
4,2644,1784807936.9149282,8,0.0206601619720459,0.0025825202465057373,True
4,2645,1784807936.935918,8,0.020943641662597656,0.002617955207824707,True
4,2646,1784807936.9573839,8,0.022305011749267578,0.0027881264686584473,True
4,2647,1784807936.980189,8,0.01877737045288086,0.0023471713066101074,True
4,2648,1784807936.99927,8,0.019636154174804688,0.002454519271850586,True
4,2649,1784807937.0194402,8,0.021282434463500977,0.002660304307937622,True
4,2650,1784807937.041768,8,0.01878213882446289,0.0023477673530578613,True
4,2651,1784807937.0620017,8,0.01947188377380371,0.002433985471725464,True
4,2652,1784807937.081951,8,0.019293785095214844,0.0024117231369018555,True
4,2653,1784807937.1029413,8,0.020393848419189453,0.0025492310523986816,True
4,2654,1784807937.1238697,8,0.01905536651611328,0.00238192081451416,True
4,2655,1784807937.1433554,8,0.020245075225830078,0.0025306344032287598,True
4,2656,1784807937.1639209,8,0.019124984741210938,0.002390623092651367,True
4,2657,1784807937.1838155,8,0.01988697052001953,0.0024858713150024414,True
4,2658,1784807937.204198,8,0.019788265228271484,0.0024735331535339355,True
4,2659,1784807937.2244463,8,0.019678592681884766,0.0024598240852355957,True
4,2660,1784807937.244518,8,0.020738840103149414,0.0025923550128936768,True
4,2661,1784807937.2660787,8,0.01954030990600586,0.0024425387382507324,True
4,2662,1784807937.2866948,8,0.019863367080688477,0.0024829208850860596,True
4,2663,1784807937.3071997,8,0.0215606689453125,0.0026950836181640625,True
4,2664,1784807937.3301127,8,0.01922893524169922,0.0024036169052124023,True
4,2665,1784807937.3509393,8,0.020587682723999023,0.002573460340499878,True
4,2666,1784807937.371978,8,0.019192934036254883,0.0023991167545318604,True
4,2667,1784807937.3917449,8,0.019399642944335938,0.002424955368041992,True
4,2668,1784807937.4115274,8,0.019608259201049805,0.0024510324001312256,True
4,2669,1784807937.431461,8,0.022090435028076172,0.0027613043785095215,True
4,2670,1784807937.4542313,8,0.01902914047241211,0.0023786425590515137,True
4,2671,1784807937.4736168,8,0.01989459991455078,0.0024868249893188477,True
4,2672,1784807937.4939656,8,0.020505189895629883,0.0025631487369537354,True
4,2673,1784807937.5148854,8,0.021018266677856445,0.0026272833347320557,True
4,2674,1784807937.5362675,8,0.019208908081054688,0.002401113510131836,True
4,2675,1784807937.5557742,8,0.018677711486816406,0.0023347139358520508,True
4,2676,1784807937.574938,8,0.020847558975219727,0.002605944871902466,True
4,2677,1784807937.5962756,8,0.020007848739624023,0.002500981092453003,True
4,2678,1784807937.6166644,8,0.01912212371826172,0.002390265464782715,True
4,2679,1784807937.6382158,8,0.02005457878112793,0.002506822347640991,True
4,2680,1784807937.6596043,8,0.01868438720703125,0.0023355484008789062,True
4,2681,1784807937.6787033,8,0.020105361938476562,0.0025131702423095703,True
4,2682,1784807937.6993449,8,0.01978302001953125,0.0024728775024414062,True
4,2683,1784807937.7203918,8,0.018372058868408203,0.0022965073585510254,True
4,2684,1784807937.7394109,8,0.019666671752929688,0.002458333969116211,True
4,2685,1784807937.7597618,8,0.02168583869934082,0.0027107298374176025,True
4,2686,1784807937.7818089,8,0.019063949584960938,0.002382993698120117,True
4,2687,1784807937.802364,8,0.020873546600341797,0.0026091933250427246,True
4,2688,1784807937.823656,8,0.020585298538208008,0.002573162317276001,True
4,2689,1784807937.845779,8,0.019867658615112305,0.002483457326889038,True
4,2690,1784807937.866121,8,0.019047260284423828,0.0023809075355529785,True
4,2691,1784807937.8857563,8,0.021979093551635742,0.0027473866939544678,True
4,2692,1784807937.9083714,8,0.020409822463989258,0.0025512278079986572,True
4,2693,1784807937.9302735,8,0.019297361373901367,0.002412170171737671,True
4,2694,1784807937.9500113,8,0.020585298538208008,0.002573162317276001,True
4,2695,1784807937.97135,8,0.019583463668823242,0.0024479329586029053,True
4,2696,1784807937.9918897,8,0.019650936126708984,0.002456367015838623,True
4,2697,1784807938.013235,8,0.019659996032714844,0.0024574995040893555,True
4,2698,1784807938.0335016,8,0.018916606903076172,0.0023645758628845215,True
4,2699,1784807938.0530045,8,0.021764278411865234,0.0027205348014831543,True
4,2700,1784807938.0752945,8,0.019499778747558594,0.0024374723434448242,True
4,2701,1784807938.0952625,8,0.019040822982788086,0.0023801028728485107,True
4,2702,1784807938.1148162,8,0.019273757934570312,0.002409219741821289,True
4,2703,1784807938.1346698,8,0.019597530364990234,0.0024496912956237793,True
4,2704,1784807938.1549802,8,0.020343780517578125,0.0025429725646972656,True
4,2705,1784807938.1758802,8,0.019988298416137695,0.002498537302017212,True
4,2706,1784807938.1963139,8,0.019821643829345703,0.002477705478668213,True
4,2707,1784807938.2164938,8,0.019156694412231445,0.0023945868015289307,True
4,2708,1784807938.236302,8,0.022945642471313477,0.0028682053089141846,True
4,2709,1784807938.2600417,8,0.020551204681396484,0.0025689005851745605,True
4,2710,1784807938.2826583,8,0.017966032028198242,0.0022457540035247803,True
4,2711,1784807938.3016012,8,0.019665241241455078,0.0024581551551818848,True
4,2712,1784807938.3221521,8,0.020856380462646484,0.0026070475578308105,True
4,2713,1784807938.3452022,8,0.01957249641418457,0.0024465620517730713,True
4,2714,1784807938.3651032,8,0.021738290786743164,0.0027172863483428955,True
4,2715,1784807938.3874397,8,0.020739316940307617,0.002592414617538452,True
4,2716,1784807938.4092836,8,0.01943039894104004,0.002428799867630005,True
4,2717,1784807938.4302416,8,0.019560575485229492,0.0024450719356536865,True
4,2718,1784807938.4502707,8,0.019245624542236328,0.002405703067779541,True
4,2719,1784807938.470718,8,0.01988077163696289,0.0024850964546203613,True
4,2720,1784807938.4909084,8,0.020887136459350586,0.0026108920574188232,True
4,2721,1784807938.5123239,8,0.020591259002685547,0.0025739073753356934,True
4,2722,1784807938.5339081,8,0.020861387252807617,0.002607673406600952,True
4,2723,1784807938.5551488,8,0.0206143856048584,0.0025767982006073,True
4,2724,1784807938.5767827,8,0.020466327667236328,0.002558290958404541,True
4,2725,1784807938.597681,8,0.019580602645874023,0.002447575330734253,True
4,2726,1784807938.6175783,8,0.02652287483215332,0.003315359354019165,True
4,2727,1784807938.644872,8,0.015998363494873047,0.001999795436859131,True
4,2728,1784807938.6612153,8,0.019484996795654297,0.002435624599456787,True
4,2729,1784807938.6811447,8,0.020806074142456055,0.002600759267807007,True
4,2730,1784807938.7026076,8,0.018504858016967773,0.0023131072521209717,True
4,2731,1784807938.721589,8,0.02077651023864746,0.0025970637798309326,True
4,2732,1784807938.7430763,8,0.0191347599029541,0.0023918449878692627,True
4,2733,1784807938.7628653,8,0.019513607025146484,0.0024392008781433105,True
4,2734,1784807938.7828796,8,0.0206911563873291,0.0025863945484161377,True
4,2735,1784807938.804118,8,0.01993107795715332,0.002491384744644165,True
4,2736,1784807938.8243809,8,0.01848125457763672,0.00231015682220459,True
4,2737,1784807938.8437288,8,0.019383907318115234,0.0024229884147644043,True
4,2738,1784807938.8635855,8,0.02142024040222168,0.00267753005027771,True
4,2739,1784807938.8853862,8,0.019261598587036133,0.0024076998233795166,True
4,2740,1784807938.90559,8,0.019779443740844727,0.002472430467605591,True
4,2741,1784807938.9258683,8,0.021075010299682617,0.002634376287460327,True
4,2742,1784807938.949001,8,0.01966261863708496,0.00245782732963562,True
4,2743,1784807938.9695551,8,0.020049095153808594,0.0025061368942260742,True
4,2744,1784807938.9926677,8,0.01768946647644043,0.0022111833095550537,True
4,2745,1784807939.0111156,8,0.018979549407958984,0.002372443675994873,True
4,2746,1784807939.0308342,8,0.019968748092651367,0.002496093511581421,True
4,2747,1784807939.0512528,8,0.01938176155090332,0.002422720193862915,True
4,2748,1784807939.0738273,8,0.018229246139526367,0.002278655767440796,True
4,2749,1784807939.092421,8,0.0206301212310791,0.0025787651538848877,True
4,2750,1784807939.1134937,8,0.018883466720581055,0.002360433340072632,True
4,2751,1784807939.13287,8,0.020328521728515625,0.002541065216064453,True
4,2752,1784807939.1538036,8,0.01946544647216797,0.002433180809020996,True
4,2753,1784807939.1745822,8,0.021622419357299805,0.0027028024196624756,True
4,2754,1784807939.1968336,8,0.019570350646972656,0.002446293830871582,True
4,2755,1784807939.2170172,8,0.02113199234008789,0.0026414990425109863,True
4,2756,1784807939.2385104,8,0.02026200294494629,0.002532750368118286,True
4,2757,1784807939.2591681,8,0.021106719970703125,0.0026383399963378906,True
4,2758,1784807939.281005,8,0.019181251525878906,0.0023976564407348633,True
4,2759,1784807939.3006284,8,0.02002716064453125,0.0025033950805664062,True
4,2760,1784807939.3210983,8,0.021059036254882812,0.0026323795318603516,True
4,2761,1784807939.3436792,8,0.01730489730834961,0.002163112163543701,True
4,2762,1784807939.3613722,8,0.019405126571655273,0.002425640821456909,True
4,2763,1784807939.382699,8,0.02269268035888672,0.00283658504486084,True
4,2764,1784807939.4059145,8,0.019367218017578125,0.0024209022521972656,True
4,2765,1784807939.4256794,8,0.019425153732299805,0.0024281442165374756,True
4,2766,1784807939.4463146,8,0.021262168884277344,0.002657771110534668,True
4,2767,1784807939.46816,8,0.02044963836669922,0.0025562047958374023,True
4,2768,1784807939.489291,8,0.018822193145751953,0.002352774143218994,True
4,2769,1784807939.5084772,8,0.02136373519897461,0.002670466899871826,True
4,2770,1784807939.5303552,8,0.018509626388549805,0.0023137032985687256,True
4,2771,1784807939.550238,8,0.017555713653564453,0.0021944642066955566,True
4,2772,1784807939.568084,8,0.019429445266723633,0.002428680658340454,True
4,2773,1784807939.587905,8,0.018732786178588867,0.0023415982723236084,True
4,2774,1784807939.6073477,8,0.02042222023010254,0.0025527775287628174,True
4,2775,1784807939.6283748,8,0.0194242000579834,0.002428025007247925,True
4,2776,1784807939.6482375,8,0.019086360931396484,0.0023857951164245605,True
4,2777,1784807939.667647,8,0.020407438278198242,0.0025509297847747803,True
4,2778,1784807939.6884763,8,0.021098613739013672,0.002637326717376709,True
4,2779,1784807939.7100165,8,0.0194242000579834,0.002428025007247925,True
4,2780,1784807939.7299416,8,0.021658658981323242,0.0027073323726654053,True
4,2781,1784807939.7519712,8,0.021044254302978516,0.0026305317878723145,True
4,2782,1784807939.7736182,8,0.02292013168334961,0.002865016460418701,True
4,2783,1784807939.797233,8,0.019990205764770508,0.0024987757205963135,True
4,2784,1784807939.817656,8,0.019487857818603516,0.0024359822273254395,True
4,2785,1784807939.8387494,8,0.01824331283569336,0.00228041410446167,True
4,2786,1784807939.8575194,8,0.019746065139770508,0.0024682581424713135,True
4,2787,1784807939.8779392,8,0.021080732345581055,0.002635091543197632,True
4,2788,1784807939.8994503,8,0.0188601016998291,0.0023575127124786377,True
4,2789,1784807939.9193926,8,0.02183389663696289,0.0027292370796203613,True
4,2790,1784807939.94151,8,0.020546436309814453,0.0025683045387268066,True
4,2791,1784807939.9625723,8,0.020113706588745117,0.0025142133235931396,True
4,2792,1784807939.9829798,8,0.01986074447631836,0.002482593059539795,True
4,2793,1784807940.0032096,8,0.020322084426879883,0.0025402605533599854,True
4,2794,1784807940.0239341,8,0.021292686462402344,0.002661585807800293,True
4,2795,1784807940.045522,8,0.01913928985595703,0.002392411231994629,True
4,2796,1784807940.064965,8,0.021542787551879883,0.0026928484439849854,True
4,2797,1784807940.0870612,8,0.019478797912597656,0.002434849739074707,True
4,2798,1784807940.107009,8,0.01996755599975586,0.0024959444999694824,True
4,2799,1784807940.1274443,8,0.021294116973876953,0.002661764621734619,True
4,2800,1784807940.1493156,8,0.02060246467590332,0.002575308084487915,True
4,2801,1784807940.1702816,8,0.019984722137451172,0.0024980902671813965,True
4,2802,1784807940.190703,8,0.02158498764038086,0.0026981234550476074,True
4,2803,1784807940.2125933,8,0.019660472869873047,0.002457559108734131,True
4,2804,1784807940.232563,8,0.02002716064453125,0.0025033950805664062,True
4,2805,1784807940.2529004,8,0.022113323211669922,0.0027641654014587402,True
4,2806,1784807940.2756698,8,0.020201921463012695,0.002525240182876587,True
4,2807,1784807940.2961853,8,0.018999338150024414,0.0023749172687530518,True
4,2808,1784807940.316235,8,0.020965099334716797,0.0026206374168395996,True
4,2809,1784807940.3375416,8,0.018898963928222656,0.002362370491027832,True
4,2810,1784807940.3568392,8,0.02029728889465332,0.002537161111831665,True
4,2811,1784807940.3776824,8,0.02095341682434082,0.0026191771030426025,True
4,2812,1784807940.3993568,8,0.019400358200073242,0.0024250447750091553,True
4,2813,1784807940.4190578,8,0.01947164535522461,0.002433955669403076,True
4,2814,1784807940.4405305,8,0.019257068634033203,0.0024071335792541504,True
4,2815,1784807940.460232,8,0.019313573837280273,0.002414196729660034,True
4,2816,1784807940.4799259,8,0.02180957794189453,0.0027261972427368164,True
4,2817,1784807940.5022252,8,0.019768238067626953,0.002471029758453369,True
4,2818,1784807940.522656,8,0.021418333053588867,0.0026772916316986084,True
4,2819,1784807940.544495,8,0.02060413360595703,0.002575516700744629,True
4,2820,1784807940.5653636,8,0.020626068115234375,0.002578258514404297,True
4,2821,1784807940.5863092,8,0.01952052116394043,0.0024400651454925537,True
4,2822,1784807940.606365,8,0.01947641372680664,0.00243455171585083,True
4,2823,1784807940.6262405,8,0.021220684051513672,0.002652585506439209,True
4,2824,1784807940.6486611,8,0.01958632469177246,0.0024482905864715576,True
4,2825,1784807940.669136,8,0.019291162490844727,0.002411395311355591,True
4,2826,1784807940.6887803,8,0.021471023559570312,0.002683877944946289,True
4,2827,1784807940.710552,8,0.019286155700683594,0.0024107694625854492,True
4,2828,1784807940.7301803,8,0.020021677017211914,0.0025027096271514893,True
4,2829,1784807940.750477,8,0.02019047737121582,0.0025238096714019775,True
4,2830,1784807940.770992,8,0.02271556854248047,0.0028394460678100586,True
4,2831,1784807940.7939909,8,0.02070450782775879,0.0025880634784698486,True
4,2832,1784807940.815097,8,0.019289731979370117,0.0024112164974212646,True
4,2833,1784807940.834952,8,0.021175146102905273,0.002646893262863159,True
4,2834,1784807940.8565354,8,0.019377708435058594,0.0024222135543823242,True
4,2835,1784807940.8763876,8,0.020211458206176758,0.0025264322757720947,True
4,2836,1784807940.8969681,8,0.01911306381225586,0.0023891329765319824,True
4,2837,1784807940.916494,8,0.020984172821044922,0.0026230216026306152,True
4,2838,1784807940.9379501,8,0.01989150047302246,0.0024864375591278076,True
4,2839,1784807940.9583094,8,0.016523122787475586,0.0020653903484344482,True
4,2840,1784807940.9751582,8,0.01960897445678711,0.0024511218070983887,True
4,2841,1784807940.9951427,8,0.020679712295532227,0.0025849640369415283,True
4,2842,1784807941.0162945,8,0.021255016326904297,0.002656877040863037,True
4,2843,1784807941.0379338,8,0.019989728927612305,0.002498716115951538,True
4,2844,1784807941.0584989,8,0.0196225643157959,0.0024528205394744873,True
4,2845,1784807941.0786786,8,0.020325899124145508,0.0025407373905181885,True
4,2846,1784807941.1011536,8,0.01819896697998047,0.0022748708724975586,True
4,2847,1784807941.1206522,8,0.019855976104736328,0.002481997013092041,True
4,2848,1784807941.1413646,8,0.01871514320373535,0.002339392900466919,True
4,2849,1784807941.1604288,8,0.01981329917907715,0.0024766623973846436,True
4,2850,1784807941.1809802,8,0.02140522003173828,0.002675652503967285,True
4,2851,1784807941.204197,8,0.019480228424072266,0.002435028553009033,True
4,2852,1784807941.2239258,8,0.021429777145385742,0.0026787221431732178,True
4,2853,1784807941.245791,8,0.018859386444091797,0.0023574233055114746,True
4,2854,1784807941.2649403,8,0.020212650299072266,0.002526581287384033,True
4,2855,1784807941.2856016,8,0.019089698791503906,0.0023862123489379883,True
4,2856,1784807941.3052135,8,0.019744873046875,0.002468109130859375,True
4,2857,1784807941.3258922,8,0.0211789608001709,0.0026473701000213623,True
4,2858,1784807941.3480542,8,0.02284383773803711,0.0028554797172546387,True
4,2859,1784807941.3713872,8,0.019338607788085938,0.002417325973510742,True
4,2860,1784807941.391317,8,0.01892995834350586,0.0023662447929382324,True
4,2861,1784807941.4105701,8,0.01922464370727539,0.002403080463409424,True
4,2862,1784807941.4301312,8,0.01979541778564453,0.0024744272232055664,True
4,2863,1784807941.450247,8,0.021900177001953125,0.0027375221252441406,True
4,2864,1784807941.4726694,8,0.02020120620727539,0.002525150775909424,True
4,2865,1784807941.4934938,8,0.01957988739013672,0.00244748592376709,True
4,2866,1784807941.5134869,8,0.01986861228942871,0.002483576536178589,True
4,2867,1784807941.5343554,8,0.018895864486694336,0.002361983060836792,True
4,2868,1784807941.5536096,8,0.019341707229614258,0.0024177134037017822,True
4,2869,1784807941.574114,8,0.018721580505371094,0.0023401975631713867,True
4,2870,1784807941.5932283,8,0.019610166549682617,0.002451270818710327,True
4,2871,1784807941.61317,8,0.01786327362060547,0.0022329092025756836,True
4,2872,1784807941.6313527,8,0.021366119384765625,0.002670764923095703,True
4,2873,1784807941.6530728,8,0.01878046989440918,0.0023475587368011475,True
4,2874,1784807941.672513,8,0.020925521850585938,0.002615690231323242,True
4,2875,1784807941.6938872,8,0.022840023040771484,0.0028550028800964355,True
4,2876,1784807941.7177944,8,0.01865553855895996,0.002331942319869995,True
4,2877,1784807941.73679,8,0.02053546905517578,0.0025669336318969727,True
4,2878,1784807941.757667,8,0.02118682861328125,0.0026483535766601562,True
4,2879,1784807941.779239,8,0.02082037925720215,0.0026025474071502686,True
4,2880,1784807941.8004463,8,0.020302534103393555,0.0025378167629241943,True
4,2881,1784807941.8210206,8,0.02157282829284668,0.002696603536605835,True
4,2882,1784807941.842975,8,0.02094864845275879,0.0026185810565948486,True
4,2883,1784807941.864803,8,0.019957542419433594,0.0024946928024291992,True
4,2884,1784807941.8852484,8,0.019875764846801758,0.0024844706058502197,True
4,2885,1784807941.9055834,8,0.018563032150268555,0.0023203790187835693,True
4,2886,1784807941.924543,8,0.02299785614013672,0.00287473201751709,True
4,2887,1784807941.94894,8,0.02033686637878418,0.0025421082973480225,True
4,2888,1784807941.9699402,8,0.021675825119018555,0.0027094781398773193,True
4,2889,1784807941.9919362,8,0.017993450164794922,0.0022491812705993652,True
4,2890,1784807942.0102518,8,0.02171468734741211,0.0027143359184265137,True
4,2891,1784807942.0326867,8,0.021875381469726562,0.0027344226837158203,True
4,2892,1784807942.055368,8,0.02214217185974121,0.0027677714824676514,True
4,2893,1784807942.0779436,8,0.02066802978515625,0.0025835037231445312,True
4,2894,1784807942.0992408,8,0.02028489112854004,0.002535611391067505,True
4,2895,1784807942.119988,8,0.021048307418823242,0.0026310384273529053,True
4,2896,1784807942.1420321,8,0.018753767013549805,0.0023442208766937256,True
4,2897,1784807942.161264,8,0.02209019660949707,0.002761274576187134,True
4,2898,1784807942.1837983,8,0.01874828338623047,0.0023435354232788086,True
4,2899,1784807942.20328,8,0.0204315185546875,0.0025539398193359375,True
4,2900,1784807942.2243211,8,0.02013111114501953,0.0025163888931274414,True
4,2901,1784807942.2448187,8,0.02005314826965332,0.002506643533706665,True
4,2902,1784807942.2656827,8,0.02065134048461914,0.0025814175605773926,True
4,2903,1784807942.2867935,8,0.020499706268310547,0.0025624632835388184,True
4,2904,1784807942.3082597,8,0.01933121681213379,0.0024164021015167236,True
4,2905,1784807942.328307,8,0.020827770233154297,0.002603471279144287,True
4,2906,1784807942.3495839,8,0.020006418228149414,0.0025008022785186768,True
4,2907,1784807942.3700495,8,0.021116971969604492,0.0026396214962005615,True
4,2908,1784807942.3923297,8,0.021898984909057617,0.002737373113632202,True
4,2909,1784807942.4149544,8,0.022841930389404297,0.002855241298675537,True
4,2910,1784807942.4384396,8,0.019539594650268555,0.0024424493312835693,True
4,2911,1784807942.458863,8,0.020873308181762695,0.002609163522720337,True
4,2912,1784807942.480508,8,0.021085262298583984,0.002635657787322998,True
4,2913,1784807942.5023367,8,0.020589590072631836,0.0025736987590789795,True
4,2914,1784807942.523842,8,0.021271944046020508,0.0026589930057525635,True
4,2915,1784807942.5454326,8,0.023141860961914062,0.002892732620239258,True
4,2916,1784807942.5690525,8,0.018534183502197266,0.002316772937774658,True
4,2917,1784807942.5880733,8,0.02118682861328125,0.0026483535766601562,True
4,2918,1784807942.609726,8,0.021066904067993164,0.0026333630084991455,True
4,2919,1784807942.6310828,8,0.020965576171875,0.002620697021484375,True
4,2920,1784807942.6528971,8,0.0206301212310791,0.0025787651538848877,True
4,2921,1784807942.6750052,8,0.019003868103027344,0.002375483512878418,True
4,2922,1784807942.69454,8,0.020426034927368164,0.0025532543659210205,True
4,2923,1784807942.7160544,8,0.021960020065307617,0.002745002508163452,True
4,2924,1784807942.7383893,8,0.017822265625,0.002227783203125,True
4,2925,1784807942.7566104,8,0.01968240737915039,0.002460300922393799,True
4,2926,1784807942.7767608,8,0.01855158805847168,0.00231894850730896,True
4,2927,1784807942.7956483,8,0.018074512481689453,0.0022593140602111816,True
4,2928,1784807942.8140907,8,0.016593456268310547,0.0020741820335388184,True
4,2929,1784807942.8309984,8,0.019483566284179688,0.002435445785522461,True
4,2930,1784807942.8511195,8,0.01606607437133789,0.0020082592964172363,True
4,2931,1784807942.8676832,8,0.017193078994750977,0.002149134874343872,True
