KV Cache Wrapper - Start delay for 90 seconds
KV Cache Wrapper - Start delay for 90 seconds
KV Cache Wrapper - Start delay for 90 seconds
KV Cache Wrapper - Start delay for 90 seconds
KV Cache Wrapper - Start delay for 90 seconds
KV Cache Wrapper - Start delay for 90 seconds
KV Cache Wrapper - Start delay for 90 seconds
KV Cache Wrapper - Start delay for 90 seconds
KV Cache Wrapper - Start delay for 90 seconds
KV Cache Wrapper - Start delay for 90 seconds
KV Cache Wrapper - Start delay for 90 seconds
KV Cache Wrapper - Start delay for 90 seconds
KV Cache Wrapper - Start delay for 90 seconds
KV Cache Wrapper - Start delay for 90 seconds
KV Cache Wrapper - Start delay for 90 seconds
KV Cache Wrapper - Start delay for 90 seconds
KV Cache Wrapper - Start delay for 90 seconds
KV Cache Wrapper - Start delay for 90 seconds
KV Cache Wrapper - Start delay for 90 seconds
KV Cache Wrapper - Start delay for 90 seconds
KV Cache Wrapper - Start delay for 90 seconds
KV Cache Wrapper - Start delay for 90 seconds
KV Cache Wrapper - Start delay for 90 seconds
KV Cache Wrapper - Start delay for 90 seconds
KV Cache Wrapper - Start delay for 90 seconds
KV Cache Wrapper - Start delay for 90 seconds
KV Cache Wrapper - Start delay for 90 seconds
KV Cache Wrapper - Start delay for 90 seconds
KV Cache Wrapper - Start delay for 90 seconds
KV Cache Wrapper - Start delay for 90 seconds
KV Cache Wrapper - Start delay for 90 seconds
KV Cache Wrapper - Start delay for 90 seconds
KV Cache Wrapper - Start delay for 90 seconds
KV Cache Wrapper - Start delay for 90 seconds
KV Cache Wrapper - Start delay for 90 seconds
KV Cache Wrapper - Start delay for 90 seconds
KV Cache Wrapper - Start delay for 90 seconds
KV Cache Wrapper - Start delay for 90 seconds
KV Cache Wrapper - Start delay for 90 seconds
KV Cache Wrapper - Start delay for 90 seconds
KV Cache Wrapper - Start delay for 90 seconds
KV Cache Wrapper - Start delay for 90 seconds
KV Cache Wrapper - Start delay for 90 seconds
KV Cache Wrapper - Start delay for 90 seconds
KV Cache Wrapper - Start delay for 90 seconds
KV Cache Wrapper - Start delay for 90 seconds
KV Cache Wrapper - Start delay for 90 seconds
KV Cache Wrapper - Start delay for 90 seconds
KV Cache Wrapper - Starting benchmark pass...
KV Cache Wrapper - Starting benchmark pass...
KV Cache Wrapper - Starting benchmark pass...
KV Cache Wrapper - Starting benchmark pass...
KV Cache Wrapper - Starting benchmark pass...
KV Cache Wrapper - Starting benchmark pass...
KV Cache Wrapper - Starting benchmark pass...
KV Cache Wrapper - Starting benchmark pass...
KV Cache Wrapper - Starting benchmark pass...
KV Cache Wrapper - Starting benchmark pass...
KV Cache Wrapper - Starting benchmark pass...
KV Cache Wrapper - Starting benchmark pass...
KV Cache Wrapper - Starting benchmark pass...
KV Cache Wrapper - Starting benchmark pass...
KV Cache Wrapper - Starting benchmark pass...
KV Cache Wrapper - Starting benchmark pass...
KV Cache Wrapper - Starting benchmark pass...
KV Cache Wrapper - Starting benchmark pass...
KV Cache Wrapper - Starting benchmark pass...
KV Cache Wrapper - Starting benchmark pass...
KV Cache Wrapper - Starting benchmark pass...
KV Cache Wrapper - Starting benchmark pass...
KV Cache Wrapper - Starting benchmark pass...
KV Cache Wrapper - Starting benchmark pass...
KV Cache Wrapper - Starting benchmark pass...
KV Cache Wrapper - Starting benchmark pass...
KV Cache Wrapper - Starting benchmark pass...
KV Cache Wrapper - Starting benchmark pass...
KV Cache Wrapper - Starting benchmark pass...
KV Cache Wrapper - Starting benchmark pass...
KV Cache Wrapper - Starting benchmark pass...
KV Cache Wrapper - Starting benchmark pass...
KV Cache Wrapper - Starting benchmark pass...
KV Cache Wrapper - Starting benchmark pass...
KV Cache Wrapper - Starting benchmark pass...
KV Cache Wrapper - Starting benchmark pass...
KV Cache Wrapper - Starting benchmark pass...
KV Cache Wrapper - Starting benchmark pass...
KV Cache Wrapper - Starting benchmark pass...
KV Cache Wrapper - Starting benchmark pass...
KV Cache Wrapper - Starting benchmark pass...
KV Cache Wrapper - Starting benchmark pass...
KV Cache Wrapper - Starting benchmark pass...
KV Cache Wrapper - Starting benchmark pass...
KV Cache Wrapper - Starting benchmark pass...
KV Cache Wrapper - Starting benchmark pass...
KV Cache Wrapper - Starting benchmark pass...
KV Cache Wrapper - Starting benchmark pass...

Integrated Multi-User KV Cache Benchmark - MLPerf Edition
Model: Llama 3.1 70B Instruct
GPU Memory: 1 GB
Users: 200
Duration: 60s
Seed: 87
Generation Mode: none (0.0ms/token)
Features:
  - Phase-Aware Processing: Enabled
  - Multi-turn Conversations: Enabled
  - Prefix Caching: Enabled
  - RAG Workload: Disabled
  - Autoscaling: Disabled
  - QoS Support: Enabled (Interactive/Responsive/Batch)
  - Trace-Driven (BurstGPT): Disabled
  - ShareGPT Dataset: Disabled
  - Max Concurrent Allocations: 4 (bounds RAM usage)
================================================================================

User Context Length Distribution:
  Min: 557 tokens (174.06MiB)
  Max: 24703 tokens (7719.69MiB)
  Mean: 9700 tokens (3031.40MiB)

QoS Distribution:
  interactive: 32 users
  responsive: 62 users
  batch: 106 users

### MEMORY SAFETY CHECK ###
  Formula: peak = (workers x 2 x mean_entry_bytes) + baseline
         = (200 x 2 x 2500MiB) + 2.5GiB
         = 979.1GiB
  Available RAM: 476.5GiB
  Mean entry size: 2500MiB  (8000 tok x 327,680 B/tok)
  Peak per thread: 5000MiB  (np.load + np.array copy)
  Worker threads: 200
  Safe concurrent readers: ~97  = (available - baseline) / peak_per_thread
  WARNING: Estimated peak memory (979.1GiB) exceeds 85% of
  available RAM (476.5GiB). Risk of OOM with 200 workers.
  Consider: --num-users 97 or --max-concurrent-allocs 48

Starting benchmark... Mode: standard (prefill+decode)
--------------------------------------------------------------------------------

Integrated Multi-User KV Cache Benchmark - MLPerf Edition
Model: Llama 3.1 70B Instruct
GPU Memory: 1 GB
Users: 200
Duration: 60s
Seed: 58
Generation Mode: none (0.0ms/token)
Features:
  - Phase-Aware Processing: Enabled
  - Multi-turn Conversations: Enabled
  - Prefix Caching: Enabled
  - RAG Workload: Disabled
  - Autoscaling: Disabled
  - QoS Support: Enabled (Interactive/Responsive/Batch)
  - Trace-Driven (BurstGPT): Disabled
  - ShareGPT Dataset: Disabled
  - Max Concurrent Allocations: 4 (bounds RAM usage)
================================================================================

User Context Length Distribution:
  Min: 513 tokens (160.31MiB)
  Max: 24790 tokens (7746.88MiB)
  Mean: 9045 tokens (2826.55MiB)

QoS Distribution:
  interactive: 26 users
  responsive: 61 users
  batch: 113 users

Integrated Multi-User KV Cache Benchmark - MLPerf Edition
Model: Llama 3.1 70B Instruct
GPU Memory: 1 GB
Users: 200
Duration: 60s
Seed: 63
Generation Mode: none (0.0ms/token)
Features:
  - Phase-Aware Processing: Enabled
  - Multi-turn Conversations: Enabled
  - Prefix Caching: Enabled
  - RAG Workload: Disabled
  - Autoscaling: Disabled
  - QoS Support: Enabled (Interactive/Responsive/Batch)
  - Trace-Driven (BurstGPT): Disabled
  - ShareGPT Dataset: Disabled
  - Max Concurrent Allocations: 4 (bounds RAM usage)
================================================================================

User Context Length Distribution:
  Min: 524 tokens (163.75MiB)
  Max: 24679 tokens (7712.19MiB)
  Mean: 9088 tokens (2840.05MiB)

QoS Distribution:
  interactive: 24 users
  responsive: 72 users
  batch: 104 users

Integrated Multi-User KV Cache Benchmark - MLPerf Edition
Model: Llama 3.1 70B Instruct
GPU Memory: 1 GB
Users: 200
Duration: 60s
Seed: 55
Generation Mode: none (0.0ms/token)
Features:
  - Phase-Aware Processing: Enabled
  - Multi-turn Conversations: Enabled
  - Prefix Caching: Enabled
  - RAG Workload: Disabled
  - Autoscaling: Disabled
  - QoS Support: Enabled (Interactive/Responsive/Batch)
  - Trace-Driven (BurstGPT): Disabled
  - ShareGPT Dataset: Disabled
  - Max Concurrent Allocations: 4 (bounds RAM usage)
================================================================================

Integrated Multi-User KV Cache Benchmark - MLPerf Edition
Model: Llama 3.1 70B Instruct
GPU Memory: 1 GB
Users: 200
Duration: 60s
Seed: 85
Generation Mode: none (0.0ms/token)
Features:
  - Phase-Aware Processing: Enabled
  - Multi-turn Conversations: Enabled
  - Prefix Caching: Enabled
  - RAG Workload: Disabled
  - Autoscaling: Disabled
  - QoS Support: Enabled (Interactive/Responsive/Batch)
  - Trace-Driven (BurstGPT): Disabled
  - ShareGPT Dataset: Disabled
  - Max Concurrent Allocations: 4 (bounds RAM usage)
================================================================================

### MEMORY SAFETY CHECK ###
  Formula: peak = (workers x 2 x mean_entry_bytes) + baseline
         = (200 x 2 x 2500MiB) + 2.5GiB
         = 979.1GiB
  Available RAM: 476.6GiB
  Mean entry size: 2500MiB  (8000 tok x 327,680 B/tok)
  Peak per thread: 5000MiB  (np.load + np.array copy)
  Worker threads: 200
  Safe concurrent readers: ~97  = (available - baseline) / peak_per_thread
  WARNING: Estimated peak memory (979.1GiB) exceeds 85% of
  available RAM (476.6GiB). Risk of OOM with 200 workers.
  Consider: --num-users 97 or --max-concurrent-allocs 48

Starting benchmark... Mode: standard (prefill+decode)
--------------------------------------------------------------------------------

Integrated Multi-User KV Cache Benchmark - MLPerf Edition
Model: Llama 3.1 70B Instruct
GPU Memory: 1 GB
Users: 200
Duration: 60s
Seed: 76
Generation Mode: none (0.0ms/token)
Features:
  - Phase-Aware Processing: Enabled
  - Multi-turn Conversations: Enabled
  - Prefix Caching: Enabled
  - RAG Workload: Disabled
  - Autoscaling: Disabled
  - QoS Support: Enabled (Interactive/Responsive/Batch)
  - Trace-Driven (BurstGPT): Disabled
  - ShareGPT Dataset: Disabled
  - Max Concurrent Allocations: 4 (bounds RAM usage)
================================================================================

User Context Length Distribution:
  Min: 543 tokens (169.69MiB)
  Max: 24793 tokens (7747.81MiB)
  Mean: 9482 tokens (2963.12MiB)

QoS Distribution:
  interactive: 29 users
  responsive: 61 users
  batch: 110 users

User Context Length Distribution:
  Min: 592 tokens (185.00MiB)
  Max: 24938 tokens (7793.12MiB)
  Mean: 9362 tokens (2925.57MiB)

QoS Distribution:
  interactive: 22 users
  responsive: 78 users
  batch: 100 users

User Context Length Distribution:
  Min: 515 tokens (160.94MiB)
  Max: 24908 tokens (7783.75MiB)
  Mean: 9333 tokens (2916.65MiB)

QoS Distribution:
  interactive: 39 users
  responsive: 54 users
  batch: 107 users

### MEMORY SAFETY CHECK ###
  Formula: peak = (workers x 2 x mean_entry_bytes) + baseline
         = (200 x 2 x 2500MiB) + 2.5GiB
         = 979.1GiB
  Available RAM: 476.3GiB
  Mean entry size: 2500MiB  (8000 tok x 327,680 B/tok)
  Peak per thread: 5000MiB  (np.load + np.array copy)
  Worker threads: 200
  Safe concurrent readers: ~97  = (available - baseline) / peak_per_thread
  WARNING: Estimated peak memory (979.1GiB) exceeds 85% of
  available RAM (476.3GiB). Risk of OOM with 200 workers.
  Consider: --num-users 97 or --max-concurrent-allocs 48

Starting benchmark... Mode: standard (prefill+decode)
--------------------------------------------------------------------------------

### MEMORY SAFETY CHECK ###
  Formula: peak = (workers x 2 x mean_entry_bytes) + baseline
         = (200 x 2 x 2500MiB) + 2.5GiB
         = 979.1GiB
  Available RAM: 476.3GiB
  Mean entry size: 2500MiB  (8000 tok x 327,680 B/tok)
  Peak per thread: 5000MiB  (np.load + np.array copy)
  Worker threads: 200
  Safe concurrent readers: ~97  = (available - baseline) / peak_per_thread
  WARNING: Estimated peak memory (979.1GiB) exceeds 85% of
  available RAM (476.3GiB). Risk of OOM with 200 workers.
  Consider: --num-users 97 or --max-concurrent-allocs 48

Starting benchmark... Mode: standard (prefill+decode)
--------------------------------------------------------------------------------

Integrated Multi-User KV Cache Benchmark - MLPerf Edition
Model: Llama 3.1 70B Instruct
GPU Memory: 1 GB
Users: 200
Duration: 60s
Seed: 64
Generation Mode: none (0.0ms/token)
Features:
  - Phase-Aware Processing: Enabled
  - Multi-turn Conversations: Enabled
  - Prefix Caching: Enabled
  - RAG Workload: Disabled
  - Autoscaling: Disabled
  - QoS Support: Enabled (Interactive/Responsive/Batch)
  - Trace-Driven (BurstGPT): Disabled
  - ShareGPT Dataset: Disabled
  - Max Concurrent Allocations: 4 (bounds RAM usage)
================================================================================

User Context Length Distribution:
  Min: 529 tokens (165.31MiB)
  Max: 24945 tokens (7795.31MiB)
  Mean: 9353 tokens (2922.80MiB)

QoS Distribution:
  interactive: 34 users
  responsive: 68 users
  batch: 98 users

### MEMORY SAFETY CHECK ###
  Formula: peak = (workers x 2 x mean_entry_bytes) + baseline
         = (200 x 2 x 2500MiB) + 2.5GiB
         = 979.1GiB
  Available RAM: 475.7GiB
  Mean entry size: 2500MiB  (8000 tok x 327,680 B/tok)
  Peak per thread: 5000MiB  (np.load + np.array copy)
  Worker threads: 200
  Safe concurrent readers: ~96  = (available - baseline) / peak_per_thread
  WARNING: Estimated peak memory (979.1GiB) exceeds 85% of
  available RAM (475.7GiB). Risk of OOM with 200 workers.
  Consider: --num-users 96 or --max-concurrent-allocs 48

Starting benchmark... Mode: standard (prefill+decode)
--------------------------------------------------------------------------------

### MEMORY SAFETY CHECK ###
  Formula: peak = (workers x 2 x mean_entry_bytes) + baseline
         = (200 x 2 x 2500MiB) + 2.5GiB
         = 979.1GiB
  Available RAM: 478.5GiB
  Mean entry size: 2500MiB  (8000 tok x 327,680 B/tok)
  Peak per thread: 5000MiB  (np.load + np.array copy)
  Worker threads: 200
  Safe concurrent readers: ~97  = (available - baseline) / peak_per_thread
  WARNING: Estimated peak memory (979.1GiB) exceeds 85% of
  available RAM (478.5GiB). Risk of OOM with 200 workers.
  Consider: --num-users 97 or --max-concurrent-allocs 48

Starting benchmark... Mode: standard (prefill+decode)
--------------------------------------------------------------------------------

Integrated Multi-User KV Cache Benchmark - MLPerf Edition
Model: Llama 3.1 70B Instruct
GPU Memory: 1 GB
Users: 200
Duration: 60s
Seed: 78
Generation Mode: none (0.0ms/token)
Features:
  - Phase-Aware Processing: Enabled
  - Multi-turn Conversations: Enabled
  - Prefix Caching: Enabled
  - RAG Workload: Disabled
  - Autoscaling: Disabled
  - QoS Support: Enabled (Interactive/Responsive/Batch)
  - Trace-Driven (BurstGPT): Disabled
  - ShareGPT Dataset: Disabled
  - Max Concurrent Allocations: 4 (bounds RAM usage)
================================================================================

User Context Length Distribution:
  Min: 604 tokens (188.75MiB)
  Max: 24927 tokens (7789.69MiB)
  Mean: 8828 tokens (2758.88MiB)

QoS Distribution:
  interactive: 26 users
  responsive: 68 users
  batch: 106 users

### MEMORY SAFETY CHECK ###
  Formula: peak = (workers x 2 x mean_entry_bytes) + baseline
         = (200 x 2 x 2500MiB) + 2.5GiB
         = 979.1GiB
  Available RAM: 478.4GiB
  Mean entry size: 2500MiB  (8000 tok x 327,680 B/tok)
  Peak per thread: 5000MiB  (np.load + np.array copy)
  Worker threads: 200
  Safe concurrent readers: ~97  = (available - baseline) / peak_per_thread
  WARNING: Estimated peak memory (979.1GiB) exceeds 85% of
  available RAM (478.4GiB). Risk of OOM with 200 workers.
  Consider: --num-users 97 or --max-concurrent-allocs 48

Starting benchmark... Mode: standard (prefill+decode)
--------------------------------------------------------------------------------

Integrated Multi-User KV Cache Benchmark - MLPerf Edition
Model: Llama 3.1 70B Instruct
GPU Memory: 1 GB
Users: 200
Duration: 60s
Seed: 81
Generation Mode: none (0.0ms/token)
Features:
  - Phase-Aware Processing: Enabled
  - Multi-turn Conversations: Enabled
  - Prefix Caching: Enabled
  - RAG Workload: Disabled
  - Autoscaling: Disabled
  - QoS Support: Enabled (Interactive/Responsive/Batch)
  - Trace-Driven (BurstGPT): Disabled
  - ShareGPT Dataset: Disabled
  - Max Concurrent Allocations: 4 (bounds RAM usage)
================================================================================

User Context Length Distribution:
  Min: 614 tokens (191.88MiB)
  Max: 24723 tokens (7725.94MiB)
  Mean: 9193 tokens (2872.95MiB)

QoS Distribution:
  interactive: 35 users
  responsive: 86 users
  batch: 79 users

### MEMORY SAFETY CHECK ###
  Formula: peak = (workers x 2 x mean_entry_bytes) + baseline
         = (200 x 2 x 2500MiB) + 2.5GiB
         = 979.1GiB
  Available RAM: 477.5GiB
  Mean entry size: 2500MiB  (8000 tok x 327,680 B/tok)
  Peak per thread: 5000MiB  (np.load + np.array copy)
  Worker threads: 200
  Safe concurrent readers: ~97  = (available - baseline) / peak_per_thread
  WARNING: Estimated peak memory (979.1GiB) exceeds 85% of
  available RAM (477.5GiB). Risk of OOM with 200 workers.
  Consider: --num-users 97 or --max-concurrent-allocs 48

Starting benchmark... Mode: standard (prefill+decode)
--------------------------------------------------------------------------------

### MEMORY SAFETY CHECK ###
  Formula: peak = (workers x 2 x mean_entry_bytes) + baseline
         = (200 x 2 x 2500MiB) + 2.5GiB
         = 979.1GiB
  Available RAM: 476.5GiB
  Mean entry size: 2500MiB  (8000 tok x 327,680 B/tok)
  Peak per thread: 5000MiB  (np.load + np.array copy)
  Worker threads: 200
  Safe concurrent readers: ~97  = (available - baseline) / peak_per_thread
  WARNING: Estimated peak memory (979.1GiB) exceeds 85% of
  available RAM (476.5GiB). Risk of OOM with 200 workers.
  Consider: --num-users 97 or --max-concurrent-allocs 48

Starting benchmark... Mode: standard (prefill+decode)
--------------------------------------------------------------------------------

Integrated Multi-User KV Cache Benchmark - MLPerf Edition
Model: Llama 3.1 70B Instruct
GPU Memory: 1 GB
Users: 200
Duration: 60s
Seed: 77
Generation Mode: none (0.0ms/token)
Features:
  - Phase-Aware Processing: Enabled
  - Multi-turn Conversations: Enabled
  - Prefix Caching: Enabled
  - RAG Workload: Disabled
  - Autoscaling: Disabled
  - QoS Support: Enabled (Interactive/Responsive/Batch)
  - Trace-Driven (BurstGPT): Disabled
  - ShareGPT Dataset: Disabled
  - Max Concurrent Allocations: 4 (bounds RAM usage)
================================================================================

User Context Length Distribution:
  Min: 577 tokens (180.31MiB)
  Max: 24647 tokens (7702.19MiB)
  Mean: 9420 tokens (2943.91MiB)

QoS Distribution:
  interactive: 38 users
  responsive: 59 users
  batch: 103 users

Integrated Multi-User KV Cache Benchmark - MLPerf Edition
Model: Llama 3.1 70B Instruct
GPU Memory: 1 GB
Users: 200
Duration: 60s
Seed: 75
Generation Mode: none (0.0ms/token)
Features:
  - Phase-Aware Processing: Enabled
  - Multi-turn Conversations: Enabled
  - Prefix Caching: Enabled
  - RAG Workload: Disabled
  - Autoscaling: Disabled
  - QoS Support: Enabled (Interactive/Responsive/Batch)
  - Trace-Driven (BurstGPT): Disabled
  - ShareGPT Dataset: Disabled
  - Max Concurrent Allocations: 4 (bounds RAM usage)
================================================================================

User Context Length Distribution:
  Min: 594 tokens (185.62MiB)
  Max: 24883 tokens (7775.94MiB)
  Mean: 9477 tokens (2961.58MiB)

QoS Distribution:
  interactive: 28 users
  responsive: 79 users
  batch: 93 users

### MEMORY SAFETY CHECK ###
  Formula: peak = (workers x 2 x mean_entry_bytes) + baseline
         = (200 x 2 x 2500MiB) + 2.5GiB
         = 979.1GiB
  Available RAM: 475.5GiB
  Mean entry size: 2500MiB  (8000 tok x 327,680 B/tok)
  Peak per thread: 5000MiB  (np.load + np.array copy)
  Worker threads: 200
  Safe concurrent readers: ~96  = (available - baseline) / peak_per_thread
  WARNING: Estimated peak memory (979.1GiB) exceeds 85% of
  available RAM (475.5GiB). Risk of OOM with 200 workers.
  Consider: --num-users 96 or --max-concurrent-allocs 48

Starting benchmark... Mode: standard (prefill+decode)
--------------------------------------------------------------------------------

### MEMORY SAFETY CHECK ###
  Formula: peak = (workers x 2 x mean_entry_bytes) + baseline
         = (200 x 2 x 2500MiB) + 2.5GiB
         = 979.1GiB
  Available RAM: 477.3GiB
  Mean entry size: 2500MiB  (8000 tok x 327,680 B/tok)
  Peak per thread: 5000MiB  (np.load + np.array copy)
  Worker threads: 200
  Safe concurrent readers: ~97  = (available - baseline) / peak_per_thread
  WARNING: Estimated peak memory (979.1GiB) exceeds 85% of
  available RAM (477.3GiB). Risk of OOM with 200 workers.
  Consider: --num-users 97 or --max-concurrent-allocs 48

Starting benchmark... Mode: standard (prefill+decode)
--------------------------------------------------------------------------------

Integrated Multi-User KV Cache Benchmark - MLPerf Edition
Model: Llama 3.1 70B Instruct
GPU Memory: 1 GB
Users: 200
Duration: 60s
Seed: 53
Generation Mode: none (0.0ms/token)
Features:
  - Phase-Aware Processing: Enabled
  - Multi-turn Conversations: Enabled
  - Prefix Caching: Enabled
  - RAG Workload: Disabled
  - Autoscaling: Disabled
  - QoS Support: Enabled (Interactive/Responsive/Batch)
  - Trace-Driven (BurstGPT): Disabled
  - ShareGPT Dataset: Disabled
  - Max Concurrent Allocations: 4 (bounds RAM usage)
================================================================================

User Context Length Distribution:
  Min: 519 tokens (162.19MiB)
  Max: 24991 tokens (7809.69MiB)
  Mean: 9008 tokens (2815.04MiB)

QoS Distribution:
  interactive: 30 users
  responsive: 67 users
  batch: 103 users

### MEMORY SAFETY CHECK ###
  Formula: peak = (workers x 2 x mean_entry_bytes) + baseline
         = (200 x 2 x 2500MiB) + 2.5GiB
         = 979.1GiB
  Available RAM: 475.5GiB
  Mean entry size: 2500MiB  (8000 tok x 327,680 B/tok)
  Peak per thread: 5000MiB  (np.load + np.array copy)
  Worker threads: 200
  Safe concurrent readers: ~96  = (available - baseline) / peak_per_thread
  WARNING: Estimated peak memory (979.1GiB) exceeds 85% of
  available RAM (475.5GiB). Risk of OOM with 200 workers.
  Consider: --num-users 96 or --max-concurrent-allocs 48

Starting benchmark... Mode: standard (prefill+decode)
--------------------------------------------------------------------------------

Integrated Multi-User KV Cache Benchmark - MLPerf Edition
Model: Llama 3.1 70B Instruct
GPU Memory: 1 GB
Users: 200
Duration: 60s
Seed: 51
Generation Mode: none (0.0ms/token)
Features:
  - Phase-Aware Processing: Enabled
  - Multi-turn Conversations: Enabled
  - Prefix Caching: Enabled
  - RAG Workload: Disabled
  - Autoscaling: Disabled
  - QoS Support: Enabled (Interactive/Responsive/Batch)
  - Trace-Driven (BurstGPT): Disabled
  - ShareGPT Dataset: Disabled
  - Max Concurrent Allocations: 4 (bounds RAM usage)
================================================================================

User Context Length Distribution:
  Min: 628 tokens (196.25MiB)
  Max: 24634 tokens (7698.12MiB)
  Mean: 9506 tokens (2970.57MiB)

QoS Distribution:
  interactive: 34 users
  responsive: 63 users
  batch: 103 users

### MEMORY SAFETY CHECK ###
  Formula: peak = (workers x 2 x mean_entry_bytes) + baseline
         = (200 x 2 x 2500MiB) + 2.5GiB
         = 979.1GiB
  Available RAM: 477.3GiB
  Mean entry size: 2500MiB  (8000 tok x 327,680 B/tok)
  Peak per thread: 5000MiB  (np.load + np.array copy)
  Worker threads: 200
  Safe concurrent readers: ~97  = (available - baseline) / peak_per_thread
  WARNING: Estimated peak memory (979.1GiB) exceeds 85% of
  available RAM (477.3GiB). Risk of OOM with 200 workers.
  Consider: --num-users 97 or --max-concurrent-allocs 48

Starting benchmark... Mode: standard (prefill+decode)
--------------------------------------------------------------------------------

Integrated Multi-User KV Cache Benchmark - MLPerf Edition
Model: Llama 3.1 70B Instruct
GPU Memory: 1 GB
Users: 200
Duration: 60s
Seed: 54
Generation Mode: none (0.0ms/token)
Features:
  - Phase-Aware Processing: Enabled
  - Multi-turn Conversations: Enabled
  - Prefix Caching: Enabled
  - RAG Workload: Disabled
  - Autoscaling: Disabled
  - QoS Support: Enabled (Interactive/Responsive/Batch)
  - Trace-Driven (BurstGPT): Disabled
  - ShareGPT Dataset: Disabled
  - Max Concurrent Allocations: 4 (bounds RAM usage)
================================================================================

User Context Length Distribution:
  Min: 538 tokens (168.12MiB)
  Max: 24796 tokens (7748.75MiB)
  Mean: 9614 tokens (3004.35MiB)

QoS Distribution:
  interactive: 32 users
  responsive: 71 users
  batch: 97 users

### MEMORY SAFETY CHECK ###
  Formula: peak = (workers x 2 x mean_entry_bytes) + baseline
         = (200 x 2 x 2500MiB) + 2.5GiB
         = 979.1GiB
  Available RAM: 477.3GiB
  Mean entry size: 2500MiB  (8000 tok x 327,680 B/tok)
  Peak per thread: 5000MiB  (np.load + np.array copy)
  Worker threads: 200
  Safe concurrent readers: ~97  = (available - baseline) / peak_per_thread
  WARNING: Estimated peak memory (979.1GiB) exceeds 85% of
  available RAM (477.3GiB). Risk of OOM with 200 workers.
  Consider: --num-users 97 or --max-concurrent-allocs 48

Starting benchmark... Mode: standard (prefill+decode)
--------------------------------------------------------------------------------

Integrated Multi-User KV Cache Benchmark - MLPerf Edition
Model: Llama 3.1 70B Instruct
GPU Memory: 1 GB
Users: 200
Duration: 60s
Seed: 84
Generation Mode: none (0.0ms/token)
Features:
  - Phase-Aware Processing: Enabled
  - Multi-turn Conversations: Enabled
  - Prefix Caching: Enabled
  - RAG Workload: Disabled
  - Autoscaling: Disabled
  - QoS Support: Enabled (Interactive/Responsive/Batch)
  - Trace-Driven (BurstGPT): Disabled
  - ShareGPT Dataset: Disabled
  - Max Concurrent Allocations: 4 (bounds RAM usage)
================================================================================

User Context Length Distribution:
  Min: 606 tokens (189.38MiB)
  Max: 24765 tokens (7739.06MiB)
  Mean: 9353 tokens (2922.92MiB)

QoS Distribution:
  interactive: 35 users
  responsive: 64 users
  batch: 101 users

Integrated Multi-User KV Cache Benchmark - MLPerf Edition
Model: Llama 3.1 70B Instruct
GPU Memory: 1 GB
Users: 200
Duration: 60s
Seed: 89
Generation Mode: none (0.0ms/token)
Features:
  - Phase-Aware Processing: Enabled
  - Multi-turn Conversations: Enabled
  - Prefix Caching: Enabled
  - RAG Workload: Disabled
  - Autoscaling: Disabled
  - QoS Support: Enabled (Interactive/Responsive/Batch)
  - Trace-Driven (BurstGPT): Disabled
  - ShareGPT Dataset: Disabled
  - Max Concurrent Allocations: 4 (bounds RAM usage)
================================================================================

User Context Length Distribution:
  Min: 527 tokens (164.69MiB)
  Max: 24992 tokens (7810.00MiB)
  Mean: 8944 tokens (2795.09MiB)

QoS Distribution:
  interactive: 33 users
  responsive: 70 users
  batch: 97 users

### MEMORY SAFETY CHECK ###
  Formula: peak = (workers x 2 x mean_entry_bytes) + baseline
         = (200 x 2 x 2500MiB) + 2.5GiB
         = 979.1GiB
  Available RAM: 478.1GiB
  Mean entry size: 2500MiB  (8000 tok x 327,680 B/tok)
  Peak per thread: 5000MiB  (np.load + np.array copy)
  Worker threads: 200
  Safe concurrent readers: ~97  = (available - baseline) / peak_per_thread
  WARNING: Estimated peak memory (979.1GiB) exceeds 85% of
  available RAM (478.1GiB). Risk of OOM with 200 workers.
  Consider: --num-users 97 or --max-concurrent-allocs 48

Starting benchmark... Mode: standard (prefill+decode)
--------------------------------------------------------------------------------

### MEMORY SAFETY CHECK ###
  Formula: peak = (workers x 2 x mean_entry_bytes) + baseline
         = (200 x 2 x 2500MiB) + 2.5GiB
         = 979.1GiB
  Available RAM: 476.0GiB
  Mean entry size: 2500MiB  (8000 tok x 327,680 B/tok)
  Peak per thread: 5000MiB  (np.load + np.array copy)
  Worker threads: 200
  Safe concurrent readers: ~96  = (available - baseline) / peak_per_thread
  WARNING: Estimated peak memory (979.1GiB) exceeds 85% of
  available RAM (476.0GiB). Risk of OOM with 200 workers.
  Consider: --num-users 96 or --max-concurrent-allocs 48

Starting benchmark... Mode: standard (prefill+decode)
--------------------------------------------------------------------------------

Integrated Multi-User KV Cache Benchmark - MLPerf Edition
Model: Llama 3.1 70B Instruct
GPU Memory: 1 GB
Users: 200
Duration: 60s
Seed: 56
Generation Mode: none (0.0ms/token)
Features:
  - Phase-Aware Processing: Enabled
  - Multi-turn Conversations: Enabled
  - Prefix Caching: Enabled
  - RAG Workload: Disabled
  - Autoscaling: Disabled
  - QoS Support: Enabled (Interactive/Responsive/Batch)
  - Trace-Driven (BurstGPT): Disabled
  - ShareGPT Dataset: Disabled
  - Max Concurrent Allocations: 4 (bounds RAM usage)
================================================================================

User Context Length Distribution:
  Min: 529 tokens (165.31MiB)
  Max: 24955 tokens (7798.44MiB)
  Mean: 8938 tokens (2793.27MiB)

QoS Distribution:
  interactive: 22 users
  responsive: 68 users
  batch: 110 users

### MEMORY SAFETY CHECK ###
  Formula: peak = (workers x 2 x mean_entry_bytes) + baseline
         = (200 x 2 x 2500MiB) + 2.5GiB
         = 979.1GiB
  Available RAM: 478.2GiB
  Mean entry size: 2500MiB  (8000 tok x 327,680 B/tok)
  Peak per thread: 5000MiB  (np.load + np.array copy)
  Worker threads: 200
  Safe concurrent readers: ~97  = (available - baseline) / peak_per_thread
  WARNING: Estimated peak memory (979.1GiB) exceeds 85% of
  available RAM (478.2GiB). Risk of OOM with 200 workers.
  Consider: --num-users 97 or --max-concurrent-allocs 48

Starting benchmark... Mode: standard (prefill+decode)
--------------------------------------------------------------------------------

Integrated Multi-User KV Cache Benchmark - MLPerf Edition
Model: Llama 3.1 70B Instruct
GPU Memory: 1 GB
Users: 200
Duration: 60s
Seed: 47
Generation Mode: none (0.0ms/token)
Features:
  - Phase-Aware Processing: Enabled
  - Multi-turn Conversations: Enabled
  - Prefix Caching: Enabled
  - RAG Workload: Disabled
  - Autoscaling: Disabled
  - QoS Support: Enabled (Interactive/Responsive/Batch)
  - Trace-Driven (BurstGPT): Disabled
  - ShareGPT Dataset: Disabled
  - Max Concurrent Allocations: 4 (bounds RAM usage)
================================================================================

User Context Length Distribution:
  Min: 620 tokens (193.75MiB)
  Max: 24732 tokens (7728.75MiB)
  Mean: 9464 tokens (2957.58MiB)

QoS Distribution:
  interactive: 31 users
  responsive: 62 users
  batch: 107 users

Integrated Multi-User KV Cache Benchmark - MLPerf Edition
Model: Llama 3.1 70B Instruct
GPU Memory: 1 GB
Users: 200
Duration: 60s
Seed: 60
Generation Mode: none (0.0ms/token)
Features:
  - Phase-Aware Processing: Enabled
  - Multi-turn Conversations: Enabled
  - Prefix Caching: Enabled
  - RAG Workload: Disabled
  - Autoscaling: Disabled
  - QoS Support: Enabled (Interactive/Responsive/Batch)
  - Trace-Driven (BurstGPT): Disabled
  - ShareGPT Dataset: Disabled
  - Max Concurrent Allocations: 4 (bounds RAM usage)
================================================================================

User Context Length Distribution:
  Min: 549 tokens (171.56MiB)
  Max: 24937 tokens (7792.81MiB)
  Mean: 9373 tokens (2929.02MiB)

QoS Distribution:
  interactive: 28 users
  responsive: 64 users
  batch: 108 users

Integrated Multi-User KV Cache Benchmark - MLPerf Edition
Model: Llama 3.1 70B Instruct
GPU Memory: 1 GB
Users: 200
Duration: 60s
Seed: 62
Generation Mode: none (0.0ms/token)
Features:
  - Phase-Aware Processing: Enabled
  - Multi-turn Conversations: Enabled
  - Prefix Caching: Enabled
  - RAG Workload: Disabled
  - Autoscaling: Disabled
  - QoS Support: Enabled (Interactive/Responsive/Batch)
  - Trace-Driven (BurstGPT): Disabled
  - ShareGPT Dataset: Disabled
  - Max Concurrent Allocations: 4 (bounds RAM usage)
================================================================================

User Context Length Distribution:
  Min: 572 tokens (178.75MiB)
  Max: 24553 tokens (7672.81MiB)
  Mean: 9706 tokens (3033.00MiB)

QoS Distribution:
  interactive: 31 users
  responsive: 79 users
  batch: 90 users

### MEMORY SAFETY CHECK ###
  Formula: peak = (workers x 2 x mean_entry_bytes) + baseline
         = (200 x 2 x 2500MiB) + 2.5GiB
         = 979.1GiB
  Available RAM: 477.7GiB
  Mean entry size: 2500MiB  (8000 tok x 327,680 B/tok)
  Peak per thread: 5000MiB  (np.load + np.array copy)
  Worker threads: 200
  Safe concurrent readers: ~97  = (available - baseline) / peak_per_thread
  WARNING: Estimated peak memory (979.1GiB) exceeds 85% of
  available RAM (477.7GiB). Risk of OOM with 200 workers.
  Consider: --num-users 97 or --max-concurrent-allocs 48

Starting benchmark... Mode: standard (prefill+decode)
--------------------------------------------------------------------------------

### MEMORY SAFETY CHECK ###
  Formula: peak = (workers x 2 x mean_entry_bytes) + baseline
         = (200 x 2 x 2500MiB) + 2.5GiB
         = 979.1GiB
  Available RAM: 475.2GiB
  Mean entry size: 2500MiB  (8000 tok x 327,680 B/tok)
  Peak per thread: 5000MiB  (np.load + np.array copy)
  Worker threads: 200
  Safe concurrent readers: ~96  = (available - baseline) / peak_per_thread
  WARNING: Estimated peak memory (979.1GiB) exceeds 85% of
  available RAM (475.2GiB). Risk of OOM with 200 workers.
  Consider: --num-users 96 or --max-concurrent-allocs 48

Starting benchmark... Mode: standard (prefill+decode)
--------------------------------------------------------------------------------

### MEMORY SAFETY CHECK ###
  Formula: peak = (workers x 2 x mean_entry_bytes) + baseline
         = (200 x 2 x 2500MiB) + 2.5GiB
         = 979.1GiB
  Available RAM: 477.0GiB
  Mean entry size: 2500MiB  (8000 tok x 327,680 B/tok)
  Peak per thread: 5000MiB  (np.load + np.array copy)
  Worker threads: 200
  Safe concurrent readers: ~97  = (available - baseline) / peak_per_thread
  WARNING: Estimated peak memory (979.1GiB) exceeds 85% of
  available RAM (477.0GiB). Risk of OOM with 200 workers.
  Consider: --num-users 97 or --max-concurrent-allocs 48

Starting benchmark... Mode: standard (prefill+decode)
--------------------------------------------------------------------------------

Integrated Multi-User KV Cache Benchmark - MLPerf Edition
Model: Llama 3.1 70B Instruct
GPU Memory: 1 GB
Users: 200
Duration: 60s
Seed: 66
Generation Mode: none (0.0ms/token)
Features:
  - Phase-Aware Processing: Enabled
  - Multi-turn Conversations: Enabled
  - Prefix Caching: Enabled
  - RAG Workload: Disabled
  - Autoscaling: Disabled
  - QoS Support: Enabled (Interactive/Responsive/Batch)
  - Trace-Driven (BurstGPT): Disabled
  - ShareGPT Dataset: Disabled
  - Max Concurrent Allocations: 4 (bounds RAM usage)
================================================================================

User Context Length Distribution:
  Min: 578 tokens (180.62MiB)
  Max: 24808 tokens (7752.50MiB)
  Mean: 9566 tokens (2989.38MiB)

QoS Distribution:
  interactive: 24 users
  responsive: 76 users
  batch: 100 users

Integrated Multi-User KV Cache Benchmark - MLPerf Edition
Model: Llama 3.1 70B Instruct
GPU Memory: 1 GB
Users: 200
Duration: 60s
Seed: 72
Generation Mode: none (0.0ms/token)
Features:
  - Phase-Aware Processing: Enabled
  - Multi-turn Conversations: Enabled
  - Prefix Caching: Enabled
  - RAG Workload: Disabled
  - Autoscaling: Disabled
  - QoS Support: Enabled (Interactive/Responsive/Batch)
  - Trace-Driven (BurstGPT): Disabled
  - ShareGPT Dataset: Disabled
  - Max Concurrent Allocations: 4 (bounds RAM usage)
================================================================================

User Context Length Distribution:
  Min: 517 tokens (161.56MiB)
  Max: 24700 tokens (7718.75MiB)
  Mean: 10009 tokens (3127.74MiB)

QoS Distribution:
  interactive: 32 users
  responsive: 70 users
  batch: 98 users

### MEMORY SAFETY CHECK ###
  Formula: peak = (workers x 2 x mean_entry_bytes) + baseline
         = (200 x 2 x 2500MiB) + 2.5GiB
         = 979.1GiB
  Available RAM: 474.8GiB
  Mean entry size: 2500MiB  (8000 tok x 327,680 B/tok)
  Peak per thread: 5000MiB  (np.load + np.array copy)
  Worker threads: 200
  Safe concurrent readers: ~96  = (available - baseline) / peak_per_thread
  WARNING: Estimated peak memory (979.1GiB) exceeds 85% of
  available RAM (474.8GiB). Risk of OOM with 200 workers.
  Consider: --num-users 96 or --max-concurrent-allocs 48

Starting benchmark... Mode: standard (prefill+decode)
--------------------------------------------------------------------------------

### MEMORY SAFETY CHECK ###
  Formula: peak = (workers x 2 x mean_entry_bytes) + baseline
         = (200 x 2 x 2500MiB) + 2.5GiB
         = 979.1GiB
  Available RAM: 477.6GiB
  Mean entry size: 2500MiB  (8000 tok x 327,680 B/tok)
  Peak per thread: 5000MiB  (np.load + np.array copy)
  Worker threads: 200
  Safe concurrent readers: ~97  = (available - baseline) / peak_per_thread
  WARNING: Estimated peak memory (979.1GiB) exceeds 85% of
  available RAM (477.6GiB). Risk of OOM with 200 workers.
  Consider: --num-users 97 or --max-concurrent-allocs 48

Starting benchmark... Mode: standard (prefill+decode)
--------------------------------------------------------------------------------

Integrated Multi-User KV Cache Benchmark - MLPerf Edition
Model: Llama 3.1 70B Instruct
GPU Memory: 1 GB
Users: 200
Duration: 60s
Seed: 67
Generation Mode: none (0.0ms/token)
Features:
  - Phase-Aware Processing: Enabled
  - Multi-turn Conversations: Enabled
  - Prefix Caching: Enabled
  - RAG Workload: Disabled
  - Autoscaling: Disabled
  - QoS Support: Enabled (Interactive/Responsive/Batch)
  - Trace-Driven (BurstGPT): Disabled
  - ShareGPT Dataset: Disabled
  - Max Concurrent Allocations: 4 (bounds RAM usage)
================================================================================

User Context Length Distribution:
  Min: 518 tokens (161.88MiB)
  Max: 24954 tokens (7798.12MiB)
  Mean: 8903 tokens (2782.06MiB)

QoS Distribution:
  interactive: 30 users
  responsive: 70 users
  batch: 100 users

### MEMORY SAFETY CHECK ###
  Formula: peak = (workers x 2 x mean_entry_bytes) + baseline
         = (200 x 2 x 2500MiB) + 2.5GiB
         = 979.1GiB
  Available RAM: 476.7GiB
  Mean entry size: 2500MiB  (8000 tok x 327,680 B/tok)
  Peak per thread: 5000MiB  (np.load + np.array copy)
  Worker threads: 200
  Safe concurrent readers: ~97  = (available - baseline) / peak_per_thread
  WARNING: Estimated peak memory (979.1GiB) exceeds 85% of
  available RAM (476.7GiB). Risk of OOM with 200 workers.
  Consider: --num-users 97 or --max-concurrent-allocs 48

Starting benchmark... Mode: standard (prefill+decode)
--------------------------------------------------------------------------------

Integrated Multi-User KV Cache Benchmark - MLPerf Edition
Model: Llama 3.1 70B Instruct
GPU Memory: 1 GB
Users: 200
Duration: 60s
Seed: 50
Generation Mode: none (0.0ms/token)
Features:
  - Phase-Aware Processing: Enabled
  - Multi-turn Conversations: Enabled
  - Prefix Caching: Enabled
  - RAG Workload: Disabled
  - Autoscaling: Disabled
  - QoS Support: Enabled (Interactive/Responsive/Batch)
  - Trace-Driven (BurstGPT): Disabled
  - ShareGPT Dataset: Disabled
  - Max Concurrent Allocations: 4 (bounds RAM usage)
================================================================================

User Context Length Distribution:
  Min: 515 tokens (160.94MiB)
  Max: 24947 tokens (7795.94MiB)
  Mean: 8612 tokens (2691.28MiB)

QoS Distribution:
  interactive: 20 users
  responsive: 75 users
  batch: 105 users

### MEMORY SAFETY CHECK ###
  Formula: peak = (workers x 2 x mean_entry_bytes) + baseline
         = (200 x 2 x 2500MiB) + 2.5GiB
         = 979.1GiB
  Available RAM: 473.5GiB
  Mean entry size: 2500MiB  (8000 tok x 327,680 B/tok)
  Peak per thread: 5000MiB  (np.load + np.array copy)
  Worker threads: 200
  Safe concurrent readers: ~96  = (available - baseline) / peak_per_thread
  WARNING: Estimated peak memory (979.1GiB) exceeds 85% of
  available RAM (473.5GiB). Risk of OOM with 200 workers.
  Consider: --num-users 96 or --max-concurrent-allocs 48

Starting benchmark... Mode: standard (prefill+decode)
--------------------------------------------------------------------------------

Integrated Multi-User KV Cache Benchmark - MLPerf Edition
Model: Llama 3.1 70B Instruct
GPU Memory: 1 GB
Users: 200
Duration: 60s
Seed: 65
Generation Mode: none (0.0ms/token)
Features:
  - Phase-Aware Processing: Enabled
  - Multi-turn Conversations: Enabled
  - Prefix Caching: Enabled
  - RAG Workload: Disabled
  - Autoscaling: Disabled
  - QoS Support: Enabled (Interactive/Responsive/Batch)
  - Trace-Driven (BurstGPT): Disabled
  - ShareGPT Dataset: Disabled
  - Max Concurrent Allocations: 4 (bounds RAM usage)
================================================================================

User Context Length Distribution:
  Min: 582 tokens (181.88MiB)
  Max: 24738 tokens (7730.62MiB)
  Mean: 9060 tokens (2831.20MiB)

QoS Distribution:
  interactive: 25 users
  responsive: 65 users
  batch: 110 users

### MEMORY SAFETY CHECK ###
  Formula: peak = (workers x 2 x mean_entry_bytes) + baseline
         = (200 x 2 x 2500MiB) + 2.5GiB
         = 979.1GiB
  Available RAM: 473.6GiB
  Mean entry size: 2500MiB  (8000 tok x 327,680 B/tok)
  Peak per thread: 5000MiB  (np.load + np.array copy)
  Worker threads: 200
  Safe concurrent readers: ~96  = (available - baseline) / peak_per_thread
  WARNING: Estimated peak memory (979.1GiB) exceeds 85% of
  available RAM (473.6GiB). Risk of OOM with 200 workers.
  Consider: --num-users 96 or --max-concurrent-allocs 48

Starting benchmark... Mode: standard (prefill+decode)
--------------------------------------------------------------------------------

Integrated Multi-User KV Cache Benchmark - MLPerf Edition
Model: Llama 3.1 70B Instruct
GPU Memory: 1 GB
Users: 200
Duration: 60s
Seed: 83
Generation Mode: none (0.0ms/token)
Features:
  - Phase-Aware Processing: Enabled
  - Multi-turn Conversations: Enabled
  - Prefix Caching: Enabled
  - RAG Workload: Disabled
  - Autoscaling: Disabled
  - QoS Support: Enabled (Interactive/Responsive/Batch)
  - Trace-Driven (BurstGPT): Disabled
  - ShareGPT Dataset: Disabled
  - Max Concurrent Allocations: 4 (bounds RAM usage)
================================================================================

User Context Length Distribution:
  Min: 534 tokens (166.88MiB)
  Max: 24618 tokens (7693.12MiB)
  Mean: 9479 tokens (2962.15MiB)

QoS Distribution:
  interactive: 19 users
  responsive: 65 users
  batch: 116 users

### MEMORY SAFETY CHECK ###
  Formula: peak = (workers x 2 x mean_entry_bytes) + baseline
         = (200 x 2 x 2500MiB) + 2.5GiB
         = 979.1GiB
  Available RAM: 474.5GiB
  Mean entry size: 2500MiB  (8000 tok x 327,680 B/tok)
  Peak per thread: 5000MiB  (np.load + np.array copy)
  Worker threads: 200
  Safe concurrent readers: ~96  = (available - baseline) / peak_per_thread
  WARNING: Estimated peak memory (979.1GiB) exceeds 85% of
  available RAM (474.5GiB). Risk of OOM with 200 workers.
  Consider: --num-users 96 or --max-concurrent-allocs 48

Starting benchmark... Mode: standard (prefill+decode)
--------------------------------------------------------------------------------

Integrated Multi-User KV Cache Benchmark - MLPerf Edition
Model: Llama 3.1 70B Instruct
GPU Memory: 1 GB
Users: 200
Duration: 60s
Seed: 46
Generation Mode: none (0.0ms/token)
Features:
  - Phase-Aware Processing: Enabled
  - Multi-turn Conversations: Enabled
  - Prefix Caching: Enabled
  - RAG Workload: Disabled
  - Autoscaling: Disabled
  - QoS Support: Enabled (Interactive/Responsive/Batch)
  - Trace-Driven (BurstGPT): Disabled
  - ShareGPT Dataset: Disabled
  - Max Concurrent Allocations: 4 (bounds RAM usage)
================================================================================

User Context Length Distribution:
  Min: 664 tokens (207.50MiB)
  Max: 24710 tokens (7721.88MiB)
  Mean: 8822 tokens (2756.81MiB)

QoS Distribution:
  interactive: 21 users
  responsive: 72 users
  batch: 107 users

### MEMORY SAFETY CHECK ###
  Formula: peak = (workers x 2 x mean_entry_bytes) + baseline
         = (200 x 2 x 2500MiB) + 2.5GiB
         = 979.1GiB
  Available RAM: 471.3GiB
  Mean entry size: 2500MiB  (8000 tok x 327,680 B/tok)
  Peak per thread: 5000MiB  (np.load + np.array copy)
  Worker threads: 200
  Safe concurrent readers: ~96  = (available - baseline) / peak_per_thread
  WARNING: Estimated peak memory (979.1GiB) exceeds 85% of
  available RAM (471.3GiB). Risk of OOM with 200 workers.
  Consider: --num-users 96 or --max-concurrent-allocs 48

Starting benchmark... Mode: standard (prefill+decode)
--------------------------------------------------------------------------------

Integrated Multi-User KV Cache Benchmark - MLPerf Edition
Model: Llama 3.1 70B Instruct
GPU Memory: 1 GB
Users: 200
Duration: 60s
Seed: 49
Generation Mode: none (0.0ms/token)
Features:
  - Phase-Aware Processing: Enabled
  - Multi-turn Conversations: Enabled
  - Prefix Caching: Enabled
  - RAG Workload: Disabled
  - Autoscaling: Disabled
  - QoS Support: Enabled (Interactive/Responsive/Batch)
  - Trace-Driven (BurstGPT): Disabled
  - ShareGPT Dataset: Disabled
  - Max Concurrent Allocations: 4 (bounds RAM usage)
================================================================================

User Context Length Distribution:
  Min: 534 tokens (166.88MiB)
  Max: 23495 tokens (7342.19MiB)
  Mean: 8505 tokens (2657.87MiB)

QoS Distribution:
  interactive: 39 users
  responsive: 59 users
  batch: 102 users

### MEMORY SAFETY CHECK ###
  Formula: peak = (workers x 2 x mean_entry_bytes) + baseline
         = (200 x 2 x 2500MiB) + 2.5GiB
         = 979.1GiB
  Available RAM: 470.5GiB
  Mean entry size: 2500MiB  (8000 tok x 327,680 B/tok)
  Peak per thread: 5000MiB  (np.load + np.array copy)
  Worker threads: 200
  Safe concurrent readers: ~95  = (available - baseline) / peak_per_thread
  WARNING: Estimated peak memory (979.1GiB) exceeds 85% of
  available RAM (470.5GiB). Risk of OOM with 200 workers.
  Consider: --num-users 95 or --max-concurrent-allocs 47

Starting benchmark... Mode: standard (prefill+decode)
--------------------------------------------------------------------------------

Integrated Multi-User KV Cache Benchmark - MLPerf Edition
Model: Llama 3.1 70B Instruct
GPU Memory: 1 GB
Users: 200
Duration: 60s
Seed: 57
Generation Mode: none (0.0ms/token)
Features:
  - Phase-Aware Processing: Enabled
  - Multi-turn Conversations: Enabled
  - Prefix Caching: Enabled
  - RAG Workload: Disabled
  - Autoscaling: Disabled
  - QoS Support: Enabled (Interactive/Responsive/Batch)
  - Trace-Driven (BurstGPT): Disabled
  - ShareGPT Dataset: Disabled
  - Max Concurrent Allocations: 4 (bounds RAM usage)
================================================================================

User Context Length Distribution:
  Min: 564 tokens (176.25MiB)
  Max: 24106 tokens (7533.12MiB)
  Mean: 8706 tokens (2720.53MiB)

QoS Distribution:
  interactive: 31 users
  responsive: 73 users
  batch: 96 users

### MEMORY SAFETY CHECK ###
  Formula: peak = (workers x 2 x mean_entry_bytes) + baseline
         = (200 x 2 x 2500MiB) + 2.5GiB
         = 979.1GiB
  Available RAM: 470.0GiB
  Mean entry size: 2500MiB  (8000 tok x 327,680 B/tok)
  Peak per thread: 5000MiB  (np.load + np.array copy)
  Worker threads: 200
  Safe concurrent readers: ~95  = (available - baseline) / peak_per_thread
  WARNING: Estimated peak memory (979.1GiB) exceeds 85% of
  available RAM (470.0GiB). Risk of OOM with 200 workers.
  Consider: --num-users 95 or --max-concurrent-allocs 47

Starting benchmark... Mode: standard (prefill+decode)
--------------------------------------------------------------------------------

Integrated Multi-User KV Cache Benchmark - MLPerf Edition
Model: Llama 3.1 70B Instruct
GPU Memory: 1 GB
Users: 200
Duration: 60s
Seed: 82
Generation Mode: none (0.0ms/token)
Features:
  - Phase-Aware Processing: Enabled
  - Multi-turn Conversations: Enabled
  - Prefix Caching: Enabled
  - RAG Workload: Disabled
  - Autoscaling: Disabled
  - QoS Support: Enabled (Interactive/Responsive/Batch)
  - Trace-Driven (BurstGPT): Disabled
  - ShareGPT Dataset: Disabled
  - Max Concurrent Allocations: 4 (bounds RAM usage)
================================================================================

User Context Length Distribution:
  Min: 533 tokens (166.56MiB)
  Max: 24943 tokens (7794.69MiB)
  Mean: 8719 tokens (2724.59MiB)

QoS Distribution:
  interactive: 32 users
  responsive: 72 users
  batch: 96 users

### MEMORY SAFETY CHECK ###
  Formula: peak = (workers x 2 x mean_entry_bytes) + baseline
         = (200 x 2 x 2500MiB) + 2.5GiB
         = 979.1GiB
  Available RAM: 468.1GiB
  Mean entry size: 2500MiB  (8000 tok x 327,680 B/tok)
  Peak per thread: 5000MiB  (np.load + np.array copy)
  Worker threads: 200
  Safe concurrent readers: ~95  = (available - baseline) / peak_per_thread
  WARNING: Estimated peak memory (979.1GiB) exceeds 85% of
  available RAM (468.1GiB). Risk of OOM with 200 workers.
  Consider: --num-users 95 or --max-concurrent-allocs 47

Starting benchmark... Mode: standard (prefill+decode)
--------------------------------------------------------------------------------

Integrated Multi-User KV Cache Benchmark - MLPerf Edition
Model: Llama 3.1 70B Instruct
GPU Memory: 1 GB
Users: 200
Duration: 60s
Seed: 71
Generation Mode: none (0.0ms/token)
Features:
  - Phase-Aware Processing: Enabled
  - Multi-turn Conversations: Enabled
  - Prefix Caching: Enabled
  - RAG Workload: Disabled
  - Autoscaling: Disabled
  - QoS Support: Enabled (Interactive/Responsive/Batch)
  - Trace-Driven (BurstGPT): Disabled
  - ShareGPT Dataset: Disabled
  - Max Concurrent Allocations: 4 (bounds RAM usage)
================================================================================

User Context Length Distribution:
  Min: 549 tokens (171.56MiB)
  Max: 24630 tokens (7696.88MiB)
  Mean: 8864 tokens (2770.15MiB)

QoS Distribution:
  interactive: 31 users
  responsive: 70 users
  batch: 99 users

### MEMORY SAFETY CHECK ###
  Formula: peak = (workers x 2 x mean_entry_bytes) + baseline
         = (200 x 2 x 2500MiB) + 2.5GiB
         = 979.1GiB
  Available RAM: 463.7GiB
  Mean entry size: 2500MiB  (8000 tok x 327,680 B/tok)
  Peak per thread: 5000MiB  (np.load + np.array copy)
  Worker threads: 200
  Safe concurrent readers: ~94  = (available - baseline) / peak_per_thread
  WARNING: Estimated peak memory (979.1GiB) exceeds 85% of
  available RAM (463.7GiB). Risk of OOM with 200 workers.
  Consider: --num-users 94 or --max-concurrent-allocs 47

Starting benchmark... Mode: standard (prefill+decode)
--------------------------------------------------------------------------------

Integrated Multi-User KV Cache Benchmark - MLPerf Edition
Model: Llama 3.1 70B Instruct
GPU Memory: 1 GB
Users: 200
Duration: 60s
Seed: 73
Generation Mode: none (0.0ms/token)
Features:
  - Phase-Aware Processing: Enabled
  - Multi-turn Conversations: Enabled
  - Prefix Caching: Enabled
  - RAG Workload: Disabled
  - Autoscaling: Disabled
  - QoS Support: Enabled (Interactive/Responsive/Batch)
  - Trace-Driven (BurstGPT): Disabled
  - ShareGPT Dataset: Disabled
  - Max Concurrent Allocations: 4 (bounds RAM usage)
================================================================================

User Context Length Distribution:
  Min: 522 tokens (163.12MiB)
  Max: 24486 tokens (7651.88MiB)
  Mean: 9536 tokens (2980.07MiB)

QoS Distribution:
  interactive: 34 users
  responsive: 66 users
  batch: 100 users

### MEMORY SAFETY CHECK ###
  Formula: peak = (workers x 2 x mean_entry_bytes) + baseline
         = (200 x 2 x 2500MiB) + 2.5GiB
         = 979.1GiB
  Available RAM: 467.4GiB
  Mean entry size: 2500MiB  (8000 tok x 327,680 B/tok)
  Peak per thread: 5000MiB  (np.load + np.array copy)
  Worker threads: 200
  Safe concurrent readers: ~95  = (available - baseline) / peak_per_thread
  WARNING: Estimated peak memory (979.1GiB) exceeds 85% of
  available RAM (467.4GiB). Risk of OOM with 200 workers.
  Consider: --num-users 95 or --max-concurrent-allocs 47

Starting benchmark... Mode: standard (prefill+decode)
--------------------------------------------------------------------------------

Integrated Multi-User KV Cache Benchmark - MLPerf Edition
Model: Llama 3.1 70B Instruct
GPU Memory: 1 GB
Users: 200
Duration: 60s
Seed: 45
Generation Mode: none (0.0ms/token)
Features:
  - Phase-Aware Processing: Enabled
  - Multi-turn Conversations: Enabled
  - Prefix Caching: Enabled
  - RAG Workload: Disabled
  - Autoscaling: Disabled
  - QoS Support: Enabled (Interactive/Responsive/Batch)
  - Trace-Driven (BurstGPT): Disabled
  - ShareGPT Dataset: Disabled
  - Max Concurrent Allocations: 4 (bounds RAM usage)
================================================================================

User Context Length Distribution:
  Min: 552 tokens (172.50MiB)
  Max: 24599 tokens (7687.19MiB)
  Mean: 8830 tokens (2759.45MiB)

QoS Distribution:
  interactive: 33 users
  responsive: 56 users
  batch: 111 users

### MEMORY SAFETY CHECK ###
  Formula: peak = (workers x 2 x mean_entry_bytes) + baseline
         = (200 x 2 x 2500MiB) + 2.5GiB
         = 979.1GiB
  Available RAM: 463.1GiB
  Mean entry size: 2500MiB  (8000 tok x 327,680 B/tok)
  Peak per thread: 5000MiB  (np.load + np.array copy)
  Worker threads: 200
  Safe concurrent readers: ~94  = (available - baseline) / peak_per_thread
  WARNING: Estimated peak memory (979.1GiB) exceeds 85% of
  available RAM (463.1GiB). Risk of OOM with 200 workers.
  Consider: --num-users 94 or --max-concurrent-allocs 47

Starting benchmark... Mode: standard (prefill+decode)
--------------------------------------------------------------------------------

Integrated Multi-User KV Cache Benchmark - MLPerf Edition
Model: Llama 3.1 70B Instruct
GPU Memory: 1 GB
Users: 200
Duration: 60s
Seed: 74
Generation Mode: none (0.0ms/token)
Features:
  - Phase-Aware Processing: Enabled
  - Multi-turn Conversations: Enabled
  - Prefix Caching: Enabled
  - RAG Workload: Disabled
  - Autoscaling: Disabled
  - QoS Support: Enabled (Interactive/Responsive/Batch)
  - Trace-Driven (BurstGPT): Disabled
  - ShareGPT Dataset: Disabled
  - Max Concurrent Allocations: 4 (bounds RAM usage)
================================================================================

User Context Length Distribution:
  Min: 598 tokens (186.88MiB)
  Max: 24531 tokens (7665.94MiB)
  Mean: 9069 tokens (2833.91MiB)

QoS Distribution:
  interactive: 31 users
  responsive: 75 users
  batch: 94 users

### MEMORY SAFETY CHECK ###
  Formula: peak = (workers x 2 x mean_entry_bytes) + baseline
         = (200 x 2 x 2500MiB) + 2.5GiB
         = 979.1GiB
  Available RAM: 463.2GiB
  Mean entry size: 2500MiB  (8000 tok x 327,680 B/tok)
  Peak per thread: 5000MiB  (np.load + np.array copy)
  Worker threads: 200
  Safe concurrent readers: ~94  = (available - baseline) / peak_per_thread
  WARNING: Estimated peak memory (979.1GiB) exceeds 85% of
  available RAM (463.2GiB). Risk of OOM with 200 workers.
  Consider: --num-users 94 or --max-concurrent-allocs 47

Starting benchmark... Mode: standard (prefill+decode)
--------------------------------------------------------------------------------

Integrated Multi-User KV Cache Benchmark - MLPerf Edition
Model: Llama 3.1 70B Instruct
GPU Memory: 1 GB
Users: 200
Duration: 60s
Seed: 88
Generation Mode: none (0.0ms/token)
Features:
  - Phase-Aware Processing: Enabled
  - Multi-turn Conversations: Enabled
  - Prefix Caching: Enabled
  - RAG Workload: Disabled
  - Autoscaling: Disabled
  - QoS Support: Enabled (Interactive/Responsive/Batch)
  - Trace-Driven (BurstGPT): Disabled
  - ShareGPT Dataset: Disabled
  - Max Concurrent Allocations: 4 (bounds RAM usage)
================================================================================

User Context Length Distribution:
  Min: 537 tokens (167.81MiB)
  Max: 24240 tokens (7575.00MiB)
  Mean: 9741 tokens (3044.00MiB)

QoS Distribution:
  interactive: 30 users
  responsive: 72 users
  batch: 98 users

### MEMORY SAFETY CHECK ###
  Formula: peak = (workers x 2 x mean_entry_bytes) + baseline
         = (200 x 2 x 2500MiB) + 2.5GiB
         = 979.1GiB
  Available RAM: 461.4GiB
  Mean entry size: 2500MiB  (8000 tok x 327,680 B/tok)
  Peak per thread: 5000MiB  (np.load + np.array copy)
  Worker threads: 200
  Safe concurrent readers: ~93  = (available - baseline) / peak_per_thread
  WARNING: Estimated peak memory (979.1GiB) exceeds 85% of
  available RAM (461.4GiB). Risk of OOM with 200 workers.
  Consider: --num-users 93 or --max-concurrent-allocs 46

Starting benchmark... Mode: standard (prefill+decode)
--------------------------------------------------------------------------------

Integrated Multi-User KV Cache Benchmark - MLPerf Edition
Model: Llama 3.1 70B Instruct
GPU Memory: 1 GB
Users: 200
Duration: 60s
Seed: 70
Generation Mode: none (0.0ms/token)
Features:
  - Phase-Aware Processing: Enabled
  - Multi-turn Conversations: Enabled
  - Prefix Caching: Enabled
  - RAG Workload: Disabled
  - Autoscaling: Disabled
  - QoS Support: Enabled (Interactive/Responsive/Batch)
  - Trace-Driven (BurstGPT): Disabled
  - ShareGPT Dataset: Disabled
  - Max Concurrent Allocations: 4 (bounds RAM usage)
================================================================================

User Context Length Distribution:
  Min: 598 tokens (186.88MiB)
  Max: 24881 tokens (7775.31MiB)
  Mean: 8497 tokens (2655.17MiB)

QoS Distribution:
  interactive: 34 users
  responsive: 72 users
  batch: 94 users

### MEMORY SAFETY CHECK ###
  Formula: peak = (workers x 2 x mean_entry_bytes) + baseline
         = (200 x 2 x 2500MiB) + 2.5GiB
         = 979.1GiB
  Available RAM: 451.4GiB
  Mean entry size: 2500MiB  (8000 tok x 327,680 B/tok)
  Peak per thread: 5000MiB  (np.load + np.array copy)
  Worker threads: 200
  Safe concurrent readers: ~91  = (available - baseline) / peak_per_thread
  WARNING: Estimated peak memory (979.1GiB) exceeds 85% of
  available RAM (451.4GiB). Risk of OOM with 200 workers.
  Consider: --num-users 91 or --max-concurrent-allocs 45

Starting benchmark... Mode: standard (prefill+decode)
--------------------------------------------------------------------------------

Integrated Multi-User KV Cache Benchmark - MLPerf Edition
Model: Llama 3.1 70B Instruct
GPU Memory: 1 GB
Users: 200
Duration: 60s
Seed: 44
Generation Mode: none (0.0ms/token)
Features:
  - Phase-Aware Processing: Enabled
  - Multi-turn Conversations: Enabled
  - Prefix Caching: Enabled
  - RAG Workload: Disabled
  - Autoscaling: Disabled
  - QoS Support: Enabled (Interactive/Responsive/Batch)
  - Trace-Driven (BurstGPT): Disabled
  - ShareGPT Dataset: Disabled
  - Max Concurrent Allocations: 4 (bounds RAM usage)
================================================================================

User Context Length Distribution:
  Min: 520 tokens (162.50MiB)
  Max: 24951 tokens (7797.19MiB)
  Mean: 8806 tokens (2751.88MiB)

QoS Distribution:
  interactive: 35 users
  responsive: 66 users
  batch: 99 users

### MEMORY SAFETY CHECK ###
  Formula: peak = (workers x 2 x mean_entry_bytes) + baseline
         = (200 x 2 x 2500MiB) + 2.5GiB
         = 979.1GiB
  Available RAM: 461.4GiB
  Mean entry size: 2500MiB  (8000 tok x 327,680 B/tok)
  Peak per thread: 5000MiB  (np.load + np.array copy)
  Worker threads: 200
  Safe concurrent readers: ~93  = (available - baseline) / peak_per_thread
  WARNING: Estimated peak memory (979.1GiB) exceeds 85% of
  available RAM (461.4GiB). Risk of OOM with 200 workers.
  Consider: --num-users 93 or --max-concurrent-allocs 46

Starting benchmark... Mode: standard (prefill+decode)
--------------------------------------------------------------------------------

Integrated Multi-User KV Cache Benchmark - MLPerf Edition
Model: Llama 3.1 70B Instruct
GPU Memory: 1 GB
Users: 200
Duration: 60s
Seed: 52
Generation Mode: none (0.0ms/token)
Features:
  - Phase-Aware Processing: Enabled
  - Multi-turn Conversations: Enabled
  - Prefix Caching: Enabled
  - RAG Workload: Disabled
  - Autoscaling: Disabled
  - QoS Support: Enabled (Interactive/Responsive/Batch)
  - Trace-Driven (BurstGPT): Disabled
  - ShareGPT Dataset: Disabled
  - Max Concurrent Allocations: 4 (bounds RAM usage)
================================================================================

User Context Length Distribution:
  Min: 523 tokens (163.44MiB)
  Max: 24261 tokens (7581.56MiB)
  Mean: 7921 tokens (2475.20MiB)

QoS Distribution:
  interactive: 32 users
  responsive: 75 users
  batch: 93 users

### MEMORY SAFETY CHECK ###
  Formula: peak = (workers x 2 x mean_entry_bytes) + baseline
         = (200 x 2 x 2500MiB) + 2.5GiB
         = 979.1GiB
  Available RAM: 460.5GiB
  Mean entry size: 2500MiB  (8000 tok x 327,680 B/tok)
  Peak per thread: 5000MiB  (np.load + np.array copy)
  Worker threads: 200
  Safe concurrent readers: ~93  = (available - baseline) / peak_per_thread
  WARNING: Estimated peak memory (979.1GiB) exceeds 85% of
  available RAM (460.5GiB). Risk of OOM with 200 workers.
  Consider: --num-users 93 or --max-concurrent-allocs 46

Starting benchmark... Mode: standard (prefill+decode)
--------------------------------------------------------------------------------

Integrated Multi-User KV Cache Benchmark - MLPerf Edition
Model: Llama 3.1 70B Instruct
GPU Memory: 1 GB
Users: 200
Duration: 60s
Seed: 48
Generation Mode: none (0.0ms/token)
Features:
  - Phase-Aware Processing: Enabled
  - Multi-turn Conversations: Enabled
  - Prefix Caching: Enabled
  - RAG Workload: Disabled
  - Autoscaling: Disabled
  - QoS Support: Enabled (Interactive/Responsive/Batch)
  - Trace-Driven (BurstGPT): Disabled
  - ShareGPT Dataset: Disabled
  - Max Concurrent Allocations: 4 (bounds RAM usage)
================================================================================

User Context Length Distribution:
  Min: 530 tokens (165.62MiB)
  Max: 24816 tokens (7755.00MiB)
  Mean: 8671 tokens (2709.56MiB)

QoS Distribution:
  interactive: 35 users
  responsive: 69 users
  batch: 96 users

### MEMORY SAFETY CHECK ###
  Formula: peak = (workers x 2 x mean_entry_bytes) + baseline
         = (200 x 2 x 2500MiB) + 2.5GiB
         = 979.1GiB
  Available RAM: 450.1GiB
  Mean entry size: 2500MiB  (8000 tok x 327,680 B/tok)
  Peak per thread: 5000MiB  (np.load + np.array copy)
  Worker threads: 200
  Safe concurrent readers: ~91  = (available - baseline) / peak_per_thread
  WARNING: Estimated peak memory (979.1GiB) exceeds 85% of
  available RAM (450.1GiB). Risk of OOM with 200 workers.
  Consider: --num-users 91 or --max-concurrent-allocs 45

Starting benchmark... Mode: standard (prefill+decode)
--------------------------------------------------------------------------------

Integrated Multi-User KV Cache Benchmark - MLPerf Edition
Model: Llama 3.1 70B Instruct
GPU Memory: 1 GB
Users: 200
Duration: 60s
Seed: 68
Generation Mode: none (0.0ms/token)
Features:
  - Phase-Aware Processing: Enabled
  - Multi-turn Conversations: Enabled
  - Prefix Caching: Enabled
  - RAG Workload: Disabled
  - Autoscaling: Disabled
  - QoS Support: Enabled (Interactive/Responsive/Batch)
  - Trace-Driven (BurstGPT): Disabled
  - ShareGPT Dataset: Disabled
  - Max Concurrent Allocations: 4 (bounds RAM usage)
================================================================================

User Context Length Distribution:
  Min: 539 tokens (168.44MiB)
  Max: 24518 tokens (7661.88MiB)
  Mean: 8429 tokens (2633.93MiB)

QoS Distribution:
  interactive: 28 users
  responsive: 79 users
  batch: 93 users

Integrated Multi-User KV Cache Benchmark - MLPerf Edition
Model: Llama 3.1 70B Instruct
GPU Memory: 1 GB
Users: 200
Duration: 60s
Seed: 61
Generation Mode: none (0.0ms/token)
Features:
  - Phase-Aware Processing: Enabled
  - Multi-turn Conversations: Enabled
  - Prefix Caching: Enabled
  - RAG Workload: Disabled
  - Autoscaling: Disabled
  - QoS Support: Enabled (Interactive/Responsive/Batch)
  - Trace-Driven (BurstGPT): Disabled
  - ShareGPT Dataset: Disabled
  - Max Concurrent Allocations: 4 (bounds RAM usage)
================================================================================

User Context Length Distribution:
  Min: 541 tokens (169.06MiB)
  Max: 24932 tokens (7791.25MiB)
  Mean: 8771 tokens (2740.87MiB)

QoS Distribution:
  interactive: 27 users
  responsive: 75 users
  batch: 98 users

### MEMORY SAFETY CHECK ###
  Formula: peak = (workers x 2 x mean_entry_bytes) + baseline
         = (200 x 2 x 2500MiB) + 2.5GiB
         = 979.1GiB
  Available RAM: 458.4GiB
  Mean entry size: 2500MiB  (8000 tok x 327,680 B/tok)
  Peak per thread: 5000MiB  (np.load + np.array copy)
  Worker threads: 200
  Safe concurrent readers: ~93  = (available - baseline) / peak_per_thread
  WARNING: Estimated peak memory (979.1GiB) exceeds 85% of
  available RAM (458.4GiB). Risk of OOM with 200 workers.
  Consider: --num-users 93 or --max-concurrent-allocs 46

Starting benchmark... Mode: standard (prefill+decode)
--------------------------------------------------------------------------------

### MEMORY SAFETY CHECK ###
  Formula: peak = (workers x 2 x mean_entry_bytes) + baseline
         = (200 x 2 x 2500MiB) + 2.5GiB
         = 979.1GiB
  Available RAM: 438.1GiB
  Mean entry size: 2500MiB  (8000 tok x 327,680 B/tok)
  Peak per thread: 5000MiB  (np.load + np.array copy)
  Worker threads: 200
  Safe concurrent readers: ~89  = (available - baseline) / peak_per_thread
  WARNING: Estimated peak memory (979.1GiB) exceeds 85% of
  available RAM (438.1GiB). Risk of OOM with 200 workers.
  Consider: --num-users 89 or --max-concurrent-allocs 44

Starting benchmark... Mode: standard (prefill+decode)
--------------------------------------------------------------------------------

Integrated Multi-User KV Cache Benchmark - MLPerf Edition
Model: Llama 3.1 70B Instruct
GPU Memory: 1 GB
Users: 200
Duration: 60s
Seed: 59
Generation Mode: none (0.0ms/token)
Features:
  - Phase-Aware Processing: Enabled
  - Multi-turn Conversations: Enabled
  - Prefix Caching: Enabled
  - RAG Workload: Disabled
  - Autoscaling: Disabled
  - QoS Support: Enabled (Interactive/Responsive/Batch)
  - Trace-Driven (BurstGPT): Disabled
  - ShareGPT Dataset: Disabled
  - Max Concurrent Allocations: 4 (bounds RAM usage)
================================================================================

User Context Length Distribution:
  Min: 557 tokens (174.06MiB)
  Max: 24962 tokens (7800.62MiB)
  Mean: 9942 tokens (3106.94MiB)

QoS Distribution:
  interactive: 27 users
  responsive: 88 users
  batch: 85 users

### MEMORY SAFETY CHECK ###
  Formula: peak = (workers x 2 x mean_entry_bytes) + baseline
         = (200 x 2 x 2500MiB) + 2.5GiB
         = 979.1GiB
  Available RAM: 452.5GiB
  Mean entry size: 2500MiB  (8000 tok x 327,680 B/tok)
  Peak per thread: 5000MiB  (np.load + np.array copy)
  Worker threads: 200
  Safe concurrent readers: ~92  = (available - baseline) / peak_per_thread
  WARNING: Estimated peak memory (979.1GiB) exceeds 85% of
  available RAM (452.5GiB). Risk of OOM with 200 workers.
  Consider: --num-users 92 or --max-concurrent-allocs 46

Starting benchmark... Mode: standard (prefill+decode)
--------------------------------------------------------------------------------

Integrated Multi-User KV Cache Benchmark - MLPerf Edition
Model: Llama 3.1 70B Instruct
GPU Memory: 1 GB
Users: 200
Duration: 60s
Seed: 42
Generation Mode: none (0.0ms/token)
Features:
  - Phase-Aware Processing: Enabled
  - Multi-turn Conversations: Enabled
  - Prefix Caching: Enabled
  - RAG Workload: Disabled
  - Autoscaling: Disabled
  - QoS Support: Enabled (Interactive/Responsive/Batch)
  - Trace-Driven (BurstGPT): Disabled
  - ShareGPT Dataset: Disabled
  - Max Concurrent Allocations: 4 (bounds RAM usage)
================================================================================

User Context Length Distribution:
  Min: 598 tokens (186.88MiB)
  Max: 24836 tokens (7761.25MiB)
  Mean: 9330 tokens (2915.66MiB)

QoS Distribution:
  interactive: 25 users
  responsive: 78 users
  batch: 97 users

### MEMORY SAFETY CHECK ###
  Formula: peak = (workers x 2 x mean_entry_bytes) + baseline
         = (200 x 2 x 2500MiB) + 2.5GiB
         = 979.1GiB
  Available RAM: 438.2GiB
  Mean entry size: 2500MiB  (8000 tok x 327,680 B/tok)
  Peak per thread: 5000MiB  (np.load + np.array copy)
  Worker threads: 200
  Safe concurrent readers: ~89  = (available - baseline) / peak_per_thread
  WARNING: Estimated peak memory (979.1GiB) exceeds 85% of
  available RAM (438.2GiB). Risk of OOM with 200 workers.
  Consider: --num-users 89 or --max-concurrent-allocs 44

Starting benchmark... Mode: standard (prefill+decode)
--------------------------------------------------------------------------------

Integrated Multi-User KV Cache Benchmark - MLPerf Edition
Model: Llama 3.1 70B Instruct
GPU Memory: 1 GB
Users: 200
Duration: 60s
Seed: 43
Generation Mode: none (0.0ms/token)
Features:
  - Phase-Aware Processing: Enabled
  - Multi-turn Conversations: Enabled
  - Prefix Caching: Enabled
  - RAG Workload: Disabled
  - Autoscaling: Disabled
  - QoS Support: Enabled (Interactive/Responsive/Batch)
  - Trace-Driven (BurstGPT): Disabled
  - ShareGPT Dataset: Disabled
  - Max Concurrent Allocations: 4 (bounds RAM usage)
================================================================================

User Context Length Distribution:
  Min: 554 tokens (173.12MiB)
  Max: 24695 tokens (7717.19MiB)
  Mean: 8592 tokens (2685.12MiB)

QoS Distribution:
  interactive: 38 users
  responsive: 72 users
  batch: 90 users

### MEMORY SAFETY CHECK ###
  Formula: peak = (workers x 2 x mean_entry_bytes) + baseline
         = (200 x 2 x 2500MiB) + 2.5GiB
         = 979.1GiB
  Available RAM: 439.8GiB
  Mean entry size: 2500MiB  (8000 tok x 327,680 B/tok)
  Peak per thread: 5000MiB  (np.load + np.array copy)
  Worker threads: 200
  Safe concurrent readers: ~89  = (available - baseline) / peak_per_thread
  WARNING: Estimated peak memory (979.1GiB) exceeds 85% of
  available RAM (439.8GiB). Risk of OOM with 200 workers.
  Consider: --num-users 89 or --max-concurrent-allocs 44

Starting benchmark... Mode: standard (prefill+decode)
--------------------------------------------------------------------------------

Integrated Multi-User KV Cache Benchmark - MLPerf Edition
Model: Llama 3.1 70B Instruct
GPU Memory: 1 GB
Users: 200
Duration: 60s
Seed: 79
Generation Mode: none (0.0ms/token)
Features:
  - Phase-Aware Processing: Enabled
  - Multi-turn Conversations: Enabled
  - Prefix Caching: Enabled
  - RAG Workload: Disabled
  - Autoscaling: Disabled
  - QoS Support: Enabled (Interactive/Responsive/Batch)
  - Trace-Driven (BurstGPT): Disabled
  - ShareGPT Dataset: Disabled
  - Max Concurrent Allocations: 4 (bounds RAM usage)
================================================================================

User Context Length Distribution:
  Min: 551 tokens (172.19MiB)
  Max: 24385 tokens (7620.31MiB)
  Mean: 8938 tokens (2793.27MiB)

QoS Distribution:
  interactive: 22 users
  responsive: 88 users
  batch: 90 users

### MEMORY SAFETY CHECK ###
  Formula: peak = (workers x 2 x mean_entry_bytes) + baseline
         = (200 x 2 x 2500MiB) + 2.5GiB
         = 979.1GiB
  Available RAM: 431.9GiB
  Mean entry size: 2500MiB  (8000 tok x 327,680 B/tok)
  Peak per thread: 5000MiB  (np.load + np.array copy)
  Worker threads: 200
  Safe concurrent readers: ~87  = (available - baseline) / peak_per_thread
  WARNING: Estimated peak memory (979.1GiB) exceeds 85% of
  available RAM (431.9GiB). Risk of OOM with 200 workers.
  Consider: --num-users 87 or --max-concurrent-allocs 43

Starting benchmark... Mode: standard (prefill+decode)
--------------------------------------------------------------------------------

Integrated Multi-User KV Cache Benchmark - MLPerf Edition
Model: Llama 3.1 70B Instruct
GPU Memory: 1 GB
Users: 200
Duration: 60s
Seed: 80
Generation Mode: none (0.0ms/token)
Features:
  - Phase-Aware Processing: Enabled
  - Multi-turn Conversations: Enabled
  - Prefix Caching: Enabled
  - RAG Workload: Disabled
  - Autoscaling: Disabled
  - QoS Support: Enabled (Interactive/Responsive/Batch)
  - Trace-Driven (BurstGPT): Disabled
  - ShareGPT Dataset: Disabled
  - Max Concurrent Allocations: 4 (bounds RAM usage)
================================================================================

User Context Length Distribution:
  Min: 540 tokens (168.75MiB)
  Max: 24879 tokens (7774.69MiB)
  Mean: 9386 tokens (2933.18MiB)

QoS Distribution:
  interactive: 30 users
  responsive: 82 users
  batch: 88 users

### MEMORY SAFETY CHECK ###
  Formula: peak = (workers x 2 x mean_entry_bytes) + baseline
         = (200 x 2 x 2500MiB) + 2.5GiB
         = 979.1GiB
  Available RAM: 443.0GiB
  Mean entry size: 2500MiB  (8000 tok x 327,680 B/tok)
  Peak per thread: 5000MiB  (np.load + np.array copy)
  Worker threads: 200
  Safe concurrent readers: ~90  = (available - baseline) / peak_per_thread
  WARNING: Estimated peak memory (979.1GiB) exceeds 85% of
  available RAM (443.0GiB). Risk of OOM with 200 workers.
  Consider: --num-users 90 or --max-concurrent-allocs 45

Starting benchmark... Mode: standard (prefill+decode)
--------------------------------------------------------------------------------

Integrated Multi-User KV Cache Benchmark - MLPerf Edition
Model: Llama 3.1 70B Instruct
GPU Memory: 1 GB
Users: 200
Duration: 60s
Seed: 69
Generation Mode: none (0.0ms/token)
Features:
  - Phase-Aware Processing: Enabled
  - Multi-turn Conversations: Enabled
  - Prefix Caching: Enabled
  - RAG Workload: Disabled
  - Autoscaling: Disabled
  - QoS Support: Enabled (Interactive/Responsive/Batch)
  - Trace-Driven (BurstGPT): Disabled
  - ShareGPT Dataset: Disabled
  - Max Concurrent Allocations: 4 (bounds RAM usage)
================================================================================

User Context Length Distribution:
  Min: 829 tokens (259.06MiB)
  Max: 24982 tokens (7806.88MiB)
  Mean: 9167 tokens (2864.56MiB)

QoS Distribution:
  interactive: 26 users
  responsive: 73 users
  batch: 101 users

### MEMORY SAFETY CHECK ###
  Formula: peak = (workers x 2 x mean_entry_bytes) + baseline
         = (200 x 2 x 2500MiB) + 2.5GiB
         = 979.1GiB
  Available RAM: 421.5GiB
  Mean entry size: 2500MiB  (8000 tok x 327,680 B/tok)
  Peak per thread: 5000MiB  (np.load + np.array copy)
  Worker threads: 200
  Safe concurrent readers: ~85  = (available - baseline) / peak_per_thread
  WARNING: Estimated peak memory (979.1GiB) exceeds 85% of
  available RAM (421.5GiB). Risk of OOM with 200 workers.
  Consider: --num-users 85 or --max-concurrent-allocs 42

Starting benchmark... Mode: standard (prefill+decode)
--------------------------------------------------------------------------------

Integrated Multi-User KV Cache Benchmark - MLPerf Edition
Model: Llama 3.1 70B Instruct
GPU Memory: 1 GB
Users: 200
Duration: 60s
Seed: 86
Generation Mode: none (0.0ms/token)
Features:
  - Phase-Aware Processing: Enabled
  - Multi-turn Conversations: Enabled
  - Prefix Caching: Enabled
  - RAG Workload: Disabled
  - Autoscaling: Disabled
  - QoS Support: Enabled (Interactive/Responsive/Batch)
  - Trace-Driven (BurstGPT): Disabled
  - ShareGPT Dataset: Disabled
  - Max Concurrent Allocations: 4 (bounds RAM usage)
================================================================================

User Context Length Distribution:
  Min: 590 tokens (184.38MiB)
  Max: 24702 tokens (7719.38MiB)
  Mean: 9192 tokens (2872.46MiB)

QoS Distribution:
  interactive: 24 users
  responsive: 76 users
  batch: 100 users

### MEMORY SAFETY CHECK ###
  Formula: peak = (workers x 2 x mean_entry_bytes) + baseline
         = (200 x 2 x 2500MiB) + 2.5GiB
         = 979.1GiB
  Available RAM: 395.8GiB
  Mean entry size: 2500MiB  (8000 tok x 327,680 B/tok)
  Peak per thread: 5000MiB  (np.load + np.array copy)
  Worker threads: 200
  Safe concurrent readers: ~80  = (available - baseline) / peak_per_thread
  WARNING: Estimated peak memory (979.1GiB) exceeds 85% of
  available RAM (395.8GiB). Risk of OOM with 200 workers.
  Consider: --num-users 80 or --max-concurrent-allocs 40

Starting benchmark... Mode: standard (prefill+decode)
--------------------------------------------------------------------------------

================================================================================
BENCHMARK RESULTS - MLPerf KV Cache Storage Benchmark
Generation Mode: none (0.0ms/token)
================================================================================

IMPORTANT: All storage latencies below are measured per KV cache BLOCK,
not per token or per disk page.  Each block holds the full KV state for
one request (all layers, all heads, full sequence length).
  Model KV bytes/token: 327,680 bytes (320.0KiB)
  Entries in cache: 287
  Block size min:   55.9MiB
  Block size mean:  1152.6MiB
  Block size P95:   4031.5MiB
  Block size max:   7255.0MiB
  A 200MiB block at 1GiB/s NVMe read = ~200 ms device latency.
  Compare latencies against block sizes, not against 4KiB page I/O.


### OVERALL PERFORMANCE ###
Requests Completed: 270
Total Tokens Generated: 30361
Throughput (wall-clock): 506.01 tokens/sec
Throughput (storage I/O): 29.58 tokens/sec
Requests/sec: 4.50

### END-TO-END LATENCY (Queue Wait + Storage I/O + Generation) ###
  Mean: 87568.36 ms
  P50:  87537.47 ms
  P95:  173422.86 ms
  P99:  182055.65 ms

### PER-REQUEST STORAGE LATENCY (All I/O ops for one request) ###
  Mean: 3802.06 ms
  P50:  837.47 ms
  P95:  18273.35 ms
  P99:  36775.62 ms
  (= 1 prefill write + N decode reads per request)

### STORAGE PERFORMANCE ###
  Cache Hit Rate: 83.6%
  Total Read: 1019.39GiB
  Total Write: 328.72GiB
  Read/Write Ratio: 3.10
  Storage KV Read Operations/sec: 19.27
  Storage KV Write Operations/sec: 4.83

### CACHE TIER DISTRIBUTION ###
  GPU Entries: 0 (0.00GiB)
  CPU Entries: 1 (0.22GiB)
  Storage Entries: 286

### TIER-SPECIFIC KV BYTES ###
  CPU KV Bytes Written: 76.16GiB
  CPU KV Bytes Read: 378.93GiB
  Storage KV Bytes Written: 322.33GiB
  Storage KV Bytes Read: 715.89GiB

### STORAGE KV BANDWIDTH ###
  CPU KV Read Bandwidth: 6.32GiB/s
  CPU KV Write Bandwidth: 1.27GiB/s
  Storage KV Read Bandwidth: 11.93GiB/s
  Storage KV Write Bandwidth: 5.37GiB/s

### TIER-SPECIFIC LATENCIES (Total = Host + Device) ###
  CPU Read P95 (Total): 301.16 ms
  CPU Write P95 (Total): 330.35 ms
  Storage Read P95 (Total): 4517.24 ms
  Storage Write P95 (Total): 5161.20 ms

### STORAGE TIER LATENCY BREAKDOWN (Device = Disk I/O, Host = Serialization) ###
  Storage Read:
    - Device P95 (Disk I/O): 4167.74 ms
    - Host P95 (Serialization): 1062.04 ms
    - Total P95: 4517.24 ms
  Storage Write:
    - Device P95 (Disk I/O): 9.40 ms
    - Host P95 (Serialization): 5155.62 ms
    - Total P95: 5161.20 ms

### CACHE TYPE BREAKDOWNS ###
  System Prompt Hits: 234
  Common Phrase Hits: 0
  User Cache Hits: 915
  Multi-turn Hits: 7

### PREFIX CACHING ###
  Prefix Hits: 60
  Prefix Misses: 231
  System Prompt Reuse: 60
  Bytes Saved: 0.12GiB

### MULTI-TURN CONVERSATIONS ###
  Multi-turn Cache Hits: 7
  Multi-turn Cache Misses: 166
  Multi-turn Hit Rate: 4.0%

================================================================================
NOTES:
  - Pure storage I/O benchmark (no generation simulation)
================================================================================

================================================================================
BENCHMARK RESULTS - MLPerf KV Cache Storage Benchmark
Generation Mode: none (0.0ms/token)
================================================================================

IMPORTANT: All storage latencies below are measured per KV cache BLOCK,
not per token or per disk page.  Each block holds the full KV state for
one request (all layers, all heads, full sequence length).
  Model KV bytes/token: 327,680 bytes (320.0KiB)
  Entries in cache: 315
  Block size min:   51.6MiB
  Block size mean:  1132.3MiB
  Block size P95:   4136.6MiB
  Block size max:   7504.4MiB
  A 200MiB block at 1GiB/s NVMe read = ~200 ms device latency.
  Compare latencies against block sizes, not against 4KiB page I/O.


### OVERALL PERFORMANCE ###
Requests Completed: 308
Total Tokens Generated: 35310
Throughput (wall-clock): 588.48 tokens/sec
Throughput (storage I/O): 28.36 tokens/sec
Requests/sec: 5.13

### END-TO-END LATENCY (Queue Wait + Storage I/O + Generation) ###
  Mean: 90116.87 ms
  P50:  85455.76 ms
  P95:  186217.60 ms
  P99:  191197.74 ms

### PER-REQUEST STORAGE LATENCY (All I/O ops for one request) ###
  Mean: 4041.89 ms
  P50:  894.91 ms
  P95:  22350.49 ms
  P99:  32697.90 ms
  (= 1 prefill write + N decode reads per request)

### STORAGE PERFORMANCE ###
  Cache Hit Rate: 86.2%
  Total Read: 1311.85GiB
  Total Write: 348.33GiB
  Read/Write Ratio: 3.77
  Storage KV Read Operations/sec: 22.50
  Storage KV Write Operations/sec: 5.25

### CACHE TIER DISTRIBUTION ###
  GPU Entries: 0 (0.00GiB)
  CPU Entries: 1 (0.49GiB)
  Storage Entries: 314

### TIER-SPECIFIC KV BYTES ###
  CPU KV Bytes Written: 76.40GiB
  CPU KV Bytes Read: 370.93GiB
  Storage KV Bytes Written: 347.84GiB
  Storage KV Bytes Read: 1016.84GiB

### STORAGE KV BANDWIDTH ###
  CPU KV Read Bandwidth: 6.18GiB/s
  CPU KV Write Bandwidth: 1.27GiB/s
  Storage KV Read Bandwidth: 16.95GiB/s
  Storage KV Write Bandwidth: 5.80GiB/s

### TIER-SPECIFIC LATENCIES (Total = Host + Device) ###
  CPU Read P95 (Total): 291.91 ms
  CPU Write P95 (Total): 299.65 ms
  Storage Read P95 (Total): 3474.61 ms
  Storage Write P95 (Total): 4766.94 ms

### STORAGE TIER LATENCY BREAKDOWN (Device = Disk I/O, Host = Serialization) ###
  Storage Read:
    - Device P95 (Disk I/O): 2287.43 ms
    - Host P95 (Serialization): 1124.85 ms
    - Total P95: 3474.61 ms
  Storage Write:
    - Device P95 (Disk I/O): 11.04 ms
    - Host P95 (Serialization): 4762.27 ms
    - Total P95: 4766.94 ms

### CACHE TYPE BREAKDOWNS ###
  System Prompt Hits: 294
  Common Phrase Hits: 0
  User Cache Hits: 1056
  Multi-turn Hits: 0

### PREFIX CACHING ###
  Prefix Hits: 63
  Prefix Misses: 252
  System Prompt Reuse: 63
  Bytes Saved: 0.13GiB

================================================================================
NOTES:
  - Pure storage I/O benchmark (no generation simulation)
================================================================================

================================================================================
BENCHMARK RESULTS - MLPerf KV Cache Storage Benchmark
Generation Mode: none (0.0ms/token)
================================================================================

IMPORTANT: All storage latencies below are measured per KV cache BLOCK,
not per token or per disk page.  Each block holds the full KV state for
one request (all layers, all heads, full sequence length).
  Model KV bytes/token: 327,680 bytes (320.0KiB)
  Entries in cache: 323
  Block size min:   46.6MiB
  Block size mean:  1049.4MiB
  Block size P95:   3836.5MiB
  Block size max:   6965.0MiB
  A 200MiB block at 1GiB/s NVMe read = ~200 ms device latency.
  Compare latencies against block sizes, not against 4KiB page I/O.


### OVERALL PERFORMANCE ###
Requests Completed: 316
Total Tokens Generated: 40230
Throughput (wall-clock): 670.48 tokens/sec
Throughput (storage I/O): 27.41 tokens/sec
Requests/sec: 5.27

### END-TO-END LATENCY (Queue Wait + Storage I/O + Generation) ###
  Mean: 87929.16 ms
  P50:  84002.20 ms
  P95:  186584.60 ms
  P99:  193759.46 ms

### PER-REQUEST STORAGE LATENCY (All I/O ops for one request) ###
  Mean: 4645.50 ms
  P50:  950.95 ms
  P95:  22591.81 ms
  P99:  38133.07 ms
  (= 1 prefill write + N decode reads per request)

### STORAGE PERFORMANCE ###
  Cache Hit Rate: 86.1%
  Total Read: 1577.64GiB
  Total Write: 335.57GiB
  Read/Write Ratio: 4.70
  Storage KV Read Operations/sec: 26.48
  Storage KV Write Operations/sec: 5.40

### CACHE TIER DISTRIBUTION ###
  GPU Entries: 0 (0.00GiB)
  CPU Entries: 3 (0.76GiB)
  Storage Entries: 320

### TIER-SPECIFIC KV BYTES ###
  CPU KV Bytes Written: 89.13GiB
  CPU KV Bytes Read: 464.42GiB
  Storage KV Bytes Written: 329.93GiB
  Storage KV Bytes Read: 1201.26GiB

### STORAGE KV BANDWIDTH ###
  CPU KV Read Bandwidth: 7.74GiB/s
  CPU KV Write Bandwidth: 1.49GiB/s
  Storage KV Read Bandwidth: 20.02GiB/s
  Storage KV Write Bandwidth: 5.50GiB/s

### TIER-SPECIFIC LATENCIES (Total = Host + Device) ###
  CPU Read P95 (Total): 340.52 ms
  CPU Write P95 (Total): 348.69 ms
  Storage Read P95 (Total): 3264.33 ms
  Storage Write P95 (Total): 4444.36 ms

### STORAGE TIER LATENCY BREAKDOWN (Device = Disk I/O, Host = Serialization) ###
  Storage Read:
    - Device P95 (Disk I/O): 2130.27 ms
    - Host P95 (Serialization): 1100.54 ms
    - Total P95: 3264.33 ms
  Storage Write:
    - Device P95 (Disk I/O): 10.78 ms
    - Host P95 (Serialization): 4439.26 ms
    - Total P95: 4444.36 ms

### CACHE TYPE BREAKDOWNS ###
  System Prompt Hits: 306
  Common Phrase Hits: 0
  User Cache Hits: 1275
  Multi-turn Hits: 8

### PREFIX CACHING ###
  Prefix Hits: 63
  Prefix Misses: 261
  System Prompt Reuse: 63
  Bytes Saved: 0.14GiB

### MULTI-TURN CONVERSATIONS ###
  Multi-turn Cache Hits: 8
  Multi-turn Cache Misses: 194
  Multi-turn Hit Rate: 4.0%

================================================================================
NOTES:
  - Pure storage I/O benchmark (no generation simulation)
================================================================================

================================================================================
BENCHMARK RESULTS - MLPerf KV Cache Storage Benchmark
Generation Mode: none (0.0ms/token)
================================================================================

IMPORTANT: All storage latencies below are measured per KV cache BLOCK,
not per token or per disk page.  Each block holds the full KV state for
one request (all layers, all heads, full sequence length).
  Model KV bytes/token: 327,680 bytes (320.0KiB)
  Entries in cache: 312
  Block size min:   45.6MiB
  Block size mean:  1093.7MiB
  Block size P95:   4064.1MiB
  Block size max:   7599.4MiB
  A 200MiB block at 1GiB/s NVMe read = ~200 ms device latency.
  Compare latencies against block sizes, not against 4KiB page I/O.


### OVERALL PERFORMANCE ###
Requests Completed: 292
Total Tokens Generated: 37488
Throughput (wall-clock): 624.76 tokens/sec
Throughput (storage I/O): 34.26 tokens/sec
Requests/sec: 4.87

### END-TO-END LATENCY (Queue Wait + Storage I/O + Generation) ###
  Mean: 87500.48 ms
  P50:  80674.40 ms
  P95:  177184.95 ms
  P99:  185012.26 ms

### PER-REQUEST STORAGE LATENCY (All I/O ops for one request) ###
  Mean: 3747.71 ms
  P50:  905.98 ms
  P95:  18323.66 ms
  P99:  38926.91 ms
  (= 1 prefill write + N decode reads per request)

### STORAGE PERFORMANCE ###
  Cache Hit Rate: 86.9%
  Total Read: 1152.39GiB
  Total Write: 333.23GiB
  Read/Write Ratio: 3.46
  Storage KV Read Operations/sec: 22.53
  Storage KV Write Operations/sec: 5.20

### CACHE TIER DISTRIBUTION ###
  GPU Entries: 0 (0.00GiB)
  CPU Entries: 2 (0.77GiB)
  Storage Entries: 310

### TIER-SPECIFIC KV BYTES ###
  CPU KV Bytes Written: 88.06GiB
  CPU KV Bytes Read: 466.85GiB
  Storage KV Bytes Written: 332.30GiB
  Storage KV Bytes Read: 772.66GiB

### STORAGE KV BANDWIDTH ###
  CPU KV Read Bandwidth: 7.78GiB/s
  CPU KV Write Bandwidth: 1.47GiB/s
  Storage KV Read Bandwidth: 12.88GiB/s
  Storage KV Write Bandwidth: 5.54GiB/s

### TIER-SPECIFIC LATENCIES (Total = Host + Device) ###
  CPU Read P95 (Total): 328.82 ms
  CPU Write P95 (Total): 360.22 ms
  Storage Read P95 (Total): 7571.37 ms
  Storage Write P95 (Total): 4905.71 ms

### STORAGE TIER LATENCY BREAKDOWN (Device = Disk I/O, Host = Serialization) ###
  Storage Read:
    - Device P95 (Disk I/O): 6983.99 ms
    - Host P95 (Serialization): 1139.27 ms
    - Total P95: 7571.37 ms
  Storage Write:
    - Device P95 (Disk I/O): 10.50 ms
    - Host P95 (Serialization): 4903.89 ms
    - Total P95: 4905.71 ms

### CACHE TYPE BREAKDOWNS ###
  System Prompt Hits: 246
  Common Phrase Hits: 0
  User Cache Hits: 1100
  Multi-turn Hits: 6

### PREFIX CACHING ###
  Prefix Hits: 65
  Prefix Misses: 247
  System Prompt Reuse: 65
  Bytes Saved: 0.13GiB

### MULTI-TURN CONVERSATIONS ###
  Multi-turn Cache Hits: 6
  Multi-turn Cache Misses: 138
  Multi-turn Hit Rate: 4.2%

================================================================================
NOTES:
  - Pure storage I/O benchmark (no generation simulation)
================================================================================
KV Cache Wrapper - End delay for 90 seconds
KV Cache Wrapper - End delay for 90 seconds

================================================================================
BENCHMARK RESULTS - MLPerf KV Cache Storage Benchmark
Generation Mode: none (0.0ms/token)
================================================================================

IMPORTANT: All storage latencies below are measured per KV cache BLOCK,
not per token or per disk page.  Each block holds the full KV state for
one request (all layers, all heads, full sequence length).
  Model KV bytes/token: 327,680 bytes (320.0KiB)
  Entries in cache: 297
  Block size min:   77.8MiB
  Block size mean:  1068.2MiB
  Block size P95:   3363.3MiB
  Block size max:   7161.2MiB
  A 200MiB block at 1GiB/s NVMe read = ~200 ms device latency.
  Compare latencies against block sizes, not against 4KiB page I/O.


### OVERALL PERFORMANCE ###
Requests Completed: 291
Total Tokens Generated: 40554
Throughput (wall-clock): 675.86 tokens/sec
Throughput (storage I/O): 26.43 tokens/sec
Requests/sec: 4.85

### END-TO-END LATENCY (Queue Wait + Storage I/O + Generation) ###
  Mean: 94258.86 ms
  P50:  94068.69 ms
  P95:  193185.59 ms
  P99:  198568.01 ms

### PER-REQUEST STORAGE LATENCY (All I/O ops for one request) ###
  Mean: 5273.75 ms
  P50:  1127.15 ms
  P95:  25957.74 ms
  P99:  42269.93 ms
  (= 1 prefill write + N decode reads per request)

### STORAGE PERFORMANCE ###
  Cache Hit Rate: 86.8%
  Total Read: 1612.01GiB
  Total Write: 309.83GiB
  Read/Write Ratio: 5.20
  Storage KV Read Operations/sec: 26.07
  Storage KV Write Operations/sec: 4.95

### CACHE TIER DISTRIBUTION ###
  GPU Entries: 0 (0.00GiB)
  CPU Entries: 2 (0.86GiB)
  Storage Entries: 295

### TIER-SPECIFIC KV BYTES ###
  CPU KV Bytes Written: 86.12GiB
  CPU KV Bytes Read: 434.39GiB
  Storage KV Bytes Written: 308.87GiB
  Storage KV Bytes Read: 1262.79GiB

### STORAGE KV BANDWIDTH ###
  CPU KV Read Bandwidth: 7.24GiB/s
  CPU KV Write Bandwidth: 1.44GiB/s
  Storage KV Read Bandwidth: 21.05GiB/s
  Storage KV Write Bandwidth: 5.15GiB/s

### TIER-SPECIFIC LATENCIES (Total = Host + Device) ###
  CPU Read P95 (Total): 332.44 ms
  CPU Write P95 (Total): 414.75 ms
  Storage Read P95 (Total): 2968.16 ms
  Storage Write P95 (Total): 5377.81 ms

### STORAGE TIER LATENCY BREAKDOWN (Device = Disk I/O, Host = Serialization) ###
  Storage Read:
    - Device P95 (Disk I/O): 1828.32 ms
    - Host P95 (Serialization): 1081.36 ms
    - Total P95: 2968.16 ms
  Storage Write:
    - Device P95 (Disk I/O): 11.35 ms
    - Host P95 (Serialization): 5372.92 ms
    - Total P95: 5377.81 ms

### CACHE TYPE BREAKDOWNS ###
  System Prompt Hits: 311
  Common Phrase Hits: 0
  User Cache Hits: 1251
  Multi-turn Hits: 2

### PREFIX CACHING ###
  Prefix Hits: 58
  Prefix Misses: 239
  System Prompt Reuse: 58
  Bytes Saved: 0.12GiB

### MULTI-TURN CONVERSATIONS ###
  Multi-turn Cache Hits: 2
  Multi-turn Cache Misses: 180
  Multi-turn Hit Rate: 1.1%

================================================================================
NOTES:
  - Pure storage I/O benchmark (no generation simulation)
================================================================================

================================================================================
BENCHMARK RESULTS - MLPerf KV Cache Storage Benchmark
Generation Mode: none (0.0ms/token)
================================================================================

IMPORTANT: All storage latencies below are measured per KV cache BLOCK,
not per token or per disk page.  Each block holds the full KV state for
one request (all layers, all heads, full sequence length).
  Model KV bytes/token: 327,680 bytes (320.0KiB)
  Entries in cache: 305
  Block size min:   93.4MiB
  Block size mean:  1316.1MiB
  Block size P95:   3985.3MiB
  Block size max:   5891.6MiB
  A 200MiB block at 1GiB/s NVMe read = ~200 ms device latency.
  Compare latencies against block sizes, not against 4KiB page I/O.


### OVERALL PERFORMANCE ###
Requests Completed: 301
Total Tokens Generated: 38145
Throughput (wall-clock): 635.58 tokens/sec
Throughput (storage I/O): 24.31 tokens/sec
Requests/sec: 5.02

### END-TO-END LATENCY (Queue Wait + Storage I/O + Generation) ###
  Mean: 92713.94 ms
  P50:  90945.82 ms
  P95:  191073.19 ms
  P99:  201070.88 ms

### PER-REQUEST STORAGE LATENCY (All I/O ops for one request) ###
  Mean: 5213.27 ms
  P50:  1630.99 ms
  P95:  22632.55 ms
  P99:  36631.13 ms
  (= 1 prefill write + N decode reads per request)

### STORAGE PERFORMANCE ###
  Cache Hit Rate: 83.3%
  Total Read: 1562.09GiB
  Total Write: 392.01GiB
  Read/Write Ratio: 3.98
  Storage KV Read Operations/sec: 23.57
  Storage KV Write Operations/sec: 5.08

### CACHE TIER DISTRIBUTION ###
  GPU Entries: 0 (0.00GiB)
  CPU Entries: 1 (0.64GiB)
  Storage Entries: 304

### TIER-SPECIFIC KV BYTES ###
  CPU KV Bytes Written: 77.93GiB
  CPU KV Bytes Read: 407.12GiB
  Storage KV Bytes Written: 391.37GiB
  Storage KV Bytes Read: 1232.25GiB

### STORAGE KV BANDWIDTH ###
  CPU KV Read Bandwidth: 6.78GiB/s
  CPU KV Write Bandwidth: 1.30GiB/s
  Storage KV Read Bandwidth: 20.53GiB/s
  Storage KV Write Bandwidth: 6.52GiB/s

### TIER-SPECIFIC LATENCIES (Total = Host + Device) ###
  CPU Read P95 (Total): 323.23 ms
  CPU Write P95 (Total): 372.74 ms
  Storage Read P95 (Total): 3224.56 ms
  Storage Write P95 (Total): 4345.04 ms

### STORAGE TIER LATENCY BREAKDOWN (Device = Disk I/O, Host = Serialization) ###
  Storage Read:
    - Device P95 (Disk I/O): 2053.04 ms
    - Host P95 (Serialization): 1089.99 ms
    - Total P95: 3224.56 ms
  Storage Write:
    - Device P95 (Disk I/O): 12.39 ms
    - Host P95 (Serialization): 4340.20 ms
    - Total P95: 4345.04 ms

### CACHE TYPE BREAKDOWNS ###
  System Prompt Hits: 316
  Common Phrase Hits: 0
  User Cache Hits: 1092
  Multi-turn Hits: 6

### PREFIX CACHING ###
  Prefix Hits: 81
  Prefix Misses: 224
  System Prompt Reuse: 81
  Bytes Saved: 0.16GiB

### MULTI-TURN CONVERSATIONS ###
  Multi-turn Cache Hits: 6
  Multi-turn Cache Misses: 203
  Multi-turn Hit Rate: 2.9%

================================================================================
NOTES:
  - Pure storage I/O benchmark (no generation simulation)
================================================================================

================================================================================
BENCHMARK RESULTS - MLPerf KV Cache Storage Benchmark
Generation Mode: none (0.0ms/token)
================================================================================

IMPORTANT: All storage latencies below are measured per KV cache BLOCK,
not per token or per disk page.  Each block holds the full KV state for
one request (all layers, all heads, full sequence length).
  Model KV bytes/token: 327,680 bytes (320.0KiB)
  Entries in cache: 296
  Block size min:   53.8MiB
  Block size mean:  1269.5MiB
  Block size P95:   4633.6MiB
  Block size max:   6102.5MiB
  A 200MiB block at 1GiB/s NVMe read = ~200 ms device latency.
  Compare latencies against block sizes, not against 4KiB page I/O.


### OVERALL PERFORMANCE ###
Requests Completed: 292
Total Tokens Generated: 39122
Throughput (wall-clock): 651.98 tokens/sec
Throughput (storage I/O): 27.28 tokens/sec
Requests/sec: 4.87

### END-TO-END LATENCY (Queue Wait + Storage I/O + Generation) ###
  Mean: 95691.59 ms
  P50:  95871.78 ms
  P95:  198949.27 ms
  P99:  204579.48 ms

### PER-REQUEST STORAGE LATENCY (All I/O ops for one request) ###
  Mean: 4910.49 ms
  P50:  951.26 ms
  P95:  24215.39 ms
  P99:  35001.79 ms
  (= 1 prefill write + N decode reads per request)

### STORAGE PERFORMANCE ###
  Cache Hit Rate: 82.9%
  Total Read: 1453.23GiB
  Total Write: 372.05GiB
  Read/Write Ratio: 3.91
  Storage KV Read Operations/sec: 23.07
  Storage KV Write Operations/sec: 4.97

### CACHE TIER DISTRIBUTION ###
  GPU Entries: 0 (0.00GiB)
  CPU Entries: 2 (0.38GiB)
  Storage Entries: 294

### TIER-SPECIFIC KV BYTES ###
  CPU KV Bytes Written: 74.59GiB
  CPU KV Bytes Read: 371.96GiB
  Storage KV Bytes Written: 366.58GiB
  Storage KV Bytes Read: 1155.47GiB

### STORAGE KV BANDWIDTH ###
  CPU KV Read Bandwidth: 6.20GiB/s
  CPU KV Write Bandwidth: 1.24GiB/s
  Storage KV Read Bandwidth: 19.26GiB/s
  Storage KV Write Bandwidth: 6.11GiB/s

### TIER-SPECIFIC LATENCIES (Total = Host + Device) ###
  CPU Read P95 (Total): 304.80 ms
  CPU Write P95 (Total): 322.19 ms
  Storage Read P95 (Total): 3138.96 ms
  Storage Write P95 (Total): 5338.60 ms

### STORAGE TIER LATENCY BREAKDOWN (Device = Disk I/O, Host = Serialization) ###
  Storage Read:
    - Device P95 (Disk I/O): 2104.27 ms
    - Host P95 (Serialization): 1086.34 ms
    - Total P95: 3138.96 ms
  Storage Write:
    - Device P95 (Disk I/O): 10.89 ms
    - Host P95 (Serialization): 5331.71 ms
    - Total P95: 5338.60 ms

### CACHE TYPE BREAKDOWNS ###
  System Prompt Hits: 230
  Common Phrase Hits: 0
  User Cache Hits: 1140
  Multi-turn Hits: 14

### PREFIX CACHING ###
  Prefix Hits: 54
  Prefix Misses: 244
  System Prompt Reuse: 54
  Bytes Saved: 0.11GiB

### MULTI-TURN CONVERSATIONS ###
  Multi-turn Cache Hits: 14
  Multi-turn Cache Misses: 232
  Multi-turn Hit Rate: 5.7%

================================================================================
NOTES:
  - Pure storage I/O benchmark (no generation simulation)
================================================================================

================================================================================
BENCHMARK RESULTS - MLPerf KV Cache Storage Benchmark
Generation Mode: none (0.0ms/token)
================================================================================

IMPORTANT: All storage latencies below are measured per KV cache BLOCK,
not per token or per disk page.  Each block holds the full KV state for
one request (all layers, all heads, full sequence length).
  Model KV bytes/token: 327,680 bytes (320.0KiB)
  Entries in cache: 312
  Block size min:   60.0MiB
  Block size mean:  1190.2MiB
  Block size P95:   3971.5MiB
  Block size max:   6785.6MiB
  A 200MiB block at 1GiB/s NVMe read = ~200 ms device latency.
  Compare latencies against block sizes, not against 4KiB page I/O.


### OVERALL PERFORMANCE ###
Requests Completed: 305
Total Tokens Generated: 41571
Throughput (wall-clock): 692.84 tokens/sec
Throughput (storage I/O): 24.64 tokens/sec
Requests/sec: 5.08

### END-TO-END LATENCY (Queue Wait + Storage I/O + Generation) ###
  Mean: 92758.84 ms
  P50:  83073.29 ms
  P95:  192292.90 ms
  P99:  201668.37 ms

### PER-REQUEST STORAGE LATENCY (All I/O ops for one request) ###
  Mean: 5531.04 ms
  P50:  1253.85 ms
  P95:  22788.58 ms
  P99:  34581.64 ms
  (= 1 prefill write + N decode reads per request)

### STORAGE PERFORMANCE ###
  Cache Hit Rate: 85.3%
  Total Read: 1692.52GiB
  Total Write: 362.65GiB
  Read/Write Ratio: 4.67
  Storage KV Read Operations/sec: 26.25
  Storage KV Write Operations/sec: 5.20

### CACHE TIER DISTRIBUTION ###
  GPU Entries: 0 (0.00GiB)
  CPU Entries: 3 (0.24GiB)
  Storage Entries: 309

### TIER-SPECIFIC KV BYTES ###
  CPU KV Bytes Written: 78.70GiB
  CPU KV Bytes Read: 405.82GiB
  Storage KV Bytes Written: 361.45GiB
  Storage KV Bytes Read: 1364.20GiB

### STORAGE KV BANDWIDTH ###
  CPU KV Read Bandwidth: 6.76GiB/s
  CPU KV Write Bandwidth: 1.31GiB/s
  Storage KV Read Bandwidth: 22.74GiB/s
  Storage KV Write Bandwidth: 6.02GiB/s

### TIER-SPECIFIC LATENCIES (Total = Host + Device) ###
  CPU Read P95 (Total): 341.10 ms
  CPU Write P95 (Total): 365.62 ms
  Storage Read P95 (Total): 2926.18 ms
  Storage Write P95 (Total): 4293.36 ms

### STORAGE TIER LATENCY BREAKDOWN (Device = Disk I/O, Host = Serialization) ###
  Storage Read:
    - Device P95 (Disk I/O): 1923.15 ms
    - Host P95 (Serialization): 1004.57 ms
    - Total P95: 2926.18 ms
  Storage Write:
    - Device P95 (Disk I/O): 11.88 ms
    - Host P95 (Serialization): 4289.93 ms
    - Total P95: 4293.36 ms

### CACHE TYPE BREAKDOWNS ###
  System Prompt Hits: 335
  Common Phrase Hits: 0
  User Cache Hits: 1233
  Multi-turn Hits: 7

### PREFIX CACHING ###
  Prefix Hits: 69
  Prefix Misses: 244
  System Prompt Reuse: 69
  Bytes Saved: 0.14GiB

### MULTI-TURN CONVERSATIONS ###
  Multi-turn Cache Hits: 7
  Multi-turn Cache Misses: 203
  Multi-turn Hit Rate: 3.3%

================================================================================
NOTES:
  - Pure storage I/O benchmark (no generation simulation)
================================================================================

================================================================================
BENCHMARK RESULTS - MLPerf KV Cache Storage Benchmark
Generation Mode: none (0.0ms/token)
================================================================================

IMPORTANT: All storage latencies below are measured per KV cache BLOCK,
not per token or per disk page.  Each block holds the full KV state for
one request (all layers, all heads, full sequence length).
  Model KV bytes/token: 327,680 bytes (320.0KiB)
  Entries in cache: 303
  Block size min:   55.0MiB
  Block size mean:  1316.4MiB
  Block size P95:   4392.3MiB
  Block size max:   7489.4MiB
  A 200MiB block at 1GiB/s NVMe read = ~200 ms device latency.
  Compare latencies against block sizes, not against 4KiB page I/O.


### OVERALL PERFORMANCE ###
Requests Completed: 298
Total Tokens Generated: 37621
Throughput (wall-clock): 627.01 tokens/sec
Throughput (storage I/O): 26.37 tokens/sec
Requests/sec: 4.97

### END-TO-END LATENCY (Queue Wait + Storage I/O + Generation) ###
  Mean: 96277.84 ms
  P50:  89474.21 ms
  P95:  200518.18 ms
  P99:  207909.61 ms

### PER-REQUEST STORAGE LATENCY (All I/O ops for one request) ###
  Mean: 4786.60 ms
  P50:  1233.02 ms
  P95:  24147.49 ms
  P99:  34391.71 ms
  (= 1 prefill write + N decode reads per request)

### STORAGE PERFORMANCE ###
  Cache Hit Rate: 85.4%
  Total Read: 1417.68GiB
  Total Write: 389.53GiB
  Read/Write Ratio: 3.64
  Storage KV Read Operations/sec: 22.47
  Storage KV Write Operations/sec: 5.05

### CACHE TIER DISTRIBUTION ###
  GPU Entries: 0 (0.00GiB)
  CPU Entries: 3 (0.70GiB)
  Storage Entries: 300

### TIER-SPECIFIC KV BYTES ###
  CPU KV Bytes Written: 81.26GiB
  CPU KV Bytes Read: 420.37GiB
  Storage KV Bytes Written: 388.12GiB
  Storage KV Bytes Read: 1077.16GiB

### STORAGE KV BANDWIDTH ###
  CPU KV Read Bandwidth: 7.01GiB/s
  CPU KV Write Bandwidth: 1.35GiB/s
  Storage KV Read Bandwidth: 17.95GiB/s
  Storage KV Write Bandwidth: 6.47GiB/s

### TIER-SPECIFIC LATENCIES (Total = Host + Device) ###
  CPU Read P95 (Total): 323.18 ms
  CPU Write P95 (Total): 402.27 ms
  Storage Read P95 (Total): 3564.90 ms
  Storage Write P95 (Total): 4799.64 ms

### STORAGE TIER LATENCY BREAKDOWN (Device = Disk I/O, Host = Serialization) ###
  Storage Read:
    - Device P95 (Disk I/O): 2316.61 ms
    - Host P95 (Serialization): 1141.72 ms
    - Total P95: 3564.90 ms
  Storage Write:
    - Device P95 (Disk I/O): 11.35 ms
    - Host P95 (Serialization): 4793.79 ms
    - Total P95: 4799.64 ms

### CACHE TYPE BREAKDOWNS ###
  System Prompt Hits: 288
  Common Phrase Hits: 0
  User Cache Hits: 1057
  Multi-turn Hits: 3

### PREFIX CACHING ###
  Prefix Hits: 62
  Prefix Misses: 241
  System Prompt Reuse: 62
  Bytes Saved: 0.12GiB

### MULTI-TURN CONVERSATIONS ###
  Multi-turn Cache Hits: 3
  Multi-turn Cache Misses: 169
  Multi-turn Hit Rate: 1.7%

================================================================================
NOTES:
  - Pure storage I/O benchmark (no generation simulation)
================================================================================

================================================================================
BENCHMARK RESULTS - MLPerf KV Cache Storage Benchmark
Generation Mode: none (0.0ms/token)
================================================================================

IMPORTANT: All storage latencies below are measured per KV cache BLOCK,
not per token or per disk page.  Each block holds the full KV state for
one request (all layers, all heads, full sequence length).
  Model KV bytes/token: 327,680 bytes (320.0KiB)
  Entries in cache: 318
  Block size min:   47.5MiB
  Block size mean:  1193.3MiB
  Block size P95:   4629.2MiB
  Block size max:   7284.4MiB
  A 200MiB block at 1GiB/s NVMe read = ~200 ms device latency.
  Compare latencies against block sizes, not against 4KiB page I/O.


### OVERALL PERFORMANCE ###
Requests Completed: 315
Total Tokens Generated: 41518
Throughput (wall-clock): 691.95 tokens/sec
Throughput (storage I/O): 29.67 tokens/sec
Requests/sec: 5.25

### END-TO-END LATENCY (Queue Wait + Storage I/O + Generation) ###
  Mean: 94090.60 ms
  P50:  87781.15 ms
  P95:  201819.78 ms
  P99:  208488.85 ms

### PER-REQUEST STORAGE LATENCY (All I/O ops for one request) ###
  Mean: 4442.03 ms
  P50:  1187.62 ms
  P95:  21157.60 ms
  P99:  30727.33 ms
  (= 1 prefill write + N decode reads per request)

### STORAGE PERFORMANCE ###
  Cache Hit Rate: 89.0%
  Total Read: 1414.88GiB
  Total Write: 370.59GiB
  Read/Write Ratio: 3.82
  Storage KV Read Operations/sec: 25.17
  Storage KV Write Operations/sec: 5.30

### CACHE TIER DISTRIBUTION ###
  GPU Entries: 0 (0.00GiB)
  CPU Entries: 3 (0.41GiB)
  Storage Entries: 315

### TIER-SPECIFIC KV BYTES ###
  CPU KV Bytes Written: 78.87GiB
  CPU KV Bytes Read: 420.30GiB
  Storage KV Bytes Written: 369.56GiB
  Storage KV Bytes Read: 1072.41GiB

### STORAGE KV BANDWIDTH ###
  CPU KV Read Bandwidth: 7.00GiB/s
  CPU KV Write Bandwidth: 1.31GiB/s
  Storage KV Read Bandwidth: 17.87GiB/s
  Storage KV Write Bandwidth: 6.16GiB/s

### TIER-SPECIFIC LATENCIES (Total = Host + Device) ###
  CPU Read P95 (Total): 314.40 ms
  CPU Write P95 (Total): 369.97 ms
  Storage Read P95 (Total): 2713.05 ms
  Storage Write P95 (Total): 6548.99 ms

### STORAGE TIER LATENCY BREAKDOWN (Device = Disk I/O, Host = Serialization) ###
  Storage Read:
    - Device P95 (Disk I/O): 1740.01 ms
    - Host P95 (Serialization): 1060.62 ms
    - Total P95: 2713.05 ms
  Storage Write:
    - Device P95 (Disk I/O): 11.21 ms
    - Host P95 (Serialization): 6541.77 ms
    - Total P95: 6548.99 ms

### CACHE TYPE BREAKDOWNS ###
  System Prompt Hits: 308
  Common Phrase Hits: 0
  User Cache Hits: 1200
  Multi-turn Hits: 2

### PREFIX CACHING ###
  Prefix Hits: 66
  Prefix Misses: 252
  System Prompt Reuse: 66
  Bytes Saved: 0.14GiB

### MULTI-TURN CONVERSATIONS ###
  Multi-turn Cache Hits: 2
  Multi-turn Cache Misses: 121
  Multi-turn Hit Rate: 1.6%

================================================================================
NOTES:
  - Pure storage I/O benchmark (no generation simulation)
================================================================================

================================================================================
BENCHMARK RESULTS - MLPerf KV Cache Storage Benchmark
Generation Mode: none (0.0ms/token)
================================================================================

IMPORTANT: All storage latencies below are measured per KV cache BLOCK,
not per token or per disk page.  Each block holds the full KV state for
one request (all layers, all heads, full sequence length).
  Model KV bytes/token: 327,680 bytes (320.0KiB)
  Entries in cache: 302
  Block size min:   80.9MiB
  Block size mean:  1150.4MiB
  Block size P95:   3773.2MiB
  Block size max:   7376.2MiB
  A 200MiB block at 1GiB/s NVMe read = ~200 ms device latency.
  Compare latencies against block sizes, not against 4KiB page I/O.


### OVERALL PERFORMANCE ###
Requests Completed: 295
Total Tokens Generated: 43436
Throughput (wall-clock): 723.91 tokens/sec
Throughput (storage I/O): 25.17 tokens/sec
Requests/sec: 4.92

### END-TO-END LATENCY (Queue Wait + Storage I/O + Generation) ###
  Mean: 94560.38 ms
  P50:  86952.64 ms
  P95:  194305.00 ms
  P99:  202409.51 ms

### PER-REQUEST STORAGE LATENCY (All I/O ops for one request) ###
  Mean: 5849.00 ms
  P50:  1108.90 ms
  P95:  26833.05 ms
  P99:  47120.17 ms
  (= 1 prefill write + N decode reads per request)

### STORAGE PERFORMANCE ###
  Cache Hit Rate: 87.9%
  Total Read: 1724.71GiB
  Total Write: 339.27GiB
  Read/Write Ratio: 5.08
  Storage KV Read Operations/sec: 26.15
  Storage KV Write Operations/sec: 5.03

### CACHE TIER DISTRIBUTION ###
  GPU Entries: 0 (0.00GiB)
  CPU Entries: 2 (0.60GiB)
  Storage Entries: 300

### TIER-SPECIFIC KV BYTES ###
  CPU KV Bytes Written: 78.14GiB
  CPU KV Bytes Read: 388.29GiB
  Storage KV Bytes Written: 338.67GiB
  Storage KV Bytes Read: 1413.96GiB

### STORAGE KV BANDWIDTH ###
  CPU KV Read Bandwidth: 6.47GiB/s
  CPU KV Write Bandwidth: 1.30GiB/s
  Storage KV Read Bandwidth: 23.57GiB/s
  Storage KV Write Bandwidth: 5.64GiB/s

### TIER-SPECIFIC LATENCIES (Total = Host + Device) ###
  CPU Read P95 (Total): 266.03 ms
  CPU Write P95 (Total): 332.64 ms
  Storage Read P95 (Total): 3764.06 ms
  Storage Write P95 (Total): 5329.98 ms

### STORAGE TIER LATENCY BREAKDOWN (Device = Disk I/O, Host = Serialization) ###
  Storage Read:
    - Device P95 (Disk I/O): 2840.50 ms
    - Host P95 (Serialization): 937.02 ms
    - Total P95: 3764.06 ms
  Storage Write:
    - Device P95 (Disk I/O): 8.82 ms
    - Host P95 (Serialization): 5323.72 ms
    - Total P95: 5329.98 ms

### CACHE TYPE BREAKDOWNS ###
  System Prompt Hits: 324
  Common Phrase Hits: 0
  User Cache Hits: 1239
  Multi-turn Hits: 6

### PREFIX CACHING ###
  Prefix Hits: 57
  Prefix Misses: 245
  System Prompt Reuse: 57
  Bytes Saved: 0.11GiB

### MULTI-TURN CONVERSATIONS ###
  Multi-turn Cache Hits: 6
  Multi-turn Cache Misses: 158
  Multi-turn Hit Rate: 3.7%

================================================================================
NOTES:
  - Pure storage I/O benchmark (no generation simulation)
================================================================================

================================================================================
BENCHMARK RESULTS - MLPerf KV Cache Storage Benchmark
Generation Mode: none (0.0ms/token)
================================================================================

IMPORTANT: All storage latencies below are measured per KV cache BLOCK,
not per token or per disk page.  Each block holds the full KV state for
one request (all layers, all heads, full sequence length).
  Model KV bytes/token: 327,680 bytes (320.0KiB)
  Entries in cache: 320
  Block size min:   56.9MiB
  Block size mean:  1065.4MiB
  Block size P95:   3913.7MiB
  Block size max:   7004.1MiB
  A 200MiB block at 1GiB/s NVMe read = ~200 ms device latency.
  Compare latencies against block sizes, not against 4KiB page I/O.


### OVERALL PERFORMANCE ###
Requests Completed: 301
Total Tokens Generated: 38186
Throughput (wall-clock): 636.43 tokens/sec
Throughput (storage I/O): 36.42 tokens/sec
Requests/sec: 5.02

### END-TO-END LATENCY (Queue Wait + Storage I/O + Generation) ###
  Mean: 87570.56 ms
  P50:  82447.27 ms
  P95:  194962.97 ms
  P99:  206283.62 ms

### PER-REQUEST STORAGE LATENCY (All I/O ops for one request) ###
  Mean: 3483.33 ms
  P50:  698.98 ms
  P95:  15612.79 ms
  P99:  28419.78 ms
  (= 1 prefill write + N decode reads per request)

### STORAGE PERFORMANCE ###
  Cache Hit Rate: 84.9%
  Total Read: 1209.67GiB
  Total Write: 339.03GiB
  Read/Write Ratio: 3.57
  Storage KV Read Operations/sec: 24.68
  Storage KV Write Operations/sec: 5.35

### CACHE TIER DISTRIBUTION ###
  GPU Entries: 0 (0.00GiB)
  CPU Entries: 1 (0.53GiB)
  Storage Entries: 319

### TIER-SPECIFIC KV BYTES ###
  CPU KV Bytes Written: 78.77GiB
  CPU KV Bytes Read: 423.67GiB
  Storage KV Bytes Written: 332.41GiB
  Storage KV Bytes Read: 864.23GiB

### STORAGE KV BANDWIDTH ###
  CPU KV Read Bandwidth: 7.06GiB/s
  CPU KV Write Bandwidth: 1.31GiB/s
  Storage KV Read Bandwidth: 14.40GiB/s
  Storage KV Write Bandwidth: 5.54GiB/s

### TIER-SPECIFIC LATENCIES (Total = Host + Device) ###
  CPU Read P95 (Total): 336.77 ms
  CPU Write P95 (Total): 355.70 ms
  Storage Read P95 (Total): 10967.57 ms
  Storage Write P95 (Total): 6097.06 ms

### STORAGE TIER LATENCY BREAKDOWN (Device = Disk I/O, Host = Serialization) ###
  Storage Read:
    - Device P95 (Disk I/O): 10812.15 ms
    - Host P95 (Serialization): 1008.63 ms
    - Total P95: 10967.57 ms
  Storage Write:
    - Device P95 (Disk I/O): 10.55 ms
    - Host P95 (Serialization): 6092.52 ms
    - Total P95: 6097.06 ms

### CACHE TYPE BREAKDOWNS ###
  System Prompt Hits: 266
  Common Phrase Hits: 0
  User Cache Hits: 1204
  Multi-turn Hits: 11

### PREFIX CACHING ###
  Prefix Hits: 57
  Prefix Misses: 264
  System Prompt Reuse: 57
  Bytes Saved: 0.10GiB

### MULTI-TURN CONVERSATIONS ###
  Multi-turn Cache Hits: 11
  Multi-turn Cache Misses: 206
  Multi-turn Hit Rate: 5.1%

================================================================================
NOTES:
  - Pure storage I/O benchmark (no generation simulation)
================================================================================

================================================================================
BENCHMARK RESULTS - MLPerf KV Cache Storage Benchmark
Generation Mode: none (0.0ms/token)
================================================================================

IMPORTANT: All storage latencies below are measured per KV cache BLOCK,
not per token or per disk page.  Each block holds the full KV state for
one request (all layers, all heads, full sequence length).
  Model KV bytes/token: 327,680 bytes (320.0KiB)
  Entries in cache: 309
  Block size min:   71.9MiB
  Block size mean:  1285.7MiB
  Block size P95:   4625.6MiB
  Block size max:   7199.1MiB
  A 200MiB block at 1GiB/s NVMe read = ~200 ms device latency.
  Compare latencies against block sizes, not against 4KiB page I/O.


### OVERALL PERFORMANCE ###
Requests Completed: 294
Total Tokens Generated: 34768
Throughput (wall-clock): 579.45 tokens/sec
Throughput (storage I/O): 29.76 tokens/sec
Requests/sec: 4.90

### END-TO-END LATENCY (Queue Wait + Storage I/O + Generation) ###
  Mean: 91608.59 ms
  P50:  82613.03 ms
  P95:  194987.42 ms
  P99:  210301.41 ms

### PER-REQUEST STORAGE LATENCY (All I/O ops for one request) ###
  Mean: 3973.98 ms
  P50:  949.15 ms
  P95:  16172.71 ms
  P99:  38850.33 ms
  (= 1 prefill write + N decode reads per request)

### STORAGE PERFORMANCE ###
  Cache Hit Rate: 84.3%
  Total Read: 1159.97GiB
  Total Write: 395.15GiB
  Read/Write Ratio: 2.94
  Storage KV Read Operations/sec: 21.13
  Storage KV Write Operations/sec: 5.18

### CACHE TIER DISTRIBUTION ###
  GPU Entries: 0 (0.00GiB)
  CPU Entries: 4 (0.72GiB)
  Storage Entries: 305

### TIER-SPECIFIC KV BYTES ###
  CPU KV Bytes Written: 82.93GiB
  CPU KV Bytes Read: 420.45GiB
  Storage KV Bytes Written: 386.79GiB
  Storage KV Bytes Read: 821.29GiB

### STORAGE KV BANDWIDTH ###
  CPU KV Read Bandwidth: 7.01GiB/s
  CPU KV Write Bandwidth: 1.38GiB/s
  Storage KV Read Bandwidth: 13.69GiB/s
  Storage KV Write Bandwidth: 6.45GiB/s

### TIER-SPECIFIC LATENCIES (Total = Host + Device) ###
  CPU Read P95 (Total): 297.08 ms
  CPU Write P95 (Total): 342.56 ms
  Storage Read P95 (Total): 8876.84 ms
  Storage Write P95 (Total): 6998.18 ms

### STORAGE TIER LATENCY BREAKDOWN (Device = Disk I/O, Host = Serialization) ###
  Storage Read:
    - Device P95 (Disk I/O): 8628.11 ms
    - Host P95 (Serialization): 1174.39 ms
    - Total P95: 8876.84 ms
  Storage Write:
    - Device P95 (Disk I/O): 9.81 ms
    - Host P95 (Serialization): 6992.58 ms
    - Total P95: 6998.18 ms

### CACHE TYPE BREAKDOWNS ###
  System Prompt Hits: 173
  Common Phrase Hits: 0
  User Cache Hits: 1078
  Multi-turn Hits: 17

### PREFIX CACHING ###
  Prefix Hits: 51
  Prefix Misses: 260
  System Prompt Reuse: 51
  Bytes Saved: 0.11GiB

### MULTI-TURN CONVERSATIONS ###
  Multi-turn Cache Hits: 17
  Multi-turn Cache Misses: 185
  Multi-turn Hit Rate: 8.4%

================================================================================
NOTES:
  - Pure storage I/O benchmark (no generation simulation)
================================================================================

================================================================================
BENCHMARK RESULTS - MLPerf KV Cache Storage Benchmark
Generation Mode: none (0.0ms/token)
================================================================================

IMPORTANT: All storage latencies below are measured per KV cache BLOCK,
not per token or per disk page.  Each block holds the full KV state for
one request (all layers, all heads, full sequence length).
  Model KV bytes/token: 327,680 bytes (320.0KiB)
  Entries in cache: 320
  Block size min:   60.6MiB
  Block size mean:  1189.9MiB
  Block size P95:   4460.7MiB
  Block size max:   7217.8MiB
  A 200MiB block at 1GiB/s NVMe read = ~200 ms device latency.
  Compare latencies against block sizes, not against 4KiB page I/O.


### OVERALL PERFORMANCE ###
Requests Completed: 311
Total Tokens Generated: 42374
Throughput (wall-clock): 706.22 tokens/sec
Throughput (storage I/O): 26.85 tokens/sec
Requests/sec: 5.18

### END-TO-END LATENCY (Queue Wait + Storage I/O + Generation) ###
  Mean: 93533.93 ms
  P50:  87632.14 ms
  P95:  201450.34 ms
  P99:  209348.77 ms

### PER-REQUEST STORAGE LATENCY (All I/O ops for one request) ###
  Mean: 5073.73 ms
  P50:  1173.10 ms
  P95:  25644.72 ms
  P99:  43991.65 ms
  (= 1 prefill write + N decode reads per request)

### STORAGE PERFORMANCE ###
  Cache Hit Rate: 87.1%
  Total Read: 1708.23GiB
  Total Write: 371.85GiB
  Read/Write Ratio: 4.59
  Storage KV Read Operations/sec: 27.42
  Storage KV Write Operations/sec: 5.33

### CACHE TIER DISTRIBUTION ###
  GPU Entries: 0 (0.00GiB)
  CPU Entries: 4 (0.75GiB)
  Storage Entries: 316

### TIER-SPECIFIC KV BYTES ###
  CPU KV Bytes Written: 87.73GiB
  CPU KV Bytes Read: 499.31GiB
  Storage KV Bytes Written: 370.59GiB
  Storage KV Bytes Read: 1295.39GiB

### STORAGE KV BANDWIDTH ###
  CPU KV Read Bandwidth: 8.32GiB/s
  CPU KV Write Bandwidth: 1.46GiB/s
  Storage KV Read Bandwidth: 21.59GiB/s
  Storage KV Write Bandwidth: 6.18GiB/s

### TIER-SPECIFIC LATENCIES (Total = Host + Device) ###
  CPU Read P95 (Total): 322.33 ms
  CPU Write P95 (Total): 353.23 ms
  Storage Read P95 (Total): 3649.61 ms
  Storage Write P95 (Total): 5112.05 ms

### STORAGE TIER LATENCY BREAKDOWN (Device = Disk I/O, Host = Serialization) ###
  Storage Read:
    - Device P95 (Disk I/O): 2316.92 ms
    - Host P95 (Serialization): 1250.26 ms
    - Total P95: 3649.61 ms
  Storage Write:
    - Device P95 (Disk I/O): 10.45 ms
    - Host P95 (Serialization): 5108.24 ms
    - Total P95: 5112.05 ms

### CACHE TYPE BREAKDOWNS ###
  System Prompt Hits: 278
  Common Phrase Hits: 0
  User Cache Hits: 1364
  Multi-turn Hits: 3

### PREFIX CACHING ###
  Prefix Hits: 52
  Prefix Misses: 268
  System Prompt Reuse: 52
  Bytes Saved: 0.10GiB

### MULTI-TURN CONVERSATIONS ###
  Multi-turn Cache Hits: 3
  Multi-turn Cache Misses: 192
  Multi-turn Hit Rate: 1.5%

================================================================================
NOTES:
  - Pure storage I/O benchmark (no generation simulation)
================================================================================

================================================================================
BENCHMARK RESULTS - MLPerf KV Cache Storage Benchmark
Generation Mode: none (0.0ms/token)
================================================================================

IMPORTANT: All storage latencies below are measured per KV cache BLOCK,
not per token or per disk page.  Each block holds the full KV state for
one request (all layers, all heads, full sequence length).
  Model KV bytes/token: 327,680 bytes (320.0KiB)
  Entries in cache: 299
  Block size min:   44.1MiB
  Block size mean:  1351.5MiB
  Block size P95:   4305.8MiB
  Block size max:   7408.4MiB
  A 200MiB block at 1GiB/s NVMe read = ~200 ms device latency.
  Compare latencies against block sizes, not against 4KiB page I/O.


### OVERALL PERFORMANCE ###
Requests Completed: 274
Total Tokens Generated: 41055
Throughput (wall-clock): 684.19 tokens/sec
Throughput (storage I/O): 25.62 tokens/sec
Requests/sec: 4.57

### END-TO-END LATENCY (Queue Wait + Storage I/O + Generation) ###
  Mean: 93940.89 ms
  P50:  90741.48 ms
  P95:  195630.42 ms
  P99:  207267.33 ms

### PER-REQUEST STORAGE LATENCY (All I/O ops for one request) ###
  Mean: 5849.41 ms
  P50:  1256.40 ms
  P95:  25699.41 ms
  P99:  42955.90 ms
  (= 1 prefill write + N decode reads per request)

### STORAGE PERFORMANCE ###
  Cache Hit Rate: 87.1%
  Total Read: 1617.51GiB
  Total Write: 394.62GiB
  Read/Write Ratio: 4.10
  Storage KV Read Operations/sec: 24.75
  Storage KV Write Operations/sec: 4.98

### CACHE TIER DISTRIBUTION ###
  GPU Entries: 0 (0.00GiB)
  CPU Entries: 3 (0.57GiB)
  Storage Entries: 296

### TIER-SPECIFIC KV BYTES ###
  CPU KV Bytes Written: 64.26GiB
  CPU KV Bytes Read: 351.51GiB
  Storage KV Bytes Written: 393.08GiB
  Storage KV Bytes Read: 1328.73GiB

### STORAGE KV BANDWIDTH ###
  CPU KV Read Bandwidth: 5.86GiB/s
  CPU KV Write Bandwidth: 1.07GiB/s
  Storage KV Read Bandwidth: 22.14GiB/s
  Storage KV Write Bandwidth: 6.55GiB/s

### TIER-SPECIFIC LATENCIES (Total = Host + Device) ###
  CPU Read P95 (Total): 316.11 ms
  CPU Write P95 (Total): 320.20 ms
  Storage Read P95 (Total): 8186.42 ms
  Storage Write P95 (Total): 5242.25 ms

### STORAGE TIER LATENCY BREAKDOWN (Device = Disk I/O, Host = Serialization) ###
  Storage Read:
    - Device P95 (Disk I/O): 7700.06 ms
    - Host P95 (Serialization): 1165.95 ms
    - Total P95: 8186.42 ms
  Storage Write:
    - Device P95 (Disk I/O): 9.44 ms
    - Host P95 (Serialization): 5237.18 ms
    - Total P95: 5242.25 ms

### CACHE TYPE BREAKDOWNS ###
  System Prompt Hits: 300
  Common Phrase Hits: 0
  User Cache Hits: 1179
  Multi-turn Hits: 6

### PREFIX CACHING ###
  Prefix Hits: 63
  Prefix Misses: 237
  System Prompt Reuse: 63
  Bytes Saved: 0.14GiB

### MULTI-TURN CONVERSATIONS ###
  Multi-turn Cache Hits: 6
  Multi-turn Cache Misses: 156
  Multi-turn Hit Rate: 3.7%

================================================================================
NOTES:
  - Pure storage I/O benchmark (no generation simulation)
================================================================================

================================================================================
BENCHMARK RESULTS - MLPerf KV Cache Storage Benchmark
Generation Mode: none (0.0ms/token)
================================================================================

IMPORTANT: All storage latencies below are measured per KV cache BLOCK,
not per token or per disk page.  Each block holds the full KV state for
one request (all layers, all heads, full sequence length).
  Model KV bytes/token: 327,680 bytes (320.0KiB)
  Entries in cache: 319
  Block size min:   58.8MiB
  Block size mean:  1134.2MiB
  Block size P95:   4192.0MiB
  Block size max:   7188.1MiB
  A 200MiB block at 1GiB/s NVMe read = ~200 ms device latency.
  Compare latencies against block sizes, not against 4KiB page I/O.


### OVERALL PERFORMANCE ###
Requests Completed: 301
Total Tokens Generated: 39700
Throughput (wall-clock): 661.66 tokens/sec
Throughput (storage I/O): 26.63 tokens/sec
Requests/sec: 5.02

### END-TO-END LATENCY (Queue Wait + Storage I/O + Generation) ###
  Mean: 86040.17 ms
  P50:  76483.00 ms
  P95:  174014.15 ms
  P99:  189554.48 ms

### PER-REQUEST STORAGE LATENCY (All I/O ops for one request) ###
  Mean: 4952.05 ms
  P50:  934.60 ms
  P95:  22629.69 ms
  P99:  39824.80 ms
  (= 1 prefill write + N decode reads per request)

### STORAGE PERFORMANCE ###
  Cache Hit Rate: 86.1%
  Total Read: 1480.51GiB
  Total Write: 353.33GiB
  Read/Write Ratio: 4.19
  Storage KV Read Operations/sec: 26.38
  Storage KV Write Operations/sec: 5.32

### CACHE TIER DISTRIBUTION ###
  GPU Entries: 0 (0.00GiB)
  CPU Entries: 3 (0.25GiB)
  Storage Entries: 316

### TIER-SPECIFIC KV BYTES ###
  CPU KV Bytes Written: 73.68GiB
  CPU KV Bytes Read: 395.26GiB
  Storage KV Bytes Written: 352.36GiB
  Storage KV Bytes Read: 1157.97GiB

### STORAGE KV BANDWIDTH ###
  CPU KV Read Bandwidth: 6.59GiB/s
  CPU KV Write Bandwidth: 1.23GiB/s
  Storage KV Read Bandwidth: 19.30GiB/s
  Storage KV Write Bandwidth: 5.87GiB/s

### TIER-SPECIFIC LATENCIES (Total = Host + Device) ###
KV Cache Wrapper - End delay for 90 seconds
  CPU Read P95 (Total): 301.11 ms
  CPU Write P95 (Total): 302.85 ms
  Storage Read P95 (Total): 6022.41 ms
  Storage Write P95 (Total): 5867.30 ms

### STORAGE TIER LATENCY BREAKDOWN (Device = Disk I/O, Host = Serialization) ###
  Storage Read:
    - Device P95 (Disk I/O): 5628.43 ms
    - Host P95 (Serialization): 1057.04 ms
    - Total P95: 6022.41 ms
  Storage Write:
    - Device P95 (Disk I/O): 9.94 ms
    - Host P95 (Serialization): 5862.48 ms
    - Total P95: 5867.30 ms

### CACHE TYPE BREAKDOWNS ###
  System Prompt Hits: 296
  Common Phrase Hits: 0
  User Cache Hits: 1282
  Multi-turn Hits: 5

### PREFIX CACHING ###
  Prefix Hits: 57
  Prefix Misses: 264
  System Prompt Reuse: 57
  Bytes Saved: 0.11GiB

### MULTI-TURN CONVERSATIONS ###
  Multi-turn Cache Hits: 5
  Multi-turn Cache Misses: 199
  Multi-turn Hit Rate: 2.5%

================================================================================
NOTES:
  - Pure storage I/O benchmark (no generation simulation)
================================================================================

================================================================================
BENCHMARK RESULTS - MLPerf KV Cache Storage Benchmark
Generation Mode: none (0.0ms/token)
================================================================================

IMPORTANT: All storage latencies below are measured per KV cache BLOCK,
not per token or per disk page.  Each block holds the full KV state for
one request (all layers, all heads, full sequence length).
  Model KV bytes/token: 327,680 bytes (320.0KiB)
  Entries in cache: 310
  Block size min:   89.7MiB
  Block size mean:  1114.0MiB
  Block size P95:   3509.7MiB
  Block size max:   7265.9MiB
  A 200MiB block at 1GiB/s NVMe read = ~200 ms device latency.
  Compare latencies against block sizes, not against 4KiB page I/O.


### OVERALL PERFORMANCE ###
Requests Completed: 276
Total Tokens Generated: 33335
Throughput (wall-clock): 555.57 tokens/sec
Throughput (storage I/O): 28.40 tokens/sec
Requests/sec: 4.60

### END-TO-END LATENCY (Queue Wait + Storage I/O + Generation) ###
  Mean: 82160.09 ms
  P50:  80894.47 ms
  P95:  170594.35 ms
  P99:  205928.41 ms

### PER-REQUEST STORAGE LATENCY (All I/O ops for one request) ###
  Mean: 4253.28 ms
  P50:  736.06 ms
  P95:  21173.48 ms
  P99:  30671.56 ms
  (= 1 prefill write + N decode reads per request)

### STORAGE PERFORMANCE ###
  Cache Hit Rate: 85.0%
  Total Read: 1238.38GiB
  Total Write: 337.24GiB
  Read/Write Ratio: 3.67
  Storage KV Read Operations/sec: 22.30
  Storage KV Write Operations/sec: 5.17

### CACHE TIER DISTRIBUTION ###
  GPU Entries: 0 (0.00GiB)
  CPU Entries: 1 (0.54GiB)
  Storage Entries: 309

### TIER-SPECIFIC KV BYTES ###
  CPU KV Bytes Written: 70.40GiB
  CPU KV Bytes Read: 363.10GiB
  Storage KV Bytes Written: 336.70GiB
  Storage KV Bytes Read: 945.14GiB

### STORAGE KV BANDWIDTH ###
  CPU KV Read Bandwidth: 6.05GiB/s
  CPU KV Write Bandwidth: 1.17GiB/s
  Storage KV Read Bandwidth: 15.75GiB/s
  Storage KV Write Bandwidth: 5.61GiB/s

### TIER-SPECIFIC LATENCIES (Total = Host + Device) ###
  CPU Read P95 (Total): 324.21 ms
  CPU Write P95 (Total): 339.56 ms
  Storage Read P95 (Total): 14851.45 ms
  Storage Write P95 (Total): 5380.29 ms

### STORAGE TIER LATENCY BREAKDOWN (Device = Disk I/O, Host = Serialization) ###
  Storage Read:
    - Device P95 (Disk I/O): 13216.35 ms
    - Host P95 (Serialization): 1229.78 ms
    - Total P95: 14851.45 ms
  Storage Write:
    - Device P95 (Disk I/O): 10.94 ms
    - Host P95 (Serialization): 5370.74 ms
    - Total P95: 5380.29 ms

### CACHE TYPE BREAKDOWNS ###
  System Prompt Hits: 258
  Common Phrase Hits: 0
  User Cache Hits: 1074
  Multi-turn Hits: 6

### PREFIX CACHING ###
  Prefix Hits: 55
  Prefix Misses: 255
  System Prompt Reuse: 55
  Bytes Saved: 0.11GiB

### MULTI-TURN CONVERSATIONS ###
  Multi-turn Cache Hits: 6
  Multi-turn Cache Misses: 181
  Multi-turn Hit Rate: 3.2%

================================================================================
NOTES:
  - Pure storage I/O benchmark (no generation simulation)
================================================================================

================================================================================
BENCHMARK RESULTS - MLPerf KV Cache Storage Benchmark
Generation Mode: none (0.0ms/token)
================================================================================

IMPORTANT: All storage latencies below are measured per KV cache BLOCK,
not per token or per disk page.  Each block holds the full KV state for
one request (all layers, all heads, full sequence length).
  Model KV bytes/token: 327,680 bytes (320.0KiB)
  Entries in cache: 313
  Block size min:   84.7MiB
  Block size mean:  1135.7MiB
  Block size P95:   4044.2MiB
  Block size max:   6308.8MiB
  A 200MiB block at 1GiB/s NVMe read = ~200 ms device latency.
  Compare latencies against block sizes, not against 4KiB page I/O.


### OVERALL PERFORMANCE ###
Requests Completed: 309
Total Tokens Generated: 41287
Throughput (wall-clock): 688.00 tokens/sec
Throughput (storage I/O): 31.33 tokens/sec
Requests/sec: 5.15

### END-TO-END LATENCY (Queue Wait + Storage I/O + Generation) ###
  Mean: 98178.74 ms
  P50:  94176.94 ms
  P95:  199461.48 ms
  P99:  206625.68 ms

### PER-REQUEST STORAGE LATENCY (All I/O ops for one request) ###
  Mean: 4264.85 ms
  P50:  1101.59 ms
  P95:  19580.02 ms
  P99:  42996.55 ms
  (= 1 prefill write + N decode reads per request)

### STORAGE PERFORMANCE ###
  Cache Hit Rate: 85.0%
  Total Read: 1356.03GiB
  Total Write: 354.09GiB
  Read/Write Ratio: 3.83
  Storage KV Read Operations/sec: 24.45
  Storage KV Write Operations/sec: 5.23

### CACHE TIER DISTRIBUTION ###
  GPU Entries: 0 (0.00GiB)
  CPU Entries: 2 (0.49GiB)
  Storage Entries: 311

### TIER-SPECIFIC KV BYTES ###
  CPU KV Bytes Written: 99.32GiB
  CPU KV Bytes Read: 507.88GiB
  Storage KV Bytes Written: 346.10GiB
  Storage KV Bytes Read: 946.44GiB

### STORAGE KV BANDWIDTH ###
  CPU KV Read Bandwidth: 8.46GiB/s
  CPU KV Write Bandwidth: 1.66GiB/s
  Storage KV Read Bandwidth: 15.77GiB/s
  Storage KV Write Bandwidth: 5.77GiB/s

### TIER-SPECIFIC LATENCIES (Total = Host + Device) ###
  CPU Read P95 (Total): 335.92 ms
  CPU Write P95 (Total): 432.13 ms
  Storage Read P95 (Total): 3544.76 ms
  Storage Write P95 (Total): 4670.51 ms

### STORAGE TIER LATENCY BREAKDOWN (Device = Disk I/O, Host = Serialization) ###
  Storage Read:
    - Device P95 (Disk I/O): 2079.18 ms
    - Host P95 (Serialization): 1223.04 ms
    - Total P95: 3544.76 ms
  Storage Write:
    - Device P95 (Disk I/O): 12.42 ms
    - Host P95 (Serialization): 4668.23 ms
    - Total P95: 4670.51 ms

### CACHE TYPE BREAKDOWNS ###
  System Prompt Hits: 324
  Common Phrase Hits: 0
  User Cache Hits: 1137
  Multi-turn Hits: 6

### PREFIX CACHING ###
  Prefix Hits: 73
  Prefix Misses: 241
  System Prompt Reuse: 73
  Bytes Saved: 0.14GiB

### MULTI-TURN CONVERSATIONS ###
  Multi-turn Cache Hits: 6
  Multi-turn Cache Misses: 186
  Multi-turn Hit Rate: 3.1%

================================================================================
NOTES:
  - Pure storage I/O benchmark (no generation simulation)
================================================================================
KV Cache Wrapper - End delay for 90 seconds
KV Cache Wrapper - End delay for 90 seconds
KV Cache Wrapper - End delay for 90 seconds

================================================================================
BENCHMARK RESULTS - MLPerf KV Cache Storage Benchmark
Generation Mode: none (0.0ms/token)
================================================================================

IMPORTANT: All storage latencies below are measured per KV cache BLOCK,
not per token or per disk page.  Each block holds the full KV state for
one request (all layers, all heads, full sequence length).
  Model KV bytes/token: 327,680 bytes (320.0KiB)
  Entries in cache: 304
  Block size min:   44.7MiB
  Block size mean:  1130.2MiB
  Block size P95:   3874.3MiB
  Block size max:   6722.8MiB
  A 200MiB block at 1GiB/s NVMe read = ~200 ms device latency.
  Compare latencies against block sizes, not against 4KiB page I/O.


### OVERALL PERFORMANCE ###
Requests Completed: 297
Total Tokens Generated: 36432
Throughput (wall-clock): 607.18 tokens/sec
Throughput (storage I/O): 29.72 tokens/sec
Requests/sec: 4.95

### END-TO-END LATENCY (Queue Wait + Storage I/O + Generation) ###
  Mean: 101137.10 ms
  P50:  97410.84 ms
  P95:  205347.76 ms
  P99:  210753.28 ms

### PER-REQUEST STORAGE LATENCY (All I/O ops for one request) ###
  Mean: 4127.46 ms
  P50:  893.56 ms
  P95:  19673.89 ms
  P99:  31170.60 ms
  (= 1 prefill write + N decode reads per request)

### STORAGE PERFORMANCE ###
  Cache Hit Rate: 84.0%
  Total Read: 1333.81GiB
  Total Write: 335.51GiB
  Read/Write Ratio: 3.98
  Storage KV Read Operations/sec: 23.18
  Storage KV Write Operations/sec: 5.07

### CACHE TIER DISTRIBUTION ###
  GPU Entries: 0 (0.00GiB)
  CPU Entries: 2 (0.22GiB)
  Storage Entries: 302

### TIER-SPECIFIC KV BYTES ###
  CPU KV Bytes Written: 90.68GiB
  CPU KV Bytes Read: 481.84GiB
  Storage KV Bytes Written: 335.29GiB
  Storage KV Bytes Read: 942.42GiB

### STORAGE KV BANDWIDTH ###
  CPU KV Read Bandwidth: 8.03GiB/s
  CPU KV Write Bandwidth: 1.51GiB/s
  Storage KV Read Bandwidth: 15.71GiB/s
  Storage KV Write Bandwidth: 5.59GiB/s

### TIER-SPECIFIC LATENCIES (Total = Host + Device) ###
  CPU Read P95 (Total): 277.27 ms
  CPU Write P95 (Total): 350.33 ms
  Storage Read P95 (Total): 5634.23 ms
  Storage Write P95 (Total): 6850.63 ms

### STORAGE TIER LATENCY BREAKDOWN (Device = Disk I/O, Host = Serialization) ###
  Storage Read:
    - Device P95 (Disk I/O): 4509.12 ms
    - Host P95 (Serialization): 1059.85 ms
    - Total P95: 5634.23 ms
  Storage Write:
    - Device P95 (Disk I/O): 9.54 ms
    - Host P95 (Serialization): 6849.68 ms
    - Total P95: 6850.63 ms

### CACHE TYPE BREAKDOWNS ###
  System Prompt Hits: 256
  Common Phrase Hits: 0
  User Cache Hits: 1133
  Multi-turn Hits: 2

### PREFIX CACHING ###
  Prefix Hits: 56
  Prefix Misses: 248
  System Prompt Reuse: 56
  Bytes Saved: 0.12GiB

### MULTI-TURN CONVERSATIONS ###
  Multi-turn Cache Hits: 2
  Multi-turn Cache Misses: 208
  Multi-turn Hit Rate: 1.0%

================================================================================
NOTES:
  - Pure storage I/O benchmark (no generation simulation)
================================================================================
KV Cache Wrapper - End delay for 90 seconds
KV Cache Wrapper - End delay for 90 seconds
KV Cache Wrapper - End delay for 90 seconds

================================================================================
BENCHMARK RESULTS - MLPerf KV Cache Storage Benchmark
Generation Mode: none (0.0ms/token)
================================================================================

IMPORTANT: All storage latencies below are measured per KV cache BLOCK,
not per token or per disk page.  Each block holds the full KV state for
one request (all layers, all heads, full sequence length).
  Model KV bytes/token: 327,680 bytes (320.0KiB)
  Entries in cache: 332
  Block size min:   46.9MiB
  Block size mean:  1116.7MiB
  Block size P95:   4183.8MiB
  Block size max:   6666.2MiB
  A 200MiB block at 1GiB/s NVMe read = ~200 ms device latency.
  Compare latencies against block sizes, not against 4KiB page I/O.


### OVERALL PERFORMANCE ###
Requests Completed: 332
Total Tokens Generated: 44742
Throughput (wall-clock): 744.95 tokens/sec
Throughput (storage I/O): 30.08 tokens/sec
Requests/sec: 5.53

### END-TO-END LATENCY (Queue Wait + Storage I/O + Generation) ###
  Mean: 95169.35 ms
  P50:  86313.74 ms
  P95:  209402.13 ms
  P99:  214412.96 ms

### PER-REQUEST STORAGE LATENCY (All I/O ops for one request) ###
  Mean: 4480.23 ms
  P50:  1042.91 ms
  P95:  22705.74 ms
  P99:  29278.48 ms
  (= 1 prefill write + N decode reads per request)

### STORAGE PERFORMANCE ###
  Cache Hit Rate: 84.3%
  Total Read: 1514.71GiB
  Total Write: 362.04GiB
  Read/Write Ratio: 4.18
  Storage KV Read Operations/sec: 26.62
  Storage KV Write Operations/sec: 5.53

### CACHE TIER DISTRIBUTION ###
  GPU Entries: 0 (0.00GiB)
  CPU Entries: 3 (0.66GiB)
  Storage Entries: 329

### TIER-SPECIFIC KV BYTES ###
  CPU KV Bytes Written: 94.01GiB
  CPU KV Bytes Read: 468.60GiB
  Storage KV Bytes Written: 360.17GiB
  Storage KV Bytes Read: 1138.25GiB

### STORAGE KV BANDWIDTH ###
  CPU KV Read Bandwidth: 7.80GiB/s
  CPU KV Write Bandwidth: 1.57GiB/s
  Storage KV Read Bandwidth: 18.95GiB/s
  Storage KV Write Bandwidth: 6.00GiB/s

### TIER-SPECIFIC LATENCIES (Total = Host + Device) ###
  CPU Read P95 (Total): 323.43 ms
  CPU Write P95 (Total): 356.48 ms
  Storage Read P95 (Total): 2875.46 ms
  Storage Write P95 (Total): 4878.95 ms

### STORAGE TIER LATENCY BREAKDOWN (Device = Disk I/O, Host = Serialization) ###
  Storage Read:
    - Device P95 (Disk I/O): 1773.87 ms
    - Host P95 (Serialization): 1024.92 ms
    - Total P95: 2875.46 ms
  Storage Write:
    - Device P95 (Disk I/O): 10.48 ms
    - Host P95 (Serialization): 4875.54 ms
    - Total P95: 4878.95 ms

### CACHE TYPE BREAKDOWNS ###
  System Prompt Hits: 300
  Common Phrase Hits: 0
  User Cache Hits: 1294
  Multi-turn Hits: 3

### PREFIX CACHING ###
  Prefix Hits: 60
  Prefix Misses: 272
  System Prompt Reuse: 60
  Bytes Saved: 0.12GiB

### MULTI-TURN CONVERSATIONS ###
  Multi-turn Cache Hits: 3
  Multi-turn Cache Misses: 238
  Multi-turn Hit Rate: 1.2%

================================================================================
NOTES:
  - Pure storage I/O benchmark (no generation simulation)
================================================================================

================================================================================
BENCHMARK RESULTS - MLPerf KV Cache Storage Benchmark
Generation Mode: none (0.0ms/token)
================================================================================

IMPORTANT: All storage latencies below are measured per KV cache BLOCK,
not per token or per disk page.  Each block holds the full KV state for
one request (all layers, all heads, full sequence length).
  Model KV bytes/token: 327,680 bytes (320.0KiB)
  Entries in cache: 305
  Block size min:   51.2MiB
  Block size mean:  1305.6MiB
  Block size P95:   4380.5MiB
  Block size max:   6290.0MiB
  A 200MiB block at 1GiB/s NVMe read = ~200 ms device latency.
  Compare latencies against block sizes, not against 4KiB page I/O.


### OVERALL PERFORMANCE ###
Requests Completed: 290
Total Tokens Generated: 34218
Throughput (wall-clock): 570.29 tokens/sec
Throughput (storage I/O): 27.29 tokens/sec
Requests/sec: 4.83

### END-TO-END LATENCY (Queue Wait + Storage I/O + Generation) ###
  Mean: 93788.86 ms
  P50:  89935.06 ms
  P95:  199239.50 ms
  P99:  212541.05 ms

### PER-REQUEST STORAGE LATENCY (All I/O ops for one request) ###
  Mean: 4324.00 ms
  P50:  1099.38 ms
  P95:  20511.29 ms
  P99:  31034.74 ms
  (= 1 prefill write + N decode reads per request)

### STORAGE PERFORMANCE ###
  Cache Hit Rate: 83.9%
  Total Read: 1170.05GiB
  Total Write: 388.87GiB
  Read/Write Ratio: 3.01
  Storage KV Read Operations/sec: 20.55
  Storage KV Write Operations/sec: 5.08

### CACHE TIER DISTRIBUTION ###
  GPU Entries: 0 (0.00GiB)
  CPU Entries: 3 (0.20GiB)
  Storage Entries: 302

### TIER-SPECIFIC KV BYTES ###
  CPU KV Bytes Written: 73.81GiB
  CPU KV Bytes Read: 373.81GiB
  Storage KV Bytes Written: 388.44GiB
  Storage KV Bytes Read: 869.61GiB

### STORAGE KV BANDWIDTH ###
  CPU KV Read Bandwidth: 6.23GiB/s
  CPU KV Write Bandwidth: 1.23GiB/s
  Storage KV Read Bandwidth: 14.49GiB/s
  Storage KV Write Bandwidth: 6.47GiB/s

### TIER-SPECIFIC LATENCIES (Total = Host + Device) ###
  CPU Read P95 (Total): 344.97 ms
  CPU Write P95 (Total): 387.33 ms
  Storage Read P95 (Total): 7777.07 ms
  Storage Write P95 (Total): 5978.95 ms

### STORAGE TIER LATENCY BREAKDOWN (Device = Disk I/O, Host = Serialization) ###
  Storage Read:
    - Device P95 (Disk I/O): 7626.36 ms
    - Host P95 (Serialization): 1076.90 ms
    - Total P95: 7777.07 ms
  Storage Write:
    - Device P95 (Disk I/O): 10.87 ms
    - Host P95 (Serialization): 5978.17 ms
    - Total P95: 5978.95 ms

### CACHE TYPE BREAKDOWNS ###
  System Prompt Hits: 267
  Common Phrase Hits: 0
  User Cache Hits: 964
  Multi-turn Hits: 2

### PREFIX CACHING ###
  Prefix Hits: 61
  Prefix Misses: 244
  System Prompt Reuse: 61
  Bytes Saved: 0.13GiB

### MULTI-TURN CONVERSATIONS ###
  Multi-turn Cache Hits: 2
  Multi-turn Cache Misses: 176
  Multi-turn Hit Rate: 1.1%

================================================================================
NOTES:
  - Pure storage I/O benchmark (no generation simulation)
================================================================================

================================================================================
BENCHMARK RESULTS - MLPerf KV Cache Storage Benchmark
Generation Mode: none (0.0ms/token)
================================================================================

IMPORTANT: All storage latencies below are measured per KV cache BLOCK,
not per token or per disk page.  Each block holds the full KV state for
one request (all layers, all heads, full sequence length).
  Model KV bytes/token: 327,680 bytes (320.0KiB)
  Entries in cache: 319
  Block size min:   44.1MiB
  Block size mean:  1015.9MiB
  Block size P95:   3569.4MiB
  Block size max:   5282.5MiB
  A 200MiB block at 1GiB/s NVMe read = ~200 ms device latency.
  Compare latencies against block sizes, not against 4KiB page I/O.


### OVERALL PERFORMANCE ###
Requests Completed: 315
Total Tokens Generated: 37663
Throughput (wall-clock): 627.71 tokens/sec
Throughput (storage I/O): 27.28 tokens/sec
Requests/sec: 5.25

### END-TO-END LATENCY (Queue Wait + Storage I/O + Generation) ###
  Mean: 93437.93 ms
  P50:  86629.19 ms
  P95:  197474.52 ms
  P99:  208790.67 ms

### PER-REQUEST STORAGE LATENCY (All I/O ops for one request) ###
  Mean: 4383.23 ms
  P50:  1086.08 ms
  P95:  20271.76 ms
  P99:  34906.41 ms
  (= 1 prefill write + N decode reads per request)

### STORAGE PERFORMANCE ###
  Cache Hit Rate: 85.0%
  Total Read: 1310.92GiB
  Total Write: 316.46GiB
  Read/Write Ratio: 4.14
  Storage KV Read Operations/sec: 23.88
  Storage KV Write Operations/sec: 5.32

### CACHE TIER DISTRIBUTION ###
  GPU Entries: 0 (0.00GiB)
  CPU Entries: 2 (0.43GiB)
  Storage Entries: 317

### TIER-SPECIFIC KV BYTES ###
  CPU KV Bytes Written: 91.99GiB
  CPU KV Bytes Read: 446.33GiB
  Storage KV Bytes Written: 315.55GiB
  Storage KV Bytes Read: 955.66GiB

### STORAGE KV BANDWIDTH ###
  CPU KV Read Bandwidth: 7.44GiB/s
  CPU KV Write Bandwidth: 1.53GiB/s
  Storage KV Read Bandwidth: 15.93GiB/s
  Storage KV Write Bandwidth: 5.26GiB/s

### TIER-SPECIFIC LATENCIES (Total = Host + Device) ###
  CPU Read P95 (Total): 320.19 ms
  CPU Write P95 (Total): 472.41 ms
  Storage Read P95 (Total): 3351.09 ms
  Storage Write P95 (Total): 5063.37 ms

### STORAGE TIER LATENCY BREAKDOWN (Device = Disk I/O, Host = Serialization) ###
  Storage Read:
    - Device P95 (Disk I/O): 2117.35 ms
    - Host P95 (Serialization): 1180.84 ms
    - Total P95: 3351.09 ms
  Storage Write:
    - Device P95 (Disk I/O): 11.44 ms
    - Host P95 (Serialization): 5060.33 ms
    - Total P95: 5063.37 ms

### CACHE TYPE BREAKDOWNS ###
  System Prompt Hits: 334
  Common Phrase Hits: 0
  User Cache Hits: 1088
  Multi-turn Hits: 11

### PREFIX CACHING ###
  Prefix Hits: 63
  Prefix Misses: 256
  System Prompt Reuse: 63
  Bytes Saved: 0.12GiB

### MULTI-TURN CONVERSATIONS ###
  Multi-turn Cache Hits: 11
  Multi-turn Cache Misses: 190
  Multi-turn Hit Rate: 5.5%

================================================================================
NOTES:
  - Pure storage I/O benchmark (no generation simulation)
================================================================================

================================================================================
BENCHMARK RESULTS - MLPerf KV Cache Storage Benchmark
Generation Mode: none (0.0ms/token)
================================================================================

IMPORTANT: All storage latencies below are measured per KV cache BLOCK,
not per token or per disk page.  Each block holds the full KV state for
one request (all layers, all heads, full sequence length).
  Model KV bytes/token: 327,680 bytes (320.0KiB)
  Entries in cache: 309
  Block size min:   62.5MiB
  Block size mean:  1234.4MiB
  Block size P95:   3808.4MiB
  Block size max:   6197.5MiB
  A 200MiB block at 1GiB/s NVMe read = ~200 ms device latency.
  Compare latencies against block sizes, not against 4KiB page I/O.


### OVERALL PERFORMANCE ###
Requests Completed: 287
Total Tokens Generated: 33688
Throughput (wall-clock): 561.45 tokens/sec
Throughput (storage I/O): 26.71 tokens/sec
Requests/sec: 4.78

### END-TO-END LATENCY (Queue Wait + Storage I/O + Generation) ###
  Mean: 90400.30 ms
  P50:  83328.34 ms
  P95:  197381.18 ms
  P99:  214450.70 ms

### PER-REQUEST STORAGE LATENCY (All I/O ops for one request) ###
  Mean: 4395.09 ms
  P50:  1045.68 ms
  P95:  22496.80 ms
  P99:  33407.65 ms
  (= 1 prefill write + N decode reads per request)

### STORAGE PERFORMANCE ###
  Cache Hit Rate: 84.0%
  Total Read: 1239.51GiB
  Total Write: 376.55GiB
  Read/Write Ratio: 3.29
  Storage KV Read Operations/sec: 21.45
  Storage KV Write Operations/sec: 5.17

### CACHE TIER DISTRIBUTION ###
  GPU Entries: 0 (0.00GiB)
  CPU Entries: 2 (0.57GiB)
  Storage Entries: 307

### TIER-SPECIFIC KV BYTES ###
  CPU KV Bytes Written: 78.94GiB
  CPU KV Bytes Read: 413.18GiB
  Storage KV Bytes Written: 371.48GiB
  Storage KV Bytes Read: 904.25GiB

### STORAGE KV BANDWIDTH ###
  CPU KV Read Bandwidth: 6.89GiB/s
  CPU KV Write Bandwidth: 1.32GiB/s
  Storage KV Read Bandwidth: 15.07GiB/s
  Storage KV Write Bandwidth: 6.19GiB/s

### TIER-SPECIFIC LATENCIES (Total = Host + Device) ###
  CPU Read P95 (Total): 324.68 ms
  CPU Write P95 (Total): 362.35 ms
  Storage Read P95 (Total): 14413.85 ms
  Storage Write P95 (Total): 5369.00 ms

### STORAGE TIER LATENCY BREAKDOWN (Device = Disk I/O, Host = Serialization) ###
  Storage Read:
    - Device P95 (Disk I/O): 14170.64 ms
    - Host P95 (Serialization): 1371.38 ms
    - Total P95: 14413.85 ms
  Storage Write:
    - Device P95 (Disk I/O): 11.08 ms
    - Host P95 (Serialization): 5367.04 ms
    - Total P95: 5369.00 ms

### CACHE TYPE BREAKDOWNS ###
  System Prompt Hits: 219
  Common Phrase Hits: 0
  User Cache Hits: 1063
  Multi-turn Hits: 5

### PREFIX CACHING ###
  Prefix Hits: 64
  Prefix Misses: 246
  System Prompt Reuse: 64
  Bytes Saved: 0.13GiB

### MULTI-TURN CONVERSATIONS ###
  Multi-turn Cache Hits: 5
  Multi-turn Cache Misses: 182
  Multi-turn Hit Rate: 2.7%

================================================================================
NOTES:
  - Pure storage I/O benchmark (no generation simulation)
================================================================================

================================================================================
BENCHMARK RESULTS - MLPerf KV Cache Storage Benchmark
Generation Mode: none (0.0ms/token)
================================================================================

IMPORTANT: All storage latencies below are measured per KV cache BLOCK,
not per token or per disk page.  Each block holds the full KV state for
one request (all layers, all heads, full sequence length).
  Model KV bytes/token: 327,680 bytes (320.0KiB)
  Entries in cache: 299
  Block size min:   74.4MiB
  Block size mean:  1307.2MiB
  Block size P95:   4113.5MiB
  Block size max:   7138.8MiB
  A 200MiB block at 1GiB/s NVMe read = ~200 ms device latency.
  Compare latencies against block sizes, not against 4KiB page I/O.


### OVERALL PERFORMANCE ###
Requests Completed: 268
Total Tokens Generated: 37911
Throughput (wall-clock): 631.84 tokens/sec
Throughput (storage I/O): 28.70 tokens/sec
Requests/sec: 4.47

### END-TO-END LATENCY (Queue Wait + Storage I/O + Generation) ###
  Mean: 86468.78 ms
  P50:  80352.33 ms
  P95:  187455.03 ms
  P99:  208911.36 ms

### PER-REQUEST STORAGE LATENCY (All I/O ops for one request) ###
  Mean: 4929.23 ms
  P50:  1196.68 ms
  P95:  23590.06 ms
  P99:  47212.11 ms
  (= 1 prefill write + N decode reads per request)

### STORAGE PERFORMANCE ###
  Cache Hit Rate: 84.9%
  Total Read: 1402.61GiB
  Total Write: 387.37GiB
  Read/Write Ratio: 3.62
  Storage KV Read Operations/sec: 21.93
  Storage KV Write Operations/sec: 5.02

### CACHE TIER DISTRIBUTION ###
  GPU Entries: 0 (0.00GiB)
  CPU Entries: 3 (0.75GiB)
  Storage Entries: 296

### TIER-SPECIFIC KV BYTES ###
  CPU KV Bytes Written: 80.27GiB
  CPU KV Bytes Read: 391.19GiB
  Storage KV Bytes Written: 380.56GiB
  Storage KV Bytes Read: 1090.56GiB

### STORAGE KV BANDWIDTH ###
  CPU KV Read Bandwidth: 6.52GiB/s
  CPU KV Write Bandwidth: 1.34GiB/s
  Storage KV Read Bandwidth: 18.18GiB/s
  Storage KV Write Bandwidth: 6.34GiB/s

### TIER-SPECIFIC LATENCIES (Total = Host + Device) ###
  CPU Read P95 (Total): 326.32 ms
  CPU Write P95 (Total): 337.72 ms
  Storage Read P95 (Total): 12002.49 ms
  Storage Write P95 (Total): 5952.93 ms

### STORAGE TIER LATENCY BREAKDOWN (Device = Disk I/O, Host = Serialization) ###
  Storage Read:
    - Device P95 (Disk I/O): 11531.36 ms
    - Host P95 (Serialization): 1103.19 ms
    - Total P95: 12002.49 ms
  Storage Write:
    - Device P95 (Disk I/O): 10.69 ms
    - Host P95 (Serialization): 5949.09 ms
    - Total P95: 5952.93 ms

### CACHE TYPE BREAKDOWNS ###
  System Prompt Hits: 290
  Common Phrase Hits: 0
  User Cache Hits: 1026
  Multi-turn Hits: 0

### PREFIX CACHING ###
  Prefix Hits: 66
  Prefix Misses: 237
  System Prompt Reuse: 66
  Bytes Saved: 0.13GiB

================================================================================
NOTES:
  - Pure storage I/O benchmark (no generation simulation)
================================================================================
KV Cache Wrapper - End delay for 90 seconds

================================================================================
BENCHMARK RESULTS - MLPerf KV Cache Storage Benchmark
Generation Mode: none (0.0ms/token)
================================================================================

IMPORTANT: All storage latencies below are measured per KV cache BLOCK,
not per token or per disk page.  Each block holds the full KV state for
one request (all layers, all heads, full sequence length).
  Model KV bytes/token: 327,680 bytes (320.0KiB)
  Entries in cache: 311
  Block size min:   45.6MiB
  Block size mean:  1235.7MiB
  Block size P95:   3828.1MiB
  Block size max:   6165.0MiB
  A 200MiB block at 1GiB/s NVMe read = ~200 ms device latency.
  Compare latencies against block sizes, not against 4KiB page I/O.


### OVERALL PERFORMANCE ###
Requests Completed: 286
Total Tokens Generated: 37042
Throughput (wall-clock): 617.35 tokens/sec
Throughput (storage I/O): 24.04 tokens/sec
Requests/sec: 4.77

### END-TO-END LATENCY (Queue Wait + Storage I/O + Generation) ###
  Mean: 88462.60 ms
  P50:  78381.61 ms
  P95:  203434.94 ms
  P99:  217584.25 ms

### PER-REQUEST STORAGE LATENCY (All I/O ops for one request) ###
  Mean: 5387.58 ms
  P50:  1068.08 ms
  P95:  25920.07 ms
  P99:  50873.20 ms
  (= 1 prefill write + N decode reads per request)

### STORAGE PERFORMANCE ###
  Cache Hit Rate: 84.9%
  Total Read: 1430.20GiB
  Total Write: 380.14GiB
  Read/Write Ratio: 3.76
  Storage KV Read Operations/sec: 23.62
  Storage KV Write Operations/sec: 5.20

### CACHE TIER DISTRIBUTION ###
  GPU Entries: 0 (0.00GiB)
  CPU Entries: 1 (0.84GiB)
  Storage Entries: 310

### TIER-SPECIFIC KV BYTES ###
  CPU KV Bytes Written: 75.00GiB
  CPU KV Bytes Read: 388.15GiB
  Storage KV Bytes Written: 374.45GiB
  Storage KV Bytes Read: 1116.21GiB

### STORAGE KV BANDWIDTH ###
  CPU KV Read Bandwidth: 6.47GiB/s
  CPU KV Write Bandwidth: 1.25GiB/s
  Storage KV Read Bandwidth: 18.60GiB/s
  Storage KV Write Bandwidth: 6.24GiB/s

### TIER-SPECIFIC LATENCIES (Total = Host + Device) ###
  CPU Read P95 (Total): 326.28 ms
  CPU Write P95 (Total): 337.33 ms
  Storage Read P95 (Total): 14057.18 ms
  Storage Write P95 (Total): 7391.62 ms

### STORAGE TIER LATENCY BREAKDOWN (Device = Disk I/O, Host = Serialization) ###
  Storage Read:
    - Device P95 (Disk I/O): 13213.54 ms
    - Host P95 (Serialization): 1172.74 ms
    - Total P95: 14057.18 ms
  Storage Write:
    - Device P95 (Disk I/O): 11.34 ms
    - Host P95 (Serialization): 7388.72 ms
    - Total P95: 7391.62 ms

### CACHE TYPE BREAKDOWNS ###
  System Prompt Hits: 281
  Common Phrase Hits: 0
  User Cache Hits: 1131
  Multi-turn Hits: 5

### PREFIX CACHING ###
  Prefix Hits: 72
  Prefix Misses: 240
  System Prompt Reuse: 72
  Bytes Saved: 0.15GiB

### MULTI-TURN CONVERSATIONS ###
  Multi-turn Cache Hits: 5
  Multi-turn Cache Misses: 181
  Multi-turn Hit Rate: 2.7%

================================================================================
NOTES:
  - Pure storage I/O benchmark (no generation simulation)
================================================================================
KV Cache Wrapper - End delay for 90 seconds
KV Cache Wrapper - End delay for 90 seconds
KV Cache Wrapper - End delay for 90 seconds
KV Cache Wrapper - End delay for 90 seconds
KV Cache Wrapper - End delay for 90 seconds

================================================================================
BENCHMARK RESULTS - MLPerf KV Cache Storage Benchmark
Generation Mode: none (0.0ms/token)
================================================================================

IMPORTANT: All storage latencies below are measured per KV cache BLOCK,
not per token or per disk page.  Each block holds the full KV state for
one request (all layers, all heads, full sequence length).
  Model KV bytes/token: 327,680 bytes (320.0KiB)
  Entries in cache: 303
  Block size min:   46.9MiB
  Block size mean:  1189.2MiB
  Block size P95:   4136.0MiB
  Block size max:   6288.8MiB
  A 200MiB block at 1GiB/s NVMe read = ~200 ms device latency.
  Compare latencies against block sizes, not against 4KiB page I/O.


### OVERALL PERFORMANCE ###
Requests Completed: 296
Total Tokens Generated: 42469
Throughput (wall-clock): 707.80 tokens/sec
Throughput (storage I/O): 23.51 tokens/sec
Requests/sec: 4.93

### END-TO-END LATENCY (Queue Wait + Storage I/O + Generation) ###
  Mean: 99067.51 ms
  P50:  89471.16 ms
  P95:  205607.21 ms
  P99:  214473.90 ms

### PER-REQUEST STORAGE LATENCY (All I/O ops for one request) ###
  Mean: 6102.41 ms
  P50:  1327.81 ms
  P95:  26289.19 ms
  P99:  41128.27 ms
  (= 1 prefill write + N decode reads per request)

### STORAGE PERFORMANCE ###
  Cache Hit Rate: 88.5%
  Total Read: 1655.75GiB
  Total Write: 351.89GiB
  Read/Write Ratio: 4.71
  Storage KV Read Operations/sec: 26.33
  Storage KV Write Operations/sec: 5.05

### CACHE TIER DISTRIBUTION ###
  GPU Entries: 0 (0.00GiB)
  CPU Entries: 2 (0.49GiB)
  Storage Entries: 301

### TIER-SPECIFIC KV BYTES ###
  CPU KV Bytes Written: 71.19GiB
  CPU KV Bytes Read: 378.59GiB
  Storage KV Bytes Written: 350.51GiB
  Storage KV Bytes Read: 1346.95GiB

### STORAGE KV BANDWIDTH ###
  CPU KV Read Bandwidth: 6.31GiB/s
  CPU KV Write Bandwidth: 1.19GiB/s
  Storage KV Read Bandwidth: 22.45GiB/s
  Storage KV Write Bandwidth: 5.84GiB/s

### TIER-SPECIFIC LATENCIES (Total = Host + Device) ###
  CPU Read P95 (Total): 350.12 ms
  CPU Write P95 (Total): 345.21 ms
  Storage Read P95 (Total): 3617.30 ms
  Storage Write P95 (Total): 6981.87 ms

### STORAGE TIER LATENCY BREAKDOWN (Device = Disk I/O, Host = Serialization) ###
  Storage Read:
    - Device P95 (Disk I/O): 2575.01 ms
    - Host P95 (Serialization): 1072.90 ms
    - Total P95: 3617.30 ms
  Storage Write:
    - Device P95 (Disk I/O): 10.97 ms
    - Host P95 (Serialization): 6977.97 ms
    - Total P95: 6981.87 ms

### CACHE TYPE BREAKDOWNS ###
  System Prompt Hits: 311
  Common Phrase Hits: 0
  User Cache Hits: 1262
  Multi-turn Hits: 7

### PREFIX CACHING ###
  Prefix Hits: 61
  Prefix Misses: 242
  System Prompt Reuse: 61
  Bytes Saved: 0.13GiB

### MULTI-TURN CONVERSATIONS ###
  Multi-turn Cache Hits: 7
  Multi-turn Cache Misses: 144
  Multi-turn Hit Rate: 4.6%

================================================================================
NOTES:
  - Pure storage I/O benchmark (no generation simulation)
================================================================================

================================================================================
BENCHMARK RESULTS - MLPerf KV Cache Storage Benchmark
Generation Mode: none (0.0ms/token)
================================================================================

IMPORTANT: All storage latencies below are measured per KV cache BLOCK,
not per token or per disk page.  Each block holds the full KV state for
one request (all layers, all heads, full sequence length).
  Model KV bytes/token: 327,680 bytes (320.0KiB)
  Entries in cache: 314
  Block size min:   57.5MiB
  Block size mean:  1184.8MiB
  Block size P95:   4692.3MiB
  Block size max:   6947.8MiB
  A 200MiB block at 1GiB/s NVMe read = ~200 ms device latency.
  Compare latencies against block sizes, not against 4KiB page I/O.


### OVERALL PERFORMANCE ###
Requests Completed: 307
Total Tokens Generated: 35464
Throughput (wall-clock): 591.03 tokens/sec
Throughput (storage I/O): 34.75 tokens/sec
Requests/sec: 5.12

### END-TO-END LATENCY (Queue Wait + Storage I/O + Generation) ###
  Mean: 97317.24 ms
  P50:  84116.74 ms
  P95:  209453.71 ms
  P99:  216090.01 ms

### PER-REQUEST STORAGE LATENCY (All I/O ops for one request) ###
  Mean: 3323.79 ms
  P50:  873.26 ms
  P95:  15462.85 ms
  P99:  30045.87 ms
  (= 1 prefill write + N decode reads per request)

### STORAGE PERFORMANCE ###
  Cache Hit Rate: 86.5%
  Total Read: 1102.34GiB
  Total Write: 363.30GiB
  Read/Write Ratio: 3.03
  Storage KV Read Operations/sec: 21.88
  Storage KV Write Operations/sec: 5.23

### CACHE TIER DISTRIBUTION ###
  GPU Entries: 0 (0.00GiB)
  CPU Entries: 5 (0.78GiB)
  Storage Entries: 309

### TIER-SPECIFIC KV BYTES ###
  CPU KV Bytes Written: 88.43GiB
  CPU KV Bytes Read: 468.41GiB
  Storage KV Bytes Written: 361.77GiB
  Storage KV Bytes Read: 720.83GiB

### STORAGE KV BANDWIDTH ###
  CPU KV Read Bandwidth: 7.81GiB/s
  CPU KV Write Bandwidth: 1.47GiB/s
  Storage KV Read Bandwidth: 12.01GiB/s
  Storage KV Write Bandwidth: 6.03GiB/s

### TIER-SPECIFIC LATENCIES (Total = Host + Device) ###
  CPU Read P95 (Total): 257.54 ms
  CPU Write P95 (Total): 309.72 ms
  Storage Read P95 (Total): 5498.04 ms
  Storage Write P95 (Total): 6175.51 ms

### STORAGE TIER LATENCY BREAKDOWN (Device = Disk I/O, Host = Serialization) ###
  Storage Read:
    - Device P95 (Disk I/O): 3752.07 ms
    - Host P95 (Serialization): 915.15 ms
    - Total P95: 5498.04 ms
  Storage Write:
    - Device P95 (Disk I/O): 8.54 ms
    - Host P95 (Serialization): 6174.27 ms
    - Total P95: 6175.51 ms

### CACHE TYPE BREAKDOWNS ###
  System Prompt Hits: 257
  Common Phrase Hits: 0
  User Cache Hits: 1046
  Multi-turn Hits: 10

### PREFIX CACHING ###
  Prefix Hits: 55
  Prefix Misses: 259
  System Prompt Reuse: 55
  Bytes Saved: 0.12GiB

### MULTI-TURN CONVERSATIONS ###
  Multi-turn Cache Hits: 10
  Multi-turn Cache Misses: 150
  Multi-turn Hit Rate: 6.2%

================================================================================
NOTES:
  - Pure storage I/O benchmark (no generation simulation)
================================================================================

================================================================================
BENCHMARK RESULTS - MLPerf KV Cache Storage Benchmark
Generation Mode: none (0.0ms/token)
================================================================================

IMPORTANT: All storage latencies below are measured per KV cache BLOCK,
not per token or per disk page.  Each block holds the full KV state for
one request (all layers, all heads, full sequence length).
  Model KV bytes/token: 327,680 bytes (320.0KiB)
  Entries in cache: 306
  Block size min:   53.4MiB
  Block size mean:  1420.7MiB
  Block size P95:   4777.3MiB
  Block size max:   7195.3MiB
  A 200MiB block at 1GiB/s NVMe read = ~200 ms device latency.
  Compare latencies against block sizes, not against 4KiB page I/O.


### OVERALL PERFORMANCE ###
Requests Completed: 304
Total Tokens Generated: 37096
Throughput (wall-clock): 618.22 tokens/sec
Throughput (storage I/O): 26.74 tokens/sec
Requests/sec: 5.07

### END-TO-END LATENCY (Queue Wait + Storage I/O + Generation) ###
  Mean: 102904.89 ms
  P50:  97828.15 ms
  P95:  214651.12 ms
  P99:  218530.29 ms

### PER-REQUEST STORAGE LATENCY (All I/O ops for one request) ###
  Mean: 4562.60 ms
  P50:  1199.63 ms
  P95:  19822.31 ms
  P99:  35265.21 ms
  (= 1 prefill write + N decode reads per request)

### STORAGE PERFORMANCE ###
  Cache Hit Rate: 86.8%
  Total Read: 1446.40GiB
  Total Write: 424.54GiB
  Read/Write Ratio: 3.41
  Storage KV Read Operations/sec: 22.60
  Storage KV Write Operations/sec: 5.10

### CACHE TIER DISTRIBUTION ###
  GPU Entries: 0 (0.00GiB)
  CPU Entries: 2 (0.43GiB)
  Storage Entries: 304

### TIER-SPECIFIC KV BYTES ###
  CPU KV Bytes Written: 84.14GiB
  CPU KV Bytes Read: 436.52GiB
  Storage KV Bytes Written: 424.11GiB
  Storage KV Bytes Read: 1093.59GiB

### STORAGE KV BANDWIDTH ###
  CPU KV Read Bandwidth: 7.27GiB/s
  CPU KV Write Bandwidth: 1.40GiB/s
  Storage KV Read Bandwidth: 18.22GiB/s
  Storage KV Write Bandwidth: 7.07GiB/s

### TIER-SPECIFIC LATENCIES (Total = Host + Device) ###
  CPU Read P95 (Total): 310.95 ms
  CPU Write P95 (Total): 361.05 ms
  Storage Read P95 (Total): 2909.42 ms
  Storage Write P95 (Total): 5451.00 ms

### STORAGE TIER LATENCY BREAKDOWN (Device = Disk I/O, Host = Serialization) ###
  Storage Read:
    - Device P95 (Disk I/O): 1926.89 ms
    - Host P95 (Serialization): 1085.58 ms
    - Total P95: 2909.42 ms
  Storage Write:
    - Device P95 (Disk I/O): 17.50 ms
    - Host P95 (Serialization): 5447.28 ms
    - Total P95: 5451.00 ms

### CACHE TYPE BREAKDOWNS ###
  System Prompt Hits: 276
  Common Phrase Hits: 0
  User Cache Hits: 1078
  Multi-turn Hits: 2

### PREFIX CACHING ###
  Prefix Hits: 63
  Prefix Misses: 243
  System Prompt Reuse: 63
  Bytes Saved: 0.13GiB

### MULTI-TURN CONVERSATIONS ###
  Multi-turn Cache Hits: 2
  Multi-turn Cache Misses: 143
  Multi-turn Hit Rate: 1.4%

================================================================================
NOTES:
  - Pure storage I/O benchmark (no generation simulation)
================================================================================
KV Cache Wrapper - End delay for 90 seconds
KV Cache Wrapper - End delay for 90 seconds

================================================================================
BENCHMARK RESULTS - MLPerf KV Cache Storage Benchmark
Generation Mode: none (0.0ms/token)
================================================================================

IMPORTANT: All storage latencies below are measured per KV cache BLOCK,
not per token or per disk page.  Each block holds the full KV state for
one request (all layers, all heads, full sequence length).
  Model KV bytes/token: 327,680 bytes (320.0KiB)
  Entries in cache: 321
  Block size min:   42.2MiB
  Block size mean:  1138.2MiB
  Block size P95:   3640.0MiB
  Block size max:   6634.7MiB
  A 200MiB block at 1GiB/s NVMe read = ~200 ms device latency.
  Compare latencies against block sizes, not against 4KiB page I/O.


### OVERALL PERFORMANCE ###
Requests Completed: 298
Total Tokens Generated: 39948
Throughput (wall-clock): 665.79 tokens/sec
Throughput (storage I/O): 23.11 tokens/sec
Requests/sec: 4.97

### END-TO-END LATENCY (Queue Wait + Storage I/O + Generation) ###
  Mean: 92617.41 ms
  P50:  83200.67 ms
  P95:  201552.19 ms
  P99:  218866.95 ms

### PER-REQUEST STORAGE LATENCY (All I/O ops for one request) ###
  Mean: 5801.01 ms
  P50:  899.42 ms
  P95:  25487.85 ms
  P99:  64403.30 ms
  (= 1 prefill write + N decode reads per request)

### STORAGE PERFORMANCE ###
  Cache Hit Rate: 86.5%
  Total Read: 1501.06GiB
  Total Write: 361.55GiB
  Read/Write Ratio: 4.15
  Storage KV Read Operations/sec: 26.18
  Storage KV Write Operations/sec: 5.38

### CACHE TIER DISTRIBUTION ###
  GPU Entries: 0 (0.00GiB)
  CPU Entries: 1 (0.45GiB)
  Storage Entries: 320

### TIER-SPECIFIC KV BYTES ###
  CPU KV Bytes Written: 78.84GiB
  CPU KV Bytes Read: 416.96GiB
  Storage KV Bytes Written: 356.35GiB
  Storage KV Bytes Read: 1162.50GiB

### STORAGE KV BANDWIDTH ###
  CPU KV Read Bandwidth: 6.95GiB/s
  CPU KV Write Bandwidth: 1.31GiB/s
  Storage KV Read Bandwidth: 19.37GiB/s
  Storage KV Write Bandwidth: 5.94GiB/s

### TIER-SPECIFIC LATENCIES (Total = Host + Device) ###
  CPU Read P95 (Total): 314.64 ms
  CPU Write P95 (Total): 322.02 ms
  Storage Read P95 (Total): 13581.86 ms
  Storage Write P95 (Total): 5630.54 ms

### STORAGE TIER LATENCY BREAKDOWN (Device = Disk I/O, Host = Serialization) ###
  Storage Read:
    - Device P95 (Disk I/O): 13437.59 ms
    - Host P95 (Serialization): 1255.46 ms
    - Total P95: 13581.86 ms
  Storage Write:
    - Device P95 (Disk I/O): 11.53 ms
    - Host P95 (Serialization): 5627.51 ms
    - Total P95: 5630.54 ms

### CACHE TYPE BREAKDOWNS ###
  System Prompt Hits: 252
  Common Phrase Hits: 0
  User Cache Hits: 1316
  Multi-turn Hits: 3

### PREFIX CACHING ###
  Prefix Hits: 51
  Prefix Misses: 273
  System Prompt Reuse: 51
  Bytes Saved: 0.10GiB

### MULTI-TURN CONVERSATIONS ###
  Multi-turn Cache Hits: 3
  Multi-turn Cache Misses: 195
  Multi-turn Hit Rate: 1.5%

================================================================================
NOTES:
  - Pure storage I/O benchmark (no generation simulation)
================================================================================

================================================================================
BENCHMARK RESULTS - MLPerf KV Cache Storage Benchmark
Generation Mode: none (0.0ms/token)
================================================================================

IMPORTANT: All storage latencies below are measured per KV cache BLOCK,
not per token or per disk page.  Each block holds the full KV state for
one request (all layers, all heads, full sequence length).
  Model KV bytes/token: 327,680 bytes (320.0KiB)
  Entries in cache: 321
  Block size min:   60.3MiB
  Block size mean:  1214.7MiB
  Block size P95:   3937.2MiB
  Block size max:   6388.1MiB
  A 200MiB block at 1GiB/s NVMe read = ~200 ms device latency.
  Compare latencies against block sizes, not against 4KiB page I/O.


### OVERALL PERFORMANCE ###
Requests Completed: 314
Total Tokens Generated: 45190
Throughput (wall-clock): 753.16 tokens/sec
Throughput (storage I/O): 25.46 tokens/sec
Requests/sec: 5.23

### END-TO-END LATENCY (Queue Wait + Storage I/O + Generation) ###
  Mean: 100979.11 ms
  P50:  91938.61 ms
  P95:  216952.49 ms
  P99:  223492.44 ms

### PER-REQUEST STORAGE LATENCY (All I/O ops for one request) ###
  Mean: 5652.93 ms
  P50:  1394.36 ms
  P95:  27011.41 ms
  P99:  39116.98 ms
  (= 1 prefill write + N decode reads per request)

### STORAGE PERFORMANCE ###
  Cache Hit Rate: 87.8%
  Total Read: 1829.16GiB
  Total Write: 380.77GiB
  Read/Write Ratio: 4.80
  Storage KV Read Operations/sec: 27.58
  Storage KV Write Operations/sec: 5.35

### CACHE TIER DISTRIBUTION ###
  GPU Entries: 0 (0.00GiB)
  CPU Entries: 3 (0.89GiB)
  Storage Entries: 318

### TIER-SPECIFIC KV BYTES ###
  CPU KV Bytes Written: 80.09GiB
  CPU KV Bytes Read: 452.55GiB
  Storage KV Bytes Written: 379.18GiB
  Storage KV Bytes Read: 1455.11GiB

### STORAGE KV BANDWIDTH ###
  CPU KV Read Bandwidth: 7.54GiB/s
  CPU KV Write Bandwidth: 1.33GiB/s
  Storage KV Read Bandwidth: 24.25GiB/s
  Storage KV Write Bandwidth: 6.32GiB/s

### TIER-SPECIFIC LATENCIES (Total = Host + Device) ###
  CPU Read P95 (Total): 323.63 ms
  CPU Write P95 (Total): 350.57 ms
  Storage Read P95 (Total): 3181.78 ms
  Storage Write P95 (Total): 5450.52 ms

### STORAGE TIER LATENCY BREAKDOWN (Device = Disk I/O, Host = Serialization) ###
  Storage Read:
    - Device P95 (Disk I/O): 2204.60 ms
    - Host P95 (Serialization): 1054.45 ms
    - Total P95: 3181.78 ms
  Storage Write:
    - Device P95 (Disk I/O): 9.75 ms
    - Host P95 (Serialization): 5446.15 ms
    - Total P95: 5450.52 ms

### CACHE TYPE BREAKDOWNS ###
  System Prompt Hits: 295
  Common Phrase Hits: 0
  User Cache Hits: 1356
  Multi-turn Hits: 4

### PREFIX CACHING ###
  Prefix Hits: 63
  Prefix Misses: 258
  System Prompt Reuse: 63
  Bytes Saved: 0.13GiB

### MULTI-TURN CONVERSATIONS ###
  Multi-turn Cache Hits: 4
  Multi-turn Cache Misses: 166
  Multi-turn Hit Rate: 2.4%

================================================================================
NOTES:
  - Pure storage I/O benchmark (no generation simulation)
================================================================================
KV Cache Wrapper - End delay for 90 seconds
KV Cache Wrapper - End delay for 90 seconds

================================================================================
BENCHMARK RESULTS - MLPerf KV Cache Storage Benchmark
Generation Mode: none (0.0ms/token)
================================================================================

IMPORTANT: All storage latencies below are measured per KV cache BLOCK,
not per token or per disk page.  Each block holds the full KV state for
one request (all layers, all heads, full sequence length).
  Model KV bytes/token: 327,680 bytes (320.0KiB)
  Entries in cache: 311
  Block size min:   60.6MiB
  Block size mean:  1223.0MiB
  Block size P95:   4523.4MiB
  Block size max:   7445.0MiB
  A 200MiB block at 1GiB/s NVMe read = ~200 ms device latency.
  Compare latencies against block sizes, not against 4KiB page I/O.


### OVERALL PERFORMANCE ###
Requests Completed: 307
Total Tokens Generated: 43048
Throughput (wall-clock): 717.45 tokens/sec
Throughput (storage I/O): 25.58 tokens/sec
Requests/sec: 5.12

### END-TO-END LATENCY (Queue Wait + Storage I/O + Generation) ###
  Mean: 102408.86 ms
  P50:  94952.72 ms
  P95:  221563.95 ms
  P99:  225802.06 ms

### PER-REQUEST STORAGE LATENCY (All I/O ops for one request) ###
  Mean: 5481.02 ms
  P50:  1188.65 ms
  P95:  25540.66 ms
  P99:  60222.67 ms
  (= 1 prefill write + N decode reads per request)

### STORAGE PERFORMANCE ###
  Cache Hit Rate: 84.2%
  Total Read: 1434.13GiB
  Total Write: 371.43GiB
  Read/Write Ratio: 3.86
  Storage KV Read Operations/sec: 25.85
  Storage KV Write Operations/sec: 5.18

### CACHE TIER DISTRIBUTION ###
  GPU Entries: 0 (0.00GiB)
  CPU Entries: 1 (0.62GiB)
  Storage Entries: 310

### TIER-SPECIFIC KV BYTES ###
  CPU KV Bytes Written: 85.41GiB
  CPU KV Bytes Read: 481.54GiB
  Storage KV Bytes Written: 370.81GiB
  Storage KV Bytes Read: 1037.38GiB

### STORAGE KV BANDWIDTH ###
  CPU KV Read Bandwidth: 8.03GiB/s
  CPU KV Write Bandwidth: 1.42GiB/s
  Storage KV Read Bandwidth: 17.29GiB/s
  Storage KV Write Bandwidth: 6.18GiB/s

### TIER-SPECIFIC LATENCIES (Total = Host + Device) ###
  CPU Read P95 (Total): 279.77 ms
  CPU Write P95 (Total): 352.33 ms
  Storage Read P95 (Total): 7054.25 ms
  Storage Write P95 (Total): 8017.67 ms

### STORAGE TIER LATENCY BREAKDOWN (Device = Disk I/O, Host = Serialization) ###
  Storage Read:
    - Device P95 (Disk I/O): 6766.50 ms
    - Host P95 (Serialization): 1019.24 ms
    - Total P95: 7054.25 ms
  Storage Write:
    - Device P95 (Disk I/O): 10.96 ms
    - Host P95 (Serialization): 8012.35 ms
    - Total P95: 8017.67 ms

### CACHE TYPE BREAKDOWNS ###
  System Prompt Hits: 243
  Common Phrase Hits: 0
  User Cache Hits: 1302
  Multi-turn Hits: 6

### PREFIX CACHING ###
  Prefix Hits: 59
  Prefix Misses: 252
  System Prompt Reuse: 59
  Bytes Saved: 0.12GiB

### MULTI-TURN CONVERSATIONS ###
  Multi-turn Cache Hits: 6
  Multi-turn Cache Misses: 231
  Multi-turn Hit Rate: 2.5%

================================================================================
NOTES:
  - Pure storage I/O benchmark (no generation simulation)
================================================================================
KV Cache Wrapper - End delay for 90 seconds
KV Cache Wrapper - End delay for 90 seconds
KV Cache Wrapper - End delay for 90 seconds

================================================================================
BENCHMARK RESULTS - MLPerf KV Cache Storage Benchmark
Generation Mode: none (0.0ms/token)
================================================================================

IMPORTANT: All storage latencies below are measured per KV cache BLOCK,
not per token or per disk page.  Each block holds the full KV state for
one request (all layers, all heads, full sequence length).
  Model KV bytes/token: 327,680 bytes (320.0KiB)
  Entries in cache: 309
  Block size min:   75.9MiB
  Block size mean:  1249.1MiB
  Block size P95:   3926.0MiB
  Block size max:   6820.0MiB
  A 200MiB block at 1GiB/s NVMe read = ~200 ms device latency.
  Compare latencies against block sizes, not against 4KiB page I/O.


### OVERALL PERFORMANCE ###
Requests Completed: 301
Total Tokens Generated: 39220
Throughput (wall-clock): 653.64 tokens/sec
Throughput (storage I/O): 23.54 tokens/sec
Requests/sec: 5.02

### END-TO-END LATENCY (Queue Wait + Storage I/O + Generation) ###
  Mean: 99853.21 ms
  P50:  96244.00 ms
  P95:  213215.99 ms
  P99:  226792.38 ms

### PER-REQUEST STORAGE LATENCY (All I/O ops for one request) ###
  Mean: 5536.22 ms
  P50:  1080.68 ms
  P95:  28013.31 ms
  P99:  44641.42 ms
  (= 1 prefill write + N decode reads per request)

### STORAGE PERFORMANCE ###
  Cache Hit Rate: 83.3%
  Total Read: 1471.96GiB
  Total Write: 382.46GiB
  Read/Write Ratio: 3.85
  Storage KV Read Operations/sec: 23.72
  Storage KV Write Operations/sec: 5.17

### CACHE TIER DISTRIBUTION ###
  GPU Entries: 0 (0.00GiB)
  CPU Entries: 1 (0.18GiB)
  Storage Entries: 308

### TIER-SPECIFIC KV BYTES ###
  CPU KV Bytes Written: 75.17GiB
  CPU KV Bytes Read: 370.65GiB
  Storage KV Bytes Written: 376.75GiB
  Storage KV Bytes Read: 1176.30GiB

### STORAGE KV BANDWIDTH ###
  CPU KV Read Bandwidth: 6.18GiB/s
  CPU KV Write Bandwidth: 1.25GiB/s
  Storage KV Read Bandwidth: 19.60GiB/s
  Storage KV Write Bandwidth: 6.28GiB/s

### TIER-SPECIFIC LATENCIES (Total = Host + Device) ###
  CPU Read P95 (Total): 269.69 ms
  CPU Write P95 (Total): 523.85 ms
  Storage Read P95 (Total): 6871.96 ms
  Storage Write P95 (Total): 6705.34 ms

### STORAGE TIER LATENCY BREAKDOWN (Device = Disk I/O, Host = Serialization) ###
  Storage Read:
    - Device P95 (Disk I/O): 4728.06 ms
    - Host P95 (Serialization): 1296.53 ms
    - Total P95: 6871.96 ms
  Storage Write:
    - Device P95 (Disk I/O): 10.36 ms
    - Host P95 (Serialization): 6700.66 ms
    - Total P95: 6705.34 ms

### CACHE TYPE BREAKDOWNS ###
  System Prompt Hits: 209
  Common Phrase Hits: 0
  User Cache Hits: 1212
  Multi-turn Hits: 2

### PREFIX CACHING ###
  Prefix Hits: 48
  Prefix Misses: 262
  System Prompt Reuse: 48
  Bytes Saved: 0.10GiB

### MULTI-TURN CONVERSATIONS ###
  Multi-turn Cache Hits: 2
  Multi-turn Cache Misses: 238
  Multi-turn Hit Rate: 0.8%

================================================================================
NOTES:
  - Pure storage I/O benchmark (no generation simulation)
================================================================================

================================================================================
BENCHMARK RESULTS - MLPerf KV Cache Storage Benchmark
Generation Mode: none (0.0ms/token)
================================================================================

IMPORTANT: All storage latencies below are measured per KV cache BLOCK,
not per token or per disk page.  Each block holds the full KV state for
one request (all layers, all heads, full sequence length).
  Model KV bytes/token: 327,680 bytes (320.0KiB)
  Entries in cache: 297
  Block size min:   63.8MiB
  Block size mean:  1207.8MiB
  Block size P95:   4175.4MiB
  Block size max:   7200.6MiB
  A 200MiB block at 1GiB/s NVMe read = ~200 ms device latency.
  Compare latencies against block sizes, not against 4KiB page I/O.


### OVERALL PERFORMANCE ###
Requests Completed: 275
Total Tokens Generated: 36545
Throughput (wall-clock): 609.04 tokens/sec
Throughput (storage I/O): 23.67 tokens/sec
Requests/sec: 4.58

### END-TO-END LATENCY (Queue Wait + Storage I/O + Generation) ###
  Mean: 99395.16 ms
  P50:  97200.65 ms
  P95:  200925.20 ms
  P99:  217682.82 ms

### PER-REQUEST STORAGE LATENCY (All I/O ops for one request) ###
  Mean: 5613.60 ms
  P50:  937.12 ms
  P95:  26147.49 ms
  P99:  52780.87 ms
  (= 1 prefill write + N decode reads per request)

### STORAGE PERFORMANCE ###
  Cache Hit Rate: 86.9%
  Total Read: 1476.05GiB
  Total Write: 350.30GiB
  Read/Write Ratio: 4.21
  Storage KV Read Operations/sec: 24.12
  Storage KV Write Operations/sec: 4.95

### CACHE TIER DISTRIBUTION ###
  GPU Entries: 0 (0.00GiB)
  CPU Entries: 2 (0.26GiB)
  Storage Entries: 295

### TIER-SPECIFIC KV BYTES ###
  CPU KV Bytes Written: 71.88GiB
  CPU KV Bytes Read: 366.37GiB
  Storage KV Bytes Written: 349.29GiB
  Storage KV Bytes Read: 1180.55GiB

### STORAGE KV BANDWIDTH ###
  CPU KV Read Bandwidth: 6.11GiB/s
  CPU KV Write Bandwidth: 1.20GiB/s
  Storage KV Read Bandwidth: 19.67GiB/s
  Storage KV Write Bandwidth: 5.82GiB/s

### TIER-SPECIFIC LATENCIES (Total = Host + Device) ###
  CPU Read P95 (Total): 277.44 ms
  CPU Write P95 (Total): 354.26 ms
  Storage Read P95 (Total): 10956.87 ms
  Storage Write P95 (Total): 8586.47 ms

### STORAGE TIER LATENCY BREAKDOWN (Device = Disk I/O, Host = Serialization) ###
  Storage Read:
    - Device P95 (Disk I/O): 9375.88 ms
    - Host P95 (Serialization): 1019.90 ms
    - Total P95: 10956.87 ms
  Storage Write:
    - Device P95 (Disk I/O): 10.38 ms
    - Host P95 (Serialization): 8581.30 ms
    - Total P95: 8586.47 ms

### CACHE TYPE BREAKDOWNS ###
  System Prompt Hits: 326
  Common Phrase Hits: 0
  User Cache Hits: 1113
  Multi-turn Hits: 8

### PREFIX CACHING ###
  Prefix Hits: 62
  Prefix Misses: 235
  System Prompt Reuse: 62
  Bytes Saved: 0.13GiB

### MULTI-TURN CONVERSATIONS ###
  Multi-turn Cache Hits: 8
  Multi-turn Cache Misses: 157
  Multi-turn Hit Rate: 4.8%

================================================================================
NOTES:
  - Pure storage I/O benchmark (no generation simulation)
================================================================================
KV Cache Wrapper - End delay for 90 seconds

================================================================================
BENCHMARK RESULTS - MLPerf KV Cache Storage Benchmark
Generation Mode: none (0.0ms/token)
================================================================================

IMPORTANT: All storage latencies below are measured per KV cache BLOCK,
not per token or per disk page.  Each block holds the full KV state for
one request (all layers, all heads, full sequence length).
  Model KV bytes/token: 327,680 bytes (320.0KiB)
  Entries in cache: 294
  Block size min:   44.7MiB
  Block size mean:  1357.4MiB
  Block size P95:   4558.0MiB
  Block size max:   7590.9MiB
  A 200MiB block at 1GiB/s NVMe read = ~200 ms device latency.
  Compare latencies against block sizes, not against 4KiB page I/O.


### OVERALL PERFORMANCE ###
Requests Completed: 267
Total Tokens Generated: 35313
Throughput (wall-clock): 588.53 tokens/sec
Throughput (storage I/O): 25.29 tokens/sec
Requests/sec: 4.45

### END-TO-END LATENCY (Queue Wait + Storage I/O + Generation) ###
  Mean: 98610.74 ms
  P50:  92635.21 ms
  P95:  211751.30 ms
  P99:  218129.00 ms

### PER-REQUEST STORAGE LATENCY (All I/O ops for one request) ###
  Mean: 5230.02 ms
  P50:  961.28 ms
  P95:  24083.70 ms
  P99:  43597.64 ms
  (= 1 prefill write + N decode reads per request)

### STORAGE PERFORMANCE ###
  Cache Hit Rate: 86.4%
  Total Read: 1312.27GiB
  Total Write: 389.73GiB
  Read/Write Ratio: 3.37
  Storage KV Read Operations/sec: 21.32
  Storage KV Write Operations/sec: 4.90

### CACHE TIER DISTRIBUTION ###
  GPU Entries: 0 (0.00GiB)
  CPU Entries: 2 (0.76GiB)
  Storage Entries: 292

### TIER-SPECIFIC KV BYTES ###
  CPU KV Bytes Written: 78.96GiB
  CPU KV Bytes Read: 397.61GiB
  Storage KV Bytes Written: 388.72GiB
  Storage KV Bytes Read: 992.61GiB

### STORAGE KV BANDWIDTH ###
  CPU KV Read Bandwidth: 6.63GiB/s
  CPU KV Write Bandwidth: 1.32GiB/s
  Storage KV Read Bandwidth: 16.54GiB/s
  Storage KV Write Bandwidth: 6.48GiB/s

### TIER-SPECIFIC LATENCIES (Total = Host + Device) ###
  CPU Read P95 (Total): 321.96 ms
  CPU Write P95 (Total): 348.70 ms
  Storage Read P95 (Total): 21439.00 ms
  Storage Write P95 (Total): 5886.77 ms

### STORAGE TIER LATENCY BREAKDOWN (Device = Disk I/O, Host = Serialization) ###
  Storage Read:
    - Device P95 (Disk I/O): 18501.16 ms
    - Host P95 (Serialization): 1165.62 ms
    - Total P95: 21439.00 ms
  Storage Write:
    - Device P95 (Disk I/O): 11.36 ms
    - Host P95 (Serialization): 5880.60 ms
    - Total P95: 5886.77 ms

### CACHE TYPE BREAKDOWNS ###
  System Prompt Hits: 257
  Common Phrase Hits: 0
  User Cache Hits: 1016
  Multi-turn Hits: 6

### PREFIX CACHING ###
  Prefix Hits: 57
  Prefix Misses: 237
  System Prompt Reuse: 57
  Bytes Saved: 0.12GiB

### MULTI-TURN CONVERSATIONS ###
  Multi-turn Cache Hits: 6
  Multi-turn Cache Misses: 144
  Multi-turn Hit Rate: 4.0%

================================================================================
NOTES:
  - Pure storage I/O benchmark (no generation simulation)
================================================================================

================================================================================
BENCHMARK RESULTS - MLPerf KV Cache Storage Benchmark
Generation Mode: none (0.0ms/token)
================================================================================

IMPORTANT: All storage latencies below are measured per KV cache BLOCK,
not per token or per disk page.  Each block holds the full KV state for
one request (all layers, all heads, full sequence length).
  Model KV bytes/token: 327,680 bytes (320.0KiB)
  Entries in cache: 291
  Block size min:   41.9MiB
  Block size mean:  1303.7MiB
  Block size P95:   4290.5MiB
  Block size max:   6838.1MiB
  A 200MiB block at 1GiB/s NVMe read = ~200 ms device latency.
  Compare latencies against block sizes, not against 4KiB page I/O.


### OVERALL PERFORMANCE ###
Requests Completed: 285
Total Tokens Generated: 39218
Throughput (wall-clock): 653.61 tokens/sec
Throughput (storage I/O): 22.04 tokens/sec
Requests/sec: 4.75

### END-TO-END LATENCY (Queue Wait + Storage I/O + Generation) ###
  Mean: 105532.50 ms
  P50:  96452.99 ms
  P95:  219704.18 ms
  P99:  227754.44 ms

### PER-REQUEST STORAGE LATENCY (All I/O ops for one request) ###
  Mean: 6243.77 ms
  P50:  1517.67 ms
  P95:  25919.21 ms
  P99:  30860.55 ms
  (= 1 prefill write + N decode reads per request)

### STORAGE PERFORMANCE ###
  Cache Hit Rate: 87.2%
  Total Read: 1645.67GiB
  Total Write: 370.49GiB
  Read/Write Ratio: 4.44
  Storage KV Read Operations/sec: 24.13
  Storage KV Write Operations/sec: 4.85

### CACHE TIER DISTRIBUTION ###
  GPU Entries: 0 (0.00GiB)
  CPU Entries: 1 (0.44GiB)
  Storage Entries: 290

### TIER-SPECIFIC KV BYTES ###
  CPU KV Bytes Written: 77.16GiB
  CPU KV Bytes Read: 383.04GiB
  Storage KV Bytes Written: 370.05GiB
  Storage KV Bytes Read: 1339.35GiB

### STORAGE KV BANDWIDTH ###
  CPU KV Read Bandwidth: 6.38GiB/s
  CPU KV Write Bandwidth: 1.29GiB/s
  Storage KV Read Bandwidth: 22.32GiB/s
  Storage KV Write Bandwidth: 6.17GiB/s

### TIER-SPECIFIC LATENCIES (Total = Host + Device) ###
  CPU Read P95 (Total): 351.99 ms
  CPU Write P95 (Total): 465.43 ms
  Storage Read P95 (Total): 3304.33 ms
  Storage Write P95 (Total): 6698.20 ms

### STORAGE TIER LATENCY BREAKDOWN (Device = Disk I/O, Host = Serialization) ###
  Storage Read:
    - Device P95 (Disk I/O): 2147.50 ms
    - Host P95 (Serialization): 1256.67 ms
    - Total P95: 3304.33 ms
  Storage Write:
    - Device P95 (Disk I/O): 12.00 ms
    - Host P95 (Serialization): 6681.07 ms
    - Total P95: 6698.20 ms

### CACHE TYPE BREAKDOWNS ###
  System Prompt Hits: 339
  Common Phrase Hits: 0
  User Cache Hits: 1104
  Multi-turn Hits: 5

### PREFIX CACHING ###
  Prefix Hits: 73
  Prefix Misses: 219
  System Prompt Reuse: 73
  Bytes Saved: 0.15GiB

### MULTI-TURN CONVERSATIONS ###
  Multi-turn Cache Hits: 5
  Multi-turn Cache Misses: 139
  Multi-turn Hit Rate: 3.5%

================================================================================
NOTES:
  - Pure storage I/O benchmark (no generation simulation)
================================================================================
KV Cache Wrapper - End delay for 90 seconds

================================================================================
BENCHMARK RESULTS - MLPerf KV Cache Storage Benchmark
Generation Mode: none (0.0ms/token)
================================================================================

IMPORTANT: All storage latencies below are measured per KV cache BLOCK,
not per token or per disk page.  Each block holds the full KV state for
one request (all layers, all heads, full sequence length).
  Model KV bytes/token: 327,680 bytes (320.0KiB)
  Entries in cache: 308
  Block size min:   47.5MiB
  Block size mean:  1286.7MiB
  Block size P95:   4339.1MiB
  Block size max:   7215.9MiB
  A 200MiB block at 1GiB/s NVMe read = ~200 ms device latency.
  Compare latencies against block sizes, not against 4KiB page I/O.


### OVERALL PERFORMANCE ###
Requests Completed: 302
Total Tokens Generated: 41806
Throughput (wall-clock): 696.67 tokens/sec
Throughput (storage I/O): 26.94 tokens/sec
Requests/sec: 5.03

### END-TO-END LATENCY (Queue Wait + Storage I/O + Generation) ###
  Mean: 105988.13 ms
  P50:  109385.50 ms
  P95:  219359.19 ms
  P99:  226982.03 ms

### PER-REQUEST STORAGE LATENCY (All I/O ops for one request) ###
  Mean: 5139.39 ms
  P50:  1258.53 ms
  P95:  23678.01 ms
  P99:  39016.04 ms
  (= 1 prefill write + N decode reads per request)

### STORAGE PERFORMANCE ###
  Cache Hit Rate: 85.1%
  Total Read: 1428.19GiB
  Total Write: 387.01GiB
  Read/Write Ratio: 3.69
  Storage KV Read Operations/sec: 25.22
  Storage KV Write Operations/sec: 5.13

### CACHE TIER DISTRIBUTION ###
  GPU Entries: 0 (0.00GiB)
  CPU Entries: 1 (0.81GiB)
  Storage Entries: 307

### TIER-SPECIFIC KV BYTES ###
  CPU KV Bytes Written: 75.21GiB
  CPU KV Bytes Read: 423.27GiB
  Storage KV Bytes Written: 386.20GiB
  Storage KV Bytes Read: 1079.32GiB

### STORAGE KV BANDWIDTH ###
  CPU KV Read Bandwidth: 7.05GiB/s
  CPU KV Write Bandwidth: 1.25GiB/s
  Storage KV Read Bandwidth: 17.99GiB/s
  Storage KV Write Bandwidth: 6.44GiB/s

### TIER-SPECIFIC LATENCIES (Total = Host + Device) ###
  CPU Read P95 (Total): 276.08 ms
  CPU Write P95 (Total): 461.67 ms
  Storage Read P95 (Total): 4613.27 ms
  Storage Write P95 (Total): 6463.57 ms

### STORAGE TIER LATENCY BREAKDOWN (Device = Disk I/O, Host = Serialization) ###
  Storage Read:
    - Device P95 (Disk I/O): 3315.85 ms
    - Host P95 (Serialization): 1031.66 ms
    - Total P95: 4613.27 ms
  Storage Write:
    - Device P95 (Disk I/O): 10.77 ms
    - Host P95 (Serialization): 6457.35 ms
    - Total P95: 6463.57 ms

### CACHE TYPE BREAKDOWNS ###
  System Prompt Hits: 283
  Common Phrase Hits: 0
  User Cache Hits: 1224
  Multi-turn Hits: 6

### PREFIX CACHING ###
  Prefix Hits: 60
  Prefix Misses: 248
  System Prompt Reuse: 60
  Bytes Saved: 0.12GiB

### MULTI-TURN CONVERSATIONS ###
  Multi-turn Cache Hits: 6
  Multi-turn Cache Misses: 204
  Multi-turn Hit Rate: 2.9%

================================================================================
NOTES:
  - Pure storage I/O benchmark (no generation simulation)
================================================================================
KV Cache Wrapper - End delay for 90 seconds
KV Cache Wrapper - End delay for 90 seconds
KV Cache Wrapper - End delay for 90 seconds
KV Cache Wrapper - End delay for 90 seconds

================================================================================
BENCHMARK RESULTS - MLPerf KV Cache Storage Benchmark
Generation Mode: none (0.0ms/token)
================================================================================

IMPORTANT: All storage latencies below are measured per KV cache BLOCK,
not per token or per disk page.  Each block holds the full KV state for
one request (all layers, all heads, full sequence length).
  Model KV bytes/token: 327,680 bytes (320.0KiB)
  Entries in cache: 308
  Block size min:   75.6MiB
  Block size mean:  1408.9MiB
  Block size P95:   4584.9MiB
  Block size max:   7017.2MiB
  A 200MiB block at 1GiB/s NVMe read = ~200 ms device latency.
  Compare latencies against block sizes, not against 4KiB page I/O.


### OVERALL PERFORMANCE ###
Requests Completed: 302
Total Tokens Generated: 39840
Throughput (wall-clock): 663.99 tokens/sec
Throughput (storage I/O): 22.12 tokens/sec
Requests/sec: 5.03

### END-TO-END LATENCY (Queue Wait + Storage I/O + Generation) ###
  Mean: 104826.41 ms
  P50:  93759.62 ms
  P95:  227846.91 ms
  P99:  234262.72 ms

### PER-REQUEST STORAGE LATENCY (All I/O ops for one request) ###
  Mean: 5964.52 ms
  P50:  1483.81 ms
  P95:  27665.66 ms
  P99:  43168.48 ms
  (= 1 prefill write + N decode reads per request)

### STORAGE PERFORMANCE ###
  Cache Hit Rate: 85.0%
  Total Read: 1684.60GiB
  Total Write: 428.46GiB
  Read/Write Ratio: 3.93
  Storage KV Read Operations/sec: 23.87
  Storage KV Write Operations/sec: 5.15

### CACHE TIER DISTRIBUTION ###
  GPU Entries: 0 (0.00GiB)
  CPU Entries: 1 (0.35GiB)
  Storage Entries: 307

### TIER-SPECIFIC KV BYTES ###
  CPU KV Bytes Written: 73.28GiB
  CPU KV Bytes Read: 372.85GiB
  Storage KV Bytes Written: 423.43GiB
  Storage KV Bytes Read: 1384.68GiB

### STORAGE KV BANDWIDTH ###
  CPU KV Read Bandwidth: 6.21GiB/s
  CPU KV Write Bandwidth: 1.22GiB/s
  Storage KV Read Bandwidth: 23.08GiB/s
  Storage KV Write Bandwidth: 7.06GiB/s

### TIER-SPECIFIC LATENCIES (Total = Host + Device) ###
  CPU Read P95 (Total): 361.86 ms
  CPU Write P95 (Total): 345.00 ms
  Storage Read P95 (Total): 3639.36 ms
  Storage Write P95 (Total): 6983.17 ms

### STORAGE TIER LATENCY BREAKDOWN (Device = Disk I/O, Host = Serialization) ###
  Storage Read:
    - Device P95 (Disk I/O): 2645.06 ms
    - Host P95 (Serialization): 1118.83 ms
    - Total P95: 3639.36 ms
  Storage Write:
    - Device P95 (Disk I/O): 11.96 ms
    - Host P95 (Serialization): 6978.09 ms
    - Total P95: 6983.17 ms

### CACHE TYPE BREAKDOWNS ###
  System Prompt Hits: 224
  Common Phrase Hits: 0
  User Cache Hits: 1201
  Multi-turn Hits: 7

### PREFIX CACHING ###
  Prefix Hits: 56
  Prefix Misses: 253
  System Prompt Reuse: 56
  Bytes Saved: 0.12GiB

### MULTI-TURN CONVERSATIONS ###
  Multi-turn Cache Hits: 7
  Multi-turn Cache Misses: 197
  Multi-turn Hit Rate: 3.4%

================================================================================
NOTES:
  - Pure storage I/O benchmark (no generation simulation)
================================================================================
KV Cache Wrapper - End delay for 90 seconds
KV Cache Wrapper - End delay for 90 seconds

================================================================================
BENCHMARK RESULTS - MLPerf KV Cache Storage Benchmark
Generation Mode: none (0.0ms/token)
================================================================================

IMPORTANT: All storage latencies below are measured per KV cache BLOCK,
not per token or per disk page.  Each block holds the full KV state for
one request (all layers, all heads, full sequence length).
  Model KV bytes/token: 327,680 bytes (320.0KiB)
  Entries in cache: 301
  Block size min:   54.7MiB
  Block size mean:  1451.1MiB
  Block size P95:   5301.6MiB
  Block size max:   7566.2MiB
  A 200MiB block at 1GiB/s NVMe read = ~200 ms device latency.
  Compare latencies against block sizes, not against 4KiB page I/O.


### OVERALL PERFORMANCE ###
Requests Completed: 298
Total Tokens Generated: 41427
Throughput (wall-clock): 690.44 tokens/sec
Throughput (storage I/O): 30.32 tokens/sec
Requests/sec: 4.97

### END-TO-END LATENCY (Queue Wait + Storage I/O + Generation) ###
  Mean: 111558.06 ms
  P50:  108514.39 ms
  P95:  230011.65 ms
  P99:  234987.35 ms

### PER-REQUEST STORAGE LATENCY (All I/O ops for one request) ###
  Mean: 4592.66 ms
  P50:  1104.27 ms
  P95:  19165.95 ms
  P99:  31866.17 ms
  (= 1 prefill write + N decode reads per request)

### STORAGE PERFORMANCE ###
  Cache Hit Rate: 86.7%
  Total Read: 1238.50GiB
  Total Write: 430.87GiB
  Read/Write Ratio: 2.87
  Storage KV Read Operations/sec: 21.72
  Storage KV Write Operations/sec: 5.03

### CACHE TIER DISTRIBUTION ###
  GPU Entries: 0 (0.00GiB)
  CPU Entries: 1 (0.86GiB)
  Storage Entries: 299

### TIER-SPECIFIC KV BYTES ###
  CPU KV Bytes Written: 68.79GiB
  CPU KV Bytes Read: 377.44GiB
  Storage KV Bytes Written: 418.30GiB
  Storage KV Bytes Read: 928.98GiB

### STORAGE KV BANDWIDTH ###
  CPU KV Read Bandwidth: 6.29GiB/s
  CPU KV Write Bandwidth: 1.15GiB/s
  Storage KV Read Bandwidth: 15.48GiB/s
  Storage KV Write Bandwidth: 6.97GiB/s

### TIER-SPECIFIC LATENCIES (Total = Host + Device) ###
  CPU Read P95 (Total): 322.69 ms
  CPU Write P95 (Total): 376.02 ms
  Storage Read P95 (Total): 3801.98 ms
  Storage Write P95 (Total): 8836.69 ms

### STORAGE TIER LATENCY BREAKDOWN (Device = Disk I/O, Host = Serialization) ###
  Storage Read:
    - Device P95 (Disk I/O): 2456.55 ms
    - Host P95 (Serialization): 1188.59 ms
    - Total P95: 3801.98 ms
  Storage Write:
    - Device P95 (Disk I/O): 10.46 ms
    - Host P95 (Serialization): 8828.17 ms
    - Total P95: 8836.69 ms

### CACHE TYPE BREAKDOWNS ###
  System Prompt Hits: 300
  Common Phrase Hits: 0
  User Cache Hits: 999
  Multi-turn Hits: 4

### PREFIX CACHING ###
  Prefix Hits: 59
  Prefix Misses: 243
  System Prompt Reuse: 59
  Bytes Saved: 0.12GiB

### MULTI-TURN CONVERSATIONS ###
  Multi-turn Cache Hits: 4
  Multi-turn Cache Misses: 141
  Multi-turn Hit Rate: 2.8%

================================================================================
NOTES:
  - Pure storage I/O benchmark (no generation simulation)
================================================================================
KV Cache Wrapper - End delay for 90 seconds
KV Cache Wrapper - End delay for 90 seconds
KV Cache Wrapper - End delay for 90 seconds

================================================================================
BENCHMARK RESULTS - MLPerf KV Cache Storage Benchmark
Generation Mode: none (0.0ms/token)
================================================================================

IMPORTANT: All storage latencies below are measured per KV cache BLOCK,
not per token or per disk page.  Each block holds the full KV state for
one request (all layers, all heads, full sequence length).
  Model KV bytes/token: 327,680 bytes (320.0KiB)
  Entries in cache: 312
  Block size min:   48.1MiB
  Block size mean:  1267.7MiB
  Block size P95:   4366.6MiB
  Block size max:   6197.8MiB
  A 200MiB block at 1GiB/s NVMe read = ~200 ms device latency.
  Compare latencies against block sizes, not against 4KiB page I/O.


### OVERALL PERFORMANCE ###
Requests Completed: 297
Total Tokens Generated: 34998
Throughput (wall-clock): 583.29 tokens/sec
Throughput (storage I/O): 18.29 tokens/sec
Requests/sec: 4.95

### END-TO-END LATENCY (Queue Wait + Storage I/O + Generation) ###
  Mean: 100052.04 ms
  P50:  86788.11 ms
  P95:  235545.11 ms
  P99:  239968.18 ms

### PER-REQUEST STORAGE LATENCY (All I/O ops for one request) ###
  Mean: 6441.98 ms
  P50:  1133.79 ms
  P95:  26673.84 ms
  P99:  82269.64 ms
  (= 1 prefill write + N decode reads per request)

### STORAGE PERFORMANCE ###
  Cache Hit Rate: 85.7%
  Total Read: 1434.75GiB
  Total Write: 389.20GiB
  Read/Write Ratio: 3.69
  Storage KV Read Operations/sec: 22.50
  Storage KV Write Operations/sec: 5.22

### CACHE TIER DISTRIBUTION ###
  GPU Entries: 0 (0.00GiB)
  CPU Entries: 2 (0.74GiB)
  Storage Entries: 310

### TIER-SPECIFIC KV BYTES ###
  CPU KV Bytes Written: 80.58GiB
  CPU KV Bytes Read: 392.81GiB
  Storage KV Bytes Written: 384.73GiB
  Storage KV Bytes Read: 1120.99GiB

### STORAGE KV BANDWIDTH ###
  CPU KV Read Bandwidth: 6.55GiB/s
  CPU KV Write Bandwidth: 1.34GiB/s
  Storage KV Read Bandwidth: 18.68GiB/s
  Storage KV Write Bandwidth: 6.41GiB/s

### TIER-SPECIFIC LATENCIES (Total = Host + Device) ###
  CPU Read P95 (Total): 360.62 ms
  CPU Write P95 (Total): 515.19 ms
  Storage Read P95 (Total): 17508.90 ms
  Storage Write P95 (Total): 6486.36 ms

### STORAGE TIER LATENCY BREAKDOWN (Device = Disk I/O, Host = Serialization) ###
  Storage Read:
    - Device P95 (Disk I/O): 17004.08 ms
    - Host P95 (Serialization): 1242.10 ms
    - Total P95: 17508.90 ms
  Storage Write:
    - Device P95 (Disk I/O): 18.33 ms
    - Host P95 (Serialization): 6483.75 ms
    - Total P95: 6486.36 ms

### CACHE TYPE BREAKDOWNS ###
  System Prompt Hits: 347
  Common Phrase Hits: 0
  User Cache Hits: 1001
  Multi-turn Hits: 2

### PREFIX CACHING ###
  Prefix Hits: 73
  Prefix Misses: 240
  System Prompt Reuse: 73
  Bytes Saved: 0.15GiB

### MULTI-TURN CONVERSATIONS ###
  Multi-turn Cache Hits: 2
  Multi-turn Cache Misses: 152
  Multi-turn Hit Rate: 1.3%

================================================================================
NOTES:
  - Pure storage I/O benchmark (no generation simulation)
================================================================================

================================================================================
BENCHMARK RESULTS - MLPerf KV Cache Storage Benchmark
Generation Mode: none (0.0ms/token)
================================================================================

IMPORTANT: All storage latencies below are measured per KV cache BLOCK,
not per token or per disk page.  Each block holds the full KV state for
one request (all layers, all heads, full sequence length).
  Model KV bytes/token: 327,680 bytes (320.0KiB)
  Entries in cache: 304
  Block size min:   66.9MiB
  Block size mean:  1217.2MiB
  Block size P95:   4133.3MiB
  Block size max:   7185.6MiB
  A 200MiB block at 1GiB/s NVMe read = ~200 ms device latency.
  Compare latencies against block sizes, not against 4KiB page I/O.


### OVERALL PERFORMANCE ###
Requests Completed: 281
Total Tokens Generated: 33204
Throughput (wall-clock): 553.35 tokens/sec
Throughput (storage I/O): 20.47 tokens/sec
Requests/sec: 4.68

### END-TO-END LATENCY (Queue Wait + Storage I/O + Generation) ###
  Mean: 97683.04 ms
  P50:  82092.75 ms
  P95:  222435.38 ms
  P99:  233800.97 ms

### PER-REQUEST STORAGE LATENCY (All I/O ops for one request) ###
  Mean: 5773.18 ms
  P50:  868.38 ms
  P95:  32545.46 ms
  P99:  67162.02 ms
  (= 1 prefill write + N decode reads per request)

### STORAGE PERFORMANCE ###
  Cache Hit Rate: 84.9%
  Total Read: 1249.95GiB
  Total Write: 365.89GiB
  Read/Write Ratio: 3.42
  Storage KV Read Operations/sec: 21.65
  Storage KV Write Operations/sec: 5.08

### CACHE TIER DISTRIBUTION ###
  GPU Entries: 0 (0.00GiB)
  CPU Entries: 1 (0.37GiB)
  Storage Entries: 303

### TIER-SPECIFIC KV BYTES ###
  CPU KV Bytes Written: 86.27GiB
  CPU KV Bytes Read: 419.60GiB
  Storage KV Bytes Written: 360.99GiB
  Storage KV Bytes Read: 916.25GiB

### STORAGE KV BANDWIDTH ###
  CPU KV Read Bandwidth: 6.99GiB/s
  CPU KV Write Bandwidth: 1.44GiB/s
  Storage KV Read Bandwidth: 15.27GiB/s
  Storage KV Write Bandwidth: 6.02GiB/s

### TIER-SPECIFIC LATENCIES (Total = Host + Device) ###
  CPU Read P95 (Total): 308.61 ms
  CPU Write P95 (Total): 360.93 ms
  Storage Read P95 (Total): 21161.58 ms
  Storage Write P95 (Total): 6979.82 ms

### STORAGE TIER LATENCY BREAKDOWN (Device = Disk I/O, Host = Serialization) ###
  Storage Read:
    - Device P95 (Disk I/O): 20220.43 ms
    - Host P95 (Serialization): 1773.83 ms
    - Total P95: 21161.58 ms
  Storage Write:
    - Device P95 (Disk I/O): 15.21 ms
    - Host P95 (Serialization): 6976.31 ms
    - Total P95: 6979.82 ms

### CACHE TYPE BREAKDOWNS ###
  System Prompt Hits: 177
  Common Phrase Hits: 0
  User Cache Hits: 1119
  Multi-turn Hits: 3

### PREFIX CACHING ###
  Prefix Hits: 49
  Prefix Misses: 256
  System Prompt Reuse: 49
  Bytes Saved: 0.10GiB

### MULTI-TURN CONVERSATIONS ###
  Multi-turn Cache Hits: 3
  Multi-turn Cache Misses: 182
  Multi-turn Hit Rate: 1.6%

================================================================================
NOTES:
  - Pure storage I/O benchmark (no generation simulation)
================================================================================
KV Cache Wrapper - End delay for 90 seconds
KV Cache Wrapper - End delay for 90 seconds
KV Cache Wrapper - End delay for 90 seconds
KV Cache Wrapper - End delay for 90 seconds

================================================================================
BENCHMARK RESULTS - MLPerf KV Cache Storage Benchmark
Generation Mode: none (0.0ms/token)
================================================================================

IMPORTANT: All storage latencies below are measured per KV cache BLOCK,
not per token or per disk page.  Each block holds the full KV state for
one request (all layers, all heads, full sequence length).
  Model KV bytes/token: 327,680 bytes (320.0KiB)
  Entries in cache: 305
  Block size min:   74.4MiB
  Block size mean:  1293.3MiB
  Block size P95:   4451.9MiB
  Block size max:   7132.5MiB
  A 200MiB block at 1GiB/s NVMe read = ~200 ms device latency.
  Compare latencies against block sizes, not against 4KiB page I/O.


### OVERALL PERFORMANCE ###
Requests Completed: 301
Total Tokens Generated: 33778
Throughput (wall-clock): 562.96 tokens/sec
Throughput (storage I/O): 17.40 tokens/sec
Requests/sec: 5.02

### END-TO-END LATENCY (Queue Wait + Storage I/O + Generation) ###
  Mean: 105467.73 ms
  P50:  92605.09 ms
  P95:  240511.03 ms
  P99:  242676.24 ms

### PER-REQUEST STORAGE LATENCY (All I/O ops for one request) ###
  Mean: 6468.20 ms
  P50:  1251.78 ms
  P95:  28401.72 ms
  P99:  88149.94 ms
  (= 1 prefill write + N decode reads per request)

### STORAGE PERFORMANCE ###
  Cache Hit Rate: 87.2%
  Total Read: 1379.41GiB
  Total Write: 385.22GiB
  Read/Write Ratio: 3.58
  Storage KV Read Operations/sec: 22.15
  Storage KV Write Operations/sec: 5.08

### CACHE TIER DISTRIBUTION ###
  GPU Entries: 0 (0.00GiB)
  CPU Entries: 1 (0.74GiB)
  Storage Entries: 303

### TIER-SPECIFIC KV BYTES ###
  CPU KV Bytes Written: 86.38GiB
  CPU KV Bytes Read: 436.90GiB
  Storage KV Bytes Written: 380.43GiB
  Storage KV Bytes Read: 1028.15GiB

### STORAGE KV BANDWIDTH ###
  CPU KV Read Bandwidth: 7.28GiB/s
  CPU KV Write Bandwidth: 1.44GiB/s
  Storage KV Read Bandwidth: 17.14GiB/s
  Storage KV Write Bandwidth: 6.34GiB/s

### TIER-SPECIFIC LATENCIES (Total = Host + Device) ###
  CPU Read P95 (Total): 357.14 ms
  CPU Write P95 (Total): 665.65 ms
  Storage Read P95 (Total): 9298.42 ms
  Storage Write P95 (Total): 6949.55 ms

### STORAGE TIER LATENCY BREAKDOWN (Device = Disk I/O, Host = Serialization) ###
  Storage Read:
    - Device P95 (Disk I/O): 8538.14 ms
    - Host P95 (Serialization): 1250.61 ms
    - Total P95: 9298.42 ms
  Storage Write:
    - Device P95 (Disk I/O): 19.19 ms
    - Host P95 (Serialization): 6946.61 ms
    - Total P95: 6949.55 ms

### CACHE TYPE BREAKDOWNS ###
  System Prompt Hits: 297
  Common Phrase Hits: 0
  User Cache Hits: 1030
  Multi-turn Hits: 2

### PREFIX CACHING ###
  Prefix Hits: 66
  Prefix Misses: 239
  System Prompt Reuse: 66
  Bytes Saved: 0.13GiB

### MULTI-TURN CONVERSATIONS ###
  Multi-turn Cache Hits: 2
  Multi-turn Cache Misses: 129
  Multi-turn Hit Rate: 1.5%

================================================================================
NOTES:
  - Pure storage I/O benchmark (no generation simulation)
================================================================================

================================================================================
BENCHMARK RESULTS - MLPerf KV Cache Storage Benchmark
Generation Mode: none (0.0ms/token)
================================================================================

IMPORTANT: All storage latencies below are measured per KV cache BLOCK,
not per token or per disk page.  Each block holds the full KV state for
one request (all layers, all heads, full sequence length).
  Model KV bytes/token: 327,680 bytes (320.0KiB)
  Entries in cache: 309
  Block size min:   62.5MiB
  Block size mean:  1577.4MiB
  Block size P95:   4543.3MiB
  Block size max:   6944.4MiB
  A 200MiB block at 1GiB/s NVMe read = ~200 ms device latency.
  Compare latencies against block sizes, not against 4KiB page I/O.


### OVERALL PERFORMANCE ###
Requests Completed: 306
Total Tokens Generated: 51038
Throughput (wall-clock): 850.56 tokens/sec
Throughput (storage I/O): 24.45 tokens/sec
Requests/sec: 5.10

### END-TO-END LATENCY (Queue Wait + Storage I/O + Generation) ###
  Mean: 109831.32 ms
  P50:  95108.98 ms
  P95:  235787.19 ms
  P99:  239993.47 ms

### PER-REQUEST STORAGE LATENCY (All I/O ops for one request) ###
  Mean: 6820.54 ms
  P50:  1779.94 ms
  P95:  28613.78 ms
  P99:  52232.47 ms
  (= 1 prefill write + N decode reads per request)

### STORAGE PERFORMANCE ###
  Cache Hit Rate: 86.6%
  Total Read: 2054.20GiB
  Total Write: 476.01GiB
  Read/Write Ratio: 4.32
  Storage KV Read Operations/sec: 27.93
  Storage KV Write Operations/sec: 5.15

### CACHE TIER DISTRIBUTION ###
  GPU Entries: 0 (0.00GiB)
  CPU Entries: 1 (0.32GiB)
  Storage Entries: 308

### TIER-SPECIFIC KV BYTES ###
  CPU KV Bytes Written: 67.64GiB
  CPU KV Bytes Read: 414.00GiB
  Storage KV Bytes Written: 475.69GiB
  Storage KV Bytes Read: 1707.53GiB

### STORAGE KV BANDWIDTH ###
  CPU KV Read Bandwidth: 6.90GiB/s
  CPU KV Write Bandwidth: 1.13GiB/s
  Storage KV Read Bandwidth: 28.46GiB/s
  Storage KV Write Bandwidth: 7.93GiB/s

### TIER-SPECIFIC LATENCIES (Total = Host + Device) ###
  CPU Read P95 (Total): 283.87 ms
  CPU Write P95 (Total): 342.87 ms
  Storage Read P95 (Total): 4541.08 ms
  Storage Write P95 (Total): 6529.78 ms

### STORAGE TIER LATENCY BREAKDOWN (Device = Disk I/O, Host = Serialization) ###
  Storage Read:
    - Device P95 (Disk I/O): 3188.90 ms
    - Host P95 (Serialization): 939.24 ms
    - Total P95: 4541.08 ms
  Storage Write:
    - Device P95 (Disk I/O): 13.45 ms
    - Host P95 (Serialization): 6526.78 ms
    - Total P95: 6529.78 ms

### CACHE TYPE BREAKDOWNS ###
  System Prompt Hits: 307
  Common Phrase Hits: 0
  User Cache Hits: 1363
  Multi-turn Hits: 6

### PREFIX CACHING ###
  Prefix Hits: 62
  Prefix Misses: 247
  System Prompt Reuse: 62
  Bytes Saved: 0.13GiB

### MULTI-TURN CONVERSATIONS ###
  Multi-turn Cache Hits: 6
  Multi-turn Cache Misses: 197
  Multi-turn Hit Rate: 3.0%

================================================================================
NOTES:
  - Pure storage I/O benchmark (no generation simulation)
================================================================================

================================================================================
BENCHMARK RESULTS - MLPerf KV Cache Storage Benchmark
Generation Mode: none (0.0ms/token)
================================================================================

IMPORTANT: All storage latencies below are measured per KV cache BLOCK,
not per token or per disk page.  Each block holds the full KV state for
one request (all layers, all heads, full sequence length).
  Model KV bytes/token: 327,680 bytes (320.0KiB)
  Entries in cache: 291
  Block size min:   80.0MiB
  Block size mean:  1469.9MiB
  Block size P95:   4567.5MiB
  Block size max:   7098.8MiB
  A 200MiB block at 1GiB/s NVMe read = ~200 ms device latency.
  Compare latencies against block sizes, not against 4KiB page I/O.


### OVERALL PERFORMANCE ###
Requests Completed: 278
Total Tokens Generated: 39420
Throughput (wall-clock): 656.99 tokens/sec
Throughput (storage I/O): 16.71 tokens/sec
Requests/sec: 4.63

### END-TO-END LATENCY (Queue Wait + Storage I/O + Generation) ###
  Mean: 109798.40 ms
  P50:  100842.38 ms
  P95:  242735.60 ms
  P99:  245843.32 ms

### PER-REQUEST STORAGE LATENCY (All I/O ops for one request) ###
  Mean: 8486.59 ms
  P50:  2079.95 ms
  P95:  44617.21 ms
  P99:  83354.43 ms
  (= 1 prefill write + N decode reads per request)

### STORAGE PERFORMANCE ###
  Cache Hit Rate: 86.1%
  Total Read: 1548.87GiB
  Total Write: 421.16GiB
  Read/Write Ratio: 3.68
  Storage KV Read Operations/sec: 23.02
  Storage KV Write Operations/sec: 4.87

### CACHE TIER DISTRIBUTION ###
  GPU Entries: 0 (0.00GiB)
  CPU Entries: 5 (0.74GiB)
  Storage Entries: 286

### TIER-SPECIFIC KV BYTES ###
  CPU KV Bytes Written: 62.36GiB
  CPU KV Bytes Read: 351.89GiB
  Storage KV Bytes Written: 416.29GiB
  Storage KV Bytes Read: 1257.92GiB

### STORAGE KV BANDWIDTH ###
  CPU KV Read Bandwidth: 5.86GiB/s
  CPU KV Write Bandwidth: 1.04GiB/s
  Storage KV Read Bandwidth: 20.96GiB/s
  Storage KV Write Bandwidth: 6.94GiB/s

### TIER-SPECIFIC LATENCIES (Total = Host + Device) ###
  CPU Read P95 (Total): 333.58 ms
  CPU Write P95 (Total): 611.87 ms
  Storage Read P95 (Total): 11699.75 ms
  Storage Write P95 (Total): 7397.36 ms

### STORAGE TIER LATENCY BREAKDOWN (Device = Disk I/O, Host = Serialization) ###
  Storage Read:
    - Device P95 (Disk I/O): 11578.94 ms
    - Host P95 (Serialization): 1240.77 ms
    - Total P95: 11699.75 ms
  Storage Write:
    - Device P95 (Disk I/O): 11.58 ms
    - Host P95 (Serialization): 7392.84 ms
    - Total P95: 7397.36 ms

### CACHE TYPE BREAKDOWNS ###
  System Prompt Hits: 228
  Common Phrase Hits: 0
  User Cache Hits: 1147
  Multi-turn Hits: 6

### PREFIX CACHING ###
  Prefix Hits: 51
  Prefix Misses: 241
  System Prompt Reuse: 51
  Bytes Saved: 0.11GiB

### MULTI-TURN CONVERSATIONS ###
  Multi-turn Cache Hits: 6
  Multi-turn Cache Misses: 172
  Multi-turn Hit Rate: 3.4%

================================================================================
NOTES:
  - Pure storage I/O benchmark (no generation simulation)
================================================================================
KV Cache Wrapper - End delay for 90 seconds
KV Cache Wrapper - End delay for 90 seconds
KV Cache Wrapper - End delay for 90 seconds
KV Cache Wrapper - End delay for 90 seconds
KV Cache Wrapper - End delay for 90 seconds

================================================================================
BENCHMARK RESULTS - MLPerf KV Cache Storage Benchmark
Generation Mode: none (0.0ms/token)
================================================================================

IMPORTANT: All storage latencies below are measured per KV cache BLOCK,
not per token or per disk page.  Each block holds the full KV state for
one request (all layers, all heads, full sequence length).
  Model KV bytes/token: 327,680 bytes (320.0KiB)
  Entries in cache: 260
  Block size min:   108.4MiB
  Block size mean:  1503.5MiB
  Block size P95:   5232.0MiB
  Block size max:   6773.4MiB
  A 200MiB block at 1GiB/s NVMe read = ~200 ms device latency.
  Compare latencies against block sizes, not against 4KiB page I/O.


### OVERALL PERFORMANCE ###
Requests Completed: 243
Total Tokens Generated: 31493
Throughput (wall-clock): 524.87 tokens/sec
Throughput (storage I/O): 21.38 tokens/sec
Requests/sec: 4.05

### END-TO-END LATENCY (Queue Wait + Storage I/O + Generation) ###
  Mean: 98193.65 ms
  P50:  85245.56 ms
  P95:  247254.90 ms
  P99:  255445.78 ms

### PER-REQUEST STORAGE LATENCY (All I/O ops for one request) ###
  Mean: 6061.43 ms
  P50:  1246.44 ms
  P95:  21444.64 ms
  P99:  92500.17 ms
  (= 1 prefill write + N decode reads per request)

### STORAGE PERFORMANCE ###
  Cache Hit Rate: 82.5%
  Total Read: 1130.68GiB
  Total Write: 384.49GiB
  Read/Write Ratio: 2.94
  Storage KV Read Operations/sec: 18.28
  Storage KV Write Operations/sec: 4.37

### CACHE TIER DISTRIBUTION ###
  GPU Entries: 0 (0.00GiB)
  CPU Entries: 3 (0.20GiB)
  Storage Entries: 257

### TIER-SPECIFIC KV BYTES ###
  CPU KV Bytes Written: 61.97GiB
  CPU KV Bytes Read: 316.16GiB
  Storage KV Bytes Written: 381.10GiB
  Storage KV Bytes Read: 875.84GiB

### STORAGE KV BANDWIDTH ###
  CPU KV Read Bandwidth: 5.27GiB/s
  CPU KV Write Bandwidth: 1.03GiB/s
  Storage KV Read Bandwidth: 14.60GiB/s
  Storage KV Write Bandwidth: 6.35GiB/s

### TIER-SPECIFIC LATENCIES (Total = Host + Device) ###
  CPU Read P95 (Total): 286.54 ms
  CPU Write P95 (Total): 1039.27 ms
  Storage Read P95 (Total): 16420.68 ms
  Storage Write P95 (Total): 8145.79 ms

### STORAGE TIER LATENCY BREAKDOWN (Device = Disk I/O, Host = Serialization) ###
  Storage Read:
    - Device P95 (Disk I/O): 14041.95 ms
    - Host P95 (Serialization): 1703.97 ms
    - Total P95: 16420.68 ms
  Storage Write:
    - Device P95 (Disk I/O): 13.05 ms
    - Host P95 (Serialization): 8141.02 ms
    - Total P95: 8145.79 ms

### CACHE TYPE BREAKDOWNS ###
  System Prompt Hits: 164
  Common Phrase Hits: 0
  User Cache Hits: 931
  Multi-turn Hits: 2

### PREFIX CACHING ###
  Prefix Hits: 48
  Prefix Misses: 245
  System Prompt Reuse: 48
  Bytes Saved: 0.10GiB

### MULTI-TURN CONVERSATIONS ###
  Multi-turn Cache Hits: 2
  Multi-turn Cache Misses: 185
  Multi-turn Hit Rate: 1.1%

================================================================================
NOTES:
  - Pure storage I/O benchmark (no generation simulation)
================================================================================

================================================================================
BENCHMARK RESULTS - MLPerf KV Cache Storage Benchmark
Generation Mode: none (0.0ms/token)
================================================================================

IMPORTANT: All storage latencies below are measured per KV cache BLOCK,
not per token or per disk page.  Each block holds the full KV state for
one request (all layers, all heads, full sequence length).
  Model KV bytes/token: 327,680 bytes (320.0KiB)
  Entries in cache: 270
  Block size min:   70.0MiB
  Block size mean:  1468.1MiB
  Block size P95:   4531.3MiB
  Block size max:   7625.9MiB
  A 200MiB block at 1GiB/s NVMe read = ~200 ms device latency.
  Compare latencies against block sizes, not against 4KiB page I/O.


### OVERALL PERFORMANCE ###
Requests Completed: 251
Total Tokens Generated: 35569
Throughput (wall-clock): 592.80 tokens/sec
Throughput (storage I/O): 21.95 tokens/sec
Requests/sec: 4.18

### END-TO-END LATENCY (Queue Wait + Storage I/O + Generation) ###
  Mean: 100683.67 ms
  P50:  90958.99 ms
  P95:  217495.35 ms
  P99:  246102.31 ms

### PER-REQUEST STORAGE LATENCY (All I/O ops for one request) ###
  Mean: 6454.98 ms
  P50:  1474.84 ms
  P95:  27817.97 ms
  P99:  54385.71 ms
  (= 1 prefill write + N decode reads per request)

### STORAGE PERFORMANCE ###
  Cache Hit Rate: 85.2%
  Total Read: 1393.53GiB
  Total Write: 387.11GiB
  Read/Write Ratio: 3.60
  Storage KV Read Operations/sec: 20.90
  Storage KV Write Operations/sec: 4.50

### CACHE TIER DISTRIBUTION ###
  GPU Entries: 0 (0.00GiB)
  CPU Entries: 3 (0.50GiB)
  Storage Entries: 267

### TIER-SPECIFIC KV BYTES ###
  CPU KV Bytes Written: 58.61GiB
  CPU KV Bytes Read: 301.30GiB
  Storage KV Bytes Written: 385.77GiB
  Storage KV Bytes Read: 1149.50GiB

### STORAGE KV BANDWIDTH ###
  CPU KV Read Bandwidth: 5.02GiB/s
  CPU KV Write Bandwidth: 0.98GiB/s
  Storage KV Read Bandwidth: 19.16GiB/s
  Storage KV Write Bandwidth: 6.43GiB/s

### TIER-SPECIFIC LATENCIES (Total = Host + Device) ###
  CPU Read P95 (Total): 275.43 ms
  CPU Write P95 (Total): 1296.31 ms
  Storage Read P95 (Total): 16511.88 ms
  Storage Write P95 (Total): 8730.15 ms

### STORAGE TIER LATENCY BREAKDOWN (Device = Disk I/O, Host = Serialization) ###
  Storage Read:
    - Device P95 (Disk I/O): 15642.22 ms
    - Host P95 (Serialization): 1204.28 ms
    - Total P95: 16511.88 ms
  Storage Write:
    - Device P95 (Disk I/O): 8.40 ms
    - Host P95 (Serialization): 8726.54 ms
    - Total P95: 8730.15 ms

### CACHE TYPE BREAKDOWNS ###
  System Prompt Hits: 187
  Common Phrase Hits: 0
  User Cache Hits: 1066
  Multi-turn Hits: 1

### PREFIX CACHING ###
  Prefix Hits: 49
  Prefix Misses: 239
  System Prompt Reuse: 49
  Bytes Saved: 0.10GiB

### MULTI-TURN CONVERSATIONS ###
  Multi-turn Cache Hits: 1
  Multi-turn Cache Misses: 168
  Multi-turn Hit Rate: 0.6%

================================================================================
NOTES:
  - Pure storage I/O benchmark (no generation simulation)
================================================================================
KV Cache Wrapper - End delay for 90 seconds

================================================================================
BENCHMARK RESULTS - MLPerf KV Cache Storage Benchmark
Generation Mode: none (0.0ms/token)
================================================================================

IMPORTANT: All storage latencies below are measured per KV cache BLOCK,
not per token or per disk page.  Each block holds the full KV state for
one request (all layers, all heads, full sequence length).
  Model KV bytes/token: 327,680 bytes (320.0KiB)
  Entries in cache: 307
  Block size min:   57.2MiB
  Block size mean:  1399.9MiB
  Block size P95:   4107.0MiB
  Block size max:   7098.1MiB
  A 200MiB block at 1GiB/s NVMe read = ~200 ms device latency.
  Compare latencies against block sizes, not against 4KiB page I/O.


### OVERALL PERFORMANCE ###
Requests Completed: 288
Total Tokens Generated: 42084
Throughput (wall-clock): 701.36 tokens/sec
Throughput (storage I/O): 22.45 tokens/sec
Requests/sec: 4.80

### END-TO-END LATENCY (Queue Wait + Storage I/O + Generation) ###
  Mean: 110879.67 ms
  P50:  99970.69 ms
  P95:  252015.99 ms
  P99:  263689.69 ms

### PER-REQUEST STORAGE LATENCY (All I/O ops for one request) ###
  Mean: 6509.18 ms
  P50:  1450.78 ms
  P95:  24829.33 ms
  P99:  61245.57 ms
  (= 1 prefill write + N decode reads per request)

### STORAGE PERFORMANCE ###
  Cache Hit Rate: 86.1%
  Total Read: 1752.26GiB
  Total Write: 419.69GiB
  Read/Write Ratio: 4.18
  Storage KV Read Operations/sec: 25.15
  Storage KV Write Operations/sec: 5.12

### CACHE TIER DISTRIBUTION ###
  GPU Entries: 0 (0.00GiB)
  CPU Entries: 1 (0.83GiB)
  Storage Entries: 306

### TIER-SPECIFIC KV BYTES ###
  CPU KV Bytes Written: 79.38GiB
  CPU KV Bytes Read: 425.93GiB
  Storage KV Bytes Written: 418.86GiB
  Storage KV Bytes Read: 1404.87GiB

### STORAGE KV BANDWIDTH ###
  CPU KV Read Bandwidth: 7.10GiB/s
  CPU KV Write Bandwidth: 1.32GiB/s
  Storage KV Read Bandwidth: 23.41GiB/s
  Storage KV Write Bandwidth: 6.98GiB/s

### TIER-SPECIFIC LATENCIES (Total = Host + Device) ###
  CPU Read P95 (Total): 290.15 ms
  CPU Write P95 (Total): 392.43 ms
  Storage Read P95 (Total): 14255.15 ms
  Storage Write P95 (Total): 7416.52 ms

### STORAGE TIER LATENCY BREAKDOWN (Device = Disk I/O, Host = Serialization) ###
  Storage Read:
    - Device P95 (Disk I/O): 13859.90 ms
    - Host P95 (Serialization): 981.81 ms
    - Total P95: 14255.15 ms
  Storage Write:
    - Device P95 (Disk I/O): 13.30 ms
    - Host P95 (Serialization): 7413.19 ms
    - Total P95: 7416.52 ms

### CACHE TYPE BREAKDOWNS ###
  System Prompt Hits: 309
  Common Phrase Hits: 0
  User Cache Hits: 1197
  Multi-turn Hits: 3

### PREFIX CACHING ###
  Prefix Hits: 63
  Prefix Misses: 244
  System Prompt Reuse: 63
  Bytes Saved: 0.13GiB

### MULTI-TURN CONVERSATIONS ###
  Multi-turn Cache Hits: 3
  Multi-turn Cache Misses: 180
  Multi-turn Hit Rate: 1.6%

================================================================================
NOTES:
  - Pure storage I/O benchmark (no generation simulation)
================================================================================
KV Cache Wrapper - End delay for 90 seconds
KV Cache Wrapper - End delay for 90 seconds

================================================================================
BENCHMARK RESULTS - MLPerf KV Cache Storage Benchmark
Generation Mode: none (0.0ms/token)
================================================================================

IMPORTANT: All storage latencies below are measured per KV cache BLOCK,
not per token or per disk page.  Each block holds the full KV state for
one request (all layers, all heads, full sequence length).
  Model KV bytes/token: 327,680 bytes (320.0KiB)
  Entries in cache: 308
  Block size min:   59.7MiB
  Block size mean:  1474.6MiB
  Block size P95:   5157.5MiB
  Block size max:   7739.1MiB
  A 200MiB block at 1GiB/s NVMe read = ~200 ms device latency.
  Compare latencies against block sizes, not against 4KiB page I/O.


### OVERALL PERFORMANCE ###
Requests Completed: 294
Total Tokens Generated: 37782
Throughput (wall-clock): 629.67 tokens/sec
Throughput (storage I/O): 16.56 tokens/sec
Requests/sec: 4.90

### END-TO-END LATENCY (Queue Wait + Storage I/O + Generation) ###
  Mean: 114253.06 ms
  P50:  106076.43 ms
  P95:  274738.87 ms
  P99:  281127.66 ms

### PER-REQUEST STORAGE LATENCY (All I/O ops for one request) ###
  Mean: 7751.63 ms
  P50:  1080.76 ms
  P95:  35080.10 ms
  P99:  119399.39 ms
  (= 1 prefill write + N decode reads per request)

### STORAGE PERFORMANCE ###
  Cache Hit Rate: 83.9%
  Total Read: 1592.02GiB
  Total Write: 443.53GiB
  Read/Write Ratio: 3.59
  Storage KV Read Operations/sec: 23.92
  Storage KV Write Operations/sec: 5.13

### CACHE TIER DISTRIBUTION ###
  GPU Entries: 0 (0.00GiB)
  CPU Entries: 1 (0.37GiB)
  Storage Entries: 307

### TIER-SPECIFIC KV BYTES ###
  CPU KV Bytes Written: 76.11GiB
  CPU KV Bytes Read: 403.84GiB
  Storage KV Bytes Written: 443.15GiB
  Storage KV Bytes Read: 1263.92GiB

### STORAGE KV BANDWIDTH ###
  CPU KV Read Bandwidth: 6.73GiB/s
  CPU KV Write Bandwidth: 1.27GiB/s
  Storage KV Read Bandwidth: 21.06GiB/s
  Storage KV Write Bandwidth: 7.39GiB/s

### TIER-SPECIFIC LATENCIES (Total = Host + Device) ###
  CPU Read P95 (Total): 245.73 ms
  CPU Write P95 (Total): 534.29 ms
  Storage Read P95 (Total): 18381.48 ms
  Storage Write P95 (Total): 9123.81 ms

### STORAGE TIER LATENCY BREAKDOWN (Device = Disk I/O, Host = Serialization) ###
  Storage Read:
    - Device P95 (Disk I/O): 17029.78 ms
    - Host P95 (Serialization): 2402.67 ms
    - Total P95: 18381.48 ms
  Storage Write:
    - Device P95 (Disk I/O): 11.53 ms
    - Host P95 (Serialization): 9107.16 ms
    - Total P95: 9123.81 ms

### CACHE TYPE BREAKDOWNS ###
  System Prompt Hits: 346
  Common Phrase Hits: 0
  User Cache Hits: 1083
  Multi-turn Hits: 6

### PREFIX CACHING ###
  Prefix Hits: 71
  Prefix Misses: 237
  System Prompt Reuse: 71
  Bytes Saved: 0.15GiB

### MULTI-TURN CONVERSATIONS ###
  Multi-turn Cache Hits: 6
  Multi-turn Cache Misses: 204
  Multi-turn Hit Rate: 2.9%

================================================================================
NOTES:
  - Pure storage I/O benchmark (no generation simulation)
================================================================================
KV Cache Wrapper - End delay for 90 seconds
KV Cache Wrapper - End delay for 90 seconds

================================================================================
BENCHMARK RESULTS - MLPerf KV Cache Storage Benchmark
Generation Mode: none (0.0ms/token)
================================================================================

IMPORTANT: All storage latencies below are measured per KV cache BLOCK,
not per token or per disk page.  Each block holds the full KV state for
one request (all layers, all heads, full sequence length).
  Model KV bytes/token: 327,680 bytes (320.0KiB)
  Entries in cache: 311
  Block size min:   57.5MiB
  Block size mean:  1347.5MiB
  Block size P95:   5393.0MiB
  Block size max:   7134.7MiB
  A 200MiB block at 1GiB/s NVMe read = ~200 ms device latency.
  Compare latencies against block sizes, not against 4KiB page I/O.


### OVERALL PERFORMANCE ###
Requests Completed: 310
Total Tokens Generated: 40185
Throughput (wall-clock): 669.74 tokens/sec
Throughput (storage I/O): 15.86 tokens/sec
Requests/sec: 5.17

### END-TO-END LATENCY (Queue Wait + Storage I/O + Generation) ###
  Mean: 120816.22 ms
  P50:  96789.03 ms
  P95:  286234.17 ms
  P99:  290101.10 ms

### PER-REQUEST STORAGE LATENCY (All I/O ops for one request) ###
  Mean: 8172.11 ms
  P50:  1032.72 ms
  P95:  32989.97 ms
  P99:  135786.10 ms
  (= 1 prefill write + N decode reads per request)

### STORAGE PERFORMANCE ###
  Cache Hit Rate: 86.2%
  Total Read: 1381.78GiB
  Total Write: 409.24GiB
  Read/Write Ratio: 3.38
  Storage KV Read Operations/sec: 23.38
  Storage KV Write Operations/sec: 5.18

### CACHE TIER DISTRIBUTION ###
  GPU Entries: 0 (0.00GiB)
  CPU Entries: 1 (0.18GiB)
  Storage Entries: 310

### TIER-SPECIFIC KV BYTES ###
  CPU KV Bytes Written: 79.36GiB
  CPU KV Bytes Read: 413.88GiB
  Storage KV Bytes Written: 409.06GiB
  Storage KV Bytes Read: 1047.08GiB

### STORAGE KV BANDWIDTH ###
  CPU KV Read Bandwidth: 6.90GiB/s
  CPU KV Write Bandwidth: 1.32GiB/s
  Storage KV Read Bandwidth: 17.45GiB/s
  Storage KV Write Bandwidth: 6.82GiB/s

### TIER-SPECIFIC LATENCIES (Total = Host + Device) ###
  CPU Read P95 (Total): 260.17 ms
  CPU Write P95 (Total): 739.08 ms
  Storage Read P95 (Total): 16089.12 ms
  Storage Write P95 (Total): 10266.26 ms

### STORAGE TIER LATENCY BREAKDOWN (Device = Disk I/O, Host = Serialization) ###
  Storage Read:
    - Device P95 (Disk I/O): 13936.35 ms
    - Host P95 (Serialization): 1798.32 ms
    - Total P95: 16089.12 ms
  Storage Write:
    - Device P95 (Disk I/O): 16.68 ms
    - Host P95 (Serialization): 10262.18 ms
    - Total P95: 10266.26 ms

### CACHE TYPE BREAKDOWNS ###
  System Prompt Hits: 257
  Common Phrase Hits: 0
  User Cache Hits: 1139
  Multi-turn Hits: 7

### PREFIX CACHING ###
  Prefix Hits: 58
  Prefix Misses: 253
  System Prompt Reuse: 58
  Bytes Saved: 0.13GiB

### MULTI-TURN CONVERSATIONS ###
  Multi-turn Cache Hits: 7
  Multi-turn Cache Misses: 166
  Multi-turn Hit Rate: 4.0%

================================================================================
NOTES:
  - Pure storage I/O benchmark (no generation simulation)
================================================================================
KV Cache Wrapper - Finished benchmark pass
KV Cache Wrapper - Finished benchmark pass
KV Cache Wrapper - End delay for 90 seconds
KV Cache Wrapper - Finished benchmark pass
KV Cache Wrapper - Finished benchmark pass
KV Cache Wrapper - Finished benchmark pass
KV Cache Wrapper - Finished benchmark pass
KV Cache Wrapper - Finished benchmark pass
KV Cache Wrapper - Finished benchmark pass
KV Cache Wrapper - Finished benchmark pass
KV Cache Wrapper - Finished benchmark pass
KV Cache Wrapper - Finished benchmark pass
KV Cache Wrapper - Finished benchmark pass
KV Cache Wrapper - Finished benchmark pass
KV Cache Wrapper - Finished benchmark pass
KV Cache Wrapper - Finished benchmark pass
KV Cache Wrapper - Finished benchmark pass
KV Cache Wrapper - Finished benchmark pass
KV Cache Wrapper - Finished benchmark pass
KV Cache Wrapper - Finished benchmark pass
KV Cache Wrapper - Finished benchmark pass
KV Cache Wrapper - Finished benchmark pass
KV Cache Wrapper - Finished benchmark pass
KV Cache Wrapper - Finished benchmark pass
KV Cache Wrapper - Finished benchmark pass
KV Cache Wrapper - Finished benchmark pass
KV Cache Wrapper - Finished benchmark pass
KV Cache Wrapper - Finished benchmark pass
KV Cache Wrapper - Finished benchmark pass
KV Cache Wrapper - Finished benchmark pass
KV Cache Wrapper - Finished benchmark pass
KV Cache Wrapper - Finished benchmark pass
KV Cache Wrapper - Finished benchmark pass
KV Cache Wrapper - Finished benchmark pass
KV Cache Wrapper - Finished benchmark pass
KV Cache Wrapper - Finished benchmark pass
KV Cache Wrapper - Finished benchmark pass
KV Cache Wrapper - Finished benchmark pass
KV Cache Wrapper - Finished benchmark pass
KV Cache Wrapper - Finished benchmark pass
KV Cache Wrapper - Finished benchmark pass
KV Cache Wrapper - Finished benchmark pass
KV Cache Wrapper - Finished benchmark pass
KV Cache Wrapper - Finished benchmark pass
KV Cache Wrapper - Finished benchmark pass
KV Cache Wrapper - Finished benchmark pass
KV Cache Wrapper - Finished benchmark pass
KV Cache Wrapper - Finished benchmark pass
KV Cache Wrapper - Finished benchmark pass
